# g1-key	source	seed64	light	light-model	dark	dark-model	winner	reason	max-plies
g1_l-1rQKjBrC9vgqFiWlVLI6LMCKxCOR5hqbqM6sJlAhs	s1_GSO52EHFzQnNM6nrgXDDEb1Ssx-UpOy0c7p4VttKvxo	1unO24	qadv-arbiter-7x7-rust-lambda-v0.1.0	-	qadv-arbiter-7x7-rust-lambda-v0.1.0	-	L	P	196
g1_l-1rQKjBrC9vgqFiWlVLI6LMCKxCOR5hqbqM6sJlAhs	s1_P3rNxgZGEWCQNkk0gUg0K6zvdiJQtKgj1Kal-Hy92-U	1unO24	qadv-arbiter-7x7-rust-lambda-v0.1.0	-	qadv-arbiter-7x7-rust-lambda-v0.1.0	-	L	P	196
g1_l-1rQKjBrC9vgqFiWlVLI6LMCKxCOR5hqbqM6sJlAhs	s1_RauLaTi4eVgYHSp2TV9pqs9uzTVv0B10g9TaHMWpcZ4	1unO24	qadv-arbiter-7x7-rust-lambda-v0.1.0	-	qadv-arbiter-7x7-rust-lambda-v0.1.0	-	L	P	-
g1_l-1rQKjBrC9vgqFiWlVLI6LMCKxCOR5hqbqM6sJlAhs	s1_bBr2PD22mKnEWj1HPHhbRpFIm0qAkheBh_3wEwH-ElI	1unO24	qadv-arbiter-7x7-rust-lambda-v0.1.0	-	qadv-arbiter-7x7-rust-lambda-v0.1.0	-	L	P	196
g1_l-4HykObb-PxnhVSULHGzpACoxqn5BfMN_-W_cl1bis	s1_LFBfFEk1c64eSofVI4deXm6yC7JriE9n5ty3aG5HOno	1unNrv	qadv-arbiter-7x7-rust-lambda-v0.1.0	-	qadv-arbiter-7x7-rust-lambda-v0.1.0	-	L	P	196
g1_l-4HykObb-PxnhVSULHGzpACoxqn5BfMN_-W_cl1bis	s1_RF1E1a4z8xYKn5xBRweYBfCQcflvto_VHGvzm4_9yiw	1unNrv	qadv-arbiter-7x7-rust-lambda-v0.1.0	-	qadv-arbiter-7x7-rust-lambda-v0.1.0	-	L	P	196
g1_l-4HykObb-PxnhVSULHGzpACoxqn5BfMN_-W_cl1bis	s1_RauLaTi4eVgYHSp2TV9pqs9uzTVv0B10g9TaHMWpcZ4	1unNrv	qadv-arbiter-7x7-rust-lambda-v0.1.0	-	qadv-arbiter-7x7-rust-lambda-v0.1.0	-	L	P	-
g1_l-4HykObb-PxnhVSULHGzpACoxqn5BfMN_-W_cl1bis	s1_h6g_L1fnPop7a9UOkBV9nGcPWyX4BG7gNNatnMIUOtY	1unNrv	qadv-arbiter-7x7-rust-lambda-v0.1.0	-	qadv-arbiter-7x7-rust-lambda-v0.1.0	-	L	P	196
g1_l-DKn2cp4HRISokaLm0pq15BSOBcSDV4veDsF4iQfa0	s1_6r-U2wIqaiFQSzJHHIaGl9KPxRFlVY27C1nV9jbm_v4	1unMsv	qadv-arbiter-7x7-rust-lambda-v0.1.0	-	qadv-arbiter-7x7-rust-lambda-v0.1.0	-	D	P	196
g1_l-DKn2cp4HRISokaLm0pq15BSOBcSDV4veDsF4iQfa0	s1_RauLaTi4eVgYHSp2TV9pqs9uzTVv0B10g9TaHMWpcZ4	1unMsv	qadv-arbiter-7x7-rust-lambda-v0.1.0	-	qadv-arbiter-7x7-rust-lambda-v0.1.0	-	D	P	-
g1_l-DKn2cp4HRISokaLm0pq15BSOBcSDV4veDsF4iQfa0	s1_UnltM2YEOHO_hkSQSvPRHULh_MthsVrBENmrmmO_eTQ	1unMsv	qadv-arbiter-7x7-rust-lambda-v0.1.0	-	qadv-arbiter-7x7-rust-lambda-v0.1.0	-	D	P	196
g1_l-DKn2cp4HRISokaLm0pq15BSOBcSDV4veDsF4iQfa0	s1_cXVH7VUAWvCSwjz3jX3m6uWcOHHXUxlOm7P63xZj71g	1unMsv	qadv-arbiter-7x7-rust-lambda-v0.1.0	-	qadv-arbiter-7x7-rust-lambda-v0.1.0	-	D	P	196
g1_l-Fux9Z8-MW1cs9uDpA7-fczank9kh11JhSskkNitPI	s1_CkH2MH_HgQmTjf3d4e7uyLt2hzwnd8HCdel5eXz8KZ8	1unPFa	qadv-arbiter-7x7-rust-lambda-v0.1.0	-	qadv-arbiter-7x7-rust-lambda-v0.1.0	-	L	P	196
g1_l-Fux9Z8-MW1cs9uDpA7-fczank9kh11JhSskkNitPI	s1_RauLaTi4eVgYHSp2TV9pqs9uzTVv0B10g9TaHMWpcZ4	1unPFa	qadv-arbiter-7x7-rust-lambda-v0.1.0	-	qadv-arbiter-7x7-rust-lambda-v0.1.0	-	L	P	-
g1_l-Fux9Z8-MW1cs9uDpA7-fczank9kh11JhSskkNitPI	s1_SlFrygLXDYUupzPFATZY_d4PYVPCrNH0wJwT1MUl3Oo	1unPFa	qadv-arbiter-7x7-rust-lambda-v0.1.0	-	qadv-arbiter-7x7-rust-lambda-v0.1.0	-	L	P	196
g1_l-Fux9Z8-MW1cs9uDpA7-fczank9kh11JhSskkNitPI	s1_drsihfmAyorCfr4lYF7j4lipMcqP4OV40VpEBd8Pw7A	1unPFa	qadv-arbiter-7x7-rust-lambda-v0.1.0	-	qadv-arbiter-7x7-rust-lambda-v0.1.0	-	L	P	196
g1_l-NwMOqR_Smc4jcbQZDbMoW4EoMjmwbWsL8q_oHSUH0	s1_flXyOBW6T9LLVDFIvXBGel1MoVNZcUcMFIJnB9yLapU	1umx9q	python-gnn-puct-reval30k-v0.1.0	sha256:6120be86fc469df71473c3de64e5e32f99694cd47d621fa5948f243dc51d3d21	python-gnn-puct-reval30k-v0.1.0	sha256:6120be86fc469df71473c3de64e5e32f99694cd47d621fa5948f243dc51d3d21	D	P	196
g1_l-QWt7B_2RKFz0C0w5pU2QhcYgaWFBthyGj6Ra6SscY	s1_ORohqmv9KLAwgK6enPC-ZmeeGiVs2HKcj6aOpAyXNX8	1unMNw	qadv-arbiter-7x7-rust-lambda-v0.1.0	-	qadv-arbiter-7x7-rust-lambda-v0.1.0	-	L	P	196
g1_l-QWt7B_2RKFz0C0w5pU2QhcYgaWFBthyGj6Ra6SscY	s1_RauLaTi4eVgYHSp2TV9pqs9uzTVv0B10g9TaHMWpcZ4	1unMNw	qadv-arbiter-7x7-rust-lambda-v0.1.0	-	qadv-arbiter-7x7-rust-lambda-v0.1.0	-	L	P	-
g1_l-QWt7B_2RKFz0C0w5pU2QhcYgaWFBthyGj6Ra6SscY	s1_kbeWzbKFe3KEE52VbnI0QJCDYyj48GYVFPi13rQa05g	1unMNw	qadv-arbiter-7x7-rust-lambda-v0.1.0	-	qadv-arbiter-7x7-rust-lambda-v0.1.0	-	L	P	196
g1_l-QWt7B_2RKFz0C0w5pU2QhcYgaWFBthyGj6Ra6SscY	s1_rqTDAX6eDqhU6KZoakimKnpU7XJ4lv0E2qj_2SQAySI	1unMNw	qadv-arbiter-7x7-rust-lambda-v0.1.0	-	qadv-arbiter-7x7-rust-lambda-v0.1.0	-	L	P	196
g1_l-d1dd3rOQTiVo_QDk8_kQJM4xwaA3moG5v1tvb4Cd8	s1_1LB6NAgPOeCp4r8rQw4kUOIXWpEdWysFm5RZjWCQSgc	1umwaV	python-gnn-puct-learner-v0.1.0	sha256:ab0f739cd33d66781faf60e27797c5ccba3c04ba684f8d9e32e9c2754f4e8956	python-gnn-puct-learner-v0.1.0	sha256:ab0f739cd33d66781faf60e27797c5ccba3c04ba684f8d9e32e9c2754f4e8956	L	P	196
g1_l-d1dd3rOQTiVo_QDk8_kQJM4xwaA3moG5v1tvb4Cd8	s1_P4NHYhwuVnEA-dG2X-UVeVotb84A5mwljbYTlTMqr8w	1umwaV	python-gnn-puct-learner-v0.1.0	sha256:ab0f739cd33d66781faf60e27797c5ccba3c04ba684f8d9e32e9c2754f4e8956	python-gnn-puct-learner-v0.1.0	sha256:ab0f739cd33d66781faf60e27797c5ccba3c04ba684f8d9e32e9c2754f4e8956	L	P	196
g1_l-flpe2_I9AsL15uzativdpBFQpJy9ng4KmVhQTOJpw	s1_HB62EBWyqq8mraNlzk1zXthevD3KJSfXwkDa1ceN7gM	1unMNP	qadv-arbiter-7x7-rust-lambda-v0.1.0	-	qadv-arbiter-7x7-rust-lambda-v0.1.0	-	L	P	196
g1_l-flpe2_I9AsL15uzativdpBFQpJy9ng4KmVhQTOJpw	s1_RauLaTi4eVgYHSp2TV9pqs9uzTVv0B10g9TaHMWpcZ4	1unMNP	qadv-arbiter-7x7-rust-lambda-v0.1.0	-	qadv-arbiter-7x7-rust-lambda-v0.1.0	-	L	P	-
g1_l-flpe2_I9AsL15uzativdpBFQpJy9ng4KmVhQTOJpw	s1_q7xPEP1lEN7JLL5YAKpdFIBK5sc40mCAZ2RK_A21wPw	1unMNP	qadv-arbiter-7x7-rust-lambda-v0.1.0	-	qadv-arbiter-7x7-rust-lambda-v0.1.0	-	L	P	196
g1_l-flpe2_I9AsL15uzativdpBFQpJy9ng4KmVhQTOJpw	s1_toi7AWi9sQMNYy9x0TQGecdheKTkGqyi9P6GIeN7cdY	1unMNP	qadv-arbiter-7x7-rust-lambda-v0.1.0	-	qadv-arbiter-7x7-rust-lambda-v0.1.0	-	L	P	196
g1_l-nDQ0dcRb0ThrU2B8dH7ykEcUdDx8ImD6l5en-gyeo	s1_1av6nXQkq-GSHXfjkVlGHGpAq8F9UbW4JwZmyFA-vww	1DIhV	lunatic-v0.1.0	-	rust-pathfinder-v0.1.0	-	D	P	-
g1_l-nDQ0dcRb0ThrU2B8dH7ykEcUdDx8ImD6l5en-gyeo	s1_9Eroywf7tuDrn-hcfZPjlEa1DSRUykCRn9Z11u8ySIo	1DIhV	lunatic-v0.1.0	-	rust-pathfinder-v0.1.0	-	D	P	-
g1_l-nDQ0dcRb0ThrU2B8dH7ykEcUdDx8ImD6l5en-gyeo	s1_MKrI0a3Qd48rU7oZj28GrlQ3cHhIbUzS5ibiIW9aKy4	1DIhV	lunatic-v0.1.0	-	rust-pathfinder-v0.1.0	-	D	P	-
g1_l-nDQ0dcRb0ThrU2B8dH7ykEcUdDx8ImD6l5en-gyeo	s1_XloMUS0hxYEXf762lcPfaudsLmsH-CsOVZNVVU_obcA	1DIhV	lunatic-v0.1.0	-	rust-pathfinder-v0.1.0	-	D	P	-
g1_l-nDQ0dcRb0ThrU2B8dH7ykEcUdDx8ImD6l5en-gyeo	s1_del54SUFELBov5vQFrhsVexn6D9EhUPDFZpXuqC6eCI	1DIhV	lunatic-v0.1.0	-	rust-pathfinder-v0.1.0	-	D	P	-
g1_l-nDQ0dcRb0ThrU2B8dH7ykEcUdDx8ImD6l5en-gyeo	s1_g5pGkHBMEhzAYvwFY0b24sSc7wC9JfnWApMHHZ_aMPI	1DIhV	lunatic-v0.1.0	-	rust-pathfinder-v0.1.0	-	D	P	-
g1_l-nDQ0dcRb0ThrU2B8dH7ykEcUdDx8ImD6l5en-gyeo	s1_mWPTef6xYbijjPhDIC6QgLRmu2mMSJAokNlIkx3vg54	1DIhV	lunatic-v0.1.0	-	rust-pathfinder-v0.1.0	-	D	P	-
g1_l-q9SeluhALjEMfmqxYgb3jTNHHGtWZ-XokOphrxv_w	s1_-iAnU6rQb3wvVzM8v5f_28bWx6eCtSJrbNJgQo9OrvI	1umvCK	pathfinder-compact-sorter-7x7	sha256:7d34820fd656875b3ac4a0142e8f22179d11b133feb3321d0eb735b2a7abd027	pathfinder-deep-10k-7x7	-	D	P	80
g1_l0-lgRlAIE79shN-P9zOlDwx1_RDIYSxDLb0NFGlCMo	s1__fmnSv6OnZklVvMPUjPdL6drtvfrJptRYX3nxZQO8jI	1umx-7	python-gnn-puct-scout-v0.1.0	sha256:b9f80706cc1f29076ee06fe06483697c749148a808c599579045d00a52573938	python-gnn-puct-scout-v0.1.0	sha256:b9f80706cc1f29076ee06fe06483697c749148a808c599579045d00a52573938	L	P	196
g1_l051hTaqeC6_wU3ro_SbclhaN5B5n8GLKeqzHmY9ebA	s1_1LB6NAgPOeCp4r8rQw4kUOIXWpEdWysFm5RZjWCQSgc	1umwRn	python-gnn-puct-learner-v0.1.0	sha256:ab0f739cd33d66781faf60e27797c5ccba3c04ba684f8d9e32e9c2754f4e8956	python-gnn-puct-learner-v0.1.0	sha256:ab0f739cd33d66781faf60e27797c5ccba3c04ba684f8d9e32e9c2754f4e8956	D	P	196
g1_l051hTaqeC6_wU3ro_SbclhaN5B5n8GLKeqzHmY9ebA	s1_P4NHYhwuVnEA-dG2X-UVeVotb84A5mwljbYTlTMqr8w	1umwRn	python-gnn-puct-learner-v0.1.0	sha256:ab0f739cd33d66781faf60e27797c5ccba3c04ba684f8d9e32e9c2754f4e8956	python-gnn-puct-learner-v0.1.0	sha256:ab0f739cd33d66781faf60e27797c5ccba3c04ba684f8d9e32e9c2754f4e8956	D	P	196
g1_l06XS9M7NmZHJ-GTBt2az88oYSa8zyd7_3rnQZ5KFAc	s1_O3cuwuia8XT9TI7Nxr3tRcajOA20XFHEIT2fYX3WizY	1un58z	surveyor-v0.2.0	-	qadv-arbiter-guided-7x7-v0.2.0	sha256:9c0e5e530df7db77a98f6a2e75fe63a6f629c6ad6563e0b5454793ebc243b14d	L	P	196
g1_l06XS9M7NmZHJ-GTBt2az88oYSa8zyd7_3rnQZ5KFAc	s1_ROUz_g0kquKNGB878B9BMwA5nL4cZcvmffEeoUgiR_k	1un58z	surveyor-v0.2.0	-	qadv-arbiter-guided-7x7-v0.2.0	sha256:9c0e5e530df7db77a98f6a2e75fe63a6f629c6ad6563e0b5454793ebc243b14d	L	P	196
g1_l06XS9M7NmZHJ-GTBt2az88oYSa8zyd7_3rnQZ5KFAc	s1_TNJsSJjRaHDJ2Q7UUQmoz_QE1P-V3BTy5CQvqN4z6Bw	1un58z	surveyor-v0.2.0	-	qadv-arbiter-guided-7x7-v0.2.0	sha256:9c0e5e530df7db77a98f6a2e75fe63a6f629c6ad6563e0b5454793ebc243b14d	L	P	196
g1_l096sLTIIeq4iOu4o-EVBxzeU_orXXZ12tpnjbXOcLE	s1_RauLaTi4eVgYHSp2TV9pqs9uzTVv0B10g9TaHMWpcZ4	1unO4w	qadv-arbiter-7x7-rust-lambda-v0.1.0	-	qadv-arbiter-7x7-rust-lambda-v0.1.0	-	D	P	-
g1_l096sLTIIeq4iOu4o-EVBxzeU_orXXZ12tpnjbXOcLE	s1_UVIwKvJQBh2hUqpsm26oCPw0cui5l-DvmXHBJMS1xog	1unO4w	qadv-arbiter-7x7-rust-lambda-v0.1.0	-	qadv-arbiter-7x7-rust-lambda-v0.1.0	-	D	P	196
g1_l096sLTIIeq4iOu4o-EVBxzeU_orXXZ12tpnjbXOcLE	s1_dcCEvz1wAz3XRQ8JY9a3rg2YDiuhPzxQg1cO_tZG34o	1unO4w	qadv-arbiter-7x7-rust-lambda-v0.1.0	-	qadv-arbiter-7x7-rust-lambda-v0.1.0	-	D	P	196
g1_l096sLTIIeq4iOu4o-EVBxzeU_orXXZ12tpnjbXOcLE	s1_muzXNt-MXybt2Rw6yokBXWLcBST5r_uaE1WKeP-UY_k	1unO4w	qadv-arbiter-7x7-rust-lambda-v0.1.0	-	qadv-arbiter-7x7-rust-lambda-v0.1.0	-	D	P	196
g1_l0LRbvlqUcyjP90ctwnWlcQzhabFLQZ5yZ6Oba1F9z4	s1_flXyOBW6T9LLVDFIvXBGel1MoVNZcUcMFIJnB9yLapU	1umx8T	python-gnn-puct-reval30k-v0.1.0	sha256:6120be86fc469df71473c3de64e5e32f99694cd47d621fa5948f243dc51d3d21	python-gnn-puct-reval30k-v0.1.0	sha256:6120be86fc469df71473c3de64e5e32f99694cd47d621fa5948f243dc51d3d21	D	P	196
g1_l0T5FhC9TYnipIaCWY1oB2eJhwIKM4plRPqut4CYxYk	s1_KD7g5RcJ5ozZhwrIWEW-gZUq428WyuUnKPDpk-1jnjc	1unQ4n	qadv-arbiter-7x7-rust-lambda-v0.1.0	-	qadv-arbiter-7x7-rust-lambda-v0.1.0	-	D	P	196
g1_l0T5FhC9TYnipIaCWY1oB2eJhwIKM4plRPqut4CYxYk	s1__k_lVqiGG9d0ADRStYtX4fK5GTCvrl8eMbc3GHHz1Ms	1unQ4n	qadv-arbiter-7x7-rust-lambda-v0.1.0	-	qadv-arbiter-7x7-rust-lambda-v0.1.0	-	D	P	196
g1_l0T5FhC9TYnipIaCWY1oB2eJhwIKM4plRPqut4CYxYk	s1_lwCOlG36jdHCzMEe0-zI0qVgL3tU-9bxfxrL_fUPsZY	1unQ4n	qadv-arbiter-7x7-rust-lambda-v0.1.0	-	qadv-arbiter-7x7-rust-lambda-v0.1.0	-	D	P	196
g1_l0ToFOMpUvUVQ7BPa62WI26m75GdYz-GkeRL_9o3xtQ	s1_7mjUfsvFa6ffNWChJlC1Eory9qHZAGUnbMaOJi8DmqE	1unOoj	qadv-arbiter-7x7-rust-lambda-v0.1.0	-	qadv-arbiter-7x7-rust-lambda-v0.1.0	-	L	P	196
g1_l0ToFOMpUvUVQ7BPa62WI26m75GdYz-GkeRL_9o3xtQ	s1_MxUDw67fDg1R_QMrcKP9BtTK5w_Op9ijuZ2zx6SBiIk	1unOoj	qadv-arbiter-7x7-rust-lambda-v0.1.0	-	qadv-arbiter-7x7-rust-lambda-v0.1.0	-	L	P	196
g1_l0ToFOMpUvUVQ7BPa62WI26m75GdYz-GkeRL_9o3xtQ	s1_RauLaTi4eVgYHSp2TV9pqs9uzTVv0B10g9TaHMWpcZ4	1unOoj	qadv-arbiter-7x7-rust-lambda-v0.1.0	-	qadv-arbiter-7x7-rust-lambda-v0.1.0	-	L	P	-
g1_l0ToFOMpUvUVQ7BPa62WI26m75GdYz-GkeRL_9o3xtQ	s1_ttg7zVQ6yDEGq-qg7Cpn7YK01mKLIYcMAaEBa4pSQss	1unOoj	qadv-arbiter-7x7-rust-lambda-v0.1.0	-	qadv-arbiter-7x7-rust-lambda-v0.1.0	-	L	P	196
g1_l0XR37sic49fMaDDwKxqB3eXL3-69pzkd4Fq7ZXrenw	s1_1av6nXQkq-GSHXfjkVlGHGpAq8F9UbW4JwZmyFA-vww	1umv62	python-gnn-puct-scout-v0.1.0	sha256:b9f80706cc1f29076ee06fe06483697c749148a808c599579045d00a52573938	python-gnn-puct-scout-v0.1.0	sha256:b9f80706cc1f29076ee06fe06483697c749148a808c599579045d00a52573938	L	P	196
g1_l0XR37sic49fMaDDwKxqB3eXL3-69pzkd4Fq7ZXrenw	s1_Brk0hkuJoH-MBjdd53AO5tlWcOgDWV_R0PO74fHGd_0	1umv62	python-gnn-puct-scout-v0.1.0	sha256:b9f80706cc1f29076ee06fe06483697c749148a808c599579045d00a52573938	python-gnn-puct-scout-v0.1.0	sha256:b9f80706cc1f29076ee06fe06483697c749148a808c599579045d00a52573938	L	P	196
g1_l0XR37sic49fMaDDwKxqB3eXL3-69pzkd4Fq7ZXrenw	s1_D_X-fTFZy6xuyGSC5jFyKBW6IP_59Jbomefazf4xu44	1umv62	python-gnn-puct-scout-v0.1.0	sha256:b9f80706cc1f29076ee06fe06483697c749148a808c599579045d00a52573938	python-gnn-puct-scout-v0.1.0	sha256:b9f80706cc1f29076ee06fe06483697c749148a808c599579045d00a52573938	L	P	196
g1_l0oM6I3J3QiRVrT9gdkpVay319VNrMVdpHvF-yFNn84	s1_2b-aVdOSiy1dHEWYsEYLCMYoGFr5w_Se3wPd6imfkbE	1unPVT	qadv-arbiter-7x7-rust-lambda-v0.1.0	-	qadv-arbiter-7x7-rust-lambda-v0.1.0	-	L	P	196
g1_l0oM6I3J3QiRVrT9gdkpVay319VNrMVdpHvF-yFNn84	s1_RauLaTi4eVgYHSp2TV9pqs9uzTVv0B10g9TaHMWpcZ4	1unPVT	qadv-arbiter-7x7-rust-lambda-v0.1.0	-	qadv-arbiter-7x7-rust-lambda-v0.1.0	-	L	P	-
g1_l0oM6I3J3QiRVrT9gdkpVay319VNrMVdpHvF-yFNn84	s1_RiV2TjQAEtLGduzQ4GGMGlKMBiznNWuDkD5tSlAi1mo	1unPVT	qadv-arbiter-7x7-rust-lambda-v0.1.0	-	qadv-arbiter-7x7-rust-lambda-v0.1.0	-	L	P	196
g1_l0oM6I3J3QiRVrT9gdkpVay319VNrMVdpHvF-yFNn84	s1_vU6sxj98p_fwUjJmMLwrRW7_Wzu-WkDFUXkydbmpl1k	1unPVT	qadv-arbiter-7x7-rust-lambda-v0.1.0	-	qadv-arbiter-7x7-rust-lambda-v0.1.0	-	L	P	196
g1_l0oqlnAr5zwEv3WinlgBEUOUVIK_Ow0rBn86vtiv5vs	s1_1av6nXQkq-GSHXfjkVlGHGpAq8F9UbW4JwZmyFA-vww	1umv8o	python-gnn-puct-scout-v0.1.0	sha256:b9f80706cc1f29076ee06fe06483697c749148a808c599579045d00a52573938	python-gnn-puct-scout-v0.1.0	sha256:b9f80706cc1f29076ee06fe06483697c749148a808c599579045d00a52573938	-	M	196
g1_l0oqlnAr5zwEv3WinlgBEUOUVIK_Ow0rBn86vtiv5vs	s1_Brk0hkuJoH-MBjdd53AO5tlWcOgDWV_R0PO74fHGd_0	1umv8o	python-gnn-puct-scout-v0.1.0	sha256:b9f80706cc1f29076ee06fe06483697c749148a808c599579045d00a52573938	python-gnn-puct-scout-v0.1.0	sha256:b9f80706cc1f29076ee06fe06483697c749148a808c599579045d00a52573938	-	M	196
g1_l0oqlnAr5zwEv3WinlgBEUOUVIK_Ow0rBn86vtiv5vs	s1_D_X-fTFZy6xuyGSC5jFyKBW6IP_59Jbomefazf4xu44	1umv8o	python-gnn-puct-scout-v0.1.0	sha256:b9f80706cc1f29076ee06fe06483697c749148a808c599579045d00a52573938	python-gnn-puct-scout-v0.1.0	sha256:b9f80706cc1f29076ee06fe06483697c749148a808c599579045d00a52573938	-	M	196
g1_l0yFdhnsbIuhcEhsbEFMEAU2SHzO_guNkYkpenCyLZ0	s1_RauLaTi4eVgYHSp2TV9pqs9uzTVv0B10g9TaHMWpcZ4	1unOCj	qadv-arbiter-7x7-rust-lambda-v0.1.0	-	qadv-arbiter-7x7-rust-lambda-v0.1.0	-	D	P	-
g1_l0yFdhnsbIuhcEhsbEFMEAU2SHzO_guNkYkpenCyLZ0	s1_f2yf8FSv5_ywy8u7o7n_HTPzbrdqcnGT_1e4Hr6X_5A	1unOCj	qadv-arbiter-7x7-rust-lambda-v0.1.0	-	qadv-arbiter-7x7-rust-lambda-v0.1.0	-	D	P	196
g1_l0yFdhnsbIuhcEhsbEFMEAU2SHzO_guNkYkpenCyLZ0	s1_mGDBXlPDeg8J_kyygOVWGZvWnYj1jh3FoR3VCAEvN2M	1unOCj	qadv-arbiter-7x7-rust-lambda-v0.1.0	-	qadv-arbiter-7x7-rust-lambda-v0.1.0	-	D	P	196
g1_l0yFdhnsbIuhcEhsbEFMEAU2SHzO_guNkYkpenCyLZ0	s1_x6XSMoGHD2MT9lZYBJdn1tJH__JTDiH9RegrbrFkZII	1unOCj	qadv-arbiter-7x7-rust-lambda-v0.1.0	-	qadv-arbiter-7x7-rust-lambda-v0.1.0	-	D	P	196
g1_l1GLZf1_m8GZEw7ZmBwyxLZrWZyJOlU8VOxdpbYsO7c	s1_1av6nXQkq-GSHXfjkVlGHGpAq8F9UbW4JwZmyFA-vww	1umv4i	pathfinder-v0.3.0	-	lunatic-v0.1.0	-	D	P	196
g1_l1GLZf1_m8GZEw7ZmBwyxLZrWZyJOlU8VOxdpbYsO7c	s1_Brk0hkuJoH-MBjdd53AO5tlWcOgDWV_R0PO74fHGd_0	1umv4i	pathfinder-v0.3.0	-	lunatic-v0.1.0	-	D	P	196
g1_l1GLZf1_m8GZEw7ZmBwyxLZrWZyJOlU8VOxdpbYsO7c	s1_QzXKB60HvV5g6-cJIu-NdpeFb1rCgFAJD1cxfdkoMm0	1umv4i	pathfinder-v0.3.0	-	lunatic-v0.1.0	-	D	P	196
g1_l1izFbole5qyHeA40jKxW4aBugexk34w0lvuoYpwJMk	s1_RauLaTi4eVgYHSp2TV9pqs9uzTVv0B10g9TaHMWpcZ4	1unPTX	qadv-arbiter-7x7-rust-lambda-v0.1.0	-	qadv-arbiter-7x7-rust-lambda-v0.1.0	-	D	P	-
g1_l1izFbole5qyHeA40jKxW4aBugexk34w0lvuoYpwJMk	s1_pfmd11CkqcfBXPddq3gP_JN7BVEv68_hCv1kzKNut48	1unPTX	qadv-arbiter-7x7-rust-lambda-v0.1.0	-	qadv-arbiter-7x7-rust-lambda-v0.1.0	-	D	P	196
g1_l1izFbole5qyHeA40jKxW4aBugexk34w0lvuoYpwJMk	s1_rdSJPyUDLJhWFVYpZgRb-jeeAR8baLq_ikbQaQmqpLU	1unPTX	qadv-arbiter-7x7-rust-lambda-v0.1.0	-	qadv-arbiter-7x7-rust-lambda-v0.1.0	-	D	P	196
g1_l1izFbole5qyHeA40jKxW4aBugexk34w0lvuoYpwJMk	s1_wvxjMsncyAfVCjMbDwEXBSqR_jGThKFzDM7H1Awo1cI	1unPTX	qadv-arbiter-7x7-rust-lambda-v0.1.0	-	qadv-arbiter-7x7-rust-lambda-v0.1.0	-	D	P	196
g1_l1lddVh_W4QvYxhaJHv1caDodwvlmpDBfFAHr7ByAcQ	s1_18HLwUdYKg7tg7JSRVtwLqMFvwaaOgHhDPcEPk6Qoys	1unN38	qadv-arbiter-7x7-rust-lambda-v0.1.0	-	qadv-arbiter-7x7-rust-lambda-v0.1.0	-	L	P	196
g1_l1lddVh_W4QvYxhaJHv1caDodwvlmpDBfFAHr7ByAcQ	s1_HJLpO5_GUvRGCC-YwTIGkIM_SGNZslIP6u0BCVEQcSE	1unN38	qadv-arbiter-7x7-rust-lambda-v0.1.0	-	qadv-arbiter-7x7-rust-lambda-v0.1.0	-	L	P	196
g1_l1lddVh_W4QvYxhaJHv1caDodwvlmpDBfFAHr7ByAcQ	s1_RauLaTi4eVgYHSp2TV9pqs9uzTVv0B10g9TaHMWpcZ4	1unN38	qadv-arbiter-7x7-rust-lambda-v0.1.0	-	qadv-arbiter-7x7-rust-lambda-v0.1.0	-	L	P	-
g1_l1lddVh_W4QvYxhaJHv1caDodwvlmpDBfFAHr7ByAcQ	s1_bOPS5dCXj6ripxCNVumgFHcgLZcdMZvkynE5VnuGG6U	1unN38	qadv-arbiter-7x7-rust-lambda-v0.1.0	-	qadv-arbiter-7x7-rust-lambda-v0.1.0	-	L	P	196
g1_l1mP2twHYbzmz97FUOvUz6Nc5cgASafGNx9HTDVOCV8	s1_RauLaTi4eVgYHSp2TV9pqs9uzTVv0B10g9TaHMWpcZ4	1unN9V	qadv-arbiter-7x7-rust-lambda-v0.1.0	-	qadv-arbiter-7x7-rust-lambda-v0.1.0	-	L	P	-
g1_l1mP2twHYbzmz97FUOvUz6Nc5cgASafGNx9HTDVOCV8	s1_Y5drhDFpTVkh-9YhxsFZ6t-JlePYu00EQTGEM7_eF9A	1unN9V	qadv-arbiter-7x7-rust-lambda-v0.1.0	-	qadv-arbiter-7x7-rust-lambda-v0.1.0	-	L	P	196
g1_l1mP2twHYbzmz97FUOvUz6Nc5cgASafGNx9HTDVOCV8	s1_lgBc8yQSRv-c2O4igpIUnkbtYienWD11hntiZ2ye6YU	1unN9V	qadv-arbiter-7x7-rust-lambda-v0.1.0	-	qadv-arbiter-7x7-rust-lambda-v0.1.0	-	L	P	196
g1_l1mP2twHYbzmz97FUOvUz6Nc5cgASafGNx9HTDVOCV8	s1_zrCEBgFS_kSGSMubYyqgBZTEaKpJfQsyZUYhpI2uDvg	1unN9V	qadv-arbiter-7x7-rust-lambda-v0.1.0	-	qadv-arbiter-7x7-rust-lambda-v0.1.0	-	L	P	196
g1_l1p3_Jotz3xfEDX6-_P_d0RmuhVFKXzJixPRsjW60Zo	s1_6PxtazPxkizz7K9QTWPSCIopEV5n0zpHoq3F52yO_6U	1umwiu	python-cnn-puct-v0.1.0	sha256:7845e9b7687beee165dc36b8d21833b7a8b5a83e31b58b49bd05c277ba26e642	python-cnn-puct-v0.1.0	sha256:7845e9b7687beee165dc36b8d21833b7a8b5a83e31b58b49bd05c277ba26e642	L	P	196
g1_l1p3_Jotz3xfEDX6-_P_d0RmuhVFKXzJixPRsjW60Zo	s1_baRgKA_wMXdl0r4AwdkUfhWC04qxd1MvEGXAQaDd4fo	1umwiu	python-cnn-puct-v0.1.0	sha256:7845e9b7687beee165dc36b8d21833b7a8b5a83e31b58b49bd05c277ba26e642	python-cnn-puct-v0.1.0	sha256:7845e9b7687beee165dc36b8d21833b7a8b5a83e31b58b49bd05c277ba26e642	L	P	196
g1_l1r_CcwZuDuTqxrtK4TNbUEFQvjQ4ombBg1ikUzXZIc	s1_AKAyXIxw3StiL0aQhvqZr5DZolTIp8kHOkuT07gfZ8M	1unPoA	qadv-arbiter-7x7-rust-lambda-v0.1.0	-	qadv-arbiter-7x7-rust-lambda-v0.1.0	-	D	P	196
g1_l1r_CcwZuDuTqxrtK4TNbUEFQvjQ4ombBg1ikUzXZIc	s1_H1EwmVGNM0GzBUfmtXFok9hsMkX8VF-uHvNUhqEoDnU	1unPoA	qadv-arbiter-7x7-rust-lambda-v0.1.0	-	qadv-arbiter-7x7-rust-lambda-v0.1.0	-	D	P	196
g1_l1r_CcwZuDuTqxrtK4TNbUEFQvjQ4ombBg1ikUzXZIc	s1_RauLaTi4eVgYHSp2TV9pqs9uzTVv0B10g9TaHMWpcZ4	1unPoA	qadv-arbiter-7x7-rust-lambda-v0.1.0	-	qadv-arbiter-7x7-rust-lambda-v0.1.0	-	D	P	-
g1_l1r_CcwZuDuTqxrtK4TNbUEFQvjQ4ombBg1ikUzXZIc	s1_UDcvbdn1Ead41Fk_C3wRi3nKxOeutjICewkYWVrCBSs	1unPoA	qadv-arbiter-7x7-rust-lambda-v0.1.0	-	qadv-arbiter-7x7-rust-lambda-v0.1.0	-	D	P	196
g1_l1wqp7vjMBm-0JMRMPaZppoclPRhxXjUfnYQkSM7_Zo	s1_09VmA19ErT6z4i7ywPU9ig80dzjfDJD8_YLB7tkCmNI	1unOA2	qadv-arbiter-7x7-rust-lambda-v0.1.0	-	qadv-arbiter-7x7-rust-lambda-v0.1.0	-	L	P	196
g1_l1wqp7vjMBm-0JMRMPaZppoclPRhxXjUfnYQkSM7_Zo	s1_RauLaTi4eVgYHSp2TV9pqs9uzTVv0B10g9TaHMWpcZ4	1unOA2	qadv-arbiter-7x7-rust-lambda-v0.1.0	-	qadv-arbiter-7x7-rust-lambda-v0.1.0	-	L	P	-
g1_l1wqp7vjMBm-0JMRMPaZppoclPRhxXjUfnYQkSM7_Zo	s1_bSMI2YT6tGfq3OiYUq5VsVJsm0vdT1sMlC-8P_ISGbI	1unOA2	qadv-arbiter-7x7-rust-lambda-v0.1.0	-	qadv-arbiter-7x7-rust-lambda-v0.1.0	-	L	P	196
g1_l1wqp7vjMBm-0JMRMPaZppoclPRhxXjUfnYQkSM7_Zo	s1_unkoESwxGHwhOZoViAE7bvtrbYSVdrqHy4y5Y3LXf1c	1unOA2	qadv-arbiter-7x7-rust-lambda-v0.1.0	-	qadv-arbiter-7x7-rust-lambda-v0.1.0	-	L	P	196
g1_l1zrSjKHXy2sqpf-dRlfA_1_XtJhcoV21ZQ7r28OzUI	s1_9ZWSP0HQ8xIL2w8KzTS8TTYvfsDsfKZmNjUeXnHknhA	1unPQt	qadv-arbiter-7x7-rust-lambda-v0.1.0	-	qadv-arbiter-7x7-rust-lambda-v0.1.0	-	L	P	196
g1_l1zrSjKHXy2sqpf-dRlfA_1_XtJhcoV21ZQ7r28OzUI	s1_BAKkHHwxWCHfR1r-KNK4jgDGSAbnA0S8Uog7OAUoDR0	1unPQt	qadv-arbiter-7x7-rust-lambda-v0.1.0	-	qadv-arbiter-7x7-rust-lambda-v0.1.0	-	L	P	196
g1_l1zrSjKHXy2sqpf-dRlfA_1_XtJhcoV21ZQ7r28OzUI	s1_RauLaTi4eVgYHSp2TV9pqs9uzTVv0B10g9TaHMWpcZ4	1unPQt	qadv-arbiter-7x7-rust-lambda-v0.1.0	-	qadv-arbiter-7x7-rust-lambda-v0.1.0	-	L	P	-
g1_l1zrSjKHXy2sqpf-dRlfA_1_XtJhcoV21ZQ7r28OzUI	s1_gMStYXugggijEwv_xc8A2LkDmr51-5b2U5Jz4SRbSBA	1unPQt	qadv-arbiter-7x7-rust-lambda-v0.1.0	-	qadv-arbiter-7x7-rust-lambda-v0.1.0	-	L	P	196
g1_l24gTNnNZhWOOWcT3jBZ0WCQLk-QREgko-d0-ZpmpQ4	s1_6PxtazPxkizz7K9QTWPSCIopEV5n0zpHoq3F52yO_6U	1umwn9	python-cnn-puct-v0.1.0	sha256:7845e9b7687beee165dc36b8d21833b7a8b5a83e31b58b49bd05c277ba26e642	python-cnn-puct-v0.1.0	sha256:7845e9b7687beee165dc36b8d21833b7a8b5a83e31b58b49bd05c277ba26e642	L	P	196
g1_l24gTNnNZhWOOWcT3jBZ0WCQLk-QREgko-d0-ZpmpQ4	s1_baRgKA_wMXdl0r4AwdkUfhWC04qxd1MvEGXAQaDd4fo	1umwn9	python-cnn-puct-v0.1.0	sha256:7845e9b7687beee165dc36b8d21833b7a8b5a83e31b58b49bd05c277ba26e642	python-cnn-puct-v0.1.0	sha256:7845e9b7687beee165dc36b8d21833b7a8b5a83e31b58b49bd05c277ba26e642	L	P	196
g1_l2DBKRnhnG0PVV4WWpzEd8yvRQW0uqm6JawG-DIuJFE	s1_PqT89NWlQO2XEiLmc8NO83R2QY11AIMIqKyq4hLx-ug	1unObr	qadv-arbiter-7x7-rust-lambda-v0.1.0	-	qadv-arbiter-7x7-rust-lambda-v0.1.0	-	D	P	196
g1_l2DBKRnhnG0PVV4WWpzEd8yvRQW0uqm6JawG-DIuJFE	s1_RauLaTi4eVgYHSp2TV9pqs9uzTVv0B10g9TaHMWpcZ4	1unObr	qadv-arbiter-7x7-rust-lambda-v0.1.0	-	qadv-arbiter-7x7-rust-lambda-v0.1.0	-	D	P	-
g1_l2DBKRnhnG0PVV4WWpzEd8yvRQW0uqm6JawG-DIuJFE	s1_zivrak7k2xUsxfv0RtF58nuGygCcnuQOMUDAKoO_GFo	1unObr	qadv-arbiter-7x7-rust-lambda-v0.1.0	-	qadv-arbiter-7x7-rust-lambda-v0.1.0	-	D	P	196
g1_l2DBKRnhnG0PVV4WWpzEd8yvRQW0uqm6JawG-DIuJFE	s1_znBIfcd0zU-sNgI43USv9AYTqLqR4FaHRV7QbYtiZ_U	1unObr	qadv-arbiter-7x7-rust-lambda-v0.1.0	-	qadv-arbiter-7x7-rust-lambda-v0.1.0	-	D	P	196
g1_l2L3EbEPDA9GEYPFX6ikHdBHyWA0fR8ph7A1vZz6WtE	s1_2FtaP75xgRVTNrUvmC0NIesJCNy8IDFJ05WNM4nUnpg	1unQ_4	qadv-arbiter-7x7-v0.1.0	-	lunatic-v0.1.0	-	D	P	196
g1_l2L3EbEPDA9GEYPFX6ikHdBHyWA0fR8ph7A1vZz6WtE	s1_81jnOPG0KC6WWl88_LfugVl-IsJ52eOaMQkHQwGq_MA	1unQ_4	qadv-arbiter-7x7-v0.1.0	-	lunatic-v0.1.0	-	D	P	196
g1_l2L3EbEPDA9GEYPFX6ikHdBHyWA0fR8ph7A1vZz6WtE	s1_RauLaTi4eVgYHSp2TV9pqs9uzTVv0B10g9TaHMWpcZ4	1unQ_4	qadv-arbiter-7x7-v0.1.0	-	lunatic-v0.1.0	-	D	P	-
g1_l2L3EbEPDA9GEYPFX6ikHdBHyWA0fR8ph7A1vZz6WtE	s1_SKeAKc9ck4Qqk8jXLgpthUmP4pWwhLxApGlavCo95Bk	1unQ_4	qadv-arbiter-7x7-v0.1.0	-	lunatic-v0.1.0	-	D	P	196
g1_l2SNHZnYoQuJKrAOybv2zuTI9ocdkXxOjbbeWmMK-Oc	s1_1av6nXQkq-GSHXfjkVlGHGpAq8F9UbW4JwZmyFA-vww	1DIhs	rust-pathfinder-v0.1.0	-	lunatic-v0.1.0	-	L	P	-
g1_l2SNHZnYoQuJKrAOybv2zuTI9ocdkXxOjbbeWmMK-Oc	s1_9Eroywf7tuDrn-hcfZPjlEa1DSRUykCRn9Z11u8ySIo	1DIhs	rust-pathfinder-v0.1.0	-	lunatic-v0.1.0	-	L	P	-
g1_l2SNHZnYoQuJKrAOybv2zuTI9ocdkXxOjbbeWmMK-Oc	s1_MKrI0a3Qd48rU7oZj28GrlQ3cHhIbUzS5ibiIW9aKy4	1DIhs	rust-pathfinder-v0.1.0	-	lunatic-v0.1.0	-	L	P	-
g1_l2SNHZnYoQuJKrAOybv2zuTI9ocdkXxOjbbeWmMK-Oc	s1_XloMUS0hxYEXf762lcPfaudsLmsH-CsOVZNVVU_obcA	1DIhs	rust-pathfinder-v0.1.0	-	lunatic-v0.1.0	-	L	P	-
g1_l2SNHZnYoQuJKrAOybv2zuTI9ocdkXxOjbbeWmMK-Oc	s1_del54SUFELBov5vQFrhsVexn6D9EhUPDFZpXuqC6eCI	1DIhs	rust-pathfinder-v0.1.0	-	lunatic-v0.1.0	-	L	P	-
g1_l2SNHZnYoQuJKrAOybv2zuTI9ocdkXxOjbbeWmMK-Oc	s1_g5pGkHBMEhzAYvwFY0b24sSc7wC9JfnWApMHHZ_aMPI	1DIhs	rust-pathfinder-v0.1.0	-	lunatic-v0.1.0	-	L	P	-
g1_l2SNHZnYoQuJKrAOybv2zuTI9ocdkXxOjbbeWmMK-Oc	s1_mWPTef6xYbijjPhDIC6QgLRmu2mMSJAokNlIkx3vg54	1DIhs	rust-pathfinder-v0.1.0	-	lunatic-v0.1.0	-	L	P	-
g1_l2_pA-xuVlxGJhXgubbFYAVK4Geu0Z4SCyLfE61_ono	s1_8foeFyb0YUyqtZwQL0dtKqKXdJyHVBs0gXmO3n9_EFw	1unM9T	qadv-arbiter-7x7-rust-lambda-v0.1.0	-	qadv-arbiter-7x7-rust-lambda-v0.1.0	-	L	P	196
g1_l2_pA-xuVlxGJhXgubbFYAVK4Geu0Z4SCyLfE61_ono	s1_FgI1_BpH2nKgIdelxXGkOMYR6vokcu51HwhvWu0SgMk	1unM9T	qadv-arbiter-7x7-rust-lambda-v0.1.0	-	qadv-arbiter-7x7-rust-lambda-v0.1.0	-	L	P	196
g1_l2_pA-xuVlxGJhXgubbFYAVK4Geu0Z4SCyLfE61_ono	s1_RauLaTi4eVgYHSp2TV9pqs9uzTVv0B10g9TaHMWpcZ4	1unM9T	qadv-arbiter-7x7-rust-lambda-v0.1.0	-	qadv-arbiter-7x7-rust-lambda-v0.1.0	-	L	P	-
g1_l2_pA-xuVlxGJhXgubbFYAVK4Geu0Z4SCyLfE61_ono	s1_klOSV9iDfiQp-OJRmoUpKo8er68Z_StmitrFF2jIXmA	1unM9T	qadv-arbiter-7x7-rust-lambda-v0.1.0	-	qadv-arbiter-7x7-rust-lambda-v0.1.0	-	L	P	196
g1_l2ccGanMW6erY8BNcQou9OdTbdGnu0AyCPpslcdFUYM	s1__fmnSv6OnZklVvMPUjPdL6drtvfrJptRYX3nxZQO8jI	1umxsY	python-gnn-puct-scout-v0.1.0	sha256:b9f80706cc1f29076ee06fe06483697c749148a808c599579045d00a52573938	python-gnn-puct-scout-v0.1.0	sha256:b9f80706cc1f29076ee06fe06483697c749148a808c599579045d00a52573938	L	P	196
g1_l2eohvjEYQQMUZkVe41tDOwJSkI8Ebn-_adhtdypG5A	s1_1av6nXQkq-GSHXfjkVlGHGpAq8F9UbW4JwZmyFA-vww	1umx08	gnn-scout-7x7	sha256:7d34820fd656875b3ac4a0142e8f22179d11b133feb3321d0eb735b2a7abd027	pathfinder-v0.3.0	-	D	P	196
g1_l2eohvjEYQQMUZkVe41tDOwJSkI8Ebn-_adhtdypG5A	s1_Brk0hkuJoH-MBjdd53AO5tlWcOgDWV_R0PO74fHGd_0	1umx08	gnn-scout-7x7	sha256:7d34820fd656875b3ac4a0142e8f22179d11b133feb3321d0eb735b2a7abd027	pathfinder-v0.3.0	-	D	P	196
g1_l2eohvjEYQQMUZkVe41tDOwJSkI8Ebn-_adhtdypG5A	s1_dcEgf_s_8JfAgzbYFm9Z15BWrFU6bsc6MzE1gZNvlP4	1umx08	gnn-scout-7x7	sha256:7d34820fd656875b3ac4a0142e8f22179d11b133feb3321d0eb735b2a7abd027	pathfinder-v0.3.0	-	D	P	196
g1_l2fv6bH4JNkRfrBAvgPoEvKXjNh1fr3X4LyZECGRQyI	s1_qtlitMa-GGx-0y2heoyNRonYXf1Dq5epTexnVe9Iqtw	1umxkg	python-gnn-puct-learner-v0.1.0	sha256:ab0f739cd33d66781faf60e27797c5ccba3c04ba684f8d9e32e9c2754f4e8956	python-gnn-puct-learner-v0.1.0	sha256:ab0f739cd33d66781faf60e27797c5ccba3c04ba684f8d9e32e9c2754f4e8956	L	P	196
g1_l2p96OhoIiyotw2qUirwepvmv7_BLFwzE2HNKSRX7VY	s1_-1iv2Zy6H-kYREJTFzipSFFYfnCguI3G0CTdcZ6qLD8	1unN54	qadv-arbiter-7x7-rust-lambda-v0.1.0	-	qadv-arbiter-7x7-rust-lambda-v0.1.0	-	L	P	196
g1_l2p96OhoIiyotw2qUirwepvmv7_BLFwzE2HNKSRX7VY	s1_OWr9tEKpUmdJXS31z1bpOBKA2vwFNn6d8zxzt6z4u_w	1unN54	qadv-arbiter-7x7-rust-lambda-v0.1.0	-	qadv-arbiter-7x7-rust-lambda-v0.1.0	-	L	P	196
g1_l2p96OhoIiyotw2qUirwepvmv7_BLFwzE2HNKSRX7VY	s1_RauLaTi4eVgYHSp2TV9pqs9uzTVv0B10g9TaHMWpcZ4	1unN54	qadv-arbiter-7x7-rust-lambda-v0.1.0	-	qadv-arbiter-7x7-rust-lambda-v0.1.0	-	L	P	-
g1_l2p96OhoIiyotw2qUirwepvmv7_BLFwzE2HNKSRX7VY	s1__N0v6WF6f4uzpDNZ8yTdP2zGMwlQMpnpwBL_YT-Mk0E	1unN54	qadv-arbiter-7x7-rust-lambda-v0.1.0	-	qadv-arbiter-7x7-rust-lambda-v0.1.0	-	L	P	196
g1_l30R9uZ1LYzGC6nDFl_K-0ehI3NaxYL3lf9A7amDcDA	s1_RauLaTi4eVgYHSp2TV9pqs9uzTVv0B10g9TaHMWpcZ4	1unOTl	qadv-arbiter-7x7-rust-lambda-v0.1.0	-	qadv-arbiter-7x7-rust-lambda-v0.1.0	-	L	P	-
g1_l30R9uZ1LYzGC6nDFl_K-0ehI3NaxYL3lf9A7amDcDA	s1_VnfATPXvElUwuZe0bZusFPATq7v4N97g5mXeKShLyy4	1unOTl	qadv-arbiter-7x7-rust-lambda-v0.1.0	-	qadv-arbiter-7x7-rust-lambda-v0.1.0	-	L	P	196
g1_l30R9uZ1LYzGC6nDFl_K-0ehI3NaxYL3lf9A7amDcDA	s1_nxyIxOt9IqM2IZYHxOHjJRl7JMhRmIn2jci36P8OeYI	1unOTl	qadv-arbiter-7x7-rust-lambda-v0.1.0	-	qadv-arbiter-7x7-rust-lambda-v0.1.0	-	L	P	196
g1_l30R9uZ1LYzGC6nDFl_K-0ehI3NaxYL3lf9A7amDcDA	s1_xUTJ6bNmSBCCDTNhR_dPS5tUe2cWY8kSmirYctpcrzQ	1unOTl	qadv-arbiter-7x7-rust-lambda-v0.1.0	-	qadv-arbiter-7x7-rust-lambda-v0.1.0	-	L	P	196
g1_l338Hq3FTCQNUgKt4EadglEQPxZdFJo8NF-FhdVE678	s1_RauLaTi4eVgYHSp2TV9pqs9uzTVv0B10g9TaHMWpcZ4	1unP1h	qadv-arbiter-7x7-rust-lambda-v0.1.0	-	qadv-arbiter-7x7-rust-lambda-v0.1.0	-	L	P	-
g1_l338Hq3FTCQNUgKt4EadglEQPxZdFJo8NF-FhdVE678	s1_UvcrV3qRimMCFEC8FS4dlbyCCLejOwsZ1PtkgK2JLZ4	1unP1h	qadv-arbiter-7x7-rust-lambda-v0.1.0	-	qadv-arbiter-7x7-rust-lambda-v0.1.0	-	L	P	196
g1_l338Hq3FTCQNUgKt4EadglEQPxZdFJo8NF-FhdVE678	s1_nG0oilShKGI8BBiD5yoBiHof9u-prwjgJiNkdCNcB2s	1unP1h	qadv-arbiter-7x7-rust-lambda-v0.1.0	-	qadv-arbiter-7x7-rust-lambda-v0.1.0	-	L	P	196
g1_l338Hq3FTCQNUgKt4EadglEQPxZdFJo8NF-FhdVE678	s1_zuH8ZjNf9Rtloeiq1Wbfq3fw9NNF9__eznxncOheRf0	1unP1h	qadv-arbiter-7x7-rust-lambda-v0.1.0	-	qadv-arbiter-7x7-rust-lambda-v0.1.0	-	L	P	196
g1_l3KFZz9SDCNllrxZ-lQuh7DhpFf6mH6YATiHndtEIeM	s1_HvA_YEx1syPdbNX1OEWirUzepoVFjShDqhNZDgyjSyA	1unMMB	qadv-arbiter-7x7-rust-lambda-v0.1.0	-	qadv-arbiter-7x7-rust-lambda-v0.1.0	-	D	P	196
g1_l3KFZz9SDCNllrxZ-lQuh7DhpFf6mH6YATiHndtEIeM	s1_RauLaTi4eVgYHSp2TV9pqs9uzTVv0B10g9TaHMWpcZ4	1unMMB	qadv-arbiter-7x7-rust-lambda-v0.1.0	-	qadv-arbiter-7x7-rust-lambda-v0.1.0	-	D	P	-
g1_l3KFZz9SDCNllrxZ-lQuh7DhpFf6mH6YATiHndtEIeM	s1_qRN0m4GKlYfewl-GcVHGyMzbkvl3OospWhIPtXXV004	1unMMB	qadv-arbiter-7x7-rust-lambda-v0.1.0	-	qadv-arbiter-7x7-rust-lambda-v0.1.0	-	D	P	196
g1_l3KFZz9SDCNllrxZ-lQuh7DhpFf6mH6YATiHndtEIeM	s1_whGhmsXuoNeYkmmv22qVLJBPQ1_LBu6X-jIg6Shzdrs	1unMMB	qadv-arbiter-7x7-rust-lambda-v0.1.0	-	qadv-arbiter-7x7-rust-lambda-v0.1.0	-	D	P	196
g1_l3SbdHglIEz73HaQMOqgmD0FAiXDmVvzNNjTMZz0B8U	s1_NQCuvcQ65hCeQNMQnbVPuVXbtGU6ysGDda150GEqlFo	1unNdg	qadv-arbiter-7x7-rust-lambda-v0.1.0	-	qadv-arbiter-7x7-rust-lambda-v0.1.0	-	L	P	196
g1_l3SbdHglIEz73HaQMOqgmD0FAiXDmVvzNNjTMZz0B8U	s1_RauLaTi4eVgYHSp2TV9pqs9uzTVv0B10g9TaHMWpcZ4	1unNdg	qadv-arbiter-7x7-rust-lambda-v0.1.0	-	qadv-arbiter-7x7-rust-lambda-v0.1.0	-	L	P	-
g1_l3SbdHglIEz73HaQMOqgmD0FAiXDmVvzNNjTMZz0B8U	s1_g-dC1_FPRDzJO6urWGABJPUTL-wT4slFeCGRu3Gc9BA	1unNdg	qadv-arbiter-7x7-rust-lambda-v0.1.0	-	qadv-arbiter-7x7-rust-lambda-v0.1.0	-	L	P	196
g1_l3SbdHglIEz73HaQMOqgmD0FAiXDmVvzNNjTMZz0B8U	s1_mvzoQ9hA7Y0CLmYw5obL3F1Ex2V6GyO1gDrFInWWvR0	1unNdg	qadv-arbiter-7x7-rust-lambda-v0.1.0	-	qadv-arbiter-7x7-rust-lambda-v0.1.0	-	L	P	196
g1_l3VmWWFlAG1kpPWfzwO-OMkPdnyc5RqMndjYrkuqG0E	s1_-OKlJXuPFfAnukwGYITjiU7XKL4OC_qt76PC0TZSPjg	1umvb_	python-cnn-puct-v0.1.0	sha256:7845e9b7687beee165dc36b8d21833b7a8b5a83e31b58b49bd05c277ba26e642	python-cnn-puct-v0.1.0	sha256:7845e9b7687beee165dc36b8d21833b7a8b5a83e31b58b49bd05c277ba26e642	-	M	196
g1_l3VmWWFlAG1kpPWfzwO-OMkPdnyc5RqMndjYrkuqG0E	s1_1av6nXQkq-GSHXfjkVlGHGpAq8F9UbW4JwZmyFA-vww	1umvb_	python-cnn-puct-v0.1.0	sha256:7845e9b7687beee165dc36b8d21833b7a8b5a83e31b58b49bd05c277ba26e642	python-cnn-puct-v0.1.0	sha256:7845e9b7687beee165dc36b8d21833b7a8b5a83e31b58b49bd05c277ba26e642	-	M	196
g1_l3VmWWFlAG1kpPWfzwO-OMkPdnyc5RqMndjYrkuqG0E	s1_Brk0hkuJoH-MBjdd53AO5tlWcOgDWV_R0PO74fHGd_0	1umvb_	python-cnn-puct-v0.1.0	sha256:7845e9b7687beee165dc36b8d21833b7a8b5a83e31b58b49bd05c277ba26e642	python-cnn-puct-v0.1.0	sha256:7845e9b7687beee165dc36b8d21833b7a8b5a83e31b58b49bd05c277ba26e642	-	M	196
g1_l3Y4gYf2WMkTdZ0MQlpLVcmsOXA9SkLeIqqbmK3uQ9o	s1_Qmoz3nLvbLcY_1rcqMtpMJDvTQydhL5cxUNWV6EhpMY	1umwvW	qadv-arbiter-7x7-v0.1.0	sha256:8c548d06307572603b839755cc1e50393285365e10f82bcd90290ca65cd86266	qadv-arbiter-7x7-v0.1.0	sha256:8c548d06307572603b839755cc1e50393285365e10f82bcd90290ca65cd86266	L	P	196
g1_l3p8oNwNcq4GZZw39SI6Vwj4bvK9bGFOYvwSojiPBbo	s1_Qmoz3nLvbLcY_1rcqMtpMJDvTQydhL5cxUNWV6EhpMY	1umws2	qadv-arbiter-7x7-v0.1.0	sha256:8c548d06307572603b839755cc1e50393285365e10f82bcd90290ca65cd86266	qadv-arbiter-7x7-v0.1.0	sha256:8c548d06307572603b839755cc1e50393285365e10f82bcd90290ca65cd86266	D	P	196
g1_l3pUbnYflGiLJRphq5wfO65W1gDsjPDAVx_9ZMcXv70	s1_1LB6NAgPOeCp4r8rQw4kUOIXWpEdWysFm5RZjWCQSgc	1umwSi	python-gnn-puct-learner-v0.1.0	sha256:ab0f739cd33d66781faf60e27797c5ccba3c04ba684f8d9e32e9c2754f4e8956	python-gnn-puct-learner-v0.1.0	sha256:ab0f739cd33d66781faf60e27797c5ccba3c04ba684f8d9e32e9c2754f4e8956	D	P	196
g1_l3pUbnYflGiLJRphq5wfO65W1gDsjPDAVx_9ZMcXv70	s1_P4NHYhwuVnEA-dG2X-UVeVotb84A5mwljbYTlTMqr8w	1umwSi	python-gnn-puct-learner-v0.1.0	sha256:ab0f739cd33d66781faf60e27797c5ccba3c04ba684f8d9e32e9c2754f4e8956	python-gnn-puct-learner-v0.1.0	sha256:ab0f739cd33d66781faf60e27797c5ccba3c04ba684f8d9e32e9c2754f4e8956	D	P	196
g1_l3qLO2R9HBYJTB8sMniEVz6_rmF6igNHL7ERADeTMUk	s1_2FtaP75xgRVTNrUvmC0NIesJCNy8IDFJ05WNM4nUnpg	1unR3z	lunatic-v0.1.0	-	qadv-arbiter-7x7-v0.1.0	-	L	P	196
g1_l3qLO2R9HBYJTB8sMniEVz6_rmF6igNHL7ERADeTMUk	s1_I4aE71PEGbCR_bVB5Z-wF85amAwPKrKVqvonhSXQXec	1unR3z	lunatic-v0.1.0	-	qadv-arbiter-7x7-v0.1.0	-	L	P	196
g1_l3qLO2R9HBYJTB8sMniEVz6_rmF6igNHL7ERADeTMUk	s1_O_uHBJKrhwmWlTu_mKPB9OGQAkZtIPBAkOGIcTMQrP8	1unR3z	lunatic-v0.1.0	-	qadv-arbiter-7x7-v0.1.0	-	L	P	196
g1_l3qLO2R9HBYJTB8sMniEVz6_rmF6igNHL7ERADeTMUk	s1_RauLaTi4eVgYHSp2TV9pqs9uzTVv0B10g9TaHMWpcZ4	1unR3z	lunatic-v0.1.0	-	qadv-arbiter-7x7-v0.1.0	-	L	P	-
g1_l3ss5QOzTbJI23skQq9sg8DXIdaoattuDpXp8OiYxs4	s1_6PxtazPxkizz7K9QTWPSCIopEV5n0zpHoq3F52yO_6U	1umwj-	python-cnn-puct-v0.1.0	sha256:7845e9b7687beee165dc36b8d21833b7a8b5a83e31b58b49bd05c277ba26e642	python-cnn-puct-v0.1.0	sha256:7845e9b7687beee165dc36b8d21833b7a8b5a83e31b58b49bd05c277ba26e642	L	P	196
g1_l3ss5QOzTbJI23skQq9sg8DXIdaoattuDpXp8OiYxs4	s1_baRgKA_wMXdl0r4AwdkUfhWC04qxd1MvEGXAQaDd4fo	1umwj-	python-cnn-puct-v0.1.0	sha256:7845e9b7687beee165dc36b8d21833b7a8b5a83e31b58b49bd05c277ba26e642	python-cnn-puct-v0.1.0	sha256:7845e9b7687beee165dc36b8d21833b7a8b5a83e31b58b49bd05c277ba26e642	L	P	196
g1_l3vPrcMJkXg1iEHnYuR0yzwoCRPTrWg3Kw2ogUTrqcc	s1_1av6nXQkq-GSHXfjkVlGHGpAq8F9UbW4JwZmyFA-vww	1umvON	python-gnn-puct-learner-v0.1.0	sha256:ab0f739cd33d66781faf60e27797c5ccba3c04ba684f8d9e32e9c2754f4e8956	python-gnn-puct-learner-v0.1.0	sha256:ab0f739cd33d66781faf60e27797c5ccba3c04ba684f8d9e32e9c2754f4e8956	D	P	196
g1_l3vPrcMJkXg1iEHnYuR0yzwoCRPTrWg3Kw2ogUTrqcc	s1_Brk0hkuJoH-MBjdd53AO5tlWcOgDWV_R0PO74fHGd_0	1umvON	python-gnn-puct-learner-v0.1.0	sha256:ab0f739cd33d66781faf60e27797c5ccba3c04ba684f8d9e32e9c2754f4e8956	python-gnn-puct-learner-v0.1.0	sha256:ab0f739cd33d66781faf60e27797c5ccba3c04ba684f8d9e32e9c2754f4e8956	D	P	196
g1_l3vPrcMJkXg1iEHnYuR0yzwoCRPTrWg3Kw2ogUTrqcc	s1_QBFUsDtxokERlDOdQkleYbPvhJ-vIp2qmp6DXjS-7oM	1umvON	python-gnn-puct-learner-v0.1.0	sha256:ab0f739cd33d66781faf60e27797c5ccba3c04ba684f8d9e32e9c2754f4e8956	python-gnn-puct-learner-v0.1.0	sha256:ab0f739cd33d66781faf60e27797c5ccba3c04ba684f8d9e32e9c2754f4e8956	D	P	196
g1_l3wj6sKJ9QQuuN4HBfSg55CdepH2DqeaL3VJqzCmooQ	s1_C8GnwI6FEgSVI32okjkUP_Q4F4J0CAjpcYcFNQAxExI	1unNGA	qadv-arbiter-7x7-rust-lambda-v0.1.0	-	qadv-arbiter-7x7-rust-lambda-v0.1.0	-	L	P	196
g1_l3wj6sKJ9QQuuN4HBfSg55CdepH2DqeaL3VJqzCmooQ	s1_EyFF93H9eH2xHSId4PSeT2lsYuBA1DyzGj13DerFSLY	1unNGA	qadv-arbiter-7x7-rust-lambda-v0.1.0	-	qadv-arbiter-7x7-rust-lambda-v0.1.0	-	L	P	196
g1_l3wj6sKJ9QQuuN4HBfSg55CdepH2DqeaL3VJqzCmooQ	s1_RauLaTi4eVgYHSp2TV9pqs9uzTVv0B10g9TaHMWpcZ4	1unNGA	qadv-arbiter-7x7-rust-lambda-v0.1.0	-	qadv-arbiter-7x7-rust-lambda-v0.1.0	-	L	P	-
g1_l3wj6sKJ9QQuuN4HBfSg55CdepH2DqeaL3VJqzCmooQ	s1_heaubPKo77dUQ7-qRPYAGE23z1mrFLEVdegivRwpH3I	1unNGA	qadv-arbiter-7x7-rust-lambda-v0.1.0	-	qadv-arbiter-7x7-rust-lambda-v0.1.0	-	L	P	196
g1_l3wuER-XObEM2UXNH6dYJnyVPw_ltq6kR1qY0LHU6zk	s1_CEtnyncu2FLKw6vcW0aWifhBSjwFeejMqSxt64wjUx0	1un7rJ	lunatic-v0.1.0	-	qadv-arbiter-guided-7x7-v0.2.0	sha256:9c0e5e530df7db77a98f6a2e75fe63a6f629c6ad6563e0b5454793ebc243b14d	D	P	196
g1_l3wuER-XObEM2UXNH6dYJnyVPw_ltq6kR1qY0LHU6zk	s1_O3cuwuia8XT9TI7Nxr3tRcajOA20XFHEIT2fYX3WizY	1un7rJ	lunatic-v0.1.0	-	qadv-arbiter-guided-7x7-v0.2.0	sha256:9c0e5e530df7db77a98f6a2e75fe63a6f629c6ad6563e0b5454793ebc243b14d	D	P	196
g1_l3wuER-XObEM2UXNH6dYJnyVPw_ltq6kR1qY0LHU6zk	s1_kkT8qkQBd2qeSRsdFDNDwTiWXOzS6wyj7q-eie2p0s4	1un7rJ	lunatic-v0.1.0	-	qadv-arbiter-guided-7x7-v0.2.0	sha256:9c0e5e530df7db77a98f6a2e75fe63a6f629c6ad6563e0b5454793ebc243b14d	D	P	196
g1_l4-7FVZeEakrc2wYOau0Wx_u3HJqfTWylxLf7z12VAM	s1_EGEZCyRMA9YNDVy8JPhKbydRXWkL1ORJZqrsBeygYV8	1unMOo	qadv-arbiter-7x7-rust-lambda-v0.1.0	-	qadv-arbiter-7x7-rust-lambda-v0.1.0	-	D	P	196
g1_l4-7FVZeEakrc2wYOau0Wx_u3HJqfTWylxLf7z12VAM	s1_JFmG98JwrViAiCKp7VQmqa5-WU6pD7ScUipBlSNZb5I	1unMOo	qadv-arbiter-7x7-rust-lambda-v0.1.0	-	qadv-arbiter-7x7-rust-lambda-v0.1.0	-	D	P	196
g1_l4-7FVZeEakrc2wYOau0Wx_u3HJqfTWylxLf7z12VAM	s1_RauLaTi4eVgYHSp2TV9pqs9uzTVv0B10g9TaHMWpcZ4	1unMOo	qadv-arbiter-7x7-rust-lambda-v0.1.0	-	qadv-arbiter-7x7-rust-lambda-v0.1.0	-	D	P	-
g1_l4-7FVZeEakrc2wYOau0Wx_u3HJqfTWylxLf7z12VAM	s1_hr554ya3kuuqc9r6u_zqsHkr3L848LcJj_Af3idZG9I	1unMOo	qadv-arbiter-7x7-rust-lambda-v0.1.0	-	qadv-arbiter-7x7-rust-lambda-v0.1.0	-	D	P	196
g1_l48gKdIGC0EZC14vvXqT5z4REj1Q21zfaJgM3eAdUw8	s1_6PxtazPxkizz7K9QTWPSCIopEV5n0zpHoq3F52yO_6U	1umwhW	python-cnn-puct-v0.1.0	sha256:7845e9b7687beee165dc36b8d21833b7a8b5a83e31b58b49bd05c277ba26e642	python-cnn-puct-v0.1.0	sha256:7845e9b7687beee165dc36b8d21833b7a8b5a83e31b58b49bd05c277ba26e642	L	P	196
g1_l48gKdIGC0EZC14vvXqT5z4REj1Q21zfaJgM3eAdUw8	s1_baRgKA_wMXdl0r4AwdkUfhWC04qxd1MvEGXAQaDd4fo	1umwhW	python-cnn-puct-v0.1.0	sha256:7845e9b7687beee165dc36b8d21833b7a8b5a83e31b58b49bd05c277ba26e642	python-cnn-puct-v0.1.0	sha256:7845e9b7687beee165dc36b8d21833b7a8b5a83e31b58b49bd05c277ba26e642	L	P	196
g1_l4ADZeM07chRFSAfFUc-W1tmSAo-YOtIKIe_HhAwysM	s1_1redNs3KsaLDWShWTCMybMHzGq9ioTZEn2fXRalfb9k	1unN3V	qadv-arbiter-7x7-rust-lambda-v0.1.0	-	qadv-arbiter-7x7-rust-lambda-v0.1.0	-	D	P	196
g1_l4ADZeM07chRFSAfFUc-W1tmSAo-YOtIKIe_HhAwysM	s1_9gzmHa5wbliHGUivXdpX45Nh6Wz67iH7wRM-nh7_LhY	1unN3V	qadv-arbiter-7x7-rust-lambda-v0.1.0	-	qadv-arbiter-7x7-rust-lambda-v0.1.0	-	D	P	196
g1_l4ADZeM07chRFSAfFUc-W1tmSAo-YOtIKIe_HhAwysM	s1_RauLaTi4eVgYHSp2TV9pqs9uzTVv0B10g9TaHMWpcZ4	1unN3V	qadv-arbiter-7x7-rust-lambda-v0.1.0	-	qadv-arbiter-7x7-rust-lambda-v0.1.0	-	D	P	-
g1_l4ADZeM07chRFSAfFUc-W1tmSAo-YOtIKIe_HhAwysM	s1__i_qxYjV8GCFp3b7IcGHsoVTgKLEiZOLqaivXuFWJQk	1unN3V	qadv-arbiter-7x7-rust-lambda-v0.1.0	-	qadv-arbiter-7x7-rust-lambda-v0.1.0	-	D	P	196
g1_l4DjKJLVxOVJ-OYo6_DrYXMkZNNRHcKAvrzdozbJfxw	s1_1av6nXQkq-GSHXfjkVlGHGpAq8F9UbW4JwZmyFA-vww	1umv6A	python-gnn-puct-scout-v0.1.0	sha256:b9f80706cc1f29076ee06fe06483697c749148a808c599579045d00a52573938	python-gnn-puct-scout-v0.1.0	sha256:b9f80706cc1f29076ee06fe06483697c749148a808c599579045d00a52573938	D	P	196
g1_l4DjKJLVxOVJ-OYo6_DrYXMkZNNRHcKAvrzdozbJfxw	s1_Brk0hkuJoH-MBjdd53AO5tlWcOgDWV_R0PO74fHGd_0	1umv6A	python-gnn-puct-scout-v0.1.0	sha256:b9f80706cc1f29076ee06fe06483697c749148a808c599579045d00a52573938	python-gnn-puct-scout-v0.1.0	sha256:b9f80706cc1f29076ee06fe06483697c749148a808c599579045d00a52573938	D	P	196
g1_l4DjKJLVxOVJ-OYo6_DrYXMkZNNRHcKAvrzdozbJfxw	s1_D_X-fTFZy6xuyGSC5jFyKBW6IP_59Jbomefazf4xu44	1umv6A	python-gnn-puct-scout-v0.1.0	sha256:b9f80706cc1f29076ee06fe06483697c749148a808c599579045d00a52573938	python-gnn-puct-scout-v0.1.0	sha256:b9f80706cc1f29076ee06fe06483697c749148a808c599579045d00a52573938	D	P	196
g1_l4G9t9X3BaIVbHvbvR33vyta9x6CKaKLT8-u1ouZcjQ	s1_-OKlJXuPFfAnukwGYITjiU7XKL4OC_qt76PC0TZSPjg	1umvZK	python-cnn-puct-v0.1.0	sha256:7845e9b7687beee165dc36b8d21833b7a8b5a83e31b58b49bd05c277ba26e642	python-cnn-puct-v0.1.0	sha256:7845e9b7687beee165dc36b8d21833b7a8b5a83e31b58b49bd05c277ba26e642	-	M	196
g1_l4G9t9X3BaIVbHvbvR33vyta9x6CKaKLT8-u1ouZcjQ	s1_1av6nXQkq-GSHXfjkVlGHGpAq8F9UbW4JwZmyFA-vww	1umvZK	python-cnn-puct-v0.1.0	sha256:7845e9b7687beee165dc36b8d21833b7a8b5a83e31b58b49bd05c277ba26e642	python-cnn-puct-v0.1.0	sha256:7845e9b7687beee165dc36b8d21833b7a8b5a83e31b58b49bd05c277ba26e642	-	M	196
g1_l4G9t9X3BaIVbHvbvR33vyta9x6CKaKLT8-u1ouZcjQ	s1_Brk0hkuJoH-MBjdd53AO5tlWcOgDWV_R0PO74fHGd_0	1umvZK	python-cnn-puct-v0.1.0	sha256:7845e9b7687beee165dc36b8d21833b7a8b5a83e31b58b49bd05c277ba26e642	python-cnn-puct-v0.1.0	sha256:7845e9b7687beee165dc36b8d21833b7a8b5a83e31b58b49bd05c277ba26e642	-	M	196
g1_l4TLN31NR5Y70LHkxIGnH_tN7b9Lqn38shL8oJPcyzk	s1_7FIu85-v_e-kbNsQ2UNk3yRt-KGcLyUjpmVwIc9cnfM	1umwK3	python-gnn-puct-scout-v0.1.0	sha256:b9f80706cc1f29076ee06fe06483697c749148a808c599579045d00a52573938	python-gnn-puct-scout-v0.1.0	sha256:b9f80706cc1f29076ee06fe06483697c749148a808c599579045d00a52573938	D	P	196
g1_l4TLN31NR5Y70LHkxIGnH_tN7b9Lqn38shL8oJPcyzk	s1_S8AGNBNcWBvWiwIo-AOAHPoHuZo2XvcsYvhgQxGTkrY	1umwK3	python-gnn-puct-scout-v0.1.0	sha256:b9f80706cc1f29076ee06fe06483697c749148a808c599579045d00a52573938	python-gnn-puct-scout-v0.1.0	sha256:b9f80706cc1f29076ee06fe06483697c749148a808c599579045d00a52573938	D	P	196
g1_l4V_aYMUnwxlOXfVb4Qlgi14mZ-H0k78gU7khRrxxMk	s1_flXyOBW6T9LLVDFIvXBGel1MoVNZcUcMFIJnB9yLapU	1umxCM	python-gnn-puct-reval30k-v0.1.0	sha256:6120be86fc469df71473c3de64e5e32f99694cd47d621fa5948f243dc51d3d21	python-gnn-puct-reval30k-v0.1.0	sha256:6120be86fc469df71473c3de64e5e32f99694cd47d621fa5948f243dc51d3d21	L	P	196
g1_l4VauOjHcoi3GgegmcwmjRPTP4m_XdXRWDZrQoPFPPo	s1_3k4OMqGiFNaCsWG9Fp6BhkJGD3vvNjp6HTKVR1aCYLY	1unOLD	qadv-arbiter-7x7-rust-lambda-v0.1.0	-	qadv-arbiter-7x7-rust-lambda-v0.1.0	-	D	P	196
g1_l4VauOjHcoi3GgegmcwmjRPTP4m_XdXRWDZrQoPFPPo	s1_Ae5tSur8zvffyeU2oJf2xjJYfhBGw3_h1aW04C_iD8A	1unOLD	qadv-arbiter-7x7-rust-lambda-v0.1.0	-	qadv-arbiter-7x7-rust-lambda-v0.1.0	-	D	P	196
g1_l4VauOjHcoi3GgegmcwmjRPTP4m_XdXRWDZrQoPFPPo	s1_RauLaTi4eVgYHSp2TV9pqs9uzTVv0B10g9TaHMWpcZ4	1unOLD	qadv-arbiter-7x7-rust-lambda-v0.1.0	-	qadv-arbiter-7x7-rust-lambda-v0.1.0	-	D	P	-
g1_l4VauOjHcoi3GgegmcwmjRPTP4m_XdXRWDZrQoPFPPo	s1_qfI5KbdQM8WmUX9xbK6WYoZ5Qvqi0iiSxAM9E_4v0mI	1unOLD	qadv-arbiter-7x7-rust-lambda-v0.1.0	-	qadv-arbiter-7x7-rust-lambda-v0.1.0	-	D	P	196
g1_l4mXrkifbAET10M9HI1VbDhsaOPq4U-P5gKnC2kc9fE	s1_GTYID_SGM4dw5zvqceCIuQDI5Jh4hFBC-e7ze8e6lGM	1unPk8	qadv-arbiter-7x7-rust-lambda-v0.1.0	-	qadv-arbiter-7x7-rust-lambda-v0.1.0	-	L	P	196
g1_l4mXrkifbAET10M9HI1VbDhsaOPq4U-P5gKnC2kc9fE	s1_HgAynuHhcdlVWXeGz0uLdslq91IqEuLD8dmAjVmTFoE	1unPk8	qadv-arbiter-7x7-rust-lambda-v0.1.0	-	qadv-arbiter-7x7-rust-lambda-v0.1.0	-	L	P	196
g1_l4mXrkifbAET10M9HI1VbDhsaOPq4U-P5gKnC2kc9fE	s1_LWPK79Uj_49nFxRlhkJSr4Ifi3Pm631eAb52IqzKIDQ	1unPk8	qadv-arbiter-7x7-rust-lambda-v0.1.0	-	qadv-arbiter-7x7-rust-lambda-v0.1.0	-	L	P	196
g1_l4mXrkifbAET10M9HI1VbDhsaOPq4U-P5gKnC2kc9fE	s1_RauLaTi4eVgYHSp2TV9pqs9uzTVv0B10g9TaHMWpcZ4	1unPk8	qadv-arbiter-7x7-rust-lambda-v0.1.0	-	qadv-arbiter-7x7-rust-lambda-v0.1.0	-	L	P	-
g1_l4y6BUsW9LIdwBSFfcJu-80b5ZBkYVE8v6VYhHAThto	s1_1av6nXQkq-GSHXfjkVlGHGpAq8F9UbW4JwZmyFA-vww	1DIWZ	lunatic-v0.1.0	-	rust-pathfinder-v0.1.0	-	D	P	-
g1_l4y6BUsW9LIdwBSFfcJu-80b5ZBkYVE8v6VYhHAThto	s1_9Eroywf7tuDrn-hcfZPjlEa1DSRUykCRn9Z11u8ySIo	1DIWZ	lunatic-v0.1.0	-	rust-pathfinder-v0.1.0	-	D	P	-
g1_l4y6BUsW9LIdwBSFfcJu-80b5ZBkYVE8v6VYhHAThto	s1_Brk0hkuJoH-MBjdd53AO5tlWcOgDWV_R0PO74fHGd_0	1DIWZ	lunatic-v0.1.0	-	rust-pathfinder-v0.1.0	-	D	P	-
g1_l4y6BUsW9LIdwBSFfcJu-80b5ZBkYVE8v6VYhHAThto	s1_KmF8KhDbubz6lwdS8R_n_yTGdSONmH9B1wUABbyCj94	1DIWZ	lunatic-v0.1.0	-	rust-pathfinder-v0.1.0	-	D	P	-
g1_l4y6BUsW9LIdwBSFfcJu-80b5ZBkYVE8v6VYhHAThto	s1_MKrI0a3Qd48rU7oZj28GrlQ3cHhIbUzS5ibiIW9aKy4	1DIWZ	lunatic-v0.1.0	-	rust-pathfinder-v0.1.0	-	D	P	-
g1_l4y6BUsW9LIdwBSFfcJu-80b5ZBkYVE8v6VYhHAThto	s1_XloMUS0hxYEXf762lcPfaudsLmsH-CsOVZNVVU_obcA	1DIWZ	lunatic-v0.1.0	-	rust-pathfinder-v0.1.0	-	D	P	-
g1_l4y6BUsW9LIdwBSFfcJu-80b5ZBkYVE8v6VYhHAThto	s1_g5pGkHBMEhzAYvwFY0b24sSc7wC9JfnWApMHHZ_aMPI	1DIWZ	lunatic-v0.1.0	-	rust-pathfinder-v0.1.0	-	D	P	-
g1_l54ns1oRAwi8BkDIzn5EmuX7wFRTtvR9kNOdU31BstA	s1_sNHDjucG3PyV4JldoL5xMeLmgQ0OTmGEbKgD4yuoYts	1DIVY	rust-surveyor-v0.1.0	-	rust-pathfinder-v0.1.0	-	-	M	-
g1_l5Y5zbVIrPm_hJdDubL5GGBp6eJWnndbXdVnYG1xz2c	s1_CYF_dJLEfRbiQGfOnwHVlS330wUwUsWmmHmv9zRFZqQ	1umwJm	rust-pathfinder-onnx-sorter-v0.1.0	-	rust-pathfinder-v0.3.0	-	D	P	120
g1_l5it9ZxbNQbamwT0Y9T_tuIhfC4tIJN7bvT4gjo2sVA	s1_2FtaP75xgRVTNrUvmC0NIesJCNy8IDFJ05WNM4nUnpg	1unQxh	surveyor-v0.2.0	-	qadv-arbiter-7x7-v0.1.0	-	L	P	196
g1_l5it9ZxbNQbamwT0Y9T_tuIhfC4tIJN7bvT4gjo2sVA	s1_C4QjwiA26E_w3n_XnlvLiFkWVqjOwVOkY6ZwZk21G50	1unQxh	surveyor-v0.2.0	-	qadv-arbiter-7x7-v0.1.0	-	L	P	196
g1_l5it9ZxbNQbamwT0Y9T_tuIhfC4tIJN7bvT4gjo2sVA	s1_F1bRTMMc7WPBHhcU2WhUt_ZCP3YyTFtaERJ-_FH31CA	1unQxh	surveyor-v0.2.0	-	qadv-arbiter-7x7-v0.1.0	-	L	P	196
g1_l5it9ZxbNQbamwT0Y9T_tuIhfC4tIJN7bvT4gjo2sVA	s1_RauLaTi4eVgYHSp2TV9pqs9uzTVv0B10g9TaHMWpcZ4	1unQxh	surveyor-v0.2.0	-	qadv-arbiter-7x7-v0.1.0	-	L	P	-
g1_l5kB9704g5tTn10kn3jSZg1EGHlm0JzEeoiK20opI6I	s1_BjYzTiPReCweEB3E-xElGOmkh2moFICcSKzJ1JfYvTo	1unNgV	qadv-arbiter-7x7-rust-lambda-v0.1.0	-	qadv-arbiter-7x7-rust-lambda-v0.1.0	-	D	P	196
g1_l5kB9704g5tTn10kn3jSZg1EGHlm0JzEeoiK20opI6I	s1_CMX9XXUL83j8yhOPj6ONBlOq9Y-X2zIBw-ZseE7S_Eg	1unNgV	qadv-arbiter-7x7-rust-lambda-v0.1.0	-	qadv-arbiter-7x7-rust-lambda-v0.1.0	-	D	P	196
g1_l5kB9704g5tTn10kn3jSZg1EGHlm0JzEeoiK20opI6I	s1_RauLaTi4eVgYHSp2TV9pqs9uzTVv0B10g9TaHMWpcZ4	1unNgV	qadv-arbiter-7x7-rust-lambda-v0.1.0	-	qadv-arbiter-7x7-rust-lambda-v0.1.0	-	D	P	-
g1_l5kB9704g5tTn10kn3jSZg1EGHlm0JzEeoiK20opI6I	s1_V4NeBK96mElec3jew4zZmj3EKjFrIJd1ST_W65ueUhQ	1unNgV	qadv-arbiter-7x7-rust-lambda-v0.1.0	-	qadv-arbiter-7x7-rust-lambda-v0.1.0	-	D	P	196
g1_l5mw8-mlccFBowCB-cBc0bx4t4-6SO8Yvk-nHJddMZo	s1_KAC3pxmyaOg81KFVtyigqB9Vu-zUH6DzziTP-gL4vKQ	1unO-i	qadv-arbiter-7x7-rust-lambda-v0.1.0	-	qadv-arbiter-7x7-rust-lambda-v0.1.0	-	D	P	196
g1_l5mw8-mlccFBowCB-cBc0bx4t4-6SO8Yvk-nHJddMZo	s1_RS3WO_UvMUFG5F3vXMYQXZPB3U6XcoFu_5FQj3lQ92g	1unO-i	qadv-arbiter-7x7-rust-lambda-v0.1.0	-	qadv-arbiter-7x7-rust-lambda-v0.1.0	-	D	P	196
g1_l5mw8-mlccFBowCB-cBc0bx4t4-6SO8Yvk-nHJddMZo	s1_RauLaTi4eVgYHSp2TV9pqs9uzTVv0B10g9TaHMWpcZ4	1unO-i	qadv-arbiter-7x7-rust-lambda-v0.1.0	-	qadv-arbiter-7x7-rust-lambda-v0.1.0	-	D	P	-
g1_l5mw8-mlccFBowCB-cBc0bx4t4-6SO8Yvk-nHJddMZo	s1_dEwdtCvC3R8FPyI-81gDTlwskXXWxy2S_etvorWTPog	1unO-i	qadv-arbiter-7x7-rust-lambda-v0.1.0	-	qadv-arbiter-7x7-rust-lambda-v0.1.0	-	D	P	196
g1_l5nhpZGWk0gX1h_PFvgx0HjaSjqCUZSxUPrF0hBtIpo	s1_Ju41mtlq9KiAz1_zmJd0NVBqNQzs8QIWVstiYN6Z_1s	1un58b	surveyor-v0.2.0	-	qadv-arbiter-guided-7x7-v0.2.0	sha256:9c0e5e530df7db77a98f6a2e75fe63a6f629c6ad6563e0b5454793ebc243b14d	L	P	196
g1_l5nhpZGWk0gX1h_PFvgx0HjaSjqCUZSxUPrF0hBtIpo	s1_O3cuwuia8XT9TI7Nxr3tRcajOA20XFHEIT2fYX3WizY	1un58b	surveyor-v0.2.0	-	qadv-arbiter-guided-7x7-v0.2.0	sha256:9c0e5e530df7db77a98f6a2e75fe63a6f629c6ad6563e0b5454793ebc243b14d	L	P	196
g1_l5nhpZGWk0gX1h_PFvgx0HjaSjqCUZSxUPrF0hBtIpo	s1_ROUz_g0kquKNGB878B9BMwA5nL4cZcvmffEeoUgiR_k	1un58b	surveyor-v0.2.0	-	qadv-arbiter-guided-7x7-v0.2.0	sha256:9c0e5e530df7db77a98f6a2e75fe63a6f629c6ad6563e0b5454793ebc243b14d	L	P	196
g1_l5nhpZGWk0gX1h_PFvgx0HjaSjqCUZSxUPrF0hBtIpo	s1_TNJsSJjRaHDJ2Q7UUQmoz_QE1P-V3BTy5CQvqN4z6Bw	1un58b	surveyor-v0.2.0	-	qadv-arbiter-guided-7x7-v0.2.0	sha256:9c0e5e530df7db77a98f6a2e75fe63a6f629c6ad6563e0b5454793ebc243b14d	L	P	196
g1_l5szYctqMaJK48xxJVR_M4IRHGL6TKrTKcWBGQKRo6I	s1_Bgvsqmpezi45UekcWPpsbbc9sU5DSVZ98ef8C-k2gGw	1unNqk	qadv-arbiter-7x7-rust-lambda-v0.1.0	-	qadv-arbiter-7x7-rust-lambda-v0.1.0	-	D	P	196
g1_l5szYctqMaJK48xxJVR_M4IRHGL6TKrTKcWBGQKRo6I	s1_G0Un0ywFUIhjiuhjxJGE95G121IniW7V8cGKNYCMM6s	1unNqk	qadv-arbiter-7x7-rust-lambda-v0.1.0	-	qadv-arbiter-7x7-rust-lambda-v0.1.0	-	D	P	196
g1_l5szYctqMaJK48xxJVR_M4IRHGL6TKrTKcWBGQKRo6I	s1_I7nth2BHoYyodBJVPx-wCwlp6aL00IMO92NqHovPNX0	1unNqk	qadv-arbiter-7x7-rust-lambda-v0.1.0	-	qadv-arbiter-7x7-rust-lambda-v0.1.0	-	D	P	196
g1_l5szYctqMaJK48xxJVR_M4IRHGL6TKrTKcWBGQKRo6I	s1_RauLaTi4eVgYHSp2TV9pqs9uzTVv0B10g9TaHMWpcZ4	1unNqk	qadv-arbiter-7x7-rust-lambda-v0.1.0	-	qadv-arbiter-7x7-rust-lambda-v0.1.0	-	D	P	-
g1_l5t_uWgVu8MwlCuuVT_gUwsZZW2TQPxR5Kn0rOiSH0k	s1_BU_W3ShZjRGahp0G1J_9HkfsfBuKaITd_X5FsWoC57g	1unMyN	qadv-arbiter-7x7-rust-lambda-v0.1.0	-	qadv-arbiter-7x7-rust-lambda-v0.1.0	-	L	P	196
g1_l5t_uWgVu8MwlCuuVT_gUwsZZW2TQPxR5Kn0rOiSH0k	s1_QpRhBM75voLPGX5IKBHNlF6S1S5Mb90XdzPyuQcUJEo	1unMyN	qadv-arbiter-7x7-rust-lambda-v0.1.0	-	qadv-arbiter-7x7-rust-lambda-v0.1.0	-	L	P	196
g1_l5t_uWgVu8MwlCuuVT_gUwsZZW2TQPxR5Kn0rOiSH0k	s1_RauLaTi4eVgYHSp2TV9pqs9uzTVv0B10g9TaHMWpcZ4	1unMyN	qadv-arbiter-7x7-rust-lambda-v0.1.0	-	qadv-arbiter-7x7-rust-lambda-v0.1.0	-	L	P	-
g1_l5t_uWgVu8MwlCuuVT_gUwsZZW2TQPxR5Kn0rOiSH0k	s1_RrbbD5-gX2KwL9NBWmOapRGuN3PC-IdGAAv8zgNbNrE	1unMyN	qadv-arbiter-7x7-rust-lambda-v0.1.0	-	qadv-arbiter-7x7-rust-lambda-v0.1.0	-	L	P	196
g1_l5vtgjBhAeo8ccwwcc89UB8k0l4COZiAHcitkBxYfGY	s1_1av6nXQkq-GSHXfjkVlGHGpAq8F9UbW4JwZmyFA-vww	1DIZU	python-gnn-puct-v0.1.0	sha256:6f9ad6e4a0993da3cf34a8549e86f9b5d512c51e11bfa76dfe051e7a8801bdac	python-gnn-puct-v0.1.0	sha256:6f9ad6e4a0993da3cf34a8549e86f9b5d512c51e11bfa76dfe051e7a8801bdac	-	M	196
g1_l5vtgjBhAeo8ccwwcc89UB8k0l4COZiAHcitkBxYfGY	s1_del54SUFELBov5vQFrhsVexn6D9EhUPDFZpXuqC6eCI	1DIZU	python-gnn-puct-v0.1.0	sha256:6f9ad6e4a0993da3cf34a8549e86f9b5d512c51e11bfa76dfe051e7a8801bdac	python-gnn-puct-v0.1.0	sha256:6f9ad6e4a0993da3cf34a8549e86f9b5d512c51e11bfa76dfe051e7a8801bdac	-	M	196
g1_l5vtgjBhAeo8ccwwcc89UB8k0l4COZiAHcitkBxYfGY	s1_g5pGkHBMEhzAYvwFY0b24sSc7wC9JfnWApMHHZ_aMPI	1DIZU	python-gnn-puct-v0.1.0	sha256:6f9ad6e4a0993da3cf34a8549e86f9b5d512c51e11bfa76dfe051e7a8801bdac	python-gnn-puct-v0.1.0	sha256:6f9ad6e4a0993da3cf34a8549e86f9b5d512c51e11bfa76dfe051e7a8801bdac	-	M	196
g1_l5vtgjBhAeo8ccwwcc89UB8k0l4COZiAHcitkBxYfGY	s1_mWPTef6xYbijjPhDIC6QgLRmu2mMSJAokNlIkx3vg54	1DIZU	python-gnn-puct-v0.1.0	sha256:6f9ad6e4a0993da3cf34a8549e86f9b5d512c51e11bfa76dfe051e7a8801bdac	python-gnn-puct-v0.1.0	sha256:6f9ad6e4a0993da3cf34a8549e86f9b5d512c51e11bfa76dfe051e7a8801bdac	-	M	196
g1_l5vtgjBhAeo8ccwwcc89UB8k0l4COZiAHcitkBxYfGY	s1_tol_POp6BcgBLMWq8iDfRBQSAXpESHxFwmcCQYXv0yQ	1DIZU	python-gnn-puct-v0.1.0	sha256:6f9ad6e4a0993da3cf34a8549e86f9b5d512c51e11bfa76dfe051e7a8801bdac	python-gnn-puct-v0.1.0	sha256:6f9ad6e4a0993da3cf34a8549e86f9b5d512c51e11bfa76dfe051e7a8801bdac	-	M	196
g1_l5zkbh89bU-0BHHEqNSZD7esvWLCxmhs6naaOggRcs8	s1_Bsyix_KTOkAX9k9fDF7EqV3BiKrMnRstttvs5Xfipic	1unMd0	qadv-arbiter-7x7-rust-lambda-v0.1.0	-	qadv-arbiter-7x7-rust-lambda-v0.1.0	-	L	P	196
g1_l5zkbh89bU-0BHHEqNSZD7esvWLCxmhs6naaOggRcs8	s1_FdiltE02o8PYlyKOcu4IAy1pz04sUJB_2SHb0xpedMw	1unMd0	qadv-arbiter-7x7-rust-lambda-v0.1.0	-	qadv-arbiter-7x7-rust-lambda-v0.1.0	-	L	P	196
g1_l5zkbh89bU-0BHHEqNSZD7esvWLCxmhs6naaOggRcs8	s1_RauLaTi4eVgYHSp2TV9pqs9uzTVv0B10g9TaHMWpcZ4	1unMd0	qadv-arbiter-7x7-rust-lambda-v0.1.0	-	qadv-arbiter-7x7-rust-lambda-v0.1.0	-	L	P	-
g1_l5zkbh89bU-0BHHEqNSZD7esvWLCxmhs6naaOggRcs8	s1_YIlX9wynosWDOib0FDeZIkeosXu5xXGlyeKjTy4NyWE	1unMd0	qadv-arbiter-7x7-rust-lambda-v0.1.0	-	qadv-arbiter-7x7-rust-lambda-v0.1.0	-	L	P	196
g1_l6GaDRMR_krqShtng7su1Jz8wOIXLSp9zIoEaKQvdzg	s1_1av6nXQkq-GSHXfjkVlGHGpAq8F9UbW4JwZmyFA-vww	1DIVr	lunatic-v0.1.0	-	rust-pathfinder-v0.1.0	-	D	P	-
g1_l6GaDRMR_krqShtng7su1Jz8wOIXLSp9zIoEaKQvdzg	s1_9Eroywf7tuDrn-hcfZPjlEa1DSRUykCRn9Z11u8ySIo	1DIVr	lunatic-v0.1.0	-	rust-pathfinder-v0.1.0	-	D	P	-
g1_l6GaDRMR_krqShtng7su1Jz8wOIXLSp9zIoEaKQvdzg	s1_Brk0hkuJoH-MBjdd53AO5tlWcOgDWV_R0PO74fHGd_0	1DIVr	lunatic-v0.1.0	-	rust-pathfinder-v0.1.0	-	D	P	-
g1_l6GaDRMR_krqShtng7su1Jz8wOIXLSp9zIoEaKQvdzg	s1_KmF8KhDbubz6lwdS8R_n_yTGdSONmH9B1wUABbyCj94	1DIVr	lunatic-v0.1.0	-	rust-pathfinder-v0.1.0	-	D	P	-
g1_l6GaDRMR_krqShtng7su1Jz8wOIXLSp9zIoEaKQvdzg	s1_MKrI0a3Qd48rU7oZj28GrlQ3cHhIbUzS5ibiIW9aKy4	1DIVr	lunatic-v0.1.0	-	rust-pathfinder-v0.1.0	-	D	P	-
g1_l6GaDRMR_krqShtng7su1Jz8wOIXLSp9zIoEaKQvdzg	s1_XloMUS0hxYEXf762lcPfaudsLmsH-CsOVZNVVU_obcA	1DIVr	lunatic-v0.1.0	-	rust-pathfinder-v0.1.0	-	D	P	-
g1_l6GaDRMR_krqShtng7su1Jz8wOIXLSp9zIoEaKQvdzg	s1_g5pGkHBMEhzAYvwFY0b24sSc7wC9JfnWApMHHZ_aMPI	1DIVr	lunatic-v0.1.0	-	rust-pathfinder-v0.1.0	-	D	P	-
g1_l6HSTWzYH-HbwXaRXRfsJYwDNEGoEZbSTokr_qz4p54	s1_1LB6NAgPOeCp4r8rQw4kUOIXWpEdWysFm5RZjWCQSgc	1umwSD	python-gnn-puct-learner-v0.1.0	sha256:ab0f739cd33d66781faf60e27797c5ccba3c04ba684f8d9e32e9c2754f4e8956	python-gnn-puct-learner-v0.1.0	sha256:ab0f739cd33d66781faf60e27797c5ccba3c04ba684f8d9e32e9c2754f4e8956	D	P	196
g1_l6HSTWzYH-HbwXaRXRfsJYwDNEGoEZbSTokr_qz4p54	s1_P4NHYhwuVnEA-dG2X-UVeVotb84A5mwljbYTlTMqr8w	1umwSD	python-gnn-puct-learner-v0.1.0	sha256:ab0f739cd33d66781faf60e27797c5ccba3c04ba684f8d9e32e9c2754f4e8956	python-gnn-puct-learner-v0.1.0	sha256:ab0f739cd33d66781faf60e27797c5ccba3c04ba684f8d9e32e9c2754f4e8956	D	P	196
g1_l6MmYnLE1nGtXFsmol-X90T50L45uk7W640hRX32-Ew	s1_Qmoz3nLvbLcY_1rcqMtpMJDvTQydhL5cxUNWV6EhpMY	1umwnS	qadv-arbiter-7x7-v0.1.0	sha256:8c548d06307572603b839755cc1e50393285365e10f82bcd90290ca65cd86266	qadv-arbiter-7x7-v0.1.0	sha256:8c548d06307572603b839755cc1e50393285365e10f82bcd90290ca65cd86266	L	P	196
g1_l6RwtVSzB1S0lPReKIIbueYlMXeZwkQ1fsh1-7icmxc	s1_7FIu85-v_e-kbNsQ2UNk3yRt-KGcLyUjpmVwIc9cnfM	1umwL7	python-gnn-puct-scout-v0.1.0	sha256:b9f80706cc1f29076ee06fe06483697c749148a808c599579045d00a52573938	python-gnn-puct-scout-v0.1.0	sha256:b9f80706cc1f29076ee06fe06483697c749148a808c599579045d00a52573938	D	P	196
g1_l6RwtVSzB1S0lPReKIIbueYlMXeZwkQ1fsh1-7icmxc	s1_S8AGNBNcWBvWiwIo-AOAHPoHuZo2XvcsYvhgQxGTkrY	1umwL7	python-gnn-puct-scout-v0.1.0	sha256:b9f80706cc1f29076ee06fe06483697c749148a808c599579045d00a52573938	python-gnn-puct-scout-v0.1.0	sha256:b9f80706cc1f29076ee06fe06483697c749148a808c599579045d00a52573938	D	P	196
g1_l6VCqYp-I58PONSrpwfLG0XapD8yGwXmn1sQsQHNUvQ	s1_0AyUK1Ps4Run7VjYUXP0LvHpZRXf88ayuAg4jkEgJFA	1unQkq	qadv-arbiter-7x7-v0.1.0	-	pathfinder-v0.3.0	-	D	P	196
g1_l6VCqYp-I58PONSrpwfLG0XapD8yGwXmn1sQsQHNUvQ	s1_2FtaP75xgRVTNrUvmC0NIesJCNy8IDFJ05WNM4nUnpg	1unQkq	qadv-arbiter-7x7-v0.1.0	-	pathfinder-v0.3.0	-	D	P	196
g1_l6VCqYp-I58PONSrpwfLG0XapD8yGwXmn1sQsQHNUvQ	s1_BnTioHIV8VvOtxoZTF3HCf9EfB4Xj4LUavamIERydZE	1unQkq	qadv-arbiter-7x7-v0.1.0	-	pathfinder-v0.3.0	-	D	P	196
g1_l6VCqYp-I58PONSrpwfLG0XapD8yGwXmn1sQsQHNUvQ	s1_RauLaTi4eVgYHSp2TV9pqs9uzTVv0B10g9TaHMWpcZ4	1unQkq	qadv-arbiter-7x7-v0.1.0	-	pathfinder-v0.3.0	-	D	P	-
g1_l6W2LMGMm2PTiziN2Bj7bVsiEFxzEJRc2SYo7p8O9-k	s1_flXyOBW6T9LLVDFIvXBGel1MoVNZcUcMFIJnB9yLapU	1umx80	python-gnn-puct-reval30k-v0.1.0	sha256:6120be86fc469df71473c3de64e5e32f99694cd47d621fa5948f243dc51d3d21	python-gnn-puct-reval30k-v0.1.0	sha256:6120be86fc469df71473c3de64e5e32f99694cd47d621fa5948f243dc51d3d21	L	P	196
g1_l6ds7i3bix7RPdD05ni_8iYSOv22x3DCukTeFahpKOQ	s1_1av6nXQkq-GSHXfjkVlGHGpAq8F9UbW4JwZmyFA-vww	1umv7M	python-gnn-puct-scout-v0.1.0	sha256:b9f80706cc1f29076ee06fe06483697c749148a808c599579045d00a52573938	python-gnn-puct-scout-v0.1.0	sha256:b9f80706cc1f29076ee06fe06483697c749148a808c599579045d00a52573938	L	P	196
g1_l6ds7i3bix7RPdD05ni_8iYSOv22x3DCukTeFahpKOQ	s1_Brk0hkuJoH-MBjdd53AO5tlWcOgDWV_R0PO74fHGd_0	1umv7M	python-gnn-puct-scout-v0.1.0	sha256:b9f80706cc1f29076ee06fe06483697c749148a808c599579045d00a52573938	python-gnn-puct-scout-v0.1.0	sha256:b9f80706cc1f29076ee06fe06483697c749148a808c599579045d00a52573938	L	P	196
g1_l6ds7i3bix7RPdD05ni_8iYSOv22x3DCukTeFahpKOQ	s1_D_X-fTFZy6xuyGSC5jFyKBW6IP_59Jbomefazf4xu44	1umv7M	python-gnn-puct-scout-v0.1.0	sha256:b9f80706cc1f29076ee06fe06483697c749148a808c599579045d00a52573938	python-gnn-puct-scout-v0.1.0	sha256:b9f80706cc1f29076ee06fe06483697c749148a808c599579045d00a52573938	L	P	196
g1_l6lX__MZ4WAptupoY1MkPZzii5bc0EuDsr6OSQVe3Hc	s1_9laM7AS9k_xyRBklLbpyl6XFagqo_xw3y4IvGl5sLfQ	1unOrt	qadv-arbiter-7x7-rust-lambda-v0.1.0	-	qadv-arbiter-7x7-rust-lambda-v0.1.0	-	D	P	196
g1_l6lX__MZ4WAptupoY1MkPZzii5bc0EuDsr6OSQVe3Hc	s1_PtrXZdli869xVZ751Rx80a8Fkr6y34PFU4gTOwKtOZc	1unOrt	qadv-arbiter-7x7-rust-lambda-v0.1.0	-	qadv-arbiter-7x7-rust-lambda-v0.1.0	-	D	P	196
g1_l6lX__MZ4WAptupoY1MkPZzii5bc0EuDsr6OSQVe3Hc	s1_RauLaTi4eVgYHSp2TV9pqs9uzTVv0B10g9TaHMWpcZ4	1unOrt	qadv-arbiter-7x7-rust-lambda-v0.1.0	-	qadv-arbiter-7x7-rust-lambda-v0.1.0	-	D	P	-
g1_l6lX__MZ4WAptupoY1MkPZzii5bc0EuDsr6OSQVe3Hc	s1_o6_KrQIJlzsVDrpBkQgf2O0PHDGKwCmJDdB0sESYPFY	1unOrt	qadv-arbiter-7x7-rust-lambda-v0.1.0	-	qadv-arbiter-7x7-rust-lambda-v0.1.0	-	D	P	196
g1_l6x836CH0tGfOV0aF36H4OvtQs29mmK6fNg24vDQttA	s1_1av6nXQkq-GSHXfjkVlGHGpAq8F9UbW4JwZmyFA-vww	1umvAG	python-gnn-puct-scout-v0.1.0	sha256:b9f80706cc1f29076ee06fe06483697c749148a808c599579045d00a52573938	python-gnn-puct-scout-v0.1.0	sha256:b9f80706cc1f29076ee06fe06483697c749148a808c599579045d00a52573938	-	M	196
g1_l6x836CH0tGfOV0aF36H4OvtQs29mmK6fNg24vDQttA	s1_Brk0hkuJoH-MBjdd53AO5tlWcOgDWV_R0PO74fHGd_0	1umvAG	python-gnn-puct-scout-v0.1.0	sha256:b9f80706cc1f29076ee06fe06483697c749148a808c599579045d00a52573938	python-gnn-puct-scout-v0.1.0	sha256:b9f80706cc1f29076ee06fe06483697c749148a808c599579045d00a52573938	-	M	196
g1_l6x836CH0tGfOV0aF36H4OvtQs29mmK6fNg24vDQttA	s1_D_X-fTFZy6xuyGSC5jFyKBW6IP_59Jbomefazf4xu44	1umvAG	python-gnn-puct-scout-v0.1.0	sha256:b9f80706cc1f29076ee06fe06483697c749148a808c599579045d00a52573938	python-gnn-puct-scout-v0.1.0	sha256:b9f80706cc1f29076ee06fe06483697c749148a808c599579045d00a52573938	-	M	196
g1_l6yalCw6z0PRciiBzX1qVT9ge20MJ0lQfgbB16sLSjY	s1_RauLaTi4eVgYHSp2TV9pqs9uzTVv0B10g9TaHMWpcZ4	1unN7V	qadv-arbiter-7x7-rust-lambda-v0.1.0	-	qadv-arbiter-7x7-rust-lambda-v0.1.0	-	L	P	-
g1_l6yalCw6z0PRciiBzX1qVT9ge20MJ0lQfgbB16sLSjY	s1_hJUmjOCR-9uKTD9F8yVuTWbFUUIoBr-MzPPaD9n30Bg	1unN7V	qadv-arbiter-7x7-rust-lambda-v0.1.0	-	qadv-arbiter-7x7-rust-lambda-v0.1.0	-	L	P	196
g1_l6yalCw6z0PRciiBzX1qVT9ge20MJ0lQfgbB16sLSjY	s1_k4pDOnWwwbFpVUHJX59oOwa6uUVCfmR_5D9yT_LWYus	1unN7V	qadv-arbiter-7x7-rust-lambda-v0.1.0	-	qadv-arbiter-7x7-rust-lambda-v0.1.0	-	L	P	196
g1_l6yalCw6z0PRciiBzX1qVT9ge20MJ0lQfgbB16sLSjY	s1_qEr64EJ8XV8v5iSDFI-vHXsfUWb58QMNWby2aLNF4CE	1unN7V	qadv-arbiter-7x7-rust-lambda-v0.1.0	-	qadv-arbiter-7x7-rust-lambda-v0.1.0	-	L	P	196
g1_l781mRsRkNqYxH8z_9FvEWVqH7YN1IiYj6w_JKa6DBM	s1_0F6cAJH3gA4XpnoD9mU4t9poVdZ7FrgxI58VhXRwTtY	1unNod	qadv-arbiter-7x7-rust-lambda-v0.1.0	-	qadv-arbiter-7x7-rust-lambda-v0.1.0	-	L	P	196
g1_l781mRsRkNqYxH8z_9FvEWVqH7YN1IiYj6w_JKa6DBM	s1_AENVauIQF9mieUctypai1a9NSIInuhUIkhTM6tlHLQ4	1unNod	qadv-arbiter-7x7-rust-lambda-v0.1.0	-	qadv-arbiter-7x7-rust-lambda-v0.1.0	-	L	P	196
g1_l781mRsRkNqYxH8z_9FvEWVqH7YN1IiYj6w_JKa6DBM	s1_RauLaTi4eVgYHSp2TV9pqs9uzTVv0B10g9TaHMWpcZ4	1unNod	qadv-arbiter-7x7-rust-lambda-v0.1.0	-	qadv-arbiter-7x7-rust-lambda-v0.1.0	-	L	P	-
g1_l781mRsRkNqYxH8z_9FvEWVqH7YN1IiYj6w_JKa6DBM	s1_Sb_GRekQhlItbMmoZuV49bu0RvYqryrrKVls_2EHVio	1unNod	qadv-arbiter-7x7-rust-lambda-v0.1.0	-	qadv-arbiter-7x7-rust-lambda-v0.1.0	-	L	P	196
g1_l7A5nwRd4U3B89nJSobmjl6EF9Cu2Y0rZWDyCNjhUGE	s1_H00KT39n91UdvqyhMfrgiSNt-ikhZrribV88j4KfYQg	1unNXd	qadv-arbiter-7x7-rust-lambda-v0.1.0	-	qadv-arbiter-7x7-rust-lambda-v0.1.0	-	D	P	196
g1_l7A5nwRd4U3B89nJSobmjl6EF9Cu2Y0rZWDyCNjhUGE	s1_RauLaTi4eVgYHSp2TV9pqs9uzTVv0B10g9TaHMWpcZ4	1unNXd	qadv-arbiter-7x7-rust-lambda-v0.1.0	-	qadv-arbiter-7x7-rust-lambda-v0.1.0	-	D	P	-
g1_l7A5nwRd4U3B89nJSobmjl6EF9Cu2Y0rZWDyCNjhUGE	s1_bK5m5FFMIk5yWCa7-Y3mu28o83h9iNg2f3-xExmNlzQ	1unNXd	qadv-arbiter-7x7-rust-lambda-v0.1.0	-	qadv-arbiter-7x7-rust-lambda-v0.1.0	-	D	P	196
g1_l7A5nwRd4U3B89nJSobmjl6EF9Cu2Y0rZWDyCNjhUGE	s1_oqZZPeMtiD6KEQvLJSpEO8vdT-KWrl5auDNPZeqBK3I	1unNXd	qadv-arbiter-7x7-rust-lambda-v0.1.0	-	qadv-arbiter-7x7-rust-lambda-v0.1.0	-	D	P	196
g1_l7CtsVZCDpv2ucyt8S7jUMY3iOENTcaY_GuuzW_NxX4	s1_CpKA0rLs98_CBmafGhtQYauTZHPjbjo6tjzyh457mmo	1unNeP	qadv-arbiter-7x7-rust-lambda-v0.1.0	-	qadv-arbiter-7x7-rust-lambda-v0.1.0	-	D	P	196
g1_l7CtsVZCDpv2ucyt8S7jUMY3iOENTcaY_GuuzW_NxX4	s1_RauLaTi4eVgYHSp2TV9pqs9uzTVv0B10g9TaHMWpcZ4	1unNeP	qadv-arbiter-7x7-rust-lambda-v0.1.0	-	qadv-arbiter-7x7-rust-lambda-v0.1.0	-	D	P	-
g1_l7CtsVZCDpv2ucyt8S7jUMY3iOENTcaY_GuuzW_NxX4	s1_n28C7FEb6g7Lwc1Io39AY-U3PSlrNWlUF1e52TF_xZg	1unNeP	qadv-arbiter-7x7-rust-lambda-v0.1.0	-	qadv-arbiter-7x7-rust-lambda-v0.1.0	-	D	P	196
g1_l7CtsVZCDpv2ucyt8S7jUMY3iOENTcaY_GuuzW_NxX4	s1_tNtduYfyLvI5MaFWXtFapMCs7Hg9EItRTxRn_rO2A6c	1unNeP	qadv-arbiter-7x7-rust-lambda-v0.1.0	-	qadv-arbiter-7x7-rust-lambda-v0.1.0	-	D	P	196
g1_l7EFGpaRJEUcNHFCxmhffXoTWhvUVcOgLmLC2_De0uc	s1__fmnSv6OnZklVvMPUjPdL6drtvfrJptRYX3nxZQO8jI	1umxrj	python-gnn-puct-scout-v0.1.0	sha256:b9f80706cc1f29076ee06fe06483697c749148a808c599579045d00a52573938	python-gnn-puct-scout-v0.1.0	sha256:b9f80706cc1f29076ee06fe06483697c749148a808c599579045d00a52573938	D	P	196
g1_l7J4qhT8PEu85Ou-QVV0PRFccbacd6If_kmqtwUemV0	s1_1Zq0VUBoCgtKj0O1nyJde-keQOUJXjl9H13eKQ3Ckys	1unOId	qadv-arbiter-7x7-rust-lambda-v0.1.0	-	qadv-arbiter-7x7-rust-lambda-v0.1.0	-	D	P	196
g1_l7J4qhT8PEu85Ou-QVV0PRFccbacd6If_kmqtwUemV0	s1_9IKPwMzckMlKF7ra2STilTqbUdGmTWfiFBw0v0Z9ysU	1unOId	qadv-arbiter-7x7-rust-lambda-v0.1.0	-	qadv-arbiter-7x7-rust-lambda-v0.1.0	-	D	P	196
g1_l7J4qhT8PEu85Ou-QVV0PRFccbacd6If_kmqtwUemV0	s1_RauLaTi4eVgYHSp2TV9pqs9uzTVv0B10g9TaHMWpcZ4	1unOId	qadv-arbiter-7x7-rust-lambda-v0.1.0	-	qadv-arbiter-7x7-rust-lambda-v0.1.0	-	D	P	-
g1_l7J4qhT8PEu85Ou-QVV0PRFccbacd6If_kmqtwUemV0	s1_fnSTnwuVl8UH2gmvAqLRiWunNiKH2RyBMNCoPT-ca0E	1unOId	qadv-arbiter-7x7-rust-lambda-v0.1.0	-	qadv-arbiter-7x7-rust-lambda-v0.1.0	-	D	P	196
g1_l7e5X01fUKeKazI2oaSZCUeg2e583cYqdpe8MvrGaiQ	s1_FWxTVCm0io7KWgPi4BLFfYRGb_ywh9_ClvNHx6o40P4	1unMkh	qadv-arbiter-7x7-rust-lambda-v0.1.0	-	qadv-arbiter-7x7-rust-lambda-v0.1.0	-	L	P	196
g1_l7e5X01fUKeKazI2oaSZCUeg2e583cYqdpe8MvrGaiQ	s1_RauLaTi4eVgYHSp2TV9pqs9uzTVv0B10g9TaHMWpcZ4	1unMkh	qadv-arbiter-7x7-rust-lambda-v0.1.0	-	qadv-arbiter-7x7-rust-lambda-v0.1.0	-	L	P	-
g1_l7e5X01fUKeKazI2oaSZCUeg2e583cYqdpe8MvrGaiQ	s1_eHRE3b5_Jj2fpeX8S5eChlp3nbsSXxw-aJUnC5Xh4eU	1unMkh	qadv-arbiter-7x7-rust-lambda-v0.1.0	-	qadv-arbiter-7x7-rust-lambda-v0.1.0	-	L	P	196
g1_l7e5X01fUKeKazI2oaSZCUeg2e583cYqdpe8MvrGaiQ	s1_zFchprpkC45wcj6VDZyjgutc9izZvEgk0uHuRjKe8qg	1unMkh	qadv-arbiter-7x7-rust-lambda-v0.1.0	-	qadv-arbiter-7x7-rust-lambda-v0.1.0	-	L	P	196
g1_l7ilhPq7duM6QOT09QLWhXRM9uftSI1b5bM5PAYexSE	s1_1LB6NAgPOeCp4r8rQw4kUOIXWpEdWysFm5RZjWCQSgc	1umwau	python-gnn-puct-learner-v0.1.0	sha256:ab0f739cd33d66781faf60e27797c5ccba3c04ba684f8d9e32e9c2754f4e8956	python-gnn-puct-learner-v0.1.0	sha256:ab0f739cd33d66781faf60e27797c5ccba3c04ba684f8d9e32e9c2754f4e8956	L	P	196
g1_l7ilhPq7duM6QOT09QLWhXRM9uftSI1b5bM5PAYexSE	s1_P4NHYhwuVnEA-dG2X-UVeVotb84A5mwljbYTlTMqr8w	1umwau	python-gnn-puct-learner-v0.1.0	sha256:ab0f739cd33d66781faf60e27797c5ccba3c04ba684f8d9e32e9c2754f4e8956	python-gnn-puct-learner-v0.1.0	sha256:ab0f739cd33d66781faf60e27797c5ccba3c04ba684f8d9e32e9c2754f4e8956	L	P	196
g1_l7jCG3wPB1GOSbcTuPkHEAQo73YxkT7H_Rle2dJ_7xA	s1_4mZ7joouKTYPoYPq4XTU8sYc0aVR8oq_2w0GF9AQOjQ	1unPcK	qadv-arbiter-7x7-rust-lambda-v0.1.0	-	qadv-arbiter-7x7-rust-lambda-v0.1.0	-	D	P	196
g1_l7jCG3wPB1GOSbcTuPkHEAQo73YxkT7H_Rle2dJ_7xA	s1_RauLaTi4eVgYHSp2TV9pqs9uzTVv0B10g9TaHMWpcZ4	1unPcK	qadv-arbiter-7x7-rust-lambda-v0.1.0	-	qadv-arbiter-7x7-rust-lambda-v0.1.0	-	D	P	-
g1_l7jCG3wPB1GOSbcTuPkHEAQo73YxkT7H_Rle2dJ_7xA	s1_TuHwMc4NZ4BRB2vGJfgaRE9kx0Twc8dNfZOTfKD0HC0	1unPcK	qadv-arbiter-7x7-rust-lambda-v0.1.0	-	qadv-arbiter-7x7-rust-lambda-v0.1.0	-	D	P	196
g1_l7jCG3wPB1GOSbcTuPkHEAQo73YxkT7H_Rle2dJ_7xA	s1_wOPpxOLCo-jNimJ4PExo6wDZl9vByABGYnKNgp-bxbY	1unPcK	qadv-arbiter-7x7-rust-lambda-v0.1.0	-	qadv-arbiter-7x7-rust-lambda-v0.1.0	-	D	P	196
g1_l7o7HCXe7lVDiIo2Gi7EDjl-HwccMVZQS86sYcGzs2c	s1_1av6nXQkq-GSHXfjkVlGHGpAq8F9UbW4JwZmyFA-vww	1umvCX	python-gnn-puct-scout-v0.1.0	sha256:b9f80706cc1f29076ee06fe06483697c749148a808c599579045d00a52573938	python-gnn-puct-scout-v0.1.0	sha256:b9f80706cc1f29076ee06fe06483697c749148a808c599579045d00a52573938	-	M	196
g1_l7o7HCXe7lVDiIo2Gi7EDjl-HwccMVZQS86sYcGzs2c	s1_Brk0hkuJoH-MBjdd53AO5tlWcOgDWV_R0PO74fHGd_0	1umvCX	python-gnn-puct-scout-v0.1.0	sha256:b9f80706cc1f29076ee06fe06483697c749148a808c599579045d00a52573938	python-gnn-puct-scout-v0.1.0	sha256:b9f80706cc1f29076ee06fe06483697c749148a808c599579045d00a52573938	-	M	196
g1_l7o7HCXe7lVDiIo2Gi7EDjl-HwccMVZQS86sYcGzs2c	s1_D_X-fTFZy6xuyGSC5jFyKBW6IP_59Jbomefazf4xu44	1umvCX	python-gnn-puct-scout-v0.1.0	sha256:b9f80706cc1f29076ee06fe06483697c749148a808c599579045d00a52573938	python-gnn-puct-scout-v0.1.0	sha256:b9f80706cc1f29076ee06fe06483697c749148a808c599579045d00a52573938	-	M	196
g1_l7sMiLS7ao8d7iUGcf9V_u9-hilCjT-8kM_oJovNwNw	s1_4QzinnQLixOy1WhdsoJMHLslGg0wVNSB-EQ7-u40Ljg	1unOW8	qadv-arbiter-7x7-rust-lambda-v0.1.0	-	qadv-arbiter-7x7-rust-lambda-v0.1.0	-	D	P	196
g1_l7sMiLS7ao8d7iUGcf9V_u9-hilCjT-8kM_oJovNwNw	s1_RauLaTi4eVgYHSp2TV9pqs9uzTVv0B10g9TaHMWpcZ4	1unOW8	qadv-arbiter-7x7-rust-lambda-v0.1.0	-	qadv-arbiter-7x7-rust-lambda-v0.1.0	-	D	P	-
g1_l7sMiLS7ao8d7iUGcf9V_u9-hilCjT-8kM_oJovNwNw	s1_aiSSGE3EjHSWFCQp03wa2uKTbEvwJH7CJ_tQkg_j8Aw	1unOW8	qadv-arbiter-7x7-rust-lambda-v0.1.0	-	qadv-arbiter-7x7-rust-lambda-v0.1.0	-	D	P	196
g1_l7sMiLS7ao8d7iUGcf9V_u9-hilCjT-8kM_oJovNwNw	s1_rJZocYWlkSdQBj4Rm2mCbZrB34oCr4X0xTp7dMaFgeM	1unOW8	qadv-arbiter-7x7-rust-lambda-v0.1.0	-	qadv-arbiter-7x7-rust-lambda-v0.1.0	-	D	P	196
g1_l7tEXrX8HQ1EKFDIb0trnbBnTwt7BF0LkW-cvkydXi8	s1_Jessb9UA5XfIasy-HIN9QbnGl9kMsuNpSO3iWtIBqt4	1unOaq	qadv-arbiter-7x7-rust-lambda-v0.1.0	-	qadv-arbiter-7x7-rust-lambda-v0.1.0	-	D	P	196
g1_l7tEXrX8HQ1EKFDIb0trnbBnTwt7BF0LkW-cvkydXi8	s1_RauLaTi4eVgYHSp2TV9pqs9uzTVv0B10g9TaHMWpcZ4	1unOaq	qadv-arbiter-7x7-rust-lambda-v0.1.0	-	qadv-arbiter-7x7-rust-lambda-v0.1.0	-	D	P	-
g1_l7tEXrX8HQ1EKFDIb0trnbBnTwt7BF0LkW-cvkydXi8	s1_Rk38-6ZMHNb3djxj8649ue2NRWEQMpnJ29gZTSD63sE	1unOaq	qadv-arbiter-7x7-rust-lambda-v0.1.0	-	qadv-arbiter-7x7-rust-lambda-v0.1.0	-	D	P	196
g1_l7tEXrX8HQ1EKFDIb0trnbBnTwt7BF0LkW-cvkydXi8	s1_zfkvJzQj9pp7mDyUtegkqszpfrne6pP4jxsSFOWHnyM	1unOaq	qadv-arbiter-7x7-rust-lambda-v0.1.0	-	qadv-arbiter-7x7-rust-lambda-v0.1.0	-	D	P	196
g1_l7wtv3GbotTfxd5FlaFqkRFaO1mPkTTcAfyTvGUapCY	s1_R7msRMCJBBdTXdt_pgU53q9VW4dac-ZjMdLjYAnBd5o	1umvcI	rust-pathfinder-v0.1.0	-	coin-flip-seeded	-	L	P	120
g1_l7yiqL54G2Axz0K4uhptDENqvqO_8ho75DiMEzaOtBs	s1_WpYQrS3Y5EBPp4KoxQeXdmkSNGGu7uzGmTP-APlIkYU	1umwQ6	rust-pathfinder-onnx-sorter-v0.1.0	-	rust-pathfinder-v0.3.0	-	L	P	120
g1_l8CYNQytr3LyrKH_WTocztLXfH8V_DdFaoYE3u1O1PU	s1_1LB6NAgPOeCp4r8rQw4kUOIXWpEdWysFm5RZjWCQSgc	1umwPP	python-gnn-puct-learner-v0.1.0	sha256:ab0f739cd33d66781faf60e27797c5ccba3c04ba684f8d9e32e9c2754f4e8956	python-gnn-puct-learner-v0.1.0	sha256:ab0f739cd33d66781faf60e27797c5ccba3c04ba684f8d9e32e9c2754f4e8956	L	P	196
g1_l8CYNQytr3LyrKH_WTocztLXfH8V_DdFaoYE3u1O1PU	s1_P4NHYhwuVnEA-dG2X-UVeVotb84A5mwljbYTlTMqr8w	1umwPP	python-gnn-puct-learner-v0.1.0	sha256:ab0f739cd33d66781faf60e27797c5ccba3c04ba684f8d9e32e9c2754f4e8956	python-gnn-puct-learner-v0.1.0	sha256:ab0f739cd33d66781faf60e27797c5ccba3c04ba684f8d9e32e9c2754f4e8956	L	P	196
g1_l8GuDg_AxS9Te027hYYpCXfxxCaElxLZIOhQWb9w5MU	s1_1av6nXQkq-GSHXfjkVlGHGpAq8F9UbW4JwZmyFA-vww	1umv8Y	python-gnn-puct-scout-v0.1.0	sha256:b9f80706cc1f29076ee06fe06483697c749148a808c599579045d00a52573938	python-gnn-puct-scout-v0.1.0	sha256:b9f80706cc1f29076ee06fe06483697c749148a808c599579045d00a52573938	-	M	196
g1_l8GuDg_AxS9Te027hYYpCXfxxCaElxLZIOhQWb9w5MU	s1_Brk0hkuJoH-MBjdd53AO5tlWcOgDWV_R0PO74fHGd_0	1umv8Y	python-gnn-puct-scout-v0.1.0	sha256:b9f80706cc1f29076ee06fe06483697c749148a808c599579045d00a52573938	python-gnn-puct-scout-v0.1.0	sha256:b9f80706cc1f29076ee06fe06483697c749148a808c599579045d00a52573938	-	M	196
g1_l8GuDg_AxS9Te027hYYpCXfxxCaElxLZIOhQWb9w5MU	s1_D_X-fTFZy6xuyGSC5jFyKBW6IP_59Jbomefazf4xu44	1umv8Y	python-gnn-puct-scout-v0.1.0	sha256:b9f80706cc1f29076ee06fe06483697c749148a808c599579045d00a52573938	python-gnn-puct-scout-v0.1.0	sha256:b9f80706cc1f29076ee06fe06483697c749148a808c599579045d00a52573938	-	M	196
g1_l8HCCIZzX0iqMEb4Iq-lkwl14ZbBR1J_GtzN5v3Ked4	s1_CEtnyncu2FLKw6vcW0aWifhBSjwFeejMqSxt64wjUx0	1un7rl	lunatic-v0.1.0	-	qadv-arbiter-guided-7x7-v0.2.0	sha256:9c0e5e530df7db77a98f6a2e75fe63a6f629c6ad6563e0b5454793ebc243b14d	D	P	196
g1_l8HCCIZzX0iqMEb4Iq-lkwl14ZbBR1J_GtzN5v3Ked4	s1_O3cuwuia8XT9TI7Nxr3tRcajOA20XFHEIT2fYX3WizY	1un7rl	lunatic-v0.1.0	-	qadv-arbiter-guided-7x7-v0.2.0	sha256:9c0e5e530df7db77a98f6a2e75fe63a6f629c6ad6563e0b5454793ebc243b14d	D	P	196
g1_l8HCCIZzX0iqMEb4Iq-lkwl14ZbBR1J_GtzN5v3Ked4	s1_kkT8qkQBd2qeSRsdFDNDwTiWXOzS6wyj7q-eie2p0s4	1un7rl	lunatic-v0.1.0	-	qadv-arbiter-guided-7x7-v0.2.0	sha256:9c0e5e530df7db77a98f6a2e75fe63a6f629c6ad6563e0b5454793ebc243b14d	D	P	196
g1_l8Q_vNBHyO870_7DgJjk5N5XZC46OMqmK8e1xLc-VRA	s1_JaK6f1VVWZ1LTnylo7S_lKLlyPvVjQwbF2z5tuJuJZk	1unPu_	qadv-arbiter-7x7-rust-lambda-v0.1.0	-	qadv-arbiter-7x7-rust-lambda-v0.1.0	-	L	P	196
g1_l8Q_vNBHyO870_7DgJjk5N5XZC46OMqmK8e1xLc-VRA	s1_RauLaTi4eVgYHSp2TV9pqs9uzTVv0B10g9TaHMWpcZ4	1unPu_	qadv-arbiter-7x7-rust-lambda-v0.1.0	-	qadv-arbiter-7x7-rust-lambda-v0.1.0	-	L	P	-
g1_l8Q_vNBHyO870_7DgJjk5N5XZC46OMqmK8e1xLc-VRA	s1_VUq4qAGcunWwL_MCfgfKEH3QSLzKiF8ATZReitLm8rA	1unPu_	qadv-arbiter-7x7-rust-lambda-v0.1.0	-	qadv-arbiter-7x7-rust-lambda-v0.1.0	-	L	P	196
g1_l8Q_vNBHyO870_7DgJjk5N5XZC46OMqmK8e1xLc-VRA	s1_oWPh-sY8KushVghIWJUkdTsDWReUm4-3pzTpd9idOY0	1unPu_	qadv-arbiter-7x7-rust-lambda-v0.1.0	-	qadv-arbiter-7x7-rust-lambda-v0.1.0	-	L	P	196
g1_l8jJwZNOt-F_E9DjKqLehIK6rnAyQrDFX84UKqy1SHg	s1_3MGJ_813J33bdGm8dZnpB20057YvXkSxvSutYa9Pi44	1unPtN	qadv-arbiter-7x7-rust-lambda-v0.1.0	-	qadv-arbiter-7x7-rust-lambda-v0.1.0	-	L	P	196
g1_l8jJwZNOt-F_E9DjKqLehIK6rnAyQrDFX84UKqy1SHg	s1_NVU_Ip561RKbBCyiGVifzlZ7JWtMfGYaiD-p1Vnqgjo	1unPtN	qadv-arbiter-7x7-rust-lambda-v0.1.0	-	qadv-arbiter-7x7-rust-lambda-v0.1.0	-	L	P	196
g1_l8jJwZNOt-F_E9DjKqLehIK6rnAyQrDFX84UKqy1SHg	s1_RauLaTi4eVgYHSp2TV9pqs9uzTVv0B10g9TaHMWpcZ4	1unPtN	qadv-arbiter-7x7-rust-lambda-v0.1.0	-	qadv-arbiter-7x7-rust-lambda-v0.1.0	-	L	P	-
g1_l8jJwZNOt-F_E9DjKqLehIK6rnAyQrDFX84UKqy1SHg	s1_UnH1Aj2oUNgT-mhAYh0fZDjr6aAEKDiDJKg3D4OZhPw	1unPtN	qadv-arbiter-7x7-rust-lambda-v0.1.0	-	qadv-arbiter-7x7-rust-lambda-v0.1.0	-	L	P	196
g1_l8nj7n8rlq7EpSX04n2L0FN6i_n1PxD8eo7_fj2stDA	s1_RauLaTi4eVgYHSp2TV9pqs9uzTVv0B10g9TaHMWpcZ4	1unPrL	qadv-arbiter-7x7-rust-lambda-v0.1.0	-	qadv-arbiter-7x7-rust-lambda-v0.1.0	-	L	P	-
g1_l8nj7n8rlq7EpSX04n2L0FN6i_n1PxD8eo7_fj2stDA	s1_S_vNsuwD-kJxEA4jjmXHr_aFIPk67x5veKN4z8bFEKk	1unPrL	qadv-arbiter-7x7-rust-lambda-v0.1.0	-	qadv-arbiter-7x7-rust-lambda-v0.1.0	-	L	P	196
g1_l8nj7n8rlq7EpSX04n2L0FN6i_n1PxD8eo7_fj2stDA	s1_kCR_hAVLaxssIVn9CdHtFKR29iytKqnR7Om_slxRdtE	1unPrL	qadv-arbiter-7x7-rust-lambda-v0.1.0	-	qadv-arbiter-7x7-rust-lambda-v0.1.0	-	L	P	196
g1_l8nj7n8rlq7EpSX04n2L0FN6i_n1PxD8eo7_fj2stDA	s1_r03E1nIMbHDoh1IssyKQ47pL7WYy6jJJHzjD7hRiLMs	1unPrL	qadv-arbiter-7x7-rust-lambda-v0.1.0	-	qadv-arbiter-7x7-rust-lambda-v0.1.0	-	L	P	196
g1_l97VbsZtrSGTWG4GdDh7LYz99KmVRTZtGMMpdRN_gks	s1_6PYUQh8tYEvz2CEFXrSWRsYRdl-h4qEVv6pd_Bf26bQ	1unPHA	qadv-arbiter-7x7-rust-lambda-v0.1.0	-	qadv-arbiter-7x7-rust-lambda-v0.1.0	-	L	P	196
g1_l97VbsZtrSGTWG4GdDh7LYz99KmVRTZtGMMpdRN_gks	s1_H-KIUDijcLwv9eAxlvxQp9fL33Iudoo5wZbsPsTrZXw	1unPHA	qadv-arbiter-7x7-rust-lambda-v0.1.0	-	qadv-arbiter-7x7-rust-lambda-v0.1.0	-	L	P	196
g1_l97VbsZtrSGTWG4GdDh7LYz99KmVRTZtGMMpdRN_gks	s1_RauLaTi4eVgYHSp2TV9pqs9uzTVv0B10g9TaHMWpcZ4	1unPHA	qadv-arbiter-7x7-rust-lambda-v0.1.0	-	qadv-arbiter-7x7-rust-lambda-v0.1.0	-	L	P	-
g1_l97VbsZtrSGTWG4GdDh7LYz99KmVRTZtGMMpdRN_gks	s1_wk9V9gTrKJA53gv44H3yz3DfNn1q8v4m02OaeGVriMA	1unPHA	qadv-arbiter-7x7-rust-lambda-v0.1.0	-	qadv-arbiter-7x7-rust-lambda-v0.1.0	-	L	P	196
g1_l9AfZ6sK5Z9DAJEzE6FLYqM9jP7jtq9F4XfNqboaqKc	s1_O3cuwuia8XT9TI7Nxr3tRcajOA20XFHEIT2fYX3WizY	1un75r	cnn-reval30k-7x7	sha256:7439239ff343dcc422cb918560b1b72433f2e13628580427343a446f349c6f5a	qadv-arbiter-guided-7x7-v0.2.0	sha256:9c0e5e530df7db77a98f6a2e75fe63a6f629c6ad6563e0b5454793ebc243b14d	D	P	196
g1_l9AfZ6sK5Z9DAJEzE6FLYqM9jP7jtq9F4XfNqboaqKc	s1__sCLqkv1QowbQOLtcMj1HZM3ouupeB2AXWyXf93UYhE	1un75r	cnn-reval30k-7x7	sha256:7439239ff343dcc422cb918560b1b72433f2e13628580427343a446f349c6f5a	qadv-arbiter-guided-7x7-v0.2.0	sha256:9c0e5e530df7db77a98f6a2e75fe63a6f629c6ad6563e0b5454793ebc243b14d	D	P	196
g1_l9AfZ6sK5Z9DAJEzE6FLYqM9jP7jtq9F4XfNqboaqKc	s1_sxtZ5wkCkg2ztmYoEeuJnPS6kIKyTpUpx59OMIplfiA	1un75r	cnn-reval30k-7x7	sha256:7439239ff343dcc422cb918560b1b72433f2e13628580427343a446f349c6f5a	qadv-arbiter-guided-7x7-v0.2.0	sha256:9c0e5e530df7db77a98f6a2e75fe63a6f629c6ad6563e0b5454793ebc243b14d	D	P	196
g1_l9Lxw121ZjmgTiAeJ-D7dm2lZ2ADRj9Yevb6BZMjl2w	s1_P0375NZNB72CmIW5Qt2x8sA9Mwi7oDJdnB8k6rMGYUs	1unQ07	qadv-arbiter-7x7-rust-lambda-v0.1.0	-	qadv-arbiter-7x7-rust-lambda-v0.1.0	-	D	P	196
g1_l9Lxw121ZjmgTiAeJ-D7dm2lZ2ADRj9Yevb6BZMjl2w	s1_R0Po2pAGjqE9R-AtnvQaWl-X8mhmF_W80SnvFJkJIuQ	1unQ07	qadv-arbiter-7x7-rust-lambda-v0.1.0	-	qadv-arbiter-7x7-rust-lambda-v0.1.0	-	D	P	196
g1_l9Lxw121ZjmgTiAeJ-D7dm2lZ2ADRj9Yevb6BZMjl2w	s1_RauLaTi4eVgYHSp2TV9pqs9uzTVv0B10g9TaHMWpcZ4	1unQ07	qadv-arbiter-7x7-rust-lambda-v0.1.0	-	qadv-arbiter-7x7-rust-lambda-v0.1.0	-	D	P	-
g1_l9Lxw121ZjmgTiAeJ-D7dm2lZ2ADRj9Yevb6BZMjl2w	s1_tX8fRz3h7BmX6G6_p4c2TzRtnoE8hunH1Pw6Q9RqlBQ	1unQ07	qadv-arbiter-7x7-rust-lambda-v0.1.0	-	qadv-arbiter-7x7-rust-lambda-v0.1.0	-	D	P	196
g1_l9STD44NETD7rZD-xIAzpZOLtCYv8oZDqurpHCzMsV4	s1_FTKk95CMVl2lyal2PltPi4NijfsfWZPifdPeUdbxaAs	1unLu9	qadv-arbiter-7x7-rust-lambda-v0.1.0	-	qadv-arbiter-7x7-rust-lambda-v0.1.0	-	L	P	196
g1_l9STD44NETD7rZD-xIAzpZOLtCYv8oZDqurpHCzMsV4	s1_RauLaTi4eVgYHSp2TV9pqs9uzTVv0B10g9TaHMWpcZ4	1unLu9	qadv-arbiter-7x7-rust-lambda-v0.1.0	-	qadv-arbiter-7x7-rust-lambda-v0.1.0	-	L	P	-
g1_l9STD44NETD7rZD-xIAzpZOLtCYv8oZDqurpHCzMsV4	s1_UA398DHCuzCs5ag8D8eMLWh8Bpz4iLEP--9yi4zdo6U	1unLu9	qadv-arbiter-7x7-rust-lambda-v0.1.0	-	qadv-arbiter-7x7-rust-lambda-v0.1.0	-	L	P	196
g1_l9STD44NETD7rZD-xIAzpZOLtCYv8oZDqurpHCzMsV4	s1_XqNNbkpMbJ6YAJ2HPy1Dek6TRvS-AeM-ZGJHT3o3CDQ	1unLu9	qadv-arbiter-7x7-rust-lambda-v0.1.0	-	qadv-arbiter-7x7-rust-lambda-v0.1.0	-	L	P	196
g1_lA2KOX4eCjIkgFSushbwVWX3eIT2tX_qCBa49tfyCFo	s1_1av6nXQkq-GSHXfjkVlGHGpAq8F9UbW4JwZmyFA-vww	1DIew	python-gnn-puct-v0.1.0	sha256:6f9ad6e4a0993da3cf34a8549e86f9b5d512c51e11bfa76dfe051e7a8801bdac	python-gnn-puct-v0.1.0	sha256:6f9ad6e4a0993da3cf34a8549e86f9b5d512c51e11bfa76dfe051e7a8801bdac	L	P	196
g1_lA2KOX4eCjIkgFSushbwVWX3eIT2tX_qCBa49tfyCFo	s1_Brk0hkuJoH-MBjdd53AO5tlWcOgDWV_R0PO74fHGd_0	1DIew	python-gnn-puct-v0.1.0	sha256:6f9ad6e4a0993da3cf34a8549e86f9b5d512c51e11bfa76dfe051e7a8801bdac	python-gnn-puct-v0.1.0	sha256:6f9ad6e4a0993da3cf34a8549e86f9b5d512c51e11bfa76dfe051e7a8801bdac	L	P	196
g1_lA2KOX4eCjIkgFSushbwVWX3eIT2tX_qCBa49tfyCFo	s1_KmF8KhDbubz6lwdS8R_n_yTGdSONmH9B1wUABbyCj94	1DIew	python-gnn-puct-v0.1.0	sha256:6f9ad6e4a0993da3cf34a8549e86f9b5d512c51e11bfa76dfe051e7a8801bdac	python-gnn-puct-v0.1.0	sha256:6f9ad6e4a0993da3cf34a8549e86f9b5d512c51e11bfa76dfe051e7a8801bdac	L	P	196
g1_lA2KOX4eCjIkgFSushbwVWX3eIT2tX_qCBa49tfyCFo	s1_g5pGkHBMEhzAYvwFY0b24sSc7wC9JfnWApMHHZ_aMPI	1DIew	python-gnn-puct-v0.1.0	sha256:6f9ad6e4a0993da3cf34a8549e86f9b5d512c51e11bfa76dfe051e7a8801bdac	python-gnn-puct-v0.1.0	sha256:6f9ad6e4a0993da3cf34a8549e86f9b5d512c51e11bfa76dfe051e7a8801bdac	L	P	196
g1_lA2KOX4eCjIkgFSushbwVWX3eIT2tX_qCBa49tfyCFo	s1_tol_POp6BcgBLMWq8iDfRBQSAXpESHxFwmcCQYXv0yQ	1DIew	python-gnn-puct-v0.1.0	sha256:6f9ad6e4a0993da3cf34a8549e86f9b5d512c51e11bfa76dfe051e7a8801bdac	python-gnn-puct-v0.1.0	sha256:6f9ad6e4a0993da3cf34a8549e86f9b5d512c51e11bfa76dfe051e7a8801bdac	L	P	196
g1_lA68lG9Dx2DZZtFGkC2yG9s6yQlXD_HHyqRbxGj0k6Q	s1_MmGnPHc2yrT-xhK9poYnooARQkFtDibUSB0V5drzJoM	1unLqQ	qadv-arbiter-7x7-rust-lambda-v0.1.0	-	qadv-arbiter-7x7-rust-lambda-v0.1.0	-	L	P	196
g1_lA68lG9Dx2DZZtFGkC2yG9s6yQlXD_HHyqRbxGj0k6Q	s1_RauLaTi4eVgYHSp2TV9pqs9uzTVv0B10g9TaHMWpcZ4	1unLqQ	qadv-arbiter-7x7-rust-lambda-v0.1.0	-	qadv-arbiter-7x7-rust-lambda-v0.1.0	-	L	P	-
g1_lA68lG9Dx2DZZtFGkC2yG9s6yQlXD_HHyqRbxGj0k6Q	s1_a_wyiv6UZQ3fHYMmT7NtX-OgMgeouuOz-WP6c8rY6Do	1unLqQ	qadv-arbiter-7x7-rust-lambda-v0.1.0	-	qadv-arbiter-7x7-rust-lambda-v0.1.0	-	L	P	196
g1_lA68lG9Dx2DZZtFGkC2yG9s6yQlXD_HHyqRbxGj0k6Q	s1_xwu7tMP4-HhwaxfkUh7lHod0HHYciKIE4deHyAV32L0	1unLqQ	qadv-arbiter-7x7-rust-lambda-v0.1.0	-	qadv-arbiter-7x7-rust-lambda-v0.1.0	-	L	P	196
g1_lABXijvfsLr8RzwYjb-UO9ot2KDMtGa2VHFPaxdcBHM	s1_JaqhE_D-2DZoHhCSbLu7BWbYk92qo7FK2O6Vs9KavO0	1unMK8	qadv-arbiter-7x7-rust-lambda-v0.1.0	-	qadv-arbiter-7x7-rust-lambda-v0.1.0	-	L	P	196
g1_lABXijvfsLr8RzwYjb-UO9ot2KDMtGa2VHFPaxdcBHM	s1_RauLaTi4eVgYHSp2TV9pqs9uzTVv0B10g9TaHMWpcZ4	1unMK8	qadv-arbiter-7x7-rust-lambda-v0.1.0	-	qadv-arbiter-7x7-rust-lambda-v0.1.0	-	L	P	-
g1_lABXijvfsLr8RzwYjb-UO9ot2KDMtGa2VHFPaxdcBHM	s1__jClZ2wLQ-m8YJxNv3_Tc9cJ7c00Kmxpq5oM6V433qk	1unMK8	qadv-arbiter-7x7-rust-lambda-v0.1.0	-	qadv-arbiter-7x7-rust-lambda-v0.1.0	-	L	P	196
g1_lABXijvfsLr8RzwYjb-UO9ot2KDMtGa2VHFPaxdcBHM	s1_rsQSPI4gKgOUDYqtewVF6AZK_eOMdoVPqXErUOboa3g	1unMK8	qadv-arbiter-7x7-rust-lambda-v0.1.0	-	qadv-arbiter-7x7-rust-lambda-v0.1.0	-	L	P	196
g1_lARoyonX_Rx9s591TCzFhs3stKkom92-ovNynGjnSwQ	s1_J3Mwc14MX9Mu9-cELkn1kw4jgcOK3NEn2I-ayDMpVGU	1unM4e	qadv-arbiter-7x7-rust-lambda-v0.1.0	-	qadv-arbiter-7x7-rust-lambda-v0.1.0	-	D	P	196
g1_lARoyonX_Rx9s591TCzFhs3stKkom92-ovNynGjnSwQ	s1_RauLaTi4eVgYHSp2TV9pqs9uzTVv0B10g9TaHMWpcZ4	1unM4e	qadv-arbiter-7x7-rust-lambda-v0.1.0	-	qadv-arbiter-7x7-rust-lambda-v0.1.0	-	D	P	-
g1_lARoyonX_Rx9s591TCzFhs3stKkom92-ovNynGjnSwQ	s1_eMcWkXhgxIru8Lc-0CovKWj2TFJQgVvyeVOp-aYf_fU	1unM4e	qadv-arbiter-7x7-rust-lambda-v0.1.0	-	qadv-arbiter-7x7-rust-lambda-v0.1.0	-	D	P	196
g1_lARoyonX_Rx9s591TCzFhs3stKkom92-ovNynGjnSwQ	s1_zlkMz8yx8jaULCeSWu9iCdZoFZo6QsV7HNtfi96SA7k	1unM4e	qadv-arbiter-7x7-rust-lambda-v0.1.0	-	qadv-arbiter-7x7-rust-lambda-v0.1.0	-	D	P	196
g1_lAUTOM1QOUtytxjk4kSUAOCax46lebrb40xsf8r_4uE	s1_0JbN5LHINqtM_6DdnQwDs5Co1qR1by2iMXeHVTBYEbE	1unQh8	qadv-arbiter-7x7-v0.1.0	-	pathfinder-v0.3.0	-	D	P	196
g1_lAUTOM1QOUtytxjk4kSUAOCax46lebrb40xsf8r_4uE	s1_2FtaP75xgRVTNrUvmC0NIesJCNy8IDFJ05WNM4nUnpg	1unQh8	qadv-arbiter-7x7-v0.1.0	-	pathfinder-v0.3.0	-	D	P	196
g1_lAUTOM1QOUtytxjk4kSUAOCax46lebrb40xsf8r_4uE	s1_EMAArXmeNonF7axkhylrSEpN9T2VnrF-A_EAhty0My4	1unQh8	qadv-arbiter-7x7-v0.1.0	-	pathfinder-v0.3.0	-	D	P	196
g1_lAUTOM1QOUtytxjk4kSUAOCax46lebrb40xsf8r_4uE	s1_ICotGO8JC90NRW9z6pSNQ2tmGS0HSNZtj8NQa2h9eN0	1unQh8	qadv-arbiter-7x7-v0.1.0	-	pathfinder-v0.3.0	-	D	P	196
g1_lAUTOM1QOUtytxjk4kSUAOCax46lebrb40xsf8r_4uE	s1_RauLaTi4eVgYHSp2TV9pqs9uzTVv0B10g9TaHMWpcZ4	1unQh8	qadv-arbiter-7x7-v0.1.0	-	pathfinder-v0.3.0	-	D	P	-
g1_lAVwZC5fohhm-jwIp1GK2FxtXclJoCy0nO8hj7z198I	s1_1LB6NAgPOeCp4r8rQw4kUOIXWpEdWysFm5RZjWCQSgc	1umwTi	python-gnn-puct-learner-v0.1.0	sha256:ab0f739cd33d66781faf60e27797c5ccba3c04ba684f8d9e32e9c2754f4e8956	python-gnn-puct-learner-v0.1.0	sha256:ab0f739cd33d66781faf60e27797c5ccba3c04ba684f8d9e32e9c2754f4e8956	L	P	196
g1_lAVwZC5fohhm-jwIp1GK2FxtXclJoCy0nO8hj7z198I	s1_P4NHYhwuVnEA-dG2X-UVeVotb84A5mwljbYTlTMqr8w	1umwTi	python-gnn-puct-learner-v0.1.0	sha256:ab0f739cd33d66781faf60e27797c5ccba3c04ba684f8d9e32e9c2754f4e8956	python-gnn-puct-learner-v0.1.0	sha256:ab0f739cd33d66781faf60e27797c5ccba3c04ba684f8d9e32e9c2754f4e8956	L	P	196
g1_lAXic0y3EshmA6C0zAjmfhgZP-XmOgEb1_RTiTQLhlU	s1_NCGChsH830_hsd22U8-G1TchF4nZ18h_zxypSJL24EI	1unP4P	qadv-arbiter-7x7-rust-lambda-v0.1.0	-	qadv-arbiter-7x7-rust-lambda-v0.1.0	-	L	P	196
g1_lAXic0y3EshmA6C0zAjmfhgZP-XmOgEb1_RTiTQLhlU	s1_PARwVkCP05SnJXh6n-Ylee9n3Tpae1b6oitQtKMlgVA	1unP4P	qadv-arbiter-7x7-rust-lambda-v0.1.0	-	qadv-arbiter-7x7-rust-lambda-v0.1.0	-	L	P	196
g1_lAXic0y3EshmA6C0zAjmfhgZP-XmOgEb1_RTiTQLhlU	s1_RauLaTi4eVgYHSp2TV9pqs9uzTVv0B10g9TaHMWpcZ4	1unP4P	qadv-arbiter-7x7-rust-lambda-v0.1.0	-	qadv-arbiter-7x7-rust-lambda-v0.1.0	-	L	P	-
g1_lAXic0y3EshmA6C0zAjmfhgZP-XmOgEb1_RTiTQLhlU	s1_YiD9eSh3uRM1SJCrpZw9MZGM5pA7UtJI9MTfj85Fas8	1unP4P	qadv-arbiter-7x7-rust-lambda-v0.1.0	-	qadv-arbiter-7x7-rust-lambda-v0.1.0	-	L	P	196
g1_lAe4CLmLl_gydOmtFDpglSyX-jS0lsqfueVuOZKJRXY	s1_6GtyGf2yvUH782C-MTsxaPDiCRX3o9i9X5QDHWOyjUo	1unM2-	qadv-arbiter-7x7-rust-lambda-v0.1.0	-	qadv-arbiter-7x7-rust-lambda-v0.1.0	-	L	P	196
g1_lAe4CLmLl_gydOmtFDpglSyX-jS0lsqfueVuOZKJRXY	s1_NjJtt48WKeHrq1sczyf23_fH8W7MkqOxn3_bgMlJcPc	1unM2-	qadv-arbiter-7x7-rust-lambda-v0.1.0	-	qadv-arbiter-7x7-rust-lambda-v0.1.0	-	L	P	196
g1_lAe4CLmLl_gydOmtFDpglSyX-jS0lsqfueVuOZKJRXY	s1_RauLaTi4eVgYHSp2TV9pqs9uzTVv0B10g9TaHMWpcZ4	1unM2-	qadv-arbiter-7x7-rust-lambda-v0.1.0	-	qadv-arbiter-7x7-rust-lambda-v0.1.0	-	L	P	-
g1_lAe4CLmLl_gydOmtFDpglSyX-jS0lsqfueVuOZKJRXY	s1_r1Ub_tLtw_oTez-SM3KymFvtRVy0qKg9QpnSAvjgVOk	1unM2-	qadv-arbiter-7x7-rust-lambda-v0.1.0	-	qadv-arbiter-7x7-rust-lambda-v0.1.0	-	L	P	196
g1_lAiWldUILx1Dka_yzz0zbKHiTPwmuNhT8VWXj1rG5S4	s1_GLW-E0PYcDYXElF_Ibv-XKtzXdYKCySMz7s8bVR3r9o	1un5OP	surveyor-v0.2.0	-	qadv-arbiter-guided-7x7-v0.2.0	sha256:9c0e5e530df7db77a98f6a2e75fe63a6f629c6ad6563e0b5454793ebc243b14d	L	P	196
g1_lAiWldUILx1Dka_yzz0zbKHiTPwmuNhT8VWXj1rG5S4	s1_O3cuwuia8XT9TI7Nxr3tRcajOA20XFHEIT2fYX3WizY	1un5OP	surveyor-v0.2.0	-	qadv-arbiter-guided-7x7-v0.2.0	sha256:9c0e5e530df7db77a98f6a2e75fe63a6f629c6ad6563e0b5454793ebc243b14d	L	P	196
g1_lAiWldUILx1Dka_yzz0zbKHiTPwmuNhT8VWXj1rG5S4	s1_g6m_F25QA1x_rKWVwpeYFV6S7hZZaTfg60yuJczFcDc	1un5OP	surveyor-v0.2.0	-	qadv-arbiter-guided-7x7-v0.2.0	sha256:9c0e5e530df7db77a98f6a2e75fe63a6f629c6ad6563e0b5454793ebc243b14d	L	P	196
g1_lAn1lZZ261TFOsqtKb2UwNcJbW_tkCRvwPRteZnwWy0	s1_KsByGkpQWIxJLwG4850VUhPhRoFXtKKgPNScjqAYPZM	1unM5q	qadv-arbiter-7x7-rust-lambda-v0.1.0	-	qadv-arbiter-7x7-rust-lambda-v0.1.0	-	D	P	196
g1_lAn1lZZ261TFOsqtKb2UwNcJbW_tkCRvwPRteZnwWy0	s1_RauLaTi4eVgYHSp2TV9pqs9uzTVv0B10g9TaHMWpcZ4	1unM5q	qadv-arbiter-7x7-rust-lambda-v0.1.0	-	qadv-arbiter-7x7-rust-lambda-v0.1.0	-	D	P	-
g1_lAn1lZZ261TFOsqtKb2UwNcJbW_tkCRvwPRteZnwWy0	s1_pORnql1x8optQ-mhehW_0kmV1lj4tDB3HPd3cqAFH6I	1unM5q	qadv-arbiter-7x7-rust-lambda-v0.1.0	-	qadv-arbiter-7x7-rust-lambda-v0.1.0	-	D	P	196
g1_lAn1lZZ261TFOsqtKb2UwNcJbW_tkCRvwPRteZnwWy0	s1_rniIp0X1TqqxxAKAn5GFVxPjPM-eWyBaSGykVjQ_6aQ	1unM5q	qadv-arbiter-7x7-rust-lambda-v0.1.0	-	qadv-arbiter-7x7-rust-lambda-v0.1.0	-	D	P	196
g1_lAoMUcpZ0QC88W8-Iq8gTwZxMhPGEiD8pBmc4V55wTw	s1_1av6nXQkq-GSHXfjkVlGHGpAq8F9UbW4JwZmyFA-vww	1DIbB	lunatic-v0.1.0	-	rust-pathfinder-v0.1.0	-	D	P	-
g1_lAoMUcpZ0QC88W8-Iq8gTwZxMhPGEiD8pBmc4V55wTw	s1_9Eroywf7tuDrn-hcfZPjlEa1DSRUykCRn9Z11u8ySIo	1DIbB	lunatic-v0.1.0	-	rust-pathfinder-v0.1.0	-	D	P	-
g1_lAoMUcpZ0QC88W8-Iq8gTwZxMhPGEiD8pBmc4V55wTw	s1_Brk0hkuJoH-MBjdd53AO5tlWcOgDWV_R0PO74fHGd_0	1DIbB	lunatic-v0.1.0	-	rust-pathfinder-v0.1.0	-	D	P	-
g1_lAoMUcpZ0QC88W8-Iq8gTwZxMhPGEiD8pBmc4V55wTw	s1_KmF8KhDbubz6lwdS8R_n_yTGdSONmH9B1wUABbyCj94	1DIbB	lunatic-v0.1.0	-	rust-pathfinder-v0.1.0	-	D	P	-
g1_lAoMUcpZ0QC88W8-Iq8gTwZxMhPGEiD8pBmc4V55wTw	s1_MKrI0a3Qd48rU7oZj28GrlQ3cHhIbUzS5ibiIW9aKy4	1DIbB	lunatic-v0.1.0	-	rust-pathfinder-v0.1.0	-	D	P	-
g1_lAoMUcpZ0QC88W8-Iq8gTwZxMhPGEiD8pBmc4V55wTw	s1_XloMUS0hxYEXf762lcPfaudsLmsH-CsOVZNVVU_obcA	1DIbB	lunatic-v0.1.0	-	rust-pathfinder-v0.1.0	-	D	P	-
g1_lAoMUcpZ0QC88W8-Iq8gTwZxMhPGEiD8pBmc4V55wTw	s1_g5pGkHBMEhzAYvwFY0b24sSc7wC9JfnWApMHHZ_aMPI	1DIbB	lunatic-v0.1.0	-	rust-pathfinder-v0.1.0	-	D	P	-
g1_lAv9B1aKQ8u48_QuYYyimXa3AIdgfwZvdhJIWVqgsTs	s1__fmnSv6OnZklVvMPUjPdL6drtvfrJptRYX3nxZQO8jI	1umxmQ	python-gnn-puct-scout-v0.1.0	sha256:b9f80706cc1f29076ee06fe06483697c749148a808c599579045d00a52573938	python-gnn-puct-scout-v0.1.0	sha256:b9f80706cc1f29076ee06fe06483697c749148a808c599579045d00a52573938	D	P	196
g1_lAvW-idVbotGH2qTe44MbVZXknGNkYEXdflNQkacudw	s1_1av6nXQkq-GSHXfjkVlGHGpAq8F9UbW4JwZmyFA-vww	1DIZS	python-gnn-puct-v0.1.0	sha256:6f9ad6e4a0993da3cf34a8549e86f9b5d512c51e11bfa76dfe051e7a8801bdac	python-gnn-puct-v0.1.0	sha256:6f9ad6e4a0993da3cf34a8549e86f9b5d512c51e11bfa76dfe051e7a8801bdac	L	P	196
g1_lAvW-idVbotGH2qTe44MbVZXknGNkYEXdflNQkacudw	s1_Brk0hkuJoH-MBjdd53AO5tlWcOgDWV_R0PO74fHGd_0	1DIZS	python-gnn-puct-v0.1.0	sha256:6f9ad6e4a0993da3cf34a8549e86f9b5d512c51e11bfa76dfe051e7a8801bdac	python-gnn-puct-v0.1.0	sha256:6f9ad6e4a0993da3cf34a8549e86f9b5d512c51e11bfa76dfe051e7a8801bdac	L	P	196
g1_lAvW-idVbotGH2qTe44MbVZXknGNkYEXdflNQkacudw	s1_KmF8KhDbubz6lwdS8R_n_yTGdSONmH9B1wUABbyCj94	1DIZS	python-gnn-puct-v0.1.0	sha256:6f9ad6e4a0993da3cf34a8549e86f9b5d512c51e11bfa76dfe051e7a8801bdac	python-gnn-puct-v0.1.0	sha256:6f9ad6e4a0993da3cf34a8549e86f9b5d512c51e11bfa76dfe051e7a8801bdac	L	P	196
g1_lAvW-idVbotGH2qTe44MbVZXknGNkYEXdflNQkacudw	s1_g5pGkHBMEhzAYvwFY0b24sSc7wC9JfnWApMHHZ_aMPI	1DIZS	python-gnn-puct-v0.1.0	sha256:6f9ad6e4a0993da3cf34a8549e86f9b5d512c51e11bfa76dfe051e7a8801bdac	python-gnn-puct-v0.1.0	sha256:6f9ad6e4a0993da3cf34a8549e86f9b5d512c51e11bfa76dfe051e7a8801bdac	L	P	196
g1_lAvW-idVbotGH2qTe44MbVZXknGNkYEXdflNQkacudw	s1_tol_POp6BcgBLMWq8iDfRBQSAXpESHxFwmcCQYXv0yQ	1DIZS	python-gnn-puct-v0.1.0	sha256:6f9ad6e4a0993da3cf34a8549e86f9b5d512c51e11bfa76dfe051e7a8801bdac	python-gnn-puct-v0.1.0	sha256:6f9ad6e4a0993da3cf34a8549e86f9b5d512c51e11bfa76dfe051e7a8801bdac	L	P	196
g1_lB1dVOxf96eZXu0RGI30CnGAvw-UieWszAvJAagt68s	s1_-OKlJXuPFfAnukwGYITjiU7XKL4OC_qt76PC0TZSPjg	1umvgW	python-cnn-puct-v0.1.0	sha256:7845e9b7687beee165dc36b8d21833b7a8b5a83e31b58b49bd05c277ba26e642	python-cnn-puct-v0.1.0	sha256:7845e9b7687beee165dc36b8d21833b7a8b5a83e31b58b49bd05c277ba26e642	D	P	196
g1_lB1dVOxf96eZXu0RGI30CnGAvw-UieWszAvJAagt68s	s1_1av6nXQkq-GSHXfjkVlGHGpAq8F9UbW4JwZmyFA-vww	1umvgW	python-cnn-puct-v0.1.0	sha256:7845e9b7687beee165dc36b8d21833b7a8b5a83e31b58b49bd05c277ba26e642	python-cnn-puct-v0.1.0	sha256:7845e9b7687beee165dc36b8d21833b7a8b5a83e31b58b49bd05c277ba26e642	D	P	196
g1_lB1dVOxf96eZXu0RGI30CnGAvw-UieWszAvJAagt68s	s1_Brk0hkuJoH-MBjdd53AO5tlWcOgDWV_R0PO74fHGd_0	1umvgW	python-cnn-puct-v0.1.0	sha256:7845e9b7687beee165dc36b8d21833b7a8b5a83e31b58b49bd05c277ba26e642	python-cnn-puct-v0.1.0	sha256:7845e9b7687beee165dc36b8d21833b7a8b5a83e31b58b49bd05c277ba26e642	D	P	196
g1_lB3CvRWcvuhbODLZ4hzoVWZZpHZwdg4UClaMiRFCD4U	s1__fmnSv6OnZklVvMPUjPdL6drtvfrJptRYX3nxZQO8jI	1umxnM	python-gnn-puct-scout-v0.1.0	sha256:b9f80706cc1f29076ee06fe06483697c749148a808c599579045d00a52573938	python-gnn-puct-scout-v0.1.0	sha256:b9f80706cc1f29076ee06fe06483697c749148a808c599579045d00a52573938	D	P	196
g1_lB65rMW5F881qnUwK8_eYAwqWK9mPks0KHO6MpDkdLU	s1_1av6nXQkq-GSHXfjkVlGHGpAq8F9UbW4JwZmyFA-vww	1umvMw	python-gnn-puct-learner-v0.1.0	sha256:ab0f739cd33d66781faf60e27797c5ccba3c04ba684f8d9e32e9c2754f4e8956	python-gnn-puct-learner-v0.1.0	sha256:ab0f739cd33d66781faf60e27797c5ccba3c04ba684f8d9e32e9c2754f4e8956	D	P	196
g1_lB65rMW5F881qnUwK8_eYAwqWK9mPks0KHO6MpDkdLU	s1_Brk0hkuJoH-MBjdd53AO5tlWcOgDWV_R0PO74fHGd_0	1umvMw	python-gnn-puct-learner-v0.1.0	sha256:ab0f739cd33d66781faf60e27797c5ccba3c04ba684f8d9e32e9c2754f4e8956	python-gnn-puct-learner-v0.1.0	sha256:ab0f739cd33d66781faf60e27797c5ccba3c04ba684f8d9e32e9c2754f4e8956	D	P	196
g1_lB65rMW5F881qnUwK8_eYAwqWK9mPks0KHO6MpDkdLU	s1_QBFUsDtxokERlDOdQkleYbPvhJ-vIp2qmp6DXjS-7oM	1umvMw	python-gnn-puct-learner-v0.1.0	sha256:ab0f739cd33d66781faf60e27797c5ccba3c04ba684f8d9e32e9c2754f4e8956	python-gnn-puct-learner-v0.1.0	sha256:ab0f739cd33d66781faf60e27797c5ccba3c04ba684f8d9e32e9c2754f4e8956	D	P	196
g1_lBOJt3ULiXtixguMr-00cPndNtw0kz9jQHcThtqga-c	s1_6PxtazPxkizz7K9QTWPSCIopEV5n0zpHoq3F52yO_6U	1umwg7	python-cnn-puct-v0.1.0	sha256:7845e9b7687beee165dc36b8d21833b7a8b5a83e31b58b49bd05c277ba26e642	python-cnn-puct-v0.1.0	sha256:7845e9b7687beee165dc36b8d21833b7a8b5a83e31b58b49bd05c277ba26e642	D	P	196
g1_lBOJt3ULiXtixguMr-00cPndNtw0kz9jQHcThtqga-c	s1_baRgKA_wMXdl0r4AwdkUfhWC04qxd1MvEGXAQaDd4fo	1umwg7	python-cnn-puct-v0.1.0	sha256:7845e9b7687beee165dc36b8d21833b7a8b5a83e31b58b49bd05c277ba26e642	python-cnn-puct-v0.1.0	sha256:7845e9b7687beee165dc36b8d21833b7a8b5a83e31b58b49bd05c277ba26e642	D	P	196
g1_lBT1W-xZaF2kVKWZYRjCGGfWq88LqZd2w7IMEeUAEMs	s1_WVg7aYYLIrw6_-2mI3jQ-DPcLO4gX2sPEEqWQb0DGQA	1umxRA	python-cnn-puct-reval30k-v0.1.0	sha256:eb2600a53e225a835455efdb2759c40e27c5cb3c16ab0688bc21b99290ed10ee	python-cnn-puct-reval30k-v0.1.0	sha256:eb2600a53e225a835455efdb2759c40e27c5cb3c16ab0688bc21b99290ed10ee	L	P	196
g1_lBWZOCFwrZDNjmYI-gJKGtqEISt5ScLcKZRfdPNX_7g	s1_1wpEpQqsZ3HbVcbg7xPsJ7CFZ3jMtP0AhTdv-bgiMRM	1unLvy	qadv-arbiter-7x7-rust-lambda-v0.1.0	-	qadv-arbiter-7x7-rust-lambda-v0.1.0	-	L	P	196
g1_lBWZOCFwrZDNjmYI-gJKGtqEISt5ScLcKZRfdPNX_7g	s1_M3TQlUx9z8YOiWKn0WZEJY21uWWVU9YLfgMWmLgbURs	1unLvy	qadv-arbiter-7x7-rust-lambda-v0.1.0	-	qadv-arbiter-7x7-rust-lambda-v0.1.0	-	L	P	196
g1_lBWZOCFwrZDNjmYI-gJKGtqEISt5ScLcKZRfdPNX_7g	s1_RauLaTi4eVgYHSp2TV9pqs9uzTVv0B10g9TaHMWpcZ4	1unLvy	qadv-arbiter-7x7-rust-lambda-v0.1.0	-	qadv-arbiter-7x7-rust-lambda-v0.1.0	-	L	P	-
g1_lBWZOCFwrZDNjmYI-gJKGtqEISt5ScLcKZRfdPNX_7g	s1_yjm5M2DnkmuF_ABA6hOJGnCbWRA6HdUJfxNh1y1ajuA	1unLvy	qadv-arbiter-7x7-rust-lambda-v0.1.0	-	qadv-arbiter-7x7-rust-lambda-v0.1.0	-	L	P	196
g1_lB_eNV7GMTnyWnsC5ZRbi3bGctK21YbnEAocshIzrlo	s1_6PxtazPxkizz7K9QTWPSCIopEV5n0zpHoq3F52yO_6U	1umwp-	python-cnn-puct-v0.1.0	sha256:7845e9b7687beee165dc36b8d21833b7a8b5a83e31b58b49bd05c277ba26e642	python-cnn-puct-v0.1.0	sha256:7845e9b7687beee165dc36b8d21833b7a8b5a83e31b58b49bd05c277ba26e642	L	P	196
g1_lB_eNV7GMTnyWnsC5ZRbi3bGctK21YbnEAocshIzrlo	s1_baRgKA_wMXdl0r4AwdkUfhWC04qxd1MvEGXAQaDd4fo	1umwp-	python-cnn-puct-v0.1.0	sha256:7845e9b7687beee165dc36b8d21833b7a8b5a83e31b58b49bd05c277ba26e642	python-cnn-puct-v0.1.0	sha256:7845e9b7687beee165dc36b8d21833b7a8b5a83e31b58b49bd05c277ba26e642	L	P	196
g1_lB_vPJW-zg0xMZvSkq6FpADHQbm7qxfxLqxu8sQ4KWk	s1_RauLaTi4eVgYHSp2TV9pqs9uzTVv0B10g9TaHMWpcZ4	1unOlf	qadv-arbiter-7x7-rust-lambda-v0.1.0	-	qadv-arbiter-7x7-rust-lambda-v0.1.0	-	L	P	-
g1_lB_vPJW-zg0xMZvSkq6FpADHQbm7qxfxLqxu8sQ4KWk	s1_SOBwheQwJQLj7DGz_rgGlh3ZTMOQQLLVP5rf4LTA0Co	1unOlf	qadv-arbiter-7x7-rust-lambda-v0.1.0	-	qadv-arbiter-7x7-rust-lambda-v0.1.0	-	L	P	196
g1_lB_vPJW-zg0xMZvSkq6FpADHQbm7qxfxLqxu8sQ4KWk	s1__k6hU_8KH8m3JcKlgnECmKnP7M9dyvd1JlIUR7FjDhs	1unOlf	qadv-arbiter-7x7-rust-lambda-v0.1.0	-	qadv-arbiter-7x7-rust-lambda-v0.1.0	-	L	P	196
g1_lB_vPJW-zg0xMZvSkq6FpADHQbm7qxfxLqxu8sQ4KWk	s1_s2vkn7cLhArzYb4igjYZxAqGgFw3OTkxcYjMo9JlF9g	1unOlf	qadv-arbiter-7x7-rust-lambda-v0.1.0	-	qadv-arbiter-7x7-rust-lambda-v0.1.0	-	L	P	196
g1_lBanJIhY0PdT8PoM6OZnVqNAYKdlZwRSPoHeuEc_rz0	s1_AT1PowAAOHzxpC7sgmcJ6Nx02-OhhDhI6fEx8et02-k	1unMIV	qadv-arbiter-7x7-rust-lambda-v0.1.0	-	qadv-arbiter-7x7-rust-lambda-v0.1.0	-	L	P	196
g1_lBanJIhY0PdT8PoM6OZnVqNAYKdlZwRSPoHeuEc_rz0	s1_RauLaTi4eVgYHSp2TV9pqs9uzTVv0B10g9TaHMWpcZ4	1unMIV	qadv-arbiter-7x7-rust-lambda-v0.1.0	-	qadv-arbiter-7x7-rust-lambda-v0.1.0	-	L	P	-
g1_lBanJIhY0PdT8PoM6OZnVqNAYKdlZwRSPoHeuEc_rz0	s1_qYLCUcxrcYMPRWotYZh_9RNoQgaxuwGHYnKRc8iyiNw	1unMIV	qadv-arbiter-7x7-rust-lambda-v0.1.0	-	qadv-arbiter-7x7-rust-lambda-v0.1.0	-	L	P	196
g1_lBanJIhY0PdT8PoM6OZnVqNAYKdlZwRSPoHeuEc_rz0	s1_qdKZm0ySTpp2af7V_4tTKkS_EYj_k-6r2hrDYamf2vw	1unMIV	qadv-arbiter-7x7-rust-lambda-v0.1.0	-	qadv-arbiter-7x7-rust-lambda-v0.1.0	-	L	P	196
g1_lBjFAaOPY6ZGDId4jUfiQjZGzy2RBoLBn96ylWnZZUE	s1_RauLaTi4eVgYHSp2TV9pqs9uzTVv0B10g9TaHMWpcZ4	1unM4K	qadv-arbiter-7x7-rust-lambda-v0.1.0	-	qadv-arbiter-7x7-rust-lambda-v0.1.0	-	D	P	-
g1_lBjFAaOPY6ZGDId4jUfiQjZGzy2RBoLBn96ylWnZZUE	s1_UXYD7_dRfIyv0N6Ozn994SJbkzVQZhvaliUS8RkKhtI	1unM4K	qadv-arbiter-7x7-rust-lambda-v0.1.0	-	qadv-arbiter-7x7-rust-lambda-v0.1.0	-	D	P	196
g1_lBjFAaOPY6ZGDId4jUfiQjZGzy2RBoLBn96ylWnZZUE	s1_YFyuYD7vAwmyzMFT4YMGCPG1cb50UDOEjzFgZMsh_18	1unM4K	qadv-arbiter-7x7-rust-lambda-v0.1.0	-	qadv-arbiter-7x7-rust-lambda-v0.1.0	-	D	P	196
g1_lBjFAaOPY6ZGDId4jUfiQjZGzy2RBoLBn96ylWnZZUE	s1_mVlW7GkZq_sFBDTH9SNgbmWhhvXE5g0Oea_8nLH3_0Q	1unM4K	qadv-arbiter-7x7-rust-lambda-v0.1.0	-	qadv-arbiter-7x7-rust-lambda-v0.1.0	-	D	P	196
g1_lBm_ZIoJkS2Fbeit_WIkZhDEUCq343ASnrXwVtXdYP8	s1_1LB6NAgPOeCp4r8rQw4kUOIXWpEdWysFm5RZjWCQSgc	1umwa3	python-gnn-puct-learner-v0.1.0	sha256:ab0f739cd33d66781faf60e27797c5ccba3c04ba684f8d9e32e9c2754f4e8956	python-gnn-puct-learner-v0.1.0	sha256:ab0f739cd33d66781faf60e27797c5ccba3c04ba684f8d9e32e9c2754f4e8956	D	P	196
g1_lBm_ZIoJkS2Fbeit_WIkZhDEUCq343ASnrXwVtXdYP8	s1_P4NHYhwuVnEA-dG2X-UVeVotb84A5mwljbYTlTMqr8w	1umwa3	python-gnn-puct-learner-v0.1.0	sha256:ab0f739cd33d66781faf60e27797c5ccba3c04ba684f8d9e32e9c2754f4e8956	python-gnn-puct-learner-v0.1.0	sha256:ab0f739cd33d66781faf60e27797c5ccba3c04ba684f8d9e32e9c2754f4e8956	D	P	196
g1_lC0ccxmi-yzf8WDMGXBEsOEBHlSQCm-Aqv4k_wSO04Y	s1_Qmoz3nLvbLcY_1rcqMtpMJDvTQydhL5cxUNWV6EhpMY	1umw-l	qadv-arbiter-7x7-v0.1.0	sha256:8c548d06307572603b839755cc1e50393285365e10f82bcd90290ca65cd86266	qadv-arbiter-7x7-v0.1.0	sha256:8c548d06307572603b839755cc1e50393285365e10f82bcd90290ca65cd86266	D	P	196
g1_lC8kM2cGl9q6WhTM7SOwDQuxG9y0pcYS34BBTDf8Mh0	s1_J9EF5676IM_wxOc02zG45LXeEd3FeuUD_sb4PARt5Zg	1un3wk	qadv-arbiter-guided-7x7-v0.2.0	sha256:9c0e5e530df7db77a98f6a2e75fe63a6f629c6ad6563e0b5454793ebc243b14d	pathfinder-v0.3.0	-	D	P	196
g1_lC8kM2cGl9q6WhTM7SOwDQuxG9y0pcYS34BBTDf8Mh0	s1_O3cuwuia8XT9TI7Nxr3tRcajOA20XFHEIT2fYX3WizY	1un3wk	qadv-arbiter-guided-7x7-v0.2.0	sha256:9c0e5e530df7db77a98f6a2e75fe63a6f629c6ad6563e0b5454793ebc243b14d	pathfinder-v0.3.0	-	D	P	196
g1_lC8kM2cGl9q6WhTM7SOwDQuxG9y0pcYS34BBTDf8Mh0	s1_mGJiiaFLrnaho5pkitxmswxQuh0g01-XdSdvqDg3GqE	1un3wk	qadv-arbiter-guided-7x7-v0.2.0	sha256:9c0e5e530df7db77a98f6a2e75fe63a6f629c6ad6563e0b5454793ebc243b14d	pathfinder-v0.3.0	-	D	P	196
g1_lC8kM2cGl9q6WhTM7SOwDQuxG9y0pcYS34BBTDf8Mh0	s1_vBzftZG0Bl9ZcDVZ1IICh3h95fLn4RxcOPWDBv8bIBo	1un3wk	qadv-arbiter-guided-7x7-v0.2.0	sha256:9c0e5e530df7db77a98f6a2e75fe63a6f629c6ad6563e0b5454793ebc243b14d	pathfinder-v0.3.0	-	D	P	196
g1_lCBR6l5CP1JgtHu7KYiMo2fLjDCGhvjh-yQnrN5ZnM4	s1_Er2hxSd3ZYmfuXxemAJyphqf-CChJmm_9WkntRdpIu4	1unNPT	qadv-arbiter-7x7-rust-lambda-v0.1.0	-	qadv-arbiter-7x7-rust-lambda-v0.1.0	-	L	P	196
g1_lCBR6l5CP1JgtHu7KYiMo2fLjDCGhvjh-yQnrN5ZnM4	s1_RauLaTi4eVgYHSp2TV9pqs9uzTVv0B10g9TaHMWpcZ4	1unNPT	qadv-arbiter-7x7-rust-lambda-v0.1.0	-	qadv-arbiter-7x7-rust-lambda-v0.1.0	-	L	P	-
g1_lCBR6l5CP1JgtHu7KYiMo2fLjDCGhvjh-yQnrN5ZnM4	s1_qANmNnha7kxgUc7YaFUv47IBGmCAgued3tCiSLT_jUw	1unNPT	qadv-arbiter-7x7-rust-lambda-v0.1.0	-	qadv-arbiter-7x7-rust-lambda-v0.1.0	-	L	P	196
g1_lCBR6l5CP1JgtHu7KYiMo2fLjDCGhvjh-yQnrN5ZnM4	s1_xnX85GuyQwd1gTTWNIbn6cYWdlZszWzk_JCd3jFjKRo	1unNPT	qadv-arbiter-7x7-rust-lambda-v0.1.0	-	qadv-arbiter-7x7-rust-lambda-v0.1.0	-	L	P	196
g1_lCCJjHcbOXby8G5LPXGOD9SKkud-MfdUBVE3Q8LSS1o	s1_5qytCFTK7PhtnUPlsCSue-ZJmDJKBrU1zv3b_yEp5Js	1unOVp	qadv-arbiter-7x7-rust-lambda-v0.1.0	-	qadv-arbiter-7x7-rust-lambda-v0.1.0	-	L	P	196
g1_lCCJjHcbOXby8G5LPXGOD9SKkud-MfdUBVE3Q8LSS1o	s1_RauLaTi4eVgYHSp2TV9pqs9uzTVv0B10g9TaHMWpcZ4	1unOVp	qadv-arbiter-7x7-rust-lambda-v0.1.0	-	qadv-arbiter-7x7-rust-lambda-v0.1.0	-	L	P	-
g1_lCCJjHcbOXby8G5LPXGOD9SKkud-MfdUBVE3Q8LSS1o	s1_sLDVV-Iy4rQCwYQgqXYQXSlmtL1Jhc5dCzedtwB1oSM	1unOVp	qadv-arbiter-7x7-rust-lambda-v0.1.0	-	qadv-arbiter-7x7-rust-lambda-v0.1.0	-	L	P	196
g1_lCCJjHcbOXby8G5LPXGOD9SKkud-MfdUBVE3Q8LSS1o	s1_w06oFtU9-sKm3FaCOwyMuOZlFBUii8JHPgVRueKpg9Q	1unOVp	qadv-arbiter-7x7-rust-lambda-v0.1.0	-	qadv-arbiter-7x7-rust-lambda-v0.1.0	-	L	P	196
g1_lCF2sOoCyZqpF5m06uPESWZp-rrA1eL6QI9ThkcuP8U	s1_qtlitMa-GGx-0y2heoyNRonYXf1Dq5epTexnVe9Iqtw	1umxg1	python-gnn-puct-learner-v0.1.0	sha256:ab0f739cd33d66781faf60e27797c5ccba3c04ba684f8d9e32e9c2754f4e8956	python-gnn-puct-learner-v0.1.0	sha256:ab0f739cd33d66781faf60e27797c5ccba3c04ba684f8d9e32e9c2754f4e8956	-	M	196
g1_lCFyD2WclyBKTcdcLlv9xoOens5W3LnqmQpImmJvGK4	s1_EtJMAmewdKKiljk3OyL1ozCPcZZaFGJygo1hydlR73c	1unT3m	qadv-arbiter-7x7-v0.1.0	-	pathfinder-v0.3.0	-	D	P	196
g1_lCFyD2WclyBKTcdcLlv9xoOens5W3LnqmQpImmJvGK4	s1_XlwaUqyE228mGrWe4rpotMRQvfy2b5Q1HMfK6uoeCmQ	1unT3m	qadv-arbiter-7x7-v0.1.0	-	pathfinder-v0.3.0	-	D	P	196
g1_lCFyD2WclyBKTcdcLlv9xoOens5W3LnqmQpImmJvGK4	s1_ZP93D8pWMfc2vkfC_kj0o1LcJ6tJFEO5MzKLpwARn7I	1unT3m	qadv-arbiter-7x7-v0.1.0	-	pathfinder-v0.3.0	-	D	P	196
g1_lCFyD2WclyBKTcdcLlv9xoOens5W3LnqmQpImmJvGK4	s1_mmpLGRYv_pUexabvU75vUc7rcDQchs5DiuW1A2ExiHg	1unT3m	qadv-arbiter-7x7-v0.1.0	-	pathfinder-v0.3.0	-	D	P	196
g1_lCcfzIZ1Eh5fhbpry50GZW25EpypT4fIhwlo-kSSjS4	s1_qtlitMa-GGx-0y2heoyNRonYXf1Dq5epTexnVe9Iqtw	1umxeu	python-gnn-puct-learner-v0.1.0	sha256:ab0f739cd33d66781faf60e27797c5ccba3c04ba684f8d9e32e9c2754f4e8956	python-gnn-puct-learner-v0.1.0	sha256:ab0f739cd33d66781faf60e27797c5ccba3c04ba684f8d9e32e9c2754f4e8956	L	P	196
g1_lCdgowap4U6J8vprZc-UCeyMy6Ly4D46S-0qUYW_7b0	s1_RauLaTi4eVgYHSp2TV9pqs9uzTVv0B10g9TaHMWpcZ4	1unLlb	qadv-arbiter-7x7-rust-lambda-v0.1.0	-	qadv-arbiter-7x7-rust-lambda-v0.1.0	-	D	P	-
g1_lCdgowap4U6J8vprZc-UCeyMy6Ly4D46S-0qUYW_7b0	s1__pn873PmKZ_VjsB0KsoxepnMGpolqxrKz2fz2FgSDqA	1unLlb	qadv-arbiter-7x7-rust-lambda-v0.1.0	-	qadv-arbiter-7x7-rust-lambda-v0.1.0	-	D	P	196
g1_lCdgowap4U6J8vprZc-UCeyMy6Ly4D46S-0qUYW_7b0	s1_rpotZktE6nxdim-I3u30h77UG8AdDtfXLmsjAB2qOtc	1unLlb	qadv-arbiter-7x7-rust-lambda-v0.1.0	-	qadv-arbiter-7x7-rust-lambda-v0.1.0	-	D	P	196
g1_lCdgowap4U6J8vprZc-UCeyMy6Ly4D46S-0qUYW_7b0	s1_xKZ_7eiWa6kLj6wE_zhJGVO-bxB8Ew60c_2nMoLsOZ8	1unLlb	qadv-arbiter-7x7-rust-lambda-v0.1.0	-	qadv-arbiter-7x7-rust-lambda-v0.1.0	-	D	P	196
g1_lCfH58J9aDbHuY3C4MXdryIXd6ea69Rf-QBxjcriMCw	s1_1av6nXQkq-GSHXfjkVlGHGpAq8F9UbW4JwZmyFA-vww	1umxNa	cnn-baseline-7x7	sha256:f4969554372b34d9773382cf5cd8e3f20890ccedfb1e6c685984c6c94fbb6203	gnn-scout-7x7	sha256:7d34820fd656875b3ac4a0142e8f22179d11b133feb3321d0eb735b2a7abd027	D	P	196
g1_lCfH58J9aDbHuY3C4MXdryIXd6ea69Rf-QBxjcriMCw	s1_Brk0hkuJoH-MBjdd53AO5tlWcOgDWV_R0PO74fHGd_0	1umxNa	cnn-baseline-7x7	sha256:f4969554372b34d9773382cf5cd8e3f20890ccedfb1e6c685984c6c94fbb6203	gnn-scout-7x7	sha256:7d34820fd656875b3ac4a0142e8f22179d11b133feb3321d0eb735b2a7abd027	D	P	196
g1_lCfH58J9aDbHuY3C4MXdryIXd6ea69Rf-QBxjcriMCw	s1_dcEgf_s_8JfAgzbYFm9Z15BWrFU6bsc6MzE1gZNvlP4	1umxNa	cnn-baseline-7x7	sha256:f4969554372b34d9773382cf5cd8e3f20890ccedfb1e6c685984c6c94fbb6203	gnn-scout-7x7	sha256:7d34820fd656875b3ac4a0142e8f22179d11b133feb3321d0eb735b2a7abd027	D	P	196
g1_lCgJZ0Se_lcRcs4Xsn-M3VJY2Qq1icZDq5Q6Ky0ylYc	s1_RauLaTi4eVgYHSp2TV9pqs9uzTVv0B10g9TaHMWpcZ4	1unN62	qadv-arbiter-7x7-rust-qadv-v0.1.0	-	qadv-arbiter-7x7-rust-qadv-v0.1.0	-	L	P	-
g1_lCgJZ0Se_lcRcs4Xsn-M3VJY2Qq1icZDq5Q6Ky0ylYc	s1_Sy_7x3zoXz5iOC9l3cujmHUZwSisEpiMudbFRsGJpqY	1unN62	qadv-arbiter-7x7-rust-qadv-v0.1.0	-	qadv-arbiter-7x7-rust-qadv-v0.1.0	-	L	P	196
g1_lCgJZ0Se_lcRcs4Xsn-M3VJY2Qq1icZDq5Q6Ky0ylYc	s1_sG3KCBhjd_SvgsFQNnrK81E73IAkuxUM8VWc7RcS-fs	1unN62	qadv-arbiter-7x7-rust-qadv-v0.1.0	-	qadv-arbiter-7x7-rust-qadv-v0.1.0	-	L	P	196
g1_lCwYlddsLg7wEDQuonVoeyjvFAqgEqVh3M4EgNo_dY8	s1_7FIu85-v_e-kbNsQ2UNk3yRt-KGcLyUjpmVwIc9cnfM	1umwNQ	python-gnn-puct-scout-v0.1.0	sha256:b9f80706cc1f29076ee06fe06483697c749148a808c599579045d00a52573938	python-gnn-puct-scout-v0.1.0	sha256:b9f80706cc1f29076ee06fe06483697c749148a808c599579045d00a52573938	L	P	196
g1_lCwYlddsLg7wEDQuonVoeyjvFAqgEqVh3M4EgNo_dY8	s1_S8AGNBNcWBvWiwIo-AOAHPoHuZo2XvcsYvhgQxGTkrY	1umwNQ	python-gnn-puct-scout-v0.1.0	sha256:b9f80706cc1f29076ee06fe06483697c749148a808c599579045d00a52573938	python-gnn-puct-scout-v0.1.0	sha256:b9f80706cc1f29076ee06fe06483697c749148a808c599579045d00a52573938	L	P	196
g1_lD1ZuN-7XbXhJv2u5RFXAPoWdA290iJtGOe3u9eNE-w	s1_7JBsDRF-i3MVzu4RYqsYjlOpe1aABykqoPcC2CB-RjY	1unP9s	qadv-arbiter-7x7-rust-lambda-v0.1.0	-	qadv-arbiter-7x7-rust-lambda-v0.1.0	-	L	P	196
g1_lD1ZuN-7XbXhJv2u5RFXAPoWdA290iJtGOe3u9eNE-w	s1_RauLaTi4eVgYHSp2TV9pqs9uzTVv0B10g9TaHMWpcZ4	1unP9s	qadv-arbiter-7x7-rust-lambda-v0.1.0	-	qadv-arbiter-7x7-rust-lambda-v0.1.0	-	L	P	-
g1_lD1ZuN-7XbXhJv2u5RFXAPoWdA290iJtGOe3u9eNE-w	s1_vUQN88JC6BZhi9169XIU7yEbJCwfmWZp1D1RFfx7y2g	1unP9s	qadv-arbiter-7x7-rust-lambda-v0.1.0	-	qadv-arbiter-7x7-rust-lambda-v0.1.0	-	L	P	196
g1_lD1ZuN-7XbXhJv2u5RFXAPoWdA290iJtGOe3u9eNE-w	s1_xQ51t0gskptJUWtQ8OtNDXgHuKoYIOMGWCt81tBeYLA	1unP9s	qadv-arbiter-7x7-rust-lambda-v0.1.0	-	qadv-arbiter-7x7-rust-lambda-v0.1.0	-	L	P	196
g1_lDDspozvu2Ny1sQ3Ti5-mUf5eeN4gbE8EPHM8ruiGKA	s1_MMkrlrlVxQWJ-PuOBGuOmpXfcyEKrgxDc1RSYU6qs0w	1unPu2	qadv-arbiter-7x7-rust-lambda-v0.1.0	-	qadv-arbiter-7x7-rust-lambda-v0.1.0	-	L	P	196
g1_lDDspozvu2Ny1sQ3Ti5-mUf5eeN4gbE8EPHM8ruiGKA	s1_RauLaTi4eVgYHSp2TV9pqs9uzTVv0B10g9TaHMWpcZ4	1unPu2	qadv-arbiter-7x7-rust-lambda-v0.1.0	-	qadv-arbiter-7x7-rust-lambda-v0.1.0	-	L	P	-
g1_lDDspozvu2Ny1sQ3Ti5-mUf5eeN4gbE8EPHM8ruiGKA	s1__iviP67575GwxfKA_Esd5t67ObGlwX4Lqc6WjFN1J9Q	1unPu2	qadv-arbiter-7x7-rust-lambda-v0.1.0	-	qadv-arbiter-7x7-rust-lambda-v0.1.0	-	L	P	196
g1_lDDspozvu2Ny1sQ3Ti5-mUf5eeN4gbE8EPHM8ruiGKA	s1_gTIs_xad4-aNI7EfjSgvIBLygfP95_WQvbYaZIrPgIk	1unPu2	qadv-arbiter-7x7-rust-lambda-v0.1.0	-	qadv-arbiter-7x7-rust-lambda-v0.1.0	-	L	P	196
g1_lDFNkn8gEfP3LN9f1H9o3straMRfe2nrTyjelGnta9c	s1_CjR1AimQvIdEFIGGj4xurv4VHSepQHtUBBnFlyJ9_eY	1unNSY	qadv-arbiter-7x7-rust-lambda-v0.1.0	-	qadv-arbiter-7x7-rust-lambda-v0.1.0	-	D	P	196
g1_lDFNkn8gEfP3LN9f1H9o3straMRfe2nrTyjelGnta9c	s1_RauLaTi4eVgYHSp2TV9pqs9uzTVv0B10g9TaHMWpcZ4	1unNSY	qadv-arbiter-7x7-rust-lambda-v0.1.0	-	qadv-arbiter-7x7-rust-lambda-v0.1.0	-	D	P	-
g1_lDFNkn8gEfP3LN9f1H9o3straMRfe2nrTyjelGnta9c	s1_mBZ193gsYz95o_K4h5ACNy9MHPIXdpZqXBUPkw_dFsc	1unNSY	qadv-arbiter-7x7-rust-lambda-v0.1.0	-	qadv-arbiter-7x7-rust-lambda-v0.1.0	-	D	P	196
g1_lDFNkn8gEfP3LN9f1H9o3straMRfe2nrTyjelGnta9c	s1_oQZNWxcsYpn1GL3d_ayXjwl661KGwcMgHlQKKnVTK0g	1unNSY	qadv-arbiter-7x7-rust-lambda-v0.1.0	-	qadv-arbiter-7x7-rust-lambda-v0.1.0	-	D	P	196
g1_lDIPlVhSmpGmKtdtfHxyfXHB5qdcQhGphmJuUzGQn4Y	s1_DnhbuRAVkLWoktFylzbng_IboGlSznzifVbR82Jmr9o	1unM02	qadv-arbiter-7x7-rust-lambda-v0.1.0	-	qadv-arbiter-7x7-rust-lambda-v0.1.0	-	D	P	196
g1_lDIPlVhSmpGmKtdtfHxyfXHB5qdcQhGphmJuUzGQn4Y	s1_FHzOaCzAQCB02A2BsB1YadT62i-CMPGlYFXYDHI7KiU	1unM02	qadv-arbiter-7x7-rust-lambda-v0.1.0	-	qadv-arbiter-7x7-rust-lambda-v0.1.0	-	D	P	196
g1_lDIPlVhSmpGmKtdtfHxyfXHB5qdcQhGphmJuUzGQn4Y	s1_RauLaTi4eVgYHSp2TV9pqs9uzTVv0B10g9TaHMWpcZ4	1unM02	qadv-arbiter-7x7-rust-lambda-v0.1.0	-	qadv-arbiter-7x7-rust-lambda-v0.1.0	-	D	P	-
g1_lDIPlVhSmpGmKtdtfHxyfXHB5qdcQhGphmJuUzGQn4Y	s1_jG79UuC5p3B01d-zwstQPPEE9Kw2Fdk1tOdl9A3jWhE	1unM02	qadv-arbiter-7x7-rust-lambda-v0.1.0	-	qadv-arbiter-7x7-rust-lambda-v0.1.0	-	D	P	196
g1_lDkkI8LUn_Xq5wvDnLGTDjIM44ogtFAw5wzfsbNjhtc	s1_RauLaTi4eVgYHSp2TV9pqs9uzTVv0B10g9TaHMWpcZ4	1unP9c	qadv-arbiter-7x7-rust-lambda-v0.1.0	-	qadv-arbiter-7x7-rust-lambda-v0.1.0	-	L	P	-
g1_lDkkI8LUn_Xq5wvDnLGTDjIM44ogtFAw5wzfsbNjhtc	s1_kUAd9XaXztElmwCFQLTCQFricWiZiluR5DcM9L_nqrA	1unP9c	qadv-arbiter-7x7-rust-lambda-v0.1.0	-	qadv-arbiter-7x7-rust-lambda-v0.1.0	-	L	P	196
g1_lDkkI8LUn_Xq5wvDnLGTDjIM44ogtFAw5wzfsbNjhtc	s1_lQjqrxHbdo1mapU0lV_Vt9ZEgldEtJYHLDHMROm2mE0	1unP9c	qadv-arbiter-7x7-rust-lambda-v0.1.0	-	qadv-arbiter-7x7-rust-lambda-v0.1.0	-	L	P	196
g1_lDkkI8LUn_Xq5wvDnLGTDjIM44ogtFAw5wzfsbNjhtc	s1_n7rie0MAYkjUxSCSmm9ZwN6g3ElWGhTPcUnC_wM6XUM	1unP9c	qadv-arbiter-7x7-rust-lambda-v0.1.0	-	qadv-arbiter-7x7-rust-lambda-v0.1.0	-	L	P	196
g1_lDpwZgccX0vsoXAiDYO6CMDiEiey54v38kIZ242ek_g	s1_2FtaP75xgRVTNrUvmC0NIesJCNy8IDFJ05WNM4nUnpg	1unRBi	qadv-arbiter-7x7-v0.1.0	-	coin-flip-v0.0.1	-	L	P	196
g1_lDpwZgccX0vsoXAiDYO6CMDiEiey54v38kIZ242ek_g	s1_J3K0R8LGa-1ZxzN1X_YwFecIicQYm-LmH0JtoacbJBQ	1unRBi	qadv-arbiter-7x7-v0.1.0	-	coin-flip-v0.0.1	-	L	P	196
g1_lDpwZgccX0vsoXAiDYO6CMDiEiey54v38kIZ242ek_g	s1_RauLaTi4eVgYHSp2TV9pqs9uzTVv0B10g9TaHMWpcZ4	1unRBi	qadv-arbiter-7x7-v0.1.0	-	coin-flip-v0.0.1	-	L	P	-
g1_lDpwZgccX0vsoXAiDYO6CMDiEiey54v38kIZ242ek_g	s1_pH6dzHrCtEYHBEBVlYCixMvSbyp2VbmYXrnZ2ve190w	1unRBi	qadv-arbiter-7x7-v0.1.0	-	coin-flip-v0.0.1	-	L	P	196
g1_lEAkwpX3CBORNCzGBMlI7Ko5QlOTydycO9hbjBsBaM4	s1_MXAxciYUBzHKjK1OftipPakT9Zv75HuDbnqA163Iox4	1unNjw	qadv-arbiter-7x7-rust-lambda-v0.1.0	-	qadv-arbiter-7x7-rust-lambda-v0.1.0	-	L	P	196
g1_lEAkwpX3CBORNCzGBMlI7Ko5QlOTydycO9hbjBsBaM4	s1_RauLaTi4eVgYHSp2TV9pqs9uzTVv0B10g9TaHMWpcZ4	1unNjw	qadv-arbiter-7x7-rust-lambda-v0.1.0	-	qadv-arbiter-7x7-rust-lambda-v0.1.0	-	L	P	-
g1_lEAkwpX3CBORNCzGBMlI7Ko5QlOTydycO9hbjBsBaM4	s1_VBMg4d8qutaBlPzTcob9WhesN4S1McZinarPGXaORLE	1unNjw	qadv-arbiter-7x7-rust-lambda-v0.1.0	-	qadv-arbiter-7x7-rust-lambda-v0.1.0	-	L	P	196
g1_lEAkwpX3CBORNCzGBMlI7Ko5QlOTydycO9hbjBsBaM4	s1_rJZdmQX50_WwmHVOP9mLAmTqitn86RA4Fi5RsdkKuFY	1unNjw	qadv-arbiter-7x7-rust-lambda-v0.1.0	-	qadv-arbiter-7x7-rust-lambda-v0.1.0	-	L	P	196
g1_lEIu0jqoWXzyzj_PJ8fvoQNcvDvw0WmZAxpmR4-2cSk	s1__fmnSv6OnZklVvMPUjPdL6drtvfrJptRYX3nxZQO8jI	1umxpc	python-gnn-puct-scout-v0.1.0	sha256:b9f80706cc1f29076ee06fe06483697c749148a808c599579045d00a52573938	python-gnn-puct-scout-v0.1.0	sha256:b9f80706cc1f29076ee06fe06483697c749148a808c599579045d00a52573938	L	P	196
g1_lEKs0yWTSJS7IFjiOoey3VK-6FFKeOsJJAFH8T_WP2M	s1_6_MPCh8QE9D8WsC3DMwBMAWe-1ss4i74kcSr4mYEh-4	1unPLK	qadv-arbiter-7x7-rust-lambda-v0.1.0	-	qadv-arbiter-7x7-rust-lambda-v0.1.0	-	L	P	196
g1_lEKs0yWTSJS7IFjiOoey3VK-6FFKeOsJJAFH8T_WP2M	s1_RauLaTi4eVgYHSp2TV9pqs9uzTVv0B10g9TaHMWpcZ4	1unPLK	qadv-arbiter-7x7-rust-lambda-v0.1.0	-	qadv-arbiter-7x7-rust-lambda-v0.1.0	-	L	P	-
g1_lEKs0yWTSJS7IFjiOoey3VK-6FFKeOsJJAFH8T_WP2M	s1_gUZnEBwDtc2Uw3bGeb4Ou-kj5PTCk6HZF4o02WgdShE	1unPLK	qadv-arbiter-7x7-rust-lambda-v0.1.0	-	qadv-arbiter-7x7-rust-lambda-v0.1.0	-	L	P	196
g1_lEKs0yWTSJS7IFjiOoey3VK-6FFKeOsJJAFH8T_WP2M	s1_lrsm-G4WREVBHUs16LmVv4A4H3BE6ToY5hjZQ8d1s_I	1unPLK	qadv-arbiter-7x7-rust-lambda-v0.1.0	-	qadv-arbiter-7x7-rust-lambda-v0.1.0	-	L	P	196
g1_lETSliofF8fdgrIN_Epsxhbz00_tvQ_Ac8ES6WpEq6Y	s1_1av6nXQkq-GSHXfjkVlGHGpAq8F9UbW4JwZmyFA-vww	1umvJ3	python-gnn-puct-learner-v0.1.0	sha256:ab0f739cd33d66781faf60e27797c5ccba3c04ba684f8d9e32e9c2754f4e8956	python-gnn-puct-learner-v0.1.0	sha256:ab0f739cd33d66781faf60e27797c5ccba3c04ba684f8d9e32e9c2754f4e8956	-	M	196
g1_lETSliofF8fdgrIN_Epsxhbz00_tvQ_Ac8ES6WpEq6Y	s1_Brk0hkuJoH-MBjdd53AO5tlWcOgDWV_R0PO74fHGd_0	1umvJ3	python-gnn-puct-learner-v0.1.0	sha256:ab0f739cd33d66781faf60e27797c5ccba3c04ba684f8d9e32e9c2754f4e8956	python-gnn-puct-learner-v0.1.0	sha256:ab0f739cd33d66781faf60e27797c5ccba3c04ba684f8d9e32e9c2754f4e8956	-	M	196
g1_lETSliofF8fdgrIN_Epsxhbz00_tvQ_Ac8ES6WpEq6Y	s1_QBFUsDtxokERlDOdQkleYbPvhJ-vIp2qmp6DXjS-7oM	1umvJ3	python-gnn-puct-learner-v0.1.0	sha256:ab0f739cd33d66781faf60e27797c5ccba3c04ba684f8d9e32e9c2754f4e8956	python-gnn-puct-learner-v0.1.0	sha256:ab0f739cd33d66781faf60e27797c5ccba3c04ba684f8d9e32e9c2754f4e8956	-	M	196
g1_lEeLuo7e0NaSj9DBXiibe_SsWYbxXkRIQIm4J0W1qxo	s1_1av6nXQkq-GSHXfjkVlGHGpAq8F9UbW4JwZmyFA-vww	1umv9T	pathfinder-v0.3.0	-	lunatic-v0.1.0	-	L	P	196
g1_lEeLuo7e0NaSj9DBXiibe_SsWYbxXkRIQIm4J0W1qxo	s1_QzXKB60HvV5g6-cJIu-NdpeFb1rCgFAJD1cxfdkoMm0	1umv9T	pathfinder-v0.3.0	-	lunatic-v0.1.0	-	L	P	196
g1_lEeLuo7e0NaSj9DBXiibe_SsWYbxXkRIQIm4J0W1qxo	s1_mWPTef6xYbijjPhDIC6QgLRmu2mMSJAokNlIkx3vg54	1umv9T	pathfinder-v0.3.0	-	lunatic-v0.1.0	-	L	P	196
g1_lEi2hdcsCPja9TQSHCgg-bk7IwOX-AlWUJGaT0BEmsI	s1_1av6nXQkq-GSHXfjkVlGHGpAq8F9UbW4JwZmyFA-vww	1DIeH	lunatic-v0.1.0	-	rust-pathfinder-v0.1.0	-	D	P	-
g1_lEi2hdcsCPja9TQSHCgg-bk7IwOX-AlWUJGaT0BEmsI	s1_9Eroywf7tuDrn-hcfZPjlEa1DSRUykCRn9Z11u8ySIo	1DIeH	lunatic-v0.1.0	-	rust-pathfinder-v0.1.0	-	D	P	-
g1_lEi2hdcsCPja9TQSHCgg-bk7IwOX-AlWUJGaT0BEmsI	s1_Brk0hkuJoH-MBjdd53AO5tlWcOgDWV_R0PO74fHGd_0	1DIeH	lunatic-v0.1.0	-	rust-pathfinder-v0.1.0	-	D	P	-
g1_lEi2hdcsCPja9TQSHCgg-bk7IwOX-AlWUJGaT0BEmsI	s1_KmF8KhDbubz6lwdS8R_n_yTGdSONmH9B1wUABbyCj94	1DIeH	lunatic-v0.1.0	-	rust-pathfinder-v0.1.0	-	D	P	-
g1_lEi2hdcsCPja9TQSHCgg-bk7IwOX-AlWUJGaT0BEmsI	s1_MKrI0a3Qd48rU7oZj28GrlQ3cHhIbUzS5ibiIW9aKy4	1DIeH	lunatic-v0.1.0	-	rust-pathfinder-v0.1.0	-	D	P	-
g1_lEi2hdcsCPja9TQSHCgg-bk7IwOX-AlWUJGaT0BEmsI	s1_XloMUS0hxYEXf762lcPfaudsLmsH-CsOVZNVVU_obcA	1DIeH	lunatic-v0.1.0	-	rust-pathfinder-v0.1.0	-	D	P	-
g1_lEi2hdcsCPja9TQSHCgg-bk7IwOX-AlWUJGaT0BEmsI	s1_g5pGkHBMEhzAYvwFY0b24sSc7wC9JfnWApMHHZ_aMPI	1DIeH	lunatic-v0.1.0	-	rust-pathfinder-v0.1.0	-	D	P	-
g1_lEkDsc5uzTqcM_Ogmfr1XmcKpcYfTsrx7ZlIPAu-haY	s1_1av6nXQkq-GSHXfjkVlGHGpAq8F9UbW4JwZmyFA-vww	1umv2f	python-gnn-puct-scout-v0.1.0	sha256:b9f80706cc1f29076ee06fe06483697c749148a808c599579045d00a52573938	python-gnn-puct-scout-v0.1.0	sha256:b9f80706cc1f29076ee06fe06483697c749148a808c599579045d00a52573938	D	P	196
g1_lEkDsc5uzTqcM_Ogmfr1XmcKpcYfTsrx7ZlIPAu-haY	s1_Brk0hkuJoH-MBjdd53AO5tlWcOgDWV_R0PO74fHGd_0	1umv2f	python-gnn-puct-scout-v0.1.0	sha256:b9f80706cc1f29076ee06fe06483697c749148a808c599579045d00a52573938	python-gnn-puct-scout-v0.1.0	sha256:b9f80706cc1f29076ee06fe06483697c749148a808c599579045d00a52573938	D	P	196
g1_lEkDsc5uzTqcM_Ogmfr1XmcKpcYfTsrx7ZlIPAu-haY	s1_D_X-fTFZy6xuyGSC5jFyKBW6IP_59Jbomefazf4xu44	1umv2f	python-gnn-puct-scout-v0.1.0	sha256:b9f80706cc1f29076ee06fe06483697c749148a808c599579045d00a52573938	python-gnn-puct-scout-v0.1.0	sha256:b9f80706cc1f29076ee06fe06483697c749148a808c599579045d00a52573938	D	P	196
g1_lEyruYdZ08Ksla33Tg7yh_ZanB94iqLXZObAwDw7cKk	s1_5qU_3amhWXqwkc-Gc4J24aA13jJ1P6Cc6HcR8zMgzXA	1unNQa	qadv-arbiter-7x7-rust-lambda-v0.1.0	-	qadv-arbiter-7x7-rust-lambda-v0.1.0	-	L	P	196
g1_lEyruYdZ08Ksla33Tg7yh_ZanB94iqLXZObAwDw7cKk	s1_RauLaTi4eVgYHSp2TV9pqs9uzTVv0B10g9TaHMWpcZ4	1unNQa	qadv-arbiter-7x7-rust-lambda-v0.1.0	-	qadv-arbiter-7x7-rust-lambda-v0.1.0	-	L	P	-
g1_lEyruYdZ08Ksla33Tg7yh_ZanB94iqLXZObAwDw7cKk	s1__ktU-3pyJIYuzIBikq5n4fv61-JXnznD6lVaGPnZ3Q4	1unNQa	qadv-arbiter-7x7-rust-lambda-v0.1.0	-	qadv-arbiter-7x7-rust-lambda-v0.1.0	-	L	P	196
g1_lEyruYdZ08Ksla33Tg7yh_ZanB94iqLXZObAwDw7cKk	s1_sJXZggabIre3uixMELlh6A73v_FuDLZ6lqCn18WUkak	1unNQa	qadv-arbiter-7x7-rust-lambda-v0.1.0	-	qadv-arbiter-7x7-rust-lambda-v0.1.0	-	L	P	196
g1_lF1QH1xrld2d-etc0i7t7DtLrr0vNogVtxvPmWWnC68	s1_72ZujB45TpqS1jQp-o0dAN_MaIWwembeb6TsyNbWnvc	1unMbY	qadv-arbiter-7x7-rust-lambda-v0.1.0	-	qadv-arbiter-7x7-rust-lambda-v0.1.0	-	L	P	196
g1_lF1QH1xrld2d-etc0i7t7DtLrr0vNogVtxvPmWWnC68	s1_RauLaTi4eVgYHSp2TV9pqs9uzTVv0B10g9TaHMWpcZ4	1unMbY	qadv-arbiter-7x7-rust-lambda-v0.1.0	-	qadv-arbiter-7x7-rust-lambda-v0.1.0	-	L	P	-
g1_lF1QH1xrld2d-etc0i7t7DtLrr0vNogVtxvPmWWnC68	s1_jOCGJ5N3qd0f8TIKT3iPW3TQy2bsrBXr7q2mFdbzheI	1unMbY	qadv-arbiter-7x7-rust-lambda-v0.1.0	-	qadv-arbiter-7x7-rust-lambda-v0.1.0	-	L	P	196
g1_lF1QH1xrld2d-etc0i7t7DtLrr0vNogVtxvPmWWnC68	s1_mIsceDv-8JvkPivJeLVrTnzTWO73mZmbr21swo_JRIE	1unMbY	qadv-arbiter-7x7-rust-lambda-v0.1.0	-	qadv-arbiter-7x7-rust-lambda-v0.1.0	-	L	P	196
g1_lF8-Hmv6yXCy3O6YEuARrUJB642mLskZcAtFw8VDsdM	s1_flXyOBW6T9LLVDFIvXBGel1MoVNZcUcMFIJnB9yLapU	1umxFX	python-gnn-puct-reval30k-v0.1.0	sha256:6120be86fc469df71473c3de64e5e32f99694cd47d621fa5948f243dc51d3d21	python-gnn-puct-reval30k-v0.1.0	sha256:6120be86fc469df71473c3de64e5e32f99694cd47d621fa5948f243dc51d3d21	L	P	196
g1_lF9mECfJzQeZbV9S7oYXsbzRbaRFq6PqB2LguJE2o-c	s1_2r9UXtePy1A3o2shiGKG3Iey8Nt2lldq9jzlz8uCKuw	1unNnl	qadv-arbiter-7x7-rust-lambda-v0.1.0	-	qadv-arbiter-7x7-rust-lambda-v0.1.0	-	L	P	196
g1_lF9mECfJzQeZbV9S7oYXsbzRbaRFq6PqB2LguJE2o-c	s1_7_q7WB8j1oilFpNsXcoxHiit9WiXUmQpHr16IXO-WlA	1unNnl	qadv-arbiter-7x7-rust-lambda-v0.1.0	-	qadv-arbiter-7x7-rust-lambda-v0.1.0	-	L	P	196
g1_lF9mECfJzQeZbV9S7oYXsbzRbaRFq6PqB2LguJE2o-c	s1_7yZljf4kEw9UzIdN5YqPeM0CyoZfx-q31V8M_kI_31I	1unNnl	qadv-arbiter-7x7-rust-lambda-v0.1.0	-	qadv-arbiter-7x7-rust-lambda-v0.1.0	-	L	P	196
g1_lF9mECfJzQeZbV9S7oYXsbzRbaRFq6PqB2LguJE2o-c	s1_RauLaTi4eVgYHSp2TV9pqs9uzTVv0B10g9TaHMWpcZ4	1unNnl	qadv-arbiter-7x7-rust-lambda-v0.1.0	-	qadv-arbiter-7x7-rust-lambda-v0.1.0	-	L	P	-
g1_lFDROO6LohPw5bG3zBTBY8sACQWKJodN--8JsRzpsrk	s1_CcTHpDwXddQKoW3YtHZxJMoLIWySkdIfPL30IwDsVzg	1unO51	qadv-arbiter-7x7-rust-lambda-v0.1.0	-	qadv-arbiter-7x7-rust-lambda-v0.1.0	-	L	P	196
g1_lFDROO6LohPw5bG3zBTBY8sACQWKJodN--8JsRzpsrk	s1_OcDdRjNEs7BayFyofgjyumEXZlGgCpE_JIXogoRgJ4c	1unO51	qadv-arbiter-7x7-rust-lambda-v0.1.0	-	qadv-arbiter-7x7-rust-lambda-v0.1.0	-	L	P	196
g1_lFDROO6LohPw5bG3zBTBY8sACQWKJodN--8JsRzpsrk	s1_RauLaTi4eVgYHSp2TV9pqs9uzTVv0B10g9TaHMWpcZ4	1unO51	qadv-arbiter-7x7-rust-lambda-v0.1.0	-	qadv-arbiter-7x7-rust-lambda-v0.1.0	-	L	P	-
g1_lFDROO6LohPw5bG3zBTBY8sACQWKJodN--8JsRzpsrk	s1_ieWyWyF1YIwkOkkZww8PjO4Abr79HAys7ST-6TIIrRg	1unO51	qadv-arbiter-7x7-rust-lambda-v0.1.0	-	qadv-arbiter-7x7-rust-lambda-v0.1.0	-	L	P	196
g1_lFE34PtxGT-Q9zp85cI-4SSyNg0Hln4zwM2U-OhILHI	s1_0sKm8HMI4E5Z-1OOxMMEH0BR77dCX3HSTiCSDZ63wK0	1unPI2	qadv-arbiter-7x7-rust-lambda-v0.1.0	-	qadv-arbiter-7x7-rust-lambda-v0.1.0	-	L	P	196
g1_lFE34PtxGT-Q9zp85cI-4SSyNg0Hln4zwM2U-OhILHI	s1_FqnnLREtEE8G4h4XlKW95NoOtzD7V4oa0nzwFBLN2AQ	1unPI2	qadv-arbiter-7x7-rust-lambda-v0.1.0	-	qadv-arbiter-7x7-rust-lambda-v0.1.0	-	L	P	196
g1_lFE34PtxGT-Q9zp85cI-4SSyNg0Hln4zwM2U-OhILHI	s1_RauLaTi4eVgYHSp2TV9pqs9uzTVv0B10g9TaHMWpcZ4	1unPI2	qadv-arbiter-7x7-rust-lambda-v0.1.0	-	qadv-arbiter-7x7-rust-lambda-v0.1.0	-	L	P	-
g1_lFE34PtxGT-Q9zp85cI-4SSyNg0Hln4zwM2U-OhILHI	s1_iRozNPrPhd5HdQ2GkDyXjdOrtnEO23RRsVeYOETYFOQ	1unPI2	qadv-arbiter-7x7-rust-lambda-v0.1.0	-	qadv-arbiter-7x7-rust-lambda-v0.1.0	-	L	P	196
g1_lFI4EnlSdOZsRn1zdmUNnFizL1aTKX6FHfSku5Pga6Y	s1_-wfSoF3yrHwl1O2A9nyFtZPDSfwzXvg2Ti1odWeBhGo	1unPFs	qadv-arbiter-7x7-rust-lambda-v0.1.0	-	qadv-arbiter-7x7-rust-lambda-v0.1.0	-	D	P	196
g1_lFI4EnlSdOZsRn1zdmUNnFizL1aTKX6FHfSku5Pga6Y	s1_RauLaTi4eVgYHSp2TV9pqs9uzTVv0B10g9TaHMWpcZ4	1unPFs	qadv-arbiter-7x7-rust-lambda-v0.1.0	-	qadv-arbiter-7x7-rust-lambda-v0.1.0	-	D	P	-
g1_lFI4EnlSdOZsRn1zdmUNnFizL1aTKX6FHfSku5Pga6Y	s1_X_bOlNHzKWmX8XmLN9szNMCQcBlWUxy9FXCR3PDMIaw	1unPFs	qadv-arbiter-7x7-rust-lambda-v0.1.0	-	qadv-arbiter-7x7-rust-lambda-v0.1.0	-	D	P	196
g1_lFI4EnlSdOZsRn1zdmUNnFizL1aTKX6FHfSku5Pga6Y	s1_iMPaZHPdyYZ-QcwqRmTQa4bRc1NF6US1kQ4trZ29Udo	1unPFs	qadv-arbiter-7x7-rust-lambda-v0.1.0	-	qadv-arbiter-7x7-rust-lambda-v0.1.0	-	D	P	196
g1_lFIp4EngmSzXiZ6UO0xXfmii4GkPOjXqUemyw1jXPP0	s1_25bumraOjP-yLy2VXPujrL276K-CLitC4ZmOaqeEU2Y	1unQ5V	qadv-arbiter-7x7-rust-lambda-v0.1.0	-	qadv-arbiter-7x7-rust-lambda-v0.1.0	-	D	P	196
g1_lFIp4EngmSzXiZ6UO0xXfmii4GkPOjXqUemyw1jXPP0	s1_BUhqqPGgFvhPn7DNoyKV7Aa0euLGQEfkJcfnnfB3P7U	1unQ5V	qadv-arbiter-7x7-rust-lambda-v0.1.0	-	qadv-arbiter-7x7-rust-lambda-v0.1.0	-	D	P	196
g1_lFIp4EngmSzXiZ6UO0xXfmii4GkPOjXqUemyw1jXPP0	s1_ZuzmuP4basHcS802VbbMvyk8BiQy-HiGQA5d_IGINr8	1unQ5V	qadv-arbiter-7x7-rust-lambda-v0.1.0	-	qadv-arbiter-7x7-rust-lambda-v0.1.0	-	D	P	196
g1_lFKQE0IgwCTlD9HSJOSLRm-JHfpG311rBLv7DmOiSkY	s1_2FtaP75xgRVTNrUvmC0NIesJCNy8IDFJ05WNM4nUnpg	1unQhY	qadv-arbiter-7x7-v0.1.0	-	pathfinder-v0.3.0	-	D	P	196
g1_lFKQE0IgwCTlD9HSJOSLRm-JHfpG311rBLv7DmOiSkY	s1_EMAArXmeNonF7axkhylrSEpN9T2VnrF-A_EAhty0My4	1unQhY	qadv-arbiter-7x7-v0.1.0	-	pathfinder-v0.3.0	-	D	P	196
g1_lFKQE0IgwCTlD9HSJOSLRm-JHfpG311rBLv7DmOiSkY	s1_RauLaTi4eVgYHSp2TV9pqs9uzTVv0B10g9TaHMWpcZ4	1unQhY	qadv-arbiter-7x7-v0.1.0	-	pathfinder-v0.3.0	-	D	P	-
g1_lFKQE0IgwCTlD9HSJOSLRm-JHfpG311rBLv7DmOiSkY	s1_aGHbg-0zoKZYEGPPHxre1DZfTh5UvhiFJiwcOxhLQsc	1unQhY	qadv-arbiter-7x7-v0.1.0	-	pathfinder-v0.3.0	-	D	P	196
g1_lFMwiXwbnvVDDVPZQzxP2ywLe0LlRU7S8459oxiWSg8	s1_1av6nXQkq-GSHXfjkVlGHGpAq8F9UbW4JwZmyFA-vww	1umvS3	python-gnn-puct-learner-v0.1.0	sha256:ab0f739cd33d66781faf60e27797c5ccba3c04ba684f8d9e32e9c2754f4e8956	python-gnn-puct-learner-v0.1.0	sha256:ab0f739cd33d66781faf60e27797c5ccba3c04ba684f8d9e32e9c2754f4e8956	D	P	196
g1_lFMwiXwbnvVDDVPZQzxP2ywLe0LlRU7S8459oxiWSg8	s1_Brk0hkuJoH-MBjdd53AO5tlWcOgDWV_R0PO74fHGd_0	1umvS3	python-gnn-puct-learner-v0.1.0	sha256:ab0f739cd33d66781faf60e27797c5ccba3c04ba684f8d9e32e9c2754f4e8956	python-gnn-puct-learner-v0.1.0	sha256:ab0f739cd33d66781faf60e27797c5ccba3c04ba684f8d9e32e9c2754f4e8956	D	P	196
g1_lFMwiXwbnvVDDVPZQzxP2ywLe0LlRU7S8459oxiWSg8	s1_QBFUsDtxokERlDOdQkleYbPvhJ-vIp2qmp6DXjS-7oM	1umvS3	python-gnn-puct-learner-v0.1.0	sha256:ab0f739cd33d66781faf60e27797c5ccba3c04ba684f8d9e32e9c2754f4e8956	python-gnn-puct-learner-v0.1.0	sha256:ab0f739cd33d66781faf60e27797c5ccba3c04ba684f8d9e32e9c2754f4e8956	D	P	196
g1_lFXSfOp1oMeWhEm46PTnDH9HZgd8tvoVzQU3welZILw	s1_2FtaP75xgRVTNrUvmC0NIesJCNy8IDFJ05WNM4nUnpg	1unQx0	qadv-arbiter-7x7-v0.1.0	-	surveyor-v0.2.0	-	D	P	196
g1_lFXSfOp1oMeWhEm46PTnDH9HZgd8tvoVzQU3welZILw	s1_F1bRTMMc7WPBHhcU2WhUt_ZCP3YyTFtaERJ-_FH31CA	1unQx0	qadv-arbiter-7x7-v0.1.0	-	surveyor-v0.2.0	-	D	P	196
g1_lFXSfOp1oMeWhEm46PTnDH9HZgd8tvoVzQU3welZILw	s1_RauLaTi4eVgYHSp2TV9pqs9uzTVv0B10g9TaHMWpcZ4	1unQx0	qadv-arbiter-7x7-v0.1.0	-	surveyor-v0.2.0	-	D	P	-
g1_lFXSfOp1oMeWhEm46PTnDH9HZgd8tvoVzQU3welZILw	s1_lBWua271hB1wbxli2x-cQhiBjwa8AIegan3mnmcZpTA	1unQx0	qadv-arbiter-7x7-v0.1.0	-	surveyor-v0.2.0	-	D	P	196
g1_lFgk7PaNGprTVZhu0IcE9QTzvYUyUl3u3lRVVKU1DIc	s1_IMAs9P_tBtRuvPuB8vhU1YNWagXc2NRVTz5xLy2Z7as	1unLoQ	qadv-arbiter-7x7-rust-lambda-v0.1.0	-	qadv-arbiter-7x7-rust-lambda-v0.1.0	-	D	P	196
g1_lFgk7PaNGprTVZhu0IcE9QTzvYUyUl3u3lRVVKU1DIc	s1_RauLaTi4eVgYHSp2TV9pqs9uzTVv0B10g9TaHMWpcZ4	1unLoQ	qadv-arbiter-7x7-rust-lambda-v0.1.0	-	qadv-arbiter-7x7-rust-lambda-v0.1.0	-	D	P	-
g1_lFgk7PaNGprTVZhu0IcE9QTzvYUyUl3u3lRVVKU1DIc	s1_a-Ou46ON1n4bhhPpRTkz7j2KZtfebRyh-gQKFT-WhLo	1unLoQ	qadv-arbiter-7x7-rust-lambda-v0.1.0	-	qadv-arbiter-7x7-rust-lambda-v0.1.0	-	D	P	196
g1_lFgk7PaNGprTVZhu0IcE9QTzvYUyUl3u3lRVVKU1DIc	s1_sV_r5Cg6zUZyb9wU1QRZhGMuSSbv6VL5kE0AhgT9POQ	1unLoQ	qadv-arbiter-7x7-rust-lambda-v0.1.0	-	qadv-arbiter-7x7-rust-lambda-v0.1.0	-	D	P	196
g1_lFhT1cis4oSiXWookSCb7KTev8bBvytBfrQFcjdGhIs	s1_1av6nXQkq-GSHXfjkVlGHGpAq8F9UbW4JwZmyFA-vww	1DIic	python-gnn-puct-v0.1.0	sha256:6f9ad6e4a0993da3cf34a8549e86f9b5d512c51e11bfa76dfe051e7a8801bdac	python-gnn-puct-v0.1.0	sha256:6f9ad6e4a0993da3cf34a8549e86f9b5d512c51e11bfa76dfe051e7a8801bdac	D	P	196
g1_lFhT1cis4oSiXWookSCb7KTev8bBvytBfrQFcjdGhIs	s1_Brk0hkuJoH-MBjdd53AO5tlWcOgDWV_R0PO74fHGd_0	1DIic	python-gnn-puct-v0.1.0	sha256:6f9ad6e4a0993da3cf34a8549e86f9b5d512c51e11bfa76dfe051e7a8801bdac	python-gnn-puct-v0.1.0	sha256:6f9ad6e4a0993da3cf34a8549e86f9b5d512c51e11bfa76dfe051e7a8801bdac	D	P	196
g1_lFhT1cis4oSiXWookSCb7KTev8bBvytBfrQFcjdGhIs	s1_KmF8KhDbubz6lwdS8R_n_yTGdSONmH9B1wUABbyCj94	1DIic	python-gnn-puct-v0.1.0	sha256:6f9ad6e4a0993da3cf34a8549e86f9b5d512c51e11bfa76dfe051e7a8801bdac	python-gnn-puct-v0.1.0	sha256:6f9ad6e4a0993da3cf34a8549e86f9b5d512c51e11bfa76dfe051e7a8801bdac	D	P	196
g1_lFhT1cis4oSiXWookSCb7KTev8bBvytBfrQFcjdGhIs	s1_g5pGkHBMEhzAYvwFY0b24sSc7wC9JfnWApMHHZ_aMPI	1DIic	python-gnn-puct-v0.1.0	sha256:6f9ad6e4a0993da3cf34a8549e86f9b5d512c51e11bfa76dfe051e7a8801bdac	python-gnn-puct-v0.1.0	sha256:6f9ad6e4a0993da3cf34a8549e86f9b5d512c51e11bfa76dfe051e7a8801bdac	D	P	196
g1_lFhT1cis4oSiXWookSCb7KTev8bBvytBfrQFcjdGhIs	s1_tol_POp6BcgBLMWq8iDfRBQSAXpESHxFwmcCQYXv0yQ	1DIic	python-gnn-puct-v0.1.0	sha256:6f9ad6e4a0993da3cf34a8549e86f9b5d512c51e11bfa76dfe051e7a8801bdac	python-gnn-puct-v0.1.0	sha256:6f9ad6e4a0993da3cf34a8549e86f9b5d512c51e11bfa76dfe051e7a8801bdac	D	P	196
g1_lFruL1bQmJcN5CHg69hkaBOyrBNSbiq-ITR9Y2CLQiM	s1_1av6nXQkq-GSHXfjkVlGHGpAq8F9UbW4JwZmyFA-vww	1umvE1	cnn-baseline-7x7	sha256:f4969554372b34d9773382cf5cd8e3f20890ccedfb1e6c685984c6c94fbb6203	pathfinder-v0.3.0	-	D	P	196
g1_lFruL1bQmJcN5CHg69hkaBOyrBNSbiq-ITR9Y2CLQiM	s1_Brk0hkuJoH-MBjdd53AO5tlWcOgDWV_R0PO74fHGd_0	1umvE1	cnn-baseline-7x7	sha256:f4969554372b34d9773382cf5cd8e3f20890ccedfb1e6c685984c6c94fbb6203	pathfinder-v0.3.0	-	D	P	196
g1_lFruL1bQmJcN5CHg69hkaBOyrBNSbiq-ITR9Y2CLQiM	s1_QzXKB60HvV5g6-cJIu-NdpeFb1rCgFAJD1cxfdkoMm0	1umvE1	cnn-baseline-7x7	sha256:f4969554372b34d9773382cf5cd8e3f20890ccedfb1e6c685984c6c94fbb6203	pathfinder-v0.3.0	-	D	P	196
g1_lFsm_at7bO-2-_f8ovMGON0jppeUyNDHKPDI9VnG8XQ	s1_NDCIVqdMA7Ns8M0DoAOt3gmwaKMujbXFwcs-crIISl0	1unO78	qadv-arbiter-7x7-rust-lambda-v0.1.0	-	qadv-arbiter-7x7-rust-lambda-v0.1.0	-	L	P	196
g1_lFsm_at7bO-2-_f8ovMGON0jppeUyNDHKPDI9VnG8XQ	s1_RauLaTi4eVgYHSp2TV9pqs9uzTVv0B10g9TaHMWpcZ4	1unO78	qadv-arbiter-7x7-rust-lambda-v0.1.0	-	qadv-arbiter-7x7-rust-lambda-v0.1.0	-	L	P	-
g1_lFsm_at7bO-2-_f8ovMGON0jppeUyNDHKPDI9VnG8XQ	s1_V21nLqgVGvAqpj15znl3WaM4__CE453dlCZPlD1SKZo	1unO78	qadv-arbiter-7x7-rust-lambda-v0.1.0	-	qadv-arbiter-7x7-rust-lambda-v0.1.0	-	L	P	196
g1_lFsm_at7bO-2-_f8ovMGON0jppeUyNDHKPDI9VnG8XQ	s1_spfN9t74YFe1wJ2DB6MkcSaIU2wRHgvueBeI_qVhBPU	1unO78	qadv-arbiter-7x7-rust-lambda-v0.1.0	-	qadv-arbiter-7x7-rust-lambda-v0.1.0	-	L	P	196
g1_lFwZqK7kd0QrYhXZq4cCMRDNVIWLKLw2v36I6bKkYrA	s1_7FIu85-v_e-kbNsQ2UNk3yRt-KGcLyUjpmVwIc9cnfM	1umwGx	python-gnn-puct-scout-v0.1.0	sha256:b9f80706cc1f29076ee06fe06483697c749148a808c599579045d00a52573938	python-gnn-puct-scout-v0.1.0	sha256:b9f80706cc1f29076ee06fe06483697c749148a808c599579045d00a52573938	L	P	196
g1_lFwZqK7kd0QrYhXZq4cCMRDNVIWLKLw2v36I6bKkYrA	s1_S8AGNBNcWBvWiwIo-AOAHPoHuZo2XvcsYvhgQxGTkrY	1umwGx	python-gnn-puct-scout-v0.1.0	sha256:b9f80706cc1f29076ee06fe06483697c749148a808c599579045d00a52573938	python-gnn-puct-scout-v0.1.0	sha256:b9f80706cc1f29076ee06fe06483697c749148a808c599579045d00a52573938	L	P	196
g1_lG1LXlmEkU9haelOrpAv3wgyUQ6Lu4Oi1jUhY9c6XlU	s1_1wpEpQqsZ3HbVcbg7xPsJ7CFZ3jMtP0AhTdv-bgiMRM	1unLtq	qadv-arbiter-7x7-rust-lambda-v0.1.0	-	qadv-arbiter-7x7-rust-lambda-v0.1.0	-	D	P	196
g1_lG1LXlmEkU9haelOrpAv3wgyUQ6Lu4Oi1jUhY9c6XlU	s1_M3TQlUx9z8YOiWKn0WZEJY21uWWVU9YLfgMWmLgbURs	1unLtq	qadv-arbiter-7x7-rust-lambda-v0.1.0	-	qadv-arbiter-7x7-rust-lambda-v0.1.0	-	D	P	196
g1_lG1LXlmEkU9haelOrpAv3wgyUQ6Lu4Oi1jUhY9c6XlU	s1_RauLaTi4eVgYHSp2TV9pqs9uzTVv0B10g9TaHMWpcZ4	1unLtq	qadv-arbiter-7x7-rust-lambda-v0.1.0	-	qadv-arbiter-7x7-rust-lambda-v0.1.0	-	D	P	-
g1_lG1LXlmEkU9haelOrpAv3wgyUQ6Lu4Oi1jUhY9c6XlU	s1_ouX1jS4aDQ5Snt7upF9AWwwd60WW25LkyidulVcOL3M	1unLtq	qadv-arbiter-7x7-rust-lambda-v0.1.0	-	qadv-arbiter-7x7-rust-lambda-v0.1.0	-	D	P	196
g1_lG3WT3Smf3jO03QBSkeXXH0Jqy4Xsge0FDAyiQ05ptQ	s1_7FIu85-v_e-kbNsQ2UNk3yRt-KGcLyUjpmVwIc9cnfM	1umwC1	python-gnn-puct-scout-v0.1.0	sha256:b9f80706cc1f29076ee06fe06483697c749148a808c599579045d00a52573938	python-gnn-puct-scout-v0.1.0	sha256:b9f80706cc1f29076ee06fe06483697c749148a808c599579045d00a52573938	D	P	196
g1_lG3WT3Smf3jO03QBSkeXXH0Jqy4Xsge0FDAyiQ05ptQ	s1_S8AGNBNcWBvWiwIo-AOAHPoHuZo2XvcsYvhgQxGTkrY	1umwC1	python-gnn-puct-scout-v0.1.0	sha256:b9f80706cc1f29076ee06fe06483697c749148a808c599579045d00a52573938	python-gnn-puct-scout-v0.1.0	sha256:b9f80706cc1f29076ee06fe06483697c749148a808c599579045d00a52573938	D	P	196
g1_lG9TKOqtV8KQIx-49MLqdyIlOb_ebvo6jtWe7YWJMNM	s1_6nv2AOdjz0hEEyz61HJUnfACzFtUMYJ9MOm9FLn59XQ	1unOam	qadv-arbiter-7x7-rust-lambda-v0.1.0	-	qadv-arbiter-7x7-rust-lambda-v0.1.0	-	D	P	196
g1_lG9TKOqtV8KQIx-49MLqdyIlOb_ebvo6jtWe7YWJMNM	s1_Jessb9UA5XfIasy-HIN9QbnGl9kMsuNpSO3iWtIBqt4	1unOam	qadv-arbiter-7x7-rust-lambda-v0.1.0	-	qadv-arbiter-7x7-rust-lambda-v0.1.0	-	D	P	196
g1_lG9TKOqtV8KQIx-49MLqdyIlOb_ebvo6jtWe7YWJMNM	s1_RauLaTi4eVgYHSp2TV9pqs9uzTVv0B10g9TaHMWpcZ4	1unOam	qadv-arbiter-7x7-rust-lambda-v0.1.0	-	qadv-arbiter-7x7-rust-lambda-v0.1.0	-	D	P	-
g1_lG9TKOqtV8KQIx-49MLqdyIlOb_ebvo6jtWe7YWJMNM	s1_zfkvJzQj9pp7mDyUtegkqszpfrne6pP4jxsSFOWHnyM	1unOam	qadv-arbiter-7x7-rust-lambda-v0.1.0	-	qadv-arbiter-7x7-rust-lambda-v0.1.0	-	D	P	196
g1_lGRCegRD_hZlY4awK9hROOUB8p6LvqXdh_0uq-xoxyE	s1_Ny-KvH1F-AQ3z8OCfBMPvIwIIB7lph2lpILgK0_ZAi8	1unMNi	qadv-arbiter-7x7-rust-lambda-v0.1.0	-	qadv-arbiter-7x7-rust-lambda-v0.1.0	-	D	P	196
g1_lGRCegRD_hZlY4awK9hROOUB8p6LvqXdh_0uq-xoxyE	s1_ORohqmv9KLAwgK6enPC-ZmeeGiVs2HKcj6aOpAyXNX8	1unMNi	qadv-arbiter-7x7-rust-lambda-v0.1.0	-	qadv-arbiter-7x7-rust-lambda-v0.1.0	-	D	P	196
g1_lGRCegRD_hZlY4awK9hROOUB8p6LvqXdh_0uq-xoxyE	s1_RauLaTi4eVgYHSp2TV9pqs9uzTVv0B10g9TaHMWpcZ4	1unMNi	qadv-arbiter-7x7-rust-lambda-v0.1.0	-	qadv-arbiter-7x7-rust-lambda-v0.1.0	-	D	P	-
g1_lGRCegRD_hZlY4awK9hROOUB8p6LvqXdh_0uq-xoxyE	s1_rqTDAX6eDqhU6KZoakimKnpU7XJ4lv0E2qj_2SQAySI	1unMNi	qadv-arbiter-7x7-rust-lambda-v0.1.0	-	qadv-arbiter-7x7-rust-lambda-v0.1.0	-	D	P	196
g1_lGV4L_b6DUensQMUQbOGfoZsud6ubHnkBE4Ch5v_p-4	s1_1av6nXQkq-GSHXfjkVlGHGpAq8F9UbW4JwZmyFA-vww	1umv84	pathfinder-v0.3.0	-	surveyor-v0.2.0	-	L	P	196
g1_lGV4L_b6DUensQMUQbOGfoZsud6ubHnkBE4Ch5v_p-4	s1_Brk0hkuJoH-MBjdd53AO5tlWcOgDWV_R0PO74fHGd_0	1umv84	pathfinder-v0.3.0	-	surveyor-v0.2.0	-	L	P	196
g1_lGV4L_b6DUensQMUQbOGfoZsud6ubHnkBE4Ch5v_p-4	s1_QzXKB60HvV5g6-cJIu-NdpeFb1rCgFAJD1cxfdkoMm0	1umv84	pathfinder-v0.3.0	-	surveyor-v0.2.0	-	L	P	196
g1_lGbMQlUO9xbF9hoIttidGB0hsQ4f9eBx9e5hj071qGo	s1_1av6nXQkq-GSHXfjkVlGHGpAq8F9UbW4JwZmyFA-vww	1DIi0	python-gnn-puct-v0.1.0	sha256:6f9ad6e4a0993da3cf34a8549e86f9b5d512c51e11bfa76dfe051e7a8801bdac	python-gnn-puct-v0.1.0	sha256:6f9ad6e4a0993da3cf34a8549e86f9b5d512c51e11bfa76dfe051e7a8801bdac	D	P	196
g1_lGbMQlUO9xbF9hoIttidGB0hsQ4f9eBx9e5hj071qGo	s1_del54SUFELBov5vQFrhsVexn6D9EhUPDFZpXuqC6eCI	1DIi0	python-gnn-puct-v0.1.0	sha256:6f9ad6e4a0993da3cf34a8549e86f9b5d512c51e11bfa76dfe051e7a8801bdac	python-gnn-puct-v0.1.0	sha256:6f9ad6e4a0993da3cf34a8549e86f9b5d512c51e11bfa76dfe051e7a8801bdac	D	P	196
g1_lGbMQlUO9xbF9hoIttidGB0hsQ4f9eBx9e5hj071qGo	s1_g5pGkHBMEhzAYvwFY0b24sSc7wC9JfnWApMHHZ_aMPI	1DIi0	python-gnn-puct-v0.1.0	sha256:6f9ad6e4a0993da3cf34a8549e86f9b5d512c51e11bfa76dfe051e7a8801bdac	python-gnn-puct-v0.1.0	sha256:6f9ad6e4a0993da3cf34a8549e86f9b5d512c51e11bfa76dfe051e7a8801bdac	D	P	196
g1_lGbMQlUO9xbF9hoIttidGB0hsQ4f9eBx9e5hj071qGo	s1_mWPTef6xYbijjPhDIC6QgLRmu2mMSJAokNlIkx3vg54	1DIi0	python-gnn-puct-v0.1.0	sha256:6f9ad6e4a0993da3cf34a8549e86f9b5d512c51e11bfa76dfe051e7a8801bdac	python-gnn-puct-v0.1.0	sha256:6f9ad6e4a0993da3cf34a8549e86f9b5d512c51e11bfa76dfe051e7a8801bdac	D	P	196
g1_lGbMQlUO9xbF9hoIttidGB0hsQ4f9eBx9e5hj071qGo	s1_tol_POp6BcgBLMWq8iDfRBQSAXpESHxFwmcCQYXv0yQ	1DIi0	python-gnn-puct-v0.1.0	sha256:6f9ad6e4a0993da3cf34a8549e86f9b5d512c51e11bfa76dfe051e7a8801bdac	python-gnn-puct-v0.1.0	sha256:6f9ad6e4a0993da3cf34a8549e86f9b5d512c51e11bfa76dfe051e7a8801bdac	D	P	196
g1_lGc4pAw_Y1VpZRpBIcO3_6MPjlXJlV20LUQ2dLo91AY	s1_flXyOBW6T9LLVDFIvXBGel1MoVNZcUcMFIJnB9yLapU	1umx6V	python-gnn-puct-reval30k-v0.1.0	sha256:6120be86fc469df71473c3de64e5e32f99694cd47d621fa5948f243dc51d3d21	python-gnn-puct-reval30k-v0.1.0	sha256:6120be86fc469df71473c3de64e5e32f99694cd47d621fa5948f243dc51d3d21	L	P	196
g1_lGnE8QzayCXNZqtrfA94Sof4gwmX7TNSyXk5BCHrElY	s1_Q42T_pIwIsMRZTe5sdOOC5bc6NM3GLuuvQ9zf3lYX1Q	1unNvD	qadv-arbiter-7x7-rust-lambda-v0.1.0	-	qadv-arbiter-7x7-rust-lambda-v0.1.0	-	L	P	196
g1_lGnE8QzayCXNZqtrfA94Sof4gwmX7TNSyXk5BCHrElY	s1_RauLaTi4eVgYHSp2TV9pqs9uzTVv0B10g9TaHMWpcZ4	1unNvD	qadv-arbiter-7x7-rust-lambda-v0.1.0	-	qadv-arbiter-7x7-rust-lambda-v0.1.0	-	L	P	-
g1_lGnE8QzayCXNZqtrfA94Sof4gwmX7TNSyXk5BCHrElY	s1_U7LZ3HaGhLqPZ_s3jcpak6sfkvMZKgc4XXCjtRrgGMU	1unNvD	qadv-arbiter-7x7-rust-lambda-v0.1.0	-	qadv-arbiter-7x7-rust-lambda-v0.1.0	-	L	P	196
g1_lGnE8QzayCXNZqtrfA94Sof4gwmX7TNSyXk5BCHrElY	s1_jra09IIzdtLAPExYrHG4DVa4NKnUw89mHJ4hIzBiTIg	1unNvD	qadv-arbiter-7x7-rust-lambda-v0.1.0	-	qadv-arbiter-7x7-rust-lambda-v0.1.0	-	L	P	196
g1_lGwJWc_vFC_-KeBi7bLEwOC4YbihU45PDFCQhSvDfXM	s1_8WwltaAvuRK9MKldLMa2wG79e3LNwLOZ3qcX3QDpc_E	1unNu2	qadv-arbiter-7x7-rust-lambda-v0.1.0	-	qadv-arbiter-7x7-rust-lambda-v0.1.0	-	D	P	196
g1_lGwJWc_vFC_-KeBi7bLEwOC4YbihU45PDFCQhSvDfXM	s1_RauLaTi4eVgYHSp2TV9pqs9uzTVv0B10g9TaHMWpcZ4	1unNu2	qadv-arbiter-7x7-rust-lambda-v0.1.0	-	qadv-arbiter-7x7-rust-lambda-v0.1.0	-	D	P	-
g1_lGwJWc_vFC_-KeBi7bLEwOC4YbihU45PDFCQhSvDfXM	s1_XNVYHJg51tqYsPiHKdfFTzQLgHANMhbBTBNZjVqGCkE	1unNu2	qadv-arbiter-7x7-rust-lambda-v0.1.0	-	qadv-arbiter-7x7-rust-lambda-v0.1.0	-	D	P	196
g1_lGwJWc_vFC_-KeBi7bLEwOC4YbihU45PDFCQhSvDfXM	s1_tGoqyILQIW1T7lRJQUyq8sKz5pCowfqUZcYoCSAzqts	1unNu2	qadv-arbiter-7x7-rust-lambda-v0.1.0	-	qadv-arbiter-7x7-rust-lambda-v0.1.0	-	D	P	196
g1_lH2gnlGmhtKEsa75rYMyKVrR1YY4EexgXXL9QgFZhoA	s1_FPPs83xneHOVZ--ScZsm151fECCgsrLr3a25Th4D_dQ	1unNV_	qadv-arbiter-7x7-rust-lambda-v0.1.0	-	qadv-arbiter-7x7-rust-lambda-v0.1.0	-	D	P	196
g1_lH2gnlGmhtKEsa75rYMyKVrR1YY4EexgXXL9QgFZhoA	s1_RauLaTi4eVgYHSp2TV9pqs9uzTVv0B10g9TaHMWpcZ4	1unNV_	qadv-arbiter-7x7-rust-lambda-v0.1.0	-	qadv-arbiter-7x7-rust-lambda-v0.1.0	-	D	P	-
g1_lH2gnlGmhtKEsa75rYMyKVrR1YY4EexgXXL9QgFZhoA	s1_VbUDqM0mGBaaCbMhuwGBN3AE73fZr0CqJBBY3OXQcHo	1unNV_	qadv-arbiter-7x7-rust-lambda-v0.1.0	-	qadv-arbiter-7x7-rust-lambda-v0.1.0	-	D	P	196
g1_lH2gnlGmhtKEsa75rYMyKVrR1YY4EexgXXL9QgFZhoA	s1_zu1IN8WPDddu3f1B8gTMnnw8jZWqH1T_7g3WB-TSN80	1unNV_	qadv-arbiter-7x7-rust-lambda-v0.1.0	-	qadv-arbiter-7x7-rust-lambda-v0.1.0	-	D	P	196
g1_lH7KQ9iFB-uWQlXuSLbQdO2C1il6KKotfebL40uvTCI	s1_1av6nXQkq-GSHXfjkVlGHGpAq8F9UbW4JwZmyFA-vww	1DIYY	rust-pathfinder-v0.1.0	-	lunatic-v0.1.0	-	L	P	-
g1_lH7KQ9iFB-uWQlXuSLbQdO2C1il6KKotfebL40uvTCI	s1_9Eroywf7tuDrn-hcfZPjlEa1DSRUykCRn9Z11u8ySIo	1DIYY	rust-pathfinder-v0.1.0	-	lunatic-v0.1.0	-	L	P	-
g1_lH7KQ9iFB-uWQlXuSLbQdO2C1il6KKotfebL40uvTCI	s1_Brk0hkuJoH-MBjdd53AO5tlWcOgDWV_R0PO74fHGd_0	1DIYY	rust-pathfinder-v0.1.0	-	lunatic-v0.1.0	-	L	P	-
g1_lH7KQ9iFB-uWQlXuSLbQdO2C1il6KKotfebL40uvTCI	s1_KmF8KhDbubz6lwdS8R_n_yTGdSONmH9B1wUABbyCj94	1DIYY	rust-pathfinder-v0.1.0	-	lunatic-v0.1.0	-	L	P	-
g1_lH7KQ9iFB-uWQlXuSLbQdO2C1il6KKotfebL40uvTCI	s1_MKrI0a3Qd48rU7oZj28GrlQ3cHhIbUzS5ibiIW9aKy4	1DIYY	rust-pathfinder-v0.1.0	-	lunatic-v0.1.0	-	L	P	-
g1_lH7KQ9iFB-uWQlXuSLbQdO2C1il6KKotfebL40uvTCI	s1_XloMUS0hxYEXf762lcPfaudsLmsH-CsOVZNVVU_obcA	1DIYY	rust-pathfinder-v0.1.0	-	lunatic-v0.1.0	-	L	P	-
g1_lH7KQ9iFB-uWQlXuSLbQdO2C1il6KKotfebL40uvTCI	s1_g5pGkHBMEhzAYvwFY0b24sSc7wC9JfnWApMHHZ_aMPI	1DIYY	rust-pathfinder-v0.1.0	-	lunatic-v0.1.0	-	L	P	-
g1_lHDSRXM1n2shEc0aW6hOKg6_-7CVNGRpK0nM0v-DDRI	s1_1av6nXQkq-GSHXfjkVlGHGpAq8F9UbW4JwZmyFA-vww	1DIWu	rust-pathfinder-v0.1.0	-	lunatic-v0.1.0	-	L	P	-
g1_lHDSRXM1n2shEc0aW6hOKg6_-7CVNGRpK0nM0v-DDRI	s1_9Eroywf7tuDrn-hcfZPjlEa1DSRUykCRn9Z11u8ySIo	1DIWu	rust-pathfinder-v0.1.0	-	lunatic-v0.1.0	-	L	P	-
g1_lHDSRXM1n2shEc0aW6hOKg6_-7CVNGRpK0nM0v-DDRI	s1_Brk0hkuJoH-MBjdd53AO5tlWcOgDWV_R0PO74fHGd_0	1DIWu	rust-pathfinder-v0.1.0	-	lunatic-v0.1.0	-	L	P	-
g1_lHDSRXM1n2shEc0aW6hOKg6_-7CVNGRpK0nM0v-DDRI	s1_KmF8KhDbubz6lwdS8R_n_yTGdSONmH9B1wUABbyCj94	1DIWu	rust-pathfinder-v0.1.0	-	lunatic-v0.1.0	-	L	P	-
g1_lHDSRXM1n2shEc0aW6hOKg6_-7CVNGRpK0nM0v-DDRI	s1_MKrI0a3Qd48rU7oZj28GrlQ3cHhIbUzS5ibiIW9aKy4	1DIWu	rust-pathfinder-v0.1.0	-	lunatic-v0.1.0	-	L	P	-
g1_lHDSRXM1n2shEc0aW6hOKg6_-7CVNGRpK0nM0v-DDRI	s1_XloMUS0hxYEXf762lcPfaudsLmsH-CsOVZNVVU_obcA	1DIWu	rust-pathfinder-v0.1.0	-	lunatic-v0.1.0	-	L	P	-
g1_lHDSRXM1n2shEc0aW6hOKg6_-7CVNGRpK0nM0v-DDRI	s1_g5pGkHBMEhzAYvwFY0b24sSc7wC9JfnWApMHHZ_aMPI	1DIWu	rust-pathfinder-v0.1.0	-	lunatic-v0.1.0	-	L	P	-
g1_lHObUAjN8QuY3IZvD6D3_tAkXvdJVpDQPlll55sGKAk	s1_4CPWdJ0fQfaFcIK1KNzqfxd_l461VP3t__NNtaaoR_k	1unMY7	qadv-arbiter-7x7-rust-lambda-v0.1.0	-	qadv-arbiter-7x7-rust-lambda-v0.1.0	-	D	P	196
g1_lHObUAjN8QuY3IZvD6D3_tAkXvdJVpDQPlll55sGKAk	s1_RauLaTi4eVgYHSp2TV9pqs9uzTVv0B10g9TaHMWpcZ4	1unMY7	qadv-arbiter-7x7-rust-lambda-v0.1.0	-	qadv-arbiter-7x7-rust-lambda-v0.1.0	-	D	P	-
g1_lHObUAjN8QuY3IZvD6D3_tAkXvdJVpDQPlll55sGKAk	s1_d0MO7prHR9M8rUGrqcdQLqw3M8t103WbhcqWxyw38bA	1unMY7	qadv-arbiter-7x7-rust-lambda-v0.1.0	-	qadv-arbiter-7x7-rust-lambda-v0.1.0	-	D	P	196
g1_lHObUAjN8QuY3IZvD6D3_tAkXvdJVpDQPlll55sGKAk	s1_p7D3yh90Z9rpzcrapON58E9MSeK3q9ovYcza1FMoNLQ	1unMY7	qadv-arbiter-7x7-rust-lambda-v0.1.0	-	qadv-arbiter-7x7-rust-lambda-v0.1.0	-	D	P	196
g1_lHRsf_QCNgdgPAHgDM0Sq5VXlwiZSqvE_S_DNsuu0Zc	s1_pz791mBLK9gCxlmvM7C8kcD10pikcBIN4FZ0Kf_TgTs	-QghO	lunatic-v0.1.0	-	surveyor-v0.2.0	-	L	P	180
g1_lHSGTGJ6q9djI8t4Waw0zzqrz0X-3UnUbfhx9_KM0p4	s1_QeUd1F3L3TfzkOLR5efByAq_Y-AVtAAI3PDHjC__qH0	1unP6L	qadv-arbiter-7x7-rust-lambda-v0.1.0	-	qadv-arbiter-7x7-rust-lambda-v0.1.0	-	D	P	196
g1_lHSGTGJ6q9djI8t4Waw0zzqrz0X-3UnUbfhx9_KM0p4	s1_RauLaTi4eVgYHSp2TV9pqs9uzTVv0B10g9TaHMWpcZ4	1unP6L	qadv-arbiter-7x7-rust-lambda-v0.1.0	-	qadv-arbiter-7x7-rust-lambda-v0.1.0	-	D	P	-
g1_lHSGTGJ6q9djI8t4Waw0zzqrz0X-3UnUbfhx9_KM0p4	s1_UbfcVUBzqfuxSCtKbwxqa3xnYCaS76a6KsKreZqaRMY	1unP6L	qadv-arbiter-7x7-rust-lambda-v0.1.0	-	qadv-arbiter-7x7-rust-lambda-v0.1.0	-	D	P	196
g1_lHSGTGJ6q9djI8t4Waw0zzqrz0X-3UnUbfhx9_KM0p4	s1_fvAFkgKSVLrTBLHRzgoZruWI9rmyrN8-e9NELlMaE9Q	1unP6L	qadv-arbiter-7x7-rust-lambda-v0.1.0	-	qadv-arbiter-7x7-rust-lambda-v0.1.0	-	D	P	196
g1_lHTrgy0u7sj8uwr7yZnCvF4GSylcH6NWbFP-mpTr8r0	s1_4BFU-I9UQNF0V08kYKqnm9aUVo-kdpwfoSUNc6T7qlE	1unPpM	qadv-arbiter-7x7-rust-lambda-v0.1.0	-	qadv-arbiter-7x7-rust-lambda-v0.1.0	-	L	P	196
g1_lHTrgy0u7sj8uwr7yZnCvF4GSylcH6NWbFP-mpTr8r0	s1_ALP9xDIjD61idzQ96mZ7oGc00lh924UQeOrNo7MmI04	1unPpM	qadv-arbiter-7x7-rust-lambda-v0.1.0	-	qadv-arbiter-7x7-rust-lambda-v0.1.0	-	L	P	196
g1_lHTrgy0u7sj8uwr7yZnCvF4GSylcH6NWbFP-mpTr8r0	s1_JH7LXOJorOMb4t8AIWkcXs4sHiMqMF73LkrStknbufA	1unPpM	qadv-arbiter-7x7-rust-lambda-v0.1.0	-	qadv-arbiter-7x7-rust-lambda-v0.1.0	-	L	P	196
g1_lHTrgy0u7sj8uwr7yZnCvF4GSylcH6NWbFP-mpTr8r0	s1_RauLaTi4eVgYHSp2TV9pqs9uzTVv0B10g9TaHMWpcZ4	1unPpM	qadv-arbiter-7x7-rust-lambda-v0.1.0	-	qadv-arbiter-7x7-rust-lambda-v0.1.0	-	L	P	-
g1_lHhy2GF_kcGG5AGXk_pSQpe53hMsRTwJb8PGIF4LcC0	s1_04jb8nZqjvNzBtVTte2IndtOZm-lKHyQFUs-AF3d72M	1unN7k	qadv-arbiter-7x7-rust-lambda-v0.1.0	-	qadv-arbiter-7x7-rust-lambda-v0.1.0	-	D	P	196
g1_lHhy2GF_kcGG5AGXk_pSQpe53hMsRTwJb8PGIF4LcC0	s1_RauLaTi4eVgYHSp2TV9pqs9uzTVv0B10g9TaHMWpcZ4	1unN7k	qadv-arbiter-7x7-rust-lambda-v0.1.0	-	qadv-arbiter-7x7-rust-lambda-v0.1.0	-	D	P	-
g1_lHhy2GF_kcGG5AGXk_pSQpe53hMsRTwJb8PGIF4LcC0	s1_qqDPDhumgc_c4oxBM_f-7Q9hMrGbb-P3g5D6X4u7-C0	1unN7k	qadv-arbiter-7x7-rust-lambda-v0.1.0	-	qadv-arbiter-7x7-rust-lambda-v0.1.0	-	D	P	196
g1_lHhy2GF_kcGG5AGXk_pSQpe53hMsRTwJb8PGIF4LcC0	s1_tNPTPfk3Otad-2nMFkEE3Xs22NbR-bsesw9ZVK4SYYo	1unN7k	qadv-arbiter-7x7-rust-lambda-v0.1.0	-	qadv-arbiter-7x7-rust-lambda-v0.1.0	-	D	P	196
g1_lHnr9MBBZFePejTX9OaXYkyD149Blvk3iGzjw-vizBI	s1_BwXF-sSzYyhPwe-0H5CcAZWC40WsnJtaVNihWKYzi9U	1unNbW	qadv-arbiter-7x7-rust-lambda-v0.1.0	-	qadv-arbiter-7x7-rust-lambda-v0.1.0	-	D	P	196
g1_lHnr9MBBZFePejTX9OaXYkyD149Blvk3iGzjw-vizBI	s1_RauLaTi4eVgYHSp2TV9pqs9uzTVv0B10g9TaHMWpcZ4	1unNbW	qadv-arbiter-7x7-rust-lambda-v0.1.0	-	qadv-arbiter-7x7-rust-lambda-v0.1.0	-	D	P	-
g1_lHnr9MBBZFePejTX9OaXYkyD149Blvk3iGzjw-vizBI	s1_p3H_oVNAlACWIHOhi1bqPxZP3mjzDQJGVwa4fYpvq4I	1unNbW	qadv-arbiter-7x7-rust-lambda-v0.1.0	-	qadv-arbiter-7x7-rust-lambda-v0.1.0	-	D	P	196
g1_lHnr9MBBZFePejTX9OaXYkyD149Blvk3iGzjw-vizBI	s1_x-zcqD6FtLYl6D75xXL4TMKnTP8vDT8u67MKeT-S41o	1unNbW	qadv-arbiter-7x7-rust-lambda-v0.1.0	-	qadv-arbiter-7x7-rust-lambda-v0.1.0	-	D	P	196
g1_lHuYF_QEbEIwLBt7_5a_Oj_QB9FDWTL2WShvbYyqrGo	s1_-OKlJXuPFfAnukwGYITjiU7XKL4OC_qt76PC0TZSPjg	1umvZo	python-cnn-puct-v0.1.0	sha256:7845e9b7687beee165dc36b8d21833b7a8b5a83e31b58b49bd05c277ba26e642	python-cnn-puct-v0.1.0	sha256:7845e9b7687beee165dc36b8d21833b7a8b5a83e31b58b49bd05c277ba26e642	-	M	196
g1_lHuYF_QEbEIwLBt7_5a_Oj_QB9FDWTL2WShvbYyqrGo	s1_1av6nXQkq-GSHXfjkVlGHGpAq8F9UbW4JwZmyFA-vww	1umvZo	python-cnn-puct-v0.1.0	sha256:7845e9b7687beee165dc36b8d21833b7a8b5a83e31b58b49bd05c277ba26e642	python-cnn-puct-v0.1.0	sha256:7845e9b7687beee165dc36b8d21833b7a8b5a83e31b58b49bd05c277ba26e642	-	M	196
g1_lHuYF_QEbEIwLBt7_5a_Oj_QB9FDWTL2WShvbYyqrGo	s1_Brk0hkuJoH-MBjdd53AO5tlWcOgDWV_R0PO74fHGd_0	1umvZo	python-cnn-puct-v0.1.0	sha256:7845e9b7687beee165dc36b8d21833b7a8b5a83e31b58b49bd05c277ba26e642	python-cnn-puct-v0.1.0	sha256:7845e9b7687beee165dc36b8d21833b7a8b5a83e31b58b49bd05c277ba26e642	-	M	196
g1_lHweYqgGxVleTrFuqx9Cx6prQCMzdWuCP5F1Q6ndGAY	s1_1av6nXQkq-GSHXfjkVlGHGpAq8F9UbW4JwZmyFA-vww	1DIa5	python-gnn-puct-v0.1.0	sha256:6f9ad6e4a0993da3cf34a8549e86f9b5d512c51e11bfa76dfe051e7a8801bdac	python-gnn-puct-v0.1.0	sha256:6f9ad6e4a0993da3cf34a8549e86f9b5d512c51e11bfa76dfe051e7a8801bdac	L	P	196
g1_lHweYqgGxVleTrFuqx9Cx6prQCMzdWuCP5F1Q6ndGAY	s1_del54SUFELBov5vQFrhsVexn6D9EhUPDFZpXuqC6eCI	1DIa5	python-gnn-puct-v0.1.0	sha256:6f9ad6e4a0993da3cf34a8549e86f9b5d512c51e11bfa76dfe051e7a8801bdac	python-gnn-puct-v0.1.0	sha256:6f9ad6e4a0993da3cf34a8549e86f9b5d512c51e11bfa76dfe051e7a8801bdac	L	P	196
g1_lHweYqgGxVleTrFuqx9Cx6prQCMzdWuCP5F1Q6ndGAY	s1_g5pGkHBMEhzAYvwFY0b24sSc7wC9JfnWApMHHZ_aMPI	1DIa5	python-gnn-puct-v0.1.0	sha256:6f9ad6e4a0993da3cf34a8549e86f9b5d512c51e11bfa76dfe051e7a8801bdac	python-gnn-puct-v0.1.0	sha256:6f9ad6e4a0993da3cf34a8549e86f9b5d512c51e11bfa76dfe051e7a8801bdac	L	P	196
g1_lHweYqgGxVleTrFuqx9Cx6prQCMzdWuCP5F1Q6ndGAY	s1_mWPTef6xYbijjPhDIC6QgLRmu2mMSJAokNlIkx3vg54	1DIa5	python-gnn-puct-v0.1.0	sha256:6f9ad6e4a0993da3cf34a8549e86f9b5d512c51e11bfa76dfe051e7a8801bdac	python-gnn-puct-v0.1.0	sha256:6f9ad6e4a0993da3cf34a8549e86f9b5d512c51e11bfa76dfe051e7a8801bdac	L	P	196
g1_lHweYqgGxVleTrFuqx9Cx6prQCMzdWuCP5F1Q6ndGAY	s1_tol_POp6BcgBLMWq8iDfRBQSAXpESHxFwmcCQYXv0yQ	1DIa5	python-gnn-puct-v0.1.0	sha256:6f9ad6e4a0993da3cf34a8549e86f9b5d512c51e11bfa76dfe051e7a8801bdac	python-gnn-puct-v0.1.0	sha256:6f9ad6e4a0993da3cf34a8549e86f9b5d512c51e11bfa76dfe051e7a8801bdac	L	P	196
g1_lIDXOrn6VQ3uQE4_WCYj1OpR3B8UHlafDYfxLHLonAo	s1_7FIu85-v_e-kbNsQ2UNk3yRt-KGcLyUjpmVwIc9cnfM	1umwKi	python-gnn-puct-scout-v0.1.0	sha256:b9f80706cc1f29076ee06fe06483697c749148a808c599579045d00a52573938	python-gnn-puct-scout-v0.1.0	sha256:b9f80706cc1f29076ee06fe06483697c749148a808c599579045d00a52573938	D	P	196
g1_lIDXOrn6VQ3uQE4_WCYj1OpR3B8UHlafDYfxLHLonAo	s1_S8AGNBNcWBvWiwIo-AOAHPoHuZo2XvcsYvhgQxGTkrY	1umwKi	python-gnn-puct-scout-v0.1.0	sha256:b9f80706cc1f29076ee06fe06483697c749148a808c599579045d00a52573938	python-gnn-puct-scout-v0.1.0	sha256:b9f80706cc1f29076ee06fe06483697c749148a808c599579045d00a52573938	D	P	196
g1_lIHrPm7SQAta4czw6mtetGCyudWumM29cPWhZb3tqmY	s1_O3cuwuia8XT9TI7Nxr3tRcajOA20XFHEIT2fYX3WizY	1un76Y	qadv-arbiter-guided-7x7-v0.2.0	sha256:9c0e5e530df7db77a98f6a2e75fe63a6f629c6ad6563e0b5454793ebc243b14d	cnn-reval30k-7x7	sha256:7439239ff343dcc422cb918560b1b72433f2e13628580427343a446f349c6f5a	L	P	196
g1_lIHrPm7SQAta4czw6mtetGCyudWumM29cPWhZb3tqmY	s1__sCLqkv1QowbQOLtcMj1HZM3ouupeB2AXWyXf93UYhE	1un76Y	qadv-arbiter-guided-7x7-v0.2.0	sha256:9c0e5e530df7db77a98f6a2e75fe63a6f629c6ad6563e0b5454793ebc243b14d	cnn-reval30k-7x7	sha256:7439239ff343dcc422cb918560b1b72433f2e13628580427343a446f349c6f5a	L	P	196
g1_lIHrPm7SQAta4czw6mtetGCyudWumM29cPWhZb3tqmY	s1_sxtZ5wkCkg2ztmYoEeuJnPS6kIKyTpUpx59OMIplfiA	1un76Y	qadv-arbiter-guided-7x7-v0.2.0	sha256:9c0e5e530df7db77a98f6a2e75fe63a6f629c6ad6563e0b5454793ebc243b14d	cnn-reval30k-7x7	sha256:7439239ff343dcc422cb918560b1b72433f2e13628580427343a446f349c6f5a	L	P	196
g1_lIPWAX65wsPSnNy2FojmRyKsToJiW2Og3T2HGE1ekLU	s1_1Pj0XUJq5ABu9ImfZVkn6tweuqTHxAbgeJa42CzkyVo	1unOgz	qadv-arbiter-7x7-rust-lambda-v0.1.0	-	qadv-arbiter-7x7-rust-lambda-v0.1.0	-	L	P	196
g1_lIPWAX65wsPSnNy2FojmRyKsToJiW2Og3T2HGE1ekLU	s1_9p9DN7XV75WXOLHhVKnUUAzmNFOoDMJdRBLt0zIG3so	1unOgz	qadv-arbiter-7x7-rust-lambda-v0.1.0	-	qadv-arbiter-7x7-rust-lambda-v0.1.0	-	L	P	196
g1_lIPWAX65wsPSnNy2FojmRyKsToJiW2Og3T2HGE1ekLU	s1_K0hsuYFdzkLgkEbAXCuD6hyDsaoph2JW8xi0Bi3kKiY	1unOgz	qadv-arbiter-7x7-rust-lambda-v0.1.0	-	qadv-arbiter-7x7-rust-lambda-v0.1.0	-	L	P	196
g1_lIPWAX65wsPSnNy2FojmRyKsToJiW2Og3T2HGE1ekLU	s1_RauLaTi4eVgYHSp2TV9pqs9uzTVv0B10g9TaHMWpcZ4	1unOgz	qadv-arbiter-7x7-rust-lambda-v0.1.0	-	qadv-arbiter-7x7-rust-lambda-v0.1.0	-	L	P	-
g1_lIROr1MI507wCh9ZQgjabwgwLLM3Ge52P7tre-GHphU	s1_RauLaTi4eVgYHSp2TV9pqs9uzTVv0B10g9TaHMWpcZ4	1unPAs	qadv-arbiter-7x7-rust-lambda-v0.1.0	-	qadv-arbiter-7x7-rust-lambda-v0.1.0	-	D	P	-
g1_lIROr1MI507wCh9ZQgjabwgwLLM3Ge52P7tre-GHphU	s1_kEZW37Ik8qduel0Gz0QbqdriHI_BmBHsJa8T__NdTAE	1unPAs	qadv-arbiter-7x7-rust-lambda-v0.1.0	-	qadv-arbiter-7x7-rust-lambda-v0.1.0	-	D	P	196
g1_lIROr1MI507wCh9ZQgjabwgwLLM3Ge52P7tre-GHphU	s1_kUAd9XaXztElmwCFQLTCQFricWiZiluR5DcM9L_nqrA	1unPAs	qadv-arbiter-7x7-rust-lambda-v0.1.0	-	qadv-arbiter-7x7-rust-lambda-v0.1.0	-	D	P	196
g1_lIROr1MI507wCh9ZQgjabwgwLLM3Ge52P7tre-GHphU	s1_n7rie0MAYkjUxSCSmm9ZwN6g3ElWGhTPcUnC_wM6XUM	1unPAs	qadv-arbiter-7x7-rust-lambda-v0.1.0	-	qadv-arbiter-7x7-rust-lambda-v0.1.0	-	D	P	196
g1_lISAzWIJzxuB_y-NhfLbb2YKnkxPsvfWR-1uSLfDQCU	s1_CyZergBgdDO6EE-fsLpdtkBQst0MNBBYa-NTEIEhhko	1unN2a	qadv-arbiter-7x7-rust-lambda-v0.1.0	-	qadv-arbiter-7x7-rust-lambda-v0.1.0	-	L	P	196
g1_lISAzWIJzxuB_y-NhfLbb2YKnkxPsvfWR-1uSLfDQCU	s1_LPhnMT9yhyjW_CdnBdMWv4stCw1f2phNI63q5KchSIs	1unN2a	qadv-arbiter-7x7-rust-lambda-v0.1.0	-	qadv-arbiter-7x7-rust-lambda-v0.1.0	-	L	P	196
g1_lISAzWIJzxuB_y-NhfLbb2YKnkxPsvfWR-1uSLfDQCU	s1_RauLaTi4eVgYHSp2TV9pqs9uzTVv0B10g9TaHMWpcZ4	1unN2a	qadv-arbiter-7x7-rust-lambda-v0.1.0	-	qadv-arbiter-7x7-rust-lambda-v0.1.0	-	L	P	-
g1_lISAzWIJzxuB_y-NhfLbb2YKnkxPsvfWR-1uSLfDQCU	s1_dtWSXYBsGKRDkVOROloIK9ynlT2KMkCPN3fH2H_zWm0	1unN2a	qadv-arbiter-7x7-rust-lambda-v0.1.0	-	qadv-arbiter-7x7-rust-lambda-v0.1.0	-	L	P	196
g1_lIYU8waOvVYMRFRZslvoPQwEtleKH0yebYnYcg8KnH4	s1_1LB6NAgPOeCp4r8rQw4kUOIXWpEdWysFm5RZjWCQSgc	1umwUl	python-gnn-puct-learner-v0.1.0	sha256:ab0f739cd33d66781faf60e27797c5ccba3c04ba684f8d9e32e9c2754f4e8956	python-gnn-puct-learner-v0.1.0	sha256:ab0f739cd33d66781faf60e27797c5ccba3c04ba684f8d9e32e9c2754f4e8956	L	P	196
g1_lIYU8waOvVYMRFRZslvoPQwEtleKH0yebYnYcg8KnH4	s1_P4NHYhwuVnEA-dG2X-UVeVotb84A5mwljbYTlTMqr8w	1umwUl	python-gnn-puct-learner-v0.1.0	sha256:ab0f739cd33d66781faf60e27797c5ccba3c04ba684f8d9e32e9c2754f4e8956	python-gnn-puct-learner-v0.1.0	sha256:ab0f739cd33d66781faf60e27797c5ccba3c04ba684f8d9e32e9c2754f4e8956	L	P	196
g1_lIZrfgIqNXOpn7vwOJYMg-_08-GcQBjTKKCVQ_mozlE	s1_sNHDjucG3PyV4JldoL5xMeLmgQ0OTmGEbKgD4yuoYts	1DIVk	rust-surveyor-v0.1.0	-	rust-pathfinder-v0.1.0	-	D	P	-
g1_lIizix7SJOgEPYXHRxNl-2gGo6mLC2mwlx2Azl9iiGc	s1_1av6nXQkq-GSHXfjkVlGHGpAq8F9UbW4JwZmyFA-vww	1umv9k	python-gnn-puct-scout-v0.1.0	sha256:b9f80706cc1f29076ee06fe06483697c749148a808c599579045d00a52573938	python-gnn-puct-scout-v0.1.0	sha256:b9f80706cc1f29076ee06fe06483697c749148a808c599579045d00a52573938	-	M	196
g1_lIizix7SJOgEPYXHRxNl-2gGo6mLC2mwlx2Azl9iiGc	s1_Brk0hkuJoH-MBjdd53AO5tlWcOgDWV_R0PO74fHGd_0	1umv9k	python-gnn-puct-scout-v0.1.0	sha256:b9f80706cc1f29076ee06fe06483697c749148a808c599579045d00a52573938	python-gnn-puct-scout-v0.1.0	sha256:b9f80706cc1f29076ee06fe06483697c749148a808c599579045d00a52573938	-	M	196
g1_lIizix7SJOgEPYXHRxNl-2gGo6mLC2mwlx2Azl9iiGc	s1_D_X-fTFZy6xuyGSC5jFyKBW6IP_59Jbomefazf4xu44	1umv9k	python-gnn-puct-scout-v0.1.0	sha256:b9f80706cc1f29076ee06fe06483697c749148a808c599579045d00a52573938	python-gnn-puct-scout-v0.1.0	sha256:b9f80706cc1f29076ee06fe06483697c749148a808c599579045d00a52573938	-	M	196
g1_lIqEnzAF9rMTunGbzAvumlYX-X0xtzzjNd771mmo9Uw	s1_Qmoz3nLvbLcY_1rcqMtpMJDvTQydhL5cxUNWV6EhpMY	1umws8	qadv-arbiter-7x7-v0.1.0	sha256:8c548d06307572603b839755cc1e50393285365e10f82bcd90290ca65cd86266	qadv-arbiter-7x7-v0.1.0	sha256:8c548d06307572603b839755cc1e50393285365e10f82bcd90290ca65cd86266	D	P	196
g1_lIrUWrW32ceK2FWCwPArdwenk6vACVa-oCXiRxuTIhg	s1__fmnSv6OnZklVvMPUjPdL6drtvfrJptRYX3nxZQO8jI	1umxpO	python-gnn-puct-scout-v0.1.0	sha256:b9f80706cc1f29076ee06fe06483697c749148a808c599579045d00a52573938	python-gnn-puct-scout-v0.1.0	sha256:b9f80706cc1f29076ee06fe06483697c749148a808c599579045d00a52573938	D	P	196
g1_lIwjG68feOomNoPacwvvHNCMa1Y0Zar_eiN8BdcrMoY	s1_Bjp4dH02g7_PSmXWLNISIOjN9NfaSWm7mJi0p_B5YFI	1unNW3	qadv-arbiter-7x7-rust-lambda-v0.1.0	-	qadv-arbiter-7x7-rust-lambda-v0.1.0	-	D	P	196
g1_lIwjG68feOomNoPacwvvHNCMa1Y0Zar_eiN8BdcrMoY	s1_O9L29JWRAlfmPUxKk19OTkKMg2QHjpmxOCamI0vCq-4	1unNW3	qadv-arbiter-7x7-rust-lambda-v0.1.0	-	qadv-arbiter-7x7-rust-lambda-v0.1.0	-	D	P	196
g1_lIwjG68feOomNoPacwvvHNCMa1Y0Zar_eiN8BdcrMoY	s1_RauLaTi4eVgYHSp2TV9pqs9uzTVv0B10g9TaHMWpcZ4	1unNW3	qadv-arbiter-7x7-rust-lambda-v0.1.0	-	qadv-arbiter-7x7-rust-lambda-v0.1.0	-	D	P	-
g1_lIwjG68feOomNoPacwvvHNCMa1Y0Zar_eiN8BdcrMoY	s1_pYBvqX7iZCh5jl54ZTDh0lIVD44CJT8rqtU8Ra_CxUs	1unNW3	qadv-arbiter-7x7-rust-lambda-v0.1.0	-	qadv-arbiter-7x7-rust-lambda-v0.1.0	-	D	P	196
g1_lIxaTfvaPU3lWkgD-IlT5z6ooWMlCbQ7w5ix-4eQiBc	s1_HUmFHqCsMxXvffRQODRlBTa0tC4lDVgvAhWpgSlbAo4	1unMFJ	qadv-arbiter-7x7-rust-lambda-v0.1.0	-	qadv-arbiter-7x7-rust-lambda-v0.1.0	-	D	P	196
g1_lIxaTfvaPU3lWkgD-IlT5z6ooWMlCbQ7w5ix-4eQiBc	s1_Ol4I05HD-226zeWEEM5jOMGX6uXC2jg4jvEEsKH0ow8	1unMFJ	qadv-arbiter-7x7-rust-lambda-v0.1.0	-	qadv-arbiter-7x7-rust-lambda-v0.1.0	-	D	P	196
g1_lIxaTfvaPU3lWkgD-IlT5z6ooWMlCbQ7w5ix-4eQiBc	s1_RauLaTi4eVgYHSp2TV9pqs9uzTVv0B10g9TaHMWpcZ4	1unMFJ	qadv-arbiter-7x7-rust-lambda-v0.1.0	-	qadv-arbiter-7x7-rust-lambda-v0.1.0	-	D	P	-
g1_lIxaTfvaPU3lWkgD-IlT5z6ooWMlCbQ7w5ix-4eQiBc	s1_UXRtWX7kB8oXP3S5o_Rsu0qf_cY4r2z-jIN8DoqB5UQ	1unMFJ	qadv-arbiter-7x7-rust-lambda-v0.1.0	-	qadv-arbiter-7x7-rust-lambda-v0.1.0	-	D	P	196
g1_lJDSOCcjLdhrvWwHnZMzmr6eb1zg_VzW3XP_0BX3xKg	s1_7FIu85-v_e-kbNsQ2UNk3yRt-KGcLyUjpmVwIc9cnfM	1umwEz	python-gnn-puct-scout-v0.1.0	sha256:b9f80706cc1f29076ee06fe06483697c749148a808c599579045d00a52573938	python-gnn-puct-scout-v0.1.0	sha256:b9f80706cc1f29076ee06fe06483697c749148a808c599579045d00a52573938	D	P	196
g1_lJDSOCcjLdhrvWwHnZMzmr6eb1zg_VzW3XP_0BX3xKg	s1_S8AGNBNcWBvWiwIo-AOAHPoHuZo2XvcsYvhgQxGTkrY	1umwEz	python-gnn-puct-scout-v0.1.0	sha256:b9f80706cc1f29076ee06fe06483697c749148a808c599579045d00a52573938	python-gnn-puct-scout-v0.1.0	sha256:b9f80706cc1f29076ee06fe06483697c749148a808c599579045d00a52573938	D	P	196
g1_lJKE5KWm3v3TIo3aGqmjwwRuPdz5Oukk7JkSG9svIH8	s1_1av6nXQkq-GSHXfjkVlGHGpAq8F9UbW4JwZmyFA-vww	1DIYj	python-gnn-puct-v0.1.0	sha256:6f9ad6e4a0993da3cf34a8549e86f9b5d512c51e11bfa76dfe051e7a8801bdac	python-gnn-puct-v0.1.0	sha256:6f9ad6e4a0993da3cf34a8549e86f9b5d512c51e11bfa76dfe051e7a8801bdac	D	P	196
g1_lJKE5KWm3v3TIo3aGqmjwwRuPdz5Oukk7JkSG9svIH8	s1_Brk0hkuJoH-MBjdd53AO5tlWcOgDWV_R0PO74fHGd_0	1DIYj	python-gnn-puct-v0.1.0	sha256:6f9ad6e4a0993da3cf34a8549e86f9b5d512c51e11bfa76dfe051e7a8801bdac	python-gnn-puct-v0.1.0	sha256:6f9ad6e4a0993da3cf34a8549e86f9b5d512c51e11bfa76dfe051e7a8801bdac	D	P	196
g1_lJKE5KWm3v3TIo3aGqmjwwRuPdz5Oukk7JkSG9svIH8	s1_KmF8KhDbubz6lwdS8R_n_yTGdSONmH9B1wUABbyCj94	1DIYj	python-gnn-puct-v0.1.0	sha256:6f9ad6e4a0993da3cf34a8549e86f9b5d512c51e11bfa76dfe051e7a8801bdac	python-gnn-puct-v0.1.0	sha256:6f9ad6e4a0993da3cf34a8549e86f9b5d512c51e11bfa76dfe051e7a8801bdac	D	P	196
g1_lJKE5KWm3v3TIo3aGqmjwwRuPdz5Oukk7JkSG9svIH8	s1_g5pGkHBMEhzAYvwFY0b24sSc7wC9JfnWApMHHZ_aMPI	1DIYj	python-gnn-puct-v0.1.0	sha256:6f9ad6e4a0993da3cf34a8549e86f9b5d512c51e11bfa76dfe051e7a8801bdac	python-gnn-puct-v0.1.0	sha256:6f9ad6e4a0993da3cf34a8549e86f9b5d512c51e11bfa76dfe051e7a8801bdac	D	P	196
g1_lJKE5KWm3v3TIo3aGqmjwwRuPdz5Oukk7JkSG9svIH8	s1_tol_POp6BcgBLMWq8iDfRBQSAXpESHxFwmcCQYXv0yQ	1DIYj	python-gnn-puct-v0.1.0	sha256:6f9ad6e4a0993da3cf34a8549e86f9b5d512c51e11bfa76dfe051e7a8801bdac	python-gnn-puct-v0.1.0	sha256:6f9ad6e4a0993da3cf34a8549e86f9b5d512c51e11bfa76dfe051e7a8801bdac	D	P	196
g1_lJTEm1K2HqnQ0LuHf3JKyDAiq7unpyr9Llkvz2VOFKE	s1_8TR_OEfw2C5-M1WNvMLDxfQzmiquL8ycz9akRH4hwmQ	1unMp2	qadv-arbiter-7x7-rust-lambda-v0.1.0	-	qadv-arbiter-7x7-rust-lambda-v0.1.0	-	D	P	196
g1_lJTEm1K2HqnQ0LuHf3JKyDAiq7unpyr9Llkvz2VOFKE	s1_RauLaTi4eVgYHSp2TV9pqs9uzTVv0B10g9TaHMWpcZ4	1unMp2	qadv-arbiter-7x7-rust-lambda-v0.1.0	-	qadv-arbiter-7x7-rust-lambda-v0.1.0	-	D	P	-
g1_lJTEm1K2HqnQ0LuHf3JKyDAiq7unpyr9Llkvz2VOFKE	s1_fzSy0ipP3UUtAOkrLyOb2pL8O_UzMsQwRjk7CdZySnQ	1unMp2	qadv-arbiter-7x7-rust-lambda-v0.1.0	-	qadv-arbiter-7x7-rust-lambda-v0.1.0	-	D	P	196
g1_lJTEm1K2HqnQ0LuHf3JKyDAiq7unpyr9Llkvz2VOFKE	s1_rxjWH84TYnBeDk_Y5LJ3QefTumMG13ZbF5K1ql3Q7do	1unMp2	qadv-arbiter-7x7-rust-lambda-v0.1.0	-	qadv-arbiter-7x7-rust-lambda-v0.1.0	-	D	P	196
g1_lJbv6lalMO5mLLhR_byRtkQRHzUP1z0US78Mqbxz6Cg	s1_flXyOBW6T9LLVDFIvXBGel1MoVNZcUcMFIJnB9yLapU	1umxDw	python-gnn-puct-reval30k-v0.1.0	sha256:6120be86fc469df71473c3de64e5e32f99694cd47d621fa5948f243dc51d3d21	python-gnn-puct-reval30k-v0.1.0	sha256:6120be86fc469df71473c3de64e5e32f99694cd47d621fa5948f243dc51d3d21	L	P	196
g1_lJd7bCkmb492KS97B3zeANQEBBdYYsdpXm5yEeVjvCI	s1_1XqsgokNStZk16LRWEXCjsgnsgXUWpa0L0hpgC1lxzs	1unPad	qadv-arbiter-7x7-rust-lambda-v0.1.0	-	qadv-arbiter-7x7-rust-lambda-v0.1.0	-	L	P	196
g1_lJd7bCkmb492KS97B3zeANQEBBdYYsdpXm5yEeVjvCI	s1_RauLaTi4eVgYHSp2TV9pqs9uzTVv0B10g9TaHMWpcZ4	1unPad	qadv-arbiter-7x7-rust-lambda-v0.1.0	-	qadv-arbiter-7x7-rust-lambda-v0.1.0	-	L	P	-
g1_lJd7bCkmb492KS97B3zeANQEBBdYYsdpXm5yEeVjvCI	s1_Ut5cUZvymACQ6gGsExqf1qZtd86mADEqC7PK5iFjyaY	1unPad	qadv-arbiter-7x7-rust-lambda-v0.1.0	-	qadv-arbiter-7x7-rust-lambda-v0.1.0	-	L	P	196
g1_lJd7bCkmb492KS97B3zeANQEBBdYYsdpXm5yEeVjvCI	s1_nxhrNsZHP5uFsE_CwlXcRpHkuXjcTV7mGangYRW-DVI	1unPad	qadv-arbiter-7x7-rust-lambda-v0.1.0	-	qadv-arbiter-7x7-rust-lambda-v0.1.0	-	L	P	196
g1_lJf0lwnAEAgBLesIJJ-Lburup4fVAzEgNOMUoJkyx2s	s1_O3cuwuia8XT9TI7Nxr3tRcajOA20XFHEIT2fYX3WizY	1un4AP	pathfinder-v0.3.0	-	qadv-arbiter-guided-7x7-v0.2.0	sha256:9c0e5e530df7db77a98f6a2e75fe63a6f629c6ad6563e0b5454793ebc243b14d	L	P	196
g1_lJf0lwnAEAgBLesIJJ-Lburup4fVAzEgNOMUoJkyx2s	s1_bu4yUwwDMqKDhLXEtnBsv1ZAJagIFi7EKmSaiui1_WE	1un4AP	pathfinder-v0.3.0	-	qadv-arbiter-guided-7x7-v0.2.0	sha256:9c0e5e530df7db77a98f6a2e75fe63a6f629c6ad6563e0b5454793ebc243b14d	L	P	196
g1_lJf0lwnAEAgBLesIJJ-Lburup4fVAzEgNOMUoJkyx2s	s1_mlXHsG8-xxT7rKwSZelP6NHm5eYy3YD5j4SydA37pgE	1un4AP	pathfinder-v0.3.0	-	qadv-arbiter-guided-7x7-v0.2.0	sha256:9c0e5e530df7db77a98f6a2e75fe63a6f629c6ad6563e0b5454793ebc243b14d	L	P	196
g1_lJgFVkG0fvo11e_LA06MQYRBIdAokQCQBU4-l_IkjQo	s1_7JyIozAWtsCWgBW6Uo8jBR2YFYgPReejEnOi5Z5fi_c	1unOJE	qadv-arbiter-7x7-rust-lambda-v0.1.0	-	qadv-arbiter-7x7-rust-lambda-v0.1.0	-	D	P	196
g1_lJgFVkG0fvo11e_LA06MQYRBIdAokQCQBU4-l_IkjQo	s1_EmfQEIWcYYI1dRpqlLPuiurR8_4bOvbqpux2cqvDsvg	1unOJE	qadv-arbiter-7x7-rust-lambda-v0.1.0	-	qadv-arbiter-7x7-rust-lambda-v0.1.0	-	D	P	196
g1_lJgFVkG0fvo11e_LA06MQYRBIdAokQCQBU4-l_IkjQo	s1_RauLaTi4eVgYHSp2TV9pqs9uzTVv0B10g9TaHMWpcZ4	1unOJE	qadv-arbiter-7x7-rust-lambda-v0.1.0	-	qadv-arbiter-7x7-rust-lambda-v0.1.0	-	D	P	-
g1_lJgFVkG0fvo11e_LA06MQYRBIdAokQCQBU4-l_IkjQo	s1_vnDnZgYXIwG0puWJ8VcE9_l3TdMhR1Yj-z-oYaQODRw	1unOJE	qadv-arbiter-7x7-rust-lambda-v0.1.0	-	qadv-arbiter-7x7-rust-lambda-v0.1.0	-	D	P	196
g1_lJhGmx8BVDZSMy4NUHaytfuivxIka1ojOMKO--phQrc	s1__fmnSv6OnZklVvMPUjPdL6drtvfrJptRYX3nxZQO8jI	1umxlc	python-gnn-puct-scout-v0.1.0	sha256:b9f80706cc1f29076ee06fe06483697c749148a808c599579045d00a52573938	python-gnn-puct-scout-v0.1.0	sha256:b9f80706cc1f29076ee06fe06483697c749148a808c599579045d00a52573938	D	P	196
g1_lK7vx-pwtEq_Gj8CcDJVo0hiVoII_7Ciou_8_vf7b9c	s1_1av6nXQkq-GSHXfjkVlGHGpAq8F9UbW4JwZmyFA-vww	1DIX8	python-gnn-puct-v0.1.0	sha256:6f9ad6e4a0993da3cf34a8549e86f9b5d512c51e11bfa76dfe051e7a8801bdac	python-gnn-puct-v0.1.0	sha256:6f9ad6e4a0993da3cf34a8549e86f9b5d512c51e11bfa76dfe051e7a8801bdac	D	P	196
g1_lK7vx-pwtEq_Gj8CcDJVo0hiVoII_7Ciou_8_vf7b9c	s1_Brk0hkuJoH-MBjdd53AO5tlWcOgDWV_R0PO74fHGd_0	1DIX8	python-gnn-puct-v0.1.0	sha256:6f9ad6e4a0993da3cf34a8549e86f9b5d512c51e11bfa76dfe051e7a8801bdac	python-gnn-puct-v0.1.0	sha256:6f9ad6e4a0993da3cf34a8549e86f9b5d512c51e11bfa76dfe051e7a8801bdac	D	P	196
g1_lK7vx-pwtEq_Gj8CcDJVo0hiVoII_7Ciou_8_vf7b9c	s1_KmF8KhDbubz6lwdS8R_n_yTGdSONmH9B1wUABbyCj94	1DIX8	python-gnn-puct-v0.1.0	sha256:6f9ad6e4a0993da3cf34a8549e86f9b5d512c51e11bfa76dfe051e7a8801bdac	python-gnn-puct-v0.1.0	sha256:6f9ad6e4a0993da3cf34a8549e86f9b5d512c51e11bfa76dfe051e7a8801bdac	D	P	196
g1_lK7vx-pwtEq_Gj8CcDJVo0hiVoII_7Ciou_8_vf7b9c	s1_g5pGkHBMEhzAYvwFY0b24sSc7wC9JfnWApMHHZ_aMPI	1DIX8	python-gnn-puct-v0.1.0	sha256:6f9ad6e4a0993da3cf34a8549e86f9b5d512c51e11bfa76dfe051e7a8801bdac	python-gnn-puct-v0.1.0	sha256:6f9ad6e4a0993da3cf34a8549e86f9b5d512c51e11bfa76dfe051e7a8801bdac	D	P	196
g1_lK7vx-pwtEq_Gj8CcDJVo0hiVoII_7Ciou_8_vf7b9c	s1_tol_POp6BcgBLMWq8iDfRBQSAXpESHxFwmcCQYXv0yQ	1DIX8	python-gnn-puct-v0.1.0	sha256:6f9ad6e4a0993da3cf34a8549e86f9b5d512c51e11bfa76dfe051e7a8801bdac	python-gnn-puct-v0.1.0	sha256:6f9ad6e4a0993da3cf34a8549e86f9b5d512c51e11bfa76dfe051e7a8801bdac	D	P	196
g1_lKGOq-I55p7w2RCTILaodzkmGwpnmzUXIDW2barqU6Y	s1_JmPZgP7MyEdLofgpDc0YhbjPrq89Z2MSX7pQwsZaof0	1unNtM	qadv-arbiter-7x7-rust-lambda-v0.1.0	-	qadv-arbiter-7x7-rust-lambda-v0.1.0	-	L	P	196
g1_lKGOq-I55p7w2RCTILaodzkmGwpnmzUXIDW2barqU6Y	s1_RauLaTi4eVgYHSp2TV9pqs9uzTVv0B10g9TaHMWpcZ4	1unNtM	qadv-arbiter-7x7-rust-lambda-v0.1.0	-	qadv-arbiter-7x7-rust-lambda-v0.1.0	-	L	P	-
g1_lKGOq-I55p7w2RCTILaodzkmGwpnmzUXIDW2barqU6Y	s1_csCQh879d8Zp3Gr0Ml-M58EXjihht4I-pBoQxGZCPOs	1unNtM	qadv-arbiter-7x7-rust-lambda-v0.1.0	-	qadv-arbiter-7x7-rust-lambda-v0.1.0	-	L	P	196
g1_lKGOq-I55p7w2RCTILaodzkmGwpnmzUXIDW2barqU6Y	s1_e58I-FCojSi_Kt-YRSImwCCmfuLaZFUNKhITxtx0L-o	1unNtM	qadv-arbiter-7x7-rust-lambda-v0.1.0	-	qadv-arbiter-7x7-rust-lambda-v0.1.0	-	L	P	196
g1_lKPdqVdYUDUu23vzv18ubfk1TdwMQ8vfa9pWPdAHPqE	s1_-up5XCdcjct2ujiUyjm9RIWqueyWBCJwMlXvxFcxtA8	1unOlA	qadv-arbiter-7x7-rust-lambda-v0.1.0	-	qadv-arbiter-7x7-rust-lambda-v0.1.0	-	D	P	196
g1_lKPdqVdYUDUu23vzv18ubfk1TdwMQ8vfa9pWPdAHPqE	s1_4HWpjOuPa1hwZtGayHBeN1r9g2TdwL8v5gFfQVJ3mbs	1unOlA	qadv-arbiter-7x7-rust-lambda-v0.1.0	-	qadv-arbiter-7x7-rust-lambda-v0.1.0	-	D	P	196
g1_lKPdqVdYUDUu23vzv18ubfk1TdwMQ8vfa9pWPdAHPqE	s1_JZDEgVMftJ5-61OoJPIzN2B6RUkDBcq5pS_aFvW-gwg	1unOlA	qadv-arbiter-7x7-rust-lambda-v0.1.0	-	qadv-arbiter-7x7-rust-lambda-v0.1.0	-	D	P	196
g1_lKPdqVdYUDUu23vzv18ubfk1TdwMQ8vfa9pWPdAHPqE	s1_RauLaTi4eVgYHSp2TV9pqs9uzTVv0B10g9TaHMWpcZ4	1unOlA	qadv-arbiter-7x7-rust-lambda-v0.1.0	-	qadv-arbiter-7x7-rust-lambda-v0.1.0	-	D	P	-
g1_lKWd8UQ-YiS3sUnHJSXmdO3aL8kF-W2Up013Z_w9lZU	s1_DkhsL0eaIcw0B6uyFI-dS0b0noLfZV0GXfas7KIZ2_w	1unN0E	qadv-arbiter-7x7-rust-lambda-v0.1.0	-	qadv-arbiter-7x7-rust-lambda-v0.1.0	-	D	P	196
g1_lKWd8UQ-YiS3sUnHJSXmdO3aL8kF-W2Up013Z_w9lZU	s1_I-7bNg9uR98dzG9-FrxCfgVFhZhwOviQHb5b3crLBuM	1unN0E	qadv-arbiter-7x7-rust-lambda-v0.1.0	-	qadv-arbiter-7x7-rust-lambda-v0.1.0	-	D	P	196
g1_lKWd8UQ-YiS3sUnHJSXmdO3aL8kF-W2Up013Z_w9lZU	s1_RauLaTi4eVgYHSp2TV9pqs9uzTVv0B10g9TaHMWpcZ4	1unN0E	qadv-arbiter-7x7-rust-lambda-v0.1.0	-	qadv-arbiter-7x7-rust-lambda-v0.1.0	-	D	P	-
g1_lKWd8UQ-YiS3sUnHJSXmdO3aL8kF-W2Up013Z_w9lZU	s1_heDN3PsYVFpacR03d6gLwiRxS0EhzneIxR6K8oG_8Bc	1unN0E	qadv-arbiter-7x7-rust-lambda-v0.1.0	-	qadv-arbiter-7x7-rust-lambda-v0.1.0	-	D	P	196
g1_lKdMnXELKgKdBcHbfKd4bP21BJYzSOWjwAPbvaIE3_g	s1_7FIu85-v_e-kbNsQ2UNk3yRt-KGcLyUjpmVwIc9cnfM	1umwM4	python-gnn-puct-scout-v0.1.0	sha256:b9f80706cc1f29076ee06fe06483697c749148a808c599579045d00a52573938	python-gnn-puct-scout-v0.1.0	sha256:b9f80706cc1f29076ee06fe06483697c749148a808c599579045d00a52573938	L	P	196
g1_lKdMnXELKgKdBcHbfKd4bP21BJYzSOWjwAPbvaIE3_g	s1_S8AGNBNcWBvWiwIo-AOAHPoHuZo2XvcsYvhgQxGTkrY	1umwM4	python-gnn-puct-scout-v0.1.0	sha256:b9f80706cc1f29076ee06fe06483697c749148a808c599579045d00a52573938	python-gnn-puct-scout-v0.1.0	sha256:b9f80706cc1f29076ee06fe06483697c749148a808c599579045d00a52573938	L	P	196
g1_lKeYzRgkmcEjo8N-G2hVrgo2E5fdk0i73fPqmjYXi7g	s1_O3cuwuia8XT9TI7Nxr3tRcajOA20XFHEIT2fYX3WizY	1un3gz	pathfinder-v0.3.0	-	qadv-arbiter-guided-7x7-v0.2.0	sha256:9c0e5e530df7db77a98f6a2e75fe63a6f629c6ad6563e0b5454793ebc243b14d	L	P	196
g1_lKeYzRgkmcEjo8N-G2hVrgo2E5fdk0i73fPqmjYXi7g	s1_TYXHQvjQZ2GJ5isdonJSbQODrFXbVToE7ZA6YAiW1Sw	1un3gz	pathfinder-v0.3.0	-	qadv-arbiter-guided-7x7-v0.2.0	sha256:9c0e5e530df7db77a98f6a2e75fe63a6f629c6ad6563e0b5454793ebc243b14d	L	P	196
g1_lKeYzRgkmcEjo8N-G2hVrgo2E5fdk0i73fPqmjYXi7g	s1_uwbLtYhCIY1sqGt_H5JQsCHIctNBX0e3jgQb5Bvcxzo	1un3gz	pathfinder-v0.3.0	-	qadv-arbiter-guided-7x7-v0.2.0	sha256:9c0e5e530df7db77a98f6a2e75fe63a6f629c6ad6563e0b5454793ebc243b14d	L	P	196
g1_lKfOyv2AYEW9CC43slEMCcG0gClKfCY9GHlxw_12joQ	s1_CcVqRv-adHLA0uaAMc8pAZrrkDlYqO0ZvO-orgrVEtc	1unOaK	qadv-arbiter-7x7-rust-lambda-v0.1.0	-	qadv-arbiter-7x7-rust-lambda-v0.1.0	-	L	P	196
g1_lKfOyv2AYEW9CC43slEMCcG0gClKfCY9GHlxw_12joQ	s1_RauLaTi4eVgYHSp2TV9pqs9uzTVv0B10g9TaHMWpcZ4	1unOaK	qadv-arbiter-7x7-rust-lambda-v0.1.0	-	qadv-arbiter-7x7-rust-lambda-v0.1.0	-	L	P	-
g1_lKfOyv2AYEW9CC43slEMCcG0gClKfCY9GHlxw_12joQ	s1_fk3EqBHtX0pbqEJAqzqTwOK7G-uRoKHNmMz7NpsJbrI	1unOaK	qadv-arbiter-7x7-rust-lambda-v0.1.0	-	qadv-arbiter-7x7-rust-lambda-v0.1.0	-	L	P	196
g1_lKfOyv2AYEW9CC43slEMCcG0gClKfCY9GHlxw_12joQ	s1_qj2m6PQCg6PcGaT_lnW0U-miN3qPlTkD27QO_5mjzfw	1unOaK	qadv-arbiter-7x7-rust-lambda-v0.1.0	-	qadv-arbiter-7x7-rust-lambda-v0.1.0	-	L	P	196
g1_lKxvmTd147yJ9Kt-FpEzK6Cp7u72xFz9m9WeuPxIXX8	s1_Fcvvg_mHybN61aw7DeyKxgsSu6R0pTTwIirUsMnUpSI	1unLqt	qadv-arbiter-7x7-rust-lambda-v0.1.0	-	qadv-arbiter-7x7-rust-lambda-v0.1.0	-	D	P	196
g1_lKxvmTd147yJ9Kt-FpEzK6Cp7u72xFz9m9WeuPxIXX8	s1_QpqLcF7BM_GqHfFdWjwmaPilWRAUiU8A2-yldQ1YbFo	1unLqt	qadv-arbiter-7x7-rust-lambda-v0.1.0	-	qadv-arbiter-7x7-rust-lambda-v0.1.0	-	D	P	196
g1_lKxvmTd147yJ9Kt-FpEzK6Cp7u72xFz9m9WeuPxIXX8	s1_RauLaTi4eVgYHSp2TV9pqs9uzTVv0B10g9TaHMWpcZ4	1unLqt	qadv-arbiter-7x7-rust-lambda-v0.1.0	-	qadv-arbiter-7x7-rust-lambda-v0.1.0	-	D	P	-
g1_lKxvmTd147yJ9Kt-FpEzK6Cp7u72xFz9m9WeuPxIXX8	s1_TwkqKbdpaFcfeTDvwQw_SKR-0CUpAFk6x97Dq5C3n48	1unLqt	qadv-arbiter-7x7-rust-lambda-v0.1.0	-	qadv-arbiter-7x7-rust-lambda-v0.1.0	-	D	P	196
g1_lLL7NTQ_8vwT4RNobsThzpyVIBtHaXwpU5FfONBL6Hs	s1_-OKlJXuPFfAnukwGYITjiU7XKL4OC_qt76PC0TZSPjg	1umvYF	python-cnn-puct-v0.1.0	sha256:7845e9b7687beee165dc36b8d21833b7a8b5a83e31b58b49bd05c277ba26e642	python-cnn-puct-v0.1.0	sha256:7845e9b7687beee165dc36b8d21833b7a8b5a83e31b58b49bd05c277ba26e642	-	M	196
g1_lLL7NTQ_8vwT4RNobsThzpyVIBtHaXwpU5FfONBL6Hs	s1_1av6nXQkq-GSHXfjkVlGHGpAq8F9UbW4JwZmyFA-vww	1umvYF	python-cnn-puct-v0.1.0	sha256:7845e9b7687beee165dc36b8d21833b7a8b5a83e31b58b49bd05c277ba26e642	python-cnn-puct-v0.1.0	sha256:7845e9b7687beee165dc36b8d21833b7a8b5a83e31b58b49bd05c277ba26e642	-	M	196
g1_lLL7NTQ_8vwT4RNobsThzpyVIBtHaXwpU5FfONBL6Hs	s1_Brk0hkuJoH-MBjdd53AO5tlWcOgDWV_R0PO74fHGd_0	1umvYF	python-cnn-puct-v0.1.0	sha256:7845e9b7687beee165dc36b8d21833b7a8b5a83e31b58b49bd05c277ba26e642	python-cnn-puct-v0.1.0	sha256:7845e9b7687beee165dc36b8d21833b7a8b5a83e31b58b49bd05c277ba26e642	-	M	196
g1_lLLzbr3-UAV2zmvq56z7JZqkIGTfLTdzy_mJX_tCltE	s1_BjYzTiPReCweEB3E-xElGOmkh2moFICcSKzJ1JfYvTo	1unNe_	qadv-arbiter-7x7-rust-lambda-v0.1.0	-	qadv-arbiter-7x7-rust-lambda-v0.1.0	-	D	P	196
g1_lLLzbr3-UAV2zmvq56z7JZqkIGTfLTdzy_mJX_tCltE	s1_OFQmBpyGUL35dnGSltXzklLPY14snvJbT3-ffgVIDvs	1unNe_	qadv-arbiter-7x7-rust-lambda-v0.1.0	-	qadv-arbiter-7x7-rust-lambda-v0.1.0	-	D	P	196
g1_lLLzbr3-UAV2zmvq56z7JZqkIGTfLTdzy_mJX_tCltE	s1_RauLaTi4eVgYHSp2TV9pqs9uzTVv0B10g9TaHMWpcZ4	1unNe_	qadv-arbiter-7x7-rust-lambda-v0.1.0	-	qadv-arbiter-7x7-rust-lambda-v0.1.0	-	D	P	-
g1_lLLzbr3-UAV2zmvq56z7JZqkIGTfLTdzy_mJX_tCltE	s1_V4NeBK96mElec3jew4zZmj3EKjFrIJd1ST_W65ueUhQ	1unNe_	qadv-arbiter-7x7-rust-lambda-v0.1.0	-	qadv-arbiter-7x7-rust-lambda-v0.1.0	-	D	P	196
g1_lLMGGnzObaYt_Pg2OLMQN-1AIv0y_s2UmLFDXsEu9I0	s1_L8uzG7G2ytV7KgtOpg2Dll9mi403Pt-923jCNIhaT-I	1unOiZ	qadv-arbiter-7x7-rust-lambda-v0.1.0	-	qadv-arbiter-7x7-rust-lambda-v0.1.0	-	L	P	196
g1_lLMGGnzObaYt_Pg2OLMQN-1AIv0y_s2UmLFDXsEu9I0	s1_Pld3oiTGxaHrgSZgTpwBe-ABiHFTGnVXR4VD7InXheE	1unOiZ	qadv-arbiter-7x7-rust-lambda-v0.1.0	-	qadv-arbiter-7x7-rust-lambda-v0.1.0	-	L	P	196
g1_lLMGGnzObaYt_Pg2OLMQN-1AIv0y_s2UmLFDXsEu9I0	s1_Q0RFLnbXXl07j1dUAaWwnmGXs1V7n8cssiYhDtw_vM0	1unOiZ	qadv-arbiter-7x7-rust-lambda-v0.1.0	-	qadv-arbiter-7x7-rust-lambda-v0.1.0	-	L	P	196
g1_lLMGGnzObaYt_Pg2OLMQN-1AIv0y_s2UmLFDXsEu9I0	s1_RauLaTi4eVgYHSp2TV9pqs9uzTVv0B10g9TaHMWpcZ4	1unOiZ	qadv-arbiter-7x7-rust-lambda-v0.1.0	-	qadv-arbiter-7x7-rust-lambda-v0.1.0	-	L	P	-
g1_lLNCw-BuKw68GGxlKLRzjVtD-TkiANGd8QMlfz4N2wc	s1_sNHDjucG3PyV4JldoL5xMeLmgQ0OTmGEbKgD4yuoYts	1DIVj	rust-pathfinder-v0.1.0	-	rust-surveyor-v0.1.0	-	D	P	-
g1_lLQwPtJCEnQ5NDppH_FlRndjFdcD8ucDCHFA6VAhITE	s1_I-Gtlxw18m7sWHvgR9wUphWTTgQNCrzdMf1EpBfGjtQ	1unMSN	qadv-arbiter-7x7-rust-lambda-v0.1.0	-	qadv-arbiter-7x7-rust-lambda-v0.1.0	-	D	P	196
g1_lLQwPtJCEnQ5NDppH_FlRndjFdcD8ucDCHFA6VAhITE	s1_MqGi2otE0-SJVlck1rIdpWcmA-wbRV9gvvqgfFWY9Mk	1unMSN	qadv-arbiter-7x7-rust-lambda-v0.1.0	-	qadv-arbiter-7x7-rust-lambda-v0.1.0	-	D	P	196
g1_lLQwPtJCEnQ5NDppH_FlRndjFdcD8ucDCHFA6VAhITE	s1_RauLaTi4eVgYHSp2TV9pqs9uzTVv0B10g9TaHMWpcZ4	1unMSN	qadv-arbiter-7x7-rust-lambda-v0.1.0	-	qadv-arbiter-7x7-rust-lambda-v0.1.0	-	D	P	-
g1_lLQwPtJCEnQ5NDppH_FlRndjFdcD8ucDCHFA6VAhITE	s1_xx246WVwrOzHacHc9zP-lLT6jl0zlo6_8TGazK6a93U	1unMSN	qadv-arbiter-7x7-rust-lambda-v0.1.0	-	qadv-arbiter-7x7-rust-lambda-v0.1.0	-	D	P	196
g1_lLW8Snvj9ZigPcSPY4jGLS81jG_5AVj9pHIu-eTtkfM	s1_6ks__uPRKeospEHaDStPU3ynhiK2vTGK3SMKZ-AOimo	1unPQc	qadv-arbiter-7x7-rust-lambda-v0.1.0	-	qadv-arbiter-7x7-rust-lambda-v0.1.0	-	L	P	196
g1_lLW8Snvj9ZigPcSPY4jGLS81jG_5AVj9pHIu-eTtkfM	s1_RauLaTi4eVgYHSp2TV9pqs9uzTVv0B10g9TaHMWpcZ4	1unPQc	qadv-arbiter-7x7-rust-lambda-v0.1.0	-	qadv-arbiter-7x7-rust-lambda-v0.1.0	-	L	P	-
g1_lLW8Snvj9ZigPcSPY4jGLS81jG_5AVj9pHIu-eTtkfM	s1_a7gYJiCqu4KnTyr8U3oBi_O6C1cI_oD1GDr74z6t5hY	1unPQc	qadv-arbiter-7x7-rust-lambda-v0.1.0	-	qadv-arbiter-7x7-rust-lambda-v0.1.0	-	L	P	196
g1_lLW8Snvj9ZigPcSPY4jGLS81jG_5AVj9pHIu-eTtkfM	s1_k6pxlJq2bnk9QsE9poIa69MvpBZjsSo0zE2ozStLs_g	1unPQc	qadv-arbiter-7x7-rust-lambda-v0.1.0	-	qadv-arbiter-7x7-rust-lambda-v0.1.0	-	L	P	196
g1_lLZA0Th2IOe7QeWr48Br1sF5O3p5qtTUiCz8nt4B4To	s1_7E_pcOGSrRZCmr3IDV_44rnouDsxCPc60aU3a6fTbQ8	1unOok	qadv-arbiter-7x7-rust-lambda-v0.1.0	-	qadv-arbiter-7x7-rust-lambda-v0.1.0	-	L	P	196
g1_lLZA0Th2IOe7QeWr48Br1sF5O3p5qtTUiCz8nt4B4To	s1_8xIDtXKPL32pZPAu69xmE8XlXxYEaYexCeYDx-0J8fo	1unOok	qadv-arbiter-7x7-rust-lambda-v0.1.0	-	qadv-arbiter-7x7-rust-lambda-v0.1.0	-	L	P	196
g1_lLZA0Th2IOe7QeWr48Br1sF5O3p5qtTUiCz8nt4B4To	s1_RauLaTi4eVgYHSp2TV9pqs9uzTVv0B10g9TaHMWpcZ4	1unOok	qadv-arbiter-7x7-rust-lambda-v0.1.0	-	qadv-arbiter-7x7-rust-lambda-v0.1.0	-	L	P	-
g1_lLZA0Th2IOe7QeWr48Br1sF5O3p5qtTUiCz8nt4B4To	s1_dTtneCPbHUX67yFLP2TSNZzOeVeG8qTQwtPZPrZ4o_M	1unOok	qadv-arbiter-7x7-rust-lambda-v0.1.0	-	qadv-arbiter-7x7-rust-lambda-v0.1.0	-	L	P	196
g1_lM9onGh6KogZ1utVUjAr7_f-nTB6E-CmA9rd3iqEjus	s1_3DtleV6HUHMtTVZFTrvp36nKVXHs7IZEWlOVZqDMRxE	1unMM4	qadv-arbiter-7x7-rust-lambda-v0.1.0	-	qadv-arbiter-7x7-rust-lambda-v0.1.0	-	D	P	196
g1_lM9onGh6KogZ1utVUjAr7_f-nTB6E-CmA9rd3iqEjus	s1_HvA_YEx1syPdbNX1OEWirUzepoVFjShDqhNZDgyjSyA	1unMM4	qadv-arbiter-7x7-rust-lambda-v0.1.0	-	qadv-arbiter-7x7-rust-lambda-v0.1.0	-	D	P	196
g1_lM9onGh6KogZ1utVUjAr7_f-nTB6E-CmA9rd3iqEjus	s1_RauLaTi4eVgYHSp2TV9pqs9uzTVv0B10g9TaHMWpcZ4	1unMM4	qadv-arbiter-7x7-rust-lambda-v0.1.0	-	qadv-arbiter-7x7-rust-lambda-v0.1.0	-	D	P	-
g1_lM9onGh6KogZ1utVUjAr7_f-nTB6E-CmA9rd3iqEjus	s1_qRN0m4GKlYfewl-GcVHGyMzbkvl3OospWhIPtXXV004	1unMM4	qadv-arbiter-7x7-rust-lambda-v0.1.0	-	qadv-arbiter-7x7-rust-lambda-v0.1.0	-	D	P	196
g1_lMNWHXkhvEkNDSN6aKyuPSo5EnZ9aPlIWircMcDni6o	s1_Qmoz3nLvbLcY_1rcqMtpMJDvTQydhL5cxUNWV6EhpMY	1umwvk	qadv-arbiter-7x7-v0.1.0	sha256:8c548d06307572603b839755cc1e50393285365e10f82bcd90290ca65cd86266	qadv-arbiter-7x7-v0.1.0	sha256:8c548d06307572603b839755cc1e50393285365e10f82bcd90290ca65cd86266	L	P	196
g1_lMWmSmZMeQ1XHS6ILUm5z1YXnJ63-8CUKmllFGuGloU	s1_7rZKffDwFXF7JuIcj_9n2JM6S6QzAHQ-KOl06JNGFRE	1unMbZ	qadv-arbiter-7x7-rust-lambda-v0.1.0	-	qadv-arbiter-7x7-rust-lambda-v0.1.0	-	L	P	196
g1_lMWmSmZMeQ1XHS6ILUm5z1YXnJ63-8CUKmllFGuGloU	s1_CqGlJ5WGnfZP37R2AsJH_byND6tPD0lIQnlwGqXMya8	1unMbZ	qadv-arbiter-7x7-rust-lambda-v0.1.0	-	qadv-arbiter-7x7-rust-lambda-v0.1.0	-	L	P	196
g1_lMWmSmZMeQ1XHS6ILUm5z1YXnJ63-8CUKmllFGuGloU	s1_RauLaTi4eVgYHSp2TV9pqs9uzTVv0B10g9TaHMWpcZ4	1unMbZ	qadv-arbiter-7x7-rust-lambda-v0.1.0	-	qadv-arbiter-7x7-rust-lambda-v0.1.0	-	L	P	-
g1_lMWmSmZMeQ1XHS6ILUm5z1YXnJ63-8CUKmllFGuGloU	s1_TjAeYwrd_AE6YS6_jB4ANGCcLUGNFHvOlrqSzsCpRIQ	1unMbZ	qadv-arbiter-7x7-rust-lambda-v0.1.0	-	qadv-arbiter-7x7-rust-lambda-v0.1.0	-	L	P	196
g1_lMYfqLNe5IEgueKm_vokDK9WTkZJ9XqXhK2P6JSdhP4	s1_K33_vpt2Lol_iKBod4H-q3XwuuSbpnCl0oKG7HkA48c	1unOjG	qadv-arbiter-7x7-rust-lambda-v0.1.0	-	qadv-arbiter-7x7-rust-lambda-v0.1.0	-	L	P	196
g1_lMYfqLNe5IEgueKm_vokDK9WTkZJ9XqXhK2P6JSdhP4	s1_QjRGwHrC5AfXH8aARSdHEO7O4Jz-J6ic9xAc5Fl_WM4	1unOjG	qadv-arbiter-7x7-rust-lambda-v0.1.0	-	qadv-arbiter-7x7-rust-lambda-v0.1.0	-	L	P	196
g1_lMYfqLNe5IEgueKm_vokDK9WTkZJ9XqXhK2P6JSdhP4	s1_RauLaTi4eVgYHSp2TV9pqs9uzTVv0B10g9TaHMWpcZ4	1unOjG	qadv-arbiter-7x7-rust-lambda-v0.1.0	-	qadv-arbiter-7x7-rust-lambda-v0.1.0	-	L	P	-
g1_lMYfqLNe5IEgueKm_vokDK9WTkZJ9XqXhK2P6JSdhP4	s1_s2JiRfK1MGtbB21Vl2YQm2wVmVYNoHFPIXnd_nqNjoo	1unOjG	qadv-arbiter-7x7-rust-lambda-v0.1.0	-	qadv-arbiter-7x7-rust-lambda-v0.1.0	-	L	P	196
g1_lMctln_q80QSsAGLtDVjWSmN15geTrsRik6Lon2MAXY	s1_3T_CrjEnIc7sz2PVrzy32c93DNX5dcALtk56z5Ollio	1unPDs	qadv-arbiter-7x7-rust-lambda-v0.1.0	-	qadv-arbiter-7x7-rust-lambda-v0.1.0	-	D	P	196
g1_lMctln_q80QSsAGLtDVjWSmN15geTrsRik6Lon2MAXY	s1_RauLaTi4eVgYHSp2TV9pqs9uzTVv0B10g9TaHMWpcZ4	1unPDs	qadv-arbiter-7x7-rust-lambda-v0.1.0	-	qadv-arbiter-7x7-rust-lambda-v0.1.0	-	D	P	-
g1_lMctln_q80QSsAGLtDVjWSmN15geTrsRik6Lon2MAXY	s1_Wsk81HNNEu-ZnRpPqzLj7oIVgY3sHloYdxR7KBC0ShM	1unPDs	qadv-arbiter-7x7-rust-lambda-v0.1.0	-	qadv-arbiter-7x7-rust-lambda-v0.1.0	-	D	P	196
g1_lMctln_q80QSsAGLtDVjWSmN15geTrsRik6Lon2MAXY	s1_vbqrP_eVR9pkCH9Mb_pF2czBiCfanV6-OiJLgMIQYcQ	1unPDs	qadv-arbiter-7x7-rust-lambda-v0.1.0	-	qadv-arbiter-7x7-rust-lambda-v0.1.0	-	D	P	196
g1_lN2xwDkM5V9Q6vx5i4UuPMF-BqtDhjK4V-oc5vxf5XE	s1_P-x3dOguUrkXohqCrF_EXCIjAj6ZAzE0vZZQfnF-7jY	1unN9Q	qadv-arbiter-7x7-rust-lambda-v0.1.0	-	qadv-arbiter-7x7-rust-lambda-v0.1.0	-	D	P	196
g1_lN2xwDkM5V9Q6vx5i4UuPMF-BqtDhjK4V-oc5vxf5XE	s1_RauLaTi4eVgYHSp2TV9pqs9uzTVv0B10g9TaHMWpcZ4	1unN9Q	qadv-arbiter-7x7-rust-lambda-v0.1.0	-	qadv-arbiter-7x7-rust-lambda-v0.1.0	-	D	P	-
g1_lN2xwDkM5V9Q6vx5i4UuPMF-BqtDhjK4V-oc5vxf5XE	s1_YSkqX-N-Y_1PB_PY6eM_BI2dSkgoKlSEOEEoncBQwrc	1unN9Q	qadv-arbiter-7x7-rust-lambda-v0.1.0	-	qadv-arbiter-7x7-rust-lambda-v0.1.0	-	D	P	196
g1_lN2xwDkM5V9Q6vx5i4UuPMF-BqtDhjK4V-oc5vxf5XE	s1_iUK5g5U4Vmrcs0MrUDU8PCeGH_RvfJur3PQGSHgAzss	1unN9Q	qadv-arbiter-7x7-rust-lambda-v0.1.0	-	qadv-arbiter-7x7-rust-lambda-v0.1.0	-	D	P	196
g1_lN3x39-PPT-VtxbYnOedD9ZPFwWHfTkoRXjX6_GMe3E	s1_EoGoPa2XTxJnCih558TD8XpWZcBRsvMK0XaG-NTeX7g	1unOO4	qadv-arbiter-7x7-rust-lambda-v0.1.0	-	qadv-arbiter-7x7-rust-lambda-v0.1.0	-	D	P	196
g1_lN3x39-PPT-VtxbYnOedD9ZPFwWHfTkoRXjX6_GMe3E	s1_RauLaTi4eVgYHSp2TV9pqs9uzTVv0B10g9TaHMWpcZ4	1unOO4	qadv-arbiter-7x7-rust-lambda-v0.1.0	-	qadv-arbiter-7x7-rust-lambda-v0.1.0	-	D	P	-
g1_lN3x39-PPT-VtxbYnOedD9ZPFwWHfTkoRXjX6_GMe3E	s1_TmVHeSzqEJWiO61znEY2Qy7XXy0_Dz44Mdm_qwdTn2E	1unOO4	qadv-arbiter-7x7-rust-lambda-v0.1.0	-	qadv-arbiter-7x7-rust-lambda-v0.1.0	-	D	P	196
g1_lN3x39-PPT-VtxbYnOedD9ZPFwWHfTkoRXjX6_GMe3E	s1_YuvctRKz71V4CXddvTfBj4tV-6pMQBKrzEEGmCGn8vw	1unOO4	qadv-arbiter-7x7-rust-lambda-v0.1.0	-	qadv-arbiter-7x7-rust-lambda-v0.1.0	-	D	P	196
g1_lNE4G7zIpZmoiZlXQs9XRdqwtHuGMD1wv7pUmx9Nm6k	s1_1LB6NAgPOeCp4r8rQw4kUOIXWpEdWysFm5RZjWCQSgc	1umwWd	python-gnn-puct-learner-v0.1.0	sha256:ab0f739cd33d66781faf60e27797c5ccba3c04ba684f8d9e32e9c2754f4e8956	python-gnn-puct-learner-v0.1.0	sha256:ab0f739cd33d66781faf60e27797c5ccba3c04ba684f8d9e32e9c2754f4e8956	D	P	196
g1_lNE4G7zIpZmoiZlXQs9XRdqwtHuGMD1wv7pUmx9Nm6k	s1_P4NHYhwuVnEA-dG2X-UVeVotb84A5mwljbYTlTMqr8w	1umwWd	python-gnn-puct-learner-v0.1.0	sha256:ab0f739cd33d66781faf60e27797c5ccba3c04ba684f8d9e32e9c2754f4e8956	python-gnn-puct-learner-v0.1.0	sha256:ab0f739cd33d66781faf60e27797c5ccba3c04ba684f8d9e32e9c2754f4e8956	D	P	196
g1_lNGRJWW7SabqLUyjiv3NB3kjsRxmYQCH2clfgQs6A4c	s1_DkhsL0eaIcw0B6uyFI-dS0b0noLfZV0GXfas7KIZ2_w	1unM-_	qadv-arbiter-7x7-rust-lambda-v0.1.0	-	qadv-arbiter-7x7-rust-lambda-v0.1.0	-	D	P	196
g1_lNGRJWW7SabqLUyjiv3NB3kjsRxmYQCH2clfgQs6A4c	s1_I-7bNg9uR98dzG9-FrxCfgVFhZhwOviQHb5b3crLBuM	1unM-_	qadv-arbiter-7x7-rust-lambda-v0.1.0	-	qadv-arbiter-7x7-rust-lambda-v0.1.0	-	D	P	196
g1_lNGRJWW7SabqLUyjiv3NB3kjsRxmYQCH2clfgQs6A4c	s1_RauLaTi4eVgYHSp2TV9pqs9uzTVv0B10g9TaHMWpcZ4	1unM-_	qadv-arbiter-7x7-rust-lambda-v0.1.0	-	qadv-arbiter-7x7-rust-lambda-v0.1.0	-	D	P	-
g1_lNGRJWW7SabqLUyjiv3NB3kjsRxmYQCH2clfgQs6A4c	s1_byq_aTDP7SrCnbtONUTU2G_8rb2iAJXWvMPlEHL6Xcw	1unM-_	qadv-arbiter-7x7-rust-lambda-v0.1.0	-	qadv-arbiter-7x7-rust-lambda-v0.1.0	-	D	P	196
g1_lNQVa092-EgAxn9XEJyslEwehe0VM-QYWYFyrNuN0g4	s1_1XoxENw8Z_E12JzQZ6H9rkrRJk1Wo7aAAvq4jhDVyGo	1un5eD	surveyor-v0.2.0	-	qadv-arbiter-guided-7x7-v0.2.0	sha256:9c0e5e530df7db77a98f6a2e75fe63a6f629c6ad6563e0b5454793ebc243b14d	L	P	196
g1_lNQVa092-EgAxn9XEJyslEwehe0VM-QYWYFyrNuN0g4	s1_O3cuwuia8XT9TI7Nxr3tRcajOA20XFHEIT2fYX3WizY	1un59z	surveyor-v0.2.0	-	qadv-arbiter-guided-7x7-v0.2.0	sha256:9c0e5e530df7db77a98f6a2e75fe63a6f629c6ad6563e0b5454793ebc243b14d	L	P	196
g1_lNQVa092-EgAxn9XEJyslEwehe0VM-QYWYFyrNuN0g4	s1_ROUz_g0kquKNGB878B9BMwA5nL4cZcvmffEeoUgiR_k	1un59z	surveyor-v0.2.0	-	qadv-arbiter-guided-7x7-v0.2.0	sha256:9c0e5e530df7db77a98f6a2e75fe63a6f629c6ad6563e0b5454793ebc243b14d	L	P	196
g1_lNQVa092-EgAxn9XEJyslEwehe0VM-QYWYFyrNuN0g4	s1_TNJsSJjRaHDJ2Q7UUQmoz_QE1P-V3BTy5CQvqN4z6Bw	1un59z	surveyor-v0.2.0	-	qadv-arbiter-guided-7x7-v0.2.0	sha256:9c0e5e530df7db77a98f6a2e75fe63a6f629c6ad6563e0b5454793ebc243b14d	L	P	196
g1_lNQVa092-EgAxn9XEJyslEwehe0VM-QYWYFyrNuN0g4	s1_Wm96nwaIWKpAJ3RfJi_pk_r6EF_3M78D0GXx9IBk1xo	1un5eD	surveyor-v0.2.0	-	qadv-arbiter-guided-7x7-v0.2.0	sha256:9c0e5e530df7db77a98f6a2e75fe63a6f629c6ad6563e0b5454793ebc243b14d	L	P	196
g1_lNQVa092-EgAxn9XEJyslEwehe0VM-QYWYFyrNuN0g4	s1_oVnHx0H0hBJ22MGtoQ9afbk5R9RvLjqRwBbr5C59S7I	1un5eD	surveyor-v0.2.0	-	qadv-arbiter-guided-7x7-v0.2.0	sha256:9c0e5e530df7db77a98f6a2e75fe63a6f629c6ad6563e0b5454793ebc243b14d	L	P	196
g1_lNTCLgHShUsp0kBi_FG_5twlBRjzeYV95gzVvzxIKb0	s1_7FIu85-v_e-kbNsQ2UNk3yRt-KGcLyUjpmVwIc9cnfM	1umwJ7	python-gnn-puct-scout-v0.1.0	sha256:b9f80706cc1f29076ee06fe06483697c749148a808c599579045d00a52573938	python-gnn-puct-scout-v0.1.0	sha256:b9f80706cc1f29076ee06fe06483697c749148a808c599579045d00a52573938	D	P	196
g1_lNTCLgHShUsp0kBi_FG_5twlBRjzeYV95gzVvzxIKb0	s1_S8AGNBNcWBvWiwIo-AOAHPoHuZo2XvcsYvhgQxGTkrY	1umwJ7	python-gnn-puct-scout-v0.1.0	sha256:b9f80706cc1f29076ee06fe06483697c749148a808c599579045d00a52573938	python-gnn-puct-scout-v0.1.0	sha256:b9f80706cc1f29076ee06fe06483697c749148a808c599579045d00a52573938	D	P	196
g1_lNcS206TztxyLVblJZ6xBpPUjKzO2jeYXtAGYgurPvM	s1_85pXDNmzaxHuVHOQgp0FEMBQg-mw7C9vyaX2eyA3oqo	1unNme	qadv-arbiter-7x7-rust-lambda-v0.1.0	-	qadv-arbiter-7x7-rust-lambda-v0.1.0	-	L	P	196
g1_lNcS206TztxyLVblJZ6xBpPUjKzO2jeYXtAGYgurPvM	s1_RauLaTi4eVgYHSp2TV9pqs9uzTVv0B10g9TaHMWpcZ4	1unNme	qadv-arbiter-7x7-rust-lambda-v0.1.0	-	qadv-arbiter-7x7-rust-lambda-v0.1.0	-	L	P	-
g1_lNcS206TztxyLVblJZ6xBpPUjKzO2jeYXtAGYgurPvM	s1_oS_kN93QvVUloBjXGgMOCBvUjMtWlbsgzwO8MooyLY4	1unNme	qadv-arbiter-7x7-rust-lambda-v0.1.0	-	qadv-arbiter-7x7-rust-lambda-v0.1.0	-	L	P	196
g1_lNcS206TztxyLVblJZ6xBpPUjKzO2jeYXtAGYgurPvM	s1_u6mkf3iel9aWKef6geZGeQhgeU4wmWqu77p6E3F3OWM	1unNme	qadv-arbiter-7x7-rust-lambda-v0.1.0	-	qadv-arbiter-7x7-rust-lambda-v0.1.0	-	L	P	196
g1_lNipjfYJOjfRzG20NlyJhk3Y_8R2RsomC7cTBntgPMQ	s1_0KzCvmTsU3tfWlmu0vhiHE5lxrAUWAuk4UO7-yjVsC8	1unOy4	qadv-arbiter-7x7-rust-lambda-v0.1.0	-	qadv-arbiter-7x7-rust-lambda-v0.1.0	-	L	P	196
g1_lNipjfYJOjfRzG20NlyJhk3Y_8R2RsomC7cTBntgPMQ	s1_B4tAxeylCnjW8yN813P6URj0hoH2ZG8cdqPWHiktfVY	1unOy4	qadv-arbiter-7x7-rust-lambda-v0.1.0	-	qadv-arbiter-7x7-rust-lambda-v0.1.0	-	L	P	196
g1_lNipjfYJOjfRzG20NlyJhk3Y_8R2RsomC7cTBntgPMQ	s1_RauLaTi4eVgYHSp2TV9pqs9uzTVv0B10g9TaHMWpcZ4	1unOy4	qadv-arbiter-7x7-rust-lambda-v0.1.0	-	qadv-arbiter-7x7-rust-lambda-v0.1.0	-	L	P	-
g1_lNipjfYJOjfRzG20NlyJhk3Y_8R2RsomC7cTBntgPMQ	s1_qqfYNl1HPCzMZ6zVXjvRPHVqLZYLoqY6KpFY_Z0SAVM	1unOy4	qadv-arbiter-7x7-rust-lambda-v0.1.0	-	qadv-arbiter-7x7-rust-lambda-v0.1.0	-	L	P	196
g1_lNkcs8Nen4IcyDikwiKTKSs0Igw_8indnMV3WCeVCJE	s1_1av6nXQkq-GSHXfjkVlGHGpAq8F9UbW4JwZmyFA-vww	1umxHN	cnn-baseline-7x7	sha256:f4969554372b34d9773382cf5cd8e3f20890ccedfb1e6c685984c6c94fbb6203	coin-flip-v0.0.1	-	-	M	196
g1_lNkcs8Nen4IcyDikwiKTKSs0Igw_8indnMV3WCeVCJE	s1_Brk0hkuJoH-MBjdd53AO5tlWcOgDWV_R0PO74fHGd_0	1umxHN	cnn-baseline-7x7	sha256:f4969554372b34d9773382cf5cd8e3f20890ccedfb1e6c685984c6c94fbb6203	coin-flip-v0.0.1	-	-	M	196
g1_lNkcs8Nen4IcyDikwiKTKSs0Igw_8indnMV3WCeVCJE	s1_dcEgf_s_8JfAgzbYFm9Z15BWrFU6bsc6MzE1gZNvlP4	1umxHN	cnn-baseline-7x7	sha256:f4969554372b34d9773382cf5cd8e3f20890ccedfb1e6c685984c6c94fbb6203	coin-flip-v0.0.1	-	-	M	196
g1_lNoQcme1T4EGHtuBkSUI57wzm-4Pc4BXfiB1rrHe7bw	s1_Qmoz3nLvbLcY_1rcqMtpMJDvTQydhL5cxUNWV6EhpMY	1umwrf	qadv-arbiter-7x7-v0.1.0	sha256:8c548d06307572603b839755cc1e50393285365e10f82bcd90290ca65cd86266	qadv-arbiter-7x7-v0.1.0	sha256:8c548d06307572603b839755cc1e50393285365e10f82bcd90290ca65cd86266	L	P	196
g1_lO10bYBNvUxovF4F9G500K0fI9GT-cefh0pE7-NMiLY	s1_1av6nXQkq-GSHXfjkVlGHGpAq8F9UbW4JwZmyFA-vww	1ETxa	gnn-generation-5-7x7	sha256:7274065e2ffdd05997bf172e30bb5e24d7bcafca99d379b6115ff98ee1f7c4d9	coin-flip-v0.0.1	-	-	M	196
g1_lO10bYBNvUxovF4F9G500K0fI9GT-cefh0pE7-NMiLY	s1_Brk0hkuJoH-MBjdd53AO5tlWcOgDWV_R0PO74fHGd_0	1ETxa	gnn-generation-5-7x7	sha256:7274065e2ffdd05997bf172e30bb5e24d7bcafca99d379b6115ff98ee1f7c4d9	coin-flip-v0.0.1	-	-	M	196
g1_lO10bYBNvUxovF4F9G500K0fI9GT-cefh0pE7-NMiLY	s1_ey0X9h1GlZ80KZNtd0_1PnIwLX-7eb1fQjiCa9wrhUM	1ETxa	gnn-generation-5-7x7	sha256:7274065e2ffdd05997bf172e30bb5e24d7bcafca99d379b6115ff98ee1f7c4d9	coin-flip-v0.0.1	-	-	M	196
g1_lO5u-7-lW0x6co7GS9A3nxItQoLcFPug04wk2dfMeSs	s1_1LB6NAgPOeCp4r8rQw4kUOIXWpEdWysFm5RZjWCQSgc	1umwRs	python-gnn-puct-learner-v0.1.0	sha256:ab0f739cd33d66781faf60e27797c5ccba3c04ba684f8d9e32e9c2754f4e8956	python-gnn-puct-learner-v0.1.0	sha256:ab0f739cd33d66781faf60e27797c5ccba3c04ba684f8d9e32e9c2754f4e8956	D	P	196
g1_lO5u-7-lW0x6co7GS9A3nxItQoLcFPug04wk2dfMeSs	s1_P4NHYhwuVnEA-dG2X-UVeVotb84A5mwljbYTlTMqr8w	1umwRs	python-gnn-puct-learner-v0.1.0	sha256:ab0f739cd33d66781faf60e27797c5ccba3c04ba684f8d9e32e9c2754f4e8956	python-gnn-puct-learner-v0.1.0	sha256:ab0f739cd33d66781faf60e27797c5ccba3c04ba684f8d9e32e9c2754f4e8956	D	P	196
g1_lO6iy8VrhOZVYSKZxdUu9LA7lIk9dumZV_8FkebEMx8	s1_MFTYSFdFdubzSGw5lu01w_FfelLOnyYPiRKoFEC7pm4	1unL-8	qadv-arbiter-7x7-rust-lambda-v0.1.0	-	qadv-arbiter-7x7-rust-lambda-v0.1.0	-	L	P	196
g1_lO6iy8VrhOZVYSKZxdUu9LA7lIk9dumZV_8FkebEMx8	s1_RauLaTi4eVgYHSp2TV9pqs9uzTVv0B10g9TaHMWpcZ4	1unL-8	qadv-arbiter-7x7-rust-lambda-v0.1.0	-	qadv-arbiter-7x7-rust-lambda-v0.1.0	-	L	P	-
g1_lO6iy8VrhOZVYSKZxdUu9LA7lIk9dumZV_8FkebEMx8	s1_Z-pRrekpP6HEX_XzwLc1t6nRvyNChRVzK0B1QtYhGAY	1unL-8	qadv-arbiter-7x7-rust-lambda-v0.1.0	-	qadv-arbiter-7x7-rust-lambda-v0.1.0	-	L	P	196
g1_lO6iy8VrhOZVYSKZxdUu9LA7lIk9dumZV_8FkebEMx8	s1_kZ2P9TsK8r8zU9Y0j0oYk1NJsjr1VfkaoSLnU9AjV1g	1unL-8	qadv-arbiter-7x7-rust-lambda-v0.1.0	-	qadv-arbiter-7x7-rust-lambda-v0.1.0	-	L	P	196
g1_lO9RDXJ4Mg1Vqy3M5Ary_Isf3jiUuEk2n4t5vTuuD1w	s1_RauLaTi4eVgYHSp2TV9pqs9uzTVv0B10g9TaHMWpcZ4	1unOJi	qadv-arbiter-7x7-rust-lambda-v0.1.0	-	qadv-arbiter-7x7-rust-lambda-v0.1.0	-	L	P	-
g1_lO9RDXJ4Mg1Vqy3M5Ary_Isf3jiUuEk2n4t5vTuuD1w	s1_Xya54MicS4_FzIQab2NCUf8WPIukvndbEabTgVzNdcw	1unOJi	qadv-arbiter-7x7-rust-lambda-v0.1.0	-	qadv-arbiter-7x7-rust-lambda-v0.1.0	-	L	P	196
g1_lO9RDXJ4Mg1Vqy3M5Ary_Isf3jiUuEk2n4t5vTuuD1w	s1_lnHR7D-e0CNTHYa8ZKFROPreanGLSMno04DpTgB-W38	1unOJi	qadv-arbiter-7x7-rust-lambda-v0.1.0	-	qadv-arbiter-7x7-rust-lambda-v0.1.0	-	L	P	196
g1_lO9RDXJ4Mg1Vqy3M5Ary_Isf3jiUuEk2n4t5vTuuD1w	s1_rMChONk46VOBYzfhjVtobHcOnxXXhWZO3nxO3Xfp-yg	1unOJi	qadv-arbiter-7x7-rust-lambda-v0.1.0	-	qadv-arbiter-7x7-rust-lambda-v0.1.0	-	L	P	196
g1_lOYQmWRkFn01g32Nzq9g-yrIuuKpNV_lLNWtU06efxk	s1_-OKlJXuPFfAnukwGYITjiU7XKL4OC_qt76PC0TZSPjg	1umvXs	python-cnn-puct-v0.1.0	sha256:7845e9b7687beee165dc36b8d21833b7a8b5a83e31b58b49bd05c277ba26e642	python-cnn-puct-v0.1.0	sha256:7845e9b7687beee165dc36b8d21833b7a8b5a83e31b58b49bd05c277ba26e642	L	P	196
g1_lOYQmWRkFn01g32Nzq9g-yrIuuKpNV_lLNWtU06efxk	s1_1av6nXQkq-GSHXfjkVlGHGpAq8F9UbW4JwZmyFA-vww	1umvXs	python-cnn-puct-v0.1.0	sha256:7845e9b7687beee165dc36b8d21833b7a8b5a83e31b58b49bd05c277ba26e642	python-cnn-puct-v0.1.0	sha256:7845e9b7687beee165dc36b8d21833b7a8b5a83e31b58b49bd05c277ba26e642	L	P	196
g1_lOYQmWRkFn01g32Nzq9g-yrIuuKpNV_lLNWtU06efxk	s1_mWPTef6xYbijjPhDIC6QgLRmu2mMSJAokNlIkx3vg54	1umvXs	python-cnn-puct-v0.1.0	sha256:7845e9b7687beee165dc36b8d21833b7a8b5a83e31b58b49bd05c277ba26e642	python-cnn-puct-v0.1.0	sha256:7845e9b7687beee165dc36b8d21833b7a8b5a83e31b58b49bd05c277ba26e642	L	P	196
g1_lOnVYvK2CekVj72-o-BySWCTEBY6M-EPw8QxLVvrhJg	s1_O3cuwuia8XT9TI7Nxr3tRcajOA20XFHEIT2fYX3WizY	1un2yn	pathfinder-v0.3.0	-	qadv-arbiter-guided-7x7-v0.2.0	sha256:9c0e5e530df7db77a98f6a2e75fe63a6f629c6ad6563e0b5454793ebc243b14d	L	P	196
g1_lOnVYvK2CekVj72-o-BySWCTEBY6M-EPw8QxLVvrhJg	s1_k3puRqE8NWPGwCDwvbob-P5fduhbfDZ6XxhZ6wUA4ks	1un2yn	pathfinder-v0.3.0	-	qadv-arbiter-guided-7x7-v0.2.0	sha256:9c0e5e530df7db77a98f6a2e75fe63a6f629c6ad6563e0b5454793ebc243b14d	L	P	196
g1_lOnVYvK2CekVj72-o-BySWCTEBY6M-EPw8QxLVvrhJg	s1_mcsGXC-XA63nqAx5kv-Q-y_EhXTqBFQ1AHeiXTSbYQk	1un2yn	pathfinder-v0.3.0	-	qadv-arbiter-guided-7x7-v0.2.0	sha256:9c0e5e530df7db77a98f6a2e75fe63a6f629c6ad6563e0b5454793ebc243b14d	L	P	196
g1_lPKcocvytY5rYgK1ng1XpSYi_oqXU1Nc81z-iiOG2gs	s1_7FIu85-v_e-kbNsQ2UNk3yRt-KGcLyUjpmVwIc9cnfM	1umwDJ	python-gnn-puct-scout-v0.1.0	sha256:b9f80706cc1f29076ee06fe06483697c749148a808c599579045d00a52573938	python-gnn-puct-scout-v0.1.0	sha256:b9f80706cc1f29076ee06fe06483697c749148a808c599579045d00a52573938	D	P	196
g1_lPKcocvytY5rYgK1ng1XpSYi_oqXU1Nc81z-iiOG2gs	s1_S8AGNBNcWBvWiwIo-AOAHPoHuZo2XvcsYvhgQxGTkrY	1umwDJ	python-gnn-puct-scout-v0.1.0	sha256:b9f80706cc1f29076ee06fe06483697c749148a808c599579045d00a52573938	python-gnn-puct-scout-v0.1.0	sha256:b9f80706cc1f29076ee06fe06483697c749148a808c599579045d00a52573938	D	P	196
g1_lPOw7RfP6c-Z6xv8MVbnnmHSBiusaWf8WMXjYpNe4TM	s1_1jT_Fznx76Z2YhcFMzvHQasYTrIoOsQtr7u3P-U8SGo	1unLq1	qadv-arbiter-7x7-rust-lambda-v0.1.0	-	qadv-arbiter-7x7-rust-lambda-v0.1.0	-	L	P	196
g1_lPOw7RfP6c-Z6xv8MVbnnmHSBiusaWf8WMXjYpNe4TM	s1_RauLaTi4eVgYHSp2TV9pqs9uzTVv0B10g9TaHMWpcZ4	1unLq1	qadv-arbiter-7x7-rust-lambda-v0.1.0	-	qadv-arbiter-7x7-rust-lambda-v0.1.0	-	L	P	-
g1_lPOw7RfP6c-Z6xv8MVbnnmHSBiusaWf8WMXjYpNe4TM	s1_azbm9BjCipbJ9WPNEDrow4nO_MrNrRhEiegVwRCA844	1unLq1	qadv-arbiter-7x7-rust-lambda-v0.1.0	-	qadv-arbiter-7x7-rust-lambda-v0.1.0	-	L	P	196
g1_lPOw7RfP6c-Z6xv8MVbnnmHSBiusaWf8WMXjYpNe4TM	s1_pKR0-CACCIJwye66ASQWG-id83ATqdTvP-kbNpBYryQ	1unLq1	qadv-arbiter-7x7-rust-lambda-v0.1.0	-	qadv-arbiter-7x7-rust-lambda-v0.1.0	-	L	P	196
g1_lPP2qbWMU_JJwaEaz0F6880sGaExt426KsQe-bg4_ck	s1_Qmoz3nLvbLcY_1rcqMtpMJDvTQydhL5cxUNWV6EhpMY	1umwql	qadv-arbiter-7x7-v0.1.0	sha256:8c548d06307572603b839755cc1e50393285365e10f82bcd90290ca65cd86266	qadv-arbiter-7x7-v0.1.0	sha256:8c548d06307572603b839755cc1e50393285365e10f82bcd90290ca65cd86266	L	P	196
g1_lPR6t6YDKR7ipAaqGYBhh2IqEH2qkFMjRFoiIzZj1fQ	s1_FtGV4ulo3knB1ZwyrGlobXl8LgSRNWIt8au2tgSSG2E	1unM1p	qadv-arbiter-7x7-rust-lambda-v0.1.0	-	qadv-arbiter-7x7-rust-lambda-v0.1.0	-	L	P	196
g1_lPR6t6YDKR7ipAaqGYBhh2IqEH2qkFMjRFoiIzZj1fQ	s1_KYCSo99G9lvphdLUbftj1MtIo9R3I330WU4XJS0GvJY	1unM1p	qadv-arbiter-7x7-rust-lambda-v0.1.0	-	qadv-arbiter-7x7-rust-lambda-v0.1.0	-	L	P	196
g1_lPR6t6YDKR7ipAaqGYBhh2IqEH2qkFMjRFoiIzZj1fQ	s1_RauLaTi4eVgYHSp2TV9pqs9uzTVv0B10g9TaHMWpcZ4	1unM1p	qadv-arbiter-7x7-rust-lambda-v0.1.0	-	qadv-arbiter-7x7-rust-lambda-v0.1.0	-	L	P	-
g1_lPR6t6YDKR7ipAaqGYBhh2IqEH2qkFMjRFoiIzZj1fQ	s1_kQxCDdrG7hZzFj1ATjOUS2pxvCffnYCXaBvzN-_6PCE	1unM1p	qadv-arbiter-7x7-rust-lambda-v0.1.0	-	qadv-arbiter-7x7-rust-lambda-v0.1.0	-	L	P	196
g1_lPxT5cA0TWuJ6amOvi-QwOSzYdtMfZhKYsn0e9f_CY4	s1_CEtnyncu2FLKw6vcW0aWifhBSjwFeejMqSxt64wjUx0	1un7r0	qadv-arbiter-guided-7x7-v0.2.0	sha256:9c0e5e530df7db77a98f6a2e75fe63a6f629c6ad6563e0b5454793ebc243b14d	lunatic-v0.1.0	-	L	P	196
g1_lPxT5cA0TWuJ6amOvi-QwOSzYdtMfZhKYsn0e9f_CY4	s1_O3cuwuia8XT9TI7Nxr3tRcajOA20XFHEIT2fYX3WizY	1un7r0	qadv-arbiter-guided-7x7-v0.2.0	sha256:9c0e5e530df7db77a98f6a2e75fe63a6f629c6ad6563e0b5454793ebc243b14d	lunatic-v0.1.0	-	L	P	196
g1_lPxT5cA0TWuJ6amOvi-QwOSzYdtMfZhKYsn0e9f_CY4	s1_kkT8qkQBd2qeSRsdFDNDwTiWXOzS6wyj7q-eie2p0s4	1un7r0	qadv-arbiter-guided-7x7-v0.2.0	sha256:9c0e5e530df7db77a98f6a2e75fe63a6f629c6ad6563e0b5454793ebc243b14d	lunatic-v0.1.0	-	L	P	196
g1_lQ73DbTnHGFYmWLIMez2tMx06Yp0-KYxOxf3F-i737o	s1_DSS6Ps-DhjCFNc_8mtb2bRMVxA9dB3B1k2s2U52l6ts	1unOgI	qadv-arbiter-7x7-rust-lambda-v0.1.0	-	qadv-arbiter-7x7-rust-lambda-v0.1.0	-	D	P	196
g1_lQ73DbTnHGFYmWLIMez2tMx06Yp0-KYxOxf3F-i737o	s1_M0Jlu5iARxNd1r_ObdCc9MaJaZouLCT0e2lI3grsIRo	1unOgI	qadv-arbiter-7x7-rust-lambda-v0.1.0	-	qadv-arbiter-7x7-rust-lambda-v0.1.0	-	D	P	196
g1_lQ73DbTnHGFYmWLIMez2tMx06Yp0-KYxOxf3F-i737o	s1_RauLaTi4eVgYHSp2TV9pqs9uzTVv0B10g9TaHMWpcZ4	1unOgI	qadv-arbiter-7x7-rust-lambda-v0.1.0	-	qadv-arbiter-7x7-rust-lambda-v0.1.0	-	D	P	-
g1_lQ73DbTnHGFYmWLIMez2tMx06Yp0-KYxOxf3F-i737o	s1_ZP2D076p8z6lnB6mKBO1AtDXY0VKytRjE6Keih6wBLs	1unOgI	qadv-arbiter-7x7-rust-lambda-v0.1.0	-	qadv-arbiter-7x7-rust-lambda-v0.1.0	-	D	P	196
g1_lQGOUZI7QpN3WWkWYCOg45oMs_I4Th5H8CqP1qqj10s	s1_WpYQrS3Y5EBPp4KoxQeXdmkSNGGu7uzGmTP-APlIkYU	1umwPR	rust-pathfinder-v0.3.0	-	rust-pathfinder-onnx-sorter-v0.1.0	-	L	P	120
g1_lQHqRpvztbmC3rsVMEBqzlnxJrZiyTLjRj3NLyKLNZ8	s1_7FIu85-v_e-kbNsQ2UNk3yRt-KGcLyUjpmVwIc9cnfM	1umwOq	python-gnn-puct-scout-v0.1.0	sha256:b9f80706cc1f29076ee06fe06483697c749148a808c599579045d00a52573938	python-gnn-puct-scout-v0.1.0	sha256:b9f80706cc1f29076ee06fe06483697c749148a808c599579045d00a52573938	D	P	196
g1_lQHqRpvztbmC3rsVMEBqzlnxJrZiyTLjRj3NLyKLNZ8	s1_S8AGNBNcWBvWiwIo-AOAHPoHuZo2XvcsYvhgQxGTkrY	1umwOq	python-gnn-puct-scout-v0.1.0	sha256:b9f80706cc1f29076ee06fe06483697c749148a808c599579045d00a52573938	python-gnn-puct-scout-v0.1.0	sha256:b9f80706cc1f29076ee06fe06483697c749148a808c599579045d00a52573938	D	P	196
g1_lQLTkIKwSAZ_-XQ3kjpzjzGp7mdCvMWv9l-ii3FkiCY	s1_6PxtazPxkizz7K9QTWPSCIopEV5n0zpHoq3F52yO_6U	1umwtG	python-cnn-puct-v0.1.0	sha256:7845e9b7687beee165dc36b8d21833b7a8b5a83e31b58b49bd05c277ba26e642	python-cnn-puct-v0.1.0	sha256:7845e9b7687beee165dc36b8d21833b7a8b5a83e31b58b49bd05c277ba26e642	L	P	196
g1_lQLTkIKwSAZ_-XQ3kjpzjzGp7mdCvMWv9l-ii3FkiCY	s1_baRgKA_wMXdl0r4AwdkUfhWC04qxd1MvEGXAQaDd4fo	1umwtG	python-cnn-puct-v0.1.0	sha256:7845e9b7687beee165dc36b8d21833b7a8b5a83e31b58b49bd05c277ba26e642	python-cnn-puct-v0.1.0	sha256:7845e9b7687beee165dc36b8d21833b7a8b5a83e31b58b49bd05c277ba26e642	L	P	196
g1_lQPI1ZloX-_TRLxHsnE5k8eLt5GAaZHlESa88vai2v4	s1__fmnSv6OnZklVvMPUjPdL6drtvfrJptRYX3nxZQO8jI	1umxwf	python-gnn-puct-scout-v0.1.0	sha256:b9f80706cc1f29076ee06fe06483697c749148a808c599579045d00a52573938	python-gnn-puct-scout-v0.1.0	sha256:b9f80706cc1f29076ee06fe06483697c749148a808c599579045d00a52573938	D	P	196
g1_lQRHQCekh1qpv8fxYq2oXFsBza5zAEkYBor0mhlgejE	s1_1av6nXQkq-GSHXfjkVlGHGpAq8F9UbW4JwZmyFA-vww	1umvVR	python-gnn-puct-learner-v0.1.0	sha256:ab0f739cd33d66781faf60e27797c5ccba3c04ba684f8d9e32e9c2754f4e8956	python-gnn-puct-learner-v0.1.0	sha256:ab0f739cd33d66781faf60e27797c5ccba3c04ba684f8d9e32e9c2754f4e8956	-	M	196
g1_lQRHQCekh1qpv8fxYq2oXFsBza5zAEkYBor0mhlgejE	s1_Brk0hkuJoH-MBjdd53AO5tlWcOgDWV_R0PO74fHGd_0	1umvVR	python-gnn-puct-learner-v0.1.0	sha256:ab0f739cd33d66781faf60e27797c5ccba3c04ba684f8d9e32e9c2754f4e8956	python-gnn-puct-learner-v0.1.0	sha256:ab0f739cd33d66781faf60e27797c5ccba3c04ba684f8d9e32e9c2754f4e8956	-	M	196
g1_lQRHQCekh1qpv8fxYq2oXFsBza5zAEkYBor0mhlgejE	s1_QBFUsDtxokERlDOdQkleYbPvhJ-vIp2qmp6DXjS-7oM	1umvVR	python-gnn-puct-learner-v0.1.0	sha256:ab0f739cd33d66781faf60e27797c5ccba3c04ba684f8d9e32e9c2754f4e8956	python-gnn-puct-learner-v0.1.0	sha256:ab0f739cd33d66781faf60e27797c5ccba3c04ba684f8d9e32e9c2754f4e8956	-	M	196
g1_lQSRv6sPhiWeJQ6Pwj8yB2_ki9Z60xxw16uCRPt79Rk	s1_NlKgDqoHmRzvOKVY3-2kMzXW8LaG840Ymmrc95HTjXA	1unNty	qadv-arbiter-7x7-rust-lambda-v0.1.0	-	qadv-arbiter-7x7-rust-lambda-v0.1.0	-	L	P	196
g1_lQSRv6sPhiWeJQ6Pwj8yB2_ki9Z60xxw16uCRPt79Rk	s1_Q42T_pIwIsMRZTe5sdOOC5bc6NM3GLuuvQ9zf3lYX1Q	1unNty	qadv-arbiter-7x7-rust-lambda-v0.1.0	-	qadv-arbiter-7x7-rust-lambda-v0.1.0	-	L	P	196
g1_lQSRv6sPhiWeJQ6Pwj8yB2_ki9Z60xxw16uCRPt79Rk	s1_RauLaTi4eVgYHSp2TV9pqs9uzTVv0B10g9TaHMWpcZ4	1unNty	qadv-arbiter-7x7-rust-lambda-v0.1.0	-	qadv-arbiter-7x7-rust-lambda-v0.1.0	-	L	P	-
g1_lQSRv6sPhiWeJQ6Pwj8yB2_ki9Z60xxw16uCRPt79Rk	s1_jra09IIzdtLAPExYrHG4DVa4NKnUw89mHJ4hIzBiTIg	1unNty	qadv-arbiter-7x7-rust-lambda-v0.1.0	-	qadv-arbiter-7x7-rust-lambda-v0.1.0	-	L	P	196
g1_lQp1M52Eip5FSXAckyvhKC0615OptCaE376K5rHNgHY	s1_RY1LWrw1JZgLE9MCn5kk9kzgYisjQhMXc9H2YleygL0	1unM5F	qadv-arbiter-7x7-rust-lambda-v0.1.0	-	qadv-arbiter-7x7-rust-lambda-v0.1.0	-	L	P	196
g1_lQp1M52Eip5FSXAckyvhKC0615OptCaE376K5rHNgHY	s1_RauLaTi4eVgYHSp2TV9pqs9uzTVv0B10g9TaHMWpcZ4	1unM5F	qadv-arbiter-7x7-rust-lambda-v0.1.0	-	qadv-arbiter-7x7-rust-lambda-v0.1.0	-	L	P	-
g1_lQp1M52Eip5FSXAckyvhKC0615OptCaE376K5rHNgHY	s1_dI5LsxbnrEM8Nk4Oqcce1zrDa1U4UQEOFibOk7sGf4M	1unM5F	qadv-arbiter-7x7-rust-lambda-v0.1.0	-	qadv-arbiter-7x7-rust-lambda-v0.1.0	-	L	P	196
g1_lQp1M52Eip5FSXAckyvhKC0615OptCaE376K5rHNgHY	s1_rJyv5J7zBbSKogB3tSP3e3tlHQc2ZGw9_1IoQwBlXNs	1unM5F	qadv-arbiter-7x7-rust-lambda-v0.1.0	-	qadv-arbiter-7x7-rust-lambda-v0.1.0	-	L	P	196
g1_lQxiZjb_xvm21sEyfV8bh2D_DGkd0V5tLu_MFTwCcNI	s1_1av6nXQkq-GSHXfjkVlGHGpAq8F9UbW4JwZmyFA-vww	1umvSB	lunatic-v0.1.0	-	cnn-baseline-7x7	sha256:f4969554372b34d9773382cf5cd8e3f20890ccedfb1e6c685984c6c94fbb6203	L	P	196
g1_lQxiZjb_xvm21sEyfV8bh2D_DGkd0V5tLu_MFTwCcNI	s1_Brk0hkuJoH-MBjdd53AO5tlWcOgDWV_R0PO74fHGd_0	1umvSB	lunatic-v0.1.0	-	cnn-baseline-7x7	sha256:f4969554372b34d9773382cf5cd8e3f20890ccedfb1e6c685984c6c94fbb6203	L	P	196
g1_lQxiZjb_xvm21sEyfV8bh2D_DGkd0V5tLu_MFTwCcNI	s1_dcEgf_s_8JfAgzbYFm9Z15BWrFU6bsc6MzE1gZNvlP4	1umvSB	lunatic-v0.1.0	-	cnn-baseline-7x7	sha256:f4969554372b34d9773382cf5cd8e3f20890ccedfb1e6c685984c6c94fbb6203	L	P	196
g1_lR0Q6OYXhAg5vtXjMJynJ9QbgHrVAEGSz0ZtmY_5J7Q	s1_RauLaTi4eVgYHSp2TV9pqs9uzTVv0B10g9TaHMWpcZ4	1unNKH	qadv-arbiter-7x7-rust-lambda-v0.1.0	-	qadv-arbiter-7x7-rust-lambda-v0.1.0	-	L	P	-
g1_lR0Q6OYXhAg5vtXjMJynJ9QbgHrVAEGSz0ZtmY_5J7Q	s1_RtTWTNi-GelbqPXdZyGbNfZwWJ9uJaNOf9HDMN7JDpk	1unNKH	qadv-arbiter-7x7-rust-lambda-v0.1.0	-	qadv-arbiter-7x7-rust-lambda-v0.1.0	-	L	P	196
g1_lR0Q6OYXhAg5vtXjMJynJ9QbgHrVAEGSz0ZtmY_5J7Q	s1_eo-QbI93zdZwpGJ6saxwhqw5-Af2l6rTFPKpMea2CU0	1unNKH	qadv-arbiter-7x7-rust-lambda-v0.1.0	-	qadv-arbiter-7x7-rust-lambda-v0.1.0	-	L	P	196
g1_lR0Q6OYXhAg5vtXjMJynJ9QbgHrVAEGSz0ZtmY_5J7Q	s1_jvMOmZHZJ7uizTZKbGWrBP-Yqp6hi1b8HYkwKfHmgkQ	1unNKH	qadv-arbiter-7x7-rust-lambda-v0.1.0	-	qadv-arbiter-7x7-rust-lambda-v0.1.0	-	L	P	196
g1_lR9XUCNtWNLRKo8T8Io8t4STCW_Zmpxs-hG2hsUNRrs	s1_OQscqa0Ey1BgCE1cIOMehOhTPz01d2-RVYjRcnSXDKo	1unPuB	qadv-arbiter-7x7-rust-lambda-v0.1.0	-	qadv-arbiter-7x7-rust-lambda-v0.1.0	-	D	P	196
g1_lR9XUCNtWNLRKo8T8Io8t4STCW_Zmpxs-hG2hsUNRrs	s1_RauLaTi4eVgYHSp2TV9pqs9uzTVv0B10g9TaHMWpcZ4	1unPuB	qadv-arbiter-7x7-rust-lambda-v0.1.0	-	qadv-arbiter-7x7-rust-lambda-v0.1.0	-	D	P	-
g1_lR9XUCNtWNLRKo8T8Io8t4STCW_Zmpxs-hG2hsUNRrs	s1_cYtsF7Af4wTtvgNk7F0Iy4cuILjW91LD3PwMVqp5iN4	1unPuB	qadv-arbiter-7x7-rust-lambda-v0.1.0	-	qadv-arbiter-7x7-rust-lambda-v0.1.0	-	D	P	196
g1_lR9XUCNtWNLRKo8T8Io8t4STCW_Zmpxs-hG2hsUNRrs	s1_m_n0PSiXhtffC6sQXuGYUlbZ84jbneAwj-XqBxmu4-Q	1unPuB	qadv-arbiter-7x7-rust-lambda-v0.1.0	-	qadv-arbiter-7x7-rust-lambda-v0.1.0	-	D	P	196
g1_lRAvYK8f7E79Hjmg1_M1CYQhMTVP47ylbc4KzflNnAk	s1_2FtaP75xgRVTNrUvmC0NIesJCNy8IDFJ05WNM4nUnpg	1unQnh	pathfinder-v0.3.0	-	qadv-arbiter-7x7-v0.1.0	-	L	P	196
g1_lRAvYK8f7E79Hjmg1_M1CYQhMTVP47ylbc4KzflNnAk	s1_7m6rzVUMwKb2ze4m0l4101Ex_LeBD751xgIP1pyiYhY	1unQnh	pathfinder-v0.3.0	-	qadv-arbiter-7x7-v0.1.0	-	L	P	196
g1_lRAvYK8f7E79Hjmg1_M1CYQhMTVP47ylbc4KzflNnAk	s1_J6MvVtPZXhES4drtPfInNYsgb7c_z0TuRLMvy4PDrvg	1unQnh	pathfinder-v0.3.0	-	qadv-arbiter-7x7-v0.1.0	-	L	P	196
g1_lRAvYK8f7E79Hjmg1_M1CYQhMTVP47ylbc4KzflNnAk	s1_QqN6jEY0jljy_D7R4kXaGc_fgTgsO2yAML9ug1UPDco	1unQnh	pathfinder-v0.3.0	-	qadv-arbiter-7x7-v0.1.0	-	L	P	196
g1_lRAvYK8f7E79Hjmg1_M1CYQhMTVP47ylbc4KzflNnAk	s1_RauLaTi4eVgYHSp2TV9pqs9uzTVv0B10g9TaHMWpcZ4	1unQnh	pathfinder-v0.3.0	-	qadv-arbiter-7x7-v0.1.0	-	L	P	-
g1_lRBVnIiohacmuNSdKGsxmQxsmXL5_Flwj3A3gBDztIs	s1__fmnSv6OnZklVvMPUjPdL6drtvfrJptRYX3nxZQO8jI	1umxwJ	python-gnn-puct-scout-v0.1.0	sha256:b9f80706cc1f29076ee06fe06483697c749148a808c599579045d00a52573938	python-gnn-puct-scout-v0.1.0	sha256:b9f80706cc1f29076ee06fe06483697c749148a808c599579045d00a52573938	D	P	196
g1_lRCYHiXZ5psUNU3AVoG2FPtCXrEAn-JB9aepwLIIwfE	s1_1LB6NAgPOeCp4r8rQw4kUOIXWpEdWysFm5RZjWCQSgc	1umwP4	python-gnn-puct-learner-v0.1.0	sha256:ab0f739cd33d66781faf60e27797c5ccba3c04ba684f8d9e32e9c2754f4e8956	python-gnn-puct-learner-v0.1.0	sha256:ab0f739cd33d66781faf60e27797c5ccba3c04ba684f8d9e32e9c2754f4e8956	D	P	196
g1_lRCYHiXZ5psUNU3AVoG2FPtCXrEAn-JB9aepwLIIwfE	s1_P4NHYhwuVnEA-dG2X-UVeVotb84A5mwljbYTlTMqr8w	1umwP4	python-gnn-puct-learner-v0.1.0	sha256:ab0f739cd33d66781faf60e27797c5ccba3c04ba684f8d9e32e9c2754f4e8956	python-gnn-puct-learner-v0.1.0	sha256:ab0f739cd33d66781faf60e27797c5ccba3c04ba684f8d9e32e9c2754f4e8956	D	P	196
g1_lREdBgzzPnD-uBv4uM_nt3Gt2UJohNI-iNjYiMGbH6U	s1_0AyUK1Ps4Run7VjYUXP0LvHpZRXf88ayuAg4jkEgJFA	1unQjp	pathfinder-v0.3.0	-	qadv-arbiter-7x7-v0.1.0	-	L	P	196
g1_lREdBgzzPnD-uBv4uM_nt3Gt2UJohNI-iNjYiMGbH6U	s1_1Q7xXvDi3qCPFoy20I1GfIbYV0NP1ZG4s3n8hO-D8XE	1unQjp	pathfinder-v0.3.0	-	qadv-arbiter-7x7-v0.1.0	-	L	P	196
g1_lREdBgzzPnD-uBv4uM_nt3Gt2UJohNI-iNjYiMGbH6U	s1_2FtaP75xgRVTNrUvmC0NIesJCNy8IDFJ05WNM4nUnpg	1unQjp	pathfinder-v0.3.0	-	qadv-arbiter-7x7-v0.1.0	-	L	P	196
g1_lREdBgzzPnD-uBv4uM_nt3Gt2UJohNI-iNjYiMGbH6U	s1_RauLaTi4eVgYHSp2TV9pqs9uzTVv0B10g9TaHMWpcZ4	1unQjp	pathfinder-v0.3.0	-	qadv-arbiter-7x7-v0.1.0	-	L	P	-
g1_lRIxBln5Dfp68VKXU8OpD2IKS5YNNnMH2Q1_urxMnzs	s1_0J1U3vejD3WBVgO6e2AL1guH54pYZmahymep8OtfPnQ	1unNvq	qadv-arbiter-7x7-rust-lambda-v0.1.0	-	qadv-arbiter-7x7-rust-lambda-v0.1.0	-	L	P	196
g1_lRIxBln5Dfp68VKXU8OpD2IKS5YNNnMH2Q1_urxMnzs	s1_8WwltaAvuRK9MKldLMa2wG79e3LNwLOZ3qcX3QDpc_E	1unNvq	qadv-arbiter-7x7-rust-lambda-v0.1.0	-	qadv-arbiter-7x7-rust-lambda-v0.1.0	-	L	P	196
g1_lRIxBln5Dfp68VKXU8OpD2IKS5YNNnMH2Q1_urxMnzs	s1_RauLaTi4eVgYHSp2TV9pqs9uzTVv0B10g9TaHMWpcZ4	1unNvq	qadv-arbiter-7x7-rust-lambda-v0.1.0	-	qadv-arbiter-7x7-rust-lambda-v0.1.0	-	L	P	-
g1_lRIxBln5Dfp68VKXU8OpD2IKS5YNNnMH2Q1_urxMnzs	s1_XNVYHJg51tqYsPiHKdfFTzQLgHANMhbBTBNZjVqGCkE	1unNvq	qadv-arbiter-7x7-rust-lambda-v0.1.0	-	qadv-arbiter-7x7-rust-lambda-v0.1.0	-	L	P	196
g1_lROenQYrSEPkDbvEQIy1K_k-RBkbXpLHG2rjMdouab4	s1_1av6nXQkq-GSHXfjkVlGHGpAq8F9UbW4JwZmyFA-vww	1umvRo	python-gnn-puct-learner-v0.1.0	sha256:ab0f739cd33d66781faf60e27797c5ccba3c04ba684f8d9e32e9c2754f4e8956	python-gnn-puct-learner-v0.1.0	sha256:ab0f739cd33d66781faf60e27797c5ccba3c04ba684f8d9e32e9c2754f4e8956	-	M	196
g1_lROenQYrSEPkDbvEQIy1K_k-RBkbXpLHG2rjMdouab4	s1_QBFUsDtxokERlDOdQkleYbPvhJ-vIp2qmp6DXjS-7oM	1umvRo	python-gnn-puct-learner-v0.1.0	sha256:ab0f739cd33d66781faf60e27797c5ccba3c04ba684f8d9e32e9c2754f4e8956	python-gnn-puct-learner-v0.1.0	sha256:ab0f739cd33d66781faf60e27797c5ccba3c04ba684f8d9e32e9c2754f4e8956	-	M	196
g1_lROenQYrSEPkDbvEQIy1K_k-RBkbXpLHG2rjMdouab4	s1_mWPTef6xYbijjPhDIC6QgLRmu2mMSJAokNlIkx3vg54	1umvRo	python-gnn-puct-learner-v0.1.0	sha256:ab0f739cd33d66781faf60e27797c5ccba3c04ba684f8d9e32e9c2754f4e8956	python-gnn-puct-learner-v0.1.0	sha256:ab0f739cd33d66781faf60e27797c5ccba3c04ba684f8d9e32e9c2754f4e8956	-	M	196
g1_lRYx6KgRpPlrk7C0vXob6-YmOqA4NyVWnTm9mYw3ZqI	s1_1av6nXQkq-GSHXfjkVlGHGpAq8F9UbW4JwZmyFA-vww	1DIkU	python-gnn-puct-v0.1.0	sha256:6f9ad6e4a0993da3cf34a8549e86f9b5d512c51e11bfa76dfe051e7a8801bdac	python-gnn-puct-v0.1.0	sha256:6f9ad6e4a0993da3cf34a8549e86f9b5d512c51e11bfa76dfe051e7a8801bdac	D	P	196
g1_lRYx6KgRpPlrk7C0vXob6-YmOqA4NyVWnTm9mYw3ZqI	s1_del54SUFELBov5vQFrhsVexn6D9EhUPDFZpXuqC6eCI	1DIkU	python-gnn-puct-v0.1.0	sha256:6f9ad6e4a0993da3cf34a8549e86f9b5d512c51e11bfa76dfe051e7a8801bdac	python-gnn-puct-v0.1.0	sha256:6f9ad6e4a0993da3cf34a8549e86f9b5d512c51e11bfa76dfe051e7a8801bdac	D	P	196
g1_lRYx6KgRpPlrk7C0vXob6-YmOqA4NyVWnTm9mYw3ZqI	s1_g5pGkHBMEhzAYvwFY0b24sSc7wC9JfnWApMHHZ_aMPI	1DIkU	python-gnn-puct-v0.1.0	sha256:6f9ad6e4a0993da3cf34a8549e86f9b5d512c51e11bfa76dfe051e7a8801bdac	python-gnn-puct-v0.1.0	sha256:6f9ad6e4a0993da3cf34a8549e86f9b5d512c51e11bfa76dfe051e7a8801bdac	D	P	196
g1_lRYx6KgRpPlrk7C0vXob6-YmOqA4NyVWnTm9mYw3ZqI	s1_mWPTef6xYbijjPhDIC6QgLRmu2mMSJAokNlIkx3vg54	1DIkU	python-gnn-puct-v0.1.0	sha256:6f9ad6e4a0993da3cf34a8549e86f9b5d512c51e11bfa76dfe051e7a8801bdac	python-gnn-puct-v0.1.0	sha256:6f9ad6e4a0993da3cf34a8549e86f9b5d512c51e11bfa76dfe051e7a8801bdac	D	P	196
g1_lRYx6KgRpPlrk7C0vXob6-YmOqA4NyVWnTm9mYw3ZqI	s1_tol_POp6BcgBLMWq8iDfRBQSAXpESHxFwmcCQYXv0yQ	1DIkU	python-gnn-puct-v0.1.0	sha256:6f9ad6e4a0993da3cf34a8549e86f9b5d512c51e11bfa76dfe051e7a8801bdac	python-gnn-puct-v0.1.0	sha256:6f9ad6e4a0993da3cf34a8549e86f9b5d512c51e11bfa76dfe051e7a8801bdac	D	P	196
g1_lRdYH2dZNUd7gro_xFudlEfoIk7Nj_Y3Z_cvTWvfRX0	s1_1av6nXQkq-GSHXfjkVlGHGpAq8F9UbW4JwZmyFA-vww	rfEa9	human-web-v1	-	surveyor-v0	-	L	P	196
g1_lRdYH2dZNUd7gro_xFudlEfoIk7Nj_Y3Z_cvTWvfRX0	s1_Brk0hkuJoH-MBjdd53AO5tlWcOgDWV_R0PO74fHGd_0	rfEa9	human-web-v1	-	surveyor-v0	-	L	P	196
g1_lRdYH2dZNUd7gro_xFudlEfoIk7Nj_Y3Z_cvTWvfRX0	s1_VeKQnEaad0kqqZabL-trAbY-2B41zD5rGsvLbD1kpuw	rfEa9	human-web-v1	-	surveyor-v0	-	L	P	196
g1_lRrQ29vt9b6vvAVQzbTtak1f8N7CmSyVZrbzzr5V7cQ	s1_RauLaTi4eVgYHSp2TV9pqs9uzTVv0B10g9TaHMWpcZ4	1unMsZ	qadv-arbiter-7x7-rust-lambda-v0.1.0	-	qadv-arbiter-7x7-rust-lambda-v0.1.0	-	D	P	-
g1_lRrQ29vt9b6vvAVQzbTtak1f8N7CmSyVZrbzzr5V7cQ	s1_TyTbU4R8Wwjd4YBn324RaAUjLrOnn3_Vx5Mss-b4bbI	1unMsZ	qadv-arbiter-7x7-rust-lambda-v0.1.0	-	qadv-arbiter-7x7-rust-lambda-v0.1.0	-	D	P	196
g1_lRrQ29vt9b6vvAVQzbTtak1f8N7CmSyVZrbzzr5V7cQ	s1_WnIppIZVJCSfadf3K6pD8g2Kk2bfK-g9DXhgAlkqFs8	1unMsZ	qadv-arbiter-7x7-rust-lambda-v0.1.0	-	qadv-arbiter-7x7-rust-lambda-v0.1.0	-	D	P	196
g1_lRrQ29vt9b6vvAVQzbTtak1f8N7CmSyVZrbzzr5V7cQ	s1_g62Cfl7yPuMn-RgR3cfCe_K5AWtl1NihR_fHU0Pxca0	1unMsZ	qadv-arbiter-7x7-rust-lambda-v0.1.0	-	qadv-arbiter-7x7-rust-lambda-v0.1.0	-	D	P	196
g1_lRsv-Aq4bW88QpHx7yhPP8XsPJGf2NHwRivGsF-cPqQ	s1_2FtaP75xgRVTNrUvmC0NIesJCNy8IDFJ05WNM4nUnpg	1unQdZ	pathfinder-v0.3.0	-	qadv-arbiter-7x7-v0.1.0	-	L	P	196
g1_lRsv-Aq4bW88QpHx7yhPP8XsPJGf2NHwRivGsF-cPqQ	s1_ImnjqKy0P0qRH_URJlkLRDGm5O0b3SVMglvXP63Ml9w	1unQdZ	pathfinder-v0.3.0	-	qadv-arbiter-7x7-v0.1.0	-	L	P	196
g1_lRsv-Aq4bW88QpHx7yhPP8XsPJGf2NHwRivGsF-cPqQ	s1_RauLaTi4eVgYHSp2TV9pqs9uzTVv0B10g9TaHMWpcZ4	1unQdZ	pathfinder-v0.3.0	-	qadv-arbiter-7x7-v0.1.0	-	L	P	-
g1_lRsv-Aq4bW88QpHx7yhPP8XsPJGf2NHwRivGsF-cPqQ	s1_a3xFQY41G9nPPc4_GbESq-0eN3mRycIC2y9N09PKA5E	1unQdZ	pathfinder-v0.3.0	-	qadv-arbiter-7x7-v0.1.0	-	L	P	196
g1_lSDLLgu_SdW4NAmkLcx9mu-BUPPOO8bSmmvJfQ1BEaE	s1_Ju41mtlq9KiAz1_zmJd0NVBqNQzs8QIWVstiYN6Z_1s	1un58-	qadv-arbiter-guided-7x7-v0.2.0	sha256:9c0e5e530df7db77a98f6a2e75fe63a6f629c6ad6563e0b5454793ebc243b14d	surveyor-v0.2.0	-	L	P	196
g1_lSDLLgu_SdW4NAmkLcx9mu-BUPPOO8bSmmvJfQ1BEaE	s1_O3cuwuia8XT9TI7Nxr3tRcajOA20XFHEIT2fYX3WizY	1un58-	qadv-arbiter-guided-7x7-v0.2.0	sha256:9c0e5e530df7db77a98f6a2e75fe63a6f629c6ad6563e0b5454793ebc243b14d	surveyor-v0.2.0	-	L	P	196
g1_lSDLLgu_SdW4NAmkLcx9mu-BUPPOO8bSmmvJfQ1BEaE	s1_ROUz_g0kquKNGB878B9BMwA5nL4cZcvmffEeoUgiR_k	1un58-	qadv-arbiter-guided-7x7-v0.2.0	sha256:9c0e5e530df7db77a98f6a2e75fe63a6f629c6ad6563e0b5454793ebc243b14d	surveyor-v0.2.0	-	L	P	196
g1_lSDLLgu_SdW4NAmkLcx9mu-BUPPOO8bSmmvJfQ1BEaE	s1_TNJsSJjRaHDJ2Q7UUQmoz_QE1P-V3BTy5CQvqN4z6Bw	1un58-	qadv-arbiter-guided-7x7-v0.2.0	sha256:9c0e5e530df7db77a98f6a2e75fe63a6f629c6ad6563e0b5454793ebc243b14d	surveyor-v0.2.0	-	L	P	196
g1_lSE6YHwjgrDDY8-vFZTdHRdKuHl9_fufeFVrZPTN9LU	s1_1XoxENw8Z_E12JzQZ6H9rkrRJk1Wo7aAAvq4jhDVyGo	1un5dy	qadv-arbiter-guided-7x7-v0.2.0	sha256:9c0e5e530df7db77a98f6a2e75fe63a6f629c6ad6563e0b5454793ebc243b14d	surveyor-v0.2.0	-	D	P	196
g1_lSE6YHwjgrDDY8-vFZTdHRdKuHl9_fufeFVrZPTN9LU	s1_O3cuwuia8XT9TI7Nxr3tRcajOA20XFHEIT2fYX3WizY	1un5dy	qadv-arbiter-guided-7x7-v0.2.0	sha256:9c0e5e530df7db77a98f6a2e75fe63a6f629c6ad6563e0b5454793ebc243b14d	surveyor-v0.2.0	-	D	P	196
g1_lSE6YHwjgrDDY8-vFZTdHRdKuHl9_fufeFVrZPTN9LU	s1_Wm96nwaIWKpAJ3RfJi_pk_r6EF_3M78D0GXx9IBk1xo	1un5dy	qadv-arbiter-guided-7x7-v0.2.0	sha256:9c0e5e530df7db77a98f6a2e75fe63a6f629c6ad6563e0b5454793ebc243b14d	surveyor-v0.2.0	-	D	P	196
g1_lSE6YHwjgrDDY8-vFZTdHRdKuHl9_fufeFVrZPTN9LU	s1_oVnHx0H0hBJ22MGtoQ9afbk5R9RvLjqRwBbr5C59S7I	1un5dy	qadv-arbiter-guided-7x7-v0.2.0	sha256:9c0e5e530df7db77a98f6a2e75fe63a6f629c6ad6563e0b5454793ebc243b14d	surveyor-v0.2.0	-	D	P	196
g1_lSMMWTT9DqgnoBvL4gCF_S5tuBXz0rX_jtEnS883VFI	s1_6PxtazPxkizz7K9QTWPSCIopEV5n0zpHoq3F52yO_6U	1umwn_	python-cnn-puct-v0.1.0	sha256:7845e9b7687beee165dc36b8d21833b7a8b5a83e31b58b49bd05c277ba26e642	python-cnn-puct-v0.1.0	sha256:7845e9b7687beee165dc36b8d21833b7a8b5a83e31b58b49bd05c277ba26e642	L	P	196
g1_lSMMWTT9DqgnoBvL4gCF_S5tuBXz0rX_jtEnS883VFI	s1_baRgKA_wMXdl0r4AwdkUfhWC04qxd1MvEGXAQaDd4fo	1umwn_	python-cnn-puct-v0.1.0	sha256:7845e9b7687beee165dc36b8d21833b7a8b5a83e31b58b49bd05c277ba26e642	python-cnn-puct-v0.1.0	sha256:7845e9b7687beee165dc36b8d21833b7a8b5a83e31b58b49bd05c277ba26e642	L	P	196
g1_lSXnUGHWgNsBfXIZUKdJR9X4ud9lbBaFRg5J5guBDw8	s1_7FIu85-v_e-kbNsQ2UNk3yRt-KGcLyUjpmVwIc9cnfM	1umwJl	python-gnn-puct-scout-v0.1.0	sha256:b9f80706cc1f29076ee06fe06483697c749148a808c599579045d00a52573938	python-gnn-puct-scout-v0.1.0	sha256:b9f80706cc1f29076ee06fe06483697c749148a808c599579045d00a52573938	D	P	196
g1_lSXnUGHWgNsBfXIZUKdJR9X4ud9lbBaFRg5J5guBDw8	s1_S8AGNBNcWBvWiwIo-AOAHPoHuZo2XvcsYvhgQxGTkrY	1umwJl	python-gnn-puct-scout-v0.1.0	sha256:b9f80706cc1f29076ee06fe06483697c749148a808c599579045d00a52573938	python-gnn-puct-scout-v0.1.0	sha256:b9f80706cc1f29076ee06fe06483697c749148a808c599579045d00a52573938	D	P	196
g1_lSfAdfdPL1cG8VW-GXBfEJWYX1VJ-8TEJJJaQmOLcuw	s1_2FtaP75xgRVTNrUvmC0NIesJCNy8IDFJ05WNM4nUnpg	1unQmg	qadv-arbiter-7x7-v0.1.0	-	pathfinder-v0.3.0	-	D	P	196
g1_lSfAdfdPL1cG8VW-GXBfEJWYX1VJ-8TEJJJaQmOLcuw	s1_JqJGnBtdaDSTN10uoLLn5Kr_lHNON1JC3apupdmCZIU	1unQmg	qadv-arbiter-7x7-v0.1.0	-	pathfinder-v0.3.0	-	D	P	196
g1_lSfAdfdPL1cG8VW-GXBfEJWYX1VJ-8TEJJJaQmOLcuw	s1_RauLaTi4eVgYHSp2TV9pqs9uzTVv0B10g9TaHMWpcZ4	1unQmg	qadv-arbiter-7x7-v0.1.0	-	pathfinder-v0.3.0	-	D	P	-
g1_lSfAdfdPL1cG8VW-GXBfEJWYX1VJ-8TEJJJaQmOLcuw	s1_vG0vyZQyFmCkxDvecu3MRjTc5_aM1mSlFGS7DcELdqM	1unQmg	qadv-arbiter-7x7-v0.1.0	-	pathfinder-v0.3.0	-	D	P	196
g1_lStJWiJz0xiyayj4nyWDWsJbdg3J6DCrle0BrKp02mo	s1_2EsJtBcL1SsnOAkrHlli3oRITF1Y9l7wqCBbhziLMC8	1unNXW	qadv-arbiter-7x7-rust-lambda-v0.1.0	-	qadv-arbiter-7x7-rust-lambda-v0.1.0	-	L	P	196
g1_lStJWiJz0xiyayj4nyWDWsJbdg3J6DCrle0BrKp02mo	s1_2jNvefErhWVjPdvyf8nO3xaSfctGfXspBzenfjhA9js	1unNXW	qadv-arbiter-7x7-rust-lambda-v0.1.0	-	qadv-arbiter-7x7-rust-lambda-v0.1.0	-	L	P	196
g1_lStJWiJz0xiyayj4nyWDWsJbdg3J6DCrle0BrKp02mo	s1_RauLaTi4eVgYHSp2TV9pqs9uzTVv0B10g9TaHMWpcZ4	1unNXW	qadv-arbiter-7x7-rust-lambda-v0.1.0	-	qadv-arbiter-7x7-rust-lambda-v0.1.0	-	L	P	-
g1_lStJWiJz0xiyayj4nyWDWsJbdg3J6DCrle0BrKp02mo	s1_p4O5wUQsmvGk5pfVU6huAeGDBOV-r0Bm35HoqjkCYxM	1unNXW	qadv-arbiter-7x7-rust-lambda-v0.1.0	-	qadv-arbiter-7x7-rust-lambda-v0.1.0	-	L	P	196
g1_lSvk18Yxf-iixtT8-vcVazeNkor3elikhlRr4ZpjviA	s1_1av6nXQkq-GSHXfjkVlGHGpAq8F9UbW4JwZmyFA-vww	1umvUk	python-gnn-puct-learner-v0.1.0	sha256:ab0f739cd33d66781faf60e27797c5ccba3c04ba684f8d9e32e9c2754f4e8956	python-gnn-puct-learner-v0.1.0	sha256:ab0f739cd33d66781faf60e27797c5ccba3c04ba684f8d9e32e9c2754f4e8956	-	M	196
g1_lSvk18Yxf-iixtT8-vcVazeNkor3elikhlRr4ZpjviA	s1_Brk0hkuJoH-MBjdd53AO5tlWcOgDWV_R0PO74fHGd_0	1umvUk	python-gnn-puct-learner-v0.1.0	sha256:ab0f739cd33d66781faf60e27797c5ccba3c04ba684f8d9e32e9c2754f4e8956	python-gnn-puct-learner-v0.1.0	sha256:ab0f739cd33d66781faf60e27797c5ccba3c04ba684f8d9e32e9c2754f4e8956	-	M	196
g1_lSvk18Yxf-iixtT8-vcVazeNkor3elikhlRr4ZpjviA	s1_QBFUsDtxokERlDOdQkleYbPvhJ-vIp2qmp6DXjS-7oM	1umvUk	python-gnn-puct-learner-v0.1.0	sha256:ab0f739cd33d66781faf60e27797c5ccba3c04ba684f8d9e32e9c2754f4e8956	python-gnn-puct-learner-v0.1.0	sha256:ab0f739cd33d66781faf60e27797c5ccba3c04ba684f8d9e32e9c2754f4e8956	-	M	196
g1_lTLBwqdQ-nPALKWoKge6fHTDdLeEH5my5CU3q_t6Cy4	s1_1av6nXQkq-GSHXfjkVlGHGpAq8F9UbW4JwZmyFA-vww	1umvSn	python-gnn-puct-learner-v0.1.0	sha256:ab0f739cd33d66781faf60e27797c5ccba3c04ba684f8d9e32e9c2754f4e8956	python-gnn-puct-learner-v0.1.0	sha256:ab0f739cd33d66781faf60e27797c5ccba3c04ba684f8d9e32e9c2754f4e8956	-	M	196
g1_lTLBwqdQ-nPALKWoKge6fHTDdLeEH5my5CU3q_t6Cy4	s1_Brk0hkuJoH-MBjdd53AO5tlWcOgDWV_R0PO74fHGd_0	1umvSn	python-gnn-puct-learner-v0.1.0	sha256:ab0f739cd33d66781faf60e27797c5ccba3c04ba684f8d9e32e9c2754f4e8956	python-gnn-puct-learner-v0.1.0	sha256:ab0f739cd33d66781faf60e27797c5ccba3c04ba684f8d9e32e9c2754f4e8956	-	M	196
g1_lTLBwqdQ-nPALKWoKge6fHTDdLeEH5my5CU3q_t6Cy4	s1_QBFUsDtxokERlDOdQkleYbPvhJ-vIp2qmp6DXjS-7oM	1umvSn	python-gnn-puct-learner-v0.1.0	sha256:ab0f739cd33d66781faf60e27797c5ccba3c04ba684f8d9e32e9c2754f4e8956	python-gnn-puct-learner-v0.1.0	sha256:ab0f739cd33d66781faf60e27797c5ccba3c04ba684f8d9e32e9c2754f4e8956	-	M	196
g1_lTR7Rab2vWtScSNjT-mNvUzilw-BoRhYGKVbhKqCck0	s1_2p3MXJgfOs6LiRnuUogkqIAd0GCP3YPndzEQoGB_WOc	1unMus	qadv-arbiter-7x7-rust-lambda-v0.1.0	-	qadv-arbiter-7x7-rust-lambda-v0.1.0	-	D	P	196
g1_lTR7Rab2vWtScSNjT-mNvUzilw-BoRhYGKVbhKqCck0	s1_Ikn-1TWDsiaynm8no9qJtL9QuoaorwJhYiiOePh7boY	1unMus	qadv-arbiter-7x7-rust-lambda-v0.1.0	-	qadv-arbiter-7x7-rust-lambda-v0.1.0	-	D	P	196
g1_lTR7Rab2vWtScSNjT-mNvUzilw-BoRhYGKVbhKqCck0	s1_RauLaTi4eVgYHSp2TV9pqs9uzTVv0B10g9TaHMWpcZ4	1unMus	qadv-arbiter-7x7-rust-lambda-v0.1.0	-	qadv-arbiter-7x7-rust-lambda-v0.1.0	-	D	P	-
g1_lTR7Rab2vWtScSNjT-mNvUzilw-BoRhYGKVbhKqCck0	s1_j1j8ayjkXgnWQBYjnB7n82fVVK0xNwf0IB0dWRnc8Yg	1unMus	qadv-arbiter-7x7-rust-lambda-v0.1.0	-	qadv-arbiter-7x7-rust-lambda-v0.1.0	-	D	P	196
g1_lTUW9qok3Rdw7RtRSvMDu3oFy73nydPAtbuODliqQgo	s1_1LB6NAgPOeCp4r8rQw4kUOIXWpEdWysFm5RZjWCQSgc	1umwPT	python-gnn-puct-learner-v0.1.0	sha256:ab0f739cd33d66781faf60e27797c5ccba3c04ba684f8d9e32e9c2754f4e8956	python-gnn-puct-learner-v0.1.0	sha256:ab0f739cd33d66781faf60e27797c5ccba3c04ba684f8d9e32e9c2754f4e8956	D	P	196
g1_lTUW9qok3Rdw7RtRSvMDu3oFy73nydPAtbuODliqQgo	s1_P4NHYhwuVnEA-dG2X-UVeVotb84A5mwljbYTlTMqr8w	1umwPT	python-gnn-puct-learner-v0.1.0	sha256:ab0f739cd33d66781faf60e27797c5ccba3c04ba684f8d9e32e9c2754f4e8956	python-gnn-puct-learner-v0.1.0	sha256:ab0f739cd33d66781faf60e27797c5ccba3c04ba684f8d9e32e9c2754f4e8956	D	P	196
g1_lTVbv5L4dzafsoBTVFHUhpJrWUDpEiBnAJXXlgKRU2s	s1_qtlitMa-GGx-0y2heoyNRonYXf1Dq5epTexnVe9Iqtw	1umxcB	python-gnn-puct-learner-v0.1.0	sha256:ab0f739cd33d66781faf60e27797c5ccba3c04ba684f8d9e32e9c2754f4e8956	python-gnn-puct-learner-v0.1.0	sha256:ab0f739cd33d66781faf60e27797c5ccba3c04ba684f8d9e32e9c2754f4e8956	-	M	196
g1_lTZ-djSjShz7T2O5po2drnLdFFcnlOojQ2O-QVlq8PQ	s1_7FIu85-v_e-kbNsQ2UNk3yRt-KGcLyUjpmVwIc9cnfM	1umwLg	python-gnn-puct-scout-v0.1.0	sha256:b9f80706cc1f29076ee06fe06483697c749148a808c599579045d00a52573938	python-gnn-puct-scout-v0.1.0	sha256:b9f80706cc1f29076ee06fe06483697c749148a808c599579045d00a52573938	D	P	196
g1_lTZ-djSjShz7T2O5po2drnLdFFcnlOojQ2O-QVlq8PQ	s1_S8AGNBNcWBvWiwIo-AOAHPoHuZo2XvcsYvhgQxGTkrY	1umwLg	python-gnn-puct-scout-v0.1.0	sha256:b9f80706cc1f29076ee06fe06483697c749148a808c599579045d00a52573938	python-gnn-puct-scout-v0.1.0	sha256:b9f80706cc1f29076ee06fe06483697c749148a808c599579045d00a52573938	D	P	196
g1_lTbL65PFJ43FwMFBdUmAovRhoC-fGCvI_3Z7T92UKec	s1_-OKlJXuPFfAnukwGYITjiU7XKL4OC_qt76PC0TZSPjg	1umvia	python-cnn-puct-v0.1.0	sha256:7845e9b7687beee165dc36b8d21833b7a8b5a83e31b58b49bd05c277ba26e642	python-cnn-puct-v0.1.0	sha256:7845e9b7687beee165dc36b8d21833b7a8b5a83e31b58b49bd05c277ba26e642	-	M	196
g1_lTbL65PFJ43FwMFBdUmAovRhoC-fGCvI_3Z7T92UKec	s1_1av6nXQkq-GSHXfjkVlGHGpAq8F9UbW4JwZmyFA-vww	1umvia	python-cnn-puct-v0.1.0	sha256:7845e9b7687beee165dc36b8d21833b7a8b5a83e31b58b49bd05c277ba26e642	python-cnn-puct-v0.1.0	sha256:7845e9b7687beee165dc36b8d21833b7a8b5a83e31b58b49bd05c277ba26e642	-	M	196
g1_lTbL65PFJ43FwMFBdUmAovRhoC-fGCvI_3Z7T92UKec	s1_Brk0hkuJoH-MBjdd53AO5tlWcOgDWV_R0PO74fHGd_0	1umvia	python-cnn-puct-v0.1.0	sha256:7845e9b7687beee165dc36b8d21833b7a8b5a83e31b58b49bd05c277ba26e642	python-cnn-puct-v0.1.0	sha256:7845e9b7687beee165dc36b8d21833b7a8b5a83e31b58b49bd05c277ba26e642	-	M	196
g1_lTbcadbqzenT5jrtvmKb0KcJ-aa3BcXRBdcvbgI6L4w	s1_6PxtazPxkizz7K9QTWPSCIopEV5n0zpHoq3F52yO_6U	1umwhl	python-cnn-puct-v0.1.0	sha256:7845e9b7687beee165dc36b8d21833b7a8b5a83e31b58b49bd05c277ba26e642	python-cnn-puct-v0.1.0	sha256:7845e9b7687beee165dc36b8d21833b7a8b5a83e31b58b49bd05c277ba26e642	L	P	196
g1_lTbcadbqzenT5jrtvmKb0KcJ-aa3BcXRBdcvbgI6L4w	s1_baRgKA_wMXdl0r4AwdkUfhWC04qxd1MvEGXAQaDd4fo	1umwhl	python-cnn-puct-v0.1.0	sha256:7845e9b7687beee165dc36b8d21833b7a8b5a83e31b58b49bd05c277ba26e642	python-cnn-puct-v0.1.0	sha256:7845e9b7687beee165dc36b8d21833b7a8b5a83e31b58b49bd05c277ba26e642	L	P	196
g1_lTqwvPFhDcKiYIxXpB7gswVoHoC5R057wy3JfZR5jDQ	s1_5g1S35pt3Q7dl6gcmORwtEdktHDiMNm8_B4VNGDAaRM	1unPQT	qadv-arbiter-7x7-rust-lambda-v0.1.0	-	qadv-arbiter-7x7-rust-lambda-v0.1.0	-	L	P	196
g1_lTqwvPFhDcKiYIxXpB7gswVoHoC5R057wy3JfZR5jDQ	s1_RauLaTi4eVgYHSp2TV9pqs9uzTVv0B10g9TaHMWpcZ4	1unPQT	qadv-arbiter-7x7-rust-lambda-v0.1.0	-	qadv-arbiter-7x7-rust-lambda-v0.1.0	-	L	P	-
g1_lTqwvPFhDcKiYIxXpB7gswVoHoC5R057wy3JfZR5jDQ	s1_a7gYJiCqu4KnTyr8U3oBi_O6C1cI_oD1GDr74z6t5hY	1unPQT	qadv-arbiter-7x7-rust-lambda-v0.1.0	-	qadv-arbiter-7x7-rust-lambda-v0.1.0	-	L	P	196
g1_lTqwvPFhDcKiYIxXpB7gswVoHoC5R057wy3JfZR5jDQ	s1_k6pxlJq2bnk9QsE9poIa69MvpBZjsSo0zE2ozStLs_g	1unPQT	qadv-arbiter-7x7-rust-lambda-v0.1.0	-	qadv-arbiter-7x7-rust-lambda-v0.1.0	-	L	P	196
g1_lTuPA_BptxlLx6k3oTWrYyE7wTBpL6zUqhsl0Y5lKSc	s1_O3cuwuia8XT9TI7Nxr3tRcajOA20XFHEIT2fYX3WizY	1un7bD	lunatic-v0.1.0	-	qadv-arbiter-guided-7x7-v0.2.0	sha256:9c0e5e530df7db77a98f6a2e75fe63a6f629c6ad6563e0b5454793ebc243b14d	D	P	196
g1_lTuPA_BptxlLx6k3oTWrYyE7wTBpL6zUqhsl0Y5lKSc	s1_gY_boSu5A8XG5a9XmME0tXm6pud0vwcbDekozVtP3iE	1un7bD	lunatic-v0.1.0	-	qadv-arbiter-guided-7x7-v0.2.0	sha256:9c0e5e530df7db77a98f6a2e75fe63a6f629c6ad6563e0b5454793ebc243b14d	D	P	196
g1_lTuPA_BptxlLx6k3oTWrYyE7wTBpL6zUqhsl0Y5lKSc	s1_gY_boSu5A8XG5a9XmME0tXm6pud0vwcbDekozVtP3iE	1un7cB	lunatic-v0.1.0	-	qadv-arbiter-guided-7x7-v0.2.0	sha256:9c0e5e530df7db77a98f6a2e75fe63a6f629c6ad6563e0b5454793ebc243b14d	D	P	196
g1_lTuPA_BptxlLx6k3oTWrYyE7wTBpL6zUqhsl0Y5lKSc	s1_nGMROr4JGS862bFLFUfH2a8ENp-zb33TaK0vhF2LgKs	1un7bD	lunatic-v0.1.0	-	qadv-arbiter-guided-7x7-v0.2.0	sha256:9c0e5e530df7db77a98f6a2e75fe63a6f629c6ad6563e0b5454793ebc243b14d	D	P	196
g1_lTuPA_BptxlLx6k3oTWrYyE7wTBpL6zUqhsl0Y5lKSc	s1_nGMROr4JGS862bFLFUfH2a8ENp-zb33TaK0vhF2LgKs	1un7cB	lunatic-v0.1.0	-	qadv-arbiter-guided-7x7-v0.2.0	sha256:9c0e5e530df7db77a98f6a2e75fe63a6f629c6ad6563e0b5454793ebc243b14d	D	P	196
g1_lUHdUw6qHZRxduj2M8D8LF6nx00z1ZHu5g5_PgootiM	s1_Kkc_t7hYxteAahH4-foRiMYfa0drRUERjsfWY45DYHk	1unPqK	qadv-arbiter-7x7-rust-lambda-v0.1.0	-	qadv-arbiter-7x7-rust-lambda-v0.1.0	-	D	P	196
g1_lUHdUw6qHZRxduj2M8D8LF6nx00z1ZHu5g5_PgootiM	s1_RauLaTi4eVgYHSp2TV9pqs9uzTVv0B10g9TaHMWpcZ4	1unPqK	qadv-arbiter-7x7-rust-lambda-v0.1.0	-	qadv-arbiter-7x7-rust-lambda-v0.1.0	-	D	P	-
g1_lUHdUw6qHZRxduj2M8D8LF6nx00z1ZHu5g5_PgootiM	s1_SfVYmdsh_ryE-TMdCAxMfy-09kz3nkUwWhqBsmFpIeM	1unPqK	qadv-arbiter-7x7-rust-lambda-v0.1.0	-	qadv-arbiter-7x7-rust-lambda-v0.1.0	-	D	P	196
g1_lUHdUw6qHZRxduj2M8D8LF6nx00z1ZHu5g5_PgootiM	s1_q2swjTsnPEJ-bSWdR2VPYlR-1J7mKZrE4_8I2m8i1aQ	1unPqK	qadv-arbiter-7x7-rust-lambda-v0.1.0	-	qadv-arbiter-7x7-rust-lambda-v0.1.0	-	D	P	196
g1_lUUSW__pCjLy5bP0E3u_-YpdMeuOxnWC2fIMfrhX42A	s1_flXyOBW6T9LLVDFIvXBGel1MoVNZcUcMFIJnB9yLapU	1umx4G	python-gnn-puct-reval30k-v0.1.0	sha256:6120be86fc469df71473c3de64e5e32f99694cd47d621fa5948f243dc51d3d21	python-gnn-puct-reval30k-v0.1.0	sha256:6120be86fc469df71473c3de64e5e32f99694cd47d621fa5948f243dc51d3d21	L	P	196
g1_lUXoR6JHoH8tEWtM-X4TX9uEmr11x9_V3g2oEAzN9rU	s1_Qmoz3nLvbLcY_1rcqMtpMJDvTQydhL5cxUNWV6EhpMY	1umwpf	qadv-arbiter-7x7-v0.1.0	sha256:8c548d06307572603b839755cc1e50393285365e10f82bcd90290ca65cd86266	qadv-arbiter-7x7-v0.1.0	sha256:8c548d06307572603b839755cc1e50393285365e10f82bcd90290ca65cd86266	L	P	196
g1_lUaVJEJTtqnphnbFJ3aYRCKYF2EHDONrpp6PqZX_qNI	s1_07Ag9CMQBinNqsoTCOlQPjPgRUG_uR_QOW4_XcPPdN8	1unNTA	qadv-arbiter-7x7-rust-lambda-v0.1.0	-	qadv-arbiter-7x7-rust-lambda-v0.1.0	-	L	P	196
g1_lUaVJEJTtqnphnbFJ3aYRCKYF2EHDONrpp6PqZX_qNI	s1_6BTvGdigaYeJDRlwjXI_F-vD8K7mVEFwWtliu0y5bYM	1unNTA	qadv-arbiter-7x7-rust-lambda-v0.1.0	-	qadv-arbiter-7x7-rust-lambda-v0.1.0	-	L	P	196
g1_lUaVJEJTtqnphnbFJ3aYRCKYF2EHDONrpp6PqZX_qNI	s1_RauLaTi4eVgYHSp2TV9pqs9uzTVv0B10g9TaHMWpcZ4	1unNTA	qadv-arbiter-7x7-rust-lambda-v0.1.0	-	qadv-arbiter-7x7-rust-lambda-v0.1.0	-	L	P	-
g1_lUaVJEJTtqnphnbFJ3aYRCKYF2EHDONrpp6PqZX_qNI	s1_RhXKGpzHzr4BNLNuvzIX4Z246A6h0ainvLkRHo8eK0M	1unNTA	qadv-arbiter-7x7-rust-lambda-v0.1.0	-	qadv-arbiter-7x7-rust-lambda-v0.1.0	-	L	P	196
g1_lUgBEnOPbuhcwPoSuxfIqJSmVDeQkwgJ8T-RDsqWVcA	s1_RauLaTi4eVgYHSp2TV9pqs9uzTVv0B10g9TaHMWpcZ4	1unN8r	qadv-arbiter-7x7-rust-lambda-v0.1.0	-	qadv-arbiter-7x7-rust-lambda-v0.1.0	-	D	P	-
g1_lUgBEnOPbuhcwPoSuxfIqJSmVDeQkwgJ8T-RDsqWVcA	s1_WLFVYxfxvOKw_05SdSeiahhlAvnr4OkjlXsjTUFcfEE	1unN8r	qadv-arbiter-7x7-rust-lambda-v0.1.0	-	qadv-arbiter-7x7-rust-lambda-v0.1.0	-	D	P	196
g1_lUgBEnOPbuhcwPoSuxfIqJSmVDeQkwgJ8T-RDsqWVcA	s1_cjZupoRfN9RP4dSStSQxqFXLy2xsu-PQ0rHcl5Y0qK8	1unN8r	qadv-arbiter-7x7-rust-lambda-v0.1.0	-	qadv-arbiter-7x7-rust-lambda-v0.1.0	-	D	P	196
g1_lUgBEnOPbuhcwPoSuxfIqJSmVDeQkwgJ8T-RDsqWVcA	s1_oiZa0iKJgt09XOmuEuWhQorKfjcYduQn6eD7nk5YRe4	1unN8r	qadv-arbiter-7x7-rust-lambda-v0.1.0	-	qadv-arbiter-7x7-rust-lambda-v0.1.0	-	D	P	196
g1_lUl0RftkMzt0MWYH6hTGj78EfAenaFj_0RRK_ga95Ls	s1_2FtaP75xgRVTNrUvmC0NIesJCNy8IDFJ05WNM4nUnpg	1unR9x	coin-flip-v0.0.1	-	qadv-arbiter-7x7-v0.1.0	-	D	P	196
g1_lUl0RftkMzt0MWYH6hTGj78EfAenaFj_0RRK_ga95Ls	s1_RauLaTi4eVgYHSp2TV9pqs9uzTVv0B10g9TaHMWpcZ4	1unR9x	coin-flip-v0.0.1	-	qadv-arbiter-7x7-v0.1.0	-	D	P	-
g1_lUl0RftkMzt0MWYH6hTGj78EfAenaFj_0RRK_ga95Ls	s1__kCp_4tnhHnbByTBHKuWEfdC47AdJi7ByMF7PhMNdpo	1unR9x	coin-flip-v0.0.1	-	qadv-arbiter-7x7-v0.1.0	-	D	P	196
g1_lUl0RftkMzt0MWYH6hTGj78EfAenaFj_0RRK_ga95Ls	s1_alBWj1HJUTen9aGl8KSVAGtnFP5V7G4_9WMFyBMQX2I	1unR9x	coin-flip-v0.0.1	-	qadv-arbiter-7x7-v0.1.0	-	D	P	196
g1_lUoakBdimXhVDXDqL40RYGWjjFUXUX5w8BODxocUqsw	s1_O3cuwuia8XT9TI7Nxr3tRcajOA20XFHEIT2fYX3WizY	1un84-	qadv-arbiter-guided-7x7-v0.2.0	sha256:9c0e5e530df7db77a98f6a2e75fe63a6f629c6ad6563e0b5454793ebc243b14d	lunatic-v0.1.0	-	L	P	196
g1_lUoakBdimXhVDXDqL40RYGWjjFUXUX5w8BODxocUqsw	s1_drwWHr88n5PHYXIJGnKpx-y8JqbXQRDIoBOZBq51V9A	1un84-	qadv-arbiter-guided-7x7-v0.2.0	sha256:9c0e5e530df7db77a98f6a2e75fe63a6f629c6ad6563e0b5454793ebc243b14d	lunatic-v0.1.0	-	L	P	196
g1_lUoakBdimXhVDXDqL40RYGWjjFUXUX5w8BODxocUqsw	s1_uNE2RRSas7wVxrbKCpysvoEzwr-UauUp2QWOY6qQOQ8	1un84-	qadv-arbiter-guided-7x7-v0.2.0	sha256:9c0e5e530df7db77a98f6a2e75fe63a6f629c6ad6563e0b5454793ebc243b14d	lunatic-v0.1.0	-	L	P	196
g1_lUu45YaehOLauyBt2cjcFe3E_sa79HkQGOb7bhVFVsg	s1__fmnSv6OnZklVvMPUjPdL6drtvfrJptRYX3nxZQO8jI	1umxtr	python-gnn-puct-scout-v0.1.0	sha256:b9f80706cc1f29076ee06fe06483697c749148a808c599579045d00a52573938	python-gnn-puct-scout-v0.1.0	sha256:b9f80706cc1f29076ee06fe06483697c749148a808c599579045d00a52573938	D	P	196
g1_lUwdlXIQl5_I9Y_e_epYBeAKQdk4hdQVvgc4Sm0OdQo	s1__fmnSv6OnZklVvMPUjPdL6drtvfrJptRYX3nxZQO8jI	1umxuF	python-gnn-puct-scout-v0.1.0	sha256:b9f80706cc1f29076ee06fe06483697c749148a808c599579045d00a52573938	python-gnn-puct-scout-v0.1.0	sha256:b9f80706cc1f29076ee06fe06483697c749148a808c599579045d00a52573938	L	P	196
g1_lUxgn6qMkVwHQRZ5fdAxgPhjj27mTIIGAu3Vo7_j0dM	s1_1av6nXQkq-GSHXfjkVlGHGpAq8F9UbW4JwZmyFA-vww	1umxKU	gnn-warmstart-7x7	sha256:e000d50619c0241c30efdd1f5adb7a8b738c66859d33c3443c52a20f56fcc13a	cnn-baseline-7x7	sha256:f4969554372b34d9773382cf5cd8e3f20890ccedfb1e6c685984c6c94fbb6203	L	P	196
g1_lUxgn6qMkVwHQRZ5fdAxgPhjj27mTIIGAu3Vo7_j0dM	s1_Brk0hkuJoH-MBjdd53AO5tlWcOgDWV_R0PO74fHGd_0	1umxKU	gnn-warmstart-7x7	sha256:e000d50619c0241c30efdd1f5adb7a8b738c66859d33c3443c52a20f56fcc13a	cnn-baseline-7x7	sha256:f4969554372b34d9773382cf5cd8e3f20890ccedfb1e6c685984c6c94fbb6203	L	P	196
g1_lUxgn6qMkVwHQRZ5fdAxgPhjj27mTIIGAu3Vo7_j0dM	s1_dcEgf_s_8JfAgzbYFm9Z15BWrFU6bsc6MzE1gZNvlP4	1umxKU	gnn-warmstart-7x7	sha256:e000d50619c0241c30efdd1f5adb7a8b738c66859d33c3443c52a20f56fcc13a	cnn-baseline-7x7	sha256:f4969554372b34d9773382cf5cd8e3f20890ccedfb1e6c685984c6c94fbb6203	L	P	196
g1_lV8cHhXLE65SmCp2eYcKH3MrmQmfxqtIKv1uFpAdUUA	s1_1s1DZY6wA7r7llDl3kX14PkZ8yQmpx_x-BEv2gXvEdU	1unN6s	qadv-arbiter-7x7-rust-lambda-v0.1.0	-	qadv-arbiter-7x7-rust-lambda-v0.1.0	-	L	P	196
g1_lV8cHhXLE65SmCp2eYcKH3MrmQmfxqtIKv1uFpAdUUA	s1_P-x3dOguUrkXohqCrF_EXCIjAj6ZAzE0vZZQfnF-7jY	1unN6s	qadv-arbiter-7x7-rust-lambda-v0.1.0	-	qadv-arbiter-7x7-rust-lambda-v0.1.0	-	L	P	196
g1_lV8cHhXLE65SmCp2eYcKH3MrmQmfxqtIKv1uFpAdUUA	s1_RauLaTi4eVgYHSp2TV9pqs9uzTVv0B10g9TaHMWpcZ4	1unN6s	qadv-arbiter-7x7-rust-lambda-v0.1.0	-	qadv-arbiter-7x7-rust-lambda-v0.1.0	-	L	P	-
g1_lV8cHhXLE65SmCp2eYcKH3MrmQmfxqtIKv1uFpAdUUA	s1_iUK5g5U4Vmrcs0MrUDU8PCeGH_RvfJur3PQGSHgAzss	1unN6s	qadv-arbiter-7x7-rust-lambda-v0.1.0	-	qadv-arbiter-7x7-rust-lambda-v0.1.0	-	L	P	196
g1_lVZSaz7MC6tAF5_aLto6vV0DabXWJgjRbMGtfaXy4_Q	s1_MXsmCgSJAuxBj7JYYIOrRgMQq9mI0ID1eGS1pDoftzA	1un3i7	pathfinder-v0.3.0	-	qadv-arbiter-guided-7x7-v0.2.0	sha256:9c0e5e530df7db77a98f6a2e75fe63a6f629c6ad6563e0b5454793ebc243b14d	D	P	196
g1_lVZSaz7MC6tAF5_aLto6vV0DabXWJgjRbMGtfaXy4_Q	s1_O3cuwuia8XT9TI7Nxr3tRcajOA20XFHEIT2fYX3WizY	1un3h9	pathfinder-v0.3.0	-	qadv-arbiter-guided-7x7-v0.2.0	sha256:9c0e5e530df7db77a98f6a2e75fe63a6f629c6ad6563e0b5454793ebc243b14d	D	P	196
g1_lVZSaz7MC6tAF5_aLto6vV0DabXWJgjRbMGtfaXy4_Q	s1_TYXHQvjQZ2GJ5isdonJSbQODrFXbVToE7ZA6YAiW1Sw	1un3h9	pathfinder-v0.3.0	-	qadv-arbiter-guided-7x7-v0.2.0	sha256:9c0e5e530df7db77a98f6a2e75fe63a6f629c6ad6563e0b5454793ebc243b14d	D	P	196
g1_lVZSaz7MC6tAF5_aLto6vV0DabXWJgjRbMGtfaXy4_Q	s1_TYXHQvjQZ2GJ5isdonJSbQODrFXbVToE7ZA6YAiW1Sw	1un3i7	pathfinder-v0.3.0	-	qadv-arbiter-guided-7x7-v0.2.0	sha256:9c0e5e530df7db77a98f6a2e75fe63a6f629c6ad6563e0b5454793ebc243b14d	D	P	196
g1_lVZSaz7MC6tAF5_aLto6vV0DabXWJgjRbMGtfaXy4_Q	s1_uwbLtYhCIY1sqGt_H5JQsCHIctNBX0e3jgQb5Bvcxzo	1un3h9	pathfinder-v0.3.0	-	qadv-arbiter-guided-7x7-v0.2.0	sha256:9c0e5e530df7db77a98f6a2e75fe63a6f629c6ad6563e0b5454793ebc243b14d	D	P	196
g1_lVZSaz7MC6tAF5_aLto6vV0DabXWJgjRbMGtfaXy4_Q	s1_uwbLtYhCIY1sqGt_H5JQsCHIctNBX0e3jgQb5Bvcxzo	1un3i7	pathfinder-v0.3.0	-	qadv-arbiter-guided-7x7-v0.2.0	sha256:9c0e5e530df7db77a98f6a2e75fe63a6f629c6ad6563e0b5454793ebc243b14d	D	P	196
g1_lVdskIX9Y07gVCNBPx-7VawjeP3K9i9M0IBVUwu0DSY	s1_AB1ZNQTZV6wd_kPWPjfm9tV4q_ChNrhKwWoKaSLoscA	1unNFG	qadv-arbiter-7x7-rust-lambda-v0.1.0	-	qadv-arbiter-7x7-rust-lambda-v0.1.0	-	D	P	196
g1_lVdskIX9Y07gVCNBPx-7VawjeP3K9i9M0IBVUwu0DSY	s1_RauLaTi4eVgYHSp2TV9pqs9uzTVv0B10g9TaHMWpcZ4	1unNFG	qadv-arbiter-7x7-rust-lambda-v0.1.0	-	qadv-arbiter-7x7-rust-lambda-v0.1.0	-	D	P	-
g1_lVdskIX9Y07gVCNBPx-7VawjeP3K9i9M0IBVUwu0DSY	s1_Rt9r9wpWf7MEN0kXA_TVuuTieuukC_pTwO2VqV6RvhU	1unNFG	qadv-arbiter-7x7-rust-lambda-v0.1.0	-	qadv-arbiter-7x7-rust-lambda-v0.1.0	-	D	P	196
g1_lVdskIX9Y07gVCNBPx-7VawjeP3K9i9M0IBVUwu0DSY	s1_pN7DyqbBZCfGicSSxwSKdl5X5ABcqNJOd5P2AlwZxrw	1unNFG	qadv-arbiter-7x7-rust-lambda-v0.1.0	-	qadv-arbiter-7x7-rust-lambda-v0.1.0	-	D	P	196
g1_lVg-Z4S25wgw_EyoiVrgjPVA9NFrELzETMKdbDssWZo	s1_BplgEe6s02bgeTulT2-kiiNjodelEXDgdUZoVr3feZA	1umwBB	rust-pathfinder-v0.3.0	-	rust-pathfinder-onnx-sorter-v0.1.0	-	L	P	120
g1_lVi6h3Y4fmycBm21D-bxtJWCSBsEHuKZKSu1W221OM0	s1_I43G5iBvRGwMEGuOoAPxXTWfmCgQmC9SxzT8_McF9pI	1unPrj	qadv-arbiter-7x7-rust-lambda-v0.1.0	-	qadv-arbiter-7x7-rust-lambda-v0.1.0	-	D	P	196
g1_lVi6h3Y4fmycBm21D-bxtJWCSBsEHuKZKSu1W221OM0	s1_RauLaTi4eVgYHSp2TV9pqs9uzTVv0B10g9TaHMWpcZ4	1unPrj	qadv-arbiter-7x7-rust-lambda-v0.1.0	-	qadv-arbiter-7x7-rust-lambda-v0.1.0	-	D	P	-
g1_lVi6h3Y4fmycBm21D-bxtJWCSBsEHuKZKSu1W221OM0	s1_XQfXFeSaUhDopUEw1qTvJC-tm5Y8ULEe6MSCIzk-uCE	1unPrj	qadv-arbiter-7x7-rust-lambda-v0.1.0	-	qadv-arbiter-7x7-rust-lambda-v0.1.0	-	D	P	196
g1_lVi6h3Y4fmycBm21D-bxtJWCSBsEHuKZKSu1W221OM0	s1_eFfidpLJvSEBEC33A7tmGPsSs2NRQjNMyjV8wJ3gIPs	1unPrj	qadv-arbiter-7x7-rust-lambda-v0.1.0	-	qadv-arbiter-7x7-rust-lambda-v0.1.0	-	D	P	196
g1_lVxozTtb6mS5SDzoSUqXC4aktpe0o_yGPSEVSqvFyn8	s1_O3cuwuia8XT9TI7Nxr3tRcajOA20XFHEIT2fYX3WizY	1un2yC	qadv-arbiter-guided-7x7-v0.2.0	sha256:9c0e5e530df7db77a98f6a2e75fe63a6f629c6ad6563e0b5454793ebc243b14d	pathfinder-v0.3.0	-	D	P	196
g1_lVxozTtb6mS5SDzoSUqXC4aktpe0o_yGPSEVSqvFyn8	s1_k3puRqE8NWPGwCDwvbob-P5fduhbfDZ6XxhZ6wUA4ks	1un2yC	qadv-arbiter-guided-7x7-v0.2.0	sha256:9c0e5e530df7db77a98f6a2e75fe63a6f629c6ad6563e0b5454793ebc243b14d	pathfinder-v0.3.0	-	D	P	196
g1_lVxozTtb6mS5SDzoSUqXC4aktpe0o_yGPSEVSqvFyn8	s1_mcsGXC-XA63nqAx5kv-Q-y_EhXTqBFQ1AHeiXTSbYQk	1un2yC	qadv-arbiter-guided-7x7-v0.2.0	sha256:9c0e5e530df7db77a98f6a2e75fe63a6f629c6ad6563e0b5454793ebc243b14d	pathfinder-v0.3.0	-	D	P	196
g1_lW1GFQPm5S5IxnAi1_-OFlcfzewDKWNNgUVTLvURjI8	s1_BAKkHHwxWCHfR1r-KNK4jgDGSAbnA0S8Uog7OAUoDR0	1unPPR	qadv-arbiter-7x7-rust-lambda-v0.1.0	-	qadv-arbiter-7x7-rust-lambda-v0.1.0	-	D	P	196
g1_lW1GFQPm5S5IxnAi1_-OFlcfzewDKWNNgUVTLvURjI8	s1_RauLaTi4eVgYHSp2TV9pqs9uzTVv0B10g9TaHMWpcZ4	1unPPR	qadv-arbiter-7x7-rust-lambda-v0.1.0	-	qadv-arbiter-7x7-rust-lambda-v0.1.0	-	D	P	-
g1_lW1GFQPm5S5IxnAi1_-OFlcfzewDKWNNgUVTLvURjI8	s1_TnwZKefXjY3v0bfQ-oeMAUf3oVqXs92gaNw79xHU5dE	1unPPR	qadv-arbiter-7x7-rust-lambda-v0.1.0	-	qadv-arbiter-7x7-rust-lambda-v0.1.0	-	D	P	196
g1_lW1GFQPm5S5IxnAi1_-OFlcfzewDKWNNgUVTLvURjI8	s1_gMStYXugggijEwv_xc8A2LkDmr51-5b2U5Jz4SRbSBA	1unPPR	qadv-arbiter-7x7-rust-lambda-v0.1.0	-	qadv-arbiter-7x7-rust-lambda-v0.1.0	-	D	P	196
g1_lWMdPUCSI7EoyKkF1lH4U0KV9CRw5nxpivtwqy7ezJE	s1_3WNFDK5to_j-XkwrbPCluGXfyRNLGj0vrdUhbYWUIdE	1unM9E	qadv-arbiter-7x7-rust-lambda-v0.1.0	-	qadv-arbiter-7x7-rust-lambda-v0.1.0	-	L	P	196
g1_lWMdPUCSI7EoyKkF1lH4U0KV9CRw5nxpivtwqy7ezJE	s1_A8Zrm0LzQookXCXR5LkF04UoAvvyTDAejRiVNYXOOfI	1unM9E	qadv-arbiter-7x7-rust-lambda-v0.1.0	-	qadv-arbiter-7x7-rust-lambda-v0.1.0	-	L	P	196
g1_lWMdPUCSI7EoyKkF1lH4U0KV9CRw5nxpivtwqy7ezJE	s1_PinLZvdIWYgrfskT33hjip6BnFBh6ZFN9vryVAebHYg	1unM9E	qadv-arbiter-7x7-rust-lambda-v0.1.0	-	qadv-arbiter-7x7-rust-lambda-v0.1.0	-	L	P	196
g1_lWMdPUCSI7EoyKkF1lH4U0KV9CRw5nxpivtwqy7ezJE	s1_RauLaTi4eVgYHSp2TV9pqs9uzTVv0B10g9TaHMWpcZ4	1unM9E	qadv-arbiter-7x7-rust-lambda-v0.1.0	-	qadv-arbiter-7x7-rust-lambda-v0.1.0	-	L	P	-
g1_lWQHAlzLJXMqcnkj62RmDBqQcrzWbFKVk3QmoYXFItU	s1_RauLaTi4eVgYHSp2TV9pqs9uzTVv0B10g9TaHMWpcZ4	1unNWS	qadv-arbiter-7x7-rust-lambda-v0.1.0	-	qadv-arbiter-7x7-rust-lambda-v0.1.0	-	D	P	-
g1_lWQHAlzLJXMqcnkj62RmDBqQcrzWbFKVk3QmoYXFItU	s1_d0XC_k0lWKzOI-Yq8cB_icun5EmdpesyhiXFxHtry6I	1unNWS	qadv-arbiter-7x7-rust-lambda-v0.1.0	-	qadv-arbiter-7x7-rust-lambda-v0.1.0	-	D	P	196
g1_lWQHAlzLJXMqcnkj62RmDBqQcrzWbFKVk3QmoYXFItU	s1_eTb5GBlX_Pr6TOY5IjIwX7jx6KPcUIwo9oCI27NnaqI	1unNWS	qadv-arbiter-7x7-rust-lambda-v0.1.0	-	qadv-arbiter-7x7-rust-lambda-v0.1.0	-	D	P	196
g1_lWQHAlzLJXMqcnkj62RmDBqQcrzWbFKVk3QmoYXFItU	s1_zRGWSQGIy2JbKW4rakQUs75euhW67o-d-mIV1HoX6ec	1unNWS	qadv-arbiter-7x7-rust-lambda-v0.1.0	-	qadv-arbiter-7x7-rust-lambda-v0.1.0	-	D	P	196
g1_lWbJ4Or_RvRdfe5GIb7yAZK-tFZC_WARt1QUkvArwx4	s1_LT59JE9DTnj-J6N94AQPY1vuSJ14JLjCETTGdjviguM	1unPPC	qadv-arbiter-7x7-rust-lambda-v0.1.0	-	qadv-arbiter-7x7-rust-lambda-v0.1.0	-	D	P	196
g1_lWbJ4Or_RvRdfe5GIb7yAZK-tFZC_WARt1QUkvArwx4	s1_RauLaTi4eVgYHSp2TV9pqs9uzTVv0B10g9TaHMWpcZ4	1unPPC	qadv-arbiter-7x7-rust-lambda-v0.1.0	-	qadv-arbiter-7x7-rust-lambda-v0.1.0	-	D	P	-
g1_lWbJ4Or_RvRdfe5GIb7yAZK-tFZC_WARt1QUkvArwx4	s1_jG-sUj_9dmGI_cRi5ffo3O4FCeJ5xyL9nteEmfYihIg	1unPPC	qadv-arbiter-7x7-rust-lambda-v0.1.0	-	qadv-arbiter-7x7-rust-lambda-v0.1.0	-	D	P	196
g1_lWbJ4Or_RvRdfe5GIb7yAZK-tFZC_WARt1QUkvArwx4	s1_jfpr7ptljDFaV0zg_S1HeGDRE-8YPkIyPpMgDFZwd8A	1unPPC	qadv-arbiter-7x7-rust-lambda-v0.1.0	-	qadv-arbiter-7x7-rust-lambda-v0.1.0	-	D	P	196
g1_lWckq4V0xwjQ2m-nfMFe3c2xcBthTbJjkL1CZN-40QI	s1_qtlitMa-GGx-0y2heoyNRonYXf1Dq5epTexnVe9Iqtw	1umxhD	python-gnn-puct-learner-v0.1.0	sha256:ab0f739cd33d66781faf60e27797c5ccba3c04ba684f8d9e32e9c2754f4e8956	python-gnn-puct-learner-v0.1.0	sha256:ab0f739cd33d66781faf60e27797c5ccba3c04ba684f8d9e32e9c2754f4e8956	D	P	196
g1_lWhlQG95SML7kWc5QxiSHhP8F5Pocxo5fa2GcACmy_s	s1_DUOCiYN26Kj2fvgSr1OJr_LRwWQWaKZpwxngkuhDaDQ	1unLnz	qadv-arbiter-7x7-rust-lambda-v0.1.0	-	qadv-arbiter-7x7-rust-lambda-v0.1.0	-	D	P	196
g1_lWhlQG95SML7kWc5QxiSHhP8F5Pocxo5fa2GcACmy_s	s1_DnehKLsjPdO5U8jIAoKYbUFKOvwqCESbFf9g74bVVIQ	1unLnz	qadv-arbiter-7x7-rust-lambda-v0.1.0	-	qadv-arbiter-7x7-rust-lambda-v0.1.0	-	D	P	196
g1_lWhlQG95SML7kWc5QxiSHhP8F5Pocxo5fa2GcACmy_s	s1_RauLaTi4eVgYHSp2TV9pqs9uzTVv0B10g9TaHMWpcZ4	1unLnz	qadv-arbiter-7x7-rust-lambda-v0.1.0	-	qadv-arbiter-7x7-rust-lambda-v0.1.0	-	D	P	-
g1_lWhlQG95SML7kWc5QxiSHhP8F5Pocxo5fa2GcACmy_s	s1_hkTN0x7hsTdlEIKsfWTaHXOTGb3anx_a9-KCkkQgtbU	1unLnz	qadv-arbiter-7x7-rust-lambda-v0.1.0	-	qadv-arbiter-7x7-rust-lambda-v0.1.0	-	D	P	196
g1_lWiXIDrydqfwerlL1Nke9Yn5EK5QZqXFWMTZqKKDMKc	s1_06qhLwUjUqsDdNTnvSjB8CACRiifAag7ou31HArmedw	1unMAS	qadv-arbiter-7x7-rust-lambda-v0.1.0	-	qadv-arbiter-7x7-rust-lambda-v0.1.0	-	D	P	196
g1_lWiXIDrydqfwerlL1Nke9Yn5EK5QZqXFWMTZqKKDMKc	s1_9aqH0SRtGfS26RlNvg6dHWHi67x1msIGaVGIun2qE9Q	1unMAS	qadv-arbiter-7x7-rust-lambda-v0.1.0	-	qadv-arbiter-7x7-rust-lambda-v0.1.0	-	D	P	196
g1_lWiXIDrydqfwerlL1Nke9Yn5EK5QZqXFWMTZqKKDMKc	s1_JNEcUCbuJh4LVD_AfUzggIj9iiDf8mwTcHpJDNGt9Cs	1unMAS	qadv-arbiter-7x7-rust-lambda-v0.1.0	-	qadv-arbiter-7x7-rust-lambda-v0.1.0	-	D	P	196
g1_lWiXIDrydqfwerlL1Nke9Yn5EK5QZqXFWMTZqKKDMKc	s1_RauLaTi4eVgYHSp2TV9pqs9uzTVv0B10g9TaHMWpcZ4	1unMAS	qadv-arbiter-7x7-rust-lambda-v0.1.0	-	qadv-arbiter-7x7-rust-lambda-v0.1.0	-	D	P	-
g1_lWoxYHacTi2fNsk25wSbKPbfI8y_F36NEw6yyhvaHcM	s1_Qmoz3nLvbLcY_1rcqMtpMJDvTQydhL5cxUNWV6EhpMY	1umwuB	qadv-arbiter-7x7-v0.1.0	sha256:8c548d06307572603b839755cc1e50393285365e10f82bcd90290ca65cd86266	qadv-arbiter-7x7-v0.1.0	sha256:8c548d06307572603b839755cc1e50393285365e10f82bcd90290ca65cd86266	D	P	196
g1_lWqkMIPVdtflgAxDMsnbKpe3-URbwk98AwMPUUBQ7Og	s1__fmnSv6OnZklVvMPUjPdL6drtvfrJptRYX3nxZQO8jI	1umxrG	python-gnn-puct-scout-v0.1.0	sha256:b9f80706cc1f29076ee06fe06483697c749148a808c599579045d00a52573938	python-gnn-puct-scout-v0.1.0	sha256:b9f80706cc1f29076ee06fe06483697c749148a808c599579045d00a52573938	L	P	196
g1_lX3OztaXeImnLl4T-qOYaG-0PZUYs5OtnP79ynK8IyQ	s1_HCcN9DoGb-F6-DWsYUbvtBbd4mYnzNr0wdpZud8Eytc	1unMON	qadv-arbiter-7x7-rust-lambda-v0.1.0	-	qadv-arbiter-7x7-rust-lambda-v0.1.0	-	D	P	196
g1_lX3OztaXeImnLl4T-qOYaG-0PZUYs5OtnP79ynK8IyQ	s1_RauLaTi4eVgYHSp2TV9pqs9uzTVv0B10g9TaHMWpcZ4	1unMON	qadv-arbiter-7x7-rust-lambda-v0.1.0	-	qadv-arbiter-7x7-rust-lambda-v0.1.0	-	D	P	-
g1_lX3OztaXeImnLl4T-qOYaG-0PZUYs5OtnP79ynK8IyQ	s1_zOXBR2RgClym1Ih7etlBOrlfR2bhZpWcPuK4RKMS3Zw	1unMON	qadv-arbiter-7x7-rust-lambda-v0.1.0	-	qadv-arbiter-7x7-rust-lambda-v0.1.0	-	D	P	196
g1_lX3OztaXeImnLl4T-qOYaG-0PZUYs5OtnP79ynK8IyQ	s1_zS-xEq8q8A6w6WTglQ7KG8p9LbI6KP9UgCNHUI_Hohg	1unMON	qadv-arbiter-7x7-rust-lambda-v0.1.0	-	qadv-arbiter-7x7-rust-lambda-v0.1.0	-	D	P	196
g1_lX4HiSCfJxMtGUJ48GLgp2bfUZyWYJgeRI_NvP5IRy8	s1_-OKlJXuPFfAnukwGYITjiU7XKL4OC_qt76PC0TZSPjg	1umvfD	python-cnn-puct-v0.1.0	sha256:7845e9b7687beee165dc36b8d21833b7a8b5a83e31b58b49bd05c277ba26e642	python-cnn-puct-v0.1.0	sha256:7845e9b7687beee165dc36b8d21833b7a8b5a83e31b58b49bd05c277ba26e642	-	M	196
g1_lX4HiSCfJxMtGUJ48GLgp2bfUZyWYJgeRI_NvP5IRy8	s1_1av6nXQkq-GSHXfjkVlGHGpAq8F9UbW4JwZmyFA-vww	1umvfD	python-cnn-puct-v0.1.0	sha256:7845e9b7687beee165dc36b8d21833b7a8b5a83e31b58b49bd05c277ba26e642	python-cnn-puct-v0.1.0	sha256:7845e9b7687beee165dc36b8d21833b7a8b5a83e31b58b49bd05c277ba26e642	-	M	196
g1_lX4HiSCfJxMtGUJ48GLgp2bfUZyWYJgeRI_NvP5IRy8	s1_Brk0hkuJoH-MBjdd53AO5tlWcOgDWV_R0PO74fHGd_0	1umvfD	python-cnn-puct-v0.1.0	sha256:7845e9b7687beee165dc36b8d21833b7a8b5a83e31b58b49bd05c277ba26e642	python-cnn-puct-v0.1.0	sha256:7845e9b7687beee165dc36b8d21833b7a8b5a83e31b58b49bd05c277ba26e642	-	M	196
g1_lXCwICuDbsrvWiTzLKGbLQvRDOO3kR7Ji5ZRW04M_w4	s1_RauLaTi4eVgYHSp2TV9pqs9uzTVv0B10g9TaHMWpcZ4	1unLm1	qadv-arbiter-7x7-rust-lambda-v0.1.0	-	qadv-arbiter-7x7-rust-lambda-v0.1.0	-	L	P	-
g1_lXCwICuDbsrvWiTzLKGbLQvRDOO3kR7Ji5ZRW04M_w4	s1_hMFMfEHzzdeQr0UyDpbldrwuj2_SZa_YEAiJ1ELwRnA	1unLm1	qadv-arbiter-7x7-rust-lambda-v0.1.0	-	qadv-arbiter-7x7-rust-lambda-v0.1.0	-	L	P	196
g1_lXCwICuDbsrvWiTzLKGbLQvRDOO3kR7Ji5ZRW04M_w4	s1_rpotZktE6nxdim-I3u30h77UG8AdDtfXLmsjAB2qOtc	1unLm1	qadv-arbiter-7x7-rust-lambda-v0.1.0	-	qadv-arbiter-7x7-rust-lambda-v0.1.0	-	L	P	196
g1_lXCwICuDbsrvWiTzLKGbLQvRDOO3kR7Ji5ZRW04M_w4	s1_xKZ_7eiWa6kLj6wE_zhJGVO-bxB8Ew60c_2nMoLsOZ8	1unLm1	qadv-arbiter-7x7-rust-lambda-v0.1.0	-	qadv-arbiter-7x7-rust-lambda-v0.1.0	-	L	P	196
g1_lXPorNThwOICFz_Pz2erY0_q2KDhXQiWp2zNltSxkhU	s1_5vgf1cLYnQhJDxR9lSoHug1Tvr-5PLgAfkJMl8wvqIw	1unMWV	qadv-arbiter-7x7-rust-lambda-v0.1.0	-	qadv-arbiter-7x7-rust-lambda-v0.1.0	-	D	P	196
g1_lXPorNThwOICFz_Pz2erY0_q2KDhXQiWp2zNltSxkhU	s1_CXsrcOsS4CVKBhYvHf05TjXIYff1TruiMhEfZ_eUCNA	1unMWV	qadv-arbiter-7x7-rust-lambda-v0.1.0	-	qadv-arbiter-7x7-rust-lambda-v0.1.0	-	D	P	196
g1_lXPorNThwOICFz_Pz2erY0_q2KDhXQiWp2zNltSxkhU	s1_RauLaTi4eVgYHSp2TV9pqs9uzTVv0B10g9TaHMWpcZ4	1unMWV	qadv-arbiter-7x7-rust-lambda-v0.1.0	-	qadv-arbiter-7x7-rust-lambda-v0.1.0	-	D	P	-
g1_lXPorNThwOICFz_Pz2erY0_q2KDhXQiWp2zNltSxkhU	s1_e4pifeK4-54hvILGfr_fC-z5Uvxga7fdundjm_0bRN0	1unMWV	qadv-arbiter-7x7-rust-lambda-v0.1.0	-	qadv-arbiter-7x7-rust-lambda-v0.1.0	-	D	P	196
g1_lXZ5_Sn8u36RnL_luIJeISbYFM-coIXIBu6wdzsorbM	s1_WVg7aYYLIrw6_-2mI3jQ-DPcLO4gX2sPEEqWQb0DGQA	1umxOs	python-cnn-puct-reval30k-v0.1.0	sha256:eb2600a53e225a835455efdb2759c40e27c5cb3c16ab0688bc21b99290ed10ee	python-cnn-puct-reval30k-v0.1.0	sha256:eb2600a53e225a835455efdb2759c40e27c5cb3c16ab0688bc21b99290ed10ee	L	P	196
g1_lXZlQTA2JA7h1Fux00DI6NbhzLwLdl1B3iHGRC7aWWA	s1_Emg7d_Jf_PhuTZ0gxd1iR_zUYPBEZ8qEb6YnYdNHl5g	1un4R8	qadv-arbiter-guided-7x7-v0.2.0	sha256:9c0e5e530df7db77a98f6a2e75fe63a6f629c6ad6563e0b5454793ebc243b14d	pathfinder-v0.3.0	-	D	P	196
g1_lXZlQTA2JA7h1Fux00DI6NbhzLwLdl1B3iHGRC7aWWA	s1_O3cuwuia8XT9TI7Nxr3tRcajOA20XFHEIT2fYX3WizY	1un4R8	qadv-arbiter-guided-7x7-v0.2.0	sha256:9c0e5e530df7db77a98f6a2e75fe63a6f629c6ad6563e0b5454793ebc243b14d	pathfinder-v0.3.0	-	D	P	196
g1_lXZlQTA2JA7h1Fux00DI6NbhzLwLdl1B3iHGRC7aWWA	s1_ZOg1lHiJ11bzDL4dNav6NXvvd0QkRLVHDFSDTYXUvpw	1un4R8	qadv-arbiter-guided-7x7-v0.2.0	sha256:9c0e5e530df7db77a98f6a2e75fe63a6f629c6ad6563e0b5454793ebc243b14d	pathfinder-v0.3.0	-	D	P	196
g1_lXglkZ8xje5B6RTnvdWOkkMfQd_ttQ4XiQnH2nIZmdQ	s1_WVg7aYYLIrw6_-2mI3jQ-DPcLO4gX2sPEEqWQb0DGQA	1umxH2	python-cnn-puct-reval30k-v0.1.0	sha256:eb2600a53e225a835455efdb2759c40e27c5cb3c16ab0688bc21b99290ed10ee	python-cnn-puct-reval30k-v0.1.0	sha256:eb2600a53e225a835455efdb2759c40e27c5cb3c16ab0688bc21b99290ed10ee	L	P	196
g1_lXvM6aum48OBJtYHlobIKDLj-YuiZeTQ3ttDIXMN3_Y	s1_O3cuwuia8XT9TI7Nxr3tRcajOA20XFHEIT2fYX3WizY	1un67F	gnn-reval30k-7x7	sha256:7f41dbe135649d1116a0914bc0358a5ffae95749195ec20dd972035bbbea52f7	qadv-arbiter-guided-7x7-v0.2.0	sha256:9c0e5e530df7db77a98f6a2e75fe63a6f629c6ad6563e0b5454793ebc243b14d	L	P	196
g1_lXvM6aum48OBJtYHlobIKDLj-YuiZeTQ3ttDIXMN3_Y	s1_kxcCOPI6kb3Yfxj3JAw9tOeotFWkcd3kTNwqviSbgzw	1un67F	gnn-reval30k-7x7	sha256:7f41dbe135649d1116a0914bc0358a5ffae95749195ec20dd972035bbbea52f7	qadv-arbiter-guided-7x7-v0.2.0	sha256:9c0e5e530df7db77a98f6a2e75fe63a6f629c6ad6563e0b5454793ebc243b14d	L	P	196
g1_lXvM6aum48OBJtYHlobIKDLj-YuiZeTQ3ttDIXMN3_Y	s1_nUa3ws3Gs99-zHf-hPvDSLVlIEJGXiOY79LgG2mno4c	1un67F	gnn-reval30k-7x7	sha256:7f41dbe135649d1116a0914bc0358a5ffae95749195ec20dd972035bbbea52f7	qadv-arbiter-guided-7x7-v0.2.0	sha256:9c0e5e530df7db77a98f6a2e75fe63a6f629c6ad6563e0b5454793ebc243b14d	L	P	196
g1_lY3kdBQ5L8xARk3Bj1jZsOhtN3chFWIqSXLI6zlEJQg	s1_PDD03emVKmJXS6E2m7Kt7EDYOte7phLkzcQGGVyWPBE	1unLo-	qadv-arbiter-7x7-rust-lambda-v0.1.0	-	qadv-arbiter-7x7-rust-lambda-v0.1.0	-	D	P	196
g1_lY3kdBQ5L8xARk3Bj1jZsOhtN3chFWIqSXLI6zlEJQg	s1_RauLaTi4eVgYHSp2TV9pqs9uzTVv0B10g9TaHMWpcZ4	1unLo-	qadv-arbiter-7x7-rust-lambda-v0.1.0	-	qadv-arbiter-7x7-rust-lambda-v0.1.0	-	D	P	-
g1_lY3kdBQ5L8xARk3Bj1jZsOhtN3chFWIqSXLI6zlEJQg	s1_Wlp71e-57YUoCjeHnNAri5Bu3JPTN8BH8eRq3Wsl83M	1unLo-	qadv-arbiter-7x7-rust-lambda-v0.1.0	-	qadv-arbiter-7x7-rust-lambda-v0.1.0	-	D	P	196
g1_lY3kdBQ5L8xARk3Bj1jZsOhtN3chFWIqSXLI6zlEJQg	s1_biMkjJOWYE3eySnefERoZ3VdpB73BiKt_FgVKphPbLs	1unLo-	qadv-arbiter-7x7-rust-lambda-v0.1.0	-	qadv-arbiter-7x7-rust-lambda-v0.1.0	-	D	P	196
g1_lY3sZQKiB6vwfXQLVhhg7D_a4g9rl7fnfvIGpUou-8s	s1_CInU6AKqAIX7hDTV9ZJwL9dSNkt0yuUng26fLLW13cg	1unPkj	qadv-arbiter-7x7-rust-lambda-v0.1.0	-	qadv-arbiter-7x7-rust-lambda-v0.1.0	-	L	P	196
g1_lY3sZQKiB6vwfXQLVhhg7D_a4g9rl7fnfvIGpUou-8s	s1_GTYID_SGM4dw5zvqceCIuQDI5Jh4hFBC-e7ze8e6lGM	1unPkj	qadv-arbiter-7x7-rust-lambda-v0.1.0	-	qadv-arbiter-7x7-rust-lambda-v0.1.0	-	L	P	196
g1_lY3sZQKiB6vwfXQLVhhg7D_a4g9rl7fnfvIGpUou-8s	s1_LWPK79Uj_49nFxRlhkJSr4Ifi3Pm631eAb52IqzKIDQ	1unPkj	qadv-arbiter-7x7-rust-lambda-v0.1.0	-	qadv-arbiter-7x7-rust-lambda-v0.1.0	-	L	P	196
g1_lY3sZQKiB6vwfXQLVhhg7D_a4g9rl7fnfvIGpUou-8s	s1_RauLaTi4eVgYHSp2TV9pqs9uzTVv0B10g9TaHMWpcZ4	1unPkj	qadv-arbiter-7x7-rust-lambda-v0.1.0	-	qadv-arbiter-7x7-rust-lambda-v0.1.0	-	L	P	-
g1_lYNOgf9fc5LZPhD4cOpPCTQfigIZc9i4zwlW_PhSuGU	s1_qtlitMa-GGx-0y2heoyNRonYXf1Dq5epTexnVe9Iqtw	1umxhe	python-gnn-puct-learner-v0.1.0	sha256:ab0f739cd33d66781faf60e27797c5ccba3c04ba684f8d9e32e9c2754f4e8956	python-gnn-puct-learner-v0.1.0	sha256:ab0f739cd33d66781faf60e27797c5ccba3c04ba684f8d9e32e9c2754f4e8956	D	P	196
g1_lYURQdmYwzAyYCxa_hDIJzYm4ZKCbc3iB53FhTwjhuQ	s1_2U6ljm0rXIRXmxFXgA_fTIi67VVICZxh6dVMFU2KCO0	1unO2X	qadv-arbiter-7x7-rust-lambda-v0.1.0	-	qadv-arbiter-7x7-rust-lambda-v0.1.0	-	D	P	196
g1_lYURQdmYwzAyYCxa_hDIJzYm4ZKCbc3iB53FhTwjhuQ	s1_J_w_OhFlD_DFBUXQUiCvV3l31qEHh01VaiiSqDw53Fo	1unO2X	qadv-arbiter-7x7-rust-lambda-v0.1.0	-	qadv-arbiter-7x7-rust-lambda-v0.1.0	-	D	P	196
g1_lYURQdmYwzAyYCxa_hDIJzYm4ZKCbc3iB53FhTwjhuQ	s1_RauLaTi4eVgYHSp2TV9pqs9uzTVv0B10g9TaHMWpcZ4	1unO2X	qadv-arbiter-7x7-rust-lambda-v0.1.0	-	qadv-arbiter-7x7-rust-lambda-v0.1.0	-	D	P	-
g1_lYURQdmYwzAyYCxa_hDIJzYm4ZKCbc3iB53FhTwjhuQ	s1_ou6G-GctscAWfIKzWQaxNgVZEAMwY4pjyFEJXsFV_X8	1unO2X	qadv-arbiter-7x7-rust-lambda-v0.1.0	-	qadv-arbiter-7x7-rust-lambda-v0.1.0	-	D	P	196
g1_lY_xvcfLCV66cFgQzbaBlimlmcqIZKyqnUvlrenSX5s	s1_RauLaTi4eVgYHSp2TV9pqs9uzTVv0B10g9TaHMWpcZ4	1unOUk	qadv-arbiter-7x7-rust-lambda-v0.1.0	-	qadv-arbiter-7x7-rust-lambda-v0.1.0	-	D	P	-
g1_lY_xvcfLCV66cFgQzbaBlimlmcqIZKyqnUvlrenSX5s	s1_j54yP_E7eoHYUtbXcD5IximY_eUUmhvIu3udNbzABfw	1unOUk	qadv-arbiter-7x7-rust-lambda-v0.1.0	-	qadv-arbiter-7x7-rust-lambda-v0.1.0	-	D	P	196
g1_lY_xvcfLCV66cFgQzbaBlimlmcqIZKyqnUvlrenSX5s	s1_nAXv9ccWncHnlP4-1E8MAPeFWmklIBWbzzINylmVYmA	1unOUk	qadv-arbiter-7x7-rust-lambda-v0.1.0	-	qadv-arbiter-7x7-rust-lambda-v0.1.0	-	D	P	196
g1_lY_xvcfLCV66cFgQzbaBlimlmcqIZKyqnUvlrenSX5s	s1_wMR_-2cLcPFOiTj8_Ry4feqrq3nKSI01sZEbTW49VoI	1unOUk	qadv-arbiter-7x7-rust-lambda-v0.1.0	-	qadv-arbiter-7x7-rust-lambda-v0.1.0	-	D	P	196
g1_lYdcIRzGAMTIgh4UvDsNW-PnJkdmMO9LsafK2Uv7v98	s1_RauLaTi4eVgYHSp2TV9pqs9uzTVv0B10g9TaHMWpcZ4	1unMk1	qadv-arbiter-7x7-rust-lambda-v0.1.0	-	qadv-arbiter-7x7-rust-lambda-v0.1.0	-	L	P	-
g1_lYdcIRzGAMTIgh4UvDsNW-PnJkdmMO9LsafK2Uv7v98	s1_RwhiOwbfdhYorYP5M5LUymgX55jr3p_G4owpIFjAeOA	1unMk1	qadv-arbiter-7x7-rust-lambda-v0.1.0	-	qadv-arbiter-7x7-rust-lambda-v0.1.0	-	L	P	196
g1_lYdcIRzGAMTIgh4UvDsNW-PnJkdmMO9LsafK2Uv7v98	s1__e4R-zvlkELMHxNEe9RmrBX4V2PWtl66a9IKeZEL9u8	1unMk1	qadv-arbiter-7x7-rust-lambda-v0.1.0	-	qadv-arbiter-7x7-rust-lambda-v0.1.0	-	L	P	196
g1_lYdcIRzGAMTIgh4UvDsNW-PnJkdmMO9LsafK2Uv7v98	s1_pid8rk8sSNSJSg4znB0Kibx3sBkJQ03DMo-6lB7CWv4	1unMk1	qadv-arbiter-7x7-rust-lambda-v0.1.0	-	qadv-arbiter-7x7-rust-lambda-v0.1.0	-	L	P	196
g1_lYwrPOdT6WcqBQDawIWHaN6stEkMJ91gvxH6zYkJfTw	s1_9LQvLWuRyx7ccvEFbfOrqCzDJxr3w-IHrigvMeut5Ik	1unLzi	qadv-arbiter-7x7-rust-lambda-v0.1.0	-	qadv-arbiter-7x7-rust-lambda-v0.1.0	-	L	P	196
g1_lYwrPOdT6WcqBQDawIWHaN6stEkMJ91gvxH6zYkJfTw	s1_OiQ6Z32I4QWVqi9nGNGzTwsshGvALYF7xq2nWmIH3WY	1unLzi	qadv-arbiter-7x7-rust-lambda-v0.1.0	-	qadv-arbiter-7x7-rust-lambda-v0.1.0	-	L	P	196
g1_lYwrPOdT6WcqBQDawIWHaN6stEkMJ91gvxH6zYkJfTw	s1_RauLaTi4eVgYHSp2TV9pqs9uzTVv0B10g9TaHMWpcZ4	1unLzi	qadv-arbiter-7x7-rust-lambda-v0.1.0	-	qadv-arbiter-7x7-rust-lambda-v0.1.0	-	L	P	-
g1_lYwrPOdT6WcqBQDawIWHaN6stEkMJ91gvxH6zYkJfTw	s1_akY85iJI8NPzzoer4Xb8GF9DjJYnMNYK51lco3dYGhE	1unLzi	qadv-arbiter-7x7-rust-lambda-v0.1.0	-	qadv-arbiter-7x7-rust-lambda-v0.1.0	-	L	P	196
g1_lYxP8k-pNUZUHo0nHJyzzIu2qH5qKceQ2XwWkL5Wnk0	s1_Qmoz3nLvbLcY_1rcqMtpMJDvTQydhL5cxUNWV6EhpMY	1umwrp	qadv-arbiter-7x7-v0.1.0	sha256:8c548d06307572603b839755cc1e50393285365e10f82bcd90290ca65cd86266	qadv-arbiter-7x7-v0.1.0	sha256:8c548d06307572603b839755cc1e50393285365e10f82bcd90290ca65cd86266	D	P	196
g1_lZ09WLgTfoavilJpuSK8F_fhoW_qzcmhW7zt1n3EHhM	s1_AS3ne8a-AkC3bpvjbjLggQwg6wWec88DwJhRSU5R18Y	1unMtW	qadv-arbiter-7x7-rust-lambda-v0.1.0	-	qadv-arbiter-7x7-rust-lambda-v0.1.0	-	L	P	196
g1_lZ09WLgTfoavilJpuSK8F_fhoW_qzcmhW7zt1n3EHhM	s1_OtE7oo6osiwvA2or3O3Ff7L1WBPovXhSl5xGgPbzMvE	1unMtW	qadv-arbiter-7x7-rust-lambda-v0.1.0	-	qadv-arbiter-7x7-rust-lambda-v0.1.0	-	L	P	196
g1_lZ09WLgTfoavilJpuSK8F_fhoW_qzcmhW7zt1n3EHhM	s1_RauLaTi4eVgYHSp2TV9pqs9uzTVv0B10g9TaHMWpcZ4	1unMtW	qadv-arbiter-7x7-rust-lambda-v0.1.0	-	qadv-arbiter-7x7-rust-lambda-v0.1.0	-	L	P	-
g1_lZ09WLgTfoavilJpuSK8F_fhoW_qzcmhW7zt1n3EHhM	s1_ThUqUtW3GG_VTh9VXLJpxl4T7KU0WGwuxL_-L3fnGjA	1unMtW	qadv-arbiter-7x7-rust-lambda-v0.1.0	-	qadv-arbiter-7x7-rust-lambda-v0.1.0	-	L	P	196
g1_lZ0d02hvq2PiH9v3b64yLJZ1ZtswzeMoZ6BgqiX_j6g	s1__fmnSv6OnZklVvMPUjPdL6drtvfrJptRYX3nxZQO8jI	1umxvI	python-gnn-puct-scout-v0.1.0	sha256:b9f80706cc1f29076ee06fe06483697c749148a808c599579045d00a52573938	python-gnn-puct-scout-v0.1.0	sha256:b9f80706cc1f29076ee06fe06483697c749148a808c599579045d00a52573938	D	P	196
g1_lZ75ayrwdQrcvJE7YEKF-C4Nvg4nT_tNh_MfkCCY22c	s1_1LB6NAgPOeCp4r8rQw4kUOIXWpEdWysFm5RZjWCQSgc	1umwcO	python-gnn-puct-learner-v0.1.0	sha256:ab0f739cd33d66781faf60e27797c5ccba3c04ba684f8d9e32e9c2754f4e8956	python-gnn-puct-learner-v0.1.0	sha256:ab0f739cd33d66781faf60e27797c5ccba3c04ba684f8d9e32e9c2754f4e8956	D	P	196
g1_lZ75ayrwdQrcvJE7YEKF-C4Nvg4nT_tNh_MfkCCY22c	s1_P4NHYhwuVnEA-dG2X-UVeVotb84A5mwljbYTlTMqr8w	1umwcO	python-gnn-puct-learner-v0.1.0	sha256:ab0f739cd33d66781faf60e27797c5ccba3c04ba684f8d9e32e9c2754f4e8956	python-gnn-puct-learner-v0.1.0	sha256:ab0f739cd33d66781faf60e27797c5ccba3c04ba684f8d9e32e9c2754f4e8956	D	P	196
g1_lZSd4NAdtPMPIooGF-GiVBL12mX9ybI306DzwxKiXto	s1_GLW-E0PYcDYXElF_Ibv-XKtzXdYKCySMz7s8bVR3r9o	1un5Ov	surveyor-v0.2.0	-	qadv-arbiter-guided-7x7-v0.2.0	sha256:9c0e5e530df7db77a98f6a2e75fe63a6f629c6ad6563e0b5454793ebc243b14d	D	P	196
g1_lZSd4NAdtPMPIooGF-GiVBL12mX9ybI306DzwxKiXto	s1_O3cuwuia8XT9TI7Nxr3tRcajOA20XFHEIT2fYX3WizY	1un5Ov	surveyor-v0.2.0	-	qadv-arbiter-guided-7x7-v0.2.0	sha256:9c0e5e530df7db77a98f6a2e75fe63a6f629c6ad6563e0b5454793ebc243b14d	D	P	196
g1_lZSd4NAdtPMPIooGF-GiVBL12mX9ybI306DzwxKiXto	s1_g6m_F25QA1x_rKWVwpeYFV6S7hZZaTfg60yuJczFcDc	1un5Ov	surveyor-v0.2.0	-	qadv-arbiter-guided-7x7-v0.2.0	sha256:9c0e5e530df7db77a98f6a2e75fe63a6f629c6ad6563e0b5454793ebc243b14d	D	P	196
g1_lZV9jlCnap0Tzem8RawYRODMBpO0RvY1U1kazsJ1yDc	s1_1av6nXQkq-GSHXfjkVlGHGpAq8F9UbW4JwZmyFA-vww	1umvKL	python-gnn-puct-learner-v0.1.0	sha256:ab0f739cd33d66781faf60e27797c5ccba3c04ba684f8d9e32e9c2754f4e8956	python-gnn-puct-learner-v0.1.0	sha256:ab0f739cd33d66781faf60e27797c5ccba3c04ba684f8d9e32e9c2754f4e8956	L	P	196
g1_lZV9jlCnap0Tzem8RawYRODMBpO0RvY1U1kazsJ1yDc	s1_Brk0hkuJoH-MBjdd53AO5tlWcOgDWV_R0PO74fHGd_0	1umvKL	python-gnn-puct-learner-v0.1.0	sha256:ab0f739cd33d66781faf60e27797c5ccba3c04ba684f8d9e32e9c2754f4e8956	python-gnn-puct-learner-v0.1.0	sha256:ab0f739cd33d66781faf60e27797c5ccba3c04ba684f8d9e32e9c2754f4e8956	L	P	196
g1_lZV9jlCnap0Tzem8RawYRODMBpO0RvY1U1kazsJ1yDc	s1_QBFUsDtxokERlDOdQkleYbPvhJ-vIp2qmp6DXjS-7oM	1umvKL	python-gnn-puct-learner-v0.1.0	sha256:ab0f739cd33d66781faf60e27797c5ccba3c04ba684f8d9e32e9c2754f4e8956	python-gnn-puct-learner-v0.1.0	sha256:ab0f739cd33d66781faf60e27797c5ccba3c04ba684f8d9e32e9c2754f4e8956	L	P	196
g1_lZXHKtDLYn2PZ9x5bIiVI5YLIWdDg3z7unPXqV3vh38	s1_QbcydPV95M2zg9hp4hTiGVKb3tEt40e42BTMKpft6AY	1unM5D	qadv-arbiter-7x7-rust-lambda-v0.1.0	-	qadv-arbiter-7x7-rust-lambda-v0.1.0	-	D	P	196
g1_lZXHKtDLYn2PZ9x5bIiVI5YLIWdDg3z7unPXqV3vh38	s1_RauLaTi4eVgYHSp2TV9pqs9uzTVv0B10g9TaHMWpcZ4	1unM5D	qadv-arbiter-7x7-rust-lambda-v0.1.0	-	qadv-arbiter-7x7-rust-lambda-v0.1.0	-	D	P	-
g1_lZXHKtDLYn2PZ9x5bIiVI5YLIWdDg3z7unPXqV3vh38	s1_cd2KiU-2nqRwO3iT1lcFVMkoocwRtNMhRVT8jflV5wI	1unM5D	qadv-arbiter-7x7-rust-lambda-v0.1.0	-	qadv-arbiter-7x7-rust-lambda-v0.1.0	-	D	P	196
g1_lZXHKtDLYn2PZ9x5bIiVI5YLIWdDg3z7unPXqV3vh38	s1_hnRhx6kkVXdXNvwmCxmI28I41CMIULRN_J4ZjZD0AQo	1unM5D	qadv-arbiter-7x7-rust-lambda-v0.1.0	-	qadv-arbiter-7x7-rust-lambda-v0.1.0	-	D	P	196
g1_lZgIAqdCs98ncVLnq7r-XDDU_y6_3t2vujZxxTQ7zFs	s1_2FtaP75xgRVTNrUvmC0NIesJCNy8IDFJ05WNM4nUnpg	1unQtA	qadv-arbiter-7x7-v0.1.0	-	surveyor-v0.2.0	-	D	P	196
g1_lZgIAqdCs98ncVLnq7r-XDDU_y6_3t2vujZxxTQ7zFs	s1_K7MM6vPCMl5vyYoFcuCL7S2DqqJK0vgkadsvWikO5pQ	1unQtA	qadv-arbiter-7x7-v0.1.0	-	surveyor-v0.2.0	-	D	P	196
g1_lZgIAqdCs98ncVLnq7r-XDDU_y6_3t2vujZxxTQ7zFs	s1_RauLaTi4eVgYHSp2TV9pqs9uzTVv0B10g9TaHMWpcZ4	1unQtA	qadv-arbiter-7x7-v0.1.0	-	surveyor-v0.2.0	-	D	P	-
g1_lZgIAqdCs98ncVLnq7r-XDDU_y6_3t2vujZxxTQ7zFs	s1_kx1NBFbe-62P6rUJdUPP5ZPthiA1tQPtR5_pOB0xC-k	1unQtA	qadv-arbiter-7x7-v0.1.0	-	surveyor-v0.2.0	-	D	P	196
g1_lZgIAqdCs98ncVLnq7r-XDDU_y6_3t2vujZxxTQ7zFs	s1_zH0KlMvO9ekIb5d7JNxQA4unGlzevAXAO2itKEdaQkg	1unQtA	qadv-arbiter-7x7-v0.1.0	-	surveyor-v0.2.0	-	D	P	196
g1_lZkcKciI-Foc6sDdN1JfVi3xlyA1tjg-od-WbAy46Pc	s1_1av6nXQkq-GSHXfjkVlGHGpAq8F9UbW4JwZmyFA-vww	1DIe9	python-gnn-puct-v0.1.0	sha256:6f9ad6e4a0993da3cf34a8549e86f9b5d512c51e11bfa76dfe051e7a8801bdac	python-gnn-puct-v0.1.0	sha256:6f9ad6e4a0993da3cf34a8549e86f9b5d512c51e11bfa76dfe051e7a8801bdac	D	P	196
g1_lZkcKciI-Foc6sDdN1JfVi3xlyA1tjg-od-WbAy46Pc	s1_Brk0hkuJoH-MBjdd53AO5tlWcOgDWV_R0PO74fHGd_0	1DIe9	python-gnn-puct-v0.1.0	sha256:6f9ad6e4a0993da3cf34a8549e86f9b5d512c51e11bfa76dfe051e7a8801bdac	python-gnn-puct-v0.1.0	sha256:6f9ad6e4a0993da3cf34a8549e86f9b5d512c51e11bfa76dfe051e7a8801bdac	D	P	196
g1_lZkcKciI-Foc6sDdN1JfVi3xlyA1tjg-od-WbAy46Pc	s1_KmF8KhDbubz6lwdS8R_n_yTGdSONmH9B1wUABbyCj94	1DIe9	python-gnn-puct-v0.1.0	sha256:6f9ad6e4a0993da3cf34a8549e86f9b5d512c51e11bfa76dfe051e7a8801bdac	python-gnn-puct-v0.1.0	sha256:6f9ad6e4a0993da3cf34a8549e86f9b5d512c51e11bfa76dfe051e7a8801bdac	D	P	196
g1_lZkcKciI-Foc6sDdN1JfVi3xlyA1tjg-od-WbAy46Pc	s1_g5pGkHBMEhzAYvwFY0b24sSc7wC9JfnWApMHHZ_aMPI	1DIe9	python-gnn-puct-v0.1.0	sha256:6f9ad6e4a0993da3cf34a8549e86f9b5d512c51e11bfa76dfe051e7a8801bdac	python-gnn-puct-v0.1.0	sha256:6f9ad6e4a0993da3cf34a8549e86f9b5d512c51e11bfa76dfe051e7a8801bdac	D	P	196
g1_lZkcKciI-Foc6sDdN1JfVi3xlyA1tjg-od-WbAy46Pc	s1_tol_POp6BcgBLMWq8iDfRBQSAXpESHxFwmcCQYXv0yQ	1DIe9	python-gnn-puct-v0.1.0	sha256:6f9ad6e4a0993da3cf34a8549e86f9b5d512c51e11bfa76dfe051e7a8801bdac	python-gnn-puct-v0.1.0	sha256:6f9ad6e4a0993da3cf34a8549e86f9b5d512c51e11bfa76dfe051e7a8801bdac	D	P	196
g1_lZmbYOLJvp2JGs_kwgFeBPD1o-u3eEYrvZDgOiPCGZA	s1_1av6nXQkq-GSHXfjkVlGHGpAq8F9UbW4JwZmyFA-vww	1umvTx	python-gnn-puct-learner-v0.1.0	sha256:ab0f739cd33d66781faf60e27797c5ccba3c04ba684f8d9e32e9c2754f4e8956	python-gnn-puct-learner-v0.1.0	sha256:ab0f739cd33d66781faf60e27797c5ccba3c04ba684f8d9e32e9c2754f4e8956	L	P	196
g1_lZmbYOLJvp2JGs_kwgFeBPD1o-u3eEYrvZDgOiPCGZA	s1_Brk0hkuJoH-MBjdd53AO5tlWcOgDWV_R0PO74fHGd_0	1umvTx	python-gnn-puct-learner-v0.1.0	sha256:ab0f739cd33d66781faf60e27797c5ccba3c04ba684f8d9e32e9c2754f4e8956	python-gnn-puct-learner-v0.1.0	sha256:ab0f739cd33d66781faf60e27797c5ccba3c04ba684f8d9e32e9c2754f4e8956	L	P	196
g1_lZmbYOLJvp2JGs_kwgFeBPD1o-u3eEYrvZDgOiPCGZA	s1_QBFUsDtxokERlDOdQkleYbPvhJ-vIp2qmp6DXjS-7oM	1umvTx	python-gnn-puct-learner-v0.1.0	sha256:ab0f739cd33d66781faf60e27797c5ccba3c04ba684f8d9e32e9c2754f4e8956	python-gnn-puct-learner-v0.1.0	sha256:ab0f739cd33d66781faf60e27797c5ccba3c04ba684f8d9e32e9c2754f4e8956	L	P	196
g1_lZnlSz3OTomk1o7qmqvNQDQwoVhbbqdwZ89DDH7DP2g	s1_F9RHv2HfOPBsWl5H981VuTGMPUSa8cWPA0IKQoRIDAo	1unMZN	qadv-arbiter-7x7-rust-lambda-v0.1.0	-	qadv-arbiter-7x7-rust-lambda-v0.1.0	-	L	P	196
g1_lZnlSz3OTomk1o7qmqvNQDQwoVhbbqdwZ89DDH7DP2g	s1_OYiw6QaqhVHiVZ45OEdCrJE6TDCi7sbrExvWydqE6v4	1unMZN	qadv-arbiter-7x7-rust-lambda-v0.1.0	-	qadv-arbiter-7x7-rust-lambda-v0.1.0	-	L	P	196
g1_lZnlSz3OTomk1o7qmqvNQDQwoVhbbqdwZ89DDH7DP2g	s1_RauLaTi4eVgYHSp2TV9pqs9uzTVv0B10g9TaHMWpcZ4	1unMZN	qadv-arbiter-7x7-rust-lambda-v0.1.0	-	qadv-arbiter-7x7-rust-lambda-v0.1.0	-	L	P	-
g1_lZnlSz3OTomk1o7qmqvNQDQwoVhbbqdwZ89DDH7DP2g	s1_vd-ZaUMyxK60jsLrm6ZRc8hcRNfX0WT25SXmY8sjC9c	1unMZN	qadv-arbiter-7x7-rust-lambda-v0.1.0	-	qadv-arbiter-7x7-rust-lambda-v0.1.0	-	L	P	196
g1_lZsGuvS2jP_2jIuvF0uEa1Quo-y3w83s6sJfSLpjAjs	s1_3ngx-cR6r0HKv0PXg7ewE2RYMu_7zMDoK6uRif-xjJw	1unNct	qadv-arbiter-7x7-rust-lambda-v0.1.0	-	qadv-arbiter-7x7-rust-lambda-v0.1.0	-	L	P	196
g1_lZsGuvS2jP_2jIuvF0uEa1Quo-y3w83s6sJfSLpjAjs	s1_8Qhz8sA2PgLTOzrk_GQkljefEB8LKJlRer9Vz-dALL0	1unNct	qadv-arbiter-7x7-rust-lambda-v0.1.0	-	qadv-arbiter-7x7-rust-lambda-v0.1.0	-	L	P	196
g1_lZsGuvS2jP_2jIuvF0uEa1Quo-y3w83s6sJfSLpjAjs	s1_RauLaTi4eVgYHSp2TV9pqs9uzTVv0B10g9TaHMWpcZ4	1unNct	qadv-arbiter-7x7-rust-lambda-v0.1.0	-	qadv-arbiter-7x7-rust-lambda-v0.1.0	-	L	P	-
g1_lZsGuvS2jP_2jIuvF0uEa1Quo-y3w83s6sJfSLpjAjs	s1_vHcs1kj_YifEwqlpLR5dppdGU31Ot3HMzTRr54b_HJo	1unNct	qadv-arbiter-7x7-rust-lambda-v0.1.0	-	qadv-arbiter-7x7-rust-lambda-v0.1.0	-	L	P	196
g1_lZyAZKA-LS9iPaJsgnee5qs5l7Eu77RuYhkAQ6g6iB0	s1_RauLaTi4eVgYHSp2TV9pqs9uzTVv0B10g9TaHMWpcZ4	1unOu4	qadv-arbiter-7x7-rust-lambda-v0.1.0	-	qadv-arbiter-7x7-rust-lambda-v0.1.0	-	L	P	-
g1_lZyAZKA-LS9iPaJsgnee5qs5l7Eu77RuYhkAQ6g6iB0	s1_YOll5nKcHuBxGM_JI-17sK6OBAcOy7HPpcxeGXDvGrg	1unOu4	qadv-arbiter-7x7-rust-lambda-v0.1.0	-	qadv-arbiter-7x7-rust-lambda-v0.1.0	-	L	P	196
g1_lZyAZKA-LS9iPaJsgnee5qs5l7Eu77RuYhkAQ6g6iB0	s1_llmGSKGGynjvfTD7WVqhBFEe4Hr-B08EtdaD0Z4asJo	1unOu4	qadv-arbiter-7x7-rust-lambda-v0.1.0	-	qadv-arbiter-7x7-rust-lambda-v0.1.0	-	L	P	196
g1_lZyAZKA-LS9iPaJsgnee5qs5l7Eu77RuYhkAQ6g6iB0	s1_vMM1awycoPb3lmCatvN41bt4mIUlXb9OqAsmyFCRisg	1unOu4	qadv-arbiter-7x7-rust-lambda-v0.1.0	-	qadv-arbiter-7x7-rust-lambda-v0.1.0	-	L	P	196
g1_lZympIhhYlyxWeXJs9UQog-slzVTNS5KI2qY-cD9QQ4	s1_1av6nXQkq-GSHXfjkVlGHGpAq8F9UbW4JwZmyFA-vww	1umvNV	gnn-scout-7x7	sha256:7d34820fd656875b3ac4a0142e8f22179d11b133feb3321d0eb735b2a7abd027	surveyor-v0.2.0	-	D	P	196
g1_lZympIhhYlyxWeXJs9UQog-slzVTNS5KI2qY-cD9QQ4	s1_Brk0hkuJoH-MBjdd53AO5tlWcOgDWV_R0PO74fHGd_0	1umvNV	gnn-scout-7x7	sha256:7d34820fd656875b3ac4a0142e8f22179d11b133feb3321d0eb735b2a7abd027	surveyor-v0.2.0	-	D	P	196
g1_lZympIhhYlyxWeXJs9UQog-slzVTNS5KI2qY-cD9QQ4	s1_QzXKB60HvV5g6-cJIu-NdpeFb1rCgFAJD1cxfdkoMm0	1umvNV	gnn-scout-7x7	sha256:7d34820fd656875b3ac4a0142e8f22179d11b133feb3321d0eb735b2a7abd027	surveyor-v0.2.0	-	D	P	196
g1_l_5BwLQk3RX3sw44_CWziiyKsojS4gewV-oqHxnPPcQ	s1_sgvyeQmhmCcn_3PWBQUH_rbOUWWTtgoQRbnnH78MB_A	1umv-G	python-cnn-puct-v0.1.0	sha256:7845e9b7687beee165dc36b8d21833b7a8b5a83e31b58b49bd05c277ba26e642	python-cnn-puct-v0.1.0	sha256:7845e9b7687beee165dc36b8d21833b7a8b5a83e31b58b49bd05c277ba26e642	L	P	196
g1_l_Qcbx_nKAla9jK9CB-VNELW461IbXeYBQ2nXhYrVeg	s1_1av6nXQkq-GSHXfjkVlGHGpAq8F9UbW4JwZmyFA-vww	1DIX6	rust-pathfinder-v0.1.0	-	lunatic-v0.1.0	-	D	P	-
g1_l_Qcbx_nKAla9jK9CB-VNELW461IbXeYBQ2nXhYrVeg	s1_9Eroywf7tuDrn-hcfZPjlEa1DSRUykCRn9Z11u8ySIo	1DIX6	rust-pathfinder-v0.1.0	-	lunatic-v0.1.0	-	D	P	-
g1_l_Qcbx_nKAla9jK9CB-VNELW461IbXeYBQ2nXhYrVeg	s1_9Eroywf7tuDrn-hcfZPjlEa1DSRUykCRn9Z11u8ySIo	1DIZy	rust-pathfinder-v0.1.0	-	lunatic-v0.1.0	-	D	P	-
g1_l_Qcbx_nKAla9jK9CB-VNELW461IbXeYBQ2nXhYrVeg	s1_Brk0hkuJoH-MBjdd53AO5tlWcOgDWV_R0PO74fHGd_0	1DIX6	rust-pathfinder-v0.1.0	-	lunatic-v0.1.0	-	D	P	-
g1_l_Qcbx_nKAla9jK9CB-VNELW461IbXeYBQ2nXhYrVeg	s1_KmF8KhDbubz6lwdS8R_n_yTGdSONmH9B1wUABbyCj94	1DIX6	rust-pathfinder-v0.1.0	-	lunatic-v0.1.0	-	D	P	-
g1_l_Qcbx_nKAla9jK9CB-VNELW461IbXeYBQ2nXhYrVeg	s1_MKrI0a3Qd48rU7oZj28GrlQ3cHhIbUzS5ibiIW9aKy4	1DIX6	rust-pathfinder-v0.1.0	-	lunatic-v0.1.0	-	D	P	-
g1_l_Qcbx_nKAla9jK9CB-VNELW461IbXeYBQ2nXhYrVeg	s1_MKrI0a3Qd48rU7oZj28GrlQ3cHhIbUzS5ibiIW9aKy4	1DIZy	rust-pathfinder-v0.1.0	-	lunatic-v0.1.0	-	D	P	-
g1_l_Qcbx_nKAla9jK9CB-VNELW461IbXeYBQ2nXhYrVeg	s1_XloMUS0hxYEXf762lcPfaudsLmsH-CsOVZNVVU_obcA	1DIX6	rust-pathfinder-v0.1.0	-	lunatic-v0.1.0	-	D	P	-
g1_l_Qcbx_nKAla9jK9CB-VNELW461IbXeYBQ2nXhYrVeg	s1_XloMUS0hxYEXf762lcPfaudsLmsH-CsOVZNVVU_obcA	1DIZy	rust-pathfinder-v0.1.0	-	lunatic-v0.1.0	-	D	P	-
g1_l_Qcbx_nKAla9jK9CB-VNELW461IbXeYBQ2nXhYrVeg	s1_g5pGkHBMEhzAYvwFY0b24sSc7wC9JfnWApMHHZ_aMPI	1DIX6	rust-pathfinder-v0.1.0	-	lunatic-v0.1.0	-	D	P	-
g1_l_TzdnZ0M3l-lx4G0fwrBpP4xKx5Fv6CzVlQgxG6TRQ	s1__fmnSv6OnZklVvMPUjPdL6drtvfrJptRYX3nxZQO8jI	1umxxz	python-gnn-puct-scout-v0.1.0	sha256:b9f80706cc1f29076ee06fe06483697c749148a808c599579045d00a52573938	python-gnn-puct-scout-v0.1.0	sha256:b9f80706cc1f29076ee06fe06483697c749148a808c599579045d00a52573938	D	P	196
g1_l__aP0nYLyNte1Bzpyiv5bWx0UYBciA-Y7lci0btWJo	s1_4pnb_cuXkY5aSOYmX5kNcv4kO147esKnZjiqAGdT3wo	1unPgE	qadv-arbiter-7x7-rust-lambda-v0.1.0	-	qadv-arbiter-7x7-rust-lambda-v0.1.0	-	D	P	196
g1_l__aP0nYLyNte1Bzpyiv5bWx0UYBciA-Y7lci0btWJo	s1_RauLaTi4eVgYHSp2TV9pqs9uzTVv0B10g9TaHMWpcZ4	1unPgE	qadv-arbiter-7x7-rust-lambda-v0.1.0	-	qadv-arbiter-7x7-rust-lambda-v0.1.0	-	D	P	-
g1_l__aP0nYLyNte1Bzpyiv5bWx0UYBciA-Y7lci0btWJo	s1_VUEr5EM8VfJNGLLu4visOt9_tDHDvucJq6mMATmretw	1unPgE	qadv-arbiter-7x7-rust-lambda-v0.1.0	-	qadv-arbiter-7x7-rust-lambda-v0.1.0	-	D	P	196
g1_l__aP0nYLyNte1Bzpyiv5bWx0UYBciA-Y7lci0btWJo	s1__7bwvHvcSmnEj72-HDNwG9jAwaCCI42hqJGNC6jlBsc	1unPgE	qadv-arbiter-7x7-rust-lambda-v0.1.0	-	qadv-arbiter-7x7-rust-lambda-v0.1.0	-	D	P	196
g1_l_aR_5dYwB8LcsVesTKVGUaF3uy_wMkdPUFZZNM6zK4	s1_WVg7aYYLIrw6_-2mI3jQ-DPcLO4gX2sPEEqWQb0DGQA	1umxM5	python-cnn-puct-reval30k-v0.1.0	sha256:eb2600a53e225a835455efdb2759c40e27c5cb3c16ab0688bc21b99290ed10ee	python-cnn-puct-reval30k-v0.1.0	sha256:eb2600a53e225a835455efdb2759c40e27c5cb3c16ab0688bc21b99290ed10ee	D	P	196
g1_l_fCiqnyavtO1NLJe-KBp3UqXlnJvPclkXXPZbc9y8k	s1_1av6nXQkq-GSHXfjkVlGHGpAq8F9UbW4JwZmyFA-vww	1umv6i	python-gnn-puct-scout-v0.1.0	sha256:b9f80706cc1f29076ee06fe06483697c749148a808c599579045d00a52573938	python-gnn-puct-scout-v0.1.0	sha256:b9f80706cc1f29076ee06fe06483697c749148a808c599579045d00a52573938	D	P	196
g1_l_fCiqnyavtO1NLJe-KBp3UqXlnJvPclkXXPZbc9y8k	s1_Brk0hkuJoH-MBjdd53AO5tlWcOgDWV_R0PO74fHGd_0	1umv6i	python-gnn-puct-scout-v0.1.0	sha256:b9f80706cc1f29076ee06fe06483697c749148a808c599579045d00a52573938	python-gnn-puct-scout-v0.1.0	sha256:b9f80706cc1f29076ee06fe06483697c749148a808c599579045d00a52573938	D	P	196
g1_l_fCiqnyavtO1NLJe-KBp3UqXlnJvPclkXXPZbc9y8k	s1_D_X-fTFZy6xuyGSC5jFyKBW6IP_59Jbomefazf4xu44	1umv6i	python-gnn-puct-scout-v0.1.0	sha256:b9f80706cc1f29076ee06fe06483697c749148a808c599579045d00a52573938	python-gnn-puct-scout-v0.1.0	sha256:b9f80706cc1f29076ee06fe06483697c749148a808c599579045d00a52573938	D	P	196
g1_l_jmG3o7QZKAkW89UQ9yV-T05LBwsaiGW2Q7XhhHt7o	s1_RauLaTi4eVgYHSp2TV9pqs9uzTVv0B10g9TaHMWpcZ4	1unMVW	qadv-arbiter-7x7-rust-lambda-v0.1.0	-	qadv-arbiter-7x7-rust-lambda-v0.1.0	-	D	P	-
g1_l_jmG3o7QZKAkW89UQ9yV-T05LBwsaiGW2Q7XhhHt7o	s1_liiEXms7Iumu4ZjDCN6pC5dbfOoFUpQfOgUHSOziHcs	1unMVW	qadv-arbiter-7x7-rust-lambda-v0.1.0	-	qadv-arbiter-7x7-rust-lambda-v0.1.0	-	D	P	196
g1_l_jmG3o7QZKAkW89UQ9yV-T05LBwsaiGW2Q7XhhHt7o	s1_oMzZx8xIRdTVQ-oSJxUmIr8tS7cEsc_TBpryx-ccomM	1unMVW	qadv-arbiter-7x7-rust-lambda-v0.1.0	-	qadv-arbiter-7x7-rust-lambda-v0.1.0	-	D	P	196
g1_l_jmG3o7QZKAkW89UQ9yV-T05LBwsaiGW2Q7XhhHt7o	s1_yeQWFfNv7KyKQdoGCX6LvQ_g5qrZPVvQOLe6VT8wSq0	1unMVW	qadv-arbiter-7x7-rust-lambda-v0.1.0	-	qadv-arbiter-7x7-rust-lambda-v0.1.0	-	D	P	196
g1_l_tmTJOjpV91_IYNsFKxC15rmo-G5RvgN3a6OvsLitE	s1_2FtaP75xgRVTNrUvmC0NIesJCNy8IDFJ05WNM4nUnpg	1unQto	qadv-arbiter-7x7-v0.1.0	-	surveyor-v0.2.0	-	D	P	196
g1_l_tmTJOjpV91_IYNsFKxC15rmo-G5RvgN3a6OvsLitE	s1_DMNCGrcDb9ErieRAS6YXPv2txFnPj9WrX4_0_xi7XEE	1unQto	qadv-arbiter-7x7-v0.1.0	-	surveyor-v0.2.0	-	D	P	196
g1_l_tmTJOjpV91_IYNsFKxC15rmo-G5RvgN3a6OvsLitE	s1_RauLaTi4eVgYHSp2TV9pqs9uzTVv0B10g9TaHMWpcZ4	1unQto	qadv-arbiter-7x7-v0.1.0	-	surveyor-v0.2.0	-	D	P	-
g1_l_tmTJOjpV91_IYNsFKxC15rmo-G5RvgN3a6OvsLitE	s1_zH0KlMvO9ekIb5d7JNxQA4unGlzevAXAO2itKEdaQkg	1unQto	qadv-arbiter-7x7-v0.1.0	-	surveyor-v0.2.0	-	D	P	196
g1_l_udCjNVCBoTNBIf6v0WPyZBOgcCYpynGkbnwDcrv5s	s1_qtlitMa-GGx-0y2heoyNRonYXf1Dq5epTexnVe9Iqtw	1umxgD	python-gnn-puct-learner-v0.1.0	sha256:ab0f739cd33d66781faf60e27797c5ccba3c04ba684f8d9e32e9c2754f4e8956	python-gnn-puct-learner-v0.1.0	sha256:ab0f739cd33d66781faf60e27797c5ccba3c04ba684f8d9e32e9c2754f4e8956	L	P	196
g1_l_w0vkKtoq3u9zKSE6KCs-zSsFF3fDquJgl9NAwmXf0	s1_61SfmtZbhmymwk2ercL336t-_opn7CvCJkLJ4oMSvOk	1unOh9	qadv-arbiter-7x7-rust-lambda-v0.1.0	-	qadv-arbiter-7x7-rust-lambda-v0.1.0	-	D	P	196
g1_l_w0vkKtoq3u9zKSE6KCs-zSsFF3fDquJgl9NAwmXf0	s1_7_aoNqWRJUgWX8aE-dG4ojg7wsNfzuyehv8Kfy72z1Q	1unOh9	qadv-arbiter-7x7-rust-lambda-v0.1.0	-	qadv-arbiter-7x7-rust-lambda-v0.1.0	-	D	P	196
g1_l_w0vkKtoq3u9zKSE6KCs-zSsFF3fDquJgl9NAwmXf0	s1_RauLaTi4eVgYHSp2TV9pqs9uzTVv0B10g9TaHMWpcZ4	1unOh9	qadv-arbiter-7x7-rust-lambda-v0.1.0	-	qadv-arbiter-7x7-rust-lambda-v0.1.0	-	D	P	-
g1_l_w0vkKtoq3u9zKSE6KCs-zSsFF3fDquJgl9NAwmXf0	s1_TBwrDoVJGpQ81TOazv1zZwnLlPMtBdwy_pGehEy4jxA	1unOh9	qadv-arbiter-7x7-rust-lambda-v0.1.0	-	qadv-arbiter-7x7-rust-lambda-v0.1.0	-	D	P	196
g1_l_yKhtaaLheuxzURgs5riIq8WTkhlflB0c0w34LO9k4	s1_flXyOBW6T9LLVDFIvXBGel1MoVNZcUcMFIJnB9yLapU	1umx2-	python-gnn-puct-reval30k-v0.1.0	sha256:6120be86fc469df71473c3de64e5e32f99694cd47d621fa5948f243dc51d3d21	python-gnn-puct-reval30k-v0.1.0	sha256:6120be86fc469df71473c3de64e5e32f99694cd47d621fa5948f243dc51d3d21	D	P	196
g1_la1lgg-UmQoUMMOLjJ7lGM-y1HN21vXuAs8o0HN3_W0	s1_0whuY976XqYIhlTQn8b5frihgy9f8DIB4BR9WTZqJHY	1unQlT	pathfinder-v0.3.0	-	qadv-arbiter-7x7-v0.1.0	-	L	P	196
g1_la1lgg-UmQoUMMOLjJ7lGM-y1HN21vXuAs8o0HN3_W0	s1_2FtaP75xgRVTNrUvmC0NIesJCNy8IDFJ05WNM4nUnpg	1unQlT	pathfinder-v0.3.0	-	qadv-arbiter-7x7-v0.1.0	-	L	P	196
g1_la1lgg-UmQoUMMOLjJ7lGM-y1HN21vXuAs8o0HN3_W0	s1_JqJGnBtdaDSTN10uoLLn5Kr_lHNON1JC3apupdmCZIU	1unQlT	pathfinder-v0.3.0	-	qadv-arbiter-7x7-v0.1.0	-	L	P	196
g1_la1lgg-UmQoUMMOLjJ7lGM-y1HN21vXuAs8o0HN3_W0	s1_RauLaTi4eVgYHSp2TV9pqs9uzTVv0B10g9TaHMWpcZ4	1unQlT	pathfinder-v0.3.0	-	qadv-arbiter-7x7-v0.1.0	-	L	P	-
g1_la4dJsSpjVHo-iXR8j1wBt4wwFeCCcq_HdE0-1ECaJg	s1_1LB6NAgPOeCp4r8rQw4kUOIXWpEdWysFm5RZjWCQSgc	1umwVC	python-gnn-puct-learner-v0.1.0	sha256:ab0f739cd33d66781faf60e27797c5ccba3c04ba684f8d9e32e9c2754f4e8956	python-gnn-puct-learner-v0.1.0	sha256:ab0f739cd33d66781faf60e27797c5ccba3c04ba684f8d9e32e9c2754f4e8956	D	P	196
g1_la4dJsSpjVHo-iXR8j1wBt4wwFeCCcq_HdE0-1ECaJg	s1_P4NHYhwuVnEA-dG2X-UVeVotb84A5mwljbYTlTMqr8w	1umwVC	python-gnn-puct-learner-v0.1.0	sha256:ab0f739cd33d66781faf60e27797c5ccba3c04ba684f8d9e32e9c2754f4e8956	python-gnn-puct-learner-v0.1.0	sha256:ab0f739cd33d66781faf60e27797c5ccba3c04ba684f8d9e32e9c2754f4e8956	D	P	196
g1_la7ybVqwcyTQQE7E8-yd0MtBSUMbUDTTkqF4nMXEmFw	s1_HvA_YEx1syPdbNX1OEWirUzepoVFjShDqhNZDgyjSyA	1unMMe	qadv-arbiter-7x7-rust-lambda-v0.1.0	-	qadv-arbiter-7x7-rust-lambda-v0.1.0	-	D	P	196
g1_la7ybVqwcyTQQE7E8-yd0MtBSUMbUDTTkqF4nMXEmFw	s1_RauLaTi4eVgYHSp2TV9pqs9uzTVv0B10g9TaHMWpcZ4	1unMMe	qadv-arbiter-7x7-rust-lambda-v0.1.0	-	qadv-arbiter-7x7-rust-lambda-v0.1.0	-	D	P	-
g1_la7ybVqwcyTQQE7E8-yd0MtBSUMbUDTTkqF4nMXEmFw	s1_k90t7TNlpVPLPHbttKm-sqUdLm3wfiRcpnBm8yw50DQ	1unMMe	qadv-arbiter-7x7-rust-lambda-v0.1.0	-	qadv-arbiter-7x7-rust-lambda-v0.1.0	-	D	P	196
g1_la7ybVqwcyTQQE7E8-yd0MtBSUMbUDTTkqF4nMXEmFw	s1_qRN0m4GKlYfewl-GcVHGyMzbkvl3OospWhIPtXXV004	1unMMe	qadv-arbiter-7x7-rust-lambda-v0.1.0	-	qadv-arbiter-7x7-rust-lambda-v0.1.0	-	D	P	196
g1_la851X4Yug39BBywidP5ExbrpyudtRYzW4bS7VIy244	s1_RauLaTi4eVgYHSp2TV9pqs9uzTVv0B10g9TaHMWpcZ4	1unL-2	qadv-arbiter-7x7-rust-lambda-v0.1.0	-	qadv-arbiter-7x7-rust-lambda-v0.1.0	-	L	P	-
g1_la851X4Yug39BBywidP5ExbrpyudtRYzW4bS7VIy244	s1_TrEtjbALicdPSNCwCcQ7uI1ZofXI7nIP4MfC5zvkYOo	1unL-2	qadv-arbiter-7x7-rust-lambda-v0.1.0	-	qadv-arbiter-7x7-rust-lambda-v0.1.0	-	L	P	196
g1_la851X4Yug39BBywidP5ExbrpyudtRYzW4bS7VIy244	s1_mTRVjzH2Kir1qXgdlON4tZw0Y_8Qr4M0t18X86jYcBQ	1unL-2	qadv-arbiter-7x7-rust-lambda-v0.1.0	-	qadv-arbiter-7x7-rust-lambda-v0.1.0	-	L	P	196
g1_la851X4Yug39BBywidP5ExbrpyudtRYzW4bS7VIy244	s1_qMkFkvdYGHkRCM0TfPuAeVAOsx60loRR9aFAdfc2R7Q	1unL-2	qadv-arbiter-7x7-rust-lambda-v0.1.0	-	qadv-arbiter-7x7-rust-lambda-v0.1.0	-	L	P	196
g1_laDAS59t4tuVh0r04GHX5gQDXGGT0EdUmy4VT-22nLE	s1_9v1P5J2GhSAlVhB3Yo_xh2GHEf4AdPtNdp9j7cjys2g	1unOSR	qadv-arbiter-7x7-rust-lambda-v0.1.0	-	qadv-arbiter-7x7-rust-lambda-v0.1.0	-	L	P	196
g1_laDAS59t4tuVh0r04GHX5gQDXGGT0EdUmy4VT-22nLE	s1_RauLaTi4eVgYHSp2TV9pqs9uzTVv0B10g9TaHMWpcZ4	1unOSR	qadv-arbiter-7x7-rust-lambda-v0.1.0	-	qadv-arbiter-7x7-rust-lambda-v0.1.0	-	L	P	-
g1_laDAS59t4tuVh0r04GHX5gQDXGGT0EdUmy4VT-22nLE	s1_mOwACr067_r6vaJM9Yzzc3vRXAAym7F7GJFe56vK7LM	1unOSR	qadv-arbiter-7x7-rust-lambda-v0.1.0	-	qadv-arbiter-7x7-rust-lambda-v0.1.0	-	L	P	196
g1_laDAS59t4tuVh0r04GHX5gQDXGGT0EdUmy4VT-22nLE	s1_rU00Du18AdafMhY95h4fj1fVlU-aQubGdSPTf0alGc4	1unOSR	qadv-arbiter-7x7-rust-lambda-v0.1.0	-	qadv-arbiter-7x7-rust-lambda-v0.1.0	-	L	P	196
g1_laFRCIs0ZGGzsOjlyFmFY9FAx8DOOfyC2Opnw3vFpLQ	s1_1av6nXQkq-GSHXfjkVlGHGpAq8F9UbW4JwZmyFA-vww	1DIc4	rust-pathfinder-v0.1.0	-	lunatic-v0.1.0	-	L	P	-
g1_laFRCIs0ZGGzsOjlyFmFY9FAx8DOOfyC2Opnw3vFpLQ	s1_9Eroywf7tuDrn-hcfZPjlEa1DSRUykCRn9Z11u8ySIo	1DIc4	rust-pathfinder-v0.1.0	-	lunatic-v0.1.0	-	L	P	-
g1_laFRCIs0ZGGzsOjlyFmFY9FAx8DOOfyC2Opnw3vFpLQ	s1_Brk0hkuJoH-MBjdd53AO5tlWcOgDWV_R0PO74fHGd_0	1DIc4	rust-pathfinder-v0.1.0	-	lunatic-v0.1.0	-	L	P	-
g1_laFRCIs0ZGGzsOjlyFmFY9FAx8DOOfyC2Opnw3vFpLQ	s1_KmF8KhDbubz6lwdS8R_n_yTGdSONmH9B1wUABbyCj94	1DIc4	rust-pathfinder-v0.1.0	-	lunatic-v0.1.0	-	L	P	-
g1_laFRCIs0ZGGzsOjlyFmFY9FAx8DOOfyC2Opnw3vFpLQ	s1_MKrI0a3Qd48rU7oZj28GrlQ3cHhIbUzS5ibiIW9aKy4	1DIc4	rust-pathfinder-v0.1.0	-	lunatic-v0.1.0	-	L	P	-
g1_laFRCIs0ZGGzsOjlyFmFY9FAx8DOOfyC2Opnw3vFpLQ	s1_XloMUS0hxYEXf762lcPfaudsLmsH-CsOVZNVVU_obcA	1DIc4	rust-pathfinder-v0.1.0	-	lunatic-v0.1.0	-	L	P	-
g1_laFRCIs0ZGGzsOjlyFmFY9FAx8DOOfyC2Opnw3vFpLQ	s1_g5pGkHBMEhzAYvwFY0b24sSc7wC9JfnWApMHHZ_aMPI	1DIc4	rust-pathfinder-v0.1.0	-	lunatic-v0.1.0	-	L	P	-
g1_laJvd9L_LCICYVucrYqt1cL5hMb8-_GgwJhxTOXnXKg	s1_1av6nXQkq-GSHXfjkVlGHGpAq8F9UbW4JwZmyFA-vww	1ErNW	gnn-warmstart-7x7	sha256:a31a1dbcc42e9d971fb6f89db189370c0b718a2aad485168c88572a8d7015cf7	pathfinder-v0.3.0	-	D	P	196
g1_laJvd9L_LCICYVucrYqt1cL5hMb8-_GgwJhxTOXnXKg	s1_ey0X9h1GlZ80KZNtd0_1PnIwLX-7eb1fQjiCa9wrhUM	1FE1g	gnn-warmstart-7x7	sha256:a31a1dbcc42e9d971fb6f89db189370c0b718a2aad485168c88572a8d7015cf7	pathfinder-v0.3.0	-	D	P	196
g1_laJvd9L_LCICYVucrYqt1cL5hMb8-_GgwJhxTOXnXKg	s1_ey0X9h1GlZ80KZNtd0_1PnIwLX-7eb1fQjiCa9wrhUM	1FE1i	gnn-warmstart-7x7	sha256:a31a1dbcc42e9d971fb6f89db189370c0b718a2aad485168c88572a8d7015cf7	pathfinder-v0.3.0	-	D	P	196
g1_laJvd9L_LCICYVucrYqt1cL5hMb8-_GgwJhxTOXnXKg	s1_ey0X9h1GlZ80KZNtd0_1PnIwLX-7eb1fQjiCa9wrhUM	1FEHI	gnn-warmstart-7x7	sha256:a31a1dbcc42e9d971fb6f89db189370c0b718a2aad485168c88572a8d7015cf7	surveyor-v0.2.0	-	D	P	196
g1_laJvd9L_LCICYVucrYqt1cL5hMb8-_GgwJhxTOXnXKg	s1_ey0X9h1GlZ80KZNtd0_1PnIwLX-7eb1fQjiCa9wrhUM	1FEHK	gnn-warmstart-7x7	sha256:a31a1dbcc42e9d971fb6f89db189370c0b718a2aad485168c88572a8d7015cf7	surveyor-v0.2.0	-	D	P	196
g1_laJvd9L_LCICYVucrYqt1cL5hMb8-_GgwJhxTOXnXKg	s1_gPoZ5rByZErTaB0WLQoU6LVl6WlfprkiDFHagxLzf2Q	1ErNW	gnn-warmstart-7x7	sha256:a31a1dbcc42e9d971fb6f89db189370c0b718a2aad485168c88572a8d7015cf7	pathfinder-v0.3.0	-	D	P	196
g1_laJvd9L_LCICYVucrYqt1cL5hMb8-_GgwJhxTOXnXKg	s1_gPoZ5rByZErTaB0WLQoU6LVl6WlfprkiDFHagxLzf2Q	1ErNY	gnn-warmstart-7x7	sha256:a31a1dbcc42e9d971fb6f89db189370c0b718a2aad485168c88572a8d7015cf7	pathfinder-v0.3.0	-	D	P	196
g1_laJvd9L_LCICYVucrYqt1cL5hMb8-_GgwJhxTOXnXKg	s1_gPoZ5rByZErTaB0WLQoU6LVl6WlfprkiDFHagxLzf2Q	1Erd8	gnn-warmstart-7x7	sha256:a31a1dbcc42e9d971fb6f89db189370c0b718a2aad485168c88572a8d7015cf7	surveyor-v0.2.0	-	D	P	196
g1_laJvd9L_LCICYVucrYqt1cL5hMb8-_GgwJhxTOXnXKg	s1_gPoZ5rByZErTaB0WLQoU6LVl6WlfprkiDFHagxLzf2Q	1ErdA	gnn-warmstart-7x7	sha256:a31a1dbcc42e9d971fb6f89db189370c0b718a2aad485168c88572a8d7015cf7	surveyor-v0.2.0	-	D	P	196
g1_laJvd9L_LCICYVucrYqt1cL5hMb8-_GgwJhxTOXnXKg	s1_mWPTef6xYbijjPhDIC6QgLRmu2mMSJAokNlIkx3vg54	1ErNW	gnn-warmstart-7x7	sha256:a31a1dbcc42e9d971fb6f89db189370c0b718a2aad485168c88572a8d7015cf7	pathfinder-v0.3.0	-	D	P	196
g1_laLMOs6BBf4SnIK8f7tcB95sfSD_WEgW6adWY1oQKGw	s1_1av6nXQkq-GSHXfjkVlGHGpAq8F9UbW4JwZmyFA-vww	1umv6V	python-gnn-puct-scout-v0.1.0	sha256:b9f80706cc1f29076ee06fe06483697c749148a808c599579045d00a52573938	python-gnn-puct-scout-v0.1.0	sha256:b9f80706cc1f29076ee06fe06483697c749148a808c599579045d00a52573938	-	M	196
g1_laLMOs6BBf4SnIK8f7tcB95sfSD_WEgW6adWY1oQKGw	s1_Brk0hkuJoH-MBjdd53AO5tlWcOgDWV_R0PO74fHGd_0	1umv6V	python-gnn-puct-scout-v0.1.0	sha256:b9f80706cc1f29076ee06fe06483697c749148a808c599579045d00a52573938	python-gnn-puct-scout-v0.1.0	sha256:b9f80706cc1f29076ee06fe06483697c749148a808c599579045d00a52573938	-	M	196
g1_laLMOs6BBf4SnIK8f7tcB95sfSD_WEgW6adWY1oQKGw	s1_D_X-fTFZy6xuyGSC5jFyKBW6IP_59Jbomefazf4xu44	1umv6V	python-gnn-puct-scout-v0.1.0	sha256:b9f80706cc1f29076ee06fe06483697c749148a808c599579045d00a52573938	python-gnn-puct-scout-v0.1.0	sha256:b9f80706cc1f29076ee06fe06483697c749148a808c599579045d00a52573938	-	M	196
g1_laSlqbcA6BsR7lrrP2IrEyvLzdh7RsUgiDj6Yc6QPxo	s1_Qmoz3nLvbLcY_1rcqMtpMJDvTQydhL5cxUNWV6EhpMY	1umwu-	qadv-arbiter-7x7-v0.1.0	sha256:8c548d06307572603b839755cc1e50393285365e10f82bcd90290ca65cd86266	qadv-arbiter-7x7-v0.1.0	sha256:8c548d06307572603b839755cc1e50393285365e10f82bcd90290ca65cd86266	L	P	196
g1_laZY2mghv70km2kFdOFHT9j5qv-ou3Tr5wfm09Iav5I	s1_DIcRaGFuOAMnzJECZfP8ADUHfPieaas-1mAkFxP1RQ0	1unObJ	qadv-arbiter-7x7-rust-lambda-v0.1.0	-	qadv-arbiter-7x7-rust-lambda-v0.1.0	-	D	P	196
g1_laZY2mghv70km2kFdOFHT9j5qv-ou3Tr5wfm09Iav5I	s1_IMEhTzmT5SzLOZl8LoeWgpZVzf8R9RrbXrzrlKBxiLE	1unObJ	qadv-arbiter-7x7-rust-lambda-v0.1.0	-	qadv-arbiter-7x7-rust-lambda-v0.1.0	-	D	P	196
g1_laZY2mghv70km2kFdOFHT9j5qv-ou3Tr5wfm09Iav5I	s1_RauLaTi4eVgYHSp2TV9pqs9uzTVv0B10g9TaHMWpcZ4	1unObJ	qadv-arbiter-7x7-rust-lambda-v0.1.0	-	qadv-arbiter-7x7-rust-lambda-v0.1.0	-	D	P	-
g1_laZY2mghv70km2kFdOFHT9j5qv-ou3Tr5wfm09Iav5I	s1__2-HGEyYzXGgiOx757ESAV2OBQGEeQ6cf-Pgr2kO7AU	1unObJ	qadv-arbiter-7x7-rust-lambda-v0.1.0	-	qadv-arbiter-7x7-rust-lambda-v0.1.0	-	D	P	196
g1_lafN8v7fMQv8tjWnJtuNposOopEMri5vGohqNb1y6eY	s1_836MKqWxvnNnqMvncVOCgLZoft9gqfM2dNNG_qL8COI	1unMuQ	qadv-arbiter-7x7-rust-lambda-v0.1.0	-	qadv-arbiter-7x7-rust-lambda-v0.1.0	-	L	P	196
g1_lafN8v7fMQv8tjWnJtuNposOopEMri5vGohqNb1y6eY	s1_RauLaTi4eVgYHSp2TV9pqs9uzTVv0B10g9TaHMWpcZ4	1unMuQ	qadv-arbiter-7x7-rust-lambda-v0.1.0	-	qadv-arbiter-7x7-rust-lambda-v0.1.0	-	L	P	-
g1_lafN8v7fMQv8tjWnJtuNposOopEMri5vGohqNb1y6eY	s1_kmR_mGzipHFB-G_1slR0Ae1PT0Zk-t9VWksNQGYob0M	1unMuQ	qadv-arbiter-7x7-rust-lambda-v0.1.0	-	qadv-arbiter-7x7-rust-lambda-v0.1.0	-	L	P	196
g1_lafN8v7fMQv8tjWnJtuNposOopEMri5vGohqNb1y6eY	s1_pDTrZKnu8DU0E7Pko8gTuV_UElzPRuti6CM3a2kCxFw	1unMuQ	qadv-arbiter-7x7-rust-lambda-v0.1.0	-	qadv-arbiter-7x7-rust-lambda-v0.1.0	-	L	P	196
g1_lahgfjzX-Kf1-JVSgtFHjrmafRQaJHn2XhOO97VB0TM	s1_flXyOBW6T9LLVDFIvXBGel1MoVNZcUcMFIJnB9yLapU	1umx2t	python-gnn-puct-reval30k-v0.1.0	sha256:6120be86fc469df71473c3de64e5e32f99694cd47d621fa5948f243dc51d3d21	python-gnn-puct-reval30k-v0.1.0	sha256:6120be86fc469df71473c3de64e5e32f99694cd47d621fa5948f243dc51d3d21	D	P	196
g1_laiEwhLfTdz8-IsU42k4ttHfyDlHz4aEBwPZGk5yoXg	s1_CcVqRv-adHLA0uaAMc8pAZrrkDlYqO0ZvO-orgrVEtc	1unOar	qadv-arbiter-7x7-rust-lambda-v0.1.0	-	qadv-arbiter-7x7-rust-lambda-v0.1.0	-	L	P	196
g1_laiEwhLfTdz8-IsU42k4ttHfyDlHz4aEBwPZGk5yoXg	s1_RauLaTi4eVgYHSp2TV9pqs9uzTVv0B10g9TaHMWpcZ4	1unOar	qadv-arbiter-7x7-rust-lambda-v0.1.0	-	qadv-arbiter-7x7-rust-lambda-v0.1.0	-	L	P	-
g1_laiEwhLfTdz8-IsU42k4ttHfyDlHz4aEBwPZGk5yoXg	s1_qj2m6PQCg6PcGaT_lnW0U-miN3qPlTkD27QO_5mjzfw	1unOar	qadv-arbiter-7x7-rust-lambda-v0.1.0	-	qadv-arbiter-7x7-rust-lambda-v0.1.0	-	L	P	196
g1_laiEwhLfTdz8-IsU42k4ttHfyDlHz4aEBwPZGk5yoXg	s1_xdVBYe9syszVht6BjsLeu6nr74WfC57zUQnryfF_bQU	1unOar	qadv-arbiter-7x7-rust-lambda-v0.1.0	-	qadv-arbiter-7x7-rust-lambda-v0.1.0	-	L	P	196
g1_lalaRHRx4b2e-pyBtpCxgOTkrP1h2tLyytUJI_-0Ebc	s1_1xMU3L5Tgn9SJUUmCbR6ftQd19hRILJ2fJz0u04Uy2Q	1unLyH	qadv-arbiter-7x7-rust-lambda-v0.1.0	-	qadv-arbiter-7x7-rust-lambda-v0.1.0	-	D	P	196
g1_lalaRHRx4b2e-pyBtpCxgOTkrP1h2tLyytUJI_-0Ebc	s1_Lz1-UOXqS2ePp-0fDybcZQC42IoqBThj5EZHU0uS-0A	1unLyH	qadv-arbiter-7x7-rust-lambda-v0.1.0	-	qadv-arbiter-7x7-rust-lambda-v0.1.0	-	D	P	196
g1_lalaRHRx4b2e-pyBtpCxgOTkrP1h2tLyytUJI_-0Ebc	s1_RauLaTi4eVgYHSp2TV9pqs9uzTVv0B10g9TaHMWpcZ4	1unLyH	qadv-arbiter-7x7-rust-lambda-v0.1.0	-	qadv-arbiter-7x7-rust-lambda-v0.1.0	-	D	P	-
g1_lalaRHRx4b2e-pyBtpCxgOTkrP1h2tLyytUJI_-0Ebc	s1_n3esCoQXPjzpUK-Zj99JuS8Yy5hCeAqsMAv5eUySqxo	1unLyH	qadv-arbiter-7x7-rust-lambda-v0.1.0	-	qadv-arbiter-7x7-rust-lambda-v0.1.0	-	D	P	196
g1_lanLe8WBPUrYA5bTcw7dJYonuuet9cw1Piln274flZA	s1_HfsfrXNrM4T2g83bNUFuHyC2rB7Qn3GeOyurrUp4usk	1unPtp	qadv-arbiter-7x7-rust-lambda-v0.1.0	-	qadv-arbiter-7x7-rust-lambda-v0.1.0	-	L	P	196
g1_lanLe8WBPUrYA5bTcw7dJYonuuet9cw1Piln274flZA	s1_MMkrlrlVxQWJ-PuOBGuOmpXfcyEKrgxDc1RSYU6qs0w	1unPtp	qadv-arbiter-7x7-rust-lambda-v0.1.0	-	qadv-arbiter-7x7-rust-lambda-v0.1.0	-	L	P	196
g1_lanLe8WBPUrYA5bTcw7dJYonuuet9cw1Piln274flZA	s1_RauLaTi4eVgYHSp2TV9pqs9uzTVv0B10g9TaHMWpcZ4	1unPtp	qadv-arbiter-7x7-rust-lambda-v0.1.0	-	qadv-arbiter-7x7-rust-lambda-v0.1.0	-	L	P	-
g1_lanLe8WBPUrYA5bTcw7dJYonuuet9cw1Piln274flZA	s1_UgjRZHeeVyWiEGH063cJlub3uJPZmmGWj0_IC7b_HFk	1unPtp	qadv-arbiter-7x7-rust-lambda-v0.1.0	-	qadv-arbiter-7x7-rust-lambda-v0.1.0	-	L	P	196
g1_lanLe8WBPUrYA5bTcw7dJYonuuet9cw1Piln274flZA	s1__iviP67575GwxfKA_Esd5t67ObGlwX4Lqc6WjFN1J9Q	1unPtp	qadv-arbiter-7x7-rust-lambda-v0.1.0	-	qadv-arbiter-7x7-rust-lambda-v0.1.0	-	L	P	196
g1_lanLe8WBPUrYA5bTcw7dJYonuuet9cw1Piln274flZA	s1_fWwf6vPIfWNuRGJIDlUWUT2oUMKK4k6ApLFngkPD-nA	1unPtp	qadv-arbiter-7x7-rust-lambda-v0.1.0	-	qadv-arbiter-7x7-rust-lambda-v0.1.0	-	L	P	196
g1_lbJw1kCTdNTNr2VKDbBSXsKrtPQWeEkrdTF3BT5-IS0	s1_7FIu85-v_e-kbNsQ2UNk3yRt-KGcLyUjpmVwIc9cnfM	1umwKs	python-gnn-puct-scout-v0.1.0	sha256:b9f80706cc1f29076ee06fe06483697c749148a808c599579045d00a52573938	python-gnn-puct-scout-v0.1.0	sha256:b9f80706cc1f29076ee06fe06483697c749148a808c599579045d00a52573938	L	P	196
g1_lbJw1kCTdNTNr2VKDbBSXsKrtPQWeEkrdTF3BT5-IS0	s1_S8AGNBNcWBvWiwIo-AOAHPoHuZo2XvcsYvhgQxGTkrY	1umwKs	python-gnn-puct-scout-v0.1.0	sha256:b9f80706cc1f29076ee06fe06483697c749148a808c599579045d00a52573938	python-gnn-puct-scout-v0.1.0	sha256:b9f80706cc1f29076ee06fe06483697c749148a808c599579045d00a52573938	L	P	196
g1_lbUEmvqZTWrh4Y6G7UlsyBUlfb35TOonefQnMiKdWj0	s1_5I0Pq1dulKDPnQD9lC8NbO3qT1zJZ_aiahktFBciu2E	1unMg5	qadv-arbiter-7x7-rust-lambda-v0.1.0	-	qadv-arbiter-7x7-rust-lambda-v0.1.0	-	L	P	196
g1_lbUEmvqZTWrh4Y6G7UlsyBUlfb35TOonefQnMiKdWj0	s1_BHPAa5drYrz4SHL7I05PCPum5GpaHjbepK-OmV14yy0	1unMg5	qadv-arbiter-7x7-rust-lambda-v0.1.0	-	qadv-arbiter-7x7-rust-lambda-v0.1.0	-	L	P	196
g1_lbUEmvqZTWrh4Y6G7UlsyBUlfb35TOonefQnMiKdWj0	s1_RauLaTi4eVgYHSp2TV9pqs9uzTVv0B10g9TaHMWpcZ4	1unMg5	qadv-arbiter-7x7-rust-lambda-v0.1.0	-	qadv-arbiter-7x7-rust-lambda-v0.1.0	-	L	P	-
g1_lbUEmvqZTWrh4Y6G7UlsyBUlfb35TOonefQnMiKdWj0	s1_x8bUvQDTZvU9Q8RPUpOZ2ouAh7fDRPzSHt_o6QynVN0	1unMg5	qadv-arbiter-7x7-rust-lambda-v0.1.0	-	qadv-arbiter-7x7-rust-lambda-v0.1.0	-	L	P	196
g1_lbVVr7vc5i2yHIuT4DpDr9b2ehga4o61BaXdIS9oSkc	s1_HofUcA5J6RvMSrs5dPXnEV5zs9SfqCCPMhPWKWzjHlE	1unLoS	qadv-arbiter-7x7-rust-lambda-v0.1.0	-	qadv-arbiter-7x7-rust-lambda-v0.1.0	-	L	P	196
g1_lbVVr7vc5i2yHIuT4DpDr9b2ehga4o61BaXdIS9oSkc	s1_NXSGCsOk4jEGFwrKgc3ZMM2IY6ZJcwQ9GZ2FvOn1V4U	1unLoS	qadv-arbiter-7x7-rust-lambda-v0.1.0	-	qadv-arbiter-7x7-rust-lambda-v0.1.0	-	L	P	196
g1_lbVVr7vc5i2yHIuT4DpDr9b2ehga4o61BaXdIS9oSkc	s1_RauLaTi4eVgYHSp2TV9pqs9uzTVv0B10g9TaHMWpcZ4	1unLoS	qadv-arbiter-7x7-rust-lambda-v0.1.0	-	qadv-arbiter-7x7-rust-lambda-v0.1.0	-	L	P	-
g1_lbVVr7vc5i2yHIuT4DpDr9b2ehga4o61BaXdIS9oSkc	s1_TW4rL3Qetj5u6l4tp1HnLdJay5v1mBqqDf7FaHx2sfM	1unLoS	qadv-arbiter-7x7-rust-lambda-v0.1.0	-	qadv-arbiter-7x7-rust-lambda-v0.1.0	-	L	P	196
g1_lbZWw8f_noEAKCWRtRCbfeFKJLZJdRWxEm_6JH8BEoU	s1_7FIu85-v_e-kbNsQ2UNk3yRt-KGcLyUjpmVwIc9cnfM	1umwJS	python-gnn-puct-scout-v0.1.0	sha256:b9f80706cc1f29076ee06fe06483697c749148a808c599579045d00a52573938	python-gnn-puct-scout-v0.1.0	sha256:b9f80706cc1f29076ee06fe06483697c749148a808c599579045d00a52573938	L	P	196
g1_lbZWw8f_noEAKCWRtRCbfeFKJLZJdRWxEm_6JH8BEoU	s1_S8AGNBNcWBvWiwIo-AOAHPoHuZo2XvcsYvhgQxGTkrY	1umwJS	python-gnn-puct-scout-v0.1.0	sha256:b9f80706cc1f29076ee06fe06483697c749148a808c599579045d00a52573938	python-gnn-puct-scout-v0.1.0	sha256:b9f80706cc1f29076ee06fe06483697c749148a808c599579045d00a52573938	L	P	196
g1_lbeSl4IdxqpU_YlBYD7MQe9mC9zKWKAQQwJ6ca7N2m8	s1_JoU5zRGyObhTMmGG0ATOD8m6LsgcdbRfGjNfcnrUOKo	1unM1l	qadv-arbiter-7x7-rust-lambda-v0.1.0	-	qadv-arbiter-7x7-rust-lambda-v0.1.0	-	L	P	196
g1_lbeSl4IdxqpU_YlBYD7MQe9mC9zKWKAQQwJ6ca7N2m8	s1_KYCSo99G9lvphdLUbftj1MtIo9R3I330WU4XJS0GvJY	1unM1l	qadv-arbiter-7x7-rust-lambda-v0.1.0	-	qadv-arbiter-7x7-rust-lambda-v0.1.0	-	L	P	196
g1_lbeSl4IdxqpU_YlBYD7MQe9mC9zKWKAQQwJ6ca7N2m8	s1_RauLaTi4eVgYHSp2TV9pqs9uzTVv0B10g9TaHMWpcZ4	1unM1l	qadv-arbiter-7x7-rust-lambda-v0.1.0	-	qadv-arbiter-7x7-rust-lambda-v0.1.0	-	L	P	-
g1_lbeSl4IdxqpU_YlBYD7MQe9mC9zKWKAQQwJ6ca7N2m8	s1_kQxCDdrG7hZzFj1ATjOUS2pxvCffnYCXaBvzN-_6PCE	1unM1l	qadv-arbiter-7x7-rust-lambda-v0.1.0	-	qadv-arbiter-7x7-rust-lambda-v0.1.0	-	L	P	196
g1_lbehtdEWcXRO9TNcAxenOmjhbIYXtBZ0AwV_fjdW6rY	s1_O3cuwuia8XT9TI7Nxr3tRcajOA20XFHEIT2fYX3WizY	1un4gn	surveyor-v0.2.0	-	qadv-arbiter-guided-7x7-v0.2.0	sha256:9c0e5e530df7db77a98f6a2e75fe63a6f629c6ad6563e0b5454793ebc243b14d	L	P	196
g1_lbehtdEWcXRO9TNcAxenOmjhbIYXtBZ0AwV_fjdW6rY	s1_emJec2v0tFw2IkI46lobwl3MLElw58NqRX9QnSWPQGc	1un4gn	surveyor-v0.2.0	-	qadv-arbiter-guided-7x7-v0.2.0	sha256:9c0e5e530df7db77a98f6a2e75fe63a6f629c6ad6563e0b5454793ebc243b14d	L	P	196
g1_lbehtdEWcXRO9TNcAxenOmjhbIYXtBZ0AwV_fjdW6rY	s1_iKf_jQ0552THmC-XWhe7eFzF6uRP9RxtLWuha32VvUg	1un4gn	surveyor-v0.2.0	-	qadv-arbiter-guided-7x7-v0.2.0	sha256:9c0e5e530df7db77a98f6a2e75fe63a6f629c6ad6563e0b5454793ebc243b14d	L	P	196
g1_lbf2DWivgiwer7YfK4angCZwF1tsX3o_DPFUT5p6JHg	s1_K6oj0z6wRZ0TVTiC0N2AdhFfdW9p_1SVNZDU3XS1hwA	1unMt3	qadv-arbiter-7x7-rust-lambda-v0.1.0	-	qadv-arbiter-7x7-rust-lambda-v0.1.0	-	L	P	196
g1_lbf2DWivgiwer7YfK4angCZwF1tsX3o_DPFUT5p6JHg	s1_RauLaTi4eVgYHSp2TV9pqs9uzTVv0B10g9TaHMWpcZ4	1unMt3	qadv-arbiter-7x7-rust-lambda-v0.1.0	-	qadv-arbiter-7x7-rust-lambda-v0.1.0	-	L	P	-
g1_lbf2DWivgiwer7YfK4angCZwF1tsX3o_DPFUT5p6JHg	s1_fSC3OGKJi2pf2isYeWBPT-_RI2XRIiZBpaR71T71RV4	1unMt3	qadv-arbiter-7x7-rust-lambda-v0.1.0	-	qadv-arbiter-7x7-rust-lambda-v0.1.0	-	L	P	196
g1_lbf2DWivgiwer7YfK4angCZwF1tsX3o_DPFUT5p6JHg	s1_wi6L9NbE47DvKzpfNStLFl0pw5J68gT_HzIe6OrOU6k	1unMt3	qadv-arbiter-7x7-rust-lambda-v0.1.0	-	qadv-arbiter-7x7-rust-lambda-v0.1.0	-	L	P	196
g1_lbfd1SdUYqQbUNDbfvEQ3oYK2mnjK5Hqr6jxCaQ5QKk	s1_1av6nXQkq-GSHXfjkVlGHGpAq8F9UbW4JwZmyFA-vww	1umvOL	python-gnn-puct-learner-v0.1.0	sha256:ab0f739cd33d66781faf60e27797c5ccba3c04ba684f8d9e32e9c2754f4e8956	python-gnn-puct-learner-v0.1.0	sha256:ab0f739cd33d66781faf60e27797c5ccba3c04ba684f8d9e32e9c2754f4e8956	L	P	196
g1_lbfd1SdUYqQbUNDbfvEQ3oYK2mnjK5Hqr6jxCaQ5QKk	s1_QBFUsDtxokERlDOdQkleYbPvhJ-vIp2qmp6DXjS-7oM	1umvOL	python-gnn-puct-learner-v0.1.0	sha256:ab0f739cd33d66781faf60e27797c5ccba3c04ba684f8d9e32e9c2754f4e8956	python-gnn-puct-learner-v0.1.0	sha256:ab0f739cd33d66781faf60e27797c5ccba3c04ba684f8d9e32e9c2754f4e8956	L	P	196
g1_lbfd1SdUYqQbUNDbfvEQ3oYK2mnjK5Hqr6jxCaQ5QKk	s1_mWPTef6xYbijjPhDIC6QgLRmu2mMSJAokNlIkx3vg54	1umvOL	python-gnn-puct-learner-v0.1.0	sha256:ab0f739cd33d66781faf60e27797c5ccba3c04ba684f8d9e32e9c2754f4e8956	python-gnn-puct-learner-v0.1.0	sha256:ab0f739cd33d66781faf60e27797c5ccba3c04ba684f8d9e32e9c2754f4e8956	L	P	196
g1_lbigUw-cblVdiEQRL1oWtTQFoI6t-MR2P5i8ZGVjLg8	s1_2FtaP75xgRVTNrUvmC0NIesJCNy8IDFJ05WNM4nUnpg	1unQv8	qadv-arbiter-7x7-v0.1.0	-	surveyor-v0.2.0	-	D	P	196
g1_lbigUw-cblVdiEQRL1oWtTQFoI6t-MR2P5i8ZGVjLg8	s1_PKkm5dh2F8XjFJ5BuBrQ6UVDI2OPiBSIvX3hUqJc9Y4	1unQv8	qadv-arbiter-7x7-v0.1.0	-	surveyor-v0.2.0	-	D	P	196
g1_lbigUw-cblVdiEQRL1oWtTQFoI6t-MR2P5i8ZGVjLg8	s1_RauLaTi4eVgYHSp2TV9pqs9uzTVv0B10g9TaHMWpcZ4	1unQv8	qadv-arbiter-7x7-v0.1.0	-	surveyor-v0.2.0	-	D	P	-
g1_lbigUw-cblVdiEQRL1oWtTQFoI6t-MR2P5i8ZGVjLg8	s1_qCqGLTrNBG2rLv5ZJtW9Fn6aZgawmUAffvAnQWduGKE	1unQv8	qadv-arbiter-7x7-v0.1.0	-	surveyor-v0.2.0	-	D	P	196
g1_lbn3jN4gE40ptGClzyQI6UJsUEIk9rWfj4EuSe-bIHo	s1_BU_W3ShZjRGahp0G1J_9HkfsfBuKaITd_X5FsWoC57g	1unMwh	qadv-arbiter-7x7-rust-lambda-v0.1.0	-	qadv-arbiter-7x7-rust-lambda-v0.1.0	-	L	P	196
g1_lbn3jN4gE40ptGClzyQI6UJsUEIk9rWfj4EuSe-bIHo	s1_PZeenhe85Q0WD3VS4hQb4kc9h5k_59G-k23tDqg_chE	1unMwh	qadv-arbiter-7x7-rust-lambda-v0.1.0	-	qadv-arbiter-7x7-rust-lambda-v0.1.0	-	L	P	196
g1_lbn3jN4gE40ptGClzyQI6UJsUEIk9rWfj4EuSe-bIHo	s1_QpRhBM75voLPGX5IKBHNlF6S1S5Mb90XdzPyuQcUJEo	1unMwh	qadv-arbiter-7x7-rust-lambda-v0.1.0	-	qadv-arbiter-7x7-rust-lambda-v0.1.0	-	L	P	196
g1_lbn3jN4gE40ptGClzyQI6UJsUEIk9rWfj4EuSe-bIHo	s1_RauLaTi4eVgYHSp2TV9pqs9uzTVv0B10g9TaHMWpcZ4	1unMwh	qadv-arbiter-7x7-rust-lambda-v0.1.0	-	qadv-arbiter-7x7-rust-lambda-v0.1.0	-	L	P	-
g1_lbsFV_xHFWbZiX2UE9KpUt4f8lkxyRKlSALGsggkWfk	s1_CEZN9UpTiNQvXJwo6FOyI_d_RbqGe3g4pfn2vqxTPus	1unOUi	qadv-arbiter-7x7-rust-lambda-v0.1.0	-	qadv-arbiter-7x7-rust-lambda-v0.1.0	-	D	P	196
g1_lbsFV_xHFWbZiX2UE9KpUt4f8lkxyRKlSALGsggkWfk	s1_RauLaTi4eVgYHSp2TV9pqs9uzTVv0B10g9TaHMWpcZ4	1unOUi	qadv-arbiter-7x7-rust-lambda-v0.1.0	-	qadv-arbiter-7x7-rust-lambda-v0.1.0	-	D	P	-
g1_lbsFV_xHFWbZiX2UE9KpUt4f8lkxyRKlSALGsggkWfk	s1_hdooqlyA36IGb-XM9jICfqax9khstDnt3z7iQVjxeZU	1unOUi	qadv-arbiter-7x7-rust-lambda-v0.1.0	-	qadv-arbiter-7x7-rust-lambda-v0.1.0	-	D	P	196
g1_lbsFV_xHFWbZiX2UE9KpUt4f8lkxyRKlSALGsggkWfk	s1_uDhPTqmXCRXjBaDHtWrKDSIvH8RY8490hfaSJnH-b_k	1unOUi	qadv-arbiter-7x7-rust-lambda-v0.1.0	-	qadv-arbiter-7x7-rust-lambda-v0.1.0	-	D	P	196
g1_lbuJWve6W5Gm8RxFpyuLVKNULWQbBPDxnDd0l-hbATQ	s1_RauLaTi4eVgYHSp2TV9pqs9uzTVv0B10g9TaHMWpcZ4	1unLmk	qadv-arbiter-7x7-rust-lambda-v0.1.0	-	qadv-arbiter-7x7-rust-lambda-v0.1.0	-	D	P	-
g1_lbuJWve6W5Gm8RxFpyuLVKNULWQbBPDxnDd0l-hbATQ	s1_YnyA2-c_iTb-qH4jLE0gVPzgIpJV73p3jrYwAErzEIQ	1unLmk	qadv-arbiter-7x7-rust-lambda-v0.1.0	-	qadv-arbiter-7x7-rust-lambda-v0.1.0	-	D	P	196
g1_lbuJWve6W5Gm8RxFpyuLVKNULWQbBPDxnDd0l-hbATQ	s1_dLmqD8QmFdVG2MbmkkMn9GdBhpAnFbd-hmevUt06OL8	1unLmk	qadv-arbiter-7x7-rust-lambda-v0.1.0	-	qadv-arbiter-7x7-rust-lambda-v0.1.0	-	D	P	196
g1_lbuJWve6W5Gm8RxFpyuLVKNULWQbBPDxnDd0l-hbATQ	s1_kFkQFOP5GLCUOYvl0CWL-3W_jQ-tC7tppYg2yWegBT8	1unLmk	qadv-arbiter-7x7-rust-lambda-v0.1.0	-	qadv-arbiter-7x7-rust-lambda-v0.1.0	-	D	P	196
g1_lbvKg4w2Ge4fVJR76n7vohI2AjmTD-Fp9wNPe2okhgY	s1_6BTvGdigaYeJDRlwjXI_F-vD8K7mVEFwWtliu0y5bYM	1unNUV	qadv-arbiter-7x7-rust-lambda-v0.1.0	-	qadv-arbiter-7x7-rust-lambda-v0.1.0	-	L	P	196
g1_lbvKg4w2Ge4fVJR76n7vohI2AjmTD-Fp9wNPe2okhgY	s1_RauLaTi4eVgYHSp2TV9pqs9uzTVv0B10g9TaHMWpcZ4	1unNUV	qadv-arbiter-7x7-rust-lambda-v0.1.0	-	qadv-arbiter-7x7-rust-lambda-v0.1.0	-	L	P	-
g1_lbvKg4w2Ge4fVJR76n7vohI2AjmTD-Fp9wNPe2okhgY	s1_RhXKGpzHzr4BNLNuvzIX4Z246A6h0ainvLkRHo8eK0M	1unNUV	qadv-arbiter-7x7-rust-lambda-v0.1.0	-	qadv-arbiter-7x7-rust-lambda-v0.1.0	-	L	P	196
g1_lbvKg4w2Ge4fVJR76n7vohI2AjmTD-Fp9wNPe2okhgY	s1_dMWDuBku2nnDi8-lWnXn4imMuk5UI52t32MOu89ADhM	1unNUV	qadv-arbiter-7x7-rust-lambda-v0.1.0	-	qadv-arbiter-7x7-rust-lambda-v0.1.0	-	L	P	196
g1_lc6WsARoPoP_cbJa4gzlGnjrwkLPSNvo_7zo077KL6s	s1_FiRu-h6FRNUtEbps2IbJP1KZbJhSRCLKpUK2fJj2FpI	1unNgN	qadv-arbiter-7x7-rust-lambda-v0.1.0	-	qadv-arbiter-7x7-rust-lambda-v0.1.0	-	L	P	196
g1_lc6WsARoPoP_cbJa4gzlGnjrwkLPSNvo_7zo077KL6s	s1_RauLaTi4eVgYHSp2TV9pqs9uzTVv0B10g9TaHMWpcZ4	1unNgN	qadv-arbiter-7x7-rust-lambda-v0.1.0	-	qadv-arbiter-7x7-rust-lambda-v0.1.0	-	L	P	-
g1_lc6WsARoPoP_cbJa4gzlGnjrwkLPSNvo_7zo077KL6s	s1_VAnAx92f79d2v_Glu--Zv4Y3AtNRg03wmAKM5xL5XWI	1unNgN	qadv-arbiter-7x7-rust-lambda-v0.1.0	-	qadv-arbiter-7x7-rust-lambda-v0.1.0	-	L	P	196
g1_lc6WsARoPoP_cbJa4gzlGnjrwkLPSNvo_7zo077KL6s	s1_sZN5xfECiayPOcDJivReYFHYi_B1Mk6WKy6dsJochMs	1unNgN	qadv-arbiter-7x7-rust-lambda-v0.1.0	-	qadv-arbiter-7x7-rust-lambda-v0.1.0	-	L	P	196
g1_lc9C_SZZoHZpqPLPik7594I7amcXFqHkAnNqQY_Ok0k	s1_6Mlcw3WHwgx8aqZ99tDEWHACxGFbgNlfpBAaMw_pN1M	1unNfo	qadv-arbiter-7x7-rust-lambda-v0.1.0	-	qadv-arbiter-7x7-rust-lambda-v0.1.0	-	D	P	196
g1_lc9C_SZZoHZpqPLPik7594I7amcXFqHkAnNqQY_Ok0k	s1_BjYzTiPReCweEB3E-xElGOmkh2moFICcSKzJ1JfYvTo	1unNfo	qadv-arbiter-7x7-rust-lambda-v0.1.0	-	qadv-arbiter-7x7-rust-lambda-v0.1.0	-	D	P	196
g1_lc9C_SZZoHZpqPLPik7594I7amcXFqHkAnNqQY_Ok0k	s1_RauLaTi4eVgYHSp2TV9pqs9uzTVv0B10g9TaHMWpcZ4	1unNfo	qadv-arbiter-7x7-rust-lambda-v0.1.0	-	qadv-arbiter-7x7-rust-lambda-v0.1.0	-	D	P	-
g1_lc9C_SZZoHZpqPLPik7594I7amcXFqHkAnNqQY_Ok0k	s1_V4NeBK96mElec3jew4zZmj3EKjFrIJd1ST_W65ueUhQ	1unNfo	qadv-arbiter-7x7-rust-lambda-v0.1.0	-	qadv-arbiter-7x7-rust-lambda-v0.1.0	-	D	P	196
g1_lcDzDI9sWsc6zu6N24U-X4BEjRK_03B4fN5GCZuZQF4	s1_flXyOBW6T9LLVDFIvXBGel1MoVNZcUcMFIJnB9yLapU	1umxDg	python-gnn-puct-reval30k-v0.1.0	sha256:6120be86fc469df71473c3de64e5e32f99694cd47d621fa5948f243dc51d3d21	python-gnn-puct-reval30k-v0.1.0	sha256:6120be86fc469df71473c3de64e5e32f99694cd47d621fa5948f243dc51d3d21	D	P	196
g1_lcG8nVnf7olIC1N1LA-HbYhW7xvK40kxiSDxhJWL_uI	s1_EHd406NVisYX17tvp9tSYcqEWWp4CsAdRryHC10wfHc	1un2Sy	qadv-arbiter-guided-7x7-v0.2.0	sha256:9c0e5e530df7db77a98f6a2e75fe63a6f629c6ad6563e0b5454793ebc243b14d	pathfinder-v0.3.0	-	D	P	196
g1_lcG8nVnf7olIC1N1LA-HbYhW7xvK40kxiSDxhJWL_uI	s1_GCqZdg9KLzvh0I_b212TEmxdlG3kcwnq3SnQmPGgIqI	1un2Sy	qadv-arbiter-guided-7x7-v0.2.0	sha256:9c0e5e530df7db77a98f6a2e75fe63a6f629c6ad6563e0b5454793ebc243b14d	pathfinder-v0.3.0	-	D	P	196
g1_lcG8nVnf7olIC1N1LA-HbYhW7xvK40kxiSDxhJWL_uI	s1_O3cuwuia8XT9TI7Nxr3tRcajOA20XFHEIT2fYX3WizY	1un2Sy	qadv-arbiter-guided-7x7-v0.2.0	sha256:9c0e5e530df7db77a98f6a2e75fe63a6f629c6ad6563e0b5454793ebc243b14d	pathfinder-v0.3.0	-	D	P	196
g1_lcOTNfm0gm_81vLNXoVE6q0TSpWOLXJo8JG7yjGW_rs	s1_AZROcZHF5REFiDAFoebaQXkVL-WQTzMJdPFnogSD8mw	1umwDM	rust-pathfinder-onnx-sorter-v0.1.0	-	rust-pathfinder-v0.3.0	-	D	P	120
g1_lcPhW6tIC1irSJFGoNqd_n-81LkoUZ-wY8al7LkMiWA	s1_360gi5DEM5M4KSFahBgreBwSPB0d9N0HTsDkVE6Yr58	1unO_E	qadv-arbiter-7x7-rust-lambda-v0.1.0	-	qadv-arbiter-7x7-rust-lambda-v0.1.0	-	D	P	196
g1_lcPhW6tIC1irSJFGoNqd_n-81LkoUZ-wY8al7LkMiWA	s1_RauLaTi4eVgYHSp2TV9pqs9uzTVv0B10g9TaHMWpcZ4	1unO_E	qadv-arbiter-7x7-rust-lambda-v0.1.0	-	qadv-arbiter-7x7-rust-lambda-v0.1.0	-	D	P	-
g1_lcPhW6tIC1irSJFGoNqd_n-81LkoUZ-wY8al7LkMiWA	s1_abGuI_t4YJOu0qHS9ShpxK61hVPISf0GcorwRmMS92Y	1unO_E	qadv-arbiter-7x7-rust-lambda-v0.1.0	-	qadv-arbiter-7x7-rust-lambda-v0.1.0	-	D	P	196
g1_lcPhW6tIC1irSJFGoNqd_n-81LkoUZ-wY8al7LkMiWA	s1_nGQInWwPpaAFc1uxnHrc4UphWY0DTRqRK4L4Z1OtvDU	1unO_E	qadv-arbiter-7x7-rust-lambda-v0.1.0	-	qadv-arbiter-7x7-rust-lambda-v0.1.0	-	D	P	196
g1_lcRNpdsADaqbaWc3N6D7FJPq0Zmc4LVNs8IUQR_LG2M	s1_RauLaTi4eVgYHSp2TV9pqs9uzTVv0B10g9TaHMWpcZ4	1unMtr	qadv-arbiter-7x7-rust-lambda-v0.1.0	-	qadv-arbiter-7x7-rust-lambda-v0.1.0	-	L	P	-
g1_lcRNpdsADaqbaWc3N6D7FJPq0Zmc4LVNs8IUQR_LG2M	s1_eZsKCht_lasOlmVY3_W2i9qzZqFI69Vn5yrybTiEwP8	1unMtr	qadv-arbiter-7x7-rust-lambda-v0.1.0	-	qadv-arbiter-7x7-rust-lambda-v0.1.0	-	L	P	196
g1_lcRNpdsADaqbaWc3N6D7FJPq0Zmc4LVNs8IUQR_LG2M	s1_fSC3OGKJi2pf2isYeWBPT-_RI2XRIiZBpaR71T71RV4	1unMtr	qadv-arbiter-7x7-rust-lambda-v0.1.0	-	qadv-arbiter-7x7-rust-lambda-v0.1.0	-	L	P	196
g1_lcRNpdsADaqbaWc3N6D7FJPq0Zmc4LVNs8IUQR_LG2M	s1_wi6L9NbE47DvKzpfNStLFl0pw5J68gT_HzIe6OrOU6k	1unMtr	qadv-arbiter-7x7-rust-lambda-v0.1.0	-	qadv-arbiter-7x7-rust-lambda-v0.1.0	-	L	P	196
g1_lcZuoXMzjCriBfBuWrjOOMpSTcTqzQkzaQIBw1WBMoE	s1_1QbmjfeRkkXyaNt7uNuvbgRijxc-3p2MSJZecDZNhk8	1un5uW	qadv-arbiter-guided-7x7-v0.2.0	sha256:9c0e5e530df7db77a98f6a2e75fe63a6f629c6ad6563e0b5454793ebc243b14d	gnn-reval30k-7x7	sha256:7f41dbe135649d1116a0914bc0358a5ffae95749195ec20dd972035bbbea52f7	L	P	196
g1_lcZuoXMzjCriBfBuWrjOOMpSTcTqzQkzaQIBw1WBMoE	s1_KFCPuS07IuvwTcEzH-1o96QSsgWXXBFf-H4aSllW5pw	1un5uW	qadv-arbiter-guided-7x7-v0.2.0	sha256:9c0e5e530df7db77a98f6a2e75fe63a6f629c6ad6563e0b5454793ebc243b14d	gnn-reval30k-7x7	sha256:7f41dbe135649d1116a0914bc0358a5ffae95749195ec20dd972035bbbea52f7	L	P	196
g1_lcZuoXMzjCriBfBuWrjOOMpSTcTqzQkzaQIBw1WBMoE	s1_O3cuwuia8XT9TI7Nxr3tRcajOA20XFHEIT2fYX3WizY	1un5uW	qadv-arbiter-guided-7x7-v0.2.0	sha256:9c0e5e530df7db77a98f6a2e75fe63a6f629c6ad6563e0b5454793ebc243b14d	gnn-reval30k-7x7	sha256:7f41dbe135649d1116a0914bc0358a5ffae95749195ec20dd972035bbbea52f7	L	P	196
g1_lcZuoXMzjCriBfBuWrjOOMpSTcTqzQkzaQIBw1WBMoE	s1_OfzUOjzcUa0ZvGXOvzmOBgjgnGAySQKksPXftzcChTA	1un5uW	qadv-arbiter-guided-7x7-v0.2.0	sha256:9c0e5e530df7db77a98f6a2e75fe63a6f629c6ad6563e0b5454793ebc243b14d	gnn-reval30k-7x7	sha256:7f41dbe135649d1116a0914bc0358a5ffae95749195ec20dd972035bbbea52f7	L	P	196
g1_lciK7u6w7mLfdM1aP0he9jm9IQ_gsaw7xub6GPk7hvs	s1_GLW-E0PYcDYXElF_Ibv-XKtzXdYKCySMz7s8bVR3r9o	1un5OQ	qadv-arbiter-guided-7x7-v0.2.0	sha256:9c0e5e530df7db77a98f6a2e75fe63a6f629c6ad6563e0b5454793ebc243b14d	surveyor-v0.2.0	-	D	P	196
g1_lciK7u6w7mLfdM1aP0he9jm9IQ_gsaw7xub6GPk7hvs	s1_O3cuwuia8XT9TI7Nxr3tRcajOA20XFHEIT2fYX3WizY	1un5OQ	qadv-arbiter-guided-7x7-v0.2.0	sha256:9c0e5e530df7db77a98f6a2e75fe63a6f629c6ad6563e0b5454793ebc243b14d	surveyor-v0.2.0	-	D	P	196
g1_lciK7u6w7mLfdM1aP0he9jm9IQ_gsaw7xub6GPk7hvs	s1_g6m_F25QA1x_rKWVwpeYFV6S7hZZaTfg60yuJczFcDc	1un5OQ	qadv-arbiter-guided-7x7-v0.2.0	sha256:9c0e5e530df7db77a98f6a2e75fe63a6f629c6ad6563e0b5454793ebc243b14d	surveyor-v0.2.0	-	D	P	196
g1_lcp2SJXDwFghL0uyw-LrYRdUywc_I2T5zRAtVzfgEU4	s1_7FIu85-v_e-kbNsQ2UNk3yRt-KGcLyUjpmVwIc9cnfM	1umwBp	python-gnn-puct-scout-v0.1.0	sha256:b9f80706cc1f29076ee06fe06483697c749148a808c599579045d00a52573938	python-gnn-puct-scout-v0.1.0	sha256:b9f80706cc1f29076ee06fe06483697c749148a808c599579045d00a52573938	L	P	196
g1_lcp2SJXDwFghL0uyw-LrYRdUywc_I2T5zRAtVzfgEU4	s1_S8AGNBNcWBvWiwIo-AOAHPoHuZo2XvcsYvhgQxGTkrY	1umwBp	python-gnn-puct-scout-v0.1.0	sha256:b9f80706cc1f29076ee06fe06483697c749148a808c599579045d00a52573938	python-gnn-puct-scout-v0.1.0	sha256:b9f80706cc1f29076ee06fe06483697c749148a808c599579045d00a52573938	L	P	196
g1_ldT5xiwqbIVrO4xpK2C7K8ckDolj2khlEM_qr2lsIA8	s1_FCGT-S3mY6j0zP7fQdpXQLVthNHbQN7NQudG8eASdyQ	1unOWA	qadv-arbiter-7x7-rust-lambda-v0.1.0	-	qadv-arbiter-7x7-rust-lambda-v0.1.0	-	D	P	196
g1_ldT5xiwqbIVrO4xpK2C7K8ckDolj2khlEM_qr2lsIA8	s1_RauLaTi4eVgYHSp2TV9pqs9uzTVv0B10g9TaHMWpcZ4	1unOWA	qadv-arbiter-7x7-rust-lambda-v0.1.0	-	qadv-arbiter-7x7-rust-lambda-v0.1.0	-	D	P	-
g1_ldT5xiwqbIVrO4xpK2C7K8ckDolj2khlEM_qr2lsIA8	s1_U0uDn3zQ0biKc0GAQKIlewU-6VNRtHYnZXNcfdnXDIw	1unOWA	qadv-arbiter-7x7-rust-lambda-v0.1.0	-	qadv-arbiter-7x7-rust-lambda-v0.1.0	-	D	P	196
g1_ldT5xiwqbIVrO4xpK2C7K8ckDolj2khlEM_qr2lsIA8	s1_sS_lNXE5u4ZEVMJEnWGYsmw8LTxHK0Qr2zHG_Miyiw0	1unOWA	qadv-arbiter-7x7-rust-lambda-v0.1.0	-	qadv-arbiter-7x7-rust-lambda-v0.1.0	-	D	P	196
g1_ldT7cUJYGOfs9CMeflMq60s-mQRZ8GENKjJFvbs-PtQ	s1_KVk2Bb2kKklmGNSf0IbgWpiVmnxn1nbZLn6MgxjrIyM	1unNOc	qadv-arbiter-7x7-rust-lambda-v0.1.0	-	qadv-arbiter-7x7-rust-lambda-v0.1.0	-	D	P	196
g1_ldT7cUJYGOfs9CMeflMq60s-mQRZ8GENKjJFvbs-PtQ	s1_RauLaTi4eVgYHSp2TV9pqs9uzTVv0B10g9TaHMWpcZ4	1unNOc	qadv-arbiter-7x7-rust-lambda-v0.1.0	-	qadv-arbiter-7x7-rust-lambda-v0.1.0	-	D	P	-
g1_ldT7cUJYGOfs9CMeflMq60s-mQRZ8GENKjJFvbs-PtQ	s1_uZqjncucT1KQCHrXeoC_v_q5hHHGMy6HLNvsZcpnMbA	1unNOc	qadv-arbiter-7x7-rust-lambda-v0.1.0	-	qadv-arbiter-7x7-rust-lambda-v0.1.0	-	D	P	196
g1_ldT7cUJYGOfs9CMeflMq60s-mQRZ8GENKjJFvbs-PtQ	s1_zSHhCLIbwNCb28ENicf7OhnXELj_RO7ok5aldObXyho	1unNOc	qadv-arbiter-7x7-rust-lambda-v0.1.0	-	qadv-arbiter-7x7-rust-lambda-v0.1.0	-	D	P	196
g1_ldgo1sF2l7I02346Gdm-j6tizaoUbHJfkvThpRz-27U	s1_0llb9tBBNtkkSKs5Vscf8ZiqRl4WnqpIPxKGDGBx094	1unOA1	qadv-arbiter-7x7-rust-lambda-v0.1.0	-	qadv-arbiter-7x7-rust-lambda-v0.1.0	-	D	P	196
g1_ldgo1sF2l7I02346Gdm-j6tizaoUbHJfkvThpRz-27U	s1_RauLaTi4eVgYHSp2TV9pqs9uzTVv0B10g9TaHMWpcZ4	1unOA1	qadv-arbiter-7x7-rust-lambda-v0.1.0	-	qadv-arbiter-7x7-rust-lambda-v0.1.0	-	D	P	-
g1_ldgo1sF2l7I02346Gdm-j6tizaoUbHJfkvThpRz-27U	s1_aROl6rz22LBnWqLu_ii0i_LaVfyTaGWiBOP1j4_pkyk	1unOA1	qadv-arbiter-7x7-rust-lambda-v0.1.0	-	qadv-arbiter-7x7-rust-lambda-v0.1.0	-	D	P	196
g1_ldgo1sF2l7I02346Gdm-j6tizaoUbHJfkvThpRz-27U	s1_y1C-VLuOT43vobfRfCgL0OeFEqZRYuW3nMwdUMAQ0vM	1unOA1	qadv-arbiter-7x7-rust-lambda-v0.1.0	-	qadv-arbiter-7x7-rust-lambda-v0.1.0	-	D	P	196
g1_ldlTOvn-ocG2GLKR7OuApl3hEuLfqitJt48raxt-x50	s1_2FtaP75xgRVTNrUvmC0NIesJCNy8IDFJ05WNM4nUnpg	1unQxd	surveyor-v0.2.0	-	qadv-arbiter-7x7-v0.1.0	-	L	P	196
g1_ldlTOvn-ocG2GLKR7OuApl3hEuLfqitJt48raxt-x50	s1_F1bRTMMc7WPBHhcU2WhUt_ZCP3YyTFtaERJ-_FH31CA	1unQxd	surveyor-v0.2.0	-	qadv-arbiter-7x7-v0.1.0	-	L	P	196
g1_ldlTOvn-ocG2GLKR7OuApl3hEuLfqitJt48raxt-x50	s1_RauLaTi4eVgYHSp2TV9pqs9uzTVv0B10g9TaHMWpcZ4	1unQxd	surveyor-v0.2.0	-	qadv-arbiter-7x7-v0.1.0	-	L	P	-
g1_ldlTOvn-ocG2GLKR7OuApl3hEuLfqitJt48raxt-x50	s1_vrQ9Ft5Q86Xr2pXs1VksUnUBMt4Ms5V_MjKO6DbTQxU	1unQxd	surveyor-v0.2.0	-	qadv-arbiter-7x7-v0.1.0	-	L	P	196
g1_ldxSXa3MZUiozv5UySPbwNHjgw7tZCpvfyHWfk4BGYA	s1_J9EF5676IM_wxOc02zG45LXeEd3FeuUD_sb4PARt5Zg	1un3xu	qadv-arbiter-guided-7x7-v0.2.0	sha256:9c0e5e530df7db77a98f6a2e75fe63a6f629c6ad6563e0b5454793ebc243b14d	pathfinder-v0.3.0	-	D	P	196
g1_ldxSXa3MZUiozv5UySPbwNHjgw7tZCpvfyHWfk4BGYA	s1_O3cuwuia8XT9TI7Nxr3tRcajOA20XFHEIT2fYX3WizY	1un3xu	qadv-arbiter-guided-7x7-v0.2.0	sha256:9c0e5e530df7db77a98f6a2e75fe63a6f629c6ad6563e0b5454793ebc243b14d	pathfinder-v0.3.0	-	D	P	196
g1_ldxSXa3MZUiozv5UySPbwNHjgw7tZCpvfyHWfk4BGYA	s1_vBzftZG0Bl9ZcDVZ1IICh3h95fLn4RxcOPWDBv8bIBo	1un3xu	qadv-arbiter-guided-7x7-v0.2.0	sha256:9c0e5e530df7db77a98f6a2e75fe63a6f629c6ad6563e0b5454793ebc243b14d	pathfinder-v0.3.0	-	D	P	196
g1_le46tMi3XO2iv7mecO6uhVj70pU89igSt9iePtERZzE	s1_4S-ileCc0jjWD2Ug6ouQEilb8YugwlxlMWFSywvBM5Q	1unOBQ	qadv-arbiter-7x7-rust-lambda-v0.1.0	-	qadv-arbiter-7x7-rust-lambda-v0.1.0	-	D	P	196
g1_le46tMi3XO2iv7mecO6uhVj70pU89igSt9iePtERZzE	s1_4sL84yXxzjJepJQd41KJn1ioiP43XiHL590DXBRFgk0	1unOBQ	qadv-arbiter-7x7-rust-lambda-v0.1.0	-	qadv-arbiter-7x7-rust-lambda-v0.1.0	-	D	P	196
g1_le46tMi3XO2iv7mecO6uhVj70pU89igSt9iePtERZzE	s1_90d8lhb_ikaZUk_AhBH5SuEb0RCB0FdYGdyoUwuN9JQ	1unOBQ	qadv-arbiter-7x7-rust-lambda-v0.1.0	-	qadv-arbiter-7x7-rust-lambda-v0.1.0	-	D	P	196
g1_le46tMi3XO2iv7mecO6uhVj70pU89igSt9iePtERZzE	s1_RauLaTi4eVgYHSp2TV9pqs9uzTVv0B10g9TaHMWpcZ4	1unOBQ	qadv-arbiter-7x7-rust-lambda-v0.1.0	-	qadv-arbiter-7x7-rust-lambda-v0.1.0	-	D	P	-
g1_leJI50C_l8kJ1AlI9uH2koE0OtKo7LP4Alqsk2UYSjo	s1_1av6nXQkq-GSHXfjkVlGHGpAq8F9UbW4JwZmyFA-vww	1umvQu	python-gnn-puct-learner-v0.1.0	sha256:ab0f739cd33d66781faf60e27797c5ccba3c04ba684f8d9e32e9c2754f4e8956	python-gnn-puct-learner-v0.1.0	sha256:ab0f739cd33d66781faf60e27797c5ccba3c04ba684f8d9e32e9c2754f4e8956	-	M	196
g1_leJI50C_l8kJ1AlI9uH2koE0OtKo7LP4Alqsk2UYSjo	s1_QBFUsDtxokERlDOdQkleYbPvhJ-vIp2qmp6DXjS-7oM	1umvQu	python-gnn-puct-learner-v0.1.0	sha256:ab0f739cd33d66781faf60e27797c5ccba3c04ba684f8d9e32e9c2754f4e8956	python-gnn-puct-learner-v0.1.0	sha256:ab0f739cd33d66781faf60e27797c5ccba3c04ba684f8d9e32e9c2754f4e8956	-	M	196
g1_leJI50C_l8kJ1AlI9uH2koE0OtKo7LP4Alqsk2UYSjo	s1_mWPTef6xYbijjPhDIC6QgLRmu2mMSJAokNlIkx3vg54	1umvQu	python-gnn-puct-learner-v0.1.0	sha256:ab0f739cd33d66781faf60e27797c5ccba3c04ba684f8d9e32e9c2754f4e8956	python-gnn-puct-learner-v0.1.0	sha256:ab0f739cd33d66781faf60e27797c5ccba3c04ba684f8d9e32e9c2754f4e8956	-	M	196
g1_leSo_MMYS09pBHzjxnzOAVMMKfjj0mAljEJn-1C60ys	s1_RauLaTi4eVgYHSp2TV9pqs9uzTVv0B10g9TaHMWpcZ4	1unOf1	qadv-arbiter-7x7-rust-lambda-v0.1.0	-	qadv-arbiter-7x7-rust-lambda-v0.1.0	-	D	P	-
g1_leSo_MMYS09pBHzjxnzOAVMMKfjj0mAljEJn-1C60ys	s1_TkZUNznl2GfG-g2zig3U0C57P-VgO51X8o45xTVu-84	1unOf1	qadv-arbiter-7x7-rust-lambda-v0.1.0	-	qadv-arbiter-7x7-rust-lambda-v0.1.0	-	D	P	196
g1_leSo_MMYS09pBHzjxnzOAVMMKfjj0mAljEJn-1C60ys	s1_bIMPSlw40XQFweG29BmZvgn9UcGUpHDJK12tbYXIAJY	1unOf1	qadv-arbiter-7x7-rust-lambda-v0.1.0	-	qadv-arbiter-7x7-rust-lambda-v0.1.0	-	D	P	196
g1_leSo_MMYS09pBHzjxnzOAVMMKfjj0mAljEJn-1C60ys	s1_cKyGCtPsYlPLUV99r2lCI0LaqrF0zbl2_piZSPO126c	1unOf1	qadv-arbiter-7x7-rust-lambda-v0.1.0	-	qadv-arbiter-7x7-rust-lambda-v0.1.0	-	D	P	196
g1_leW0T5yACSuM8EVM_cA7QVzhcF_9ocNBDCQxdGtMeYs	s1_2FtaP75xgRVTNrUvmC0NIesJCNy8IDFJ05WNM4nUnpg	1unQzm	qadv-arbiter-7x7-v0.1.0	-	surveyor-v0.2.0	-	D	P	196
g1_leW0T5yACSuM8EVM_cA7QVzhcF_9ocNBDCQxdGtMeYs	s1_DkFsEmXYe1KphoYdOPL3a4OI8KZcctVu6BwZkFlUv7Y	1unQzm	qadv-arbiter-7x7-v0.1.0	-	surveyor-v0.2.0	-	D	P	196
g1_leW0T5yACSuM8EVM_cA7QVzhcF_9ocNBDCQxdGtMeYs	s1_KctY2kt7evudCohOQgoXPiB8P0Gd2q8EBeL-vqxN8Hc	1unQzm	qadv-arbiter-7x7-v0.1.0	-	surveyor-v0.2.0	-	D	P	196
g1_leW0T5yACSuM8EVM_cA7QVzhcF_9ocNBDCQxdGtMeYs	s1_RauLaTi4eVgYHSp2TV9pqs9uzTVv0B10g9TaHMWpcZ4	1unQzm	qadv-arbiter-7x7-v0.1.0	-	surveyor-v0.2.0	-	D	P	-
g1_leWQFy1j-6pWGnROwp_79rIpprCnnWB3JXIe91jwmus	s1_1av6nXQkq-GSHXfjkVlGHGpAq8F9UbW4JwZmyFA-vww	1umvCV	coin-flip-v0.0.1	-	pathfinder-v0.3.0	-	D	P	196
g1_leWQFy1j-6pWGnROwp_79rIpprCnnWB3JXIe91jwmus	s1_Brk0hkuJoH-MBjdd53AO5tlWcOgDWV_R0PO74fHGd_0	1umvCV	coin-flip-v0.0.1	-	pathfinder-v0.3.0	-	D	P	196
g1_leWQFy1j-6pWGnROwp_79rIpprCnnWB3JXIe91jwmus	s1_QzXKB60HvV5g6-cJIu-NdpeFb1rCgFAJD1cxfdkoMm0	1umvCV	coin-flip-v0.0.1	-	pathfinder-v0.3.0	-	D	P	196
g1_leXCtVA2x7ot6HF1qTnlbESGe-TkZNE--oxYjAMANoQ	s1_6PxtazPxkizz7K9QTWPSCIopEV5n0zpHoq3F52yO_6U	1umwkU	python-cnn-puct-v0.1.0	sha256:7845e9b7687beee165dc36b8d21833b7a8b5a83e31b58b49bd05c277ba26e642	python-cnn-puct-v0.1.0	sha256:7845e9b7687beee165dc36b8d21833b7a8b5a83e31b58b49bd05c277ba26e642	L	P	196
g1_leXCtVA2x7ot6HF1qTnlbESGe-TkZNE--oxYjAMANoQ	s1_baRgKA_wMXdl0r4AwdkUfhWC04qxd1MvEGXAQaDd4fo	1umwkU	python-cnn-puct-v0.1.0	sha256:7845e9b7687beee165dc36b8d21833b7a8b5a83e31b58b49bd05c277ba26e642	python-cnn-puct-v0.1.0	sha256:7845e9b7687beee165dc36b8d21833b7a8b5a83e31b58b49bd05c277ba26e642	L	P	196
g1_leaJby2A2t6JmhuDH7iHYcswyzkIy8phuFX1rAbgP_k	s1_1av6nXQkq-GSHXfjkVlGHGpAq8F9UbW4JwZmyFA-vww	1umvSg	python-gnn-puct-learner-v0.1.0	sha256:ab0f739cd33d66781faf60e27797c5ccba3c04ba684f8d9e32e9c2754f4e8956	python-gnn-puct-learner-v0.1.0	sha256:ab0f739cd33d66781faf60e27797c5ccba3c04ba684f8d9e32e9c2754f4e8956	-	M	196
g1_leaJby2A2t6JmhuDH7iHYcswyzkIy8phuFX1rAbgP_k	s1_QBFUsDtxokERlDOdQkleYbPvhJ-vIp2qmp6DXjS-7oM	1umvSg	python-gnn-puct-learner-v0.1.0	sha256:ab0f739cd33d66781faf60e27797c5ccba3c04ba684f8d9e32e9c2754f4e8956	python-gnn-puct-learner-v0.1.0	sha256:ab0f739cd33d66781faf60e27797c5ccba3c04ba684f8d9e32e9c2754f4e8956	-	M	196
g1_leaJby2A2t6JmhuDH7iHYcswyzkIy8phuFX1rAbgP_k	s1_mWPTef6xYbijjPhDIC6QgLRmu2mMSJAokNlIkx3vg54	1umvSg	python-gnn-puct-learner-v0.1.0	sha256:ab0f739cd33d66781faf60e27797c5ccba3c04ba684f8d9e32e9c2754f4e8956	python-gnn-puct-learner-v0.1.0	sha256:ab0f739cd33d66781faf60e27797c5ccba3c04ba684f8d9e32e9c2754f4e8956	-	M	196
g1_leb4swDsaOUtwv9dmgnvuDXn2rOmz9eVX0hR6k7Ub00	s1_CfAsoybXCTJcdd3oQ73rFABbPBV6GGrhs1DP9FurJMM	1unMec	qadv-arbiter-7x7-rust-lambda-v0.1.0	-	qadv-arbiter-7x7-rust-lambda-v0.1.0	-	L	P	196
g1_leb4swDsaOUtwv9dmgnvuDXn2rOmz9eVX0hR6k7Ub00	s1_RauLaTi4eVgYHSp2TV9pqs9uzTVv0B10g9TaHMWpcZ4	1unMec	qadv-arbiter-7x7-rust-lambda-v0.1.0	-	qadv-arbiter-7x7-rust-lambda-v0.1.0	-	L	P	-
g1_leb4swDsaOUtwv9dmgnvuDXn2rOmz9eVX0hR6k7Ub00	s1_c3s135i5DIYTPj-XUlgRpmR_a8oWhgJOc3QwmamO04Q	1unMec	qadv-arbiter-7x7-rust-lambda-v0.1.0	-	qadv-arbiter-7x7-rust-lambda-v0.1.0	-	L	P	196
g1_leb4swDsaOUtwv9dmgnvuDXn2rOmz9eVX0hR6k7Ub00	s1_qa1iHKxrP3nXm_hQwgCQ4GN22JvQkY3nCt_68lwoxmY	1unMec	qadv-arbiter-7x7-rust-lambda-v0.1.0	-	qadv-arbiter-7x7-rust-lambda-v0.1.0	-	L	P	196
g1_leinvcuezDY7ft35IQ3ujMyce-_Nhxakey4Z9HxqoHA	s1_6PxtazPxkizz7K9QTWPSCIopEV5n0zpHoq3F52yO_6U	1umwu7	python-cnn-puct-v0.1.0	sha256:7845e9b7687beee165dc36b8d21833b7a8b5a83e31b58b49bd05c277ba26e642	python-cnn-puct-v0.1.0	sha256:7845e9b7687beee165dc36b8d21833b7a8b5a83e31b58b49bd05c277ba26e642	D	P	196
g1_leinvcuezDY7ft35IQ3ujMyce-_Nhxakey4Z9HxqoHA	s1_baRgKA_wMXdl0r4AwdkUfhWC04qxd1MvEGXAQaDd4fo	1umwu7	python-cnn-puct-v0.1.0	sha256:7845e9b7687beee165dc36b8d21833b7a8b5a83e31b58b49bd05c277ba26e642	python-cnn-puct-v0.1.0	sha256:7845e9b7687beee165dc36b8d21833b7a8b5a83e31b58b49bd05c277ba26e642	D	P	196
g1_lewuPIV5cIb3IRrrutGOVuaBzs6jKFuPrZKthaUNclc	s1_4VDnXlZTfsb1E6n9zASkfSwrnG_X2m2DgBEVBOl0FW4	1unNWd	qadv-arbiter-7x7-rust-lambda-v0.1.0	-	qadv-arbiter-7x7-rust-lambda-v0.1.0	-	D	P	196
g1_lewuPIV5cIb3IRrrutGOVuaBzs6jKFuPrZKthaUNclc	s1_FPPs83xneHOVZ--ScZsm151fECCgsrLr3a25Th4D_dQ	1unNWd	qadv-arbiter-7x7-rust-lambda-v0.1.0	-	qadv-arbiter-7x7-rust-lambda-v0.1.0	-	D	P	196
g1_lewuPIV5cIb3IRrrutGOVuaBzs6jKFuPrZKthaUNclc	s1_RauLaTi4eVgYHSp2TV9pqs9uzTVv0B10g9TaHMWpcZ4	1unNWd	qadv-arbiter-7x7-rust-lambda-v0.1.0	-	qadv-arbiter-7x7-rust-lambda-v0.1.0	-	D	P	-
g1_lewuPIV5cIb3IRrrutGOVuaBzs6jKFuPrZKthaUNclc	s1_VbUDqM0mGBaaCbMhuwGBN3AE73fZr0CqJBBY3OXQcHo	1unNWd	qadv-arbiter-7x7-rust-lambda-v0.1.0	-	qadv-arbiter-7x7-rust-lambda-v0.1.0	-	D	P	196
g1_lf811rq887RsIe-Mb18bFeDCCIriErZ-KT_mcFPZxwc	s1_23fsCr_94duiTFVo9lgUY-rZpz-PD3D0L41-CEIn8n4	1unOdR	qadv-arbiter-7x7-rust-lambda-v0.1.0	-	qadv-arbiter-7x7-rust-lambda-v0.1.0	-	L	P	196
g1_lf811rq887RsIe-Mb18bFeDCCIriErZ-KT_mcFPZxwc	s1_LqCkd2nTYb9GoJtqeUMRLYD7GYZkbFMs5b3QmbwHceM	1unOdR	qadv-arbiter-7x7-rust-lambda-v0.1.0	-	qadv-arbiter-7x7-rust-lambda-v0.1.0	-	L	P	196
g1_lf811rq887RsIe-Mb18bFeDCCIriErZ-KT_mcFPZxwc	s1_RauLaTi4eVgYHSp2TV9pqs9uzTVv0B10g9TaHMWpcZ4	1unOdR	qadv-arbiter-7x7-rust-lambda-v0.1.0	-	qadv-arbiter-7x7-rust-lambda-v0.1.0	-	L	P	-
g1_lf811rq887RsIe-Mb18bFeDCCIriErZ-KT_mcFPZxwc	s1_qeZtavfA2oJ0_GSqFxMhfYEiI6BVgqQ2LaoNmSVRm0U	1unOdR	qadv-arbiter-7x7-rust-lambda-v0.1.0	-	qadv-arbiter-7x7-rust-lambda-v0.1.0	-	L	P	196
g1_lfF_k5ZfmQDRRq6OiQmRJA7Gw3OIMES0X2IO6nBes7Q	s1_flXyOBW6T9LLVDFIvXBGel1MoVNZcUcMFIJnB9yLapU	1umxFP	python-gnn-puct-reval30k-v0.1.0	sha256:6120be86fc469df71473c3de64e5e32f99694cd47d621fa5948f243dc51d3d21	python-gnn-puct-reval30k-v0.1.0	sha256:6120be86fc469df71473c3de64e5e32f99694cd47d621fa5948f243dc51d3d21	D	P	196
g1_lfFiwvwryx_x96mtfAIhjPD33ctPGp_xunqU9ozuTHY	s1_1LB6NAgPOeCp4r8rQw4kUOIXWpEdWysFm5RZjWCQSgc	1umwZg	python-gnn-puct-learner-v0.1.0	sha256:ab0f739cd33d66781faf60e27797c5ccba3c04ba684f8d9e32e9c2754f4e8956	python-gnn-puct-learner-v0.1.0	sha256:ab0f739cd33d66781faf60e27797c5ccba3c04ba684f8d9e32e9c2754f4e8956	L	P	196
g1_lfFiwvwryx_x96mtfAIhjPD33ctPGp_xunqU9ozuTHY	s1_P4NHYhwuVnEA-dG2X-UVeVotb84A5mwljbYTlTMqr8w	1umwZg	python-gnn-puct-learner-v0.1.0	sha256:ab0f739cd33d66781faf60e27797c5ccba3c04ba684f8d9e32e9c2754f4e8956	python-gnn-puct-learner-v0.1.0	sha256:ab0f739cd33d66781faf60e27797c5ccba3c04ba684f8d9e32e9c2754f4e8956	L	P	196
g1_lfGjmpxgUSO-kRF0NRCZcNACrr78D-KLXDDpQX4eWoA	s1_7FIu85-v_e-kbNsQ2UNk3yRt-KGcLyUjpmVwIc9cnfM	1umwB6	python-gnn-puct-scout-v0.1.0	sha256:b9f80706cc1f29076ee06fe06483697c749148a808c599579045d00a52573938	python-gnn-puct-scout-v0.1.0	sha256:b9f80706cc1f29076ee06fe06483697c749148a808c599579045d00a52573938	D	P	196
g1_lfGjmpxgUSO-kRF0NRCZcNACrr78D-KLXDDpQX4eWoA	s1_S8AGNBNcWBvWiwIo-AOAHPoHuZo2XvcsYvhgQxGTkrY	1umwB6	python-gnn-puct-scout-v0.1.0	sha256:b9f80706cc1f29076ee06fe06483697c749148a808c599579045d00a52573938	python-gnn-puct-scout-v0.1.0	sha256:b9f80706cc1f29076ee06fe06483697c749148a808c599579045d00a52573938	D	P	196
g1_lfNzR98QdAQo-TZODtOYEFHnyfdDFiIZ-nyhX18EOrY	s1_6PxtazPxkizz7K9QTWPSCIopEV5n0zpHoq3F52yO_6U	1umwoj	python-cnn-puct-v0.1.0	sha256:7845e9b7687beee165dc36b8d21833b7a8b5a83e31b58b49bd05c277ba26e642	python-cnn-puct-v0.1.0	sha256:7845e9b7687beee165dc36b8d21833b7a8b5a83e31b58b49bd05c277ba26e642	L	P	196
g1_lfNzR98QdAQo-TZODtOYEFHnyfdDFiIZ-nyhX18EOrY	s1_baRgKA_wMXdl0r4AwdkUfhWC04qxd1MvEGXAQaDd4fo	1umwoj	python-cnn-puct-v0.1.0	sha256:7845e9b7687beee165dc36b8d21833b7a8b5a83e31b58b49bd05c277ba26e642	python-cnn-puct-v0.1.0	sha256:7845e9b7687beee165dc36b8d21833b7a8b5a83e31b58b49bd05c277ba26e642	L	P	196
g1_lfVzgQMKybjqTLCutq6jUKKsOlFHkqVMG0nu-8sGlBU	s1_7E_pcOGSrRZCmr3IDV_44rnouDsxCPc60aU3a6fTbQ8	1unOnu	qadv-arbiter-7x7-rust-lambda-v0.1.0	-	qadv-arbiter-7x7-rust-lambda-v0.1.0	-	D	P	196
g1_lfVzgQMKybjqTLCutq6jUKKsOlFHkqVMG0nu-8sGlBU	s1_RauLaTi4eVgYHSp2TV9pqs9uzTVv0B10g9TaHMWpcZ4	1unOnu	qadv-arbiter-7x7-rust-lambda-v0.1.0	-	qadv-arbiter-7x7-rust-lambda-v0.1.0	-	D	P	-
g1_lfVzgQMKybjqTLCutq6jUKKsOlFHkqVMG0nu-8sGlBU	s1_V7jqh6cJ4-IkRFrTA_r_KzpOswyWF0gw9YQBC5sox_c	1unOnu	qadv-arbiter-7x7-rust-lambda-v0.1.0	-	qadv-arbiter-7x7-rust-lambda-v0.1.0	-	D	P	196
g1_lfVzgQMKybjqTLCutq6jUKKsOlFHkqVMG0nu-8sGlBU	s1_dTtneCPbHUX67yFLP2TSNZzOeVeG8qTQwtPZPrZ4o_M	1unOnu	qadv-arbiter-7x7-rust-lambda-v0.1.0	-	qadv-arbiter-7x7-rust-lambda-v0.1.0	-	D	P	196
g1_lfi9mQUoZaTxDgAc-CwkUr9PQbbccSQQ5H-UtVFy6kg	s1_QCaYRsd7LibP3pBr6_diV_vBmbsaKgnZ4K14glNRwUk	1unNwK	qadv-arbiter-7x7-rust-lambda-v0.1.0	-	qadv-arbiter-7x7-rust-lambda-v0.1.0	-	L	P	196
g1_lfi9mQUoZaTxDgAc-CwkUr9PQbbccSQQ5H-UtVFy6kg	s1_RauLaTi4eVgYHSp2TV9pqs9uzTVv0B10g9TaHMWpcZ4	1unNwK	qadv-arbiter-7x7-rust-lambda-v0.1.0	-	qadv-arbiter-7x7-rust-lambda-v0.1.0	-	L	P	-
g1_lfi9mQUoZaTxDgAc-CwkUr9PQbbccSQQ5H-UtVFy6kg	s1_kFL4XNx-zbdkZczmOlHxbAhpOQM2kBFKq1_y3KXZebc	1unNwK	qadv-arbiter-7x7-rust-lambda-v0.1.0	-	qadv-arbiter-7x7-rust-lambda-v0.1.0	-	L	P	196
g1_lfi9mQUoZaTxDgAc-CwkUr9PQbbccSQQ5H-UtVFy6kg	s1_mwa1TzXP66pgckMK2MeNwyj_iKfQdhqP1OKyXTfTaDk	1unNwK	qadv-arbiter-7x7-rust-lambda-v0.1.0	-	qadv-arbiter-7x7-rust-lambda-v0.1.0	-	L	P	196
g1_lftGDcZ_AiZbRlQy_U4PiHJIJkcXJnoqG2zwX2WwIV0	s1_M4m4LIfywIR3wUtfa1Us88CBPxLkPSbEANhaqp_DKSw	1unPpc	qadv-arbiter-7x7-rust-lambda-v0.1.0	-	qadv-arbiter-7x7-rust-lambda-v0.1.0	-	D	P	196
g1_lftGDcZ_AiZbRlQy_U4PiHJIJkcXJnoqG2zwX2WwIV0	s1_RauLaTi4eVgYHSp2TV9pqs9uzTVv0B10g9TaHMWpcZ4	1unPpc	qadv-arbiter-7x7-rust-lambda-v0.1.0	-	qadv-arbiter-7x7-rust-lambda-v0.1.0	-	D	P	-
g1_lftGDcZ_AiZbRlQy_U4PiHJIJkcXJnoqG2zwX2WwIV0	s1_a45W2DBnaS-nZlUHZJ2gKV_fYonV8kuahSEn2SSmQjE	1unPpc	qadv-arbiter-7x7-rust-lambda-v0.1.0	-	qadv-arbiter-7x7-rust-lambda-v0.1.0	-	D	P	196
g1_lftGDcZ_AiZbRlQy_U4PiHJIJkcXJnoqG2zwX2WwIV0	s1_cW74MDMA4X3-_BZ67CG40IQxtlfQnO6RAqqQlB6ZFLo	1unPpc	qadv-arbiter-7x7-rust-lambda-v0.1.0	-	qadv-arbiter-7x7-rust-lambda-v0.1.0	-	D	P	196
g1_lfvBOsrTSqlgmsNctPvj3IbQVroBZG3gH5aJAHZMunE	s1_Iofl-HUnyaJjwzdtBKuGAR50TC_8B8SRqZ0w68gYb6g	1unMB_	qadv-arbiter-7x7-rust-lambda-v0.1.0	-	qadv-arbiter-7x7-rust-lambda-v0.1.0	-	D	P	196
g1_lfvBOsrTSqlgmsNctPvj3IbQVroBZG3gH5aJAHZMunE	s1_RauLaTi4eVgYHSp2TV9pqs9uzTVv0B10g9TaHMWpcZ4	1unMB_	qadv-arbiter-7x7-rust-lambda-v0.1.0	-	qadv-arbiter-7x7-rust-lambda-v0.1.0	-	D	P	-
g1_lfvBOsrTSqlgmsNctPvj3IbQVroBZG3gH5aJAHZMunE	s1_bqp5s-SLhWzF7OH1j5_LH3JR7qq9Rtcijl1TWL7gciE	1unMB_	qadv-arbiter-7x7-rust-lambda-v0.1.0	-	qadv-arbiter-7x7-rust-lambda-v0.1.0	-	D	P	196
g1_lfvBOsrTSqlgmsNctPvj3IbQVroBZG3gH5aJAHZMunE	s1_w9nDkz8dkRcLTuJRrmThu1Efw1Vz45zhya1j-a5SqBc	1unMB_	qadv-arbiter-7x7-rust-lambda-v0.1.0	-	qadv-arbiter-7x7-rust-lambda-v0.1.0	-	D	P	196
g1_lfyrN82w3BmTBUdQuT2ZybRl-UI3BD0J2hjB0ikTTNw	s1_2FtaP75xgRVTNrUvmC0NIesJCNy8IDFJ05WNM4nUnpg	1unR3l	lunatic-v0.1.0	-	qadv-arbiter-7x7-v0.1.0	-	L	P	196
g1_lfyrN82w3BmTBUdQuT2ZybRl-UI3BD0J2hjB0ikTTNw	s1_O_uHBJKrhwmWlTu_mKPB9OGQAkZtIPBAkOGIcTMQrP8	1unR3l	lunatic-v0.1.0	-	qadv-arbiter-7x7-v0.1.0	-	L	P	196
g1_lfyrN82w3BmTBUdQuT2ZybRl-UI3BD0J2hjB0ikTTNw	s1_RauLaTi4eVgYHSp2TV9pqs9uzTVv0B10g9TaHMWpcZ4	1unR3l	lunatic-v0.1.0	-	qadv-arbiter-7x7-v0.1.0	-	L	P	-
g1_lfyrN82w3BmTBUdQuT2ZybRl-UI3BD0J2hjB0ikTTNw	s1_tARaiosKXMpDG5AXPJTTZRwo_BTu-2regu4CueH9OuY	1unR3l	lunatic-v0.1.0	-	qadv-arbiter-7x7-v0.1.0	-	L	P	196
g1_lfzd3jloxnSAyD_tohZv0m0fkzEJDrxLlsJ3iIe1lO8	s1_3crMd_pMWqqRfore9hXkHJTE1Wz37P79GiwceryScoI	1unPiB	qadv-arbiter-7x7-rust-lambda-v0.1.0	-	qadv-arbiter-7x7-rust-lambda-v0.1.0	-	L	P	196
g1_lfzd3jloxnSAyD_tohZv0m0fkzEJDrxLlsJ3iIe1lO8	s1_PVbidAhOG9dhDWC3JhdbDIcYVbQzFB384xQAo8QDsKA	1unPiB	qadv-arbiter-7x7-rust-lambda-v0.1.0	-	qadv-arbiter-7x7-rust-lambda-v0.1.0	-	L	P	196
g1_lfzd3jloxnSAyD_tohZv0m0fkzEJDrxLlsJ3iIe1lO8	s1_RauLaTi4eVgYHSp2TV9pqs9uzTVv0B10g9TaHMWpcZ4	1unPiB	qadv-arbiter-7x7-rust-lambda-v0.1.0	-	qadv-arbiter-7x7-rust-lambda-v0.1.0	-	L	P	-
g1_lfzd3jloxnSAyD_tohZv0m0fkzEJDrxLlsJ3iIe1lO8	s1_mIkAuz36D76He0xTOM2bChfCPowjWGbhQGKP1kn1Iqo	1unPiB	qadv-arbiter-7x7-rust-lambda-v0.1.0	-	qadv-arbiter-7x7-rust-lambda-v0.1.0	-	L	P	196
g1_lgQybDRaj-uRlu7kXQN_yR-61Dfo0AGAFddQGSwnK4k	s1_Ju41mtlq9KiAz1_zmJd0NVBqNQzs8QIWVstiYN6Z_1s	1un598	qadv-arbiter-guided-7x7-v0.2.0	sha256:9c0e5e530df7db77a98f6a2e75fe63a6f629c6ad6563e0b5454793ebc243b14d	surveyor-v0.2.0	-	D	P	196
g1_lgQybDRaj-uRlu7kXQN_yR-61Dfo0AGAFddQGSwnK4k	s1_O3cuwuia8XT9TI7Nxr3tRcajOA20XFHEIT2fYX3WizY	1un598	qadv-arbiter-guided-7x7-v0.2.0	sha256:9c0e5e530df7db77a98f6a2e75fe63a6f629c6ad6563e0b5454793ebc243b14d	surveyor-v0.2.0	-	D	P	196
g1_lgQybDRaj-uRlu7kXQN_yR-61Dfo0AGAFddQGSwnK4k	s1_ROUz_g0kquKNGB878B9BMwA5nL4cZcvmffEeoUgiR_k	1un598	qadv-arbiter-guided-7x7-v0.2.0	sha256:9c0e5e530df7db77a98f6a2e75fe63a6f629c6ad6563e0b5454793ebc243b14d	surveyor-v0.2.0	-	D	P	196
g1_lgQybDRaj-uRlu7kXQN_yR-61Dfo0AGAFddQGSwnK4k	s1_TNJsSJjRaHDJ2Q7UUQmoz_QE1P-V3BTy5CQvqN4z6Bw	1un598	qadv-arbiter-guided-7x7-v0.2.0	sha256:9c0e5e530df7db77a98f6a2e75fe63a6f629c6ad6563e0b5454793ebc243b14d	surveyor-v0.2.0	-	D	P	196
g1_lgVIhJ_VjXptgg5UxwXRkGFI5H2n1X99qSojT-K9-uU	s1_-OKlJXuPFfAnukwGYITjiU7XKL4OC_qt76PC0TZSPjg	1umvgA	python-cnn-puct-v0.1.0	sha256:7845e9b7687beee165dc36b8d21833b7a8b5a83e31b58b49bd05c277ba26e642	python-cnn-puct-v0.1.0	sha256:7845e9b7687beee165dc36b8d21833b7a8b5a83e31b58b49bd05c277ba26e642	-	M	196
g1_lgVIhJ_VjXptgg5UxwXRkGFI5H2n1X99qSojT-K9-uU	s1_1av6nXQkq-GSHXfjkVlGHGpAq8F9UbW4JwZmyFA-vww	1umvgA	python-cnn-puct-v0.1.0	sha256:7845e9b7687beee165dc36b8d21833b7a8b5a83e31b58b49bd05c277ba26e642	python-cnn-puct-v0.1.0	sha256:7845e9b7687beee165dc36b8d21833b7a8b5a83e31b58b49bd05c277ba26e642	-	M	196
g1_lgVIhJ_VjXptgg5UxwXRkGFI5H2n1X99qSojT-K9-uU	s1_Brk0hkuJoH-MBjdd53AO5tlWcOgDWV_R0PO74fHGd_0	1umvgA	python-cnn-puct-v0.1.0	sha256:7845e9b7687beee165dc36b8d21833b7a8b5a83e31b58b49bd05c277ba26e642	python-cnn-puct-v0.1.0	sha256:7845e9b7687beee165dc36b8d21833b7a8b5a83e31b58b49bd05c277ba26e642	-	M	196
g1_lgWq5aDHG9yvftjRE-fsWnhPDvpg5CMo6Io49uQpEwo	s1_1av6nXQkq-GSHXfjkVlGHGpAq8F9UbW4JwZmyFA-vww	1DIYt	python-gnn-puct-v0.1.0	sha256:6f9ad6e4a0993da3cf34a8549e86f9b5d512c51e11bfa76dfe051e7a8801bdac	python-gnn-puct-v0.1.0	sha256:6f9ad6e4a0993da3cf34a8549e86f9b5d512c51e11bfa76dfe051e7a8801bdac	D	P	196
g1_lgWq5aDHG9yvftjRE-fsWnhPDvpg5CMo6Io49uQpEwo	s1_Brk0hkuJoH-MBjdd53AO5tlWcOgDWV_R0PO74fHGd_0	1DIYt	python-gnn-puct-v0.1.0	sha256:6f9ad6e4a0993da3cf34a8549e86f9b5d512c51e11bfa76dfe051e7a8801bdac	python-gnn-puct-v0.1.0	sha256:6f9ad6e4a0993da3cf34a8549e86f9b5d512c51e11bfa76dfe051e7a8801bdac	D	P	196
g1_lgWq5aDHG9yvftjRE-fsWnhPDvpg5CMo6Io49uQpEwo	s1_KmF8KhDbubz6lwdS8R_n_yTGdSONmH9B1wUABbyCj94	1DIYt	python-gnn-puct-v0.1.0	sha256:6f9ad6e4a0993da3cf34a8549e86f9b5d512c51e11bfa76dfe051e7a8801bdac	python-gnn-puct-v0.1.0	sha256:6f9ad6e4a0993da3cf34a8549e86f9b5d512c51e11bfa76dfe051e7a8801bdac	D	P	196
g1_lgWq5aDHG9yvftjRE-fsWnhPDvpg5CMo6Io49uQpEwo	s1_g5pGkHBMEhzAYvwFY0b24sSc7wC9JfnWApMHHZ_aMPI	1DIYt	python-gnn-puct-v0.1.0	sha256:6f9ad6e4a0993da3cf34a8549e86f9b5d512c51e11bfa76dfe051e7a8801bdac	python-gnn-puct-v0.1.0	sha256:6f9ad6e4a0993da3cf34a8549e86f9b5d512c51e11bfa76dfe051e7a8801bdac	D	P	196
g1_lgWq5aDHG9yvftjRE-fsWnhPDvpg5CMo6Io49uQpEwo	s1_tol_POp6BcgBLMWq8iDfRBQSAXpESHxFwmcCQYXv0yQ	1DIYt	python-gnn-puct-v0.1.0	sha256:6f9ad6e4a0993da3cf34a8549e86f9b5d512c51e11bfa76dfe051e7a8801bdac	python-gnn-puct-v0.1.0	sha256:6f9ad6e4a0993da3cf34a8549e86f9b5d512c51e11bfa76dfe051e7a8801bdac	D	P	196
g1_lgY0gj7nR0ASOmrzRte2czYw1YygyA1nOHnir0ZI94I	s1_1LB6NAgPOeCp4r8rQw4kUOIXWpEdWysFm5RZjWCQSgc	1umwUL	python-gnn-puct-learner-v0.1.0	sha256:ab0f739cd33d66781faf60e27797c5ccba3c04ba684f8d9e32e9c2754f4e8956	python-gnn-puct-learner-v0.1.0	sha256:ab0f739cd33d66781faf60e27797c5ccba3c04ba684f8d9e32e9c2754f4e8956	D	P	196
g1_lgY0gj7nR0ASOmrzRte2czYw1YygyA1nOHnir0ZI94I	s1_P4NHYhwuVnEA-dG2X-UVeVotb84A5mwljbYTlTMqr8w	1umwUL	python-gnn-puct-learner-v0.1.0	sha256:ab0f739cd33d66781faf60e27797c5ccba3c04ba684f8d9e32e9c2754f4e8956	python-gnn-puct-learner-v0.1.0	sha256:ab0f739cd33d66781faf60e27797c5ccba3c04ba684f8d9e32e9c2754f4e8956	D	P	196
g1_lgp6o3ouo290OSnSHJNMISI9sIEW_LsGPS_TYxgBiPk	s1_HkFQwSRfuQEW-CT_AW2luuS5rLCG1x-XLUWNl5-74QQ	1unMwc	qadv-arbiter-7x7-rust-lambda-v0.1.0	-	qadv-arbiter-7x7-rust-lambda-v0.1.0	-	L	P	196
g1_lgp6o3ouo290OSnSHJNMISI9sIEW_LsGPS_TYxgBiPk	s1_RauLaTi4eVgYHSp2TV9pqs9uzTVv0B10g9TaHMWpcZ4	1unMwc	qadv-arbiter-7x7-rust-lambda-v0.1.0	-	qadv-arbiter-7x7-rust-lambda-v0.1.0	-	L	P	-
g1_lgp6o3ouo290OSnSHJNMISI9sIEW_LsGPS_TYxgBiPk	s1_WBtNeVB_t5xj0bV6aYoV4MnjB3VcETrJEYRbrPRxZAY	1unMwc	qadv-arbiter-7x7-rust-lambda-v0.1.0	-	qadv-arbiter-7x7-rust-lambda-v0.1.0	-	L	P	196
g1_lgp6o3ouo290OSnSHJNMISI9sIEW_LsGPS_TYxgBiPk	s1__2iyrehYImHG2svK2yuLB-5nCH7C4oh9bK9TxNhcuME	1unMwc	qadv-arbiter-7x7-rust-lambda-v0.1.0	-	qadv-arbiter-7x7-rust-lambda-v0.1.0	-	L	P	196
g1_lgpbl0_m5OAxFInkv-DGI92zF68mqlntIRPLpL_m2Ec	s1_EINe97oHpI2pYE8pteb9e8wCoqlaUDQQBw5OJYQrD2M	1unPWl	qadv-arbiter-7x7-rust-lambda-v0.1.0	-	qadv-arbiter-7x7-rust-lambda-v0.1.0	-	L	P	196
g1_lgpbl0_m5OAxFInkv-DGI92zF68mqlntIRPLpL_m2Ec	s1_RauLaTi4eVgYHSp2TV9pqs9uzTVv0B10g9TaHMWpcZ4	1unPWl	qadv-arbiter-7x7-rust-lambda-v0.1.0	-	qadv-arbiter-7x7-rust-lambda-v0.1.0	-	L	P	-
g1_lgpbl0_m5OAxFInkv-DGI92zF68mqlntIRPLpL_m2Ec	s1_aOkjnOdaHjpsx9HWKKGvWmesSQVvnGr6cHe-6XYpknM	1unPWl	qadv-arbiter-7x7-rust-lambda-v0.1.0	-	qadv-arbiter-7x7-rust-lambda-v0.1.0	-	L	P	196
g1_lgpbl0_m5OAxFInkv-DGI92zF68mqlntIRPLpL_m2Ec	s1_o5L2-fWSgyt2sRm6QfysU4ah3Q5Fyt1xL-WOPi0GVs0	1unPWl	qadv-arbiter-7x7-rust-lambda-v0.1.0	-	qadv-arbiter-7x7-rust-lambda-v0.1.0	-	L	P	196
g1_lgsrpGrlbqsbTLTPd4c7CnW27FvU_iCpHqRUceBPmdM	s1_RauLaTi4eVgYHSp2TV9pqs9uzTVv0B10g9TaHMWpcZ4	1unP5h	qadv-arbiter-7x7-rust-lambda-v0.1.0	-	qadv-arbiter-7x7-rust-lambda-v0.1.0	-	L	P	-
g1_lgsrpGrlbqsbTLTPd4c7CnW27FvU_iCpHqRUceBPmdM	s1_grxMG-roTIE3J2wocgx_6nnv1tkdsSd1AhWq0x7J_kA	1unP5h	qadv-arbiter-7x7-rust-lambda-v0.1.0	-	qadv-arbiter-7x7-rust-lambda-v0.1.0	-	L	P	196
g1_lgsrpGrlbqsbTLTPd4c7CnW27FvU_iCpHqRUceBPmdM	s1_uIqIQ-emYyhS9Ayze4AQVQP5Ae_tZN0Nu90dhIR3Y8o	1unP5h	qadv-arbiter-7x7-rust-lambda-v0.1.0	-	qadv-arbiter-7x7-rust-lambda-v0.1.0	-	L	P	196
g1_lgsrpGrlbqsbTLTPd4c7CnW27FvU_iCpHqRUceBPmdM	s1_x2ORb_uyAE0xJAJKQ4IYrUw1Nr3kAtY5OGHE6xMH6r4	1unP5h	qadv-arbiter-7x7-rust-lambda-v0.1.0	-	qadv-arbiter-7x7-rust-lambda-v0.1.0	-	L	P	196
g1_lgvcTgOoe6wx33Eg_hfRhS3jpx_uSDL6PJl0tQ4jZZ4	s1_DffMatjoGW-vge_ipmfrjIyY_MI0Om0drl7sNPj3rAo	1unMZ9	qadv-arbiter-7x7-rust-lambda-v0.1.0	-	qadv-arbiter-7x7-rust-lambda-v0.1.0	-	D	P	196
g1_lgvcTgOoe6wx33Eg_hfRhS3jpx_uSDL6PJl0tQ4jZZ4	s1_RauLaTi4eVgYHSp2TV9pqs9uzTVv0B10g9TaHMWpcZ4	1unMZ9	qadv-arbiter-7x7-rust-lambda-v0.1.0	-	qadv-arbiter-7x7-rust-lambda-v0.1.0	-	D	P	-
g1_lgvcTgOoe6wx33Eg_hfRhS3jpx_uSDL6PJl0tQ4jZZ4	s1_i7L31hmygtm8h5R4n1JNpwgqiwXiz1qabr6kfoxolrI	1unMZ9	qadv-arbiter-7x7-rust-lambda-v0.1.0	-	qadv-arbiter-7x7-rust-lambda-v0.1.0	-	D	P	196
g1_lgvcTgOoe6wx33Eg_hfRhS3jpx_uSDL6PJl0tQ4jZZ4	s1_tbWk-5RiSWXNfo1bOFpey02Q5HpjukpvDNX9dB9kxr4	1unMZ9	qadv-arbiter-7x7-rust-lambda-v0.1.0	-	qadv-arbiter-7x7-rust-lambda-v0.1.0	-	D	P	196
g1_lgxFlBPPVup3Vma922e2jkioBIx_nFgYwGzgMrvKWeQ	s1_MlHzbSWnzdpAvw5lRvf8BnCpuzb5LAuht4N0zya0Tcc	1unO02	qadv-arbiter-7x7-rust-lambda-v0.1.0	-	qadv-arbiter-7x7-rust-lambda-v0.1.0	-	L	P	196
g1_lgxFlBPPVup3Vma922e2jkioBIx_nFgYwGzgMrvKWeQ	s1_PD0KfeoBYxXSj6TelOGSeGKP1AFIkxLxFIfTwWSZQes	1unO02	qadv-arbiter-7x7-rust-lambda-v0.1.0	-	qadv-arbiter-7x7-rust-lambda-v0.1.0	-	L	P	196
g1_lgxFlBPPVup3Vma922e2jkioBIx_nFgYwGzgMrvKWeQ	s1_RauLaTi4eVgYHSp2TV9pqs9uzTVv0B10g9TaHMWpcZ4	1unO02	qadv-arbiter-7x7-rust-lambda-v0.1.0	-	qadv-arbiter-7x7-rust-lambda-v0.1.0	-	L	P	-
g1_lgxFlBPPVup3Vma922e2jkioBIx_nFgYwGzgMrvKWeQ	s1_t0EFSEChTrq9lPphppqeG0DHz9WKeNA89GDMG-fS--I	1unO02	qadv-arbiter-7x7-rust-lambda-v0.1.0	-	qadv-arbiter-7x7-rust-lambda-v0.1.0	-	L	P	196
g1_lgziUjMdnbodvnWnkJT3oeg6hEbHUEyJFr3vCBfOepI	s1_RauLaTi4eVgYHSp2TV9pqs9uzTVv0B10g9TaHMWpcZ4	1unOGk	qadv-arbiter-7x7-rust-lambda-v0.1.0	-	qadv-arbiter-7x7-rust-lambda-v0.1.0	-	D	P	-
g1_lgziUjMdnbodvnWnkJT3oeg6hEbHUEyJFr3vCBfOepI	s1_S2gzu3ycG2CvrVb-9nuck1AIIAxbZIVerHZ97YhIFfA	1unOGk	qadv-arbiter-7x7-rust-lambda-v0.1.0	-	qadv-arbiter-7x7-rust-lambda-v0.1.0	-	D	P	196
g1_lgziUjMdnbodvnWnkJT3oeg6hEbHUEyJFr3vCBfOepI	s1__s7x5g01S7JkWJQ26lDSlo_2o0rhHfehb2RTFcVtUpU	1unOGk	qadv-arbiter-7x7-rust-lambda-v0.1.0	-	qadv-arbiter-7x7-rust-lambda-v0.1.0	-	D	P	196
g1_lgziUjMdnbodvnWnkJT3oeg6hEbHUEyJFr3vCBfOepI	s1_p4L43H6iL40-e_cY_7NRmLNwD2uavrgplJBRXu8-EXw	1unOGk	qadv-arbiter-7x7-rust-lambda-v0.1.0	-	qadv-arbiter-7x7-rust-lambda-v0.1.0	-	D	P	196
g1_lhRmgSj13-IVDH2_YiAZF2DPEVzgSU0o2wM6TuB05TU	s1_2DKD9PESyuypklT3fENs_kfAs3qrS6HD3Wqjq28OlII	1unQ02	qadv-arbiter-7x7-rust-lambda-v0.1.0	-	qadv-arbiter-7x7-rust-lambda-v0.1.0	-	L	P	196
g1_lhRmgSj13-IVDH2_YiAZF2DPEVzgSU0o2wM6TuB05TU	s1_RauLaTi4eVgYHSp2TV9pqs9uzTVv0B10g9TaHMWpcZ4	1unQ02	qadv-arbiter-7x7-rust-lambda-v0.1.0	-	qadv-arbiter-7x7-rust-lambda-v0.1.0	-	L	P	-
g1_lhRmgSj13-IVDH2_YiAZF2DPEVzgSU0o2wM6TuB05TU	s1_fQAvwflzABGTL_nNCo4SFCgtWJSuIQs7dKI_MEuxX6U	1unQ02	qadv-arbiter-7x7-rust-lambda-v0.1.0	-	qadv-arbiter-7x7-rust-lambda-v0.1.0	-	L	P	196
g1_lhRmgSj13-IVDH2_YiAZF2DPEVzgSU0o2wM6TuB05TU	s1_k07b7RP1a4EqiEQVZITSdUjkY0U58Fy_OpfnyXCDup4	1unQ02	qadv-arbiter-7x7-rust-lambda-v0.1.0	-	qadv-arbiter-7x7-rust-lambda-v0.1.0	-	L	P	196
g1_lhTJqScM-YfOHvE_QCkwrYZyhPwMomNVagUeorytxTg	s1_7FIu85-v_e-kbNsQ2UNk3yRt-KGcLyUjpmVwIc9cnfM	1umwCW	python-gnn-puct-scout-v0.1.0	sha256:b9f80706cc1f29076ee06fe06483697c749148a808c599579045d00a52573938	python-gnn-puct-scout-v0.1.0	sha256:b9f80706cc1f29076ee06fe06483697c749148a808c599579045d00a52573938	D	P	196
g1_lhTJqScM-YfOHvE_QCkwrYZyhPwMomNVagUeorytxTg	s1_S8AGNBNcWBvWiwIo-AOAHPoHuZo2XvcsYvhgQxGTkrY	1umwCW	python-gnn-puct-scout-v0.1.0	sha256:b9f80706cc1f29076ee06fe06483697c749148a808c599579045d00a52573938	python-gnn-puct-scout-v0.1.0	sha256:b9f80706cc1f29076ee06fe06483697c749148a808c599579045d00a52573938	D	P	196
g1_lhmGzbTtm4oC-Sd7VaoVR4I51VANUEoqOJJIdg42mTc	s1_qtlitMa-GGx-0y2heoyNRonYXf1Dq5epTexnVe9Iqtw	1umxdZ	python-gnn-puct-learner-v0.1.0	sha256:ab0f739cd33d66781faf60e27797c5ccba3c04ba684f8d9e32e9c2754f4e8956	python-gnn-puct-learner-v0.1.0	sha256:ab0f739cd33d66781faf60e27797c5ccba3c04ba684f8d9e32e9c2754f4e8956	L	P	196
g1_lhoRxEzIELoGjtiKN9Dr_We5GyxIfAelnl_dEOrS_8E	s1_C2_cBYVnS63OuubzKZeCoJrH41Cop8GLfa9byWoMA4c	1umvzg	python-gnn-puct-scout-v0.1.0	sha256:b9f80706cc1f29076ee06fe06483697c749148a808c599579045d00a52573938	python-gnn-puct-scout-v0.1.0	sha256:b9f80706cc1f29076ee06fe06483697c749148a808c599579045d00a52573938	L	P	196
g1_lhomrTp7ZMHYZcyfml6bzuttT9kd0bP2G5yBsuzb_ZQ	s1_1QbmjfeRkkXyaNt7uNuvbgRijxc-3p2MSJZecDZNhk8	1un5ua	qadv-arbiter-guided-7x7-v0.2.0	sha256:9c0e5e530df7db77a98f6a2e75fe63a6f629c6ad6563e0b5454793ebc243b14d	gnn-reval30k-7x7	sha256:7f41dbe135649d1116a0914bc0358a5ffae95749195ec20dd972035bbbea52f7	L	P	196
g1_lhomrTp7ZMHYZcyfml6bzuttT9kd0bP2G5yBsuzb_ZQ	s1_KFCPuS07IuvwTcEzH-1o96QSsgWXXBFf-H4aSllW5pw	1un5ua	qadv-arbiter-guided-7x7-v0.2.0	sha256:9c0e5e530df7db77a98f6a2e75fe63a6f629c6ad6563e0b5454793ebc243b14d	gnn-reval30k-7x7	sha256:7f41dbe135649d1116a0914bc0358a5ffae95749195ec20dd972035bbbea52f7	L	P	196
g1_lhomrTp7ZMHYZcyfml6bzuttT9kd0bP2G5yBsuzb_ZQ	s1_O3cuwuia8XT9TI7Nxr3tRcajOA20XFHEIT2fYX3WizY	1un5ua	qadv-arbiter-guided-7x7-v0.2.0	sha256:9c0e5e530df7db77a98f6a2e75fe63a6f629c6ad6563e0b5454793ebc243b14d	gnn-reval30k-7x7	sha256:7f41dbe135649d1116a0914bc0358a5ffae95749195ec20dd972035bbbea52f7	L	P	196
g1_lhrt5MqF6wkqvGsZBFU989zuIX-oSqOow8aD_T5iSgA	s1_qtlitMa-GGx-0y2heoyNRonYXf1Dq5epTexnVe9Iqtw	1umxeT	python-gnn-puct-learner-v0.1.0	sha256:ab0f739cd33d66781faf60e27797c5ccba3c04ba684f8d9e32e9c2754f4e8956	python-gnn-puct-learner-v0.1.0	sha256:ab0f739cd33d66781faf60e27797c5ccba3c04ba684f8d9e32e9c2754f4e8956	D	P	196
g1_lhsWyU9c82Dg-l1Xy0UIfeD5omurgTxETKY3j4qh2NI	s1_MACMus8HVcPrEZXTmjMQ2coSRgDB0MvM2nLrnEhI7oo	1unODa	qadv-arbiter-7x7-rust-lambda-v0.1.0	-	qadv-arbiter-7x7-rust-lambda-v0.1.0	-	L	P	196
g1_lhsWyU9c82Dg-l1Xy0UIfeD5omurgTxETKY3j4qh2NI	s1_RQlrZvK05FQ0aJ9bKyqtSsPQv9UauinDrzD8FssAz6Y	1unODa	qadv-arbiter-7x7-rust-lambda-v0.1.0	-	qadv-arbiter-7x7-rust-lambda-v0.1.0	-	L	P	196
g1_lhsWyU9c82Dg-l1Xy0UIfeD5omurgTxETKY3j4qh2NI	s1_RauLaTi4eVgYHSp2TV9pqs9uzTVv0B10g9TaHMWpcZ4	1unODa	qadv-arbiter-7x7-rust-lambda-v0.1.0	-	qadv-arbiter-7x7-rust-lambda-v0.1.0	-	L	P	-
g1_lhsWyU9c82Dg-l1Xy0UIfeD5omurgTxETKY3j4qh2NI	s1_Yh4uHYesXx9AMMRGbcm1pSjl1lxtxGU_2hjJKoEv5Qw	1unODa	qadv-arbiter-7x7-rust-lambda-v0.1.0	-	qadv-arbiter-7x7-rust-lambda-v0.1.0	-	L	P	196
g1_lhz8jeyOcvxXXOEBznDva9W_of3NAJVlxCryg4027gQ	s1_JY8kwFNFm-cnt44VSU-Jmxlpl2cF8OAqrG5KsmehWiM	1unO8r	qadv-arbiter-7x7-rust-lambda-v0.1.0	-	qadv-arbiter-7x7-rust-lambda-v0.1.0	-	L	P	196
g1_lhz8jeyOcvxXXOEBznDva9W_of3NAJVlxCryg4027gQ	s1_RauLaTi4eVgYHSp2TV9pqs9uzTVv0B10g9TaHMWpcZ4	1unO8r	qadv-arbiter-7x7-rust-lambda-v0.1.0	-	qadv-arbiter-7x7-rust-lambda-v0.1.0	-	L	P	-
g1_lhz8jeyOcvxXXOEBznDva9W_of3NAJVlxCryg4027gQ	s1_U9zdPHv5cWQDXrIgS8c6YOXu9EBmnmTZOCzAEnKRngg	1unO8r	qadv-arbiter-7x7-rust-lambda-v0.1.0	-	qadv-arbiter-7x7-rust-lambda-v0.1.0	-	L	P	196
g1_lhz8jeyOcvxXXOEBznDva9W_of3NAJVlxCryg4027gQ	s1_Wd7cjIJPYbF65aUr5aBpnW79hJYiG-wD8AaQdcurLt8	1unO8r	qadv-arbiter-7x7-rust-lambda-v0.1.0	-	qadv-arbiter-7x7-rust-lambda-v0.1.0	-	L	P	196
g1_li5rxJnz4GPzp43EalhCir4llAUdTbmIpGu0hbMivAA	s1_1XoxENw8Z_E12JzQZ6H9rkrRJk1Wo7aAAvq4jhDVyGo	1un5eJ	surveyor-v0.2.0	-	qadv-arbiter-guided-7x7-v0.2.0	sha256:9c0e5e530df7db77a98f6a2e75fe63a6f629c6ad6563e0b5454793ebc243b14d	L	P	196
g1_li5rxJnz4GPzp43EalhCir4llAUdTbmIpGu0hbMivAA	s1_O3cuwuia8XT9TI7Nxr3tRcajOA20XFHEIT2fYX3WizY	1un5eJ	surveyor-v0.2.0	-	qadv-arbiter-guided-7x7-v0.2.0	sha256:9c0e5e530df7db77a98f6a2e75fe63a6f629c6ad6563e0b5454793ebc243b14d	L	P	196
g1_li5rxJnz4GPzp43EalhCir4llAUdTbmIpGu0hbMivAA	s1_Wm96nwaIWKpAJ3RfJi_pk_r6EF_3M78D0GXx9IBk1xo	1un5eJ	surveyor-v0.2.0	-	qadv-arbiter-guided-7x7-v0.2.0	sha256:9c0e5e530df7db77a98f6a2e75fe63a6f629c6ad6563e0b5454793ebc243b14d	L	P	196
g1_liX0rEzF5hBrqO3O2XIvgcozXMOo-Dx9zeQwt1-Gnv8	s1_6PxtazPxkizz7K9QTWPSCIopEV5n0zpHoq3F52yO_6U	1umwq6	python-cnn-puct-v0.1.0	sha256:7845e9b7687beee165dc36b8d21833b7a8b5a83e31b58b49bd05c277ba26e642	python-cnn-puct-v0.1.0	sha256:7845e9b7687beee165dc36b8d21833b7a8b5a83e31b58b49bd05c277ba26e642	D	P	196
g1_liX0rEzF5hBrqO3O2XIvgcozXMOo-Dx9zeQwt1-Gnv8	s1_baRgKA_wMXdl0r4AwdkUfhWC04qxd1MvEGXAQaDd4fo	1umwq6	python-cnn-puct-v0.1.0	sha256:7845e9b7687beee165dc36b8d21833b7a8b5a83e31b58b49bd05c277ba26e642	python-cnn-puct-v0.1.0	sha256:7845e9b7687beee165dc36b8d21833b7a8b5a83e31b58b49bd05c277ba26e642	D	P	196
g1_lieSEoUaWo_2Vw9s_IMsxzEnPzT2drfktHyDMITwnsM	s1_CgyghKvH47_j0OARn-jLuRDCshUr3DIqnH2r1VZ9WhM	1unOY6	qadv-arbiter-7x7-rust-lambda-v0.1.0	-	qadv-arbiter-7x7-rust-lambda-v0.1.0	-	D	P	196
g1_lieSEoUaWo_2Vw9s_IMsxzEnPzT2drfktHyDMITwnsM	s1_RauLaTi4eVgYHSp2TV9pqs9uzTVv0B10g9TaHMWpcZ4	1unOY6	qadv-arbiter-7x7-rust-lambda-v0.1.0	-	qadv-arbiter-7x7-rust-lambda-v0.1.0	-	D	P	-
g1_lieSEoUaWo_2Vw9s_IMsxzEnPzT2drfktHyDMITwnsM	s1_pN8Qq5S2qXCWjic5jM9AFWUMBuetLZxPEk3tt2fKLbg	1unOY6	qadv-arbiter-7x7-rust-lambda-v0.1.0	-	qadv-arbiter-7x7-rust-lambda-v0.1.0	-	D	P	196
g1_lieSEoUaWo_2Vw9s_IMsxzEnPzT2drfktHyDMITwnsM	s1_wUP4k_NdvxQe8uEQ9wrYC2hjBfKVa5rgbkUeoixKM9Y	1unOY6	qadv-arbiter-7x7-rust-lambda-v0.1.0	-	qadv-arbiter-7x7-rust-lambda-v0.1.0	-	D	P	196
g1_lihQM-mBhWdw5e0Q4zSgGO4we8ZK3Aks_UXn3WAVy5I	s1_9VwNgm7YL1aAB94l33fzDqnIIqyhVw1PTGO9MMCtHOE	1unOgQ	qadv-arbiter-7x7-rust-lambda-v0.1.0	-	qadv-arbiter-7x7-rust-lambda-v0.1.0	-	L	P	196
g1_lihQM-mBhWdw5e0Q4zSgGO4we8ZK3Aks_UXn3WAVy5I	s1_LVr4gc5EI1ajSH3PWNIsQNIvSx84vtgLSZYbV04gQ2g	1unOgQ	qadv-arbiter-7x7-rust-lambda-v0.1.0	-	qadv-arbiter-7x7-rust-lambda-v0.1.0	-	L	P	196
g1_lihQM-mBhWdw5e0Q4zSgGO4we8ZK3Aks_UXn3WAVy5I	s1_RauLaTi4eVgYHSp2TV9pqs9uzTVv0B10g9TaHMWpcZ4	1unOgQ	qadv-arbiter-7x7-rust-lambda-v0.1.0	-	qadv-arbiter-7x7-rust-lambda-v0.1.0	-	L	P	-
g1_lihQM-mBhWdw5e0Q4zSgGO4we8ZK3Aks_UXn3WAVy5I	s1_hIeUG6WpuA1VUZrBHs6vxzMk1Voh9P4GmxBWBZxTluE	1unOgQ	qadv-arbiter-7x7-rust-lambda-v0.1.0	-	qadv-arbiter-7x7-rust-lambda-v0.1.0	-	L	P	196
g1_lihi4B-LjkEjlVa9NX45Yj4_MGUyaCLlzo0yemC16XU	s1_WVg7aYYLIrw6_-2mI3jQ-DPcLO4gX2sPEEqWQb0DGQA	1umxJa	python-cnn-puct-reval30k-v0.1.0	sha256:eb2600a53e225a835455efdb2759c40e27c5cb3c16ab0688bc21b99290ed10ee	python-cnn-puct-reval30k-v0.1.0	sha256:eb2600a53e225a835455efdb2759c40e27c5cb3c16ab0688bc21b99290ed10ee	L	P	196
g1_liw0plMeB_8VvnayQXtCrUsndUO3DCUCBMyfgDHgIdM	s1_K6O_36KxKQLgZr0RD-6NwYOEFtJq91tYi0bzyjsqt1o	1unPT1	qadv-arbiter-7x7-rust-lambda-v0.1.0	-	qadv-arbiter-7x7-rust-lambda-v0.1.0	-	L	P	196
g1_liw0plMeB_8VvnayQXtCrUsndUO3DCUCBMyfgDHgIdM	s1_LIV0gOPjUr-Oom3i79cimf4VSmH7q9bNRmtZMhtZi0U	1unPT1	qadv-arbiter-7x7-rust-lambda-v0.1.0	-	qadv-arbiter-7x7-rust-lambda-v0.1.0	-	L	P	196
g1_liw0plMeB_8VvnayQXtCrUsndUO3DCUCBMyfgDHgIdM	s1_RauLaTi4eVgYHSp2TV9pqs9uzTVv0B10g9TaHMWpcZ4	1unPT1	qadv-arbiter-7x7-rust-lambda-v0.1.0	-	qadv-arbiter-7x7-rust-lambda-v0.1.0	-	L	P	-
g1_liw0plMeB_8VvnayQXtCrUsndUO3DCUCBMyfgDHgIdM	s1_u0IyGY_XWtosr3UW8S91ksES5u0VOMoP_yQZIVfuTxI	1unPT1	qadv-arbiter-7x7-rust-lambda-v0.1.0	-	qadv-arbiter-7x7-rust-lambda-v0.1.0	-	L	P	196
g1_lj1PWNtlED-eUjUPbBy29Iusg2fIA6x7jm_X_5DCYRM	s1_1av6nXQkq-GSHXfjkVlGHGpAq8F9UbW4JwZmyFA-vww	1DIbp	python-gnn-puct-v0.1.0	sha256:6f9ad6e4a0993da3cf34a8549e86f9b5d512c51e11bfa76dfe051e7a8801bdac	python-gnn-puct-v0.1.0	sha256:6f9ad6e4a0993da3cf34a8549e86f9b5d512c51e11bfa76dfe051e7a8801bdac	D	P	196
g1_lj1PWNtlED-eUjUPbBy29Iusg2fIA6x7jm_X_5DCYRM	s1_del54SUFELBov5vQFrhsVexn6D9EhUPDFZpXuqC6eCI	1DIbp	python-gnn-puct-v0.1.0	sha256:6f9ad6e4a0993da3cf34a8549e86f9b5d512c51e11bfa76dfe051e7a8801bdac	python-gnn-puct-v0.1.0	sha256:6f9ad6e4a0993da3cf34a8549e86f9b5d512c51e11bfa76dfe051e7a8801bdac	D	P	196
g1_lj1PWNtlED-eUjUPbBy29Iusg2fIA6x7jm_X_5DCYRM	s1_g5pGkHBMEhzAYvwFY0b24sSc7wC9JfnWApMHHZ_aMPI	1DIbp	python-gnn-puct-v0.1.0	sha256:6f9ad6e4a0993da3cf34a8549e86f9b5d512c51e11bfa76dfe051e7a8801bdac	python-gnn-puct-v0.1.0	sha256:6f9ad6e4a0993da3cf34a8549e86f9b5d512c51e11bfa76dfe051e7a8801bdac	D	P	196
g1_lj1PWNtlED-eUjUPbBy29Iusg2fIA6x7jm_X_5DCYRM	s1_mWPTef6xYbijjPhDIC6QgLRmu2mMSJAokNlIkx3vg54	1DIbp	python-gnn-puct-v0.1.0	sha256:6f9ad6e4a0993da3cf34a8549e86f9b5d512c51e11bfa76dfe051e7a8801bdac	python-gnn-puct-v0.1.0	sha256:6f9ad6e4a0993da3cf34a8549e86f9b5d512c51e11bfa76dfe051e7a8801bdac	D	P	196
g1_lj1PWNtlED-eUjUPbBy29Iusg2fIA6x7jm_X_5DCYRM	s1_tol_POp6BcgBLMWq8iDfRBQSAXpESHxFwmcCQYXv0yQ	1DIbp	python-gnn-puct-v0.1.0	sha256:6f9ad6e4a0993da3cf34a8549e86f9b5d512c51e11bfa76dfe051e7a8801bdac	python-gnn-puct-v0.1.0	sha256:6f9ad6e4a0993da3cf34a8549e86f9b5d512c51e11bfa76dfe051e7a8801bdac	D	P	196
g1_lj7nlIooVUozizvmidQhxYpyKAeRSEsrs6nnJK6FyOM	s1_2FtaP75xgRVTNrUvmC0NIesJCNy8IDFJ05WNM4nUnpg	1unR53	lunatic-v0.1.0	-	qadv-arbiter-7x7-v0.1.0	-	L	P	196
g1_lj7nlIooVUozizvmidQhxYpyKAeRSEsrs6nnJK6FyOM	s1_O_uHBJKrhwmWlTu_mKPB9OGQAkZtIPBAkOGIcTMQrP8	1unR53	lunatic-v0.1.0	-	qadv-arbiter-7x7-v0.1.0	-	L	P	196
g1_lj7nlIooVUozizvmidQhxYpyKAeRSEsrs6nnJK6FyOM	s1_RauLaTi4eVgYHSp2TV9pqs9uzTVv0B10g9TaHMWpcZ4	1unR53	lunatic-v0.1.0	-	qadv-arbiter-7x7-v0.1.0	-	L	P	-
g1_lj7nlIooVUozizvmidQhxYpyKAeRSEsrs6nnJK6FyOM	s1_rwybGMBLT32nlgfTGmvRrORluGXqZjWVfPUPWhdM1es	1unR53	lunatic-v0.1.0	-	qadv-arbiter-7x7-v0.1.0	-	L	P	196
g1_ljHSbKcz9s4mI_EHey_jgb5TGKAa3AVikpDK6EgjDdQ	s1_FhRZ2qNWUQBP8b6vhxnE67fiasscBROjDxJkRrgPmkk	1unOfp	qadv-arbiter-7x7-rust-lambda-v0.1.0	-	qadv-arbiter-7x7-rust-lambda-v0.1.0	-	L	P	196
g1_ljHSbKcz9s4mI_EHey_jgb5TGKAa3AVikpDK6EgjDdQ	s1_Lqy0dpjC4enbXSpuXJPVtP34CttXLCagR49i_QT0V08	1unOfp	qadv-arbiter-7x7-rust-lambda-v0.1.0	-	qadv-arbiter-7x7-rust-lambda-v0.1.0	-	L	P	196
g1_ljHSbKcz9s4mI_EHey_jgb5TGKAa3AVikpDK6EgjDdQ	s1_RauLaTi4eVgYHSp2TV9pqs9uzTVv0B10g9TaHMWpcZ4	1unOfp	qadv-arbiter-7x7-rust-lambda-v0.1.0	-	qadv-arbiter-7x7-rust-lambda-v0.1.0	-	L	P	-
g1_ljHSbKcz9s4mI_EHey_jgb5TGKAa3AVikpDK6EgjDdQ	s1_qTc801zqGCXu7Y1E5kAWXkSoPFiUDEiBlhjlpm5KmJQ	1unOfp	qadv-arbiter-7x7-rust-lambda-v0.1.0	-	qadv-arbiter-7x7-rust-lambda-v0.1.0	-	L	P	196
g1_ljW-fEwLHt4rUTXC4LTn3mUeeWI9oEu4p0G6heE2cwc	s1_qtlitMa-GGx-0y2heoyNRonYXf1Dq5epTexnVe9Iqtw	1umxeO	python-gnn-puct-learner-v0.1.0	sha256:ab0f739cd33d66781faf60e27797c5ccba3c04ba684f8d9e32e9c2754f4e8956	python-gnn-puct-learner-v0.1.0	sha256:ab0f739cd33d66781faf60e27797c5ccba3c04ba684f8d9e32e9c2754f4e8956	D	P	196
g1_ljnijiVaAB1Rc11Etx37KpzlP4vBI8lPME6koqcbBhI	s1_OLqRGJB23wBhdu4ojw1TPAjhBNPvFILsrfthw5lzR_M	1unP-D	qadv-arbiter-7x7-rust-lambda-v0.1.0	-	qadv-arbiter-7x7-rust-lambda-v0.1.0	-	D	P	196
g1_ljnijiVaAB1Rc11Etx37KpzlP4vBI8lPME6koqcbBhI	s1_RauLaTi4eVgYHSp2TV9pqs9uzTVv0B10g9TaHMWpcZ4	1unP-D	qadv-arbiter-7x7-rust-lambda-v0.1.0	-	qadv-arbiter-7x7-rust-lambda-v0.1.0	-	D	P	-
g1_ljnijiVaAB1Rc11Etx37KpzlP4vBI8lPME6koqcbBhI	s1_RwKq2FHAwdDRmpOcmCkdt5VuYIfLNEi2ShOnHvkZnwk	1unP-D	qadv-arbiter-7x7-rust-lambda-v0.1.0	-	qadv-arbiter-7x7-rust-lambda-v0.1.0	-	D	P	196
g1_ljnijiVaAB1Rc11Etx37KpzlP4vBI8lPME6koqcbBhI	s1_jub6bQk0Y4uLMjTOIqye5MRodO47k8G3qTshb7eD5OA	1unP-D	qadv-arbiter-7x7-rust-lambda-v0.1.0	-	qadv-arbiter-7x7-rust-lambda-v0.1.0	-	D	P	196
g1_ljnzZ7C3Ud_r5AQmP3BvgVuNZ5ER9YPsVQSCy6Tb0CU	s1_2FtaP75xgRVTNrUvmC0NIesJCNy8IDFJ05WNM4nUnpg	1unQh6	qadv-arbiter-7x7-v0.1.0	-	pathfinder-v0.3.0	-	D	P	196
g1_ljnzZ7C3Ud_r5AQmP3BvgVuNZ5ER9YPsVQSCy6Tb0CU	s1_6BZH7asRI80f_vkNit2jd1DZQEhj870mNZwBWfdj54M	1unQh6	qadv-arbiter-7x7-v0.1.0	-	pathfinder-v0.3.0	-	D	P	196
g1_ljnzZ7C3Ud_r5AQmP3BvgVuNZ5ER9YPsVQSCy6Tb0CU	s1_EMAArXmeNonF7axkhylrSEpN9T2VnrF-A_EAhty0My4	1unQh6	qadv-arbiter-7x7-v0.1.0	-	pathfinder-v0.3.0	-	D	P	196
g1_ljnzZ7C3Ud_r5AQmP3BvgVuNZ5ER9YPsVQSCy6Tb0CU	s1_RauLaTi4eVgYHSp2TV9pqs9uzTVv0B10g9TaHMWpcZ4	1unQh6	qadv-arbiter-7x7-v0.1.0	-	pathfinder-v0.3.0	-	D	P	-
g1_ljo5dTiOYY_M3B9KbQhywL7Pod0bFwlj69Z5ZCYlcCo	s1_Qmoz3nLvbLcY_1rcqMtpMJDvTQydhL5cxUNWV6EhpMY	1umwyb	qadv-arbiter-7x7-v0.1.0	sha256:8c548d06307572603b839755cc1e50393285365e10f82bcd90290ca65cd86266	qadv-arbiter-7x7-v0.1.0	sha256:8c548d06307572603b839755cc1e50393285365e10f82bcd90290ca65cd86266	L	P	196
g1_lk37iULWdIrP36xVtVsPdHXpiBwwGfYsYdewUaJqTy4	s1_AXkCZtwoOKcuMIxp4oGb1UnzmPVhEqxRHGf5S-Jod3s	1unPsC	qadv-arbiter-7x7-rust-lambda-v0.1.0	-	qadv-arbiter-7x7-rust-lambda-v0.1.0	-	L	P	196
g1_lk37iULWdIrP36xVtVsPdHXpiBwwGfYsYdewUaJqTy4	s1_RauLaTi4eVgYHSp2TV9pqs9uzTVv0B10g9TaHMWpcZ4	1unPsC	qadv-arbiter-7x7-rust-lambda-v0.1.0	-	qadv-arbiter-7x7-rust-lambda-v0.1.0	-	L	P	-
g1_lk37iULWdIrP36xVtVsPdHXpiBwwGfYsYdewUaJqTy4	s1_bmFuF1ye8YE6_6OxEfFt5WCYx1Xw0WCMsfdvlPC0sCc	1unPsC	qadv-arbiter-7x7-rust-lambda-v0.1.0	-	qadv-arbiter-7x7-rust-lambda-v0.1.0	-	L	P	196
g1_lk37iULWdIrP36xVtVsPdHXpiBwwGfYsYdewUaJqTy4	s1_wjJVVociAiOws1rSsNn3eS0q1olJusVNhRs7NvonhOw	1unPsC	qadv-arbiter-7x7-rust-lambda-v0.1.0	-	qadv-arbiter-7x7-rust-lambda-v0.1.0	-	L	P	196
g1_lk5knbdGHZQWHF9CrcHHCDM17OeIkD5QkkKhvMFzBYs	s1_1av6nXQkq-GSHXfjkVlGHGpAq8F9UbW4JwZmyFA-vww	1umvEb	python-gnn-puct-scout-v0.1.0	sha256:b9f80706cc1f29076ee06fe06483697c749148a808c599579045d00a52573938	python-gnn-puct-scout-v0.1.0	sha256:b9f80706cc1f29076ee06fe06483697c749148a808c599579045d00a52573938	D	P	196
g1_lk5knbdGHZQWHF9CrcHHCDM17OeIkD5QkkKhvMFzBYs	s1_Brk0hkuJoH-MBjdd53AO5tlWcOgDWV_R0PO74fHGd_0	1umvEb	python-gnn-puct-scout-v0.1.0	sha256:b9f80706cc1f29076ee06fe06483697c749148a808c599579045d00a52573938	python-gnn-puct-scout-v0.1.0	sha256:b9f80706cc1f29076ee06fe06483697c749148a808c599579045d00a52573938	D	P	196
g1_lk5knbdGHZQWHF9CrcHHCDM17OeIkD5QkkKhvMFzBYs	s1_D_X-fTFZy6xuyGSC5jFyKBW6IP_59Jbomefazf4xu44	1umvEb	python-gnn-puct-scout-v0.1.0	sha256:b9f80706cc1f29076ee06fe06483697c749148a808c599579045d00a52573938	python-gnn-puct-scout-v0.1.0	sha256:b9f80706cc1f29076ee06fe06483697c749148a808c599579045d00a52573938	D	P	196
g1_lkKRW_xvDE2hY1EVApkw7gquts7JHDMimSBy3oEgXfQ	s1_HUmFHqCsMxXvffRQODRlBTa0tC4lDVgvAhWpgSlbAo4	1unMFN	qadv-arbiter-7x7-rust-lambda-v0.1.0	-	qadv-arbiter-7x7-rust-lambda-v0.1.0	-	L	P	196
g1_lkKRW_xvDE2hY1EVApkw7gquts7JHDMimSBy3oEgXfQ	s1_NppwdnYaFgtcGu57SNr1E119pCJvYtbnGaHT6vX0Kys	1unMFN	qadv-arbiter-7x7-rust-lambda-v0.1.0	-	qadv-arbiter-7x7-rust-lambda-v0.1.0	-	L	P	196
g1_lkKRW_xvDE2hY1EVApkw7gquts7JHDMimSBy3oEgXfQ	s1_Ol4I05HD-226zeWEEM5jOMGX6uXC2jg4jvEEsKH0ow8	1unMFN	qadv-arbiter-7x7-rust-lambda-v0.1.0	-	qadv-arbiter-7x7-rust-lambda-v0.1.0	-	L	P	196
g1_lkKRW_xvDE2hY1EVApkw7gquts7JHDMimSBy3oEgXfQ	s1_RauLaTi4eVgYHSp2TV9pqs9uzTVv0B10g9TaHMWpcZ4	1unMFN	qadv-arbiter-7x7-rust-lambda-v0.1.0	-	qadv-arbiter-7x7-rust-lambda-v0.1.0	-	L	P	-
g1_lkKT3wGkFn0TJJQTNcwEO5T1l5iIwTRYH8BfwbUKLc8	s1_RauLaTi4eVgYHSp2TV9pqs9uzTVv0B10g9TaHMWpcZ4	1unNnS	qadv-arbiter-7x7-rust-lambda-v0.1.0	-	qadv-arbiter-7x7-rust-lambda-v0.1.0	-	L	P	-
g1_lkKT3wGkFn0TJJQTNcwEO5T1l5iIwTRYH8BfwbUKLc8	s1_Xs3zNLwfMxAfhQ-9EDCr3hAeNKeZ8QYkt-tjvYDX3uU	1unNnS	qadv-arbiter-7x7-rust-lambda-v0.1.0	-	qadv-arbiter-7x7-rust-lambda-v0.1.0	-	L	P	196
g1_lkKT3wGkFn0TJJQTNcwEO5T1l5iIwTRYH8BfwbUKLc8	s1_oS_kN93QvVUloBjXGgMOCBvUjMtWlbsgzwO8MooyLY4	1unNnS	qadv-arbiter-7x7-rust-lambda-v0.1.0	-	qadv-arbiter-7x7-rust-lambda-v0.1.0	-	L	P	196
g1_lkKT3wGkFn0TJJQTNcwEO5T1l5iIwTRYH8BfwbUKLc8	s1_u6mkf3iel9aWKef6geZGeQhgeU4wmWqu77p6E3F3OWM	1unNnS	qadv-arbiter-7x7-rust-lambda-v0.1.0	-	qadv-arbiter-7x7-rust-lambda-v0.1.0	-	L	P	196
g1_lkck85q53UqEROeYwp9ZAoqPIQgtin_YPaADYy_AImE	s1_6PxtazPxkizz7K9QTWPSCIopEV5n0zpHoq3F52yO_6U	1umwls	python-cnn-puct-v0.1.0	sha256:7845e9b7687beee165dc36b8d21833b7a8b5a83e31b58b49bd05c277ba26e642	python-cnn-puct-v0.1.0	sha256:7845e9b7687beee165dc36b8d21833b7a8b5a83e31b58b49bd05c277ba26e642	D	P	196
g1_lkck85q53UqEROeYwp9ZAoqPIQgtin_YPaADYy_AImE	s1_baRgKA_wMXdl0r4AwdkUfhWC04qxd1MvEGXAQaDd4fo	1umwls	python-cnn-puct-v0.1.0	sha256:7845e9b7687beee165dc36b8d21833b7a8b5a83e31b58b49bd05c277ba26e642	python-cnn-puct-v0.1.0	sha256:7845e9b7687beee165dc36b8d21833b7a8b5a83e31b58b49bd05c277ba26e642	D	P	196
g1_lkdZu3kF6VtTwYZtKTpYi3LThVYmUXsn3fzfbUX6Xsc	s1_1av6nXQkq-GSHXfjkVlGHGpAq8F9UbW4JwZmyFA-vww	1DIWG	python-gnn-puct-v0.1.0	sha256:6f9ad6e4a0993da3cf34a8549e86f9b5d512c51e11bfa76dfe051e7a8801bdac	python-gnn-puct-v0.1.0	sha256:6f9ad6e4a0993da3cf34a8549e86f9b5d512c51e11bfa76dfe051e7a8801bdac	D	P	196
g1_lkdZu3kF6VtTwYZtKTpYi3LThVYmUXsn3fzfbUX6Xsc	s1_del54SUFELBov5vQFrhsVexn6D9EhUPDFZpXuqC6eCI	1DIWG	python-gnn-puct-v0.1.0	sha256:6f9ad6e4a0993da3cf34a8549e86f9b5d512c51e11bfa76dfe051e7a8801bdac	python-gnn-puct-v0.1.0	sha256:6f9ad6e4a0993da3cf34a8549e86f9b5d512c51e11bfa76dfe051e7a8801bdac	D	P	196
g1_lkdZu3kF6VtTwYZtKTpYi3LThVYmUXsn3fzfbUX6Xsc	s1_g5pGkHBMEhzAYvwFY0b24sSc7wC9JfnWApMHHZ_aMPI	1DIWG	python-gnn-puct-v0.1.0	sha256:6f9ad6e4a0993da3cf34a8549e86f9b5d512c51e11bfa76dfe051e7a8801bdac	python-gnn-puct-v0.1.0	sha256:6f9ad6e4a0993da3cf34a8549e86f9b5d512c51e11bfa76dfe051e7a8801bdac	D	P	196
g1_lkdZu3kF6VtTwYZtKTpYi3LThVYmUXsn3fzfbUX6Xsc	s1_mWPTef6xYbijjPhDIC6QgLRmu2mMSJAokNlIkx3vg54	1DIWG	python-gnn-puct-v0.1.0	sha256:6f9ad6e4a0993da3cf34a8549e86f9b5d512c51e11bfa76dfe051e7a8801bdac	python-gnn-puct-v0.1.0	sha256:6f9ad6e4a0993da3cf34a8549e86f9b5d512c51e11bfa76dfe051e7a8801bdac	D	P	196
g1_lkdZu3kF6VtTwYZtKTpYi3LThVYmUXsn3fzfbUX6Xsc	s1_tol_POp6BcgBLMWq8iDfRBQSAXpESHxFwmcCQYXv0yQ	1DIWG	python-gnn-puct-v0.1.0	sha256:6f9ad6e4a0993da3cf34a8549e86f9b5d512c51e11bfa76dfe051e7a8801bdac	python-gnn-puct-v0.1.0	sha256:6f9ad6e4a0993da3cf34a8549e86f9b5d512c51e11bfa76dfe051e7a8801bdac	D	P	196
g1_lkidrrdB0ptrpu66AJ-3obpP8B7eHUMirA_P856wErQ	s1_3ngx-cR6r0HKv0PXg7ewE2RYMu_7zMDoK6uRif-xjJw	1unNc9	qadv-arbiter-7x7-rust-lambda-v0.1.0	-	qadv-arbiter-7x7-rust-lambda-v0.1.0	-	L	P	196
g1_lkidrrdB0ptrpu66AJ-3obpP8B7eHUMirA_P856wErQ	s1_RauLaTi4eVgYHSp2TV9pqs9uzTVv0B10g9TaHMWpcZ4	1unNc9	qadv-arbiter-7x7-rust-lambda-v0.1.0	-	qadv-arbiter-7x7-rust-lambda-v0.1.0	-	L	P	-
g1_lkidrrdB0ptrpu66AJ-3obpP8B7eHUMirA_P856wErQ	s1_vHcs1kj_YifEwqlpLR5dppdGU31Ot3HMzTRr54b_HJo	1unNc9	qadv-arbiter-7x7-rust-lambda-v0.1.0	-	qadv-arbiter-7x7-rust-lambda-v0.1.0	-	L	P	196
g1_lkidrrdB0ptrpu66AJ-3obpP8B7eHUMirA_P856wErQ	s1_zAQZLviQUgPeKJ3LJEdV_YRJn1Xp0zwCy64hi_mXdzY	1unNc9	qadv-arbiter-7x7-rust-lambda-v0.1.0	-	qadv-arbiter-7x7-rust-lambda-v0.1.0	-	L	P	196
g1_lkqQA8DLUiMHb6bH3-kBzkTkdfSGuynMoM203fwD02I	s1_7FIu85-v_e-kbNsQ2UNk3yRt-KGcLyUjpmVwIc9cnfM	1umwGi	python-gnn-puct-scout-v0.1.0	sha256:b9f80706cc1f29076ee06fe06483697c749148a808c599579045d00a52573938	python-gnn-puct-scout-v0.1.0	sha256:b9f80706cc1f29076ee06fe06483697c749148a808c599579045d00a52573938	D	P	196
g1_lkqQA8DLUiMHb6bH3-kBzkTkdfSGuynMoM203fwD02I	s1_S8AGNBNcWBvWiwIo-AOAHPoHuZo2XvcsYvhgQxGTkrY	1umwGi	python-gnn-puct-scout-v0.1.0	sha256:b9f80706cc1f29076ee06fe06483697c749148a808c599579045d00a52573938	python-gnn-puct-scout-v0.1.0	sha256:b9f80706cc1f29076ee06fe06483697c749148a808c599579045d00a52573938	D	P	196
g1_lkrIoYuDJENITZ4M4JpcDvwiMtLWlleWG-TpivEpju8	s1_0llb9tBBNtkkSKs5Vscf8ZiqRl4WnqpIPxKGDGBx094	1unOA3	qadv-arbiter-7x7-rust-lambda-v0.1.0	-	qadv-arbiter-7x7-rust-lambda-v0.1.0	-	D	P	196
g1_lkrIoYuDJENITZ4M4JpcDvwiMtLWlleWG-TpivEpju8	s1_CL23R_cPY4g0HK1SPVzFnrDoXZMqZNkBcpDpa3aJD10	1unOA3	qadv-arbiter-7x7-rust-lambda-v0.1.0	-	qadv-arbiter-7x7-rust-lambda-v0.1.0	-	D	P	196
g1_lkrIoYuDJENITZ4M4JpcDvwiMtLWlleWG-TpivEpju8	s1_RauLaTi4eVgYHSp2TV9pqs9uzTVv0B10g9TaHMWpcZ4	1unOA3	qadv-arbiter-7x7-rust-lambda-v0.1.0	-	qadv-arbiter-7x7-rust-lambda-v0.1.0	-	D	P	-
g1_lkrIoYuDJENITZ4M4JpcDvwiMtLWlleWG-TpivEpju8	s1_y1C-VLuOT43vobfRfCgL0OeFEqZRYuW3nMwdUMAQ0vM	1unOA3	qadv-arbiter-7x7-rust-lambda-v0.1.0	-	qadv-arbiter-7x7-rust-lambda-v0.1.0	-	D	P	196
g1_lkwmzMAqXl1bRbewl50ZzRQATAbp2JBGmT_G0LUGSB8	s1_-ieZjVBiTAOWBJaDFyQk0clxcVSdkojxoi2KpAAuZmQ	1unOLj	qadv-arbiter-7x7-rust-lambda-v0.1.0	-	qadv-arbiter-7x7-rust-lambda-v0.1.0	-	L	P	196
g1_lkwmzMAqXl1bRbewl50ZzRQATAbp2JBGmT_G0LUGSB8	s1_RauLaTi4eVgYHSp2TV9pqs9uzTVv0B10g9TaHMWpcZ4	1unOLj	qadv-arbiter-7x7-rust-lambda-v0.1.0	-	qadv-arbiter-7x7-rust-lambda-v0.1.0	-	L	P	-
g1_lkwmzMAqXl1bRbewl50ZzRQATAbp2JBGmT_G0LUGSB8	s1_qzP_RjMO7wZPgB_voThcEq8fcYjtwPdRMleV2aNvTUM	1unOLj	qadv-arbiter-7x7-rust-lambda-v0.1.0	-	qadv-arbiter-7x7-rust-lambda-v0.1.0	-	L	P	196
g1_lkwmzMAqXl1bRbewl50ZzRQATAbp2JBGmT_G0LUGSB8	s1_rWCvGltVapM_-lve-yz-FO7ukwAVnUUIP8yw92NNeLs	1unOLj	qadv-arbiter-7x7-rust-lambda-v0.1.0	-	qadv-arbiter-7x7-rust-lambda-v0.1.0	-	L	P	196
g1_ll0D1LAf7AQaEMXulUXgW5qus00kttEiRAQvphJ9EBQ	s1_RauLaTi4eVgYHSp2TV9pqs9uzTVv0B10g9TaHMWpcZ4	1unNMe	qadv-arbiter-7x7-rust-lambda-v0.1.0	-	qadv-arbiter-7x7-rust-lambda-v0.1.0	-	L	P	-
g1_ll0D1LAf7AQaEMXulUXgW5qus00kttEiRAQvphJ9EBQ	s1_X9bEnlaYg1xiyasnNrjruwoiz4iZhAw11Jgc-97kU_Q	1unNMe	qadv-arbiter-7x7-rust-lambda-v0.1.0	-	qadv-arbiter-7x7-rust-lambda-v0.1.0	-	L	P	196
g1_ll0D1LAf7AQaEMXulUXgW5qus00kttEiRAQvphJ9EBQ	s1_w30pEZSAj501WTcccKg1ZqE6m47GNU8-sRZon66t42Q	1unNMe	qadv-arbiter-7x7-rust-lambda-v0.1.0	-	qadv-arbiter-7x7-rust-lambda-v0.1.0	-	L	P	196
g1_ll0D1LAf7AQaEMXulUXgW5qus00kttEiRAQvphJ9EBQ	s1_xw0qBZT2rqjVawkoXeuWJOtcmS4Sz1Ummw6zT87qESI	1unNMe	qadv-arbiter-7x7-rust-lambda-v0.1.0	-	qadv-arbiter-7x7-rust-lambda-v0.1.0	-	L	P	196
g1_ll6_GYRuRY17PISeoQdcHi5AycXd49fLB9SAz8EHzd8	s1_1av6nXQkq-GSHXfjkVlGHGpAq8F9UbW4JwZmyFA-vww	1umv80	pathfinder-v0.3.0	-	surveyor-v0.2.0	-	L	P	196
g1_ll6_GYRuRY17PISeoQdcHi5AycXd49fLB9SAz8EHzd8	s1_QzXKB60HvV5g6-cJIu-NdpeFb1rCgFAJD1cxfdkoMm0	1umv80	pathfinder-v0.3.0	-	surveyor-v0.2.0	-	L	P	196
g1_ll6_GYRuRY17PISeoQdcHi5AycXd49fLB9SAz8EHzd8	s1_mWPTef6xYbijjPhDIC6QgLRmu2mMSJAokNlIkx3vg54	1umv80	pathfinder-v0.3.0	-	surveyor-v0.2.0	-	L	P	196
g1_ll7uQKmZV8kn5sRZsDsU-Y7cxl65myd1Jxduksjn6Uw	s1_9QTZgzWtJkRxgqAVtdwzd1zhF_soBTmXTVViAQnV2aU	1unMyT	qadv-arbiter-7x7-rust-lambda-v0.1.0	-	qadv-arbiter-7x7-rust-lambda-v0.1.0	-	D	P	196
g1_ll7uQKmZV8kn5sRZsDsU-Y7cxl65myd1Jxduksjn6Uw	s1_RauLaTi4eVgYHSp2TV9pqs9uzTVv0B10g9TaHMWpcZ4	1unMyT	qadv-arbiter-7x7-rust-lambda-v0.1.0	-	qadv-arbiter-7x7-rust-lambda-v0.1.0	-	D	P	-
g1_ll7uQKmZV8kn5sRZsDsU-Y7cxl65myd1Jxduksjn6Uw	s1_aWGx91_Z1GgSpZy4ckkrj8rAgdee8yDzGuzh4VzH92A	1unMyT	qadv-arbiter-7x7-rust-lambda-v0.1.0	-	qadv-arbiter-7x7-rust-lambda-v0.1.0	-	D	P	196
g1_ll7uQKmZV8kn5sRZsDsU-Y7cxl65myd1Jxduksjn6Uw	s1_y-oKxT0pvFtyc8Mflm4vmKKwr1inokpeCGNa5J4NF18	1unMyT	qadv-arbiter-7x7-rust-lambda-v0.1.0	-	qadv-arbiter-7x7-rust-lambda-v0.1.0	-	D	P	196
g1_ll9YvdIrUk5mnqcSZECbtdVYk8p1Mpj10mecc_tqByY	s1_2FtaP75xgRVTNrUvmC0NIesJCNy8IDFJ05WNM4nUnpg	1unRCT	coin-flip-v0.0.1	-	qadv-arbiter-7x7-v0.1.0	-	D	P	196
g1_ll9YvdIrUk5mnqcSZECbtdVYk8p1Mpj10mecc_tqByY	s1_PiNzArtzXdDR51A7eeqeLOH_mPguWeojgsMLG6W0qpM	1unRCT	coin-flip-v0.0.1	-	qadv-arbiter-7x7-v0.1.0	-	D	P	196
g1_ll9YvdIrUk5mnqcSZECbtdVYk8p1Mpj10mecc_tqByY	s1_RauLaTi4eVgYHSp2TV9pqs9uzTVv0B10g9TaHMWpcZ4	1unRCT	coin-flip-v0.0.1	-	qadv-arbiter-7x7-v0.1.0	-	D	P	-
g1_ll9YvdIrUk5mnqcSZECbtdVYk8p1Mpj10mecc_tqByY	s1_pH6dzHrCtEYHBEBVlYCixMvSbyp2VbmYXrnZ2ve190w	1unRCT	coin-flip-v0.0.1	-	qadv-arbiter-7x7-v0.1.0	-	D	P	196
g1_llTl2bXtAvTUSa-ldacvoAGxf9Q-azATdQ7tAZ567c0	s1_Iln_gGQ6MzV1YhenRAb5r7CW_OY9-pGYaqailr6IzLQ	1unOx2	qadv-arbiter-7x7-rust-lambda-v0.1.0	-	qadv-arbiter-7x7-rust-lambda-v0.1.0	-	L	P	196
g1_llTl2bXtAvTUSa-ldacvoAGxf9Q-azATdQ7tAZ567c0	s1_RauLaTi4eVgYHSp2TV9pqs9uzTVv0B10g9TaHMWpcZ4	1unOx2	qadv-arbiter-7x7-rust-lambda-v0.1.0	-	qadv-arbiter-7x7-rust-lambda-v0.1.0	-	L	P	-
g1_llTl2bXtAvTUSa-ldacvoAGxf9Q-azATdQ7tAZ567c0	s1_UY9rRe-6xqsaZc-jJyp4WUauOO6TqIjTJU74_VoK7Ug	1unOx2	qadv-arbiter-7x7-rust-lambda-v0.1.0	-	qadv-arbiter-7x7-rust-lambda-v0.1.0	-	L	P	196
g1_llTl2bXtAvTUSa-ldacvoAGxf9Q-azATdQ7tAZ567c0	s1_bUdCNMvJ9aJVOYMdlanC4yKa3G5BjnUClFakpjmnucg	1unOx2	qadv-arbiter-7x7-rust-lambda-v0.1.0	-	qadv-arbiter-7x7-rust-lambda-v0.1.0	-	L	P	196
g1_llen8OdBlKSDgrfaUmgkykjY1sY9-ptdg1reUVlwpoA	s1_7FIu85-v_e-kbNsQ2UNk3yRt-KGcLyUjpmVwIc9cnfM	1umwNX	python-gnn-puct-scout-v0.1.0	sha256:b9f80706cc1f29076ee06fe06483697c749148a808c599579045d00a52573938	python-gnn-puct-scout-v0.1.0	sha256:b9f80706cc1f29076ee06fe06483697c749148a808c599579045d00a52573938	D	P	196
g1_llen8OdBlKSDgrfaUmgkykjY1sY9-ptdg1reUVlwpoA	s1_S8AGNBNcWBvWiwIo-AOAHPoHuZo2XvcsYvhgQxGTkrY	1umwNX	python-gnn-puct-scout-v0.1.0	sha256:b9f80706cc1f29076ee06fe06483697c749148a808c599579045d00a52573938	python-gnn-puct-scout-v0.1.0	sha256:b9f80706cc1f29076ee06fe06483697c749148a808c599579045d00a52573938	D	P	196
g1_llhQ8oFC9gi1rU3txXUQYoN2616Y5VRWyVXBpDosmTM	s1__fmnSv6OnZklVvMPUjPdL6drtvfrJptRYX3nxZQO8jI	1umxtS	python-gnn-puct-scout-v0.1.0	sha256:b9f80706cc1f29076ee06fe06483697c749148a808c599579045d00a52573938	python-gnn-puct-scout-v0.1.0	sha256:b9f80706cc1f29076ee06fe06483697c749148a808c599579045d00a52573938	L	P	196
g1_lli5tv_b3aPRfr3FMOTetkrWNCBuvdnV2OjmnobgkY0	s1_9r_DstUG7-v3FsRJbmW2VNaU1Vt8FvOTnkk_jviJP_c	1unNqQ	qadv-arbiter-7x7-rust-lambda-v0.1.0	-	qadv-arbiter-7x7-rust-lambda-v0.1.0	-	D	P	196
g1_lli5tv_b3aPRfr3FMOTetkrWNCBuvdnV2OjmnobgkY0	s1_FXqlCjhCkXEISSFeCqT9_pWieEq_KnAhv5hNtIocXBA	1unNqQ	qadv-arbiter-7x7-rust-lambda-v0.1.0	-	qadv-arbiter-7x7-rust-lambda-v0.1.0	-	D	P	196
g1_lli5tv_b3aPRfr3FMOTetkrWNCBuvdnV2OjmnobgkY0	s1_GW86MjLALT_PQl-qB-yPnQXN_0JT1vXuSfQnmi9pRvE	1unNqQ	qadv-arbiter-7x7-rust-lambda-v0.1.0	-	qadv-arbiter-7x7-rust-lambda-v0.1.0	-	D	P	196
g1_lli5tv_b3aPRfr3FMOTetkrWNCBuvdnV2OjmnobgkY0	s1_RauLaTi4eVgYHSp2TV9pqs9uzTVv0B10g9TaHMWpcZ4	1unNqQ	qadv-arbiter-7x7-rust-lambda-v0.1.0	-	qadv-arbiter-7x7-rust-lambda-v0.1.0	-	D	P	-
g1_llihbdR1HHc42Hlszl4kYW80EiXfuEFQ7-sNG2a4AwE	s1_MTL9jC7uNKC8mD4KQbEo1R_DGzdo9u0rg8yYaxDdaMw	1unMYY	qadv-arbiter-7x7-rust-lambda-v0.1.0	-	qadv-arbiter-7x7-rust-lambda-v0.1.0	-	L	P	196
g1_llihbdR1HHc42Hlszl4kYW80EiXfuEFQ7-sNG2a4AwE	s1_OYiw6QaqhVHiVZ45OEdCrJE6TDCi7sbrExvWydqE6v4	1unMYY	qadv-arbiter-7x7-rust-lambda-v0.1.0	-	qadv-arbiter-7x7-rust-lambda-v0.1.0	-	L	P	196
g1_llihbdR1HHc42Hlszl4kYW80EiXfuEFQ7-sNG2a4AwE	s1_RauLaTi4eVgYHSp2TV9pqs9uzTVv0B10g9TaHMWpcZ4	1unMYY	qadv-arbiter-7x7-rust-lambda-v0.1.0	-	qadv-arbiter-7x7-rust-lambda-v0.1.0	-	L	P	-
g1_llihbdR1HHc42Hlszl4kYW80EiXfuEFQ7-sNG2a4AwE	s1_vd-ZaUMyxK60jsLrm6ZRc8hcRNfX0WT25SXmY8sjC9c	1unMYY	qadv-arbiter-7x7-rust-lambda-v0.1.0	-	qadv-arbiter-7x7-rust-lambda-v0.1.0	-	L	P	196
g1_lljXgIC5flRtTLvnOHIEyJ_tzwjT2a15ySu5uBxxVq4	s1_RauLaTi4eVgYHSp2TV9pqs9uzTVv0B10g9TaHMWpcZ4	1unLy1	qadv-arbiter-7x7-rust-lambda-v0.1.0	-	qadv-arbiter-7x7-rust-lambda-v0.1.0	-	D	P	-
g1_lljXgIC5flRtTLvnOHIEyJ_tzwjT2a15ySu5uBxxVq4	s1_S7_vrSIjehI1dBLFevDwll4e88LBWwtguwsy_6CXNKI	1unLy1	qadv-arbiter-7x7-rust-lambda-v0.1.0	-	qadv-arbiter-7x7-rust-lambda-v0.1.0	-	D	P	196
g1_lljXgIC5flRtTLvnOHIEyJ_tzwjT2a15ySu5uBxxVq4	s1_ZHrtOV-QQJjoXQiDqGSFJafemL48ibOkHGuqNvImGOg	1unLy1	qadv-arbiter-7x7-rust-lambda-v0.1.0	-	qadv-arbiter-7x7-rust-lambda-v0.1.0	-	D	P	196
g1_lljXgIC5flRtTLvnOHIEyJ_tzwjT2a15ySu5uBxxVq4	s1_whWz1dnHwETDg4v2CP6PBpAt74vVdW_cf8bhp4y9GAg	1unLy1	qadv-arbiter-7x7-rust-lambda-v0.1.0	-	qadv-arbiter-7x7-rust-lambda-v0.1.0	-	D	P	196
g1_llqbq-N_sU3nfrfZk7vGVR0MygQcHDgrLsm1iRoiIqo	s1_2FtaP75xgRVTNrUvmC0NIesJCNy8IDFJ05WNM4nUnpg	1unQnt	pathfinder-v0.3.0	-	qadv-arbiter-7x7-v0.1.0	-	L	P	196
g1_llqbq-N_sU3nfrfZk7vGVR0MygQcHDgrLsm1iRoiIqo	s1_7m6rzVUMwKb2ze4m0l4101Ex_LeBD751xgIP1pyiYhY	1unQnt	pathfinder-v0.3.0	-	qadv-arbiter-7x7-v0.1.0	-	L	P	196
g1_llqbq-N_sU3nfrfZk7vGVR0MygQcHDgrLsm1iRoiIqo	s1_HjA89IoDiAP3gMt0SZP0j2CFpxJ2oc7f_83xAk5L4kg	1unQnt	pathfinder-v0.3.0	-	qadv-arbiter-7x7-v0.1.0	-	L	P	196
g1_llqbq-N_sU3nfrfZk7vGVR0MygQcHDgrLsm1iRoiIqo	s1_RauLaTi4eVgYHSp2TV9pqs9uzTVv0B10g9TaHMWpcZ4	1unQnt	pathfinder-v0.3.0	-	qadv-arbiter-7x7-v0.1.0	-	L	P	-
g1_lm2cqWj65ZgoYc8qVdr6LfTvs-3pH9o0eEGEAPIvZFo	s1_0sKm8HMI4E5Z-1OOxMMEH0BR77dCX3HSTiCSDZ63wK0	1unPJ2	qadv-arbiter-7x7-rust-lambda-v0.1.0	-	qadv-arbiter-7x7-rust-lambda-v0.1.0	-	D	P	196
g1_lm2cqWj65ZgoYc8qVdr6LfTvs-3pH9o0eEGEAPIvZFo	s1_OQBmFjC26y8muhUAxdk0qoQZfJ9c0lkmxxTzsx0axxc	1unPJ2	qadv-arbiter-7x7-rust-lambda-v0.1.0	-	qadv-arbiter-7x7-rust-lambda-v0.1.0	-	D	P	196
g1_lm2cqWj65ZgoYc8qVdr6LfTvs-3pH9o0eEGEAPIvZFo	s1_RauLaTi4eVgYHSp2TV9pqs9uzTVv0B10g9TaHMWpcZ4	1unPJ2	qadv-arbiter-7x7-rust-lambda-v0.1.0	-	qadv-arbiter-7x7-rust-lambda-v0.1.0	-	D	P	-
g1_lm2cqWj65ZgoYc8qVdr6LfTvs-3pH9o0eEGEAPIvZFo	s1_iRozNPrPhd5HdQ2GkDyXjdOrtnEO23RRsVeYOETYFOQ	1unPJ2	qadv-arbiter-7x7-rust-lambda-v0.1.0	-	qadv-arbiter-7x7-rust-lambda-v0.1.0	-	D	P	196
g1_lm4VmSvJM9uQcJwqzVfBUm3imRZ96hyAdLG9E0HhC2o	s1_RauLaTi4eVgYHSp2TV9pqs9uzTVv0B10g9TaHMWpcZ4	1unPka	qadv-arbiter-7x7-rust-lambda-v0.1.0	-	qadv-arbiter-7x7-rust-lambda-v0.1.0	-	L	P	-
g1_lm4VmSvJM9uQcJwqzVfBUm3imRZ96hyAdLG9E0HhC2o	s1_XbcdiHlDPAVKf7Gfvm8SS6p2cdge0SnacQFFj5VZdzg	1unPka	qadv-arbiter-7x7-rust-lambda-v0.1.0	-	qadv-arbiter-7x7-rust-lambda-v0.1.0	-	L	P	196
g1_lm4VmSvJM9uQcJwqzVfBUm3imRZ96hyAdLG9E0HhC2o	s1_elCEVL2p4G0STmoeF8a-FrW4znUyQKOyQzQhohDGnz4	1unPka	qadv-arbiter-7x7-rust-lambda-v0.1.0	-	qadv-arbiter-7x7-rust-lambda-v0.1.0	-	L	P	196
g1_lm4VmSvJM9uQcJwqzVfBUm3imRZ96hyAdLG9E0HhC2o	s1_xhDQb-GI0_fDYxCchwzbMnx4riOGS_r14pS_SLKA2cA	1unPka	qadv-arbiter-7x7-rust-lambda-v0.1.0	-	qadv-arbiter-7x7-rust-lambda-v0.1.0	-	L	P	196
g1_lmHrs1RzYCqleHmvz-PGAxHkwSBiaHLtbBGR7clhYiQ	s1_GerFaybkTtXzd_yVnpdUdRhDkQnyxf9cfEKVypnpE_A	1unMFP	qadv-arbiter-7x7-rust-lambda-v0.1.0	-	qadv-arbiter-7x7-rust-lambda-v0.1.0	-	D	P	196
g1_lmHrs1RzYCqleHmvz-PGAxHkwSBiaHLtbBGR7clhYiQ	s1_RauLaTi4eVgYHSp2TV9pqs9uzTVv0B10g9TaHMWpcZ4	1unMFP	qadv-arbiter-7x7-rust-lambda-v0.1.0	-	qadv-arbiter-7x7-rust-lambda-v0.1.0	-	D	P	-
g1_lmHrs1RzYCqleHmvz-PGAxHkwSBiaHLtbBGR7clhYiQ	s1_cNRfwVEcYfzdLJeYikwoM90EqZ0gxOgLcFqXYFmk700	1unMFP	qadv-arbiter-7x7-rust-lambda-v0.1.0	-	qadv-arbiter-7x7-rust-lambda-v0.1.0	-	D	P	196
g1_lmHrs1RzYCqleHmvz-PGAxHkwSBiaHLtbBGR7clhYiQ	s1_zcOw2ezJnAVYFYg4T5oKNtWfW_LacCBeCb0_CsYwV5Q	1unMFP	qadv-arbiter-7x7-rust-lambda-v0.1.0	-	qadv-arbiter-7x7-rust-lambda-v0.1.0	-	D	P	196
g1_lmQ5k6j6EL0KW5BIzJrD5f6WCJeEzkQlpeUh6-8j0n8	s1_7oU-Xi6nRd18hR_VdLwroNGvcnS3jT5V5iD0FwyglUs	1unMKv	qadv-arbiter-7x7-rust-lambda-v0.1.0	-	qadv-arbiter-7x7-rust-lambda-v0.1.0	-	D	P	196
g1_lmQ5k6j6EL0KW5BIzJrD5f6WCJeEzkQlpeUh6-8j0n8	s1_8SdJlR_k3oobVO-uyOHW1RvuarpUYKqRf268nduRj88	1unMKv	qadv-arbiter-7x7-rust-lambda-v0.1.0	-	qadv-arbiter-7x7-rust-lambda-v0.1.0	-	D	P	196
g1_lmQ5k6j6EL0KW5BIzJrD5f6WCJeEzkQlpeUh6-8j0n8	s1_EFGhxuhU4gTPAQ8qJ_SgZPLwwUQGVrb_G2cdCzey8rU	1unMKv	qadv-arbiter-7x7-rust-lambda-v0.1.0	-	qadv-arbiter-7x7-rust-lambda-v0.1.0	-	D	P	196
g1_lmQ5k6j6EL0KW5BIzJrD5f6WCJeEzkQlpeUh6-8j0n8	s1_RauLaTi4eVgYHSp2TV9pqs9uzTVv0B10g9TaHMWpcZ4	1unMKv	qadv-arbiter-7x7-rust-lambda-v0.1.0	-	qadv-arbiter-7x7-rust-lambda-v0.1.0	-	D	P	-
g1_lm_llypIEytBqY2Ps-We2qZNtS9tRX962zTFbWigaZY	s1_1XoxENw8Z_E12JzQZ6H9rkrRJk1Wo7aAAvq4jhDVyGo	1un5dx	surveyor-v0.2.0	-	qadv-arbiter-guided-7x7-v0.2.0	sha256:9c0e5e530df7db77a98f6a2e75fe63a6f629c6ad6563e0b5454793ebc243b14d	L	P	196
g1_lm_llypIEytBqY2Ps-We2qZNtS9tRX962zTFbWigaZY	s1_O3cuwuia8XT9TI7Nxr3tRcajOA20XFHEIT2fYX3WizY	1un5dx	surveyor-v0.2.0	-	qadv-arbiter-guided-7x7-v0.2.0	sha256:9c0e5e530df7db77a98f6a2e75fe63a6f629c6ad6563e0b5454793ebc243b14d	L	P	196
g1_lm_llypIEytBqY2Ps-We2qZNtS9tRX962zTFbWigaZY	s1_Wm96nwaIWKpAJ3RfJi_pk_r6EF_3M78D0GXx9IBk1xo	1un5dx	surveyor-v0.2.0	-	qadv-arbiter-guided-7x7-v0.2.0	sha256:9c0e5e530df7db77a98f6a2e75fe63a6f629c6ad6563e0b5454793ebc243b14d	L	P	196
g1_lm_llypIEytBqY2Ps-We2qZNtS9tRX962zTFbWigaZY	s1_oVnHx0H0hBJ22MGtoQ9afbk5R9RvLjqRwBbr5C59S7I	1un5dx	surveyor-v0.2.0	-	qadv-arbiter-guided-7x7-v0.2.0	sha256:9c0e5e530df7db77a98f6a2e75fe63a6f629c6ad6563e0b5454793ebc243b14d	L	P	196
g1_lmb9-Lpgtcr3Q_-T1yCPlD945U1vL8il4i10ct-TMV0	s1_P_m17e0Vy9YZqw3QEA4GGxthHz4cwD5o3fUkvh6bqro	1unOk_	qadv-arbiter-7x7-rust-lambda-v0.1.0	-	qadv-arbiter-7x7-rust-lambda-v0.1.0	-	D	P	196
g1_lmb9-Lpgtcr3Q_-T1yCPlD945U1vL8il4i10ct-TMV0	s1_RauLaTi4eVgYHSp2TV9pqs9uzTVv0B10g9TaHMWpcZ4	1unOk_	qadv-arbiter-7x7-rust-lambda-v0.1.0	-	qadv-arbiter-7x7-rust-lambda-v0.1.0	-	D	P	-
g1_lmb9-Lpgtcr3Q_-T1yCPlD945U1vL8il4i10ct-TMV0	s1_TFKbvtIj2wgsHCMQZ0sbhpqaVWwja4fbB1_FCu8qX7o	1unOk_	qadv-arbiter-7x7-rust-lambda-v0.1.0	-	qadv-arbiter-7x7-rust-lambda-v0.1.0	-	D	P	196
g1_lmb9-Lpgtcr3Q_-T1yCPlD945U1vL8il4i10ct-TMV0	s1_msyp5fmIsqNW39bl4IKjqwEw12aIMHJs_U1heio4BPw	1unOk_	qadv-arbiter-7x7-rust-lambda-v0.1.0	-	qadv-arbiter-7x7-rust-lambda-v0.1.0	-	D	P	196
g1_lmf66fIJauexvowb-cfNU56zxjQWMm-tHen5IGCKBak	s1_1av6nXQkq-GSHXfjkVlGHGpAq8F9UbW4JwZmyFA-vww	1DIcE	rust-pathfinder-v0.1.0	-	lunatic-v0.1.0	-	L	P	-
g1_lmf66fIJauexvowb-cfNU56zxjQWMm-tHen5IGCKBak	s1_9Eroywf7tuDrn-hcfZPjlEa1DSRUykCRn9Z11u8ySIo	1DIcE	rust-pathfinder-v0.1.0	-	lunatic-v0.1.0	-	L	P	-
g1_lmf66fIJauexvowb-cfNU56zxjQWMm-tHen5IGCKBak	s1_Brk0hkuJoH-MBjdd53AO5tlWcOgDWV_R0PO74fHGd_0	1DIcE	rust-pathfinder-v0.1.0	-	lunatic-v0.1.0	-	L	P	-
g1_lmf66fIJauexvowb-cfNU56zxjQWMm-tHen5IGCKBak	s1_KmF8KhDbubz6lwdS8R_n_yTGdSONmH9B1wUABbyCj94	1DIcE	rust-pathfinder-v0.1.0	-	lunatic-v0.1.0	-	L	P	-
g1_lmf66fIJauexvowb-cfNU56zxjQWMm-tHen5IGCKBak	s1_MKrI0a3Qd48rU7oZj28GrlQ3cHhIbUzS5ibiIW9aKy4	1DIcE	rust-pathfinder-v0.1.0	-	lunatic-v0.1.0	-	L	P	-
g1_lmf66fIJauexvowb-cfNU56zxjQWMm-tHen5IGCKBak	s1_XloMUS0hxYEXf762lcPfaudsLmsH-CsOVZNVVU_obcA	1DIcE	rust-pathfinder-v0.1.0	-	lunatic-v0.1.0	-	L	P	-
g1_lmf66fIJauexvowb-cfNU56zxjQWMm-tHen5IGCKBak	s1_g5pGkHBMEhzAYvwFY0b24sSc7wC9JfnWApMHHZ_aMPI	1DIcE	rust-pathfinder-v0.1.0	-	lunatic-v0.1.0	-	L	P	-
g1_lmjR6LiG_GtlnMcDCcuGeRQJqqM827WXVI_cguHTUAE	s1_O3cuwuia8XT9TI7Nxr3tRcajOA20XFHEIT2fYX3WizY	1un7cA	qadv-arbiter-guided-7x7-v0.2.0	sha256:9c0e5e530df7db77a98f6a2e75fe63a6f629c6ad6563e0b5454793ebc243b14d	lunatic-v0.1.0	-	L	P	196
g1_lmjR6LiG_GtlnMcDCcuGeRQJqqM827WXVI_cguHTUAE	s1__OR-Yw2XfevRxr-S2rr-TUWssCFxwoeJS04-95muPSM	1un7cA	qadv-arbiter-guided-7x7-v0.2.0	sha256:9c0e5e530df7db77a98f6a2e75fe63a6f629c6ad6563e0b5454793ebc243b14d	lunatic-v0.1.0	-	L	P	196
g1_lmjR6LiG_GtlnMcDCcuGeRQJqqM827WXVI_cguHTUAE	s1_gY_boSu5A8XG5a9XmME0tXm6pud0vwcbDekozVtP3iE	1un7cA	qadv-arbiter-guided-7x7-v0.2.0	sha256:9c0e5e530df7db77a98f6a2e75fe63a6f629c6ad6563e0b5454793ebc243b14d	lunatic-v0.1.0	-	L	P	196
g1_lmjR6LiG_GtlnMcDCcuGeRQJqqM827WXVI_cguHTUAE	s1_nGMROr4JGS862bFLFUfH2a8ENp-zb33TaK0vhF2LgKs	1un7cA	qadv-arbiter-guided-7x7-v0.2.0	sha256:9c0e5e530df7db77a98f6a2e75fe63a6f629c6ad6563e0b5454793ebc243b14d	lunatic-v0.1.0	-	L	P	196
g1_lmo4TybTHXPrAPAbYolrPmv18-pChVIlcsQZ5U063C4	s1_1av6nXQkq-GSHXfjkVlGHGpAq8F9UbW4JwZmyFA-vww	1umvUY	python-gnn-puct-learner-v0.1.0	sha256:ab0f739cd33d66781faf60e27797c5ccba3c04ba684f8d9e32e9c2754f4e8956	python-gnn-puct-learner-v0.1.0	sha256:ab0f739cd33d66781faf60e27797c5ccba3c04ba684f8d9e32e9c2754f4e8956	-	M	196
g1_lmo4TybTHXPrAPAbYolrPmv18-pChVIlcsQZ5U063C4	s1_QBFUsDtxokERlDOdQkleYbPvhJ-vIp2qmp6DXjS-7oM	1umvUY	python-gnn-puct-learner-v0.1.0	sha256:ab0f739cd33d66781faf60e27797c5ccba3c04ba684f8d9e32e9c2754f4e8956	python-gnn-puct-learner-v0.1.0	sha256:ab0f739cd33d66781faf60e27797c5ccba3c04ba684f8d9e32e9c2754f4e8956	-	M	196
g1_lmo4TybTHXPrAPAbYolrPmv18-pChVIlcsQZ5U063C4	s1_mWPTef6xYbijjPhDIC6QgLRmu2mMSJAokNlIkx3vg54	1umvUY	python-gnn-puct-learner-v0.1.0	sha256:ab0f739cd33d66781faf60e27797c5ccba3c04ba684f8d9e32e9c2754f4e8956	python-gnn-puct-learner-v0.1.0	sha256:ab0f739cd33d66781faf60e27797c5ccba3c04ba684f8d9e32e9c2754f4e8956	-	M	196
g1_lmuWJEiMeJRWkgt99LM3q0iEqI2DoIMsdTgYQHQRrvI	s1_2oKQDz6JH8wjeCgOz8KZOVZCfEnNNOa9N_Z4JYwy8Js	1unQ3s	qadv-arbiter-7x7-rust-lambda-v0.1.0	-	qadv-arbiter-7x7-rust-lambda-v0.1.0	-	D	P	196
g1_lmuWJEiMeJRWkgt99LM3q0iEqI2DoIMsdTgYQHQRrvI	s1_3sey4ZtDh8actXLSnXQrnX_OIh57wjaZ0_uz22vSkSI	1unQ3s	qadv-arbiter-7x7-rust-lambda-v0.1.0	-	qadv-arbiter-7x7-rust-lambda-v0.1.0	-	D	P	196
g1_lmuWJEiMeJRWkgt99LM3q0iEqI2DoIMsdTgYQHQRrvI	s1_HMEq0EDBOIIj64uUP6QX8Sf3DwtAnwlmPK4-YnNcFik	1unQ3s	qadv-arbiter-7x7-rust-lambda-v0.1.0	-	qadv-arbiter-7x7-rust-lambda-v0.1.0	-	D	P	196
g1_ln4x91vKk5ufE1lpvx2I6MhjoQ8OHOzSUmeQKPpX1f4	s1_7FIu85-v_e-kbNsQ2UNk3yRt-KGcLyUjpmVwIc9cnfM	1umwDl	python-gnn-puct-scout-v0.1.0	sha256:b9f80706cc1f29076ee06fe06483697c749148a808c599579045d00a52573938	python-gnn-puct-scout-v0.1.0	sha256:b9f80706cc1f29076ee06fe06483697c749148a808c599579045d00a52573938	D	P	196
g1_ln4x91vKk5ufE1lpvx2I6MhjoQ8OHOzSUmeQKPpX1f4	s1_S8AGNBNcWBvWiwIo-AOAHPoHuZo2XvcsYvhgQxGTkrY	1umwDl	python-gnn-puct-scout-v0.1.0	sha256:b9f80706cc1f29076ee06fe06483697c749148a808c599579045d00a52573938	python-gnn-puct-scout-v0.1.0	sha256:b9f80706cc1f29076ee06fe06483697c749148a808c599579045d00a52573938	D	P	196
g1_lnBUWNdVdYf752oMRCVLMSStUOBLwjYYLE6HUG-mV9k	s1_4OBap95emiBauZxad3xBfaCQMGbSStzVa5D-Lxd-9gg	1unLnZ	qadv-arbiter-7x7-rust-lambda-v0.1.0	-	qadv-arbiter-7x7-rust-lambda-v0.1.0	-	D	P	196
g1_lnBUWNdVdYf752oMRCVLMSStUOBLwjYYLE6HUG-mV9k	s1_IMAs9P_tBtRuvPuB8vhU1YNWagXc2NRVTz5xLy2Z7as	1unLnZ	qadv-arbiter-7x7-rust-lambda-v0.1.0	-	qadv-arbiter-7x7-rust-lambda-v0.1.0	-	D	P	196
g1_lnBUWNdVdYf752oMRCVLMSStUOBLwjYYLE6HUG-mV9k	s1_RauLaTi4eVgYHSp2TV9pqs9uzTVv0B10g9TaHMWpcZ4	1unLnZ	qadv-arbiter-7x7-rust-lambda-v0.1.0	-	qadv-arbiter-7x7-rust-lambda-v0.1.0	-	D	P	-
g1_lnBUWNdVdYf752oMRCVLMSStUOBLwjYYLE6HUG-mV9k	s1_sV_r5Cg6zUZyb9wU1QRZhGMuSSbv6VL5kE0AhgT9POQ	1unLnZ	qadv-arbiter-7x7-rust-lambda-v0.1.0	-	qadv-arbiter-7x7-rust-lambda-v0.1.0	-	D	P	196
g1_lnFeyYAsiYDt65jRLsZGKzFWr8iIFCSLgdMltcYSCi0	s1_flXyOBW6T9LLVDFIvXBGel1MoVNZcUcMFIJnB9yLapU	1umxBR	python-gnn-puct-reval30k-v0.1.0	sha256:6120be86fc469df71473c3de64e5e32f99694cd47d621fa5948f243dc51d3d21	python-gnn-puct-reval30k-v0.1.0	sha256:6120be86fc469df71473c3de64e5e32f99694cd47d621fa5948f243dc51d3d21	D	P	196
g1_lnHZUOfVb6WOIWrvpoZrFvw2wBiErQVbg41MyezENos	s1_1N12OHTSbVNdDQCbEPKK1UJnvJ2HSw_YHeVfxYj4-TY	1unMTJ	qadv-arbiter-7x7-rust-lambda-v0.1.0	-	qadv-arbiter-7x7-rust-lambda-v0.1.0	-	D	P	196
g1_lnHZUOfVb6WOIWrvpoZrFvw2wBiErQVbg41MyezENos	s1_IvFnqjO5jHnrPHOXRgLI0u4jypgml8aQi4ynUdNtozs	1unMTJ	qadv-arbiter-7x7-rust-lambda-v0.1.0	-	qadv-arbiter-7x7-rust-lambda-v0.1.0	-	D	P	196
g1_lnHZUOfVb6WOIWrvpoZrFvw2wBiErQVbg41MyezENos	s1_RauLaTi4eVgYHSp2TV9pqs9uzTVv0B10g9TaHMWpcZ4	1unMTJ	qadv-arbiter-7x7-rust-lambda-v0.1.0	-	qadv-arbiter-7x7-rust-lambda-v0.1.0	-	D	P	-
g1_lnHZUOfVb6WOIWrvpoZrFvw2wBiErQVbg41MyezENos	s1_o7pzTXSc0goSvnTeTOg9fMq9Mq90OfMdjRI1f4CPm_o	1unMTJ	qadv-arbiter-7x7-rust-lambda-v0.1.0	-	qadv-arbiter-7x7-rust-lambda-v0.1.0	-	D	P	196
g1_lnRKF3ZiRvyi8oit3f0RsxS5hxU_1BNZ4neelvlop6M	s1_Iofl-HUnyaJjwzdtBKuGAR50TC_8B8SRqZ0w68gYb6g	1unMCW	qadv-arbiter-7x7-rust-lambda-v0.1.0	-	qadv-arbiter-7x7-rust-lambda-v0.1.0	-	L	P	196
g1_lnRKF3ZiRvyi8oit3f0RsxS5hxU_1BNZ4neelvlop6M	s1_NpLTBHOLifjC8OR7Od5IB8dR9AGn30KKzzYOKX3eLxM	1unMCW	qadv-arbiter-7x7-rust-lambda-v0.1.0	-	qadv-arbiter-7x7-rust-lambda-v0.1.0	-	L	P	196
g1_lnRKF3ZiRvyi8oit3f0RsxS5hxU_1BNZ4neelvlop6M	s1_RauLaTi4eVgYHSp2TV9pqs9uzTVv0B10g9TaHMWpcZ4	1unMCW	qadv-arbiter-7x7-rust-lambda-v0.1.0	-	qadv-arbiter-7x7-rust-lambda-v0.1.0	-	L	P	-
g1_lnRKF3ZiRvyi8oit3f0RsxS5hxU_1BNZ4neelvlop6M	s1_bqp5s-SLhWzF7OH1j5_LH3JR7qq9Rtcijl1TWL7gciE	1unMCW	qadv-arbiter-7x7-rust-lambda-v0.1.0	-	qadv-arbiter-7x7-rust-lambda-v0.1.0	-	L	P	196
g1_lnU5_vIaP3_Ix_D8vMqLQj9TcyJ5eJ4Z-I-K30eBqqk	s1_RauLaTi4eVgYHSp2TV9pqs9uzTVv0B10g9TaHMWpcZ4	1unP7-	qadv-arbiter-7x7-rust-lambda-v0.1.0	-	qadv-arbiter-7x7-rust-lambda-v0.1.0	-	D	P	-
g1_lnU5_vIaP3_Ix_D8vMqLQj9TcyJ5eJ4Z-I-K30eBqqk	s1_WaJdsbvecWrSCses98fBqZuKaOrVbMXG48tWQ9f-rOU	1unP7-	qadv-arbiter-7x7-rust-lambda-v0.1.0	-	qadv-arbiter-7x7-rust-lambda-v0.1.0	-	D	P	196
g1_lnU5_vIaP3_Ix_D8vMqLQj9TcyJ5eJ4Z-I-K30eBqqk	s1_d0wG-HMjGDIM78y6cahyoEmdwLz4jxLOesIznMz_vuE	1unP7-	qadv-arbiter-7x7-rust-lambda-v0.1.0	-	qadv-arbiter-7x7-rust-lambda-v0.1.0	-	D	P	196
g1_lnU5_vIaP3_Ix_D8vMqLQj9TcyJ5eJ4Z-I-K30eBqqk	s1_xMgPhpWdHTKmnkImy4V2chTJt2JB_B5fcZWrbaTyYmk	1unP7-	qadv-arbiter-7x7-rust-lambda-v0.1.0	-	qadv-arbiter-7x7-rust-lambda-v0.1.0	-	D	P	196
g1_lnVUMDowZ6u8JUzgxTH2fSZonCbOZofX4xBKLcf8eaI	s1_7FIu85-v_e-kbNsQ2UNk3yRt-KGcLyUjpmVwIc9cnfM	1umwAn	python-gnn-puct-scout-v0.1.0	sha256:b9f80706cc1f29076ee06fe06483697c749148a808c599579045d00a52573938	python-gnn-puct-scout-v0.1.0	sha256:b9f80706cc1f29076ee06fe06483697c749148a808c599579045d00a52573938	D	P	196
g1_lnVUMDowZ6u8JUzgxTH2fSZonCbOZofX4xBKLcf8eaI	s1_S8AGNBNcWBvWiwIo-AOAHPoHuZo2XvcsYvhgQxGTkrY	1umwAn	python-gnn-puct-scout-v0.1.0	sha256:b9f80706cc1f29076ee06fe06483697c749148a808c599579045d00a52573938	python-gnn-puct-scout-v0.1.0	sha256:b9f80706cc1f29076ee06fe06483697c749148a808c599579045d00a52573938	D	P	196
g1_lng8-k20ZGgmMF82oYsg-mYkcK7wG_zTNeobL8lUTJw	s1_RauLaTi4eVgYHSp2TV9pqs9uzTVv0B10g9TaHMWpcZ4	1unOJQ	qadv-arbiter-7x7-rust-lambda-v0.1.0	-	qadv-arbiter-7x7-rust-lambda-v0.1.0	-	D	P	-
g1_lng8-k20ZGgmMF82oYsg-mYkcK7wG_zTNeobL8lUTJw	s1_ZjA-5BH7NngDcD1bK3z-5sIdCnW4SIe3TRaV3FDuLtc	1unOJQ	qadv-arbiter-7x7-rust-lambda-v0.1.0	-	qadv-arbiter-7x7-rust-lambda-v0.1.0	-	D	P	196
g1_lng8-k20ZGgmMF82oYsg-mYkcK7wG_zTNeobL8lUTJw	s1_j94qGJIP9WuseNp_aciEI9MqRw7N9nBiWKKqyyvE5Co	1unOJQ	qadv-arbiter-7x7-rust-lambda-v0.1.0	-	qadv-arbiter-7x7-rust-lambda-v0.1.0	-	D	P	196
g1_lng8-k20ZGgmMF82oYsg-mYkcK7wG_zTNeobL8lUTJw	s1_rL2rjMC_KmLfE9oDxh19AwH64FZJpoB-h4C2O6vSaSk	1unOJQ	qadv-arbiter-7x7-rust-lambda-v0.1.0	-	qadv-arbiter-7x7-rust-lambda-v0.1.0	-	D	P	196
g1_lnrsTg2Lk4mBjE9ADrg4c0pgXZAHCB8xZX1xSET_Jhc	s1_B94xR6jLJKCdCZro7cmTOgMDYWuUtRuV6Gtn1TTz4ME	1unNYL	qadv-arbiter-7x7-rust-lambda-v0.1.0	-	qadv-arbiter-7x7-rust-lambda-v0.1.0	-	D	P	196
g1_lnrsTg2Lk4mBjE9ADrg4c0pgXZAHCB8xZX1xSET_Jhc	s1_Chwe1oEh1Oy5u_Dx54ccKSvJhzKDXif5uM64BvXoD8U	1unNYL	qadv-arbiter-7x7-rust-lambda-v0.1.0	-	qadv-arbiter-7x7-rust-lambda-v0.1.0	-	D	P	196
g1_lnrsTg2Lk4mBjE9ADrg4c0pgXZAHCB8xZX1xSET_Jhc	s1_IS-0mVLwvHEZQAQMmjVDvDTHcdfT2s69OnN-ee3Xm60	1unNYL	qadv-arbiter-7x7-rust-lambda-v0.1.0	-	qadv-arbiter-7x7-rust-lambda-v0.1.0	-	D	P	196
g1_lnrsTg2Lk4mBjE9ADrg4c0pgXZAHCB8xZX1xSET_Jhc	s1_RauLaTi4eVgYHSp2TV9pqs9uzTVv0B10g9TaHMWpcZ4	1unNYL	qadv-arbiter-7x7-rust-lambda-v0.1.0	-	qadv-arbiter-7x7-rust-lambda-v0.1.0	-	D	P	-
g1_lnuhNrRy4mtvqxnulY29KLQgkQOyfqDpdyVEMW9xQak	s1_BjYzTiPReCweEB3E-xElGOmkh2moFICcSKzJ1JfYvTo	1unNeR	qadv-arbiter-7x7-rust-lambda-v0.1.0	-	qadv-arbiter-7x7-rust-lambda-v0.1.0	-	L	P	196
g1_lnuhNrRy4mtvqxnulY29KLQgkQOyfqDpdyVEMW9xQak	s1_RauLaTi4eVgYHSp2TV9pqs9uzTVv0B10g9TaHMWpcZ4	1unNeR	qadv-arbiter-7x7-rust-lambda-v0.1.0	-	qadv-arbiter-7x7-rust-lambda-v0.1.0	-	L	P	-
g1_lnuhNrRy4mtvqxnulY29KLQgkQOyfqDpdyVEMW9xQak	s1_V4NeBK96mElec3jew4zZmj3EKjFrIJd1ST_W65ueUhQ	1unNeR	qadv-arbiter-7x7-rust-lambda-v0.1.0	-	qadv-arbiter-7x7-rust-lambda-v0.1.0	-	L	P	196
g1_lnuhNrRy4mtvqxnulY29KLQgkQOyfqDpdyVEMW9xQak	s1_y3s8DWCIzp6h_h32iAxtqGcHLDtNmryj2BZKbAdUOMU	1unNeR	qadv-arbiter-7x7-rust-lambda-v0.1.0	-	qadv-arbiter-7x7-rust-lambda-v0.1.0	-	L	P	196
g1_loA-gnL5fGWgwJ_gc331GtOdRfb5A9Gx7gyeq7Kakn8	s1_RauLaTi4eVgYHSp2TV9pqs9uzTVv0B10g9TaHMWpcZ4	1unLx-	qadv-arbiter-7x7-rust-lambda-v0.1.0	-	qadv-arbiter-7x7-rust-lambda-v0.1.0	-	D	P	-
g1_loA-gnL5fGWgwJ_gc331GtOdRfb5A9Gx7gyeq7Kakn8	s1_c4LmFvxvJ_bUgi-cMQRRyrhT2Qf-hWUoDK0LemOuY9Y	1unLx-	qadv-arbiter-7x7-rust-lambda-v0.1.0	-	qadv-arbiter-7x7-rust-lambda-v0.1.0	-	D	P	196
g1_loA-gnL5fGWgwJ_gc331GtOdRfb5A9Gx7gyeq7Kakn8	s1_uEOdFbMJJ06r7oaz-GPJfGtBLAjG6hkeE-jZoc0Vpu8	1unLx-	qadv-arbiter-7x7-rust-lambda-v0.1.0	-	qadv-arbiter-7x7-rust-lambda-v0.1.0	-	D	P	196
g1_loA-gnL5fGWgwJ_gc331GtOdRfb5A9Gx7gyeq7Kakn8	s1_uZVS-mJSKlgMfCS3LdYXSLO_-lU-j5FJ9dmKDK1-aa8	1unLx-	qadv-arbiter-7x7-rust-lambda-v0.1.0	-	qadv-arbiter-7x7-rust-lambda-v0.1.0	-	D	P	196
g1_loBkLMoDDy0hg_JNGyUbcJEutq-c40smjnwdyWDFbuw	s1_MXsmCgSJAuxBj7JYYIOrRgMQq9mI0ID1eGS1pDoftzA	1un3hW	qadv-arbiter-guided-7x7-v0.2.0	sha256:9c0e5e530df7db77a98f6a2e75fe63a6f629c6ad6563e0b5454793ebc243b14d	pathfinder-v0.3.0	-	D	P	196
g1_loBkLMoDDy0hg_JNGyUbcJEutq-c40smjnwdyWDFbuw	s1_O3cuwuia8XT9TI7Nxr3tRcajOA20XFHEIT2fYX3WizY	1un3hW	qadv-arbiter-guided-7x7-v0.2.0	sha256:9c0e5e530df7db77a98f6a2e75fe63a6f629c6ad6563e0b5454793ebc243b14d	pathfinder-v0.3.0	-	D	P	196
g1_loBkLMoDDy0hg_JNGyUbcJEutq-c40smjnwdyWDFbuw	s1_TYXHQvjQZ2GJ5isdonJSbQODrFXbVToE7ZA6YAiW1Sw	1un3hW	qadv-arbiter-guided-7x7-v0.2.0	sha256:9c0e5e530df7db77a98f6a2e75fe63a6f629c6ad6563e0b5454793ebc243b14d	pathfinder-v0.3.0	-	D	P	196
g1_loBkLMoDDy0hg_JNGyUbcJEutq-c40smjnwdyWDFbuw	s1_uwbLtYhCIY1sqGt_H5JQsCHIctNBX0e3jgQb5Bvcxzo	1un3hW	qadv-arbiter-guided-7x7-v0.2.0	sha256:9c0e5e530df7db77a98f6a2e75fe63a6f629c6ad6563e0b5454793ebc243b14d	pathfinder-v0.3.0	-	D	P	196
g1_loCWhxz6_NdmiBllmVV2YAG1e35jr6mocTwH7EHEAfI	s1_K9MBgnC491Gw363rEAOXcel5eSzoB9LnX73SwKP_wl4	1unPb7	qadv-arbiter-7x7-rust-lambda-v0.1.0	-	qadv-arbiter-7x7-rust-lambda-v0.1.0	-	D	P	196
g1_loCWhxz6_NdmiBllmVV2YAG1e35jr6mocTwH7EHEAfI	s1_RauLaTi4eVgYHSp2TV9pqs9uzTVv0B10g9TaHMWpcZ4	1unPb7	qadv-arbiter-7x7-rust-lambda-v0.1.0	-	qadv-arbiter-7x7-rust-lambda-v0.1.0	-	D	P	-
g1_loCWhxz6_NdmiBllmVV2YAG1e35jr6mocTwH7EHEAfI	s1_fQT43gKjbTwv-iu6FkPdEIRuMwerQlUB7R4i5hO_Kz8	1unPb7	qadv-arbiter-7x7-rust-lambda-v0.1.0	-	qadv-arbiter-7x7-rust-lambda-v0.1.0	-	D	P	196
g1_loCWhxz6_NdmiBllmVV2YAG1e35jr6mocTwH7EHEAfI	s1_xoPaPPsUPSH0QLQ1PY3wTbt-WvFecIKEZUMLTk18gu8	1unPb7	qadv-arbiter-7x7-rust-lambda-v0.1.0	-	qadv-arbiter-7x7-rust-lambda-v0.1.0	-	D	P	196
g1_loD4AcIvXVNyo1tZbZz9LEsxftIdfSOZStQ00G1RCJE	s1_2FtaP75xgRVTNrUvmC0NIesJCNy8IDFJ05WNM4nUnpg	1unQlN	pathfinder-v0.3.0	-	qadv-arbiter-7x7-v0.1.0	-	L	P	196
g1_loD4AcIvXVNyo1tZbZz9LEsxftIdfSOZStQ00G1RCJE	s1_JqJGnBtdaDSTN10uoLLn5Kr_lHNON1JC3apupdmCZIU	1unQlN	pathfinder-v0.3.0	-	qadv-arbiter-7x7-v0.1.0	-	L	P	196
g1_loD4AcIvXVNyo1tZbZz9LEsxftIdfSOZStQ00G1RCJE	s1_RauLaTi4eVgYHSp2TV9pqs9uzTVv0B10g9TaHMWpcZ4	1unQlN	pathfinder-v0.3.0	-	qadv-arbiter-7x7-v0.1.0	-	L	P	-
g1_loD4AcIvXVNyo1tZbZz9LEsxftIdfSOZStQ00G1RCJE	s1_hZ4ro48_A0Zx2Ql4qrNDHkmaz8z1A8vCMrADsCJBDz4	1unQlN	pathfinder-v0.3.0	-	qadv-arbiter-7x7-v0.1.0	-	L	P	196
g1_loE7i5fQAH8KAcghf95b0MqPM-4L5AwG_u-VOgSnUnA	s1_flXyOBW6T9LLVDFIvXBGel1MoVNZcUcMFIJnB9yLapU	1umxAR	python-gnn-puct-reval30k-v0.1.0	sha256:6120be86fc469df71473c3de64e5e32f99694cd47d621fa5948f243dc51d3d21	python-gnn-puct-reval30k-v0.1.0	sha256:6120be86fc469df71473c3de64e5e32f99694cd47d621fa5948f243dc51d3d21	D	P	196
g1_lofy3wuBsXV1owQ7YH2DPW3H7FfcyUcFMjMsNAco2sY	s1_6PxtazPxkizz7K9QTWPSCIopEV5n0zpHoq3F52yO_6U	1umwsS	python-cnn-puct-v0.1.0	sha256:7845e9b7687beee165dc36b8d21833b7a8b5a83e31b58b49bd05c277ba26e642	python-cnn-puct-v0.1.0	sha256:7845e9b7687beee165dc36b8d21833b7a8b5a83e31b58b49bd05c277ba26e642	L	P	196
g1_lofy3wuBsXV1owQ7YH2DPW3H7FfcyUcFMjMsNAco2sY	s1_baRgKA_wMXdl0r4AwdkUfhWC04qxd1MvEGXAQaDd4fo	1umwsS	python-cnn-puct-v0.1.0	sha256:7845e9b7687beee165dc36b8d21833b7a8b5a83e31b58b49bd05c277ba26e642	python-cnn-puct-v0.1.0	sha256:7845e9b7687beee165dc36b8d21833b7a8b5a83e31b58b49bd05c277ba26e642	L	P	196
g1_loydr9-RBNoFt-Li3JsCa8vxGxtt88uZAnt2x9frfno	s1_O3cuwuia8XT9TI7Nxr3tRcajOA20XFHEIT2fYX3WizY	1un84L	lunatic-v0.1.0	-	qadv-arbiter-guided-7x7-v0.2.0	sha256:9c0e5e530df7db77a98f6a2e75fe63a6f629c6ad6563e0b5454793ebc243b14d	D	P	196
g1_loydr9-RBNoFt-Li3JsCa8vxGxtt88uZAnt2x9frfno	s1_drwWHr88n5PHYXIJGnKpx-y8JqbXQRDIoBOZBq51V9A	1un84L	lunatic-v0.1.0	-	qadv-arbiter-guided-7x7-v0.2.0	sha256:9c0e5e530df7db77a98f6a2e75fe63a6f629c6ad6563e0b5454793ebc243b14d	D	P	196
g1_loydr9-RBNoFt-Li3JsCa8vxGxtt88uZAnt2x9frfno	s1_uNE2RRSas7wVxrbKCpysvoEzwr-UauUp2QWOY6qQOQ8	1un84L	lunatic-v0.1.0	-	qadv-arbiter-guided-7x7-v0.2.0	sha256:9c0e5e530df7db77a98f6a2e75fe63a6f629c6ad6563e0b5454793ebc243b14d	D	P	196
g1_lp1x8e-7N9YSWC1FdhEZoU2rlhItoizidbNty8CF3pQ	s1_RauLaTi4eVgYHSp2TV9pqs9uzTVv0B10g9TaHMWpcZ4	1unLyG	qadv-arbiter-7x7-rust-lambda-v0.1.0	-	qadv-arbiter-7x7-rust-lambda-v0.1.0	-	L	P	-
g1_lp1x8e-7N9YSWC1FdhEZoU2rlhItoizidbNty8CF3pQ	s1_ljX0bPFnjXc2D2govG8_jCe8oF55ec8wi8ivwtbJshg	1unLyG	qadv-arbiter-7x7-rust-lambda-v0.1.0	-	qadv-arbiter-7x7-rust-lambda-v0.1.0	-	L	P	196
g1_lp1x8e-7N9YSWC1FdhEZoU2rlhItoizidbNty8CF3pQ	s1_uEOdFbMJJ06r7oaz-GPJfGtBLAjG6hkeE-jZoc0Vpu8	1unLyG	qadv-arbiter-7x7-rust-lambda-v0.1.0	-	qadv-arbiter-7x7-rust-lambda-v0.1.0	-	L	P	196
g1_lp1x8e-7N9YSWC1FdhEZoU2rlhItoizidbNty8CF3pQ	s1_uZVS-mJSKlgMfCS3LdYXSLO_-lU-j5FJ9dmKDK1-aa8	1unLyG	qadv-arbiter-7x7-rust-lambda-v0.1.0	-	qadv-arbiter-7x7-rust-lambda-v0.1.0	-	L	P	196
g1_lpMbdC5oLz23H-XTiDQaKXOtQaWqeXBjAJJ01Lrp0Gc	s1_WVg7aYYLIrw6_-2mI3jQ-DPcLO4gX2sPEEqWQb0DGQA	1umxOd	python-cnn-puct-reval30k-v0.1.0	sha256:eb2600a53e225a835455efdb2759c40e27c5cb3c16ab0688bc21b99290ed10ee	python-cnn-puct-reval30k-v0.1.0	sha256:eb2600a53e225a835455efdb2759c40e27c5cb3c16ab0688bc21b99290ed10ee	L	P	196
g1_lpSFDJQiG1pbZXhmzJn-1Xv3jXN8RzKFwYN-YrnKYGQ	s1_flXyOBW6T9LLVDFIvXBGel1MoVNZcUcMFIJnB9yLapU	1umx76	python-gnn-puct-reval30k-v0.1.0	sha256:6120be86fc469df71473c3de64e5e32f99694cd47d621fa5948f243dc51d3d21	python-gnn-puct-reval30k-v0.1.0	sha256:6120be86fc469df71473c3de64e5e32f99694cd47d621fa5948f243dc51d3d21	D	P	196
g1_lpTv-6TgAw4-QynvUcMJ9Ei0RjDD04qPRYWBAVKEUHE	s1_qtlitMa-GGx-0y2heoyNRonYXf1Dq5epTexnVe9Iqtw	1umxVu	python-gnn-puct-learner-v0.1.0	sha256:ab0f739cd33d66781faf60e27797c5ccba3c04ba684f8d9e32e9c2754f4e8956	python-gnn-puct-learner-v0.1.0	sha256:ab0f739cd33d66781faf60e27797c5ccba3c04ba684f8d9e32e9c2754f4e8956	D	P	196
g1_lpW4WMNSGEHUUrVIuZrRXXUBdleyxwtHf8lpftC9N2E	s1_RauLaTi4eVgYHSp2TV9pqs9uzTVv0B10g9TaHMWpcZ4	1unMSi	qadv-arbiter-7x7-rust-lambda-v0.1.0	-	qadv-arbiter-7x7-rust-lambda-v0.1.0	-	L	P	-
g1_lpW4WMNSGEHUUrVIuZrRXXUBdleyxwtHf8lpftC9N2E	s1_dXQcdIyEf_Uup2dd3wwrIXNFw3spilKN_aMTlv3W7Y4	1unMSi	qadv-arbiter-7x7-rust-lambda-v0.1.0	-	qadv-arbiter-7x7-rust-lambda-v0.1.0	-	L	P	196
g1_lpW4WMNSGEHUUrVIuZrRXXUBdleyxwtHf8lpftC9N2E	s1_gpbVJMrSabMzh_hUMg-ZjVE2louPqF8-wgTIp4Ryx-c	1unMSi	qadv-arbiter-7x7-rust-lambda-v0.1.0	-	qadv-arbiter-7x7-rust-lambda-v0.1.0	-	L	P	196
g1_lpW4WMNSGEHUUrVIuZrRXXUBdleyxwtHf8lpftC9N2E	s1_uPqNe8YFw6kx_sniyShUCSYsSQYfyRL4gocGed6CpnI	1unMSi	qadv-arbiter-7x7-rust-lambda-v0.1.0	-	qadv-arbiter-7x7-rust-lambda-v0.1.0	-	L	P	196
g1_lpYtTEbEmi-nCPmi-A4lfg1RzXPqzcrxkecTwQR4QdQ	s1_4h1OPx0QipNznScuFveXNUZFZF8DolEn1AOU5G2MjGU	1unOee	qadv-arbiter-7x7-rust-lambda-v0.1.0	-	qadv-arbiter-7x7-rust-lambda-v0.1.0	-	L	P	196
g1_lpYtTEbEmi-nCPmi-A4lfg1RzXPqzcrxkecTwQR4QdQ	s1_RauLaTi4eVgYHSp2TV9pqs9uzTVv0B10g9TaHMWpcZ4	1unOee	qadv-arbiter-7x7-rust-lambda-v0.1.0	-	qadv-arbiter-7x7-rust-lambda-v0.1.0	-	L	P	-
g1_lpYtTEbEmi-nCPmi-A4lfg1RzXPqzcrxkecTwQR4QdQ	s1_Z20DURpW_gTENq8MIgOcBlvQA3vwrvdxK05MDLqOd-s	1unOee	qadv-arbiter-7x7-rust-lambda-v0.1.0	-	qadv-arbiter-7x7-rust-lambda-v0.1.0	-	L	P	196
g1_lpYtTEbEmi-nCPmi-A4lfg1RzXPqzcrxkecTwQR4QdQ	s1_zxvav78DpIcpQBVV9Z5uh1V0kvQJ_5oeMyDyRvldAMo	1unOee	qadv-arbiter-7x7-rust-lambda-v0.1.0	-	qadv-arbiter-7x7-rust-lambda-v0.1.0	-	L	P	196
g1_lpZL2KRaZi5Bwd9oYLvweH5aCAGDwAMNppqYrKNmWEg	s1_FF32q_yKwIDyoYyqQW5HWtie7WdF0paf_U0DukB1ARk	1unOKa	qadv-arbiter-7x7-rust-lambda-v0.1.0	-	qadv-arbiter-7x7-rust-lambda-v0.1.0	-	L	P	196
g1_lpZL2KRaZi5Bwd9oYLvweH5aCAGDwAMNppqYrKNmWEg	s1_OdSKMaa5tcE0Eqog-PzMSsBNNvWEshVy4uzUpaE8xe4	1unOKa	qadv-arbiter-7x7-rust-lambda-v0.1.0	-	qadv-arbiter-7x7-rust-lambda-v0.1.0	-	L	P	196
g1_lpZL2KRaZi5Bwd9oYLvweH5aCAGDwAMNppqYrKNmWEg	s1_RauLaTi4eVgYHSp2TV9pqs9uzTVv0B10g9TaHMWpcZ4	1unOKa	qadv-arbiter-7x7-rust-lambda-v0.1.0	-	qadv-arbiter-7x7-rust-lambda-v0.1.0	-	L	P	-
g1_lpZL2KRaZi5Bwd9oYLvweH5aCAGDwAMNppqYrKNmWEg	s1_bgv-8BP42RMK-exMEJFx5g2Z_GZylbqLbH3odC-Gr2w	1unOKa	qadv-arbiter-7x7-rust-lambda-v0.1.0	-	qadv-arbiter-7x7-rust-lambda-v0.1.0	-	L	P	196
g1_lpeUniYU0-AIZhSVEgq2neygTiL9sP6XhWxbAD9cmJk	s1_HdIj9pr1fAIQjR0zD10GcMvnB7yZkG1jpafuAwqNetk	1unPCZ	qadv-arbiter-7x7-rust-lambda-v0.1.0	-	qadv-arbiter-7x7-rust-lambda-v0.1.0	-	D	P	196
g1_lpeUniYU0-AIZhSVEgq2neygTiL9sP6XhWxbAD9cmJk	s1_PMP-rHo88Z9-bnxSxgr52QCewh0nHWeiP1epYt0qAP0	1unPCZ	qadv-arbiter-7x7-rust-lambda-v0.1.0	-	qadv-arbiter-7x7-rust-lambda-v0.1.0	-	D	P	196
g1_lpeUniYU0-AIZhSVEgq2neygTiL9sP6XhWxbAD9cmJk	s1_RauLaTi4eVgYHSp2TV9pqs9uzTVv0B10g9TaHMWpcZ4	1unPCZ	qadv-arbiter-7x7-rust-lambda-v0.1.0	-	qadv-arbiter-7x7-rust-lambda-v0.1.0	-	D	P	-
g1_lpeUniYU0-AIZhSVEgq2neygTiL9sP6XhWxbAD9cmJk	s1_zrg4mPqqyUWJYe8zW6e1YRuzdmJRy58qjy9JwlVsYNA	1unPCZ	qadv-arbiter-7x7-rust-lambda-v0.1.0	-	qadv-arbiter-7x7-rust-lambda-v0.1.0	-	D	P	196
g1_lpq9kT91cnJXJvxOdO88NBuGLjQ5LL0Vk-8gKSpbjpw	s1_-OKlJXuPFfAnukwGYITjiU7XKL4OC_qt76PC0TZSPjg	1umvlV	python-cnn-puct-v0.1.0	sha256:7845e9b7687beee165dc36b8d21833b7a8b5a83e31b58b49bd05c277ba26e642	python-cnn-puct-v0.1.0	sha256:7845e9b7687beee165dc36b8d21833b7a8b5a83e31b58b49bd05c277ba26e642	-	M	196
g1_lpq9kT91cnJXJvxOdO88NBuGLjQ5LL0Vk-8gKSpbjpw	s1_1av6nXQkq-GSHXfjkVlGHGpAq8F9UbW4JwZmyFA-vww	1umvlV	python-cnn-puct-v0.1.0	sha256:7845e9b7687beee165dc36b8d21833b7a8b5a83e31b58b49bd05c277ba26e642	python-cnn-puct-v0.1.0	sha256:7845e9b7687beee165dc36b8d21833b7a8b5a83e31b58b49bd05c277ba26e642	-	M	196
g1_lpq9kT91cnJXJvxOdO88NBuGLjQ5LL0Vk-8gKSpbjpw	s1_Brk0hkuJoH-MBjdd53AO5tlWcOgDWV_R0PO74fHGd_0	1umvlV	python-cnn-puct-v0.1.0	sha256:7845e9b7687beee165dc36b8d21833b7a8b5a83e31b58b49bd05c277ba26e642	python-cnn-puct-v0.1.0	sha256:7845e9b7687beee165dc36b8d21833b7a8b5a83e31b58b49bd05c277ba26e642	-	M	196
g1_lptq9jKlKAmXplEpT9x9JIbYOhlHjgGgUzJOevUbnsQ	s1_BBNBueWYRJX5eC2rdohqGUNoPdK4rHRSHjVQF8XpElM	1unOpD	qadv-arbiter-7x7-rust-lambda-v0.1.0	-	qadv-arbiter-7x7-rust-lambda-v0.1.0	-	L	P	196
g1_lptq9jKlKAmXplEpT9x9JIbYOhlHjgGgUzJOevUbnsQ	s1_RauLaTi4eVgYHSp2TV9pqs9uzTVv0B10g9TaHMWpcZ4	1unOpD	qadv-arbiter-7x7-rust-lambda-v0.1.0	-	qadv-arbiter-7x7-rust-lambda-v0.1.0	-	L	P	-
g1_lptq9jKlKAmXplEpT9x9JIbYOhlHjgGgUzJOevUbnsQ	s1_eilgPbKgc9In2LxM0fdqLZA3nUtuJbyFxXebpP5PLlY	1unOpD	qadv-arbiter-7x7-rust-lambda-v0.1.0	-	qadv-arbiter-7x7-rust-lambda-v0.1.0	-	L	P	196
g1_lptq9jKlKAmXplEpT9x9JIbYOhlHjgGgUzJOevUbnsQ	s1_k6DfX37EvNhrp4JnLw6x5aGjPqfYUOx7shWlmEMFmYs	1unOpD	qadv-arbiter-7x7-rust-lambda-v0.1.0	-	qadv-arbiter-7x7-rust-lambda-v0.1.0	-	L	P	196
g1_lq32TWTxj10GHCkYnXXq7w1czI4440k0MYe8IGeN9nc	s1_-OKlJXuPFfAnukwGYITjiU7XKL4OC_qt76PC0TZSPjg	1umvkQ	python-cnn-puct-v0.1.0	sha256:7845e9b7687beee165dc36b8d21833b7a8b5a83e31b58b49bd05c277ba26e642	python-cnn-puct-v0.1.0	sha256:7845e9b7687beee165dc36b8d21833b7a8b5a83e31b58b49bd05c277ba26e642	-	M	196
g1_lq32TWTxj10GHCkYnXXq7w1czI4440k0MYe8IGeN9nc	s1_1av6nXQkq-GSHXfjkVlGHGpAq8F9UbW4JwZmyFA-vww	1umvkQ	python-cnn-puct-v0.1.0	sha256:7845e9b7687beee165dc36b8d21833b7a8b5a83e31b58b49bd05c277ba26e642	python-cnn-puct-v0.1.0	sha256:7845e9b7687beee165dc36b8d21833b7a8b5a83e31b58b49bd05c277ba26e642	-	M	196
g1_lq32TWTxj10GHCkYnXXq7w1czI4440k0MYe8IGeN9nc	s1_Brk0hkuJoH-MBjdd53AO5tlWcOgDWV_R0PO74fHGd_0	1umvkQ	python-cnn-puct-v0.1.0	sha256:7845e9b7687beee165dc36b8d21833b7a8b5a83e31b58b49bd05c277ba26e642	python-cnn-puct-v0.1.0	sha256:7845e9b7687beee165dc36b8d21833b7a8b5a83e31b58b49bd05c277ba26e642	-	M	196
g1_lq6spdnD7KNqGgURnOLWtPF_svayqQVKbzKjdWO3eMo	s1_KFS-vmDEPYiN8Vnw0yNoJYb0nlKTZLwUVy4Fu-nwa-Q	1unM5W	qadv-arbiter-7x7-rust-lambda-v0.1.0	-	qadv-arbiter-7x7-rust-lambda-v0.1.0	-	L	P	196
g1_lq6spdnD7KNqGgURnOLWtPF_svayqQVKbzKjdWO3eMo	s1_RauLaTi4eVgYHSp2TV9pqs9uzTVv0B10g9TaHMWpcZ4	1unM5W	qadv-arbiter-7x7-rust-lambda-v0.1.0	-	qadv-arbiter-7x7-rust-lambda-v0.1.0	-	L	P	-
g1_lq6spdnD7KNqGgURnOLWtPF_svayqQVKbzKjdWO3eMo	s1_ZVaWGLcclLKo526smDz5K0rklUzfGWoS_2GIEolg5AI	1unM5W	qadv-arbiter-7x7-rust-lambda-v0.1.0	-	qadv-arbiter-7x7-rust-lambda-v0.1.0	-	L	P	196
g1_lq6spdnD7KNqGgURnOLWtPF_svayqQVKbzKjdWO3eMo	s1_d4dfOIA3_16tAkPSWlUr6cph4kkSOSH4d2EOBWOyuns	1unM5W	qadv-arbiter-7x7-rust-lambda-v0.1.0	-	qadv-arbiter-7x7-rust-lambda-v0.1.0	-	L	P	196
g1_lq7w6FYnC9-ucaefpVG6dvdyz0PbKLtOiaVIJyUMDUc	s1_2FtaP75xgRVTNrUvmC0NIesJCNy8IDFJ05WNM4nUnpg	1unR5y	qadv-arbiter-7x7-v0.1.0	-	lunatic-v0.1.0	-	D	P	196
g1_lq7w6FYnC9-ucaefpVG6dvdyz0PbKLtOiaVIJyUMDUc	s1_GJxM_yt269LEfqMcTFRLKMNwj_BCSSjPmkA8TIL6xWE	1unR5y	qadv-arbiter-7x7-v0.1.0	-	lunatic-v0.1.0	-	D	P	196
g1_lq7w6FYnC9-ucaefpVG6dvdyz0PbKLtOiaVIJyUMDUc	s1_RauLaTi4eVgYHSp2TV9pqs9uzTVv0B10g9TaHMWpcZ4	1unR5y	qadv-arbiter-7x7-v0.1.0	-	lunatic-v0.1.0	-	D	P	-
g1_lq7w6FYnC9-ucaefpVG6dvdyz0PbKLtOiaVIJyUMDUc	s1_eew6f0DyV8xBwOGOYschPGpC4cub8GdO-0rp-VzsFIk	1unR5y	qadv-arbiter-7x7-v0.1.0	-	lunatic-v0.1.0	-	D	P	196
g1_lqBljBGzdSCtDKtsJYMPIN5cPrCC6gzLH6d1u8k4iWg	s1_1LB6NAgPOeCp4r8rQw4kUOIXWpEdWysFm5RZjWCQSgc	1umwVh	python-gnn-puct-learner-v0.1.0	sha256:ab0f739cd33d66781faf60e27797c5ccba3c04ba684f8d9e32e9c2754f4e8956	python-gnn-puct-learner-v0.1.0	sha256:ab0f739cd33d66781faf60e27797c5ccba3c04ba684f8d9e32e9c2754f4e8956	L	P	196
g1_lqBljBGzdSCtDKtsJYMPIN5cPrCC6gzLH6d1u8k4iWg	s1_P4NHYhwuVnEA-dG2X-UVeVotb84A5mwljbYTlTMqr8w	1umwVh	python-gnn-puct-learner-v0.1.0	sha256:ab0f739cd33d66781faf60e27797c5ccba3c04ba684f8d9e32e9c2754f4e8956	python-gnn-puct-learner-v0.1.0	sha256:ab0f739cd33d66781faf60e27797c5ccba3c04ba684f8d9e32e9c2754f4e8956	L	P	196
g1_lqHfvzGvDEKtWivuo5eg9A2dBJ2Nl0eqG8XsvK9vAwA	s1_AbiNJnTVGdQ6Fk0hnLIDw7X0YCdJR2ZDny_bO236AEg	1unOAL	qadv-arbiter-7x7-rust-lambda-v0.1.0	-	qadv-arbiter-7x7-rust-lambda-v0.1.0	-	L	P	196
g1_lqHfvzGvDEKtWivuo5eg9A2dBJ2Nl0eqG8XsvK9vAwA	s1_I8AjeCNUmv4rrxP7DxeXXL8M6aSVnfn-JqHJMixxE4s	1unOAL	qadv-arbiter-7x7-rust-lambda-v0.1.0	-	qadv-arbiter-7x7-rust-lambda-v0.1.0	-	L	P	196
g1_lqHfvzGvDEKtWivuo5eg9A2dBJ2Nl0eqG8XsvK9vAwA	s1_RauLaTi4eVgYHSp2TV9pqs9uzTVv0B10g9TaHMWpcZ4	1unOAL	qadv-arbiter-7x7-rust-lambda-v0.1.0	-	qadv-arbiter-7x7-rust-lambda-v0.1.0	-	L	P	-
g1_lqHfvzGvDEKtWivuo5eg9A2dBJ2Nl0eqG8XsvK9vAwA	s1_waDFtWBX3DlP5kgHRVrmo-UO_LQst-BEA128dFprf1c	1unOAL	qadv-arbiter-7x7-rust-lambda-v0.1.0	-	qadv-arbiter-7x7-rust-lambda-v0.1.0	-	L	P	196
g1_lqISSIoYfKByCWqDMjIPWTByLENUXF2f8RIRAs-_cLs	s1_1av6nXQkq-GSHXfjkVlGHGpAq8F9UbW4JwZmyFA-vww	1DIaO	rust-pathfinder-v0.1.0	-	lunatic-v0.1.0	-	L	P	-
g1_lqISSIoYfKByCWqDMjIPWTByLENUXF2f8RIRAs-_cLs	s1_9Eroywf7tuDrn-hcfZPjlEa1DSRUykCRn9Z11u8ySIo	1DIaO	rust-pathfinder-v0.1.0	-	lunatic-v0.1.0	-	L	P	-
g1_lqISSIoYfKByCWqDMjIPWTByLENUXF2f8RIRAs-_cLs	s1_Brk0hkuJoH-MBjdd53AO5tlWcOgDWV_R0PO74fHGd_0	1DIaO	rust-pathfinder-v0.1.0	-	lunatic-v0.1.0	-	L	P	-
g1_lqISSIoYfKByCWqDMjIPWTByLENUXF2f8RIRAs-_cLs	s1_KmF8KhDbubz6lwdS8R_n_yTGdSONmH9B1wUABbyCj94	1DIaO	rust-pathfinder-v0.1.0	-	lunatic-v0.1.0	-	L	P	-
g1_lqISSIoYfKByCWqDMjIPWTByLENUXF2f8RIRAs-_cLs	s1_MKrI0a3Qd48rU7oZj28GrlQ3cHhIbUzS5ibiIW9aKy4	1DIaO	rust-pathfinder-v0.1.0	-	lunatic-v0.1.0	-	L	P	-
g1_lqISSIoYfKByCWqDMjIPWTByLENUXF2f8RIRAs-_cLs	s1_XloMUS0hxYEXf762lcPfaudsLmsH-CsOVZNVVU_obcA	1DIaO	rust-pathfinder-v0.1.0	-	lunatic-v0.1.0	-	L	P	-
g1_lqISSIoYfKByCWqDMjIPWTByLENUXF2f8RIRAs-_cLs	s1_g5pGkHBMEhzAYvwFY0b24sSc7wC9JfnWApMHHZ_aMPI	1DIaO	rust-pathfinder-v0.1.0	-	lunatic-v0.1.0	-	L	P	-
g1_lqN3Py1b5AfOLDZPjBTfppE-xiP_NQ8AUTWtVvKrYz8	s1_6T0Hzeqwyz3YzF9nO8FzNxKLOciN9U-f_5Guh9jrsmE	1unPxk	qadv-arbiter-7x7-rust-lambda-v0.1.0	-	qadv-arbiter-7x7-rust-lambda-v0.1.0	-	D	P	196
g1_lqN3Py1b5AfOLDZPjBTfppE-xiP_NQ8AUTWtVvKrYz8	s1_RauLaTi4eVgYHSp2TV9pqs9uzTVv0B10g9TaHMWpcZ4	1unPxk	qadv-arbiter-7x7-rust-lambda-v0.1.0	-	qadv-arbiter-7x7-rust-lambda-v0.1.0	-	D	P	-
g1_lqN3Py1b5AfOLDZPjBTfppE-xiP_NQ8AUTWtVvKrYz8	s1_asoXPdsZqxZi3iomr_RWc3zTHD2YyFDLIXdL0ZggYdg	1unPxk	qadv-arbiter-7x7-rust-lambda-v0.1.0	-	qadv-arbiter-7x7-rust-lambda-v0.1.0	-	D	P	196
g1_lqN3Py1b5AfOLDZPjBTfppE-xiP_NQ8AUTWtVvKrYz8	s1_dqn980bDWtHmX-YRD-vg-YC2-lvZMykx4zllvP0xyCA	1unPxk	qadv-arbiter-7x7-rust-lambda-v0.1.0	-	qadv-arbiter-7x7-rust-lambda-v0.1.0	-	D	P	196
g1_lqdlGGvvV7W57IZn8-kxOeThz6Vb2rtyemWcxCXmR7g	s1_6PxtazPxkizz7K9QTWPSCIopEV5n0zpHoq3F52yO_6U	1umwgS	python-cnn-puct-v0.1.0	sha256:7845e9b7687beee165dc36b8d21833b7a8b5a83e31b58b49bd05c277ba26e642	python-cnn-puct-v0.1.0	sha256:7845e9b7687beee165dc36b8d21833b7a8b5a83e31b58b49bd05c277ba26e642	L	P	196
g1_lqdlGGvvV7W57IZn8-kxOeThz6Vb2rtyemWcxCXmR7g	s1_baRgKA_wMXdl0r4AwdkUfhWC04qxd1MvEGXAQaDd4fo	1umwgS	python-cnn-puct-v0.1.0	sha256:7845e9b7687beee165dc36b8d21833b7a8b5a83e31b58b49bd05c277ba26e642	python-cnn-puct-v0.1.0	sha256:7845e9b7687beee165dc36b8d21833b7a8b5a83e31b58b49bd05c277ba26e642	L	P	196
g1_lqnoV03tjU-vbe7EeXSVXFGtk1N99wBbPaFhZOnysXc	s1_-ZaqXaVvFtb2RIZuJBQ91pSvMZgRf4VNf5pNFPi9n9o	1unN6L	qadv-arbiter-7x7-rust-lambda-v0.1.0	-	qadv-arbiter-7x7-rust-lambda-v0.1.0	-	D	P	196
g1_lqnoV03tjU-vbe7EeXSVXFGtk1N99wBbPaFhZOnysXc	s1_RauLaTi4eVgYHSp2TV9pqs9uzTVv0B10g9TaHMWpcZ4	1unN6L	qadv-arbiter-7x7-rust-lambda-v0.1.0	-	qadv-arbiter-7x7-rust-lambda-v0.1.0	-	D	P	-
g1_lqnoV03tjU-vbe7EeXSVXFGtk1N99wBbPaFhZOnysXc	s1_gWOP-9H1giN6WrssEVszyOjYZOd4uW2ZiTtA1eMvoAY	1unN6L	qadv-arbiter-7x7-rust-lambda-v0.1.0	-	qadv-arbiter-7x7-rust-lambda-v0.1.0	-	D	P	196
g1_lqnoV03tjU-vbe7EeXSVXFGtk1N99wBbPaFhZOnysXc	s1_tGpZ156dZBJaYqrmLrC494PKYTRmwMCImKRaRSem3L4	1unN6L	qadv-arbiter-7x7-rust-lambda-v0.1.0	-	qadv-arbiter-7x7-rust-lambda-v0.1.0	-	D	P	196
g1_lr0hoDL2JEj7tSbuYATWHQws-KDb1i8GaQZdDTazBiw	s1_1jp1yGDm6P1kMeN8Gry_dMpzd3bN-HlaF3D70hY-lCg	1unQqZ	pathfinder-v0.3.0	-	qadv-arbiter-7x7-v0.1.0	-	L	P	196
g1_lr0hoDL2JEj7tSbuYATWHQws-KDb1i8GaQZdDTazBiw	s1_2FtaP75xgRVTNrUvmC0NIesJCNy8IDFJ05WNM4nUnpg	1unQqZ	pathfinder-v0.3.0	-	qadv-arbiter-7x7-v0.1.0	-	L	P	196
g1_lr0hoDL2JEj7tSbuYATWHQws-KDb1i8GaQZdDTazBiw	s1_RauLaTi4eVgYHSp2TV9pqs9uzTVv0B10g9TaHMWpcZ4	1unQqZ	pathfinder-v0.3.0	-	qadv-arbiter-7x7-v0.1.0	-	L	P	-
g1_lr0hoDL2JEj7tSbuYATWHQws-KDb1i8GaQZdDTazBiw	s1_nKgipdhkv_5M9wh4qXdROkRcZ7itjzEZX4uria8lmM8	1unQqZ	pathfinder-v0.3.0	-	qadv-arbiter-7x7-v0.1.0	-	L	P	196
g1_lr0hoDL2JEj7tSbuYATWHQws-KDb1i8GaQZdDTazBiw	s1_uvcxErtaS-QFrpvsyDStZw47g1oUyr5P4t8pfBhZnqo	1unQqZ	pathfinder-v0.3.0	-	qadv-arbiter-7x7-v0.1.0	-	L	P	196
g1_lr7qPGXaC5UjHKdOacGaOkygU8Ce9N1NU_cU9a6A-J4	s1_CEtnyncu2FLKw6vcW0aWifhBSjwFeejMqSxt64wjUx0	1un7rS	qadv-arbiter-guided-7x7-v0.2.0	sha256:9c0e5e530df7db77a98f6a2e75fe63a6f629c6ad6563e0b5454793ebc243b14d	lunatic-v0.1.0	-	D	P	196
g1_lr7qPGXaC5UjHKdOacGaOkygU8Ce9N1NU_cU9a6A-J4	s1_O3cuwuia8XT9TI7Nxr3tRcajOA20XFHEIT2fYX3WizY	1un7rS	qadv-arbiter-guided-7x7-v0.2.0	sha256:9c0e5e530df7db77a98f6a2e75fe63a6f629c6ad6563e0b5454793ebc243b14d	lunatic-v0.1.0	-	D	P	196
g1_lr7qPGXaC5UjHKdOacGaOkygU8Ce9N1NU_cU9a6A-J4	s1_kkT8qkQBd2qeSRsdFDNDwTiWXOzS6wyj7q-eie2p0s4	1un7rS	qadv-arbiter-guided-7x7-v0.2.0	sha256:9c0e5e530df7db77a98f6a2e75fe63a6f629c6ad6563e0b5454793ebc243b14d	lunatic-v0.1.0	-	D	P	196
g1_lrJH6QBd9r5SpyPqq8CP2eEsPTXKUD7YYCr7Mb8L-98	s1_1av6nXQkq-GSHXfjkVlGHGpAq8F9UbW4JwZmyFA-vww	1umvWC	python-gnn-puct-learner-v0.1.0	sha256:ab0f739cd33d66781faf60e27797c5ccba3c04ba684f8d9e32e9c2754f4e8956	python-gnn-puct-learner-v0.1.0	sha256:ab0f739cd33d66781faf60e27797c5ccba3c04ba684f8d9e32e9c2754f4e8956	-	M	196
g1_lrJH6QBd9r5SpyPqq8CP2eEsPTXKUD7YYCr7Mb8L-98	s1_Brk0hkuJoH-MBjdd53AO5tlWcOgDWV_R0PO74fHGd_0	1umvWC	python-gnn-puct-learner-v0.1.0	sha256:ab0f739cd33d66781faf60e27797c5ccba3c04ba684f8d9e32e9c2754f4e8956	python-gnn-puct-learner-v0.1.0	sha256:ab0f739cd33d66781faf60e27797c5ccba3c04ba684f8d9e32e9c2754f4e8956	-	M	196
g1_lrJH6QBd9r5SpyPqq8CP2eEsPTXKUD7YYCr7Mb8L-98	s1_QBFUsDtxokERlDOdQkleYbPvhJ-vIp2qmp6DXjS-7oM	1umvWC	python-gnn-puct-learner-v0.1.0	sha256:ab0f739cd33d66781faf60e27797c5ccba3c04ba684f8d9e32e9c2754f4e8956	python-gnn-puct-learner-v0.1.0	sha256:ab0f739cd33d66781faf60e27797c5ccba3c04ba684f8d9e32e9c2754f4e8956	-	M	196
g1_lrL_OcBIvvxEiMbgaf_0LkS3I9I5WZsnM9AnitgLwsQ	s1_RauLaTi4eVgYHSp2TV9pqs9uzTVv0B10g9TaHMWpcZ4	1unPZk	qadv-arbiter-7x7-rust-lambda-v0.1.0	-	qadv-arbiter-7x7-rust-lambda-v0.1.0	-	L	P	-
g1_lrL_OcBIvvxEiMbgaf_0LkS3I9I5WZsnM9AnitgLwsQ	s1_Ut5cUZvymACQ6gGsExqf1qZtd86mADEqC7PK5iFjyaY	1unPZk	qadv-arbiter-7x7-rust-lambda-v0.1.0	-	qadv-arbiter-7x7-rust-lambda-v0.1.0	-	L	P	196
g1_lrL_OcBIvvxEiMbgaf_0LkS3I9I5WZsnM9AnitgLwsQ	s1_nxhrNsZHP5uFsE_CwlXcRpHkuXjcTV7mGangYRW-DVI	1unPZk	qadv-arbiter-7x7-rust-lambda-v0.1.0	-	qadv-arbiter-7x7-rust-lambda-v0.1.0	-	L	P	196
g1_lrL_OcBIvvxEiMbgaf_0LkS3I9I5WZsnM9AnitgLwsQ	s1_xNd4Y3dITuZOVqYVfkelKvohij4o6vf6WASIpSNjc0c	1unPZk	qadv-arbiter-7x7-rust-lambda-v0.1.0	-	qadv-arbiter-7x7-rust-lambda-v0.1.0	-	L	P	196
g1_lrRHL6oT5vu7GeMqTP-h1W-ksuOZzGZSqp5KQU1mDXQ	s1_9GBbYSXidMOtDvks2mhItwKIRCB5ycVKut1Pp7aDOFc	1unOHW	qadv-arbiter-7x7-rust-lambda-v0.1.0	-	qadv-arbiter-7x7-rust-lambda-v0.1.0	-	L	P	196
g1_lrRHL6oT5vu7GeMqTP-h1W-ksuOZzGZSqp5KQU1mDXQ	s1_RauLaTi4eVgYHSp2TV9pqs9uzTVv0B10g9TaHMWpcZ4	1unOHW	qadv-arbiter-7x7-rust-lambda-v0.1.0	-	qadv-arbiter-7x7-rust-lambda-v0.1.0	-	L	P	-
g1_lrRHL6oT5vu7GeMqTP-h1W-ksuOZzGZSqp5KQU1mDXQ	s1_wWzGUWZPpSMZcHAwhKcJFDtBedxL9-kLqPg5qsJ3Jck	1unOHW	qadv-arbiter-7x7-rust-lambda-v0.1.0	-	qadv-arbiter-7x7-rust-lambda-v0.1.0	-	L	P	196
g1_lrRHL6oT5vu7GeMqTP-h1W-ksuOZzGZSqp5KQU1mDXQ	s1_ypDjNSaPSV9ChjSKVPjmC49EDlR42ETGNK7q2uS9vsQ	1unOHW	qadv-arbiter-7x7-rust-lambda-v0.1.0	-	qadv-arbiter-7x7-rust-lambda-v0.1.0	-	L	P	196
g1_lrTQoSb5VMubMWwHNwpCkkoHBlame_L0oatcF7VuOrY	s1_-OKlJXuPFfAnukwGYITjiU7XKL4OC_qt76PC0TZSPjg	1umvgD	python-cnn-puct-v0.1.0	sha256:7845e9b7687beee165dc36b8d21833b7a8b5a83e31b58b49bd05c277ba26e642	python-cnn-puct-v0.1.0	sha256:7845e9b7687beee165dc36b8d21833b7a8b5a83e31b58b49bd05c277ba26e642	D	P	196
g1_lrTQoSb5VMubMWwHNwpCkkoHBlame_L0oatcF7VuOrY	s1_1av6nXQkq-GSHXfjkVlGHGpAq8F9UbW4JwZmyFA-vww	1umvgD	python-cnn-puct-v0.1.0	sha256:7845e9b7687beee165dc36b8d21833b7a8b5a83e31b58b49bd05c277ba26e642	python-cnn-puct-v0.1.0	sha256:7845e9b7687beee165dc36b8d21833b7a8b5a83e31b58b49bd05c277ba26e642	D	P	196
g1_lrTQoSb5VMubMWwHNwpCkkoHBlame_L0oatcF7VuOrY	s1_Brk0hkuJoH-MBjdd53AO5tlWcOgDWV_R0PO74fHGd_0	1umvgD	python-cnn-puct-v0.1.0	sha256:7845e9b7687beee165dc36b8d21833b7a8b5a83e31b58b49bd05c277ba26e642	python-cnn-puct-v0.1.0	sha256:7845e9b7687beee165dc36b8d21833b7a8b5a83e31b58b49bd05c277ba26e642	D	P	196
g1_lrY_e689LvCJCR65NSEoTfPiAwTge3vLqbHIEelNFUM	s1_1av6nXQkq-GSHXfjkVlGHGpAq8F9UbW4JwZmyFA-vww	1umv1V	lunatic-v0.1.0	-	rust-pathfinder-v0.1.0	-	D	P	-
g1_lrY_e689LvCJCR65NSEoTfPiAwTge3vLqbHIEelNFUM	s1_9Eroywf7tuDrn-hcfZPjlEa1DSRUykCRn9Z11u8ySIo	1umv1V	lunatic-v0.1.0	-	rust-pathfinder-v0.1.0	-	D	P	-
g1_lrY_e689LvCJCR65NSEoTfPiAwTge3vLqbHIEelNFUM	s1_Brk0hkuJoH-MBjdd53AO5tlWcOgDWV_R0PO74fHGd_0	1umv1V	lunatic-v0.1.0	-	rust-pathfinder-v0.1.0	-	D	P	-
g1_lrY_e689LvCJCR65NSEoTfPiAwTge3vLqbHIEelNFUM	s1_KmF8KhDbubz6lwdS8R_n_yTGdSONmH9B1wUABbyCj94	1umv1V	lunatic-v0.1.0	-	rust-pathfinder-v0.1.0	-	D	P	-
g1_lrY_e689LvCJCR65NSEoTfPiAwTge3vLqbHIEelNFUM	s1_S06ybw0yDIIqiOwgmMxEdlMUe_DdAoxGfY5D91Fh580	1umv1V	lunatic-v0.1.0	-	rust-pathfinder-v0.1.0	-	D	P	-
g1_lrY_e689LvCJCR65NSEoTfPiAwTge3vLqbHIEelNFUM	s1_g5pGkHBMEhzAYvwFY0b24sSc7wC9JfnWApMHHZ_aMPI	1umv1V	lunatic-v0.1.0	-	rust-pathfinder-v0.1.0	-	D	P	-
g1_lrY_e689LvCJCR65NSEoTfPiAwTge3vLqbHIEelNFUM	s1_yzrkPDA5egXCkdg9BV9wK4-9CohJuc_ZO3uCNV9xrw8	1umv1V	lunatic-v0.1.0	-	rust-pathfinder-v0.1.0	-	D	P	-
g1_lrbeWGKeMmZOdgj5SAIzj6nIbVPoilgzCzCS2LoPMws	s1_6zaJmacxGTypv80Ticvzxd0BLO-QpKQ5Nz41QuGX8qc	1unNDR	qadv-arbiter-7x7-rust-lambda-v0.1.0	-	qadv-arbiter-7x7-rust-lambda-v0.1.0	-	L	P	196
g1_lrbeWGKeMmZOdgj5SAIzj6nIbVPoilgzCzCS2LoPMws	s1_BBExft3zXiQ6RwPXNL8aWZnczO6Jgr0cQFbQG_ZTxYU	1unNDR	qadv-arbiter-7x7-rust-lambda-v0.1.0	-	qadv-arbiter-7x7-rust-lambda-v0.1.0	-	L	P	196
g1_lrbeWGKeMmZOdgj5SAIzj6nIbVPoilgzCzCS2LoPMws	s1_RauLaTi4eVgYHSp2TV9pqs9uzTVv0B10g9TaHMWpcZ4	1unNDR	qadv-arbiter-7x7-rust-lambda-v0.1.0	-	qadv-arbiter-7x7-rust-lambda-v0.1.0	-	L	P	-
g1_lrbeWGKeMmZOdgj5SAIzj6nIbVPoilgzCzCS2LoPMws	s1_hqf8nubKW5IRCwxPOc17E-pA4GW_-DLiIRUAHkQFPz8	1unNDR	qadv-arbiter-7x7-rust-lambda-v0.1.0	-	qadv-arbiter-7x7-rust-lambda-v0.1.0	-	L	P	196
g1_lrjyfOa_1dX4TdH7nS_P9sydX1DKvbFWbyn4bnalYlA	s1_7FIu85-v_e-kbNsQ2UNk3yRt-KGcLyUjpmVwIc9cnfM	1umwD4	python-gnn-puct-scout-v0.1.0	sha256:b9f80706cc1f29076ee06fe06483697c749148a808c599579045d00a52573938	python-gnn-puct-scout-v0.1.0	sha256:b9f80706cc1f29076ee06fe06483697c749148a808c599579045d00a52573938	D	P	196
g1_lrjyfOa_1dX4TdH7nS_P9sydX1DKvbFWbyn4bnalYlA	s1_S8AGNBNcWBvWiwIo-AOAHPoHuZo2XvcsYvhgQxGTkrY	1umwD4	python-gnn-puct-scout-v0.1.0	sha256:b9f80706cc1f29076ee06fe06483697c749148a808c599579045d00a52573938	python-gnn-puct-scout-v0.1.0	sha256:b9f80706cc1f29076ee06fe06483697c749148a808c599579045d00a52573938	D	P	196
g1_lrmvrnpchP9M0JR96mVaG1OlOlPyuP4Q3y-skofZmdU	s1_WVg7aYYLIrw6_-2mI3jQ-DPcLO4gX2sPEEqWQb0DGQA	1umxHC	python-cnn-puct-reval30k-v0.1.0	sha256:eb2600a53e225a835455efdb2759c40e27c5cb3c16ab0688bc21b99290ed10ee	python-cnn-puct-reval30k-v0.1.0	sha256:eb2600a53e225a835455efdb2759c40e27c5cb3c16ab0688bc21b99290ed10ee	L	P	196
g1_lroJdjspjsmFDsqQI0S-8IqbgrbvH3Xistse6AySDls	s1_O41W5II-9DQWGzIDp-XInIf--nAYTx6-iX-F8Z_ATZU	1unNuK	qadv-arbiter-7x7-rust-lambda-v0.1.0	-	qadv-arbiter-7x7-rust-lambda-v0.1.0	-	D	P	196
g1_lroJdjspjsmFDsqQI0S-8IqbgrbvH3Xistse6AySDls	s1_RBxxC0w26BOvZtfqsGArqGlDsU_2B-qoTkqh1GDsQKA	1unNuK	qadv-arbiter-7x7-rust-lambda-v0.1.0	-	qadv-arbiter-7x7-rust-lambda-v0.1.0	-	D	P	196
g1_lroJdjspjsmFDsqQI0S-8IqbgrbvH3Xistse6AySDls	s1_RauLaTi4eVgYHSp2TV9pqs9uzTVv0B10g9TaHMWpcZ4	1unNuK	qadv-arbiter-7x7-rust-lambda-v0.1.0	-	qadv-arbiter-7x7-rust-lambda-v0.1.0	-	D	P	-
g1_lroJdjspjsmFDsqQI0S-8IqbgrbvH3Xistse6AySDls	s1_WPXhfoDWZC23d8A_0-5FriFl_97y5gHLSeV3Cdp5rGA	1unNuK	qadv-arbiter-7x7-rust-lambda-v0.1.0	-	qadv-arbiter-7x7-rust-lambda-v0.1.0	-	D	P	196
g1_lrucGqJv6MLppI-zFI2PzAPKZwPwCE3Pi4r-Jq2ZUTE	s1_-V_-fOqUp27u8q23MG8Nq-XknM4IeiOCBxBS8DgADQE	1unMeR	qadv-arbiter-7x7-rust-lambda-v0.1.0	-	qadv-arbiter-7x7-rust-lambda-v0.1.0	-	D	P	196
g1_lrucGqJv6MLppI-zFI2PzAPKZwPwCE3Pi4r-Jq2ZUTE	s1_5ifgL1c4n7qlNeF9806LT7NMX0gbCREh5oBYpAfCYUI	1unMeR	qadv-arbiter-7x7-rust-lambda-v0.1.0	-	qadv-arbiter-7x7-rust-lambda-v0.1.0	-	D	P	196
g1_lrucGqJv6MLppI-zFI2PzAPKZwPwCE3Pi4r-Jq2ZUTE	s1_RauLaTi4eVgYHSp2TV9pqs9uzTVv0B10g9TaHMWpcZ4	1unMeR	qadv-arbiter-7x7-rust-lambda-v0.1.0	-	qadv-arbiter-7x7-rust-lambda-v0.1.0	-	D	P	-
g1_lrucGqJv6MLppI-zFI2PzAPKZwPwCE3Pi4r-Jq2ZUTE	s1_VdVJ3vyqnqlyogBWWA9VRudruCCdH3G6Atn0WPXFl_A	1unMeR	qadv-arbiter-7x7-rust-lambda-v0.1.0	-	qadv-arbiter-7x7-rust-lambda-v0.1.0	-	D	P	196
g1_lsEtDrCCvFDF0dZFvq5zIPnMUqaHibeKsps8I0uVaf0	s1_B6ml-YgwB5VXgxp0PoO1RRXMAoj3DlUT0Tdp2gfNpHY	1un4vI	qadv-arbiter-guided-7x7-v0.2.0	sha256:9c0e5e530df7db77a98f6a2e75fe63a6f629c6ad6563e0b5454793ebc243b14d	surveyor-v0.2.0	-	D	P	196
g1_lsEtDrCCvFDF0dZFvq5zIPnMUqaHibeKsps8I0uVaf0	s1_IswyJu28REICZ-TLOKz3zWDxdApiHK2RV21V_hp9lz0	1un4vI	qadv-arbiter-guided-7x7-v0.2.0	sha256:9c0e5e530df7db77a98f6a2e75fe63a6f629c6ad6563e0b5454793ebc243b14d	surveyor-v0.2.0	-	D	P	196
g1_lsEtDrCCvFDF0dZFvq5zIPnMUqaHibeKsps8I0uVaf0	s1_O3cuwuia8XT9TI7Nxr3tRcajOA20XFHEIT2fYX3WizY	1un4vI	qadv-arbiter-guided-7x7-v0.2.0	sha256:9c0e5e530df7db77a98f6a2e75fe63a6f629c6ad6563e0b5454793ebc243b14d	surveyor-v0.2.0	-	D	P	196
g1_lsFDfNqsU-XEnTYfuJJqiGHMWEfMEMf2MpfJ6HtzjQg	s1_-OKlJXuPFfAnukwGYITjiU7XKL4OC_qt76PC0TZSPjg	1umviN	python-cnn-puct-v0.1.0	sha256:7845e9b7687beee165dc36b8d21833b7a8b5a83e31b58b49bd05c277ba26e642	python-cnn-puct-v0.1.0	sha256:7845e9b7687beee165dc36b8d21833b7a8b5a83e31b58b49bd05c277ba26e642	D	P	196
g1_lsFDfNqsU-XEnTYfuJJqiGHMWEfMEMf2MpfJ6HtzjQg	s1_1av6nXQkq-GSHXfjkVlGHGpAq8F9UbW4JwZmyFA-vww	1umviN	python-cnn-puct-v0.1.0	sha256:7845e9b7687beee165dc36b8d21833b7a8b5a83e31b58b49bd05c277ba26e642	python-cnn-puct-v0.1.0	sha256:7845e9b7687beee165dc36b8d21833b7a8b5a83e31b58b49bd05c277ba26e642	D	P	196
g1_lsFDfNqsU-XEnTYfuJJqiGHMWEfMEMf2MpfJ6HtzjQg	s1_Brk0hkuJoH-MBjdd53AO5tlWcOgDWV_R0PO74fHGd_0	1umviN	python-cnn-puct-v0.1.0	sha256:7845e9b7687beee165dc36b8d21833b7a8b5a83e31b58b49bd05c277ba26e642	python-cnn-puct-v0.1.0	sha256:7845e9b7687beee165dc36b8d21833b7a8b5a83e31b58b49bd05c277ba26e642	D	P	196
g1_lsR2g5CDvtTAY8nWvEYSiYwmYlK6YoF7a-iUG10iCjM	s1_FNwxhrcbYbOjwcV-B-csQgW_xWlgkoUdpw2UNWwF3Ps	1unPWZ	qadv-arbiter-7x7-rust-lambda-v0.1.0	-	qadv-arbiter-7x7-rust-lambda-v0.1.0	-	L	P	196
g1_lsR2g5CDvtTAY8nWvEYSiYwmYlK6YoF7a-iUG10iCjM	s1_RauLaTi4eVgYHSp2TV9pqs9uzTVv0B10g9TaHMWpcZ4	1unPWZ	qadv-arbiter-7x7-rust-lambda-v0.1.0	-	qadv-arbiter-7x7-rust-lambda-v0.1.0	-	L	P	-
g1_lsR2g5CDvtTAY8nWvEYSiYwmYlK6YoF7a-iUG10iCjM	s1_i3HDTShtYgNjq7BLMmIPLkkqzOkmppk_j74QUYWlwdA	1unPWZ	qadv-arbiter-7x7-rust-lambda-v0.1.0	-	qadv-arbiter-7x7-rust-lambda-v0.1.0	-	L	P	196
g1_lsR2g5CDvtTAY8nWvEYSiYwmYlK6YoF7a-iUG10iCjM	s1_kNVF8cc9Kj5G-JHhNeB2f80YjRqrXbOjk3tY-accXs8	1unPWZ	qadv-arbiter-7x7-rust-lambda-v0.1.0	-	qadv-arbiter-7x7-rust-lambda-v0.1.0	-	L	P	196
g1_lsX2dZF_FHDZYj0cfhAZ5Q_Jspsc-OIf4qdcBOnlOrw	s1_1QbmjfeRkkXyaNt7uNuvbgRijxc-3p2MSJZecDZNhk8	1un5uH	gnn-reval30k-7x7	sha256:7f41dbe135649d1116a0914bc0358a5ffae95749195ec20dd972035bbbea52f7	qadv-arbiter-guided-7x7-v0.2.0	sha256:9c0e5e530df7db77a98f6a2e75fe63a6f629c6ad6563e0b5454793ebc243b14d	D	P	196
g1_lsX2dZF_FHDZYj0cfhAZ5Q_Jspsc-OIf4qdcBOnlOrw	s1_KFCPuS07IuvwTcEzH-1o96QSsgWXXBFf-H4aSllW5pw	1un5uH	gnn-reval30k-7x7	sha256:7f41dbe135649d1116a0914bc0358a5ffae95749195ec20dd972035bbbea52f7	qadv-arbiter-guided-7x7-v0.2.0	sha256:9c0e5e530df7db77a98f6a2e75fe63a6f629c6ad6563e0b5454793ebc243b14d	D	P	196
g1_lsX2dZF_FHDZYj0cfhAZ5Q_Jspsc-OIf4qdcBOnlOrw	s1_O3cuwuia8XT9TI7Nxr3tRcajOA20XFHEIT2fYX3WizY	1un5uH	gnn-reval30k-7x7	sha256:7f41dbe135649d1116a0914bc0358a5ffae95749195ec20dd972035bbbea52f7	qadv-arbiter-guided-7x7-v0.2.0	sha256:9c0e5e530df7db77a98f6a2e75fe63a6f629c6ad6563e0b5454793ebc243b14d	D	P	196
g1_lsa1h9JH8cru5Ado4tzhOWSlV2Zspfu8jwQpYY-YWP4	s1_AFospHqasYRZH4Y3OgofwDynb0rDwpPxSjXT-l4exvo	1unO_8	qadv-arbiter-7x7-rust-lambda-v0.1.0	-	qadv-arbiter-7x7-rust-lambda-v0.1.0	-	L	P	196
g1_lsa1h9JH8cru5Ado4tzhOWSlV2Zspfu8jwQpYY-YWP4	s1_CSgAo9DHarOuxRevXCWbcIzZsbxFgSHL01Cr1T0Wvbs	1unO_8	qadv-arbiter-7x7-rust-lambda-v0.1.0	-	qadv-arbiter-7x7-rust-lambda-v0.1.0	-	L	P	196
g1_lsa1h9JH8cru5Ado4tzhOWSlV2Zspfu8jwQpYY-YWP4	s1_Neb16tlGN0wVUB3qUNQl7Hj0Q72qVxIPaiWmOGkptrY	1unO_8	qadv-arbiter-7x7-rust-lambda-v0.1.0	-	qadv-arbiter-7x7-rust-lambda-v0.1.0	-	L	P	196
g1_lsa1h9JH8cru5Ado4tzhOWSlV2Zspfu8jwQpYY-YWP4	s1_RauLaTi4eVgYHSp2TV9pqs9uzTVv0B10g9TaHMWpcZ4	1unO_8	qadv-arbiter-7x7-rust-lambda-v0.1.0	-	qadv-arbiter-7x7-rust-lambda-v0.1.0	-	L	P	-
g1_lsiPlGZGZiYVK5g0mHTVkU0vuncN6lqIXPWM1ICYMWs	s1_flXyOBW6T9LLVDFIvXBGel1MoVNZcUcMFIJnB9yLapU	1umx9U	python-gnn-puct-reval30k-v0.1.0	sha256:6120be86fc469df71473c3de64e5e32f99694cd47d621fa5948f243dc51d3d21	python-gnn-puct-reval30k-v0.1.0	sha256:6120be86fc469df71473c3de64e5e32f99694cd47d621fa5948f243dc51d3d21	D	P	196
g1_lsmc4lAjGoB6u_XFdacJ6WqBCsTKn7QAgVwvD5Y_9tE	s1_4ho7o5agdM-igSk-eLhX-FGtDqPbWdQJMNQihJh8dGo	1unL_Z	qadv-arbiter-7x7-rust-lambda-v0.1.0	-	qadv-arbiter-7x7-rust-lambda-v0.1.0	-	D	P	196
g1_lsmc4lAjGoB6u_XFdacJ6WqBCsTKn7QAgVwvD5Y_9tE	s1_Qk35KA3f2krr05d3gUspbTm_2VWYkbDshIKPL7ekzSU	1unL_Z	qadv-arbiter-7x7-rust-lambda-v0.1.0	-	qadv-arbiter-7x7-rust-lambda-v0.1.0	-	D	P	196
g1_lsmc4lAjGoB6u_XFdacJ6WqBCsTKn7QAgVwvD5Y_9tE	s1_RauLaTi4eVgYHSp2TV9pqs9uzTVv0B10g9TaHMWpcZ4	1unL_Z	qadv-arbiter-7x7-rust-lambda-v0.1.0	-	qadv-arbiter-7x7-rust-lambda-v0.1.0	-	D	P	-
g1_lsmc4lAjGoB6u_XFdacJ6WqBCsTKn7QAgVwvD5Y_9tE	s1_lxsCggxyPb9VnLqWzQSsxZUIrsNo3eFklErvXHMIrJk	1unL_Z	qadv-arbiter-7x7-rust-lambda-v0.1.0	-	qadv-arbiter-7x7-rust-lambda-v0.1.0	-	D	P	196
g1_lt29bV6VzcsZbTEkVgFjrEE_NDMqbeickEeF92PJbr0	s1_2FtaP75xgRVTNrUvmC0NIesJCNy8IDFJ05WNM4nUnpg	1unQvZ	surveyor-v0.2.0	-	qadv-arbiter-7x7-v0.1.0	-	L	P	196
g1_lt29bV6VzcsZbTEkVgFjrEE_NDMqbeickEeF92PJbr0	s1_Gxk9Y11WY5pq2Y2vjQDZqqso6198z_hHJv_NZ3jeV3w	1unQvZ	surveyor-v0.2.0	-	qadv-arbiter-7x7-v0.1.0	-	L	P	196
g1_lt29bV6VzcsZbTEkVgFjrEE_NDMqbeickEeF92PJbr0	s1_PKkm5dh2F8XjFJ5BuBrQ6UVDI2OPiBSIvX3hUqJc9Y4	1unQvZ	surveyor-v0.2.0	-	qadv-arbiter-7x7-v0.1.0	-	L	P	196
g1_lt29bV6VzcsZbTEkVgFjrEE_NDMqbeickEeF92PJbr0	s1_RauLaTi4eVgYHSp2TV9pqs9uzTVv0B10g9TaHMWpcZ4	1unQvZ	surveyor-v0.2.0	-	qadv-arbiter-7x7-v0.1.0	-	L	P	-
g1_ltE1XejSj5SkUGHlqivODuEmtfEWD91-p34786d2Ftk	s1_Emg7d_Jf_PhuTZ0gxd1iR_zUYPBEZ8qEb6YnYdNHl5g	1un4P_	pathfinder-v0.3.0	-	qadv-arbiter-guided-7x7-v0.2.0	sha256:9c0e5e530df7db77a98f6a2e75fe63a6f629c6ad6563e0b5454793ebc243b14d	L	P	196
g1_ltE1XejSj5SkUGHlqivODuEmtfEWD91-p34786d2Ftk	s1_J9EF5676IM_wxOc02zG45LXeEd3FeuUD_sb4PARt5Zg	1un3xT	pathfinder-v0.3.0	-	qadv-arbiter-guided-7x7-v0.2.0	sha256:9c0e5e530df7db77a98f6a2e75fe63a6f629c6ad6563e0b5454793ebc243b14d	L	P	196
g1_ltE1XejSj5SkUGHlqivODuEmtfEWD91-p34786d2Ftk	s1_O3cuwuia8XT9TI7Nxr3tRcajOA20XFHEIT2fYX3WizY	1un3xT	pathfinder-v0.3.0	-	qadv-arbiter-guided-7x7-v0.2.0	sha256:9c0e5e530df7db77a98f6a2e75fe63a6f629c6ad6563e0b5454793ebc243b14d	L	P	196
g1_ltE1XejSj5SkUGHlqivODuEmtfEWD91-p34786d2Ftk	s1_ZOg1lHiJ11bzDL4dNav6NXvvd0QkRLVHDFSDTYXUvpw	1un4P_	pathfinder-v0.3.0	-	qadv-arbiter-guided-7x7-v0.2.0	sha256:9c0e5e530df7db77a98f6a2e75fe63a6f629c6ad6563e0b5454793ebc243b14d	L	P	196
g1_ltE1XejSj5SkUGHlqivODuEmtfEWD91-p34786d2Ftk	s1_a72HAyVvBhdfy3v7aukRU8QdpY1D97F7Pwmk0jhUQUw	1un4P_	pathfinder-v0.3.0	-	qadv-arbiter-guided-7x7-v0.2.0	sha256:9c0e5e530df7db77a98f6a2e75fe63a6f629c6ad6563e0b5454793ebc243b14d	L	P	196
g1_ltE1XejSj5SkUGHlqivODuEmtfEWD91-p34786d2Ftk	s1_vBzftZG0Bl9ZcDVZ1IICh3h95fLn4RxcOPWDBv8bIBo	1un3xT	pathfinder-v0.3.0	-	qadv-arbiter-guided-7x7-v0.2.0	sha256:9c0e5e530df7db77a98f6a2e75fe63a6f629c6ad6563e0b5454793ebc243b14d	L	P	196
g1_ltHJ9pFNabWQlx-XrkdJKHAA-NbyWs65znqeudTOp8E	s1_Cf2wZHKhlUVKwV5-RnuJA8Za2qTFscv_gBWex5BsNG8	1unOTR	qadv-arbiter-7x7-rust-lambda-v0.1.0	-	qadv-arbiter-7x7-rust-lambda-v0.1.0	-	L	P	196
g1_ltHJ9pFNabWQlx-XrkdJKHAA-NbyWs65znqeudTOp8E	s1_RauLaTi4eVgYHSp2TV9pqs9uzTVv0B10g9TaHMWpcZ4	1unOTR	qadv-arbiter-7x7-rust-lambda-v0.1.0	-	qadv-arbiter-7x7-rust-lambda-v0.1.0	-	L	P	-
g1_ltHJ9pFNabWQlx-XrkdJKHAA-NbyWs65znqeudTOp8E	s1_qTfYFJ2-Z_I0h6T461GVkfDkZgYo2-wgDj1Tn-P782c	1unOTR	qadv-arbiter-7x7-rust-lambda-v0.1.0	-	qadv-arbiter-7x7-rust-lambda-v0.1.0	-	L	P	196
g1_ltHJ9pFNabWQlx-XrkdJKHAA-NbyWs65znqeudTOp8E	s1_yvoEgMX_BiE8guWbZq5i8nSy0LLXXB0_52zaRCgHgmE	1unOTR	qadv-arbiter-7x7-rust-lambda-v0.1.0	-	qadv-arbiter-7x7-rust-lambda-v0.1.0	-	L	P	196
g1_ltdAW3e19_XpCtbVfGIse8sopczWfFzNkDyQvGehGIs	s1_B6ml-YgwB5VXgxp0PoO1RRXMAoj3DlUT0Tdp2gfNpHY	1un4vY	qadv-arbiter-guided-7x7-v0.2.0	sha256:9c0e5e530df7db77a98f6a2e75fe63a6f629c6ad6563e0b5454793ebc243b14d	surveyor-v0.2.0	-	D	P	196
g1_ltdAW3e19_XpCtbVfGIse8sopczWfFzNkDyQvGehGIs	s1_IswyJu28REICZ-TLOKz3zWDxdApiHK2RV21V_hp9lz0	1un4vY	qadv-arbiter-guided-7x7-v0.2.0	sha256:9c0e5e530df7db77a98f6a2e75fe63a6f629c6ad6563e0b5454793ebc243b14d	surveyor-v0.2.0	-	D	P	196
g1_ltdAW3e19_XpCtbVfGIse8sopczWfFzNkDyQvGehGIs	s1_O3cuwuia8XT9TI7Nxr3tRcajOA20XFHEIT2fYX3WizY	1un4fk	qadv-arbiter-guided-7x7-v0.2.0	sha256:9c0e5e530df7db77a98f6a2e75fe63a6f629c6ad6563e0b5454793ebc243b14d	surveyor-v0.2.0	-	D	P	196
g1_ltdAW3e19_XpCtbVfGIse8sopczWfFzNkDyQvGehGIs	s1_emJec2v0tFw2IkI46lobwl3MLElw58NqRX9QnSWPQGc	1un4fk	qadv-arbiter-guided-7x7-v0.2.0	sha256:9c0e5e530df7db77a98f6a2e75fe63a6f629c6ad6563e0b5454793ebc243b14d	surveyor-v0.2.0	-	D	P	196
g1_ltdAW3e19_XpCtbVfGIse8sopczWfFzNkDyQvGehGIs	s1_iKf_jQ0552THmC-XWhe7eFzF6uRP9RxtLWuha32VvUg	1un4fk	qadv-arbiter-guided-7x7-v0.2.0	sha256:9c0e5e530df7db77a98f6a2e75fe63a6f629c6ad6563e0b5454793ebc243b14d	surveyor-v0.2.0	-	D	P	196
g1_ltf7jjJb1_Z3RHoDVuTlJPjWZ9HESHeiw83pTpJOLmQ	s1_2xNSY-HQPohNewcl8gDgQLhn_r4B4hhC3zAvyFIUzB4	1unN1z	qadv-arbiter-7x7-rust-lambda-v0.1.0	-	qadv-arbiter-7x7-rust-lambda-v0.1.0	-	D	P	196
g1_ltf7jjJb1_Z3RHoDVuTlJPjWZ9HESHeiw83pTpJOLmQ	s1_Icjegyyjgjkk5yjn0Nze32q4L8BtoxDM93XVyTfKvx4	1unN1z	qadv-arbiter-7x7-rust-lambda-v0.1.0	-	qadv-arbiter-7x7-rust-lambda-v0.1.0	-	D	P	196
g1_ltf7jjJb1_Z3RHoDVuTlJPjWZ9HESHeiw83pTpJOLmQ	s1_RauLaTi4eVgYHSp2TV9pqs9uzTVv0B10g9TaHMWpcZ4	1unN1z	qadv-arbiter-7x7-rust-lambda-v0.1.0	-	qadv-arbiter-7x7-rust-lambda-v0.1.0	-	D	P	-
g1_ltf7jjJb1_Z3RHoDVuTlJPjWZ9HESHeiw83pTpJOLmQ	s1_jnVpzInZDHEC0z8Tgp-vcTrwFq0E5PVVvPGBJyJwe1g	1unN1z	qadv-arbiter-7x7-rust-lambda-v0.1.0	-	qadv-arbiter-7x7-rust-lambda-v0.1.0	-	D	P	196
g1_ltixt9jz2kb9kWEopOrg0Sz5NwOefA-TVZmO2tlZoQw	s1_KcMoRAS_3dHi5rNQBEMyp09GdpRdz-T8gjjpFt89QtE	1unMp_	qadv-arbiter-7x7-rust-lambda-v0.1.0	-	qadv-arbiter-7x7-rust-lambda-v0.1.0	-	L	P	196
g1_ltixt9jz2kb9kWEopOrg0Sz5NwOefA-TVZmO2tlZoQw	s1_RauLaTi4eVgYHSp2TV9pqs9uzTVv0B10g9TaHMWpcZ4	1unMp_	qadv-arbiter-7x7-rust-lambda-v0.1.0	-	qadv-arbiter-7x7-rust-lambda-v0.1.0	-	L	P	-
g1_ltixt9jz2kb9kWEopOrg0Sz5NwOefA-TVZmO2tlZoQw	s1_RvH441OBOyassoCHZE120l7ECtBDMPYQUTK_x-i0c00	1unMp_	qadv-arbiter-7x7-rust-lambda-v0.1.0	-	qadv-arbiter-7x7-rust-lambda-v0.1.0	-	L	P	196
g1_ltixt9jz2kb9kWEopOrg0Sz5NwOefA-TVZmO2tlZoQw	s1_fh8X3eQh5f0A2dS0Cnm3aHB7RcSdiAtKTPVqOTppHV4	1unMp_	qadv-arbiter-7x7-rust-lambda-v0.1.0	-	qadv-arbiter-7x7-rust-lambda-v0.1.0	-	L	P	196
g1_ltuatO3HgaxWfr7fndviSHPwR3hTReo3ICqEOW7c_VE	s1_2wklMi7KARbzCapZpZiy3ayja-O7NioG2rQSV2hQR44	1unPEj	qadv-arbiter-7x7-rust-lambda-v0.1.0	-	qadv-arbiter-7x7-rust-lambda-v0.1.0	-	L	P	196
g1_ltuatO3HgaxWfr7fndviSHPwR3hTReo3ICqEOW7c_VE	s1_9Tf40Ac9PzigQaTuntBjQtVOrUgyJeYRvdjRp-5qMcc	1unPEj	qadv-arbiter-7x7-rust-lambda-v0.1.0	-	qadv-arbiter-7x7-rust-lambda-v0.1.0	-	L	P	196
g1_ltuatO3HgaxWfr7fndviSHPwR3hTReo3ICqEOW7c_VE	s1_RauLaTi4eVgYHSp2TV9pqs9uzTVv0B10g9TaHMWpcZ4	1unPEj	qadv-arbiter-7x7-rust-lambda-v0.1.0	-	qadv-arbiter-7x7-rust-lambda-v0.1.0	-	L	P	-
g1_ltuatO3HgaxWfr7fndviSHPwR3hTReo3ICqEOW7c_VE	s1_WbDe81QsruOgsS05SVcRrQwzvPiLZH4xuuJk8zFgcq8	1unPEj	qadv-arbiter-7x7-rust-lambda-v0.1.0	-	qadv-arbiter-7x7-rust-lambda-v0.1.0	-	L	P	196
g1_ltxnjxspLB4A-2bsNdm2snTa0VU_C0uRkKoU-JL9gEI	s1_8ukSfFfeC9OeMRI21N83t4Y6ELOQnGWrsQXd2PLImxE	1unMLG	qadv-arbiter-7x7-rust-lambda-v0.1.0	-	qadv-arbiter-7x7-rust-lambda-v0.1.0	-	L	P	196
g1_ltxnjxspLB4A-2bsNdm2snTa0VU_C0uRkKoU-JL9gEI	s1_B3XYPVQg-GbDVx3oiCgrl9o1EPcppRLFBL-f_F4PH-4	1unMLG	qadv-arbiter-7x7-rust-lambda-v0.1.0	-	qadv-arbiter-7x7-rust-lambda-v0.1.0	-	L	P	196
g1_ltxnjxspLB4A-2bsNdm2snTa0VU_C0uRkKoU-JL9gEI	s1_RauLaTi4eVgYHSp2TV9pqs9uzTVv0B10g9TaHMWpcZ4	1unMLG	qadv-arbiter-7x7-rust-lambda-v0.1.0	-	qadv-arbiter-7x7-rust-lambda-v0.1.0	-	L	P	-
g1_ltxnjxspLB4A-2bsNdm2snTa0VU_C0uRkKoU-JL9gEI	s1_YJKiiIr3fIpgtLUlRwpofXRkEZxaTIDXsVYLShnNW5Y	1unMLG	qadv-arbiter-7x7-rust-lambda-v0.1.0	-	qadv-arbiter-7x7-rust-lambda-v0.1.0	-	L	P	196
g1_luCPLamnmspcvmGtbKW6Qoc2l6PrmlIz0G2nX_hRNes	s1_-OKlJXuPFfAnukwGYITjiU7XKL4OC_qt76PC0TZSPjg	1umvaD	python-cnn-puct-v0.1.0	sha256:7845e9b7687beee165dc36b8d21833b7a8b5a83e31b58b49bd05c277ba26e642	python-cnn-puct-v0.1.0	sha256:7845e9b7687beee165dc36b8d21833b7a8b5a83e31b58b49bd05c277ba26e642	-	M	196
g1_luCPLamnmspcvmGtbKW6Qoc2l6PrmlIz0G2nX_hRNes	s1_1av6nXQkq-GSHXfjkVlGHGpAq8F9UbW4JwZmyFA-vww	1umvaD	python-cnn-puct-v0.1.0	sha256:7845e9b7687beee165dc36b8d21833b7a8b5a83e31b58b49bd05c277ba26e642	python-cnn-puct-v0.1.0	sha256:7845e9b7687beee165dc36b8d21833b7a8b5a83e31b58b49bd05c277ba26e642	-	M	196
g1_luCPLamnmspcvmGtbKW6Qoc2l6PrmlIz0G2nX_hRNes	s1_mWPTef6xYbijjPhDIC6QgLRmu2mMSJAokNlIkx3vg54	1umvaD	python-cnn-puct-v0.1.0	sha256:7845e9b7687beee165dc36b8d21833b7a8b5a83e31b58b49bd05c277ba26e642	python-cnn-puct-v0.1.0	sha256:7845e9b7687beee165dc36b8d21833b7a8b5a83e31b58b49bd05c277ba26e642	-	M	196
g1_luCkhOe8RYEDkA3f6b7UfvfG3wdFxlX_Z73nWwipjQE	s1_WVg7aYYLIrw6_-2mI3jQ-DPcLO4gX2sPEEqWQb0DGQA	1umxP9	python-cnn-puct-reval30k-v0.1.0	sha256:eb2600a53e225a835455efdb2759c40e27c5cb3c16ab0688bc21b99290ed10ee	python-cnn-puct-reval30k-v0.1.0	sha256:eb2600a53e225a835455efdb2759c40e27c5cb3c16ab0688bc21b99290ed10ee	L	P	196
g1_luCpBQlN3FXQucwfoQHdJyAgzG3iUuq0QcdvnThy_A0	s1_31MaoAARsIxfpFNtwNQoTBORTaGiMdBRuhfvU4N6feI	1unODn	qadv-arbiter-7x7-rust-lambda-v0.1.0	-	qadv-arbiter-7x7-rust-lambda-v0.1.0	-	D	P	196
g1_luCpBQlN3FXQucwfoQHdJyAgzG3iUuq0QcdvnThy_A0	s1_IHE6Is25tz9Zj5fsR5sr5rg3FhqOP9vTvjkoUWBhmlA	1unODn	qadv-arbiter-7x7-rust-lambda-v0.1.0	-	qadv-arbiter-7x7-rust-lambda-v0.1.0	-	D	P	196
g1_luCpBQlN3FXQucwfoQHdJyAgzG3iUuq0QcdvnThy_A0	s1_RauLaTi4eVgYHSp2TV9pqs9uzTVv0B10g9TaHMWpcZ4	1unODn	qadv-arbiter-7x7-rust-lambda-v0.1.0	-	qadv-arbiter-7x7-rust-lambda-v0.1.0	-	D	P	-
g1_luCpBQlN3FXQucwfoQHdJyAgzG3iUuq0QcdvnThy_A0	s1_mndJiAphF9gInw5slPF7sz6zcXcN-rKtLVADwaARRT8	1unODn	qadv-arbiter-7x7-rust-lambda-v0.1.0	-	qadv-arbiter-7x7-rust-lambda-v0.1.0	-	D	P	196
g1_luXRrJly4zHElRV9UIxLsGvqyXsmYSlafyRFm4LdvYc	s1_EHd406NVisYX17tvp9tSYcqEWWp4CsAdRryHC10wfHc	1un2Sl	pathfinder-v0.3.0	-	qadv-arbiter-guided-7x7-v0.2.0	sha256:9c0e5e530df7db77a98f6a2e75fe63a6f629c6ad6563e0b5454793ebc243b14d	L	P	196
g1_luXRrJly4zHElRV9UIxLsGvqyXsmYSlafyRFm4LdvYc	s1_GCqZdg9KLzvh0I_b212TEmxdlG3kcwnq3SnQmPGgIqI	1un2Sl	pathfinder-v0.3.0	-	qadv-arbiter-guided-7x7-v0.2.0	sha256:9c0e5e530df7db77a98f6a2e75fe63a6f629c6ad6563e0b5454793ebc243b14d	L	P	196
g1_luXRrJly4zHElRV9UIxLsGvqyXsmYSlafyRFm4LdvYc	s1_O3cuwuia8XT9TI7Nxr3tRcajOA20XFHEIT2fYX3WizY	1un2Sl	pathfinder-v0.3.0	-	qadv-arbiter-guided-7x7-v0.2.0	sha256:9c0e5e530df7db77a98f6a2e75fe63a6f629c6ad6563e0b5454793ebc243b14d	L	P	196
g1_ludNNaCMjWpCvNlJvLI-aGmUYuTybxIGGPWnwEK31Nc	s1_WVg7aYYLIrw6_-2mI3jQ-DPcLO4gX2sPEEqWQb0DGQA	1umxHL	python-cnn-puct-reval30k-v0.1.0	sha256:eb2600a53e225a835455efdb2759c40e27c5cb3c16ab0688bc21b99290ed10ee	python-cnn-puct-reval30k-v0.1.0	sha256:eb2600a53e225a835455efdb2759c40e27c5cb3c16ab0688bc21b99290ed10ee	L	P	196
g1_luhbINrReLJ5yD4an74qMuSrJ1uiyh5SHj3TeKf_VtM	s1_FWxTVCm0io7KWgPi4BLFfYRGb_ywh9_ClvNHx6o40P4	1unMm8	qadv-arbiter-7x7-rust-lambda-v0.1.0	-	qadv-arbiter-7x7-rust-lambda-v0.1.0	-	L	P	196
g1_luhbINrReLJ5yD4an74qMuSrJ1uiyh5SHj3TeKf_VtM	s1_RauLaTi4eVgYHSp2TV9pqs9uzTVv0B10g9TaHMWpcZ4	1unMm8	qadv-arbiter-7x7-rust-lambda-v0.1.0	-	qadv-arbiter-7x7-rust-lambda-v0.1.0	-	L	P	-
g1_luhbINrReLJ5yD4an74qMuSrJ1uiyh5SHj3TeKf_VtM	s1_eHRE3b5_Jj2fpeX8S5eChlp3nbsSXxw-aJUnC5Xh4eU	1unMm8	qadv-arbiter-7x7-rust-lambda-v0.1.0	-	qadv-arbiter-7x7-rust-lambda-v0.1.0	-	L	P	196
g1_luhbINrReLJ5yD4an74qMuSrJ1uiyh5SHj3TeKf_VtM	s1_qkeakeT2G60iLZUbpWLM3NwCPuLrGjgUlS8xCzojVps	1unMm8	qadv-arbiter-7x7-rust-lambda-v0.1.0	-	qadv-arbiter-7x7-rust-lambda-v0.1.0	-	L	P	196
g1_lump9D6LDidtnZ5JNUngQotSbVvGoExHJzDQuTHpR1w	s1_RauLaTi4eVgYHSp2TV9pqs9uzTVv0B10g9TaHMWpcZ4	1unPCc	qadv-arbiter-7x7-rust-lambda-v0.1.0	-	qadv-arbiter-7x7-rust-lambda-v0.1.0	-	L	P	-
g1_lump9D6LDidtnZ5JNUngQotSbVvGoExHJzDQuTHpR1w	s1_aJuc7vRmnYlNfGERB5mcVP7r1yOVHxk0Ly7Lwtu7c9Q	1unPCc	qadv-arbiter-7x7-rust-lambda-v0.1.0	-	qadv-arbiter-7x7-rust-lambda-v0.1.0	-	L	P	196
g1_lump9D6LDidtnZ5JNUngQotSbVvGoExHJzDQuTHpR1w	s1_d9KMIXL6Cv101TbmWIfrqccBDScVsuzh1nyAFFYCIgg	1unPCc	qadv-arbiter-7x7-rust-lambda-v0.1.0	-	qadv-arbiter-7x7-rust-lambda-v0.1.0	-	L	P	196
g1_lump9D6LDidtnZ5JNUngQotSbVvGoExHJzDQuTHpR1w	s1_qy90VaJM-zJlBcwxKxudQj4DpC7kn_xLi_7JljbpPIY	1unPCc	qadv-arbiter-7x7-rust-lambda-v0.1.0	-	qadv-arbiter-7x7-rust-lambda-v0.1.0	-	L	P	196
g1_luo3cftRlt7Q7p5RBkMcP5qGtGIV4wiR2aMZ_2601zM	s1_CcSnml_zAW3BhL7m5YhvtrUwmys8RPnR_wIzmftt45U	1unMqT	qadv-arbiter-7x7-rust-lambda-v0.1.0	-	qadv-arbiter-7x7-rust-lambda-v0.1.0	-	D	P	196
g1_luo3cftRlt7Q7p5RBkMcP5qGtGIV4wiR2aMZ_2601zM	s1_EbPh8B5OfmDtT2DtWq9pJuQTDFeyS_dDJZvQTGx794M	1unMqT	qadv-arbiter-7x7-rust-lambda-v0.1.0	-	qadv-arbiter-7x7-rust-lambda-v0.1.0	-	D	P	196
g1_luo3cftRlt7Q7p5RBkMcP5qGtGIV4wiR2aMZ_2601zM	s1_P6H9WutmpDB3p6DZ-Pe7yL4_kfFcoiK7Kjqjw7yvvGI	1unMqT	qadv-arbiter-7x7-rust-lambda-v0.1.0	-	qadv-arbiter-7x7-rust-lambda-v0.1.0	-	D	P	196
g1_luo3cftRlt7Q7p5RBkMcP5qGtGIV4wiR2aMZ_2601zM	s1_RauLaTi4eVgYHSp2TV9pqs9uzTVv0B10g9TaHMWpcZ4	1unMqT	qadv-arbiter-7x7-rust-lambda-v0.1.0	-	qadv-arbiter-7x7-rust-lambda-v0.1.0	-	D	P	-
g1_lupCuHtqaXm5rfT5Z4Od5Xc4N27qxax7ZAuyt1Jt7LQ	s1_WVg7aYYLIrw6_-2mI3jQ-DPcLO4gX2sPEEqWQb0DGQA	1umxPc	python-cnn-puct-reval30k-v0.1.0	sha256:eb2600a53e225a835455efdb2759c40e27c5cb3c16ab0688bc21b99290ed10ee	python-cnn-puct-reval30k-v0.1.0	sha256:eb2600a53e225a835455efdb2759c40e27c5cb3c16ab0688bc21b99290ed10ee	D	P	196
g1_luqWPKxKd8__4CscjpE_sogxIeiGLqNb68IR2hpt1co	s1_RauLaTi4eVgYHSp2TV9pqs9uzTVv0B10g9TaHMWpcZ4	1unMRs	qadv-arbiter-7x7-rust-lambda-v0.1.0	-	qadv-arbiter-7x7-rust-lambda-v0.1.0	-	D	P	-
g1_luqWPKxKd8__4CscjpE_sogxIeiGLqNb68IR2hpt1co	s1_i5utOH73RrrMvcw-oWILp1lMgtrtO02dhD7L8ZbJBeU	1unMRs	qadv-arbiter-7x7-rust-lambda-v0.1.0	-	qadv-arbiter-7x7-rust-lambda-v0.1.0	-	D	P	196
g1_luqWPKxKd8__4CscjpE_sogxIeiGLqNb68IR2hpt1co	s1_qjwde6IPLGz4cDo_luH0gytPG__4dconW7d7iP3oxqQ	1unMRs	qadv-arbiter-7x7-rust-lambda-v0.1.0	-	qadv-arbiter-7x7-rust-lambda-v0.1.0	-	D	P	196
g1_luqWPKxKd8__4CscjpE_sogxIeiGLqNb68IR2hpt1co	s1_tt0airgGra-mgZOl7OhOxnDXsY983JSNtxviob8gOCY	1unMRs	qadv-arbiter-7x7-rust-lambda-v0.1.0	-	qadv-arbiter-7x7-rust-lambda-v0.1.0	-	D	P	196
g1_luu-W3_08ZL1lwa2VMVIXbSmzMJcKbJ_teFGFIOwLKY	s1_7FIu85-v_e-kbNsQ2UNk3yRt-KGcLyUjpmVwIc9cnfM	1umwDc	python-gnn-puct-scout-v0.1.0	sha256:b9f80706cc1f29076ee06fe06483697c749148a808c599579045d00a52573938	python-gnn-puct-scout-v0.1.0	sha256:b9f80706cc1f29076ee06fe06483697c749148a808c599579045d00a52573938	D	P	196
g1_luu-W3_08ZL1lwa2VMVIXbSmzMJcKbJ_teFGFIOwLKY	s1_S8AGNBNcWBvWiwIo-AOAHPoHuZo2XvcsYvhgQxGTkrY	1umwDc	python-gnn-puct-scout-v0.1.0	sha256:b9f80706cc1f29076ee06fe06483697c749148a808c599579045d00a52573938	python-gnn-puct-scout-v0.1.0	sha256:b9f80706cc1f29076ee06fe06483697c749148a808c599579045d00a52573938	D	P	196
g1_lv9JQGuXT_cPG9MZCRhxlrNRvLcPRwdHqLFhQ-fh75k	s1_-7sJOS4dZPVKmtJmWx19xkA1Ahti6jCP3_y_dk--CZY	1unMvY	qadv-arbiter-7x7-rust-lambda-v0.1.0	-	qadv-arbiter-7x7-rust-lambda-v0.1.0	-	L	P	196
g1_lv9JQGuXT_cPG9MZCRhxlrNRvLcPRwdHqLFhQ-fh75k	s1_RauLaTi4eVgYHSp2TV9pqs9uzTVv0B10g9TaHMWpcZ4	1unMvY	qadv-arbiter-7x7-rust-lambda-v0.1.0	-	qadv-arbiter-7x7-rust-lambda-v0.1.0	-	L	P	-
g1_lv9JQGuXT_cPG9MZCRhxlrNRvLcPRwdHqLFhQ-fh75k	s1_VoN6LawwblN4xpSEM8LmGvw-zo0z3him9E_NLQ2qpao	1unMvY	qadv-arbiter-7x7-rust-lambda-v0.1.0	-	qadv-arbiter-7x7-rust-lambda-v0.1.0	-	L	P	196
g1_lv9JQGuXT_cPG9MZCRhxlrNRvLcPRwdHqLFhQ-fh75k	s1_i6tGdO661px3heZnjVrG6FvBJUJgwG7FjS9RvUbV6Hs	1unMvY	qadv-arbiter-7x7-rust-lambda-v0.1.0	-	qadv-arbiter-7x7-rust-lambda-v0.1.0	-	L	P	196
g1_lvEGIVowlly9Q0bXW5b7xanUzL0VZ-WkvR51OgWVPYg	s1_Rz2eSV6bpleQtQU31lqhspmzUZgR3MzW0WWExhJikRw	1DMiF	python-gnn-puct-v0.1.0	-	python-gnn-puct-v0.1.0	-	L	P	-
g1_lvF4brKtf9U4HlmLdZocjiY3i-W4EZ0NyFbJRGmp-xU	s1_-OKlJXuPFfAnukwGYITjiU7XKL4OC_qt76PC0TZSPjg	1umvlE	python-cnn-puct-v0.1.0	sha256:7845e9b7687beee165dc36b8d21833b7a8b5a83e31b58b49bd05c277ba26e642	python-cnn-puct-v0.1.0	sha256:7845e9b7687beee165dc36b8d21833b7a8b5a83e31b58b49bd05c277ba26e642	-	M	196
g1_lvF4brKtf9U4HlmLdZocjiY3i-W4EZ0NyFbJRGmp-xU	s1_1av6nXQkq-GSHXfjkVlGHGpAq8F9UbW4JwZmyFA-vww	1umvlE	python-cnn-puct-v0.1.0	sha256:7845e9b7687beee165dc36b8d21833b7a8b5a83e31b58b49bd05c277ba26e642	python-cnn-puct-v0.1.0	sha256:7845e9b7687beee165dc36b8d21833b7a8b5a83e31b58b49bd05c277ba26e642	-	M	196
g1_lvF4brKtf9U4HlmLdZocjiY3i-W4EZ0NyFbJRGmp-xU	s1_Brk0hkuJoH-MBjdd53AO5tlWcOgDWV_R0PO74fHGd_0	1umvlE	python-cnn-puct-v0.1.0	sha256:7845e9b7687beee165dc36b8d21833b7a8b5a83e31b58b49bd05c277ba26e642	python-cnn-puct-v0.1.0	sha256:7845e9b7687beee165dc36b8d21833b7a8b5a83e31b58b49bd05c277ba26e642	-	M	196
g1_lvTFdwYzOCd-LkNBRkPU7xSwzf_HJCLeyvwqZRcOuiM	s1_5ifgL1c4n7qlNeF9806LT7NMX0gbCREh5oBYpAfCYUI	1unMfZ	qadv-arbiter-7x7-rust-lambda-v0.1.0	-	qadv-arbiter-7x7-rust-lambda-v0.1.0	-	D	P	196
g1_lvTFdwYzOCd-LkNBRkPU7xSwzf_HJCLeyvwqZRcOuiM	s1_RauLaTi4eVgYHSp2TV9pqs9uzTVv0B10g9TaHMWpcZ4	1unMfZ	qadv-arbiter-7x7-rust-lambda-v0.1.0	-	qadv-arbiter-7x7-rust-lambda-v0.1.0	-	D	P	-
g1_lvTFdwYzOCd-LkNBRkPU7xSwzf_HJCLeyvwqZRcOuiM	s1_VdVJ3vyqnqlyogBWWA9VRudruCCdH3G6Atn0WPXFl_A	1unMfZ	qadv-arbiter-7x7-rust-lambda-v0.1.0	-	qadv-arbiter-7x7-rust-lambda-v0.1.0	-	D	P	196
g1_lvTFdwYzOCd-LkNBRkPU7xSwzf_HJCLeyvwqZRcOuiM	s1_iEQ5KIBjl85Lj69ig5XdZWUj5Ev4Wc23nZ8RHO5HfGI	1unMfZ	qadv-arbiter-7x7-rust-lambda-v0.1.0	-	qadv-arbiter-7x7-rust-lambda-v0.1.0	-	D	P	196
g1_lvqkxjhVir-SGRAiVpZ0sCX4YERGO6BHOrG-FtKO3s8	s1__fmnSv6OnZklVvMPUjPdL6drtvfrJptRYX3nxZQO8jI	1umxok	python-gnn-puct-scout-v0.1.0	sha256:b9f80706cc1f29076ee06fe06483697c749148a808c599579045d00a52573938	python-gnn-puct-scout-v0.1.0	sha256:b9f80706cc1f29076ee06fe06483697c749148a808c599579045d00a52573938	D	P	196
g1_lw4VPnOiV48t8T-U-GhTc973Zbv8_xS9WNat7QUXGc8	s1_1av6nXQkq-GSHXfjkVlGHGpAq8F9UbW4JwZmyFA-vww	1DIkL	python-gnn-puct-v0.1.0	sha256:6f9ad6e4a0993da3cf34a8549e86f9b5d512c51e11bfa76dfe051e7a8801bdac	python-gnn-puct-v0.1.0	sha256:6f9ad6e4a0993da3cf34a8549e86f9b5d512c51e11bfa76dfe051e7a8801bdac	L	P	196
g1_lw4VPnOiV48t8T-U-GhTc973Zbv8_xS9WNat7QUXGc8	s1_Brk0hkuJoH-MBjdd53AO5tlWcOgDWV_R0PO74fHGd_0	1DIkL	python-gnn-puct-v0.1.0	sha256:6f9ad6e4a0993da3cf34a8549e86f9b5d512c51e11bfa76dfe051e7a8801bdac	python-gnn-puct-v0.1.0	sha256:6f9ad6e4a0993da3cf34a8549e86f9b5d512c51e11bfa76dfe051e7a8801bdac	L	P	196
g1_lw4VPnOiV48t8T-U-GhTc973Zbv8_xS9WNat7QUXGc8	s1_KmF8KhDbubz6lwdS8R_n_yTGdSONmH9B1wUABbyCj94	1DIkL	python-gnn-puct-v0.1.0	sha256:6f9ad6e4a0993da3cf34a8549e86f9b5d512c51e11bfa76dfe051e7a8801bdac	python-gnn-puct-v0.1.0	sha256:6f9ad6e4a0993da3cf34a8549e86f9b5d512c51e11bfa76dfe051e7a8801bdac	L	P	196
g1_lw4VPnOiV48t8T-U-GhTc973Zbv8_xS9WNat7QUXGc8	s1_g5pGkHBMEhzAYvwFY0b24sSc7wC9JfnWApMHHZ_aMPI	1DIkL	python-gnn-puct-v0.1.0	sha256:6f9ad6e4a0993da3cf34a8549e86f9b5d512c51e11bfa76dfe051e7a8801bdac	python-gnn-puct-v0.1.0	sha256:6f9ad6e4a0993da3cf34a8549e86f9b5d512c51e11bfa76dfe051e7a8801bdac	L	P	196
g1_lw4VPnOiV48t8T-U-GhTc973Zbv8_xS9WNat7QUXGc8	s1_tol_POp6BcgBLMWq8iDfRBQSAXpESHxFwmcCQYXv0yQ	1DIkL	python-gnn-puct-v0.1.0	sha256:6f9ad6e4a0993da3cf34a8549e86f9b5d512c51e11bfa76dfe051e7a8801bdac	python-gnn-puct-v0.1.0	sha256:6f9ad6e4a0993da3cf34a8549e86f9b5d512c51e11bfa76dfe051e7a8801bdac	L	P	196
g1_lwEjpAajXtpBeJLmn62yQRCmgrmgOxIDMAVa3kvOUNE	s1_ORHlw3W1PNJWmiDo6dpMmPylMAibUEJc2E9bLaDM3b0	1unNE7	qadv-arbiter-7x7-rust-lambda-v0.1.0	-	qadv-arbiter-7x7-rust-lambda-v0.1.0	-	L	P	196
g1_lwEjpAajXtpBeJLmn62yQRCmgrmgOxIDMAVa3kvOUNE	s1_RauLaTi4eVgYHSp2TV9pqs9uzTVv0B10g9TaHMWpcZ4	1unNE7	qadv-arbiter-7x7-rust-lambda-v0.1.0	-	qadv-arbiter-7x7-rust-lambda-v0.1.0	-	L	P	-
g1_lwEjpAajXtpBeJLmn62yQRCmgrmgOxIDMAVa3kvOUNE	s1_VvAyoJsjJ9crhZExjzV2LDHct2wRbNq2fSekn8Hhjws	1unNE7	qadv-arbiter-7x7-rust-lambda-v0.1.0	-	qadv-arbiter-7x7-rust-lambda-v0.1.0	-	L	P	196
g1_lwEjpAajXtpBeJLmn62yQRCmgrmgOxIDMAVa3kvOUNE	s1__tMinghV4sE6q72vkRWTfrxP0TnNEloT11CDHsBO748	1unNE7	qadv-arbiter-7x7-rust-lambda-v0.1.0	-	qadv-arbiter-7x7-rust-lambda-v0.1.0	-	L	P	196
g1_lwEjqVRBpv8fnJm926NtCX3bVTGuNhXyhI6D0pBEKDg	s1_1av6nXQkq-GSHXfjkVlGHGpAq8F9UbW4JwZmyFA-vww	1DIXS	rust-pathfinder-v0.1.0	-	lunatic-v0.1.0	-	L	P	-
g1_lwEjqVRBpv8fnJm926NtCX3bVTGuNhXyhI6D0pBEKDg	s1_9Eroywf7tuDrn-hcfZPjlEa1DSRUykCRn9Z11u8ySIo	1DIXS	rust-pathfinder-v0.1.0	-	lunatic-v0.1.0	-	L	P	-
g1_lwEjqVRBpv8fnJm926NtCX3bVTGuNhXyhI6D0pBEKDg	s1_Brk0hkuJoH-MBjdd53AO5tlWcOgDWV_R0PO74fHGd_0	1DIXS	rust-pathfinder-v0.1.0	-	lunatic-v0.1.0	-	L	P	-
g1_lwEjqVRBpv8fnJm926NtCX3bVTGuNhXyhI6D0pBEKDg	s1_KmF8KhDbubz6lwdS8R_n_yTGdSONmH9B1wUABbyCj94	1DIXS	rust-pathfinder-v0.1.0	-	lunatic-v0.1.0	-	L	P	-
g1_lwEjqVRBpv8fnJm926NtCX3bVTGuNhXyhI6D0pBEKDg	s1_MKrI0a3Qd48rU7oZj28GrlQ3cHhIbUzS5ibiIW9aKy4	1DIXS	rust-pathfinder-v0.1.0	-	lunatic-v0.1.0	-	L	P	-
g1_lwEjqVRBpv8fnJm926NtCX3bVTGuNhXyhI6D0pBEKDg	s1_XloMUS0hxYEXf762lcPfaudsLmsH-CsOVZNVVU_obcA	1DIXS	rust-pathfinder-v0.1.0	-	lunatic-v0.1.0	-	L	P	-
g1_lwEjqVRBpv8fnJm926NtCX3bVTGuNhXyhI6D0pBEKDg	s1_g5pGkHBMEhzAYvwFY0b24sSc7wC9JfnWApMHHZ_aMPI	1DIXS	rust-pathfinder-v0.1.0	-	lunatic-v0.1.0	-	L	P	-
g1_lwYMIkZoIK6K69IJaQjsuEo7C_fy3_lTOJMe-6hnXsY	s1_1av6nXQkq-GSHXfjkVlGHGpAq8F9UbW4JwZmyFA-vww	1DIaw	rust-pathfinder-v0.1.0	-	lunatic-v0.1.0	-	L	P	-
g1_lwYMIkZoIK6K69IJaQjsuEo7C_fy3_lTOJMe-6hnXsY	s1_9Eroywf7tuDrn-hcfZPjlEa1DSRUykCRn9Z11u8ySIo	1DIaw	rust-pathfinder-v0.1.0	-	lunatic-v0.1.0	-	L	P	-
g1_lwYMIkZoIK6K69IJaQjsuEo7C_fy3_lTOJMe-6hnXsY	s1_Brk0hkuJoH-MBjdd53AO5tlWcOgDWV_R0PO74fHGd_0	1DIaw	rust-pathfinder-v0.1.0	-	lunatic-v0.1.0	-	L	P	-
g1_lwYMIkZoIK6K69IJaQjsuEo7C_fy3_lTOJMe-6hnXsY	s1_KmF8KhDbubz6lwdS8R_n_yTGdSONmH9B1wUABbyCj94	1DIaw	rust-pathfinder-v0.1.0	-	lunatic-v0.1.0	-	L	P	-
g1_lwYMIkZoIK6K69IJaQjsuEo7C_fy3_lTOJMe-6hnXsY	s1_MKrI0a3Qd48rU7oZj28GrlQ3cHhIbUzS5ibiIW9aKy4	1DIaw	rust-pathfinder-v0.1.0	-	lunatic-v0.1.0	-	L	P	-
g1_lwYMIkZoIK6K69IJaQjsuEo7C_fy3_lTOJMe-6hnXsY	s1_XloMUS0hxYEXf762lcPfaudsLmsH-CsOVZNVVU_obcA	1DIaw	rust-pathfinder-v0.1.0	-	lunatic-v0.1.0	-	L	P	-
g1_lwYMIkZoIK6K69IJaQjsuEo7C_fy3_lTOJMe-6hnXsY	s1_g5pGkHBMEhzAYvwFY0b24sSc7wC9JfnWApMHHZ_aMPI	1DIaw	rust-pathfinder-v0.1.0	-	lunatic-v0.1.0	-	L	P	-
g1_lwaXNIhixPQtC2LYTfHZAlQ1IGuylhQlLX1C4oh06r8	s1_7FIu85-v_e-kbNsQ2UNk3yRt-KGcLyUjpmVwIc9cnfM	1umwOV	python-gnn-puct-scout-v0.1.0	sha256:b9f80706cc1f29076ee06fe06483697c749148a808c599579045d00a52573938	python-gnn-puct-scout-v0.1.0	sha256:b9f80706cc1f29076ee06fe06483697c749148a808c599579045d00a52573938	L	P	196
g1_lwaXNIhixPQtC2LYTfHZAlQ1IGuylhQlLX1C4oh06r8	s1_S8AGNBNcWBvWiwIo-AOAHPoHuZo2XvcsYvhgQxGTkrY	1umwOV	python-gnn-puct-scout-v0.1.0	sha256:b9f80706cc1f29076ee06fe06483697c749148a808c599579045d00a52573938	python-gnn-puct-scout-v0.1.0	sha256:b9f80706cc1f29076ee06fe06483697c749148a808c599579045d00a52573938	L	P	196
g1_lwxZ1sXeuYzLmBlsxoyqM8OU4vbSPXM1bbh6f1eC5bw	s1_7FIu85-v_e-kbNsQ2UNk3yRt-KGcLyUjpmVwIc9cnfM	1umwOl	python-gnn-puct-scout-v0.1.0	sha256:b9f80706cc1f29076ee06fe06483697c749148a808c599579045d00a52573938	python-gnn-puct-scout-v0.1.0	sha256:b9f80706cc1f29076ee06fe06483697c749148a808c599579045d00a52573938	D	P	196
g1_lwxZ1sXeuYzLmBlsxoyqM8OU4vbSPXM1bbh6f1eC5bw	s1_S8AGNBNcWBvWiwIo-AOAHPoHuZo2XvcsYvhgQxGTkrY	1umwOl	python-gnn-puct-scout-v0.1.0	sha256:b9f80706cc1f29076ee06fe06483697c749148a808c599579045d00a52573938	python-gnn-puct-scout-v0.1.0	sha256:b9f80706cc1f29076ee06fe06483697c749148a808c599579045d00a52573938	D	P	196
g1_lx0QnsQ4OCs_UzSOjxELo7e2j6AHGL-fZWN6I__mD6M	s1_RauLaTi4eVgYHSp2TV9pqs9uzTVv0B10g9TaHMWpcZ4	1unP9_	qadv-arbiter-7x7-rust-lambda-v0.1.0	-	qadv-arbiter-7x7-rust-lambda-v0.1.0	-	L	P	-
g1_lx0QnsQ4OCs_UzSOjxELo7e2j6AHGL-fZWN6I__mD6M	s1_YK2w_uTc6uXSZ0Qya82jyLWj4RPFi-Bklgd9pEf6KIA	1unP9_	qadv-arbiter-7x7-rust-lambda-v0.1.0	-	qadv-arbiter-7x7-rust-lambda-v0.1.0	-	L	P	196
g1_lx0QnsQ4OCs_UzSOjxELo7e2j6AHGL-fZWN6I__mD6M	s1_gACG06dM_dgpqp1Adqy-FHCvoLKEYR_PRMB4sw_r7Wo	1unP9_	qadv-arbiter-7x7-rust-lambda-v0.1.0	-	qadv-arbiter-7x7-rust-lambda-v0.1.0	-	L	P	196
g1_lx0QnsQ4OCs_UzSOjxELo7e2j6AHGL-fZWN6I__mD6M	s1_njCqKgGcPm9w9cbn0RBwUEuU_ZZyyYS04GbkQGG-9Ag	1unP9_	qadv-arbiter-7x7-rust-lambda-v0.1.0	-	qadv-arbiter-7x7-rust-lambda-v0.1.0	-	L	P	196
g1_lx7xe_BPVnBAJN9GScezJTULnoiuY7MlLGI_fDAAcEo	s1_1av6nXQkq-GSHXfjkVlGHGpAq8F9UbW4JwZmyFA-vww	1Disw	gnn-generation-8-7x7	sha256:5cf77e6a89157753900dc1136a3f3b89395927393853806ee080f212998003b6	coin-flip-v0.0.1	-	-	M	196
g1_lx7xe_BPVnBAJN9GScezJTULnoiuY7MlLGI_fDAAcEo	s1_Brk0hkuJoH-MBjdd53AO5tlWcOgDWV_R0PO74fHGd_0	1Disw	gnn-generation-8-7x7	sha256:5cf77e6a89157753900dc1136a3f3b89395927393853806ee080f212998003b6	coin-flip-v0.0.1	-	-	M	196
g1_lx7xe_BPVnBAJN9GScezJTULnoiuY7MlLGI_fDAAcEo	s1_gPoZ5rByZErTaB0WLQoU6LVl6WlfprkiDFHagxLzf2Q	1Disw	gnn-generation-8-7x7	sha256:5cf77e6a89157753900dc1136a3f3b89395927393853806ee080f212998003b6	coin-flip-v0.0.1	-	-	M	196
g1_lxKnOpW6G6U5_nvshpYM_DHCRGUDN7VcIZvikP4O4oE	s1_DN-dnL6-ysWyOHTlrTSa1DUB7kORups0iffUQByvuvY	1unMvb	qadv-arbiter-7x7-rust-lambda-v0.1.0	-	qadv-arbiter-7x7-rust-lambda-v0.1.0	-	L	P	196
g1_lxKnOpW6G6U5_nvshpYM_DHCRGUDN7VcIZvikP4O4oE	s1_Fuc6Z0cFB1qGxiAgLKGKBFXitGDRBXG9NsfROFmfwCM	1unMvb	qadv-arbiter-7x7-rust-lambda-v0.1.0	-	qadv-arbiter-7x7-rust-lambda-v0.1.0	-	L	P	196
g1_lxKnOpW6G6U5_nvshpYM_DHCRGUDN7VcIZvikP4O4oE	s1_RauLaTi4eVgYHSp2TV9pqs9uzTVv0B10g9TaHMWpcZ4	1unMvb	qadv-arbiter-7x7-rust-lambda-v0.1.0	-	qadv-arbiter-7x7-rust-lambda-v0.1.0	-	L	P	-
g1_lxKnOpW6G6U5_nvshpYM_DHCRGUDN7VcIZvikP4O4oE	s1_wKs7ngnXc2YERspmggBeWkLhKK6u9dTcV6CNn_ywgwY	1unMvb	qadv-arbiter-7x7-rust-lambda-v0.1.0	-	qadv-arbiter-7x7-rust-lambda-v0.1.0	-	L	P	196
g1_lxM7dpeiUS4nG0nrGTMXW7pEIEKdxEwLT7JPQDnQPT4	s1_4h1OPx0QipNznScuFveXNUZFZF8DolEn1AOU5G2MjGU	1unOgJ	qadv-arbiter-7x7-rust-lambda-v0.1.0	-	qadv-arbiter-7x7-rust-lambda-v0.1.0	-	L	P	196
g1_lxM7dpeiUS4nG0nrGTMXW7pEIEKdxEwLT7JPQDnQPT4	s1_RauLaTi4eVgYHSp2TV9pqs9uzTVv0B10g9TaHMWpcZ4	1unOgJ	qadv-arbiter-7x7-rust-lambda-v0.1.0	-	qadv-arbiter-7x7-rust-lambda-v0.1.0	-	L	P	-
g1_lxM7dpeiUS4nG0nrGTMXW7pEIEKdxEwLT7JPQDnQPT4	s1_tdK5_tJMABuiczoLuY7dROZsTGpd6lAIudpYB3KkqDc	1unOgJ	qadv-arbiter-7x7-rust-lambda-v0.1.0	-	qadv-arbiter-7x7-rust-lambda-v0.1.0	-	L	P	196
g1_lxM7dpeiUS4nG0nrGTMXW7pEIEKdxEwLT7JPQDnQPT4	s1_zxvav78DpIcpQBVV9Z5uh1V0kvQJ_5oeMyDyRvldAMo	1unOgJ	qadv-arbiter-7x7-rust-lambda-v0.1.0	-	qadv-arbiter-7x7-rust-lambda-v0.1.0	-	L	P	196
g1_lxTUcw0YRUeJFJKNrAXMSu0Pf8mJWzCG9_tauSnfXY8	s1_RauLaTi4eVgYHSp2TV9pqs9uzTVv0B10g9TaHMWpcZ4	1unLyW	qadv-arbiter-7x7-rust-lambda-v0.1.0	-	qadv-arbiter-7x7-rust-lambda-v0.1.0	-	D	P	-
g1_lxTUcw0YRUeJFJKNrAXMSu0Pf8mJWzCG9_tauSnfXY8	s1_S7_vrSIjehI1dBLFevDwll4e88LBWwtguwsy_6CXNKI	1unLyW	qadv-arbiter-7x7-rust-lambda-v0.1.0	-	qadv-arbiter-7x7-rust-lambda-v0.1.0	-	D	P	196
g1_lxTUcw0YRUeJFJKNrAXMSu0Pf8mJWzCG9_tauSnfXY8	s1_ZHrtOV-QQJjoXQiDqGSFJafemL48ibOkHGuqNvImGOg	1unLyW	qadv-arbiter-7x7-rust-lambda-v0.1.0	-	qadv-arbiter-7x7-rust-lambda-v0.1.0	-	D	P	196
g1_lxTUcw0YRUeJFJKNrAXMSu0Pf8mJWzCG9_tauSnfXY8	s1_uc6b2Yuo-ym4SeZefnLzUJ7hX5HsVqBYMPde63ioHVc	1unLyW	qadv-arbiter-7x7-rust-lambda-v0.1.0	-	qadv-arbiter-7x7-rust-lambda-v0.1.0	-	D	P	196
g1_lxWjsWTwJDO-Lggqi64MfUS1e9JH4ZMzTP6CZge7MrE	s1_Qmoz3nLvbLcY_1rcqMtpMJDvTQydhL5cxUNWV6EhpMY	1umwoM	qadv-arbiter-7x7-v0.1.0	sha256:8c548d06307572603b839755cc1e50393285365e10f82bcd90290ca65cd86266	qadv-arbiter-7x7-v0.1.0	sha256:8c548d06307572603b839755cc1e50393285365e10f82bcd90290ca65cd86266	D	P	196
g1_lxX-IDaF5zq92GnCX_Q3E32rwzAw68HXtYu1Gv49b7E	s1_1LB6NAgPOeCp4r8rQw4kUOIXWpEdWysFm5RZjWCQSgc	1umwWF	python-gnn-puct-learner-v0.1.0	sha256:ab0f739cd33d66781faf60e27797c5ccba3c04ba684f8d9e32e9c2754f4e8956	python-gnn-puct-learner-v0.1.0	sha256:ab0f739cd33d66781faf60e27797c5ccba3c04ba684f8d9e32e9c2754f4e8956	L	P	196
g1_lxX-IDaF5zq92GnCX_Q3E32rwzAw68HXtYu1Gv49b7E	s1_P4NHYhwuVnEA-dG2X-UVeVotb84A5mwljbYTlTMqr8w	1umwWF	python-gnn-puct-learner-v0.1.0	sha256:ab0f739cd33d66781faf60e27797c5ccba3c04ba684f8d9e32e9c2754f4e8956	python-gnn-puct-learner-v0.1.0	sha256:ab0f739cd33d66781faf60e27797c5ccba3c04ba684f8d9e32e9c2754f4e8956	L	P	196
g1_lxaA7oI-_vQVaYlQcpzsWPkLagSnh7vOT9kbARhATQw	s1_DqtdC7r6vJd33FJIt3XnJCM2Frn7EC90hJmlidKJ8ow	1unO_z	qadv-arbiter-7x7-rust-lambda-v0.1.0	-	qadv-arbiter-7x7-rust-lambda-v0.1.0	-	D	P	196
g1_lxaA7oI-_vQVaYlQcpzsWPkLagSnh7vOT9kbARhATQw	s1_HC9h4N-0JI4WSMBcF2McqPWewt1QZ9_4sBMPXb104XU	1unO_z	qadv-arbiter-7x7-rust-lambda-v0.1.0	-	qadv-arbiter-7x7-rust-lambda-v0.1.0	-	D	P	196
g1_lxaA7oI-_vQVaYlQcpzsWPkLagSnh7vOT9kbARhATQw	s1_RauLaTi4eVgYHSp2TV9pqs9uzTVv0B10g9TaHMWpcZ4	1unO_z	qadv-arbiter-7x7-rust-lambda-v0.1.0	-	qadv-arbiter-7x7-rust-lambda-v0.1.0	-	D	P	-
g1_lxaA7oI-_vQVaYlQcpzsWPkLagSnh7vOT9kbARhATQw	s1_ndJYenHSO_VDjIOVqunsvAxfMFdeukC3VbIuhmtdoBU	1unO_z	qadv-arbiter-7x7-rust-lambda-v0.1.0	-	qadv-arbiter-7x7-rust-lambda-v0.1.0	-	D	P	196
g1_lxayNHtURdIbiiDyNX8YqvbmeYQq1HuPc1OUYmSq9eE	s1_1av6nXQkq-GSHXfjkVlGHGpAq8F9UbW4JwZmyFA-vww	1umv3R	pathfinder-v0.3.0	-	gnn-warmstart-7x7	sha256:e000d50619c0241c30efdd1f5adb7a8b738c66859d33c3443c52a20f56fcc13a	L	P	196
g1_lxayNHtURdIbiiDyNX8YqvbmeYQq1HuPc1OUYmSq9eE	s1_Brk0hkuJoH-MBjdd53AO5tlWcOgDWV_R0PO74fHGd_0	1umv3R	pathfinder-v0.3.0	-	gnn-warmstart-7x7	sha256:e000d50619c0241c30efdd1f5adb7a8b738c66859d33c3443c52a20f56fcc13a	L	P	196
g1_lxayNHtURdIbiiDyNX8YqvbmeYQq1HuPc1OUYmSq9eE	s1_pz791mBLK9gCxlmvM7C8kcD10pikcBIN4FZ0Kf_TgTs	1umv35	pathfinder-v0.3.0	-	gnn-warmstart-7x7	sha256:e000d50619c0241c30efdd1f5adb7a8b738c66859d33c3443c52a20f56fcc13a	L	P	196
g1_lxayNHtURdIbiiDyNX8YqvbmeYQq1HuPc1OUYmSq9eE	s1_pz791mBLK9gCxlmvM7C8kcD10pikcBIN4FZ0Kf_TgTs	1umv37	pathfinder-v0.3.0	-	gnn-warmstart-7x7	sha256:e000d50619c0241c30efdd1f5adb7a8b738c66859d33c3443c52a20f56fcc13a	L	P	196
g1_lxayNHtURdIbiiDyNX8YqvbmeYQq1HuPc1OUYmSq9eE	s1_pz791mBLK9gCxlmvM7C8kcD10pikcBIN4FZ0Kf_TgTs	1umv39	pathfinder-v0.3.0	-	gnn-warmstart-7x7	sha256:e000d50619c0241c30efdd1f5adb7a8b738c66859d33c3443c52a20f56fcc13a	L	P	196
g1_lxayNHtURdIbiiDyNX8YqvbmeYQq1HuPc1OUYmSq9eE	s1_pz791mBLK9gCxlmvM7C8kcD10pikcBIN4FZ0Kf_TgTs	1umv3B	pathfinder-v0.3.0	-	gnn-warmstart-7x7	sha256:e000d50619c0241c30efdd1f5adb7a8b738c66859d33c3443c52a20f56fcc13a	L	P	196
g1_lxayNHtURdIbiiDyNX8YqvbmeYQq1HuPc1OUYmSq9eE	s1_pz791mBLK9gCxlmvM7C8kcD10pikcBIN4FZ0Kf_TgTs	1umv3D	pathfinder-v0.3.0	-	gnn-warmstart-7x7	sha256:e000d50619c0241c30efdd1f5adb7a8b738c66859d33c3443c52a20f56fcc13a	L	P	196
g1_lxayNHtURdIbiiDyNX8YqvbmeYQq1HuPc1OUYmSq9eE	s1_pz791mBLK9gCxlmvM7C8kcD10pikcBIN4FZ0Kf_TgTs	1umv3F	pathfinder-v0.3.0	-	gnn-warmstart-7x7	sha256:e000d50619c0241c30efdd1f5adb7a8b738c66859d33c3443c52a20f56fcc13a	L	P	196
g1_lxayNHtURdIbiiDyNX8YqvbmeYQq1HuPc1OUYmSq9eE	s1_pz791mBLK9gCxlmvM7C8kcD10pikcBIN4FZ0Kf_TgTs	1umv3H	pathfinder-v0.3.0	-	gnn-warmstart-7x7	sha256:e000d50619c0241c30efdd1f5adb7a8b738c66859d33c3443c52a20f56fcc13a	L	P	196
g1_lxayNHtURdIbiiDyNX8YqvbmeYQq1HuPc1OUYmSq9eE	s1_pz791mBLK9gCxlmvM7C8kcD10pikcBIN4FZ0Kf_TgTs	1umv3J	pathfinder-v0.3.0	-	gnn-warmstart-7x7	sha256:e000d50619c0241c30efdd1f5adb7a8b738c66859d33c3443c52a20f56fcc13a	L	P	196
g1_lxayNHtURdIbiiDyNX8YqvbmeYQq1HuPc1OUYmSq9eE	s1_pz791mBLK9gCxlmvM7C8kcD10pikcBIN4FZ0Kf_TgTs	1umv3L	pathfinder-v0.3.0	-	gnn-warmstart-7x7	sha256:e000d50619c0241c30efdd1f5adb7a8b738c66859d33c3443c52a20f56fcc13a	L	P	196
g1_lxayNHtURdIbiiDyNX8YqvbmeYQq1HuPc1OUYmSq9eE	s1_pz791mBLK9gCxlmvM7C8kcD10pikcBIN4FZ0Kf_TgTs	1umv3N	pathfinder-v0.3.0	-	gnn-warmstart-7x7	sha256:e000d50619c0241c30efdd1f5adb7a8b738c66859d33c3443c52a20f56fcc13a	L	P	196
g1_lxayNHtURdIbiiDyNX8YqvbmeYQq1HuPc1OUYmSq9eE	s1_pz791mBLK9gCxlmvM7C8kcD10pikcBIN4FZ0Kf_TgTs	1umv3P	pathfinder-v0.3.0	-	gnn-warmstart-7x7	sha256:e000d50619c0241c30efdd1f5adb7a8b738c66859d33c3443c52a20f56fcc13a	L	P	196
g1_lxayNHtURdIbiiDyNX8YqvbmeYQq1HuPc1OUYmSq9eE	s1_pz791mBLK9gCxlmvM7C8kcD10pikcBIN4FZ0Kf_TgTs	1umv3R	pathfinder-v0.3.0	-	gnn-warmstart-7x7	sha256:e000d50619c0241c30efdd1f5adb7a8b738c66859d33c3443c52a20f56fcc13a	L	P	196
g1_lxhPIND_pztNsSzwXlOy2vqlelxbdz7YRH3XZ1RpzQo	s1_8w5fPDyZ_KanCEkd-kFlzjCDFTug7qk7cRrJIbJhbqI	1unNV4	qadv-arbiter-7x7-rust-lambda-v0.1.0	-	qadv-arbiter-7x7-rust-lambda-v0.1.0	-	L	P	196
g1_lxhPIND_pztNsSzwXlOy2vqlelxbdz7YRH3XZ1RpzQo	s1_QR-R4SYWFJsRcCyiWM5zg6yO8VKmlnI3A9pUTQnNHn0	1unNV4	qadv-arbiter-7x7-rust-lambda-v0.1.0	-	qadv-arbiter-7x7-rust-lambda-v0.1.0	-	L	P	196
g1_lxhPIND_pztNsSzwXlOy2vqlelxbdz7YRH3XZ1RpzQo	s1_RauLaTi4eVgYHSp2TV9pqs9uzTVv0B10g9TaHMWpcZ4	1unNV4	qadv-arbiter-7x7-rust-lambda-v0.1.0	-	qadv-arbiter-7x7-rust-lambda-v0.1.0	-	L	P	-
g1_lxhPIND_pztNsSzwXlOy2vqlelxbdz7YRH3XZ1RpzQo	s1_usrf1w7Y9NIot4hL7bf4j71layfkTY6RI0YOcgycJ2s	1unNV4	qadv-arbiter-7x7-rust-lambda-v0.1.0	-	qadv-arbiter-7x7-rust-lambda-v0.1.0	-	L	P	196
g1_lxi5yXupWx1fhDPZR0X_PkhOq9qnJv8D_9LXgFIS0_I	s1_-OKlJXuPFfAnukwGYITjiU7XKL4OC_qt76PC0TZSPjg	1umvZb	python-cnn-puct-v0.1.0	sha256:7845e9b7687beee165dc36b8d21833b7a8b5a83e31b58b49bd05c277ba26e642	python-cnn-puct-v0.1.0	sha256:7845e9b7687beee165dc36b8d21833b7a8b5a83e31b58b49bd05c277ba26e642	-	M	196
g1_lxi5yXupWx1fhDPZR0X_PkhOq9qnJv8D_9LXgFIS0_I	s1_1av6nXQkq-GSHXfjkVlGHGpAq8F9UbW4JwZmyFA-vww	1umvZb	python-cnn-puct-v0.1.0	sha256:7845e9b7687beee165dc36b8d21833b7a8b5a83e31b58b49bd05c277ba26e642	python-cnn-puct-v0.1.0	sha256:7845e9b7687beee165dc36b8d21833b7a8b5a83e31b58b49bd05c277ba26e642	-	M	196
g1_lxi5yXupWx1fhDPZR0X_PkhOq9qnJv8D_9LXgFIS0_I	s1_Brk0hkuJoH-MBjdd53AO5tlWcOgDWV_R0PO74fHGd_0	1umvZb	python-cnn-puct-v0.1.0	sha256:7845e9b7687beee165dc36b8d21833b7a8b5a83e31b58b49bd05c277ba26e642	python-cnn-puct-v0.1.0	sha256:7845e9b7687beee165dc36b8d21833b7a8b5a83e31b58b49bd05c277ba26e642	-	M	196
g1_lxxoxvmsMupyWxBjnBcHVEvkYjVe5lvz32tFVxlFw60	s1_6PxtazPxkizz7K9QTWPSCIopEV5n0zpHoq3F52yO_6U	1umwjM	python-cnn-puct-v0.1.0	sha256:7845e9b7687beee165dc36b8d21833b7a8b5a83e31b58b49bd05c277ba26e642	python-cnn-puct-v0.1.0	sha256:7845e9b7687beee165dc36b8d21833b7a8b5a83e31b58b49bd05c277ba26e642	L	P	196
g1_lxxoxvmsMupyWxBjnBcHVEvkYjVe5lvz32tFVxlFw60	s1_baRgKA_wMXdl0r4AwdkUfhWC04qxd1MvEGXAQaDd4fo	1umwjM	python-cnn-puct-v0.1.0	sha256:7845e9b7687beee165dc36b8d21833b7a8b5a83e31b58b49bd05c277ba26e642	python-cnn-puct-v0.1.0	sha256:7845e9b7687beee165dc36b8d21833b7a8b5a83e31b58b49bd05c277ba26e642	L	P	196
g1_lxz5YouWO_jIQFsw5b7WtQ1guQgaqLiI_a3oezEo9yk	s1_7FIu85-v_e-kbNsQ2UNk3yRt-KGcLyUjpmVwIc9cnfM	1umwF_	python-gnn-puct-scout-v0.1.0	sha256:b9f80706cc1f29076ee06fe06483697c749148a808c599579045d00a52573938	python-gnn-puct-scout-v0.1.0	sha256:b9f80706cc1f29076ee06fe06483697c749148a808c599579045d00a52573938	D	P	196
g1_lxz5YouWO_jIQFsw5b7WtQ1guQgaqLiI_a3oezEo9yk	s1_S8AGNBNcWBvWiwIo-AOAHPoHuZo2XvcsYvhgQxGTkrY	1umwF_	python-gnn-puct-scout-v0.1.0	sha256:b9f80706cc1f29076ee06fe06483697c749148a808c599579045d00a52573938	python-gnn-puct-scout-v0.1.0	sha256:b9f80706cc1f29076ee06fe06483697c749148a808c599579045d00a52573938	D	P	196
g1_ly0JAwMgX6nXt3KWBj__HT_wYTdLbJ2TCSL_MYe0000	s1_RauLaTi4eVgYHSp2TV9pqs9uzTVv0B10g9TaHMWpcZ4	1unP3O	qadv-arbiter-7x7-rust-lambda-v0.1.0	-	qadv-arbiter-7x7-rust-lambda-v0.1.0	-	D	P	-
g1_ly0JAwMgX6nXt3KWBj__HT_wYTdLbJ2TCSL_MYe0000	s1_TzMgPTHHR0QmrrtHBAEhKy6u4zFLQLy6j8KxcJTIJsU	1unP3O	qadv-arbiter-7x7-rust-lambda-v0.1.0	-	qadv-arbiter-7x7-rust-lambda-v0.1.0	-	D	P	196
g1_ly0JAwMgX6nXt3KWBj__HT_wYTdLbJ2TCSL_MYe0000	s1__LzvsPH3Nm5Al7EuRZLLFKxae2cSox-wBvIUTlKhVL0	1unP3O	qadv-arbiter-7x7-rust-lambda-v0.1.0	-	qadv-arbiter-7x7-rust-lambda-v0.1.0	-	D	P	196
g1_ly0JAwMgX6nXt3KWBj__HT_wYTdLbJ2TCSL_MYe0000	s1_u3Oaj6Rg6hES7J9aBikEJBOOdWfXyK5DQy7GiS_nHqU	1unP3O	qadv-arbiter-7x7-rust-lambda-v0.1.0	-	qadv-arbiter-7x7-rust-lambda-v0.1.0	-	D	P	196
g1_ly7UR46eYp9OJbsRZvw_iOTNBGqE-UOh5GffXQkwTYc	s1_Q2StTWp4MVghv4bl6LFo3LK6UlOq51jqXcV6WSugZj4	1unMdh	qadv-arbiter-7x7-rust-lambda-v0.1.0	-	qadv-arbiter-7x7-rust-lambda-v0.1.0	-	L	P	196
g1_ly7UR46eYp9OJbsRZvw_iOTNBGqE-UOh5GffXQkwTYc	s1_RauLaTi4eVgYHSp2TV9pqs9uzTVv0B10g9TaHMWpcZ4	1unMdh	qadv-arbiter-7x7-rust-lambda-v0.1.0	-	qadv-arbiter-7x7-rust-lambda-v0.1.0	-	L	P	-
g1_ly7UR46eYp9OJbsRZvw_iOTNBGqE-UOh5GffXQkwTYc	s1__UVtHe1XQDI-ZGlhj4bsYn9OWhRMvhAonhjvqQm5CJc	1unMdh	qadv-arbiter-7x7-rust-lambda-v0.1.0	-	qadv-arbiter-7x7-rust-lambda-v0.1.0	-	L	P	196
g1_ly7UR46eYp9OJbsRZvw_iOTNBGqE-UOh5GffXQkwTYc	s1_veMA06w13Yv0RRixu2N1nP1bbip5eoX8KYrv5aLRN6M	1unMdh	qadv-arbiter-7x7-rust-lambda-v0.1.0	-	qadv-arbiter-7x7-rust-lambda-v0.1.0	-	L	P	196
g1_ly8lMC1qGzHjNIKeoe2Pc0tb-V0H99td_BJ9YwE4bzA	s1_1av6nXQkq-GSHXfjkVlGHGpAq8F9UbW4JwZmyFA-vww	1DIjM	rust-pathfinder-v0.1.0	-	lunatic-v0.1.0	-	L	P	-
g1_ly8lMC1qGzHjNIKeoe2Pc0tb-V0H99td_BJ9YwE4bzA	s1_9Eroywf7tuDrn-hcfZPjlEa1DSRUykCRn9Z11u8ySIo	1DIjM	rust-pathfinder-v0.1.0	-	lunatic-v0.1.0	-	L	P	-
g1_ly8lMC1qGzHjNIKeoe2Pc0tb-V0H99td_BJ9YwE4bzA	s1_Brk0hkuJoH-MBjdd53AO5tlWcOgDWV_R0PO74fHGd_0	1DIjM	rust-pathfinder-v0.1.0	-	lunatic-v0.1.0	-	L	P	-
g1_ly8lMC1qGzHjNIKeoe2Pc0tb-V0H99td_BJ9YwE4bzA	s1_KmF8KhDbubz6lwdS8R_n_yTGdSONmH9B1wUABbyCj94	1DIjM	rust-pathfinder-v0.1.0	-	lunatic-v0.1.0	-	L	P	-
g1_ly8lMC1qGzHjNIKeoe2Pc0tb-V0H99td_BJ9YwE4bzA	s1_MKrI0a3Qd48rU7oZj28GrlQ3cHhIbUzS5ibiIW9aKy4	1DIjM	rust-pathfinder-v0.1.0	-	lunatic-v0.1.0	-	L	P	-
g1_ly8lMC1qGzHjNIKeoe2Pc0tb-V0H99td_BJ9YwE4bzA	s1_XloMUS0hxYEXf762lcPfaudsLmsH-CsOVZNVVU_obcA	1DIjM	rust-pathfinder-v0.1.0	-	lunatic-v0.1.0	-	L	P	-
g1_ly8lMC1qGzHjNIKeoe2Pc0tb-V0H99td_BJ9YwE4bzA	s1_g5pGkHBMEhzAYvwFY0b24sSc7wC9JfnWApMHHZ_aMPI	1DIjM	rust-pathfinder-v0.1.0	-	lunatic-v0.1.0	-	L	P	-
g1_ly9HVIIl1n6Wa7pHQlMlt5MQyC7LcOsM4cSWMgCc5e8	s1_IyVRIC9GW1RWyov62JAKu4i2lcErl8gr0foNbuS4LZc	1unOvT	qadv-arbiter-7x7-rust-lambda-v0.1.0	-	qadv-arbiter-7x7-rust-lambda-v0.1.0	-	D	P	196
g1_ly9HVIIl1n6Wa7pHQlMlt5MQyC7LcOsM4cSWMgCc5e8	s1_NrHvwEIzDTK6WbysNQARjgkxAn2J9rwUMjhbfSVu_NQ	1unOvT	qadv-arbiter-7x7-rust-lambda-v0.1.0	-	qadv-arbiter-7x7-rust-lambda-v0.1.0	-	D	P	196
g1_ly9HVIIl1n6Wa7pHQlMlt5MQyC7LcOsM4cSWMgCc5e8	s1_RauLaTi4eVgYHSp2TV9pqs9uzTVv0B10g9TaHMWpcZ4	1unOvT	qadv-arbiter-7x7-rust-lambda-v0.1.0	-	qadv-arbiter-7x7-rust-lambda-v0.1.0	-	D	P	-
g1_ly9HVIIl1n6Wa7pHQlMlt5MQyC7LcOsM4cSWMgCc5e8	s1_qJkm5FZC2wDd-ZavSO6Km1Hjh5bofrDG9P6fmmKENng	1unOvT	qadv-arbiter-7x7-rust-lambda-v0.1.0	-	qadv-arbiter-7x7-rust-lambda-v0.1.0	-	D	P	196
g1_lyMOVGf7UEe24Ups4s823qGunjepKRUe0CQYWksPlZ8	s1_1_o5vLcyjAIuhNJRCkRQ_KDvLl7AaPxS8-iK0dCrP64	1unQ2T	qadv-arbiter-7x7-rust-lambda-v0.1.0	-	qadv-arbiter-7x7-rust-lambda-v0.1.0	-	D	P	196
g1_lyMOVGf7UEe24Ups4s823qGunjepKRUe0CQYWksPlZ8	s1_914QRJz_p6eivj0PkhsvGLeIJgohuwC_DP_kawV4zE4	1unQ2T	qadv-arbiter-7x7-rust-lambda-v0.1.0	-	qadv-arbiter-7x7-rust-lambda-v0.1.0	-	D	P	196
g1_lyMOVGf7UEe24Ups4s823qGunjepKRUe0CQYWksPlZ8	s1_wdS0ShIzVaUJL0WkUF9T9CS9qvE039aae0fnlIAbv9Y	1unQ2T	qadv-arbiter-7x7-rust-lambda-v0.1.0	-	qadv-arbiter-7x7-rust-lambda-v0.1.0	-	D	P	196
g1_lyO8k6uw6-ppGk63bXOG2zVttc23FOVNC9--dotc32s	s1_1av6nXQkq-GSHXfjkVlGHGpAq8F9UbW4JwZmyFA-vww	1DIil	python-gnn-puct-v0.1.0	sha256:6f9ad6e4a0993da3cf34a8549e86f9b5d512c51e11bfa76dfe051e7a8801bdac	python-gnn-puct-v0.1.0	sha256:6f9ad6e4a0993da3cf34a8549e86f9b5d512c51e11bfa76dfe051e7a8801bdac	D	P	196
g1_lyO8k6uw6-ppGk63bXOG2zVttc23FOVNC9--dotc32s	s1_Brk0hkuJoH-MBjdd53AO5tlWcOgDWV_R0PO74fHGd_0	1DIil	python-gnn-puct-v0.1.0	sha256:6f9ad6e4a0993da3cf34a8549e86f9b5d512c51e11bfa76dfe051e7a8801bdac	python-gnn-puct-v0.1.0	sha256:6f9ad6e4a0993da3cf34a8549e86f9b5d512c51e11bfa76dfe051e7a8801bdac	D	P	196
g1_lyO8k6uw6-ppGk63bXOG2zVttc23FOVNC9--dotc32s	s1_KmF8KhDbubz6lwdS8R_n_yTGdSONmH9B1wUABbyCj94	1DIil	python-gnn-puct-v0.1.0	sha256:6f9ad6e4a0993da3cf34a8549e86f9b5d512c51e11bfa76dfe051e7a8801bdac	python-gnn-puct-v0.1.0	sha256:6f9ad6e4a0993da3cf34a8549e86f9b5d512c51e11bfa76dfe051e7a8801bdac	D	P	196
g1_lyO8k6uw6-ppGk63bXOG2zVttc23FOVNC9--dotc32s	s1_g5pGkHBMEhzAYvwFY0b24sSc7wC9JfnWApMHHZ_aMPI	1DIil	python-gnn-puct-v0.1.0	sha256:6f9ad6e4a0993da3cf34a8549e86f9b5d512c51e11bfa76dfe051e7a8801bdac	python-gnn-puct-v0.1.0	sha256:6f9ad6e4a0993da3cf34a8549e86f9b5d512c51e11bfa76dfe051e7a8801bdac	D	P	196
g1_lyO8k6uw6-ppGk63bXOG2zVttc23FOVNC9--dotc32s	s1_tol_POp6BcgBLMWq8iDfRBQSAXpESHxFwmcCQYXv0yQ	1DIil	python-gnn-puct-v0.1.0	sha256:6f9ad6e4a0993da3cf34a8549e86f9b5d512c51e11bfa76dfe051e7a8801bdac	python-gnn-puct-v0.1.0	sha256:6f9ad6e4a0993da3cf34a8549e86f9b5d512c51e11bfa76dfe051e7a8801bdac	D	P	196
g1_lyRcfV9wb4_3mB332qlqYUHzoQrMjLBPNirDGmkOfmw	s1_LvHpeLyg2ptu3D5OJFPne_KbfBBjUiz1Czy-HDscg28	1unMRR	qadv-arbiter-7x7-rust-lambda-v0.1.0	-	qadv-arbiter-7x7-rust-lambda-v0.1.0	-	D	P	196
g1_lyRcfV9wb4_3mB332qlqYUHzoQrMjLBPNirDGmkOfmw	s1_RauLaTi4eVgYHSp2TV9pqs9uzTVv0B10g9TaHMWpcZ4	1unMRR	qadv-arbiter-7x7-rust-lambda-v0.1.0	-	qadv-arbiter-7x7-rust-lambda-v0.1.0	-	D	P	-
g1_lyRcfV9wb4_3mB332qlqYUHzoQrMjLBPNirDGmkOfmw	s1_TNfw17qurckScU4SlHpF5ZaC9lk8_HNWSIY1emvkwjE	1unMRR	qadv-arbiter-7x7-rust-lambda-v0.1.0	-	qadv-arbiter-7x7-rust-lambda-v0.1.0	-	D	P	196
g1_lyRcfV9wb4_3mB332qlqYUHzoQrMjLBPNirDGmkOfmw	s1_tkfixKbyNFgdsXHxRVw_PobAB2xOfoS3ooxVcPHv_aA	1unMRR	qadv-arbiter-7x7-rust-lambda-v0.1.0	-	qadv-arbiter-7x7-rust-lambda-v0.1.0	-	D	P	196
g1_lyUMW52R_yfztErVEZwP9_ZqOGGexTflR1hc8kP6aOY	s1_qtlitMa-GGx-0y2heoyNRonYXf1Dq5epTexnVe9Iqtw	1umxYi	python-gnn-puct-learner-v0.1.0	sha256:ab0f739cd33d66781faf60e27797c5ccba3c04ba684f8d9e32e9c2754f4e8956	python-gnn-puct-learner-v0.1.0	sha256:ab0f739cd33d66781faf60e27797c5ccba3c04ba684f8d9e32e9c2754f4e8956	D	P	196
g1_lyVr-HGBLuSXWwLx1NvPpei1oXlJ5FRgG-8KtbJ6cdE	s1_DA3cdqTEQVNEndEBbv-epg0enVRt8XTYC-pPpiKwRJA	1unQ1D	qadv-arbiter-7x7-rust-lambda-v0.1.0	-	qadv-arbiter-7x7-rust-lambda-v0.1.0	-	L	P	196
g1_lyVr-HGBLuSXWwLx1NvPpei1oXlJ5FRgG-8KtbJ6cdE	s1_JBujwSO9prak68qdp6bpE810QxA2MpZ4tA2N9ESC3YU	1unQ1D	qadv-arbiter-7x7-rust-lambda-v0.1.0	-	qadv-arbiter-7x7-rust-lambda-v0.1.0	-	L	P	196
g1_lyVr-HGBLuSXWwLx1NvPpei1oXlJ5FRgG-8KtbJ6cdE	s1_kQYMoZfs195xErTRcBzFpxyn3MVe9u1MWF4eEYbzEPs	1unQ1D	qadv-arbiter-7x7-rust-lambda-v0.1.0	-	qadv-arbiter-7x7-rust-lambda-v0.1.0	-	L	P	196
g1_lyhrcuwAX31N8SfmDK5Gspr_J3SWpJ3ZBixe8tZEhGs	s1_7FIu85-v_e-kbNsQ2UNk3yRt-KGcLyUjpmVwIc9cnfM	1umwNK	python-gnn-puct-scout-v0.1.0	sha256:b9f80706cc1f29076ee06fe06483697c749148a808c599579045d00a52573938	python-gnn-puct-scout-v0.1.0	sha256:b9f80706cc1f29076ee06fe06483697c749148a808c599579045d00a52573938	L	P	196
g1_lyhrcuwAX31N8SfmDK5Gspr_J3SWpJ3ZBixe8tZEhGs	s1_S8AGNBNcWBvWiwIo-AOAHPoHuZo2XvcsYvhgQxGTkrY	1umwNK	python-gnn-puct-scout-v0.1.0	sha256:b9f80706cc1f29076ee06fe06483697c749148a808c599579045d00a52573938	python-gnn-puct-scout-v0.1.0	sha256:b9f80706cc1f29076ee06fe06483697c749148a808c599579045d00a52573938	L	P	196
g1_lylTDWCYdN3TrXSqiKbI-Qw95oAsJZdUu5HTOpxYIMs	s1_1av6nXQkq-GSHXfjkVlGHGpAq8F9UbW4JwZmyFA-vww	1umvWl	python-gnn-puct-learner-v0.1.0	sha256:ab0f739cd33d66781faf60e27797c5ccba3c04ba684f8d9e32e9c2754f4e8956	python-gnn-puct-learner-v0.1.0	sha256:ab0f739cd33d66781faf60e27797c5ccba3c04ba684f8d9e32e9c2754f4e8956	L	P	196
g1_lylTDWCYdN3TrXSqiKbI-Qw95oAsJZdUu5HTOpxYIMs	s1_Brk0hkuJoH-MBjdd53AO5tlWcOgDWV_R0PO74fHGd_0	1umvWl	python-gnn-puct-learner-v0.1.0	sha256:ab0f739cd33d66781faf60e27797c5ccba3c04ba684f8d9e32e9c2754f4e8956	python-gnn-puct-learner-v0.1.0	sha256:ab0f739cd33d66781faf60e27797c5ccba3c04ba684f8d9e32e9c2754f4e8956	L	P	196
g1_lylTDWCYdN3TrXSqiKbI-Qw95oAsJZdUu5HTOpxYIMs	s1_QBFUsDtxokERlDOdQkleYbPvhJ-vIp2qmp6DXjS-7oM	1umvWl	python-gnn-puct-learner-v0.1.0	sha256:ab0f739cd33d66781faf60e27797c5ccba3c04ba684f8d9e32e9c2754f4e8956	python-gnn-puct-learner-v0.1.0	sha256:ab0f739cd33d66781faf60e27797c5ccba3c04ba684f8d9e32e9c2754f4e8956	L	P	196
g1_lylUvME42rqHos6I8dMMFTTIG2D361D3myK8Z6O6ozw	s1_RBWoFULhpvSDifl-VC0LykB1VCUS-3rPUTvz9XHDOVU	1unOY8	qadv-arbiter-7x7-rust-lambda-v0.1.0	-	qadv-arbiter-7x7-rust-lambda-v0.1.0	-	D	P	196
g1_lylUvME42rqHos6I8dMMFTTIG2D361D3myK8Z6O6ozw	s1_RauLaTi4eVgYHSp2TV9pqs9uzTVv0B10g9TaHMWpcZ4	1unOY8	qadv-arbiter-7x7-rust-lambda-v0.1.0	-	qadv-arbiter-7x7-rust-lambda-v0.1.0	-	D	P	-
g1_lylUvME42rqHos6I8dMMFTTIG2D361D3myK8Z6O6ozw	s1_RtTCWKr6H-qSfKn4fdpeZIfIuQ9ho3_o-jUcsgPUznM	1unOY8	qadv-arbiter-7x7-rust-lambda-v0.1.0	-	qadv-arbiter-7x7-rust-lambda-v0.1.0	-	D	P	196
g1_lylUvME42rqHos6I8dMMFTTIG2D361D3myK8Z6O6ozw	s1_tGJsI4hf7R6WwNYLXIj2GBvxjCOUlypnXmK4fADxEzI	1unOY8	qadv-arbiter-7x7-rust-lambda-v0.1.0	-	qadv-arbiter-7x7-rust-lambda-v0.1.0	-	D	P	196
g1_lynZPBfncv8TH5BvvZgGv0-uX_QHinbvrVjlaLm8IKA	s1_51wmsH5PFSqDqHM-DEDW-L-wFysEIUmpjFpEgDeRnL4	1unME7	qadv-arbiter-7x7-rust-lambda-v0.1.0	-	qadv-arbiter-7x7-rust-lambda-v0.1.0	-	L	P	196
g1_lynZPBfncv8TH5BvvZgGv0-uX_QHinbvrVjlaLm8IKA	s1_FgFjLSkYJSq5fIERvZZ3cYaOTabFQYoF55yGdHlMigE	1unME7	qadv-arbiter-7x7-rust-lambda-v0.1.0	-	qadv-arbiter-7x7-rust-lambda-v0.1.0	-	L	P	196
g1_lynZPBfncv8TH5BvvZgGv0-uX_QHinbvrVjlaLm8IKA	s1_JeCvpyYJqRGPlYabUIZDH6anFgSuRs9tPk0SraFM78c	1unME7	qadv-arbiter-7x7-rust-lambda-v0.1.0	-	qadv-arbiter-7x7-rust-lambda-v0.1.0	-	L	P	196
g1_lynZPBfncv8TH5BvvZgGv0-uX_QHinbvrVjlaLm8IKA	s1_RauLaTi4eVgYHSp2TV9pqs9uzTVv0B10g9TaHMWpcZ4	1unME7	qadv-arbiter-7x7-rust-lambda-v0.1.0	-	qadv-arbiter-7x7-rust-lambda-v0.1.0	-	L	P	-
g1_lyozp2_Z4Pu6l7FBptDBhE9wxoDesQhmcHun6TTtAl0	s1_Qmoz3nLvbLcY_1rcqMtpMJDvTQydhL5cxUNWV6EhpMY	1umw_5	qadv-arbiter-7x7-v0.1.0	sha256:8c548d06307572603b839755cc1e50393285365e10f82bcd90290ca65cd86266	qadv-arbiter-7x7-v0.1.0	sha256:8c548d06307572603b839755cc1e50393285365e10f82bcd90290ca65cd86266	D	P	196
g1_lyqLDEaRRnAY4Ve5vIXhwunkhRdYVnS90rx5-TyBHaY	s1_Bkki5wiVyGGBgg07W8Ko7w85g4MGx9qCE4h_C1KPCDI	1unMai	qadv-arbiter-7x7-rust-lambda-v0.1.0	-	qadv-arbiter-7x7-rust-lambda-v0.1.0	-	L	P	196
g1_lyqLDEaRRnAY4Ve5vIXhwunkhRdYVnS90rx5-TyBHaY	s1_RauLaTi4eVgYHSp2TV9pqs9uzTVv0B10g9TaHMWpcZ4	1unMai	qadv-arbiter-7x7-rust-lambda-v0.1.0	-	qadv-arbiter-7x7-rust-lambda-v0.1.0	-	L	P	-
g1_lyqLDEaRRnAY4Ve5vIXhwunkhRdYVnS90rx5-TyBHaY	s1_S87yhiNzQSanfq-IGE9yQ6k4xC74FXUpKsibiN9EeAc	1unMai	qadv-arbiter-7x7-rust-lambda-v0.1.0	-	qadv-arbiter-7x7-rust-lambda-v0.1.0	-	L	P	196
g1_lyqLDEaRRnAY4Ve5vIXhwunkhRdYVnS90rx5-TyBHaY	s1_lOuJaBRYSwsJoWvyS7BGYW0rJJkafhJfqFAplMxS3Ps	1unMai	qadv-arbiter-7x7-rust-lambda-v0.1.0	-	qadv-arbiter-7x7-rust-lambda-v0.1.0	-	L	P	196
g1_lyzDDehyc5sOyx34MRzYHzek5hmwvkpVboFf1tdsZMw	s1_9HRmlGo8Fe6MqJvPPDdE-4pgWsftbC3_K4V8tXP2JvQ	1unPN1	qadv-arbiter-7x7-rust-lambda-v0.1.0	-	qadv-arbiter-7x7-rust-lambda-v0.1.0	-	D	P	196
g1_lyzDDehyc5sOyx34MRzYHzek5hmwvkpVboFf1tdsZMw	s1_RauLaTi4eVgYHSp2TV9pqs9uzTVv0B10g9TaHMWpcZ4	1unPN1	qadv-arbiter-7x7-rust-lambda-v0.1.0	-	qadv-arbiter-7x7-rust-lambda-v0.1.0	-	D	P	-
g1_lyzDDehyc5sOyx34MRzYHzek5hmwvkpVboFf1tdsZMw	s1_TDB2drg2mRADhpHBEVQnaFA4n9LX5Hxn55tSPbErRj8	1unPN1	qadv-arbiter-7x7-rust-lambda-v0.1.0	-	qadv-arbiter-7x7-rust-lambda-v0.1.0	-	D	P	196
g1_lyzDDehyc5sOyx34MRzYHzek5hmwvkpVboFf1tdsZMw	s1__NFYrdd7TfDIYRnAFczPHjRRFpFjSJB8W3XwSUClB40	1unPN1	qadv-arbiter-7x7-rust-lambda-v0.1.0	-	qadv-arbiter-7x7-rust-lambda-v0.1.0	-	D	P	196
g1_lz0Gx_a2LnEOtC9ilvqrKPg7tJupFMHsXuhMf5Ms-uU	s1_AyaDg5rQDiQy6Wy31SPUOJvXJnWBQ9W_mEOWJ_dAu_g	1unMr0	qadv-arbiter-7x7-rust-lambda-v0.1.0	-	qadv-arbiter-7x7-rust-lambda-v0.1.0	-	L	P	196
g1_lz0Gx_a2LnEOtC9ilvqrKPg7tJupFMHsXuhMf5Ms-uU	s1_DEu5U-7tAzR-fayKhKTk2uNrjO31GvRdR2Gd2WbVMQs	1unMr0	qadv-arbiter-7x7-rust-lambda-v0.1.0	-	qadv-arbiter-7x7-rust-lambda-v0.1.0	-	L	P	196
g1_lz0Gx_a2LnEOtC9ilvqrKPg7tJupFMHsXuhMf5Ms-uU	s1_RauLaTi4eVgYHSp2TV9pqs9uzTVv0B10g9TaHMWpcZ4	1unMr0	qadv-arbiter-7x7-rust-lambda-v0.1.0	-	qadv-arbiter-7x7-rust-lambda-v0.1.0	-	L	P	-
g1_lz0Gx_a2LnEOtC9ilvqrKPg7tJupFMHsXuhMf5Ms-uU	s1_r7B2-uHXlIvPtPJ1vYhdcjlp6Dk0hkeX6oTmRmgSExU	1unMr0	qadv-arbiter-7x7-rust-lambda-v0.1.0	-	qadv-arbiter-7x7-rust-lambda-v0.1.0	-	L	P	196
g1_lzErk8ZO8CYJu23fU9XXv8vUBBztxmKd80R5y0dkYJo	s1_Qmoz3nLvbLcY_1rcqMtpMJDvTQydhL5cxUNWV6EhpMY	1umwxq	qadv-arbiter-7x7-v0.1.0	sha256:8c548d06307572603b839755cc1e50393285365e10f82bcd90290ca65cd86266	qadv-arbiter-7x7-v0.1.0	sha256:8c548d06307572603b839755cc1e50393285365e10f82bcd90290ca65cd86266	L	P	196
g1_lzLS9z3Rzlm4tS2uQoKJx8jxNXWz2gB1Gp9KKTTq_0Y	s1_7FIu85-v_e-kbNsQ2UNk3yRt-KGcLyUjpmVwIc9cnfM	1umwMM	python-gnn-puct-scout-v0.1.0	sha256:b9f80706cc1f29076ee06fe06483697c749148a808c599579045d00a52573938	python-gnn-puct-scout-v0.1.0	sha256:b9f80706cc1f29076ee06fe06483697c749148a808c599579045d00a52573938	D	P	196
g1_lzLS9z3Rzlm4tS2uQoKJx8jxNXWz2gB1Gp9KKTTq_0Y	s1_S8AGNBNcWBvWiwIo-AOAHPoHuZo2XvcsYvhgQxGTkrY	1umwMM	python-gnn-puct-scout-v0.1.0	sha256:b9f80706cc1f29076ee06fe06483697c749148a808c599579045d00a52573938	python-gnn-puct-scout-v0.1.0	sha256:b9f80706cc1f29076ee06fe06483697c749148a808c599579045d00a52573938	D	P	196
g1_lzM4UGvO3x3wZliAm8BQCOA-gn_XNhhA19T0Bs3bqF8	s1_4S5D_udLnF3PzL_DHOoq5WnV8JK80a5MuVYQVVZfpZU	1unN0k	qadv-arbiter-7x7-rust-lambda-v0.1.0	-	qadv-arbiter-7x7-rust-lambda-v0.1.0	-	D	P	196
g1_lzM4UGvO3x3wZliAm8BQCOA-gn_XNhhA19T0Bs3bqF8	s1_Hy4NNdzORjbx2LI6TvxTm8MwO-Ow_luDwDep65vhQuQ	1unN0k	qadv-arbiter-7x7-rust-lambda-v0.1.0	-	qadv-arbiter-7x7-rust-lambda-v0.1.0	-	D	P	196
g1_lzM4UGvO3x3wZliAm8BQCOA-gn_XNhhA19T0Bs3bqF8	s1_RauLaTi4eVgYHSp2TV9pqs9uzTVv0B10g9TaHMWpcZ4	1unN0k	qadv-arbiter-7x7-rust-lambda-v0.1.0	-	qadv-arbiter-7x7-rust-lambda-v0.1.0	-	D	P	-
g1_lzM4UGvO3x3wZliAm8BQCOA-gn_XNhhA19T0Bs3bqF8	s1_g32s2JZo-9Utaoi2QnEYEIIE-chd6UhIcYcAguasmZM	1unN0k	qadv-arbiter-7x7-rust-lambda-v0.1.0	-	qadv-arbiter-7x7-rust-lambda-v0.1.0	-	D	P	196
g1_lzh2u81swuIegQ8sT8RVQ-i6WUkLovHefN09QE7XG0k	s1_RauLaTi4eVgYHSp2TV9pqs9uzTVv0B10g9TaHMWpcZ4	1unOH0	qadv-arbiter-7x7-rust-lambda-v0.1.0	-	qadv-arbiter-7x7-rust-lambda-v0.1.0	-	D	P	-
g1_lzh2u81swuIegQ8sT8RVQ-i6WUkLovHefN09QE7XG0k	s1_m30Z4Nq_d5rMWfs8vDEbsjbZLMHUifvhsjZHN_J90J8	1unOH0	qadv-arbiter-7x7-rust-lambda-v0.1.0	-	qadv-arbiter-7x7-rust-lambda-v0.1.0	-	D	P	196
g1_lzh2u81swuIegQ8sT8RVQ-i6WUkLovHefN09QE7XG0k	s1_rVwYlfVC-hPNJx5-eE3Gij-MZsVi6mWchILuUghIeLU	1unOH0	qadv-arbiter-7x7-rust-lambda-v0.1.0	-	qadv-arbiter-7x7-rust-lambda-v0.1.0	-	D	P	196
g1_lzh2u81swuIegQ8sT8RVQ-i6WUkLovHefN09QE7XG0k	s1_yksy_NrkzjroHYFwXeFGuVkpuL3u6X42xZdWzV3nW7A	1unOH0	qadv-arbiter-7x7-rust-lambda-v0.1.0	-	qadv-arbiter-7x7-rust-lambda-v0.1.0	-	D	P	196
g1_lzuUNdUItPpen83F7odEXOjUaIzvcBjVYcHmQdaUdik	s1_1av6nXQkq-GSHXfjkVlGHGpAq8F9UbW4JwZmyFA-vww	1DIVe	rust-pathfinder-v0.1.0	-	lunatic-v0.1.0	-	L	P	-
g1_lzuUNdUItPpen83F7odEXOjUaIzvcBjVYcHmQdaUdik	s1_9Eroywf7tuDrn-hcfZPjlEa1DSRUykCRn9Z11u8ySIo	1DIVe	rust-pathfinder-v0.1.0	-	lunatic-v0.1.0	-	L	P	-
g1_lzuUNdUItPpen83F7odEXOjUaIzvcBjVYcHmQdaUdik	s1_Brk0hkuJoH-MBjdd53AO5tlWcOgDWV_R0PO74fHGd_0	1DIVe	rust-pathfinder-v0.1.0	-	lunatic-v0.1.0	-	L	P	-
g1_lzuUNdUItPpen83F7odEXOjUaIzvcBjVYcHmQdaUdik	s1_KmF8KhDbubz6lwdS8R_n_yTGdSONmH9B1wUABbyCj94	1DIVe	rust-pathfinder-v0.1.0	-	lunatic-v0.1.0	-	L	P	-
g1_lzuUNdUItPpen83F7odEXOjUaIzvcBjVYcHmQdaUdik	s1_MKrI0a3Qd48rU7oZj28GrlQ3cHhIbUzS5ibiIW9aKy4	1DIVe	rust-pathfinder-v0.1.0	-	lunatic-v0.1.0	-	L	P	-
g1_lzuUNdUItPpen83F7odEXOjUaIzvcBjVYcHmQdaUdik	s1_XloMUS0hxYEXf762lcPfaudsLmsH-CsOVZNVVU_obcA	1DIVe	rust-pathfinder-v0.1.0	-	lunatic-v0.1.0	-	L	P	-
g1_lzuUNdUItPpen83F7odEXOjUaIzvcBjVYcHmQdaUdik	s1_g5pGkHBMEhzAYvwFY0b24sSc7wC9JfnWApMHHZ_aMPI	1DIVe	rust-pathfinder-v0.1.0	-	lunatic-v0.1.0	-	L	P	-
