# g1-key	source	seed64	light	light-model	dark	dark-model	winner	reason	max-plies
g1_B-19GakPY07fOZpnvZ-9L6IAXdCgjVKOZc1C81lh-L0	s1_4osjQv4Hr53Fsnck3zD0F3h3gEOmtevUIvRn70J_55Q	1unP6e	qadv-arbiter-7x7-rust-lambda-v0.1.0	-	qadv-arbiter-7x7-rust-lambda-v0.1.0	-	L	P	196
g1_B-19GakPY07fOZpnvZ-9L6IAXdCgjVKOZc1C81lh-L0	s1_JUO4mR-atxgBh9P08yBsy9qZpjlkoae1MKRv4CMsJ7Y	1unP6e	qadv-arbiter-7x7-rust-lambda-v0.1.0	-	qadv-arbiter-7x7-rust-lambda-v0.1.0	-	L	P	196
g1_B-19GakPY07fOZpnvZ-9L6IAXdCgjVKOZc1C81lh-L0	s1_RauLaTi4eVgYHSp2TV9pqs9uzTVv0B10g9TaHMWpcZ4	1unP6e	qadv-arbiter-7x7-rust-lambda-v0.1.0	-	qadv-arbiter-7x7-rust-lambda-v0.1.0	-	L	P	-
g1_B-19GakPY07fOZpnvZ-9L6IAXdCgjVKOZc1C81lh-L0	s1_upWtgr7OAoeGnKXfYrOQwy7pgn91FT3GW2gZqrCpim8	1unP6e	qadv-arbiter-7x7-rust-lambda-v0.1.0	-	qadv-arbiter-7x7-rust-lambda-v0.1.0	-	L	P	196
g1_B-2fp4w367kYHsi-qOnyWUacM7U2ONI9uNwU_tkRwlM	s1_-OKlJXuPFfAnukwGYITjiU7XKL4OC_qt76PC0TZSPjg	1umviH	python-cnn-puct-v0.1.0	sha256:7845e9b7687beee165dc36b8d21833b7a8b5a83e31b58b49bd05c277ba26e642	python-cnn-puct-v0.1.0	sha256:7845e9b7687beee165dc36b8d21833b7a8b5a83e31b58b49bd05c277ba26e642	L	P	196
g1_B-2fp4w367kYHsi-qOnyWUacM7U2ONI9uNwU_tkRwlM	s1_1av6nXQkq-GSHXfjkVlGHGpAq8F9UbW4JwZmyFA-vww	1umviH	python-cnn-puct-v0.1.0	sha256:7845e9b7687beee165dc36b8d21833b7a8b5a83e31b58b49bd05c277ba26e642	python-cnn-puct-v0.1.0	sha256:7845e9b7687beee165dc36b8d21833b7a8b5a83e31b58b49bd05c277ba26e642	L	P	196
g1_B-2fp4w367kYHsi-qOnyWUacM7U2ONI9uNwU_tkRwlM	s1_Brk0hkuJoH-MBjdd53AO5tlWcOgDWV_R0PO74fHGd_0	1umviH	python-cnn-puct-v0.1.0	sha256:7845e9b7687beee165dc36b8d21833b7a8b5a83e31b58b49bd05c277ba26e642	python-cnn-puct-v0.1.0	sha256:7845e9b7687beee165dc36b8d21833b7a8b5a83e31b58b49bd05c277ba26e642	L	P	196
g1_B-4_TemhakgHkIjwSywDhBSrdkUdWZdV7mN37PwQwPk	s1_-UIoS6Lu_TEHqcJ7ht3hnxRi1-o9tUHLdpv3PXNs3YY	1unO-w	qadv-arbiter-7x7-rust-lambda-v0.1.0	-	qadv-arbiter-7x7-rust-lambda-v0.1.0	-	D	P	196
g1_B-4_TemhakgHkIjwSywDhBSrdkUdWZdV7mN37PwQwPk	s1_H5tTw4NkA8WtAXbLQgq0l-9EuNr6nOhNKbJtkWLcZdA	1unO-w	qadv-arbiter-7x7-rust-lambda-v0.1.0	-	qadv-arbiter-7x7-rust-lambda-v0.1.0	-	D	P	196
g1_B-4_TemhakgHkIjwSywDhBSrdkUdWZdV7mN37PwQwPk	s1_RauLaTi4eVgYHSp2TV9pqs9uzTVv0B10g9TaHMWpcZ4	1unO-w	qadv-arbiter-7x7-rust-lambda-v0.1.0	-	qadv-arbiter-7x7-rust-lambda-v0.1.0	-	D	P	-
g1_B-4_TemhakgHkIjwSywDhBSrdkUdWZdV7mN37PwQwPk	s1_YhsBRcfsurkzGlQPLsZap0zGYVBliIYwuArUm_jwa5o	1unO-w	qadv-arbiter-7x7-rust-lambda-v0.1.0	-	qadv-arbiter-7x7-rust-lambda-v0.1.0	-	D	P	196
g1_B-AAhH2Q4k96m7ktTg7uQ3k7g7qkB0z1gWDiOemFCHI	s1_RauLaTi4eVgYHSp2TV9pqs9uzTVv0B10g9TaHMWpcZ4	1unMYc	qadv-arbiter-7x7-rust-lambda-v0.1.0	-	qadv-arbiter-7x7-rust-lambda-v0.1.0	-	L	P	-
g1_B-AAhH2Q4k96m7ktTg7uQ3k7g7qkB0z1gWDiOemFCHI	s1_S87yhiNzQSanfq-IGE9yQ6k4xC74FXUpKsibiN9EeAc	1unMYc	qadv-arbiter-7x7-rust-lambda-v0.1.0	-	qadv-arbiter-7x7-rust-lambda-v0.1.0	-	L	P	196
g1_B-AAhH2Q4k96m7ktTg7uQ3k7g7qkB0z1gWDiOemFCHI	s1_gtbrWeM23ai-KGcJyo3oSu2McaWd97Y2Yib02VabCdU	1unMYc	qadv-arbiter-7x7-rust-lambda-v0.1.0	-	qadv-arbiter-7x7-rust-lambda-v0.1.0	-	L	P	196
g1_B-AAhH2Q4k96m7ktTg7uQ3k7g7qkB0z1gWDiOemFCHI	s1_lOuJaBRYSwsJoWvyS7BGYW0rJJkafhJfqFAplMxS3Ps	1unMYc	qadv-arbiter-7x7-rust-lambda-v0.1.0	-	qadv-arbiter-7x7-rust-lambda-v0.1.0	-	L	P	196
g1_B-GNfVrruLWRYzwSdkjrd2Uks8La4ORiM1RrWj637Xs	s1_CcVqRv-adHLA0uaAMc8pAZrrkDlYqO0ZvO-orgrVEtc	1unOaa	qadv-arbiter-7x7-rust-lambda-v0.1.0	-	qadv-arbiter-7x7-rust-lambda-v0.1.0	-	L	P	196
g1_B-GNfVrruLWRYzwSdkjrd2Uks8La4ORiM1RrWj637Xs	s1_RauLaTi4eVgYHSp2TV9pqs9uzTVv0B10g9TaHMWpcZ4	1unOaa	qadv-arbiter-7x7-rust-lambda-v0.1.0	-	qadv-arbiter-7x7-rust-lambda-v0.1.0	-	L	P	-
g1_B-GNfVrruLWRYzwSdkjrd2Uks8La4ORiM1RrWj637Xs	s1_SSrImKN0U5coXc_vGeTU5TgNFovIKMQfrK7PHHNCfBg	1unOaa	qadv-arbiter-7x7-rust-lambda-v0.1.0	-	qadv-arbiter-7x7-rust-lambda-v0.1.0	-	L	P	196
g1_B-GNfVrruLWRYzwSdkjrd2Uks8La4ORiM1RrWj637Xs	s1_qj2m6PQCg6PcGaT_lnW0U-miN3qPlTkD27QO_5mjzfw	1unOaa	qadv-arbiter-7x7-rust-lambda-v0.1.0	-	qadv-arbiter-7x7-rust-lambda-v0.1.0	-	L	P	196
g1_B-HR9uKgHlUfhMkoRc4dwjbukZHx0UfhwhWSwoixzq0	s1_qtlitMa-GGx-0y2heoyNRonYXf1Dq5epTexnVe9Iqtw	1umxbC	python-gnn-puct-learner-v0.1.0	sha256:ab0f739cd33d66781faf60e27797c5ccba3c04ba684f8d9e32e9c2754f4e8956	python-gnn-puct-learner-v0.1.0	sha256:ab0f739cd33d66781faf60e27797c5ccba3c04ba684f8d9e32e9c2754f4e8956	D	P	196
g1_B-WfrMNeTHBqXKB1dOb6XXm3NIH090k2gj-cxTmvKI4	s1_-XgctrbE4pKb4QO3KcnP3qLWe79epFANIf-gQp-nWoU	1unOgW	qadv-arbiter-7x7-rust-lambda-v0.1.0	-	qadv-arbiter-7x7-rust-lambda-v0.1.0	-	L	P	196
g1_B-WfrMNeTHBqXKB1dOb6XXm3NIH090k2gj-cxTmvKI4	s1_9p9DN7XV75WXOLHhVKnUUAzmNFOoDMJdRBLt0zIG3so	1unOgW	qadv-arbiter-7x7-rust-lambda-v0.1.0	-	qadv-arbiter-7x7-rust-lambda-v0.1.0	-	L	P	196
g1_B-WfrMNeTHBqXKB1dOb6XXm3NIH090k2gj-cxTmvKI4	s1_K0hsuYFdzkLgkEbAXCuD6hyDsaoph2JW8xi0Bi3kKiY	1unOgW	qadv-arbiter-7x7-rust-lambda-v0.1.0	-	qadv-arbiter-7x7-rust-lambda-v0.1.0	-	L	P	196
g1_B-WfrMNeTHBqXKB1dOb6XXm3NIH090k2gj-cxTmvKI4	s1_RauLaTi4eVgYHSp2TV9pqs9uzTVv0B10g9TaHMWpcZ4	1unOgW	qadv-arbiter-7x7-rust-lambda-v0.1.0	-	qadv-arbiter-7x7-rust-lambda-v0.1.0	-	L	P	-
g1_B-aQWo8gJVdq2NwuVGdtTCIZnL8nL7uX5ZXLSlq_-cs	s1_2FtaP75xgRVTNrUvmC0NIesJCNy8IDFJ05WNM4nUnpg	1unR2d	lunatic-v0.1.0	-	qadv-arbiter-7x7-v0.1.0	-	L	P	196
g1_B-aQWo8gJVdq2NwuVGdtTCIZnL8nL7uX5ZXLSlq_-cs	s1_RauLaTi4eVgYHSp2TV9pqs9uzTVv0B10g9TaHMWpcZ4	1unR2d	lunatic-v0.1.0	-	qadv-arbiter-7x7-v0.1.0	-	L	P	-
g1_B-aQWo8gJVdq2NwuVGdtTCIZnL8nL7uX5ZXLSlq_-cs	s1_TRFyrMk9exxbiZw-WMKuBSqyjp8YwVyvUo1nH4xFvhI	1unR2d	lunatic-v0.1.0	-	qadv-arbiter-7x7-v0.1.0	-	L	P	196
g1_B-aQWo8gJVdq2NwuVGdtTCIZnL8nL7uX5ZXLSlq_-cs	s1_jkoE1AydTokODgBZZiGqT1s8KGpaBss7VktCykndM0Q	1unR2d	lunatic-v0.1.0	-	qadv-arbiter-7x7-v0.1.0	-	L	P	196
g1_B-lT1J9zRJH9SFsPlNwgJXtrq_Bh6ju5sNGl4VvdL4I	s1_Hu8qibSuG_Bz1qMaP-PPWB1-DTSYlE5cTEgubBFDMCo	1unM5Y	qadv-arbiter-7x7-rust-lambda-v0.1.0	-	qadv-arbiter-7x7-rust-lambda-v0.1.0	-	D	P	196
g1_B-lT1J9zRJH9SFsPlNwgJXtrq_Bh6ju5sNGl4VvdL4I	s1_RauLaTi4eVgYHSp2TV9pqs9uzTVv0B10g9TaHMWpcZ4	1unM5Y	qadv-arbiter-7x7-rust-lambda-v0.1.0	-	qadv-arbiter-7x7-rust-lambda-v0.1.0	-	D	P	-
g1_B-lT1J9zRJH9SFsPlNwgJXtrq_Bh6ju5sNGl4VvdL4I	s1_UXYD7_dRfIyv0N6Ozn994SJbkzVQZhvaliUS8RkKhtI	1unM5Y	qadv-arbiter-7x7-rust-lambda-v0.1.0	-	qadv-arbiter-7x7-rust-lambda-v0.1.0	-	D	P	196
g1_B-lT1J9zRJH9SFsPlNwgJXtrq_Bh6ju5sNGl4VvdL4I	s1_mVlW7GkZq_sFBDTH9SNgbmWhhvXE5g0Oea_8nLH3_0Q	1unM5Y	qadv-arbiter-7x7-rust-lambda-v0.1.0	-	qadv-arbiter-7x7-rust-lambda-v0.1.0	-	D	P	196
g1_B-sepmB0VGzcqHhCl6VehbHDaHjwWPGWJEz_XvCMbQs	s1_Qmoz3nLvbLcY_1rcqMtpMJDvTQydhL5cxUNWV6EhpMY	1umwsa	qadv-arbiter-7x7-v0.1.0	sha256:8c548d06307572603b839755cc1e50393285365e10f82bcd90290ca65cd86266	qadv-arbiter-7x7-v0.1.0	sha256:8c548d06307572603b839755cc1e50393285365e10f82bcd90290ca65cd86266	L	P	196
g1_B-srZZtIVr39yrlPCmkZlXsiBMEFjTGCLyc-PPyNiYw	s1_CMopaCxF8jQSzTcu9_AIx_FXHUFfD60INzY7Ak1dlr8	1unNRO	qadv-arbiter-7x7-rust-lambda-v0.1.0	-	qadv-arbiter-7x7-rust-lambda-v0.1.0	-	D	P	196
g1_B-srZZtIVr39yrlPCmkZlXsiBMEFjTGCLyc-PPyNiYw	s1_Hxk7NhpnOKoEcEZEl6qag2yH6ceKzgUD2RxgtFgBNbI	1unNRO	qadv-arbiter-7x7-rust-lambda-v0.1.0	-	qadv-arbiter-7x7-rust-lambda-v0.1.0	-	D	P	196
g1_B-srZZtIVr39yrlPCmkZlXsiBMEFjTGCLyc-PPyNiYw	s1_MzoaEQbiQjLL3Ju1pfEfEJJgcMI52PE_cAjBOqNoIEY	1unNRO	qadv-arbiter-7x7-rust-lambda-v0.1.0	-	qadv-arbiter-7x7-rust-lambda-v0.1.0	-	D	P	196
g1_B-srZZtIVr39yrlPCmkZlXsiBMEFjTGCLyc-PPyNiYw	s1_RauLaTi4eVgYHSp2TV9pqs9uzTVv0B10g9TaHMWpcZ4	1unNRO	qadv-arbiter-7x7-rust-lambda-v0.1.0	-	qadv-arbiter-7x7-rust-lambda-v0.1.0	-	D	P	-
g1_B02L3o3Co3sYFC5fLPSUqk_7pKkCIOdYL8eu7i8I_4M	s1_1av6nXQkq-GSHXfjkVlGHGpAq8F9UbW4JwZmyFA-vww	1umxKR	cnn-baseline-7x7	sha256:f4969554372b34d9773382cf5cd8e3f20890ccedfb1e6c685984c6c94fbb6203	gnn-warmstart-7x7	sha256:e000d50619c0241c30efdd1f5adb7a8b738c66859d33c3443c52a20f56fcc13a	D	P	196
g1_B02L3o3Co3sYFC5fLPSUqk_7pKkCIOdYL8eu7i8I_4M	s1_Brk0hkuJoH-MBjdd53AO5tlWcOgDWV_R0PO74fHGd_0	1umxKR	cnn-baseline-7x7	sha256:f4969554372b34d9773382cf5cd8e3f20890ccedfb1e6c685984c6c94fbb6203	gnn-warmstart-7x7	sha256:e000d50619c0241c30efdd1f5adb7a8b738c66859d33c3443c52a20f56fcc13a	D	P	196
g1_B02L3o3Co3sYFC5fLPSUqk_7pKkCIOdYL8eu7i8I_4M	s1_dcEgf_s_8JfAgzbYFm9Z15BWrFU6bsc6MzE1gZNvlP4	1umxKR	cnn-baseline-7x7	sha256:f4969554372b34d9773382cf5cd8e3f20890ccedfb1e6c685984c6c94fbb6203	gnn-warmstart-7x7	sha256:e000d50619c0241c30efdd1f5adb7a8b738c66859d33c3443c52a20f56fcc13a	D	P	196
g1_B08m_quUTFxkqxdAnaMp7abng3i208LmMd0s_6YfaSE	s1_PMJclYxTZaGR57ko7QER730OxDfGlbFdsG9vZeD2hqE	1unNfw	qadv-arbiter-7x7-rust-lambda-v0.1.0	-	qadv-arbiter-7x7-rust-lambda-v0.1.0	-	D	P	196
g1_B08m_quUTFxkqxdAnaMp7abng3i208LmMd0s_6YfaSE	s1_RauLaTi4eVgYHSp2TV9pqs9uzTVv0B10g9TaHMWpcZ4	1unNfw	qadv-arbiter-7x7-rust-lambda-v0.1.0	-	qadv-arbiter-7x7-rust-lambda-v0.1.0	-	D	P	-
g1_B08m_quUTFxkqxdAnaMp7abng3i208LmMd0s_6YfaSE	s1_VAnAx92f79d2v_Glu--Zv4Y3AtNRg03wmAKM5xL5XWI	1unNfw	qadv-arbiter-7x7-rust-lambda-v0.1.0	-	qadv-arbiter-7x7-rust-lambda-v0.1.0	-	D	P	196
g1_B08m_quUTFxkqxdAnaMp7abng3i208LmMd0s_6YfaSE	s1_sZN5xfECiayPOcDJivReYFHYi_B1Mk6WKy6dsJochMs	1unNfw	qadv-arbiter-7x7-rust-lambda-v0.1.0	-	qadv-arbiter-7x7-rust-lambda-v0.1.0	-	D	P	196
g1_B0AKtzKLZFY_EK0iYo4B4kGQn1dh8D029UWWFs9zTdc	s1_Ba_0n_pSORTy8r988ZGZCEuwYcGVTf0pIyw3fZmcCCs	1unPcb	qadv-arbiter-7x7-rust-lambda-v0.1.0	-	qadv-arbiter-7x7-rust-lambda-v0.1.0	-	D	P	196
g1_B0AKtzKLZFY_EK0iYo4B4kGQn1dh8D029UWWFs9zTdc	s1_IcF0pOJ1g1XErj9v4HO2e_AwINdGyvTRgMRetz-rh9s	1unPcb	qadv-arbiter-7x7-rust-lambda-v0.1.0	-	qadv-arbiter-7x7-rust-lambda-v0.1.0	-	D	P	196
g1_B0AKtzKLZFY_EK0iYo4B4kGQn1dh8D029UWWFs9zTdc	s1_RauLaTi4eVgYHSp2TV9pqs9uzTVv0B10g9TaHMWpcZ4	1unPcb	qadv-arbiter-7x7-rust-lambda-v0.1.0	-	qadv-arbiter-7x7-rust-lambda-v0.1.0	-	D	P	-
g1_B0AKtzKLZFY_EK0iYo4B4kGQn1dh8D029UWWFs9zTdc	s1_VclSneIMgpn_2P9aHj32hAdOmgzWf8lfwyXWWOe25e4	1unPcb	qadv-arbiter-7x7-rust-lambda-v0.1.0	-	qadv-arbiter-7x7-rust-lambda-v0.1.0	-	D	P	196
g1_B0LtSpolEg-u_6X3AkfaZrV1tRGgXuwvQx7TZu4LmuU	s1_QQyhvH4NtkqM2_fAkp7ZgwCZcUCAEhpcncUgq83wqXk	1unNxY	qadv-arbiter-7x7-rust-lambda-v0.1.0	-	qadv-arbiter-7x7-rust-lambda-v0.1.0	-	D	P	196
g1_B0LtSpolEg-u_6X3AkfaZrV1tRGgXuwvQx7TZu4LmuU	s1_RauLaTi4eVgYHSp2TV9pqs9uzTVv0B10g9TaHMWpcZ4	1unNxY	qadv-arbiter-7x7-rust-lambda-v0.1.0	-	qadv-arbiter-7x7-rust-lambda-v0.1.0	-	D	P	-
g1_B0LtSpolEg-u_6X3AkfaZrV1tRGgXuwvQx7TZu4LmuU	s1_vDssC4u8hcjj-BvEwJ_mZozz8YKUdHEhT7RgNkw10p8	1unNxY	qadv-arbiter-7x7-rust-lambda-v0.1.0	-	qadv-arbiter-7x7-rust-lambda-v0.1.0	-	D	P	196
g1_B0LtSpolEg-u_6X3AkfaZrV1tRGgXuwvQx7TZu4LmuU	s1_ykfGf7JTbi872uJ_F7EV2n4nhxhAVHaY5l4PJ5KOuiA	1unNxY	qadv-arbiter-7x7-rust-lambda-v0.1.0	-	qadv-arbiter-7x7-rust-lambda-v0.1.0	-	D	P	196
g1_B0NYJbUg2AcEG_f8dUl0qvgww1ahYpRotnqYy4Q6854	s1_6PxtazPxkizz7K9QTWPSCIopEV5n0zpHoq3F52yO_6U	1umwfG	python-cnn-puct-v0.1.0	sha256:7845e9b7687beee165dc36b8d21833b7a8b5a83e31b58b49bd05c277ba26e642	python-cnn-puct-v0.1.0	sha256:7845e9b7687beee165dc36b8d21833b7a8b5a83e31b58b49bd05c277ba26e642	D	P	196
g1_B0NYJbUg2AcEG_f8dUl0qvgww1ahYpRotnqYy4Q6854	s1_baRgKA_wMXdl0r4AwdkUfhWC04qxd1MvEGXAQaDd4fo	1umwfG	python-cnn-puct-v0.1.0	sha256:7845e9b7687beee165dc36b8d21833b7a8b5a83e31b58b49bd05c277ba26e642	python-cnn-puct-v0.1.0	sha256:7845e9b7687beee165dc36b8d21833b7a8b5a83e31b58b49bd05c277ba26e642	D	P	196
g1_B0cm-pgx7bam_LItChuz3oeAVo-HzYW35nhf4V47kHk	s1_2FtaP75xgRVTNrUvmC0NIesJCNy8IDFJ05WNM4nUnpg	1unRCt	coin-flip-v0.0.1	-	qadv-arbiter-7x7-v0.1.0	-	D	P	196
g1_B0cm-pgx7bam_LItChuz3oeAVo-HzYW35nhf4V47kHk	s1_RauLaTi4eVgYHSp2TV9pqs9uzTVv0B10g9TaHMWpcZ4	1unRCt	coin-flip-v0.0.1	-	qadv-arbiter-7x7-v0.1.0	-	D	P	-
g1_B0cm-pgx7bam_LItChuz3oeAVo-HzYW35nhf4V47kHk	s1_csJErwtzK-jhDpB_uQOFfWY-TbcGguGR7wlod0TZsy4	1unRCt	coin-flip-v0.0.1	-	qadv-arbiter-7x7-v0.1.0	-	D	P	196
g1_B0cm-pgx7bam_LItChuz3oeAVo-HzYW35nhf4V47kHk	s1_pH6dzHrCtEYHBEBVlYCixMvSbyp2VbmYXrnZ2ve190w	1unRCt	coin-flip-v0.0.1	-	qadv-arbiter-7x7-v0.1.0	-	D	P	196
g1_B0mvlHP60fVUNav9gW3yBP0hewpoQI-G14XecnyEosU	s1_6sYfD79f6ZMZS396VMDJRHxExjBogJTvYwqm2K_ei_Y	1unMn0	qadv-arbiter-7x7-rust-lambda-v0.1.0	-	qadv-arbiter-7x7-rust-lambda-v0.1.0	-	D	P	196
g1_B0mvlHP60fVUNav9gW3yBP0hewpoQI-G14XecnyEosU	s1_RauLaTi4eVgYHSp2TV9pqs9uzTVv0B10g9TaHMWpcZ4	1unMn0	qadv-arbiter-7x7-rust-lambda-v0.1.0	-	qadv-arbiter-7x7-rust-lambda-v0.1.0	-	D	P	-
g1_B0mvlHP60fVUNav9gW3yBP0hewpoQI-G14XecnyEosU	s1_V5GSc8N-HANnM22obdE8FtS8x-14bf8ElD4cLPVTgEk	1unMn0	qadv-arbiter-7x7-rust-lambda-v0.1.0	-	qadv-arbiter-7x7-rust-lambda-v0.1.0	-	D	P	196
g1_B0mvlHP60fVUNav9gW3yBP0hewpoQI-G14XecnyEosU	s1_fFctGmSRGej7ylxTTz_OzfcRw8paUoMoZCK0znnr22w	1unMn0	qadv-arbiter-7x7-rust-lambda-v0.1.0	-	qadv-arbiter-7x7-rust-lambda-v0.1.0	-	D	P	196
g1_B0rnzGTPKkmh0xRNpq6aTClsrbItyYdhbsy05akOaYY	s1_4BNgvWJaIUC1qYVr7jg655QVwhJWDRvd73-AIdJUSyw	1unM10	qadv-arbiter-7x7-rust-lambda-v0.1.0	-	qadv-arbiter-7x7-rust-lambda-v0.1.0	-	D	P	196
g1_B0rnzGTPKkmh0xRNpq6aTClsrbItyYdhbsy05akOaYY	s1_RauLaTi4eVgYHSp2TV9pqs9uzTVv0B10g9TaHMWpcZ4	1unM10	qadv-arbiter-7x7-rust-lambda-v0.1.0	-	qadv-arbiter-7x7-rust-lambda-v0.1.0	-	D	P	-
g1_B0rnzGTPKkmh0xRNpq6aTClsrbItyYdhbsy05akOaYY	s1_i1df7yJXRZpRmy3MvD6MBWwKOljrhexysxoi-CAwb-8	1unM10	qadv-arbiter-7x7-rust-lambda-v0.1.0	-	qadv-arbiter-7x7-rust-lambda-v0.1.0	-	D	P	196
g1_B0rnzGTPKkmh0xRNpq6aTClsrbItyYdhbsy05akOaYY	s1_vt2zEfwDFhPfTSQ01NN4VHivf7nAEDpOIPfJi8F_2Q0	1unM10	qadv-arbiter-7x7-rust-lambda-v0.1.0	-	qadv-arbiter-7x7-rust-lambda-v0.1.0	-	D	P	196
g1_B0syk5qzO64bqy_-bBnLQdDzlYnoIerAz9bW0gvTqMU	s1_GLW-E0PYcDYXElF_Ibv-XKtzXdYKCySMz7s8bVR3r9o	1un5PL	surveyor-v0.2.0	-	qadv-arbiter-guided-7x7-v0.2.0	sha256:9c0e5e530df7db77a98f6a2e75fe63a6f629c6ad6563e0b5454793ebc243b14d	L	P	196
g1_B0syk5qzO64bqy_-bBnLQdDzlYnoIerAz9bW0gvTqMU	s1_O3cuwuia8XT9TI7Nxr3tRcajOA20XFHEIT2fYX3WizY	1un5PL	surveyor-v0.2.0	-	qadv-arbiter-guided-7x7-v0.2.0	sha256:9c0e5e530df7db77a98f6a2e75fe63a6f629c6ad6563e0b5454793ebc243b14d	L	P	196
g1_B0syk5qzO64bqy_-bBnLQdDzlYnoIerAz9bW0gvTqMU	s1_g6m_F25QA1x_rKWVwpeYFV6S7hZZaTfg60yuJczFcDc	1un5PL	surveyor-v0.2.0	-	qadv-arbiter-guided-7x7-v0.2.0	sha256:9c0e5e530df7db77a98f6a2e75fe63a6f629c6ad6563e0b5454793ebc243b14d	L	P	196
g1_B0wy85xZP8MwRDJOV5DY6k95vmwUMHOhzkHMP0RZ0iw	s1_qtlitMa-GGx-0y2heoyNRonYXf1Dq5epTexnVe9Iqtw	1umxZp	python-gnn-puct-learner-v0.1.0	sha256:ab0f739cd33d66781faf60e27797c5ccba3c04ba684f8d9e32e9c2754f4e8956	python-gnn-puct-learner-v0.1.0	sha256:ab0f739cd33d66781faf60e27797c5ccba3c04ba684f8d9e32e9c2754f4e8956	D	P	196
g1_B13mtZUYPbbCn51ColeeEVvoWjgRE_OBMrZoCpTtjAI	s1_2FtaP75xgRVTNrUvmC0NIesJCNy8IDFJ05WNM4nUnpg	1unQoA	qadv-arbiter-7x7-v0.1.0	-	pathfinder-v0.3.0	-	D	P	196
g1_B13mtZUYPbbCn51ColeeEVvoWjgRE_OBMrZoCpTtjAI	s1_7m6rzVUMwKb2ze4m0l4101Ex_LeBD751xgIP1pyiYhY	1unQoA	qadv-arbiter-7x7-v0.1.0	-	pathfinder-v0.3.0	-	D	P	196
g1_B13mtZUYPbbCn51ColeeEVvoWjgRE_OBMrZoCpTtjAI	s1_I6Gx9kxeH157ps6xFsT-jit9mY0GvvN4nixgDASGXkU	1unQoA	qadv-arbiter-7x7-v0.1.0	-	pathfinder-v0.3.0	-	D	P	196
g1_B13mtZUYPbbCn51ColeeEVvoWjgRE_OBMrZoCpTtjAI	s1_RauLaTi4eVgYHSp2TV9pqs9uzTVv0B10g9TaHMWpcZ4	1unQoA	qadv-arbiter-7x7-v0.1.0	-	pathfinder-v0.3.0	-	D	P	-
g1_B14VYkpcvyOIH2-IUJ-ldyyAg9QURPHeea4EfuPjj4Q	s1_HUo349WuE4YTjIlLdlYeIgJTfhwS1abrv0nH9dbMcWU	1unNg6	qadv-arbiter-7x7-rust-lambda-v0.1.0	-	qadv-arbiter-7x7-rust-lambda-v0.1.0	-	D	P	196
g1_B14VYkpcvyOIH2-IUJ-ldyyAg9QURPHeea4EfuPjj4Q	s1_RauLaTi4eVgYHSp2TV9pqs9uzTVv0B10g9TaHMWpcZ4	1unNg6	qadv-arbiter-7x7-rust-lambda-v0.1.0	-	qadv-arbiter-7x7-rust-lambda-v0.1.0	-	D	P	-
g1_B14VYkpcvyOIH2-IUJ-ldyyAg9QURPHeea4EfuPjj4Q	s1_mbQOVBVDhSK_KY-7ry86giWIkPHXqE3P9JTEdl3A-KA	1unNg6	qadv-arbiter-7x7-rust-lambda-v0.1.0	-	qadv-arbiter-7x7-rust-lambda-v0.1.0	-	D	P	196
g1_B14VYkpcvyOIH2-IUJ-ldyyAg9QURPHeea4EfuPjj4Q	s1_r7zRbKEmKe7jYcR7l6VO0e6JRwK57sZ89kfiUzbACgE	1unNg6	qadv-arbiter-7x7-rust-lambda-v0.1.0	-	qadv-arbiter-7x7-rust-lambda-v0.1.0	-	D	P	196
g1_B16T65LwI_WYNBXjoI5B5qCelteRPyv-Tew5ZehzFnk	s1_KmHHLvZDKZNst9rwh_S9CA2eOIaO2gn4XLLyPNP4DSo	1unMVD	qadv-arbiter-7x7-rust-lambda-v0.1.0	-	qadv-arbiter-7x7-rust-lambda-v0.1.0	-	L	P	196
g1_B16T65LwI_WYNBXjoI5B5qCelteRPyv-Tew5ZehzFnk	s1_RauLaTi4eVgYHSp2TV9pqs9uzTVv0B10g9TaHMWpcZ4	1unMVD	qadv-arbiter-7x7-rust-lambda-v0.1.0	-	qadv-arbiter-7x7-rust-lambda-v0.1.0	-	L	P	-
g1_B16T65LwI_WYNBXjoI5B5qCelteRPyv-Tew5ZehzFnk	s1_SNXbGIFzUiHUByosqWpbsggw8D-G7zPx9H-d4LFzvTE	1unMVD	qadv-arbiter-7x7-rust-lambda-v0.1.0	-	qadv-arbiter-7x7-rust-lambda-v0.1.0	-	L	P	196
g1_B16T65LwI_WYNBXjoI5B5qCelteRPyv-Tew5ZehzFnk	s1_SqWIap4AUfvz11lz8M5KRo020xigu5Gf7fwYT4L_2I0	1unMVD	qadv-arbiter-7x7-rust-lambda-v0.1.0	-	qadv-arbiter-7x7-rust-lambda-v0.1.0	-	L	P	196
g1_B1ERpAIoZzYXVULhp-DeootXkx-a5l4La90St9LSjnA	s1_O3cuwuia8XT9TI7Nxr3tRcajOA20XFHEIT2fYX3WizY	1un75W	qadv-arbiter-guided-7x7-v0.2.0	sha256:9c0e5e530df7db77a98f6a2e75fe63a6f629c6ad6563e0b5454793ebc243b14d	cnn-reval30k-7x7	sha256:7439239ff343dcc422cb918560b1b72433f2e13628580427343a446f349c6f5a	L	P	196
g1_B1ERpAIoZzYXVULhp-DeootXkx-a5l4La90St9LSjnA	s1__sCLqkv1QowbQOLtcMj1HZM3ouupeB2AXWyXf93UYhE	1un75W	qadv-arbiter-guided-7x7-v0.2.0	sha256:9c0e5e530df7db77a98f6a2e75fe63a6f629c6ad6563e0b5454793ebc243b14d	cnn-reval30k-7x7	sha256:7439239ff343dcc422cb918560b1b72433f2e13628580427343a446f349c6f5a	L	P	196
g1_B1ERpAIoZzYXVULhp-DeootXkx-a5l4La90St9LSjnA	s1_sxtZ5wkCkg2ztmYoEeuJnPS6kIKyTpUpx59OMIplfiA	1un75W	qadv-arbiter-guided-7x7-v0.2.0	sha256:9c0e5e530df7db77a98f6a2e75fe63a6f629c6ad6563e0b5454793ebc243b14d	cnn-reval30k-7x7	sha256:7439239ff343dcc422cb918560b1b72433f2e13628580427343a446f349c6f5a	L	P	196
g1_B1HBTCCMd0D03qILd3_uyFWjpLh0nLQDvWahbpmfqe4	s1_380uZYdtB6KE2pMb2eyB-0-2Yy00pAG_9L9I-fcOMvM	1unNkl	qadv-arbiter-7x7-rust-lambda-v0.1.0	-	qadv-arbiter-7x7-rust-lambda-v0.1.0	-	D	P	196
g1_B1HBTCCMd0D03qILd3_uyFWjpLh0nLQDvWahbpmfqe4	s1_6W4YfXaWHy6Iv-yEIIhCvSqSlklmtmdqvUyxGsd_Uuk	1unNkl	qadv-arbiter-7x7-rust-lambda-v0.1.0	-	qadv-arbiter-7x7-rust-lambda-v0.1.0	-	D	P	196
g1_B1HBTCCMd0D03qILd3_uyFWjpLh0nLQDvWahbpmfqe4	s1_D3fyoMQVeQPrDwFFR0Nf36WonbvIVSZjPKVReFNbKpY	1unNkl	qadv-arbiter-7x7-rust-lambda-v0.1.0	-	qadv-arbiter-7x7-rust-lambda-v0.1.0	-	D	P	196
g1_B1HBTCCMd0D03qILd3_uyFWjpLh0nLQDvWahbpmfqe4	s1_RauLaTi4eVgYHSp2TV9pqs9uzTVv0B10g9TaHMWpcZ4	1unNkl	qadv-arbiter-7x7-rust-lambda-v0.1.0	-	qadv-arbiter-7x7-rust-lambda-v0.1.0	-	D	P	-
g1_B1Pt890d6Dh83YT8DSC5M3sA3Nh4QO95YXYZao-D8Fk	s1_3DPEB0A6kZE0vboVAvuWmfeTxwn5xLTVhsIHp7bAKt8	1unLwC	qadv-arbiter-7x7-rust-lambda-v0.1.0	-	qadv-arbiter-7x7-rust-lambda-v0.1.0	-	D	P	196
g1_B1Pt890d6Dh83YT8DSC5M3sA3Nh4QO95YXYZao-D8Fk	s1_RauLaTi4eVgYHSp2TV9pqs9uzTVv0B10g9TaHMWpcZ4	1unLwC	qadv-arbiter-7x7-rust-lambda-v0.1.0	-	qadv-arbiter-7x7-rust-lambda-v0.1.0	-	D	P	-
g1_B1Pt890d6Dh83YT8DSC5M3sA3Nh4QO95YXYZao-D8Fk	s1_kUmcKtQdeXIW2BbvWm3wIcmTs9JmpDlDn6ppERVohjM	1unLwC	qadv-arbiter-7x7-rust-lambda-v0.1.0	-	qadv-arbiter-7x7-rust-lambda-v0.1.0	-	D	P	196
g1_B1Pt890d6Dh83YT8DSC5M3sA3Nh4QO95YXYZao-D8Fk	s1_zTvN8I6gx3rzo1QTprhvuMMWe6hRjAz0udYpvGq5rIo	1unLwC	qadv-arbiter-7x7-rust-lambda-v0.1.0	-	qadv-arbiter-7x7-rust-lambda-v0.1.0	-	D	P	196
g1_B1_KDsI48li8v4w_r6w21aWg3hfIvaZ1BO1kYmmMQk8	s1_qtlitMa-GGx-0y2heoyNRonYXf1Dq5epTexnVe9Iqtw	1umxip	python-gnn-puct-learner-v0.1.0	sha256:ab0f739cd33d66781faf60e27797c5ccba3c04ba684f8d9e32e9c2754f4e8956	python-gnn-puct-learner-v0.1.0	sha256:ab0f739cd33d66781faf60e27797c5ccba3c04ba684f8d9e32e9c2754f4e8956	-	M	196
g1_B1eFvPAomqv9KUY4ZvpqrHWMfA2KBbVqBw03VQjDZ7I	s1_GsfUAo9e90kT1dtl0y6cYwbWsx9WW45wucDK1blwMA0	1unLyO	qadv-arbiter-7x7-rust-lambda-v0.1.0	-	qadv-arbiter-7x7-rust-lambda-v0.1.0	-	L	P	196
g1_B1eFvPAomqv9KUY4ZvpqrHWMfA2KBbVqBw03VQjDZ7I	s1_RauLaTi4eVgYHSp2TV9pqs9uzTVv0B10g9TaHMWpcZ4	1unLyO	qadv-arbiter-7x7-rust-lambda-v0.1.0	-	qadv-arbiter-7x7-rust-lambda-v0.1.0	-	L	P	-
g1_B1eFvPAomqv9KUY4ZvpqrHWMfA2KBbVqBw03VQjDZ7I	s1_Ro8xIsfaXafAA1RPBKbGZlsXM1e1BhLnQ8OR07MRdwQ	1unLyO	qadv-arbiter-7x7-rust-lambda-v0.1.0	-	qadv-arbiter-7x7-rust-lambda-v0.1.0	-	L	P	196
g1_B1eFvPAomqv9KUY4ZvpqrHWMfA2KBbVqBw03VQjDZ7I	s1_hzysDoLR3_IZyVPSmADNH0j7WWr5rTOz_P-PpAg1Kos	1unLyO	qadv-arbiter-7x7-rust-lambda-v0.1.0	-	qadv-arbiter-7x7-rust-lambda-v0.1.0	-	L	P	196
g1_B1hmneTGqBs8guadC3aPPM1nI-y_epiSwf8Y2TrZnJU	s1_82DbUDrgWrbpClLZNrvhsveIQ71_3yFflxTCWxM37_E	1unNSb	qadv-arbiter-7x7-rust-lambda-v0.1.0	-	qadv-arbiter-7x7-rust-lambda-v0.1.0	-	D	P	196
g1_B1hmneTGqBs8guadC3aPPM1nI-y_epiSwf8Y2TrZnJU	s1_ATK4y8ZyLWBd7VC2YfoTxjzFXfeoZ0GiUA4NBjvmbz8	1unNSb	qadv-arbiter-7x7-rust-lambda-v0.1.0	-	qadv-arbiter-7x7-rust-lambda-v0.1.0	-	D	P	196
g1_B1hmneTGqBs8guadC3aPPM1nI-y_epiSwf8Y2TrZnJU	s1_RauLaTi4eVgYHSp2TV9pqs9uzTVv0B10g9TaHMWpcZ4	1unNSb	qadv-arbiter-7x7-rust-lambda-v0.1.0	-	qadv-arbiter-7x7-rust-lambda-v0.1.0	-	D	P	-
g1_B1hmneTGqBs8guadC3aPPM1nI-y_epiSwf8Y2TrZnJU	s1_gI6rZxL21tHIatLClLsi0feJ2tFhy4_ai9r3Zvlt93Q	1unNSb	qadv-arbiter-7x7-rust-lambda-v0.1.0	-	qadv-arbiter-7x7-rust-lambda-v0.1.0	-	D	P	196
g1_B1i0iJcGAr4KQ2MtLMP-MjNzKWMHGOzL4Msf72MpxR4	s1_5I0Pq1dulKDPnQD9lC8NbO3qT1zJZ_aiahktFBciu2E	1unMfs	qadv-arbiter-7x7-rust-lambda-v0.1.0	-	qadv-arbiter-7x7-rust-lambda-v0.1.0	-	D	P	196
g1_B1i0iJcGAr4KQ2MtLMP-MjNzKWMHGOzL4Msf72MpxR4	s1_BHPAa5drYrz4SHL7I05PCPum5GpaHjbepK-OmV14yy0	1unMfs	qadv-arbiter-7x7-rust-lambda-v0.1.0	-	qadv-arbiter-7x7-rust-lambda-v0.1.0	-	D	P	196
g1_B1i0iJcGAr4KQ2MtLMP-MjNzKWMHGOzL4Msf72MpxR4	s1_RauLaTi4eVgYHSp2TV9pqs9uzTVv0B10g9TaHMWpcZ4	1unMfs	qadv-arbiter-7x7-rust-lambda-v0.1.0	-	qadv-arbiter-7x7-rust-lambda-v0.1.0	-	D	P	-
g1_B1i0iJcGAr4KQ2MtLMP-MjNzKWMHGOzL4Msf72MpxR4	s1_avk2oagxduReomeG3_4uDfGwz0Kv-CgHiXbyK8AFDy8	1unMfs	qadv-arbiter-7x7-rust-lambda-v0.1.0	-	qadv-arbiter-7x7-rust-lambda-v0.1.0	-	D	P	196
g1_B1lHFRdrveV-Y8GD7g3rKvBSOsve4cor-2AVuwxZnco	s1_1LB6NAgPOeCp4r8rQw4kUOIXWpEdWysFm5RZjWCQSgc	1umwdU	python-gnn-puct-learner-v0.1.0	sha256:ab0f739cd33d66781faf60e27797c5ccba3c04ba684f8d9e32e9c2754f4e8956	python-gnn-puct-learner-v0.1.0	sha256:ab0f739cd33d66781faf60e27797c5ccba3c04ba684f8d9e32e9c2754f4e8956	L	P	196
g1_B1lHFRdrveV-Y8GD7g3rKvBSOsve4cor-2AVuwxZnco	s1_P4NHYhwuVnEA-dG2X-UVeVotb84A5mwljbYTlTMqr8w	1umwdU	python-gnn-puct-learner-v0.1.0	sha256:ab0f739cd33d66781faf60e27797c5ccba3c04ba684f8d9e32e9c2754f4e8956	python-gnn-puct-learner-v0.1.0	sha256:ab0f739cd33d66781faf60e27797c5ccba3c04ba684f8d9e32e9c2754f4e8956	L	P	196
g1_B1qXpKUiuY73y6eU68hZXuDnv8mZFzrsN6r1K492ApY	s1_NZd5QDv6mFfbD19F2qFlqdqs00TQR9teXBNsuax4qNQ	1umwo5	python-gnn-puct-reval30k-v0.1.0	sha256:6120be86fc469df71473c3de64e5e32f99694cd47d621fa5948f243dc51d3d21	python-gnn-puct-reval30k-v0.1.0	sha256:6120be86fc469df71473c3de64e5e32f99694cd47d621fa5948f243dc51d3d21	D	P	196
g1_B1s-XWmXMLp-ClqBoTbDxzS0ToiN_Y493A_-nJ1kYvY	s1_0HI_IWTZmL0yWuhjJCFBbxDELFdpz6yoMd5ZvBlJ_cQ	1unPF4	qadv-arbiter-7x7-rust-lambda-v0.1.0	-	qadv-arbiter-7x7-rust-lambda-v0.1.0	-	L	P	196
g1_B1s-XWmXMLp-ClqBoTbDxzS0ToiN_Y493A_-nJ1kYvY	s1_AVmXa_Q39P7ejkqwOGSlp3nK8DYwwSorZe4hVyt5Ccs	1unPF4	qadv-arbiter-7x7-rust-lambda-v0.1.0	-	qadv-arbiter-7x7-rust-lambda-v0.1.0	-	L	P	196
g1_B1s-XWmXMLp-ClqBoTbDxzS0ToiN_Y493A_-nJ1kYvY	s1_RauLaTi4eVgYHSp2TV9pqs9uzTVv0B10g9TaHMWpcZ4	1unPF4	qadv-arbiter-7x7-rust-lambda-v0.1.0	-	qadv-arbiter-7x7-rust-lambda-v0.1.0	-	L	P	-
g1_B1s-XWmXMLp-ClqBoTbDxzS0ToiN_Y493A_-nJ1kYvY	s1_aciOlip7sOswCws5RPBsdsUqxowN-aMdI4MYWDVPbng	1unPF4	qadv-arbiter-7x7-rust-lambda-v0.1.0	-	qadv-arbiter-7x7-rust-lambda-v0.1.0	-	L	P	196
g1_B1vZ9UNPyrgV2rJ7FwkNh4mkhViBqAJxPPwBiJbWyh8	s1_flXyOBW6T9LLVDFIvXBGel1MoVNZcUcMFIJnB9yLapU	1umx1i	python-gnn-puct-reval30k-v0.1.0	sha256:6120be86fc469df71473c3de64e5e32f99694cd47d621fa5948f243dc51d3d21	python-gnn-puct-reval30k-v0.1.0	sha256:6120be86fc469df71473c3de64e5e32f99694cd47d621fa5948f243dc51d3d21	D	P	196
g1_B1wCZCiX7kUy7pmaEq8k7SH4xy2VQDjwuywYWC4-58Y	s1_Km-Mnwl4gqhJWWl3EKIKozrFgpyXvBURpjgiwy6-F98	1unMEa	qadv-arbiter-7x7-rust-lambda-v0.1.0	-	qadv-arbiter-7x7-rust-lambda-v0.1.0	-	D	P	196
g1_B1wCZCiX7kUy7pmaEq8k7SH4xy2VQDjwuywYWC4-58Y	s1_PeIPkpjx1mENu0_NEcoNd2AldxFlqDxRJpsFAXCO4ME	1unMEa	qadv-arbiter-7x7-rust-lambda-v0.1.0	-	qadv-arbiter-7x7-rust-lambda-v0.1.0	-	D	P	196
g1_B1wCZCiX7kUy7pmaEq8k7SH4xy2VQDjwuywYWC4-58Y	s1_RauLaTi4eVgYHSp2TV9pqs9uzTVv0B10g9TaHMWpcZ4	1unMEa	qadv-arbiter-7x7-rust-lambda-v0.1.0	-	qadv-arbiter-7x7-rust-lambda-v0.1.0	-	D	P	-
g1_B1wCZCiX7kUy7pmaEq8k7SH4xy2VQDjwuywYWC4-58Y	s1_s4KO187xsq9BCs6MrBBA6YKRg1u3ebNIjKH2qUEcRTY	1unMEa	qadv-arbiter-7x7-rust-lambda-v0.1.0	-	qadv-arbiter-7x7-rust-lambda-v0.1.0	-	D	P	196
g1_B1x0qX7Dp2dn97w3saP5zzMapvn6eEFuJ21ORFfA6bU	s1_1LB6NAgPOeCp4r8rQw4kUOIXWpEdWysFm5RZjWCQSgc	1umwbX	python-gnn-puct-learner-v0.1.0	sha256:ab0f739cd33d66781faf60e27797c5ccba3c04ba684f8d9e32e9c2754f4e8956	python-gnn-puct-learner-v0.1.0	sha256:ab0f739cd33d66781faf60e27797c5ccba3c04ba684f8d9e32e9c2754f4e8956	D	P	196
g1_B1x0qX7Dp2dn97w3saP5zzMapvn6eEFuJ21ORFfA6bU	s1_P4NHYhwuVnEA-dG2X-UVeVotb84A5mwljbYTlTMqr8w	1umwbX	python-gnn-puct-learner-v0.1.0	sha256:ab0f739cd33d66781faf60e27797c5ccba3c04ba684f8d9e32e9c2754f4e8956	python-gnn-puct-learner-v0.1.0	sha256:ab0f739cd33d66781faf60e27797c5ccba3c04ba684f8d9e32e9c2754f4e8956	D	P	196
g1_B1xbfl9E1RCJ0RLkbg-Qj3Spoc7Ydbx08HryEI0gpoA	s1_1av6nXQkq-GSHXfjkVlGHGpAq8F9UbW4JwZmyFA-vww	1umv9I	python-gnn-puct-scout-v0.1.0	sha256:b9f80706cc1f29076ee06fe06483697c749148a808c599579045d00a52573938	python-gnn-puct-scout-v0.1.0	sha256:b9f80706cc1f29076ee06fe06483697c749148a808c599579045d00a52573938	L	P	196
g1_B1xbfl9E1RCJ0RLkbg-Qj3Spoc7Ydbx08HryEI0gpoA	s1_Brk0hkuJoH-MBjdd53AO5tlWcOgDWV_R0PO74fHGd_0	1umv9I	python-gnn-puct-scout-v0.1.0	sha256:b9f80706cc1f29076ee06fe06483697c749148a808c599579045d00a52573938	python-gnn-puct-scout-v0.1.0	sha256:b9f80706cc1f29076ee06fe06483697c749148a808c599579045d00a52573938	L	P	196
g1_B1xbfl9E1RCJ0RLkbg-Qj3Spoc7Ydbx08HryEI0gpoA	s1_D_X-fTFZy6xuyGSC5jFyKBW6IP_59Jbomefazf4xu44	1umv9I	python-gnn-puct-scout-v0.1.0	sha256:b9f80706cc1f29076ee06fe06483697c749148a808c599579045d00a52573938	python-gnn-puct-scout-v0.1.0	sha256:b9f80706cc1f29076ee06fe06483697c749148a808c599579045d00a52573938	L	P	196
g1_B25r8Ta03iBzQZ76KbY3wM6vuJr5bCmX0sfJCzWBhTA	s1_3NEcT_n0tKE9tWhhNhCrWPeaxLFXzJRFz1x19ckx2aI	1unN5Q	qadv-arbiter-7x7-rust-lambda-v0.1.0	-	qadv-arbiter-7x7-rust-lambda-v0.1.0	-	L	P	196
g1_B25r8Ta03iBzQZ76KbY3wM6vuJr5bCmX0sfJCzWBhTA	s1_Ac1STcTnk4eORiYPv5ARHBkTbgCzCZ4SPvRWEZs6wk4	1unN5Q	qadv-arbiter-7x7-rust-lambda-v0.1.0	-	qadv-arbiter-7x7-rust-lambda-v0.1.0	-	L	P	196
g1_B25r8Ta03iBzQZ76KbY3wM6vuJr5bCmX0sfJCzWBhTA	s1_MOx9jVZcjyu_8R39uiMutX_xepZeT9deLAyy5hLdSr4	1unN5Q	qadv-arbiter-7x7-rust-lambda-v0.1.0	-	qadv-arbiter-7x7-rust-lambda-v0.1.0	-	L	P	196
g1_B25r8Ta03iBzQZ76KbY3wM6vuJr5bCmX0sfJCzWBhTA	s1_RauLaTi4eVgYHSp2TV9pqs9uzTVv0B10g9TaHMWpcZ4	1unN5Q	qadv-arbiter-7x7-rust-lambda-v0.1.0	-	qadv-arbiter-7x7-rust-lambda-v0.1.0	-	L	P	-
g1_B2DOqSNSk4cZabXVlbBEIE2xjF9NdvuNTkamBkMTLcw	s1_1av6nXQkq-GSHXfjkVlGHGpAq8F9UbW4JwZmyFA-vww	1DKSP	coin-flip-v0.0.1	-	gnn-rust-generation-1-7x7	sha256:50737bfe482ebb2e3ca7327ba082d7fb542e0a89d3d344fcb11b8c52d25e1b22	-	M	196
g1_B2DOqSNSk4cZabXVlbBEIE2xjF9NdvuNTkamBkMTLcw	s1_Brk0hkuJoH-MBjdd53AO5tlWcOgDWV_R0PO74fHGd_0	1DKSP	coin-flip-v0.0.1	-	gnn-rust-generation-1-7x7	sha256:50737bfe482ebb2e3ca7327ba082d7fb542e0a89d3d344fcb11b8c52d25e1b22	-	M	196
g1_B2DOqSNSk4cZabXVlbBEIE2xjF9NdvuNTkamBkMTLcw	s1_gPoZ5rByZErTaB0WLQoU6LVl6WlfprkiDFHagxLzf2Q	1DKSP	coin-flip-v0.0.1	-	gnn-rust-generation-1-7x7	sha256:50737bfe482ebb2e3ca7327ba082d7fb542e0a89d3d344fcb11b8c52d25e1b22	-	M	196
g1_B2T4KvLqUvp4zt6TtO5_zEBDzdbQFSNpZoNVGeT7gAo	s1_9p9DN7XV75WXOLHhVKnUUAzmNFOoDMJdRBLt0zIG3so	1unOhi	qadv-arbiter-7x7-rust-lambda-v0.1.0	-	qadv-arbiter-7x7-rust-lambda-v0.1.0	-	L	P	196
g1_B2T4KvLqUvp4zt6TtO5_zEBDzdbQFSNpZoNVGeT7gAo	s1_Jb_6X2epzddJHctBbbebUq0S676PlZJyX93jSRFJMfs	1unOhi	qadv-arbiter-7x7-rust-lambda-v0.1.0	-	qadv-arbiter-7x7-rust-lambda-v0.1.0	-	L	P	196
g1_B2T4KvLqUvp4zt6TtO5_zEBDzdbQFSNpZoNVGeT7gAo	s1_K0hsuYFdzkLgkEbAXCuD6hyDsaoph2JW8xi0Bi3kKiY	1unOhi	qadv-arbiter-7x7-rust-lambda-v0.1.0	-	qadv-arbiter-7x7-rust-lambda-v0.1.0	-	L	P	196
g1_B2T4KvLqUvp4zt6TtO5_zEBDzdbQFSNpZoNVGeT7gAo	s1_RauLaTi4eVgYHSp2TV9pqs9uzTVv0B10g9TaHMWpcZ4	1unOhi	qadv-arbiter-7x7-rust-lambda-v0.1.0	-	qadv-arbiter-7x7-rust-lambda-v0.1.0	-	L	P	-
g1_B2vQY-RDcYbFqTWvGs2u-3XVzTC6T_ZXYTAOgYtLKAg	s1_RauLaTi4eVgYHSp2TV9pqs9uzTVv0B10g9TaHMWpcZ4	1unMtO	qadv-arbiter-7x7-rust-lambda-v0.1.0	-	qadv-arbiter-7x7-rust-lambda-v0.1.0	-	D	P	-
g1_B2vQY-RDcYbFqTWvGs2u-3XVzTC6T_ZXYTAOgYtLKAg	s1_WnIppIZVJCSfadf3K6pD8g2Kk2bfK-g9DXhgAlkqFs8	1unMtO	qadv-arbiter-7x7-rust-lambda-v0.1.0	-	qadv-arbiter-7x7-rust-lambda-v0.1.0	-	D	P	196
g1_B2vQY-RDcYbFqTWvGs2u-3XVzTC6T_ZXYTAOgYtLKAg	s1_g62Cfl7yPuMn-RgR3cfCe_K5AWtl1NihR_fHU0Pxca0	1unMtO	qadv-arbiter-7x7-rust-lambda-v0.1.0	-	qadv-arbiter-7x7-rust-lambda-v0.1.0	-	D	P	196
g1_B2vQY-RDcYbFqTWvGs2u-3XVzTC6T_ZXYTAOgYtLKAg	s1_krO9fwbf9qSBjJViP1ZzFw-sZIqkA9Qu3MtCBmLWvfo	1unMtO	qadv-arbiter-7x7-rust-lambda-v0.1.0	-	qadv-arbiter-7x7-rust-lambda-v0.1.0	-	D	P	196
g1_B2x85e49q2CWR4NEbOsgVtzgbN8HuRbTHurJ_sJZVI4	s1_RauLaTi4eVgYHSp2TV9pqs9uzTVv0B10g9TaHMWpcZ4	1unPoZ	qadv-arbiter-7x7-rust-lambda-v0.1.0	-	qadv-arbiter-7x7-rust-lambda-v0.1.0	-	L	P	-
g1_B2x85e49q2CWR4NEbOsgVtzgbN8HuRbTHurJ_sJZVI4	s1_ZVlKIO26ntnwslTFZLjIHnOlDSlFvPYw846KCvmN0BY	1unPoZ	qadv-arbiter-7x7-rust-lambda-v0.1.0	-	qadv-arbiter-7x7-rust-lambda-v0.1.0	-	L	P	196
g1_B2x85e49q2CWR4NEbOsgVtzgbN8HuRbTHurJ_sJZVI4	s1_a45W2DBnaS-nZlUHZJ2gKV_fYonV8kuahSEn2SSmQjE	1unPoZ	qadv-arbiter-7x7-rust-lambda-v0.1.0	-	qadv-arbiter-7x7-rust-lambda-v0.1.0	-	L	P	196
g1_B2x85e49q2CWR4NEbOsgVtzgbN8HuRbTHurJ_sJZVI4	s1_cW74MDMA4X3-_BZ67CG40IQxtlfQnO6RAqqQlB6ZFLo	1unPoZ	qadv-arbiter-7x7-rust-lambda-v0.1.0	-	qadv-arbiter-7x7-rust-lambda-v0.1.0	-	L	P	196
g1_B31cD9kJqgAgrPPOlMIgrZdjoXZrcOoTAjTSMM6Q9G8	s1_1LB6NAgPOeCp4r8rQw4kUOIXWpEdWysFm5RZjWCQSgc	1umwXr	python-gnn-puct-learner-v0.1.0	sha256:ab0f739cd33d66781faf60e27797c5ccba3c04ba684f8d9e32e9c2754f4e8956	python-gnn-puct-learner-v0.1.0	sha256:ab0f739cd33d66781faf60e27797c5ccba3c04ba684f8d9e32e9c2754f4e8956	L	P	196
g1_B31cD9kJqgAgrPPOlMIgrZdjoXZrcOoTAjTSMM6Q9G8	s1_P4NHYhwuVnEA-dG2X-UVeVotb84A5mwljbYTlTMqr8w	1umwXr	python-gnn-puct-learner-v0.1.0	sha256:ab0f739cd33d66781faf60e27797c5ccba3c04ba684f8d9e32e9c2754f4e8956	python-gnn-puct-learner-v0.1.0	sha256:ab0f739cd33d66781faf60e27797c5ccba3c04ba684f8d9e32e9c2754f4e8956	L	P	196
g1_B3Czcki_11oNFqyeavef6fFYF-38bw3Oa_5yt0rGVu4	s1_RauLaTi4eVgYHSp2TV9pqs9uzTVv0B10g9TaHMWpcZ4	1unOux	qadv-arbiter-7x7-rust-lambda-v0.1.0	-	qadv-arbiter-7x7-rust-lambda-v0.1.0	-	L	P	-
g1_B3Czcki_11oNFqyeavef6fFYF-38bw3Oa_5yt0rGVu4	s1_SKayLWyWYihf9h2owD61ugasCkrb6Dggv6mxgqVmslM	1unOux	qadv-arbiter-7x7-rust-lambda-v0.1.0	-	qadv-arbiter-7x7-rust-lambda-v0.1.0	-	L	P	196
g1_B3Czcki_11oNFqyeavef6fFYF-38bw3Oa_5yt0rGVu4	s1_YOll5nKcHuBxGM_JI-17sK6OBAcOy7HPpcxeGXDvGrg	1unOux	qadv-arbiter-7x7-rust-lambda-v0.1.0	-	qadv-arbiter-7x7-rust-lambda-v0.1.0	-	L	P	196
g1_B3Czcki_11oNFqyeavef6fFYF-38bw3Oa_5yt0rGVu4	s1_llmGSKGGynjvfTD7WVqhBFEe4Hr-B08EtdaD0Z4asJo	1unOux	qadv-arbiter-7x7-rust-lambda-v0.1.0	-	qadv-arbiter-7x7-rust-lambda-v0.1.0	-	L	P	196
g1_B3N0ttFDVkTIcYYcgOsB7Wz-198tXjkEFaTCBOlE8_M	s1_RauLaTi4eVgYHSp2TV9pqs9uzTVv0B10g9TaHMWpcZ4	1unLnF	qadv-arbiter-7x7-rust-lambda-v0.1.0	-	qadv-arbiter-7x7-rust-lambda-v0.1.0	-	L	P	-
g1_B3N0ttFDVkTIcYYcgOsB7Wz-198tXjkEFaTCBOlE8_M	s1_WQwIbTKtecD2U1xSJ4YlXK5-AvjK331pMnV3urje3FQ	1unLnF	qadv-arbiter-7x7-rust-lambda-v0.1.0	-	qadv-arbiter-7x7-rust-lambda-v0.1.0	-	L	P	196
g1_B3N0ttFDVkTIcYYcgOsB7Wz-198tXjkEFaTCBOlE8_M	s1_fF-Mh8Zg2LV-moOROZ5cEz2CLFAJmQQfkeGkBjUj1jo	1unLnF	qadv-arbiter-7x7-rust-lambda-v0.1.0	-	qadv-arbiter-7x7-rust-lambda-v0.1.0	-	L	P	196
g1_B3N0ttFDVkTIcYYcgOsB7Wz-198tXjkEFaTCBOlE8_M	s1_nmTqFupeZje_4aaxOOeeURRVJhUMZHeB_H5ZwaC-KqM	1unLnF	qadv-arbiter-7x7-rust-lambda-v0.1.0	-	qadv-arbiter-7x7-rust-lambda-v0.1.0	-	L	P	196
g1_B3Q4DMIYa3BfjwksQSCK_T3a5eVEv9OLr6ie7sSKMt8	s1_1IPWz_CYylcxzCQeXMT1UQBYumo2mfQx1BpNBb0gpck	1unNXU	qadv-arbiter-7x7-rust-lambda-v0.1.0	-	qadv-arbiter-7x7-rust-lambda-v0.1.0	-	D	P	196
g1_B3Q4DMIYa3BfjwksQSCK_T3a5eVEv9OLr6ie7sSKMt8	s1_CukjiDIsxoYxPG4mVqefWYCumKWG0pp5AqElkgOcrd8	1unNXU	qadv-arbiter-7x7-rust-lambda-v0.1.0	-	qadv-arbiter-7x7-rust-lambda-v0.1.0	-	D	P	196
g1_B3Q4DMIYa3BfjwksQSCK_T3a5eVEv9OLr6ie7sSKMt8	s1_RauLaTi4eVgYHSp2TV9pqs9uzTVv0B10g9TaHMWpcZ4	1unNXU	qadv-arbiter-7x7-rust-lambda-v0.1.0	-	qadv-arbiter-7x7-rust-lambda-v0.1.0	-	D	P	-
g1_B3Q4DMIYa3BfjwksQSCK_T3a5eVEv9OLr6ie7sSKMt8	s1_swciXGEKqMvx8LXZQbiFAKDNUnJ_p6HHQgnEPC3wztc	1unNXU	qadv-arbiter-7x7-rust-lambda-v0.1.0	-	qadv-arbiter-7x7-rust-lambda-v0.1.0	-	D	P	196
g1_B3Yjev_yWSw5bsqO_PQNkhGF9kF6sQbEyFMGdBR1PfA	s1_1LB6NAgPOeCp4r8rQw4kUOIXWpEdWysFm5RZjWCQSgc	1umwTR	python-gnn-puct-learner-v0.1.0	sha256:ab0f739cd33d66781faf60e27797c5ccba3c04ba684f8d9e32e9c2754f4e8956	python-gnn-puct-learner-v0.1.0	sha256:ab0f739cd33d66781faf60e27797c5ccba3c04ba684f8d9e32e9c2754f4e8956	D	P	196
g1_B3Yjev_yWSw5bsqO_PQNkhGF9kF6sQbEyFMGdBR1PfA	s1_P4NHYhwuVnEA-dG2X-UVeVotb84A5mwljbYTlTMqr8w	1umwTR	python-gnn-puct-learner-v0.1.0	sha256:ab0f739cd33d66781faf60e27797c5ccba3c04ba684f8d9e32e9c2754f4e8956	python-gnn-puct-learner-v0.1.0	sha256:ab0f739cd33d66781faf60e27797c5ccba3c04ba684f8d9e32e9c2754f4e8956	D	P	196
g1_B3Z4yXKKsCGMtVcBl9BqOeAGIxSytJRyXPb3yi2-peo	s1_2FtaP75xgRVTNrUvmC0NIesJCNy8IDFJ05WNM4nUnpg	1unRAz	coin-flip-v0.0.1	-	qadv-arbiter-7x7-v0.1.0	-	D	P	196
g1_B3Z4yXKKsCGMtVcBl9BqOeAGIxSytJRyXPb3yi2-peo	s1_RauLaTi4eVgYHSp2TV9pqs9uzTVv0B10g9TaHMWpcZ4	1unRAz	coin-flip-v0.0.1	-	qadv-arbiter-7x7-v0.1.0	-	D	P	-
g1_B3Z4yXKKsCGMtVcBl9BqOeAGIxSytJRyXPb3yi2-peo	s1__lZS11vs3AYbY4GckwFIZRj_Io7Lsx2xX8fnw-YSSVg	1unRAz	coin-flip-v0.0.1	-	qadv-arbiter-7x7-v0.1.0	-	D	P	196
g1_B3Z4yXKKsCGMtVcBl9BqOeAGIxSytJRyXPb3yi2-peo	s1_alBWj1HJUTen9aGl8KSVAGtnFP5V7G4_9WMFyBMQX2I	1unRAz	coin-flip-v0.0.1	-	qadv-arbiter-7x7-v0.1.0	-	D	P	196
g1_B3ia6AVVtAyYgFC1Hb1_v0WUPFj8fiaaihMa1kx24IQ	s1_WVg7aYYLIrw6_-2mI3jQ-DPcLO4gX2sPEEqWQb0DGQA	1umxLg	python-cnn-puct-reval30k-v0.1.0	sha256:eb2600a53e225a835455efdb2759c40e27c5cb3c16ab0688bc21b99290ed10ee	python-cnn-puct-reval30k-v0.1.0	sha256:eb2600a53e225a835455efdb2759c40e27c5cb3c16ab0688bc21b99290ed10ee	D	P	196
g1_B3k3jqXnMAT4xU2Gr0eStXbmdW9v0yIt2L4DIH3IJoM	s1_LGw5K0_YEUxhAB6P1iDvERnTkAk5s7iRbivUI2LFY4o	1unOGK	qadv-arbiter-7x7-rust-lambda-v0.1.0	-	qadv-arbiter-7x7-rust-lambda-v0.1.0	-	D	P	196
g1_B3k3jqXnMAT4xU2Gr0eStXbmdW9v0yIt2L4DIH3IJoM	s1_RauLaTi4eVgYHSp2TV9pqs9uzTVv0B10g9TaHMWpcZ4	1unOGK	qadv-arbiter-7x7-rust-lambda-v0.1.0	-	qadv-arbiter-7x7-rust-lambda-v0.1.0	-	D	P	-
g1_B3k3jqXnMAT4xU2Gr0eStXbmdW9v0yIt2L4DIH3IJoM	s1_Rb6Zz31j9C7jK7hLTDksjSHUQlOkJ6qWMBznEnW1GV0	1unOGK	qadv-arbiter-7x7-rust-lambda-v0.1.0	-	qadv-arbiter-7x7-rust-lambda-v0.1.0	-	D	P	196
g1_B3k3jqXnMAT4xU2Gr0eStXbmdW9v0yIt2L4DIH3IJoM	s1_hRV8ejq7l4wVI9t_spFK3THzLsHjh9Nw2RzmNytdBIo	1unOGK	qadv-arbiter-7x7-rust-lambda-v0.1.0	-	qadv-arbiter-7x7-rust-lambda-v0.1.0	-	D	P	196
g1_B4-avPANUmdqvfdh1GPT_r2q1-eVQqHeYDMgoU5QVNs	s1_flXyOBW6T9LLVDFIvXBGel1MoVNZcUcMFIJnB9yLapU	1umxA4	python-gnn-puct-reval30k-v0.1.0	sha256:6120be86fc469df71473c3de64e5e32f99694cd47d621fa5948f243dc51d3d21	python-gnn-puct-reval30k-v0.1.0	sha256:6120be86fc469df71473c3de64e5e32f99694cd47d621fa5948f243dc51d3d21	L	P	196
g1_B43KKofvjqmNkjBCzU_oM1R05DCigSNX20eY4roc550	s1_MXAxciYUBzHKjK1OftipPakT9Zv75HuDbnqA163Iox4	1unNjF	qadv-arbiter-7x7-rust-lambda-v0.1.0	-	qadv-arbiter-7x7-rust-lambda-v0.1.0	-	L	P	196
g1_B43KKofvjqmNkjBCzU_oM1R05DCigSNX20eY4roc550	s1_RauLaTi4eVgYHSp2TV9pqs9uzTVv0B10g9TaHMWpcZ4	1unNjF	qadv-arbiter-7x7-rust-lambda-v0.1.0	-	qadv-arbiter-7x7-rust-lambda-v0.1.0	-	L	P	-
g1_B43KKofvjqmNkjBCzU_oM1R05DCigSNX20eY4roc550	s1_VBMg4d8qutaBlPzTcob9WhesN4S1McZinarPGXaORLE	1unNjF	qadv-arbiter-7x7-rust-lambda-v0.1.0	-	qadv-arbiter-7x7-rust-lambda-v0.1.0	-	L	P	196
g1_B43KKofvjqmNkjBCzU_oM1R05DCigSNX20eY4roc550	s1_wJRO79-N68blbYfq-3HXRpThc7t7wkYBWVJ-9AwEoU8	1unNjF	qadv-arbiter-7x7-rust-lambda-v0.1.0	-	qadv-arbiter-7x7-rust-lambda-v0.1.0	-	L	P	196
g1_B46GBaGlBONdG66VRpXZOc2ypVbiV3AoWFukhlcO_rQ	s1_sNHDjucG3PyV4JldoL5xMeLmgQ0OTmGEbKgD4yuoYts	1DIW1	rust-pathfinder-v0.1.0	-	rust-surveyor-v0.1.0	-	L	P	-
g1_B4c4xNlBYXcXAW9m_oGAstXb56rEF6CAL6HtK8WGpdw	s1_CqUNX0u1LhnsvDrRYvizJwQU2ur4ttA0w--PQCmGexk	1unNrT	qadv-arbiter-7x7-rust-lambda-v0.1.0	-	qadv-arbiter-7x7-rust-lambda-v0.1.0	-	L	P	196
g1_B4c4xNlBYXcXAW9m_oGAstXb56rEF6CAL6HtK8WGpdw	s1_RauLaTi4eVgYHSp2TV9pqs9uzTVv0B10g9TaHMWpcZ4	1unNrT	qadv-arbiter-7x7-rust-lambda-v0.1.0	-	qadv-arbiter-7x7-rust-lambda-v0.1.0	-	L	P	-
g1_B4c4xNlBYXcXAW9m_oGAstXb56rEF6CAL6HtK8WGpdw	s1_iny91nT0DkLvnmRcHmUaLc2PjGC1y-8oWY4hdS-048A	1unNrT	qadv-arbiter-7x7-rust-lambda-v0.1.0	-	qadv-arbiter-7x7-rust-lambda-v0.1.0	-	L	P	196
g1_B4c4xNlBYXcXAW9m_oGAstXb56rEF6CAL6HtK8WGpdw	s1_iqSNFjbAG329_4Zz8qWMwQHz8SmO_THjgRwVFNV9Xyg	1unNrT	qadv-arbiter-7x7-rust-lambda-v0.1.0	-	qadv-arbiter-7x7-rust-lambda-v0.1.0	-	L	P	196
g1_B4dYdhK0hMu7hSarL8qwP8dYKm1_xUN8Imf4k373rE0	s1_LjD8ukM-gEoXTP1RCOuA9416W52N_cEYa3VtxKwXuyg	1unNtx	qadv-arbiter-7x7-rust-lambda-v0.1.0	-	qadv-arbiter-7x7-rust-lambda-v0.1.0	-	L	P	196
g1_B4dYdhK0hMu7hSarL8qwP8dYKm1_xUN8Imf4k373rE0	s1_RauLaTi4eVgYHSp2TV9pqs9uzTVv0B10g9TaHMWpcZ4	1unNtx	qadv-arbiter-7x7-rust-lambda-v0.1.0	-	qadv-arbiter-7x7-rust-lambda-v0.1.0	-	L	P	-
g1_B4dYdhK0hMu7hSarL8qwP8dYKm1_xUN8Imf4k373rE0	s1_kFL4XNx-zbdkZczmOlHxbAhpOQM2kBFKq1_y3KXZebc	1unNtx	qadv-arbiter-7x7-rust-lambda-v0.1.0	-	qadv-arbiter-7x7-rust-lambda-v0.1.0	-	L	P	196
g1_B4dYdhK0hMu7hSarL8qwP8dYKm1_xUN8Imf4k373rE0	s1_mwa1TzXP66pgckMK2MeNwyj_iKfQdhqP1OKyXTfTaDk	1unNtx	qadv-arbiter-7x7-rust-lambda-v0.1.0	-	qadv-arbiter-7x7-rust-lambda-v0.1.0	-	L	P	196
g1_B4luOneoVcyo_3RR6TdguDJ2lsSCGEbSGFjN3V7Mht0	s1_4h1OPx0QipNznScuFveXNUZFZF8DolEn1AOU5G2MjGU	1unOfF	qadv-arbiter-7x7-rust-lambda-v0.1.0	-	qadv-arbiter-7x7-rust-lambda-v0.1.0	-	L	P	196
g1_B4luOneoVcyo_3RR6TdguDJ2lsSCGEbSGFjN3V7Mht0	s1_RauLaTi4eVgYHSp2TV9pqs9uzTVv0B10g9TaHMWpcZ4	1unOfF	qadv-arbiter-7x7-rust-lambda-v0.1.0	-	qadv-arbiter-7x7-rust-lambda-v0.1.0	-	L	P	-
g1_B4luOneoVcyo_3RR6TdguDJ2lsSCGEbSGFjN3V7Mht0	s1_SFNsHi0qHRM_gbPyPWEznCPvjyJkBsthrSev5r0UyoE	1unOfF	qadv-arbiter-7x7-rust-lambda-v0.1.0	-	qadv-arbiter-7x7-rust-lambda-v0.1.0	-	L	P	196
g1_B4luOneoVcyo_3RR6TdguDJ2lsSCGEbSGFjN3V7Mht0	s1_zxvav78DpIcpQBVV9Z5uh1V0kvQJ_5oeMyDyRvldAMo	1unOfF	qadv-arbiter-7x7-rust-lambda-v0.1.0	-	qadv-arbiter-7x7-rust-lambda-v0.1.0	-	L	P	196
g1_B4s-olC1n3WUnlUe4BIJM98B1mI9ARFESLZs1L1RaOM	s1_ORohqmv9KLAwgK6enPC-ZmeeGiVs2HKcj6aOpAyXNX8	1unMPY	qadv-arbiter-7x7-rust-lambda-v0.1.0	-	qadv-arbiter-7x7-rust-lambda-v0.1.0	-	L	P	196
g1_B4s-olC1n3WUnlUe4BIJM98B1mI9ARFESLZs1L1RaOM	s1_RauLaTi4eVgYHSp2TV9pqs9uzTVv0B10g9TaHMWpcZ4	1unMPY	qadv-arbiter-7x7-rust-lambda-v0.1.0	-	qadv-arbiter-7x7-rust-lambda-v0.1.0	-	L	P	-
g1_B4s-olC1n3WUnlUe4BIJM98B1mI9ARFESLZs1L1RaOM	s1_rqTDAX6eDqhU6KZoakimKnpU7XJ4lv0E2qj_2SQAySI	1unMPY	qadv-arbiter-7x7-rust-lambda-v0.1.0	-	qadv-arbiter-7x7-rust-lambda-v0.1.0	-	L	P	196
g1_B4s-olC1n3WUnlUe4BIJM98B1mI9ARFESLZs1L1RaOM	s1_vNbkr2hJwko508WUUf1Cqt55nh0qRiVYzQUZG3xO5OE	1unMPY	qadv-arbiter-7x7-rust-lambda-v0.1.0	-	qadv-arbiter-7x7-rust-lambda-v0.1.0	-	L	P	196
g1_B5-Bl5zi4x2RVeb31yqbg5ToXK9AKMKvPlCe3InSEZ4	s1_6uDvqC-RsCS9dOLYuC0zr0RM2Q0Lyq5sNl4itiiUZ84	1unOIF	qadv-arbiter-7x7-rust-lambda-v0.1.0	-	qadv-arbiter-7x7-rust-lambda-v0.1.0	-	D	P	196
g1_B5-Bl5zi4x2RVeb31yqbg5ToXK9AKMKvPlCe3InSEZ4	s1_RauLaTi4eVgYHSp2TV9pqs9uzTVv0B10g9TaHMWpcZ4	1unOIF	qadv-arbiter-7x7-rust-lambda-v0.1.0	-	qadv-arbiter-7x7-rust-lambda-v0.1.0	-	D	P	-
g1_B5-Bl5zi4x2RVeb31yqbg5ToXK9AKMKvPlCe3InSEZ4	s1_dcSY7eFDdgmaSsV_rBE6Nv5CK6FA5XGD7yg1P36a4zc	1unOIF	qadv-arbiter-7x7-rust-lambda-v0.1.0	-	qadv-arbiter-7x7-rust-lambda-v0.1.0	-	D	P	196
g1_B5-Bl5zi4x2RVeb31yqbg5ToXK9AKMKvPlCe3InSEZ4	s1_n2dt6JcLQ7avRwEl0VmU-0tYMgpV0i70dY-y4Fg3czU	1unOIF	qadv-arbiter-7x7-rust-lambda-v0.1.0	-	qadv-arbiter-7x7-rust-lambda-v0.1.0	-	D	P	196
g1_B58tPUbSHKS0nEF8OsCoQ1LCyUz5TUfmTEpk8OH8DI4	s1_9HRmlGo8Fe6MqJvPPDdE-4pgWsftbC3_K4V8tXP2JvQ	1unPLl	qadv-arbiter-7x7-rust-lambda-v0.1.0	-	qadv-arbiter-7x7-rust-lambda-v0.1.0	-	L	P	196
g1_B58tPUbSHKS0nEF8OsCoQ1LCyUz5TUfmTEpk8OH8DI4	s1_RauLaTi4eVgYHSp2TV9pqs9uzTVv0B10g9TaHMWpcZ4	1unPLl	qadv-arbiter-7x7-rust-lambda-v0.1.0	-	qadv-arbiter-7x7-rust-lambda-v0.1.0	-	L	P	-
g1_B58tPUbSHKS0nEF8OsCoQ1LCyUz5TUfmTEpk8OH8DI4	s1__NFYrdd7TfDIYRnAFczPHjRRFpFjSJB8W3XwSUClB40	1unPLl	qadv-arbiter-7x7-rust-lambda-v0.1.0	-	qadv-arbiter-7x7-rust-lambda-v0.1.0	-	L	P	196
g1_B58tPUbSHKS0nEF8OsCoQ1LCyUz5TUfmTEpk8OH8DI4	s1_oY0m3jK2qbGXqUB-dVw_qerdxMbYPvwU0WoCOOdJNq8	1unPLl	qadv-arbiter-7x7-rust-lambda-v0.1.0	-	qadv-arbiter-7x7-rust-lambda-v0.1.0	-	L	P	196
g1_B5DNlnQV5V73eakqGqTEl3QS6C-Gd5BsP6uNFwW8h0A	s1_1av6nXQkq-GSHXfjkVlGHGpAq8F9UbW4JwZmyFA-vww	1FcxO	surveyor-v0.2.0	-	coin-flip-v0.0.1	-	L	P	196
g1_B5DNlnQV5V73eakqGqTEl3QS6C-Gd5BsP6uNFwW8h0A	s1_Brk0hkuJoH-MBjdd53AO5tlWcOgDWV_R0PO74fHGd_0	1FcxO	surveyor-v0.2.0	-	coin-flip-v0.0.1	-	L	P	196
g1_B5DNlnQV5V73eakqGqTEl3QS6C-Gd5BsP6uNFwW8h0A	s1_gPoZ5rByZErTaB0WLQoU6LVl6WlfprkiDFHagxLzf2Q	1FcxO	surveyor-v0.2.0	-	coin-flip-v0.0.1	-	L	P	196
g1_B5G3ACgeHspyi6dpyJHh64TzPngGEPrxj8-tBkWwkwc	s1_1LB6NAgPOeCp4r8rQw4kUOIXWpEdWysFm5RZjWCQSgc	1umwcw	python-gnn-puct-learner-v0.1.0	sha256:ab0f739cd33d66781faf60e27797c5ccba3c04ba684f8d9e32e9c2754f4e8956	python-gnn-puct-learner-v0.1.0	sha256:ab0f739cd33d66781faf60e27797c5ccba3c04ba684f8d9e32e9c2754f4e8956	D	P	196
g1_B5G3ACgeHspyi6dpyJHh64TzPngGEPrxj8-tBkWwkwc	s1_P4NHYhwuVnEA-dG2X-UVeVotb84A5mwljbYTlTMqr8w	1umwcw	python-gnn-puct-learner-v0.1.0	sha256:ab0f739cd33d66781faf60e27797c5ccba3c04ba684f8d9e32e9c2754f4e8956	python-gnn-puct-learner-v0.1.0	sha256:ab0f739cd33d66781faf60e27797c5ccba3c04ba684f8d9e32e9c2754f4e8956	D	P	196
g1_B5UgCpVYMEoNsPRwREUvn-iXut-8LV3p-ObH4V26Ygo	s1_Af4nNPIhfMWiU3dB1G3Gp_JWApeR94z_15EQU4h1vvM	1un7rk	qadv-arbiter-guided-7x7-v0.2.0	sha256:9c0e5e530df7db77a98f6a2e75fe63a6f629c6ad6563e0b5454793ebc243b14d	lunatic-v0.1.0	-	D	P	196
g1_B5UgCpVYMEoNsPRwREUvn-iXut-8LV3p-ObH4V26Ygo	s1_CEtnyncu2FLKw6vcW0aWifhBSjwFeejMqSxt64wjUx0	1un7rk	qadv-arbiter-guided-7x7-v0.2.0	sha256:9c0e5e530df7db77a98f6a2e75fe63a6f629c6ad6563e0b5454793ebc243b14d	lunatic-v0.1.0	-	D	P	196
g1_B5UgCpVYMEoNsPRwREUvn-iXut-8LV3p-ObH4V26Ygo	s1_O3cuwuia8XT9TI7Nxr3tRcajOA20XFHEIT2fYX3WizY	1un7ay	qadv-arbiter-guided-7x7-v0.2.0	sha256:9c0e5e530df7db77a98f6a2e75fe63a6f629c6ad6563e0b5454793ebc243b14d	lunatic-v0.1.0	-	D	P	196
g1_B5UgCpVYMEoNsPRwREUvn-iXut-8LV3p-ObH4V26Ygo	s1_gY_boSu5A8XG5a9XmME0tXm6pud0vwcbDekozVtP3iE	1un7ay	qadv-arbiter-guided-7x7-v0.2.0	sha256:9c0e5e530df7db77a98f6a2e75fe63a6f629c6ad6563e0b5454793ebc243b14d	lunatic-v0.1.0	-	D	P	196
g1_B5UgCpVYMEoNsPRwREUvn-iXut-8LV3p-ObH4V26Ygo	s1_kkT8qkQBd2qeSRsdFDNDwTiWXOzS6wyj7q-eie2p0s4	1un7rk	qadv-arbiter-guided-7x7-v0.2.0	sha256:9c0e5e530df7db77a98f6a2e75fe63a6f629c6ad6563e0b5454793ebc243b14d	lunatic-v0.1.0	-	D	P	196
g1_B5UgCpVYMEoNsPRwREUvn-iXut-8LV3p-ObH4V26Ygo	s1_nGMROr4JGS862bFLFUfH2a8ENp-zb33TaK0vhF2LgKs	1un7ay	qadv-arbiter-guided-7x7-v0.2.0	sha256:9c0e5e530df7db77a98f6a2e75fe63a6f629c6ad6563e0b5454793ebc243b14d	lunatic-v0.1.0	-	D	P	196
g1_B5aL336TUlgRSuMG6r13x68PE2lABkplL9FVCOCFrBk	s1_JBujwSO9prak68qdp6bpE810QxA2MpZ4tA2N9ESC3YU	1unQ0F	qadv-arbiter-7x7-rust-lambda-v0.1.0	-	qadv-arbiter-7x7-rust-lambda-v0.1.0	-	D	P	196
g1_B5aL336TUlgRSuMG6r13x68PE2lABkplL9FVCOCFrBk	s1_Pi7Z2Y8ITQudA54YNVyPHhhjR-1jg3edYRQM-a_48Pc	1unQ0F	qadv-arbiter-7x7-rust-lambda-v0.1.0	-	qadv-arbiter-7x7-rust-lambda-v0.1.0	-	D	P	196
g1_B5aL336TUlgRSuMG6r13x68PE2lABkplL9FVCOCFrBk	s1_RauLaTi4eVgYHSp2TV9pqs9uzTVv0B10g9TaHMWpcZ4	1unQ0F	qadv-arbiter-7x7-rust-lambda-v0.1.0	-	qadv-arbiter-7x7-rust-lambda-v0.1.0	-	D	P	-
g1_B5aL336TUlgRSuMG6r13x68PE2lABkplL9FVCOCFrBk	s1_kQYMoZfs195xErTRcBzFpxyn3MVe9u1MWF4eEYbzEPs	1unQ0F	qadv-arbiter-7x7-rust-lambda-v0.1.0	-	qadv-arbiter-7x7-rust-lambda-v0.1.0	-	D	P	196
g1_B5fv8zw4WlLD1wOSbdLLDYQ3QyC-CF3VVqgZzQuQoOo	s1_9qrFcwM5zz7f8w42E1Sg0GBdEqd3-ErxJM0sk9lWZMc	1unPVG	qadv-arbiter-7x7-rust-lambda-v0.1.0	-	qadv-arbiter-7x7-rust-lambda-v0.1.0	-	D	P	196
g1_B5fv8zw4WlLD1wOSbdLLDYQ3QyC-CF3VVqgZzQuQoOo	s1_F01LLe88vLN8NVyYLHc1HvWQ7XoB0mV2Y3mBYXJtaQ4	1unPVG	qadv-arbiter-7x7-rust-lambda-v0.1.0	-	qadv-arbiter-7x7-rust-lambda-v0.1.0	-	D	P	196
g1_B5fv8zw4WlLD1wOSbdLLDYQ3QyC-CF3VVqgZzQuQoOo	s1_RauLaTi4eVgYHSp2TV9pqs9uzTVv0B10g9TaHMWpcZ4	1unPVG	qadv-arbiter-7x7-rust-lambda-v0.1.0	-	qadv-arbiter-7x7-rust-lambda-v0.1.0	-	D	P	-
g1_B5fv8zw4WlLD1wOSbdLLDYQ3QyC-CF3VVqgZzQuQoOo	s1_UMg28l4Wg7Fptugv82Ixb9Gr2TpJpcloPpBzOe07AAY	1unPVG	qadv-arbiter-7x7-rust-lambda-v0.1.0	-	qadv-arbiter-7x7-rust-lambda-v0.1.0	-	D	P	196
g1_B5guNgL_fflbZ9OQW7t7pmYOLzrNlD7LtcyTD7mj1OA	s1_Bfv0SqiAaWav8aFz4Y5sv0jWqV8MWn28Iy0Uavw2p-4	1unN3a	qadv-arbiter-7x7-rust-lambda-v0.1.0	-	qadv-arbiter-7x7-rust-lambda-v0.1.0	-	D	P	196
g1_B5guNgL_fflbZ9OQW7t7pmYOLzrNlD7LtcyTD7mj1OA	s1_CyZergBgdDO6EE-fsLpdtkBQst0MNBBYa-NTEIEhhko	1unN3a	qadv-arbiter-7x7-rust-lambda-v0.1.0	-	qadv-arbiter-7x7-rust-lambda-v0.1.0	-	D	P	196
g1_B5guNgL_fflbZ9OQW7t7pmYOLzrNlD7LtcyTD7mj1OA	s1_LPhnMT9yhyjW_CdnBdMWv4stCw1f2phNI63q5KchSIs	1unN3a	qadv-arbiter-7x7-rust-lambda-v0.1.0	-	qadv-arbiter-7x7-rust-lambda-v0.1.0	-	D	P	196
g1_B5guNgL_fflbZ9OQW7t7pmYOLzrNlD7LtcyTD7mj1OA	s1_RauLaTi4eVgYHSp2TV9pqs9uzTVv0B10g9TaHMWpcZ4	1unN3a	qadv-arbiter-7x7-rust-lambda-v0.1.0	-	qadv-arbiter-7x7-rust-lambda-v0.1.0	-	D	P	-
g1_B5stBFSht3wW7654ZCt2ASTY1GCLPpkP9lfegbZCvS0	s1_1av6nXQkq-GSHXfjkVlGHGpAq8F9UbW4JwZmyFA-vww	1umvT7	python-gnn-puct-learner-v0.1.0	sha256:ab0f739cd33d66781faf60e27797c5ccba3c04ba684f8d9e32e9c2754f4e8956	python-gnn-puct-learner-v0.1.0	sha256:ab0f739cd33d66781faf60e27797c5ccba3c04ba684f8d9e32e9c2754f4e8956	-	M	196
g1_B5stBFSht3wW7654ZCt2ASTY1GCLPpkP9lfegbZCvS0	s1_Brk0hkuJoH-MBjdd53AO5tlWcOgDWV_R0PO74fHGd_0	1umvT7	python-gnn-puct-learner-v0.1.0	sha256:ab0f739cd33d66781faf60e27797c5ccba3c04ba684f8d9e32e9c2754f4e8956	python-gnn-puct-learner-v0.1.0	sha256:ab0f739cd33d66781faf60e27797c5ccba3c04ba684f8d9e32e9c2754f4e8956	-	M	196
g1_B5stBFSht3wW7654ZCt2ASTY1GCLPpkP9lfegbZCvS0	s1_QBFUsDtxokERlDOdQkleYbPvhJ-vIp2qmp6DXjS-7oM	1umvT7	python-gnn-puct-learner-v0.1.0	sha256:ab0f739cd33d66781faf60e27797c5ccba3c04ba684f8d9e32e9c2754f4e8956	python-gnn-puct-learner-v0.1.0	sha256:ab0f739cd33d66781faf60e27797c5ccba3c04ba684f8d9e32e9c2754f4e8956	-	M	196
g1_B5uo67XWECqEMfLsxMpuWf1HL8hdWG_9s8BxpOVUR28	s1_1XoxENw8Z_E12JzQZ6H9rkrRJk1Wo7aAAvq4jhDVyGo	1un5f3	surveyor-v0.2.0	-	qadv-arbiter-guided-7x7-v0.2.0	sha256:9c0e5e530df7db77a98f6a2e75fe63a6f629c6ad6563e0b5454793ebc243b14d	L	P	196
g1_B5uo67XWECqEMfLsxMpuWf1HL8hdWG_9s8BxpOVUR28	s1_B6ml-YgwB5VXgxp0PoO1RRXMAoj3DlUT0Tdp2gfNpHY	1un4ux	surveyor-v0.2.0	-	qadv-arbiter-guided-7x7-v0.2.0	sha256:9c0e5e530df7db77a98f6a2e75fe63a6f629c6ad6563e0b5454793ebc243b14d	L	P	196
g1_B5uo67XWECqEMfLsxMpuWf1HL8hdWG_9s8BxpOVUR28	s1_IswyJu28REICZ-TLOKz3zWDxdApiHK2RV21V_hp9lz0	1un4ux	surveyor-v0.2.0	-	qadv-arbiter-guided-7x7-v0.2.0	sha256:9c0e5e530df7db77a98f6a2e75fe63a6f629c6ad6563e0b5454793ebc243b14d	L	P	196
g1_B5uo67XWECqEMfLsxMpuWf1HL8hdWG_9s8BxpOVUR28	s1_O3cuwuia8XT9TI7Nxr3tRcajOA20XFHEIT2fYX3WizY	1un4ux	surveyor-v0.2.0	-	qadv-arbiter-guided-7x7-v0.2.0	sha256:9c0e5e530df7db77a98f6a2e75fe63a6f629c6ad6563e0b5454793ebc243b14d	L	P	196
g1_B5uo67XWECqEMfLsxMpuWf1HL8hdWG_9s8BxpOVUR28	s1_Wm96nwaIWKpAJ3RfJi_pk_r6EF_3M78D0GXx9IBk1xo	1un5f3	surveyor-v0.2.0	-	qadv-arbiter-guided-7x7-v0.2.0	sha256:9c0e5e530df7db77a98f6a2e75fe63a6f629c6ad6563e0b5454793ebc243b14d	L	P	196
g1_B5ushgvFMOnc-bS2HrIgtdA71RwBsy4W60ZtKsoAlT0	s1_3zgVaotqs9ZAZelAqOFA5QqGDcOL49coO4jgQ8qCfw8	1unPtf	qadv-arbiter-7x7-rust-lambda-v0.1.0	-	qadv-arbiter-7x7-rust-lambda-v0.1.0	-	D	P	196
g1_B5ushgvFMOnc-bS2HrIgtdA71RwBsy4W60ZtKsoAlT0	s1_RauLaTi4eVgYHSp2TV9pqs9uzTVv0B10g9TaHMWpcZ4	1unPtf	qadv-arbiter-7x7-rust-lambda-v0.1.0	-	qadv-arbiter-7x7-rust-lambda-v0.1.0	-	D	P	-
g1_B5ushgvFMOnc-bS2HrIgtdA71RwBsy4W60ZtKsoAlT0	s1_VUq4qAGcunWwL_MCfgfKEH3QSLzKiF8ATZReitLm8rA	1unPtf	qadv-arbiter-7x7-rust-lambda-v0.1.0	-	qadv-arbiter-7x7-rust-lambda-v0.1.0	-	D	P	196
g1_B5ushgvFMOnc-bS2HrIgtdA71RwBsy4W60ZtKsoAlT0	s1_oWPh-sY8KushVghIWJUkdTsDWReUm4-3pzTpd9idOY0	1unPtf	qadv-arbiter-7x7-rust-lambda-v0.1.0	-	qadv-arbiter-7x7-rust-lambda-v0.1.0	-	D	P	196
g1_B5vvW88UA-h0BY_vHprBr5zaQwZ4eH1f0BXeAAqwePU	s1_4h1OPx0QipNznScuFveXNUZFZF8DolEn1AOU5G2MjGU	1unOe7	qadv-arbiter-7x7-rust-lambda-v0.1.0	-	qadv-arbiter-7x7-rust-lambda-v0.1.0	-	L	P	196
g1_B5vvW88UA-h0BY_vHprBr5zaQwZ4eH1f0BXeAAqwePU	s1_RauLaTi4eVgYHSp2TV9pqs9uzTVv0B10g9TaHMWpcZ4	1unOe7	qadv-arbiter-7x7-rust-lambda-v0.1.0	-	qadv-arbiter-7x7-rust-lambda-v0.1.0	-	L	P	-
g1_B5vvW88UA-h0BY_vHprBr5zaQwZ4eH1f0BXeAAqwePU	s1_lHT-wi0VHYkhK8_duuBHwQetDq-ZxavzVqdWGrewfhQ	1unOe7	qadv-arbiter-7x7-rust-lambda-v0.1.0	-	qadv-arbiter-7x7-rust-lambda-v0.1.0	-	L	P	196
g1_B5vvW88UA-h0BY_vHprBr5zaQwZ4eH1f0BXeAAqwePU	s1_zxvav78DpIcpQBVV9Z5uh1V0kvQJ_5oeMyDyRvldAMo	1unOe7	qadv-arbiter-7x7-rust-lambda-v0.1.0	-	qadv-arbiter-7x7-rust-lambda-v0.1.0	-	L	P	196
g1_B628_KD4a7sbVw1fC_XMup8bleBDA-Ak0yVsJaOyInM	s1_6PxtazPxkizz7K9QTWPSCIopEV5n0zpHoq3F52yO_6U	1umwnM	python-cnn-puct-v0.1.0	sha256:7845e9b7687beee165dc36b8d21833b7a8b5a83e31b58b49bd05c277ba26e642	python-cnn-puct-v0.1.0	sha256:7845e9b7687beee165dc36b8d21833b7a8b5a83e31b58b49bd05c277ba26e642	D	P	196
g1_B628_KD4a7sbVw1fC_XMup8bleBDA-Ak0yVsJaOyInM	s1_baRgKA_wMXdl0r4AwdkUfhWC04qxd1MvEGXAQaDd4fo	1umwnM	python-cnn-puct-v0.1.0	sha256:7845e9b7687beee165dc36b8d21833b7a8b5a83e31b58b49bd05c277ba26e642	python-cnn-puct-v0.1.0	sha256:7845e9b7687beee165dc36b8d21833b7a8b5a83e31b58b49bd05c277ba26e642	D	P	196
g1_B63wLtGDs-fPLuKAqun5OSXlwZokJKilkdGDJJ3sHG4	s1_6PxtazPxkizz7K9QTWPSCIopEV5n0zpHoq3F52yO_6U	1umwsN	python-cnn-puct-v0.1.0	sha256:7845e9b7687beee165dc36b8d21833b7a8b5a83e31b58b49bd05c277ba26e642	python-cnn-puct-v0.1.0	sha256:7845e9b7687beee165dc36b8d21833b7a8b5a83e31b58b49bd05c277ba26e642	D	P	196
g1_B63wLtGDs-fPLuKAqun5OSXlwZokJKilkdGDJJ3sHG4	s1_baRgKA_wMXdl0r4AwdkUfhWC04qxd1MvEGXAQaDd4fo	1umwsN	python-cnn-puct-v0.1.0	sha256:7845e9b7687beee165dc36b8d21833b7a8b5a83e31b58b49bd05c277ba26e642	python-cnn-puct-v0.1.0	sha256:7845e9b7687beee165dc36b8d21833b7a8b5a83e31b58b49bd05c277ba26e642	D	P	196
g1_B65HKCJHHTjsWzm6Z3mFDjEwsZR7ms8eVvBoG_-FXMQ	s1_1av6nXQkq-GSHXfjkVlGHGpAq8F9UbW4JwZmyFA-vww	1DIfU	python-gnn-puct-v0.1.0	sha256:6f9ad6e4a0993da3cf34a8549e86f9b5d512c51e11bfa76dfe051e7a8801bdac	python-gnn-puct-v0.1.0	sha256:6f9ad6e4a0993da3cf34a8549e86f9b5d512c51e11bfa76dfe051e7a8801bdac	D	P	196
g1_B65HKCJHHTjsWzm6Z3mFDjEwsZR7ms8eVvBoG_-FXMQ	s1_del54SUFELBov5vQFrhsVexn6D9EhUPDFZpXuqC6eCI	1DIfU	python-gnn-puct-v0.1.0	sha256:6f9ad6e4a0993da3cf34a8549e86f9b5d512c51e11bfa76dfe051e7a8801bdac	python-gnn-puct-v0.1.0	sha256:6f9ad6e4a0993da3cf34a8549e86f9b5d512c51e11bfa76dfe051e7a8801bdac	D	P	196
g1_B65HKCJHHTjsWzm6Z3mFDjEwsZR7ms8eVvBoG_-FXMQ	s1_g5pGkHBMEhzAYvwFY0b24sSc7wC9JfnWApMHHZ_aMPI	1DIfU	python-gnn-puct-v0.1.0	sha256:6f9ad6e4a0993da3cf34a8549e86f9b5d512c51e11bfa76dfe051e7a8801bdac	python-gnn-puct-v0.1.0	sha256:6f9ad6e4a0993da3cf34a8549e86f9b5d512c51e11bfa76dfe051e7a8801bdac	D	P	196
g1_B65HKCJHHTjsWzm6Z3mFDjEwsZR7ms8eVvBoG_-FXMQ	s1_mWPTef6xYbijjPhDIC6QgLRmu2mMSJAokNlIkx3vg54	1DIfU	python-gnn-puct-v0.1.0	sha256:6f9ad6e4a0993da3cf34a8549e86f9b5d512c51e11bfa76dfe051e7a8801bdac	python-gnn-puct-v0.1.0	sha256:6f9ad6e4a0993da3cf34a8549e86f9b5d512c51e11bfa76dfe051e7a8801bdac	D	P	196
g1_B65HKCJHHTjsWzm6Z3mFDjEwsZR7ms8eVvBoG_-FXMQ	s1_tol_POp6BcgBLMWq8iDfRBQSAXpESHxFwmcCQYXv0yQ	1DIfU	python-gnn-puct-v0.1.0	sha256:6f9ad6e4a0993da3cf34a8549e86f9b5d512c51e11bfa76dfe051e7a8801bdac	python-gnn-puct-v0.1.0	sha256:6f9ad6e4a0993da3cf34a8549e86f9b5d512c51e11bfa76dfe051e7a8801bdac	D	P	196
g1_B6A7l-mU2iNmVvPPvpJdc9yDYehiKvXb2ZsrURbmQ_0	s1_6PxtazPxkizz7K9QTWPSCIopEV5n0zpHoq3F52yO_6U	1umwjf	python-cnn-puct-v0.1.0	sha256:7845e9b7687beee165dc36b8d21833b7a8b5a83e31b58b49bd05c277ba26e642	python-cnn-puct-v0.1.0	sha256:7845e9b7687beee165dc36b8d21833b7a8b5a83e31b58b49bd05c277ba26e642	L	P	196
g1_B6A7l-mU2iNmVvPPvpJdc9yDYehiKvXb2ZsrURbmQ_0	s1_baRgKA_wMXdl0r4AwdkUfhWC04qxd1MvEGXAQaDd4fo	1umwjf	python-cnn-puct-v0.1.0	sha256:7845e9b7687beee165dc36b8d21833b7a8b5a83e31b58b49bd05c277ba26e642	python-cnn-puct-v0.1.0	sha256:7845e9b7687beee165dc36b8d21833b7a8b5a83e31b58b49bd05c277ba26e642	L	P	196
g1_B6bXu12Xbg6JXbAFDoPFcnNhFIv836jkrgob3JjPucY	s1_79c0lRY366fqcFEE7ipCdrGKaEKYlYOjBLxE9lR2TDQ	1unLlp	qadv-arbiter-7x7-rust-lambda-v0.1.0	-	qadv-arbiter-7x7-rust-lambda-v0.1.0	-	L	P	196
g1_B6bXu12Xbg6JXbAFDoPFcnNhFIv836jkrgob3JjPucY	s1_RauLaTi4eVgYHSp2TV9pqs9uzTVv0B10g9TaHMWpcZ4	1unLlp	qadv-arbiter-7x7-rust-lambda-v0.1.0	-	qadv-arbiter-7x7-rust-lambda-v0.1.0	-	L	P	-
g1_B6bXu12Xbg6JXbAFDoPFcnNhFIv836jkrgob3JjPucY	s1_YnyA2-c_iTb-qH4jLE0gVPzgIpJV73p3jrYwAErzEIQ	1unLlp	qadv-arbiter-7x7-rust-lambda-v0.1.0	-	qadv-arbiter-7x7-rust-lambda-v0.1.0	-	L	P	196
g1_B6bXu12Xbg6JXbAFDoPFcnNhFIv836jkrgob3JjPucY	s1_dLmqD8QmFdVG2MbmkkMn9GdBhpAnFbd-hmevUt06OL8	1unLlp	qadv-arbiter-7x7-rust-lambda-v0.1.0	-	qadv-arbiter-7x7-rust-lambda-v0.1.0	-	L	P	196
g1_B6nEzvTMqJt214qUqe8ab8fKgFi3NusddpR9d13aR1M	s1_5shodee_HUU_D9FALbZIrE3MhfiRInUN-SDcMRw-vhc	1unM-N	qadv-arbiter-7x7-rust-lambda-v0.1.0	-	qadv-arbiter-7x7-rust-lambda-v0.1.0	-	L	P	196
g1_B6nEzvTMqJt214qUqe8ab8fKgFi3NusddpR9d13aR1M	s1_RauLaTi4eVgYHSp2TV9pqs9uzTVv0B10g9TaHMWpcZ4	1unM-N	qadv-arbiter-7x7-rust-lambda-v0.1.0	-	qadv-arbiter-7x7-rust-lambda-v0.1.0	-	L	P	-
g1_B6nEzvTMqJt214qUqe8ab8fKgFi3NusddpR9d13aR1M	s1_f6Hwdka337JonZ2QLEEZXNHX0VD0IIV6-iJBs0UfSJ8	1unM-N	qadv-arbiter-7x7-rust-lambda-v0.1.0	-	qadv-arbiter-7x7-rust-lambda-v0.1.0	-	L	P	196
g1_B6nEzvTMqJt214qUqe8ab8fKgFi3NusddpR9d13aR1M	s1_lB6fX-8ShsRFR31QI50OiHpkMxV-XdSdXVkQ3rNyU9Y	1unM-N	qadv-arbiter-7x7-rust-lambda-v0.1.0	-	qadv-arbiter-7x7-rust-lambda-v0.1.0	-	L	P	196
g1_B6rA3gHGgov3Nbmgzyy8L7zscA787FGR7dU5pejPU_E	s1_M7Cp-2zjeVZHeX1FsiZYUNK0aW_iFfTl3UHOtwPmOp8	1un7Mc	qadv-arbiter-guided-7x7-v0.2.0	sha256:9c0e5e530df7db77a98f6a2e75fe63a6f629c6ad6563e0b5454793ebc243b14d	cnn-reval30k-7x7	sha256:7439239ff343dcc422cb918560b1b72433f2e13628580427343a446f349c6f5a	L	P	196
g1_B6rA3gHGgov3Nbmgzyy8L7zscA787FGR7dU5pejPU_E	s1_O3cuwuia8XT9TI7Nxr3tRcajOA20XFHEIT2fYX3WizY	1un7Mc	qadv-arbiter-guided-7x7-v0.2.0	sha256:9c0e5e530df7db77a98f6a2e75fe63a6f629c6ad6563e0b5454793ebc243b14d	cnn-reval30k-7x7	sha256:7439239ff343dcc422cb918560b1b72433f2e13628580427343a446f349c6f5a	L	P	196
g1_B6rA3gHGgov3Nbmgzyy8L7zscA787FGR7dU5pejPU_E	s1_PaYIJI1Mc5m5nesIKqVUFGpeOr4xHJQX7sHfjidCXI4	1un7Mc	qadv-arbiter-guided-7x7-v0.2.0	sha256:9c0e5e530df7db77a98f6a2e75fe63a6f629c6ad6563e0b5454793ebc243b14d	cnn-reval30k-7x7	sha256:7439239ff343dcc422cb918560b1b72433f2e13628580427343a446f349c6f5a	L	P	196
g1_B6wePK3E8k1038n-oHLQxAZDAaJRmFlQVLum9nZOYl0	s1_1av6nXQkq-GSHXfjkVlGHGpAq8F9UbW4JwZmyFA-vww	1umvPq	python-gnn-puct-learner-v0.1.0	sha256:ab0f739cd33d66781faf60e27797c5ccba3c04ba684f8d9e32e9c2754f4e8956	python-gnn-puct-learner-v0.1.0	sha256:ab0f739cd33d66781faf60e27797c5ccba3c04ba684f8d9e32e9c2754f4e8956	-	M	196
g1_B6wePK3E8k1038n-oHLQxAZDAaJRmFlQVLum9nZOYl0	s1_Brk0hkuJoH-MBjdd53AO5tlWcOgDWV_R0PO74fHGd_0	1umvPq	python-gnn-puct-learner-v0.1.0	sha256:ab0f739cd33d66781faf60e27797c5ccba3c04ba684f8d9e32e9c2754f4e8956	python-gnn-puct-learner-v0.1.0	sha256:ab0f739cd33d66781faf60e27797c5ccba3c04ba684f8d9e32e9c2754f4e8956	-	M	196
g1_B6wePK3E8k1038n-oHLQxAZDAaJRmFlQVLum9nZOYl0	s1_QBFUsDtxokERlDOdQkleYbPvhJ-vIp2qmp6DXjS-7oM	1umvPq	python-gnn-puct-learner-v0.1.0	sha256:ab0f739cd33d66781faf60e27797c5ccba3c04ba684f8d9e32e9c2754f4e8956	python-gnn-puct-learner-v0.1.0	sha256:ab0f739cd33d66781faf60e27797c5ccba3c04ba684f8d9e32e9c2754f4e8956	-	M	196
g1_B7-HQzN6njpte_PVcST2K1Ut14oloBgTGt3XN3mTSbM	s1_APBcHH32VeB3IR6geHcCTOKzqQAm5kv9bhTkyboKI0s	1unPa2	qadv-arbiter-7x7-rust-lambda-v0.1.0	-	qadv-arbiter-7x7-rust-lambda-v0.1.0	-	D	P	196
g1_B7-HQzN6njpte_PVcST2K1Ut14oloBgTGt3XN3mTSbM	s1_K9MBgnC491Gw363rEAOXcel5eSzoB9LnX73SwKP_wl4	1unPa2	qadv-arbiter-7x7-rust-lambda-v0.1.0	-	qadv-arbiter-7x7-rust-lambda-v0.1.0	-	D	P	196
g1_B7-HQzN6njpte_PVcST2K1Ut14oloBgTGt3XN3mTSbM	s1_RauLaTi4eVgYHSp2TV9pqs9uzTVv0B10g9TaHMWpcZ4	1unPa2	qadv-arbiter-7x7-rust-lambda-v0.1.0	-	qadv-arbiter-7x7-rust-lambda-v0.1.0	-	D	P	-
g1_B7-HQzN6njpte_PVcST2K1Ut14oloBgTGt3XN3mTSbM	s1_fQT43gKjbTwv-iu6FkPdEIRuMwerQlUB7R4i5hO_Kz8	1unPa2	qadv-arbiter-7x7-rust-lambda-v0.1.0	-	qadv-arbiter-7x7-rust-lambda-v0.1.0	-	D	P	196
g1_B7AAK6nV6ht3kH2h1YWPjbaoJJjsjTDmoEQIS7JIDC8	s1_836MKqWxvnNnqMvncVOCgLZoft9gqfM2dNNG_qL8COI	1unMtN	qadv-arbiter-7x7-rust-lambda-v0.1.0	-	qadv-arbiter-7x7-rust-lambda-v0.1.0	-	L	P	196
g1_B7AAK6nV6ht3kH2h1YWPjbaoJJjsjTDmoEQIS7JIDC8	s1_RauLaTi4eVgYHSp2TV9pqs9uzTVv0B10g9TaHMWpcZ4	1unMtN	qadv-arbiter-7x7-rust-lambda-v0.1.0	-	qadv-arbiter-7x7-rust-lambda-v0.1.0	-	L	P	-
g1_B7AAK6nV6ht3kH2h1YWPjbaoJJjsjTDmoEQIS7JIDC8	s1_nfvSD8A4B1SuMLmeVUxEI27rdbt_3Yy16kGqLfs8DgQ	1unMtN	qadv-arbiter-7x7-rust-lambda-v0.1.0	-	qadv-arbiter-7x7-rust-lambda-v0.1.0	-	L	P	196
g1_B7AAK6nV6ht3kH2h1YWPjbaoJJjsjTDmoEQIS7JIDC8	s1_pDTrZKnu8DU0E7Pko8gTuV_UElzPRuti6CM3a2kCxFw	1unMtN	qadv-arbiter-7x7-rust-lambda-v0.1.0	-	qadv-arbiter-7x7-rust-lambda-v0.1.0	-	L	P	196
g1_B7Cb-5esB43HQ3UoprGrvKF8r38wCxQd7xK-QtEjiLU	s1_RY1LWrw1JZgLE9MCn5kk9kzgYisjQhMXc9H2YleygL0	1unM6Q	qadv-arbiter-7x7-rust-lambda-v0.1.0	-	qadv-arbiter-7x7-rust-lambda-v0.1.0	-	L	P	196
g1_B7Cb-5esB43HQ3UoprGrvKF8r38wCxQd7xK-QtEjiLU	s1_RauLaTi4eVgYHSp2TV9pqs9uzTVv0B10g9TaHMWpcZ4	1unM6Q	qadv-arbiter-7x7-rust-lambda-v0.1.0	-	qadv-arbiter-7x7-rust-lambda-v0.1.0	-	L	P	-
g1_B7Cb-5esB43HQ3UoprGrvKF8r38wCxQd7xK-QtEjiLU	s1_bE_irUl5nHp_DcCEeloVCv4uBUg4L2OdY8awhUDyjsU	1unM6Q	qadv-arbiter-7x7-rust-lambda-v0.1.0	-	qadv-arbiter-7x7-rust-lambda-v0.1.0	-	L	P	196
g1_B7Cb-5esB43HQ3UoprGrvKF8r38wCxQd7xK-QtEjiLU	s1_rJyv5J7zBbSKogB3tSP3e3tlHQc2ZGw9_1IoQwBlXNs	1unM6Q	qadv-arbiter-7x7-rust-lambda-v0.1.0	-	qadv-arbiter-7x7-rust-lambda-v0.1.0	-	L	P	196
g1_B7DaFlbOov09A874a9UcGlvUNIBGEz5Evl4BICSHvQ8	s1_1av6nXQkq-GSHXfjkVlGHGpAq8F9UbW4JwZmyFA-vww	1DIdK	python-gnn-puct-v0.1.0	sha256:6f9ad6e4a0993da3cf34a8549e86f9b5d512c51e11bfa76dfe051e7a8801bdac	python-gnn-puct-v0.1.0	sha256:6f9ad6e4a0993da3cf34a8549e86f9b5d512c51e11bfa76dfe051e7a8801bdac	D	P	196
g1_B7DaFlbOov09A874a9UcGlvUNIBGEz5Evl4BICSHvQ8	s1_Brk0hkuJoH-MBjdd53AO5tlWcOgDWV_R0PO74fHGd_0	1DIdK	python-gnn-puct-v0.1.0	sha256:6f9ad6e4a0993da3cf34a8549e86f9b5d512c51e11bfa76dfe051e7a8801bdac	python-gnn-puct-v0.1.0	sha256:6f9ad6e4a0993da3cf34a8549e86f9b5d512c51e11bfa76dfe051e7a8801bdac	D	P	196
g1_B7DaFlbOov09A874a9UcGlvUNIBGEz5Evl4BICSHvQ8	s1_KmF8KhDbubz6lwdS8R_n_yTGdSONmH9B1wUABbyCj94	1DIdK	python-gnn-puct-v0.1.0	sha256:6f9ad6e4a0993da3cf34a8549e86f9b5d512c51e11bfa76dfe051e7a8801bdac	python-gnn-puct-v0.1.0	sha256:6f9ad6e4a0993da3cf34a8549e86f9b5d512c51e11bfa76dfe051e7a8801bdac	D	P	196
g1_B7DaFlbOov09A874a9UcGlvUNIBGEz5Evl4BICSHvQ8	s1_g5pGkHBMEhzAYvwFY0b24sSc7wC9JfnWApMHHZ_aMPI	1DIdK	python-gnn-puct-v0.1.0	sha256:6f9ad6e4a0993da3cf34a8549e86f9b5d512c51e11bfa76dfe051e7a8801bdac	python-gnn-puct-v0.1.0	sha256:6f9ad6e4a0993da3cf34a8549e86f9b5d512c51e11bfa76dfe051e7a8801bdac	D	P	196
g1_B7DaFlbOov09A874a9UcGlvUNIBGEz5Evl4BICSHvQ8	s1_tol_POp6BcgBLMWq8iDfRBQSAXpESHxFwmcCQYXv0yQ	1DIdK	python-gnn-puct-v0.1.0	sha256:6f9ad6e4a0993da3cf34a8549e86f9b5d512c51e11bfa76dfe051e7a8801bdac	python-gnn-puct-v0.1.0	sha256:6f9ad6e4a0993da3cf34a8549e86f9b5d512c51e11bfa76dfe051e7a8801bdac	D	P	196
g1_B7Qs7gHzwMqF8v8JYacahElj6vi0pPO0Qtb3jKW1ask	s1_93kDp91aEuv2LH2iQ1dRsDiCufe6KR-cxxecD5PMUD0	1unPAD	qadv-arbiter-7x7-rust-lambda-v0.1.0	-	qadv-arbiter-7x7-rust-lambda-v0.1.0	-	D	P	196
g1_B7Qs7gHzwMqF8v8JYacahElj6vi0pPO0Qtb3jKW1ask	s1_Lqnki9_10cm19JydLZUAk7vBBKSBB-oR1d4-xDQY6Z8	1unPAD	qadv-arbiter-7x7-rust-lambda-v0.1.0	-	qadv-arbiter-7x7-rust-lambda-v0.1.0	-	D	P	196
g1_B7Qs7gHzwMqF8v8JYacahElj6vi0pPO0Qtb3jKW1ask	s1_RauLaTi4eVgYHSp2TV9pqs9uzTVv0B10g9TaHMWpcZ4	1unPAD	qadv-arbiter-7x7-rust-lambda-v0.1.0	-	qadv-arbiter-7x7-rust-lambda-v0.1.0	-	D	P	-
g1_B7Qs7gHzwMqF8v8JYacahElj6vi0pPO0Qtb3jKW1ask	s1__2AiRCeigeUs38ucTC8YsAFCk9jRX4bS1BlAUwTp6ig	1unPAD	qadv-arbiter-7x7-rust-lambda-v0.1.0	-	qadv-arbiter-7x7-rust-lambda-v0.1.0	-	D	P	196
g1_B7ZEQwa25R64bMsUslHAxqINIPuIeBFVRoeYbNLEUl4	s1_qtlitMa-GGx-0y2heoyNRonYXf1Dq5epTexnVe9Iqtw	1umxfK	python-gnn-puct-learner-v0.1.0	sha256:ab0f739cd33d66781faf60e27797c5ccba3c04ba684f8d9e32e9c2754f4e8956	python-gnn-puct-learner-v0.1.0	sha256:ab0f739cd33d66781faf60e27797c5ccba3c04ba684f8d9e32e9c2754f4e8956	D	P	196
g1_B7_VB857W3Vz5Ex7zBnCeQFWzVMIZAw6Gw45ZUwkutg	s1_LSXvmWxfyOmmwSazxc_OzYoDFJXFN8mDKx513A7LwFg	1unPKD	qadv-arbiter-7x7-rust-lambda-v0.1.0	-	qadv-arbiter-7x7-rust-lambda-v0.1.0	-	D	P	196
g1_B7_VB857W3Vz5Ex7zBnCeQFWzVMIZAw6Gw45ZUwkutg	s1_RauLaTi4eVgYHSp2TV9pqs9uzTVv0B10g9TaHMWpcZ4	1unPKD	qadv-arbiter-7x7-rust-lambda-v0.1.0	-	qadv-arbiter-7x7-rust-lambda-v0.1.0	-	D	P	-
g1_B7_VB857W3Vz5Ex7zBnCeQFWzVMIZAw6Gw45ZUwkutg	s1_kqCTzdIS82BZxvKrDgikavE-coeJdKCWITGZ0ZkJR-U	1unPKD	qadv-arbiter-7x7-rust-lambda-v0.1.0	-	qadv-arbiter-7x7-rust-lambda-v0.1.0	-	D	P	196
g1_B7_VB857W3Vz5Ex7zBnCeQFWzVMIZAw6Gw45ZUwkutg	s1_wkKybNTmX6tfkrZWEKu1dUbkcvzmTBI7g0cDw58_UZs	1unPKD	qadv-arbiter-7x7-rust-lambda-v0.1.0	-	qadv-arbiter-7x7-rust-lambda-v0.1.0	-	D	P	196
g1_B7dAOlBUXdWZDikc5o-1p2scHKeVwd7_WYYx85k7TOk	s1_6TLQG1Gn3iaRWOcRLG6tZKvG3bDfPRXqzcbCtbX-uRQ	1unPL6	qadv-arbiter-7x7-rust-lambda-v0.1.0	-	qadv-arbiter-7x7-rust-lambda-v0.1.0	-	L	P	196
g1_B7dAOlBUXdWZDikc5o-1p2scHKeVwd7_WYYx85k7TOk	s1_9c1Vfy1nvm6BvblSlk9CFk-cwTMR7U1xcEvwT0lLnVw	1unPL6	qadv-arbiter-7x7-rust-lambda-v0.1.0	-	qadv-arbiter-7x7-rust-lambda-v0.1.0	-	L	P	196
g1_B7dAOlBUXdWZDikc5o-1p2scHKeVwd7_WYYx85k7TOk	s1_LW8-_mcYcICQ4Ta4-AxnSngBNQHQ5ajfIlBuqi26D9w	1unPL6	qadv-arbiter-7x7-rust-lambda-v0.1.0	-	qadv-arbiter-7x7-rust-lambda-v0.1.0	-	L	P	196
g1_B7dAOlBUXdWZDikc5o-1p2scHKeVwd7_WYYx85k7TOk	s1_RauLaTi4eVgYHSp2TV9pqs9uzTVv0B10g9TaHMWpcZ4	1unPL6	qadv-arbiter-7x7-rust-lambda-v0.1.0	-	qadv-arbiter-7x7-rust-lambda-v0.1.0	-	L	P	-
g1_B7drhmiuHr9IeQsT4c9MZnajgkhjPc-m7M8PW5pFU_s	s1_Qmoz3nLvbLcY_1rcqMtpMJDvTQydhL5cxUNWV6EhpMY	1umww3	qadv-arbiter-7x7-v0.1.0	sha256:8c548d06307572603b839755cc1e50393285365e10f82bcd90290ca65cd86266	qadv-arbiter-7x7-v0.1.0	sha256:8c548d06307572603b839755cc1e50393285365e10f82bcd90290ca65cd86266	L	P	196
g1_B7hEQNrwXZdnifDyivSgf8MAO_LCgenkOhJ2L0aM0L4	s1_1av6nXQkq-GSHXfjkVlGHGpAq8F9UbW4JwZmyFA-vww	1DIjU	rust-pathfinder-v0.1.0	-	lunatic-v0.1.0	-	L	P	-
g1_B7hEQNrwXZdnifDyivSgf8MAO_LCgenkOhJ2L0aM0L4	s1_9Eroywf7tuDrn-hcfZPjlEa1DSRUykCRn9Z11u8ySIo	1DIjU	rust-pathfinder-v0.1.0	-	lunatic-v0.1.0	-	L	P	-
g1_B7hEQNrwXZdnifDyivSgf8MAO_LCgenkOhJ2L0aM0L4	s1_Brk0hkuJoH-MBjdd53AO5tlWcOgDWV_R0PO74fHGd_0	1DIjU	rust-pathfinder-v0.1.0	-	lunatic-v0.1.0	-	L	P	-
g1_B7hEQNrwXZdnifDyivSgf8MAO_LCgenkOhJ2L0aM0L4	s1_KmF8KhDbubz6lwdS8R_n_yTGdSONmH9B1wUABbyCj94	1DIjU	rust-pathfinder-v0.1.0	-	lunatic-v0.1.0	-	L	P	-
g1_B7hEQNrwXZdnifDyivSgf8MAO_LCgenkOhJ2L0aM0L4	s1_MKrI0a3Qd48rU7oZj28GrlQ3cHhIbUzS5ibiIW9aKy4	1DIjU	rust-pathfinder-v0.1.0	-	lunatic-v0.1.0	-	L	P	-
g1_B7hEQNrwXZdnifDyivSgf8MAO_LCgenkOhJ2L0aM0L4	s1_XloMUS0hxYEXf762lcPfaudsLmsH-CsOVZNVVU_obcA	1DIjU	rust-pathfinder-v0.1.0	-	lunatic-v0.1.0	-	L	P	-
g1_B7hEQNrwXZdnifDyivSgf8MAO_LCgenkOhJ2L0aM0L4	s1_g5pGkHBMEhzAYvwFY0b24sSc7wC9JfnWApMHHZ_aMPI	1DIjU	rust-pathfinder-v0.1.0	-	lunatic-v0.1.0	-	L	P	-
g1_B7j7pdFSibCPmswQVYUswulxc-ShbaOzi3TLD2c9O_4	s1_O3iiR8YfzdLoxCdd8Xf-rVep8G839YC9SBbOJ8IEYX0	1unOyL	qadv-arbiter-7x7-rust-lambda-v0.1.0	-	qadv-arbiter-7x7-rust-lambda-v0.1.0	-	D	P	196
g1_B7j7pdFSibCPmswQVYUswulxc-ShbaOzi3TLD2c9O_4	s1_RauLaTi4eVgYHSp2TV9pqs9uzTVv0B10g9TaHMWpcZ4	1unOyL	qadv-arbiter-7x7-rust-lambda-v0.1.0	-	qadv-arbiter-7x7-rust-lambda-v0.1.0	-	D	P	-
g1_B7j7pdFSibCPmswQVYUswulxc-ShbaOzi3TLD2c9O_4	s1_g3qw0Be32HrcAur9YVw-tDA_OEBySpLhDqeSU93p-Dw	1unOyL	qadv-arbiter-7x7-rust-lambda-v0.1.0	-	qadv-arbiter-7x7-rust-lambda-v0.1.0	-	D	P	196
g1_B7j7pdFSibCPmswQVYUswulxc-ShbaOzi3TLD2c9O_4	s1_yV8kpv4ip19qcbDLib1zA9tn8jG8HLlZGC93dgb8nZQ	1unOyL	qadv-arbiter-7x7-rust-lambda-v0.1.0	-	qadv-arbiter-7x7-rust-lambda-v0.1.0	-	D	P	196
g1_B7nT4-_ZbM2tJ3m52OdRKfiszWD9TlESuOpIpvbYW38	s1_1LB6NAgPOeCp4r8rQw4kUOIXWpEdWysFm5RZjWCQSgc	1umwZe	python-gnn-puct-learner-v0.1.0	sha256:ab0f739cd33d66781faf60e27797c5ccba3c04ba684f8d9e32e9c2754f4e8956	python-gnn-puct-learner-v0.1.0	sha256:ab0f739cd33d66781faf60e27797c5ccba3c04ba684f8d9e32e9c2754f4e8956	D	P	196
g1_B7nT4-_ZbM2tJ3m52OdRKfiszWD9TlESuOpIpvbYW38	s1_P4NHYhwuVnEA-dG2X-UVeVotb84A5mwljbYTlTMqr8w	1umwZe	python-gnn-puct-learner-v0.1.0	sha256:ab0f739cd33d66781faf60e27797c5ccba3c04ba684f8d9e32e9c2754f4e8956	python-gnn-puct-learner-v0.1.0	sha256:ab0f739cd33d66781faf60e27797c5ccba3c04ba684f8d9e32e9c2754f4e8956	D	P	196
g1_B7ogNpevpsVewOKMq6OpNMwPpmvb9E0i45sKgM8PTng	s1_1av6nXQkq-GSHXfjkVlGHGpAq8F9UbW4JwZmyFA-vww	1umvS6	python-gnn-puct-learner-v0.1.0	sha256:ab0f739cd33d66781faf60e27797c5ccba3c04ba684f8d9e32e9c2754f4e8956	python-gnn-puct-learner-v0.1.0	sha256:ab0f739cd33d66781faf60e27797c5ccba3c04ba684f8d9e32e9c2754f4e8956	-	M	196
g1_B7ogNpevpsVewOKMq6OpNMwPpmvb9E0i45sKgM8PTng	s1_QBFUsDtxokERlDOdQkleYbPvhJ-vIp2qmp6DXjS-7oM	1umvS6	python-gnn-puct-learner-v0.1.0	sha256:ab0f739cd33d66781faf60e27797c5ccba3c04ba684f8d9e32e9c2754f4e8956	python-gnn-puct-learner-v0.1.0	sha256:ab0f739cd33d66781faf60e27797c5ccba3c04ba684f8d9e32e9c2754f4e8956	-	M	196
g1_B7ogNpevpsVewOKMq6OpNMwPpmvb9E0i45sKgM8PTng	s1_mWPTef6xYbijjPhDIC6QgLRmu2mMSJAokNlIkx3vg54	1umvS6	python-gnn-puct-learner-v0.1.0	sha256:ab0f739cd33d66781faf60e27797c5ccba3c04ba684f8d9e32e9c2754f4e8956	python-gnn-puct-learner-v0.1.0	sha256:ab0f739cd33d66781faf60e27797c5ccba3c04ba684f8d9e32e9c2754f4e8956	-	M	196
g1_B7r_N6YBzh1wUPR7In4NHvj6QKWWYAvBNzcMJd2_-yY	s1_HvA_YEx1syPdbNX1OEWirUzepoVFjShDqhNZDgyjSyA	1unMMP	qadv-arbiter-7x7-rust-lambda-v0.1.0	-	qadv-arbiter-7x7-rust-lambda-v0.1.0	-	D	P	196
g1_B7r_N6YBzh1wUPR7In4NHvj6QKWWYAvBNzcMJd2_-yY	s1_RauLaTi4eVgYHSp2TV9pqs9uzTVv0B10g9TaHMWpcZ4	1unMMP	qadv-arbiter-7x7-rust-lambda-v0.1.0	-	qadv-arbiter-7x7-rust-lambda-v0.1.0	-	D	P	-
g1_B7r_N6YBzh1wUPR7In4NHvj6QKWWYAvBNzcMJd2_-yY	s1_U0xgwHyWcQ8-d3v52GR0GUoemH_duGBI5gOstPw24nc	1unMMP	qadv-arbiter-7x7-rust-lambda-v0.1.0	-	qadv-arbiter-7x7-rust-lambda-v0.1.0	-	D	P	196
g1_B7r_N6YBzh1wUPR7In4NHvj6QKWWYAvBNzcMJd2_-yY	s1_qRN0m4GKlYfewl-GcVHGyMzbkvl3OospWhIPtXXV004	1unMMP	qadv-arbiter-7x7-rust-lambda-v0.1.0	-	qadv-arbiter-7x7-rust-lambda-v0.1.0	-	D	P	196
g1_B7ybc-I4cPXQdsyDkOo1Oqho65BSW0MgWZOpo3kCgnI	s1_Qmoz3nLvbLcY_1rcqMtpMJDvTQydhL5cxUNWV6EhpMY	1umwyG	qadv-arbiter-7x7-v0.1.0	sha256:8c548d06307572603b839755cc1e50393285365e10f82bcd90290ca65cd86266	qadv-arbiter-7x7-v0.1.0	sha256:8c548d06307572603b839755cc1e50393285365e10f82bcd90290ca65cd86266	D	P	196
g1_B88bFCG5lppcNvWkjeNOTE8n5_3aI4gocU4QD2_ZH3o	s1_-XgJO6GhtY38ZDPIQkL99hsw0LmXEJJAA4a-5-u5zPA	1unMRv	qadv-arbiter-7x7-rust-lambda-v0.1.0	-	qadv-arbiter-7x7-rust-lambda-v0.1.0	-	L	P	196
g1_B88bFCG5lppcNvWkjeNOTE8n5_3aI4gocU4QD2_ZH3o	s1_RauLaTi4eVgYHSp2TV9pqs9uzTVv0B10g9TaHMWpcZ4	1unMRv	qadv-arbiter-7x7-rust-lambda-v0.1.0	-	qadv-arbiter-7x7-rust-lambda-v0.1.0	-	L	P	-
g1_B88bFCG5lppcNvWkjeNOTE8n5_3aI4gocU4QD2_ZH3o	s1_qjwde6IPLGz4cDo_luH0gytPG__4dconW7d7iP3oxqQ	1unMRv	qadv-arbiter-7x7-rust-lambda-v0.1.0	-	qadv-arbiter-7x7-rust-lambda-v0.1.0	-	L	P	196
g1_B88bFCG5lppcNvWkjeNOTE8n5_3aI4gocU4QD2_ZH3o	s1_tt0airgGra-mgZOl7OhOxnDXsY983JSNtxviob8gOCY	1unMRv	qadv-arbiter-7x7-rust-lambda-v0.1.0	-	qadv-arbiter-7x7-rust-lambda-v0.1.0	-	L	P	196
g1_B8C87wKNYA3U-zWkAIflEQuSJRFbqtznHQubIH3qT8I	s1_Qmoz3nLvbLcY_1rcqMtpMJDvTQydhL5cxUNWV6EhpMY	1umwsj	qadv-arbiter-7x7-v0.1.0	sha256:8c548d06307572603b839755cc1e50393285365e10f82bcd90290ca65cd86266	qadv-arbiter-7x7-v0.1.0	sha256:8c548d06307572603b839755cc1e50393285365e10f82bcd90290ca65cd86266	D	P	196
g1_B8Fy1C4Y9NYHaBlQgvqkNf-nZ2VJXfZYHcmB7jLaKNU	s1_1av6nXQkq-GSHXfjkVlGHGpAq8F9UbW4JwZmyFA-vww	1umvO_	lunatic-v0.1.0	-	coin-flip-v0.0.1	-	L	P	196
g1_B8Fy1C4Y9NYHaBlQgvqkNf-nZ2VJXfZYHcmB7jLaKNU	s1_Brk0hkuJoH-MBjdd53AO5tlWcOgDWV_R0PO74fHGd_0	1umvO_	lunatic-v0.1.0	-	coin-flip-v0.0.1	-	L	P	196
g1_B8Fy1C4Y9NYHaBlQgvqkNf-nZ2VJXfZYHcmB7jLaKNU	s1_QzXKB60HvV5g6-cJIu-NdpeFb1rCgFAJD1cxfdkoMm0	1umvO_	lunatic-v0.1.0	-	coin-flip-v0.0.1	-	L	P	196
g1_B8HE_T14qBq_jUDOoj99Gy8KHLUYDbA7T0Fafo0fUmk	s1_7FIu85-v_e-kbNsQ2UNk3yRt-KGcLyUjpmVwIc9cnfM	1umwKr	python-gnn-puct-scout-v0.1.0	sha256:b9f80706cc1f29076ee06fe06483697c749148a808c599579045d00a52573938	python-gnn-puct-scout-v0.1.0	sha256:b9f80706cc1f29076ee06fe06483697c749148a808c599579045d00a52573938	D	P	196
g1_B8HE_T14qBq_jUDOoj99Gy8KHLUYDbA7T0Fafo0fUmk	s1_S8AGNBNcWBvWiwIo-AOAHPoHuZo2XvcsYvhgQxGTkrY	1umwKr	python-gnn-puct-scout-v0.1.0	sha256:b9f80706cc1f29076ee06fe06483697c749148a808c599579045d00a52573938	python-gnn-puct-scout-v0.1.0	sha256:b9f80706cc1f29076ee06fe06483697c749148a808c599579045d00a52573938	D	P	196
g1_B8OIcvnnYHXJ6-9Tg-BcjF2pYUZ_o1Rz6ym4uA4dsdY	s1_-OKlJXuPFfAnukwGYITjiU7XKL4OC_qt76PC0TZSPjg	1umvYe	python-cnn-puct-v0.1.0	sha256:7845e9b7687beee165dc36b8d21833b7a8b5a83e31b58b49bd05c277ba26e642	python-cnn-puct-v0.1.0	sha256:7845e9b7687beee165dc36b8d21833b7a8b5a83e31b58b49bd05c277ba26e642	-	M	196
g1_B8OIcvnnYHXJ6-9Tg-BcjF2pYUZ_o1Rz6ym4uA4dsdY	s1_1av6nXQkq-GSHXfjkVlGHGpAq8F9UbW4JwZmyFA-vww	1umvYe	python-cnn-puct-v0.1.0	sha256:7845e9b7687beee165dc36b8d21833b7a8b5a83e31b58b49bd05c277ba26e642	python-cnn-puct-v0.1.0	sha256:7845e9b7687beee165dc36b8d21833b7a8b5a83e31b58b49bd05c277ba26e642	-	M	196
g1_B8OIcvnnYHXJ6-9Tg-BcjF2pYUZ_o1Rz6ym4uA4dsdY	s1_Brk0hkuJoH-MBjdd53AO5tlWcOgDWV_R0PO74fHGd_0	1umvYe	python-cnn-puct-v0.1.0	sha256:7845e9b7687beee165dc36b8d21833b7a8b5a83e31b58b49bd05c277ba26e642	python-cnn-puct-v0.1.0	sha256:7845e9b7687beee165dc36b8d21833b7a8b5a83e31b58b49bd05c277ba26e642	-	M	196
g1_B8S8jZNOApFT6Sca031CChU_uUsn2b-aKH4rAj8ynPM	s1_1av6nXQkq-GSHXfjkVlGHGpAq8F9UbW4JwZmyFA-vww	1umvR7	python-gnn-puct-learner-v0.1.0	sha256:ab0f739cd33d66781faf60e27797c5ccba3c04ba684f8d9e32e9c2754f4e8956	python-gnn-puct-learner-v0.1.0	sha256:ab0f739cd33d66781faf60e27797c5ccba3c04ba684f8d9e32e9c2754f4e8956	-	M	196
g1_B8S8jZNOApFT6Sca031CChU_uUsn2b-aKH4rAj8ynPM	s1_Brk0hkuJoH-MBjdd53AO5tlWcOgDWV_R0PO74fHGd_0	1umvR7	python-gnn-puct-learner-v0.1.0	sha256:ab0f739cd33d66781faf60e27797c5ccba3c04ba684f8d9e32e9c2754f4e8956	python-gnn-puct-learner-v0.1.0	sha256:ab0f739cd33d66781faf60e27797c5ccba3c04ba684f8d9e32e9c2754f4e8956	-	M	196
g1_B8S8jZNOApFT6Sca031CChU_uUsn2b-aKH4rAj8ynPM	s1_QBFUsDtxokERlDOdQkleYbPvhJ-vIp2qmp6DXjS-7oM	1umvR7	python-gnn-puct-learner-v0.1.0	sha256:ab0f739cd33d66781faf60e27797c5ccba3c04ba684f8d9e32e9c2754f4e8956	python-gnn-puct-learner-v0.1.0	sha256:ab0f739cd33d66781faf60e27797c5ccba3c04ba684f8d9e32e9c2754f4e8956	-	M	196
g1_B8UunOKsozg2erU2hrMZjiYEzbFV7D2vYK6vix3ftXE	s1_4FCN3p0gx5vIcPgDXZJKqD5oeD5plAzZnN-Ta6FMP9A	1unPtU	qadv-arbiter-7x7-rust-lambda-v0.1.0	-	qadv-arbiter-7x7-rust-lambda-v0.1.0	-	L	P	196
g1_B8UunOKsozg2erU2hrMZjiYEzbFV7D2vYK6vix3ftXE	s1_RauLaTi4eVgYHSp2TV9pqs9uzTVv0B10g9TaHMWpcZ4	1unPtU	qadv-arbiter-7x7-rust-lambda-v0.1.0	-	qadv-arbiter-7x7-rust-lambda-v0.1.0	-	L	P	-
g1_B8UunOKsozg2erU2hrMZjiYEzbFV7D2vYK6vix3ftXE	s1_kJ_w96HyeMg-H27LxCeBOM5S06bI2h2q9uRi0rHocTY	1unPtU	qadv-arbiter-7x7-rust-lambda-v0.1.0	-	qadv-arbiter-7x7-rust-lambda-v0.1.0	-	L	P	196
g1_B8UunOKsozg2erU2hrMZjiYEzbFV7D2vYK6vix3ftXE	s1_rzI5bm_Y6_D58o7CLvAdkNckwPfsM5k6ZwtJByMrcFg	1unPtU	qadv-arbiter-7x7-rust-lambda-v0.1.0	-	qadv-arbiter-7x7-rust-lambda-v0.1.0	-	L	P	196
g1_B8X5_EoUjj534Di3DVsFLzGr6EI9sau-mt1PLk7fvuQ	s1_I43G5iBvRGwMEGuOoAPxXTWfmCgQmC9SxzT8_McF9pI	1unPq-	qadv-arbiter-7x7-rust-lambda-v0.1.0	-	qadv-arbiter-7x7-rust-lambda-v0.1.0	-	L	P	196
g1_B8X5_EoUjj534Di3DVsFLzGr6EI9sau-mt1PLk7fvuQ	s1_RauLaTi4eVgYHSp2TV9pqs9uzTVv0B10g9TaHMWpcZ4	1unPq-	qadv-arbiter-7x7-rust-lambda-v0.1.0	-	qadv-arbiter-7x7-rust-lambda-v0.1.0	-	L	P	-
g1_B8X5_EoUjj534Di3DVsFLzGr6EI9sau-mt1PLk7fvuQ	s1_XQfXFeSaUhDopUEw1qTvJC-tm5Y8ULEe6MSCIzk-uCE	1unPq-	qadv-arbiter-7x7-rust-lambda-v0.1.0	-	qadv-arbiter-7x7-rust-lambda-v0.1.0	-	L	P	196
g1_B8X5_EoUjj534Di3DVsFLzGr6EI9sau-mt1PLk7fvuQ	s1_vYMXqblDmQiL_M_QoVQOFPeoqUfIoVEvfsN9fVWR_mY	1unPq-	qadv-arbiter-7x7-rust-lambda-v0.1.0	-	qadv-arbiter-7x7-rust-lambda-v0.1.0	-	L	P	196
g1_B8bbIjng0BSqCnLzJOllJunu2FYma9Yoc_6JjA4CTUk	s1_CGezIH3ypmTWZX5PnpiBka8CvQcSkzYKyJNqdq0PSYE	1unOzP	qadv-arbiter-7x7-rust-lambda-v0.1.0	-	qadv-arbiter-7x7-rust-lambda-v0.1.0	-	D	P	196
g1_B8bbIjng0BSqCnLzJOllJunu2FYma9Yoc_6JjA4CTUk	s1_Fszjse8gTNZDVRhLyH9Y4NIR1KkPrMDKlA_AzgTRw7g	1unOzP	qadv-arbiter-7x7-rust-lambda-v0.1.0	-	qadv-arbiter-7x7-rust-lambda-v0.1.0	-	D	P	196
g1_B8bbIjng0BSqCnLzJOllJunu2FYma9Yoc_6JjA4CTUk	s1_J8yc_JO_mxMyHDrK-ecG5D2tqL58bm8gNjjx_imBbPY	1unOzP	qadv-arbiter-7x7-rust-lambda-v0.1.0	-	qadv-arbiter-7x7-rust-lambda-v0.1.0	-	D	P	196
g1_B8bbIjng0BSqCnLzJOllJunu2FYma9Yoc_6JjA4CTUk	s1_RauLaTi4eVgYHSp2TV9pqs9uzTVv0B10g9TaHMWpcZ4	1unOzP	qadv-arbiter-7x7-rust-lambda-v0.1.0	-	qadv-arbiter-7x7-rust-lambda-v0.1.0	-	D	P	-
g1_B8f2xAJt9yu132c-bzvf5G_NerXfW5uef4FL8sS-myA	s1_MmGnPHc2yrT-xhK9poYnooARQkFtDibUSB0V5drzJoM	1unLqo	qadv-arbiter-7x7-rust-lambda-v0.1.0	-	qadv-arbiter-7x7-rust-lambda-v0.1.0	-	D	P	196
g1_B8f2xAJt9yu132c-bzvf5G_NerXfW5uef4FL8sS-myA	s1_RauLaTi4eVgYHSp2TV9pqs9uzTVv0B10g9TaHMWpcZ4	1unLqo	qadv-arbiter-7x7-rust-lambda-v0.1.0	-	qadv-arbiter-7x7-rust-lambda-v0.1.0	-	D	P	-
g1_B8f2xAJt9yu132c-bzvf5G_NerXfW5uef4FL8sS-myA	s1_xwu7tMP4-HhwaxfkUh7lHod0HHYciKIE4deHyAV32L0	1unLqo	qadv-arbiter-7x7-rust-lambda-v0.1.0	-	qadv-arbiter-7x7-rust-lambda-v0.1.0	-	D	P	196
g1_B8f2xAJt9yu132c-bzvf5G_NerXfW5uef4FL8sS-myA	s1_z2bLza30kDx6GN9S9Sb90fdLH4yJ95uN4OTr8_2Fjfk	1unLqo	qadv-arbiter-7x7-rust-lambda-v0.1.0	-	qadv-arbiter-7x7-rust-lambda-v0.1.0	-	D	P	196
g1_B8htjU2x8qLWJPsv5yVxDJ-cxIwr1gJcpFARMq7QBsM	s1__fmnSv6OnZklVvMPUjPdL6drtvfrJptRYX3nxZQO8jI	1umxzg	python-gnn-puct-scout-v0.1.0	sha256:b9f80706cc1f29076ee06fe06483697c749148a808c599579045d00a52573938	python-gnn-puct-scout-v0.1.0	sha256:b9f80706cc1f29076ee06fe06483697c749148a808c599579045d00a52573938	L	P	196
g1_B8jwfKKriZkXOVDYT3zySw0xPJt2ZCeF8T9WRfDcOLs	s1_16Poj4rLYPZuI-ugaJ6yjoj7pY_4PmzjtbKd9HLyyvw	1unMC-	qadv-arbiter-7x7-rust-lambda-v0.1.0	-	qadv-arbiter-7x7-rust-lambda-v0.1.0	-	D	P	196
g1_B8jwfKKriZkXOVDYT3zySw0xPJt2ZCeF8T9WRfDcOLs	s1_NHyMPn4dIGM3o4cK2WRH34-K9c59Xr9bGjR6M_kwiU4	1unMC-	qadv-arbiter-7x7-rust-lambda-v0.1.0	-	qadv-arbiter-7x7-rust-lambda-v0.1.0	-	D	P	196
g1_B8jwfKKriZkXOVDYT3zySw0xPJt2ZCeF8T9WRfDcOLs	s1_RauLaTi4eVgYHSp2TV9pqs9uzTVv0B10g9TaHMWpcZ4	1unMC-	qadv-arbiter-7x7-rust-lambda-v0.1.0	-	qadv-arbiter-7x7-rust-lambda-v0.1.0	-	D	P	-
g1_B8jwfKKriZkXOVDYT3zySw0xPJt2ZCeF8T9WRfDcOLs	s1_l-21A5z-l2O_xJyzgv3ZG4Yt27ORFIR9JFHUf1wO_X8	1unMC-	qadv-arbiter-7x7-rust-lambda-v0.1.0	-	qadv-arbiter-7x7-rust-lambda-v0.1.0	-	D	P	196
g1_B8upHszaV7CdnGK2zGceMgiwogBTd9lgtOSCq8PUkSg	s1_RauLaTi4eVgYHSp2TV9pqs9uzTVv0B10g9TaHMWpcZ4	1unP9i	qadv-arbiter-7x7-rust-lambda-v0.1.0	-	qadv-arbiter-7x7-rust-lambda-v0.1.0	-	D	P	-
g1_B8upHszaV7CdnGK2zGceMgiwogBTd9lgtOSCq8PUkSg	s1_VT3rweNwxt2gzlrLgsZtPY02kod7Q0pKZL5Pk3GJVAA	1unP9i	qadv-arbiter-7x7-rust-lambda-v0.1.0	-	qadv-arbiter-7x7-rust-lambda-v0.1.0	-	D	P	196
g1_B8upHszaV7CdnGK2zGceMgiwogBTd9lgtOSCq8PUkSg	s1_VuYXepahrC1ZjEW5jbt-IRGUK0UNcRVJVPKekzrLgUo	1unP9i	qadv-arbiter-7x7-rust-lambda-v0.1.0	-	qadv-arbiter-7x7-rust-lambda-v0.1.0	-	D	P	196
g1_B8upHszaV7CdnGK2zGceMgiwogBTd9lgtOSCq8PUkSg	s1_ingR3LTxfUhcyGA6-tlZ7AALDEPeT_nYhE5YNZWUOBM	1unP9i	qadv-arbiter-7x7-rust-lambda-v0.1.0	-	qadv-arbiter-7x7-rust-lambda-v0.1.0	-	D	P	196
g1_B8yzHc_ItEjTslBdFEeUqqZpyoFguttlV8mN8aNs7Uo	s1_0AUOJjPQPZ1MRMfwzS00hiN-u8aJ0dAeHixic-sp0u8	1un6co	qadv-arbiter-guided-7x7-v0.2.0	sha256:9c0e5e530df7db77a98f6a2e75fe63a6f629c6ad6563e0b5454793ebc243b14d	gnn-reval30k-7x7	sha256:7f41dbe135649d1116a0914bc0358a5ffae95749195ec20dd972035bbbea52f7	L	P	196
g1_B8yzHc_ItEjTslBdFEeUqqZpyoFguttlV8mN8aNs7Uo	s1_O3cuwuia8XT9TI7Nxr3tRcajOA20XFHEIT2fYX3WizY	1un6co	qadv-arbiter-guided-7x7-v0.2.0	sha256:9c0e5e530df7db77a98f6a2e75fe63a6f629c6ad6563e0b5454793ebc243b14d	gnn-reval30k-7x7	sha256:7f41dbe135649d1116a0914bc0358a5ffae95749195ec20dd972035bbbea52f7	L	P	196
g1_B8yzHc_ItEjTslBdFEeUqqZpyoFguttlV8mN8aNs7Uo	s1_UHtME0K2nHdWZi6cty5g9OSxM3nyUTxwVk5nkZhTkjA	1un6co	qadv-arbiter-guided-7x7-v0.2.0	sha256:9c0e5e530df7db77a98f6a2e75fe63a6f629c6ad6563e0b5454793ebc243b14d	gnn-reval30k-7x7	sha256:7f41dbe135649d1116a0914bc0358a5ffae95749195ec20dd972035bbbea52f7	L	P	196
g1_B90EvNGR64glPuEUybE46BsPEGPp_h1lUgJPW_v5kkk	s1_4edAmddysekc2KfM_6fTn-hlH7WriaK_Kw71VtvfwNs	1unMkc	qadv-arbiter-7x7-rust-lambda-v0.1.0	-	qadv-arbiter-7x7-rust-lambda-v0.1.0	-	L	P	196
g1_B90EvNGR64glPuEUybE46BsPEGPp_h1lUgJPW_v5kkk	s1_RauLaTi4eVgYHSp2TV9pqs9uzTVv0B10g9TaHMWpcZ4	1unMkc	qadv-arbiter-7x7-rust-lambda-v0.1.0	-	qadv-arbiter-7x7-rust-lambda-v0.1.0	-	L	P	-
g1_B90EvNGR64glPuEUybE46BsPEGPp_h1lUgJPW_v5kkk	s1_u2_8qV8x-0hygQql3HYVEIJx6wNbKmZqU6IZIldZzlY	1unMkc	qadv-arbiter-7x7-rust-lambda-v0.1.0	-	qadv-arbiter-7x7-rust-lambda-v0.1.0	-	L	P	196
g1_B90EvNGR64glPuEUybE46BsPEGPp_h1lUgJPW_v5kkk	s1_vq1j9z1v5OXkGyEh7Rf8AeWkjZiCO8b8a3eWNakpOuM	1unMkc	qadv-arbiter-7x7-rust-lambda-v0.1.0	-	qadv-arbiter-7x7-rust-lambda-v0.1.0	-	L	P	196
g1_B90MhzD97MOeLqTbGbDRiBUK6TFEvCzDJpq8mhNgWiw	s1_2FtaP75xgRVTNrUvmC0NIesJCNy8IDFJ05WNM4nUnpg	1unQgH	pathfinder-v0.3.0	-	qadv-arbiter-7x7-v0.1.0	-	L	P	196
g1_B90MhzD97MOeLqTbGbDRiBUK6TFEvCzDJpq8mhNgWiw	s1_RauLaTi4eVgYHSp2TV9pqs9uzTVv0B10g9TaHMWpcZ4	1unQgH	pathfinder-v0.3.0	-	qadv-arbiter-7x7-v0.1.0	-	L	P	-
g1_B90MhzD97MOeLqTbGbDRiBUK6TFEvCzDJpq8mhNgWiw	s1_aZfPBIxgJ5uYN7e0_FDKRHW6TqkrhOWX8tT7d1b945k	1unQgH	pathfinder-v0.3.0	-	qadv-arbiter-7x7-v0.1.0	-	L	P	196
g1_B90MhzD97MOeLqTbGbDRiBUK6TFEvCzDJpq8mhNgWiw	s1_gxcB6sjjdSA2y2OnvRTLfIUeZcHgRQDh7Uf4HXu4ZUs	1unQgH	pathfinder-v0.3.0	-	qadv-arbiter-7x7-v0.1.0	-	L	P	196
g1_B92s3kL6q-6fBVHP046Fu-E4IMBBPgcs973bAKjkpGM	s1_1av6nXQkq-GSHXfjkVlGHGpAq8F9UbW4JwZmyFA-vww	1umv9g	python-gnn-puct-scout-v0.1.0	sha256:b9f80706cc1f29076ee06fe06483697c749148a808c599579045d00a52573938	python-gnn-puct-scout-v0.1.0	sha256:b9f80706cc1f29076ee06fe06483697c749148a808c599579045d00a52573938	-	M	196
g1_B92s3kL6q-6fBVHP046Fu-E4IMBBPgcs973bAKjkpGM	s1_Brk0hkuJoH-MBjdd53AO5tlWcOgDWV_R0PO74fHGd_0	1umv9g	python-gnn-puct-scout-v0.1.0	sha256:b9f80706cc1f29076ee06fe06483697c749148a808c599579045d00a52573938	python-gnn-puct-scout-v0.1.0	sha256:b9f80706cc1f29076ee06fe06483697c749148a808c599579045d00a52573938	-	M	196
g1_B92s3kL6q-6fBVHP046Fu-E4IMBBPgcs973bAKjkpGM	s1_D_X-fTFZy6xuyGSC5jFyKBW6IP_59Jbomefazf4xu44	1umv9g	python-gnn-puct-scout-v0.1.0	sha256:b9f80706cc1f29076ee06fe06483697c749148a808c599579045d00a52573938	python-gnn-puct-scout-v0.1.0	sha256:b9f80706cc1f29076ee06fe06483697c749148a808c599579045d00a52573938	-	M	196
g1_B9HbFZKkNX1bNUWkSSISMJC7dCf92z2a8t9RAt9EAuM	s1_0GQXC4dgGPXeSkdIsvd_hOHzbozUCy55tZ1wNNoJ84Q	1unPRL	qadv-arbiter-7x7-rust-lambda-v0.1.0	-	qadv-arbiter-7x7-rust-lambda-v0.1.0	-	D	P	196
g1_B9HbFZKkNX1bNUWkSSISMJC7dCf92z2a8t9RAt9EAuM	s1_RauLaTi4eVgYHSp2TV9pqs9uzTVv0B10g9TaHMWpcZ4	1unPRL	qadv-arbiter-7x7-rust-lambda-v0.1.0	-	qadv-arbiter-7x7-rust-lambda-v0.1.0	-	D	P	-
g1_B9HbFZKkNX1bNUWkSSISMJC7dCf92z2a8t9RAt9EAuM	s1_iDKGvkiFMRNqdwJs5M-pxYakoBVxbkL-hd3a_u1L5H8	1unPRL	qadv-arbiter-7x7-rust-lambda-v0.1.0	-	qadv-arbiter-7x7-rust-lambda-v0.1.0	-	D	P	196
g1_B9HbFZKkNX1bNUWkSSISMJC7dCf92z2a8t9RAt9EAuM	s1_ujKjdQgbBqqUqJXlLFRXtOYS7i8BNqIJDCW0mLhlwkM	1unPRL	qadv-arbiter-7x7-rust-lambda-v0.1.0	-	qadv-arbiter-7x7-rust-lambda-v0.1.0	-	D	P	196
g1_B9Zg37bjRwUqetSimMgYGdpOOu5MVWTlE_4KvbWfoEM	s1_1av6nXQkq-GSHXfjkVlGHGpAq8F9UbW4JwZmyFA-vww	1umxFj	coin-flip-v0.0.1	-	gnn-warmstart-7x7	sha256:e000d50619c0241c30efdd1f5adb7a8b738c66859d33c3443c52a20f56fcc13a	D	P	196
g1_B9Zg37bjRwUqetSimMgYGdpOOu5MVWTlE_4KvbWfoEM	s1_Brk0hkuJoH-MBjdd53AO5tlWcOgDWV_R0PO74fHGd_0	1umxFj	coin-flip-v0.0.1	-	gnn-warmstart-7x7	sha256:e000d50619c0241c30efdd1f5adb7a8b738c66859d33c3443c52a20f56fcc13a	D	P	196
g1_B9Zg37bjRwUqetSimMgYGdpOOu5MVWTlE_4KvbWfoEM	s1_dcEgf_s_8JfAgzbYFm9Z15BWrFU6bsc6MzE1gZNvlP4	1umxFj	coin-flip-v0.0.1	-	gnn-warmstart-7x7	sha256:e000d50619c0241c30efdd1f5adb7a8b738c66859d33c3443c52a20f56fcc13a	D	P	196
g1_B9d4wMif-lR7JTidRYOhlPzhMcXg4GdpCAAkSSYqxW0	s1_8UBnR2rfcUOyfRlFmLrs2NvYfPU1JkH-Hmny0lKgeBM	1un7MA	qadv-arbiter-guided-7x7-v0.2.0	sha256:9c0e5e530df7db77a98f6a2e75fe63a6f629c6ad6563e0b5454793ebc243b14d	cnn-reval30k-7x7	sha256:7439239ff343dcc422cb918560b1b72433f2e13628580427343a446f349c6f5a	L	P	196
g1_B9d4wMif-lR7JTidRYOhlPzhMcXg4GdpCAAkSSYqxW0	s1_M7Cp-2zjeVZHeX1FsiZYUNK0aW_iFfTl3UHOtwPmOp8	1un7MA	qadv-arbiter-guided-7x7-v0.2.0	sha256:9c0e5e530df7db77a98f6a2e75fe63a6f629c6ad6563e0b5454793ebc243b14d	cnn-reval30k-7x7	sha256:7439239ff343dcc422cb918560b1b72433f2e13628580427343a446f349c6f5a	L	P	196
g1_B9d4wMif-lR7JTidRYOhlPzhMcXg4GdpCAAkSSYqxW0	s1_O3cuwuia8XT9TI7Nxr3tRcajOA20XFHEIT2fYX3WizY	1un7MA	qadv-arbiter-guided-7x7-v0.2.0	sha256:9c0e5e530df7db77a98f6a2e75fe63a6f629c6ad6563e0b5454793ebc243b14d	cnn-reval30k-7x7	sha256:7439239ff343dcc422cb918560b1b72433f2e13628580427343a446f349c6f5a	L	P	196
g1_B9d4wMif-lR7JTidRYOhlPzhMcXg4GdpCAAkSSYqxW0	s1_PaYIJI1Mc5m5nesIKqVUFGpeOr4xHJQX7sHfjidCXI4	1un7MA	qadv-arbiter-guided-7x7-v0.2.0	sha256:9c0e5e530df7db77a98f6a2e75fe63a6f629c6ad6563e0b5454793ebc243b14d	cnn-reval30k-7x7	sha256:7439239ff343dcc422cb918560b1b72433f2e13628580427343a446f349c6f5a	L	P	196
g1_B9dWP3ndo5FHSFpfnlCRjrTWpOLRNvL140Lgnj4a7TE	s1_RauLaTi4eVgYHSp2TV9pqs9uzTVv0B10g9TaHMWpcZ4	1unNW9	qadv-arbiter-7x7-rust-lambda-v0.1.0	-	qadv-arbiter-7x7-rust-lambda-v0.1.0	-	L	P	-
g1_B9dWP3ndo5FHSFpfnlCRjrTWpOLRNvL140Lgnj4a7TE	s1__3Q_GlYcVsWNWeNfwMS3NlF2LCnAqZ5sW7mV5zdYznQ	1unNW9	qadv-arbiter-7x7-rust-lambda-v0.1.0	-	qadv-arbiter-7x7-rust-lambda-v0.1.0	-	L	P	196
g1_B9dWP3ndo5FHSFpfnlCRjrTWpOLRNvL140Lgnj4a7TE	s1_baAcTWh1O-sNanb83n2QV9xhjxmVTSkUrh8XgoA03wg	1unNW9	qadv-arbiter-7x7-rust-lambda-v0.1.0	-	qadv-arbiter-7x7-rust-lambda-v0.1.0	-	L	P	196
g1_B9dWP3ndo5FHSFpfnlCRjrTWpOLRNvL140Lgnj4a7TE	s1_kztNermDegMekYVGSF16S4TLtuS8e6aEAAngITCG65I	1unNW9	qadv-arbiter-7x7-rust-lambda-v0.1.0	-	qadv-arbiter-7x7-rust-lambda-v0.1.0	-	L	P	196
g1_B9qP7Iv8sHbIPE720a5utFGOA-g244LkpQVf1yXnkpQ	s1_WVg7aYYLIrw6_-2mI3jQ-DPcLO4gX2sPEEqWQb0DGQA	1umxUo	python-cnn-puct-reval30k-v0.1.0	sha256:eb2600a53e225a835455efdb2759c40e27c5cb3c16ab0688bc21b99290ed10ee	python-cnn-puct-reval30k-v0.1.0	sha256:eb2600a53e225a835455efdb2759c40e27c5cb3c16ab0688bc21b99290ed10ee	D	P	196
g1_BA-xVLveaoqbsEaRmKyMd-s4IRPCax0rWcBfWDmnZ-4	s1_53ynhtOdp8pPFEkWwaESpQn8QLGL0Ei5K6zyF_1se84	1un3Rc	qadv-arbiter-guided-7x7-v0.2.0	sha256:9c0e5e530df7db77a98f6a2e75fe63a6f629c6ad6563e0b5454793ebc243b14d	pathfinder-v0.3.0	-	D	P	196
g1_BA-xVLveaoqbsEaRmKyMd-s4IRPCax0rWcBfWDmnZ-4	s1_O3cuwuia8XT9TI7Nxr3tRcajOA20XFHEIT2fYX3WizY	1un3Rc	qadv-arbiter-guided-7x7-v0.2.0	sha256:9c0e5e530df7db77a98f6a2e75fe63a6f629c6ad6563e0b5454793ebc243b14d	pathfinder-v0.3.0	-	D	P	196
g1_BA-xVLveaoqbsEaRmKyMd-s4IRPCax0rWcBfWDmnZ-4	s1_ldokYogaib_-TUekO3GjWcI6RhPJNqdc9KA9RUsM7Es	1un3Rc	qadv-arbiter-guided-7x7-v0.2.0	sha256:9c0e5e530df7db77a98f6a2e75fe63a6f629c6ad6563e0b5454793ebc243b14d	pathfinder-v0.3.0	-	D	P	196
g1_BA1ltWV_gzqveJfkU72dvtkfQAEyXD1x32NMo0bSv-o	s1_7FIu85-v_e-kbNsQ2UNk3yRt-KGcLyUjpmVwIc9cnfM	1umw9s	python-gnn-puct-scout-v0.1.0	sha256:b9f80706cc1f29076ee06fe06483697c749148a808c599579045d00a52573938	python-gnn-puct-scout-v0.1.0	sha256:b9f80706cc1f29076ee06fe06483697c749148a808c599579045d00a52573938	D	P	196
g1_BA1ltWV_gzqveJfkU72dvtkfQAEyXD1x32NMo0bSv-o	s1_S8AGNBNcWBvWiwIo-AOAHPoHuZo2XvcsYvhgQxGTkrY	1umw9s	python-gnn-puct-scout-v0.1.0	sha256:b9f80706cc1f29076ee06fe06483697c749148a808c599579045d00a52573938	python-gnn-puct-scout-v0.1.0	sha256:b9f80706cc1f29076ee06fe06483697c749148a808c599579045d00a52573938	D	P	196
g1_BAAGlf_SvzbVjsk21KL5iFNTuTOB3mdOnqxxVTKGST4	s1_K9v27Z_Ipx6s-poY9a21BgoalIjZWcJIX-ixfpTTNbY	1unOw3	qadv-arbiter-7x7-rust-lambda-v0.1.0	-	qadv-arbiter-7x7-rust-lambda-v0.1.0	-	D	P	196
g1_BAAGlf_SvzbVjsk21KL5iFNTuTOB3mdOnqxxVTKGST4	s1_R4Dy7K6qHlb3-ELIhoIXMSOoOxXiFbULnhOrTL1h5MM	1unOw3	qadv-arbiter-7x7-rust-lambda-v0.1.0	-	qadv-arbiter-7x7-rust-lambda-v0.1.0	-	D	P	196
g1_BAAGlf_SvzbVjsk21KL5iFNTuTOB3mdOnqxxVTKGST4	s1_RauLaTi4eVgYHSp2TV9pqs9uzTVv0B10g9TaHMWpcZ4	1unOw3	qadv-arbiter-7x7-rust-lambda-v0.1.0	-	qadv-arbiter-7x7-rust-lambda-v0.1.0	-	D	P	-
g1_BAAGlf_SvzbVjsk21KL5iFNTuTOB3mdOnqxxVTKGST4	s1_bUBcaEELxcOwUSLvuWP5CuY89Pz6oFCJJbNpbzi2KQM	1unOw3	qadv-arbiter-7x7-rust-lambda-v0.1.0	-	qadv-arbiter-7x7-rust-lambda-v0.1.0	-	D	P	196
g1_BAIGg0ajN8kkmEbXLMmSP7IlO0KRC2Kh1dy1EB5Sseo	s1_CXU7owFNsl3wQ0piOS-Xkp1a9tZMK2YEphBULG23X30	1unMMJ	qadv-arbiter-7x7-rust-lambda-v0.1.0	-	qadv-arbiter-7x7-rust-lambda-v0.1.0	-	L	P	196
g1_BAIGg0ajN8kkmEbXLMmSP7IlO0KRC2Kh1dy1EB5Sseo	s1_RauLaTi4eVgYHSp2TV9pqs9uzTVv0B10g9TaHMWpcZ4	1unMMJ	qadv-arbiter-7x7-rust-lambda-v0.1.0	-	qadv-arbiter-7x7-rust-lambda-v0.1.0	-	L	P	-
g1_BAIGg0ajN8kkmEbXLMmSP7IlO0KRC2Kh1dy1EB5Sseo	s1_kw-3UNHWTxpHG09t27OabVWvYSCMTWy1Vm3BeYbEIrg	1unMMJ	qadv-arbiter-7x7-rust-lambda-v0.1.0	-	qadv-arbiter-7x7-rust-lambda-v0.1.0	-	L	P	196
g1_BAIGg0ajN8kkmEbXLMmSP7IlO0KRC2Kh1dy1EB5Sseo	s1_t_qsTRXZzNqrMPmmEfARCbO4A4UeV-xErJoN22gi3oo	1unMMJ	qadv-arbiter-7x7-rust-lambda-v0.1.0	-	qadv-arbiter-7x7-rust-lambda-v0.1.0	-	L	P	196
g1_BAK3WDJoUSGcAcb0CcwfBnXOHYGEJ2PzCFzHRdm9gWE	s1_Icjegyyjgjkk5yjn0Nze32q4L8BtoxDM93XVyTfKvx4	1unN2X	qadv-arbiter-7x7-rust-lambda-v0.1.0	-	qadv-arbiter-7x7-rust-lambda-v0.1.0	-	D	P	196
g1_BAK3WDJoUSGcAcb0CcwfBnXOHYGEJ2PzCFzHRdm9gWE	s1_RauLaTi4eVgYHSp2TV9pqs9uzTVv0B10g9TaHMWpcZ4	1unN2X	qadv-arbiter-7x7-rust-lambda-v0.1.0	-	qadv-arbiter-7x7-rust-lambda-v0.1.0	-	D	P	-
g1_BAK3WDJoUSGcAcb0CcwfBnXOHYGEJ2PzCFzHRdm9gWE	s1_jayO34dLaMfUmkjZoxo9giuVYSDvc0XPOoQz_7akOQM	1unN2X	qadv-arbiter-7x7-rust-lambda-v0.1.0	-	qadv-arbiter-7x7-rust-lambda-v0.1.0	-	D	P	196
g1_BAK3WDJoUSGcAcb0CcwfBnXOHYGEJ2PzCFzHRdm9gWE	s1_jnVpzInZDHEC0z8Tgp-vcTrwFq0E5PVVvPGBJyJwe1g	1unN2X	qadv-arbiter-7x7-rust-lambda-v0.1.0	-	qadv-arbiter-7x7-rust-lambda-v0.1.0	-	D	P	196
g1_BATyHetj6aOENKi4w0IZY13fkz4sU0dHzOIXPWJgj08	s1_FV6Xjg34Ml_8LAqLPLbPA4jtiCPe1ArZKC5rvhWIAGA	1unPlW	qadv-arbiter-7x7-rust-lambda-v0.1.0	-	qadv-arbiter-7x7-rust-lambda-v0.1.0	-	L	P	196
g1_BATyHetj6aOENKi4w0IZY13fkz4sU0dHzOIXPWJgj08	s1_RauLaTi4eVgYHSp2TV9pqs9uzTVv0B10g9TaHMWpcZ4	1unPlW	qadv-arbiter-7x7-rust-lambda-v0.1.0	-	qadv-arbiter-7x7-rust-lambda-v0.1.0	-	L	P	-
g1_BATyHetj6aOENKi4w0IZY13fkz4sU0dHzOIXPWJgj08	s1_mY45TouxizOabo7bHCiyb-0BalslnG2qFX457jjH6Wo	1unPlW	qadv-arbiter-7x7-rust-lambda-v0.1.0	-	qadv-arbiter-7x7-rust-lambda-v0.1.0	-	L	P	196
g1_BATyHetj6aOENKi4w0IZY13fkz4sU0dHzOIXPWJgj08	s1_vyu1al9znfG0MaRiKGi60hijSzSfwdRAQh3dwEGT9nY	1unPlW	qadv-arbiter-7x7-rust-lambda-v0.1.0	-	qadv-arbiter-7x7-rust-lambda-v0.1.0	-	L	P	196
g1_BAXpQ8lVCG-eU7nmjAWp7u-MMEhFrSsuAXmzWNf-2DE	s1_5xiikusBj_9416Qp3p17UWMvH6K_r01NBrMW3e06NXU	1unPo1	qadv-arbiter-7x7-rust-lambda-v0.1.0	-	qadv-arbiter-7x7-rust-lambda-v0.1.0	-	D	P	196
g1_BAXpQ8lVCG-eU7nmjAWp7u-MMEhFrSsuAXmzWNf-2DE	s1_L23amtiCM2_uvBz-M4H1GVSZJe9ntNpdYTvqxyWDPhA	1unPo1	qadv-arbiter-7x7-rust-lambda-v0.1.0	-	qadv-arbiter-7x7-rust-lambda-v0.1.0	-	D	P	196
g1_BAXpQ8lVCG-eU7nmjAWp7u-MMEhFrSsuAXmzWNf-2DE	s1_RauLaTi4eVgYHSp2TV9pqs9uzTVv0B10g9TaHMWpcZ4	1unPo1	qadv-arbiter-7x7-rust-lambda-v0.1.0	-	qadv-arbiter-7x7-rust-lambda-v0.1.0	-	D	P	-
g1_BAXpQ8lVCG-eU7nmjAWp7u-MMEhFrSsuAXmzWNf-2DE	s1_a_hGpRORpg-bIkNCSTplfb8MboGCBQUtUk70hlntylY	1unPo1	qadv-arbiter-7x7-rust-lambda-v0.1.0	-	qadv-arbiter-7x7-rust-lambda-v0.1.0	-	D	P	196
g1_BAY45OZ02VGEWGF-pntcdChq-xERAWL-YeapA0bAPH8	s1_-OKlJXuPFfAnukwGYITjiU7XKL4OC_qt76PC0TZSPjg	1umviD	python-cnn-puct-v0.1.0	sha256:7845e9b7687beee165dc36b8d21833b7a8b5a83e31b58b49bd05c277ba26e642	python-cnn-puct-v0.1.0	sha256:7845e9b7687beee165dc36b8d21833b7a8b5a83e31b58b49bd05c277ba26e642	D	P	196
g1_BAY45OZ02VGEWGF-pntcdChq-xERAWL-YeapA0bAPH8	s1_1av6nXQkq-GSHXfjkVlGHGpAq8F9UbW4JwZmyFA-vww	1umviD	python-cnn-puct-v0.1.0	sha256:7845e9b7687beee165dc36b8d21833b7a8b5a83e31b58b49bd05c277ba26e642	python-cnn-puct-v0.1.0	sha256:7845e9b7687beee165dc36b8d21833b7a8b5a83e31b58b49bd05c277ba26e642	D	P	196
g1_BAY45OZ02VGEWGF-pntcdChq-xERAWL-YeapA0bAPH8	s1_Brk0hkuJoH-MBjdd53AO5tlWcOgDWV_R0PO74fHGd_0	1umviD	python-cnn-puct-v0.1.0	sha256:7845e9b7687beee165dc36b8d21833b7a8b5a83e31b58b49bd05c277ba26e642	python-cnn-puct-v0.1.0	sha256:7845e9b7687beee165dc36b8d21833b7a8b5a83e31b58b49bd05c277ba26e642	D	P	196
g1_BAoCa5geMMe1gpj5sY0NbKExhWCu4y2MJdtzFscGu8s	s1_-OKlJXuPFfAnukwGYITjiU7XKL4OC_qt76PC0TZSPjg	1umvi_	python-cnn-puct-v0.1.0	sha256:7845e9b7687beee165dc36b8d21833b7a8b5a83e31b58b49bd05c277ba26e642	python-cnn-puct-v0.1.0	sha256:7845e9b7687beee165dc36b8d21833b7a8b5a83e31b58b49bd05c277ba26e642	L	P	196
g1_BAoCa5geMMe1gpj5sY0NbKExhWCu4y2MJdtzFscGu8s	s1_1av6nXQkq-GSHXfjkVlGHGpAq8F9UbW4JwZmyFA-vww	1umvi_	python-cnn-puct-v0.1.0	sha256:7845e9b7687beee165dc36b8d21833b7a8b5a83e31b58b49bd05c277ba26e642	python-cnn-puct-v0.1.0	sha256:7845e9b7687beee165dc36b8d21833b7a8b5a83e31b58b49bd05c277ba26e642	L	P	196
g1_BAoCa5geMMe1gpj5sY0NbKExhWCu4y2MJdtzFscGu8s	s1_Brk0hkuJoH-MBjdd53AO5tlWcOgDWV_R0PO74fHGd_0	1umvi_	python-cnn-puct-v0.1.0	sha256:7845e9b7687beee165dc36b8d21833b7a8b5a83e31b58b49bd05c277ba26e642	python-cnn-puct-v0.1.0	sha256:7845e9b7687beee165dc36b8d21833b7a8b5a83e31b58b49bd05c277ba26e642	L	P	196
g1_BAs2rOXJtFHr57Gr3lspim9uFcl4jxa4vzbbT9hd5UQ	s1_2FtaP75xgRVTNrUvmC0NIesJCNy8IDFJ05WNM4nUnpg	1unQzX	surveyor-v0.2.0	-	qadv-arbiter-7x7-v0.1.0	-	L	P	196
g1_BAs2rOXJtFHr57Gr3lspim9uFcl4jxa4vzbbT9hd5UQ	s1_DkFsEmXYe1KphoYdOPL3a4OI8KZcctVu6BwZkFlUv7Y	1unQzX	surveyor-v0.2.0	-	qadv-arbiter-7x7-v0.1.0	-	L	P	196
g1_BAs2rOXJtFHr57Gr3lspim9uFcl4jxa4vzbbT9hd5UQ	s1_RauLaTi4eVgYHSp2TV9pqs9uzTVv0B10g9TaHMWpcZ4	1unQzX	surveyor-v0.2.0	-	qadv-arbiter-7x7-v0.1.0	-	L	P	-
g1_BAs2rOXJtFHr57Gr3lspim9uFcl4jxa4vzbbT9hd5UQ	s1_TGcWj7-7umkVdEDSLQU5K59Wc73_QNjokUH6wWTNjDE	1unQzX	surveyor-v0.2.0	-	qadv-arbiter-7x7-v0.1.0	-	L	P	196
g1_BB2xCLpYH2XBLEfwLbCZBuE-8pps6Q1Z0DrTBb0ik9c	s1_ADaxWg_NZRKjodZqYQlGBz5bxdT-lQwXBXfAUs3_Ux8	1unPk4	qadv-arbiter-7x7-rust-lambda-v0.1.0	-	qadv-arbiter-7x7-rust-lambda-v0.1.0	-	D	P	196
g1_BB2xCLpYH2XBLEfwLbCZBuE-8pps6Q1Z0DrTBb0ik9c	s1_GwxufNIUHEw57CCOD5sSDVQ4rZuPAFjQPc584QvR9mo	1unPk4	qadv-arbiter-7x7-rust-lambda-v0.1.0	-	qadv-arbiter-7x7-rust-lambda-v0.1.0	-	D	P	196
g1_BB2xCLpYH2XBLEfwLbCZBuE-8pps6Q1Z0DrTBb0ik9c	s1_RauLaTi4eVgYHSp2TV9pqs9uzTVv0B10g9TaHMWpcZ4	1unPk4	qadv-arbiter-7x7-rust-lambda-v0.1.0	-	qadv-arbiter-7x7-rust-lambda-v0.1.0	-	D	P	-
g1_BB2xCLpYH2XBLEfwLbCZBuE-8pps6Q1Z0DrTBb0ik9c	s1_ochrZO9ZtQHgpLiCxhZaFtImiu4HGYWKeiRYwLuqnoY	1unPk4	qadv-arbiter-7x7-rust-lambda-v0.1.0	-	qadv-arbiter-7x7-rust-lambda-v0.1.0	-	D	P	196
g1_BB9anbR3sGRhe8NTF5FpPBAUonEulF9ZO9bNhqN38yA	s1_RauLaTi4eVgYHSp2TV9pqs9uzTVv0B10g9TaHMWpcZ4	1unOIK	qadv-arbiter-7x7-rust-lambda-v0.1.0	-	qadv-arbiter-7x7-rust-lambda-v0.1.0	-	D	P	-
g1_BB9anbR3sGRhe8NTF5FpPBAUonEulF9ZO9bNhqN38yA	s1_Y1Xu9M0F-phahvY1aw5aljO7fwH7ECT9A2t9Ppttw_w	1unOIK	qadv-arbiter-7x7-rust-lambda-v0.1.0	-	qadv-arbiter-7x7-rust-lambda-v0.1.0	-	D	P	196
g1_BB9anbR3sGRhe8NTF5FpPBAUonEulF9ZO9bNhqN38yA	s1_wWzGUWZPpSMZcHAwhKcJFDtBedxL9-kLqPg5qsJ3Jck	1unOIK	qadv-arbiter-7x7-rust-lambda-v0.1.0	-	qadv-arbiter-7x7-rust-lambda-v0.1.0	-	D	P	196
g1_BB9anbR3sGRhe8NTF5FpPBAUonEulF9ZO9bNhqN38yA	s1_ypDjNSaPSV9ChjSKVPjmC49EDlR42ETGNK7q2uS9vsQ	1unOIK	qadv-arbiter-7x7-rust-lambda-v0.1.0	-	qadv-arbiter-7x7-rust-lambda-v0.1.0	-	D	P	196
g1_BBGvYxV-oykLj7YuNWRG5_2nHLNnASMQGLg6Ti3zunQ	s1_1UUcOnJ08qddxULbzSYwGcQO1CdhS8QewEjhF7MHozI	1unN9w	qadv-arbiter-7x7-rust-lambda-v0.1.0	-	qadv-arbiter-7x7-rust-lambda-v0.1.0	-	L	P	196
g1_BBGvYxV-oykLj7YuNWRG5_2nHLNnASMQGLg6Ti3zunQ	s1_RauLaTi4eVgYHSp2TV9pqs9uzTVv0B10g9TaHMWpcZ4	1unN9w	qadv-arbiter-7x7-rust-lambda-v0.1.0	-	qadv-arbiter-7x7-rust-lambda-v0.1.0	-	L	P	-
g1_BBGvYxV-oykLj7YuNWRG5_2nHLNnASMQGLg6Ti3zunQ	s1_Y5drhDFpTVkh-9YhxsFZ6t-JlePYu00EQTGEM7_eF9A	1unN9w	qadv-arbiter-7x7-rust-lambda-v0.1.0	-	qadv-arbiter-7x7-rust-lambda-v0.1.0	-	L	P	196
g1_BBGvYxV-oykLj7YuNWRG5_2nHLNnASMQGLg6Ti3zunQ	s1_lgBc8yQSRv-c2O4igpIUnkbtYienWD11hntiZ2ye6YU	1unN9w	qadv-arbiter-7x7-rust-lambda-v0.1.0	-	qadv-arbiter-7x7-rust-lambda-v0.1.0	-	L	P	196
g1_BBM7-uEFDJwYdGNAVJIYAFHLqwsgDvQk_9h9PQXyGp8	s1_1av6nXQkq-GSHXfjkVlGHGpAq8F9UbW4JwZmyFA-vww	1umvRp	python-gnn-puct-learner-v0.1.0	sha256:ab0f739cd33d66781faf60e27797c5ccba3c04ba684f8d9e32e9c2754f4e8956	python-gnn-puct-learner-v0.1.0	sha256:ab0f739cd33d66781faf60e27797c5ccba3c04ba684f8d9e32e9c2754f4e8956	-	M	196
g1_BBM7-uEFDJwYdGNAVJIYAFHLqwsgDvQk_9h9PQXyGp8	s1_Brk0hkuJoH-MBjdd53AO5tlWcOgDWV_R0PO74fHGd_0	1umvRp	python-gnn-puct-learner-v0.1.0	sha256:ab0f739cd33d66781faf60e27797c5ccba3c04ba684f8d9e32e9c2754f4e8956	python-gnn-puct-learner-v0.1.0	sha256:ab0f739cd33d66781faf60e27797c5ccba3c04ba684f8d9e32e9c2754f4e8956	-	M	196
g1_BBM7-uEFDJwYdGNAVJIYAFHLqwsgDvQk_9h9PQXyGp8	s1_QBFUsDtxokERlDOdQkleYbPvhJ-vIp2qmp6DXjS-7oM	1umvRp	python-gnn-puct-learner-v0.1.0	sha256:ab0f739cd33d66781faf60e27797c5ccba3c04ba684f8d9e32e9c2754f4e8956	python-gnn-puct-learner-v0.1.0	sha256:ab0f739cd33d66781faf60e27797c5ccba3c04ba684f8d9e32e9c2754f4e8956	-	M	196
g1_BBMD_TBC4asW__cZT0-kxk0HAwDPbTxhHeMKVsel6-E	s1_Qmoz3nLvbLcY_1rcqMtpMJDvTQydhL5cxUNWV6EhpMY	1umwwl	qadv-arbiter-7x7-v0.1.0	sha256:8c548d06307572603b839755cc1e50393285365e10f82bcd90290ca65cd86266	qadv-arbiter-7x7-v0.1.0	sha256:8c548d06307572603b839755cc1e50393285365e10f82bcd90290ca65cd86266	L	P	196
g1_BBN87cQPpXx1T8ddEKcxS-cpApIVdao-0xZnkMfGXEI	s1__fmnSv6OnZklVvMPUjPdL6drtvfrJptRYX3nxZQO8jI	1umxog	python-gnn-puct-scout-v0.1.0	sha256:b9f80706cc1f29076ee06fe06483697c749148a808c599579045d00a52573938	python-gnn-puct-scout-v0.1.0	sha256:b9f80706cc1f29076ee06fe06483697c749148a808c599579045d00a52573938	D	P	196
g1_BBOU5OgdDKJ2CjD5iWfIDfW7laEcaExtKvsgQnyIyiM	s1_1av6nXQkq-GSHXfjkVlGHGpAq8F9UbW4JwZmyFA-vww	1DIji	rust-pathfinder-v0.1.0	-	lunatic-v0.1.0	-	L	P	-
g1_BBOU5OgdDKJ2CjD5iWfIDfW7laEcaExtKvsgQnyIyiM	s1_9Eroywf7tuDrn-hcfZPjlEa1DSRUykCRn9Z11u8ySIo	1DIji	rust-pathfinder-v0.1.0	-	lunatic-v0.1.0	-	L	P	-
g1_BBOU5OgdDKJ2CjD5iWfIDfW7laEcaExtKvsgQnyIyiM	s1_Brk0hkuJoH-MBjdd53AO5tlWcOgDWV_R0PO74fHGd_0	1DIji	rust-pathfinder-v0.1.0	-	lunatic-v0.1.0	-	L	P	-
g1_BBOU5OgdDKJ2CjD5iWfIDfW7laEcaExtKvsgQnyIyiM	s1_KmF8KhDbubz6lwdS8R_n_yTGdSONmH9B1wUABbyCj94	1DIji	rust-pathfinder-v0.1.0	-	lunatic-v0.1.0	-	L	P	-
g1_BBOU5OgdDKJ2CjD5iWfIDfW7laEcaExtKvsgQnyIyiM	s1_MKrI0a3Qd48rU7oZj28GrlQ3cHhIbUzS5ibiIW9aKy4	1DIji	rust-pathfinder-v0.1.0	-	lunatic-v0.1.0	-	L	P	-
g1_BBOU5OgdDKJ2CjD5iWfIDfW7laEcaExtKvsgQnyIyiM	s1_XloMUS0hxYEXf762lcPfaudsLmsH-CsOVZNVVU_obcA	1DIji	rust-pathfinder-v0.1.0	-	lunatic-v0.1.0	-	L	P	-
g1_BBOU5OgdDKJ2CjD5iWfIDfW7laEcaExtKvsgQnyIyiM	s1_g5pGkHBMEhzAYvwFY0b24sSc7wC9JfnWApMHHZ_aMPI	1DIji	rust-pathfinder-v0.1.0	-	lunatic-v0.1.0	-	L	P	-
g1_BBP8QRXfxKbtr2sU6G8EMiIaZZ9H7f3SO2cL5tBO_Lw	s1_Qmoz3nLvbLcY_1rcqMtpMJDvTQydhL5cxUNWV6EhpMY	1umwp8	qadv-arbiter-7x7-v0.1.0	sha256:8c548d06307572603b839755cc1e50393285365e10f82bcd90290ca65cd86266	qadv-arbiter-7x7-v0.1.0	sha256:8c548d06307572603b839755cc1e50393285365e10f82bcd90290ca65cd86266	D	P	196
g1_BBdp0I3y_vIIpg7yS11lJhumFC_6EjcWtyX2EbRwIv4	s1_1av6nXQkq-GSHXfjkVlGHGpAq8F9UbW4JwZmyFA-vww	1umvHT	python-gnn-puct-learner-v0.1.0	sha256:ab0f739cd33d66781faf60e27797c5ccba3c04ba684f8d9e32e9c2754f4e8956	python-gnn-puct-learner-v0.1.0	sha256:ab0f739cd33d66781faf60e27797c5ccba3c04ba684f8d9e32e9c2754f4e8956	L	P	196
g1_BBdp0I3y_vIIpg7yS11lJhumFC_6EjcWtyX2EbRwIv4	s1_QBFUsDtxokERlDOdQkleYbPvhJ-vIp2qmp6DXjS-7oM	1umvHT	python-gnn-puct-learner-v0.1.0	sha256:ab0f739cd33d66781faf60e27797c5ccba3c04ba684f8d9e32e9c2754f4e8956	python-gnn-puct-learner-v0.1.0	sha256:ab0f739cd33d66781faf60e27797c5ccba3c04ba684f8d9e32e9c2754f4e8956	L	P	196
g1_BBdp0I3y_vIIpg7yS11lJhumFC_6EjcWtyX2EbRwIv4	s1_mWPTef6xYbijjPhDIC6QgLRmu2mMSJAokNlIkx3vg54	1umvHT	python-gnn-puct-learner-v0.1.0	sha256:ab0f739cd33d66781faf60e27797c5ccba3c04ba684f8d9e32e9c2754f4e8956	python-gnn-puct-learner-v0.1.0	sha256:ab0f739cd33d66781faf60e27797c5ccba3c04ba684f8d9e32e9c2754f4e8956	L	P	196
g1_BBvu4DtiYNIkmBzYTild97QFzNUrjYuQt_6D0GP2kQg	s1_6PxtazPxkizz7K9QTWPSCIopEV5n0zpHoq3F52yO_6U	1umwpk	python-cnn-puct-v0.1.0	sha256:7845e9b7687beee165dc36b8d21833b7a8b5a83e31b58b49bd05c277ba26e642	python-cnn-puct-v0.1.0	sha256:7845e9b7687beee165dc36b8d21833b7a8b5a83e31b58b49bd05c277ba26e642	-	M	196
g1_BBvu4DtiYNIkmBzYTild97QFzNUrjYuQt_6D0GP2kQg	s1_baRgKA_wMXdl0r4AwdkUfhWC04qxd1MvEGXAQaDd4fo	1umwpk	python-cnn-puct-v0.1.0	sha256:7845e9b7687beee165dc36b8d21833b7a8b5a83e31b58b49bd05c277ba26e642	python-cnn-puct-v0.1.0	sha256:7845e9b7687beee165dc36b8d21833b7a8b5a83e31b58b49bd05c277ba26e642	-	M	196
g1_BC3Q_y5MIoKaOI-4HklZOfQiedk2D12L3v97opwQZyg	s1_4gvtd7VAxkmcswh4EjpZOtcvkIhu_RPfU4Dx59jGUJE	1unPnf	qadv-arbiter-7x7-rust-lambda-v0.1.0	-	qadv-arbiter-7x7-rust-lambda-v0.1.0	-	L	P	196
g1_BC3Q_y5MIoKaOI-4HklZOfQiedk2D12L3v97opwQZyg	s1_O2yhU88iwn9Bg7onI1uZ_-7KkF4XN6o0KNI4EUHWr-s	1unPnf	qadv-arbiter-7x7-rust-lambda-v0.1.0	-	qadv-arbiter-7x7-rust-lambda-v0.1.0	-	L	P	196
g1_BC3Q_y5MIoKaOI-4HklZOfQiedk2D12L3v97opwQZyg	s1_RauLaTi4eVgYHSp2TV9pqs9uzTVv0B10g9TaHMWpcZ4	1unPnf	qadv-arbiter-7x7-rust-lambda-v0.1.0	-	qadv-arbiter-7x7-rust-lambda-v0.1.0	-	L	P	-
g1_BC3Q_y5MIoKaOI-4HklZOfQiedk2D12L3v97opwQZyg	s1_i-TJUnAXcNf9BUoBR3DagCrhPPXZauxoBfjXxF5hmRg	1unPnf	qadv-arbiter-7x7-rust-lambda-v0.1.0	-	qadv-arbiter-7x7-rust-lambda-v0.1.0	-	L	P	196
g1_BCCw5K1tWwook32EeAqaEzBtV_OPfgRMhzTEYEHKG6w	s1_2FtaP75xgRVTNrUvmC0NIesJCNy8IDFJ05WNM4nUnpg	1unQuT	surveyor-v0.2.0	-	qadv-arbiter-7x7-v0.1.0	-	L	P	196
g1_BCCw5K1tWwook32EeAqaEzBtV_OPfgRMhzTEYEHKG6w	s1_LlG9KjHOBYhH2M-owqE5ZKArsxcaclBdGxzD642DT8Q	1unQuT	surveyor-v0.2.0	-	qadv-arbiter-7x7-v0.1.0	-	L	P	196
g1_BCCw5K1tWwook32EeAqaEzBtV_OPfgRMhzTEYEHKG6w	s1_RauLaTi4eVgYHSp2TV9pqs9uzTVv0B10g9TaHMWpcZ4	1unQuT	surveyor-v0.2.0	-	qadv-arbiter-7x7-v0.1.0	-	L	P	-
g1_BCCw5K1tWwook32EeAqaEzBtV_OPfgRMhzTEYEHKG6w	s1_kx1NBFbe-62P6rUJdUPP5ZPthiA1tQPtR5_pOB0xC-k	1unQuT	surveyor-v0.2.0	-	qadv-arbiter-7x7-v0.1.0	-	L	P	196
g1_BCCw5K1tWwook32EeAqaEzBtV_OPfgRMhzTEYEHKG6w	s1_zH0KlMvO9ekIb5d7JNxQA4unGlzevAXAO2itKEdaQkg	1unQuT	surveyor-v0.2.0	-	qadv-arbiter-7x7-v0.1.0	-	L	P	196
g1_BCGhPgJM-nRrhauBXWxDh45tKRQqYxxllmcbtF3LhmQ	s1_-OKlJXuPFfAnukwGYITjiU7XKL4OC_qt76PC0TZSPjg	1umvlW	python-cnn-puct-v0.1.0	sha256:7845e9b7687beee165dc36b8d21833b7a8b5a83e31b58b49bd05c277ba26e642	python-cnn-puct-v0.1.0	sha256:7845e9b7687beee165dc36b8d21833b7a8b5a83e31b58b49bd05c277ba26e642	-	M	196
g1_BCGhPgJM-nRrhauBXWxDh45tKRQqYxxllmcbtF3LhmQ	s1_1av6nXQkq-GSHXfjkVlGHGpAq8F9UbW4JwZmyFA-vww	1umvlW	python-cnn-puct-v0.1.0	sha256:7845e9b7687beee165dc36b8d21833b7a8b5a83e31b58b49bd05c277ba26e642	python-cnn-puct-v0.1.0	sha256:7845e9b7687beee165dc36b8d21833b7a8b5a83e31b58b49bd05c277ba26e642	-	M	196
g1_BCGhPgJM-nRrhauBXWxDh45tKRQqYxxllmcbtF3LhmQ	s1_mWPTef6xYbijjPhDIC6QgLRmu2mMSJAokNlIkx3vg54	1umvlW	python-cnn-puct-v0.1.0	sha256:7845e9b7687beee165dc36b8d21833b7a8b5a83e31b58b49bd05c277ba26e642	python-cnn-puct-v0.1.0	sha256:7845e9b7687beee165dc36b8d21833b7a8b5a83e31b58b49bd05c277ba26e642	-	M	196
g1_BCHR4spPkqP_zQ3lpN92yBPQGv8JTdBh8V3c1XfE9po	s1_7FIu85-v_e-kbNsQ2UNk3yRt-KGcLyUjpmVwIc9cnfM	1umwFc	python-gnn-puct-scout-v0.1.0	sha256:b9f80706cc1f29076ee06fe06483697c749148a808c599579045d00a52573938	python-gnn-puct-scout-v0.1.0	sha256:b9f80706cc1f29076ee06fe06483697c749148a808c599579045d00a52573938	L	P	196
g1_BCHR4spPkqP_zQ3lpN92yBPQGv8JTdBh8V3c1XfE9po	s1_S8AGNBNcWBvWiwIo-AOAHPoHuZo2XvcsYvhgQxGTkrY	1umwFc	python-gnn-puct-scout-v0.1.0	sha256:b9f80706cc1f29076ee06fe06483697c749148a808c599579045d00a52573938	python-gnn-puct-scout-v0.1.0	sha256:b9f80706cc1f29076ee06fe06483697c749148a808c599579045d00a52573938	L	P	196
g1_BCO892hrnM3pYP2PFmA9vQmOahFiIkZFxqGJtmKjklI	s1_7FIu85-v_e-kbNsQ2UNk3yRt-KGcLyUjpmVwIc9cnfM	1umwFp	python-gnn-puct-scout-v0.1.0	sha256:b9f80706cc1f29076ee06fe06483697c749148a808c599579045d00a52573938	python-gnn-puct-scout-v0.1.0	sha256:b9f80706cc1f29076ee06fe06483697c749148a808c599579045d00a52573938	L	P	196
g1_BCO892hrnM3pYP2PFmA9vQmOahFiIkZFxqGJtmKjklI	s1_S8AGNBNcWBvWiwIo-AOAHPoHuZo2XvcsYvhgQxGTkrY	1umwFp	python-gnn-puct-scout-v0.1.0	sha256:b9f80706cc1f29076ee06fe06483697c749148a808c599579045d00a52573938	python-gnn-puct-scout-v0.1.0	sha256:b9f80706cc1f29076ee06fe06483697c749148a808c599579045d00a52573938	L	P	196
g1_BCTPckpCh9JwuP4v_7NP9yd0ZenVTM0i3BQBH18Kjf4	s1_A3vR1kNKaom1N1_v8p6h3dJKWi11nHj_b86Jif_N2KU	1unND1	qadv-arbiter-7x7-rust-lambda-v0.1.0	-	qadv-arbiter-7x7-rust-lambda-v0.1.0	-	L	P	196
g1_BCTPckpCh9JwuP4v_7NP9yd0ZenVTM0i3BQBH18Kjf4	s1_RauLaTi4eVgYHSp2TV9pqs9uzTVv0B10g9TaHMWpcZ4	1unND1	qadv-arbiter-7x7-rust-lambda-v0.1.0	-	qadv-arbiter-7x7-rust-lambda-v0.1.0	-	L	P	-
g1_BCTPckpCh9JwuP4v_7NP9yd0ZenVTM0i3BQBH18Kjf4	s1__y96uxAWQy_iA5fZtwJXH0PGCo_zBc94Ez8Qmb71TBQ	1unND1	qadv-arbiter-7x7-rust-lambda-v0.1.0	-	qadv-arbiter-7x7-rust-lambda-v0.1.0	-	L	P	196
g1_BCTPckpCh9JwuP4v_7NP9yd0ZenVTM0i3BQBH18Kjf4	s1_sj5ZhB0-dW4ktX43a9-edxJNWPJBSFbSBnuY7x6X2qs	1unND1	qadv-arbiter-7x7-rust-lambda-v0.1.0	-	qadv-arbiter-7x7-rust-lambda-v0.1.0	-	L	P	196
g1_BC_IjMq4C-jtBxtP3I4Ab12zDwfKO0RepWcU5tEgJyY	s1_1av6nXQkq-GSHXfjkVlGHGpAq8F9UbW4JwZmyFA-vww	1DIWA	rust-pathfinder-v0.1.0	-	lunatic-v0.1.0	-	L	P	-
g1_BC_IjMq4C-jtBxtP3I4Ab12zDwfKO0RepWcU5tEgJyY	s1_9Eroywf7tuDrn-hcfZPjlEa1DSRUykCRn9Z11u8ySIo	1DIWA	rust-pathfinder-v0.1.0	-	lunatic-v0.1.0	-	L	P	-
g1_BC_IjMq4C-jtBxtP3I4Ab12zDwfKO0RepWcU5tEgJyY	s1_MKrI0a3Qd48rU7oZj28GrlQ3cHhIbUzS5ibiIW9aKy4	1DIWA	rust-pathfinder-v0.1.0	-	lunatic-v0.1.0	-	L	P	-
g1_BC_IjMq4C-jtBxtP3I4Ab12zDwfKO0RepWcU5tEgJyY	s1_XloMUS0hxYEXf762lcPfaudsLmsH-CsOVZNVVU_obcA	1DIWA	rust-pathfinder-v0.1.0	-	lunatic-v0.1.0	-	L	P	-
g1_BC_IjMq4C-jtBxtP3I4Ab12zDwfKO0RepWcU5tEgJyY	s1_del54SUFELBov5vQFrhsVexn6D9EhUPDFZpXuqC6eCI	1DIWA	rust-pathfinder-v0.1.0	-	lunatic-v0.1.0	-	L	P	-
g1_BC_IjMq4C-jtBxtP3I4Ab12zDwfKO0RepWcU5tEgJyY	s1_g5pGkHBMEhzAYvwFY0b24sSc7wC9JfnWApMHHZ_aMPI	1DIWA	rust-pathfinder-v0.1.0	-	lunatic-v0.1.0	-	L	P	-
g1_BC_IjMq4C-jtBxtP3I4Ab12zDwfKO0RepWcU5tEgJyY	s1_mWPTef6xYbijjPhDIC6QgLRmu2mMSJAokNlIkx3vg54	1DIWA	rust-pathfinder-v0.1.0	-	lunatic-v0.1.0	-	L	P	-
g1_BCeN2QecHLQzEZCH_EiGM_m_T9NOVOU7S2N3SfkNgLQ	s1_MnMfIDcihJ4OGjBjsY_ZCrijvKPtGZCbnAKqiIPlEEU	1unN6G	qadv-arbiter-7x7-rust-lambda-v0.1.0	-	qadv-arbiter-7x7-rust-lambda-v0.1.0	-	D	P	196
g1_BCeN2QecHLQzEZCH_EiGM_m_T9NOVOU7S2N3SfkNgLQ	s1_RauLaTi4eVgYHSp2TV9pqs9uzTVv0B10g9TaHMWpcZ4	1unN6G	qadv-arbiter-7x7-rust-lambda-v0.1.0	-	qadv-arbiter-7x7-rust-lambda-v0.1.0	-	D	P	-
g1_BCeN2QecHLQzEZCH_EiGM_m_T9NOVOU7S2N3SfkNgLQ	s1_eVWp_cnaVYJ_cQl5oEvBzfGSZNuwgs6FRAY6vQV1jsE	1unN6G	qadv-arbiter-7x7-rust-lambda-v0.1.0	-	qadv-arbiter-7x7-rust-lambda-v0.1.0	-	D	P	196
g1_BCeN2QecHLQzEZCH_EiGM_m_T9NOVOU7S2N3SfkNgLQ	s1_v7IqBPXqy1XrOSIZFWpQJasvsYnpuUWrzYdXFqlAkaU	1unN6G	qadv-arbiter-7x7-rust-lambda-v0.1.0	-	qadv-arbiter-7x7-rust-lambda-v0.1.0	-	D	P	196
g1_BCk-RubLxbPiJ-SkF8DJDoV0dJ50uN_cRynCkzNXzJU	s1_7mjUfsvFa6ffNWChJlC1Eory9qHZAGUnbMaOJi8DmqE	1unOnn	qadv-arbiter-7x7-rust-lambda-v0.1.0	-	qadv-arbiter-7x7-rust-lambda-v0.1.0	-	D	P	196
g1_BCk-RubLxbPiJ-SkF8DJDoV0dJ50uN_cRynCkzNXzJU	s1_RauLaTi4eVgYHSp2TV9pqs9uzTVv0B10g9TaHMWpcZ4	1unOnn	qadv-arbiter-7x7-rust-lambda-v0.1.0	-	qadv-arbiter-7x7-rust-lambda-v0.1.0	-	D	P	-
g1_BCk-RubLxbPiJ-SkF8DJDoV0dJ50uN_cRynCkzNXzJU	s1_YYu88saBlmuEYWX7kxMrCCsh4-3ugoJSsyDTdPAwDtA	1unOnn	qadv-arbiter-7x7-rust-lambda-v0.1.0	-	qadv-arbiter-7x7-rust-lambda-v0.1.0	-	D	P	196
g1_BCk-RubLxbPiJ-SkF8DJDoV0dJ50uN_cRynCkzNXzJU	s1_ttg7zVQ6yDEGq-qg7Cpn7YK01mKLIYcMAaEBa4pSQss	1unOnn	qadv-arbiter-7x7-rust-lambda-v0.1.0	-	qadv-arbiter-7x7-rust-lambda-v0.1.0	-	D	P	196
g1_BCvjZB3ZMJ8uiokleIVf41aJi3tspbUFKXmXbZrh5Mc	s1_Qmoz3nLvbLcY_1rcqMtpMJDvTQydhL5cxUNWV6EhpMY	1umwoC	qadv-arbiter-7x7-v0.1.0	sha256:8c548d06307572603b839755cc1e50393285365e10f82bcd90290ca65cd86266	qadv-arbiter-7x7-v0.1.0	sha256:8c548d06307572603b839755cc1e50393285365e10f82bcd90290ca65cd86266	L	P	196
g1_BCxmDVvGUh6xaLLwCmNHtzl5HPciQYn2HOg0jo_Y3IE	s1_2FtaP75xgRVTNrUvmC0NIesJCNy8IDFJ05WNM4nUnpg	1unQuN	surveyor-v0.2.0	-	qadv-arbiter-7x7-v0.1.0	-	L	P	196
g1_BCxmDVvGUh6xaLLwCmNHtzl5HPciQYn2HOg0jo_Y3IE	s1_RauLaTi4eVgYHSp2TV9pqs9uzTVv0B10g9TaHMWpcZ4	1unQuN	surveyor-v0.2.0	-	qadv-arbiter-7x7-v0.1.0	-	L	P	-
g1_BCxmDVvGUh6xaLLwCmNHtzl5HPciQYn2HOg0jo_Y3IE	s1_eJuo_biXWVeb2nItzvFGEiODkxKwej0Jm5n8uIaqIjs	1unQuN	surveyor-v0.2.0	-	qadv-arbiter-7x7-v0.1.0	-	L	P	196
g1_BCxmDVvGUh6xaLLwCmNHtzl5HPciQYn2HOg0jo_Y3IE	s1_zH0KlMvO9ekIb5d7JNxQA4unGlzevAXAO2itKEdaQkg	1unQuN	surveyor-v0.2.0	-	qadv-arbiter-7x7-v0.1.0	-	L	P	196
g1_BCyaTqhaCqVUvdVKPz11Cqk5upjmIABbXk016Zv5Spw	s1_HJrALk2OhXP0gObsJjPJr_u8AQDIsnh33bUEVH23_IM	1unN9M	qadv-arbiter-7x7-rust-lambda-v0.1.0	-	qadv-arbiter-7x7-rust-lambda-v0.1.0	-	D	P	196
g1_BCyaTqhaCqVUvdVKPz11Cqk5upjmIABbXk016Zv5Spw	s1_RauLaTi4eVgYHSp2TV9pqs9uzTVv0B10g9TaHMWpcZ4	1unN9M	qadv-arbiter-7x7-rust-lambda-v0.1.0	-	qadv-arbiter-7x7-rust-lambda-v0.1.0	-	D	P	-
g1_BCyaTqhaCqVUvdVKPz11Cqk5upjmIABbXk016Zv5Spw	s1_Y5drhDFpTVkh-9YhxsFZ6t-JlePYu00EQTGEM7_eF9A	1unN9M	qadv-arbiter-7x7-rust-lambda-v0.1.0	-	qadv-arbiter-7x7-rust-lambda-v0.1.0	-	D	P	196
g1_BCyaTqhaCqVUvdVKPz11Cqk5upjmIABbXk016Zv5Spw	s1_lgBc8yQSRv-c2O4igpIUnkbtYienWD11hntiZ2ye6YU	1unN9M	qadv-arbiter-7x7-rust-lambda-v0.1.0	-	qadv-arbiter-7x7-rust-lambda-v0.1.0	-	D	P	196
g1_BCzHzzVI_3hTR8cvJ3J4pcx-X1ngojgSWEAkTnGXcCY	s1_1av6nXQkq-GSHXfjkVlGHGpAq8F9UbW4JwZmyFA-vww	1umvKH	cnn-baseline-7x7	sha256:f4969554372b34d9773382cf5cd8e3f20890ccedfb1e6c685984c6c94fbb6203	gnn-scout-beam-7x7	sha256:7d34820fd656875b3ac4a0142e8f22179d11b133feb3321d0eb735b2a7abd027	D	P	140
g1_BCzHzzVI_3hTR8cvJ3J4pcx-X1ngojgSWEAkTnGXcCY	s1_29kA8k4MmzN7V0Pg8oxKlfmERHqrpKkFdnvMLD8E4eg	1umvKH	cnn-baseline-7x7	sha256:f4969554372b34d9773382cf5cd8e3f20890ccedfb1e6c685984c6c94fbb6203	gnn-scout-beam-7x7	sha256:7d34820fd656875b3ac4a0142e8f22179d11b133feb3321d0eb735b2a7abd027	D	P	140
g1_BCzHzzVI_3hTR8cvJ3J4pcx-X1ngojgSWEAkTnGXcCY	s1_Brk0hkuJoH-MBjdd53AO5tlWcOgDWV_R0PO74fHGd_0	1umvKH	cnn-baseline-7x7	sha256:f4969554372b34d9773382cf5cd8e3f20890ccedfb1e6c685984c6c94fbb6203	gnn-scout-beam-7x7	sha256:7d34820fd656875b3ac4a0142e8f22179d11b133feb3321d0eb735b2a7abd027	D	P	140
g1_BCzHzzVI_3hTR8cvJ3J4pcx-X1ngojgSWEAkTnGXcCY	s1_PHW9kVw0NsLdMi1wg6F8yazy1aI9kEkH5dMcH_gafG8	1umvCT	cnn-baseline-7x7	sha256:f4969554372b34d9773382cf5cd8e3f20890ccedfb1e6c685984c6c94fbb6203	gnn-scout-beam-7x7	sha256:7d34820fd656875b3ac4a0142e8f22179d11b133feb3321d0eb735b2a7abd027	D	P	140
g1_BCzHzzVI_3hTR8cvJ3J4pcx-X1ngojgSWEAkTnGXcCY	s1_dcEgf_s_8JfAgzbYFm9Z15BWrFU6bsc6MzE1gZNvlP4	1umvCT	cnn-baseline-7x7	sha256:f4969554372b34d9773382cf5cd8e3f20890ccedfb1e6c685984c6c94fbb6203	gnn-scout-beam-7x7	sha256:7d34820fd656875b3ac4a0142e8f22179d11b133feb3321d0eb735b2a7abd027	D	P	140
g1_BCzHzzVI_3hTR8cvJ3J4pcx-X1ngojgSWEAkTnGXcCY	s1_dcEgf_s_8JfAgzbYFm9Z15BWrFU6bsc6MzE1gZNvlP4	1umvKH	cnn-baseline-7x7	sha256:f4969554372b34d9773382cf5cd8e3f20890ccedfb1e6c685984c6c94fbb6203	gnn-scout-beam-7x7	sha256:7d34820fd656875b3ac4a0142e8f22179d11b133feb3321d0eb735b2a7abd027	D	P	140
g1_BD3OycR-jd-6RCwKxROuemE17BMRRPUfuPx9gHDxOk4	s1_-TJmHnZb0d2rbbXCOm-_xdnPd_Jx2qrPDW09AvbkifA	1unNQX	qadv-arbiter-7x7-rust-lambda-v0.1.0	-	qadv-arbiter-7x7-rust-lambda-v0.1.0	-	D	P	196
g1_BD3OycR-jd-6RCwKxROuemE17BMRRPUfuPx9gHDxOk4	s1_RauLaTi4eVgYHSp2TV9pqs9uzTVv0B10g9TaHMWpcZ4	1unNQX	qadv-arbiter-7x7-rust-lambda-v0.1.0	-	qadv-arbiter-7x7-rust-lambda-v0.1.0	-	D	P	-
g1_BD3OycR-jd-6RCwKxROuemE17BMRRPUfuPx9gHDxOk4	s1_ZI90CPju7P0C1SmFeOAqhj-UG9hDVgdEuop6_5VsAvM	1unNQX	qadv-arbiter-7x7-rust-lambda-v0.1.0	-	qadv-arbiter-7x7-rust-lambda-v0.1.0	-	D	P	196
g1_BD3OycR-jd-6RCwKxROuemE17BMRRPUfuPx9gHDxOk4	s1_eDELfAT-9LO_tmwOUtvZT4Xg4597Pe4jpzXUWi-tAUw	1unNQX	qadv-arbiter-7x7-rust-lambda-v0.1.0	-	qadv-arbiter-7x7-rust-lambda-v0.1.0	-	D	P	196
g1_BDDiO9RURlIsXrMuDb0k4v3yXGV6Fy4NkcnjHW-K_ZQ	s1_CT4bZdhv8cBrI6MyjFeutfTj2A_Qz02R1MI_bWlTHXU	1unMnJ	qadv-arbiter-7x7-rust-lambda-v0.1.0	-	qadv-arbiter-7x7-rust-lambda-v0.1.0	-	D	P	196
g1_BDDiO9RURlIsXrMuDb0k4v3yXGV6Fy4NkcnjHW-K_ZQ	s1_RauLaTi4eVgYHSp2TV9pqs9uzTVv0B10g9TaHMWpcZ4	1unMnJ	qadv-arbiter-7x7-rust-lambda-v0.1.0	-	qadv-arbiter-7x7-rust-lambda-v0.1.0	-	D	P	-
g1_BDDiO9RURlIsXrMuDb0k4v3yXGV6Fy4NkcnjHW-K_ZQ	s1_gvX4NMXkf6Kt6VDfeKgTRwvlrUb9a4pGCKcJ1UgA2qY	1unMnJ	qadv-arbiter-7x7-rust-lambda-v0.1.0	-	qadv-arbiter-7x7-rust-lambda-v0.1.0	-	D	P	196
g1_BDDiO9RURlIsXrMuDb0k4v3yXGV6Fy4NkcnjHW-K_ZQ	s1_l9OUX3tYeGKGOBFcuvhnFtoGRrbj6M9g_CAphKmtprQ	1unMnJ	qadv-arbiter-7x7-rust-lambda-v0.1.0	-	qadv-arbiter-7x7-rust-lambda-v0.1.0	-	D	P	196
g1_BDI05mUxA1--r-8j5upRre6-Gk4hADBmEbV7iYNHvGc	s1_73J5YIoU_WoX3yH80C2vvancBfjFDLQJVrPA75yv8DM	1unLud	qadv-arbiter-7x7-rust-lambda-v0.1.0	-	qadv-arbiter-7x7-rust-lambda-v0.1.0	-	L	P	196
g1_BDI05mUxA1--r-8j5upRre6-Gk4hADBmEbV7iYNHvGc	s1_Kn6o0nBws1XVm3BYV9eVP86BMFWGpY7uFcGck8Mb9sM	1unLud	qadv-arbiter-7x7-rust-lambda-v0.1.0	-	qadv-arbiter-7x7-rust-lambda-v0.1.0	-	L	P	196
g1_BDI05mUxA1--r-8j5upRre6-Gk4hADBmEbV7iYNHvGc	s1_RauLaTi4eVgYHSp2TV9pqs9uzTVv0B10g9TaHMWpcZ4	1unLud	qadv-arbiter-7x7-rust-lambda-v0.1.0	-	qadv-arbiter-7x7-rust-lambda-v0.1.0	-	L	P	-
g1_BDI05mUxA1--r-8j5upRre6-Gk4hADBmEbV7iYNHvGc	s1_n_s2QDo0tSzK8bBe9ScW54a3DwItQhFuWd9D_kxNKHQ	1unLud	qadv-arbiter-7x7-rust-lambda-v0.1.0	-	qadv-arbiter-7x7-rust-lambda-v0.1.0	-	L	P	196
g1_BDII2Nq-SDs-APDUjHg1KblPFT2HXtpYf7-g4Soq6-8	s1_06Lybku3iXGwJgame1Ivx4o4kNHlGKicjZU39qQUVD8	1unLlS	qadv-arbiter-7x7-rust-lambda-v0.1.0	-	qadv-arbiter-7x7-rust-lambda-v0.1.0	-	L	P	196
g1_BDII2Nq-SDs-APDUjHg1KblPFT2HXtpYf7-g4Soq6-8	s1_DiclF7yi4fwFc0kltCPHLa7YrklsJq7oJd8MrWAaGXE	1unLlS	qadv-arbiter-7x7-rust-lambda-v0.1.0	-	qadv-arbiter-7x7-rust-lambda-v0.1.0	-	L	P	196
g1_BDII2Nq-SDs-APDUjHg1KblPFT2HXtpYf7-g4Soq6-8	s1_Q73unob33F9t6Hpc3RdJDFm1q-RkM-NIr6UhxYs1YiU	1unLlS	qadv-arbiter-7x7-rust-lambda-v0.1.0	-	qadv-arbiter-7x7-rust-lambda-v0.1.0	-	L	P	196
g1_BDII2Nq-SDs-APDUjHg1KblPFT2HXtpYf7-g4Soq6-8	s1_RauLaTi4eVgYHSp2TV9pqs9uzTVv0B10g9TaHMWpcZ4	1unLlS	qadv-arbiter-7x7-rust-lambda-v0.1.0	-	qadv-arbiter-7x7-rust-lambda-v0.1.0	-	L	P	-
g1_BDOVbfF5FQFSsgBRyfEqCwUFTOxEbxcGk3R4iF0fQL0	s1_HUmFHqCsMxXvffRQODRlBTa0tC4lDVgvAhWpgSlbAo4	1unMFg	qadv-arbiter-7x7-rust-lambda-v0.1.0	-	qadv-arbiter-7x7-rust-lambda-v0.1.0	-	D	P	196
g1_BDOVbfF5FQFSsgBRyfEqCwUFTOxEbxcGk3R4iF0fQL0	s1_Ol4I05HD-226zeWEEM5jOMGX6uXC2jg4jvEEsKH0ow8	1unMFg	qadv-arbiter-7x7-rust-lambda-v0.1.0	-	qadv-arbiter-7x7-rust-lambda-v0.1.0	-	D	P	196
g1_BDOVbfF5FQFSsgBRyfEqCwUFTOxEbxcGk3R4iF0fQL0	s1_QhgR-7UOwXYSDybJjxqjHz3PnzXshbamCJSXqUhclC0	1unMFg	qadv-arbiter-7x7-rust-lambda-v0.1.0	-	qadv-arbiter-7x7-rust-lambda-v0.1.0	-	D	P	196
g1_BDOVbfF5FQFSsgBRyfEqCwUFTOxEbxcGk3R4iF0fQL0	s1_RauLaTi4eVgYHSp2TV9pqs9uzTVv0B10g9TaHMWpcZ4	1unMFg	qadv-arbiter-7x7-rust-lambda-v0.1.0	-	qadv-arbiter-7x7-rust-lambda-v0.1.0	-	D	P	-
g1_BDRCkuETHZmDJmXeQZUKthLrYPfcM5t9lVQg2xmq3OY	s1__fmnSv6OnZklVvMPUjPdL6drtvfrJptRYX3nxZQO8jI	1umxwy	python-gnn-puct-scout-v0.1.0	sha256:b9f80706cc1f29076ee06fe06483697c749148a808c599579045d00a52573938	python-gnn-puct-scout-v0.1.0	sha256:b9f80706cc1f29076ee06fe06483697c749148a808c599579045d00a52573938	D	P	196
g1_BD_nQTBr2fiQltg7oI6MeL5KS1tWcb7xMtEv2xN_NpU	s1_2FtaP75xgRVTNrUvmC0NIesJCNy8IDFJ05WNM4nUnpg	1unR58	qadv-arbiter-7x7-v0.1.0	-	lunatic-v0.1.0	-	D	P	196
g1_BD_nQTBr2fiQltg7oI6MeL5KS1tWcb7xMtEv2xN_NpU	s1_O_uHBJKrhwmWlTu_mKPB9OGQAkZtIPBAkOGIcTMQrP8	1unR58	qadv-arbiter-7x7-v0.1.0	-	lunatic-v0.1.0	-	D	P	196
g1_BD_nQTBr2fiQltg7oI6MeL5KS1tWcb7xMtEv2xN_NpU	s1_QzbHttqqUuCKGP6e20O4i83I9tIN5nu85G-fVQIksR0	1unR58	qadv-arbiter-7x7-v0.1.0	-	lunatic-v0.1.0	-	D	P	196
g1_BD_nQTBr2fiQltg7oI6MeL5KS1tWcb7xMtEv2xN_NpU	s1_RauLaTi4eVgYHSp2TV9pqs9uzTVv0B10g9TaHMWpcZ4	1unR58	qadv-arbiter-7x7-v0.1.0	-	lunatic-v0.1.0	-	D	P	-
g1_BDc7at9FNhyfDApxVy7E2A99HbLBmXirBupypkObhL0	s1_RauLaTi4eVgYHSp2TV9pqs9uzTVv0B10g9TaHMWpcZ4	1unP97	qadv-arbiter-7x7-rust-lambda-v0.1.0	-	qadv-arbiter-7x7-rust-lambda-v0.1.0	-	L	P	-
g1_BDc7at9FNhyfDApxVy7E2A99HbLBmXirBupypkObhL0	s1_VtTT3NYmyfKv51t7PZa9alubSsx1DSenHCQBsqBox6A	1unP97	qadv-arbiter-7x7-rust-lambda-v0.1.0	-	qadv-arbiter-7x7-rust-lambda-v0.1.0	-	L	P	196
g1_BDc7at9FNhyfDApxVy7E2A99HbLBmXirBupypkObhL0	s1_YK2w_uTc6uXSZ0Qya82jyLWj4RPFi-Bklgd9pEf6KIA	1unP97	qadv-arbiter-7x7-rust-lambda-v0.1.0	-	qadv-arbiter-7x7-rust-lambda-v0.1.0	-	L	P	196
g1_BDc7at9FNhyfDApxVy7E2A99HbLBmXirBupypkObhL0	s1_njCqKgGcPm9w9cbn0RBwUEuU_ZZyyYS04GbkQGG-9Ag	1unP97	qadv-arbiter-7x7-rust-lambda-v0.1.0	-	qadv-arbiter-7x7-rust-lambda-v0.1.0	-	L	P	196
g1_BDl2ugMK_40bdTP1Ks2FwaIyJ2yuM3NKiJVWHJIEUQo	s1_6PxtazPxkizz7K9QTWPSCIopEV5n0zpHoq3F52yO_6U	1umwj7	python-cnn-puct-v0.1.0	sha256:7845e9b7687beee165dc36b8d21833b7a8b5a83e31b58b49bd05c277ba26e642	python-cnn-puct-v0.1.0	sha256:7845e9b7687beee165dc36b8d21833b7a8b5a83e31b58b49bd05c277ba26e642	L	P	196
g1_BDl2ugMK_40bdTP1Ks2FwaIyJ2yuM3NKiJVWHJIEUQo	s1_baRgKA_wMXdl0r4AwdkUfhWC04qxd1MvEGXAQaDd4fo	1umwj7	python-cnn-puct-v0.1.0	sha256:7845e9b7687beee165dc36b8d21833b7a8b5a83e31b58b49bd05c277ba26e642	python-cnn-puct-v0.1.0	sha256:7845e9b7687beee165dc36b8d21833b7a8b5a83e31b58b49bd05c277ba26e642	L	P	196
g1_BDukCuSfctfF5elVKLL3KaM3Ysk3FSbF_etB7JQijEI	s1_GR_5YN398TpabTadw5KR6SuwiFxOHteddCHW9S4MFgo	1unO4g	qadv-arbiter-7x7-rust-lambda-v0.1.0	-	qadv-arbiter-7x7-rust-lambda-v0.1.0	-	L	P	196
g1_BDukCuSfctfF5elVKLL3KaM3Ysk3FSbF_etB7JQijEI	s1_RZbHgbnofe-68i18giAHoAuo7ADriQOU4xJyWUhH8xk	1unO4g	qadv-arbiter-7x7-rust-lambda-v0.1.0	-	qadv-arbiter-7x7-rust-lambda-v0.1.0	-	L	P	196
g1_BDukCuSfctfF5elVKLL3KaM3Ysk3FSbF_etB7JQijEI	s1_RauLaTi4eVgYHSp2TV9pqs9uzTVv0B10g9TaHMWpcZ4	1unO4g	qadv-arbiter-7x7-rust-lambda-v0.1.0	-	qadv-arbiter-7x7-rust-lambda-v0.1.0	-	L	P	-
g1_BDukCuSfctfF5elVKLL3KaM3Ysk3FSbF_etB7JQijEI	s1_jGlqxFQn8k8D3EoRGvmIQ8oMoJpUuTtjKJxvAgLRXao	1unO4g	qadv-arbiter-7x7-rust-lambda-v0.1.0	-	qadv-arbiter-7x7-rust-lambda-v0.1.0	-	L	P	196
g1_BE4-I5KjtXC-1pBoAfWhVOPyhxNeoOkzwNu2HW3ggcg	s1_6PxtazPxkizz7K9QTWPSCIopEV5n0zpHoq3F52yO_6U	1umwnb	python-cnn-puct-v0.1.0	sha256:7845e9b7687beee165dc36b8d21833b7a8b5a83e31b58b49bd05c277ba26e642	python-cnn-puct-v0.1.0	sha256:7845e9b7687beee165dc36b8d21833b7a8b5a83e31b58b49bd05c277ba26e642	D	P	196
g1_BE4-I5KjtXC-1pBoAfWhVOPyhxNeoOkzwNu2HW3ggcg	s1_baRgKA_wMXdl0r4AwdkUfhWC04qxd1MvEGXAQaDd4fo	1umwnb	python-cnn-puct-v0.1.0	sha256:7845e9b7687beee165dc36b8d21833b7a8b5a83e31b58b49bd05c277ba26e642	python-cnn-puct-v0.1.0	sha256:7845e9b7687beee165dc36b8d21833b7a8b5a83e31b58b49bd05c277ba26e642	D	P	196
g1_BE4hm9IyEN35Xb-c5F7SoN5MEweVeDu4RuFjaY4hGjk	s1_WVg7aYYLIrw6_-2mI3jQ-DPcLO4gX2sPEEqWQb0DGQA	1umxKn	python-cnn-puct-reval30k-v0.1.0	sha256:eb2600a53e225a835455efdb2759c40e27c5cb3c16ab0688bc21b99290ed10ee	python-cnn-puct-reval30k-v0.1.0	sha256:eb2600a53e225a835455efdb2759c40e27c5cb3c16ab0688bc21b99290ed10ee	L	P	196
g1_BE72aQ5IV6_1gutOIXrj3Pc0tullcB0My3dYlQ2vNwU	s1_0lQQRqJQvuFzdSnZnh_il3XFQCWpYEVHNGvaX_dJfLQ	1unORn	qadv-arbiter-7x7-rust-lambda-v0.1.0	-	qadv-arbiter-7x7-rust-lambda-v0.1.0	-	L	P	196
g1_BE72aQ5IV6_1gutOIXrj3Pc0tullcB0My3dYlQ2vNwU	s1_RauLaTi4eVgYHSp2TV9pqs9uzTVv0B10g9TaHMWpcZ4	1unORn	qadv-arbiter-7x7-rust-lambda-v0.1.0	-	qadv-arbiter-7x7-rust-lambda-v0.1.0	-	L	P	-
g1_BE72aQ5IV6_1gutOIXrj3Pc0tullcB0My3dYlQ2vNwU	s1_RdoldsCCO7m0cFVT7sihvkgep0zhg483NxhHpHqP4dc	1unORn	qadv-arbiter-7x7-rust-lambda-v0.1.0	-	qadv-arbiter-7x7-rust-lambda-v0.1.0	-	L	P	196
g1_BE72aQ5IV6_1gutOIXrj3Pc0tullcB0My3dYlQ2vNwU	s1_dbJjnQKXDIJOUx5scFtf8FxvkqVWxOktTGuv2HUSUX4	1unORn	qadv-arbiter-7x7-rust-lambda-v0.1.0	-	qadv-arbiter-7x7-rust-lambda-v0.1.0	-	L	P	196
g1_BE8R75OHaXz_WDtUi1lJLIaDcwwxDrbji3r-y8GeJ3g	s1__fmnSv6OnZklVvMPUjPdL6drtvfrJptRYX3nxZQO8jI	1umxzV	python-gnn-puct-scout-v0.1.0	sha256:b9f80706cc1f29076ee06fe06483697c749148a808c599579045d00a52573938	python-gnn-puct-scout-v0.1.0	sha256:b9f80706cc1f29076ee06fe06483697c749148a808c599579045d00a52573938	L	P	196
g1_BEIUOCDkBY1aoj5CGXP-EWiwUyRv1bbe_vr-plMLDFY	s1_3tYg7FxFL_fZqxWE5sczv4WCClC6HqWiA5Xk7BEqeaI	1unMh1	qadv-arbiter-7x7-rust-lambda-v0.1.0	-	qadv-arbiter-7x7-rust-lambda-v0.1.0	-	L	P	196
g1_BEIUOCDkBY1aoj5CGXP-EWiwUyRv1bbe_vr-plMLDFY	s1_RauLaTi4eVgYHSp2TV9pqs9uzTVv0B10g9TaHMWpcZ4	1unMh1	qadv-arbiter-7x7-rust-lambda-v0.1.0	-	qadv-arbiter-7x7-rust-lambda-v0.1.0	-	L	P	-
g1_BEIUOCDkBY1aoj5CGXP-EWiwUyRv1bbe_vr-plMLDFY	s1_YlTw-LaMAufrWehpUcfIalf71Z81LdJ41oiiyrzQnCs	1unMh1	qadv-arbiter-7x7-rust-lambda-v0.1.0	-	qadv-arbiter-7x7-rust-lambda-v0.1.0	-	L	P	196
g1_BEIUOCDkBY1aoj5CGXP-EWiwUyRv1bbe_vr-plMLDFY	s1_son4XinXX-2ee3h9K6oo3_ushffn9CjeVTIIy547F9g	1unMh1	qadv-arbiter-7x7-rust-lambda-v0.1.0	-	qadv-arbiter-7x7-rust-lambda-v0.1.0	-	L	P	196
g1_BEJv2jk-2CWMLWA7_4J52dNg5E97RhEMuVsWT6fgrIY	s1_1av6nXQkq-GSHXfjkVlGHGpAq8F9UbW4JwZmyFA-vww	1DIVv	python-gnn-puct-v0.1.0	sha256:6f9ad6e4a0993da3cf34a8549e86f9b5d512c51e11bfa76dfe051e7a8801bdac	python-gnn-puct-v0.1.0	sha256:6f9ad6e4a0993da3cf34a8549e86f9b5d512c51e11bfa76dfe051e7a8801bdac	D	P	196
g1_BEJv2jk-2CWMLWA7_4J52dNg5E97RhEMuVsWT6fgrIY	s1_Brk0hkuJoH-MBjdd53AO5tlWcOgDWV_R0PO74fHGd_0	1DIVv	python-gnn-puct-v0.1.0	sha256:6f9ad6e4a0993da3cf34a8549e86f9b5d512c51e11bfa76dfe051e7a8801bdac	python-gnn-puct-v0.1.0	sha256:6f9ad6e4a0993da3cf34a8549e86f9b5d512c51e11bfa76dfe051e7a8801bdac	D	P	196
g1_BEJv2jk-2CWMLWA7_4J52dNg5E97RhEMuVsWT6fgrIY	s1_KmF8KhDbubz6lwdS8R_n_yTGdSONmH9B1wUABbyCj94	1DIVv	python-gnn-puct-v0.1.0	sha256:6f9ad6e4a0993da3cf34a8549e86f9b5d512c51e11bfa76dfe051e7a8801bdac	python-gnn-puct-v0.1.0	sha256:6f9ad6e4a0993da3cf34a8549e86f9b5d512c51e11bfa76dfe051e7a8801bdac	D	P	196
g1_BEJv2jk-2CWMLWA7_4J52dNg5E97RhEMuVsWT6fgrIY	s1_g5pGkHBMEhzAYvwFY0b24sSc7wC9JfnWApMHHZ_aMPI	1DIVv	python-gnn-puct-v0.1.0	sha256:6f9ad6e4a0993da3cf34a8549e86f9b5d512c51e11bfa76dfe051e7a8801bdac	python-gnn-puct-v0.1.0	sha256:6f9ad6e4a0993da3cf34a8549e86f9b5d512c51e11bfa76dfe051e7a8801bdac	D	P	196
g1_BEJv2jk-2CWMLWA7_4J52dNg5E97RhEMuVsWT6fgrIY	s1_tol_POp6BcgBLMWq8iDfRBQSAXpESHxFwmcCQYXv0yQ	1DIVv	python-gnn-puct-v0.1.0	sha256:6f9ad6e4a0993da3cf34a8549e86f9b5d512c51e11bfa76dfe051e7a8801bdac	python-gnn-puct-v0.1.0	sha256:6f9ad6e4a0993da3cf34a8549e86f9b5d512c51e11bfa76dfe051e7a8801bdac	D	P	196
g1_BEP4_-f4PCgAGKBkv7zrNmPdUNPW1CfurflTHbbzdbU	s1_NRnL6JBPDTciSKOBqewbVfiiDHLE119P8rtlxpkOJ7E	1unPCC	qadv-arbiter-7x7-rust-lambda-v0.1.0	-	qadv-arbiter-7x7-rust-lambda-v0.1.0	-	D	P	196
g1_BEP4_-f4PCgAGKBkv7zrNmPdUNPW1CfurflTHbbzdbU	s1_RauLaTi4eVgYHSp2TV9pqs9uzTVv0B10g9TaHMWpcZ4	1unPCC	qadv-arbiter-7x7-rust-lambda-v0.1.0	-	qadv-arbiter-7x7-rust-lambda-v0.1.0	-	D	P	-
g1_BEP4_-f4PCgAGKBkv7zrNmPdUNPW1CfurflTHbbzdbU	s1_jl_xbPuZYgrrbT7Zh9jVYg9PRdE_qSIjNBcKVPr6Hl0	1unPCC	qadv-arbiter-7x7-rust-lambda-v0.1.0	-	qadv-arbiter-7x7-rust-lambda-v0.1.0	-	D	P	196
g1_BEP4_-f4PCgAGKBkv7zrNmPdUNPW1CfurflTHbbzdbU	s1_zBkr-_DBC0Xph9eRmVeDTpV85tja7qk_3yhQP3FcnEY	1unPCC	qadv-arbiter-7x7-rust-lambda-v0.1.0	-	qadv-arbiter-7x7-rust-lambda-v0.1.0	-	D	P	196
g1_BEWXXqLS9ZPHFEiluhuQRDVDWAmtG_IeZko5ILg-_cA	s1_-OKlJXuPFfAnukwGYITjiU7XKL4OC_qt76PC0TZSPjg	1umvdu	python-cnn-puct-v0.1.0	sha256:7845e9b7687beee165dc36b8d21833b7a8b5a83e31b58b49bd05c277ba26e642	python-cnn-puct-v0.1.0	sha256:7845e9b7687beee165dc36b8d21833b7a8b5a83e31b58b49bd05c277ba26e642	D	P	196
g1_BEWXXqLS9ZPHFEiluhuQRDVDWAmtG_IeZko5ILg-_cA	s1_1av6nXQkq-GSHXfjkVlGHGpAq8F9UbW4JwZmyFA-vww	1umvdu	python-cnn-puct-v0.1.0	sha256:7845e9b7687beee165dc36b8d21833b7a8b5a83e31b58b49bd05c277ba26e642	python-cnn-puct-v0.1.0	sha256:7845e9b7687beee165dc36b8d21833b7a8b5a83e31b58b49bd05c277ba26e642	D	P	196
g1_BEWXXqLS9ZPHFEiluhuQRDVDWAmtG_IeZko5ILg-_cA	s1_Brk0hkuJoH-MBjdd53AO5tlWcOgDWV_R0PO74fHGd_0	1umvdu	python-cnn-puct-v0.1.0	sha256:7845e9b7687beee165dc36b8d21833b7a8b5a83e31b58b49bd05c277ba26e642	python-cnn-puct-v0.1.0	sha256:7845e9b7687beee165dc36b8d21833b7a8b5a83e31b58b49bd05c277ba26e642	D	P	196
g1_BEbnjokKlVwwN1UYbFpNcsJqMoYqrf5FhRn68QRR1wQ	s1_IMAs9P_tBtRuvPuB8vhU1YNWagXc2NRVTz5xLy2Z7as	1unLlO	qadv-arbiter-7x7-rust-lambda-v0.1.0	-	qadv-arbiter-7x7-rust-lambda-v0.1.0	-	L	P	196
g1_BEbnjokKlVwwN1UYbFpNcsJqMoYqrf5FhRn68QRR1wQ	s1_RauLaTi4eVgYHSp2TV9pqs9uzTVv0B10g9TaHMWpcZ4	1unLlO	qadv-arbiter-7x7-rust-lambda-v0.1.0	-	qadv-arbiter-7x7-rust-lambda-v0.1.0	-	L	P	-
g1_BEbnjokKlVwwN1UYbFpNcsJqMoYqrf5FhRn68QRR1wQ	s1_cpVkR2VS3zP-IwV7MziQESKdih-fP9rtWGx-W3FkMls	1unLlO	qadv-arbiter-7x7-rust-lambda-v0.1.0	-	qadv-arbiter-7x7-rust-lambda-v0.1.0	-	L	P	196
g1_BEbnjokKlVwwN1UYbFpNcsJqMoYqrf5FhRn68QRR1wQ	s1_sV_r5Cg6zUZyb9wU1QRZhGMuSSbv6VL5kE0AhgT9POQ	1unLlO	qadv-arbiter-7x7-rust-lambda-v0.1.0	-	qadv-arbiter-7x7-rust-lambda-v0.1.0	-	L	P	196
g1_BEe5dN0K1xnm--0VSbtd_He_hP_OBsVhEMhJw20vKXM	s1__fmnSv6OnZklVvMPUjPdL6drtvfrJptRYX3nxZQO8jI	1umxs4	python-gnn-puct-scout-v0.1.0	sha256:b9f80706cc1f29076ee06fe06483697c749148a808c599579045d00a52573938	python-gnn-puct-scout-v0.1.0	sha256:b9f80706cc1f29076ee06fe06483697c749148a808c599579045d00a52573938	D	P	196
g1_BEkHz9vdU1hwE4Eeh4r7WYDTl8WsIpZqFIGZBbTeXBQ	s1_1av6nXQkq-GSHXfjkVlGHGpAq8F9UbW4JwZmyFA-vww	1DIin	python-gnn-puct-v0.1.0	sha256:6f9ad6e4a0993da3cf34a8549e86f9b5d512c51e11bfa76dfe051e7a8801bdac	python-gnn-puct-v0.1.0	sha256:6f9ad6e4a0993da3cf34a8549e86f9b5d512c51e11bfa76dfe051e7a8801bdac	-	M	196
g1_BEkHz9vdU1hwE4Eeh4r7WYDTl8WsIpZqFIGZBbTeXBQ	s1_Brk0hkuJoH-MBjdd53AO5tlWcOgDWV_R0PO74fHGd_0	1DIin	python-gnn-puct-v0.1.0	sha256:6f9ad6e4a0993da3cf34a8549e86f9b5d512c51e11bfa76dfe051e7a8801bdac	python-gnn-puct-v0.1.0	sha256:6f9ad6e4a0993da3cf34a8549e86f9b5d512c51e11bfa76dfe051e7a8801bdac	-	M	196
g1_BEkHz9vdU1hwE4Eeh4r7WYDTl8WsIpZqFIGZBbTeXBQ	s1_KmF8KhDbubz6lwdS8R_n_yTGdSONmH9B1wUABbyCj94	1DIin	python-gnn-puct-v0.1.0	sha256:6f9ad6e4a0993da3cf34a8549e86f9b5d512c51e11bfa76dfe051e7a8801bdac	python-gnn-puct-v0.1.0	sha256:6f9ad6e4a0993da3cf34a8549e86f9b5d512c51e11bfa76dfe051e7a8801bdac	-	M	196
g1_BEkHz9vdU1hwE4Eeh4r7WYDTl8WsIpZqFIGZBbTeXBQ	s1_g5pGkHBMEhzAYvwFY0b24sSc7wC9JfnWApMHHZ_aMPI	1DIin	python-gnn-puct-v0.1.0	sha256:6f9ad6e4a0993da3cf34a8549e86f9b5d512c51e11bfa76dfe051e7a8801bdac	python-gnn-puct-v0.1.0	sha256:6f9ad6e4a0993da3cf34a8549e86f9b5d512c51e11bfa76dfe051e7a8801bdac	-	M	196
g1_BEkHz9vdU1hwE4Eeh4r7WYDTl8WsIpZqFIGZBbTeXBQ	s1_tol_POp6BcgBLMWq8iDfRBQSAXpESHxFwmcCQYXv0yQ	1DIin	python-gnn-puct-v0.1.0	sha256:6f9ad6e4a0993da3cf34a8549e86f9b5d512c51e11bfa76dfe051e7a8801bdac	python-gnn-puct-v0.1.0	sha256:6f9ad6e4a0993da3cf34a8549e86f9b5d512c51e11bfa76dfe051e7a8801bdac	-	M	196
g1_BEs7Ib0VNlqIdxj6HHxeNGCPOIAhoFCdDaof7rpw1Lk	s1_0AUOJjPQPZ1MRMfwzS00hiN-u8aJ0dAeHixic-sp0u8	1un6di	qadv-arbiter-guided-7x7-v0.2.0	sha256:9c0e5e530df7db77a98f6a2e75fe63a6f629c6ad6563e0b5454793ebc243b14d	gnn-reval30k-7x7	sha256:7f41dbe135649d1116a0914bc0358a5ffae95749195ec20dd972035bbbea52f7	D	P	196
g1_BEs7Ib0VNlqIdxj6HHxeNGCPOIAhoFCdDaof7rpw1Lk	s1_O3cuwuia8XT9TI7Nxr3tRcajOA20XFHEIT2fYX3WizY	1un6di	qadv-arbiter-guided-7x7-v0.2.0	sha256:9c0e5e530df7db77a98f6a2e75fe63a6f629c6ad6563e0b5454793ebc243b14d	gnn-reval30k-7x7	sha256:7f41dbe135649d1116a0914bc0358a5ffae95749195ec20dd972035bbbea52f7	D	P	196
g1_BEs7Ib0VNlqIdxj6HHxeNGCPOIAhoFCdDaof7rpw1Lk	s1_UHtME0K2nHdWZi6cty5g9OSxM3nyUTxwVk5nkZhTkjA	1un6di	qadv-arbiter-guided-7x7-v0.2.0	sha256:9c0e5e530df7db77a98f6a2e75fe63a6f629c6ad6563e0b5454793ebc243b14d	gnn-reval30k-7x7	sha256:7f41dbe135649d1116a0914bc0358a5ffae95749195ec20dd972035bbbea52f7	D	P	196
g1_BEwawrP00ceLPoaaw_n9ADKiBv4YLU9Om3rlABSbSl4	s1_2FtaP75xgRVTNrUvmC0NIesJCNy8IDFJ05WNM4nUnpg	1unQe8	qadv-arbiter-7x7-v0.1.0	-	pathfinder-v0.3.0	-	D	P	196
g1_BEwawrP00ceLPoaaw_n9ADKiBv4YLU9Om3rlABSbSl4	s1_RauLaTi4eVgYHSp2TV9pqs9uzTVv0B10g9TaHMWpcZ4	1unQe8	qadv-arbiter-7x7-v0.1.0	-	pathfinder-v0.3.0	-	D	P	-
g1_BEwawrP00ceLPoaaw_n9ADKiBv4YLU9Om3rlABSbSl4	s1_a3xFQY41G9nPPc4_GbESq-0eN3mRycIC2y9N09PKA5E	1unQe8	qadv-arbiter-7x7-v0.1.0	-	pathfinder-v0.3.0	-	D	P	196
g1_BEwawrP00ceLPoaaw_n9ADKiBv4YLU9Om3rlABSbSl4	s1_s_46FrA53S3DgobCqh_IlSvsc76HJcZuLHJzTvI7C-g	1unQe8	qadv-arbiter-7x7-v0.1.0	-	pathfinder-v0.3.0	-	D	P	196
g1_BExgnQqCdtSB136RsnIoQfE9NpC58WCO3oE4yVKFRW0	s1_1LB6NAgPOeCp4r8rQw4kUOIXWpEdWysFm5RZjWCQSgc	1umwd7	python-gnn-puct-learner-v0.1.0	sha256:ab0f739cd33d66781faf60e27797c5ccba3c04ba684f8d9e32e9c2754f4e8956	python-gnn-puct-learner-v0.1.0	sha256:ab0f739cd33d66781faf60e27797c5ccba3c04ba684f8d9e32e9c2754f4e8956	L	P	196
g1_BExgnQqCdtSB136RsnIoQfE9NpC58WCO3oE4yVKFRW0	s1_P4NHYhwuVnEA-dG2X-UVeVotb84A5mwljbYTlTMqr8w	1umwd7	python-gnn-puct-learner-v0.1.0	sha256:ab0f739cd33d66781faf60e27797c5ccba3c04ba684f8d9e32e9c2754f4e8956	python-gnn-puct-learner-v0.1.0	sha256:ab0f739cd33d66781faf60e27797c5ccba3c04ba684f8d9e32e9c2754f4e8956	L	P	196
g1_BFJlhy8iFagCKklBGROUZq7D86uYffxQgE3NmGlVsqI	s1_-OKlJXuPFfAnukwGYITjiU7XKL4OC_qt76PC0TZSPjg	1umvWn	python-cnn-puct-v0.1.0	sha256:7845e9b7687beee165dc36b8d21833b7a8b5a83e31b58b49bd05c277ba26e642	python-cnn-puct-v0.1.0	sha256:7845e9b7687beee165dc36b8d21833b7a8b5a83e31b58b49bd05c277ba26e642	L	P	196
g1_BFJlhy8iFagCKklBGROUZq7D86uYffxQgE3NmGlVsqI	s1_1av6nXQkq-GSHXfjkVlGHGpAq8F9UbW4JwZmyFA-vww	1umvWn	python-cnn-puct-v0.1.0	sha256:7845e9b7687beee165dc36b8d21833b7a8b5a83e31b58b49bd05c277ba26e642	python-cnn-puct-v0.1.0	sha256:7845e9b7687beee165dc36b8d21833b7a8b5a83e31b58b49bd05c277ba26e642	L	P	196
g1_BFJlhy8iFagCKklBGROUZq7D86uYffxQgE3NmGlVsqI	s1_Brk0hkuJoH-MBjdd53AO5tlWcOgDWV_R0PO74fHGd_0	1umvWn	python-cnn-puct-v0.1.0	sha256:7845e9b7687beee165dc36b8d21833b7a8b5a83e31b58b49bd05c277ba26e642	python-cnn-puct-v0.1.0	sha256:7845e9b7687beee165dc36b8d21833b7a8b5a83e31b58b49bd05c277ba26e642	L	P	196
g1_BFL7bUiMWmuBV-SkKhsPwblstqhHLcUCch_Gxpc_C58	s1_2FtaP75xgRVTNrUvmC0NIesJCNy8IDFJ05WNM4nUnpg	1unQuY	qadv-arbiter-7x7-v0.1.0	-	surveyor-v0.2.0	-	D	P	196
g1_BFL7bUiMWmuBV-SkKhsPwblstqhHLcUCch_Gxpc_C58	s1_LPd_U-2sxcT92cUO1SCkqgjNUTswe5z6aqdOJS7NcII	1unQuY	qadv-arbiter-7x7-v0.1.0	-	surveyor-v0.2.0	-	D	P	196
g1_BFL7bUiMWmuBV-SkKhsPwblstqhHLcUCch_Gxpc_C58	s1_RauLaTi4eVgYHSp2TV9pqs9uzTVv0B10g9TaHMWpcZ4	1unQuY	qadv-arbiter-7x7-v0.1.0	-	surveyor-v0.2.0	-	D	P	-
g1_BFL7bUiMWmuBV-SkKhsPwblstqhHLcUCch_Gxpc_C58	s1_zH0KlMvO9ekIb5d7JNxQA4unGlzevAXAO2itKEdaQkg	1unQuY	qadv-arbiter-7x7-v0.1.0	-	surveyor-v0.2.0	-	D	P	196
g1_BFSUY8NSWEuKHikiNA3BoJDvj8CKkQtbfwcGds80F8M	s1_1av6nXQkq-GSHXfjkVlGHGpAq8F9UbW4JwZmyFA-vww	1umvKi	python-gnn-puct-learner-v0.1.0	sha256:ab0f739cd33d66781faf60e27797c5ccba3c04ba684f8d9e32e9c2754f4e8956	python-gnn-puct-learner-v0.1.0	sha256:ab0f739cd33d66781faf60e27797c5ccba3c04ba684f8d9e32e9c2754f4e8956	-	M	196
g1_BFSUY8NSWEuKHikiNA3BoJDvj8CKkQtbfwcGds80F8M	s1_Brk0hkuJoH-MBjdd53AO5tlWcOgDWV_R0PO74fHGd_0	1umvKi	python-gnn-puct-learner-v0.1.0	sha256:ab0f739cd33d66781faf60e27797c5ccba3c04ba684f8d9e32e9c2754f4e8956	python-gnn-puct-learner-v0.1.0	sha256:ab0f739cd33d66781faf60e27797c5ccba3c04ba684f8d9e32e9c2754f4e8956	-	M	196
g1_BFSUY8NSWEuKHikiNA3BoJDvj8CKkQtbfwcGds80F8M	s1_QBFUsDtxokERlDOdQkleYbPvhJ-vIp2qmp6DXjS-7oM	1umvKi	python-gnn-puct-learner-v0.1.0	sha256:ab0f739cd33d66781faf60e27797c5ccba3c04ba684f8d9e32e9c2754f4e8956	python-gnn-puct-learner-v0.1.0	sha256:ab0f739cd33d66781faf60e27797c5ccba3c04ba684f8d9e32e9c2754f4e8956	-	M	196
g1_BFU1J29zIdKxMe_a2uf6MaK4Kp9uHlX4AP-xZsl8wBc	s1_1av6nXQkq-GSHXfjkVlGHGpAq8F9UbW4JwZmyFA-vww	1DIb9	python-gnn-puct-v0.1.0	sha256:6f9ad6e4a0993da3cf34a8549e86f9b5d512c51e11bfa76dfe051e7a8801bdac	python-gnn-puct-v0.1.0	sha256:6f9ad6e4a0993da3cf34a8549e86f9b5d512c51e11bfa76dfe051e7a8801bdac	L	P	196
g1_BFU1J29zIdKxMe_a2uf6MaK4Kp9uHlX4AP-xZsl8wBc	s1_Brk0hkuJoH-MBjdd53AO5tlWcOgDWV_R0PO74fHGd_0	1DIb9	python-gnn-puct-v0.1.0	sha256:6f9ad6e4a0993da3cf34a8549e86f9b5d512c51e11bfa76dfe051e7a8801bdac	python-gnn-puct-v0.1.0	sha256:6f9ad6e4a0993da3cf34a8549e86f9b5d512c51e11bfa76dfe051e7a8801bdac	L	P	196
g1_BFU1J29zIdKxMe_a2uf6MaK4Kp9uHlX4AP-xZsl8wBc	s1_KmF8KhDbubz6lwdS8R_n_yTGdSONmH9B1wUABbyCj94	1DIb9	python-gnn-puct-v0.1.0	sha256:6f9ad6e4a0993da3cf34a8549e86f9b5d512c51e11bfa76dfe051e7a8801bdac	python-gnn-puct-v0.1.0	sha256:6f9ad6e4a0993da3cf34a8549e86f9b5d512c51e11bfa76dfe051e7a8801bdac	L	P	196
g1_BFU1J29zIdKxMe_a2uf6MaK4Kp9uHlX4AP-xZsl8wBc	s1_g5pGkHBMEhzAYvwFY0b24sSc7wC9JfnWApMHHZ_aMPI	1DIb9	python-gnn-puct-v0.1.0	sha256:6f9ad6e4a0993da3cf34a8549e86f9b5d512c51e11bfa76dfe051e7a8801bdac	python-gnn-puct-v0.1.0	sha256:6f9ad6e4a0993da3cf34a8549e86f9b5d512c51e11bfa76dfe051e7a8801bdac	L	P	196
g1_BFU1J29zIdKxMe_a2uf6MaK4Kp9uHlX4AP-xZsl8wBc	s1_tol_POp6BcgBLMWq8iDfRBQSAXpESHxFwmcCQYXv0yQ	1DIb9	python-gnn-puct-v0.1.0	sha256:6f9ad6e4a0993da3cf34a8549e86f9b5d512c51e11bfa76dfe051e7a8801bdac	python-gnn-puct-v0.1.0	sha256:6f9ad6e4a0993da3cf34a8549e86f9b5d512c51e11bfa76dfe051e7a8801bdac	L	P	196
g1_BFXkWp7R7Zyz5NnakrAZbMOnSGIPivGAclLdtY4y204	s1_KDZzBQexAjHdJqkRWgGPRPuL4SDRZLrWnNO5oCg2crA	1unMrD	qadv-arbiter-7x7-rust-lambda-v0.1.0	-	qadv-arbiter-7x7-rust-lambda-v0.1.0	-	L	P	196
g1_BFXkWp7R7Zyz5NnakrAZbMOnSGIPivGAclLdtY4y204	s1_RauLaTi4eVgYHSp2TV9pqs9uzTVv0B10g9TaHMWpcZ4	1unMrD	qadv-arbiter-7x7-rust-lambda-v0.1.0	-	qadv-arbiter-7x7-rust-lambda-v0.1.0	-	L	P	-
g1_BFXkWp7R7Zyz5NnakrAZbMOnSGIPivGAclLdtY4y204	s1_YbwNWRWWn7Yn_rufdbeaJr05esoMo5rc5bu0-ppJT7o	1unMrD	qadv-arbiter-7x7-rust-lambda-v0.1.0	-	qadv-arbiter-7x7-rust-lambda-v0.1.0	-	L	P	196
g1_BFXkWp7R7Zyz5NnakrAZbMOnSGIPivGAclLdtY4y204	s1_bEZVLrrD5qvgwZPs5u87SEDPr1wPU4-sMCH1RVHuDp0	1unMrD	qadv-arbiter-7x7-rust-lambda-v0.1.0	-	qadv-arbiter-7x7-rust-lambda-v0.1.0	-	L	P	196
g1_BFccQYO7n99Gopai0-FlpM4VqjkH9riJUntQ5g8kWwk	s1_Ng4Aiwn8Eh-Upu3B5kIR3ufYW4MxE90ZXdiaypxV1kA	1umvw1	rust-pathfinder-v0.3.0	-	rust-pathfinder-v0.1.0	-	D	P	120
g1_BFccQYO7n99Gopai0-FlpM4VqjkH9riJUntQ5g8kWwk	s1_kvHb2yQdjl_l2cKIR4XrhfGNS4QAu6KFsfDYxLOHNEk	1umvw1	rust-pathfinder-v0.3.0	-	rust-pathfinder-v0.1.0	-	D	P	120
g1_BFhqigy0YukJSFiWiouXnU8_QBdrFB49-w2ffV8hbCo	s1_1av6nXQkq-GSHXfjkVlGHGpAq8F9UbW4JwZmyFA-vww	1umvVZ	python-gnn-puct-learner-v0.1.0	sha256:ab0f739cd33d66781faf60e27797c5ccba3c04ba684f8d9e32e9c2754f4e8956	python-gnn-puct-learner-v0.1.0	sha256:ab0f739cd33d66781faf60e27797c5ccba3c04ba684f8d9e32e9c2754f4e8956	-	M	196
g1_BFhqigy0YukJSFiWiouXnU8_QBdrFB49-w2ffV8hbCo	s1_QBFUsDtxokERlDOdQkleYbPvhJ-vIp2qmp6DXjS-7oM	1umvVZ	python-gnn-puct-learner-v0.1.0	sha256:ab0f739cd33d66781faf60e27797c5ccba3c04ba684f8d9e32e9c2754f4e8956	python-gnn-puct-learner-v0.1.0	sha256:ab0f739cd33d66781faf60e27797c5ccba3c04ba684f8d9e32e9c2754f4e8956	-	M	196
g1_BFhqigy0YukJSFiWiouXnU8_QBdrFB49-w2ffV8hbCo	s1_mWPTef6xYbijjPhDIC6QgLRmu2mMSJAokNlIkx3vg54	1umvVZ	python-gnn-puct-learner-v0.1.0	sha256:ab0f739cd33d66781faf60e27797c5ccba3c04ba684f8d9e32e9c2754f4e8956	python-gnn-puct-learner-v0.1.0	sha256:ab0f739cd33d66781faf60e27797c5ccba3c04ba684f8d9e32e9c2754f4e8956	-	M	196
g1_BFip8n8ZpOkMkeCUS1kIJ-6fqK7iCo7dn5xt0myEy6c	s1_flXyOBW6T9LLVDFIvXBGel1MoVNZcUcMFIJnB9yLapU	1umx1h	python-gnn-puct-reval30k-v0.1.0	sha256:6120be86fc469df71473c3de64e5e32f99694cd47d621fa5948f243dc51d3d21	python-gnn-puct-reval30k-v0.1.0	sha256:6120be86fc469df71473c3de64e5e32f99694cd47d621fa5948f243dc51d3d21	L	P	196
g1_BFmvcp8MIXjBv8CjudMswSm6PCvOAoaWk2WHrmq1o5M	s1_3lVje788drytHu6kjLI4CvK8eaPO2bwVnyvpIBCT9iU	1unPbP	qadv-arbiter-7x7-rust-lambda-v0.1.0	-	qadv-arbiter-7x7-rust-lambda-v0.1.0	-	L	P	196
g1_BFmvcp8MIXjBv8CjudMswSm6PCvOAoaWk2WHrmq1o5M	s1_RauLaTi4eVgYHSp2TV9pqs9uzTVv0B10g9TaHMWpcZ4	1unPbP	qadv-arbiter-7x7-rust-lambda-v0.1.0	-	qadv-arbiter-7x7-rust-lambda-v0.1.0	-	L	P	-
g1_BFmvcp8MIXjBv8CjudMswSm6PCvOAoaWk2WHrmq1o5M	s1_jyMG31lF_Aa_r0SC8AqGkhkTtvQT9gdutZNxgQIB_2M	1unPbP	qadv-arbiter-7x7-rust-lambda-v0.1.0	-	qadv-arbiter-7x7-rust-lambda-v0.1.0	-	L	P	196
g1_BFmvcp8MIXjBv8CjudMswSm6PCvOAoaWk2WHrmq1o5M	s1_sJrfsGby7JdqdfKG26qVbO5KHDF1KPb4931b4wZEu8U	1unPbP	qadv-arbiter-7x7-rust-lambda-v0.1.0	-	qadv-arbiter-7x7-rust-lambda-v0.1.0	-	L	P	196
g1_BFq2DCN02azfwJUvWhzRaYc2vUiBS8FYB3iiK_X6lh0	s1_F54q3SO_UtPFaM4OrPlpY8z2wp6i2lhzSuBfUmFPWLw	1unNJE	qadv-arbiter-7x7-rust-lambda-v0.1.0	-	qadv-arbiter-7x7-rust-lambda-v0.1.0	-	L	P	196
g1_BFq2DCN02azfwJUvWhzRaYc2vUiBS8FYB3iiK_X6lh0	s1_FzRQYcPxAStkYvRqJukT-_cT1aY77z3IhDXlVduXVg4	1unNJE	qadv-arbiter-7x7-rust-lambda-v0.1.0	-	qadv-arbiter-7x7-rust-lambda-v0.1.0	-	L	P	196
g1_BFq2DCN02azfwJUvWhzRaYc2vUiBS8FYB3iiK_X6lh0	s1_RauLaTi4eVgYHSp2TV9pqs9uzTVv0B10g9TaHMWpcZ4	1unNJE	qadv-arbiter-7x7-rust-lambda-v0.1.0	-	qadv-arbiter-7x7-rust-lambda-v0.1.0	-	L	P	-
g1_BFq2DCN02azfwJUvWhzRaYc2vUiBS8FYB3iiK_X6lh0	s1_YHdQ_06srEjQ5FHkTtySuyICE_MuHUf_fI30tqlQGIY	1unNJE	qadv-arbiter-7x7-rust-lambda-v0.1.0	-	qadv-arbiter-7x7-rust-lambda-v0.1.0	-	L	P	196
g1_BFuubdHiJFW-DAbzYOUHSLdsTXdx0kFRcm40ixHSNfk	s1_2FtaP75xgRVTNrUvmC0NIesJCNy8IDFJ05WNM4nUnpg	1unQpd	pathfinder-v0.3.0	-	qadv-arbiter-7x7-v0.1.0	-	L	P	196
g1_BFuubdHiJFW-DAbzYOUHSLdsTXdx0kFRcm40ixHSNfk	s1_N9XTbDEMUitfPfLMGwNEzyP36YH-LIiYZu2geSgg2DE	1unQpd	pathfinder-v0.3.0	-	qadv-arbiter-7x7-v0.1.0	-	L	P	196
g1_BFuubdHiJFW-DAbzYOUHSLdsTXdx0kFRcm40ixHSNfk	s1_RauLaTi4eVgYHSp2TV9pqs9uzTVv0B10g9TaHMWpcZ4	1unQpd	pathfinder-v0.3.0	-	qadv-arbiter-7x7-v0.1.0	-	L	P	-
g1_BFuubdHiJFW-DAbzYOUHSLdsTXdx0kFRcm40ixHSNfk	s1_TdH4C5LlSdCe5TK8UMr6-2IS8xAkr4Nqh8UC4IJVPiI	1unQpd	pathfinder-v0.3.0	-	qadv-arbiter-7x7-v0.1.0	-	L	P	196
g1_BFvYcqc2DfgrVnsGW1LfeD_1yoLADCss3-Aacckl1EM	s1_ZFJxP8ktHrOJVG0_g688whTu0FMw6kSfp_NePDDhCM0	2csYVO	rust-evo-g1-c0-279-109-820-53-117-66	-	rust-handcrafted-g0	-	L	P	-
g1_BG3oq-Di3k2waBaYfgtV3yO5eEMXocldOv0BxHWkb4c	s1_6PxtazPxkizz7K9QTWPSCIopEV5n0zpHoq3F52yO_6U	1umwuC	python-cnn-puct-v0.1.0	sha256:7845e9b7687beee165dc36b8d21833b7a8b5a83e31b58b49bd05c277ba26e642	python-cnn-puct-v0.1.0	sha256:7845e9b7687beee165dc36b8d21833b7a8b5a83e31b58b49bd05c277ba26e642	D	P	196
g1_BG3oq-Di3k2waBaYfgtV3yO5eEMXocldOv0BxHWkb4c	s1_baRgKA_wMXdl0r4AwdkUfhWC04qxd1MvEGXAQaDd4fo	1umwuC	python-cnn-puct-v0.1.0	sha256:7845e9b7687beee165dc36b8d21833b7a8b5a83e31b58b49bd05c277ba26e642	python-cnn-puct-v0.1.0	sha256:7845e9b7687beee165dc36b8d21833b7a8b5a83e31b58b49bd05c277ba26e642	D	P	196
g1_BGO1SJ_KSQD0edPLua1AyQ1gwllsc-1lfvmA_QFJHLQ	s1_0H9SC8oKkM6RD_R9IqeJZw65PTh_k0k16XaldTrOsfg	1unMKm	qadv-arbiter-7x7-rust-lambda-v0.1.0	-	qadv-arbiter-7x7-rust-lambda-v0.1.0	-	L	P	196
g1_BGO1SJ_KSQD0edPLua1AyQ1gwllsc-1lfvmA_QFJHLQ	s1_RauLaTi4eVgYHSp2TV9pqs9uzTVv0B10g9TaHMWpcZ4	1unMKm	qadv-arbiter-7x7-rust-lambda-v0.1.0	-	qadv-arbiter-7x7-rust-lambda-v0.1.0	-	L	P	-
g1_BGO1SJ_KSQD0edPLua1AyQ1gwllsc-1lfvmA_QFJHLQ	s1_YBs2D2gUCkKQZKiiygl8iCA75QUy4YK3t55vHJ-uZ1Y	1unMKm	qadv-arbiter-7x7-rust-lambda-v0.1.0	-	qadv-arbiter-7x7-rust-lambda-v0.1.0	-	L	P	196
g1_BGO1SJ_KSQD0edPLua1AyQ1gwllsc-1lfvmA_QFJHLQ	s1_lNX-HGomlRXBnOi1xRcl9ODjVB30PiKTvXyCebmwfxc	1unMKm	qadv-arbiter-7x7-rust-lambda-v0.1.0	-	qadv-arbiter-7x7-rust-lambda-v0.1.0	-	L	P	196
g1_BGP8Gdvdj-Ms0rVWLSBhUGy_m6tHzyRb8SqpA5EQoO4	s1_8UPSk3kkXSeL88Rzrbl217I8rWj4kskmtOksi1nVvns	1unPwl	qadv-arbiter-7x7-rust-lambda-v0.1.0	-	qadv-arbiter-7x7-rust-lambda-v0.1.0	-	D	P	196
g1_BGP8Gdvdj-Ms0rVWLSBhUGy_m6tHzyRb8SqpA5EQoO4	s1_Cm-CreUF1wb-ey9-aG0vafZB3widUE7uDH40R5Po73Q	1unPwl	qadv-arbiter-7x7-rust-lambda-v0.1.0	-	qadv-arbiter-7x7-rust-lambda-v0.1.0	-	D	P	196
g1_BGP8Gdvdj-Ms0rVWLSBhUGy_m6tHzyRb8SqpA5EQoO4	s1_RauLaTi4eVgYHSp2TV9pqs9uzTVv0B10g9TaHMWpcZ4	1unPwl	qadv-arbiter-7x7-rust-lambda-v0.1.0	-	qadv-arbiter-7x7-rust-lambda-v0.1.0	-	D	P	-
g1_BGP8Gdvdj-Ms0rVWLSBhUGy_m6tHzyRb8SqpA5EQoO4	s1_SW015-C0PdrEpDMCkqbONInR1XZ_PlYGFL3MU-4pP5k	1unPwl	qadv-arbiter-7x7-rust-lambda-v0.1.0	-	qadv-arbiter-7x7-rust-lambda-v0.1.0	-	D	P	196
g1_BGQsx59qYBvyf7L4cF8U6CfSb4o17AkR6vd8qd_sew0	s1_7FIu85-v_e-kbNsQ2UNk3yRt-KGcLyUjpmVwIc9cnfM	1umwEH	python-gnn-puct-scout-v0.1.0	sha256:b9f80706cc1f29076ee06fe06483697c749148a808c599579045d00a52573938	python-gnn-puct-scout-v0.1.0	sha256:b9f80706cc1f29076ee06fe06483697c749148a808c599579045d00a52573938	D	P	196
g1_BGQsx59qYBvyf7L4cF8U6CfSb4o17AkR6vd8qd_sew0	s1_S8AGNBNcWBvWiwIo-AOAHPoHuZo2XvcsYvhgQxGTkrY	1umwEH	python-gnn-puct-scout-v0.1.0	sha256:b9f80706cc1f29076ee06fe06483697c749148a808c599579045d00a52573938	python-gnn-puct-scout-v0.1.0	sha256:b9f80706cc1f29076ee06fe06483697c749148a808c599579045d00a52573938	D	P	196
g1_BGTyIIt8YVm2aBBsHcDY5ZXwhj-0G5fJA9D4dbItmbg	s1_1av6nXQkq-GSHXfjkVlGHGpAq8F9UbW4JwZmyFA-vww	1DIfM	python-gnn-puct-v0.1.0	sha256:6f9ad6e4a0993da3cf34a8549e86f9b5d512c51e11bfa76dfe051e7a8801bdac	python-gnn-puct-v0.1.0	sha256:6f9ad6e4a0993da3cf34a8549e86f9b5d512c51e11bfa76dfe051e7a8801bdac	L	P	196
g1_BGTyIIt8YVm2aBBsHcDY5ZXwhj-0G5fJA9D4dbItmbg	s1_del54SUFELBov5vQFrhsVexn6D9EhUPDFZpXuqC6eCI	1DIfM	python-gnn-puct-v0.1.0	sha256:6f9ad6e4a0993da3cf34a8549e86f9b5d512c51e11bfa76dfe051e7a8801bdac	python-gnn-puct-v0.1.0	sha256:6f9ad6e4a0993da3cf34a8549e86f9b5d512c51e11bfa76dfe051e7a8801bdac	L	P	196
g1_BGTyIIt8YVm2aBBsHcDY5ZXwhj-0G5fJA9D4dbItmbg	s1_g5pGkHBMEhzAYvwFY0b24sSc7wC9JfnWApMHHZ_aMPI	1DIfM	python-gnn-puct-v0.1.0	sha256:6f9ad6e4a0993da3cf34a8549e86f9b5d512c51e11bfa76dfe051e7a8801bdac	python-gnn-puct-v0.1.0	sha256:6f9ad6e4a0993da3cf34a8549e86f9b5d512c51e11bfa76dfe051e7a8801bdac	L	P	196
g1_BGTyIIt8YVm2aBBsHcDY5ZXwhj-0G5fJA9D4dbItmbg	s1_mWPTef6xYbijjPhDIC6QgLRmu2mMSJAokNlIkx3vg54	1DIfM	python-gnn-puct-v0.1.0	sha256:6f9ad6e4a0993da3cf34a8549e86f9b5d512c51e11bfa76dfe051e7a8801bdac	python-gnn-puct-v0.1.0	sha256:6f9ad6e4a0993da3cf34a8549e86f9b5d512c51e11bfa76dfe051e7a8801bdac	L	P	196
g1_BGTyIIt8YVm2aBBsHcDY5ZXwhj-0G5fJA9D4dbItmbg	s1_tol_POp6BcgBLMWq8iDfRBQSAXpESHxFwmcCQYXv0yQ	1DIfM	python-gnn-puct-v0.1.0	sha256:6f9ad6e4a0993da3cf34a8549e86f9b5d512c51e11bfa76dfe051e7a8801bdac	python-gnn-puct-v0.1.0	sha256:6f9ad6e4a0993da3cf34a8549e86f9b5d512c51e11bfa76dfe051e7a8801bdac	L	P	196
g1_BGVw21yKcuVSOrKITlB9bWbqTw4EIsnvOqOL7dSXAYI	s1_XQY2MuF7gi5VNG-rhC_WgQQ1k4jH6uphUQnTQyJD9Hg	1umvAx	pathfinder-deep-10k-7x7	-	pathfinder-compact-sorter-7x7	sha256:7d34820fd656875b3ac4a0142e8f22179d11b133feb3321d0eb735b2a7abd027	L	P	100
g1_BGc2ynk8F0JDqQ5lIX-g25EH-0mVlEq9xCOJiacHEcE	s1_2FtaP75xgRVTNrUvmC0NIesJCNy8IDFJ05WNM4nUnpg	1unQgI	qadv-arbiter-7x7-v0.1.0	-	pathfinder-v0.3.0	-	D	P	196
g1_BGc2ynk8F0JDqQ5lIX-g25EH-0mVlEq9xCOJiacHEcE	s1_3XNSlao1ooX79movquVcdfXZy8cxvbunhvsUJ-FoP6I	1unQgI	qadv-arbiter-7x7-v0.1.0	-	pathfinder-v0.3.0	-	D	P	196
g1_BGc2ynk8F0JDqQ5lIX-g25EH-0mVlEq9xCOJiacHEcE	s1_RauLaTi4eVgYHSp2TV9pqs9uzTVv0B10g9TaHMWpcZ4	1unQgI	qadv-arbiter-7x7-v0.1.0	-	pathfinder-v0.3.0	-	D	P	-
g1_BGc2ynk8F0JDqQ5lIX-g25EH-0mVlEq9xCOJiacHEcE	s1_aZfPBIxgJ5uYN7e0_FDKRHW6TqkrhOWX8tT7d1b945k	1unQgI	qadv-arbiter-7x7-v0.1.0	-	pathfinder-v0.3.0	-	D	P	196
g1_BGiZyjO_Qfmj3Q6EXXmI2gdqparfTkU2Un8csa5tBUA	s1_M4bh29JfBy6kq_X2ToDvbA6cvCdCWxapK7ZRnXw1uD4	1unOdH	qadv-arbiter-7x7-rust-lambda-v0.1.0	-	qadv-arbiter-7x7-rust-lambda-v0.1.0	-	D	P	196
g1_BGiZyjO_Qfmj3Q6EXXmI2gdqparfTkU2Un8csa5tBUA	s1_R8nwhqnlu3sCiStffHdou7mmGXC59Kr8t6pNsNLOIDM	1unOdH	qadv-arbiter-7x7-rust-lambda-v0.1.0	-	qadv-arbiter-7x7-rust-lambda-v0.1.0	-	D	P	196
g1_BGiZyjO_Qfmj3Q6EXXmI2gdqparfTkU2Un8csa5tBUA	s1_RauLaTi4eVgYHSp2TV9pqs9uzTVv0B10g9TaHMWpcZ4	1unOdH	qadv-arbiter-7x7-rust-lambda-v0.1.0	-	qadv-arbiter-7x7-rust-lambda-v0.1.0	-	D	P	-
g1_BGiZyjO_Qfmj3Q6EXXmI2gdqparfTkU2Un8csa5tBUA	s1_uAMVPRTt23fLfK4Dx3ZqNetVPo63zn5hKB0EJiQe9qc	1unOdH	qadv-arbiter-7x7-rust-lambda-v0.1.0	-	qadv-arbiter-7x7-rust-lambda-v0.1.0	-	D	P	196
g1_BGjK9GnVBApULHKxUdS9RvE46RnqYiIDqf1hkJ894Ws	s1_1av6nXQkq-GSHXfjkVlGHGpAq8F9UbW4JwZmyFA-vww	1DIWF	lunatic-v0.1.0	-	rust-pathfinder-v0.1.0	-	D	P	-
g1_BGjK9GnVBApULHKxUdS9RvE46RnqYiIDqf1hkJ894Ws	s1_9Eroywf7tuDrn-hcfZPjlEa1DSRUykCRn9Z11u8ySIo	1DIWF	lunatic-v0.1.0	-	rust-pathfinder-v0.1.0	-	D	P	-
g1_BGjK9GnVBApULHKxUdS9RvE46RnqYiIDqf1hkJ894Ws	s1_Brk0hkuJoH-MBjdd53AO5tlWcOgDWV_R0PO74fHGd_0	1DIWF	lunatic-v0.1.0	-	rust-pathfinder-v0.1.0	-	D	P	-
g1_BGjK9GnVBApULHKxUdS9RvE46RnqYiIDqf1hkJ894Ws	s1_KmF8KhDbubz6lwdS8R_n_yTGdSONmH9B1wUABbyCj94	1DIWF	lunatic-v0.1.0	-	rust-pathfinder-v0.1.0	-	D	P	-
g1_BGjK9GnVBApULHKxUdS9RvE46RnqYiIDqf1hkJ894Ws	s1_MKrI0a3Qd48rU7oZj28GrlQ3cHhIbUzS5ibiIW9aKy4	1DIWF	lunatic-v0.1.0	-	rust-pathfinder-v0.1.0	-	D	P	-
g1_BGjK9GnVBApULHKxUdS9RvE46RnqYiIDqf1hkJ894Ws	s1_XloMUS0hxYEXf762lcPfaudsLmsH-CsOVZNVVU_obcA	1DIWF	lunatic-v0.1.0	-	rust-pathfinder-v0.1.0	-	D	P	-
g1_BGjK9GnVBApULHKxUdS9RvE46RnqYiIDqf1hkJ894Ws	s1_g5pGkHBMEhzAYvwFY0b24sSc7wC9JfnWApMHHZ_aMPI	1DIWF	lunatic-v0.1.0	-	rust-pathfinder-v0.1.0	-	D	P	-
g1_BGqiOUA5HHECH3bI3Hgk0FpmcjuuXq6zFucRr8FYWhk	s1_IgXI3G7a5x-hWPBrh1Qydu1yBRSfeJ8v08vmwR2VwAY	1unNxv	qadv-arbiter-7x7-rust-lambda-v0.1.0	-	qadv-arbiter-7x7-rust-lambda-v0.1.0	-	D	P	196
g1_BGqiOUA5HHECH3bI3Hgk0FpmcjuuXq6zFucRr8FYWhk	s1_RauLaTi4eVgYHSp2TV9pqs9uzTVv0B10g9TaHMWpcZ4	1unNxv	qadv-arbiter-7x7-rust-lambda-v0.1.0	-	qadv-arbiter-7x7-rust-lambda-v0.1.0	-	D	P	-
g1_BGqiOUA5HHECH3bI3Hgk0FpmcjuuXq6zFucRr8FYWhk	s1_dA6q7Yyrvi2lYBKBnlH0Ev6UzyfjjtxNk-p5Yz6OmXU	1unNxv	qadv-arbiter-7x7-rust-lambda-v0.1.0	-	qadv-arbiter-7x7-rust-lambda-v0.1.0	-	D	P	196
g1_BGqiOUA5HHECH3bI3Hgk0FpmcjuuXq6zFucRr8FYWhk	s1_gTyf2PerW6yfWnX0SMW2ENrDPPOBUnj_2XQyWq2SvD8	1unNxv	qadv-arbiter-7x7-rust-lambda-v0.1.0	-	qadv-arbiter-7x7-rust-lambda-v0.1.0	-	D	P	196
g1_BGrgXDK3mdqFeu-rcvevRPPAKoxxOP2tvQ2rqmUrH2M	s1_RauLaTi4eVgYHSp2TV9pqs9uzTVv0B10g9TaHMWpcZ4	1unMt-	qadv-arbiter-7x7-rust-lambda-v0.1.0	-	qadv-arbiter-7x7-rust-lambda-v0.1.0	-	D	P	-
g1_BGrgXDK3mdqFeu-rcvevRPPAKoxxOP2tvQ2rqmUrH2M	s1_hawdFOIW5JZDeZ3btkI3LX0cooMzOONN0CZQHAMwP78	1unMt-	qadv-arbiter-7x7-rust-lambda-v0.1.0	-	qadv-arbiter-7x7-rust-lambda-v0.1.0	-	D	P	196
g1_BGrgXDK3mdqFeu-rcvevRPPAKoxxOP2tvQ2rqmUrH2M	s1_jwvulKRTLbjp0lvMobgGeJ4q86QIE8ZD1zaXh-KkeiQ	1unMt-	qadv-arbiter-7x7-rust-lambda-v0.1.0	-	qadv-arbiter-7x7-rust-lambda-v0.1.0	-	D	P	196
g1_BGrgXDK3mdqFeu-rcvevRPPAKoxxOP2tvQ2rqmUrH2M	s1_t-pvEhm1B-OP3en6mbHMtC4xpkWyWIDIOo6u3tt1Bmw	1unMt-	qadv-arbiter-7x7-rust-lambda-v0.1.0	-	qadv-arbiter-7x7-rust-lambda-v0.1.0	-	D	P	196
g1_BGtxQ77DfsCzKFNOwA8eMDOTnK-O0RkYXTc3UAlBr70	s1_Qmoz3nLvbLcY_1rcqMtpMJDvTQydhL5cxUNWV6EhpMY	1umw-d	qadv-arbiter-7x7-v0.1.0	sha256:8c548d06307572603b839755cc1e50393285365e10f82bcd90290ca65cd86266	qadv-arbiter-7x7-v0.1.0	sha256:8c548d06307572603b839755cc1e50393285365e10f82bcd90290ca65cd86266	L	P	196
g1_BGx0h75m-_F5D0YVPXcNkSKjtHPTHmjNH1KAUtrwhwc	s1_5ljWDxs2cHuicZCOrLTiAkYIjLsr60UlTp2pdgzLpFo	1un6sG	qadv-arbiter-guided-7x7-v0.2.0	sha256:9c0e5e530df7db77a98f6a2e75fe63a6f629c6ad6563e0b5454793ebc243b14d	cnn-reval30k-7x7	sha256:7439239ff343dcc422cb918560b1b72433f2e13628580427343a446f349c6f5a	L	P	196
g1_BGx0h75m-_F5D0YVPXcNkSKjtHPTHmjNH1KAUtrwhwc	s1_O3cuwuia8XT9TI7Nxr3tRcajOA20XFHEIT2fYX3WizY	1un6sG	qadv-arbiter-guided-7x7-v0.2.0	sha256:9c0e5e530df7db77a98f6a2e75fe63a6f629c6ad6563e0b5454793ebc243b14d	cnn-reval30k-7x7	sha256:7439239ff343dcc422cb918560b1b72433f2e13628580427343a446f349c6f5a	L	P	196
g1_BGx0h75m-_F5D0YVPXcNkSKjtHPTHmjNH1KAUtrwhwc	s1_V0LWS9svHoRw-EU00TJ9ccLmpbl0alVktC6RjcN8YsE	1un6sG	qadv-arbiter-guided-7x7-v0.2.0	sha256:9c0e5e530df7db77a98f6a2e75fe63a6f629c6ad6563e0b5454793ebc243b14d	cnn-reval30k-7x7	sha256:7439239ff343dcc422cb918560b1b72433f2e13628580427343a446f349c6f5a	L	P	196
g1_BGyauK2dLwmB96KZodMtnJSTLxEUVCqmxZEZPEPBIsg	s1_4EaHj8DPJ5e9eSvnKFguiE9Afe04rrwVDj8nvrnoG8k	1unOwf	qadv-arbiter-7x7-rust-lambda-v0.1.0	-	qadv-arbiter-7x7-rust-lambda-v0.1.0	-	L	P	196
g1_BGyauK2dLwmB96KZodMtnJSTLxEUVCqmxZEZPEPBIsg	s1_Q4fI6LqlzUYKd9KJJ_V0i57fULsrCVJpLqFunJjt6IY	1unOwf	qadv-arbiter-7x7-rust-lambda-v0.1.0	-	qadv-arbiter-7x7-rust-lambda-v0.1.0	-	L	P	196
g1_BGyauK2dLwmB96KZodMtnJSTLxEUVCqmxZEZPEPBIsg	s1_RauLaTi4eVgYHSp2TV9pqs9uzTVv0B10g9TaHMWpcZ4	1unOwf	qadv-arbiter-7x7-rust-lambda-v0.1.0	-	qadv-arbiter-7x7-rust-lambda-v0.1.0	-	L	P	-
g1_BGyauK2dLwmB96KZodMtnJSTLxEUVCqmxZEZPEPBIsg	s1_ePkLfsXApzQG2cIwjXzNRVTlXY_hA63iKKPEGDcKB2w	1unOwf	qadv-arbiter-7x7-rust-lambda-v0.1.0	-	qadv-arbiter-7x7-rust-lambda-v0.1.0	-	L	P	196
g1_BH5mWt6yal4dNqdlhMPv9huc8nn6A1ndkrDpeBdz2qs	s1_RauLaTi4eVgYHSp2TV9pqs9uzTVv0B10g9TaHMWpcZ4	1unNyc	qadv-arbiter-7x7-rust-lambda-v0.1.0	-	qadv-arbiter-7x7-rust-lambda-v0.1.0	-	L	P	-
g1_BH5mWt6yal4dNqdlhMPv9huc8nn6A1ndkrDpeBdz2qs	s1_Ugw8a7SdMzqYCjRdhKB3o4JLjim3zetLN3mBrizjYFk	1unNyc	qadv-arbiter-7x7-rust-lambda-v0.1.0	-	qadv-arbiter-7x7-rust-lambda-v0.1.0	-	L	P	196
g1_BH5mWt6yal4dNqdlhMPv9huc8nn6A1ndkrDpeBdz2qs	s1_bPxgk-lCQ8v6qtLxOtG05ddNnlAA7X1Spa0XkWUFiGM	1unNyc	qadv-arbiter-7x7-rust-lambda-v0.1.0	-	qadv-arbiter-7x7-rust-lambda-v0.1.0	-	L	P	196
g1_BH5mWt6yal4dNqdlhMPv9huc8nn6A1ndkrDpeBdz2qs	s1_c8sMbTrpT1wv9vAxt5wALvzs0A7Vk_O8ZRCsEx3z6QU	1unNyc	qadv-arbiter-7x7-rust-lambda-v0.1.0	-	qadv-arbiter-7x7-rust-lambda-v0.1.0	-	L	P	196
g1_BHAAlTzNvjPxbUVPCa97JvDn50ImZTgoBpCtylRejqg	s1_AC8UWiU6K7K8lNng6gQzLe76bqeTjhcixNDK_cUKKJQ	1unPeg	qadv-arbiter-7x7-rust-lambda-v0.1.0	-	qadv-arbiter-7x7-rust-lambda-v0.1.0	-	D	P	196
g1_BHAAlTzNvjPxbUVPCa97JvDn50ImZTgoBpCtylRejqg	s1_RauLaTi4eVgYHSp2TV9pqs9uzTVv0B10g9TaHMWpcZ4	1unPeg	qadv-arbiter-7x7-rust-lambda-v0.1.0	-	qadv-arbiter-7x7-rust-lambda-v0.1.0	-	D	P	-
g1_BHAAlTzNvjPxbUVPCa97JvDn50ImZTgoBpCtylRejqg	s1_mTff7hKuvZ4EY9tm9nnDYcIKq4JYOx2aG8nHbGRIJM0	1unPeg	qadv-arbiter-7x7-rust-lambda-v0.1.0	-	qadv-arbiter-7x7-rust-lambda-v0.1.0	-	D	P	196
g1_BHAAlTzNvjPxbUVPCa97JvDn50ImZTgoBpCtylRejqg	s1_q_MSZhE-nP34uVY4pRgj9Z7EyGtrR8m-iNni49du8Qo	1unPeg	qadv-arbiter-7x7-rust-lambda-v0.1.0	-	qadv-arbiter-7x7-rust-lambda-v0.1.0	-	D	P	196
g1_BHJQ6dugokKZ-dyGCaHW-Uq2I5la5pbcZF09rjuC880	s1_LEOvwlEsShcNjM3Tj9oH5lNDrbRHWRMK5yz8TSD8wAQ	1unMSP	qadv-arbiter-7x7-rust-lambda-v0.1.0	-	qadv-arbiter-7x7-rust-lambda-v0.1.0	-	L	P	196
g1_BHJQ6dugokKZ-dyGCaHW-Uq2I5la5pbcZF09rjuC880	s1_RauLaTi4eVgYHSp2TV9pqs9uzTVv0B10g9TaHMWpcZ4	1unMSP	qadv-arbiter-7x7-rust-lambda-v0.1.0	-	qadv-arbiter-7x7-rust-lambda-v0.1.0	-	L	P	-
g1_BHJQ6dugokKZ-dyGCaHW-Uq2I5la5pbcZF09rjuC880	s1_RldjN9UmaAQnhR5V8WxZTUwlLp-7tcLTVzki6UVCa-I	1unMSP	qadv-arbiter-7x7-rust-lambda-v0.1.0	-	qadv-arbiter-7x7-rust-lambda-v0.1.0	-	L	P	196
g1_BHJQ6dugokKZ-dyGCaHW-Uq2I5la5pbcZF09rjuC880	s1_qZjwRgYXKP_5WbyM10PnOhww2MGxijBiU0jUqE4x8eE	1unMSP	qadv-arbiter-7x7-rust-lambda-v0.1.0	-	qadv-arbiter-7x7-rust-lambda-v0.1.0	-	L	P	196
g1_BHOZ5FUGSYEEe3yDoCt4nK2bavEPorK2jHai7augrAg	s1_2FtaP75xgRVTNrUvmC0NIesJCNy8IDFJ05WNM4nUnpg	1unR6x	coin-flip-v0.0.1	-	qadv-arbiter-7x7-v0.1.0	-	D	P	196
g1_BHOZ5FUGSYEEe3yDoCt4nK2bavEPorK2jHai7augrAg	s1_RauLaTi4eVgYHSp2TV9pqs9uzTVv0B10g9TaHMWpcZ4	1unR6x	coin-flip-v0.0.1	-	qadv-arbiter-7x7-v0.1.0	-	D	P	-
g1_BHOZ5FUGSYEEe3yDoCt4nK2bavEPorK2jHai7augrAg	s1_ULcKJ_RtRQAWUmK_diaj3hH0nHsRGSgvXfJQWBfadoE	1unR6x	coin-flip-v0.0.1	-	qadv-arbiter-7x7-v0.1.0	-	D	P	196
g1_BHOZ5FUGSYEEe3yDoCt4nK2bavEPorK2jHai7augrAg	s1_vu7cxIV-BFqn85nMDfeLAMNTjblSQ4AYV4UEUbdg-s4	1unR6x	coin-flip-v0.0.1	-	qadv-arbiter-7x7-v0.1.0	-	D	P	196
g1_BHTjJ18PFdGPqNkxEXVHX4wAxPaxpdfh9m5xaW2rK78	s1_6PxtazPxkizz7K9QTWPSCIopEV5n0zpHoq3F52yO_6U	1umwla	python-cnn-puct-v0.1.0	sha256:7845e9b7687beee165dc36b8d21833b7a8b5a83e31b58b49bd05c277ba26e642	python-cnn-puct-v0.1.0	sha256:7845e9b7687beee165dc36b8d21833b7a8b5a83e31b58b49bd05c277ba26e642	L	P	196
g1_BHTjJ18PFdGPqNkxEXVHX4wAxPaxpdfh9m5xaW2rK78	s1_baRgKA_wMXdl0r4AwdkUfhWC04qxd1MvEGXAQaDd4fo	1umwla	python-cnn-puct-v0.1.0	sha256:7845e9b7687beee165dc36b8d21833b7a8b5a83e31b58b49bd05c277ba26e642	python-cnn-puct-v0.1.0	sha256:7845e9b7687beee165dc36b8d21833b7a8b5a83e31b58b49bd05c277ba26e642	L	P	196
g1_BHak59zw1CIij1if2XCF8Mvhhuzs_xah1nWemK9OZEw	s1_-AlK9qNtkn4ifyJHAIQ586syAm6XziMg2m62_y1FuDI	1unQ_z	lunatic-v0.1.0	-	qadv-arbiter-7x7-v0.1.0	-	L	P	196
g1_BHak59zw1CIij1if2XCF8Mvhhuzs_xah1nWemK9OZEw	s1_2FtaP75xgRVTNrUvmC0NIesJCNy8IDFJ05WNM4nUnpg	1unQ_z	lunatic-v0.1.0	-	qadv-arbiter-7x7-v0.1.0	-	L	P	196
g1_BHak59zw1CIij1if2XCF8Mvhhuzs_xah1nWemK9OZEw	s1_81jnOPG0KC6WWl88_LfugVl-IsJ52eOaMQkHQwGq_MA	1unQ_z	lunatic-v0.1.0	-	qadv-arbiter-7x7-v0.1.0	-	L	P	196
g1_BHak59zw1CIij1if2XCF8Mvhhuzs_xah1nWemK9OZEw	s1_RauLaTi4eVgYHSp2TV9pqs9uzTVv0B10g9TaHMWpcZ4	1unQ_z	lunatic-v0.1.0	-	qadv-arbiter-7x7-v0.1.0	-	L	P	-
g1_BHbAf3hT2QdzceovVhcbA947ZUiDeiU9tfKfk09eIgI	s1_-OKlJXuPFfAnukwGYITjiU7XKL4OC_qt76PC0TZSPjg	1umvd9	python-cnn-puct-v0.1.0	sha256:7845e9b7687beee165dc36b8d21833b7a8b5a83e31b58b49bd05c277ba26e642	python-cnn-puct-v0.1.0	sha256:7845e9b7687beee165dc36b8d21833b7a8b5a83e31b58b49bd05c277ba26e642	-	M	196
g1_BHbAf3hT2QdzceovVhcbA947ZUiDeiU9tfKfk09eIgI	s1_1av6nXQkq-GSHXfjkVlGHGpAq8F9UbW4JwZmyFA-vww	1umvd9	python-cnn-puct-v0.1.0	sha256:7845e9b7687beee165dc36b8d21833b7a8b5a83e31b58b49bd05c277ba26e642	python-cnn-puct-v0.1.0	sha256:7845e9b7687beee165dc36b8d21833b7a8b5a83e31b58b49bd05c277ba26e642	-	M	196
g1_BHbAf3hT2QdzceovVhcbA947ZUiDeiU9tfKfk09eIgI	s1_mWPTef6xYbijjPhDIC6QgLRmu2mMSJAokNlIkx3vg54	1umvd9	python-cnn-puct-v0.1.0	sha256:7845e9b7687beee165dc36b8d21833b7a8b5a83e31b58b49bd05c277ba26e642	python-cnn-puct-v0.1.0	sha256:7845e9b7687beee165dc36b8d21833b7a8b5a83e31b58b49bd05c277ba26e642	-	M	196
g1_BHtEnZ9qdxOOQrwPEfznOcyr3Ei5xzweq2f_t-yqVl0	s1_RauLaTi4eVgYHSp2TV9pqs9uzTVv0B10g9TaHMWpcZ4	1unO3M	qadv-arbiter-7x7-rust-lambda-v0.1.0	-	qadv-arbiter-7x7-rust-lambda-v0.1.0	-	L	P	-
g1_BHtEnZ9qdxOOQrwPEfznOcyr3Ei5xzweq2f_t-yqVl0	s1__xeQY0zfYzkyXCmXEabNQYNgyELmLVGPhCLsk2cSW_E	1unO3M	qadv-arbiter-7x7-rust-lambda-v0.1.0	-	qadv-arbiter-7x7-rust-lambda-v0.1.0	-	L	P	196
g1_BHtEnZ9qdxOOQrwPEfznOcyr3Ei5xzweq2f_t-yqVl0	s1_olulfckahEnHjUObkOPGgdH2HpmHdKsxvVA0C9OCr9c	1unO3M	qadv-arbiter-7x7-rust-lambda-v0.1.0	-	qadv-arbiter-7x7-rust-lambda-v0.1.0	-	L	P	196
g1_BHtEnZ9qdxOOQrwPEfznOcyr3Ei5xzweq2f_t-yqVl0	s1_vPV-KCc1uHn_KwWkLR_Bh9kmYjwDxp-AYGOzZl8-_us	1unO3M	qadv-arbiter-7x7-rust-lambda-v0.1.0	-	qadv-arbiter-7x7-rust-lambda-v0.1.0	-	L	P	196
g1_BI0yYgHe-2heLzsHs6AFCRwToflrBUk56r3Wv6fvlgw	s1_4EaHj8DPJ5e9eSvnKFguiE9Afe04rrwVDj8nvrnoG8k	1unOxZ	qadv-arbiter-7x7-rust-lambda-v0.1.0	-	qadv-arbiter-7x7-rust-lambda-v0.1.0	-	D	P	196
g1_BI0yYgHe-2heLzsHs6AFCRwToflrBUk56r3Wv6fvlgw	s1_RauLaTi4eVgYHSp2TV9pqs9uzTVv0B10g9TaHMWpcZ4	1unOxZ	qadv-arbiter-7x7-rust-lambda-v0.1.0	-	qadv-arbiter-7x7-rust-lambda-v0.1.0	-	D	P	-
g1_BI0yYgHe-2heLzsHs6AFCRwToflrBUk56r3Wv6fvlgw	s1_ZKV86E78u2CxMePBgHaPYF11tbs-JQkZKTHdXULIZh4	1unOxZ	qadv-arbiter-7x7-rust-lambda-v0.1.0	-	qadv-arbiter-7x7-rust-lambda-v0.1.0	-	D	P	196
g1_BI0yYgHe-2heLzsHs6AFCRwToflrBUk56r3Wv6fvlgw	s1_ePkLfsXApzQG2cIwjXzNRVTlXY_hA63iKKPEGDcKB2w	1unOxZ	qadv-arbiter-7x7-rust-lambda-v0.1.0	-	qadv-arbiter-7x7-rust-lambda-v0.1.0	-	D	P	196
g1_BI2hsUG8uBCb12m4MIxB-sG0RdT73kdpPMHGZpEDwjw	s1_7fSJc_AmTj9HalRFGEAzgbEz2msyrcypmCXOmex1EjY	1unNse	qadv-arbiter-7x7-rust-lambda-v0.1.0	-	qadv-arbiter-7x7-rust-lambda-v0.1.0	-	L	P	196
g1_BI2hsUG8uBCb12m4MIxB-sG0RdT73kdpPMHGZpEDwjw	s1_NPUZCxQUYefJmG2pq-838l-HPzZXJzq2tvOArIl3VN4	1unNse	qadv-arbiter-7x7-rust-lambda-v0.1.0	-	qadv-arbiter-7x7-rust-lambda-v0.1.0	-	L	P	196
g1_BI2hsUG8uBCb12m4MIxB-sG0RdT73kdpPMHGZpEDwjw	s1_RauLaTi4eVgYHSp2TV9pqs9uzTVv0B10g9TaHMWpcZ4	1unNse	qadv-arbiter-7x7-rust-lambda-v0.1.0	-	qadv-arbiter-7x7-rust-lambda-v0.1.0	-	L	P	-
g1_BI2hsUG8uBCb12m4MIxB-sG0RdT73kdpPMHGZpEDwjw	s1_n_0KIxoANYrxIr0eCKXNTTWtFIdvUfWZV1GdO8pDwtA	1unNse	qadv-arbiter-7x7-rust-lambda-v0.1.0	-	qadv-arbiter-7x7-rust-lambda-v0.1.0	-	L	P	196
g1_BI7-rLrl3zBrrkVvAQRRscjE8AblBvqE4FCj_fNaGwk	s1_5LbF2PE6QkbOfOUpiRWi4GhgY9kJIOIUtoSyQIWFEnw	1unOod	qadv-arbiter-7x7-rust-lambda-v0.1.0	-	qadv-arbiter-7x7-rust-lambda-v0.1.0	-	L	P	196
g1_BI7-rLrl3zBrrkVvAQRRscjE8AblBvqE4FCj_fNaGwk	s1_RauLaTi4eVgYHSp2TV9pqs9uzTVv0B10g9TaHMWpcZ4	1unOod	qadv-arbiter-7x7-rust-lambda-v0.1.0	-	qadv-arbiter-7x7-rust-lambda-v0.1.0	-	L	P	-
g1_BI7-rLrl3zBrrkVvAQRRscjE8AblBvqE4FCj_fNaGwk	s1_Vbd6eiIp3W8ThkOXth6cRM7keywZLHz7Ggzt2QwTVaw	1unOod	qadv-arbiter-7x7-rust-lambda-v0.1.0	-	qadv-arbiter-7x7-rust-lambda-v0.1.0	-	L	P	196
g1_BI7-rLrl3zBrrkVvAQRRscjE8AblBvqE4FCj_fNaGwk	s1_tVvRv39U9_kdFJyPVvJa6JiU7rxFlGsjl2qF-7VqvAQ	1unOod	qadv-arbiter-7x7-rust-lambda-v0.1.0	-	qadv-arbiter-7x7-rust-lambda-v0.1.0	-	L	P	196
g1_BID7srv0ywQimQr3Y-k-XgmszRTIwpZifWPVMQSsfaA	s1_8XBkMEE2HIKNjZGHiz0vH9ZvpLNvrlGL40CsZm49GTU	1unNjr	qadv-arbiter-7x7-rust-lambda-v0.1.0	-	qadv-arbiter-7x7-rust-lambda-v0.1.0	-	D	P	196
g1_BID7srv0ywQimQr3Y-k-XgmszRTIwpZifWPVMQSsfaA	s1_HgxG1CB0MLJoHsbjSurNqxcoJra5f_2Q5HGDrR7Z0pY	1unNjr	qadv-arbiter-7x7-rust-lambda-v0.1.0	-	qadv-arbiter-7x7-rust-lambda-v0.1.0	-	D	P	196
g1_BID7srv0ywQimQr3Y-k-XgmszRTIwpZifWPVMQSsfaA	s1_RauLaTi4eVgYHSp2TV9pqs9uzTVv0B10g9TaHMWpcZ4	1unNjr	qadv-arbiter-7x7-rust-lambda-v0.1.0	-	qadv-arbiter-7x7-rust-lambda-v0.1.0	-	D	P	-
g1_BID7srv0ywQimQr3Y-k-XgmszRTIwpZifWPVMQSsfaA	s1_dDZDAUkrURymBvE-Nh5V5OlknC9Qe5NrV_wEv11C0a8	1unNjr	qadv-arbiter-7x7-rust-lambda-v0.1.0	-	qadv-arbiter-7x7-rust-lambda-v0.1.0	-	D	P	196
g1_BIKzwppjpQGdZ9JDI2bKJeJCrjDCna4qWMn12_Iu9qs	s1_cAJveNerl8U1QVXIr9nRQ8UL3PVoePd9cCaPuBP75NY	1umwMs	rust-pathfinder-onnx-sorter-v0.1.0	-	rust-pathfinder-v0.3.0	-	D	P	120
g1_BIL7p2wIkAH_Q9dq9o0Hj8bU46RneJlAstyPdYzz2aM	s1_RGpzAbFsNHcMGo0QXYZk9g0zbAhU_gj0ZgQeMwkd3sc	1unQ1W	qadv-arbiter-7x7-rust-lambda-v0.1.0	-	qadv-arbiter-7x7-rust-lambda-v0.1.0	-	L	P	196
g1_BIL7p2wIkAH_Q9dq9o0Hj8bU46RneJlAstyPdYzz2aM	s1_dmbwvV4fQdWqtJqS6wpKtQm90whATQDMI9naKtNigyY	1unQ1W	qadv-arbiter-7x7-rust-lambda-v0.1.0	-	qadv-arbiter-7x7-rust-lambda-v0.1.0	-	L	P	196
g1_BIL7p2wIkAH_Q9dq9o0Hj8bU46RneJlAstyPdYzz2aM	s1_y7b1s7tF_toQ-cJ8A8R1tp5Qtz9nIh-hOvgKtKFQkFs	1unQ1W	qadv-arbiter-7x7-rust-lambda-v0.1.0	-	qadv-arbiter-7x7-rust-lambda-v0.1.0	-	L	P	196
g1_BIUbbwvm5IhjYC1MhkYQpVJSXMcaTYRUXa1mSHFS7FA	s1_qtlitMa-GGx-0y2heoyNRonYXf1Dq5epTexnVe9Iqtw	1umxdN	python-gnn-puct-learner-v0.1.0	sha256:ab0f739cd33d66781faf60e27797c5ccba3c04ba684f8d9e32e9c2754f4e8956	python-gnn-puct-learner-v0.1.0	sha256:ab0f739cd33d66781faf60e27797c5ccba3c04ba684f8d9e32e9c2754f4e8956	L	P	196
g1_BIa9HQYuQH23eVghFUFsqlL0BXrwZMSV7xckz-85sPM	s1_RauLaTi4eVgYHSp2TV9pqs9uzTVv0B10g9TaHMWpcZ4	1unMb6	qadv-arbiter-7x7-rust-lambda-v0.1.0	-	qadv-arbiter-7x7-rust-lambda-v0.1.0	-	D	P	-
g1_BIa9HQYuQH23eVghFUFsqlL0BXrwZMSV7xckz-85sPM	s1_aLOSZTqUkRN2zJq-4qr-E_gfdgfhHT8WxDA10yMO_7w	1unMb6	qadv-arbiter-7x7-rust-lambda-v0.1.0	-	qadv-arbiter-7x7-rust-lambda-v0.1.0	-	D	P	196
g1_BIa9HQYuQH23eVghFUFsqlL0BXrwZMSV7xckz-85sPM	s1_f1Cezi-ykyY9KqUC4olfie7o9RgIdat4FBVrnfRWFOg	1unMb6	qadv-arbiter-7x7-rust-lambda-v0.1.0	-	qadv-arbiter-7x7-rust-lambda-v0.1.0	-	D	P	196
g1_BIa9HQYuQH23eVghFUFsqlL0BXrwZMSV7xckz-85sPM	s1_fCF1RXHoW7s0PD5JJnuZGHw4QabH-_zYz4DLNLIoZ4w	1unMb6	qadv-arbiter-7x7-rust-lambda-v0.1.0	-	qadv-arbiter-7x7-rust-lambda-v0.1.0	-	D	P	196
g1_BIe2_Brzt9Nwj_1J6FooLJyZqsIVfHtWSMOXSmljCQE	s1_0AyUK1Ps4Run7VjYUXP0LvHpZRXf88ayuAg4jkEgJFA	1unQkj	pathfinder-v0.3.0	-	qadv-arbiter-7x7-v0.1.0	-	L	P	196
g1_BIe2_Brzt9Nwj_1J6FooLJyZqsIVfHtWSMOXSmljCQE	s1_2FtaP75xgRVTNrUvmC0NIesJCNy8IDFJ05WNM4nUnpg	1unQkj	pathfinder-v0.3.0	-	qadv-arbiter-7x7-v0.1.0	-	L	P	196
g1_BIe2_Brzt9Nwj_1J6FooLJyZqsIVfHtWSMOXSmljCQE	s1_AHIJDE8XknkCXzg6GZKm3YpyS7cINkR3hPZDvbV4Noo	1unQkj	pathfinder-v0.3.0	-	qadv-arbiter-7x7-v0.1.0	-	L	P	196
g1_BIe2_Brzt9Nwj_1J6FooLJyZqsIVfHtWSMOXSmljCQE	s1_RauLaTi4eVgYHSp2TV9pqs9uzTVv0B10g9TaHMWpcZ4	1unQkj	pathfinder-v0.3.0	-	qadv-arbiter-7x7-v0.1.0	-	L	P	-
g1_BIjCQ_xfKv1V4lrni9AIPCUtR42HiwM7S5x7lEbOsOw	s1_FDTYAVSVsOp5Dy_CBkPBPvZMQslZsHtx0doCwO56zx4	1unQ37	qadv-arbiter-7x7-rust-lambda-v0.1.0	-	qadv-arbiter-7x7-rust-lambda-v0.1.0	-	L	P	196
g1_BIjCQ_xfKv1V4lrni9AIPCUtR42HiwM7S5x7lEbOsOw	s1_PHOCm_67PwCLiy0i6Wc2HCo1Wppu557dEi1ahtPtGYc	1unQ37	qadv-arbiter-7x7-rust-lambda-v0.1.0	-	qadv-arbiter-7x7-rust-lambda-v0.1.0	-	L	P	196
g1_BIjCQ_xfKv1V4lrni9AIPCUtR42HiwM7S5x7lEbOsOw	s1_zpfBLnJ-usMjCoL62geLo7uhcDSeueNZZWaRh5oEewk	1unQ37	qadv-arbiter-7x7-rust-lambda-v0.1.0	-	qadv-arbiter-7x7-rust-lambda-v0.1.0	-	L	P	196
g1_BImV6-gmmI4Vna5jTr4klMpxLurvGsiIbEKw0IfiIjY	s1_hAtqd-YEPPulYBgXhEj6YrWIUIpMJXWt0I96hF3wO7E	1DIVO	rust-evo-g1-c3-283-110-783-63-106-94	-	rust-handcrafted-g0	-	D	P	-
g1_BIz0bELQv7IyU4udPULzo1ZfpXGZAB2KatjJEg-1mko	s1_QWZZxe7O_QJs-mMQwNLVXQcAo2mbvd6r8Wl7iYYSaNg	1unL_Q	qadv-arbiter-7x7-rust-lambda-v0.1.0	-	qadv-arbiter-7x7-rust-lambda-v0.1.0	-	L	P	196
g1_BIz0bELQv7IyU4udPULzo1ZfpXGZAB2KatjJEg-1mko	s1_RauLaTi4eVgYHSp2TV9pqs9uzTVv0B10g9TaHMWpcZ4	1unL_Q	qadv-arbiter-7x7-rust-lambda-v0.1.0	-	qadv-arbiter-7x7-rust-lambda-v0.1.0	-	L	P	-
g1_BIz0bELQv7IyU4udPULzo1ZfpXGZAB2KatjJEg-1mko	s1_Sefn9siFDlPEJnOn_heNeQcgU2aEoX0MfLaExLmyN1w	1unL_Q	qadv-arbiter-7x7-rust-lambda-v0.1.0	-	qadv-arbiter-7x7-rust-lambda-v0.1.0	-	L	P	196
g1_BIz0bELQv7IyU4udPULzo1ZfpXGZAB2KatjJEg-1mko	s1_s4YQij7phj0AfjXPMb1EjC0q9dGB_t2XgC61fQTqJ7U	1unL_Q	qadv-arbiter-7x7-rust-lambda-v0.1.0	-	qadv-arbiter-7x7-rust-lambda-v0.1.0	-	L	P	196
g1_BJFq2_sWQa2kE_G77C-1SatKuEPDmssiWJfwvme0tlg	s1_7hePXIf3oZWMQW3NdEvtJfElmjkmHKunLlyTqnOJLTk	1unONA	qadv-arbiter-7x7-rust-lambda-v0.1.0	-	qadv-arbiter-7x7-rust-lambda-v0.1.0	-	D	P	196
g1_BJFq2_sWQa2kE_G77C-1SatKuEPDmssiWJfwvme0tlg	s1_RauLaTi4eVgYHSp2TV9pqs9uzTVv0B10g9TaHMWpcZ4	1unONA	qadv-arbiter-7x7-rust-lambda-v0.1.0	-	qadv-arbiter-7x7-rust-lambda-v0.1.0	-	D	P	-
g1_BJFq2_sWQa2kE_G77C-1SatKuEPDmssiWJfwvme0tlg	s1_n1ukXyLOB49wTZWppPSmlOchNIVoB9VyDISiv5b42yo	1unONA	qadv-arbiter-7x7-rust-lambda-v0.1.0	-	qadv-arbiter-7x7-rust-lambda-v0.1.0	-	D	P	196
g1_BJFq2_sWQa2kE_G77C-1SatKuEPDmssiWJfwvme0tlg	s1_nW9NGeSVbwu0hCyv_KNn6-G4OroTQlZZIE9jHmJnios	1unONA	qadv-arbiter-7x7-rust-lambda-v0.1.0	-	qadv-arbiter-7x7-rust-lambda-v0.1.0	-	D	P	196
g1_BJIx0lfdi7JvJtVv9GKupuevI_4QhTrp2yYLkZVdEJQ	s1_1av6nXQkq-GSHXfjkVlGHGpAq8F9UbW4JwZmyFA-vww	1umvDk	python-gnn-puct-scout-v0.1.0	sha256:b9f80706cc1f29076ee06fe06483697c749148a808c599579045d00a52573938	python-gnn-puct-scout-v0.1.0	sha256:b9f80706cc1f29076ee06fe06483697c749148a808c599579045d00a52573938	-	M	196
g1_BJIx0lfdi7JvJtVv9GKupuevI_4QhTrp2yYLkZVdEJQ	s1_Brk0hkuJoH-MBjdd53AO5tlWcOgDWV_R0PO74fHGd_0	1umvDk	python-gnn-puct-scout-v0.1.0	sha256:b9f80706cc1f29076ee06fe06483697c749148a808c599579045d00a52573938	python-gnn-puct-scout-v0.1.0	sha256:b9f80706cc1f29076ee06fe06483697c749148a808c599579045d00a52573938	-	M	196
g1_BJIx0lfdi7JvJtVv9GKupuevI_4QhTrp2yYLkZVdEJQ	s1_D_X-fTFZy6xuyGSC5jFyKBW6IP_59Jbomefazf4xu44	1umvDk	python-gnn-puct-scout-v0.1.0	sha256:b9f80706cc1f29076ee06fe06483697c749148a808c599579045d00a52573938	python-gnn-puct-scout-v0.1.0	sha256:b9f80706cc1f29076ee06fe06483697c749148a808c599579045d00a52573938	-	M	196
g1_BJJ6KbTKbwYnOu6jI6gDjWToWPolWBjoKZjeK1xcf9s	s1_WVg7aYYLIrw6_-2mI3jQ-DPcLO4gX2sPEEqWQb0DGQA	1umxNB	python-cnn-puct-reval30k-v0.1.0	sha256:eb2600a53e225a835455efdb2759c40e27c5cb3c16ab0688bc21b99290ed10ee	python-cnn-puct-reval30k-v0.1.0	sha256:eb2600a53e225a835455efdb2759c40e27c5cb3c16ab0688bc21b99290ed10ee	D	P	196
g1_BJM08p7JqZDKOKNSXgnjQWSUmqmQx5W7TVOdJ17kZG0	s1_DXJcRHwIJDUDCc-B0rXrUKHZecipOaJ6bwEv_gRsxPM	1unMTx	qadv-arbiter-7x7-rust-lambda-v0.1.0	-	qadv-arbiter-7x7-rust-lambda-v0.1.0	-	L	P	196
g1_BJM08p7JqZDKOKNSXgnjQWSUmqmQx5W7TVOdJ17kZG0	s1_LEOvwlEsShcNjM3Tj9oH5lNDrbRHWRMK5yz8TSD8wAQ	1unMTx	qadv-arbiter-7x7-rust-lambda-v0.1.0	-	qadv-arbiter-7x7-rust-lambda-v0.1.0	-	L	P	196
g1_BJM08p7JqZDKOKNSXgnjQWSUmqmQx5W7TVOdJ17kZG0	s1_RauLaTi4eVgYHSp2TV9pqs9uzTVv0B10g9TaHMWpcZ4	1unMTx	qadv-arbiter-7x7-rust-lambda-v0.1.0	-	qadv-arbiter-7x7-rust-lambda-v0.1.0	-	L	P	-
g1_BJM08p7JqZDKOKNSXgnjQWSUmqmQx5W7TVOdJ17kZG0	s1_qZjwRgYXKP_5WbyM10PnOhww2MGxijBiU0jUqE4x8eE	1unMTx	qadv-arbiter-7x7-rust-lambda-v0.1.0	-	qadv-arbiter-7x7-rust-lambda-v0.1.0	-	L	P	196
g1_BJVfoP_1lD4PgpnzlasPKfivsK7lzi8fv74pCo6Vio8	s1_2FtaP75xgRVTNrUvmC0NIesJCNy8IDFJ05WNM4nUnpg	1unQzM	qadv-arbiter-7x7-v0.1.0	-	surveyor-v0.2.0	-	D	P	196
g1_BJVfoP_1lD4PgpnzlasPKfivsK7lzi8fv74pCo6Vio8	s1_MM_Ws4rt9pwZYJcg_Tjou1mXUJlS3XJ54JySkLKPbfw	1unQzM	qadv-arbiter-7x7-v0.1.0	-	surveyor-v0.2.0	-	D	P	196
g1_BJVfoP_1lD4PgpnzlasPKfivsK7lzi8fv74pCo6Vio8	s1_RauLaTi4eVgYHSp2TV9pqs9uzTVv0B10g9TaHMWpcZ4	1unQzM	qadv-arbiter-7x7-v0.1.0	-	surveyor-v0.2.0	-	D	P	-
g1_BJVfoP_1lD4PgpnzlasPKfivsK7lzi8fv74pCo6Vio8	s1_SdsHbcM4bFor8HsWUvUTqSq8x-5-G6WEPX0-N0VCf6w	1unQzM	qadv-arbiter-7x7-v0.1.0	-	surveyor-v0.2.0	-	D	P	196
g1_BJdAFOtcc60B6mb23D5tVpv8k9LKJVZwkXZLFMAhdtY	s1_GLW-E0PYcDYXElF_Ibv-XKtzXdYKCySMz7s8bVR3r9o	1un5OZ	surveyor-v0.2.0	-	qadv-arbiter-guided-7x7-v0.2.0	sha256:9c0e5e530df7db77a98f6a2e75fe63a6f629c6ad6563e0b5454793ebc243b14d	L	P	196
g1_BJdAFOtcc60B6mb23D5tVpv8k9LKJVZwkXZLFMAhdtY	s1_O3cuwuia8XT9TI7Nxr3tRcajOA20XFHEIT2fYX3WizY	1un5OZ	surveyor-v0.2.0	-	qadv-arbiter-guided-7x7-v0.2.0	sha256:9c0e5e530df7db77a98f6a2e75fe63a6f629c6ad6563e0b5454793ebc243b14d	L	P	196
g1_BJdAFOtcc60B6mb23D5tVpv8k9LKJVZwkXZLFMAhdtY	s1_g6m_F25QA1x_rKWVwpeYFV6S7hZZaTfg60yuJczFcDc	1un5OZ	surveyor-v0.2.0	-	qadv-arbiter-guided-7x7-v0.2.0	sha256:9c0e5e530df7db77a98f6a2e75fe63a6f629c6ad6563e0b5454793ebc243b14d	L	P	196
g1_BJp-LzWbUdXLrcYuTlxL839QV05e6gSSX3P0zwmUClk	s1_7-H_EsjgqoR_d-fqW4G1qy6yJwYW1eMgCAY0CNEEcbk	1unPU9	qadv-arbiter-7x7-rust-lambda-v0.1.0	-	qadv-arbiter-7x7-rust-lambda-v0.1.0	-	D	P	196
g1_BJp-LzWbUdXLrcYuTlxL839QV05e6gSSX3P0zwmUClk	s1_9L7GsyHK0BNAGldd5nTsmlAiwN0vQ8A3ReBp230pw5g	1unPU9	qadv-arbiter-7x7-rust-lambda-v0.1.0	-	qadv-arbiter-7x7-rust-lambda-v0.1.0	-	D	P	196
g1_BJp-LzWbUdXLrcYuTlxL839QV05e6gSSX3P0zwmUClk	s1_RauLaTi4eVgYHSp2TV9pqs9uzTVv0B10g9TaHMWpcZ4	1unPU9	qadv-arbiter-7x7-rust-lambda-v0.1.0	-	qadv-arbiter-7x7-rust-lambda-v0.1.0	-	D	P	-
g1_BJp-LzWbUdXLrcYuTlxL839QV05e6gSSX3P0zwmUClk	s1_p6FuKK-fLDsZX3F5v3WBOw8oq1knYJr8CSbJ9s_w44s	1unPU9	qadv-arbiter-7x7-rust-lambda-v0.1.0	-	qadv-arbiter-7x7-rust-lambda-v0.1.0	-	D	P	196
g1_BJxfd3DhgIaPYNq9AHimzF-Pbxiqtm4C7n6wymGwIQA	s1_-9l4QnkDyorX9BH_EQs0a6UCTE_sZ0aPpPgvOrrDFo0	1unMsG	qadv-arbiter-7x7-rust-lambda-v0.1.0	-	qadv-arbiter-7x7-rust-lambda-v0.1.0	-	L	P	196
g1_BJxfd3DhgIaPYNq9AHimzF-Pbxiqtm4C7n6wymGwIQA	s1_P6JlMhAStAYvTDwwSsQ-OOPJPBxuCMhmVMy50KUDOT4	1unMsG	qadv-arbiter-7x7-rust-lambda-v0.1.0	-	qadv-arbiter-7x7-rust-lambda-v0.1.0	-	L	P	196
g1_BJxfd3DhgIaPYNq9AHimzF-Pbxiqtm4C7n6wymGwIQA	s1_RauLaTi4eVgYHSp2TV9pqs9uzTVv0B10g9TaHMWpcZ4	1unMsG	qadv-arbiter-7x7-rust-lambda-v0.1.0	-	qadv-arbiter-7x7-rust-lambda-v0.1.0	-	L	P	-
g1_BJxfd3DhgIaPYNq9AHimzF-Pbxiqtm4C7n6wymGwIQA	s1_krqiMEBETpuujq4n-Tetqlk1JNs8PdWGtk6BIBDbrDs	1unMsG	qadv-arbiter-7x7-rust-lambda-v0.1.0	-	qadv-arbiter-7x7-rust-lambda-v0.1.0	-	L	P	196
g1_BJySprF5l6EuMTnQkHbeZdBSvdzd7USDieH2rE9wIaU	s1_KDZzBQexAjHdJqkRWgGPRPuL4SDRZLrWnNO5oCg2crA	1unMrr	qadv-arbiter-7x7-rust-lambda-v0.1.0	-	qadv-arbiter-7x7-rust-lambda-v0.1.0	-	L	P	196
g1_BJySprF5l6EuMTnQkHbeZdBSvdzd7USDieH2rE9wIaU	s1_RauLaTi4eVgYHSp2TV9pqs9uzTVv0B10g9TaHMWpcZ4	1unMrr	qadv-arbiter-7x7-rust-lambda-v0.1.0	-	qadv-arbiter-7x7-rust-lambda-v0.1.0	-	L	P	-
g1_BJySprF5l6EuMTnQkHbeZdBSvdzd7USDieH2rE9wIaU	s1_TtjrRgbHuaFtq-XE3POZsM0uJRKUkltqL9ibdXiwN-s	1unMrr	qadv-arbiter-7x7-rust-lambda-v0.1.0	-	qadv-arbiter-7x7-rust-lambda-v0.1.0	-	L	P	196
g1_BJySprF5l6EuMTnQkHbeZdBSvdzd7USDieH2rE9wIaU	s1_bEZVLrrD5qvgwZPs5u87SEDPr1wPU4-sMCH1RVHuDp0	1unMrr	qadv-arbiter-7x7-rust-lambda-v0.1.0	-	qadv-arbiter-7x7-rust-lambda-v0.1.0	-	L	P	196
g1_BKAIU8hiSjI4ee7kyHAAdbdkgScVPBr_-r4ZFT_mHtU	s1_LYw_rz5aL-xVEhyaxQcMAf1ubbzGfh5xLuX8runyI-8	1unM0i	qadv-arbiter-7x7-rust-lambda-v0.1.0	-	qadv-arbiter-7x7-rust-lambda-v0.1.0	-	L	P	196
g1_BKAIU8hiSjI4ee7kyHAAdbdkgScVPBr_-r4ZFT_mHtU	s1_RauLaTi4eVgYHSp2TV9pqs9uzTVv0B10g9TaHMWpcZ4	1unM0i	qadv-arbiter-7x7-rust-lambda-v0.1.0	-	qadv-arbiter-7x7-rust-lambda-v0.1.0	-	L	P	-
g1_BKAIU8hiSjI4ee7kyHAAdbdkgScVPBr_-r4ZFT_mHtU	s1_WLoEQgfNoOPrpXpHACPmBGtKp4Tu3ezVDi2eK6rE5_U	1unM0i	qadv-arbiter-7x7-rust-lambda-v0.1.0	-	qadv-arbiter-7x7-rust-lambda-v0.1.0	-	L	P	196
g1_BKAIU8hiSjI4ee7kyHAAdbdkgScVPBr_-r4ZFT_mHtU	s1_p3IOcQe1Ya6RIfZuocMjTztDOPf6A3qlBzF5OYcaMWc	1unM0i	qadv-arbiter-7x7-rust-lambda-v0.1.0	-	qadv-arbiter-7x7-rust-lambda-v0.1.0	-	L	P	196
g1_BKJOk_dW7_byZRQ8XNnGEp_qEjehRpSNGL7-fPItas4	s1__fmnSv6OnZklVvMPUjPdL6drtvfrJptRYX3nxZQO8jI	1umxqO	python-gnn-puct-scout-v0.1.0	sha256:b9f80706cc1f29076ee06fe06483697c749148a808c599579045d00a52573938	python-gnn-puct-scout-v0.1.0	sha256:b9f80706cc1f29076ee06fe06483697c749148a808c599579045d00a52573938	-	M	196
g1_BKP4fseO2ZPMA0YG21jMB2pDIo2oGzgcRzD4BZRyumM	s1_8ja_VgG4cHwUF1vJDP7OFFa-KGriCgrAap8-k79dMZg	1unPla	qadv-arbiter-7x7-rust-lambda-v0.1.0	-	qadv-arbiter-7x7-rust-lambda-v0.1.0	-	L	P	196
g1_BKP4fseO2ZPMA0YG21jMB2pDIo2oGzgcRzD4BZRyumM	s1_QvUndldfilWHHIm-W76fgz0U0NYJz5XeTJ3IQzJtQYk	1unPla	qadv-arbiter-7x7-rust-lambda-v0.1.0	-	qadv-arbiter-7x7-rust-lambda-v0.1.0	-	L	P	196
g1_BKP4fseO2ZPMA0YG21jMB2pDIo2oGzgcRzD4BZRyumM	s1_RauLaTi4eVgYHSp2TV9pqs9uzTVv0B10g9TaHMWpcZ4	1unPla	qadv-arbiter-7x7-rust-lambda-v0.1.0	-	qadv-arbiter-7x7-rust-lambda-v0.1.0	-	L	P	-
g1_BKP4fseO2ZPMA0YG21jMB2pDIo2oGzgcRzD4BZRyumM	s1_tZ05mBr7QUVzNehDpEIl9nlfSoXUJUueq2vPq6zEP7k	1unPla	qadv-arbiter-7x7-rust-lambda-v0.1.0	-	qadv-arbiter-7x7-rust-lambda-v0.1.0	-	L	P	196
g1_BKnhX2HMdBhpEyoEes-hB99SXf-VSh89OV_1phnwp_o	s1_DkhsL0eaIcw0B6uyFI-dS0b0noLfZV0GXfas7KIZ2_w	1unM_F	qadv-arbiter-7x7-rust-lambda-v0.1.0	-	qadv-arbiter-7x7-rust-lambda-v0.1.0	-	L	P	196
g1_BKnhX2HMdBhpEyoEes-hB99SXf-VSh89OV_1phnwp_o	s1_G3W4sb2H9mx6CMbplP3x7A_yQzBqDSKvtVDiRsD-4NE	1unM_F	qadv-arbiter-7x7-rust-lambda-v0.1.0	-	qadv-arbiter-7x7-rust-lambda-v0.1.0	-	L	P	196
g1_BKnhX2HMdBhpEyoEes-hB99SXf-VSh89OV_1phnwp_o	s1_I-7bNg9uR98dzG9-FrxCfgVFhZhwOviQHb5b3crLBuM	1unM_F	qadv-arbiter-7x7-rust-lambda-v0.1.0	-	qadv-arbiter-7x7-rust-lambda-v0.1.0	-	L	P	196
g1_BKnhX2HMdBhpEyoEes-hB99SXf-VSh89OV_1phnwp_o	s1_RauLaTi4eVgYHSp2TV9pqs9uzTVv0B10g9TaHMWpcZ4	1unM_F	qadv-arbiter-7x7-rust-lambda-v0.1.0	-	qadv-arbiter-7x7-rust-lambda-v0.1.0	-	L	P	-
g1_BKphun_u9WMX4Il08TY-8vPQcFW7horkZRbQJDPsdI8	s1_1av6nXQkq-GSHXfjkVlGHGpAq8F9UbW4JwZmyFA-vww	1umvNH	python-gnn-puct-learner-v0.1.0	sha256:ab0f739cd33d66781faf60e27797c5ccba3c04ba684f8d9e32e9c2754f4e8956	python-gnn-puct-learner-v0.1.0	sha256:ab0f739cd33d66781faf60e27797c5ccba3c04ba684f8d9e32e9c2754f4e8956	-	M	196
g1_BKphun_u9WMX4Il08TY-8vPQcFW7horkZRbQJDPsdI8	s1_Brk0hkuJoH-MBjdd53AO5tlWcOgDWV_R0PO74fHGd_0	1umvNH	python-gnn-puct-learner-v0.1.0	sha256:ab0f739cd33d66781faf60e27797c5ccba3c04ba684f8d9e32e9c2754f4e8956	python-gnn-puct-learner-v0.1.0	sha256:ab0f739cd33d66781faf60e27797c5ccba3c04ba684f8d9e32e9c2754f4e8956	-	M	196
g1_BKphun_u9WMX4Il08TY-8vPQcFW7horkZRbQJDPsdI8	s1_QBFUsDtxokERlDOdQkleYbPvhJ-vIp2qmp6DXjS-7oM	1umvNH	python-gnn-puct-learner-v0.1.0	sha256:ab0f739cd33d66781faf60e27797c5ccba3c04ba684f8d9e32e9c2754f4e8956	python-gnn-puct-learner-v0.1.0	sha256:ab0f739cd33d66781faf60e27797c5ccba3c04ba684f8d9e32e9c2754f4e8956	-	M	196
g1_BKr_mPoB1H1msoiVrzrDMgPNi1wFy-jT-BtlFiuUizQ	s1_QeJNThqmqtxB43-bjjGTHXf9O3KvkxDBiyhO3GIir1c	1unOkn	qadv-arbiter-7x7-rust-lambda-v0.1.0	-	qadv-arbiter-7x7-rust-lambda-v0.1.0	-	D	P	196
g1_BKr_mPoB1H1msoiVrzrDMgPNi1wFy-jT-BtlFiuUizQ	s1_RauLaTi4eVgYHSp2TV9pqs9uzTVv0B10g9TaHMWpcZ4	1unOkn	qadv-arbiter-7x7-rust-lambda-v0.1.0	-	qadv-arbiter-7x7-rust-lambda-v0.1.0	-	D	P	-
g1_BKr_mPoB1H1msoiVrzrDMgPNi1wFy-jT-BtlFiuUizQ	s1_SOBwheQwJQLj7DGz_rgGlh3ZTMOQQLLVP5rf4LTA0Co	1unOkn	qadv-arbiter-7x7-rust-lambda-v0.1.0	-	qadv-arbiter-7x7-rust-lambda-v0.1.0	-	D	P	196
g1_BKr_mPoB1H1msoiVrzrDMgPNi1wFy-jT-BtlFiuUizQ	s1_s2vkn7cLhArzYb4igjYZxAqGgFw3OTkxcYjMo9JlF9g	1unOkn	qadv-arbiter-7x7-rust-lambda-v0.1.0	-	qadv-arbiter-7x7-rust-lambda-v0.1.0	-	D	P	196
g1_BKtxMa9Xm5QiyX6a_yECjCNqlPPz4bj7ndJnSpNaIcI	s1_1av6nXQkq-GSHXfjkVlGHGpAq8F9UbW4JwZmyFA-vww	1DIc5	python-gnn-puct-v0.1.0	sha256:6f9ad6e4a0993da3cf34a8549e86f9b5d512c51e11bfa76dfe051e7a8801bdac	python-gnn-puct-v0.1.0	sha256:6f9ad6e4a0993da3cf34a8549e86f9b5d512c51e11bfa76dfe051e7a8801bdac	-	M	196
g1_BKtxMa9Xm5QiyX6a_yECjCNqlPPz4bj7ndJnSpNaIcI	s1_Brk0hkuJoH-MBjdd53AO5tlWcOgDWV_R0PO74fHGd_0	1DIc5	python-gnn-puct-v0.1.0	sha256:6f9ad6e4a0993da3cf34a8549e86f9b5d512c51e11bfa76dfe051e7a8801bdac	python-gnn-puct-v0.1.0	sha256:6f9ad6e4a0993da3cf34a8549e86f9b5d512c51e11bfa76dfe051e7a8801bdac	-	M	196
g1_BKtxMa9Xm5QiyX6a_yECjCNqlPPz4bj7ndJnSpNaIcI	s1_KmF8KhDbubz6lwdS8R_n_yTGdSONmH9B1wUABbyCj94	1DIc5	python-gnn-puct-v0.1.0	sha256:6f9ad6e4a0993da3cf34a8549e86f9b5d512c51e11bfa76dfe051e7a8801bdac	python-gnn-puct-v0.1.0	sha256:6f9ad6e4a0993da3cf34a8549e86f9b5d512c51e11bfa76dfe051e7a8801bdac	-	M	196
g1_BKtxMa9Xm5QiyX6a_yECjCNqlPPz4bj7ndJnSpNaIcI	s1_g5pGkHBMEhzAYvwFY0b24sSc7wC9JfnWApMHHZ_aMPI	1DIc5	python-gnn-puct-v0.1.0	sha256:6f9ad6e4a0993da3cf34a8549e86f9b5d512c51e11bfa76dfe051e7a8801bdac	python-gnn-puct-v0.1.0	sha256:6f9ad6e4a0993da3cf34a8549e86f9b5d512c51e11bfa76dfe051e7a8801bdac	-	M	196
g1_BKtxMa9Xm5QiyX6a_yECjCNqlPPz4bj7ndJnSpNaIcI	s1_tol_POp6BcgBLMWq8iDfRBQSAXpESHxFwmcCQYXv0yQ	1DIc5	python-gnn-puct-v0.1.0	sha256:6f9ad6e4a0993da3cf34a8549e86f9b5d512c51e11bfa76dfe051e7a8801bdac	python-gnn-puct-v0.1.0	sha256:6f9ad6e4a0993da3cf34a8549e86f9b5d512c51e11bfa76dfe051e7a8801bdac	-	M	196
g1_BL2NpDF_de1GqjGLJM7oEbA87g-bS_UOMPlOlqOA7ps	s1_8jKj3BB35u63eOZAzucf0WmYTYANdBa0T_C13oxIIqo	1unOW5	qadv-arbiter-7x7-rust-lambda-v0.1.0	-	qadv-arbiter-7x7-rust-lambda-v0.1.0	-	L	P	196
g1_BL2NpDF_de1GqjGLJM7oEbA87g-bS_UOMPlOlqOA7ps	s1_RauLaTi4eVgYHSp2TV9pqs9uzTVv0B10g9TaHMWpcZ4	1unOW5	qadv-arbiter-7x7-rust-lambda-v0.1.0	-	qadv-arbiter-7x7-rust-lambda-v0.1.0	-	L	P	-
g1_BL2NpDF_de1GqjGLJM7oEbA87g-bS_UOMPlOlqOA7ps	s1_YXScCa9uOov7phtRhw1Rs7uxqGxTROLRvK9LbbgEi-A	1unOW5	qadv-arbiter-7x7-rust-lambda-v0.1.0	-	qadv-arbiter-7x7-rust-lambda-v0.1.0	-	L	P	196
g1_BL2NpDF_de1GqjGLJM7oEbA87g-bS_UOMPlOlqOA7ps	s1_qVwVNi9Gw5RphEmAyDClVXZ0h7jzolFpVIzTSqC_veY	1unOW5	qadv-arbiter-7x7-rust-lambda-v0.1.0	-	qadv-arbiter-7x7-rust-lambda-v0.1.0	-	L	P	196
g1_BLJQVTFUxtJUN_0Z3ojNJT87zkOBtHz1S0Y1QPPgUeU	s1_1tTGSqghPqkuX_RuEAJdMsvaUBDMph3tHnUWyx5QtvQ	1unPbf	qadv-arbiter-7x7-rust-lambda-v0.1.0	-	qadv-arbiter-7x7-rust-lambda-v0.1.0	-	D	P	196
g1_BLJQVTFUxtJUN_0Z3ojNJT87zkOBtHz1S0Y1QPPgUeU	s1_3IPleeNAAkcQOy0icQnGGnm9pjnEJwqNkykByrPE8Yg	1unPbf	qadv-arbiter-7x7-rust-lambda-v0.1.0	-	qadv-arbiter-7x7-rust-lambda-v0.1.0	-	D	P	196
g1_BLJQVTFUxtJUN_0Z3ojNJT87zkOBtHz1S0Y1QPPgUeU	s1_A6FUBiZWoFK61DYWi8pOduRpaa6bbY44hrenMFu31GU	1unPbf	qadv-arbiter-7x7-rust-lambda-v0.1.0	-	qadv-arbiter-7x7-rust-lambda-v0.1.0	-	D	P	196
g1_BLJQVTFUxtJUN_0Z3ojNJT87zkOBtHz1S0Y1QPPgUeU	s1_RauLaTi4eVgYHSp2TV9pqs9uzTVv0B10g9TaHMWpcZ4	1unPbf	qadv-arbiter-7x7-rust-lambda-v0.1.0	-	qadv-arbiter-7x7-rust-lambda-v0.1.0	-	D	P	-
g1_BLKe_ZFoIF29xqXRFH0OJYnDaFwwRynmxoTTo0GK-WQ	s1_A6Pdi-5XTqkkjjYgnZkpdFtBbOT3vcs3XV6sfAhDiNk	1un3CR	pathfinder-v0.3.0	-	qadv-arbiter-guided-7x7-v0.2.0	sha256:9c0e5e530df7db77a98f6a2e75fe63a6f629c6ad6563e0b5454793ebc243b14d	L	P	196
g1_BLKe_ZFoIF29xqXRFH0OJYnDaFwwRynmxoTTo0GK-WQ	s1_Emg7d_Jf_PhuTZ0gxd1iR_zUYPBEZ8qEb6YnYdNHl5g	1un4QR	pathfinder-v0.3.0	-	qadv-arbiter-guided-7x7-v0.2.0	sha256:9c0e5e530df7db77a98f6a2e75fe63a6f629c6ad6563e0b5454793ebc243b14d	L	P	196
g1_BLKe_ZFoIF29xqXRFH0OJYnDaFwwRynmxoTTo0GK-WQ	s1_O3cuwuia8XT9TI7Nxr3tRcajOA20XFHEIT2fYX3WizY	1un3CR	pathfinder-v0.3.0	-	qadv-arbiter-guided-7x7-v0.2.0	sha256:9c0e5e530df7db77a98f6a2e75fe63a6f629c6ad6563e0b5454793ebc243b14d	L	P	196
g1_BLKe_ZFoIF29xqXRFH0OJYnDaFwwRynmxoTTo0GK-WQ	s1_Vtn6p5B30bbUD8YVO8sATSZoAgz4rVlBtDaUS3ASsh4	1un3CR	pathfinder-v0.3.0	-	qadv-arbiter-guided-7x7-v0.2.0	sha256:9c0e5e530df7db77a98f6a2e75fe63a6f629c6ad6563e0b5454793ebc243b14d	L	P	196
g1_BLKe_ZFoIF29xqXRFH0OJYnDaFwwRynmxoTTo0GK-WQ	s1_ZOg1lHiJ11bzDL4dNav6NXvvd0QkRLVHDFSDTYXUvpw	1un4QR	pathfinder-v0.3.0	-	qadv-arbiter-guided-7x7-v0.2.0	sha256:9c0e5e530df7db77a98f6a2e75fe63a6f629c6ad6563e0b5454793ebc243b14d	L	P	196
g1_BLOwSfr9yeHSDN5QcDUCJOFNUUZ9dlxP5GYq8FbMD10	s1_flXyOBW6T9LLVDFIvXBGel1MoVNZcUcMFIJnB9yLapU	1umxD4	python-gnn-puct-reval30k-v0.1.0	sha256:6120be86fc469df71473c3de64e5e32f99694cd47d621fa5948f243dc51d3d21	python-gnn-puct-reval30k-v0.1.0	sha256:6120be86fc469df71473c3de64e5e32f99694cd47d621fa5948f243dc51d3d21	L	P	196
g1_BLZ9tss0XRb7KOK4X5E8rjrTCptX3ETPoetPe_f6HRY	s1_2FtaP75xgRVTNrUvmC0NIesJCNy8IDFJ05WNM4nUnpg	1unQsv	pathfinder-v0.3.0	-	qadv-arbiter-7x7-v0.1.0	-	L	P	196
g1_BLZ9tss0XRb7KOK4X5E8rjrTCptX3ETPoetPe_f6HRY	s1_B8F0lOpek-7cBY289vQU4l4Wwxf6Jlf7sLrWePgZtPY	1unQsv	pathfinder-v0.3.0	-	qadv-arbiter-7x7-v0.1.0	-	L	P	196
g1_BLZ9tss0XRb7KOK4X5E8rjrTCptX3ETPoetPe_f6HRY	s1_RauLaTi4eVgYHSp2TV9pqs9uzTVv0B10g9TaHMWpcZ4	1unQsv	pathfinder-v0.3.0	-	qadv-arbiter-7x7-v0.1.0	-	L	P	-
g1_BLZ9tss0XRb7KOK4X5E8rjrTCptX3ETPoetPe_f6HRY	s1_fXS0pu6YxldZ_p4gfapMp2EHfw_jsMpDZJ0tjqI2PsE	1unQsv	pathfinder-v0.3.0	-	qadv-arbiter-7x7-v0.1.0	-	L	P	196
g1_BL_kze5smvIJzoEZHGIKaV-lG-MdxkmNHusH2ZNjgLM	s1_C8GnwI6FEgSVI32okjkUP_Q4F4J0CAjpcYcFNQAxExI	1unNEp	qadv-arbiter-7x7-rust-lambda-v0.1.0	-	qadv-arbiter-7x7-rust-lambda-v0.1.0	-	D	P	196
g1_BL_kze5smvIJzoEZHGIKaV-lG-MdxkmNHusH2ZNjgLM	s1_EyFF93H9eH2xHSId4PSeT2lsYuBA1DyzGj13DerFSLY	1unNEp	qadv-arbiter-7x7-rust-lambda-v0.1.0	-	qadv-arbiter-7x7-rust-lambda-v0.1.0	-	D	P	196
g1_BL_kze5smvIJzoEZHGIKaV-lG-MdxkmNHusH2ZNjgLM	s1_LchfO5_rS-W9zN4hmY1EXeuV-kOOYyxkPwWaPhFYzuw	1unNEp	qadv-arbiter-7x7-rust-lambda-v0.1.0	-	qadv-arbiter-7x7-rust-lambda-v0.1.0	-	D	P	196
g1_BL_kze5smvIJzoEZHGIKaV-lG-MdxkmNHusH2ZNjgLM	s1_RauLaTi4eVgYHSp2TV9pqs9uzTVv0B10g9TaHMWpcZ4	1unNEp	qadv-arbiter-7x7-rust-lambda-v0.1.0	-	qadv-arbiter-7x7-rust-lambda-v0.1.0	-	D	P	-
g1_BL_nyQ9rOp_g51fZPizhoHdhkcGau8M_p-YZIrCoDTo	s1_1av6nXQkq-GSHXfjkVlGHGpAq8F9UbW4JwZmyFA-vww	1DIY_	lunatic-v0.1.0	-	rust-pathfinder-v0.1.0	-	D	P	-
g1_BL_nyQ9rOp_g51fZPizhoHdhkcGau8M_p-YZIrCoDTo	s1_9Eroywf7tuDrn-hcfZPjlEa1DSRUykCRn9Z11u8ySIo	1DIY_	lunatic-v0.1.0	-	rust-pathfinder-v0.1.0	-	D	P	-
g1_BL_nyQ9rOp_g51fZPizhoHdhkcGau8M_p-YZIrCoDTo	s1_Brk0hkuJoH-MBjdd53AO5tlWcOgDWV_R0PO74fHGd_0	1DIY_	lunatic-v0.1.0	-	rust-pathfinder-v0.1.0	-	D	P	-
g1_BL_nyQ9rOp_g51fZPizhoHdhkcGau8M_p-YZIrCoDTo	s1_KmF8KhDbubz6lwdS8R_n_yTGdSONmH9B1wUABbyCj94	1DIY_	lunatic-v0.1.0	-	rust-pathfinder-v0.1.0	-	D	P	-
g1_BL_nyQ9rOp_g51fZPizhoHdhkcGau8M_p-YZIrCoDTo	s1_MKrI0a3Qd48rU7oZj28GrlQ3cHhIbUzS5ibiIW9aKy4	1DIY_	lunatic-v0.1.0	-	rust-pathfinder-v0.1.0	-	D	P	-
g1_BL_nyQ9rOp_g51fZPizhoHdhkcGau8M_p-YZIrCoDTo	s1_XloMUS0hxYEXf762lcPfaudsLmsH-CsOVZNVVU_obcA	1DIY_	lunatic-v0.1.0	-	rust-pathfinder-v0.1.0	-	D	P	-
g1_BL_nyQ9rOp_g51fZPizhoHdhkcGau8M_p-YZIrCoDTo	s1_g5pGkHBMEhzAYvwFY0b24sSc7wC9JfnWApMHHZ_aMPI	1DIY_	lunatic-v0.1.0	-	rust-pathfinder-v0.1.0	-	D	P	-
g1_BLaPURKKiWzPrRmvfkvCe9GFkSczoqVUFWm2yS4wMWE	s1_1av6nXQkq-GSHXfjkVlGHGpAq8F9UbW4JwZmyFA-vww	1umvGG	python-gnn-puct-scout-v0.1.0	sha256:b9f80706cc1f29076ee06fe06483697c749148a808c599579045d00a52573938	python-gnn-puct-scout-v0.1.0	sha256:b9f80706cc1f29076ee06fe06483697c749148a808c599579045d00a52573938	L	P	196
g1_BLaPURKKiWzPrRmvfkvCe9GFkSczoqVUFWm2yS4wMWE	s1_Brk0hkuJoH-MBjdd53AO5tlWcOgDWV_R0PO74fHGd_0	1umvGG	python-gnn-puct-scout-v0.1.0	sha256:b9f80706cc1f29076ee06fe06483697c749148a808c599579045d00a52573938	python-gnn-puct-scout-v0.1.0	sha256:b9f80706cc1f29076ee06fe06483697c749148a808c599579045d00a52573938	L	P	196
g1_BLaPURKKiWzPrRmvfkvCe9GFkSczoqVUFWm2yS4wMWE	s1_D_X-fTFZy6xuyGSC5jFyKBW6IP_59Jbomefazf4xu44	1umvGG	python-gnn-puct-scout-v0.1.0	sha256:b9f80706cc1f29076ee06fe06483697c749148a808c599579045d00a52573938	python-gnn-puct-scout-v0.1.0	sha256:b9f80706cc1f29076ee06fe06483697c749148a808c599579045d00a52573938	L	P	196
g1_BLkBPkkDIdTgIlnh913GHV_l-b0fe-D0nVj3yjr9ylE	s1_L23amtiCM2_uvBz-M4H1GVSZJe9ntNpdYTvqxyWDPhA	1unPpz	qadv-arbiter-7x7-rust-lambda-v0.1.0	-	qadv-arbiter-7x7-rust-lambda-v0.1.0	-	L	P	196
g1_BLkBPkkDIdTgIlnh913GHV_l-b0fe-D0nVj3yjr9ylE	s1_RauLaTi4eVgYHSp2TV9pqs9uzTVv0B10g9TaHMWpcZ4	1unPpz	qadv-arbiter-7x7-rust-lambda-v0.1.0	-	qadv-arbiter-7x7-rust-lambda-v0.1.0	-	L	P	-
g1_BLkBPkkDIdTgIlnh913GHV_l-b0fe-D0nVj3yjr9ylE	s1_a_hGpRORpg-bIkNCSTplfb8MboGCBQUtUk70hlntylY	1unPpz	qadv-arbiter-7x7-rust-lambda-v0.1.0	-	qadv-arbiter-7x7-rust-lambda-v0.1.0	-	L	P	196
g1_BLkBPkkDIdTgIlnh913GHV_l-b0fe-D0nVj3yjr9ylE	s1_bqyPcenoxwdVwQO8zb6kim1IupKNDZrL9OvDTHuIz-8	1unPpz	qadv-arbiter-7x7-rust-lambda-v0.1.0	-	qadv-arbiter-7x7-rust-lambda-v0.1.0	-	L	P	196
g1_BLnhdVVjnuhdMDHTXYEzwZS3IgogTUy1vYHLJSrguRk	s1_A3WRgc77nXGY06GZZCaxChTwkhsFw4E22IhXhyUWORk	1un2Dg	qadv-arbiter-guided-7x7-v0.2.0	sha256:9c0e5e530df7db77a98f6a2e75fe63a6f629c6ad6563e0b5454793ebc243b14d	pathfinder-v0.3.0	-	D	P	196
g1_BLnhdVVjnuhdMDHTXYEzwZS3IgogTUy1vYHLJSrguRk	s1_J9EF5676IM_wxOc02zG45LXeEd3FeuUD_sb4PARt5Zg	1un3xY	qadv-arbiter-guided-7x7-v0.2.0	sha256:9c0e5e530df7db77a98f6a2e75fe63a6f629c6ad6563e0b5454793ebc243b14d	pathfinder-v0.3.0	-	D	P	196
g1_BLnhdVVjnuhdMDHTXYEzwZS3IgogTUy1vYHLJSrguRk	s1_O3cuwuia8XT9TI7Nxr3tRcajOA20XFHEIT2fYX3WizY	1un2Dg	qadv-arbiter-guided-7x7-v0.2.0	sha256:9c0e5e530df7db77a98f6a2e75fe63a6f629c6ad6563e0b5454793ebc243b14d	pathfinder-v0.3.0	-	D	P	196
g1_BLnhdVVjnuhdMDHTXYEzwZS3IgogTUy1vYHLJSrguRk	s1_O4SvAs0bh9GZ516WNj6_O9F4oJqxR87mEnMYPcUrhuk	1un2Dg	qadv-arbiter-guided-7x7-v0.2.0	sha256:9c0e5e530df7db77a98f6a2e75fe63a6f629c6ad6563e0b5454793ebc243b14d	pathfinder-v0.3.0	-	D	P	196
g1_BLnhdVVjnuhdMDHTXYEzwZS3IgogTUy1vYHLJSrguRk	s1_vBzftZG0Bl9ZcDVZ1IICh3h95fLn4RxcOPWDBv8bIBo	1un3xY	qadv-arbiter-guided-7x7-v0.2.0	sha256:9c0e5e530df7db77a98f6a2e75fe63a6f629c6ad6563e0b5454793ebc243b14d	pathfinder-v0.3.0	-	D	P	196
g1_BLnkJ9HtNv-bAQO3jyo5yh-rbSxpUOkYCd5nNbMN-FA	s1_WVg7aYYLIrw6_-2mI3jQ-DPcLO4gX2sPEEqWQb0DGQA	1umxHm	python-cnn-puct-reval30k-v0.1.0	sha256:eb2600a53e225a835455efdb2759c40e27c5cb3c16ab0688bc21b99290ed10ee	python-cnn-puct-reval30k-v0.1.0	sha256:eb2600a53e225a835455efdb2759c40e27c5cb3c16ab0688bc21b99290ed10ee	L	P	196
g1_BLyu5tSvM1FfiK95T-620_PlqtrW5-ioo7p8krJFiQY	s1_6PxtazPxkizz7K9QTWPSCIopEV5n0zpHoq3F52yO_6U	1umwgA	python-cnn-puct-v0.1.0	sha256:7845e9b7687beee165dc36b8d21833b7a8b5a83e31b58b49bd05c277ba26e642	python-cnn-puct-v0.1.0	sha256:7845e9b7687beee165dc36b8d21833b7a8b5a83e31b58b49bd05c277ba26e642	D	P	196
g1_BLyu5tSvM1FfiK95T-620_PlqtrW5-ioo7p8krJFiQY	s1_baRgKA_wMXdl0r4AwdkUfhWC04qxd1MvEGXAQaDd4fo	1umwgA	python-cnn-puct-v0.1.0	sha256:7845e9b7687beee165dc36b8d21833b7a8b5a83e31b58b49bd05c277ba26e642	python-cnn-puct-v0.1.0	sha256:7845e9b7687beee165dc36b8d21833b7a8b5a83e31b58b49bd05c277ba26e642	D	P	196
g1_BM4i7HZAdcDLAmLqyM14JcE4ruxzFlJyKi7Ps_UHibc	s1_BXXtSbkz5KMQ6WqmS34aGZRCmXp1edtx3X7YAmN83nc	1unLtZ	qadv-arbiter-7x7-rust-lambda-v0.1.0	-	qadv-arbiter-7x7-rust-lambda-v0.1.0	-	L	P	196
g1_BM4i7HZAdcDLAmLqyM14JcE4ruxzFlJyKi7Ps_UHibc	s1_RauLaTi4eVgYHSp2TV9pqs9uzTVv0B10g9TaHMWpcZ4	1unLtZ	qadv-arbiter-7x7-rust-lambda-v0.1.0	-	qadv-arbiter-7x7-rust-lambda-v0.1.0	-	L	P	-
g1_BM4i7HZAdcDLAmLqyM14JcE4ruxzFlJyKi7Ps_UHibc	s1_dLJRHIyFM-cSUovGryUGh_PlpF7YgRhThTA95ZqXqNU	1unLtZ	qadv-arbiter-7x7-rust-lambda-v0.1.0	-	qadv-arbiter-7x7-rust-lambda-v0.1.0	-	L	P	196
g1_BM4i7HZAdcDLAmLqyM14JcE4ruxzFlJyKi7Ps_UHibc	s1_oR7b4pPIoA-IbfTzRpqMRerE_0Osx4IF_DzN7MTsliE	1unLtZ	qadv-arbiter-7x7-rust-lambda-v0.1.0	-	qadv-arbiter-7x7-rust-lambda-v0.1.0	-	L	P	196
g1_BM69IKoXbglRHnhau5gnm34mgnE4yFKbuRlmWWA7ph0	s1_7FIu85-v_e-kbNsQ2UNk3yRt-KGcLyUjpmVwIc9cnfM	1umw9u	python-gnn-puct-scout-v0.1.0	sha256:b9f80706cc1f29076ee06fe06483697c749148a808c599579045d00a52573938	python-gnn-puct-scout-v0.1.0	sha256:b9f80706cc1f29076ee06fe06483697c749148a808c599579045d00a52573938	D	P	196
g1_BM69IKoXbglRHnhau5gnm34mgnE4yFKbuRlmWWA7ph0	s1_S8AGNBNcWBvWiwIo-AOAHPoHuZo2XvcsYvhgQxGTkrY	1umw9u	python-gnn-puct-scout-v0.1.0	sha256:b9f80706cc1f29076ee06fe06483697c749148a808c599579045d00a52573938	python-gnn-puct-scout-v0.1.0	sha256:b9f80706cc1f29076ee06fe06483697c749148a808c599579045d00a52573938	D	P	196
g1_BMC12HVYEA_BbMmfC0BUABVcHqIJNRaecAX5GMBBizU	s1_1n94mvwCY85H9eVmBWCBHHII7-HwEC1L_Btc45piN7M	1unP47	qadv-arbiter-7x7-rust-lambda-v0.1.0	-	qadv-arbiter-7x7-rust-lambda-v0.1.0	-	L	P	196
g1_BMC12HVYEA_BbMmfC0BUABVcHqIJNRaecAX5GMBBizU	s1_R-DEvDvk1e8Ccp7Z5Xt3nv3yP0Ad1CLojCFOkHlTw8M	1unP47	qadv-arbiter-7x7-rust-lambda-v0.1.0	-	qadv-arbiter-7x7-rust-lambda-v0.1.0	-	L	P	196
g1_BMC12HVYEA_BbMmfC0BUABVcHqIJNRaecAX5GMBBizU	s1_RauLaTi4eVgYHSp2TV9pqs9uzTVv0B10g9TaHMWpcZ4	1unP47	qadv-arbiter-7x7-rust-lambda-v0.1.0	-	qadv-arbiter-7x7-rust-lambda-v0.1.0	-	L	P	-
g1_BMC12HVYEA_BbMmfC0BUABVcHqIJNRaecAX5GMBBizU	s1_YawMY2FsYW5r0PoeVblmPSHAa44OhzxEJrspz4XaQEw	1unP47	qadv-arbiter-7x7-rust-lambda-v0.1.0	-	qadv-arbiter-7x7-rust-lambda-v0.1.0	-	L	P	196
g1_BMHcevw7LQllgcmIwgkis1j2ay2uNw6C8Nsq5WuAf6w	s1_2FtaP75xgRVTNrUvmC0NIesJCNy8IDFJ05WNM4nUnpg	1unRCK	qadv-arbiter-7x7-v0.1.0	-	coin-flip-v0.0.1	-	L	P	196
g1_BMHcevw7LQllgcmIwgkis1j2ay2uNw6C8Nsq5WuAf6w	s1_FUrNR1PgP1LVLYCqCuO6YxlPBhJzuYFd3lzm9jAC768	1unRCK	qadv-arbiter-7x7-v0.1.0	-	coin-flip-v0.0.1	-	L	P	196
g1_BMHcevw7LQllgcmIwgkis1j2ay2uNw6C8Nsq5WuAf6w	s1_H9Mrx61IfT-Ptrbi8OxDU2KRaN3Ia-netHbWOi2au3c	1unRCK	qadv-arbiter-7x7-v0.1.0	-	coin-flip-v0.0.1	-	L	P	196
g1_BMHcevw7LQllgcmIwgkis1j2ay2uNw6C8Nsq5WuAf6w	s1_RauLaTi4eVgYHSp2TV9pqs9uzTVv0B10g9TaHMWpcZ4	1unRCK	qadv-arbiter-7x7-v0.1.0	-	coin-flip-v0.0.1	-	L	P	-
g1_BMHcevw7LQllgcmIwgkis1j2ay2uNw6C8Nsq5WuAf6w	s1_pH6dzHrCtEYHBEBVlYCixMvSbyp2VbmYXrnZ2ve190w	1unRCK	qadv-arbiter-7x7-v0.1.0	-	coin-flip-v0.0.1	-	L	P	196
g1_BMTe_dZATSIIrweOHudU29GVABxXlG2e0-B2VgQKqlo	s1_AS3ne8a-AkC3bpvjbjLggQwg6wWec88DwJhRSU5R18Y	1unMu9	qadv-arbiter-7x7-rust-lambda-v0.1.0	-	qadv-arbiter-7x7-rust-lambda-v0.1.0	-	D	P	196
g1_BMTe_dZATSIIrweOHudU29GVABxXlG2e0-B2VgQKqlo	s1_QD8i8PfAM4_nbJLvUBIelgqwx2LHUqIU7gO9wNPrboM	1unMu9	qadv-arbiter-7x7-rust-lambda-v0.1.0	-	qadv-arbiter-7x7-rust-lambda-v0.1.0	-	D	P	196
g1_BMTe_dZATSIIrweOHudU29GVABxXlG2e0-B2VgQKqlo	s1_RauLaTi4eVgYHSp2TV9pqs9uzTVv0B10g9TaHMWpcZ4	1unMu9	qadv-arbiter-7x7-rust-lambda-v0.1.0	-	qadv-arbiter-7x7-rust-lambda-v0.1.0	-	D	P	-
g1_BMTe_dZATSIIrweOHudU29GVABxXlG2e0-B2VgQKqlo	s1_ThUqUtW3GG_VTh9VXLJpxl4T7KU0WGwuxL_-L3fnGjA	1unMu9	qadv-arbiter-7x7-rust-lambda-v0.1.0	-	qadv-arbiter-7x7-rust-lambda-v0.1.0	-	D	P	196
g1_BMcPgNvS1DNAc1-Jo5AmYCbI8M0pV3zs2haVmOHVhsI	s1_1av6nXQkq-GSHXfjkVlGHGpAq8F9UbW4JwZmyFA-vww	1umvKH	gnn-warmstart-7x7	sha256:e000d50619c0241c30efdd1f5adb7a8b738c66859d33c3443c52a20f56fcc13a	surveyor-v0.2.0	-	D	P	196
g1_BMcPgNvS1DNAc1-Jo5AmYCbI8M0pV3zs2haVmOHVhsI	s1_Brk0hkuJoH-MBjdd53AO5tlWcOgDWV_R0PO74fHGd_0	1umvKH	gnn-warmstart-7x7	sha256:e000d50619c0241c30efdd1f5adb7a8b738c66859d33c3443c52a20f56fcc13a	surveyor-v0.2.0	-	D	P	196
g1_BMcPgNvS1DNAc1-Jo5AmYCbI8M0pV3zs2haVmOHVhsI	s1_QzXKB60HvV5g6-cJIu-NdpeFb1rCgFAJD1cxfdkoMm0	1umvKH	gnn-warmstart-7x7	sha256:e000d50619c0241c30efdd1f5adb7a8b738c66859d33c3443c52a20f56fcc13a	surveyor-v0.2.0	-	D	P	196
g1_BMe3pPL7rfF7sIISi96MuC96ww_YjD9hyMNHFPN5ORk	s1_A38wabrriUhwKri_CJzgMVt4zr29WTD7O13L68Iq_9Q	1unNJU	qadv-arbiter-7x7-rust-lambda-v0.1.0	-	qadv-arbiter-7x7-rust-lambda-v0.1.0	-	D	P	196
g1_BMe3pPL7rfF7sIISi96MuC96ww_YjD9hyMNHFPN5ORk	s1_RauLaTi4eVgYHSp2TV9pqs9uzTVv0B10g9TaHMWpcZ4	1unNJU	qadv-arbiter-7x7-rust-lambda-v0.1.0	-	qadv-arbiter-7x7-rust-lambda-v0.1.0	-	D	P	-
g1_BMe3pPL7rfF7sIISi96MuC96ww_YjD9hyMNHFPN5ORk	s1_WOFsKIg1S_FiaFDa-Z2FALY-xuL8dcHqahBKN-YM0Kw	1unNJU	qadv-arbiter-7x7-rust-lambda-v0.1.0	-	qadv-arbiter-7x7-rust-lambda-v0.1.0	-	D	P	196
g1_BMe3pPL7rfF7sIISi96MuC96ww_YjD9hyMNHFPN5ORk	s1_vzKsBu3TrylPDjRK39UjkZ6ct0Hgh1OLvgkTGjx55m0	1unNJU	qadv-arbiter-7x7-rust-lambda-v0.1.0	-	qadv-arbiter-7x7-rust-lambda-v0.1.0	-	D	P	196
g1_BMeOusP1VU1xroBG62dCY6ev-1CqrdpuUWKPYue9wW4	s1_4pyS3OyZSLC4FERacB7VOMXZgeO_ARpUq08uyhDZ2Ho	1unO4p	qadv-arbiter-7x7-rust-lambda-v0.1.0	-	qadv-arbiter-7x7-rust-lambda-v0.1.0	-	L	P	196
g1_BMeOusP1VU1xroBG62dCY6ev-1CqrdpuUWKPYue9wW4	s1_5WAhtH6ic61Kh7WWsa2J_HjeZSs9jUnt_AyBcEnhFvU	1unO4p	qadv-arbiter-7x7-rust-lambda-v0.1.0	-	qadv-arbiter-7x7-rust-lambda-v0.1.0	-	L	P	196
g1_BMeOusP1VU1xroBG62dCY6ev-1CqrdpuUWKPYue9wW4	s1_O12urQJBJOB5NXTTQbSLnZMAptux-t_sL54RxXG8GxA	1unO4p	qadv-arbiter-7x7-rust-lambda-v0.1.0	-	qadv-arbiter-7x7-rust-lambda-v0.1.0	-	L	P	196
g1_BMeOusP1VU1xroBG62dCY6ev-1CqrdpuUWKPYue9wW4	s1_RauLaTi4eVgYHSp2TV9pqs9uzTVv0B10g9TaHMWpcZ4	1unO4p	qadv-arbiter-7x7-rust-lambda-v0.1.0	-	qadv-arbiter-7x7-rust-lambda-v0.1.0	-	L	P	-
g1_BMo6Rq51xpQcEd8HRvQC9Nu_dree1SLAaDR-qp9_HY8	s1_5g5u2SG58NzRe8R8LK2XazN15sfwLFld3pr_r4qe-lw	1unP9g	qadv-arbiter-7x7-rust-lambda-v0.1.0	-	qadv-arbiter-7x7-rust-lambda-v0.1.0	-	D	P	196
g1_BMo6Rq51xpQcEd8HRvQC9Nu_dree1SLAaDR-qp9_HY8	s1_RauLaTi4eVgYHSp2TV9pqs9uzTVv0B10g9TaHMWpcZ4	1unP9g	qadv-arbiter-7x7-rust-lambda-v0.1.0	-	qadv-arbiter-7x7-rust-lambda-v0.1.0	-	D	P	-
g1_BMo6Rq51xpQcEd8HRvQC9Nu_dree1SLAaDR-qp9_HY8	s1_kUAd9XaXztElmwCFQLTCQFricWiZiluR5DcM9L_nqrA	1unP9g	qadv-arbiter-7x7-rust-lambda-v0.1.0	-	qadv-arbiter-7x7-rust-lambda-v0.1.0	-	D	P	196
g1_BMo6Rq51xpQcEd8HRvQC9Nu_dree1SLAaDR-qp9_HY8	s1_n7rie0MAYkjUxSCSmm9ZwN6g3ElWGhTPcUnC_wM6XUM	1unP9g	qadv-arbiter-7x7-rust-lambda-v0.1.0	-	qadv-arbiter-7x7-rust-lambda-v0.1.0	-	D	P	196
g1_BMtghN989hLm_COsdtgz9q4wAlE70NtsZMNqIAJcQCQ	s1_R4Dy7K6qHlb3-ELIhoIXMSOoOxXiFbULnhOrTL1h5MM	1unOvP	qadv-arbiter-7x7-rust-lambda-v0.1.0	-	qadv-arbiter-7x7-rust-lambda-v0.1.0	-	D	P	196
g1_BMtghN989hLm_COsdtgz9q4wAlE70NtsZMNqIAJcQCQ	s1_RauLaTi4eVgYHSp2TV9pqs9uzTVv0B10g9TaHMWpcZ4	1unOvP	qadv-arbiter-7x7-rust-lambda-v0.1.0	-	qadv-arbiter-7x7-rust-lambda-v0.1.0	-	D	P	-
g1_BMtghN989hLm_COsdtgz9q4wAlE70NtsZMNqIAJcQCQ	s1_bUBcaEELxcOwUSLvuWP5CuY89Pz6oFCJJbNpbzi2KQM	1unOvP	qadv-arbiter-7x7-rust-lambda-v0.1.0	-	qadv-arbiter-7x7-rust-lambda-v0.1.0	-	D	P	196
g1_BMtghN989hLm_COsdtgz9q4wAlE70NtsZMNqIAJcQCQ	s1_uRydFHCGviz5QymmWSdlZrIeCxRb2lWtWoOheDFnDG8	1unOvP	qadv-arbiter-7x7-rust-lambda-v0.1.0	-	qadv-arbiter-7x7-rust-lambda-v0.1.0	-	D	P	196
g1_BMyOyfj80ENuadLuGXOFaaRBEJFi-1-qad68O7swFiE	s1_1LB6NAgPOeCp4r8rQw4kUOIXWpEdWysFm5RZjWCQSgc	1umwdQ	python-gnn-puct-learner-v0.1.0	sha256:ab0f739cd33d66781faf60e27797c5ccba3c04ba684f8d9e32e9c2754f4e8956	python-gnn-puct-learner-v0.1.0	sha256:ab0f739cd33d66781faf60e27797c5ccba3c04ba684f8d9e32e9c2754f4e8956	L	P	196
g1_BMyOyfj80ENuadLuGXOFaaRBEJFi-1-qad68O7swFiE	s1_P4NHYhwuVnEA-dG2X-UVeVotb84A5mwljbYTlTMqr8w	1umwdQ	python-gnn-puct-learner-v0.1.0	sha256:ab0f739cd33d66781faf60e27797c5ccba3c04ba684f8d9e32e9c2754f4e8956	python-gnn-puct-learner-v0.1.0	sha256:ab0f739cd33d66781faf60e27797c5ccba3c04ba684f8d9e32e9c2754f4e8956	L	P	196
g1_BN74xJaqaZ5wGxyqnNwrY9R9tTTnY-ZO_L7fqTRaw8U	s1_2FtaP75xgRVTNrUvmC0NIesJCNy8IDFJ05WNM4nUnpg	1unR0v	lunatic-v0.1.0	-	qadv-arbiter-7x7-v0.1.0	-	L	P	196
g1_BN74xJaqaZ5wGxyqnNwrY9R9tTTnY-ZO_L7fqTRaw8U	s1_CV6b1RHS4s_6AGVRWT6clQA2-88jogVlkkZFwTnyUMM	1unR0v	lunatic-v0.1.0	-	qadv-arbiter-7x7-v0.1.0	-	L	P	196
g1_BN74xJaqaZ5wGxyqnNwrY9R9tTTnY-ZO_L7fqTRaw8U	s1_RauLaTi4eVgYHSp2TV9pqs9uzTVv0B10g9TaHMWpcZ4	1unR0v	lunatic-v0.1.0	-	qadv-arbiter-7x7-v0.1.0	-	L	P	-
g1_BN74xJaqaZ5wGxyqnNwrY9R9tTTnY-ZO_L7fqTRaw8U	s1_e9HxcVCcr66jMWhr0YCKDlPytlJjLBoVTSXM4U_Nwfo	1unR0v	lunatic-v0.1.0	-	qadv-arbiter-7x7-v0.1.0	-	L	P	196
g1_BNAKHPZB9kQg3cMLXkZUriKsAVsmWAwGrMBCpALMIWw	s1_Qmoz3nLvbLcY_1rcqMtpMJDvTQydhL5cxUNWV6EhpMY	1umwnf	qadv-arbiter-7x7-v0.1.0	sha256:8c548d06307572603b839755cc1e50393285365e10f82bcd90290ca65cd86266	qadv-arbiter-7x7-v0.1.0	sha256:8c548d06307572603b839755cc1e50393285365e10f82bcd90290ca65cd86266	D	P	196
g1_BNJWENow0o4JGXC3ESyJIF8HTIiRxw1xaAtpPVn_8Qk	s1_FGKLVIQijG_o9uhRMBZcjjeokOGDkgat2hArLPNXrBA	1unNa_	qadv-arbiter-7x7-rust-lambda-v0.1.0	-	qadv-arbiter-7x7-rust-lambda-v0.1.0	-	D	P	196
g1_BNJWENow0o4JGXC3ESyJIF8HTIiRxw1xaAtpPVn_8Qk	s1_IcS-vHrUWzRjgWlq2J8Ty8hr3kcu56RE9BKklc0UU1E	1unNa_	qadv-arbiter-7x7-rust-lambda-v0.1.0	-	qadv-arbiter-7x7-rust-lambda-v0.1.0	-	D	P	196
g1_BNJWENow0o4JGXC3ESyJIF8HTIiRxw1xaAtpPVn_8Qk	s1_KwQjXi6-d3p0tugAM4GPFH87CZ-_XcGYKIT-67xfVAY	1unNa_	qadv-arbiter-7x7-rust-lambda-v0.1.0	-	qadv-arbiter-7x7-rust-lambda-v0.1.0	-	D	P	196
g1_BNJWENow0o4JGXC3ESyJIF8HTIiRxw1xaAtpPVn_8Qk	s1_RauLaTi4eVgYHSp2TV9pqs9uzTVv0B10g9TaHMWpcZ4	1unNa_	qadv-arbiter-7x7-rust-lambda-v0.1.0	-	qadv-arbiter-7x7-rust-lambda-v0.1.0	-	D	P	-
g1_BNUeDyUc3czNEV2i2WjcqXTOEogtiL2v6XaDdslkiLw	s1_RauLaTi4eVgYHSp2TV9pqs9uzTVv0B10g9TaHMWpcZ4	1unOuH	qadv-arbiter-7x7-rust-lambda-v0.1.0	-	qadv-arbiter-7x7-rust-lambda-v0.1.0	-	L	P	-
g1_BNUeDyUc3czNEV2i2WjcqXTOEogtiL2v6XaDdslkiLw	s1_YOll5nKcHuBxGM_JI-17sK6OBAcOy7HPpcxeGXDvGrg	1unOuH	qadv-arbiter-7x7-rust-lambda-v0.1.0	-	qadv-arbiter-7x7-rust-lambda-v0.1.0	-	L	P	196
g1_BNUeDyUc3czNEV2i2WjcqXTOEogtiL2v6XaDdslkiLw	s1_jJvW8nd_hXvx7Fd27wB-VwEApaqBcUDmQWQovC110Bc	1unOuH	qadv-arbiter-7x7-rust-lambda-v0.1.0	-	qadv-arbiter-7x7-rust-lambda-v0.1.0	-	L	P	196
g1_BNUeDyUc3czNEV2i2WjcqXTOEogtiL2v6XaDdslkiLw	s1_llmGSKGGynjvfTD7WVqhBFEe4Hr-B08EtdaD0Z4asJo	1unOuH	qadv-arbiter-7x7-rust-lambda-v0.1.0	-	qadv-arbiter-7x7-rust-lambda-v0.1.0	-	L	P	196
g1_BNWvFR1FQA940MykqKDkmGlyITiSQJTWEvExQiv5LfY	s1_1av6nXQkq-GSHXfjkVlGHGpAq8F9UbW4JwZmyFA-vww	1umvNJ	python-gnn-puct-learner-v0.1.0	sha256:ab0f739cd33d66781faf60e27797c5ccba3c04ba684f8d9e32e9c2754f4e8956	python-gnn-puct-learner-v0.1.0	sha256:ab0f739cd33d66781faf60e27797c5ccba3c04ba684f8d9e32e9c2754f4e8956	-	M	196
g1_BNWvFR1FQA940MykqKDkmGlyITiSQJTWEvExQiv5LfY	s1_QBFUsDtxokERlDOdQkleYbPvhJ-vIp2qmp6DXjS-7oM	1umvNJ	python-gnn-puct-learner-v0.1.0	sha256:ab0f739cd33d66781faf60e27797c5ccba3c04ba684f8d9e32e9c2754f4e8956	python-gnn-puct-learner-v0.1.0	sha256:ab0f739cd33d66781faf60e27797c5ccba3c04ba684f8d9e32e9c2754f4e8956	-	M	196
g1_BNWvFR1FQA940MykqKDkmGlyITiSQJTWEvExQiv5LfY	s1_mWPTef6xYbijjPhDIC6QgLRmu2mMSJAokNlIkx3vg54	1umvNJ	python-gnn-puct-learner-v0.1.0	sha256:ab0f739cd33d66781faf60e27797c5ccba3c04ba684f8d9e32e9c2754f4e8956	python-gnn-puct-learner-v0.1.0	sha256:ab0f739cd33d66781faf60e27797c5ccba3c04ba684f8d9e32e9c2754f4e8956	-	M	196
g1_BNYeSFvY4VhLEd635MmtBx9--rivCpDiocLamVQDMo4	s1_qlXOm8swsynIEOuo0C8MKi1O2GiIqKv6v_pvifGVbi8	1umvg8	qadv-arbiter-7x7-v0.1.0	sha256:106ae7f87d4ce4933eb8386d07577fd3b4a13cfdebd0ea547d668783d9b6e6f2	pathfinder-v0.3.0	-	D	P	196
g1_BNYeSFvY4VhLEd635MmtBx9--rivCpDiocLamVQDMo4	s1_qlXOm8swsynIEOuo0C8MKi1O2GiIqKv6v_pvifGVbi8	1umvgA	qadv-arbiter-7x7-v0.1.0	sha256:106ae7f87d4ce4933eb8386d07577fd3b4a13cfdebd0ea547d668783d9b6e6f2	pathfinder-v0.3.0	-	D	P	196
g1_BNbi2GRMXXj2AzD3gpTwjDGd-t0Fs9L0E08ulJBRZiQ	s1_1xMU3L5Tgn9SJUUmCbR6ftQd19hRILJ2fJz0u04Uy2Q	1unNe3	qadv-arbiter-7x7-rust-lambda-v0.1.0	-	qadv-arbiter-7x7-rust-lambda-v0.1.0	-	L	P	196
g1_BNbi2GRMXXj2AzD3gpTwjDGd-t0Fs9L0E08ulJBRZiQ	s1_Lz1-UOXqS2ePp-0fDybcZQC42IoqBThj5EZHU0uS-0A	1unNe3	qadv-arbiter-7x7-rust-lambda-v0.1.0	-	qadv-arbiter-7x7-rust-lambda-v0.1.0	-	L	P	196
g1_BNbi2GRMXXj2AzD3gpTwjDGd-t0Fs9L0E08ulJBRZiQ	s1_RauLaTi4eVgYHSp2TV9pqs9uzTVv0B10g9TaHMWpcZ4	1unNe3	qadv-arbiter-7x7-rust-lambda-v0.1.0	-	qadv-arbiter-7x7-rust-lambda-v0.1.0	-	L	P	-
g1_BNbi2GRMXXj2AzD3gpTwjDGd-t0Fs9L0E08ulJBRZiQ	s1_mh5rHAkr5HYrt4gp0BPJCGKvdgpvlCUG0xDMWD87sSg	1unNe3	qadv-arbiter-7x7-rust-lambda-v0.1.0	-	qadv-arbiter-7x7-rust-lambda-v0.1.0	-	L	P	196
g1_BNe_-RnJGO1xyqULc2PLFOtwS2wFUYw1ptF55LznyzM	s1_FMD4IAFka0FgB5rJKH79XUg7c8iave4vh4NpUdmlkIg	1unMRT	qadv-arbiter-7x7-rust-lambda-v0.1.0	-	qadv-arbiter-7x7-rust-lambda-v0.1.0	-	D	P	196
g1_BNe_-RnJGO1xyqULc2PLFOtwS2wFUYw1ptF55LznyzM	s1_RauLaTi4eVgYHSp2TV9pqs9uzTVv0B10g9TaHMWpcZ4	1unMRT	qadv-arbiter-7x7-rust-lambda-v0.1.0	-	qadv-arbiter-7x7-rust-lambda-v0.1.0	-	D	P	-
g1_BNe_-RnJGO1xyqULc2PLFOtwS2wFUYw1ptF55LznyzM	s1_faFvQlgRHVBTFGbqGC1oYbPe5DU0cQoV_PEn-6SLzCE	1unMRT	qadv-arbiter-7x7-rust-lambda-v0.1.0	-	qadv-arbiter-7x7-rust-lambda-v0.1.0	-	D	P	196
g1_BNe_-RnJGO1xyqULc2PLFOtwS2wFUYw1ptF55LznyzM	s1_iyq-QB2frenRUPGeNvKOZWrtzoyUZ0GjMwTNJyYT6-g	1unMRT	qadv-arbiter-7x7-rust-lambda-v0.1.0	-	qadv-arbiter-7x7-rust-lambda-v0.1.0	-	D	P	196
g1_BNp3Gw_tYdswb6fj7FbXkbUmyochX--m92Y3eNnzmo0	s1_61SfmtZbhmymwk2ercL336t-_opn7CvCJkLJ4oMSvOk	1unOjJ	qadv-arbiter-7x7-rust-lambda-v0.1.0	-	qadv-arbiter-7x7-rust-lambda-v0.1.0	-	L	P	196
g1_BNp3Gw_tYdswb6fj7FbXkbUmyochX--m92Y3eNnzmo0	s1_7_aoNqWRJUgWX8aE-dG4ojg7wsNfzuyehv8Kfy72z1Q	1unOjJ	qadv-arbiter-7x7-rust-lambda-v0.1.0	-	qadv-arbiter-7x7-rust-lambda-v0.1.0	-	L	P	196
g1_BNp3Gw_tYdswb6fj7FbXkbUmyochX--m92Y3eNnzmo0	s1_PhMPNHdAMh4ind47jAG02SclUQrvzJ22R-1xmABoW80	1unOjJ	qadv-arbiter-7x7-rust-lambda-v0.1.0	-	qadv-arbiter-7x7-rust-lambda-v0.1.0	-	L	P	196
g1_BNp3Gw_tYdswb6fj7FbXkbUmyochX--m92Y3eNnzmo0	s1_RauLaTi4eVgYHSp2TV9pqs9uzTVv0B10g9TaHMWpcZ4	1unOjJ	qadv-arbiter-7x7-rust-lambda-v0.1.0	-	qadv-arbiter-7x7-rust-lambda-v0.1.0	-	L	P	-
g1_BNr3u_HN1Svi-NoXiOS4XhFZp3tYYZ0SwVBeHuvAHwU	s1_A6Pdi-5XTqkkjjYgnZkpdFtBbOT3vcs3XV6sfAhDiNk	1un3Cb	pathfinder-v0.3.0	-	qadv-arbiter-guided-7x7-v0.2.0	sha256:9c0e5e530df7db77a98f6a2e75fe63a6f629c6ad6563e0b5454793ebc243b14d	L	P	196
g1_BNr3u_HN1Svi-NoXiOS4XhFZp3tYYZ0SwVBeHuvAHwU	s1_O3cuwuia8XT9TI7Nxr3tRcajOA20XFHEIT2fYX3WizY	1un3Cb	pathfinder-v0.3.0	-	qadv-arbiter-guided-7x7-v0.2.0	sha256:9c0e5e530df7db77a98f6a2e75fe63a6f629c6ad6563e0b5454793ebc243b14d	L	P	196
g1_BNr3u_HN1Svi-NoXiOS4XhFZp3tYYZ0SwVBeHuvAHwU	s1_Vtn6p5B30bbUD8YVO8sATSZoAgz4rVlBtDaUS3ASsh4	1un3Cb	pathfinder-v0.3.0	-	qadv-arbiter-guided-7x7-v0.2.0	sha256:9c0e5e530df7db77a98f6a2e75fe63a6f629c6ad6563e0b5454793ebc243b14d	L	P	196
g1_BNv_k50LZuGxgttmQGgkLGaBWWaQ4jifWoGpIRE5TBA	s1_RauLaTi4eVgYHSp2TV9pqs9uzTVv0B10g9TaHMWpcZ4	1unNK4	qadv-arbiter-7x7-rust-lambda-v0.1.0	-	qadv-arbiter-7x7-rust-lambda-v0.1.0	-	D	P	-
g1_BNv_k50LZuGxgttmQGgkLGaBWWaQ4jifWoGpIRE5TBA	s1_XMxQ3PwG4n4HUj_wsMoK1bqoY5-5-2ZHqZiMnXqYDoU	1unNK4	qadv-arbiter-7x7-rust-lambda-v0.1.0	-	qadv-arbiter-7x7-rust-lambda-v0.1.0	-	D	P	196
g1_BNv_k50LZuGxgttmQGgkLGaBWWaQ4jifWoGpIRE5TBA	s1_iy1s-uNcS_F1rK49fBk1tWcIh2Y-b_RFYBdLs9yj06M	1unNK4	qadv-arbiter-7x7-rust-lambda-v0.1.0	-	qadv-arbiter-7x7-rust-lambda-v0.1.0	-	D	P	196
g1_BNv_k50LZuGxgttmQGgkLGaBWWaQ4jifWoGpIRE5TBA	s1_tyvcc_aREQRsKv92h98aBeXYF5fD6UX9YLimbAymXXI	1unNK4	qadv-arbiter-7x7-rust-lambda-v0.1.0	-	qadv-arbiter-7x7-rust-lambda-v0.1.0	-	D	P	196
g1_BOFv-u4xU5qit4MYimhIq5hMOTkLfiKJKj5ceujZYgw	s1_7FIu85-v_e-kbNsQ2UNk3yRt-KGcLyUjpmVwIc9cnfM	1umwLj	python-gnn-puct-scout-v0.1.0	sha256:b9f80706cc1f29076ee06fe06483697c749148a808c599579045d00a52573938	python-gnn-puct-scout-v0.1.0	sha256:b9f80706cc1f29076ee06fe06483697c749148a808c599579045d00a52573938	L	P	196
g1_BOFv-u4xU5qit4MYimhIq5hMOTkLfiKJKj5ceujZYgw	s1_S8AGNBNcWBvWiwIo-AOAHPoHuZo2XvcsYvhgQxGTkrY	1umwLj	python-gnn-puct-scout-v0.1.0	sha256:b9f80706cc1f29076ee06fe06483697c749148a808c599579045d00a52573938	python-gnn-puct-scout-v0.1.0	sha256:b9f80706cc1f29076ee06fe06483697c749148a808c599579045d00a52573938	L	P	196
g1_BOM41KzHKNAAyExgNvMOoSb6UGOmvZ9_PB5LUVl7Rhk	s1_WVg7aYYLIrw6_-2mI3jQ-DPcLO4gX2sPEEqWQb0DGQA	1umxT9	python-cnn-puct-reval30k-v0.1.0	sha256:eb2600a53e225a835455efdb2759c40e27c5cb3c16ab0688bc21b99290ed10ee	python-cnn-puct-reval30k-v0.1.0	sha256:eb2600a53e225a835455efdb2759c40e27c5cb3c16ab0688bc21b99290ed10ee	L	P	196
g1_BOQ91YKYOifaQXgQ6b6ZzlA-FTV2v6bXZWm7jijZqc0	s1_WVg7aYYLIrw6_-2mI3jQ-DPcLO4gX2sPEEqWQb0DGQA	1umxKG	python-cnn-puct-reval30k-v0.1.0	sha256:eb2600a53e225a835455efdb2759c40e27c5cb3c16ab0688bc21b99290ed10ee	python-cnn-puct-reval30k-v0.1.0	sha256:eb2600a53e225a835455efdb2759c40e27c5cb3c16ab0688bc21b99290ed10ee	L	P	196
g1_BOQAPXEFam720q_8nWyYAczXuKqOPcA31IS6wtOWIYI	s1_O3cuwuia8XT9TI7Nxr3tRcajOA20XFHEIT2fYX3WizY	1un67D	gnn-reval30k-7x7	sha256:7f41dbe135649d1116a0914bc0358a5ffae95749195ec20dd972035bbbea52f7	qadv-arbiter-guided-7x7-v0.2.0	sha256:9c0e5e530df7db77a98f6a2e75fe63a6f629c6ad6563e0b5454793ebc243b14d	D	P	196
g1_BOQAPXEFam720q_8nWyYAczXuKqOPcA31IS6wtOWIYI	s1_kxcCOPI6kb3Yfxj3JAw9tOeotFWkcd3kTNwqviSbgzw	1un67D	gnn-reval30k-7x7	sha256:7f41dbe135649d1116a0914bc0358a5ffae95749195ec20dd972035bbbea52f7	qadv-arbiter-guided-7x7-v0.2.0	sha256:9c0e5e530df7db77a98f6a2e75fe63a6f629c6ad6563e0b5454793ebc243b14d	D	P	196
g1_BOQAPXEFam720q_8nWyYAczXuKqOPcA31IS6wtOWIYI	s1_nUa3ws3Gs99-zHf-hPvDSLVlIEJGXiOY79LgG2mno4c	1un67D	gnn-reval30k-7x7	sha256:7f41dbe135649d1116a0914bc0358a5ffae95749195ec20dd972035bbbea52f7	qadv-arbiter-guided-7x7-v0.2.0	sha256:9c0e5e530df7db77a98f6a2e75fe63a6f629c6ad6563e0b5454793ebc243b14d	D	P	196
g1_BORJw-eLgdIyL4fQV-e1GFdnZ_9fDsKR6j3qNWCXMyo	s1_8C5e5j9rUTo0ZH39vUWH8PuJ7_q4p-IPH9CTdFgzpNg	1unOTG	qadv-arbiter-7x7-rust-lambda-v0.1.0	-	qadv-arbiter-7x7-rust-lambda-v0.1.0	-	L	P	196
g1_BORJw-eLgdIyL4fQV-e1GFdnZ_9fDsKR6j3qNWCXMyo	s1_RauLaTi4eVgYHSp2TV9pqs9uzTVv0B10g9TaHMWpcZ4	1unOTG	qadv-arbiter-7x7-rust-lambda-v0.1.0	-	qadv-arbiter-7x7-rust-lambda-v0.1.0	-	L	P	-
g1_BORJw-eLgdIyL4fQV-e1GFdnZ_9fDsKR6j3qNWCXMyo	s1_TjTe1k_eidaEMr9dhX5hGsfKUpEXJVGExIcLhHvPGjI	1unOTG	qadv-arbiter-7x7-rust-lambda-v0.1.0	-	qadv-arbiter-7x7-rust-lambda-v0.1.0	-	L	P	196
g1_BORJw-eLgdIyL4fQV-e1GFdnZ_9fDsKR6j3qNWCXMyo	s1_Z0C5KYs60Rcp-aUb9znSkzHCShwBEmHBmm1IO3q1XfY	1unOTG	qadv-arbiter-7x7-rust-lambda-v0.1.0	-	qadv-arbiter-7x7-rust-lambda-v0.1.0	-	L	P	196
g1_BORxFyl8mnP2v5Q46JJqPSIbs4OPaA7rwxkFCBgsV-A	s1_6PxtazPxkizz7K9QTWPSCIopEV5n0zpHoq3F52yO_6U	1umwoA	python-cnn-puct-v0.1.0	sha256:7845e9b7687beee165dc36b8d21833b7a8b5a83e31b58b49bd05c277ba26e642	python-cnn-puct-v0.1.0	sha256:7845e9b7687beee165dc36b8d21833b7a8b5a83e31b58b49bd05c277ba26e642	L	P	196
g1_BORxFyl8mnP2v5Q46JJqPSIbs4OPaA7rwxkFCBgsV-A	s1_baRgKA_wMXdl0r4AwdkUfhWC04qxd1MvEGXAQaDd4fo	1umwoA	python-cnn-puct-v0.1.0	sha256:7845e9b7687beee165dc36b8d21833b7a8b5a83e31b58b49bd05c277ba26e642	python-cnn-puct-v0.1.0	sha256:7845e9b7687beee165dc36b8d21833b7a8b5a83e31b58b49bd05c277ba26e642	L	P	196
g1_BOSyJWb-qQZwNgOOFfRQXBXb_l9yb-4sowR_consRdw	s1_1LB6NAgPOeCp4r8rQw4kUOIXWpEdWysFm5RZjWCQSgc	1umweS	python-gnn-puct-learner-v0.1.0	sha256:ab0f739cd33d66781faf60e27797c5ccba3c04ba684f8d9e32e9c2754f4e8956	python-gnn-puct-learner-v0.1.0	sha256:ab0f739cd33d66781faf60e27797c5ccba3c04ba684f8d9e32e9c2754f4e8956	D	P	196
g1_BOSyJWb-qQZwNgOOFfRQXBXb_l9yb-4sowR_consRdw	s1_P4NHYhwuVnEA-dG2X-UVeVotb84A5mwljbYTlTMqr8w	1umweS	python-gnn-puct-learner-v0.1.0	sha256:ab0f739cd33d66781faf60e27797c5ccba3c04ba684f8d9e32e9c2754f4e8956	python-gnn-puct-learner-v0.1.0	sha256:ab0f739cd33d66781faf60e27797c5ccba3c04ba684f8d9e32e9c2754f4e8956	D	P	196
g1_BOZ8yYBvxyTlP-XWdW5c8n2PyPLCju5_6VRpnSvGcFk	s1_LlHso-BnfrR5Oi-xeOdE4VqbBmL_VXofe9ZN6mv8Mng	1unNE0	qadv-arbiter-7x7-rust-lambda-v0.1.0	-	qadv-arbiter-7x7-rust-lambda-v0.1.0	-	L	P	196
g1_BOZ8yYBvxyTlP-XWdW5c8n2PyPLCju5_6VRpnSvGcFk	s1_PHc14mIe-uTc0YQ9mVNm1GAPiqIefximCBuVxDBhPsI	1unNE0	qadv-arbiter-7x7-rust-lambda-v0.1.0	-	qadv-arbiter-7x7-rust-lambda-v0.1.0	-	L	P	196
g1_BOZ8yYBvxyTlP-XWdW5c8n2PyPLCju5_6VRpnSvGcFk	s1_RauLaTi4eVgYHSp2TV9pqs9uzTVv0B10g9TaHMWpcZ4	1unNE0	qadv-arbiter-7x7-rust-lambda-v0.1.0	-	qadv-arbiter-7x7-rust-lambda-v0.1.0	-	L	P	-
g1_BOZ8yYBvxyTlP-XWdW5c8n2PyPLCju5_6VRpnSvGcFk	s1_siKqktlPiGnltlhT4lD3RV13101eoksC27I_-rWvVBo	1unNE0	qadv-arbiter-7x7-rust-lambda-v0.1.0	-	qadv-arbiter-7x7-rust-lambda-v0.1.0	-	L	P	196
g1_BOhrcSvtr0SPWwEf2qtsKypIQ_G5Q_B8MMBHJQ_KVI4	s1_6PxtazPxkizz7K9QTWPSCIopEV5n0zpHoq3F52yO_6U	1umwjR	python-cnn-puct-v0.1.0	sha256:7845e9b7687beee165dc36b8d21833b7a8b5a83e31b58b49bd05c277ba26e642	python-cnn-puct-v0.1.0	sha256:7845e9b7687beee165dc36b8d21833b7a8b5a83e31b58b49bd05c277ba26e642	L	P	196
g1_BOhrcSvtr0SPWwEf2qtsKypIQ_G5Q_B8MMBHJQ_KVI4	s1_baRgKA_wMXdl0r4AwdkUfhWC04qxd1MvEGXAQaDd4fo	1umwjR	python-cnn-puct-v0.1.0	sha256:7845e9b7687beee165dc36b8d21833b7a8b5a83e31b58b49bd05c277ba26e642	python-cnn-puct-v0.1.0	sha256:7845e9b7687beee165dc36b8d21833b7a8b5a83e31b58b49bd05c277ba26e642	L	P	196
g1_BOsxpTq_kXNlA1fS1eM8IsFHhc2XCRWcS_P-vkrW0nk	s1_HgLwcR48-hZ6yITmL-gNmT5OuIQxrrwlqk8Ga_6l2SA	1un2iP	pathfinder-v0.3.0	-	qadv-arbiter-guided-7x7-v0.2.0	sha256:9c0e5e530df7db77a98f6a2e75fe63a6f629c6ad6563e0b5454793ebc243b14d	L	P	196
g1_BOsxpTq_kXNlA1fS1eM8IsFHhc2XCRWcS_P-vkrW0nk	s1_O3cuwuia8XT9TI7Nxr3tRcajOA20XFHEIT2fYX3WizY	1un2iP	pathfinder-v0.3.0	-	qadv-arbiter-guided-7x7-v0.2.0	sha256:9c0e5e530df7db77a98f6a2e75fe63a6f629c6ad6563e0b5454793ebc243b14d	L	P	196
g1_BOsxpTq_kXNlA1fS1eM8IsFHhc2XCRWcS_P-vkrW0nk	s1_zKGP_G6nmzDtDRDG4mTPdexHhpSnnvJpy66t_a6ll00	1un2iP	pathfinder-v0.3.0	-	qadv-arbiter-guided-7x7-v0.2.0	sha256:9c0e5e530df7db77a98f6a2e75fe63a6f629c6ad6563e0b5454793ebc243b14d	L	P	196
g1_BOz9elzebbj-O76F2DKYxuFZHhyu8fvChJLtz1Ky2sw	s1_-zVZDjVN4M1MpV2fs5xufdvvRVznxyy_ZgEK-GI4w38	1unPxg	qadv-arbiter-7x7-rust-lambda-v0.1.0	-	qadv-arbiter-7x7-rust-lambda-v0.1.0	-	D	P	196
g1_BOz9elzebbj-O76F2DKYxuFZHhyu8fvChJLtz1Ky2sw	s1_JopJJMYfJH_ZILcfvZcnjq3n1WiyV0fzhvKTVzXUkMM	1unPxg	qadv-arbiter-7x7-rust-lambda-v0.1.0	-	qadv-arbiter-7x7-rust-lambda-v0.1.0	-	D	P	196
g1_BOz9elzebbj-O76F2DKYxuFZHhyu8fvChJLtz1Ky2sw	s1_KYrBrVfMPvNzJ0vKERIq3358IP0YqUph__5GyA2zZXU	1unPxg	qadv-arbiter-7x7-rust-lambda-v0.1.0	-	qadv-arbiter-7x7-rust-lambda-v0.1.0	-	D	P	196
g1_BOz9elzebbj-O76F2DKYxuFZHhyu8fvChJLtz1Ky2sw	s1_RauLaTi4eVgYHSp2TV9pqs9uzTVv0B10g9TaHMWpcZ4	1unPxg	qadv-arbiter-7x7-rust-lambda-v0.1.0	-	qadv-arbiter-7x7-rust-lambda-v0.1.0	-	D	P	-
g1_BPBiJOQn730fzgeqQsJxkYpQpYEAuIBdzptF2sgWx-4	s1_DuzqindRGQB-4qOm_vdGTbk-n99uzxSonmxg64xrSAQ	1unMUE	qadv-arbiter-7x7-rust-lambda-v0.1.0	-	qadv-arbiter-7x7-rust-lambda-v0.1.0	-	L	P	196
g1_BPBiJOQn730fzgeqQsJxkYpQpYEAuIBdzptF2sgWx-4	s1_LEOvwlEsShcNjM3Tj9oH5lNDrbRHWRMK5yz8TSD8wAQ	1unMUE	qadv-arbiter-7x7-rust-lambda-v0.1.0	-	qadv-arbiter-7x7-rust-lambda-v0.1.0	-	L	P	196
g1_BPBiJOQn730fzgeqQsJxkYpQpYEAuIBdzptF2sgWx-4	s1_RauLaTi4eVgYHSp2TV9pqs9uzTVv0B10g9TaHMWpcZ4	1unMUE	qadv-arbiter-7x7-rust-lambda-v0.1.0	-	qadv-arbiter-7x7-rust-lambda-v0.1.0	-	L	P	-
g1_BPBiJOQn730fzgeqQsJxkYpQpYEAuIBdzptF2sgWx-4	s1_qZjwRgYXKP_5WbyM10PnOhww2MGxijBiU0jUqE4x8eE	1unMUE	qadv-arbiter-7x7-rust-lambda-v0.1.0	-	qadv-arbiter-7x7-rust-lambda-v0.1.0	-	L	P	196
g1_BPGSdN_MwMub94hU-afv15Sy1B-yMpXyZjrkm_XmFEo	s1_6PxtazPxkizz7K9QTWPSCIopEV5n0zpHoq3F52yO_6U	1umwhH	python-cnn-puct-v0.1.0	sha256:7845e9b7687beee165dc36b8d21833b7a8b5a83e31b58b49bd05c277ba26e642	python-cnn-puct-v0.1.0	sha256:7845e9b7687beee165dc36b8d21833b7a8b5a83e31b58b49bd05c277ba26e642	D	P	196
g1_BPGSdN_MwMub94hU-afv15Sy1B-yMpXyZjrkm_XmFEo	s1_baRgKA_wMXdl0r4AwdkUfhWC04qxd1MvEGXAQaDd4fo	1umwhH	python-cnn-puct-v0.1.0	sha256:7845e9b7687beee165dc36b8d21833b7a8b5a83e31b58b49bd05c277ba26e642	python-cnn-puct-v0.1.0	sha256:7845e9b7687beee165dc36b8d21833b7a8b5a83e31b58b49bd05c277ba26e642	D	P	196
g1_BPLLX4nQcjTnFqIIsrp6Pz0h4aasW7KPe4TSI9sZJfs	s1_1av6nXQkq-GSHXfjkVlGHGpAq8F9UbW4JwZmyFA-vww	1umv41	python-gnn-puct-scout-v0.1.0	sha256:b9f80706cc1f29076ee06fe06483697c749148a808c599579045d00a52573938	python-gnn-puct-scout-v0.1.0	sha256:b9f80706cc1f29076ee06fe06483697c749148a808c599579045d00a52573938	L	P	196
g1_BPLLX4nQcjTnFqIIsrp6Pz0h4aasW7KPe4TSI9sZJfs	s1_Brk0hkuJoH-MBjdd53AO5tlWcOgDWV_R0PO74fHGd_0	1umv41	python-gnn-puct-scout-v0.1.0	sha256:b9f80706cc1f29076ee06fe06483697c749148a808c599579045d00a52573938	python-gnn-puct-scout-v0.1.0	sha256:b9f80706cc1f29076ee06fe06483697c749148a808c599579045d00a52573938	L	P	196
g1_BPLLX4nQcjTnFqIIsrp6Pz0h4aasW7KPe4TSI9sZJfs	s1_D_X-fTFZy6xuyGSC5jFyKBW6IP_59Jbomefazf4xu44	1umv41	python-gnn-puct-scout-v0.1.0	sha256:b9f80706cc1f29076ee06fe06483697c749148a808c599579045d00a52573938	python-gnn-puct-scout-v0.1.0	sha256:b9f80706cc1f29076ee06fe06483697c749148a808c599579045d00a52573938	L	P	196
g1_BPSYjAxApy1DoS652dFB5L8dKGy8gL4I4zX-Jk3pCUo	s1_RauLaTi4eVgYHSp2TV9pqs9uzTVv0B10g9TaHMWpcZ4	1unNwO	qadv-arbiter-7x7-rust-lambda-v0.1.0	-	qadv-arbiter-7x7-rust-lambda-v0.1.0	-	L	P	-
g1_BPSYjAxApy1DoS652dFB5L8dKGy8gL4I4zX-Jk3pCUo	s1_XGc_wzCJQwSvCT96J0eRfNhUaGQW9IkAjLh431PMk1w	1unNwO	qadv-arbiter-7x7-rust-lambda-v0.1.0	-	qadv-arbiter-7x7-rust-lambda-v0.1.0	-	L	P	196
g1_BPSYjAxApy1DoS652dFB5L8dKGy8gL4I4zX-Jk3pCUo	s1_gr25LFxCWN2kPBLx94wD5bSKyZSgHJJGNEyJdlWZpkk	1unNwO	qadv-arbiter-7x7-rust-lambda-v0.1.0	-	qadv-arbiter-7x7-rust-lambda-v0.1.0	-	L	P	196
g1_BPSYjAxApy1DoS652dFB5L8dKGy8gL4I4zX-Jk3pCUo	s1_vo8v1Ye-6necigXDuf1L2pZQwOa9ntBgBNOOqyrR7aQ	1unNwO	qadv-arbiter-7x7-rust-lambda-v0.1.0	-	qadv-arbiter-7x7-rust-lambda-v0.1.0	-	L	P	196
g1_BPb2HbNNuXojDk0HAHMGdiWnTtXHLhny5F8NjD-c_b0	s1_CYF_dJLEfRbiQGfOnwHVlS330wUwUsWmmHmv9zRFZqQ	1umwJW	rust-pathfinder-onnx-sorter-v0.1.0	-	rust-pathfinder-v0.3.0	-	D	P	120
g1_BPjbbjIzzOCmul5p98cGQpc-L3220q39_2rBGVJ35LY	s1_H00KT39n91UdvqyhMfrgiSNt-ikhZrribV88j4KfYQg	1unNZF	qadv-arbiter-7x7-rust-lambda-v0.1.0	-	qadv-arbiter-7x7-rust-lambda-v0.1.0	-	L	P	196
g1_BPjbbjIzzOCmul5p98cGQpc-L3220q39_2rBGVJ35LY	s1_RauLaTi4eVgYHSp2TV9pqs9uzTVv0B10g9TaHMWpcZ4	1unNZF	qadv-arbiter-7x7-rust-lambda-v0.1.0	-	qadv-arbiter-7x7-rust-lambda-v0.1.0	-	L	P	-
g1_BPjbbjIzzOCmul5p98cGQpc-L3220q39_2rBGVJ35LY	s1_oqZZPeMtiD6KEQvLJSpEO8vdT-KWrl5auDNPZeqBK3I	1unNZF	qadv-arbiter-7x7-rust-lambda-v0.1.0	-	qadv-arbiter-7x7-rust-lambda-v0.1.0	-	L	P	196
g1_BPjbbjIzzOCmul5p98cGQpc-L3220q39_2rBGVJ35LY	s1_wvgzWBY_ntpNMslWjOjGIM6NJwYVklqoLICGvJqMPhQ	1unNZF	qadv-arbiter-7x7-rust-lambda-v0.1.0	-	qadv-arbiter-7x7-rust-lambda-v0.1.0	-	L	P	196
g1_BPvr0NFk9Jd9lJ1-CH7OGN2zkCykyChRFkRVyhToqOA	s1_4A161vpVkAZzeLgTpgDZYjI4k6ZmUSUnbTQWcDedXe8	1unNY0	qadv-arbiter-7x7-rust-lambda-v0.1.0	-	qadv-arbiter-7x7-rust-lambda-v0.1.0	-	D	P	196
g1_BPvr0NFk9Jd9lJ1-CH7OGN2zkCykyChRFkRVyhToqOA	s1_6KEIMImwcAkhIfVrP4rC8ejFPr3ODg59DA1QTLUxejY	1unNY0	qadv-arbiter-7x7-rust-lambda-v0.1.0	-	qadv-arbiter-7x7-rust-lambda-v0.1.0	-	D	P	196
g1_BPvr0NFk9Jd9lJ1-CH7OGN2zkCykyChRFkRVyhToqOA	s1_F7AErT6ZtJ3ZYOCMmKXYCqTWSZJg09tooTxte4x3HVk	1unNY0	qadv-arbiter-7x7-rust-lambda-v0.1.0	-	qadv-arbiter-7x7-rust-lambda-v0.1.0	-	D	P	196
g1_BPvr0NFk9Jd9lJ1-CH7OGN2zkCykyChRFkRVyhToqOA	s1_RauLaTi4eVgYHSp2TV9pqs9uzTVv0B10g9TaHMWpcZ4	1unNY0	qadv-arbiter-7x7-rust-lambda-v0.1.0	-	qadv-arbiter-7x7-rust-lambda-v0.1.0	-	D	P	-
g1_BQ4WZRqcGSCJaGLlmoKyyW03WmiCBRwUOnja9stk-A4	s1_4S-uTwhMUDBzJUyQGeubyRAQ6ZfxE6HVoBto8qE_ldE	1unN_7	qadv-arbiter-7x7-rust-lambda-v0.1.0	-	qadv-arbiter-7x7-rust-lambda-v0.1.0	-	D	P	196
g1_BQ4WZRqcGSCJaGLlmoKyyW03WmiCBRwUOnja9stk-A4	s1_IdOF4O-APdeWMl4eeT9z1h2erXbezGBxZUy0pA0tKLM	1unN_7	qadv-arbiter-7x7-rust-lambda-v0.1.0	-	qadv-arbiter-7x7-rust-lambda-v0.1.0	-	D	P	196
g1_BQ4WZRqcGSCJaGLlmoKyyW03WmiCBRwUOnja9stk-A4	s1_RauLaTi4eVgYHSp2TV9pqs9uzTVv0B10g9TaHMWpcZ4	1unN_7	qadv-arbiter-7x7-rust-lambda-v0.1.0	-	qadv-arbiter-7x7-rust-lambda-v0.1.0	-	D	P	-
g1_BQ4WZRqcGSCJaGLlmoKyyW03WmiCBRwUOnja9stk-A4	s1_iUhWXkmtfTCCFlKPvQoSKIVLp1v1DH8pf6C0rEH8uv4	1unN_7	qadv-arbiter-7x7-rust-lambda-v0.1.0	-	qadv-arbiter-7x7-rust-lambda-v0.1.0	-	D	P	196
g1_BQCYuNiqMquDn_RACjtT0QGsS6_o85rWv-4PTFEA6kU	s1_Qmoz3nLvbLcY_1rcqMtpMJDvTQydhL5cxUNWV6EhpMY	1umwwj	qadv-arbiter-7x7-v0.1.0	sha256:8c548d06307572603b839755cc1e50393285365e10f82bcd90290ca65cd86266	qadv-arbiter-7x7-v0.1.0	sha256:8c548d06307572603b839755cc1e50393285365e10f82bcd90290ca65cd86266	L	P	196
g1_BQG-n9QshkydTehZ8I22bUS98g0lbYxFBk0R-PYe71w	s1_WVg7aYYLIrw6_-2mI3jQ-DPcLO4gX2sPEEqWQb0DGQA	1umxQO	python-cnn-puct-reval30k-v0.1.0	sha256:eb2600a53e225a835455efdb2759c40e27c5cb3c16ab0688bc21b99290ed10ee	python-cnn-puct-reval30k-v0.1.0	sha256:eb2600a53e225a835455efdb2759c40e27c5cb3c16ab0688bc21b99290ed10ee	D	P	196
g1_BQR5uyWIjQxYcUYqZ9DGKygTW7jm8y3-f-q80NB0t_E	s1_7FIu85-v_e-kbNsQ2UNk3yRt-KGcLyUjpmVwIc9cnfM	1umwHU	python-gnn-puct-scout-v0.1.0	sha256:b9f80706cc1f29076ee06fe06483697c749148a808c599579045d00a52573938	python-gnn-puct-scout-v0.1.0	sha256:b9f80706cc1f29076ee06fe06483697c749148a808c599579045d00a52573938	L	P	196
g1_BQR5uyWIjQxYcUYqZ9DGKygTW7jm8y3-f-q80NB0t_E	s1_S8AGNBNcWBvWiwIo-AOAHPoHuZo2XvcsYvhgQxGTkrY	1umwHU	python-gnn-puct-scout-v0.1.0	sha256:b9f80706cc1f29076ee06fe06483697c749148a808c599579045d00a52573938	python-gnn-puct-scout-v0.1.0	sha256:b9f80706cc1f29076ee06fe06483697c749148a808c599579045d00a52573938	L	P	196
g1_BQSogEFhZeOm4BIGFrf6EZwzVGk9__ysLJ9ccJmwx9M	s1_7FIu85-v_e-kbNsQ2UNk3yRt-KGcLyUjpmVwIc9cnfM	1umwKT	python-gnn-puct-scout-v0.1.0	sha256:b9f80706cc1f29076ee06fe06483697c749148a808c599579045d00a52573938	python-gnn-puct-scout-v0.1.0	sha256:b9f80706cc1f29076ee06fe06483697c749148a808c599579045d00a52573938	L	P	196
g1_BQSogEFhZeOm4BIGFrf6EZwzVGk9__ysLJ9ccJmwx9M	s1_S8AGNBNcWBvWiwIo-AOAHPoHuZo2XvcsYvhgQxGTkrY	1umwKT	python-gnn-puct-scout-v0.1.0	sha256:b9f80706cc1f29076ee06fe06483697c749148a808c599579045d00a52573938	python-gnn-puct-scout-v0.1.0	sha256:b9f80706cc1f29076ee06fe06483697c749148a808c599579045d00a52573938	L	P	196
g1_BQVYbRadTdT0qLSb_lGNZnuJoCrIdF5enaYN1Zikxb8	s1_7QiLjAzIicjFLifUojXk74xyg-ZN6kpybb7VJbzIGt4	1unMd9	qadv-arbiter-7x7-rust-lambda-v0.1.0	-	qadv-arbiter-7x7-rust-lambda-v0.1.0	-	D	P	196
g1_BQVYbRadTdT0qLSb_lGNZnuJoCrIdF5enaYN1Zikxb8	s1_Bsyix_KTOkAX9k9fDF7EqV3BiKrMnRstttvs5Xfipic	1unMd9	qadv-arbiter-7x7-rust-lambda-v0.1.0	-	qadv-arbiter-7x7-rust-lambda-v0.1.0	-	D	P	196
g1_BQVYbRadTdT0qLSb_lGNZnuJoCrIdF5enaYN1Zikxb8	s1_RauLaTi4eVgYHSp2TV9pqs9uzTVv0B10g9TaHMWpcZ4	1unMd9	qadv-arbiter-7x7-rust-lambda-v0.1.0	-	qadv-arbiter-7x7-rust-lambda-v0.1.0	-	D	P	-
g1_BQVYbRadTdT0qLSb_lGNZnuJoCrIdF5enaYN1Zikxb8	s1_YIlX9wynosWDOib0FDeZIkeosXu5xXGlyeKjTy4NyWE	1unMd9	qadv-arbiter-7x7-rust-lambda-v0.1.0	-	qadv-arbiter-7x7-rust-lambda-v0.1.0	-	D	P	196
g1_BQa7bue1PquoTCKKmXIEPUyjX8VNrRKp2hTwqtj5GWY	s1_flXyOBW6T9LLVDFIvXBGel1MoVNZcUcMFIJnB9yLapU	1umxCA	python-gnn-puct-reval30k-v0.1.0	sha256:6120be86fc469df71473c3de64e5e32f99694cd47d621fa5948f243dc51d3d21	python-gnn-puct-reval30k-v0.1.0	sha256:6120be86fc469df71473c3de64e5e32f99694cd47d621fa5948f243dc51d3d21	D	P	196
g1_BQlb_nZ1H3SiCtApITFGODeuZ9YApotYgS8CTS5SCz4	s1_1av6nXQkq-GSHXfjkVlGHGpAq8F9UbW4JwZmyFA-vww	1umv1x	python-gnn-puct-scout-v0.1.0	sha256:b9f80706cc1f29076ee06fe06483697c749148a808c599579045d00a52573938	python-gnn-puct-scout-v0.1.0	sha256:b9f80706cc1f29076ee06fe06483697c749148a808c599579045d00a52573938	D	P	196
g1_BQlb_nZ1H3SiCtApITFGODeuZ9YApotYgS8CTS5SCz4	s1_Brk0hkuJoH-MBjdd53AO5tlWcOgDWV_R0PO74fHGd_0	1umv1x	python-gnn-puct-scout-v0.1.0	sha256:b9f80706cc1f29076ee06fe06483697c749148a808c599579045d00a52573938	python-gnn-puct-scout-v0.1.0	sha256:b9f80706cc1f29076ee06fe06483697c749148a808c599579045d00a52573938	D	P	196
g1_BQlb_nZ1H3SiCtApITFGODeuZ9YApotYgS8CTS5SCz4	s1_D_X-fTFZy6xuyGSC5jFyKBW6IP_59Jbomefazf4xu44	1umv1x	python-gnn-puct-scout-v0.1.0	sha256:b9f80706cc1f29076ee06fe06483697c749148a808c599579045d00a52573938	python-gnn-puct-scout-v0.1.0	sha256:b9f80706cc1f29076ee06fe06483697c749148a808c599579045d00a52573938	D	P	196
g1_BQlt8LSDu-iUk2UgDWqoFkApZMMbdYbk7CLoSEW2zso	s1_RB6zfb_dIJz-7XJ-rVWHD_yGMN3tTjtK1rAOpc46vcM	1unPRh	qadv-arbiter-7x7-rust-lambda-v0.1.0	-	qadv-arbiter-7x7-rust-lambda-v0.1.0	-	L	P	196
g1_BQlt8LSDu-iUk2UgDWqoFkApZMMbdYbk7CLoSEW2zso	s1_RauLaTi4eVgYHSp2TV9pqs9uzTVv0B10g9TaHMWpcZ4	1unPRh	qadv-arbiter-7x7-rust-lambda-v0.1.0	-	qadv-arbiter-7x7-rust-lambda-v0.1.0	-	L	P	-
g1_BQlt8LSDu-iUk2UgDWqoFkApZMMbdYbk7CLoSEW2zso	s1__TNLmSrMb3Fn4iV4xPPKHA69nASJYBUbFjgiHXpEJt0	1unPRh	qadv-arbiter-7x7-rust-lambda-v0.1.0	-	qadv-arbiter-7x7-rust-lambda-v0.1.0	-	L	P	196
g1_BQlt8LSDu-iUk2UgDWqoFkApZMMbdYbk7CLoSEW2zso	s1_kyjNBZq9aApsFzNaLcHz0GO-lGPC2EaltpbHKdkngW0	1unPRh	qadv-arbiter-7x7-rust-lambda-v0.1.0	-	qadv-arbiter-7x7-rust-lambda-v0.1.0	-	L	P	196
g1_BQowqkDsf2WpMa44oTGSNe094AYOIkoDirCCBsKzixA	s1_3Bi52FmFRuocmCypNY_zry3O0Oc4_HO_R_J44vb-Dc4	1unPnV	qadv-arbiter-7x7-rust-lambda-v0.1.0	-	qadv-arbiter-7x7-rust-lambda-v0.1.0	-	L	P	196
g1_BQowqkDsf2WpMa44oTGSNe094AYOIkoDirCCBsKzixA	s1_RXOBa0kc74d_k5i54nNi4ivxn0bdH_KuEcP_-4P4FP4	1unPnV	qadv-arbiter-7x7-rust-lambda-v0.1.0	-	qadv-arbiter-7x7-rust-lambda-v0.1.0	-	L	P	196
g1_BQowqkDsf2WpMa44oTGSNe094AYOIkoDirCCBsKzixA	s1_RauLaTi4eVgYHSp2TV9pqs9uzTVv0B10g9TaHMWpcZ4	1unPnV	qadv-arbiter-7x7-rust-lambda-v0.1.0	-	qadv-arbiter-7x7-rust-lambda-v0.1.0	-	L	P	-
g1_BQowqkDsf2WpMa44oTGSNe094AYOIkoDirCCBsKzixA	s1_gMZ2tZbbiWa9W3AVmCuAx6f1w8y47s2JMGafrIUUWro	1unPnV	qadv-arbiter-7x7-rust-lambda-v0.1.0	-	qadv-arbiter-7x7-rust-lambda-v0.1.0	-	L	P	196
g1_BQtMfxXp7SiCWVS-87JvQzOuXqVjhCZsGv9wv1AWvrk	s1_RauLaTi4eVgYHSp2TV9pqs9uzTVv0B10g9TaHMWpcZ4	1unP8_	qadv-arbiter-7x7-rust-lambda-v0.1.0	-	qadv-arbiter-7x7-rust-lambda-v0.1.0	-	D	P	-
g1_BQtMfxXp7SiCWVS-87JvQzOuXqVjhCZsGv9wv1AWvrk	s1_WaJdsbvecWrSCses98fBqZuKaOrVbMXG48tWQ9f-rOU	1unP8_	qadv-arbiter-7x7-rust-lambda-v0.1.0	-	qadv-arbiter-7x7-rust-lambda-v0.1.0	-	D	P	196
g1_BQtMfxXp7SiCWVS-87JvQzOuXqVjhCZsGv9wv1AWvrk	s1_nHYF2UA6dzD5g5JkhDg08lLj--BXqCFxPZmhjUSvbHY	1unP8_	qadv-arbiter-7x7-rust-lambda-v0.1.0	-	qadv-arbiter-7x7-rust-lambda-v0.1.0	-	D	P	196
g1_BQtMfxXp7SiCWVS-87JvQzOuXqVjhCZsGv9wv1AWvrk	s1_xMgPhpWdHTKmnkImy4V2chTJt2JB_B5fcZWrbaTyYmk	1unP8_	qadv-arbiter-7x7-rust-lambda-v0.1.0	-	qadv-arbiter-7x7-rust-lambda-v0.1.0	-	D	P	196
g1_BR5xXTf4aT0DjvazaN7bX9I78D4XUxzM7lswrvc7NCY	s1_CEtnyncu2FLKw6vcW0aWifhBSjwFeejMqSxt64wjUx0	1un7rw	qadv-arbiter-guided-7x7-v0.2.0	sha256:9c0e5e530df7db77a98f6a2e75fe63a6f629c6ad6563e0b5454793ebc243b14d	lunatic-v0.1.0	-	L	P	196
g1_BR5xXTf4aT0DjvazaN7bX9I78D4XUxzM7lswrvc7NCY	s1_O3cuwuia8XT9TI7Nxr3tRcajOA20XFHEIT2fYX3WizY	1un7rw	qadv-arbiter-guided-7x7-v0.2.0	sha256:9c0e5e530df7db77a98f6a2e75fe63a6f629c6ad6563e0b5454793ebc243b14d	lunatic-v0.1.0	-	L	P	196
g1_BR5xXTf4aT0DjvazaN7bX9I78D4XUxzM7lswrvc7NCY	s1_kkT8qkQBd2qeSRsdFDNDwTiWXOzS6wyj7q-eie2p0s4	1un7rw	qadv-arbiter-guided-7x7-v0.2.0	sha256:9c0e5e530df7db77a98f6a2e75fe63a6f629c6ad6563e0b5454793ebc243b14d	lunatic-v0.1.0	-	L	P	196
g1_BRER1NBz5y4whRvbv3b4iL_QRVWVHYPjs-nHMWQ-yyA	s1_flXyOBW6T9LLVDFIvXBGel1MoVNZcUcMFIJnB9yLapU	1umxCl	python-gnn-puct-reval30k-v0.1.0	sha256:6120be86fc469df71473c3de64e5e32f99694cd47d621fa5948f243dc51d3d21	python-gnn-puct-reval30k-v0.1.0	sha256:6120be86fc469df71473c3de64e5e32f99694cd47d621fa5948f243dc51d3d21	L	P	196
g1_BRIuhHouKj3F0OtCT-SxrhAUFX-UU51ZUEVWql8Ag7g	s1_CEtnyncu2FLKw6vcW0aWifhBSjwFeejMqSxt64wjUx0	1un7qm	qadv-arbiter-guided-7x7-v0.2.0	sha256:9c0e5e530df7db77a98f6a2e75fe63a6f629c6ad6563e0b5454793ebc243b14d	lunatic-v0.1.0	-	L	P	196
g1_BRIuhHouKj3F0OtCT-SxrhAUFX-UU51ZUEVWql8Ag7g	s1_O3cuwuia8XT9TI7Nxr3tRcajOA20XFHEIT2fYX3WizY	1un7bK	qadv-arbiter-guided-7x7-v0.2.0	sha256:9c0e5e530df7db77a98f6a2e75fe63a6f629c6ad6563e0b5454793ebc243b14d	lunatic-v0.1.0	-	L	P	196
g1_BRIuhHouKj3F0OtCT-SxrhAUFX-UU51ZUEVWql8Ag7g	s1_gY_boSu5A8XG5a9XmME0tXm6pud0vwcbDekozVtP3iE	1un7bK	qadv-arbiter-guided-7x7-v0.2.0	sha256:9c0e5e530df7db77a98f6a2e75fe63a6f629c6ad6563e0b5454793ebc243b14d	lunatic-v0.1.0	-	L	P	196
g1_BRIuhHouKj3F0OtCT-SxrhAUFX-UU51ZUEVWql8Ag7g	s1_kkT8qkQBd2qeSRsdFDNDwTiWXOzS6wyj7q-eie2p0s4	1un7qm	qadv-arbiter-guided-7x7-v0.2.0	sha256:9c0e5e530df7db77a98f6a2e75fe63a6f629c6ad6563e0b5454793ebc243b14d	lunatic-v0.1.0	-	L	P	196
g1_BRIuhHouKj3F0OtCT-SxrhAUFX-UU51ZUEVWql8Ag7g	s1_nGMROr4JGS862bFLFUfH2a8ENp-zb33TaK0vhF2LgKs	1un7bK	qadv-arbiter-guided-7x7-v0.2.0	sha256:9c0e5e530df7db77a98f6a2e75fe63a6f629c6ad6563e0b5454793ebc243b14d	lunatic-v0.1.0	-	L	P	196
g1_BRM7RRyB5sdzmgTe1ef0-Te7BgUvw_czMQObmQxzKto	s1_MK3wyypIZDnDE2CDxjK6PyCMVN7VT0UxdtGdtUbSbUc	1unPLB	qadv-arbiter-7x7-rust-lambda-v0.1.0	-	qadv-arbiter-7x7-rust-lambda-v0.1.0	-	D	P	196
g1_BRM7RRyB5sdzmgTe1ef0-Te7BgUvw_czMQObmQxzKto	s1_OnS3CspeuRL7AINn_nF1xGYCNSOuLMKLQOXASH4rj8I	1unPLB	qadv-arbiter-7x7-rust-lambda-v0.1.0	-	qadv-arbiter-7x7-rust-lambda-v0.1.0	-	D	P	196
g1_BRM7RRyB5sdzmgTe1ef0-Te7BgUvw_czMQObmQxzKto	s1_RauLaTi4eVgYHSp2TV9pqs9uzTVv0B10g9TaHMWpcZ4	1unPLB	qadv-arbiter-7x7-rust-lambda-v0.1.0	-	qadv-arbiter-7x7-rust-lambda-v0.1.0	-	D	P	-
g1_BRM7RRyB5sdzmgTe1ef0-Te7BgUvw_czMQObmQxzKto	s1_plbehWKCRcebeDnwjF1tjIapahMjd_c8TRhJGfYfHpM	1unPLB	qadv-arbiter-7x7-rust-lambda-v0.1.0	-	qadv-arbiter-7x7-rust-lambda-v0.1.0	-	D	P	196
g1_BRTKKS_eerqs_LixbETz55KCOlImP0_neKLVxKBTTS4	s1_1LB6NAgPOeCp4r8rQw4kUOIXWpEdWysFm5RZjWCQSgc	1umweL	python-gnn-puct-learner-v0.1.0	sha256:ab0f739cd33d66781faf60e27797c5ccba3c04ba684f8d9e32e9c2754f4e8956	python-gnn-puct-learner-v0.1.0	sha256:ab0f739cd33d66781faf60e27797c5ccba3c04ba684f8d9e32e9c2754f4e8956	L	P	196
g1_BRTKKS_eerqs_LixbETz55KCOlImP0_neKLVxKBTTS4	s1_P4NHYhwuVnEA-dG2X-UVeVotb84A5mwljbYTlTMqr8w	1umweL	python-gnn-puct-learner-v0.1.0	sha256:ab0f739cd33d66781faf60e27797c5ccba3c04ba684f8d9e32e9c2754f4e8956	python-gnn-puct-learner-v0.1.0	sha256:ab0f739cd33d66781faf60e27797c5ccba3c04ba684f8d9e32e9c2754f4e8956	L	P	196
g1_BRXi6RB7lpAp9XK7Lw8CA6MELTHLeA7qtaYuMOBpnMU	s1_PfFtq_nWIAW9R0uGhCCperyEK-fFYQ7dhHcZoczptmM	1unMiM	qadv-arbiter-7x7-rust-lambda-v0.1.0	-	qadv-arbiter-7x7-rust-lambda-v0.1.0	-	D	P	196
g1_BRXi6RB7lpAp9XK7Lw8CA6MELTHLeA7qtaYuMOBpnMU	s1_RauLaTi4eVgYHSp2TV9pqs9uzTVv0B10g9TaHMWpcZ4	1unMiM	qadv-arbiter-7x7-rust-lambda-v0.1.0	-	qadv-arbiter-7x7-rust-lambda-v0.1.0	-	D	P	-
g1_BRXi6RB7lpAp9XK7Lw8CA6MELTHLeA7qtaYuMOBpnMU	s1_RwhiOwbfdhYorYP5M5LUymgX55jr3p_G4owpIFjAeOA	1unMiM	qadv-arbiter-7x7-rust-lambda-v0.1.0	-	qadv-arbiter-7x7-rust-lambda-v0.1.0	-	D	P	196
g1_BRXi6RB7lpAp9XK7Lw8CA6MELTHLeA7qtaYuMOBpnMU	s1__e4R-zvlkELMHxNEe9RmrBX4V2PWtl66a9IKeZEL9u8	1unMiM	qadv-arbiter-7x7-rust-lambda-v0.1.0	-	qadv-arbiter-7x7-rust-lambda-v0.1.0	-	D	P	196
g1_BRlaonog60RJFCSmquIexhwWBfllfdvD9VRadp9gvH4	s1_380uZYdtB6KE2pMb2eyB-0-2Yy00pAG_9L9I-fcOMvM	1unNjt	qadv-arbiter-7x7-rust-lambda-v0.1.0	-	qadv-arbiter-7x7-rust-lambda-v0.1.0	-	D	P	196
g1_BRlaonog60RJFCSmquIexhwWBfllfdvD9VRadp9gvH4	s1_BZMXkHeLLgv7oESoQOSe3ZObic7uS-R478cIvznXgXE	1unNjt	qadv-arbiter-7x7-rust-lambda-v0.1.0	-	qadv-arbiter-7x7-rust-lambda-v0.1.0	-	D	P	196
g1_BRlaonog60RJFCSmquIexhwWBfllfdvD9VRadp9gvH4	s1_D3fyoMQVeQPrDwFFR0Nf36WonbvIVSZjPKVReFNbKpY	1unNjt	qadv-arbiter-7x7-rust-lambda-v0.1.0	-	qadv-arbiter-7x7-rust-lambda-v0.1.0	-	D	P	196
g1_BRlaonog60RJFCSmquIexhwWBfllfdvD9VRadp9gvH4	s1_RauLaTi4eVgYHSp2TV9pqs9uzTVv0B10g9TaHMWpcZ4	1unNjt	qadv-arbiter-7x7-rust-lambda-v0.1.0	-	qadv-arbiter-7x7-rust-lambda-v0.1.0	-	D	P	-
g1_BRuoqoDrOr9g_UqDNVEGgegPqGa5xpq0b2PGDCVwAFI	s1_1av6nXQkq-GSHXfjkVlGHGpAq8F9UbW4JwZmyFA-vww	1umv2h	python-gnn-puct-scout-v0.1.0	sha256:b9f80706cc1f29076ee06fe06483697c749148a808c599579045d00a52573938	python-gnn-puct-scout-v0.1.0	sha256:b9f80706cc1f29076ee06fe06483697c749148a808c599579045d00a52573938	D	P	196
g1_BRuoqoDrOr9g_UqDNVEGgegPqGa5xpq0b2PGDCVwAFI	s1_Brk0hkuJoH-MBjdd53AO5tlWcOgDWV_R0PO74fHGd_0	1umv2h	python-gnn-puct-scout-v0.1.0	sha256:b9f80706cc1f29076ee06fe06483697c749148a808c599579045d00a52573938	python-gnn-puct-scout-v0.1.0	sha256:b9f80706cc1f29076ee06fe06483697c749148a808c599579045d00a52573938	D	P	196
g1_BRuoqoDrOr9g_UqDNVEGgegPqGa5xpq0b2PGDCVwAFI	s1_D_X-fTFZy6xuyGSC5jFyKBW6IP_59Jbomefazf4xu44	1umv2h	python-gnn-puct-scout-v0.1.0	sha256:b9f80706cc1f29076ee06fe06483697c749148a808c599579045d00a52573938	python-gnn-puct-scout-v0.1.0	sha256:b9f80706cc1f29076ee06fe06483697c749148a808c599579045d00a52573938	D	P	196
g1_BRwS3ZaBpKmxAD06pjd6xhH3dsL19nnmDvxqZwtvZq4	s1_EHd406NVisYX17tvp9tSYcqEWWp4CsAdRryHC10wfHc	1un2UA	qadv-arbiter-guided-7x7-v0.2.0	sha256:9c0e5e530df7db77a98f6a2e75fe63a6f629c6ad6563e0b5454793ebc243b14d	pathfinder-v0.3.0	-	D	P	196
g1_BRwS3ZaBpKmxAD06pjd6xhH3dsL19nnmDvxqZwtvZq4	s1_GCqZdg9KLzvh0I_b212TEmxdlG3kcwnq3SnQmPGgIqI	1un2UA	qadv-arbiter-guided-7x7-v0.2.0	sha256:9c0e5e530df7db77a98f6a2e75fe63a6f629c6ad6563e0b5454793ebc243b14d	pathfinder-v0.3.0	-	D	P	196
g1_BRwS3ZaBpKmxAD06pjd6xhH3dsL19nnmDvxqZwtvZq4	s1_LBWmkbRgEeZYK7zSPtSERo-vpC7nbolCkcWcIiGOfsc	1un2UA	qadv-arbiter-guided-7x7-v0.2.0	sha256:9c0e5e530df7db77a98f6a2e75fe63a6f629c6ad6563e0b5454793ebc243b14d	pathfinder-v0.3.0	-	D	P	196
g1_BRwS3ZaBpKmxAD06pjd6xhH3dsL19nnmDvxqZwtvZq4	s1_O3cuwuia8XT9TI7Nxr3tRcajOA20XFHEIT2fYX3WizY	1un2UA	qadv-arbiter-guided-7x7-v0.2.0	sha256:9c0e5e530df7db77a98f6a2e75fe63a6f629c6ad6563e0b5454793ebc243b14d	pathfinder-v0.3.0	-	D	P	196
g1_BRzuUyJiw4vvj13uiOMm9yDiQFGBYkCq5gcuod_jVrg	s1_8w083Fyj5ARvd2URXQxQ6z9bhPgyGe9VO7zeEYT71_M	1unPJZ	qadv-arbiter-7x7-rust-lambda-v0.1.0	-	qadv-arbiter-7x7-rust-lambda-v0.1.0	-	L	P	196
g1_BRzuUyJiw4vvj13uiOMm9yDiQFGBYkCq5gcuod_jVrg	s1_RauLaTi4eVgYHSp2TV9pqs9uzTVv0B10g9TaHMWpcZ4	1unPJZ	qadv-arbiter-7x7-rust-lambda-v0.1.0	-	qadv-arbiter-7x7-rust-lambda-v0.1.0	-	L	P	-
g1_BRzuUyJiw4vvj13uiOMm9yDiQFGBYkCq5gcuod_jVrg	s1_iUq2bnmyOlZU0b0I2PWQiEL8ObsiDVLb7jBiR3gsJQ4	1unPJZ	qadv-arbiter-7x7-rust-lambda-v0.1.0	-	qadv-arbiter-7x7-rust-lambda-v0.1.0	-	L	P	196
g1_BRzuUyJiw4vvj13uiOMm9yDiQFGBYkCq5gcuod_jVrg	s1_k2Jc8mrnXNwzEaXQ9oGLGnzstjhv3dgvWE89_mWAeV8	1unPJZ	qadv-arbiter-7x7-rust-lambda-v0.1.0	-	qadv-arbiter-7x7-rust-lambda-v0.1.0	-	L	P	196
g1_BS4fw2Au9u4Dd-xetM3yAK-sYTR8eGdSYJQoTnorZrg	s1_RauLaTi4eVgYHSp2TV9pqs9uzTVv0B10g9TaHMWpcZ4	1unMs8	qadv-arbiter-7x7-rust-lambda-v0.1.0	-	qadv-arbiter-7x7-rust-lambda-v0.1.0	-	D	P	-
g1_BS4fw2Au9u4Dd-xetM3yAK-sYTR8eGdSYJQoTnorZrg	s1_UnltM2YEOHO_hkSQSvPRHULh_MthsVrBENmrmmO_eTQ	1unMs8	qadv-arbiter-7x7-rust-lambda-v0.1.0	-	qadv-arbiter-7x7-rust-lambda-v0.1.0	-	D	P	196
g1_BS4fw2Au9u4Dd-xetM3yAK-sYTR8eGdSYJQoTnorZrg	s1_cXVH7VUAWvCSwjz3jX3m6uWcOHHXUxlOm7P63xZj71g	1unMs8	qadv-arbiter-7x7-rust-lambda-v0.1.0	-	qadv-arbiter-7x7-rust-lambda-v0.1.0	-	D	P	196
g1_BS4fw2Au9u4Dd-xetM3yAK-sYTR8eGdSYJQoTnorZrg	s1_pzHTinupGt1dqw2OM9TYla_xHL_rrkXAP_UsSoKH-B4	1unMs8	qadv-arbiter-7x7-rust-lambda-v0.1.0	-	qadv-arbiter-7x7-rust-lambda-v0.1.0	-	D	P	196
g1_BS6N7cRYD2gKXZiTRXj_W2urw5aCnmp2gjrdYwt2to8	s1_RauLaTi4eVgYHSp2TV9pqs9uzTVv0B10g9TaHMWpcZ4	1unPiF	qadv-arbiter-7x7-rust-lambda-v0.1.0	-	qadv-arbiter-7x7-rust-lambda-v0.1.0	-	D	P	-
g1_BS6N7cRYD2gKXZiTRXj_W2urw5aCnmp2gjrdYwt2to8	s1_UaLvPSVot1h-_lNUbPk_6xn5H7LiLeRYDmm8AiRv1JA	1unPiF	qadv-arbiter-7x7-rust-lambda-v0.1.0	-	qadv-arbiter-7x7-rust-lambda-v0.1.0	-	D	P	196
g1_BS6N7cRYD2gKXZiTRXj_W2urw5aCnmp2gjrdYwt2to8	s1_vEATYuVq63Dd7QPmYgqa8gXoy3gAoeoDqkPYP9L47DE	1unPiF	qadv-arbiter-7x7-rust-lambda-v0.1.0	-	qadv-arbiter-7x7-rust-lambda-v0.1.0	-	D	P	196
g1_BS6N7cRYD2gKXZiTRXj_W2urw5aCnmp2gjrdYwt2to8	s1_y4Lz_cVV7ESbiUgpdokvxgfIBu0E7kmONyNkOWAzXo4	1unPiF	qadv-arbiter-7x7-rust-lambda-v0.1.0	-	qadv-arbiter-7x7-rust-lambda-v0.1.0	-	D	P	196
g1_BSJ8AH12LJIewocoajxfpnTrU3oJPYj72DNc4xMeHC8	s1_AmpUxnOYbYtn6DzzmRpkoaViOJCpVrtkxnvE_5Rwsb4	1unNNv	qadv-arbiter-7x7-rust-lambda-v0.1.0	-	qadv-arbiter-7x7-rust-lambda-v0.1.0	-	D	P	196
g1_BSJ8AH12LJIewocoajxfpnTrU3oJPYj72DNc4xMeHC8	s1_M7OI4KnVSQTE4-Ius9eZDEWHRoJJrtfp0UvKObJm-Ck	1unNNv	qadv-arbiter-7x7-rust-lambda-v0.1.0	-	qadv-arbiter-7x7-rust-lambda-v0.1.0	-	D	P	196
g1_BSJ8AH12LJIewocoajxfpnTrU3oJPYj72DNc4xMeHC8	s1_RauLaTi4eVgYHSp2TV9pqs9uzTVv0B10g9TaHMWpcZ4	1unNNv	qadv-arbiter-7x7-rust-lambda-v0.1.0	-	qadv-arbiter-7x7-rust-lambda-v0.1.0	-	D	P	-
g1_BSJ8AH12LJIewocoajxfpnTrU3oJPYj72DNc4xMeHC8	s1_t-Ii-URClmr0DZPB3eQnwm8p5l_KkWFUEChMU2ydAxU	1unNNv	qadv-arbiter-7x7-rust-lambda-v0.1.0	-	qadv-arbiter-7x7-rust-lambda-v0.1.0	-	D	P	196
g1_BSUNGpdYTnR3cMs5IaYycaam2BS4pHPje83xOmuobX8	s1_Qmoz3nLvbLcY_1rcqMtpMJDvTQydhL5cxUNWV6EhpMY	1umwzL	qadv-arbiter-7x7-v0.1.0	sha256:8c548d06307572603b839755cc1e50393285365e10f82bcd90290ca65cd86266	qadv-arbiter-7x7-v0.1.0	sha256:8c548d06307572603b839755cc1e50393285365e10f82bcd90290ca65cd86266	D	P	196
g1_BSYlYdee3nKPvQi0-XOMleXbCjlLDsD3qoqi5tsxAh0	s1_1av6nXQkq-GSHXfjkVlGHGpAq8F9UbW4JwZmyFA-vww	1umvKK	surveyor-v0.2.0	-	gnn-warmstart-7x7	sha256:e000d50619c0241c30efdd1f5adb7a8b738c66859d33c3443c52a20f56fcc13a	L	P	196
g1_BSYlYdee3nKPvQi0-XOMleXbCjlLDsD3qoqi5tsxAh0	s1_Brk0hkuJoH-MBjdd53AO5tlWcOgDWV_R0PO74fHGd_0	1umvKK	surveyor-v0.2.0	-	gnn-warmstart-7x7	sha256:e000d50619c0241c30efdd1f5adb7a8b738c66859d33c3443c52a20f56fcc13a	L	P	196
g1_BSYlYdee3nKPvQi0-XOMleXbCjlLDsD3qoqi5tsxAh0	s1_QzXKB60HvV5g6-cJIu-NdpeFb1rCgFAJD1cxfdkoMm0	1umvKK	surveyor-v0.2.0	-	gnn-warmstart-7x7	sha256:e000d50619c0241c30efdd1f5adb7a8b738c66859d33c3443c52a20f56fcc13a	L	P	196
g1_BSon85WOG5OABJMI4Ma2r15F_eHCtY3GF42l6iwQxO4	s1_7FIu85-v_e-kbNsQ2UNk3yRt-KGcLyUjpmVwIc9cnfM	1umwHw	python-gnn-puct-scout-v0.1.0	sha256:b9f80706cc1f29076ee06fe06483697c749148a808c599579045d00a52573938	python-gnn-puct-scout-v0.1.0	sha256:b9f80706cc1f29076ee06fe06483697c749148a808c599579045d00a52573938	D	P	196
g1_BSon85WOG5OABJMI4Ma2r15F_eHCtY3GF42l6iwQxO4	s1_S8AGNBNcWBvWiwIo-AOAHPoHuZo2XvcsYvhgQxGTkrY	1umwHw	python-gnn-puct-scout-v0.1.0	sha256:b9f80706cc1f29076ee06fe06483697c749148a808c599579045d00a52573938	python-gnn-puct-scout-v0.1.0	sha256:b9f80706cc1f29076ee06fe06483697c749148a808c599579045d00a52573938	D	P	196
g1_BSpwUiQo2U97Ec4lTuF-hYxc76miqNG4so9JYDdf8P4	s1_NZd5QDv6mFfbD19F2qFlqdqs00TQR9teXBNsuax4qNQ	1umwoT	python-gnn-puct-reval30k-v0.1.0	sha256:6120be86fc469df71473c3de64e5e32f99694cd47d621fa5948f243dc51d3d21	python-gnn-puct-reval30k-v0.1.0	sha256:6120be86fc469df71473c3de64e5e32f99694cd47d621fa5948f243dc51d3d21	L	P	196
g1_BStQQFKTtszaEHNw1rMwPlDmgOB10-N27AsrJ-34ihY	s1_flXyOBW6T9LLVDFIvXBGel1MoVNZcUcMFIJnB9yLapU	1umx6s	python-gnn-puct-reval30k-v0.1.0	sha256:6120be86fc469df71473c3de64e5e32f99694cd47d621fa5948f243dc51d3d21	python-gnn-puct-reval30k-v0.1.0	sha256:6120be86fc469df71473c3de64e5e32f99694cd47d621fa5948f243dc51d3d21	L	P	196
g1_BT06kgOnD4U36kkSD3wD0Oe1iHQooNLtx9ZPGArEZP4	s1_0AyUK1Ps4Run7VjYUXP0LvHpZRXf88ayuAg4jkEgJFA	1unQk7	pathfinder-v0.3.0	-	qadv-arbiter-7x7-v0.1.0	-	L	P	196
g1_BT06kgOnD4U36kkSD3wD0Oe1iHQooNLtx9ZPGArEZP4	s1_2FtaP75xgRVTNrUvmC0NIesJCNy8IDFJ05WNM4nUnpg	1unQk7	pathfinder-v0.3.0	-	qadv-arbiter-7x7-v0.1.0	-	L	P	196
g1_BT06kgOnD4U36kkSD3wD0Oe1iHQooNLtx9ZPGArEZP4	s1_RauLaTi4eVgYHSp2TV9pqs9uzTVv0B10g9TaHMWpcZ4	1unQk7	pathfinder-v0.3.0	-	qadv-arbiter-7x7-v0.1.0	-	L	P	-
g1_BT06kgOnD4U36kkSD3wD0Oe1iHQooNLtx9ZPGArEZP4	s1_wKBjFqrtMZz470_eWxqz_oqGd8cRAoWHTLCbHuZjgI4	1unQk7	pathfinder-v0.3.0	-	qadv-arbiter-7x7-v0.1.0	-	L	P	196
g1_BT2Kr9nGfLFTelr0MYIVzzTZA0_bfD34DIYPe1_T-0M	s1_1av6nXQkq-GSHXfjkVlGHGpAq8F9UbW4JwZmyFA-vww	1DIdb	python-gnn-puct-v0.1.0	sha256:6f9ad6e4a0993da3cf34a8549e86f9b5d512c51e11bfa76dfe051e7a8801bdac	python-gnn-puct-v0.1.0	sha256:6f9ad6e4a0993da3cf34a8549e86f9b5d512c51e11bfa76dfe051e7a8801bdac	D	P	196
g1_BT2Kr9nGfLFTelr0MYIVzzTZA0_bfD34DIYPe1_T-0M	s1_del54SUFELBov5vQFrhsVexn6D9EhUPDFZpXuqC6eCI	1DIdb	python-gnn-puct-v0.1.0	sha256:6f9ad6e4a0993da3cf34a8549e86f9b5d512c51e11bfa76dfe051e7a8801bdac	python-gnn-puct-v0.1.0	sha256:6f9ad6e4a0993da3cf34a8549e86f9b5d512c51e11bfa76dfe051e7a8801bdac	D	P	196
g1_BT2Kr9nGfLFTelr0MYIVzzTZA0_bfD34DIYPe1_T-0M	s1_g5pGkHBMEhzAYvwFY0b24sSc7wC9JfnWApMHHZ_aMPI	1DIdb	python-gnn-puct-v0.1.0	sha256:6f9ad6e4a0993da3cf34a8549e86f9b5d512c51e11bfa76dfe051e7a8801bdac	python-gnn-puct-v0.1.0	sha256:6f9ad6e4a0993da3cf34a8549e86f9b5d512c51e11bfa76dfe051e7a8801bdac	D	P	196
g1_BT2Kr9nGfLFTelr0MYIVzzTZA0_bfD34DIYPe1_T-0M	s1_mWPTef6xYbijjPhDIC6QgLRmu2mMSJAokNlIkx3vg54	1DIdb	python-gnn-puct-v0.1.0	sha256:6f9ad6e4a0993da3cf34a8549e86f9b5d512c51e11bfa76dfe051e7a8801bdac	python-gnn-puct-v0.1.0	sha256:6f9ad6e4a0993da3cf34a8549e86f9b5d512c51e11bfa76dfe051e7a8801bdac	D	P	196
g1_BT2Kr9nGfLFTelr0MYIVzzTZA0_bfD34DIYPe1_T-0M	s1_tol_POp6BcgBLMWq8iDfRBQSAXpESHxFwmcCQYXv0yQ	1DIdb	python-gnn-puct-v0.1.0	sha256:6f9ad6e4a0993da3cf34a8549e86f9b5d512c51e11bfa76dfe051e7a8801bdac	python-gnn-puct-v0.1.0	sha256:6f9ad6e4a0993da3cf34a8549e86f9b5d512c51e11bfa76dfe051e7a8801bdac	D	P	196
g1_BTGULK5gXVoxzl5n7qPikvNLFtP-pDpoQSWRb7eBQao	s1_4mZ7joouKTYPoYPq4XTU8sYc0aVR8oq_2w0GF9AQOjQ	1unPe_	qadv-arbiter-7x7-rust-lambda-v0.1.0	-	qadv-arbiter-7x7-rust-lambda-v0.1.0	-	L	P	196
g1_BTGULK5gXVoxzl5n7qPikvNLFtP-pDpoQSWRb7eBQao	s1_RauLaTi4eVgYHSp2TV9pqs9uzTVv0B10g9TaHMWpcZ4	1unPe_	qadv-arbiter-7x7-rust-lambda-v0.1.0	-	qadv-arbiter-7x7-rust-lambda-v0.1.0	-	L	P	-
g1_BTGULK5gXVoxzl5n7qPikvNLFtP-pDpoQSWRb7eBQao	s1_TuHwMc4NZ4BRB2vGJfgaRE9kx0Twc8dNfZOTfKD0HC0	1unPe_	qadv-arbiter-7x7-rust-lambda-v0.1.0	-	qadv-arbiter-7x7-rust-lambda-v0.1.0	-	L	P	196
g1_BTGULK5gXVoxzl5n7qPikvNLFtP-pDpoQSWRb7eBQao	s1_mGZ5ANgEXQ3fgoLFleIza72z6xN-9lWTHs-vtRmAsYI	1unPe_	qadv-arbiter-7x7-rust-lambda-v0.1.0	-	qadv-arbiter-7x7-rust-lambda-v0.1.0	-	L	P	196
g1_BTMT6B64d2Oqhxi8dwWzfshCIQ56281S_cFBUi3jAC8	s1_2FtaP75xgRVTNrUvmC0NIesJCNy8IDFJ05WNM4nUnpg	1unQrI	qadv-arbiter-7x7-v0.1.0	-	pathfinder-v0.3.0	-	D	P	196
g1_BTMT6B64d2Oqhxi8dwWzfshCIQ56281S_cFBUi3jAC8	s1_RauLaTi4eVgYHSp2TV9pqs9uzTVv0B10g9TaHMWpcZ4	1unQrI	qadv-arbiter-7x7-v0.1.0	-	pathfinder-v0.3.0	-	D	P	-
g1_BTMT6B64d2Oqhxi8dwWzfshCIQ56281S_cFBUi3jAC8	s1_uvcxErtaS-QFrpvsyDStZw47g1oUyr5P4t8pfBhZnqo	1unQrI	qadv-arbiter-7x7-v0.1.0	-	pathfinder-v0.3.0	-	D	P	196
g1_BTMT6B64d2Oqhxi8dwWzfshCIQ56281S_cFBUi3jAC8	s1_ytvdFirK2XFvtlz7rbypmdHrkwBhpV_kHDCTmaQ-6H4	1unQrI	qadv-arbiter-7x7-v0.1.0	-	pathfinder-v0.3.0	-	D	P	196
g1_BTVhoKzjCZDBC-kNC0W-E9ji4e37JK8Wm2xMmdmadDs	s1_4enbaeRNlBc1CT0Qps5q6dvi8Bd42Rw6EmmjU6MhU7k	1unM77	qadv-arbiter-7x7-rust-lambda-v0.1.0	-	qadv-arbiter-7x7-rust-lambda-v0.1.0	-	D	P	196
g1_BTVhoKzjCZDBC-kNC0W-E9ji4e37JK8Wm2xMmdmadDs	s1_KCY2x52QdqVgjxYu2IVJe6b6-A8-o4eH9Fn9NzqujlA	1unM77	qadv-arbiter-7x7-rust-lambda-v0.1.0	-	qadv-arbiter-7x7-rust-lambda-v0.1.0	-	D	P	196
g1_BTVhoKzjCZDBC-kNC0W-E9ji4e37JK8Wm2xMmdmadDs	s1_RauLaTi4eVgYHSp2TV9pqs9uzTVv0B10g9TaHMWpcZ4	1unM77	qadv-arbiter-7x7-rust-lambda-v0.1.0	-	qadv-arbiter-7x7-rust-lambda-v0.1.0	-	D	P	-
g1_BTVhoKzjCZDBC-kNC0W-E9ji4e37JK8Wm2xMmdmadDs	s1_x28O9LVUclota5WKcKO64d6aTaTO2BDYstCi4ASkpwM	1unM77	qadv-arbiter-7x7-rust-lambda-v0.1.0	-	qadv-arbiter-7x7-rust-lambda-v0.1.0	-	D	P	196
g1_BTX_8RNLV7N0_52YYXJONm3I35l_Eb23ZO4o-QTuk7c	s1_ZcmnmE2VeI8AzbiAt9MM-B95dJ5Z1ncWijZcevm4UOU	1umvC2	pathfinder-compact-sorter-7x7	sha256:7d34820fd656875b3ac4a0142e8f22179d11b133feb3321d0eb735b2a7abd027	pathfinder-deep-10k-7x7	-	L	P	100
g1_BTcpRdLWT855OVmv5ExjhpvWKAFzhfJkOQ7cbQP7ULk	s1_Mb9cSEESneobbdkFJZ_VYk2JnWUXCar_1PQpGcaoyPM	1unMHi	qadv-arbiter-7x7-rust-lambda-v0.1.0	-	qadv-arbiter-7x7-rust-lambda-v0.1.0	-	L	P	196
g1_BTcpRdLWT855OVmv5ExjhpvWKAFzhfJkOQ7cbQP7ULk	s1_RauLaTi4eVgYHSp2TV9pqs9uzTVv0B10g9TaHMWpcZ4	1unMHi	qadv-arbiter-7x7-rust-lambda-v0.1.0	-	qadv-arbiter-7x7-rust-lambda-v0.1.0	-	L	P	-
g1_BTcpRdLWT855OVmv5ExjhpvWKAFzhfJkOQ7cbQP7ULk	s1_kLoiZ3xEddMOkKjycpOxt7_HhEkj3z6EenlViGxNEHI	1unMHi	qadv-arbiter-7x7-rust-lambda-v0.1.0	-	qadv-arbiter-7x7-rust-lambda-v0.1.0	-	L	P	196
g1_BTcpRdLWT855OVmv5ExjhpvWKAFzhfJkOQ7cbQP7ULk	s1_qHjtLBC_rOYe792DXQYD8hWfWJc_qPl8QLUkbes-XxI	1unMHi	qadv-arbiter-7x7-rust-lambda-v0.1.0	-	qadv-arbiter-7x7-rust-lambda-v0.1.0	-	L	P	196
g1_BThLfo2wBXKrO_aAK_00BGZLZ4-Y1G2UIAHKC8ai5Eg	s1_8foeFyb0YUyqtZwQL0dtKqKXdJyHVBs0gXmO3n9_EFw	1unMAg	qadv-arbiter-7x7-rust-lambda-v0.1.0	-	qadv-arbiter-7x7-rust-lambda-v0.1.0	-	D	P	196
g1_BThLfo2wBXKrO_aAK_00BGZLZ4-Y1G2UIAHKC8ai5Eg	s1_RauLaTi4eVgYHSp2TV9pqs9uzTVv0B10g9TaHMWpcZ4	1unMAg	qadv-arbiter-7x7-rust-lambda-v0.1.0	-	qadv-arbiter-7x7-rust-lambda-v0.1.0	-	D	P	-
g1_BThLfo2wBXKrO_aAK_00BGZLZ4-Y1G2UIAHKC8ai5Eg	s1_kFycu6qNL5uiw2GD5Gn2gfpc78kyZD3CWN0d3X4cdh8	1unMAg	qadv-arbiter-7x7-rust-lambda-v0.1.0	-	qadv-arbiter-7x7-rust-lambda-v0.1.0	-	D	P	196
g1_BThLfo2wBXKrO_aAK_00BGZLZ4-Y1G2UIAHKC8ai5Eg	s1_klOSV9iDfiQp-OJRmoUpKo8er68Z_StmitrFF2jIXmA	1unMAg	qadv-arbiter-7x7-rust-lambda-v0.1.0	-	qadv-arbiter-7x7-rust-lambda-v0.1.0	-	D	P	196
g1_BU-BbeaXq_01uGT5V8KDsZlf_E6rZxPQ0r818xE1KoA	s1_DeXsyVNWvZs_6OJA2H0ZSruFpsuwl7RjA2aXGuuH_KQ	1unPsu	qadv-arbiter-7x7-rust-lambda-v0.1.0	-	qadv-arbiter-7x7-rust-lambda-v0.1.0	-	D	P	196
g1_BU-BbeaXq_01uGT5V8KDsZlf_E6rZxPQ0r818xE1KoA	s1_RauLaTi4eVgYHSp2TV9pqs9uzTVv0B10g9TaHMWpcZ4	1unPsu	qadv-arbiter-7x7-rust-lambda-v0.1.0	-	qadv-arbiter-7x7-rust-lambda-v0.1.0	-	D	P	-
g1_BU-BbeaXq_01uGT5V8KDsZlf_E6rZxPQ0r818xE1KoA	s1_YK7rqb4Hlpv6wKARVaISoY_1ttjubp2UEJ-O4wfayoc	1unPsu	qadv-arbiter-7x7-rust-lambda-v0.1.0	-	qadv-arbiter-7x7-rust-lambda-v0.1.0	-	D	P	196
g1_BU-BbeaXq_01uGT5V8KDsZlf_E6rZxPQ0r818xE1KoA	s1_jU9nq0uAOugwzGYoAY8W4qRU4jc-kpIlkHw6XdrJ9UU	1unPsu	qadv-arbiter-7x7-rust-lambda-v0.1.0	-	qadv-arbiter-7x7-rust-lambda-v0.1.0	-	D	P	196
g1_BUF_LLaHTNKRTlQ1p8tWvMc1mb9Umjh4JC9G-P8vu30	s1_RauLaTi4eVgYHSp2TV9pqs9uzTVv0B10g9TaHMWpcZ4	1unPDR	qadv-arbiter-7x7-rust-lambda-v0.1.0	-	qadv-arbiter-7x7-rust-lambda-v0.1.0	-	D	P	-
g1_BUF_LLaHTNKRTlQ1p8tWvMc1mb9Umjh4JC9G-P8vu30	s1_STe3Wz4rCvfURzvRV35F91WlPKDP4XNWH-pnjgjhJoE	1unPDR	qadv-arbiter-7x7-rust-lambda-v0.1.0	-	qadv-arbiter-7x7-rust-lambda-v0.1.0	-	D	P	196
g1_BUF_LLaHTNKRTlQ1p8tWvMc1mb9Umjh4JC9G-P8vu30	s1_TGiO3iTZI_85_YS8HlSHutthUAP0o8v8PmDvSwIKS0I	1unPDR	qadv-arbiter-7x7-rust-lambda-v0.1.0	-	qadv-arbiter-7x7-rust-lambda-v0.1.0	-	D	P	196
g1_BUF_LLaHTNKRTlQ1p8tWvMc1mb9Umjh4JC9G-P8vu30	s1_Vr6di2H4INJHq5V2BTTUggzqLR6eNTDGrWxsR4uM2bc	1unPDR	qadv-arbiter-7x7-rust-lambda-v0.1.0	-	qadv-arbiter-7x7-rust-lambda-v0.1.0	-	D	P	196
g1_BUGTYMwVaJduUN6bEZUkzaN5z6PkrK-Ayay6q75e5Mk	s1_61jTBe7I6Neipdrep5hLDd_m0TdEhwYv7t843pYZIww	1unP6t	qadv-arbiter-7x7-rust-lambda-v0.1.0	-	qadv-arbiter-7x7-rust-lambda-v0.1.0	-	L	P	196
g1_BUGTYMwVaJduUN6bEZUkzaN5z6PkrK-Ayay6q75e5Mk	s1_RauLaTi4eVgYHSp2TV9pqs9uzTVv0B10g9TaHMWpcZ4	1unP6t	qadv-arbiter-7x7-rust-lambda-v0.1.0	-	qadv-arbiter-7x7-rust-lambda-v0.1.0	-	L	P	-
g1_BUGTYMwVaJduUN6bEZUkzaN5z6PkrK-Ayay6q75e5Mk	s1_pdzUihWGPu0Dq3xWaILjpJ_q6Pm9mVSCgex-Lzy0MIo	1unP6t	qadv-arbiter-7x7-rust-lambda-v0.1.0	-	qadv-arbiter-7x7-rust-lambda-v0.1.0	-	L	P	196
g1_BUGTYMwVaJduUN6bEZUkzaN5z6PkrK-Ayay6q75e5Mk	s1_uIZ2Lx1mks4EWCZDIBBWa1E670QvT1NGXt-fLNU6EFU	1unP6t	qadv-arbiter-7x7-rust-lambda-v0.1.0	-	qadv-arbiter-7x7-rust-lambda-v0.1.0	-	L	P	196
g1_BUNUbpMKAgspNHOiwqXh6f5bF-bhe8cxllall9RvqLE	s1_H11Im6TAXGtuXuM9W_b4GjUfWsoAqETkE_O5Ia4yaBs	1umv39	gnn-reval30k-7x7	sha256:7f41dbe135649d1116a0914bc0358a5ffae95749195ec20dd972035bbbea52f7	qadv-arbiter-7x7-v0.1.0	sha256:7b3c359aa5f27dccf72cbf196fa8adfbbeb2be2d7ba55c424030963a0047dbda	D	P	196
g1_BUNUbpMKAgspNHOiwqXh6f5bF-bhe8cxllall9RvqLE	s1_g5yymKOnNq9sNu5cAHqJTO_Mjzkcnp2bTQULq-htAAI	1umv4j	gnn-reval30k-7x7	sha256:7f41dbe135649d1116a0914bc0358a5ffae95749195ec20dd972035bbbea52f7	qadv-arbiter-7x7-v0.1.0	sha256:7b3c359aa5f27dccf72cbf196fa8adfbbeb2be2d7ba55c424030963a0047dbda	D	P	196
g1_BUNUbpMKAgspNHOiwqXh6f5bF-bhe8cxllall9RvqLE	s1_jh7dmwT3b-m7WSXweGrLMHIYx7L475bkbM1lBgNJHTg	1umvI_	gnn-reval30k-7x7	sha256:7f41dbe135649d1116a0914bc0358a5ffae95749195ec20dd972035bbbea52f7	qadv-arbiter-7x7-v0.1.0	sha256:7b3c359aa5f27dccf72cbf196fa8adfbbeb2be2d7ba55c424030963a0047dbda	D	P	196
g1_BUNUbpMKAgspNHOiwqXh6f5bF-bhe8cxllall9RvqLE	s1_jh7dmwT3b-m7WSXweGrLMHIYx7L475bkbM1lBgNJHTg	1umvIj	gnn-reval30k-7x7	sha256:7f41dbe135649d1116a0914bc0358a5ffae95749195ec20dd972035bbbea52f7	qadv-arbiter-7x7-v0.1.0	sha256:7b3c359aa5f27dccf72cbf196fa8adfbbeb2be2d7ba55c424030963a0047dbda	D	P	196
g1_BUNUbpMKAgspNHOiwqXh6f5bF-bhe8cxllall9RvqLE	s1_jh7dmwT3b-m7WSXweGrLMHIYx7L475bkbM1lBgNJHTg	1umvIl	gnn-reval30k-7x7	sha256:7f41dbe135649d1116a0914bc0358a5ffae95749195ec20dd972035bbbea52f7	qadv-arbiter-7x7-v0.1.0	sha256:7b3c359aa5f27dccf72cbf196fa8adfbbeb2be2d7ba55c424030963a0047dbda	D	P	196
g1_BUNUbpMKAgspNHOiwqXh6f5bF-bhe8cxllall9RvqLE	s1_jh7dmwT3b-m7WSXweGrLMHIYx7L475bkbM1lBgNJHTg	1umvIn	gnn-reval30k-7x7	sha256:7f41dbe135649d1116a0914bc0358a5ffae95749195ec20dd972035bbbea52f7	qadv-arbiter-7x7-v0.1.0	sha256:7b3c359aa5f27dccf72cbf196fa8adfbbeb2be2d7ba55c424030963a0047dbda	D	P	196
g1_BUNUbpMKAgspNHOiwqXh6f5bF-bhe8cxllall9RvqLE	s1_jh7dmwT3b-m7WSXweGrLMHIYx7L475bkbM1lBgNJHTg	1umvIp	gnn-reval30k-7x7	sha256:7f41dbe135649d1116a0914bc0358a5ffae95749195ec20dd972035bbbea52f7	qadv-arbiter-7x7-v0.1.0	sha256:7b3c359aa5f27dccf72cbf196fa8adfbbeb2be2d7ba55c424030963a0047dbda	D	P	196
g1_BUNUbpMKAgspNHOiwqXh6f5bF-bhe8cxllall9RvqLE	s1_jh7dmwT3b-m7WSXweGrLMHIYx7L475bkbM1lBgNJHTg	1umvIr	gnn-reval30k-7x7	sha256:7f41dbe135649d1116a0914bc0358a5ffae95749195ec20dd972035bbbea52f7	qadv-arbiter-7x7-v0.1.0	sha256:7b3c359aa5f27dccf72cbf196fa8adfbbeb2be2d7ba55c424030963a0047dbda	D	P	196
g1_BUNUbpMKAgspNHOiwqXh6f5bF-bhe8cxllall9RvqLE	s1_jh7dmwT3b-m7WSXweGrLMHIYx7L475bkbM1lBgNJHTg	1umvIt	gnn-reval30k-7x7	sha256:7f41dbe135649d1116a0914bc0358a5ffae95749195ec20dd972035bbbea52f7	qadv-arbiter-7x7-v0.1.0	sha256:7b3c359aa5f27dccf72cbf196fa8adfbbeb2be2d7ba55c424030963a0047dbda	D	P	196
g1_BUNUbpMKAgspNHOiwqXh6f5bF-bhe8cxllall9RvqLE	s1_jh7dmwT3b-m7WSXweGrLMHIYx7L475bkbM1lBgNJHTg	1umvIv	gnn-reval30k-7x7	sha256:7f41dbe135649d1116a0914bc0358a5ffae95749195ec20dd972035bbbea52f7	qadv-arbiter-7x7-v0.1.0	sha256:7b3c359aa5f27dccf72cbf196fa8adfbbeb2be2d7ba55c424030963a0047dbda	D	P	196
g1_BUNUbpMKAgspNHOiwqXh6f5bF-bhe8cxllall9RvqLE	s1_jh7dmwT3b-m7WSXweGrLMHIYx7L475bkbM1lBgNJHTg	1umvIx	gnn-reval30k-7x7	sha256:7f41dbe135649d1116a0914bc0358a5ffae95749195ec20dd972035bbbea52f7	qadv-arbiter-7x7-v0.1.0	sha256:7b3c359aa5f27dccf72cbf196fa8adfbbeb2be2d7ba55c424030963a0047dbda	D	P	196
g1_BUNUbpMKAgspNHOiwqXh6f5bF-bhe8cxllall9RvqLE	s1_jh7dmwT3b-m7WSXweGrLMHIYx7L475bkbM1lBgNJHTg	1umvIz	gnn-reval30k-7x7	sha256:7f41dbe135649d1116a0914bc0358a5ffae95749195ec20dd972035bbbea52f7	qadv-arbiter-7x7-v0.1.0	sha256:7b3c359aa5f27dccf72cbf196fa8adfbbeb2be2d7ba55c424030963a0047dbda	D	P	196
g1_BUNUbpMKAgspNHOiwqXh6f5bF-bhe8cxllall9RvqLE	s1_jh7dmwT3b-m7WSXweGrLMHIYx7L475bkbM1lBgNJHTg	1umvJ1	gnn-reval30k-7x7	sha256:7f41dbe135649d1116a0914bc0358a5ffae95749195ec20dd972035bbbea52f7	qadv-arbiter-7x7-v0.1.0	sha256:7b3c359aa5f27dccf72cbf196fa8adfbbeb2be2d7ba55c424030963a0047dbda	D	P	196
g1_BUNUbpMKAgspNHOiwqXh6f5bF-bhe8cxllall9RvqLE	s1_jh7dmwT3b-m7WSXweGrLMHIYx7L475bkbM1lBgNJHTg	1umvJ3	gnn-reval30k-7x7	sha256:7f41dbe135649d1116a0914bc0358a5ffae95749195ec20dd972035bbbea52f7	qadv-arbiter-7x7-v0.1.0	sha256:7b3c359aa5f27dccf72cbf196fa8adfbbeb2be2d7ba55c424030963a0047dbda	D	P	196
g1_BUNUbpMKAgspNHOiwqXh6f5bF-bhe8cxllall9RvqLE	s1_jh7dmwT3b-m7WSXweGrLMHIYx7L475bkbM1lBgNJHTg	1umvJ5	gnn-reval30k-7x7	sha256:7f41dbe135649d1116a0914bc0358a5ffae95749195ec20dd972035bbbea52f7	qadv-arbiter-7x7-v0.1.0	sha256:7b3c359aa5f27dccf72cbf196fa8adfbbeb2be2d7ba55c424030963a0047dbda	D	P	196
g1_BUNUbpMKAgspNHOiwqXh6f5bF-bhe8cxllall9RvqLE	s1_jh7dmwT3b-m7WSXweGrLMHIYx7L475bkbM1lBgNJHTg	1umvJ7	gnn-reval30k-7x7	sha256:7f41dbe135649d1116a0914bc0358a5ffae95749195ec20dd972035bbbea52f7	qadv-arbiter-7x7-v0.1.0	sha256:7b3c359aa5f27dccf72cbf196fa8adfbbeb2be2d7ba55c424030963a0047dbda	D	P	196
g1_BUNUbpMKAgspNHOiwqXh6f5bF-bhe8cxllall9RvqLE	s1_jh7dmwT3b-m7WSXweGrLMHIYx7L475bkbM1lBgNJHTg	1umvJ9	gnn-reval30k-7x7	sha256:7f41dbe135649d1116a0914bc0358a5ffae95749195ec20dd972035bbbea52f7	qadv-arbiter-7x7-v0.1.0	sha256:7b3c359aa5f27dccf72cbf196fa8adfbbeb2be2d7ba55c424030963a0047dbda	D	P	196
g1_BUNUbpMKAgspNHOiwqXh6f5bF-bhe8cxllall9RvqLE	s1_jh7dmwT3b-m7WSXweGrLMHIYx7L475bkbM1lBgNJHTg	1umvJB	gnn-reval30k-7x7	sha256:7f41dbe135649d1116a0914bc0358a5ffae95749195ec20dd972035bbbea52f7	qadv-arbiter-7x7-v0.1.0	sha256:7b3c359aa5f27dccf72cbf196fa8adfbbeb2be2d7ba55c424030963a0047dbda	D	P	196
g1_BUNUbpMKAgspNHOiwqXh6f5bF-bhe8cxllall9RvqLE	s1_jh7dmwT3b-m7WSXweGrLMHIYx7L475bkbM1lBgNJHTg	1umvJD	gnn-reval30k-7x7	sha256:7f41dbe135649d1116a0914bc0358a5ffae95749195ec20dd972035bbbea52f7	qadv-arbiter-7x7-v0.1.0	sha256:7b3c359aa5f27dccf72cbf196fa8adfbbeb2be2d7ba55c424030963a0047dbda	D	P	196
g1_BUNUbpMKAgspNHOiwqXh6f5bF-bhe8cxllall9RvqLE	s1_jh7dmwT3b-m7WSXweGrLMHIYx7L475bkbM1lBgNJHTg	1umvJF	gnn-reval30k-7x7	sha256:7f41dbe135649d1116a0914bc0358a5ffae95749195ec20dd972035bbbea52f7	qadv-arbiter-7x7-v0.1.0	sha256:7b3c359aa5f27dccf72cbf196fa8adfbbeb2be2d7ba55c424030963a0047dbda	D	P	196
g1_BUNUbpMKAgspNHOiwqXh6f5bF-bhe8cxllall9RvqLE	s1_jh7dmwT3b-m7WSXweGrLMHIYx7L475bkbM1lBgNJHTg	1umvJH	gnn-reval30k-7x7	sha256:7f41dbe135649d1116a0914bc0358a5ffae95749195ec20dd972035bbbea52f7	qadv-arbiter-7x7-v0.1.0	sha256:7b3c359aa5f27dccf72cbf196fa8adfbbeb2be2d7ba55c424030963a0047dbda	D	P	196
g1_BUNUbpMKAgspNHOiwqXh6f5bF-bhe8cxllall9RvqLE	s1_jh7dmwT3b-m7WSXweGrLMHIYx7L475bkbM1lBgNJHTg	1umvJJ	gnn-reval30k-7x7	sha256:7f41dbe135649d1116a0914bc0358a5ffae95749195ec20dd972035bbbea52f7	qadv-arbiter-7x7-v0.1.0	sha256:7b3c359aa5f27dccf72cbf196fa8adfbbeb2be2d7ba55c424030963a0047dbda	D	P	196
g1_BUNUbpMKAgspNHOiwqXh6f5bF-bhe8cxllall9RvqLE	s1_jh7dmwT3b-m7WSXweGrLMHIYx7L475bkbM1lBgNJHTg	1umvJL	gnn-reval30k-7x7	sha256:7f41dbe135649d1116a0914bc0358a5ffae95749195ec20dd972035bbbea52f7	qadv-arbiter-7x7-v0.1.0	sha256:7b3c359aa5f27dccf72cbf196fa8adfbbeb2be2d7ba55c424030963a0047dbda	D	P	196
g1_BUNUbpMKAgspNHOiwqXh6f5bF-bhe8cxllall9RvqLE	s1_jh7dmwT3b-m7WSXweGrLMHIYx7L475bkbM1lBgNJHTg	1umvJN	gnn-reval30k-7x7	sha256:7f41dbe135649d1116a0914bc0358a5ffae95749195ec20dd972035bbbea52f7	qadv-arbiter-7x7-v0.1.0	sha256:7b3c359aa5f27dccf72cbf196fa8adfbbeb2be2d7ba55c424030963a0047dbda	D	P	196
g1_BUNUbpMKAgspNHOiwqXh6f5bF-bhe8cxllall9RvqLE	s1_jh7dmwT3b-m7WSXweGrLMHIYx7L475bkbM1lBgNJHTg	1umvJP	gnn-reval30k-7x7	sha256:7f41dbe135649d1116a0914bc0358a5ffae95749195ec20dd972035bbbea52f7	qadv-arbiter-7x7-v0.1.0	sha256:7b3c359aa5f27dccf72cbf196fa8adfbbeb2be2d7ba55c424030963a0047dbda	D	P	196
g1_BUNUbpMKAgspNHOiwqXh6f5bF-bhe8cxllall9RvqLE	s1_jh7dmwT3b-m7WSXweGrLMHIYx7L475bkbM1lBgNJHTg	1umvJR	gnn-reval30k-7x7	sha256:7f41dbe135649d1116a0914bc0358a5ffae95749195ec20dd972035bbbea52f7	qadv-arbiter-7x7-v0.1.0	sha256:7b3c359aa5f27dccf72cbf196fa8adfbbeb2be2d7ba55c424030963a0047dbda	D	P	196
g1_BUNUbpMKAgspNHOiwqXh6f5bF-bhe8cxllall9RvqLE	s1_jh7dmwT3b-m7WSXweGrLMHIYx7L475bkbM1lBgNJHTg	1umvJT	gnn-reval30k-7x7	sha256:7f41dbe135649d1116a0914bc0358a5ffae95749195ec20dd972035bbbea52f7	qadv-arbiter-7x7-v0.1.0	sha256:7b3c359aa5f27dccf72cbf196fa8adfbbeb2be2d7ba55c424030963a0047dbda	D	P	196
g1_BUNUbpMKAgspNHOiwqXh6f5bF-bhe8cxllall9RvqLE	s1_jh7dmwT3b-m7WSXweGrLMHIYx7L475bkbM1lBgNJHTg	1umvJV	gnn-reval30k-7x7	sha256:7f41dbe135649d1116a0914bc0358a5ffae95749195ec20dd972035bbbea52f7	qadv-arbiter-7x7-v0.1.0	sha256:7b3c359aa5f27dccf72cbf196fa8adfbbeb2be2d7ba55c424030963a0047dbda	D	P	196
g1_BUNUbpMKAgspNHOiwqXh6f5bF-bhe8cxllall9RvqLE	s1_jh7dmwT3b-m7WSXweGrLMHIYx7L475bkbM1lBgNJHTg	1umvJX	gnn-reval30k-7x7	sha256:7f41dbe135649d1116a0914bc0358a5ffae95749195ec20dd972035bbbea52f7	qadv-arbiter-7x7-v0.1.0	sha256:7b3c359aa5f27dccf72cbf196fa8adfbbeb2be2d7ba55c424030963a0047dbda	D	P	196
g1_BUNUbpMKAgspNHOiwqXh6f5bF-bhe8cxllall9RvqLE	s1_jh7dmwT3b-m7WSXweGrLMHIYx7L475bkbM1lBgNJHTg	1umvJZ	gnn-reval30k-7x7	sha256:7f41dbe135649d1116a0914bc0358a5ffae95749195ec20dd972035bbbea52f7	qadv-arbiter-7x7-v0.1.0	sha256:7b3c359aa5f27dccf72cbf196fa8adfbbeb2be2d7ba55c424030963a0047dbda	D	P	196
g1_BUNUbpMKAgspNHOiwqXh6f5bF-bhe8cxllall9RvqLE	s1_jh7dmwT3b-m7WSXweGrLMHIYx7L475bkbM1lBgNJHTg	1umvJ_	gnn-reval30k-7x7	sha256:7f41dbe135649d1116a0914bc0358a5ffae95749195ec20dd972035bbbea52f7	qadv-arbiter-7x7-v0.1.0	sha256:7b3c359aa5f27dccf72cbf196fa8adfbbeb2be2d7ba55c424030963a0047dbda	D	P	196
g1_BUNUbpMKAgspNHOiwqXh6f5bF-bhe8cxllall9RvqLE	s1_jh7dmwT3b-m7WSXweGrLMHIYx7L475bkbM1lBgNJHTg	1umvJb	gnn-reval30k-7x7	sha256:7f41dbe135649d1116a0914bc0358a5ffae95749195ec20dd972035bbbea52f7	qadv-arbiter-7x7-v0.1.0	sha256:7b3c359aa5f27dccf72cbf196fa8adfbbeb2be2d7ba55c424030963a0047dbda	D	P	196
g1_BUNUbpMKAgspNHOiwqXh6f5bF-bhe8cxllall9RvqLE	s1_jh7dmwT3b-m7WSXweGrLMHIYx7L475bkbM1lBgNJHTg	1umvJd	gnn-reval30k-7x7	sha256:7f41dbe135649d1116a0914bc0358a5ffae95749195ec20dd972035bbbea52f7	qadv-arbiter-7x7-v0.1.0	sha256:7b3c359aa5f27dccf72cbf196fa8adfbbeb2be2d7ba55c424030963a0047dbda	D	P	196
g1_BUNUbpMKAgspNHOiwqXh6f5bF-bhe8cxllall9RvqLE	s1_jh7dmwT3b-m7WSXweGrLMHIYx7L475bkbM1lBgNJHTg	1umvJf	gnn-reval30k-7x7	sha256:7f41dbe135649d1116a0914bc0358a5ffae95749195ec20dd972035bbbea52f7	qadv-arbiter-7x7-v0.1.0	sha256:7b3c359aa5f27dccf72cbf196fa8adfbbeb2be2d7ba55c424030963a0047dbda	D	P	196
g1_BUNUbpMKAgspNHOiwqXh6f5bF-bhe8cxllall9RvqLE	s1_jh7dmwT3b-m7WSXweGrLMHIYx7L475bkbM1lBgNJHTg	1umvJh	gnn-reval30k-7x7	sha256:7f41dbe135649d1116a0914bc0358a5ffae95749195ec20dd972035bbbea52f7	qadv-arbiter-7x7-v0.1.0	sha256:7b3c359aa5f27dccf72cbf196fa8adfbbeb2be2d7ba55c424030963a0047dbda	D	P	196
g1_BUNUbpMKAgspNHOiwqXh6f5bF-bhe8cxllall9RvqLE	s1_jh7dmwT3b-m7WSXweGrLMHIYx7L475bkbM1lBgNJHTg	1umvJj	gnn-reval30k-7x7	sha256:7f41dbe135649d1116a0914bc0358a5ffae95749195ec20dd972035bbbea52f7	qadv-arbiter-7x7-v0.1.0	sha256:7b3c359aa5f27dccf72cbf196fa8adfbbeb2be2d7ba55c424030963a0047dbda	D	P	196
g1_BUNUbpMKAgspNHOiwqXh6f5bF-bhe8cxllall9RvqLE	s1_jh7dmwT3b-m7WSXweGrLMHIYx7L475bkbM1lBgNJHTg	1umvJl	gnn-reval30k-7x7	sha256:7f41dbe135649d1116a0914bc0358a5ffae95749195ec20dd972035bbbea52f7	qadv-arbiter-7x7-v0.1.0	sha256:7b3c359aa5f27dccf72cbf196fa8adfbbeb2be2d7ba55c424030963a0047dbda	D	P	196
g1_BUNUbpMKAgspNHOiwqXh6f5bF-bhe8cxllall9RvqLE	s1_jh7dmwT3b-m7WSXweGrLMHIYx7L475bkbM1lBgNJHTg	1umvJn	gnn-reval30k-7x7	sha256:7f41dbe135649d1116a0914bc0358a5ffae95749195ec20dd972035bbbea52f7	qadv-arbiter-7x7-v0.1.0	sha256:7b3c359aa5f27dccf72cbf196fa8adfbbeb2be2d7ba55c424030963a0047dbda	D	P	196
g1_BUNUbpMKAgspNHOiwqXh6f5bF-bhe8cxllall9RvqLE	s1_jh7dmwT3b-m7WSXweGrLMHIYx7L475bkbM1lBgNJHTg	1umvJp	gnn-reval30k-7x7	sha256:7f41dbe135649d1116a0914bc0358a5ffae95749195ec20dd972035bbbea52f7	qadv-arbiter-7x7-v0.1.0	sha256:7b3c359aa5f27dccf72cbf196fa8adfbbeb2be2d7ba55c424030963a0047dbda	D	P	196
g1_BUNUbpMKAgspNHOiwqXh6f5bF-bhe8cxllall9RvqLE	s1_jh7dmwT3b-m7WSXweGrLMHIYx7L475bkbM1lBgNJHTg	1umvJr	gnn-reval30k-7x7	sha256:7f41dbe135649d1116a0914bc0358a5ffae95749195ec20dd972035bbbea52f7	qadv-arbiter-7x7-v0.1.0	sha256:7b3c359aa5f27dccf72cbf196fa8adfbbeb2be2d7ba55c424030963a0047dbda	D	P	196
g1_BUNUbpMKAgspNHOiwqXh6f5bF-bhe8cxllall9RvqLE	s1_jh7dmwT3b-m7WSXweGrLMHIYx7L475bkbM1lBgNJHTg	1umvJt	gnn-reval30k-7x7	sha256:7f41dbe135649d1116a0914bc0358a5ffae95749195ec20dd972035bbbea52f7	qadv-arbiter-7x7-v0.1.0	sha256:7b3c359aa5f27dccf72cbf196fa8adfbbeb2be2d7ba55c424030963a0047dbda	D	P	196
g1_BUNUbpMKAgspNHOiwqXh6f5bF-bhe8cxllall9RvqLE	s1_jh7dmwT3b-m7WSXweGrLMHIYx7L475bkbM1lBgNJHTg	1umvJv	gnn-reval30k-7x7	sha256:7f41dbe135649d1116a0914bc0358a5ffae95749195ec20dd972035bbbea52f7	qadv-arbiter-7x7-v0.1.0	sha256:7b3c359aa5f27dccf72cbf196fa8adfbbeb2be2d7ba55c424030963a0047dbda	D	P	196
g1_BUNUbpMKAgspNHOiwqXh6f5bF-bhe8cxllall9RvqLE	s1_jh7dmwT3b-m7WSXweGrLMHIYx7L475bkbM1lBgNJHTg	1umvJx	gnn-reval30k-7x7	sha256:7f41dbe135649d1116a0914bc0358a5ffae95749195ec20dd972035bbbea52f7	qadv-arbiter-7x7-v0.1.0	sha256:7b3c359aa5f27dccf72cbf196fa8adfbbeb2be2d7ba55c424030963a0047dbda	D	P	196
g1_BUNUbpMKAgspNHOiwqXh6f5bF-bhe8cxllall9RvqLE	s1_jh7dmwT3b-m7WSXweGrLMHIYx7L475bkbM1lBgNJHTg	1umvJz	gnn-reval30k-7x7	sha256:7f41dbe135649d1116a0914bc0358a5ffae95749195ec20dd972035bbbea52f7	qadv-arbiter-7x7-v0.1.0	sha256:7b3c359aa5f27dccf72cbf196fa8adfbbeb2be2d7ba55c424030963a0047dbda	D	P	196
g1_BUNUbpMKAgspNHOiwqXh6f5bF-bhe8cxllall9RvqLE	s1_jh7dmwT3b-m7WSXweGrLMHIYx7L475bkbM1lBgNJHTg	1umvK1	gnn-reval30k-7x7	sha256:7f41dbe135649d1116a0914bc0358a5ffae95749195ec20dd972035bbbea52f7	qadv-arbiter-7x7-v0.1.0	sha256:7b3c359aa5f27dccf72cbf196fa8adfbbeb2be2d7ba55c424030963a0047dbda	D	P	196
g1_BUNUbpMKAgspNHOiwqXh6f5bF-bhe8cxllall9RvqLE	s1_jh7dmwT3b-m7WSXweGrLMHIYx7L475bkbM1lBgNJHTg	1umvK3	gnn-reval30k-7x7	sha256:7f41dbe135649d1116a0914bc0358a5ffae95749195ec20dd972035bbbea52f7	qadv-arbiter-7x7-v0.1.0	sha256:7b3c359aa5f27dccf72cbf196fa8adfbbeb2be2d7ba55c424030963a0047dbda	D	P	196
g1_BUNUbpMKAgspNHOiwqXh6f5bF-bhe8cxllall9RvqLE	s1_jh7dmwT3b-m7WSXweGrLMHIYx7L475bkbM1lBgNJHTg	1umvK5	gnn-reval30k-7x7	sha256:7f41dbe135649d1116a0914bc0358a5ffae95749195ec20dd972035bbbea52f7	qadv-arbiter-7x7-v0.1.0	sha256:7b3c359aa5f27dccf72cbf196fa8adfbbeb2be2d7ba55c424030963a0047dbda	D	P	196
g1_BUNUbpMKAgspNHOiwqXh6f5bF-bhe8cxllall9RvqLE	s1_jh7dmwT3b-m7WSXweGrLMHIYx7L475bkbM1lBgNJHTg	1umvK7	gnn-reval30k-7x7	sha256:7f41dbe135649d1116a0914bc0358a5ffae95749195ec20dd972035bbbea52f7	qadv-arbiter-7x7-v0.1.0	sha256:7b3c359aa5f27dccf72cbf196fa8adfbbeb2be2d7ba55c424030963a0047dbda	D	P	196
g1_BUNUbpMKAgspNHOiwqXh6f5bF-bhe8cxllall9RvqLE	s1_jh7dmwT3b-m7WSXweGrLMHIYx7L475bkbM1lBgNJHTg	1umvK9	gnn-reval30k-7x7	sha256:7f41dbe135649d1116a0914bc0358a5ffae95749195ec20dd972035bbbea52f7	qadv-arbiter-7x7-v0.1.0	sha256:7b3c359aa5f27dccf72cbf196fa8adfbbeb2be2d7ba55c424030963a0047dbda	D	P	196
g1_BUNUbpMKAgspNHOiwqXh6f5bF-bhe8cxllall9RvqLE	s1_jh7dmwT3b-m7WSXweGrLMHIYx7L475bkbM1lBgNJHTg	1umvKB	gnn-reval30k-7x7	sha256:7f41dbe135649d1116a0914bc0358a5ffae95749195ec20dd972035bbbea52f7	qadv-arbiter-7x7-v0.1.0	sha256:7b3c359aa5f27dccf72cbf196fa8adfbbeb2be2d7ba55c424030963a0047dbda	D	P	196
g1_BUNUbpMKAgspNHOiwqXh6f5bF-bhe8cxllall9RvqLE	s1_jh7dmwT3b-m7WSXweGrLMHIYx7L475bkbM1lBgNJHTg	1umvKD	gnn-reval30k-7x7	sha256:7f41dbe135649d1116a0914bc0358a5ffae95749195ec20dd972035bbbea52f7	qadv-arbiter-7x7-v0.1.0	sha256:7b3c359aa5f27dccf72cbf196fa8adfbbeb2be2d7ba55c424030963a0047dbda	D	P	196
g1_BUNUbpMKAgspNHOiwqXh6f5bF-bhe8cxllall9RvqLE	s1_jh7dmwT3b-m7WSXweGrLMHIYx7L475bkbM1lBgNJHTg	1umvKF	gnn-reval30k-7x7	sha256:7f41dbe135649d1116a0914bc0358a5ffae95749195ec20dd972035bbbea52f7	qadv-arbiter-7x7-v0.1.0	sha256:7b3c359aa5f27dccf72cbf196fa8adfbbeb2be2d7ba55c424030963a0047dbda	D	P	196
g1_BUNtn9mSwKaH_qe8pMcDbIpRwenEH9rh8SGlKmbelUI	s1_1av6nXQkq-GSHXfjkVlGHGpAq8F9UbW4JwZmyFA-vww	1DIcC	python-gnn-puct-v0.1.0	sha256:6f9ad6e4a0993da3cf34a8549e86f9b5d512c51e11bfa76dfe051e7a8801bdac	python-gnn-puct-v0.1.0	sha256:6f9ad6e4a0993da3cf34a8549e86f9b5d512c51e11bfa76dfe051e7a8801bdac	D	P	196
g1_BUNtn9mSwKaH_qe8pMcDbIpRwenEH9rh8SGlKmbelUI	s1_Brk0hkuJoH-MBjdd53AO5tlWcOgDWV_R0PO74fHGd_0	1DIcC	python-gnn-puct-v0.1.0	sha256:6f9ad6e4a0993da3cf34a8549e86f9b5d512c51e11bfa76dfe051e7a8801bdac	python-gnn-puct-v0.1.0	sha256:6f9ad6e4a0993da3cf34a8549e86f9b5d512c51e11bfa76dfe051e7a8801bdac	D	P	196
g1_BUNtn9mSwKaH_qe8pMcDbIpRwenEH9rh8SGlKmbelUI	s1_KmF8KhDbubz6lwdS8R_n_yTGdSONmH9B1wUABbyCj94	1DIcC	python-gnn-puct-v0.1.0	sha256:6f9ad6e4a0993da3cf34a8549e86f9b5d512c51e11bfa76dfe051e7a8801bdac	python-gnn-puct-v0.1.0	sha256:6f9ad6e4a0993da3cf34a8549e86f9b5d512c51e11bfa76dfe051e7a8801bdac	D	P	196
g1_BUNtn9mSwKaH_qe8pMcDbIpRwenEH9rh8SGlKmbelUI	s1_g5pGkHBMEhzAYvwFY0b24sSc7wC9JfnWApMHHZ_aMPI	1DIcC	python-gnn-puct-v0.1.0	sha256:6f9ad6e4a0993da3cf34a8549e86f9b5d512c51e11bfa76dfe051e7a8801bdac	python-gnn-puct-v0.1.0	sha256:6f9ad6e4a0993da3cf34a8549e86f9b5d512c51e11bfa76dfe051e7a8801bdac	D	P	196
g1_BUNtn9mSwKaH_qe8pMcDbIpRwenEH9rh8SGlKmbelUI	s1_tol_POp6BcgBLMWq8iDfRBQSAXpESHxFwmcCQYXv0yQ	1DIcC	python-gnn-puct-v0.1.0	sha256:6f9ad6e4a0993da3cf34a8549e86f9b5d512c51e11bfa76dfe051e7a8801bdac	python-gnn-puct-v0.1.0	sha256:6f9ad6e4a0993da3cf34a8549e86f9b5d512c51e11bfa76dfe051e7a8801bdac	D	P	196
g1_BUROfO6wTB83mqV3PJm0pNj-QURJMJGKT_ek6TS8tkQ	s1_RauLaTi4eVgYHSp2TV9pqs9uzTVv0B10g9TaHMWpcZ4	1unOBM	qadv-arbiter-7x7-rust-lambda-v0.1.0	-	qadv-arbiter-7x7-rust-lambda-v0.1.0	-	D	P	-
g1_BUROfO6wTB83mqV3PJm0pNj-QURJMJGKT_ek6TS8tkQ	s1_YOte9a9868sHr5fsV0qdk_R6WlPHUpklCCZYau7mmKk	1unOBM	qadv-arbiter-7x7-rust-lambda-v0.1.0	-	qadv-arbiter-7x7-rust-lambda-v0.1.0	-	D	P	196
g1_BUROfO6wTB83mqV3PJm0pNj-QURJMJGKT_ek6TS8tkQ	s1_f3kSYtOQ08Sv9yQbS8Obb9I-E5y4_WqsvjyTWVLysdk	1unOBM	qadv-arbiter-7x7-rust-lambda-v0.1.0	-	qadv-arbiter-7x7-rust-lambda-v0.1.0	-	D	P	196
g1_BUROfO6wTB83mqV3PJm0pNj-QURJMJGKT_ek6TS8tkQ	s1_k6z4Ji1CAWb0-LAyxXlfJkC__xv3PFuVSzU1PEOqGeA	1unOBM	qadv-arbiter-7x7-rust-lambda-v0.1.0	-	qadv-arbiter-7x7-rust-lambda-v0.1.0	-	D	P	196
g1_BUUvIcGbSLGkQ9nJwK3k5ySm0_Nf7-XOkQiucui3VOw	s1_CFOyMuWBcBh0kuDqSV_CB_-rvkc7jkzgZMvVv0xpLZ8	1unNHL	qadv-arbiter-7x7-rust-lambda-v0.1.0	-	qadv-arbiter-7x7-rust-lambda-v0.1.0	-	D	P	196
g1_BUUvIcGbSLGkQ9nJwK3k5ySm0_Nf7-XOkQiucui3VOw	s1_RauLaTi4eVgYHSp2TV9pqs9uzTVv0B10g9TaHMWpcZ4	1unNHL	qadv-arbiter-7x7-rust-lambda-v0.1.0	-	qadv-arbiter-7x7-rust-lambda-v0.1.0	-	D	P	-
g1_BUUvIcGbSLGkQ9nJwK3k5ySm0_Nf7-XOkQiucui3VOw	s1_Spki5hhwMPl48W74SihYLHZAqY2Snbq47Oh76cpYOtc	1unNHL	qadv-arbiter-7x7-rust-lambda-v0.1.0	-	qadv-arbiter-7x7-rust-lambda-v0.1.0	-	D	P	196
g1_BUUvIcGbSLGkQ9nJwK3k5ySm0_Nf7-XOkQiucui3VOw	s1_UasX3qvdTq2FHvwXx8V_dzCOp3V5FD61PEl1nMt41u0	1unNHL	qadv-arbiter-7x7-rust-lambda-v0.1.0	-	qadv-arbiter-7x7-rust-lambda-v0.1.0	-	D	P	196
g1_BUnOIM10OcvV5BVZjUR4f7-wHgFQXC8qgWh1M5CMfLs	s1_mP-hyPVK5uHWDYOjE50F0XDTtz2O08VLMnC5SCGLmS0	1umvxS	qadv-arbiter-7x7-v0.1.0	sha256:20c0fcc80c997c58140aa89e7f21a6675bb58c93a0baa9edb120e3fef6c91223	qadv-arbiter-7x7-v0.1.0	sha256:20c0fcc80c997c58140aa89e7f21a6675bb58c93a0baa9edb120e3fef6c91223	D	P	196
g1_BUrASNuQR_UzrDSSWYjKCgEvo9NTCdEAGX0-Sx5ca5k	s1_1av6nXQkq-GSHXfjkVlGHGpAq8F9UbW4JwZmyFA-vww	1DIfM	rust-pathfinder-v0.1.0	-	lunatic-v0.1.0	-	L	P	-
g1_BUrASNuQR_UzrDSSWYjKCgEvo9NTCdEAGX0-Sx5ca5k	s1_9Eroywf7tuDrn-hcfZPjlEa1DSRUykCRn9Z11u8ySIo	1DIfM	rust-pathfinder-v0.1.0	-	lunatic-v0.1.0	-	L	P	-
g1_BUrASNuQR_UzrDSSWYjKCgEvo9NTCdEAGX0-Sx5ca5k	s1_MKrI0a3Qd48rU7oZj28GrlQ3cHhIbUzS5ibiIW9aKy4	1DIfM	rust-pathfinder-v0.1.0	-	lunatic-v0.1.0	-	L	P	-
g1_BUrASNuQR_UzrDSSWYjKCgEvo9NTCdEAGX0-Sx5ca5k	s1_XloMUS0hxYEXf762lcPfaudsLmsH-CsOVZNVVU_obcA	1DIfM	rust-pathfinder-v0.1.0	-	lunatic-v0.1.0	-	L	P	-
g1_BUrASNuQR_UzrDSSWYjKCgEvo9NTCdEAGX0-Sx5ca5k	s1_del54SUFELBov5vQFrhsVexn6D9EhUPDFZpXuqC6eCI	1DIfM	rust-pathfinder-v0.1.0	-	lunatic-v0.1.0	-	L	P	-
g1_BUrASNuQR_UzrDSSWYjKCgEvo9NTCdEAGX0-Sx5ca5k	s1_g5pGkHBMEhzAYvwFY0b24sSc7wC9JfnWApMHHZ_aMPI	1DIfM	rust-pathfinder-v0.1.0	-	lunatic-v0.1.0	-	L	P	-
g1_BUrASNuQR_UzrDSSWYjKCgEvo9NTCdEAGX0-Sx5ca5k	s1_mWPTef6xYbijjPhDIC6QgLRmu2mMSJAokNlIkx3vg54	1DIfM	rust-pathfinder-v0.1.0	-	lunatic-v0.1.0	-	L	P	-
g1_BUxputsbfxEnIIm-T9kYI_6arKW7XtU66E6gMqVNNNc	s1_1av6nXQkq-GSHXfjkVlGHGpAq8F9UbW4JwZmyFA-vww	1EThx	coin-flip-v0.0.1	-	gnn-generation-4-7x7	sha256:d46ba89987292c56b659843817a24bf5357d9a2bae8c3cfac720281eea70e3e7	D	P	196
g1_BUxputsbfxEnIIm-T9kYI_6arKW7XtU66E6gMqVNNNc	s1_gPoZ5rByZErTaB0WLQoU6LVl6WlfprkiDFHagxLzf2Q	1EThx	coin-flip-v0.0.1	-	gnn-generation-4-7x7	sha256:d46ba89987292c56b659843817a24bf5357d9a2bae8c3cfac720281eea70e3e7	D	P	196
g1_BUxputsbfxEnIIm-T9kYI_6arKW7XtU66E6gMqVNNNc	s1_mWPTef6xYbijjPhDIC6QgLRmu2mMSJAokNlIkx3vg54	1EThx	coin-flip-v0.0.1	-	gnn-generation-4-7x7	sha256:d46ba89987292c56b659843817a24bf5357d9a2bae8c3cfac720281eea70e3e7	D	P	196
g1_BVeyE_YDeWMdKYgYw_Tr2v3DxiLIRU0mI_jeQvTPKt0	s1_1av6nXQkq-GSHXfjkVlGHGpAq8F9UbW4JwZmyFA-vww	1DIdL	lunatic-v0.1.0	-	rust-pathfinder-v0.1.0	-	D	P	-
g1_BVeyE_YDeWMdKYgYw_Tr2v3DxiLIRU0mI_jeQvTPKt0	s1_9Eroywf7tuDrn-hcfZPjlEa1DSRUykCRn9Z11u8ySIo	1DIdL	lunatic-v0.1.0	-	rust-pathfinder-v0.1.0	-	D	P	-
g1_BVeyE_YDeWMdKYgYw_Tr2v3DxiLIRU0mI_jeQvTPKt0	s1_MKrI0a3Qd48rU7oZj28GrlQ3cHhIbUzS5ibiIW9aKy4	1DIdL	lunatic-v0.1.0	-	rust-pathfinder-v0.1.0	-	D	P	-
g1_BVeyE_YDeWMdKYgYw_Tr2v3DxiLIRU0mI_jeQvTPKt0	s1_XloMUS0hxYEXf762lcPfaudsLmsH-CsOVZNVVU_obcA	1DIdL	lunatic-v0.1.0	-	rust-pathfinder-v0.1.0	-	D	P	-
g1_BVeyE_YDeWMdKYgYw_Tr2v3DxiLIRU0mI_jeQvTPKt0	s1_del54SUFELBov5vQFrhsVexn6D9EhUPDFZpXuqC6eCI	1DIdL	lunatic-v0.1.0	-	rust-pathfinder-v0.1.0	-	D	P	-
g1_BVeyE_YDeWMdKYgYw_Tr2v3DxiLIRU0mI_jeQvTPKt0	s1_g5pGkHBMEhzAYvwFY0b24sSc7wC9JfnWApMHHZ_aMPI	1DIdL	lunatic-v0.1.0	-	rust-pathfinder-v0.1.0	-	D	P	-
g1_BVeyE_YDeWMdKYgYw_Tr2v3DxiLIRU0mI_jeQvTPKt0	s1_mWPTef6xYbijjPhDIC6QgLRmu2mMSJAokNlIkx3vg54	1DIdL	lunatic-v0.1.0	-	rust-pathfinder-v0.1.0	-	D	P	-
g1_BVpv4qSiL7JaOj1UQ8UDNYqVEhk8jc1FI306TLuyEYE	s1_2FtaP75xgRVTNrUvmC0NIesJCNy8IDFJ05WNM4nUnpg	1unRDT	coin-flip-v0.0.1	-	qadv-arbiter-7x7-v0.1.0	-	D	P	196
g1_BVpv4qSiL7JaOj1UQ8UDNYqVEhk8jc1FI306TLuyEYE	s1_RKN174K3YUlyiXIXgOyvVQ0jGZGnu9O7DNqDx6HDoRQ	1unRDT	coin-flip-v0.0.1	-	qadv-arbiter-7x7-v0.1.0	-	D	P	196
g1_BVpv4qSiL7JaOj1UQ8UDNYqVEhk8jc1FI306TLuyEYE	s1_RauLaTi4eVgYHSp2TV9pqs9uzTVv0B10g9TaHMWpcZ4	1unRDT	coin-flip-v0.0.1	-	qadv-arbiter-7x7-v0.1.0	-	D	P	-
g1_BVpv4qSiL7JaOj1UQ8UDNYqVEhk8jc1FI306TLuyEYE	s1_U4DIxWL6de_IB7-G9-k0dneLZGCBTykzKhJwdv8JsUY	1unRDT	coin-flip-v0.0.1	-	qadv-arbiter-7x7-v0.1.0	-	D	P	196
g1_BVtrFqysyM60x2PsN-cPrsSwtL3XUrwXRNU7BJcDfLQ	s1_0F5dujzY0qExs2ss8e4VuL_O9-PfwerPa9BrHRjFK0Y	1unMJP	qadv-arbiter-7x7-rust-lambda-v0.1.0	-	qadv-arbiter-7x7-rust-lambda-v0.1.0	-	L	P	196
g1_BVtrFqysyM60x2PsN-cPrsSwtL3XUrwXRNU7BJcDfLQ	s1_5HsCoLCeyfY1Yz44th1iFdrhxy5NmZvuTvXQZyjvkgU	1unMJP	qadv-arbiter-7x7-rust-lambda-v0.1.0	-	qadv-arbiter-7x7-rust-lambda-v0.1.0	-	L	P	196
g1_BVtrFqysyM60x2PsN-cPrsSwtL3XUrwXRNU7BJcDfLQ	s1_RauLaTi4eVgYHSp2TV9pqs9uzTVv0B10g9TaHMWpcZ4	1unMJP	qadv-arbiter-7x7-rust-lambda-v0.1.0	-	qadv-arbiter-7x7-rust-lambda-v0.1.0	-	L	P	-
g1_BVtrFqysyM60x2PsN-cPrsSwtL3XUrwXRNU7BJcDfLQ	s1_q8WTQiB0BQO-UtRVJxgvfSzfasJut160_MjdefQleSU	1unMJP	qadv-arbiter-7x7-rust-lambda-v0.1.0	-	qadv-arbiter-7x7-rust-lambda-v0.1.0	-	L	P	196
g1_BW7tdzSfxSMsbm_Zhn2eAj5Tr7ugaw8S0Ohc0cMVQzM	s1_4w29_hJXd6IlbVX3_yQNK3pFl1FUu8aWhWPOGmtPZT8	1unMPl	qadv-arbiter-7x7-rust-lambda-v0.1.0	-	qadv-arbiter-7x7-rust-lambda-v0.1.0	-	D	P	196
g1_BW7tdzSfxSMsbm_Zhn2eAj5Tr7ugaw8S0Ohc0cMVQzM	s1_9pK_obJzofo_mvrJSU2L8ISMAT5PPdIPXJZuYJOojyo	1unMPl	qadv-arbiter-7x7-rust-lambda-v0.1.0	-	qadv-arbiter-7x7-rust-lambda-v0.1.0	-	D	P	196
g1_BW7tdzSfxSMsbm_Zhn2eAj5Tr7ugaw8S0Ohc0cMVQzM	s1_RauLaTi4eVgYHSp2TV9pqs9uzTVv0B10g9TaHMWpcZ4	1unMPl	qadv-arbiter-7x7-rust-lambda-v0.1.0	-	qadv-arbiter-7x7-rust-lambda-v0.1.0	-	D	P	-
g1_BW7tdzSfxSMsbm_Zhn2eAj5Tr7ugaw8S0Ohc0cMVQzM	s1_patPPnzhHy3RTcvxXdqbIML5FDT5p8B5PPzYN_uLhCg	1unMPl	qadv-arbiter-7x7-rust-lambda-v0.1.0	-	qadv-arbiter-7x7-rust-lambda-v0.1.0	-	D	P	196
g1_BWCZhs6idrqlHAPUZmcHKdqgIrr7-ob-8rqfzErK1ww	s1_1LB6NAgPOeCp4r8rQw4kUOIXWpEdWysFm5RZjWCQSgc	1umwbl	python-gnn-puct-learner-v0.1.0	sha256:ab0f739cd33d66781faf60e27797c5ccba3c04ba684f8d9e32e9c2754f4e8956	python-gnn-puct-learner-v0.1.0	sha256:ab0f739cd33d66781faf60e27797c5ccba3c04ba684f8d9e32e9c2754f4e8956	L	P	196
g1_BWCZhs6idrqlHAPUZmcHKdqgIrr7-ob-8rqfzErK1ww	s1_P4NHYhwuVnEA-dG2X-UVeVotb84A5mwljbYTlTMqr8w	1umwbl	python-gnn-puct-learner-v0.1.0	sha256:ab0f739cd33d66781faf60e27797c5ccba3c04ba684f8d9e32e9c2754f4e8956	python-gnn-puct-learner-v0.1.0	sha256:ab0f739cd33d66781faf60e27797c5ccba3c04ba684f8d9e32e9c2754f4e8956	L	P	196
g1_BWFXscjXPWOwNtqund8DMFr6nilHHE0kX01c2fmdzH0	s1_1av6nXQkq-GSHXfjkVlGHGpAq8F9UbW4JwZmyFA-vww	1DIVZ	python-gnn-puct-v0.1.0	sha256:6f9ad6e4a0993da3cf34a8549e86f9b5d512c51e11bfa76dfe051e7a8801bdac	python-gnn-puct-v0.1.0	sha256:6f9ad6e4a0993da3cf34a8549e86f9b5d512c51e11bfa76dfe051e7a8801bdac	D	P	196
g1_BWFXscjXPWOwNtqund8DMFr6nilHHE0kX01c2fmdzH0	s1_del54SUFELBov5vQFrhsVexn6D9EhUPDFZpXuqC6eCI	1DIVZ	python-gnn-puct-v0.1.0	sha256:6f9ad6e4a0993da3cf34a8549e86f9b5d512c51e11bfa76dfe051e7a8801bdac	python-gnn-puct-v0.1.0	sha256:6f9ad6e4a0993da3cf34a8549e86f9b5d512c51e11bfa76dfe051e7a8801bdac	D	P	196
g1_BWFXscjXPWOwNtqund8DMFr6nilHHE0kX01c2fmdzH0	s1_g5pGkHBMEhzAYvwFY0b24sSc7wC9JfnWApMHHZ_aMPI	1DIVZ	python-gnn-puct-v0.1.0	sha256:6f9ad6e4a0993da3cf34a8549e86f9b5d512c51e11bfa76dfe051e7a8801bdac	python-gnn-puct-v0.1.0	sha256:6f9ad6e4a0993da3cf34a8549e86f9b5d512c51e11bfa76dfe051e7a8801bdac	D	P	196
g1_BWFXscjXPWOwNtqund8DMFr6nilHHE0kX01c2fmdzH0	s1_mWPTef6xYbijjPhDIC6QgLRmu2mMSJAokNlIkx3vg54	1DIVZ	python-gnn-puct-v0.1.0	sha256:6f9ad6e4a0993da3cf34a8549e86f9b5d512c51e11bfa76dfe051e7a8801bdac	python-gnn-puct-v0.1.0	sha256:6f9ad6e4a0993da3cf34a8549e86f9b5d512c51e11bfa76dfe051e7a8801bdac	D	P	196
g1_BWFXscjXPWOwNtqund8DMFr6nilHHE0kX01c2fmdzH0	s1_tol_POp6BcgBLMWq8iDfRBQSAXpESHxFwmcCQYXv0yQ	1DIVZ	python-gnn-puct-v0.1.0	sha256:6f9ad6e4a0993da3cf34a8549e86f9b5d512c51e11bfa76dfe051e7a8801bdac	python-gnn-puct-v0.1.0	sha256:6f9ad6e4a0993da3cf34a8549e86f9b5d512c51e11bfa76dfe051e7a8801bdac	D	P	196
g1_BWJX9Kwle0Al3MM735JaecNxxnLdF6aFyAsixNQAg-Q	s1_CyZergBgdDO6EE-fsLpdtkBQst0MNBBYa-NTEIEhhko	1unN4p	qadv-arbiter-7x7-rust-lambda-v0.1.0	-	qadv-arbiter-7x7-rust-lambda-v0.1.0	-	D	P	196
g1_BWJX9Kwle0Al3MM735JaecNxxnLdF6aFyAsixNQAg-Q	s1_LPhnMT9yhyjW_CdnBdMWv4stCw1f2phNI63q5KchSIs	1unN4p	qadv-arbiter-7x7-rust-lambda-v0.1.0	-	qadv-arbiter-7x7-rust-lambda-v0.1.0	-	D	P	196
g1_BWJX9Kwle0Al3MM735JaecNxxnLdF6aFyAsixNQAg-Q	s1_RauLaTi4eVgYHSp2TV9pqs9uzTVv0B10g9TaHMWpcZ4	1unN4p	qadv-arbiter-7x7-rust-lambda-v0.1.0	-	qadv-arbiter-7x7-rust-lambda-v0.1.0	-	D	P	-
g1_BWJX9Kwle0Al3MM735JaecNxxnLdF6aFyAsixNQAg-Q	s1_iISS7ua1QW9f6qTVIftvZXDqx9D8y3vV9RuD9Bmr_4M	1unN4p	qadv-arbiter-7x7-rust-lambda-v0.1.0	-	qadv-arbiter-7x7-rust-lambda-v0.1.0	-	D	P	196
g1_BWKJ3BkQPaEdQV-67E1dSN8QGD14a4Gol-g6Ys_-SM4	s1_22ybo-yTHXuLbvNwQ0H6V5i_kJC-66ChH8dSmuHoOok	1unN-9	qadv-arbiter-7x7-rust-lambda-v0.1.0	-	qadv-arbiter-7x7-rust-lambda-v0.1.0	-	D	P	196
g1_BWKJ3BkQPaEdQV-67E1dSN8QGD14a4Gol-g6Ys_-SM4	s1_6Qwi6UhAG907Rev2wgeHCVYyB2yDDaMLoam5zR3k5GI	1unN-9	qadv-arbiter-7x7-rust-lambda-v0.1.0	-	qadv-arbiter-7x7-rust-lambda-v0.1.0	-	D	P	196
g1_BWKJ3BkQPaEdQV-67E1dSN8QGD14a4Gol-g6Ys_-SM4	s1_RauLaTi4eVgYHSp2TV9pqs9uzTVv0B10g9TaHMWpcZ4	1unN-9	qadv-arbiter-7x7-rust-lambda-v0.1.0	-	qadv-arbiter-7x7-rust-lambda-v0.1.0	-	D	P	-
g1_BWKJ3BkQPaEdQV-67E1dSN8QGD14a4Gol-g6Ys_-SM4	s1_tuDND52sz0mrRdCPehP2so1M9zAF_6qa61Tfy5zYbO8	1unN-9	qadv-arbiter-7x7-rust-lambda-v0.1.0	-	qadv-arbiter-7x7-rust-lambda-v0.1.0	-	D	P	196
g1_BWQVKgcVS1XU28eQ6tTU4bh7X2KxPxgG1YwDdcmtuEw	s1_1av6nXQkq-GSHXfjkVlGHGpAq8F9UbW4JwZmyFA-vww	1umvCP	python-gnn-puct-scout-v0.1.0	sha256:b9f80706cc1f29076ee06fe06483697c749148a808c599579045d00a52573938	python-gnn-puct-scout-v0.1.0	sha256:b9f80706cc1f29076ee06fe06483697c749148a808c599579045d00a52573938	-	M	196
g1_BWQVKgcVS1XU28eQ6tTU4bh7X2KxPxgG1YwDdcmtuEw	s1_Brk0hkuJoH-MBjdd53AO5tlWcOgDWV_R0PO74fHGd_0	1umvCP	python-gnn-puct-scout-v0.1.0	sha256:b9f80706cc1f29076ee06fe06483697c749148a808c599579045d00a52573938	python-gnn-puct-scout-v0.1.0	sha256:b9f80706cc1f29076ee06fe06483697c749148a808c599579045d00a52573938	-	M	196
g1_BWQVKgcVS1XU28eQ6tTU4bh7X2KxPxgG1YwDdcmtuEw	s1_D_X-fTFZy6xuyGSC5jFyKBW6IP_59Jbomefazf4xu44	1umvCP	python-gnn-puct-scout-v0.1.0	sha256:b9f80706cc1f29076ee06fe06483697c749148a808c599579045d00a52573938	python-gnn-puct-scout-v0.1.0	sha256:b9f80706cc1f29076ee06fe06483697c749148a808c599579045d00a52573938	-	M	196
g1_BWe2WthuRz_9KsT69glL1Nd-006UOIbOVkaRbc7AdjY	s1_1av6nXQkq-GSHXfjkVlGHGpAq8F9UbW4JwZmyFA-vww	1DIhm	python-gnn-puct-v0.1.0	sha256:6f9ad6e4a0993da3cf34a8549e86f9b5d512c51e11bfa76dfe051e7a8801bdac	python-gnn-puct-v0.1.0	sha256:6f9ad6e4a0993da3cf34a8549e86f9b5d512c51e11bfa76dfe051e7a8801bdac	D	P	196
g1_BWe2WthuRz_9KsT69glL1Nd-006UOIbOVkaRbc7AdjY	s1_Brk0hkuJoH-MBjdd53AO5tlWcOgDWV_R0PO74fHGd_0	1DIhm	python-gnn-puct-v0.1.0	sha256:6f9ad6e4a0993da3cf34a8549e86f9b5d512c51e11bfa76dfe051e7a8801bdac	python-gnn-puct-v0.1.0	sha256:6f9ad6e4a0993da3cf34a8549e86f9b5d512c51e11bfa76dfe051e7a8801bdac	D	P	196
g1_BWe2WthuRz_9KsT69glL1Nd-006UOIbOVkaRbc7AdjY	s1_KmF8KhDbubz6lwdS8R_n_yTGdSONmH9B1wUABbyCj94	1DIhm	python-gnn-puct-v0.1.0	sha256:6f9ad6e4a0993da3cf34a8549e86f9b5d512c51e11bfa76dfe051e7a8801bdac	python-gnn-puct-v0.1.0	sha256:6f9ad6e4a0993da3cf34a8549e86f9b5d512c51e11bfa76dfe051e7a8801bdac	D	P	196
g1_BWe2WthuRz_9KsT69glL1Nd-006UOIbOVkaRbc7AdjY	s1_g5pGkHBMEhzAYvwFY0b24sSc7wC9JfnWApMHHZ_aMPI	1DIhm	python-gnn-puct-v0.1.0	sha256:6f9ad6e4a0993da3cf34a8549e86f9b5d512c51e11bfa76dfe051e7a8801bdac	python-gnn-puct-v0.1.0	sha256:6f9ad6e4a0993da3cf34a8549e86f9b5d512c51e11bfa76dfe051e7a8801bdac	D	P	196
g1_BWe2WthuRz_9KsT69glL1Nd-006UOIbOVkaRbc7AdjY	s1_tol_POp6BcgBLMWq8iDfRBQSAXpESHxFwmcCQYXv0yQ	1DIhm	python-gnn-puct-v0.1.0	sha256:6f9ad6e4a0993da3cf34a8549e86f9b5d512c51e11bfa76dfe051e7a8801bdac	python-gnn-puct-v0.1.0	sha256:6f9ad6e4a0993da3cf34a8549e86f9b5d512c51e11bfa76dfe051e7a8801bdac	D	P	196
g1_BWiquh9PWWrCQ7qWWEaElH8dNY5-G7_kW1g0C5R431I	s1_1av6nXQkq-GSHXfjkVlGHGpAq8F9UbW4JwZmyFA-vww	1umx05	pathfinder-v0.3.0	-	gnn-scout-7x7	sha256:7d34820fd656875b3ac4a0142e8f22179d11b133feb3321d0eb735b2a7abd027	L	P	196
g1_BWiquh9PWWrCQ7qWWEaElH8dNY5-G7_kW1g0C5R431I	s1_dcEgf_s_8JfAgzbYFm9Z15BWrFU6bsc6MzE1gZNvlP4	1umx05	pathfinder-v0.3.0	-	gnn-scout-7x7	sha256:7d34820fd656875b3ac4a0142e8f22179d11b133feb3321d0eb735b2a7abd027	L	P	196
g1_BWiquh9PWWrCQ7qWWEaElH8dNY5-G7_kW1g0C5R431I	s1_mWPTef6xYbijjPhDIC6QgLRmu2mMSJAokNlIkx3vg54	1umx05	pathfinder-v0.3.0	-	gnn-scout-7x7	sha256:7d34820fd656875b3ac4a0142e8f22179d11b133feb3321d0eb735b2a7abd027	L	P	196
g1_BWs4IfJ68uZ0EdeBwNzZpQOxTfbzkbz4t6ercn8EvaA	s1_1av6nXQkq-GSHXfjkVlGHGpAq8F9UbW4JwZmyFA-vww	1DIeH	python-gnn-puct-v0.1.0	sha256:6f9ad6e4a0993da3cf34a8549e86f9b5d512c51e11bfa76dfe051e7a8801bdac	python-gnn-puct-v0.1.0	sha256:6f9ad6e4a0993da3cf34a8549e86f9b5d512c51e11bfa76dfe051e7a8801bdac	D	P	196
g1_BWs4IfJ68uZ0EdeBwNzZpQOxTfbzkbz4t6ercn8EvaA	s1_Brk0hkuJoH-MBjdd53AO5tlWcOgDWV_R0PO74fHGd_0	1DIeH	python-gnn-puct-v0.1.0	sha256:6f9ad6e4a0993da3cf34a8549e86f9b5d512c51e11bfa76dfe051e7a8801bdac	python-gnn-puct-v0.1.0	sha256:6f9ad6e4a0993da3cf34a8549e86f9b5d512c51e11bfa76dfe051e7a8801bdac	D	P	196
g1_BWs4IfJ68uZ0EdeBwNzZpQOxTfbzkbz4t6ercn8EvaA	s1_KmF8KhDbubz6lwdS8R_n_yTGdSONmH9B1wUABbyCj94	1DIeH	python-gnn-puct-v0.1.0	sha256:6f9ad6e4a0993da3cf34a8549e86f9b5d512c51e11bfa76dfe051e7a8801bdac	python-gnn-puct-v0.1.0	sha256:6f9ad6e4a0993da3cf34a8549e86f9b5d512c51e11bfa76dfe051e7a8801bdac	D	P	196
g1_BWs4IfJ68uZ0EdeBwNzZpQOxTfbzkbz4t6ercn8EvaA	s1_g5pGkHBMEhzAYvwFY0b24sSc7wC9JfnWApMHHZ_aMPI	1DIeH	python-gnn-puct-v0.1.0	sha256:6f9ad6e4a0993da3cf34a8549e86f9b5d512c51e11bfa76dfe051e7a8801bdac	python-gnn-puct-v0.1.0	sha256:6f9ad6e4a0993da3cf34a8549e86f9b5d512c51e11bfa76dfe051e7a8801bdac	D	P	196
g1_BWs4IfJ68uZ0EdeBwNzZpQOxTfbzkbz4t6ercn8EvaA	s1_tol_POp6BcgBLMWq8iDfRBQSAXpESHxFwmcCQYXv0yQ	1DIeH	python-gnn-puct-v0.1.0	sha256:6f9ad6e4a0993da3cf34a8549e86f9b5d512c51e11bfa76dfe051e7a8801bdac	python-gnn-puct-v0.1.0	sha256:6f9ad6e4a0993da3cf34a8549e86f9b5d512c51e11bfa76dfe051e7a8801bdac	D	P	196
g1_BX-jW2iEL9iASoo0kFVP3est9k-EIjNX1Y5UoyanreM	s1_5vgf1cLYnQhJDxR9lSoHug1Tvr-5PLgAfkJMl8wvqIw	1unMV5	qadv-arbiter-7x7-rust-lambda-v0.1.0	-	qadv-arbiter-7x7-rust-lambda-v0.1.0	-	L	P	196
g1_BX-jW2iEL9iASoo0kFVP3est9k-EIjNX1Y5UoyanreM	s1_CXsrcOsS4CVKBhYvHf05TjXIYff1TruiMhEfZ_eUCNA	1unMV5	qadv-arbiter-7x7-rust-lambda-v0.1.0	-	qadv-arbiter-7x7-rust-lambda-v0.1.0	-	L	P	196
g1_BX-jW2iEL9iASoo0kFVP3est9k-EIjNX1Y5UoyanreM	s1_RauLaTi4eVgYHSp2TV9pqs9uzTVv0B10g9TaHMWpcZ4	1unMV5	qadv-arbiter-7x7-rust-lambda-v0.1.0	-	qadv-arbiter-7x7-rust-lambda-v0.1.0	-	L	P	-
g1_BX-jW2iEL9iASoo0kFVP3est9k-EIjNX1Y5UoyanreM	s1_qS8qQJu4RExFmojn5EpvH_2QxrifrjnizbWmanofftY	1unMV5	qadv-arbiter-7x7-rust-lambda-v0.1.0	-	qadv-arbiter-7x7-rust-lambda-v0.1.0	-	L	P	196
g1_BX0QHEGi55DgF0Vuf0XDExMPT10OnfLuI6kLH-saIE8	s1_RauLaTi4eVgYHSp2TV9pqs9uzTVv0B10g9TaHMWpcZ4	1unORd	qadv-arbiter-7x7-rust-lambda-v0.1.0	-	qadv-arbiter-7x7-rust-lambda-v0.1.0	-	L	P	-
g1_BX0QHEGi55DgF0Vuf0XDExMPT10OnfLuI6kLH-saIE8	s1_RdoldsCCO7m0cFVT7sihvkgep0zhg483NxhHpHqP4dc	1unORd	qadv-arbiter-7x7-rust-lambda-v0.1.0	-	qadv-arbiter-7x7-rust-lambda-v0.1.0	-	L	P	196
g1_BX0QHEGi55DgF0Vuf0XDExMPT10OnfLuI6kLH-saIE8	s1_atRmDbiOrLWFw6nGyidVbelvWHzi8QLf3xgdKlicqJE	1unORd	qadv-arbiter-7x7-rust-lambda-v0.1.0	-	qadv-arbiter-7x7-rust-lambda-v0.1.0	-	L	P	196
g1_BX0QHEGi55DgF0Vuf0XDExMPT10OnfLuI6kLH-saIE8	s1_dbJjnQKXDIJOUx5scFtf8FxvkqVWxOktTGuv2HUSUX4	1unORd	qadv-arbiter-7x7-rust-lambda-v0.1.0	-	qadv-arbiter-7x7-rust-lambda-v0.1.0	-	L	P	196
g1_BXDvcpKKsvOP_3vrg2r3bLG75VIOhiqXEiELASvAVMk	s1_6PxtazPxkizz7K9QTWPSCIopEV5n0zpHoq3F52yO_6U	1umwko	python-cnn-puct-v0.1.0	sha256:7845e9b7687beee165dc36b8d21833b7a8b5a83e31b58b49bd05c277ba26e642	python-cnn-puct-v0.1.0	sha256:7845e9b7687beee165dc36b8d21833b7a8b5a83e31b58b49bd05c277ba26e642	D	P	196
g1_BXDvcpKKsvOP_3vrg2r3bLG75VIOhiqXEiELASvAVMk	s1_baRgKA_wMXdl0r4AwdkUfhWC04qxd1MvEGXAQaDd4fo	1umwko	python-cnn-puct-v0.1.0	sha256:7845e9b7687beee165dc36b8d21833b7a8b5a83e31b58b49bd05c277ba26e642	python-cnn-puct-v0.1.0	sha256:7845e9b7687beee165dc36b8d21833b7a8b5a83e31b58b49bd05c277ba26e642	D	P	196
g1_BXFHqj4X4lxM6kaowtyBPJBAfjzdSSlM5hF7GYfFyHE	s1_KnEMaNKIf8oa_VFsJRER8pcaE6xmrNrEX8ZcTB_Aqlo	1unO2p	qadv-arbiter-7x7-rust-lambda-v0.1.0	-	qadv-arbiter-7x7-rust-lambda-v0.1.0	-	L	P	196
g1_BXFHqj4X4lxM6kaowtyBPJBAfjzdSSlM5hF7GYfFyHE	s1_RauLaTi4eVgYHSp2TV9pqs9uzTVv0B10g9TaHMWpcZ4	1unO2p	qadv-arbiter-7x7-rust-lambda-v0.1.0	-	qadv-arbiter-7x7-rust-lambda-v0.1.0	-	L	P	-
g1_BXFHqj4X4lxM6kaowtyBPJBAfjzdSSlM5hF7GYfFyHE	s1_o0mowSZpBr_Smu2iMXIqy4HzLPR0BVCqArpZWZHcYdA	1unO2p	qadv-arbiter-7x7-rust-lambda-v0.1.0	-	qadv-arbiter-7x7-rust-lambda-v0.1.0	-	L	P	196
g1_BXFHqj4X4lxM6kaowtyBPJBAfjzdSSlM5hF7GYfFyHE	s1_sRLrRzl2LXwOanHnYmsl8B0UqXxvkHysNQe_sj0QXtc	1unO2p	qadv-arbiter-7x7-rust-lambda-v0.1.0	-	qadv-arbiter-7x7-rust-lambda-v0.1.0	-	L	P	196
g1_BXIT4Lg-Z_emGHH3O64fstS5yGyDfh0MLwOL1_GTkwc	s1_1av6nXQkq-GSHXfjkVlGHGpAq8F9UbW4JwZmyFA-vww	1umvTp	python-gnn-puct-learner-v0.1.0	sha256:ab0f739cd33d66781faf60e27797c5ccba3c04ba684f8d9e32e9c2754f4e8956	python-gnn-puct-learner-v0.1.0	sha256:ab0f739cd33d66781faf60e27797c5ccba3c04ba684f8d9e32e9c2754f4e8956	D	P	196
g1_BXIT4Lg-Z_emGHH3O64fstS5yGyDfh0MLwOL1_GTkwc	s1_Brk0hkuJoH-MBjdd53AO5tlWcOgDWV_R0PO74fHGd_0	1umvTp	python-gnn-puct-learner-v0.1.0	sha256:ab0f739cd33d66781faf60e27797c5ccba3c04ba684f8d9e32e9c2754f4e8956	python-gnn-puct-learner-v0.1.0	sha256:ab0f739cd33d66781faf60e27797c5ccba3c04ba684f8d9e32e9c2754f4e8956	D	P	196
g1_BXIT4Lg-Z_emGHH3O64fstS5yGyDfh0MLwOL1_GTkwc	s1_QBFUsDtxokERlDOdQkleYbPvhJ-vIp2qmp6DXjS-7oM	1umvTp	python-gnn-puct-learner-v0.1.0	sha256:ab0f739cd33d66781faf60e27797c5ccba3c04ba684f8d9e32e9c2754f4e8956	python-gnn-puct-learner-v0.1.0	sha256:ab0f739cd33d66781faf60e27797c5ccba3c04ba684f8d9e32e9c2754f4e8956	D	P	196
g1_BXK9t6_-2bGjMvPwJn5Bk_2nF9LQTCrWQGR3yLUFKY0	s1_LK0f5uzIjzW9JbPdmI-4M-5XTDBS4kwzP8PFX3x_JJc	1unLq3	qadv-arbiter-7x7-rust-lambda-v0.1.0	-	qadv-arbiter-7x7-rust-lambda-v0.1.0	-	D	P	196
g1_BXK9t6_-2bGjMvPwJn5Bk_2nF9LQTCrWQGR3yLUFKY0	s1_RauLaTi4eVgYHSp2TV9pqs9uzTVv0B10g9TaHMWpcZ4	1unLq3	qadv-arbiter-7x7-rust-lambda-v0.1.0	-	qadv-arbiter-7x7-rust-lambda-v0.1.0	-	D	P	-
g1_BXK9t6_-2bGjMvPwJn5Bk_2nF9LQTCrWQGR3yLUFKY0	s1_Wlp71e-57YUoCjeHnNAri5Bu3JPTN8BH8eRq3Wsl83M	1unLq3	qadv-arbiter-7x7-rust-lambda-v0.1.0	-	qadv-arbiter-7x7-rust-lambda-v0.1.0	-	D	P	196
g1_BXK9t6_-2bGjMvPwJn5Bk_2nF9LQTCrWQGR3yLUFKY0	s1_biMkjJOWYE3eySnefERoZ3VdpB73BiKt_FgVKphPbLs	1unLq3	qadv-arbiter-7x7-rust-lambda-v0.1.0	-	qadv-arbiter-7x7-rust-lambda-v0.1.0	-	D	P	196
g1_BXaIy6GHD9vxmfEb5uTrhmQlUAtnQ0qVcnYbxeNhqI4	s1_1Y5SYdCXOxNLill_vkOGUxW2qR1JzYKm5_lCUWFM6Ck	1unNvk	qadv-arbiter-7x7-rust-lambda-v0.1.0	-	qadv-arbiter-7x7-rust-lambda-v0.1.0	-	D	P	196
g1_BXaIy6GHD9vxmfEb5uTrhmQlUAtnQ0qVcnYbxeNhqI4	s1_RauLaTi4eVgYHSp2TV9pqs9uzTVv0B10g9TaHMWpcZ4	1unNvk	qadv-arbiter-7x7-rust-lambda-v0.1.0	-	qadv-arbiter-7x7-rust-lambda-v0.1.0	-	D	P	-
g1_BXaIy6GHD9vxmfEb5uTrhmQlUAtnQ0qVcnYbxeNhqI4	s1_TKh4ACU2bpPocbrucAPMrNQi95OcCrQ8hm0Y4s9nOpI	1unNvk	qadv-arbiter-7x7-rust-lambda-v0.1.0	-	qadv-arbiter-7x7-rust-lambda-v0.1.0	-	D	P	196
g1_BXaIy6GHD9vxmfEb5uTrhmQlUAtnQ0qVcnYbxeNhqI4	s1_YaL_s2eoBdwC5TOa0XHCOmgIBW7wSKEv-onKZ4Yx5cs	1unNvk	qadv-arbiter-7x7-rust-lambda-v0.1.0	-	qadv-arbiter-7x7-rust-lambda-v0.1.0	-	D	P	196
g1_BXeaY8Qso2MvSeSopG3rZ4cYmspytIKJ3vyqdeDnwZQ	s1_-odF_7Ux2Nurl1F86G7gd6PRozJwvQaG3KiwY-wX5c0	1unNee	qadv-arbiter-7x7-rust-lambda-v0.1.0	-	qadv-arbiter-7x7-rust-lambda-v0.1.0	-	D	P	196
g1_BXeaY8Qso2MvSeSopG3rZ4cYmspytIKJ3vyqdeDnwZQ	s1_RauLaTi4eVgYHSp2TV9pqs9uzTVv0B10g9TaHMWpcZ4	1unNee	qadv-arbiter-7x7-rust-lambda-v0.1.0	-	qadv-arbiter-7x7-rust-lambda-v0.1.0	-	D	P	-
g1_BXeaY8Qso2MvSeSopG3rZ4cYmspytIKJ3vyqdeDnwZQ	s1_g-dC1_FPRDzJO6urWGABJPUTL-wT4slFeCGRu3Gc9BA	1unNee	qadv-arbiter-7x7-rust-lambda-v0.1.0	-	qadv-arbiter-7x7-rust-lambda-v0.1.0	-	D	P	196
g1_BXeaY8Qso2MvSeSopG3rZ4cYmspytIKJ3vyqdeDnwZQ	s1_mvzoQ9hA7Y0CLmYw5obL3F1Ex2V6GyO1gDrFInWWvR0	1unNee	qadv-arbiter-7x7-rust-lambda-v0.1.0	-	qadv-arbiter-7x7-rust-lambda-v0.1.0	-	D	P	196
g1_BXpFGI5R_N7jOfNSA4DOYcbSZpijnMDuxsudKGlBM2o	s1_RauLaTi4eVgYHSp2TV9pqs9uzTVv0B10g9TaHMWpcZ4	1unMDt	qadv-arbiter-7x7-rust-lambda-v0.1.0	-	qadv-arbiter-7x7-rust-lambda-v0.1.0	-	D	P	-
g1_BXpFGI5R_N7jOfNSA4DOYcbSZpijnMDuxsudKGlBM2o	s1_f4fCI6tPYhdcKNI6tKDA8wRZ4LL_XFOjHegvdGLfP80	1unMDt	qadv-arbiter-7x7-rust-lambda-v0.1.0	-	qadv-arbiter-7x7-rust-lambda-v0.1.0	-	D	P	196
g1_BXpFGI5R_N7jOfNSA4DOYcbSZpijnMDuxsudKGlBM2o	s1_sVgq30h-0a5_Z4ZyRITri2JAoZmjMZUtxpNrmja4sNQ	1unMDt	qadv-arbiter-7x7-rust-lambda-v0.1.0	-	qadv-arbiter-7x7-rust-lambda-v0.1.0	-	D	P	196
g1_BXpFGI5R_N7jOfNSA4DOYcbSZpijnMDuxsudKGlBM2o	s1_ycAyM_BOwHCvHYBHyteVb1BjPdWtzN3iBzc3a2Uee6Q	1unMDt	qadv-arbiter-7x7-rust-lambda-v0.1.0	-	qadv-arbiter-7x7-rust-lambda-v0.1.0	-	D	P	196
g1_BXvbtUQ0B0oQlWR93ZyVl5svB49kjLcF9jyxHyFOdok	s1_-OKlJXuPFfAnukwGYITjiU7XKL4OC_qt76PC0TZSPjg	1umvjx	python-cnn-puct-v0.1.0	sha256:7845e9b7687beee165dc36b8d21833b7a8b5a83e31b58b49bd05c277ba26e642	python-cnn-puct-v0.1.0	sha256:7845e9b7687beee165dc36b8d21833b7a8b5a83e31b58b49bd05c277ba26e642	L	P	196
g1_BXvbtUQ0B0oQlWR93ZyVl5svB49kjLcF9jyxHyFOdok	s1_1av6nXQkq-GSHXfjkVlGHGpAq8F9UbW4JwZmyFA-vww	1umvjx	python-cnn-puct-v0.1.0	sha256:7845e9b7687beee165dc36b8d21833b7a8b5a83e31b58b49bd05c277ba26e642	python-cnn-puct-v0.1.0	sha256:7845e9b7687beee165dc36b8d21833b7a8b5a83e31b58b49bd05c277ba26e642	L	P	196
g1_BXvbtUQ0B0oQlWR93ZyVl5svB49kjLcF9jyxHyFOdok	s1_Brk0hkuJoH-MBjdd53AO5tlWcOgDWV_R0PO74fHGd_0	1umvjx	python-cnn-puct-v0.1.0	sha256:7845e9b7687beee165dc36b8d21833b7a8b5a83e31b58b49bd05c277ba26e642	python-cnn-puct-v0.1.0	sha256:7845e9b7687beee165dc36b8d21833b7a8b5a83e31b58b49bd05c277ba26e642	L	P	196
g1_BY3Kt_SGL2s9t2UZ4Qy904pRnt2JOiWxW1oTJXF4iwE	s1_1av6nXQkq-GSHXfjkVlGHGpAq8F9UbW4JwZmyFA-vww	1DIb_	python-gnn-puct-v0.1.0	sha256:6f9ad6e4a0993da3cf34a8549e86f9b5d512c51e11bfa76dfe051e7a8801bdac	python-gnn-puct-v0.1.0	sha256:6f9ad6e4a0993da3cf34a8549e86f9b5d512c51e11bfa76dfe051e7a8801bdac	L	P	196
g1_BY3Kt_SGL2s9t2UZ4Qy904pRnt2JOiWxW1oTJXF4iwE	s1_del54SUFELBov5vQFrhsVexn6D9EhUPDFZpXuqC6eCI	1DIb_	python-gnn-puct-v0.1.0	sha256:6f9ad6e4a0993da3cf34a8549e86f9b5d512c51e11bfa76dfe051e7a8801bdac	python-gnn-puct-v0.1.0	sha256:6f9ad6e4a0993da3cf34a8549e86f9b5d512c51e11bfa76dfe051e7a8801bdac	L	P	196
g1_BY3Kt_SGL2s9t2UZ4Qy904pRnt2JOiWxW1oTJXF4iwE	s1_g5pGkHBMEhzAYvwFY0b24sSc7wC9JfnWApMHHZ_aMPI	1DIb_	python-gnn-puct-v0.1.0	sha256:6f9ad6e4a0993da3cf34a8549e86f9b5d512c51e11bfa76dfe051e7a8801bdac	python-gnn-puct-v0.1.0	sha256:6f9ad6e4a0993da3cf34a8549e86f9b5d512c51e11bfa76dfe051e7a8801bdac	L	P	196
g1_BY3Kt_SGL2s9t2UZ4Qy904pRnt2JOiWxW1oTJXF4iwE	s1_mWPTef6xYbijjPhDIC6QgLRmu2mMSJAokNlIkx3vg54	1DIb_	python-gnn-puct-v0.1.0	sha256:6f9ad6e4a0993da3cf34a8549e86f9b5d512c51e11bfa76dfe051e7a8801bdac	python-gnn-puct-v0.1.0	sha256:6f9ad6e4a0993da3cf34a8549e86f9b5d512c51e11bfa76dfe051e7a8801bdac	L	P	196
g1_BY3Kt_SGL2s9t2UZ4Qy904pRnt2JOiWxW1oTJXF4iwE	s1_tol_POp6BcgBLMWq8iDfRBQSAXpESHxFwmcCQYXv0yQ	1DIb_	python-gnn-puct-v0.1.0	sha256:6f9ad6e4a0993da3cf34a8549e86f9b5d512c51e11bfa76dfe051e7a8801bdac	python-gnn-puct-v0.1.0	sha256:6f9ad6e4a0993da3cf34a8549e86f9b5d512c51e11bfa76dfe051e7a8801bdac	L	P	196
g1_BY5mdZDSLpuzoEsjQ_GZe7UthCGeg-uzgZzz31akxdo	s1_82vmFctZiYI9GYdPUwJ9Ozp55tR_swPfmF4aPrp5LvE	1unN_d	qadv-arbiter-7x7-rust-lambda-v0.1.0	-	qadv-arbiter-7x7-rust-lambda-v0.1.0	-	L	P	196
g1_BY5mdZDSLpuzoEsjQ_GZe7UthCGeg-uzgZzz31akxdo	s1_M-8RonzSYn1OcEDl-Edj1fOKxCA2SlMnR2zJkDa10qs	1unN_d	qadv-arbiter-7x7-rust-lambda-v0.1.0	-	qadv-arbiter-7x7-rust-lambda-v0.1.0	-	L	P	196
g1_BY5mdZDSLpuzoEsjQ_GZe7UthCGeg-uzgZzz31akxdo	s1_RauLaTi4eVgYHSp2TV9pqs9uzTVv0B10g9TaHMWpcZ4	1unN_d	qadv-arbiter-7x7-rust-lambda-v0.1.0	-	qadv-arbiter-7x7-rust-lambda-v0.1.0	-	L	P	-
g1_BY5mdZDSLpuzoEsjQ_GZe7UthCGeg-uzgZzz31akxdo	s1_Z6Qs_Yi9mmpzxyBDUpcYJXg8KWB3sEAhsBirGJQqxuY	1unN_d	qadv-arbiter-7x7-rust-lambda-v0.1.0	-	qadv-arbiter-7x7-rust-lambda-v0.1.0	-	L	P	196
g1_BYJJmYaCdarRL_ZdCjwOaudWKxkfBXrCHcsE_7NhHe8	s1_RauLaTi4eVgYHSp2TV9pqs9uzTVv0B10g9TaHMWpcZ4	1unPuy	qadv-arbiter-7x7-rust-lambda-v0.1.0	-	qadv-arbiter-7x7-rust-lambda-v0.1.0	-	L	P	-
g1_BYJJmYaCdarRL_ZdCjwOaudWKxkfBXrCHcsE_7NhHe8	s1_Ym7_qdKX2ytcqoRP24-JbygDU7UNt8nLdry7XMHDvyY	1unPuy	qadv-arbiter-7x7-rust-lambda-v0.1.0	-	qadv-arbiter-7x7-rust-lambda-v0.1.0	-	L	P	196
g1_BYJJmYaCdarRL_ZdCjwOaudWKxkfBXrCHcsE_7NhHe8	s1_dVbY9F2dpWGmwR8rwpSEV7ZGiCXKCaIz_IxfMu9Axyg	1unPuy	qadv-arbiter-7x7-rust-lambda-v0.1.0	-	qadv-arbiter-7x7-rust-lambda-v0.1.0	-	L	P	196
g1_BYJJmYaCdarRL_ZdCjwOaudWKxkfBXrCHcsE_7NhHe8	s1_zKYcB7RUZ2HCoJXZoq_mTeEXnW1w4-wSu28XaG3hEFM	1unPuy	qadv-arbiter-7x7-rust-lambda-v0.1.0	-	qadv-arbiter-7x7-rust-lambda-v0.1.0	-	L	P	196
g1_BYeI5u91PoSNL_Xtb2iL2fUlulm75sY_YI7YzHFttgQ	s1_CarA6FgV950GsCmoR4ynTV2vR8-Nr5ISEwkQ9Hadjn8	1unMqx	qadv-arbiter-7x7-rust-lambda-v0.1.0	-	qadv-arbiter-7x7-rust-lambda-v0.1.0	-	L	P	196
g1_BYeI5u91PoSNL_Xtb2iL2fUlulm75sY_YI7YzHFttgQ	s1_RauLaTi4eVgYHSp2TV9pqs9uzTVv0B10g9TaHMWpcZ4	1unMqx	qadv-arbiter-7x7-rust-lambda-v0.1.0	-	qadv-arbiter-7x7-rust-lambda-v0.1.0	-	L	P	-
g1_BYeI5u91PoSNL_Xtb2iL2fUlulm75sY_YI7YzHFttgQ	s1_VHNa8NcMVPYz3TF5goHbvRCMtROXjPi1VMV8kEijZvo	1unMqx	qadv-arbiter-7x7-rust-lambda-v0.1.0	-	qadv-arbiter-7x7-rust-lambda-v0.1.0	-	L	P	196
g1_BYeI5u91PoSNL_Xtb2iL2fUlulm75sY_YI7YzHFttgQ	s1_ZB5pFJdP8gar7Fq4RWQ7B-THZ5KP4aUeS_QCAP151vs	1unMqx	qadv-arbiter-7x7-rust-lambda-v0.1.0	-	qadv-arbiter-7x7-rust-lambda-v0.1.0	-	L	P	196
g1_BYmxZbthwx6lm8GK5zZIDoqcgB3I2yIc5cHE_e6JMMc	s1_WpYQrS3Y5EBPp4KoxQeXdmkSNGGu7uzGmTP-APlIkYU	1umwQ0	rust-pathfinder-onnx-sorter-v0.1.0	-	rust-pathfinder-v0.3.0	-	L	P	120
g1_BYnK0XhySzrj_EHDi90TlXcPYB8hLV8YFPou2TuS8QQ	s1_AAa3lWT2Xjn8pATzM685CsKkG6VhDj1GHMxTGxgVGwQ	1unLwR	qadv-arbiter-7x7-rust-lambda-v0.1.0	-	qadv-arbiter-7x7-rust-lambda-v0.1.0	-	D	P	196
g1_BYnK0XhySzrj_EHDi90TlXcPYB8hLV8YFPou2TuS8QQ	s1_RauLaTi4eVgYHSp2TV9pqs9uzTVv0B10g9TaHMWpcZ4	1unLwR	qadv-arbiter-7x7-rust-lambda-v0.1.0	-	qadv-arbiter-7x7-rust-lambda-v0.1.0	-	D	P	-
g1_BYnK0XhySzrj_EHDi90TlXcPYB8hLV8YFPou2TuS8QQ	s1_jtQzliC1BcUzZ6x4evBapGdOyuVwKfNSTWdGqJeqRjg	1unLwR	qadv-arbiter-7x7-rust-lambda-v0.1.0	-	qadv-arbiter-7x7-rust-lambda-v0.1.0	-	D	P	196
g1_BYnK0XhySzrj_EHDi90TlXcPYB8hLV8YFPou2TuS8QQ	s1_oI8KpZaddHPAXEXC57mDjNJPjgLd1CCQvKreR8h3zJk	1unLwR	qadv-arbiter-7x7-rust-lambda-v0.1.0	-	qadv-arbiter-7x7-rust-lambda-v0.1.0	-	D	P	196
g1_BZ04H6XybgyoD4PmTExk6PN0Yz09CmzSvWCxqnK7Z_4	s1_1av6nXQkq-GSHXfjkVlGHGpAq8F9UbW4JwZmyFA-vww	1DIVq	rust-pathfinder-v0.1.0	-	lunatic-v0.1.0	-	L	P	-
g1_BZ04H6XybgyoD4PmTExk6PN0Yz09CmzSvWCxqnK7Z_4	s1_9Eroywf7tuDrn-hcfZPjlEa1DSRUykCRn9Z11u8ySIo	1DIVq	rust-pathfinder-v0.1.0	-	lunatic-v0.1.0	-	L	P	-
g1_BZ04H6XybgyoD4PmTExk6PN0Yz09CmzSvWCxqnK7Z_4	s1_MKrI0a3Qd48rU7oZj28GrlQ3cHhIbUzS5ibiIW9aKy4	1DIVq	rust-pathfinder-v0.1.0	-	lunatic-v0.1.0	-	L	P	-
g1_BZ04H6XybgyoD4PmTExk6PN0Yz09CmzSvWCxqnK7Z_4	s1_XloMUS0hxYEXf762lcPfaudsLmsH-CsOVZNVVU_obcA	1DIVq	rust-pathfinder-v0.1.0	-	lunatic-v0.1.0	-	L	P	-
g1_BZ04H6XybgyoD4PmTExk6PN0Yz09CmzSvWCxqnK7Z_4	s1_del54SUFELBov5vQFrhsVexn6D9EhUPDFZpXuqC6eCI	1DIVq	rust-pathfinder-v0.1.0	-	lunatic-v0.1.0	-	L	P	-
g1_BZ04H6XybgyoD4PmTExk6PN0Yz09CmzSvWCxqnK7Z_4	s1_g5pGkHBMEhzAYvwFY0b24sSc7wC9JfnWApMHHZ_aMPI	1DIVq	rust-pathfinder-v0.1.0	-	lunatic-v0.1.0	-	L	P	-
g1_BZ04H6XybgyoD4PmTExk6PN0Yz09CmzSvWCxqnK7Z_4	s1_mWPTef6xYbijjPhDIC6QgLRmu2mMSJAokNlIkx3vg54	1DIVq	rust-pathfinder-v0.1.0	-	lunatic-v0.1.0	-	L	P	-
g1_BZJQdMs2O86AS4avyQPfHA2tRfjKORf3vyW8wvSVFhg	s1_BM7jB3gsEjU2Cx47JIGrIEjOg3exA2TlnPIeOQX5vCM	1DNh0	python-gnn-puct-v0.1.0	-	python-gnn-puct-v0.1.0	-	D	P	-
g1_BZSN_XHqpp2zhNf8xUHGWzsz2HmLrsy83ysFbl3HGPg	s1_Fco9mqIYGYxCBdL_WWL-jTsYa-3JnlqO4nHROV8ZY4c	1unNU6	qadv-arbiter-7x7-rust-lambda-v0.1.0	-	qadv-arbiter-7x7-rust-lambda-v0.1.0	-	L	P	196
g1_BZSN_XHqpp2zhNf8xUHGWzsz2HmLrsy83ysFbl3HGPg	s1_RauLaTi4eVgYHSp2TV9pqs9uzTVv0B10g9TaHMWpcZ4	1unNU6	qadv-arbiter-7x7-rust-lambda-v0.1.0	-	qadv-arbiter-7x7-rust-lambda-v0.1.0	-	L	P	-
g1_BZSN_XHqpp2zhNf8xUHGWzsz2HmLrsy83ysFbl3HGPg	s1_X5DPgvdS5PHp2gy0BRWdP-ODHxbcTyPo58WuXUBzFEM	1unNU6	qadv-arbiter-7x7-rust-lambda-v0.1.0	-	qadv-arbiter-7x7-rust-lambda-v0.1.0	-	L	P	196
g1_BZSN_XHqpp2zhNf8xUHGWzsz2HmLrsy83ysFbl3HGPg	s1_gq82niLHgLNa7lMqnExuMVLwkqchLje1Dx2VHRPa2GE	1unNU6	qadv-arbiter-7x7-rust-lambda-v0.1.0	-	qadv-arbiter-7x7-rust-lambda-v0.1.0	-	L	P	196
g1_BZb-DqvPoLy2ryMu6BaMpWQMUHoQ3OvXoUbi-79ukhE	s1_Pw9n-eQGqVgzkoKq87SU94hsJkPfkJYpcSyanm-uljY	1umwHS	rust-pathfinder-onnx-sorter-v0.1.0	-	rust-pathfinder-v0.3.0	-	D	P	120
g1_BZd-aPf9qC_Z4vaeG_nWl6k0QxTM8v2UbGGVgZZ_Fac	s1_1av6nXQkq-GSHXfjkVlGHGpAq8F9UbW4JwZmyFA-vww	1umvTN	python-gnn-puct-learner-v0.1.0	sha256:ab0f739cd33d66781faf60e27797c5ccba3c04ba684f8d9e32e9c2754f4e8956	python-gnn-puct-learner-v0.1.0	sha256:ab0f739cd33d66781faf60e27797c5ccba3c04ba684f8d9e32e9c2754f4e8956	-	M	196
g1_BZd-aPf9qC_Z4vaeG_nWl6k0QxTM8v2UbGGVgZZ_Fac	s1_Brk0hkuJoH-MBjdd53AO5tlWcOgDWV_R0PO74fHGd_0	1umvTN	python-gnn-puct-learner-v0.1.0	sha256:ab0f739cd33d66781faf60e27797c5ccba3c04ba684f8d9e32e9c2754f4e8956	python-gnn-puct-learner-v0.1.0	sha256:ab0f739cd33d66781faf60e27797c5ccba3c04ba684f8d9e32e9c2754f4e8956	-	M	196
g1_BZd-aPf9qC_Z4vaeG_nWl6k0QxTM8v2UbGGVgZZ_Fac	s1_QBFUsDtxokERlDOdQkleYbPvhJ-vIp2qmp6DXjS-7oM	1umvTN	python-gnn-puct-learner-v0.1.0	sha256:ab0f739cd33d66781faf60e27797c5ccba3c04ba684f8d9e32e9c2754f4e8956	python-gnn-puct-learner-v0.1.0	sha256:ab0f739cd33d66781faf60e27797c5ccba3c04ba684f8d9e32e9c2754f4e8956	-	M	196
g1_BZmZercPDGOMr9CBGcYRPvft3eKaQtEa8UaxcgD4Nn0	s1_WpYQrS3Y5EBPp4KoxQeXdmkSNGGu7uzGmTP-APlIkYU	1umwPQ	rust-pathfinder-onnx-sorter-v0.1.0	-	rust-pathfinder-v0.3.0	-	L	P	120
g1_BZqpOgxUe3YY9SRLQsWUtF5glg1TpgqdJ3ben884rX4	s1_1LB6NAgPOeCp4r8rQw4kUOIXWpEdWysFm5RZjWCQSgc	1umwWN	python-gnn-puct-learner-v0.1.0	sha256:ab0f739cd33d66781faf60e27797c5ccba3c04ba684f8d9e32e9c2754f4e8956	python-gnn-puct-learner-v0.1.0	sha256:ab0f739cd33d66781faf60e27797c5ccba3c04ba684f8d9e32e9c2754f4e8956	L	P	196
g1_BZqpOgxUe3YY9SRLQsWUtF5glg1TpgqdJ3ben884rX4	s1_P4NHYhwuVnEA-dG2X-UVeVotb84A5mwljbYTlTMqr8w	1umwWN	python-gnn-puct-learner-v0.1.0	sha256:ab0f739cd33d66781faf60e27797c5ccba3c04ba684f8d9e32e9c2754f4e8956	python-gnn-puct-learner-v0.1.0	sha256:ab0f739cd33d66781faf60e27797c5ccba3c04ba684f8d9e32e9c2754f4e8956	L	P	196
g1_BZs-N0uR3XNl3iPNBOUvKxFRqChXxIYYVbM6NpyXGk8	s1_WVg7aYYLIrw6_-2mI3jQ-DPcLO4gX2sPEEqWQb0DGQA	1umxIb	python-cnn-puct-reval30k-v0.1.0	sha256:eb2600a53e225a835455efdb2759c40e27c5cb3c16ab0688bc21b99290ed10ee	python-cnn-puct-reval30k-v0.1.0	sha256:eb2600a53e225a835455efdb2759c40e27c5cb3c16ab0688bc21b99290ed10ee	L	P	196
g1_BZs3TXPz4TSdwJFTQe-X_Om5S0QlrMZK2TVCoGS2D6U	s1_1av6nXQkq-GSHXfjkVlGHGpAq8F9UbW4JwZmyFA-vww	1umvWG	python-gnn-puct-learner-v0.1.0	sha256:ab0f739cd33d66781faf60e27797c5ccba3c04ba684f8d9e32e9c2754f4e8956	python-gnn-puct-learner-v0.1.0	sha256:ab0f739cd33d66781faf60e27797c5ccba3c04ba684f8d9e32e9c2754f4e8956	-	M	196
g1_BZs3TXPz4TSdwJFTQe-X_Om5S0QlrMZK2TVCoGS2D6U	s1_QBFUsDtxokERlDOdQkleYbPvhJ-vIp2qmp6DXjS-7oM	1umvWG	python-gnn-puct-learner-v0.1.0	sha256:ab0f739cd33d66781faf60e27797c5ccba3c04ba684f8d9e32e9c2754f4e8956	python-gnn-puct-learner-v0.1.0	sha256:ab0f739cd33d66781faf60e27797c5ccba3c04ba684f8d9e32e9c2754f4e8956	-	M	196
g1_BZs3TXPz4TSdwJFTQe-X_Om5S0QlrMZK2TVCoGS2D6U	s1_mWPTef6xYbijjPhDIC6QgLRmu2mMSJAokNlIkx3vg54	1umvWG	python-gnn-puct-learner-v0.1.0	sha256:ab0f739cd33d66781faf60e27797c5ccba3c04ba684f8d9e32e9c2754f4e8956	python-gnn-puct-learner-v0.1.0	sha256:ab0f739cd33d66781faf60e27797c5ccba3c04ba684f8d9e32e9c2754f4e8956	-	M	196
g1_BZwgiCeSFjccMLZwSRp0LCCt5P6g3KXDhOC5y8H5rJQ	s1_6m42kJVGgRJJ3KJB1gy1YkpXmH3VXPIUM0Iq6dsj97o	1unNsZ	qadv-arbiter-7x7-rust-lambda-v0.1.0	-	qadv-arbiter-7x7-rust-lambda-v0.1.0	-	L	P	196
g1_BZwgiCeSFjccMLZwSRp0LCCt5P6g3KXDhOC5y8H5rJQ	s1_7fSJc_AmTj9HalRFGEAzgbEz2msyrcypmCXOmex1EjY	1unNsZ	qadv-arbiter-7x7-rust-lambda-v0.1.0	-	qadv-arbiter-7x7-rust-lambda-v0.1.0	-	L	P	196
g1_BZwgiCeSFjccMLZwSRp0LCCt5P6g3KXDhOC5y8H5rJQ	s1_NPUZCxQUYefJmG2pq-838l-HPzZXJzq2tvOArIl3VN4	1unNsZ	qadv-arbiter-7x7-rust-lambda-v0.1.0	-	qadv-arbiter-7x7-rust-lambda-v0.1.0	-	L	P	196
g1_BZwgiCeSFjccMLZwSRp0LCCt5P6g3KXDhOC5y8H5rJQ	s1_RauLaTi4eVgYHSp2TV9pqs9uzTVv0B10g9TaHMWpcZ4	1unNsZ	qadv-arbiter-7x7-rust-lambda-v0.1.0	-	qadv-arbiter-7x7-rust-lambda-v0.1.0	-	L	P	-
g1_B_4vNMH5jJ4H8RgEn16BCLx94HI90uyHUeumZxy8Rgk	s1_BMyJcH87QnR-OTNqx3vQ7PWMb2BkiynWrhgvxvF3nvk	1unNem	qadv-arbiter-7x7-rust-lambda-v0.1.0	-	qadv-arbiter-7x7-rust-lambda-v0.1.0	-	L	P	196
g1_B_4vNMH5jJ4H8RgEn16BCLx94HI90uyHUeumZxy8Rgk	s1_RauLaTi4eVgYHSp2TV9pqs9uzTVv0B10g9TaHMWpcZ4	1unNem	qadv-arbiter-7x7-rust-lambda-v0.1.0	-	qadv-arbiter-7x7-rust-lambda-v0.1.0	-	L	P	-
g1_B_4vNMH5jJ4H8RgEn16BCLx94HI90uyHUeumZxy8Rgk	s1_Z6nHU55K8N3dt_RnIxkqJsnqcd6yWHVDpPV_RJ6gLX4	1unNem	qadv-arbiter-7x7-rust-lambda-v0.1.0	-	qadv-arbiter-7x7-rust-lambda-v0.1.0	-	L	P	196
g1_B_4vNMH5jJ4H8RgEn16BCLx94HI90uyHUeumZxy8Rgk	s1_lgJPmEzSgJyh3FCS4zwv2hITI91iIOpRjJSRTTo1IO0	1unNem	qadv-arbiter-7x7-rust-lambda-v0.1.0	-	qadv-arbiter-7x7-rust-lambda-v0.1.0	-	L	P	196
g1_B_ADCL3mmkLjqqgNqaLk0WzVh_nnlfaBy2U7qLeGXiE	s1_4oGpAkRRjVAUoogD-jI6wI_Yv_0fpeKRHdQxICwrD9E	1unORZ	qadv-arbiter-7x7-rust-lambda-v0.1.0	-	qadv-arbiter-7x7-rust-lambda-v0.1.0	-	L	P	196
g1_B_ADCL3mmkLjqqgNqaLk0WzVh_nnlfaBy2U7qLeGXiE	s1_4tzavy4iMazKfZwbmTs4rFgyqsJazvLIQ3Md0jzfzns	1unORZ	qadv-arbiter-7x7-rust-lambda-v0.1.0	-	qadv-arbiter-7x7-rust-lambda-v0.1.0	-	L	P	196
g1_B_ADCL3mmkLjqqgNqaLk0WzVh_nnlfaBy2U7qLeGXiE	s1_RauLaTi4eVgYHSp2TV9pqs9uzTVv0B10g9TaHMWpcZ4	1unORZ	qadv-arbiter-7x7-rust-lambda-v0.1.0	-	qadv-arbiter-7x7-rust-lambda-v0.1.0	-	L	P	-
g1_B_ADCL3mmkLjqqgNqaLk0WzVh_nnlfaBy2U7qLeGXiE	s1_bkXEc3fz16ME-6aNj2ylIBfspdeBnO2OzEml8wMbyp8	1unORZ	qadv-arbiter-7x7-rust-lambda-v0.1.0	-	qadv-arbiter-7x7-rust-lambda-v0.1.0	-	L	P	196
g1_B_CiZQYz2qu-2Ayi67WTnQq9Tn969H-LjVGVYUo4nTs	s1_Q_XlvJiUA35TY4Ds7Lmoes18_xCJnaq3mmPYfkIjNs8	1unMF-	qadv-arbiter-7x7-rust-lambda-v0.1.0	-	qadv-arbiter-7x7-rust-lambda-v0.1.0	-	L	P	196
g1_B_CiZQYz2qu-2Ayi67WTnQq9Tn969H-LjVGVYUo4nTs	s1_RauLaTi4eVgYHSp2TV9pqs9uzTVv0B10g9TaHMWpcZ4	1unMF-	qadv-arbiter-7x7-rust-lambda-v0.1.0	-	qadv-arbiter-7x7-rust-lambda-v0.1.0	-	L	P	-
g1_B_CiZQYz2qu-2Ayi67WTnQq9Tn969H-LjVGVYUo4nTs	s1_UZLCnFTq4FmVhoKiF2iWIfKfADFJxvPUKzdA9IngRJQ	1unMF-	qadv-arbiter-7x7-rust-lambda-v0.1.0	-	qadv-arbiter-7x7-rust-lambda-v0.1.0	-	L	P	196
g1_B_CiZQYz2qu-2Ayi67WTnQq9Tn969H-LjVGVYUo4nTs	s1_nqq-3t8vSblIAHZzjGyQrbEzTqd4fjWcM_tXpc37gLU	1unMF-	qadv-arbiter-7x7-rust-lambda-v0.1.0	-	qadv-arbiter-7x7-rust-lambda-v0.1.0	-	L	P	196
g1_B_FCxpEnbLCeYFz1csU3u8Hz363-m1CZc31ghNeFzeY	s1_1av6nXQkq-GSHXfjkVlGHGpAq8F9UbW4JwZmyFA-vww	1DIi2	rust-pathfinder-v0.1.0	-	lunatic-v0.1.0	-	L	P	-
g1_B_FCxpEnbLCeYFz1csU3u8Hz363-m1CZc31ghNeFzeY	s1_9Eroywf7tuDrn-hcfZPjlEa1DSRUykCRn9Z11u8ySIo	1DIi2	rust-pathfinder-v0.1.0	-	lunatic-v0.1.0	-	L	P	-
g1_B_FCxpEnbLCeYFz1csU3u8Hz363-m1CZc31ghNeFzeY	s1_Brk0hkuJoH-MBjdd53AO5tlWcOgDWV_R0PO74fHGd_0	1DIi2	rust-pathfinder-v0.1.0	-	lunatic-v0.1.0	-	L	P	-
g1_B_FCxpEnbLCeYFz1csU3u8Hz363-m1CZc31ghNeFzeY	s1_KmF8KhDbubz6lwdS8R_n_yTGdSONmH9B1wUABbyCj94	1DIi2	rust-pathfinder-v0.1.0	-	lunatic-v0.1.0	-	L	P	-
g1_B_FCxpEnbLCeYFz1csU3u8Hz363-m1CZc31ghNeFzeY	s1_MKrI0a3Qd48rU7oZj28GrlQ3cHhIbUzS5ibiIW9aKy4	1DIi2	rust-pathfinder-v0.1.0	-	lunatic-v0.1.0	-	L	P	-
g1_B_FCxpEnbLCeYFz1csU3u8Hz363-m1CZc31ghNeFzeY	s1_XloMUS0hxYEXf762lcPfaudsLmsH-CsOVZNVVU_obcA	1DIi2	rust-pathfinder-v0.1.0	-	lunatic-v0.1.0	-	L	P	-
g1_B_FCxpEnbLCeYFz1csU3u8Hz363-m1CZc31ghNeFzeY	s1_g5pGkHBMEhzAYvwFY0b24sSc7wC9JfnWApMHHZ_aMPI	1DIi2	rust-pathfinder-v0.1.0	-	lunatic-v0.1.0	-	L	P	-
g1_B_JfnTtU-7IotuZNYZLpP5XOWiNUQKWOd7EHOkI2-rw	s1_CzsE3jUMSgor_250emUoyq5HokbPwZU7hoPzYFEc0CY	1unNrZ	qadv-arbiter-7x7-rust-lambda-v0.1.0	-	qadv-arbiter-7x7-rust-lambda-v0.1.0	-	L	P	196
g1_B_JfnTtU-7IotuZNYZLpP5XOWiNUQKWOd7EHOkI2-rw	s1_RauLaTi4eVgYHSp2TV9pqs9uzTVv0B10g9TaHMWpcZ4	1unNrZ	qadv-arbiter-7x7-rust-lambda-v0.1.0	-	qadv-arbiter-7x7-rust-lambda-v0.1.0	-	L	P	-
g1_B_JfnTtU-7IotuZNYZLpP5XOWiNUQKWOd7EHOkI2-rw	s1_nQK1mDx4WaSeuOthrF3DrIs7hXeG_5WwbT3hO7hl6XY	1unNrZ	qadv-arbiter-7x7-rust-lambda-v0.1.0	-	qadv-arbiter-7x7-rust-lambda-v0.1.0	-	L	P	196
g1_B_JfnTtU-7IotuZNYZLpP5XOWiNUQKWOd7EHOkI2-rw	s1_o67lDk2r1WUyi0_jikngjVqJFpfL1sPcQoceNM6jJgs	1unNrZ	qadv-arbiter-7x7-rust-lambda-v0.1.0	-	qadv-arbiter-7x7-rust-lambda-v0.1.0	-	L	P	196
g1_B_QUsc1MTetT8KNto2lt6-YOhRYA2H1cYEPc1lBgkh8	s1_-52bV8fDeKnbtRs_XPfcrP2I_ZK-aDNOHhJY8WCFS2U	1unMV9	qadv-arbiter-7x7-rust-lambda-v0.1.0	-	qadv-arbiter-7x7-rust-lambda-v0.1.0	-	D	P	196
g1_B_QUsc1MTetT8KNto2lt6-YOhRYA2H1cYEPc1lBgkh8	s1_RauLaTi4eVgYHSp2TV9pqs9uzTVv0B10g9TaHMWpcZ4	1unMV9	qadv-arbiter-7x7-rust-lambda-v0.1.0	-	qadv-arbiter-7x7-rust-lambda-v0.1.0	-	D	P	-
g1_B_QUsc1MTetT8KNto2lt6-YOhRYA2H1cYEPc1lBgkh8	s1_ZGcThFJL-B-NDgiVk77_zvR-DztDZrczfrFnL6FXe5Q	1unMV9	qadv-arbiter-7x7-rust-lambda-v0.1.0	-	qadv-arbiter-7x7-rust-lambda-v0.1.0	-	D	P	196
g1_B_QUsc1MTetT8KNto2lt6-YOhRYA2H1cYEPc1lBgkh8	s1_wQwRS1ZYZ6V9DGWrU9uH1TJYCHkjqb_qEVFNmr4Tk7g	1unMV9	qadv-arbiter-7x7-rust-lambda-v0.1.0	-	qadv-arbiter-7x7-rust-lambda-v0.1.0	-	D	P	196
g1_B_QnVtaACrvvw54FhFkuxDoVrmbuZsusn8ihWdAh4pA	s1_WVg7aYYLIrw6_-2mI3jQ-DPcLO4gX2sPEEqWQb0DGQA	1umxHP	python-cnn-puct-reval30k-v0.1.0	sha256:eb2600a53e225a835455efdb2759c40e27c5cb3c16ab0688bc21b99290ed10ee	python-cnn-puct-reval30k-v0.1.0	sha256:eb2600a53e225a835455efdb2759c40e27c5cb3c16ab0688bc21b99290ed10ee	L	P	196
g1_B_SXx1Cd98wGSAj78UCoMkiCDMzaenNf3xFNzji3O-g	s1_GwxufNIUHEw57CCOD5sSDVQ4rZuPAFjQPc584QvR9mo	1unPkk	qadv-arbiter-7x7-rust-lambda-v0.1.0	-	qadv-arbiter-7x7-rust-lambda-v0.1.0	-	L	P	196
g1_B_SXx1Cd98wGSAj78UCoMkiCDMzaenNf3xFNzji3O-g	s1_MvHnj0UPbZ93o-OsSu0i5kmbm6xg20g_ADfvR5gfzc0	1unPkk	qadv-arbiter-7x7-rust-lambda-v0.1.0	-	qadv-arbiter-7x7-rust-lambda-v0.1.0	-	L	P	196
g1_B_SXx1Cd98wGSAj78UCoMkiCDMzaenNf3xFNzji3O-g	s1_RauLaTi4eVgYHSp2TV9pqs9uzTVv0B10g9TaHMWpcZ4	1unPkk	qadv-arbiter-7x7-rust-lambda-v0.1.0	-	qadv-arbiter-7x7-rust-lambda-v0.1.0	-	L	P	-
g1_B_SXx1Cd98wGSAj78UCoMkiCDMzaenNf3xFNzji3O-g	s1_ochrZO9ZtQHgpLiCxhZaFtImiu4HGYWKeiRYwLuqnoY	1unPkk	qadv-arbiter-7x7-rust-lambda-v0.1.0	-	qadv-arbiter-7x7-rust-lambda-v0.1.0	-	L	P	196
g1_B_ixQhHcXrFLYFtB4-G02ZJ0PMCDx3ecUvXCXe2vZBM	s1_IF9XiaWXBQMV6PJs44WRkfLccn4kPxg_Q06Oj9mAGLM	1unNfg	qadv-arbiter-7x7-rust-lambda-v0.1.0	-	qadv-arbiter-7x7-rust-lambda-v0.1.0	-	L	P	196
g1_B_ixQhHcXrFLYFtB4-G02ZJ0PMCDx3ecUvXCXe2vZBM	s1_OOutTsRxGmXlkMnKN2FZJ9w9Iag1XJU5fcAi9ltWPm8	1unNfg	qadv-arbiter-7x7-rust-lambda-v0.1.0	-	qadv-arbiter-7x7-rust-lambda-v0.1.0	-	L	P	196
g1_B_ixQhHcXrFLYFtB4-G02ZJ0PMCDx3ecUvXCXe2vZBM	s1_RauLaTi4eVgYHSp2TV9pqs9uzTVv0B10g9TaHMWpcZ4	1unNfg	qadv-arbiter-7x7-rust-lambda-v0.1.0	-	qadv-arbiter-7x7-rust-lambda-v0.1.0	-	L	P	-
g1_B_ixQhHcXrFLYFtB4-G02ZJ0PMCDx3ecUvXCXe2vZBM	s1_kNuz9wSzJMnTrrnXuQEVTXpyyYxhEVrzTheTAh5DG4U	1unNfg	qadv-arbiter-7x7-rust-lambda-v0.1.0	-	qadv-arbiter-7x7-rust-lambda-v0.1.0	-	L	P	196
g1_B_rVQC_2eiKYONdDyRxHY4ZAhpONZ02olVZCphn7Ygc	s1_RauLaTi4eVgYHSp2TV9pqs9uzTVv0B10g9TaHMWpcZ4	1unORr	qadv-arbiter-7x7-rust-lambda-v0.1.0	-	qadv-arbiter-7x7-rust-lambda-v0.1.0	-	D	P	-
g1_B_rVQC_2eiKYONdDyRxHY4ZAhpONZ02olVZCphn7Ygc	s1_cE3XLwNBTmbhrZXAHVV5v2iRCu3hww2Ew2Ss5ju49Sc	1unORr	qadv-arbiter-7x7-rust-lambda-v0.1.0	-	qadv-arbiter-7x7-rust-lambda-v0.1.0	-	D	P	196
g1_B_rVQC_2eiKYONdDyRxHY4ZAhpONZ02olVZCphn7Ygc	s1_fAWxLKvqrnYalvMtyNLTqMoEUdtkPhR5BCsqnrLJaRI	1unORr	qadv-arbiter-7x7-rust-lambda-v0.1.0	-	qadv-arbiter-7x7-rust-lambda-v0.1.0	-	D	P	196
g1_B_rVQC_2eiKYONdDyRxHY4ZAhpONZ02olVZCphn7Ygc	s1_qwfsu9F_ETOiNTSKSm4YPhZLo9OVKQQQIMbV4BlEmuA	1unORr	qadv-arbiter-7x7-rust-lambda-v0.1.0	-	qadv-arbiter-7x7-rust-lambda-v0.1.0	-	D	P	196
g1_B_zaEJfqzVEd44OlkMLbxcrpsk8J01iIDWttlFYy_uI	s1_MnMfIDcihJ4OGjBjsY_ZCrijvKPtGZCbnAKqiIPlEEU	1unN5C	qadv-arbiter-7x7-rust-lambda-v0.1.0	-	qadv-arbiter-7x7-rust-lambda-v0.1.0	-	L	P	196
g1_B_zaEJfqzVEd44OlkMLbxcrpsk8J01iIDWttlFYy_uI	s1_RauLaTi4eVgYHSp2TV9pqs9uzTVv0B10g9TaHMWpcZ4	1unN5C	qadv-arbiter-7x7-rust-lambda-v0.1.0	-	qadv-arbiter-7x7-rust-lambda-v0.1.0	-	L	P	-
g1_B_zaEJfqzVEd44OlkMLbxcrpsk8J01iIDWttlFYy_uI	s1_eVWp_cnaVYJ_cQl5oEvBzfGSZNuwgs6FRAY6vQV1jsE	1unN5C	qadv-arbiter-7x7-rust-lambda-v0.1.0	-	qadv-arbiter-7x7-rust-lambda-v0.1.0	-	L	P	196
g1_B_zaEJfqzVEd44OlkMLbxcrpsk8J01iIDWttlFYy_uI	s1_kq3hAm6vY4wXp45ZoJcQeAlfxinnosggtKkECo_vhtg	1unN5C	qadv-arbiter-7x7-rust-lambda-v0.1.0	-	qadv-arbiter-7x7-rust-lambda-v0.1.0	-	L	P	196
g1_BaBJnm6efVMGIJOL8gqQYeMWBjZ9gRli_6XE4aBKHBM	s1_1XoxENw8Z_E12JzQZ6H9rkrRJk1Wo7aAAvq4jhDVyGo	1un5fJ	surveyor-v0.2.0	-	qadv-arbiter-guided-7x7-v0.2.0	sha256:9c0e5e530df7db77a98f6a2e75fe63a6f629c6ad6563e0b5454793ebc243b14d	L	P	196
g1_BaBJnm6efVMGIJOL8gqQYeMWBjZ9gRli_6XE4aBKHBM	s1_O3cuwuia8XT9TI7Nxr3tRcajOA20XFHEIT2fYX3WizY	1un5fJ	surveyor-v0.2.0	-	qadv-arbiter-guided-7x7-v0.2.0	sha256:9c0e5e530df7db77a98f6a2e75fe63a6f629c6ad6563e0b5454793ebc243b14d	L	P	196
g1_BaBJnm6efVMGIJOL8gqQYeMWBjZ9gRli_6XE4aBKHBM	s1_Wm96nwaIWKpAJ3RfJi_pk_r6EF_3M78D0GXx9IBk1xo	1un5fJ	surveyor-v0.2.0	-	qadv-arbiter-guided-7x7-v0.2.0	sha256:9c0e5e530df7db77a98f6a2e75fe63a6f629c6ad6563e0b5454793ebc243b14d	L	P	196
g1_BaDGZ8wZLfn9Y7EtC-wXAqL_LY9Zwg6mUzUju6N4SKE	s1_11eh9i_DtJq8Ox474v1pL4tDBPVj6KddhebkZRx7OFY	1unMJO	qadv-arbiter-7x7-rust-lambda-v0.1.0	-	qadv-arbiter-7x7-rust-lambda-v0.1.0	-	L	P	196
g1_BaDGZ8wZLfn9Y7EtC-wXAqL_LY9Zwg6mUzUju6N4SKE	s1_JaqhE_D-2DZoHhCSbLu7BWbYk92qo7FK2O6Vs9KavO0	1unMJO	qadv-arbiter-7x7-rust-lambda-v0.1.0	-	qadv-arbiter-7x7-rust-lambda-v0.1.0	-	L	P	196
g1_BaDGZ8wZLfn9Y7EtC-wXAqL_LY9Zwg6mUzUju6N4SKE	s1_RauLaTi4eVgYHSp2TV9pqs9uzTVv0B10g9TaHMWpcZ4	1unMJO	qadv-arbiter-7x7-rust-lambda-v0.1.0	-	qadv-arbiter-7x7-rust-lambda-v0.1.0	-	L	P	-
g1_BaDGZ8wZLfn9Y7EtC-wXAqL_LY9Zwg6mUzUju6N4SKE	s1__jClZ2wLQ-m8YJxNv3_Tc9cJ7c00Kmxpq5oM6V433qk	1unMJO	qadv-arbiter-7x7-rust-lambda-v0.1.0	-	qadv-arbiter-7x7-rust-lambda-v0.1.0	-	L	P	196
g1_BaDQyO7d79pW5Ht0AC0MZESvtjgdDVDg315HQVmdoB0	s1_flXyOBW6T9LLVDFIvXBGel1MoVNZcUcMFIJnB9yLapU	1umxCQ	python-gnn-puct-reval30k-v0.1.0	sha256:6120be86fc469df71473c3de64e5e32f99694cd47d621fa5948f243dc51d3d21	python-gnn-puct-reval30k-v0.1.0	sha256:6120be86fc469df71473c3de64e5e32f99694cd47d621fa5948f243dc51d3d21	D	P	196
g1_BaEXzeMAR-K5679h5ZTMlHM2a6AA4LKfWWfPkNHpf84	s1_KRCy_Jf9YMqwx7IXW2hLBOM83PaLZbr_CAyCtqXoBVo	1unPN0	qadv-arbiter-7x7-rust-lambda-v0.1.0	-	qadv-arbiter-7x7-rust-lambda-v0.1.0	-	D	P	196
g1_BaEXzeMAR-K5679h5ZTMlHM2a6AA4LKfWWfPkNHpf84	s1_Nbx6xNa3wOtQcIsroTTErmApNsmt5tvNRLuqFM8XfJ8	1unPN0	qadv-arbiter-7x7-rust-lambda-v0.1.0	-	qadv-arbiter-7x7-rust-lambda-v0.1.0	-	D	P	196
g1_BaEXzeMAR-K5679h5ZTMlHM2a6AA4LKfWWfPkNHpf84	s1_RauLaTi4eVgYHSp2TV9pqs9uzTVv0B10g9TaHMWpcZ4	1unPN0	qadv-arbiter-7x7-rust-lambda-v0.1.0	-	qadv-arbiter-7x7-rust-lambda-v0.1.0	-	D	P	-
g1_BaEXzeMAR-K5679h5ZTMlHM2a6AA4LKfWWfPkNHpf84	s1_oflrstPCpR-mt0SiUrcFA_mw5inGcbjXXRriaycfDUI	1unPN0	qadv-arbiter-7x7-rust-lambda-v0.1.0	-	qadv-arbiter-7x7-rust-lambda-v0.1.0	-	D	P	196
g1_BaHDuKOSHolu9cBao6Fapnm2TwNNQyLxmBp2zPHoyRw	s1_1av6nXQkq-GSHXfjkVlGHGpAq8F9UbW4JwZmyFA-vww	1umvKV	python-gnn-puct-learner-v0.1.0	sha256:ab0f739cd33d66781faf60e27797c5ccba3c04ba684f8d9e32e9c2754f4e8956	python-gnn-puct-learner-v0.1.0	sha256:ab0f739cd33d66781faf60e27797c5ccba3c04ba684f8d9e32e9c2754f4e8956	L	P	196
g1_BaHDuKOSHolu9cBao6Fapnm2TwNNQyLxmBp2zPHoyRw	s1_Brk0hkuJoH-MBjdd53AO5tlWcOgDWV_R0PO74fHGd_0	1umvKV	python-gnn-puct-learner-v0.1.0	sha256:ab0f739cd33d66781faf60e27797c5ccba3c04ba684f8d9e32e9c2754f4e8956	python-gnn-puct-learner-v0.1.0	sha256:ab0f739cd33d66781faf60e27797c5ccba3c04ba684f8d9e32e9c2754f4e8956	L	P	196
g1_BaHDuKOSHolu9cBao6Fapnm2TwNNQyLxmBp2zPHoyRw	s1_QBFUsDtxokERlDOdQkleYbPvhJ-vIp2qmp6DXjS-7oM	1umvKV	python-gnn-puct-learner-v0.1.0	sha256:ab0f739cd33d66781faf60e27797c5ccba3c04ba684f8d9e32e9c2754f4e8956	python-gnn-puct-learner-v0.1.0	sha256:ab0f739cd33d66781faf60e27797c5ccba3c04ba684f8d9e32e9c2754f4e8956	L	P	196
g1_BaO3K_suKlb1RT8wCC_5YC6yZ2wOmJt4_28JGUs1ubc	s1_-OKlJXuPFfAnukwGYITjiU7XKL4OC_qt76PC0TZSPjg	1umvfY	python-cnn-puct-v0.1.0	sha256:7845e9b7687beee165dc36b8d21833b7a8b5a83e31b58b49bd05c277ba26e642	python-cnn-puct-v0.1.0	sha256:7845e9b7687beee165dc36b8d21833b7a8b5a83e31b58b49bd05c277ba26e642	-	M	196
g1_BaO3K_suKlb1RT8wCC_5YC6yZ2wOmJt4_28JGUs1ubc	s1_1av6nXQkq-GSHXfjkVlGHGpAq8F9UbW4JwZmyFA-vww	1umvfY	python-cnn-puct-v0.1.0	sha256:7845e9b7687beee165dc36b8d21833b7a8b5a83e31b58b49bd05c277ba26e642	python-cnn-puct-v0.1.0	sha256:7845e9b7687beee165dc36b8d21833b7a8b5a83e31b58b49bd05c277ba26e642	-	M	196
g1_BaO3K_suKlb1RT8wCC_5YC6yZ2wOmJt4_28JGUs1ubc	s1_mWPTef6xYbijjPhDIC6QgLRmu2mMSJAokNlIkx3vg54	1umvfY	python-cnn-puct-v0.1.0	sha256:7845e9b7687beee165dc36b8d21833b7a8b5a83e31b58b49bd05c277ba26e642	python-cnn-puct-v0.1.0	sha256:7845e9b7687beee165dc36b8d21833b7a8b5a83e31b58b49bd05c277ba26e642	-	M	196
g1_BaamjnfcjhMpRhbB3Mwgrmd4o0_CPwvO6ZsVqWDRag0	s1_Qmoz3nLvbLcY_1rcqMtpMJDvTQydhL5cxUNWV6EhpMY	1umwrT	qadv-arbiter-7x7-v0.1.0	sha256:8c548d06307572603b839755cc1e50393285365e10f82bcd90290ca65cd86266	qadv-arbiter-7x7-v0.1.0	sha256:8c548d06307572603b839755cc1e50393285365e10f82bcd90290ca65cd86266	D	P	196
g1_Bau-XP3d5vDNVFjLzkUyKxVcTGP3QQ1kNhUesH-GFVE	s1_1LB6NAgPOeCp4r8rQw4kUOIXWpEdWysFm5RZjWCQSgc	1umwQC	python-gnn-puct-learner-v0.1.0	sha256:ab0f739cd33d66781faf60e27797c5ccba3c04ba684f8d9e32e9c2754f4e8956	python-gnn-puct-learner-v0.1.0	sha256:ab0f739cd33d66781faf60e27797c5ccba3c04ba684f8d9e32e9c2754f4e8956	D	P	196
g1_Bau-XP3d5vDNVFjLzkUyKxVcTGP3QQ1kNhUesH-GFVE	s1_P4NHYhwuVnEA-dG2X-UVeVotb84A5mwljbYTlTMqr8w	1umwQC	python-gnn-puct-learner-v0.1.0	sha256:ab0f739cd33d66781faf60e27797c5ccba3c04ba684f8d9e32e9c2754f4e8956	python-gnn-puct-learner-v0.1.0	sha256:ab0f739cd33d66781faf60e27797c5ccba3c04ba684f8d9e32e9c2754f4e8956	D	P	196
g1_Bavw13m73IzdfXSoabztPPSv1FMTlVuT7k_qTNtL5Jo	s1_B6ml-YgwB5VXgxp0PoO1RRXMAoj3DlUT0Tdp2gfNpHY	1un4wC	qadv-arbiter-guided-7x7-v0.2.0	sha256:9c0e5e530df7db77a98f6a2e75fe63a6f629c6ad6563e0b5454793ebc243b14d	surveyor-v0.2.0	-	L	P	196
g1_Bavw13m73IzdfXSoabztPPSv1FMTlVuT7k_qTNtL5Jo	s1_IswyJu28REICZ-TLOKz3zWDxdApiHK2RV21V_hp9lz0	1un4wC	qadv-arbiter-guided-7x7-v0.2.0	sha256:9c0e5e530df7db77a98f6a2e75fe63a6f629c6ad6563e0b5454793ebc243b14d	surveyor-v0.2.0	-	L	P	196
g1_Bavw13m73IzdfXSoabztPPSv1FMTlVuT7k_qTNtL5Jo	s1_O3cuwuia8XT9TI7Nxr3tRcajOA20XFHEIT2fYX3WizY	1un4wC	qadv-arbiter-guided-7x7-v0.2.0	sha256:9c0e5e530df7db77a98f6a2e75fe63a6f629c6ad6563e0b5454793ebc243b14d	surveyor-v0.2.0	-	L	P	196
g1_BaxZ6aUNjB6c3lZr0gRJbgeeYtOORe4iHFhjbqwniBc	s1_KYCSo99G9lvphdLUbftj1MtIo9R3I330WU4XJS0GvJY	1unM0V	qadv-arbiter-7x7-rust-lambda-v0.1.0	-	qadv-arbiter-7x7-rust-lambda-v0.1.0	-	D	P	196
g1_BaxZ6aUNjB6c3lZr0gRJbgeeYtOORe4iHFhjbqwniBc	s1_RauLaTi4eVgYHSp2TV9pqs9uzTVv0B10g9TaHMWpcZ4	1unM0V	qadv-arbiter-7x7-rust-lambda-v0.1.0	-	qadv-arbiter-7x7-rust-lambda-v0.1.0	-	D	P	-
g1_BaxZ6aUNjB6c3lZr0gRJbgeeYtOORe4iHFhjbqwniBc	s1_WoHb5giDKqqUeKosuHjIcawJ_kN9BAiS61AXRXN58-0	1unM0V	qadv-arbiter-7x7-rust-lambda-v0.1.0	-	qadv-arbiter-7x7-rust-lambda-v0.1.0	-	D	P	196
g1_BaxZ6aUNjB6c3lZr0gRJbgeeYtOORe4iHFhjbqwniBc	s1_kQxCDdrG7hZzFj1ATjOUS2pxvCffnYCXaBvzN-_6PCE	1unM0V	qadv-arbiter-7x7-rust-lambda-v0.1.0	-	qadv-arbiter-7x7-rust-lambda-v0.1.0	-	D	P	196
g1_Bb1AnmW9nIdkZ1XbARdQQiqK_eZMTOCPR4nC7W9gdY8	s1_1av6nXQkq-GSHXfjkVlGHGpAq8F9UbW4JwZmyFA-vww	1umv0W	rust-pathfinder-v0.1.0	-	lunatic-v0.1.0	-	L	P	-
g1_Bb1AnmW9nIdkZ1XbARdQQiqK_eZMTOCPR4nC7W9gdY8	s1_9Eroywf7tuDrn-hcfZPjlEa1DSRUykCRn9Z11u8ySIo	1umv0W	rust-pathfinder-v0.1.0	-	lunatic-v0.1.0	-	L	P	-
g1_Bb1AnmW9nIdkZ1XbARdQQiqK_eZMTOCPR4nC7W9gdY8	s1_Brk0hkuJoH-MBjdd53AO5tlWcOgDWV_R0PO74fHGd_0	1umv0W	rust-pathfinder-v0.1.0	-	lunatic-v0.1.0	-	L	P	-
g1_Bb1AnmW9nIdkZ1XbARdQQiqK_eZMTOCPR4nC7W9gdY8	s1_KmF8KhDbubz6lwdS8R_n_yTGdSONmH9B1wUABbyCj94	1umv0W	rust-pathfinder-v0.1.0	-	lunatic-v0.1.0	-	L	P	-
g1_Bb1AnmW9nIdkZ1XbARdQQiqK_eZMTOCPR4nC7W9gdY8	s1_S06ybw0yDIIqiOwgmMxEdlMUe_DdAoxGfY5D91Fh580	1umv0W	rust-pathfinder-v0.1.0	-	lunatic-v0.1.0	-	L	P	-
g1_Bb1AnmW9nIdkZ1XbARdQQiqK_eZMTOCPR4nC7W9gdY8	s1_g5pGkHBMEhzAYvwFY0b24sSc7wC9JfnWApMHHZ_aMPI	1umv0W	rust-pathfinder-v0.1.0	-	lunatic-v0.1.0	-	L	P	-
g1_Bb1AnmW9nIdkZ1XbARdQQiqK_eZMTOCPR4nC7W9gdY8	s1_yzrkPDA5egXCkdg9BV9wK4-9CohJuc_ZO3uCNV9xrw8	1umv0W	rust-pathfinder-v0.1.0	-	lunatic-v0.1.0	-	L	P	-
g1_BbKjQQXxYLZttIPLWkqoCOHM1Ff8cd3zk3FAp7RgXBs	s1_1av6nXQkq-GSHXfjkVlGHGpAq8F9UbW4JwZmyFA-vww	1umv8b	python-gnn-puct-scout-v0.1.0	sha256:b9f80706cc1f29076ee06fe06483697c749148a808c599579045d00a52573938	python-gnn-puct-scout-v0.1.0	sha256:b9f80706cc1f29076ee06fe06483697c749148a808c599579045d00a52573938	-	M	196
g1_BbKjQQXxYLZttIPLWkqoCOHM1Ff8cd3zk3FAp7RgXBs	s1_Brk0hkuJoH-MBjdd53AO5tlWcOgDWV_R0PO74fHGd_0	1umv8b	python-gnn-puct-scout-v0.1.0	sha256:b9f80706cc1f29076ee06fe06483697c749148a808c599579045d00a52573938	python-gnn-puct-scout-v0.1.0	sha256:b9f80706cc1f29076ee06fe06483697c749148a808c599579045d00a52573938	-	M	196
g1_BbKjQQXxYLZttIPLWkqoCOHM1Ff8cd3zk3FAp7RgXBs	s1_D_X-fTFZy6xuyGSC5jFyKBW6IP_59Jbomefazf4xu44	1umv8b	python-gnn-puct-scout-v0.1.0	sha256:b9f80706cc1f29076ee06fe06483697c749148a808c599579045d00a52573938	python-gnn-puct-scout-v0.1.0	sha256:b9f80706cc1f29076ee06fe06483697c749148a808c599579045d00a52573938	-	M	196
g1_BbmiKk5-7Jt4KMs-CAYL04BqisV83swP7wfyjDGSaOY	s1_flXyOBW6T9LLVDFIvXBGel1MoVNZcUcMFIJnB9yLapU	1umx9V	python-gnn-puct-reval30k-v0.1.0	sha256:6120be86fc469df71473c3de64e5e32f99694cd47d621fa5948f243dc51d3d21	python-gnn-puct-reval30k-v0.1.0	sha256:6120be86fc469df71473c3de64e5e32f99694cd47d621fa5948f243dc51d3d21	L	P	196
g1_BbpP7D9tvogTxzPHoLOHwJpQw3C_OSwhku3zaQOSzOo	s1_5tL1wyFDFjj90QS-5gPZ5azQ5D5vLF-NPk_nDkGpoIc	1unPaL	qadv-arbiter-7x7-rust-lambda-v0.1.0	-	qadv-arbiter-7x7-rust-lambda-v0.1.0	-	D	P	196
g1_BbpP7D9tvogTxzPHoLOHwJpQw3C_OSwhku3zaQOSzOo	s1_MNJf52OgtqlIUArRXueHJElA-_99j6YikjMiCSf5IUo	1unPaL	qadv-arbiter-7x7-rust-lambda-v0.1.0	-	qadv-arbiter-7x7-rust-lambda-v0.1.0	-	D	P	196
g1_BbpP7D9tvogTxzPHoLOHwJpQw3C_OSwhku3zaQOSzOo	s1_RauLaTi4eVgYHSp2TV9pqs9uzTVv0B10g9TaHMWpcZ4	1unPaL	qadv-arbiter-7x7-rust-lambda-v0.1.0	-	qadv-arbiter-7x7-rust-lambda-v0.1.0	-	D	P	-
g1_BbpP7D9tvogTxzPHoLOHwJpQw3C_OSwhku3zaQOSzOo	s1_kU3PxqhrfFZ0Aq-JX41ZLtVpKmAPGNI1K3g5dc7oZZE	1unPaL	qadv-arbiter-7x7-rust-lambda-v0.1.0	-	qadv-arbiter-7x7-rust-lambda-v0.1.0	-	D	P	196
g1_BbsyC0ayJ5HCzCqxrbfsosEYRo4Ofg2IRjSq0sIt2X8	s1_BzWwvjuLJcMAlKgkB0JBW6TOPA2cPPZ9G-JVoHBq6Fg	1unPLX	qadv-arbiter-7x7-rust-lambda-v0.1.0	-	qadv-arbiter-7x7-rust-lambda-v0.1.0	-	L	P	196
g1_BbsyC0ayJ5HCzCqxrbfsosEYRo4Ofg2IRjSq0sIt2X8	s1_RauLaTi4eVgYHSp2TV9pqs9uzTVv0B10g9TaHMWpcZ4	1unPLX	qadv-arbiter-7x7-rust-lambda-v0.1.0	-	qadv-arbiter-7x7-rust-lambda-v0.1.0	-	L	P	-
g1_BbsyC0ayJ5HCzCqxrbfsosEYRo4Ofg2IRjSq0sIt2X8	s1__ji3VDIA204me9D7L5CMx2uSmaOnoKEoiDok9wEUJXs	1unPLX	qadv-arbiter-7x7-rust-lambda-v0.1.0	-	qadv-arbiter-7x7-rust-lambda-v0.1.0	-	L	P	196
g1_BbsyC0ayJ5HCzCqxrbfsosEYRo4Ofg2IRjSq0sIt2X8	s1_eUObJwqNPrzLfTb6AU09Gfk4BtVKHp4cXR46M-gL_R4	1unPLX	qadv-arbiter-7x7-rust-lambda-v0.1.0	-	qadv-arbiter-7x7-rust-lambda-v0.1.0	-	L	P	196
g1_Bc2iGsdEH-k8_kjQ39vsnxxyn7uRiXr8pkLC-GkRf6g	s1_-wYe7aclA7w5h9_fnZB4-T49yV_oya9iWeSzpkOguew	1unP1d	qadv-arbiter-7x7-rust-lambda-v0.1.0	-	qadv-arbiter-7x7-rust-lambda-v0.1.0	-	D	P	196
g1_Bc2iGsdEH-k8_kjQ39vsnxxyn7uRiXr8pkLC-GkRf6g	s1_BX66z1Javo0ejosd4it9DGHwKXKX17jJG0H-_MfKaLQ	1unP1d	qadv-arbiter-7x7-rust-lambda-v0.1.0	-	qadv-arbiter-7x7-rust-lambda-v0.1.0	-	D	P	196
g1_Bc2iGsdEH-k8_kjQ39vsnxxyn7uRiXr8pkLC-GkRf6g	s1_F_rqnIOpXrTXBySq77B6I4dxJgxjGssokR-jkgTmYPc	1unP1d	qadv-arbiter-7x7-rust-lambda-v0.1.0	-	qadv-arbiter-7x7-rust-lambda-v0.1.0	-	D	P	196
g1_Bc2iGsdEH-k8_kjQ39vsnxxyn7uRiXr8pkLC-GkRf6g	s1_RauLaTi4eVgYHSp2TV9pqs9uzTVv0B10g9TaHMWpcZ4	1unP1d	qadv-arbiter-7x7-rust-lambda-v0.1.0	-	qadv-arbiter-7x7-rust-lambda-v0.1.0	-	D	P	-
g1_BcNCR5Ea8aArhg3xAo5XDFD_I6X99Ivq1Rr7fOhc0ug	s1_-nuSEWGpqVnT4hPposM9GSZdGtIV4M5K-lEzUYjiquI	1unQ_R	lunatic-v0.1.0	-	qadv-arbiter-7x7-v0.1.0	-	L	P	196
g1_BcNCR5Ea8aArhg3xAo5XDFD_I6X99Ivq1Rr7fOhc0ug	s1_2FtaP75xgRVTNrUvmC0NIesJCNy8IDFJ05WNM4nUnpg	1unQ_R	lunatic-v0.1.0	-	qadv-arbiter-7x7-v0.1.0	-	L	P	196
g1_BcNCR5Ea8aArhg3xAo5XDFD_I6X99Ivq1Rr7fOhc0ug	s1_81jnOPG0KC6WWl88_LfugVl-IsJ52eOaMQkHQwGq_MA	1unQ_R	lunatic-v0.1.0	-	qadv-arbiter-7x7-v0.1.0	-	L	P	196
g1_BcNCR5Ea8aArhg3xAo5XDFD_I6X99Ivq1Rr7fOhc0ug	s1_RauLaTi4eVgYHSp2TV9pqs9uzTVv0B10g9TaHMWpcZ4	1unQ_R	lunatic-v0.1.0	-	qadv-arbiter-7x7-v0.1.0	-	L	P	-
g1_BcNCR5Ea8aArhg3xAo5XDFD_I6X99Ivq1Rr7fOhc0ug	s1_YqkzHyYiiONstUbIYNqpAkc6X7mktJrUlLN5N24Cv8c	1unQ_R	lunatic-v0.1.0	-	qadv-arbiter-7x7-v0.1.0	-	L	P	196
g1_BcQlzXUVnuDpAYUcDCP_oAQyRRa0qEVj4PV69U0HE7I	s1_MJ404PdP69Jrre7HkqbVWujDEDCGhpalvtnOnGrPcqY	1unOT4	qadv-arbiter-7x7-rust-lambda-v0.1.0	-	qadv-arbiter-7x7-rust-lambda-v0.1.0	-	L	P	196
g1_BcQlzXUVnuDpAYUcDCP_oAQyRRa0qEVj4PV69U0HE7I	s1_RauLaTi4eVgYHSp2TV9pqs9uzTVv0B10g9TaHMWpcZ4	1unOT4	qadv-arbiter-7x7-rust-lambda-v0.1.0	-	qadv-arbiter-7x7-rust-lambda-v0.1.0	-	L	P	-
g1_BcQlzXUVnuDpAYUcDCP_oAQyRRa0qEVj4PV69U0HE7I	s1_qTfYFJ2-Z_I0h6T461GVkfDkZgYo2-wgDj1Tn-P782c	1unOT4	qadv-arbiter-7x7-rust-lambda-v0.1.0	-	qadv-arbiter-7x7-rust-lambda-v0.1.0	-	L	P	196
g1_BcQlzXUVnuDpAYUcDCP_oAQyRRa0qEVj4PV69U0HE7I	s1_yvoEgMX_BiE8guWbZq5i8nSy0LLXXB0_52zaRCgHgmE	1unOT4	qadv-arbiter-7x7-rust-lambda-v0.1.0	-	qadv-arbiter-7x7-rust-lambda-v0.1.0	-	L	P	196
g1_BcU7VQYwRfk35sUoTM0-5eeMsPNwY8_coXZzmraFaz4	s1_2FtaP75xgRVTNrUvmC0NIesJCNy8IDFJ05WNM4nUnpg	1unQev	pathfinder-v0.3.0	-	qadv-arbiter-7x7-v0.1.0	-	L	P	196
g1_BcU7VQYwRfk35sUoTM0-5eeMsPNwY8_coXZzmraFaz4	s1_RauLaTi4eVgYHSp2TV9pqs9uzTVv0B10g9TaHMWpcZ4	1unQev	pathfinder-v0.3.0	-	qadv-arbiter-7x7-v0.1.0	-	L	P	-
g1_BcU7VQYwRfk35sUoTM0-5eeMsPNwY8_coXZzmraFaz4	s1_a3xFQY41G9nPPc4_GbESq-0eN3mRycIC2y9N09PKA5E	1unQev	pathfinder-v0.3.0	-	qadv-arbiter-7x7-v0.1.0	-	L	P	196
g1_BcU7VQYwRfk35sUoTM0-5eeMsPNwY8_coXZzmraFaz4	s1_jjIVKwSR4faN_-oVpCPRp8dhGXOo2OYdxa0Bg7OTg0s	1unQev	pathfinder-v0.3.0	-	qadv-arbiter-7x7-v0.1.0	-	L	P	196
g1_BcfDeHk-VNTyDRw0DOqT51ATmNCF6dJzJfvH07V3bEg	s1_GAcvtxwD-Jrn9Q-B78c7E73-Pc__RynWiKAnl1He8J0	1unNcz	qadv-arbiter-7x7-rust-lambda-v0.1.0	-	qadv-arbiter-7x7-rust-lambda-v0.1.0	-	L	P	196
g1_BcfDeHk-VNTyDRw0DOqT51ATmNCF6dJzJfvH07V3bEg	s1_JunYjmcKxnqFKMIg2a6KSJvgM_wC4ZsvmB0NIzuQUBw	1unNcz	qadv-arbiter-7x7-rust-lambda-v0.1.0	-	qadv-arbiter-7x7-rust-lambda-v0.1.0	-	L	P	196
g1_BcfDeHk-VNTyDRw0DOqT51ATmNCF6dJzJfvH07V3bEg	s1_KQmAwvygLFoXYo48tkNoXbY6Lv9K0J2TxSMXsaUMEgw	1unNcz	qadv-arbiter-7x7-rust-lambda-v0.1.0	-	qadv-arbiter-7x7-rust-lambda-v0.1.0	-	L	P	196
g1_BcfDeHk-VNTyDRw0DOqT51ATmNCF6dJzJfvH07V3bEg	s1_RauLaTi4eVgYHSp2TV9pqs9uzTVv0B10g9TaHMWpcZ4	1unNcz	qadv-arbiter-7x7-rust-lambda-v0.1.0	-	qadv-arbiter-7x7-rust-lambda-v0.1.0	-	L	P	-
g1_BcsdW4aFUX0ZLM1sdVcRQuNDY5HpYac8zuBtgYQ8Hro	s1_C2fLc58efUaPOAjRfg8sF_fzZvW0r-1QrCztHYugjCQ	1unOAl	qadv-arbiter-7x7-rust-lambda-v0.1.0	-	qadv-arbiter-7x7-rust-lambda-v0.1.0	-	L	P	196
g1_BcsdW4aFUX0ZLM1sdVcRQuNDY5HpYac8zuBtgYQ8Hro	s1_JSpcfa_Qo0EyQPl1UxlMWjqJhJ-41ARjdC1-UcH2hHA	1unOAl	qadv-arbiter-7x7-rust-lambda-v0.1.0	-	qadv-arbiter-7x7-rust-lambda-v0.1.0	-	L	P	196
g1_BcsdW4aFUX0ZLM1sdVcRQuNDY5HpYac8zuBtgYQ8Hro	s1_RauLaTi4eVgYHSp2TV9pqs9uzTVv0B10g9TaHMWpcZ4	1unOAl	qadv-arbiter-7x7-rust-lambda-v0.1.0	-	qadv-arbiter-7x7-rust-lambda-v0.1.0	-	L	P	-
g1_BcsdW4aFUX0ZLM1sdVcRQuNDY5HpYac8zuBtgYQ8Hro	s1_smL_kBDaxZ-b1SjPgYfyYxGndtNlKrkVIGYmcpwR_5c	1unOAl	qadv-arbiter-7x7-rust-lambda-v0.1.0	-	qadv-arbiter-7x7-rust-lambda-v0.1.0	-	L	P	196
g1_BcyRmsM3-2iYgOo9IR7JbIqEoqz6lcjUEnA6ffXpckQ	s1_4AJk_GabIb8u7YXAs6_nMjNjEyTJ5pEGdr0gGIEQmqk	1unN2j	qadv-arbiter-7x7-rust-lambda-v0.1.0	-	qadv-arbiter-7x7-rust-lambda-v0.1.0	-	L	P	196
g1_BcyRmsM3-2iYgOo9IR7JbIqEoqz6lcjUEnA6ffXpckQ	s1_RauLaTi4eVgYHSp2TV9pqs9uzTVv0B10g9TaHMWpcZ4	1unN2j	qadv-arbiter-7x7-rust-lambda-v0.1.0	-	qadv-arbiter-7x7-rust-lambda-v0.1.0	-	L	P	-
g1_BcyRmsM3-2iYgOo9IR7JbIqEoqz6lcjUEnA6ffXpckQ	s1_UoP77wp4nH1HOVgmEV1YPn5-OHe_Bh0_hdg8ivn5vf4	1unN2j	qadv-arbiter-7x7-rust-lambda-v0.1.0	-	qadv-arbiter-7x7-rust-lambda-v0.1.0	-	L	P	196
g1_BcyRmsM3-2iYgOo9IR7JbIqEoqz6lcjUEnA6ffXpckQ	s1_xrM513gWvr-6xxB8xqW0DNyCci_dPLMvdIYrDwTNVHs	1unN2j	qadv-arbiter-7x7-rust-lambda-v0.1.0	-	qadv-arbiter-7x7-rust-lambda-v0.1.0	-	L	P	196
g1_Bd40m4WlQjvtcexxkLl9sHcJyrOW6nE6Mt6vRCjviF0	s1_8Qa34r2U92hyAaHHcpcokxAWnmPd8SJkhwRGTsSuiPw	1unNiu	qadv-arbiter-7x7-rust-lambda-v0.1.0	-	qadv-arbiter-7x7-rust-lambda-v0.1.0	-	D	P	196
g1_Bd40m4WlQjvtcexxkLl9sHcJyrOW6nE6Mt6vRCjviF0	s1_BVs_Sz0vZ8lIeDv8QGbVk2zfGOPwEBSth27t6IoVl6U	1unNiu	qadv-arbiter-7x7-rust-lambda-v0.1.0	-	qadv-arbiter-7x7-rust-lambda-v0.1.0	-	D	P	196
g1_Bd40m4WlQjvtcexxkLl9sHcJyrOW6nE6Mt6vRCjviF0	s1_RauLaTi4eVgYHSp2TV9pqs9uzTVv0B10g9TaHMWpcZ4	1unNiu	qadv-arbiter-7x7-rust-lambda-v0.1.0	-	qadv-arbiter-7x7-rust-lambda-v0.1.0	-	D	P	-
g1_Bd40m4WlQjvtcexxkLl9sHcJyrOW6nE6Mt6vRCjviF0	s1_nhL5lI2-1pIjhDqRX6nYaWFSh38XrBlj9jNLOCu2JQc	1unNiu	qadv-arbiter-7x7-rust-lambda-v0.1.0	-	qadv-arbiter-7x7-rust-lambda-v0.1.0	-	D	P	196
g1_BdNrOV2zGuUDRbu7e2g-VScRhgtFQWBXxhL_EfcyCqQ	s1_RauLaTi4eVgYHSp2TV9pqs9uzTVv0B10g9TaHMWpcZ4	1unNPk	qadv-arbiter-7x7-rust-qadv-v0.1.0	-	qadv-arbiter-7x7-rust-qadv-v0.1.0	-	L	P	-
g1_BdNrOV2zGuUDRbu7e2g-VScRhgtFQWBXxhL_EfcyCqQ	s1_Y9W-9vFMEE42HeIuF0k8-5xC6A7Fgowwe6ZSH1vvafM	1unNPk	qadv-arbiter-7x7-rust-qadv-v0.1.0	-	qadv-arbiter-7x7-rust-qadv-v0.1.0	-	L	P	196
g1_BdNrOV2zGuUDRbu7e2g-VScRhgtFQWBXxhL_EfcyCqQ	s1_sxEIjh4ilxO9ORdRVDI_faja9L6bu_Kotb0gGjYkihM	1unNPk	qadv-arbiter-7x7-rust-qadv-v0.1.0	-	qadv-arbiter-7x7-rust-qadv-v0.1.0	-	L	P	196
g1_BdcFCF4r973UT3Jx3x9m2PYz8A2YQ_989g_MRfi2HMU	s1_1av6nXQkq-GSHXfjkVlGHGpAq8F9UbW4JwZmyFA-vww	1DIaY	rust-pathfinder-v0.1.0	-	lunatic-v0.1.0	-	L	P	-
g1_BdcFCF4r973UT3Jx3x9m2PYz8A2YQ_989g_MRfi2HMU	s1_9Eroywf7tuDrn-hcfZPjlEa1DSRUykCRn9Z11u8ySIo	1DIaY	rust-pathfinder-v0.1.0	-	lunatic-v0.1.0	-	L	P	-
g1_BdcFCF4r973UT3Jx3x9m2PYz8A2YQ_989g_MRfi2HMU	s1_9Eroywf7tuDrn-hcfZPjlEa1DSRUykCRn9Z11u8ySIo	1umv0u	rust-pathfinder-v0.1.0	-	lunatic-v0.1.0	-	L	P	-
g1_BdcFCF4r973UT3Jx3x9m2PYz8A2YQ_989g_MRfi2HMU	s1_MKrI0a3Qd48rU7oZj28GrlQ3cHhIbUzS5ibiIW9aKy4	1DIaY	rust-pathfinder-v0.1.0	-	lunatic-v0.1.0	-	L	P	-
g1_BdcFCF4r973UT3Jx3x9m2PYz8A2YQ_989g_MRfi2HMU	s1_S06ybw0yDIIqiOwgmMxEdlMUe_DdAoxGfY5D91Fh580	1umv0u	rust-pathfinder-v0.1.0	-	lunatic-v0.1.0	-	L	P	-
g1_BdcFCF4r973UT3Jx3x9m2PYz8A2YQ_989g_MRfi2HMU	s1_XloMUS0hxYEXf762lcPfaudsLmsH-CsOVZNVVU_obcA	1DIaY	rust-pathfinder-v0.1.0	-	lunatic-v0.1.0	-	L	P	-
g1_BdcFCF4r973UT3Jx3x9m2PYz8A2YQ_989g_MRfi2HMU	s1_del54SUFELBov5vQFrhsVexn6D9EhUPDFZpXuqC6eCI	1DIaY	rust-pathfinder-v0.1.0	-	lunatic-v0.1.0	-	L	P	-
g1_BdcFCF4r973UT3Jx3x9m2PYz8A2YQ_989g_MRfi2HMU	s1_g5pGkHBMEhzAYvwFY0b24sSc7wC9JfnWApMHHZ_aMPI	1DIaY	rust-pathfinder-v0.1.0	-	lunatic-v0.1.0	-	L	P	-
g1_BdcFCF4r973UT3Jx3x9m2PYz8A2YQ_989g_MRfi2HMU	s1_mWPTef6xYbijjPhDIC6QgLRmu2mMSJAokNlIkx3vg54	1DIaY	rust-pathfinder-v0.1.0	-	lunatic-v0.1.0	-	L	P	-
g1_BdcFCF4r973UT3Jx3x9m2PYz8A2YQ_989g_MRfi2HMU	s1_yzrkPDA5egXCkdg9BV9wK4-9CohJuc_ZO3uCNV9xrw8	1umv0u	rust-pathfinder-v0.1.0	-	lunatic-v0.1.0	-	L	P	-
g1_BdgIJ0ilFLikzGv8pnaMMTOSbQPt4G5bryAr4LaEle4	s1_NjJtt48WKeHrq1sczyf23_fH8W7MkqOxn3_bgMlJcPc	1unM2E	qadv-arbiter-7x7-rust-lambda-v0.1.0	-	qadv-arbiter-7x7-rust-lambda-v0.1.0	-	D	P	196
g1_BdgIJ0ilFLikzGv8pnaMMTOSbQPt4G5bryAr4LaEle4	s1_RauLaTi4eVgYHSp2TV9pqs9uzTVv0B10g9TaHMWpcZ4	1unM2E	qadv-arbiter-7x7-rust-lambda-v0.1.0	-	qadv-arbiter-7x7-rust-lambda-v0.1.0	-	D	P	-
g1_BdgIJ0ilFLikzGv8pnaMMTOSbQPt4G5bryAr4LaEle4	s1_r1Ub_tLtw_oTez-SM3KymFvtRVy0qKg9QpnSAvjgVOk	1unM2E	qadv-arbiter-7x7-rust-lambda-v0.1.0	-	qadv-arbiter-7x7-rust-lambda-v0.1.0	-	D	P	196
g1_BdgIJ0ilFLikzGv8pnaMMTOSbQPt4G5bryAr4LaEle4	s1_sLa_uBo7IRZdm6zSldVDlRqu4K3n6vKUXOuAJ1rVtBo	1unM2E	qadv-arbiter-7x7-rust-lambda-v0.1.0	-	qadv-arbiter-7x7-rust-lambda-v0.1.0	-	D	P	196
g1_BdmsKzOgzym2lRtwD_koAgBbeDO4wYkuqMZ_Rc2g0PQ	s1_7FIu85-v_e-kbNsQ2UNk3yRt-KGcLyUjpmVwIc9cnfM	1umwME	python-gnn-puct-scout-v0.1.0	sha256:b9f80706cc1f29076ee06fe06483697c749148a808c599579045d00a52573938	python-gnn-puct-scout-v0.1.0	sha256:b9f80706cc1f29076ee06fe06483697c749148a808c599579045d00a52573938	L	P	196
g1_BdmsKzOgzym2lRtwD_koAgBbeDO4wYkuqMZ_Rc2g0PQ	s1_S8AGNBNcWBvWiwIo-AOAHPoHuZo2XvcsYvhgQxGTkrY	1umwME	python-gnn-puct-scout-v0.1.0	sha256:b9f80706cc1f29076ee06fe06483697c749148a808c599579045d00a52573938	python-gnn-puct-scout-v0.1.0	sha256:b9f80706cc1f29076ee06fe06483697c749148a808c599579045d00a52573938	L	P	196
g1_BdpI5kbdmnG9y7Um_0l5AZfjpP98EM9LqAES0lLDdc8	s1_2FtaP75xgRVTNrUvmC0NIesJCNy8IDFJ05WNM4nUnpg	1unR51	lunatic-v0.1.0	-	qadv-arbiter-7x7-v0.1.0	-	L	P	196
g1_BdpI5kbdmnG9y7Um_0l5AZfjpP98EM9LqAES0lLDdc8	s1_GKXRT1aW5JAUY8Z15cHCRHPZLOycqGvxdJP6v63jzsk	1unR51	lunatic-v0.1.0	-	qadv-arbiter-7x7-v0.1.0	-	L	P	196
g1_BdpI5kbdmnG9y7Um_0l5AZfjpP98EM9LqAES0lLDdc8	s1_O_uHBJKrhwmWlTu_mKPB9OGQAkZtIPBAkOGIcTMQrP8	1unR51	lunatic-v0.1.0	-	qadv-arbiter-7x7-v0.1.0	-	L	P	196
g1_BdpI5kbdmnG9y7Um_0l5AZfjpP98EM9LqAES0lLDdc8	s1_RauLaTi4eVgYHSp2TV9pqs9uzTVv0B10g9TaHMWpcZ4	1unR51	lunatic-v0.1.0	-	qadv-arbiter-7x7-v0.1.0	-	L	P	-
g1_BdpZLI6lZdJkfjoKH2jTFRlsXmYmBrSeamKyMWbSF6M	s1_AVmXa_Q39P7ejkqwOGSlp3nK8DYwwSorZe4hVyt5Ccs	1unPEP	qadv-arbiter-7x7-rust-lambda-v0.1.0	-	qadv-arbiter-7x7-rust-lambda-v0.1.0	-	D	P	196
g1_BdpZLI6lZdJkfjoKH2jTFRlsXmYmBrSeamKyMWbSF6M	s1_RauLaTi4eVgYHSp2TV9pqs9uzTVv0B10g9TaHMWpcZ4	1unPEP	qadv-arbiter-7x7-rust-lambda-v0.1.0	-	qadv-arbiter-7x7-rust-lambda-v0.1.0	-	D	P	-
g1_BdpZLI6lZdJkfjoKH2jTFRlsXmYmBrSeamKyMWbSF6M	s1__Dfz9K370d6ibvy8uKf3Pqa6sDiK-2WvHGNozT3fwnE	1unPEP	qadv-arbiter-7x7-rust-lambda-v0.1.0	-	qadv-arbiter-7x7-rust-lambda-v0.1.0	-	D	P	196
g1_BdpZLI6lZdJkfjoKH2jTFRlsXmYmBrSeamKyMWbSF6M	s1_aciOlip7sOswCws5RPBsdsUqxowN-aMdI4MYWDVPbng	1unPEP	qadv-arbiter-7x7-rust-lambda-v0.1.0	-	qadv-arbiter-7x7-rust-lambda-v0.1.0	-	D	P	196
g1_Bdu2AZ-IRzLT4yIlqDZlCo6NLGC0coz9zG-jLOvSZVM	s1_FWGOZWz48sbcamP4_6gjdHTFmK3SA2yUt33b7UQEf28	1unPzk	qadv-arbiter-7x7-rust-lambda-v0.1.0	-	qadv-arbiter-7x7-rust-lambda-v0.1.0	-	D	P	196
g1_Bdu2AZ-IRzLT4yIlqDZlCo6NLGC0coz9zG-jLOvSZVM	s1_O5gDt3KHPwxdKCnIRHiKpeukJzqiVBj_gTB2c3D3t6w	1unPzk	qadv-arbiter-7x7-rust-lambda-v0.1.0	-	qadv-arbiter-7x7-rust-lambda-v0.1.0	-	D	P	196
g1_Bdu2AZ-IRzLT4yIlqDZlCo6NLGC0coz9zG-jLOvSZVM	s1_RauLaTi4eVgYHSp2TV9pqs9uzTVv0B10g9TaHMWpcZ4	1unPzk	qadv-arbiter-7x7-rust-lambda-v0.1.0	-	qadv-arbiter-7x7-rust-lambda-v0.1.0	-	D	P	-
g1_Bdu2AZ-IRzLT4yIlqDZlCo6NLGC0coz9zG-jLOvSZVM	s1_wpQBNhchmfxRPDQ_tqw4wEreYMRz3pCd2VeCBo45myA	1unPzk	qadv-arbiter-7x7-rust-lambda-v0.1.0	-	qadv-arbiter-7x7-rust-lambda-v0.1.0	-	D	P	196
g1_Bduvc0N1R1yv9zj3VEz351YTlhdngSWecOPSdoSMraI	s1_9DXxG4m3saRLt4TQ5tw_ZhRYwj-zy0ZdshBBScGOMEo	1unMUc	qadv-arbiter-7x7-rust-lambda-v0.1.0	-	qadv-arbiter-7x7-rust-lambda-v0.1.0	-	D	P	196
g1_Bduvc0N1R1yv9zj3VEz351YTlhdngSWecOPSdoSMraI	s1_RauLaTi4eVgYHSp2TV9pqs9uzTVv0B10g9TaHMWpcZ4	1unMUc	qadv-arbiter-7x7-rust-lambda-v0.1.0	-	qadv-arbiter-7x7-rust-lambda-v0.1.0	-	D	P	-
g1_Bduvc0N1R1yv9zj3VEz351YTlhdngSWecOPSdoSMraI	s1_mi47MW3N0VBbwLFZfAaKl9848PyBKAc7xOxDwmkRIO4	1unMUc	qadv-arbiter-7x7-rust-lambda-v0.1.0	-	qadv-arbiter-7x7-rust-lambda-v0.1.0	-	D	P	196
g1_Bduvc0N1R1yv9zj3VEz351YTlhdngSWecOPSdoSMraI	s1_zEzBmhIeAdUgv0ad704g6ZhTKT4i5iNUNALK8Hf49ZI	1unMUc	qadv-arbiter-7x7-rust-lambda-v0.1.0	-	qadv-arbiter-7x7-rust-lambda-v0.1.0	-	D	P	196
g1_BeEt51goWQ9X4EJULGBxSPiL5jJPko9pP4sPyPCOOEI	s1_Zlfwu4ud2onG5icwH5AWJDm2b5TIdNW1IcVryJ2bffE	1umvyo	python-cnn-puct-reval30k-v0.1.0	sha256:eb2600a53e225a835455efdb2759c40e27c5cb3c16ab0688bc21b99290ed10ee	python-cnn-puct-reval30k-v0.1.0	sha256:eb2600a53e225a835455efdb2759c40e27c5cb3c16ab0688bc21b99290ed10ee	L	P	196
g1_BeTVpm8cto44WSQQ9lSTStkj6YYY4WpsdqJk2IVrDns	s1_WVg7aYYLIrw6_-2mI3jQ-DPcLO4gX2sPEEqWQb0DGQA	1umxK5	python-cnn-puct-reval30k-v0.1.0	sha256:eb2600a53e225a835455efdb2759c40e27c5cb3c16ab0688bc21b99290ed10ee	python-cnn-puct-reval30k-v0.1.0	sha256:eb2600a53e225a835455efdb2759c40e27c5cb3c16ab0688bc21b99290ed10ee	D	P	196
g1_BerSSToWxf9yw1IZ9ZOUXkee210h_D-BwtB4kSdTq3Q	s1_Zlfwu4ud2onG5icwH5AWJDm2b5TIdNW1IcVryJ2bffE	1umvyl	python-cnn-puct-reval30k-v0.1.0	sha256:eb2600a53e225a835455efdb2759c40e27c5cb3c16ab0688bc21b99290ed10ee	python-cnn-puct-reval30k-v0.1.0	sha256:eb2600a53e225a835455efdb2759c40e27c5cb3c16ab0688bc21b99290ed10ee	L	P	196
g1_BerTINXdpV3ZFglGD1pFbj5ie_kCWHMINNv5GcXMtew	s1_2FtaP75xgRVTNrUvmC0NIesJCNy8IDFJ05WNM4nUnpg	1unQxB	surveyor-v0.2.0	-	qadv-arbiter-7x7-v0.1.0	-	L	P	196
g1_BerTINXdpV3ZFglGD1pFbj5ie_kCWHMINNv5GcXMtew	s1_F1bRTMMc7WPBHhcU2WhUt_ZCP3YyTFtaERJ-_FH31CA	1unQxB	surveyor-v0.2.0	-	qadv-arbiter-7x7-v0.1.0	-	L	P	196
g1_BerTINXdpV3ZFglGD1pFbj5ie_kCWHMINNv5GcXMtew	s1_QQaELpfwaDOwIp657I8jAL-XpwtHKrMbcy50oVw-fQI	1unQxB	surveyor-v0.2.0	-	qadv-arbiter-7x7-v0.1.0	-	L	P	196
g1_BerTINXdpV3ZFglGD1pFbj5ie_kCWHMINNv5GcXMtew	s1_RauLaTi4eVgYHSp2TV9pqs9uzTVv0B10g9TaHMWpcZ4	1unQxB	surveyor-v0.2.0	-	qadv-arbiter-7x7-v0.1.0	-	L	P	-
g1_Bf0PRMKk4MGfm4M5QLgfasRXy65TyIdoBrBhds1aFSQ	s1_-OKlJXuPFfAnukwGYITjiU7XKL4OC_qt76PC0TZSPjg	1umvgT	python-cnn-puct-v0.1.0	sha256:7845e9b7687beee165dc36b8d21833b7a8b5a83e31b58b49bd05c277ba26e642	python-cnn-puct-v0.1.0	sha256:7845e9b7687beee165dc36b8d21833b7a8b5a83e31b58b49bd05c277ba26e642	D	P	196
g1_Bf0PRMKk4MGfm4M5QLgfasRXy65TyIdoBrBhds1aFSQ	s1_1av6nXQkq-GSHXfjkVlGHGpAq8F9UbW4JwZmyFA-vww	1umvgT	python-cnn-puct-v0.1.0	sha256:7845e9b7687beee165dc36b8d21833b7a8b5a83e31b58b49bd05c277ba26e642	python-cnn-puct-v0.1.0	sha256:7845e9b7687beee165dc36b8d21833b7a8b5a83e31b58b49bd05c277ba26e642	D	P	196
g1_Bf0PRMKk4MGfm4M5QLgfasRXy65TyIdoBrBhds1aFSQ	s1_Brk0hkuJoH-MBjdd53AO5tlWcOgDWV_R0PO74fHGd_0	1umvgT	python-cnn-puct-v0.1.0	sha256:7845e9b7687beee165dc36b8d21833b7a8b5a83e31b58b49bd05c277ba26e642	python-cnn-puct-v0.1.0	sha256:7845e9b7687beee165dc36b8d21833b7a8b5a83e31b58b49bd05c277ba26e642	D	P	196
g1_Bf5qjtMiyVmMxl7b0uAVt2CBaGUegD7cEHr2zh4aJEE	s1_JH1FFoKToPS8BawYUCNROZFVKlMufwQlgpNuw0ZCMQk	1unNHu	qadv-arbiter-7x7-rust-lambda-v0.1.0	-	qadv-arbiter-7x7-rust-lambda-v0.1.0	-	L	P	196
g1_Bf5qjtMiyVmMxl7b0uAVt2CBaGUegD7cEHr2zh4aJEE	s1_RauLaTi4eVgYHSp2TV9pqs9uzTVv0B10g9TaHMWpcZ4	1unNHu	qadv-arbiter-7x7-rust-lambda-v0.1.0	-	qadv-arbiter-7x7-rust-lambda-v0.1.0	-	L	P	-
g1_Bf5qjtMiyVmMxl7b0uAVt2CBaGUegD7cEHr2zh4aJEE	s1_UDkXEGgXDC3OCcAusEra3jPSDMZHZizyxUoisSzv7jc	1unNHu	qadv-arbiter-7x7-rust-lambda-v0.1.0	-	qadv-arbiter-7x7-rust-lambda-v0.1.0	-	L	P	196
g1_Bf5qjtMiyVmMxl7b0uAVt2CBaGUegD7cEHr2zh4aJEE	s1_XYogpzeWuteGatD10UrKrHes32HE360b5ebEOKmFvyg	1unNHu	qadv-arbiter-7x7-rust-lambda-v0.1.0	-	qadv-arbiter-7x7-rust-lambda-v0.1.0	-	L	P	196
g1_Bf7rHIjEmvypWcAMwMjDKJ4ynuOkt5biToaH4faBsY0	s1_1av6nXQkq-GSHXfjkVlGHGpAq8F9UbW4JwZmyFA-vww	1DIey	rust-pathfinder-v0.1.0	-	lunatic-v0.1.0	-	L	P	-
g1_Bf7rHIjEmvypWcAMwMjDKJ4ynuOkt5biToaH4faBsY0	s1_9Eroywf7tuDrn-hcfZPjlEa1DSRUykCRn9Z11u8ySIo	1DIey	rust-pathfinder-v0.1.0	-	lunatic-v0.1.0	-	L	P	-
g1_Bf7rHIjEmvypWcAMwMjDKJ4ynuOkt5biToaH4faBsY0	s1_MKrI0a3Qd48rU7oZj28GrlQ3cHhIbUzS5ibiIW9aKy4	1DIey	rust-pathfinder-v0.1.0	-	lunatic-v0.1.0	-	L	P	-
g1_Bf7rHIjEmvypWcAMwMjDKJ4ynuOkt5biToaH4faBsY0	s1_XloMUS0hxYEXf762lcPfaudsLmsH-CsOVZNVVU_obcA	1DIey	rust-pathfinder-v0.1.0	-	lunatic-v0.1.0	-	L	P	-
g1_Bf7rHIjEmvypWcAMwMjDKJ4ynuOkt5biToaH4faBsY0	s1_del54SUFELBov5vQFrhsVexn6D9EhUPDFZpXuqC6eCI	1DIey	rust-pathfinder-v0.1.0	-	lunatic-v0.1.0	-	L	P	-
g1_Bf7rHIjEmvypWcAMwMjDKJ4ynuOkt5biToaH4faBsY0	s1_g5pGkHBMEhzAYvwFY0b24sSc7wC9JfnWApMHHZ_aMPI	1DIey	rust-pathfinder-v0.1.0	-	lunatic-v0.1.0	-	L	P	-
g1_Bf7rHIjEmvypWcAMwMjDKJ4ynuOkt5biToaH4faBsY0	s1_mWPTef6xYbijjPhDIC6QgLRmu2mMSJAokNlIkx3vg54	1DIey	rust-pathfinder-v0.1.0	-	lunatic-v0.1.0	-	L	P	-
g1_Bf7zECKvyrs4Lyj7mCVg1gQq0RKXd6lAtkjrLhpdn3Y	s1_1LB6NAgPOeCp4r8rQw4kUOIXWpEdWysFm5RZjWCQSgc	1umwZL	python-gnn-puct-learner-v0.1.0	sha256:ab0f739cd33d66781faf60e27797c5ccba3c04ba684f8d9e32e9c2754f4e8956	python-gnn-puct-learner-v0.1.0	sha256:ab0f739cd33d66781faf60e27797c5ccba3c04ba684f8d9e32e9c2754f4e8956	L	P	196
g1_Bf7zECKvyrs4Lyj7mCVg1gQq0RKXd6lAtkjrLhpdn3Y	s1_P4NHYhwuVnEA-dG2X-UVeVotb84A5mwljbYTlTMqr8w	1umwZL	python-gnn-puct-learner-v0.1.0	sha256:ab0f739cd33d66781faf60e27797c5ccba3c04ba684f8d9e32e9c2754f4e8956	python-gnn-puct-learner-v0.1.0	sha256:ab0f739cd33d66781faf60e27797c5ccba3c04ba684f8d9e32e9c2754f4e8956	L	P	196
g1_BfAFQEl7kAlZQUFrrO4dfCw0OSyq6rigw-cEh73YHJk	s1_2FtaP75xgRVTNrUvmC0NIesJCNy8IDFJ05WNM4nUnpg	1unQw8	qadv-arbiter-7x7-v0.1.0	-	surveyor-v0.2.0	-	D	P	196
g1_BfAFQEl7kAlZQUFrrO4dfCw0OSyq6rigw-cEh73YHJk	s1_PKkm5dh2F8XjFJ5BuBrQ6UVDI2OPiBSIvX3hUqJc9Y4	1unQw8	qadv-arbiter-7x7-v0.1.0	-	surveyor-v0.2.0	-	D	P	196
g1_BfAFQEl7kAlZQUFrrO4dfCw0OSyq6rigw-cEh73YHJk	s1_RauLaTi4eVgYHSp2TV9pqs9uzTVv0B10g9TaHMWpcZ4	1unQw8	qadv-arbiter-7x7-v0.1.0	-	surveyor-v0.2.0	-	D	P	-
g1_BfAFQEl7kAlZQUFrrO4dfCw0OSyq6rigw-cEh73YHJk	s1_ZsjCIeey-tIfqAhp_Hvwn6Rf3Dk8YY4z8nmyUB_B7nQ	1unQw8	qadv-arbiter-7x7-v0.1.0	-	surveyor-v0.2.0	-	D	P	196
g1_BfCHY3UhIS8GGIangTKraztblhvXlDjVJwJ9XNdBjog	s1_EoGoPa2XTxJnCih558TD8XpWZcBRsvMK0XaG-NTeX7g	1unOOf	qadv-arbiter-7x7-rust-lambda-v0.1.0	-	qadv-arbiter-7x7-rust-lambda-v0.1.0	-	L	P	196
g1_BfCHY3UhIS8GGIangTKraztblhvXlDjVJwJ9XNdBjog	s1_RauLaTi4eVgYHSp2TV9pqs9uzTVv0B10g9TaHMWpcZ4	1unOOf	qadv-arbiter-7x7-rust-lambda-v0.1.0	-	qadv-arbiter-7x7-rust-lambda-v0.1.0	-	L	P	-
g1_BfCHY3UhIS8GGIangTKraztblhvXlDjVJwJ9XNdBjog	s1_TmVHeSzqEJWiO61znEY2Qy7XXy0_Dz44Mdm_qwdTn2E	1unOOf	qadv-arbiter-7x7-rust-lambda-v0.1.0	-	qadv-arbiter-7x7-rust-lambda-v0.1.0	-	L	P	196
g1_BfCHY3UhIS8GGIangTKraztblhvXlDjVJwJ9XNdBjog	s1_qr5dx3ifmcJ_XBZXWcy6XGAPtSAeJNhVPHvzMcrQFqI	1unOOf	qadv-arbiter-7x7-rust-lambda-v0.1.0	-	qadv-arbiter-7x7-rust-lambda-v0.1.0	-	L	P	196
g1_BfFwAvCjoKp7EFkjYRQ_y-LumQj0J1mxw8qBBay8Ios	s1_A6Pdi-5XTqkkjjYgnZkpdFtBbOT3vcs3XV6sfAhDiNk	1un3Bu	qadv-arbiter-guided-7x7-v0.2.0	sha256:9c0e5e530df7db77a98f6a2e75fe63a6f629c6ad6563e0b5454793ebc243b14d	pathfinder-v0.3.0	-	D	P	196
g1_BfFwAvCjoKp7EFkjYRQ_y-LumQj0J1mxw8qBBay8Ios	s1_O3cuwuia8XT9TI7Nxr3tRcajOA20XFHEIT2fYX3WizY	1un3Bu	qadv-arbiter-guided-7x7-v0.2.0	sha256:9c0e5e530df7db77a98f6a2e75fe63a6f629c6ad6563e0b5454793ebc243b14d	pathfinder-v0.3.0	-	D	P	196
g1_BfFwAvCjoKp7EFkjYRQ_y-LumQj0J1mxw8qBBay8Ios	s1_Vtn6p5B30bbUD8YVO8sATSZoAgz4rVlBtDaUS3ASsh4	1un3Bu	qadv-arbiter-guided-7x7-v0.2.0	sha256:9c0e5e530df7db77a98f6a2e75fe63a6f629c6ad6563e0b5454793ebc243b14d	pathfinder-v0.3.0	-	D	P	196
g1_BfFwAvCjoKp7EFkjYRQ_y-LumQj0J1mxw8qBBay8Ios	s1_q1qHBeKrplfd3TIe9AmUdbLrczQxRYGoirp57d_e0ug	1un3Bu	qadv-arbiter-guided-7x7-v0.2.0	sha256:9c0e5e530df7db77a98f6a2e75fe63a6f629c6ad6563e0b5454793ebc243b14d	pathfinder-v0.3.0	-	D	P	196
g1_BfIh_oKH2TGJ_RtexvvvB6x4Z0gvBUgdEh10unutb44	s1_0AUOJjPQPZ1MRMfwzS00hiN-u8aJ0dAeHixic-sp0u8	1un6cU	qadv-arbiter-guided-7x7-v0.2.0	sha256:9c0e5e530df7db77a98f6a2e75fe63a6f629c6ad6563e0b5454793ebc243b14d	gnn-reval30k-7x7	sha256:7f41dbe135649d1116a0914bc0358a5ffae95749195ec20dd972035bbbea52f7	L	P	196
g1_BfIh_oKH2TGJ_RtexvvvB6x4Z0gvBUgdEh10unutb44	s1_O3cuwuia8XT9TI7Nxr3tRcajOA20XFHEIT2fYX3WizY	1un68G	qadv-arbiter-guided-7x7-v0.2.0	sha256:9c0e5e530df7db77a98f6a2e75fe63a6f629c6ad6563e0b5454793ebc243b14d	gnn-reval30k-7x7	sha256:7f41dbe135649d1116a0914bc0358a5ffae95749195ec20dd972035bbbea52f7	L	P	196
g1_BfIh_oKH2TGJ_RtexvvvB6x4Z0gvBUgdEh10unutb44	s1_UHtME0K2nHdWZi6cty5g9OSxM3nyUTxwVk5nkZhTkjA	1un6cU	qadv-arbiter-guided-7x7-v0.2.0	sha256:9c0e5e530df7db77a98f6a2e75fe63a6f629c6ad6563e0b5454793ebc243b14d	gnn-reval30k-7x7	sha256:7f41dbe135649d1116a0914bc0358a5ffae95749195ec20dd972035bbbea52f7	L	P	196
g1_BfIh_oKH2TGJ_RtexvvvB6x4Z0gvBUgdEh10unutb44	s1_ggdWG1sVOEPD2SyN9Kjsm3CphyWLYxhECrrTY9brvNQ	1un6cU	qadv-arbiter-guided-7x7-v0.2.0	sha256:9c0e5e530df7db77a98f6a2e75fe63a6f629c6ad6563e0b5454793ebc243b14d	gnn-reval30k-7x7	sha256:7f41dbe135649d1116a0914bc0358a5ffae95749195ec20dd972035bbbea52f7	L	P	196
g1_BfIh_oKH2TGJ_RtexvvvB6x4Z0gvBUgdEh10unutb44	s1_kxcCOPI6kb3Yfxj3JAw9tOeotFWkcd3kTNwqviSbgzw	1un68G	qadv-arbiter-guided-7x7-v0.2.0	sha256:9c0e5e530df7db77a98f6a2e75fe63a6f629c6ad6563e0b5454793ebc243b14d	gnn-reval30k-7x7	sha256:7f41dbe135649d1116a0914bc0358a5ffae95749195ec20dd972035bbbea52f7	L	P	196
g1_BfIh_oKH2TGJ_RtexvvvB6x4Z0gvBUgdEh10unutb44	s1_nUa3ws3Gs99-zHf-hPvDSLVlIEJGXiOY79LgG2mno4c	1un68G	qadv-arbiter-guided-7x7-v0.2.0	sha256:9c0e5e530df7db77a98f6a2e75fe63a6f629c6ad6563e0b5454793ebc243b14d	gnn-reval30k-7x7	sha256:7f41dbe135649d1116a0914bc0358a5ffae95749195ec20dd972035bbbea52f7	L	P	196
g1_BfNIPzAR9vrmyPg3H89kR4s4MmHuxQYW9VI0IvHXGv4	s1_WVg7aYYLIrw6_-2mI3jQ-DPcLO4gX2sPEEqWQb0DGQA	1umxUI	python-cnn-puct-reval30k-v0.1.0	sha256:eb2600a53e225a835455efdb2759c40e27c5cb3c16ab0688bc21b99290ed10ee	python-cnn-puct-reval30k-v0.1.0	sha256:eb2600a53e225a835455efdb2759c40e27c5cb3c16ab0688bc21b99290ed10ee	D	P	196
g1_BfeEc5IOd7SrVqyeQiVl6_vUmAumwNhrCLqFtNp_aJ8	s1_4BFU-I9UQNF0V08kYKqnm9aUVo-kdpwfoSUNc6T7qlE	1unPqS	qadv-arbiter-7x7-rust-lambda-v0.1.0	-	qadv-arbiter-7x7-rust-lambda-v0.1.0	-	L	P	196
g1_BfeEc5IOd7SrVqyeQiVl6_vUmAumwNhrCLqFtNp_aJ8	s1_JH7LXOJorOMb4t8AIWkcXs4sHiMqMF73LkrStknbufA	1unPqS	qadv-arbiter-7x7-rust-lambda-v0.1.0	-	qadv-arbiter-7x7-rust-lambda-v0.1.0	-	L	P	196
g1_BfeEc5IOd7SrVqyeQiVl6_vUmAumwNhrCLqFtNp_aJ8	s1_ODHlQ-nTea5-kWqdtyY19Qxm8YyUnFfJVnDAXqKjeY0	1unPqS	qadv-arbiter-7x7-rust-lambda-v0.1.0	-	qadv-arbiter-7x7-rust-lambda-v0.1.0	-	L	P	196
g1_BfeEc5IOd7SrVqyeQiVl6_vUmAumwNhrCLqFtNp_aJ8	s1_RauLaTi4eVgYHSp2TV9pqs9uzTVv0B10g9TaHMWpcZ4	1unPqS	qadv-arbiter-7x7-rust-lambda-v0.1.0	-	qadv-arbiter-7x7-rust-lambda-v0.1.0	-	L	P	-
g1_BfoQxIoaAUGMVVf35BQ1DUITOx6aEqGzMuGUYc9891o	s1_1LB6NAgPOeCp4r8rQw4kUOIXWpEdWysFm5RZjWCQSgc	1umwb8	python-gnn-puct-learner-v0.1.0	sha256:ab0f739cd33d66781faf60e27797c5ccba3c04ba684f8d9e32e9c2754f4e8956	python-gnn-puct-learner-v0.1.0	sha256:ab0f739cd33d66781faf60e27797c5ccba3c04ba684f8d9e32e9c2754f4e8956	L	P	196
g1_BfoQxIoaAUGMVVf35BQ1DUITOx6aEqGzMuGUYc9891o	s1_P4NHYhwuVnEA-dG2X-UVeVotb84A5mwljbYTlTMqr8w	1umwb8	python-gnn-puct-learner-v0.1.0	sha256:ab0f739cd33d66781faf60e27797c5ccba3c04ba684f8d9e32e9c2754f4e8956	python-gnn-puct-learner-v0.1.0	sha256:ab0f739cd33d66781faf60e27797c5ccba3c04ba684f8d9e32e9c2754f4e8956	L	P	196
g1_Bfqm6O6-Vdh5Y1I6mFI404BYUzThlXubQPecfp4jiqQ	s1_D1zLNNwiUaEOcZ6B7lkyxMf7CZOLumRVnODrFeHzowE	1unNK7	qadv-arbiter-7x7-rust-lambda-v0.1.0	-	qadv-arbiter-7x7-rust-lambda-v0.1.0	-	L	P	196
g1_Bfqm6O6-Vdh5Y1I6mFI404BYUzThlXubQPecfp4jiqQ	s1_RauLaTi4eVgYHSp2TV9pqs9uzTVv0B10g9TaHMWpcZ4	1unNK7	qadv-arbiter-7x7-rust-lambda-v0.1.0	-	qadv-arbiter-7x7-rust-lambda-v0.1.0	-	L	P	-
g1_Bfqm6O6-Vdh5Y1I6mFI404BYUzThlXubQPecfp4jiqQ	s1_cizrpC0inT-L4WNn64qSTvGVQGYIOPm7SI25TvPN7Lk	1unNK7	qadv-arbiter-7x7-rust-lambda-v0.1.0	-	qadv-arbiter-7x7-rust-lambda-v0.1.0	-	L	P	196
g1_Bfqm6O6-Vdh5Y1I6mFI404BYUzThlXubQPecfp4jiqQ	s1_zwlUrbH-a8GHq9Z0XHAsgg1cRGB8c1NDzANioEDinNg	1unNK7	qadv-arbiter-7x7-rust-lambda-v0.1.0	-	qadv-arbiter-7x7-rust-lambda-v0.1.0	-	L	P	196
g1_Bfrv5Mrn11TUKBEYcJXraDWsuUFzB0wcS5PnxlgWQU0	s1_qtlitMa-GGx-0y2heoyNRonYXf1Dq5epTexnVe9Iqtw	1umxdI	python-gnn-puct-learner-v0.1.0	sha256:ab0f739cd33d66781faf60e27797c5ccba3c04ba684f8d9e32e9c2754f4e8956	python-gnn-puct-learner-v0.1.0	sha256:ab0f739cd33d66781faf60e27797c5ccba3c04ba684f8d9e32e9c2754f4e8956	D	P	196
g1_Bg2CK33rT-jXFe3Gnd4p7mrnSqKMNqQHX6HiGXNMAtY	s1_1av6nXQkq-GSHXfjkVlGHGpAq8F9UbW4JwZmyFA-vww	1umvPw	python-gnn-puct-learner-v0.1.0	sha256:ab0f739cd33d66781faf60e27797c5ccba3c04ba684f8d9e32e9c2754f4e8956	python-gnn-puct-learner-v0.1.0	sha256:ab0f739cd33d66781faf60e27797c5ccba3c04ba684f8d9e32e9c2754f4e8956	L	P	196
g1_Bg2CK33rT-jXFe3Gnd4p7mrnSqKMNqQHX6HiGXNMAtY	s1_Brk0hkuJoH-MBjdd53AO5tlWcOgDWV_R0PO74fHGd_0	1umvPw	python-gnn-puct-learner-v0.1.0	sha256:ab0f739cd33d66781faf60e27797c5ccba3c04ba684f8d9e32e9c2754f4e8956	python-gnn-puct-learner-v0.1.0	sha256:ab0f739cd33d66781faf60e27797c5ccba3c04ba684f8d9e32e9c2754f4e8956	L	P	196
g1_Bg2CK33rT-jXFe3Gnd4p7mrnSqKMNqQHX6HiGXNMAtY	s1_QBFUsDtxokERlDOdQkleYbPvhJ-vIp2qmp6DXjS-7oM	1umvPw	python-gnn-puct-learner-v0.1.0	sha256:ab0f739cd33d66781faf60e27797c5ccba3c04ba684f8d9e32e9c2754f4e8956	python-gnn-puct-learner-v0.1.0	sha256:ab0f739cd33d66781faf60e27797c5ccba3c04ba684f8d9e32e9c2754f4e8956	L	P	196
g1_BgG9hrZ2TcgPViG17gpyovHczeNHKiGAC_syuvaBso4	s1_1av6nXQkq-GSHXfjkVlGHGpAq8F9UbW4JwZmyFA-vww	1umvCs	python-gnn-puct-scout-v0.1.0	sha256:b9f80706cc1f29076ee06fe06483697c749148a808c599579045d00a52573938	python-gnn-puct-scout-v0.1.0	sha256:b9f80706cc1f29076ee06fe06483697c749148a808c599579045d00a52573938	L	P	196
g1_BgG9hrZ2TcgPViG17gpyovHczeNHKiGAC_syuvaBso4	s1_Brk0hkuJoH-MBjdd53AO5tlWcOgDWV_R0PO74fHGd_0	1umvCs	python-gnn-puct-scout-v0.1.0	sha256:b9f80706cc1f29076ee06fe06483697c749148a808c599579045d00a52573938	python-gnn-puct-scout-v0.1.0	sha256:b9f80706cc1f29076ee06fe06483697c749148a808c599579045d00a52573938	L	P	196
g1_BgG9hrZ2TcgPViG17gpyovHczeNHKiGAC_syuvaBso4	s1_D_X-fTFZy6xuyGSC5jFyKBW6IP_59Jbomefazf4xu44	1umvCs	python-gnn-puct-scout-v0.1.0	sha256:b9f80706cc1f29076ee06fe06483697c749148a808c599579045d00a52573938	python-gnn-puct-scout-v0.1.0	sha256:b9f80706cc1f29076ee06fe06483697c749148a808c599579045d00a52573938	L	P	196
g1_BgYXvryKr2dk7udo8I751heJpKNazFsjU3lQxs0G7Cw	s1_Pw9n-eQGqVgzkoKq87SU94hsJkPfkJYpcSyanm-uljY	1umwHE	rust-pathfinder-onnx-sorter-v0.1.0	-	rust-pathfinder-v0.3.0	-	L	P	120
g1_Bg_CMq93xGAcLnr5nPrvFH4Jp8myWbbTa4YbelRHeUM	s1_2FtaP75xgRVTNrUvmC0NIesJCNy8IDFJ05WNM4nUnpg	1unQqA	qadv-arbiter-7x7-v0.1.0	-	pathfinder-v0.3.0	-	D	P	196
g1_Bg_CMq93xGAcLnr5nPrvFH4Jp8myWbbTa4YbelRHeUM	s1_RauLaTi4eVgYHSp2TV9pqs9uzTVv0B10g9TaHMWpcZ4	1unQqA	qadv-arbiter-7x7-v0.1.0	-	pathfinder-v0.3.0	-	D	P	-
g1_Bg_CMq93xGAcLnr5nPrvFH4Jp8myWbbTa4YbelRHeUM	s1_Stz2VluFwCF04BVs8tVKFiO792_STJL2G0voL95Gn-Q	1unQqA	qadv-arbiter-7x7-v0.1.0	-	pathfinder-v0.3.0	-	D	P	196
g1_Bg_CMq93xGAcLnr5nPrvFH4Jp8myWbbTa4YbelRHeUM	s1_uvcxErtaS-QFrpvsyDStZw47g1oUyr5P4t8pfBhZnqo	1unQqA	qadv-arbiter-7x7-v0.1.0	-	pathfinder-v0.3.0	-	D	P	196
g1_BgaG7iFQTH9GsIJEU2JcOtWrDA_NBpgR_GkXLq6BGec	s1_Qmoz3nLvbLcY_1rcqMtpMJDvTQydhL5cxUNWV6EhpMY	1umwnM	qadv-arbiter-7x7-v0.1.0	sha256:8c548d06307572603b839755cc1e50393285365e10f82bcd90290ca65cd86266	qadv-arbiter-7x7-v0.1.0	sha256:8c548d06307572603b839755cc1e50393285365e10f82bcd90290ca65cd86266	L	P	196
g1_Bgg8l1N1AKRb5oDxxO5Ekve5btVazNcOD1Fkgefs0Sc	s1_8d_RyUtHbi4sc3cT3tvEdo7S2aGA8oTBw5LwKgmj5Pc	1unPNu	qadv-arbiter-7x7-rust-lambda-v0.1.0	-	qadv-arbiter-7x7-rust-lambda-v0.1.0	-	L	P	196
g1_Bgg8l1N1AKRb5oDxxO5Ekve5btVazNcOD1Fkgefs0Sc	s1_RauLaTi4eVgYHSp2TV9pqs9uzTVv0B10g9TaHMWpcZ4	1unPNu	qadv-arbiter-7x7-rust-lambda-v0.1.0	-	qadv-arbiter-7x7-rust-lambda-v0.1.0	-	L	P	-
g1_Bgg8l1N1AKRb5oDxxO5Ekve5btVazNcOD1Fkgefs0Sc	s1_uQ3LseeZi6figj2NKbe8tZb9YiVqysoxl7w75Xe-LMQ	1unPNu	qadv-arbiter-7x7-rust-lambda-v0.1.0	-	qadv-arbiter-7x7-rust-lambda-v0.1.0	-	L	P	196
g1_Bgg8l1N1AKRb5oDxxO5Ekve5btVazNcOD1Fkgefs0Sc	s1_x34el339nIVYq1ufB_QNCGGUyDnSRUHU_LAvDEo5kjs	1unPNu	qadv-arbiter-7x7-rust-lambda-v0.1.0	-	qadv-arbiter-7x7-rust-lambda-v0.1.0	-	L	P	196
g1_BgiRWJI0UZgR3sn5D01zZqiQ8BZvFiQBF0NlBExYaHM	s1_1av6nXQkq-GSHXfjkVlGHGpAq8F9UbW4JwZmyFA-vww	1umv3T	python-gnn-puct-scout-v0.1.0	sha256:b9f80706cc1f29076ee06fe06483697c749148a808c599579045d00a52573938	python-gnn-puct-scout-v0.1.0	sha256:b9f80706cc1f29076ee06fe06483697c749148a808c599579045d00a52573938	D	P	196
g1_BgiRWJI0UZgR3sn5D01zZqiQ8BZvFiQBF0NlBExYaHM	s1_Brk0hkuJoH-MBjdd53AO5tlWcOgDWV_R0PO74fHGd_0	1umv3T	python-gnn-puct-scout-v0.1.0	sha256:b9f80706cc1f29076ee06fe06483697c749148a808c599579045d00a52573938	python-gnn-puct-scout-v0.1.0	sha256:b9f80706cc1f29076ee06fe06483697c749148a808c599579045d00a52573938	D	P	196
g1_BgiRWJI0UZgR3sn5D01zZqiQ8BZvFiQBF0NlBExYaHM	s1_D_X-fTFZy6xuyGSC5jFyKBW6IP_59Jbomefazf4xu44	1umv3T	python-gnn-puct-scout-v0.1.0	sha256:b9f80706cc1f29076ee06fe06483697c749148a808c599579045d00a52573938	python-gnn-puct-scout-v0.1.0	sha256:b9f80706cc1f29076ee06fe06483697c749148a808c599579045d00a52573938	D	P	196
g1_BgmTKueE2ikQTmeMXvCl0bkjQsnCsQip9kroQHuaLnU	s1_623SKHiJd04juHVmflN0g_lZdbvR94gPFRGm0KcESsw	1unN94	qadv-arbiter-7x7-rust-lambda-v0.1.0	-	qadv-arbiter-7x7-rust-lambda-v0.1.0	-	L	P	196
g1_BgmTKueE2ikQTmeMXvCl0bkjQsnCsQip9kroQHuaLnU	s1_RauLaTi4eVgYHSp2TV9pqs9uzTVv0B10g9TaHMWpcZ4	1unN94	qadv-arbiter-7x7-rust-lambda-v0.1.0	-	qadv-arbiter-7x7-rust-lambda-v0.1.0	-	L	P	-
g1_BgmTKueE2ikQTmeMXvCl0bkjQsnCsQip9kroQHuaLnU	s1_lw1ueh_T2PB6QLKNkA6C4PBrzroA9gphR8kSY0SE9Jk	1unN94	qadv-arbiter-7x7-rust-lambda-v0.1.0	-	qadv-arbiter-7x7-rust-lambda-v0.1.0	-	L	P	196
g1_BgmTKueE2ikQTmeMXvCl0bkjQsnCsQip9kroQHuaLnU	s1_zwpvvwK1HHJ4dSev6GzST_sWnyZ3-98Y5N45gMvtQPo	1unN94	qadv-arbiter-7x7-rust-lambda-v0.1.0	-	qadv-arbiter-7x7-rust-lambda-v0.1.0	-	L	P	196
g1_BgrOILiLSrsbS-Y_z1TiS_MQBWaiGXsoGBgv2R_XyHQ	s1_1av6nXQkq-GSHXfjkVlGHGpAq8F9UbW4JwZmyFA-vww	1umvPr	python-gnn-puct-learner-v0.1.0	sha256:ab0f739cd33d66781faf60e27797c5ccba3c04ba684f8d9e32e9c2754f4e8956	python-gnn-puct-learner-v0.1.0	sha256:ab0f739cd33d66781faf60e27797c5ccba3c04ba684f8d9e32e9c2754f4e8956	-	M	196
g1_BgrOILiLSrsbS-Y_z1TiS_MQBWaiGXsoGBgv2R_XyHQ	s1_Brk0hkuJoH-MBjdd53AO5tlWcOgDWV_R0PO74fHGd_0	1umvPr	python-gnn-puct-learner-v0.1.0	sha256:ab0f739cd33d66781faf60e27797c5ccba3c04ba684f8d9e32e9c2754f4e8956	python-gnn-puct-learner-v0.1.0	sha256:ab0f739cd33d66781faf60e27797c5ccba3c04ba684f8d9e32e9c2754f4e8956	-	M	196
g1_BgrOILiLSrsbS-Y_z1TiS_MQBWaiGXsoGBgv2R_XyHQ	s1_QBFUsDtxokERlDOdQkleYbPvhJ-vIp2qmp6DXjS-7oM	1umvPr	python-gnn-puct-learner-v0.1.0	sha256:ab0f739cd33d66781faf60e27797c5ccba3c04ba684f8d9e32e9c2754f4e8956	python-gnn-puct-learner-v0.1.0	sha256:ab0f739cd33d66781faf60e27797c5ccba3c04ba684f8d9e32e9c2754f4e8956	-	M	196
g1_Bh0wKa6HF6yezXt40_B2BQRMItiGyaYApqT-aowIw3M	s1_7oU-Xi6nRd18hR_VdLwroNGvcnS3jT5V5iD0FwyglUs	1unMJb	qadv-arbiter-7x7-rust-lambda-v0.1.0	-	qadv-arbiter-7x7-rust-lambda-v0.1.0	-	L	P	196
g1_Bh0wKa6HF6yezXt40_B2BQRMItiGyaYApqT-aowIw3M	s1_EFGhxuhU4gTPAQ8qJ_SgZPLwwUQGVrb_G2cdCzey8rU	1unMJb	qadv-arbiter-7x7-rust-lambda-v0.1.0	-	qadv-arbiter-7x7-rust-lambda-v0.1.0	-	L	P	196
g1_Bh0wKa6HF6yezXt40_B2BQRMItiGyaYApqT-aowIw3M	s1_RauLaTi4eVgYHSp2TV9pqs9uzTVv0B10g9TaHMWpcZ4	1unMJb	qadv-arbiter-7x7-rust-lambda-v0.1.0	-	qadv-arbiter-7x7-rust-lambda-v0.1.0	-	L	P	-
g1_Bh0wKa6HF6yezXt40_B2BQRMItiGyaYApqT-aowIw3M	s1_oxxDOEEGyNJkF2AnRlZOeFX3LS0BYM3I7c-3DXn-C9A	1unMJb	qadv-arbiter-7x7-rust-lambda-v0.1.0	-	qadv-arbiter-7x7-rust-lambda-v0.1.0	-	L	P	196
g1_Bh1m4AXHGOM1p-X79xLBz5eGbIHJpZUmkim6_A3h0Xw	s1_-OKlJXuPFfAnukwGYITjiU7XKL4OC_qt76PC0TZSPjg	1umvgx	python-cnn-puct-v0.1.0	sha256:7845e9b7687beee165dc36b8d21833b7a8b5a83e31b58b49bd05c277ba26e642	python-cnn-puct-v0.1.0	sha256:7845e9b7687beee165dc36b8d21833b7a8b5a83e31b58b49bd05c277ba26e642	D	P	196
g1_Bh1m4AXHGOM1p-X79xLBz5eGbIHJpZUmkim6_A3h0Xw	s1_1av6nXQkq-GSHXfjkVlGHGpAq8F9UbW4JwZmyFA-vww	1umvgx	python-cnn-puct-v0.1.0	sha256:7845e9b7687beee165dc36b8d21833b7a8b5a83e31b58b49bd05c277ba26e642	python-cnn-puct-v0.1.0	sha256:7845e9b7687beee165dc36b8d21833b7a8b5a83e31b58b49bd05c277ba26e642	D	P	196
g1_Bh1m4AXHGOM1p-X79xLBz5eGbIHJpZUmkim6_A3h0Xw	s1_Brk0hkuJoH-MBjdd53AO5tlWcOgDWV_R0PO74fHGd_0	1umvgx	python-cnn-puct-v0.1.0	sha256:7845e9b7687beee165dc36b8d21833b7a8b5a83e31b58b49bd05c277ba26e642	python-cnn-puct-v0.1.0	sha256:7845e9b7687beee165dc36b8d21833b7a8b5a83e31b58b49bd05c277ba26e642	D	P	196
g1_Bh7iC5njJCWesr94KxAHuraRYdYgNqsZUfG06xAEyh0	s1_GXC1vSJ331808jQCPioOT5penRS7P4hxgEXXNluXV3U	1unOK1	qadv-arbiter-7x7-rust-lambda-v0.1.0	-	qadv-arbiter-7x7-rust-lambda-v0.1.0	-	L	P	196
g1_Bh7iC5njJCWesr94KxAHuraRYdYgNqsZUfG06xAEyh0	s1_RauLaTi4eVgYHSp2TV9pqs9uzTVv0B10g9TaHMWpcZ4	1unOK1	qadv-arbiter-7x7-rust-lambda-v0.1.0	-	qadv-arbiter-7x7-rust-lambda-v0.1.0	-	L	P	-
g1_Bh7iC5njJCWesr94KxAHuraRYdYgNqsZUfG06xAEyh0	s1_j1V3nbI9_z0RNLmoUUS3gYZpIXC27m-QZMLPGYYwlGo	1unOK1	qadv-arbiter-7x7-rust-lambda-v0.1.0	-	qadv-arbiter-7x7-rust-lambda-v0.1.0	-	L	P	196
g1_Bh7iC5njJCWesr94KxAHuraRYdYgNqsZUfG06xAEyh0	s1_pxWpwM6oWvThzMD6LkFXf37Z9wVGBxMnerwC4G6LQB8	1unOK1	qadv-arbiter-7x7-rust-lambda-v0.1.0	-	qadv-arbiter-7x7-rust-lambda-v0.1.0	-	L	P	196
g1_BhDFBxJ5ZwHGzdQTUgl6jw0H7vAvYYUF51bErkexSXU	s1_2BuSEheQ6QMhf1YeC7YCNhtMluASgNbUJ9J1x15uVCk	1unQ05	qadv-arbiter-7x7-rust-lambda-v0.1.0	-	qadv-arbiter-7x7-rust-lambda-v0.1.0	-	D	P	196
g1_BhDFBxJ5ZwHGzdQTUgl6jw0H7vAvYYUF51bErkexSXU	s1_RauLaTi4eVgYHSp2TV9pqs9uzTVv0B10g9TaHMWpcZ4	1unQ05	qadv-arbiter-7x7-rust-lambda-v0.1.0	-	qadv-arbiter-7x7-rust-lambda-v0.1.0	-	D	P	-
g1_BhDFBxJ5ZwHGzdQTUgl6jw0H7vAvYYUF51bErkexSXU	s1_fQAvwflzABGTL_nNCo4SFCgtWJSuIQs7dKI_MEuxX6U	1unQ05	qadv-arbiter-7x7-rust-lambda-v0.1.0	-	qadv-arbiter-7x7-rust-lambda-v0.1.0	-	D	P	196
g1_BhDFBxJ5ZwHGzdQTUgl6jw0H7vAvYYUF51bErkexSXU	s1_k07b7RP1a4EqiEQVZITSdUjkY0U58Fy_OpfnyXCDup4	1unQ05	qadv-arbiter-7x7-rust-lambda-v0.1.0	-	qadv-arbiter-7x7-rust-lambda-v0.1.0	-	D	P	196
g1_BhE6ZZnb1otl42VtACpQ5qg85iQchOeHWkcScm0BZX4	s1_Kc5mAzBpEQyX8e9i2qc7maYs8KJOd4rpzhtkcRpAabU	1unOlP	qadv-arbiter-7x7-rust-lambda-v0.1.0	-	qadv-arbiter-7x7-rust-lambda-v0.1.0	-	D	P	196
g1_BhE6ZZnb1otl42VtACpQ5qg85iQchOeHWkcScm0BZX4	s1_RauLaTi4eVgYHSp2TV9pqs9uzTVv0B10g9TaHMWpcZ4	1unOlP	qadv-arbiter-7x7-rust-lambda-v0.1.0	-	qadv-arbiter-7x7-rust-lambda-v0.1.0	-	D	P	-
g1_BhE6ZZnb1otl42VtACpQ5qg85iQchOeHWkcScm0BZX4	s1_kp1oGXq6uDntY-MiM-uhuanuZDEUB9ZUFbNH-H6q6jQ	1unOlP	qadv-arbiter-7x7-rust-lambda-v0.1.0	-	qadv-arbiter-7x7-rust-lambda-v0.1.0	-	D	P	196
g1_BhE6ZZnb1otl42VtACpQ5qg85iQchOeHWkcScm0BZX4	s1_nWSyBNQXSwlyEQ0p6c83OFW5WvWwafG-PyM4AgW9DTM	1unOlP	qadv-arbiter-7x7-rust-lambda-v0.1.0	-	qadv-arbiter-7x7-rust-lambda-v0.1.0	-	D	P	196
g1_BhN96p5Icev47rpWHvF71IxCn6XfrFdIvpHTBylBnR8	s1_1av6nXQkq-GSHXfjkVlGHGpAq8F9UbW4JwZmyFA-vww	1umv1l	python-gnn-puct-scout-v0.1.0	sha256:b9f80706cc1f29076ee06fe06483697c749148a808c599579045d00a52573938	python-gnn-puct-scout-v0.1.0	sha256:b9f80706cc1f29076ee06fe06483697c749148a808c599579045d00a52573938	-	M	196
g1_BhN96p5Icev47rpWHvF71IxCn6XfrFdIvpHTBylBnR8	s1_Brk0hkuJoH-MBjdd53AO5tlWcOgDWV_R0PO74fHGd_0	1umv1l	python-gnn-puct-scout-v0.1.0	sha256:b9f80706cc1f29076ee06fe06483697c749148a808c599579045d00a52573938	python-gnn-puct-scout-v0.1.0	sha256:b9f80706cc1f29076ee06fe06483697c749148a808c599579045d00a52573938	-	M	196
g1_BhN96p5Icev47rpWHvF71IxCn6XfrFdIvpHTBylBnR8	s1_D_X-fTFZy6xuyGSC5jFyKBW6IP_59Jbomefazf4xu44	1umv1l	python-gnn-puct-scout-v0.1.0	sha256:b9f80706cc1f29076ee06fe06483697c749148a808c599579045d00a52573938	python-gnn-puct-scout-v0.1.0	sha256:b9f80706cc1f29076ee06fe06483697c749148a808c599579045d00a52573938	-	M	196
g1_BhScyGLN2J1TjwmSWp51hgGVw3B7GlH0Mp2YAQpQA18	s1_GpYxmCS5WPFKTbsqLJWBkqUg_J1f_gGqjl06iMK_4V8	1unMKZ	qadv-arbiter-7x7-rust-lambda-v0.1.0	-	qadv-arbiter-7x7-rust-lambda-v0.1.0	-	L	P	196
g1_BhScyGLN2J1TjwmSWp51hgGVw3B7GlH0Mp2YAQpQA18	s1_IA1B_b3XmIc-I0lBZK9w72_u4CBpBmuybqc6N4XKDMs	1unMKZ	qadv-arbiter-7x7-rust-lambda-v0.1.0	-	qadv-arbiter-7x7-rust-lambda-v0.1.0	-	L	P	196
g1_BhScyGLN2J1TjwmSWp51hgGVw3B7GlH0Mp2YAQpQA18	s1_RauLaTi4eVgYHSp2TV9pqs9uzTVv0B10g9TaHMWpcZ4	1unMKZ	qadv-arbiter-7x7-rust-lambda-v0.1.0	-	qadv-arbiter-7x7-rust-lambda-v0.1.0	-	L	P	-
g1_BhScyGLN2J1TjwmSWp51hgGVw3B7GlH0Mp2YAQpQA18	s1_wWpgoOJ7Hof9QOaBcc2ufFLYM2iVSnMZE7qt_S65Z-s	1unMKZ	qadv-arbiter-7x7-rust-lambda-v0.1.0	-	qadv-arbiter-7x7-rust-lambda-v0.1.0	-	L	P	196
g1_BhVN-RqFqGjx3KFBZDeJZ94Ip88bOzdNpqbacZfkVCw	s1_1LB6NAgPOeCp4r8rQw4kUOIXWpEdWysFm5RZjWCQSgc	1umwWc	python-gnn-puct-learner-v0.1.0	sha256:ab0f739cd33d66781faf60e27797c5ccba3c04ba684f8d9e32e9c2754f4e8956	python-gnn-puct-learner-v0.1.0	sha256:ab0f739cd33d66781faf60e27797c5ccba3c04ba684f8d9e32e9c2754f4e8956	L	P	196
g1_BhVN-RqFqGjx3KFBZDeJZ94Ip88bOzdNpqbacZfkVCw	s1_P4NHYhwuVnEA-dG2X-UVeVotb84A5mwljbYTlTMqr8w	1umwWc	python-gnn-puct-learner-v0.1.0	sha256:ab0f739cd33d66781faf60e27797c5ccba3c04ba684f8d9e32e9c2754f4e8956	python-gnn-puct-learner-v0.1.0	sha256:ab0f739cd33d66781faf60e27797c5ccba3c04ba684f8d9e32e9c2754f4e8956	L	P	196
g1_Bh_b6zE9YjM0PgILLEuS0HFCJBgP2oEFMdDy69KKtZ0	s1_7YpUAN1cGacamglYEYq15Zr7QBnSKXMUIXE-AZRRI6I	1unOPt	qadv-arbiter-7x7-rust-lambda-v0.1.0	-	qadv-arbiter-7x7-rust-lambda-v0.1.0	-	L	P	196
g1_Bh_b6zE9YjM0PgILLEuS0HFCJBgP2oEFMdDy69KKtZ0	s1_RauLaTi4eVgYHSp2TV9pqs9uzTVv0B10g9TaHMWpcZ4	1unOPt	qadv-arbiter-7x7-rust-lambda-v0.1.0	-	qadv-arbiter-7x7-rust-lambda-v0.1.0	-	L	P	-
g1_Bh_b6zE9YjM0PgILLEuS0HFCJBgP2oEFMdDy69KKtZ0	s1_RdoldsCCO7m0cFVT7sihvkgep0zhg483NxhHpHqP4dc	1unOPt	qadv-arbiter-7x7-rust-lambda-v0.1.0	-	qadv-arbiter-7x7-rust-lambda-v0.1.0	-	L	P	196
g1_Bh_b6zE9YjM0PgILLEuS0HFCJBgP2oEFMdDy69KKtZ0	s1_dbJjnQKXDIJOUx5scFtf8FxvkqVWxOktTGuv2HUSUX4	1unOPt	qadv-arbiter-7x7-rust-lambda-v0.1.0	-	qadv-arbiter-7x7-rust-lambda-v0.1.0	-	L	P	196
g1_Bhb9G4boLZjNIJb_LCG8A18v1esa0b3FPTKKdCbwo4E	s1_Qmoz3nLvbLcY_1rcqMtpMJDvTQydhL5cxUNWV6EhpMY	1umwox	qadv-arbiter-7x7-v0.1.0	sha256:8c548d06307572603b839755cc1e50393285365e10f82bcd90290ca65cd86266	qadv-arbiter-7x7-v0.1.0	sha256:8c548d06307572603b839755cc1e50393285365e10f82bcd90290ca65cd86266	L	P	196
g1_Bhjl0paWmtY7SqrRJJuFg5mpkmKvxjbBidhS98QMDt4	s1_1av6nXQkq-GSHXfjkVlGHGpAq8F9UbW4JwZmyFA-vww	1DIZa	rust-pathfinder-v0.1.0	-	lunatic-v0.1.0	-	D	P	-
g1_Bhjl0paWmtY7SqrRJJuFg5mpkmKvxjbBidhS98QMDt4	s1_9Eroywf7tuDrn-hcfZPjlEa1DSRUykCRn9Z11u8ySIo	1DIZa	rust-pathfinder-v0.1.0	-	lunatic-v0.1.0	-	D	P	-
g1_Bhjl0paWmtY7SqrRJJuFg5mpkmKvxjbBidhS98QMDt4	s1_Brk0hkuJoH-MBjdd53AO5tlWcOgDWV_R0PO74fHGd_0	1DIZa	rust-pathfinder-v0.1.0	-	lunatic-v0.1.0	-	D	P	-
g1_Bhjl0paWmtY7SqrRJJuFg5mpkmKvxjbBidhS98QMDt4	s1_KmF8KhDbubz6lwdS8R_n_yTGdSONmH9B1wUABbyCj94	1DIZa	rust-pathfinder-v0.1.0	-	lunatic-v0.1.0	-	D	P	-
g1_Bhjl0paWmtY7SqrRJJuFg5mpkmKvxjbBidhS98QMDt4	s1_MKrI0a3Qd48rU7oZj28GrlQ3cHhIbUzS5ibiIW9aKy4	1DIZa	rust-pathfinder-v0.1.0	-	lunatic-v0.1.0	-	D	P	-
g1_Bhjl0paWmtY7SqrRJJuFg5mpkmKvxjbBidhS98QMDt4	s1_XloMUS0hxYEXf762lcPfaudsLmsH-CsOVZNVVU_obcA	1DIZa	rust-pathfinder-v0.1.0	-	lunatic-v0.1.0	-	D	P	-
g1_Bhjl0paWmtY7SqrRJJuFg5mpkmKvxjbBidhS98QMDt4	s1_g5pGkHBMEhzAYvwFY0b24sSc7wC9JfnWApMHHZ_aMPI	1DIZa	rust-pathfinder-v0.1.0	-	lunatic-v0.1.0	-	D	P	-
g1_BhqUiXZ_BAIByBoQp-aWNYFH3aG7AZe6jQkurmIj1lg	s1_-TJmHnZb0d2rbbXCOm-_xdnPd_Jx2qrPDW09AvbkifA	1unNRi	qadv-arbiter-7x7-rust-lambda-v0.1.0	-	qadv-arbiter-7x7-rust-lambda-v0.1.0	-	L	P	196
g1_BhqUiXZ_BAIByBoQp-aWNYFH3aG7AZe6jQkurmIj1lg	s1_RauLaTi4eVgYHSp2TV9pqs9uzTVv0B10g9TaHMWpcZ4	1unNRi	qadv-arbiter-7x7-rust-lambda-v0.1.0	-	qadv-arbiter-7x7-rust-lambda-v0.1.0	-	L	P	-
g1_BhqUiXZ_BAIByBoQp-aWNYFH3aG7AZe6jQkurmIj1lg	s1_eDELfAT-9LO_tmwOUtvZT4Xg4597Pe4jpzXUWi-tAUw	1unNRi	qadv-arbiter-7x7-rust-lambda-v0.1.0	-	qadv-arbiter-7x7-rust-lambda-v0.1.0	-	L	P	196
g1_BhqUiXZ_BAIByBoQp-aWNYFH3aG7AZe6jQkurmIj1lg	s1_k2mvG0ocrxuFsHSmIZS2bOSMLN8EnDntQ7Tia6JqIlE	1unNRi	qadv-arbiter-7x7-rust-lambda-v0.1.0	-	qadv-arbiter-7x7-rust-lambda-v0.1.0	-	L	P	196
g1_BhtZI2ov2uq3JOqIHSidgd4RgD_K4ZAdEdk1PUn9-Vk	s1_1LB6NAgPOeCp4r8rQw4kUOIXWpEdWysFm5RZjWCQSgc	1umwbN	python-gnn-puct-learner-v0.1.0	sha256:ab0f739cd33d66781faf60e27797c5ccba3c04ba684f8d9e32e9c2754f4e8956	python-gnn-puct-learner-v0.1.0	sha256:ab0f739cd33d66781faf60e27797c5ccba3c04ba684f8d9e32e9c2754f4e8956	L	P	196
g1_BhtZI2ov2uq3JOqIHSidgd4RgD_K4ZAdEdk1PUn9-Vk	s1_P4NHYhwuVnEA-dG2X-UVeVotb84A5mwljbYTlTMqr8w	1umwbN	python-gnn-puct-learner-v0.1.0	sha256:ab0f739cd33d66781faf60e27797c5ccba3c04ba684f8d9e32e9c2754f4e8956	python-gnn-puct-learner-v0.1.0	sha256:ab0f739cd33d66781faf60e27797c5ccba3c04ba684f8d9e32e9c2754f4e8956	L	P	196
g1_BhxJE7X2xAsI0GYAFCToAlzMmUcpqW0bxeo7lWNf0ic	s1_J_w_OhFlD_DFBUXQUiCvV3l31qEHh01VaiiSqDw53Fo	1unO2x	qadv-arbiter-7x7-rust-lambda-v0.1.0	-	qadv-arbiter-7x7-rust-lambda-v0.1.0	-	L	P	196
g1_BhxJE7X2xAsI0GYAFCToAlzMmUcpqW0bxeo7lWNf0ic	s1_RauLaTi4eVgYHSp2TV9pqs9uzTVv0B10g9TaHMWpcZ4	1unO2x	qadv-arbiter-7x7-rust-lambda-v0.1.0	-	qadv-arbiter-7x7-rust-lambda-v0.1.0	-	L	P	-
g1_BhxJE7X2xAsI0GYAFCToAlzMmUcpqW0bxeo7lWNf0ic	s1_UNfnEurgNT_CMmCUWDWYC4Lz-ZhfiOgCMNVTueP5Ce8	1unO2x	qadv-arbiter-7x7-rust-lambda-v0.1.0	-	qadv-arbiter-7x7-rust-lambda-v0.1.0	-	L	P	196
g1_BhxJE7X2xAsI0GYAFCToAlzMmUcpqW0bxeo7lWNf0ic	s1_ou6G-GctscAWfIKzWQaxNgVZEAMwY4pjyFEJXsFV_X8	1unO2x	qadv-arbiter-7x7-rust-lambda-v0.1.0	-	qadv-arbiter-7x7-rust-lambda-v0.1.0	-	L	P	196
g1_Bi9yQz6fp4L3U2P_uCzfcovdtNK1yuegitDdYov9vtI	s1_1av6nXQkq-GSHXfjkVlGHGpAq8F9UbW4JwZmyFA-vww	1umv9w	python-gnn-puct-scout-v0.1.0	sha256:b9f80706cc1f29076ee06fe06483697c749148a808c599579045d00a52573938	python-gnn-puct-scout-v0.1.0	sha256:b9f80706cc1f29076ee06fe06483697c749148a808c599579045d00a52573938	-	M	196
g1_Bi9yQz6fp4L3U2P_uCzfcovdtNK1yuegitDdYov9vtI	s1_D_X-fTFZy6xuyGSC5jFyKBW6IP_59Jbomefazf4xu44	1umv9w	python-gnn-puct-scout-v0.1.0	sha256:b9f80706cc1f29076ee06fe06483697c749148a808c599579045d00a52573938	python-gnn-puct-scout-v0.1.0	sha256:b9f80706cc1f29076ee06fe06483697c749148a808c599579045d00a52573938	-	M	196
g1_Bi9yQz6fp4L3U2P_uCzfcovdtNK1yuegitDdYov9vtI	s1_mWPTef6xYbijjPhDIC6QgLRmu2mMSJAokNlIkx3vg54	1umv9w	python-gnn-puct-scout-v0.1.0	sha256:b9f80706cc1f29076ee06fe06483697c749148a808c599579045d00a52573938	python-gnn-puct-scout-v0.1.0	sha256:b9f80706cc1f29076ee06fe06483697c749148a808c599579045d00a52573938	-	M	196
g1_Biggsuz1tuyZixHMtQ7a91EdG549ld3h5LI7b0spFhc	s1_-AT0uJZfJ119X9vUAuDKRIRIpyCIU32OrXzYphcjTUM	1unPGx	qadv-arbiter-7x7-rust-lambda-v0.1.0	-	qadv-arbiter-7x7-rust-lambda-v0.1.0	-	L	P	196
g1_Biggsuz1tuyZixHMtQ7a91EdG549ld3h5LI7b0spFhc	s1_RauLaTi4eVgYHSp2TV9pqs9uzTVv0B10g9TaHMWpcZ4	1unPGx	qadv-arbiter-7x7-rust-lambda-v0.1.0	-	qadv-arbiter-7x7-rust-lambda-v0.1.0	-	L	P	-
g1_Biggsuz1tuyZixHMtQ7a91EdG549ld3h5LI7b0spFhc	s1_kKm0NPSTZKeTA9TmIqHkyaKuhzwlGskWexpGnMib2go	1unPGx	qadv-arbiter-7x7-rust-lambda-v0.1.0	-	qadv-arbiter-7x7-rust-lambda-v0.1.0	-	L	P	196
g1_Biggsuz1tuyZixHMtQ7a91EdG549ld3h5LI7b0spFhc	s1_knKq1uX9fTPR6yQT7Gr0SkPuByaPzD5HEkyck3q5e1E	1unPGx	qadv-arbiter-7x7-rust-lambda-v0.1.0	-	qadv-arbiter-7x7-rust-lambda-v0.1.0	-	L	P	196
g1_BilKLOQuFY00vs9-08hlorEkO_-DfVJeP-usjm-uklU	s1_9QTZgzWtJkRxgqAVtdwzd1zhF_soBTmXTVViAQnV2aU	1unMyb	qadv-arbiter-7x7-rust-lambda-v0.1.0	-	qadv-arbiter-7x7-rust-lambda-v0.1.0	-	D	P	196
g1_BilKLOQuFY00vs9-08hlorEkO_-DfVJeP-usjm-uklU	s1_IG33RXVxZsO6mbeZ3AMgInvUSwIEAMrPYXm2zc6JFwE	1unMyb	qadv-arbiter-7x7-rust-lambda-v0.1.0	-	qadv-arbiter-7x7-rust-lambda-v0.1.0	-	D	P	196
g1_BilKLOQuFY00vs9-08hlorEkO_-DfVJeP-usjm-uklU	s1_RauLaTi4eVgYHSp2TV9pqs9uzTVv0B10g9TaHMWpcZ4	1unMyb	qadv-arbiter-7x7-rust-lambda-v0.1.0	-	qadv-arbiter-7x7-rust-lambda-v0.1.0	-	D	P	-
g1_BilKLOQuFY00vs9-08hlorEkO_-DfVJeP-usjm-uklU	s1_aWGx91_Z1GgSpZy4ckkrj8rAgdee8yDzGuzh4VzH92A	1unMyb	qadv-arbiter-7x7-rust-lambda-v0.1.0	-	qadv-arbiter-7x7-rust-lambda-v0.1.0	-	D	P	196
g1_BilNPUOTsOlbLrPEt8VXW7EllcSVad-Jkys5Fk5UM54	s1_1av6nXQkq-GSHXfjkVlGHGpAq8F9UbW4JwZmyFA-vww	1umw-f	cnn-baseline-7x7	sha256:f4969554372b34d9773382cf5cd8e3f20890ccedfb1e6c685984c6c94fbb6203	pathfinder-v0.3.0	-	D	P	196
g1_BilNPUOTsOlbLrPEt8VXW7EllcSVad-Jkys5Fk5UM54	s1_Brk0hkuJoH-MBjdd53AO5tlWcOgDWV_R0PO74fHGd_0	1umw-f	cnn-baseline-7x7	sha256:f4969554372b34d9773382cf5cd8e3f20890ccedfb1e6c685984c6c94fbb6203	pathfinder-v0.3.0	-	D	P	196
g1_BilNPUOTsOlbLrPEt8VXW7EllcSVad-Jkys5Fk5UM54	s1_dcEgf_s_8JfAgzbYFm9Z15BWrFU6bsc6MzE1gZNvlP4	1umw-f	cnn-baseline-7x7	sha256:f4969554372b34d9773382cf5cd8e3f20890ccedfb1e6c685984c6c94fbb6203	pathfinder-v0.3.0	-	D	P	196
g1_BinBJ-qBQ_d-5un9dUhE22CDkP0XpmrVwZA4RVySJ4c	s1_BmHIXLKl_F8Frdbo43JIjEz290ykrg13DVlKTV6Jkmo	1unMfw	qadv-arbiter-7x7-rust-lambda-v0.1.0	-	qadv-arbiter-7x7-rust-lambda-v0.1.0	-	L	P	196
g1_BinBJ-qBQ_d-5un9dUhE22CDkP0XpmrVwZA4RVySJ4c	s1_RauLaTi4eVgYHSp2TV9pqs9uzTVv0B10g9TaHMWpcZ4	1unMfw	qadv-arbiter-7x7-rust-lambda-v0.1.0	-	qadv-arbiter-7x7-rust-lambda-v0.1.0	-	L	P	-
g1_BinBJ-qBQ_d-5un9dUhE22CDkP0XpmrVwZA4RVySJ4c	s1_a9mNLOAEHIFBy9bRawS9rnV1k5wrXaMHP0ymIQe_ZGg	1unMfw	qadv-arbiter-7x7-rust-lambda-v0.1.0	-	qadv-arbiter-7x7-rust-lambda-v0.1.0	-	L	P	196
g1_BinBJ-qBQ_d-5un9dUhE22CDkP0XpmrVwZA4RVySJ4c	s1_qJ80ZuaV7ipB-yDAgl7cosaJ2uxrY3F5ap8S4stHeTw	1unMfw	qadv-arbiter-7x7-rust-lambda-v0.1.0	-	qadv-arbiter-7x7-rust-lambda-v0.1.0	-	L	P	196
g1_Bj0pfqnVliY8z7zPuw-vPFlcQrZ062f4ZCDjvC3e6iU	s1_RauLaTi4eVgYHSp2TV9pqs9uzTVv0B10g9TaHMWpcZ4	1unOyu	qadv-arbiter-7x7-rust-lambda-v0.1.0	-	qadv-arbiter-7x7-rust-lambda-v0.1.0	-	D	P	-
g1_Bj0pfqnVliY8z7zPuw-vPFlcQrZ062f4ZCDjvC3e6iU	s1_bKv0-YYz9Al2vKISwqrB0O8dGU-elvIxIRngrT50bRg	1unOyu	qadv-arbiter-7x7-rust-lambda-v0.1.0	-	qadv-arbiter-7x7-rust-lambda-v0.1.0	-	D	P	196
g1_Bj0pfqnVliY8z7zPuw-vPFlcQrZ062f4ZCDjvC3e6iU	s1_bT0XJsOoTIKXSpII76zvLg4CGapcmCzliRnQd2Jw_P0	1unOyu	qadv-arbiter-7x7-rust-lambda-v0.1.0	-	qadv-arbiter-7x7-rust-lambda-v0.1.0	-	D	P	196
g1_Bj0pfqnVliY8z7zPuw-vPFlcQrZ062f4ZCDjvC3e6iU	s1_epYzz9lfkfndzKm1wyYT72zJGng8jj9k1yGQ-C4_d4E	1unOyu	qadv-arbiter-7x7-rust-lambda-v0.1.0	-	qadv-arbiter-7x7-rust-lambda-v0.1.0	-	D	P	196
g1_Bj2l9Ndt9F87Q8pzEhQ_1AX1R9pZw6pg1m_C2k1PKW4	s1_RauLaTi4eVgYHSp2TV9pqs9uzTVv0B10g9TaHMWpcZ4	1unN0x	qadv-arbiter-7x7-rust-lambda-v0.1.0	-	qadv-arbiter-7x7-rust-lambda-v0.1.0	-	D	P	-
g1_Bj2l9Ndt9F87Q8pzEhQ_1AX1R9pZw6pg1m_C2k1PKW4	s1_eKck5G6WJgyCBeZHpgQJpRC5tszcr0v37zJukLduxgg	1unN0x	qadv-arbiter-7x7-rust-lambda-v0.1.0	-	qadv-arbiter-7x7-rust-lambda-v0.1.0	-	D	P	196
g1_Bj2l9Ndt9F87Q8pzEhQ_1AX1R9pZw6pg1m_C2k1PKW4	s1_poX7IrrN313okXmJqE2gYXqoIsH_QruVjON7-8vCxzc	1unN0x	qadv-arbiter-7x7-rust-lambda-v0.1.0	-	qadv-arbiter-7x7-rust-lambda-v0.1.0	-	D	P	196
g1_Bj2l9Ndt9F87Q8pzEhQ_1AX1R9pZw6pg1m_C2k1PKW4	s1_wVyVNJUS54owLtluIbcKoROudT3daTjwGrsNaOa44og	1unN0x	qadv-arbiter-7x7-rust-lambda-v0.1.0	-	qadv-arbiter-7x7-rust-lambda-v0.1.0	-	D	P	196
g1_Bj3tZCSBTQxXa5_zd_23TPibvW1Ov0hr1rKcSRRcd-E	s1_M7Cp-2zjeVZHeX1FsiZYUNK0aW_iFfTl3UHOtwPmOp8	1un7LJ	cnn-reval30k-7x7	sha256:7439239ff343dcc422cb918560b1b72433f2e13628580427343a446f349c6f5a	qadv-arbiter-guided-7x7-v0.2.0	sha256:9c0e5e530df7db77a98f6a2e75fe63a6f629c6ad6563e0b5454793ebc243b14d	D	P	196
g1_Bj3tZCSBTQxXa5_zd_23TPibvW1Ov0hr1rKcSRRcd-E	s1_O3cuwuia8XT9TI7Nxr3tRcajOA20XFHEIT2fYX3WizY	1un7LJ	cnn-reval30k-7x7	sha256:7439239ff343dcc422cb918560b1b72433f2e13628580427343a446f349c6f5a	qadv-arbiter-guided-7x7-v0.2.0	sha256:9c0e5e530df7db77a98f6a2e75fe63a6f629c6ad6563e0b5454793ebc243b14d	D	P	196
g1_Bj3tZCSBTQxXa5_zd_23TPibvW1Ov0hr1rKcSRRcd-E	s1_PaYIJI1Mc5m5nesIKqVUFGpeOr4xHJQX7sHfjidCXI4	1un7LJ	cnn-reval30k-7x7	sha256:7439239ff343dcc422cb918560b1b72433f2e13628580427343a446f349c6f5a	qadv-arbiter-guided-7x7-v0.2.0	sha256:9c0e5e530df7db77a98f6a2e75fe63a6f629c6ad6563e0b5454793ebc243b14d	D	P	196
g1_Bj5SQ_b2-TtD4dljnp4e-MRj1NR9__kvOvGDsjxKZok	s1_RauLaTi4eVgYHSp2TV9pqs9uzTVv0B10g9TaHMWpcZ4	1unPis	qadv-arbiter-7x7-rust-lambda-v0.1.0	-	qadv-arbiter-7x7-rust-lambda-v0.1.0	-	D	P	-
g1_Bj5SQ_b2-TtD4dljnp4e-MRj1NR9__kvOvGDsjxKZok	s1_Z38shAIHI0MYegazhWgWvRQ76eM7LhCRw6c_BudVykk	1unPis	qadv-arbiter-7x7-rust-lambda-v0.1.0	-	qadv-arbiter-7x7-rust-lambda-v0.1.0	-	D	P	196
g1_Bj5SQ_b2-TtD4dljnp4e-MRj1NR9__kvOvGDsjxKZok	s1_kQ3XDtCqRSPEml60VbmzmZw4yQbikC8XEzZUP2Qf0rQ	1unPis	qadv-arbiter-7x7-rust-lambda-v0.1.0	-	qadv-arbiter-7x7-rust-lambda-v0.1.0	-	D	P	196
g1_Bj5SQ_b2-TtD4dljnp4e-MRj1NR9__kvOvGDsjxKZok	s1_kfKfGNSSNc8yhpMFFGP_zgdun8g1vYEnY3o2E6xoRcA	1unPis	qadv-arbiter-7x7-rust-lambda-v0.1.0	-	qadv-arbiter-7x7-rust-lambda-v0.1.0	-	D	P	196
g1_BjDvTG6eQzQlYtYPNmgqurPteOr_ReEtjD2Xwt-62gY	s1_7FIu85-v_e-kbNsQ2UNk3yRt-KGcLyUjpmVwIc9cnfM	1umwHi	python-gnn-puct-scout-v0.1.0	sha256:b9f80706cc1f29076ee06fe06483697c749148a808c599579045d00a52573938	python-gnn-puct-scout-v0.1.0	sha256:b9f80706cc1f29076ee06fe06483697c749148a808c599579045d00a52573938	D	P	196
g1_BjDvTG6eQzQlYtYPNmgqurPteOr_ReEtjD2Xwt-62gY	s1_S8AGNBNcWBvWiwIo-AOAHPoHuZo2XvcsYvhgQxGTkrY	1umwHi	python-gnn-puct-scout-v0.1.0	sha256:b9f80706cc1f29076ee06fe06483697c749148a808c599579045d00a52573938	python-gnn-puct-scout-v0.1.0	sha256:b9f80706cc1f29076ee06fe06483697c749148a808c599579045d00a52573938	D	P	196
g1_BjKduKWpUGXAKEvvrJCUN2XHG1_9KJin9AEuRUl0Q-g	s1_Rz2eSV6bpleQtQU31lqhspmzUZgR3MzW0WWExhJikRw	1DMiE	python-gnn-puct-v0.1.0	-	python-gnn-puct-v0.1.0	-	L	P	-
g1_BjP86Kelc0mc8ECR2DEUzSqW4fLsGIPNiRozUWk3gTA	s1_5hwdsxHeOtunxOOlt6u11i1Peui-vJFh23SDRwm3Sec	1unNek	qadv-arbiter-7x7-rust-lambda-v0.1.0	-	qadv-arbiter-7x7-rust-lambda-v0.1.0	-	L	P	196
g1_BjP86Kelc0mc8ECR2DEUzSqW4fLsGIPNiRozUWk3gTA	s1_RauLaTi4eVgYHSp2TV9pqs9uzTVv0B10g9TaHMWpcZ4	1unNek	qadv-arbiter-7x7-rust-lambda-v0.1.0	-	qadv-arbiter-7x7-rust-lambda-v0.1.0	-	L	P	-
g1_BjP86Kelc0mc8ECR2DEUzSqW4fLsGIPNiRozUWk3gTA	s1_c0k-yPkD3OLpE8f-k1Hyywx79dnoJMOvn8gbkZXazAQ	1unNek	qadv-arbiter-7x7-rust-lambda-v0.1.0	-	qadv-arbiter-7x7-rust-lambda-v0.1.0	-	L	P	196
g1_BjP86Kelc0mc8ECR2DEUzSqW4fLsGIPNiRozUWk3gTA	s1_z8Z7vphwS6nLFl9vhf7lvwJcwYN3Sutz7awuKDBmP2w	1unNek	qadv-arbiter-7x7-rust-lambda-v0.1.0	-	qadv-arbiter-7x7-rust-lambda-v0.1.0	-	L	P	196
g1_BjX39s5t-fsOlcvyMnEMRT-A4BpkXOVyD3UsTpQZybw	s1_0F5dujzY0qExs2ss8e4VuL_O9-PfwerPa9BrHRjFK0Y	1unMJ6	qadv-arbiter-7x7-rust-lambda-v0.1.0	-	qadv-arbiter-7x7-rust-lambda-v0.1.0	-	D	P	196
g1_BjX39s5t-fsOlcvyMnEMRT-A4BpkXOVyD3UsTpQZybw	s1_66HYioJOOSTKhuWMeH3qBo52bcgex561lwEyDw6P1q4	1unMJ6	qadv-arbiter-7x7-rust-lambda-v0.1.0	-	qadv-arbiter-7x7-rust-lambda-v0.1.0	-	D	P	196
g1_BjX39s5t-fsOlcvyMnEMRT-A4BpkXOVyD3UsTpQZybw	s1_RauLaTi4eVgYHSp2TV9pqs9uzTVv0B10g9TaHMWpcZ4	1unMJ6	qadv-arbiter-7x7-rust-lambda-v0.1.0	-	qadv-arbiter-7x7-rust-lambda-v0.1.0	-	D	P	-
g1_BjX39s5t-fsOlcvyMnEMRT-A4BpkXOVyD3UsTpQZybw	s1_q8WTQiB0BQO-UtRVJxgvfSzfasJut160_MjdefQleSU	1unMJ6	qadv-arbiter-7x7-rust-lambda-v0.1.0	-	qadv-arbiter-7x7-rust-lambda-v0.1.0	-	D	P	196
g1_Bjcp2V4dde7RRSmTSeZ_54s-i4Xu0DvPUFcNz-CRCNc	s1_Qmoz3nLvbLcY_1rcqMtpMJDvTQydhL5cxUNWV6EhpMY	1umw_1	qadv-arbiter-7x7-v0.1.0	sha256:8c548d06307572603b839755cc1e50393285365e10f82bcd90290ca65cd86266	qadv-arbiter-7x7-v0.1.0	sha256:8c548d06307572603b839755cc1e50393285365e10f82bcd90290ca65cd86266	D	P	196
g1_BjhZ9PjsDNnUpOSe_d2MSj_slCl0vkacwHutdb1a6-4	s1_qtlitMa-GGx-0y2heoyNRonYXf1Dq5epTexnVe9Iqtw	1umxeC	python-gnn-puct-learner-v0.1.0	sha256:ab0f739cd33d66781faf60e27797c5ccba3c04ba684f8d9e32e9c2754f4e8956	python-gnn-puct-learner-v0.1.0	sha256:ab0f739cd33d66781faf60e27797c5ccba3c04ba684f8d9e32e9c2754f4e8956	L	P	196
g1_BjkOUt2YJuC43jIEql-Fc7C9M9hiKkETWUItb8PMnVU	s1_flXyOBW6T9LLVDFIvXBGel1MoVNZcUcMFIJnB9yLapU	1umxBN	python-gnn-puct-reval30k-v0.1.0	sha256:6120be86fc469df71473c3de64e5e32f99694cd47d621fa5948f243dc51d3d21	python-gnn-puct-reval30k-v0.1.0	sha256:6120be86fc469df71473c3de64e5e32f99694cd47d621fa5948f243dc51d3d21	D	P	196
g1_Bjn7JkKYjm_koRvKcuJpD5X8TmQxsXJnduIjk7V5iDo	s1_A6Pdi-5XTqkkjjYgnZkpdFtBbOT3vcs3XV6sfAhDiNk	1un3CZ	pathfinder-v0.3.0	-	qadv-arbiter-guided-7x7-v0.2.0	sha256:9c0e5e530df7db77a98f6a2e75fe63a6f629c6ad6563e0b5454793ebc243b14d	L	P	196
g1_Bjn7JkKYjm_koRvKcuJpD5X8TmQxsXJnduIjk7V5iDo	s1_O3cuwuia8XT9TI7Nxr3tRcajOA20XFHEIT2fYX3WizY	1un3CZ	pathfinder-v0.3.0	-	qadv-arbiter-guided-7x7-v0.2.0	sha256:9c0e5e530df7db77a98f6a2e75fe63a6f629c6ad6563e0b5454793ebc243b14d	L	P	196
g1_Bjn7JkKYjm_koRvKcuJpD5X8TmQxsXJnduIjk7V5iDo	s1_Vtn6p5B30bbUD8YVO8sATSZoAgz4rVlBtDaUS3ASsh4	1un3CZ	pathfinder-v0.3.0	-	qadv-arbiter-guided-7x7-v0.2.0	sha256:9c0e5e530df7db77a98f6a2e75fe63a6f629c6ad6563e0b5454793ebc243b14d	L	P	196
g1_BjyBDUTGLskVvRHWppJcxsMrCwMYqAjHK1b1JR1GRFI	s1_1LB6NAgPOeCp4r8rQw4kUOIXWpEdWysFm5RZjWCQSgc	1umwaq	python-gnn-puct-learner-v0.1.0	sha256:ab0f739cd33d66781faf60e27797c5ccba3c04ba684f8d9e32e9c2754f4e8956	python-gnn-puct-learner-v0.1.0	sha256:ab0f739cd33d66781faf60e27797c5ccba3c04ba684f8d9e32e9c2754f4e8956	L	P	196
g1_BjyBDUTGLskVvRHWppJcxsMrCwMYqAjHK1b1JR1GRFI	s1_P4NHYhwuVnEA-dG2X-UVeVotb84A5mwljbYTlTMqr8w	1umwaq	python-gnn-puct-learner-v0.1.0	sha256:ab0f739cd33d66781faf60e27797c5ccba3c04ba684f8d9e32e9c2754f4e8956	python-gnn-puct-learner-v0.1.0	sha256:ab0f739cd33d66781faf60e27797c5ccba3c04ba684f8d9e32e9c2754f4e8956	L	P	196
g1_BkBXShLu00tjy3H0CZdYDBKvl-YH-GkUc7Ug6qTsotw	s1_JmPZgP7MyEdLofgpDc0YhbjPrq89Z2MSX7pQwsZaof0	1unNta	qadv-arbiter-7x7-rust-lambda-v0.1.0	-	qadv-arbiter-7x7-rust-lambda-v0.1.0	-	L	P	196
g1_BkBXShLu00tjy3H0CZdYDBKvl-YH-GkUc7Ug6qTsotw	s1_RauLaTi4eVgYHSp2TV9pqs9uzTVv0B10g9TaHMWpcZ4	1unNta	qadv-arbiter-7x7-rust-lambda-v0.1.0	-	qadv-arbiter-7x7-rust-lambda-v0.1.0	-	L	P	-
g1_BkBXShLu00tjy3H0CZdYDBKvl-YH-GkUc7Ug6qTsotw	s1__0P0Hc9hiGKinfw0YfIcz1bK2XBh2YiAS8SzMIx5P60	1unNta	qadv-arbiter-7x7-rust-lambda-v0.1.0	-	qadv-arbiter-7x7-rust-lambda-v0.1.0	-	L	P	196
g1_BkBXShLu00tjy3H0CZdYDBKvl-YH-GkUc7Ug6qTsotw	s1_csCQh879d8Zp3Gr0Ml-M58EXjihht4I-pBoQxGZCPOs	1unNta	qadv-arbiter-7x7-rust-lambda-v0.1.0	-	qadv-arbiter-7x7-rust-lambda-v0.1.0	-	L	P	196
g1_BkC1y0Kc4w4NGh-8ZPC_eP3e4IZgZLI3GZA-ykVmBLo	s1_C8GnwI6FEgSVI32okjkUP_Q4F4J0CAjpcYcFNQAxExI	1unNHg	qadv-arbiter-7x7-rust-lambda-v0.1.0	-	qadv-arbiter-7x7-rust-lambda-v0.1.0	-	D	P	196
g1_BkC1y0Kc4w4NGh-8ZPC_eP3e4IZgZLI3GZA-ykVmBLo	s1_Er7cq6qKUJVuqqAJK-lbQKb1uUh_oA5e0mmbASlr3wQ	1unNHg	qadv-arbiter-7x7-rust-lambda-v0.1.0	-	qadv-arbiter-7x7-rust-lambda-v0.1.0	-	D	P	196
g1_BkC1y0Kc4w4NGh-8ZPC_eP3e4IZgZLI3GZA-ykVmBLo	s1_EyFF93H9eH2xHSId4PSeT2lsYuBA1DyzGj13DerFSLY	1unNHg	qadv-arbiter-7x7-rust-lambda-v0.1.0	-	qadv-arbiter-7x7-rust-lambda-v0.1.0	-	D	P	196
g1_BkC1y0Kc4w4NGh-8ZPC_eP3e4IZgZLI3GZA-ykVmBLo	s1_RauLaTi4eVgYHSp2TV9pqs9uzTVv0B10g9TaHMWpcZ4	1unNHg	qadv-arbiter-7x7-rust-lambda-v0.1.0	-	qadv-arbiter-7x7-rust-lambda-v0.1.0	-	D	P	-
g1_BkIj7J3UXtFbQ6C3Lo6CD1xzEdmjau8X1hg5VzzheTU	s1_WpYQrS3Y5EBPp4KoxQeXdmkSNGGu7uzGmTP-APlIkYU	1umwPd	rust-pathfinder-v0.3.0	-	rust-pathfinder-onnx-sorter-v0.1.0	-	D	P	120
g1_BkOpuF5NsqJOEgJHfeEDANJhh-8sn_3JlqO8sEPEGxU	s1_2FtaP75xgRVTNrUvmC0NIesJCNy8IDFJ05WNM4nUnpg	1unQyq	qadv-arbiter-7x7-v0.1.0	-	surveyor-v0.2.0	-	D	P	196
g1_BkOpuF5NsqJOEgJHfeEDANJhh-8sn_3JlqO8sEPEGxU	s1_Bd3nvwCiGP_G88SiMVoeK3j9ZULtr8MQnJLFdGhCfRI	1unQyq	qadv-arbiter-7x7-v0.1.0	-	surveyor-v0.2.0	-	D	P	196
g1_BkOpuF5NsqJOEgJHfeEDANJhh-8sn_3JlqO8sEPEGxU	s1_RauLaTi4eVgYHSp2TV9pqs9uzTVv0B10g9TaHMWpcZ4	1unQyq	qadv-arbiter-7x7-v0.1.0	-	surveyor-v0.2.0	-	D	P	-
g1_BkOpuF5NsqJOEgJHfeEDANJhh-8sn_3JlqO8sEPEGxU	s1_SdsHbcM4bFor8HsWUvUTqSq8x-5-G6WEPX0-N0VCf6w	1unQyq	qadv-arbiter-7x7-v0.1.0	-	surveyor-v0.2.0	-	D	P	196
g1_BkOpuF5NsqJOEgJHfeEDANJhh-8sn_3JlqO8sEPEGxU	s1_r_oSVC-VBwN2j3LoCv7WO-27f_0V5yc0zF9z3U6EXqY	1unQyq	qadv-arbiter-7x7-v0.1.0	-	surveyor-v0.2.0	-	D	P	196
g1_BkQP7nvvt5xATq2Mi6wmo_vb906-UWGrmL1nb0-Mbxk	s1_1av6nXQkq-GSHXfjkVlGHGpAq8F9UbW4JwZmyFA-vww	1DIX6	python-gnn-puct-v0.1.0	sha256:6f9ad6e4a0993da3cf34a8549e86f9b5d512c51e11bfa76dfe051e7a8801bdac	python-gnn-puct-v0.1.0	sha256:6f9ad6e4a0993da3cf34a8549e86f9b5d512c51e11bfa76dfe051e7a8801bdac	-	M	196
g1_BkQP7nvvt5xATq2Mi6wmo_vb906-UWGrmL1nb0-Mbxk	s1_Brk0hkuJoH-MBjdd53AO5tlWcOgDWV_R0PO74fHGd_0	1DIX6	python-gnn-puct-v0.1.0	sha256:6f9ad6e4a0993da3cf34a8549e86f9b5d512c51e11bfa76dfe051e7a8801bdac	python-gnn-puct-v0.1.0	sha256:6f9ad6e4a0993da3cf34a8549e86f9b5d512c51e11bfa76dfe051e7a8801bdac	-	M	196
g1_BkQP7nvvt5xATq2Mi6wmo_vb906-UWGrmL1nb0-Mbxk	s1_KmF8KhDbubz6lwdS8R_n_yTGdSONmH9B1wUABbyCj94	1DIX6	python-gnn-puct-v0.1.0	sha256:6f9ad6e4a0993da3cf34a8549e86f9b5d512c51e11bfa76dfe051e7a8801bdac	python-gnn-puct-v0.1.0	sha256:6f9ad6e4a0993da3cf34a8549e86f9b5d512c51e11bfa76dfe051e7a8801bdac	-	M	196
g1_BkQP7nvvt5xATq2Mi6wmo_vb906-UWGrmL1nb0-Mbxk	s1_g5pGkHBMEhzAYvwFY0b24sSc7wC9JfnWApMHHZ_aMPI	1DIX6	python-gnn-puct-v0.1.0	sha256:6f9ad6e4a0993da3cf34a8549e86f9b5d512c51e11bfa76dfe051e7a8801bdac	python-gnn-puct-v0.1.0	sha256:6f9ad6e4a0993da3cf34a8549e86f9b5d512c51e11bfa76dfe051e7a8801bdac	-	M	196
g1_BkQP7nvvt5xATq2Mi6wmo_vb906-UWGrmL1nb0-Mbxk	s1_tol_POp6BcgBLMWq8iDfRBQSAXpESHxFwmcCQYXv0yQ	1DIX6	python-gnn-puct-v0.1.0	sha256:6f9ad6e4a0993da3cf34a8549e86f9b5d512c51e11bfa76dfe051e7a8801bdac	python-gnn-puct-v0.1.0	sha256:6f9ad6e4a0993da3cf34a8549e86f9b5d512c51e11bfa76dfe051e7a8801bdac	-	M	196
g1_BkY84oTW-Y25-TJN0I2E-4SXlEZW-AFaRbt38zlD4ec	s1_1av6nXQkq-GSHXfjkVlGHGpAq8F9UbW4JwZmyFA-vww	1umvIi	python-gnn-puct-learner-v0.1.0	sha256:ab0f739cd33d66781faf60e27797c5ccba3c04ba684f8d9e32e9c2754f4e8956	python-gnn-puct-learner-v0.1.0	sha256:ab0f739cd33d66781faf60e27797c5ccba3c04ba684f8d9e32e9c2754f4e8956	D	P	196
g1_BkY84oTW-Y25-TJN0I2E-4SXlEZW-AFaRbt38zlD4ec	s1_Brk0hkuJoH-MBjdd53AO5tlWcOgDWV_R0PO74fHGd_0	1umvIi	python-gnn-puct-learner-v0.1.0	sha256:ab0f739cd33d66781faf60e27797c5ccba3c04ba684f8d9e32e9c2754f4e8956	python-gnn-puct-learner-v0.1.0	sha256:ab0f739cd33d66781faf60e27797c5ccba3c04ba684f8d9e32e9c2754f4e8956	D	P	196
g1_BkY84oTW-Y25-TJN0I2E-4SXlEZW-AFaRbt38zlD4ec	s1_QBFUsDtxokERlDOdQkleYbPvhJ-vIp2qmp6DXjS-7oM	1umvIi	python-gnn-puct-learner-v0.1.0	sha256:ab0f739cd33d66781faf60e27797c5ccba3c04ba684f8d9e32e9c2754f4e8956	python-gnn-puct-learner-v0.1.0	sha256:ab0f739cd33d66781faf60e27797c5ccba3c04ba684f8d9e32e9c2754f4e8956	D	P	196
g1_BkfPslHOeuTlBS0rMEzYq7oXCzY6WPU7Kk7Y2JewYNo	s1_5ljWDxs2cHuicZCOrLTiAkYIjLsr60UlTp2pdgzLpFo	1un6sO	qadv-arbiter-guided-7x7-v0.2.0	sha256:9c0e5e530df7db77a98f6a2e75fe63a6f629c6ad6563e0b5454793ebc243b14d	cnn-reval30k-7x7	sha256:7439239ff343dcc422cb918560b1b72433f2e13628580427343a446f349c6f5a	D	P	196
g1_BkfPslHOeuTlBS0rMEzYq7oXCzY6WPU7Kk7Y2JewYNo	s1_O3cuwuia8XT9TI7Nxr3tRcajOA20XFHEIT2fYX3WizY	1un6sO	qadv-arbiter-guided-7x7-v0.2.0	sha256:9c0e5e530df7db77a98f6a2e75fe63a6f629c6ad6563e0b5454793ebc243b14d	cnn-reval30k-7x7	sha256:7439239ff343dcc422cb918560b1b72433f2e13628580427343a446f349c6f5a	D	P	196
g1_BkfPslHOeuTlBS0rMEzYq7oXCzY6WPU7Kk7Y2JewYNo	s1_V0LWS9svHoRw-EU00TJ9ccLmpbl0alVktC6RjcN8YsE	1un6sO	qadv-arbiter-guided-7x7-v0.2.0	sha256:9c0e5e530df7db77a98f6a2e75fe63a6f629c6ad6563e0b5454793ebc243b14d	cnn-reval30k-7x7	sha256:7439239ff343dcc422cb918560b1b72433f2e13628580427343a446f349c6f5a	D	P	196
g1_BknPHXkoFvl3T1qpKkT8qk8eRwCwWpCnPPTxbNAZ_wg	s1__fmnSv6OnZklVvMPUjPdL6drtvfrJptRYX3nxZQO8jI	1umxl-	python-gnn-puct-scout-v0.1.0	sha256:b9f80706cc1f29076ee06fe06483697c749148a808c599579045d00a52573938	python-gnn-puct-scout-v0.1.0	sha256:b9f80706cc1f29076ee06fe06483697c749148a808c599579045d00a52573938	D	P	196
g1_Bks0Va3HqXZotCbMaFABPLMf_X3mER6zguq6BNWbgfY	s1_1av6nXQkq-GSHXfjkVlGHGpAq8F9UbW4JwZmyFA-vww	1DIhP	lunatic-v0.1.0	-	rust-pathfinder-v0.1.0	-	D	P	-
g1_Bks0Va3HqXZotCbMaFABPLMf_X3mER6zguq6BNWbgfY	s1_9Eroywf7tuDrn-hcfZPjlEa1DSRUykCRn9Z11u8ySIo	1DIhP	lunatic-v0.1.0	-	rust-pathfinder-v0.1.0	-	D	P	-
g1_Bks0Va3HqXZotCbMaFABPLMf_X3mER6zguq6BNWbgfY	s1_MKrI0a3Qd48rU7oZj28GrlQ3cHhIbUzS5ibiIW9aKy4	1DIhP	lunatic-v0.1.0	-	rust-pathfinder-v0.1.0	-	D	P	-
g1_Bks0Va3HqXZotCbMaFABPLMf_X3mER6zguq6BNWbgfY	s1_XloMUS0hxYEXf762lcPfaudsLmsH-CsOVZNVVU_obcA	1DIhP	lunatic-v0.1.0	-	rust-pathfinder-v0.1.0	-	D	P	-
g1_Bks0Va3HqXZotCbMaFABPLMf_X3mER6zguq6BNWbgfY	s1_del54SUFELBov5vQFrhsVexn6D9EhUPDFZpXuqC6eCI	1DIhP	lunatic-v0.1.0	-	rust-pathfinder-v0.1.0	-	D	P	-
g1_Bks0Va3HqXZotCbMaFABPLMf_X3mER6zguq6BNWbgfY	s1_g5pGkHBMEhzAYvwFY0b24sSc7wC9JfnWApMHHZ_aMPI	1DIhP	lunatic-v0.1.0	-	rust-pathfinder-v0.1.0	-	D	P	-
g1_Bks0Va3HqXZotCbMaFABPLMf_X3mER6zguq6BNWbgfY	s1_mWPTef6xYbijjPhDIC6QgLRmu2mMSJAokNlIkx3vg54	1DIhP	lunatic-v0.1.0	-	rust-pathfinder-v0.1.0	-	D	P	-
g1_BkzGvxRpOSlBZT7vE4csEHSuWKtSX5OvOA9DG2tiqLw	s1_Qmoz3nLvbLcY_1rcqMtpMJDvTQydhL5cxUNWV6EhpMY	1umw-V	qadv-arbiter-7x7-v0.1.0	sha256:8c548d06307572603b839755cc1e50393285365e10f82bcd90290ca65cd86266	qadv-arbiter-7x7-v0.1.0	sha256:8c548d06307572603b839755cc1e50393285365e10f82bcd90290ca65cd86266	D	P	196
g1_Bl92rw2XHwBnpP-n24J27ekCECdZX0DoMCE-_gRM7Js	s1_-OKlJXuPFfAnukwGYITjiU7XKL4OC_qt76PC0TZSPjg	1umviW	python-cnn-puct-v0.1.0	sha256:7845e9b7687beee165dc36b8d21833b7a8b5a83e31b58b49bd05c277ba26e642	python-cnn-puct-v0.1.0	sha256:7845e9b7687beee165dc36b8d21833b7a8b5a83e31b58b49bd05c277ba26e642	D	P	196
g1_Bl92rw2XHwBnpP-n24J27ekCECdZX0DoMCE-_gRM7Js	s1_1av6nXQkq-GSHXfjkVlGHGpAq8F9UbW4JwZmyFA-vww	1umviW	python-cnn-puct-v0.1.0	sha256:7845e9b7687beee165dc36b8d21833b7a8b5a83e31b58b49bd05c277ba26e642	python-cnn-puct-v0.1.0	sha256:7845e9b7687beee165dc36b8d21833b7a8b5a83e31b58b49bd05c277ba26e642	D	P	196
g1_Bl92rw2XHwBnpP-n24J27ekCECdZX0DoMCE-_gRM7Js	s1_mWPTef6xYbijjPhDIC6QgLRmu2mMSJAokNlIkx3vg54	1umviW	python-cnn-puct-v0.1.0	sha256:7845e9b7687beee165dc36b8d21833b7a8b5a83e31b58b49bd05c277ba26e642	python-cnn-puct-v0.1.0	sha256:7845e9b7687beee165dc36b8d21833b7a8b5a83e31b58b49bd05c277ba26e642	D	P	196
g1_Bl9TwVYanAh3dUNcWDDckdi6KxYir4v6bgpKGNVkmxY	s1_Qmoz3nLvbLcY_1rcqMtpMJDvTQydhL5cxUNWV6EhpMY	1umwvK	qadv-arbiter-7x7-v0.1.0	sha256:8c548d06307572603b839755cc1e50393285365e10f82bcd90290ca65cd86266	qadv-arbiter-7x7-v0.1.0	sha256:8c548d06307572603b839755cc1e50393285365e10f82bcd90290ca65cd86266	D	P	196
g1_BlG0hBH4-DLoprHbr44-ZxWXZE9y7sTav7rCSzGLn10	s1_2FtaP75xgRVTNrUvmC0NIesJCNy8IDFJ05WNM4nUnpg	1unQhL	pathfinder-v0.3.0	-	qadv-arbiter-7x7-v0.1.0	-	L	P	196
g1_BlG0hBH4-DLoprHbr44-ZxWXZE9y7sTav7rCSzGLn10	s1_EMAArXmeNonF7axkhylrSEpN9T2VnrF-A_EAhty0My4	1unQhL	pathfinder-v0.3.0	-	qadv-arbiter-7x7-v0.1.0	-	L	P	196
g1_BlG0hBH4-DLoprHbr44-ZxWXZE9y7sTav7rCSzGLn10	s1_KzhzxQBECFekR6mhG1zBXA9P__olsi4myJsNB-CnqmE	1unQhL	pathfinder-v0.3.0	-	qadv-arbiter-7x7-v0.1.0	-	L	P	196
g1_BlG0hBH4-DLoprHbr44-ZxWXZE9y7sTav7rCSzGLn10	s1_RauLaTi4eVgYHSp2TV9pqs9uzTVv0B10g9TaHMWpcZ4	1unQhL	pathfinder-v0.3.0	-	qadv-arbiter-7x7-v0.1.0	-	L	P	-
g1_BlKBQYwPfQdtgapSNNGFCmgUGJNrBrfeuSCNInGaGwM	s1_F54q3SO_UtPFaM4OrPlpY8z2wp6i2lhzSuBfUmFPWLw	1unNJD	qadv-arbiter-7x7-rust-lambda-v0.1.0	-	qadv-arbiter-7x7-rust-lambda-v0.1.0	-	L	P	196
g1_BlKBQYwPfQdtgapSNNGFCmgUGJNrBrfeuSCNInGaGwM	s1_RauLaTi4eVgYHSp2TV9pqs9uzTVv0B10g9TaHMWpcZ4	1unNJD	qadv-arbiter-7x7-rust-lambda-v0.1.0	-	qadv-arbiter-7x7-rust-lambda-v0.1.0	-	L	P	-
g1_BlKBQYwPfQdtgapSNNGFCmgUGJNrBrfeuSCNInGaGwM	s1_YHdQ_06srEjQ5FHkTtySuyICE_MuHUf_fI30tqlQGIY	1unNJD	qadv-arbiter-7x7-rust-lambda-v0.1.0	-	qadv-arbiter-7x7-rust-lambda-v0.1.0	-	L	P	196
g1_BlKBQYwPfQdtgapSNNGFCmgUGJNrBrfeuSCNInGaGwM	s1_jP1C5ncG_39YiFxgD1VrLl22igd-ZSvYhlVFxbJDSdY	1unNJD	qadv-arbiter-7x7-rust-lambda-v0.1.0	-	qadv-arbiter-7x7-rust-lambda-v0.1.0	-	L	P	196
g1_BlU20jN1NoZDpDe_v87QqEXkkW_JGGvNZbExd6J-sN0	s1_1av6nXQkq-GSHXfjkVlGHGpAq8F9UbW4JwZmyFA-vww	1DIhI	python-gnn-puct-v0.1.0	sha256:6f9ad6e4a0993da3cf34a8549e86f9b5d512c51e11bfa76dfe051e7a8801bdac	python-gnn-puct-v0.1.0	sha256:6f9ad6e4a0993da3cf34a8549e86f9b5d512c51e11bfa76dfe051e7a8801bdac	D	P	196
g1_BlU20jN1NoZDpDe_v87QqEXkkW_JGGvNZbExd6J-sN0	s1_Brk0hkuJoH-MBjdd53AO5tlWcOgDWV_R0PO74fHGd_0	1DIhI	python-gnn-puct-v0.1.0	sha256:6f9ad6e4a0993da3cf34a8549e86f9b5d512c51e11bfa76dfe051e7a8801bdac	python-gnn-puct-v0.1.0	sha256:6f9ad6e4a0993da3cf34a8549e86f9b5d512c51e11bfa76dfe051e7a8801bdac	D	P	196
g1_BlU20jN1NoZDpDe_v87QqEXkkW_JGGvNZbExd6J-sN0	s1_KmF8KhDbubz6lwdS8R_n_yTGdSONmH9B1wUABbyCj94	1DIhI	python-gnn-puct-v0.1.0	sha256:6f9ad6e4a0993da3cf34a8549e86f9b5d512c51e11bfa76dfe051e7a8801bdac	python-gnn-puct-v0.1.0	sha256:6f9ad6e4a0993da3cf34a8549e86f9b5d512c51e11bfa76dfe051e7a8801bdac	D	P	196
g1_BlU20jN1NoZDpDe_v87QqEXkkW_JGGvNZbExd6J-sN0	s1_g5pGkHBMEhzAYvwFY0b24sSc7wC9JfnWApMHHZ_aMPI	1DIhI	python-gnn-puct-v0.1.0	sha256:6f9ad6e4a0993da3cf34a8549e86f9b5d512c51e11bfa76dfe051e7a8801bdac	python-gnn-puct-v0.1.0	sha256:6f9ad6e4a0993da3cf34a8549e86f9b5d512c51e11bfa76dfe051e7a8801bdac	D	P	196
g1_BlU20jN1NoZDpDe_v87QqEXkkW_JGGvNZbExd6J-sN0	s1_tol_POp6BcgBLMWq8iDfRBQSAXpESHxFwmcCQYXv0yQ	1DIhI	python-gnn-puct-v0.1.0	sha256:6f9ad6e4a0993da3cf34a8549e86f9b5d512c51e11bfa76dfe051e7a8801bdac	python-gnn-puct-v0.1.0	sha256:6f9ad6e4a0993da3cf34a8549e86f9b5d512c51e11bfa76dfe051e7a8801bdac	D	P	196
g1_BlVLNUzOGuMyhNRmdEMnaFiSgDZ14EkUiWa4Tb5RCNM	s1_RauLaTi4eVgYHSp2TV9pqs9uzTVv0B10g9TaHMWpcZ4	1unOVX	qadv-arbiter-7x7-rust-lambda-v0.1.0	-	qadv-arbiter-7x7-rust-lambda-v0.1.0	-	D	P	-
g1_BlVLNUzOGuMyhNRmdEMnaFiSgDZ14EkUiWa4Tb5RCNM	s1_VRtgVzuCpdn7nSnqL2gDNIArRQhjr17jqYr7sPtyIEY	1unOVX	qadv-arbiter-7x7-rust-lambda-v0.1.0	-	qadv-arbiter-7x7-rust-lambda-v0.1.0	-	D	P	196
g1_BlVLNUzOGuMyhNRmdEMnaFiSgDZ14EkUiWa4Tb5RCNM	s1_X3xmUMSwX8bVVlLPP3b1eBtcMuDLBIN9-eauOslTLgY	1unOVX	qadv-arbiter-7x7-rust-lambda-v0.1.0	-	qadv-arbiter-7x7-rust-lambda-v0.1.0	-	D	P	196
g1_BlVLNUzOGuMyhNRmdEMnaFiSgDZ14EkUiWa4Tb5RCNM	s1_kHfIHzFgBtVBNSWiXZLhaWrR5h0TiFUL1XjBFuazzDc	1unOVX	qadv-arbiter-7x7-rust-lambda-v0.1.0	-	qadv-arbiter-7x7-rust-lambda-v0.1.0	-	D	P	196
g1_BlgeLJ4fsuVtAfg07p25bMx4V9kzs6MYQwN6U3bzdWs	s1_PhF0TUaOGHf51f8IGv-1hKHLvP1P4QDStBE8MEqKQFo	1unMzc	qadv-arbiter-7x7-rust-lambda-v0.1.0	-	qadv-arbiter-7x7-rust-lambda-v0.1.0	-	L	P	196
g1_BlgeLJ4fsuVtAfg07p25bMx4V9kzs6MYQwN6U3bzdWs	s1_RauLaTi4eVgYHSp2TV9pqs9uzTVv0B10g9TaHMWpcZ4	1unMzc	qadv-arbiter-7x7-rust-lambda-v0.1.0	-	qadv-arbiter-7x7-rust-lambda-v0.1.0	-	L	P	-
g1_BlgeLJ4fsuVtAfg07p25bMx4V9kzs6MYQwN6U3bzdWs	s1_SqabFS7KyYyWXSEZwymtl6cYnSizcZNmF4vcljQFGsI	1unMzc	qadv-arbiter-7x7-rust-lambda-v0.1.0	-	qadv-arbiter-7x7-rust-lambda-v0.1.0	-	L	P	196
g1_BlgeLJ4fsuVtAfg07p25bMx4V9kzs6MYQwN6U3bzdWs	s1_kNYFpqnEpeAr2Q6DUZSnuzNXY7bR9M7ixLMnm6wJ3CI	1unMzc	qadv-arbiter-7x7-rust-lambda-v0.1.0	-	qadv-arbiter-7x7-rust-lambda-v0.1.0	-	L	P	196
g1_BlnQKU4T1nGLESBnDbfQ_QoQR3pmoM-cLF_AaXA1NwM	s1_GYRySTj1cQWsC8hwAQyATNSOtg-EB48OwykEJ7dcHgA	1unNdU	qadv-arbiter-7x7-rust-lambda-v0.1.0	-	qadv-arbiter-7x7-rust-lambda-v0.1.0	-	D	P	196
g1_BlnQKU4T1nGLESBnDbfQ_QoQR3pmoM-cLF_AaXA1NwM	s1_RauLaTi4eVgYHSp2TV9pqs9uzTVv0B10g9TaHMWpcZ4	1unNdU	qadv-arbiter-7x7-rust-lambda-v0.1.0	-	qadv-arbiter-7x7-rust-lambda-v0.1.0	-	D	P	-
g1_BlnQKU4T1nGLESBnDbfQ_QoQR3pmoM-cLF_AaXA1NwM	s1_c0k-yPkD3OLpE8f-k1Hyywx79dnoJMOvn8gbkZXazAQ	1unNdU	qadv-arbiter-7x7-rust-lambda-v0.1.0	-	qadv-arbiter-7x7-rust-lambda-v0.1.0	-	D	P	196
g1_BlnQKU4T1nGLESBnDbfQ_QoQR3pmoM-cLF_AaXA1NwM	s1_z8Z7vphwS6nLFl9vhf7lvwJcwYN3Sutz7awuKDBmP2w	1unNdU	qadv-arbiter-7x7-rust-lambda-v0.1.0	-	qadv-arbiter-7x7-rust-lambda-v0.1.0	-	D	P	196
g1_BlrjCESPM0rUCgBBLbCBvirj_ZXxuWJBQH9go6CL6H0	s1_1av6nXQkq-GSHXfjkVlGHGpAq8F9UbW4JwZmyFA-vww	1umv2C	python-gnn-puct-scout-v0.1.0	sha256:b9f80706cc1f29076ee06fe06483697c749148a808c599579045d00a52573938	python-gnn-puct-scout-v0.1.0	sha256:b9f80706cc1f29076ee06fe06483697c749148a808c599579045d00a52573938	D	P	196
g1_BlrjCESPM0rUCgBBLbCBvirj_ZXxuWJBQH9go6CL6H0	s1_Brk0hkuJoH-MBjdd53AO5tlWcOgDWV_R0PO74fHGd_0	1umv2C	python-gnn-puct-scout-v0.1.0	sha256:b9f80706cc1f29076ee06fe06483697c749148a808c599579045d00a52573938	python-gnn-puct-scout-v0.1.0	sha256:b9f80706cc1f29076ee06fe06483697c749148a808c599579045d00a52573938	D	P	196
g1_BlrjCESPM0rUCgBBLbCBvirj_ZXxuWJBQH9go6CL6H0	s1_D_X-fTFZy6xuyGSC5jFyKBW6IP_59Jbomefazf4xu44	1umv2C	python-gnn-puct-scout-v0.1.0	sha256:b9f80706cc1f29076ee06fe06483697c749148a808c599579045d00a52573938	python-gnn-puct-scout-v0.1.0	sha256:b9f80706cc1f29076ee06fe06483697c749148a808c599579045d00a52573938	D	P	196
g1_BlvXtCtpLaYa5jC6usX98fijtgJrDyPPI_o39UPSMJI	s1_qtlitMa-GGx-0y2heoyNRonYXf1Dq5epTexnVe9Iqtw	1umxYF	python-gnn-puct-learner-v0.1.0	sha256:ab0f739cd33d66781faf60e27797c5ccba3c04ba684f8d9e32e9c2754f4e8956	python-gnn-puct-learner-v0.1.0	sha256:ab0f739cd33d66781faf60e27797c5ccba3c04ba684f8d9e32e9c2754f4e8956	L	P	196
g1_Blzqi8Y-uH0lpWXeKkUCA7BsBwoPxHwlowLfZXU9ScM	s1_1av6nXQkq-GSHXfjkVlGHGpAq8F9UbW4JwZmyFA-vww	1DKSR	lunatic-v0.1.0	-	gnn-rust-generation-2-7x7	sha256:26db61a48e3b261ea41a5b28faac0591d3e2017474cec73cc251739efbaa4006	L	P	196
g1_Blzqi8Y-uH0lpWXeKkUCA7BsBwoPxHwlowLfZXU9ScM	s1_Brk0hkuJoH-MBjdd53AO5tlWcOgDWV_R0PO74fHGd_0	1DKSR	lunatic-v0.1.0	-	gnn-rust-generation-2-7x7	sha256:26db61a48e3b261ea41a5b28faac0591d3e2017474cec73cc251739efbaa4006	L	P	196
g1_Blzqi8Y-uH0lpWXeKkUCA7BsBwoPxHwlowLfZXU9ScM	s1_ey0X9h1GlZ80KZNtd0_1PnIwLX-7eb1fQjiCa9wrhUM	1DKSR	lunatic-v0.1.0	-	gnn-rust-generation-2-7x7	sha256:26db61a48e3b261ea41a5b28faac0591d3e2017474cec73cc251739efbaa4006	L	P	196
g1_Blzqi8Y-uH0lpWXeKkUCA7BsBwoPxHwlowLfZXU9ScM	s1_ey0X9h1GlZ80KZNtd0_1PnIwLX-7eb1fQjiCa9wrhUM	1DKST	lunatic-v0.1.0	-	gnn-rust-generation-2-7x7	sha256:26db61a48e3b261ea41a5b28faac0591d3e2017474cec73cc251739efbaa4006	L	P	196
g1_Bm28ytPHbShjRa9TzjmU6O9UMdFJWNBK-IrNrYUPzrg	s1_RauLaTi4eVgYHSp2TV9pqs9uzTVv0B10g9TaHMWpcZ4	1unOD5	qadv-arbiter-7x7-rust-lambda-v0.1.0	-	qadv-arbiter-7x7-rust-lambda-v0.1.0	-	L	P	-
g1_Bm28ytPHbShjRa9TzjmU6O9UMdFJWNBK-IrNrYUPzrg	s1_ScUNxJ3fwSQaPLUR_aea6IsQOYYTWRd99x4FQgo_H4A	1unOD5	qadv-arbiter-7x7-rust-lambda-v0.1.0	-	qadv-arbiter-7x7-rust-lambda-v0.1.0	-	L	P	196
g1_Bm28ytPHbShjRa9TzjmU6O9UMdFJWNBK-IrNrYUPzrg	s1_YL6GpIYe-PR5_S9Y27hfwqSgy2RTpXqqkGnkQHgTKHU	1unOD5	qadv-arbiter-7x7-rust-lambda-v0.1.0	-	qadv-arbiter-7x7-rust-lambda-v0.1.0	-	L	P	196
g1_Bm28ytPHbShjRa9TzjmU6O9UMdFJWNBK-IrNrYUPzrg	s1_nML3a-anuBTT9uLU0iYegyq-_iuZQY-ugOqKlktuPMA	1unOD5	qadv-arbiter-7x7-rust-lambda-v0.1.0	-	qadv-arbiter-7x7-rust-lambda-v0.1.0	-	L	P	196
g1_Bm6zXQJSFTxZYnkgDOiNOxlQqYEAuf1ytRY5z7nbpwU	s1_1LB6NAgPOeCp4r8rQw4kUOIXWpEdWysFm5RZjWCQSgc	1umwb_	python-gnn-puct-learner-v0.1.0	sha256:ab0f739cd33d66781faf60e27797c5ccba3c04ba684f8d9e32e9c2754f4e8956	python-gnn-puct-learner-v0.1.0	sha256:ab0f739cd33d66781faf60e27797c5ccba3c04ba684f8d9e32e9c2754f4e8956	D	P	196
g1_Bm6zXQJSFTxZYnkgDOiNOxlQqYEAuf1ytRY5z7nbpwU	s1_P4NHYhwuVnEA-dG2X-UVeVotb84A5mwljbYTlTMqr8w	1umwb_	python-gnn-puct-learner-v0.1.0	sha256:ab0f739cd33d66781faf60e27797c5ccba3c04ba684f8d9e32e9c2754f4e8956	python-gnn-puct-learner-v0.1.0	sha256:ab0f739cd33d66781faf60e27797c5ccba3c04ba684f8d9e32e9c2754f4e8956	D	P	196
g1_BmEbEFxqPUcpZ_OYGz1qWzoVYQFMYPySBi5jd9yxJcc	s1_8WwltaAvuRK9MKldLMa2wG79e3LNwLOZ3qcX3QDpc_E	1unNuE	qadv-arbiter-7x7-rust-lambda-v0.1.0	-	qadv-arbiter-7x7-rust-lambda-v0.1.0	-	L	P	196
g1_BmEbEFxqPUcpZ_OYGz1qWzoVYQFMYPySBi5jd9yxJcc	s1_RauLaTi4eVgYHSp2TV9pqs9uzTVv0B10g9TaHMWpcZ4	1unNuE	qadv-arbiter-7x7-rust-lambda-v0.1.0	-	qadv-arbiter-7x7-rust-lambda-v0.1.0	-	L	P	-
g1_BmEbEFxqPUcpZ_OYGz1qWzoVYQFMYPySBi5jd9yxJcc	s1_XNVYHJg51tqYsPiHKdfFTzQLgHANMhbBTBNZjVqGCkE	1unNuE	qadv-arbiter-7x7-rust-lambda-v0.1.0	-	qadv-arbiter-7x7-rust-lambda-v0.1.0	-	L	P	196
g1_BmEbEFxqPUcpZ_OYGz1qWzoVYQFMYPySBi5jd9yxJcc	s1_Yk598eOD9_KazWxTX3BeQbEaFf4g1phnnXAzEpkcOiE	1unNuE	qadv-arbiter-7x7-rust-lambda-v0.1.0	-	qadv-arbiter-7x7-rust-lambda-v0.1.0	-	L	P	196
g1_BmJwJttMMTHWyahYsgwKcfNrwNyoZjPDIFJd6wE6mBg	s1_Epj-FMG_WXQnsbz8wH5P0R6EzhAqpCIm8AXMiXlrQeo	1unP_X	qadv-arbiter-7x7-rust-lambda-v0.1.0	-	qadv-arbiter-7x7-rust-lambda-v0.1.0	-	D	P	196
g1_BmJwJttMMTHWyahYsgwKcfNrwNyoZjPDIFJd6wE6mBg	s1_IkTHDOKtfrC4zv6xYlDE1j_qHfAPR6erwFYMm6TyDpc	1unP_X	qadv-arbiter-7x7-rust-lambda-v0.1.0	-	qadv-arbiter-7x7-rust-lambda-v0.1.0	-	D	P	196
g1_BmJwJttMMTHWyahYsgwKcfNrwNyoZjPDIFJd6wE6mBg	s1_RauLaTi4eVgYHSp2TV9pqs9uzTVv0B10g9TaHMWpcZ4	1unP_X	qadv-arbiter-7x7-rust-lambda-v0.1.0	-	qadv-arbiter-7x7-rust-lambda-v0.1.0	-	D	P	-
g1_BmJwJttMMTHWyahYsgwKcfNrwNyoZjPDIFJd6wE6mBg	s1_ZbUnn-fcsoFQFL2CgZp8zJSDbmiGzWesticDQglybsg	1unP_X	qadv-arbiter-7x7-rust-lambda-v0.1.0	-	qadv-arbiter-7x7-rust-lambda-v0.1.0	-	D	P	196
g1_Bm_pEvZSZAifpOvNLmVyFY7E-G4XbeIxNDdRS44ubVw	s1_UiWbhyETS3U3UywY_mwJ3fOVLOBLhrExum9z8iSZ4iE	1unQ1d	qadv-arbiter-7x7-rust-lambda-v0.1.0	-	qadv-arbiter-7x7-rust-lambda-v0.1.0	-	L	P	196
g1_Bm_pEvZSZAifpOvNLmVyFY7E-G4XbeIxNDdRS44ubVw	s1_dmbwvV4fQdWqtJqS6wpKtQm90whATQDMI9naKtNigyY	1unQ1d	qadv-arbiter-7x7-rust-lambda-v0.1.0	-	qadv-arbiter-7x7-rust-lambda-v0.1.0	-	L	P	196
g1_Bm_pEvZSZAifpOvNLmVyFY7E-G4XbeIxNDdRS44ubVw	s1_y7b1s7tF_toQ-cJ8A8R1tp5Qtz9nIh-hOvgKtKFQkFs	1unQ1d	qadv-arbiter-7x7-rust-lambda-v0.1.0	-	qadv-arbiter-7x7-rust-lambda-v0.1.0	-	L	P	196
g1_Bmo5FOGiM1lTyRrvbixRXSpgGY2JcgwW5uLxThHpmi8	s1_1LB6NAgPOeCp4r8rQw4kUOIXWpEdWysFm5RZjWCQSgc	1umwcZ	python-gnn-puct-learner-v0.1.0	sha256:ab0f739cd33d66781faf60e27797c5ccba3c04ba684f8d9e32e9c2754f4e8956	python-gnn-puct-learner-v0.1.0	sha256:ab0f739cd33d66781faf60e27797c5ccba3c04ba684f8d9e32e9c2754f4e8956	D	P	196
g1_Bmo5FOGiM1lTyRrvbixRXSpgGY2JcgwW5uLxThHpmi8	s1_P4NHYhwuVnEA-dG2X-UVeVotb84A5mwljbYTlTMqr8w	1umwcZ	python-gnn-puct-learner-v0.1.0	sha256:ab0f739cd33d66781faf60e27797c5ccba3c04ba684f8d9e32e9c2754f4e8956	python-gnn-puct-learner-v0.1.0	sha256:ab0f739cd33d66781faf60e27797c5ccba3c04ba684f8d9e32e9c2754f4e8956	D	P	196
g1_BmoQ7SpzeP03Cj6vBBEtXD7GmK1x-awqQT_psl6dBtw	s1_BplgEe6s02bgeTulT2-kiiNjodelEXDgdUZoVr3feZA	1umwBM	rust-pathfinder-onnx-sorter-v0.1.0	-	rust-pathfinder-v0.3.0	-	D	P	120
g1_BmqbxNIEL9PoFVMNRr2SW82MpsQ6ONT33OYu8w6Xv3Y	s1_BAKkHHwxWCHfR1r-KNK4jgDGSAbnA0S8Uog7OAUoDR0	1unPPc	qadv-arbiter-7x7-rust-lambda-v0.1.0	-	qadv-arbiter-7x7-rust-lambda-v0.1.0	-	D	P	196
g1_BmqbxNIEL9PoFVMNRr2SW82MpsQ6ONT33OYu8w6Xv3Y	s1_K5cicBQkFYHlZXDX38DQSeidB0AfwL3Y-Y6cwlj4eQo	1unPPc	qadv-arbiter-7x7-rust-lambda-v0.1.0	-	qadv-arbiter-7x7-rust-lambda-v0.1.0	-	D	P	196
g1_BmqbxNIEL9PoFVMNRr2SW82MpsQ6ONT33OYu8w6Xv3Y	s1_RauLaTi4eVgYHSp2TV9pqs9uzTVv0B10g9TaHMWpcZ4	1unPPc	qadv-arbiter-7x7-rust-lambda-v0.1.0	-	qadv-arbiter-7x7-rust-lambda-v0.1.0	-	D	P	-
g1_BmqbxNIEL9PoFVMNRr2SW82MpsQ6ONT33OYu8w6Xv3Y	s1_gMStYXugggijEwv_xc8A2LkDmr51-5b2U5Jz4SRbSBA	1unPPc	qadv-arbiter-7x7-rust-lambda-v0.1.0	-	qadv-arbiter-7x7-rust-lambda-v0.1.0	-	D	P	196
g1_BmwdpLmoKSMeAc4ISNyRLzyRg4sPpnAIsNyV2hh2e7w	s1_1LB6NAgPOeCp4r8rQw4kUOIXWpEdWysFm5RZjWCQSgc	1umwRq	python-gnn-puct-learner-v0.1.0	sha256:ab0f739cd33d66781faf60e27797c5ccba3c04ba684f8d9e32e9c2754f4e8956	python-gnn-puct-learner-v0.1.0	sha256:ab0f739cd33d66781faf60e27797c5ccba3c04ba684f8d9e32e9c2754f4e8956	L	P	196
g1_BmwdpLmoKSMeAc4ISNyRLzyRg4sPpnAIsNyV2hh2e7w	s1_P4NHYhwuVnEA-dG2X-UVeVotb84A5mwljbYTlTMqr8w	1umwRq	python-gnn-puct-learner-v0.1.0	sha256:ab0f739cd33d66781faf60e27797c5ccba3c04ba684f8d9e32e9c2754f4e8956	python-gnn-puct-learner-v0.1.0	sha256:ab0f739cd33d66781faf60e27797c5ccba3c04ba684f8d9e32e9c2754f4e8956	L	P	196
g1_Bn4JAWIplsJUEeuKQKjVfh7xr98bMBCN_Gg7zJqC6Lc	s1_8jFkjjhxKs_3oOWLf-9ommQaAxBG6mEnGb0rDYU0-9c	1unPDn	qadv-arbiter-7x7-rust-lambda-v0.1.0	-	qadv-arbiter-7x7-rust-lambda-v0.1.0	-	D	P	196
g1_Bn4JAWIplsJUEeuKQKjVfh7xr98bMBCN_Gg7zJqC6Lc	s1_RauLaTi4eVgYHSp2TV9pqs9uzTVv0B10g9TaHMWpcZ4	1unPDn	qadv-arbiter-7x7-rust-lambda-v0.1.0	-	qadv-arbiter-7x7-rust-lambda-v0.1.0	-	D	P	-
g1_Bn4JAWIplsJUEeuKQKjVfh7xr98bMBCN_Gg7zJqC6Lc	s1_WJqKkINsyeNvWs0pr9HgQ-kKALUQiKQVeOOFB8TDTXc	1unPDn	qadv-arbiter-7x7-rust-lambda-v0.1.0	-	qadv-arbiter-7x7-rust-lambda-v0.1.0	-	D	P	196
g1_Bn4JAWIplsJUEeuKQKjVfh7xr98bMBCN_Gg7zJqC6Lc	s1_iBxZ0rHONgtIwFnZ4CpHx2Nzckp5s7CBww-CYYhljns	1unPDn	qadv-arbiter-7x7-rust-lambda-v0.1.0	-	qadv-arbiter-7x7-rust-lambda-v0.1.0	-	D	P	196
g1_Bn62C5AjwsC4agnu2JDtHhqEG84VT0y6mwDVBm2madc	s1_O5NNazkbpHpRFR7cij4HDMxwG7o1_rL2gyxNF9-WF-c	1unMa3	qadv-arbiter-7x7-rust-lambda-v0.1.0	-	qadv-arbiter-7x7-rust-lambda-v0.1.0	-	D	P	196
g1_Bn62C5AjwsC4agnu2JDtHhqEG84VT0y6mwDVBm2madc	s1_RauLaTi4eVgYHSp2TV9pqs9uzTVv0B10g9TaHMWpcZ4	1unMa3	qadv-arbiter-7x7-rust-lambda-v0.1.0	-	qadv-arbiter-7x7-rust-lambda-v0.1.0	-	D	P	-
g1_Bn62C5AjwsC4agnu2JDtHhqEG84VT0y6mwDVBm2madc	s1__rySIgv0Aw27HVWJUqn0S8ozPYsU6YTiBEsf5Zsetiw	1unMa3	qadv-arbiter-7x7-rust-lambda-v0.1.0	-	qadv-arbiter-7x7-rust-lambda-v0.1.0	-	D	P	196
g1_Bn62C5AjwsC4agnu2JDtHhqEG84VT0y6mwDVBm2madc	s1_inSbAB8GLSC-aXcRR3LmW2g694_slkzjds463LZ4zik	1unMa3	qadv-arbiter-7x7-rust-lambda-v0.1.0	-	qadv-arbiter-7x7-rust-lambda-v0.1.0	-	D	P	196
g1_BnCM_DVOtbOGT-ZHACs7IBE748gTHggI3lkXl4vIoww	s1_2FtaP75xgRVTNrUvmC0NIesJCNy8IDFJ05WNM4nUnpg	1unQy1	surveyor-v0.2.0	-	qadv-arbiter-7x7-v0.1.0	-	L	P	196
g1_BnCM_DVOtbOGT-ZHACs7IBE748gTHggI3lkXl4vIoww	s1_RauLaTi4eVgYHSp2TV9pqs9uzTVv0B10g9TaHMWpcZ4	1unQy1	surveyor-v0.2.0	-	qadv-arbiter-7x7-v0.1.0	-	L	P	-
g1_BnCM_DVOtbOGT-ZHACs7IBE748gTHggI3lkXl4vIoww	s1_SdsHbcM4bFor8HsWUvUTqSq8x-5-G6WEPX0-N0VCf6w	1unQy1	surveyor-v0.2.0	-	qadv-arbiter-7x7-v0.1.0	-	L	P	196
g1_BnCM_DVOtbOGT-ZHACs7IBE748gTHggI3lkXl4vIoww	s1_tZ-QD_T9FJ3-vTVif-K-QIU-Or5ckYBG59LM8wGGUB8	1unQy1	surveyor-v0.2.0	-	qadv-arbiter-7x7-v0.1.0	-	L	P	196
g1_Bn_68NX9Rv0tsGYCBFXuI-pR0y8CVqpdlZU46KcnChA	s1_6PxtazPxkizz7K9QTWPSCIopEV5n0zpHoq3F52yO_6U	1umwm6	python-cnn-puct-v0.1.0	sha256:7845e9b7687beee165dc36b8d21833b7a8b5a83e31b58b49bd05c277ba26e642	python-cnn-puct-v0.1.0	sha256:7845e9b7687beee165dc36b8d21833b7a8b5a83e31b58b49bd05c277ba26e642	D	P	196
g1_Bn_68NX9Rv0tsGYCBFXuI-pR0y8CVqpdlZU46KcnChA	s1_baRgKA_wMXdl0r4AwdkUfhWC04qxd1MvEGXAQaDd4fo	1umwm6	python-cnn-puct-v0.1.0	sha256:7845e9b7687beee165dc36b8d21833b7a8b5a83e31b58b49bd05c277ba26e642	python-cnn-puct-v0.1.0	sha256:7845e9b7687beee165dc36b8d21833b7a8b5a83e31b58b49bd05c277ba26e642	D	P	196
g1_BncXOcVO_I8yQp8eI-RDRSQR9wrTIADkleeFCXxaVEk	s1_6PxtazPxkizz7K9QTWPSCIopEV5n0zpHoq3F52yO_6U	1umwiN	python-cnn-puct-v0.1.0	sha256:7845e9b7687beee165dc36b8d21833b7a8b5a83e31b58b49bd05c277ba26e642	python-cnn-puct-v0.1.0	sha256:7845e9b7687beee165dc36b8d21833b7a8b5a83e31b58b49bd05c277ba26e642	D	P	196
g1_BncXOcVO_I8yQp8eI-RDRSQR9wrTIADkleeFCXxaVEk	s1_baRgKA_wMXdl0r4AwdkUfhWC04qxd1MvEGXAQaDd4fo	1umwiN	python-cnn-puct-v0.1.0	sha256:7845e9b7687beee165dc36b8d21833b7a8b5a83e31b58b49bd05c277ba26e642	python-cnn-puct-v0.1.0	sha256:7845e9b7687beee165dc36b8d21833b7a8b5a83e31b58b49bd05c277ba26e642	D	P	196
g1_BnhAEkDns4i-JZK6Dp4cibgRKMBac_sSXinoRHGR2oI	s1_6dEi4K6lBshFq9GVJtezUoq8SMLMc9TN1iiJPKIjdPQ	1unNuu	qadv-arbiter-7x7-rust-lambda-v0.1.0	-	qadv-arbiter-7x7-rust-lambda-v0.1.0	-	D	P	196
g1_BnhAEkDns4i-JZK6Dp4cibgRKMBac_sSXinoRHGR2oI	s1_RauLaTi4eVgYHSp2TV9pqs9uzTVv0B10g9TaHMWpcZ4	1unNuu	qadv-arbiter-7x7-rust-lambda-v0.1.0	-	qadv-arbiter-7x7-rust-lambda-v0.1.0	-	D	P	-
g1_BnhAEkDns4i-JZK6Dp4cibgRKMBac_sSXinoRHGR2oI	s1_TKh4ACU2bpPocbrucAPMrNQi95OcCrQ8hm0Y4s9nOpI	1unNuu	qadv-arbiter-7x7-rust-lambda-v0.1.0	-	qadv-arbiter-7x7-rust-lambda-v0.1.0	-	D	P	196
g1_BnhAEkDns4i-JZK6Dp4cibgRKMBac_sSXinoRHGR2oI	s1_YaL_s2eoBdwC5TOa0XHCOmgIBW7wSKEv-onKZ4Yx5cs	1unNuu	qadv-arbiter-7x7-rust-lambda-v0.1.0	-	qadv-arbiter-7x7-rust-lambda-v0.1.0	-	D	P	196
g1_BnhVreWU028ZUZ2uIdkvTHVt438lMDOAoWN4ve7VQ8k	s1_5e51c0ROijxyQLsIUK-RQh1A7p94FaGx7BjQP4766o8	1unLoE	qadv-arbiter-7x7-rust-lambda-v0.1.0	-	qadv-arbiter-7x7-rust-lambda-v0.1.0	-	D	P	196
g1_BnhVreWU028ZUZ2uIdkvTHVt438lMDOAoWN4ve7VQ8k	s1_IG-Q7Oiiccm_fapfM7MP2cf30ijvuqEGst5OnUBTSuE	1unLoE	qadv-arbiter-7x7-rust-lambda-v0.1.0	-	qadv-arbiter-7x7-rust-lambda-v0.1.0	-	D	P	196
g1_BnhVreWU028ZUZ2uIdkvTHVt438lMDOAoWN4ve7VQ8k	s1_RauLaTi4eVgYHSp2TV9pqs9uzTVv0B10g9TaHMWpcZ4	1unLoE	qadv-arbiter-7x7-rust-lambda-v0.1.0	-	qadv-arbiter-7x7-rust-lambda-v0.1.0	-	D	P	-
g1_BnhVreWU028ZUZ2uIdkvTHVt438lMDOAoWN4ve7VQ8k	s1_Ue2wPCDVSq2w-d_cPFlE3Fw-C8ZcO-DXDqaY2TVagN0	1unLoE	qadv-arbiter-7x7-rust-lambda-v0.1.0	-	qadv-arbiter-7x7-rust-lambda-v0.1.0	-	D	P	196
g1_BnuKPwREia-1D8XWGwYz6GP73ZpAGs8K1Ro2wT6N3kI	s1_RauLaTi4eVgYHSp2TV9pqs9uzTVv0B10g9TaHMWpcZ4	1unPbc	qadv-arbiter-7x7-rust-lambda-v0.1.0	-	qadv-arbiter-7x7-rust-lambda-v0.1.0	-	L	P	-
g1_BnuKPwREia-1D8XWGwYz6GP73ZpAGs8K1Ro2wT6N3kI	s1_bh75aHgdJK_kho3EeRp2NWOP483bnUctgrUv-T8ozzo	1unPbc	qadv-arbiter-7x7-rust-lambda-v0.1.0	-	qadv-arbiter-7x7-rust-lambda-v0.1.0	-	L	P	196
g1_BnuKPwREia-1D8XWGwYz6GP73ZpAGs8K1Ro2wT6N3kI	s1_cH8XQ1nlcJ7XWG6-1FHxePFPPfUyhhDu7WYBt1KDyYU	1unPbc	qadv-arbiter-7x7-rust-lambda-v0.1.0	-	qadv-arbiter-7x7-rust-lambda-v0.1.0	-	L	P	196
g1_BnuKPwREia-1D8XWGwYz6GP73ZpAGs8K1Ro2wT6N3kI	s1_lPSLRC7SzwzImUkwe9QjeRkdu9OeHdQQ25GzYJNExi4	1unPbc	qadv-arbiter-7x7-rust-lambda-v0.1.0	-	qadv-arbiter-7x7-rust-lambda-v0.1.0	-	L	P	196
g1_BoKnNKoi2ZUzr6UwAQQrMfJl8XhDtDhj6FEj_YaXYFU	s1_8xIT7jWFxb2EMVMJnDd8rTltTaTlcfMH6XH-OdSO4u4	1unO4C	qadv-arbiter-7x7-rust-lambda-v0.1.0	-	qadv-arbiter-7x7-rust-lambda-v0.1.0	-	D	P	196
g1_BoKnNKoi2ZUzr6UwAQQrMfJl8XhDtDhj6FEj_YaXYFU	s1_GR_5YN398TpabTadw5KR6SuwiFxOHteddCHW9S4MFgo	1unO4C	qadv-arbiter-7x7-rust-lambda-v0.1.0	-	qadv-arbiter-7x7-rust-lambda-v0.1.0	-	D	P	196
g1_BoKnNKoi2ZUzr6UwAQQrMfJl8XhDtDhj6FEj_YaXYFU	s1_RZbHgbnofe-68i18giAHoAuo7ADriQOU4xJyWUhH8xk	1unO4C	qadv-arbiter-7x7-rust-lambda-v0.1.0	-	qadv-arbiter-7x7-rust-lambda-v0.1.0	-	D	P	196
g1_BoKnNKoi2ZUzr6UwAQQrMfJl8XhDtDhj6FEj_YaXYFU	s1_RauLaTi4eVgYHSp2TV9pqs9uzTVv0B10g9TaHMWpcZ4	1unO4C	qadv-arbiter-7x7-rust-lambda-v0.1.0	-	qadv-arbiter-7x7-rust-lambda-v0.1.0	-	D	P	-
g1_BoZ40bN6kSc9K8xIlfHgnZ6m7x8c-QZUDgv5hsG1RPg	s1_GpYxmCS5WPFKTbsqLJWBkqUg_J1f_gGqjl06iMK_4V8	1unMKt	qadv-arbiter-7x7-rust-lambda-v0.1.0	-	qadv-arbiter-7x7-rust-lambda-v0.1.0	-	L	P	196
g1_BoZ40bN6kSc9K8xIlfHgnZ6m7x8c-QZUDgv5hsG1RPg	s1_RauLaTi4eVgYHSp2TV9pqs9uzTVv0B10g9TaHMWpcZ4	1unMKt	qadv-arbiter-7x7-rust-lambda-v0.1.0	-	qadv-arbiter-7x7-rust-lambda-v0.1.0	-	L	P	-
g1_BoZ40bN6kSc9K8xIlfHgnZ6m7x8c-QZUDgv5hsG1RPg	s1_nSMBeCTmCllinsV86jOpbdm0c7jc_zoDBo5AAz-3JGI	1unMKt	qadv-arbiter-7x7-rust-lambda-v0.1.0	-	qadv-arbiter-7x7-rust-lambda-v0.1.0	-	L	P	196
g1_BoZ40bN6kSc9K8xIlfHgnZ6m7x8c-QZUDgv5hsG1RPg	s1_wWpgoOJ7Hof9QOaBcc2ufFLYM2iVSnMZE7qt_S65Z-s	1unMKt	qadv-arbiter-7x7-rust-lambda-v0.1.0	-	qadv-arbiter-7x7-rust-lambda-v0.1.0	-	L	P	196
g1_Bobq_jRp7-BnFlM3KQnhdmPdoe4s1lGBn8iQryibuEU	s1_A3WRgc77nXGY06GZZCaxChTwkhsFw4E22IhXhyUWORk	1un2Dv	pathfinder-v0.3.0	-	qadv-arbiter-guided-7x7-v0.2.0	sha256:9c0e5e530df7db77a98f6a2e75fe63a6f629c6ad6563e0b5454793ebc243b14d	L	P	196
g1_Bobq_jRp7-BnFlM3KQnhdmPdoe4s1lGBn8iQryibuEU	s1_J9EF5676IM_wxOc02zG45LXeEd3FeuUD_sb4PARt5Zg	1un3xX	pathfinder-v0.3.0	-	qadv-arbiter-guided-7x7-v0.2.0	sha256:9c0e5e530df7db77a98f6a2e75fe63a6f629c6ad6563e0b5454793ebc243b14d	L	P	196
g1_Bobq_jRp7-BnFlM3KQnhdmPdoe4s1lGBn8iQryibuEU	s1_O3cuwuia8XT9TI7Nxr3tRcajOA20XFHEIT2fYX3WizY	1un2Dv	pathfinder-v0.3.0	-	qadv-arbiter-guided-7x7-v0.2.0	sha256:9c0e5e530df7db77a98f6a2e75fe63a6f629c6ad6563e0b5454793ebc243b14d	L	P	196
g1_Bobq_jRp7-BnFlM3KQnhdmPdoe4s1lGBn8iQryibuEU	s1_O4SvAs0bh9GZ516WNj6_O9F4oJqxR87mEnMYPcUrhuk	1un2Dv	pathfinder-v0.3.0	-	qadv-arbiter-guided-7x7-v0.2.0	sha256:9c0e5e530df7db77a98f6a2e75fe63a6f629c6ad6563e0b5454793ebc243b14d	L	P	196
g1_Bobq_jRp7-BnFlM3KQnhdmPdoe4s1lGBn8iQryibuEU	s1_bu4yUwwDMqKDhLXEtnBsv1ZAJagIFi7EKmSaiui1_WE	1un4AB	pathfinder-v0.3.0	-	qadv-arbiter-guided-7x7-v0.2.0	sha256:9c0e5e530df7db77a98f6a2e75fe63a6f629c6ad6563e0b5454793ebc243b14d	L	P	196
g1_Bobq_jRp7-BnFlM3KQnhdmPdoe4s1lGBn8iQryibuEU	s1_mlXHsG8-xxT7rKwSZelP6NHm5eYy3YD5j4SydA37pgE	1un4AB	pathfinder-v0.3.0	-	qadv-arbiter-guided-7x7-v0.2.0	sha256:9c0e5e530df7db77a98f6a2e75fe63a6f629c6ad6563e0b5454793ebc243b14d	L	P	196
g1_Bobq_jRp7-BnFlM3KQnhdmPdoe4s1lGBn8iQryibuEU	s1_vBzftZG0Bl9ZcDVZ1IICh3h95fLn4RxcOPWDBv8bIBo	1un3xX	pathfinder-v0.3.0	-	qadv-arbiter-guided-7x7-v0.2.0	sha256:9c0e5e530df7db77a98f6a2e75fe63a6f629c6ad6563e0b5454793ebc243b14d	L	P	196
g1_BoeiICSFnEtY0VnKqwAM68c4T4sDx4C2W8ky1erz0Fc	s1_4v6qiH391QT1kpsMi6Q9lxFDNjHn98CgRiB8TMao9y0	1unN5u	qadv-arbiter-7x7-rust-lambda-v0.1.0	-	qadv-arbiter-7x7-rust-lambda-v0.1.0	-	D	P	196
g1_BoeiICSFnEtY0VnKqwAM68c4T4sDx4C2W8ky1erz0Fc	s1_8_xrEFYC-TCZ-K8mVHo0AGl_o9YJ-PMwluU4VfJRoxc	1unN5u	qadv-arbiter-7x7-rust-lambda-v0.1.0	-	qadv-arbiter-7x7-rust-lambda-v0.1.0	-	D	P	196
g1_BoeiICSFnEtY0VnKqwAM68c4T4sDx4C2W8ky1erz0Fc	s1_RauLaTi4eVgYHSp2TV9pqs9uzTVv0B10g9TaHMWpcZ4	1unN5u	qadv-arbiter-7x7-rust-lambda-v0.1.0	-	qadv-arbiter-7x7-rust-lambda-v0.1.0	-	D	P	-
g1_BoeiICSFnEtY0VnKqwAM68c4T4sDx4C2W8ky1erz0Fc	s1_hiVS2N4tHFdlOziNx6pFrqpjAhBWw1K7SFVyrjCQDeg	1unN5u	qadv-arbiter-7x7-rust-lambda-v0.1.0	-	qadv-arbiter-7x7-rust-lambda-v0.1.0	-	D	P	196
g1_Boy1jX4nqrC9eyJ-YouMT3mB_ccIw6_ReR7p-p8JDtQ	s1_26s6dlL3d9UOKFchjk55chkBJeeb8zMGB21P1kkMueE	1unMQ1	qadv-arbiter-7x7-rust-lambda-v0.1.0	-	qadv-arbiter-7x7-rust-lambda-v0.1.0	-	D	P	196
g1_Boy1jX4nqrC9eyJ-YouMT3mB_ccIw6_ReR7p-p8JDtQ	s1_RauLaTi4eVgYHSp2TV9pqs9uzTVv0B10g9TaHMWpcZ4	1unMQ1	qadv-arbiter-7x7-rust-lambda-v0.1.0	-	qadv-arbiter-7x7-rust-lambda-v0.1.0	-	D	P	-
g1_Boy1jX4nqrC9eyJ-YouMT3mB_ccIw6_ReR7p-p8JDtQ	s1_U3yVz6Is1kJhqC1NvS__RolXGZyr6bFDD4qEDX64CL8	1unMQ1	qadv-arbiter-7x7-rust-lambda-v0.1.0	-	qadv-arbiter-7x7-rust-lambda-v0.1.0	-	D	P	196
g1_Boy1jX4nqrC9eyJ-YouMT3mB_ccIw6_ReR7p-p8JDtQ	s1_ZSO63Irb-YBf3tBVVATadeePmGhBwv-Rq2eUjo5p_DM	1unMQ1	qadv-arbiter-7x7-rust-lambda-v0.1.0	-	qadv-arbiter-7x7-rust-lambda-v0.1.0	-	D	P	196
g1_BozSWb96IVAvw4kO-Y7W-uaLzlQ4cMJg0ET8f97_p1k	s1_AZROcZHF5REFiDAFoebaQXkVL-WQTzMJdPFnogSD8mw	1umwDf	rust-pathfinder-v0.3.0	-	rust-pathfinder-onnx-sorter-v0.1.0	-	D	P	120
g1_BozTMtttxpXZvsGntXUsa5DfJAYfjQUFO43bQG0yL64	s1_1LB6NAgPOeCp4r8rQw4kUOIXWpEdWysFm5RZjWCQSgc	1umwQq	python-gnn-puct-learner-v0.1.0	sha256:ab0f739cd33d66781faf60e27797c5ccba3c04ba684f8d9e32e9c2754f4e8956	python-gnn-puct-learner-v0.1.0	sha256:ab0f739cd33d66781faf60e27797c5ccba3c04ba684f8d9e32e9c2754f4e8956	L	P	196
g1_BozTMtttxpXZvsGntXUsa5DfJAYfjQUFO43bQG0yL64	s1_P4NHYhwuVnEA-dG2X-UVeVotb84A5mwljbYTlTMqr8w	1umwQq	python-gnn-puct-learner-v0.1.0	sha256:ab0f739cd33d66781faf60e27797c5ccba3c04ba684f8d9e32e9c2754f4e8956	python-gnn-puct-learner-v0.1.0	sha256:ab0f739cd33d66781faf60e27797c5ccba3c04ba684f8d9e32e9c2754f4e8956	L	P	196
g1_Bp8UfHFI0Pk3stNC9opyUf8N_TN4d-XZK92Knjk-qzw	s1_6PxtazPxkizz7K9QTWPSCIopEV5n0zpHoq3F52yO_6U	1umwtv	python-cnn-puct-v0.1.0	sha256:7845e9b7687beee165dc36b8d21833b7a8b5a83e31b58b49bd05c277ba26e642	python-cnn-puct-v0.1.0	sha256:7845e9b7687beee165dc36b8d21833b7a8b5a83e31b58b49bd05c277ba26e642	D	P	196
g1_Bp8UfHFI0Pk3stNC9opyUf8N_TN4d-XZK92Knjk-qzw	s1_baRgKA_wMXdl0r4AwdkUfhWC04qxd1MvEGXAQaDd4fo	1umwtv	python-cnn-puct-v0.1.0	sha256:7845e9b7687beee165dc36b8d21833b7a8b5a83e31b58b49bd05c277ba26e642	python-cnn-puct-v0.1.0	sha256:7845e9b7687beee165dc36b8d21833b7a8b5a83e31b58b49bd05c277ba26e642	D	P	196
g1_BpApDzP3LTl_8AwdeKvXEef47YxSq5u5_5CF4DiuMFw	s1_7FIu85-v_e-kbNsQ2UNk3yRt-KGcLyUjpmVwIc9cnfM	1umwNB	python-gnn-puct-scout-v0.1.0	sha256:b9f80706cc1f29076ee06fe06483697c749148a808c599579045d00a52573938	python-gnn-puct-scout-v0.1.0	sha256:b9f80706cc1f29076ee06fe06483697c749148a808c599579045d00a52573938	D	P	196
g1_BpApDzP3LTl_8AwdeKvXEef47YxSq5u5_5CF4DiuMFw	s1_S8AGNBNcWBvWiwIo-AOAHPoHuZo2XvcsYvhgQxGTkrY	1umwNB	python-gnn-puct-scout-v0.1.0	sha256:b9f80706cc1f29076ee06fe06483697c749148a808c599579045d00a52573938	python-gnn-puct-scout-v0.1.0	sha256:b9f80706cc1f29076ee06fe06483697c749148a808c599579045d00a52573938	D	P	196
g1_BpIXYt27_g_0tr80NrFCAPVZr1JROqd5UOvSTffY91Y	s1_G98Yy157QE6Oosx4nltFVmD0xZaONeGP-LV0e71ClO4	1unLs7	qadv-arbiter-7x7-rust-lambda-v0.1.0	-	qadv-arbiter-7x7-rust-lambda-v0.1.0	-	L	P	196
g1_BpIXYt27_g_0tr80NrFCAPVZr1JROqd5UOvSTffY91Y	s1_N8g41LM4Ez5s3h_LNSKfmGHvEru95hNUOg54LbNc9jg	1unLs7	qadv-arbiter-7x7-rust-lambda-v0.1.0	-	qadv-arbiter-7x7-rust-lambda-v0.1.0	-	L	P	196
g1_BpIXYt27_g_0tr80NrFCAPVZr1JROqd5UOvSTffY91Y	s1_RauLaTi4eVgYHSp2TV9pqs9uzTVv0B10g9TaHMWpcZ4	1unLs7	qadv-arbiter-7x7-rust-lambda-v0.1.0	-	qadv-arbiter-7x7-rust-lambda-v0.1.0	-	L	P	-
g1_BpIXYt27_g_0tr80NrFCAPVZr1JROqd5UOvSTffY91Y	s1_xo2DlumbzpySAS2i9qOx22gauxm9-DYccZ76xx6v6i8	1unLs7	qadv-arbiter-7x7-rust-lambda-v0.1.0	-	qadv-arbiter-7x7-rust-lambda-v0.1.0	-	L	P	196
g1_BpR839qbFohDL6NhsEeGy_IEve7af-vSKieYyz2Us_w	s1_1R5KYwd9EshSn1yACcDADvYj_SAadl-Nx3PtWoNp968	1unNEk	qadv-arbiter-7x7-rust-lambda-v0.1.0	-	qadv-arbiter-7x7-rust-lambda-v0.1.0	-	L	P	196
g1_BpR839qbFohDL6NhsEeGy_IEve7af-vSKieYyz2Us_w	s1_FfJPj_2wlqRllE5ioWBqgH41ave8m3pK7KrNX763BRE	1unNEk	qadv-arbiter-7x7-rust-lambda-v0.1.0	-	qadv-arbiter-7x7-rust-lambda-v0.1.0	-	L	P	196
g1_BpR839qbFohDL6NhsEeGy_IEve7af-vSKieYyz2Us_w	s1_RauLaTi4eVgYHSp2TV9pqs9uzTVv0B10g9TaHMWpcZ4	1unNEk	qadv-arbiter-7x7-rust-lambda-v0.1.0	-	qadv-arbiter-7x7-rust-lambda-v0.1.0	-	L	P	-
g1_BpR839qbFohDL6NhsEeGy_IEve7af-vSKieYyz2Us_w	s1_UoKvqCz1rdfpIhLga2PLcLhjKp73rDldvaQg3gor1Bc	1unNEk	qadv-arbiter-7x7-rust-lambda-v0.1.0	-	qadv-arbiter-7x7-rust-lambda-v0.1.0	-	L	P	196
g1_BpcSEpjq-Q1NykiZxRyUmNUOg1jOOPdwMokRc5Bw3JY	s1_1av6nXQkq-GSHXfjkVlGHGpAq8F9UbW4JwZmyFA-vww	1DIet	python-gnn-puct-v0.1.0	sha256:6f9ad6e4a0993da3cf34a8549e86f9b5d512c51e11bfa76dfe051e7a8801bdac	python-gnn-puct-v0.1.0	sha256:6f9ad6e4a0993da3cf34a8549e86f9b5d512c51e11bfa76dfe051e7a8801bdac	D	P	196
g1_BpcSEpjq-Q1NykiZxRyUmNUOg1jOOPdwMokRc5Bw3JY	s1_del54SUFELBov5vQFrhsVexn6D9EhUPDFZpXuqC6eCI	1DIet	python-gnn-puct-v0.1.0	sha256:6f9ad6e4a0993da3cf34a8549e86f9b5d512c51e11bfa76dfe051e7a8801bdac	python-gnn-puct-v0.1.0	sha256:6f9ad6e4a0993da3cf34a8549e86f9b5d512c51e11bfa76dfe051e7a8801bdac	D	P	196
g1_BpcSEpjq-Q1NykiZxRyUmNUOg1jOOPdwMokRc5Bw3JY	s1_g5pGkHBMEhzAYvwFY0b24sSc7wC9JfnWApMHHZ_aMPI	1DIet	python-gnn-puct-v0.1.0	sha256:6f9ad6e4a0993da3cf34a8549e86f9b5d512c51e11bfa76dfe051e7a8801bdac	python-gnn-puct-v0.1.0	sha256:6f9ad6e4a0993da3cf34a8549e86f9b5d512c51e11bfa76dfe051e7a8801bdac	D	P	196
g1_BpcSEpjq-Q1NykiZxRyUmNUOg1jOOPdwMokRc5Bw3JY	s1_mWPTef6xYbijjPhDIC6QgLRmu2mMSJAokNlIkx3vg54	1DIet	python-gnn-puct-v0.1.0	sha256:6f9ad6e4a0993da3cf34a8549e86f9b5d512c51e11bfa76dfe051e7a8801bdac	python-gnn-puct-v0.1.0	sha256:6f9ad6e4a0993da3cf34a8549e86f9b5d512c51e11bfa76dfe051e7a8801bdac	D	P	196
g1_BpcSEpjq-Q1NykiZxRyUmNUOg1jOOPdwMokRc5Bw3JY	s1_tol_POp6BcgBLMWq8iDfRBQSAXpESHxFwmcCQYXv0yQ	1DIet	python-gnn-puct-v0.1.0	sha256:6f9ad6e4a0993da3cf34a8549e86f9b5d512c51e11bfa76dfe051e7a8801bdac	python-gnn-puct-v0.1.0	sha256:6f9ad6e4a0993da3cf34a8549e86f9b5d512c51e11bfa76dfe051e7a8801bdac	D	P	196
g1_BpgHTIWjLS4GlAroR7lmorKEkiBjsubqBUbFucSvihM	s1_O3cuwuia8XT9TI7Nxr3tRcajOA20XFHEIT2fYX3WizY	1un4gV	surveyor-v0.2.0	-	qadv-arbiter-guided-7x7-v0.2.0	sha256:9c0e5e530df7db77a98f6a2e75fe63a6f629c6ad6563e0b5454793ebc243b14d	L	P	196
g1_BpgHTIWjLS4GlAroR7lmorKEkiBjsubqBUbFucSvihM	s1_emJec2v0tFw2IkI46lobwl3MLElw58NqRX9QnSWPQGc	1un4gV	surveyor-v0.2.0	-	qadv-arbiter-guided-7x7-v0.2.0	sha256:9c0e5e530df7db77a98f6a2e75fe63a6f629c6ad6563e0b5454793ebc243b14d	L	P	196
g1_BpgHTIWjLS4GlAroR7lmorKEkiBjsubqBUbFucSvihM	s1_iKf_jQ0552THmC-XWhe7eFzF6uRP9RxtLWuha32VvUg	1un4gV	surveyor-v0.2.0	-	qadv-arbiter-guided-7x7-v0.2.0	sha256:9c0e5e530df7db77a98f6a2e75fe63a6f629c6ad6563e0b5454793ebc243b14d	L	P	196
g1_BpsUP1vMXyegXvHHxbnPAUm3L5ut1DsAYnHydVrVPAk	s1_5KofeXcYB0STORhHNE4ck1B3IuThu4p6Ki0SNxhcJBs	1unMCv	qadv-arbiter-7x7-rust-lambda-v0.1.0	-	qadv-arbiter-7x7-rust-lambda-v0.1.0	-	D	P	196
g1_BpsUP1vMXyegXvHHxbnPAUm3L5ut1DsAYnHydVrVPAk	s1_Qk092d28cy1vLj_1WkGBbe7j1C_EfgpLmO_OBUgOJ_M	1unMCv	qadv-arbiter-7x7-rust-lambda-v0.1.0	-	qadv-arbiter-7x7-rust-lambda-v0.1.0	-	D	P	196
g1_BpsUP1vMXyegXvHHxbnPAUm3L5ut1DsAYnHydVrVPAk	s1_RauLaTi4eVgYHSp2TV9pqs9uzTVv0B10g9TaHMWpcZ4	1unMCv	qadv-arbiter-7x7-rust-lambda-v0.1.0	-	qadv-arbiter-7x7-rust-lambda-v0.1.0	-	D	P	-
g1_BpsUP1vMXyegXvHHxbnPAUm3L5ut1DsAYnHydVrVPAk	s1_ceGqL0nKSTKnhwCjxXdx4mA0k3cYlxqXkGvtdgUwbfc	1unMCv	qadv-arbiter-7x7-rust-lambda-v0.1.0	-	qadv-arbiter-7x7-rust-lambda-v0.1.0	-	D	P	196
g1_BqBH7rdgjPz9AuzcBQDgx23O561lI87auB6C9UkTqh0	s1_Qmoz3nLvbLcY_1rcqMtpMJDvTQydhL5cxUNWV6EhpMY	1umwwM	qadv-arbiter-7x7-v0.1.0	sha256:8c548d06307572603b839755cc1e50393285365e10f82bcd90290ca65cd86266	qadv-arbiter-7x7-v0.1.0	sha256:8c548d06307572603b839755cc1e50393285365e10f82bcd90290ca65cd86266	D	P	196
g1_BqNPXx6fxFcnoLJt_tOPzJgamsuEtPlWTYHFWs4zvK8	s1_6Q3eiiyy7mLDUpU5Fc9TEfG8Ux7lBZXHNtgoX9t4LuA	1unPuo	qadv-arbiter-7x7-rust-qadv-v0.1.0	-	qadv-arbiter-7x7-rust-qadv-v0.1.0	-	L	P	196
g1_BqNPXx6fxFcnoLJt_tOPzJgamsuEtPlWTYHFWs4zvK8	s1_E6vXddQCfpZ9KfMkg4nJoWaoiSTFiOlpBD1vX-neeDo	1unPuo	qadv-arbiter-7x7-rust-qadv-v0.1.0	-	qadv-arbiter-7x7-rust-qadv-v0.1.0	-	L	P	196
g1_BqNPXx6fxFcnoLJt_tOPzJgamsuEtPlWTYHFWs4zvK8	s1_RauLaTi4eVgYHSp2TV9pqs9uzTVv0B10g9TaHMWpcZ4	1unPuo	qadv-arbiter-7x7-rust-qadv-v0.1.0	-	qadv-arbiter-7x7-rust-qadv-v0.1.0	-	L	P	-
g1_BqRIXQ9RWDMF3uu6RHEoXXAYBTa058yEfHk1Mjr5etk	s1_1av6nXQkq-GSHXfjkVlGHGpAq8F9UbW4JwZmyFA-vww	1DIjx	python-gnn-puct-v0.1.0	sha256:6f9ad6e4a0993da3cf34a8549e86f9b5d512c51e11bfa76dfe051e7a8801bdac	python-gnn-puct-v0.1.0	sha256:6f9ad6e4a0993da3cf34a8549e86f9b5d512c51e11bfa76dfe051e7a8801bdac	L	P	196
g1_BqRIXQ9RWDMF3uu6RHEoXXAYBTa058yEfHk1Mjr5etk	s1_Brk0hkuJoH-MBjdd53AO5tlWcOgDWV_R0PO74fHGd_0	1DIjx	python-gnn-puct-v0.1.0	sha256:6f9ad6e4a0993da3cf34a8549e86f9b5d512c51e11bfa76dfe051e7a8801bdac	python-gnn-puct-v0.1.0	sha256:6f9ad6e4a0993da3cf34a8549e86f9b5d512c51e11bfa76dfe051e7a8801bdac	L	P	196
g1_BqRIXQ9RWDMF3uu6RHEoXXAYBTa058yEfHk1Mjr5etk	s1_KmF8KhDbubz6lwdS8R_n_yTGdSONmH9B1wUABbyCj94	1DIjx	python-gnn-puct-v0.1.0	sha256:6f9ad6e4a0993da3cf34a8549e86f9b5d512c51e11bfa76dfe051e7a8801bdac	python-gnn-puct-v0.1.0	sha256:6f9ad6e4a0993da3cf34a8549e86f9b5d512c51e11bfa76dfe051e7a8801bdac	L	P	196
g1_BqRIXQ9RWDMF3uu6RHEoXXAYBTa058yEfHk1Mjr5etk	s1_g5pGkHBMEhzAYvwFY0b24sSc7wC9JfnWApMHHZ_aMPI	1DIjx	python-gnn-puct-v0.1.0	sha256:6f9ad6e4a0993da3cf34a8549e86f9b5d512c51e11bfa76dfe051e7a8801bdac	python-gnn-puct-v0.1.0	sha256:6f9ad6e4a0993da3cf34a8549e86f9b5d512c51e11bfa76dfe051e7a8801bdac	L	P	196
g1_BqRIXQ9RWDMF3uu6RHEoXXAYBTa058yEfHk1Mjr5etk	s1_tol_POp6BcgBLMWq8iDfRBQSAXpESHxFwmcCQYXv0yQ	1DIjx	python-gnn-puct-v0.1.0	sha256:6f9ad6e4a0993da3cf34a8549e86f9b5d512c51e11bfa76dfe051e7a8801bdac	python-gnn-puct-v0.1.0	sha256:6f9ad6e4a0993da3cf34a8549e86f9b5d512c51e11bfa76dfe051e7a8801bdac	L	P	196
g1_Bq_yUkcOnpiMgdT9hDqujRGVZQ9rnGKwfDNm4E7lLo4	s1_6PxtazPxkizz7K9QTWPSCIopEV5n0zpHoq3F52yO_6U	1umwg-	python-cnn-puct-v0.1.0	sha256:7845e9b7687beee165dc36b8d21833b7a8b5a83e31b58b49bd05c277ba26e642	python-cnn-puct-v0.1.0	sha256:7845e9b7687beee165dc36b8d21833b7a8b5a83e31b58b49bd05c277ba26e642	D	P	196
g1_Bq_yUkcOnpiMgdT9hDqujRGVZQ9rnGKwfDNm4E7lLo4	s1_baRgKA_wMXdl0r4AwdkUfhWC04qxd1MvEGXAQaDd4fo	1umwg-	python-cnn-puct-v0.1.0	sha256:7845e9b7687beee165dc36b8d21833b7a8b5a83e31b58b49bd05c277ba26e642	python-cnn-puct-v0.1.0	sha256:7845e9b7687beee165dc36b8d21833b7a8b5a83e31b58b49bd05c277ba26e642	D	P	196
g1_Bqhvu03kcGKgz6y-TMPTAU9syvfwp7VGnyVykX1NbFY	s1_0m1HWG9l6uW0hEpPH26GGy6j6xmE0cnlK-j_ZuX2WGo	1unM9L	qadv-arbiter-7x7-rust-lambda-v0.1.0	-	qadv-arbiter-7x7-rust-lambda-v0.1.0	-	D	P	196
g1_Bqhvu03kcGKgz6y-TMPTAU9syvfwp7VGnyVykX1NbFY	s1_JtbYOE-gzMTXj-W9UubGbBsLnAIT2bk3kSCuC4K8fhk	1unM9L	qadv-arbiter-7x7-rust-lambda-v0.1.0	-	qadv-arbiter-7x7-rust-lambda-v0.1.0	-	D	P	196
g1_Bqhvu03kcGKgz6y-TMPTAU9syvfwp7VGnyVykX1NbFY	s1_RauLaTi4eVgYHSp2TV9pqs9uzTVv0B10g9TaHMWpcZ4	1unM9L	qadv-arbiter-7x7-rust-lambda-v0.1.0	-	qadv-arbiter-7x7-rust-lambda-v0.1.0	-	D	P	-
g1_Bqhvu03kcGKgz6y-TMPTAU9syvfwp7VGnyVykX1NbFY	s1_w3GbY-KOFlZvYw82a6b4ow2K7iT569wQ7R4hcjAeJcU	1unM9L	qadv-arbiter-7x7-rust-lambda-v0.1.0	-	qadv-arbiter-7x7-rust-lambda-v0.1.0	-	D	P	196
g1_BqkI9JkE7kl4h0zibXQctoeugTBlZ9U4hiM2CQPR5dI	s1_NbtO9BuGaoamUG1qsRQLr65p-JOPpOQMbvgLLewW4oY	1unNUB	qadv-arbiter-7x7-rust-lambda-v0.1.0	-	qadv-arbiter-7x7-rust-lambda-v0.1.0	-	D	P	196
g1_BqkI9JkE7kl4h0zibXQctoeugTBlZ9U4hiM2CQPR5dI	s1_RauLaTi4eVgYHSp2TV9pqs9uzTVv0B10g9TaHMWpcZ4	1unNUB	qadv-arbiter-7x7-rust-lambda-v0.1.0	-	qadv-arbiter-7x7-rust-lambda-v0.1.0	-	D	P	-
g1_BqkI9JkE7kl4h0zibXQctoeugTBlZ9U4hiM2CQPR5dI	s1__3Q_GlYcVsWNWeNfwMS3NlF2LCnAqZ5sW7mV5zdYznQ	1unNUB	qadv-arbiter-7x7-rust-lambda-v0.1.0	-	qadv-arbiter-7x7-rust-lambda-v0.1.0	-	D	P	196
g1_BqkI9JkE7kl4h0zibXQctoeugTBlZ9U4hiM2CQPR5dI	s1_baAcTWh1O-sNanb83n2QV9xhjxmVTSkUrh8XgoA03wg	1unNUB	qadv-arbiter-7x7-rust-lambda-v0.1.0	-	qadv-arbiter-7x7-rust-lambda-v0.1.0	-	D	P	196
g1_BqkXvkZNwCCtkgQDgTFMRbQkLKTR62Moy5Tqvvpa_T8	s1_AoHihNuJI4nnP0rCUJZMwAthxUJ2bwWXzU6phWbhVg0	1unP-s	qadv-arbiter-7x7-rust-lambda-v0.1.0	-	qadv-arbiter-7x7-rust-lambda-v0.1.0	-	L	P	196
g1_BqkXvkZNwCCtkgQDgTFMRbQkLKTR62Moy5Tqvvpa_T8	s1_Epj-FMG_WXQnsbz8wH5P0R6EzhAqpCIm8AXMiXlrQeo	1unP-s	qadv-arbiter-7x7-rust-lambda-v0.1.0	-	qadv-arbiter-7x7-rust-lambda-v0.1.0	-	L	P	196
g1_BqkXvkZNwCCtkgQDgTFMRbQkLKTR62Moy5Tqvvpa_T8	s1_IkTHDOKtfrC4zv6xYlDE1j_qHfAPR6erwFYMm6TyDpc	1unP-s	qadv-arbiter-7x7-rust-lambda-v0.1.0	-	qadv-arbiter-7x7-rust-lambda-v0.1.0	-	L	P	196
g1_BqkXvkZNwCCtkgQDgTFMRbQkLKTR62Moy5Tqvvpa_T8	s1_RauLaTi4eVgYHSp2TV9pqs9uzTVv0B10g9TaHMWpcZ4	1unP-s	qadv-arbiter-7x7-rust-lambda-v0.1.0	-	qadv-arbiter-7x7-rust-lambda-v0.1.0	-	L	P	-
g1_Bqm2cT7776nzwSu0T8pjtpM3tdu8kUmmsnG8qvViMgM	s1_1av6nXQkq-GSHXfjkVlGHGpAq8F9UbW4JwZmyFA-vww	1umvRY	python-gnn-puct-learner-v0.1.0	sha256:ab0f739cd33d66781faf60e27797c5ccba3c04ba684f8d9e32e9c2754f4e8956	python-gnn-puct-learner-v0.1.0	sha256:ab0f739cd33d66781faf60e27797c5ccba3c04ba684f8d9e32e9c2754f4e8956	-	M	196
g1_Bqm2cT7776nzwSu0T8pjtpM3tdu8kUmmsnG8qvViMgM	s1_QBFUsDtxokERlDOdQkleYbPvhJ-vIp2qmp6DXjS-7oM	1umvRY	python-gnn-puct-learner-v0.1.0	sha256:ab0f739cd33d66781faf60e27797c5ccba3c04ba684f8d9e32e9c2754f4e8956	python-gnn-puct-learner-v0.1.0	sha256:ab0f739cd33d66781faf60e27797c5ccba3c04ba684f8d9e32e9c2754f4e8956	-	M	196
g1_Bqm2cT7776nzwSu0T8pjtpM3tdu8kUmmsnG8qvViMgM	s1_mWPTef6xYbijjPhDIC6QgLRmu2mMSJAokNlIkx3vg54	1umvRY	python-gnn-puct-learner-v0.1.0	sha256:ab0f739cd33d66781faf60e27797c5ccba3c04ba684f8d9e32e9c2754f4e8956	python-gnn-puct-learner-v0.1.0	sha256:ab0f739cd33d66781faf60e27797c5ccba3c04ba684f8d9e32e9c2754f4e8956	-	M	196
g1_Bqnq-hOwkwVRdJ-UjmTkq13CCn3WJdr8g9HzlSuPyt0	s1_-aM8lkVlvhWlfI545FPao_0RA4oTMb8fOkGzoLxLYCo	1unMXX	qadv-arbiter-7x7-rust-lambda-v0.1.0	-	qadv-arbiter-7x7-rust-lambda-v0.1.0	-	L	P	196
g1_Bqnq-hOwkwVRdJ-UjmTkq13CCn3WJdr8g9HzlSuPyt0	s1_FbY8I2Pt_mnSQik_JKrOb6QA7MCfMSqQ-kqPq775_mY	1unMXX	qadv-arbiter-7x7-rust-lambda-v0.1.0	-	qadv-arbiter-7x7-rust-lambda-v0.1.0	-	L	P	196
g1_Bqnq-hOwkwVRdJ-UjmTkq13CCn3WJdr8g9HzlSuPyt0	s1_RauLaTi4eVgYHSp2TV9pqs9uzTVv0B10g9TaHMWpcZ4	1unMXX	qadv-arbiter-7x7-rust-lambda-v0.1.0	-	qadv-arbiter-7x7-rust-lambda-v0.1.0	-	L	P	-
g1_Bqnq-hOwkwVRdJ-UjmTkq13CCn3WJdr8g9HzlSuPyt0	s1_Rk9EPQAVKLQpBAHwB9nm4Csyz1a1ctC8sibDf--_uBs	1unMXX	qadv-arbiter-7x7-rust-lambda-v0.1.0	-	qadv-arbiter-7x7-rust-lambda-v0.1.0	-	L	P	196
g1_Bqu0hdxubhn1Ojemr7JTcP5S3bYE0MxmmV3jNEbC-kM	s1__fmnSv6OnZklVvMPUjPdL6drtvfrJptRYX3nxZQO8jI	1umxxN	python-gnn-puct-scout-v0.1.0	sha256:b9f80706cc1f29076ee06fe06483697c749148a808c599579045d00a52573938	python-gnn-puct-scout-v0.1.0	sha256:b9f80706cc1f29076ee06fe06483697c749148a808c599579045d00a52573938	D	P	196
g1_Bqy8mpLdYPCx5p5mjWIpQ4X663svx0iyA063l5-zMFA	s1_1QbmjfeRkkXyaNt7uNuvbgRijxc-3p2MSJZecDZNhk8	1un5te	qadv-arbiter-guided-7x7-v0.2.0	sha256:9c0e5e530df7db77a98f6a2e75fe63a6f629c6ad6563e0b5454793ebc243b14d	gnn-reval30k-7x7	sha256:7f41dbe135649d1116a0914bc0358a5ffae95749195ec20dd972035bbbea52f7	D	P	196
g1_Bqy8mpLdYPCx5p5mjWIpQ4X663svx0iyA063l5-zMFA	s1_KFCPuS07IuvwTcEzH-1o96QSsgWXXBFf-H4aSllW5pw	1un5te	qadv-arbiter-guided-7x7-v0.2.0	sha256:9c0e5e530df7db77a98f6a2e75fe63a6f629c6ad6563e0b5454793ebc243b14d	gnn-reval30k-7x7	sha256:7f41dbe135649d1116a0914bc0358a5ffae95749195ec20dd972035bbbea52f7	D	P	196
g1_Bqy8mpLdYPCx5p5mjWIpQ4X663svx0iyA063l5-zMFA	s1_O3cuwuia8XT9TI7Nxr3tRcajOA20XFHEIT2fYX3WizY	1un5te	qadv-arbiter-guided-7x7-v0.2.0	sha256:9c0e5e530df7db77a98f6a2e75fe63a6f629c6ad6563e0b5454793ebc243b14d	gnn-reval30k-7x7	sha256:7f41dbe135649d1116a0914bc0358a5ffae95749195ec20dd972035bbbea52f7	D	P	196
g1_Bqy8mpLdYPCx5p5mjWIpQ4X663svx0iyA063l5-zMFA	s1_OfzUOjzcUa0ZvGXOvzmOBgjgnGAySQKksPXftzcChTA	1un5te	qadv-arbiter-guided-7x7-v0.2.0	sha256:9c0e5e530df7db77a98f6a2e75fe63a6f629c6ad6563e0b5454793ebc243b14d	gnn-reval30k-7x7	sha256:7f41dbe135649d1116a0914bc0358a5ffae95749195ec20dd972035bbbea52f7	D	P	196
g1_BrEnS-IzPb_yqictHSvGTNCBzDo9u7dKY7FFiyhofTQ	s1_1av6nXQkq-GSHXfjkVlGHGpAq8F9UbW4JwZmyFA-vww	1umvCn	pathfinder-v0.3.0	-	gnn-warmstart-7x7	sha256:e000d50619c0241c30efdd1f5adb7a8b738c66859d33c3443c52a20f56fcc13a	L	P	196
g1_BrEnS-IzPb_yqictHSvGTNCBzDo9u7dKY7FFiyhofTQ	s1_Brk0hkuJoH-MBjdd53AO5tlWcOgDWV_R0PO74fHGd_0	1umvCn	pathfinder-v0.3.0	-	gnn-warmstart-7x7	sha256:e000d50619c0241c30efdd1f5adb7a8b738c66859d33c3443c52a20f56fcc13a	L	P	196
g1_BrEnS-IzPb_yqictHSvGTNCBzDo9u7dKY7FFiyhofTQ	s1_QzXKB60HvV5g6-cJIu-NdpeFb1rCgFAJD1cxfdkoMm0	1umvCn	pathfinder-v0.3.0	-	gnn-warmstart-7x7	sha256:e000d50619c0241c30efdd1f5adb7a8b738c66859d33c3443c52a20f56fcc13a	L	P	196
g1_BrPmd1Ql0cEDlgrXMGxdcSQrRxzLCU1H_2e2Z18GuR4	s1_5ljWDxs2cHuicZCOrLTiAkYIjLsr60UlTp2pdgzLpFo	1un6tJ	cnn-reval30k-7x7	sha256:7439239ff343dcc422cb918560b1b72433f2e13628580427343a446f349c6f5a	qadv-arbiter-guided-7x7-v0.2.0	sha256:9c0e5e530df7db77a98f6a2e75fe63a6f629c6ad6563e0b5454793ebc243b14d	D	P	196
g1_BrPmd1Ql0cEDlgrXMGxdcSQrRxzLCU1H_2e2Z18GuR4	s1_O3cuwuia8XT9TI7Nxr3tRcajOA20XFHEIT2fYX3WizY	1un6tJ	cnn-reval30k-7x7	sha256:7439239ff343dcc422cb918560b1b72433f2e13628580427343a446f349c6f5a	qadv-arbiter-guided-7x7-v0.2.0	sha256:9c0e5e530df7db77a98f6a2e75fe63a6f629c6ad6563e0b5454793ebc243b14d	D	P	196
g1_BrPmd1Ql0cEDlgrXMGxdcSQrRxzLCU1H_2e2Z18GuR4	s1_V0LWS9svHoRw-EU00TJ9ccLmpbl0alVktC6RjcN8YsE	1un6tJ	cnn-reval30k-7x7	sha256:7439239ff343dcc422cb918560b1b72433f2e13628580427343a446f349c6f5a	qadv-arbiter-guided-7x7-v0.2.0	sha256:9c0e5e530df7db77a98f6a2e75fe63a6f629c6ad6563e0b5454793ebc243b14d	D	P	196
g1_BreNpPlnxkPm5tdkKW9Nj5XuvYrTgu7IKmoaLKYWybs	s1_1av6nXQkq-GSHXfjkVlGHGpAq8F9UbW4JwZmyFA-vww	1DIi6	python-gnn-puct-v0.1.0	sha256:6f9ad6e4a0993da3cf34a8549e86f9b5d512c51e11bfa76dfe051e7a8801bdac	python-gnn-puct-v0.1.0	sha256:6f9ad6e4a0993da3cf34a8549e86f9b5d512c51e11bfa76dfe051e7a8801bdac	D	P	196
g1_BreNpPlnxkPm5tdkKW9Nj5XuvYrTgu7IKmoaLKYWybs	s1_del54SUFELBov5vQFrhsVexn6D9EhUPDFZpXuqC6eCI	1DIi6	python-gnn-puct-v0.1.0	sha256:6f9ad6e4a0993da3cf34a8549e86f9b5d512c51e11bfa76dfe051e7a8801bdac	python-gnn-puct-v0.1.0	sha256:6f9ad6e4a0993da3cf34a8549e86f9b5d512c51e11bfa76dfe051e7a8801bdac	D	P	196
g1_BreNpPlnxkPm5tdkKW9Nj5XuvYrTgu7IKmoaLKYWybs	s1_g5pGkHBMEhzAYvwFY0b24sSc7wC9JfnWApMHHZ_aMPI	1DIi6	python-gnn-puct-v0.1.0	sha256:6f9ad6e4a0993da3cf34a8549e86f9b5d512c51e11bfa76dfe051e7a8801bdac	python-gnn-puct-v0.1.0	sha256:6f9ad6e4a0993da3cf34a8549e86f9b5d512c51e11bfa76dfe051e7a8801bdac	D	P	196
g1_BreNpPlnxkPm5tdkKW9Nj5XuvYrTgu7IKmoaLKYWybs	s1_mWPTef6xYbijjPhDIC6QgLRmu2mMSJAokNlIkx3vg54	1DIi6	python-gnn-puct-v0.1.0	sha256:6f9ad6e4a0993da3cf34a8549e86f9b5d512c51e11bfa76dfe051e7a8801bdac	python-gnn-puct-v0.1.0	sha256:6f9ad6e4a0993da3cf34a8549e86f9b5d512c51e11bfa76dfe051e7a8801bdac	D	P	196
g1_BreNpPlnxkPm5tdkKW9Nj5XuvYrTgu7IKmoaLKYWybs	s1_tol_POp6BcgBLMWq8iDfRBQSAXpESHxFwmcCQYXv0yQ	1DIi6	python-gnn-puct-v0.1.0	sha256:6f9ad6e4a0993da3cf34a8549e86f9b5d512c51e11bfa76dfe051e7a8801bdac	python-gnn-puct-v0.1.0	sha256:6f9ad6e4a0993da3cf34a8549e86f9b5d512c51e11bfa76dfe051e7a8801bdac	D	P	196
g1_BrvbZ7247jxocgxEsVksjKgUq094o0W5Sqx1P6-s0Qw	s1_IdOF4O-APdeWMl4eeT9z1h2erXbezGBxZUy0pA0tKLM	1unO0C	qadv-arbiter-7x7-rust-lambda-v0.1.0	-	qadv-arbiter-7x7-rust-lambda-v0.1.0	-	D	P	196
g1_BrvbZ7247jxocgxEsVksjKgUq094o0W5Sqx1P6-s0Qw	s1_RauLaTi4eVgYHSp2TV9pqs9uzTVv0B10g9TaHMWpcZ4	1unO0C	qadv-arbiter-7x7-rust-lambda-v0.1.0	-	qadv-arbiter-7x7-rust-lambda-v0.1.0	-	D	P	-
g1_BrvbZ7247jxocgxEsVksjKgUq094o0W5Sqx1P6-s0Qw	s1_fAxZOcZONSAkiTNMBByZjFHKtu7JRteonNnMDoyjM8M	1unO0C	qadv-arbiter-7x7-rust-lambda-v0.1.0	-	qadv-arbiter-7x7-rust-lambda-v0.1.0	-	D	P	196
g1_BrvbZ7247jxocgxEsVksjKgUq094o0W5Sqx1P6-s0Qw	s1_iUhWXkmtfTCCFlKPvQoSKIVLp1v1DH8pf6C0rEH8uv4	1unO0C	qadv-arbiter-7x7-rust-lambda-v0.1.0	-	qadv-arbiter-7x7-rust-lambda-v0.1.0	-	D	P	196
g1_BrwbBmZkaVAbEsufW7_3jJJRnBhfN9vKVrFgh6ps-uo	s1_1av6nXQkq-GSHXfjkVlGHGpAq8F9UbW4JwZmyFA-vww	1umv67	python-gnn-puct-scout-v0.1.0	sha256:b9f80706cc1f29076ee06fe06483697c749148a808c599579045d00a52573938	python-gnn-puct-scout-v0.1.0	sha256:b9f80706cc1f29076ee06fe06483697c749148a808c599579045d00a52573938	-	M	196
g1_BrwbBmZkaVAbEsufW7_3jJJRnBhfN9vKVrFgh6ps-uo	s1_Brk0hkuJoH-MBjdd53AO5tlWcOgDWV_R0PO74fHGd_0	1umv67	python-gnn-puct-scout-v0.1.0	sha256:b9f80706cc1f29076ee06fe06483697c749148a808c599579045d00a52573938	python-gnn-puct-scout-v0.1.0	sha256:b9f80706cc1f29076ee06fe06483697c749148a808c599579045d00a52573938	-	M	196
g1_BrwbBmZkaVAbEsufW7_3jJJRnBhfN9vKVrFgh6ps-uo	s1_D_X-fTFZy6xuyGSC5jFyKBW6IP_59Jbomefazf4xu44	1umv67	python-gnn-puct-scout-v0.1.0	sha256:b9f80706cc1f29076ee06fe06483697c749148a808c599579045d00a52573938	python-gnn-puct-scout-v0.1.0	sha256:b9f80706cc1f29076ee06fe06483697c749148a808c599579045d00a52573938	-	M	196
g1_BrzigOWl0tKdByrRD-_SzFsf7NWTIEN5_6xE0mS0KUI	s1_9ECiVz05br3OEz14qBhvGjXRmr4VBjR9Alvs1J3q8-k	1unNEh	qadv-arbiter-7x7-rust-lambda-v0.1.0	-	qadv-arbiter-7x7-rust-lambda-v0.1.0	-	L	P	196
g1_BrzigOWl0tKdByrRD-_SzFsf7NWTIEN5_6xE0mS0KUI	s1_AB1ZNQTZV6wd_kPWPjfm9tV4q_ChNrhKwWoKaSLoscA	1unNEh	qadv-arbiter-7x7-rust-lambda-v0.1.0	-	qadv-arbiter-7x7-rust-lambda-v0.1.0	-	L	P	196
g1_BrzigOWl0tKdByrRD-_SzFsf7NWTIEN5_6xE0mS0KUI	s1_RauLaTi4eVgYHSp2TV9pqs9uzTVv0B10g9TaHMWpcZ4	1unNEh	qadv-arbiter-7x7-rust-lambda-v0.1.0	-	qadv-arbiter-7x7-rust-lambda-v0.1.0	-	L	P	-
g1_BrzigOWl0tKdByrRD-_SzFsf7NWTIEN5_6xE0mS0KUI	s1_pN7DyqbBZCfGicSSxwSKdl5X5ABcqNJOd5P2AlwZxrw	1unNEh	qadv-arbiter-7x7-rust-lambda-v0.1.0	-	qadv-arbiter-7x7-rust-lambda-v0.1.0	-	L	P	196
g1_BsIBXng86jxSGTAL0R0kSe7rh5JtVs9ThdkK4RoHTu0	s1_-OKlJXuPFfAnukwGYITjiU7XKL4OC_qt76PC0TZSPjg	1umvhH	python-cnn-puct-v0.1.0	sha256:7845e9b7687beee165dc36b8d21833b7a8b5a83e31b58b49bd05c277ba26e642	python-cnn-puct-v0.1.0	sha256:7845e9b7687beee165dc36b8d21833b7a8b5a83e31b58b49bd05c277ba26e642	-	M	196
g1_BsIBXng86jxSGTAL0R0kSe7rh5JtVs9ThdkK4RoHTu0	s1_1av6nXQkq-GSHXfjkVlGHGpAq8F9UbW4JwZmyFA-vww	1umvhH	python-cnn-puct-v0.1.0	sha256:7845e9b7687beee165dc36b8d21833b7a8b5a83e31b58b49bd05c277ba26e642	python-cnn-puct-v0.1.0	sha256:7845e9b7687beee165dc36b8d21833b7a8b5a83e31b58b49bd05c277ba26e642	-	M	196
g1_BsIBXng86jxSGTAL0R0kSe7rh5JtVs9ThdkK4RoHTu0	s1_mWPTef6xYbijjPhDIC6QgLRmu2mMSJAokNlIkx3vg54	1umvhH	python-cnn-puct-v0.1.0	sha256:7845e9b7687beee165dc36b8d21833b7a8b5a83e31b58b49bd05c277ba26e642	python-cnn-puct-v0.1.0	sha256:7845e9b7687beee165dc36b8d21833b7a8b5a83e31b58b49bd05c277ba26e642	-	M	196
g1_BsIHJ3Qy-2QRMevh8FJXyHZJBdx71Vo4HpudZi8Cy4I	s1_2bZmf7-W51XF_rkCfLjARUXMVqCUE9H7JXkYMD_mcGE	1unPxV	qadv-arbiter-7x7-rust-lambda-v0.1.0	-	qadv-arbiter-7x7-rust-lambda-v0.1.0	-	L	P	196
g1_BsIHJ3Qy-2QRMevh8FJXyHZJBdx71Vo4HpudZi8Cy4I	s1_6T0Hzeqwyz3YzF9nO8FzNxKLOciN9U-f_5Guh9jrsmE	1unPxV	qadv-arbiter-7x7-rust-lambda-v0.1.0	-	qadv-arbiter-7x7-rust-lambda-v0.1.0	-	L	P	196
g1_BsIHJ3Qy-2QRMevh8FJXyHZJBdx71Vo4HpudZi8Cy4I	s1_RauLaTi4eVgYHSp2TV9pqs9uzTVv0B10g9TaHMWpcZ4	1unPxV	qadv-arbiter-7x7-rust-lambda-v0.1.0	-	qadv-arbiter-7x7-rust-lambda-v0.1.0	-	L	P	-
g1_BsIHJ3Qy-2QRMevh8FJXyHZJBdx71Vo4HpudZi8Cy4I	s1_dqn980bDWtHmX-YRD-vg-YC2-lvZMykx4zllvP0xyCA	1unPxV	qadv-arbiter-7x7-rust-lambda-v0.1.0	-	qadv-arbiter-7x7-rust-lambda-v0.1.0	-	L	P	196
g1_BsKmoLoZwLERmJWb5PRNArRpfzgvv6-H0vEe-X86hWI	s1_13FUtMjCMul6NuRVuzYLSglUxnapA7plz5bkZTOxh5Y	1unPnR	qadv-arbiter-7x7-rust-lambda-v0.1.0	-	qadv-arbiter-7x7-rust-lambda-v0.1.0	-	L	P	196
g1_BsKmoLoZwLERmJWb5PRNArRpfzgvv6-H0vEe-X86hWI	s1_CPIjLgns8c8M7A53NmU_4XqDFHbgaD3HpWwIR0HsGPo	1unPnR	qadv-arbiter-7x7-rust-lambda-v0.1.0	-	qadv-arbiter-7x7-rust-lambda-v0.1.0	-	L	P	196
g1_BsKmoLoZwLERmJWb5PRNArRpfzgvv6-H0vEe-X86hWI	s1_Ju3DkO8hXp8IfdQdSd47PYMqdnr4kd9Yq3trt9L-dUY	1unPnR	qadv-arbiter-7x7-rust-lambda-v0.1.0	-	qadv-arbiter-7x7-rust-lambda-v0.1.0	-	L	P	196
g1_BsKmoLoZwLERmJWb5PRNArRpfzgvv6-H0vEe-X86hWI	s1_RauLaTi4eVgYHSp2TV9pqs9uzTVv0B10g9TaHMWpcZ4	1unPnR	qadv-arbiter-7x7-rust-lambda-v0.1.0	-	qadv-arbiter-7x7-rust-lambda-v0.1.0	-	L	P	-
g1_BsQA0QuhweLErTNQHE7ZcKHE2CyeTQQ6UFbq9XGIjjw	s1_1av6nXQkq-GSHXfjkVlGHGpAq8F9UbW4JwZmyFA-vww	1umvPB	lunatic-v0.1.0	-	coin-flip-v0.0.1	-	L	P	196
g1_BsQA0QuhweLErTNQHE7ZcKHE2CyeTQQ6UFbq9XGIjjw	s1_Brk0hkuJoH-MBjdd53AO5tlWcOgDWV_R0PO74fHGd_0	1umvPB	lunatic-v0.1.0	-	coin-flip-v0.0.1	-	L	P	196
g1_BsQA0QuhweLErTNQHE7ZcKHE2CyeTQQ6UFbq9XGIjjw	s1_QzXKB60HvV5g6-cJIu-NdpeFb1rCgFAJD1cxfdkoMm0	1umvPB	lunatic-v0.1.0	-	coin-flip-v0.0.1	-	L	P	196
g1_BseoS0yALgQXq3tJNiql5JQSNjBf7z7ilYiJNHZiEQo	s1_LaMybzgr2k1FKYJjLZPy0c8bunULAwNMSXUTIccR6mM	1unN_n	qadv-arbiter-7x7-rust-lambda-v0.1.0	-	qadv-arbiter-7x7-rust-lambda-v0.1.0	-	D	P	196
g1_BseoS0yALgQXq3tJNiql5JQSNjBf7z7ilYiJNHZiEQo	s1_MlHzbSWnzdpAvw5lRvf8BnCpuzb5LAuht4N0zya0Tcc	1unN_n	qadv-arbiter-7x7-rust-lambda-v0.1.0	-	qadv-arbiter-7x7-rust-lambda-v0.1.0	-	D	P	196
g1_BseoS0yALgQXq3tJNiql5JQSNjBf7z7ilYiJNHZiEQo	s1_PD0KfeoBYxXSj6TelOGSeGKP1AFIkxLxFIfTwWSZQes	1unN_n	qadv-arbiter-7x7-rust-lambda-v0.1.0	-	qadv-arbiter-7x7-rust-lambda-v0.1.0	-	D	P	196
g1_BseoS0yALgQXq3tJNiql5JQSNjBf7z7ilYiJNHZiEQo	s1_RauLaTi4eVgYHSp2TV9pqs9uzTVv0B10g9TaHMWpcZ4	1unN_n	qadv-arbiter-7x7-rust-lambda-v0.1.0	-	qadv-arbiter-7x7-rust-lambda-v0.1.0	-	D	P	-
g1_BstYI24rAgD6JdQycWgEC5TsAEPi15W_xBAzki03NrA	s1_RauLaTi4eVgYHSp2TV9pqs9uzTVv0B10g9TaHMWpcZ4	1unMay	qadv-arbiter-7x7-rust-lambda-v0.1.0	-	qadv-arbiter-7x7-rust-lambda-v0.1.0	-	L	P	-
g1_BstYI24rAgD6JdQycWgEC5TsAEPi15W_xBAzki03NrA	s1_YhbmVCVAFM13aiqGT-s56efuU7bfOIvsTkglDEDkpCI	1unMay	qadv-arbiter-7x7-rust-lambda-v0.1.0	-	qadv-arbiter-7x7-rust-lambda-v0.1.0	-	L	P	196
g1_BstYI24rAgD6JdQycWgEC5TsAEPi15W_xBAzki03NrA	s1___CqQDoRyVRQ3gDKwxvgCjXOPny4XtWWLlmVkwz9fPk	1unMay	qadv-arbiter-7x7-rust-lambda-v0.1.0	-	qadv-arbiter-7x7-rust-lambda-v0.1.0	-	L	P	196
g1_BstYI24rAgD6JdQycWgEC5TsAEPi15W_xBAzki03NrA	s1_nJyhTM2EFmdbmIxY5uOTBMvn-HYrtPcAGxna5eEIA24	1unMay	qadv-arbiter-7x7-rust-lambda-v0.1.0	-	qadv-arbiter-7x7-rust-lambda-v0.1.0	-	L	P	196
g1_Bsu1fHte_V_fN9vACaKMk0ch_K5-uJpqxdbPMiq8GPU	s1_RauLaTi4eVgYHSp2TV9pqs9uzTVv0B10g9TaHMWpcZ4	1unNJW	qadv-arbiter-7x7-rust-lambda-v0.1.0	-	qadv-arbiter-7x7-rust-lambda-v0.1.0	-	D	P	-
g1_Bsu1fHte_V_fN9vACaKMk0ch_K5-uJpqxdbPMiq8GPU	s1_eoRmTq-qsksdmOqvFiTNJZu9E-YCj6dcaYPHfzTUBVg	1unNJW	qadv-arbiter-7x7-rust-lambda-v0.1.0	-	qadv-arbiter-7x7-rust-lambda-v0.1.0	-	D	P	196
g1_Bsu1fHte_V_fN9vACaKMk0ch_K5-uJpqxdbPMiq8GPU	s1_iWvIUkKo67C9bqHrsVRR4nY6WkXJ6K1UTnAnXDayfDI	1unNJW	qadv-arbiter-7x7-rust-lambda-v0.1.0	-	qadv-arbiter-7x7-rust-lambda-v0.1.0	-	D	P	196
g1_Bsu1fHte_V_fN9vACaKMk0ch_K5-uJpqxdbPMiq8GPU	s1_y35S_9Oi7mw0dnF22iJnAU5g14OjF62Yh-cjC9H7ItI	1unNJW	qadv-arbiter-7x7-rust-lambda-v0.1.0	-	qadv-arbiter-7x7-rust-lambda-v0.1.0	-	D	P	196
g1_BsvhTV5dCNufZZ69hPx-nNT841AWjZbIxBjRBJx-_Sg	s1_-OKlJXuPFfAnukwGYITjiU7XKL4OC_qt76PC0TZSPjg	1umvfJ	python-cnn-puct-v0.1.0	sha256:7845e9b7687beee165dc36b8d21833b7a8b5a83e31b58b49bd05c277ba26e642	python-cnn-puct-v0.1.0	sha256:7845e9b7687beee165dc36b8d21833b7a8b5a83e31b58b49bd05c277ba26e642	D	P	196
g1_BsvhTV5dCNufZZ69hPx-nNT841AWjZbIxBjRBJx-_Sg	s1_1av6nXQkq-GSHXfjkVlGHGpAq8F9UbW4JwZmyFA-vww	1umvfJ	python-cnn-puct-v0.1.0	sha256:7845e9b7687beee165dc36b8d21833b7a8b5a83e31b58b49bd05c277ba26e642	python-cnn-puct-v0.1.0	sha256:7845e9b7687beee165dc36b8d21833b7a8b5a83e31b58b49bd05c277ba26e642	D	P	196
g1_BsvhTV5dCNufZZ69hPx-nNT841AWjZbIxBjRBJx-_Sg	s1_Brk0hkuJoH-MBjdd53AO5tlWcOgDWV_R0PO74fHGd_0	1umvfJ	python-cnn-puct-v0.1.0	sha256:7845e9b7687beee165dc36b8d21833b7a8b5a83e31b58b49bd05c277ba26e642	python-cnn-puct-v0.1.0	sha256:7845e9b7687beee165dc36b8d21833b7a8b5a83e31b58b49bd05c277ba26e642	D	P	196
g1_Bt1alcgPc8vTPwgTIjiBSwwHJ_u2zeCcVnf6Sszywqo	s1_1LB6NAgPOeCp4r8rQw4kUOIXWpEdWysFm5RZjWCQSgc	1umwZ3	python-gnn-puct-learner-v0.1.0	sha256:ab0f739cd33d66781faf60e27797c5ccba3c04ba684f8d9e32e9c2754f4e8956	python-gnn-puct-learner-v0.1.0	sha256:ab0f739cd33d66781faf60e27797c5ccba3c04ba684f8d9e32e9c2754f4e8956	L	P	196
g1_Bt1alcgPc8vTPwgTIjiBSwwHJ_u2zeCcVnf6Sszywqo	s1_P4NHYhwuVnEA-dG2X-UVeVotb84A5mwljbYTlTMqr8w	1umwZ3	python-gnn-puct-learner-v0.1.0	sha256:ab0f739cd33d66781faf60e27797c5ccba3c04ba684f8d9e32e9c2754f4e8956	python-gnn-puct-learner-v0.1.0	sha256:ab0f739cd33d66781faf60e27797c5ccba3c04ba684f8d9e32e9c2754f4e8956	L	P	196
g1_Bt4TX37TtJwfKdtfYODL5PieiwX-SW6oAhyy4E19KFc	s1_1av6nXQkq-GSHXfjkVlGHGpAq8F9UbW4JwZmyFA-vww	1umx7w	surveyor-v0.2.0	-	gnn-scout-7x7	sha256:7d34820fd656875b3ac4a0142e8f22179d11b133feb3321d0eb735b2a7abd027	L	P	196
g1_Bt4TX37TtJwfKdtfYODL5PieiwX-SW6oAhyy4E19KFc	s1_Brk0hkuJoH-MBjdd53AO5tlWcOgDWV_R0PO74fHGd_0	1umx7w	surveyor-v0.2.0	-	gnn-scout-7x7	sha256:7d34820fd656875b3ac4a0142e8f22179d11b133feb3321d0eb735b2a7abd027	L	P	196
g1_Bt4TX37TtJwfKdtfYODL5PieiwX-SW6oAhyy4E19KFc	s1_dcEgf_s_8JfAgzbYFm9Z15BWrFU6bsc6MzE1gZNvlP4	1umx7w	surveyor-v0.2.0	-	gnn-scout-7x7	sha256:7d34820fd656875b3ac4a0142e8f22179d11b133feb3321d0eb735b2a7abd027	L	P	196
g1_Bt8PtuZxG5ItLf8TjtiBIcdH0tKXvq28M5yuOTDL044	s1_1iC6vcgSl-phHdA-HiTAOwjHoHjZvKgGDqskTth2c08	1unMDT	qadv-arbiter-7x7-rust-lambda-v0.1.0	-	qadv-arbiter-7x7-rust-lambda-v0.1.0	-	D	P	196
g1_Bt8PtuZxG5ItLf8TjtiBIcdH0tKXvq28M5yuOTDL044	s1_51wmsH5PFSqDqHM-DEDW-L-wFysEIUmpjFpEgDeRnL4	1unMDT	qadv-arbiter-7x7-rust-lambda-v0.1.0	-	qadv-arbiter-7x7-rust-lambda-v0.1.0	-	D	P	196
g1_Bt8PtuZxG5ItLf8TjtiBIcdH0tKXvq28M5yuOTDL044	s1_JeCvpyYJqRGPlYabUIZDH6anFgSuRs9tPk0SraFM78c	1unMDT	qadv-arbiter-7x7-rust-lambda-v0.1.0	-	qadv-arbiter-7x7-rust-lambda-v0.1.0	-	D	P	196
g1_Bt8PtuZxG5ItLf8TjtiBIcdH0tKXvq28M5yuOTDL044	s1_RauLaTi4eVgYHSp2TV9pqs9uzTVv0B10g9TaHMWpcZ4	1unMDT	qadv-arbiter-7x7-rust-lambda-v0.1.0	-	qadv-arbiter-7x7-rust-lambda-v0.1.0	-	D	P	-
g1_BtAJ3GxpK9PXxwJzLntBGVnoAsMk0EOI1OySHA6Go2k	s1_-OKlJXuPFfAnukwGYITjiU7XKL4OC_qt76PC0TZSPjg	1umvaX	python-cnn-puct-v0.1.0	sha256:7845e9b7687beee165dc36b8d21833b7a8b5a83e31b58b49bd05c277ba26e642	python-cnn-puct-v0.1.0	sha256:7845e9b7687beee165dc36b8d21833b7a8b5a83e31b58b49bd05c277ba26e642	-	M	196
g1_BtAJ3GxpK9PXxwJzLntBGVnoAsMk0EOI1OySHA6Go2k	s1_1av6nXQkq-GSHXfjkVlGHGpAq8F9UbW4JwZmyFA-vww	1umvaX	python-cnn-puct-v0.1.0	sha256:7845e9b7687beee165dc36b8d21833b7a8b5a83e31b58b49bd05c277ba26e642	python-cnn-puct-v0.1.0	sha256:7845e9b7687beee165dc36b8d21833b7a8b5a83e31b58b49bd05c277ba26e642	-	M	196
g1_BtAJ3GxpK9PXxwJzLntBGVnoAsMk0EOI1OySHA6Go2k	s1_mWPTef6xYbijjPhDIC6QgLRmu2mMSJAokNlIkx3vg54	1umvaX	python-cnn-puct-v0.1.0	sha256:7845e9b7687beee165dc36b8d21833b7a8b5a83e31b58b49bd05c277ba26e642	python-cnn-puct-v0.1.0	sha256:7845e9b7687beee165dc36b8d21833b7a8b5a83e31b58b49bd05c277ba26e642	-	M	196
g1_BtB8IY-SNjYUPkvw2zTLUjpNSYJwOjwtJ0dL05Utk9Y	s1_flXyOBW6T9LLVDFIvXBGel1MoVNZcUcMFIJnB9yLapU	1umx6z	python-gnn-puct-reval30k-v0.1.0	sha256:6120be86fc469df71473c3de64e5e32f99694cd47d621fa5948f243dc51d3d21	python-gnn-puct-reval30k-v0.1.0	sha256:6120be86fc469df71473c3de64e5e32f99694cd47d621fa5948f243dc51d3d21	D	P	196
g1_BtGuo2EkKXhGXpvUhEyMOHDdnST9IHYbJpv-PVwtPHY	s1_RauLaTi4eVgYHSp2TV9pqs9uzTVv0B10g9TaHMWpcZ4	1unMn3	qadv-arbiter-7x7-rust-lambda-v0.1.0	-	qadv-arbiter-7x7-rust-lambda-v0.1.0	-	L	P	-
g1_BtGuo2EkKXhGXpvUhEyMOHDdnST9IHYbJpv-PVwtPHY	s1_gvX4NMXkf6Kt6VDfeKgTRwvlrUb9a4pGCKcJ1UgA2qY	1unMn3	qadv-arbiter-7x7-rust-lambda-v0.1.0	-	qadv-arbiter-7x7-rust-lambda-v0.1.0	-	L	P	196
g1_BtGuo2EkKXhGXpvUhEyMOHDdnST9IHYbJpv-PVwtPHY	s1_l9OUX3tYeGKGOBFcuvhnFtoGRrbj6M9g_CAphKmtprQ	1unMn3	qadv-arbiter-7x7-rust-lambda-v0.1.0	-	qadv-arbiter-7x7-rust-lambda-v0.1.0	-	L	P	196
g1_BtGuo2EkKXhGXpvUhEyMOHDdnST9IHYbJpv-PVwtPHY	s1_wsKa1iBdHkAihCpjYpaD2Y6XtnMU5kCTCUNEuIIm7s8	1unMn3	qadv-arbiter-7x7-rust-lambda-v0.1.0	-	qadv-arbiter-7x7-rust-lambda-v0.1.0	-	L	P	196
g1_BtHS8flEHxXe4hsJrNG60ATeXAHN5-Zu8Uh84AoS-d0	s1_RauLaTi4eVgYHSp2TV9pqs9uzTVv0B10g9TaHMWpcZ4	1unPiZ	qadv-arbiter-7x7-rust-lambda-v0.1.0	-	qadv-arbiter-7x7-rust-lambda-v0.1.0	-	L	P	-
g1_BtHS8flEHxXe4hsJrNG60ATeXAHN5-Zu8Uh84AoS-d0	s1__g-ys2j_-0HT-xg3zoUpFdQok2D2W3e9kqQqpu0CEsw	1unPiZ	qadv-arbiter-7x7-rust-lambda-v0.1.0	-	qadv-arbiter-7x7-rust-lambda-v0.1.0	-	L	P	196
g1_BtHS8flEHxXe4hsJrNG60ATeXAHN5-Zu8Uh84AoS-d0	s1_tEC7-6uP7HvDcb47IB8XvK5FpChf1O0c1N8Hmi2LTls	1unPiZ	qadv-arbiter-7x7-rust-lambda-v0.1.0	-	qadv-arbiter-7x7-rust-lambda-v0.1.0	-	L	P	196
g1_BtHS8flEHxXe4hsJrNG60ATeXAHN5-Zu8Uh84AoS-d0	s1_v79368tslgOYJ48tWkmtFrO17zt4DSlvgiM-sJMYzyw	1unPiZ	qadv-arbiter-7x7-rust-lambda-v0.1.0	-	qadv-arbiter-7x7-rust-lambda-v0.1.0	-	L	P	196
g1_BtJbYTaC00nVtHRQlvqVh6jJzF_hvEb4xCeTMmDI9qU	s1_7FIu85-v_e-kbNsQ2UNk3yRt-KGcLyUjpmVwIc9cnfM	1umwBP	python-gnn-puct-scout-v0.1.0	sha256:b9f80706cc1f29076ee06fe06483697c749148a808c599579045d00a52573938	python-gnn-puct-scout-v0.1.0	sha256:b9f80706cc1f29076ee06fe06483697c749148a808c599579045d00a52573938	L	P	196
g1_BtJbYTaC00nVtHRQlvqVh6jJzF_hvEb4xCeTMmDI9qU	s1_S8AGNBNcWBvWiwIo-AOAHPoHuZo2XvcsYvhgQxGTkrY	1umwBP	python-gnn-puct-scout-v0.1.0	sha256:b9f80706cc1f29076ee06fe06483697c749148a808c599579045d00a52573938	python-gnn-puct-scout-v0.1.0	sha256:b9f80706cc1f29076ee06fe06483697c749148a808c599579045d00a52573938	L	P	196
g1_BtKWiEJC_exD82F3cF0puUmV-p3FumSe1hoadwM5cqo	s1_6PxtazPxkizz7K9QTWPSCIopEV5n0zpHoq3F52yO_6U	1umwrH	python-cnn-puct-v0.1.0	sha256:7845e9b7687beee165dc36b8d21833b7a8b5a83e31b58b49bd05c277ba26e642	python-cnn-puct-v0.1.0	sha256:7845e9b7687beee165dc36b8d21833b7a8b5a83e31b58b49bd05c277ba26e642	L	P	196
g1_BtKWiEJC_exD82F3cF0puUmV-p3FumSe1hoadwM5cqo	s1_baRgKA_wMXdl0r4AwdkUfhWC04qxd1MvEGXAQaDd4fo	1umwrH	python-cnn-puct-v0.1.0	sha256:7845e9b7687beee165dc36b8d21833b7a8b5a83e31b58b49bd05c277ba26e642	python-cnn-puct-v0.1.0	sha256:7845e9b7687beee165dc36b8d21833b7a8b5a83e31b58b49bd05c277ba26e642	L	P	196
g1_BtKmFJr3KL_bpFzAb0eeMOL3zWOsmYWx0sZ_FagRBbk	s1_-OKlJXuPFfAnukwGYITjiU7XKL4OC_qt76PC0TZSPjg	1umviu	python-cnn-puct-v0.1.0	sha256:7845e9b7687beee165dc36b8d21833b7a8b5a83e31b58b49bd05c277ba26e642	python-cnn-puct-v0.1.0	sha256:7845e9b7687beee165dc36b8d21833b7a8b5a83e31b58b49bd05c277ba26e642	-	M	196
g1_BtKmFJr3KL_bpFzAb0eeMOL3zWOsmYWx0sZ_FagRBbk	s1_1av6nXQkq-GSHXfjkVlGHGpAq8F9UbW4JwZmyFA-vww	1umviu	python-cnn-puct-v0.1.0	sha256:7845e9b7687beee165dc36b8d21833b7a8b5a83e31b58b49bd05c277ba26e642	python-cnn-puct-v0.1.0	sha256:7845e9b7687beee165dc36b8d21833b7a8b5a83e31b58b49bd05c277ba26e642	-	M	196
g1_BtKmFJr3KL_bpFzAb0eeMOL3zWOsmYWx0sZ_FagRBbk	s1_Brk0hkuJoH-MBjdd53AO5tlWcOgDWV_R0PO74fHGd_0	1umviu	python-cnn-puct-v0.1.0	sha256:7845e9b7687beee165dc36b8d21833b7a8b5a83e31b58b49bd05c277ba26e642	python-cnn-puct-v0.1.0	sha256:7845e9b7687beee165dc36b8d21833b7a8b5a83e31b58b49bd05c277ba26e642	-	M	196
g1_BtOzygUTCwVWJN8RHxvN30_VAgo-G18FJ0PdeHV1UcY	s1_RauLaTi4eVgYHSp2TV9pqs9uzTVv0B10g9TaHMWpcZ4	1unO8C	qadv-arbiter-7x7-rust-lambda-v0.1.0	-	qadv-arbiter-7x7-rust-lambda-v0.1.0	-	D	P	-
g1_BtOzygUTCwVWJN8RHxvN30_VAgo-G18FJ0PdeHV1UcY	s1_UR3x5eN_Sb6oJs-FyhK6bo2MVEUdoddt0CHrGSoAFU0	1unO8C	qadv-arbiter-7x7-rust-lambda-v0.1.0	-	qadv-arbiter-7x7-rust-lambda-v0.1.0	-	D	P	196
g1_BtOzygUTCwVWJN8RHxvN30_VAgo-G18FJ0PdeHV1UcY	s1_l5Jmfqdv_dHDe0sCJMohPLoPAA9JdEKabRa69XcMGqk	1unO8C	qadv-arbiter-7x7-rust-lambda-v0.1.0	-	qadv-arbiter-7x7-rust-lambda-v0.1.0	-	D	P	196
g1_BtOzygUTCwVWJN8RHxvN30_VAgo-G18FJ0PdeHV1UcY	s1_oqxIN1Zv34Q55g4Qdy_Srxe3s_M_hF5RIPoIM7VjTBE	1unO8C	qadv-arbiter-7x7-rust-lambda-v0.1.0	-	qadv-arbiter-7x7-rust-lambda-v0.1.0	-	D	P	196
g1_BtQ4f8p_a5BrmL4rsDpa6Gi9q8klmKTln4Tiz3sXRdY	s1_EbeH0EAoq5JBRLOjRWHukcJUwXkdLNSaCxjIEw9n_kM	1unL_F	qadv-arbiter-7x7-rust-lambda-v0.1.0	-	qadv-arbiter-7x7-rust-lambda-v0.1.0	-	L	P	196
g1_BtQ4f8p_a5BrmL4rsDpa6Gi9q8klmKTln4Tiz3sXRdY	s1_RauLaTi4eVgYHSp2TV9pqs9uzTVv0B10g9TaHMWpcZ4	1unL_F	qadv-arbiter-7x7-rust-lambda-v0.1.0	-	qadv-arbiter-7x7-rust-lambda-v0.1.0	-	L	P	-
g1_BtQ4f8p_a5BrmL4rsDpa6Gi9q8klmKTln4Tiz3sXRdY	s1_aQx18uB3RMSwrud0eCD1dZ-yIS-8ByqMLwA37DniNAc	1unL_F	qadv-arbiter-7x7-rust-lambda-v0.1.0	-	qadv-arbiter-7x7-rust-lambda-v0.1.0	-	L	P	196
g1_BtQ4f8p_a5BrmL4rsDpa6Gi9q8klmKTln4Tiz3sXRdY	s1_qu9v6Glwn0-tiuV79ecl4CK6vDWw_7X6PSbgEpy7meg	1unL_F	qadv-arbiter-7x7-rust-lambda-v0.1.0	-	qadv-arbiter-7x7-rust-lambda-v0.1.0	-	L	P	196
g1_BtRJWSF8MG3F1UBrKdsFmlSTMESmoL-SLtiGC4-nwYc	s1_1av6nXQkq-GSHXfjkVlGHGpAq8F9UbW4JwZmyFA-vww	1DIYG	python-gnn-puct-v0.1.0	sha256:6f9ad6e4a0993da3cf34a8549e86f9b5d512c51e11bfa76dfe051e7a8801bdac	python-gnn-puct-v0.1.0	sha256:6f9ad6e4a0993da3cf34a8549e86f9b5d512c51e11bfa76dfe051e7a8801bdac	L	P	196
g1_BtRJWSF8MG3F1UBrKdsFmlSTMESmoL-SLtiGC4-nwYc	s1_Brk0hkuJoH-MBjdd53AO5tlWcOgDWV_R0PO74fHGd_0	1DIYG	python-gnn-puct-v0.1.0	sha256:6f9ad6e4a0993da3cf34a8549e86f9b5d512c51e11bfa76dfe051e7a8801bdac	python-gnn-puct-v0.1.0	sha256:6f9ad6e4a0993da3cf34a8549e86f9b5d512c51e11bfa76dfe051e7a8801bdac	L	P	196
g1_BtRJWSF8MG3F1UBrKdsFmlSTMESmoL-SLtiGC4-nwYc	s1_KmF8KhDbubz6lwdS8R_n_yTGdSONmH9B1wUABbyCj94	1DIYG	python-gnn-puct-v0.1.0	sha256:6f9ad6e4a0993da3cf34a8549e86f9b5d512c51e11bfa76dfe051e7a8801bdac	python-gnn-puct-v0.1.0	sha256:6f9ad6e4a0993da3cf34a8549e86f9b5d512c51e11bfa76dfe051e7a8801bdac	L	P	196
g1_BtRJWSF8MG3F1UBrKdsFmlSTMESmoL-SLtiGC4-nwYc	s1_g5pGkHBMEhzAYvwFY0b24sSc7wC9JfnWApMHHZ_aMPI	1DIYG	python-gnn-puct-v0.1.0	sha256:6f9ad6e4a0993da3cf34a8549e86f9b5d512c51e11bfa76dfe051e7a8801bdac	python-gnn-puct-v0.1.0	sha256:6f9ad6e4a0993da3cf34a8549e86f9b5d512c51e11bfa76dfe051e7a8801bdac	L	P	196
g1_BtRJWSF8MG3F1UBrKdsFmlSTMESmoL-SLtiGC4-nwYc	s1_tol_POp6BcgBLMWq8iDfRBQSAXpESHxFwmcCQYXv0yQ	1DIYG	python-gnn-puct-v0.1.0	sha256:6f9ad6e4a0993da3cf34a8549e86f9b5d512c51e11bfa76dfe051e7a8801bdac	python-gnn-puct-v0.1.0	sha256:6f9ad6e4a0993da3cf34a8549e86f9b5d512c51e11bfa76dfe051e7a8801bdac	L	P	196
g1_BtT4lG-KsXL8lwx24NJblvnRFS0gSo2cQvICmdxSHRw	s1_DnhbuRAVkLWoktFylzbng_IboGlSznzifVbR82Jmr9o	1unL-x	qadv-arbiter-7x7-rust-lambda-v0.1.0	-	qadv-arbiter-7x7-rust-lambda-v0.1.0	-	D	P	196
g1_BtT4lG-KsXL8lwx24NJblvnRFS0gSo2cQvICmdxSHRw	s1_FHzOaCzAQCB02A2BsB1YadT62i-CMPGlYFXYDHI7KiU	1unL-x	qadv-arbiter-7x7-rust-lambda-v0.1.0	-	qadv-arbiter-7x7-rust-lambda-v0.1.0	-	D	P	196
g1_BtT4lG-KsXL8lwx24NJblvnRFS0gSo2cQvICmdxSHRw	s1_M1hNf6OHGdWuwIBveskCpQix4UK0R4p14VelCE5s8-E	1unL-x	qadv-arbiter-7x7-rust-lambda-v0.1.0	-	qadv-arbiter-7x7-rust-lambda-v0.1.0	-	D	P	196
g1_BtT4lG-KsXL8lwx24NJblvnRFS0gSo2cQvICmdxSHRw	s1_RauLaTi4eVgYHSp2TV9pqs9uzTVv0B10g9TaHMWpcZ4	1unL-x	qadv-arbiter-7x7-rust-lambda-v0.1.0	-	qadv-arbiter-7x7-rust-lambda-v0.1.0	-	D	P	-
g1_BtTqPj9TzXn-zXoWhoAJC8HMOPPqTE-cCQsxOmzfVHc	s1_flXyOBW6T9LLVDFIvXBGel1MoVNZcUcMFIJnB9yLapU	1umxDJ	python-gnn-puct-reval30k-v0.1.0	sha256:6120be86fc469df71473c3de64e5e32f99694cd47d621fa5948f243dc51d3d21	python-gnn-puct-reval30k-v0.1.0	sha256:6120be86fc469df71473c3de64e5e32f99694cd47d621fa5948f243dc51d3d21	L	P	196
g1_BtU_ZsU90lbdXgh0CSykHOGhI3gVZOVdEzwDcre1Qs4	s1_BzCPuMOXh4pL84DnfKbqSXZynAHZfZDv72uO0tNxZ8Y	1unOP-	qadv-arbiter-7x7-rust-lambda-v0.1.0	-	qadv-arbiter-7x7-rust-lambda-v0.1.0	-	L	P	196
g1_BtU_ZsU90lbdXgh0CSykHOGhI3gVZOVdEzwDcre1Qs4	s1_IrjHtUfW7ZySvmI3HxqUaTEKfUOpzwrdMMhISp4ZjhQ	1unOP-	qadv-arbiter-7x7-rust-lambda-v0.1.0	-	qadv-arbiter-7x7-rust-lambda-v0.1.0	-	L	P	196
g1_BtU_ZsU90lbdXgh0CSykHOGhI3gVZOVdEzwDcre1Qs4	s1_RauLaTi4eVgYHSp2TV9pqs9uzTVv0B10g9TaHMWpcZ4	1unOP-	qadv-arbiter-7x7-rust-lambda-v0.1.0	-	qadv-arbiter-7x7-rust-lambda-v0.1.0	-	L	P	-
g1_BtU_ZsU90lbdXgh0CSykHOGhI3gVZOVdEzwDcre1Qs4	s1_VMP1vNt69EnX1AGE0g7l8SNvDEL3D7OD76i2OHe9zoE	1unOP-	qadv-arbiter-7x7-rust-lambda-v0.1.0	-	qadv-arbiter-7x7-rust-lambda-v0.1.0	-	L	P	196
g1_BtdLXO-OnyxUZiLOYkEXNFvDdNK3bLA76fOZ-_UmEC0	s1_Hz4FnBkGmuoULQSE_ioJ6eYsQy-QC21AZLhyc_CUNk0	1unPnE	qadv-arbiter-7x7-rust-lambda-v0.1.0	-	qadv-arbiter-7x7-rust-lambda-v0.1.0	-	L	P	196
g1_BtdLXO-OnyxUZiLOYkEXNFvDdNK3bLA76fOZ-_UmEC0	s1_RauLaTi4eVgYHSp2TV9pqs9uzTVv0B10g9TaHMWpcZ4	1unPnE	qadv-arbiter-7x7-rust-lambda-v0.1.0	-	qadv-arbiter-7x7-rust-lambda-v0.1.0	-	L	P	-
g1_BtdLXO-OnyxUZiLOYkEXNFvDdNK3bLA76fOZ-_UmEC0	s1_SLzs-bmgpkJP45VUjW0Xc-vznn-4gkNDqxpMe_TYYug	1unPnE	qadv-arbiter-7x7-rust-lambda-v0.1.0	-	qadv-arbiter-7x7-rust-lambda-v0.1.0	-	L	P	196
g1_BtdLXO-OnyxUZiLOYkEXNFvDdNK3bLA76fOZ-_UmEC0	s1_ag2GM5CQAJ28sNT9ibDYLVb7A2akbiZXe9VDiq3nA9o	1unPnE	qadv-arbiter-7x7-rust-lambda-v0.1.0	-	qadv-arbiter-7x7-rust-lambda-v0.1.0	-	L	P	196
g1_BtiHof_OmM28sUJHB6fhsvHABUdKa51-3MelAHalclA	s1_LWEl0LLwvLDbsh4GRN8atGpNW-a5kDRltblo-noLsJ4	1unPRY	qadv-arbiter-7x7-rust-lambda-v0.1.0	-	qadv-arbiter-7x7-rust-lambda-v0.1.0	-	D	P	196
g1_BtiHof_OmM28sUJHB6fhsvHABUdKa51-3MelAHalclA	s1_RauLaTi4eVgYHSp2TV9pqs9uzTVv0B10g9TaHMWpcZ4	1unPRY	qadv-arbiter-7x7-rust-lambda-v0.1.0	-	qadv-arbiter-7x7-rust-lambda-v0.1.0	-	D	P	-
g1_BtiHof_OmM28sUJHB6fhsvHABUdKa51-3MelAHalclA	s1_q-IX2GseWuWorebHzG_jk8U5TVHJAUSXdRVE8F5wBoo	1unPRY	qadv-arbiter-7x7-rust-lambda-v0.1.0	-	qadv-arbiter-7x7-rust-lambda-v0.1.0	-	D	P	196
g1_BtiHof_OmM28sUJHB6fhsvHABUdKa51-3MelAHalclA	s1_x9I6CwAyl-wUjJL4VlMVPsgAJPCP8iyhWeO-N9-c3aY	1unPRY	qadv-arbiter-7x7-rust-lambda-v0.1.0	-	qadv-arbiter-7x7-rust-lambda-v0.1.0	-	D	P	196
g1_BtoZdkPjoeKoikroJ4aHfyZMmY8DKnYWg07iyykf1hQ	s1_RauLaTi4eVgYHSp2TV9pqs9uzTVv0B10g9TaHMWpcZ4	1unOI_	qadv-arbiter-7x7-rust-lambda-v0.1.0	-	qadv-arbiter-7x7-rust-lambda-v0.1.0	-	L	P	-
g1_BtoZdkPjoeKoikroJ4aHfyZMmY8DKnYWg07iyykf1hQ	s1_dcSY7eFDdgmaSsV_rBE6Nv5CK6FA5XGD7yg1P36a4zc	1unOI_	qadv-arbiter-7x7-rust-lambda-v0.1.0	-	qadv-arbiter-7x7-rust-lambda-v0.1.0	-	L	P	196
g1_BtoZdkPjoeKoikroJ4aHfyZMmY8DKnYWg07iyykf1hQ	s1_iWoeP0uovO5iLHEA--rK2Uv9_r7fJJ59HYjvDmZH3q0	1unOI_	qadv-arbiter-7x7-rust-lambda-v0.1.0	-	qadv-arbiter-7x7-rust-lambda-v0.1.0	-	L	P	196
g1_BtoZdkPjoeKoikroJ4aHfyZMmY8DKnYWg07iyykf1hQ	s1_n2dt6JcLQ7avRwEl0VmU-0tYMgpV0i70dY-y4Fg3czU	1unOI_	qadv-arbiter-7x7-rust-lambda-v0.1.0	-	qadv-arbiter-7x7-rust-lambda-v0.1.0	-	L	P	196
g1_BtqYyFd0qA1Bpvu8F4H2_zThzlx9RVKBqsOmMFsfjK8	s1_1av6nXQkq-GSHXfjkVlGHGpAq8F9UbW4JwZmyFA-vww	1DIeZ	lunatic-v0.1.0	-	rust-pathfinder-v0.1.0	-	D	P	-
g1_BtqYyFd0qA1Bpvu8F4H2_zThzlx9RVKBqsOmMFsfjK8	s1_9Eroywf7tuDrn-hcfZPjlEa1DSRUykCRn9Z11u8ySIo	1DIeZ	lunatic-v0.1.0	-	rust-pathfinder-v0.1.0	-	D	P	-
g1_BtqYyFd0qA1Bpvu8F4H2_zThzlx9RVKBqsOmMFsfjK8	s1_MKrI0a3Qd48rU7oZj28GrlQ3cHhIbUzS5ibiIW9aKy4	1DIeZ	lunatic-v0.1.0	-	rust-pathfinder-v0.1.0	-	D	P	-
g1_BtqYyFd0qA1Bpvu8F4H2_zThzlx9RVKBqsOmMFsfjK8	s1_XloMUS0hxYEXf762lcPfaudsLmsH-CsOVZNVVU_obcA	1DIeZ	lunatic-v0.1.0	-	rust-pathfinder-v0.1.0	-	D	P	-
g1_BtqYyFd0qA1Bpvu8F4H2_zThzlx9RVKBqsOmMFsfjK8	s1_del54SUFELBov5vQFrhsVexn6D9EhUPDFZpXuqC6eCI	1DIeZ	lunatic-v0.1.0	-	rust-pathfinder-v0.1.0	-	D	P	-
g1_BtqYyFd0qA1Bpvu8F4H2_zThzlx9RVKBqsOmMFsfjK8	s1_g5pGkHBMEhzAYvwFY0b24sSc7wC9JfnWApMHHZ_aMPI	1DIeZ	lunatic-v0.1.0	-	rust-pathfinder-v0.1.0	-	D	P	-
g1_BtqYyFd0qA1Bpvu8F4H2_zThzlx9RVKBqsOmMFsfjK8	s1_mWPTef6xYbijjPhDIC6QgLRmu2mMSJAokNlIkx3vg54	1DIeZ	lunatic-v0.1.0	-	rust-pathfinder-v0.1.0	-	D	P	-
g1_BtsuEUUhxxOLATsfwg9icj4U4c0Q6xwNkfp2UGPKRys	s1_3xhZ-Kuu2Ga4qnQ0ti4jxepuVZ1wxeVXd5VH1hew5as	1unOhG	qadv-arbiter-7x7-rust-lambda-v0.1.0	-	qadv-arbiter-7x7-rust-lambda-v0.1.0	-	L	P	196
g1_BtsuEUUhxxOLATsfwg9icj4U4c0Q6xwNkfp2UGPKRys	s1_IFPoz34clbXNfYny3be1VwVl8X6VzRTxG0hIDqGDadw	1unOhG	qadv-arbiter-7x7-rust-lambda-v0.1.0	-	qadv-arbiter-7x7-rust-lambda-v0.1.0	-	L	P	196
g1_BtsuEUUhxxOLATsfwg9icj4U4c0Q6xwNkfp2UGPKRys	s1_RauLaTi4eVgYHSp2TV9pqs9uzTVv0B10g9TaHMWpcZ4	1unOhG	qadv-arbiter-7x7-rust-lambda-v0.1.0	-	qadv-arbiter-7x7-rust-lambda-v0.1.0	-	L	P	-
g1_BtsuEUUhxxOLATsfwg9icj4U4c0Q6xwNkfp2UGPKRys	s1_hkfKlMN3r7hZQCwXkUoY96UjYp2wPTY7OgwIBJmz9Fk	1unOhG	qadv-arbiter-7x7-rust-lambda-v0.1.0	-	qadv-arbiter-7x7-rust-lambda-v0.1.0	-	L	P	196
g1_Bty0VUOd7MEyU3YdCpuS9irMLZ38tweXoJiFcpTtDqU	s1_4gvtd7VAxkmcswh4EjpZOtcvkIhu_RPfU4Dx59jGUJE	1unPnw	qadv-arbiter-7x7-rust-lambda-v0.1.0	-	qadv-arbiter-7x7-rust-lambda-v0.1.0	-	L	P	196
g1_Bty0VUOd7MEyU3YdCpuS9irMLZ38tweXoJiFcpTtDqU	s1_O2yhU88iwn9Bg7onI1uZ_-7KkF4XN6o0KNI4EUHWr-s	1unPnw	qadv-arbiter-7x7-rust-lambda-v0.1.0	-	qadv-arbiter-7x7-rust-lambda-v0.1.0	-	L	P	196
g1_Bty0VUOd7MEyU3YdCpuS9irMLZ38tweXoJiFcpTtDqU	s1_RKRODWd04SC4XMDDWTGy9pfDxae2EH8tTGLwAbjgAwE	1unPnw	qadv-arbiter-7x7-rust-lambda-v0.1.0	-	qadv-arbiter-7x7-rust-lambda-v0.1.0	-	L	P	196
g1_Bty0VUOd7MEyU3YdCpuS9irMLZ38tweXoJiFcpTtDqU	s1_RauLaTi4eVgYHSp2TV9pqs9uzTVv0B10g9TaHMWpcZ4	1unPnw	qadv-arbiter-7x7-rust-lambda-v0.1.0	-	qadv-arbiter-7x7-rust-lambda-v0.1.0	-	L	P	-
g1_BtzTwLuPtOkIP_D15_3W17TxdZEDPz-9v_NyIKxzhXE	s1_RauLaTi4eVgYHSp2TV9pqs9uzTVv0B10g9TaHMWpcZ4	1unOUL	qadv-arbiter-7x7-rust-lambda-v0.1.0	-	qadv-arbiter-7x7-rust-lambda-v0.1.0	-	L	P	-
g1_BtzTwLuPtOkIP_D15_3W17TxdZEDPz-9v_NyIKxzhXE	s1_VnfATPXvElUwuZe0bZusFPATq7v4N97g5mXeKShLyy4	1unOUL	qadv-arbiter-7x7-rust-lambda-v0.1.0	-	qadv-arbiter-7x7-rust-lambda-v0.1.0	-	L	P	196
g1_BtzTwLuPtOkIP_D15_3W17TxdZEDPz-9v_NyIKxzhXE	s1__UUib3Jfb5xcrF5FekOPUKT_W_4UtIqiuU3_NxaItxY	1unOUL	qadv-arbiter-7x7-rust-lambda-v0.1.0	-	qadv-arbiter-7x7-rust-lambda-v0.1.0	-	L	P	196
g1_BtzTwLuPtOkIP_D15_3W17TxdZEDPz-9v_NyIKxzhXE	s1_xUTJ6bNmSBCCDTNhR_dPS5tUe2cWY8kSmirYctpcrzQ	1unOUL	qadv-arbiter-7x7-rust-lambda-v0.1.0	-	qadv-arbiter-7x7-rust-lambda-v0.1.0	-	L	P	196
g1_Bu7gkEOZLLr6WI-qaiDbpCs1qyAzZ74NhicWInAKcUU	s1_1LB6NAgPOeCp4r8rQw4kUOIXWpEdWysFm5RZjWCQSgc	1umwSv	python-gnn-puct-learner-v0.1.0	sha256:ab0f739cd33d66781faf60e27797c5ccba3c04ba684f8d9e32e9c2754f4e8956	python-gnn-puct-learner-v0.1.0	sha256:ab0f739cd33d66781faf60e27797c5ccba3c04ba684f8d9e32e9c2754f4e8956	L	P	196
g1_Bu7gkEOZLLr6WI-qaiDbpCs1qyAzZ74NhicWInAKcUU	s1_P4NHYhwuVnEA-dG2X-UVeVotb84A5mwljbYTlTMqr8w	1umwSv	python-gnn-puct-learner-v0.1.0	sha256:ab0f739cd33d66781faf60e27797c5ccba3c04ba684f8d9e32e9c2754f4e8956	python-gnn-puct-learner-v0.1.0	sha256:ab0f739cd33d66781faf60e27797c5ccba3c04ba684f8d9e32e9c2754f4e8956	L	P	196
g1_BuDJ5cf1-AmeTzdN28cFqtDwjMo6q1hTe-Ozv312HRc	s1_LgMmBvWrlg7mo0pF0dXer5o9opDNcTQ-K1yRLMcf7so	1unMvE	qadv-arbiter-7x7-rust-lambda-v0.1.0	-	qadv-arbiter-7x7-rust-lambda-v0.1.0	-	L	P	196
g1_BuDJ5cf1-AmeTzdN28cFqtDwjMo6q1hTe-Ozv312HRc	s1_RauLaTi4eVgYHSp2TV9pqs9uzTVv0B10g9TaHMWpcZ4	1unMvE	qadv-arbiter-7x7-rust-lambda-v0.1.0	-	qadv-arbiter-7x7-rust-lambda-v0.1.0	-	L	P	-
g1_BuDJ5cf1-AmeTzdN28cFqtDwjMo6q1hTe-Ozv312HRc	s1_jwvulKRTLbjp0lvMobgGeJ4q86QIE8ZD1zaXh-KkeiQ	1unMvE	qadv-arbiter-7x7-rust-lambda-v0.1.0	-	qadv-arbiter-7x7-rust-lambda-v0.1.0	-	L	P	196
g1_BuDJ5cf1-AmeTzdN28cFqtDwjMo6q1hTe-Ozv312HRc	s1_t-pvEhm1B-OP3en6mbHMtC4xpkWyWIDIOo6u3tt1Bmw	1unMvE	qadv-arbiter-7x7-rust-lambda-v0.1.0	-	qadv-arbiter-7x7-rust-lambda-v0.1.0	-	L	P	196
g1_BuOgKeWj2Ty_q5tpfm74IpCHIGSgZ4OkRhoPbC9ox0A	s1_0AUOJjPQPZ1MRMfwzS00hiN-u8aJ0dAeHixic-sp0u8	1un6cN	gnn-reval30k-7x7	sha256:7f41dbe135649d1116a0914bc0358a5ffae95749195ec20dd972035bbbea52f7	qadv-arbiter-guided-7x7-v0.2.0	sha256:9c0e5e530df7db77a98f6a2e75fe63a6f629c6ad6563e0b5454793ebc243b14d	L	P	196
g1_BuOgKeWj2Ty_q5tpfm74IpCHIGSgZ4OkRhoPbC9ox0A	s1_O3cuwuia8XT9TI7Nxr3tRcajOA20XFHEIT2fYX3WizY	1un6cN	gnn-reval30k-7x7	sha256:7f41dbe135649d1116a0914bc0358a5ffae95749195ec20dd972035bbbea52f7	qadv-arbiter-guided-7x7-v0.2.0	sha256:9c0e5e530df7db77a98f6a2e75fe63a6f629c6ad6563e0b5454793ebc243b14d	L	P	196
g1_BuOgKeWj2Ty_q5tpfm74IpCHIGSgZ4OkRhoPbC9ox0A	s1_UHtME0K2nHdWZi6cty5g9OSxM3nyUTxwVk5nkZhTkjA	1un6cN	gnn-reval30k-7x7	sha256:7f41dbe135649d1116a0914bc0358a5ffae95749195ec20dd972035bbbea52f7	qadv-arbiter-guided-7x7-v0.2.0	sha256:9c0e5e530df7db77a98f6a2e75fe63a6f629c6ad6563e0b5454793ebc243b14d	L	P	196
g1_BuU16DC_bcsEJ7g4YqAv2szqqMLzK4t8epzmDZD0fvw	s1_-OKlJXuPFfAnukwGYITjiU7XKL4OC_qt76PC0TZSPjg	1umviI	python-cnn-puct-v0.1.0	sha256:7845e9b7687beee165dc36b8d21833b7a8b5a83e31b58b49bd05c277ba26e642	python-cnn-puct-v0.1.0	sha256:7845e9b7687beee165dc36b8d21833b7a8b5a83e31b58b49bd05c277ba26e642	-	M	196
g1_BuU16DC_bcsEJ7g4YqAv2szqqMLzK4t8epzmDZD0fvw	s1_1av6nXQkq-GSHXfjkVlGHGpAq8F9UbW4JwZmyFA-vww	1umviI	python-cnn-puct-v0.1.0	sha256:7845e9b7687beee165dc36b8d21833b7a8b5a83e31b58b49bd05c277ba26e642	python-cnn-puct-v0.1.0	sha256:7845e9b7687beee165dc36b8d21833b7a8b5a83e31b58b49bd05c277ba26e642	-	M	196
g1_BuU16DC_bcsEJ7g4YqAv2szqqMLzK4t8epzmDZD0fvw	s1_mWPTef6xYbijjPhDIC6QgLRmu2mMSJAokNlIkx3vg54	1umviI	python-cnn-puct-v0.1.0	sha256:7845e9b7687beee165dc36b8d21833b7a8b5a83e31b58b49bd05c277ba26e642	python-cnn-puct-v0.1.0	sha256:7845e9b7687beee165dc36b8d21833b7a8b5a83e31b58b49bd05c277ba26e642	-	M	196
g1_BuY20FqhuQeAT8o4KiCrTEBRs8nkfm6WV1HFPWvgq94	s1_2LWISlyOlPXbjVFHxGeeCk4yY4rNB70sh6ffXxFyUiU	1unOLr	qadv-arbiter-7x7-rust-lambda-v0.1.0	-	qadv-arbiter-7x7-rust-lambda-v0.1.0	-	L	P	196
g1_BuY20FqhuQeAT8o4KiCrTEBRs8nkfm6WV1HFPWvgq94	s1_FKY4nV8lJMRnrmfDTTVh9vY28_1U-EbH6tUEXy6y21w	1unOLr	qadv-arbiter-7x7-rust-lambda-v0.1.0	-	qadv-arbiter-7x7-rust-lambda-v0.1.0	-	L	P	196
g1_BuY20FqhuQeAT8o4KiCrTEBRs8nkfm6WV1HFPWvgq94	s1_RauLaTi4eVgYHSp2TV9pqs9uzTVv0B10g9TaHMWpcZ4	1unOLr	qadv-arbiter-7x7-rust-lambda-v0.1.0	-	qadv-arbiter-7x7-rust-lambda-v0.1.0	-	L	P	-
g1_BuY20FqhuQeAT8o4KiCrTEBRs8nkfm6WV1HFPWvgq94	s1_aNqSW5-9O0mNIEZdQ70rP9p4mTYdq_aq5ZqMSyMf4nE	1unOLr	qadv-arbiter-7x7-rust-lambda-v0.1.0	-	qadv-arbiter-7x7-rust-lambda-v0.1.0	-	L	P	196
g1_BupGGymp3fxrQeZuRGfFPaucNpVqjhYDsJkR1i9IYqU	s1_flXyOBW6T9LLVDFIvXBGel1MoVNZcUcMFIJnB9yLapU	1umx7D	python-gnn-puct-reval30k-v0.1.0	sha256:6120be86fc469df71473c3de64e5e32f99694cd47d621fa5948f243dc51d3d21	python-gnn-puct-reval30k-v0.1.0	sha256:6120be86fc469df71473c3de64e5e32f99694cd47d621fa5948f243dc51d3d21	D	P	196
g1_Buv7yPq4LYx1yiAQJC8LGVh1oBhiYDJVN9-siLKRw8M	s1_KdpyUPWVW-p7wOdeoKdeeRSsRd2DMZ3MZhAcQs-ok4A	1unO_k	qadv-arbiter-7x7-rust-lambda-v0.1.0	-	qadv-arbiter-7x7-rust-lambda-v0.1.0	-	D	P	196
g1_Buv7yPq4LYx1yiAQJC8LGVh1oBhiYDJVN9-siLKRw8M	s1_RauLaTi4eVgYHSp2TV9pqs9uzTVv0B10g9TaHMWpcZ4	1unO_k	qadv-arbiter-7x7-rust-lambda-v0.1.0	-	qadv-arbiter-7x7-rust-lambda-v0.1.0	-	D	P	-
g1_Buv7yPq4LYx1yiAQJC8LGVh1oBhiYDJVN9-siLKRw8M	s1_g5tiG7zPm87uTBCju6ja3h55hT95vjPKXSXfIbEjdQ8	1unO_k	qadv-arbiter-7x7-rust-lambda-v0.1.0	-	qadv-arbiter-7x7-rust-lambda-v0.1.0	-	D	P	196
g1_Buv7yPq4LYx1yiAQJC8LGVh1oBhiYDJVN9-siLKRw8M	s1_ripdTxyPiRWmvGFRxyFKQdhFu3R5d3KklhiW_4Ua830	1unO_k	qadv-arbiter-7x7-rust-lambda-v0.1.0	-	qadv-arbiter-7x7-rust-lambda-v0.1.0	-	D	P	196
g1_BuzVEoIjrCFM3Fk-l3FgGk7TITY5tscAxnZ9Y3g0ol0	s1_Ju41mtlq9KiAz1_zmJd0NVBqNQzs8QIWVstiYN6Z_1s	1un59S	qadv-arbiter-guided-7x7-v0.2.0	sha256:9c0e5e530df7db77a98f6a2e75fe63a6f629c6ad6563e0b5454793ebc243b14d	surveyor-v0.2.0	-	L	P	196
g1_BuzVEoIjrCFM3Fk-l3FgGk7TITY5tscAxnZ9Y3g0ol0	s1_O3cuwuia8XT9TI7Nxr3tRcajOA20XFHEIT2fYX3WizY	1un59S	qadv-arbiter-guided-7x7-v0.2.0	sha256:9c0e5e530df7db77a98f6a2e75fe63a6f629c6ad6563e0b5454793ebc243b14d	surveyor-v0.2.0	-	L	P	196
g1_BuzVEoIjrCFM3Fk-l3FgGk7TITY5tscAxnZ9Y3g0ol0	s1_ROUz_g0kquKNGB878B9BMwA5nL4cZcvmffEeoUgiR_k	1un59S	qadv-arbiter-guided-7x7-v0.2.0	sha256:9c0e5e530df7db77a98f6a2e75fe63a6f629c6ad6563e0b5454793ebc243b14d	surveyor-v0.2.0	-	L	P	196
g1_BuzVEoIjrCFM3Fk-l3FgGk7TITY5tscAxnZ9Y3g0ol0	s1_TNJsSJjRaHDJ2Q7UUQmoz_QE1P-V3BTy5CQvqN4z6Bw	1un59S	qadv-arbiter-guided-7x7-v0.2.0	sha256:9c0e5e530df7db77a98f6a2e75fe63a6f629c6ad6563e0b5454793ebc243b14d	surveyor-v0.2.0	-	L	P	196
g1_BvASCtkx0fia70W2YV0c2XRnbmOdDwzKbIcg07swxGg	s1_2FtaP75xgRVTNrUvmC0NIesJCNy8IDFJ05WNM4nUnpg	1unQg1	pathfinder-v0.3.0	-	qadv-arbiter-7x7-v0.1.0	-	L	P	196
g1_BvASCtkx0fia70W2YV0c2XRnbmOdDwzKbIcg07swxGg	s1_BbCKuByD2VKUyrcXx1wER9qBHw2avElHx8Vo9HvORAI	1unQg1	pathfinder-v0.3.0	-	qadv-arbiter-7x7-v0.1.0	-	L	P	196
g1_BvASCtkx0fia70W2YV0c2XRnbmOdDwzKbIcg07swxGg	s1_RauLaTi4eVgYHSp2TV9pqs9uzTVv0B10g9TaHMWpcZ4	1unQg1	pathfinder-v0.3.0	-	qadv-arbiter-7x7-v0.1.0	-	L	P	-
g1_BvASCtkx0fia70W2YV0c2XRnbmOdDwzKbIcg07swxGg	s1_aZfPBIxgJ5uYN7e0_FDKRHW6TqkrhOWX8tT7d1b945k	1unQg1	pathfinder-v0.3.0	-	qadv-arbiter-7x7-v0.1.0	-	L	P	196
g1_BvBjFiGS5nYmMqFbnTBWhamZuXTSmW1fU5q1LSh2JeE	s1_1av6nXQkq-GSHXfjkVlGHGpAq8F9UbW4JwZmyFA-vww	1umvBx	python-gnn-puct-scout-v0.1.0	sha256:b9f80706cc1f29076ee06fe06483697c749148a808c599579045d00a52573938	python-gnn-puct-scout-v0.1.0	sha256:b9f80706cc1f29076ee06fe06483697c749148a808c599579045d00a52573938	-	M	196
g1_BvBjFiGS5nYmMqFbnTBWhamZuXTSmW1fU5q1LSh2JeE	s1_Brk0hkuJoH-MBjdd53AO5tlWcOgDWV_R0PO74fHGd_0	1umvBx	python-gnn-puct-scout-v0.1.0	sha256:b9f80706cc1f29076ee06fe06483697c749148a808c599579045d00a52573938	python-gnn-puct-scout-v0.1.0	sha256:b9f80706cc1f29076ee06fe06483697c749148a808c599579045d00a52573938	-	M	196
g1_BvBjFiGS5nYmMqFbnTBWhamZuXTSmW1fU5q1LSh2JeE	s1_D_X-fTFZy6xuyGSC5jFyKBW6IP_59Jbomefazf4xu44	1umvBx	python-gnn-puct-scout-v0.1.0	sha256:b9f80706cc1f29076ee06fe06483697c749148a808c599579045d00a52573938	python-gnn-puct-scout-v0.1.0	sha256:b9f80706cc1f29076ee06fe06483697c749148a808c599579045d00a52573938	-	M	196
g1_BvDVSVJYCjtoYWnMLQwNKIsjHCoU7WEm3EkjeqyFVFo	s1_zUY5khepfp3cZvanaO8G0weK4iXcIrwgiKc07FrJ3Pk	1umwuh	rust-pathfinder-v0.3.0	-	rust-pathfinder-v0.1.0	-	L	P	120
g1_BvTIFPDQO4eYFq-p6Kx0vpGufSAlEJcPi-ohtV7vdhM	s1_CRQeI79za8SzaqvZkMBpRrzt52jgqPTm_DhPuevgWw4	1unMgR	qadv-arbiter-7x7-rust-lambda-v0.1.0	-	qadv-arbiter-7x7-rust-lambda-v0.1.0	-	D	P	196
g1_BvTIFPDQO4eYFq-p6Kx0vpGufSAlEJcPi-ohtV7vdhM	s1_RauLaTi4eVgYHSp2TV9pqs9uzTVv0B10g9TaHMWpcZ4	1unMgR	qadv-arbiter-7x7-rust-lambda-v0.1.0	-	qadv-arbiter-7x7-rust-lambda-v0.1.0	-	D	P	-
g1_BvTIFPDQO4eYFq-p6Kx0vpGufSAlEJcPi-ohtV7vdhM	s1_dz9ALAgsjfRZ9c6QRcm5lcdLEEVTt2Q3wLoXlqZxYow	1unMgR	qadv-arbiter-7x7-rust-lambda-v0.1.0	-	qadv-arbiter-7x7-rust-lambda-v0.1.0	-	D	P	196
g1_BvTIFPDQO4eYFq-p6Kx0vpGufSAlEJcPi-ohtV7vdhM	s1_qYG1QEDHZ9XWD4TkTlblAAtqqsMSMlZOvAC3cmTQlkg	1unMgR	qadv-arbiter-7x7-rust-lambda-v0.1.0	-	qadv-arbiter-7x7-rust-lambda-v0.1.0	-	D	P	196
g1_BvVzObISkyP4jxHxZdpIZ6KpEe1hC4PsNQp1cphEPkQ	s1_1av6nXQkq-GSHXfjkVlGHGpAq8F9UbW4JwZmyFA-vww	1umvHC	surveyor-v0.2.0	-	lunatic-v0.1.0	-	D	P	196
g1_BvVzObISkyP4jxHxZdpIZ6KpEe1hC4PsNQp1cphEPkQ	s1_Brk0hkuJoH-MBjdd53AO5tlWcOgDWV_R0PO74fHGd_0	1umvHC	surveyor-v0.2.0	-	lunatic-v0.1.0	-	D	P	196
g1_BvVzObISkyP4jxHxZdpIZ6KpEe1hC4PsNQp1cphEPkQ	s1_QzXKB60HvV5g6-cJIu-NdpeFb1rCgFAJD1cxfdkoMm0	1umvHC	surveyor-v0.2.0	-	lunatic-v0.1.0	-	D	P	196
g1_BvW9bC_mGt5ts7G8FTuppsD6AQm6dP7-faccmEpkBZA	s1_GTYID_SGM4dw5zvqceCIuQDI5Jh4hFBC-e7ze8e6lGM	1unPkq	qadv-arbiter-7x7-rust-lambda-v0.1.0	-	qadv-arbiter-7x7-rust-lambda-v0.1.0	-	D	P	196
g1_BvW9bC_mGt5ts7G8FTuppsD6AQm6dP7-faccmEpkBZA	s1_LWPK79Uj_49nFxRlhkJSr4Ifi3Pm631eAb52IqzKIDQ	1unPkq	qadv-arbiter-7x7-rust-lambda-v0.1.0	-	qadv-arbiter-7x7-rust-lambda-v0.1.0	-	D	P	196
g1_BvW9bC_mGt5ts7G8FTuppsD6AQm6dP7-faccmEpkBZA	s1_RauLaTi4eVgYHSp2TV9pqs9uzTVv0B10g9TaHMWpcZ4	1unPkq	qadv-arbiter-7x7-rust-lambda-v0.1.0	-	qadv-arbiter-7x7-rust-lambda-v0.1.0	-	D	P	-
g1_BvW9bC_mGt5ts7G8FTuppsD6AQm6dP7-faccmEpkBZA	s1_Y7SHwshAS_3Ve7Iw-Ccn_VD9fwVDMk_gL_lfWLBzEmU	1unPkq	qadv-arbiter-7x7-rust-lambda-v0.1.0	-	qadv-arbiter-7x7-rust-lambda-v0.1.0	-	D	P	196
g1_BvYuuFDAx0UwzMa8JKSFvktIUts70d9DM-8xvoZXz5E	s1_1LB6NAgPOeCp4r8rQw4kUOIXWpEdWysFm5RZjWCQSgc	1umwcC	python-gnn-puct-learner-v0.1.0	sha256:ab0f739cd33d66781faf60e27797c5ccba3c04ba684f8d9e32e9c2754f4e8956	python-gnn-puct-learner-v0.1.0	sha256:ab0f739cd33d66781faf60e27797c5ccba3c04ba684f8d9e32e9c2754f4e8956	D	P	196
g1_BvYuuFDAx0UwzMa8JKSFvktIUts70d9DM-8xvoZXz5E	s1_P4NHYhwuVnEA-dG2X-UVeVotb84A5mwljbYTlTMqr8w	1umwcC	python-gnn-puct-learner-v0.1.0	sha256:ab0f739cd33d66781faf60e27797c5ccba3c04ba684f8d9e32e9c2754f4e8956	python-gnn-puct-learner-v0.1.0	sha256:ab0f739cd33d66781faf60e27797c5ccba3c04ba684f8d9e32e9c2754f4e8956	D	P	196
g1_BvbrcU3tLhfA9u2hHd-9_CbbKuISBgc1RJ3TYhrtfAc	s1_Qmoz3nLvbLcY_1rcqMtpMJDvTQydhL5cxUNWV6EhpMY	1umwyy	qadv-arbiter-7x7-v0.1.0	sha256:8c548d06307572603b839755cc1e50393285365e10f82bcd90290ca65cd86266	qadv-arbiter-7x7-v0.1.0	sha256:8c548d06307572603b839755cc1e50393285365e10f82bcd90290ca65cd86266	D	P	196
g1_BvjkLV26saC9jhLrhQ_t2ezVFVzBoeAMdtQknjAXuSk	s1_AC8UWiU6K7K8lNng6gQzLe76bqeTjhcixNDK_cUKKJQ	1unPd0	qadv-arbiter-7x7-rust-lambda-v0.1.0	-	qadv-arbiter-7x7-rust-lambda-v0.1.0	-	L	P	196
g1_BvjkLV26saC9jhLrhQ_t2ezVFVzBoeAMdtQknjAXuSk	s1_RauLaTi4eVgYHSp2TV9pqs9uzTVv0B10g9TaHMWpcZ4	1unPd0	qadv-arbiter-7x7-rust-lambda-v0.1.0	-	qadv-arbiter-7x7-rust-lambda-v0.1.0	-	L	P	-
g1_BvjkLV26saC9jhLrhQ_t2ezVFVzBoeAMdtQknjAXuSk	s1_q_MSZhE-nP34uVY4pRgj9Z7EyGtrR8m-iNni49du8Qo	1unPd0	qadv-arbiter-7x7-rust-lambda-v0.1.0	-	qadv-arbiter-7x7-rust-lambda-v0.1.0	-	L	P	196
g1_BvjkLV26saC9jhLrhQ_t2ezVFVzBoeAMdtQknjAXuSk	s1_wE5xJGGrrbPqCm5Be28aecWPiajhKtioho_GlestABE	1unPd0	qadv-arbiter-7x7-rust-lambda-v0.1.0	-	qadv-arbiter-7x7-rust-lambda-v0.1.0	-	L	P	196
g1_Bvkh2jGnR2urGOTVvbo5Db3IhMwBHuhl8zhWttM41qU	s1_qtlitMa-GGx-0y2heoyNRonYXf1Dq5epTexnVe9Iqtw	1umxfQ	python-gnn-puct-learner-v0.1.0	sha256:ab0f739cd33d66781faf60e27797c5ccba3c04ba684f8d9e32e9c2754f4e8956	python-gnn-puct-learner-v0.1.0	sha256:ab0f739cd33d66781faf60e27797c5ccba3c04ba684f8d9e32e9c2754f4e8956	L	P	196
g1_Bvl9V2LFhgK1Y1bf_BFaahnws9xvEf_Pep2C028uDvs	s1_1LB6NAgPOeCp4r8rQw4kUOIXWpEdWysFm5RZjWCQSgc	1umwSs	python-gnn-puct-learner-v0.1.0	sha256:ab0f739cd33d66781faf60e27797c5ccba3c04ba684f8d9e32e9c2754f4e8956	python-gnn-puct-learner-v0.1.0	sha256:ab0f739cd33d66781faf60e27797c5ccba3c04ba684f8d9e32e9c2754f4e8956	L	P	196
g1_Bvl9V2LFhgK1Y1bf_BFaahnws9xvEf_Pep2C028uDvs	s1_P4NHYhwuVnEA-dG2X-UVeVotb84A5mwljbYTlTMqr8w	1umwSs	python-gnn-puct-learner-v0.1.0	sha256:ab0f739cd33d66781faf60e27797c5ccba3c04ba684f8d9e32e9c2754f4e8956	python-gnn-puct-learner-v0.1.0	sha256:ab0f739cd33d66781faf60e27797c5ccba3c04ba684f8d9e32e9c2754f4e8956	L	P	196
g1_Bvl9bmZjkhPXqmdyaPgAAUEFhInLRE0YP6h5TbM50K0	s1_2FtaP75xgRVTNrUvmC0NIesJCNy8IDFJ05WNM4nUnpg	1unQpP	pathfinder-v0.3.0	-	qadv-arbiter-7x7-v0.1.0	-	L	P	196
g1_Bvl9bmZjkhPXqmdyaPgAAUEFhInLRE0YP6h5TbM50K0	s1_N9XTbDEMUitfPfLMGwNEzyP36YH-LIiYZu2geSgg2DE	1unQpP	pathfinder-v0.3.0	-	qadv-arbiter-7x7-v0.1.0	-	L	P	196
g1_Bvl9bmZjkhPXqmdyaPgAAUEFhInLRE0YP6h5TbM50K0	s1_RauLaTi4eVgYHSp2TV9pqs9uzTVv0B10g9TaHMWpcZ4	1unQpP	pathfinder-v0.3.0	-	qadv-arbiter-7x7-v0.1.0	-	L	P	-
g1_Bvl9bmZjkhPXqmdyaPgAAUEFhInLRE0YP6h5TbM50K0	s1_m2J5SWmDp88xW7sxj16tP4MAYTL9Jq9twR-8wOoAwG4	1unQpP	pathfinder-v0.3.0	-	qadv-arbiter-7x7-v0.1.0	-	L	P	196
g1_Bvw0WeyiDjtusDol9ZX9-ddYymbkYlBJu_Gfo1UZlx4	s1_EsDnTBN1oj7pubLvTVYi-bfZKkFCx13IjRh3L9pcXQ4	1unO15	qadv-arbiter-7x7-rust-lambda-v0.1.0	-	qadv-arbiter-7x7-rust-lambda-v0.1.0	-	L	P	196
g1_Bvw0WeyiDjtusDol9ZX9-ddYymbkYlBJu_Gfo1UZlx4	s1_LXv2SZ3PNrbBEpXAyMg9Dt2pGc4AX_KgzqvLg0_dTr4	1unO15	qadv-arbiter-7x7-rust-lambda-v0.1.0	-	qadv-arbiter-7x7-rust-lambda-v0.1.0	-	L	P	196
g1_Bvw0WeyiDjtusDol9ZX9-ddYymbkYlBJu_Gfo1UZlx4	s1_RauLaTi4eVgYHSp2TV9pqs9uzTVv0B10g9TaHMWpcZ4	1unO15	qadv-arbiter-7x7-rust-lambda-v0.1.0	-	qadv-arbiter-7x7-rust-lambda-v0.1.0	-	L	P	-
g1_Bvw0WeyiDjtusDol9ZX9-ddYymbkYlBJu_Gfo1UZlx4	s1_d60HJEAL0b5nlNR6e3klzwdgIBs20rA5R89GrfZ1OPc	1unO15	qadv-arbiter-7x7-rust-lambda-v0.1.0	-	qadv-arbiter-7x7-rust-lambda-v0.1.0	-	L	P	196
g1_Bw-aDqI_Yp79BgwGVnahaBOZtc16SpsS0ux9sHiZAX4	s1_NuH1ZjCivBeyOA8kUnS_fc24aKSwBLVB9DzvyeYilwE	1unPgw	qadv-arbiter-7x7-rust-lambda-v0.1.0	-	qadv-arbiter-7x7-rust-lambda-v0.1.0	-	D	P	196
g1_Bw-aDqI_Yp79BgwGVnahaBOZtc16SpsS0ux9sHiZAX4	s1_RauLaTi4eVgYHSp2TV9pqs9uzTVv0B10g9TaHMWpcZ4	1unPgw	qadv-arbiter-7x7-rust-lambda-v0.1.0	-	qadv-arbiter-7x7-rust-lambda-v0.1.0	-	D	P	-
g1_Bw-aDqI_Yp79BgwGVnahaBOZtc16SpsS0ux9sHiZAX4	s1_To1lU5tuMeebdbNKm5bn8HST4fgDpqhbIgsW8ERJUYU	1unPgw	qadv-arbiter-7x7-rust-lambda-v0.1.0	-	qadv-arbiter-7x7-rust-lambda-v0.1.0	-	D	P	196
g1_Bw-aDqI_Yp79BgwGVnahaBOZtc16SpsS0ux9sHiZAX4	s1_cpRptca5l6W_R7EKgtMvwqVQAfN6LNgP7YUiaewL4Ys	1unPgw	qadv-arbiter-7x7-rust-lambda-v0.1.0	-	qadv-arbiter-7x7-rust-lambda-v0.1.0	-	D	P	196
g1_Bw3ETbrwcZpmjnp_mUzWeWUx1oQbnTQY9ch43suvKLI	s1_RauLaTi4eVgYHSp2TV9pqs9uzTVv0B10g9TaHMWpcZ4	1unNpi	qadv-arbiter-7x7-rust-lambda-v0.1.0	-	qadv-arbiter-7x7-rust-lambda-v0.1.0	-	L	P	-
g1_Bw3ETbrwcZpmjnp_mUzWeWUx1oQbnTQY9ch43suvKLI	s1_YSS2C3YiLLzWOj6q7HVDCbhU4jdnJ27mkOogEV7ad84	1unNpi	qadv-arbiter-7x7-rust-lambda-v0.1.0	-	qadv-arbiter-7x7-rust-lambda-v0.1.0	-	L	P	196
g1_Bw3ETbrwcZpmjnp_mUzWeWUx1oQbnTQY9ch43suvKLI	s1_nQK1mDx4WaSeuOthrF3DrIs7hXeG_5WwbT3hO7hl6XY	1unNpi	qadv-arbiter-7x7-rust-lambda-v0.1.0	-	qadv-arbiter-7x7-rust-lambda-v0.1.0	-	L	P	196
g1_Bw3ETbrwcZpmjnp_mUzWeWUx1oQbnTQY9ch43suvKLI	s1_o67lDk2r1WUyi0_jikngjVqJFpfL1sPcQoceNM6jJgs	1unNpi	qadv-arbiter-7x7-rust-lambda-v0.1.0	-	qadv-arbiter-7x7-rust-lambda-v0.1.0	-	L	P	196
g1_BwAStu4Px_0FvEj4yob0GfKpQP3rNU_91SgTatsvEF4	s1_1av6nXQkq-GSHXfjkVlGHGpAq8F9UbW4JwZmyFA-vww	1DIXn	lunatic-v0.1.0	-	rust-pathfinder-v0.1.0	-	D	P	-
g1_BwAStu4Px_0FvEj4yob0GfKpQP3rNU_91SgTatsvEF4	s1_9Eroywf7tuDrn-hcfZPjlEa1DSRUykCRn9Z11u8ySIo	1DIXn	lunatic-v0.1.0	-	rust-pathfinder-v0.1.0	-	D	P	-
g1_BwAStu4Px_0FvEj4yob0GfKpQP3rNU_91SgTatsvEF4	s1_Brk0hkuJoH-MBjdd53AO5tlWcOgDWV_R0PO74fHGd_0	1DIXn	lunatic-v0.1.0	-	rust-pathfinder-v0.1.0	-	D	P	-
g1_BwAStu4Px_0FvEj4yob0GfKpQP3rNU_91SgTatsvEF4	s1_KmF8KhDbubz6lwdS8R_n_yTGdSONmH9B1wUABbyCj94	1DIXn	lunatic-v0.1.0	-	rust-pathfinder-v0.1.0	-	D	P	-
g1_BwAStu4Px_0FvEj4yob0GfKpQP3rNU_91SgTatsvEF4	s1_MKrI0a3Qd48rU7oZj28GrlQ3cHhIbUzS5ibiIW9aKy4	1DIXn	lunatic-v0.1.0	-	rust-pathfinder-v0.1.0	-	D	P	-
g1_BwAStu4Px_0FvEj4yob0GfKpQP3rNU_91SgTatsvEF4	s1_XloMUS0hxYEXf762lcPfaudsLmsH-CsOVZNVVU_obcA	1DIXn	lunatic-v0.1.0	-	rust-pathfinder-v0.1.0	-	D	P	-
g1_BwAStu4Px_0FvEj4yob0GfKpQP3rNU_91SgTatsvEF4	s1_g5pGkHBMEhzAYvwFY0b24sSc7wC9JfnWApMHHZ_aMPI	1DIXn	lunatic-v0.1.0	-	rust-pathfinder-v0.1.0	-	D	P	-
g1_BwEEB6rvviaI6h18UhYKpxEoEQAHoZbvNXfOr8AV6tg	s1_C1AkzsSCfO8W-_tQqhxhS4QkErQtsLJZ7V8ZjFpjIm4	1unNoR	qadv-arbiter-7x7-rust-lambda-v0.1.0	-	qadv-arbiter-7x7-rust-lambda-v0.1.0	-	D	P	196
g1_BwEEB6rvviaI6h18UhYKpxEoEQAHoZbvNXfOr8AV6tg	s1_RauLaTi4eVgYHSp2TV9pqs9uzTVv0B10g9TaHMWpcZ4	1unNoR	qadv-arbiter-7x7-rust-lambda-v0.1.0	-	qadv-arbiter-7x7-rust-lambda-v0.1.0	-	D	P	-
g1_BwEEB6rvviaI6h18UhYKpxEoEQAHoZbvNXfOr8AV6tg	s1_Xa1WcWEKREU3HfRkBIfriNDl8t7y_qEEtHGk5QXHvko	1unNoR	qadv-arbiter-7x7-rust-lambda-v0.1.0	-	qadv-arbiter-7x7-rust-lambda-v0.1.0	-	D	P	196
g1_BwEEB6rvviaI6h18UhYKpxEoEQAHoZbvNXfOr8AV6tg	s1_kmbmWLsrDscSzQsBMICKf2BNZFOE_saXpAqOkKM247I	1unNoR	qadv-arbiter-7x7-rust-lambda-v0.1.0	-	qadv-arbiter-7x7-rust-lambda-v0.1.0	-	D	P	196
g1_BwKvAecOAEIPQTAFuMizeT1yfSnDWVE_ErhU5BL_jX4	s1_1LB6NAgPOeCp4r8rQw4kUOIXWpEdWysFm5RZjWCQSgc	1umwdW	python-gnn-puct-learner-v0.1.0	sha256:ab0f739cd33d66781faf60e27797c5ccba3c04ba684f8d9e32e9c2754f4e8956	python-gnn-puct-learner-v0.1.0	sha256:ab0f739cd33d66781faf60e27797c5ccba3c04ba684f8d9e32e9c2754f4e8956	D	P	196
g1_BwKvAecOAEIPQTAFuMizeT1yfSnDWVE_ErhU5BL_jX4	s1_P4NHYhwuVnEA-dG2X-UVeVotb84A5mwljbYTlTMqr8w	1umwdW	python-gnn-puct-learner-v0.1.0	sha256:ab0f739cd33d66781faf60e27797c5ccba3c04ba684f8d9e32e9c2754f4e8956	python-gnn-puct-learner-v0.1.0	sha256:ab0f739cd33d66781faf60e27797c5ccba3c04ba684f8d9e32e9c2754f4e8956	D	P	196
g1_BwQtIg_Z7_o2NHsz0x5A3W41qcJ6gksYdwvY03lICPU	s1_6PxtazPxkizz7K9QTWPSCIopEV5n0zpHoq3F52yO_6U	1umwev	python-cnn-puct-v0.1.0	sha256:7845e9b7687beee165dc36b8d21833b7a8b5a83e31b58b49bd05c277ba26e642	python-cnn-puct-v0.1.0	sha256:7845e9b7687beee165dc36b8d21833b7a8b5a83e31b58b49bd05c277ba26e642	D	P	196
g1_BwQtIg_Z7_o2NHsz0x5A3W41qcJ6gksYdwvY03lICPU	s1_baRgKA_wMXdl0r4AwdkUfhWC04qxd1MvEGXAQaDd4fo	1umwev	python-cnn-puct-v0.1.0	sha256:7845e9b7687beee165dc36b8d21833b7a8b5a83e31b58b49bd05c277ba26e642	python-cnn-puct-v0.1.0	sha256:7845e9b7687beee165dc36b8d21833b7a8b5a83e31b58b49bd05c277ba26e642	D	P	196
g1_BwZsLeTLzwY48GxUmZHJlcHPNXz8FWY2GsLnibIytZk	s1_9IN3U3KroMKa4FkVFvpCSlKsJS1nT0Dq1OcqcakvpqI	1unP_F	qadv-arbiter-7x7-rust-lambda-v0.1.0	-	qadv-arbiter-7x7-rust-lambda-v0.1.0	-	L	P	196
g1_BwZsLeTLzwY48GxUmZHJlcHPNXz8FWY2GsLnibIytZk	s1_RauLaTi4eVgYHSp2TV9pqs9uzTVv0B10g9TaHMWpcZ4	1unP_F	qadv-arbiter-7x7-rust-lambda-v0.1.0	-	qadv-arbiter-7x7-rust-lambda-v0.1.0	-	L	P	-
g1_BwZsLeTLzwY48GxUmZHJlcHPNXz8FWY2GsLnibIytZk	s1__bELiLoFi4jzMoauaT98vu_h1Aw4BUGfZFlxJVu5AjM	1unP_F	qadv-arbiter-7x7-rust-lambda-v0.1.0	-	qadv-arbiter-7x7-rust-lambda-v0.1.0	-	L	P	196
g1_BwZsLeTLzwY48GxUmZHJlcHPNXz8FWY2GsLnibIytZk	s1_z2SW1Uy3Rb-EJcBuxyIqh17OkDfEFNALoUUmksHJgkk	1unP_F	qadv-arbiter-7x7-rust-lambda-v0.1.0	-	qadv-arbiter-7x7-rust-lambda-v0.1.0	-	L	P	196
g1_Bwcn9y7O2OiWMNuzpy3SCKkBuBSz5GNigFQVf77mDVs	s1_-OKlJXuPFfAnukwGYITjiU7XKL4OC_qt76PC0TZSPjg	1umvZF	python-cnn-puct-v0.1.0	sha256:7845e9b7687beee165dc36b8d21833b7a8b5a83e31b58b49bd05c277ba26e642	python-cnn-puct-v0.1.0	sha256:7845e9b7687beee165dc36b8d21833b7a8b5a83e31b58b49bd05c277ba26e642	D	P	196
g1_Bwcn9y7O2OiWMNuzpy3SCKkBuBSz5GNigFQVf77mDVs	s1_1av6nXQkq-GSHXfjkVlGHGpAq8F9UbW4JwZmyFA-vww	1umvZF	python-cnn-puct-v0.1.0	sha256:7845e9b7687beee165dc36b8d21833b7a8b5a83e31b58b49bd05c277ba26e642	python-cnn-puct-v0.1.0	sha256:7845e9b7687beee165dc36b8d21833b7a8b5a83e31b58b49bd05c277ba26e642	D	P	196
g1_Bwcn9y7O2OiWMNuzpy3SCKkBuBSz5GNigFQVf77mDVs	s1_Brk0hkuJoH-MBjdd53AO5tlWcOgDWV_R0PO74fHGd_0	1umvZF	python-cnn-puct-v0.1.0	sha256:7845e9b7687beee165dc36b8d21833b7a8b5a83e31b58b49bd05c277ba26e642	python-cnn-puct-v0.1.0	sha256:7845e9b7687beee165dc36b8d21833b7a8b5a83e31b58b49bd05c277ba26e642	D	P	196
g1_BwinvidYjELfZK1NzrYElzBbUTqOD84B_GNkMslu8y4	s1_3Tp8xtjjDiWb3s7C5N-tXWSj5o41Leao755wZbfjegg	1unQ1j	qadv-arbiter-7x7-rust-lambda-v0.1.0	-	qadv-arbiter-7x7-rust-lambda-v0.1.0	-	L	P	196
g1_BwinvidYjELfZK1NzrYElzBbUTqOD84B_GNkMslu8y4	s1_JBujwSO9prak68qdp6bpE810QxA2MpZ4tA2N9ESC3YU	1unQ1j	qadv-arbiter-7x7-rust-lambda-v0.1.0	-	qadv-arbiter-7x7-rust-lambda-v0.1.0	-	L	P	196
g1_BwinvidYjELfZK1NzrYElzBbUTqOD84B_GNkMslu8y4	s1_kQYMoZfs195xErTRcBzFpxyn3MVe9u1MWF4eEYbzEPs	1unQ1j	qadv-arbiter-7x7-rust-lambda-v0.1.0	-	qadv-arbiter-7x7-rust-lambda-v0.1.0	-	L	P	196
g1_BwkIHSoaBL-nLCUBmeMI-WhkCDvDoz7zGEnPDWoYtwA	s1_Az5RyDEb2xYaCb3tgCej5yXA3YRP-hzmsKGsKLJLuis	1unNEO	qadv-arbiter-7x7-rust-lambda-v0.1.0	-	qadv-arbiter-7x7-rust-lambda-v0.1.0	-	L	P	196
g1_BwkIHSoaBL-nLCUBmeMI-WhkCDvDoz7zGEnPDWoYtwA	s1_RauLaTi4eVgYHSp2TV9pqs9uzTVv0B10g9TaHMWpcZ4	1unNEO	qadv-arbiter-7x7-rust-lambda-v0.1.0	-	qadv-arbiter-7x7-rust-lambda-v0.1.0	-	L	P	-
g1_BwkIHSoaBL-nLCUBmeMI-WhkCDvDoz7zGEnPDWoYtwA	s1_au6YebfyphAdypLgjpWKh2Nf225FV86CIDVCLpexA48	1unNEO	qadv-arbiter-7x7-rust-lambda-v0.1.0	-	qadv-arbiter-7x7-rust-lambda-v0.1.0	-	L	P	196
g1_BwkIHSoaBL-nLCUBmeMI-WhkCDvDoz7zGEnPDWoYtwA	s1_pGWiGErKpGugTt6fjmUw10TkV8p10f1f5Fbg9ovW1EI	1unNEO	qadv-arbiter-7x7-rust-lambda-v0.1.0	-	qadv-arbiter-7x7-rust-lambda-v0.1.0	-	L	P	196
g1_BwqsmWX2X7EZyk6ulA7j7W21sRLRGUdsWwCbQs5bo14	s1_1av6nXQkq-GSHXfjkVlGHGpAq8F9UbW4JwZmyFA-vww	1umv59	python-gnn-puct-scout-v0.1.0	sha256:b9f80706cc1f29076ee06fe06483697c749148a808c599579045d00a52573938	python-gnn-puct-scout-v0.1.0	sha256:b9f80706cc1f29076ee06fe06483697c749148a808c599579045d00a52573938	-	M	196
g1_BwqsmWX2X7EZyk6ulA7j7W21sRLRGUdsWwCbQs5bo14	s1_Brk0hkuJoH-MBjdd53AO5tlWcOgDWV_R0PO74fHGd_0	1umv59	python-gnn-puct-scout-v0.1.0	sha256:b9f80706cc1f29076ee06fe06483697c749148a808c599579045d00a52573938	python-gnn-puct-scout-v0.1.0	sha256:b9f80706cc1f29076ee06fe06483697c749148a808c599579045d00a52573938	-	M	196
g1_BwqsmWX2X7EZyk6ulA7j7W21sRLRGUdsWwCbQs5bo14	s1_D_X-fTFZy6xuyGSC5jFyKBW6IP_59Jbomefazf4xu44	1umv59	python-gnn-puct-scout-v0.1.0	sha256:b9f80706cc1f29076ee06fe06483697c749148a808c599579045d00a52573938	python-gnn-puct-scout-v0.1.0	sha256:b9f80706cc1f29076ee06fe06483697c749148a808c599579045d00a52573938	-	M	196
g1_Bwv1ij8_pyQnRE1W4o2vNLMKpwib0ihimBbdlCawNqQ	s1_1LB6NAgPOeCp4r8rQw4kUOIXWpEdWysFm5RZjWCQSgc	1umwXU	python-gnn-puct-learner-v0.1.0	sha256:ab0f739cd33d66781faf60e27797c5ccba3c04ba684f8d9e32e9c2754f4e8956	python-gnn-puct-learner-v0.1.0	sha256:ab0f739cd33d66781faf60e27797c5ccba3c04ba684f8d9e32e9c2754f4e8956	D	P	196
g1_Bwv1ij8_pyQnRE1W4o2vNLMKpwib0ihimBbdlCawNqQ	s1_P4NHYhwuVnEA-dG2X-UVeVotb84A5mwljbYTlTMqr8w	1umwXU	python-gnn-puct-learner-v0.1.0	sha256:ab0f739cd33d66781faf60e27797c5ccba3c04ba684f8d9e32e9c2754f4e8956	python-gnn-puct-learner-v0.1.0	sha256:ab0f739cd33d66781faf60e27797c5ccba3c04ba684f8d9e32e9c2754f4e8956	D	P	196
g1_Bx-166WnAgpFKY5-GHNXl8L_qEIku_4MeCAv9FxkNCU	s1_QeUd1F3L3TfzkOLR5efByAq_Y-AVtAAI3PDHjC__qH0	1unP4X	qadv-arbiter-7x7-rust-lambda-v0.1.0	-	qadv-arbiter-7x7-rust-lambda-v0.1.0	-	D	P	196
g1_Bx-166WnAgpFKY5-GHNXl8L_qEIku_4MeCAv9FxkNCU	s1_RauLaTi4eVgYHSp2TV9pqs9uzTVv0B10g9TaHMWpcZ4	1unP4X	qadv-arbiter-7x7-rust-lambda-v0.1.0	-	qadv-arbiter-7x7-rust-lambda-v0.1.0	-	D	P	-
g1_Bx-166WnAgpFKY5-GHNXl8L_qEIku_4MeCAv9FxkNCU	s1_UbfcVUBzqfuxSCtKbwxqa3xnYCaS76a6KsKreZqaRMY	1unP4X	qadv-arbiter-7x7-rust-lambda-v0.1.0	-	qadv-arbiter-7x7-rust-lambda-v0.1.0	-	D	P	196
g1_Bx-166WnAgpFKY5-GHNXl8L_qEIku_4MeCAv9FxkNCU	s1_g7yNSiqb8xQ3AvndKopLRjLxC_6ybbICvtbQ_KNwTfY	1unP4X	qadv-arbiter-7x7-rust-lambda-v0.1.0	-	qadv-arbiter-7x7-rust-lambda-v0.1.0	-	D	P	196
g1_BxEjUbKOcyFa1Pc1X6XaC_AcpbDG_DgxzmNggbmmBZs	s1_qtlitMa-GGx-0y2heoyNRonYXf1Dq5epTexnVe9Iqtw	1umxYh	python-gnn-puct-learner-v0.1.0	sha256:ab0f739cd33d66781faf60e27797c5ccba3c04ba684f8d9e32e9c2754f4e8956	python-gnn-puct-learner-v0.1.0	sha256:ab0f739cd33d66781faf60e27797c5ccba3c04ba684f8d9e32e9c2754f4e8956	-	M	196
g1_BxKRygC7g8GGch6DBR2AMXnbafFD2-bKNHw0RztvVLc	s1_0DDCm9q7QVfTInwoANkbPkm-E6F274ql0lz4z5TX7rk	1unOo6	qadv-arbiter-7x7-rust-lambda-v0.1.0	-	qadv-arbiter-7x7-rust-lambda-v0.1.0	-	L	P	196
g1_BxKRygC7g8GGch6DBR2AMXnbafFD2-bKNHw0RztvVLc	s1_BBNBueWYRJX5eC2rdohqGUNoPdK4rHRSHjVQF8XpElM	1unOo6	qadv-arbiter-7x7-rust-lambda-v0.1.0	-	qadv-arbiter-7x7-rust-lambda-v0.1.0	-	L	P	196
g1_BxKRygC7g8GGch6DBR2AMXnbafFD2-bKNHw0RztvVLc	s1_RauLaTi4eVgYHSp2TV9pqs9uzTVv0B10g9TaHMWpcZ4	1unOo6	qadv-arbiter-7x7-rust-lambda-v0.1.0	-	qadv-arbiter-7x7-rust-lambda-v0.1.0	-	L	P	-
g1_BxKRygC7g8GGch6DBR2AMXnbafFD2-bKNHw0RztvVLc	s1_k6DfX37EvNhrp4JnLw6x5aGjPqfYUOx7shWlmEMFmYs	1unOo6	qadv-arbiter-7x7-rust-lambda-v0.1.0	-	qadv-arbiter-7x7-rust-lambda-v0.1.0	-	L	P	196
g1_BxQ0b4rcckErzgi5FPNDcL4RswH7Q9jXjHFNmJqJfZs	s1_1av6nXQkq-GSHXfjkVlGHGpAq8F9UbW4JwZmyFA-vww	1DIgB	lunatic-v0.1.0	-	rust-pathfinder-v0.1.0	-	D	P	-
g1_BxQ0b4rcckErzgi5FPNDcL4RswH7Q9jXjHFNmJqJfZs	s1_9Eroywf7tuDrn-hcfZPjlEa1DSRUykCRn9Z11u8ySIo	1DIgB	lunatic-v0.1.0	-	rust-pathfinder-v0.1.0	-	D	P	-
g1_BxQ0b4rcckErzgi5FPNDcL4RswH7Q9jXjHFNmJqJfZs	s1_Brk0hkuJoH-MBjdd53AO5tlWcOgDWV_R0PO74fHGd_0	1DIgB	lunatic-v0.1.0	-	rust-pathfinder-v0.1.0	-	D	P	-
g1_BxQ0b4rcckErzgi5FPNDcL4RswH7Q9jXjHFNmJqJfZs	s1_KmF8KhDbubz6lwdS8R_n_yTGdSONmH9B1wUABbyCj94	1DIgB	lunatic-v0.1.0	-	rust-pathfinder-v0.1.0	-	D	P	-
g1_BxQ0b4rcckErzgi5FPNDcL4RswH7Q9jXjHFNmJqJfZs	s1_MKrI0a3Qd48rU7oZj28GrlQ3cHhIbUzS5ibiIW9aKy4	1DIgB	lunatic-v0.1.0	-	rust-pathfinder-v0.1.0	-	D	P	-
g1_BxQ0b4rcckErzgi5FPNDcL4RswH7Q9jXjHFNmJqJfZs	s1_XloMUS0hxYEXf762lcPfaudsLmsH-CsOVZNVVU_obcA	1DIgB	lunatic-v0.1.0	-	rust-pathfinder-v0.1.0	-	D	P	-
g1_BxQ0b4rcckErzgi5FPNDcL4RswH7Q9jXjHFNmJqJfZs	s1_g5pGkHBMEhzAYvwFY0b24sSc7wC9JfnWApMHHZ_aMPI	1DIgB	lunatic-v0.1.0	-	rust-pathfinder-v0.1.0	-	D	P	-
g1_Bxa-Su-_GaWchxavLpmwNDXeUxLm6Sb87dVA0a51FuY	s1_IMImt5GVdLnUy_q89eBUDlMM6jVY4A16dGhtbgbJ0go	1unMgu	qadv-arbiter-7x7-rust-lambda-v0.1.0	-	qadv-arbiter-7x7-rust-lambda-v0.1.0	-	D	P	196
g1_Bxa-Su-_GaWchxavLpmwNDXeUxLm6Sb87dVA0a51FuY	s1_JRumHvobacMsDtyqgFDG7IaPs9dIXVAhoDEwv26XQ78	1unMgu	qadv-arbiter-7x7-rust-lambda-v0.1.0	-	qadv-arbiter-7x7-rust-lambda-v0.1.0	-	D	P	196
g1_Bxa-Su-_GaWchxavLpmwNDXeUxLm6Sb87dVA0a51FuY	s1_RauLaTi4eVgYHSp2TV9pqs9uzTVv0B10g9TaHMWpcZ4	1unMgu	qadv-arbiter-7x7-rust-lambda-v0.1.0	-	qadv-arbiter-7x7-rust-lambda-v0.1.0	-	D	P	-
g1_Bxa-Su-_GaWchxavLpmwNDXeUxLm6Sb87dVA0a51FuY	s1_aazEcgapXDGy8gwjcObDADHObVTFxCra4IpTOK9-ONA	1unMgu	qadv-arbiter-7x7-rust-lambda-v0.1.0	-	qadv-arbiter-7x7-rust-lambda-v0.1.0	-	D	P	196
g1_BxazaO2IrQ-JJ-dailPdaOahsxX6WFE-TjUPsNKqo44	s1_06qhLwUjUqsDdNTnvSjB8CACRiifAag7ou31HArmedw	1unM97	qadv-arbiter-7x7-rust-lambda-v0.1.0	-	qadv-arbiter-7x7-rust-lambda-v0.1.0	-	L	P	196
g1_BxazaO2IrQ-JJ-dailPdaOahsxX6WFE-TjUPsNKqo44	s1_9aqH0SRtGfS26RlNvg6dHWHi67x1msIGaVGIun2qE9Q	1unM97	qadv-arbiter-7x7-rust-lambda-v0.1.0	-	qadv-arbiter-7x7-rust-lambda-v0.1.0	-	L	P	196
g1_BxazaO2IrQ-JJ-dailPdaOahsxX6WFE-TjUPsNKqo44	s1_RauLaTi4eVgYHSp2TV9pqs9uzTVv0B10g9TaHMWpcZ4	1unM97	qadv-arbiter-7x7-rust-lambda-v0.1.0	-	qadv-arbiter-7x7-rust-lambda-v0.1.0	-	L	P	-
g1_BxazaO2IrQ-JJ-dailPdaOahsxX6WFE-TjUPsNKqo44	s1_v-KrIL2VouflplXYRcuqdgyHlOyZM7Z2ZVrwUhiIDTw	1unM97	qadv-arbiter-7x7-rust-lambda-v0.1.0	-	qadv-arbiter-7x7-rust-lambda-v0.1.0	-	L	P	196
g1_Bxl4SNeUXdBxwDHTN_gCV7UE9K-CXOpAuoJdfoIEDAw	s1_1NPcxgC-uwZkbAZ6cSJkm1cY0-uF69j_QQDyA_8Wj80	1unNUj	qadv-arbiter-7x7-rust-lambda-v0.1.0	-	qadv-arbiter-7x7-rust-lambda-v0.1.0	-	D	P	196
g1_Bxl4SNeUXdBxwDHTN_gCV7UE9K-CXOpAuoJdfoIEDAw	s1_BJlR1PKwdoXixE51BZeYRbA89uhCNXxH5tDdVB46xTc	1unNUj	qadv-arbiter-7x7-rust-lambda-v0.1.0	-	qadv-arbiter-7x7-rust-lambda-v0.1.0	-	D	P	196
g1_Bxl4SNeUXdBxwDHTN_gCV7UE9K-CXOpAuoJdfoIEDAw	s1_I8lVqkvonPe4EX3Q4ki0nV_7tLzItKnhkrxmvkRCN1s	1unNUj	qadv-arbiter-7x7-rust-lambda-v0.1.0	-	qadv-arbiter-7x7-rust-lambda-v0.1.0	-	D	P	196
g1_Bxl4SNeUXdBxwDHTN_gCV7UE9K-CXOpAuoJdfoIEDAw	s1_RauLaTi4eVgYHSp2TV9pqs9uzTVv0B10g9TaHMWpcZ4	1unNUj	qadv-arbiter-7x7-rust-lambda-v0.1.0	-	qadv-arbiter-7x7-rust-lambda-v0.1.0	-	D	P	-
g1_BxnqBRrAc80O0hM-q3LNIdcgcvahzfa1lsCBhkaFz8k	s1_O3cuwuia8XT9TI7Nxr3tRcajOA20XFHEIT2fYX3WizY	1un6Nn	gnn-reval30k-7x7	sha256:7f41dbe135649d1116a0914bc0358a5ffae95749195ec20dd972035bbbea52f7	qadv-arbiter-guided-7x7-v0.2.0	sha256:9c0e5e530df7db77a98f6a2e75fe63a6f629c6ad6563e0b5454793ebc243b14d	L	P	196
g1_BxnqBRrAc80O0hM-q3LNIdcgcvahzfa1lsCBhkaFz8k	s1_WKgJ-Jv1JLaOTWIv9LBPKOOAJ5w7fDR6YLt9DYRBTmo	1un6Nn	gnn-reval30k-7x7	sha256:7f41dbe135649d1116a0914bc0358a5ffae95749195ec20dd972035bbbea52f7	qadv-arbiter-guided-7x7-v0.2.0	sha256:9c0e5e530df7db77a98f6a2e75fe63a6f629c6ad6563e0b5454793ebc243b14d	L	P	196
g1_BxnqBRrAc80O0hM-q3LNIdcgcvahzfa1lsCBhkaFz8k	s1_cLhadU61FtckEqANG11HlvmBNEu5JQxwalW0_KFv9kA	1un6Nn	gnn-reval30k-7x7	sha256:7f41dbe135649d1116a0914bc0358a5ffae95749195ec20dd972035bbbea52f7	qadv-arbiter-guided-7x7-v0.2.0	sha256:9c0e5e530df7db77a98f6a2e75fe63a6f629c6ad6563e0b5454793ebc243b14d	L	P	196
g1_BxpUBoZZAMCXdbZICMZPdVK7g-vUjdAchYqffaw-WkQ	s1_3aObjktkCLDlK-fjiEzWxeopgnyS7U35qD_RjZgQq-A	1unO-T	qadv-arbiter-7x7-rust-lambda-v0.1.0	-	qadv-arbiter-7x7-rust-lambda-v0.1.0	-	D	P	196
g1_BxpUBoZZAMCXdbZICMZPdVK7g-vUjdAchYqffaw-WkQ	s1_RIxEOga_uU2p7H2dowzck1neZaiHg-ZJlEAarNgm7jg	1unO-T	qadv-arbiter-7x7-rust-lambda-v0.1.0	-	qadv-arbiter-7x7-rust-lambda-v0.1.0	-	D	P	196
g1_BxpUBoZZAMCXdbZICMZPdVK7g-vUjdAchYqffaw-WkQ	s1_RauLaTi4eVgYHSp2TV9pqs9uzTVv0B10g9TaHMWpcZ4	1unO-T	qadv-arbiter-7x7-rust-lambda-v0.1.0	-	qadv-arbiter-7x7-rust-lambda-v0.1.0	-	D	P	-
g1_BxpUBoZZAMCXdbZICMZPdVK7g-vUjdAchYqffaw-WkQ	s1_dhvYKKDKYeI-giP0cWXDTdokERt_hAvS9KN9f_H2cHI	1unO-T	qadv-arbiter-7x7-rust-lambda-v0.1.0	-	qadv-arbiter-7x7-rust-lambda-v0.1.0	-	D	P	196
g1_BxstZ0IJlUhx_IIF0KYhhhUU0ChHpf8dKKWkd3epOqo	s1_O5gDt3KHPwxdKCnIRHiKpeukJzqiVBj_gTB2c3D3t6w	1unPyV	qadv-arbiter-7x7-rust-lambda-v0.1.0	-	qadv-arbiter-7x7-rust-lambda-v0.1.0	-	D	P	196
g1_BxstZ0IJlUhx_IIF0KYhhhUU0ChHpf8dKKWkd3epOqo	s1_RauLaTi4eVgYHSp2TV9pqs9uzTVv0B10g9TaHMWpcZ4	1unPyV	qadv-arbiter-7x7-rust-lambda-v0.1.0	-	qadv-arbiter-7x7-rust-lambda-v0.1.0	-	D	P	-
g1_BxstZ0IJlUhx_IIF0KYhhhUU0ChHpf8dKKWkd3epOqo	s1_mxFpqFIDAfFdclGddgqrY8ZQMzavqckpAJpFGKPoyJ0	1unPyV	qadv-arbiter-7x7-rust-lambda-v0.1.0	-	qadv-arbiter-7x7-rust-lambda-v0.1.0	-	D	P	196
g1_BxstZ0IJlUhx_IIF0KYhhhUU0ChHpf8dKKWkd3epOqo	s1_wpQBNhchmfxRPDQ_tqw4wEreYMRz3pCd2VeCBo45myA	1unPyV	qadv-arbiter-7x7-rust-lambda-v0.1.0	-	qadv-arbiter-7x7-rust-lambda-v0.1.0	-	D	P	196
g1_By2qHQP3sctdp9DFExn6FAXcxfn04MWRHHEnBxVL-_g	s1_AK38-zMFSR_bfiqaylA5xWmz-FO_cSX6NS8emQ_Zi9E	1unNye	qadv-arbiter-7x7-rust-lambda-v0.1.0	-	qadv-arbiter-7x7-rust-lambda-v0.1.0	-	L	P	196
g1_By2qHQP3sctdp9DFExn6FAXcxfn04MWRHHEnBxVL-_g	s1_RauLaTi4eVgYHSp2TV9pqs9uzTVv0B10g9TaHMWpcZ4	1unNye	qadv-arbiter-7x7-rust-lambda-v0.1.0	-	qadv-arbiter-7x7-rust-lambda-v0.1.0	-	L	P	-
g1_By2qHQP3sctdp9DFExn6FAXcxfn04MWRHHEnBxVL-_g	s1_mxTCr_vUO2jBN1FBlJqdLsxB72PBUh0tTBeca3NFsHo	1unNye	qadv-arbiter-7x7-rust-lambda-v0.1.0	-	qadv-arbiter-7x7-rust-lambda-v0.1.0	-	L	P	196
g1_By2qHQP3sctdp9DFExn6FAXcxfn04MWRHHEnBxVL-_g	s1_tsYoGWjMdMLD6u7dksHfEiV432PXMnZz6_pKazv7McA	1unNye	qadv-arbiter-7x7-rust-lambda-v0.1.0	-	qadv-arbiter-7x7-rust-lambda-v0.1.0	-	L	P	196
g1_By77bmH87bIiAT5nh5A1oEDMkvYi3zWturYVrfrPwY8	s1_RauLaTi4eVgYHSp2TV9pqs9uzTVv0B10g9TaHMWpcZ4	1unMI0	qadv-arbiter-7x7-rust-lambda-v0.1.0	-	qadv-arbiter-7x7-rust-lambda-v0.1.0	-	D	P	-
g1_By77bmH87bIiAT5nh5A1oEDMkvYi3zWturYVrfrPwY8	s1_r_36hxKEOtfcYUGJxGFOMBILh_Rf2VFTcMAOU1kamB0	1unMI0	qadv-arbiter-7x7-rust-lambda-v0.1.0	-	qadv-arbiter-7x7-rust-lambda-v0.1.0	-	D	P	196
g1_By77bmH87bIiAT5nh5A1oEDMkvYi3zWturYVrfrPwY8	s1_vTZHtlW0Wg81P-e_FQE8oowJ1a8iKo_F36eVd1s9spY	1unMI0	qadv-arbiter-7x7-rust-lambda-v0.1.0	-	qadv-arbiter-7x7-rust-lambda-v0.1.0	-	D	P	196
g1_By77bmH87bIiAT5nh5A1oEDMkvYi3zWturYVrfrPwY8	s1_x75lTNhI9h08Y2wDneBFpQ2KoxzN-tg_bvP3IpKGUOw	1unMI0	qadv-arbiter-7x7-rust-lambda-v0.1.0	-	qadv-arbiter-7x7-rust-lambda-v0.1.0	-	D	P	196
g1_ByEVLlB42XXYsmKa5ba-ca1lp1CGf8oTlh-KeSyVCes	s1_DfVu56B0EBm_bJLlPm8xdQlLk3_-AfBvN3qhEmbmEhY	1unP4L	qadv-arbiter-7x7-rust-lambda-v0.1.0	-	qadv-arbiter-7x7-rust-lambda-v0.1.0	-	D	P	196
g1_ByEVLlB42XXYsmKa5ba-ca1lp1CGf8oTlh-KeSyVCes	s1_RauLaTi4eVgYHSp2TV9pqs9uzTVv0B10g9TaHMWpcZ4	1unP4L	qadv-arbiter-7x7-rust-lambda-v0.1.0	-	qadv-arbiter-7x7-rust-lambda-v0.1.0	-	D	P	-
g1_ByEVLlB42XXYsmKa5ba-ca1lp1CGf8oTlh-KeSyVCes	s1_YtH30Zwk7AmX7e7ImEVSTOWkYuwHev27Nx2UtZAz6AI	1unP4L	qadv-arbiter-7x7-rust-lambda-v0.1.0	-	qadv-arbiter-7x7-rust-lambda-v0.1.0	-	D	P	196
g1_ByEVLlB42XXYsmKa5ba-ca1lp1CGf8oTlh-KeSyVCes	s1_Z4FHEI1K1VcQlsdpZ0UwHyMvEPEnOpnMGRzi_MzaYLI	1unP4L	qadv-arbiter-7x7-rust-lambda-v0.1.0	-	qadv-arbiter-7x7-rust-lambda-v0.1.0	-	D	P	196
g1_ByG4UTL-j3W9fnEaZOjmUGZ-I2raFuIEBVkPCskpesY	s1_O3cuwuia8XT9TI7Nxr3tRcajOA20XFHEIT2fYX3WizY	1un2z2	qadv-arbiter-guided-7x7-v0.2.0	sha256:9c0e5e530df7db77a98f6a2e75fe63a6f629c6ad6563e0b5454793ebc243b14d	pathfinder-v0.3.0	-	D	P	196
g1_ByG4UTL-j3W9fnEaZOjmUGZ-I2raFuIEBVkPCskpesY	s1_TYXHQvjQZ2GJ5isdonJSbQODrFXbVToE7ZA6YAiW1Sw	1un3iA	qadv-arbiter-guided-7x7-v0.2.0	sha256:9c0e5e530df7db77a98f6a2e75fe63a6f629c6ad6563e0b5454793ebc243b14d	pathfinder-v0.3.0	-	D	P	196
g1_ByG4UTL-j3W9fnEaZOjmUGZ-I2raFuIEBVkPCskpesY	s1_k3puRqE8NWPGwCDwvbob-P5fduhbfDZ6XxhZ6wUA4ks	1un2z2	qadv-arbiter-guided-7x7-v0.2.0	sha256:9c0e5e530df7db77a98f6a2e75fe63a6f629c6ad6563e0b5454793ebc243b14d	pathfinder-v0.3.0	-	D	P	196
g1_ByG4UTL-j3W9fnEaZOjmUGZ-I2raFuIEBVkPCskpesY	s1_mcsGXC-XA63nqAx5kv-Q-y_EhXTqBFQ1AHeiXTSbYQk	1un2z2	qadv-arbiter-guided-7x7-v0.2.0	sha256:9c0e5e530df7db77a98f6a2e75fe63a6f629c6ad6563e0b5454793ebc243b14d	pathfinder-v0.3.0	-	D	P	196
g1_ByG4UTL-j3W9fnEaZOjmUGZ-I2raFuIEBVkPCskpesY	s1_uwbLtYhCIY1sqGt_H5JQsCHIctNBX0e3jgQb5Bvcxzo	1un3iA	qadv-arbiter-guided-7x7-v0.2.0	sha256:9c0e5e530df7db77a98f6a2e75fe63a6f629c6ad6563e0b5454793ebc243b14d	pathfinder-v0.3.0	-	D	P	196
g1_ByIjk-mM_tTC0FkSDMw577CPeqY12URasslBHdW81Y0	s1_FJa8SuOMsyQ7bVuVAJLPTvgR7cFJmyB6HjVNarIV1u4	1unLoG	qadv-arbiter-7x7-rust-lambda-v0.1.0	-	qadv-arbiter-7x7-rust-lambda-v0.1.0	-	D	P	196
g1_ByIjk-mM_tTC0FkSDMw577CPeqY12URasslBHdW81Y0	s1_H3UETeH28RTW4UxOFwAiGMkl5945zp_KUDWrZiORI88	1unLoG	qadv-arbiter-7x7-rust-lambda-v0.1.0	-	qadv-arbiter-7x7-rust-lambda-v0.1.0	-	D	P	196
g1_ByIjk-mM_tTC0FkSDMw577CPeqY12URasslBHdW81Y0	s1_RauLaTi4eVgYHSp2TV9pqs9uzTVv0B10g9TaHMWpcZ4	1unLoG	qadv-arbiter-7x7-rust-lambda-v0.1.0	-	qadv-arbiter-7x7-rust-lambda-v0.1.0	-	D	P	-
g1_ByIjk-mM_tTC0FkSDMw577CPeqY12URasslBHdW81Y0	s1_gePUG5UVTCQ-MmQTc1P0By_w3q-P6elAgyv3wleRMF0	1unLoG	qadv-arbiter-7x7-rust-lambda-v0.1.0	-	qadv-arbiter-7x7-rust-lambda-v0.1.0	-	D	P	196
g1_ByPB-pYWf9krfUFrq13ihcf_PBpjDYoueTEuN2vsuWo	s1_A5PZbDO7DcpgtN5Pu5fc6W0nMvV4sdK-nFTIIuJxuAY	1unOGe	qadv-arbiter-7x7-rust-lambda-v0.1.0	-	qadv-arbiter-7x7-rust-lambda-v0.1.0	-	D	P	196
g1_ByPB-pYWf9krfUFrq13ihcf_PBpjDYoueTEuN2vsuWo	s1_LGw5K0_YEUxhAB6P1iDvERnTkAk5s7iRbivUI2LFY4o	1unOGe	qadv-arbiter-7x7-rust-lambda-v0.1.0	-	qadv-arbiter-7x7-rust-lambda-v0.1.0	-	D	P	196
g1_ByPB-pYWf9krfUFrq13ihcf_PBpjDYoueTEuN2vsuWo	s1_RauLaTi4eVgYHSp2TV9pqs9uzTVv0B10g9TaHMWpcZ4	1unOGe	qadv-arbiter-7x7-rust-lambda-v0.1.0	-	qadv-arbiter-7x7-rust-lambda-v0.1.0	-	D	P	-
g1_ByPB-pYWf9krfUFrq13ihcf_PBpjDYoueTEuN2vsuWo	s1_Rb6Zz31j9C7jK7hLTDksjSHUQlOkJ6qWMBznEnW1GV0	1unOGe	qadv-arbiter-7x7-rust-lambda-v0.1.0	-	qadv-arbiter-7x7-rust-lambda-v0.1.0	-	D	P	196
g1_ByYMne7zG4PyqOYUuSEh9d-EN64-AN213gQd67ogZOc	s1_Chwe1oEh1Oy5u_Dx54ccKSvJhzKDXif5uM64BvXoD8U	1unNYq	qadv-arbiter-7x7-rust-lambda-v0.1.0	-	qadv-arbiter-7x7-rust-lambda-v0.1.0	-	L	P	196
g1_ByYMne7zG4PyqOYUuSEh9d-EN64-AN213gQd67ogZOc	s1_IS-0mVLwvHEZQAQMmjVDvDTHcdfT2s69OnN-ee3Xm60	1unNYq	qadv-arbiter-7x7-rust-lambda-v0.1.0	-	qadv-arbiter-7x7-rust-lambda-v0.1.0	-	L	P	196
g1_ByYMne7zG4PyqOYUuSEh9d-EN64-AN213gQd67ogZOc	s1_RQJGwp-CylRCgM01XAXZVvgyPfOoZnGvy37pfjHzn0Y	1unNYq	qadv-arbiter-7x7-rust-lambda-v0.1.0	-	qadv-arbiter-7x7-rust-lambda-v0.1.0	-	L	P	196
g1_ByYMne7zG4PyqOYUuSEh9d-EN64-AN213gQd67ogZOc	s1_RauLaTi4eVgYHSp2TV9pqs9uzTVv0B10g9TaHMWpcZ4	1unNYq	qadv-arbiter-7x7-rust-lambda-v0.1.0	-	qadv-arbiter-7x7-rust-lambda-v0.1.0	-	L	P	-
g1_By_xSAtfYBpgBgDAAYyZPN5G5TtlHvZLsoo0OMCPd8k	s1_1LB6NAgPOeCp4r8rQw4kUOIXWpEdWysFm5RZjWCQSgc	1umwcW	python-gnn-puct-learner-v0.1.0	sha256:ab0f739cd33d66781faf60e27797c5ccba3c04ba684f8d9e32e9c2754f4e8956	python-gnn-puct-learner-v0.1.0	sha256:ab0f739cd33d66781faf60e27797c5ccba3c04ba684f8d9e32e9c2754f4e8956	D	P	196
g1_By_xSAtfYBpgBgDAAYyZPN5G5TtlHvZLsoo0OMCPd8k	s1_P4NHYhwuVnEA-dG2X-UVeVotb84A5mwljbYTlTMqr8w	1umwcW	python-gnn-puct-learner-v0.1.0	sha256:ab0f739cd33d66781faf60e27797c5ccba3c04ba684f8d9e32e9c2754f4e8956	python-gnn-puct-learner-v0.1.0	sha256:ab0f739cd33d66781faf60e27797c5ccba3c04ba684f8d9e32e9c2754f4e8956	D	P	196
g1_Bye5iFSIvzYXDzL3O7k5Oui_OA2ei03HDdx4Vhwut1E	s1_05bemYUvUh8X2AStpIjKUsbzAxhaWwW0E8cRv19DM8E	1unQf2	qadv-arbiter-7x7-v0.1.0	-	pathfinder-v0.3.0	-	D	P	196
g1_Bye5iFSIvzYXDzL3O7k5Oui_OA2ei03HDdx4Vhwut1E	s1_2FtaP75xgRVTNrUvmC0NIesJCNy8IDFJ05WNM4nUnpg	1unQf2	qadv-arbiter-7x7-v0.1.0	-	pathfinder-v0.3.0	-	D	P	196
g1_Bye5iFSIvzYXDzL3O7k5Oui_OA2ei03HDdx4Vhwut1E	s1_RauLaTi4eVgYHSp2TV9pqs9uzTVv0B10g9TaHMWpcZ4	1unQf2	qadv-arbiter-7x7-v0.1.0	-	pathfinder-v0.3.0	-	D	P	-
g1_Bye5iFSIvzYXDzL3O7k5Oui_OA2ei03HDdx4Vhwut1E	s1_a3xFQY41G9nPPc4_GbESq-0eN3mRycIC2y9N09PKA5E	1unQf2	qadv-arbiter-7x7-v0.1.0	-	pathfinder-v0.3.0	-	D	P	196
g1_ByeO-l_ydN8rKSrbPmuDfNFo0hZumnOTN4dzx8vpdpc	s1_2FtaP75xgRVTNrUvmC0NIesJCNy8IDFJ05WNM4nUnpg	1unQnG	qadv-arbiter-7x7-v0.1.0	-	pathfinder-v0.3.0	-	D	P	196
g1_ByeO-l_ydN8rKSrbPmuDfNFo0hZumnOTN4dzx8vpdpc	s1_7m6rzVUMwKb2ze4m0l4101Ex_LeBD751xgIP1pyiYhY	1unQnG	qadv-arbiter-7x7-v0.1.0	-	pathfinder-v0.3.0	-	D	P	196
g1_ByeO-l_ydN8rKSrbPmuDfNFo0hZumnOTN4dzx8vpdpc	s1_J6MvVtPZXhES4drtPfInNYsgb7c_z0TuRLMvy4PDrvg	1unQnG	qadv-arbiter-7x7-v0.1.0	-	pathfinder-v0.3.0	-	D	P	196
g1_ByeO-l_ydN8rKSrbPmuDfNFo0hZumnOTN4dzx8vpdpc	s1_NC2deB8rHuP6ihIC9nQi_5XbdSRoWRA50trZ38gDzW8	1unQnG	qadv-arbiter-7x7-v0.1.0	-	pathfinder-v0.3.0	-	D	P	196
g1_ByeO-l_ydN8rKSrbPmuDfNFo0hZumnOTN4dzx8vpdpc	s1_RauLaTi4eVgYHSp2TV9pqs9uzTVv0B10g9TaHMWpcZ4	1unQnG	qadv-arbiter-7x7-v0.1.0	-	pathfinder-v0.3.0	-	D	P	-
g1_BygotE3-R_xANfuVqbTAxVrDoExGU4iJ-b2ifGS8c78	s1_1av6nXQkq-GSHXfjkVlGHGpAq8F9UbW4JwZmyFA-vww	1umvLK	python-gnn-puct-learner-v0.1.0	sha256:ab0f739cd33d66781faf60e27797c5ccba3c04ba684f8d9e32e9c2754f4e8956	python-gnn-puct-learner-v0.1.0	sha256:ab0f739cd33d66781faf60e27797c5ccba3c04ba684f8d9e32e9c2754f4e8956	-	M	196
g1_BygotE3-R_xANfuVqbTAxVrDoExGU4iJ-b2ifGS8c78	s1_Brk0hkuJoH-MBjdd53AO5tlWcOgDWV_R0PO74fHGd_0	1umvLK	python-gnn-puct-learner-v0.1.0	sha256:ab0f739cd33d66781faf60e27797c5ccba3c04ba684f8d9e32e9c2754f4e8956	python-gnn-puct-learner-v0.1.0	sha256:ab0f739cd33d66781faf60e27797c5ccba3c04ba684f8d9e32e9c2754f4e8956	-	M	196
g1_BygotE3-R_xANfuVqbTAxVrDoExGU4iJ-b2ifGS8c78	s1_QBFUsDtxokERlDOdQkleYbPvhJ-vIp2qmp6DXjS-7oM	1umvLK	python-gnn-puct-learner-v0.1.0	sha256:ab0f739cd33d66781faf60e27797c5ccba3c04ba684f8d9e32e9c2754f4e8956	python-gnn-puct-learner-v0.1.0	sha256:ab0f739cd33d66781faf60e27797c5ccba3c04ba684f8d9e32e9c2754f4e8956	-	M	196
g1_BypzY6eoDnd3tj8np7BO3nTOfRI6XgA7vUqBxhT9v3c	s1_O3cuwuia8XT9TI7Nxr3tRcajOA20XFHEIT2fYX3WizY	1un3gy	qadv-arbiter-guided-7x7-v0.2.0	sha256:9c0e5e530df7db77a98f6a2e75fe63a6f629c6ad6563e0b5454793ebc243b14d	pathfinder-v0.3.0	-	D	P	196
g1_BypzY6eoDnd3tj8np7BO3nTOfRI6XgA7vUqBxhT9v3c	s1_TYXHQvjQZ2GJ5isdonJSbQODrFXbVToE7ZA6YAiW1Sw	1un3gy	qadv-arbiter-guided-7x7-v0.2.0	sha256:9c0e5e530df7db77a98f6a2e75fe63a6f629c6ad6563e0b5454793ebc243b14d	pathfinder-v0.3.0	-	D	P	196
g1_BypzY6eoDnd3tj8np7BO3nTOfRI6XgA7vUqBxhT9v3c	s1_uwbLtYhCIY1sqGt_H5JQsCHIctNBX0e3jgQb5Bvcxzo	1un3gy	qadv-arbiter-guided-7x7-v0.2.0	sha256:9c0e5e530df7db77a98f6a2e75fe63a6f629c6ad6563e0b5454793ebc243b14d	pathfinder-v0.3.0	-	D	P	196
g1_Bz5yokiva5ruQQ9tA_GSwMtyCACoyu3cMvr_emx3rM4	s1_2DfXUwctrxgFnonuT-f1kS_GJ3Ow6frdwQTIMk_8iIE	1unMU3	qadv-arbiter-7x7-rust-lambda-v0.1.0	-	qadv-arbiter-7x7-rust-lambda-v0.1.0	-	D	P	196
g1_Bz5yokiva5ruQQ9tA_GSwMtyCACoyu3cMvr_emx3rM4	s1_RauLaTi4eVgYHSp2TV9pqs9uzTVv0B10g9TaHMWpcZ4	1unMU3	qadv-arbiter-7x7-rust-lambda-v0.1.0	-	qadv-arbiter-7x7-rust-lambda-v0.1.0	-	D	P	-
g1_Bz5yokiva5ruQQ9tA_GSwMtyCACoyu3cMvr_emx3rM4	s1_gAsGbsfVIVGWBJUve0Q5XFTh_iLhsDMNCYqORoCjvSQ	1unMU3	qadv-arbiter-7x7-rust-lambda-v0.1.0	-	qadv-arbiter-7x7-rust-lambda-v0.1.0	-	D	P	196
g1_Bz5yokiva5ruQQ9tA_GSwMtyCACoyu3cMvr_emx3rM4	s1_vWrKRMtqaFqBoNyGI_XRcSN8oleE8ED8D1_pfvV1i_o	1unMU3	qadv-arbiter-7x7-rust-lambda-v0.1.0	-	qadv-arbiter-7x7-rust-lambda-v0.1.0	-	D	P	196
g1_Bz9P4gaUK_nK_v1qAogqeniRU4Vr1RHbqhApUguuvqA	s1_1vl5TuClgU6rvkDwYhUij_N28PGvP8LlwNDFT8ugwEM	1unOuu	qadv-arbiter-7x7-rust-lambda-v0.1.0	-	qadv-arbiter-7x7-rust-lambda-v0.1.0	-	L	P	196
g1_Bz9P4gaUK_nK_v1qAogqeniRU4Vr1RHbqhApUguuvqA	s1_FPb2hZiySwN0oZu0WlN-4Dbk9MviPt9-iEP0-zKngFQ	1unOuu	qadv-arbiter-7x7-rust-lambda-v0.1.0	-	qadv-arbiter-7x7-rust-lambda-v0.1.0	-	L	P	196
g1_Bz9P4gaUK_nK_v1qAogqeniRU4Vr1RHbqhApUguuvqA	s1_RauLaTi4eVgYHSp2TV9pqs9uzTVv0B10g9TaHMWpcZ4	1unOuu	qadv-arbiter-7x7-rust-lambda-v0.1.0	-	qadv-arbiter-7x7-rust-lambda-v0.1.0	-	L	P	-
g1_Bz9P4gaUK_nK_v1qAogqeniRU4Vr1RHbqhApUguuvqA	s1_lsi9G_aqOoJU7mqU3xNbTwnyUlL99M6fVrUfr9iJWY8	1unOuu	qadv-arbiter-7x7-rust-lambda-v0.1.0	-	qadv-arbiter-7x7-rust-lambda-v0.1.0	-	L	P	196
g1_BzNAq6I7VNPNzUTqP9rTKpvhk-jRggCnPiVJhVn4Bew	s1_1LB6NAgPOeCp4r8rQw4kUOIXWpEdWysFm5RZjWCQSgc	1umwX0	python-gnn-puct-learner-v0.1.0	sha256:ab0f739cd33d66781faf60e27797c5ccba3c04ba684f8d9e32e9c2754f4e8956	python-gnn-puct-learner-v0.1.0	sha256:ab0f739cd33d66781faf60e27797c5ccba3c04ba684f8d9e32e9c2754f4e8956	L	P	196
g1_BzNAq6I7VNPNzUTqP9rTKpvhk-jRggCnPiVJhVn4Bew	s1_P4NHYhwuVnEA-dG2X-UVeVotb84A5mwljbYTlTMqr8w	1umwX0	python-gnn-puct-learner-v0.1.0	sha256:ab0f739cd33d66781faf60e27797c5ccba3c04ba684f8d9e32e9c2754f4e8956	python-gnn-puct-learner-v0.1.0	sha256:ab0f739cd33d66781faf60e27797c5ccba3c04ba684f8d9e32e9c2754f4e8956	L	P	196
g1_BzTNq0nTqWvb3SPJCMZaO9gERSpxBoGeKK2sNtKfuiA	s1_1av6nXQkq-GSHXfjkVlGHGpAq8F9UbW4JwZmyFA-vww	1umx9T	lunatic-v0.1.0	-	coin-flip-v0.0.1	-	L	P	196
g1_BzTNq0nTqWvb3SPJCMZaO9gERSpxBoGeKK2sNtKfuiA	s1_Brk0hkuJoH-MBjdd53AO5tlWcOgDWV_R0PO74fHGd_0	1umx9T	lunatic-v0.1.0	-	coin-flip-v0.0.1	-	L	P	196
g1_BzTNq0nTqWvb3SPJCMZaO9gERSpxBoGeKK2sNtKfuiA	s1_dcEgf_s_8JfAgzbYFm9Z15BWrFU6bsc6MzE1gZNvlP4	1umx9T	lunatic-v0.1.0	-	coin-flip-v0.0.1	-	L	P	196
