# g1-key	source	seed64	light	light-model	dark	dark-model	winner	reason	max-plies
g1_U--DKUGxrF1ujggRetuCKbjdp0GRLjV1ddMkHqNUglg	s1_6PxtazPxkizz7K9QTWPSCIopEV5n0zpHoq3F52yO_6U	1umwfW	python-cnn-puct-v0.1.0	sha256:7845e9b7687beee165dc36b8d21833b7a8b5a83e31b58b49bd05c277ba26e642	python-cnn-puct-v0.1.0	sha256:7845e9b7687beee165dc36b8d21833b7a8b5a83e31b58b49bd05c277ba26e642	D	P	196
g1_U--DKUGxrF1ujggRetuCKbjdp0GRLjV1ddMkHqNUglg	s1_baRgKA_wMXdl0r4AwdkUfhWC04qxd1MvEGXAQaDd4fo	1umwfW	python-cnn-puct-v0.1.0	sha256:7845e9b7687beee165dc36b8d21833b7a8b5a83e31b58b49bd05c277ba26e642	python-cnn-puct-v0.1.0	sha256:7845e9b7687beee165dc36b8d21833b7a8b5a83e31b58b49bd05c277ba26e642	D	P	196
g1_U-666B3uhkmzcvAXWiErg3FFebIzi0xDNQrI6Jv69xA	s1_RauLaTi4eVgYHSp2TV9pqs9uzTVv0B10g9TaHMWpcZ4	1unOp2	qadv-arbiter-7x7-rust-lambda-v0.1.0	-	qadv-arbiter-7x7-rust-lambda-v0.1.0	-	L	P	-
g1_U-666B3uhkmzcvAXWiErg3FFebIzi0xDNQrI6Jv69xA	s1_X4be-HWxRaTw-YRu71bem_ONer84lwaXWs3rSuBeFq8	1unOp2	qadv-arbiter-7x7-rust-lambda-v0.1.0	-	qadv-arbiter-7x7-rust-lambda-v0.1.0	-	L	P	196
g1_U-666B3uhkmzcvAXWiErg3FFebIzi0xDNQrI6Jv69xA	s1__KZlaeckRk-TWIlet0Zz0Vw9x5rtMMwqMzzlur18IQQ	1unOp2	qadv-arbiter-7x7-rust-lambda-v0.1.0	-	qadv-arbiter-7x7-rust-lambda-v0.1.0	-	L	P	196
g1_U-666B3uhkmzcvAXWiErg3FFebIzi0xDNQrI6Jv69xA	s1_m2OZKLsAvPJn0ikQ0gqr_07PM73IFnAbaAN7g25Nu9c	1unOp2	qadv-arbiter-7x7-rust-lambda-v0.1.0	-	qadv-arbiter-7x7-rust-lambda-v0.1.0	-	L	P	196
g1_U-EvdBbCs3ppPPNNKDlmvKB1QWwOSAfxmxZ03kvn4rY	s1_RauLaTi4eVgYHSp2TV9pqs9uzTVv0B10g9TaHMWpcZ4	1unNK2	qadv-arbiter-7x7-rust-lambda-v0.1.0	-	qadv-arbiter-7x7-rust-lambda-v0.1.0	-	L	P	-
g1_U-EvdBbCs3ppPPNNKDlmvKB1QWwOSAfxmxZ03kvn4rY	s1_YtA1DM9YiewWKQif17SyWr9rNlbuimPb6nPZFo1qXek	1unNK2	qadv-arbiter-7x7-rust-lambda-v0.1.0	-	qadv-arbiter-7x7-rust-lambda-v0.1.0	-	L	P	196
g1_U-EvdBbCs3ppPPNNKDlmvKB1QWwOSAfxmxZ03kvn4rY	s1_eo-QbI93zdZwpGJ6saxwhqw5-Af2l6rTFPKpMea2CU0	1unNK2	qadv-arbiter-7x7-rust-lambda-v0.1.0	-	qadv-arbiter-7x7-rust-lambda-v0.1.0	-	L	P	196
g1_U-EvdBbCs3ppPPNNKDlmvKB1QWwOSAfxmxZ03kvn4rY	s1_jvMOmZHZJ7uizTZKbGWrBP-Yqp6hi1b8HYkwKfHmgkQ	1unNK2	qadv-arbiter-7x7-rust-lambda-v0.1.0	-	qadv-arbiter-7x7-rust-lambda-v0.1.0	-	L	P	196
g1_U-G_lfSjXzyJsq-RexJ3KscpM74VZy4t01qqOvS7jU4	s1_JmPZgP7MyEdLofgpDc0YhbjPrq89Z2MSX7pQwsZaof0	1unNrs	qadv-arbiter-7x7-rust-lambda-v0.1.0	-	qadv-arbiter-7x7-rust-lambda-v0.1.0	-	D	P	196
g1_U-G_lfSjXzyJsq-RexJ3KscpM74VZy4t01qqOvS7jU4	s1_RauLaTi4eVgYHSp2TV9pqs9uzTVv0B10g9TaHMWpcZ4	1unNrs	qadv-arbiter-7x7-rust-lambda-v0.1.0	-	qadv-arbiter-7x7-rust-lambda-v0.1.0	-	D	P	-
g1_U-G_lfSjXzyJsq-RexJ3KscpM74VZy4t01qqOvS7jU4	s1_csCQh879d8Zp3Gr0Ml-M58EXjihht4I-pBoQxGZCPOs	1unNrs	qadv-arbiter-7x7-rust-lambda-v0.1.0	-	qadv-arbiter-7x7-rust-lambda-v0.1.0	-	D	P	196
g1_U-G_lfSjXzyJsq-RexJ3KscpM74VZy4t01qqOvS7jU4	s1_fNQUx4EHnxk1LLQj3vGBQ64ddDQmFIcMJV91uhCls9Y	1unNrs	qadv-arbiter-7x7-rust-lambda-v0.1.0	-	qadv-arbiter-7x7-rust-lambda-v0.1.0	-	D	P	196
g1_U-I15dHPcgUEq8GzrYAT8QLYQSNmeK4XpzLs6TnJ4DM	s1_3kON8gTuLtfCs5a89XM8pQc4-EqYaL-DMWklvbODkts	1unOMQ	qadv-arbiter-7x7-rust-lambda-v0.1.0	-	qadv-arbiter-7x7-rust-lambda-v0.1.0	-	L	P	196
g1_U-I15dHPcgUEq8GzrYAT8QLYQSNmeK4XpzLs6TnJ4DM	s1_LRWUdwyCgT8tymmSY2hw7ogN2WwvDctenXmwLLkPG38	1unOMQ	qadv-arbiter-7x7-rust-lambda-v0.1.0	-	qadv-arbiter-7x7-rust-lambda-v0.1.0	-	L	P	196
g1_U-I15dHPcgUEq8GzrYAT8QLYQSNmeK4XpzLs6TnJ4DM	s1_R-s6MYxo794aY986tUIewnUtnpZ0RWKOb2ikdUKblXI	1unOMQ	qadv-arbiter-7x7-rust-lambda-v0.1.0	-	qadv-arbiter-7x7-rust-lambda-v0.1.0	-	L	P	196
g1_U-I15dHPcgUEq8GzrYAT8QLYQSNmeK4XpzLs6TnJ4DM	s1_RauLaTi4eVgYHSp2TV9pqs9uzTVv0B10g9TaHMWpcZ4	1unOMQ	qadv-arbiter-7x7-rust-lambda-v0.1.0	-	qadv-arbiter-7x7-rust-lambda-v0.1.0	-	L	P	-
g1_U-OGE1C2L34_4yh1FkTJanebbPihzQ-V6CntxaZXC24	s1_MmPNJbZIXsGgNQ3yMNOIcplaNCq-6nXyU_5T6JARbCk	1unOVG	qadv-arbiter-7x7-rust-lambda-v0.1.0	-	qadv-arbiter-7x7-rust-lambda-v0.1.0	-	D	P	196
g1_U-OGE1C2L34_4yh1FkTJanebbPihzQ-V6CntxaZXC24	s1_RauLaTi4eVgYHSp2TV9pqs9uzTVv0B10g9TaHMWpcZ4	1unOVG	qadv-arbiter-7x7-rust-lambda-v0.1.0	-	qadv-arbiter-7x7-rust-lambda-v0.1.0	-	D	P	-
g1_U-OGE1C2L34_4yh1FkTJanebbPihzQ-V6CntxaZXC24	s1_STgq2K5nRjGV99-SkIu3OxFtBnmgvS3aDmTpCKk_Jiw	1unOVG	qadv-arbiter-7x7-rust-lambda-v0.1.0	-	qadv-arbiter-7x7-rust-lambda-v0.1.0	-	D	P	196
g1_U-OGE1C2L34_4yh1FkTJanebbPihzQ-V6CntxaZXC24	s1_UnE3F21SbS7Hjg5l9rug1jq0kuhVZBvUgCKc7MpRAcA	1unOVG	qadv-arbiter-7x7-rust-lambda-v0.1.0	-	qadv-arbiter-7x7-rust-lambda-v0.1.0	-	D	P	196
g1_U-Rqy9RRQCk4HLsm36SVqxlskyCQ7d2syHP5I2SIFsY	s1_F1H_gEBD_ZVN4ujKC_ocAFNHBMbVdfwkVECY-s4Lkh8	1unMkB	qadv-arbiter-7x7-rust-lambda-v0.1.0	-	qadv-arbiter-7x7-rust-lambda-v0.1.0	-	L	P	196
g1_U-Rqy9RRQCk4HLsm36SVqxlskyCQ7d2syHP5I2SIFsY	s1_RauLaTi4eVgYHSp2TV9pqs9uzTVv0B10g9TaHMWpcZ4	1unMkB	qadv-arbiter-7x7-rust-lambda-v0.1.0	-	qadv-arbiter-7x7-rust-lambda-v0.1.0	-	L	P	-
g1_U-Rqy9RRQCk4HLsm36SVqxlskyCQ7d2syHP5I2SIFsY	s1_u2_8qV8x-0hygQql3HYVEIJx6wNbKmZqU6IZIldZzlY	1unMkB	qadv-arbiter-7x7-rust-lambda-v0.1.0	-	qadv-arbiter-7x7-rust-lambda-v0.1.0	-	L	P	196
g1_U-Rqy9RRQCk4HLsm36SVqxlskyCQ7d2syHP5I2SIFsY	s1_vq1j9z1v5OXkGyEh7Rf8AeWkjZiCO8b8a3eWNakpOuM	1unMkB	qadv-arbiter-7x7-rust-lambda-v0.1.0	-	qadv-arbiter-7x7-rust-lambda-v0.1.0	-	L	P	196
g1_U-WUH774urNEOfKBzBGQQ4kh2ivzXXsQ9jQJPELf0YA	s1_O3cuwuia8XT9TI7Nxr3tRcajOA20XFHEIT2fYX3WizY	1un84n	lunatic-v0.1.0	-	qadv-arbiter-guided-7x7-v0.2.0	sha256:9c0e5e530df7db77a98f6a2e75fe63a6f629c6ad6563e0b5454793ebc243b14d	D	P	196
g1_U-WUH774urNEOfKBzBGQQ4kh2ivzXXsQ9jQJPELf0YA	s1_drwWHr88n5PHYXIJGnKpx-y8JqbXQRDIoBOZBq51V9A	1un84n	lunatic-v0.1.0	-	qadv-arbiter-guided-7x7-v0.2.0	sha256:9c0e5e530df7db77a98f6a2e75fe63a6f629c6ad6563e0b5454793ebc243b14d	D	P	196
g1_U-WUH774urNEOfKBzBGQQ4kh2ivzXXsQ9jQJPELf0YA	s1_uNE2RRSas7wVxrbKCpysvoEzwr-UauUp2QWOY6qQOQ8	1un84n	lunatic-v0.1.0	-	qadv-arbiter-guided-7x7-v0.2.0	sha256:9c0e5e530df7db77a98f6a2e75fe63a6f629c6ad6563e0b5454793ebc243b14d	D	P	196
g1_U-s6ObAHMTFgmGnGYRxzAJc4CO3kNpmNkUdfitxIcu4	s1_o7RP2IY9s3mqKvqYIj2ZNZAFKv94sqfY-4BrL3_gKy0	1DLTe	python-gnn-puct-v0.1.0	-	python-gnn-puct-v0.1.0	-	D	P	-
g1_U-uYCesjAbKIeJkpSKsIZklXNKZ2mTeB38aok4pQIdU	s1_1av6nXQkq-GSHXfjkVlGHGpAq8F9UbW4JwZmyFA-vww	1DIez	python-gnn-puct-v0.1.0	sha256:6f9ad6e4a0993da3cf34a8549e86f9b5d512c51e11bfa76dfe051e7a8801bdac	python-gnn-puct-v0.1.0	sha256:6f9ad6e4a0993da3cf34a8549e86f9b5d512c51e11bfa76dfe051e7a8801bdac	L	P	196
g1_U-uYCesjAbKIeJkpSKsIZklXNKZ2mTeB38aok4pQIdU	s1_del54SUFELBov5vQFrhsVexn6D9EhUPDFZpXuqC6eCI	1DIez	python-gnn-puct-v0.1.0	sha256:6f9ad6e4a0993da3cf34a8549e86f9b5d512c51e11bfa76dfe051e7a8801bdac	python-gnn-puct-v0.1.0	sha256:6f9ad6e4a0993da3cf34a8549e86f9b5d512c51e11bfa76dfe051e7a8801bdac	L	P	196
g1_U-uYCesjAbKIeJkpSKsIZklXNKZ2mTeB38aok4pQIdU	s1_g5pGkHBMEhzAYvwFY0b24sSc7wC9JfnWApMHHZ_aMPI	1DIez	python-gnn-puct-v0.1.0	sha256:6f9ad6e4a0993da3cf34a8549e86f9b5d512c51e11bfa76dfe051e7a8801bdac	python-gnn-puct-v0.1.0	sha256:6f9ad6e4a0993da3cf34a8549e86f9b5d512c51e11bfa76dfe051e7a8801bdac	L	P	196
g1_U-uYCesjAbKIeJkpSKsIZklXNKZ2mTeB38aok4pQIdU	s1_mWPTef6xYbijjPhDIC6QgLRmu2mMSJAokNlIkx3vg54	1DIez	python-gnn-puct-v0.1.0	sha256:6f9ad6e4a0993da3cf34a8549e86f9b5d512c51e11bfa76dfe051e7a8801bdac	python-gnn-puct-v0.1.0	sha256:6f9ad6e4a0993da3cf34a8549e86f9b5d512c51e11bfa76dfe051e7a8801bdac	L	P	196
g1_U-uYCesjAbKIeJkpSKsIZklXNKZ2mTeB38aok4pQIdU	s1_tol_POp6BcgBLMWq8iDfRBQSAXpESHxFwmcCQYXv0yQ	1DIez	python-gnn-puct-v0.1.0	sha256:6f9ad6e4a0993da3cf34a8549e86f9b5d512c51e11bfa76dfe051e7a8801bdac	python-gnn-puct-v0.1.0	sha256:6f9ad6e4a0993da3cf34a8549e86f9b5d512c51e11bfa76dfe051e7a8801bdac	L	P	196
g1_U-zjzE1g8tSoi3-8wQBoI_1rS4hVJcwu670ApoFtgUQ	s1_1av6nXQkq-GSHXfjkVlGHGpAq8F9UbW4JwZmyFA-vww	1DIZB	python-gnn-puct-v0.1.0	sha256:6f9ad6e4a0993da3cf34a8549e86f9b5d512c51e11bfa76dfe051e7a8801bdac	python-gnn-puct-v0.1.0	sha256:6f9ad6e4a0993da3cf34a8549e86f9b5d512c51e11bfa76dfe051e7a8801bdac	-	M	196
g1_U-zjzE1g8tSoi3-8wQBoI_1rS4hVJcwu670ApoFtgUQ	s1_Brk0hkuJoH-MBjdd53AO5tlWcOgDWV_R0PO74fHGd_0	1DIZB	python-gnn-puct-v0.1.0	sha256:6f9ad6e4a0993da3cf34a8549e86f9b5d512c51e11bfa76dfe051e7a8801bdac	python-gnn-puct-v0.1.0	sha256:6f9ad6e4a0993da3cf34a8549e86f9b5d512c51e11bfa76dfe051e7a8801bdac	-	M	196
g1_U-zjzE1g8tSoi3-8wQBoI_1rS4hVJcwu670ApoFtgUQ	s1_KmF8KhDbubz6lwdS8R_n_yTGdSONmH9B1wUABbyCj94	1DIZB	python-gnn-puct-v0.1.0	sha256:6f9ad6e4a0993da3cf34a8549e86f9b5d512c51e11bfa76dfe051e7a8801bdac	python-gnn-puct-v0.1.0	sha256:6f9ad6e4a0993da3cf34a8549e86f9b5d512c51e11bfa76dfe051e7a8801bdac	-	M	196
g1_U-zjzE1g8tSoi3-8wQBoI_1rS4hVJcwu670ApoFtgUQ	s1_g5pGkHBMEhzAYvwFY0b24sSc7wC9JfnWApMHHZ_aMPI	1DIZB	python-gnn-puct-v0.1.0	sha256:6f9ad6e4a0993da3cf34a8549e86f9b5d512c51e11bfa76dfe051e7a8801bdac	python-gnn-puct-v0.1.0	sha256:6f9ad6e4a0993da3cf34a8549e86f9b5d512c51e11bfa76dfe051e7a8801bdac	-	M	196
g1_U-zjzE1g8tSoi3-8wQBoI_1rS4hVJcwu670ApoFtgUQ	s1_tol_POp6BcgBLMWq8iDfRBQSAXpESHxFwmcCQYXv0yQ	1DIZB	python-gnn-puct-v0.1.0	sha256:6f9ad6e4a0993da3cf34a8549e86f9b5d512c51e11bfa76dfe051e7a8801bdac	python-gnn-puct-v0.1.0	sha256:6f9ad6e4a0993da3cf34a8549e86f9b5d512c51e11bfa76dfe051e7a8801bdac	-	M	196
g1_U08Leeq4ZTK8GHwfypJ3ZgqXzwdUmsTsHvF8edCFWLI	s1_O41W5II-9DQWGzIDp-XInIf--nAYTx6-iX-F8Z_ATZU	1unNtg	qadv-arbiter-7x7-rust-lambda-v0.1.0	-	qadv-arbiter-7x7-rust-lambda-v0.1.0	-	D	P	196
g1_U08Leeq4ZTK8GHwfypJ3ZgqXzwdUmsTsHvF8edCFWLI	s1_RBxxC0w26BOvZtfqsGArqGlDsU_2B-qoTkqh1GDsQKA	1unNtg	qadv-arbiter-7x7-rust-lambda-v0.1.0	-	qadv-arbiter-7x7-rust-lambda-v0.1.0	-	D	P	196
g1_U08Leeq4ZTK8GHwfypJ3ZgqXzwdUmsTsHvF8edCFWLI	s1_RauLaTi4eVgYHSp2TV9pqs9uzTVv0B10g9TaHMWpcZ4	1unNtg	qadv-arbiter-7x7-rust-lambda-v0.1.0	-	qadv-arbiter-7x7-rust-lambda-v0.1.0	-	D	P	-
g1_U08Leeq4ZTK8GHwfypJ3ZgqXzwdUmsTsHvF8edCFWLI	s1_epePqEV461Bjof-aVPVn0NlM8XNHMyXgOh1QYNAlvnc	1unNtg	qadv-arbiter-7x7-rust-lambda-v0.1.0	-	qadv-arbiter-7x7-rust-lambda-v0.1.0	-	D	P	196
g1_U0GsQHn0x7u-WbPbzNUjLzAG7JjEnqbbngNbi_B4V84	s1_FbY8I2Pt_mnSQik_JKrOb6QA7MCfMSqQ-kqPq775_mY	1unMXZ	qadv-arbiter-7x7-rust-lambda-v0.1.0	-	qadv-arbiter-7x7-rust-lambda-v0.1.0	-	D	P	196
g1_U0GsQHn0x7u-WbPbzNUjLzAG7JjEnqbbngNbi_B4V84	s1_MU350zngRowMepnL9oZx1U0bNaFWRpKIQfb9vGZb3SU	1unMXZ	qadv-arbiter-7x7-rust-lambda-v0.1.0	-	qadv-arbiter-7x7-rust-lambda-v0.1.0	-	D	P	196
g1_U0GsQHn0x7u-WbPbzNUjLzAG7JjEnqbbngNbi_B4V84	s1_RauLaTi4eVgYHSp2TV9pqs9uzTVv0B10g9TaHMWpcZ4	1unMXZ	qadv-arbiter-7x7-rust-lambda-v0.1.0	-	qadv-arbiter-7x7-rust-lambda-v0.1.0	-	D	P	-
g1_U0GsQHn0x7u-WbPbzNUjLzAG7JjEnqbbngNbi_B4V84	s1_Rk9EPQAVKLQpBAHwB9nm4Csyz1a1ctC8sibDf--_uBs	1unMXZ	qadv-arbiter-7x7-rust-lambda-v0.1.0	-	qadv-arbiter-7x7-rust-lambda-v0.1.0	-	D	P	196
g1_U0HRKz64tf5iQM-t4Z0MdLhwCSSy5aHRoMSE4EFo6-k	s1_O3cuwuia8XT9TI7Nxr3tRcajOA20XFHEIT2fYX3WizY	1un59o	qadv-arbiter-guided-7x7-v0.2.0	sha256:9c0e5e530df7db77a98f6a2e75fe63a6f629c6ad6563e0b5454793ebc243b14d	surveyor-v0.2.0	-	D	P	196
g1_U0HRKz64tf5iQM-t4Z0MdLhwCSSy5aHRoMSE4EFo6-k	s1_ROUz_g0kquKNGB878B9BMwA5nL4cZcvmffEeoUgiR_k	1un59o	qadv-arbiter-guided-7x7-v0.2.0	sha256:9c0e5e530df7db77a98f6a2e75fe63a6f629c6ad6563e0b5454793ebc243b14d	surveyor-v0.2.0	-	D	P	196
g1_U0HRKz64tf5iQM-t4Z0MdLhwCSSy5aHRoMSE4EFo6-k	s1_TNJsSJjRaHDJ2Q7UUQmoz_QE1P-V3BTy5CQvqN4z6Bw	1un59o	qadv-arbiter-guided-7x7-v0.2.0	sha256:9c0e5e530df7db77a98f6a2e75fe63a6f629c6ad6563e0b5454793ebc243b14d	surveyor-v0.2.0	-	D	P	196
g1_U0SVRiKKyFGvL26WxwdldEt1EpDCsHSFyRWwRu0Z6c0	s1_1av6nXQkq-GSHXfjkVlGHGpAq8F9UbW4JwZmyFA-vww	1ETSG	gnn-generation-4-7x7	sha256:d46ba89987292c56b659843817a24bf5357d9a2bae8c3cfac720281eea70e3e7	lunatic-v0.1.0	-	D	P	196
g1_U0SVRiKKyFGvL26WxwdldEt1EpDCsHSFyRWwRu0Z6c0	s1_Brk0hkuJoH-MBjdd53AO5tlWcOgDWV_R0PO74fHGd_0	1ETSG	gnn-generation-4-7x7	sha256:d46ba89987292c56b659843817a24bf5357d9a2bae8c3cfac720281eea70e3e7	lunatic-v0.1.0	-	D	P	196
g1_U0SVRiKKyFGvL26WxwdldEt1EpDCsHSFyRWwRu0Z6c0	s1_ey0X9h1GlZ80KZNtd0_1PnIwLX-7eb1fQjiCa9wrhUM	1Es6Q	gnn-generation-4-7x7	sha256:d46ba89987292c56b659843817a24bf5357d9a2bae8c3cfac720281eea70e3e7	lunatic-v0.1.0	-	D	P	196
g1_U0SVRiKKyFGvL26WxwdldEt1EpDCsHSFyRWwRu0Z6c0	s1_ey0X9h1GlZ80KZNtd0_1PnIwLX-7eb1fQjiCa9wrhUM	1Es6S	gnn-generation-4-7x7	sha256:d46ba89987292c56b659843817a24bf5357d9a2bae8c3cfac720281eea70e3e7	lunatic-v0.1.0	-	D	P	196
g1_U0SVRiKKyFGvL26WxwdldEt1EpDCsHSFyRWwRu0Z6c0	s1_gPoZ5rByZErTaB0WLQoU6LVl6WlfprkiDFHagxLzf2Q	1ETSG	gnn-generation-4-7x7	sha256:d46ba89987292c56b659843817a24bf5357d9a2bae8c3cfac720281eea70e3e7	lunatic-v0.1.0	-	D	P	196
g1_U0SVRiKKyFGvL26WxwdldEt1EpDCsHSFyRWwRu0Z6c0	s1_gPoZ5rByZErTaB0WLQoU6LVl6WlfprkiDFHagxLzf2Q	1ETSI	gnn-generation-4-7x7	sha256:d46ba89987292c56b659843817a24bf5357d9a2bae8c3cfac720281eea70e3e7	lunatic-v0.1.0	-	D	P	196
g1_U0atSdZEdpB-29fQJ6Qt3JiMhYbqb63j0VE6xCYkbmc	s1_P-x3dOguUrkXohqCrF_EXCIjAj6ZAzE0vZZQfnF-7jY	1unN8Y	qadv-arbiter-7x7-rust-lambda-v0.1.0	-	qadv-arbiter-7x7-rust-lambda-v0.1.0	-	L	P	196
g1_U0atSdZEdpB-29fQJ6Qt3JiMhYbqb63j0VE6xCYkbmc	s1_RauLaTi4eVgYHSp2TV9pqs9uzTVv0B10g9TaHMWpcZ4	1unN8Y	qadv-arbiter-7x7-rust-lambda-v0.1.0	-	qadv-arbiter-7x7-rust-lambda-v0.1.0	-	L	P	-
g1_U0atSdZEdpB-29fQJ6Qt3JiMhYbqb63j0VE6xCYkbmc	s1_U6cGA4kRTqahjMbbUHz0b5N4YULPVutnWnUU9nDcV-k	1unN8Y	qadv-arbiter-7x7-rust-lambda-v0.1.0	-	qadv-arbiter-7x7-rust-lambda-v0.1.0	-	L	P	196
g1_U0atSdZEdpB-29fQJ6Qt3JiMhYbqb63j0VE6xCYkbmc	s1_iUK5g5U4Vmrcs0MrUDU8PCeGH_RvfJur3PQGSHgAzss	1unN8Y	qadv-arbiter-7x7-rust-lambda-v0.1.0	-	qadv-arbiter-7x7-rust-lambda-v0.1.0	-	L	P	196
g1_U0g2C2iK1OqxJCW23tBIwLZEZZcOrYkJ_jkUknXFzec	s1_1jT_Fznx76Z2YhcFMzvHQasYTrIoOsQtr7u3P-U8SGo	1unLph	qadv-arbiter-7x7-rust-lambda-v0.1.0	-	qadv-arbiter-7x7-rust-lambda-v0.1.0	-	D	P	196
g1_U0g2C2iK1OqxJCW23tBIwLZEZZcOrYkJ_jkUknXFzec	s1_RauLaTi4eVgYHSp2TV9pqs9uzTVv0B10g9TaHMWpcZ4	1unLph	qadv-arbiter-7x7-rust-lambda-v0.1.0	-	qadv-arbiter-7x7-rust-lambda-v0.1.0	-	D	P	-
g1_U0g2C2iK1OqxJCW23tBIwLZEZZcOrYkJ_jkUknXFzec	s1_azbm9BjCipbJ9WPNEDrow4nO_MrNrRhEiegVwRCA844	1unLph	qadv-arbiter-7x7-rust-lambda-v0.1.0	-	qadv-arbiter-7x7-rust-lambda-v0.1.0	-	D	P	196
g1_U0g2C2iK1OqxJCW23tBIwLZEZZcOrYkJ_jkUknXFzec	s1_xwubHyz7dDTk6BCqdCFoS1kUEe3Uy_hWHmJ-mTf2ruQ	1unLph	qadv-arbiter-7x7-rust-lambda-v0.1.0	-	qadv-arbiter-7x7-rust-lambda-v0.1.0	-	D	P	196
g1_U0gvOTSqzX1CrxeMWmvSyG8uDNPfU_liLSgKERIhdvA	s1_HCcN9DoGb-F6-DWsYUbvtBbd4mYnzNr0wdpZud8Eytc	1unMOr	qadv-arbiter-7x7-rust-lambda-v0.1.0	-	qadv-arbiter-7x7-rust-lambda-v0.1.0	-	D	P	196
g1_U0gvOTSqzX1CrxeMWmvSyG8uDNPfU_liLSgKERIhdvA	s1_RauLaTi4eVgYHSp2TV9pqs9uzTVv0B10g9TaHMWpcZ4	1unMOr	qadv-arbiter-7x7-rust-lambda-v0.1.0	-	qadv-arbiter-7x7-rust-lambda-v0.1.0	-	D	P	-
g1_U0gvOTSqzX1CrxeMWmvSyG8uDNPfU_liLSgKERIhdvA	s1_bq2OGWGQRsbwaVmVoFjbucoxtzJn6ThaTRXtRGWnszI	1unMOr	qadv-arbiter-7x7-rust-lambda-v0.1.0	-	qadv-arbiter-7x7-rust-lambda-v0.1.0	-	D	P	196
g1_U0gvOTSqzX1CrxeMWmvSyG8uDNPfU_liLSgKERIhdvA	s1_zS-xEq8q8A6w6WTglQ7KG8p9LbI6KP9UgCNHUI_Hohg	1unMOr	qadv-arbiter-7x7-rust-lambda-v0.1.0	-	qadv-arbiter-7x7-rust-lambda-v0.1.0	-	D	P	196
g1_U0nBtEFgNVe4_kn4cJMNRJlxecicR6HBq9P_zToXvXE	s1_2FtaP75xgRVTNrUvmC0NIesJCNy8IDFJ05WNM4nUnpg	1unQfn	pathfinder-v0.3.0	-	qadv-arbiter-7x7-v0.1.0	-	L	P	196
g1_U0nBtEFgNVe4_kn4cJMNRJlxecicR6HBq9P_zToXvXE	s1_H9-zjHpik74C0moBCwVI7wwPnYiuAGIuzmtsbQP00b0	1unQfn	pathfinder-v0.3.0	-	qadv-arbiter-7x7-v0.1.0	-	L	P	196
g1_U0nBtEFgNVe4_kn4cJMNRJlxecicR6HBq9P_zToXvXE	s1_RauLaTi4eVgYHSp2TV9pqs9uzTVv0B10g9TaHMWpcZ4	1unQfn	pathfinder-v0.3.0	-	qadv-arbiter-7x7-v0.1.0	-	L	P	-
g1_U0nBtEFgNVe4_kn4cJMNRJlxecicR6HBq9P_zToXvXE	s1_aZfPBIxgJ5uYN7e0_FDKRHW6TqkrhOWX8tT7d1b945k	1unQfn	pathfinder-v0.3.0	-	qadv-arbiter-7x7-v0.1.0	-	L	P	196
g1_U0zVDDoVKE4ql2yCZcBKxqCJc6_EHhcnmTxSf0jKSsI	s1_ASY-rR5BBqqdNGAxtYVZ-uPWcQBBc0YZChVYmX62GXI	1unOWz	qadv-arbiter-7x7-rust-lambda-v0.1.0	-	qadv-arbiter-7x7-rust-lambda-v0.1.0	-	L	P	196
g1_U0zVDDoVKE4ql2yCZcBKxqCJc6_EHhcnmTxSf0jKSsI	s1_LIoeJ9IRWbiLQgPHkSti39JrxXp-20mYkKriMKTql7I	1unOWz	qadv-arbiter-7x7-rust-lambda-v0.1.0	-	qadv-arbiter-7x7-rust-lambda-v0.1.0	-	L	P	196
g1_U0zVDDoVKE4ql2yCZcBKxqCJc6_EHhcnmTxSf0jKSsI	s1_ObWHAz00OJILN5JQNxo76ta01KP6q47q039SC3dl3dU	1unOWz	qadv-arbiter-7x7-rust-lambda-v0.1.0	-	qadv-arbiter-7x7-rust-lambda-v0.1.0	-	L	P	196
g1_U0zVDDoVKE4ql2yCZcBKxqCJc6_EHhcnmTxSf0jKSsI	s1_RauLaTi4eVgYHSp2TV9pqs9uzTVv0B10g9TaHMWpcZ4	1unOWz	qadv-arbiter-7x7-rust-lambda-v0.1.0	-	qadv-arbiter-7x7-rust-lambda-v0.1.0	-	L	P	-
g1_U1CR7pFvkUWuYW1zJzyksEthUTB5t1NWbjMiDYSD2tE	s1_qtlitMa-GGx-0y2heoyNRonYXf1Dq5epTexnVe9Iqtw	1umxfT	python-gnn-puct-learner-v0.1.0	sha256:ab0f739cd33d66781faf60e27797c5ccba3c04ba684f8d9e32e9c2754f4e8956	python-gnn-puct-learner-v0.1.0	sha256:ab0f739cd33d66781faf60e27797c5ccba3c04ba684f8d9e32e9c2754f4e8956	L	P	196
g1_U1K5HxvNDg6GoR4yGglINsBPB_6O5SGyDROIcKINyk4	s1_1av6nXQkq-GSHXfjkVlGHGpAq8F9UbW4JwZmyFA-vww	1DIYs	python-gnn-puct-v0.1.0	sha256:6f9ad6e4a0993da3cf34a8549e86f9b5d512c51e11bfa76dfe051e7a8801bdac	python-gnn-puct-v0.1.0	sha256:6f9ad6e4a0993da3cf34a8549e86f9b5d512c51e11bfa76dfe051e7a8801bdac	-	M	196
g1_U1K5HxvNDg6GoR4yGglINsBPB_6O5SGyDROIcKINyk4	s1_Brk0hkuJoH-MBjdd53AO5tlWcOgDWV_R0PO74fHGd_0	1DIYs	python-gnn-puct-v0.1.0	sha256:6f9ad6e4a0993da3cf34a8549e86f9b5d512c51e11bfa76dfe051e7a8801bdac	python-gnn-puct-v0.1.0	sha256:6f9ad6e4a0993da3cf34a8549e86f9b5d512c51e11bfa76dfe051e7a8801bdac	-	M	196
g1_U1K5HxvNDg6GoR4yGglINsBPB_6O5SGyDROIcKINyk4	s1_KmF8KhDbubz6lwdS8R_n_yTGdSONmH9B1wUABbyCj94	1DIYs	python-gnn-puct-v0.1.0	sha256:6f9ad6e4a0993da3cf34a8549e86f9b5d512c51e11bfa76dfe051e7a8801bdac	python-gnn-puct-v0.1.0	sha256:6f9ad6e4a0993da3cf34a8549e86f9b5d512c51e11bfa76dfe051e7a8801bdac	-	M	196
g1_U1K5HxvNDg6GoR4yGglINsBPB_6O5SGyDROIcKINyk4	s1_g5pGkHBMEhzAYvwFY0b24sSc7wC9JfnWApMHHZ_aMPI	1DIYs	python-gnn-puct-v0.1.0	sha256:6f9ad6e4a0993da3cf34a8549e86f9b5d512c51e11bfa76dfe051e7a8801bdac	python-gnn-puct-v0.1.0	sha256:6f9ad6e4a0993da3cf34a8549e86f9b5d512c51e11bfa76dfe051e7a8801bdac	-	M	196
g1_U1K5HxvNDg6GoR4yGglINsBPB_6O5SGyDROIcKINyk4	s1_tol_POp6BcgBLMWq8iDfRBQSAXpESHxFwmcCQYXv0yQ	1DIYs	python-gnn-puct-v0.1.0	sha256:6f9ad6e4a0993da3cf34a8549e86f9b5d512c51e11bfa76dfe051e7a8801bdac	python-gnn-puct-v0.1.0	sha256:6f9ad6e4a0993da3cf34a8549e86f9b5d512c51e11bfa76dfe051e7a8801bdac	-	M	196
g1_U1XGQhuLzvIChQXL6fiVTKrrNCQHVCmLE6O28pvwkkQ	s1_Lu1wfV3D2dLgo06LDOgRmEUQwymYsPW6Cdnk-gd2im0	1unOMG	qadv-arbiter-7x7-rust-lambda-v0.1.0	-	qadv-arbiter-7x7-rust-lambda-v0.1.0	-	D	P	196
g1_U1XGQhuLzvIChQXL6fiVTKrrNCQHVCmLE6O28pvwkkQ	s1_RauLaTi4eVgYHSp2TV9pqs9uzTVv0B10g9TaHMWpcZ4	1unOMG	qadv-arbiter-7x7-rust-lambda-v0.1.0	-	qadv-arbiter-7x7-rust-lambda-v0.1.0	-	D	P	-
g1_U1XGQhuLzvIChQXL6fiVTKrrNCQHVCmLE6O28pvwkkQ	s1_qzP_RjMO7wZPgB_voThcEq8fcYjtwPdRMleV2aNvTUM	1unOMG	qadv-arbiter-7x7-rust-lambda-v0.1.0	-	qadv-arbiter-7x7-rust-lambda-v0.1.0	-	D	P	196
g1_U1XGQhuLzvIChQXL6fiVTKrrNCQHVCmLE6O28pvwkkQ	s1_rWCvGltVapM_-lve-yz-FO7ukwAVnUUIP8yw92NNeLs	1unOMG	qadv-arbiter-7x7-rust-lambda-v0.1.0	-	qadv-arbiter-7x7-rust-lambda-v0.1.0	-	D	P	196
g1_U1vACM9EZhVLWmS_SSGEItnoiAGKj_5WJ3Eo3SYcJOY	s1_RauLaTi4eVgYHSp2TV9pqs9uzTVv0B10g9TaHMWpcZ4	1unO4_	qadv-arbiter-7x7-rust-lambda-v0.1.0	-	qadv-arbiter-7x7-rust-lambda-v0.1.0	-	L	P	-
g1_U1vACM9EZhVLWmS_SSGEItnoiAGKj_5WJ3Eo3SYcJOY	s1_UVIwKvJQBh2hUqpsm26oCPw0cui5l-DvmXHBJMS1xog	1unO4_	qadv-arbiter-7x7-rust-lambda-v0.1.0	-	qadv-arbiter-7x7-rust-lambda-v0.1.0	-	L	P	196
g1_U1vACM9EZhVLWmS_SSGEItnoiAGKj_5WJ3Eo3SYcJOY	s1_iuEKiSIVLdSdyTmKh6zaWG-VawS-Y46lBu-xWtRQZKM	1unO4_	qadv-arbiter-7x7-rust-lambda-v0.1.0	-	qadv-arbiter-7x7-rust-lambda-v0.1.0	-	L	P	196
g1_U1vACM9EZhVLWmS_SSGEItnoiAGKj_5WJ3Eo3SYcJOY	s1_muzXNt-MXybt2Rw6yokBXWLcBST5r_uaE1WKeP-UY_k	1unO4_	qadv-arbiter-7x7-rust-lambda-v0.1.0	-	qadv-arbiter-7x7-rust-lambda-v0.1.0	-	L	P	196
g1_U1zeTj0aNkAmvjV6_OvWwSYWyeekkPX7h_tfOxVH3UQ	s1_qtlitMa-GGx-0y2heoyNRonYXf1Dq5epTexnVe9Iqtw	1umxfp	python-gnn-puct-learner-v0.1.0	sha256:ab0f739cd33d66781faf60e27797c5ccba3c04ba684f8d9e32e9c2754f4e8956	python-gnn-puct-learner-v0.1.0	sha256:ab0f739cd33d66781faf60e27797c5ccba3c04ba684f8d9e32e9c2754f4e8956	-	M	196
g1_U255oeIf3kxOyIHfv5DHcjqmYve7or4IZB6ceAlPbRU	s1_6PxtazPxkizz7K9QTWPSCIopEV5n0zpHoq3F52yO_6U	1umwkD	python-cnn-puct-v0.1.0	sha256:7845e9b7687beee165dc36b8d21833b7a8b5a83e31b58b49bd05c277ba26e642	python-cnn-puct-v0.1.0	sha256:7845e9b7687beee165dc36b8d21833b7a8b5a83e31b58b49bd05c277ba26e642	L	P	196
g1_U255oeIf3kxOyIHfv5DHcjqmYve7or4IZB6ceAlPbRU	s1_baRgKA_wMXdl0r4AwdkUfhWC04qxd1MvEGXAQaDd4fo	1umwkD	python-cnn-puct-v0.1.0	sha256:7845e9b7687beee165dc36b8d21833b7a8b5a83e31b58b49bd05c277ba26e642	python-cnn-puct-v0.1.0	sha256:7845e9b7687beee165dc36b8d21833b7a8b5a83e31b58b49bd05c277ba26e642	L	P	196
g1_U2867_tJ1l5q8mPawHYzLIiX-turZrQwCbmSjnqEM_o	s1_6PxtazPxkizz7K9QTWPSCIopEV5n0zpHoq3F52yO_6U	1umwqp	python-cnn-puct-v0.1.0	sha256:7845e9b7687beee165dc36b8d21833b7a8b5a83e31b58b49bd05c277ba26e642	python-cnn-puct-v0.1.0	sha256:7845e9b7687beee165dc36b8d21833b7a8b5a83e31b58b49bd05c277ba26e642	L	P	196
g1_U2867_tJ1l5q8mPawHYzLIiX-turZrQwCbmSjnqEM_o	s1_baRgKA_wMXdl0r4AwdkUfhWC04qxd1MvEGXAQaDd4fo	1umwqp	python-cnn-puct-v0.1.0	sha256:7845e9b7687beee165dc36b8d21833b7a8b5a83e31b58b49bd05c277ba26e642	python-cnn-puct-v0.1.0	sha256:7845e9b7687beee165dc36b8d21833b7a8b5a83e31b58b49bd05c277ba26e642	L	P	196
g1_U28NsbyqjCJ-CcohSJbH73msjHlnsiZHPMDCiFrx3KU	s1_7UdEpqZKCK0xNQT76fVDdm5Cjd61lwZOv-Bj_9THZ0s	1unOGV	qadv-arbiter-7x7-rust-lambda-v0.1.0	-	qadv-arbiter-7x7-rust-lambda-v0.1.0	-	L	P	196
g1_U28NsbyqjCJ-CcohSJbH73msjHlnsiZHPMDCiFrx3KU	s1_PKS0e3PNguGkb8y813YHMPAtYKXv3PrEw4pIIv1MbyE	1unOGV	qadv-arbiter-7x7-rust-lambda-v0.1.0	-	qadv-arbiter-7x7-rust-lambda-v0.1.0	-	L	P	196
g1_U28NsbyqjCJ-CcohSJbH73msjHlnsiZHPMDCiFrx3KU	s1_RauLaTi4eVgYHSp2TV9pqs9uzTVv0B10g9TaHMWpcZ4	1unOGV	qadv-arbiter-7x7-rust-lambda-v0.1.0	-	qadv-arbiter-7x7-rust-lambda-v0.1.0	-	L	P	-
g1_U28NsbyqjCJ-CcohSJbH73msjHlnsiZHPMDCiFrx3KU	s1_roOBrXXgMM2VkKKQa1XdNyvOFszX9Qi-476ZY0Hm3bc	1unOGV	qadv-arbiter-7x7-rust-lambda-v0.1.0	-	qadv-arbiter-7x7-rust-lambda-v0.1.0	-	L	P	196
g1_U28u_IUX8_gd_hXvsn0SmDFTBmjyuIphynCwsNm_dWg	s1_7opH6v6lu7ILU950Ux78zaEYcsGQsLPcItTXMYqEdJs	1unP5b	qadv-arbiter-7x7-rust-lambda-v0.1.0	-	qadv-arbiter-7x7-rust-lambda-v0.1.0	-	D	P	196
g1_U28u_IUX8_gd_hXvsn0SmDFTBmjyuIphynCwsNm_dWg	s1_F4PyDw4DWGAEivSXKM6rA-MYvQT5-98XHJGlOk04AJg	1unP5b	qadv-arbiter-7x7-rust-lambda-v0.1.0	-	qadv-arbiter-7x7-rust-lambda-v0.1.0	-	D	P	196
g1_U28u_IUX8_gd_hXvsn0SmDFTBmjyuIphynCwsNm_dWg	s1_LT25YvYwBwdHlhvt2H1gEfbaagb1A7Mwv3EYHn23Z0Y	1unP5b	qadv-arbiter-7x7-rust-lambda-v0.1.0	-	qadv-arbiter-7x7-rust-lambda-v0.1.0	-	D	P	196
g1_U28u_IUX8_gd_hXvsn0SmDFTBmjyuIphynCwsNm_dWg	s1_RauLaTi4eVgYHSp2TV9pqs9uzTVv0B10g9TaHMWpcZ4	1unP5b	qadv-arbiter-7x7-rust-lambda-v0.1.0	-	qadv-arbiter-7x7-rust-lambda-v0.1.0	-	D	P	-
g1_U29DSefAbCzuiGwQeZFpj4ekZNqktW8afReXWYS9Tw8	s1_flXyOBW6T9LLVDFIvXBGel1MoVNZcUcMFIJnB9yLapU	1umxA-	python-gnn-puct-reval30k-v0.1.0	sha256:6120be86fc469df71473c3de64e5e32f99694cd47d621fa5948f243dc51d3d21	python-gnn-puct-reval30k-v0.1.0	sha256:6120be86fc469df71473c3de64e5e32f99694cd47d621fa5948f243dc51d3d21	D	P	196
g1_U2BIP3w_OT4WvakQAShQBUFCu9sRcl7sx46rx-pQrn8	s1_flXyOBW6T9LLVDFIvXBGel1MoVNZcUcMFIJnB9yLapU	1umxBS	python-gnn-puct-reval30k-v0.1.0	sha256:6120be86fc469df71473c3de64e5e32f99694cd47d621fa5948f243dc51d3d21	python-gnn-puct-reval30k-v0.1.0	sha256:6120be86fc469df71473c3de64e5e32f99694cd47d621fa5948f243dc51d3d21	L	P	196
g1_U2C5cMGxvgvLAeQN30725v32Qtkm2vMY0i6WWQ2aL_E	s1_2FtaP75xgRVTNrUvmC0NIesJCNy8IDFJ05WNM4nUnpg	1unQek	qadv-arbiter-7x7-v0.1.0	-	pathfinder-v0.3.0	-	D	P	196
g1_U2C5cMGxvgvLAeQN30725v32Qtkm2vMY0i6WWQ2aL_E	s1_RauLaTi4eVgYHSp2TV9pqs9uzTVv0B10g9TaHMWpcZ4	1unQek	qadv-arbiter-7x7-v0.1.0	-	pathfinder-v0.3.0	-	D	P	-
g1_U2C5cMGxvgvLAeQN30725v32Qtkm2vMY0i6WWQ2aL_E	s1_a3xFQY41G9nPPc4_GbESq-0eN3mRycIC2y9N09PKA5E	1unQek	qadv-arbiter-7x7-v0.1.0	-	pathfinder-v0.3.0	-	D	P	196
g1_U2C5cMGxvgvLAeQN30725v32Qtkm2vMY0i6WWQ2aL_E	s1_uA50JrUfUmYaYzXrp9pl6c6Uj92A2KKhGgwUBWPH2Ak	1unQek	qadv-arbiter-7x7-v0.1.0	-	pathfinder-v0.3.0	-	D	P	196
g1_U2FotIIqhXPp9Hm-Ab632sm5HtSrCFgAycYjQsi7db8	s1_2FtaP75xgRVTNrUvmC0NIesJCNy8IDFJ05WNM4nUnpg	1unQrH	pathfinder-v0.3.0	-	qadv-arbiter-7x7-v0.1.0	-	L	P	196
g1_U2FotIIqhXPp9Hm-Ab632sm5HtSrCFgAycYjQsi7db8	s1_RauLaTi4eVgYHSp2TV9pqs9uzTVv0B10g9TaHMWpcZ4	1unQrH	pathfinder-v0.3.0	-	qadv-arbiter-7x7-v0.1.0	-	L	P	-
g1_U2FotIIqhXPp9Hm-Ab632sm5HtSrCFgAycYjQsi7db8	s1_kmqDGfnd5MOFfDh8PRQPhHXWSoRP2UzAx82dSoabGaU	1unQrH	pathfinder-v0.3.0	-	qadv-arbiter-7x7-v0.1.0	-	L	P	196
g1_U2FotIIqhXPp9Hm-Ab632sm5HtSrCFgAycYjQsi7db8	s1_uvcxErtaS-QFrpvsyDStZw47g1oUyr5P4t8pfBhZnqo	1unQrH	pathfinder-v0.3.0	-	qadv-arbiter-7x7-v0.1.0	-	L	P	196
g1_U2GMxpey0qDVnM7V7x1kSbSQwIAhXDb09836DFKrjSE	s1_1av6nXQkq-GSHXfjkVlGHGpAq8F9UbW4JwZmyFA-vww	1DIbq	python-gnn-puct-v0.1.0	sha256:6f9ad6e4a0993da3cf34a8549e86f9b5d512c51e11bfa76dfe051e7a8801bdac	python-gnn-puct-v0.1.0	sha256:6f9ad6e4a0993da3cf34a8549e86f9b5d512c51e11bfa76dfe051e7a8801bdac	D	P	196
g1_U2GMxpey0qDVnM7V7x1kSbSQwIAhXDb09836DFKrjSE	s1_Brk0hkuJoH-MBjdd53AO5tlWcOgDWV_R0PO74fHGd_0	1DIbq	python-gnn-puct-v0.1.0	sha256:6f9ad6e4a0993da3cf34a8549e86f9b5d512c51e11bfa76dfe051e7a8801bdac	python-gnn-puct-v0.1.0	sha256:6f9ad6e4a0993da3cf34a8549e86f9b5d512c51e11bfa76dfe051e7a8801bdac	D	P	196
g1_U2GMxpey0qDVnM7V7x1kSbSQwIAhXDb09836DFKrjSE	s1_KmF8KhDbubz6lwdS8R_n_yTGdSONmH9B1wUABbyCj94	1DIbq	python-gnn-puct-v0.1.0	sha256:6f9ad6e4a0993da3cf34a8549e86f9b5d512c51e11bfa76dfe051e7a8801bdac	python-gnn-puct-v0.1.0	sha256:6f9ad6e4a0993da3cf34a8549e86f9b5d512c51e11bfa76dfe051e7a8801bdac	D	P	196
g1_U2GMxpey0qDVnM7V7x1kSbSQwIAhXDb09836DFKrjSE	s1_g5pGkHBMEhzAYvwFY0b24sSc7wC9JfnWApMHHZ_aMPI	1DIbq	python-gnn-puct-v0.1.0	sha256:6f9ad6e4a0993da3cf34a8549e86f9b5d512c51e11bfa76dfe051e7a8801bdac	python-gnn-puct-v0.1.0	sha256:6f9ad6e4a0993da3cf34a8549e86f9b5d512c51e11bfa76dfe051e7a8801bdac	D	P	196
g1_U2GMxpey0qDVnM7V7x1kSbSQwIAhXDb09836DFKrjSE	s1_tol_POp6BcgBLMWq8iDfRBQSAXpESHxFwmcCQYXv0yQ	1DIbq	python-gnn-puct-v0.1.0	sha256:6f9ad6e4a0993da3cf34a8549e86f9b5d512c51e11bfa76dfe051e7a8801bdac	python-gnn-puct-v0.1.0	sha256:6f9ad6e4a0993da3cf34a8549e86f9b5d512c51e11bfa76dfe051e7a8801bdac	D	P	196
g1_U2Kyj2zmLDKBvR5l3OT93MUQGAJOqkUCKRUwHPw1YfQ	s1_M76GIP5tjIGDglLUyW-e4h81WBc8Xrdq59KaMVLmPAk	1unPv1	qadv-arbiter-7x7-rust-lambda-v0.1.0	-	qadv-arbiter-7x7-rust-lambda-v0.1.0	-	L	P	196
g1_U2Kyj2zmLDKBvR5l3OT93MUQGAJOqkUCKRUwHPw1YfQ	s1_RauLaTi4eVgYHSp2TV9pqs9uzTVv0B10g9TaHMWpcZ4	1unPv1	qadv-arbiter-7x7-rust-lambda-v0.1.0	-	qadv-arbiter-7x7-rust-lambda-v0.1.0	-	L	P	-
g1_U2Kyj2zmLDKBvR5l3OT93MUQGAJOqkUCKRUwHPw1YfQ	s1_Ym7_qdKX2ytcqoRP24-JbygDU7UNt8nLdry7XMHDvyY	1unPv1	qadv-arbiter-7x7-rust-lambda-v0.1.0	-	qadv-arbiter-7x7-rust-lambda-v0.1.0	-	L	P	196
g1_U2Kyj2zmLDKBvR5l3OT93MUQGAJOqkUCKRUwHPw1YfQ	s1_dVbY9F2dpWGmwR8rwpSEV7ZGiCXKCaIz_IxfMu9Axyg	1unPv1	qadv-arbiter-7x7-rust-lambda-v0.1.0	-	qadv-arbiter-7x7-rust-lambda-v0.1.0	-	L	P	196
g1_U2VrArcUbu2KucG65j3aMRA7nyim-GJL-WK0ciR2z10	s1_1av6nXQkq-GSHXfjkVlGHGpAq8F9UbW4JwZmyFA-vww	1DIfu	rust-pathfinder-v0.1.0	-	lunatic-v0.1.0	-	L	P	-
g1_U2VrArcUbu2KucG65j3aMRA7nyim-GJL-WK0ciR2z10	s1_9Eroywf7tuDrn-hcfZPjlEa1DSRUykCRn9Z11u8ySIo	1DIfu	rust-pathfinder-v0.1.0	-	lunatic-v0.1.0	-	L	P	-
g1_U2VrArcUbu2KucG65j3aMRA7nyim-GJL-WK0ciR2z10	s1_MKrI0a3Qd48rU7oZj28GrlQ3cHhIbUzS5ibiIW9aKy4	1DIfu	rust-pathfinder-v0.1.0	-	lunatic-v0.1.0	-	L	P	-
g1_U2VrArcUbu2KucG65j3aMRA7nyim-GJL-WK0ciR2z10	s1_XloMUS0hxYEXf762lcPfaudsLmsH-CsOVZNVVU_obcA	1DIfu	rust-pathfinder-v0.1.0	-	lunatic-v0.1.0	-	L	P	-
g1_U2VrArcUbu2KucG65j3aMRA7nyim-GJL-WK0ciR2z10	s1_del54SUFELBov5vQFrhsVexn6D9EhUPDFZpXuqC6eCI	1DIfu	rust-pathfinder-v0.1.0	-	lunatic-v0.1.0	-	L	P	-
g1_U2VrArcUbu2KucG65j3aMRA7nyim-GJL-WK0ciR2z10	s1_g5pGkHBMEhzAYvwFY0b24sSc7wC9JfnWApMHHZ_aMPI	1DIfu	rust-pathfinder-v0.1.0	-	lunatic-v0.1.0	-	L	P	-
g1_U2VrArcUbu2KucG65j3aMRA7nyim-GJL-WK0ciR2z10	s1_mWPTef6xYbijjPhDIC6QgLRmu2mMSJAokNlIkx3vg54	1DIfu	rust-pathfinder-v0.1.0	-	lunatic-v0.1.0	-	L	P	-
g1_U2WXus0qJOnor3g1Av62Jo4kjuLssvb7EQ0fkp1zoao	s1_RauLaTi4eVgYHSp2TV9pqs9uzTVv0B10g9TaHMWpcZ4	1unM21	qadv-arbiter-7x7-rust-lambda-v0.1.0	-	qadv-arbiter-7x7-rust-lambda-v0.1.0	-	D	P	-
g1_U2WXus0qJOnor3g1Av62Jo4kjuLssvb7EQ0fkp1zoao	s1_WLoEQgfNoOPrpXpHACPmBGtKp4Tu3ezVDi2eK6rE5_U	1unM21	qadv-arbiter-7x7-rust-lambda-v0.1.0	-	qadv-arbiter-7x7-rust-lambda-v0.1.0	-	D	P	196
g1_U2WXus0qJOnor3g1Av62Jo4kjuLssvb7EQ0fkp1zoao	s1_dO-KP_3qQBXQr8UJn1lrx7QOc59GKEAoRY5xvEV6WC8	1unM21	qadv-arbiter-7x7-rust-lambda-v0.1.0	-	qadv-arbiter-7x7-rust-lambda-v0.1.0	-	D	P	196
g1_U2WXus0qJOnor3g1Av62Jo4kjuLssvb7EQ0fkp1zoao	s1_p3IOcQe1Ya6RIfZuocMjTztDOPf6A3qlBzF5OYcaMWc	1unM21	qadv-arbiter-7x7-rust-lambda-v0.1.0	-	qadv-arbiter-7x7-rust-lambda-v0.1.0	-	D	P	196
g1_U2_4R6LOclHTEZg2kO7B299ZoWXm_9Vbon-eYUE-30M	s1_1av6nXQkq-GSHXfjkVlGHGpAq8F9UbW4JwZmyFA-vww	1umv7g	python-gnn-puct-scout-v0.1.0	sha256:b9f80706cc1f29076ee06fe06483697c749148a808c599579045d00a52573938	python-gnn-puct-scout-v0.1.0	sha256:b9f80706cc1f29076ee06fe06483697c749148a808c599579045d00a52573938	-	M	196
g1_U2_4R6LOclHTEZg2kO7B299ZoWXm_9Vbon-eYUE-30M	s1_Brk0hkuJoH-MBjdd53AO5tlWcOgDWV_R0PO74fHGd_0	1umv7g	python-gnn-puct-scout-v0.1.0	sha256:b9f80706cc1f29076ee06fe06483697c749148a808c599579045d00a52573938	python-gnn-puct-scout-v0.1.0	sha256:b9f80706cc1f29076ee06fe06483697c749148a808c599579045d00a52573938	-	M	196
g1_U2_4R6LOclHTEZg2kO7B299ZoWXm_9Vbon-eYUE-30M	s1_D_X-fTFZy6xuyGSC5jFyKBW6IP_59Jbomefazf4xu44	1umv7g	python-gnn-puct-scout-v0.1.0	sha256:b9f80706cc1f29076ee06fe06483697c749148a808c599579045d00a52573938	python-gnn-puct-scout-v0.1.0	sha256:b9f80706cc1f29076ee06fe06483697c749148a808c599579045d00a52573938	-	M	196
g1_U2clkr1lBn_VYIZ122sijiprXXPlFs399oixVTtfSSA	s1_-OKlJXuPFfAnukwGYITjiU7XKL4OC_qt76PC0TZSPjg	1umvWs	python-cnn-puct-v0.1.0	sha256:7845e9b7687beee165dc36b8d21833b7a8b5a83e31b58b49bd05c277ba26e642	python-cnn-puct-v0.1.0	sha256:7845e9b7687beee165dc36b8d21833b7a8b5a83e31b58b49bd05c277ba26e642	D	P	196
g1_U2clkr1lBn_VYIZ122sijiprXXPlFs399oixVTtfSSA	s1_1av6nXQkq-GSHXfjkVlGHGpAq8F9UbW4JwZmyFA-vww	1umvWs	python-cnn-puct-v0.1.0	sha256:7845e9b7687beee165dc36b8d21833b7a8b5a83e31b58b49bd05c277ba26e642	python-cnn-puct-v0.1.0	sha256:7845e9b7687beee165dc36b8d21833b7a8b5a83e31b58b49bd05c277ba26e642	D	P	196
g1_U2clkr1lBn_VYIZ122sijiprXXPlFs399oixVTtfSSA	s1_Brk0hkuJoH-MBjdd53AO5tlWcOgDWV_R0PO74fHGd_0	1umvWs	python-cnn-puct-v0.1.0	sha256:7845e9b7687beee165dc36b8d21833b7a8b5a83e31b58b49bd05c277ba26e642	python-cnn-puct-v0.1.0	sha256:7845e9b7687beee165dc36b8d21833b7a8b5a83e31b58b49bd05c277ba26e642	D	P	196
g1_U2d8ZxfKe5aR4HCa3I0vuNlFpMh9TF1lXjkAKVfpz2I	s1_1Z_JTGoGpL-h78BepnwFXsSTzHNBhV7G_2e5MdC7hP8	1unLzd	qadv-arbiter-7x7-rust-lambda-v0.1.0	-	qadv-arbiter-7x7-rust-lambda-v0.1.0	-	D	P	196
g1_U2d8ZxfKe5aR4HCa3I0vuNlFpMh9TF1lXjkAKVfpz2I	s1_HRHOkDjAAyayx5dwvIPEQnjD-Qmpjowbasy9EN-Rh0Q	1unLzd	qadv-arbiter-7x7-rust-lambda-v0.1.0	-	qadv-arbiter-7x7-rust-lambda-v0.1.0	-	D	P	196
g1_U2d8ZxfKe5aR4HCa3I0vuNlFpMh9TF1lXjkAKVfpz2I	s1_RauLaTi4eVgYHSp2TV9pqs9uzTVv0B10g9TaHMWpcZ4	1unLzd	qadv-arbiter-7x7-rust-lambda-v0.1.0	-	qadv-arbiter-7x7-rust-lambda-v0.1.0	-	D	P	-
g1_U2d8ZxfKe5aR4HCa3I0vuNlFpMh9TF1lXjkAKVfpz2I	s1_SKpzhb3rvSNwFf9vLxGkAoQxxHxzcacTGR_rylOzD_M	1unLzd	qadv-arbiter-7x7-rust-lambda-v0.1.0	-	qadv-arbiter-7x7-rust-lambda-v0.1.0	-	D	P	196
g1_U2hh7kfegfUwf0xcepsT80Y-iFvX2AvRl7iuj65yOTQ	s1_6PxtazPxkizz7K9QTWPSCIopEV5n0zpHoq3F52yO_6U	1umwq1	python-cnn-puct-v0.1.0	sha256:7845e9b7687beee165dc36b8d21833b7a8b5a83e31b58b49bd05c277ba26e642	python-cnn-puct-v0.1.0	sha256:7845e9b7687beee165dc36b8d21833b7a8b5a83e31b58b49bd05c277ba26e642	D	P	196
g1_U2hh7kfegfUwf0xcepsT80Y-iFvX2AvRl7iuj65yOTQ	s1_baRgKA_wMXdl0r4AwdkUfhWC04qxd1MvEGXAQaDd4fo	1umwq1	python-cnn-puct-v0.1.0	sha256:7845e9b7687beee165dc36b8d21833b7a8b5a83e31b58b49bd05c277ba26e642	python-cnn-puct-v0.1.0	sha256:7845e9b7687beee165dc36b8d21833b7a8b5a83e31b58b49bd05c277ba26e642	D	P	196
g1_U2imvnMdxaPE0fybmaZev1mbn9hmV9TW2KQODhhTzvc	s1_1av6nXQkq-GSHXfjkVlGHGpAq8F9UbW4JwZmyFA-vww	1DIj1	python-gnn-puct-v0.1.0	sha256:6f9ad6e4a0993da3cf34a8549e86f9b5d512c51e11bfa76dfe051e7a8801bdac	python-gnn-puct-v0.1.0	sha256:6f9ad6e4a0993da3cf34a8549e86f9b5d512c51e11bfa76dfe051e7a8801bdac	D	P	196
g1_U2imvnMdxaPE0fybmaZev1mbn9hmV9TW2KQODhhTzvc	s1_Brk0hkuJoH-MBjdd53AO5tlWcOgDWV_R0PO74fHGd_0	1DIj1	python-gnn-puct-v0.1.0	sha256:6f9ad6e4a0993da3cf34a8549e86f9b5d512c51e11bfa76dfe051e7a8801bdac	python-gnn-puct-v0.1.0	sha256:6f9ad6e4a0993da3cf34a8549e86f9b5d512c51e11bfa76dfe051e7a8801bdac	D	P	196
g1_U2imvnMdxaPE0fybmaZev1mbn9hmV9TW2KQODhhTzvc	s1_KmF8KhDbubz6lwdS8R_n_yTGdSONmH9B1wUABbyCj94	1DIj1	python-gnn-puct-v0.1.0	sha256:6f9ad6e4a0993da3cf34a8549e86f9b5d512c51e11bfa76dfe051e7a8801bdac	python-gnn-puct-v0.1.0	sha256:6f9ad6e4a0993da3cf34a8549e86f9b5d512c51e11bfa76dfe051e7a8801bdac	D	P	196
g1_U2imvnMdxaPE0fybmaZev1mbn9hmV9TW2KQODhhTzvc	s1_g5pGkHBMEhzAYvwFY0b24sSc7wC9JfnWApMHHZ_aMPI	1DIj1	python-gnn-puct-v0.1.0	sha256:6f9ad6e4a0993da3cf34a8549e86f9b5d512c51e11bfa76dfe051e7a8801bdac	python-gnn-puct-v0.1.0	sha256:6f9ad6e4a0993da3cf34a8549e86f9b5d512c51e11bfa76dfe051e7a8801bdac	D	P	196
g1_U2imvnMdxaPE0fybmaZev1mbn9hmV9TW2KQODhhTzvc	s1_tol_POp6BcgBLMWq8iDfRBQSAXpESHxFwmcCQYXv0yQ	1DIj1	python-gnn-puct-v0.1.0	sha256:6f9ad6e4a0993da3cf34a8549e86f9b5d512c51e11bfa76dfe051e7a8801bdac	python-gnn-puct-v0.1.0	sha256:6f9ad6e4a0993da3cf34a8549e86f9b5d512c51e11bfa76dfe051e7a8801bdac	D	P	196
g1_U2kbTFgD9PxPflH_U04MfVtRFsXnlK7khn5kktKHdZg	s1_QhjJAWKqgYqVSJagtNZm2rd9W-3oAwHd9Xo5LWtQtfY	1unN7M	qadv-arbiter-7x7-rust-lambda-v0.1.0	-	qadv-arbiter-7x7-rust-lambda-v0.1.0	-	L	P	196
g1_U2kbTFgD9PxPflH_U04MfVtRFsXnlK7khn5kktKHdZg	s1_RauLaTi4eVgYHSp2TV9pqs9uzTVv0B10g9TaHMWpcZ4	1unN7M	qadv-arbiter-7x7-rust-lambda-v0.1.0	-	qadv-arbiter-7x7-rust-lambda-v0.1.0	-	L	P	-
g1_U2kbTFgD9PxPflH_U04MfVtRFsXnlK7khn5kktKHdZg	s1_dDTSqjNWp8SB5uzBm_9pU6sC6mQ7g40mnIq4a1FAnUQ	1unN7M	qadv-arbiter-7x7-rust-lambda-v0.1.0	-	qadv-arbiter-7x7-rust-lambda-v0.1.0	-	L	P	196
g1_U2kbTFgD9PxPflH_U04MfVtRFsXnlK7khn5kktKHdZg	s1_koaKytRT4fd4iuJ_OekjG6Nqp0g7ePeOu6FJ6dOZsi0	1unN7M	qadv-arbiter-7x7-rust-lambda-v0.1.0	-	qadv-arbiter-7x7-rust-lambda-v0.1.0	-	L	P	196
g1_U2oHjDRkHyj_kSDXmKiZM3U7BovEyNYnku4APEMLcRM	s1_flXyOBW6T9LLVDFIvXBGel1MoVNZcUcMFIJnB9yLapU	1umxAd	python-gnn-puct-reval30k-v0.1.0	sha256:6120be86fc469df71473c3de64e5e32f99694cd47d621fa5948f243dc51d3d21	python-gnn-puct-reval30k-v0.1.0	sha256:6120be86fc469df71473c3de64e5e32f99694cd47d621fa5948f243dc51d3d21	L	P	196
g1_U3-gZevwuXKpcjFyT80C2PVs2u62AZBKBFR0Qio_5ZA	s1_WVg7aYYLIrw6_-2mI3jQ-DPcLO4gX2sPEEqWQb0DGQA	1umxNv	python-cnn-puct-reval30k-v0.1.0	sha256:eb2600a53e225a835455efdb2759c40e27c5cb3c16ab0688bc21b99290ed10ee	python-cnn-puct-reval30k-v0.1.0	sha256:eb2600a53e225a835455efdb2759c40e27c5cb3c16ab0688bc21b99290ed10ee	D	P	196
g1_U32zWVxnNPNR3562R7vkwN-OVMeyHozVZXzGg2Vv9Ic	s1_F6w4DleVO8_OTPVNgjiQZmxW9DA_oS2ioneQwWDHYok	1unPu8	qadv-arbiter-7x7-rust-lambda-v0.1.0	-	qadv-arbiter-7x7-rust-lambda-v0.1.0	-	L	P	196
g1_U32zWVxnNPNR3562R7vkwN-OVMeyHozVZXzGg2Vv9Ic	s1_RauLaTi4eVgYHSp2TV9pqs9uzTVv0B10g9TaHMWpcZ4	1unPu8	qadv-arbiter-7x7-rust-lambda-v0.1.0	-	qadv-arbiter-7x7-rust-lambda-v0.1.0	-	L	P	-
g1_U32zWVxnNPNR3562R7vkwN-OVMeyHozVZXzGg2Vv9Ic	s1_cYtsF7Af4wTtvgNk7F0Iy4cuILjW91LD3PwMVqp5iN4	1unPu8	qadv-arbiter-7x7-rust-lambda-v0.1.0	-	qadv-arbiter-7x7-rust-lambda-v0.1.0	-	L	P	196
g1_U32zWVxnNPNR3562R7vkwN-OVMeyHozVZXzGg2Vv9Ic	s1_m_n0PSiXhtffC6sQXuGYUlbZ84jbneAwj-XqBxmu4-Q	1unPu8	qadv-arbiter-7x7-rust-lambda-v0.1.0	-	qadv-arbiter-7x7-rust-lambda-v0.1.0	-	L	P	196
g1_U397pGor6h0SusbHs8EgwSsT4n7sxJavhmMtBsFW5RI	s1_-OKlJXuPFfAnukwGYITjiU7XKL4OC_qt76PC0TZSPjg	1umvla	python-cnn-puct-v0.1.0	sha256:7845e9b7687beee165dc36b8d21833b7a8b5a83e31b58b49bd05c277ba26e642	python-cnn-puct-v0.1.0	sha256:7845e9b7687beee165dc36b8d21833b7a8b5a83e31b58b49bd05c277ba26e642	D	P	196
g1_U397pGor6h0SusbHs8EgwSsT4n7sxJavhmMtBsFW5RI	s1_1av6nXQkq-GSHXfjkVlGHGpAq8F9UbW4JwZmyFA-vww	1umvla	python-cnn-puct-v0.1.0	sha256:7845e9b7687beee165dc36b8d21833b7a8b5a83e31b58b49bd05c277ba26e642	python-cnn-puct-v0.1.0	sha256:7845e9b7687beee165dc36b8d21833b7a8b5a83e31b58b49bd05c277ba26e642	D	P	196
g1_U397pGor6h0SusbHs8EgwSsT4n7sxJavhmMtBsFW5RI	s1_Brk0hkuJoH-MBjdd53AO5tlWcOgDWV_R0PO74fHGd_0	1umvla	python-cnn-puct-v0.1.0	sha256:7845e9b7687beee165dc36b8d21833b7a8b5a83e31b58b49bd05c277ba26e642	python-cnn-puct-v0.1.0	sha256:7845e9b7687beee165dc36b8d21833b7a8b5a83e31b58b49bd05c277ba26e642	D	P	196
g1_U3BmI8xlyrJOCC_yjxlT04n8Uc5XVNNNI908XPrf3P4	s1_-OE134PWY7RtBkGbVkTyOv0R6gGkui-cVmnDSZ9BFes	1unQiS	qadv-arbiter-7x7-v0.1.0	-	pathfinder-v0.3.0	-	D	P	196
g1_U3BmI8xlyrJOCC_yjxlT04n8Uc5XVNNNI908XPrf3P4	s1_2FtaP75xgRVTNrUvmC0NIesJCNy8IDFJ05WNM4nUnpg	1unQiS	qadv-arbiter-7x7-v0.1.0	-	pathfinder-v0.3.0	-	D	P	196
g1_U3BmI8xlyrJOCC_yjxlT04n8Uc5XVNNNI908XPrf3P4	s1_RauLaTi4eVgYHSp2TV9pqs9uzTVv0B10g9TaHMWpcZ4	1unQiS	qadv-arbiter-7x7-v0.1.0	-	pathfinder-v0.3.0	-	D	P	-
g1_U3BmI8xlyrJOCC_yjxlT04n8Uc5XVNNNI908XPrf3P4	s1_hpOvdeTj7Ve2qTnTshN5Wai4OUPbmBoHndnK0DRtAnY	1unQiS	qadv-arbiter-7x7-v0.1.0	-	pathfinder-v0.3.0	-	D	P	196
g1_U3D5-VJkQs1B2CBOrS1iKUydCVt6VpiTUtV_hgc3Hes	s1_2FtaP75xgRVTNrUvmC0NIesJCNy8IDFJ05WNM4nUnpg	1unRDi	qadv-arbiter-7x7-v0.1.0	-	coin-flip-v0.0.1	-	L	P	196
g1_U3D5-VJkQs1B2CBOrS1iKUydCVt6VpiTUtV_hgc3Hes	s1_RauLaTi4eVgYHSp2TV9pqs9uzTVv0B10g9TaHMWpcZ4	1unRDi	qadv-arbiter-7x7-v0.1.0	-	coin-flip-v0.0.1	-	L	P	-
g1_U3D5-VJkQs1B2CBOrS1iKUydCVt6VpiTUtV_hgc3Hes	s1_U4DIxWL6de_IB7-G9-k0dneLZGCBTykzKhJwdv8JsUY	1unRDi	qadv-arbiter-7x7-v0.1.0	-	coin-flip-v0.0.1	-	L	P	196
g1_U3D5-VJkQs1B2CBOrS1iKUydCVt6VpiTUtV_hgc3Hes	s1_YHOl0ZLpYTKhO71xzMylqe7Lz_NqjL9Ql_kc1cnIjlQ	1unRDi	qadv-arbiter-7x7-v0.1.0	-	coin-flip-v0.0.1	-	L	P	196
g1_U3J8IV2GepWOM-WsOItPZmKWuQbmJnyIU5VRuJniOsM	s1_O3cuwuia8XT9TI7Nxr3tRcajOA20XFHEIT2fYX3WizY	1un2zD	pathfinder-v0.3.0	-	qadv-arbiter-guided-7x7-v0.2.0	sha256:9c0e5e530df7db77a98f6a2e75fe63a6f629c6ad6563e0b5454793ebc243b14d	L	P	196
g1_U3J8IV2GepWOM-WsOItPZmKWuQbmJnyIU5VRuJniOsM	s1_k3puRqE8NWPGwCDwvbob-P5fduhbfDZ6XxhZ6wUA4ks	1un2zD	pathfinder-v0.3.0	-	qadv-arbiter-guided-7x7-v0.2.0	sha256:9c0e5e530df7db77a98f6a2e75fe63a6f629c6ad6563e0b5454793ebc243b14d	L	P	196
g1_U3J8IV2GepWOM-WsOItPZmKWuQbmJnyIU5VRuJniOsM	s1_mcsGXC-XA63nqAx5kv-Q-y_EhXTqBFQ1AHeiXTSbYQk	1un2zD	pathfinder-v0.3.0	-	qadv-arbiter-guided-7x7-v0.2.0	sha256:9c0e5e530df7db77a98f6a2e75fe63a6f629c6ad6563e0b5454793ebc243b14d	L	P	196
g1_U3J8IV2GepWOM-WsOItPZmKWuQbmJnyIU5VRuJniOsM	s1_oOwMhngSANAghR9-edPX9xBg2bvDw0aUQhTKBEVGbGU	1un2zD	pathfinder-v0.3.0	-	qadv-arbiter-guided-7x7-v0.2.0	sha256:9c0e5e530df7db77a98f6a2e75fe63a6f629c6ad6563e0b5454793ebc243b14d	L	P	196
g1_U3MnC0KFg0mkJikHdKbEWzkFqGTIrpHfHY94j1RyF20	s1_-OKlJXuPFfAnukwGYITjiU7XKL4OC_qt76PC0TZSPjg	1umveZ	python-cnn-puct-v0.1.0	sha256:7845e9b7687beee165dc36b8d21833b7a8b5a83e31b58b49bd05c277ba26e642	python-cnn-puct-v0.1.0	sha256:7845e9b7687beee165dc36b8d21833b7a8b5a83e31b58b49bd05c277ba26e642	-	M	196
g1_U3MnC0KFg0mkJikHdKbEWzkFqGTIrpHfHY94j1RyF20	s1_1av6nXQkq-GSHXfjkVlGHGpAq8F9UbW4JwZmyFA-vww	1umveZ	python-cnn-puct-v0.1.0	sha256:7845e9b7687beee165dc36b8d21833b7a8b5a83e31b58b49bd05c277ba26e642	python-cnn-puct-v0.1.0	sha256:7845e9b7687beee165dc36b8d21833b7a8b5a83e31b58b49bd05c277ba26e642	-	M	196
g1_U3MnC0KFg0mkJikHdKbEWzkFqGTIrpHfHY94j1RyF20	s1_mWPTef6xYbijjPhDIC6QgLRmu2mMSJAokNlIkx3vg54	1umveZ	python-cnn-puct-v0.1.0	sha256:7845e9b7687beee165dc36b8d21833b7a8b5a83e31b58b49bd05c277ba26e642	python-cnn-puct-v0.1.0	sha256:7845e9b7687beee165dc36b8d21833b7a8b5a83e31b58b49bd05c277ba26e642	-	M	196
g1_U3_cL-uLUwCyWQYBLgJY3D7387YFflTY1S-AxM0p_58	s1_6TLQG1Gn3iaRWOcRLG6tZKvG3bDfPRXqzcbCtbX-uRQ	1unPKz	qadv-arbiter-7x7-rust-lambda-v0.1.0	-	qadv-arbiter-7x7-rust-lambda-v0.1.0	-	L	P	196
g1_U3_cL-uLUwCyWQYBLgJY3D7387YFflTY1S-AxM0p_58	s1_LW8-_mcYcICQ4Ta4-AxnSngBNQHQ5ajfIlBuqi26D9w	1unPKz	qadv-arbiter-7x7-rust-lambda-v0.1.0	-	qadv-arbiter-7x7-rust-lambda-v0.1.0	-	L	P	196
g1_U3_cL-uLUwCyWQYBLgJY3D7387YFflTY1S-AxM0p_58	s1_O_0bKq7gbN2eC9q5S5n-aYwdmrMsfXf6OnuQxLAVSqM	1unPKz	qadv-arbiter-7x7-rust-lambda-v0.1.0	-	qadv-arbiter-7x7-rust-lambda-v0.1.0	-	L	P	196
g1_U3_cL-uLUwCyWQYBLgJY3D7387YFflTY1S-AxM0p_58	s1_RauLaTi4eVgYHSp2TV9pqs9uzTVv0B10g9TaHMWpcZ4	1unPKz	qadv-arbiter-7x7-rust-lambda-v0.1.0	-	qadv-arbiter-7x7-rust-lambda-v0.1.0	-	L	P	-
g1_U3df8O9Fsqzf6cRvOFuYdn-RNAs-dw_fMPvmbv3wBSo	s1_6PxtazPxkizz7K9QTWPSCIopEV5n0zpHoq3F52yO_6U	1umwje	python-cnn-puct-v0.1.0	sha256:7845e9b7687beee165dc36b8d21833b7a8b5a83e31b58b49bd05c277ba26e642	python-cnn-puct-v0.1.0	sha256:7845e9b7687beee165dc36b8d21833b7a8b5a83e31b58b49bd05c277ba26e642	D	P	196
g1_U3df8O9Fsqzf6cRvOFuYdn-RNAs-dw_fMPvmbv3wBSo	s1_baRgKA_wMXdl0r4AwdkUfhWC04qxd1MvEGXAQaDd4fo	1umwje	python-cnn-puct-v0.1.0	sha256:7845e9b7687beee165dc36b8d21833b7a8b5a83e31b58b49bd05c277ba26e642	python-cnn-puct-v0.1.0	sha256:7845e9b7687beee165dc36b8d21833b7a8b5a83e31b58b49bd05c277ba26e642	D	P	196
g1_U3ey4lr25_h-VF-8dATMzNJ1LpQikRRxapugo-UVDss	s1_RauLaTi4eVgYHSp2TV9pqs9uzTVv0B10g9TaHMWpcZ4	1unOuK	qadv-arbiter-7x7-rust-lambda-v0.1.0	-	qadv-arbiter-7x7-rust-lambda-v0.1.0	-	L	P	-
g1_U3ey4lr25_h-VF-8dATMzNJ1LpQikRRxapugo-UVDss	s1_YOll5nKcHuBxGM_JI-17sK6OBAcOy7HPpcxeGXDvGrg	1unOuK	qadv-arbiter-7x7-rust-lambda-v0.1.0	-	qadv-arbiter-7x7-rust-lambda-v0.1.0	-	L	P	196
g1_U3ey4lr25_h-VF-8dATMzNJ1LpQikRRxapugo-UVDss	s1_llmGSKGGynjvfTD7WVqhBFEe4Hr-B08EtdaD0Z4asJo	1unOuK	qadv-arbiter-7x7-rust-lambda-v0.1.0	-	qadv-arbiter-7x7-rust-lambda-v0.1.0	-	L	P	196
g1_U3ey4lr25_h-VF-8dATMzNJ1LpQikRRxapugo-UVDss	s1_vjqbXsTYf_X8LWpB4MXUNYgjNo6huhhVWbdPP_65JTE	1unOuK	qadv-arbiter-7x7-rust-lambda-v0.1.0	-	qadv-arbiter-7x7-rust-lambda-v0.1.0	-	L	P	196
g1_U3fiIJtJF5lfmEwT4-pMbKuXKQU2VysMUouLSp0kxUw	s1_HvZeDRXErJlsmi5ufUUyAoThTxS-nZbDp6ug-YhpHkA	1unO67	qadv-arbiter-7x7-rust-lambda-v0.1.0	-	qadv-arbiter-7x7-rust-lambda-v0.1.0	-	L	P	196
g1_U3fiIJtJF5lfmEwT4-pMbKuXKQU2VysMUouLSp0kxUw	s1_RauLaTi4eVgYHSp2TV9pqs9uzTVv0B10g9TaHMWpcZ4	1unO67	qadv-arbiter-7x7-rust-lambda-v0.1.0	-	qadv-arbiter-7x7-rust-lambda-v0.1.0	-	L	P	-
g1_U3fiIJtJF5lfmEwT4-pMbKuXKQU2VysMUouLSp0kxUw	s1_YepHF4lX90BmCQW3Pskk67xQhp-tDBsB6wp_MGGLXz0	1unO67	qadv-arbiter-7x7-rust-lambda-v0.1.0	-	qadv-arbiter-7x7-rust-lambda-v0.1.0	-	L	P	196
g1_U3fiIJtJF5lfmEwT4-pMbKuXKQU2VysMUouLSp0kxUw	s1_vT9SZbJEUFNZotZ_-RBG8diI7WvdnvqmA62AIfXGnx4	1unO67	qadv-arbiter-7x7-rust-lambda-v0.1.0	-	qadv-arbiter-7x7-rust-lambda-v0.1.0	-	L	P	196
g1_U3ppwzPqbvXQ2W-Tj7jPfuLmr6x3Ha88c7_MvyeuvRo	s1_RauLaTi4eVgYHSp2TV9pqs9uzTVv0B10g9TaHMWpcZ4	1unN28	qadv-arbiter-7x7-rust-qadv-v0.1.0	-	qadv-arbiter-7x7-rust-qadv-v0.1.0	-	D	P	-
g1_U3ppwzPqbvXQ2W-Tj7jPfuLmr6x3Ha88c7_MvyeuvRo	s1_U-zt3enW76i5Aa30JQiOROUfkyMCip_FCbFIRazQKe0	1unN28	qadv-arbiter-7x7-rust-qadv-v0.1.0	-	qadv-arbiter-7x7-rust-qadv-v0.1.0	-	D	P	196
g1_U3ppwzPqbvXQ2W-Tj7jPfuLmr6x3Ha88c7_MvyeuvRo	s1_hHvZJJTw__5KYBvhCDqMTo55Kg9cFBbPkpFB4Njyv1s	1unN28	qadv-arbiter-7x7-rust-qadv-v0.1.0	-	qadv-arbiter-7x7-rust-qadv-v0.1.0	-	D	P	196
g1_U41Q3Tr3wnXTsVxwTbCW3HT1SfMsx0qe8LrP-6eYQrM	s1_9pzNsxJf2L7uWyloKFpf5qo0Z3rL8C5FwnmLvCpFaL0	1unO9s	qadv-arbiter-7x7-rust-lambda-v0.1.0	-	qadv-arbiter-7x7-rust-lambda-v0.1.0	-	L	P	196
g1_U41Q3Tr3wnXTsVxwTbCW3HT1SfMsx0qe8LrP-6eYQrM	s1_CeZ__14MfPHbWblAB6kZ3I7ZkbZ1PlG0Nk_dfdhIn2E	1unO9s	qadv-arbiter-7x7-rust-lambda-v0.1.0	-	qadv-arbiter-7x7-rust-lambda-v0.1.0	-	L	P	196
g1_U41Q3Tr3wnXTsVxwTbCW3HT1SfMsx0qe8LrP-6eYQrM	s1_RauLaTi4eVgYHSp2TV9pqs9uzTVv0B10g9TaHMWpcZ4	1unO9s	qadv-arbiter-7x7-rust-lambda-v0.1.0	-	qadv-arbiter-7x7-rust-lambda-v0.1.0	-	L	P	-
g1_U41Q3Tr3wnXTsVxwTbCW3HT1SfMsx0qe8LrP-6eYQrM	s1_ftRCGaIiylYa9mS_S3zcxQxAs7Yw-TyI_8zQ9fzwBog	1unO9s	qadv-arbiter-7x7-rust-lambda-v0.1.0	-	qadv-arbiter-7x7-rust-lambda-v0.1.0	-	L	P	196
g1_U4EUyDweUsHqfgCAJrn3tdhL5trWFO3MFD1ccL7QVIw	s1_13FUtMjCMul6NuRVuzYLSglUxnapA7plz5bkZTOxh5Y	1unPo9	qadv-arbiter-7x7-rust-lambda-v0.1.0	-	qadv-arbiter-7x7-rust-lambda-v0.1.0	-	L	P	196
g1_U4EUyDweUsHqfgCAJrn3tdhL5trWFO3MFD1ccL7QVIw	s1_CPIjLgns8c8M7A53NmU_4XqDFHbgaD3HpWwIR0HsGPo	1unPo9	qadv-arbiter-7x7-rust-lambda-v0.1.0	-	qadv-arbiter-7x7-rust-lambda-v0.1.0	-	L	P	196
g1_U4EUyDweUsHqfgCAJrn3tdhL5trWFO3MFD1ccL7QVIw	s1_F6Q6RNYuZBNr8yebcu8DjbXl5bTODkvKyGLjmcp8kbI	1unPo9	qadv-arbiter-7x7-rust-lambda-v0.1.0	-	qadv-arbiter-7x7-rust-lambda-v0.1.0	-	L	P	196
g1_U4EUyDweUsHqfgCAJrn3tdhL5trWFO3MFD1ccL7QVIw	s1_RauLaTi4eVgYHSp2TV9pqs9uzTVv0B10g9TaHMWpcZ4	1unPo9	qadv-arbiter-7x7-rust-lambda-v0.1.0	-	qadv-arbiter-7x7-rust-lambda-v0.1.0	-	L	P	-
g1_U4IZ8YpjG_OD64Rhpx8hqBrwd2NAgs6Vc-QZMjipjbY	s1_2pS6Pdz2N8skMR8zCVhf1Uhddt4AsvNHJQQ-2g_zbT0	1unMTC	qadv-arbiter-7x7-rust-lambda-v0.1.0	-	qadv-arbiter-7x7-rust-lambda-v0.1.0	-	L	P	196
g1_U4IZ8YpjG_OD64Rhpx8hqBrwd2NAgs6Vc-QZMjipjbY	s1_RauLaTi4eVgYHSp2TV9pqs9uzTVv0B10g9TaHMWpcZ4	1unMTC	qadv-arbiter-7x7-rust-lambda-v0.1.0	-	qadv-arbiter-7x7-rust-lambda-v0.1.0	-	L	P	-
g1_U4IZ8YpjG_OD64Rhpx8hqBrwd2NAgs6Vc-QZMjipjbY	s1_dXQcdIyEf_Uup2dd3wwrIXNFw3spilKN_aMTlv3W7Y4	1unMTC	qadv-arbiter-7x7-rust-lambda-v0.1.0	-	qadv-arbiter-7x7-rust-lambda-v0.1.0	-	L	P	196
g1_U4IZ8YpjG_OD64Rhpx8hqBrwd2NAgs6Vc-QZMjipjbY	s1_gpbVJMrSabMzh_hUMg-ZjVE2louPqF8-wgTIp4Ryx-c	1unMTC	qadv-arbiter-7x7-rust-lambda-v0.1.0	-	qadv-arbiter-7x7-rust-lambda-v0.1.0	-	L	P	196
g1_U4RnONs_DMYMCE6iAzQbw5DOW5JpOcyFbmfFH185oEI	s1_-OKlJXuPFfAnukwGYITjiU7XKL4OC_qt76PC0TZSPjg	1umvho	python-cnn-puct-v0.1.0	sha256:7845e9b7687beee165dc36b8d21833b7a8b5a83e31b58b49bd05c277ba26e642	python-cnn-puct-v0.1.0	sha256:7845e9b7687beee165dc36b8d21833b7a8b5a83e31b58b49bd05c277ba26e642	-	M	196
g1_U4RnONs_DMYMCE6iAzQbw5DOW5JpOcyFbmfFH185oEI	s1_1av6nXQkq-GSHXfjkVlGHGpAq8F9UbW4JwZmyFA-vww	1umvho	python-cnn-puct-v0.1.0	sha256:7845e9b7687beee165dc36b8d21833b7a8b5a83e31b58b49bd05c277ba26e642	python-cnn-puct-v0.1.0	sha256:7845e9b7687beee165dc36b8d21833b7a8b5a83e31b58b49bd05c277ba26e642	-	M	196
g1_U4RnONs_DMYMCE6iAzQbw5DOW5JpOcyFbmfFH185oEI	s1_Brk0hkuJoH-MBjdd53AO5tlWcOgDWV_R0PO74fHGd_0	1umvho	python-cnn-puct-v0.1.0	sha256:7845e9b7687beee165dc36b8d21833b7a8b5a83e31b58b49bd05c277ba26e642	python-cnn-puct-v0.1.0	sha256:7845e9b7687beee165dc36b8d21833b7a8b5a83e31b58b49bd05c277ba26e642	-	M	196
g1_U4Yjdqh2JNQuHwb5CUEYBwd1CnpPM-52fgG6h2soEYU	s1_0AUOJjPQPZ1MRMfwzS00hiN-u8aJ0dAeHixic-sp0u8	1un6cI	qadv-arbiter-guided-7x7-v0.2.0	sha256:9c0e5e530df7db77a98f6a2e75fe63a6f629c6ad6563e0b5454793ebc243b14d	gnn-reval30k-7x7	sha256:7f41dbe135649d1116a0914bc0358a5ffae95749195ec20dd972035bbbea52f7	L	P	196
g1_U4Yjdqh2JNQuHwb5CUEYBwd1CnpPM-52fgG6h2soEYU	s1_O3cuwuia8XT9TI7Nxr3tRcajOA20XFHEIT2fYX3WizY	1un6cI	qadv-arbiter-guided-7x7-v0.2.0	sha256:9c0e5e530df7db77a98f6a2e75fe63a6f629c6ad6563e0b5454793ebc243b14d	gnn-reval30k-7x7	sha256:7f41dbe135649d1116a0914bc0358a5ffae95749195ec20dd972035bbbea52f7	L	P	196
g1_U4Yjdqh2JNQuHwb5CUEYBwd1CnpPM-52fgG6h2soEYU	s1_UHtME0K2nHdWZi6cty5g9OSxM3nyUTxwVk5nkZhTkjA	1un6cI	qadv-arbiter-guided-7x7-v0.2.0	sha256:9c0e5e530df7db77a98f6a2e75fe63a6f629c6ad6563e0b5454793ebc243b14d	gnn-reval30k-7x7	sha256:7f41dbe135649d1116a0914bc0358a5ffae95749195ec20dd972035bbbea52f7	L	P	196
g1_U4fezzdq8yaN6zJ5XeFxMYMFDqJzXl5QPv6KwnguBzY	s1_Bt1QwCQor1e4Hm9FUKH2TvuYPRHuNoQfnCNYQcObgbk	1unMxH	qadv-arbiter-7x7-rust-lambda-v0.1.0	-	qadv-arbiter-7x7-rust-lambda-v0.1.0	-	L	P	196
g1_U4fezzdq8yaN6zJ5XeFxMYMFDqJzXl5QPv6KwnguBzY	s1_RauLaTi4eVgYHSp2TV9pqs9uzTVv0B10g9TaHMWpcZ4	1unMxH	qadv-arbiter-7x7-rust-lambda-v0.1.0	-	qadv-arbiter-7x7-rust-lambda-v0.1.0	-	L	P	-
g1_U4fezzdq8yaN6zJ5XeFxMYMFDqJzXl5QPv6KwnguBzY	s1_cdgmVkJfsbTG033c-xclMFc_a0OUzg_oPXyjVsui7n0	1unMxH	qadv-arbiter-7x7-rust-lambda-v0.1.0	-	qadv-arbiter-7x7-rust-lambda-v0.1.0	-	L	P	196
g1_U4fezzdq8yaN6zJ5XeFxMYMFDqJzXl5QPv6KwnguBzY	s1_db4CVi72c0z2RPAehk2LYd8iMukNAoLbmufN1VhKLdA	1unMxH	qadv-arbiter-7x7-rust-lambda-v0.1.0	-	qadv-arbiter-7x7-rust-lambda-v0.1.0	-	L	P	196
g1_U4m3pMmR_xGUYlla92E_J9wraVrpQeDtfmu8b6N8TXA	s1_ArPhV0QdRF0zIIgA3x5Vy_EaawVZ1hdEMF0ASGQbPTY	1unMkG	qadv-arbiter-7x7-rust-lambda-v0.1.0	-	qadv-arbiter-7x7-rust-lambda-v0.1.0	-	D	P	196
g1_U4m3pMmR_xGUYlla92E_J9wraVrpQeDtfmu8b6N8TXA	s1_RauLaTi4eVgYHSp2TV9pqs9uzTVv0B10g9TaHMWpcZ4	1unMkG	qadv-arbiter-7x7-rust-lambda-v0.1.0	-	qadv-arbiter-7x7-rust-lambda-v0.1.0	-	D	P	-
g1_U4m3pMmR_xGUYlla92E_J9wraVrpQeDtfmu8b6N8TXA	s1_RwhiOwbfdhYorYP5M5LUymgX55jr3p_G4owpIFjAeOA	1unMkG	qadv-arbiter-7x7-rust-lambda-v0.1.0	-	qadv-arbiter-7x7-rust-lambda-v0.1.0	-	D	P	196
g1_U4m3pMmR_xGUYlla92E_J9wraVrpQeDtfmu8b6N8TXA	s1__e4R-zvlkELMHxNEe9RmrBX4V2PWtl66a9IKeZEL9u8	1unMkG	qadv-arbiter-7x7-rust-lambda-v0.1.0	-	qadv-arbiter-7x7-rust-lambda-v0.1.0	-	D	P	196
g1_U4n1qI4Wp0bldZ1RhFeybRTT736mWeIJn6XSxr_89Io	s1_1W-z_7OTL6WaIXFrCgTnDHde3jLtpF7diLD4Gyu6BUw	1unPkB	qadv-arbiter-7x7-rust-lambda-v0.1.0	-	qadv-arbiter-7x7-rust-lambda-v0.1.0	-	L	P	196
g1_U4n1qI4Wp0bldZ1RhFeybRTT736mWeIJn6XSxr_89Io	s1_RauLaTi4eVgYHSp2TV9pqs9uzTVv0B10g9TaHMWpcZ4	1unPkB	qadv-arbiter-7x7-rust-lambda-v0.1.0	-	qadv-arbiter-7x7-rust-lambda-v0.1.0	-	L	P	-
g1_U4n1qI4Wp0bldZ1RhFeybRTT736mWeIJn6XSxr_89Io	s1_Z38shAIHI0MYegazhWgWvRQ76eM7LhCRw6c_BudVykk	1unPkB	qadv-arbiter-7x7-rust-lambda-v0.1.0	-	qadv-arbiter-7x7-rust-lambda-v0.1.0	-	L	P	196
g1_U4n1qI4Wp0bldZ1RhFeybRTT736mWeIJn6XSxr_89Io	s1_kfKfGNSSNc8yhpMFFGP_zgdun8g1vYEnY3o2E6xoRcA	1unPkB	qadv-arbiter-7x7-rust-lambda-v0.1.0	-	qadv-arbiter-7x7-rust-lambda-v0.1.0	-	L	P	196
g1_U4oIiFyM5uY_wDhX1LGuQYjlb5z_VvETTIl5e-NKqR4	s1_06K4TGgBjdlSfyesKnqG2TroEnMgaztij1G9YfVKFyY	1unQ3n	qadv-arbiter-7x7-rust-lambda-v0.1.0	-	qadv-arbiter-7x7-rust-lambda-v0.1.0	-	L	P	196
g1_U4oIiFyM5uY_wDhX1LGuQYjlb5z_VvETTIl5e-NKqR4	s1_2oKQDz6JH8wjeCgOz8KZOVZCfEnNNOa9N_Z4JYwy8Js	1unQ3n	qadv-arbiter-7x7-rust-lambda-v0.1.0	-	qadv-arbiter-7x7-rust-lambda-v0.1.0	-	L	P	196
g1_U4oIiFyM5uY_wDhX1LGuQYjlb5z_VvETTIl5e-NKqR4	s1_3sey4ZtDh8actXLSnXQrnX_OIh57wjaZ0_uz22vSkSI	1unQ3n	qadv-arbiter-7x7-rust-lambda-v0.1.0	-	qadv-arbiter-7x7-rust-lambda-v0.1.0	-	L	P	196
g1_U4qu5TYoeqjCNlTp45X-td5bfR1lZSkSdJ5vIxPWD04	s1_MFdpdXQjv3i_NbabmpXh15foDYUwpLNrZGfplybOBY0	1unOvL	qadv-arbiter-7x7-rust-lambda-v0.1.0	-	qadv-arbiter-7x7-rust-lambda-v0.1.0	-	D	P	196
g1_U4qu5TYoeqjCNlTp45X-td5bfR1lZSkSdJ5vIxPWD04	s1_RauLaTi4eVgYHSp2TV9pqs9uzTVv0B10g9TaHMWpcZ4	1unOvL	qadv-arbiter-7x7-rust-lambda-v0.1.0	-	qadv-arbiter-7x7-rust-lambda-v0.1.0	-	D	P	-
g1_U4qu5TYoeqjCNlTp45X-td5bfR1lZSkSdJ5vIxPWD04	s1_X83NqR81I9FJqxDpIJgCfQSOVOzxKNWC0H_MyVjGWf4	1unOvL	qadv-arbiter-7x7-rust-lambda-v0.1.0	-	qadv-arbiter-7x7-rust-lambda-v0.1.0	-	D	P	196
g1_U4qu5TYoeqjCNlTp45X-td5bfR1lZSkSdJ5vIxPWD04	s1_spuO2KAuQQRVxc49JWCLeLGo8JSaEk29KwMbt7B-sp0	1unOvL	qadv-arbiter-7x7-rust-lambda-v0.1.0	-	qadv-arbiter-7x7-rust-lambda-v0.1.0	-	D	P	196
g1_U4yWlavvZx7sQSG_cVNQoIP0xiifkmhsX5MRdTNp4Ak	s1_1av6nXQkq-GSHXfjkVlGHGpAq8F9UbW4JwZmyFA-vww	1DMCZ	python-gnn-puct-v0.1.0	-	python-gnn-puct-v0.1.0	-	-	M	-
g1_U4yWlavvZx7sQSG_cVNQoIP0xiifkmhsX5MRdTNp4Ak	s1_Brk0hkuJoH-MBjdd53AO5tlWcOgDWV_R0PO74fHGd_0	1DMCZ	python-gnn-puct-v0.1.0	-	python-gnn-puct-v0.1.0	-	-	M	-
g1_U4yWlavvZx7sQSG_cVNQoIP0xiifkmhsX5MRdTNp4Ak	s1_KmF8KhDbubz6lwdS8R_n_yTGdSONmH9B1wUABbyCj94	1DMCZ	python-gnn-puct-v0.1.0	-	python-gnn-puct-v0.1.0	-	-	M	-
g1_U4yWlavvZx7sQSG_cVNQoIP0xiifkmhsX5MRdTNp4Ak	s1_g5pGkHBMEhzAYvwFY0b24sSc7wC9JfnWApMHHZ_aMPI	1DMCZ	python-gnn-puct-v0.1.0	-	python-gnn-puct-v0.1.0	-	-	M	-
g1_U4yWlavvZx7sQSG_cVNQoIP0xiifkmhsX5MRdTNp4Ak	s1_o4FpiLdBR0W384rY1cH0JR4zS6lbnJNFQTdwfhHEdfo	1DMCZ	python-gnn-puct-v0.1.0	-	python-gnn-puct-v0.1.0	-	-	M	-
g1_U5DY6-pNoBJMO2UvPJb7fb7RiffIb-zqDMSdMeFulnc	s1_Qmoz3nLvbLcY_1rcqMtpMJDvTQydhL5cxUNWV6EhpMY	1umw-c	qadv-arbiter-7x7-v0.1.0	sha256:8c548d06307572603b839755cc1e50393285365e10f82bcd90290ca65cd86266	qadv-arbiter-7x7-v0.1.0	sha256:8c548d06307572603b839755cc1e50393285365e10f82bcd90290ca65cd86266	L	P	196
g1_U5FEKsVbu_JBiG5OqI4Km1DJNfu0Jm8iRA-6vP-7BQ8	s1_RauLaTi4eVgYHSp2TV9pqs9uzTVv0B10g9TaHMWpcZ4	1unNdS	qadv-arbiter-7x7-rust-lambda-v0.1.0	-	qadv-arbiter-7x7-rust-lambda-v0.1.0	-	L	P	-
g1_U5FEKsVbu_JBiG5OqI4Km1DJNfu0Jm8iRA-6vP-7BQ8	s1_TsnwQKxjNWV5I1xDEtV1iMnHsB-zXVzUC2PlF-P4IAY	1unNdS	qadv-arbiter-7x7-rust-lambda-v0.1.0	-	qadv-arbiter-7x7-rust-lambda-v0.1.0	-	L	P	196
g1_U5FEKsVbu_JBiG5OqI4Km1DJNfu0Jm8iRA-6vP-7BQ8	s1_f3X6SyZPs4i9hkLrDZ-e5EBuKHLzrTJHyjZepEs_5zQ	1unNdS	qadv-arbiter-7x7-rust-lambda-v0.1.0	-	qadv-arbiter-7x7-rust-lambda-v0.1.0	-	L	P	196
g1_U5FEKsVbu_JBiG5OqI4Km1DJNfu0Jm8iRA-6vP-7BQ8	s1_prc6rrfgcKPTQ91re13aoEJb6xlrb1XDmfuchC0ii_Y	1unNdS	qadv-arbiter-7x7-rust-lambda-v0.1.0	-	qadv-arbiter-7x7-rust-lambda-v0.1.0	-	L	P	196
g1_U5U1zwKWNg8k0OO7Izv-qyYSJecuvlJpt5JWjqI-p-E	s1_6PxtazPxkizz7K9QTWPSCIopEV5n0zpHoq3F52yO_6U	1umwmr	python-cnn-puct-v0.1.0	sha256:7845e9b7687beee165dc36b8d21833b7a8b5a83e31b58b49bd05c277ba26e642	python-cnn-puct-v0.1.0	sha256:7845e9b7687beee165dc36b8d21833b7a8b5a83e31b58b49bd05c277ba26e642	D	P	196
g1_U5U1zwKWNg8k0OO7Izv-qyYSJecuvlJpt5JWjqI-p-E	s1_baRgKA_wMXdl0r4AwdkUfhWC04qxd1MvEGXAQaDd4fo	1umwmr	python-cnn-puct-v0.1.0	sha256:7845e9b7687beee165dc36b8d21833b7a8b5a83e31b58b49bd05c277ba26e642	python-cnn-puct-v0.1.0	sha256:7845e9b7687beee165dc36b8d21833b7a8b5a83e31b58b49bd05c277ba26e642	D	P	196
g1_U5ffM5TYKC0zx27U0R7A245UKaxqpbCMnse8-vNkksM	s1_935n22kJz4Y0RYwTD8-2hPwx6AZ2b6QGNu0ktNQ4UVw	1unNCX	qadv-arbiter-7x7-rust-lambda-v0.1.0	-	qadv-arbiter-7x7-rust-lambda-v0.1.0	-	D	P	196
g1_U5ffM5TYKC0zx27U0R7A245UKaxqpbCMnse8-vNkksM	s1_9qbdX03fT49gEVWqzEMMM8rG1kQOYN_Jk2sC7jBY7l0	1unNCX	qadv-arbiter-7x7-rust-lambda-v0.1.0	-	qadv-arbiter-7x7-rust-lambda-v0.1.0	-	D	P	196
g1_U5ffM5TYKC0zx27U0R7A245UKaxqpbCMnse8-vNkksM	s1_RauLaTi4eVgYHSp2TV9pqs9uzTVv0B10g9TaHMWpcZ4	1unNCX	qadv-arbiter-7x7-rust-lambda-v0.1.0	-	qadv-arbiter-7x7-rust-lambda-v0.1.0	-	D	P	-
g1_U5ffM5TYKC0zx27U0R7A245UKaxqpbCMnse8-vNkksM	s1_h6btQyi75YKzCbE5kbEt9HdXxkRcErxvBUSz4mexBnQ	1unNCX	qadv-arbiter-7x7-rust-lambda-v0.1.0	-	qadv-arbiter-7x7-rust-lambda-v0.1.0	-	D	P	196
g1_U5nlXrQA2_JMsMtAmWlUnzb6IX4OuimLswMCMtZJQiE	s1_1QbmjfeRkkXyaNt7uNuvbgRijxc-3p2MSJZecDZNhk8	1un5tt	gnn-reval30k-7x7	sha256:7f41dbe135649d1116a0914bc0358a5ffae95749195ec20dd972035bbbea52f7	qadv-arbiter-guided-7x7-v0.2.0	sha256:9c0e5e530df7db77a98f6a2e75fe63a6f629c6ad6563e0b5454793ebc243b14d	D	P	196
g1_U5nlXrQA2_JMsMtAmWlUnzb6IX4OuimLswMCMtZJQiE	s1_KFCPuS07IuvwTcEzH-1o96QSsgWXXBFf-H4aSllW5pw	1un5tt	gnn-reval30k-7x7	sha256:7f41dbe135649d1116a0914bc0358a5ffae95749195ec20dd972035bbbea52f7	qadv-arbiter-guided-7x7-v0.2.0	sha256:9c0e5e530df7db77a98f6a2e75fe63a6f629c6ad6563e0b5454793ebc243b14d	D	P	196
g1_U5nlXrQA2_JMsMtAmWlUnzb6IX4OuimLswMCMtZJQiE	s1_O3cuwuia8XT9TI7Nxr3tRcajOA20XFHEIT2fYX3WizY	1un5tt	gnn-reval30k-7x7	sha256:7f41dbe135649d1116a0914bc0358a5ffae95749195ec20dd972035bbbea52f7	qadv-arbiter-guided-7x7-v0.2.0	sha256:9c0e5e530df7db77a98f6a2e75fe63a6f629c6ad6563e0b5454793ebc243b14d	D	P	196
g1_U5nlXrQA2_JMsMtAmWlUnzb6IX4OuimLswMCMtZJQiE	s1_OfzUOjzcUa0ZvGXOvzmOBgjgnGAySQKksPXftzcChTA	1un5tt	gnn-reval30k-7x7	sha256:7f41dbe135649d1116a0914bc0358a5ffae95749195ec20dd972035bbbea52f7	qadv-arbiter-guided-7x7-v0.2.0	sha256:9c0e5e530df7db77a98f6a2e75fe63a6f629c6ad6563e0b5454793ebc243b14d	D	P	196
g1_U5zgKasSSWYZQp9mOQRiRHOELakhEjSBamqfDtVOOEk	s1_61SfmtZbhmymwk2ercL336t-_opn7CvCJkLJ4oMSvOk	1unOju	qadv-arbiter-7x7-rust-lambda-v0.1.0	-	qadv-arbiter-7x7-rust-lambda-v0.1.0	-	L	P	196
g1_U5zgKasSSWYZQp9mOQRiRHOELakhEjSBamqfDtVOOEk	s1_7_aoNqWRJUgWX8aE-dG4ojg7wsNfzuyehv8Kfy72z1Q	1unOju	qadv-arbiter-7x7-rust-lambda-v0.1.0	-	qadv-arbiter-7x7-rust-lambda-v0.1.0	-	L	P	196
g1_U5zgKasSSWYZQp9mOQRiRHOELakhEjSBamqfDtVOOEk	s1_QNdMZV9m7JPyK9M2fmhKWXofDKscQ0s7E4VmXAOm9fo	1unOju	qadv-arbiter-7x7-rust-lambda-v0.1.0	-	qadv-arbiter-7x7-rust-lambda-v0.1.0	-	L	P	196
g1_U5zgKasSSWYZQp9mOQRiRHOELakhEjSBamqfDtVOOEk	s1_RauLaTi4eVgYHSp2TV9pqs9uzTVv0B10g9TaHMWpcZ4	1unOju	qadv-arbiter-7x7-rust-lambda-v0.1.0	-	qadv-arbiter-7x7-rust-lambda-v0.1.0	-	L	P	-
g1_U6BO4DDfiP7JX1hc-tYAlBymdaMg7ddKk8VqPJq2no0	s1_flXyOBW6T9LLVDFIvXBGel1MoVNZcUcMFIJnB9yLapU	1umx9p	python-gnn-puct-reval30k-v0.1.0	sha256:6120be86fc469df71473c3de64e5e32f99694cd47d621fa5948f243dc51d3d21	python-gnn-puct-reval30k-v0.1.0	sha256:6120be86fc469df71473c3de64e5e32f99694cd47d621fa5948f243dc51d3d21	D	P	196
g1_U6PLzdo6U78N90oUBR7IIkXixpL-3HWH0mCtJzbRHJw	s1__fmnSv6OnZklVvMPUjPdL6drtvfrJptRYX3nxZQO8jI	1umxwR	python-gnn-puct-scout-v0.1.0	sha256:b9f80706cc1f29076ee06fe06483697c749148a808c599579045d00a52573938	python-gnn-puct-scout-v0.1.0	sha256:b9f80706cc1f29076ee06fe06483697c749148a808c599579045d00a52573938	L	P	196
g1_U6RhLW0BbdysQa9kLxiemIIHhIA3li4EelSUlcnm_XE	s1_2FtaP75xgRVTNrUvmC0NIesJCNy8IDFJ05WNM4nUnpg	1unQn8	qadv-arbiter-7x7-v0.1.0	-	pathfinder-v0.3.0	-	D	P	196
g1_U6RhLW0BbdysQa9kLxiemIIHhIA3li4EelSUlcnm_XE	s1_7m6rzVUMwKb2ze4m0l4101Ex_LeBD751xgIP1pyiYhY	1unQn8	qadv-arbiter-7x7-v0.1.0	-	pathfinder-v0.3.0	-	D	P	196
g1_U6RhLW0BbdysQa9kLxiemIIHhIA3li4EelSUlcnm_XE	s1_RauLaTi4eVgYHSp2TV9pqs9uzTVv0B10g9TaHMWpcZ4	1unQn8	qadv-arbiter-7x7-v0.1.0	-	pathfinder-v0.3.0	-	D	P	-
g1_U6RhLW0BbdysQa9kLxiemIIHhIA3li4EelSUlcnm_XE	s1_mNmCeg6QZpyJUL6F2-yB9tCdSt_5LdCCYAlA_CU_vK8	1unQn8	qadv-arbiter-7x7-v0.1.0	-	pathfinder-v0.3.0	-	D	P	196
g1_U6UjNfQVkoR8nYsFFarg_TmV5tyt9Th3eHD1aqe3Kls	s1_RauLaTi4eVgYHSp2TV9pqs9uzTVv0B10g9TaHMWpcZ4	1unOH1	qadv-arbiter-7x7-rust-lambda-v0.1.0	-	qadv-arbiter-7x7-rust-lambda-v0.1.0	-	L	P	-
g1_U6UjNfQVkoR8nYsFFarg_TmV5tyt9Th3eHD1aqe3Kls	s1_excqscIZHZXZtgxhWVkIuS8Ei5J5Myk9xpF2l8GABhg	1unOH1	qadv-arbiter-7x7-rust-lambda-v0.1.0	-	qadv-arbiter-7x7-rust-lambda-v0.1.0	-	L	P	196
g1_U6UjNfQVkoR8nYsFFarg_TmV5tyt9Th3eHD1aqe3Kls	s1_gXfB93wThUcC0bUxAS14Vm3EBQAZ7RpPKiZhWLD7WfM	1unOH1	qadv-arbiter-7x7-rust-lambda-v0.1.0	-	qadv-arbiter-7x7-rust-lambda-v0.1.0	-	L	P	196
g1_U6UjNfQVkoR8nYsFFarg_TmV5tyt9Th3eHD1aqe3Kls	s1_r8RmVxsGE5QrLbE4EsoYjLBbPXuIPSlcY-3Trlxytf8	1unOH1	qadv-arbiter-7x7-rust-lambda-v0.1.0	-	qadv-arbiter-7x7-rust-lambda-v0.1.0	-	L	P	196
g1_U6a8wUwO6tZILtPIc7s-xhuIx3qkGtjXnQXjFAgdPZA	s1_GzqmSg9b7YKQdCPj1BTPfs4953g9HffkeuIhZPhqZew	1unMAw	qadv-arbiter-7x7-rust-lambda-v0.1.0	-	qadv-arbiter-7x7-rust-lambda-v0.1.0	-	D	P	196
g1_U6a8wUwO6tZILtPIc7s-xhuIx3qkGtjXnQXjFAgdPZA	s1_RauLaTi4eVgYHSp2TV9pqs9uzTVv0B10g9TaHMWpcZ4	1unMAw	qadv-arbiter-7x7-rust-lambda-v0.1.0	-	qadv-arbiter-7x7-rust-lambda-v0.1.0	-	D	P	-
g1_U6a8wUwO6tZILtPIc7s-xhuIx3qkGtjXnQXjFAgdPZA	s1_Z6hQp2fdPp9pAR8nF8u9pBtN_SfuLYI3yvqbaoqF1xM	1unMAw	qadv-arbiter-7x7-rust-lambda-v0.1.0	-	qadv-arbiter-7x7-rust-lambda-v0.1.0	-	D	P	196
g1_U6a8wUwO6tZILtPIc7s-xhuIx3qkGtjXnQXjFAgdPZA	s1_xVBB7zjaABZ2cWtjLLqrFuzBAMFLpdzzHKgItzuxhS4	1unMAw	qadv-arbiter-7x7-rust-lambda-v0.1.0	-	qadv-arbiter-7x7-rust-lambda-v0.1.0	-	D	P	196
g1_U6jSRMNPKC4dzzvUfBWQBVevj_0zYLS0g1Lkm2mlCKw	s1_ENvcJvZ7U-1jnawj6qu2_q8YPXq4YF6drzWhZZFT2eg	1unNm4	qadv-arbiter-7x7-rust-lambda-v0.1.0	-	qadv-arbiter-7x7-rust-lambda-v0.1.0	-	D	P	196
g1_U6jSRMNPKC4dzzvUfBWQBVevj_0zYLS0g1Lkm2mlCKw	s1_RauLaTi4eVgYHSp2TV9pqs9uzTVv0B10g9TaHMWpcZ4	1unNm4	qadv-arbiter-7x7-rust-lambda-v0.1.0	-	qadv-arbiter-7x7-rust-lambda-v0.1.0	-	D	P	-
g1_U6jSRMNPKC4dzzvUfBWQBVevj_0zYLS0g1Lkm2mlCKw	s1_oS_kN93QvVUloBjXGgMOCBvUjMtWlbsgzwO8MooyLY4	1unNm4	qadv-arbiter-7x7-rust-lambda-v0.1.0	-	qadv-arbiter-7x7-rust-lambda-v0.1.0	-	D	P	196
g1_U6jSRMNPKC4dzzvUfBWQBVevj_0zYLS0g1Lkm2mlCKw	s1_u6mkf3iel9aWKef6geZGeQhgeU4wmWqu77p6E3F3OWM	1unNm4	qadv-arbiter-7x7-rust-lambda-v0.1.0	-	qadv-arbiter-7x7-rust-lambda-v0.1.0	-	D	P	196
g1_U6nziOTqRer0ab2yEena-KOEEs3slm2-M65ffhxUfHk	s1_1av6nXQkq-GSHXfjkVlGHGpAq8F9UbW4JwZmyFA-vww	1DIfq	python-gnn-puct-v0.1.0	sha256:6f9ad6e4a0993da3cf34a8549e86f9b5d512c51e11bfa76dfe051e7a8801bdac	python-gnn-puct-v0.1.0	sha256:6f9ad6e4a0993da3cf34a8549e86f9b5d512c51e11bfa76dfe051e7a8801bdac	D	P	196
g1_U6nziOTqRer0ab2yEena-KOEEs3slm2-M65ffhxUfHk	s1_Brk0hkuJoH-MBjdd53AO5tlWcOgDWV_R0PO74fHGd_0	1DIfq	python-gnn-puct-v0.1.0	sha256:6f9ad6e4a0993da3cf34a8549e86f9b5d512c51e11bfa76dfe051e7a8801bdac	python-gnn-puct-v0.1.0	sha256:6f9ad6e4a0993da3cf34a8549e86f9b5d512c51e11bfa76dfe051e7a8801bdac	D	P	196
g1_U6nziOTqRer0ab2yEena-KOEEs3slm2-M65ffhxUfHk	s1_KmF8KhDbubz6lwdS8R_n_yTGdSONmH9B1wUABbyCj94	1DIfq	python-gnn-puct-v0.1.0	sha256:6f9ad6e4a0993da3cf34a8549e86f9b5d512c51e11bfa76dfe051e7a8801bdac	python-gnn-puct-v0.1.0	sha256:6f9ad6e4a0993da3cf34a8549e86f9b5d512c51e11bfa76dfe051e7a8801bdac	D	P	196
g1_U6nziOTqRer0ab2yEena-KOEEs3slm2-M65ffhxUfHk	s1_g5pGkHBMEhzAYvwFY0b24sSc7wC9JfnWApMHHZ_aMPI	1DIfq	python-gnn-puct-v0.1.0	sha256:6f9ad6e4a0993da3cf34a8549e86f9b5d512c51e11bfa76dfe051e7a8801bdac	python-gnn-puct-v0.1.0	sha256:6f9ad6e4a0993da3cf34a8549e86f9b5d512c51e11bfa76dfe051e7a8801bdac	D	P	196
g1_U6nziOTqRer0ab2yEena-KOEEs3slm2-M65ffhxUfHk	s1_tol_POp6BcgBLMWq8iDfRBQSAXpESHxFwmcCQYXv0yQ	1DIfq	python-gnn-puct-v0.1.0	sha256:6f9ad6e4a0993da3cf34a8549e86f9b5d512c51e11bfa76dfe051e7a8801bdac	python-gnn-puct-v0.1.0	sha256:6f9ad6e4a0993da3cf34a8549e86f9b5d512c51e11bfa76dfe051e7a8801bdac	D	P	196
g1_U6x7coVpeW-td7y5gFVwDhhkWkp-lHACfpE8oRF91K0	s1_836MKqWxvnNnqMvncVOCgLZoft9gqfM2dNNG_qL8COI	1unMvU	qadv-arbiter-7x7-rust-lambda-v0.1.0	-	qadv-arbiter-7x7-rust-lambda-v0.1.0	-	D	P	196
g1_U6x7coVpeW-td7y5gFVwDhhkWkp-lHACfpE8oRF91K0	s1_RauLaTi4eVgYHSp2TV9pqs9uzTVv0B10g9TaHMWpcZ4	1unMvU	qadv-arbiter-7x7-rust-lambda-v0.1.0	-	qadv-arbiter-7x7-rust-lambda-v0.1.0	-	D	P	-
g1_U6x7coVpeW-td7y5gFVwDhhkWkp-lHACfpE8oRF91K0	s1_d9ImH9hR9_NODf_tDNeCa4yU9__SM9sc_-n3BL91cnw	1unMvU	qadv-arbiter-7x7-rust-lambda-v0.1.0	-	qadv-arbiter-7x7-rust-lambda-v0.1.0	-	D	P	196
g1_U6x7coVpeW-td7y5gFVwDhhkWkp-lHACfpE8oRF91K0	s1_pDTrZKnu8DU0E7Pko8gTuV_UElzPRuti6CM3a2kCxFw	1unMvU	qadv-arbiter-7x7-rust-lambda-v0.1.0	-	qadv-arbiter-7x7-rust-lambda-v0.1.0	-	D	P	196
g1_U76KQW4jlMScMAoUeRMTjiDUX-2EujW_OPBL8I50JYc	s1_9cqsfkVALPp-K0wt_0y2VhtFFFvWw2ZVP1WbDbLSeMc	1unLsH	qadv-arbiter-7x7-rust-lambda-v0.1.0	-	qadv-arbiter-7x7-rust-lambda-v0.1.0	-	D	P	196
g1_U76KQW4jlMScMAoUeRMTjiDUX-2EujW_OPBL8I50JYc	s1_OysWFQp1O17WHmZ45AC5We9we6qtZvJlDl2P2l92jxQ	1unLsH	qadv-arbiter-7x7-rust-lambda-v0.1.0	-	qadv-arbiter-7x7-rust-lambda-v0.1.0	-	D	P	196
g1_U76KQW4jlMScMAoUeRMTjiDUX-2EujW_OPBL8I50JYc	s1_RauLaTi4eVgYHSp2TV9pqs9uzTVv0B10g9TaHMWpcZ4	1unLsH	qadv-arbiter-7x7-rust-lambda-v0.1.0	-	qadv-arbiter-7x7-rust-lambda-v0.1.0	-	D	P	-
g1_U76KQW4jlMScMAoUeRMTjiDUX-2EujW_OPBL8I50JYc	s1__Sd7fNau1NnpOssSlrKIN-ghYZBZvl540eWLM2Sd6Ic	1unLsH	qadv-arbiter-7x7-rust-lambda-v0.1.0	-	qadv-arbiter-7x7-rust-lambda-v0.1.0	-	D	P	196
g1_U7GCvMFcwZDnLZaABbsCCnrwkYzADQNyWnbCcawh2lM	s1_RauLaTi4eVgYHSp2TV9pqs9uzTVv0B10g9TaHMWpcZ4	1unPO7	qadv-arbiter-7x7-rust-lambda-v0.1.0	-	qadv-arbiter-7x7-rust-lambda-v0.1.0	-	D	P	-
g1_U7GCvMFcwZDnLZaABbsCCnrwkYzADQNyWnbCcawh2lM	s1_Tq7sQbnsZw53reoTm044gPxQ047xGjhCYjhvBgrp3-k	1unPO7	qadv-arbiter-7x7-rust-lambda-v0.1.0	-	qadv-arbiter-7x7-rust-lambda-v0.1.0	-	D	P	196
g1_U7GCvMFcwZDnLZaABbsCCnrwkYzADQNyWnbCcawh2lM	s1_jG-sUj_9dmGI_cRi5ffo3O4FCeJ5xyL9nteEmfYihIg	1unPO7	qadv-arbiter-7x7-rust-lambda-v0.1.0	-	qadv-arbiter-7x7-rust-lambda-v0.1.0	-	D	P	196
g1_U7GCvMFcwZDnLZaABbsCCnrwkYzADQNyWnbCcawh2lM	s1_jfpr7ptljDFaV0zg_S1HeGDRE-8YPkIyPpMgDFZwd8A	1unPO7	qadv-arbiter-7x7-rust-lambda-v0.1.0	-	qadv-arbiter-7x7-rust-lambda-v0.1.0	-	D	P	196
g1_U7ISmRQoeivygb3VOOJYLURYMZipkk4qmaerwxuJxTg	s1_ZFJxP8ktHrOJVG0_g688whTu0FMw6kSfp_NePDDhCM0	2csYVS	rust-handcrafted-g0	-	rust-evo-g1-c0-279-109-820-53-117-66	-	-	M	-
g1_U7Mz32fsC4JnPX96gH-PIYNpvZAJ43ac88yOan41Fi8	s1_6Jqyt4NCr0Z94wGTxAK1O9RF-GwGcQraM8IWMYWRN7c	1unNzW	qadv-arbiter-7x7-rust-lambda-v0.1.0	-	qadv-arbiter-7x7-rust-lambda-v0.1.0	-	L	P	196
g1_U7Mz32fsC4JnPX96gH-PIYNpvZAJ43ac88yOan41Fi8	s1_RauLaTi4eVgYHSp2TV9pqs9uzTVv0B10g9TaHMWpcZ4	1unNzW	qadv-arbiter-7x7-rust-lambda-v0.1.0	-	qadv-arbiter-7x7-rust-lambda-v0.1.0	-	L	P	-
g1_U7Mz32fsC4JnPX96gH-PIYNpvZAJ43ac88yOan41Fi8	s1_Y6aRRXXFfBROyuD87AViQVuWQmrlPl_EgKeZPPxkgAQ	1unNzW	qadv-arbiter-7x7-rust-lambda-v0.1.0	-	qadv-arbiter-7x7-rust-lambda-v0.1.0	-	L	P	196
g1_U7Mz32fsC4JnPX96gH-PIYNpvZAJ43ac88yOan41Fi8	s1_d1-ONwPgkFyK7TzO5aYBarjMJmVPHpJhA2BZzCkwZqM	1unNzW	qadv-arbiter-7x7-rust-lambda-v0.1.0	-	qadv-arbiter-7x7-rust-lambda-v0.1.0	-	L	P	196
g1_U7O3XCWFB9LuZx1WSRlbRBVE4u8YL_Fy5p8u9n03L9U	s1_0AyUK1Ps4Run7VjYUXP0LvHpZRXf88ayuAg4jkEgJFA	1unQkF	pathfinder-v0.3.0	-	qadv-arbiter-7x7-v0.1.0	-	L	P	196
g1_U7O3XCWFB9LuZx1WSRlbRBVE4u8YL_Fy5p8u9n03L9U	s1_2FtaP75xgRVTNrUvmC0NIesJCNy8IDFJ05WNM4nUnpg	1unQkF	pathfinder-v0.3.0	-	qadv-arbiter-7x7-v0.1.0	-	L	P	196
g1_U7O3XCWFB9LuZx1WSRlbRBVE4u8YL_Fy5p8u9n03L9U	s1_RauLaTi4eVgYHSp2TV9pqs9uzTVv0B10g9TaHMWpcZ4	1unQkF	pathfinder-v0.3.0	-	qadv-arbiter-7x7-v0.1.0	-	L	P	-
g1_U7O3XCWFB9LuZx1WSRlbRBVE4u8YL_Fy5p8u9n03L9U	s1_zznb5zTkjTRY6xxaY1EB9w643tIf6GTEmoQF4K-Xl2c	1unQkF	pathfinder-v0.3.0	-	qadv-arbiter-7x7-v0.1.0	-	L	P	196
g1_U7RYDH_1MgyJqH3GU9YWArYty6o8VJWwxkyZVOSOrO4	s1_WVg7aYYLIrw6_-2mI3jQ-DPcLO4gX2sPEEqWQb0DGQA	1umxRY	python-cnn-puct-reval30k-v0.1.0	sha256:eb2600a53e225a835455efdb2759c40e27c5cb3c16ab0688bc21b99290ed10ee	python-cnn-puct-reval30k-v0.1.0	sha256:eb2600a53e225a835455efdb2759c40e27c5cb3c16ab0688bc21b99290ed10ee	L	P	196
g1_U7R_uWVPnnQ8WGX-zZNjA_n8S3a3pFREsokfNnseA7I	s1_RauLaTi4eVgYHSp2TV9pqs9uzTVv0B10g9TaHMWpcZ4	1unONU	qadv-arbiter-7x7-rust-lambda-v0.1.0	-	qadv-arbiter-7x7-rust-lambda-v0.1.0	-	D	P	-
g1_U7R_uWVPnnQ8WGX-zZNjA_n8S3a3pFREsokfNnseA7I	s1_U9COFA-LDsRD4ZoCKYoGzo2IH0vGrCDO-p0TK-LDImc	1unONU	qadv-arbiter-7x7-rust-lambda-v0.1.0	-	qadv-arbiter-7x7-rust-lambda-v0.1.0	-	D	P	196
g1_U7R_uWVPnnQ8WGX-zZNjA_n8S3a3pFREsokfNnseA7I	s1_oDgtwouIpL5Ot52jyT85LBWoQW9uhnRMoFp4ShaR0rA	1unONU	qadv-arbiter-7x7-rust-lambda-v0.1.0	-	qadv-arbiter-7x7-rust-lambda-v0.1.0	-	D	P	196
g1_U7R_uWVPnnQ8WGX-zZNjA_n8S3a3pFREsokfNnseA7I	s1_vWfjsskwP_NiEreFJnKcwDwy9pabqcH_mYGTworkgJI	1unONU	qadv-arbiter-7x7-rust-lambda-v0.1.0	-	qadv-arbiter-7x7-rust-lambda-v0.1.0	-	D	P	196
g1_U7WvAtOhgVIg3VDFTpiAgrj2egb-QtAe8-E-oBnIdvs	s1_GLW-E0PYcDYXElF_Ibv-XKtzXdYKCySMz7s8bVR3r9o	1un5Ot	surveyor-v0.2.0	-	qadv-arbiter-guided-7x7-v0.2.0	sha256:9c0e5e530df7db77a98f6a2e75fe63a6f629c6ad6563e0b5454793ebc243b14d	D	P	196
g1_U7WvAtOhgVIg3VDFTpiAgrj2egb-QtAe8-E-oBnIdvs	s1_L0LFRqWaML71eFYDCb91UeWh9ZEVBf2pBJR2jBIBEkk	1un5Ot	surveyor-v0.2.0	-	qadv-arbiter-guided-7x7-v0.2.0	sha256:9c0e5e530df7db77a98f6a2e75fe63a6f629c6ad6563e0b5454793ebc243b14d	D	P	196
g1_U7WvAtOhgVIg3VDFTpiAgrj2egb-QtAe8-E-oBnIdvs	s1_O3cuwuia8XT9TI7Nxr3tRcajOA20XFHEIT2fYX3WizY	1un5Ot	surveyor-v0.2.0	-	qadv-arbiter-guided-7x7-v0.2.0	sha256:9c0e5e530df7db77a98f6a2e75fe63a6f629c6ad6563e0b5454793ebc243b14d	D	P	196
g1_U7WvAtOhgVIg3VDFTpiAgrj2egb-QtAe8-E-oBnIdvs	s1_g6m_F25QA1x_rKWVwpeYFV6S7hZZaTfg60yuJczFcDc	1un5Ot	surveyor-v0.2.0	-	qadv-arbiter-guided-7x7-v0.2.0	sha256:9c0e5e530df7db77a98f6a2e75fe63a6f629c6ad6563e0b5454793ebc243b14d	D	P	196
g1_U7cdcY8_X7SlhAFV8X2wbkKoEryOyZtmTWZP6JsmvVo	s1_RauLaTi4eVgYHSp2TV9pqs9uzTVv0B10g9TaHMWpcZ4	1unOD0	qadv-arbiter-7x7-rust-lambda-v0.1.0	-	qadv-arbiter-7x7-rust-lambda-v0.1.0	-	D	P	-
g1_U7cdcY8_X7SlhAFV8X2wbkKoEryOyZtmTWZP6JsmvVo	s1_hk2XJWNVzjx8s48SRKiVphZX2iw3dordeWZlaM1slVk	1unOD0	qadv-arbiter-7x7-rust-lambda-v0.1.0	-	qadv-arbiter-7x7-rust-lambda-v0.1.0	-	D	P	196
g1_U7cdcY8_X7SlhAFV8X2wbkKoEryOyZtmTWZP6JsmvVo	s1_msKdlRiCgP3TmTlXJM9WEi5PT8qYSPH7lMBgoaEQGro	1unOD0	qadv-arbiter-7x7-rust-lambda-v0.1.0	-	qadv-arbiter-7x7-rust-lambda-v0.1.0	-	D	P	196
g1_U7cdcY8_X7SlhAFV8X2wbkKoEryOyZtmTWZP6JsmvVo	s1_oBZuKYlOoVCtToMqXGn0jLmcbonSyYwOaqfSp9ZRxC8	1unOD0	qadv-arbiter-7x7-rust-lambda-v0.1.0	-	qadv-arbiter-7x7-rust-lambda-v0.1.0	-	D	P	196
g1_U7i1fD43fhHfO3P0mfXbqTd7jCPFnkQUzrvLqczjgqs	s1_Q7Pep0Dn7L_w253qI-PjyxnOZ1gw30aBfLnTBOCHK6o	1unNW4	qadv-arbiter-7x7-rust-lambda-v0.1.0	-	qadv-arbiter-7x7-rust-lambda-v0.1.0	-	L	P	196
g1_U7i1fD43fhHfO3P0mfXbqTd7jCPFnkQUzrvLqczjgqs	s1_RauLaTi4eVgYHSp2TV9pqs9uzTVv0B10g9TaHMWpcZ4	1unNW4	qadv-arbiter-7x7-rust-lambda-v0.1.0	-	qadv-arbiter-7x7-rust-lambda-v0.1.0	-	L	P	-
g1_U7i1fD43fhHfO3P0mfXbqTd7jCPFnkQUzrvLqczjgqs	s1_eTb5GBlX_Pr6TOY5IjIwX7jx6KPcUIwo9oCI27NnaqI	1unNW4	qadv-arbiter-7x7-rust-lambda-v0.1.0	-	qadv-arbiter-7x7-rust-lambda-v0.1.0	-	L	P	196
g1_U7i1fD43fhHfO3P0mfXbqTd7jCPFnkQUzrvLqczjgqs	s1_zRGWSQGIy2JbKW4rakQUs75euhW67o-d-mIV1HoX6ec	1unNW4	qadv-arbiter-7x7-rust-lambda-v0.1.0	-	qadv-arbiter-7x7-rust-lambda-v0.1.0	-	L	P	196
g1_U7xhiy59zpdGBcZR_a7ioFhkFgYbeXnsEvmM1hn0oCE	s1_-4tO0tRLul8-4ZZjqPaBNXZpyx_t56qIXsXLqBJGoAk	1unPTV	qadv-arbiter-7x7-rust-lambda-v0.1.0	-	qadv-arbiter-7x7-rust-lambda-v0.1.0	-	L	P	196
g1_U7xhiy59zpdGBcZR_a7ioFhkFgYbeXnsEvmM1hn0oCE	s1_EkxZ8xiSn0EJtd7jzvBDrPkNY2tLM0mZfDDHiTJOUBE	1unPTV	qadv-arbiter-7x7-rust-lambda-v0.1.0	-	qadv-arbiter-7x7-rust-lambda-v0.1.0	-	L	P	196
g1_U7xhiy59zpdGBcZR_a7ioFhkFgYbeXnsEvmM1hn0oCE	s1_RauLaTi4eVgYHSp2TV9pqs9uzTVv0B10g9TaHMWpcZ4	1unPTV	qadv-arbiter-7x7-rust-lambda-v0.1.0	-	qadv-arbiter-7x7-rust-lambda-v0.1.0	-	L	P	-
g1_U7xhiy59zpdGBcZR_a7ioFhkFgYbeXnsEvmM1hn0oCE	s1_Uoz4tHLFTvD6Wyd7--FpzgTjtwOAaJef5wfhB0xuvRg	1unPTV	qadv-arbiter-7x7-rust-lambda-v0.1.0	-	qadv-arbiter-7x7-rust-lambda-v0.1.0	-	L	P	196
g1_U839Em4HW-BSuM8WBqTnHQyDzqtSzB-HmrU7tcdv0OE	s1_-OKlJXuPFfAnukwGYITjiU7XKL4OC_qt76PC0TZSPjg	1umvfo	python-cnn-puct-v0.1.0	sha256:7845e9b7687beee165dc36b8d21833b7a8b5a83e31b58b49bd05c277ba26e642	python-cnn-puct-v0.1.0	sha256:7845e9b7687beee165dc36b8d21833b7a8b5a83e31b58b49bd05c277ba26e642	L	P	196
g1_U839Em4HW-BSuM8WBqTnHQyDzqtSzB-HmrU7tcdv0OE	s1_1av6nXQkq-GSHXfjkVlGHGpAq8F9UbW4JwZmyFA-vww	1umvfo	python-cnn-puct-v0.1.0	sha256:7845e9b7687beee165dc36b8d21833b7a8b5a83e31b58b49bd05c277ba26e642	python-cnn-puct-v0.1.0	sha256:7845e9b7687beee165dc36b8d21833b7a8b5a83e31b58b49bd05c277ba26e642	L	P	196
g1_U839Em4HW-BSuM8WBqTnHQyDzqtSzB-HmrU7tcdv0OE	s1_Brk0hkuJoH-MBjdd53AO5tlWcOgDWV_R0PO74fHGd_0	1umvfo	python-cnn-puct-v0.1.0	sha256:7845e9b7687beee165dc36b8d21833b7a8b5a83e31b58b49bd05c277ba26e642	python-cnn-puct-v0.1.0	sha256:7845e9b7687beee165dc36b8d21833b7a8b5a83e31b58b49bd05c277ba26e642	L	P	196
g1_U83ng3A5kuCT7CjkfAh7m77kx0_ulsxrC4gMmeKYU2w	s1_G6u5E8A9ScG-y0E4NZCWJaDF0hR-ArXX-oEAGVfdCaU	1unLuk	qadv-arbiter-7x7-rust-lambda-v0.1.0	-	qadv-arbiter-7x7-rust-lambda-v0.1.0	-	D	P	196
g1_U83ng3A5kuCT7CjkfAh7m77kx0_ulsxrC4gMmeKYU2w	s1_RauLaTi4eVgYHSp2TV9pqs9uzTVv0B10g9TaHMWpcZ4	1unLuk	qadv-arbiter-7x7-rust-lambda-v0.1.0	-	qadv-arbiter-7x7-rust-lambda-v0.1.0	-	D	P	-
g1_U83ng3A5kuCT7CjkfAh7m77kx0_ulsxrC4gMmeKYU2w	s1_UIxq1LGkg55544_jhbCjviO5N1m2QkSc1HKEWjxe3Hw	1unLuk	qadv-arbiter-7x7-rust-lambda-v0.1.0	-	qadv-arbiter-7x7-rust-lambda-v0.1.0	-	D	P	196
g1_U83ng3A5kuCT7CjkfAh7m77kx0_ulsxrC4gMmeKYU2w	s1_V0JGyxAjYhSn4JEBvBI5hd8gjfG6j6EyOMERnlv3Oz0	1unLuk	qadv-arbiter-7x7-rust-lambda-v0.1.0	-	qadv-arbiter-7x7-rust-lambda-v0.1.0	-	D	P	196
g1_U8CEGTvE1r2dxA60bOzMyz6iUd_8hPbsIUhIDJK9c8M	s1_Qmoz3nLvbLcY_1rcqMtpMJDvTQydhL5cxUNWV6EhpMY	1umwyD	qadv-arbiter-7x7-v0.1.0	sha256:8c548d06307572603b839755cc1e50393285365e10f82bcd90290ca65cd86266	qadv-arbiter-7x7-v0.1.0	sha256:8c548d06307572603b839755cc1e50393285365e10f82bcd90290ca65cd86266	D	P	196
g1_U8UF6yTnw0diDDI8Iwx3kPlPt8f2oHOwH_FVd9x9zYw	s1__fmnSv6OnZklVvMPUjPdL6drtvfrJptRYX3nxZQO8jI	1umxoA	python-gnn-puct-scout-v0.1.0	sha256:b9f80706cc1f29076ee06fe06483697c749148a808c599579045d00a52573938	python-gnn-puct-scout-v0.1.0	sha256:b9f80706cc1f29076ee06fe06483697c749148a808c599579045d00a52573938	L	P	196
g1_U8_fTayBNOkSxO5gqN8IqzGgN5tRL0zhs9BSR656Cro	s1_1LB6NAgPOeCp4r8rQw4kUOIXWpEdWysFm5RZjWCQSgc	1umwVT	python-gnn-puct-learner-v0.1.0	sha256:ab0f739cd33d66781faf60e27797c5ccba3c04ba684f8d9e32e9c2754f4e8956	python-gnn-puct-learner-v0.1.0	sha256:ab0f739cd33d66781faf60e27797c5ccba3c04ba684f8d9e32e9c2754f4e8956	D	P	196
g1_U8_fTayBNOkSxO5gqN8IqzGgN5tRL0zhs9BSR656Cro	s1_P4NHYhwuVnEA-dG2X-UVeVotb84A5mwljbYTlTMqr8w	1umwVT	python-gnn-puct-learner-v0.1.0	sha256:ab0f739cd33d66781faf60e27797c5ccba3c04ba684f8d9e32e9c2754f4e8956	python-gnn-puct-learner-v0.1.0	sha256:ab0f739cd33d66781faf60e27797c5ccba3c04ba684f8d9e32e9c2754f4e8956	D	P	196
g1_U8a9IZgAwSYy8yHM6VXsdK173ST2uCiINA2gxxxYI7k	s1_flXyOBW6T9LLVDFIvXBGel1MoVNZcUcMFIJnB9yLapU	1umx5l	python-gnn-puct-reval30k-v0.1.0	sha256:6120be86fc469df71473c3de64e5e32f99694cd47d621fa5948f243dc51d3d21	python-gnn-puct-reval30k-v0.1.0	sha256:6120be86fc469df71473c3de64e5e32f99694cd47d621fa5948f243dc51d3d21	L	P	196
g1_U8xA7-9W-kJzw9hZ3E1A_HOs8wR1nb2WnRS6WkUn3us	s1_7FIu85-v_e-kbNsQ2UNk3yRt-KGcLyUjpmVwIc9cnfM	1umwFJ	python-gnn-puct-scout-v0.1.0	sha256:b9f80706cc1f29076ee06fe06483697c749148a808c599579045d00a52573938	python-gnn-puct-scout-v0.1.0	sha256:b9f80706cc1f29076ee06fe06483697c749148a808c599579045d00a52573938	L	P	196
g1_U8xA7-9W-kJzw9hZ3E1A_HOs8wR1nb2WnRS6WkUn3us	s1_S8AGNBNcWBvWiwIo-AOAHPoHuZo2XvcsYvhgQxGTkrY	1umwFJ	python-gnn-puct-scout-v0.1.0	sha256:b9f80706cc1f29076ee06fe06483697c749148a808c599579045d00a52573938	python-gnn-puct-scout-v0.1.0	sha256:b9f80706cc1f29076ee06fe06483697c749148a808c599579045d00a52573938	L	P	196
g1_U8zgS-ll-geecVPXPCZ1tLw38Kly7sFCG1YCBg7viDI	s1_1av6nXQkq-GSHXfjkVlGHGpAq8F9UbW4JwZmyFA-vww	1umvK5	python-gnn-puct-learner-v0.1.0	sha256:ab0f739cd33d66781faf60e27797c5ccba3c04ba684f8d9e32e9c2754f4e8956	python-gnn-puct-learner-v0.1.0	sha256:ab0f739cd33d66781faf60e27797c5ccba3c04ba684f8d9e32e9c2754f4e8956	D	P	196
g1_U8zgS-ll-geecVPXPCZ1tLw38Kly7sFCG1YCBg7viDI	s1_Brk0hkuJoH-MBjdd53AO5tlWcOgDWV_R0PO74fHGd_0	1umvK5	python-gnn-puct-learner-v0.1.0	sha256:ab0f739cd33d66781faf60e27797c5ccba3c04ba684f8d9e32e9c2754f4e8956	python-gnn-puct-learner-v0.1.0	sha256:ab0f739cd33d66781faf60e27797c5ccba3c04ba684f8d9e32e9c2754f4e8956	D	P	196
g1_U8zgS-ll-geecVPXPCZ1tLw38Kly7sFCG1YCBg7viDI	s1_QBFUsDtxokERlDOdQkleYbPvhJ-vIp2qmp6DXjS-7oM	1umvK5	python-gnn-puct-learner-v0.1.0	sha256:ab0f739cd33d66781faf60e27797c5ccba3c04ba684f8d9e32e9c2754f4e8956	python-gnn-puct-learner-v0.1.0	sha256:ab0f739cd33d66781faf60e27797c5ccba3c04ba684f8d9e32e9c2754f4e8956	D	P	196
g1_U9AOpWNiM8xbk9fsMG_CRG-eljRl-Y4QIbVvwDZUwz8	s1__fmnSv6OnZklVvMPUjPdL6drtvfrJptRYX3nxZQO8jI	1umxsU	python-gnn-puct-scout-v0.1.0	sha256:b9f80706cc1f29076ee06fe06483697c749148a808c599579045d00a52573938	python-gnn-puct-scout-v0.1.0	sha256:b9f80706cc1f29076ee06fe06483697c749148a808c599579045d00a52573938	D	P	196
g1_U9ByEHg7psfeuNmphf1jH14plQyafVTXFdj8mpMGV5w	s1_45XVtzsi9JFhQT5xTCFYcdyspNecgoLIaZNyL8U_Aj0	1unPQq	qadv-arbiter-7x7-rust-lambda-v0.1.0	-	qadv-arbiter-7x7-rust-lambda-v0.1.0	-	D	P	196
g1_U9ByEHg7psfeuNmphf1jH14plQyafVTXFdj8mpMGV5w	s1_G3GbDUWtFZIe3jpnTxhET2yKj_9-QMaa1LXepacHnnI	1unPQq	qadv-arbiter-7x7-rust-lambda-v0.1.0	-	qadv-arbiter-7x7-rust-lambda-v0.1.0	-	D	P	196
g1_U9ByEHg7psfeuNmphf1jH14plQyafVTXFdj8mpMGV5w	s1_RauLaTi4eVgYHSp2TV9pqs9uzTVv0B10g9TaHMWpcZ4	1unPQq	qadv-arbiter-7x7-rust-lambda-v0.1.0	-	qadv-arbiter-7x7-rust-lambda-v0.1.0	-	D	P	-
g1_U9ByEHg7psfeuNmphf1jH14plQyafVTXFdj8mpMGV5w	s1_XNGl3rFbd6dq6b8c0DFGeQfe6YSQDVIx4o-qDmDv8co	1unPQq	qadv-arbiter-7x7-rust-lambda-v0.1.0	-	qadv-arbiter-7x7-rust-lambda-v0.1.0	-	D	P	196
g1_U9EiJryCEFjkaaFdp1XTy8rALDg-lgsodDJiIDp6MtI	s1_flXyOBW6T9LLVDFIvXBGel1MoVNZcUcMFIJnB9yLapU	1umx9k	python-gnn-puct-reval30k-v0.1.0	sha256:6120be86fc469df71473c3de64e5e32f99694cd47d621fa5948f243dc51d3d21	python-gnn-puct-reval30k-v0.1.0	sha256:6120be86fc469df71473c3de64e5e32f99694cd47d621fa5948f243dc51d3d21	D	P	196
g1_U9aVKEsTs4KEJex3XUny_dqlqN46YXCoEpVhpblj_8U	s1_RauLaTi4eVgYHSp2TV9pqs9uzTVv0B10g9TaHMWpcZ4	1unPSj	qadv-arbiter-7x7-rust-lambda-v0.1.0	-	qadv-arbiter-7x7-rust-lambda-v0.1.0	-	L	P	-
g1_U9aVKEsTs4KEJex3XUny_dqlqN46YXCoEpVhpblj_8U	s1_pfmd11CkqcfBXPddq3gP_JN7BVEv68_hCv1kzKNut48	1unPSj	qadv-arbiter-7x7-rust-lambda-v0.1.0	-	qadv-arbiter-7x7-rust-lambda-v0.1.0	-	L	P	196
g1_U9aVKEsTs4KEJex3XUny_dqlqN46YXCoEpVhpblj_8U	s1_tubM5Sc-VRq7G_p6ZDanuJa-JxyYfY9NIyZE1YPb-CU	1unPSj	qadv-arbiter-7x7-rust-lambda-v0.1.0	-	qadv-arbiter-7x7-rust-lambda-v0.1.0	-	L	P	196
g1_U9aVKEsTs4KEJex3XUny_dqlqN46YXCoEpVhpblj_8U	s1_wvxjMsncyAfVCjMbDwEXBSqR_jGThKFzDM7H1Awo1cI	1unPSj	qadv-arbiter-7x7-rust-lambda-v0.1.0	-	qadv-arbiter-7x7-rust-lambda-v0.1.0	-	L	P	196
g1_U9iUTTpFwykg2maMi3v9-nXD23pK2htYmeKKmHgT0Go	s1_456Bc3AnKyiviKFPG4-oYH8fZ8wY_S4bxE8241HFT40	1unNjR	qadv-arbiter-7x7-rust-lambda-v0.1.0	-	qadv-arbiter-7x7-rust-lambda-v0.1.0	-	L	P	196
g1_U9iUTTpFwykg2maMi3v9-nXD23pK2htYmeKKmHgT0Go	s1_91XCu3Uo6pT5_8WT6XK03lHCYqOz1Vg6vSQID-3Ypm8	1unNjR	qadv-arbiter-7x7-rust-lambda-v0.1.0	-	qadv-arbiter-7x7-rust-lambda-v0.1.0	-	L	P	196
g1_U9iUTTpFwykg2maMi3v9-nXD23pK2htYmeKKmHgT0Go	s1_B6Er2UzjH9BHctJvKw3Yi6oCEgk0L-nSU29JMonrtU8	1unNjR	qadv-arbiter-7x7-rust-lambda-v0.1.0	-	qadv-arbiter-7x7-rust-lambda-v0.1.0	-	L	P	196
g1_U9iUTTpFwykg2maMi3v9-nXD23pK2htYmeKKmHgT0Go	s1_RauLaTi4eVgYHSp2TV9pqs9uzTVv0B10g9TaHMWpcZ4	1unNjR	qadv-arbiter-7x7-rust-lambda-v0.1.0	-	qadv-arbiter-7x7-rust-lambda-v0.1.0	-	L	P	-
g1_U9kKQRVkHH8dZ03kEKs_PRb7i4Wd6LeXfBgAeNMe0uA	s1_flXyOBW6T9LLVDFIvXBGel1MoVNZcUcMFIJnB9yLapU	1umx3Z	python-gnn-puct-reval30k-v0.1.0	sha256:6120be86fc469df71473c3de64e5e32f99694cd47d621fa5948f243dc51d3d21	python-gnn-puct-reval30k-v0.1.0	sha256:6120be86fc469df71473c3de64e5e32f99694cd47d621fa5948f243dc51d3d21	L	P	196
g1_UA6a2CKgukC363r4FooUHVuqtQFVOlZuXFb7vryQh84	s1_O3cuwuia8XT9TI7Nxr3tRcajOA20XFHEIT2fYX3WizY	1un4fY	qadv-arbiter-guided-7x7-v0.2.0	sha256:9c0e5e530df7db77a98f6a2e75fe63a6f629c6ad6563e0b5454793ebc243b14d	surveyor-v0.2.0	-	L	P	196
g1_UA6a2CKgukC363r4FooUHVuqtQFVOlZuXFb7vryQh84	s1_emJec2v0tFw2IkI46lobwl3MLElw58NqRX9QnSWPQGc	1un4fY	qadv-arbiter-guided-7x7-v0.2.0	sha256:9c0e5e530df7db77a98f6a2e75fe63a6f629c6ad6563e0b5454793ebc243b14d	surveyor-v0.2.0	-	L	P	196
g1_UA6a2CKgukC363r4FooUHVuqtQFVOlZuXFb7vryQh84	s1_iKf_jQ0552THmC-XWhe7eFzF6uRP9RxtLWuha32VvUg	1un4fY	qadv-arbiter-guided-7x7-v0.2.0	sha256:9c0e5e530df7db77a98f6a2e75fe63a6f629c6ad6563e0b5454793ebc243b14d	surveyor-v0.2.0	-	L	P	196
g1_UACSUKXUy0wS0yoogTW4SJRHGFc_VqQU240Rfj99RaM	s1_RauLaTi4eVgYHSp2TV9pqs9uzTVv0B10g9TaHMWpcZ4	1unLqv	qadv-arbiter-7x7-rust-lambda-v0.1.0	-	qadv-arbiter-7x7-rust-lambda-v0.1.0	-	L	P	-
g1_UACSUKXUy0wS0yoogTW4SJRHGFc_VqQU240Rfj99RaM	s1_ZOEuTIAcHIXF8BfwzhyWnzKdtC9Eq990OLxCkJRPRmI	1unLqv	qadv-arbiter-7x7-rust-lambda-v0.1.0	-	qadv-arbiter-7x7-rust-lambda-v0.1.0	-	L	P	196
g1_UACSUKXUy0wS0yoogTW4SJRHGFc_VqQU240Rfj99RaM	s1_gO4X4ZVg7eLuT8gJDofyFkbFR7bPt6voEpyDYLM_dJw	1unLqv	qadv-arbiter-7x7-rust-lambda-v0.1.0	-	qadv-arbiter-7x7-rust-lambda-v0.1.0	-	L	P	196
g1_UACSUKXUy0wS0yoogTW4SJRHGFc_VqQU240Rfj99RaM	s1_s0B3ZAGv8-VdaToGbOWhPNwwjKM_5hrDFh2b_fNthwI	1unLqv	qadv-arbiter-7x7-rust-lambda-v0.1.0	-	qadv-arbiter-7x7-rust-lambda-v0.1.0	-	L	P	196
g1_UADDWZl32GO1KkAUeQp7iCrk0aEtrtCpI4xF1d3U01M	s1_O3cuwuia8XT9TI7Nxr3tRcajOA20XFHEIT2fYX3WizY	1un4fb	surveyor-v0.2.0	-	qadv-arbiter-guided-7x7-v0.2.0	sha256:9c0e5e530df7db77a98f6a2e75fe63a6f629c6ad6563e0b5454793ebc243b14d	L	P	196
g1_UADDWZl32GO1KkAUeQp7iCrk0aEtrtCpI4xF1d3U01M	s1_emJec2v0tFw2IkI46lobwl3MLElw58NqRX9QnSWPQGc	1un4fb	surveyor-v0.2.0	-	qadv-arbiter-guided-7x7-v0.2.0	sha256:9c0e5e530df7db77a98f6a2e75fe63a6f629c6ad6563e0b5454793ebc243b14d	L	P	196
g1_UADDWZl32GO1KkAUeQp7iCrk0aEtrtCpI4xF1d3U01M	s1_iKf_jQ0552THmC-XWhe7eFzF6uRP9RxtLWuha32VvUg	1un4fb	surveyor-v0.2.0	-	qadv-arbiter-guided-7x7-v0.2.0	sha256:9c0e5e530df7db77a98f6a2e75fe63a6f629c6ad6563e0b5454793ebc243b14d	L	P	196
g1_UADDWZl32GO1KkAUeQp7iCrk0aEtrtCpI4xF1d3U01M	s1_uXvLlr8fD9VYPTbks4uTuUqTYS3u2kVRC8zfXF7970U	1un4fb	surveyor-v0.2.0	-	qadv-arbiter-guided-7x7-v0.2.0	sha256:9c0e5e530df7db77a98f6a2e75fe63a6f629c6ad6563e0b5454793ebc243b14d	L	P	196
g1_UAEnWl3KUuSE60p90rtnDUQSNM2fo3RVsY9sbNaC-fQ	s1_35vnIvHoSa53JXx3-oKsweGJ2q_MQAiCAFipS_YogIg	1unPs_	qadv-arbiter-7x7-rust-lambda-v0.1.0	-	qadv-arbiter-7x7-rust-lambda-v0.1.0	-	D	P	196
g1_UAEnWl3KUuSE60p90rtnDUQSNM2fo3RVsY9sbNaC-fQ	s1_5co1Gpmu0raRaYdE_q5rCjL0_jzlUd1ZwZI-tqyQ0Do	1unPs_	qadv-arbiter-7x7-rust-lambda-v0.1.0	-	qadv-arbiter-7x7-rust-lambda-v0.1.0	-	D	P	196
g1_UAEnWl3KUuSE60p90rtnDUQSNM2fo3RVsY9sbNaC-fQ	s1_RauLaTi4eVgYHSp2TV9pqs9uzTVv0B10g9TaHMWpcZ4	1unPs_	qadv-arbiter-7x7-rust-lambda-v0.1.0	-	qadv-arbiter-7x7-rust-lambda-v0.1.0	-	D	P	-
g1_UAEnWl3KUuSE60p90rtnDUQSNM2fo3RVsY9sbNaC-fQ	s1_U29bPkCo_LVKSbvxnPirKMJQU4xdya4WyawURtcoYFI	1unPs_	qadv-arbiter-7x7-rust-lambda-v0.1.0	-	qadv-arbiter-7x7-rust-lambda-v0.1.0	-	D	P	196
g1_UAPKBgT5NdBL7CLZGumJllcaOZVOYPzcRL7hsK4lYTY	s1__fmnSv6OnZklVvMPUjPdL6drtvfrJptRYX3nxZQO8jI	1umxyU	python-gnn-puct-scout-v0.1.0	sha256:b9f80706cc1f29076ee06fe06483697c749148a808c599579045d00a52573938	python-gnn-puct-scout-v0.1.0	sha256:b9f80706cc1f29076ee06fe06483697c749148a808c599579045d00a52573938	L	P	196
g1_UAbDczVeIFBMG1d8Zf-6dV5Gr7MErnRJSDoIvZ7Fvac	s1_KsaREpOUs9TqAGc9cNCO-PBLIwfd6SBYKpRNlZKqlyY	1unNzC	qadv-arbiter-7x7-rust-lambda-v0.1.0	-	qadv-arbiter-7x7-rust-lambda-v0.1.0	-	L	P	196
g1_UAbDczVeIFBMG1d8Zf-6dV5Gr7MErnRJSDoIvZ7Fvac	s1_RauLaTi4eVgYHSp2TV9pqs9uzTVv0B10g9TaHMWpcZ4	1unNzC	qadv-arbiter-7x7-rust-lambda-v0.1.0	-	qadv-arbiter-7x7-rust-lambda-v0.1.0	-	L	P	-
g1_UAbDczVeIFBMG1d8Zf-6dV5Gr7MErnRJSDoIvZ7Fvac	s1_jVWnZISwKYn923dNn11BxTOQEqwUqBd5geg6besSluw	1unNzC	qadv-arbiter-7x7-rust-lambda-v0.1.0	-	qadv-arbiter-7x7-rust-lambda-v0.1.0	-	L	P	196
g1_UAbDczVeIFBMG1d8Zf-6dV5Gr7MErnRJSDoIvZ7Fvac	s1_xQwlnjLpCeXXiCWUSpXsTjZ10R8De-wRmCh34jckoXQ	1unNzC	qadv-arbiter-7x7-rust-lambda-v0.1.0	-	qadv-arbiter-7x7-rust-lambda-v0.1.0	-	L	P	196
g1_UAcyErZIJR-SbM_XCZoNLYi3ig7vA9jfFSdJrsXxs6w	s1_Dt3Xj66J-79j3FikgEAUN47Jrh0AAC_KrDOfDyocxQk	1unP4M	qadv-arbiter-7x7-rust-lambda-v0.1.0	-	qadv-arbiter-7x7-rust-lambda-v0.1.0	-	L	P	196
g1_UAcyErZIJR-SbM_XCZoNLYi3ig7vA9jfFSdJrsXxs6w	s1_RauLaTi4eVgYHSp2TV9pqs9uzTVv0B10g9TaHMWpcZ4	1unP4M	qadv-arbiter-7x7-rust-lambda-v0.1.0	-	qadv-arbiter-7x7-rust-lambda-v0.1.0	-	L	P	-
g1_UAcyErZIJR-SbM_XCZoNLYi3ig7vA9jfFSdJrsXxs6w	s1_e2D-HlScjMSQcT-G0jcYiWzzzqKa9YTzFNFSf2IgS5A	1unP4M	qadv-arbiter-7x7-rust-lambda-v0.1.0	-	qadv-arbiter-7x7-rust-lambda-v0.1.0	-	L	P	196
g1_UAcyErZIJR-SbM_XCZoNLYi3ig7vA9jfFSdJrsXxs6w	s1_xBfmoegkcPd7rmkJrDOn4kaacVPjOvR8Xm7vwg_R9bg	1unP4M	qadv-arbiter-7x7-rust-lambda-v0.1.0	-	qadv-arbiter-7x7-rust-lambda-v0.1.0	-	L	P	196
g1_UAgpNeiTtO7gSOpeqD_FAc7FE0j38aACnxxKUyAJOTk	s1_flXyOBW6T9LLVDFIvXBGel1MoVNZcUcMFIJnB9yLapU	1umxAE	python-gnn-puct-reval30k-v0.1.0	sha256:6120be86fc469df71473c3de64e5e32f99694cd47d621fa5948f243dc51d3d21	python-gnn-puct-reval30k-v0.1.0	sha256:6120be86fc469df71473c3de64e5e32f99694cd47d621fa5948f243dc51d3d21	D	P	196
g1_UAsQXii5JEJ4jNAsF4Yjyrxb5KoqmNy5L4jMzuP8zfM	s1_RauLaTi4eVgYHSp2TV9pqs9uzTVv0B10g9TaHMWpcZ4	1unNZ_	qadv-arbiter-7x7-rust-lambda-v0.1.0	-	qadv-arbiter-7x7-rust-lambda-v0.1.0	-	D	P	-
g1_UAsQXii5JEJ4jNAsF4Yjyrxb5KoqmNy5L4jMzuP8zfM	s1_YsI_T7caNVGY32AbYLKCq3RHaj0f9nPj4KN00oBdgTA	1unNZ_	qadv-arbiter-7x7-rust-lambda-v0.1.0	-	qadv-arbiter-7x7-rust-lambda-v0.1.0	-	D	P	196
g1_UAsQXii5JEJ4jNAsF4Yjyrxb5KoqmNy5L4jMzuP8zfM	s1__mAKmapuiLDtly6DMnHg_JzU3AwusGIowSwuC5W72vU	1unNZ_	qadv-arbiter-7x7-rust-lambda-v0.1.0	-	qadv-arbiter-7x7-rust-lambda-v0.1.0	-	D	P	196
g1_UAsQXii5JEJ4jNAsF4Yjyrxb5KoqmNy5L4jMzuP8zfM	s1_hnDIRk3dys0ZNg1hGJjbgr8tp36_IDPg-ZGCi9WIPz4	1unNZ_	qadv-arbiter-7x7-rust-lambda-v0.1.0	-	qadv-arbiter-7x7-rust-lambda-v0.1.0	-	D	P	196
g1_UAtL6XYLaXaAxk2SYok03kCpO7jhhmsmW72H71tlmW4	s1_flXyOBW6T9LLVDFIvXBGel1MoVNZcUcMFIJnB9yLapU	1umx5N	python-gnn-puct-reval30k-v0.1.0	sha256:6120be86fc469df71473c3de64e5e32f99694cd47d621fa5948f243dc51d3d21	python-gnn-puct-reval30k-v0.1.0	sha256:6120be86fc469df71473c3de64e5e32f99694cd47d621fa5948f243dc51d3d21	D	P	196
g1_UAuAqFk0Uhf4thUM4-W-QZOVc_T6rznsZHXoIKDWE64	s1_QJqvNXoqCfgPXQEClknH4NJl1R0yPIw8TSEf2I8lVbU	1unOjY	qadv-arbiter-7x7-rust-lambda-v0.1.0	-	qadv-arbiter-7x7-rust-lambda-v0.1.0	-	L	P	196
g1_UAuAqFk0Uhf4thUM4-W-QZOVc_T6rznsZHXoIKDWE64	s1_RauLaTi4eVgYHSp2TV9pqs9uzTVv0B10g9TaHMWpcZ4	1unOjY	qadv-arbiter-7x7-rust-lambda-v0.1.0	-	qadv-arbiter-7x7-rust-lambda-v0.1.0	-	L	P	-
g1_UAuAqFk0Uhf4thUM4-W-QZOVc_T6rznsZHXoIKDWE64	s1_cU0FH2XZ4h86MKUsjKocl8c1m_-6nzq_GjCOajvKMao	1unOjY	qadv-arbiter-7x7-rust-lambda-v0.1.0	-	qadv-arbiter-7x7-rust-lambda-v0.1.0	-	L	P	196
g1_UAuAqFk0Uhf4thUM4-W-QZOVc_T6rznsZHXoIKDWE64	s1_jzq9_Zc-2K7wrgfbqqY-RseJEvbr3tusx1wkd1eOkgk	1unOjY	qadv-arbiter-7x7-rust-lambda-v0.1.0	-	qadv-arbiter-7x7-rust-lambda-v0.1.0	-	L	P	196
g1_UB4LJIaWuRSpqWZOubte5uKOaLbNpH8ORf0rAGcuyl8	s1_4S5D_udLnF3PzL_DHOoq5WnV8JK80a5MuVYQVVZfpZU	1unN11	qadv-arbiter-7x7-rust-lambda-v0.1.0	-	qadv-arbiter-7x7-rust-lambda-v0.1.0	-	D	P	196
g1_UB4LJIaWuRSpqWZOubte5uKOaLbNpH8ORf0rAGcuyl8	s1_Hy4NNdzORjbx2LI6TvxTm8MwO-Ow_luDwDep65vhQuQ	1unN11	qadv-arbiter-7x7-rust-lambda-v0.1.0	-	qadv-arbiter-7x7-rust-lambda-v0.1.0	-	D	P	196
g1_UB4LJIaWuRSpqWZOubte5uKOaLbNpH8ORf0rAGcuyl8	s1_RauLaTi4eVgYHSp2TV9pqs9uzTVv0B10g9TaHMWpcZ4	1unN11	qadv-arbiter-7x7-rust-lambda-v0.1.0	-	qadv-arbiter-7x7-rust-lambda-v0.1.0	-	D	P	-
g1_UB4LJIaWuRSpqWZOubte5uKOaLbNpH8ORf0rAGcuyl8	s1_uJpC36pqg_WvIVe8l-UUAwonaJPND3do7LTXYpgQBeY	1unN11	qadv-arbiter-7x7-rust-lambda-v0.1.0	-	qadv-arbiter-7x7-rust-lambda-v0.1.0	-	D	P	196
g1_UB7G-QzhiWnhpqewVR4g4cAULTUm9kzrG3lnFztaOIo	s1_LYWE4lIaXRl-Ycx-UVD90ZSeMRkvtwUVjO8IJ0yvO4Q	1unMUR	qadv-arbiter-7x7-rust-lambda-v0.1.0	-	qadv-arbiter-7x7-rust-lambda-v0.1.0	-	L	P	196
g1_UB7G-QzhiWnhpqewVR4g4cAULTUm9kzrG3lnFztaOIo	s1_PulNNd7rflPsR6bYwAauHAlHsj77ULYR0CqyUBv0qMc	1unMUR	qadv-arbiter-7x7-rust-lambda-v0.1.0	-	qadv-arbiter-7x7-rust-lambda-v0.1.0	-	L	P	196
g1_UB7G-QzhiWnhpqewVR4g4cAULTUm9kzrG3lnFztaOIo	s1_RauLaTi4eVgYHSp2TV9pqs9uzTVv0B10g9TaHMWpcZ4	1unMUR	qadv-arbiter-7x7-rust-lambda-v0.1.0	-	qadv-arbiter-7x7-rust-lambda-v0.1.0	-	L	P	-
g1_UB7G-QzhiWnhpqewVR4g4cAULTUm9kzrG3lnFztaOIo	s1_tyJKmWWNmk7OVPt5fwfSzl6Adu1-vFRVMxWl66thSn4	1unMUR	qadv-arbiter-7x7-rust-lambda-v0.1.0	-	qadv-arbiter-7x7-rust-lambda-v0.1.0	-	L	P	196
g1_UBHv_mBsvFQN88LFP3gtazX_HmWuayLG8M8znSOz3B0	s1_J0qL7fUVfGZ8TezPmSHBkqUfEoUVt6Ta3aXF9pECjE0	1unMKW	qadv-arbiter-7x7-rust-lambda-v0.1.0	-	qadv-arbiter-7x7-rust-lambda-v0.1.0	-	D	P	196
g1_UBHv_mBsvFQN88LFP3gtazX_HmWuayLG8M8znSOz3B0	s1_RauLaTi4eVgYHSp2TV9pqs9uzTVv0B10g9TaHMWpcZ4	1unMKW	qadv-arbiter-7x7-rust-lambda-v0.1.0	-	qadv-arbiter-7x7-rust-lambda-v0.1.0	-	D	P	-
g1_UBHv_mBsvFQN88LFP3gtazX_HmWuayLG8M8znSOz3B0	s1_lfp-RXvGmeMStmssa0Y39SNdVEVfBEZ8WG9ffahfls4	1unMKW	qadv-arbiter-7x7-rust-lambda-v0.1.0	-	qadv-arbiter-7x7-rust-lambda-v0.1.0	-	D	P	196
g1_UBHv_mBsvFQN88LFP3gtazX_HmWuayLG8M8znSOz3B0	s1_wzlcLWKqKMcl2A8v4pOrpCGKojjiS12FzFTKl97ts70	1unMKW	qadv-arbiter-7x7-rust-lambda-v0.1.0	-	qadv-arbiter-7x7-rust-lambda-v0.1.0	-	D	P	196
g1_UBNMaBRW48y8QRikoutIaMWBC3QgmmUEALbfZ38ZmMw	s1_1av6nXQkq-GSHXfjkVlGHGpAq8F9UbW4JwZmyFA-vww	1umvGZ	python-gnn-puct-scout-v0.1.0	sha256:b9f80706cc1f29076ee06fe06483697c749148a808c599579045d00a52573938	python-gnn-puct-scout-v0.1.0	sha256:b9f80706cc1f29076ee06fe06483697c749148a808c599579045d00a52573938	D	P	196
g1_UBNMaBRW48y8QRikoutIaMWBC3QgmmUEALbfZ38ZmMw	s1_Brk0hkuJoH-MBjdd53AO5tlWcOgDWV_R0PO74fHGd_0	1umvGZ	python-gnn-puct-scout-v0.1.0	sha256:b9f80706cc1f29076ee06fe06483697c749148a808c599579045d00a52573938	python-gnn-puct-scout-v0.1.0	sha256:b9f80706cc1f29076ee06fe06483697c749148a808c599579045d00a52573938	D	P	196
g1_UBNMaBRW48y8QRikoutIaMWBC3QgmmUEALbfZ38ZmMw	s1_D_X-fTFZy6xuyGSC5jFyKBW6IP_59Jbomefazf4xu44	1umvGZ	python-gnn-puct-scout-v0.1.0	sha256:b9f80706cc1f29076ee06fe06483697c749148a808c599579045d00a52573938	python-gnn-puct-scout-v0.1.0	sha256:b9f80706cc1f29076ee06fe06483697c749148a808c599579045d00a52573938	D	P	196
g1_UBV-5b-KME3194hkoWQmlEKV9Efzn557VTDZAGsa_N4	s1_flXyOBW6T9LLVDFIvXBGel1MoVNZcUcMFIJnB9yLapU	1umx0M	python-gnn-puct-reval30k-v0.1.0	sha256:6120be86fc469df71473c3de64e5e32f99694cd47d621fa5948f243dc51d3d21	python-gnn-puct-reval30k-v0.1.0	sha256:6120be86fc469df71473c3de64e5e32f99694cd47d621fa5948f243dc51d3d21	L	P	196
g1_UBXqERMXEVNVYl9QSFSAJP3c3rT16882IpkP2jAxPec	s1_MKYe7Sd8dw-gkOifox9GGhKnmaQ3MjfDxEVvbnDzC7g	1unOEZ	qadv-arbiter-7x7-rust-lambda-v0.1.0	-	qadv-arbiter-7x7-rust-lambda-v0.1.0	-	L	P	196
g1_UBXqERMXEVNVYl9QSFSAJP3c3rT16882IpkP2jAxPec	s1_RQlrZvK05FQ0aJ9bKyqtSsPQv9UauinDrzD8FssAz6Y	1unOEZ	qadv-arbiter-7x7-rust-lambda-v0.1.0	-	qadv-arbiter-7x7-rust-lambda-v0.1.0	-	L	P	196
g1_UBXqERMXEVNVYl9QSFSAJP3c3rT16882IpkP2jAxPec	s1_RauLaTi4eVgYHSp2TV9pqs9uzTVv0B10g9TaHMWpcZ4	1unOEZ	qadv-arbiter-7x7-rust-lambda-v0.1.0	-	qadv-arbiter-7x7-rust-lambda-v0.1.0	-	L	P	-
g1_UBXqERMXEVNVYl9QSFSAJP3c3rT16882IpkP2jAxPec	s1_Yh4uHYesXx9AMMRGbcm1pSjl1lxtxGU_2hjJKoEv5Qw	1unOEZ	qadv-arbiter-7x7-rust-lambda-v0.1.0	-	qadv-arbiter-7x7-rust-lambda-v0.1.0	-	L	P	196
g1_UBYTiTO8_YdmpUyAKnphjIPKnVFjf7gAVACLWwcpJTs	s1_6PxtazPxkizz7K9QTWPSCIopEV5n0zpHoq3F52yO_6U	1umwsI	python-cnn-puct-v0.1.0	sha256:7845e9b7687beee165dc36b8d21833b7a8b5a83e31b58b49bd05c277ba26e642	python-cnn-puct-v0.1.0	sha256:7845e9b7687beee165dc36b8d21833b7a8b5a83e31b58b49bd05c277ba26e642	L	P	196
g1_UBYTiTO8_YdmpUyAKnphjIPKnVFjf7gAVACLWwcpJTs	s1_baRgKA_wMXdl0r4AwdkUfhWC04qxd1MvEGXAQaDd4fo	1umwsI	python-cnn-puct-v0.1.0	sha256:7845e9b7687beee165dc36b8d21833b7a8b5a83e31b58b49bd05c277ba26e642	python-cnn-puct-v0.1.0	sha256:7845e9b7687beee165dc36b8d21833b7a8b5a83e31b58b49bd05c277ba26e642	L	P	196
g1_UBYs-W4BcCHsNqF9QBXukddIJ09jY6LehJBiziXQ-4c	s1_-OKlJXuPFfAnukwGYITjiU7XKL4OC_qt76PC0TZSPjg	1umvil	python-cnn-puct-v0.1.0	sha256:7845e9b7687beee165dc36b8d21833b7a8b5a83e31b58b49bd05c277ba26e642	python-cnn-puct-v0.1.0	sha256:7845e9b7687beee165dc36b8d21833b7a8b5a83e31b58b49bd05c277ba26e642	-	M	196
g1_UBYs-W4BcCHsNqF9QBXukddIJ09jY6LehJBiziXQ-4c	s1_1av6nXQkq-GSHXfjkVlGHGpAq8F9UbW4JwZmyFA-vww	1umvil	python-cnn-puct-v0.1.0	sha256:7845e9b7687beee165dc36b8d21833b7a8b5a83e31b58b49bd05c277ba26e642	python-cnn-puct-v0.1.0	sha256:7845e9b7687beee165dc36b8d21833b7a8b5a83e31b58b49bd05c277ba26e642	-	M	196
g1_UBYs-W4BcCHsNqF9QBXukddIJ09jY6LehJBiziXQ-4c	s1_Brk0hkuJoH-MBjdd53AO5tlWcOgDWV_R0PO74fHGd_0	1umvil	python-cnn-puct-v0.1.0	sha256:7845e9b7687beee165dc36b8d21833b7a8b5a83e31b58b49bd05c277ba26e642	python-cnn-puct-v0.1.0	sha256:7845e9b7687beee165dc36b8d21833b7a8b5a83e31b58b49bd05c277ba26e642	-	M	196
g1_UBorS8IVDpH3gTU9ehO72F6ktSOFAl-7Kejv-BMck6s	s1_GHYVwTCITCj_umFxS9zRVgFvG_GMr4q2HsPFWASoKIo	1unMmm	qadv-arbiter-7x7-rust-lambda-v0.1.0	-	qadv-arbiter-7x7-rust-lambda-v0.1.0	-	L	P	196
g1_UBorS8IVDpH3gTU9ehO72F6ktSOFAl-7Kejv-BMck6s	s1_RauLaTi4eVgYHSp2TV9pqs9uzTVv0B10g9TaHMWpcZ4	1unMmm	qadv-arbiter-7x7-rust-lambda-v0.1.0	-	qadv-arbiter-7x7-rust-lambda-v0.1.0	-	L	P	-
g1_UBorS8IVDpH3gTU9ehO72F6ktSOFAl-7Kejv-BMck6s	s1_ruvLg_4N9hBuh8SRdBE5LujXJv55Xii7PHq1xhAi5pg	1unMmm	qadv-arbiter-7x7-rust-lambda-v0.1.0	-	qadv-arbiter-7x7-rust-lambda-v0.1.0	-	L	P	196
g1_UBorS8IVDpH3gTU9ehO72F6ktSOFAl-7Kejv-BMck6s	s1_xEqIVmf7UQ8lmuiURoDnXIxmytBgG654cdSxx22OndM	1unMmm	qadv-arbiter-7x7-rust-lambda-v0.1.0	-	qadv-arbiter-7x7-rust-lambda-v0.1.0	-	L	P	196
g1_UBrqc1XbaSzIxrOq3C4lfGXX1UsESY6TUkvN81WlXx0	s1_qtlitMa-GGx-0y2heoyNRonYXf1Dq5epTexnVe9Iqtw	1umxb1	python-gnn-puct-learner-v0.1.0	sha256:ab0f739cd33d66781faf60e27797c5ccba3c04ba684f8d9e32e9c2754f4e8956	python-gnn-puct-learner-v0.1.0	sha256:ab0f739cd33d66781faf60e27797c5ccba3c04ba684f8d9e32e9c2754f4e8956	L	P	196
g1_UBtHjjL0yWf-9mU94j6Tf-zbqekmxckMOqpuVGT-LjM	s1_3sU_4zKVzgJVsikLq9u8D_7m2djaJ9XYmDYd3xJu-MI	1unLt-	qadv-arbiter-7x7-rust-lambda-v0.1.0	-	qadv-arbiter-7x7-rust-lambda-v0.1.0	-	L	P	196
g1_UBtHjjL0yWf-9mU94j6Tf-zbqekmxckMOqpuVGT-LjM	s1_BXXtSbkz5KMQ6WqmS34aGZRCmXp1edtx3X7YAmN83nc	1unLt-	qadv-arbiter-7x7-rust-lambda-v0.1.0	-	qadv-arbiter-7x7-rust-lambda-v0.1.0	-	L	P	196
g1_UBtHjjL0yWf-9mU94j6Tf-zbqekmxckMOqpuVGT-LjM	s1_RauLaTi4eVgYHSp2TV9pqs9uzTVv0B10g9TaHMWpcZ4	1unLt-	qadv-arbiter-7x7-rust-lambda-v0.1.0	-	qadv-arbiter-7x7-rust-lambda-v0.1.0	-	L	P	-
g1_UBtHjjL0yWf-9mU94j6Tf-zbqekmxckMOqpuVGT-LjM	s1_dLJRHIyFM-cSUovGryUGh_PlpF7YgRhThTA95ZqXqNU	1unLt-	qadv-arbiter-7x7-rust-lambda-v0.1.0	-	qadv-arbiter-7x7-rust-lambda-v0.1.0	-	L	P	196
g1_UBuhqsL42tvK9-u0YtEeUdtqRX6lyeQm-EuZv_JEjfk	s1_BRI4z35sRnD0ei9xoDY9ndd9Jot_-mIMKQL4dsgQ3Tw	1unOJe	qadv-arbiter-7x7-rust-lambda-v0.1.0	-	qadv-arbiter-7x7-rust-lambda-v0.1.0	-	D	P	196
g1_UBuhqsL42tvK9-u0YtEeUdtqRX6lyeQm-EuZv_JEjfk	s1_GXC1vSJ331808jQCPioOT5penRS7P4hxgEXXNluXV3U	1unOJe	qadv-arbiter-7x7-rust-lambda-v0.1.0	-	qadv-arbiter-7x7-rust-lambda-v0.1.0	-	D	P	196
g1_UBuhqsL42tvK9-u0YtEeUdtqRX6lyeQm-EuZv_JEjfk	s1_RauLaTi4eVgYHSp2TV9pqs9uzTVv0B10g9TaHMWpcZ4	1unOJe	qadv-arbiter-7x7-rust-lambda-v0.1.0	-	qadv-arbiter-7x7-rust-lambda-v0.1.0	-	D	P	-
g1_UBuhqsL42tvK9-u0YtEeUdtqRX6lyeQm-EuZv_JEjfk	s1_pxWpwM6oWvThzMD6LkFXf37Z9wVGBxMnerwC4G6LQB8	1unOJe	qadv-arbiter-7x7-rust-lambda-v0.1.0	-	qadv-arbiter-7x7-rust-lambda-v0.1.0	-	D	P	196
g1_UCL3dIRph-usz77CPm3mLBfUmpqdT7DlVbIy-QG9MfA	s1_0XTAFULDkpgUlrwunjuSjT6AkQw16QwvjAEbqE48-r4	1DOP9	pathfinder-v0.3.0	-	gnn-generation-8-7x7	-	L	P	-
g1_UCL3dIRph-usz77CPm3mLBfUmpqdT7DlVbIy-QG9MfA	s1_0XTAFULDkpgUlrwunjuSjT6AkQw16QwvjAEbqE48-r4	1Dmpf	pathfinder-v0.3.0	-	gnn-generation-5-7x7	-	L	P	-
g1_UCL3dIRph-usz77CPm3mLBfUmpqdT7DlVbIy-QG9MfA	s1_0XTAFULDkpgUlrwunjuSjT6AkQw16QwvjAEbqE48-r4	1E9E9	pathfinder-v0.3.0	-	gnn-generation-4-7x7	-	L	P	-
g1_UCL3dIRph-usz77CPm3mLBfUmpqdT7DlVbIy-QG9MfA	s1_1av6nXQkq-GSHXfjkVlGHGpAq8F9UbW4JwZmyFA-vww	1umw08	pathfinder-v0.3.0	-	gnn-generation-8-7x7	-	L	P	-
g1_UCL3dIRph-usz77CPm3mLBfUmpqdT7DlVbIy-QG9MfA	s1_6WmtzoQYSq7IT8xrYws4Y2jwJqSirQHhQKoYihDulg8	1umw08	pathfinder-v0.3.0	-	gnn-generation-8-7x7	-	L	P	-
g1_UCL3dIRph-usz77CPm3mLBfUmpqdT7DlVbIy-QG9MfA	s1_6WmtzoQYSq7IT8xrYws4Y2jwJqSirQHhQKoYihDulg8	1unIQe	pathfinder-v0.3.0	-	gnn-generation-5-7x7	-	L	P	-
g1_UCL3dIRph-usz77CPm3mLBfUmpqdT7DlVbIy-QG9MfA	s1_6WmtzoQYSq7IT8xrYws4Y2jwJqSirQHhQKoYihDulg8	1ungr8	pathfinder-v0.3.0	-	gnn-generation-4-7x7	-	L	P	-
g1_UCL3dIRph-usz77CPm3mLBfUmpqdT7DlVbIy-QG9MfA	s1_O5y8y_DVMGhXbwyVRB4zkS09VexF-D1a8tuZci7qur4	1umw08	pathfinder-v0.3.0	-	gnn-generation-8-7x7	-	L	P	-
g1_UCL3dIRph-usz77CPm3mLBfUmpqdT7DlVbIy-QG9MfA	s1_O5y8y_DVMGhXbwyVRB4zkS09VexF-D1a8tuZci7qur4	1unIQe	pathfinder-v0.3.0	-	gnn-generation-5-7x7	-	L	P	-
g1_UCL3dIRph-usz77CPm3mLBfUmpqdT7DlVbIy-QG9MfA	s1_O5y8y_DVMGhXbwyVRB4zkS09VexF-D1a8tuZci7qur4	1ungr8	pathfinder-v0.3.0	-	gnn-generation-4-7x7	-	L	P	-
g1_UCL3dIRph-usz77CPm3mLBfUmpqdT7DlVbIy-QG9MfA	s1_ey0X9h1GlZ80KZNtd0_1PnIwLX-7eb1fQjiCa9wrhUM	1ETCh	pathfinder-v0.3.0	-	gnn-generation-5-7x7	sha256:7274065e2ffdd05997bf172e30bb5e24d7bcafca99d379b6115ff98ee1f7c4d9	L	P	196
g1_UCL3dIRph-usz77CPm3mLBfUmpqdT7DlVbIy-QG9MfA	s1_ey0X9h1GlZ80KZNtd0_1PnIwLX-7eb1fQjiCa9wrhUM	1ETCj	pathfinder-v0.3.0	-	gnn-generation-5-7x7	sha256:7274065e2ffdd05997bf172e30bb5e24d7bcafca99d379b6115ff98ee1f7c4d9	L	P	196
g1_UCL3dIRph-usz77CPm3mLBfUmpqdT7DlVbIy-QG9MfA	s1_ey0X9h1GlZ80KZNtd0_1PnIwLX-7eb1fQjiCa9wrhUM	1ErdB	pathfinder-v0.3.0	-	gnn-generation-4-7x7	sha256:d46ba89987292c56b659843817a24bf5357d9a2bae8c3cfac720281eea70e3e7	L	P	196
g1_UCL3dIRph-usz77CPm3mLBfUmpqdT7DlVbIy-QG9MfA	s1_ey0X9h1GlZ80KZNtd0_1PnIwLX-7eb1fQjiCa9wrhUM	1ErdD	pathfinder-v0.3.0	-	gnn-generation-4-7x7	sha256:d46ba89987292c56b659843817a24bf5357d9a2bae8c3cfac720281eea70e3e7	L	P	196
g1_UCL3dIRph-usz77CPm3mLBfUmpqdT7DlVbIy-QG9MfA	s1_gPoZ5rByZErTaB0WLQoU6LVl6WlfprkiDFHagxLzf2Q	1E4YX	pathfinder-v0.3.0	-	gnn-generation-5-7x7	sha256:7274065e2ffdd05997bf172e30bb5e24d7bcafca99d379b6115ff98ee1f7c4d9	L	P	196
g1_UCL3dIRph-usz77CPm3mLBfUmpqdT7DlVbIy-QG9MfA	s1_gPoZ5rByZErTaB0WLQoU6LVl6WlfprkiDFHagxLzf2Q	1E4YZ	pathfinder-v0.3.0	-	gnn-generation-5-7x7	sha256:7274065e2ffdd05997bf172e30bb5e24d7bcafca99d379b6115ff98ee1f7c4d9	L	P	196
g1_UCL3dIRph-usz77CPm3mLBfUmpqdT7DlVbIy-QG9MfA	s1_gPoZ5rByZErTaB0WLQoU6LVl6WlfprkiDFHagxLzf2Q	1ESz1	pathfinder-v0.3.0	-	gnn-generation-4-7x7	sha256:d46ba89987292c56b659843817a24bf5357d9a2bae8c3cfac720281eea70e3e7	L	P	196
g1_UCL3dIRph-usz77CPm3mLBfUmpqdT7DlVbIy-QG9MfA	s1_gPoZ5rByZErTaB0WLQoU6LVl6WlfprkiDFHagxLzf2Q	1ESz3	pathfinder-v0.3.0	-	gnn-generation-4-7x7	sha256:d46ba89987292c56b659843817a24bf5357d9a2bae8c3cfac720281eea70e3e7	L	P	196
g1_UCL3dIRph-usz77CPm3mLBfUmpqdT7DlVbIy-QG9MfA	s1_mWPTef6xYbijjPhDIC6QgLRmu2mMSJAokNlIkx3vg54	1umw08	pathfinder-v0.3.0	-	gnn-generation-8-7x7	-	L	P	-
g1_UCL3dIRph-usz77CPm3mLBfUmpqdT7DlVbIy-QG9MfA	s1_nNHl7o9VD27km-G9HxP8DUYKhL6WSV63_uA_CVEmPFA	1DOP9	pathfinder-v0.3.0	-	gnn-generation-8-7x7	-	L	P	-
g1_UCL3dIRph-usz77CPm3mLBfUmpqdT7DlVbIy-QG9MfA	s1_nNHl7o9VD27km-G9HxP8DUYKhL6WSV63_uA_CVEmPFA	1Dmpf	pathfinder-v0.3.0	-	gnn-generation-5-7x7	-	L	P	-
g1_UCL3dIRph-usz77CPm3mLBfUmpqdT7DlVbIy-QG9MfA	s1_nNHl7o9VD27km-G9HxP8DUYKhL6WSV63_uA_CVEmPFA	1E9E9	pathfinder-v0.3.0	-	gnn-generation-4-7x7	-	L	P	-
g1_UCQPWlDaRc-2bF4-W_tJ947bGCnTgitMVNaJN92nNOc	s1_4A-Y_cxLPz83LGiK8t9b5zx958m2zNXZ0mOS35YBBKA	1unLyv	qadv-arbiter-7x7-rust-lambda-v0.1.0	-	qadv-arbiter-7x7-rust-lambda-v0.1.0	-	L	P	196
g1_UCQPWlDaRc-2bF4-W_tJ947bGCnTgitMVNaJN92nNOc	s1_6jpr6vS6Nv6F1Y0mkOA4RUX1It4TAtn7Z2_RL5q4RPQ	1unLyv	qadv-arbiter-7x7-rust-lambda-v0.1.0	-	qadv-arbiter-7x7-rust-lambda-v0.1.0	-	L	P	196
g1_UCQPWlDaRc-2bF4-W_tJ947bGCnTgitMVNaJN92nNOc	s1_RauLaTi4eVgYHSp2TV9pqs9uzTVv0B10g9TaHMWpcZ4	1unLyv	qadv-arbiter-7x7-rust-lambda-v0.1.0	-	qadv-arbiter-7x7-rust-lambda-v0.1.0	-	L	P	-
g1_UCQPWlDaRc-2bF4-W_tJ947bGCnTgitMVNaJN92nNOc	s1_xywmg9CgKA8AzrvqgJktNpZqhMjKYv2sl4DTqL3Ysaw	1unLyv	qadv-arbiter-7x7-rust-lambda-v0.1.0	-	qadv-arbiter-7x7-rust-lambda-v0.1.0	-	L	P	196
g1_UCQZIDuPFrbdmMfdb5W8p52v1xahzOwOo7w26ls43H0	s1_3kuUQgm8XtQPwPBspyHKfcGeiHplfaYEOp3JPfVXfss	1unNrR	qadv-arbiter-7x7-rust-lambda-v0.1.0	-	qadv-arbiter-7x7-rust-lambda-v0.1.0	-	L	P	196
g1_UCQZIDuPFrbdmMfdb5W8p52v1xahzOwOo7w26ls43H0	s1_5hd15FylStelqK6HSl8nH_MRKFZ4mRjHl-e_cxBo8Is	1unNrR	qadv-arbiter-7x7-rust-lambda-v0.1.0	-	qadv-arbiter-7x7-rust-lambda-v0.1.0	-	L	P	196
g1_UCQZIDuPFrbdmMfdb5W8p52v1xahzOwOo7w26ls43H0	s1_RauLaTi4eVgYHSp2TV9pqs9uzTVv0B10g9TaHMWpcZ4	1unNrR	qadv-arbiter-7x7-rust-lambda-v0.1.0	-	qadv-arbiter-7x7-rust-lambda-v0.1.0	-	L	P	-
g1_UCQZIDuPFrbdmMfdb5W8p52v1xahzOwOo7w26ls43H0	s1_f-cNFUH4Grh_0kVWCOcYiQV33PAiCWAdGdGWtUO4PnI	1unNrR	qadv-arbiter-7x7-rust-lambda-v0.1.0	-	qadv-arbiter-7x7-rust-lambda-v0.1.0	-	L	P	196
g1_UCj4mf04dcx5eVYMmBoPoeVXFtQxGNOCA36logumpVo	s1_3k4OMqGiFNaCsWG9Fp6BhkJGD3vvNjp6HTKVR1aCYLY	1unOMp	qadv-arbiter-7x7-rust-lambda-v0.1.0	-	qadv-arbiter-7x7-rust-lambda-v0.1.0	-	L	P	196
g1_UCj4mf04dcx5eVYMmBoPoeVXFtQxGNOCA36logumpVo	s1_RauLaTi4eVgYHSp2TV9pqs9uzTVv0B10g9TaHMWpcZ4	1unOMp	qadv-arbiter-7x7-rust-lambda-v0.1.0	-	qadv-arbiter-7x7-rust-lambda-v0.1.0	-	L	P	-
g1_UCj4mf04dcx5eVYMmBoPoeVXFtQxGNOCA36logumpVo	s1_U22Nrm9K_cBduis-yRtWflEse2V33wbjaXfgVHaB9hc	1unOMp	qadv-arbiter-7x7-rust-lambda-v0.1.0	-	qadv-arbiter-7x7-rust-lambda-v0.1.0	-	L	P	196
g1_UCj4mf04dcx5eVYMmBoPoeVXFtQxGNOCA36logumpVo	s1_qfI5KbdQM8WmUX9xbK6WYoZ5Qvqi0iiSxAM9E_4v0mI	1unOMp	qadv-arbiter-7x7-rust-lambda-v0.1.0	-	qadv-arbiter-7x7-rust-lambda-v0.1.0	-	L	P	196
g1_UCjJGb_kzer14f6rnHOO8uftoRFgLkqNwVi1Fk_r4iA	s1_O3cuwuia8XT9TI7Nxr3tRcajOA20XFHEIT2fYX3WizY	1un7bB	lunatic-v0.1.0	-	qadv-arbiter-guided-7x7-v0.2.0	sha256:9c0e5e530df7db77a98f6a2e75fe63a6f629c6ad6563e0b5454793ebc243b14d	L	P	196
g1_UCjJGb_kzer14f6rnHOO8uftoRFgLkqNwVi1Fk_r4iA	s1_gY_boSu5A8XG5a9XmME0tXm6pud0vwcbDekozVtP3iE	1un7bB	lunatic-v0.1.0	-	qadv-arbiter-guided-7x7-v0.2.0	sha256:9c0e5e530df7db77a98f6a2e75fe63a6f629c6ad6563e0b5454793ebc243b14d	L	P	196
g1_UCjJGb_kzer14f6rnHOO8uftoRFgLkqNwVi1Fk_r4iA	s1_nGMROr4JGS862bFLFUfH2a8ENp-zb33TaK0vhF2LgKs	1un7bB	lunatic-v0.1.0	-	qadv-arbiter-guided-7x7-v0.2.0	sha256:9c0e5e530df7db77a98f6a2e75fe63a6f629c6ad6563e0b5454793ebc243b14d	L	P	196
g1_UCqmScBsLswUjkhBeYSz_OURj27XLeYwnPgwG32_RvU	s1_9QN9vLbyWniwagMxV__F4HqmLoGAFNJw9tS4uNVYs8s	1unNwm	qadv-arbiter-7x7-rust-lambda-v0.1.0	-	qadv-arbiter-7x7-rust-lambda-v0.1.0	-	D	P	196
g1_UCqmScBsLswUjkhBeYSz_OURj27XLeYwnPgwG32_RvU	s1_RauLaTi4eVgYHSp2TV9pqs9uzTVv0B10g9TaHMWpcZ4	1unNwm	qadv-arbiter-7x7-rust-lambda-v0.1.0	-	qadv-arbiter-7x7-rust-lambda-v0.1.0	-	D	P	-
g1_UCqmScBsLswUjkhBeYSz_OURj27XLeYwnPgwG32_RvU	s1_UOAAVWOWE7BoVisf4fca51qYOVkug-FqV_fpRl19FZ0	1unNwm	qadv-arbiter-7x7-rust-lambda-v0.1.0	-	qadv-arbiter-7x7-rust-lambda-v0.1.0	-	D	P	196
g1_UCqmScBsLswUjkhBeYSz_OURj27XLeYwnPgwG32_RvU	s1_xOWNfysiGlPR2eZHiVn-cM5QD3cZjHJfNblfUN-fQmE	1unNwm	qadv-arbiter-7x7-rust-lambda-v0.1.0	-	qadv-arbiter-7x7-rust-lambda-v0.1.0	-	D	P	196
g1_UCxO96vZK_WWWHFBdB_MNWBzP4zQfD-5a-wbB5Jz3GU	s1_MHOG-KllM7VylcB1evIMeKs40lL0PsMWShOPYC9hTaU	1unP3G	qadv-arbiter-7x7-rust-lambda-v0.1.0	-	qadv-arbiter-7x7-rust-lambda-v0.1.0	-	L	P	196
g1_UCxO96vZK_WWWHFBdB_MNWBzP4zQfD-5a-wbB5Jz3GU	s1_RauLaTi4eVgYHSp2TV9pqs9uzTVv0B10g9TaHMWpcZ4	1unP3G	qadv-arbiter-7x7-rust-lambda-v0.1.0	-	qadv-arbiter-7x7-rust-lambda-v0.1.0	-	L	P	-
g1_UCxO96vZK_WWWHFBdB_MNWBzP4zQfD-5a-wbB5Jz3GU	s1_jhYHkhWE2CiwGZXKTKDUQSpf0Kxpor6jLecy_IvmbeA	1unP3G	qadv-arbiter-7x7-rust-lambda-v0.1.0	-	qadv-arbiter-7x7-rust-lambda-v0.1.0	-	L	P	196
g1_UCxO96vZK_WWWHFBdB_MNWBzP4zQfD-5a-wbB5Jz3GU	s1_uC61ABmwy-6LrYdgiIScpmlHnqEnLjzhbtWBYptPqHc	1unP3G	qadv-arbiter-7x7-rust-lambda-v0.1.0	-	qadv-arbiter-7x7-rust-lambda-v0.1.0	-	L	P	196
g1_UD-jKPs_sEW3QfEvbEK3gSUEAzeORUvg2dlW_6nn-DY	s1_0WDauMVrr2SpQP7hpud1TD_X734ygPIlyhbHLfN2LDI	1unLxB	qadv-arbiter-7x7-rust-lambda-v0.1.0	-	qadv-arbiter-7x7-rust-lambda-v0.1.0	-	L	P	196
g1_UD-jKPs_sEW3QfEvbEK3gSUEAzeORUvg2dlW_6nn-DY	s1_8VZCeEeKV7_mO0N7sUjCzvTjxLkhSPZf61r4M9mKMyM	1unLxB	qadv-arbiter-7x7-rust-lambda-v0.1.0	-	qadv-arbiter-7x7-rust-lambda-v0.1.0	-	L	P	196
g1_UD-jKPs_sEW3QfEvbEK3gSUEAzeORUvg2dlW_6nn-DY	s1_JA6RPeT2W96dU2fDrJadmCJDtYZK4xQEj4_BC5oTGDY	1unLxB	qadv-arbiter-7x7-rust-lambda-v0.1.0	-	qadv-arbiter-7x7-rust-lambda-v0.1.0	-	L	P	196
g1_UD-jKPs_sEW3QfEvbEK3gSUEAzeORUvg2dlW_6nn-DY	s1_RauLaTi4eVgYHSp2TV9pqs9uzTVv0B10g9TaHMWpcZ4	1unLxB	qadv-arbiter-7x7-rust-lambda-v0.1.0	-	qadv-arbiter-7x7-rust-lambda-v0.1.0	-	L	P	-
g1_UDJIzgQjlw_8nSf-0TbPqL9HqxbGdmi22z9LP5MGtVk	s1_2FtaP75xgRVTNrUvmC0NIesJCNy8IDFJ05WNM4nUnpg	1unQfY	qadv-arbiter-7x7-v0.1.0	-	pathfinder-v0.3.0	-	D	P	196
g1_UDJIzgQjlw_8nSf-0TbPqL9HqxbGdmi22z9LP5MGtVk	s1_RauLaTi4eVgYHSp2TV9pqs9uzTVv0B10g9TaHMWpcZ4	1unQfY	qadv-arbiter-7x7-v0.1.0	-	pathfinder-v0.3.0	-	D	P	-
g1_UDJIzgQjlw_8nSf-0TbPqL9HqxbGdmi22z9LP5MGtVk	s1_aZfPBIxgJ5uYN7e0_FDKRHW6TqkrhOWX8tT7d1b945k	1unQfY	qadv-arbiter-7x7-v0.1.0	-	pathfinder-v0.3.0	-	D	P	196
g1_UDJIzgQjlw_8nSf-0TbPqL9HqxbGdmi22z9LP5MGtVk	s1_dQUmKjaeUGsiVDbSYSJWIaJBuHtMPnC1mexIsjUr7bM	1unQfY	qadv-arbiter-7x7-v0.1.0	-	pathfinder-v0.3.0	-	D	P	196
g1_UDObc5SGwjqcNH30gl7IKSvKiEVdmCOqGjjN4j_qEl4	s1_JoSB8hWEmPx9sq1AzNoa9mbCGoL3lAaELEhkj6s6p3E	1unPAN	qadv-arbiter-7x7-rust-lambda-v0.1.0	-	qadv-arbiter-7x7-rust-lambda-v0.1.0	-	D	P	196
g1_UDObc5SGwjqcNH30gl7IKSvKiEVdmCOqGjjN4j_qEl4	s1_RauLaTi4eVgYHSp2TV9pqs9uzTVv0B10g9TaHMWpcZ4	1unPAN	qadv-arbiter-7x7-rust-lambda-v0.1.0	-	qadv-arbiter-7x7-rust-lambda-v0.1.0	-	D	P	-
g1_UDObc5SGwjqcNH30gl7IKSvKiEVdmCOqGjjN4j_qEl4	s1_V1wBRE4T9WeSkROgG7aC9zrUAL893NxFWWPcRWqOJoA	1unPAN	qadv-arbiter-7x7-rust-lambda-v0.1.0	-	qadv-arbiter-7x7-rust-lambda-v0.1.0	-	D	P	196
g1_UDObc5SGwjqcNH30gl7IKSvKiEVdmCOqGjjN4j_qEl4	s1_mMB0osSsogpO5lQ9CZVo8ZYMzXeSCUK-cjkmn-JPeig	1unPAN	qadv-arbiter-7x7-rust-lambda-v0.1.0	-	qadv-arbiter-7x7-rust-lambda-v0.1.0	-	D	P	196
g1_UDXYRYZnsKH9OG6sur6E3Q9i0cGB69OWgJCnHtiQdXg	s1_RauLaTi4eVgYHSp2TV9pqs9uzTVv0B10g9TaHMWpcZ4	1unPDB	qadv-arbiter-7x7-rust-lambda-v0.1.0	-	qadv-arbiter-7x7-rust-lambda-v0.1.0	-	L	P	-
g1_UDXYRYZnsKH9OG6sur6E3Q9i0cGB69OWgJCnHtiQdXg	s1_STe3Wz4rCvfURzvRV35F91WlPKDP4XNWH-pnjgjhJoE	1unPDB	qadv-arbiter-7x7-rust-lambda-v0.1.0	-	qadv-arbiter-7x7-rust-lambda-v0.1.0	-	L	P	196
g1_UDXYRYZnsKH9OG6sur6E3Q9i0cGB69OWgJCnHtiQdXg	s1_TGiO3iTZI_85_YS8HlSHutthUAP0o8v8PmDvSwIKS0I	1unPDB	qadv-arbiter-7x7-rust-lambda-v0.1.0	-	qadv-arbiter-7x7-rust-lambda-v0.1.0	-	L	P	196
g1_UDXYRYZnsKH9OG6sur6E3Q9i0cGB69OWgJCnHtiQdXg	s1_shuS5te9LFi25vYm2SaUTiPJZ9OEZyauYRZjjbuumqw	1unPDB	qadv-arbiter-7x7-rust-lambda-v0.1.0	-	qadv-arbiter-7x7-rust-lambda-v0.1.0	-	L	P	196
g1_UDwSK5z9YlqZO2Zzw6QA1f6Xm6HQd0ITFc-VmER6GyA	s1_6PxtazPxkizz7K9QTWPSCIopEV5n0zpHoq3F52yO_6U	1umwkY	python-cnn-puct-v0.1.0	sha256:7845e9b7687beee165dc36b8d21833b7a8b5a83e31b58b49bd05c277ba26e642	python-cnn-puct-v0.1.0	sha256:7845e9b7687beee165dc36b8d21833b7a8b5a83e31b58b49bd05c277ba26e642	D	P	196
g1_UDwSK5z9YlqZO2Zzw6QA1f6Xm6HQd0ITFc-VmER6GyA	s1_baRgKA_wMXdl0r4AwdkUfhWC04qxd1MvEGXAQaDd4fo	1umwkY	python-cnn-puct-v0.1.0	sha256:7845e9b7687beee165dc36b8d21833b7a8b5a83e31b58b49bd05c277ba26e642	python-cnn-puct-v0.1.0	sha256:7845e9b7687beee165dc36b8d21833b7a8b5a83e31b58b49bd05c277ba26e642	D	P	196
g1_UE-Zu51Wg_8bc9wM3f1F5T2wSBfYqbPwwltMTyydJNc	s1_Qmoz3nLvbLcY_1rcqMtpMJDvTQydhL5cxUNWV6EhpMY	1umwq4	qadv-arbiter-7x7-v0.1.0	sha256:8c548d06307572603b839755cc1e50393285365e10f82bcd90290ca65cd86266	qadv-arbiter-7x7-v0.1.0	sha256:8c548d06307572603b839755cc1e50393285365e10f82bcd90290ca65cd86266	D	P	196
g1_UE9hiQtjB_D_1tFQm0w5bPA5CcCCGIqw6jfBCh-Q2DQ	s1_54qENzGHmkQDvGsx7ptVDKKTaIGQUn2mSFQM8yCJwBM	1unNCg	qadv-arbiter-7x7-rust-lambda-v0.1.0	-	qadv-arbiter-7x7-rust-lambda-v0.1.0	-	L	P	196
g1_UE9hiQtjB_D_1tFQm0w5bPA5CcCCGIqw6jfBCh-Q2DQ	s1_RauLaTi4eVgYHSp2TV9pqs9uzTVv0B10g9TaHMWpcZ4	1unNCg	qadv-arbiter-7x7-rust-lambda-v0.1.0	-	qadv-arbiter-7x7-rust-lambda-v0.1.0	-	L	P	-
g1_UE9hiQtjB_D_1tFQm0w5bPA5CcCCGIqw6jfBCh-Q2DQ	s1_VPhX6Ml22sdwWk60tg2qFKV3cLhOYD1dCOakUjfwJCU	1unNCg	qadv-arbiter-7x7-rust-lambda-v0.1.0	-	qadv-arbiter-7x7-rust-lambda-v0.1.0	-	L	P	196
g1_UE9hiQtjB_D_1tFQm0w5bPA5CcCCGIqw6jfBCh-Q2DQ	s1_lRuuqt0bYqBqp7Yzj--3305lwTGT6VATwcvsKnkB0nU	1unNCg	qadv-arbiter-7x7-rust-lambda-v0.1.0	-	qadv-arbiter-7x7-rust-lambda-v0.1.0	-	L	P	196
g1_UEG-xzbFSXQq80TUHbKkhZcP2rGVM7YN7xrXv_SWUWg	s1_-OKlJXuPFfAnukwGYITjiU7XKL4OC_qt76PC0TZSPjg	1umvj-	python-cnn-puct-v0.1.0	sha256:7845e9b7687beee165dc36b8d21833b7a8b5a83e31b58b49bd05c277ba26e642	python-cnn-puct-v0.1.0	sha256:7845e9b7687beee165dc36b8d21833b7a8b5a83e31b58b49bd05c277ba26e642	-	M	196
g1_UEG-xzbFSXQq80TUHbKkhZcP2rGVM7YN7xrXv_SWUWg	s1_1av6nXQkq-GSHXfjkVlGHGpAq8F9UbW4JwZmyFA-vww	1umvj-	python-cnn-puct-v0.1.0	sha256:7845e9b7687beee165dc36b8d21833b7a8b5a83e31b58b49bd05c277ba26e642	python-cnn-puct-v0.1.0	sha256:7845e9b7687beee165dc36b8d21833b7a8b5a83e31b58b49bd05c277ba26e642	-	M	196
g1_UEG-xzbFSXQq80TUHbKkhZcP2rGVM7YN7xrXv_SWUWg	s1_Brk0hkuJoH-MBjdd53AO5tlWcOgDWV_R0PO74fHGd_0	1umvj-	python-cnn-puct-v0.1.0	sha256:7845e9b7687beee165dc36b8d21833b7a8b5a83e31b58b49bd05c277ba26e642	python-cnn-puct-v0.1.0	sha256:7845e9b7687beee165dc36b8d21833b7a8b5a83e31b58b49bd05c277ba26e642	-	M	196
g1_UEGpl7eMrQNzBVlsq7HfuMl7-SgQak4QBv8mjAffoNs	s1_0AyUK1Ps4Run7VjYUXP0LvHpZRXf88ayuAg4jkEgJFA	1unQkD	pathfinder-v0.3.0	-	qadv-arbiter-7x7-v0.1.0	-	L	P	196
g1_UEGpl7eMrQNzBVlsq7HfuMl7-SgQak4QBv8mjAffoNs	s1_2FtaP75xgRVTNrUvmC0NIesJCNy8IDFJ05WNM4nUnpg	1unQkD	pathfinder-v0.3.0	-	qadv-arbiter-7x7-v0.1.0	-	L	P	196
g1_UEGpl7eMrQNzBVlsq7HfuMl7-SgQak4QBv8mjAffoNs	s1_RauLaTi4eVgYHSp2TV9pqs9uzTVv0B10g9TaHMWpcZ4	1unQkD	pathfinder-v0.3.0	-	qadv-arbiter-7x7-v0.1.0	-	L	P	-
g1_UEGpl7eMrQNzBVlsq7HfuMl7-SgQak4QBv8mjAffoNs	s1_xpezeNkWEMQT3LA8PFKoIe5G3mbestJ7vpa07AgOvSk	1unQkD	pathfinder-v0.3.0	-	qadv-arbiter-7x7-v0.1.0	-	L	P	196
g1_UERWGJeMq8csNrGVDfloOQxwAI9CYWWKA39ZCtokfUA	s1_HvZeDRXErJlsmi5ufUUyAoThTxS-nZbDp6ug-YhpHkA	1unO5d	qadv-arbiter-7x7-rust-lambda-v0.1.0	-	qadv-arbiter-7x7-rust-lambda-v0.1.0	-	L	P	196
g1_UERWGJeMq8csNrGVDfloOQxwAI9CYWWKA39ZCtokfUA	s1_RauLaTi4eVgYHSp2TV9pqs9uzTVv0B10g9TaHMWpcZ4	1unO5d	qadv-arbiter-7x7-rust-lambda-v0.1.0	-	qadv-arbiter-7x7-rust-lambda-v0.1.0	-	L	P	-
g1_UERWGJeMq8csNrGVDfloOQxwAI9CYWWKA39ZCtokfUA	s1_YepHF4lX90BmCQW3Pskk67xQhp-tDBsB6wp_MGGLXz0	1unO5d	qadv-arbiter-7x7-rust-lambda-v0.1.0	-	qadv-arbiter-7x7-rust-lambda-v0.1.0	-	L	P	196
g1_UERWGJeMq8csNrGVDfloOQxwAI9CYWWKA39ZCtokfUA	s1_cii2QUr65QURPa9ZAZqBgXl3bsEcABUcpeNXz0S2ygs	1unO5d	qadv-arbiter-7x7-rust-lambda-v0.1.0	-	qadv-arbiter-7x7-rust-lambda-v0.1.0	-	L	P	196
g1_UEdfQUa9_oC7de7FroA3Rqs3yO-jFRJb7KUX5XP5JEk	s1_1av6nXQkq-GSHXfjkVlGHGpAq8F9UbW4JwZmyFA-vww	1Disx	coin-flip-v0.0.1	-	gnn-generation-8-7x7	sha256:5cf77e6a89157753900dc1136a3f3b89395927393853806ee080f212998003b6	D	P	196
g1_UEdfQUa9_oC7de7FroA3Rqs3yO-jFRJb7KUX5XP5JEk	s1_Brk0hkuJoH-MBjdd53AO5tlWcOgDWV_R0PO74fHGd_0	1Disx	coin-flip-v0.0.1	-	gnn-generation-8-7x7	sha256:5cf77e6a89157753900dc1136a3f3b89395927393853806ee080f212998003b6	D	P	196
g1_UEdfQUa9_oC7de7FroA3Rqs3yO-jFRJb7KUX5XP5JEk	s1_gPoZ5rByZErTaB0WLQoU6LVl6WlfprkiDFHagxLzf2Q	1Disx	coin-flip-v0.0.1	-	gnn-generation-8-7x7	sha256:5cf77e6a89157753900dc1136a3f3b89395927393853806ee080f212998003b6	D	P	196
g1_UEsCTuB5reYcgG6CWEJfqh3I5dQdEDgSYNXifWi8Dtc	s1_35vnIvHoSa53JXx3-oKsweGJ2q_MQAiCAFipS_YogIg	1unPsJ	qadv-arbiter-7x7-rust-lambda-v0.1.0	-	qadv-arbiter-7x7-rust-lambda-v0.1.0	-	D	P	196
g1_UEsCTuB5reYcgG6CWEJfqh3I5dQdEDgSYNXifWi8Dtc	s1_5co1Gpmu0raRaYdE_q5rCjL0_jzlUd1ZwZI-tqyQ0Do	1unPsJ	qadv-arbiter-7x7-rust-lambda-v0.1.0	-	qadv-arbiter-7x7-rust-lambda-v0.1.0	-	D	P	196
g1_UEsCTuB5reYcgG6CWEJfqh3I5dQdEDgSYNXifWi8Dtc	s1_FqdfE0paVlf3iooPeC4NDKogJ7mwE6XXbuqEXWnVqQg	1unPsJ	qadv-arbiter-7x7-rust-lambda-v0.1.0	-	qadv-arbiter-7x7-rust-lambda-v0.1.0	-	D	P	196
g1_UEsCTuB5reYcgG6CWEJfqh3I5dQdEDgSYNXifWi8Dtc	s1_RauLaTi4eVgYHSp2TV9pqs9uzTVv0B10g9TaHMWpcZ4	1unPsJ	qadv-arbiter-7x7-rust-lambda-v0.1.0	-	qadv-arbiter-7x7-rust-lambda-v0.1.0	-	D	P	-
g1_UEyuVNPg9tzuHUs6X3ls0z6y61vkT-81OVaS0GQdHJM	s1_L8qf-NlcpukiV0ksnKyVNUlQPnUkmecAROyyBAffIt0	1unMjC	qadv-arbiter-7x7-rust-lambda-v0.1.0	-	qadv-arbiter-7x7-rust-lambda-v0.1.0	-	D	P	196
g1_UEyuVNPg9tzuHUs6X3ls0z6y61vkT-81OVaS0GQdHJM	s1_RauLaTi4eVgYHSp2TV9pqs9uzTVv0B10g9TaHMWpcZ4	1unMjC	qadv-arbiter-7x7-rust-lambda-v0.1.0	-	qadv-arbiter-7x7-rust-lambda-v0.1.0	-	D	P	-
g1_UEyuVNPg9tzuHUs6X3ls0z6y61vkT-81OVaS0GQdHJM	s1_b68qVkeLUK7go1iaAYHUNXVQ6sWb4NiMqwIXrxSyWlY	1unMjC	qadv-arbiter-7x7-rust-lambda-v0.1.0	-	qadv-arbiter-7x7-rust-lambda-v0.1.0	-	D	P	196
g1_UEyuVNPg9tzuHUs6X3ls0z6y61vkT-81OVaS0GQdHJM	s1_sZaWBGgUTPWz6CAFQmZ1uJg55-bAiPtL2kemst-LiY8	1unMjC	qadv-arbiter-7x7-rust-lambda-v0.1.0	-	qadv-arbiter-7x7-rust-lambda-v0.1.0	-	D	P	196
g1_UFEsatPbgQQ9q7Vk_yLrNITGgoKeB5CNBn6IARMfw8I	s1_4HWpjOuPa1hwZtGayHBeN1r9g2TdwL8v5gFfQVJ3mbs	1unOn3	qadv-arbiter-7x7-rust-lambda-v0.1.0	-	qadv-arbiter-7x7-rust-lambda-v0.1.0	-	L	P	196
g1_UFEsatPbgQQ9q7Vk_yLrNITGgoKeB5CNBn6IARMfw8I	s1_JZDEgVMftJ5-61OoJPIzN2B6RUkDBcq5pS_aFvW-gwg	1unOn3	qadv-arbiter-7x7-rust-lambda-v0.1.0	-	qadv-arbiter-7x7-rust-lambda-v0.1.0	-	L	P	196
g1_UFEsatPbgQQ9q7Vk_yLrNITGgoKeB5CNBn6IARMfw8I	s1_RauLaTi4eVgYHSp2TV9pqs9uzTVv0B10g9TaHMWpcZ4	1unOn3	qadv-arbiter-7x7-rust-lambda-v0.1.0	-	qadv-arbiter-7x7-rust-lambda-v0.1.0	-	L	P	-
g1_UFEsatPbgQQ9q7Vk_yLrNITGgoKeB5CNBn6IARMfw8I	s1_xcENGRXSKWsVujDCpL-d9qZEdvF8vf4pxSeAVO6euBU	1unOn3	qadv-arbiter-7x7-rust-lambda-v0.1.0	-	qadv-arbiter-7x7-rust-lambda-v0.1.0	-	L	P	196
g1_UFKRCtYNljcGW8FZVONa7SMrkWqoRYcVg3H-Z3doEsc	s1_1ppPOg6l0vQWTThl8-bt8MRXFPR3XEcSsOO4BLgxppw	1unNwt	qadv-arbiter-7x7-rust-lambda-v0.1.0	-	qadv-arbiter-7x7-rust-lambda-v0.1.0	-	D	P	196
g1_UFKRCtYNljcGW8FZVONa7SMrkWqoRYcVg3H-Z3doEsc	s1_RauLaTi4eVgYHSp2TV9pqs9uzTVv0B10g9TaHMWpcZ4	1unNwt	qadv-arbiter-7x7-rust-lambda-v0.1.0	-	qadv-arbiter-7x7-rust-lambda-v0.1.0	-	D	P	-
g1_UFKRCtYNljcGW8FZVONa7SMrkWqoRYcVg3H-Z3doEsc	s1_VqPDbfpTqPHAvz-BBveBdjOMA7B8d9rauHX_YVhll-Y	1unNwt	qadv-arbiter-7x7-rust-lambda-v0.1.0	-	qadv-arbiter-7x7-rust-lambda-v0.1.0	-	D	P	196
g1_UFKRCtYNljcGW8FZVONa7SMrkWqoRYcVg3H-Z3doEsc	s1_zExvFB-D3WKfb4yheAYtHZx5_mhPG1uOuF_JugjWvgY	1unNwt	qadv-arbiter-7x7-rust-lambda-v0.1.0	-	qadv-arbiter-7x7-rust-lambda-v0.1.0	-	D	P	196
g1_UFLbHJH_ajqfRrJevmaOrt7EEBSA0XtLTuIzPj44fp0	s1_6PxtazPxkizz7K9QTWPSCIopEV5n0zpHoq3F52yO_6U	1umwtp	python-cnn-puct-v0.1.0	sha256:7845e9b7687beee165dc36b8d21833b7a8b5a83e31b58b49bd05c277ba26e642	python-cnn-puct-v0.1.0	sha256:7845e9b7687beee165dc36b8d21833b7a8b5a83e31b58b49bd05c277ba26e642	D	P	196
g1_UFLbHJH_ajqfRrJevmaOrt7EEBSA0XtLTuIzPj44fp0	s1_baRgKA_wMXdl0r4AwdkUfhWC04qxd1MvEGXAQaDd4fo	1umwtp	python-cnn-puct-v0.1.0	sha256:7845e9b7687beee165dc36b8d21833b7a8b5a83e31b58b49bd05c277ba26e642	python-cnn-puct-v0.1.0	sha256:7845e9b7687beee165dc36b8d21833b7a8b5a83e31b58b49bd05c277ba26e642	D	P	196
g1_UFPaijEq0idUDDNozj4gEov86fi9E3JVi-NHckdYnak	s1_qtlitMa-GGx-0y2heoyNRonYXf1Dq5epTexnVe9Iqtw	1umxgO	python-gnn-puct-learner-v0.1.0	sha256:ab0f739cd33d66781faf60e27797c5ccba3c04ba684f8d9e32e9c2754f4e8956	python-gnn-puct-learner-v0.1.0	sha256:ab0f739cd33d66781faf60e27797c5ccba3c04ba684f8d9e32e9c2754f4e8956	D	P	196
g1_UFRs1Ec_Yf-2T1aRIbbDfC9C5tSOB7OdUiV5awBbH4w	s1_3Jr9CY5WjNj_TAlsN5Cq2ec0HlYNzbOp7hiaPgL4yGk	1unM-p	qadv-arbiter-7x7-rust-lambda-v0.1.0	-	qadv-arbiter-7x7-rust-lambda-v0.1.0	-	L	P	196
g1_UFRs1Ec_Yf-2T1aRIbbDfC9C5tSOB7OdUiV5awBbH4w	s1_3m5jBN19bSdLD8t_Yltlzj4PHzE5l4wsftt9XPlJo54	1unM-p	qadv-arbiter-7x7-rust-lambda-v0.1.0	-	qadv-arbiter-7x7-rust-lambda-v0.1.0	-	L	P	196
g1_UFRs1Ec_Yf-2T1aRIbbDfC9C5tSOB7OdUiV5awBbH4w	s1_RauLaTi4eVgYHSp2TV9pqs9uzTVv0B10g9TaHMWpcZ4	1unM-p	qadv-arbiter-7x7-rust-lambda-v0.1.0	-	qadv-arbiter-7x7-rust-lambda-v0.1.0	-	L	P	-
g1_UFRs1Ec_Yf-2T1aRIbbDfC9C5tSOB7OdUiV5awBbH4w	s1_i2EE2IgHgLhKc8RP0h5ceiqzjNyvj34RgOJ8dWdtSKk	1unM-p	qadv-arbiter-7x7-rust-lambda-v0.1.0	-	qadv-arbiter-7x7-rust-lambda-v0.1.0	-	L	P	196
g1_UF_JUg3o5Mz0QjOzQBoBIH-A4i-cxxH0_4-tVJ0pJfQ	s1_1ug3tIwREGdCebE3Iha16WrYUUbgwqsXJVPFCagbvZM	1unNu-	qadv-arbiter-7x7-rust-lambda-v0.1.0	-	qadv-arbiter-7x7-rust-lambda-v0.1.0	-	D	P	196
g1_UF_JUg3o5Mz0QjOzQBoBIH-A4i-cxxH0_4-tVJ0pJfQ	s1_O41W5II-9DQWGzIDp-XInIf--nAYTx6-iX-F8Z_ATZU	1unNu-	qadv-arbiter-7x7-rust-lambda-v0.1.0	-	qadv-arbiter-7x7-rust-lambda-v0.1.0	-	D	P	196
g1_UF_JUg3o5Mz0QjOzQBoBIH-A4i-cxxH0_4-tVJ0pJfQ	s1_RBxxC0w26BOvZtfqsGArqGlDsU_2B-qoTkqh1GDsQKA	1unNu-	qadv-arbiter-7x7-rust-lambda-v0.1.0	-	qadv-arbiter-7x7-rust-lambda-v0.1.0	-	D	P	196
g1_UF_JUg3o5Mz0QjOzQBoBIH-A4i-cxxH0_4-tVJ0pJfQ	s1_RauLaTi4eVgYHSp2TV9pqs9uzTVv0B10g9TaHMWpcZ4	1unNu-	qadv-arbiter-7x7-rust-lambda-v0.1.0	-	qadv-arbiter-7x7-rust-lambda-v0.1.0	-	D	P	-
g1_UFf-GF2I9kLZglamkohWgd9U6REpIifY5fAnbaBLd1A	s1_0XTAFULDkpgUlrwunjuSjT6AkQw16QwvjAEbqE48-r4	1EXuG	gnn-warmstart-7x7	-	surveyor-v0.2.0	-	D	P	-
g1_UFf-GF2I9kLZglamkohWgd9U6REpIifY5fAnbaBLd1A	s1_1av6nXQkq-GSHXfjkVlGHGpAq8F9UbW4JwZmyFA-vww	1uo3VF	gnn-warmstart-7x7	-	surveyor-v0.2.0	-	D	P	-
g1_UFf-GF2I9kLZglamkohWgd9U6REpIifY5fAnbaBLd1A	s1_6WmtzoQYSq7IT8xrYws4Y2jwJqSirQHhQKoYihDulg8	1uo3VF	gnn-warmstart-7x7	-	surveyor-v0.2.0	-	D	P	-
g1_UFf-GF2I9kLZglamkohWgd9U6REpIifY5fAnbaBLd1A	s1_O5y8y_DVMGhXbwyVRB4zkS09VexF-D1a8tuZci7qur4	1uo3VF	gnn-warmstart-7x7	-	surveyor-v0.2.0	-	D	P	-
g1_UFf-GF2I9kLZglamkohWgd9U6REpIifY5fAnbaBLd1A	s1_mWPTef6xYbijjPhDIC6QgLRmu2mMSJAokNlIkx3vg54	1uo3VF	gnn-warmstart-7x7	-	surveyor-v0.2.0	-	D	P	-
g1_UFf-GF2I9kLZglamkohWgd9U6REpIifY5fAnbaBLd1A	s1_nNHl7o9VD27km-G9HxP8DUYKhL6WSV63_uA_CVEmPFA	1EXuG	gnn-warmstart-7x7	-	surveyor-v0.2.0	-	D	P	-
g1_UFljynhaAe2JftG3gk5z-4l_TsSBFO8xHrhHDV0lvxU	s1_0r1Zr16sTkqQzes2oMzWtcJOcG6lU_meEPZVM2vi5h0	1unOKI	qadv-arbiter-7x7-rust-lambda-v0.1.0	-	qadv-arbiter-7x7-rust-lambda-v0.1.0	-	D	P	196
g1_UFljynhaAe2JftG3gk5z-4l_TsSBFO8xHrhHDV0lvxU	s1_6z-xG9rCVSH0IzFLtTUA8y4FoH9u2Ba36FfLfOfcd1U	1unOKI	qadv-arbiter-7x7-rust-lambda-v0.1.0	-	qadv-arbiter-7x7-rust-lambda-v0.1.0	-	D	P	196
g1_UFljynhaAe2JftG3gk5z-4l_TsSBFO8xHrhHDV0lvxU	s1_LwX5D3Ps1MmahDXEzHSkvoqVCGcY1xB8jL3vC0asazE	1unOKI	qadv-arbiter-7x7-rust-lambda-v0.1.0	-	qadv-arbiter-7x7-rust-lambda-v0.1.0	-	D	P	196
g1_UFljynhaAe2JftG3gk5z-4l_TsSBFO8xHrhHDV0lvxU	s1_RauLaTi4eVgYHSp2TV9pqs9uzTVv0B10g9TaHMWpcZ4	1unOKI	qadv-arbiter-7x7-rust-lambda-v0.1.0	-	qadv-arbiter-7x7-rust-lambda-v0.1.0	-	D	P	-
g1_UFrS52e4CAMUe04r7RWXZS1zXJ4gOYlEBdOYR5RJ-a8	s1_qtlitMa-GGx-0y2heoyNRonYXf1Dq5epTexnVe9Iqtw	1umxXF	python-gnn-puct-learner-v0.1.0	sha256:ab0f739cd33d66781faf60e27797c5ccba3c04ba684f8d9e32e9c2754f4e8956	python-gnn-puct-learner-v0.1.0	sha256:ab0f739cd33d66781faf60e27797c5ccba3c04ba684f8d9e32e9c2754f4e8956	D	P	196
g1_UFs910AJCtcCviQM_RzI4l57Irq5H3dojn-ABc3lcfw	s1_9eyev5xth3TeTwtF1j47YZKojwGWmzSg39V0Il2fmtY	1unPg5	qadv-arbiter-7x7-rust-lambda-v0.1.0	-	qadv-arbiter-7x7-rust-lambda-v0.1.0	-	D	P	196
g1_UFs910AJCtcCviQM_RzI4l57Irq5H3dojn-ABc3lcfw	s1_AuLUpH5l1wc1s5whQ7H4xn3FdBXJ4AtdsS60i4PQ9lE	1unPg5	qadv-arbiter-7x7-rust-lambda-v0.1.0	-	qadv-arbiter-7x7-rust-lambda-v0.1.0	-	D	P	196
g1_UFs910AJCtcCviQM_RzI4l57Irq5H3dojn-ABc3lcfw	s1_PQc7Rkron-SkZndL5bpHK0N5U2PFI5cLq2fjZSv7OvM	1unPg5	qadv-arbiter-7x7-rust-lambda-v0.1.0	-	qadv-arbiter-7x7-rust-lambda-v0.1.0	-	D	P	196
g1_UFs910AJCtcCviQM_RzI4l57Irq5H3dojn-ABc3lcfw	s1_RauLaTi4eVgYHSp2TV9pqs9uzTVv0B10g9TaHMWpcZ4	1unPg5	qadv-arbiter-7x7-rust-lambda-v0.1.0	-	qadv-arbiter-7x7-rust-lambda-v0.1.0	-	D	P	-
g1_UG0lU4cbp7LXh1l7PYID4k8iL1PYqf9lRj28ynAgYb4	s1_2FtaP75xgRVTNrUvmC0NIesJCNy8IDFJ05WNM4nUnpg	1unQ-0	qadv-arbiter-7x7-v0.1.0	-	surveyor-v0.2.0	-	D	P	196
g1_UG0lU4cbp7LXh1l7PYID4k8iL1PYqf9lRj28ynAgYb4	s1_DkFsEmXYe1KphoYdOPL3a4OI8KZcctVu6BwZkFlUv7Y	1unQ-0	qadv-arbiter-7x7-v0.1.0	-	surveyor-v0.2.0	-	D	P	196
g1_UG0lU4cbp7LXh1l7PYID4k8iL1PYqf9lRj28ynAgYb4	s1_QQX2JKHDCyCkblDSBJsWwSpGqJ5ROExcckb65LLcI98	1unQ-0	qadv-arbiter-7x7-v0.1.0	-	surveyor-v0.2.0	-	D	P	196
g1_UG0lU4cbp7LXh1l7PYID4k8iL1PYqf9lRj28ynAgYb4	s1_RauLaTi4eVgYHSp2TV9pqs9uzTVv0B10g9TaHMWpcZ4	1unQ-0	qadv-arbiter-7x7-v0.1.0	-	surveyor-v0.2.0	-	D	P	-
g1_UG4OhT4NP79fvhh9m8JBAhoHkpN0X5WlLZmYGdUuHpY	s1_3li27amBaBTxVpbSUAwCbizIjeCy8LQ0PAkCUCGSex4	1unOZp	qadv-arbiter-7x7-rust-lambda-v0.1.0	-	qadv-arbiter-7x7-rust-lambda-v0.1.0	-	D	P	196
g1_UG4OhT4NP79fvhh9m8JBAhoHkpN0X5WlLZmYGdUuHpY	s1_EwIT1U_hsu52KPYdYx8lF-SrZW8JXGuIxukgV0PBycY	1unOZp	qadv-arbiter-7x7-rust-lambda-v0.1.0	-	qadv-arbiter-7x7-rust-lambda-v0.1.0	-	D	P	196
g1_UG4OhT4NP79fvhh9m8JBAhoHkpN0X5WlLZmYGdUuHpY	s1_RauLaTi4eVgYHSp2TV9pqs9uzTVv0B10g9TaHMWpcZ4	1unOZp	qadv-arbiter-7x7-rust-lambda-v0.1.0	-	qadv-arbiter-7x7-rust-lambda-v0.1.0	-	D	P	-
g1_UG4OhT4NP79fvhh9m8JBAhoHkpN0X5WlLZmYGdUuHpY	s1_SZQ5eXtB79J1-ByyjDncV2nIL9DTnU6qDcYmlHGpvuo	1unOZp	qadv-arbiter-7x7-rust-lambda-v0.1.0	-	qadv-arbiter-7x7-rust-lambda-v0.1.0	-	D	P	196
g1_UG4qo1jBwwEQGGRXMFsvG1aGH5WkDrRFivuCeUEuYUE	s1_Qmoz3nLvbLcY_1rcqMtpMJDvTQydhL5cxUNWV6EhpMY	1umwwQ	qadv-arbiter-7x7-v0.1.0	sha256:8c548d06307572603b839755cc1e50393285365e10f82bcd90290ca65cd86266	qadv-arbiter-7x7-v0.1.0	sha256:8c548d06307572603b839755cc1e50393285365e10f82bcd90290ca65cd86266	D	P	196
g1_UGEw6t5A3BxxdVmEB53QNIdqaJysFe84H5LjrGXAYGA	s1_Qmoz3nLvbLcY_1rcqMtpMJDvTQydhL5cxUNWV6EhpMY	1umwnt	qadv-arbiter-7x7-v0.1.0	sha256:8c548d06307572603b839755cc1e50393285365e10f82bcd90290ca65cd86266	qadv-arbiter-7x7-v0.1.0	sha256:8c548d06307572603b839755cc1e50393285365e10f82bcd90290ca65cd86266	L	P	196
g1_UGMdTiL_QdSbV0Nzx638cjUvCzqHjY0iCZgSyP3EFE4	s1_gGrazWqW01xDbHoX9qbjHjKt8oymi70RO-N5Pxs9bo0	1DK-i	python-gnn-puct-v0.1.0	-	python-gnn-puct-v0.1.0	-	L	P	-
g1_UGRTgC0iQlq145f4nKKILmYKbpRwEX5js5gR4XteaXU	s1_1av6nXQkq-GSHXfjkVlGHGpAq8F9UbW4JwZmyFA-vww	1DIe-	rust-pathfinder-v0.1.0	-	lunatic-v0.1.0	-	L	P	-
g1_UGRTgC0iQlq145f4nKKILmYKbpRwEX5js5gR4XteaXU	s1_9Eroywf7tuDrn-hcfZPjlEa1DSRUykCRn9Z11u8ySIo	1DIe-	rust-pathfinder-v0.1.0	-	lunatic-v0.1.0	-	L	P	-
g1_UGRTgC0iQlq145f4nKKILmYKbpRwEX5js5gR4XteaXU	s1_Brk0hkuJoH-MBjdd53AO5tlWcOgDWV_R0PO74fHGd_0	1DIe-	rust-pathfinder-v0.1.0	-	lunatic-v0.1.0	-	L	P	-
g1_UGRTgC0iQlq145f4nKKILmYKbpRwEX5js5gR4XteaXU	s1_KmF8KhDbubz6lwdS8R_n_yTGdSONmH9B1wUABbyCj94	1DIe-	rust-pathfinder-v0.1.0	-	lunatic-v0.1.0	-	L	P	-
g1_UGRTgC0iQlq145f4nKKILmYKbpRwEX5js5gR4XteaXU	s1_MKrI0a3Qd48rU7oZj28GrlQ3cHhIbUzS5ibiIW9aKy4	1DIe-	rust-pathfinder-v0.1.0	-	lunatic-v0.1.0	-	L	P	-
g1_UGRTgC0iQlq145f4nKKILmYKbpRwEX5js5gR4XteaXU	s1_XloMUS0hxYEXf762lcPfaudsLmsH-CsOVZNVVU_obcA	1DIe-	rust-pathfinder-v0.1.0	-	lunatic-v0.1.0	-	L	P	-
g1_UGRTgC0iQlq145f4nKKILmYKbpRwEX5js5gR4XteaXU	s1_g5pGkHBMEhzAYvwFY0b24sSc7wC9JfnWApMHHZ_aMPI	1DIe-	rust-pathfinder-v0.1.0	-	lunatic-v0.1.0	-	L	P	-
g1_UGSdlONtS2ZsLK9NUBDOCSbeJHSLmfqealrxFBht6dE	s1_2FtaP75xgRVTNrUvmC0NIesJCNy8IDFJ05WNM4nUnpg	1unR9M	qadv-arbiter-7x7-v0.1.0	-	coin-flip-v0.0.1	-	L	P	196
g1_UGSdlONtS2ZsLK9NUBDOCSbeJHSLmfqealrxFBht6dE	s1_QFdXHDaqFYuTWWMkt_rmeY0HEpW8_3qxmNB7Pd_L3Lw	1unR9M	qadv-arbiter-7x7-v0.1.0	-	coin-flip-v0.0.1	-	L	P	196
g1_UGSdlONtS2ZsLK9NUBDOCSbeJHSLmfqealrxFBht6dE	s1_QQ7rDnvFyFFdfN7TP8uwVKP_yGP3euKc7Oa1dTBY30E	1unR9M	qadv-arbiter-7x7-v0.1.0	-	coin-flip-v0.0.1	-	L	P	196
g1_UGSdlONtS2ZsLK9NUBDOCSbeJHSLmfqealrxFBht6dE	s1_RauLaTi4eVgYHSp2TV9pqs9uzTVv0B10g9TaHMWpcZ4	1unR9M	qadv-arbiter-7x7-v0.1.0	-	coin-flip-v0.0.1	-	L	P	-
g1_UGSdlONtS2ZsLK9NUBDOCSbeJHSLmfqealrxFBht6dE	s1_vZJxLOb7Jq_S517NUNBTw_bXq7JcIRMvSQMzvmn224A	1unR9M	qadv-arbiter-7x7-v0.1.0	-	coin-flip-v0.0.1	-	L	P	196
g1_UGZNDryCYOWlyq24wuxXaPUaN6frT5f5CHsv01JpAjk	s1_-OKlJXuPFfAnukwGYITjiU7XKL4OC_qt76PC0TZSPjg	1umvbN	python-cnn-puct-v0.1.0	sha256:7845e9b7687beee165dc36b8d21833b7a8b5a83e31b58b49bd05c277ba26e642	python-cnn-puct-v0.1.0	sha256:7845e9b7687beee165dc36b8d21833b7a8b5a83e31b58b49bd05c277ba26e642	-	M	196
g1_UGZNDryCYOWlyq24wuxXaPUaN6frT5f5CHsv01JpAjk	s1_1av6nXQkq-GSHXfjkVlGHGpAq8F9UbW4JwZmyFA-vww	1umvbN	python-cnn-puct-v0.1.0	sha256:7845e9b7687beee165dc36b8d21833b7a8b5a83e31b58b49bd05c277ba26e642	python-cnn-puct-v0.1.0	sha256:7845e9b7687beee165dc36b8d21833b7a8b5a83e31b58b49bd05c277ba26e642	-	M	196
g1_UGZNDryCYOWlyq24wuxXaPUaN6frT5f5CHsv01JpAjk	s1_Brk0hkuJoH-MBjdd53AO5tlWcOgDWV_R0PO74fHGd_0	1umvbN	python-cnn-puct-v0.1.0	sha256:7845e9b7687beee165dc36b8d21833b7a8b5a83e31b58b49bd05c277ba26e642	python-cnn-puct-v0.1.0	sha256:7845e9b7687beee165dc36b8d21833b7a8b5a83e31b58b49bd05c277ba26e642	-	M	196
g1_UG_lKEEv6Vllv5v6DKAwLcwWWZDTJPklbeiYKuTCCNo	s1_1av6nXQkq-GSHXfjkVlGHGpAq8F9UbW4JwZmyFA-vww	1umv7t	coin-flip-v0.0.1	-	lunatic-v0.1.0	-	D	P	196
g1_UG_lKEEv6Vllv5v6DKAwLcwWWZDTJPklbeiYKuTCCNo	s1_Brk0hkuJoH-MBjdd53AO5tlWcOgDWV_R0PO74fHGd_0	1umv7t	coin-flip-v0.0.1	-	lunatic-v0.1.0	-	D	P	196
g1_UG_lKEEv6Vllv5v6DKAwLcwWWZDTJPklbeiYKuTCCNo	s1_QzXKB60HvV5g6-cJIu-NdpeFb1rCgFAJD1cxfdkoMm0	1umv7t	coin-flip-v0.0.1	-	lunatic-v0.1.0	-	D	P	196
g1_UGbMHhMig7Ye_21Nx--UbLc1JffXHRRc7G83jx74yYk	s1_53ynhtOdp8pPFEkWwaESpQn8QLGL0Ei5K6zyF_1se84	1un3Rw	qadv-arbiter-guided-7x7-v0.2.0	sha256:9c0e5e530df7db77a98f6a2e75fe63a6f629c6ad6563e0b5454793ebc243b14d	pathfinder-v0.3.0	-	D	P	196
g1_UGbMHhMig7Ye_21Nx--UbLc1JffXHRRc7G83jx74yYk	s1_O3cuwuia8XT9TI7Nxr3tRcajOA20XFHEIT2fYX3WizY	1un3Rw	qadv-arbiter-guided-7x7-v0.2.0	sha256:9c0e5e530df7db77a98f6a2e75fe63a6f629c6ad6563e0b5454793ebc243b14d	pathfinder-v0.3.0	-	D	P	196
g1_UGbMHhMig7Ye_21Nx--UbLc1JffXHRRc7G83jx74yYk	s1_aJaBFBuMBwwpN1Gv1SnVjFHeeGVMQP6RgKv74D8zpro	1un3Rw	qadv-arbiter-guided-7x7-v0.2.0	sha256:9c0e5e530df7db77a98f6a2e75fe63a6f629c6ad6563e0b5454793ebc243b14d	pathfinder-v0.3.0	-	D	P	196
g1_UGbMHhMig7Ye_21Nx--UbLc1JffXHRRc7G83jx74yYk	s1_ldokYogaib_-TUekO3GjWcI6RhPJNqdc9KA9RUsM7Es	1un3Rw	qadv-arbiter-guided-7x7-v0.2.0	sha256:9c0e5e530df7db77a98f6a2e75fe63a6f629c6ad6563e0b5454793ebc243b14d	pathfinder-v0.3.0	-	D	P	196
g1_UGfh3TA82lmTTzAuA7VLqJ1YzqXaTLkRNnQ-M3ICZx4	s1_7hcVKSwsASXGWnGmthzygk9dpwuLh7QouwGv46gCEx8	1unMeJ	qadv-arbiter-7x7-rust-lambda-v0.1.0	-	qadv-arbiter-7x7-rust-lambda-v0.1.0	-	D	P	196
g1_UGfh3TA82lmTTzAuA7VLqJ1YzqXaTLkRNnQ-M3ICZx4	s1_RauLaTi4eVgYHSp2TV9pqs9uzTVv0B10g9TaHMWpcZ4	1unMeJ	qadv-arbiter-7x7-rust-lambda-v0.1.0	-	qadv-arbiter-7x7-rust-lambda-v0.1.0	-	D	P	-
g1_UGfh3TA82lmTTzAuA7VLqJ1YzqXaTLkRNnQ-M3ICZx4	s1_afifcVqG9rhJ6qiKVaWopDD8ZmziRlSDsm_EdH5Ahgw	1unMeJ	qadv-arbiter-7x7-rust-lambda-v0.1.0	-	qadv-arbiter-7x7-rust-lambda-v0.1.0	-	D	P	196
g1_UGfh3TA82lmTTzAuA7VLqJ1YzqXaTLkRNnQ-M3ICZx4	s1_lf9qIiMIt6nySOcB5ys8PWOcGlQijSYzs4tM1TpE6gA	1unMeJ	qadv-arbiter-7x7-rust-lambda-v0.1.0	-	qadv-arbiter-7x7-rust-lambda-v0.1.0	-	D	P	196
g1_UGgbGIbS01igM11jggkAWSRSXH41Bj9tzhwGCk0oAkA	s1_MqGi2otE0-SJVlck1rIdpWcmA-wbRV9gvvqgfFWY9Mk	1unMR1	qadv-arbiter-7x7-rust-lambda-v0.1.0	-	qadv-arbiter-7x7-rust-lambda-v0.1.0	-	D	P	196
g1_UGgbGIbS01igM11jggkAWSRSXH41Bj9tzhwGCk0oAkA	s1_RauLaTi4eVgYHSp2TV9pqs9uzTVv0B10g9TaHMWpcZ4	1unMR1	qadv-arbiter-7x7-rust-lambda-v0.1.0	-	qadv-arbiter-7x7-rust-lambda-v0.1.0	-	D	P	-
g1_UGgbGIbS01igM11jggkAWSRSXH41Bj9tzhwGCk0oAkA	s1_tu3BMkhX3fH-papm4rbUGWAeDBv7q2agbxAxQsC2eJM	1unMR1	qadv-arbiter-7x7-rust-lambda-v0.1.0	-	qadv-arbiter-7x7-rust-lambda-v0.1.0	-	D	P	196
g1_UGgbGIbS01igM11jggkAWSRSXH41Bj9tzhwGCk0oAkA	s1_xx246WVwrOzHacHc9zP-lLT6jl0zlo6_8TGazK6a93U	1unMR1	qadv-arbiter-7x7-rust-lambda-v0.1.0	-	qadv-arbiter-7x7-rust-lambda-v0.1.0	-	D	P	196
g1_UGi1WZSoGNWl1qCIpG54ZowhC10hOAcDJDU5a5SZoL4	s1_DSbJ66axCL4-054vwqgilMx84Lz8hk2BXaMuibBMyTc	1unORT	qadv-arbiter-7x7-rust-lambda-v0.1.0	-	qadv-arbiter-7x7-rust-lambda-v0.1.0	-	D	P	196
g1_UGi1WZSoGNWl1qCIpG54ZowhC10hOAcDJDU5a5SZoL4	s1_Oyzh-kXUp3vI79FO523nRQsnCc452qeQmL-tofnDXS8	1unORT	qadv-arbiter-7x7-rust-lambda-v0.1.0	-	qadv-arbiter-7x7-rust-lambda-v0.1.0	-	D	P	196
g1_UGi1WZSoGNWl1qCIpG54ZowhC10hOAcDJDU5a5SZoL4	s1_RauLaTi4eVgYHSp2TV9pqs9uzTVv0B10g9TaHMWpcZ4	1unORT	qadv-arbiter-7x7-rust-lambda-v0.1.0	-	qadv-arbiter-7x7-rust-lambda-v0.1.0	-	D	P	-
g1_UGi1WZSoGNWl1qCIpG54ZowhC10hOAcDJDU5a5SZoL4	s1_XYGhnCymOGqZ7ncznQ1wTNW0DGsKikJhq9C-tvxJglk	1unORT	qadv-arbiter-7x7-rust-lambda-v0.1.0	-	qadv-arbiter-7x7-rust-lambda-v0.1.0	-	D	P	196
g1_UGir8kngFcwhV8TQ6a6SRraMI8VVn98tIeKacBI0UTs	s1_0rGJ4d3hv-O_eMhi9nJ5jqfT9QQsDpBl325116A2Dsc	1unO6f	qadv-arbiter-7x7-rust-lambda-v0.1.0	-	qadv-arbiter-7x7-rust-lambda-v0.1.0	-	D	P	196
g1_UGir8kngFcwhV8TQ6a6SRraMI8VVn98tIeKacBI0UTs	s1_RauLaTi4eVgYHSp2TV9pqs9uzTVv0B10g9TaHMWpcZ4	1unO6f	qadv-arbiter-7x7-rust-lambda-v0.1.0	-	qadv-arbiter-7x7-rust-lambda-v0.1.0	-	D	P	-
g1_UGir8kngFcwhV8TQ6a6SRraMI8VVn98tIeKacBI0UTs	s1_S7cVlw6f8S7QV4iO-uOb3ijHKC_F6btXcj8CfDYm9KQ	1unO6f	qadv-arbiter-7x7-rust-lambda-v0.1.0	-	qadv-arbiter-7x7-rust-lambda-v0.1.0	-	D	P	196
g1_UGir8kngFcwhV8TQ6a6SRraMI8VVn98tIeKacBI0UTs	s1_r1qrb90PE5gv0CmCGYAXJNxjj-VDwyjU4b0PZBh6sUA	1unO6f	qadv-arbiter-7x7-rust-lambda-v0.1.0	-	qadv-arbiter-7x7-rust-lambda-v0.1.0	-	D	P	196
g1_UGjGTi4kcaFGCMiK5iYNJ7EwIy10J_jjOg3Kk9g4ZzI	s1_flXyOBW6T9LLVDFIvXBGel1MoVNZcUcMFIJnB9yLapU	1umx0K	python-gnn-puct-reval30k-v0.1.0	sha256:6120be86fc469df71473c3de64e5e32f99694cd47d621fa5948f243dc51d3d21	python-gnn-puct-reval30k-v0.1.0	sha256:6120be86fc469df71473c3de64e5e32f99694cd47d621fa5948f243dc51d3d21	D	P	196
g1_UGn1T804Fe3NYrwF_3IrgfYPpP0ioKvGrmRUDVjIgno	s1_Q42T_pIwIsMRZTe5sdOOC5bc6NM3GLuuvQ9zf3lYX1Q	1unNvU	qadv-arbiter-7x7-rust-lambda-v0.1.0	-	qadv-arbiter-7x7-rust-lambda-v0.1.0	-	L	P	196
g1_UGn1T804Fe3NYrwF_3IrgfYPpP0ioKvGrmRUDVjIgno	s1_RauLaTi4eVgYHSp2TV9pqs9uzTVv0B10g9TaHMWpcZ4	1unNvU	qadv-arbiter-7x7-rust-lambda-v0.1.0	-	qadv-arbiter-7x7-rust-lambda-v0.1.0	-	L	P	-
g1_UGn1T804Fe3NYrwF_3IrgfYPpP0ioKvGrmRUDVjIgno	s1_jra09IIzdtLAPExYrHG4DVa4NKnUw89mHJ4hIzBiTIg	1unNvU	qadv-arbiter-7x7-rust-lambda-v0.1.0	-	qadv-arbiter-7x7-rust-lambda-v0.1.0	-	L	P	196
g1_UGn1T804Fe3NYrwF_3IrgfYPpP0ioKvGrmRUDVjIgno	s1_rHf0u1vhxwgN_Xrbso6HvHShr2YtSWWK5wThBXCX6ew	1unNvU	qadv-arbiter-7x7-rust-lambda-v0.1.0	-	qadv-arbiter-7x7-rust-lambda-v0.1.0	-	L	P	196
g1_UH4KFmSdLC_6DkYfY3Q_C7b81jaU33pxvDiItBhZczk	s1_0XTAFULDkpgUlrwunjuSjT6AkQw16QwvjAEbqE48-r4	1DOuO	gnn-generation-8-7x7	-	coin-flip-v0.0.1	-	-	M	-
g1_UH4KFmSdLC_6DkYfY3Q_C7b81jaU33pxvDiItBhZczk	s1_1av6nXQkq-GSHXfjkVlGHGpAq8F9UbW4JwZmyFA-vww	1DOuO	gnn-generation-8-7x7	-	coin-flip-v0.0.1	-	-	M	-
g1_UH4KFmSdLC_6DkYfY3Q_C7b81jaU33pxvDiItBhZczk	s1_Brk0hkuJoH-MBjdd53AO5tlWcOgDWV_R0PO74fHGd_0	1DOuO	gnn-generation-8-7x7	-	coin-flip-v0.0.1	-	-	M	-
g1_UH4KFmSdLC_6DkYfY3Q_C7b81jaU33pxvDiItBhZczk	s1_nNHl7o9VD27km-G9HxP8DUYKhL6WSV63_uA_CVEmPFA	1DOuO	gnn-generation-8-7x7	-	coin-flip-v0.0.1	-	-	M	-
g1_UH60TkcNl4RLUULXGMwAjGqfj4CnWx-4opUH5Q8hCc0	s1_Lzrqb8Z6c8Q6yMOHbjIZqeTVQn10l--v0pIZu-VCC9s	1unOvW	qadv-arbiter-7x7-rust-lambda-v0.1.0	-	qadv-arbiter-7x7-rust-lambda-v0.1.0	-	D	P	196
g1_UH60TkcNl4RLUULXGMwAjGqfj4CnWx-4opUH5Q8hCc0	s1_RauLaTi4eVgYHSp2TV9pqs9uzTVv0B10g9TaHMWpcZ4	1unOvW	qadv-arbiter-7x7-rust-lambda-v0.1.0	-	qadv-arbiter-7x7-rust-lambda-v0.1.0	-	D	P	-
g1_UH60TkcNl4RLUULXGMwAjGqfj4CnWx-4opUH5Q8hCc0	s1_XezPqOdCEniXoR2bp-GoPfGy884YxjFrYsM_iyd4BOU	1unOvW	qadv-arbiter-7x7-rust-lambda-v0.1.0	-	qadv-arbiter-7x7-rust-lambda-v0.1.0	-	D	P	196
g1_UH60TkcNl4RLUULXGMwAjGqfj4CnWx-4opUH5Q8hCc0	s1_u5zwnXOnF1PLpu6cj7G-E3LD3BnwpoGP171VD3TVN0s	1unOvW	qadv-arbiter-7x7-rust-lambda-v0.1.0	-	qadv-arbiter-7x7-rust-lambda-v0.1.0	-	D	P	196
g1_UH66561AxpzmF6o_gf6zp-F8HW9ItlcB-Xo7J2ZL-J0	s1_WVg7aYYLIrw6_-2mI3jQ-DPcLO4gX2sPEEqWQb0DGQA	1umxMa	python-cnn-puct-reval30k-v0.1.0	sha256:eb2600a53e225a835455efdb2759c40e27c5cb3c16ab0688bc21b99290ed10ee	python-cnn-puct-reval30k-v0.1.0	sha256:eb2600a53e225a835455efdb2759c40e27c5cb3c16ab0688bc21b99290ed10ee	D	P	196
g1_UHFl2n91cOCMNqRq1uPHpKdHJJR-o6A2C6hzWYHv-lM	s1_RauLaTi4eVgYHSp2TV9pqs9uzTVv0B10g9TaHMWpcZ4	1unNY3	qadv-arbiter-7x7-rust-lambda-v0.1.0	-	qadv-arbiter-7x7-rust-lambda-v0.1.0	-	L	P	-
g1_UHFl2n91cOCMNqRq1uPHpKdHJJR-o6A2C6hzWYHv-lM	s1_dbcyk4xKgaYX9ClEIyL9r9e3cwfZ71yS-mYW7e3xUqw	1unNY3	qadv-arbiter-7x7-rust-lambda-v0.1.0	-	qadv-arbiter-7x7-rust-lambda-v0.1.0	-	L	P	196
g1_UHFl2n91cOCMNqRq1uPHpKdHJJR-o6A2C6hzWYHv-lM	s1_g0V1Hj6nMYT0anSvke2oQmHF2SnBAc8jbFru2PF_OnA	1unNY3	qadv-arbiter-7x7-rust-lambda-v0.1.0	-	qadv-arbiter-7x7-rust-lambda-v0.1.0	-	L	P	196
g1_UHFl2n91cOCMNqRq1uPHpKdHJJR-o6A2C6hzWYHv-lM	s1_sjukmMlWNDlkcuAvpofEDBUUnSPlHa5zaFRq4BpsgcE	1unNY3	qadv-arbiter-7x7-rust-lambda-v0.1.0	-	qadv-arbiter-7x7-rust-lambda-v0.1.0	-	L	P	196
g1_UHKUgODN1y0KCMWAOc-h_6pK4mjwUGlKMXBlTm5tVzQ	s1_qtlitMa-GGx-0y2heoyNRonYXf1Dq5epTexnVe9Iqtw	1umxWH	python-gnn-puct-learner-v0.1.0	sha256:ab0f739cd33d66781faf60e27797c5ccba3c04ba684f8d9e32e9c2754f4e8956	python-gnn-puct-learner-v0.1.0	sha256:ab0f739cd33d66781faf60e27797c5ccba3c04ba684f8d9e32e9c2754f4e8956	D	P	196
g1_UHgcTwF4zJUEUrXe15YebPf_NvV9Er9oaBZ08n4gSMU	s1_1av6nXQkq-GSHXfjkVlGHGpAq8F9UbW4JwZmyFA-vww	1umvOy	gnn-scout-hybrid-beam-7x7	sha256:7d34820fd656875b3ac4a0142e8f22179d11b133feb3321d0eb735b2a7abd027	surveyor-v0.2.0	-	D	P	140
g1_UHgcTwF4zJUEUrXe15YebPf_NvV9Er9oaBZ08n4gSMU	s1_29kA8k4MmzN7V0Pg8oxKlfmERHqrpKkFdnvMLD8E4eg	1umvOy	gnn-scout-hybrid-beam-7x7	sha256:7d34820fd656875b3ac4a0142e8f22179d11b133feb3321d0eb735b2a7abd027	surveyor-v0.2.0	-	D	P	140
g1_UHgcTwF4zJUEUrXe15YebPf_NvV9Er9oaBZ08n4gSMU	s1_PHW9kVw0NsLdMi1wg6F8yazy1aI9kEkH5dMcH_gafG8	1umvFa	gnn-scout-hybrid-beam-7x7	sha256:7d34820fd656875b3ac4a0142e8f22179d11b133feb3321d0eb735b2a7abd027	surveyor-v0.2.0	-	D	P	140
g1_UHgcTwF4zJUEUrXe15YebPf_NvV9Er9oaBZ08n4gSMU	s1_dcEgf_s_8JfAgzbYFm9Z15BWrFU6bsc6MzE1gZNvlP4	1umvFa	gnn-scout-hybrid-beam-7x7	sha256:7d34820fd656875b3ac4a0142e8f22179d11b133feb3321d0eb735b2a7abd027	surveyor-v0.2.0	-	D	P	140
g1_UHgcTwF4zJUEUrXe15YebPf_NvV9Er9oaBZ08n4gSMU	s1_dcEgf_s_8JfAgzbYFm9Z15BWrFU6bsc6MzE1gZNvlP4	1umvOy	gnn-scout-hybrid-beam-7x7	sha256:7d34820fd656875b3ac4a0142e8f22179d11b133feb3321d0eb735b2a7abd027	surveyor-v0.2.0	-	D	P	140
g1_UHgcTwF4zJUEUrXe15YebPf_NvV9Er9oaBZ08n4gSMU	s1_mWPTef6xYbijjPhDIC6QgLRmu2mMSJAokNlIkx3vg54	1umvOy	gnn-scout-hybrid-beam-7x7	sha256:7d34820fd656875b3ac4a0142e8f22179d11b133feb3321d0eb735b2a7abd027	surveyor-v0.2.0	-	D	P	140
g1_UHiFqeZ1zeKi4DIMq4S_irNxq2gFfIbRKiIf8PvHcqg	s1_8J-WJyyxZIMnoXNVpZatwGGS8P_QLx6mKq360afiflo	1unMnx	qadv-arbiter-7x7-rust-lambda-v0.1.0	-	qadv-arbiter-7x7-rust-lambda-v0.1.0	-	D	P	196
g1_UHiFqeZ1zeKi4DIMq4S_irNxq2gFfIbRKiIf8PvHcqg	s1_RauLaTi4eVgYHSp2TV9pqs9uzTVv0B10g9TaHMWpcZ4	1unMnx	qadv-arbiter-7x7-rust-lambda-v0.1.0	-	qadv-arbiter-7x7-rust-lambda-v0.1.0	-	D	P	-
g1_UHiFqeZ1zeKi4DIMq4S_irNxq2gFfIbRKiIf8PvHcqg	s1_YDwk1lpx4jiaP1YsXZMK0Nli2LRnZC1NrBrt01WLSL0	1unMnx	qadv-arbiter-7x7-rust-lambda-v0.1.0	-	qadv-arbiter-7x7-rust-lambda-v0.1.0	-	D	P	196
g1_UHiFqeZ1zeKi4DIMq4S_irNxq2gFfIbRKiIf8PvHcqg	s1_y64fM21bUsGMcdBBn2qppqJHXZvFi58cMJvVsPCunT8	1unMnx	qadv-arbiter-7x7-rust-lambda-v0.1.0	-	qadv-arbiter-7x7-rust-lambda-v0.1.0	-	D	P	196
g1_UHrK6wJjUMrAnNAnADhcv4OCRnKLmrJ5TuZFLx1CHsQ	s1_6P7uB0hiV1X9UOJMWbZOHKZtn3E700PuFexz5QifPFA	1unMsb	qadv-arbiter-7x7-rust-lambda-v0.1.0	-	qadv-arbiter-7x7-rust-lambda-v0.1.0	-	D	P	196
g1_UHrK6wJjUMrAnNAnADhcv4OCRnKLmrJ5TuZFLx1CHsQ	s1_7klMXuyA6nXu2E9uAlUTcY9Jzw1TPAqx1XyMOUpia8c	1unMsb	qadv-arbiter-7x7-rust-lambda-v0.1.0	-	qadv-arbiter-7x7-rust-lambda-v0.1.0	-	D	P	196
g1_UHrK6wJjUMrAnNAnADhcv4OCRnKLmrJ5TuZFLx1CHsQ	s1_N3Hkxi119IDIWUffadcElyOsifWOTlfyNNAF4LYLsz8	1unMsb	qadv-arbiter-7x7-rust-lambda-v0.1.0	-	qadv-arbiter-7x7-rust-lambda-v0.1.0	-	D	P	196
g1_UHrK6wJjUMrAnNAnADhcv4OCRnKLmrJ5TuZFLx1CHsQ	s1_RauLaTi4eVgYHSp2TV9pqs9uzTVv0B10g9TaHMWpcZ4	1unMsb	qadv-arbiter-7x7-rust-lambda-v0.1.0	-	qadv-arbiter-7x7-rust-lambda-v0.1.0	-	D	P	-
g1_UHrtBpAFir8GZmzvAs1eJhlKJ7pskMZ718w9MB1Q60s	s1_RauLaTi4eVgYHSp2TV9pqs9uzTVv0B10g9TaHMWpcZ4	1unN-y	qadv-arbiter-7x7-rust-lambda-v0.1.0	-	qadv-arbiter-7x7-rust-lambda-v0.1.0	-	D	P	-
g1_UHrtBpAFir8GZmzvAs1eJhlKJ7pskMZ718w9MB1Q60s	s1_aDYkfHubNPOMsaYJw3R2wLRBtrGDjAt3VyXp9wt_4Vg	1unN-y	qadv-arbiter-7x7-rust-lambda-v0.1.0	-	qadv-arbiter-7x7-rust-lambda-v0.1.0	-	D	P	196
g1_UHrtBpAFir8GZmzvAs1eJhlKJ7pskMZ718w9MB1Q60s	s1_hVY1ajczkiyl3JBGEYhajU5YHSbRD_hPHyhl4pHn-NY	1unN-y	qadv-arbiter-7x7-rust-lambda-v0.1.0	-	qadv-arbiter-7x7-rust-lambda-v0.1.0	-	D	P	196
g1_UHrtBpAFir8GZmzvAs1eJhlKJ7pskMZ718w9MB1Q60s	s1_yuzlj78perGIybI8dpmeEqmsZlC3dTHoe_L8A_-T6l8	1unN-y	qadv-arbiter-7x7-rust-lambda-v0.1.0	-	qadv-arbiter-7x7-rust-lambda-v0.1.0	-	D	P	196
g1_UHynVcbG9xap9L6VvOcXUo7l9Bc9OQT1ijO7oDI0DS8	s1__fmnSv6OnZklVvMPUjPdL6drtvfrJptRYX3nxZQO8jI	1umxw8	python-gnn-puct-scout-v0.1.0	sha256:b9f80706cc1f29076ee06fe06483697c749148a808c599579045d00a52573938	python-gnn-puct-scout-v0.1.0	sha256:b9f80706cc1f29076ee06fe06483697c749148a808c599579045d00a52573938	D	P	196
g1_UHzmgkeR10XGjhr3yv5rqfv9cFNVcDnXq4tS96Zl0gY	s1_7FIu85-v_e-kbNsQ2UNk3yRt-KGcLyUjpmVwIc9cnfM	1umwOy	python-gnn-puct-scout-v0.1.0	sha256:b9f80706cc1f29076ee06fe06483697c749148a808c599579045d00a52573938	python-gnn-puct-scout-v0.1.0	sha256:b9f80706cc1f29076ee06fe06483697c749148a808c599579045d00a52573938	L	P	196
g1_UHzmgkeR10XGjhr3yv5rqfv9cFNVcDnXq4tS96Zl0gY	s1_S8AGNBNcWBvWiwIo-AOAHPoHuZo2XvcsYvhgQxGTkrY	1umwOy	python-gnn-puct-scout-v0.1.0	sha256:b9f80706cc1f29076ee06fe06483697c749148a808c599579045d00a52573938	python-gnn-puct-scout-v0.1.0	sha256:b9f80706cc1f29076ee06fe06483697c749148a808c599579045d00a52573938	L	P	196
g1_UI0XH8yxkh4prIFUJCtMtis8LxI_QpN3Oc7uq0JHbk4	s1_1av6nXQkq-GSHXfjkVlGHGpAq8F9UbW4JwZmyFA-vww	1DIcZ	lunatic-v0.1.0	-	rust-pathfinder-v0.1.0	-	L	P	-
g1_UI0XH8yxkh4prIFUJCtMtis8LxI_QpN3Oc7uq0JHbk4	s1_9Eroywf7tuDrn-hcfZPjlEa1DSRUykCRn9Z11u8ySIo	1DIcZ	lunatic-v0.1.0	-	rust-pathfinder-v0.1.0	-	L	P	-
g1_UI0XH8yxkh4prIFUJCtMtis8LxI_QpN3Oc7uq0JHbk4	s1_9Eroywf7tuDrn-hcfZPjlEa1DSRUykCRn9Z11u8ySIo	1DIdD	lunatic-v0.1.0	-	rust-pathfinder-v0.1.0	-	L	P	-
g1_UI0XH8yxkh4prIFUJCtMtis8LxI_QpN3Oc7uq0JHbk4	s1_Brk0hkuJoH-MBjdd53AO5tlWcOgDWV_R0PO74fHGd_0	1DIcZ	lunatic-v0.1.0	-	rust-pathfinder-v0.1.0	-	L	P	-
g1_UI0XH8yxkh4prIFUJCtMtis8LxI_QpN3Oc7uq0JHbk4	s1_KmF8KhDbubz6lwdS8R_n_yTGdSONmH9B1wUABbyCj94	1DIcZ	lunatic-v0.1.0	-	rust-pathfinder-v0.1.0	-	L	P	-
g1_UI0XH8yxkh4prIFUJCtMtis8LxI_QpN3Oc7uq0JHbk4	s1_MKrI0a3Qd48rU7oZj28GrlQ3cHhIbUzS5ibiIW9aKy4	1DIcZ	lunatic-v0.1.0	-	rust-pathfinder-v0.1.0	-	L	P	-
g1_UI0XH8yxkh4prIFUJCtMtis8LxI_QpN3Oc7uq0JHbk4	s1_MKrI0a3Qd48rU7oZj28GrlQ3cHhIbUzS5ibiIW9aKy4	1DIdD	lunatic-v0.1.0	-	rust-pathfinder-v0.1.0	-	L	P	-
g1_UI0XH8yxkh4prIFUJCtMtis8LxI_QpN3Oc7uq0JHbk4	s1_XloMUS0hxYEXf762lcPfaudsLmsH-CsOVZNVVU_obcA	1DIcZ	lunatic-v0.1.0	-	rust-pathfinder-v0.1.0	-	L	P	-
g1_UI0XH8yxkh4prIFUJCtMtis8LxI_QpN3Oc7uq0JHbk4	s1_XloMUS0hxYEXf762lcPfaudsLmsH-CsOVZNVVU_obcA	1DIdD	lunatic-v0.1.0	-	rust-pathfinder-v0.1.0	-	L	P	-
g1_UI0XH8yxkh4prIFUJCtMtis8LxI_QpN3Oc7uq0JHbk4	s1_g5pGkHBMEhzAYvwFY0b24sSc7wC9JfnWApMHHZ_aMPI	1DIcZ	lunatic-v0.1.0	-	rust-pathfinder-v0.1.0	-	L	P	-
g1_UICo5-C0Y7ueogj5DsmC1wBF5B7cHal-eGuI4zfvxME	s1_2FtaP75xgRVTNrUvmC0NIesJCNy8IDFJ05WNM4nUnpg	1unQsA	qadv-arbiter-7x7-v0.1.0	-	pathfinder-v0.3.0	-	D	P	196
g1_UICo5-C0Y7ueogj5DsmC1wBF5B7cHal-eGuI4zfvxME	s1_E2iMxHIoNSYH9cxLe0EFbvdUdaONERFmcgRk08LXmSc	1unQsA	qadv-arbiter-7x7-v0.1.0	-	pathfinder-v0.3.0	-	D	P	196
g1_UICo5-C0Y7ueogj5DsmC1wBF5B7cHal-eGuI4zfvxME	s1_RauLaTi4eVgYHSp2TV9pqs9uzTVv0B10g9TaHMWpcZ4	1unQsA	qadv-arbiter-7x7-v0.1.0	-	pathfinder-v0.3.0	-	D	P	-
g1_UICo5-C0Y7ueogj5DsmC1wBF5B7cHal-eGuI4zfvxME	s1_fXS0pu6YxldZ_p4gfapMp2EHfw_jsMpDZJ0tjqI2PsE	1unQsA	qadv-arbiter-7x7-v0.1.0	-	pathfinder-v0.3.0	-	D	P	196
g1_UICo5-C0Y7ueogj5DsmC1wBF5B7cHal-eGuI4zfvxME	s1_klL9VeeNeF0YoUii7PPUz1c4gMp90t3tKQJYUrnmFAI	1unQsA	qadv-arbiter-7x7-v0.1.0	-	pathfinder-v0.3.0	-	D	P	196
g1_UIHkENpciVlHPdEL4Ax9lkPClchZ-f-Y2NcuQbkKziE	s1_qtlitMa-GGx-0y2heoyNRonYXf1Dq5epTexnVe9Iqtw	1umxkn	python-gnn-puct-learner-v0.1.0	sha256:ab0f739cd33d66781faf60e27797c5ccba3c04ba684f8d9e32e9c2754f4e8956	python-gnn-puct-learner-v0.1.0	sha256:ab0f739cd33d66781faf60e27797c5ccba3c04ba684f8d9e32e9c2754f4e8956	D	P	196
g1_UIYysI58i3DhUSbxgTQZx_z4UnKEMlhTAltt7YIp7MY	s1_1Y5XonoslfIzSbIYwAqn6P06PNnNDDViwds6nui5N3g	1unQ3P	qadv-arbiter-7x7-rust-lambda-v0.1.0	-	qadv-arbiter-7x7-rust-lambda-v0.1.0	-	D	P	196
g1_UIYysI58i3DhUSbxgTQZx_z4UnKEMlhTAltt7YIp7MY	s1_6dd9mAWbkJ5gjCZ2LgmkNR7Za_-mCm2j-VPRkD851rU	1unQ3P	qadv-arbiter-7x7-rust-lambda-v0.1.0	-	qadv-arbiter-7x7-rust-lambda-v0.1.0	-	D	P	196
g1_UIYysI58i3DhUSbxgTQZx_z4UnKEMlhTAltt7YIp7MY	s1_THE8LAd-biZbxsp5t3i8Q4vlT_Ingyn9otPE1qWT-wA	1unQ3P	qadv-arbiter-7x7-rust-lambda-v0.1.0	-	qadv-arbiter-7x7-rust-lambda-v0.1.0	-	D	P	196
g1_UIi_2MTmsuNMClUytpB3rHJPoyi_RBoPXNaasa_XVuw	s1_RauLaTi4eVgYHSp2TV9pqs9uzTVv0B10g9TaHMWpcZ4	1unNPG	qadv-arbiter-7x7-rust-lambda-v0.1.0	-	qadv-arbiter-7x7-rust-lambda-v0.1.0	-	L	P	-
g1_UIi_2MTmsuNMClUytpB3rHJPoyi_RBoPXNaasa_XVuw	s1_bIBvvwFHIwV3L3ZgQNuELX4fcm4y9-0p-0T9r7r9gxM	1unNPG	qadv-arbiter-7x7-rust-lambda-v0.1.0	-	qadv-arbiter-7x7-rust-lambda-v0.1.0	-	L	P	196
g1_UIi_2MTmsuNMClUytpB3rHJPoyi_RBoPXNaasa_XVuw	s1_o5Cx2K9a_51iNh3VG-mUOMcQyrBA9SB7PMKXZuLikLc	1unNPG	qadv-arbiter-7x7-rust-lambda-v0.1.0	-	qadv-arbiter-7x7-rust-lambda-v0.1.0	-	L	P	196
g1_UIi_2MTmsuNMClUytpB3rHJPoyi_RBoPXNaasa_XVuw	s1_r8D5JWNwXeRmPrGfHFVsxmDKwZNHivWL3GyQlda8K34	1unNPG	qadv-arbiter-7x7-rust-lambda-v0.1.0	-	qadv-arbiter-7x7-rust-lambda-v0.1.0	-	L	P	196
g1_UJ2uxM6Jgetea7np2KpI2DaoT9tgB9MLHe41s_fwo7g	s1_Qmoz3nLvbLcY_1rcqMtpMJDvTQydhL5cxUNWV6EhpMY	1umwwa	qadv-arbiter-7x7-v0.1.0	sha256:8c548d06307572603b839755cc1e50393285365e10f82bcd90290ca65cd86266	qadv-arbiter-7x7-v0.1.0	sha256:8c548d06307572603b839755cc1e50393285365e10f82bcd90290ca65cd86266	L	P	196
g1_UJBWvv79I-uPLOTpzrn0IOo6iemvox8YGp0aAlqMWnk	s1_C_6xDqhKKeigdvDp-1ltgVfSmHzUaBrSqURM4jS5qBA	1unL-b	qadv-arbiter-7x7-rust-lambda-v0.1.0	-	qadv-arbiter-7x7-rust-lambda-v0.1.0	-	D	P	196
g1_UJBWvv79I-uPLOTpzrn0IOo6iemvox8YGp0aAlqMWnk	s1_RauLaTi4eVgYHSp2TV9pqs9uzTVv0B10g9TaHMWpcZ4	1unL-b	qadv-arbiter-7x7-rust-lambda-v0.1.0	-	qadv-arbiter-7x7-rust-lambda-v0.1.0	-	D	P	-
g1_UJBWvv79I-uPLOTpzrn0IOo6iemvox8YGp0aAlqMWnk	s1_TrEtjbALicdPSNCwCcQ7uI1ZofXI7nIP4MfC5zvkYOo	1unL-b	qadv-arbiter-7x7-rust-lambda-v0.1.0	-	qadv-arbiter-7x7-rust-lambda-v0.1.0	-	D	P	196
g1_UJBWvv79I-uPLOTpzrn0IOo6iemvox8YGp0aAlqMWnk	s1_mTRVjzH2Kir1qXgdlON4tZw0Y_8Qr4M0t18X86jYcBQ	1unL-b	qadv-arbiter-7x7-rust-lambda-v0.1.0	-	qadv-arbiter-7x7-rust-lambda-v0.1.0	-	D	P	196
g1_UJCuwG6dqzP-dPsO54wKheA-FL2hI-uIb-rlhzYU42Q	s1_0AUOJjPQPZ1MRMfwzS00hiN-u8aJ0dAeHixic-sp0u8	1un6ci	qadv-arbiter-guided-7x7-v0.2.0	sha256:9c0e5e530df7db77a98f6a2e75fe63a6f629c6ad6563e0b5454793ebc243b14d	gnn-reval30k-7x7	sha256:7f41dbe135649d1116a0914bc0358a5ffae95749195ec20dd972035bbbea52f7	D	P	196
g1_UJCuwG6dqzP-dPsO54wKheA-FL2hI-uIb-rlhzYU42Q	s1_O3cuwuia8XT9TI7Nxr3tRcajOA20XFHEIT2fYX3WizY	1un6ci	qadv-arbiter-guided-7x7-v0.2.0	sha256:9c0e5e530df7db77a98f6a2e75fe63a6f629c6ad6563e0b5454793ebc243b14d	gnn-reval30k-7x7	sha256:7f41dbe135649d1116a0914bc0358a5ffae95749195ec20dd972035bbbea52f7	D	P	196
g1_UJCuwG6dqzP-dPsO54wKheA-FL2hI-uIb-rlhzYU42Q	s1_UHtME0K2nHdWZi6cty5g9OSxM3nyUTxwVk5nkZhTkjA	1un6ci	qadv-arbiter-guided-7x7-v0.2.0	sha256:9c0e5e530df7db77a98f6a2e75fe63a6f629c6ad6563e0b5454793ebc243b14d	gnn-reval30k-7x7	sha256:7f41dbe135649d1116a0914bc0358a5ffae95749195ec20dd972035bbbea52f7	D	P	196
g1_UJM9J4GFjEQsmFz97qbbIsmO_slgiDt7Vb7DDrD4Apo	s1_1av6nXQkq-GSHXfjkVlGHGpAq8F9UbW4JwZmyFA-vww	1umv9h	python-gnn-puct-scout-v0.1.0	sha256:b9f80706cc1f29076ee06fe06483697c749148a808c599579045d00a52573938	python-gnn-puct-scout-v0.1.0	sha256:b9f80706cc1f29076ee06fe06483697c749148a808c599579045d00a52573938	-	M	196
g1_UJM9J4GFjEQsmFz97qbbIsmO_slgiDt7Vb7DDrD4Apo	s1_Brk0hkuJoH-MBjdd53AO5tlWcOgDWV_R0PO74fHGd_0	1umv9h	python-gnn-puct-scout-v0.1.0	sha256:b9f80706cc1f29076ee06fe06483697c749148a808c599579045d00a52573938	python-gnn-puct-scout-v0.1.0	sha256:b9f80706cc1f29076ee06fe06483697c749148a808c599579045d00a52573938	-	M	196
g1_UJM9J4GFjEQsmFz97qbbIsmO_slgiDt7Vb7DDrD4Apo	s1_D_X-fTFZy6xuyGSC5jFyKBW6IP_59Jbomefazf4xu44	1umv9h	python-gnn-puct-scout-v0.1.0	sha256:b9f80706cc1f29076ee06fe06483697c749148a808c599579045d00a52573938	python-gnn-puct-scout-v0.1.0	sha256:b9f80706cc1f29076ee06fe06483697c749148a808c599579045d00a52573938	-	M	196
g1_UJOnfvJlYlHJoBvT8ndNCxg4WMlZUYBhD_kr3Lahbo4	s1_0EJ5U3dsl30TY3hO1GBT17E6YxxhKbBQY-KcsnB5kuk	1unMNl	qadv-arbiter-7x7-rust-lambda-v0.1.0	-	qadv-arbiter-7x7-rust-lambda-v0.1.0	-	L	P	196
g1_UJOnfvJlYlHJoBvT8ndNCxg4WMlZUYBhD_kr3Lahbo4	s1_4w29_hJXd6IlbVX3_yQNK3pFl1FUu8aWhWPOGmtPZT8	1unMNl	qadv-arbiter-7x7-rust-lambda-v0.1.0	-	qadv-arbiter-7x7-rust-lambda-v0.1.0	-	L	P	196
g1_UJOnfvJlYlHJoBvT8ndNCxg4WMlZUYBhD_kr3Lahbo4	s1_9pK_obJzofo_mvrJSU2L8ISMAT5PPdIPXJZuYJOojyo	1unMNl	qadv-arbiter-7x7-rust-lambda-v0.1.0	-	qadv-arbiter-7x7-rust-lambda-v0.1.0	-	L	P	196
g1_UJOnfvJlYlHJoBvT8ndNCxg4WMlZUYBhD_kr3Lahbo4	s1_RauLaTi4eVgYHSp2TV9pqs9uzTVv0B10g9TaHMWpcZ4	1unMNl	qadv-arbiter-7x7-rust-lambda-v0.1.0	-	qadv-arbiter-7x7-rust-lambda-v0.1.0	-	L	P	-
g1_UJYizTBx2A4gr9BXNAOOx4wh8Wcz5gykW5dm-vPYkrA	s1_Icjegyyjgjkk5yjn0Nze32q4L8BtoxDM93XVyTfKvx4	1unN1s	qadv-arbiter-7x7-rust-lambda-v0.1.0	-	qadv-arbiter-7x7-rust-lambda-v0.1.0	-	L	P	196
g1_UJYizTBx2A4gr9BXNAOOx4wh8Wcz5gykW5dm-vPYkrA	s1_RauLaTi4eVgYHSp2TV9pqs9uzTVv0B10g9TaHMWpcZ4	1unN1s	qadv-arbiter-7x7-rust-lambda-v0.1.0	-	qadv-arbiter-7x7-rust-lambda-v0.1.0	-	L	P	-
g1_UJYizTBx2A4gr9BXNAOOx4wh8Wcz5gykW5dm-vPYkrA	s1_eiQ21vntmkbgIPWMa6Qhqd3jBkR0-pSgViQE9Q5n90s	1unN1s	qadv-arbiter-7x7-rust-lambda-v0.1.0	-	qadv-arbiter-7x7-rust-lambda-v0.1.0	-	L	P	196
g1_UJYizTBx2A4gr9BXNAOOx4wh8Wcz5gykW5dm-vPYkrA	s1_jnVpzInZDHEC0z8Tgp-vcTrwFq0E5PVVvPGBJyJwe1g	1unN1s	qadv-arbiter-7x7-rust-lambda-v0.1.0	-	qadv-arbiter-7x7-rust-lambda-v0.1.0	-	L	P	196
g1_UJnQJ209bIu4DqejExXAzi3dSYbQGSOcHJasBy_CNnw	s1_hAtqd-YEPPulYBgXhEj6YrWIUIpMJXWt0I96hF3wO7E	1DIVO	rust-handcrafted-g0	-	rust-evo-g1-c3-283-110-783-63-106-94	-	L	P	-
g1_UJodlezUO5XgRjo73ZziWBIVuUto6xdhqvTDPdYkjCg	s1_Qmoz3nLvbLcY_1rcqMtpMJDvTQydhL5cxUNWV6EhpMY	1umwx0	qadv-arbiter-7x7-v0.1.0	sha256:8c548d06307572603b839755cc1e50393285365e10f82bcd90290ca65cd86266	qadv-arbiter-7x7-v0.1.0	sha256:8c548d06307572603b839755cc1e50393285365e10f82bcd90290ca65cd86266	D	P	196
g1_UJtWuZ3fmMJeDeeVQqfKy4V6RaCd30QijkDFssN3jes	s1_IFv5zSP_h1fgcAnMsTIMd_A8PiWIpuK4qryWxmTSFfo	1unO9x	qadv-arbiter-7x7-rust-lambda-v0.1.0	-	qadv-arbiter-7x7-rust-lambda-v0.1.0	-	D	P	196
g1_UJtWuZ3fmMJeDeeVQqfKy4V6RaCd30QijkDFssN3jes	s1_KfrMejgVzdAgi229t0aiUNlkvQ6SZ7vd_yizDpEfay8	1unO9x	qadv-arbiter-7x7-rust-lambda-v0.1.0	-	qadv-arbiter-7x7-rust-lambda-v0.1.0	-	D	P	196
g1_UJtWuZ3fmMJeDeeVQqfKy4V6RaCd30QijkDFssN3jes	s1_RauLaTi4eVgYHSp2TV9pqs9uzTVv0B10g9TaHMWpcZ4	1unO9x	qadv-arbiter-7x7-rust-lambda-v0.1.0	-	qadv-arbiter-7x7-rust-lambda-v0.1.0	-	D	P	-
g1_UJtWuZ3fmMJeDeeVQqfKy4V6RaCd30QijkDFssN3jes	s1_t_P6FSDNbHi9WOYEB0b1PzrSam2CogBQl8iSC4AQnO4	1unO9x	qadv-arbiter-7x7-rust-lambda-v0.1.0	-	qadv-arbiter-7x7-rust-lambda-v0.1.0	-	D	P	196
g1_UJuHwDWg_6ZD1MsDbUdDe1XAtVHwJg6t1Vnd3jvYI8w	s1_RauLaTi4eVgYHSp2TV9pqs9uzTVv0B10g9TaHMWpcZ4	1unNBq	qadv-arbiter-7x7-rust-lambda-v0.1.0	-	qadv-arbiter-7x7-rust-lambda-v0.1.0	-	D	P	-
g1_UJuHwDWg_6ZD1MsDbUdDe1XAtVHwJg6t1Vnd3jvYI8w	s1_SHK0u3L9hFjj2_-jpQ5btdZjGfi2JbS4ejjHte41iOs	1unNBq	qadv-arbiter-7x7-rust-lambda-v0.1.0	-	qadv-arbiter-7x7-rust-lambda-v0.1.0	-	D	P	196
g1_UJuHwDWg_6ZD1MsDbUdDe1XAtVHwJg6t1Vnd3jvYI8w	s1_Zn1N0wN_QvX4OqLEuFapB8dTHRh6s70M03CEj_bGcFE	1unNBq	qadv-arbiter-7x7-rust-lambda-v0.1.0	-	qadv-arbiter-7x7-rust-lambda-v0.1.0	-	D	P	196
g1_UJuHwDWg_6ZD1MsDbUdDe1XAtVHwJg6t1Vnd3jvYI8w	s1_l_bnXXai7kR7wtiyC1NaBnNIqjcvBhV7RZBDP82nNMU	1unNBq	qadv-arbiter-7x7-rust-lambda-v0.1.0	-	qadv-arbiter-7x7-rust-lambda-v0.1.0	-	D	P	196
g1_UK68JjXfpOI32Fv2kOU-Stij7HYsSkWLEMRkr7ppg4w	s1_6zaJmacxGTypv80Ticvzxd0BLO-QpKQ5Nz41QuGX8qc	1unNDP	qadv-arbiter-7x7-rust-lambda-v0.1.0	-	qadv-arbiter-7x7-rust-lambda-v0.1.0	-	L	P	196
g1_UK68JjXfpOI32Fv2kOU-Stij7HYsSkWLEMRkr7ppg4w	s1_BBExft3zXiQ6RwPXNL8aWZnczO6Jgr0cQFbQG_ZTxYU	1unNDP	qadv-arbiter-7x7-rust-lambda-v0.1.0	-	qadv-arbiter-7x7-rust-lambda-v0.1.0	-	L	P	196
g1_UK68JjXfpOI32Fv2kOU-Stij7HYsSkWLEMRkr7ppg4w	s1_RauLaTi4eVgYHSp2TV9pqs9uzTVv0B10g9TaHMWpcZ4	1unNDP	qadv-arbiter-7x7-rust-lambda-v0.1.0	-	qadv-arbiter-7x7-rust-lambda-v0.1.0	-	L	P	-
g1_UK68JjXfpOI32Fv2kOU-Stij7HYsSkWLEMRkr7ppg4w	s1_gVefuI1VOKtbp-z_EXFIJ4t5CyJdfB80hzPynRfR_fI	1unNDP	qadv-arbiter-7x7-rust-lambda-v0.1.0	-	qadv-arbiter-7x7-rust-lambda-v0.1.0	-	L	P	196
g1_UK8AHZaN30PE3qJZIGGXsGCG0e9YV_6rD-qOJGHu3XY	s1_flXyOBW6T9LLVDFIvXBGel1MoVNZcUcMFIJnB9yLapU	1umxDp	python-gnn-puct-reval30k-v0.1.0	sha256:6120be86fc469df71473c3de64e5e32f99694cd47d621fa5948f243dc51d3d21	python-gnn-puct-reval30k-v0.1.0	sha256:6120be86fc469df71473c3de64e5e32f99694cd47d621fa5948f243dc51d3d21	D	P	196
g1_UKIQMR9hyS0OflyWqK_j0bc_VHb9A4jPMrLLm_3Yww0	s1_1av6nXQkq-GSHXfjkVlGHGpAq8F9UbW4JwZmyFA-vww	1umvMi	python-gnn-puct-learner-v0.1.0	sha256:ab0f739cd33d66781faf60e27797c5ccba3c04ba684f8d9e32e9c2754f4e8956	python-gnn-puct-learner-v0.1.0	sha256:ab0f739cd33d66781faf60e27797c5ccba3c04ba684f8d9e32e9c2754f4e8956	-	M	196
g1_UKIQMR9hyS0OflyWqK_j0bc_VHb9A4jPMrLLm_3Yww0	s1_Brk0hkuJoH-MBjdd53AO5tlWcOgDWV_R0PO74fHGd_0	1umvMi	python-gnn-puct-learner-v0.1.0	sha256:ab0f739cd33d66781faf60e27797c5ccba3c04ba684f8d9e32e9c2754f4e8956	python-gnn-puct-learner-v0.1.0	sha256:ab0f739cd33d66781faf60e27797c5ccba3c04ba684f8d9e32e9c2754f4e8956	-	M	196
g1_UKIQMR9hyS0OflyWqK_j0bc_VHb9A4jPMrLLm_3Yww0	s1_QBFUsDtxokERlDOdQkleYbPvhJ-vIp2qmp6DXjS-7oM	1umvMi	python-gnn-puct-learner-v0.1.0	sha256:ab0f739cd33d66781faf60e27797c5ccba3c04ba684f8d9e32e9c2754f4e8956	python-gnn-puct-learner-v0.1.0	sha256:ab0f739cd33d66781faf60e27797c5ccba3c04ba684f8d9e32e9c2754f4e8956	-	M	196
g1_UKLYBBkeLBNzblwuXnv2uw8TKYW7qvmFWv_q_CCLmL4	s1_DfVu56B0EBm_bJLlPm8xdQlLk3_-AfBvN3qhEmbmEhY	1unP3t	qadv-arbiter-7x7-rust-lambda-v0.1.0	-	qadv-arbiter-7x7-rust-lambda-v0.1.0	-	D	P	196
g1_UKLYBBkeLBNzblwuXnv2uw8TKYW7qvmFWv_q_CCLmL4	s1_RauLaTi4eVgYHSp2TV9pqs9uzTVv0B10g9TaHMWpcZ4	1unP3t	qadv-arbiter-7x7-rust-lambda-v0.1.0	-	qadv-arbiter-7x7-rust-lambda-v0.1.0	-	D	P	-
g1_UKLYBBkeLBNzblwuXnv2uw8TKYW7qvmFWv_q_CCLmL4	s1_Z4FHEI1K1VcQlsdpZ0UwHyMvEPEnOpnMGRzi_MzaYLI	1unP3t	qadv-arbiter-7x7-rust-lambda-v0.1.0	-	qadv-arbiter-7x7-rust-lambda-v0.1.0	-	D	P	196
g1_UKLYBBkeLBNzblwuXnv2uw8TKYW7qvmFWv_q_CCLmL4	s1_x4rPy_IC4smgKl5uQZx---7OWKilnul3GXT5EMWcfhQ	1unP3t	qadv-arbiter-7x7-rust-lambda-v0.1.0	-	qadv-arbiter-7x7-rust-lambda-v0.1.0	-	D	P	196
g1_UKL_PoNYY8sJ1SgtmPw1trloIy69fAWZzVJztzW2sqk	s1_1av6nXQkq-GSHXfjkVlGHGpAq8F9UbW4JwZmyFA-vww	1umvME	python-gnn-puct-learner-v0.1.0	sha256:ab0f739cd33d66781faf60e27797c5ccba3c04ba684f8d9e32e9c2754f4e8956	python-gnn-puct-learner-v0.1.0	sha256:ab0f739cd33d66781faf60e27797c5ccba3c04ba684f8d9e32e9c2754f4e8956	D	P	196
g1_UKL_PoNYY8sJ1SgtmPw1trloIy69fAWZzVJztzW2sqk	s1_Brk0hkuJoH-MBjdd53AO5tlWcOgDWV_R0PO74fHGd_0	1umvME	python-gnn-puct-learner-v0.1.0	sha256:ab0f739cd33d66781faf60e27797c5ccba3c04ba684f8d9e32e9c2754f4e8956	python-gnn-puct-learner-v0.1.0	sha256:ab0f739cd33d66781faf60e27797c5ccba3c04ba684f8d9e32e9c2754f4e8956	D	P	196
g1_UKL_PoNYY8sJ1SgtmPw1trloIy69fAWZzVJztzW2sqk	s1_QBFUsDtxokERlDOdQkleYbPvhJ-vIp2qmp6DXjS-7oM	1umvME	python-gnn-puct-learner-v0.1.0	sha256:ab0f739cd33d66781faf60e27797c5ccba3c04ba684f8d9e32e9c2754f4e8956	python-gnn-puct-learner-v0.1.0	sha256:ab0f739cd33d66781faf60e27797c5ccba3c04ba684f8d9e32e9c2754f4e8956	D	P	196
g1_UKOD8ppAt7UkoNJgqXcMjDX4EPVX8V3Cv4fahF_T_C4	s1_0lzWsvaZh19REkoiKwKcOEox6iyYIxBvedDcXuiehHQ	1unMRx	qadv-arbiter-7x7-rust-lambda-v0.1.0	-	qadv-arbiter-7x7-rust-lambda-v0.1.0	-	L	P	196
g1_UKOD8ppAt7UkoNJgqXcMjDX4EPVX8V3Cv4fahF_T_C4	s1_8wiMjC9flwSGhz1zBvXh6jX2v2JQKMFGMxcWvvdLoQY	1unMRx	qadv-arbiter-7x7-rust-lambda-v0.1.0	-	qadv-arbiter-7x7-rust-lambda-v0.1.0	-	L	P	196
g1_UKOD8ppAt7UkoNJgqXcMjDX4EPVX8V3Cv4fahF_T_C4	s1_RauLaTi4eVgYHSp2TV9pqs9uzTVv0B10g9TaHMWpcZ4	1unMRx	qadv-arbiter-7x7-rust-lambda-v0.1.0	-	qadv-arbiter-7x7-rust-lambda-v0.1.0	-	L	P	-
g1_UKOD8ppAt7UkoNJgqXcMjDX4EPVX8V3Cv4fahF_T_C4	s1_WuoNBQ2K6Astysd3qnBzI8iFCllcUAGl9-kzSx2nhLM	1unMRx	qadv-arbiter-7x7-rust-lambda-v0.1.0	-	qadv-arbiter-7x7-rust-lambda-v0.1.0	-	L	P	196
g1_UKOvtlh815djv0yskIhHzHk8GNk3d9WNRnj06m4IiFY	s1_RauLaTi4eVgYHSp2TV9pqs9uzTVv0B10g9TaHMWpcZ4	1unPil	qadv-arbiter-7x7-rust-lambda-v0.1.0	-	qadv-arbiter-7x7-rust-lambda-v0.1.0	-	D	P	-
g1_UKOvtlh815djv0yskIhHzHk8GNk3d9WNRnj06m4IiFY	s1_Z38shAIHI0MYegazhWgWvRQ76eM7LhCRw6c_BudVykk	1unPil	qadv-arbiter-7x7-rust-lambda-v0.1.0	-	qadv-arbiter-7x7-rust-lambda-v0.1.0	-	D	P	196
g1_UKOvtlh815djv0yskIhHzHk8GNk3d9WNRnj06m4IiFY	s1_kfKfGNSSNc8yhpMFFGP_zgdun8g1vYEnY3o2E6xoRcA	1unPil	qadv-arbiter-7x7-rust-lambda-v0.1.0	-	qadv-arbiter-7x7-rust-lambda-v0.1.0	-	D	P	196
g1_UKOvtlh815djv0yskIhHzHk8GNk3d9WNRnj06m4IiFY	s1_mFIo4UMEutSW8COXsIag9Vj3q_aEgLgJxej-4v9u39Y	1unPil	qadv-arbiter-7x7-rust-lambda-v0.1.0	-	qadv-arbiter-7x7-rust-lambda-v0.1.0	-	D	P	196
g1_UKQBV77ICD8F_D0LNz5Wqj6oxCF-o2USfG16FYJFamM	s1_1av6nXQkq-GSHXfjkVlGHGpAq8F9UbW4JwZmyFA-vww	1umv4n	python-gnn-puct-scout-v0.1.0	sha256:b9f80706cc1f29076ee06fe06483697c749148a808c599579045d00a52573938	python-gnn-puct-scout-v0.1.0	sha256:b9f80706cc1f29076ee06fe06483697c749148a808c599579045d00a52573938	-	M	196
g1_UKQBV77ICD8F_D0LNz5Wqj6oxCF-o2USfG16FYJFamM	s1_Brk0hkuJoH-MBjdd53AO5tlWcOgDWV_R0PO74fHGd_0	1umv4n	python-gnn-puct-scout-v0.1.0	sha256:b9f80706cc1f29076ee06fe06483697c749148a808c599579045d00a52573938	python-gnn-puct-scout-v0.1.0	sha256:b9f80706cc1f29076ee06fe06483697c749148a808c599579045d00a52573938	-	M	196
g1_UKQBV77ICD8F_D0LNz5Wqj6oxCF-o2USfG16FYJFamM	s1_D_X-fTFZy6xuyGSC5jFyKBW6IP_59Jbomefazf4xu44	1umv4n	python-gnn-puct-scout-v0.1.0	sha256:b9f80706cc1f29076ee06fe06483697c749148a808c599579045d00a52573938	python-gnn-puct-scout-v0.1.0	sha256:b9f80706cc1f29076ee06fe06483697c749148a808c599579045d00a52573938	-	M	196
g1_UKQFBeWvtKybrQLdEIfNx8br4rBFNy5Gtw4KC5y26i0	s1_FF32q_yKwIDyoYyqQW5HWtie7WdF0paf_U0DukB1ARk	1unOJK	qadv-arbiter-7x7-rust-lambda-v0.1.0	-	qadv-arbiter-7x7-rust-lambda-v0.1.0	-	L	P	196
g1_UKQFBeWvtKybrQLdEIfNx8br4rBFNy5Gtw4KC5y26i0	s1_RauLaTi4eVgYHSp2TV9pqs9uzTVv0B10g9TaHMWpcZ4	1unOJK	qadv-arbiter-7x7-rust-lambda-v0.1.0	-	qadv-arbiter-7x7-rust-lambda-v0.1.0	-	L	P	-
g1_UKQFBeWvtKybrQLdEIfNx8br4rBFNy5Gtw4KC5y26i0	s1_YiykeA-CsTFxXKJI_tGrSuoTaZwu3mrdiZzULVY6E5I	1unOJK	qadv-arbiter-7x7-rust-lambda-v0.1.0	-	qadv-arbiter-7x7-rust-lambda-v0.1.0	-	L	P	196
g1_UKQFBeWvtKybrQLdEIfNx8br4rBFNy5Gtw4KC5y26i0	s1_bgv-8BP42RMK-exMEJFx5g2Z_GZylbqLbH3odC-Gr2w	1unOJK	qadv-arbiter-7x7-rust-lambda-v0.1.0	-	qadv-arbiter-7x7-rust-lambda-v0.1.0	-	L	P	196
g1_UKQtF6UlIJPO3uFPUkZ2ubFYbCu6vFLsWPS4eEU6JKI	s1_Zlfwu4ud2onG5icwH5AWJDm2b5TIdNW1IcVryJ2bffE	1umvyP	python-cnn-puct-reval30k-v0.1.0	sha256:eb2600a53e225a835455efdb2759c40e27c5cb3c16ab0688bc21b99290ed10ee	python-cnn-puct-reval30k-v0.1.0	sha256:eb2600a53e225a835455efdb2759c40e27c5cb3c16ab0688bc21b99290ed10ee	L	P	196
g1_UKbH4h76RiL8rk2zkHYU81NF6endPX4LiWLNiSCu8Z4	s1_GAcvtxwD-Jrn9Q-B78c7E73-Pc__RynWiKAnl1He8J0	1unNag	qadv-arbiter-7x7-rust-lambda-v0.1.0	-	qadv-arbiter-7x7-rust-lambda-v0.1.0	-	D	P	196
g1_UKbH4h76RiL8rk2zkHYU81NF6endPX4LiWLNiSCu8Z4	s1_JunYjmcKxnqFKMIg2a6KSJvgM_wC4ZsvmB0NIzuQUBw	1unNag	qadv-arbiter-7x7-rust-lambda-v0.1.0	-	qadv-arbiter-7x7-rust-lambda-v0.1.0	-	D	P	196
g1_UKbH4h76RiL8rk2zkHYU81NF6endPX4LiWLNiSCu8Z4	s1_RauLaTi4eVgYHSp2TV9pqs9uzTVv0B10g9TaHMWpcZ4	1unNag	qadv-arbiter-7x7-rust-lambda-v0.1.0	-	qadv-arbiter-7x7-rust-lambda-v0.1.0	-	D	P	-
g1_UKbH4h76RiL8rk2zkHYU81NF6endPX4LiWLNiSCu8Z4	s1_rTEiSztrwGbTZMZcMRBzRfvx69gbbEkQZyFttUYuRuY	1unNag	qadv-arbiter-7x7-rust-lambda-v0.1.0	-	qadv-arbiter-7x7-rust-lambda-v0.1.0	-	D	P	196
g1_UKhsX0f6Vxcv8-0GspoOcLGE57AUxXVgPDo4wEf7OhE	s1_1av6nXQkq-GSHXfjkVlGHGpAq8F9UbW4JwZmyFA-vww	1umvFo	python-gnn-puct-scout-v0.1.0	sha256:b9f80706cc1f29076ee06fe06483697c749148a808c599579045d00a52573938	python-gnn-puct-scout-v0.1.0	sha256:b9f80706cc1f29076ee06fe06483697c749148a808c599579045d00a52573938	L	P	196
g1_UKhsX0f6Vxcv8-0GspoOcLGE57AUxXVgPDo4wEf7OhE	s1_Brk0hkuJoH-MBjdd53AO5tlWcOgDWV_R0PO74fHGd_0	1umvFo	python-gnn-puct-scout-v0.1.0	sha256:b9f80706cc1f29076ee06fe06483697c749148a808c599579045d00a52573938	python-gnn-puct-scout-v0.1.0	sha256:b9f80706cc1f29076ee06fe06483697c749148a808c599579045d00a52573938	L	P	196
g1_UKhsX0f6Vxcv8-0GspoOcLGE57AUxXVgPDo4wEf7OhE	s1_D_X-fTFZy6xuyGSC5jFyKBW6IP_59Jbomefazf4xu44	1umvFo	python-gnn-puct-scout-v0.1.0	sha256:b9f80706cc1f29076ee06fe06483697c749148a808c599579045d00a52573938	python-gnn-puct-scout-v0.1.0	sha256:b9f80706cc1f29076ee06fe06483697c749148a808c599579045d00a52573938	L	P	196
g1_UKkC6cI2PvPIJVcVz4SxgIYvvuO1MuiSGERAjTiuLgw	s1_N4OQg7An4Bn26YwvZEHL23Vwpp0BUqrrlWIYS_j1BPk	1unNBw	qadv-arbiter-7x7-rust-lambda-v0.1.0	-	qadv-arbiter-7x7-rust-lambda-v0.1.0	-	D	P	196
g1_UKkC6cI2PvPIJVcVz4SxgIYvvuO1MuiSGERAjTiuLgw	s1_RauLaTi4eVgYHSp2TV9pqs9uzTVv0B10g9TaHMWpcZ4	1unNBw	qadv-arbiter-7x7-rust-lambda-v0.1.0	-	qadv-arbiter-7x7-rust-lambda-v0.1.0	-	D	P	-
g1_UKkC6cI2PvPIJVcVz4SxgIYvvuO1MuiSGERAjTiuLgw	s1__FQxLSCZ8fMCEq6qoSGnEDYOSbHK_NUAqxE7Px0tlPA	1unNBw	qadv-arbiter-7x7-rust-lambda-v0.1.0	-	qadv-arbiter-7x7-rust-lambda-v0.1.0	-	D	P	196
g1_UKkC6cI2PvPIJVcVz4SxgIYvvuO1MuiSGERAjTiuLgw	s1_e7EcOTHZSLbdnowg2NCK_yd8MHSOsvzU3UmvHviiRXY	1unNBw	qadv-arbiter-7x7-rust-lambda-v0.1.0	-	qadv-arbiter-7x7-rust-lambda-v0.1.0	-	D	P	196
g1_UKv6BIwY_oFjfGowB2z9cH8kij_3T-xZniZogX4-8dY	s1_6PxtazPxkizz7K9QTWPSCIopEV5n0zpHoq3F52yO_6U	1umwpB	python-cnn-puct-v0.1.0	sha256:7845e9b7687beee165dc36b8d21833b7a8b5a83e31b58b49bd05c277ba26e642	python-cnn-puct-v0.1.0	sha256:7845e9b7687beee165dc36b8d21833b7a8b5a83e31b58b49bd05c277ba26e642	L	P	196
g1_UKv6BIwY_oFjfGowB2z9cH8kij_3T-xZniZogX4-8dY	s1_baRgKA_wMXdl0r4AwdkUfhWC04qxd1MvEGXAQaDd4fo	1umwpB	python-cnn-puct-v0.1.0	sha256:7845e9b7687beee165dc36b8d21833b7a8b5a83e31b58b49bd05c277ba26e642	python-cnn-puct-v0.1.0	sha256:7845e9b7687beee165dc36b8d21833b7a8b5a83e31b58b49bd05c277ba26e642	L	P	196
g1_UKvPUmRywgotD7SfTivXtacrgOLJEFpcfhXqb-Tm_l0	s1_6sYfD79f6ZMZS396VMDJRHxExjBogJTvYwqm2K_ei_Y	1unMoP	qadv-arbiter-7x7-rust-lambda-v0.1.0	-	qadv-arbiter-7x7-rust-lambda-v0.1.0	-	D	P	196
g1_UKvPUmRywgotD7SfTivXtacrgOLJEFpcfhXqb-Tm_l0	s1_RauLaTi4eVgYHSp2TV9pqs9uzTVv0B10g9TaHMWpcZ4	1unMoP	qadv-arbiter-7x7-rust-lambda-v0.1.0	-	qadv-arbiter-7x7-rust-lambda-v0.1.0	-	D	P	-
g1_UKvPUmRywgotD7SfTivXtacrgOLJEFpcfhXqb-Tm_l0	s1_SQHxHohqqlbX6lbqfY2oz6LmQyvMk6fukeWSjfM8HgI	1unMoP	qadv-arbiter-7x7-rust-lambda-v0.1.0	-	qadv-arbiter-7x7-rust-lambda-v0.1.0	-	D	P	196
g1_UKvPUmRywgotD7SfTivXtacrgOLJEFpcfhXqb-Tm_l0	s1_V5GSc8N-HANnM22obdE8FtS8x-14bf8ElD4cLPVTgEk	1unMoP	qadv-arbiter-7x7-rust-lambda-v0.1.0	-	qadv-arbiter-7x7-rust-lambda-v0.1.0	-	D	P	196
g1_UKwn5IX2s1Vo314hs6iI9ABCj9j6esPO_sRynQEIQtU	s1_1av6nXQkq-GSHXfjkVlGHGpAq8F9UbW4JwZmyFA-vww	1umvM-	python-gnn-puct-learner-v0.1.0	sha256:ab0f739cd33d66781faf60e27797c5ccba3c04ba684f8d9e32e9c2754f4e8956	python-gnn-puct-learner-v0.1.0	sha256:ab0f739cd33d66781faf60e27797c5ccba3c04ba684f8d9e32e9c2754f4e8956	D	P	196
g1_UKwn5IX2s1Vo314hs6iI9ABCj9j6esPO_sRynQEIQtU	s1_Brk0hkuJoH-MBjdd53AO5tlWcOgDWV_R0PO74fHGd_0	1umvM-	python-gnn-puct-learner-v0.1.0	sha256:ab0f739cd33d66781faf60e27797c5ccba3c04ba684f8d9e32e9c2754f4e8956	python-gnn-puct-learner-v0.1.0	sha256:ab0f739cd33d66781faf60e27797c5ccba3c04ba684f8d9e32e9c2754f4e8956	D	P	196
g1_UKwn5IX2s1Vo314hs6iI9ABCj9j6esPO_sRynQEIQtU	s1_QBFUsDtxokERlDOdQkleYbPvhJ-vIp2qmp6DXjS-7oM	1umvM-	python-gnn-puct-learner-v0.1.0	sha256:ab0f739cd33d66781faf60e27797c5ccba3c04ba684f8d9e32e9c2754f4e8956	python-gnn-puct-learner-v0.1.0	sha256:ab0f739cd33d66781faf60e27797c5ccba3c04ba684f8d9e32e9c2754f4e8956	D	P	196
g1_ULElaDWF26jkcz9j3IyNhizhqUrcroecJVBHKsFLbzM	s1_1av6nXQkq-GSHXfjkVlGHGpAq8F9UbW4JwZmyFA-vww	1umvCC	python-gnn-puct-scout-v0.1.0	sha256:b9f80706cc1f29076ee06fe06483697c749148a808c599579045d00a52573938	python-gnn-puct-scout-v0.1.0	sha256:b9f80706cc1f29076ee06fe06483697c749148a808c599579045d00a52573938	-	M	196
g1_ULElaDWF26jkcz9j3IyNhizhqUrcroecJVBHKsFLbzM	s1_Brk0hkuJoH-MBjdd53AO5tlWcOgDWV_R0PO74fHGd_0	1umvCC	python-gnn-puct-scout-v0.1.0	sha256:b9f80706cc1f29076ee06fe06483697c749148a808c599579045d00a52573938	python-gnn-puct-scout-v0.1.0	sha256:b9f80706cc1f29076ee06fe06483697c749148a808c599579045d00a52573938	-	M	196
g1_ULElaDWF26jkcz9j3IyNhizhqUrcroecJVBHKsFLbzM	s1_D_X-fTFZy6xuyGSC5jFyKBW6IP_59Jbomefazf4xu44	1umvCC	python-gnn-puct-scout-v0.1.0	sha256:b9f80706cc1f29076ee06fe06483697c749148a808c599579045d00a52573938	python-gnn-puct-scout-v0.1.0	sha256:b9f80706cc1f29076ee06fe06483697c749148a808c599579045d00a52573938	-	M	196
g1_ULGsRmgYHQb7knAHdYIXg1zXGcLjOKFom13sCJTlocU	s1_flXyOBW6T9LLVDFIvXBGel1MoVNZcUcMFIJnB9yLapU	1umxEt	python-gnn-puct-reval30k-v0.1.0	sha256:6120be86fc469df71473c3de64e5e32f99694cd47d621fa5948f243dc51d3d21	python-gnn-puct-reval30k-v0.1.0	sha256:6120be86fc469df71473c3de64e5e32f99694cd47d621fa5948f243dc51d3d21	D	P	196
g1_ULgSfVcjqxRmNUHHxYDvcqzESbNGJZz7pARrXk2ZnuY	s1_RauLaTi4eVgYHSp2TV9pqs9uzTVv0B10g9TaHMWpcZ4	1unPFT	qadv-arbiter-7x7-rust-lambda-v0.1.0	-	qadv-arbiter-7x7-rust-lambda-v0.1.0	-	D	P	-
g1_ULgSfVcjqxRmNUHHxYDvcqzESbNGJZz7pARrXk2ZnuY	s1_Wsk81HNNEu-ZnRpPqzLj7oIVgY3sHloYdxR7KBC0ShM	1unPFT	qadv-arbiter-7x7-rust-lambda-v0.1.0	-	qadv-arbiter-7x7-rust-lambda-v0.1.0	-	D	P	196
g1_ULgSfVcjqxRmNUHHxYDvcqzESbNGJZz7pARrXk2ZnuY	s1_euEb0dE1zBppka2S0KeT4fXZXyIA3QXVK_NsJoRPoZg	1unPFT	qadv-arbiter-7x7-rust-lambda-v0.1.0	-	qadv-arbiter-7x7-rust-lambda-v0.1.0	-	D	P	196
g1_ULgSfVcjqxRmNUHHxYDvcqzESbNGJZz7pARrXk2ZnuY	s1_vbqrP_eVR9pkCH9Mb_pF2czBiCfanV6-OiJLgMIQYcQ	1unPFT	qadv-arbiter-7x7-rust-lambda-v0.1.0	-	qadv-arbiter-7x7-rust-lambda-v0.1.0	-	D	P	196
g1_ULqP0kZEjIwZdmeC6pJmMP_stfv2mx7NTfTEspS0FdI	s1_cAJveNerl8U1QVXIr9nRQ8UL3PVoePd9cCaPuBP75NY	1umwMW	rust-pathfinder-onnx-sorter-v0.1.0	-	rust-pathfinder-v0.3.0	-	L	P	120
g1_ULsDW682cltUROUTZbLAAgWO2L7QdMc9L30Ymws2mwc	s1_1av6nXQkq-GSHXfjkVlGHGpAq8F9UbW4JwZmyFA-vww	1umvKO	python-gnn-puct-learner-v0.1.0	sha256:ab0f739cd33d66781faf60e27797c5ccba3c04ba684f8d9e32e9c2754f4e8956	python-gnn-puct-learner-v0.1.0	sha256:ab0f739cd33d66781faf60e27797c5ccba3c04ba684f8d9e32e9c2754f4e8956	L	P	196
g1_ULsDW682cltUROUTZbLAAgWO2L7QdMc9L30Ymws2mwc	s1_Brk0hkuJoH-MBjdd53AO5tlWcOgDWV_R0PO74fHGd_0	1umvKO	python-gnn-puct-learner-v0.1.0	sha256:ab0f739cd33d66781faf60e27797c5ccba3c04ba684f8d9e32e9c2754f4e8956	python-gnn-puct-learner-v0.1.0	sha256:ab0f739cd33d66781faf60e27797c5ccba3c04ba684f8d9e32e9c2754f4e8956	L	P	196
g1_ULsDW682cltUROUTZbLAAgWO2L7QdMc9L30Ymws2mwc	s1_QBFUsDtxokERlDOdQkleYbPvhJ-vIp2qmp6DXjS-7oM	1umvKO	python-gnn-puct-learner-v0.1.0	sha256:ab0f739cd33d66781faf60e27797c5ccba3c04ba684f8d9e32e9c2754f4e8956	python-gnn-puct-learner-v0.1.0	sha256:ab0f739cd33d66781faf60e27797c5ccba3c04ba684f8d9e32e9c2754f4e8956	L	P	196
g1_ULy42tqjt4KkTgZ1cQa8TEGK4sIiI93L2781CLYd3_M	s1_A4bxSreIj5GJPt4cbuLjIVIdR2NXyRYAfLjMhE4iDrA	1unOLc	qadv-arbiter-7x7-rust-lambda-v0.1.0	-	qadv-arbiter-7x7-rust-lambda-v0.1.0	-	L	P	196
g1_ULy42tqjt4KkTgZ1cQa8TEGK4sIiI93L2781CLYd3_M	s1_DHQXZ4drGSKV98_7RhyfAydtHeeNWSGzEZufHM_MSFY	1unOLc	qadv-arbiter-7x7-rust-lambda-v0.1.0	-	qadv-arbiter-7x7-rust-lambda-v0.1.0	-	L	P	196
g1_ULy42tqjt4KkTgZ1cQa8TEGK4sIiI93L2781CLYd3_M	s1_RauLaTi4eVgYHSp2TV9pqs9uzTVv0B10g9TaHMWpcZ4	1unOLc	qadv-arbiter-7x7-rust-lambda-v0.1.0	-	qadv-arbiter-7x7-rust-lambda-v0.1.0	-	L	P	-
g1_ULy42tqjt4KkTgZ1cQa8TEGK4sIiI93L2781CLYd3_M	s1_hdpldBkTYp4dpPXDp6E2HiTUckU3cnjwRuzlZ54NFNU	1unOLc	qadv-arbiter-7x7-rust-lambda-v0.1.0	-	qadv-arbiter-7x7-rust-lambda-v0.1.0	-	L	P	196
g1_UM5yluci5DKvCgA5hcUNli4-2CYbkeIiO9XWLWIxE9Y	s1_9juI3bpu98Anh0YrganngrdTxlN2szzhLbVUEJcuegQ	1unPdq	qadv-arbiter-7x7-rust-lambda-v0.1.0	-	qadv-arbiter-7x7-rust-lambda-v0.1.0	-	L	P	196
g1_UM5yluci5DKvCgA5hcUNli4-2CYbkeIiO9XWLWIxE9Y	s1_I6zKQjbG4lHIMwfEgwLf4zBlNz9SRln144JiWiRF9S8	1unPdq	qadv-arbiter-7x7-rust-lambda-v0.1.0	-	qadv-arbiter-7x7-rust-lambda-v0.1.0	-	L	P	196
g1_UM5yluci5DKvCgA5hcUNli4-2CYbkeIiO9XWLWIxE9Y	s1_RauLaTi4eVgYHSp2TV9pqs9uzTVv0B10g9TaHMWpcZ4	1unPdq	qadv-arbiter-7x7-rust-lambda-v0.1.0	-	qadv-arbiter-7x7-rust-lambda-v0.1.0	-	L	P	-
g1_UM5yluci5DKvCgA5hcUNli4-2CYbkeIiO9XWLWIxE9Y	s1_k3sh7GM7-XrOI6oDb2yBZUNRdFyLxKtpMQZ6QWzuZM4	1unPdq	qadv-arbiter-7x7-rust-lambda-v0.1.0	-	qadv-arbiter-7x7-rust-lambda-v0.1.0	-	L	P	196
g1_UMDHF5JpLladCwvSfqaUBJ3ZztP8cz4mPmMt1_WXE-Q	s1_5UOKlAOOSSfC8g_7Yc-7SJiikKne_NxcztleGXfi59o	1unN-Z	qadv-arbiter-7x7-rust-lambda-v0.1.0	-	qadv-arbiter-7x7-rust-lambda-v0.1.0	-	L	P	196
g1_UMDHF5JpLladCwvSfqaUBJ3ZztP8cz4mPmMt1_WXE-Q	s1_RauLaTi4eVgYHSp2TV9pqs9uzTVv0B10g9TaHMWpcZ4	1unN-Z	qadv-arbiter-7x7-rust-lambda-v0.1.0	-	qadv-arbiter-7x7-rust-lambda-v0.1.0	-	L	P	-
g1_UMDHF5JpLladCwvSfqaUBJ3ZztP8cz4mPmMt1_WXE-Q	s1__Jv_DnC--pUMuqmjpZLFoRo4U5pjZZe9WAm5OQGrcsY	1unN-Z	qadv-arbiter-7x7-rust-lambda-v0.1.0	-	qadv-arbiter-7x7-rust-lambda-v0.1.0	-	L	P	196
g1_UMDHF5JpLladCwvSfqaUBJ3ZztP8cz4mPmMt1_WXE-Q	s1_kjwaTeRx4URkCMJ9kK1MG9k8NZC_W6PPsCHJk710sSM	1unN-Z	qadv-arbiter-7x7-rust-lambda-v0.1.0	-	qadv-arbiter-7x7-rust-lambda-v0.1.0	-	L	P	196
g1_UMDiv4mYv5HztEjjaSKNV-CrJptyBCRSWJsNO_Ofj2A	s1_Dgwbco_fQzsaQ9OvE-lrDgyClwOve-blfHW_Z8TyWWM	1unPzB	qadv-arbiter-7x7-rust-lambda-v0.1.0	-	qadv-arbiter-7x7-rust-lambda-v0.1.0	-	D	P	196
g1_UMDiv4mYv5HztEjjaSKNV-CrJptyBCRSWJsNO_Ofj2A	s1_O5gDt3KHPwxdKCnIRHiKpeukJzqiVBj_gTB2c3D3t6w	1unPzB	qadv-arbiter-7x7-rust-lambda-v0.1.0	-	qadv-arbiter-7x7-rust-lambda-v0.1.0	-	D	P	196
g1_UMDiv4mYv5HztEjjaSKNV-CrJptyBCRSWJsNO_Ofj2A	s1_RauLaTi4eVgYHSp2TV9pqs9uzTVv0B10g9TaHMWpcZ4	1unPzB	qadv-arbiter-7x7-rust-lambda-v0.1.0	-	qadv-arbiter-7x7-rust-lambda-v0.1.0	-	D	P	-
g1_UMDiv4mYv5HztEjjaSKNV-CrJptyBCRSWJsNO_Ofj2A	s1_wpQBNhchmfxRPDQ_tqw4wEreYMRz3pCd2VeCBo45myA	1unPzB	qadv-arbiter-7x7-rust-lambda-v0.1.0	-	qadv-arbiter-7x7-rust-lambda-v0.1.0	-	D	P	196
g1_UMF-2jGkZ1NPdjFaf9evnMGJV2ZB322rDuj25u8HJ6E	s1_Qmoz3nLvbLcY_1rcqMtpMJDvTQydhL5cxUNWV6EhpMY	1umwyt	qadv-arbiter-7x7-v0.1.0	sha256:8c548d06307572603b839755cc1e50393285365e10f82bcd90290ca65cd86266	qadv-arbiter-7x7-v0.1.0	sha256:8c548d06307572603b839755cc1e50393285365e10f82bcd90290ca65cd86266	D	P	196
g1_UMRaUiQZjQNB7dfh-2mRpXYt73SbNT4iL7MI_RwBzto	s1_A6Pdi-5XTqkkjjYgnZkpdFtBbOT3vcs3XV6sfAhDiNk	1un3CT	pathfinder-v0.3.0	-	qadv-arbiter-guided-7x7-v0.2.0	sha256:9c0e5e530df7db77a98f6a2e75fe63a6f629c6ad6563e0b5454793ebc243b14d	L	P	196
g1_UMRaUiQZjQNB7dfh-2mRpXYt73SbNT4iL7MI_RwBzto	s1_O3cuwuia8XT9TI7Nxr3tRcajOA20XFHEIT2fYX3WizY	1un3CT	pathfinder-v0.3.0	-	qadv-arbiter-guided-7x7-v0.2.0	sha256:9c0e5e530df7db77a98f6a2e75fe63a6f629c6ad6563e0b5454793ebc243b14d	L	P	196
g1_UMRaUiQZjQNB7dfh-2mRpXYt73SbNT4iL7MI_RwBzto	s1_Vtn6p5B30bbUD8YVO8sATSZoAgz4rVlBtDaUS3ASsh4	1un3CT	pathfinder-v0.3.0	-	qadv-arbiter-guided-7x7-v0.2.0	sha256:9c0e5e530df7db77a98f6a2e75fe63a6f629c6ad6563e0b5454793ebc243b14d	L	P	196
g1_UM_GA5dqjlLKez1FufND5RDOtePAketPivI8yGflxik	s1_qtlitMa-GGx-0y2heoyNRonYXf1Dq5epTexnVe9Iqtw	1umxk6	python-gnn-puct-learner-v0.1.0	sha256:ab0f739cd33d66781faf60e27797c5ccba3c04ba684f8d9e32e9c2754f4e8956	python-gnn-puct-learner-v0.1.0	sha256:ab0f739cd33d66781faf60e27797c5ccba3c04ba684f8d9e32e9c2754f4e8956	-	M	196
g1_UMgW7nKiKWI1tp9Cv1ZGZ6V9w94nlekbOmLdokV5f5g	s1_A6Pdi-5XTqkkjjYgnZkpdFtBbOT3vcs3XV6sfAhDiNk	1un3Cm	qadv-arbiter-guided-7x7-v0.2.0	sha256:9c0e5e530df7db77a98f6a2e75fe63a6f629c6ad6563e0b5454793ebc243b14d	pathfinder-v0.3.0	-	D	P	196
g1_UMgW7nKiKWI1tp9Cv1ZGZ6V9w94nlekbOmLdokV5f5g	s1_EHd406NVisYX17tvp9tSYcqEWWp4CsAdRryHC10wfHc	1un2TM	qadv-arbiter-guided-7x7-v0.2.0	sha256:9c0e5e530df7db77a98f6a2e75fe63a6f629c6ad6563e0b5454793ebc243b14d	pathfinder-v0.3.0	-	D	P	196
g1_UMgW7nKiKWI1tp9Cv1ZGZ6V9w94nlekbOmLdokV5f5g	s1_GCqZdg9KLzvh0I_b212TEmxdlG3kcwnq3SnQmPGgIqI	1un2TM	qadv-arbiter-guided-7x7-v0.2.0	sha256:9c0e5e530df7db77a98f6a2e75fe63a6f629c6ad6563e0b5454793ebc243b14d	pathfinder-v0.3.0	-	D	P	196
g1_UMgW7nKiKWI1tp9Cv1ZGZ6V9w94nlekbOmLdokV5f5g	s1_LBWmkbRgEeZYK7zSPtSERo-vpC7nbolCkcWcIiGOfsc	1un2TM	qadv-arbiter-guided-7x7-v0.2.0	sha256:9c0e5e530df7db77a98f6a2e75fe63a6f629c6ad6563e0b5454793ebc243b14d	pathfinder-v0.3.0	-	D	P	196
g1_UMgW7nKiKWI1tp9Cv1ZGZ6V9w94nlekbOmLdokV5f5g	s1_O3cuwuia8XT9TI7Nxr3tRcajOA20XFHEIT2fYX3WizY	1un2TM	qadv-arbiter-guided-7x7-v0.2.0	sha256:9c0e5e530df7db77a98f6a2e75fe63a6f629c6ad6563e0b5454793ebc243b14d	pathfinder-v0.3.0	-	D	P	196
g1_UMgW7nKiKWI1tp9Cv1ZGZ6V9w94nlekbOmLdokV5f5g	s1_Vtn6p5B30bbUD8YVO8sATSZoAgz4rVlBtDaUS3ASsh4	1un3Cm	qadv-arbiter-guided-7x7-v0.2.0	sha256:9c0e5e530df7db77a98f6a2e75fe63a6f629c6ad6563e0b5454793ebc243b14d	pathfinder-v0.3.0	-	D	P	196
g1_UMhn4J7956b7G5uSCriyDTZWgKHCQvHYJnvun0JT0a0	s1_-OKlJXuPFfAnukwGYITjiU7XKL4OC_qt76PC0TZSPjg	1umvmB	python-cnn-puct-v0.1.0	sha256:7845e9b7687beee165dc36b8d21833b7a8b5a83e31b58b49bd05c277ba26e642	python-cnn-puct-v0.1.0	sha256:7845e9b7687beee165dc36b8d21833b7a8b5a83e31b58b49bd05c277ba26e642	L	P	196
g1_UMhn4J7956b7G5uSCriyDTZWgKHCQvHYJnvun0JT0a0	s1_1av6nXQkq-GSHXfjkVlGHGpAq8F9UbW4JwZmyFA-vww	1umvmB	python-cnn-puct-v0.1.0	sha256:7845e9b7687beee165dc36b8d21833b7a8b5a83e31b58b49bd05c277ba26e642	python-cnn-puct-v0.1.0	sha256:7845e9b7687beee165dc36b8d21833b7a8b5a83e31b58b49bd05c277ba26e642	L	P	196
g1_UMhn4J7956b7G5uSCriyDTZWgKHCQvHYJnvun0JT0a0	s1_Brk0hkuJoH-MBjdd53AO5tlWcOgDWV_R0PO74fHGd_0	1umvmB	python-cnn-puct-v0.1.0	sha256:7845e9b7687beee165dc36b8d21833b7a8b5a83e31b58b49bd05c277ba26e642	python-cnn-puct-v0.1.0	sha256:7845e9b7687beee165dc36b8d21833b7a8b5a83e31b58b49bd05c277ba26e642	L	P	196
g1_UMxq1YNGrK6PyevxLaBSbWIGRkTwN8mMzrh_c429Z_A	s1_RauLaTi4eVgYHSp2TV9pqs9uzTVv0B10g9TaHMWpcZ4	1unNf2	qadv-arbiter-7x7-rust-lambda-v0.1.0	-	qadv-arbiter-7x7-rust-lambda-v0.1.0	-	D	P	-
g1_UMxq1YNGrK6PyevxLaBSbWIGRkTwN8mMzrh_c429Z_A	s1_c0k-yPkD3OLpE8f-k1Hyywx79dnoJMOvn8gbkZXazAQ	1unNf2	qadv-arbiter-7x7-rust-lambda-v0.1.0	-	qadv-arbiter-7x7-rust-lambda-v0.1.0	-	D	P	196
g1_UMxq1YNGrK6PyevxLaBSbWIGRkTwN8mMzrh_c429Z_A	s1_plTYmK2hvmIv4sBwf8phvAcshoULdnY7ZD6D3cfSRaw	1unNf2	qadv-arbiter-7x7-rust-lambda-v0.1.0	-	qadv-arbiter-7x7-rust-lambda-v0.1.0	-	D	P	196
g1_UMxq1YNGrK6PyevxLaBSbWIGRkTwN8mMzrh_c429Z_A	s1_z8Z7vphwS6nLFl9vhf7lvwJcwYN3Sutz7awuKDBmP2w	1unNf2	qadv-arbiter-7x7-rust-lambda-v0.1.0	-	qadv-arbiter-7x7-rust-lambda-v0.1.0	-	D	P	196
g1_UNBNAvboPXlzASereuy8QpLqhbXQNCqNkaAFNs5OT0Q	s1_HZsL4HOafm_THJQna1CslJf0NEPx0k9iI25XxJC8Zj8	1unO7j	qadv-arbiter-7x7-rust-lambda-v0.1.0	-	qadv-arbiter-7x7-rust-lambda-v0.1.0	-	L	P	196
g1_UNBNAvboPXlzASereuy8QpLqhbXQNCqNkaAFNs5OT0Q	s1_OEEOo0a1cKrQIDJdmzY69ijvFlWRu8d143N9OQ1F3WQ	1unO7j	qadv-arbiter-7x7-rust-lambda-v0.1.0	-	qadv-arbiter-7x7-rust-lambda-v0.1.0	-	L	P	196
g1_UNBNAvboPXlzASereuy8QpLqhbXQNCqNkaAFNs5OT0Q	s1_RauLaTi4eVgYHSp2TV9pqs9uzTVv0B10g9TaHMWpcZ4	1unO7j	qadv-arbiter-7x7-rust-lambda-v0.1.0	-	qadv-arbiter-7x7-rust-lambda-v0.1.0	-	L	P	-
g1_UNBNAvboPXlzASereuy8QpLqhbXQNCqNkaAFNs5OT0Q	s1_qD3c0IU04JL9Ljjdhym8ifphJz7qsSPh-_YQaMVv45g	1unO7j	qadv-arbiter-7x7-rust-lambda-v0.1.0	-	qadv-arbiter-7x7-rust-lambda-v0.1.0	-	L	P	196
g1_UNE3KtSAvc-RpYn-D2Prr52o3nrj9dwnRIneKPd7t60	s1_2FtaP75xgRVTNrUvmC0NIesJCNy8IDFJ05WNM4nUnpg	1unQx6	qadv-arbiter-7x7-v0.1.0	-	surveyor-v0.2.0	-	D	P	196
g1_UNE3KtSAvc-RpYn-D2Prr52o3nrj9dwnRIneKPd7t60	s1_F1bRTMMc7WPBHhcU2WhUt_ZCP3YyTFtaERJ-_FH31CA	1unQx6	qadv-arbiter-7x7-v0.1.0	-	surveyor-v0.2.0	-	D	P	196
g1_UNE3KtSAvc-RpYn-D2Prr52o3nrj9dwnRIneKPd7t60	s1_RauLaTi4eVgYHSp2TV9pqs9uzTVv0B10g9TaHMWpcZ4	1unQx6	qadv-arbiter-7x7-v0.1.0	-	surveyor-v0.2.0	-	D	P	-
g1_UNE3KtSAvc-RpYn-D2Prr52o3nrj9dwnRIneKPd7t60	s1_TTIPWHWKWAnA1Aws-yqF3COTL5odPcnfSBkcFs9ppOs	1unQx6	qadv-arbiter-7x7-v0.1.0	-	surveyor-v0.2.0	-	D	P	196
g1_UNGRPdhn9Ilg73kudHlPxbKlygvqkdhHzrkGWkp_hrs	s1_1KmIx8S8gUkq82oRvobk9z49cVrQAm5kmc8xYnWi_c8	1unOlT	qadv-arbiter-7x7-rust-lambda-v0.1.0	-	qadv-arbiter-7x7-rust-lambda-v0.1.0	-	D	P	196
g1_UNGRPdhn9Ilg73kudHlPxbKlygvqkdhHzrkGWkp_hrs	s1_RauLaTi4eVgYHSp2TV9pqs9uzTVv0B10g9TaHMWpcZ4	1unOlT	qadv-arbiter-7x7-rust-lambda-v0.1.0	-	qadv-arbiter-7x7-rust-lambda-v0.1.0	-	D	P	-
g1_UNGRPdhn9Ilg73kudHlPxbKlygvqkdhHzrkGWkp_hrs	s1_XjzrCDbhe4stDlCcExMhD3jpiROXoyR0ir5z1bOOb9g	1unOlT	qadv-arbiter-7x7-rust-lambda-v0.1.0	-	qadv-arbiter-7x7-rust-lambda-v0.1.0	-	D	P	196
g1_UNGRPdhn9Ilg73kudHlPxbKlygvqkdhHzrkGWkp_hrs	s1_egOJpxt2VB9W4D-kMEtRSVjVwJFc8sH_WwzZvUjk5Zs	1unOlT	qadv-arbiter-7x7-rust-lambda-v0.1.0	-	qadv-arbiter-7x7-rust-lambda-v0.1.0	-	D	P	196
g1_UNJLcZW_pS7JNWPezjssrmQlsHQ3FL8bpvyFKbxqRp0	s1_-OKlJXuPFfAnukwGYITjiU7XKL4OC_qt76PC0TZSPjg	1umvaL	python-cnn-puct-v0.1.0	sha256:7845e9b7687beee165dc36b8d21833b7a8b5a83e31b58b49bd05c277ba26e642	python-cnn-puct-v0.1.0	sha256:7845e9b7687beee165dc36b8d21833b7a8b5a83e31b58b49bd05c277ba26e642	L	P	196
g1_UNJLcZW_pS7JNWPezjssrmQlsHQ3FL8bpvyFKbxqRp0	s1_1av6nXQkq-GSHXfjkVlGHGpAq8F9UbW4JwZmyFA-vww	1umvaL	python-cnn-puct-v0.1.0	sha256:7845e9b7687beee165dc36b8d21833b7a8b5a83e31b58b49bd05c277ba26e642	python-cnn-puct-v0.1.0	sha256:7845e9b7687beee165dc36b8d21833b7a8b5a83e31b58b49bd05c277ba26e642	L	P	196
g1_UNJLcZW_pS7JNWPezjssrmQlsHQ3FL8bpvyFKbxqRp0	s1_Brk0hkuJoH-MBjdd53AO5tlWcOgDWV_R0PO74fHGd_0	1umvaL	python-cnn-puct-v0.1.0	sha256:7845e9b7687beee165dc36b8d21833b7a8b5a83e31b58b49bd05c277ba26e642	python-cnn-puct-v0.1.0	sha256:7845e9b7687beee165dc36b8d21833b7a8b5a83e31b58b49bd05c277ba26e642	L	P	196
g1_UNQuJXVtYnBYDQe0DHu_Y27dx0Z-KCXxExGRQ3zSkFk	s1_-ZaqXaVvFtb2RIZuJBQ91pSvMZgRf4VNf5pNFPi9n9o	1unN5d	qadv-arbiter-7x7-rust-lambda-v0.1.0	-	qadv-arbiter-7x7-rust-lambda-v0.1.0	-	D	P	196
g1_UNQuJXVtYnBYDQe0DHu_Y27dx0Z-KCXxExGRQ3zSkFk	s1_RauLaTi4eVgYHSp2TV9pqs9uzTVv0B10g9TaHMWpcZ4	1unN5d	qadv-arbiter-7x7-rust-lambda-v0.1.0	-	qadv-arbiter-7x7-rust-lambda-v0.1.0	-	D	P	-
g1_UNQuJXVtYnBYDQe0DHu_Y27dx0Z-KCXxExGRQ3zSkFk	s1_eL83a37M2031LHwUgDz1BIUhe8guHPH2X-gz9mNYHeI	1unN5d	qadv-arbiter-7x7-rust-lambda-v0.1.0	-	qadv-arbiter-7x7-rust-lambda-v0.1.0	-	D	P	196
g1_UNQuJXVtYnBYDQe0DHu_Y27dx0Z-KCXxExGRQ3zSkFk	s1_tGpZ156dZBJaYqrmLrC494PKYTRmwMCImKRaRSem3L4	1unN5d	qadv-arbiter-7x7-rust-lambda-v0.1.0	-	qadv-arbiter-7x7-rust-lambda-v0.1.0	-	D	P	196
g1_UNUUahynOJzHnOCkDmda6YOV-VIypBDB5i9Ha4MSsz8	s1_RauLaTi4eVgYHSp2TV9pqs9uzTVv0B10g9TaHMWpcZ4	1unOfz	qadv-arbiter-7x7-rust-lambda-v0.1.0	-	qadv-arbiter-7x7-rust-lambda-v0.1.0	-	D	P	-
g1_UNUUahynOJzHnOCkDmda6YOV-VIypBDB5i9Ha4MSsz8	s1_VfLCvPO-mxVtEkE9cszVCQJRFrf51JWHCFFFW_oH_go	1unOfz	qadv-arbiter-7x7-rust-lambda-v0.1.0	-	qadv-arbiter-7x7-rust-lambda-v0.1.0	-	D	P	196
g1_UNUUahynOJzHnOCkDmda6YOV-VIypBDB5i9Ha4MSsz8	s1_uWGVSFr3edWL6l5p2K7EKU9KWtUWIO_CgRNwkA7XOD8	1unOfz	qadv-arbiter-7x7-rust-lambda-v0.1.0	-	qadv-arbiter-7x7-rust-lambda-v0.1.0	-	D	P	196
g1_UNUUahynOJzHnOCkDmda6YOV-VIypBDB5i9Ha4MSsz8	s1_vyhMNer537CZDxIrM8-p6LAMv3iVdU6DBGK9fsDrq8k	1unOfz	qadv-arbiter-7x7-rust-lambda-v0.1.0	-	qadv-arbiter-7x7-rust-lambda-v0.1.0	-	D	P	196
g1_UNaSqDsXkcSgp_UXTB0SCbYarHVyqEaAsDFAhwkXaus	s1_1av6nXQkq-GSHXfjkVlGHGpAq8F9UbW4JwZmyFA-vww	1DIZP	lunatic-v0.1.0	-	rust-pathfinder-v0.1.0	-	D	P	-
g1_UNaSqDsXkcSgp_UXTB0SCbYarHVyqEaAsDFAhwkXaus	s1_9Eroywf7tuDrn-hcfZPjlEa1DSRUykCRn9Z11u8ySIo	1DIZP	lunatic-v0.1.0	-	rust-pathfinder-v0.1.0	-	D	P	-
g1_UNaSqDsXkcSgp_UXTB0SCbYarHVyqEaAsDFAhwkXaus	s1_9Eroywf7tuDrn-hcfZPjlEa1DSRUykCRn9Z11u8ySIo	1DIZj	lunatic-v0.1.0	-	rust-pathfinder-v0.1.0	-	D	P	-
g1_UNaSqDsXkcSgp_UXTB0SCbYarHVyqEaAsDFAhwkXaus	s1_Brk0hkuJoH-MBjdd53AO5tlWcOgDWV_R0PO74fHGd_0	1DIZP	lunatic-v0.1.0	-	rust-pathfinder-v0.1.0	-	D	P	-
g1_UNaSqDsXkcSgp_UXTB0SCbYarHVyqEaAsDFAhwkXaus	s1_KmF8KhDbubz6lwdS8R_n_yTGdSONmH9B1wUABbyCj94	1DIZP	lunatic-v0.1.0	-	rust-pathfinder-v0.1.0	-	D	P	-
g1_UNaSqDsXkcSgp_UXTB0SCbYarHVyqEaAsDFAhwkXaus	s1_MKrI0a3Qd48rU7oZj28GrlQ3cHhIbUzS5ibiIW9aKy4	1DIZP	lunatic-v0.1.0	-	rust-pathfinder-v0.1.0	-	D	P	-
g1_UNaSqDsXkcSgp_UXTB0SCbYarHVyqEaAsDFAhwkXaus	s1_MKrI0a3Qd48rU7oZj28GrlQ3cHhIbUzS5ibiIW9aKy4	1DIZj	lunatic-v0.1.0	-	rust-pathfinder-v0.1.0	-	D	P	-
g1_UNaSqDsXkcSgp_UXTB0SCbYarHVyqEaAsDFAhwkXaus	s1_XloMUS0hxYEXf762lcPfaudsLmsH-CsOVZNVVU_obcA	1DIZP	lunatic-v0.1.0	-	rust-pathfinder-v0.1.0	-	D	P	-
g1_UNaSqDsXkcSgp_UXTB0SCbYarHVyqEaAsDFAhwkXaus	s1_XloMUS0hxYEXf762lcPfaudsLmsH-CsOVZNVVU_obcA	1DIZj	lunatic-v0.1.0	-	rust-pathfinder-v0.1.0	-	D	P	-
g1_UNaSqDsXkcSgp_UXTB0SCbYarHVyqEaAsDFAhwkXaus	s1_g5pGkHBMEhzAYvwFY0b24sSc7wC9JfnWApMHHZ_aMPI	1DIZP	lunatic-v0.1.0	-	rust-pathfinder-v0.1.0	-	D	P	-
g1_UNi1COign3tUs5UXpFKeUaaxuN4CCJuw4m0I4p4nlc4	s1_0jMiTxc4QgG6mQneIpFAfKgKz5lBtAOAi55AL-B3Bdw	1unN3l	qadv-arbiter-7x7-rust-lambda-v0.1.0	-	qadv-arbiter-7x7-rust-lambda-v0.1.0	-	D	P	196
g1_UNi1COign3tUs5UXpFKeUaaxuN4CCJuw4m0I4p4nlc4	s1_Ac1STcTnk4eORiYPv5ARHBkTbgCzCZ4SPvRWEZs6wk4	1unN3l	qadv-arbiter-7x7-rust-lambda-v0.1.0	-	qadv-arbiter-7x7-rust-lambda-v0.1.0	-	D	P	196
g1_UNi1COign3tUs5UXpFKeUaaxuN4CCJuw4m0I4p4nlc4	s1_MOx9jVZcjyu_8R39uiMutX_xepZeT9deLAyy5hLdSr4	1unN3l	qadv-arbiter-7x7-rust-lambda-v0.1.0	-	qadv-arbiter-7x7-rust-lambda-v0.1.0	-	D	P	196
g1_UNi1COign3tUs5UXpFKeUaaxuN4CCJuw4m0I4p4nlc4	s1_RauLaTi4eVgYHSp2TV9pqs9uzTVv0B10g9TaHMWpcZ4	1unN3l	qadv-arbiter-7x7-rust-lambda-v0.1.0	-	qadv-arbiter-7x7-rust-lambda-v0.1.0	-	D	P	-
g1_UNmhnV-vHhYtZNIU125CzgcdohZVwdNIcZvy8K4uo3k	s1__fmnSv6OnZklVvMPUjPdL6drtvfrJptRYX3nxZQO8jI	1umxrU	python-gnn-puct-scout-v0.1.0	sha256:b9f80706cc1f29076ee06fe06483697c749148a808c599579045d00a52573938	python-gnn-puct-scout-v0.1.0	sha256:b9f80706cc1f29076ee06fe06483697c749148a808c599579045d00a52573938	L	P	196
g1_UNwL1W4_3ZGfqPnxA4A07yGlsgc0n8g24iw_U_qjNAQ	s1_6PxtazPxkizz7K9QTWPSCIopEV5n0zpHoq3F52yO_6U	1umwh2	python-cnn-puct-v0.1.0	sha256:7845e9b7687beee165dc36b8d21833b7a8b5a83e31b58b49bd05c277ba26e642	python-cnn-puct-v0.1.0	sha256:7845e9b7687beee165dc36b8d21833b7a8b5a83e31b58b49bd05c277ba26e642	L	P	196
g1_UNwL1W4_3ZGfqPnxA4A07yGlsgc0n8g24iw_U_qjNAQ	s1_baRgKA_wMXdl0r4AwdkUfhWC04qxd1MvEGXAQaDd4fo	1umwh2	python-cnn-puct-v0.1.0	sha256:7845e9b7687beee165dc36b8d21833b7a8b5a83e31b58b49bd05c277ba26e642	python-cnn-puct-v0.1.0	sha256:7845e9b7687beee165dc36b8d21833b7a8b5a83e31b58b49bd05c277ba26e642	L	P	196
g1_UNxpnBo3fF_bBcv2SPHeQYslWL8tI73d28118i_DAnk	s1_2FtaP75xgRVTNrUvmC0NIesJCNy8IDFJ05WNM4nUnpg	1unQuF	surveyor-v0.2.0	-	qadv-arbiter-7x7-v0.1.0	-	L	P	196
g1_UNxpnBo3fF_bBcv2SPHeQYslWL8tI73d28118i_DAnk	s1_OX2Q0_tTlDSDWaPyjnqoAE2Ahbl-sFREVCYnmbbZ_E8	1unQuF	surveyor-v0.2.0	-	qadv-arbiter-7x7-v0.1.0	-	L	P	196
g1_UNxpnBo3fF_bBcv2SPHeQYslWL8tI73d28118i_DAnk	s1_RauLaTi4eVgYHSp2TV9pqs9uzTVv0B10g9TaHMWpcZ4	1unQuF	surveyor-v0.2.0	-	qadv-arbiter-7x7-v0.1.0	-	L	P	-
g1_UNxpnBo3fF_bBcv2SPHeQYslWL8tI73d28118i_DAnk	s1_kx1NBFbe-62P6rUJdUPP5ZPthiA1tQPtR5_pOB0xC-k	1unQuF	surveyor-v0.2.0	-	qadv-arbiter-7x7-v0.1.0	-	L	P	196
g1_UNxpnBo3fF_bBcv2SPHeQYslWL8tI73d28118i_DAnk	s1_zH0KlMvO9ekIb5d7JNxQA4unGlzevAXAO2itKEdaQkg	1unQuF	surveyor-v0.2.0	-	qadv-arbiter-7x7-v0.1.0	-	L	P	196
g1_UNy4ZtZ6S_qeGJQP5TIvY73OuGRGK2Fz-TiZBpteWbM	s1_qtlitMa-GGx-0y2heoyNRonYXf1Dq5epTexnVe9Iqtw	1umxaX	python-gnn-puct-learner-v0.1.0	sha256:ab0f739cd33d66781faf60e27797c5ccba3c04ba684f8d9e32e9c2754f4e8956	python-gnn-puct-learner-v0.1.0	sha256:ab0f739cd33d66781faf60e27797c5ccba3c04ba684f8d9e32e9c2754f4e8956	D	P	196
g1_UO-qpDKfSeagBcv5s870e7Pc4vm3_72TcB_6vgRwbXA	s1_qtlitMa-GGx-0y2heoyNRonYXf1Dq5epTexnVe9Iqtw	1umxkd	python-gnn-puct-learner-v0.1.0	sha256:ab0f739cd33d66781faf60e27797c5ccba3c04ba684f8d9e32e9c2754f4e8956	python-gnn-puct-learner-v0.1.0	sha256:ab0f739cd33d66781faf60e27797c5ccba3c04ba684f8d9e32e9c2754f4e8956	D	P	196
g1_UO3eoQjO9YHteWjq14qH64l5seknyrcKT6BO9QF2b9I	s1_M7OI4KnVSQTE4-Ius9eZDEWHRoJJrtfp0UvKObJm-Ck	1unNOk	qadv-arbiter-7x7-rust-lambda-v0.1.0	-	qadv-arbiter-7x7-rust-lambda-v0.1.0	-	D	P	196
g1_UO3eoQjO9YHteWjq14qH64l5seknyrcKT6BO9QF2b9I	s1_RauLaTi4eVgYHSp2TV9pqs9uzTVv0B10g9TaHMWpcZ4	1unNOk	qadv-arbiter-7x7-rust-lambda-v0.1.0	-	qadv-arbiter-7x7-rust-lambda-v0.1.0	-	D	P	-
g1_UO3eoQjO9YHteWjq14qH64l5seknyrcKT6BO9QF2b9I	s1_RtUwYNGbgZ_CNGJ_6gised-Azi0D_0bMpbSdSz26oh4	1unNOk	qadv-arbiter-7x7-rust-lambda-v0.1.0	-	qadv-arbiter-7x7-rust-lambda-v0.1.0	-	D	P	196
g1_UO3eoQjO9YHteWjq14qH64l5seknyrcKT6BO9QF2b9I	s1_t-Ii-URClmr0DZPB3eQnwm8p5l_KkWFUEChMU2ydAxU	1unNOk	qadv-arbiter-7x7-rust-lambda-v0.1.0	-	qadv-arbiter-7x7-rust-lambda-v0.1.0	-	D	P	196
g1_UO6pPUidKf6HpQOQb9llD2k0Hp_wlaUbzFdpievshT0	s1_1av6nXQkq-GSHXfjkVlGHGpAq8F9UbW4JwZmyFA-vww	1DIe4	python-gnn-puct-v0.1.0	sha256:6f9ad6e4a0993da3cf34a8549e86f9b5d512c51e11bfa76dfe051e7a8801bdac	python-gnn-puct-v0.1.0	sha256:6f9ad6e4a0993da3cf34a8549e86f9b5d512c51e11bfa76dfe051e7a8801bdac	D	P	196
g1_UO6pPUidKf6HpQOQb9llD2k0Hp_wlaUbzFdpievshT0	s1_Brk0hkuJoH-MBjdd53AO5tlWcOgDWV_R0PO74fHGd_0	1DIe4	python-gnn-puct-v0.1.0	sha256:6f9ad6e4a0993da3cf34a8549e86f9b5d512c51e11bfa76dfe051e7a8801bdac	python-gnn-puct-v0.1.0	sha256:6f9ad6e4a0993da3cf34a8549e86f9b5d512c51e11bfa76dfe051e7a8801bdac	D	P	196
g1_UO6pPUidKf6HpQOQb9llD2k0Hp_wlaUbzFdpievshT0	s1_KmF8KhDbubz6lwdS8R_n_yTGdSONmH9B1wUABbyCj94	1DIe4	python-gnn-puct-v0.1.0	sha256:6f9ad6e4a0993da3cf34a8549e86f9b5d512c51e11bfa76dfe051e7a8801bdac	python-gnn-puct-v0.1.0	sha256:6f9ad6e4a0993da3cf34a8549e86f9b5d512c51e11bfa76dfe051e7a8801bdac	D	P	196
g1_UO6pPUidKf6HpQOQb9llD2k0Hp_wlaUbzFdpievshT0	s1_g5pGkHBMEhzAYvwFY0b24sSc7wC9JfnWApMHHZ_aMPI	1DIe4	python-gnn-puct-v0.1.0	sha256:6f9ad6e4a0993da3cf34a8549e86f9b5d512c51e11bfa76dfe051e7a8801bdac	python-gnn-puct-v0.1.0	sha256:6f9ad6e4a0993da3cf34a8549e86f9b5d512c51e11bfa76dfe051e7a8801bdac	D	P	196
g1_UO6pPUidKf6HpQOQb9llD2k0Hp_wlaUbzFdpievshT0	s1_tol_POp6BcgBLMWq8iDfRBQSAXpESHxFwmcCQYXv0yQ	1DIe4	python-gnn-puct-v0.1.0	sha256:6f9ad6e4a0993da3cf34a8549e86f9b5d512c51e11bfa76dfe051e7a8801bdac	python-gnn-puct-v0.1.0	sha256:6f9ad6e4a0993da3cf34a8549e86f9b5d512c51e11bfa76dfe051e7a8801bdac	D	P	196
g1_UOADwujgsDnEgIEw_jEVNR7JXucm55Hi4f3v8GNUHhE	s1_0iPGqlIL2_lQskBZCIILzt-EzAVNfjaVx3EWsINnbeg	1unR3r	lunatic-v0.1.0	-	qadv-arbiter-7x7-v0.1.0	-	L	P	196
g1_UOADwujgsDnEgIEw_jEVNR7JXucm55Hi4f3v8GNUHhE	s1_2FtaP75xgRVTNrUvmC0NIesJCNy8IDFJ05WNM4nUnpg	1unR3r	lunatic-v0.1.0	-	qadv-arbiter-7x7-v0.1.0	-	L	P	196
g1_UOADwujgsDnEgIEw_jEVNR7JXucm55Hi4f3v8GNUHhE	s1_O_uHBJKrhwmWlTu_mKPB9OGQAkZtIPBAkOGIcTMQrP8	1unR3r	lunatic-v0.1.0	-	qadv-arbiter-7x7-v0.1.0	-	L	P	196
g1_UOADwujgsDnEgIEw_jEVNR7JXucm55Hi4f3v8GNUHhE	s1_RauLaTi4eVgYHSp2TV9pqs9uzTVv0B10g9TaHMWpcZ4	1unR3r	lunatic-v0.1.0	-	qadv-arbiter-7x7-v0.1.0	-	L	P	-
g1_UOBnsqMUj3xF5gJLHZ6-Fgb0dZSr1DzDp6kH1xzjgK8	s1_2FtaP75xgRVTNrUvmC0NIesJCNy8IDFJ05WNM4nUnpg	1unQnI	qadv-arbiter-7x7-v0.1.0	-	pathfinder-v0.3.0	-	D	P	196
g1_UOBnsqMUj3xF5gJLHZ6-Fgb0dZSr1DzDp6kH1xzjgK8	s1_7m6rzVUMwKb2ze4m0l4101Ex_LeBD751xgIP1pyiYhY	1unQnI	qadv-arbiter-7x7-v0.1.0	-	pathfinder-v0.3.0	-	D	P	196
g1_UOBnsqMUj3xF5gJLHZ6-Fgb0dZSr1DzDp6kH1xzjgK8	s1_RauLaTi4eVgYHSp2TV9pqs9uzTVv0B10g9TaHMWpcZ4	1unQnI	qadv-arbiter-7x7-v0.1.0	-	pathfinder-v0.3.0	-	D	P	-
g1_UOBnsqMUj3xF5gJLHZ6-Fgb0dZSr1DzDp6kH1xzjgK8	s1_gJa-v6pPqmOFTE7QMgU0O38UAmKNwAESYHgNGNGG35A	1unQnI	qadv-arbiter-7x7-v0.1.0	-	pathfinder-v0.3.0	-	D	P	196
g1_UOEE0EE65HigT_0tTsqyG8XwycBjkLW3d6oO8gALkbE	s1_1LB6NAgPOeCp4r8rQw4kUOIXWpEdWysFm5RZjWCQSgc	1umwRP	python-gnn-puct-learner-v0.1.0	sha256:ab0f739cd33d66781faf60e27797c5ccba3c04ba684f8d9e32e9c2754f4e8956	python-gnn-puct-learner-v0.1.0	sha256:ab0f739cd33d66781faf60e27797c5ccba3c04ba684f8d9e32e9c2754f4e8956	L	P	196
g1_UOEE0EE65HigT_0tTsqyG8XwycBjkLW3d6oO8gALkbE	s1_P4NHYhwuVnEA-dG2X-UVeVotb84A5mwljbYTlTMqr8w	1umwRP	python-gnn-puct-learner-v0.1.0	sha256:ab0f739cd33d66781faf60e27797c5ccba3c04ba684f8d9e32e9c2754f4e8956	python-gnn-puct-learner-v0.1.0	sha256:ab0f739cd33d66781faf60e27797c5ccba3c04ba684f8d9e32e9c2754f4e8956	L	P	196
g1_UOKBY7xLOUOHQQDth6vOMgDQt9KRC8gfztrXbySiR4o	s1_-gfw-XOWa89NbIzvfUkFNILhMwTohxXwkYuVhmIb3bc	1unPXb	qadv-arbiter-7x7-rust-lambda-v0.1.0	-	qadv-arbiter-7x7-rust-lambda-v0.1.0	-	D	P	196
g1_UOKBY7xLOUOHQQDth6vOMgDQt9KRC8gfztrXbySiR4o	s1_FNwxhrcbYbOjwcV-B-csQgW_xWlgkoUdpw2UNWwF3Ps	1unPXb	qadv-arbiter-7x7-rust-lambda-v0.1.0	-	qadv-arbiter-7x7-rust-lambda-v0.1.0	-	D	P	196
g1_UOKBY7xLOUOHQQDth6vOMgDQt9KRC8gfztrXbySiR4o	s1_RauLaTi4eVgYHSp2TV9pqs9uzTVv0B10g9TaHMWpcZ4	1unPXb	qadv-arbiter-7x7-rust-lambda-v0.1.0	-	qadv-arbiter-7x7-rust-lambda-v0.1.0	-	D	P	-
g1_UOKBY7xLOUOHQQDth6vOMgDQt9KRC8gfztrXbySiR4o	s1_i3HDTShtYgNjq7BLMmIPLkkqzOkmppk_j74QUYWlwdA	1unPXb	qadv-arbiter-7x7-rust-lambda-v0.1.0	-	qadv-arbiter-7x7-rust-lambda-v0.1.0	-	D	P	196
g1_UOQ5c4Whwe7yrlS1FjGwp6gf2HqzlqiAVas4_tkpRfM	s1_1av6nXQkq-GSHXfjkVlGHGpAq8F9UbW4JwZmyFA-vww	1umvAv	coin-flip-v0.0.1	-	pathfinder-v0.3.0	-	D	P	196
g1_UOQ5c4Whwe7yrlS1FjGwp6gf2HqzlqiAVas4_tkpRfM	s1_Brk0hkuJoH-MBjdd53AO5tlWcOgDWV_R0PO74fHGd_0	1umvAv	coin-flip-v0.0.1	-	pathfinder-v0.3.0	-	D	P	196
g1_UOQ5c4Whwe7yrlS1FjGwp6gf2HqzlqiAVas4_tkpRfM	s1_QzXKB60HvV5g6-cJIu-NdpeFb1rCgFAJD1cxfdkoMm0	1umvAv	coin-flip-v0.0.1	-	pathfinder-v0.3.0	-	D	P	196
g1_UOWiw7zewtjivUCKVk-KC0n1IVzQa3JNjFqqThBTAhI	s1_1av6nXQkq-GSHXfjkVlGHGpAq8F9UbW4JwZmyFA-vww	1umv1B	lunatic-v0.1.0	-	rust-pathfinder-v0.1.0	-	D	P	-
g1_UOWiw7zewtjivUCKVk-KC0n1IVzQa3JNjFqqThBTAhI	s1_9Eroywf7tuDrn-hcfZPjlEa1DSRUykCRn9Z11u8ySIo	1umv1B	lunatic-v0.1.0	-	rust-pathfinder-v0.1.0	-	D	P	-
g1_UOWiw7zewtjivUCKVk-KC0n1IVzQa3JNjFqqThBTAhI	s1_Brk0hkuJoH-MBjdd53AO5tlWcOgDWV_R0PO74fHGd_0	1umv1B	lunatic-v0.1.0	-	rust-pathfinder-v0.1.0	-	D	P	-
g1_UOWiw7zewtjivUCKVk-KC0n1IVzQa3JNjFqqThBTAhI	s1_KmF8KhDbubz6lwdS8R_n_yTGdSONmH9B1wUABbyCj94	1umv1B	lunatic-v0.1.0	-	rust-pathfinder-v0.1.0	-	D	P	-
g1_UOWiw7zewtjivUCKVk-KC0n1IVzQa3JNjFqqThBTAhI	s1_S06ybw0yDIIqiOwgmMxEdlMUe_DdAoxGfY5D91Fh580	1umv1B	lunatic-v0.1.0	-	rust-pathfinder-v0.1.0	-	D	P	-
g1_UOWiw7zewtjivUCKVk-KC0n1IVzQa3JNjFqqThBTAhI	s1_g5pGkHBMEhzAYvwFY0b24sSc7wC9JfnWApMHHZ_aMPI	1umv1B	lunatic-v0.1.0	-	rust-pathfinder-v0.1.0	-	D	P	-
g1_UOWiw7zewtjivUCKVk-KC0n1IVzQa3JNjFqqThBTAhI	s1_yzrkPDA5egXCkdg9BV9wK4-9CohJuc_ZO3uCNV9xrw8	1umv1B	lunatic-v0.1.0	-	rust-pathfinder-v0.1.0	-	D	P	-
g1_UOZk0JViffG5FNcxhmM_tyVuPH3noi7Rdfy1sg5PTbY	s1_16FG-pMAjzpKeeZ48-i4xKP3aWpl_bQR8xiCyzhLRoc	1unMKQ	qadv-arbiter-7x7-rust-lambda-v0.1.0	-	qadv-arbiter-7x7-rust-lambda-v0.1.0	-	L	P	196
g1_UOZk0JViffG5FNcxhmM_tyVuPH3noi7Rdfy1sg5PTbY	s1_RauLaTi4eVgYHSp2TV9pqs9uzTVv0B10g9TaHMWpcZ4	1unMKQ	qadv-arbiter-7x7-rust-lambda-v0.1.0	-	qadv-arbiter-7x7-rust-lambda-v0.1.0	-	L	P	-
g1_UOZk0JViffG5FNcxhmM_tyVuPH3noi7Rdfy1sg5PTbY	s1_YBs2D2gUCkKQZKiiygl8iCA75QUy4YK3t55vHJ-uZ1Y	1unMKQ	qadv-arbiter-7x7-rust-lambda-v0.1.0	-	qadv-arbiter-7x7-rust-lambda-v0.1.0	-	L	P	196
g1_UOZk0JViffG5FNcxhmM_tyVuPH3noi7Rdfy1sg5PTbY	s1_lNX-HGomlRXBnOi1xRcl9ODjVB30PiKTvXyCebmwfxc	1unMKQ	qadv-arbiter-7x7-rust-lambda-v0.1.0	-	qadv-arbiter-7x7-rust-lambda-v0.1.0	-	L	P	196
g1_UOsjzkgh_UAkm8iCCsTnyPuksZcYkIpK0Wyca4PhQGQ	s1_6xOYEJdeNYjJhLCureh9ShOWXuJ8EDOqki8og8OahRU	1unOP7	qadv-arbiter-7x7-rust-lambda-v0.1.0	-	qadv-arbiter-7x7-rust-lambda-v0.1.0	-	L	P	196
g1_UOsjzkgh_UAkm8iCCsTnyPuksZcYkIpK0Wyca4PhQGQ	s1_Oef-Xhk-WbFuAHTpHpmGOGetXsLlonpovkEiYl4wjBY	1unOP7	qadv-arbiter-7x7-rust-lambda-v0.1.0	-	qadv-arbiter-7x7-rust-lambda-v0.1.0	-	L	P	196
g1_UOsjzkgh_UAkm8iCCsTnyPuksZcYkIpK0Wyca4PhQGQ	s1_RauLaTi4eVgYHSp2TV9pqs9uzTVv0B10g9TaHMWpcZ4	1unOP7	qadv-arbiter-7x7-rust-lambda-v0.1.0	-	qadv-arbiter-7x7-rust-lambda-v0.1.0	-	L	P	-
g1_UOsjzkgh_UAkm8iCCsTnyPuksZcYkIpK0Wyca4PhQGQ	s1_xQbpnHyLUbnnFwwcJrUU2Uwpsrtr4tu7GKl1hcVnCqw	1unOP7	qadv-arbiter-7x7-rust-lambda-v0.1.0	-	qadv-arbiter-7x7-rust-lambda-v0.1.0	-	L	P	196
g1_UOupu-ADuaGvz9QQ0MWw6Tty0BqLDbPO1XYmTaFsMeE	s1_RT7kPw71UXN1qQ_bzRsyba6EHQObEPnfwB1rloPDi1s	1unO8v	qadv-arbiter-7x7-rust-lambda-v0.1.0	-	qadv-arbiter-7x7-rust-lambda-v0.1.0	-	L	P	196
g1_UOupu-ADuaGvz9QQ0MWw6Tty0BqLDbPO1XYmTaFsMeE	s1_RauLaTi4eVgYHSp2TV9pqs9uzTVv0B10g9TaHMWpcZ4	1unO8v	qadv-arbiter-7x7-rust-lambda-v0.1.0	-	qadv-arbiter-7x7-rust-lambda-v0.1.0	-	L	P	-
g1_UOupu-ADuaGvz9QQ0MWw6Tty0BqLDbPO1XYmTaFsMeE	s1_YBuiU0rEMJDaAjhaFQpx3rFYoD_BKyW1GTPhB3kflO0	1unO8v	qadv-arbiter-7x7-rust-lambda-v0.1.0	-	qadv-arbiter-7x7-rust-lambda-v0.1.0	-	L	P	196
g1_UOupu-ADuaGvz9QQ0MWw6Tty0BqLDbPO1XYmTaFsMeE	s1_dySQgwCa8yAS0UtO7pREp4zI1EpwK6d_FdpYTc7-EhE	1unO8v	qadv-arbiter-7x7-rust-lambda-v0.1.0	-	qadv-arbiter-7x7-rust-lambda-v0.1.0	-	L	P	196
g1_UPJZknGZVG-m9BqWbDJ4_ctowiTnMlqfoHY0BKBA6Is	s1_22ybo-yTHXuLbvNwQ0H6V5i_kJC-66ChH8dSmuHoOok	1unNys	qadv-arbiter-7x7-rust-lambda-v0.1.0	-	qadv-arbiter-7x7-rust-lambda-v0.1.0	-	L	P	196
g1_UPJZknGZVG-m9BqWbDJ4_ctowiTnMlqfoHY0BKBA6Is	s1_RauLaTi4eVgYHSp2TV9pqs9uzTVv0B10g9TaHMWpcZ4	1unNys	qadv-arbiter-7x7-rust-lambda-v0.1.0	-	qadv-arbiter-7x7-rust-lambda-v0.1.0	-	L	P	-
g1_UPJZknGZVG-m9BqWbDJ4_ctowiTnMlqfoHY0BKBA6Is	s1_oQxz0bsLO_pTXzA6m9T9QckAL53quVvyylGVw33cch8	1unNys	qadv-arbiter-7x7-rust-lambda-v0.1.0	-	qadv-arbiter-7x7-rust-lambda-v0.1.0	-	L	P	196
g1_UPJZknGZVG-m9BqWbDJ4_ctowiTnMlqfoHY0BKBA6Is	s1_tuDND52sz0mrRdCPehP2so1M9zAF_6qa61Tfy5zYbO8	1unNys	qadv-arbiter-7x7-rust-lambda-v0.1.0	-	qadv-arbiter-7x7-rust-lambda-v0.1.0	-	L	P	196
g1_UPQyYDnLD93vkbQXpQvkvuSzaFrP0rL4rXo187A3UIM	s1_IN4gjvmTpsq2e_xEe9fCBe3lrbKFk78A8zraNWXvLmY	1unNm6	qadv-arbiter-7x7-rust-lambda-v0.1.0	-	qadv-arbiter-7x7-rust-lambda-v0.1.0	-	L	P	196
g1_UPQyYDnLD93vkbQXpQvkvuSzaFrP0rL4rXo187A3UIM	s1_RauLaTi4eVgYHSp2TV9pqs9uzTVv0B10g9TaHMWpcZ4	1unNm6	qadv-arbiter-7x7-rust-lambda-v0.1.0	-	qadv-arbiter-7x7-rust-lambda-v0.1.0	-	L	P	-
g1_UPQyYDnLD93vkbQXpQvkvuSzaFrP0rL4rXo187A3UIM	s1_V3DFO9iQKrHV1_Lln5qhQr-sAznYPFLVvEuo_CqVgC0	1unNm6	qadv-arbiter-7x7-rust-lambda-v0.1.0	-	qadv-arbiter-7x7-rust-lambda-v0.1.0	-	L	P	196
g1_UPQyYDnLD93vkbQXpQvkvuSzaFrP0rL4rXo187A3UIM	s1_X9cTCD9Go3JMbc4fT35q61tohrIX518ofQ29b5rQrfA	1unNm6	qadv-arbiter-7x7-rust-lambda-v0.1.0	-	qadv-arbiter-7x7-rust-lambda-v0.1.0	-	L	P	196
g1_UPVbt7gKypnR_e8AeF9FbT7evrUvz8wOeS1HAoA-Zlc	s1_RauLaTi4eVgYHSp2TV9pqs9uzTVv0B10g9TaHMWpcZ4	1unN84	qadv-arbiter-7x7-rust-lambda-v0.1.0	-	qadv-arbiter-7x7-rust-lambda-v0.1.0	-	L	P	-
g1_UPVbt7gKypnR_e8AeF9FbT7evrUvz8wOeS1HAoA-Zlc	s1_WQe7GRewELtbHCLXt7rg7PQvegT24p0NSbFWS9yFv8Q	1unN84	qadv-arbiter-7x7-rust-lambda-v0.1.0	-	qadv-arbiter-7x7-rust-lambda-v0.1.0	-	L	P	196
g1_UPVbt7gKypnR_e8AeF9FbT7evrUvz8wOeS1HAoA-Zlc	s1_n1OQjvS0d92i2YiXC3LaWkf0D5JBg8bwuit3ydGZZ-E	1unN84	qadv-arbiter-7x7-rust-lambda-v0.1.0	-	qadv-arbiter-7x7-rust-lambda-v0.1.0	-	L	P	196
g1_UPVbt7gKypnR_e8AeF9FbT7evrUvz8wOeS1HAoA-Zlc	s1_nZLcFQWLvZefgwxbXYIn0oecmRwVjBiAjTJsatMZuis	1unN84	qadv-arbiter-7x7-rust-lambda-v0.1.0	-	qadv-arbiter-7x7-rust-lambda-v0.1.0	-	L	P	196
g1_UP_IwlEJAQT8R_1tta2UmedfqgmBH-5G8_5xgVAzbl0	s1_6PxtazPxkizz7K9QTWPSCIopEV5n0zpHoq3F52yO_6U	1umwgg	python-cnn-puct-v0.1.0	sha256:7845e9b7687beee165dc36b8d21833b7a8b5a83e31b58b49bd05c277ba26e642	python-cnn-puct-v0.1.0	sha256:7845e9b7687beee165dc36b8d21833b7a8b5a83e31b58b49bd05c277ba26e642	D	P	196
g1_UP_IwlEJAQT8R_1tta2UmedfqgmBH-5G8_5xgVAzbl0	s1_baRgKA_wMXdl0r4AwdkUfhWC04qxd1MvEGXAQaDd4fo	1umwgg	python-cnn-puct-v0.1.0	sha256:7845e9b7687beee165dc36b8d21833b7a8b5a83e31b58b49bd05c277ba26e642	python-cnn-puct-v0.1.0	sha256:7845e9b7687beee165dc36b8d21833b7a8b5a83e31b58b49bd05c277ba26e642	D	P	196
g1_UPfmsuqLnd01Ds2v3T5UhV7paEL8v0WAplxsOXgrTY4	s1_6IpHiQoojSaGEm72xnnLjomEbV5SyoxnlIlHUtD3rps	1unOCN	qadv-arbiter-7x7-rust-lambda-v0.1.0	-	qadv-arbiter-7x7-rust-lambda-v0.1.0	-	L	P	196
g1_UPfmsuqLnd01Ds2v3T5UhV7paEL8v0WAplxsOXgrTY4	s1_F3uYFSEyiAJ5ZDADA5uEaQsyPSuar9VH77CkkK93l90	1unOCN	qadv-arbiter-7x7-rust-lambda-v0.1.0	-	qadv-arbiter-7x7-rust-lambda-v0.1.0	-	L	P	196
g1_UPfmsuqLnd01Ds2v3T5UhV7paEL8v0WAplxsOXgrTY4	s1_RauLaTi4eVgYHSp2TV9pqs9uzTVv0B10g9TaHMWpcZ4	1unOCN	qadv-arbiter-7x7-rust-lambda-v0.1.0	-	qadv-arbiter-7x7-rust-lambda-v0.1.0	-	L	P	-
g1_UPfmsuqLnd01Ds2v3T5UhV7paEL8v0WAplxsOXgrTY4	s1__qhPWsvkkywjII3QFLTMFLz6NH9dOqpIeKsu3nT409U	1unOCN	qadv-arbiter-7x7-rust-lambda-v0.1.0	-	qadv-arbiter-7x7-rust-lambda-v0.1.0	-	L	P	196
g1_UPjFP4nfSv-_kW5TPialBtDJsScbTKhaD8juEe6FOu8	s1_9Ff5oQTz9rnqN_XHyWEmz2TkDtDCSjGQOfqElFuLl2U	1umvyr	python-gnn-puct-learner-v0.1.0	sha256:ab0f739cd33d66781faf60e27797c5ccba3c04ba684f8d9e32e9c2754f4e8956	python-gnn-puct-learner-v0.1.0	sha256:ab0f739cd33d66781faf60e27797c5ccba3c04ba684f8d9e32e9c2754f4e8956	L	P	196
g1_UPkUhzny6cttXAS3UEtmqhACGSfa2cFSp6Nh7xmdunc	s1_1av6nXQkq-GSHXfjkVlGHGpAq8F9UbW4JwZmyFA-vww	1DIYU	rust-pathfinder-v0.1.0	-	lunatic-v0.1.0	-	L	P	-
g1_UPkUhzny6cttXAS3UEtmqhACGSfa2cFSp6Nh7xmdunc	s1_9Eroywf7tuDrn-hcfZPjlEa1DSRUykCRn9Z11u8ySIo	1DIYU	rust-pathfinder-v0.1.0	-	lunatic-v0.1.0	-	L	P	-
g1_UPkUhzny6cttXAS3UEtmqhACGSfa2cFSp6Nh7xmdunc	s1_Brk0hkuJoH-MBjdd53AO5tlWcOgDWV_R0PO74fHGd_0	1DIYU	rust-pathfinder-v0.1.0	-	lunatic-v0.1.0	-	L	P	-
g1_UPkUhzny6cttXAS3UEtmqhACGSfa2cFSp6Nh7xmdunc	s1_KmF8KhDbubz6lwdS8R_n_yTGdSONmH9B1wUABbyCj94	1DIYU	rust-pathfinder-v0.1.0	-	lunatic-v0.1.0	-	L	P	-
g1_UPkUhzny6cttXAS3UEtmqhACGSfa2cFSp6Nh7xmdunc	s1_MKrI0a3Qd48rU7oZj28GrlQ3cHhIbUzS5ibiIW9aKy4	1DIYU	rust-pathfinder-v0.1.0	-	lunatic-v0.1.0	-	L	P	-
g1_UPkUhzny6cttXAS3UEtmqhACGSfa2cFSp6Nh7xmdunc	s1_XloMUS0hxYEXf762lcPfaudsLmsH-CsOVZNVVU_obcA	1DIYU	rust-pathfinder-v0.1.0	-	lunatic-v0.1.0	-	L	P	-
g1_UPkUhzny6cttXAS3UEtmqhACGSfa2cFSp6Nh7xmdunc	s1_g5pGkHBMEhzAYvwFY0b24sSc7wC9JfnWApMHHZ_aMPI	1DIYU	rust-pathfinder-v0.1.0	-	lunatic-v0.1.0	-	L	P	-
g1_UPyqt7rxCoqy5laYbfzQ_3nSV2WnRy97hNUV81CaNMQ	s1_7FIu85-v_e-kbNsQ2UNk3yRt-KGcLyUjpmVwIc9cnfM	1umwER	python-gnn-puct-scout-v0.1.0	sha256:b9f80706cc1f29076ee06fe06483697c749148a808c599579045d00a52573938	python-gnn-puct-scout-v0.1.0	sha256:b9f80706cc1f29076ee06fe06483697c749148a808c599579045d00a52573938	D	P	196
g1_UPyqt7rxCoqy5laYbfzQ_3nSV2WnRy97hNUV81CaNMQ	s1_S8AGNBNcWBvWiwIo-AOAHPoHuZo2XvcsYvhgQxGTkrY	1umwER	python-gnn-puct-scout-v0.1.0	sha256:b9f80706cc1f29076ee06fe06483697c749148a808c599579045d00a52573938	python-gnn-puct-scout-v0.1.0	sha256:b9f80706cc1f29076ee06fe06483697c749148a808c599579045d00a52573938	D	P	196
g1_UPyxsNTDX9jWqK5Pa_fE4CQn1mOf8Bx4Db28q7_4a8Y	s1_2FtaP75xgRVTNrUvmC0NIesJCNy8IDFJ05WNM4nUnpg	1unQtl	surveyor-v0.2.0	-	qadv-arbiter-7x7-v0.1.0	-	L	P	196
g1_UPyxsNTDX9jWqK5Pa_fE4CQn1mOf8Bx4Db28q7_4a8Y	s1_RauLaTi4eVgYHSp2TV9pqs9uzTVv0B10g9TaHMWpcZ4	1unQtl	surveyor-v0.2.0	-	qadv-arbiter-7x7-v0.1.0	-	L	P	-
g1_UPyxsNTDX9jWqK5Pa_fE4CQn1mOf8Bx4Db28q7_4a8Y	s1_kx1NBFbe-62P6rUJdUPP5ZPthiA1tQPtR5_pOB0xC-k	1unQtl	surveyor-v0.2.0	-	qadv-arbiter-7x7-v0.1.0	-	L	P	196
g1_UPyxsNTDX9jWqK5Pa_fE4CQn1mOf8Bx4Db28q7_4a8Y	s1_ovyTuA2XObgUEpAEIhLSzSENE55IyA6mKL15uzbX7aU	1unQtl	surveyor-v0.2.0	-	qadv-arbiter-7x7-v0.1.0	-	L	P	196
g1_UPyxsNTDX9jWqK5Pa_fE4CQn1mOf8Bx4Db28q7_4a8Y	s1_zH0KlMvO9ekIb5d7JNxQA4unGlzevAXAO2itKEdaQkg	1unQtl	surveyor-v0.2.0	-	qadv-arbiter-7x7-v0.1.0	-	L	P	196
g1_UQ-NxI9rAUFYQ_UH2QGjaibqcHZZqF9d_fq9NVOTz-U	s1_1av6nXQkq-GSHXfjkVlGHGpAq8F9UbW4JwZmyFA-vww	1umvFh	pathfinder-v0.3.0	-	gnn-scout-7x7	sha256:7d34820fd656875b3ac4a0142e8f22179d11b133feb3321d0eb735b2a7abd027	L	P	196
g1_UQ-NxI9rAUFYQ_UH2QGjaibqcHZZqF9d_fq9NVOTz-U	s1_Brk0hkuJoH-MBjdd53AO5tlWcOgDWV_R0PO74fHGd_0	1umvFh	pathfinder-v0.3.0	-	gnn-scout-7x7	sha256:7d34820fd656875b3ac4a0142e8f22179d11b133feb3321d0eb735b2a7abd027	L	P	196
g1_UQ-NxI9rAUFYQ_UH2QGjaibqcHZZqF9d_fq9NVOTz-U	s1_QzXKB60HvV5g6-cJIu-NdpeFb1rCgFAJD1cxfdkoMm0	1umvFh	pathfinder-v0.3.0	-	gnn-scout-7x7	sha256:7d34820fd656875b3ac4a0142e8f22179d11b133feb3321d0eb735b2a7abd027	L	P	196
g1_UQAQj6WQdH0rRZjMR-bQFY1pCYMJZUzwyLB_XTiSH4w	s1_O3cuwuia8XT9TI7Nxr3tRcajOA20XFHEIT2fYX3WizY	1un3go	qadv-arbiter-guided-7x7-v0.2.0	sha256:9c0e5e530df7db77a98f6a2e75fe63a6f629c6ad6563e0b5454793ebc243b14d	pathfinder-v0.3.0	-	D	P	196
g1_UQAQj6WQdH0rRZjMR-bQFY1pCYMJZUzwyLB_XTiSH4w	s1_TYXHQvjQZ2GJ5isdonJSbQODrFXbVToE7ZA6YAiW1Sw	1un3go	qadv-arbiter-guided-7x7-v0.2.0	sha256:9c0e5e530df7db77a98f6a2e75fe63a6f629c6ad6563e0b5454793ebc243b14d	pathfinder-v0.3.0	-	D	P	196
g1_UQAQj6WQdH0rRZjMR-bQFY1pCYMJZUzwyLB_XTiSH4w	s1_uwbLtYhCIY1sqGt_H5JQsCHIctNBX0e3jgQb5Bvcxzo	1un3go	qadv-arbiter-guided-7x7-v0.2.0	sha256:9c0e5e530df7db77a98f6a2e75fe63a6f629c6ad6563e0b5454793ebc243b14d	pathfinder-v0.3.0	-	D	P	196
g1_UQSdQh0xbkKUrUcR2nigmHIZYRn67kAj0Sp7cexg3kc	s1_2FtaP75xgRVTNrUvmC0NIesJCNy8IDFJ05WNM4nUnpg	1unQ_j	lunatic-v0.1.0	-	qadv-arbiter-7x7-v0.1.0	-	L	P	196
g1_UQSdQh0xbkKUrUcR2nigmHIZYRn67kAj0Sp7cexg3kc	s1_81jnOPG0KC6WWl88_LfugVl-IsJ52eOaMQkHQwGq_MA	1unQ_j	lunatic-v0.1.0	-	qadv-arbiter-7x7-v0.1.0	-	L	P	196
g1_UQSdQh0xbkKUrUcR2nigmHIZYRn67kAj0Sp7cexg3kc	s1_RauLaTi4eVgYHSp2TV9pqs9uzTVv0B10g9TaHMWpcZ4	1unQ_j	lunatic-v0.1.0	-	qadv-arbiter-7x7-v0.1.0	-	L	P	-
g1_UQSdQh0xbkKUrUcR2nigmHIZYRn67kAj0Sp7cexg3kc	s1_hE8A4yK5iupsdGkipemOxA4M53askD-Zo-mFIbWU9cA	1unQ_j	lunatic-v0.1.0	-	qadv-arbiter-7x7-v0.1.0	-	L	P	196
g1_UQYAVBZOxgi4L7sAzRw1APkErNcqEIcH9WETA3_lIvs	s1_2FtaP75xgRVTNrUvmC0NIesJCNy8IDFJ05WNM4nUnpg	1unQxm	qadv-arbiter-7x7-v0.1.0	-	surveyor-v0.2.0	-	D	P	196
g1_UQYAVBZOxgi4L7sAzRw1APkErNcqEIcH9WETA3_lIvs	s1_F1bRTMMc7WPBHhcU2WhUt_ZCP3YyTFtaERJ-_FH31CA	1unQxm	qadv-arbiter-7x7-v0.1.0	-	surveyor-v0.2.0	-	D	P	196
g1_UQYAVBZOxgi4L7sAzRw1APkErNcqEIcH9WETA3_lIvs	s1_RauLaTi4eVgYHSp2TV9pqs9uzTVv0B10g9TaHMWpcZ4	1unQxm	qadv-arbiter-7x7-v0.1.0	-	surveyor-v0.2.0	-	D	P	-
g1_UQYAVBZOxgi4L7sAzRw1APkErNcqEIcH9WETA3_lIvs	s1_mwfjYNRD3oDakQed5m03zR4Z74sH2DTNO4NhANADk0o	1unQxm	qadv-arbiter-7x7-v0.1.0	-	surveyor-v0.2.0	-	D	P	196
g1_UQaZnKGjafWE7cUxvWHG9G-yhJj1UEiK0WTJFJT2F3c	s1_CUOQxH_nQWGLVRBXWuaKn8CheMqC85DxZ6E_oOit7ww	1unM-Z	qadv-arbiter-7x7-rust-lambda-v0.1.0	-	qadv-arbiter-7x7-rust-lambda-v0.1.0	-	L	P	196
g1_UQaZnKGjafWE7cUxvWHG9G-yhJj1UEiK0WTJFJT2F3c	s1_Mv0dK1xe3JL6uLQPy9U97ZVdE6_p8bgYKwMBo66-AkQ	1unM-Z	qadv-arbiter-7x7-rust-lambda-v0.1.0	-	qadv-arbiter-7x7-rust-lambda-v0.1.0	-	L	P	196
g1_UQaZnKGjafWE7cUxvWHG9G-yhJj1UEiK0WTJFJT2F3c	s1_RauLaTi4eVgYHSp2TV9pqs9uzTVv0B10g9TaHMWpcZ4	1unM-Z	qadv-arbiter-7x7-rust-lambda-v0.1.0	-	qadv-arbiter-7x7-rust-lambda-v0.1.0	-	L	P	-
g1_UQaZnKGjafWE7cUxvWHG9G-yhJj1UEiK0WTJFJT2F3c	s1_UbrKVWQMwQB7ZKAyedB-NInHZNZ1Qgz2D2KUp2R5ygw	1unM-Z	qadv-arbiter-7x7-rust-lambda-v0.1.0	-	qadv-arbiter-7x7-rust-lambda-v0.1.0	-	L	P	196
g1_UQgH8pT4YrQJmR7qtpFFmdSfll782dKOrQ5vg5NK7CA	s1_O3cuwuia8XT9TI7Nxr3tRcajOA20XFHEIT2fYX3WizY	1un4B8	qadv-arbiter-guided-7x7-v0.2.0	sha256:9c0e5e530df7db77a98f6a2e75fe63a6f629c6ad6563e0b5454793ebc243b14d	pathfinder-v0.3.0	-	D	P	196
g1_UQgH8pT4YrQJmR7qtpFFmdSfll782dKOrQ5vg5NK7CA	s1_bu4yUwwDMqKDhLXEtnBsv1ZAJagIFi7EKmSaiui1_WE	1un4B8	qadv-arbiter-guided-7x7-v0.2.0	sha256:9c0e5e530df7db77a98f6a2e75fe63a6f629c6ad6563e0b5454793ebc243b14d	pathfinder-v0.3.0	-	D	P	196
g1_UQgH8pT4YrQJmR7qtpFFmdSfll782dKOrQ5vg5NK7CA	s1_mlXHsG8-xxT7rKwSZelP6NHm5eYy3YD5j4SydA37pgE	1un4B8	qadv-arbiter-guided-7x7-v0.2.0	sha256:9c0e5e530df7db77a98f6a2e75fe63a6f629c6ad6563e0b5454793ebc243b14d	pathfinder-v0.3.0	-	D	P	196
g1_UQj9E--i-nq-mUYW6bd1JDg93wtjXTWkEJoFyRJwFGQ	s1_L1QSOlLvUEC25KWl1wtOMFJ0qzRsBSy2KAe6eQn8A9A	1unOf2	qadv-arbiter-7x7-rust-lambda-v0.1.0	-	qadv-arbiter-7x7-rust-lambda-v0.1.0	-	D	P	196
g1_UQj9E--i-nq-mUYW6bd1JDg93wtjXTWkEJoFyRJwFGQ	s1_RauLaTi4eVgYHSp2TV9pqs9uzTVv0B10g9TaHMWpcZ4	1unOf2	qadv-arbiter-7x7-rust-lambda-v0.1.0	-	qadv-arbiter-7x7-rust-lambda-v0.1.0	-	D	P	-
g1_UQj9E--i-nq-mUYW6bd1JDg93wtjXTWkEJoFyRJwFGQ	s1_TkZUNznl2GfG-g2zig3U0C57P-VgO51X8o45xTVu-84	1unOf2	qadv-arbiter-7x7-rust-lambda-v0.1.0	-	qadv-arbiter-7x7-rust-lambda-v0.1.0	-	D	P	196
g1_UQj9E--i-nq-mUYW6bd1JDg93wtjXTWkEJoFyRJwFGQ	s1_bIMPSlw40XQFweG29BmZvgn9UcGUpHDJK12tbYXIAJY	1unOf2	qadv-arbiter-7x7-rust-lambda-v0.1.0	-	qadv-arbiter-7x7-rust-lambda-v0.1.0	-	D	P	196
g1_UQrtou89EtbITtmgtFBtLRNWEOCLkI9JyA4n6uqUqPk	s1_3I_ezySUreQoKRH_Hnyd7uwyls8EalDRrGuOXvlULPY	1unOGr	qadv-arbiter-7x7-rust-lambda-v0.1.0	-	qadv-arbiter-7x7-rust-lambda-v0.1.0	-	L	P	196
g1_UQrtou89EtbITtmgtFBtLRNWEOCLkI9JyA4n6uqUqPk	s1_9ndj5fwzKJ0rncsSGpMsau5WLd_yksXzNt-nfixZ7rU	1unOGr	qadv-arbiter-7x7-rust-lambda-v0.1.0	-	qadv-arbiter-7x7-rust-lambda-v0.1.0	-	L	P	196
g1_UQrtou89EtbITtmgtFBtLRNWEOCLkI9JyA4n6uqUqPk	s1_RauLaTi4eVgYHSp2TV9pqs9uzTVv0B10g9TaHMWpcZ4	1unOGr	qadv-arbiter-7x7-rust-lambda-v0.1.0	-	qadv-arbiter-7x7-rust-lambda-v0.1.0	-	L	P	-
g1_UQrtou89EtbITtmgtFBtLRNWEOCLkI9JyA4n6uqUqPk	s1_p4z07IHsapcrgT-n4Xi7LySg3IAacbVfFxSL-leZ8VQ	1unOGr	qadv-arbiter-7x7-rust-lambda-v0.1.0	-	qadv-arbiter-7x7-rust-lambda-v0.1.0	-	L	P	196
g1_UQtArwwsDYQM5O1HPA7FAS7Yq91g4Gmye6PSofqgtK0	s1_WpYQrS3Y5EBPp4KoxQeXdmkSNGGu7uzGmTP-APlIkYU	1umwQh	rust-pathfinder-v0.3.0	-	rust-pathfinder-onnx-sorter-v0.1.0	-	L	P	120
g1_UQyKO_ghdeTycYYdG2r9AJFvaFZt3UMUxG0PcZHCDN4	s1__fmnSv6OnZklVvMPUjPdL6drtvfrJptRYX3nxZQO8jI	1umxmo	python-gnn-puct-scout-v0.1.0	sha256:b9f80706cc1f29076ee06fe06483697c749148a808c599579045d00a52573938	python-gnn-puct-scout-v0.1.0	sha256:b9f80706cc1f29076ee06fe06483697c749148a808c599579045d00a52573938	L	P	196
g1_UR-oVWNNPSZM4yYaxWKsXw2uKr4ukyVhhe9Y9VQpIq4	s1_Qmoz3nLvbLcY_1rcqMtpMJDvTQydhL5cxUNWV6EhpMY	1umwul	qadv-arbiter-7x7-v0.1.0	sha256:8c548d06307572603b839755cc1e50393285365e10f82bcd90290ca65cd86266	qadv-arbiter-7x7-v0.1.0	sha256:8c548d06307572603b839755cc1e50393285365e10f82bcd90290ca65cd86266	L	P	196
g1_UR0qoYOIOPXRmsKcWeGLX5ZsiislpLzbiJCL0om2uPU	s1_Ng4Aiwn8Eh-Upu3B5kIR3ufYW4MxE90ZXdiaypxV1kA	1umvvq	rust-pathfinder-v0.1.0	-	rust-pathfinder-v0.3.0	-	D	P	120
g1_UR0qoYOIOPXRmsKcWeGLX5ZsiislpLzbiJCL0om2uPU	s1_kvHb2yQdjl_l2cKIR4XrhfGNS4QAu6KFsfDYxLOHNEk	1umvvq	rust-pathfinder-v0.1.0	-	rust-pathfinder-v0.3.0	-	D	P	120
g1_UR28rg53ZQ1lHFyt8RjfQIsf7i-2lIDv1sReYUncD64	s1_OaVFIJecHNNee4Z0pLVA29yCilj1uquZQkbAMkrSgMc	1unOt4	qadv-arbiter-7x7-rust-lambda-v0.1.0	-	qadv-arbiter-7x7-rust-lambda-v0.1.0	-	L	P	196
g1_UR28rg53ZQ1lHFyt8RjfQIsf7i-2lIDv1sReYUncD64	s1_RauLaTi4eVgYHSp2TV9pqs9uzTVv0B10g9TaHMWpcZ4	1unOt4	qadv-arbiter-7x7-rust-lambda-v0.1.0	-	qadv-arbiter-7x7-rust-lambda-v0.1.0	-	L	P	-
g1_UR28rg53ZQ1lHFyt8RjfQIsf7i-2lIDv1sReYUncD64	s1_udl-CU6QsrVXKJgYFI1x8Bmklr_hy-bORBgE2AFH7Lo	1unOt4	qadv-arbiter-7x7-rust-lambda-v0.1.0	-	qadv-arbiter-7x7-rust-lambda-v0.1.0	-	L	P	196
g1_UR28rg53ZQ1lHFyt8RjfQIsf7i-2lIDv1sReYUncD64	s1_xYLWTfWT3_WrHMuPptoWif4SeVl-A2Ku7IZEfxfpsyA	1unOt4	qadv-arbiter-7x7-rust-lambda-v0.1.0	-	qadv-arbiter-7x7-rust-lambda-v0.1.0	-	L	P	196
g1_UR35D6Lxp5iiZt-LNK1Kv7dSSHn3ua5a6sHATkqzJcU	s1_QeUd1F3L3TfzkOLR5efByAq_Y-AVtAAI3PDHjC__qH0	1unP5u	qadv-arbiter-7x7-rust-lambda-v0.1.0	-	qadv-arbiter-7x7-rust-lambda-v0.1.0	-	L	P	196
g1_UR35D6Lxp5iiZt-LNK1Kv7dSSHn3ua5a6sHATkqzJcU	s1_RauLaTi4eVgYHSp2TV9pqs9uzTVv0B10g9TaHMWpcZ4	1unP5u	qadv-arbiter-7x7-rust-lambda-v0.1.0	-	qadv-arbiter-7x7-rust-lambda-v0.1.0	-	L	P	-
g1_UR35D6Lxp5iiZt-LNK1Kv7dSSHn3ua5a6sHATkqzJcU	s1_UbfcVUBzqfuxSCtKbwxqa3xnYCaS76a6KsKreZqaRMY	1unP5u	qadv-arbiter-7x7-rust-lambda-v0.1.0	-	qadv-arbiter-7x7-rust-lambda-v0.1.0	-	L	P	196
g1_UR35D6Lxp5iiZt-LNK1Kv7dSSHn3ua5a6sHATkqzJcU	s1_jTifj0ySKD0IJbElgLSvXIv5zsvl9nByIZE9z5kicVY	1unP5u	qadv-arbiter-7x7-rust-lambda-v0.1.0	-	qadv-arbiter-7x7-rust-lambda-v0.1.0	-	L	P	196
g1_URFIll2P3Leb23OxpZjGkdiw_DJwZyv_TkyTD0TlKno	s1_6BanOwlXQNbI4UUbCi90VHI8bnE6vgNkn5CfW8vaBow	1unPEh	qadv-arbiter-7x7-rust-lambda-v0.1.0	-	qadv-arbiter-7x7-rust-lambda-v0.1.0	-	L	P	196
g1_URFIll2P3Leb23OxpZjGkdiw_DJwZyv_TkyTD0TlKno	s1_RauLaTi4eVgYHSp2TV9pqs9uzTVv0B10g9TaHMWpcZ4	1unPEh	qadv-arbiter-7x7-rust-lambda-v0.1.0	-	qadv-arbiter-7x7-rust-lambda-v0.1.0	-	L	P	-
g1_URFIll2P3Leb23OxpZjGkdiw_DJwZyv_TkyTD0TlKno	s1_TJmQCYuKMZjIA-O9o-Ak3pUYgGnY0oYUSmQTveFj_8c	1unPEh	qadv-arbiter-7x7-rust-lambda-v0.1.0	-	qadv-arbiter-7x7-rust-lambda-v0.1.0	-	L	P	196
g1_URFIll2P3Leb23OxpZjGkdiw_DJwZyv_TkyTD0TlKno	s1_ULVs_oSBhJTwp_jPcGqDF7voGnJPkWmb_cZNQ1fSZrc	1unPEh	qadv-arbiter-7x7-rust-lambda-v0.1.0	-	qadv-arbiter-7x7-rust-lambda-v0.1.0	-	L	P	196
g1_URXCNnhOPAp95Iuzh_1f5EhMWuBACmY4m3ECLRctn-k	s1_DSS6Ps-DhjCFNc_8mtb2bRMVxA9dB3B1k2s2U52l6ts	1unOei	qadv-arbiter-7x7-rust-lambda-v0.1.0	-	qadv-arbiter-7x7-rust-lambda-v0.1.0	-	D	P	196
g1_URXCNnhOPAp95Iuzh_1f5EhMWuBACmY4m3ECLRctn-k	s1_RauLaTi4eVgYHSp2TV9pqs9uzTVv0B10g9TaHMWpcZ4	1unOei	qadv-arbiter-7x7-rust-lambda-v0.1.0	-	qadv-arbiter-7x7-rust-lambda-v0.1.0	-	D	P	-
g1_URXCNnhOPAp95Iuzh_1f5EhMWuBACmY4m3ECLRctn-k	s1_ZP2D076p8z6lnB6mKBO1AtDXY0VKytRjE6Keih6wBLs	1unOei	qadv-arbiter-7x7-rust-lambda-v0.1.0	-	qadv-arbiter-7x7-rust-lambda-v0.1.0	-	D	P	196
g1_URXCNnhOPAp95Iuzh_1f5EhMWuBACmY4m3ECLRctn-k	s1_rUWJ7JCjdut8Pgz3W5kVphxUWav8Rhx6qgXE6tyDlrQ	1unOei	qadv-arbiter-7x7-rust-lambda-v0.1.0	-	qadv-arbiter-7x7-rust-lambda-v0.1.0	-	D	P	196
g1_URnmrfa9AaaNIQzJAU3AmrF0qRJvhH38MY28Q1xjRv8	s1_0hesGi-r1l_jxfPHU068Ae54kAFD9UqY3hY6tFsg-TI	1unOfd	qadv-arbiter-7x7-rust-lambda-v0.1.0	-	qadv-arbiter-7x7-rust-lambda-v0.1.0	-	L	P	196
g1_URnmrfa9AaaNIQzJAU3AmrF0qRJvhH38MY28Q1xjRv8	s1_9KY8E0FeLgeZdao7nLdJn_AMjYdnOKWg7tmejYCa0gs	1unOfd	qadv-arbiter-7x7-rust-lambda-v0.1.0	-	qadv-arbiter-7x7-rust-lambda-v0.1.0	-	L	P	196
g1_URnmrfa9AaaNIQzJAU3AmrF0qRJvhH38MY28Q1xjRv8	s1_RauLaTi4eVgYHSp2TV9pqs9uzTVv0B10g9TaHMWpcZ4	1unOfd	qadv-arbiter-7x7-rust-lambda-v0.1.0	-	qadv-arbiter-7x7-rust-lambda-v0.1.0	-	L	P	-
g1_URnmrfa9AaaNIQzJAU3AmrF0qRJvhH38MY28Q1xjRv8	s1_Z-1kYlyqn1mtmk-4uIzn61IVngAZABpxfFWYdFzoUcM	1unOfd	qadv-arbiter-7x7-rust-lambda-v0.1.0	-	qadv-arbiter-7x7-rust-lambda-v0.1.0	-	L	P	196
g1_URut0s_RP7F-lMLAZzKz1Ps3QvvtC98WPfE30b86j3s	s1_WVg7aYYLIrw6_-2mI3jQ-DPcLO4gX2sPEEqWQb0DGQA	1umxU9	python-cnn-puct-reval30k-v0.1.0	sha256:eb2600a53e225a835455efdb2759c40e27c5cb3c16ab0688bc21b99290ed10ee	python-cnn-puct-reval30k-v0.1.0	sha256:eb2600a53e225a835455efdb2759c40e27c5cb3c16ab0688bc21b99290ed10ee	L	P	196
g1_URz4Rt4Op5AzzFBhMVajfdbqmEQss7bwr0qK6ETDA_c	s1_O3cuwuia8XT9TI7Nxr3tRcajOA20XFHEIT2fYX3WizY	1un7c8	qadv-arbiter-guided-7x7-v0.2.0	sha256:9c0e5e530df7db77a98f6a2e75fe63a6f629c6ad6563e0b5454793ebc243b14d	lunatic-v0.1.0	-	L	P	196
g1_URz4Rt4Op5AzzFBhMVajfdbqmEQss7bwr0qK6ETDA_c	s1_gY_boSu5A8XG5a9XmME0tXm6pud0vwcbDekozVtP3iE	1un7c8	qadv-arbiter-guided-7x7-v0.2.0	sha256:9c0e5e530df7db77a98f6a2e75fe63a6f629c6ad6563e0b5454793ebc243b14d	lunatic-v0.1.0	-	L	P	196
g1_URz4Rt4Op5AzzFBhMVajfdbqmEQss7bwr0qK6ETDA_c	s1_nGMROr4JGS862bFLFUfH2a8ENp-zb33TaK0vhF2LgKs	1un7c8	qadv-arbiter-guided-7x7-v0.2.0	sha256:9c0e5e530df7db77a98f6a2e75fe63a6f629c6ad6563e0b5454793ebc243b14d	lunatic-v0.1.0	-	L	P	196
g1_US0d4syNKd80qGS0NNMlN_nNJFQL2q0Ohafb-tp0dl0	s1_-OKlJXuPFfAnukwGYITjiU7XKL4OC_qt76PC0TZSPjg	1umvh7	python-cnn-puct-v0.1.0	sha256:7845e9b7687beee165dc36b8d21833b7a8b5a83e31b58b49bd05c277ba26e642	python-cnn-puct-v0.1.0	sha256:7845e9b7687beee165dc36b8d21833b7a8b5a83e31b58b49bd05c277ba26e642	D	P	196
g1_US0d4syNKd80qGS0NNMlN_nNJFQL2q0Ohafb-tp0dl0	s1_1av6nXQkq-GSHXfjkVlGHGpAq8F9UbW4JwZmyFA-vww	1umvh7	python-cnn-puct-v0.1.0	sha256:7845e9b7687beee165dc36b8d21833b7a8b5a83e31b58b49bd05c277ba26e642	python-cnn-puct-v0.1.0	sha256:7845e9b7687beee165dc36b8d21833b7a8b5a83e31b58b49bd05c277ba26e642	D	P	196
g1_US0d4syNKd80qGS0NNMlN_nNJFQL2q0Ohafb-tp0dl0	s1_Brk0hkuJoH-MBjdd53AO5tlWcOgDWV_R0PO74fHGd_0	1umvh7	python-cnn-puct-v0.1.0	sha256:7845e9b7687beee165dc36b8d21833b7a8b5a83e31b58b49bd05c277ba26e642	python-cnn-puct-v0.1.0	sha256:7845e9b7687beee165dc36b8d21833b7a8b5a83e31b58b49bd05c277ba26e642	D	P	196
g1_USDCEqc083NFnN9npHQYmfJLyavACC7-6Uu5ninV4v0	s1_RauLaTi4eVgYHSp2TV9pqs9uzTVv0B10g9TaHMWpcZ4	1unNgF	qadv-arbiter-7x7-rust-lambda-v0.1.0	-	qadv-arbiter-7x7-rust-lambda-v0.1.0	-	D	P	-
g1_USDCEqc083NFnN9npHQYmfJLyavACC7-6Uu5ninV4v0	s1_jNhCx1H6VWiybyEarq_BQiwOs15tHBiQIY7P2stG2HM	1unNgF	qadv-arbiter-7x7-rust-lambda-v0.1.0	-	qadv-arbiter-7x7-rust-lambda-v0.1.0	-	D	P	196
g1_USDCEqc083NFnN9npHQYmfJLyavACC7-6Uu5ninV4v0	s1_mbQOVBVDhSK_KY-7ry86giWIkPHXqE3P9JTEdl3A-KA	1unNgF	qadv-arbiter-7x7-rust-lambda-v0.1.0	-	qadv-arbiter-7x7-rust-lambda-v0.1.0	-	D	P	196
g1_USDCEqc083NFnN9npHQYmfJLyavACC7-6Uu5ninV4v0	s1_r7zRbKEmKe7jYcR7l6VO0e6JRwK57sZ89kfiUzbACgE	1unNgF	qadv-arbiter-7x7-rust-lambda-v0.1.0	-	qadv-arbiter-7x7-rust-lambda-v0.1.0	-	D	P	196
g1_USH32yfMKTodJh4v4x3Ze4mSK-psGp16Z9t-cyt34PE	s1_flXyOBW6T9LLVDFIvXBGel1MoVNZcUcMFIJnB9yLapU	1umx5K	python-gnn-puct-reval30k-v0.1.0	sha256:6120be86fc469df71473c3de64e5e32f99694cd47d621fa5948f243dc51d3d21	python-gnn-puct-reval30k-v0.1.0	sha256:6120be86fc469df71473c3de64e5e32f99694cd47d621fa5948f243dc51d3d21	D	P	196
g1_USTKO-nCMzrs3NVmmh5XKZA6KzkC7Ui9NpzsRn--Y6k	s1_5ifgL1c4n7qlNeF9806LT7NMX0gbCREh5oBYpAfCYUI	1unMf3	qadv-arbiter-7x7-rust-lambda-v0.1.0	-	qadv-arbiter-7x7-rust-lambda-v0.1.0	-	D	P	196
g1_USTKO-nCMzrs3NVmmh5XKZA6KzkC7Ui9NpzsRn--Y6k	s1_RA54dJIZGmo0TOMoENXL4BSc-MaJUtfM3mNm3hdTabk	1unMf3	qadv-arbiter-7x7-rust-lambda-v0.1.0	-	qadv-arbiter-7x7-rust-lambda-v0.1.0	-	D	P	196
g1_USTKO-nCMzrs3NVmmh5XKZA6KzkC7Ui9NpzsRn--Y6k	s1_RauLaTi4eVgYHSp2TV9pqs9uzTVv0B10g9TaHMWpcZ4	1unMf3	qadv-arbiter-7x7-rust-lambda-v0.1.0	-	qadv-arbiter-7x7-rust-lambda-v0.1.0	-	D	P	-
g1_USTKO-nCMzrs3NVmmh5XKZA6KzkC7Ui9NpzsRn--Y6k	s1_VdVJ3vyqnqlyogBWWA9VRudruCCdH3G6Atn0WPXFl_A	1unMf3	qadv-arbiter-7x7-rust-lambda-v0.1.0	-	qadv-arbiter-7x7-rust-lambda-v0.1.0	-	D	P	196
g1_USepZKTI99Oi8tyQeMovuqlBc6n1XZqNdd9QWVBnbvc	s1_BU_W3ShZjRGahp0G1J_9HkfsfBuKaITd_X5FsWoC57g	1unMx7	qadv-arbiter-7x7-rust-lambda-v0.1.0	-	qadv-arbiter-7x7-rust-lambda-v0.1.0	-	D	P	196
g1_USepZKTI99Oi8tyQeMovuqlBc6n1XZqNdd9QWVBnbvc	s1_DzXLv8sGg4eDVa_JV0h6MBHG__0fBvqmnuV0m_ZOjdM	1unMx7	qadv-arbiter-7x7-rust-lambda-v0.1.0	-	qadv-arbiter-7x7-rust-lambda-v0.1.0	-	D	P	196
g1_USepZKTI99Oi8tyQeMovuqlBc6n1XZqNdd9QWVBnbvc	s1_QpRhBM75voLPGX5IKBHNlF6S1S5Mb90XdzPyuQcUJEo	1unMx7	qadv-arbiter-7x7-rust-lambda-v0.1.0	-	qadv-arbiter-7x7-rust-lambda-v0.1.0	-	D	P	196
g1_USepZKTI99Oi8tyQeMovuqlBc6n1XZqNdd9QWVBnbvc	s1_RauLaTi4eVgYHSp2TV9pqs9uzTVv0B10g9TaHMWpcZ4	1unMx7	qadv-arbiter-7x7-rust-lambda-v0.1.0	-	qadv-arbiter-7x7-rust-lambda-v0.1.0	-	D	P	-
g1_USkM_5EI7uIB1E9TImiZCcrCrf668MJWcw6QBMQUcQM	s1_1av6nXQkq-GSHXfjkVlGHGpAq8F9UbW4JwZmyFA-vww	1umvUS	python-gnn-puct-learner-v0.1.0	sha256:ab0f739cd33d66781faf60e27797c5ccba3c04ba684f8d9e32e9c2754f4e8956	python-gnn-puct-learner-v0.1.0	sha256:ab0f739cd33d66781faf60e27797c5ccba3c04ba684f8d9e32e9c2754f4e8956	D	P	196
g1_USkM_5EI7uIB1E9TImiZCcrCrf668MJWcw6QBMQUcQM	s1_Brk0hkuJoH-MBjdd53AO5tlWcOgDWV_R0PO74fHGd_0	1umvUS	python-gnn-puct-learner-v0.1.0	sha256:ab0f739cd33d66781faf60e27797c5ccba3c04ba684f8d9e32e9c2754f4e8956	python-gnn-puct-learner-v0.1.0	sha256:ab0f739cd33d66781faf60e27797c5ccba3c04ba684f8d9e32e9c2754f4e8956	D	P	196
g1_USkM_5EI7uIB1E9TImiZCcrCrf668MJWcw6QBMQUcQM	s1_QBFUsDtxokERlDOdQkleYbPvhJ-vIp2qmp6DXjS-7oM	1umvUS	python-gnn-puct-learner-v0.1.0	sha256:ab0f739cd33d66781faf60e27797c5ccba3c04ba684f8d9e32e9c2754f4e8956	python-gnn-puct-learner-v0.1.0	sha256:ab0f739cd33d66781faf60e27797c5ccba3c04ba684f8d9e32e9c2754f4e8956	D	P	196
g1_USmuNkmJnJSa159U_RjG6FHN8L3rmL0GIbjj6yXFdKU	s1_6PxtazPxkizz7K9QTWPSCIopEV5n0zpHoq3F52yO_6U	1umwin	python-cnn-puct-v0.1.0	sha256:7845e9b7687beee165dc36b8d21833b7a8b5a83e31b58b49bd05c277ba26e642	python-cnn-puct-v0.1.0	sha256:7845e9b7687beee165dc36b8d21833b7a8b5a83e31b58b49bd05c277ba26e642	L	P	196
g1_USmuNkmJnJSa159U_RjG6FHN8L3rmL0GIbjj6yXFdKU	s1_baRgKA_wMXdl0r4AwdkUfhWC04qxd1MvEGXAQaDd4fo	1umwin	python-cnn-puct-v0.1.0	sha256:7845e9b7687beee165dc36b8d21833b7a8b5a83e31b58b49bd05c277ba26e642	python-cnn-puct-v0.1.0	sha256:7845e9b7687beee165dc36b8d21833b7a8b5a83e31b58b49bd05c277ba26e642	L	P	196
g1_USqbo5GbHx47nsH_dxj_9uQF9tspFsYknvqMK5F-kio	s1_2FtaP75xgRVTNrUvmC0NIesJCNy8IDFJ05WNM4nUnpg	1unQwq	qadv-arbiter-7x7-v0.1.0	-	surveyor-v0.2.0	-	D	P	196
g1_USqbo5GbHx47nsH_dxj_9uQF9tspFsYknvqMK5F-kio	s1_F1bRTMMc7WPBHhcU2WhUt_ZCP3YyTFtaERJ-_FH31CA	1unQwq	qadv-arbiter-7x7-v0.1.0	-	surveyor-v0.2.0	-	D	P	196
g1_USqbo5GbHx47nsH_dxj_9uQF9tspFsYknvqMK5F-kio	s1_RauLaTi4eVgYHSp2TV9pqs9uzTVv0B10g9TaHMWpcZ4	1unQwq	qadv-arbiter-7x7-v0.1.0	-	surveyor-v0.2.0	-	D	P	-
g1_USqbo5GbHx47nsH_dxj_9uQF9tspFsYknvqMK5F-kio	s1_XFbLeJ8vNJNphMqL8AizydCwKaRLpait0n4RYdhpzk8	1unQwq	qadv-arbiter-7x7-v0.1.0	-	surveyor-v0.2.0	-	D	P	196
g1_USqbo5GbHx47nsH_dxj_9uQF9tspFsYknvqMK5F-kio	s1_ax3yKDWvF8H9s5F-QiSUhI8AeHVM_1PXOxKVyeqVrd8	1unQwq	qadv-arbiter-7x7-v0.1.0	-	surveyor-v0.2.0	-	D	P	196
g1_USxL5hHIhEz44NPbOi5AguiBt1nL0yZSUX5U6MjUtFY	s1_-gAF1Tvxo24ADdXVxI__PykSPwagMrcBeIQK_YFzqlM	1unO8x	qadv-arbiter-7x7-rust-lambda-v0.1.0	-	qadv-arbiter-7x7-rust-lambda-v0.1.0	-	L	P	196
g1_USxL5hHIhEz44NPbOi5AguiBt1nL0yZSUX5U6MjUtFY	s1_0jDRf_J2x8BJ5PxNhg-AlEF9OjSiNTaTRUK6uOJy0PU	1unO8x	qadv-arbiter-7x7-rust-lambda-v0.1.0	-	qadv-arbiter-7x7-rust-lambda-v0.1.0	-	L	P	196
g1_USxL5hHIhEz44NPbOi5AguiBt1nL0yZSUX5U6MjUtFY	s1_RauLaTi4eVgYHSp2TV9pqs9uzTVv0B10g9TaHMWpcZ4	1unO8x	qadv-arbiter-7x7-rust-lambda-v0.1.0	-	qadv-arbiter-7x7-rust-lambda-v0.1.0	-	L	P	-
g1_USxL5hHIhEz44NPbOi5AguiBt1nL0yZSUX5U6MjUtFY	s1_hwKV4hNRk2x2teJpFp8-FaHNNqshGfE3687Jq3WxiN8	1unO8x	qadv-arbiter-7x7-rust-lambda-v0.1.0	-	qadv-arbiter-7x7-rust-lambda-v0.1.0	-	L	P	196
g1_USyOx4RJZ56rhMLhMIm1rruxew2aI0HR0UP3vU986dk	s1_Q9wQwDTx2690Qg27cdi04yxE9cdpE8b_ecpgHFSf060	1unPfM	qadv-arbiter-7x7-rust-lambda-v0.1.0	-	qadv-arbiter-7x7-rust-lambda-v0.1.0	-	L	P	196
g1_USyOx4RJZ56rhMLhMIm1rruxew2aI0HR0UP3vU986dk	s1_RauLaTi4eVgYHSp2TV9pqs9uzTVv0B10g9TaHMWpcZ4	1unPfM	qadv-arbiter-7x7-rust-lambda-v0.1.0	-	qadv-arbiter-7x7-rust-lambda-v0.1.0	-	L	P	-
g1_USyOx4RJZ56rhMLhMIm1rruxew2aI0HR0UP3vU986dk	s1_vJHc3px987wvpalYaazyh_w7nr9S53w6lVpvztC-KU8	1unPfM	qadv-arbiter-7x7-rust-lambda-v0.1.0	-	qadv-arbiter-7x7-rust-lambda-v0.1.0	-	L	P	196
g1_USyOx4RJZ56rhMLhMIm1rruxew2aI0HR0UP3vU986dk	s1_xqlAwfMGLB7tIAo3PQmrqat4DNEyaJGcVtscm_r6Cm4	1unPfM	qadv-arbiter-7x7-rust-lambda-v0.1.0	-	qadv-arbiter-7x7-rust-lambda-v0.1.0	-	L	P	196
g1_UT0udDgeYXj1A_dSXfOvwrWOltooitLGjEVum1FsN9k	s1_2FtaP75xgRVTNrUvmC0NIesJCNy8IDFJ05WNM4nUnpg	1unR9Z	coin-flip-v0.0.1	-	qadv-arbiter-7x7-v0.1.0	-	D	P	196
g1_UT0udDgeYXj1A_dSXfOvwrWOltooitLGjEVum1FsN9k	s1_QFdXHDaqFYuTWWMkt_rmeY0HEpW8_3qxmNB7Pd_L3Lw	1unR9Z	coin-flip-v0.0.1	-	qadv-arbiter-7x7-v0.1.0	-	D	P	196
g1_UT0udDgeYXj1A_dSXfOvwrWOltooitLGjEVum1FsN9k	s1_QQ7rDnvFyFFdfN7TP8uwVKP_yGP3euKc7Oa1dTBY30E	1unR9Z	coin-flip-v0.0.1	-	qadv-arbiter-7x7-v0.1.0	-	D	P	196
g1_UT0udDgeYXj1A_dSXfOvwrWOltooitLGjEVum1FsN9k	s1_RauLaTi4eVgYHSp2TV9pqs9uzTVv0B10g9TaHMWpcZ4	1unR9Z	coin-flip-v0.0.1	-	qadv-arbiter-7x7-v0.1.0	-	D	P	-
g1_UT0udDgeYXj1A_dSXfOvwrWOltooitLGjEVum1FsN9k	s1_pX4lSMaWw264xkNZ3ox-rz_-aCrQD230wJ0NOibEOjE	1unR9Z	coin-flip-v0.0.1	-	qadv-arbiter-7x7-v0.1.0	-	D	P	196
g1_UTEq7L0M0JinInz1MuSrYJ1kqKaGlwRw_asllnKel9c	s1_1av6nXQkq-GSHXfjkVlGHGpAq8F9UbW4JwZmyFA-vww	1umvUM	python-gnn-puct-learner-v0.1.0	sha256:ab0f739cd33d66781faf60e27797c5ccba3c04ba684f8d9e32e9c2754f4e8956	python-gnn-puct-learner-v0.1.0	sha256:ab0f739cd33d66781faf60e27797c5ccba3c04ba684f8d9e32e9c2754f4e8956	-	M	196
g1_UTEq7L0M0JinInz1MuSrYJ1kqKaGlwRw_asllnKel9c	s1_Brk0hkuJoH-MBjdd53AO5tlWcOgDWV_R0PO74fHGd_0	1umvUM	python-gnn-puct-learner-v0.1.0	sha256:ab0f739cd33d66781faf60e27797c5ccba3c04ba684f8d9e32e9c2754f4e8956	python-gnn-puct-learner-v0.1.0	sha256:ab0f739cd33d66781faf60e27797c5ccba3c04ba684f8d9e32e9c2754f4e8956	-	M	196
g1_UTEq7L0M0JinInz1MuSrYJ1kqKaGlwRw_asllnKel9c	s1_QBFUsDtxokERlDOdQkleYbPvhJ-vIp2qmp6DXjS-7oM	1umvUM	python-gnn-puct-learner-v0.1.0	sha256:ab0f739cd33d66781faf60e27797c5ccba3c04ba684f8d9e32e9c2754f4e8956	python-gnn-puct-learner-v0.1.0	sha256:ab0f739cd33d66781faf60e27797c5ccba3c04ba684f8d9e32e9c2754f4e8956	-	M	196
g1_UTIaza1pJCC0qg8RBwfbwf0kHI-iYfcOyS18QXs2PTA	s1_2FtaP75xgRVTNrUvmC0NIesJCNy8IDFJ05WNM4nUnpg	1unQrn	pathfinder-v0.3.0	-	qadv-arbiter-7x7-v0.1.0	-	L	P	196
g1_UTIaza1pJCC0qg8RBwfbwf0kHI-iYfcOyS18QXs2PTA	s1_RauLaTi4eVgYHSp2TV9pqs9uzTVv0B10g9TaHMWpcZ4	1unQrn	pathfinder-v0.3.0	-	qadv-arbiter-7x7-v0.1.0	-	L	P	-
g1_UTIaza1pJCC0qg8RBwfbwf0kHI-iYfcOyS18QXs2PTA	s1_bTSdmpzB9JcovrQpt2ucktAhtk_1tZYfJ8rhhw5XWL8	1unQrn	pathfinder-v0.3.0	-	qadv-arbiter-7x7-v0.1.0	-	L	P	196
g1_UTIaza1pJCC0qg8RBwfbwf0kHI-iYfcOyS18QXs2PTA	s1_fXS0pu6YxldZ_p4gfapMp2EHfw_jsMpDZJ0tjqI2PsE	1unQrn	pathfinder-v0.3.0	-	qadv-arbiter-7x7-v0.1.0	-	L	P	196
g1_UTlt64F-eTaGRMgOYNV79Tlyq_V_lESD8BvElfjl33c	s1_qtlitMa-GGx-0y2heoyNRonYXf1Dq5epTexnVe9Iqtw	1umxix	python-gnn-puct-learner-v0.1.0	sha256:ab0f739cd33d66781faf60e27797c5ccba3c04ba684f8d9e32e9c2754f4e8956	python-gnn-puct-learner-v0.1.0	sha256:ab0f739cd33d66781faf60e27797c5ccba3c04ba684f8d9e32e9c2754f4e8956	L	P	196
g1_UTsQGYV0dID6_7ajcTN7rbjs247ZDA7UkzWJT8BLXN4	s1_QsetSLsT3EbTFXG5w1qjM2lCOdm6bC1LbY-FWWuiYNQ	1unM2G	qadv-arbiter-7x7-rust-lambda-v0.1.0	-	qadv-arbiter-7x7-rust-lambda-v0.1.0	-	L	P	196
g1_UTsQGYV0dID6_7ajcTN7rbjs247ZDA7UkzWJT8BLXN4	s1_RauLaTi4eVgYHSp2TV9pqs9uzTVv0B10g9TaHMWpcZ4	1unM2G	qadv-arbiter-7x7-rust-lambda-v0.1.0	-	qadv-arbiter-7x7-rust-lambda-v0.1.0	-	L	P	-
g1_UTsQGYV0dID6_7ajcTN7rbjs247ZDA7UkzWJT8BLXN4	s1_ZW_QwE0CyVgjPtII7Z3xCfMvpNvJtUoOwM_yFGgy41M	1unM2G	qadv-arbiter-7x7-rust-lambda-v0.1.0	-	qadv-arbiter-7x7-rust-lambda-v0.1.0	-	L	P	196
g1_UTsQGYV0dID6_7ajcTN7rbjs247ZDA7UkzWJT8BLXN4	s1_pvrHo-HuWNvfzJChazNQM9xz4pmypWB7zZcPbkFttwE	1unM2G	qadv-arbiter-7x7-rust-lambda-v0.1.0	-	qadv-arbiter-7x7-rust-lambda-v0.1.0	-	L	P	196
g1_UTwN9D_vo2PhXqs9Fds3dFnBzP8icd1jgiKYstNwRRk	s1_-OKlJXuPFfAnukwGYITjiU7XKL4OC_qt76PC0TZSPjg	1umvjK	python-cnn-puct-v0.1.0	sha256:7845e9b7687beee165dc36b8d21833b7a8b5a83e31b58b49bd05c277ba26e642	python-cnn-puct-v0.1.0	sha256:7845e9b7687beee165dc36b8d21833b7a8b5a83e31b58b49bd05c277ba26e642	-	M	196
g1_UTwN9D_vo2PhXqs9Fds3dFnBzP8icd1jgiKYstNwRRk	s1_1av6nXQkq-GSHXfjkVlGHGpAq8F9UbW4JwZmyFA-vww	1umvjK	python-cnn-puct-v0.1.0	sha256:7845e9b7687beee165dc36b8d21833b7a8b5a83e31b58b49bd05c277ba26e642	python-cnn-puct-v0.1.0	sha256:7845e9b7687beee165dc36b8d21833b7a8b5a83e31b58b49bd05c277ba26e642	-	M	196
g1_UTwN9D_vo2PhXqs9Fds3dFnBzP8icd1jgiKYstNwRRk	s1_Brk0hkuJoH-MBjdd53AO5tlWcOgDWV_R0PO74fHGd_0	1umvjK	python-cnn-puct-v0.1.0	sha256:7845e9b7687beee165dc36b8d21833b7a8b5a83e31b58b49bd05c277ba26e642	python-cnn-puct-v0.1.0	sha256:7845e9b7687beee165dc36b8d21833b7a8b5a83e31b58b49bd05c277ba26e642	-	M	196
g1_UU-da1tbP6QfR0nK-M8ECvi2L5iSy3FUacPDeR3UfBo	s1_Emg7d_Jf_PhuTZ0gxd1iR_zUYPBEZ8qEb6YnYdNHl5g	1un4Qy	qadv-arbiter-guided-7x7-v0.2.0	sha256:9c0e5e530df7db77a98f6a2e75fe63a6f629c6ad6563e0b5454793ebc243b14d	pathfinder-v0.3.0	-	D	P	196
g1_UU-da1tbP6QfR0nK-M8ECvi2L5iSy3FUacPDeR3UfBo	s1_O3cuwuia8XT9TI7Nxr3tRcajOA20XFHEIT2fYX3WizY	1un4Qy	qadv-arbiter-guided-7x7-v0.2.0	sha256:9c0e5e530df7db77a98f6a2e75fe63a6f629c6ad6563e0b5454793ebc243b14d	pathfinder-v0.3.0	-	D	P	196
g1_UU-da1tbP6QfR0nK-M8ECvi2L5iSy3FUacPDeR3UfBo	s1_ZOg1lHiJ11bzDL4dNav6NXvvd0QkRLVHDFSDTYXUvpw	1un4Qy	qadv-arbiter-guided-7x7-v0.2.0	sha256:9c0e5e530df7db77a98f6a2e75fe63a6f629c6ad6563e0b5454793ebc243b14d	pathfinder-v0.3.0	-	D	P	196
g1_UU0mxDvx2oHN8Z4W75wXFI2ikEgJZHZdQ0GsYU48620	s1__fmnSv6OnZklVvMPUjPdL6drtvfrJptRYX3nxZQO8jI	1umxlN	python-gnn-puct-scout-v0.1.0	sha256:b9f80706cc1f29076ee06fe06483697c749148a808c599579045d00a52573938	python-gnn-puct-scout-v0.1.0	sha256:b9f80706cc1f29076ee06fe06483697c749148a808c599579045d00a52573938	L	P	196
g1_UU1YfvQQuv2qz4H9Xd-qSNtLf5YgwjG5LhIYttc5fbM	s1_Km-Mnwl4gqhJWWl3EKIKozrFgpyXvBURpjgiwy6-F98	1unMCO	qadv-arbiter-7x7-rust-lambda-v0.1.0	-	qadv-arbiter-7x7-rust-lambda-v0.1.0	-	L	P	196
g1_UU1YfvQQuv2qz4H9Xd-qSNtLf5YgwjG5LhIYttc5fbM	s1_PeIPkpjx1mENu0_NEcoNd2AldxFlqDxRJpsFAXCO4ME	1unMCO	qadv-arbiter-7x7-rust-lambda-v0.1.0	-	qadv-arbiter-7x7-rust-lambda-v0.1.0	-	L	P	196
g1_UU1YfvQQuv2qz4H9Xd-qSNtLf5YgwjG5LhIYttc5fbM	s1_RauLaTi4eVgYHSp2TV9pqs9uzTVv0B10g9TaHMWpcZ4	1unMCO	qadv-arbiter-7x7-rust-lambda-v0.1.0	-	qadv-arbiter-7x7-rust-lambda-v0.1.0	-	L	P	-
g1_UU1YfvQQuv2qz4H9Xd-qSNtLf5YgwjG5LhIYttc5fbM	s1_lV_2V-tY7bjjK26I01irXNn1xuDbC1jYxtcTtoxo7GA	1unMCO	qadv-arbiter-7x7-rust-lambda-v0.1.0	-	qadv-arbiter-7x7-rust-lambda-v0.1.0	-	L	P	196
g1_UU7sS83zyeuOCQ8Vqip8-WDus8BieIz5ck00g9gmhSs	s1_2XSQcj-Ak-eZY1JXXCOtTtZdr6Pf1yFnOhS1an9GQfQ	1unPpi	qadv-arbiter-7x7-rust-lambda-v0.1.0	-	qadv-arbiter-7x7-rust-lambda-v0.1.0	-	L	P	196
g1_UU7sS83zyeuOCQ8Vqip8-WDus8BieIz5ck00g9gmhSs	s1_63CL9jnVsJ5yuAQA2NoDXSJdlMw00BHpxbK5FBlcg7o	1unPpi	qadv-arbiter-7x7-rust-lambda-v0.1.0	-	qadv-arbiter-7x7-rust-lambda-v0.1.0	-	L	P	196
g1_UU7sS83zyeuOCQ8Vqip8-WDus8BieIz5ck00g9gmhSs	s1_RauLaTi4eVgYHSp2TV9pqs9uzTVv0B10g9TaHMWpcZ4	1unPpi	qadv-arbiter-7x7-rust-lambda-v0.1.0	-	qadv-arbiter-7x7-rust-lambda-v0.1.0	-	L	P	-
g1_UU7sS83zyeuOCQ8Vqip8-WDus8BieIz5ck00g9gmhSs	s1_SVCcKa36-IDmrb4cQ0w09HaKUogxNLPrU1i2ojSW6Io	1unPpi	qadv-arbiter-7x7-rust-lambda-v0.1.0	-	qadv-arbiter-7x7-rust-lambda-v0.1.0	-	L	P	196
g1_UUAKd-y7HVjj6-dBFI-pwUDGALsbICg8zCsRoiSghsk	s1_1av6nXQkq-GSHXfjkVlGHGpAq8F9UbW4JwZmyFA-vww	1umv3p	python-gnn-puct-scout-v0.1.0	sha256:b9f80706cc1f29076ee06fe06483697c749148a808c599579045d00a52573938	python-gnn-puct-scout-v0.1.0	sha256:b9f80706cc1f29076ee06fe06483697c749148a808c599579045d00a52573938	D	P	196
g1_UUAKd-y7HVjj6-dBFI-pwUDGALsbICg8zCsRoiSghsk	s1_Brk0hkuJoH-MBjdd53AO5tlWcOgDWV_R0PO74fHGd_0	1umv3p	python-gnn-puct-scout-v0.1.0	sha256:b9f80706cc1f29076ee06fe06483697c749148a808c599579045d00a52573938	python-gnn-puct-scout-v0.1.0	sha256:b9f80706cc1f29076ee06fe06483697c749148a808c599579045d00a52573938	D	P	196
g1_UUAKd-y7HVjj6-dBFI-pwUDGALsbICg8zCsRoiSghsk	s1_D_X-fTFZy6xuyGSC5jFyKBW6IP_59Jbomefazf4xu44	1umv3p	python-gnn-puct-scout-v0.1.0	sha256:b9f80706cc1f29076ee06fe06483697c749148a808c599579045d00a52573938	python-gnn-puct-scout-v0.1.0	sha256:b9f80706cc1f29076ee06fe06483697c749148a808c599579045d00a52573938	D	P	196
g1_UUASnwHHJYSO5hq67Nk_moup-4niPD466rYP7Z_OPhI	s1_1IPWz_CYylcxzCQeXMT1UQBYumo2mfQx1BpNBb0gpck	1unNYF	qadv-arbiter-7x7-rust-lambda-v0.1.0	-	qadv-arbiter-7x7-rust-lambda-v0.1.0	-	D	P	196
g1_UUASnwHHJYSO5hq67Nk_moup-4niPD466rYP7Z_OPhI	s1_CukjiDIsxoYxPG4mVqefWYCumKWG0pp5AqElkgOcrd8	1unNYF	qadv-arbiter-7x7-rust-lambda-v0.1.0	-	qadv-arbiter-7x7-rust-lambda-v0.1.0	-	D	P	196
g1_UUASnwHHJYSO5hq67Nk_moup-4niPD466rYP7Z_OPhI	s1_RauLaTi4eVgYHSp2TV9pqs9uzTVv0B10g9TaHMWpcZ4	1unNYF	qadv-arbiter-7x7-rust-lambda-v0.1.0	-	qadv-arbiter-7x7-rust-lambda-v0.1.0	-	D	P	-
g1_UUASnwHHJYSO5hq67Nk_moup-4niPD466rYP7Z_OPhI	s1_WDL_VnxQjV9-DeY6w93fdOnDoRS_hxq9w3NXeP2mabo	1unNYF	qadv-arbiter-7x7-rust-lambda-v0.1.0	-	qadv-arbiter-7x7-rust-lambda-v0.1.0	-	D	P	196
g1_UUB_XPsbmIfQImRiI2et9OQSR-zH3S4I8WEU8FKQu3k	s1_7nzi3NmsgHWnZleJIRJPJsfeL13JN1Erk2_KU_xI5Nk	1unOdU	qadv-arbiter-7x7-rust-lambda-v0.1.0	-	qadv-arbiter-7x7-rust-lambda-v0.1.0	-	D	P	196
g1_UUB_XPsbmIfQImRiI2et9OQSR-zH3S4I8WEU8FKQu3k	s1_RauLaTi4eVgYHSp2TV9pqs9uzTVv0B10g9TaHMWpcZ4	1unOdU	qadv-arbiter-7x7-rust-lambda-v0.1.0	-	qadv-arbiter-7x7-rust-lambda-v0.1.0	-	D	P	-
g1_UUB_XPsbmIfQImRiI2et9OQSR-zH3S4I8WEU8FKQu3k	s1__ofrcfONjGUfDCXaUV83Ono_oj-uZ8gFUhYgqx1iVyQ	1unOdU	qadv-arbiter-7x7-rust-lambda-v0.1.0	-	qadv-arbiter-7x7-rust-lambda-v0.1.0	-	D	P	196
g1_UUB_XPsbmIfQImRiI2et9OQSR-zH3S4I8WEU8FKQu3k	s1_eeJtRKVaYbIyQdK8bLk75uKjkDaaxF_S0p-M_t4GFzk	1unOdU	qadv-arbiter-7x7-rust-lambda-v0.1.0	-	qadv-arbiter-7x7-rust-lambda-v0.1.0	-	D	P	196
g1_UUCCWnKjqOWTfYZPqng-c9K8orIEZKb5z5mglKd9FWk	s1_5LbF2PE6QkbOfOUpiRWi4GhgY9kJIOIUtoSyQIWFEnw	1unOnw	qadv-arbiter-7x7-rust-lambda-v0.1.0	-	qadv-arbiter-7x7-rust-lambda-v0.1.0	-	D	P	196
g1_UUCCWnKjqOWTfYZPqng-c9K8orIEZKb5z5mglKd9FWk	s1_ECGfyMdSTdYX_VYk3g6u4hQcJHQ0jtDisgQpN00wan8	1unOnw	qadv-arbiter-7x7-rust-lambda-v0.1.0	-	qadv-arbiter-7x7-rust-lambda-v0.1.0	-	D	P	196
g1_UUCCWnKjqOWTfYZPqng-c9K8orIEZKb5z5mglKd9FWk	s1_RauLaTi4eVgYHSp2TV9pqs9uzTVv0B10g9TaHMWpcZ4	1unOnw	qadv-arbiter-7x7-rust-lambda-v0.1.0	-	qadv-arbiter-7x7-rust-lambda-v0.1.0	-	D	P	-
g1_UUCCWnKjqOWTfYZPqng-c9K8orIEZKb5z5mglKd9FWk	s1_tVvRv39U9_kdFJyPVvJa6JiU7rxFlGsjl2qF-7VqvAQ	1unOnw	qadv-arbiter-7x7-rust-lambda-v0.1.0	-	qadv-arbiter-7x7-rust-lambda-v0.1.0	-	D	P	196
g1_UUE_3FL189Yk0W-iieq2y5m15s5U5bXMWiJlFXTW9Oc	s1_Qmoz3nLvbLcY_1rcqMtpMJDvTQydhL5cxUNWV6EhpMY	1umwn2	qadv-arbiter-7x7-v0.1.0	sha256:8c548d06307572603b839755cc1e50393285365e10f82bcd90290ca65cd86266	qadv-arbiter-7x7-v0.1.0	sha256:8c548d06307572603b839755cc1e50393285365e10f82bcd90290ca65cd86266	L	P	196
g1_UUHJkeQisqbbjOIwAyF48GK9HbYPOnnJNRnYdH8axzg	s1_1av6nXQkq-GSHXfjkVlGHGpAq8F9UbW4JwZmyFA-vww	1DIYl	python-gnn-puct-v0.1.0	sha256:6f9ad6e4a0993da3cf34a8549e86f9b5d512c51e11bfa76dfe051e7a8801bdac	python-gnn-puct-v0.1.0	sha256:6f9ad6e4a0993da3cf34a8549e86f9b5d512c51e11bfa76dfe051e7a8801bdac	L	P	196
g1_UUHJkeQisqbbjOIwAyF48GK9HbYPOnnJNRnYdH8axzg	s1_Brk0hkuJoH-MBjdd53AO5tlWcOgDWV_R0PO74fHGd_0	1DIYl	python-gnn-puct-v0.1.0	sha256:6f9ad6e4a0993da3cf34a8549e86f9b5d512c51e11bfa76dfe051e7a8801bdac	python-gnn-puct-v0.1.0	sha256:6f9ad6e4a0993da3cf34a8549e86f9b5d512c51e11bfa76dfe051e7a8801bdac	L	P	196
g1_UUHJkeQisqbbjOIwAyF48GK9HbYPOnnJNRnYdH8axzg	s1_KmF8KhDbubz6lwdS8R_n_yTGdSONmH9B1wUABbyCj94	1DIYl	python-gnn-puct-v0.1.0	sha256:6f9ad6e4a0993da3cf34a8549e86f9b5d512c51e11bfa76dfe051e7a8801bdac	python-gnn-puct-v0.1.0	sha256:6f9ad6e4a0993da3cf34a8549e86f9b5d512c51e11bfa76dfe051e7a8801bdac	L	P	196
g1_UUHJkeQisqbbjOIwAyF48GK9HbYPOnnJNRnYdH8axzg	s1_g5pGkHBMEhzAYvwFY0b24sSc7wC9JfnWApMHHZ_aMPI	1DIYl	python-gnn-puct-v0.1.0	sha256:6f9ad6e4a0993da3cf34a8549e86f9b5d512c51e11bfa76dfe051e7a8801bdac	python-gnn-puct-v0.1.0	sha256:6f9ad6e4a0993da3cf34a8549e86f9b5d512c51e11bfa76dfe051e7a8801bdac	L	P	196
g1_UUHJkeQisqbbjOIwAyF48GK9HbYPOnnJNRnYdH8axzg	s1_tol_POp6BcgBLMWq8iDfRBQSAXpESHxFwmcCQYXv0yQ	1DIYl	python-gnn-puct-v0.1.0	sha256:6f9ad6e4a0993da3cf34a8549e86f9b5d512c51e11bfa76dfe051e7a8801bdac	python-gnn-puct-v0.1.0	sha256:6f9ad6e4a0993da3cf34a8549e86f9b5d512c51e11bfa76dfe051e7a8801bdac	L	P	196
g1_UUPoSfJcOo4ts4jW1WDUwMjJp-VeguuDFUe2Qf0Z1g8	s1_RauLaTi4eVgYHSp2TV9pqs9uzTVv0B10g9TaHMWpcZ4	1unNYl	qadv-arbiter-7x7-rust-lambda-v0.1.0	-	qadv-arbiter-7x7-rust-lambda-v0.1.0	-	D	P	-
g1_UUPoSfJcOo4ts4jW1WDUwMjJp-VeguuDFUe2Qf0Z1g8	s1_UKki5Tb8MWtSMh8ivd6evfo-4oWtNpGyva4P3N80tVA	1unNYl	qadv-arbiter-7x7-rust-lambda-v0.1.0	-	qadv-arbiter-7x7-rust-lambda-v0.1.0	-	D	P	196
g1_UUPoSfJcOo4ts4jW1WDUwMjJp-VeguuDFUe2Qf0Z1g8	s1_dbcyk4xKgaYX9ClEIyL9r9e3cwfZ71yS-mYW7e3xUqw	1unNYl	qadv-arbiter-7x7-rust-lambda-v0.1.0	-	qadv-arbiter-7x7-rust-lambda-v0.1.0	-	D	P	196
g1_UUPoSfJcOo4ts4jW1WDUwMjJp-VeguuDFUe2Qf0Z1g8	s1_sjukmMlWNDlkcuAvpofEDBUUnSPlHa5zaFRq4BpsgcE	1unNYl	qadv-arbiter-7x7-rust-lambda-v0.1.0	-	qadv-arbiter-7x7-rust-lambda-v0.1.0	-	D	P	196
g1_UUT9nVnqdsVx-4WBLX6B2XcjlnyTZYLPG_pMgbspXow	s1_7E_pcOGSrRZCmr3IDV_44rnouDsxCPc60aU3a6fTbQ8	1unOpM	qadv-arbiter-7x7-rust-lambda-v0.1.0	-	qadv-arbiter-7x7-rust-lambda-v0.1.0	-	L	P	196
g1_UUT9nVnqdsVx-4WBLX6B2XcjlnyTZYLPG_pMgbspXow	s1_RauLaTi4eVgYHSp2TV9pqs9uzTVv0B10g9TaHMWpcZ4	1unOpM	qadv-arbiter-7x7-rust-lambda-v0.1.0	-	qadv-arbiter-7x7-rust-lambda-v0.1.0	-	L	P	-
g1_UUT9nVnqdsVx-4WBLX6B2XcjlnyTZYLPG_pMgbspXow	s1_be35qli3JGlhmmjH8icb-qLFqPhMG7xHT40CHS9ekwU	1unOpM	qadv-arbiter-7x7-rust-lambda-v0.1.0	-	qadv-arbiter-7x7-rust-lambda-v0.1.0	-	L	P	196
g1_UUT9nVnqdsVx-4WBLX6B2XcjlnyTZYLPG_pMgbspXow	s1_dTtneCPbHUX67yFLP2TSNZzOeVeG8qTQwtPZPrZ4o_M	1unOpM	qadv-arbiter-7x7-rust-lambda-v0.1.0	-	qadv-arbiter-7x7-rust-lambda-v0.1.0	-	L	P	196
g1_UU_X_sj4X7FDXiAhYn-hnfACO8WY07ZBtk9epVfKYOA	s1_Qmoz3nLvbLcY_1rcqMtpMJDvTQydhL5cxUNWV6EhpMY	1umwvp	qadv-arbiter-7x7-v0.1.0	sha256:8c548d06307572603b839755cc1e50393285365e10f82bcd90290ca65cd86266	qadv-arbiter-7x7-v0.1.0	sha256:8c548d06307572603b839755cc1e50393285365e10f82bcd90290ca65cd86266	L	P	196
g1_UUgGFPaaejR-JR_tdy2NM-xhBTNcbG2ovpp1nkklmC8	s1_qtlitMa-GGx-0y2heoyNRonYXf1Dq5epTexnVe9Iqtw	1umxcw	python-gnn-puct-learner-v0.1.0	sha256:ab0f739cd33d66781faf60e27797c5ccba3c04ba684f8d9e32e9c2754f4e8956	python-gnn-puct-learner-v0.1.0	sha256:ab0f739cd33d66781faf60e27797c5ccba3c04ba684f8d9e32e9c2754f4e8956	D	P	196
g1_UUjpi8UPkXPKU8QhUtyacxL9yIR3p1eQTvyX6qn9yg0	s1_2FtaP75xgRVTNrUvmC0NIesJCNy8IDFJ05WNM4nUnpg	1unQxj	surveyor-v0.2.0	-	qadv-arbiter-7x7-v0.1.0	-	L	P	196
g1_UUjpi8UPkXPKU8QhUtyacxL9yIR3p1eQTvyX6qn9yg0	s1_4L5X7LmCK3_3eT7lEDX2cceC8tT2KaOlUQdZkbt_v7Q	1unQxj	surveyor-v0.2.0	-	qadv-arbiter-7x7-v0.1.0	-	L	P	196
g1_UUjpi8UPkXPKU8QhUtyacxL9yIR3p1eQTvyX6qn9yg0	s1_F1bRTMMc7WPBHhcU2WhUt_ZCP3YyTFtaERJ-_FH31CA	1unQxj	surveyor-v0.2.0	-	qadv-arbiter-7x7-v0.1.0	-	L	P	196
g1_UUjpi8UPkXPKU8QhUtyacxL9yIR3p1eQTvyX6qn9yg0	s1_RauLaTi4eVgYHSp2TV9pqs9uzTVv0B10g9TaHMWpcZ4	1unQxj	surveyor-v0.2.0	-	qadv-arbiter-7x7-v0.1.0	-	L	P	-
g1_UV6anhFM0t-WtmcTRPHkUDraY2iD3Rpqe_wZaZ-Nvc4	s1_1av6nXQkq-GSHXfjkVlGHGpAq8F9UbW4JwZmyFA-vww	1DIXm	python-gnn-puct-v0.1.0	sha256:6f9ad6e4a0993da3cf34a8549e86f9b5d512c51e11bfa76dfe051e7a8801bdac	python-gnn-puct-v0.1.0	sha256:6f9ad6e4a0993da3cf34a8549e86f9b5d512c51e11bfa76dfe051e7a8801bdac	D	P	196
g1_UV6anhFM0t-WtmcTRPHkUDraY2iD3Rpqe_wZaZ-Nvc4	s1_Brk0hkuJoH-MBjdd53AO5tlWcOgDWV_R0PO74fHGd_0	1DIXm	python-gnn-puct-v0.1.0	sha256:6f9ad6e4a0993da3cf34a8549e86f9b5d512c51e11bfa76dfe051e7a8801bdac	python-gnn-puct-v0.1.0	sha256:6f9ad6e4a0993da3cf34a8549e86f9b5d512c51e11bfa76dfe051e7a8801bdac	D	P	196
g1_UV6anhFM0t-WtmcTRPHkUDraY2iD3Rpqe_wZaZ-Nvc4	s1_KmF8KhDbubz6lwdS8R_n_yTGdSONmH9B1wUABbyCj94	1DIXm	python-gnn-puct-v0.1.0	sha256:6f9ad6e4a0993da3cf34a8549e86f9b5d512c51e11bfa76dfe051e7a8801bdac	python-gnn-puct-v0.1.0	sha256:6f9ad6e4a0993da3cf34a8549e86f9b5d512c51e11bfa76dfe051e7a8801bdac	D	P	196
g1_UV6anhFM0t-WtmcTRPHkUDraY2iD3Rpqe_wZaZ-Nvc4	s1_g5pGkHBMEhzAYvwFY0b24sSc7wC9JfnWApMHHZ_aMPI	1DIXm	python-gnn-puct-v0.1.0	sha256:6f9ad6e4a0993da3cf34a8549e86f9b5d512c51e11bfa76dfe051e7a8801bdac	python-gnn-puct-v0.1.0	sha256:6f9ad6e4a0993da3cf34a8549e86f9b5d512c51e11bfa76dfe051e7a8801bdac	D	P	196
g1_UV6anhFM0t-WtmcTRPHkUDraY2iD3Rpqe_wZaZ-Nvc4	s1_tol_POp6BcgBLMWq8iDfRBQSAXpESHxFwmcCQYXv0yQ	1DIXm	python-gnn-puct-v0.1.0	sha256:6f9ad6e4a0993da3cf34a8549e86f9b5d512c51e11bfa76dfe051e7a8801bdac	python-gnn-puct-v0.1.0	sha256:6f9ad6e4a0993da3cf34a8549e86f9b5d512c51e11bfa76dfe051e7a8801bdac	D	P	196
g1_UVC3JYHjdV2d0_k8W4T7shNwvB3VnKxTgqyVTSx3nBU	s1_-OKlJXuPFfAnukwGYITjiU7XKL4OC_qt76PC0TZSPjg	1umveF	python-cnn-puct-v0.1.0	sha256:7845e9b7687beee165dc36b8d21833b7a8b5a83e31b58b49bd05c277ba26e642	python-cnn-puct-v0.1.0	sha256:7845e9b7687beee165dc36b8d21833b7a8b5a83e31b58b49bd05c277ba26e642	-	M	196
g1_UVC3JYHjdV2d0_k8W4T7shNwvB3VnKxTgqyVTSx3nBU	s1_1av6nXQkq-GSHXfjkVlGHGpAq8F9UbW4JwZmyFA-vww	1umveF	python-cnn-puct-v0.1.0	sha256:7845e9b7687beee165dc36b8d21833b7a8b5a83e31b58b49bd05c277ba26e642	python-cnn-puct-v0.1.0	sha256:7845e9b7687beee165dc36b8d21833b7a8b5a83e31b58b49bd05c277ba26e642	-	M	196
g1_UVC3JYHjdV2d0_k8W4T7shNwvB3VnKxTgqyVTSx3nBU	s1_Brk0hkuJoH-MBjdd53AO5tlWcOgDWV_R0PO74fHGd_0	1umveF	python-cnn-puct-v0.1.0	sha256:7845e9b7687beee165dc36b8d21833b7a8b5a83e31b58b49bd05c277ba26e642	python-cnn-puct-v0.1.0	sha256:7845e9b7687beee165dc36b8d21833b7a8b5a83e31b58b49bd05c277ba26e642	-	M	196
g1_UVRz0mWZlvPTokd_tHHEhwwnhSGbSe2nOVC_Z5Pxbwg	s1_6cSLITP9FOKzV7eW2daLgw7JPyHKFlEfN1v9k7Nr4R8	1unP7J	qadv-arbiter-7x7-rust-lambda-v0.1.0	-	qadv-arbiter-7x7-rust-lambda-v0.1.0	-	L	P	196
g1_UVRz0mWZlvPTokd_tHHEhwwnhSGbSe2nOVC_Z5Pxbwg	s1_RauLaTi4eVgYHSp2TV9pqs9uzTVv0B10g9TaHMWpcZ4	1unP7J	qadv-arbiter-7x7-rust-lambda-v0.1.0	-	qadv-arbiter-7x7-rust-lambda-v0.1.0	-	L	P	-
g1_UVRz0mWZlvPTokd_tHHEhwwnhSGbSe2nOVC_Z5Pxbwg	s1_U1_OzEQQtfVYIIjprYDGODDdAoSBwfJ2MvnX9I_ftuI	1unP7J	qadv-arbiter-7x7-rust-lambda-v0.1.0	-	qadv-arbiter-7x7-rust-lambda-v0.1.0	-	L	P	196
g1_UVRz0mWZlvPTokd_tHHEhwwnhSGbSe2nOVC_Z5Pxbwg	s1_uX_HLCEbjjv3wrCIj78eFfnPh0CXKOLJClZuRvBz5as	1unP7J	qadv-arbiter-7x7-rust-lambda-v0.1.0	-	qadv-arbiter-7x7-rust-lambda-v0.1.0	-	L	P	196
g1_UViUVDBbAzP4KxpZCpPG98eZo9_pjgqBUCwDulPQt6U	s1_P0AIX2-hcW2fz6CAdqCGrSOynUnDpizt5nm6OrcFmfA	1unMV3	qadv-arbiter-7x7-rust-lambda-v0.1.0	-	qadv-arbiter-7x7-rust-lambda-v0.1.0	-	L	P	196
g1_UViUVDBbAzP4KxpZCpPG98eZo9_pjgqBUCwDulPQt6U	s1_RauLaTi4eVgYHSp2TV9pqs9uzTVv0B10g9TaHMWpcZ4	1unMV3	qadv-arbiter-7x7-rust-lambda-v0.1.0	-	qadv-arbiter-7x7-rust-lambda-v0.1.0	-	L	P	-
g1_UViUVDBbAzP4KxpZCpPG98eZo9_pjgqBUCwDulPQt6U	s1_ifFDHmjElDK-cZhUdV87F_mgvdvyyBSzzNkFiLHAnpQ	1unMV3	qadv-arbiter-7x7-rust-lambda-v0.1.0	-	qadv-arbiter-7x7-rust-lambda-v0.1.0	-	L	P	196
g1_UViUVDBbAzP4KxpZCpPG98eZo9_pjgqBUCwDulPQt6U	s1_n6IDyr0FAPU-ECzTd94BdCC4V_SNQRTpp_2XfJP_LDw	1unMV3	qadv-arbiter-7x7-rust-lambda-v0.1.0	-	qadv-arbiter-7x7-rust-lambda-v0.1.0	-	L	P	196
g1_UVkJ03y4srtPXizL7dOfsfgEATRnrKw3oij-k8MCDHo	s1_1av6nXQkq-GSHXfjkVlGHGpAq8F9UbW4JwZmyFA-vww	1DIW8	python-gnn-puct-v0.1.0	sha256:6f9ad6e4a0993da3cf34a8549e86f9b5d512c51e11bfa76dfe051e7a8801bdac	python-gnn-puct-v0.1.0	sha256:6f9ad6e4a0993da3cf34a8549e86f9b5d512c51e11bfa76dfe051e7a8801bdac	D	P	196
g1_UVkJ03y4srtPXizL7dOfsfgEATRnrKw3oij-k8MCDHo	s1_del54SUFELBov5vQFrhsVexn6D9EhUPDFZpXuqC6eCI	1DIW8	python-gnn-puct-v0.1.0	sha256:6f9ad6e4a0993da3cf34a8549e86f9b5d512c51e11bfa76dfe051e7a8801bdac	python-gnn-puct-v0.1.0	sha256:6f9ad6e4a0993da3cf34a8549e86f9b5d512c51e11bfa76dfe051e7a8801bdac	D	P	196
g1_UVkJ03y4srtPXizL7dOfsfgEATRnrKw3oij-k8MCDHo	s1_g5pGkHBMEhzAYvwFY0b24sSc7wC9JfnWApMHHZ_aMPI	1DIW8	python-gnn-puct-v0.1.0	sha256:6f9ad6e4a0993da3cf34a8549e86f9b5d512c51e11bfa76dfe051e7a8801bdac	python-gnn-puct-v0.1.0	sha256:6f9ad6e4a0993da3cf34a8549e86f9b5d512c51e11bfa76dfe051e7a8801bdac	D	P	196
g1_UVkJ03y4srtPXizL7dOfsfgEATRnrKw3oij-k8MCDHo	s1_mWPTef6xYbijjPhDIC6QgLRmu2mMSJAokNlIkx3vg54	1DIW8	python-gnn-puct-v0.1.0	sha256:6f9ad6e4a0993da3cf34a8549e86f9b5d512c51e11bfa76dfe051e7a8801bdac	python-gnn-puct-v0.1.0	sha256:6f9ad6e4a0993da3cf34a8549e86f9b5d512c51e11bfa76dfe051e7a8801bdac	D	P	196
g1_UVkJ03y4srtPXizL7dOfsfgEATRnrKw3oij-k8MCDHo	s1_tol_POp6BcgBLMWq8iDfRBQSAXpESHxFwmcCQYXv0yQ	1DIW8	python-gnn-puct-v0.1.0	sha256:6f9ad6e4a0993da3cf34a8549e86f9b5d512c51e11bfa76dfe051e7a8801bdac	python-gnn-puct-v0.1.0	sha256:6f9ad6e4a0993da3cf34a8549e86f9b5d512c51e11bfa76dfe051e7a8801bdac	D	P	196
g1_UVnhXDw2LZ8uVYgTqTsPg7NQQY16FfujghUoHIjyNjE	s1_BmHIXLKl_F8Frdbo43JIjEz290ykrg13DVlKTV6Jkmo	1unMfh	qadv-arbiter-7x7-rust-lambda-v0.1.0	-	qadv-arbiter-7x7-rust-lambda-v0.1.0	-	L	P	196
g1_UVnhXDw2LZ8uVYgTqTsPg7NQQY16FfujghUoHIjyNjE	s1_GToZPH5SGe_yJ0VwKC5cTjQkIxcXOuw0-r2kUhl0fD4	1unMfh	qadv-arbiter-7x7-rust-lambda-v0.1.0	-	qadv-arbiter-7x7-rust-lambda-v0.1.0	-	L	P	196
g1_UVnhXDw2LZ8uVYgTqTsPg7NQQY16FfujghUoHIjyNjE	s1_RauLaTi4eVgYHSp2TV9pqs9uzTVv0B10g9TaHMWpcZ4	1unMfh	qadv-arbiter-7x7-rust-lambda-v0.1.0	-	qadv-arbiter-7x7-rust-lambda-v0.1.0	-	L	P	-
g1_UVnhXDw2LZ8uVYgTqTsPg7NQQY16FfujghUoHIjyNjE	s1_qJ80ZuaV7ipB-yDAgl7cosaJ2uxrY3F5ap8S4stHeTw	1unMfh	qadv-arbiter-7x7-rust-lambda-v0.1.0	-	qadv-arbiter-7x7-rust-lambda-v0.1.0	-	L	P	196
g1_UVzbhiHG89HHR5ayj5ad8TaxwEwlVYZCdwKgiS_Ej14	s1_RauLaTi4eVgYHSp2TV9pqs9uzTVv0B10g9TaHMWpcZ4	1unNmJ	qadv-arbiter-7x7-rust-lambda-v0.1.0	-	qadv-arbiter-7x7-rust-lambda-v0.1.0	-	L	P	-
g1_UVzbhiHG89HHR5ayj5ad8TaxwEwlVYZCdwKgiS_Ej14	s1_UPVR0RlS2Rw6mnJiNRQ1PR60-GloHfHlEAcEtgvy2Lk	1unNmJ	qadv-arbiter-7x7-rust-lambda-v0.1.0	-	qadv-arbiter-7x7-rust-lambda-v0.1.0	-	L	P	196
g1_UVzbhiHG89HHR5ayj5ad8TaxwEwlVYZCdwKgiS_Ej14	s1_oF-eoEOhF1SGk3mjm3KQrId0c8w29DKCzl0auVItqSk	1unNmJ	qadv-arbiter-7x7-rust-lambda-v0.1.0	-	qadv-arbiter-7x7-rust-lambda-v0.1.0	-	L	P	196
g1_UVzbhiHG89HHR5ayj5ad8TaxwEwlVYZCdwKgiS_Ej14	s1_ywWQGvIICroC1oAzcJW1E-mlzgpQASchowr2kqdtkoY	1unNmJ	qadv-arbiter-7x7-rust-lambda-v0.1.0	-	qadv-arbiter-7x7-rust-lambda-v0.1.0	-	L	P	196
g1_UW5yhHxqd0XbKkzwnhNYpRwgqtrWkf2-S_tmtUAAHlw	s1_flXyOBW6T9LLVDFIvXBGel1MoVNZcUcMFIJnB9yLapU	1umx8k	python-gnn-puct-reval30k-v0.1.0	sha256:6120be86fc469df71473c3de64e5e32f99694cd47d621fa5948f243dc51d3d21	python-gnn-puct-reval30k-v0.1.0	sha256:6120be86fc469df71473c3de64e5e32f99694cd47d621fa5948f243dc51d3d21	L	P	196
g1_UWF_D3x8aYy1C2kVb9-R784WcZKMZzSzW_4VVPcRt3o	s1_WVg7aYYLIrw6_-2mI3jQ-DPcLO4gX2sPEEqWQb0DGQA	1umxS9	python-cnn-puct-reval30k-v0.1.0	sha256:eb2600a53e225a835455efdb2759c40e27c5cb3c16ab0688bc21b99290ed10ee	python-cnn-puct-reval30k-v0.1.0	sha256:eb2600a53e225a835455efdb2759c40e27c5cb3c16ab0688bc21b99290ed10ee	L	P	196
g1_UWGOVf2ivncPfa6Nkw_bkdfmP5S2b7nMVLaY2CzhZNg	s1_1X4lqKCdWqx2_BLzTGOBAoxXP4ojZDNqlNbFeMFtSzM	1unO2z	qadv-arbiter-7x7-rust-lambda-v0.1.0	-	qadv-arbiter-7x7-rust-lambda-v0.1.0	-	L	P	196
g1_UWGOVf2ivncPfa6Nkw_bkdfmP5S2b7nMVLaY2CzhZNg	s1_RauLaTi4eVgYHSp2TV9pqs9uzTVv0B10g9TaHMWpcZ4	1unO2z	qadv-arbiter-7x7-rust-lambda-v0.1.0	-	qadv-arbiter-7x7-rust-lambda-v0.1.0	-	L	P	-
g1_UWGOVf2ivncPfa6Nkw_bkdfmP5S2b7nMVLaY2CzhZNg	s1_nYyJ3B9dKq0AuosjYFd_IAApk464ISe8PfPOR3EkGuw	1unO2z	qadv-arbiter-7x7-rust-lambda-v0.1.0	-	qadv-arbiter-7x7-rust-lambda-v0.1.0	-	L	P	196
g1_UWGOVf2ivncPfa6Nkw_bkdfmP5S2b7nMVLaY2CzhZNg	s1_yR3Uf52hIxhT4aPaAPirgkkjH6s3EMYgmidfAN1bVTs	1unO2z	qadv-arbiter-7x7-rust-lambda-v0.1.0	-	qadv-arbiter-7x7-rust-lambda-v0.1.0	-	L	P	196
g1_UWHN6XQvkPFzeVex7USMFR6mvgDhurocqvp6FXapIJ4	s1_0AUOJjPQPZ1MRMfwzS00hiN-u8aJ0dAeHixic-sp0u8	1un6cs	qadv-arbiter-guided-7x7-v0.2.0	sha256:9c0e5e530df7db77a98f6a2e75fe63a6f629c6ad6563e0b5454793ebc243b14d	gnn-reval30k-7x7	sha256:7f41dbe135649d1116a0914bc0358a5ffae95749195ec20dd972035bbbea52f7	D	P	196
g1_UWHN6XQvkPFzeVex7USMFR6mvgDhurocqvp6FXapIJ4	s1_O3cuwuia8XT9TI7Nxr3tRcajOA20XFHEIT2fYX3WizY	1un6cs	qadv-arbiter-guided-7x7-v0.2.0	sha256:9c0e5e530df7db77a98f6a2e75fe63a6f629c6ad6563e0b5454793ebc243b14d	gnn-reval30k-7x7	sha256:7f41dbe135649d1116a0914bc0358a5ffae95749195ec20dd972035bbbea52f7	D	P	196
g1_UWHN6XQvkPFzeVex7USMFR6mvgDhurocqvp6FXapIJ4	s1_UHtME0K2nHdWZi6cty5g9OSxM3nyUTxwVk5nkZhTkjA	1un6cs	qadv-arbiter-guided-7x7-v0.2.0	sha256:9c0e5e530df7db77a98f6a2e75fe63a6f629c6ad6563e0b5454793ebc243b14d	gnn-reval30k-7x7	sha256:7f41dbe135649d1116a0914bc0358a5ffae95749195ec20dd972035bbbea52f7	D	P	196
g1_UWICJ7mBVhtAxnQyy3B54YTUyNwVIY-YDDspAQ9KOzs	s1_flXyOBW6T9LLVDFIvXBGel1MoVNZcUcMFIJnB9yLapU	1umxBL	python-gnn-puct-reval30k-v0.1.0	sha256:6120be86fc469df71473c3de64e5e32f99694cd47d621fa5948f243dc51d3d21	python-gnn-puct-reval30k-v0.1.0	sha256:6120be86fc469df71473c3de64e5e32f99694cd47d621fa5948f243dc51d3d21	D	P	196
g1_UWLh7AmtcYQk7Jy95F-LCdm2GyGYxybm8KAChQS7Q0E	s1_hAtqd-YEPPulYBgXhEj6YrWIUIpMJXWt0I96hF3wO7E	1DIVO	rust-handcrafted-g0	-	rust-evo-g1-c0-279-109-820-53-117-66	-	D	P	-
g1_UWR4iCRTanH6aHwYcbMIIIxJI0IutVNQi0Sp-fCihz0	s1_1av6nXQkq-GSHXfjkVlGHGpAq8F9UbW4JwZmyFA-vww	1umv4A	python-gnn-puct-scout-v0.1.0	sha256:b9f80706cc1f29076ee06fe06483697c749148a808c599579045d00a52573938	python-gnn-puct-scout-v0.1.0	sha256:b9f80706cc1f29076ee06fe06483697c749148a808c599579045d00a52573938	-	M	196
g1_UWR4iCRTanH6aHwYcbMIIIxJI0IutVNQi0Sp-fCihz0	s1_Brk0hkuJoH-MBjdd53AO5tlWcOgDWV_R0PO74fHGd_0	1umv4A	python-gnn-puct-scout-v0.1.0	sha256:b9f80706cc1f29076ee06fe06483697c749148a808c599579045d00a52573938	python-gnn-puct-scout-v0.1.0	sha256:b9f80706cc1f29076ee06fe06483697c749148a808c599579045d00a52573938	-	M	196
g1_UWR4iCRTanH6aHwYcbMIIIxJI0IutVNQi0Sp-fCihz0	s1_D_X-fTFZy6xuyGSC5jFyKBW6IP_59Jbomefazf4xu44	1umv4A	python-gnn-puct-scout-v0.1.0	sha256:b9f80706cc1f29076ee06fe06483697c749148a808c599579045d00a52573938	python-gnn-puct-scout-v0.1.0	sha256:b9f80706cc1f29076ee06fe06483697c749148a808c599579045d00a52573938	-	M	196
g1_UWa26p0Zp8AGgy168BmbLDO34-1jIjVvJ43Y49jCFH8	s1_Lr6mpdSOiCFhJTP7T3LRWa-amEQOine4WyNdXJDOqeE	1unOSm	qadv-arbiter-7x7-rust-lambda-v0.1.0	-	qadv-arbiter-7x7-rust-lambda-v0.1.0	-	L	P	196
g1_UWa26p0Zp8AGgy168BmbLDO34-1jIjVvJ43Y49jCFH8	s1_RauLaTi4eVgYHSp2TV9pqs9uzTVv0B10g9TaHMWpcZ4	1unOSm	qadv-arbiter-7x7-rust-lambda-v0.1.0	-	qadv-arbiter-7x7-rust-lambda-v0.1.0	-	L	P	-
g1_UWa26p0Zp8AGgy168BmbLDO34-1jIjVvJ43Y49jCFH8	s1_mOwACr067_r6vaJM9Yzzc3vRXAAym7F7GJFe56vK7LM	1unOSm	qadv-arbiter-7x7-rust-lambda-v0.1.0	-	qadv-arbiter-7x7-rust-lambda-v0.1.0	-	L	P	196
g1_UWa26p0Zp8AGgy168BmbLDO34-1jIjVvJ43Y49jCFH8	s1_rU00Du18AdafMhY95h4fj1fVlU-aQubGdSPTf0alGc4	1unOSm	qadv-arbiter-7x7-rust-lambda-v0.1.0	-	qadv-arbiter-7x7-rust-lambda-v0.1.0	-	L	P	196
g1_UWefIoPv8ryt9WdcC0Bre6UHLrP90mpZ1bHOWi47n60	s1_1iuDEY023ydVf64Au5MXoYmmH9Wrj73vES6DSfT19xI	1unNhX	qadv-arbiter-7x7-rust-lambda-v0.1.0	-	qadv-arbiter-7x7-rust-lambda-v0.1.0	-	D	P	196
g1_UWefIoPv8ryt9WdcC0Bre6UHLrP90mpZ1bHOWi47n60	s1_RauLaTi4eVgYHSp2TV9pqs9uzTVv0B10g9TaHMWpcZ4	1unNhX	qadv-arbiter-7x7-rust-lambda-v0.1.0	-	qadv-arbiter-7x7-rust-lambda-v0.1.0	-	D	P	-
g1_UWefIoPv8ryt9WdcC0Bre6UHLrP90mpZ1bHOWi47n60	s1_mkEZJW_2XmZq8qdS_7Z1qMR3r8WTjxOgCGzf4s9TWuQ	1unNhX	qadv-arbiter-7x7-rust-lambda-v0.1.0	-	qadv-arbiter-7x7-rust-lambda-v0.1.0	-	D	P	196
g1_UWefIoPv8ryt9WdcC0Bre6UHLrP90mpZ1bHOWi47n60	s1_rMdhgJb_c6Xwoji2c108eWqkoHHWOcYM6WDCwHkrXwo	1unNhX	qadv-arbiter-7x7-rust-lambda-v0.1.0	-	qadv-arbiter-7x7-rust-lambda-v0.1.0	-	D	P	196
g1_UWhseRYV6YCE1xK6FgmCuRUULrqJTIA1GMwRBvhJHKA	s1_FWxTVCm0io7KWgPi4BLFfYRGb_ywh9_ClvNHx6o40P4	1unMm2	qadv-arbiter-7x7-rust-lambda-v0.1.0	-	qadv-arbiter-7x7-rust-lambda-v0.1.0	-	D	P	196
g1_UWhseRYV6YCE1xK6FgmCuRUULrqJTIA1GMwRBvhJHKA	s1_RauLaTi4eVgYHSp2TV9pqs9uzTVv0B10g9TaHMWpcZ4	1unMm2	qadv-arbiter-7x7-rust-lambda-v0.1.0	-	qadv-arbiter-7x7-rust-lambda-v0.1.0	-	D	P	-
g1_UWhseRYV6YCE1xK6FgmCuRUULrqJTIA1GMwRBvhJHKA	s1_eHRE3b5_Jj2fpeX8S5eChlp3nbsSXxw-aJUnC5Xh4eU	1unMm2	qadv-arbiter-7x7-rust-lambda-v0.1.0	-	qadv-arbiter-7x7-rust-lambda-v0.1.0	-	D	P	196
g1_UWhseRYV6YCE1xK6FgmCuRUULrqJTIA1GMwRBvhJHKA	s1_hEO2nVId4MmcGDiOiGXhaFkTNmIZgqOkDlvPUxdi7Cc	1unMm2	qadv-arbiter-7x7-rust-lambda-v0.1.0	-	qadv-arbiter-7x7-rust-lambda-v0.1.0	-	D	P	196
g1_UWjuHhI9nI9KUoWYQnmmJGBeQoveRx2Z3iNyi6aYSpQ	s1_3CKYCqn-Hp705kwBERYqdr08XkfEFXfYgHpOx-CaSJk	1unPY-	qadv-arbiter-7x7-rust-lambda-v0.1.0	-	qadv-arbiter-7x7-rust-lambda-v0.1.0	-	L	P	196
g1_UWjuHhI9nI9KUoWYQnmmJGBeQoveRx2Z3iNyi6aYSpQ	s1_N28cgxfjcjcVWTLESaOcKdySD0EjSugY0rLVuYJFir8	1unPY-	qadv-arbiter-7x7-rust-lambda-v0.1.0	-	qadv-arbiter-7x7-rust-lambda-v0.1.0	-	L	P	196
g1_UWjuHhI9nI9KUoWYQnmmJGBeQoveRx2Z3iNyi6aYSpQ	s1_RauLaTi4eVgYHSp2TV9pqs9uzTVv0B10g9TaHMWpcZ4	1unPY-	qadv-arbiter-7x7-rust-lambda-v0.1.0	-	qadv-arbiter-7x7-rust-lambda-v0.1.0	-	L	P	-
g1_UWjuHhI9nI9KUoWYQnmmJGBeQoveRx2Z3iNyi6aYSpQ	s1_sHSMaiGTH7C3ESfYUxg2DIn6g97c9x4BjDvl02czDLQ	1unPY-	qadv-arbiter-7x7-rust-lambda-v0.1.0	-	qadv-arbiter-7x7-rust-lambda-v0.1.0	-	L	P	196
g1_UWm6NJxUnWks9Pdrk4uyfoIVGBgnwDhaJXDfYPqo2Do	s1_2FtaP75xgRVTNrUvmC0NIesJCNy8IDFJ05WNM4nUnpg	1unR3H	lunatic-v0.1.0	-	qadv-arbiter-7x7-v0.1.0	-	L	P	196
g1_UWm6NJxUnWks9Pdrk4uyfoIVGBgnwDhaJXDfYPqo2Do	s1_LOVS17t3L1OYYI5m3OsdqXxOwXzv1NlL3gsQT34DhBI	1unR3H	lunatic-v0.1.0	-	qadv-arbiter-7x7-v0.1.0	-	L	P	196
g1_UWm6NJxUnWks9Pdrk4uyfoIVGBgnwDhaJXDfYPqo2Do	s1_RauLaTi4eVgYHSp2TV9pqs9uzTVv0B10g9TaHMWpcZ4	1unR3H	lunatic-v0.1.0	-	qadv-arbiter-7x7-v0.1.0	-	L	P	-
g1_UWm6NJxUnWks9Pdrk4uyfoIVGBgnwDhaJXDfYPqo2Do	s1_jkoE1AydTokODgBZZiGqT1s8KGpaBss7VktCykndM0Q	1unR3H	lunatic-v0.1.0	-	qadv-arbiter-7x7-v0.1.0	-	L	P	196
g1_UX4Z9cBme3VJaFeawSSGM7cBJtNS9nlohzIsLTzcTB0	s1_1av6nXQkq-GSHXfjkVlGHGpAq8F9UbW4JwZmyFA-vww	1DIf_	python-gnn-puct-v0.1.0	sha256:6f9ad6e4a0993da3cf34a8549e86f9b5d512c51e11bfa76dfe051e7a8801bdac	python-gnn-puct-v0.1.0	sha256:6f9ad6e4a0993da3cf34a8549e86f9b5d512c51e11bfa76dfe051e7a8801bdac	D	P	196
g1_UX4Z9cBme3VJaFeawSSGM7cBJtNS9nlohzIsLTzcTB0	s1_Brk0hkuJoH-MBjdd53AO5tlWcOgDWV_R0PO74fHGd_0	1DIf_	python-gnn-puct-v0.1.0	sha256:6f9ad6e4a0993da3cf34a8549e86f9b5d512c51e11bfa76dfe051e7a8801bdac	python-gnn-puct-v0.1.0	sha256:6f9ad6e4a0993da3cf34a8549e86f9b5d512c51e11bfa76dfe051e7a8801bdac	D	P	196
g1_UX4Z9cBme3VJaFeawSSGM7cBJtNS9nlohzIsLTzcTB0	s1_KmF8KhDbubz6lwdS8R_n_yTGdSONmH9B1wUABbyCj94	1DIf_	python-gnn-puct-v0.1.0	sha256:6f9ad6e4a0993da3cf34a8549e86f9b5d512c51e11bfa76dfe051e7a8801bdac	python-gnn-puct-v0.1.0	sha256:6f9ad6e4a0993da3cf34a8549e86f9b5d512c51e11bfa76dfe051e7a8801bdac	D	P	196
g1_UX4Z9cBme3VJaFeawSSGM7cBJtNS9nlohzIsLTzcTB0	s1_g5pGkHBMEhzAYvwFY0b24sSc7wC9JfnWApMHHZ_aMPI	1DIf_	python-gnn-puct-v0.1.0	sha256:6f9ad6e4a0993da3cf34a8549e86f9b5d512c51e11bfa76dfe051e7a8801bdac	python-gnn-puct-v0.1.0	sha256:6f9ad6e4a0993da3cf34a8549e86f9b5d512c51e11bfa76dfe051e7a8801bdac	D	P	196
g1_UX4Z9cBme3VJaFeawSSGM7cBJtNS9nlohzIsLTzcTB0	s1_tol_POp6BcgBLMWq8iDfRBQSAXpESHxFwmcCQYXv0yQ	1DIf_	python-gnn-puct-v0.1.0	sha256:6f9ad6e4a0993da3cf34a8549e86f9b5d512c51e11bfa76dfe051e7a8801bdac	python-gnn-puct-v0.1.0	sha256:6f9ad6e4a0993da3cf34a8549e86f9b5d512c51e11bfa76dfe051e7a8801bdac	D	P	196
g1_UX5yCHZQsT8aJjRBFdSIp2ohEDQ5e2uFGu03WA9unr0	s1_9VwNgm7YL1aAB94l33fzDqnIIqyhVw1PTGO9MMCtHOE	1unOiu	qadv-arbiter-7x7-rust-lambda-v0.1.0	-	qadv-arbiter-7x7-rust-lambda-v0.1.0	-	D	P	196
g1_UX5yCHZQsT8aJjRBFdSIp2ohEDQ5e2uFGu03WA9unr0	s1_JcNKsKPva1-spgWnt7xjy6JZmNfbEcYVboI-6VKMldc	1unOiu	qadv-arbiter-7x7-rust-lambda-v0.1.0	-	qadv-arbiter-7x7-rust-lambda-v0.1.0	-	D	P	196
g1_UX5yCHZQsT8aJjRBFdSIp2ohEDQ5e2uFGu03WA9unr0	s1_RauLaTi4eVgYHSp2TV9pqs9uzTVv0B10g9TaHMWpcZ4	1unOiu	qadv-arbiter-7x7-rust-lambda-v0.1.0	-	qadv-arbiter-7x7-rust-lambda-v0.1.0	-	D	P	-
g1_UX5yCHZQsT8aJjRBFdSIp2ohEDQ5e2uFGu03WA9unr0	s1_hIeUG6WpuA1VUZrBHs6vxzMk1Voh9P4GmxBWBZxTluE	1unOiu	qadv-arbiter-7x7-rust-lambda-v0.1.0	-	qadv-arbiter-7x7-rust-lambda-v0.1.0	-	D	P	196
g1_UXAp4n78FngIG6qlRDyNodjoBtV3dzyA2dqKXYzqd5M	s1_hAtqd-YEPPulYBgXhEj6YrWIUIpMJXWt0I96hF3wO7E	1DIVN	rust-handcrafted-g0	-	rust-evo-g1-c2-235-107-762-48-141-65	-	L	P	-
g1_UXAt_snSuGG2VRLImt9eBSpv0dnFZh9IDNFvViUb4Tk	s1_Oyzh-kXUp3vI79FO523nRQsnCc452qeQmL-tofnDXS8	1unOSO	qadv-arbiter-7x7-rust-lambda-v0.1.0	-	qadv-arbiter-7x7-rust-lambda-v0.1.0	-	L	P	196
g1_UXAt_snSuGG2VRLImt9eBSpv0dnFZh9IDNFvViUb4Tk	s1_RauLaTi4eVgYHSp2TV9pqs9uzTVv0B10g9TaHMWpcZ4	1unOSO	qadv-arbiter-7x7-rust-lambda-v0.1.0	-	qadv-arbiter-7x7-rust-lambda-v0.1.0	-	L	P	-
g1_UXAt_snSuGG2VRLImt9eBSpv0dnFZh9IDNFvViUb4Tk	s1_XYGhnCymOGqZ7ncznQ1wTNW0DGsKikJhq9C-tvxJglk	1unOSO	qadv-arbiter-7x7-rust-lambda-v0.1.0	-	qadv-arbiter-7x7-rust-lambda-v0.1.0	-	L	P	196
g1_UXAt_snSuGG2VRLImt9eBSpv0dnFZh9IDNFvViUb4Tk	s1_gdYsjbBazFKNfRZ5y_JbofZMh1Bc26opwbsXSA7FvH0	1unOSO	qadv-arbiter-7x7-rust-lambda-v0.1.0	-	qadv-arbiter-7x7-rust-lambda-v0.1.0	-	L	P	196
g1_UXDtlxYNN66vXl7NZdadg2w8Icjy0Rf5G9ETd2GzsDs	s1_HB62EBWyqq8mraNlzk1zXthevD3KJSfXwkDa1ceN7gM	1unMNN	qadv-arbiter-7x7-rust-lambda-v0.1.0	-	qadv-arbiter-7x7-rust-lambda-v0.1.0	-	L	P	196
g1_UXDtlxYNN66vXl7NZdadg2w8Icjy0Rf5G9ETd2GzsDs	s1_QuyXvQIDXl65kjMg2lQCbjASHGi8x9I-3gqFXKY6hBw	1unMNN	qadv-arbiter-7x7-rust-lambda-v0.1.0	-	qadv-arbiter-7x7-rust-lambda-v0.1.0	-	L	P	196
g1_UXDtlxYNN66vXl7NZdadg2w8Icjy0Rf5G9ETd2GzsDs	s1_RauLaTi4eVgYHSp2TV9pqs9uzTVv0B10g9TaHMWpcZ4	1unMNN	qadv-arbiter-7x7-rust-lambda-v0.1.0	-	qadv-arbiter-7x7-rust-lambda-v0.1.0	-	L	P	-
g1_UXDtlxYNN66vXl7NZdadg2w8Icjy0Rf5G9ETd2GzsDs	s1_toi7AWi9sQMNYy9x0TQGecdheKTkGqyi9P6GIeN7cdY	1unMNN	qadv-arbiter-7x7-rust-lambda-v0.1.0	-	qadv-arbiter-7x7-rust-lambda-v0.1.0	-	L	P	196
g1_UXGeB4x3NqLA_oOUP-Fi_QXi1TnpPesXTz9NT41CL7E	s1_4HHaxSHs1OTTKH_TEGuhEVlYSv_aIIYIaYATr79-HvE	1unLlv	qadv-arbiter-7x7-rust-lambda-v0.1.0	-	qadv-arbiter-7x7-rust-lambda-v0.1.0	-	L	P	196
g1_UXGeB4x3NqLA_oOUP-Fi_QXi1TnpPesXTz9NT41CL7E	s1_RauLaTi4eVgYHSp2TV9pqs9uzTVv0B10g9TaHMWpcZ4	1unLlv	qadv-arbiter-7x7-rust-lambda-v0.1.0	-	qadv-arbiter-7x7-rust-lambda-v0.1.0	-	L	P	-
g1_UXGeB4x3NqLA_oOUP-Fi_QXi1TnpPesXTz9NT41CL7E	s1_rpotZktE6nxdim-I3u30h77UG8AdDtfXLmsjAB2qOtc	1unLlv	qadv-arbiter-7x7-rust-lambda-v0.1.0	-	qadv-arbiter-7x7-rust-lambda-v0.1.0	-	L	P	196
g1_UXGeB4x3NqLA_oOUP-Fi_QXi1TnpPesXTz9NT41CL7E	s1_xKZ_7eiWa6kLj6wE_zhJGVO-bxB8Ew60c_2nMoLsOZ8	1unLlv	qadv-arbiter-7x7-rust-lambda-v0.1.0	-	qadv-arbiter-7x7-rust-lambda-v0.1.0	-	L	P	196
g1_UXGm0ew2mxlfoQN3Am11mMV1FeXcLw0oibH6FHy-iRE	s1_FGdJwk7ctlZAkQUTJZwqW7Lhaj-Hh6PhO-31qD8x_pw	1unN5r	qadv-arbiter-7x7-rust-lambda-v0.1.0	-	qadv-arbiter-7x7-rust-lambda-v0.1.0	-	D	P	196
g1_UXGm0ew2mxlfoQN3Am11mMV1FeXcLw0oibH6FHy-iRE	s1_RauLaTi4eVgYHSp2TV9pqs9uzTVv0B10g9TaHMWpcZ4	1unN5r	qadv-arbiter-7x7-rust-lambda-v0.1.0	-	qadv-arbiter-7x7-rust-lambda-v0.1.0	-	D	P	-
g1_UXGm0ew2mxlfoQN3Am11mMV1FeXcLw0oibH6FHy-iRE	s1_SZA9z0opVaQVnc0La1JWJ5Ob4Q9SAc6lVr26qAWNhaQ	1unN5r	qadv-arbiter-7x7-rust-lambda-v0.1.0	-	qadv-arbiter-7x7-rust-lambda-v0.1.0	-	D	P	196
g1_UXGm0ew2mxlfoQN3Am11mMV1FeXcLw0oibH6FHy-iRE	s1_Ym3xCayL6X2U2_sWVWGARb4xqCY5f3m3etDunlLH3fk	1unN5r	qadv-arbiter-7x7-rust-lambda-v0.1.0	-	qadv-arbiter-7x7-rust-lambda-v0.1.0	-	D	P	196
g1_UXNCpBJ4iXBmYk1TSc3OtOP3qjd8dsFwl57EkbC26ng	s1_O3cuwuia8XT9TI7Nxr3tRcajOA20XFHEIT2fYX3WizY	1un6Mk	qadv-arbiter-guided-7x7-v0.2.0	sha256:9c0e5e530df7db77a98f6a2e75fe63a6f629c6ad6563e0b5454793ebc243b14d	gnn-reval30k-7x7	sha256:7f41dbe135649d1116a0914bc0358a5ffae95749195ec20dd972035bbbea52f7	L	P	196
g1_UXNCpBJ4iXBmYk1TSc3OtOP3qjd8dsFwl57EkbC26ng	s1_WKgJ-Jv1JLaOTWIv9LBPKOOAJ5w7fDR6YLt9DYRBTmo	1un6Mk	qadv-arbiter-guided-7x7-v0.2.0	sha256:9c0e5e530df7db77a98f6a2e75fe63a6f629c6ad6563e0b5454793ebc243b14d	gnn-reval30k-7x7	sha256:7f41dbe135649d1116a0914bc0358a5ffae95749195ec20dd972035bbbea52f7	L	P	196
g1_UXNCpBJ4iXBmYk1TSc3OtOP3qjd8dsFwl57EkbC26ng	s1_adn1Uys32TL-SEmKgbMFOYCNW1CysPGQ4WhDOS1iBqo	1un6Mk	qadv-arbiter-guided-7x7-v0.2.0	sha256:9c0e5e530df7db77a98f6a2e75fe63a6f629c6ad6563e0b5454793ebc243b14d	gnn-reval30k-7x7	sha256:7f41dbe135649d1116a0914bc0358a5ffae95749195ec20dd972035bbbea52f7	L	P	196
g1_UXNCpBJ4iXBmYk1TSc3OtOP3qjd8dsFwl57EkbC26ng	s1_cLhadU61FtckEqANG11HlvmBNEu5JQxwalW0_KFv9kA	1un6Mk	qadv-arbiter-guided-7x7-v0.2.0	sha256:9c0e5e530df7db77a98f6a2e75fe63a6f629c6ad6563e0b5454793ebc243b14d	gnn-reval30k-7x7	sha256:7f41dbe135649d1116a0914bc0358a5ffae95749195ec20dd972035bbbea52f7	L	P	196
g1_UXUDM2kdMmlp-FvxfS-G7ZZq4P1K38aKsk6YF6wT2pA	s1_E8LAvn4MoP6bC4kwm0skfdLuO06gI80frW1Ud21v6K8	1unMk2	qadv-arbiter-7x7-rust-lambda-v0.1.0	-	qadv-arbiter-7x7-rust-lambda-v0.1.0	-	D	P	196
g1_UXUDM2kdMmlp-FvxfS-G7ZZq4P1K38aKsk6YF6wT2pA	s1_RauLaTi4eVgYHSp2TV9pqs9uzTVv0B10g9TaHMWpcZ4	1unMk2	qadv-arbiter-7x7-rust-lambda-v0.1.0	-	qadv-arbiter-7x7-rust-lambda-v0.1.0	-	D	P	-
g1_UXUDM2kdMmlp-FvxfS-G7ZZq4P1K38aKsk6YF6wT2pA	s1__hH42EalzJJ2kRvLr5Xmb99sAlw_csNylbZTCP9BB68	1unMk2	qadv-arbiter-7x7-rust-lambda-v0.1.0	-	qadv-arbiter-7x7-rust-lambda-v0.1.0	-	D	P	196
g1_UXUDM2kdMmlp-FvxfS-G7ZZq4P1K38aKsk6YF6wT2pA	s1_oN4jBvx1vz7epgkRq0oJTItWObxLhKLKuzdbj1ZFZds	1unMk2	qadv-arbiter-7x7-rust-lambda-v0.1.0	-	qadv-arbiter-7x7-rust-lambda-v0.1.0	-	D	P	196
g1_UXe36SlAfyu62OmMKPZFHiFwCLi_K3GGkS_oeHHc8p0	s1_BPwRV8__5tfJ689C9DNOuhRuIxfmB03t4VL0NQ_-k2Q	1unMjZ	qadv-arbiter-7x7-rust-lambda-v0.1.0	-	qadv-arbiter-7x7-rust-lambda-v0.1.0	-	D	P	196
g1_UXe36SlAfyu62OmMKPZFHiFwCLi_K3GGkS_oeHHc8p0	s1_RauLaTi4eVgYHSp2TV9pqs9uzTVv0B10g9TaHMWpcZ4	1unMjZ	qadv-arbiter-7x7-rust-lambda-v0.1.0	-	qadv-arbiter-7x7-rust-lambda-v0.1.0	-	D	P	-
g1_UXe36SlAfyu62OmMKPZFHiFwCLi_K3GGkS_oeHHc8p0	s1_u2_8qV8x-0hygQql3HYVEIJx6wNbKmZqU6IZIldZzlY	1unMjZ	qadv-arbiter-7x7-rust-lambda-v0.1.0	-	qadv-arbiter-7x7-rust-lambda-v0.1.0	-	D	P	196
g1_UXe36SlAfyu62OmMKPZFHiFwCLi_K3GGkS_oeHHc8p0	s1_vq1j9z1v5OXkGyEh7Rf8AeWkjZiCO8b8a3eWNakpOuM	1unMjZ	qadv-arbiter-7x7-rust-lambda-v0.1.0	-	qadv-arbiter-7x7-rust-lambda-v0.1.0	-	D	P	196
g1_UXiOfX8uZDztu70za9iv4x7OK4g4kNnRXfO7OaY-85c	s1_BM7jB3gsEjU2Cx47JIGrIEjOg3exA2TlnPIeOQX5vCM	1DNhf	python-gnn-puct-v0.1.0	-	python-gnn-puct-v0.1.0	-	D	P	-
g1_UXrl-2ZNFUnmIoFaEq4DXKZrfArSfUWzqkNhDWQHWY4	s1_-OKlJXuPFfAnukwGYITjiU7XKL4OC_qt76PC0TZSPjg	1umvkc	python-cnn-puct-v0.1.0	sha256:7845e9b7687beee165dc36b8d21833b7a8b5a83e31b58b49bd05c277ba26e642	python-cnn-puct-v0.1.0	sha256:7845e9b7687beee165dc36b8d21833b7a8b5a83e31b58b49bd05c277ba26e642	D	P	196
g1_UXrl-2ZNFUnmIoFaEq4DXKZrfArSfUWzqkNhDWQHWY4	s1_1av6nXQkq-GSHXfjkVlGHGpAq8F9UbW4JwZmyFA-vww	1umvkc	python-cnn-puct-v0.1.0	sha256:7845e9b7687beee165dc36b8d21833b7a8b5a83e31b58b49bd05c277ba26e642	python-cnn-puct-v0.1.0	sha256:7845e9b7687beee165dc36b8d21833b7a8b5a83e31b58b49bd05c277ba26e642	D	P	196
g1_UXrl-2ZNFUnmIoFaEq4DXKZrfArSfUWzqkNhDWQHWY4	s1_Brk0hkuJoH-MBjdd53AO5tlWcOgDWV_R0PO74fHGd_0	1umvkc	python-cnn-puct-v0.1.0	sha256:7845e9b7687beee165dc36b8d21833b7a8b5a83e31b58b49bd05c277ba26e642	python-cnn-puct-v0.1.0	sha256:7845e9b7687beee165dc36b8d21833b7a8b5a83e31b58b49bd05c277ba26e642	D	P	196
g1_UXsCjcpjGHTUWyTDnCBMsHHhUammYmN063BT4g2CzbU	s1_flXyOBW6T9LLVDFIvXBGel1MoVNZcUcMFIJnB9yLapU	1umxBc	python-gnn-puct-reval30k-v0.1.0	sha256:6120be86fc469df71473c3de64e5e32f99694cd47d621fa5948f243dc51d3d21	python-gnn-puct-reval30k-v0.1.0	sha256:6120be86fc469df71473c3de64e5e32f99694cd47d621fa5948f243dc51d3d21	L	P	196
g1_UY0MNSZPxJu_vCnktmuCUhyFWSOzHJLBZK8PNKPiPKQ	s1_RauLaTi4eVgYHSp2TV9pqs9uzTVv0B10g9TaHMWpcZ4	1unP6m	qadv-arbiter-7x7-rust-lambda-v0.1.0	-	qadv-arbiter-7x7-rust-lambda-v0.1.0	-	L	P	-
g1_UY0MNSZPxJu_vCnktmuCUhyFWSOzHJLBZK8PNKPiPKQ	s1_U1_OzEQQtfVYIIjprYDGODDdAoSBwfJ2MvnX9I_ftuI	1unP6m	qadv-arbiter-7x7-rust-lambda-v0.1.0	-	qadv-arbiter-7x7-rust-lambda-v0.1.0	-	L	P	196
g1_UY0MNSZPxJu_vCnktmuCUhyFWSOzHJLBZK8PNKPiPKQ	s1_e6uIPyLB4WN-Igy7jgdx3y0Mp5lH2bKexXAHn4SKQ78	1unP6m	qadv-arbiter-7x7-rust-lambda-v0.1.0	-	qadv-arbiter-7x7-rust-lambda-v0.1.0	-	L	P	196
g1_UY0MNSZPxJu_vCnktmuCUhyFWSOzHJLBZK8PNKPiPKQ	s1_uX_HLCEbjjv3wrCIj78eFfnPh0CXKOLJClZuRvBz5as	1unP6m	qadv-arbiter-7x7-rust-lambda-v0.1.0	-	qadv-arbiter-7x7-rust-lambda-v0.1.0	-	L	P	196
g1_UY6I4B3MF98FdRTmsnwupdeN2SlvMq2Zhnmn7-l01E4	s1_0jDRf_J2x8BJ5PxNhg-AlEF9OjSiNTaTRUK6uOJy0PU	1unO8R	qadv-arbiter-7x7-rust-lambda-v0.1.0	-	qadv-arbiter-7x7-rust-lambda-v0.1.0	-	D	P	196
g1_UY6I4B3MF98FdRTmsnwupdeN2SlvMq2Zhnmn7-l01E4	s1_RauLaTi4eVgYHSp2TV9pqs9uzTVv0B10g9TaHMWpcZ4	1unO8R	qadv-arbiter-7x7-rust-lambda-v0.1.0	-	qadv-arbiter-7x7-rust-lambda-v0.1.0	-	D	P	-
g1_UY6I4B3MF98FdRTmsnwupdeN2SlvMq2Zhnmn7-l01E4	s1_eIDTyjqIRioAAC2ri9csY6FjALu11_vp9Ty6We3S-s8	1unO8R	qadv-arbiter-7x7-rust-lambda-v0.1.0	-	qadv-arbiter-7x7-rust-lambda-v0.1.0	-	D	P	196
g1_UY6I4B3MF98FdRTmsnwupdeN2SlvMq2Zhnmn7-l01E4	s1_hwKV4hNRk2x2teJpFp8-FaHNNqshGfE3687Jq3WxiN8	1unO8R	qadv-arbiter-7x7-rust-lambda-v0.1.0	-	qadv-arbiter-7x7-rust-lambda-v0.1.0	-	D	P	196
g1_UYGT_ppYOXhrzcb4PBwyTBl_adXQ_i7Urc4zQimeM-U	s1_64TBRxQRO9yqovLlEtCWyoCEW9NZ0GeYzN7ro9m2xRw	1unLuu	qadv-arbiter-7x7-rust-lambda-v0.1.0	-	qadv-arbiter-7x7-rust-lambda-v0.1.0	-	L	P	196
g1_UYGT_ppYOXhrzcb4PBwyTBl_adXQ_i7Urc4zQimeM-U	s1_RauLaTi4eVgYHSp2TV9pqs9uzTVv0B10g9TaHMWpcZ4	1unLuu	qadv-arbiter-7x7-rust-lambda-v0.1.0	-	qadv-arbiter-7x7-rust-lambda-v0.1.0	-	L	P	-
g1_UYGT_ppYOXhrzcb4PBwyTBl_adXQ_i7Urc4zQimeM-U	s1_RhhT9y7NQtRqm1Sm6Smk8mjoLKgSJ8VLxnZl5RrwqeU	1unLuu	qadv-arbiter-7x7-rust-lambda-v0.1.0	-	qadv-arbiter-7x7-rust-lambda-v0.1.0	-	L	P	196
g1_UYGT_ppYOXhrzcb4PBwyTBl_adXQ_i7Urc4zQimeM-U	s1_pFMj7SQIUC12GQdpPKYXLAulsvtnaKbrUECgECxTg-8	1unLuu	qadv-arbiter-7x7-rust-lambda-v0.1.0	-	qadv-arbiter-7x7-rust-lambda-v0.1.0	-	L	P	196
g1_UYHYagQWS0KqQkjVyrd1FT3GbiGSfN3kKR3pZ1cGWPo	s1_4uWG2YXmGvouCqM6rQdGjAxbdv7OUApbs4egBvy4KZM	1unO7Z	qadv-arbiter-7x7-rust-lambda-v0.1.0	-	qadv-arbiter-7x7-rust-lambda-v0.1.0	-	L	P	196
g1_UYHYagQWS0KqQkjVyrd1FT3GbiGSfN3kKR3pZ1cGWPo	s1_RauLaTi4eVgYHSp2TV9pqs9uzTVv0B10g9TaHMWpcZ4	1unO7Z	qadv-arbiter-7x7-rust-lambda-v0.1.0	-	qadv-arbiter-7x7-rust-lambda-v0.1.0	-	L	P	-
g1_UYHYagQWS0KqQkjVyrd1FT3GbiGSfN3kKR3pZ1cGWPo	s1_WXxIqU-LLIkVJxjndk8s1yHuT4SyBEWTD77H7HxQgsM	1unO7Z	qadv-arbiter-7x7-rust-lambda-v0.1.0	-	qadv-arbiter-7x7-rust-lambda-v0.1.0	-	L	P	196
g1_UYHYagQWS0KqQkjVyrd1FT3GbiGSfN3kKR3pZ1cGWPo	s1_scM0Q_AbVZB9lNLL3O_YJ7aFazefVdemq-qOQ9cAk8o	1unO7Z	qadv-arbiter-7x7-rust-lambda-v0.1.0	-	qadv-arbiter-7x7-rust-lambda-v0.1.0	-	L	P	196
g1_UYJ8_STb2EMcgpl2lgnoXGYHv8MIA4glK_vgLoJqCuo	s1_MNJf52OgtqlIUArRXueHJElA-_99j6YikjMiCSf5IUo	1unPZ1	qadv-arbiter-7x7-rust-lambda-v0.1.0	-	qadv-arbiter-7x7-rust-lambda-v0.1.0	-	D	P	196
g1_UYJ8_STb2EMcgpl2lgnoXGYHv8MIA4glK_vgLoJqCuo	s1_RauLaTi4eVgYHSp2TV9pqs9uzTVv0B10g9TaHMWpcZ4	1unPZ1	qadv-arbiter-7x7-rust-lambda-v0.1.0	-	qadv-arbiter-7x7-rust-lambda-v0.1.0	-	D	P	-
g1_UYJ8_STb2EMcgpl2lgnoXGYHv8MIA4glK_vgLoJqCuo	s1_kU3PxqhrfFZ0Aq-JX41ZLtVpKmAPGNI1K3g5dc7oZZE	1unPZ1	qadv-arbiter-7x7-rust-lambda-v0.1.0	-	qadv-arbiter-7x7-rust-lambda-v0.1.0	-	D	P	196
g1_UYJ8_STb2EMcgpl2lgnoXGYHv8MIA4glK_vgLoJqCuo	s1_qAQiUZkJVu305O317P0ZexUwEnNsAqPIfX0F8OtVRK4	1unPZ1	qadv-arbiter-7x7-rust-lambda-v0.1.0	-	qadv-arbiter-7x7-rust-lambda-v0.1.0	-	D	P	196
g1_UYQ5ddLSOi6oLUNcYIUb1Gzs7hWfSYK1jQn3aq_rhfQ	s1_Lwt-vj0wyZk74HOnhfExk9-Rg0G2COJqO6AyVBr2VhE	1unNIj	qadv-arbiter-7x7-rust-lambda-v0.1.0	-	qadv-arbiter-7x7-rust-lambda-v0.1.0	-	D	P	196
g1_UYQ5ddLSOi6oLUNcYIUb1Gzs7hWfSYK1jQn3aq_rhfQ	s1_RauLaTi4eVgYHSp2TV9pqs9uzTVv0B10g9TaHMWpcZ4	1unNIj	qadv-arbiter-7x7-rust-lambda-v0.1.0	-	qadv-arbiter-7x7-rust-lambda-v0.1.0	-	D	P	-
g1_UYQ5ddLSOi6oLUNcYIUb1Gzs7hWfSYK1jQn3aq_rhfQ	s1_XayWBpdLySZDIlhkIOlCX-i5hqqeH8rLzMbZjzR2wIQ	1unNIj	qadv-arbiter-7x7-rust-lambda-v0.1.0	-	qadv-arbiter-7x7-rust-lambda-v0.1.0	-	D	P	196
g1_UYQ5ddLSOi6oLUNcYIUb1Gzs7hWfSYK1jQn3aq_rhfQ	s1_hGOlDOtBqIPphOpEAvwaOVW_cZMx_ouGegEeirPDkDo	1unNIj	qadv-arbiter-7x7-rust-lambda-v0.1.0	-	qadv-arbiter-7x7-rust-lambda-v0.1.0	-	D	P	196
g1_UYV-hdMRNaFzgnsjxx3dg05wVKfm36r2C7uOa4ctO6o	s1_CpKA0rLs98_CBmafGhtQYauTZHPjbjo6tjzyh457mmo	1unNd5	qadv-arbiter-7x7-rust-lambda-v0.1.0	-	qadv-arbiter-7x7-rust-lambda-v0.1.0	-	L	P	196
g1_UYV-hdMRNaFzgnsjxx3dg05wVKfm36r2C7uOa4ctO6o	s1_RauLaTi4eVgYHSp2TV9pqs9uzTVv0B10g9TaHMWpcZ4	1unNd5	qadv-arbiter-7x7-rust-lambda-v0.1.0	-	qadv-arbiter-7x7-rust-lambda-v0.1.0	-	L	P	-
g1_UYV-hdMRNaFzgnsjxx3dg05wVKfm36r2C7uOa4ctO6o	s1_n28C7FEb6g7Lwc1Io39AY-U3PSlrNWlUF1e52TF_xZg	1unNd5	qadv-arbiter-7x7-rust-lambda-v0.1.0	-	qadv-arbiter-7x7-rust-lambda-v0.1.0	-	L	P	196
g1_UYV-hdMRNaFzgnsjxx3dg05wVKfm36r2C7uOa4ctO6o	s1_qs827VXcN5JmDMXn_qxoUuRXUzu9U7yygzsaGgmtPNo	1unNd5	qadv-arbiter-7x7-rust-lambda-v0.1.0	-	qadv-arbiter-7x7-rust-lambda-v0.1.0	-	L	P	196
g1_UYYg9yvWXYDngovon9QA49qEK-60wCWkJAyIQHqT14k	s1_3AzWuIjPxvwkQTi5VMufDIBxuMiVgYtT1zoNdXOao2c	1unOTa	qadv-arbiter-7x7-rust-lambda-v0.1.0	-	qadv-arbiter-7x7-rust-lambda-v0.1.0	-	D	P	196
g1_UYYg9yvWXYDngovon9QA49qEK-60wCWkJAyIQHqT14k	s1_RauLaTi4eVgYHSp2TV9pqs9uzTVv0B10g9TaHMWpcZ4	1unOTa	qadv-arbiter-7x7-rust-lambda-v0.1.0	-	qadv-arbiter-7x7-rust-lambda-v0.1.0	-	D	P	-
g1_UYYg9yvWXYDngovon9QA49qEK-60wCWkJAyIQHqT14k	s1_Y5Sv5THcrBw0JkntsYQQIxntoaZuNbbW7LOKqoyf4CI	1unOTa	qadv-arbiter-7x7-rust-lambda-v0.1.0	-	qadv-arbiter-7x7-rust-lambda-v0.1.0	-	D	P	196
g1_UYYg9yvWXYDngovon9QA49qEK-60wCWkJAyIQHqT14k	s1_tBrUKoAX6GnZ-3vITOz_a7QQTz_wr0zoAzZwi8o_nyM	1unOTa	qadv-arbiter-7x7-rust-lambda-v0.1.0	-	qadv-arbiter-7x7-rust-lambda-v0.1.0	-	D	P	196
g1_UYZoAmJpueK8PKnaYKQfC879T8HRC7yW7xNiuvmVEi8	s1_R56am6F7GxL77-ePG_VEm4mpW7oaY2YlwpELgz4x4lM	1unOp6	qadv-arbiter-7x7-rust-lambda-v0.1.0	-	qadv-arbiter-7x7-rust-lambda-v0.1.0	-	L	P	196
g1_UYZoAmJpueK8PKnaYKQfC879T8HRC7yW7xNiuvmVEi8	s1_RauLaTi4eVgYHSp2TV9pqs9uzTVv0B10g9TaHMWpcZ4	1unOp6	qadv-arbiter-7x7-rust-lambda-v0.1.0	-	qadv-arbiter-7x7-rust-lambda-v0.1.0	-	L	P	-
g1_UYZoAmJpueK8PKnaYKQfC879T8HRC7yW7xNiuvmVEi8	s1_TA3Bhm4bmqUam4tHrfuTCRUdklmFM9Xc9zF_qbCDf-k	1unOp6	qadv-arbiter-7x7-rust-lambda-v0.1.0	-	qadv-arbiter-7x7-rust-lambda-v0.1.0	-	L	P	196
g1_UYZoAmJpueK8PKnaYKQfC879T8HRC7yW7xNiuvmVEi8	s1_YSS30eBzCwKTDT6dY_7ZJ5xyc_qLrcGoutAWm_8wV4Q	1unOp6	qadv-arbiter-7x7-rust-lambda-v0.1.0	-	qadv-arbiter-7x7-rust-lambda-v0.1.0	-	L	P	196
g1_UY_u8uWBt0dIuAAeIMp0LogxfKj32u4BgAivhH-0AQE	s1_7FIu85-v_e-kbNsQ2UNk3yRt-KGcLyUjpmVwIc9cnfM	1umwIX	python-gnn-puct-scout-v0.1.0	sha256:b9f80706cc1f29076ee06fe06483697c749148a808c599579045d00a52573938	python-gnn-puct-scout-v0.1.0	sha256:b9f80706cc1f29076ee06fe06483697c749148a808c599579045d00a52573938	L	P	196
g1_UY_u8uWBt0dIuAAeIMp0LogxfKj32u4BgAivhH-0AQE	s1_S8AGNBNcWBvWiwIo-AOAHPoHuZo2XvcsYvhgQxGTkrY	1umwIX	python-gnn-puct-scout-v0.1.0	sha256:b9f80706cc1f29076ee06fe06483697c749148a808c599579045d00a52573938	python-gnn-puct-scout-v0.1.0	sha256:b9f80706cc1f29076ee06fe06483697c749148a808c599579045d00a52573938	L	P	196
g1_UYpmf7zZw0fMaG_3IxgMU9fE3Dm93XrdW5bmCbUgFFA	s1__fmnSv6OnZklVvMPUjPdL6drtvfrJptRYX3nxZQO8jI	1umxnz	python-gnn-puct-scout-v0.1.0	sha256:b9f80706cc1f29076ee06fe06483697c749148a808c599579045d00a52573938	python-gnn-puct-scout-v0.1.0	sha256:b9f80706cc1f29076ee06fe06483697c749148a808c599579045d00a52573938	D	P	196
g1_UYv78d4JTZMCTQI-Us5UmK7XEhUM_K6U00MVLBW-Rcg	s1_qtlitMa-GGx-0y2heoyNRonYXf1Dq5epTexnVe9Iqtw	1umxgh	python-gnn-puct-learner-v0.1.0	sha256:ab0f739cd33d66781faf60e27797c5ccba3c04ba684f8d9e32e9c2754f4e8956	python-gnn-puct-learner-v0.1.0	sha256:ab0f739cd33d66781faf60e27797c5ccba3c04ba684f8d9e32e9c2754f4e8956	L	P	196
g1_UZ-yvaksvMNxeUQ-poLqqvGcKtCCAN7Jr5-ZCvcMqAw	s1_M7Cp-2zjeVZHeX1FsiZYUNK0aW_iFfTl3UHOtwPmOp8	1un7L8	qadv-arbiter-guided-7x7-v0.2.0	sha256:9c0e5e530df7db77a98f6a2e75fe63a6f629c6ad6563e0b5454793ebc243b14d	cnn-reval30k-7x7	sha256:7439239ff343dcc422cb918560b1b72433f2e13628580427343a446f349c6f5a	L	P	196
g1_UZ-yvaksvMNxeUQ-poLqqvGcKtCCAN7Jr5-ZCvcMqAw	s1_O3cuwuia8XT9TI7Nxr3tRcajOA20XFHEIT2fYX3WizY	1un7L8	qadv-arbiter-guided-7x7-v0.2.0	sha256:9c0e5e530df7db77a98f6a2e75fe63a6f629c6ad6563e0b5454793ebc243b14d	cnn-reval30k-7x7	sha256:7439239ff343dcc422cb918560b1b72433f2e13628580427343a446f349c6f5a	L	P	196
g1_UZ-yvaksvMNxeUQ-poLqqvGcKtCCAN7Jr5-ZCvcMqAw	s1_PaYIJI1Mc5m5nesIKqVUFGpeOr4xHJQX7sHfjidCXI4	1un7L8	qadv-arbiter-guided-7x7-v0.2.0	sha256:9c0e5e530df7db77a98f6a2e75fe63a6f629c6ad6563e0b5454793ebc243b14d	cnn-reval30k-7x7	sha256:7439239ff343dcc422cb918560b1b72433f2e13628580427343a446f349c6f5a	L	P	196
g1_UZ2uxJNgkF869e32sGgUsuMao45W_GXeCpL_6_zbQHc	s1_CqGlJ5WGnfZP37R2AsJH_byND6tPD0lIQnlwGqXMya8	1unMcI	qadv-arbiter-7x7-rust-lambda-v0.1.0	-	qadv-arbiter-7x7-rust-lambda-v0.1.0	-	L	P	196
g1_UZ2uxJNgkF869e32sGgUsuMao45W_GXeCpL_6_zbQHc	s1_RauLaTi4eVgYHSp2TV9pqs9uzTVv0B10g9TaHMWpcZ4	1unMcI	qadv-arbiter-7x7-rust-lambda-v0.1.0	-	qadv-arbiter-7x7-rust-lambda-v0.1.0	-	L	P	-
g1_UZ2uxJNgkF869e32sGgUsuMao45W_GXeCpL_6_zbQHc	s1_TjAeYwrd_AE6YS6_jB4ANGCcLUGNFHvOlrqSzsCpRIQ	1unMcI	qadv-arbiter-7x7-rust-lambda-v0.1.0	-	qadv-arbiter-7x7-rust-lambda-v0.1.0	-	L	P	196
g1_UZ2uxJNgkF869e32sGgUsuMao45W_GXeCpL_6_zbQHc	s1_tg88lRBqpVlRHjOqtnKxIjeIpOrmQc7_2Jih5KDJ8wg	1unMcI	qadv-arbiter-7x7-rust-lambda-v0.1.0	-	qadv-arbiter-7x7-rust-lambda-v0.1.0	-	L	P	196
g1_UZCEgXOKKXYtqIYBSq1z2WSegrwmwsEfbjYLfjs0qDA	s1_LFBfFEk1c64eSofVI4deXm6yC7JriE9n5ty3aG5HOno	1unNqf	qadv-arbiter-7x7-rust-lambda-v0.1.0	-	qadv-arbiter-7x7-rust-lambda-v0.1.0	-	D	P	196
g1_UZCEgXOKKXYtqIYBSq1z2WSegrwmwsEfbjYLfjs0qDA	s1_RauLaTi4eVgYHSp2TV9pqs9uzTVv0B10g9TaHMWpcZ4	1unNqf	qadv-arbiter-7x7-rust-lambda-v0.1.0	-	qadv-arbiter-7x7-rust-lambda-v0.1.0	-	D	P	-
g1_UZCEgXOKKXYtqIYBSq1z2WSegrwmwsEfbjYLfjs0qDA	s1_XiLywTrCns5WDKV6dqMN8DdOMYexvSP3KaRQ3e1MI4o	1unNqf	qadv-arbiter-7x7-rust-lambda-v0.1.0	-	qadv-arbiter-7x7-rust-lambda-v0.1.0	-	D	P	196
g1_UZCEgXOKKXYtqIYBSq1z2WSegrwmwsEfbjYLfjs0qDA	s1_h6g_L1fnPop7a9UOkBV9nGcPWyX4BG7gNNatnMIUOtY	1unNqf	qadv-arbiter-7x7-rust-lambda-v0.1.0	-	qadv-arbiter-7x7-rust-lambda-v0.1.0	-	D	P	196
g1_UZGs4goh5xeGYjh_fPCFKtsssupZSX1v8Eh_VvJstxA	s1_51wmsH5PFSqDqHM-DEDW-L-wFysEIUmpjFpEgDeRnL4	1unMEY	qadv-arbiter-7x7-rust-lambda-v0.1.0	-	qadv-arbiter-7x7-rust-lambda-v0.1.0	-	L	P	196
g1_UZGs4goh5xeGYjh_fPCFKtsssupZSX1v8Eh_VvJstxA	s1_JeCvpyYJqRGPlYabUIZDH6anFgSuRs9tPk0SraFM78c	1unMEY	qadv-arbiter-7x7-rust-lambda-v0.1.0	-	qadv-arbiter-7x7-rust-lambda-v0.1.0	-	L	P	196
g1_UZGs4goh5xeGYjh_fPCFKtsssupZSX1v8Eh_VvJstxA	s1_RauLaTi4eVgYHSp2TV9pqs9uzTVv0B10g9TaHMWpcZ4	1unMEY	qadv-arbiter-7x7-rust-lambda-v0.1.0	-	qadv-arbiter-7x7-rust-lambda-v0.1.0	-	L	P	-
g1_UZGs4goh5xeGYjh_fPCFKtsssupZSX1v8Eh_VvJstxA	s1_wLFy2gwFsUruNhnfXMZ1G9tfkS6brCpXQRAnRMYsNXs	1unMEY	qadv-arbiter-7x7-rust-lambda-v0.1.0	-	qadv-arbiter-7x7-rust-lambda-v0.1.0	-	L	P	196
g1_UZHsoq65Fv6GcM_Up1adFCzVPNzxZKfuOB6YKne9jzU	s1_-OKlJXuPFfAnukwGYITjiU7XKL4OC_qt76PC0TZSPjg	1umvjn	python-cnn-puct-v0.1.0	sha256:7845e9b7687beee165dc36b8d21833b7a8b5a83e31b58b49bd05c277ba26e642	python-cnn-puct-v0.1.0	sha256:7845e9b7687beee165dc36b8d21833b7a8b5a83e31b58b49bd05c277ba26e642	D	P	196
g1_UZHsoq65Fv6GcM_Up1adFCzVPNzxZKfuOB6YKne9jzU	s1_1av6nXQkq-GSHXfjkVlGHGpAq8F9UbW4JwZmyFA-vww	1umvjn	python-cnn-puct-v0.1.0	sha256:7845e9b7687beee165dc36b8d21833b7a8b5a83e31b58b49bd05c277ba26e642	python-cnn-puct-v0.1.0	sha256:7845e9b7687beee165dc36b8d21833b7a8b5a83e31b58b49bd05c277ba26e642	D	P	196
g1_UZHsoq65Fv6GcM_Up1adFCzVPNzxZKfuOB6YKne9jzU	s1_Brk0hkuJoH-MBjdd53AO5tlWcOgDWV_R0PO74fHGd_0	1umvjn	python-cnn-puct-v0.1.0	sha256:7845e9b7687beee165dc36b8d21833b7a8b5a83e31b58b49bd05c277ba26e642	python-cnn-puct-v0.1.0	sha256:7845e9b7687beee165dc36b8d21833b7a8b5a83e31b58b49bd05c277ba26e642	D	P	196
g1_UZQ_MJgaSrl0wbawN-fzDUuvZL0_bCYC3cOaoou7ox0	s1_P-x3dOguUrkXohqCrF_EXCIjAj6ZAzE0vZZQfnF-7jY	1unN88	qadv-arbiter-7x7-rust-lambda-v0.1.0	-	qadv-arbiter-7x7-rust-lambda-v0.1.0	-	D	P	196
g1_UZQ_MJgaSrl0wbawN-fzDUuvZL0_bCYC3cOaoou7ox0	s1_RauLaTi4eVgYHSp2TV9pqs9uzTVv0B10g9TaHMWpcZ4	1unN88	qadv-arbiter-7x7-rust-lambda-v0.1.0	-	qadv-arbiter-7x7-rust-lambda-v0.1.0	-	D	P	-
g1_UZQ_MJgaSrl0wbawN-fzDUuvZL0_bCYC3cOaoou7ox0	s1_iUK5g5U4Vmrcs0MrUDU8PCeGH_RvfJur3PQGSHgAzss	1unN88	qadv-arbiter-7x7-rust-lambda-v0.1.0	-	qadv-arbiter-7x7-rust-lambda-v0.1.0	-	D	P	196
g1_UZQ_MJgaSrl0wbawN-fzDUuvZL0_bCYC3cOaoou7ox0	s1_jo1sOi9_YtZFtFjpSk1ztkBLcmNkPa82ofuo4I-t8CE	1unN88	qadv-arbiter-7x7-rust-lambda-v0.1.0	-	qadv-arbiter-7x7-rust-lambda-v0.1.0	-	D	P	196
g1_UZZ4-oYqP4-BFTRo-8hp0N5Ei54856w1ycl0QvzxkVA	s1_1LB6NAgPOeCp4r8rQw4kUOIXWpEdWysFm5RZjWCQSgc	1umwPm	python-gnn-puct-learner-v0.1.0	sha256:ab0f739cd33d66781faf60e27797c5ccba3c04ba684f8d9e32e9c2754f4e8956	python-gnn-puct-learner-v0.1.0	sha256:ab0f739cd33d66781faf60e27797c5ccba3c04ba684f8d9e32e9c2754f4e8956	L	P	196
g1_UZZ4-oYqP4-BFTRo-8hp0N5Ei54856w1ycl0QvzxkVA	s1_P4NHYhwuVnEA-dG2X-UVeVotb84A5mwljbYTlTMqr8w	1umwPm	python-gnn-puct-learner-v0.1.0	sha256:ab0f739cd33d66781faf60e27797c5ccba3c04ba684f8d9e32e9c2754f4e8956	python-gnn-puct-learner-v0.1.0	sha256:ab0f739cd33d66781faf60e27797c5ccba3c04ba684f8d9e32e9c2754f4e8956	L	P	196
g1_UZcU4IgwNazONLa1XhU7dHC1OfZ9YO785nBCvbC9AaA	s1_1av6nXQkq-GSHXfjkVlGHGpAq8F9UbW4JwZmyFA-vww	1DIj4	python-gnn-puct-v0.1.0	sha256:6f9ad6e4a0993da3cf34a8549e86f9b5d512c51e11bfa76dfe051e7a8801bdac	python-gnn-puct-v0.1.0	sha256:6f9ad6e4a0993da3cf34a8549e86f9b5d512c51e11bfa76dfe051e7a8801bdac	D	P	196
g1_UZcU4IgwNazONLa1XhU7dHC1OfZ9YO785nBCvbC9AaA	s1_Brk0hkuJoH-MBjdd53AO5tlWcOgDWV_R0PO74fHGd_0	1DIj4	python-gnn-puct-v0.1.0	sha256:6f9ad6e4a0993da3cf34a8549e86f9b5d512c51e11bfa76dfe051e7a8801bdac	python-gnn-puct-v0.1.0	sha256:6f9ad6e4a0993da3cf34a8549e86f9b5d512c51e11bfa76dfe051e7a8801bdac	D	P	196
g1_UZcU4IgwNazONLa1XhU7dHC1OfZ9YO785nBCvbC9AaA	s1_KmF8KhDbubz6lwdS8R_n_yTGdSONmH9B1wUABbyCj94	1DIj4	python-gnn-puct-v0.1.0	sha256:6f9ad6e4a0993da3cf34a8549e86f9b5d512c51e11bfa76dfe051e7a8801bdac	python-gnn-puct-v0.1.0	sha256:6f9ad6e4a0993da3cf34a8549e86f9b5d512c51e11bfa76dfe051e7a8801bdac	D	P	196
g1_UZcU4IgwNazONLa1XhU7dHC1OfZ9YO785nBCvbC9AaA	s1_g5pGkHBMEhzAYvwFY0b24sSc7wC9JfnWApMHHZ_aMPI	1DIj4	python-gnn-puct-v0.1.0	sha256:6f9ad6e4a0993da3cf34a8549e86f9b5d512c51e11bfa76dfe051e7a8801bdac	python-gnn-puct-v0.1.0	sha256:6f9ad6e4a0993da3cf34a8549e86f9b5d512c51e11bfa76dfe051e7a8801bdac	D	P	196
g1_UZcU4IgwNazONLa1XhU7dHC1OfZ9YO785nBCvbC9AaA	s1_tol_POp6BcgBLMWq8iDfRBQSAXpESHxFwmcCQYXv0yQ	1DIj4	python-gnn-puct-v0.1.0	sha256:6f9ad6e4a0993da3cf34a8549e86f9b5d512c51e11bfa76dfe051e7a8801bdac	python-gnn-puct-v0.1.0	sha256:6f9ad6e4a0993da3cf34a8549e86f9b5d512c51e11bfa76dfe051e7a8801bdac	D	P	196
g1_UZduK6-udy3YEAE4_fhFYHKCa3atgH-ZzViVg9n2_fw	s1_2FtaP75xgRVTNrUvmC0NIesJCNy8IDFJ05WNM4nUnpg	1unQqM	qadv-arbiter-7x7-v0.1.0	-	pathfinder-v0.3.0	-	D	P	196
g1_UZduK6-udy3YEAE4_fhFYHKCa3atgH-ZzViVg9n2_fw	s1_RauLaTi4eVgYHSp2TV9pqs9uzTVv0B10g9TaHMWpcZ4	1unQqM	qadv-arbiter-7x7-v0.1.0	-	pathfinder-v0.3.0	-	D	P	-
g1_UZduK6-udy3YEAE4_fhFYHKCa3atgH-ZzViVg9n2_fw	s1_j1Vk5SSHuUogrcyBharEbMOZRhU13nOm9AqSLFFTlDs	1unQqM	qadv-arbiter-7x7-v0.1.0	-	pathfinder-v0.3.0	-	D	P	196
g1_UZduK6-udy3YEAE4_fhFYHKCa3atgH-ZzViVg9n2_fw	s1_uvcxErtaS-QFrpvsyDStZw47g1oUyr5P4t8pfBhZnqo	1unQqM	qadv-arbiter-7x7-v0.1.0	-	pathfinder-v0.3.0	-	D	P	196
g1_UZhYuMWOSYfNLH-TCu8e2iHirEAQdkoWf8NfYP69GhY	s1_1av6nXQkq-GSHXfjkVlGHGpAq8F9UbW4JwZmyFA-vww	1DI-e	gnn-rust-generation-1-7x7	sha256:50737bfe482ebb2e3ca7327ba082d7fb542e0a89d3d344fcb11b8c52d25e1b22	gnn-generation-5-7x7	sha256:7274065e2ffdd05997bf172e30bb5e24d7bcafca99d379b6115ff98ee1f7c4d9	D	P	196
g1_UZhYuMWOSYfNLH-TCu8e2iHirEAQdkoWf8NfYP69GhY	s1_ey0X9h1GlZ80KZNtd0_1PnIwLX-7eb1fQjiCa9wrhUM	1Dheo	gnn-rust-generation-1-7x7	sha256:50737bfe482ebb2e3ca7327ba082d7fb542e0a89d3d344fcb11b8c52d25e1b22	gnn-generation-5-7x7	sha256:7274065e2ffdd05997bf172e30bb5e24d7bcafca99d379b6115ff98ee1f7c4d9	D	P	196
g1_UZhYuMWOSYfNLH-TCu8e2iHirEAQdkoWf8NfYP69GhY	s1_ey0X9h1GlZ80KZNtd0_1PnIwLX-7eb1fQjiCa9wrhUM	1Dheq	gnn-rust-generation-1-7x7	sha256:50737bfe482ebb2e3ca7327ba082d7fb542e0a89d3d344fcb11b8c52d25e1b22	gnn-generation-5-7x7	sha256:7274065e2ffdd05997bf172e30bb5e24d7bcafca99d379b6115ff98ee1f7c4d9	D	P	196
g1_UZhYuMWOSYfNLH-TCu8e2iHirEAQdkoWf8NfYP69GhY	s1_gPoZ5rByZErTaB0WLQoU6LVl6WlfprkiDFHagxLzf2Q	1DI-e	gnn-rust-generation-1-7x7	sha256:50737bfe482ebb2e3ca7327ba082d7fb542e0a89d3d344fcb11b8c52d25e1b22	gnn-generation-5-7x7	sha256:7274065e2ffdd05997bf172e30bb5e24d7bcafca99d379b6115ff98ee1f7c4d9	D	P	196
g1_UZhYuMWOSYfNLH-TCu8e2iHirEAQdkoWf8NfYP69GhY	s1_gPoZ5rByZErTaB0WLQoU6LVl6WlfprkiDFHagxLzf2Q	1DI-g	gnn-rust-generation-1-7x7	sha256:50737bfe482ebb2e3ca7327ba082d7fb542e0a89d3d344fcb11b8c52d25e1b22	gnn-generation-5-7x7	sha256:7274065e2ffdd05997bf172e30bb5e24d7bcafca99d379b6115ff98ee1f7c4d9	D	P	196
g1_UZhYuMWOSYfNLH-TCu8e2iHirEAQdkoWf8NfYP69GhY	s1_mWPTef6xYbijjPhDIC6QgLRmu2mMSJAokNlIkx3vg54	1DI-e	gnn-rust-generation-1-7x7	sha256:50737bfe482ebb2e3ca7327ba082d7fb542e0a89d3d344fcb11b8c52d25e1b22	gnn-generation-5-7x7	sha256:7274065e2ffdd05997bf172e30bb5e24d7bcafca99d379b6115ff98ee1f7c4d9	D	P	196
g1_UZj1IF-RzSzp1ULzT-pNVrgeknthKL6TOL0DqzWEX0A	s1_7FIu85-v_e-kbNsQ2UNk3yRt-KGcLyUjpmVwIc9cnfM	1umwIE	python-gnn-puct-scout-v0.1.0	sha256:b9f80706cc1f29076ee06fe06483697c749148a808c599579045d00a52573938	python-gnn-puct-scout-v0.1.0	sha256:b9f80706cc1f29076ee06fe06483697c749148a808c599579045d00a52573938	L	P	196
g1_UZj1IF-RzSzp1ULzT-pNVrgeknthKL6TOL0DqzWEX0A	s1_S8AGNBNcWBvWiwIo-AOAHPoHuZo2XvcsYvhgQxGTkrY	1umwIE	python-gnn-puct-scout-v0.1.0	sha256:b9f80706cc1f29076ee06fe06483697c749148a808c599579045d00a52573938	python-gnn-puct-scout-v0.1.0	sha256:b9f80706cc1f29076ee06fe06483697c749148a808c599579045d00a52573938	L	P	196
g1_UZuEmgl2bGb-sCUw7M7f1o6LVaVJ7wtrSr26LafXhhY	s1_7FIu85-v_e-kbNsQ2UNk3yRt-KGcLyUjpmVwIc9cnfM	1umwDR	python-gnn-puct-scout-v0.1.0	sha256:b9f80706cc1f29076ee06fe06483697c749148a808c599579045d00a52573938	python-gnn-puct-scout-v0.1.0	sha256:b9f80706cc1f29076ee06fe06483697c749148a808c599579045d00a52573938	L	P	196
g1_UZuEmgl2bGb-sCUw7M7f1o6LVaVJ7wtrSr26LafXhhY	s1_S8AGNBNcWBvWiwIo-AOAHPoHuZo2XvcsYvhgQxGTkrY	1umwDR	python-gnn-puct-scout-v0.1.0	sha256:b9f80706cc1f29076ee06fe06483697c749148a808c599579045d00a52573938	python-gnn-puct-scout-v0.1.0	sha256:b9f80706cc1f29076ee06fe06483697c749148a808c599579045d00a52573938	L	P	196
g1_U_-lrOGiIUmtktb-Iyt9CqVI4Nu2PBzK7ibgRzatGUI	s1_-OE134PWY7RtBkGbVkTyOv0R6gGkui-cVmnDSZ9BFes	1unQj8	qadv-arbiter-7x7-v0.1.0	-	pathfinder-v0.3.0	-	D	P	196
g1_U_-lrOGiIUmtktb-Iyt9CqVI4Nu2PBzK7ibgRzatGUI	s1_2FtaP75xgRVTNrUvmC0NIesJCNy8IDFJ05WNM4nUnpg	1unQj8	qadv-arbiter-7x7-v0.1.0	-	pathfinder-v0.3.0	-	D	P	196
g1_U_-lrOGiIUmtktb-Iyt9CqVI4Nu2PBzK7ibgRzatGUI	s1_RauLaTi4eVgYHSp2TV9pqs9uzTVv0B10g9TaHMWpcZ4	1unQj8	qadv-arbiter-7x7-v0.1.0	-	pathfinder-v0.3.0	-	D	P	-
g1_U_-lrOGiIUmtktb-Iyt9CqVI4Nu2PBzK7ibgRzatGUI	s1_iS0KuKO-LA3iu4msYB3_MDB18PBNT6S5vor0luTH2WQ	1unQj8	qadv-arbiter-7x7-v0.1.0	-	pathfinder-v0.3.0	-	D	P	196
g1_U_3y6THFmXWVnu7Mn1fkinsJ51XRmtln0D1IuWP6zaE	s1_1av6nXQkq-GSHXfjkVlGHGpAq8F9UbW4JwZmyFA-vww	1umvKS	surveyor-v0.2.0	-	gnn-warmstart-7x7	sha256:e000d50619c0241c30efdd1f5adb7a8b738c66859d33c3443c52a20f56fcc13a	L	P	196
g1_U_3y6THFmXWVnu7Mn1fkinsJ51XRmtln0D1IuWP6zaE	s1_Brk0hkuJoH-MBjdd53AO5tlWcOgDWV_R0PO74fHGd_0	1umvKS	surveyor-v0.2.0	-	gnn-warmstart-7x7	sha256:e000d50619c0241c30efdd1f5adb7a8b738c66859d33c3443c52a20f56fcc13a	L	P	196
g1_U_3y6THFmXWVnu7Mn1fkinsJ51XRmtln0D1IuWP6zaE	s1_QzXKB60HvV5g6-cJIu-NdpeFb1rCgFAJD1cxfdkoMm0	1umvKS	surveyor-v0.2.0	-	gnn-warmstart-7x7	sha256:e000d50619c0241c30efdd1f5adb7a8b738c66859d33c3443c52a20f56fcc13a	L	P	196
g1_U_BD03d2NU7kWsQH0qS9Vm2ZV4vXgaySd86svAbYVdY	s1_1av6nXQkq-GSHXfjkVlGHGpAq8F9UbW4JwZmyFA-vww	1DIh9	python-gnn-puct-v0.1.0	sha256:6f9ad6e4a0993da3cf34a8549e86f9b5d512c51e11bfa76dfe051e7a8801bdac	python-gnn-puct-v0.1.0	sha256:6f9ad6e4a0993da3cf34a8549e86f9b5d512c51e11bfa76dfe051e7a8801bdac	D	P	196
g1_U_BD03d2NU7kWsQH0qS9Vm2ZV4vXgaySd86svAbYVdY	s1_del54SUFELBov5vQFrhsVexn6D9EhUPDFZpXuqC6eCI	1DIh9	python-gnn-puct-v0.1.0	sha256:6f9ad6e4a0993da3cf34a8549e86f9b5d512c51e11bfa76dfe051e7a8801bdac	python-gnn-puct-v0.1.0	sha256:6f9ad6e4a0993da3cf34a8549e86f9b5d512c51e11bfa76dfe051e7a8801bdac	D	P	196
g1_U_BD03d2NU7kWsQH0qS9Vm2ZV4vXgaySd86svAbYVdY	s1_g5pGkHBMEhzAYvwFY0b24sSc7wC9JfnWApMHHZ_aMPI	1DIh9	python-gnn-puct-v0.1.0	sha256:6f9ad6e4a0993da3cf34a8549e86f9b5d512c51e11bfa76dfe051e7a8801bdac	python-gnn-puct-v0.1.0	sha256:6f9ad6e4a0993da3cf34a8549e86f9b5d512c51e11bfa76dfe051e7a8801bdac	D	P	196
g1_U_BD03d2NU7kWsQH0qS9Vm2ZV4vXgaySd86svAbYVdY	s1_mWPTef6xYbijjPhDIC6QgLRmu2mMSJAokNlIkx3vg54	1DIh9	python-gnn-puct-v0.1.0	sha256:6f9ad6e4a0993da3cf34a8549e86f9b5d512c51e11bfa76dfe051e7a8801bdac	python-gnn-puct-v0.1.0	sha256:6f9ad6e4a0993da3cf34a8549e86f9b5d512c51e11bfa76dfe051e7a8801bdac	D	P	196
g1_U_BD03d2NU7kWsQH0qS9Vm2ZV4vXgaySd86svAbYVdY	s1_tol_POp6BcgBLMWq8iDfRBQSAXpESHxFwmcCQYXv0yQ	1DIh9	python-gnn-puct-v0.1.0	sha256:6f9ad6e4a0993da3cf34a8549e86f9b5d512c51e11bfa76dfe051e7a8801bdac	python-gnn-puct-v0.1.0	sha256:6f9ad6e4a0993da3cf34a8549e86f9b5d512c51e11bfa76dfe051e7a8801bdac	D	P	196
g1_U_Q7ORAmMl4L8IlsVvk-2Nh5z2JQN4V80jg_qIl1iRo	s1_A2tqksHcObnuQqkKdUP3mm7NMSOYUMrYj_KuWg9sfBM	1unN5T	qadv-arbiter-7x7-rust-lambda-v0.1.0	-	qadv-arbiter-7x7-rust-lambda-v0.1.0	-	D	P	196
g1_U_Q7ORAmMl4L8IlsVvk-2Nh5z2JQN4V80jg_qIl1iRo	s1_RauLaTi4eVgYHSp2TV9pqs9uzTVv0B10g9TaHMWpcZ4	1unN5T	qadv-arbiter-7x7-rust-lambda-v0.1.0	-	qadv-arbiter-7x7-rust-lambda-v0.1.0	-	D	P	-
g1_U_Q7ORAmMl4L8IlsVvk-2Nh5z2JQN4V80jg_qIl1iRo	s1_oiWYWJWRCRomT0ZZRhqWhFP7wqkntymTp7amykJtEM4	1unN5T	qadv-arbiter-7x7-rust-lambda-v0.1.0	-	qadv-arbiter-7x7-rust-lambda-v0.1.0	-	D	P	196
g1_U_Q7ORAmMl4L8IlsVvk-2Nh5z2JQN4V80jg_qIl1iRo	s1_w0CyzwzLLx47AubmfFbglj6oc6MFh9c7Y6-qdgtoVcc	1unN5T	qadv-arbiter-7x7-rust-lambda-v0.1.0	-	qadv-arbiter-7x7-rust-lambda-v0.1.0	-	D	P	196
g1_U_QUB3DzUqa9cP-uZ_Ls1KQKzFqarCcZSeK4n0jBdfk	s1_0AyUK1Ps4Run7VjYUXP0LvHpZRXf88ayuAg4jkEgJFA	1unQjw	qadv-arbiter-7x7-v0.1.0	-	pathfinder-v0.3.0	-	D	P	196
g1_U_QUB3DzUqa9cP-uZ_Ls1KQKzFqarCcZSeK4n0jBdfk	s1_2FtaP75xgRVTNrUvmC0NIesJCNy8IDFJ05WNM4nUnpg	1unQjw	qadv-arbiter-7x7-v0.1.0	-	pathfinder-v0.3.0	-	D	P	196
g1_U_QUB3DzUqa9cP-uZ_Ls1KQKzFqarCcZSeK4n0jBdfk	s1_CgVnUvk8JZQvVG-5C64_BSUlOPB1WJbAeFZQv5YlsNY	1unQjw	qadv-arbiter-7x7-v0.1.0	-	pathfinder-v0.3.0	-	D	P	196
g1_U_QUB3DzUqa9cP-uZ_Ls1KQKzFqarCcZSeK4n0jBdfk	s1_RauLaTi4eVgYHSp2TV9pqs9uzTVv0B10g9TaHMWpcZ4	1unQjw	qadv-arbiter-7x7-v0.1.0	-	pathfinder-v0.3.0	-	D	P	-
g1_U_QUB3DzUqa9cP-uZ_Ls1KQKzFqarCcZSeK4n0jBdfk	s1_lOwHr6mE-lPS5rfA5RkFIg-cdUGL4QFgsyOK-0ZFGtM	1unQjw	qadv-arbiter-7x7-v0.1.0	-	pathfinder-v0.3.0	-	D	P	196
g1_U_Vil_DbfMueN8PAAyt73tso3qFkzx_x_-AULA2bDHU	s1_5TocsteoemlFGgTtiomoTAYvdENRArx_24tzjlFK1Zs	1unPa6	qadv-arbiter-7x7-rust-lambda-v0.1.0	-	qadv-arbiter-7x7-rust-lambda-v0.1.0	-	L	P	196
g1_U_Vil_DbfMueN8PAAyt73tso3qFkzx_x_-AULA2bDHU	s1_RauLaTi4eVgYHSp2TV9pqs9uzTVv0B10g9TaHMWpcZ4	1unPa6	qadv-arbiter-7x7-rust-lambda-v0.1.0	-	qadv-arbiter-7x7-rust-lambda-v0.1.0	-	L	P	-
g1_U_Vil_DbfMueN8PAAyt73tso3qFkzx_x_-AULA2bDHU	s1_T-WUh7PKZs04Y3gHKhZM5NGMaiUEKnpwlgBy1Vz2NRU	1unPa6	qadv-arbiter-7x7-rust-lambda-v0.1.0	-	qadv-arbiter-7x7-rust-lambda-v0.1.0	-	L	P	196
g1_U_Vil_DbfMueN8PAAyt73tso3qFkzx_x_-AULA2bDHU	s1_ZRL3u2i-UxuLcx0nUK4JQybD563wwvlLX9mpEKd2qoU	1unPa6	qadv-arbiter-7x7-rust-lambda-v0.1.0	-	qadv-arbiter-7x7-rust-lambda-v0.1.0	-	L	P	196
g1_U_ZDZe_K7Lo9NqFdBtmsNwBeKexgpS33NHAjanH6-OE	s1_KnEMaNKIf8oa_VFsJRER8pcaE6xmrNrEX8ZcTB_Aqlo	1unO4q	qadv-arbiter-7x7-rust-lambda-v0.1.0	-	qadv-arbiter-7x7-rust-lambda-v0.1.0	-	D	P	196
g1_U_ZDZe_K7Lo9NqFdBtmsNwBeKexgpS33NHAjanH6-OE	s1_RauLaTi4eVgYHSp2TV9pqs9uzTVv0B10g9TaHMWpcZ4	1unO4q	qadv-arbiter-7x7-rust-lambda-v0.1.0	-	qadv-arbiter-7x7-rust-lambda-v0.1.0	-	D	P	-
g1_U_ZDZe_K7Lo9NqFdBtmsNwBeKexgpS33NHAjanH6-OE	s1_TehGN7qwf2xf8-QepkFs6k15sYNzgddRx1CyM91fTV8	1unO4q	qadv-arbiter-7x7-rust-lambda-v0.1.0	-	qadv-arbiter-7x7-rust-lambda-v0.1.0	-	D	P	196
g1_U_ZDZe_K7Lo9NqFdBtmsNwBeKexgpS33NHAjanH6-OE	s1_sRLrRzl2LXwOanHnYmsl8B0UqXxvkHysNQe_sj0QXtc	1unO4q	qadv-arbiter-7x7-rust-lambda-v0.1.0	-	qadv-arbiter-7x7-rust-lambda-v0.1.0	-	D	P	196
g1_U_ZXQzf3lvjgdep2I1XIdR2bLI-ONbjCBf9wvF9vp4I	s1_RGdk1whblpIeGA-bG6OTsVwFVpeIvO25bVQmx-Ns8HM	1unMAV	qadv-arbiter-7x7-rust-lambda-v0.1.0	-	qadv-arbiter-7x7-rust-lambda-v0.1.0	-	D	P	196
g1_U_ZXQzf3lvjgdep2I1XIdR2bLI-ONbjCBf9wvF9vp4I	s1_RauLaTi4eVgYHSp2TV9pqs9uzTVv0B10g9TaHMWpcZ4	1unMAV	qadv-arbiter-7x7-rust-lambda-v0.1.0	-	qadv-arbiter-7x7-rust-lambda-v0.1.0	-	D	P	-
g1_U_ZXQzf3lvjgdep2I1XIdR2bLI-ONbjCBf9wvF9vp4I	s1_WeDqTYf_WX9DZ0Y1H_4SqHDT9Hh8X4sMwcBZ4fi7HHA	1unMAV	qadv-arbiter-7x7-rust-lambda-v0.1.0	-	qadv-arbiter-7x7-rust-lambda-v0.1.0	-	D	P	196
g1_U_ZXQzf3lvjgdep2I1XIdR2bLI-ONbjCBf9wvF9vp4I	s1_aCdnbqWtiWHkk2IhwEfIeX_EkM1eiwOlV8_pSPwKb_o	1unMAV	qadv-arbiter-7x7-rust-lambda-v0.1.0	-	qadv-arbiter-7x7-rust-lambda-v0.1.0	-	D	P	196
g1_U_v1S7QzRoL73J7VtuDVneetNYLpBKTIr4V1fwnod7A	s1_7FIu85-v_e-kbNsQ2UNk3yRt-KGcLyUjpmVwIc9cnfM	1umw9e	python-gnn-puct-scout-v0.1.0	sha256:b9f80706cc1f29076ee06fe06483697c749148a808c599579045d00a52573938	python-gnn-puct-scout-v0.1.0	sha256:b9f80706cc1f29076ee06fe06483697c749148a808c599579045d00a52573938	D	P	196
g1_U_v1S7QzRoL73J7VtuDVneetNYLpBKTIr4V1fwnod7A	s1_S8AGNBNcWBvWiwIo-AOAHPoHuZo2XvcsYvhgQxGTkrY	1umw9e	python-gnn-puct-scout-v0.1.0	sha256:b9f80706cc1f29076ee06fe06483697c749148a808c599579045d00a52573938	python-gnn-puct-scout-v0.1.0	sha256:b9f80706cc1f29076ee06fe06483697c749148a808c599579045d00a52573938	D	P	196
g1_U_zafe78p8b1bwBwIguedQD7syjD9X0UZ7Nq2ndRq6U	s1_HFfyy9sgR9Nj-rh3N807gu7kZwQvUJeks4nz6DZq13k	1unOt2	qadv-arbiter-7x7-rust-lambda-v0.1.0	-	qadv-arbiter-7x7-rust-lambda-v0.1.0	-	D	P	196
g1_U_zafe78p8b1bwBwIguedQD7syjD9X0UZ7Nq2ndRq6U	s1_RauLaTi4eVgYHSp2TV9pqs9uzTVv0B10g9TaHMWpcZ4	1unOt2	qadv-arbiter-7x7-rust-lambda-v0.1.0	-	qadv-arbiter-7x7-rust-lambda-v0.1.0	-	D	P	-
g1_U_zafe78p8b1bwBwIguedQD7syjD9X0UZ7Nq2ndRq6U	s1_VW-ZwYTOzFH5zDP3UxDaKXoh_79U1qKMDtazZtJOyqQ	1unOt2	qadv-arbiter-7x7-rust-lambda-v0.1.0	-	qadv-arbiter-7x7-rust-lambda-v0.1.0	-	D	P	196
g1_U_zafe78p8b1bwBwIguedQD7syjD9X0UZ7Nq2ndRq6U	s1_p842WlCOJDaRfRKcEVHo2dnQpfLpA_8F5P05HJ1EWjw	1unOt2	qadv-arbiter-7x7-rust-lambda-v0.1.0	-	qadv-arbiter-7x7-rust-lambda-v0.1.0	-	D	P	196
g1_Ua3eqjZlBmZhZw_mKLjTmjOaPQA38ORkzwwpFXUi_Dg	s1_RauLaTi4eVgYHSp2TV9pqs9uzTVv0B10g9TaHMWpcZ4	1unMsR	qadv-arbiter-7x7-rust-lambda-v0.1.0	-	qadv-arbiter-7x7-rust-lambda-v0.1.0	-	L	P	-
g1_Ua3eqjZlBmZhZw_mKLjTmjOaPQA38ORkzwwpFXUi_Dg	s1_WnIppIZVJCSfadf3K6pD8g2Kk2bfK-g9DXhgAlkqFs8	1unMsR	qadv-arbiter-7x7-rust-lambda-v0.1.0	-	qadv-arbiter-7x7-rust-lambda-v0.1.0	-	L	P	196
g1_Ua3eqjZlBmZhZw_mKLjTmjOaPQA38ORkzwwpFXUi_Dg	s1_g62Cfl7yPuMn-RgR3cfCe_K5AWtl1NihR_fHU0Pxca0	1unMsR	qadv-arbiter-7x7-rust-lambda-v0.1.0	-	qadv-arbiter-7x7-rust-lambda-v0.1.0	-	L	P	196
g1_Ua3eqjZlBmZhZw_mKLjTmjOaPQA38ORkzwwpFXUi_Dg	s1_zezfZ2LbdKqZve6gGVpuDc2LpddKRjoXIhegGti1Sls	1unMsR	qadv-arbiter-7x7-rust-lambda-v0.1.0	-	qadv-arbiter-7x7-rust-lambda-v0.1.0	-	L	P	196
g1_Ua70cYNtgVqMrulpCHR_bHNUhKNY-Jt_FhzIhBYI4bM	s1_RauLaTi4eVgYHSp2TV9pqs9uzTVv0B10g9TaHMWpcZ4	1unOWZ	qadv-arbiter-7x7-rust-lambda-v0.1.0	-	qadv-arbiter-7x7-rust-lambda-v0.1.0	-	D	P	-
g1_Ua70cYNtgVqMrulpCHR_bHNUhKNY-Jt_FhzIhBYI4bM	s1_YhuMU451cYeIme2B7IUoc-HIDiSvnjaoPSUCE-c77h8	1unOWZ	qadv-arbiter-7x7-rust-lambda-v0.1.0	-	qadv-arbiter-7x7-rust-lambda-v0.1.0	-	D	P	196
g1_Ua70cYNtgVqMrulpCHR_bHNUhKNY-Jt_FhzIhBYI4bM	s1_aiSSGE3EjHSWFCQp03wa2uKTbEvwJH7CJ_tQkg_j8Aw	1unOWZ	qadv-arbiter-7x7-rust-lambda-v0.1.0	-	qadv-arbiter-7x7-rust-lambda-v0.1.0	-	D	P	196
g1_Ua70cYNtgVqMrulpCHR_bHNUhKNY-Jt_FhzIhBYI4bM	s1_rJZocYWlkSdQBj4Rm2mCbZrB34oCr4X0xTp7dMaFgeM	1unOWZ	qadv-arbiter-7x7-rust-lambda-v0.1.0	-	qadv-arbiter-7x7-rust-lambda-v0.1.0	-	D	P	196
g1_UaBH1bwbnsG7bMTJdpmdMv9uGMY2phZkQrtuuRio3_c	s1_RauLaTi4eVgYHSp2TV9pqs9uzTVv0B10g9TaHMWpcZ4	1unNEz	qadv-arbiter-7x7-rust-lambda-v0.1.0	-	qadv-arbiter-7x7-rust-lambda-v0.1.0	-	L	P	-
g1_UaBH1bwbnsG7bMTJdpmdMv9uGMY2phZkQrtuuRio3_c	s1_hyWpegP1TxFH038xCg3iahPfoMqOdMuElweCLnLnBps	1unNEz	qadv-arbiter-7x7-rust-lambda-v0.1.0	-	qadv-arbiter-7x7-rust-lambda-v0.1.0	-	L	P	196
g1_UaBH1bwbnsG7bMTJdpmdMv9uGMY2phZkQrtuuRio3_c	s1_oOlEFSrhxBm05dvUIXiYpE2KyqM6XF0rkfVte7sugmQ	1unNEz	qadv-arbiter-7x7-rust-lambda-v0.1.0	-	qadv-arbiter-7x7-rust-lambda-v0.1.0	-	L	P	196
g1_UaBH1bwbnsG7bMTJdpmdMv9uGMY2phZkQrtuuRio3_c	s1_yU1yXlLtSRNhvJmCEhVknTDdNq40BGHYqDuGrVfVilI	1unNEz	qadv-arbiter-7x7-rust-lambda-v0.1.0	-	qadv-arbiter-7x7-rust-lambda-v0.1.0	-	L	P	196
g1_UaCwsLWNYmP4F8gxnGeWDw-tsXNEEWCocrb_PBLw8OA	s1_qtlitMa-GGx-0y2heoyNRonYXf1Dq5epTexnVe9Iqtw	1umxcR	python-gnn-puct-learner-v0.1.0	sha256:ab0f739cd33d66781faf60e27797c5ccba3c04ba684f8d9e32e9c2754f4e8956	python-gnn-puct-learner-v0.1.0	sha256:ab0f739cd33d66781faf60e27797c5ccba3c04ba684f8d9e32e9c2754f4e8956	L	P	196
g1_UaU4cZiJW8NE-AAo5RIj77zhMB6375vf1k572Cuih2I	s1_sNHDjucG3PyV4JldoL5xMeLmgQ0OTmGEbKgD4yuoYts	1DIW5	rust-pathfinder-v0.1.0	-	rust-surveyor-v0.1.0	-	D	P	-
g1_UackzTAzE7lSL-KZJNf4Tp-AJisH5AXELFqnRkkNIes	s1_Jessb9UA5XfIasy-HIN9QbnGl9kMsuNpSO3iWtIBqt4	1unOZR	qadv-arbiter-7x7-rust-lambda-v0.1.0	-	qadv-arbiter-7x7-rust-lambda-v0.1.0	-	D	P	196
g1_UackzTAzE7lSL-KZJNf4Tp-AJisH5AXELFqnRkkNIes	s1_RauLaTi4eVgYHSp2TV9pqs9uzTVv0B10g9TaHMWpcZ4	1unOZR	qadv-arbiter-7x7-rust-lambda-v0.1.0	-	qadv-arbiter-7x7-rust-lambda-v0.1.0	-	D	P	-
g1_UackzTAzE7lSL-KZJNf4Tp-AJisH5AXELFqnRkkNIes	s1_yWBRCJX6tbPGQ5gJpWBB2PPkmM9RjDYciwcP01VaZLI	1unOZR	qadv-arbiter-7x7-rust-lambda-v0.1.0	-	qadv-arbiter-7x7-rust-lambda-v0.1.0	-	D	P	196
g1_UackzTAzE7lSL-KZJNf4Tp-AJisH5AXELFqnRkkNIes	s1_zfkvJzQj9pp7mDyUtegkqszpfrne6pP4jxsSFOWHnyM	1unOZR	qadv-arbiter-7x7-rust-lambda-v0.1.0	-	qadv-arbiter-7x7-rust-lambda-v0.1.0	-	D	P	196
g1_UajW8wxIIvV-zUJCg01YPLGAr1hYFEYfG0QWK-6qYMY	s1_1av6nXQkq-GSHXfjkVlGHGpAq8F9UbW4JwZmyFA-vww	1umv5-	python-gnn-puct-scout-v0.1.0	sha256:b9f80706cc1f29076ee06fe06483697c749148a808c599579045d00a52573938	python-gnn-puct-scout-v0.1.0	sha256:b9f80706cc1f29076ee06fe06483697c749148a808c599579045d00a52573938	-	M	196
g1_UajW8wxIIvV-zUJCg01YPLGAr1hYFEYfG0QWK-6qYMY	s1_Brk0hkuJoH-MBjdd53AO5tlWcOgDWV_R0PO74fHGd_0	1umv5-	python-gnn-puct-scout-v0.1.0	sha256:b9f80706cc1f29076ee06fe06483697c749148a808c599579045d00a52573938	python-gnn-puct-scout-v0.1.0	sha256:b9f80706cc1f29076ee06fe06483697c749148a808c599579045d00a52573938	-	M	196
g1_UajW8wxIIvV-zUJCg01YPLGAr1hYFEYfG0QWK-6qYMY	s1_D_X-fTFZy6xuyGSC5jFyKBW6IP_59Jbomefazf4xu44	1umv5-	python-gnn-puct-scout-v0.1.0	sha256:b9f80706cc1f29076ee06fe06483697c749148a808c599579045d00a52573938	python-gnn-puct-scout-v0.1.0	sha256:b9f80706cc1f29076ee06fe06483697c749148a808c599579045d00a52573938	-	M	196
g1_UalLwTpBprmJOcbNae9iUUMbX1MYU1EUZSJO-qhBTZ4	s1_lDGvmOO0xDMtQ9vB2l1kVcSYIabMOjk2_kcprq1lCm4	1umwmd	python-gnn-puct-reval30k-v0.1.0	sha256:6120be86fc469df71473c3de64e5e32f99694cd47d621fa5948f243dc51d3d21	python-gnn-puct-reval30k-v0.1.0	sha256:6120be86fc469df71473c3de64e5e32f99694cd47d621fa5948f243dc51d3d21	L	P	196
g1_UalLwTpBprmJOcbNae9iUUMbX1MYU1EUZSJO-qhBTZ4	s1_pGIKYA6lMvqBoVsG8JleoswG0EEq9L9LRlWgJtNVVgM	1umwmd	python-gnn-puct-reval30k-v0.1.0	sha256:6120be86fc469df71473c3de64e5e32f99694cd47d621fa5948f243dc51d3d21	python-gnn-puct-reval30k-v0.1.0	sha256:6120be86fc469df71473c3de64e5e32f99694cd47d621fa5948f243dc51d3d21	L	P	196
g1_UamJsLahqCp5QKDgpEQkEB0N6nL2VGcmZg2xGJsbFt0	s1_7oBGJ1CmZJBQIDvqS4kDuvG01BTPD3nv7YPwWKoUZj4	1unMnZ	qadv-arbiter-7x7-rust-lambda-v0.1.0	-	qadv-arbiter-7x7-rust-lambda-v0.1.0	-	D	P	196
g1_UamJsLahqCp5QKDgpEQkEB0N6nL2VGcmZg2xGJsbFt0	s1_8TR_OEfw2C5-M1WNvMLDxfQzmiquL8ycz9akRH4hwmQ	1unMnZ	qadv-arbiter-7x7-rust-lambda-v0.1.0	-	qadv-arbiter-7x7-rust-lambda-v0.1.0	-	D	P	196
g1_UamJsLahqCp5QKDgpEQkEB0N6nL2VGcmZg2xGJsbFt0	s1_RauLaTi4eVgYHSp2TV9pqs9uzTVv0B10g9TaHMWpcZ4	1unMnZ	qadv-arbiter-7x7-rust-lambda-v0.1.0	-	qadv-arbiter-7x7-rust-lambda-v0.1.0	-	D	P	-
g1_UamJsLahqCp5QKDgpEQkEB0N6nL2VGcmZg2xGJsbFt0	s1_rxjWH84TYnBeDk_Y5LJ3QefTumMG13ZbF5K1ql3Q7do	1unMnZ	qadv-arbiter-7x7-rust-lambda-v0.1.0	-	qadv-arbiter-7x7-rust-lambda-v0.1.0	-	D	P	196
g1_UasZlZemTOdQi4A5EuB9K4Sf8ozPvMuy8a3zXDWise4	s1_Qmoz3nLvbLcY_1rcqMtpMJDvTQydhL5cxUNWV6EhpMY	1umwy9	qadv-arbiter-7x7-v0.1.0	sha256:8c548d06307572603b839755cc1e50393285365e10f82bcd90290ca65cd86266	qadv-arbiter-7x7-v0.1.0	sha256:8c548d06307572603b839755cc1e50393285365e10f82bcd90290ca65cd86266	L	P	196
g1_Ub5NT0r27SIDAYaxtoiqFL3X7XSZu7H_p1KoDjaTjsM	s1_1feFsj1bmFXkj7aakzsaHB8N00HUjsTDX7eSeCaBYpM	1unLss	qadv-arbiter-7x7-rust-lambda-v0.1.0	-	qadv-arbiter-7x7-rust-lambda-v0.1.0	-	L	P	196
g1_Ub5NT0r27SIDAYaxtoiqFL3X7XSZu7H_p1KoDjaTjsM	s1_RauLaTi4eVgYHSp2TV9pqs9uzTVv0B10g9TaHMWpcZ4	1unLss	qadv-arbiter-7x7-rust-lambda-v0.1.0	-	qadv-arbiter-7x7-rust-lambda-v0.1.0	-	L	P	-
g1_Ub5NT0r27SIDAYaxtoiqFL3X7XSZu7H_p1KoDjaTjsM	s1_b4rgEUZrpYvJEwswXmt9Kk1bxIZtfIudi1IKRW0voNY	1unLss	qadv-arbiter-7x7-rust-lambda-v0.1.0	-	qadv-arbiter-7x7-rust-lambda-v0.1.0	-	L	P	196
g1_Ub5NT0r27SIDAYaxtoiqFL3X7XSZu7H_p1KoDjaTjsM	s1_cpDc0VCbw9nfTEDDgdcVT4gB6hcuYaB3BdrRRPE2WGY	1unLss	qadv-arbiter-7x7-rust-lambda-v0.1.0	-	qadv-arbiter-7x7-rust-lambda-v0.1.0	-	L	P	196
g1_UbBJHAhn8Fjs98JWG5pHacZYtxWpLVlNOYAKfiSFFLM	s1__fmnSv6OnZklVvMPUjPdL6drtvfrJptRYX3nxZQO8jI	1umxtc	python-gnn-puct-scout-v0.1.0	sha256:b9f80706cc1f29076ee06fe06483697c749148a808c599579045d00a52573938	python-gnn-puct-scout-v0.1.0	sha256:b9f80706cc1f29076ee06fe06483697c749148a808c599579045d00a52573938	D	P	196
g1_UbGppC4WXZsyk3HhfU0lF4odZoA8ekCGpA6ERJeBRq8	s1_flXyOBW6T9LLVDFIvXBGel1MoVNZcUcMFIJnB9yLapU	1umx7o	python-gnn-puct-reval30k-v0.1.0	sha256:6120be86fc469df71473c3de64e5e32f99694cd47d621fa5948f243dc51d3d21	python-gnn-puct-reval30k-v0.1.0	sha256:6120be86fc469df71473c3de64e5e32f99694cd47d621fa5948f243dc51d3d21	D	P	196
g1_UbHKtcvoc-N92_ANQdeg6TGFIiJGc8rHZYy6Dxja43o	s1_9-C1Ap9VTy6xa1t4KU2DJkW79suBMAR8B0shDOp28oE	1unO2E	qadv-arbiter-7x7-rust-lambda-v0.1.0	-	qadv-arbiter-7x7-rust-lambda-v0.1.0	-	L	P	196
g1_UbHKtcvoc-N92_ANQdeg6TGFIiJGc8rHZYy6Dxja43o	s1_RauLaTi4eVgYHSp2TV9pqs9uzTVv0B10g9TaHMWpcZ4	1unO2E	qadv-arbiter-7x7-rust-lambda-v0.1.0	-	qadv-arbiter-7x7-rust-lambda-v0.1.0	-	L	P	-
g1_UbHKtcvoc-N92_ANQdeg6TGFIiJGc8rHZYy6Dxja43o	s1_is9MqIZ8iptpdKfnoidID03Yo48rUczeEhTrJjbaP5o	1unO2E	qadv-arbiter-7x7-rust-lambda-v0.1.0	-	qadv-arbiter-7x7-rust-lambda-v0.1.0	-	L	P	196
g1_UbHKtcvoc-N92_ANQdeg6TGFIiJGc8rHZYy6Dxja43o	s1_nQI3Fr5JAEKyKoC-MBFbG_DAwuMi54eIYwShQvpnQMk	1unO2E	qadv-arbiter-7x7-rust-lambda-v0.1.0	-	qadv-arbiter-7x7-rust-lambda-v0.1.0	-	L	P	196
g1_UbPHvfeHhinnr89ha1OFKrkijfQaDuKJ5NfTD1BqNhk	s1_-I3LIG25iQUMS61g9JT3jwlbolFjjgisJzTCVR8DTrc	1unQ1F	qadv-arbiter-7x7-rust-lambda-v0.1.0	-	qadv-arbiter-7x7-rust-lambda-v0.1.0	-	L	P	196
g1_UbPHvfeHhinnr89ha1OFKrkijfQaDuKJ5NfTD1BqNhk	s1_HIl3ksj_lho5CnONMPv3mkVhSXvZAA50ShRbvCFhg5E	1unQ1F	qadv-arbiter-7x7-rust-lambda-v0.1.0	-	qadv-arbiter-7x7-rust-lambda-v0.1.0	-	L	P	196
g1_UbPHvfeHhinnr89ha1OFKrkijfQaDuKJ5NfTD1BqNhk	s1_KWwL9wv7jBBmsI1a6xVsHpeBCX3woSSQNAhRov34Jy8	1unQ1F	qadv-arbiter-7x7-rust-lambda-v0.1.0	-	qadv-arbiter-7x7-rust-lambda-v0.1.0	-	L	P	196
g1_UbYqSod-ycMW942jGPYgw8Zrbq7biTIeHNlQvsUmZo4	s1_2LWISlyOlPXbjVFHxGeeCk4yY4rNB70sh6ffXxFyUiU	1unOKY	qadv-arbiter-7x7-rust-lambda-v0.1.0	-	qadv-arbiter-7x7-rust-lambda-v0.1.0	-	D	P	196
g1_UbYqSod-ycMW942jGPYgw8Zrbq7biTIeHNlQvsUmZo4	s1_RauLaTi4eVgYHSp2TV9pqs9uzTVv0B10g9TaHMWpcZ4	1unOKY	qadv-arbiter-7x7-rust-lambda-v0.1.0	-	qadv-arbiter-7x7-rust-lambda-v0.1.0	-	D	P	-
g1_UbYqSod-ycMW942jGPYgw8Zrbq7biTIeHNlQvsUmZo4	s1_aNqSW5-9O0mNIEZdQ70rP9p4mTYdq_aq5ZqMSyMf4nE	1unOKY	qadv-arbiter-7x7-rust-lambda-v0.1.0	-	qadv-arbiter-7x7-rust-lambda-v0.1.0	-	D	P	196
g1_UbYqSod-ycMW942jGPYgw8Zrbq7biTIeHNlQvsUmZo4	s1_epYAiCeQDAMy6QotEBpN_wGpPY25HbIP7J455h19QGE	1unOKY	qadv-arbiter-7x7-rust-lambda-v0.1.0	-	qadv-arbiter-7x7-rust-lambda-v0.1.0	-	D	P	196
g1_UbaghpMDeKlaR-szsEkOKuAc2lYKoA2VFP5l2ft1eM0	s1_Kr2KvDfHlX9vL5V-EJGpeVYXhSB123LwrzU7Z0p85rE	1unOF4	qadv-arbiter-7x7-rust-lambda-v0.1.0	-	qadv-arbiter-7x7-rust-lambda-v0.1.0	-	D	P	196
g1_UbaghpMDeKlaR-szsEkOKuAc2lYKoA2VFP5l2ft1eM0	s1_LGw5K0_YEUxhAB6P1iDvERnTkAk5s7iRbivUI2LFY4o	1unOF4	qadv-arbiter-7x7-rust-lambda-v0.1.0	-	qadv-arbiter-7x7-rust-lambda-v0.1.0	-	D	P	196
g1_UbaghpMDeKlaR-szsEkOKuAc2lYKoA2VFP5l2ft1eM0	s1_RauLaTi4eVgYHSp2TV9pqs9uzTVv0B10g9TaHMWpcZ4	1unOF4	qadv-arbiter-7x7-rust-lambda-v0.1.0	-	qadv-arbiter-7x7-rust-lambda-v0.1.0	-	D	P	-
g1_UbaghpMDeKlaR-szsEkOKuAc2lYKoA2VFP5l2ft1eM0	s1_Rb6Zz31j9C7jK7hLTDksjSHUQlOkJ6qWMBznEnW1GV0	1unOF4	qadv-arbiter-7x7-rust-lambda-v0.1.0	-	qadv-arbiter-7x7-rust-lambda-v0.1.0	-	D	P	196
g1_UbbOCHn-LaPV3tKHv0QlDL33t7gZc8NRfKlBq4rEGac	s1_rwd72jBAuF7N8N9R8fmmf4YCsw6cTIukPK_ffMZ9SUE	1un00V	pathfinder-v0.3.0	-	qadv-arbiter-guided-7x7-v0.2.0	sha256:9c0e5e530df7db77a98f6a2e75fe63a6f629c6ad6563e0b5454793ebc243b14d	L	P	196
g1_Ubf9KZ-5aSu_RScKuhnyVxedp8tdo2sG2kjqz8BSGH4	s1_qtlitMa-GGx-0y2heoyNRonYXf1Dq5epTexnVe9Iqtw	1umxgw	python-gnn-puct-learner-v0.1.0	sha256:ab0f739cd33d66781faf60e27797c5ccba3c04ba684f8d9e32e9c2754f4e8956	python-gnn-puct-learner-v0.1.0	sha256:ab0f739cd33d66781faf60e27797c5ccba3c04ba684f8d9e32e9c2754f4e8956	D	P	196
g1_UbieZLS8b3T8XVpzOtboC1yOu7tDTcQQRZdjdDGOznQ	s1_RauLaTi4eVgYHSp2TV9pqs9uzTVv0B10g9TaHMWpcZ4	1unM8j	qadv-arbiter-7x7-rust-lambda-v0.1.0	-	qadv-arbiter-7x7-rust-lambda-v0.1.0	-	D	P	-
g1_UbieZLS8b3T8XVpzOtboC1yOu7tDTcQQRZdjdDGOznQ	s1_UvSsAU2o3_0ibmYLHKiLxjHxXcthlGgZ3Jkvt-_o8Kw	1unM8j	qadv-arbiter-7x7-rust-lambda-v0.1.0	-	qadv-arbiter-7x7-rust-lambda-v0.1.0	-	D	P	196
g1_UbieZLS8b3T8XVpzOtboC1yOu7tDTcQQRZdjdDGOznQ	s1_mY2pqUXSEpFjkId-HBzQEb0YPrjWjUyqYz-3u9dJM10	1unM8j	qadv-arbiter-7x7-rust-lambda-v0.1.0	-	qadv-arbiter-7x7-rust-lambda-v0.1.0	-	D	P	196
g1_UbieZLS8b3T8XVpzOtboC1yOu7tDTcQQRZdjdDGOznQ	s1_wpwnbP7kMnY3FNK1etRTcfKov1bHrGDji1C2_sHqihw	1unM8j	qadv-arbiter-7x7-rust-lambda-v0.1.0	-	qadv-arbiter-7x7-rust-lambda-v0.1.0	-	D	P	196
g1_UbtXUwrjLlwMGnzrJ7dcO1SkifFsVSZc3q4_O0DJbow	s1_RauLaTi4eVgYHSp2TV9pqs9uzTVv0B10g9TaHMWpcZ4	1unOmK	qadv-arbiter-7x7-rust-lambda-v0.1.0	-	qadv-arbiter-7x7-rust-lambda-v0.1.0	-	D	P	-
g1_UbtXUwrjLlwMGnzrJ7dcO1SkifFsVSZc3q4_O0DJbow	s1_SOBwheQwJQLj7DGz_rgGlh3ZTMOQQLLVP5rf4LTA0Co	1unOmK	qadv-arbiter-7x7-rust-lambda-v0.1.0	-	qadv-arbiter-7x7-rust-lambda-v0.1.0	-	D	P	196
g1_UbtXUwrjLlwMGnzrJ7dcO1SkifFsVSZc3q4_O0DJbow	s1_s2vkn7cLhArzYb4igjYZxAqGgFw3OTkxcYjMo9JlF9g	1unOmK	qadv-arbiter-7x7-rust-lambda-v0.1.0	-	qadv-arbiter-7x7-rust-lambda-v0.1.0	-	D	P	196
g1_UbtXUwrjLlwMGnzrJ7dcO1SkifFsVSZc3q4_O0DJbow	s1_sBouPqmAdXNSj5X0GYzFahDDZko35Fm_890o6egNszg	1unOmK	qadv-arbiter-7x7-rust-lambda-v0.1.0	-	qadv-arbiter-7x7-rust-lambda-v0.1.0	-	D	P	196
g1_UbucPIXqzxTbX7Tf_FLYyjvTH3pcJTVEvFL-MxNwUw4	s1_7fSJc_AmTj9HalRFGEAzgbEz2msyrcypmCXOmex1EjY	1unNtr	qadv-arbiter-7x7-rust-lambda-v0.1.0	-	qadv-arbiter-7x7-rust-lambda-v0.1.0	-	D	P	196
g1_UbucPIXqzxTbX7Tf_FLYyjvTH3pcJTVEvFL-MxNwUw4	s1_NPUZCxQUYefJmG2pq-838l-HPzZXJzq2tvOArIl3VN4	1unNtr	qadv-arbiter-7x7-rust-lambda-v0.1.0	-	qadv-arbiter-7x7-rust-lambda-v0.1.0	-	D	P	196
g1_UbucPIXqzxTbX7Tf_FLYyjvTH3pcJTVEvFL-MxNwUw4	s1_RauLaTi4eVgYHSp2TV9pqs9uzTVv0B10g9TaHMWpcZ4	1unNtr	qadv-arbiter-7x7-rust-lambda-v0.1.0	-	qadv-arbiter-7x7-rust-lambda-v0.1.0	-	D	P	-
g1_UbucPIXqzxTbX7Tf_FLYyjvTH3pcJTVEvFL-MxNwUw4	s1_sY-5Myp4SeeH9qDtGMN8NIGiH2yy6E6_M_Z5UedaJdg	1unNtr	qadv-arbiter-7x7-rust-lambda-v0.1.0	-	qadv-arbiter-7x7-rust-lambda-v0.1.0	-	D	P	196
g1_Uc1RWcN6lUcV58TPyoIjpxoDV9zxT4kY8JmZcryqw_A	s1_6PxtazPxkizz7K9QTWPSCIopEV5n0zpHoq3F52yO_6U	1umwfy	python-cnn-puct-v0.1.0	sha256:7845e9b7687beee165dc36b8d21833b7a8b5a83e31b58b49bd05c277ba26e642	python-cnn-puct-v0.1.0	sha256:7845e9b7687beee165dc36b8d21833b7a8b5a83e31b58b49bd05c277ba26e642	D	P	196
g1_Uc1RWcN6lUcV58TPyoIjpxoDV9zxT4kY8JmZcryqw_A	s1_baRgKA_wMXdl0r4AwdkUfhWC04qxd1MvEGXAQaDd4fo	1umwfy	python-cnn-puct-v0.1.0	sha256:7845e9b7687beee165dc36b8d21833b7a8b5a83e31b58b49bd05c277ba26e642	python-cnn-puct-v0.1.0	sha256:7845e9b7687beee165dc36b8d21833b7a8b5a83e31b58b49bd05c277ba26e642	D	P	196
g1_Uc3tvHrALba0wZh39Dvtc_6vp_0fJimad4NeMHv72vY	s1_flXyOBW6T9LLVDFIvXBGel1MoVNZcUcMFIJnB9yLapU	1umx4E	python-gnn-puct-reval30k-v0.1.0	sha256:6120be86fc469df71473c3de64e5e32f99694cd47d621fa5948f243dc51d3d21	python-gnn-puct-reval30k-v0.1.0	sha256:6120be86fc469df71473c3de64e5e32f99694cd47d621fa5948f243dc51d3d21	D	P	196
g1_UcAC0-7rPf04VW7wq-iHczZDXKcKzPYD-Aa40HlnHbI	s1_-OKlJXuPFfAnukwGYITjiU7XKL4OC_qt76PC0TZSPjg	1umvj7	python-cnn-puct-v0.1.0	sha256:7845e9b7687beee165dc36b8d21833b7a8b5a83e31b58b49bd05c277ba26e642	python-cnn-puct-v0.1.0	sha256:7845e9b7687beee165dc36b8d21833b7a8b5a83e31b58b49bd05c277ba26e642	-	M	196
g1_UcAC0-7rPf04VW7wq-iHczZDXKcKzPYD-Aa40HlnHbI	s1_1av6nXQkq-GSHXfjkVlGHGpAq8F9UbW4JwZmyFA-vww	1umvj7	python-cnn-puct-v0.1.0	sha256:7845e9b7687beee165dc36b8d21833b7a8b5a83e31b58b49bd05c277ba26e642	python-cnn-puct-v0.1.0	sha256:7845e9b7687beee165dc36b8d21833b7a8b5a83e31b58b49bd05c277ba26e642	-	M	196
g1_UcAC0-7rPf04VW7wq-iHczZDXKcKzPYD-Aa40HlnHbI	s1_Brk0hkuJoH-MBjdd53AO5tlWcOgDWV_R0PO74fHGd_0	1umvj7	python-cnn-puct-v0.1.0	sha256:7845e9b7687beee165dc36b8d21833b7a8b5a83e31b58b49bd05c277ba26e642	python-cnn-puct-v0.1.0	sha256:7845e9b7687beee165dc36b8d21833b7a8b5a83e31b58b49bd05c277ba26e642	-	M	196
g1_UcBTxMAWyKuMhO-8zIk3G0oBwa_5QlpqYqvI0bE3LFo	s1_6PxtazPxkizz7K9QTWPSCIopEV5n0zpHoq3F52yO_6U	1umwq8	python-cnn-puct-v0.1.0	sha256:7845e9b7687beee165dc36b8d21833b7a8b5a83e31b58b49bd05c277ba26e642	python-cnn-puct-v0.1.0	sha256:7845e9b7687beee165dc36b8d21833b7a8b5a83e31b58b49bd05c277ba26e642	D	P	196
g1_UcBTxMAWyKuMhO-8zIk3G0oBwa_5QlpqYqvI0bE3LFo	s1_baRgKA_wMXdl0r4AwdkUfhWC04qxd1MvEGXAQaDd4fo	1umwq8	python-cnn-puct-v0.1.0	sha256:7845e9b7687beee165dc36b8d21833b7a8b5a83e31b58b49bd05c277ba26e642	python-cnn-puct-v0.1.0	sha256:7845e9b7687beee165dc36b8d21833b7a8b5a83e31b58b49bd05c277ba26e642	D	P	196
g1_UcEZak8ZDRj5QIoUjV4oRVS0poAiIr4hUcyEU20_9as	s1_1av6nXQkq-GSHXfjkVlGHGpAq8F9UbW4JwZmyFA-vww	1umvAn	python-gnn-puct-scout-v0.1.0	sha256:b9f80706cc1f29076ee06fe06483697c749148a808c599579045d00a52573938	python-gnn-puct-scout-v0.1.0	sha256:b9f80706cc1f29076ee06fe06483697c749148a808c599579045d00a52573938	L	P	196
g1_UcEZak8ZDRj5QIoUjV4oRVS0poAiIr4hUcyEU20_9as	s1_Brk0hkuJoH-MBjdd53AO5tlWcOgDWV_R0PO74fHGd_0	1umvAn	python-gnn-puct-scout-v0.1.0	sha256:b9f80706cc1f29076ee06fe06483697c749148a808c599579045d00a52573938	python-gnn-puct-scout-v0.1.0	sha256:b9f80706cc1f29076ee06fe06483697c749148a808c599579045d00a52573938	L	P	196
g1_UcEZak8ZDRj5QIoUjV4oRVS0poAiIr4hUcyEU20_9as	s1_D_X-fTFZy6xuyGSC5jFyKBW6IP_59Jbomefazf4xu44	1umvAn	python-gnn-puct-scout-v0.1.0	sha256:b9f80706cc1f29076ee06fe06483697c749148a808c599579045d00a52573938	python-gnn-puct-scout-v0.1.0	sha256:b9f80706cc1f29076ee06fe06483697c749148a808c599579045d00a52573938	L	P	196
g1_UcJ7J6jnRacZWc5VX1kUncELXX9-HnJjBLOxsr7hSx0	s1_QQyhvH4NtkqM2_fAkp7ZgwCZcUCAEhpcncUgq83wqXk	1unNxk	qadv-arbiter-7x7-rust-lambda-v0.1.0	-	qadv-arbiter-7x7-rust-lambda-v0.1.0	-	D	P	196
g1_UcJ7J6jnRacZWc5VX1kUncELXX9-HnJjBLOxsr7hSx0	s1_RauLaTi4eVgYHSp2TV9pqs9uzTVv0B10g9TaHMWpcZ4	1unNxk	qadv-arbiter-7x7-rust-lambda-v0.1.0	-	qadv-arbiter-7x7-rust-lambda-v0.1.0	-	D	P	-
g1_UcJ7J6jnRacZWc5VX1kUncELXX9-HnJjBLOxsr7hSx0	s1_vDssC4u8hcjj-BvEwJ_mZozz8YKUdHEhT7RgNkw10p8	1unNxk	qadv-arbiter-7x7-rust-lambda-v0.1.0	-	qadv-arbiter-7x7-rust-lambda-v0.1.0	-	D	P	196
g1_UcJ7J6jnRacZWc5VX1kUncELXX9-HnJjBLOxsr7hSx0	s1_yHJSYkTkkDm8BT_XLBYiDMiqkuiV88I5qc2Gsf4IGEo	1unNxk	qadv-arbiter-7x7-rust-lambda-v0.1.0	-	qadv-arbiter-7x7-rust-lambda-v0.1.0	-	D	P	196
g1_UcNTjYqTEkRjXlxilbt8IbtaE82ARCvtPfjUeKbr75o	s1_6BanOwlXQNbI4UUbCi90VHI8bnE6vgNkn5CfW8vaBow	1unPGu	qadv-arbiter-7x7-rust-lambda-v0.1.0	-	qadv-arbiter-7x7-rust-lambda-v0.1.0	-	D	P	196
g1_UcNTjYqTEkRjXlxilbt8IbtaE82ARCvtPfjUeKbr75o	s1_AS_X7402y0bhIcvYQVJ3qzUZcQ5bVCRQ_xtdQ0w0a4U	1unPGu	qadv-arbiter-7x7-rust-lambda-v0.1.0	-	qadv-arbiter-7x7-rust-lambda-v0.1.0	-	D	P	196
g1_UcNTjYqTEkRjXlxilbt8IbtaE82ARCvtPfjUeKbr75o	s1_RauLaTi4eVgYHSp2TV9pqs9uzTVv0B10g9TaHMWpcZ4	1unPGu	qadv-arbiter-7x7-rust-lambda-v0.1.0	-	qadv-arbiter-7x7-rust-lambda-v0.1.0	-	D	P	-
g1_UcNTjYqTEkRjXlxilbt8IbtaE82ARCvtPfjUeKbr75o	s1_TJmQCYuKMZjIA-O9o-Ak3pUYgGnY0oYUSmQTveFj_8c	1unPGu	qadv-arbiter-7x7-rust-lambda-v0.1.0	-	qadv-arbiter-7x7-rust-lambda-v0.1.0	-	D	P	196
g1_UcWLVgwqK_mU2tu4w_XnYszeDZV3fKwTmcBoepK-LRw	s1_RauLaTi4eVgYHSp2TV9pqs9uzTVv0B10g9TaHMWpcZ4	1unP-6	qadv-arbiter-7x7-rust-lambda-v0.1.0	-	qadv-arbiter-7x7-rust-lambda-v0.1.0	-	L	P	-
g1_UcWLVgwqK_mU2tu4w_XnYszeDZV3fKwTmcBoepK-LRw	s1_q38asW9eTv83XX--A-3-j22ZH81DTp2XJDXGQvULcfQ	1unP-6	qadv-arbiter-7x7-rust-lambda-v0.1.0	-	qadv-arbiter-7x7-rust-lambda-v0.1.0	-	L	P	196
g1_UcWLVgwqK_mU2tu4w_XnYszeDZV3fKwTmcBoepK-LRw	s1_yIxUQMuAYWX4A3USCUtTQNVkuXtvFpOv2vIxE_QLO1Q	1unP-6	qadv-arbiter-7x7-rust-lambda-v0.1.0	-	qadv-arbiter-7x7-rust-lambda-v0.1.0	-	L	P	196
g1_UcWLVgwqK_mU2tu4w_XnYszeDZV3fKwTmcBoepK-LRw	s1_z81Cn7xloqpO-owdbxSn2OkoKtLm-qxIEnKGxyyePkE	1unP-6	qadv-arbiter-7x7-rust-lambda-v0.1.0	-	qadv-arbiter-7x7-rust-lambda-v0.1.0	-	L	P	196
g1_UcdeUrN7yNP-LYaNl316Zdk6XiMYcsG9zX3zwcl1X2c	s1_N3ZB5pnKH9Bf7HyPsc0IVSlZlk5c0BAf6aE7CeU7ds8	1unM7U	qadv-arbiter-7x7-rust-lambda-v0.1.0	-	qadv-arbiter-7x7-rust-lambda-v0.1.0	-	D	P	196
g1_UcdeUrN7yNP-LYaNl316Zdk6XiMYcsG9zX3zwcl1X2c	s1_RauLaTi4eVgYHSp2TV9pqs9uzTVv0B10g9TaHMWpcZ4	1unM7U	qadv-arbiter-7x7-rust-lambda-v0.1.0	-	qadv-arbiter-7x7-rust-lambda-v0.1.0	-	D	P	-
g1_UcdeUrN7yNP-LYaNl316Zdk6XiMYcsG9zX3zwcl1X2c	s1_eOWEdejyoFVjK4Eo6kydrnGwB9OnBYGzqhf-SCNCFfQ	1unM7U	qadv-arbiter-7x7-rust-lambda-v0.1.0	-	qadv-arbiter-7x7-rust-lambda-v0.1.0	-	D	P	196
g1_UcdeUrN7yNP-LYaNl316Zdk6XiMYcsG9zX3zwcl1X2c	s1_rCV6fCafcdBr9kLGxjZcHS9kF04lbux8Y5HTn4gR9aQ	1unM7U	qadv-arbiter-7x7-rust-lambda-v0.1.0	-	qadv-arbiter-7x7-rust-lambda-v0.1.0	-	D	P	196
g1_UciZ43kESkyZQX4RgBzQsR4RDeyfDi-Od2kWxXAZ8Gg	s1_6PxtazPxkizz7K9QTWPSCIopEV5n0zpHoq3F52yO_6U	1umwrP	python-cnn-puct-v0.1.0	sha256:7845e9b7687beee165dc36b8d21833b7a8b5a83e31b58b49bd05c277ba26e642	python-cnn-puct-v0.1.0	sha256:7845e9b7687beee165dc36b8d21833b7a8b5a83e31b58b49bd05c277ba26e642	L	P	196
g1_UciZ43kESkyZQX4RgBzQsR4RDeyfDi-Od2kWxXAZ8Gg	s1_baRgKA_wMXdl0r4AwdkUfhWC04qxd1MvEGXAQaDd4fo	1umwrP	python-cnn-puct-v0.1.0	sha256:7845e9b7687beee165dc36b8d21833b7a8b5a83e31b58b49bd05c277ba26e642	python-cnn-puct-v0.1.0	sha256:7845e9b7687beee165dc36b8d21833b7a8b5a83e31b58b49bd05c277ba26e642	L	P	196
g1_UclgxD2IGPJ5rxMDFtwZeVgmZxmfHjKo1ffEKXMhtl4	s1_O5NNazkbpHpRFR7cij4HDMxwG7o1_rL2gyxNF9-WF-c	1unMbE	qadv-arbiter-7x7-rust-lambda-v0.1.0	-	qadv-arbiter-7x7-rust-lambda-v0.1.0	-	L	P	196
g1_UclgxD2IGPJ5rxMDFtwZeVgmZxmfHjKo1ffEKXMhtl4	s1_RauLaTi4eVgYHSp2TV9pqs9uzTVv0B10g9TaHMWpcZ4	1unMbE	qadv-arbiter-7x7-rust-lambda-v0.1.0	-	qadv-arbiter-7x7-rust-lambda-v0.1.0	-	L	P	-
g1_UclgxD2IGPJ5rxMDFtwZeVgmZxmfHjKo1ffEKXMhtl4	s1_VB0k9AQyUpepMtH6fD-HoePvsZeeelKy8GFrC2MAPtg	1unMbE	qadv-arbiter-7x7-rust-lambda-v0.1.0	-	qadv-arbiter-7x7-rust-lambda-v0.1.0	-	L	P	196
g1_UclgxD2IGPJ5rxMDFtwZeVgmZxmfHjKo1ffEKXMhtl4	s1__rySIgv0Aw27HVWJUqn0S8ozPYsU6YTiBEsf5Zsetiw	1unMbE	qadv-arbiter-7x7-rust-lambda-v0.1.0	-	qadv-arbiter-7x7-rust-lambda-v0.1.0	-	L	P	196
g1_UcmSMAeeGRw5gQI-MTLTbUBSI8FTElMffdSz0dnt8Zs	s1_WVg7aYYLIrw6_-2mI3jQ-DPcLO4gX2sPEEqWQb0DGQA	1umxR5	python-cnn-puct-reval30k-v0.1.0	sha256:eb2600a53e225a835455efdb2759c40e27c5cb3c16ab0688bc21b99290ed10ee	python-cnn-puct-reval30k-v0.1.0	sha256:eb2600a53e225a835455efdb2759c40e27c5cb3c16ab0688bc21b99290ed10ee	D	P	196
g1_Ucw7vQlxpCbaV7RikoG6wA0yU4no_1Ls9pE-5it08pw	s1_Cqt6d32JujE5Y1jDmEcIGDn6wTFOI8I5zcvbMnlhJVA	1unOgX	qadv-arbiter-7x7-rust-lambda-v0.1.0	-	qadv-arbiter-7x7-rust-lambda-v0.1.0	-	L	P	196
g1_Ucw7vQlxpCbaV7RikoG6wA0yU4no_1Ls9pE-5it08pw	s1_RauLaTi4eVgYHSp2TV9pqs9uzTVv0B10g9TaHMWpcZ4	1unOgX	qadv-arbiter-7x7-rust-lambda-v0.1.0	-	qadv-arbiter-7x7-rust-lambda-v0.1.0	-	L	P	-
g1_Ucw7vQlxpCbaV7RikoG6wA0yU4no_1Ls9pE-5it08pw	s1_WlQnZhlydOwFTzgGrBk_cwXFzGwKI8IsC_VKD18zvkY	1unOgX	qadv-arbiter-7x7-rust-lambda-v0.1.0	-	qadv-arbiter-7x7-rust-lambda-v0.1.0	-	L	P	196
g1_Ucw7vQlxpCbaV7RikoG6wA0yU4no_1Ls9pE-5it08pw	s1_lezCVuFP-7iP0kT9P2uQHwgoeIwJXAVY1EHg5GnRhIU	1unOgX	qadv-arbiter-7x7-rust-lambda-v0.1.0	-	qadv-arbiter-7x7-rust-lambda-v0.1.0	-	L	P	196
g1_UcydyWnUjmxjEBYOYSZlFF_y7q3ldFZfVbSE6kNqm3c	s1_80Yfr2wwqUNP4GeJVBZ_PiB2FnBALr1h_KFaLlQe3wQ	1unNRG	qadv-arbiter-7x7-rust-lambda-v0.1.0	-	qadv-arbiter-7x7-rust-lambda-v0.1.0	-	D	P	196
g1_UcydyWnUjmxjEBYOYSZlFF_y7q3ldFZfVbSE6kNqm3c	s1_RauLaTi4eVgYHSp2TV9pqs9uzTVv0B10g9TaHMWpcZ4	1unNRG	qadv-arbiter-7x7-rust-lambda-v0.1.0	-	qadv-arbiter-7x7-rust-lambda-v0.1.0	-	D	P	-
g1_UcydyWnUjmxjEBYOYSZlFF_y7q3ldFZfVbSE6kNqm3c	s1__qKctnusJaLlHNzVk9XlXYXiXksWl9pgMqbrp3G3BdI	1unNRG	qadv-arbiter-7x7-rust-lambda-v0.1.0	-	qadv-arbiter-7x7-rust-lambda-v0.1.0	-	D	P	196
g1_UcydyWnUjmxjEBYOYSZlFF_y7q3ldFZfVbSE6kNqm3c	s1_b5Uw_7AWuNvQcFbWMIKgx3chundd8-9AGp8I2-BiKXE	1unNRG	qadv-arbiter-7x7-rust-lambda-v0.1.0	-	qadv-arbiter-7x7-rust-lambda-v0.1.0	-	D	P	196
g1_UdAJB07Y_CoGvt5kkzii1hWGUGpKJpFWdTCynTi5hL0	s1_BplgEe6s02bgeTulT2-kiiNjodelEXDgdUZoVr3feZA	1umwBS	rust-pathfinder-onnx-sorter-v0.1.0	-	rust-pathfinder-v0.3.0	-	L	P	120
g1_UdGu35lJIj_Hs9eTBfpUxXMzOaPmfkHrTn_R5oSnqus	s1_RauLaTi4eVgYHSp2TV9pqs9uzTVv0B10g9TaHMWpcZ4	1unOgZ	qadv-arbiter-7x7-rust-lambda-v0.1.0	-	qadv-arbiter-7x7-rust-lambda-v0.1.0	-	D	P	-
g1_UdGu35lJIj_Hs9eTBfpUxXMzOaPmfkHrTn_R5oSnqus	s1_TpfVGcU4FYG6Z7cwJiOs19_2pOWN1_o3_RKs3XPrRqI	1unOgZ	qadv-arbiter-7x7-rust-lambda-v0.1.0	-	qadv-arbiter-7x7-rust-lambda-v0.1.0	-	D	P	196
g1_UdGu35lJIj_Hs9eTBfpUxXMzOaPmfkHrTn_R5oSnqus	s1__ENxGkX1Vkn8auSQduOfu5JVXxgHhUiMrBjnzXEAz6o	1unOgZ	qadv-arbiter-7x7-rust-lambda-v0.1.0	-	qadv-arbiter-7x7-rust-lambda-v0.1.0	-	D	P	196
g1_UdGu35lJIj_Hs9eTBfpUxXMzOaPmfkHrTn_R5oSnqus	s1_t9deul1ijSFBphwDNIaq6Mq4U-TGnDD2cA0nziojjQc	1unOgZ	qadv-arbiter-7x7-rust-lambda-v0.1.0	-	qadv-arbiter-7x7-rust-lambda-v0.1.0	-	D	P	196
g1_UdQjE_Q_b7q8yBj4LpEqSTMKyqzhYJ5MXm3CTPgrY80	s1_6PxtazPxkizz7K9QTWPSCIopEV5n0zpHoq3F52yO_6U	1umwle	python-cnn-puct-v0.1.0	sha256:7845e9b7687beee165dc36b8d21833b7a8b5a83e31b58b49bd05c277ba26e642	python-cnn-puct-v0.1.0	sha256:7845e9b7687beee165dc36b8d21833b7a8b5a83e31b58b49bd05c277ba26e642	L	P	196
g1_UdQjE_Q_b7q8yBj4LpEqSTMKyqzhYJ5MXm3CTPgrY80	s1_baRgKA_wMXdl0r4AwdkUfhWC04qxd1MvEGXAQaDd4fo	1umwle	python-cnn-puct-v0.1.0	sha256:7845e9b7687beee165dc36b8d21833b7a8b5a83e31b58b49bd05c277ba26e642	python-cnn-puct-v0.1.0	sha256:7845e9b7687beee165dc36b8d21833b7a8b5a83e31b58b49bd05c277ba26e642	L	P	196
g1_UdTX5bx0l0QC8RK5mzmcgvslAhnwIRV1oiV9I4T76Es	s1_1LB6NAgPOeCp4r8rQw4kUOIXWpEdWysFm5RZjWCQSgc	1umwTP	python-gnn-puct-learner-v0.1.0	sha256:ab0f739cd33d66781faf60e27797c5ccba3c04ba684f8d9e32e9c2754f4e8956	python-gnn-puct-learner-v0.1.0	sha256:ab0f739cd33d66781faf60e27797c5ccba3c04ba684f8d9e32e9c2754f4e8956	L	P	196
g1_UdTX5bx0l0QC8RK5mzmcgvslAhnwIRV1oiV9I4T76Es	s1_P4NHYhwuVnEA-dG2X-UVeVotb84A5mwljbYTlTMqr8w	1umwTP	python-gnn-puct-learner-v0.1.0	sha256:ab0f739cd33d66781faf60e27797c5ccba3c04ba684f8d9e32e9c2754f4e8956	python-gnn-puct-learner-v0.1.0	sha256:ab0f739cd33d66781faf60e27797c5ccba3c04ba684f8d9e32e9c2754f4e8956	L	P	196
g1_UdqwGqG7fjpPIqLVVfRXQLRAIUfrV0jhLAIT5fI05bk	s1_0lWufCNs7rapdSuw3YiPSH1VtNtEQKSfppnyY7oLmMU	1unOof	qadv-arbiter-7x7-rust-lambda-v0.1.0	-	qadv-arbiter-7x7-rust-lambda-v0.1.0	-	L	P	196
g1_UdqwGqG7fjpPIqLVVfRXQLRAIUfrV0jhLAIT5fI05bk	s1_RauLaTi4eVgYHSp2TV9pqs9uzTVv0B10g9TaHMWpcZ4	1unOof	qadv-arbiter-7x7-rust-lambda-v0.1.0	-	qadv-arbiter-7x7-rust-lambda-v0.1.0	-	L	P	-
g1_UdqwGqG7fjpPIqLVVfRXQLRAIUfrV0jhLAIT5fI05bk	s1_cjtnYK7qPmKfldcczVW0Ah-u7rb_s0Xw3_Q06CgJN8A	1unOof	qadv-arbiter-7x7-rust-lambda-v0.1.0	-	qadv-arbiter-7x7-rust-lambda-v0.1.0	-	L	P	196
g1_UdqwGqG7fjpPIqLVVfRXQLRAIUfrV0jhLAIT5fI05bk	s1_fgMdvg0XAeA6ZMy8-2-VJ2l0OGQNa3CVXCdVuk_USBs	1unOof	qadv-arbiter-7x7-rust-lambda-v0.1.0	-	qadv-arbiter-7x7-rust-lambda-v0.1.0	-	L	P	196
g1_UeHXXvevyBQDc4Up6lzdfoNiVgbu9kZi4OcE1sWP_TQ	s1_2yYx3Dqw261CS6gXktnlUSFEUXrVDpaquaxTYknkBOg	1unOXy	qadv-arbiter-7x7-rust-lambda-v0.1.0	-	qadv-arbiter-7x7-rust-lambda-v0.1.0	-	L	P	196
g1_UeHXXvevyBQDc4Up6lzdfoNiVgbu9kZi4OcE1sWP_TQ	s1_RBWoFULhpvSDifl-VC0LykB1VCUS-3rPUTvz9XHDOVU	1unOXy	qadv-arbiter-7x7-rust-lambda-v0.1.0	-	qadv-arbiter-7x7-rust-lambda-v0.1.0	-	L	P	196
g1_UeHXXvevyBQDc4Up6lzdfoNiVgbu9kZi4OcE1sWP_TQ	s1_RauLaTi4eVgYHSp2TV9pqs9uzTVv0B10g9TaHMWpcZ4	1unOXy	qadv-arbiter-7x7-rust-lambda-v0.1.0	-	qadv-arbiter-7x7-rust-lambda-v0.1.0	-	L	P	-
g1_UeHXXvevyBQDc4Up6lzdfoNiVgbu9kZi4OcE1sWP_TQ	s1_tGJsI4hf7R6WwNYLXIj2GBvxjCOUlypnXmK4fADxEzI	1unOXy	qadv-arbiter-7x7-rust-lambda-v0.1.0	-	qadv-arbiter-7x7-rust-lambda-v0.1.0	-	L	P	196
g1_UeLoDM9RoIOojX_w7HWYpGZIWClALcnQVk4qedG9kho	s1_-Wv-KInRHBAPkojrKQuYZXHUDUvHcA126n1eTwBO3Jk	1unLzW	qadv-arbiter-7x7-rust-lambda-v0.1.0	-	qadv-arbiter-7x7-rust-lambda-v0.1.0	-	L	P	196
g1_UeLoDM9RoIOojX_w7HWYpGZIWClALcnQVk4qedG9kho	s1_MFTYSFdFdubzSGw5lu01w_FfelLOnyYPiRKoFEC7pm4	1unLzW	qadv-arbiter-7x7-rust-lambda-v0.1.0	-	qadv-arbiter-7x7-rust-lambda-v0.1.0	-	L	P	196
g1_UeLoDM9RoIOojX_w7HWYpGZIWClALcnQVk4qedG9kho	s1_RauLaTi4eVgYHSp2TV9pqs9uzTVv0B10g9TaHMWpcZ4	1unLzW	qadv-arbiter-7x7-rust-lambda-v0.1.0	-	qadv-arbiter-7x7-rust-lambda-v0.1.0	-	L	P	-
g1_UeLoDM9RoIOojX_w7HWYpGZIWClALcnQVk4qedG9kho	s1_Z-pRrekpP6HEX_XzwLc1t6nRvyNChRVzK0B1QtYhGAY	1unLzW	qadv-arbiter-7x7-rust-lambda-v0.1.0	-	qadv-arbiter-7x7-rust-lambda-v0.1.0	-	L	P	196
g1_UeOLVNdIFrhjb_M7QTuvKlSTuVMlbz6PVj3qE_AYPvM	s1_28EWRrxMYVnVFcOwIe4Fd_9NKwFLy15pWwwpzUl67q4	1unPHm	qadv-arbiter-7x7-rust-lambda-v0.1.0	-	qadv-arbiter-7x7-rust-lambda-v0.1.0	-	D	P	196
g1_UeOLVNdIFrhjb_M7QTuvKlSTuVMlbz6PVj3qE_AYPvM	s1_6xLg02JL1jyYycSXfOA1DL6i8SmHUvzTmqiCbSYkwXw	1unPHm	qadv-arbiter-7x7-rust-lambda-v0.1.0	-	qadv-arbiter-7x7-rust-lambda-v0.1.0	-	D	P	196
g1_UeOLVNdIFrhjb_M7QTuvKlSTuVMlbz6PVj3qE_AYPvM	s1_RauLaTi4eVgYHSp2TV9pqs9uzTVv0B10g9TaHMWpcZ4	1unPHm	qadv-arbiter-7x7-rust-lambda-v0.1.0	-	qadv-arbiter-7x7-rust-lambda-v0.1.0	-	D	P	-
g1_UeOLVNdIFrhjb_M7QTuvKlSTuVMlbz6PVj3qE_AYPvM	s1_fYTiqWtXV1lk5oXzzFrngHpF7HyUS8Gs1qXR3NgUoLY	1unPHm	qadv-arbiter-7x7-rust-lambda-v0.1.0	-	qadv-arbiter-7x7-rust-lambda-v0.1.0	-	D	P	196
g1_UeZQ-9Ygf69HKS3zY7wMWiemQT-9r_vxrbTDTWGEJEI	s1_KLzDDa-u8sI_U-BibhxWrLTMyOW1YTypLt9t4Unxlik	1unMGs	qadv-arbiter-7x7-rust-lambda-v0.1.0	-	qadv-arbiter-7x7-rust-lambda-v0.1.0	-	L	P	196
g1_UeZQ-9Ygf69HKS3zY7wMWiemQT-9r_vxrbTDTWGEJEI	s1_OY0b822Eq-wCFeYzgIB2Gt8RgS6WCBMFu1cUo4uMP1g	1unMGs	qadv-arbiter-7x7-rust-lambda-v0.1.0	-	qadv-arbiter-7x7-rust-lambda-v0.1.0	-	L	P	196
g1_UeZQ-9Ygf69HKS3zY7wMWiemQT-9r_vxrbTDTWGEJEI	s1_RauLaTi4eVgYHSp2TV9pqs9uzTVv0B10g9TaHMWpcZ4	1unMGs	qadv-arbiter-7x7-rust-lambda-v0.1.0	-	qadv-arbiter-7x7-rust-lambda-v0.1.0	-	L	P	-
g1_UeZQ-9Ygf69HKS3zY7wMWiemQT-9r_vxrbTDTWGEJEI	s1_fPdMsjpPPK6ofK7wbb8_pZlylR_K2ajIw-WFO047UGE	1unMGs	qadv-arbiter-7x7-rust-lambda-v0.1.0	-	qadv-arbiter-7x7-rust-lambda-v0.1.0	-	L	P	196
g1_UeauSnwePwSPKkBJQxg_yYLnHF7vbaQGNC5L2XdjieA	s1_WVg7aYYLIrw6_-2mI3jQ-DPcLO4gX2sPEEqWQb0DGQA	1umxLr	python-cnn-puct-reval30k-v0.1.0	sha256:eb2600a53e225a835455efdb2759c40e27c5cb3c16ab0688bc21b99290ed10ee	python-cnn-puct-reval30k-v0.1.0	sha256:eb2600a53e225a835455efdb2759c40e27c5cb3c16ab0688bc21b99290ed10ee	L	P	196
g1_Ueiq2N0WHgohgZiTbXIcl7jXh5hctU-cFDmtaDX4OXU	s1_8UBnR2rfcUOyfRlFmLrs2NvYfPU1JkH-Hmny0lKgeBM	1un7MP	cnn-reval30k-7x7	sha256:7439239ff343dcc422cb918560b1b72433f2e13628580427343a446f349c6f5a	qadv-arbiter-guided-7x7-v0.2.0	sha256:9c0e5e530df7db77a98f6a2e75fe63a6f629c6ad6563e0b5454793ebc243b14d	L	P	196
g1_Ueiq2N0WHgohgZiTbXIcl7jXh5hctU-cFDmtaDX4OXU	s1_M7Cp-2zjeVZHeX1FsiZYUNK0aW_iFfTl3UHOtwPmOp8	1un7MP	cnn-reval30k-7x7	sha256:7439239ff343dcc422cb918560b1b72433f2e13628580427343a446f349c6f5a	qadv-arbiter-guided-7x7-v0.2.0	sha256:9c0e5e530df7db77a98f6a2e75fe63a6f629c6ad6563e0b5454793ebc243b14d	L	P	196
g1_Ueiq2N0WHgohgZiTbXIcl7jXh5hctU-cFDmtaDX4OXU	s1_O3cuwuia8XT9TI7Nxr3tRcajOA20XFHEIT2fYX3WizY	1un7MP	cnn-reval30k-7x7	sha256:7439239ff343dcc422cb918560b1b72433f2e13628580427343a446f349c6f5a	qadv-arbiter-guided-7x7-v0.2.0	sha256:9c0e5e530df7db77a98f6a2e75fe63a6f629c6ad6563e0b5454793ebc243b14d	L	P	196
g1_Ueiq2N0WHgohgZiTbXIcl7jXh5hctU-cFDmtaDX4OXU	s1_PaYIJI1Mc5m5nesIKqVUFGpeOr4xHJQX7sHfjidCXI4	1un7MP	cnn-reval30k-7x7	sha256:7439239ff343dcc422cb918560b1b72433f2e13628580427343a446f349c6f5a	qadv-arbiter-guided-7x7-v0.2.0	sha256:9c0e5e530df7db77a98f6a2e75fe63a6f629c6ad6563e0b5454793ebc243b14d	L	P	196
g1_UeluFqtPpTtPK6w6PmtTDe34hOZ0jZYvwE9OhHtwhEU	s1_7FIu85-v_e-kbNsQ2UNk3yRt-KGcLyUjpmVwIc9cnfM	1umwJB	python-gnn-puct-scout-v0.1.0	sha256:b9f80706cc1f29076ee06fe06483697c749148a808c599579045d00a52573938	python-gnn-puct-scout-v0.1.0	sha256:b9f80706cc1f29076ee06fe06483697c749148a808c599579045d00a52573938	D	P	196
g1_UeluFqtPpTtPK6w6PmtTDe34hOZ0jZYvwE9OhHtwhEU	s1_S8AGNBNcWBvWiwIo-AOAHPoHuZo2XvcsYvhgQxGTkrY	1umwJB	python-gnn-puct-scout-v0.1.0	sha256:b9f80706cc1f29076ee06fe06483697c749148a808c599579045d00a52573938	python-gnn-puct-scout-v0.1.0	sha256:b9f80706cc1f29076ee06fe06483697c749148a808c599579045d00a52573938	D	P	196
g1_UepZQ-Mz2Qkp_fD9Ri9H8oAk90NYDtQqoQ20bFFy9Sk	s1_RauLaTi4eVgYHSp2TV9pqs9uzTVv0B10g9TaHMWpcZ4	1unN23	qadv-arbiter-7x7-rust-lambda-v0.1.0	-	qadv-arbiter-7x7-rust-lambda-v0.1.0	-	D	P	-
g1_UepZQ-Mz2Qkp_fD9Ri9H8oAk90NYDtQqoQ20bFFy9Sk	s1_nIySGbMDgHjpqyhX1fqCN-7_UvQKgxl9CN2LOjMzyZ0	1unN23	qadv-arbiter-7x7-rust-lambda-v0.1.0	-	qadv-arbiter-7x7-rust-lambda-v0.1.0	-	D	P	196
g1_UepZQ-Mz2Qkp_fD9Ri9H8oAk90NYDtQqoQ20bFFy9Sk	s1_o6gQovsuuuzsKmvm3ZUPMC_vwUIjDLx2wt7Qml2kTiQ	1unN23	qadv-arbiter-7x7-rust-lambda-v0.1.0	-	qadv-arbiter-7x7-rust-lambda-v0.1.0	-	D	P	196
g1_UepZQ-Mz2Qkp_fD9Ri9H8oAk90NYDtQqoQ20bFFy9Sk	s1_vwfJkyiboNm_3QWs_roPWl6Vs-zGdzit4-UrB64vwsU	1unN23	qadv-arbiter-7x7-rust-lambda-v0.1.0	-	qadv-arbiter-7x7-rust-lambda-v0.1.0	-	D	P	196
g1_UesvvvHzVg-dI55unDW0J4_vmNNlejjyoq6W8A07IX0	s1_2FtaP75xgRVTNrUvmC0NIesJCNy8IDFJ05WNM4nUnpg	1unQft	pathfinder-v0.3.0	-	qadv-arbiter-7x7-v0.1.0	-	L	P	196
g1_UesvvvHzVg-dI55unDW0J4_vmNNlejjyoq6W8A07IX0	s1_RauLaTi4eVgYHSp2TV9pqs9uzTVv0B10g9TaHMWpcZ4	1unQft	pathfinder-v0.3.0	-	qadv-arbiter-7x7-v0.1.0	-	L	P	-
g1_UesvvvHzVg-dI55unDW0J4_vmNNlejjyoq6W8A07IX0	s1_aZfPBIxgJ5uYN7e0_FDKRHW6TqkrhOWX8tT7d1b945k	1unQft	pathfinder-v0.3.0	-	qadv-arbiter-7x7-v0.1.0	-	L	P	196
g1_UesvvvHzVg-dI55unDW0J4_vmNNlejjyoq6W8A07IX0	s1_bsHuYC_woURym2sQMo6bKi6sJFBfO_GOmLOL7dZ1iXo	1unQft	pathfinder-v0.3.0	-	qadv-arbiter-7x7-v0.1.0	-	L	P	196
g1_Uey8Wz3Y2W6L7QdhuZBfkXcwc7f4jjCkP18mTupemjs	s1_flXyOBW6T9LLVDFIvXBGel1MoVNZcUcMFIJnB9yLapU	1umxAf	python-gnn-puct-reval30k-v0.1.0	sha256:6120be86fc469df71473c3de64e5e32f99694cd47d621fa5948f243dc51d3d21	python-gnn-puct-reval30k-v0.1.0	sha256:6120be86fc469df71473c3de64e5e32f99694cd47d621fa5948f243dc51d3d21	L	P	196
g1_Uf3Ip6hfecYpQOMcuXxFDg8Hh5Yuww8DSJSDSp7fjv0	s1_RauLaTi4eVgYHSp2TV9pqs9uzTVv0B10g9TaHMWpcZ4	1unOMz	qadv-arbiter-7x7-rust-lambda-v0.1.0	-	qadv-arbiter-7x7-rust-lambda-v0.1.0	-	D	P	-
g1_Uf3Ip6hfecYpQOMcuXxFDg8Hh5Yuww8DSJSDSp7fjv0	s1__AJNPsVAkWqaOl7fByFFmjUnQ--vcK7iZVxspuFVfIU	1unOMz	qadv-arbiter-7x7-rust-lambda-v0.1.0	-	qadv-arbiter-7x7-rust-lambda-v0.1.0	-	D	P	196
g1_Uf3Ip6hfecYpQOMcuXxFDg8Hh5Yuww8DSJSDSp7fjv0	s1_qzP_RjMO7wZPgB_voThcEq8fcYjtwPdRMleV2aNvTUM	1unOMz	qadv-arbiter-7x7-rust-lambda-v0.1.0	-	qadv-arbiter-7x7-rust-lambda-v0.1.0	-	D	P	196
g1_Uf3Ip6hfecYpQOMcuXxFDg8Hh5Yuww8DSJSDSp7fjv0	s1_rWCvGltVapM_-lve-yz-FO7ukwAVnUUIP8yw92NNeLs	1unOMz	qadv-arbiter-7x7-rust-lambda-v0.1.0	-	qadv-arbiter-7x7-rust-lambda-v0.1.0	-	D	P	196
g1_UfO33Ou6cnQ6oVQbZl_0HMf4KxxcemtknZJmXRGT73o	s1_AoJzX3d5XWhlV2QtfsHVIVfq95SPDKUlIZtW350KEnI	1unMho	qadv-arbiter-7x7-rust-lambda-v0.1.0	-	qadv-arbiter-7x7-rust-lambda-v0.1.0	-	L	P	196
g1_UfO33Ou6cnQ6oVQbZl_0HMf4KxxcemtknZJmXRGT73o	s1_CH_aEs4Ajkieb9fhZpy5wf96IHu1r8nu0RQM-OnOF60	1unMho	qadv-arbiter-7x7-rust-lambda-v0.1.0	-	qadv-arbiter-7x7-rust-lambda-v0.1.0	-	L	P	196
g1_UfO33Ou6cnQ6oVQbZl_0HMf4KxxcemtknZJmXRGT73o	s1_RauLaTi4eVgYHSp2TV9pqs9uzTVv0B10g9TaHMWpcZ4	1unMho	qadv-arbiter-7x7-rust-lambda-v0.1.0	-	qadv-arbiter-7x7-rust-lambda-v0.1.0	-	L	P	-
g1_UfO33Ou6cnQ6oVQbZl_0HMf4KxxcemtknZJmXRGT73o	s1_Zn7v9HKpVL3W51x2Avns-ZlNE3_fJ9ydFMSBCDVg-Hw	1unMho	qadv-arbiter-7x7-rust-lambda-v0.1.0	-	qadv-arbiter-7x7-rust-lambda-v0.1.0	-	L	P	196
g1_UfSaYaTAQOoGsEm9PfIbgOVS5SYJ1ZNpGtBd521qtC4	s1_JAfFU9_Veth8d44MeRKK1C3rMPtYAYGm-ZkpqIB9ozg	1unMaL	qadv-arbiter-7x7-rust-lambda-v0.1.0	-	qadv-arbiter-7x7-rust-lambda-v0.1.0	-	D	P	196
g1_UfSaYaTAQOoGsEm9PfIbgOVS5SYJ1ZNpGtBd521qtC4	s1_RauLaTi4eVgYHSp2TV9pqs9uzTVv0B10g9TaHMWpcZ4	1unMaL	qadv-arbiter-7x7-rust-lambda-v0.1.0	-	qadv-arbiter-7x7-rust-lambda-v0.1.0	-	D	P	-
g1_UfSaYaTAQOoGsEm9PfIbgOVS5SYJ1ZNpGtBd521qtC4	s1_YkVkB1xnxNqz8RraHfF77A9BY4nphHQeGHDsllmuRMU	1unMaL	qadv-arbiter-7x7-rust-lambda-v0.1.0	-	qadv-arbiter-7x7-rust-lambda-v0.1.0	-	D	P	196
g1_UfSaYaTAQOoGsEm9PfIbgOVS5SYJ1ZNpGtBd521qtC4	s1_dhl6huxJrCzlU7kDNdd0pzVbtIzvVhNRpb_3ITLWakI	1unMaL	qadv-arbiter-7x7-rust-lambda-v0.1.0	-	qadv-arbiter-7x7-rust-lambda-v0.1.0	-	D	P	196
g1_UfTKSQEpJRt7Sog69SrDyLtu6Mx5CBlaUOMTiwid6dY	s1_9WPrsYBQFZznD7d0815BQlY-5rtMVDRLp_lhe2ItIyo	1unPy9	qadv-arbiter-7x7-rust-lambda-v0.1.0	-	qadv-arbiter-7x7-rust-lambda-v0.1.0	-	D	P	196
g1_UfTKSQEpJRt7Sog69SrDyLtu6Mx5CBlaUOMTiwid6dY	s1_O5gDt3KHPwxdKCnIRHiKpeukJzqiVBj_gTB2c3D3t6w	1unPy9	qadv-arbiter-7x7-rust-lambda-v0.1.0	-	qadv-arbiter-7x7-rust-lambda-v0.1.0	-	D	P	196
g1_UfTKSQEpJRt7Sog69SrDyLtu6Mx5CBlaUOMTiwid6dY	s1_RauLaTi4eVgYHSp2TV9pqs9uzTVv0B10g9TaHMWpcZ4	1unPy9	qadv-arbiter-7x7-rust-lambda-v0.1.0	-	qadv-arbiter-7x7-rust-lambda-v0.1.0	-	D	P	-
g1_UfTKSQEpJRt7Sog69SrDyLtu6Mx5CBlaUOMTiwid6dY	s1_wpQBNhchmfxRPDQ_tqw4wEreYMRz3pCd2VeCBo45myA	1unPy9	qadv-arbiter-7x7-rust-lambda-v0.1.0	-	qadv-arbiter-7x7-rust-lambda-v0.1.0	-	D	P	196
g1_UfTlJPIrnn_Faaldxj11LxtHBcaSBrmWxuXMHEL7L_4	s1_MHOG-KllM7VylcB1evIMeKs40lL0PsMWShOPYC9hTaU	1unP2h	qadv-arbiter-7x7-rust-lambda-v0.1.0	-	qadv-arbiter-7x7-rust-lambda-v0.1.0	-	L	P	196
g1_UfTlJPIrnn_Faaldxj11LxtHBcaSBrmWxuXMHEL7L_4	s1_RauLaTi4eVgYHSp2TV9pqs9uzTVv0B10g9TaHMWpcZ4	1unP2h	qadv-arbiter-7x7-rust-lambda-v0.1.0	-	qadv-arbiter-7x7-rust-lambda-v0.1.0	-	L	P	-
g1_UfTlJPIrnn_Faaldxj11LxtHBcaSBrmWxuXMHEL7L_4	s1_Zra3wHb2J0e9BEI0Yxxpdv7gJenO6Y9MmldK6oDQrhY	1unP2h	qadv-arbiter-7x7-rust-lambda-v0.1.0	-	qadv-arbiter-7x7-rust-lambda-v0.1.0	-	L	P	196
g1_UfTlJPIrnn_Faaldxj11LxtHBcaSBrmWxuXMHEL7L_4	s1_jhYHkhWE2CiwGZXKTKDUQSpf0Kxpor6jLecy_IvmbeA	1unP2h	qadv-arbiter-7x7-rust-lambda-v0.1.0	-	qadv-arbiter-7x7-rust-lambda-v0.1.0	-	L	P	196
g1_Uf_xg96v5A5GwYM4FbGzFmteFoGT_d47B37ERasxfzI	s1_2FtaP75xgRVTNrUvmC0NIesJCNy8IDFJ05WNM4nUnpg	1unR6-	qadv-arbiter-7x7-v0.1.0	-	coin-flip-v0.0.1	-	L	P	196
g1_Uf_xg96v5A5GwYM4FbGzFmteFoGT_d47B37ERasxfzI	s1_BUddImb6Uv-MwjPq3U-xIkub_IP58mibTCqT95rS1YI	1unR6-	qadv-arbiter-7x7-v0.1.0	-	coin-flip-v0.0.1	-	L	P	196
g1_Uf_xg96v5A5GwYM4FbGzFmteFoGT_d47B37ERasxfzI	s1_RauLaTi4eVgYHSp2TV9pqs9uzTVv0B10g9TaHMWpcZ4	1unR6-	qadv-arbiter-7x7-v0.1.0	-	coin-flip-v0.0.1	-	L	P	-
g1_Uf_xg96v5A5GwYM4FbGzFmteFoGT_d47B37ERasxfzI	s1_sR64anviwhGFVWW2TH5Y1mr_4MhbcjApaGqQQoJpj_4	1unR6-	qadv-arbiter-7x7-v0.1.0	-	coin-flip-v0.0.1	-	L	P	196
g1_Uf_xg96v5A5GwYM4FbGzFmteFoGT_d47B37ERasxfzI	s1_vu7cxIV-BFqn85nMDfeLAMNTjblSQ4AYV4UEUbdg-s4	1unR6-	qadv-arbiter-7x7-v0.1.0	-	coin-flip-v0.0.1	-	L	P	196
g1_UfuD77uAdAuTSCk88yqrgXfl_zd3GvSy-sPVhg0K_es	s1_2FtaP75xgRVTNrUvmC0NIesJCNy8IDFJ05WNM4nUnpg	1unR2l	lunatic-v0.1.0	-	qadv-arbiter-7x7-v0.1.0	-	L	P	196
g1_UfuD77uAdAuTSCk88yqrgXfl_zd3GvSy-sPVhg0K_es	s1_RauLaTi4eVgYHSp2TV9pqs9uzTVv0B10g9TaHMWpcZ4	1unR2l	lunatic-v0.1.0	-	qadv-arbiter-7x7-v0.1.0	-	L	P	-
g1_UfuD77uAdAuTSCk88yqrgXfl_zd3GvSy-sPVhg0K_es	s1_bmdCMuh-5JHAASpgMqgEE31YeVcAjTzYP_d1pNYQVzg	1unR2l	lunatic-v0.1.0	-	qadv-arbiter-7x7-v0.1.0	-	L	P	196
g1_UfuD77uAdAuTSCk88yqrgXfl_zd3GvSy-sPVhg0K_es	s1_jkoE1AydTokODgBZZiGqT1s8KGpaBss7VktCykndM0Q	1unR2l	lunatic-v0.1.0	-	qadv-arbiter-7x7-v0.1.0	-	L	P	196
g1_UfyY3Nsytf5xoXpfiCw0nTtlYClrBd_Ub4MQcFlocsE	s1_-rwNBXBoi9JYNByQORf5bUbLURrUOrCOqCgGBngYCLs	1unOPU	qadv-arbiter-7x7-rust-lambda-v0.1.0	-	qadv-arbiter-7x7-rust-lambda-v0.1.0	-	D	P	196
g1_UfyY3Nsytf5xoXpfiCw0nTtlYClrBd_Ub4MQcFlocsE	s1_7ADcHPPeWa8OoLIywjDemNIlODGHRCReKkM-2SIoieg	1unOPU	qadv-arbiter-7x7-rust-lambda-v0.1.0	-	qadv-arbiter-7x7-rust-lambda-v0.1.0	-	D	P	196
g1_UfyY3Nsytf5xoXpfiCw0nTtlYClrBd_Ub4MQcFlocsE	s1_RauLaTi4eVgYHSp2TV9pqs9uzTVv0B10g9TaHMWpcZ4	1unOPU	qadv-arbiter-7x7-rust-lambda-v0.1.0	-	qadv-arbiter-7x7-rust-lambda-v0.1.0	-	D	P	-
g1_UfyY3Nsytf5xoXpfiCw0nTtlYClrBd_Ub4MQcFlocsE	s1__nOEYobISUr_NUPLb64N9WLA-uCMjJlN1yll-MZdnCE	1unOPU	qadv-arbiter-7x7-rust-lambda-v0.1.0	-	qadv-arbiter-7x7-rust-lambda-v0.1.0	-	D	P	196
g1_Ug0KBMn02j-3o2K54-njvSJ-6lICicmt0Wbk9rpz4CA	s1_-J3Of29oQjlUHwG33AxMYeyNfWtVUudC8Ko6fBrvpLI	1unNaV	qadv-arbiter-7x7-rust-lambda-v0.1.0	-	qadv-arbiter-7x7-rust-lambda-v0.1.0	-	D	P	196
g1_Ug0KBMn02j-3o2K54-njvSJ-6lICicmt0Wbk9rpz4CA	s1_77E2L63cVOjEzCp-ptVNusLAILbZdGwI0gblI0xtZNU	1unNaV	qadv-arbiter-7x7-rust-lambda-v0.1.0	-	qadv-arbiter-7x7-rust-lambda-v0.1.0	-	D	P	196
g1_Ug0KBMn02j-3o2K54-njvSJ-6lICicmt0Wbk9rpz4CA	s1_MwEpjVyCeXF3W0GT-vIhKvXtX9DTclkkoHWkll8abdg	1unNaV	qadv-arbiter-7x7-rust-lambda-v0.1.0	-	qadv-arbiter-7x7-rust-lambda-v0.1.0	-	D	P	196
g1_Ug0KBMn02j-3o2K54-njvSJ-6lICicmt0Wbk9rpz4CA	s1_RauLaTi4eVgYHSp2TV9pqs9uzTVv0B10g9TaHMWpcZ4	1unNaV	qadv-arbiter-7x7-rust-lambda-v0.1.0	-	qadv-arbiter-7x7-rust-lambda-v0.1.0	-	D	P	-
g1_Ug55Tg0NgXDhVA84umZGY3eOIxl68sJc598VxeNJbEM	s1_2ZdEwCOlRMkrZGSLodOjdCYQOpILmyJialZjxXusr5s	1unPbC	qadv-arbiter-7x7-rust-lambda-v0.1.0	-	qadv-arbiter-7x7-rust-lambda-v0.1.0	-	L	P	196
g1_Ug55Tg0NgXDhVA84umZGY3eOIxl68sJc598VxeNJbEM	s1_RauLaTi4eVgYHSp2TV9pqs9uzTVv0B10g9TaHMWpcZ4	1unPbC	qadv-arbiter-7x7-rust-lambda-v0.1.0	-	qadv-arbiter-7x7-rust-lambda-v0.1.0	-	L	P	-
g1_Ug55Tg0NgXDhVA84umZGY3eOIxl68sJc598VxeNJbEM	s1_cH8XQ1nlcJ7XWG6-1FHxePFPPfUyhhDu7WYBt1KDyYU	1unPbC	qadv-arbiter-7x7-rust-lambda-v0.1.0	-	qadv-arbiter-7x7-rust-lambda-v0.1.0	-	L	P	196
g1_Ug55Tg0NgXDhVA84umZGY3eOIxl68sJc598VxeNJbEM	s1_lPSLRC7SzwzImUkwe9QjeRkdu9OeHdQQ25GzYJNExi4	1unPbC	qadv-arbiter-7x7-rust-lambda-v0.1.0	-	qadv-arbiter-7x7-rust-lambda-v0.1.0	-	L	P	196
g1_Ug6HLUY7iYJssu4ZBvz9D5yl73To2HaZPns1SJShutc	s1_1av6nXQkq-GSHXfjkVlGHGpAq8F9UbW4JwZmyFA-vww	1F_bb	coin-flip-v0.0.1	-	surveyor-v0.2.0	-	D	P	196
g1_Ug6HLUY7iYJssu4ZBvz9D5yl73To2HaZPns1SJShutc	s1_ey0X9h1GlZ80KZNtd0_1PnIwLX-7eb1fQjiCa9wrhUM	1F_bb	coin-flip-v0.0.1	-	surveyor-v0.2.0	-	D	P	196
g1_Ug6HLUY7iYJssu4ZBvz9D5yl73To2HaZPns1SJShutc	s1_mWPTef6xYbijjPhDIC6QgLRmu2mMSJAokNlIkx3vg54	1F_bb	coin-flip-v0.0.1	-	surveyor-v0.2.0	-	D	P	196
g1_Ug6Q8aMnXJvnVuto0r5J0RNSUxCNPEClEDO6vADAAkw	s1_Kwdls4LV9ADSKVqtKEcT781NdQ-I3ORRy1hikMJoFcs	1unNgC	qadv-arbiter-7x7-rust-lambda-v0.1.0	-	qadv-arbiter-7x7-rust-lambda-v0.1.0	-	L	P	196
g1_Ug6Q8aMnXJvnVuto0r5J0RNSUxCNPEClEDO6vADAAkw	s1_RauLaTi4eVgYHSp2TV9pqs9uzTVv0B10g9TaHMWpcZ4	1unNgC	qadv-arbiter-7x7-rust-lambda-v0.1.0	-	qadv-arbiter-7x7-rust-lambda-v0.1.0	-	L	P	-
g1_Ug6Q8aMnXJvnVuto0r5J0RNSUxCNPEClEDO6vADAAkw	s1_b_EUWU3HC6dYr-q6pcng8vLM7HpQszd-bVMBcqD3mVw	1unNgC	qadv-arbiter-7x7-rust-lambda-v0.1.0	-	qadv-arbiter-7x7-rust-lambda-v0.1.0	-	L	P	196
g1_Ug6Q8aMnXJvnVuto0r5J0RNSUxCNPEClEDO6vADAAkw	s1_gZq84s3OmLsmfCWX9ZVmvTZLuNviwQQadgiF7g5ndd8	1unNgC	qadv-arbiter-7x7-rust-lambda-v0.1.0	-	qadv-arbiter-7x7-rust-lambda-v0.1.0	-	L	P	196
g1_UgENxGAAd2dx2CBRUrBtGN0BSKNjrglssPfFGkzHKa4	s1_1LB6NAgPOeCp4r8rQw4kUOIXWpEdWysFm5RZjWCQSgc	1umwdE	python-gnn-puct-learner-v0.1.0	sha256:ab0f739cd33d66781faf60e27797c5ccba3c04ba684f8d9e32e9c2754f4e8956	python-gnn-puct-learner-v0.1.0	sha256:ab0f739cd33d66781faf60e27797c5ccba3c04ba684f8d9e32e9c2754f4e8956	L	P	196
g1_UgENxGAAd2dx2CBRUrBtGN0BSKNjrglssPfFGkzHKa4	s1_P4NHYhwuVnEA-dG2X-UVeVotb84A5mwljbYTlTMqr8w	1umwdE	python-gnn-puct-learner-v0.1.0	sha256:ab0f739cd33d66781faf60e27797c5ccba3c04ba684f8d9e32e9c2754f4e8956	python-gnn-puct-learner-v0.1.0	sha256:ab0f739cd33d66781faf60e27797c5ccba3c04ba684f8d9e32e9c2754f4e8956	L	P	196
g1_UgGjFV23GevbQkyVaVp1I5Olb4lJNiA2dNuz0V0uhoI	s1_2REu5Lejnzl2T61_QlvaMCKdlQBrZWRDqYhSPKJLbhs	1unPPd	qadv-arbiter-7x7-rust-lambda-v0.1.0	-	qadv-arbiter-7x7-rust-lambda-v0.1.0	-	L	P	196
g1_UgGjFV23GevbQkyVaVp1I5Olb4lJNiA2dNuz0V0uhoI	s1_7azIHLAi3rcaGHEBuk8IalPHH_3wplUpzPD8S1TN5GY	1unPPd	qadv-arbiter-7x7-rust-lambda-v0.1.0	-	qadv-arbiter-7x7-rust-lambda-v0.1.0	-	L	P	196
g1_UgGjFV23GevbQkyVaVp1I5Olb4lJNiA2dNuz0V0uhoI	s1_RauLaTi4eVgYHSp2TV9pqs9uzTVv0B10g9TaHMWpcZ4	1unPPd	qadv-arbiter-7x7-rust-lambda-v0.1.0	-	qadv-arbiter-7x7-rust-lambda-v0.1.0	-	L	P	-
g1_UgGjFV23GevbQkyVaVp1I5Olb4lJNiA2dNuz0V0uhoI	s1_cdjeBNq7RI9bTOCpoBofVE6XFgVv-j-QJ34nHswKgps	1unPPd	qadv-arbiter-7x7-rust-lambda-v0.1.0	-	qadv-arbiter-7x7-rust-lambda-v0.1.0	-	L	P	196
g1_UgJz0VRmsG3izjJQ6IbRlj8ECeNfTDKkxzLn1Y7YFrk	s1_PgzOZmqXBaWr6rrVkvP5oUMs9KVISPVqH6kKOsVOvLs	1unNbf	qadv-arbiter-7x7-rust-lambda-v0.1.0	-	qadv-arbiter-7x7-rust-lambda-v0.1.0	-	L	P	196
g1_UgJz0VRmsG3izjJQ6IbRlj8ECeNfTDKkxzLn1Y7YFrk	s1_RauLaTi4eVgYHSp2TV9pqs9uzTVv0B10g9TaHMWpcZ4	1unNbf	qadv-arbiter-7x7-rust-lambda-v0.1.0	-	qadv-arbiter-7x7-rust-lambda-v0.1.0	-	L	P	-
g1_UgJz0VRmsG3izjJQ6IbRlj8ECeNfTDKkxzLn1Y7YFrk	s1_cNtMR0jgbrje-YQTRhgS4hkPfRmSC4lhPzsh7yAZp7E	1unNbf	qadv-arbiter-7x7-rust-lambda-v0.1.0	-	qadv-arbiter-7x7-rust-lambda-v0.1.0	-	L	P	196
g1_UgJz0VRmsG3izjJQ6IbRlj8ECeNfTDKkxzLn1Y7YFrk	s1_j7QR5oYABE4zDQK-86Qt5UIBZ_wLaMcumpht1YYM16I	1unNbf	qadv-arbiter-7x7-rust-lambda-v0.1.0	-	qadv-arbiter-7x7-rust-lambda-v0.1.0	-	L	P	196
g1_UgM27iNyaBl1A8w6pw69hzqGDWl521GCrFWIkmuLRCc	s1_I43G5iBvRGwMEGuOoAPxXTWfmCgQmC9SxzT8_McF9pI	1unPpb	qadv-arbiter-7x7-rust-lambda-v0.1.0	-	qadv-arbiter-7x7-rust-lambda-v0.1.0	-	L	P	196
g1_UgM27iNyaBl1A8w6pw69hzqGDWl521GCrFWIkmuLRCc	s1_RauLaTi4eVgYHSp2TV9pqs9uzTVv0B10g9TaHMWpcZ4	1unPpb	qadv-arbiter-7x7-rust-lambda-v0.1.0	-	qadv-arbiter-7x7-rust-lambda-v0.1.0	-	L	P	-
g1_UgM27iNyaBl1A8w6pw69hzqGDWl521GCrFWIkmuLRCc	s1_XQfXFeSaUhDopUEw1qTvJC-tm5Y8ULEe6MSCIzk-uCE	1unPpb	qadv-arbiter-7x7-rust-lambda-v0.1.0	-	qadv-arbiter-7x7-rust-lambda-v0.1.0	-	L	P	196
g1_UgM27iNyaBl1A8w6pw69hzqGDWl521GCrFWIkmuLRCc	s1_wUlIiVQWIBn_bfWutx3pP_Lfek3Xctdigvhcs1zkJZc	1unPpb	qadv-arbiter-7x7-rust-lambda-v0.1.0	-	qadv-arbiter-7x7-rust-lambda-v0.1.0	-	L	P	196
g1_UgMU3JuB-9P4YC-gw4crrOv-cONWap2ZfjsORjXaCMQ	s1_GLW-E0PYcDYXElF_Ibv-XKtzXdYKCySMz7s8bVR3r9o	1un5O-	qadv-arbiter-guided-7x7-v0.2.0	sha256:9c0e5e530df7db77a98f6a2e75fe63a6f629c6ad6563e0b5454793ebc243b14d	surveyor-v0.2.0	-	D	P	196
g1_UgMU3JuB-9P4YC-gw4crrOv-cONWap2ZfjsORjXaCMQ	s1_O3cuwuia8XT9TI7Nxr3tRcajOA20XFHEIT2fYX3WizY	1un59C	qadv-arbiter-guided-7x7-v0.2.0	sha256:9c0e5e530df7db77a98f6a2e75fe63a6f629c6ad6563e0b5454793ebc243b14d	surveyor-v0.2.0	-	D	P	196
g1_UgMU3JuB-9P4YC-gw4crrOv-cONWap2ZfjsORjXaCMQ	s1_ROUz_g0kquKNGB878B9BMwA5nL4cZcvmffEeoUgiR_k	1un59C	qadv-arbiter-guided-7x7-v0.2.0	sha256:9c0e5e530df7db77a98f6a2e75fe63a6f629c6ad6563e0b5454793ebc243b14d	surveyor-v0.2.0	-	D	P	196
g1_UgMU3JuB-9P4YC-gw4crrOv-cONWap2ZfjsORjXaCMQ	s1_TNJsSJjRaHDJ2Q7UUQmoz_QE1P-V3BTy5CQvqN4z6Bw	1un59C	qadv-arbiter-guided-7x7-v0.2.0	sha256:9c0e5e530df7db77a98f6a2e75fe63a6f629c6ad6563e0b5454793ebc243b14d	surveyor-v0.2.0	-	D	P	196
g1_UgMU3JuB-9P4YC-gw4crrOv-cONWap2ZfjsORjXaCMQ	s1_g6m_F25QA1x_rKWVwpeYFV6S7hZZaTfg60yuJczFcDc	1un5O-	qadv-arbiter-guided-7x7-v0.2.0	sha256:9c0e5e530df7db77a98f6a2e75fe63a6f629c6ad6563e0b5454793ebc243b14d	surveyor-v0.2.0	-	D	P	196
g1_UgPAuS3zpU3QG9tbbOdg73gmI5UIbS3O2tDW03DLb2Y	s1_1av6nXQkq-GSHXfjkVlGHGpAq8F9UbW4JwZmyFA-vww	1DIh-	rust-pathfinder-v0.1.0	-	lunatic-v0.1.0	-	L	P	-
g1_UgPAuS3zpU3QG9tbbOdg73gmI5UIbS3O2tDW03DLb2Y	s1_9Eroywf7tuDrn-hcfZPjlEa1DSRUykCRn9Z11u8ySIo	1DIh-	rust-pathfinder-v0.1.0	-	lunatic-v0.1.0	-	L	P	-
g1_UgPAuS3zpU3QG9tbbOdg73gmI5UIbS3O2tDW03DLb2Y	s1_Brk0hkuJoH-MBjdd53AO5tlWcOgDWV_R0PO74fHGd_0	1DIh-	rust-pathfinder-v0.1.0	-	lunatic-v0.1.0	-	L	P	-
g1_UgPAuS3zpU3QG9tbbOdg73gmI5UIbS3O2tDW03DLb2Y	s1_KmF8KhDbubz6lwdS8R_n_yTGdSONmH9B1wUABbyCj94	1DIh-	rust-pathfinder-v0.1.0	-	lunatic-v0.1.0	-	L	P	-
g1_UgPAuS3zpU3QG9tbbOdg73gmI5UIbS3O2tDW03DLb2Y	s1_MKrI0a3Qd48rU7oZj28GrlQ3cHhIbUzS5ibiIW9aKy4	1DIh-	rust-pathfinder-v0.1.0	-	lunatic-v0.1.0	-	L	P	-
g1_UgPAuS3zpU3QG9tbbOdg73gmI5UIbS3O2tDW03DLb2Y	s1_XloMUS0hxYEXf762lcPfaudsLmsH-CsOVZNVVU_obcA	1DIh-	rust-pathfinder-v0.1.0	-	lunatic-v0.1.0	-	L	P	-
g1_UgPAuS3zpU3QG9tbbOdg73gmI5UIbS3O2tDW03DLb2Y	s1_g5pGkHBMEhzAYvwFY0b24sSc7wC9JfnWApMHHZ_aMPI	1DIh-	rust-pathfinder-v0.1.0	-	lunatic-v0.1.0	-	L	P	-
g1_UgfS7xqzg7ZqZb_vpHxiwkcY7bGjRMQE7wDHoQbJD08	s1_qtlitMa-GGx-0y2heoyNRonYXf1Dq5epTexnVe9Iqtw	1umxd5	python-gnn-puct-learner-v0.1.0	sha256:ab0f739cd33d66781faf60e27797c5ccba3c04ba684f8d9e32e9c2754f4e8956	python-gnn-puct-learner-v0.1.0	sha256:ab0f739cd33d66781faf60e27797c5ccba3c04ba684f8d9e32e9c2754f4e8956	L	P	196
g1_UgwsjhP-5f983Tw5DapPbJGCFhpJJ_-x9pv2Un7kJAY	s1_1av6nXQkq-GSHXfjkVlGHGpAq8F9UbW4JwZmyFA-vww	1umvTj	gnn-scout-7x7	sha256:7d34820fd656875b3ac4a0142e8f22179d11b133feb3321d0eb735b2a7abd027	lunatic-v0.1.0	-	D	P	196
g1_UgwsjhP-5f983Tw5DapPbJGCFhpJJ_-x9pv2Un7kJAY	s1_Brk0hkuJoH-MBjdd53AO5tlWcOgDWV_R0PO74fHGd_0	1umvTj	gnn-scout-7x7	sha256:7d34820fd656875b3ac4a0142e8f22179d11b133feb3321d0eb735b2a7abd027	lunatic-v0.1.0	-	D	P	196
g1_UgwsjhP-5f983Tw5DapPbJGCFhpJJ_-x9pv2Un7kJAY	s1_dcEgf_s_8JfAgzbYFm9Z15BWrFU6bsc6MzE1gZNvlP4	1umvTj	gnn-scout-7x7	sha256:7d34820fd656875b3ac4a0142e8f22179d11b133feb3321d0eb735b2a7abd027	lunatic-v0.1.0	-	D	P	196
g1_Uh9_UTOabVN1OGwr4Z3dljH1RpSQtjkPhaZebECHE1g	s1_6xLg02JL1jyYycSXfOA1DL6i8SmHUvzTmqiCbSYkwXw	1unPIF	qadv-arbiter-7x7-rust-lambda-v0.1.0	-	qadv-arbiter-7x7-rust-lambda-v0.1.0	-	D	P	196
g1_Uh9_UTOabVN1OGwr4Z3dljH1RpSQtjkPhaZebECHE1g	s1_RauLaTi4eVgYHSp2TV9pqs9uzTVv0B10g9TaHMWpcZ4	1unPIF	qadv-arbiter-7x7-rust-lambda-v0.1.0	-	qadv-arbiter-7x7-rust-lambda-v0.1.0	-	D	P	-
g1_Uh9_UTOabVN1OGwr4Z3dljH1RpSQtjkPhaZebECHE1g	s1_eoDvEVcYIsyhlwpHURMgcMlrnMrSP-pJjqE-P_uoCSM	1unPIF	qadv-arbiter-7x7-rust-lambda-v0.1.0	-	qadv-arbiter-7x7-rust-lambda-v0.1.0	-	D	P	196
g1_Uh9_UTOabVN1OGwr4Z3dljH1RpSQtjkPhaZebECHE1g	s1_fYTiqWtXV1lk5oXzzFrngHpF7HyUS8Gs1qXR3NgUoLY	1unPIF	qadv-arbiter-7x7-rust-lambda-v0.1.0	-	qadv-arbiter-7x7-rust-lambda-v0.1.0	-	D	P	196
g1_UhLoEs6gxm4BzN5wgSlmxwFToiLQ7Q_tHxaWzvjCZVs	s1_2EsJtBcL1SsnOAkrHlli3oRITF1Y9l7wqCBbhziLMC8	1unNZ7	qadv-arbiter-7x7-rust-lambda-v0.1.0	-	qadv-arbiter-7x7-rust-lambda-v0.1.0	-	L	P	196
g1_UhLoEs6gxm4BzN5wgSlmxwFToiLQ7Q_tHxaWzvjCZVs	s1_RauLaTi4eVgYHSp2TV9pqs9uzTVv0B10g9TaHMWpcZ4	1unNZ7	qadv-arbiter-7x7-rust-lambda-v0.1.0	-	qadv-arbiter-7x7-rust-lambda-v0.1.0	-	L	P	-
g1_UhLoEs6gxm4BzN5wgSlmxwFToiLQ7Q_tHxaWzvjCZVs	s1_p4O5wUQsmvGk5pfVU6huAeGDBOV-r0Bm35HoqjkCYxM	1unNZ7	qadv-arbiter-7x7-rust-lambda-v0.1.0	-	qadv-arbiter-7x7-rust-lambda-v0.1.0	-	L	P	196
g1_UhLoEs6gxm4BzN5wgSlmxwFToiLQ7Q_tHxaWzvjCZVs	s1_xMjSuY_LOu0T-HuHRNr3o6i12ymxMYxG95n9O9QYcUM	1unNZ7	qadv-arbiter-7x7-rust-lambda-v0.1.0	-	qadv-arbiter-7x7-rust-lambda-v0.1.0	-	L	P	196
g1_UhgPOZZjPXd3gUl0hXdlm4XMm0UDe95SR6ThBgcusA0	s1__fmnSv6OnZklVvMPUjPdL6drtvfrJptRYX3nxZQO8jI	1umxmK	python-gnn-puct-scout-v0.1.0	sha256:b9f80706cc1f29076ee06fe06483697c749148a808c599579045d00a52573938	python-gnn-puct-scout-v0.1.0	sha256:b9f80706cc1f29076ee06fe06483697c749148a808c599579045d00a52573938	L	P	196
g1_Uhiuo5GUC5R3BR3Ympvi1Z_yNW5D6HWfiIQw_3gS_mk	s1_O3cuwuia8XT9TI7Nxr3tRcajOA20XFHEIT2fYX3WizY	1un58u	qadv-arbiter-guided-7x7-v0.2.0	sha256:9c0e5e530df7db77a98f6a2e75fe63a6f629c6ad6563e0b5454793ebc243b14d	surveyor-v0.2.0	-	D	P	196
g1_Uhiuo5GUC5R3BR3Ympvi1Z_yNW5D6HWfiIQw_3gS_mk	s1_ROUz_g0kquKNGB878B9BMwA5nL4cZcvmffEeoUgiR_k	1un58u	qadv-arbiter-guided-7x7-v0.2.0	sha256:9c0e5e530df7db77a98f6a2e75fe63a6f629c6ad6563e0b5454793ebc243b14d	surveyor-v0.2.0	-	D	P	196
g1_Uhiuo5GUC5R3BR3Ympvi1Z_yNW5D6HWfiIQw_3gS_mk	s1_TNJsSJjRaHDJ2Q7UUQmoz_QE1P-V3BTy5CQvqN4z6Bw	1un58u	qadv-arbiter-guided-7x7-v0.2.0	sha256:9c0e5e530df7db77a98f6a2e75fe63a6f629c6ad6563e0b5454793ebc243b14d	surveyor-v0.2.0	-	D	P	196
g1_UhlVSBStHmkQ-DPhQ_DqQFxc-hcPJHgGd_0HZkC_yDY	s1_Iv-fSM2UtsNzaD4gONaCC4uFUZFV7OmUaq2yDWHMOFI	1unMLW	qadv-arbiter-7x7-rust-lambda-v0.1.0	-	qadv-arbiter-7x7-rust-lambda-v0.1.0	-	D	P	196
g1_UhlVSBStHmkQ-DPhQ_DqQFxc-hcPJHgGd_0HZkC_yDY	s1_RauLaTi4eVgYHSp2TV9pqs9uzTVv0B10g9TaHMWpcZ4	1unMLW	qadv-arbiter-7x7-rust-lambda-v0.1.0	-	qadv-arbiter-7x7-rust-lambda-v0.1.0	-	D	P	-
g1_UhlVSBStHmkQ-DPhQ_DqQFxc-hcPJHgGd_0HZkC_yDY	s1_Ri_B96gFVRlESnbt3Gn2tJBQZqfAQGScKzjxMqn-aFs	1unMLW	qadv-arbiter-7x7-rust-lambda-v0.1.0	-	qadv-arbiter-7x7-rust-lambda-v0.1.0	-	D	P	196
g1_UhlVSBStHmkQ-DPhQ_DqQFxc-hcPJHgGd_0HZkC_yDY	s1_phDjv4WH5agZGGLZPVJs4wauLAqx4KxEOM9WV327DcU	1unMLW	qadv-arbiter-7x7-rust-lambda-v0.1.0	-	qadv-arbiter-7x7-rust-lambda-v0.1.0	-	D	P	196
g1_Ui03mytbWQ09RLEeE-APjqm_K96w9zR-xMWZp2PoaCc	s1_8jFkjjhxKs_3oOWLf-9ommQaAxBG6mEnGb0rDYU0-9c	1unPEE	qadv-arbiter-7x7-rust-lambda-v0.1.0	-	qadv-arbiter-7x7-rust-lambda-v0.1.0	-	D	P	196
g1_Ui03mytbWQ09RLEeE-APjqm_K96w9zR-xMWZp2PoaCc	s1_RauLaTi4eVgYHSp2TV9pqs9uzTVv0B10g9TaHMWpcZ4	1unPEE	qadv-arbiter-7x7-rust-lambda-v0.1.0	-	qadv-arbiter-7x7-rust-lambda-v0.1.0	-	D	P	-
g1_Ui03mytbWQ09RLEeE-APjqm_K96w9zR-xMWZp2PoaCc	s1_fmCdrgqAtxkWo_7b06ud1oeR60hLJIop6F63ek18QpY	1unPEE	qadv-arbiter-7x7-rust-lambda-v0.1.0	-	qadv-arbiter-7x7-rust-lambda-v0.1.0	-	D	P	196
g1_Ui03mytbWQ09RLEeE-APjqm_K96w9zR-xMWZp2PoaCc	s1_iBxZ0rHONgtIwFnZ4CpHx2Nzckp5s7CBww-CYYhljns	1unPEE	qadv-arbiter-7x7-rust-lambda-v0.1.0	-	qadv-arbiter-7x7-rust-lambda-v0.1.0	-	D	P	196
g1_UiG-kyagYPPHVoSXtnRlpkDMVl3ReRXzb2bGw0Pgy6Q	s1_1LB6NAgPOeCp4r8rQw4kUOIXWpEdWysFm5RZjWCQSgc	1umwbx	python-gnn-puct-learner-v0.1.0	sha256:ab0f739cd33d66781faf60e27797c5ccba3c04ba684f8d9e32e9c2754f4e8956	python-gnn-puct-learner-v0.1.0	sha256:ab0f739cd33d66781faf60e27797c5ccba3c04ba684f8d9e32e9c2754f4e8956	D	P	196
g1_UiG-kyagYPPHVoSXtnRlpkDMVl3ReRXzb2bGw0Pgy6Q	s1_P4NHYhwuVnEA-dG2X-UVeVotb84A5mwljbYTlTMqr8w	1umwbx	python-gnn-puct-learner-v0.1.0	sha256:ab0f739cd33d66781faf60e27797c5ccba3c04ba684f8d9e32e9c2754f4e8956	python-gnn-puct-learner-v0.1.0	sha256:ab0f739cd33d66781faf60e27797c5ccba3c04ba684f8d9e32e9c2754f4e8956	D	P	196
g1_UiRmyQdvQMIQ2zGlnXnRfEE_t8VEldR9mvLQxP7L7ok	s1_JSnhTnuXg3yLKuppes2TCGgm_vLw-eVQEo4mERzoLTk	1unPUy	qadv-arbiter-7x7-rust-lambda-v0.1.0	-	qadv-arbiter-7x7-rust-lambda-v0.1.0	-	D	P	196
g1_UiRmyQdvQMIQ2zGlnXnRfEE_t8VEldR9mvLQxP7L7ok	s1_MUwXx0USrHL_MH7yP2tLaRrDAFkVc23o-Gnh8-W8Nm4	1unPUy	qadv-arbiter-7x7-rust-lambda-v0.1.0	-	qadv-arbiter-7x7-rust-lambda-v0.1.0	-	D	P	196
g1_UiRmyQdvQMIQ2zGlnXnRfEE_t8VEldR9mvLQxP7L7ok	s1_RauLaTi4eVgYHSp2TV9pqs9uzTVv0B10g9TaHMWpcZ4	1unPUy	qadv-arbiter-7x7-rust-lambda-v0.1.0	-	qadv-arbiter-7x7-rust-lambda-v0.1.0	-	D	P	-
g1_UiRmyQdvQMIQ2zGlnXnRfEE_t8VEldR9mvLQxP7L7ok	s1_mlqg2yi_x--axJ9uURlpV9vdhJIDJyXkE1MK9F6vO6A	1unPUy	qadv-arbiter-7x7-rust-lambda-v0.1.0	-	qadv-arbiter-7x7-rust-lambda-v0.1.0	-	D	P	196
g1_Uic4zCN-7MBsxK8yKWqWXiDht_CXaw_suVPXOH-jYWQ	s1_Pw9n-eQGqVgzkoKq87SU94hsJkPfkJYpcSyanm-uljY	1umwHQ	rust-pathfinder-onnx-sorter-v0.1.0	-	rust-pathfinder-v0.3.0	-	L	P	120
g1_UijtVkGTNL4k6swuBrfnAk8oW-iOJECE0C6bnwgX8Pk	s1_3e0BOaXHEuu7N2-kn1CENtBcVOQLmax1p4VO2zQV2gQ	1unP0o	qadv-arbiter-7x7-rust-lambda-v0.1.0	-	qadv-arbiter-7x7-rust-lambda-v0.1.0	-	D	P	196
g1_UijtVkGTNL4k6swuBrfnAk8oW-iOJECE0C6bnwgX8Pk	s1_LAwszMs_MIpcKnQrCXpCDPR_i4kIHQ1drgoXKtNzKnM	1unP0o	qadv-arbiter-7x7-rust-lambda-v0.1.0	-	qadv-arbiter-7x7-rust-lambda-v0.1.0	-	D	P	196
g1_UijtVkGTNL4k6swuBrfnAk8oW-iOJECE0C6bnwgX8Pk	s1_RauLaTi4eVgYHSp2TV9pqs9uzTVv0B10g9TaHMWpcZ4	1unP0o	qadv-arbiter-7x7-rust-lambda-v0.1.0	-	qadv-arbiter-7x7-rust-lambda-v0.1.0	-	D	P	-
g1_UijtVkGTNL4k6swuBrfnAk8oW-iOJECE0C6bnwgX8Pk	s1_uDBkxEwiCRnU_fjSAHngSMUqAibksiqA79NhMKORkEg	1unP0o	qadv-arbiter-7x7-rust-lambda-v0.1.0	-	qadv-arbiter-7x7-rust-lambda-v0.1.0	-	D	P	196
g1_UisBTWiCk73iHDajSxjH02q2XCvh76qmkChyn6_BzhE	s1_flXyOBW6T9LLVDFIvXBGel1MoVNZcUcMFIJnB9yLapU	1umx1q	python-gnn-puct-reval30k-v0.1.0	sha256:6120be86fc469df71473c3de64e5e32f99694cd47d621fa5948f243dc51d3d21	python-gnn-puct-reval30k-v0.1.0	sha256:6120be86fc469df71473c3de64e5e32f99694cd47d621fa5948f243dc51d3d21	L	P	196
g1_UjBG5ejk8_9XG1A39ywXioZHnX4pw6J8sAKElcgjdME	s1_1LB6NAgPOeCp4r8rQw4kUOIXWpEdWysFm5RZjWCQSgc	1umwXY	python-gnn-puct-learner-v0.1.0	sha256:ab0f739cd33d66781faf60e27797c5ccba3c04ba684f8d9e32e9c2754f4e8956	python-gnn-puct-learner-v0.1.0	sha256:ab0f739cd33d66781faf60e27797c5ccba3c04ba684f8d9e32e9c2754f4e8956	D	P	196
g1_UjBG5ejk8_9XG1A39ywXioZHnX4pw6J8sAKElcgjdME	s1_P4NHYhwuVnEA-dG2X-UVeVotb84A5mwljbYTlTMqr8w	1umwXY	python-gnn-puct-learner-v0.1.0	sha256:ab0f739cd33d66781faf60e27797c5ccba3c04ba684f8d9e32e9c2754f4e8956	python-gnn-puct-learner-v0.1.0	sha256:ab0f739cd33d66781faf60e27797c5ccba3c04ba684f8d9e32e9c2754f4e8956	D	P	196
g1_UjIjnU_gKfxYR8PFfqh_z6wyxdzlOmC50LOPUFV5r4E	s1_RauLaTi4eVgYHSp2TV9pqs9uzTVv0B10g9TaHMWpcZ4	1unPwu	qadv-arbiter-7x7-rust-lambda-v0.1.0	-	qadv-arbiter-7x7-rust-lambda-v0.1.0	-	L	P	-
g1_UjIjnU_gKfxYR8PFfqh_z6wyxdzlOmC50LOPUFV5r4E	s1_X5AwY32kfpAAlVSqjxZgqn3JcoVxfswCtZ3xKJYoKho	1unPwu	qadv-arbiter-7x7-rust-lambda-v0.1.0	-	qadv-arbiter-7x7-rust-lambda-v0.1.0	-	L	P	196
g1_UjIjnU_gKfxYR8PFfqh_z6wyxdzlOmC50LOPUFV5r4E	s1_ZMrZbD2HvXbw8Tb__aswQ3ukTdzO5yiCWSXT881K4rc	1unPwu	qadv-arbiter-7x7-rust-lambda-v0.1.0	-	qadv-arbiter-7x7-rust-lambda-v0.1.0	-	L	P	196
g1_UjIjnU_gKfxYR8PFfqh_z6wyxdzlOmC50LOPUFV5r4E	s1_tfNxcpjn6goIg6qYP0OiS14XJugMchiueHEKuDq_Bk8	1unPwu	qadv-arbiter-7x7-rust-lambda-v0.1.0	-	qadv-arbiter-7x7-rust-lambda-v0.1.0	-	L	P	196
g1_UjOi-G2Mi6DRVTqV4lTeVKhAj67HJw-d3wNO3UtS1Rc	s1_RauLaTi4eVgYHSp2TV9pqs9uzTVv0B10g9TaHMWpcZ4	1unOYT	qadv-arbiter-7x7-rust-lambda-v0.1.0	-	qadv-arbiter-7x7-rust-lambda-v0.1.0	-	L	P	-
g1_UjOi-G2Mi6DRVTqV4lTeVKhAj67HJw-d3wNO3UtS1Rc	s1_aiSSGE3EjHSWFCQp03wa2uKTbEvwJH7CJ_tQkg_j8Aw	1unOYT	qadv-arbiter-7x7-rust-lambda-v0.1.0	-	qadv-arbiter-7x7-rust-lambda-v0.1.0	-	L	P	196
g1_UjOi-G2Mi6DRVTqV4lTeVKhAj67HJw-d3wNO3UtS1Rc	s1_lAOdh5PJuN8QFZt-zu-ZdznUhTNbn7-Nqjjuu8uIaSc	1unOYT	qadv-arbiter-7x7-rust-lambda-v0.1.0	-	qadv-arbiter-7x7-rust-lambda-v0.1.0	-	L	P	196
g1_UjOi-G2Mi6DRVTqV4lTeVKhAj67HJw-d3wNO3UtS1Rc	s1_rJZocYWlkSdQBj4Rm2mCbZrB34oCr4X0xTp7dMaFgeM	1unOYT	qadv-arbiter-7x7-rust-lambda-v0.1.0	-	qadv-arbiter-7x7-rust-lambda-v0.1.0	-	L	P	196
g1_UjSjBGKHtwjLvnjQhlZL_TzmACt9RTE-06QxFEFCU8g	s1_7FIu85-v_e-kbNsQ2UNk3yRt-KGcLyUjpmVwIc9cnfM	1umwKb	python-gnn-puct-scout-v0.1.0	sha256:b9f80706cc1f29076ee06fe06483697c749148a808c599579045d00a52573938	python-gnn-puct-scout-v0.1.0	sha256:b9f80706cc1f29076ee06fe06483697c749148a808c599579045d00a52573938	L	P	196
g1_UjSjBGKHtwjLvnjQhlZL_TzmACt9RTE-06QxFEFCU8g	s1_S8AGNBNcWBvWiwIo-AOAHPoHuZo2XvcsYvhgQxGTkrY	1umwKb	python-gnn-puct-scout-v0.1.0	sha256:b9f80706cc1f29076ee06fe06483697c749148a808c599579045d00a52573938	python-gnn-puct-scout-v0.1.0	sha256:b9f80706cc1f29076ee06fe06483697c749148a808c599579045d00a52573938	L	P	196
g1_UjW4pFJLcAzIgGKW9HFfyGrTAzj6H56McF5l2e31CkQ	s1_2FtaP75xgRVTNrUvmC0NIesJCNy8IDFJ05WNM4nUnpg	1unR3_	lunatic-v0.1.0	-	qadv-arbiter-7x7-v0.1.0	-	L	P	196
g1_UjW4pFJLcAzIgGKW9HFfyGrTAzj6H56McF5l2e31CkQ	s1_O_uHBJKrhwmWlTu_mKPB9OGQAkZtIPBAkOGIcTMQrP8	1unR3_	lunatic-v0.1.0	-	qadv-arbiter-7x7-v0.1.0	-	L	P	196
g1_UjW4pFJLcAzIgGKW9HFfyGrTAzj6H56McF5l2e31CkQ	s1_RauLaTi4eVgYHSp2TV9pqs9uzTVv0B10g9TaHMWpcZ4	1unR3_	lunatic-v0.1.0	-	qadv-arbiter-7x7-v0.1.0	-	L	P	-
g1_UjW4pFJLcAzIgGKW9HFfyGrTAzj6H56McF5l2e31CkQ	s1_z8MFnIr_zSrZoG0Gn8cB3V8dDdjJqbbkBYt6Aq_78NI	1unR3_	lunatic-v0.1.0	-	qadv-arbiter-7x7-v0.1.0	-	L	P	196
g1_UjXgWpDQBmg9HazBTXaF4dM1h7SuGUke9NX23hOxP9E	s1_1WFTAjm98iO_0Xjyli0gmunwvuow31VoGoW6-X3S84I	1unLvq	qadv-arbiter-7x7-rust-lambda-v0.1.0	-	qadv-arbiter-7x7-rust-lambda-v0.1.0	-	L	P	196
g1_UjXgWpDQBmg9HazBTXaF4dM1h7SuGUke9NX23hOxP9E	s1_F6ORVGRfmED6XtNBlwsIzfyj9OkmRg9CmIf7RTkWazQ	1unLvq	qadv-arbiter-7x7-rust-lambda-v0.1.0	-	qadv-arbiter-7x7-rust-lambda-v0.1.0	-	L	P	196
g1_UjXgWpDQBmg9HazBTXaF4dM1h7SuGUke9NX23hOxP9E	s1_RauLaTi4eVgYHSp2TV9pqs9uzTVv0B10g9TaHMWpcZ4	1unLvq	qadv-arbiter-7x7-rust-lambda-v0.1.0	-	qadv-arbiter-7x7-rust-lambda-v0.1.0	-	L	P	-
g1_UjXgWpDQBmg9HazBTXaF4dM1h7SuGUke9NX23hOxP9E	s1_VeAnp3QVpfAizSDIcHMDV6mT3SokqBfrEc-ibNMziQI	1unLvq	qadv-arbiter-7x7-rust-lambda-v0.1.0	-	qadv-arbiter-7x7-rust-lambda-v0.1.0	-	L	P	196
g1_UjcPtAXPvxoM1l056pawaTeGG0ZV6Mrzb5IGxxOIyL4	s1_3pkz1uFZTJjkXYY0GLq9BZ5r18qzv6E_OivBABW48U4	1unOc6	qadv-arbiter-7x7-rust-lambda-v0.1.0	-	qadv-arbiter-7x7-rust-lambda-v0.1.0	-	L	P	196
g1_UjcPtAXPvxoM1l056pawaTeGG0ZV6Mrzb5IGxxOIyL4	s1_RauLaTi4eVgYHSp2TV9pqs9uzTVv0B10g9TaHMWpcZ4	1unOc6	qadv-arbiter-7x7-rust-lambda-v0.1.0	-	qadv-arbiter-7x7-rust-lambda-v0.1.0	-	L	P	-
g1_UjcPtAXPvxoM1l056pawaTeGG0ZV6Mrzb5IGxxOIyL4	s1_Z4UANYXbZteZ4hcfXnQcndnu8GcEaez98WFedHUePDY	1unOc6	qadv-arbiter-7x7-rust-lambda-v0.1.0	-	qadv-arbiter-7x7-rust-lambda-v0.1.0	-	L	P	196
g1_UjcPtAXPvxoM1l056pawaTeGG0ZV6Mrzb5IGxxOIyL4	s1_c0jYbtyZM4DbSqWqJwNQJLgcCbI-ltNAIZ-Ho9EP9pw	1unOc6	qadv-arbiter-7x7-rust-lambda-v0.1.0	-	qadv-arbiter-7x7-rust-lambda-v0.1.0	-	L	P	196
g1_Ujk2n9Fej0fy-t6l2QDcXOYXJw9oo1N8TX5dsPDfiRw	s1_-LEVmxegreVLSk_wJ3-cFNVg2Gn7cvYTnR-yWKZG4uk	1unPh5	qadv-arbiter-7x7-rust-lambda-v0.1.0	-	qadv-arbiter-7x7-rust-lambda-v0.1.0	-	D	P	196
g1_Ujk2n9Fej0fy-t6l2QDcXOYXJw9oo1N8TX5dsPDfiRw	s1_6JbzolYgsbjpvBKMGNmosALGFfVQeqetIbGQCWI1k7k	1unPh5	qadv-arbiter-7x7-rust-lambda-v0.1.0	-	qadv-arbiter-7x7-rust-lambda-v0.1.0	-	D	P	196
g1_Ujk2n9Fej0fy-t6l2QDcXOYXJw9oo1N8TX5dsPDfiRw	s1_6sC8_-ak5KGnf_IKlYKjk89e5XsuAva_JjQtRNSaEC8	1unPh5	qadv-arbiter-7x7-rust-lambda-v0.1.0	-	qadv-arbiter-7x7-rust-lambda-v0.1.0	-	D	P	196
g1_Ujk2n9Fej0fy-t6l2QDcXOYXJw9oo1N8TX5dsPDfiRw	s1_RauLaTi4eVgYHSp2TV9pqs9uzTVv0B10g9TaHMWpcZ4	1unPh5	qadv-arbiter-7x7-rust-lambda-v0.1.0	-	qadv-arbiter-7x7-rust-lambda-v0.1.0	-	D	P	-
g1_UjkIugwL_4Qm8gouQBX4zse6X5rKluQsqgGi3JHFZuo	s1_GEQoP-ssYEndMgmJfst9DR4cA89s-gTNQhjis3dh4ho	1unON0	qadv-arbiter-7x7-rust-lambda-v0.1.0	-	qadv-arbiter-7x7-rust-lambda-v0.1.0	-	L	P	196
g1_UjkIugwL_4Qm8gouQBX4zse6X5rKluQsqgGi3JHFZuo	s1_RauLaTi4eVgYHSp2TV9pqs9uzTVv0B10g9TaHMWpcZ4	1unON0	qadv-arbiter-7x7-rust-lambda-v0.1.0	-	qadv-arbiter-7x7-rust-lambda-v0.1.0	-	L	P	-
g1_UjkIugwL_4Qm8gouQBX4zse6X5rKluQsqgGi3JHFZuo	s1_U9COFA-LDsRD4ZoCKYoGzo2IH0vGrCDO-p0TK-LDImc	1unON0	qadv-arbiter-7x7-rust-lambda-v0.1.0	-	qadv-arbiter-7x7-rust-lambda-v0.1.0	-	L	P	196
g1_UjkIugwL_4Qm8gouQBX4zse6X5rKluQsqgGi3JHFZuo	s1_oDgtwouIpL5Ot52jyT85LBWoQW9uhnRMoFp4ShaR0rA	1unON0	qadv-arbiter-7x7-rust-lambda-v0.1.0	-	qadv-arbiter-7x7-rust-lambda-v0.1.0	-	L	P	196
g1_UjmMQloxTN6dqZ3N_fisC887oxwbbZn_i00J_Bdhrns	s1_2FtaP75xgRVTNrUvmC0NIesJCNy8IDFJ05WNM4nUnpg	1unQyJ	surveyor-v0.2.0	-	qadv-arbiter-7x7-v0.1.0	-	L	P	196
g1_UjmMQloxTN6dqZ3N_fisC887oxwbbZn_i00J_Bdhrns	s1_RBIiZJN7WZ4v4OdQsb-vN7Fm2On8eEssSqBaWOB1OfY	1unQyJ	surveyor-v0.2.0	-	qadv-arbiter-7x7-v0.1.0	-	L	P	196
g1_UjmMQloxTN6dqZ3N_fisC887oxwbbZn_i00J_Bdhrns	s1_RauLaTi4eVgYHSp2TV9pqs9uzTVv0B10g9TaHMWpcZ4	1unQyJ	surveyor-v0.2.0	-	qadv-arbiter-7x7-v0.1.0	-	L	P	-
g1_UjmMQloxTN6dqZ3N_fisC887oxwbbZn_i00J_Bdhrns	s1_SdsHbcM4bFor8HsWUvUTqSq8x-5-G6WEPX0-N0VCf6w	1unQyJ	surveyor-v0.2.0	-	qadv-arbiter-7x7-v0.1.0	-	L	P	196
g1_Ujp1P-jXABaliDiOxTzBjD1J5qTQ2ahcpHyu9uEBQiQ	s1_GzGY6Wz_J8LfD27qD52uR6834NKe8RLOX_eC4WPLgU4	1unMv6	qadv-arbiter-7x7-rust-lambda-v0.1.0	-	qadv-arbiter-7x7-rust-lambda-v0.1.0	-	L	P	196
g1_Ujp1P-jXABaliDiOxTzBjD1J5qTQ2ahcpHyu9uEBQiQ	s1_RauLaTi4eVgYHSp2TV9pqs9uzTVv0B10g9TaHMWpcZ4	1unMv6	qadv-arbiter-7x7-rust-lambda-v0.1.0	-	qadv-arbiter-7x7-rust-lambda-v0.1.0	-	L	P	-
g1_Ujp1P-jXABaliDiOxTzBjD1J5qTQ2ahcpHyu9uEBQiQ	s1_SoHRpfokuJZbK-uU3zp1xc27_oOqmH8ZKqTUTMqMzs8	1unMv6	qadv-arbiter-7x7-rust-lambda-v0.1.0	-	qadv-arbiter-7x7-rust-lambda-v0.1.0	-	L	P	196
g1_Ujp1P-jXABaliDiOxTzBjD1J5qTQ2ahcpHyu9uEBQiQ	s1_vBH6QLapFNqz4Hpim9ZX3_a7TJGujaTJqw272ydjlIk	1unMv6	qadv-arbiter-7x7-rust-lambda-v0.1.0	-	qadv-arbiter-7x7-rust-lambda-v0.1.0	-	L	P	196
g1_UjzqBvBwlLMt9Rwdyq4CoaeyeDQOvGanwt7D5qHFx18	s1_WVg7aYYLIrw6_-2mI3jQ-DPcLO4gX2sPEEqWQb0DGQA	1umxIz	python-cnn-puct-reval30k-v0.1.0	sha256:eb2600a53e225a835455efdb2759c40e27c5cb3c16ab0688bc21b99290ed10ee	python-cnn-puct-reval30k-v0.1.0	sha256:eb2600a53e225a835455efdb2759c40e27c5cb3c16ab0688bc21b99290ed10ee	D	P	196
g1_UkDYIXl_3MIdJbkU1cFYijniIR0kzyEKdXoPBsUsf9Q	s1_HGIyetX6zwvqEwqbNZrUhS1xUpDHDzD81XqQyQ3pVuE	1unPcD	qadv-arbiter-7x7-rust-lambda-v0.1.0	-	qadv-arbiter-7x7-rust-lambda-v0.1.0	-	D	P	196
g1_UkDYIXl_3MIdJbkU1cFYijniIR0kzyEKdXoPBsUsf9Q	s1_RauLaTi4eVgYHSp2TV9pqs9uzTVv0B10g9TaHMWpcZ4	1unPcD	qadv-arbiter-7x7-rust-lambda-v0.1.0	-	qadv-arbiter-7x7-rust-lambda-v0.1.0	-	D	P	-
g1_UkDYIXl_3MIdJbkU1cFYijniIR0kzyEKdXoPBsUsf9Q	s1_kVpFyvOYrEp4a-gdcQ-PDpsD3-7TIEPATryPdgeF2gc	1unPcD	qadv-arbiter-7x7-rust-lambda-v0.1.0	-	qadv-arbiter-7x7-rust-lambda-v0.1.0	-	D	P	196
g1_UkDYIXl_3MIdJbkU1cFYijniIR0kzyEKdXoPBsUsf9Q	s1_nl4VnewLFPGKtk4wOvj_Aqz-feRzhbeOf-Nr-EIw49I	1unPcD	qadv-arbiter-7x7-rust-lambda-v0.1.0	-	qadv-arbiter-7x7-rust-lambda-v0.1.0	-	D	P	196
g1_UkIbAseILJNsqbvafBCsisJr0LDEzPWjTvIGb_VNM3A	s1_Qmoz3nLvbLcY_1rcqMtpMJDvTQydhL5cxUNWV6EhpMY	1umwpX	qadv-arbiter-7x7-v0.1.0	sha256:8c548d06307572603b839755cc1e50393285365e10f82bcd90290ca65cd86266	qadv-arbiter-7x7-v0.1.0	sha256:8c548d06307572603b839755cc1e50393285365e10f82bcd90290ca65cd86266	D	P	196
g1_UkMYFpkSfRE433r2vkl3Key4Rz4Zmr7xyG8a41UBvgw	s1_1MHFcmCJJLVWqu4OHuEl7qqhFXkuoCGQpCpS13Qpnfw	1unMz5	qadv-arbiter-7x7-rust-lambda-v0.1.0	-	qadv-arbiter-7x7-rust-lambda-v0.1.0	-	L	P	196
g1_UkMYFpkSfRE433r2vkl3Key4Rz4Zmr7xyG8a41UBvgw	s1_9QTZgzWtJkRxgqAVtdwzd1zhF_soBTmXTVViAQnV2aU	1unMz5	qadv-arbiter-7x7-rust-lambda-v0.1.0	-	qadv-arbiter-7x7-rust-lambda-v0.1.0	-	L	P	196
g1_UkMYFpkSfRE433r2vkl3Key4Rz4Zmr7xyG8a41UBvgw	s1_RauLaTi4eVgYHSp2TV9pqs9uzTVv0B10g9TaHMWpcZ4	1unMz5	qadv-arbiter-7x7-rust-lambda-v0.1.0	-	qadv-arbiter-7x7-rust-lambda-v0.1.0	-	L	P	-
g1_UkMYFpkSfRE433r2vkl3Key4Rz4Zmr7xyG8a41UBvgw	s1_aWGx91_Z1GgSpZy4ckkrj8rAgdee8yDzGuzh4VzH92A	1unMz5	qadv-arbiter-7x7-rust-lambda-v0.1.0	-	qadv-arbiter-7x7-rust-lambda-v0.1.0	-	L	P	196
g1_UkOr2gvJjYxRe8_qxKeuWDmpyRu3bNfSTkN8OLjsBZU	s1_80Yfr2wwqUNP4GeJVBZ_PiB2FnBALr1h_KFaLlQe3wQ	1unNSc	qadv-arbiter-7x7-rust-lambda-v0.1.0	-	qadv-arbiter-7x7-rust-lambda-v0.1.0	-	D	P	196
g1_UkOr2gvJjYxRe8_qxKeuWDmpyRu3bNfSTkN8OLjsBZU	s1_RauLaTi4eVgYHSp2TV9pqs9uzTVv0B10g9TaHMWpcZ4	1unNSc	qadv-arbiter-7x7-rust-lambda-v0.1.0	-	qadv-arbiter-7x7-rust-lambda-v0.1.0	-	D	P	-
g1_UkOr2gvJjYxRe8_qxKeuWDmpyRu3bNfSTkN8OLjsBZU	s1__qKctnusJaLlHNzVk9XlXYXiXksWl9pgMqbrp3G3BdI	1unNSc	qadv-arbiter-7x7-rust-lambda-v0.1.0	-	qadv-arbiter-7x7-rust-lambda-v0.1.0	-	D	P	196
g1_UkOr2gvJjYxRe8_qxKeuWDmpyRu3bNfSTkN8OLjsBZU	s1_pkKXKLLxnLKBj1AijAn2snkgORMo1KtlqJOqb5oawqA	1unNSc	qadv-arbiter-7x7-rust-lambda-v0.1.0	-	qadv-arbiter-7x7-rust-lambda-v0.1.0	-	D	P	196
g1_UkPYE-30SPIpTIwUDu7uzgnE4Yazg_0M02mBJR0fx_0	s1_B_bnoNqu0OlGMggj-WeyXVsA_PxGHqcvBNPi7TM2pcs	1unOt_	qadv-arbiter-7x7-rust-lambda-v0.1.0	-	qadv-arbiter-7x7-rust-lambda-v0.1.0	-	D	P	196
g1_UkPYE-30SPIpTIwUDu7uzgnE4Yazg_0M02mBJR0fx_0	s1_RauLaTi4eVgYHSp2TV9pqs9uzTVv0B10g9TaHMWpcZ4	1unOt_	qadv-arbiter-7x7-rust-lambda-v0.1.0	-	qadv-arbiter-7x7-rust-lambda-v0.1.0	-	D	P	-
g1_UkPYE-30SPIpTIwUDu7uzgnE4Yazg_0M02mBJR0fx_0	s1_csaXl5-6sPi8sA3b1XVZ-WT2emrpbWbOCjoFjfmSzY4	1unOt_	qadv-arbiter-7x7-rust-lambda-v0.1.0	-	qadv-arbiter-7x7-rust-lambda-v0.1.0	-	D	P	196
g1_UkPYE-30SPIpTIwUDu7uzgnE4Yazg_0M02mBJR0fx_0	s1_v5zoVuNYmELzTl29idPYUcq9YHzwPSCb0dN-xicrFrU	1unOt_	qadv-arbiter-7x7-rust-lambda-v0.1.0	-	qadv-arbiter-7x7-rust-lambda-v0.1.0	-	D	P	196
g1_UkYpzjuK8OpI-TRGkOEDVJWXfrH_fF5M0DNMZu4xxXs	s1_DSizuBARzm_WzayAEGpDS5VN0GraPmmAfTfedXHd3Co	1unPIs	qadv-arbiter-7x7-rust-lambda-v0.1.0	-	qadv-arbiter-7x7-rust-lambda-v0.1.0	-	L	P	196
g1_UkYpzjuK8OpI-TRGkOEDVJWXfrH_fF5M0DNMZu4xxXs	s1_Pp3KyP1gKan8mRkLOrgQrHuu85pjbe8bDPPhcA9w9JQ	1unPIs	qadv-arbiter-7x7-rust-lambda-v0.1.0	-	qadv-arbiter-7x7-rust-lambda-v0.1.0	-	L	P	196
g1_UkYpzjuK8OpI-TRGkOEDVJWXfrH_fF5M0DNMZu4xxXs	s1_RauLaTi4eVgYHSp2TV9pqs9uzTVv0B10g9TaHMWpcZ4	1unPIs	qadv-arbiter-7x7-rust-lambda-v0.1.0	-	qadv-arbiter-7x7-rust-lambda-v0.1.0	-	L	P	-
g1_UkYpzjuK8OpI-TRGkOEDVJWXfrH_fF5M0DNMZu4xxXs	s1_oQpWQXq7y7P4Up0bAcuyQPyEg5e3t-3O4ZsSb1uEvPI	1unPIs	qadv-arbiter-7x7-rust-lambda-v0.1.0	-	qadv-arbiter-7x7-rust-lambda-v0.1.0	-	L	P	196
g1_UkdfC3wsItjnBrAB84P01XLgcIVbYO7_DT1uTElGWn4	s1_1LB6NAgPOeCp4r8rQw4kUOIXWpEdWysFm5RZjWCQSgc	1umwXI	python-gnn-puct-learner-v0.1.0	sha256:ab0f739cd33d66781faf60e27797c5ccba3c04ba684f8d9e32e9c2754f4e8956	python-gnn-puct-learner-v0.1.0	sha256:ab0f739cd33d66781faf60e27797c5ccba3c04ba684f8d9e32e9c2754f4e8956	D	P	196
g1_UkdfC3wsItjnBrAB84P01XLgcIVbYO7_DT1uTElGWn4	s1_P4NHYhwuVnEA-dG2X-UVeVotb84A5mwljbYTlTMqr8w	1umwXI	python-gnn-puct-learner-v0.1.0	sha256:ab0f739cd33d66781faf60e27797c5ccba3c04ba684f8d9e32e9c2754f4e8956	python-gnn-puct-learner-v0.1.0	sha256:ab0f739cd33d66781faf60e27797c5ccba3c04ba684f8d9e32e9c2754f4e8956	D	P	196
g1_Uki9Qr0dcrSboBuWoC_fzSdyML6VhK98hwVkhcpFSqE	s1_9Ff5oQTz9rnqN_XHyWEmz2TkDtDCSjGQOfqElFuLl2U	1umvzD	python-gnn-puct-learner-v0.1.0	sha256:ab0f739cd33d66781faf60e27797c5ccba3c04ba684f8d9e32e9c2754f4e8956	python-gnn-puct-learner-v0.1.0	sha256:ab0f739cd33d66781faf60e27797c5ccba3c04ba684f8d9e32e9c2754f4e8956	D	P	196
g1_UkpYihgvfLcDOckdOuy_k5qyjF8RXzjeBDCZ6AnLfhs	s1_1av6nXQkq-GSHXfjkVlGHGpAq8F9UbW4JwZmyFA-vww	1umvJi	python-gnn-puct-learner-v0.1.0	sha256:ab0f739cd33d66781faf60e27797c5ccba3c04ba684f8d9e32e9c2754f4e8956	python-gnn-puct-learner-v0.1.0	sha256:ab0f739cd33d66781faf60e27797c5ccba3c04ba684f8d9e32e9c2754f4e8956	L	P	196
g1_UkpYihgvfLcDOckdOuy_k5qyjF8RXzjeBDCZ6AnLfhs	s1_QBFUsDtxokERlDOdQkleYbPvhJ-vIp2qmp6DXjS-7oM	1umvJi	python-gnn-puct-learner-v0.1.0	sha256:ab0f739cd33d66781faf60e27797c5ccba3c04ba684f8d9e32e9c2754f4e8956	python-gnn-puct-learner-v0.1.0	sha256:ab0f739cd33d66781faf60e27797c5ccba3c04ba684f8d9e32e9c2754f4e8956	L	P	196
g1_UkpYihgvfLcDOckdOuy_k5qyjF8RXzjeBDCZ6AnLfhs	s1_mWPTef6xYbijjPhDIC6QgLRmu2mMSJAokNlIkx3vg54	1umvJi	python-gnn-puct-learner-v0.1.0	sha256:ab0f739cd33d66781faf60e27797c5ccba3c04ba684f8d9e32e9c2754f4e8956	python-gnn-puct-learner-v0.1.0	sha256:ab0f739cd33d66781faf60e27797c5ccba3c04ba684f8d9e32e9c2754f4e8956	L	P	196
g1_UktTVhpJbXG9xA-IDFbc0uM5udMNGrfbZXaSzGtB3K4	s1_WVg7aYYLIrw6_-2mI3jQ-DPcLO4gX2sPEEqWQb0DGQA	1umxQq	python-cnn-puct-reval30k-v0.1.0	sha256:eb2600a53e225a835455efdb2759c40e27c5cb3c16ab0688bc21b99290ed10ee	python-cnn-puct-reval30k-v0.1.0	sha256:eb2600a53e225a835455efdb2759c40e27c5cb3c16ab0688bc21b99290ed10ee	D	P	196
g1_Ul8GO7URLlATzyHONa9_i0OTH-BCeuwTMDDzzZmHWkw	s1_-OKlJXuPFfAnukwGYITjiU7XKL4OC_qt76PC0TZSPjg	1umvYY	python-cnn-puct-v0.1.0	sha256:7845e9b7687beee165dc36b8d21833b7a8b5a83e31b58b49bd05c277ba26e642	python-cnn-puct-v0.1.0	sha256:7845e9b7687beee165dc36b8d21833b7a8b5a83e31b58b49bd05c277ba26e642	-	M	196
g1_Ul8GO7URLlATzyHONa9_i0OTH-BCeuwTMDDzzZmHWkw	s1_1av6nXQkq-GSHXfjkVlGHGpAq8F9UbW4JwZmyFA-vww	1umvYY	python-cnn-puct-v0.1.0	sha256:7845e9b7687beee165dc36b8d21833b7a8b5a83e31b58b49bd05c277ba26e642	python-cnn-puct-v0.1.0	sha256:7845e9b7687beee165dc36b8d21833b7a8b5a83e31b58b49bd05c277ba26e642	-	M	196
g1_Ul8GO7URLlATzyHONa9_i0OTH-BCeuwTMDDzzZmHWkw	s1_Brk0hkuJoH-MBjdd53AO5tlWcOgDWV_R0PO74fHGd_0	1umvYY	python-cnn-puct-v0.1.0	sha256:7845e9b7687beee165dc36b8d21833b7a8b5a83e31b58b49bd05c277ba26e642	python-cnn-puct-v0.1.0	sha256:7845e9b7687beee165dc36b8d21833b7a8b5a83e31b58b49bd05c277ba26e642	-	M	196
g1_UlG7iLKVZIec8Aaq0eLNVNp8M11fb29HCBZb-zdM3_I	s1_1LB6NAgPOeCp4r8rQw4kUOIXWpEdWysFm5RZjWCQSgc	1umwSk	python-gnn-puct-learner-v0.1.0	sha256:ab0f739cd33d66781faf60e27797c5ccba3c04ba684f8d9e32e9c2754f4e8956	python-gnn-puct-learner-v0.1.0	sha256:ab0f739cd33d66781faf60e27797c5ccba3c04ba684f8d9e32e9c2754f4e8956	D	P	196
g1_UlG7iLKVZIec8Aaq0eLNVNp8M11fb29HCBZb-zdM3_I	s1_P4NHYhwuVnEA-dG2X-UVeVotb84A5mwljbYTlTMqr8w	1umwSk	python-gnn-puct-learner-v0.1.0	sha256:ab0f739cd33d66781faf60e27797c5ccba3c04ba684f8d9e32e9c2754f4e8956	python-gnn-puct-learner-v0.1.0	sha256:ab0f739cd33d66781faf60e27797c5ccba3c04ba684f8d9e32e9c2754f4e8956	D	P	196
g1_UlIu4TdivOjm_yd4P12MdYQ1U0D3cX1Hsbl0powpiq8	s1_CmbWkCGpJLa949UiR0Rb32TT7uq3NhyxaBJVYIup-Vw	1unQ6U	qadv-arbiter-7x7-rust-lambda-v0.1.0	-	qadv-arbiter-7x7-rust-lambda-v0.1.0	-	L	P	196
g1_UlMh6fwjDgimEhmwb-YKcT76MudHylcHnFRlYbwb8X0	s1_Kn6o0nBws1XVm3BYV9eVP86BMFWGpY7uFcGck8Mb9sM	1unLv6	qadv-arbiter-7x7-rust-lambda-v0.1.0	-	qadv-arbiter-7x7-rust-lambda-v0.1.0	-	L	P	196
g1_UlMh6fwjDgimEhmwb-YKcT76MudHylcHnFRlYbwb8X0	s1_RauLaTi4eVgYHSp2TV9pqs9uzTVv0B10g9TaHMWpcZ4	1unLv6	qadv-arbiter-7x7-rust-lambda-v0.1.0	-	qadv-arbiter-7x7-rust-lambda-v0.1.0	-	L	P	-
g1_UlMh6fwjDgimEhmwb-YKcT76MudHylcHnFRlYbwb8X0	s1_WsYw0LPJhk1SIdO3eu0yKeHv077wzKCgJhDlltFgMCA	1unLv6	qadv-arbiter-7x7-rust-lambda-v0.1.0	-	qadv-arbiter-7x7-rust-lambda-v0.1.0	-	L	P	196
g1_UlMh6fwjDgimEhmwb-YKcT76MudHylcHnFRlYbwb8X0	s1_n_s2QDo0tSzK8bBe9ScW54a3DwItQhFuWd9D_kxNKHQ	1unLv6	qadv-arbiter-7x7-rust-lambda-v0.1.0	-	qadv-arbiter-7x7-rust-lambda-v0.1.0	-	L	P	196
g1_UlP9WXOvJS6dLUbK8p7xD6plDyVNg38vShl_dkQJlwk	s1_MowNArejBv250dtMFuJkXiBLxJpn_MBTJrzjQKx74Uw	1unNtH	qadv-arbiter-7x7-rust-lambda-v0.1.0	-	qadv-arbiter-7x7-rust-lambda-v0.1.0	-	D	P	196
g1_UlP9WXOvJS6dLUbK8p7xD6plDyVNg38vShl_dkQJlwk	s1_R_lla38tzag_QqQzWj9RfiOzkheDpJTnhDsDKG5eTBQ	1unNtH	qadv-arbiter-7x7-rust-lambda-v0.1.0	-	qadv-arbiter-7x7-rust-lambda-v0.1.0	-	D	P	196
g1_UlP9WXOvJS6dLUbK8p7xD6plDyVNg38vShl_dkQJlwk	s1_RauLaTi4eVgYHSp2TV9pqs9uzTVv0B10g9TaHMWpcZ4	1unNtH	qadv-arbiter-7x7-rust-lambda-v0.1.0	-	qadv-arbiter-7x7-rust-lambda-v0.1.0	-	D	P	-
g1_UlP9WXOvJS6dLUbK8p7xD6plDyVNg38vShl_dkQJlwk	s1_rh6dOh1o8dQSKCDPG2uO8tGhvhWi3lGSF3LFK0SIQZE	1unNtH	qadv-arbiter-7x7-rust-lambda-v0.1.0	-	qadv-arbiter-7x7-rust-lambda-v0.1.0	-	D	P	196
g1_UlbYAPT8KJZCCtdf1u-yqc86hs5aK5YxpFOBBRu9bMg	s1_AVWbbpHatcuyR7qRBKD4_DqiWb2S23VbSgGxB1zZzwU	1un4An	pathfinder-v0.3.0	-	qadv-arbiter-guided-7x7-v0.2.0	sha256:9c0e5e530df7db77a98f6a2e75fe63a6f629c6ad6563e0b5454793ebc243b14d	L	P	196
g1_UlbYAPT8KJZCCtdf1u-yqc86hs5aK5YxpFOBBRu9bMg	s1_O3cuwuia8XT9TI7Nxr3tRcajOA20XFHEIT2fYX3WizY	1un4An	pathfinder-v0.3.0	-	qadv-arbiter-guided-7x7-v0.2.0	sha256:9c0e5e530df7db77a98f6a2e75fe63a6f629c6ad6563e0b5454793ebc243b14d	L	P	196
g1_UlbYAPT8KJZCCtdf1u-yqc86hs5aK5YxpFOBBRu9bMg	s1_bu4yUwwDMqKDhLXEtnBsv1ZAJagIFi7EKmSaiui1_WE	1un4An	pathfinder-v0.3.0	-	qadv-arbiter-guided-7x7-v0.2.0	sha256:9c0e5e530df7db77a98f6a2e75fe63a6f629c6ad6563e0b5454793ebc243b14d	L	P	196
g1_UlbYAPT8KJZCCtdf1u-yqc86hs5aK5YxpFOBBRu9bMg	s1_mlXHsG8-xxT7rKwSZelP6NHm5eYy3YD5j4SydA37pgE	1un4An	pathfinder-v0.3.0	-	qadv-arbiter-guided-7x7-v0.2.0	sha256:9c0e5e530df7db77a98f6a2e75fe63a6f629c6ad6563e0b5454793ebc243b14d	L	P	196
g1_Uld9zU2dv53u5N7i09KK-otuAx5yVULTabcec_slvTs	s1_1av6nXQkq-GSHXfjkVlGHGpAq8F9UbW4JwZmyFA-vww	1umvND	python-gnn-puct-learner-v0.1.0	sha256:ab0f739cd33d66781faf60e27797c5ccba3c04ba684f8d9e32e9c2754f4e8956	python-gnn-puct-learner-v0.1.0	sha256:ab0f739cd33d66781faf60e27797c5ccba3c04ba684f8d9e32e9c2754f4e8956	D	P	196
g1_Uld9zU2dv53u5N7i09KK-otuAx5yVULTabcec_slvTs	s1_QBFUsDtxokERlDOdQkleYbPvhJ-vIp2qmp6DXjS-7oM	1umvND	python-gnn-puct-learner-v0.1.0	sha256:ab0f739cd33d66781faf60e27797c5ccba3c04ba684f8d9e32e9c2754f4e8956	python-gnn-puct-learner-v0.1.0	sha256:ab0f739cd33d66781faf60e27797c5ccba3c04ba684f8d9e32e9c2754f4e8956	D	P	196
g1_Uld9zU2dv53u5N7i09KK-otuAx5yVULTabcec_slvTs	s1_mWPTef6xYbijjPhDIC6QgLRmu2mMSJAokNlIkx3vg54	1umvND	python-gnn-puct-learner-v0.1.0	sha256:ab0f739cd33d66781faf60e27797c5ccba3c04ba684f8d9e32e9c2754f4e8956	python-gnn-puct-learner-v0.1.0	sha256:ab0f739cd33d66781faf60e27797c5ccba3c04ba684f8d9e32e9c2754f4e8956	D	P	196
g1_Ulgv5cZIZC43h8EUDZ0HjL9zPh-TsINxOiO4tfILJFI	s1_RauLaTi4eVgYHSp2TV9pqs9uzTVv0B10g9TaHMWpcZ4	1unNTy	qadv-arbiter-7x7-rust-lambda-v0.1.0	-	qadv-arbiter-7x7-rust-lambda-v0.1.0	-	L	P	-
g1_Ulgv5cZIZC43h8EUDZ0HjL9zPh-TsINxOiO4tfILJFI	s1_g95nNtmMrAUsTy5ui-fZQhXNHOZkC2aoD6QgLBt1xKM	1unNTy	qadv-arbiter-7x7-rust-lambda-v0.1.0	-	qadv-arbiter-7x7-rust-lambda-v0.1.0	-	L	P	196
g1_Ulgv5cZIZC43h8EUDZ0HjL9zPh-TsINxOiO4tfILJFI	s1_mBZ193gsYz95o_K4h5ACNy9MHPIXdpZqXBUPkw_dFsc	1unNTy	qadv-arbiter-7x7-rust-lambda-v0.1.0	-	qadv-arbiter-7x7-rust-lambda-v0.1.0	-	L	P	196
g1_Ulgv5cZIZC43h8EUDZ0HjL9zPh-TsINxOiO4tfILJFI	s1_oQZNWxcsYpn1GL3d_ayXjwl661KGwcMgHlQKKnVTK0g	1unNTy	qadv-arbiter-7x7-rust-lambda-v0.1.0	-	qadv-arbiter-7x7-rust-lambda-v0.1.0	-	L	P	196
g1_UlmATjmUaDAVso_RTACdfEy9EnO9SXCerUGKk9Oy-UU	s1_1av6nXQkq-GSHXfjkVlGHGpAq8F9UbW4JwZmyFA-vww	1umvFm	gnn-scout-7x7	sha256:7d34820fd656875b3ac4a0142e8f22179d11b133feb3321d0eb735b2a7abd027	pathfinder-v0.3.0	-	D	P	196
g1_UlmATjmUaDAVso_RTACdfEy9EnO9SXCerUGKk9Oy-UU	s1_Brk0hkuJoH-MBjdd53AO5tlWcOgDWV_R0PO74fHGd_0	1umvFm	gnn-scout-7x7	sha256:7d34820fd656875b3ac4a0142e8f22179d11b133feb3321d0eb735b2a7abd027	pathfinder-v0.3.0	-	D	P	196
g1_UlmATjmUaDAVso_RTACdfEy9EnO9SXCerUGKk9Oy-UU	s1_QzXKB60HvV5g6-cJIu-NdpeFb1rCgFAJD1cxfdkoMm0	1umvFm	gnn-scout-7x7	sha256:7d34820fd656875b3ac4a0142e8f22179d11b133feb3321d0eb735b2a7abd027	pathfinder-v0.3.0	-	D	P	196
g1_UlxMMgvIOpaVaGqUIzfX0C_5RylO_ppa-Y86J4yxkGE	s1_2FtaP75xgRVTNrUvmC0NIesJCNy8IDFJ05WNM4nUnpg	1unQoJ	pathfinder-v0.3.0	-	qadv-arbiter-7x7-v0.1.0	-	L	P	196
g1_UlxMMgvIOpaVaGqUIzfX0C_5RylO_ppa-Y86J4yxkGE	s1_7m6rzVUMwKb2ze4m0l4101Ex_LeBD751xgIP1pyiYhY	1unQoJ	pathfinder-v0.3.0	-	qadv-arbiter-7x7-v0.1.0	-	L	P	196
g1_UlxMMgvIOpaVaGqUIzfX0C_5RylO_ppa-Y86J4yxkGE	s1_J6MvVtPZXhES4drtPfInNYsgb7c_z0TuRLMvy4PDrvg	1unQoJ	pathfinder-v0.3.0	-	qadv-arbiter-7x7-v0.1.0	-	L	P	196
g1_UlxMMgvIOpaVaGqUIzfX0C_5RylO_ppa-Y86J4yxkGE	s1_PJBKiiPMpfU2-C6WOQU58_jZfhdxOENsEnVfgItfi7M	1unQoJ	pathfinder-v0.3.0	-	qadv-arbiter-7x7-v0.1.0	-	L	P	196
g1_UlxMMgvIOpaVaGqUIzfX0C_5RylO_ppa-Y86J4yxkGE	s1_RauLaTi4eVgYHSp2TV9pqs9uzTVv0B10g9TaHMWpcZ4	1unQoJ	pathfinder-v0.3.0	-	qadv-arbiter-7x7-v0.1.0	-	L	P	-
g1_Um-2eEDhnMdn2OSobptacHAxTnLsuKFmW9oKmkM67lo	s1_6PxtazPxkizz7K9QTWPSCIopEV5n0zpHoq3F52yO_6U	1umwkw	python-cnn-puct-v0.1.0	sha256:7845e9b7687beee165dc36b8d21833b7a8b5a83e31b58b49bd05c277ba26e642	python-cnn-puct-v0.1.0	sha256:7845e9b7687beee165dc36b8d21833b7a8b5a83e31b58b49bd05c277ba26e642	L	P	196
g1_Um-2eEDhnMdn2OSobptacHAxTnLsuKFmW9oKmkM67lo	s1_baRgKA_wMXdl0r4AwdkUfhWC04qxd1MvEGXAQaDd4fo	1umwkw	python-cnn-puct-v0.1.0	sha256:7845e9b7687beee165dc36b8d21833b7a8b5a83e31b58b49bd05c277ba26e642	python-cnn-puct-v0.1.0	sha256:7845e9b7687beee165dc36b8d21833b7a8b5a83e31b58b49bd05c277ba26e642	L	P	196
g1_UmIZfqXlPIS3cny7uA86v_Ga7fSEz56W2GaG2qXO5jM	s1_8tClmu4mUvn947S-1hGVLPUklSr2S5IfYrTQSqx9884	1unPzc	qadv-arbiter-7x7-rust-lambda-v0.1.0	-	qadv-arbiter-7x7-rust-lambda-v0.1.0	-	D	P	196
g1_UmIZfqXlPIS3cny7uA86v_Ga7fSEz56W2GaG2qXO5jM	s1_BBZfdOQfsoC4XnguJvtshjB48_ZKfnLH9L4lImj4SSU	1unPzc	qadv-arbiter-7x7-rust-lambda-v0.1.0	-	qadv-arbiter-7x7-rust-lambda-v0.1.0	-	D	P	196
g1_UmIZfqXlPIS3cny7uA86v_Ga7fSEz56W2GaG2qXO5jM	s1_RauLaTi4eVgYHSp2TV9pqs9uzTVv0B10g9TaHMWpcZ4	1unPzc	qadv-arbiter-7x7-rust-lambda-v0.1.0	-	qadv-arbiter-7x7-rust-lambda-v0.1.0	-	D	P	-
g1_UmIZfqXlPIS3cny7uA86v_Ga7fSEz56W2GaG2qXO5jM	s1_alNOu2huhZr43ltYAo0Tzp4yVdDHcExwxl0bLllvw_s	1unPzc	qadv-arbiter-7x7-rust-lambda-v0.1.0	-	qadv-arbiter-7x7-rust-lambda-v0.1.0	-	D	P	196
g1_UmIZiKj9XjKj2dGeQZhS0Ozdkn9Js9VFiLcQ66hDKys	s1_pz791mBLK9gCxlmvM7C8kcD10pikcBIN4FZ0Kf_TgTs	h00aF	lunatic-v0.1.0	-	pathfinder-v0.3.0	-	D	P	180
g1_UmLOi38ha5HHDY0RTiY_SGUr7v5bNgfsVzvbUBUufLI	s1_Qmoz3nLvbLcY_1rcqMtpMJDvTQydhL5cxUNWV6EhpMY	1umw-T	qadv-arbiter-7x7-v0.1.0	sha256:8c548d06307572603b839755cc1e50393285365e10f82bcd90290ca65cd86266	qadv-arbiter-7x7-v0.1.0	sha256:8c548d06307572603b839755cc1e50393285365e10f82bcd90290ca65cd86266	D	P	196
g1_UmN5R5FaH8rn60IEEcfpdoODokGncMDlxkKQ7E1Fc3M	s1_Qmoz3nLvbLcY_1rcqMtpMJDvTQydhL5cxUNWV6EhpMY	1umw-A	qadv-arbiter-7x7-v0.1.0	sha256:8c548d06307572603b839755cc1e50393285365e10f82bcd90290ca65cd86266	qadv-arbiter-7x7-v0.1.0	sha256:8c548d06307572603b839755cc1e50393285365e10f82bcd90290ca65cd86266	D	P	196
g1_UmNmDpvVW8csuJ66-lkqzyALmf1bq2TlOCHsroUXPmE	s1_2FtaP75xgRVTNrUvmC0NIesJCNy8IDFJ05WNM4nUnpg	1unRCU	qadv-arbiter-7x7-v0.1.0	-	coin-flip-v0.0.1	-	L	P	196
g1_UmNmDpvVW8csuJ66-lkqzyALmf1bq2TlOCHsroUXPmE	s1_PcVnIMUTg7wk44xORK3Uro95wdHJhkU8JVOhSnyBg60	1unRCU	qadv-arbiter-7x7-v0.1.0	-	coin-flip-v0.0.1	-	L	P	196
g1_UmNmDpvVW8csuJ66-lkqzyALmf1bq2TlOCHsroUXPmE	s1_RauLaTi4eVgYHSp2TV9pqs9uzTVv0B10g9TaHMWpcZ4	1unRCU	qadv-arbiter-7x7-v0.1.0	-	coin-flip-v0.0.1	-	L	P	-
g1_UmNmDpvVW8csuJ66-lkqzyALmf1bq2TlOCHsroUXPmE	s1_pH6dzHrCtEYHBEBVlYCixMvSbyp2VbmYXrnZ2ve190w	1unRCU	qadv-arbiter-7x7-v0.1.0	-	coin-flip-v0.0.1	-	L	P	196
g1_UmRvNlL4W3qavYNrSkO5tCNgkwFUUnuoLkLdhGaHGts	s1_22ZhXSMZp7I6EzPpd267BcUB3l0DAYLSTxO27yba-4M	1unMfg	qadv-arbiter-7x7-rust-lambda-v0.1.0	-	qadv-arbiter-7x7-rust-lambda-v0.1.0	-	L	P	196
g1_UmRvNlL4W3qavYNrSkO5tCNgkwFUUnuoLkLdhGaHGts	s1_BmHIXLKl_F8Frdbo43JIjEz290ykrg13DVlKTV6Jkmo	1unMfg	qadv-arbiter-7x7-rust-lambda-v0.1.0	-	qadv-arbiter-7x7-rust-lambda-v0.1.0	-	L	P	196
g1_UmRvNlL4W3qavYNrSkO5tCNgkwFUUnuoLkLdhGaHGts	s1_RauLaTi4eVgYHSp2TV9pqs9uzTVv0B10g9TaHMWpcZ4	1unMfg	qadv-arbiter-7x7-rust-lambda-v0.1.0	-	qadv-arbiter-7x7-rust-lambda-v0.1.0	-	L	P	-
g1_UmRvNlL4W3qavYNrSkO5tCNgkwFUUnuoLkLdhGaHGts	s1_qJ80ZuaV7ipB-yDAgl7cosaJ2uxrY3F5ap8S4stHeTw	1unMfg	qadv-arbiter-7x7-rust-lambda-v0.1.0	-	qadv-arbiter-7x7-rust-lambda-v0.1.0	-	L	P	196
g1_UmWREem_BS2qQ_LuxHvJV5yy4s7MKMNBlqN1MFqk3Xw	s1_N3cj0aM8z-7uvk7Uu1n7PCqeWut3Jq_QXDEu3vVlkU4	1unPjk	qadv-arbiter-7x7-rust-lambda-v0.1.0	-	qadv-arbiter-7x7-rust-lambda-v0.1.0	-	D	P	196
g1_UmWREem_BS2qQ_LuxHvJV5yy4s7MKMNBlqN1MFqk3Xw	s1_RauLaTi4eVgYHSp2TV9pqs9uzTVv0B10g9TaHMWpcZ4	1unPjk	qadv-arbiter-7x7-rust-lambda-v0.1.0	-	qadv-arbiter-7x7-rust-lambda-v0.1.0	-	D	P	-
g1_UmWREem_BS2qQ_LuxHvJV5yy4s7MKMNBlqN1MFqk3Xw	s1__9GBG9sAl9-0OUwA9Szi5qgwvkFK4svyEwSQHVElNgI	1unPjk	qadv-arbiter-7x7-rust-lambda-v0.1.0	-	qadv-arbiter-7x7-rust-lambda-v0.1.0	-	D	P	196
g1_UmWREem_BS2qQ_LuxHvJV5yy4s7MKMNBlqN1MFqk3Xw	s1_ziBbzurAUUdx8xFSQJ1LCYvYNgVWo4j13e5LvXpAVKo	1unPjk	qadv-arbiter-7x7-rust-lambda-v0.1.0	-	qadv-arbiter-7x7-rust-lambda-v0.1.0	-	D	P	196
g1_UmxRwIgqjSFesGpvO2H9bvtC2-URNIc-1xPAYFFBnRk	s1_zUY5khepfp3cZvanaO8G0weK4iXcIrwgiKc07FrJ3Pk	1umwuK	rust-pathfinder-v0.1.0	-	rust-pathfinder-v0.3.0	-	L	P	120
g1_UmxjyO7V6BAje35bIocddbyt7c6oXQMBMcVF_KQ04X0	s1_1av6nXQkq-GSHXfjkVlGHGpAq8F9UbW4JwZmyFA-vww	1DIkX	lunatic-v0.1.0	-	rust-pathfinder-v0.1.0	-	D	P	-
g1_UmxjyO7V6BAje35bIocddbyt7c6oXQMBMcVF_KQ04X0	s1_9Eroywf7tuDrn-hcfZPjlEa1DSRUykCRn9Z11u8ySIo	1DIkX	lunatic-v0.1.0	-	rust-pathfinder-v0.1.0	-	D	P	-
g1_UmxjyO7V6BAje35bIocddbyt7c6oXQMBMcVF_KQ04X0	s1_Brk0hkuJoH-MBjdd53AO5tlWcOgDWV_R0PO74fHGd_0	1DIkX	lunatic-v0.1.0	-	rust-pathfinder-v0.1.0	-	D	P	-
g1_UmxjyO7V6BAje35bIocddbyt7c6oXQMBMcVF_KQ04X0	s1_KmF8KhDbubz6lwdS8R_n_yTGdSONmH9B1wUABbyCj94	1DIkX	lunatic-v0.1.0	-	rust-pathfinder-v0.1.0	-	D	P	-
g1_UmxjyO7V6BAje35bIocddbyt7c6oXQMBMcVF_KQ04X0	s1_MKrI0a3Qd48rU7oZj28GrlQ3cHhIbUzS5ibiIW9aKy4	1DIkX	lunatic-v0.1.0	-	rust-pathfinder-v0.1.0	-	D	P	-
g1_UmxjyO7V6BAje35bIocddbyt7c6oXQMBMcVF_KQ04X0	s1_XloMUS0hxYEXf762lcPfaudsLmsH-CsOVZNVVU_obcA	1DIkX	lunatic-v0.1.0	-	rust-pathfinder-v0.1.0	-	D	P	-
g1_UmxjyO7V6BAje35bIocddbyt7c6oXQMBMcVF_KQ04X0	s1_g5pGkHBMEhzAYvwFY0b24sSc7wC9JfnWApMHHZ_aMPI	1DIkX	lunatic-v0.1.0	-	rust-pathfinder-v0.1.0	-	D	P	-
g1_UmyFGGTl1xzEy4xl0CL4hkutetq8ibdZ6XE-x3y5oHs	s1_Kwdls4LV9ADSKVqtKEcT781NdQ-I3ORRy1hikMJoFcs	1unNhh	qadv-arbiter-7x7-rust-lambda-v0.1.0	-	qadv-arbiter-7x7-rust-lambda-v0.1.0	-	L	P	196
g1_UmyFGGTl1xzEy4xl0CL4hkutetq8ibdZ6XE-x3y5oHs	s1_RauLaTi4eVgYHSp2TV9pqs9uzTVv0B10g9TaHMWpcZ4	1unNhh	qadv-arbiter-7x7-rust-lambda-v0.1.0	-	qadv-arbiter-7x7-rust-lambda-v0.1.0	-	L	P	-
g1_UmyFGGTl1xzEy4xl0CL4hkutetq8ibdZ6XE-x3y5oHs	s1_XVZSD0TSJAjsK7WDYuNBOo5EcQukrQ9_jWbLkFWeXdo	1unNhh	qadv-arbiter-7x7-rust-lambda-v0.1.0	-	qadv-arbiter-7x7-rust-lambda-v0.1.0	-	L	P	196
g1_UmyFGGTl1xzEy4xl0CL4hkutetq8ibdZ6XE-x3y5oHs	s1_gZq84s3OmLsmfCWX9ZVmvTZLuNviwQQadgiF7g5ndd8	1unNhh	qadv-arbiter-7x7-rust-lambda-v0.1.0	-	qadv-arbiter-7x7-rust-lambda-v0.1.0	-	L	P	196
g1_UnC1oa25cVKss2b33Xp-pKdWTPoC037EC7-aQcPND08	s1_WpYQrS3Y5EBPp4KoxQeXdmkSNGGu7uzGmTP-APlIkYU	1umwPe	rust-pathfinder-onnx-sorter-v0.1.0	-	rust-pathfinder-v0.3.0	-	L	P	120
g1_UnLAsg4Hn54ENI5AMRw48670wysoGH0f-6Q_bfbmbDg	s1_NuH1ZjCivBeyOA8kUnS_fc24aKSwBLVB9DzvyeYilwE	1unPg2	qadv-arbiter-7x7-rust-lambda-v0.1.0	-	qadv-arbiter-7x7-rust-lambda-v0.1.0	-	L	P	196
g1_UnLAsg4Hn54ENI5AMRw48670wysoGH0f-6Q_bfbmbDg	s1_RauLaTi4eVgYHSp2TV9pqs9uzTVv0B10g9TaHMWpcZ4	1unPg2	qadv-arbiter-7x7-rust-lambda-v0.1.0	-	qadv-arbiter-7x7-rust-lambda-v0.1.0	-	L	P	-
g1_UnLAsg4Hn54ENI5AMRw48670wysoGH0f-6Q_bfbmbDg	s1_XTjwocn1dp2pNlrIYq3dt9IfwY9XMVaVU0W9ROlJOKU	1unPg2	qadv-arbiter-7x7-rust-lambda-v0.1.0	-	qadv-arbiter-7x7-rust-lambda-v0.1.0	-	L	P	196
g1_UnLAsg4Hn54ENI5AMRw48670wysoGH0f-6Q_bfbmbDg	s1_cpRptca5l6W_R7EKgtMvwqVQAfN6LNgP7YUiaewL4Ys	1unPg2	qadv-arbiter-7x7-rust-lambda-v0.1.0	-	qadv-arbiter-7x7-rust-lambda-v0.1.0	-	L	P	196
g1_UnRlDqzFmjQMYywKBlcNh5QEUnuN1AL6rqxb7gmsdBo	s1_R7msRMCJBBdTXdt_pgU53q9VW4dac-ZjMdLjYAnBd5o	1umvbT	coin-flip-seeded	-	rust-pathfinder-v0.1.0	-	D	P	120
g1_UnSFhYF3UVr4ZbM3flq_xxe4rsdBCVGHo2xeus_a7v4	s1_RauLaTi4eVgYHSp2TV9pqs9uzTVv0B10g9TaHMWpcZ4	1unOfu	qadv-arbiter-7x7-rust-lambda-v0.1.0	-	qadv-arbiter-7x7-rust-lambda-v0.1.0	-	D	P	-
g1_UnSFhYF3UVr4ZbM3flq_xxe4rsdBCVGHo2xeus_a7v4	s1_VXwGEjwRjpnTCc861jaVTywM1Wt22aNZRNBwh26wtZ8	1unOfu	qadv-arbiter-7x7-rust-lambda-v0.1.0	-	qadv-arbiter-7x7-rust-lambda-v0.1.0	-	D	P	196
g1_UnSFhYF3UVr4ZbM3flq_xxe4rsdBCVGHo2xeus_a7v4	s1_VfLCvPO-mxVtEkE9cszVCQJRFrf51JWHCFFFW_oH_go	1unOfu	qadv-arbiter-7x7-rust-lambda-v0.1.0	-	qadv-arbiter-7x7-rust-lambda-v0.1.0	-	D	P	196
g1_UnSFhYF3UVr4ZbM3flq_xxe4rsdBCVGHo2xeus_a7v4	s1_uWGVSFr3edWL6l5p2K7EKU9KWtUWIO_CgRNwkA7XOD8	1unOfu	qadv-arbiter-7x7-rust-lambda-v0.1.0	-	qadv-arbiter-7x7-rust-lambda-v0.1.0	-	D	P	196
g1_UnUHFBl806WjCLLLQxuvyJMRsSKN5Oho_KllHYMNJCI	s1_WVg7aYYLIrw6_-2mI3jQ-DPcLO4gX2sPEEqWQb0DGQA	1umxG3	python-cnn-puct-reval30k-v0.1.0	sha256:eb2600a53e225a835455efdb2759c40e27c5cb3c16ab0688bc21b99290ed10ee	python-cnn-puct-reval30k-v0.1.0	sha256:eb2600a53e225a835455efdb2759c40e27c5cb3c16ab0688bc21b99290ed10ee	D	P	196
g1_UnW5VD3rIS_q6IZH1avUsFnQvFRj9CbQkH7NHBEJkes	s1_0_EPsI3YvTz5W8irAeWyz6v8KxQephFeKoaaYk2n6c4	1unPuP	qadv-arbiter-7x7-rust-lambda-v0.1.0	-	qadv-arbiter-7x7-rust-lambda-v0.1.0	-	L	P	196
g1_UnW5VD3rIS_q6IZH1avUsFnQvFRj9CbQkH7NHBEJkes	s1_5XQIOy02YhWYFLiiPDNy0u_1lCWf_LfNTlG5z9Muu2M	1unPuP	qadv-arbiter-7x7-rust-lambda-v0.1.0	-	qadv-arbiter-7x7-rust-lambda-v0.1.0	-	L	P	196
g1_UnW5VD3rIS_q6IZH1avUsFnQvFRj9CbQkH7NHBEJkes	s1_HNdbE9p1lb2N9zA50p1qHNZn_ikx1YnvCUMlQIhmJNs	1unPuP	qadv-arbiter-7x7-rust-lambda-v0.1.0	-	qadv-arbiter-7x7-rust-lambda-v0.1.0	-	L	P	196
g1_UnW5VD3rIS_q6IZH1avUsFnQvFRj9CbQkH7NHBEJkes	s1_RauLaTi4eVgYHSp2TV9pqs9uzTVv0B10g9TaHMWpcZ4	1unPuP	qadv-arbiter-7x7-rust-lambda-v0.1.0	-	qadv-arbiter-7x7-rust-lambda-v0.1.0	-	L	P	-
g1_UncRJd4Ws0TBo3TNInH50s7RA0cPiquPGMH0I1kN0Eg	s1_BM7jB3gsEjU2Cx47JIGrIEjOg3exA2TlnPIeOQX5vCM	1DNgo	python-gnn-puct-v0.1.0	-	python-gnn-puct-v0.1.0	-	D	P	-
g1_UnyYgg2M2E-ydFwbuE4qGWPmZKo1sEzNx8QYT0BJKW8	s1_1av6nXQkq-GSHXfjkVlGHGpAq8F9UbW4JwZmyFA-vww	1umvD3	python-gnn-puct-scout-v0.1.0	sha256:b9f80706cc1f29076ee06fe06483697c749148a808c599579045d00a52573938	python-gnn-puct-scout-v0.1.0	sha256:b9f80706cc1f29076ee06fe06483697c749148a808c599579045d00a52573938	-	M	196
g1_UnyYgg2M2E-ydFwbuE4qGWPmZKo1sEzNx8QYT0BJKW8	s1_Brk0hkuJoH-MBjdd53AO5tlWcOgDWV_R0PO74fHGd_0	1umvD3	python-gnn-puct-scout-v0.1.0	sha256:b9f80706cc1f29076ee06fe06483697c749148a808c599579045d00a52573938	python-gnn-puct-scout-v0.1.0	sha256:b9f80706cc1f29076ee06fe06483697c749148a808c599579045d00a52573938	-	M	196
g1_UnyYgg2M2E-ydFwbuE4qGWPmZKo1sEzNx8QYT0BJKW8	s1_D_X-fTFZy6xuyGSC5jFyKBW6IP_59Jbomefazf4xu44	1umvD3	python-gnn-puct-scout-v0.1.0	sha256:b9f80706cc1f29076ee06fe06483697c749148a808c599579045d00a52573938	python-gnn-puct-scout-v0.1.0	sha256:b9f80706cc1f29076ee06fe06483697c749148a808c599579045d00a52573938	-	M	196
g1_UoGBj7oaHjUj77dTHX8IIXVYgHNytydgsDDRPV9qDgM	s1_1WFTAjm98iO_0Xjyli0gmunwvuow31VoGoW6-X3S84I	1unLtE	qadv-arbiter-7x7-rust-lambda-v0.1.0	-	qadv-arbiter-7x7-rust-lambda-v0.1.0	-	D	P	196
g1_UoGBj7oaHjUj77dTHX8IIXVYgHNytydgsDDRPV9qDgM	s1_F6ORVGRfmED6XtNBlwsIzfyj9OkmRg9CmIf7RTkWazQ	1unLtE	qadv-arbiter-7x7-rust-lambda-v0.1.0	-	qadv-arbiter-7x7-rust-lambda-v0.1.0	-	D	P	196
g1_UoGBj7oaHjUj77dTHX8IIXVYgHNytydgsDDRPV9qDgM	s1_RauLaTi4eVgYHSp2TV9pqs9uzTVv0B10g9TaHMWpcZ4	1unLtE	qadv-arbiter-7x7-rust-lambda-v0.1.0	-	qadv-arbiter-7x7-rust-lambda-v0.1.0	-	D	P	-
g1_UoGBj7oaHjUj77dTHX8IIXVYgHNytydgsDDRPV9qDgM	s1_z-XyHPq9x9vke4y7VfKHoOBJo4qrCvHceldXvIQYTPg	1unLtE	qadv-arbiter-7x7-rust-lambda-v0.1.0	-	qadv-arbiter-7x7-rust-lambda-v0.1.0	-	D	P	196
g1_UoGeVS164MGBt81fUbLnmuYrRjAQ4k3_aqBRPJ3sM4M	s1_2FtaP75xgRVTNrUvmC0NIesJCNy8IDFJ05WNM4nUnpg	1unQtJ	surveyor-v0.2.0	-	qadv-arbiter-7x7-v0.1.0	-	L	P	196
g1_UoGeVS164MGBt81fUbLnmuYrRjAQ4k3_aqBRPJ3sM4M	s1_RauLaTi4eVgYHSp2TV9pqs9uzTVv0B10g9TaHMWpcZ4	1unQtJ	surveyor-v0.2.0	-	qadv-arbiter-7x7-v0.1.0	-	L	P	-
g1_UoGeVS164MGBt81fUbLnmuYrRjAQ4k3_aqBRPJ3sM4M	s1_sXBWbUMDlZF14qex0nQMMMaMk-20DG1pSVMJZcBKEIs	1unQtJ	surveyor-v0.2.0	-	qadv-arbiter-7x7-v0.1.0	-	L	P	196
g1_UoGeVS164MGBt81fUbLnmuYrRjAQ4k3_aqBRPJ3sM4M	s1_zH0KlMvO9ekIb5d7JNxQA4unGlzevAXAO2itKEdaQkg	1unQtJ	surveyor-v0.2.0	-	qadv-arbiter-7x7-v0.1.0	-	L	P	196
g1_UoYTTscyEubalMDWatezG83k5-gWJ6fOwMdv_gjcaJY	s1_1av6nXQkq-GSHXfjkVlGHGpAq8F9UbW4JwZmyFA-vww	1umvLG	python-gnn-puct-learner-v0.1.0	sha256:ab0f739cd33d66781faf60e27797c5ccba3c04ba684f8d9e32e9c2754f4e8956	python-gnn-puct-learner-v0.1.0	sha256:ab0f739cd33d66781faf60e27797c5ccba3c04ba684f8d9e32e9c2754f4e8956	-	M	196
g1_UoYTTscyEubalMDWatezG83k5-gWJ6fOwMdv_gjcaJY	s1_Brk0hkuJoH-MBjdd53AO5tlWcOgDWV_R0PO74fHGd_0	1umvLG	python-gnn-puct-learner-v0.1.0	sha256:ab0f739cd33d66781faf60e27797c5ccba3c04ba684f8d9e32e9c2754f4e8956	python-gnn-puct-learner-v0.1.0	sha256:ab0f739cd33d66781faf60e27797c5ccba3c04ba684f8d9e32e9c2754f4e8956	-	M	196
g1_UoYTTscyEubalMDWatezG83k5-gWJ6fOwMdv_gjcaJY	s1_QBFUsDtxokERlDOdQkleYbPvhJ-vIp2qmp6DXjS-7oM	1umvLG	python-gnn-puct-learner-v0.1.0	sha256:ab0f739cd33d66781faf60e27797c5ccba3c04ba684f8d9e32e9c2754f4e8956	python-gnn-puct-learner-v0.1.0	sha256:ab0f739cd33d66781faf60e27797c5ccba3c04ba684f8d9e32e9c2754f4e8956	-	M	196
g1_Uo_xwH14GBt6Z-4WBgtmR-Rxs8mBMM2LcnvcesbDtT0	s1_IpTn0AVaQ4gn3p0Hb7BOqO5fs2d5phX7npi5PFa7Fuw	1unPVk	qadv-arbiter-7x7-rust-lambda-v0.1.0	-	qadv-arbiter-7x7-rust-lambda-v0.1.0	-	D	P	196
g1_Uo_xwH14GBt6Z-4WBgtmR-Rxs8mBMM2LcnvcesbDtT0	s1_LK18FJr6NG5FSCL3Y0JQy7Bez5oWFyYMy2uMGA7brDE	1unPVk	qadv-arbiter-7x7-rust-lambda-v0.1.0	-	qadv-arbiter-7x7-rust-lambda-v0.1.0	-	D	P	196
g1_Uo_xwH14GBt6Z-4WBgtmR-Rxs8mBMM2LcnvcesbDtT0	s1_RauLaTi4eVgYHSp2TV9pqs9uzTVv0B10g9TaHMWpcZ4	1unPVk	qadv-arbiter-7x7-rust-lambda-v0.1.0	-	qadv-arbiter-7x7-rust-lambda-v0.1.0	-	D	P	-
g1_Uo_xwH14GBt6Z-4WBgtmR-Rxs8mBMM2LcnvcesbDtT0	s1_lyighom_azHJGMRJPEW2cJCaOwV8Xwo-RVeK0-ah2Es	1unPVk	qadv-arbiter-7x7-rust-lambda-v0.1.0	-	qadv-arbiter-7x7-rust-lambda-v0.1.0	-	D	P	196
g1_UomDgQ7vYIMpPlG9ycDDz-YJmS8MO5LXft14HWtK3CA	s1_RauLaTi4eVgYHSp2TV9pqs9uzTVv0B10g9TaHMWpcZ4	1unNeq	qadv-arbiter-7x7-rust-lambda-v0.1.0	-	qadv-arbiter-7x7-rust-lambda-v0.1.0	-	D	P	-
g1_UomDgQ7vYIMpPlG9ycDDz-YJmS8MO5LXft14HWtK3CA	s1_g-dC1_FPRDzJO6urWGABJPUTL-wT4slFeCGRu3Gc9BA	1unNeq	qadv-arbiter-7x7-rust-lambda-v0.1.0	-	qadv-arbiter-7x7-rust-lambda-v0.1.0	-	D	P	196
g1_UomDgQ7vYIMpPlG9ycDDz-YJmS8MO5LXft14HWtK3CA	s1_mvzoQ9hA7Y0CLmYw5obL3F1Ex2V6GyO1gDrFInWWvR0	1unNeq	qadv-arbiter-7x7-rust-lambda-v0.1.0	-	qadv-arbiter-7x7-rust-lambda-v0.1.0	-	D	P	196
g1_UomDgQ7vYIMpPlG9ycDDz-YJmS8MO5LXft14HWtK3CA	s1_rJf2_yFjQsteBEIYw7aOJGu4xU_4Q5hUWst1xeaRkHE	1unNeq	qadv-arbiter-7x7-rust-lambda-v0.1.0	-	qadv-arbiter-7x7-rust-lambda-v0.1.0	-	D	P	196
g1_UosMVCSe8daTlzGbraWydEbIBzDYnO3iHBixHldu0Bw	s1_RauLaTi4eVgYHSp2TV9pqs9uzTVv0B10g9TaHMWpcZ4	1unNPI	qadv-arbiter-7x7-rust-lambda-v0.1.0	-	qadv-arbiter-7x7-rust-lambda-v0.1.0	-	L	P	-
g1_UosMVCSe8daTlzGbraWydEbIBzDYnO3iHBixHldu0Bw	s1_ZF02G-9uxoW7DV3SzxCxUSn0Olu5_9aWFFZgHnjPbs0	1unNPI	qadv-arbiter-7x7-rust-lambda-v0.1.0	-	qadv-arbiter-7x7-rust-lambda-v0.1.0	-	L	P	196
g1_UosMVCSe8daTlzGbraWydEbIBzDYnO3iHBixHldu0Bw	s1_uZqjncucT1KQCHrXeoC_v_q5hHHGMy6HLNvsZcpnMbA	1unNPI	qadv-arbiter-7x7-rust-lambda-v0.1.0	-	qadv-arbiter-7x7-rust-lambda-v0.1.0	-	L	P	196
g1_UosMVCSe8daTlzGbraWydEbIBzDYnO3iHBixHldu0Bw	s1_zSHhCLIbwNCb28ENicf7OhnXELj_RO7ok5aldObXyho	1unNPI	qadv-arbiter-7x7-rust-lambda-v0.1.0	-	qadv-arbiter-7x7-rust-lambda-v0.1.0	-	L	P	196
g1_UotqnwQfcJh3Zmp7BqPpG__jKIbppz68Ny_v6IJEMtg	s1_CyZergBgdDO6EE-fsLpdtkBQst0MNBBYa-NTEIEhhko	1unN4O	qadv-arbiter-7x7-rust-lambda-v0.1.0	-	qadv-arbiter-7x7-rust-lambda-v0.1.0	-	L	P	196
g1_UotqnwQfcJh3Zmp7BqPpG__jKIbppz68Ny_v6IJEMtg	s1_LPhnMT9yhyjW_CdnBdMWv4stCw1f2phNI63q5KchSIs	1unN4O	qadv-arbiter-7x7-rust-lambda-v0.1.0	-	qadv-arbiter-7x7-rust-lambda-v0.1.0	-	L	P	196
g1_UotqnwQfcJh3Zmp7BqPpG__jKIbppz68Ny_v6IJEMtg	s1_RauLaTi4eVgYHSp2TV9pqs9uzTVv0B10g9TaHMWpcZ4	1unN4O	qadv-arbiter-7x7-rust-lambda-v0.1.0	-	qadv-arbiter-7x7-rust-lambda-v0.1.0	-	L	P	-
g1_UotqnwQfcJh3Zmp7BqPpG__jKIbppz68Ny_v6IJEMtg	s1_xVawUyfRbDZjQo9JxfW3ukiBGZig3h5-Gvg7yhgM6oM	1unN4O	qadv-arbiter-7x7-rust-lambda-v0.1.0	-	qadv-arbiter-7x7-rust-lambda-v0.1.0	-	L	P	196
g1_UowmNX2LphjCmHVOG6R0oYFudxzQXnXQOwLNgDgqW1I	s1_RauLaTi4eVgYHSp2TV9pqs9uzTVv0B10g9TaHMWpcZ4	1unN1b	qadv-arbiter-7x7-rust-lambda-v0.1.0	-	qadv-arbiter-7x7-rust-lambda-v0.1.0	-	D	P	-
g1_UowmNX2LphjCmHVOG6R0oYFudxzQXnXQOwLNgDgqW1I	s1_poX7IrrN313okXmJqE2gYXqoIsH_QruVjON7-8vCxzc	1unN1b	qadv-arbiter-7x7-rust-lambda-v0.1.0	-	qadv-arbiter-7x7-rust-lambda-v0.1.0	-	D	P	196
g1_UowmNX2LphjCmHVOG6R0oYFudxzQXnXQOwLNgDgqW1I	s1_uxM-RDAjW9CN1nqn-jChuqyo1httPDhmONmoTndfcrk	1unN1b	qadv-arbiter-7x7-rust-lambda-v0.1.0	-	qadv-arbiter-7x7-rust-lambda-v0.1.0	-	D	P	196
g1_UowmNX2LphjCmHVOG6R0oYFudxzQXnXQOwLNgDgqW1I	s1_wVyVNJUS54owLtluIbcKoROudT3daTjwGrsNaOa44og	1unN1b	qadv-arbiter-7x7-rust-lambda-v0.1.0	-	qadv-arbiter-7x7-rust-lambda-v0.1.0	-	D	P	196
g1_Up1MoczJ9KeFNBFOl0nAhfhe_YLFOS_UnHkKWEQ9IfA	s1_61SfmtZbhmymwk2ercL336t-_opn7CvCJkLJ4oMSvOk	1unOiW	qadv-arbiter-7x7-rust-lambda-v0.1.0	-	qadv-arbiter-7x7-rust-lambda-v0.1.0	-	L	P	196
g1_Up1MoczJ9KeFNBFOl0nAhfhe_YLFOS_UnHkKWEQ9IfA	s1_7_aoNqWRJUgWX8aE-dG4ojg7wsNfzuyehv8Kfy72z1Q	1unOiW	qadv-arbiter-7x7-rust-lambda-v0.1.0	-	qadv-arbiter-7x7-rust-lambda-v0.1.0	-	L	P	196
g1_Up1MoczJ9KeFNBFOl0nAhfhe_YLFOS_UnHkKWEQ9IfA	s1_RauLaTi4eVgYHSp2TV9pqs9uzTVv0B10g9TaHMWpcZ4	1unOiW	qadv-arbiter-7x7-rust-lambda-v0.1.0	-	qadv-arbiter-7x7-rust-lambda-v0.1.0	-	L	P	-
g1_Up1MoczJ9KeFNBFOl0nAhfhe_YLFOS_UnHkKWEQ9IfA	s1_l30HfWGGnkLnqcNSmqExh0xOabQwMN7k2aW4tg8PGAs	1unOiW	qadv-arbiter-7x7-rust-lambda-v0.1.0	-	qadv-arbiter-7x7-rust-lambda-v0.1.0	-	L	P	196
g1_UpCGgPb31FlYqIGTWtZpue7_ER7BJS0IAyDb7XAEocM	s1_30YjRpTYTl_UTXhOw6U7dXcIh7EcnC7zbTobAD5Amdo	1unNip	qadv-arbiter-7x7-rust-lambda-v0.1.0	-	qadv-arbiter-7x7-rust-lambda-v0.1.0	-	L	P	196
g1_UpCGgPb31FlYqIGTWtZpue7_ER7BJS0IAyDb7XAEocM	s1_RauLaTi4eVgYHSp2TV9pqs9uzTVv0B10g9TaHMWpcZ4	1unNip	qadv-arbiter-7x7-rust-lambda-v0.1.0	-	qadv-arbiter-7x7-rust-lambda-v0.1.0	-	L	P	-
g1_UpCGgPb31FlYqIGTWtZpue7_ER7BJS0IAyDb7XAEocM	s1_fUBLlrvPkUwaWml9CfBWg4qWa9YNNU31jqDRgslEyxE	1unNip	qadv-arbiter-7x7-rust-lambda-v0.1.0	-	qadv-arbiter-7x7-rust-lambda-v0.1.0	-	L	P	196
g1_UpCGgPb31FlYqIGTWtZpue7_ER7BJS0IAyDb7XAEocM	s1_selqSR2ROtLsmox_I7-UXB4SCMCQmUgp-wxksjOhPRg	1unNip	qadv-arbiter-7x7-rust-lambda-v0.1.0	-	qadv-arbiter-7x7-rust-lambda-v0.1.0	-	L	P	196
g1_UpEhmfHu6KMTqc_zu9R3Cj0QzqB3NqZbvo5Uv3qhiqA	s1_-LEVmxegreVLSk_wJ3-cFNVg2Gn7cvYTnR-yWKZG4uk	1unPhy	qadv-arbiter-7x7-rust-lambda-v0.1.0	-	qadv-arbiter-7x7-rust-lambda-v0.1.0	-	L	P	196
g1_UpEhmfHu6KMTqc_zu9R3Cj0QzqB3NqZbvo5Uv3qhiqA	s1_6sC8_-ak5KGnf_IKlYKjk89e5XsuAva_JjQtRNSaEC8	1unPhy	qadv-arbiter-7x7-rust-lambda-v0.1.0	-	qadv-arbiter-7x7-rust-lambda-v0.1.0	-	L	P	196
g1_UpEhmfHu6KMTqc_zu9R3Cj0QzqB3NqZbvo5Uv3qhiqA	s1_B5-X3jL81tatWi6p2SqReXzTm4LDqWD56HpJF0bBHr8	1unPhy	qadv-arbiter-7x7-rust-lambda-v0.1.0	-	qadv-arbiter-7x7-rust-lambda-v0.1.0	-	L	P	196
g1_UpEhmfHu6KMTqc_zu9R3Cj0QzqB3NqZbvo5Uv3qhiqA	s1_RauLaTi4eVgYHSp2TV9pqs9uzTVv0B10g9TaHMWpcZ4	1unPhy	qadv-arbiter-7x7-rust-lambda-v0.1.0	-	qadv-arbiter-7x7-rust-lambda-v0.1.0	-	L	P	-
g1_UpOMWKZV-_wDh1zbspjlCRI70Aa9dmX0q9ufTbSsOA0	s1_1XoxENw8Z_E12JzQZ6H9rkrRJk1Wo7aAAvq4jhDVyGo	1un5dz	surveyor-v0.2.0	-	qadv-arbiter-guided-7x7-v0.2.0	sha256:9c0e5e530df7db77a98f6a2e75fe63a6f629c6ad6563e0b5454793ebc243b14d	L	P	196
g1_UpOMWKZV-_wDh1zbspjlCRI70Aa9dmX0q9ufTbSsOA0	s1_O3cuwuia8XT9TI7Nxr3tRcajOA20XFHEIT2fYX3WizY	1un4fN	surveyor-v0.2.0	-	qadv-arbiter-guided-7x7-v0.2.0	sha256:9c0e5e530df7db77a98f6a2e75fe63a6f629c6ad6563e0b5454793ebc243b14d	L	P	196
g1_UpOMWKZV-_wDh1zbspjlCRI70Aa9dmX0q9ufTbSsOA0	s1_Wm96nwaIWKpAJ3RfJi_pk_r6EF_3M78D0GXx9IBk1xo	1un5dz	surveyor-v0.2.0	-	qadv-arbiter-guided-7x7-v0.2.0	sha256:9c0e5e530df7db77a98f6a2e75fe63a6f629c6ad6563e0b5454793ebc243b14d	L	P	196
g1_UpOMWKZV-_wDh1zbspjlCRI70Aa9dmX0q9ufTbSsOA0	s1_emJec2v0tFw2IkI46lobwl3MLElw58NqRX9QnSWPQGc	1un4fN	surveyor-v0.2.0	-	qadv-arbiter-guided-7x7-v0.2.0	sha256:9c0e5e530df7db77a98f6a2e75fe63a6f629c6ad6563e0b5454793ebc243b14d	L	P	196
g1_UpOMWKZV-_wDh1zbspjlCRI70Aa9dmX0q9ufTbSsOA0	s1_iKf_jQ0552THmC-XWhe7eFzF6uRP9RxtLWuha32VvUg	1un4fN	surveyor-v0.2.0	-	qadv-arbiter-guided-7x7-v0.2.0	sha256:9c0e5e530df7db77a98f6a2e75fe63a6f629c6ad6563e0b5454793ebc243b14d	L	P	196
g1_UpOMWKZV-_wDh1zbspjlCRI70Aa9dmX0q9ufTbSsOA0	s1_oVnHx0H0hBJ22MGtoQ9afbk5R9RvLjqRwBbr5C59S7I	1un5dz	surveyor-v0.2.0	-	qadv-arbiter-guided-7x7-v0.2.0	sha256:9c0e5e530df7db77a98f6a2e75fe63a6f629c6ad6563e0b5454793ebc243b14d	L	P	196
g1_UpYUATuPdYLFLBlG2ynsQJB8RTtnjEFuFwHV3MfMNmU	s1_KeAlBGUCE8fXZ8RVYa7miNEGpmMbGLU33QIPIe8MFjQ	1unOME	qadv-arbiter-7x7-rust-lambda-v0.1.0	-	qadv-arbiter-7x7-rust-lambda-v0.1.0	-	D	P	196
g1_UpYUATuPdYLFLBlG2ynsQJB8RTtnjEFuFwHV3MfMNmU	s1_RauLaTi4eVgYHSp2TV9pqs9uzTVv0B10g9TaHMWpcZ4	1unOME	qadv-arbiter-7x7-rust-lambda-v0.1.0	-	qadv-arbiter-7x7-rust-lambda-v0.1.0	-	D	P	-
g1_UpYUATuPdYLFLBlG2ynsQJB8RTtnjEFuFwHV3MfMNmU	s1_n1ukXyLOB49wTZWppPSmlOchNIVoB9VyDISiv5b42yo	1unOME	qadv-arbiter-7x7-rust-lambda-v0.1.0	-	qadv-arbiter-7x7-rust-lambda-v0.1.0	-	D	P	196
g1_UpYUATuPdYLFLBlG2ynsQJB8RTtnjEFuFwHV3MfMNmU	s1_nW9NGeSVbwu0hCyv_KNn6-G4OroTQlZZIE9jHmJnios	1unOME	qadv-arbiter-7x7-rust-lambda-v0.1.0	-	qadv-arbiter-7x7-rust-lambda-v0.1.0	-	D	P	196
g1_Uq0M_uvKNTkamml4I4z8vCEaqczZ9hXvg0sUaA0ufBc	s1_JJbA5zOThICMdD2EwIZgFi0G3zcZ8LFFQUkAq-SxIVs	1unMXD	qadv-arbiter-7x7-rust-lambda-v0.1.0	-	qadv-arbiter-7x7-rust-lambda-v0.1.0	-	D	P	196
g1_Uq0M_uvKNTkamml4I4z8vCEaqczZ9hXvg0sUaA0ufBc	s1_OBVZYmntdnxGKIVH0RehGhw0KCWvN2I8fPCtFM985E0	1unMXD	qadv-arbiter-7x7-rust-lambda-v0.1.0	-	qadv-arbiter-7x7-rust-lambda-v0.1.0	-	D	P	196
g1_Uq0M_uvKNTkamml4I4z8vCEaqczZ9hXvg0sUaA0ufBc	s1_RauLaTi4eVgYHSp2TV9pqs9uzTVv0B10g9TaHMWpcZ4	1unMXD	qadv-arbiter-7x7-rust-lambda-v0.1.0	-	qadv-arbiter-7x7-rust-lambda-v0.1.0	-	D	P	-
g1_Uq0M_uvKNTkamml4I4z8vCEaqczZ9hXvg0sUaA0ufBc	s1_q_fiW5espFcHVbgyRZ_rBm6b5wz8DD7tuJhfg6iiXMo	1unMXD	qadv-arbiter-7x7-rust-lambda-v0.1.0	-	qadv-arbiter-7x7-rust-lambda-v0.1.0	-	D	P	196
g1_Uq0ljhs7QG5HjkyMidFfCzSJLzDAXna0pJBERIr49q0	s1_1av6nXQkq-GSHXfjkVlGHGpAq8F9UbW4JwZmyFA-vww	1DIie	python-gnn-puct-v0.1.0	sha256:6f9ad6e4a0993da3cf34a8549e86f9b5d512c51e11bfa76dfe051e7a8801bdac	python-gnn-puct-v0.1.0	sha256:6f9ad6e4a0993da3cf34a8549e86f9b5d512c51e11bfa76dfe051e7a8801bdac	D	P	196
g1_Uq0ljhs7QG5HjkyMidFfCzSJLzDAXna0pJBERIr49q0	s1_Brk0hkuJoH-MBjdd53AO5tlWcOgDWV_R0PO74fHGd_0	1DIie	python-gnn-puct-v0.1.0	sha256:6f9ad6e4a0993da3cf34a8549e86f9b5d512c51e11bfa76dfe051e7a8801bdac	python-gnn-puct-v0.1.0	sha256:6f9ad6e4a0993da3cf34a8549e86f9b5d512c51e11bfa76dfe051e7a8801bdac	D	P	196
g1_Uq0ljhs7QG5HjkyMidFfCzSJLzDAXna0pJBERIr49q0	s1_KmF8KhDbubz6lwdS8R_n_yTGdSONmH9B1wUABbyCj94	1DIie	python-gnn-puct-v0.1.0	sha256:6f9ad6e4a0993da3cf34a8549e86f9b5d512c51e11bfa76dfe051e7a8801bdac	python-gnn-puct-v0.1.0	sha256:6f9ad6e4a0993da3cf34a8549e86f9b5d512c51e11bfa76dfe051e7a8801bdac	D	P	196
g1_Uq0ljhs7QG5HjkyMidFfCzSJLzDAXna0pJBERIr49q0	s1_g5pGkHBMEhzAYvwFY0b24sSc7wC9JfnWApMHHZ_aMPI	1DIie	python-gnn-puct-v0.1.0	sha256:6f9ad6e4a0993da3cf34a8549e86f9b5d512c51e11bfa76dfe051e7a8801bdac	python-gnn-puct-v0.1.0	sha256:6f9ad6e4a0993da3cf34a8549e86f9b5d512c51e11bfa76dfe051e7a8801bdac	D	P	196
g1_Uq0ljhs7QG5HjkyMidFfCzSJLzDAXna0pJBERIr49q0	s1_tol_POp6BcgBLMWq8iDfRBQSAXpESHxFwmcCQYXv0yQ	1DIie	python-gnn-puct-v0.1.0	sha256:6f9ad6e4a0993da3cf34a8549e86f9b5d512c51e11bfa76dfe051e7a8801bdac	python-gnn-puct-v0.1.0	sha256:6f9ad6e4a0993da3cf34a8549e86f9b5d512c51e11bfa76dfe051e7a8801bdac	D	P	196
g1_Uq4i3-EFmbVW8R4nTI7ixifqZQDtNE5nKn-SPzyG_tk	s1_G2oTLKLr1USVj_tOZJikaMMuTSfg-ahSPgy4nmBZA0k	1unMhP	qadv-arbiter-7x7-rust-lambda-v0.1.0	-	qadv-arbiter-7x7-rust-lambda-v0.1.0	-	L	P	196
g1_Uq4i3-EFmbVW8R4nTI7ixifqZQDtNE5nKn-SPzyG_tk	s1_RauLaTi4eVgYHSp2TV9pqs9uzTVv0B10g9TaHMWpcZ4	1unMhP	qadv-arbiter-7x7-rust-lambda-v0.1.0	-	qadv-arbiter-7x7-rust-lambda-v0.1.0	-	L	P	-
g1_Uq4i3-EFmbVW8R4nTI7ixifqZQDtNE5nKn-SPzyG_tk	s1_SN4jvkN77lt2MPFOxEIf2zE3_iRPWQg5iaIItG-VD-w	1unMhP	qadv-arbiter-7x7-rust-lambda-v0.1.0	-	qadv-arbiter-7x7-rust-lambda-v0.1.0	-	L	P	196
g1_Uq4i3-EFmbVW8R4nTI7ixifqZQDtNE5nKn-SPzyG_tk	s1_k1I6rIJjEckDIrP-CRJ0sftj7rqntN2a8D1xXGiOk4M	1unMhP	qadv-arbiter-7x7-rust-lambda-v0.1.0	-	qadv-arbiter-7x7-rust-lambda-v0.1.0	-	L	P	196
g1_Uq826tZfPzdMIDYrctJnUwIlwFpiRPU2LpyNDOl2shg	s1_5ljWDxs2cHuicZCOrLTiAkYIjLsr60UlTp2pdgzLpFo	1un6su	qadv-arbiter-guided-7x7-v0.2.0	sha256:9c0e5e530df7db77a98f6a2e75fe63a6f629c6ad6563e0b5454793ebc243b14d	cnn-reval30k-7x7	sha256:7439239ff343dcc422cb918560b1b72433f2e13628580427343a446f349c6f5a	L	P	196
g1_Uq826tZfPzdMIDYrctJnUwIlwFpiRPU2LpyNDOl2shg	s1_O3cuwuia8XT9TI7Nxr3tRcajOA20XFHEIT2fYX3WizY	1un6su	qadv-arbiter-guided-7x7-v0.2.0	sha256:9c0e5e530df7db77a98f6a2e75fe63a6f629c6ad6563e0b5454793ebc243b14d	cnn-reval30k-7x7	sha256:7439239ff343dcc422cb918560b1b72433f2e13628580427343a446f349c6f5a	L	P	196
g1_Uq826tZfPzdMIDYrctJnUwIlwFpiRPU2LpyNDOl2shg	s1_V0LWS9svHoRw-EU00TJ9ccLmpbl0alVktC6RjcN8YsE	1un6su	qadv-arbiter-guided-7x7-v0.2.0	sha256:9c0e5e530df7db77a98f6a2e75fe63a6f629c6ad6563e0b5454793ebc243b14d	cnn-reval30k-7x7	sha256:7439239ff343dcc422cb918560b1b72433f2e13628580427343a446f349c6f5a	L	P	196
g1_Uq826tZfPzdMIDYrctJnUwIlwFpiRPU2LpyNDOl2shg	s1__sCLqkv1QowbQOLtcMj1HZM3ouupeB2AXWyXf93UYhE	1un75u	qadv-arbiter-guided-7x7-v0.2.0	sha256:9c0e5e530df7db77a98f6a2e75fe63a6f629c6ad6563e0b5454793ebc243b14d	cnn-reval30k-7x7	sha256:7439239ff343dcc422cb918560b1b72433f2e13628580427343a446f349c6f5a	L	P	196
g1_Uq826tZfPzdMIDYrctJnUwIlwFpiRPU2LpyNDOl2shg	s1_sxtZ5wkCkg2ztmYoEeuJnPS6kIKyTpUpx59OMIplfiA	1un75u	qadv-arbiter-guided-7x7-v0.2.0	sha256:9c0e5e530df7db77a98f6a2e75fe63a6f629c6ad6563e0b5454793ebc243b14d	cnn-reval30k-7x7	sha256:7439239ff343dcc422cb918560b1b72433f2e13628580427343a446f349c6f5a	L	P	196
g1_UqB0jA_cpgpSr74m9wPVFuVwisju5unenyYH02HeNwU	s1_qtlitMa-GGx-0y2heoyNRonYXf1Dq5epTexnVe9Iqtw	1umxan	python-gnn-puct-learner-v0.1.0	sha256:ab0f739cd33d66781faf60e27797c5ccba3c04ba684f8d9e32e9c2754f4e8956	python-gnn-puct-learner-v0.1.0	sha256:ab0f739cd33d66781faf60e27797c5ccba3c04ba684f8d9e32e9c2754f4e8956	L	P	196
g1_UqEQUIkAoUKcnuoB94xwcU94xS1L4GAJwpUJwd49GaE	s1_UgwErWufj1q5bjwOulyxRwyu3pE7d38Zn917RT_v7iY	1umvCt	pathfinder-deep-10k-7x7	-	pathfinder-compact-sorter-7x7	sha256:e000d50619c0241c30efdd1f5adb7a8b738c66859d33c3443c52a20f56fcc13a	L	P	80
g1_UqEryiHdjzgMYRzueIWfGvs8M-J83bEQWufy5qhUKwE	s1_EFJDhm4FV2drrgzQET3UA4wVWFmKwAP4WDq4ZpJy8uQ	1unOhd	qadv-arbiter-7x7-rust-lambda-v0.1.0	-	qadv-arbiter-7x7-rust-lambda-v0.1.0	-	D	P	196
g1_UqEryiHdjzgMYRzueIWfGvs8M-J83bEQWufy5qhUKwE	s1_IFPoz34clbXNfYny3be1VwVl8X6VzRTxG0hIDqGDadw	1unOhd	qadv-arbiter-7x7-rust-lambda-v0.1.0	-	qadv-arbiter-7x7-rust-lambda-v0.1.0	-	D	P	196
g1_UqEryiHdjzgMYRzueIWfGvs8M-J83bEQWufy5qhUKwE	s1_RauLaTi4eVgYHSp2TV9pqs9uzTVv0B10g9TaHMWpcZ4	1unOhd	qadv-arbiter-7x7-rust-lambda-v0.1.0	-	qadv-arbiter-7x7-rust-lambda-v0.1.0	-	D	P	-
g1_UqEryiHdjzgMYRzueIWfGvs8M-J83bEQWufy5qhUKwE	s1_hkfKlMN3r7hZQCwXkUoY96UjYp2wPTY7OgwIBJmz9Fk	1unOhd	qadv-arbiter-7x7-rust-lambda-v0.1.0	-	qadv-arbiter-7x7-rust-lambda-v0.1.0	-	D	P	196
g1_UqEtu92N33NY4Ags3wG6JTrcMcdppur2K7jazZniFI8	s1_1LB6NAgPOeCp4r8rQw4kUOIXWpEdWysFm5RZjWCQSgc	1umwWb	python-gnn-puct-learner-v0.1.0	sha256:ab0f739cd33d66781faf60e27797c5ccba3c04ba684f8d9e32e9c2754f4e8956	python-gnn-puct-learner-v0.1.0	sha256:ab0f739cd33d66781faf60e27797c5ccba3c04ba684f8d9e32e9c2754f4e8956	D	P	196
g1_UqEtu92N33NY4Ags3wG6JTrcMcdppur2K7jazZniFI8	s1_P4NHYhwuVnEA-dG2X-UVeVotb84A5mwljbYTlTMqr8w	1umwWb	python-gnn-puct-learner-v0.1.0	sha256:ab0f739cd33d66781faf60e27797c5ccba3c04ba684f8d9e32e9c2754f4e8956	python-gnn-puct-learner-v0.1.0	sha256:ab0f739cd33d66781faf60e27797c5ccba3c04ba684f8d9e32e9c2754f4e8956	D	P	196
g1_UqKf6X_-qxvdCssKSjm-QuuTE3c1OrJiHklhLrjUae0	s1_1OUBtZbo0ZJ9m_PT0aYK-_FK20usULbHNYBQ3rSKB8Q	1unME-	qadv-arbiter-7x7-rust-lambda-v0.1.0	-	qadv-arbiter-7x7-rust-lambda-v0.1.0	-	L	P	196
g1_UqKf6X_-qxvdCssKSjm-QuuTE3c1OrJiHklhLrjUae0	s1_HUmFHqCsMxXvffRQODRlBTa0tC4lDVgvAhWpgSlbAo4	1unME-	qadv-arbiter-7x7-rust-lambda-v0.1.0	-	qadv-arbiter-7x7-rust-lambda-v0.1.0	-	L	P	196
g1_UqKf6X_-qxvdCssKSjm-QuuTE3c1OrJiHklhLrjUae0	s1_Ol4I05HD-226zeWEEM5jOMGX6uXC2jg4jvEEsKH0ow8	1unME-	qadv-arbiter-7x7-rust-lambda-v0.1.0	-	qadv-arbiter-7x7-rust-lambda-v0.1.0	-	L	P	196
g1_UqKf6X_-qxvdCssKSjm-QuuTE3c1OrJiHklhLrjUae0	s1_RauLaTi4eVgYHSp2TV9pqs9uzTVv0B10g9TaHMWpcZ4	1unME-	qadv-arbiter-7x7-rust-lambda-v0.1.0	-	qadv-arbiter-7x7-rust-lambda-v0.1.0	-	L	P	-
g1_UqP19GZvDm_VojR15sSLs-3UFFr53MMpJGlUJxyKi5o	s1_1av6nXQkq-GSHXfjkVlGHGpAq8F9UbW4JwZmyFA-vww	1DJH2	python-gnn-puct-v0.1.0	-	python-gnn-puct-v0.1.0	-	D	P	-
g1_UqP19GZvDm_VojR15sSLs-3UFFr53MMpJGlUJxyKi5o	s1_Brk0hkuJoH-MBjdd53AO5tlWcOgDWV_R0PO74fHGd_0	1DJH2	python-gnn-puct-v0.1.0	-	python-gnn-puct-v0.1.0	-	D	P	-
g1_UqP19GZvDm_VojR15sSLs-3UFFr53MMpJGlUJxyKi5o	s1_KmF8KhDbubz6lwdS8R_n_yTGdSONmH9B1wUABbyCj94	1DJH2	python-gnn-puct-v0.1.0	-	python-gnn-puct-v0.1.0	-	D	P	-
g1_UqP19GZvDm_VojR15sSLs-3UFFr53MMpJGlUJxyKi5o	s1_XDejjrVFoHxFyPVk1MrloSqk0zwX53WIrtezcDawd6E	1DJH2	python-gnn-puct-v0.1.0	-	python-gnn-puct-v0.1.0	-	D	P	-
g1_UqP19GZvDm_VojR15sSLs-3UFFr53MMpJGlUJxyKi5o	s1_g5pGkHBMEhzAYvwFY0b24sSc7wC9JfnWApMHHZ_aMPI	1DJH2	python-gnn-puct-v0.1.0	-	python-gnn-puct-v0.1.0	-	D	P	-
g1_UqVt5sBAJLfx5gdXbujMFw6y0Dxml-LAlEFxUMxa_Mc	s1_1av6nXQkq-GSHXfjkVlGHGpAq8F9UbW4JwZmyFA-vww	1DIb3	lunatic-v0.1.0	-	rust-pathfinder-v0.1.0	-	D	P	-
g1_UqVt5sBAJLfx5gdXbujMFw6y0Dxml-LAlEFxUMxa_Mc	s1_9Eroywf7tuDrn-hcfZPjlEa1DSRUykCRn9Z11u8ySIo	1DIb3	lunatic-v0.1.0	-	rust-pathfinder-v0.1.0	-	D	P	-
g1_UqVt5sBAJLfx5gdXbujMFw6y0Dxml-LAlEFxUMxa_Mc	s1_Brk0hkuJoH-MBjdd53AO5tlWcOgDWV_R0PO74fHGd_0	1DIb3	lunatic-v0.1.0	-	rust-pathfinder-v0.1.0	-	D	P	-
g1_UqVt5sBAJLfx5gdXbujMFw6y0Dxml-LAlEFxUMxa_Mc	s1_KmF8KhDbubz6lwdS8R_n_yTGdSONmH9B1wUABbyCj94	1DIb3	lunatic-v0.1.0	-	rust-pathfinder-v0.1.0	-	D	P	-
g1_UqVt5sBAJLfx5gdXbujMFw6y0Dxml-LAlEFxUMxa_Mc	s1_MKrI0a3Qd48rU7oZj28GrlQ3cHhIbUzS5ibiIW9aKy4	1DIb3	lunatic-v0.1.0	-	rust-pathfinder-v0.1.0	-	D	P	-
g1_UqVt5sBAJLfx5gdXbujMFw6y0Dxml-LAlEFxUMxa_Mc	s1_XloMUS0hxYEXf762lcPfaudsLmsH-CsOVZNVVU_obcA	1DIb3	lunatic-v0.1.0	-	rust-pathfinder-v0.1.0	-	D	P	-
g1_UqVt5sBAJLfx5gdXbujMFw6y0Dxml-LAlEFxUMxa_Mc	s1_g5pGkHBMEhzAYvwFY0b24sSc7wC9JfnWApMHHZ_aMPI	1DIb3	lunatic-v0.1.0	-	rust-pathfinder-v0.1.0	-	D	P	-
g1_UqaCY5B9W7UtfDR8k_aG8jpLBFmPWDCm1__9feMecqw	s1_7azIHLAi3rcaGHEBuk8IalPHH_3wplUpzPD8S1TN5GY	1unPNe	qadv-arbiter-7x7-rust-lambda-v0.1.0	-	qadv-arbiter-7x7-rust-lambda-v0.1.0	-	L	P	196
g1_UqaCY5B9W7UtfDR8k_aG8jpLBFmPWDCm1__9feMecqw	s1_RauLaTi4eVgYHSp2TV9pqs9uzTVv0B10g9TaHMWpcZ4	1unPNe	qadv-arbiter-7x7-rust-lambda-v0.1.0	-	qadv-arbiter-7x7-rust-lambda-v0.1.0	-	L	P	-
g1_UqaCY5B9W7UtfDR8k_aG8jpLBFmPWDCm1__9feMecqw	s1_cdjeBNq7RI9bTOCpoBofVE6XFgVv-j-QJ34nHswKgps	1unPNe	qadv-arbiter-7x7-rust-lambda-v0.1.0	-	qadv-arbiter-7x7-rust-lambda-v0.1.0	-	L	P	196
g1_UqaCY5B9W7UtfDR8k_aG8jpLBFmPWDCm1__9feMecqw	s1_xN1k3d3TRumbSkGvIaQePe7t17krWiDGAW_19uxBayM	1unPNe	qadv-arbiter-7x7-rust-lambda-v0.1.0	-	qadv-arbiter-7x7-rust-lambda-v0.1.0	-	L	P	196
g1_UqkfV8rOQO0EUNZ1I2wuMoQvH4DP8SiL-6mccpl-PhU	s1_1bUXLXcXGVLdTrkwRv-1DSUGlHXF8P6IzUxvSgH2iH4	1unMQs	qadv-arbiter-7x7-rust-lambda-v0.1.0	-	qadv-arbiter-7x7-rust-lambda-v0.1.0	-	L	P	196
g1_UqkfV8rOQO0EUNZ1I2wuMoQvH4DP8SiL-6mccpl-PhU	s1_IOF2zwUfjoqN7Av3Z8Zpv_g8SHuLeeTQYp4iIYMEq7E	1unMQs	qadv-arbiter-7x7-rust-lambda-v0.1.0	-	qadv-arbiter-7x7-rust-lambda-v0.1.0	-	L	P	196
g1_UqkfV8rOQO0EUNZ1I2wuMoQvH4DP8SiL-6mccpl-PhU	s1_RauLaTi4eVgYHSp2TV9pqs9uzTVv0B10g9TaHMWpcZ4	1unMQs	qadv-arbiter-7x7-rust-lambda-v0.1.0	-	qadv-arbiter-7x7-rust-lambda-v0.1.0	-	L	P	-
g1_UqkfV8rOQO0EUNZ1I2wuMoQvH4DP8SiL-6mccpl-PhU	s1_kP8RUNNhZ0R-Br0uWHdz9s9XgOEbe5f7oCWLqWDsdi4	1unMQs	qadv-arbiter-7x7-rust-lambda-v0.1.0	-	qadv-arbiter-7x7-rust-lambda-v0.1.0	-	L	P	196
g1_UqsjnV1Gc5hv6VkJDBJHCWLNI0zhXCovB1Z2glUSkcY	s1_1av6nXQkq-GSHXfjkVlGHGpAq8F9UbW4JwZmyFA-vww	1umvCX	coin-flip-v0.0.1	-	pathfinder-v0.3.0	-	D	P	196
g1_UqsjnV1Gc5hv6VkJDBJHCWLNI0zhXCovB1Z2glUSkcY	s1_Brk0hkuJoH-MBjdd53AO5tlWcOgDWV_R0PO74fHGd_0	1umvCX	coin-flip-v0.0.1	-	pathfinder-v0.3.0	-	D	P	196
g1_UqsjnV1Gc5hv6VkJDBJHCWLNI0zhXCovB1Z2glUSkcY	s1_QzXKB60HvV5g6-cJIu-NdpeFb1rCgFAJD1cxfdkoMm0	1umvCX	coin-flip-v0.0.1	-	pathfinder-v0.3.0	-	D	P	196
g1_UqsrOS39jZPq4F1fI1OeWUnLs5otzuTx8pqRKxScTmg	s1_PTK1oPlT7dk3ltEd4oTpOv46hiGQmxwinkVAV6KSR1c	1unM6S	qadv-arbiter-7x7-rust-lambda-v0.1.0	-	qadv-arbiter-7x7-rust-lambda-v0.1.0	-	D	P	196
g1_UqsrOS39jZPq4F1fI1OeWUnLs5otzuTx8pqRKxScTmg	s1_RauLaTi4eVgYHSp2TV9pqs9uzTVv0B10g9TaHMWpcZ4	1unM6S	qadv-arbiter-7x7-rust-lambda-v0.1.0	-	qadv-arbiter-7x7-rust-lambda-v0.1.0	-	D	P	-
g1_UqsrOS39jZPq4F1fI1OeWUnLs5otzuTx8pqRKxScTmg	s1_fEgK7lWT2xV1ClBh-qY8GYzuCfMAdFdYtKFjsKF06Z8	1unM6S	qadv-arbiter-7x7-rust-lambda-v0.1.0	-	qadv-arbiter-7x7-rust-lambda-v0.1.0	-	D	P	196
g1_UqsrOS39jZPq4F1fI1OeWUnLs5otzuTx8pqRKxScTmg	s1_ou-Hp9C4dVfzG2UX4InHh2hBsRodNVJ91tcXIKSKrsc	1unM6S	qadv-arbiter-7x7-rust-lambda-v0.1.0	-	qadv-arbiter-7x7-rust-lambda-v0.1.0	-	D	P	196
g1_UrANu7izV76NgbayoOuG2NWO_rugXEq1fgj2Uml_64g	s1_yylEi3_nmT0rCukeYOe50mTdwYFXaHx7kh2447XVleM	1umwO3	rust-pathfinder-v0.3.0	-	rust-pathfinder-onnx-sorter-v0.1.0	-	L	P	120
g1_UrS65U1W5f6nyDPGMbDTIVo5b_DKqvYStCMYyJk_el4	s1_Bjp4dH02g7_PSmXWLNISIOjN9NfaSWm7mJi0p_B5YFI	1unNWr	qadv-arbiter-7x7-rust-lambda-v0.1.0	-	qadv-arbiter-7x7-rust-lambda-v0.1.0	-	L	P	196
g1_UrS65U1W5f6nyDPGMbDTIVo5b_DKqvYStCMYyJk_el4	s1_KpesCY_qSIMTOSUJMAGRQcJ8FLuGturacVSaYFM4S7M	1unNWr	qadv-arbiter-7x7-rust-lambda-v0.1.0	-	qadv-arbiter-7x7-rust-lambda-v0.1.0	-	L	P	196
g1_UrS65U1W5f6nyDPGMbDTIVo5b_DKqvYStCMYyJk_el4	s1_RauLaTi4eVgYHSp2TV9pqs9uzTVv0B10g9TaHMWpcZ4	1unNWr	qadv-arbiter-7x7-rust-lambda-v0.1.0	-	qadv-arbiter-7x7-rust-lambda-v0.1.0	-	L	P	-
g1_UrS65U1W5f6nyDPGMbDTIVo5b_DKqvYStCMYyJk_el4	s1_pYBvqX7iZCh5jl54ZTDh0lIVD44CJT8rqtU8Ra_CxUs	1unNWr	qadv-arbiter-7x7-rust-lambda-v0.1.0	-	qadv-arbiter-7x7-rust-lambda-v0.1.0	-	L	P	196
g1_Ur_kUsygYaCY5tO5agwwFv-zozVJZbeCBVacAy9a-kc	s1_7FIu85-v_e-kbNsQ2UNk3yRt-KGcLyUjpmVwIc9cnfM	1umwCP	python-gnn-puct-scout-v0.1.0	sha256:b9f80706cc1f29076ee06fe06483697c749148a808c599579045d00a52573938	python-gnn-puct-scout-v0.1.0	sha256:b9f80706cc1f29076ee06fe06483697c749148a808c599579045d00a52573938	L	P	196
g1_Ur_kUsygYaCY5tO5agwwFv-zozVJZbeCBVacAy9a-kc	s1_S8AGNBNcWBvWiwIo-AOAHPoHuZo2XvcsYvhgQxGTkrY	1umwCP	python-gnn-puct-scout-v0.1.0	sha256:b9f80706cc1f29076ee06fe06483697c749148a808c599579045d00a52573938	python-gnn-puct-scout-v0.1.0	sha256:b9f80706cc1f29076ee06fe06483697c749148a808c599579045d00a52573938	L	P	196
g1_UraS9KTGtFL1qtN6q73seN5UNJzw7JFxGysZ5XRXzp8	s1_9laM7AS9k_xyRBklLbpyl6XFagqo_xw3y4IvGl5sLfQ	1unOrM	qadv-arbiter-7x7-rust-lambda-v0.1.0	-	qadv-arbiter-7x7-rust-lambda-v0.1.0	-	L	P	196
g1_UraS9KTGtFL1qtN6q73seN5UNJzw7JFxGysZ5XRXzp8	s1_PtrXZdli869xVZ751Rx80a8Fkr6y34PFU4gTOwKtOZc	1unOrM	qadv-arbiter-7x7-rust-lambda-v0.1.0	-	qadv-arbiter-7x7-rust-lambda-v0.1.0	-	L	P	196
g1_UraS9KTGtFL1qtN6q73seN5UNJzw7JFxGysZ5XRXzp8	s1_RauLaTi4eVgYHSp2TV9pqs9uzTVv0B10g9TaHMWpcZ4	1unOrM	qadv-arbiter-7x7-rust-lambda-v0.1.0	-	qadv-arbiter-7x7-rust-lambda-v0.1.0	-	L	P	-
g1_UraS9KTGtFL1qtN6q73seN5UNJzw7JFxGysZ5XRXzp8	s1_aalHU9Gs-tXNN32sBTuX4b8ltD2tasNhGveAVbBgM2Y	1unOrM	qadv-arbiter-7x7-rust-lambda-v0.1.0	-	qadv-arbiter-7x7-rust-lambda-v0.1.0	-	L	P	196
g1_UrjpR1-n9t_6KgLk3WKSgI9yMWNaAt25z2e_C7Ot1ao	s1_GAcvtxwD-Jrn9Q-B78c7E73-Pc__RynWiKAnl1He8J0	1unNcl	qadv-arbiter-7x7-rust-lambda-v0.1.0	-	qadv-arbiter-7x7-rust-lambda-v0.1.0	-	D	P	196
g1_UrjpR1-n9t_6KgLk3WKSgI9yMWNaAt25z2e_C7Ot1ao	s1_JunYjmcKxnqFKMIg2a6KSJvgM_wC4ZsvmB0NIzuQUBw	1unNcl	qadv-arbiter-7x7-rust-lambda-v0.1.0	-	qadv-arbiter-7x7-rust-lambda-v0.1.0	-	D	P	196
g1_UrjpR1-n9t_6KgLk3WKSgI9yMWNaAt25z2e_C7Ot1ao	s1_RauLaTi4eVgYHSp2TV9pqs9uzTVv0B10g9TaHMWpcZ4	1unNcl	qadv-arbiter-7x7-rust-lambda-v0.1.0	-	qadv-arbiter-7x7-rust-lambda-v0.1.0	-	D	P	-
g1_UrjpR1-n9t_6KgLk3WKSgI9yMWNaAt25z2e_C7Ot1ao	s1_sqYTFgY-dpOQJlgf8SODG7PKRvbllBUBE-0pw6Yr30I	1unNcl	qadv-arbiter-7x7-rust-lambda-v0.1.0	-	qadv-arbiter-7x7-rust-lambda-v0.1.0	-	D	P	196
g1_Urp652HfM0oOpjPZSWVnC7r0_sjEpgwxb9qszUfj9Eo	s1_7FIu85-v_e-kbNsQ2UNk3yRt-KGcLyUjpmVwIc9cnfM	1umwNI	python-gnn-puct-scout-v0.1.0	sha256:b9f80706cc1f29076ee06fe06483697c749148a808c599579045d00a52573938	python-gnn-puct-scout-v0.1.0	sha256:b9f80706cc1f29076ee06fe06483697c749148a808c599579045d00a52573938	L	P	196
g1_Urp652HfM0oOpjPZSWVnC7r0_sjEpgwxb9qszUfj9Eo	s1_S8AGNBNcWBvWiwIo-AOAHPoHuZo2XvcsYvhgQxGTkrY	1umwNI	python-gnn-puct-scout-v0.1.0	sha256:b9f80706cc1f29076ee06fe06483697c749148a808c599579045d00a52573938	python-gnn-puct-scout-v0.1.0	sha256:b9f80706cc1f29076ee06fe06483697c749148a808c599579045d00a52573938	L	P	196
g1_UrqGZ8Kyl7NNYkcOoEXcg19zA4EvsN-5q5_rIiibyFQ	s1_6P7uB0hiV1X9UOJMWbZOHKZtn3E700PuFexz5QifPFA	1unMsN	qadv-arbiter-7x7-rust-lambda-v0.1.0	-	qadv-arbiter-7x7-rust-lambda-v0.1.0	-	D	P	196
g1_UrqGZ8Kyl7NNYkcOoEXcg19zA4EvsN-5q5_rIiibyFQ	s1_7klMXuyA6nXu2E9uAlUTcY9Jzw1TPAqx1XyMOUpia8c	1unMsN	qadv-arbiter-7x7-rust-lambda-v0.1.0	-	qadv-arbiter-7x7-rust-lambda-v0.1.0	-	D	P	196
g1_UrqGZ8Kyl7NNYkcOoEXcg19zA4EvsN-5q5_rIiibyFQ	s1_EtSZfzLh1R89jCWFJORj09uHUW9-IxIboFOW4W8yaGk	1unMsN	qadv-arbiter-7x7-rust-lambda-v0.1.0	-	qadv-arbiter-7x7-rust-lambda-v0.1.0	-	D	P	196
g1_UrqGZ8Kyl7NNYkcOoEXcg19zA4EvsN-5q5_rIiibyFQ	s1_RauLaTi4eVgYHSp2TV9pqs9uzTVv0B10g9TaHMWpcZ4	1unMsN	qadv-arbiter-7x7-rust-lambda-v0.1.0	-	qadv-arbiter-7x7-rust-lambda-v0.1.0	-	D	P	-
g1_Urr293xaiFr9UWXVAN4l4ZZFQQ6G2dgv3f4zQRTzhxU	s1_05TtB8Ztc-gjay8Jc5fnmDZozgGPSzcpooq1qbt2pTE	1unPi7	qadv-arbiter-7x7-rust-lambda-v0.1.0	-	qadv-arbiter-7x7-rust-lambda-v0.1.0	-	D	P	196
g1_Urr293xaiFr9UWXVAN4l4ZZFQQ6G2dgv3f4zQRTzhxU	s1_RauLaTi4eVgYHSp2TV9pqs9uzTVv0B10g9TaHMWpcZ4	1unPi7	qadv-arbiter-7x7-rust-lambda-v0.1.0	-	qadv-arbiter-7x7-rust-lambda-v0.1.0	-	D	P	-
g1_Urr293xaiFr9UWXVAN4l4ZZFQQ6G2dgv3f4zQRTzhxU	s1_Z38shAIHI0MYegazhWgWvRQ76eM7LhCRw6c_BudVykk	1unPi7	qadv-arbiter-7x7-rust-lambda-v0.1.0	-	qadv-arbiter-7x7-rust-lambda-v0.1.0	-	D	P	196
g1_Urr293xaiFr9UWXVAN4l4ZZFQQ6G2dgv3f4zQRTzhxU	s1_kfKfGNSSNc8yhpMFFGP_zgdun8g1vYEnY3o2E6xoRcA	1unPi7	qadv-arbiter-7x7-rust-lambda-v0.1.0	-	qadv-arbiter-7x7-rust-lambda-v0.1.0	-	D	P	196
g1_UrzMc2GUYR9z-nLmSXfodXb9QVvl5WXWU5E7O6Q7Drw	s1_1av6nXQkq-GSHXfjkVlGHGpAq8F9UbW4JwZmyFA-vww	1DIgX	python-gnn-puct-v0.1.0	sha256:6f9ad6e4a0993da3cf34a8549e86f9b5d512c51e11bfa76dfe051e7a8801bdac	python-gnn-puct-v0.1.0	sha256:6f9ad6e4a0993da3cf34a8549e86f9b5d512c51e11bfa76dfe051e7a8801bdac	L	P	196
g1_UrzMc2GUYR9z-nLmSXfodXb9QVvl5WXWU5E7O6Q7Drw	s1_Brk0hkuJoH-MBjdd53AO5tlWcOgDWV_R0PO74fHGd_0	1DIgX	python-gnn-puct-v0.1.0	sha256:6f9ad6e4a0993da3cf34a8549e86f9b5d512c51e11bfa76dfe051e7a8801bdac	python-gnn-puct-v0.1.0	sha256:6f9ad6e4a0993da3cf34a8549e86f9b5d512c51e11bfa76dfe051e7a8801bdac	L	P	196
g1_UrzMc2GUYR9z-nLmSXfodXb9QVvl5WXWU5E7O6Q7Drw	s1_KmF8KhDbubz6lwdS8R_n_yTGdSONmH9B1wUABbyCj94	1DIgX	python-gnn-puct-v0.1.0	sha256:6f9ad6e4a0993da3cf34a8549e86f9b5d512c51e11bfa76dfe051e7a8801bdac	python-gnn-puct-v0.1.0	sha256:6f9ad6e4a0993da3cf34a8549e86f9b5d512c51e11bfa76dfe051e7a8801bdac	L	P	196
g1_UrzMc2GUYR9z-nLmSXfodXb9QVvl5WXWU5E7O6Q7Drw	s1_g5pGkHBMEhzAYvwFY0b24sSc7wC9JfnWApMHHZ_aMPI	1DIgX	python-gnn-puct-v0.1.0	sha256:6f9ad6e4a0993da3cf34a8549e86f9b5d512c51e11bfa76dfe051e7a8801bdac	python-gnn-puct-v0.1.0	sha256:6f9ad6e4a0993da3cf34a8549e86f9b5d512c51e11bfa76dfe051e7a8801bdac	L	P	196
g1_UrzMc2GUYR9z-nLmSXfodXb9QVvl5WXWU5E7O6Q7Drw	s1_tol_POp6BcgBLMWq8iDfRBQSAXpESHxFwmcCQYXv0yQ	1DIgX	python-gnn-puct-v0.1.0	sha256:6f9ad6e4a0993da3cf34a8549e86f9b5d512c51e11bfa76dfe051e7a8801bdac	python-gnn-puct-v0.1.0	sha256:6f9ad6e4a0993da3cf34a8549e86f9b5d512c51e11bfa76dfe051e7a8801bdac	L	P	196
g1_Us4-uaPO4hyVH4ptNokyISgRnijft2Xy3QTfKZOPB7M	s1_1av6nXQkq-GSHXfjkVlGHGpAq8F9UbW4JwZmyFA-vww	1umvKR	gnn-warmstart-7x7	sha256:e000d50619c0241c30efdd1f5adb7a8b738c66859d33c3443c52a20f56fcc13a	surveyor-v0.2.0	-	D	P	196
g1_Us4-uaPO4hyVH4ptNokyISgRnijft2Xy3QTfKZOPB7M	s1_QzXKB60HvV5g6-cJIu-NdpeFb1rCgFAJD1cxfdkoMm0	1umvKR	gnn-warmstart-7x7	sha256:e000d50619c0241c30efdd1f5adb7a8b738c66859d33c3443c52a20f56fcc13a	surveyor-v0.2.0	-	D	P	196
g1_Us4-uaPO4hyVH4ptNokyISgRnijft2Xy3QTfKZOPB7M	s1_mWPTef6xYbijjPhDIC6QgLRmu2mMSJAokNlIkx3vg54	1umvKR	gnn-warmstart-7x7	sha256:e000d50619c0241c30efdd1f5adb7a8b738c66859d33c3443c52a20f56fcc13a	surveyor-v0.2.0	-	D	P	196
g1_Us4psPqAPZ9D8QJCzEEtROglKSTxxaLkl6HwCIScrIY	s1_3e0BOaXHEuu7N2-kn1CENtBcVOQLmax1p4VO2zQV2gQ	1unP2B	qadv-arbiter-7x7-rust-lambda-v0.1.0	-	qadv-arbiter-7x7-rust-lambda-v0.1.0	-	L	P	196
g1_Us4psPqAPZ9D8QJCzEEtROglKSTxxaLkl6HwCIScrIY	s1_LAwszMs_MIpcKnQrCXpCDPR_i4kIHQ1drgoXKtNzKnM	1unP2B	qadv-arbiter-7x7-rust-lambda-v0.1.0	-	qadv-arbiter-7x7-rust-lambda-v0.1.0	-	L	P	196
g1_Us4psPqAPZ9D8QJCzEEtROglKSTxxaLkl6HwCIScrIY	s1_RauLaTi4eVgYHSp2TV9pqs9uzTVv0B10g9TaHMWpcZ4	1unP2B	qadv-arbiter-7x7-rust-lambda-v0.1.0	-	qadv-arbiter-7x7-rust-lambda-v0.1.0	-	L	P	-
g1_Us4psPqAPZ9D8QJCzEEtROglKSTxxaLkl6HwCIScrIY	s1_uLf4iIFl0Da4d8FmoIvv3uzWAyBK7fs9tZy383d3r4E	1unP2B	qadv-arbiter-7x7-rust-lambda-v0.1.0	-	qadv-arbiter-7x7-rust-lambda-v0.1.0	-	L	P	196
g1_UsBMcg3hlE2x4iSnuF-Y5BCucO-OidegZaByG-sCmBk	s1_IyVRIC9GW1RWyov62JAKu4i2lcErl8gr0foNbuS4LZc	1unOv7	qadv-arbiter-7x7-rust-lambda-v0.1.0	-	qadv-arbiter-7x7-rust-lambda-v0.1.0	-	L	P	196
g1_UsBMcg3hlE2x4iSnuF-Y5BCucO-OidegZaByG-sCmBk	s1_NrHvwEIzDTK6WbysNQARjgkxAn2J9rwUMjhbfSVu_NQ	1unOv7	qadv-arbiter-7x7-rust-lambda-v0.1.0	-	qadv-arbiter-7x7-rust-lambda-v0.1.0	-	L	P	196
g1_UsBMcg3hlE2x4iSnuF-Y5BCucO-OidegZaByG-sCmBk	s1_RauLaTi4eVgYHSp2TV9pqs9uzTVv0B10g9TaHMWpcZ4	1unOv7	qadv-arbiter-7x7-rust-lambda-v0.1.0	-	qadv-arbiter-7x7-rust-lambda-v0.1.0	-	L	P	-
g1_UsBMcg3hlE2x4iSnuF-Y5BCucO-OidegZaByG-sCmBk	s1_iUt19gG1W6tSX8INDo-rLfmMyGjOs8ydFUcKDU91ToE	1unOv7	qadv-arbiter-7x7-rust-lambda-v0.1.0	-	qadv-arbiter-7x7-rust-lambda-v0.1.0	-	L	P	196
g1_UsHFsye4LpZZ7ccKPCsICZ6htYpFgFVdDy5V0R8iyOo	s1_DiMBMX4BkwlFonYJQZBG-59_oapSxvfuTXr6c35e0bI	1unPXN	qadv-arbiter-7x7-rust-lambda-v0.1.0	-	qadv-arbiter-7x7-rust-lambda-v0.1.0	-	D	P	196
g1_UsHFsye4LpZZ7ccKPCsICZ6htYpFgFVdDy5V0R8iyOo	s1_FNwxhrcbYbOjwcV-B-csQgW_xWlgkoUdpw2UNWwF3Ps	1unPXN	qadv-arbiter-7x7-rust-lambda-v0.1.0	-	qadv-arbiter-7x7-rust-lambda-v0.1.0	-	D	P	196
g1_UsHFsye4LpZZ7ccKPCsICZ6htYpFgFVdDy5V0R8iyOo	s1_RauLaTi4eVgYHSp2TV9pqs9uzTVv0B10g9TaHMWpcZ4	1unPXN	qadv-arbiter-7x7-rust-lambda-v0.1.0	-	qadv-arbiter-7x7-rust-lambda-v0.1.0	-	D	P	-
g1_UsHFsye4LpZZ7ccKPCsICZ6htYpFgFVdDy5V0R8iyOo	s1_i3HDTShtYgNjq7BLMmIPLkkqzOkmppk_j74QUYWlwdA	1unPXN	qadv-arbiter-7x7-rust-lambda-v0.1.0	-	qadv-arbiter-7x7-rust-lambda-v0.1.0	-	D	P	196
g1_UsMW8tHtQ8hnzBpRZtHFi_60DmA4lFli6faXn03Ules	s1_flXyOBW6T9LLVDFIvXBGel1MoVNZcUcMFIJnB9yLapU	1umxFF	python-gnn-puct-reval30k-v0.1.0	sha256:6120be86fc469df71473c3de64e5e32f99694cd47d621fa5948f243dc51d3d21	python-gnn-puct-reval30k-v0.1.0	sha256:6120be86fc469df71473c3de64e5e32f99694cd47d621fa5948f243dc51d3d21	L	P	196
g1_UsO7TwRrUfRSPxtVtXgtjylbxcIX3EqKWKbzojpuVUg	s1_2FtaP75xgRVTNrUvmC0NIesJCNy8IDFJ05WNM4nUnpg	1unR2R	lunatic-v0.1.0	-	qadv-arbiter-7x7-v0.1.0	-	L	P	196
g1_UsO7TwRrUfRSPxtVtXgtjylbxcIX3EqKWKbzojpuVUg	s1_EbsxBCHilMr0_sCEEKVf1KXwrB1dLWO4aExlsMyH_3Q	1unR2R	lunatic-v0.1.0	-	qadv-arbiter-7x7-v0.1.0	-	L	P	196
g1_UsO7TwRrUfRSPxtVtXgtjylbxcIX3EqKWKbzojpuVUg	s1_RauLaTi4eVgYHSp2TV9pqs9uzTVv0B10g9TaHMWpcZ4	1unR2R	lunatic-v0.1.0	-	qadv-arbiter-7x7-v0.1.0	-	L	P	-
g1_UsO7TwRrUfRSPxtVtXgtjylbxcIX3EqKWKbzojpuVUg	s1_jkoE1AydTokODgBZZiGqT1s8KGpaBss7VktCykndM0Q	1unR2R	lunatic-v0.1.0	-	qadv-arbiter-7x7-v0.1.0	-	L	P	196
g1_UsOiy1gvd-aQZB3gFz-zRQuFc9oa3RJ6TBlxUARb_7o	s1_1av6nXQkq-GSHXfjkVlGHGpAq8F9UbW4JwZmyFA-vww	1DIk8	python-gnn-puct-v0.1.0	sha256:6f9ad6e4a0993da3cf34a8549e86f9b5d512c51e11bfa76dfe051e7a8801bdac	python-gnn-puct-v0.1.0	sha256:6f9ad6e4a0993da3cf34a8549e86f9b5d512c51e11bfa76dfe051e7a8801bdac	-	M	196
g1_UsOiy1gvd-aQZB3gFz-zRQuFc9oa3RJ6TBlxUARb_7o	s1_del54SUFELBov5vQFrhsVexn6D9EhUPDFZpXuqC6eCI	1DIk8	python-gnn-puct-v0.1.0	sha256:6f9ad6e4a0993da3cf34a8549e86f9b5d512c51e11bfa76dfe051e7a8801bdac	python-gnn-puct-v0.1.0	sha256:6f9ad6e4a0993da3cf34a8549e86f9b5d512c51e11bfa76dfe051e7a8801bdac	-	M	196
g1_UsOiy1gvd-aQZB3gFz-zRQuFc9oa3RJ6TBlxUARb_7o	s1_g5pGkHBMEhzAYvwFY0b24sSc7wC9JfnWApMHHZ_aMPI	1DIk8	python-gnn-puct-v0.1.0	sha256:6f9ad6e4a0993da3cf34a8549e86f9b5d512c51e11bfa76dfe051e7a8801bdac	python-gnn-puct-v0.1.0	sha256:6f9ad6e4a0993da3cf34a8549e86f9b5d512c51e11bfa76dfe051e7a8801bdac	-	M	196
g1_UsOiy1gvd-aQZB3gFz-zRQuFc9oa3RJ6TBlxUARb_7o	s1_mWPTef6xYbijjPhDIC6QgLRmu2mMSJAokNlIkx3vg54	1DIk8	python-gnn-puct-v0.1.0	sha256:6f9ad6e4a0993da3cf34a8549e86f9b5d512c51e11bfa76dfe051e7a8801bdac	python-gnn-puct-v0.1.0	sha256:6f9ad6e4a0993da3cf34a8549e86f9b5d512c51e11bfa76dfe051e7a8801bdac	-	M	196
g1_UsOiy1gvd-aQZB3gFz-zRQuFc9oa3RJ6TBlxUARb_7o	s1_tol_POp6BcgBLMWq8iDfRBQSAXpESHxFwmcCQYXv0yQ	1DIk8	python-gnn-puct-v0.1.0	sha256:6f9ad6e4a0993da3cf34a8549e86f9b5d512c51e11bfa76dfe051e7a8801bdac	python-gnn-puct-v0.1.0	sha256:6f9ad6e4a0993da3cf34a8549e86f9b5d512c51e11bfa76dfe051e7a8801bdac	-	M	196
g1_UsZvxrlSBVnigFkPD_EoEttvqFmjks0mrKgB6L9Kwks	s1__fmnSv6OnZklVvMPUjPdL6drtvfrJptRYX3nxZQO8jI	1umxlG	python-gnn-puct-scout-v0.1.0	sha256:b9f80706cc1f29076ee06fe06483697c749148a808c599579045d00a52573938	python-gnn-puct-scout-v0.1.0	sha256:b9f80706cc1f29076ee06fe06483697c749148a808c599579045d00a52573938	D	P	196
g1_Usy2Z-d24XKUX8o0B_5gUYcjrTJ-RPn9xXn0u1_ERn0	s1_D1zLNNwiUaEOcZ6B7lkyxMf7CZOLumRVnODrFeHzowE	1unNI8	qadv-arbiter-7x7-rust-lambda-v0.1.0	-	qadv-arbiter-7x7-rust-lambda-v0.1.0	-	L	P	196
g1_Usy2Z-d24XKUX8o0B_5gUYcjrTJ-RPn9xXn0u1_ERn0	s1_RauLaTi4eVgYHSp2TV9pqs9uzTVv0B10g9TaHMWpcZ4	1unNI8	qadv-arbiter-7x7-rust-lambda-v0.1.0	-	qadv-arbiter-7x7-rust-lambda-v0.1.0	-	L	P	-
g1_Usy2Z-d24XKUX8o0B_5gUYcjrTJ-RPn9xXn0u1_ERn0	s1_wV357Iod6cRlDyYQqMSlef7c1buc9uKkdEZxzWuHowA	1unNI8	qadv-arbiter-7x7-rust-lambda-v0.1.0	-	qadv-arbiter-7x7-rust-lambda-v0.1.0	-	L	P	196
g1_Usy2Z-d24XKUX8o0B_5gUYcjrTJ-RPn9xXn0u1_ERn0	s1_zwlUrbH-a8GHq9Z0XHAsgg1cRGB8c1NDzANioEDinNg	1unNI8	qadv-arbiter-7x7-rust-lambda-v0.1.0	-	qadv-arbiter-7x7-rust-lambda-v0.1.0	-	L	P	196
g1_UtB8hNEAcpudc3PYJlZAnvZ6mixad7vMuidhIXZx0z0	s1_9E-n0CfoNmK4ueiod5feHfIBDypKTWNN1a7wOkr-iU8	1unNhP	qadv-arbiter-7x7-rust-lambda-v0.1.0	-	qadv-arbiter-7x7-rust-lambda-v0.1.0	-	L	P	196
g1_UtB8hNEAcpudc3PYJlZAnvZ6mixad7vMuidhIXZx0z0	s1_Kwdls4LV9ADSKVqtKEcT781NdQ-I3ORRy1hikMJoFcs	1unNhP	qadv-arbiter-7x7-rust-lambda-v0.1.0	-	qadv-arbiter-7x7-rust-lambda-v0.1.0	-	L	P	196
g1_UtB8hNEAcpudc3PYJlZAnvZ6mixad7vMuidhIXZx0z0	s1_RauLaTi4eVgYHSp2TV9pqs9uzTVv0B10g9TaHMWpcZ4	1unNhP	qadv-arbiter-7x7-rust-lambda-v0.1.0	-	qadv-arbiter-7x7-rust-lambda-v0.1.0	-	L	P	-
g1_UtB8hNEAcpudc3PYJlZAnvZ6mixad7vMuidhIXZx0z0	s1_gZq84s3OmLsmfCWX9ZVmvTZLuNviwQQadgiF7g5ndd8	1unNhP	qadv-arbiter-7x7-rust-lambda-v0.1.0	-	qadv-arbiter-7x7-rust-lambda-v0.1.0	-	L	P	196
g1_UtNMqGg6ezif8d8_9vQYfIZxIx2SQzzrnsks8UNA4nk	s1_1av6nXQkq-GSHXfjkVlGHGpAq8F9UbW4JwZmyFA-vww	1umvU-	python-gnn-puct-learner-v0.1.0	sha256:ab0f739cd33d66781faf60e27797c5ccba3c04ba684f8d9e32e9c2754f4e8956	python-gnn-puct-learner-v0.1.0	sha256:ab0f739cd33d66781faf60e27797c5ccba3c04ba684f8d9e32e9c2754f4e8956	D	P	196
g1_UtNMqGg6ezif8d8_9vQYfIZxIx2SQzzrnsks8UNA4nk	s1_Brk0hkuJoH-MBjdd53AO5tlWcOgDWV_R0PO74fHGd_0	1umvU-	python-gnn-puct-learner-v0.1.0	sha256:ab0f739cd33d66781faf60e27797c5ccba3c04ba684f8d9e32e9c2754f4e8956	python-gnn-puct-learner-v0.1.0	sha256:ab0f739cd33d66781faf60e27797c5ccba3c04ba684f8d9e32e9c2754f4e8956	D	P	196
g1_UtNMqGg6ezif8d8_9vQYfIZxIx2SQzzrnsks8UNA4nk	s1_QBFUsDtxokERlDOdQkleYbPvhJ-vIp2qmp6DXjS-7oM	1umvU-	python-gnn-puct-learner-v0.1.0	sha256:ab0f739cd33d66781faf60e27797c5ccba3c04ba684f8d9e32e9c2754f4e8956	python-gnn-puct-learner-v0.1.0	sha256:ab0f739cd33d66781faf60e27797c5ccba3c04ba684f8d9e32e9c2754f4e8956	D	P	196
g1_UtNmqoF67msEtthcQWkaPma_EmO_4b-DvMdAjLo3I1g	s1_AACBdhhTpVYWjOn0Zsgi4TbtS2R6R6VDEFAXzXLlRDg	1unMpp	qadv-arbiter-7x7-rust-lambda-v0.1.0	-	qadv-arbiter-7x7-rust-lambda-v0.1.0	-	L	P	196
g1_UtNmqoF67msEtthcQWkaPma_EmO_4b-DvMdAjLo3I1g	s1_DEu5U-7tAzR-fayKhKTk2uNrjO31GvRdR2Gd2WbVMQs	1unMpp	qadv-arbiter-7x7-rust-lambda-v0.1.0	-	qadv-arbiter-7x7-rust-lambda-v0.1.0	-	L	P	196
g1_UtNmqoF67msEtthcQWkaPma_EmO_4b-DvMdAjLo3I1g	s1_RauLaTi4eVgYHSp2TV9pqs9uzTVv0B10g9TaHMWpcZ4	1unMpp	qadv-arbiter-7x7-rust-lambda-v0.1.0	-	qadv-arbiter-7x7-rust-lambda-v0.1.0	-	L	P	-
g1_UtNmqoF67msEtthcQWkaPma_EmO_4b-DvMdAjLo3I1g	s1_r7B2-uHXlIvPtPJ1vYhdcjlp6Dk0hkeX6oTmRmgSExU	1unMpp	qadv-arbiter-7x7-rust-lambda-v0.1.0	-	qadv-arbiter-7x7-rust-lambda-v0.1.0	-	L	P	196
g1_UtQzXZcJ-IMVLfku6AAnhbdq1ztUDK_rTVb4gQGxQwU	s1_RauLaTi4eVgYHSp2TV9pqs9uzTVv0B10g9TaHMWpcZ4	1unOTV	qadv-arbiter-7x7-rust-lambda-v0.1.0	-	qadv-arbiter-7x7-rust-lambda-v0.1.0	-	L	P	-
g1_UtQzXZcJ-IMVLfku6AAnhbdq1ztUDK_rTVb4gQGxQwU	s1_YmAn8HJPHmafcZ1BM4h_3NcU4gmcaJbynG3EbQBI2tM	1unOTV	qadv-arbiter-7x7-rust-lambda-v0.1.0	-	qadv-arbiter-7x7-rust-lambda-v0.1.0	-	L	P	196
g1_UtQzXZcJ-IMVLfku6AAnhbdq1ztUDK_rTVb4gQGxQwU	s1_mOwACr067_r6vaJM9Yzzc3vRXAAym7F7GJFe56vK7LM	1unOTV	qadv-arbiter-7x7-rust-lambda-v0.1.0	-	qadv-arbiter-7x7-rust-lambda-v0.1.0	-	L	P	196
g1_UtQzXZcJ-IMVLfku6AAnhbdq1ztUDK_rTVb4gQGxQwU	s1_rU00Du18AdafMhY95h4fj1fVlU-aQubGdSPTf0alGc4	1unOTV	qadv-arbiter-7x7-rust-lambda-v0.1.0	-	qadv-arbiter-7x7-rust-lambda-v0.1.0	-	L	P	196
g1_UtTqW8_peBhgXvRIxgQiAmM3jdofLvrnV-rZYFrTHQ4	s1_DTmfluPRNUuNfkmdRzKVsK85_3dxJmp8ewlwrS6I7k8	1unOfv	qadv-arbiter-7x7-rust-lambda-v0.1.0	-	qadv-arbiter-7x7-rust-lambda-v0.1.0	-	L	P	196
g1_UtTqW8_peBhgXvRIxgQiAmM3jdofLvrnV-rZYFrTHQ4	s1_RauLaTi4eVgYHSp2TV9pqs9uzTVv0B10g9TaHMWpcZ4	1unOfv	qadv-arbiter-7x7-rust-lambda-v0.1.0	-	qadv-arbiter-7x7-rust-lambda-v0.1.0	-	L	P	-
g1_UtTqW8_peBhgXvRIxgQiAmM3jdofLvrnV-rZYFrTHQ4	s1_VfLCvPO-mxVtEkE9cszVCQJRFrf51JWHCFFFW_oH_go	1unOfv	qadv-arbiter-7x7-rust-lambda-v0.1.0	-	qadv-arbiter-7x7-rust-lambda-v0.1.0	-	L	P	196
g1_UtTqW8_peBhgXvRIxgQiAmM3jdofLvrnV-rZYFrTHQ4	s1_uWGVSFr3edWL6l5p2K7EKU9KWtUWIO_CgRNwkA7XOD8	1unOfv	qadv-arbiter-7x7-rust-lambda-v0.1.0	-	qadv-arbiter-7x7-rust-lambda-v0.1.0	-	L	P	196
g1_UtYrk5Qe30Q5TOA4LSZDLqh2xTSBAZjoV6_aOqjd9a8	s1_4bu3_0mUGi2F22791EABbbaf7X-ogd72nQJ4RznHps0	1unMtq	qadv-arbiter-7x7-rust-lambda-v0.1.0	-	qadv-arbiter-7x7-rust-lambda-v0.1.0	-	D	P	196
g1_UtYrk5Qe30Q5TOA4LSZDLqh2xTSBAZjoV6_aOqjd9a8	s1_QgyND0YIVu4DP_xjCAIqBDS_LCf5k0jpZu8q188GHd4	1unMtq	qadv-arbiter-7x7-rust-lambda-v0.1.0	-	qadv-arbiter-7x7-rust-lambda-v0.1.0	-	D	P	196
g1_UtYrk5Qe30Q5TOA4LSZDLqh2xTSBAZjoV6_aOqjd9a8	s1_RauLaTi4eVgYHSp2TV9pqs9uzTVv0B10g9TaHMWpcZ4	1unMtq	qadv-arbiter-7x7-rust-lambda-v0.1.0	-	qadv-arbiter-7x7-rust-lambda-v0.1.0	-	D	P	-
g1_UtYrk5Qe30Q5TOA4LSZDLqh2xTSBAZjoV6_aOqjd9a8	s1_qQUwp3z1DKUna6Th8OuGd_2tX4Jya85rkJm3eM2W2Tc	1unMtq	qadv-arbiter-7x7-rust-lambda-v0.1.0	-	qadv-arbiter-7x7-rust-lambda-v0.1.0	-	D	P	196
g1_Uttv5WAtfCupSL7Qanfsw6EVhLeS8jhmAyaz0u9KgH0	s1_BM7jB3gsEjU2Cx47JIGrIEjOg3exA2TlnPIeOQX5vCM	1DNhZ	python-gnn-puct-v0.1.0	-	python-gnn-puct-v0.1.0	-	L	P	-
g1_Uu-FfXrXVjbih-iHil-zWHKMeO39eD9_5JKYeC-vUKY	s1_RauLaTi4eVgYHSp2TV9pqs9uzTVv0B10g9TaHMWpcZ4	1unN4S	qadv-arbiter-7x7-rust-lambda-v0.1.0	-	qadv-arbiter-7x7-rust-lambda-v0.1.0	-	L	P	-
g1_Uu-FfXrXVjbih-iHil-zWHKMeO39eD9_5JKYeC-vUKY	s1_Vd_DERquQJaleAVcNm1IMN7JkzESVd2DN9mWEh7z5MI	1unN4S	qadv-arbiter-7x7-rust-lambda-v0.1.0	-	qadv-arbiter-7x7-rust-lambda-v0.1.0	-	L	P	196
g1_Uu-FfXrXVjbih-iHil-zWHKMeO39eD9_5JKYeC-vUKY	s1_xz4G7R_2ECUB9hge0gOBrCnVU9BDKGTUDAUHOu4CxTE	1unN4S	qadv-arbiter-7x7-rust-lambda-v0.1.0	-	qadv-arbiter-7x7-rust-lambda-v0.1.0	-	L	P	196
g1_Uu-FfXrXVjbih-iHil-zWHKMeO39eD9_5JKYeC-vUKY	s1_yLyNFOOvEtIY3muSTFJWFpF1OENO_P3Rr7r87v91ZWs	1unN4S	qadv-arbiter-7x7-rust-lambda-v0.1.0	-	qadv-arbiter-7x7-rust-lambda-v0.1.0	-	L	P	196
g1_Uu7WAQqq3DdWdcXlRQKTCBjP0GDAlqDhPDYN0NogEyI	s1_NZd5QDv6mFfbD19F2qFlqdqs00TQR9teXBNsuax4qNQ	1umwoC	python-gnn-puct-reval30k-v0.1.0	sha256:6120be86fc469df71473c3de64e5e32f99694cd47d621fa5948f243dc51d3d21	python-gnn-puct-reval30k-v0.1.0	sha256:6120be86fc469df71473c3de64e5e32f99694cd47d621fa5948f243dc51d3d21	D	P	196
g1_UuCppfPInYQ2p52is6RGi757n1EgIfyQinrAAKjE3Os	s1_1av6nXQkq-GSHXfjkVlGHGpAq8F9UbW4JwZmyFA-vww	1umvMS	python-gnn-puct-learner-v0.1.0	sha256:ab0f739cd33d66781faf60e27797c5ccba3c04ba684f8d9e32e9c2754f4e8956	python-gnn-puct-learner-v0.1.0	sha256:ab0f739cd33d66781faf60e27797c5ccba3c04ba684f8d9e32e9c2754f4e8956	-	M	196
g1_UuCppfPInYQ2p52is6RGi757n1EgIfyQinrAAKjE3Os	s1_Brk0hkuJoH-MBjdd53AO5tlWcOgDWV_R0PO74fHGd_0	1umvMS	python-gnn-puct-learner-v0.1.0	sha256:ab0f739cd33d66781faf60e27797c5ccba3c04ba684f8d9e32e9c2754f4e8956	python-gnn-puct-learner-v0.1.0	sha256:ab0f739cd33d66781faf60e27797c5ccba3c04ba684f8d9e32e9c2754f4e8956	-	M	196
g1_UuCppfPInYQ2p52is6RGi757n1EgIfyQinrAAKjE3Os	s1_QBFUsDtxokERlDOdQkleYbPvhJ-vIp2qmp6DXjS-7oM	1umvMS	python-gnn-puct-learner-v0.1.0	sha256:ab0f739cd33d66781faf60e27797c5ccba3c04ba684f8d9e32e9c2754f4e8956	python-gnn-puct-learner-v0.1.0	sha256:ab0f739cd33d66781faf60e27797c5ccba3c04ba684f8d9e32e9c2754f4e8956	-	M	196
g1_UuQ2-A3pnxeUFTfSIAhHNhODdUPdiTC2xwqHPk1EMXA	s1_1LB6NAgPOeCp4r8rQw4kUOIXWpEdWysFm5RZjWCQSgc	1umwRe	python-gnn-puct-learner-v0.1.0	sha256:ab0f739cd33d66781faf60e27797c5ccba3c04ba684f8d9e32e9c2754f4e8956	python-gnn-puct-learner-v0.1.0	sha256:ab0f739cd33d66781faf60e27797c5ccba3c04ba684f8d9e32e9c2754f4e8956	D	P	196
g1_UuQ2-A3pnxeUFTfSIAhHNhODdUPdiTC2xwqHPk1EMXA	s1_P4NHYhwuVnEA-dG2X-UVeVotb84A5mwljbYTlTMqr8w	1umwRe	python-gnn-puct-learner-v0.1.0	sha256:ab0f739cd33d66781faf60e27797c5ccba3c04ba684f8d9e32e9c2754f4e8956	python-gnn-puct-learner-v0.1.0	sha256:ab0f739cd33d66781faf60e27797c5ccba3c04ba684f8d9e32e9c2754f4e8956	D	P	196
g1_UusoB3QpCl6U0L9wdyNf3dSTCX4AwDuMVps1K01FHvs	s1_COxdAkE9bdcQgFgWHDj4jL3Xe2HWqZQt7FNDNuYkRpA	1unMuF	qadv-arbiter-7x7-rust-lambda-v0.1.0	-	qadv-arbiter-7x7-rust-lambda-v0.1.0	-	D	P	196
g1_UusoB3QpCl6U0L9wdyNf3dSTCX4AwDuMVps1K01FHvs	s1_CuzHOCMCCeCJ0_xfhLQEWfZ3fL53wTZZtDoVIy4vo00	1unMuF	qadv-arbiter-7x7-rust-lambda-v0.1.0	-	qadv-arbiter-7x7-rust-lambda-v0.1.0	-	D	P	196
g1_UusoB3QpCl6U0L9wdyNf3dSTCX4AwDuMVps1K01FHvs	s1_J8Xm94LK5ZOCoj3VpTeFlEkpp-YQAcpK9J7ZF29lGPM	1unMuF	qadv-arbiter-7x7-rust-lambda-v0.1.0	-	qadv-arbiter-7x7-rust-lambda-v0.1.0	-	D	P	196
g1_UusoB3QpCl6U0L9wdyNf3dSTCX4AwDuMVps1K01FHvs	s1_RauLaTi4eVgYHSp2TV9pqs9uzTVv0B10g9TaHMWpcZ4	1unMuF	qadv-arbiter-7x7-rust-lambda-v0.1.0	-	qadv-arbiter-7x7-rust-lambda-v0.1.0	-	D	P	-
g1_Uuv_IhIaSjrPDK3mDcBWmV7GLa68q6TBoMYp3qTnm9I	s1_WVg7aYYLIrw6_-2mI3jQ-DPcLO4gX2sPEEqWQb0DGQA	1umxG-	python-cnn-puct-reval30k-v0.1.0	sha256:eb2600a53e225a835455efdb2759c40e27c5cb3c16ab0688bc21b99290ed10ee	python-cnn-puct-reval30k-v0.1.0	sha256:eb2600a53e225a835455efdb2759c40e27c5cb3c16ab0688bc21b99290ed10ee	D	P	196
g1_UuxzJPQd4trEZDDYJYSNLvq5taluZ43hSA0LDZGqh6c	s1_1av6nXQkq-GSHXfjkVlGHGpAq8F9UbW4JwZmyFA-vww	1DIZ-	rust-pathfinder-v0.1.0	-	lunatic-v0.1.0	-	L	P	-
g1_UuxzJPQd4trEZDDYJYSNLvq5taluZ43hSA0LDZGqh6c	s1_9Eroywf7tuDrn-hcfZPjlEa1DSRUykCRn9Z11u8ySIo	1DIZ-	rust-pathfinder-v0.1.0	-	lunatic-v0.1.0	-	L	P	-
g1_UuxzJPQd4trEZDDYJYSNLvq5taluZ43hSA0LDZGqh6c	s1_9Eroywf7tuDrn-hcfZPjlEa1DSRUykCRn9Z11u8ySIo	1DIgM	rust-pathfinder-v0.1.0	-	lunatic-v0.1.0	-	L	P	-
g1_UuxzJPQd4trEZDDYJYSNLvq5taluZ43hSA0LDZGqh6c	s1_Brk0hkuJoH-MBjdd53AO5tlWcOgDWV_R0PO74fHGd_0	1DIZ-	rust-pathfinder-v0.1.0	-	lunatic-v0.1.0	-	L	P	-
g1_UuxzJPQd4trEZDDYJYSNLvq5taluZ43hSA0LDZGqh6c	s1_KmF8KhDbubz6lwdS8R_n_yTGdSONmH9B1wUABbyCj94	1DIZ-	rust-pathfinder-v0.1.0	-	lunatic-v0.1.0	-	L	P	-
g1_UuxzJPQd4trEZDDYJYSNLvq5taluZ43hSA0LDZGqh6c	s1_MKrI0a3Qd48rU7oZj28GrlQ3cHhIbUzS5ibiIW9aKy4	1DIZ-	rust-pathfinder-v0.1.0	-	lunatic-v0.1.0	-	L	P	-
g1_UuxzJPQd4trEZDDYJYSNLvq5taluZ43hSA0LDZGqh6c	s1_MKrI0a3Qd48rU7oZj28GrlQ3cHhIbUzS5ibiIW9aKy4	1DIgM	rust-pathfinder-v0.1.0	-	lunatic-v0.1.0	-	L	P	-
g1_UuxzJPQd4trEZDDYJYSNLvq5taluZ43hSA0LDZGqh6c	s1_XloMUS0hxYEXf762lcPfaudsLmsH-CsOVZNVVU_obcA	1DIZ-	rust-pathfinder-v0.1.0	-	lunatic-v0.1.0	-	L	P	-
g1_UuxzJPQd4trEZDDYJYSNLvq5taluZ43hSA0LDZGqh6c	s1_XloMUS0hxYEXf762lcPfaudsLmsH-CsOVZNVVU_obcA	1DIgM	rust-pathfinder-v0.1.0	-	lunatic-v0.1.0	-	L	P	-
g1_UuxzJPQd4trEZDDYJYSNLvq5taluZ43hSA0LDZGqh6c	s1_g5pGkHBMEhzAYvwFY0b24sSc7wC9JfnWApMHHZ_aMPI	1DIZ-	rust-pathfinder-v0.1.0	-	lunatic-v0.1.0	-	L	P	-
g1_UuyaFIx2FrWk4Mo5UU7X0mhBUPOttAZV_kbG2_z-h8k	s1_-OKlJXuPFfAnukwGYITjiU7XKL4OC_qt76PC0TZSPjg	1umvbm	python-cnn-puct-v0.1.0	sha256:7845e9b7687beee165dc36b8d21833b7a8b5a83e31b58b49bd05c277ba26e642	python-cnn-puct-v0.1.0	sha256:7845e9b7687beee165dc36b8d21833b7a8b5a83e31b58b49bd05c277ba26e642	-	M	196
g1_UuyaFIx2FrWk4Mo5UU7X0mhBUPOttAZV_kbG2_z-h8k	s1_1av6nXQkq-GSHXfjkVlGHGpAq8F9UbW4JwZmyFA-vww	1umvbm	python-cnn-puct-v0.1.0	sha256:7845e9b7687beee165dc36b8d21833b7a8b5a83e31b58b49bd05c277ba26e642	python-cnn-puct-v0.1.0	sha256:7845e9b7687beee165dc36b8d21833b7a8b5a83e31b58b49bd05c277ba26e642	-	M	196
g1_UuyaFIx2FrWk4Mo5UU7X0mhBUPOttAZV_kbG2_z-h8k	s1_Brk0hkuJoH-MBjdd53AO5tlWcOgDWV_R0PO74fHGd_0	1umvbm	python-cnn-puct-v0.1.0	sha256:7845e9b7687beee165dc36b8d21833b7a8b5a83e31b58b49bd05c277ba26e642	python-cnn-puct-v0.1.0	sha256:7845e9b7687beee165dc36b8d21833b7a8b5a83e31b58b49bd05c277ba26e642	-	M	196
g1_Uv1m6EuBw1Hi_avlchL2mlfTrGPsvrfeILrebKBGl34	s1_BwXF-sSzYyhPwe-0H5CcAZWC40WsnJtaVNihWKYzi9U	1unNan	qadv-arbiter-7x7-rust-lambda-v0.1.0	-	qadv-arbiter-7x7-rust-lambda-v0.1.0	-	D	P	196
g1_Uv1m6EuBw1Hi_avlchL2mlfTrGPsvrfeILrebKBGl34	s1_Q4MEi3tcEv2r-xV_oDtEQFxv8qXJpegLIf46Fytxmhg	1unNan	qadv-arbiter-7x7-rust-lambda-v0.1.0	-	qadv-arbiter-7x7-rust-lambda-v0.1.0	-	D	P	196
g1_Uv1m6EuBw1Hi_avlchL2mlfTrGPsvrfeILrebKBGl34	s1_RauLaTi4eVgYHSp2TV9pqs9uzTVv0B10g9TaHMWpcZ4	1unNan	qadv-arbiter-7x7-rust-lambda-v0.1.0	-	qadv-arbiter-7x7-rust-lambda-v0.1.0	-	D	P	-
g1_Uv1m6EuBw1Hi_avlchL2mlfTrGPsvrfeILrebKBGl34	s1_x-zcqD6FtLYl6D75xXL4TMKnTP8vDT8u67MKeT-S41o	1unNan	qadv-arbiter-7x7-rust-lambda-v0.1.0	-	qadv-arbiter-7x7-rust-lambda-v0.1.0	-	D	P	196
g1_Uv2SOZk9IFT4xs9wie_FYz5J6-YoV4Pp1j9nOzbcxhE	s1_1av6nXQkq-GSHXfjkVlGHGpAq8F9UbW4JwZmyFA-vww	1DId9	lunatic-v0.1.0	-	rust-pathfinder-v0.1.0	-	D	P	-
g1_Uv2SOZk9IFT4xs9wie_FYz5J6-YoV4Pp1j9nOzbcxhE	s1_9Eroywf7tuDrn-hcfZPjlEa1DSRUykCRn9Z11u8ySIo	1DId9	lunatic-v0.1.0	-	rust-pathfinder-v0.1.0	-	D	P	-
g1_Uv2SOZk9IFT4xs9wie_FYz5J6-YoV4Pp1j9nOzbcxhE	s1_Brk0hkuJoH-MBjdd53AO5tlWcOgDWV_R0PO74fHGd_0	1DId9	lunatic-v0.1.0	-	rust-pathfinder-v0.1.0	-	D	P	-
g1_Uv2SOZk9IFT4xs9wie_FYz5J6-YoV4Pp1j9nOzbcxhE	s1_KmF8KhDbubz6lwdS8R_n_yTGdSONmH9B1wUABbyCj94	1DId9	lunatic-v0.1.0	-	rust-pathfinder-v0.1.0	-	D	P	-
g1_Uv2SOZk9IFT4xs9wie_FYz5J6-YoV4Pp1j9nOzbcxhE	s1_MKrI0a3Qd48rU7oZj28GrlQ3cHhIbUzS5ibiIW9aKy4	1DId9	lunatic-v0.1.0	-	rust-pathfinder-v0.1.0	-	D	P	-
g1_Uv2SOZk9IFT4xs9wie_FYz5J6-YoV4Pp1j9nOzbcxhE	s1_XloMUS0hxYEXf762lcPfaudsLmsH-CsOVZNVVU_obcA	1DId9	lunatic-v0.1.0	-	rust-pathfinder-v0.1.0	-	D	P	-
g1_Uv2SOZk9IFT4xs9wie_FYz5J6-YoV4Pp1j9nOzbcxhE	s1_g5pGkHBMEhzAYvwFY0b24sSc7wC9JfnWApMHHZ_aMPI	1DId9	lunatic-v0.1.0	-	rust-pathfinder-v0.1.0	-	D	P	-
g1_Uv9LJSKufTBTlxcW7d9AbbRnK5hxR1SpKlVhDQy7puk	s1_9Y4Ogc8WmCS_f1oP7thjWQJeYwP5uIDvUAM_-M-xoTU	1unMgs	qadv-arbiter-7x7-rust-lambda-v0.1.0	-	qadv-arbiter-7x7-rust-lambda-v0.1.0	-	D	P	196
g1_Uv9LJSKufTBTlxcW7d9AbbRnK5hxR1SpKlVhDQy7puk	s1_RauLaTi4eVgYHSp2TV9pqs9uzTVv0B10g9TaHMWpcZ4	1unMgs	qadv-arbiter-7x7-rust-lambda-v0.1.0	-	qadv-arbiter-7x7-rust-lambda-v0.1.0	-	D	P	-
g1_Uv9LJSKufTBTlxcW7d9AbbRnK5hxR1SpKlVhDQy7puk	s1_cDkwUwofn2TSc70IG3ETWatwrtMg-_t2cOjKyCg8U2U	1unMgs	qadv-arbiter-7x7-rust-lambda-v0.1.0	-	qadv-arbiter-7x7-rust-lambda-v0.1.0	-	D	P	196
g1_Uv9LJSKufTBTlxcW7d9AbbRnK5hxR1SpKlVhDQy7puk	s1_oVlIVLvPmX84OQF7EvNoOeQrsvyZRPbfb7uYBteB-Jo	1unMgs	qadv-arbiter-7x7-rust-lambda-v0.1.0	-	qadv-arbiter-7x7-rust-lambda-v0.1.0	-	D	P	196
g1_UvFs1xbApBwXAtxRJ_SZZJCJounF9OU59hG6IL-XUok	s1_3pkz1uFZTJjkXYY0GLq9BZ5r18qzv6E_OivBABW48U4	1unOch	qadv-arbiter-7x7-rust-lambda-v0.1.0	-	qadv-arbiter-7x7-rust-lambda-v0.1.0	-	L	P	196
g1_UvFs1xbApBwXAtxRJ_SZZJCJounF9OU59hG6IL-XUok	s1_RauLaTi4eVgYHSp2TV9pqs9uzTVv0B10g9TaHMWpcZ4	1unOch	qadv-arbiter-7x7-rust-lambda-v0.1.0	-	qadv-arbiter-7x7-rust-lambda-v0.1.0	-	L	P	-
g1_UvFs1xbApBwXAtxRJ_SZZJCJounF9OU59hG6IL-XUok	s1_Z4UANYXbZteZ4hcfXnQcndnu8GcEaez98WFedHUePDY	1unOch	qadv-arbiter-7x7-rust-lambda-v0.1.0	-	qadv-arbiter-7x7-rust-lambda-v0.1.0	-	L	P	196
g1_UvFs1xbApBwXAtxRJ_SZZJCJounF9OU59hG6IL-XUok	s1_sWaV45ktXfF_Rs2oLpGqFu6JtroyuTXp4P9L9KPDHYE	1unOch	qadv-arbiter-7x7-rust-lambda-v0.1.0	-	qadv-arbiter-7x7-rust-lambda-v0.1.0	-	L	P	196
g1_UvJdZigizoWn9zooUAfTVXxpJ8AhJbC2RvXonv6sGSI	s1_1av6nXQkq-GSHXfjkVlGHGpAq8F9UbW4JwZmyFA-vww	1DIYa	rust-pathfinder-v0.1.0	-	lunatic-v0.1.0	-	L	P	-
g1_UvJdZigizoWn9zooUAfTVXxpJ8AhJbC2RvXonv6sGSI	s1_9Eroywf7tuDrn-hcfZPjlEa1DSRUykCRn9Z11u8ySIo	1DIYa	rust-pathfinder-v0.1.0	-	lunatic-v0.1.0	-	L	P	-
g1_UvJdZigizoWn9zooUAfTVXxpJ8AhJbC2RvXonv6sGSI	s1_9Eroywf7tuDrn-hcfZPjlEa1DSRUykCRn9Z11u8ySIo	1DIim	rust-pathfinder-v0.1.0	-	lunatic-v0.1.0	-	L	P	-
g1_UvJdZigizoWn9zooUAfTVXxpJ8AhJbC2RvXonv6sGSI	s1_MKrI0a3Qd48rU7oZj28GrlQ3cHhIbUzS5ibiIW9aKy4	1DIYa	rust-pathfinder-v0.1.0	-	lunatic-v0.1.0	-	L	P	-
g1_UvJdZigizoWn9zooUAfTVXxpJ8AhJbC2RvXonv6sGSI	s1_MKrI0a3Qd48rU7oZj28GrlQ3cHhIbUzS5ibiIW9aKy4	1DIim	rust-pathfinder-v0.1.0	-	lunatic-v0.1.0	-	L	P	-
g1_UvJdZigizoWn9zooUAfTVXxpJ8AhJbC2RvXonv6sGSI	s1_XloMUS0hxYEXf762lcPfaudsLmsH-CsOVZNVVU_obcA	1DIYa	rust-pathfinder-v0.1.0	-	lunatic-v0.1.0	-	L	P	-
g1_UvJdZigizoWn9zooUAfTVXxpJ8AhJbC2RvXonv6sGSI	s1_XloMUS0hxYEXf762lcPfaudsLmsH-CsOVZNVVU_obcA	1DIim	rust-pathfinder-v0.1.0	-	lunatic-v0.1.0	-	L	P	-
g1_UvJdZigizoWn9zooUAfTVXxpJ8AhJbC2RvXonv6sGSI	s1_del54SUFELBov5vQFrhsVexn6D9EhUPDFZpXuqC6eCI	1DIYa	rust-pathfinder-v0.1.0	-	lunatic-v0.1.0	-	L	P	-
g1_UvJdZigizoWn9zooUAfTVXxpJ8AhJbC2RvXonv6sGSI	s1_g5pGkHBMEhzAYvwFY0b24sSc7wC9JfnWApMHHZ_aMPI	1DIYa	rust-pathfinder-v0.1.0	-	lunatic-v0.1.0	-	L	P	-
g1_UvJdZigizoWn9zooUAfTVXxpJ8AhJbC2RvXonv6sGSI	s1_mWPTef6xYbijjPhDIC6QgLRmu2mMSJAokNlIkx3vg54	1DIYa	rust-pathfinder-v0.1.0	-	lunatic-v0.1.0	-	L	P	-
g1_UvLynuOtXsWNioqZj22RMm9wd2bdWkIgOEIPLijBcQs	s1_O3cuwuia8XT9TI7Nxr3tRcajOA20XFHEIT2fYX3WizY	1un84X	lunatic-v0.1.0	-	qadv-arbiter-guided-7x7-v0.2.0	sha256:9c0e5e530df7db77a98f6a2e75fe63a6f629c6ad6563e0b5454793ebc243b14d	D	P	196
g1_UvLynuOtXsWNioqZj22RMm9wd2bdWkIgOEIPLijBcQs	s1_drwWHr88n5PHYXIJGnKpx-y8JqbXQRDIoBOZBq51V9A	1un84X	lunatic-v0.1.0	-	qadv-arbiter-guided-7x7-v0.2.0	sha256:9c0e5e530df7db77a98f6a2e75fe63a6f629c6ad6563e0b5454793ebc243b14d	D	P	196
g1_UvLynuOtXsWNioqZj22RMm9wd2bdWkIgOEIPLijBcQs	s1_uNE2RRSas7wVxrbKCpysvoEzwr-UauUp2QWOY6qQOQ8	1un84X	lunatic-v0.1.0	-	qadv-arbiter-guided-7x7-v0.2.0	sha256:9c0e5e530df7db77a98f6a2e75fe63a6f629c6ad6563e0b5454793ebc243b14d	D	P	196
g1_UvMa5ZwvjZHHWo9E51WLpl6OUmJSj0dZ56cln5qLXC4	s1_6zaJmacxGTypv80Ticvzxd0BLO-QpKQ5Nz41QuGX8qc	1unNDa	qadv-arbiter-7x7-rust-lambda-v0.1.0	-	qadv-arbiter-7x7-rust-lambda-v0.1.0	-	L	P	196
g1_UvMa5ZwvjZHHWo9E51WLpl6OUmJSj0dZ56cln5qLXC4	s1_BBExft3zXiQ6RwPXNL8aWZnczO6Jgr0cQFbQG_ZTxYU	1unNDa	qadv-arbiter-7x7-rust-lambda-v0.1.0	-	qadv-arbiter-7x7-rust-lambda-v0.1.0	-	L	P	196
g1_UvMa5ZwvjZHHWo9E51WLpl6OUmJSj0dZ56cln5qLXC4	s1_RauLaTi4eVgYHSp2TV9pqs9uzTVv0B10g9TaHMWpcZ4	1unNDa	qadv-arbiter-7x7-rust-lambda-v0.1.0	-	qadv-arbiter-7x7-rust-lambda-v0.1.0	-	L	P	-
g1_UvMa5ZwvjZHHWo9E51WLpl6OUmJSj0dZ56cln5qLXC4	s1_rGJxvuprWRyP3W2iz_bkREZk8QiQrBBLVHbDQrYLuMM	1unNDa	qadv-arbiter-7x7-rust-lambda-v0.1.0	-	qadv-arbiter-7x7-rust-lambda-v0.1.0	-	L	P	196
g1_UvP7wPxBI7Mb8fKKjDr70gM0MjuIgO8_NaOo3Ez2NuA	s1_1xMU3L5Tgn9SJUUmCbR6ftQd19hRILJ2fJz0u04Uy2Q	1unM4-	qadv-arbiter-7x7-rust-lambda-v0.1.0	-	qadv-arbiter-7x7-rust-lambda-v0.1.0	-	L	P	196
g1_UvP7wPxBI7Mb8fKKjDr70gM0MjuIgO8_NaOo3Ez2NuA	s1_Lz1-UOXqS2ePp-0fDybcZQC42IoqBThj5EZHU0uS-0A	1unM4-	qadv-arbiter-7x7-rust-lambda-v0.1.0	-	qadv-arbiter-7x7-rust-lambda-v0.1.0	-	L	P	196
g1_UvP7wPxBI7Mb8fKKjDr70gM0MjuIgO8_NaOo3Ez2NuA	s1_RauLaTi4eVgYHSp2TV9pqs9uzTVv0B10g9TaHMWpcZ4	1unM4-	qadv-arbiter-7x7-rust-lambda-v0.1.0	-	qadv-arbiter-7x7-rust-lambda-v0.1.0	-	L	P	-
g1_UvP7wPxBI7Mb8fKKjDr70gM0MjuIgO8_NaOo3Ez2NuA	s1_VOUQ1-a-rkp9kU7MF-p_uRZUfGN5m396QZiPFh6DhzE	1unM4-	qadv-arbiter-7x7-rust-lambda-v0.1.0	-	qadv-arbiter-7x7-rust-lambda-v0.1.0	-	L	P	196
g1_UvT8R-0PWbb5DuLGZIobrv8tubiw81VYOxuzFNNdJFA	s1_9p9DN7XV75WXOLHhVKnUUAzmNFOoDMJdRBLt0zIG3so	1unOhl	qadv-arbiter-7x7-rust-lambda-v0.1.0	-	qadv-arbiter-7x7-rust-lambda-v0.1.0	-	D	P	196
g1_UvT8R-0PWbb5DuLGZIobrv8tubiw81VYOxuzFNNdJFA	s1_K0hsuYFdzkLgkEbAXCuD6hyDsaoph2JW8xi0Bi3kKiY	1unOhl	qadv-arbiter-7x7-rust-lambda-v0.1.0	-	qadv-arbiter-7x7-rust-lambda-v0.1.0	-	D	P	196
g1_UvT8R-0PWbb5DuLGZIobrv8tubiw81VYOxuzFNNdJFA	s1_OKSvlPtpesf8ARBZlE4WjFQaTR5MptpE0YHNIe8iA-U	1unOhl	qadv-arbiter-7x7-rust-lambda-v0.1.0	-	qadv-arbiter-7x7-rust-lambda-v0.1.0	-	D	P	196
g1_UvT8R-0PWbb5DuLGZIobrv8tubiw81VYOxuzFNNdJFA	s1_RauLaTi4eVgYHSp2TV9pqs9uzTVv0B10g9TaHMWpcZ4	1unOhl	qadv-arbiter-7x7-rust-lambda-v0.1.0	-	qadv-arbiter-7x7-rust-lambda-v0.1.0	-	D	P	-
g1_UvZPCNpT6eF1vZ-1oe_govSENH5EGb2-gqTqiK5vWjo	s1_JAfFU9_Veth8d44MeRKK1C3rMPtYAYGm-ZkpqIB9ozg	1unMZT	qadv-arbiter-7x7-rust-lambda-v0.1.0	-	qadv-arbiter-7x7-rust-lambda-v0.1.0	-	D	P	196
g1_UvZPCNpT6eF1vZ-1oe_govSENH5EGb2-gqTqiK5vWjo	s1_RauLaTi4eVgYHSp2TV9pqs9uzTVv0B10g9TaHMWpcZ4	1unMZT	qadv-arbiter-7x7-rust-lambda-v0.1.0	-	qadv-arbiter-7x7-rust-lambda-v0.1.0	-	D	P	-
g1_UvZPCNpT6eF1vZ-1oe_govSENH5EGb2-gqTqiK5vWjo	s1_dhl6huxJrCzlU7kDNdd0pzVbtIzvVhNRpb_3ITLWakI	1unMZT	qadv-arbiter-7x7-rust-lambda-v0.1.0	-	qadv-arbiter-7x7-rust-lambda-v0.1.0	-	D	P	196
g1_UvZPCNpT6eF1vZ-1oe_govSENH5EGb2-gqTqiK5vWjo	s1_gvWRJghgbW8eyOvrsS8y0FS9mG4PYWCc5kvB9B0xDZg	1unMZT	qadv-arbiter-7x7-rust-lambda-v0.1.0	-	qadv-arbiter-7x7-rust-lambda-v0.1.0	-	D	P	196
g1_UvcwysqfsyeL0qcvRodiqE7DbTsl0-JsX0d-OjBu4u8	s1_1LB6NAgPOeCp4r8rQw4kUOIXWpEdWysFm5RZjWCQSgc	1umweJ	python-gnn-puct-learner-v0.1.0	sha256:ab0f739cd33d66781faf60e27797c5ccba3c04ba684f8d9e32e9c2754f4e8956	python-gnn-puct-learner-v0.1.0	sha256:ab0f739cd33d66781faf60e27797c5ccba3c04ba684f8d9e32e9c2754f4e8956	L	P	196
g1_UvcwysqfsyeL0qcvRodiqE7DbTsl0-JsX0d-OjBu4u8	s1_P4NHYhwuVnEA-dG2X-UVeVotb84A5mwljbYTlTMqr8w	1umweJ	python-gnn-puct-learner-v0.1.0	sha256:ab0f739cd33d66781faf60e27797c5ccba3c04ba684f8d9e32e9c2754f4e8956	python-gnn-puct-learner-v0.1.0	sha256:ab0f739cd33d66781faf60e27797c5ccba3c04ba684f8d9e32e9c2754f4e8956	L	P	196
g1_UvlvD0BZ73T6jYgEw-T5JlLlDMAnTPm7s93vnNuSWrk	s1_66s1lrVUb5yGpsj4L9vScnBggBPmueD6Sh1axIbYT2Y	1unLra	qadv-arbiter-7x7-rust-lambda-v0.1.0	-	qadv-arbiter-7x7-rust-lambda-v0.1.0	-	D	P	196
g1_UvlvD0BZ73T6jYgEw-T5JlLlDMAnTPm7s93vnNuSWrk	s1_MmGnPHc2yrT-xhK9poYnooARQkFtDibUSB0V5drzJoM	1unLra	qadv-arbiter-7x7-rust-lambda-v0.1.0	-	qadv-arbiter-7x7-rust-lambda-v0.1.0	-	D	P	196
g1_UvlvD0BZ73T6jYgEw-T5JlLlDMAnTPm7s93vnNuSWrk	s1_RauLaTi4eVgYHSp2TV9pqs9uzTVv0B10g9TaHMWpcZ4	1unLra	qadv-arbiter-7x7-rust-lambda-v0.1.0	-	qadv-arbiter-7x7-rust-lambda-v0.1.0	-	D	P	-
g1_UvlvD0BZ73T6jYgEw-T5JlLlDMAnTPm7s93vnNuSWrk	s1_xwu7tMP4-HhwaxfkUh7lHod0HHYciKIE4deHyAV32L0	1unLra	qadv-arbiter-7x7-rust-lambda-v0.1.0	-	qadv-arbiter-7x7-rust-lambda-v0.1.0	-	D	P	196
g1_Uvy5z3_JTtJ26-LLvwvNYXk3YTyUPo5Zu8hlY1KSbRM	s1_IcD4ovd5H6w1ZraYBE_Zobk54LuF33AoTyU9crQC-So	1unN71	qadv-arbiter-7x7-rust-lambda-v0.1.0	-	qadv-arbiter-7x7-rust-lambda-v0.1.0	-	D	P	196
g1_Uvy5z3_JTtJ26-LLvwvNYXk3YTyUPo5Zu8hlY1KSbRM	s1_RauLaTi4eVgYHSp2TV9pqs9uzTVv0B10g9TaHMWpcZ4	1unN71	qadv-arbiter-7x7-rust-lambda-v0.1.0	-	qadv-arbiter-7x7-rust-lambda-v0.1.0	-	D	P	-
g1_Uvy5z3_JTtJ26-LLvwvNYXk3YTyUPo5Zu8hlY1KSbRM	s1_TOi4opp9RLNycdGHdQV1U9m7Bhb1iPgoO6Ax9A3TyCM	1unN71	qadv-arbiter-7x7-rust-lambda-v0.1.0	-	qadv-arbiter-7x7-rust-lambda-v0.1.0	-	D	P	196
g1_Uvy5z3_JTtJ26-LLvwvNYXk3YTyUPo5Zu8hlY1KSbRM	s1_zh86X2OfoiFgGhviLjqJkXOZb27yG4ahu6z5sQ2MY8M	1unN71	qadv-arbiter-7x7-rust-lambda-v0.1.0	-	qadv-arbiter-7x7-rust-lambda-v0.1.0	-	D	P	196
g1_Uw1CtmWl7a7vmo9W4pyIwliHb6xznu-WCts5ah5u2vA	s1_8ja_VgG4cHwUF1vJDP7OFFa-KGriCgrAap8-k79dMZg	1unPmY	qadv-arbiter-7x7-rust-lambda-v0.1.0	-	qadv-arbiter-7x7-rust-lambda-v0.1.0	-	D	P	196
g1_Uw1CtmWl7a7vmo9W4pyIwliHb6xznu-WCts5ah5u2vA	s1_QvUndldfilWHHIm-W76fgz0U0NYJz5XeTJ3IQzJtQYk	1unPmY	qadv-arbiter-7x7-rust-lambda-v0.1.0	-	qadv-arbiter-7x7-rust-lambda-v0.1.0	-	D	P	196
g1_Uw1CtmWl7a7vmo9W4pyIwliHb6xznu-WCts5ah5u2vA	s1_RauLaTi4eVgYHSp2TV9pqs9uzTVv0B10g9TaHMWpcZ4	1unPmY	qadv-arbiter-7x7-rust-lambda-v0.1.0	-	qadv-arbiter-7x7-rust-lambda-v0.1.0	-	D	P	-
g1_Uw1CtmWl7a7vmo9W4pyIwliHb6xznu-WCts5ah5u2vA	s1_erK8wrHsjfJVWyBB_bnkMled1IB98QXLsIIml_YEPFM	1unPmY	qadv-arbiter-7x7-rust-lambda-v0.1.0	-	qadv-arbiter-7x7-rust-lambda-v0.1.0	-	D	P	196
g1_Uw53uHTBUlUPMZsT81x20Jx89TJoMVXgx5s7Ikj184M	s1_A3WRgc77nXGY06GZZCaxChTwkhsFw4E22IhXhyUWORk	1un2Dq	qadv-arbiter-guided-7x7-v0.2.0	sha256:9c0e5e530df7db77a98f6a2e75fe63a6f629c6ad6563e0b5454793ebc243b14d	pathfinder-v0.3.0	-	D	P	196
g1_Uw53uHTBUlUPMZsT81x20Jx89TJoMVXgx5s7Ikj184M	s1_EHd406NVisYX17tvp9tSYcqEWWp4CsAdRryHC10wfHc	1un2Tm	qadv-arbiter-guided-7x7-v0.2.0	sha256:9c0e5e530df7db77a98f6a2e75fe63a6f629c6ad6563e0b5454793ebc243b14d	pathfinder-v0.3.0	-	D	P	196
g1_Uw53uHTBUlUPMZsT81x20Jx89TJoMVXgx5s7Ikj184M	s1_GCqZdg9KLzvh0I_b212TEmxdlG3kcwnq3SnQmPGgIqI	1un2Tm	qadv-arbiter-guided-7x7-v0.2.0	sha256:9c0e5e530df7db77a98f6a2e75fe63a6f629c6ad6563e0b5454793ebc243b14d	pathfinder-v0.3.0	-	D	P	196
g1_Uw53uHTBUlUPMZsT81x20Jx89TJoMVXgx5s7Ikj184M	s1_LBWmkbRgEeZYK7zSPtSERo-vpC7nbolCkcWcIiGOfsc	1un2Tm	qadv-arbiter-guided-7x7-v0.2.0	sha256:9c0e5e530df7db77a98f6a2e75fe63a6f629c6ad6563e0b5454793ebc243b14d	pathfinder-v0.3.0	-	D	P	196
g1_Uw53uHTBUlUPMZsT81x20Jx89TJoMVXgx5s7Ikj184M	s1_O3cuwuia8XT9TI7Nxr3tRcajOA20XFHEIT2fYX3WizY	1un2Dq	qadv-arbiter-guided-7x7-v0.2.0	sha256:9c0e5e530df7db77a98f6a2e75fe63a6f629c6ad6563e0b5454793ebc243b14d	pathfinder-v0.3.0	-	D	P	196
g1_Uw53uHTBUlUPMZsT81x20Jx89TJoMVXgx5s7Ikj184M	s1_O4SvAs0bh9GZ516WNj6_O9F4oJqxR87mEnMYPcUrhuk	1un2Dq	qadv-arbiter-guided-7x7-v0.2.0	sha256:9c0e5e530df7db77a98f6a2e75fe63a6f629c6ad6563e0b5454793ebc243b14d	pathfinder-v0.3.0	-	D	P	196
g1_Uw53uHTBUlUPMZsT81x20Jx89TJoMVXgx5s7Ikj184M	s1_Rzo25QquGO5X0s-0XCnqz5MfN9_XolxVxYJZ_JUaMU0	1un2Dq	qadv-arbiter-guided-7x7-v0.2.0	sha256:9c0e5e530df7db77a98f6a2e75fe63a6f629c6ad6563e0b5454793ebc243b14d	pathfinder-v0.3.0	-	D	P	196
g1_UwCjUSpYGX9QB_5a-2iSzvdibgx2EwbpZ1q5C6Sru_0	s1_1av6nXQkq-GSHXfjkVlGHGpAq8F9UbW4JwZmyFA-vww	1DIYe	python-gnn-puct-v0.1.0	sha256:6f9ad6e4a0993da3cf34a8549e86f9b5d512c51e11bfa76dfe051e7a8801bdac	python-gnn-puct-v0.1.0	sha256:6f9ad6e4a0993da3cf34a8549e86f9b5d512c51e11bfa76dfe051e7a8801bdac	-	M	196
g1_UwCjUSpYGX9QB_5a-2iSzvdibgx2EwbpZ1q5C6Sru_0	s1_del54SUFELBov5vQFrhsVexn6D9EhUPDFZpXuqC6eCI	1DIYe	python-gnn-puct-v0.1.0	sha256:6f9ad6e4a0993da3cf34a8549e86f9b5d512c51e11bfa76dfe051e7a8801bdac	python-gnn-puct-v0.1.0	sha256:6f9ad6e4a0993da3cf34a8549e86f9b5d512c51e11bfa76dfe051e7a8801bdac	-	M	196
g1_UwCjUSpYGX9QB_5a-2iSzvdibgx2EwbpZ1q5C6Sru_0	s1_g5pGkHBMEhzAYvwFY0b24sSc7wC9JfnWApMHHZ_aMPI	1DIYe	python-gnn-puct-v0.1.0	sha256:6f9ad6e4a0993da3cf34a8549e86f9b5d512c51e11bfa76dfe051e7a8801bdac	python-gnn-puct-v0.1.0	sha256:6f9ad6e4a0993da3cf34a8549e86f9b5d512c51e11bfa76dfe051e7a8801bdac	-	M	196
g1_UwCjUSpYGX9QB_5a-2iSzvdibgx2EwbpZ1q5C6Sru_0	s1_mWPTef6xYbijjPhDIC6QgLRmu2mMSJAokNlIkx3vg54	1DIYe	python-gnn-puct-v0.1.0	sha256:6f9ad6e4a0993da3cf34a8549e86f9b5d512c51e11bfa76dfe051e7a8801bdac	python-gnn-puct-v0.1.0	sha256:6f9ad6e4a0993da3cf34a8549e86f9b5d512c51e11bfa76dfe051e7a8801bdac	-	M	196
g1_UwCjUSpYGX9QB_5a-2iSzvdibgx2EwbpZ1q5C6Sru_0	s1_tol_POp6BcgBLMWq8iDfRBQSAXpESHxFwmcCQYXv0yQ	1DIYe	python-gnn-puct-v0.1.0	sha256:6f9ad6e4a0993da3cf34a8549e86f9b5d512c51e11bfa76dfe051e7a8801bdac	python-gnn-puct-v0.1.0	sha256:6f9ad6e4a0993da3cf34a8549e86f9b5d512c51e11bfa76dfe051e7a8801bdac	-	M	196
g1_UwEYsHavoNvTkMgWvl3OjUAjINFRI6eO28ymVllvzQQ	s1_-OKlJXuPFfAnukwGYITjiU7XKL4OC_qt76PC0TZSPjg	1umvh_	python-cnn-puct-v0.1.0	sha256:7845e9b7687beee165dc36b8d21833b7a8b5a83e31b58b49bd05c277ba26e642	python-cnn-puct-v0.1.0	sha256:7845e9b7687beee165dc36b8d21833b7a8b5a83e31b58b49bd05c277ba26e642	-	M	196
g1_UwEYsHavoNvTkMgWvl3OjUAjINFRI6eO28ymVllvzQQ	s1_1av6nXQkq-GSHXfjkVlGHGpAq8F9UbW4JwZmyFA-vww	1umvh_	python-cnn-puct-v0.1.0	sha256:7845e9b7687beee165dc36b8d21833b7a8b5a83e31b58b49bd05c277ba26e642	python-cnn-puct-v0.1.0	sha256:7845e9b7687beee165dc36b8d21833b7a8b5a83e31b58b49bd05c277ba26e642	-	M	196
g1_UwEYsHavoNvTkMgWvl3OjUAjINFRI6eO28ymVllvzQQ	s1_mWPTef6xYbijjPhDIC6QgLRmu2mMSJAokNlIkx3vg54	1umvh_	python-cnn-puct-v0.1.0	sha256:7845e9b7687beee165dc36b8d21833b7a8b5a83e31b58b49bd05c277ba26e642	python-cnn-puct-v0.1.0	sha256:7845e9b7687beee165dc36b8d21833b7a8b5a83e31b58b49bd05c277ba26e642	-	M	196
g1_UwRfTos1doJ_KQeakfkcnq2hggZ79n5_zIDEPHLWBuM	s1_L4sTOdxZi7pXFdrJDtLrO6nMji7OH3Xo2_GdI1e9VKY	1unOFS	qadv-arbiter-7x7-rust-lambda-v0.1.0	-	qadv-arbiter-7x7-rust-lambda-v0.1.0	-	L	P	196
g1_UwRfTos1doJ_KQeakfkcnq2hggZ79n5_zIDEPHLWBuM	s1_RauLaTi4eVgYHSp2TV9pqs9uzTVv0B10g9TaHMWpcZ4	1unOFS	qadv-arbiter-7x7-rust-lambda-v0.1.0	-	qadv-arbiter-7x7-rust-lambda-v0.1.0	-	L	P	-
g1_UwRfTos1doJ_KQeakfkcnq2hggZ79n5_zIDEPHLWBuM	s1_m30Z4Nq_d5rMWfs8vDEbsjbZLMHUifvhsjZHN_J90J8	1unOFS	qadv-arbiter-7x7-rust-lambda-v0.1.0	-	qadv-arbiter-7x7-rust-lambda-v0.1.0	-	L	P	196
g1_UwRfTos1doJ_KQeakfkcnq2hggZ79n5_zIDEPHLWBuM	s1_rVwYlfVC-hPNJx5-eE3Gij-MZsVi6mWchILuUghIeLU	1unOFS	qadv-arbiter-7x7-rust-lambda-v0.1.0	-	qadv-arbiter-7x7-rust-lambda-v0.1.0	-	L	P	196
g1_UwWDUe1x_Dyt0fP0kN6rv4SzPblbzQMVvG8Or-sei2Q	s1_4h1OPx0QipNznScuFveXNUZFZF8DolEn1AOU5G2MjGU	1unOeS	qadv-arbiter-7x7-rust-lambda-v0.1.0	-	qadv-arbiter-7x7-rust-lambda-v0.1.0	-	D	P	196
g1_UwWDUe1x_Dyt0fP0kN6rv4SzPblbzQMVvG8Or-sei2Q	s1_RauLaTi4eVgYHSp2TV9pqs9uzTVv0B10g9TaHMWpcZ4	1unOeS	qadv-arbiter-7x7-rust-lambda-v0.1.0	-	qadv-arbiter-7x7-rust-lambda-v0.1.0	-	D	P	-
g1_UwWDUe1x_Dyt0fP0kN6rv4SzPblbzQMVvG8Or-sei2Q	s1_nEwVTt6mJxPTqPidOvoHHZB_XLauduN9xKXElLFhcV0	1unOeS	qadv-arbiter-7x7-rust-lambda-v0.1.0	-	qadv-arbiter-7x7-rust-lambda-v0.1.0	-	D	P	196
g1_UwWDUe1x_Dyt0fP0kN6rv4SzPblbzQMVvG8Or-sei2Q	s1_zxvav78DpIcpQBVV9Z5uh1V0kvQJ_5oeMyDyRvldAMo	1unOeS	qadv-arbiter-7x7-rust-lambda-v0.1.0	-	qadv-arbiter-7x7-rust-lambda-v0.1.0	-	D	P	196
g1_Uw_H04MC5qL01b7cilnZsdPvA4EQYNXr_zaobmGAMSY	s1_RauLaTi4eVgYHSp2TV9pqs9uzTVv0B10g9TaHMWpcZ4	1unMrc	qadv-arbiter-7x7-rust-lambda-v0.1.0	-	qadv-arbiter-7x7-rust-lambda-v0.1.0	-	L	P	-
g1_Uw_H04MC5qL01b7cilnZsdPvA4EQYNXr_zaobmGAMSY	s1_VHNa8NcMVPYz3TF5goHbvRCMtROXjPi1VMV8kEijZvo	1unMrc	qadv-arbiter-7x7-rust-lambda-v0.1.0	-	qadv-arbiter-7x7-rust-lambda-v0.1.0	-	L	P	196
g1_Uw_H04MC5qL01b7cilnZsdPvA4EQYNXr_zaobmGAMSY	s1_XgCsv2Cw5VJrN58Ua7axyh03Roqk-0zHWjqA6HnEmP0	1unMrc	qadv-arbiter-7x7-rust-lambda-v0.1.0	-	qadv-arbiter-7x7-rust-lambda-v0.1.0	-	L	P	196
g1_Uw_H04MC5qL01b7cilnZsdPvA4EQYNXr_zaobmGAMSY	s1_ZB5pFJdP8gar7Fq4RWQ7B-THZ5KP4aUeS_QCAP151vs	1unMrc	qadv-arbiter-7x7-rust-lambda-v0.1.0	-	qadv-arbiter-7x7-rust-lambda-v0.1.0	-	L	P	196
g1_Uwb9DY_8p_s0TZW-HGUGFRzNRK8Ey4wuqJmzsXXpKKI	s1_1av6nXQkq-GSHXfjkVlGHGpAq8F9UbW4JwZmyFA-vww	1umv5a	python-gnn-puct-scout-v0.1.0	sha256:b9f80706cc1f29076ee06fe06483697c749148a808c599579045d00a52573938	python-gnn-puct-scout-v0.1.0	sha256:b9f80706cc1f29076ee06fe06483697c749148a808c599579045d00a52573938	-	M	196
g1_Uwb9DY_8p_s0TZW-HGUGFRzNRK8Ey4wuqJmzsXXpKKI	s1_D_X-fTFZy6xuyGSC5jFyKBW6IP_59Jbomefazf4xu44	1umv5a	python-gnn-puct-scout-v0.1.0	sha256:b9f80706cc1f29076ee06fe06483697c749148a808c599579045d00a52573938	python-gnn-puct-scout-v0.1.0	sha256:b9f80706cc1f29076ee06fe06483697c749148a808c599579045d00a52573938	-	M	196
g1_Uwb9DY_8p_s0TZW-HGUGFRzNRK8Ey4wuqJmzsXXpKKI	s1_mWPTef6xYbijjPhDIC6QgLRmu2mMSJAokNlIkx3vg54	1umv5a	python-gnn-puct-scout-v0.1.0	sha256:b9f80706cc1f29076ee06fe06483697c749148a808c599579045d00a52573938	python-gnn-puct-scout-v0.1.0	sha256:b9f80706cc1f29076ee06fe06483697c749148a808c599579045d00a52573938	-	M	196
g1_UwgKKiPSN9NmnuIHLNwyzm2POX6cBO072LtDPQDqyOU	s1_DIcRaGFuOAMnzJECZfP8ADUHfPieaas-1mAkFxP1RQ0	1unOau	qadv-arbiter-7x7-rust-lambda-v0.1.0	-	qadv-arbiter-7x7-rust-lambda-v0.1.0	-	L	P	196
g1_UwgKKiPSN9NmnuIHLNwyzm2POX6cBO072LtDPQDqyOU	s1_IMEhTzmT5SzLOZl8LoeWgpZVzf8R9RrbXrzrlKBxiLE	1unOau	qadv-arbiter-7x7-rust-lambda-v0.1.0	-	qadv-arbiter-7x7-rust-lambda-v0.1.0	-	L	P	196
g1_UwgKKiPSN9NmnuIHLNwyzm2POX6cBO072LtDPQDqyOU	s1_RauLaTi4eVgYHSp2TV9pqs9uzTVv0B10g9TaHMWpcZ4	1unOau	qadv-arbiter-7x7-rust-lambda-v0.1.0	-	qadv-arbiter-7x7-rust-lambda-v0.1.0	-	L	P	-
g1_UwgKKiPSN9NmnuIHLNwyzm2POX6cBO072LtDPQDqyOU	s1_rCi97uypVge9k_qiuefzcuRQe3SjpO6O0vTE2992bWU	1unOau	qadv-arbiter-7x7-rust-lambda-v0.1.0	-	qadv-arbiter-7x7-rust-lambda-v0.1.0	-	L	P	196
g1_Uwp3eVBvbYYJMJ4GKf_r5pFoJxqWBMZ5htazv3CaYew	s1_5x_RdZuTLxMd08-mkGVWco7XdVS1_is4FpqpCypEG2U	1unOnH	qadv-arbiter-7x7-rust-lambda-v0.1.0	-	qadv-arbiter-7x7-rust-lambda-v0.1.0	-	L	P	196
g1_Uwp3eVBvbYYJMJ4GKf_r5pFoJxqWBMZ5htazv3CaYew	s1_RauLaTi4eVgYHSp2TV9pqs9uzTVv0B10g9TaHMWpcZ4	1unOnH	qadv-arbiter-7x7-rust-lambda-v0.1.0	-	qadv-arbiter-7x7-rust-lambda-v0.1.0	-	L	P	-
g1_Uwp3eVBvbYYJMJ4GKf_r5pFoJxqWBMZ5htazv3CaYew	s1_oJ1Zu4VvEWMbfG1ka-tkFbNfhmhH8uNt6dY1CfhJZcc	1unOnH	qadv-arbiter-7x7-rust-lambda-v0.1.0	-	qadv-arbiter-7x7-rust-lambda-v0.1.0	-	L	P	196
g1_Uwp3eVBvbYYJMJ4GKf_r5pFoJxqWBMZ5htazv3CaYew	s1_xLuqSoKhGqIDJFZH9Ao0xDcHyXBYo1_YoUiZ_rX8VYg	1unOnH	qadv-arbiter-7x7-rust-lambda-v0.1.0	-	qadv-arbiter-7x7-rust-lambda-v0.1.0	-	L	P	196
g1_UwpTtI4USE-3juqPQ_MpaLKKdLwSdUBKW7Nlnh2yjd0	s1_2XSQcj-Ak-eZY1JXXCOtTtZdr6Pf1yFnOhS1an9GQfQ	1unPqW	qadv-arbiter-7x7-rust-lambda-v0.1.0	-	qadv-arbiter-7x7-rust-lambda-v0.1.0	-	L	P	196
g1_UwpTtI4USE-3juqPQ_MpaLKKdLwSdUBKW7Nlnh2yjd0	s1_63CL9jnVsJ5yuAQA2NoDXSJdlMw00BHpxbK5FBlcg7o	1unPqW	qadv-arbiter-7x7-rust-lambda-v0.1.0	-	qadv-arbiter-7x7-rust-lambda-v0.1.0	-	L	P	196
g1_UwpTtI4USE-3juqPQ_MpaLKKdLwSdUBKW7Nlnh2yjd0	s1_RauLaTi4eVgYHSp2TV9pqs9uzTVv0B10g9TaHMWpcZ4	1unPqW	qadv-arbiter-7x7-rust-lambda-v0.1.0	-	qadv-arbiter-7x7-rust-lambda-v0.1.0	-	L	P	-
g1_UwpTtI4USE-3juqPQ_MpaLKKdLwSdUBKW7Nlnh2yjd0	s1_rYlcgCNq1UCjaNeq8fG69FH1bTrwrFlY1D7NZx9bj2s	1unPqW	qadv-arbiter-7x7-rust-lambda-v0.1.0	-	qadv-arbiter-7x7-rust-lambda-v0.1.0	-	L	P	196
g1_Ux4jQS3zYQsVt6VMbO_seIHtZACS-gJneqVCLaGQqvE	s1_6mI8S4tu-sPPqGT5jZkVoa13EpwAziO4659JR_w4UJU	1unNXe	qadv-arbiter-7x7-rust-lambda-v0.1.0	-	qadv-arbiter-7x7-rust-lambda-v0.1.0	-	L	P	196
g1_Ux4jQS3zYQsVt6VMbO_seIHtZACS-gJneqVCLaGQqvE	s1_Di3ELPHru9NlQ1iXsOARfJ4OR_XG7blqIus33-WCiD0	1unNXe	qadv-arbiter-7x7-rust-lambda-v0.1.0	-	qadv-arbiter-7x7-rust-lambda-v0.1.0	-	L	P	196
g1_Ux4jQS3zYQsVt6VMbO_seIHtZACS-gJneqVCLaGQqvE	s1_RauLaTi4eVgYHSp2TV9pqs9uzTVv0B10g9TaHMWpcZ4	1unNXe	qadv-arbiter-7x7-rust-lambda-v0.1.0	-	qadv-arbiter-7x7-rust-lambda-v0.1.0	-	L	P	-
g1_Ux4jQS3zYQsVt6VMbO_seIHtZACS-gJneqVCLaGQqvE	s1_k7Dq0EHLQbLgvtXCAlgHeGPbckCYOz1FTBbSixjSkA8	1unNXe	qadv-arbiter-7x7-rust-lambda-v0.1.0	-	qadv-arbiter-7x7-rust-lambda-v0.1.0	-	L	P	196
g1_Ux77NCEt3sDwQsOdMZTgvsdcbgZgQkAQI8YXuyY4HY0	s1_RauLaTi4eVgYHSp2TV9pqs9uzTVv0B10g9TaHMWpcZ4	1unN2B	qadv-arbiter-7x7-rust-lambda-v0.1.0	-	qadv-arbiter-7x7-rust-lambda-v0.1.0	-	L	P	-
g1_Ux77NCEt3sDwQsOdMZTgvsdcbgZgQkAQI8YXuyY4HY0	s1_hy7bi5fjC0qEawI654UjIrxq2nAHr_sZ6EAYaQ-iuos	1unN2B	qadv-arbiter-7x7-rust-lambda-v0.1.0	-	qadv-arbiter-7x7-rust-lambda-v0.1.0	-	L	P	196
g1_Ux77NCEt3sDwQsOdMZTgvsdcbgZgQkAQI8YXuyY4HY0	s1_o6gQovsuuuzsKmvm3ZUPMC_vwUIjDLx2wt7Qml2kTiQ	1unN2B	qadv-arbiter-7x7-rust-lambda-v0.1.0	-	qadv-arbiter-7x7-rust-lambda-v0.1.0	-	L	P	196
g1_Ux77NCEt3sDwQsOdMZTgvsdcbgZgQkAQI8YXuyY4HY0	s1_vwfJkyiboNm_3QWs_roPWl6Vs-zGdzit4-UrB64vwsU	1unN2B	qadv-arbiter-7x7-rust-lambda-v0.1.0	-	qadv-arbiter-7x7-rust-lambda-v0.1.0	-	L	P	196
g1_Ux8vIqhl-vWQpIv4T3OgUCO9MF5-jXxDxw7JiFPmxw8	s1_1av6nXQkq-GSHXfjkVlGHGpAq8F9UbW4JwZmyFA-vww	1E43H	gnn-generation-4-7x7	sha256:d46ba89987292c56b659843817a24bf5357d9a2bae8c3cfac720281eea70e3e7	gnn-generation-5-7x7	sha256:7274065e2ffdd05997bf172e30bb5e24d7bcafca99d379b6115ff98ee1f7c4d9	-	M	196
g1_Ux8vIqhl-vWQpIv4T3OgUCO9MF5-jXxDxw7JiFPmxw8	s1_Brk0hkuJoH-MBjdd53AO5tlWcOgDWV_R0PO74fHGd_0	1E43H	gnn-generation-4-7x7	sha256:d46ba89987292c56b659843817a24bf5357d9a2bae8c3cfac720281eea70e3e7	gnn-generation-5-7x7	sha256:7274065e2ffdd05997bf172e30bb5e24d7bcafca99d379b6115ff98ee1f7c4d9	-	M	196
g1_Ux8vIqhl-vWQpIv4T3OgUCO9MF5-jXxDxw7JiFPmxw8	s1_ey0X9h1GlZ80KZNtd0_1PnIwLX-7eb1fQjiCa9wrhUM	1ESjR	gnn-generation-4-7x7	sha256:d46ba89987292c56b659843817a24bf5357d9a2bae8c3cfac720281eea70e3e7	gnn-generation-5-7x7	sha256:7274065e2ffdd05997bf172e30bb5e24d7bcafca99d379b6115ff98ee1f7c4d9	-	M	196
g1_Ux8vIqhl-vWQpIv4T3OgUCO9MF5-jXxDxw7JiFPmxw8	s1_ey0X9h1GlZ80KZNtd0_1PnIwLX-7eb1fQjiCa9wrhUM	1ESjT	gnn-generation-4-7x7	sha256:d46ba89987292c56b659843817a24bf5357d9a2bae8c3cfac720281eea70e3e7	gnn-generation-5-7x7	sha256:7274065e2ffdd05997bf172e30bb5e24d7bcafca99d379b6115ff98ee1f7c4d9	-	M	196
g1_Ux8vIqhl-vWQpIv4T3OgUCO9MF5-jXxDxw7JiFPmxw8	s1_gPoZ5rByZErTaB0WLQoU6LVl6WlfprkiDFHagxLzf2Q	1E43H	gnn-generation-4-7x7	sha256:d46ba89987292c56b659843817a24bf5357d9a2bae8c3cfac720281eea70e3e7	gnn-generation-5-7x7	sha256:7274065e2ffdd05997bf172e30bb5e24d7bcafca99d379b6115ff98ee1f7c4d9	-	M	196
g1_Ux8vIqhl-vWQpIv4T3OgUCO9MF5-jXxDxw7JiFPmxw8	s1_gPoZ5rByZErTaB0WLQoU6LVl6WlfprkiDFHagxLzf2Q	1E43J	gnn-generation-4-7x7	sha256:d46ba89987292c56b659843817a24bf5357d9a2bae8c3cfac720281eea70e3e7	gnn-generation-5-7x7	sha256:7274065e2ffdd05997bf172e30bb5e24d7bcafca99d379b6115ff98ee1f7c4d9	-	M	196
g1_UxCqExlhnZ1sOriXmwOsdvj45Du02Z-bOI0aovPO0UE	s1_8TR_OEfw2C5-M1WNvMLDxfQzmiquL8ycz9akRH4hwmQ	1unMqB	qadv-arbiter-7x7-rust-lambda-v0.1.0	-	qadv-arbiter-7x7-rust-lambda-v0.1.0	-	L	P	196
g1_UxCqExlhnZ1sOriXmwOsdvj45Du02Z-bOI0aovPO0UE	s1_CZ9BHS2Gu9QwQWD-YgCrG3zX4S9Gdxl7yXcwAKGHrjc	1unMqB	qadv-arbiter-7x7-rust-lambda-v0.1.0	-	qadv-arbiter-7x7-rust-lambda-v0.1.0	-	L	P	196
g1_UxCqExlhnZ1sOriXmwOsdvj45Du02Z-bOI0aovPO0UE	s1_RauLaTi4eVgYHSp2TV9pqs9uzTVv0B10g9TaHMWpcZ4	1unMqB	qadv-arbiter-7x7-rust-lambda-v0.1.0	-	qadv-arbiter-7x7-rust-lambda-v0.1.0	-	L	P	-
g1_UxCqExlhnZ1sOriXmwOsdvj45Du02Z-bOI0aovPO0UE	s1_rxjWH84TYnBeDk_Y5LJ3QefTumMG13ZbF5K1ql3Q7do	1unMqB	qadv-arbiter-7x7-rust-lambda-v0.1.0	-	qadv-arbiter-7x7-rust-lambda-v0.1.0	-	L	P	196
g1_UxJV_kuCFBwJPCljw1WjK_TK7bAOTTmr_BXYB4ZDItI	s1_1av6nXQkq-GSHXfjkVlGHGpAq8F9UbW4JwZmyFA-vww	1umvCc	python-gnn-puct-scout-v0.1.0	sha256:b9f80706cc1f29076ee06fe06483697c749148a808c599579045d00a52573938	python-gnn-puct-scout-v0.1.0	sha256:b9f80706cc1f29076ee06fe06483697c749148a808c599579045d00a52573938	-	M	196
g1_UxJV_kuCFBwJPCljw1WjK_TK7bAOTTmr_BXYB4ZDItI	s1_Brk0hkuJoH-MBjdd53AO5tlWcOgDWV_R0PO74fHGd_0	1umvCc	python-gnn-puct-scout-v0.1.0	sha256:b9f80706cc1f29076ee06fe06483697c749148a808c599579045d00a52573938	python-gnn-puct-scout-v0.1.0	sha256:b9f80706cc1f29076ee06fe06483697c749148a808c599579045d00a52573938	-	M	196
g1_UxJV_kuCFBwJPCljw1WjK_TK7bAOTTmr_BXYB4ZDItI	s1_D_X-fTFZy6xuyGSC5jFyKBW6IP_59Jbomefazf4xu44	1umvCc	python-gnn-puct-scout-v0.1.0	sha256:b9f80706cc1f29076ee06fe06483697c749148a808c599579045d00a52573938	python-gnn-puct-scout-v0.1.0	sha256:b9f80706cc1f29076ee06fe06483697c749148a808c599579045d00a52573938	-	M	196
g1_UxgCtOpEzHGf8dNZQrjDnQkr13QQ0BRnuigxhNJLK00	s1_-OKlJXuPFfAnukwGYITjiU7XKL4OC_qt76PC0TZSPjg	1umvXT	python-cnn-puct-v0.1.0	sha256:7845e9b7687beee165dc36b8d21833b7a8b5a83e31b58b49bd05c277ba26e642	python-cnn-puct-v0.1.0	sha256:7845e9b7687beee165dc36b8d21833b7a8b5a83e31b58b49bd05c277ba26e642	D	P	196
g1_UxgCtOpEzHGf8dNZQrjDnQkr13QQ0BRnuigxhNJLK00	s1_1av6nXQkq-GSHXfjkVlGHGpAq8F9UbW4JwZmyFA-vww	1umvXT	python-cnn-puct-v0.1.0	sha256:7845e9b7687beee165dc36b8d21833b7a8b5a83e31b58b49bd05c277ba26e642	python-cnn-puct-v0.1.0	sha256:7845e9b7687beee165dc36b8d21833b7a8b5a83e31b58b49bd05c277ba26e642	D	P	196
g1_UxgCtOpEzHGf8dNZQrjDnQkr13QQ0BRnuigxhNJLK00	s1_Brk0hkuJoH-MBjdd53AO5tlWcOgDWV_R0PO74fHGd_0	1umvXT	python-cnn-puct-v0.1.0	sha256:7845e9b7687beee165dc36b8d21833b7a8b5a83e31b58b49bd05c277ba26e642	python-cnn-puct-v0.1.0	sha256:7845e9b7687beee165dc36b8d21833b7a8b5a83e31b58b49bd05c277ba26e642	D	P	196
g1_Uxj2j9ky6UNlGBBqAMZz0Ow0pneZ0zAjKhkS-PY5Oa8	s1_flXyOBW6T9LLVDFIvXBGel1MoVNZcUcMFIJnB9yLapU	1umxDl	python-gnn-puct-reval30k-v0.1.0	sha256:6120be86fc469df71473c3de64e5e32f99694cd47d621fa5948f243dc51d3d21	python-gnn-puct-reval30k-v0.1.0	sha256:6120be86fc469df71473c3de64e5e32f99694cd47d621fa5948f243dc51d3d21	-	M	196
g1_UxtOMCdUBVB-5tNx2APxmRyh8lXLhpoqSA5U7iD0P6g	s1_1LB6NAgPOeCp4r8rQw4kUOIXWpEdWysFm5RZjWCQSgc	1umwQW	python-gnn-puct-learner-v0.1.0	sha256:ab0f739cd33d66781faf60e27797c5ccba3c04ba684f8d9e32e9c2754f4e8956	python-gnn-puct-learner-v0.1.0	sha256:ab0f739cd33d66781faf60e27797c5ccba3c04ba684f8d9e32e9c2754f4e8956	D	P	196
g1_UxtOMCdUBVB-5tNx2APxmRyh8lXLhpoqSA5U7iD0P6g	s1_P4NHYhwuVnEA-dG2X-UVeVotb84A5mwljbYTlTMqr8w	1umwQW	python-gnn-puct-learner-v0.1.0	sha256:ab0f739cd33d66781faf60e27797c5ccba3c04ba684f8d9e32e9c2754f4e8956	python-gnn-puct-learner-v0.1.0	sha256:ab0f739cd33d66781faf60e27797c5ccba3c04ba684f8d9e32e9c2754f4e8956	D	P	196
g1_UxumiIU6xC8lh_rhZ5RwniBOp17Ak5G1rjC7vjMpKtk	s1_M7Cp-2zjeVZHeX1FsiZYUNK0aW_iFfTl3UHOtwPmOp8	1un7MF	cnn-reval30k-7x7	sha256:7439239ff343dcc422cb918560b1b72433f2e13628580427343a446f349c6f5a	qadv-arbiter-guided-7x7-v0.2.0	sha256:9c0e5e530df7db77a98f6a2e75fe63a6f629c6ad6563e0b5454793ebc243b14d	D	P	196
g1_UxumiIU6xC8lh_rhZ5RwniBOp17Ak5G1rjC7vjMpKtk	s1_O3cuwuia8XT9TI7Nxr3tRcajOA20XFHEIT2fYX3WizY	1un7MF	cnn-reval30k-7x7	sha256:7439239ff343dcc422cb918560b1b72433f2e13628580427343a446f349c6f5a	qadv-arbiter-guided-7x7-v0.2.0	sha256:9c0e5e530df7db77a98f6a2e75fe63a6f629c6ad6563e0b5454793ebc243b14d	D	P	196
g1_UxumiIU6xC8lh_rhZ5RwniBOp17Ak5G1rjC7vjMpKtk	s1_PaYIJI1Mc5m5nesIKqVUFGpeOr4xHJQX7sHfjidCXI4	1un7MF	cnn-reval30k-7x7	sha256:7439239ff343dcc422cb918560b1b72433f2e13628580427343a446f349c6f5a	qadv-arbiter-guided-7x7-v0.2.0	sha256:9c0e5e530df7db77a98f6a2e75fe63a6f629c6ad6563e0b5454793ebc243b14d	D	P	196
g1_Uy-ESEH8vF1S_-lfqvNiQceWrrDXKfvPOnxb-HHqQoY	s1_5qtvQREOb4Ic42jG1UfEd_ZP7zu3RfMhTFWA9tdkVNc	1unOLk	qadv-arbiter-7x7-rust-lambda-v0.1.0	-	qadv-arbiter-7x7-rust-lambda-v0.1.0	-	L	P	196
g1_Uy-ESEH8vF1S_-lfqvNiQceWrrDXKfvPOnxb-HHqQoY	s1_6z-xG9rCVSH0IzFLtTUA8y4FoH9u2Ba36FfLfOfcd1U	1unOLk	qadv-arbiter-7x7-rust-lambda-v0.1.0	-	qadv-arbiter-7x7-rust-lambda-v0.1.0	-	L	P	196
g1_Uy-ESEH8vF1S_-lfqvNiQceWrrDXKfvPOnxb-HHqQoY	s1_LwX5D3Ps1MmahDXEzHSkvoqVCGcY1xB8jL3vC0asazE	1unOLk	qadv-arbiter-7x7-rust-lambda-v0.1.0	-	qadv-arbiter-7x7-rust-lambda-v0.1.0	-	L	P	196
g1_Uy-ESEH8vF1S_-lfqvNiQceWrrDXKfvPOnxb-HHqQoY	s1_RauLaTi4eVgYHSp2TV9pqs9uzTVv0B10g9TaHMWpcZ4	1unOLk	qadv-arbiter-7x7-rust-lambda-v0.1.0	-	qadv-arbiter-7x7-rust-lambda-v0.1.0	-	L	P	-
g1_Uy0ZLzH1QXGfNuEdMEn6DH2nWCq35bUoQ-CNRcCoYes	s1_Qmoz3nLvbLcY_1rcqMtpMJDvTQydhL5cxUNWV6EhpMY	1umwqB	qadv-arbiter-7x7-v0.1.0	sha256:8c548d06307572603b839755cc1e50393285365e10f82bcd90290ca65cd86266	qadv-arbiter-7x7-v0.1.0	sha256:8c548d06307572603b839755cc1e50393285365e10f82bcd90290ca65cd86266	L	P	196
g1_Uy8qjIG32oaR-Sj2pntRnVQ-4VhcYfYog-VavuBnpT0	s1_2pGoj-AXX4uUUiINQli6zeOxHUvjZV8ThiRsrwnLSfA	1unNQ5	qadv-arbiter-7x7-rust-lambda-v0.1.0	-	qadv-arbiter-7x7-rust-lambda-v0.1.0	-	L	P	196
g1_Uy8qjIG32oaR-Sj2pntRnVQ-4VhcYfYog-VavuBnpT0	s1_RauLaTi4eVgYHSp2TV9pqs9uzTVv0B10g9TaHMWpcZ4	1unNQ5	qadv-arbiter-7x7-rust-lambda-v0.1.0	-	qadv-arbiter-7x7-rust-lambda-v0.1.0	-	L	P	-
g1_Uy8qjIG32oaR-Sj2pntRnVQ-4VhcYfYog-VavuBnpT0	s1_dxtWCu6LPT6fYnjWu3FcAkCaJN2RT0XLesCi2e1AOfE	1unNQ5	qadv-arbiter-7x7-rust-lambda-v0.1.0	-	qadv-arbiter-7x7-rust-lambda-v0.1.0	-	L	P	196
g1_Uy8qjIG32oaR-Sj2pntRnVQ-4VhcYfYog-VavuBnpT0	s1_jHCsYutKuc4ufOO6Q3EFA14MN8xjrHJCl2idOey7_3Q	1unNQ5	qadv-arbiter-7x7-rust-lambda-v0.1.0	-	qadv-arbiter-7x7-rust-lambda-v0.1.0	-	L	P	196
g1_UyBT8-cO-3LyiWmv9uk1ZtPCus8-f_pGn1RuuEBfhJo	s1_JXzXbTbO5rDQuv5wEbYBZuxpTZp5_ZKmQ-Nje_mGnpQ	1unNfB	qadv-arbiter-7x7-rust-lambda-v0.1.0	-	qadv-arbiter-7x7-rust-lambda-v0.1.0	-	D	P	196
g1_UyBT8-cO-3LyiWmv9uk1ZtPCus8-f_pGn1RuuEBfhJo	s1_RauLaTi4eVgYHSp2TV9pqs9uzTVv0B10g9TaHMWpcZ4	1unNfB	qadv-arbiter-7x7-rust-lambda-v0.1.0	-	qadv-arbiter-7x7-rust-lambda-v0.1.0	-	D	P	-
g1_UyBT8-cO-3LyiWmv9uk1ZtPCus8-f_pGn1RuuEBfhJo	s1_mbQOVBVDhSK_KY-7ry86giWIkPHXqE3P9JTEdl3A-KA	1unNfB	qadv-arbiter-7x7-rust-lambda-v0.1.0	-	qadv-arbiter-7x7-rust-lambda-v0.1.0	-	D	P	196
g1_UyBT8-cO-3LyiWmv9uk1ZtPCus8-f_pGn1RuuEBfhJo	s1_r7zRbKEmKe7jYcR7l6VO0e6JRwK57sZ89kfiUzbACgE	1unNfB	qadv-arbiter-7x7-rust-lambda-v0.1.0	-	qadv-arbiter-7x7-rust-lambda-v0.1.0	-	D	P	196
g1_UyLVmpsYC-mTJZAkedW8SrZgqZ3bTeYvZ--qX3l5qGk	s1_L8qf-NlcpukiV0ksnKyVNUlQPnUkmecAROyyBAffIt0	1unMlD	qadv-arbiter-7x7-rust-lambda-v0.1.0	-	qadv-arbiter-7x7-rust-lambda-v0.1.0	-	D	P	196
g1_UyLVmpsYC-mTJZAkedW8SrZgqZ3bTeYvZ--qX3l5qGk	s1_RauLaTi4eVgYHSp2TV9pqs9uzTVv0B10g9TaHMWpcZ4	1unMlD	qadv-arbiter-7x7-rust-lambda-v0.1.0	-	qadv-arbiter-7x7-rust-lambda-v0.1.0	-	D	P	-
g1_UyLVmpsYC-mTJZAkedW8SrZgqZ3bTeYvZ--qX3l5qGk	s1_hBlw-Nw6yCWiZHfotURqOdePRPTEHDBU3mNx6rCL3V4	1unMlD	qadv-arbiter-7x7-rust-lambda-v0.1.0	-	qadv-arbiter-7x7-rust-lambda-v0.1.0	-	D	P	196
g1_UyLVmpsYC-mTJZAkedW8SrZgqZ3bTeYvZ--qX3l5qGk	s1_sZaWBGgUTPWz6CAFQmZ1uJg55-bAiPtL2kemst-LiY8	1unMlD	qadv-arbiter-7x7-rust-lambda-v0.1.0	-	qadv-arbiter-7x7-rust-lambda-v0.1.0	-	D	P	196
g1_UyQlqyvCQvq3NYDv2par1S1BAEVJOJ1v7qexCQ5oB9c	s1_AKAyXIxw3StiL0aQhvqZr5DZolTIp8kHOkuT07gfZ8M	1unPnH	qadv-arbiter-7x7-rust-lambda-v0.1.0	-	qadv-arbiter-7x7-rust-lambda-v0.1.0	-	D	P	196
g1_UyQlqyvCQvq3NYDv2par1S1BAEVJOJ1v7qexCQ5oB9c	s1_H1EwmVGNM0GzBUfmtXFok9hsMkX8VF-uHvNUhqEoDnU	1unPnH	qadv-arbiter-7x7-rust-lambda-v0.1.0	-	qadv-arbiter-7x7-rust-lambda-v0.1.0	-	D	P	196
g1_UyQlqyvCQvq3NYDv2par1S1BAEVJOJ1v7qexCQ5oB9c	s1_RauLaTi4eVgYHSp2TV9pqs9uzTVv0B10g9TaHMWpcZ4	1unPnH	qadv-arbiter-7x7-rust-lambda-v0.1.0	-	qadv-arbiter-7x7-rust-lambda-v0.1.0	-	D	P	-
g1_UyQlqyvCQvq3NYDv2par1S1BAEVJOJ1v7qexCQ5oB9c	s1_bx1C9Du05bFLnRTPTgAQMIcAcNnanh6_CArBAkYjHCM	1unPnH	qadv-arbiter-7x7-rust-lambda-v0.1.0	-	qadv-arbiter-7x7-rust-lambda-v0.1.0	-	D	P	196
g1_UySsSfAVoW_RkpWAz56fIooHc270NhOcObT5nd-8d5g	s1_1av6nXQkq-GSHXfjkVlGHGpAq8F9UbW4JwZmyFA-vww	1DIeB	lunatic-v0.1.0	-	rust-pathfinder-v0.1.0	-	D	P	-
g1_UySsSfAVoW_RkpWAz56fIooHc270NhOcObT5nd-8d5g	s1_9Eroywf7tuDrn-hcfZPjlEa1DSRUykCRn9Z11u8ySIo	1DIeB	lunatic-v0.1.0	-	rust-pathfinder-v0.1.0	-	D	P	-
g1_UySsSfAVoW_RkpWAz56fIooHc270NhOcObT5nd-8d5g	s1_Brk0hkuJoH-MBjdd53AO5tlWcOgDWV_R0PO74fHGd_0	1DIeB	lunatic-v0.1.0	-	rust-pathfinder-v0.1.0	-	D	P	-
g1_UySsSfAVoW_RkpWAz56fIooHc270NhOcObT5nd-8d5g	s1_KmF8KhDbubz6lwdS8R_n_yTGdSONmH9B1wUABbyCj94	1DIeB	lunatic-v0.1.0	-	rust-pathfinder-v0.1.0	-	D	P	-
g1_UySsSfAVoW_RkpWAz56fIooHc270NhOcObT5nd-8d5g	s1_MKrI0a3Qd48rU7oZj28GrlQ3cHhIbUzS5ibiIW9aKy4	1DIeB	lunatic-v0.1.0	-	rust-pathfinder-v0.1.0	-	D	P	-
g1_UySsSfAVoW_RkpWAz56fIooHc270NhOcObT5nd-8d5g	s1_XloMUS0hxYEXf762lcPfaudsLmsH-CsOVZNVVU_obcA	1DIeB	lunatic-v0.1.0	-	rust-pathfinder-v0.1.0	-	D	P	-
g1_UySsSfAVoW_RkpWAz56fIooHc270NhOcObT5nd-8d5g	s1_g5pGkHBMEhzAYvwFY0b24sSc7wC9JfnWApMHHZ_aMPI	1DIeB	lunatic-v0.1.0	-	rust-pathfinder-v0.1.0	-	D	P	-
g1_UyU29dN8a4fPncGlZlPaqb-t_W5SEj1wIN6EkBPsPf4	s1_AXSMXSojPhdvyfhPlcwwVyOXdM8KV8qPSkSU8rKDIv8	1unPJl	qadv-arbiter-7x7-rust-lambda-v0.1.0	-	qadv-arbiter-7x7-rust-lambda-v0.1.0	-	D	P	196
g1_UyU29dN8a4fPncGlZlPaqb-t_W5SEj1wIN6EkBPsPf4	s1_RauLaTi4eVgYHSp2TV9pqs9uzTVv0B10g9TaHMWpcZ4	1unPJl	qadv-arbiter-7x7-rust-lambda-v0.1.0	-	qadv-arbiter-7x7-rust-lambda-v0.1.0	-	D	P	-
g1_UyU29dN8a4fPncGlZlPaqb-t_W5SEj1wIN6EkBPsPf4	s1_SiqH1OdqzX8ZtxxXB-YTGS9VXBBaOmvwakoACYYyZ5c	1unPJl	qadv-arbiter-7x7-rust-lambda-v0.1.0	-	qadv-arbiter-7x7-rust-lambda-v0.1.0	-	D	P	196
g1_UyU29dN8a4fPncGlZlPaqb-t_W5SEj1wIN6EkBPsPf4	s1_hKs9FzGCxjConelS7nzh5HZ3nikmUUrE8E1OR2RCIbM	1unPJl	qadv-arbiter-7x7-rust-lambda-v0.1.0	-	qadv-arbiter-7x7-rust-lambda-v0.1.0	-	D	P	196
g1_UydcwvxIF4cmRnzvBrI_ghyjGdHrNb90iSgdAl83Spc	s1_7FIu85-v_e-kbNsQ2UNk3yRt-KGcLyUjpmVwIc9cnfM	1umwNF	python-gnn-puct-scout-v0.1.0	sha256:b9f80706cc1f29076ee06fe06483697c749148a808c599579045d00a52573938	python-gnn-puct-scout-v0.1.0	sha256:b9f80706cc1f29076ee06fe06483697c749148a808c599579045d00a52573938	L	P	196
g1_UydcwvxIF4cmRnzvBrI_ghyjGdHrNb90iSgdAl83Spc	s1_S8AGNBNcWBvWiwIo-AOAHPoHuZo2XvcsYvhgQxGTkrY	1umwNF	python-gnn-puct-scout-v0.1.0	sha256:b9f80706cc1f29076ee06fe06483697c749148a808c599579045d00a52573938	python-gnn-puct-scout-v0.1.0	sha256:b9f80706cc1f29076ee06fe06483697c749148a808c599579045d00a52573938	L	P	196
g1_UyqeNtVyhFG28OZPTP6NVC-FDWJogoCplh5htG0Ctsg	s1_qtlitMa-GGx-0y2heoyNRonYXf1Dq5epTexnVe9Iqtw	1umxjE	python-gnn-puct-learner-v0.1.0	sha256:ab0f739cd33d66781faf60e27797c5ccba3c04ba684f8d9e32e9c2754f4e8956	python-gnn-puct-learner-v0.1.0	sha256:ab0f739cd33d66781faf60e27797c5ccba3c04ba684f8d9e32e9c2754f4e8956	L	P	196
g1_Uz4ctppM0mH0i3QzTcpumKO0ukRLk3GPJ08cENxcxEk	s1_1Y5XonoslfIzSbIYwAqn6P06PNnNDDViwds6nui5N3g	1unQ2O	qadv-arbiter-7x7-rust-lambda-v0.1.0	-	qadv-arbiter-7x7-rust-lambda-v0.1.0	-	D	P	196
g1_Uz4ctppM0mH0i3QzTcpumKO0ukRLk3GPJ08cENxcxEk	s1_6dd9mAWbkJ5gjCZ2LgmkNR7Za_-mCm2j-VPRkD851rU	1unQ2O	qadv-arbiter-7x7-rust-lambda-v0.1.0	-	qadv-arbiter-7x7-rust-lambda-v0.1.0	-	D	P	196
g1_Uz4ctppM0mH0i3QzTcpumKO0ukRLk3GPJ08cENxcxEk	s1_sYwwdFysgscxsHuDrIKzOYbKFNUriS8ms2wbgfuOenY	1unQ2O	qadv-arbiter-7x7-rust-lambda-v0.1.0	-	qadv-arbiter-7x7-rust-lambda-v0.1.0	-	D	P	196
g1_Uz7y_VfT5aKmmHon3jVbyVt84xz-YHJfZH8A4rs6-NQ	s1_CYF_dJLEfRbiQGfOnwHVlS330wUwUsWmmHmv9zRFZqQ	1umwJV	rust-pathfinder-v0.3.0	-	rust-pathfinder-onnx-sorter-v0.1.0	-	L	P	120
g1_Uz8RP_8gVBjOHdiICvvusytGfE68cQwI8gwjKfYK3Go	s1_2FtaP75xgRVTNrUvmC0NIesJCNy8IDFJ05WNM4nUnpg	1unR0T	lunatic-v0.1.0	-	qadv-arbiter-7x7-v0.1.0	-	L	P	196
g1_Uz8RP_8gVBjOHdiICvvusytGfE68cQwI8gwjKfYK3Go	s1_81jnOPG0KC6WWl88_LfugVl-IsJ52eOaMQkHQwGq_MA	1unR0T	lunatic-v0.1.0	-	qadv-arbiter-7x7-v0.1.0	-	L	P	196
g1_Uz8RP_8gVBjOHdiICvvusytGfE68cQwI8gwjKfYK3Go	s1_RauLaTi4eVgYHSp2TV9pqs9uzTVv0B10g9TaHMWpcZ4	1unR0T	lunatic-v0.1.0	-	qadv-arbiter-7x7-v0.1.0	-	L	P	-
g1_Uz8RP_8gVBjOHdiICvvusytGfE68cQwI8gwjKfYK3Go	s1_TFoV49UZc0a8HWkUh5lQKk9roS4NxTo_GuR0KqFPOlw	1unR0T	lunatic-v0.1.0	-	qadv-arbiter-7x7-v0.1.0	-	L	P	196
g1_Uz8RhU2F4ReOQoUINpeNNr2-q-1cg_szWfjEn7eX_0k	s1_WpYQrS3Y5EBPp4KoxQeXdmkSNGGu7uzGmTP-APlIkYU	1umwQj	rust-pathfinder-v0.3.0	-	rust-pathfinder-onnx-sorter-v0.1.0	-	L	P	120
g1_UzZS8a3TmbyCqAcdQeLWFR6yAio5nZP-kct40FHxkWQ	s1_2FtaP75xgRVTNrUvmC0NIesJCNy8IDFJ05WNM4nUnpg	1unQwS	qadv-arbiter-7x7-v0.1.0	-	surveyor-v0.2.0	-	D	P	196
g1_UzZS8a3TmbyCqAcdQeLWFR6yAio5nZP-kct40FHxkWQ	s1_F1bRTMMc7WPBHhcU2WhUt_ZCP3YyTFtaERJ-_FH31CA	1unQwS	qadv-arbiter-7x7-v0.1.0	-	surveyor-v0.2.0	-	D	P	196
g1_UzZS8a3TmbyCqAcdQeLWFR6yAio5nZP-kct40FHxkWQ	s1_RauLaTi4eVgYHSp2TV9pqs9uzTVv0B10g9TaHMWpcZ4	1unQwS	qadv-arbiter-7x7-v0.1.0	-	surveyor-v0.2.0	-	D	P	-
g1_UzZS8a3TmbyCqAcdQeLWFR6yAio5nZP-kct40FHxkWQ	s1_U17zHAPtF4bmomgXXwsCR7vwUEe93dKs2kuxbjaqziM	1unQwS	qadv-arbiter-7x7-v0.1.0	-	surveyor-v0.2.0	-	D	P	196
g1_UzZn_GoGyEyHELGPY3yj7uAMg_7DQCzXCC7dW7ZDNu0	s1_WVg7aYYLIrw6_-2mI3jQ-DPcLO4gX2sPEEqWQb0DGQA	1umxId	python-cnn-puct-reval30k-v0.1.0	sha256:eb2600a53e225a835455efdb2759c40e27c5cb3c16ab0688bc21b99290ed10ee	python-cnn-puct-reval30k-v0.1.0	sha256:eb2600a53e225a835455efdb2759c40e27c5cb3c16ab0688bc21b99290ed10ee	L	P	196
g1_Uzd0HoL9oLvEeID99WuHaYYYLj-CRrds8rsPwvO8OB4	s1_FW1ZodWbnP__AxR5JqnhIVUciDxzHl7-8FTcQ0GFbEU	1unOOe	qadv-arbiter-7x7-rust-lambda-v0.1.0	-	qadv-arbiter-7x7-rust-lambda-v0.1.0	-	L	P	196
g1_Uzd0HoL9oLvEeID99WuHaYYYLj-CRrds8rsPwvO8OB4	s1_Q3dMWpQB5ii5rinkOhdn0-NLgC-NgERYuseBlTBfPqA	1unOOe	qadv-arbiter-7x7-rust-lambda-v0.1.0	-	qadv-arbiter-7x7-rust-lambda-v0.1.0	-	L	P	196
g1_Uzd0HoL9oLvEeID99WuHaYYYLj-CRrds8rsPwvO8OB4	s1_RauLaTi4eVgYHSp2TV9pqs9uzTVv0B10g9TaHMWpcZ4	1unOOe	qadv-arbiter-7x7-rust-lambda-v0.1.0	-	qadv-arbiter-7x7-rust-lambda-v0.1.0	-	L	P	-
g1_Uzd0HoL9oLvEeID99WuHaYYYLj-CRrds8rsPwvO8OB4	s1_oeKHGU-XTOQYLzjKJ9-XIcArGABC8L0c4RNqIjjPblM	1unOOe	qadv-arbiter-7x7-rust-lambda-v0.1.0	-	qadv-arbiter-7x7-rust-lambda-v0.1.0	-	L	P	196
g1_UzhTdd5qExhY-rkfjixA9vXBK_gg3SOFnM0R-8Zc8Kg	s1_RauLaTi4eVgYHSp2TV9pqs9uzTVv0B10g9TaHMWpcZ4	1unLmr	qadv-arbiter-7x7-rust-lambda-v0.1.0	-	qadv-arbiter-7x7-rust-lambda-v0.1.0	-	L	P	-
g1_UzhTdd5qExhY-rkfjixA9vXBK_gg3SOFnM0R-8Zc8Kg	s1_WQwIbTKtecD2U1xSJ4YlXK5-AvjK331pMnV3urje3FQ	1unLmr	qadv-arbiter-7x7-rust-lambda-v0.1.0	-	qadv-arbiter-7x7-rust-lambda-v0.1.0	-	L	P	196
g1_UzhTdd5qExhY-rkfjixA9vXBK_gg3SOFnM0R-8Zc8Kg	s1_fF-Mh8Zg2LV-moOROZ5cEz2CLFAJmQQfkeGkBjUj1jo	1unLmr	qadv-arbiter-7x7-rust-lambda-v0.1.0	-	qadv-arbiter-7x7-rust-lambda-v0.1.0	-	L	P	196
g1_UzhTdd5qExhY-rkfjixA9vXBK_gg3SOFnM0R-8Zc8Kg	s1_ojwDCV9iZvaemPizlEcYSd8F03BwUxFZplvCtUxKU-Y	1unLmr	qadv-arbiter-7x7-rust-lambda-v0.1.0	-	qadv-arbiter-7x7-rust-lambda-v0.1.0	-	L	P	196
g1_UznG_kyQAiHTmVA3fv9N4ni8z2fbJ12lnRAU8ApZHS8	s1_KAC3pxmyaOg81KFVtyigqB9Vu-zUH6DzziTP-gL4vKQ	1unO-f	qadv-arbiter-7x7-rust-lambda-v0.1.0	-	qadv-arbiter-7x7-rust-lambda-v0.1.0	-	D	P	196
g1_UznG_kyQAiHTmVA3fv9N4ni8z2fbJ12lnRAU8ApZHS8	s1_LRCJ3gBw2ci6lGhHIJyao-q8rPci027HgAjxzHFsz1s	1unO-f	qadv-arbiter-7x7-rust-lambda-v0.1.0	-	qadv-arbiter-7x7-rust-lambda-v0.1.0	-	D	P	196
g1_UznG_kyQAiHTmVA3fv9N4ni8z2fbJ12lnRAU8ApZHS8	s1_RauLaTi4eVgYHSp2TV9pqs9uzTVv0B10g9TaHMWpcZ4	1unO-f	qadv-arbiter-7x7-rust-lambda-v0.1.0	-	qadv-arbiter-7x7-rust-lambda-v0.1.0	-	D	P	-
g1_UznG_kyQAiHTmVA3fv9N4ni8z2fbJ12lnRAU8ApZHS8	s1_dEwdtCvC3R8FPyI-81gDTlwskXXWxy2S_etvorWTPog	1unO-f	qadv-arbiter-7x7-rust-lambda-v0.1.0	-	qadv-arbiter-7x7-rust-lambda-v0.1.0	-	D	P	196
g1_UzpVo7fGordTkobxL9wv-MxHcVYtoe-hZN-vVnYYxQ8	s1_RauLaTi4eVgYHSp2TV9pqs9uzTVv0B10g9TaHMWpcZ4	1unO_W	qadv-arbiter-7x7-rust-lambda-v0.1.0	-	qadv-arbiter-7x7-rust-lambda-v0.1.0	-	D	P	-
g1_UzpVo7fGordTkobxL9wv-MxHcVYtoe-hZN-vVnYYxQ8	s1_S0_ULNZxxItf-Mf6E3G9l3TcMP0imq59485a9gVxg2E	1unO_W	qadv-arbiter-7x7-rust-lambda-v0.1.0	-	qadv-arbiter-7x7-rust-lambda-v0.1.0	-	D	P	196
g1_UzpVo7fGordTkobxL9wv-MxHcVYtoe-hZN-vVnYYxQ8	s1_UvcrV3qRimMCFEC8FS4dlbyCCLejOwsZ1PtkgK2JLZ4	1unO_W	qadv-arbiter-7x7-rust-lambda-v0.1.0	-	qadv-arbiter-7x7-rust-lambda-v0.1.0	-	D	P	196
g1_UzpVo7fGordTkobxL9wv-MxHcVYtoe-hZN-vVnYYxQ8	s1_zuH8ZjNf9Rtloeiq1Wbfq3fw9NNF9__eznxncOheRf0	1unO_W	qadv-arbiter-7x7-rust-lambda-v0.1.0	-	qadv-arbiter-7x7-rust-lambda-v0.1.0	-	D	P	196
g1_Uzv0TA4PzOQ9r9lL9dwSakBlHa5nsbvNEYIlgHKrGXo	s1_flXyOBW6T9LLVDFIvXBGel1MoVNZcUcMFIJnB9yLapU	1umx7O	python-gnn-puct-reval30k-v0.1.0	sha256:6120be86fc469df71473c3de64e5e32f99694cd47d621fa5948f243dc51d3d21	python-gnn-puct-reval30k-v0.1.0	sha256:6120be86fc469df71473c3de64e5e32f99694cd47d621fa5948f243dc51d3d21	L	P	196
