# g1-key	source	seed64	light	light-model	dark	dark-model	winner	reason	max-plies
g1_q-4pDNLCTvGhluDbu6djXOStyEoWUCi-PeC15-EbW58	s1_2FtaP75xgRVTNrUvmC0NIesJCNy8IDFJ05WNM4nUnpg	1unQwj	surveyor-v0.2.0	-	qadv-arbiter-7x7-v0.1.0	-	L	P	196
g1_q-4pDNLCTvGhluDbu6djXOStyEoWUCi-PeC15-EbW58	s1_F1bRTMMc7WPBHhcU2WhUt_ZCP3YyTFtaERJ-_FH31CA	1unQwj	surveyor-v0.2.0	-	qadv-arbiter-7x7-v0.1.0	-	L	P	196
g1_q-4pDNLCTvGhluDbu6djXOStyEoWUCi-PeC15-EbW58	s1_RauLaTi4eVgYHSp2TV9pqs9uzTVv0B10g9TaHMWpcZ4	1unQwj	surveyor-v0.2.0	-	qadv-arbiter-7x7-v0.1.0	-	L	P	-
g1_q-4pDNLCTvGhluDbu6djXOStyEoWUCi-PeC15-EbW58	s1_cI2jjPK2BA9cWF1HgofQ1EqwzXLUpt6FRSC6GLrYUqA	1unQwj	surveyor-v0.2.0	-	qadv-arbiter-7x7-v0.1.0	-	L	P	196
g1_q-5iqLhCmfQUyIV3ukRJH5pNcSq5WwNAgOeYjutu1W8	s1_528gJDrVIkdFJz9KvHtThs5nwgj8YEGWRV6YS56FGHU	1unN3I	qadv-arbiter-7x7-rust-lambda-v0.1.0	-	qadv-arbiter-7x7-rust-lambda-v0.1.0	-	L	P	196
g1_q-5iqLhCmfQUyIV3ukRJH5pNcSq5WwNAgOeYjutu1W8	s1_Icjegyyjgjkk5yjn0Nze32q4L8BtoxDM93XVyTfKvx4	1unN3I	qadv-arbiter-7x7-rust-lambda-v0.1.0	-	qadv-arbiter-7x7-rust-lambda-v0.1.0	-	L	P	196
g1_q-5iqLhCmfQUyIV3ukRJH5pNcSq5WwNAgOeYjutu1W8	s1_RauLaTi4eVgYHSp2TV9pqs9uzTVv0B10g9TaHMWpcZ4	1unN3I	qadv-arbiter-7x7-rust-lambda-v0.1.0	-	qadv-arbiter-7x7-rust-lambda-v0.1.0	-	L	P	-
g1_q-5iqLhCmfQUyIV3ukRJH5pNcSq5WwNAgOeYjutu1W8	s1_jnVpzInZDHEC0z8Tgp-vcTrwFq0E5PVVvPGBJyJwe1g	1unN3I	qadv-arbiter-7x7-rust-lambda-v0.1.0	-	qadv-arbiter-7x7-rust-lambda-v0.1.0	-	L	P	196
g1_q-IaMhHQ5TH4Mv58p98FxeqXj-CLqaoPDNl125O2EDI	s1__fmnSv6OnZklVvMPUjPdL6drtvfrJptRYX3nxZQO8jI	1umxnS	python-gnn-puct-scout-v0.1.0	sha256:b9f80706cc1f29076ee06fe06483697c749148a808c599579045d00a52573938	python-gnn-puct-scout-v0.1.0	sha256:b9f80706cc1f29076ee06fe06483697c749148a808c599579045d00a52573938	L	P	196
g1_q-f1ZB2eLQjOUOLdvtPFhqLrdnt4kqFKy34iKLBSobU	s1_-H4aznHqoPjeA8cXw2ks9cy1RK6l7_6Ti-3hGWiZLi0	1unLq9	qadv-arbiter-7x7-rust-lambda-v0.1.0	-	qadv-arbiter-7x7-rust-lambda-v0.1.0	-	L	P	196
g1_q-f1ZB2eLQjOUOLdvtPFhqLrdnt4kqFKy34iKLBSobU	s1_DT5_NrSv-mK9GMfc9e-Elo8AToECAKTldx0LHmFJohI	1unLq9	qadv-arbiter-7x7-rust-lambda-v0.1.0	-	qadv-arbiter-7x7-rust-lambda-v0.1.0	-	L	P	196
g1_q-f1ZB2eLQjOUOLdvtPFhqLrdnt4kqFKy34iKLBSobU	s1_H2pjnBtvL-_DH8G1usU5VQbKx6Gxwti5-RVR156V3qQ	1unLq9	qadv-arbiter-7x7-rust-lambda-v0.1.0	-	qadv-arbiter-7x7-rust-lambda-v0.1.0	-	L	P	196
g1_q-f1ZB2eLQjOUOLdvtPFhqLrdnt4kqFKy34iKLBSobU	s1_RauLaTi4eVgYHSp2TV9pqs9uzTVv0B10g9TaHMWpcZ4	1unLq9	qadv-arbiter-7x7-rust-lambda-v0.1.0	-	qadv-arbiter-7x7-rust-lambda-v0.1.0	-	L	P	-
g1_q-fyXdYP0R6uHHSVkoglXKGpvdAdXkU5sM3ggDfTBzQ	s1_1av6nXQkq-GSHXfjkVlGHGpAq8F9UbW4JwZmyFA-vww	1umv6t	python-gnn-puct-scout-v0.1.0	sha256:b9f80706cc1f29076ee06fe06483697c749148a808c599579045d00a52573938	python-gnn-puct-scout-v0.1.0	sha256:b9f80706cc1f29076ee06fe06483697c749148a808c599579045d00a52573938	-	M	196
g1_q-fyXdYP0R6uHHSVkoglXKGpvdAdXkU5sM3ggDfTBzQ	s1_Brk0hkuJoH-MBjdd53AO5tlWcOgDWV_R0PO74fHGd_0	1umv6t	python-gnn-puct-scout-v0.1.0	sha256:b9f80706cc1f29076ee06fe06483697c749148a808c599579045d00a52573938	python-gnn-puct-scout-v0.1.0	sha256:b9f80706cc1f29076ee06fe06483697c749148a808c599579045d00a52573938	-	M	196
g1_q-fyXdYP0R6uHHSVkoglXKGpvdAdXkU5sM3ggDfTBzQ	s1_D_X-fTFZy6xuyGSC5jFyKBW6IP_59Jbomefazf4xu44	1umv6t	python-gnn-puct-scout-v0.1.0	sha256:b9f80706cc1f29076ee06fe06483697c749148a808c599579045d00a52573938	python-gnn-puct-scout-v0.1.0	sha256:b9f80706cc1f29076ee06fe06483697c749148a808c599579045d00a52573938	-	M	196
g1_q-iXOBOtxdl-w7xhVnQMRommtufNFAAj0cvRvGWna2k	s1_flXyOBW6T9LLVDFIvXBGel1MoVNZcUcMFIJnB9yLapU	1umx0d	python-gnn-puct-reval30k-v0.1.0	sha256:6120be86fc469df71473c3de64e5e32f99694cd47d621fa5948f243dc51d3d21	python-gnn-puct-reval30k-v0.1.0	sha256:6120be86fc469df71473c3de64e5e32f99694cd47d621fa5948f243dc51d3d21	D	P	196
g1_q-xSrJ-tophwSu0SglLv5aF6WTeaGpQnNr68_syGbwo	s1_64TBRxQRO9yqovLlEtCWyoCEW9NZ0GeYzN7ro9m2xRw	1unLvw	qadv-arbiter-7x7-rust-lambda-v0.1.0	-	qadv-arbiter-7x7-rust-lambda-v0.1.0	-	D	P	196
g1_q-xSrJ-tophwSu0SglLv5aF6WTeaGpQnNr68_syGbwo	s1_RauLaTi4eVgYHSp2TV9pqs9uzTVv0B10g9TaHMWpcZ4	1unLvw	qadv-arbiter-7x7-rust-lambda-v0.1.0	-	qadv-arbiter-7x7-rust-lambda-v0.1.0	-	D	P	-
g1_q-xSrJ-tophwSu0SglLv5aF6WTeaGpQnNr68_syGbwo	s1_RhhT9y7NQtRqm1Sm6Smk8mjoLKgSJ8VLxnZl5RrwqeU	1unLvw	qadv-arbiter-7x7-rust-lambda-v0.1.0	-	qadv-arbiter-7x7-rust-lambda-v0.1.0	-	D	P	196
g1_q-xSrJ-tophwSu0SglLv5aF6WTeaGpQnNr68_syGbwo	s1_SU96zJvgmnytulLVp91NIOVYRU-cX4qZJsbqi0KG6QE	1unLvw	qadv-arbiter-7x7-rust-lambda-v0.1.0	-	qadv-arbiter-7x7-rust-lambda-v0.1.0	-	D	P	196
g1_q-yzNii4Ahajn3tBpL4a-eVMm7a87KCToX36_sKrWOo	s1_5uaUxVpb74fF9n4WKTqQoE8UcA1vxjtdIx6OhM05_BA	1unQ1v	qadv-arbiter-7x7-rust-lambda-v0.1.0	-	qadv-arbiter-7x7-rust-lambda-v0.1.0	-	D	P	196
g1_q-yzNii4Ahajn3tBpL4a-eVMm7a87KCToX36_sKrWOo	s1_MEV1G6fBjOVdDlK7fC058IjZoR7HDE7E53lRS7f9o1o	1unQ1v	qadv-arbiter-7x7-rust-lambda-v0.1.0	-	qadv-arbiter-7x7-rust-lambda-v0.1.0	-	D	P	196
g1_q-yzNii4Ahajn3tBpL4a-eVMm7a87KCToX36_sKrWOo	s1_RQT0A4ea8waTJy1UDvORGXA5GsxeSl9FM0XhpC9GaXs	1unQ1v	qadv-arbiter-7x7-rust-lambda-v0.1.0	-	qadv-arbiter-7x7-rust-lambda-v0.1.0	-	D	P	196
g1_q00EIsFmIuX_o4bpbzFZpOQ4Z6ebjLWsyHfQX_IPKdw	s1_MnMfIDcihJ4OGjBjsY_ZCrijvKPtGZCbnAKqiIPlEEU	1unN5v	qadv-arbiter-7x7-rust-lambda-v0.1.0	-	qadv-arbiter-7x7-rust-lambda-v0.1.0	-	D	P	196
g1_q00EIsFmIuX_o4bpbzFZpOQ4Z6ebjLWsyHfQX_IPKdw	s1_RauLaTi4eVgYHSp2TV9pqs9uzTVv0B10g9TaHMWpcZ4	1unN5v	qadv-arbiter-7x7-rust-lambda-v0.1.0	-	qadv-arbiter-7x7-rust-lambda-v0.1.0	-	D	P	-
g1_q00EIsFmIuX_o4bpbzFZpOQ4Z6ebjLWsyHfQX_IPKdw	s1__Adxv5x3Wp44HNQBFIKKv9PoPGr8SgwP2v6mDWIjJgQ	1unN5v	qadv-arbiter-7x7-rust-lambda-v0.1.0	-	qadv-arbiter-7x7-rust-lambda-v0.1.0	-	D	P	196
g1_q00EIsFmIuX_o4bpbzFZpOQ4Z6ebjLWsyHfQX_IPKdw	s1_eVWp_cnaVYJ_cQl5oEvBzfGSZNuwgs6FRAY6vQV1jsE	1unN5v	qadv-arbiter-7x7-rust-lambda-v0.1.0	-	qadv-arbiter-7x7-rust-lambda-v0.1.0	-	D	P	196
g1_q0BUkRVVEWiOZpoVBCwDzJfT7yQOG-Sl0EE4yjurbds	s1_-TJmHnZb0d2rbbXCOm-_xdnPd_Jx2qrPDW09AvbkifA	1unNQB	qadv-arbiter-7x7-rust-lambda-v0.1.0	-	qadv-arbiter-7x7-rust-lambda-v0.1.0	-	D	P	196
g1_q0BUkRVVEWiOZpoVBCwDzJfT7yQOG-Sl0EE4yjurbds	s1_RauLaTi4eVgYHSp2TV9pqs9uzTVv0B10g9TaHMWpcZ4	1unNQB	qadv-arbiter-7x7-rust-lambda-v0.1.0	-	qadv-arbiter-7x7-rust-lambda-v0.1.0	-	D	P	-
g1_q0BUkRVVEWiOZpoVBCwDzJfT7yQOG-Sl0EE4yjurbds	s1_VQ3gn3bjLGp_R2xtnolnl7zD5E6ctDcOoGlX-vW20R0	1unNQB	qadv-arbiter-7x7-rust-lambda-v0.1.0	-	qadv-arbiter-7x7-rust-lambda-v0.1.0	-	D	P	196
g1_q0BUkRVVEWiOZpoVBCwDzJfT7yQOG-Sl0EE4yjurbds	s1_eDELfAT-9LO_tmwOUtvZT4Xg4597Pe4jpzXUWi-tAUw	1unNQB	qadv-arbiter-7x7-rust-lambda-v0.1.0	-	qadv-arbiter-7x7-rust-lambda-v0.1.0	-	D	P	196
g1_q0JOXRj_sCinu6CPBWeg4rkwWerFBrP9BhE0awoBSJA	s1_1LB6NAgPOeCp4r8rQw4kUOIXWpEdWysFm5RZjWCQSgc	1umwVN	python-gnn-puct-learner-v0.1.0	sha256:ab0f739cd33d66781faf60e27797c5ccba3c04ba684f8d9e32e9c2754f4e8956	python-gnn-puct-learner-v0.1.0	sha256:ab0f739cd33d66781faf60e27797c5ccba3c04ba684f8d9e32e9c2754f4e8956	L	P	196
g1_q0JOXRj_sCinu6CPBWeg4rkwWerFBrP9BhE0awoBSJA	s1_P4NHYhwuVnEA-dG2X-UVeVotb84A5mwljbYTlTMqr8w	1umwVN	python-gnn-puct-learner-v0.1.0	sha256:ab0f739cd33d66781faf60e27797c5ccba3c04ba684f8d9e32e9c2754f4e8956	python-gnn-puct-learner-v0.1.0	sha256:ab0f739cd33d66781faf60e27797c5ccba3c04ba684f8d9e32e9c2754f4e8956	L	P	196
g1_q0KaMJ2TiJar8dz6V5xvDX59Y7Ed75FbiD8d_n6qrgc	s1_WpYQrS3Y5EBPp4KoxQeXdmkSNGGu7uzGmTP-APlIkYU	1umwPn	rust-pathfinder-v0.3.0	-	rust-pathfinder-onnx-sorter-v0.1.0	-	L	P	120
g1_q0QNG0vUxR_vX-G3sWolFnSXRIvapuXkDVa1GsSMedo	s1_O3cuwuia8XT9TI7Nxr3tRcajOA20XFHEIT2fYX3WizY	1un75w	qadv-arbiter-guided-7x7-v0.2.0	sha256:9c0e5e530df7db77a98f6a2e75fe63a6f629c6ad6563e0b5454793ebc243b14d	cnn-reval30k-7x7	sha256:7439239ff343dcc422cb918560b1b72433f2e13628580427343a446f349c6f5a	L	P	196
g1_q0QNG0vUxR_vX-G3sWolFnSXRIvapuXkDVa1GsSMedo	s1__sCLqkv1QowbQOLtcMj1HZM3ouupeB2AXWyXf93UYhE	1un75w	qadv-arbiter-guided-7x7-v0.2.0	sha256:9c0e5e530df7db77a98f6a2e75fe63a6f629c6ad6563e0b5454793ebc243b14d	cnn-reval30k-7x7	sha256:7439239ff343dcc422cb918560b1b72433f2e13628580427343a446f349c6f5a	L	P	196
g1_q0QNG0vUxR_vX-G3sWolFnSXRIvapuXkDVa1GsSMedo	s1_sxtZ5wkCkg2ztmYoEeuJnPS6kIKyTpUpx59OMIplfiA	1un75w	qadv-arbiter-guided-7x7-v0.2.0	sha256:9c0e5e530df7db77a98f6a2e75fe63a6f629c6ad6563e0b5454793ebc243b14d	cnn-reval30k-7x7	sha256:7439239ff343dcc422cb918560b1b72433f2e13628580427343a446f349c6f5a	L	P	196
g1_q0WmXTem6x4mIQRTiL46AYAIDNZarpr_oB5rom6zDkE	s1_-OKlJXuPFfAnukwGYITjiU7XKL4OC_qt76PC0TZSPjg	1umvfC	python-cnn-puct-v0.1.0	sha256:7845e9b7687beee165dc36b8d21833b7a8b5a83e31b58b49bd05c277ba26e642	python-cnn-puct-v0.1.0	sha256:7845e9b7687beee165dc36b8d21833b7a8b5a83e31b58b49bd05c277ba26e642	D	P	196
g1_q0WmXTem6x4mIQRTiL46AYAIDNZarpr_oB5rom6zDkE	s1_1av6nXQkq-GSHXfjkVlGHGpAq8F9UbW4JwZmyFA-vww	1umvfC	python-cnn-puct-v0.1.0	sha256:7845e9b7687beee165dc36b8d21833b7a8b5a83e31b58b49bd05c277ba26e642	python-cnn-puct-v0.1.0	sha256:7845e9b7687beee165dc36b8d21833b7a8b5a83e31b58b49bd05c277ba26e642	D	P	196
g1_q0WmXTem6x4mIQRTiL46AYAIDNZarpr_oB5rom6zDkE	s1_Brk0hkuJoH-MBjdd53AO5tlWcOgDWV_R0PO74fHGd_0	1umvfC	python-cnn-puct-v0.1.0	sha256:7845e9b7687beee165dc36b8d21833b7a8b5a83e31b58b49bd05c277ba26e642	python-cnn-puct-v0.1.0	sha256:7845e9b7687beee165dc36b8d21833b7a8b5a83e31b58b49bd05c277ba26e642	D	P	196
g1_q0X3Yo6JgDIlO9iJywhAVkHixAesL5zIEcwUqVGpNvg	s1_2FtaP75xgRVTNrUvmC0NIesJCNy8IDFJ05WNM4nUnpg	1unQmd	pathfinder-v0.3.0	-	qadv-arbiter-7x7-v0.1.0	-	L	P	196
g1_q0X3Yo6JgDIlO9iJywhAVkHixAesL5zIEcwUqVGpNvg	s1_JqJGnBtdaDSTN10uoLLn5Kr_lHNON1JC3apupdmCZIU	1unQmd	pathfinder-v0.3.0	-	qadv-arbiter-7x7-v0.1.0	-	L	P	196
g1_q0X3Yo6JgDIlO9iJywhAVkHixAesL5zIEcwUqVGpNvg	s1_RauLaTi4eVgYHSp2TV9pqs9uzTVv0B10g9TaHMWpcZ4	1unQmd	pathfinder-v0.3.0	-	qadv-arbiter-7x7-v0.1.0	-	L	P	-
g1_q0X3Yo6JgDIlO9iJywhAVkHixAesL5zIEcwUqVGpNvg	s1_iNE-WoUkauk6E5G2E-3MYvs6_2NWKcOC7PDaEDMrCMw	1unQmd	pathfinder-v0.3.0	-	qadv-arbiter-7x7-v0.1.0	-	L	P	196
g1_q0gQuhmrWVFpShjBsH7gcX1ZWo6-crxPUjBVbU4gqTk	s1_RauLaTi4eVgYHSp2TV9pqs9uzTVv0B10g9TaHMWpcZ4	1unOtC	qadv-arbiter-7x7-rust-lambda-v0.1.0	-	qadv-arbiter-7x7-rust-lambda-v0.1.0	-	L	P	-
g1_q0gQuhmrWVFpShjBsH7gcX1ZWo6-crxPUjBVbU4gqTk	s1_SOw6VjOp42mXJZpVybTBvH47QMEjA9rH7Zc2lcizy-I	1unOtC	qadv-arbiter-7x7-rust-lambda-v0.1.0	-	qadv-arbiter-7x7-rust-lambda-v0.1.0	-	L	P	196
g1_q0gQuhmrWVFpShjBsH7gcX1ZWo6-crxPUjBVbU4gqTk	s1_VW-ZwYTOzFH5zDP3UxDaKXoh_79U1qKMDtazZtJOyqQ	1unOtC	qadv-arbiter-7x7-rust-lambda-v0.1.0	-	qadv-arbiter-7x7-rust-lambda-v0.1.0	-	L	P	196
g1_q0gQuhmrWVFpShjBsH7gcX1ZWo6-crxPUjBVbU4gqTk	s1_p842WlCOJDaRfRKcEVHo2dnQpfLpA_8F5P05HJ1EWjw	1unOtC	qadv-arbiter-7x7-rust-lambda-v0.1.0	-	qadv-arbiter-7x7-rust-lambda-v0.1.0	-	L	P	196
g1_q0sL54PGBlc6c3QY2Hb0iZp1YbCEs_J3zfMOWBJtrLw	s1_CfAsoybXCTJcdd3oQ73rFABbPBV6GGrhs1DP9FurJMM	1unMdp	qadv-arbiter-7x7-rust-lambda-v0.1.0	-	qadv-arbiter-7x7-rust-lambda-v0.1.0	-	L	P	196
g1_q0sL54PGBlc6c3QY2Hb0iZp1YbCEs_J3zfMOWBJtrLw	s1_RauLaTi4eVgYHSp2TV9pqs9uzTVv0B10g9TaHMWpcZ4	1unMdp	qadv-arbiter-7x7-rust-lambda-v0.1.0	-	qadv-arbiter-7x7-rust-lambda-v0.1.0	-	L	P	-
g1_q0sL54PGBlc6c3QY2Hb0iZp1YbCEs_J3zfMOWBJtrLw	s1_qa1iHKxrP3nXm_hQwgCQ4GN22JvQkY3nCt_68lwoxmY	1unMdp	qadv-arbiter-7x7-rust-lambda-v0.1.0	-	qadv-arbiter-7x7-rust-lambda-v0.1.0	-	L	P	196
g1_q0sL54PGBlc6c3QY2Hb0iZp1YbCEs_J3zfMOWBJtrLw	s1_xAH3CoVXe7ZwyWRyXEd6ju4HM_c5my1ZtArcp1hJ8Go	1unMdp	qadv-arbiter-7x7-rust-lambda-v0.1.0	-	qadv-arbiter-7x7-rust-lambda-v0.1.0	-	L	P	196
g1_q0uHcdFQAkWTgQvQbhwm2VKMegunT3pLy95EHs1j0_g	s1_WVg7aYYLIrw6_-2mI3jQ-DPcLO4gX2sPEEqWQb0DGQA	1umxKZ	python-cnn-puct-reval30k-v0.1.0	sha256:eb2600a53e225a835455efdb2759c40e27c5cb3c16ab0688bc21b99290ed10ee	python-cnn-puct-reval30k-v0.1.0	sha256:eb2600a53e225a835455efdb2759c40e27c5cb3c16ab0688bc21b99290ed10ee	D	P	196
g1_q0yX5U_eo6zfbqtmUB5oTOa6eAybEHRCi2dgQh3rz2o	s1_Bwqe5-SMB5N1yCXs_wx8BaEdFFxfe935Fnb4T3wx2no	1unQ4e	qadv-arbiter-7x7-rust-lambda-v0.1.0	-	qadv-arbiter-7x7-rust-lambda-v0.1.0	-	L	P	196
g1_q0yX5U_eo6zfbqtmUB5oTOa6eAybEHRCi2dgQh3rz2o	s1_FvXdw4eT1tWT5TBJemUZBuSFIz3T2OnbS85Lil9cGD8	1unQ4e	qadv-arbiter-7x7-rust-lambda-v0.1.0	-	qadv-arbiter-7x7-rust-lambda-v0.1.0	-	L	P	196
g1_q0yX5U_eo6zfbqtmUB5oTOa6eAybEHRCi2dgQh3rz2o	s1_HUqO2iNdrFlV9vB-9i_DMg9vGKfZXZX-CZyv-W1Xceo	1unQ4e	qadv-arbiter-7x7-rust-lambda-v0.1.0	-	qadv-arbiter-7x7-rust-lambda-v0.1.0	-	L	P	196
g1_q1-9YsNCcICtbqKc50Aghs-NH2-wXV-NrFO0y6QLaiQ	s1_2FtaP75xgRVTNrUvmC0NIesJCNy8IDFJ05WNM4nUnpg	1unQfe	qadv-arbiter-7x7-v0.1.0	-	pathfinder-v0.3.0	-	D	P	196
g1_q1-9YsNCcICtbqKc50Aghs-NH2-wXV-NrFO0y6QLaiQ	s1_RauLaTi4eVgYHSp2TV9pqs9uzTVv0B10g9TaHMWpcZ4	1unQfe	qadv-arbiter-7x7-v0.1.0	-	pathfinder-v0.3.0	-	D	P	-
g1_q1-9YsNCcICtbqKc50Aghs-NH2-wXV-NrFO0y6QLaiQ	s1_aZfPBIxgJ5uYN7e0_FDKRHW6TqkrhOWX8tT7d1b945k	1unQfe	qadv-arbiter-7x7-v0.1.0	-	pathfinder-v0.3.0	-	D	P	196
g1_q1-9YsNCcICtbqKc50Aghs-NH2-wXV-NrFO0y6QLaiQ	s1_uSM0jWDq1-oWuuvxKlIN5BUV6suQmzpMvzzDJc-bJf4	1unQfe	qadv-arbiter-7x7-v0.1.0	-	pathfinder-v0.3.0	-	D	P	196
g1_q136gVGjDKJHSSuVUOQewKU_G4P8JJJTXIeGRJ-2V2g	s1_53ynhtOdp8pPFEkWwaESpQn8QLGL0Ei5K6zyF_1se84	1un3S9	pathfinder-v0.3.0	-	qadv-arbiter-guided-7x7-v0.2.0	sha256:9c0e5e530df7db77a98f6a2e75fe63a6f629c6ad6563e0b5454793ebc243b14d	D	P	196
g1_q136gVGjDKJHSSuVUOQewKU_G4P8JJJTXIeGRJ-2V2g	s1_O3cuwuia8XT9TI7Nxr3tRcajOA20XFHEIT2fYX3WizY	1un2yl	pathfinder-v0.3.0	-	qadv-arbiter-guided-7x7-v0.2.0	sha256:9c0e5e530df7db77a98f6a2e75fe63a6f629c6ad6563e0b5454793ebc243b14d	D	P	196
g1_q136gVGjDKJHSSuVUOQewKU_G4P8JJJTXIeGRJ-2V2g	s1_TYXHQvjQZ2GJ5isdonJSbQODrFXbVToE7ZA6YAiW1Sw	1un3i5	pathfinder-v0.3.0	-	qadv-arbiter-guided-7x7-v0.2.0	sha256:9c0e5e530df7db77a98f6a2e75fe63a6f629c6ad6563e0b5454793ebc243b14d	D	P	196
g1_q136gVGjDKJHSSuVUOQewKU_G4P8JJJTXIeGRJ-2V2g	s1_bu4yUwwDMqKDhLXEtnBsv1ZAJagIFi7EKmSaiui1_WE	1un4BX	pathfinder-v0.3.0	-	qadv-arbiter-guided-7x7-v0.2.0	sha256:9c0e5e530df7db77a98f6a2e75fe63a6f629c6ad6563e0b5454793ebc243b14d	D	P	196
g1_q136gVGjDKJHSSuVUOQewKU_G4P8JJJTXIeGRJ-2V2g	s1_k3puRqE8NWPGwCDwvbob-P5fduhbfDZ6XxhZ6wUA4ks	1un2yl	pathfinder-v0.3.0	-	qadv-arbiter-guided-7x7-v0.2.0	sha256:9c0e5e530df7db77a98f6a2e75fe63a6f629c6ad6563e0b5454793ebc243b14d	D	P	196
g1_q136gVGjDKJHSSuVUOQewKU_G4P8JJJTXIeGRJ-2V2g	s1_ldokYogaib_-TUekO3GjWcI6RhPJNqdc9KA9RUsM7Es	1un3S9	pathfinder-v0.3.0	-	qadv-arbiter-guided-7x7-v0.2.0	sha256:9c0e5e530df7db77a98f6a2e75fe63a6f629c6ad6563e0b5454793ebc243b14d	D	P	196
g1_q136gVGjDKJHSSuVUOQewKU_G4P8JJJTXIeGRJ-2V2g	s1_mcsGXC-XA63nqAx5kv-Q-y_EhXTqBFQ1AHeiXTSbYQk	1un2yl	pathfinder-v0.3.0	-	qadv-arbiter-guided-7x7-v0.2.0	sha256:9c0e5e530df7db77a98f6a2e75fe63a6f629c6ad6563e0b5454793ebc243b14d	D	P	196
g1_q136gVGjDKJHSSuVUOQewKU_G4P8JJJTXIeGRJ-2V2g	s1_mlXHsG8-xxT7rKwSZelP6NHm5eYy3YD5j4SydA37pgE	1un4BX	pathfinder-v0.3.0	-	qadv-arbiter-guided-7x7-v0.2.0	sha256:9c0e5e530df7db77a98f6a2e75fe63a6f629c6ad6563e0b5454793ebc243b14d	D	P	196
g1_q136gVGjDKJHSSuVUOQewKU_G4P8JJJTXIeGRJ-2V2g	s1_uwbLtYhCIY1sqGt_H5JQsCHIctNBX0e3jgQb5Bvcxzo	1un3i5	pathfinder-v0.3.0	-	qadv-arbiter-guided-7x7-v0.2.0	sha256:9c0e5e530df7db77a98f6a2e75fe63a6f629c6ad6563e0b5454793ebc243b14d	D	P	196
g1_q15GfcaMH2lRag72qLHdZGgGE_z0NdfjHOuobXyz_1s	s1_1av6nXQkq-GSHXfjkVlGHGpAq8F9UbW4JwZmyFA-vww	1umvEK	python-gnn-puct-scout-v0.1.0	sha256:b9f80706cc1f29076ee06fe06483697c749148a808c599579045d00a52573938	python-gnn-puct-scout-v0.1.0	sha256:b9f80706cc1f29076ee06fe06483697c749148a808c599579045d00a52573938	-	M	196
g1_q15GfcaMH2lRag72qLHdZGgGE_z0NdfjHOuobXyz_1s	s1_D_X-fTFZy6xuyGSC5jFyKBW6IP_59Jbomefazf4xu44	1umvEK	python-gnn-puct-scout-v0.1.0	sha256:b9f80706cc1f29076ee06fe06483697c749148a808c599579045d00a52573938	python-gnn-puct-scout-v0.1.0	sha256:b9f80706cc1f29076ee06fe06483697c749148a808c599579045d00a52573938	-	M	196
g1_q15GfcaMH2lRag72qLHdZGgGE_z0NdfjHOuobXyz_1s	s1_mWPTef6xYbijjPhDIC6QgLRmu2mMSJAokNlIkx3vg54	1umvEK	python-gnn-puct-scout-v0.1.0	sha256:b9f80706cc1f29076ee06fe06483697c749148a808c599579045d00a52573938	python-gnn-puct-scout-v0.1.0	sha256:b9f80706cc1f29076ee06fe06483697c749148a808c599579045d00a52573938	-	M	196
g1_q1F6mOG1x1y070giKeKBHhOV4POIN7jlgBVdg4P4gq4	s1_-hbRghGpizsXTc4Ii5SPAYY80w_824vcPHJ0aTrD4Kw	1unPcw	qadv-arbiter-7x7-rust-lambda-v0.1.0	-	qadv-arbiter-7x7-rust-lambda-v0.1.0	-	L	P	196
g1_q1F6mOG1x1y070giKeKBHhOV4POIN7jlgBVdg4P4gq4	s1_7zg9qb_9DVLRTiDTQFwVDmuzMFz42_8dqaotyPQinLE	1unPcw	qadv-arbiter-7x7-rust-lambda-v0.1.0	-	qadv-arbiter-7x7-rust-lambda-v0.1.0	-	L	P	196
g1_q1F6mOG1x1y070giKeKBHhOV4POIN7jlgBVdg4P4gq4	s1_RauLaTi4eVgYHSp2TV9pqs9uzTVv0B10g9TaHMWpcZ4	1unPcw	qadv-arbiter-7x7-rust-lambda-v0.1.0	-	qadv-arbiter-7x7-rust-lambda-v0.1.0	-	L	P	-
g1_q1F6mOG1x1y070giKeKBHhOV4POIN7jlgBVdg4P4gq4	s1_icu35Pg0A-um8-BU3ab57OFOQYtho_FdGAn7mFq4hRo	1unPcw	qadv-arbiter-7x7-rust-lambda-v0.1.0	-	qadv-arbiter-7x7-rust-lambda-v0.1.0	-	L	P	196
g1_q1LNwlBwCks20cbBkxfQ8pnDu97jv1C05EShmAqbHP0	s1_IMImt5GVdLnUy_q89eBUDlMM6jVY4A16dGhtbgbJ0go	1unMhH	qadv-arbiter-7x7-rust-lambda-v0.1.0	-	qadv-arbiter-7x7-rust-lambda-v0.1.0	-	D	P	196
g1_q1LNwlBwCks20cbBkxfQ8pnDu97jv1C05EShmAqbHP0	s1_RauLaTi4eVgYHSp2TV9pqs9uzTVv0B10g9TaHMWpcZ4	1unMhH	qadv-arbiter-7x7-rust-lambda-v0.1.0	-	qadv-arbiter-7x7-rust-lambda-v0.1.0	-	D	P	-
g1_q1LNwlBwCks20cbBkxfQ8pnDu97jv1C05EShmAqbHP0	s1_aazEcgapXDGy8gwjcObDADHObVTFxCra4IpTOK9-ONA	1unMhH	qadv-arbiter-7x7-rust-lambda-v0.1.0	-	qadv-arbiter-7x7-rust-lambda-v0.1.0	-	D	P	196
g1_q1LNwlBwCks20cbBkxfQ8pnDu97jv1C05EShmAqbHP0	s1_xLX94LNxNag2HMXrXbEd3ADAaRPyBELlsDZ-qpwl8WQ	1unMhH	qadv-arbiter-7x7-rust-lambda-v0.1.0	-	qadv-arbiter-7x7-rust-lambda-v0.1.0	-	D	P	196
g1_q1SFQQUYXig4jVdCiXpd4YOIpgfg4dn1uIpDrSFaJAg	s1_EN8Elr4qooFOvZ5pTKDzCO5HOkIfDj0qqHCV9JCAtdk	1unNSH	qadv-arbiter-7x7-rust-lambda-v0.1.0	-	qadv-arbiter-7x7-rust-lambda-v0.1.0	-	L	P	196
g1_q1SFQQUYXig4jVdCiXpd4YOIpgfg4dn1uIpDrSFaJAg	s1_PDKP8tI8v0mJZXCVif8WPU9hWGEtoy4Tnrgvl2Xpwx4	1unNSH	qadv-arbiter-7x7-rust-lambda-v0.1.0	-	qadv-arbiter-7x7-rust-lambda-v0.1.0	-	L	P	196
g1_q1SFQQUYXig4jVdCiXpd4YOIpgfg4dn1uIpDrSFaJAg	s1_RauLaTi4eVgYHSp2TV9pqs9uzTVv0B10g9TaHMWpcZ4	1unNSH	qadv-arbiter-7x7-rust-lambda-v0.1.0	-	qadv-arbiter-7x7-rust-lambda-v0.1.0	-	L	P	-
g1_q1SFQQUYXig4jVdCiXpd4YOIpgfg4dn1uIpDrSFaJAg	s1_iBnHEwpD2kMgpX45q1vjuvReivrnY5lKJ40MhJnwKQ0	1unNSH	qadv-arbiter-7x7-rust-lambda-v0.1.0	-	qadv-arbiter-7x7-rust-lambda-v0.1.0	-	L	P	196
g1_q1TOvdCFn8BprshUprdqapAfxBFku_HHgGZmckzdYz8	s1_5I0Pq1dulKDPnQD9lC8NbO3qT1zJZ_aiahktFBciu2E	1unMf9	qadv-arbiter-7x7-rust-lambda-v0.1.0	-	qadv-arbiter-7x7-rust-lambda-v0.1.0	-	L	P	196
g1_q1TOvdCFn8BprshUprdqapAfxBFku_HHgGZmckzdYz8	s1_BHPAa5drYrz4SHL7I05PCPum5GpaHjbepK-OmV14yy0	1unMf9	qadv-arbiter-7x7-rust-lambda-v0.1.0	-	qadv-arbiter-7x7-rust-lambda-v0.1.0	-	L	P	196
g1_q1TOvdCFn8BprshUprdqapAfxBFku_HHgGZmckzdYz8	s1_RauLaTi4eVgYHSp2TV9pqs9uzTVv0B10g9TaHMWpcZ4	1unMf9	qadv-arbiter-7x7-rust-lambda-v0.1.0	-	qadv-arbiter-7x7-rust-lambda-v0.1.0	-	L	P	-
g1_q1TOvdCFn8BprshUprdqapAfxBFku_HHgGZmckzdYz8	s1_aCp1vwf2rrmFmw3da4dW19iaIhtevo70BSVrjslLfLY	1unMf9	qadv-arbiter-7x7-rust-lambda-v0.1.0	-	qadv-arbiter-7x7-rust-lambda-v0.1.0	-	L	P	196
g1_q1XNBr6HPUlb9QmIUecAKxIfm7flptpc3fYMBzu8IHw	s1_FCGT-S3mY6j0zP7fQdpXQLVthNHbQN7NQudG8eASdyQ	1unOW0	qadv-arbiter-7x7-rust-lambda-v0.1.0	-	qadv-arbiter-7x7-rust-lambda-v0.1.0	-	L	P	196
g1_q1XNBr6HPUlb9QmIUecAKxIfm7flptpc3fYMBzu8IHw	s1_HqqP7VJreL87zhzxkM97x-BMfWYCKfMgUuelN5mnlp0	1unOW0	qadv-arbiter-7x7-rust-lambda-v0.1.0	-	qadv-arbiter-7x7-rust-lambda-v0.1.0	-	L	P	196
g1_q1XNBr6HPUlb9QmIUecAKxIfm7flptpc3fYMBzu8IHw	s1_RauLaTi4eVgYHSp2TV9pqs9uzTVv0B10g9TaHMWpcZ4	1unOW0	qadv-arbiter-7x7-rust-lambda-v0.1.0	-	qadv-arbiter-7x7-rust-lambda-v0.1.0	-	L	P	-
g1_q1XNBr6HPUlb9QmIUecAKxIfm7flptpc3fYMBzu8IHw	s1_sS_lNXE5u4ZEVMJEnWGYsmw8LTxHK0Qr2zHG_Miyiw0	1unOW0	qadv-arbiter-7x7-rust-lambda-v0.1.0	-	qadv-arbiter-7x7-rust-lambda-v0.1.0	-	L	P	196
g1_q1fIbGgAgKxKwYnOdD5NcMN3d5cnSGDqItJ2dt56E2A	s1_O3cuwuia8XT9TI7Nxr3tRcajOA20XFHEIT2fYX3WizY	1un84N	lunatic-v0.1.0	-	qadv-arbiter-guided-7x7-v0.2.0	sha256:9c0e5e530df7db77a98f6a2e75fe63a6f629c6ad6563e0b5454793ebc243b14d	D	P	196
g1_q1fIbGgAgKxKwYnOdD5NcMN3d5cnSGDqItJ2dt56E2A	s1_QUYH2uS-xMXKWrRK0Vi8gVPnaLhIsFJpZpYSjphnv_c	1un84N	lunatic-v0.1.0	-	qadv-arbiter-guided-7x7-v0.2.0	sha256:9c0e5e530df7db77a98f6a2e75fe63a6f629c6ad6563e0b5454793ebc243b14d	D	P	196
g1_q1fIbGgAgKxKwYnOdD5NcMN3d5cnSGDqItJ2dt56E2A	s1_drwWHr88n5PHYXIJGnKpx-y8JqbXQRDIoBOZBq51V9A	1un84N	lunatic-v0.1.0	-	qadv-arbiter-guided-7x7-v0.2.0	sha256:9c0e5e530df7db77a98f6a2e75fe63a6f629c6ad6563e0b5454793ebc243b14d	D	P	196
g1_q1fIbGgAgKxKwYnOdD5NcMN3d5cnSGDqItJ2dt56E2A	s1_uNE2RRSas7wVxrbKCpysvoEzwr-UauUp2QWOY6qQOQ8	1un84N	lunatic-v0.1.0	-	qadv-arbiter-guided-7x7-v0.2.0	sha256:9c0e5e530df7db77a98f6a2e75fe63a6f629c6ad6563e0b5454793ebc243b14d	D	P	196
g1_q1j3vIND6y-mAePKU9Yyj_EnH_O2rWXFA1jnK4IWnYA	s1_6PxtazPxkizz7K9QTWPSCIopEV5n0zpHoq3F52yO_6U	1umwk3	python-cnn-puct-v0.1.0	sha256:7845e9b7687beee165dc36b8d21833b7a8b5a83e31b58b49bd05c277ba26e642	python-cnn-puct-v0.1.0	sha256:7845e9b7687beee165dc36b8d21833b7a8b5a83e31b58b49bd05c277ba26e642	L	P	196
g1_q1j3vIND6y-mAePKU9Yyj_EnH_O2rWXFA1jnK4IWnYA	s1_baRgKA_wMXdl0r4AwdkUfhWC04qxd1MvEGXAQaDd4fo	1umwk3	python-cnn-puct-v0.1.0	sha256:7845e9b7687beee165dc36b8d21833b7a8b5a83e31b58b49bd05c277ba26e642	python-cnn-puct-v0.1.0	sha256:7845e9b7687beee165dc36b8d21833b7a8b5a83e31b58b49bd05c277ba26e642	L	P	196
g1_q1kyD8gRqtMFNc0H9Q901-SN7qIzEUJ1-mpWqlx8n9I	s1_7L5q98Trq7vnzPKlkQKb9LOQ3uT7ZgUtqBt740XVjh4	1unPs6	qadv-arbiter-7x7-rust-lambda-v0.1.0	-	qadv-arbiter-7x7-rust-lambda-v0.1.0	-	L	P	196
g1_q1kyD8gRqtMFNc0H9Q901-SN7qIzEUJ1-mpWqlx8n9I	s1_RauLaTi4eVgYHSp2TV9pqs9uzTVv0B10g9TaHMWpcZ4	1unPs6	qadv-arbiter-7x7-rust-lambda-v0.1.0	-	qadv-arbiter-7x7-rust-lambda-v0.1.0	-	L	P	-
g1_q1kyD8gRqtMFNc0H9Q901-SN7qIzEUJ1-mpWqlx8n9I	s1_XxoEQWiJSk6dOGPJcQdLTgKgGEQFoNwlCfltXD3JaCg	1unPs6	qadv-arbiter-7x7-rust-lambda-v0.1.0	-	qadv-arbiter-7x7-rust-lambda-v0.1.0	-	L	P	196
g1_q1kyD8gRqtMFNc0H9Q901-SN7qIzEUJ1-mpWqlx8n9I	s1_Y1CzX-5vfiJNn2bqW_XabjO05Uas3iKllBa7u6H-IIo	1unPs6	qadv-arbiter-7x7-rust-lambda-v0.1.0	-	qadv-arbiter-7x7-rust-lambda-v0.1.0	-	L	P	196
g1_q1nkKmVeAxHWLfblPutYgdL85CWMNAUHg-c94IlbnV4	s1_RauLaTi4eVgYHSp2TV9pqs9uzTVv0B10g9TaHMWpcZ4	1unPT7	qadv-arbiter-7x7-rust-lambda-v0.1.0	-	qadv-arbiter-7x7-rust-lambda-v0.1.0	-	D	P	-
g1_q1nkKmVeAxHWLfblPutYgdL85CWMNAUHg-c94IlbnV4	s1_RzvbI7EpeoZtSAUVYYDy6KI_EN3jbmdZZx0WM3qzbng	1unPT7	qadv-arbiter-7x7-rust-lambda-v0.1.0	-	qadv-arbiter-7x7-rust-lambda-v0.1.0	-	D	P	196
g1_q1nkKmVeAxHWLfblPutYgdL85CWMNAUHg-c94IlbnV4	s1_V2dLjPDE-roh88UKOaKsQMTNz1SYbbjUWYU8fxf9Nqw	1unPT7	qadv-arbiter-7x7-rust-lambda-v0.1.0	-	qadv-arbiter-7x7-rust-lambda-v0.1.0	-	D	P	196
g1_q1nkKmVeAxHWLfblPutYgdL85CWMNAUHg-c94IlbnV4	s1_nfs3lYnVgrd3GhMJlmvSFmcPjzhtc4XpULEpTjoQTig	1unPT7	qadv-arbiter-7x7-rust-lambda-v0.1.0	-	qadv-arbiter-7x7-rust-lambda-v0.1.0	-	D	P	196
g1_q1sinK0VWMD7I6rAjajf5ErUDeBIWAanSkh_9hVq17M	s1_1av6nXQkq-GSHXfjkVlGHGpAq8F9UbW4JwZmyFA-vww	1DIcH	lunatic-v0.1.0	-	rust-pathfinder-v0.1.0	-	D	P	-
g1_q1sinK0VWMD7I6rAjajf5ErUDeBIWAanSkh_9hVq17M	s1_9Eroywf7tuDrn-hcfZPjlEa1DSRUykCRn9Z11u8ySIo	1DIcH	lunatic-v0.1.0	-	rust-pathfinder-v0.1.0	-	D	P	-
g1_q1sinK0VWMD7I6rAjajf5ErUDeBIWAanSkh_9hVq17M	s1_Brk0hkuJoH-MBjdd53AO5tlWcOgDWV_R0PO74fHGd_0	1DIcH	lunatic-v0.1.0	-	rust-pathfinder-v0.1.0	-	D	P	-
g1_q1sinK0VWMD7I6rAjajf5ErUDeBIWAanSkh_9hVq17M	s1_KmF8KhDbubz6lwdS8R_n_yTGdSONmH9B1wUABbyCj94	1DIcH	lunatic-v0.1.0	-	rust-pathfinder-v0.1.0	-	D	P	-
g1_q1sinK0VWMD7I6rAjajf5ErUDeBIWAanSkh_9hVq17M	s1_MKrI0a3Qd48rU7oZj28GrlQ3cHhIbUzS5ibiIW9aKy4	1DIcH	lunatic-v0.1.0	-	rust-pathfinder-v0.1.0	-	D	P	-
g1_q1sinK0VWMD7I6rAjajf5ErUDeBIWAanSkh_9hVq17M	s1_XloMUS0hxYEXf762lcPfaudsLmsH-CsOVZNVVU_obcA	1DIcH	lunatic-v0.1.0	-	rust-pathfinder-v0.1.0	-	D	P	-
g1_q1sinK0VWMD7I6rAjajf5ErUDeBIWAanSkh_9hVq17M	s1_g5pGkHBMEhzAYvwFY0b24sSc7wC9JfnWApMHHZ_aMPI	1DIcH	lunatic-v0.1.0	-	rust-pathfinder-v0.1.0	-	D	P	-
g1_q27aybJ9fBM1NP4s8Rx39PkByJ73_ujRQYSqU5fa5w0	s1_9HRmlGo8Fe6MqJvPPDdE-4pgWsftbC3_K4V8tXP2JvQ	1unPOM	qadv-arbiter-7x7-rust-lambda-v0.1.0	-	qadv-arbiter-7x7-rust-lambda-v0.1.0	-	L	P	196
g1_q27aybJ9fBM1NP4s8Rx39PkByJ73_ujRQYSqU5fa5w0	s1_RauLaTi4eVgYHSp2TV9pqs9uzTVv0B10g9TaHMWpcZ4	1unPOM	qadv-arbiter-7x7-rust-lambda-v0.1.0	-	qadv-arbiter-7x7-rust-lambda-v0.1.0	-	L	P	-
g1_q27aybJ9fBM1NP4s8Rx39PkByJ73_ujRQYSqU5fa5w0	s1_T2f2oOz71uSi9NOrPiwAjEtCNpf5Kj4GWS5I50cvlKg	1unPOM	qadv-arbiter-7x7-rust-lambda-v0.1.0	-	qadv-arbiter-7x7-rust-lambda-v0.1.0	-	L	P	196
g1_q27aybJ9fBM1NP4s8Rx39PkByJ73_ujRQYSqU5fa5w0	s1__NFYrdd7TfDIYRnAFczPHjRRFpFjSJB8W3XwSUClB40	1unPOM	qadv-arbiter-7x7-rust-lambda-v0.1.0	-	qadv-arbiter-7x7-rust-lambda-v0.1.0	-	L	P	196
g1_q2OC8JVFogtKFr7-Zf7uElMIjZkyPCGHHpc7RMflu8A	s1_1av6nXQkq-GSHXfjkVlGHGpAq8F9UbW4JwZmyFA-vww	1DIem	python-gnn-puct-v0.1.0	sha256:6f9ad6e4a0993da3cf34a8549e86f9b5d512c51e11bfa76dfe051e7a8801bdac	python-gnn-puct-v0.1.0	sha256:6f9ad6e4a0993da3cf34a8549e86f9b5d512c51e11bfa76dfe051e7a8801bdac	D	P	196
g1_q2OC8JVFogtKFr7-Zf7uElMIjZkyPCGHHpc7RMflu8A	s1_Brk0hkuJoH-MBjdd53AO5tlWcOgDWV_R0PO74fHGd_0	1DIem	python-gnn-puct-v0.1.0	sha256:6f9ad6e4a0993da3cf34a8549e86f9b5d512c51e11bfa76dfe051e7a8801bdac	python-gnn-puct-v0.1.0	sha256:6f9ad6e4a0993da3cf34a8549e86f9b5d512c51e11bfa76dfe051e7a8801bdac	D	P	196
g1_q2OC8JVFogtKFr7-Zf7uElMIjZkyPCGHHpc7RMflu8A	s1_KmF8KhDbubz6lwdS8R_n_yTGdSONmH9B1wUABbyCj94	1DIem	python-gnn-puct-v0.1.0	sha256:6f9ad6e4a0993da3cf34a8549e86f9b5d512c51e11bfa76dfe051e7a8801bdac	python-gnn-puct-v0.1.0	sha256:6f9ad6e4a0993da3cf34a8549e86f9b5d512c51e11bfa76dfe051e7a8801bdac	D	P	196
g1_q2OC8JVFogtKFr7-Zf7uElMIjZkyPCGHHpc7RMflu8A	s1_g5pGkHBMEhzAYvwFY0b24sSc7wC9JfnWApMHHZ_aMPI	1DIem	python-gnn-puct-v0.1.0	sha256:6f9ad6e4a0993da3cf34a8549e86f9b5d512c51e11bfa76dfe051e7a8801bdac	python-gnn-puct-v0.1.0	sha256:6f9ad6e4a0993da3cf34a8549e86f9b5d512c51e11bfa76dfe051e7a8801bdac	D	P	196
g1_q2OC8JVFogtKFr7-Zf7uElMIjZkyPCGHHpc7RMflu8A	s1_tol_POp6BcgBLMWq8iDfRBQSAXpESHxFwmcCQYXv0yQ	1DIem	python-gnn-puct-v0.1.0	sha256:6f9ad6e4a0993da3cf34a8549e86f9b5d512c51e11bfa76dfe051e7a8801bdac	python-gnn-puct-v0.1.0	sha256:6f9ad6e4a0993da3cf34a8549e86f9b5d512c51e11bfa76dfe051e7a8801bdac	D	P	196
g1_q2U6_t3swmHjGQymAajLKVMSz9UHzNX7cbpzbHUSoc0	s1_-OKlJXuPFfAnukwGYITjiU7XKL4OC_qt76PC0TZSPjg	1umvhb	python-cnn-puct-v0.1.0	sha256:7845e9b7687beee165dc36b8d21833b7a8b5a83e31b58b49bd05c277ba26e642	python-cnn-puct-v0.1.0	sha256:7845e9b7687beee165dc36b8d21833b7a8b5a83e31b58b49bd05c277ba26e642	L	P	196
g1_q2U6_t3swmHjGQymAajLKVMSz9UHzNX7cbpzbHUSoc0	s1_1av6nXQkq-GSHXfjkVlGHGpAq8F9UbW4JwZmyFA-vww	1umvhb	python-cnn-puct-v0.1.0	sha256:7845e9b7687beee165dc36b8d21833b7a8b5a83e31b58b49bd05c277ba26e642	python-cnn-puct-v0.1.0	sha256:7845e9b7687beee165dc36b8d21833b7a8b5a83e31b58b49bd05c277ba26e642	L	P	196
g1_q2U6_t3swmHjGQymAajLKVMSz9UHzNX7cbpzbHUSoc0	s1_Brk0hkuJoH-MBjdd53AO5tlWcOgDWV_R0PO74fHGd_0	1umvhb	python-cnn-puct-v0.1.0	sha256:7845e9b7687beee165dc36b8d21833b7a8b5a83e31b58b49bd05c277ba26e642	python-cnn-puct-v0.1.0	sha256:7845e9b7687beee165dc36b8d21833b7a8b5a83e31b58b49bd05c277ba26e642	L	P	196
g1_q2hfEiT1nRjDQs3yF86gs-ehabIDr6ZFVrOd_q3ZwZs	s1_1av6nXQkq-GSHXfjkVlGHGpAq8F9UbW4JwZmyFA-vww	1DIdU	python-gnn-puct-v0.1.0	sha256:6f9ad6e4a0993da3cf34a8549e86f9b5d512c51e11bfa76dfe051e7a8801bdac	python-gnn-puct-v0.1.0	sha256:6f9ad6e4a0993da3cf34a8549e86f9b5d512c51e11bfa76dfe051e7a8801bdac	D	P	196
g1_q2hfEiT1nRjDQs3yF86gs-ehabIDr6ZFVrOd_q3ZwZs	s1_Brk0hkuJoH-MBjdd53AO5tlWcOgDWV_R0PO74fHGd_0	1DIdU	python-gnn-puct-v0.1.0	sha256:6f9ad6e4a0993da3cf34a8549e86f9b5d512c51e11bfa76dfe051e7a8801bdac	python-gnn-puct-v0.1.0	sha256:6f9ad6e4a0993da3cf34a8549e86f9b5d512c51e11bfa76dfe051e7a8801bdac	D	P	196
g1_q2hfEiT1nRjDQs3yF86gs-ehabIDr6ZFVrOd_q3ZwZs	s1_KmF8KhDbubz6lwdS8R_n_yTGdSONmH9B1wUABbyCj94	1DIdU	python-gnn-puct-v0.1.0	sha256:6f9ad6e4a0993da3cf34a8549e86f9b5d512c51e11bfa76dfe051e7a8801bdac	python-gnn-puct-v0.1.0	sha256:6f9ad6e4a0993da3cf34a8549e86f9b5d512c51e11bfa76dfe051e7a8801bdac	D	P	196
g1_q2hfEiT1nRjDQs3yF86gs-ehabIDr6ZFVrOd_q3ZwZs	s1_g5pGkHBMEhzAYvwFY0b24sSc7wC9JfnWApMHHZ_aMPI	1DIdU	python-gnn-puct-v0.1.0	sha256:6f9ad6e4a0993da3cf34a8549e86f9b5d512c51e11bfa76dfe051e7a8801bdac	python-gnn-puct-v0.1.0	sha256:6f9ad6e4a0993da3cf34a8549e86f9b5d512c51e11bfa76dfe051e7a8801bdac	D	P	196
g1_q2hfEiT1nRjDQs3yF86gs-ehabIDr6ZFVrOd_q3ZwZs	s1_tol_POp6BcgBLMWq8iDfRBQSAXpESHxFwmcCQYXv0yQ	1DIdU	python-gnn-puct-v0.1.0	sha256:6f9ad6e4a0993da3cf34a8549e86f9b5d512c51e11bfa76dfe051e7a8801bdac	python-gnn-puct-v0.1.0	sha256:6f9ad6e4a0993da3cf34a8549e86f9b5d512c51e11bfa76dfe051e7a8801bdac	D	P	196
g1_q2rebleUHykckjAqlrfFRyzoSMcrF_vCRtPpvmfiGrQ	s1_7UdEpqZKCK0xNQT76fVDdm5Cjd61lwZOv-Bj_9THZ0s	1unOEc	qadv-arbiter-7x7-rust-lambda-v0.1.0	-	qadv-arbiter-7x7-rust-lambda-v0.1.0	-	D	P	196
g1_q2rebleUHykckjAqlrfFRyzoSMcrF_vCRtPpvmfiGrQ	s1_PKS0e3PNguGkb8y813YHMPAtYKXv3PrEw4pIIv1MbyE	1unOEc	qadv-arbiter-7x7-rust-lambda-v0.1.0	-	qadv-arbiter-7x7-rust-lambda-v0.1.0	-	D	P	196
g1_q2rebleUHykckjAqlrfFRyzoSMcrF_vCRtPpvmfiGrQ	s1_RauLaTi4eVgYHSp2TV9pqs9uzTVv0B10g9TaHMWpcZ4	1unOEc	qadv-arbiter-7x7-rust-lambda-v0.1.0	-	qadv-arbiter-7x7-rust-lambda-v0.1.0	-	D	P	-
g1_q2rebleUHykckjAqlrfFRyzoSMcrF_vCRtPpvmfiGrQ	s1__kGA1-OEEQG5oKFNn9O3eUitE-jMmF6vfu9cnKG0BzU	1unOEc	qadv-arbiter-7x7-rust-lambda-v0.1.0	-	qadv-arbiter-7x7-rust-lambda-v0.1.0	-	D	P	196
g1_q2yqE7uCvmy5Yatytq9zNs89eR13bY0HQPei2N77dVo	s1_0DSkE8n3Us7KY1AubveYRSTriHHV8cHuQhbPFlBQjjg	1unMfx	qadv-arbiter-7x7-rust-lambda-v0.1.0	-	qadv-arbiter-7x7-rust-lambda-v0.1.0	-	D	P	196
g1_q2yqE7uCvmy5Yatytq9zNs89eR13bY0HQPei2N77dVo	s1_9Y4Ogc8WmCS_f1oP7thjWQJeYwP5uIDvUAM_-M-xoTU	1unMfx	qadv-arbiter-7x7-rust-lambda-v0.1.0	-	qadv-arbiter-7x7-rust-lambda-v0.1.0	-	D	P	196
g1_q2yqE7uCvmy5Yatytq9zNs89eR13bY0HQPei2N77dVo	s1_RauLaTi4eVgYHSp2TV9pqs9uzTVv0B10g9TaHMWpcZ4	1unMfx	qadv-arbiter-7x7-rust-lambda-v0.1.0	-	qadv-arbiter-7x7-rust-lambda-v0.1.0	-	D	P	-
g1_q2yqE7uCvmy5Yatytq9zNs89eR13bY0HQPei2N77dVo	s1_oVlIVLvPmX84OQF7EvNoOeQrsvyZRPbfb7uYBteB-Jo	1unMfx	qadv-arbiter-7x7-rust-lambda-v0.1.0	-	qadv-arbiter-7x7-rust-lambda-v0.1.0	-	D	P	196
g1_q34SfXjtBLrOMmge3VHdQcVzG-di32zm5Qg7Z_p6LvA	s1_RauLaTi4eVgYHSp2TV9pqs9uzTVv0B10g9TaHMWpcZ4	1unNxH	qadv-arbiter-7x7-rust-lambda-v0.1.0	-	qadv-arbiter-7x7-rust-lambda-v0.1.0	-	D	P	-
g1_q34SfXjtBLrOMmge3VHdQcVzG-di32zm5Qg7Z_p6LvA	s1_kFL4XNx-zbdkZczmOlHxbAhpOQM2kBFKq1_y3KXZebc	1unNxH	qadv-arbiter-7x7-rust-lambda-v0.1.0	-	qadv-arbiter-7x7-rust-lambda-v0.1.0	-	D	P	196
g1_q34SfXjtBLrOMmge3VHdQcVzG-di32zm5Qg7Z_p6LvA	s1_mwa1TzXP66pgckMK2MeNwyj_iKfQdhqP1OKyXTfTaDk	1unNxH	qadv-arbiter-7x7-rust-lambda-v0.1.0	-	qadv-arbiter-7x7-rust-lambda-v0.1.0	-	D	P	196
g1_q34SfXjtBLrOMmge3VHdQcVzG-di32zm5Qg7Z_p6LvA	s1_sMl4S7wZYUzHI5QxitEVhjvqfGC0_glkk0SY2L8AUmM	1unNxH	qadv-arbiter-7x7-rust-lambda-v0.1.0	-	qadv-arbiter-7x7-rust-lambda-v0.1.0	-	D	P	196
g1_q36ET4fqGUEOpYue0d43qAw4P51r4LUauKUoHgdP91Y	s1_Q1UM-x88xwln-wV2lmsFvCHY1AArGWX6448o52ldcf0	1unODV	qadv-arbiter-7x7-rust-lambda-v0.1.0	-	qadv-arbiter-7x7-rust-lambda-v0.1.0	-	L	P	196
g1_q36ET4fqGUEOpYue0d43qAw4P51r4LUauKUoHgdP91Y	s1_RauLaTi4eVgYHSp2TV9pqs9uzTVv0B10g9TaHMWpcZ4	1unODV	qadv-arbiter-7x7-rust-lambda-v0.1.0	-	qadv-arbiter-7x7-rust-lambda-v0.1.0	-	L	P	-
g1_q36ET4fqGUEOpYue0d43qAw4P51r4LUauKUoHgdP91Y	s1_ScUNxJ3fwSQaPLUR_aea6IsQOYYTWRd99x4FQgo_H4A	1unODV	qadv-arbiter-7x7-rust-lambda-v0.1.0	-	qadv-arbiter-7x7-rust-lambda-v0.1.0	-	L	P	196
g1_q36ET4fqGUEOpYue0d43qAw4P51r4LUauKUoHgdP91Y	s1_YL6GpIYe-PR5_S9Y27hfwqSgy2RTpXqqkGnkQHgTKHU	1unODV	qadv-arbiter-7x7-rust-lambda-v0.1.0	-	qadv-arbiter-7x7-rust-lambda-v0.1.0	-	L	P	196
g1_q3EE7kRe56fsir1Y5_VA1A79XCNTVBi43JNO-LKeOgA	s1_1av6nXQkq-GSHXfjkVlGHGpAq8F9UbW4JwZmyFA-vww	1DIjQ	rust-pathfinder-v0.1.0	-	lunatic-v0.1.0	-	L	P	-
g1_q3EE7kRe56fsir1Y5_VA1A79XCNTVBi43JNO-LKeOgA	s1_9Eroywf7tuDrn-hcfZPjlEa1DSRUykCRn9Z11u8ySIo	1DIjQ	rust-pathfinder-v0.1.0	-	lunatic-v0.1.0	-	L	P	-
g1_q3EE7kRe56fsir1Y5_VA1A79XCNTVBi43JNO-LKeOgA	s1_MKrI0a3Qd48rU7oZj28GrlQ3cHhIbUzS5ibiIW9aKy4	1DIjQ	rust-pathfinder-v0.1.0	-	lunatic-v0.1.0	-	L	P	-
g1_q3EE7kRe56fsir1Y5_VA1A79XCNTVBi43JNO-LKeOgA	s1_XloMUS0hxYEXf762lcPfaudsLmsH-CsOVZNVVU_obcA	1DIjQ	rust-pathfinder-v0.1.0	-	lunatic-v0.1.0	-	L	P	-
g1_q3EE7kRe56fsir1Y5_VA1A79XCNTVBi43JNO-LKeOgA	s1_del54SUFELBov5vQFrhsVexn6D9EhUPDFZpXuqC6eCI	1DIjQ	rust-pathfinder-v0.1.0	-	lunatic-v0.1.0	-	L	P	-
g1_q3EE7kRe56fsir1Y5_VA1A79XCNTVBi43JNO-LKeOgA	s1_g5pGkHBMEhzAYvwFY0b24sSc7wC9JfnWApMHHZ_aMPI	1DIjQ	rust-pathfinder-v0.1.0	-	lunatic-v0.1.0	-	L	P	-
g1_q3EE7kRe56fsir1Y5_VA1A79XCNTVBi43JNO-LKeOgA	s1_mWPTef6xYbijjPhDIC6QgLRmu2mMSJAokNlIkx3vg54	1DIjQ	rust-pathfinder-v0.1.0	-	lunatic-v0.1.0	-	L	P	-
g1_q3J0tQt24lLuaoe_PO8ow2niQPqK95EqyBNBczARCXM	s1_1av6nXQkq-GSHXfjkVlGHGpAq8F9UbW4JwZmyFA-vww	1DIXQ	rust-pathfinder-v0.1.0	-	lunatic-v0.1.0	-	L	P	-
g1_q3J0tQt24lLuaoe_PO8ow2niQPqK95EqyBNBczARCXM	s1_9Eroywf7tuDrn-hcfZPjlEa1DSRUykCRn9Z11u8ySIo	1DIXQ	rust-pathfinder-v0.1.0	-	lunatic-v0.1.0	-	L	P	-
g1_q3J0tQt24lLuaoe_PO8ow2niQPqK95EqyBNBczARCXM	s1_Brk0hkuJoH-MBjdd53AO5tlWcOgDWV_R0PO74fHGd_0	1DIXQ	rust-pathfinder-v0.1.0	-	lunatic-v0.1.0	-	L	P	-
g1_q3J0tQt24lLuaoe_PO8ow2niQPqK95EqyBNBczARCXM	s1_KmF8KhDbubz6lwdS8R_n_yTGdSONmH9B1wUABbyCj94	1DIXQ	rust-pathfinder-v0.1.0	-	lunatic-v0.1.0	-	L	P	-
g1_q3J0tQt24lLuaoe_PO8ow2niQPqK95EqyBNBczARCXM	s1_MKrI0a3Qd48rU7oZj28GrlQ3cHhIbUzS5ibiIW9aKy4	1DIXQ	rust-pathfinder-v0.1.0	-	lunatic-v0.1.0	-	L	P	-
g1_q3J0tQt24lLuaoe_PO8ow2niQPqK95EqyBNBczARCXM	s1_XloMUS0hxYEXf762lcPfaudsLmsH-CsOVZNVVU_obcA	1DIXQ	rust-pathfinder-v0.1.0	-	lunatic-v0.1.0	-	L	P	-
g1_q3J0tQt24lLuaoe_PO8ow2niQPqK95EqyBNBczARCXM	s1_g5pGkHBMEhzAYvwFY0b24sSc7wC9JfnWApMHHZ_aMPI	1DIXQ	rust-pathfinder-v0.1.0	-	lunatic-v0.1.0	-	L	P	-
g1_q3RlJjZY_H74RcGGTg1ZqxzXLx2rYRdaXvqqqedvd0s	s1_1av6nXQkq-GSHXfjkVlGHGpAq8F9UbW4JwZmyFA-vww	1umxEG	lunatic-v0.1.0	-	gnn-scout-7x7	sha256:7d34820fd656875b3ac4a0142e8f22179d11b133feb3321d0eb735b2a7abd027	L	P	196
g1_q3RlJjZY_H74RcGGTg1ZqxzXLx2rYRdaXvqqqedvd0s	s1_dcEgf_s_8JfAgzbYFm9Z15BWrFU6bsc6MzE1gZNvlP4	1umxEG	lunatic-v0.1.0	-	gnn-scout-7x7	sha256:7d34820fd656875b3ac4a0142e8f22179d11b133feb3321d0eb735b2a7abd027	L	P	196
g1_q3RlJjZY_H74RcGGTg1ZqxzXLx2rYRdaXvqqqedvd0s	s1_mWPTef6xYbijjPhDIC6QgLRmu2mMSJAokNlIkx3vg54	1umxEG	lunatic-v0.1.0	-	gnn-scout-7x7	sha256:7d34820fd656875b3ac4a0142e8f22179d11b133feb3321d0eb735b2a7abd027	L	P	196
g1_q3V6da0DRGfLga9GxQx-3PzXDRl63sUGMDuTgA7WNMc	s1_-H4aznHqoPjeA8cXw2ks9cy1RK6l7_6Ti-3hGWiZLi0	1unMe-	qadv-arbiter-7x7-rust-lambda-v0.1.0	-	qadv-arbiter-7x7-rust-lambda-v0.1.0	-	L	P	196
g1_q3V6da0DRGfLga9GxQx-3PzXDRl63sUGMDuTgA7WNMc	s1_7nt3ycFtRxg2HYn3gosqd1yS8vn1s3jK46f8caNI-dc	1unMe-	qadv-arbiter-7x7-rust-lambda-v0.1.0	-	qadv-arbiter-7x7-rust-lambda-v0.1.0	-	L	P	196
g1_q3V6da0DRGfLga9GxQx-3PzXDRl63sUGMDuTgA7WNMc	s1_H2pjnBtvL-_DH8G1usU5VQbKx6Gxwti5-RVR156V3qQ	1unMe-	qadv-arbiter-7x7-rust-lambda-v0.1.0	-	qadv-arbiter-7x7-rust-lambda-v0.1.0	-	L	P	196
g1_q3V6da0DRGfLga9GxQx-3PzXDRl63sUGMDuTgA7WNMc	s1_RauLaTi4eVgYHSp2TV9pqs9uzTVv0B10g9TaHMWpcZ4	1unMe-	qadv-arbiter-7x7-rust-lambda-v0.1.0	-	qadv-arbiter-7x7-rust-lambda-v0.1.0	-	L	P	-
g1_q3fLNoJkv5wdU1AOyDi4xNk8YE5DlZ42zPVVU9-kKOU	s1_7FIu85-v_e-kbNsQ2UNk3yRt-KGcLyUjpmVwIc9cnfM	1umwBV	python-gnn-puct-scout-v0.1.0	sha256:b9f80706cc1f29076ee06fe06483697c749148a808c599579045d00a52573938	python-gnn-puct-scout-v0.1.0	sha256:b9f80706cc1f29076ee06fe06483697c749148a808c599579045d00a52573938	L	P	196
g1_q3fLNoJkv5wdU1AOyDi4xNk8YE5DlZ42zPVVU9-kKOU	s1_S8AGNBNcWBvWiwIo-AOAHPoHuZo2XvcsYvhgQxGTkrY	1umwBV	python-gnn-puct-scout-v0.1.0	sha256:b9f80706cc1f29076ee06fe06483697c749148a808c599579045d00a52573938	python-gnn-puct-scout-v0.1.0	sha256:b9f80706cc1f29076ee06fe06483697c749148a808c599579045d00a52573938	L	P	196
g1_q40cvMilWl5u8h8l5221gFAAg1DlS_5-kmRcGv5Wses	s1_1LB6NAgPOeCp4r8rQw4kUOIXWpEdWysFm5RZjWCQSgc	1umwc9	python-gnn-puct-learner-v0.1.0	sha256:ab0f739cd33d66781faf60e27797c5ccba3c04ba684f8d9e32e9c2754f4e8956	python-gnn-puct-learner-v0.1.0	sha256:ab0f739cd33d66781faf60e27797c5ccba3c04ba684f8d9e32e9c2754f4e8956	D	P	196
g1_q40cvMilWl5u8h8l5221gFAAg1DlS_5-kmRcGv5Wses	s1_P4NHYhwuVnEA-dG2X-UVeVotb84A5mwljbYTlTMqr8w	1umwc9	python-gnn-puct-learner-v0.1.0	sha256:ab0f739cd33d66781faf60e27797c5ccba3c04ba684f8d9e32e9c2754f4e8956	python-gnn-puct-learner-v0.1.0	sha256:ab0f739cd33d66781faf60e27797c5ccba3c04ba684f8d9e32e9c2754f4e8956	D	P	196
g1_q40fJvLzWnyYfmEYzolz1AximSMkH-UrNLI4LFRmwS0	s1__fmnSv6OnZklVvMPUjPdL6drtvfrJptRYX3nxZQO8jI	1umxpd	python-gnn-puct-scout-v0.1.0	sha256:b9f80706cc1f29076ee06fe06483697c749148a808c599579045d00a52573938	python-gnn-puct-scout-v0.1.0	sha256:b9f80706cc1f29076ee06fe06483697c749148a808c599579045d00a52573938	D	P	196
g1_q4mFBLGVS0VCwcuwAC2CDXXwIhu03hQ6x_YfjQaC_H8	s1_1av6nXQkq-GSHXfjkVlGHGpAq8F9UbW4JwZmyFA-vww	1umvJl	python-gnn-puct-learner-v0.1.0	sha256:ab0f739cd33d66781faf60e27797c5ccba3c04ba684f8d9e32e9c2754f4e8956	python-gnn-puct-learner-v0.1.0	sha256:ab0f739cd33d66781faf60e27797c5ccba3c04ba684f8d9e32e9c2754f4e8956	-	M	196
g1_q4mFBLGVS0VCwcuwAC2CDXXwIhu03hQ6x_YfjQaC_H8	s1_Brk0hkuJoH-MBjdd53AO5tlWcOgDWV_R0PO74fHGd_0	1umvJl	python-gnn-puct-learner-v0.1.0	sha256:ab0f739cd33d66781faf60e27797c5ccba3c04ba684f8d9e32e9c2754f4e8956	python-gnn-puct-learner-v0.1.0	sha256:ab0f739cd33d66781faf60e27797c5ccba3c04ba684f8d9e32e9c2754f4e8956	-	M	196
g1_q4mFBLGVS0VCwcuwAC2CDXXwIhu03hQ6x_YfjQaC_H8	s1_QBFUsDtxokERlDOdQkleYbPvhJ-vIp2qmp6DXjS-7oM	1umvJl	python-gnn-puct-learner-v0.1.0	sha256:ab0f739cd33d66781faf60e27797c5ccba3c04ba684f8d9e32e9c2754f4e8956	python-gnn-puct-learner-v0.1.0	sha256:ab0f739cd33d66781faf60e27797c5ccba3c04ba684f8d9e32e9c2754f4e8956	-	M	196
g1_q5J3bwuJjWDITF2HjpREA6BGXZrKiPCRnBT63jgoD8U	s1_4aQTSqCmP5V-j1u5MGXqGcOEV7iucQO9vEeLxLDhJRA	1unPBf	qadv-arbiter-7x7-rust-lambda-v0.1.0	-	qadv-arbiter-7x7-rust-lambda-v0.1.0	-	D	P	196
g1_q5J3bwuJjWDITF2HjpREA6BGXZrKiPCRnBT63jgoD8U	s1_93kDp91aEuv2LH2iQ1dRsDiCufe6KR-cxxecD5PMUD0	1unPBf	qadv-arbiter-7x7-rust-lambda-v0.1.0	-	qadv-arbiter-7x7-rust-lambda-v0.1.0	-	D	P	196
g1_q5J3bwuJjWDITF2HjpREA6BGXZrKiPCRnBT63jgoD8U	s1_Lqnki9_10cm19JydLZUAk7vBBKSBB-oR1d4-xDQY6Z8	1unPBf	qadv-arbiter-7x7-rust-lambda-v0.1.0	-	qadv-arbiter-7x7-rust-lambda-v0.1.0	-	D	P	196
g1_q5J3bwuJjWDITF2HjpREA6BGXZrKiPCRnBT63jgoD8U	s1_RauLaTi4eVgYHSp2TV9pqs9uzTVv0B10g9TaHMWpcZ4	1unPBf	qadv-arbiter-7x7-rust-lambda-v0.1.0	-	qadv-arbiter-7x7-rust-lambda-v0.1.0	-	D	P	-
g1_q5LSOP_9RLxu99NUJlUoeXgRld3XqMaa0bNO8K_ukWQ	s1_FF32q_yKwIDyoYyqQW5HWtie7WdF0paf_U0DukB1ARk	1unOKo	qadv-arbiter-7x7-rust-lambda-v0.1.0	-	qadv-arbiter-7x7-rust-lambda-v0.1.0	-	D	P	196
g1_q5LSOP_9RLxu99NUJlUoeXgRld3XqMaa0bNO8K_ukWQ	s1_RauLaTi4eVgYHSp2TV9pqs9uzTVv0B10g9TaHMWpcZ4	1unOKo	qadv-arbiter-7x7-rust-lambda-v0.1.0	-	qadv-arbiter-7x7-rust-lambda-v0.1.0	-	D	P	-
g1_q5LSOP_9RLxu99NUJlUoeXgRld3XqMaa0bNO8K_ukWQ	s1_bgv-8BP42RMK-exMEJFx5g2Z_GZylbqLbH3odC-Gr2w	1unOKo	qadv-arbiter-7x7-rust-lambda-v0.1.0	-	qadv-arbiter-7x7-rust-lambda-v0.1.0	-	D	P	196
g1_q5LSOP_9RLxu99NUJlUoeXgRld3XqMaa0bNO8K_ukWQ	s1_uka5CrX6oiZMfsub9XCylxW-bV7WW8kEPYXT6d9Xox0	1unOKo	qadv-arbiter-7x7-rust-lambda-v0.1.0	-	qadv-arbiter-7x7-rust-lambda-v0.1.0	-	D	P	196
g1_q5M3KFHH6VcVbgANFgPf5VUzEhBAH7kcZIs4c9mVLog	s1_1av6nXQkq-GSHXfjkVlGHGpAq8F9UbW4JwZmyFA-vww	1DIg4	rust-pathfinder-v0.1.0	-	lunatic-v0.1.0	-	L	P	-
g1_q5M3KFHH6VcVbgANFgPf5VUzEhBAH7kcZIs4c9mVLog	s1_9Eroywf7tuDrn-hcfZPjlEa1DSRUykCRn9Z11u8ySIo	1DIg4	rust-pathfinder-v0.1.0	-	lunatic-v0.1.0	-	L	P	-
g1_q5M3KFHH6VcVbgANFgPf5VUzEhBAH7kcZIs4c9mVLog	s1_Brk0hkuJoH-MBjdd53AO5tlWcOgDWV_R0PO74fHGd_0	1DIg4	rust-pathfinder-v0.1.0	-	lunatic-v0.1.0	-	L	P	-
g1_q5M3KFHH6VcVbgANFgPf5VUzEhBAH7kcZIs4c9mVLog	s1_KmF8KhDbubz6lwdS8R_n_yTGdSONmH9B1wUABbyCj94	1DIg4	rust-pathfinder-v0.1.0	-	lunatic-v0.1.0	-	L	P	-
g1_q5M3KFHH6VcVbgANFgPf5VUzEhBAH7kcZIs4c9mVLog	s1_MKrI0a3Qd48rU7oZj28GrlQ3cHhIbUzS5ibiIW9aKy4	1DIg4	rust-pathfinder-v0.1.0	-	lunatic-v0.1.0	-	L	P	-
g1_q5M3KFHH6VcVbgANFgPf5VUzEhBAH7kcZIs4c9mVLog	s1_XloMUS0hxYEXf762lcPfaudsLmsH-CsOVZNVVU_obcA	1DIg4	rust-pathfinder-v0.1.0	-	lunatic-v0.1.0	-	L	P	-
g1_q5M3KFHH6VcVbgANFgPf5VUzEhBAH7kcZIs4c9mVLog	s1_g5pGkHBMEhzAYvwFY0b24sSc7wC9JfnWApMHHZ_aMPI	1DIg4	rust-pathfinder-v0.1.0	-	lunatic-v0.1.0	-	L	P	-
g1_q5OzxIjUSBoxdgxeTfAC1Fe58NHlSoePlpkb5nFIzf4	s1_RauLaTi4eVgYHSp2TV9pqs9uzTVv0B10g9TaHMWpcZ4	1unPSz	qadv-arbiter-7x7-rust-lambda-v0.1.0	-	qadv-arbiter-7x7-rust-lambda-v0.1.0	-	L	P	-
g1_q5OzxIjUSBoxdgxeTfAC1Fe58NHlSoePlpkb5nFIzf4	s1_mopzkSEPIcHF_zldno2VLJK6h24uM3mo2ywkJ9onl0g	1unPSz	qadv-arbiter-7x7-rust-lambda-v0.1.0	-	qadv-arbiter-7x7-rust-lambda-v0.1.0	-	L	P	196
g1_q5OzxIjUSBoxdgxeTfAC1Fe58NHlSoePlpkb5nFIzf4	s1_pfmd11CkqcfBXPddq3gP_JN7BVEv68_hCv1kzKNut48	1unPSz	qadv-arbiter-7x7-rust-lambda-v0.1.0	-	qadv-arbiter-7x7-rust-lambda-v0.1.0	-	L	P	196
g1_q5OzxIjUSBoxdgxeTfAC1Fe58NHlSoePlpkb5nFIzf4	s1_wvxjMsncyAfVCjMbDwEXBSqR_jGThKFzDM7H1Awo1cI	1unPSz	qadv-arbiter-7x7-rust-lambda-v0.1.0	-	qadv-arbiter-7x7-rust-lambda-v0.1.0	-	L	P	196
g1_q5ZeF3WxAdHer3nHk9w_5gQlKa86dBO0JgFHZEZ4f60	s1_2FtaP75xgRVTNrUvmC0NIesJCNy8IDFJ05WNM4nUnpg	1unQvx	surveyor-v0.2.0	-	qadv-arbiter-7x7-v0.1.0	-	L	P	196
g1_q5ZeF3WxAdHer3nHk9w_5gQlKa86dBO0JgFHZEZ4f60	s1_Ii2GGgJlIBQg4HwtobpPTeLJANt3aQj9KSAAUmMi4CY	1unQvx	surveyor-v0.2.0	-	qadv-arbiter-7x7-v0.1.0	-	L	P	196
g1_q5ZeF3WxAdHer3nHk9w_5gQlKa86dBO0JgFHZEZ4f60	s1_PKkm5dh2F8XjFJ5BuBrQ6UVDI2OPiBSIvX3hUqJc9Y4	1unQvx	surveyor-v0.2.0	-	qadv-arbiter-7x7-v0.1.0	-	L	P	196
g1_q5ZeF3WxAdHer3nHk9w_5gQlKa86dBO0JgFHZEZ4f60	s1_RauLaTi4eVgYHSp2TV9pqs9uzTVv0B10g9TaHMWpcZ4	1unQvx	surveyor-v0.2.0	-	qadv-arbiter-7x7-v0.1.0	-	L	P	-
g1_q5gm9ahHtoNrvpBMvmprzBdLPDMEBiIt6cRMHDIAHLg	s1_B6ml-YgwB5VXgxp0PoO1RRXMAoj3DlUT0Tdp2gfNpHY	1un4u_	surveyor-v0.2.0	-	qadv-arbiter-guided-7x7-v0.2.0	sha256:9c0e5e530df7db77a98f6a2e75fe63a6f629c6ad6563e0b5454793ebc243b14d	L	P	196
g1_q5gm9ahHtoNrvpBMvmprzBdLPDMEBiIt6cRMHDIAHLg	s1_IswyJu28REICZ-TLOKz3zWDxdApiHK2RV21V_hp9lz0	1un4u_	surveyor-v0.2.0	-	qadv-arbiter-guided-7x7-v0.2.0	sha256:9c0e5e530df7db77a98f6a2e75fe63a6f629c6ad6563e0b5454793ebc243b14d	L	P	196
g1_q5gm9ahHtoNrvpBMvmprzBdLPDMEBiIt6cRMHDIAHLg	s1_O3cuwuia8XT9TI7Nxr3tRcajOA20XFHEIT2fYX3WizY	1un4u_	surveyor-v0.2.0	-	qadv-arbiter-guided-7x7-v0.2.0	sha256:9c0e5e530df7db77a98f6a2e75fe63a6f629c6ad6563e0b5454793ebc243b14d	L	P	196
g1_q5gm9ahHtoNrvpBMvmprzBdLPDMEBiIt6cRMHDIAHLg	s1_ROUz_g0kquKNGB878B9BMwA5nL4cZcvmffEeoUgiR_k	1un59P	surveyor-v0.2.0	-	qadv-arbiter-guided-7x7-v0.2.0	sha256:9c0e5e530df7db77a98f6a2e75fe63a6f629c6ad6563e0b5454793ebc243b14d	L	P	196
g1_q5gm9ahHtoNrvpBMvmprzBdLPDMEBiIt6cRMHDIAHLg	s1_TNJsSJjRaHDJ2Q7UUQmoz_QE1P-V3BTy5CQvqN4z6Bw	1un59P	surveyor-v0.2.0	-	qadv-arbiter-guided-7x7-v0.2.0	sha256:9c0e5e530df7db77a98f6a2e75fe63a6f629c6ad6563e0b5454793ebc243b14d	L	P	196
g1_q5k4XJJb2KVI16u3yXo8lgB5Th7GpJ6c-FDHHCBUg60	s1__fmnSv6OnZklVvMPUjPdL6drtvfrJptRYX3nxZQO8jI	1umxyw	python-gnn-puct-scout-v0.1.0	sha256:b9f80706cc1f29076ee06fe06483697c749148a808c599579045d00a52573938	python-gnn-puct-scout-v0.1.0	sha256:b9f80706cc1f29076ee06fe06483697c749148a808c599579045d00a52573938	D	P	196
g1_q5mKNOTvI_-cvwXAkELGfnYCfVO-wQKu6KPbEWZB2bw	s1_C7opP1ipMudbVN6D-uPbwS724tkmX-BaH0nHXpzzXlc	1unNQj	qadv-arbiter-7x7-rust-lambda-v0.1.0	-	qadv-arbiter-7x7-rust-lambda-v0.1.0	-	D	P	196
g1_q5mKNOTvI_-cvwXAkELGfnYCfVO-wQKu6KPbEWZB2bw	s1_RauLaTi4eVgYHSp2TV9pqs9uzTVv0B10g9TaHMWpcZ4	1unNQj	qadv-arbiter-7x7-rust-lambda-v0.1.0	-	qadv-arbiter-7x7-rust-lambda-v0.1.0	-	D	P	-
g1_q5mKNOTvI_-cvwXAkELGfnYCfVO-wQKu6KPbEWZB2bw	s1__ktU-3pyJIYuzIBikq5n4fv61-JXnznD6lVaGPnZ3Q4	1unNQj	qadv-arbiter-7x7-rust-lambda-v0.1.0	-	qadv-arbiter-7x7-rust-lambda-v0.1.0	-	D	P	196
g1_q5mKNOTvI_-cvwXAkELGfnYCfVO-wQKu6KPbEWZB2bw	s1_sJXZggabIre3uixMELlh6A73v_FuDLZ6lqCn18WUkak	1unNQj	qadv-arbiter-7x7-rust-lambda-v0.1.0	-	qadv-arbiter-7x7-rust-lambda-v0.1.0	-	D	P	196
g1_q6G9q5TVygMhFzbUqtfGl5Jffr0fD9WrJl6S7e4nBSo	s1_7FIu85-v_e-kbNsQ2UNk3yRt-KGcLyUjpmVwIc9cnfM	1umwNr	python-gnn-puct-scout-v0.1.0	sha256:b9f80706cc1f29076ee06fe06483697c749148a808c599579045d00a52573938	python-gnn-puct-scout-v0.1.0	sha256:b9f80706cc1f29076ee06fe06483697c749148a808c599579045d00a52573938	L	P	196
g1_q6G9q5TVygMhFzbUqtfGl5Jffr0fD9WrJl6S7e4nBSo	s1_S8AGNBNcWBvWiwIo-AOAHPoHuZo2XvcsYvhgQxGTkrY	1umwNr	python-gnn-puct-scout-v0.1.0	sha256:b9f80706cc1f29076ee06fe06483697c749148a808c599579045d00a52573938	python-gnn-puct-scout-v0.1.0	sha256:b9f80706cc1f29076ee06fe06483697c749148a808c599579045d00a52573938	L	P	196
g1_q6bevof14rbtgBYs0fQbHAie92X4NvOrG98OgK_OjaY	s1_pz791mBLK9gCxlmvM7C8kcD10pikcBIN4FZ0Kf_TgTs	1LvZWh	coin-flip-v0.0.1	-	surveyor-v0.2.0	-	D	P	180
g1_q6ePR7ocktNkshlTFHrxcpW3bN8IkYyG2LAoj_8wSao	s1_flXyOBW6T9LLVDFIvXBGel1MoVNZcUcMFIJnB9yLapU	1umxCJ	python-gnn-puct-reval30k-v0.1.0	sha256:6120be86fc469df71473c3de64e5e32f99694cd47d621fa5948f243dc51d3d21	python-gnn-puct-reval30k-v0.1.0	sha256:6120be86fc469df71473c3de64e5e32f99694cd47d621fa5948f243dc51d3d21	L	P	196
g1_q6tYA8WInjHnV4Wn5U9mIdQueQwwk_7L2RU7oeuCEts	s1_3tIEih6NsMBkpEln_qZfAPD2AEKP3R563g0UMh75zhQ	1unNFC	qadv-arbiter-7x7-rust-lambda-v0.1.0	-	qadv-arbiter-7x7-rust-lambda-v0.1.0	-	D	P	196
g1_q6tYA8WInjHnV4Wn5U9mIdQueQwwk_7L2RU7oeuCEts	s1_RauLaTi4eVgYHSp2TV9pqs9uzTVv0B10g9TaHMWpcZ4	1unNFC	qadv-arbiter-7x7-rust-lambda-v0.1.0	-	qadv-arbiter-7x7-rust-lambda-v0.1.0	-	D	P	-
g1_q6tYA8WInjHnV4Wn5U9mIdQueQwwk_7L2RU7oeuCEts	s1_bwWtK7ynhTMOlJdiz707AVuN1kzdj-tqM_Ea_2V1R1M	1unNFC	qadv-arbiter-7x7-rust-lambda-v0.1.0	-	qadv-arbiter-7x7-rust-lambda-v0.1.0	-	D	P	196
g1_q6tYA8WInjHnV4Wn5U9mIdQueQwwk_7L2RU7oeuCEts	s1_ng-8m_VRzgN2NOw7YQ_QMrhkZFr-Jgi9KAe7zUPr7EA	1unNFC	qadv-arbiter-7x7-rust-lambda-v0.1.0	-	qadv-arbiter-7x7-rust-lambda-v0.1.0	-	D	P	196
g1_q6tnaKuXi9PDUfGMz_jU4o32yQRy3hQS3l0FCG424WU	s1_Rz2eSV6bpleQtQU31lqhspmzUZgR3MzW0WWExhJikRw	1DMiQ	python-gnn-puct-v0.1.0	-	python-gnn-puct-v0.1.0	-	L	P	-
g1_q6uBqCeQNLSU8xEjVuuzahpFELYqCZD5QbuSvEn_L3k	s1_KRCy_Jf9YMqwx7IXW2hLBOM83PaLZbr_CAyCtqXoBVo	1unPNi	qadv-arbiter-7x7-rust-lambda-v0.1.0	-	qadv-arbiter-7x7-rust-lambda-v0.1.0	-	L	P	196
g1_q6uBqCeQNLSU8xEjVuuzahpFELYqCZD5QbuSvEn_L3k	s1_Nbx6xNa3wOtQcIsroTTErmApNsmt5tvNRLuqFM8XfJ8	1unPNi	qadv-arbiter-7x7-rust-lambda-v0.1.0	-	qadv-arbiter-7x7-rust-lambda-v0.1.0	-	L	P	196
g1_q6uBqCeQNLSU8xEjVuuzahpFELYqCZD5QbuSvEn_L3k	s1_RauLaTi4eVgYHSp2TV9pqs9uzTVv0B10g9TaHMWpcZ4	1unPNi	qadv-arbiter-7x7-rust-lambda-v0.1.0	-	qadv-arbiter-7x7-rust-lambda-v0.1.0	-	L	P	-
g1_q6uBqCeQNLSU8xEjVuuzahpFELYqCZD5QbuSvEn_L3k	s1_bB1WlggSavcGV20YX5s15R09O15YebH3x65sORB95-Q	1unPNi	qadv-arbiter-7x7-rust-lambda-v0.1.0	-	qadv-arbiter-7x7-rust-lambda-v0.1.0	-	L	P	196
g1_q6vUat6-SPVmDF_jK-ibz_aDjgPIBdn8qYNRPDet57E	s1_5ljWDxs2cHuicZCOrLTiAkYIjLsr60UlTp2pdgzLpFo	1un6sT	cnn-reval30k-7x7	sha256:7439239ff343dcc422cb918560b1b72433f2e13628580427343a446f349c6f5a	qadv-arbiter-guided-7x7-v0.2.0	sha256:9c0e5e530df7db77a98f6a2e75fe63a6f629c6ad6563e0b5454793ebc243b14d	D	P	196
g1_q6vUat6-SPVmDF_jK-ibz_aDjgPIBdn8qYNRPDet57E	s1_O3cuwuia8XT9TI7Nxr3tRcajOA20XFHEIT2fYX3WizY	1un6sT	cnn-reval30k-7x7	sha256:7439239ff343dcc422cb918560b1b72433f2e13628580427343a446f349c6f5a	qadv-arbiter-guided-7x7-v0.2.0	sha256:9c0e5e530df7db77a98f6a2e75fe63a6f629c6ad6563e0b5454793ebc243b14d	D	P	196
g1_q6vUat6-SPVmDF_jK-ibz_aDjgPIBdn8qYNRPDet57E	s1_V0LWS9svHoRw-EU00TJ9ccLmpbl0alVktC6RjcN8YsE	1un6sT	cnn-reval30k-7x7	sha256:7439239ff343dcc422cb918560b1b72433f2e13628580427343a446f349c6f5a	qadv-arbiter-guided-7x7-v0.2.0	sha256:9c0e5e530df7db77a98f6a2e75fe63a6f629c6ad6563e0b5454793ebc243b14d	D	P	196
g1_q70dVTkk1OcSX0zeRgApZCS7wSm74Ul6I8f-IIGZ08g	s1_4jNfwPXKfXKZG8HU3aD9ppmib3JkjD3qZRBAeERra0g	1unLq-	qadv-arbiter-7x7-rust-lambda-v0.1.0	-	qadv-arbiter-7x7-rust-lambda-v0.1.0	-	D	P	196
g1_q70dVTkk1OcSX0zeRgApZCS7wSm74Ul6I8f-IIGZ08g	s1_CT6GmfhQNn8Ts45JFSEa3yvuNMM0jW7NPhPbVo3jcUY	1unLq-	qadv-arbiter-7x7-rust-lambda-v0.1.0	-	qadv-arbiter-7x7-rust-lambda-v0.1.0	-	D	P	196
g1_q70dVTkk1OcSX0zeRgApZCS7wSm74Ul6I8f-IIGZ08g	s1_HPTTkX_TAZj7Gf1k3Rw4zJcAWVL--G2jD_3pckhjzRE	1unLq-	qadv-arbiter-7x7-rust-lambda-v0.1.0	-	qadv-arbiter-7x7-rust-lambda-v0.1.0	-	D	P	196
g1_q70dVTkk1OcSX0zeRgApZCS7wSm74Ul6I8f-IIGZ08g	s1_RauLaTi4eVgYHSp2TV9pqs9uzTVv0B10g9TaHMWpcZ4	1unLq-	qadv-arbiter-7x7-rust-lambda-v0.1.0	-	qadv-arbiter-7x7-rust-lambda-v0.1.0	-	D	P	-
g1_q73TziDhSedz68u_dSrv_ILN5-QS_DriPn6H1H_22cs	s1_9_vsRRpL7aHwZE59nJZt18igO1Z39Bqnzu0i3-wuDhY	1unNdx	qadv-arbiter-7x7-rust-lambda-v0.1.0	-	qadv-arbiter-7x7-rust-lambda-v0.1.0	-	D	P	196
g1_q73TziDhSedz68u_dSrv_ILN5-QS_DriPn6H1H_22cs	s1_CpKA0rLs98_CBmafGhtQYauTZHPjbjo6tjzyh457mmo	1unNdx	qadv-arbiter-7x7-rust-lambda-v0.1.0	-	qadv-arbiter-7x7-rust-lambda-v0.1.0	-	D	P	196
g1_q73TziDhSedz68u_dSrv_ILN5-QS_DriPn6H1H_22cs	s1_RauLaTi4eVgYHSp2TV9pqs9uzTVv0B10g9TaHMWpcZ4	1unNdx	qadv-arbiter-7x7-rust-lambda-v0.1.0	-	qadv-arbiter-7x7-rust-lambda-v0.1.0	-	D	P	-
g1_q73TziDhSedz68u_dSrv_ILN5-QS_DriPn6H1H_22cs	s1_n28C7FEb6g7Lwc1Io39AY-U3PSlrNWlUF1e52TF_xZg	1unNdx	qadv-arbiter-7x7-rust-lambda-v0.1.0	-	qadv-arbiter-7x7-rust-lambda-v0.1.0	-	D	P	196
g1_q7BWkd6ethqayvibpt0EEwHO4nqjZJie7MbYEmzrPjU	s1_HofUcA5J6RvMSrs5dPXnEV5zs9SfqCCPMhPWKWzjHlE	1unLp3	qadv-arbiter-7x7-rust-lambda-v0.1.0	-	qadv-arbiter-7x7-rust-lambda-v0.1.0	-	L	P	196
g1_q7BWkd6ethqayvibpt0EEwHO4nqjZJie7MbYEmzrPjU	s1_NXSGCsOk4jEGFwrKgc3ZMM2IY6ZJcwQ9GZ2FvOn1V4U	1unLp3	qadv-arbiter-7x7-rust-lambda-v0.1.0	-	qadv-arbiter-7x7-rust-lambda-v0.1.0	-	L	P	196
g1_q7BWkd6ethqayvibpt0EEwHO4nqjZJie7MbYEmzrPjU	s1_RauLaTi4eVgYHSp2TV9pqs9uzTVv0B10g9TaHMWpcZ4	1unLp3	qadv-arbiter-7x7-rust-lambda-v0.1.0	-	qadv-arbiter-7x7-rust-lambda-v0.1.0	-	L	P	-
g1_q7BWkd6ethqayvibpt0EEwHO4nqjZJie7MbYEmzrPjU	s1_s1q3bvLfyRk-irtY2uc-3FOI3VnE660UnEdrFuPZQYw	1unLp3	qadv-arbiter-7x7-rust-lambda-v0.1.0	-	qadv-arbiter-7x7-rust-lambda-v0.1.0	-	L	P	196
g1_q7C1Osomf1FEkoy8Io0IKKxWkkpGsmQo1kA1XoqLKyY	s1_A3WRgc77nXGY06GZZCaxChTwkhsFw4E22IhXhyUWORk	1un2DI	qadv-arbiter-guided-7x7-v0.2.0	sha256:9c0e5e530df7db77a98f6a2e75fe63a6f629c6ad6563e0b5454793ebc243b14d	pathfinder-v0.3.0	-	D	P	196
g1_q7C1Osomf1FEkoy8Io0IKKxWkkpGsmQo1kA1XoqLKyY	s1_EHd406NVisYX17tvp9tSYcqEWWp4CsAdRryHC10wfHc	1un2TY	qadv-arbiter-guided-7x7-v0.2.0	sha256:9c0e5e530df7db77a98f6a2e75fe63a6f629c6ad6563e0b5454793ebc243b14d	pathfinder-v0.3.0	-	D	P	196
g1_q7C1Osomf1FEkoy8Io0IKKxWkkpGsmQo1kA1XoqLKyY	s1_GCqZdg9KLzvh0I_b212TEmxdlG3kcwnq3SnQmPGgIqI	1un2TY	qadv-arbiter-guided-7x7-v0.2.0	sha256:9c0e5e530df7db77a98f6a2e75fe63a6f629c6ad6563e0b5454793ebc243b14d	pathfinder-v0.3.0	-	D	P	196
g1_q7C1Osomf1FEkoy8Io0IKKxWkkpGsmQo1kA1XoqLKyY	s1_LBWmkbRgEeZYK7zSPtSERo-vpC7nbolCkcWcIiGOfsc	1un2TY	qadv-arbiter-guided-7x7-v0.2.0	sha256:9c0e5e530df7db77a98f6a2e75fe63a6f629c6ad6563e0b5454793ebc243b14d	pathfinder-v0.3.0	-	D	P	196
g1_q7C1Osomf1FEkoy8Io0IKKxWkkpGsmQo1kA1XoqLKyY	s1_O3cuwuia8XT9TI7Nxr3tRcajOA20XFHEIT2fYX3WizY	1un2DI	qadv-arbiter-guided-7x7-v0.2.0	sha256:9c0e5e530df7db77a98f6a2e75fe63a6f629c6ad6563e0b5454793ebc243b14d	pathfinder-v0.3.0	-	D	P	196
g1_q7C1Osomf1FEkoy8Io0IKKxWkkpGsmQo1kA1XoqLKyY	s1_O4SvAs0bh9GZ516WNj6_O9F4oJqxR87mEnMYPcUrhuk	1un2DI	qadv-arbiter-guided-7x7-v0.2.0	sha256:9c0e5e530df7db77a98f6a2e75fe63a6f629c6ad6563e0b5454793ebc243b14d	pathfinder-v0.3.0	-	D	P	196
g1_q7GaXYdm_06jGfltCFB3_LdSd9125pe7KTafG5eN9FM	s1_2FtaP75xgRVTNrUvmC0NIesJCNy8IDFJ05WNM4nUnpg	1unQxV	surveyor-v0.2.0	-	qadv-arbiter-7x7-v0.1.0	-	L	P	196
g1_q7GaXYdm_06jGfltCFB3_LdSd9125pe7KTafG5eN9FM	s1_9wBWMEteJsfOCJQEEws5wterspWJA1ViWy6NB3i_GTE	1unQxV	surveyor-v0.2.0	-	qadv-arbiter-7x7-v0.1.0	-	L	P	196
g1_q7GaXYdm_06jGfltCFB3_LdSd9125pe7KTafG5eN9FM	s1_F1bRTMMc7WPBHhcU2WhUt_ZCP3YyTFtaERJ-_FH31CA	1unQxV	surveyor-v0.2.0	-	qadv-arbiter-7x7-v0.1.0	-	L	P	196
g1_q7GaXYdm_06jGfltCFB3_LdSd9125pe7KTafG5eN9FM	s1_RauLaTi4eVgYHSp2TV9pqs9uzTVv0B10g9TaHMWpcZ4	1unQxV	surveyor-v0.2.0	-	qadv-arbiter-7x7-v0.1.0	-	L	P	-
g1_q7GaXYdm_06jGfltCFB3_LdSd9125pe7KTafG5eN9FM	s1_XFbLeJ8vNJNphMqL8AizydCwKaRLpait0n4RYdhpzk8	1unQxV	surveyor-v0.2.0	-	qadv-arbiter-7x7-v0.1.0	-	L	P	196
g1_q7I9E85GrMROrUj8GpRc4xP4VQmL4XxE4w7HOF0qQMU	s1_Qmoz3nLvbLcY_1rcqMtpMJDvTQydhL5cxUNWV6EhpMY	1umwxy	qadv-arbiter-7x7-v0.1.0	sha256:8c548d06307572603b839755cc1e50393285365e10f82bcd90290ca65cd86266	qadv-arbiter-7x7-v0.1.0	sha256:8c548d06307572603b839755cc1e50393285365e10f82bcd90290ca65cd86266	L	P	196
g1_q7LnJw5sPDI2zFhnltx2LwzVmuLeU0YqiluX_7OXH4E	s1_7FIu85-v_e-kbNsQ2UNk3yRt-KGcLyUjpmVwIc9cnfM	1umwC0	python-gnn-puct-scout-v0.1.0	sha256:b9f80706cc1f29076ee06fe06483697c749148a808c599579045d00a52573938	python-gnn-puct-scout-v0.1.0	sha256:b9f80706cc1f29076ee06fe06483697c749148a808c599579045d00a52573938	L	P	196
g1_q7LnJw5sPDI2zFhnltx2LwzVmuLeU0YqiluX_7OXH4E	s1_S8AGNBNcWBvWiwIo-AOAHPoHuZo2XvcsYvhgQxGTkrY	1umwC0	python-gnn-puct-scout-v0.1.0	sha256:b9f80706cc1f29076ee06fe06483697c749148a808c599579045d00a52573938	python-gnn-puct-scout-v0.1.0	sha256:b9f80706cc1f29076ee06fe06483697c749148a808c599579045d00a52573938	L	P	196
g1_q7LxyTpsG8rGBopodAAyq0pLzi__9ewnquLZqeWCBgM	s1_0sKm8HMI4E5Z-1OOxMMEH0BR77dCX3HSTiCSDZ63wK0	1unPJU	qadv-arbiter-7x7-rust-lambda-v0.1.0	-	qadv-arbiter-7x7-rust-lambda-v0.1.0	-	L	P	196
g1_q7LxyTpsG8rGBopodAAyq0pLzi__9ewnquLZqeWCBgM	s1_EpspwBE2tTOBIwf9zgSl-VI1mOSG84ihrwrRWixcsh4	1unPJU	qadv-arbiter-7x7-rust-lambda-v0.1.0	-	qadv-arbiter-7x7-rust-lambda-v0.1.0	-	L	P	196
g1_q7LxyTpsG8rGBopodAAyq0pLzi__9ewnquLZqeWCBgM	s1_RauLaTi4eVgYHSp2TV9pqs9uzTVv0B10g9TaHMWpcZ4	1unPJU	qadv-arbiter-7x7-rust-lambda-v0.1.0	-	qadv-arbiter-7x7-rust-lambda-v0.1.0	-	L	P	-
g1_q7LxyTpsG8rGBopodAAyq0pLzi__9ewnquLZqeWCBgM	s1_iRozNPrPhd5HdQ2GkDyXjdOrtnEO23RRsVeYOETYFOQ	1unPJU	qadv-arbiter-7x7-rust-lambda-v0.1.0	-	qadv-arbiter-7x7-rust-lambda-v0.1.0	-	L	P	196
g1_q7OqEAh9jhx6zofbB5rd3Ip1mjD3fRsgJ5L8CzCzfE0	s1_flXyOBW6T9LLVDFIvXBGel1MoVNZcUcMFIJnB9yLapU	1umxEg	python-gnn-puct-reval30k-v0.1.0	sha256:6120be86fc469df71473c3de64e5e32f99694cd47d621fa5948f243dc51d3d21	python-gnn-puct-reval30k-v0.1.0	sha256:6120be86fc469df71473c3de64e5e32f99694cd47d621fa5948f243dc51d3d21	D	P	196
g1_q7VSGm0m-EmqvS4ursSfVlrqYR-jJEYd0hYlg7Eq3mM	s1_gGrazWqW01xDbHoX9qbjHjKt8oymi70RO-N5Pxs9bo0	1DK-W	python-gnn-puct-v0.1.0	-	python-gnn-puct-v0.1.0	-	L	P	-
g1_q7WADJn9aQgWao1_T6UYKQYKkIn87DJi3W-PYK2Qo_k	s1_1av6nXQkq-GSHXfjkVlGHGpAq8F9UbW4JwZmyFA-vww	1umvSB	python-gnn-puct-learner-v0.1.0	sha256:ab0f739cd33d66781faf60e27797c5ccba3c04ba684f8d9e32e9c2754f4e8956	python-gnn-puct-learner-v0.1.0	sha256:ab0f739cd33d66781faf60e27797c5ccba3c04ba684f8d9e32e9c2754f4e8956	D	P	196
g1_q7WADJn9aQgWao1_T6UYKQYKkIn87DJi3W-PYK2Qo_k	s1_Brk0hkuJoH-MBjdd53AO5tlWcOgDWV_R0PO74fHGd_0	1umvSB	python-gnn-puct-learner-v0.1.0	sha256:ab0f739cd33d66781faf60e27797c5ccba3c04ba684f8d9e32e9c2754f4e8956	python-gnn-puct-learner-v0.1.0	sha256:ab0f739cd33d66781faf60e27797c5ccba3c04ba684f8d9e32e9c2754f4e8956	D	P	196
g1_q7WADJn9aQgWao1_T6UYKQYKkIn87DJi3W-PYK2Qo_k	s1_QBFUsDtxokERlDOdQkleYbPvhJ-vIp2qmp6DXjS-7oM	1umvSB	python-gnn-puct-learner-v0.1.0	sha256:ab0f739cd33d66781faf60e27797c5ccba3c04ba684f8d9e32e9c2754f4e8956	python-gnn-puct-learner-v0.1.0	sha256:ab0f739cd33d66781faf60e27797c5ccba3c04ba684f8d9e32e9c2754f4e8956	D	P	196
g1_q7efK13DSu6rDJe7fFSu8mixOe7Z7SN_SgLhOnzP4nE	s1_faEf6V0cVD1LZPt1hqgtNRAS2nCUusDxRHkrulNApVo	1unQ56	qadv-arbiter-7x7-rust-lambda-v0.1.0	-	qadv-arbiter-7x7-rust-lambda-v0.1.0	-	D	P	196
g1_q7efK13DSu6rDJe7fFSu8mixOe7Z7SN_SgLhOnzP4nE	s1_m-9SGfwygMFtkwdOFoPTIqgl8sqO8X_enolOxGGJwbc	1unQ56	qadv-arbiter-7x7-rust-lambda-v0.1.0	-	qadv-arbiter-7x7-rust-lambda-v0.1.0	-	D	P	196
g1_q7efK13DSu6rDJe7fFSu8mixOe7Z7SN_SgLhOnzP4nE	s1_qLlyvsTNC8E7aDPizRLGLYhUGC5CTKbsAMkbBty2aCE	1unQ56	qadv-arbiter-7x7-rust-lambda-v0.1.0	-	qadv-arbiter-7x7-rust-lambda-v0.1.0	-	D	P	196
g1_q7qmRk12YjEObscMyc70RXr7AxDmTkoYFg61E-whZDo	s1_zUY5khepfp3cZvanaO8G0weK4iXcIrwgiKc07FrJ3Pk	1umwuo	rust-pathfinder-v0.1.0	-	rust-pathfinder-v0.3.0	-	L	P	120
g1_q7rVCvOC_SFh6OgatCPrxrXoaKM_5hTG6T5M6zeysoU	s1_1av6nXQkq-GSHXfjkVlGHGpAq8F9UbW4JwZmyFA-vww	1umv7p	surveyor-v0.2.0	-	pathfinder-v0.3.0	-	L	P	196
g1_q7rVCvOC_SFh6OgatCPrxrXoaKM_5hTG6T5M6zeysoU	s1_Brk0hkuJoH-MBjdd53AO5tlWcOgDWV_R0PO74fHGd_0	1umv7p	surveyor-v0.2.0	-	pathfinder-v0.3.0	-	L	P	196
g1_q7rVCvOC_SFh6OgatCPrxrXoaKM_5hTG6T5M6zeysoU	s1_QzXKB60HvV5g6-cJIu-NdpeFb1rCgFAJD1cxfdkoMm0	1umv7p	surveyor-v0.2.0	-	pathfinder-v0.3.0	-	L	P	196
g1_q7rwluIwkEnHyQI3Al1DNWFgupsDJ7vu7018kJJTj-s	s1_Ii3KfbQ3Fq1Qd8r3p8sTrHLh4fIKcJwuYcJV-GlcXYc	1unLmn	qadv-arbiter-7x7-rust-lambda-v0.1.0	-	qadv-arbiter-7x7-rust-lambda-v0.1.0	-	L	P	196
g1_q7rwluIwkEnHyQI3Al1DNWFgupsDJ7vu7018kJJTj-s	s1_RauLaTi4eVgYHSp2TV9pqs9uzTVv0B10g9TaHMWpcZ4	1unLmn	qadv-arbiter-7x7-rust-lambda-v0.1.0	-	qadv-arbiter-7x7-rust-lambda-v0.1.0	-	L	P	-
g1_q7rwluIwkEnHyQI3Al1DNWFgupsDJ7vu7018kJJTj-s	s1_TAtw6cVfhyHzDez-aSm9n7zVZsHwgpHSwLNeOP-8Fvw	1unLmn	qadv-arbiter-7x7-rust-lambda-v0.1.0	-	qadv-arbiter-7x7-rust-lambda-v0.1.0	-	L	P	196
g1_q7rwluIwkEnHyQI3Al1DNWFgupsDJ7vu7018kJJTj-s	s1_mXxvpW99ZxOgZJNg4WSTsb7toRQpuqy7EaVCEEUM45U	1unLmn	qadv-arbiter-7x7-rust-lambda-v0.1.0	-	qadv-arbiter-7x7-rust-lambda-v0.1.0	-	L	P	196
g1_q83qHGoEf6PzhMhAkEzJTSISE3A0LZtkHZmAaEFDnl0	s1_54qENzGHmkQDvGsx7ptVDKKTaIGQUn2mSFQM8yCJwBM	1unNDp	qadv-arbiter-7x7-rust-lambda-v0.1.0	-	qadv-arbiter-7x7-rust-lambda-v0.1.0	-	D	P	196
g1_q83qHGoEf6PzhMhAkEzJTSISE3A0LZtkHZmAaEFDnl0	s1_RauLaTi4eVgYHSp2TV9pqs9uzTVv0B10g9TaHMWpcZ4	1unNDp	qadv-arbiter-7x7-rust-lambda-v0.1.0	-	qadv-arbiter-7x7-rust-lambda-v0.1.0	-	D	P	-
g1_q83qHGoEf6PzhMhAkEzJTSISE3A0LZtkHZmAaEFDnl0	s1_SrFmwrtDGj0kurU3AE4Az-s3mflFjWJqtja_rx53wX4	1unNDp	qadv-arbiter-7x7-rust-lambda-v0.1.0	-	qadv-arbiter-7x7-rust-lambda-v0.1.0	-	D	P	196
g1_q83qHGoEf6PzhMhAkEzJTSISE3A0LZtkHZmAaEFDnl0	s1_lRuuqt0bYqBqp7Yzj--3305lwTGT6VATwcvsKnkB0nU	1unNDp	qadv-arbiter-7x7-rust-lambda-v0.1.0	-	qadv-arbiter-7x7-rust-lambda-v0.1.0	-	D	P	196
g1_q84W_HINKZP4zNXZc1ogG0_ZnQpbvSf_6J04qAtBK3Q	s1_2FtaP75xgRVTNrUvmC0NIesJCNy8IDFJ05WNM4nUnpg	1unQlw	qadv-arbiter-7x7-v0.1.0	-	pathfinder-v0.3.0	-	D	P	196
g1_q84W_HINKZP4zNXZc1ogG0_ZnQpbvSf_6J04qAtBK3Q	s1_3ieuijxdKReoEUa3QO8M188MsVA4743Mxr7vS3C-KKQ	1unQlw	qadv-arbiter-7x7-v0.1.0	-	pathfinder-v0.3.0	-	D	P	196
g1_q84W_HINKZP4zNXZc1ogG0_ZnQpbvSf_6J04qAtBK3Q	s1_JqJGnBtdaDSTN10uoLLn5Kr_lHNON1JC3apupdmCZIU	1unQlw	qadv-arbiter-7x7-v0.1.0	-	pathfinder-v0.3.0	-	D	P	196
g1_q84W_HINKZP4zNXZc1ogG0_ZnQpbvSf_6J04qAtBK3Q	s1_RauLaTi4eVgYHSp2TV9pqs9uzTVv0B10g9TaHMWpcZ4	1unQlw	qadv-arbiter-7x7-v0.1.0	-	pathfinder-v0.3.0	-	D	P	-
g1_q8Bkh-BNS5EHRUeN8ervIbT7ZQRZ7EURkRYwKhCa7ZQ	s1_1av6nXQkq-GSHXfjkVlGHGpAq8F9UbW4JwZmyFA-vww	1DIbX	lunatic-v0.1.0	-	rust-pathfinder-v0.1.0	-	D	P	-
g1_q8Bkh-BNS5EHRUeN8ervIbT7ZQRZ7EURkRYwKhCa7ZQ	s1_9Eroywf7tuDrn-hcfZPjlEa1DSRUykCRn9Z11u8ySIo	1DIbX	lunatic-v0.1.0	-	rust-pathfinder-v0.1.0	-	D	P	-
g1_q8Bkh-BNS5EHRUeN8ervIbT7ZQRZ7EURkRYwKhCa7ZQ	s1_Brk0hkuJoH-MBjdd53AO5tlWcOgDWV_R0PO74fHGd_0	1DIbX	lunatic-v0.1.0	-	rust-pathfinder-v0.1.0	-	D	P	-
g1_q8Bkh-BNS5EHRUeN8ervIbT7ZQRZ7EURkRYwKhCa7ZQ	s1_KmF8KhDbubz6lwdS8R_n_yTGdSONmH9B1wUABbyCj94	1DIbX	lunatic-v0.1.0	-	rust-pathfinder-v0.1.0	-	D	P	-
g1_q8Bkh-BNS5EHRUeN8ervIbT7ZQRZ7EURkRYwKhCa7ZQ	s1_MKrI0a3Qd48rU7oZj28GrlQ3cHhIbUzS5ibiIW9aKy4	1DIbX	lunatic-v0.1.0	-	rust-pathfinder-v0.1.0	-	D	P	-
g1_q8Bkh-BNS5EHRUeN8ervIbT7ZQRZ7EURkRYwKhCa7ZQ	s1_XloMUS0hxYEXf762lcPfaudsLmsH-CsOVZNVVU_obcA	1DIbX	lunatic-v0.1.0	-	rust-pathfinder-v0.1.0	-	D	P	-
g1_q8Bkh-BNS5EHRUeN8ervIbT7ZQRZ7EURkRYwKhCa7ZQ	s1_g5pGkHBMEhzAYvwFY0b24sSc7wC9JfnWApMHHZ_aMPI	1DIbX	lunatic-v0.1.0	-	rust-pathfinder-v0.1.0	-	D	P	-
g1_q8MAWrEadVzxcKGC7oA_L3K5Ayxj9AxqrphmdRLo7k8	s1_O3cuwuia8XT9TI7Nxr3tRcajOA20XFHEIT2fYX3WizY	1un2yx	pathfinder-v0.3.0	-	qadv-arbiter-guided-7x7-v0.2.0	sha256:9c0e5e530df7db77a98f6a2e75fe63a6f629c6ad6563e0b5454793ebc243b14d	L	P	196
g1_q8MAWrEadVzxcKGC7oA_L3K5Ayxj9AxqrphmdRLo7k8	s1_k3puRqE8NWPGwCDwvbob-P5fduhbfDZ6XxhZ6wUA4ks	1un2yx	pathfinder-v0.3.0	-	qadv-arbiter-guided-7x7-v0.2.0	sha256:9c0e5e530df7db77a98f6a2e75fe63a6f629c6ad6563e0b5454793ebc243b14d	L	P	196
g1_q8MAWrEadVzxcKGC7oA_L3K5Ayxj9AxqrphmdRLo7k8	s1_mcsGXC-XA63nqAx5kv-Q-y_EhXTqBFQ1AHeiXTSbYQk	1un2yx	pathfinder-v0.3.0	-	qadv-arbiter-guided-7x7-v0.2.0	sha256:9c0e5e530df7db77a98f6a2e75fe63a6f629c6ad6563e0b5454793ebc243b14d	L	P	196
g1_q8MbxJ3U4GMSvTHqGscMksqt4jJ3AFW6ZZctgumuNsY	s1_Az5RyDEb2xYaCb3tgCej5yXA3YRP-hzmsKGsKLJLuis	1unNDo	qadv-arbiter-7x7-rust-lambda-v0.1.0	-	qadv-arbiter-7x7-rust-lambda-v0.1.0	-	L	P	196
g1_q8MbxJ3U4GMSvTHqGscMksqt4jJ3AFW6ZZctgumuNsY	s1_RauLaTi4eVgYHSp2TV9pqs9uzTVv0B10g9TaHMWpcZ4	1unNDo	qadv-arbiter-7x7-rust-lambda-v0.1.0	-	qadv-arbiter-7x7-rust-lambda-v0.1.0	-	L	P	-
g1_q8MbxJ3U4GMSvTHqGscMksqt4jJ3AFW6ZZctgumuNsY	s1_Sxeif8X2tZb3evP3xu7PPuMuufzK-O-Z3GYbl8MpMsE	1unNDo	qadv-arbiter-7x7-rust-lambda-v0.1.0	-	qadv-arbiter-7x7-rust-lambda-v0.1.0	-	L	P	196
g1_q8MbxJ3U4GMSvTHqGscMksqt4jJ3AFW6ZZctgumuNsY	s1_pGWiGErKpGugTt6fjmUw10TkV8p10f1f5Fbg9ovW1EI	1unNDo	qadv-arbiter-7x7-rust-lambda-v0.1.0	-	qadv-arbiter-7x7-rust-lambda-v0.1.0	-	L	P	196
g1_q8N-s8woJj0N4WkTFfkmUlGpjn9_mOY-Rbxqci_XSeM	s1_Ft0M7TO2ikrMEIdvvQTH02gm3BT3g8xhONspIKqf1_Y	1unMfe	qadv-arbiter-7x7-rust-lambda-v0.1.0	-	qadv-arbiter-7x7-rust-lambda-v0.1.0	-	D	P	196
g1_q8N-s8woJj0N4WkTFfkmUlGpjn9_mOY-Rbxqci_XSeM	s1_RauLaTi4eVgYHSp2TV9pqs9uzTVv0B10g9TaHMWpcZ4	1unMfe	qadv-arbiter-7x7-rust-lambda-v0.1.0	-	qadv-arbiter-7x7-rust-lambda-v0.1.0	-	D	P	-
g1_q8N-s8woJj0N4WkTFfkmUlGpjn9_mOY-Rbxqci_XSeM	s1_Wccf90eLg0OGiCLxYz7tk0g9jTJayQwb7iNNKy31k4w	1unMfe	qadv-arbiter-7x7-rust-lambda-v0.1.0	-	qadv-arbiter-7x7-rust-lambda-v0.1.0	-	D	P	196
g1_q8N-s8woJj0N4WkTFfkmUlGpjn9_mOY-Rbxqci_XSeM	s1_rDhGzov2iC2Y5Gc49cIisIMiO0usmiXt2-uxeBO70nY	1unMfe	qadv-arbiter-7x7-rust-lambda-v0.1.0	-	qadv-arbiter-7x7-rust-lambda-v0.1.0	-	D	P	196
g1_q8NfAi0m3kHVp76Rt3q68l7GEuuFdmP2YHE_vUdDhDE	s1_1av6nXQkq-GSHXfjkVlGHGpAq8F9UbW4JwZmyFA-vww	1umv2V	python-gnn-puct-scout-v0.1.0	sha256:b9f80706cc1f29076ee06fe06483697c749148a808c599579045d00a52573938	python-gnn-puct-scout-v0.1.0	sha256:b9f80706cc1f29076ee06fe06483697c749148a808c599579045d00a52573938	-	M	196
g1_q8NfAi0m3kHVp76Rt3q68l7GEuuFdmP2YHE_vUdDhDE	s1_Brk0hkuJoH-MBjdd53AO5tlWcOgDWV_R0PO74fHGd_0	1umv2V	python-gnn-puct-scout-v0.1.0	sha256:b9f80706cc1f29076ee06fe06483697c749148a808c599579045d00a52573938	python-gnn-puct-scout-v0.1.0	sha256:b9f80706cc1f29076ee06fe06483697c749148a808c599579045d00a52573938	-	M	196
g1_q8NfAi0m3kHVp76Rt3q68l7GEuuFdmP2YHE_vUdDhDE	s1_D_X-fTFZy6xuyGSC5jFyKBW6IP_59Jbomefazf4xu44	1umv2V	python-gnn-puct-scout-v0.1.0	sha256:b9f80706cc1f29076ee06fe06483697c749148a808c599579045d00a52573938	python-gnn-puct-scout-v0.1.0	sha256:b9f80706cc1f29076ee06fe06483697c749148a808c599579045d00a52573938	-	M	196
g1_q8NsXYk5Mraq_Wu4wnScAwC5-ijB2EBHKtbsgbr6SIw	s1_6kU4mW1gI7UmHT9fbuv5wLY-FWLil-rVvqDZgaAcwL8	1unNmg	qadv-arbiter-7x7-rust-lambda-v0.1.0	-	qadv-arbiter-7x7-rust-lambda-v0.1.0	-	L	P	196
g1_q8NsXYk5Mraq_Wu4wnScAwC5-ijB2EBHKtbsgbr6SIw	s1_RauLaTi4eVgYHSp2TV9pqs9uzTVv0B10g9TaHMWpcZ4	1unNmg	qadv-arbiter-7x7-rust-lambda-v0.1.0	-	qadv-arbiter-7x7-rust-lambda-v0.1.0	-	L	P	-
g1_q8NsXYk5Mraq_Wu4wnScAwC5-ijB2EBHKtbsgbr6SIw	s1_aehG3FoJ6MdfL22aIeqv7oJyabPQ8nPyIwQIaOnCszg	1unNmg	qadv-arbiter-7x7-rust-lambda-v0.1.0	-	qadv-arbiter-7x7-rust-lambda-v0.1.0	-	L	P	196
g1_q8NsXYk5Mraq_Wu4wnScAwC5-ijB2EBHKtbsgbr6SIw	s1_g8FsXPJ5MmQ9IdqFueV_dGr1Lj1jFxXc8fcu7p1oY4k	1unNmg	qadv-arbiter-7x7-rust-lambda-v0.1.0	-	qadv-arbiter-7x7-rust-lambda-v0.1.0	-	L	P	196
g1_q8Q9L6fVt14AhpCIU_oC1_6Gk5C4J1N_3GUy2hIYW0Q	s1_BsJAHy6srdTa8y0gLT8Z38lKmW-NTparCVfaC9oWCRo	1unNOi	qadv-arbiter-7x7-rust-lambda-v0.1.0	-	qadv-arbiter-7x7-rust-lambda-v0.1.0	-	L	P	196
g1_q8Q9L6fVt14AhpCIU_oC1_6Gk5C4J1N_3GUy2hIYW0Q	s1_RauLaTi4eVgYHSp2TV9pqs9uzTVv0B10g9TaHMWpcZ4	1unNOi	qadv-arbiter-7x7-rust-lambda-v0.1.0	-	qadv-arbiter-7x7-rust-lambda-v0.1.0	-	L	P	-
g1_q8Q9L6fVt14AhpCIU_oC1_6Gk5C4J1N_3GUy2hIYW0Q	s1_X9bEnlaYg1xiyasnNrjruwoiz4iZhAw11Jgc-97kU_Q	1unNOi	qadv-arbiter-7x7-rust-lambda-v0.1.0	-	qadv-arbiter-7x7-rust-lambda-v0.1.0	-	L	P	196
g1_q8Q9L6fVt14AhpCIU_oC1_6Gk5C4J1N_3GUy2hIYW0Q	s1_w30pEZSAj501WTcccKg1ZqE6m47GNU8-sRZon66t42Q	1unNOi	qadv-arbiter-7x7-rust-lambda-v0.1.0	-	qadv-arbiter-7x7-rust-lambda-v0.1.0	-	L	P	196
g1_q8QUJGzdobp74rx4EQF2Ezcpq4B6OHM6IqXSRifzrZM	s1_5ljWDxs2cHuicZCOrLTiAkYIjLsr60UlTp2pdgzLpFo	1un6sQ	qadv-arbiter-guided-7x7-v0.2.0	sha256:9c0e5e530df7db77a98f6a2e75fe63a6f629c6ad6563e0b5454793ebc243b14d	cnn-reval30k-7x7	sha256:7439239ff343dcc422cb918560b1b72433f2e13628580427343a446f349c6f5a	L	P	196
g1_q8QUJGzdobp74rx4EQF2Ezcpq4B6OHM6IqXSRifzrZM	s1_O3cuwuia8XT9TI7Nxr3tRcajOA20XFHEIT2fYX3WizY	1un6sQ	qadv-arbiter-guided-7x7-v0.2.0	sha256:9c0e5e530df7db77a98f6a2e75fe63a6f629c6ad6563e0b5454793ebc243b14d	cnn-reval30k-7x7	sha256:7439239ff343dcc422cb918560b1b72433f2e13628580427343a446f349c6f5a	L	P	196
g1_q8QUJGzdobp74rx4EQF2Ezcpq4B6OHM6IqXSRifzrZM	s1_V0LWS9svHoRw-EU00TJ9ccLmpbl0alVktC6RjcN8YsE	1un6sQ	qadv-arbiter-guided-7x7-v0.2.0	sha256:9c0e5e530df7db77a98f6a2e75fe63a6f629c6ad6563e0b5454793ebc243b14d	cnn-reval30k-7x7	sha256:7439239ff343dcc422cb918560b1b72433f2e13628580427343a446f349c6f5a	L	P	196
g1_q8S0f7PWHK7tLYJSIkS9Sr-K9KicpjnjFMtOAWhBwQk	s1_RauLaTi4eVgYHSp2TV9pqs9uzTVv0B10g9TaHMWpcZ4	1unPfW	qadv-arbiter-7x7-rust-lambda-v0.1.0	-	qadv-arbiter-7x7-rust-lambda-v0.1.0	-	D	P	-
g1_q8S0f7PWHK7tLYJSIkS9Sr-K9KicpjnjFMtOAWhBwQk	s1_Th0JSSt6oXzcGcsYJ2zzAOLsE7VGbQvZpfL0CPPfy54	1unPfW	qadv-arbiter-7x7-rust-lambda-v0.1.0	-	qadv-arbiter-7x7-rust-lambda-v0.1.0	-	D	P	196
g1_q8S0f7PWHK7tLYJSIkS9Sr-K9KicpjnjFMtOAWhBwQk	s1_VR9Qxl1SZTsJu_ElXtYDoIAM_x9L4N-FPKuWB6tRo8E	1unPfW	qadv-arbiter-7x7-rust-lambda-v0.1.0	-	qadv-arbiter-7x7-rust-lambda-v0.1.0	-	D	P	196
g1_q8S0f7PWHK7tLYJSIkS9Sr-K9KicpjnjFMtOAWhBwQk	s1_yMBehxH3uBbAD9WFIR783V6PzqVfgemmtWKzJkSQ6Vo	1unPfW	qadv-arbiter-7x7-rust-lambda-v0.1.0	-	qadv-arbiter-7x7-rust-lambda-v0.1.0	-	D	P	196
g1_q8SYL-Lfm3HdlV7q-YMId5xLRw1QmMMN0D8P_7YqPrU	s1_GL1jEsVnjk_bzm6LjFQDCzBxWstqBd6O1Dnh1xByY5I	1unOBX	qadv-arbiter-7x7-rust-lambda-v0.1.0	-	qadv-arbiter-7x7-rust-lambda-v0.1.0	-	L	P	196
g1_q8SYL-Lfm3HdlV7q-YMId5xLRw1QmMMN0D8P_7YqPrU	s1_RauLaTi4eVgYHSp2TV9pqs9uzTVv0B10g9TaHMWpcZ4	1unOBX	qadv-arbiter-7x7-rust-lambda-v0.1.0	-	qadv-arbiter-7x7-rust-lambda-v0.1.0	-	L	P	-
g1_q8SYL-Lfm3HdlV7q-YMId5xLRw1QmMMN0D8P_7YqPrU	s1_bSMI2YT6tGfq3OiYUq5VsVJsm0vdT1sMlC-8P_ISGbI	1unOBX	qadv-arbiter-7x7-rust-lambda-v0.1.0	-	qadv-arbiter-7x7-rust-lambda-v0.1.0	-	L	P	196
g1_q8SYL-Lfm3HdlV7q-YMId5xLRw1QmMMN0D8P_7YqPrU	s1_unkoESwxGHwhOZoViAE7bvtrbYSVdrqHy4y5Y3LXf1c	1unOBX	qadv-arbiter-7x7-rust-lambda-v0.1.0	-	qadv-arbiter-7x7-rust-lambda-v0.1.0	-	L	P	196
g1_q8gFst6O-MmZ-d1qKTTQ9QPFgdAFtI5NnTpoRXM3_M0	s1_1LB6NAgPOeCp4r8rQw4kUOIXWpEdWysFm5RZjWCQSgc	1umwWO	python-gnn-puct-learner-v0.1.0	sha256:ab0f739cd33d66781faf60e27797c5ccba3c04ba684f8d9e32e9c2754f4e8956	python-gnn-puct-learner-v0.1.0	sha256:ab0f739cd33d66781faf60e27797c5ccba3c04ba684f8d9e32e9c2754f4e8956	D	P	196
g1_q8gFst6O-MmZ-d1qKTTQ9QPFgdAFtI5NnTpoRXM3_M0	s1_P4NHYhwuVnEA-dG2X-UVeVotb84A5mwljbYTlTMqr8w	1umwWO	python-gnn-puct-learner-v0.1.0	sha256:ab0f739cd33d66781faf60e27797c5ccba3c04ba684f8d9e32e9c2754f4e8956	python-gnn-puct-learner-v0.1.0	sha256:ab0f739cd33d66781faf60e27797c5ccba3c04ba684f8d9e32e9c2754f4e8956	D	P	196
g1_q8nxoZqcOptBJvtYKUGtSfdvq090EvgIzFjeQsyLFhI	s1_RauLaTi4eVgYHSp2TV9pqs9uzTVv0B10g9TaHMWpcZ4	1unO55	qadv-arbiter-7x7-rust-lambda-v0.1.0	-	qadv-arbiter-7x7-rust-lambda-v0.1.0	-	D	P	-
g1_q8nxoZqcOptBJvtYKUGtSfdvq090EvgIzFjeQsyLFhI	s1_UVIwKvJQBh2hUqpsm26oCPw0cui5l-DvmXHBJMS1xog	1unO55	qadv-arbiter-7x7-rust-lambda-v0.1.0	-	qadv-arbiter-7x7-rust-lambda-v0.1.0	-	D	P	196
g1_q8nxoZqcOptBJvtYKUGtSfdvq090EvgIzFjeQsyLFhI	s1_muzXNt-MXybt2Rw6yokBXWLcBST5r_uaE1WKeP-UY_k	1unO55	qadv-arbiter-7x7-rust-lambda-v0.1.0	-	qadv-arbiter-7x7-rust-lambda-v0.1.0	-	D	P	196
g1_q8nxoZqcOptBJvtYKUGtSfdvq090EvgIzFjeQsyLFhI	s1_u7e_1ZR33hv6Dd-vzfBPxt7CBTDAmzOUPJfk2CMu7ec	1unO55	qadv-arbiter-7x7-rust-lambda-v0.1.0	-	qadv-arbiter-7x7-rust-lambda-v0.1.0	-	D	P	196
g1_q8w0melojX7eJxPMUU4FPPIGLDAqexGnMGTrRvSTHm8	s1_1av6nXQkq-GSHXfjkVlGHGpAq8F9UbW4JwZmyFA-vww	1umv8v	python-gnn-puct-scout-v0.1.0	sha256:b9f80706cc1f29076ee06fe06483697c749148a808c599579045d00a52573938	python-gnn-puct-scout-v0.1.0	sha256:b9f80706cc1f29076ee06fe06483697c749148a808c599579045d00a52573938	-	M	196
g1_q8w0melojX7eJxPMUU4FPPIGLDAqexGnMGTrRvSTHm8	s1_D_X-fTFZy6xuyGSC5jFyKBW6IP_59Jbomefazf4xu44	1umv8v	python-gnn-puct-scout-v0.1.0	sha256:b9f80706cc1f29076ee06fe06483697c749148a808c599579045d00a52573938	python-gnn-puct-scout-v0.1.0	sha256:b9f80706cc1f29076ee06fe06483697c749148a808c599579045d00a52573938	-	M	196
g1_q8w0melojX7eJxPMUU4FPPIGLDAqexGnMGTrRvSTHm8	s1_mWPTef6xYbijjPhDIC6QgLRmu2mMSJAokNlIkx3vg54	1umv8v	python-gnn-puct-scout-v0.1.0	sha256:b9f80706cc1f29076ee06fe06483697c749148a808c599579045d00a52573938	python-gnn-puct-scout-v0.1.0	sha256:b9f80706cc1f29076ee06fe06483697c749148a808c599579045d00a52573938	-	M	196
g1_q8w7-EYaxC0_8i4Ue5MqhhlGWb3JBL4302QWXqZrH3Q	s1_D6h_1C82CIYV9V6o1pcRkVyyxQiNLrHxJdtuNn7WjBU	1unPgn	qadv-arbiter-7x7-rust-lambda-v0.1.0	-	qadv-arbiter-7x7-rust-lambda-v0.1.0	-	L	P	196
g1_q8w7-EYaxC0_8i4Ue5MqhhlGWb3JBL4302QWXqZrH3Q	s1_RauLaTi4eVgYHSp2TV9pqs9uzTVv0B10g9TaHMWpcZ4	1unPgn	qadv-arbiter-7x7-rust-lambda-v0.1.0	-	qadv-arbiter-7x7-rust-lambda-v0.1.0	-	L	P	-
g1_q8w7-EYaxC0_8i4Ue5MqhhlGWb3JBL4302QWXqZrH3Q	s1_UxZhSGfKpK3v7lfGKy8fBaXicznFJeofcIEiCXS59DY	1unPgn	qadv-arbiter-7x7-rust-lambda-v0.1.0	-	qadv-arbiter-7x7-rust-lambda-v0.1.0	-	L	P	196
g1_q8w7-EYaxC0_8i4Ue5MqhhlGWb3JBL4302QWXqZrH3Q	s1_vNJZCXtAhq5oKSrVLv_Qf2j_nTw7INWDqjzv8XDJC7E	1unPgn	qadv-arbiter-7x7-rust-lambda-v0.1.0	-	qadv-arbiter-7x7-rust-lambda-v0.1.0	-	L	P	196
g1_q9424RFX3y2SsJGmJaknyNpiu-N889NzZHHD_hghlfc	s1_7FIu85-v_e-kbNsQ2UNk3yRt-KGcLyUjpmVwIc9cnfM	1umwC4	python-gnn-puct-scout-v0.1.0	sha256:b9f80706cc1f29076ee06fe06483697c749148a808c599579045d00a52573938	python-gnn-puct-scout-v0.1.0	sha256:b9f80706cc1f29076ee06fe06483697c749148a808c599579045d00a52573938	D	P	196
g1_q9424RFX3y2SsJGmJaknyNpiu-N889NzZHHD_hghlfc	s1_S8AGNBNcWBvWiwIo-AOAHPoHuZo2XvcsYvhgQxGTkrY	1umwC4	python-gnn-puct-scout-v0.1.0	sha256:b9f80706cc1f29076ee06fe06483697c749148a808c599579045d00a52573938	python-gnn-puct-scout-v0.1.0	sha256:b9f80706cc1f29076ee06fe06483697c749148a808c599579045d00a52573938	D	P	196
g1_q984h5JN6zyKRG2VSZUB8KuHaUubwRdhit5vYobwDKg	s1_Qmoz3nLvbLcY_1rcqMtpMJDvTQydhL5cxUNWV6EhpMY	1umwq7	qadv-arbiter-7x7-v0.1.0	sha256:8c548d06307572603b839755cc1e50393285365e10f82bcd90290ca65cd86266	qadv-arbiter-7x7-v0.1.0	sha256:8c548d06307572603b839755cc1e50393285365e10f82bcd90290ca65cd86266	D	P	196
g1_q9JBbaLgV0OgZ3MLa5J2_YAV74p-WY8W1ht4TNYLEpY	s1_Q2StTWp4MVghv4bl6LFo3LK6UlOq51jqXcV6WSugZj4	1unMbl	qadv-arbiter-7x7-rust-lambda-v0.1.0	-	qadv-arbiter-7x7-rust-lambda-v0.1.0	-	L	P	196
g1_q9JBbaLgV0OgZ3MLa5J2_YAV74p-WY8W1ht4TNYLEpY	s1_RauLaTi4eVgYHSp2TV9pqs9uzTVv0B10g9TaHMWpcZ4	1unMbl	qadv-arbiter-7x7-rust-lambda-v0.1.0	-	qadv-arbiter-7x7-rust-lambda-v0.1.0	-	L	P	-
g1_q9JBbaLgV0OgZ3MLa5J2_YAV74p-WY8W1ht4TNYLEpY	s1__UVtHe1XQDI-ZGlhj4bsYn9OWhRMvhAonhjvqQm5CJc	1unMbl	qadv-arbiter-7x7-rust-lambda-v0.1.0	-	qadv-arbiter-7x7-rust-lambda-v0.1.0	-	L	P	196
g1_q9JBbaLgV0OgZ3MLa5J2_YAV74p-WY8W1ht4TNYLEpY	s1_rgJgHIb2advZooB6p3ayO2VaHPdliJbO50kk-l0IXHA	1unMbl	qadv-arbiter-7x7-rust-lambda-v0.1.0	-	qadv-arbiter-7x7-rust-lambda-v0.1.0	-	L	P	196
g1_q9Ri9as8LhSW2peegV6m6mjaewIl0sELTbk-yf9HrGk	s1_1av6nXQkq-GSHXfjkVlGHGpAq8F9UbW4JwZmyFA-vww	1umvQA	python-gnn-puct-learner-v0.1.0	sha256:ab0f739cd33d66781faf60e27797c5ccba3c04ba684f8d9e32e9c2754f4e8956	python-gnn-puct-learner-v0.1.0	sha256:ab0f739cd33d66781faf60e27797c5ccba3c04ba684f8d9e32e9c2754f4e8956	L	P	196
g1_q9Ri9as8LhSW2peegV6m6mjaewIl0sELTbk-yf9HrGk	s1_Brk0hkuJoH-MBjdd53AO5tlWcOgDWV_R0PO74fHGd_0	1umvQA	python-gnn-puct-learner-v0.1.0	sha256:ab0f739cd33d66781faf60e27797c5ccba3c04ba684f8d9e32e9c2754f4e8956	python-gnn-puct-learner-v0.1.0	sha256:ab0f739cd33d66781faf60e27797c5ccba3c04ba684f8d9e32e9c2754f4e8956	L	P	196
g1_q9Ri9as8LhSW2peegV6m6mjaewIl0sELTbk-yf9HrGk	s1_QBFUsDtxokERlDOdQkleYbPvhJ-vIp2qmp6DXjS-7oM	1umvQA	python-gnn-puct-learner-v0.1.0	sha256:ab0f739cd33d66781faf60e27797c5ccba3c04ba684f8d9e32e9c2754f4e8956	python-gnn-puct-learner-v0.1.0	sha256:ab0f739cd33d66781faf60e27797c5ccba3c04ba684f8d9e32e9c2754f4e8956	L	P	196
g1_q9klLbaiW3HbgDOhxGX0_ZBfDhQRC0nnsA57JOchThQ	s1_WVg7aYYLIrw6_-2mI3jQ-DPcLO4gX2sPEEqWQb0DGQA	1umxV3	python-cnn-puct-reval30k-v0.1.0	sha256:eb2600a53e225a835455efdb2759c40e27c5cb3c16ab0688bc21b99290ed10ee	python-cnn-puct-reval30k-v0.1.0	sha256:eb2600a53e225a835455efdb2759c40e27c5cb3c16ab0688bc21b99290ed10ee	L	P	196
g1_q9lXRF3afkHyW3-0oaEfPW-msk9KcimzFAi4AVUL-GI	s1_7FIu85-v_e-kbNsQ2UNk3yRt-KGcLyUjpmVwIc9cnfM	1umwJG	python-gnn-puct-scout-v0.1.0	sha256:b9f80706cc1f29076ee06fe06483697c749148a808c599579045d00a52573938	python-gnn-puct-scout-v0.1.0	sha256:b9f80706cc1f29076ee06fe06483697c749148a808c599579045d00a52573938	D	P	196
g1_q9lXRF3afkHyW3-0oaEfPW-msk9KcimzFAi4AVUL-GI	s1_S8AGNBNcWBvWiwIo-AOAHPoHuZo2XvcsYvhgQxGTkrY	1umwJG	python-gnn-puct-scout-v0.1.0	sha256:b9f80706cc1f29076ee06fe06483697c749148a808c599579045d00a52573938	python-gnn-puct-scout-v0.1.0	sha256:b9f80706cc1f29076ee06fe06483697c749148a808c599579045d00a52573938	D	P	196
g1_q9vzvI_ee93Qg-Yr42qECFnZQ8VJfrdgRJh_85apmzE	s1_9pzNsxJf2L7uWyloKFpf5qo0Z3rL8C5FwnmLvCpFaL0	1unOAV	qadv-arbiter-7x7-rust-lambda-v0.1.0	-	qadv-arbiter-7x7-rust-lambda-v0.1.0	-	L	P	196
g1_q9vzvI_ee93Qg-Yr42qECFnZQ8VJfrdgRJh_85apmzE	s1_K3f5nGrOXyxxM5kgh-hgqM6MVSpjOf9AaneQVw6dNWI	1unOAV	qadv-arbiter-7x7-rust-lambda-v0.1.0	-	qadv-arbiter-7x7-rust-lambda-v0.1.0	-	L	P	196
g1_q9vzvI_ee93Qg-Yr42qECFnZQ8VJfrdgRJh_85apmzE	s1_RauLaTi4eVgYHSp2TV9pqs9uzTVv0B10g9TaHMWpcZ4	1unOAV	qadv-arbiter-7x7-rust-lambda-v0.1.0	-	qadv-arbiter-7x7-rust-lambda-v0.1.0	-	L	P	-
g1_q9vzvI_ee93Qg-Yr42qECFnZQ8VJfrdgRJh_85apmzE	s1_ftRCGaIiylYa9mS_S3zcxQxAs7Yw-TyI_8zQ9fzwBog	1unOAV	qadv-arbiter-7x7-rust-lambda-v0.1.0	-	qadv-arbiter-7x7-rust-lambda-v0.1.0	-	L	P	196
g1_qA29HXATYTvx369SwGNVC95fScIdYhcUlaoy7DPmS8o	s1_C8t4-rU31x7J55CK4NxFTmfxtqFc9_GbKL8DNQBSXvc	1unOa6	qadv-arbiter-7x7-rust-lambda-v0.1.0	-	qadv-arbiter-7x7-rust-lambda-v0.1.0	-	L	P	196
g1_qA29HXATYTvx369SwGNVC95fScIdYhcUlaoy7DPmS8o	s1_QIulZry7GFRnkJ3Kb9wKnjqMS5xMwarH4arlHmccyr4	1unOa6	qadv-arbiter-7x7-rust-lambda-v0.1.0	-	qadv-arbiter-7x7-rust-lambda-v0.1.0	-	L	P	196
g1_qA29HXATYTvx369SwGNVC95fScIdYhcUlaoy7DPmS8o	s1_RauLaTi4eVgYHSp2TV9pqs9uzTVv0B10g9TaHMWpcZ4	1unOa6	qadv-arbiter-7x7-rust-lambda-v0.1.0	-	qadv-arbiter-7x7-rust-lambda-v0.1.0	-	L	P	-
g1_qA29HXATYTvx369SwGNVC95fScIdYhcUlaoy7DPmS8o	s1_UluzvUTXwgUhXw8RIYiOdhyxW6FECi-DVv0c9VOywjs	1unOa6	qadv-arbiter-7x7-rust-lambda-v0.1.0	-	qadv-arbiter-7x7-rust-lambda-v0.1.0	-	L	P	196
g1_qA3uURAnAlyVElrgqoWEhGYv-uqk8prHufjh4yv7HOQ	s1_PulNNd7rflPsR6bYwAauHAlHsj77ULYR0CqyUBv0qMc	1unMU7	qadv-arbiter-7x7-rust-lambda-v0.1.0	-	qadv-arbiter-7x7-rust-lambda-v0.1.0	-	D	P	196
g1_qA3uURAnAlyVElrgqoWEhGYv-uqk8prHufjh4yv7HOQ	s1_RauLaTi4eVgYHSp2TV9pqs9uzTVv0B10g9TaHMWpcZ4	1unMU7	qadv-arbiter-7x7-rust-lambda-v0.1.0	-	qadv-arbiter-7x7-rust-lambda-v0.1.0	-	D	P	-
g1_qA3uURAnAlyVElrgqoWEhGYv-uqk8prHufjh4yv7HOQ	s1_fuC7n6r4yHie22AX0FryYYfo83maRZURJqXHKjWl4oo	1unMU7	qadv-arbiter-7x7-rust-lambda-v0.1.0	-	qadv-arbiter-7x7-rust-lambda-v0.1.0	-	D	P	196
g1_qA3uURAnAlyVElrgqoWEhGYv-uqk8prHufjh4yv7HOQ	s1_tyJKmWWNmk7OVPt5fwfSzl6Adu1-vFRVMxWl66thSn4	1unMU7	qadv-arbiter-7x7-rust-lambda-v0.1.0	-	qadv-arbiter-7x7-rust-lambda-v0.1.0	-	D	P	196
g1_qA7_XZS21hvWYgy2RQixsIchDQsjxmouGHrA1B9jGE8	s1_0tgUC6T9desPgsK9tYYAX21_comUF-vpyT-QlEYbNWI	1unQ6a	qadv-arbiter-7x7-rust-lambda-v0.1.0	-	qadv-arbiter-7x7-rust-lambda-v0.1.0	-	D	P	196
g1_qA7_XZS21hvWYgy2RQixsIchDQsjxmouGHrA1B9jGE8	s1_MG3Bvm7_0RBApRuJ9Op1D4sa9NGiPkay1CtATzJOPDg	1unQ6a	qadv-arbiter-7x7-rust-lambda-v0.1.0	-	qadv-arbiter-7x7-rust-lambda-v0.1.0	-	D	P	196
g1_qA7_XZS21hvWYgy2RQixsIchDQsjxmouGHrA1B9jGE8	s1_nalIAu26HylFz9i61cDULRigUaEK44eATSQvhGR4Hjc	1unQ6a	qadv-arbiter-7x7-rust-lambda-v0.1.0	-	qadv-arbiter-7x7-rust-lambda-v0.1.0	-	D	P	196
g1_qAAysIj0jYPHA33IE43AkjDky4HcWQ591LsPssKQILE	s1_7FIu85-v_e-kbNsQ2UNk3yRt-KGcLyUjpmVwIc9cnfM	1umwAF	python-gnn-puct-scout-v0.1.0	sha256:b9f80706cc1f29076ee06fe06483697c749148a808c599579045d00a52573938	python-gnn-puct-scout-v0.1.0	sha256:b9f80706cc1f29076ee06fe06483697c749148a808c599579045d00a52573938	L	P	196
g1_qAAysIj0jYPHA33IE43AkjDky4HcWQ591LsPssKQILE	s1_S8AGNBNcWBvWiwIo-AOAHPoHuZo2XvcsYvhgQxGTkrY	1umwAF	python-gnn-puct-scout-v0.1.0	sha256:b9f80706cc1f29076ee06fe06483697c749148a808c599579045d00a52573938	python-gnn-puct-scout-v0.1.0	sha256:b9f80706cc1f29076ee06fe06483697c749148a808c599579045d00a52573938	L	P	196
g1_qABRFMJcutUPQrwo34cRIPgssZWOnkC2Bvrg--nRp0U	s1_flXyOBW6T9LLVDFIvXBGel1MoVNZcUcMFIJnB9yLapU	1umxCp	python-gnn-puct-reval30k-v0.1.0	sha256:6120be86fc469df71473c3de64e5e32f99694cd47d621fa5948f243dc51d3d21	python-gnn-puct-reval30k-v0.1.0	sha256:6120be86fc469df71473c3de64e5e32f99694cd47d621fa5948f243dc51d3d21	L	P	196
g1_qAV1Cshi4_gpb5v0Ci_Ok00BamsU1g-CzlKjWNr9S2I	s1_1av6nXQkq-GSHXfjkVlGHGpAq8F9UbW4JwZmyFA-vww	1DIco	python-gnn-puct-v0.1.0	sha256:6f9ad6e4a0993da3cf34a8549e86f9b5d512c51e11bfa76dfe051e7a8801bdac	python-gnn-puct-v0.1.0	sha256:6f9ad6e4a0993da3cf34a8549e86f9b5d512c51e11bfa76dfe051e7a8801bdac	D	P	196
g1_qAV1Cshi4_gpb5v0Ci_Ok00BamsU1g-CzlKjWNr9S2I	s1_del54SUFELBov5vQFrhsVexn6D9EhUPDFZpXuqC6eCI	1DIco	python-gnn-puct-v0.1.0	sha256:6f9ad6e4a0993da3cf34a8549e86f9b5d512c51e11bfa76dfe051e7a8801bdac	python-gnn-puct-v0.1.0	sha256:6f9ad6e4a0993da3cf34a8549e86f9b5d512c51e11bfa76dfe051e7a8801bdac	D	P	196
g1_qAV1Cshi4_gpb5v0Ci_Ok00BamsU1g-CzlKjWNr9S2I	s1_g5pGkHBMEhzAYvwFY0b24sSc7wC9JfnWApMHHZ_aMPI	1DIco	python-gnn-puct-v0.1.0	sha256:6f9ad6e4a0993da3cf34a8549e86f9b5d512c51e11bfa76dfe051e7a8801bdac	python-gnn-puct-v0.1.0	sha256:6f9ad6e4a0993da3cf34a8549e86f9b5d512c51e11bfa76dfe051e7a8801bdac	D	P	196
g1_qAV1Cshi4_gpb5v0Ci_Ok00BamsU1g-CzlKjWNr9S2I	s1_mWPTef6xYbijjPhDIC6QgLRmu2mMSJAokNlIkx3vg54	1DIco	python-gnn-puct-v0.1.0	sha256:6f9ad6e4a0993da3cf34a8549e86f9b5d512c51e11bfa76dfe051e7a8801bdac	python-gnn-puct-v0.1.0	sha256:6f9ad6e4a0993da3cf34a8549e86f9b5d512c51e11bfa76dfe051e7a8801bdac	D	P	196
g1_qAV1Cshi4_gpb5v0Ci_Ok00BamsU1g-CzlKjWNr9S2I	s1_tol_POp6BcgBLMWq8iDfRBQSAXpESHxFwmcCQYXv0yQ	1DIco	python-gnn-puct-v0.1.0	sha256:6f9ad6e4a0993da3cf34a8549e86f9b5d512c51e11bfa76dfe051e7a8801bdac	python-gnn-puct-v0.1.0	sha256:6f9ad6e4a0993da3cf34a8549e86f9b5d512c51e11bfa76dfe051e7a8801bdac	D	P	196
g1_qAWdZWwwcQkpzBLLO_qmblFDHky4MU4DqrY3qy4xczc	s1_1av6nXQkq-GSHXfjkVlGHGpAq8F9UbW4JwZmyFA-vww	1umv6D	coin-flip-v0.0.1	-	pathfinder-v0.3.0	-	D	P	196
g1_qAWdZWwwcQkpzBLLO_qmblFDHky4MU4DqrY3qy4xczc	s1_Brk0hkuJoH-MBjdd53AO5tlWcOgDWV_R0PO74fHGd_0	1umv6D	coin-flip-v0.0.1	-	pathfinder-v0.3.0	-	D	P	196
g1_qAWdZWwwcQkpzBLLO_qmblFDHky4MU4DqrY3qy4xczc	s1_QzXKB60HvV5g6-cJIu-NdpeFb1rCgFAJD1cxfdkoMm0	1umv6D	coin-flip-v0.0.1	-	pathfinder-v0.3.0	-	D	P	196
g1_qAcGXkLlVD3c6hmW4MEMfN8ikQ4wxZRH5nKn5N3wwro	s1_WVg7aYYLIrw6_-2mI3jQ-DPcLO4gX2sPEEqWQb0DGQA	1umxRv	python-cnn-puct-reval30k-v0.1.0	sha256:eb2600a53e225a835455efdb2759c40e27c5cb3c16ab0688bc21b99290ed10ee	python-cnn-puct-reval30k-v0.1.0	sha256:eb2600a53e225a835455efdb2759c40e27c5cb3c16ab0688bc21b99290ed10ee	D	P	196
g1_qAva8kce2tk125kLmvWj1tDDLUSWH1wCw5-bOY6n00Q	s1_2FtaP75xgRVTNrUvmC0NIesJCNy8IDFJ05WNM4nUnpg	1unQ_O	qadv-arbiter-7x7-v0.1.0	-	lunatic-v0.1.0	-	D	P	196
g1_qAva8kce2tk125kLmvWj1tDDLUSWH1wCw5-bOY6n00Q	s1_81jnOPG0KC6WWl88_LfugVl-IsJ52eOaMQkHQwGq_MA	1unQ_O	qadv-arbiter-7x7-v0.1.0	-	lunatic-v0.1.0	-	D	P	196
g1_qAva8kce2tk125kLmvWj1tDDLUSWH1wCw5-bOY6n00Q	s1_FcAmoVg98jB414I7IUjQbz0IcBNf79t0xORZQJUjJqk	1unQ_O	qadv-arbiter-7x7-v0.1.0	-	lunatic-v0.1.0	-	D	P	196
g1_qAva8kce2tk125kLmvWj1tDDLUSWH1wCw5-bOY6n00Q	s1_RauLaTi4eVgYHSp2TV9pqs9uzTVv0B10g9TaHMWpcZ4	1unQ_O	qadv-arbiter-7x7-v0.1.0	-	lunatic-v0.1.0	-	D	P	-
g1_qAwxt2SV6wEsrBB2M8ISRh6Qym8sjCuN7kzX9wWT-4s	s1_1LB6NAgPOeCp4r8rQw4kUOIXWpEdWysFm5RZjWCQSgc	1umwcT	python-gnn-puct-learner-v0.1.0	sha256:ab0f739cd33d66781faf60e27797c5ccba3c04ba684f8d9e32e9c2754f4e8956	python-gnn-puct-learner-v0.1.0	sha256:ab0f739cd33d66781faf60e27797c5ccba3c04ba684f8d9e32e9c2754f4e8956	L	P	196
g1_qAwxt2SV6wEsrBB2M8ISRh6Qym8sjCuN7kzX9wWT-4s	s1_P4NHYhwuVnEA-dG2X-UVeVotb84A5mwljbYTlTMqr8w	1umwcT	python-gnn-puct-learner-v0.1.0	sha256:ab0f739cd33d66781faf60e27797c5ccba3c04ba684f8d9e32e9c2754f4e8956	python-gnn-puct-learner-v0.1.0	sha256:ab0f739cd33d66781faf60e27797c5ccba3c04ba684f8d9e32e9c2754f4e8956	L	P	196
g1_qAzZ_oDA4OtfDPT3SlN8UGRY5H2_ThE0rtzvsGXQlPA	s1_4A161vpVkAZzeLgTpgDZYjI4k6ZmUSUnbTQWcDedXe8	1unNZb	qadv-arbiter-7x7-rust-lambda-v0.1.0	-	qadv-arbiter-7x7-rust-lambda-v0.1.0	-	D	P	196
g1_qAzZ_oDA4OtfDPT3SlN8UGRY5H2_ThE0rtzvsGXQlPA	s1_6KEIMImwcAkhIfVrP4rC8ejFPr3ODg59DA1QTLUxejY	1unNZb	qadv-arbiter-7x7-rust-lambda-v0.1.0	-	qadv-arbiter-7x7-rust-lambda-v0.1.0	-	D	P	196
g1_qAzZ_oDA4OtfDPT3SlN8UGRY5H2_ThE0rtzvsGXQlPA	s1_RauLaTi4eVgYHSp2TV9pqs9uzTVv0B10g9TaHMWpcZ4	1unNZb	qadv-arbiter-7x7-rust-lambda-v0.1.0	-	qadv-arbiter-7x7-rust-lambda-v0.1.0	-	D	P	-
g1_qAzZ_oDA4OtfDPT3SlN8UGRY5H2_ThE0rtzvsGXQlPA	s1_hzvHIJQYPJmrETt9gTB2XH3wWQlAA67ID_e9UG-lMH4	1unNZb	qadv-arbiter-7x7-rust-lambda-v0.1.0	-	qadv-arbiter-7x7-rust-lambda-v0.1.0	-	D	P	196
g1_qBAshUP7t5M23yNrqA_5MHdV6WhMMBNZV3wjfsO08jg	s1_1av6nXQkq-GSHXfjkVlGHGpAq8F9UbW4JwZmyFA-vww	1umvNO	surveyor-v0.2.0	-	gnn-scout-7x7	sha256:7d34820fd656875b3ac4a0142e8f22179d11b133feb3321d0eb735b2a7abd027	L	P	196
g1_qBAshUP7t5M23yNrqA_5MHdV6WhMMBNZV3wjfsO08jg	s1_Brk0hkuJoH-MBjdd53AO5tlWcOgDWV_R0PO74fHGd_0	1umvNO	surveyor-v0.2.0	-	gnn-scout-7x7	sha256:7d34820fd656875b3ac4a0142e8f22179d11b133feb3321d0eb735b2a7abd027	L	P	196
g1_qBAshUP7t5M23yNrqA_5MHdV6WhMMBNZV3wjfsO08jg	s1_QzXKB60HvV5g6-cJIu-NdpeFb1rCgFAJD1cxfdkoMm0	1umvNO	surveyor-v0.2.0	-	gnn-scout-7x7	sha256:7d34820fd656875b3ac4a0142e8f22179d11b133feb3321d0eb735b2a7abd027	L	P	196
g1_qBK2V2RXwbeVuyGhHXRHxWWSD-K058KymUBJWmH8HEc	s1_qlXOm8swsynIEOuo0C8MKi1O2GiIqKv6v_pvifGVbi8	1umvgC	qadv-arbiter-7x7-v0.1.0	sha256:106ae7f87d4ce4933eb8386d07577fd3b4a13cfdebd0ea547d668783d9b6e6f2	surveyor-v0.2.0	-	D	P	196
g1_qBK2V2RXwbeVuyGhHXRHxWWSD-K058KymUBJWmH8HEc	s1_qlXOm8swsynIEOuo0C8MKi1O2GiIqKv6v_pvifGVbi8	1umvgE	qadv-arbiter-7x7-v0.1.0	sha256:106ae7f87d4ce4933eb8386d07577fd3b4a13cfdebd0ea547d668783d9b6e6f2	surveyor-v0.2.0	-	D	P	196
g1_qBK8-KS48wEmuiHYV50gRdep5A0RuIOexh31KZidMJQ	s1_-OE134PWY7RtBkGbVkTyOv0R6gGkui-cVmnDSZ9BFes	1unQii	qadv-arbiter-7x7-v0.1.0	-	pathfinder-v0.3.0	-	D	P	196
g1_qBK8-KS48wEmuiHYV50gRdep5A0RuIOexh31KZidMJQ	s1_2FtaP75xgRVTNrUvmC0NIesJCNy8IDFJ05WNM4nUnpg	1unQii	qadv-arbiter-7x7-v0.1.0	-	pathfinder-v0.3.0	-	D	P	196
g1_qBK8-KS48wEmuiHYV50gRdep5A0RuIOexh31KZidMJQ	s1_RauLaTi4eVgYHSp2TV9pqs9uzTVv0B10g9TaHMWpcZ4	1unQii	qadv-arbiter-7x7-v0.1.0	-	pathfinder-v0.3.0	-	D	P	-
g1_qBK8-KS48wEmuiHYV50gRdep5A0RuIOexh31KZidMJQ	s1_qq3skMkFL81VZXyflyEjeMsIvj68vyzcYFdT45_W8pI	1unQii	qadv-arbiter-7x7-v0.1.0	-	pathfinder-v0.3.0	-	D	P	196
g1_qBNACZg0hu_f6KupbZ3QZATTceslbLkUoaJXW6Ij8o4	s1_1LB6NAgPOeCp4r8rQw4kUOIXWpEdWysFm5RZjWCQSgc	1umwWz	python-gnn-puct-learner-v0.1.0	sha256:ab0f739cd33d66781faf60e27797c5ccba3c04ba684f8d9e32e9c2754f4e8956	python-gnn-puct-learner-v0.1.0	sha256:ab0f739cd33d66781faf60e27797c5ccba3c04ba684f8d9e32e9c2754f4e8956	D	P	196
g1_qBNACZg0hu_f6KupbZ3QZATTceslbLkUoaJXW6Ij8o4	s1_P4NHYhwuVnEA-dG2X-UVeVotb84A5mwljbYTlTMqr8w	1umwWz	python-gnn-puct-learner-v0.1.0	sha256:ab0f739cd33d66781faf60e27797c5ccba3c04ba684f8d9e32e9c2754f4e8956	python-gnn-puct-learner-v0.1.0	sha256:ab0f739cd33d66781faf60e27797c5ccba3c04ba684f8d9e32e9c2754f4e8956	D	P	196
g1_qBdImj2E_hguxRe9V353Q7KI2W0R_9CJqKMWa6LStR8	s1_27U77larKtiBffgvjgyVpb7kS1VzwEWlkVyjApzqni8	1unMZP	qadv-arbiter-7x7-rust-lambda-v0.1.0	-	qadv-arbiter-7x7-rust-lambda-v0.1.0	-	L	P	196
g1_qBdImj2E_hguxRe9V353Q7KI2W0R_9CJqKMWa6LStR8	s1_JAfFU9_Veth8d44MeRKK1C3rMPtYAYGm-ZkpqIB9ozg	1unMZP	qadv-arbiter-7x7-rust-lambda-v0.1.0	-	qadv-arbiter-7x7-rust-lambda-v0.1.0	-	L	P	196
g1_qBdImj2E_hguxRe9V353Q7KI2W0R_9CJqKMWa6LStR8	s1_RauLaTi4eVgYHSp2TV9pqs9uzTVv0B10g9TaHMWpcZ4	1unMZP	qadv-arbiter-7x7-rust-lambda-v0.1.0	-	qadv-arbiter-7x7-rust-lambda-v0.1.0	-	L	P	-
g1_qBdImj2E_hguxRe9V353Q7KI2W0R_9CJqKMWa6LStR8	s1_dhl6huxJrCzlU7kDNdd0pzVbtIzvVhNRpb_3ITLWakI	1unMZP	qadv-arbiter-7x7-rust-lambda-v0.1.0	-	qadv-arbiter-7x7-rust-lambda-v0.1.0	-	L	P	196
g1_qBoWY_PvxKXwliTYtZN0jSIA0za75zhlbDxjKxb3nlE	s1_GXYHgp3FGd9Y9yH1R0aL7Urq47RX-lkIi09RFQ8uP80	1unNft	qadv-arbiter-7x7-rust-lambda-v0.1.0	-	qadv-arbiter-7x7-rust-lambda-v0.1.0	-	L	P	196
g1_qBoWY_PvxKXwliTYtZN0jSIA0za75zhlbDxjKxb3nlE	s1_RauLaTi4eVgYHSp2TV9pqs9uzTVv0B10g9TaHMWpcZ4	1unNft	qadv-arbiter-7x7-rust-lambda-v0.1.0	-	qadv-arbiter-7x7-rust-lambda-v0.1.0	-	L	P	-
g1_qBoWY_PvxKXwliTYtZN0jSIA0za75zhlbDxjKxb3nlE	s1_mbQOVBVDhSK_KY-7ry86giWIkPHXqE3P9JTEdl3A-KA	1unNft	qadv-arbiter-7x7-rust-lambda-v0.1.0	-	qadv-arbiter-7x7-rust-lambda-v0.1.0	-	L	P	196
g1_qBoWY_PvxKXwliTYtZN0jSIA0za75zhlbDxjKxb3nlE	s1_r7zRbKEmKe7jYcR7l6VO0e6JRwK57sZ89kfiUzbACgE	1unNft	qadv-arbiter-7x7-rust-lambda-v0.1.0	-	qadv-arbiter-7x7-rust-lambda-v0.1.0	-	L	P	196
g1_qBy9Z7JC_ch21P-t8bn9kDsq1lhXscm5Csa3R4GXnRE	s1_3WNFDK5to_j-XkwrbPCluGXfyRNLGj0vrdUhbYWUIdE	1unM81	qadv-arbiter-7x7-rust-lambda-v0.1.0	-	qadv-arbiter-7x7-rust-lambda-v0.1.0	-	L	P	196
g1_qBy9Z7JC_ch21P-t8bn9kDsq1lhXscm5Csa3R4GXnRE	s1_PinLZvdIWYgrfskT33hjip6BnFBh6ZFN9vryVAebHYg	1unM81	qadv-arbiter-7x7-rust-lambda-v0.1.0	-	qadv-arbiter-7x7-rust-lambda-v0.1.0	-	L	P	196
g1_qBy9Z7JC_ch21P-t8bn9kDsq1lhXscm5Csa3R4GXnRE	s1_RauLaTi4eVgYHSp2TV9pqs9uzTVv0B10g9TaHMWpcZ4	1unM81	qadv-arbiter-7x7-rust-lambda-v0.1.0	-	qadv-arbiter-7x7-rust-lambda-v0.1.0	-	L	P	-
g1_qBy9Z7JC_ch21P-t8bn9kDsq1lhXscm5Csa3R4GXnRE	s1_h6b7pujo4WyTo6yv7CDNJlyGZnUqjRNOY_w5v7doLJ4	1unM81	qadv-arbiter-7x7-rust-lambda-v0.1.0	-	qadv-arbiter-7x7-rust-lambda-v0.1.0	-	L	P	196
g1_qCCfBKk08eZVCGlZz0oQFXRXvr3Yi-trOnrHtabGHbQ	s1_Qmoz3nLvbLcY_1rcqMtpMJDvTQydhL5cxUNWV6EhpMY	1umwsw	qadv-arbiter-7x7-v0.1.0	sha256:8c548d06307572603b839755cc1e50393285365e10f82bcd90290ca65cd86266	qadv-arbiter-7x7-v0.1.0	sha256:8c548d06307572603b839755cc1e50393285365e10f82bcd90290ca65cd86266	D	P	196
g1_qCDXGI6jAN2_0o95pei1uMPj6wBB0LsgJ3l7HO4Zv6A	s1_0JbN5LHINqtM_6DdnQwDs5Co1qR1by2iMXeHVTBYEbE	1unQgj	pathfinder-v0.3.0	-	qadv-arbiter-7x7-v0.1.0	-	L	P	196
g1_qCDXGI6jAN2_0o95pei1uMPj6wBB0LsgJ3l7HO4Zv6A	s1_2FtaP75xgRVTNrUvmC0NIesJCNy8IDFJ05WNM4nUnpg	1unQgj	pathfinder-v0.3.0	-	qadv-arbiter-7x7-v0.1.0	-	L	P	196
g1_qCDXGI6jAN2_0o95pei1uMPj6wBB0LsgJ3l7HO4Zv6A	s1_EMAArXmeNonF7axkhylrSEpN9T2VnrF-A_EAhty0My4	1unQgj	pathfinder-v0.3.0	-	qadv-arbiter-7x7-v0.1.0	-	L	P	196
g1_qCDXGI6jAN2_0o95pei1uMPj6wBB0LsgJ3l7HO4Zv6A	s1_NmcfCwBR6ndXE33LeSpEZmVo3v-bpXzE4927F9c4K6g	1unQgj	pathfinder-v0.3.0	-	qadv-arbiter-7x7-v0.1.0	-	L	P	196
g1_qCDXGI6jAN2_0o95pei1uMPj6wBB0LsgJ3l7HO4Zv6A	s1_RauLaTi4eVgYHSp2TV9pqs9uzTVv0B10g9TaHMWpcZ4	1unQgj	pathfinder-v0.3.0	-	qadv-arbiter-7x7-v0.1.0	-	L	P	-
g1_qCL5Ru-D-cvsUALutUqdiEOkQi98ens2PPLN8r8vmYA	s1_GucwSQ6wnlLsKFxhqHasIjTzDbbQ-gZZMbAcRVN1M9k	1unMO_	qadv-arbiter-7x7-rust-lambda-v0.1.0	-	qadv-arbiter-7x7-rust-lambda-v0.1.0	-	D	P	196
g1_qCL5Ru-D-cvsUALutUqdiEOkQi98ens2PPLN8r8vmYA	s1_RauLaTi4eVgYHSp2TV9pqs9uzTVv0B10g9TaHMWpcZ4	1unMO_	qadv-arbiter-7x7-rust-lambda-v0.1.0	-	qadv-arbiter-7x7-rust-lambda-v0.1.0	-	D	P	-
g1_qCL5Ru-D-cvsUALutUqdiEOkQi98ens2PPLN8r8vmYA	s1_hwCvjTOWZa8ulxIPNUmSYII1oOanJ3r-AiCUrey597M	1unMO_	qadv-arbiter-7x7-rust-lambda-v0.1.0	-	qadv-arbiter-7x7-rust-lambda-v0.1.0	-	D	P	196
g1_qCL5Ru-D-cvsUALutUqdiEOkQi98ens2PPLN8r8vmYA	s1_ts4hC_0LRz6ugNFlE1anoFgv0UZoHW8aUDoKYC2UuNI	1unMO_	qadv-arbiter-7x7-rust-lambda-v0.1.0	-	qadv-arbiter-7x7-rust-lambda-v0.1.0	-	D	P	196
g1_qCZ3FHAju2HBUarJPsvggl98gchuEth4EjhiUBCXU64	s1_1av6nXQkq-GSHXfjkVlGHGpAq8F9UbW4JwZmyFA-vww	1umvCy	python-gnn-puct-scout-v0.1.0	sha256:b9f80706cc1f29076ee06fe06483697c749148a808c599579045d00a52573938	python-gnn-puct-scout-v0.1.0	sha256:b9f80706cc1f29076ee06fe06483697c749148a808c599579045d00a52573938	D	P	196
g1_qCZ3FHAju2HBUarJPsvggl98gchuEth4EjhiUBCXU64	s1_Brk0hkuJoH-MBjdd53AO5tlWcOgDWV_R0PO74fHGd_0	1umvCy	python-gnn-puct-scout-v0.1.0	sha256:b9f80706cc1f29076ee06fe06483697c749148a808c599579045d00a52573938	python-gnn-puct-scout-v0.1.0	sha256:b9f80706cc1f29076ee06fe06483697c749148a808c599579045d00a52573938	D	P	196
g1_qCZ3FHAju2HBUarJPsvggl98gchuEth4EjhiUBCXU64	s1_D_X-fTFZy6xuyGSC5jFyKBW6IP_59Jbomefazf4xu44	1umvCy	python-gnn-puct-scout-v0.1.0	sha256:b9f80706cc1f29076ee06fe06483697c749148a808c599579045d00a52573938	python-gnn-puct-scout-v0.1.0	sha256:b9f80706cc1f29076ee06fe06483697c749148a808c599579045d00a52573938	D	P	196
g1_qCZjftZFUqEdyf-FdLbj9XiJALH5EHrcLZ4DTOK4iFo	s1_qtlitMa-GGx-0y2heoyNRonYXf1Dq5epTexnVe9Iqtw	1umxWg	python-gnn-puct-learner-v0.1.0	sha256:ab0f739cd33d66781faf60e27797c5ccba3c04ba684f8d9e32e9c2754f4e8956	python-gnn-puct-learner-v0.1.0	sha256:ab0f739cd33d66781faf60e27797c5ccba3c04ba684f8d9e32e9c2754f4e8956	L	P	196
g1_qCcJcNsE2EZ_JbEnVyqZdI-Cz_NcemDCPLexAkgyZNE	s1_1av6nXQkq-GSHXfjkVlGHGpAq8F9UbW4JwZmyFA-vww	1DIWi	python-gnn-puct-v0.1.0	sha256:6f9ad6e4a0993da3cf34a8549e86f9b5d512c51e11bfa76dfe051e7a8801bdac	python-gnn-puct-v0.1.0	sha256:6f9ad6e4a0993da3cf34a8549e86f9b5d512c51e11bfa76dfe051e7a8801bdac	D	P	196
g1_qCcJcNsE2EZ_JbEnVyqZdI-Cz_NcemDCPLexAkgyZNE	s1_Brk0hkuJoH-MBjdd53AO5tlWcOgDWV_R0PO74fHGd_0	1DIWi	python-gnn-puct-v0.1.0	sha256:6f9ad6e4a0993da3cf34a8549e86f9b5d512c51e11bfa76dfe051e7a8801bdac	python-gnn-puct-v0.1.0	sha256:6f9ad6e4a0993da3cf34a8549e86f9b5d512c51e11bfa76dfe051e7a8801bdac	D	P	196
g1_qCcJcNsE2EZ_JbEnVyqZdI-Cz_NcemDCPLexAkgyZNE	s1_KmF8KhDbubz6lwdS8R_n_yTGdSONmH9B1wUABbyCj94	1DIWi	python-gnn-puct-v0.1.0	sha256:6f9ad6e4a0993da3cf34a8549e86f9b5d512c51e11bfa76dfe051e7a8801bdac	python-gnn-puct-v0.1.0	sha256:6f9ad6e4a0993da3cf34a8549e86f9b5d512c51e11bfa76dfe051e7a8801bdac	D	P	196
g1_qCcJcNsE2EZ_JbEnVyqZdI-Cz_NcemDCPLexAkgyZNE	s1_g5pGkHBMEhzAYvwFY0b24sSc7wC9JfnWApMHHZ_aMPI	1DIWi	python-gnn-puct-v0.1.0	sha256:6f9ad6e4a0993da3cf34a8549e86f9b5d512c51e11bfa76dfe051e7a8801bdac	python-gnn-puct-v0.1.0	sha256:6f9ad6e4a0993da3cf34a8549e86f9b5d512c51e11bfa76dfe051e7a8801bdac	D	P	196
g1_qCcJcNsE2EZ_JbEnVyqZdI-Cz_NcemDCPLexAkgyZNE	s1_tol_POp6BcgBLMWq8iDfRBQSAXpESHxFwmcCQYXv0yQ	1DIWi	python-gnn-puct-v0.1.0	sha256:6f9ad6e4a0993da3cf34a8549e86f9b5d512c51e11bfa76dfe051e7a8801bdac	python-gnn-puct-v0.1.0	sha256:6f9ad6e4a0993da3cf34a8549e86f9b5d512c51e11bfa76dfe051e7a8801bdac	D	P	196
g1_qCdWhzUcZcjf4JTEm2C12sB_WVZWqpOJ8RI7di3oT_k	s1_JEzE2xdVSvx6SEyDLtzM3yXzUxw3AlOAzC8xBCITmNE	1unOr4	qadv-arbiter-7x7-rust-lambda-v0.1.0	-	qadv-arbiter-7x7-rust-lambda-v0.1.0	-	L	P	196
g1_qCdWhzUcZcjf4JTEm2C12sB_WVZWqpOJ8RI7di3oT_k	s1_PfpfaaX1cRdD-zG9D4w3CLuOpe7s5eDYql0WGtqH9_w	1unOr4	qadv-arbiter-7x7-rust-lambda-v0.1.0	-	qadv-arbiter-7x7-rust-lambda-v0.1.0	-	L	P	196
g1_qCdWhzUcZcjf4JTEm2C12sB_WVZWqpOJ8RI7di3oT_k	s1_RauLaTi4eVgYHSp2TV9pqs9uzTVv0B10g9TaHMWpcZ4	1unOr4	qadv-arbiter-7x7-rust-lambda-v0.1.0	-	qadv-arbiter-7x7-rust-lambda-v0.1.0	-	L	P	-
g1_qCdWhzUcZcjf4JTEm2C12sB_WVZWqpOJ8RI7di3oT_k	s1_l_XxC7PZnc3oRLyMBB9WOsFNIDrTBybSPjxG5fTfzgo	1unOr4	qadv-arbiter-7x7-rust-lambda-v0.1.0	-	qadv-arbiter-7x7-rust-lambda-v0.1.0	-	L	P	196
g1_qCriNXs9Sn8DJHzaVNE5bLE81V9b05Y-7pdsYVpnfCw	s1_FNwxhrcbYbOjwcV-B-csQgW_xWlgkoUdpw2UNWwF3Ps	1unPXc	qadv-arbiter-7x7-rust-lambda-v0.1.0	-	qadv-arbiter-7x7-rust-lambda-v0.1.0	-	D	P	196
g1_qCriNXs9Sn8DJHzaVNE5bLE81V9b05Y-7pdsYVpnfCw	s1_RauLaTi4eVgYHSp2TV9pqs9uzTVv0B10g9TaHMWpcZ4	1unPXc	qadv-arbiter-7x7-rust-lambda-v0.1.0	-	qadv-arbiter-7x7-rust-lambda-v0.1.0	-	D	P	-
g1_qCriNXs9Sn8DJHzaVNE5bLE81V9b05Y-7pdsYVpnfCw	s1_VtPDQ0XyzVB7Hz02pjL2QZZWzBskKt4utF_DhGprBo8	1unPXc	qadv-arbiter-7x7-rust-lambda-v0.1.0	-	qadv-arbiter-7x7-rust-lambda-v0.1.0	-	D	P	196
g1_qCriNXs9Sn8DJHzaVNE5bLE81V9b05Y-7pdsYVpnfCw	s1_i3HDTShtYgNjq7BLMmIPLkkqzOkmppk_j74QUYWlwdA	1unPXc	qadv-arbiter-7x7-rust-lambda-v0.1.0	-	qadv-arbiter-7x7-rust-lambda-v0.1.0	-	D	P	196
g1_qCtNM9RYVZLsTroVjXXxyiexf8YclLCVzutAhjGL6i4	s1_-OKlJXuPFfAnukwGYITjiU7XKL4OC_qt76PC0TZSPjg	1umvjm	python-cnn-puct-v0.1.0	sha256:7845e9b7687beee165dc36b8d21833b7a8b5a83e31b58b49bd05c277ba26e642	python-cnn-puct-v0.1.0	sha256:7845e9b7687beee165dc36b8d21833b7a8b5a83e31b58b49bd05c277ba26e642	L	P	196
g1_qCtNM9RYVZLsTroVjXXxyiexf8YclLCVzutAhjGL6i4	s1_1av6nXQkq-GSHXfjkVlGHGpAq8F9UbW4JwZmyFA-vww	1umvjm	python-cnn-puct-v0.1.0	sha256:7845e9b7687beee165dc36b8d21833b7a8b5a83e31b58b49bd05c277ba26e642	python-cnn-puct-v0.1.0	sha256:7845e9b7687beee165dc36b8d21833b7a8b5a83e31b58b49bd05c277ba26e642	L	P	196
g1_qCtNM9RYVZLsTroVjXXxyiexf8YclLCVzutAhjGL6i4	s1_Brk0hkuJoH-MBjdd53AO5tlWcOgDWV_R0PO74fHGd_0	1umvjm	python-cnn-puct-v0.1.0	sha256:7845e9b7687beee165dc36b8d21833b7a8b5a83e31b58b49bd05c277ba26e642	python-cnn-puct-v0.1.0	sha256:7845e9b7687beee165dc36b8d21833b7a8b5a83e31b58b49bd05c277ba26e642	L	P	196
g1_qCvfxCV5ILU4ijcZJCrdv5wQEenkGyQBQ5wN6NwmpoE	s1_MgChQS_mF7upsw1wL4EyxsxgeLTNmplplqKpWQt9eWk	1unOrH	qadv-arbiter-7x7-rust-lambda-v0.1.0	-	qadv-arbiter-7x7-rust-lambda-v0.1.0	-	D	P	196
g1_qCvfxCV5ILU4ijcZJCrdv5wQEenkGyQBQ5wN6NwmpoE	s1_RauLaTi4eVgYHSp2TV9pqs9uzTVv0B10g9TaHMWpcZ4	1unOrH	qadv-arbiter-7x7-rust-lambda-v0.1.0	-	qadv-arbiter-7x7-rust-lambda-v0.1.0	-	D	P	-
g1_qCvfxCV5ILU4ijcZJCrdv5wQEenkGyQBQ5wN6NwmpoE	s1_VW-ZwYTOzFH5zDP3UxDaKXoh_79U1qKMDtazZtJOyqQ	1unOrH	qadv-arbiter-7x7-rust-lambda-v0.1.0	-	qadv-arbiter-7x7-rust-lambda-v0.1.0	-	D	P	196
g1_qCvfxCV5ILU4ijcZJCrdv5wQEenkGyQBQ5wN6NwmpoE	s1_p842WlCOJDaRfRKcEVHo2dnQpfLpA_8F5P05HJ1EWjw	1unOrH	qadv-arbiter-7x7-rust-lambda-v0.1.0	-	qadv-arbiter-7x7-rust-lambda-v0.1.0	-	D	P	196
g1_qCvnygZHqvUx_XBm2cLFNo4lKdrpevPZByCyW_yK48k	s1_BM7jB3gsEjU2Cx47JIGrIEjOg3exA2TlnPIeOQX5vCM	1DNhj	python-gnn-puct-v0.1.0	-	python-gnn-puct-v0.1.0	-	D	P	-
g1_qD187tNKr4VGE0wVbNJrJzsZO258m6smoduH2eUjigk	s1_6PxtazPxkizz7K9QTWPSCIopEV5n0zpHoq3F52yO_6U	1umwi4	python-cnn-puct-v0.1.0	sha256:7845e9b7687beee165dc36b8d21833b7a8b5a83e31b58b49bd05c277ba26e642	python-cnn-puct-v0.1.0	sha256:7845e9b7687beee165dc36b8d21833b7a8b5a83e31b58b49bd05c277ba26e642	D	P	196
g1_qD187tNKr4VGE0wVbNJrJzsZO258m6smoduH2eUjigk	s1_baRgKA_wMXdl0r4AwdkUfhWC04qxd1MvEGXAQaDd4fo	1umwi4	python-cnn-puct-v0.1.0	sha256:7845e9b7687beee165dc36b8d21833b7a8b5a83e31b58b49bd05c277ba26e642	python-cnn-puct-v0.1.0	sha256:7845e9b7687beee165dc36b8d21833b7a8b5a83e31b58b49bd05c277ba26e642	D	P	196
g1_qD3YsfSClh66vCGJUn1OuNQ4d5atzkjiYVTtiSdHlQQ	s1_2TjClkHausYXbPpQqqu-6wMrJgXrcvz8zhv3ooVsxms	1unPGA	qadv-arbiter-7x7-rust-lambda-v0.1.0	-	qadv-arbiter-7x7-rust-lambda-v0.1.0	-	L	P	196
g1_qD3YsfSClh66vCGJUn1OuNQ4d5atzkjiYVTtiSdHlQQ	s1_RauLaTi4eVgYHSp2TV9pqs9uzTVv0B10g9TaHMWpcZ4	1unPGA	qadv-arbiter-7x7-rust-lambda-v0.1.0	-	qadv-arbiter-7x7-rust-lambda-v0.1.0	-	L	P	-
g1_qD3YsfSClh66vCGJUn1OuNQ4d5atzkjiYVTtiSdHlQQ	s1_Xz_5h7t5_gfF_hA5t61mmpVhUtQAoZRshh38r56VUV0	1unPGA	qadv-arbiter-7x7-rust-lambda-v0.1.0	-	qadv-arbiter-7x7-rust-lambda-v0.1.0	-	L	P	196
g1_qD3YsfSClh66vCGJUn1OuNQ4d5atzkjiYVTtiSdHlQQ	s1_Yv4A3gwAN8b_L_WZg2PnDy5A31y6lBOxjSZFmbrDRW8	1unPGA	qadv-arbiter-7x7-rust-lambda-v0.1.0	-	qadv-arbiter-7x7-rust-lambda-v0.1.0	-	L	P	196
g1_qD57v3RiqhdUEL0eWNDHB1oSU8GUxidrxOKskr7iGG4	s1_RauLaTi4eVgYHSp2TV9pqs9uzTVv0B10g9TaHMWpcZ4	1unMgS	qadv-arbiter-7x7-rust-lambda-v0.1.0	-	qadv-arbiter-7x7-rust-lambda-v0.1.0	-	D	P	-
g1_qD57v3RiqhdUEL0eWNDHB1oSU8GUxidrxOKskr7iGG4	s1_dz9ALAgsjfRZ9c6QRcm5lcdLEEVTt2Q3wLoXlqZxYow	1unMgS	qadv-arbiter-7x7-rust-lambda-v0.1.0	-	qadv-arbiter-7x7-rust-lambda-v0.1.0	-	D	P	196
g1_qD57v3RiqhdUEL0eWNDHB1oSU8GUxidrxOKskr7iGG4	s1_o0HhkIagrEQZ2J2has8-KsX_ZJPkaAisIW1yuYpw190	1unMgS	qadv-arbiter-7x7-rust-lambda-v0.1.0	-	qadv-arbiter-7x7-rust-lambda-v0.1.0	-	D	P	196
g1_qD57v3RiqhdUEL0eWNDHB1oSU8GUxidrxOKskr7iGG4	s1_qYG1QEDHZ9XWD4TkTlblAAtqqsMSMlZOvAC3cmTQlkg	1unMgS	qadv-arbiter-7x7-rust-lambda-v0.1.0	-	qadv-arbiter-7x7-rust-lambda-v0.1.0	-	D	P	196
g1_qD7JlqYdQPQt2c7Cvyh67EaNTWwxeB1LqcrPWnUtSlQ	s1_Mb9cSEESneobbdkFJZ_VYk2JnWUXCar_1PQpGcaoyPM	1unMII	qadv-arbiter-7x7-rust-lambda-v0.1.0	-	qadv-arbiter-7x7-rust-lambda-v0.1.0	-	D	P	196
g1_qD7JlqYdQPQt2c7Cvyh67EaNTWwxeB1LqcrPWnUtSlQ	s1_RauLaTi4eVgYHSp2TV9pqs9uzTVv0B10g9TaHMWpcZ4	1unMII	qadv-arbiter-7x7-rust-lambda-v0.1.0	-	qadv-arbiter-7x7-rust-lambda-v0.1.0	-	D	P	-
g1_qD7JlqYdQPQt2c7Cvyh67EaNTWwxeB1LqcrPWnUtSlQ	s1_oHND8SXEOK4rkrakjxpS6QlQ5plKFMULwYnFpSeLzeY	1unMII	qadv-arbiter-7x7-rust-lambda-v0.1.0	-	qadv-arbiter-7x7-rust-lambda-v0.1.0	-	D	P	196
g1_qD7JlqYdQPQt2c7Cvyh67EaNTWwxeB1LqcrPWnUtSlQ	s1_qHjtLBC_rOYe792DXQYD8hWfWJc_qPl8QLUkbes-XxI	1unMII	qadv-arbiter-7x7-rust-lambda-v0.1.0	-	qadv-arbiter-7x7-rust-lambda-v0.1.0	-	D	P	196
g1_qDCIwxuW5lDlCt6_VqqdVLJnpoTfQTVKd_BbGu-cSGc	s1_1LB6NAgPOeCp4r8rQw4kUOIXWpEdWysFm5RZjWCQSgc	1umwb7	python-gnn-puct-learner-v0.1.0	sha256:ab0f739cd33d66781faf60e27797c5ccba3c04ba684f8d9e32e9c2754f4e8956	python-gnn-puct-learner-v0.1.0	sha256:ab0f739cd33d66781faf60e27797c5ccba3c04ba684f8d9e32e9c2754f4e8956	D	P	196
g1_qDCIwxuW5lDlCt6_VqqdVLJnpoTfQTVKd_BbGu-cSGc	s1_P4NHYhwuVnEA-dG2X-UVeVotb84A5mwljbYTlTMqr8w	1umwb7	python-gnn-puct-learner-v0.1.0	sha256:ab0f739cd33d66781faf60e27797c5ccba3c04ba684f8d9e32e9c2754f4e8956	python-gnn-puct-learner-v0.1.0	sha256:ab0f739cd33d66781faf60e27797c5ccba3c04ba684f8d9e32e9c2754f4e8956	D	P	196
g1_qDEe8w3TbHCNzFjXj51o0sgwqKdMKCjMui-PWw43FX0	s1_1hoFGHak_8n89InlsaqV5FW1Q0PhuI938xcbyh2irvU	1unPmz	qadv-arbiter-7x7-rust-lambda-v0.1.0	-	qadv-arbiter-7x7-rust-lambda-v0.1.0	-	L	P	196
g1_qDEe8w3TbHCNzFjXj51o0sgwqKdMKCjMui-PWw43FX0	s1_AKAyXIxw3StiL0aQhvqZr5DZolTIp8kHOkuT07gfZ8M	1unPmz	qadv-arbiter-7x7-rust-lambda-v0.1.0	-	qadv-arbiter-7x7-rust-lambda-v0.1.0	-	L	P	196
g1_qDEe8w3TbHCNzFjXj51o0sgwqKdMKCjMui-PWw43FX0	s1_H1EwmVGNM0GzBUfmtXFok9hsMkX8VF-uHvNUhqEoDnU	1unPmz	qadv-arbiter-7x7-rust-lambda-v0.1.0	-	qadv-arbiter-7x7-rust-lambda-v0.1.0	-	L	P	196
g1_qDEe8w3TbHCNzFjXj51o0sgwqKdMKCjMui-PWw43FX0	s1_RauLaTi4eVgYHSp2TV9pqs9uzTVv0B10g9TaHMWpcZ4	1unPmz	qadv-arbiter-7x7-rust-lambda-v0.1.0	-	qadv-arbiter-7x7-rust-lambda-v0.1.0	-	L	P	-
g1_qDEmdUEuS25jxXhgHl8I41U-RekoXcfdLv5MQq-4piI	s1_1Zq0VUBoCgtKj0O1nyJde-keQOUJXjl9H13eKQ3Ckys	1unOKB	qadv-arbiter-7x7-rust-lambda-v0.1.0	-	qadv-arbiter-7x7-rust-lambda-v0.1.0	-	L	P	196
g1_qDEmdUEuS25jxXhgHl8I41U-RekoXcfdLv5MQq-4piI	s1_9IKPwMzckMlKF7ra2STilTqbUdGmTWfiFBw0v0Z9ysU	1unOKB	qadv-arbiter-7x7-rust-lambda-v0.1.0	-	qadv-arbiter-7x7-rust-lambda-v0.1.0	-	L	P	196
g1_qDEmdUEuS25jxXhgHl8I41U-RekoXcfdLv5MQq-4piI	s1_RauLaTi4eVgYHSp2TV9pqs9uzTVv0B10g9TaHMWpcZ4	1unOKB	qadv-arbiter-7x7-rust-lambda-v0.1.0	-	qadv-arbiter-7x7-rust-lambda-v0.1.0	-	L	P	-
g1_qDEmdUEuS25jxXhgHl8I41U-RekoXcfdLv5MQq-4piI	s1_tLK5EJolbxeqeFDYo7pWRNTxFmPZqvj4lvLvJtXahD0	1unOKB	qadv-arbiter-7x7-rust-lambda-v0.1.0	-	qadv-arbiter-7x7-rust-lambda-v0.1.0	-	L	P	196
g1_qDYG37qZLRbR2kfQmT2ZLQuc_E9w24aNcdftiMd2XyU	s1_qtlitMa-GGx-0y2heoyNRonYXf1Dq5epTexnVe9Iqtw	1umxbj	python-gnn-puct-learner-v0.1.0	sha256:ab0f739cd33d66781faf60e27797c5ccba3c04ba684f8d9e32e9c2754f4e8956	python-gnn-puct-learner-v0.1.0	sha256:ab0f739cd33d66781faf60e27797c5ccba3c04ba684f8d9e32e9c2754f4e8956	L	P	196
g1_qDf8JNETrA5mmUukMQwrLHtx5Rne3y6UF8UtpX6m8ZA	s1_6PxtazPxkizz7K9QTWPSCIopEV5n0zpHoq3F52yO_6U	1umwu5	python-cnn-puct-v0.1.0	sha256:7845e9b7687beee165dc36b8d21833b7a8b5a83e31b58b49bd05c277ba26e642	python-cnn-puct-v0.1.0	sha256:7845e9b7687beee165dc36b8d21833b7a8b5a83e31b58b49bd05c277ba26e642	D	P	196
g1_qDf8JNETrA5mmUukMQwrLHtx5Rne3y6UF8UtpX6m8ZA	s1_baRgKA_wMXdl0r4AwdkUfhWC04qxd1MvEGXAQaDd4fo	1umwu5	python-cnn-puct-v0.1.0	sha256:7845e9b7687beee165dc36b8d21833b7a8b5a83e31b58b49bd05c277ba26e642	python-cnn-puct-v0.1.0	sha256:7845e9b7687beee165dc36b8d21833b7a8b5a83e31b58b49bd05c277ba26e642	D	P	196
g1_qDqk6-fpV0Altj414cr3PtDD-zEq_1JlENzcCBvo9P0	s1__fmnSv6OnZklVvMPUjPdL6drtvfrJptRYX3nxZQO8jI	1umxw3	python-gnn-puct-scout-v0.1.0	sha256:b9f80706cc1f29076ee06fe06483697c749148a808c599579045d00a52573938	python-gnn-puct-scout-v0.1.0	sha256:b9f80706cc1f29076ee06fe06483697c749148a808c599579045d00a52573938	D	P	196
g1_qDsqRZpWYL-KOLYQJKx-w27AeYESi04RJVZzuKu8m2U	s1_3Bi52FmFRuocmCypNY_zry3O0Oc4_HO_R_J44vb-Dc4	1unPmJ	qadv-arbiter-7x7-rust-lambda-v0.1.0	-	qadv-arbiter-7x7-rust-lambda-v0.1.0	-	D	P	196
g1_qDsqRZpWYL-KOLYQJKx-w27AeYESi04RJVZzuKu8m2U	s1_I1C0llVCLoEi7_SDF0e1UkQT9m7RNFYoPTAMWM1zGIg	1unPmJ	qadv-arbiter-7x7-rust-lambda-v0.1.0	-	qadv-arbiter-7x7-rust-lambda-v0.1.0	-	D	P	196
g1_qDsqRZpWYL-KOLYQJKx-w27AeYESi04RJVZzuKu8m2U	s1_RXOBa0kc74d_k5i54nNi4ivxn0bdH_KuEcP_-4P4FP4	1unPmJ	qadv-arbiter-7x7-rust-lambda-v0.1.0	-	qadv-arbiter-7x7-rust-lambda-v0.1.0	-	D	P	196
g1_qDsqRZpWYL-KOLYQJKx-w27AeYESi04RJVZzuKu8m2U	s1_RauLaTi4eVgYHSp2TV9pqs9uzTVv0B10g9TaHMWpcZ4	1unPmJ	qadv-arbiter-7x7-rust-lambda-v0.1.0	-	qadv-arbiter-7x7-rust-lambda-v0.1.0	-	D	P	-
g1_qDt2ujuXMYkmeX5ikxPyEZlbNTjNo1SisYQc7zI7tls	s1_RauLaTi4eVgYHSp2TV9pqs9uzTVv0B10g9TaHMWpcZ4	1unMvc	qadv-arbiter-7x7-rust-lambda-v0.1.0	-	qadv-arbiter-7x7-rust-lambda-v0.1.0	-	L	P	-
g1_qDt2ujuXMYkmeX5ikxPyEZlbNTjNo1SisYQc7zI7tls	s1_VoN6LawwblN4xpSEM8LmGvw-zo0z3him9E_NLQ2qpao	1unMvc	qadv-arbiter-7x7-rust-lambda-v0.1.0	-	qadv-arbiter-7x7-rust-lambda-v0.1.0	-	L	P	196
g1_qDt2ujuXMYkmeX5ikxPyEZlbNTjNo1SisYQc7zI7tls	s1_i6tGdO661px3heZnjVrG6FvBJUJgwG7FjS9RvUbV6Hs	1unMvc	qadv-arbiter-7x7-rust-lambda-v0.1.0	-	qadv-arbiter-7x7-rust-lambda-v0.1.0	-	L	P	196
g1_qDt2ujuXMYkmeX5ikxPyEZlbNTjNo1SisYQc7zI7tls	s1_sRFjU23Ys6BulZ_svcgNTUWh9BnNFNzKfjz4KFQ6TkM	1unMvc	qadv-arbiter-7x7-rust-lambda-v0.1.0	-	qadv-arbiter-7x7-rust-lambda-v0.1.0	-	L	P	196
g1_qE0_vvw5n8GhlLsbF33BQWgi5jtmMOhlA_OstjirZWk	s1_Zlfwu4ud2onG5icwH5AWJDm2b5TIdNW1IcVryJ2bffE	1umvyn	python-cnn-puct-reval30k-v0.1.0	sha256:eb2600a53e225a835455efdb2759c40e27c5cb3c16ab0688bc21b99290ed10ee	python-cnn-puct-reval30k-v0.1.0	sha256:eb2600a53e225a835455efdb2759c40e27c5cb3c16ab0688bc21b99290ed10ee	D	P	196
g1_qE9yDbMufUT_VdEdvu_RVnSBtEZBdRooiOg2H91Z2lo	s1_flXyOBW6T9LLVDFIvXBGel1MoVNZcUcMFIJnB9yLapU	1umxAQ	python-gnn-puct-reval30k-v0.1.0	sha256:6120be86fc469df71473c3de64e5e32f99694cd47d621fa5948f243dc51d3d21	python-gnn-puct-reval30k-v0.1.0	sha256:6120be86fc469df71473c3de64e5e32f99694cd47d621fa5948f243dc51d3d21	L	P	196
g1_qEGX49pVrzjKWYUvnjYYx4A8EWD6mC-jGC_jXR72LBA	s1_1av6nXQkq-GSHXfjkVlGHGpAq8F9UbW4JwZmyFA-vww	1umv7x	surveyor-v0.2.0	-	pathfinder-v0.3.0	-	D	P	196
g1_qEGX49pVrzjKWYUvnjYYx4A8EWD6mC-jGC_jXR72LBA	s1_Brk0hkuJoH-MBjdd53AO5tlWcOgDWV_R0PO74fHGd_0	1umv7x	surveyor-v0.2.0	-	pathfinder-v0.3.0	-	D	P	196
g1_qEGX49pVrzjKWYUvnjYYx4A8EWD6mC-jGC_jXR72LBA	s1_QzXKB60HvV5g6-cJIu-NdpeFb1rCgFAJD1cxfdkoMm0	1umv7x	surveyor-v0.2.0	-	pathfinder-v0.3.0	-	D	P	196
g1_qEHsXYImTz_Lzerg9fDR3w6wcEw-jTse1aUq4nz5Umg	s1_1av6nXQkq-GSHXfjkVlGHGpAq8F9UbW4JwZmyFA-vww	1umvLw	cnn-baseline-7x7	sha256:f4969554372b34d9773382cf5cd8e3f20890ccedfb1e6c685984c6c94fbb6203	surveyor-v0.2.0	-	D	P	196
g1_qEHsXYImTz_Lzerg9fDR3w6wcEw-jTse1aUq4nz5Umg	s1_Brk0hkuJoH-MBjdd53AO5tlWcOgDWV_R0PO74fHGd_0	1umvLw	cnn-baseline-7x7	sha256:f4969554372b34d9773382cf5cd8e3f20890ccedfb1e6c685984c6c94fbb6203	surveyor-v0.2.0	-	D	P	196
g1_qEHsXYImTz_Lzerg9fDR3w6wcEw-jTse1aUq4nz5Umg	s1_QzXKB60HvV5g6-cJIu-NdpeFb1rCgFAJD1cxfdkoMm0	1umvLw	cnn-baseline-7x7	sha256:f4969554372b34d9773382cf5cd8e3f20890ccedfb1e6c685984c6c94fbb6203	surveyor-v0.2.0	-	D	P	196
g1_qEVDKqmcY0x-V9rqkfYlkYVddVlhB1XOIZZq1swQlZU	s1_RauLaTi4eVgYHSp2TV9pqs9uzTVv0B10g9TaHMWpcZ4	1unMKz	qadv-arbiter-7x7-rust-lambda-v0.1.0	-	qadv-arbiter-7x7-rust-lambda-v0.1.0	-	L	P	-
g1_qEVDKqmcY0x-V9rqkfYlkYVddVlhB1XOIZZq1swQlZU	s1_SrhAUREAzTI7i7etdlcvO2wZNZmGndcIde6GE2cNx_g	1unMKz	qadv-arbiter-7x7-rust-lambda-v0.1.0	-	qadv-arbiter-7x7-rust-lambda-v0.1.0	-	L	P	196
g1_qEVDKqmcY0x-V9rqkfYlkYVddVlhB1XOIZZq1swQlZU	s1_rOOg1cimlWUe1veVDQ6pQWVWiwRn66lMJXaWqw1XCjE	1unMKz	qadv-arbiter-7x7-rust-lambda-v0.1.0	-	qadv-arbiter-7x7-rust-lambda-v0.1.0	-	L	P	196
g1_qEVDKqmcY0x-V9rqkfYlkYVddVlhB1XOIZZq1swQlZU	s1_wSwls8jnDDJowtx8HUu7wS6_jHDwOpcTB8whWsGuqmU	1unMKz	qadv-arbiter-7x7-rust-lambda-v0.1.0	-	qadv-arbiter-7x7-rust-lambda-v0.1.0	-	L	P	196
g1_qE_C5PfkLhNRduf2dcuze0r_QdpxwUdm0-ATBrQCXrU	s1_2FtaP75xgRVTNrUvmC0NIesJCNy8IDFJ05WNM4nUnpg	1unQeo	qadv-arbiter-7x7-v0.1.0	-	pathfinder-v0.3.0	-	D	P	196
g1_qE_C5PfkLhNRduf2dcuze0r_QdpxwUdm0-ATBrQCXrU	s1_Bg6ydTLd0yVB_OvrUPQ47NYk0kwnd3uEzD_UdyKzyV4	1unQeo	qadv-arbiter-7x7-v0.1.0	-	pathfinder-v0.3.0	-	D	P	196
g1_qE_C5PfkLhNRduf2dcuze0r_QdpxwUdm0-ATBrQCXrU	s1_RauLaTi4eVgYHSp2TV9pqs9uzTVv0B10g9TaHMWpcZ4	1unQeo	qadv-arbiter-7x7-v0.1.0	-	pathfinder-v0.3.0	-	D	P	-
g1_qE_C5PfkLhNRduf2dcuze0r_QdpxwUdm0-ATBrQCXrU	s1_a3xFQY41G9nPPc4_GbESq-0eN3mRycIC2y9N09PKA5E	1unQeo	qadv-arbiter-7x7-v0.1.0	-	pathfinder-v0.3.0	-	D	P	196
g1_qEoFzb3lG0H0O6F6CbbdjPcrVZ8Ox4Zqi634SRsUpQ4	s1_C2_cBYVnS63OuubzKZeCoJrH41Cop8GLfa9byWoMA4c	1umvzi	python-gnn-puct-scout-v0.1.0	sha256:b9f80706cc1f29076ee06fe06483697c749148a808c599579045d00a52573938	python-gnn-puct-scout-v0.1.0	sha256:b9f80706cc1f29076ee06fe06483697c749148a808c599579045d00a52573938	D	P	196
g1_qF0kh9x9Ot2xmeZfcAsMPytVB_r_emXdv3rAFCME6NQ	s1_Qmoz3nLvbLcY_1rcqMtpMJDvTQydhL5cxUNWV6EhpMY	1umwne	qadv-arbiter-7x7-v0.1.0	sha256:8c548d06307572603b839755cc1e50393285365e10f82bcd90290ca65cd86266	qadv-arbiter-7x7-v0.1.0	sha256:8c548d06307572603b839755cc1e50393285365e10f82bcd90290ca65cd86266	D	P	196
g1_qFFrl7ZTD989kK_chkiGmdxlsLFTilEO--m6udyKgbg	s1_RauLaTi4eVgYHSp2TV9pqs9uzTVv0B10g9TaHMWpcZ4	1unNPq	qadv-arbiter-7x7-rust-lambda-v0.1.0	-	qadv-arbiter-7x7-rust-lambda-v0.1.0	-	L	P	-
g1_qFFrl7ZTD989kK_chkiGmdxlsLFTilEO--m6udyKgbg	s1_VCbbfTWMtTX1sZp6542Q9yyvd-ydupcYfJtgUig3mFE	1unNPq	qadv-arbiter-7x7-rust-lambda-v0.1.0	-	qadv-arbiter-7x7-rust-lambda-v0.1.0	-	L	P	196
g1_qFFrl7ZTD989kK_chkiGmdxlsLFTilEO--m6udyKgbg	s1_w3XmGC2_hRn5iZbswIL5lfJyPi6XUR4uSWTIXHKlndE	1unNPq	qadv-arbiter-7x7-rust-lambda-v0.1.0	-	qadv-arbiter-7x7-rust-lambda-v0.1.0	-	L	P	196
g1_qFFrl7ZTD989kK_chkiGmdxlsLFTilEO--m6udyKgbg	s1_xPNM4JLfuSoZuXi00YgdU_lsFBiwxydHABWMcQn2UHA	1unNPq	qadv-arbiter-7x7-rust-lambda-v0.1.0	-	qadv-arbiter-7x7-rust-lambda-v0.1.0	-	L	P	196
g1_qFG3XvFYaMI2BUzk7qHnNFtT9VMCYhPL-V93D8pClB0	s1_1av6nXQkq-GSHXfjkVlGHGpAq8F9UbW4JwZmyFA-vww	1umvLR	python-gnn-puct-learner-v0.1.0	sha256:ab0f739cd33d66781faf60e27797c5ccba3c04ba684f8d9e32e9c2754f4e8956	python-gnn-puct-learner-v0.1.0	sha256:ab0f739cd33d66781faf60e27797c5ccba3c04ba684f8d9e32e9c2754f4e8956	-	M	196
g1_qFG3XvFYaMI2BUzk7qHnNFtT9VMCYhPL-V93D8pClB0	s1_Brk0hkuJoH-MBjdd53AO5tlWcOgDWV_R0PO74fHGd_0	1umvLR	python-gnn-puct-learner-v0.1.0	sha256:ab0f739cd33d66781faf60e27797c5ccba3c04ba684f8d9e32e9c2754f4e8956	python-gnn-puct-learner-v0.1.0	sha256:ab0f739cd33d66781faf60e27797c5ccba3c04ba684f8d9e32e9c2754f4e8956	-	M	196
g1_qFG3XvFYaMI2BUzk7qHnNFtT9VMCYhPL-V93D8pClB0	s1_QBFUsDtxokERlDOdQkleYbPvhJ-vIp2qmp6DXjS-7oM	1umvLR	python-gnn-puct-learner-v0.1.0	sha256:ab0f739cd33d66781faf60e27797c5ccba3c04ba684f8d9e32e9c2754f4e8956	python-gnn-puct-learner-v0.1.0	sha256:ab0f739cd33d66781faf60e27797c5ccba3c04ba684f8d9e32e9c2754f4e8956	-	M	196
g1_qFLc1foOnVeW3bfkn7sv6qSUNpyECDinXLV3oje37Gs	s1_Djw6vZyWxexpW_TZQMWeZqYhe8cR_v4MDwAruomzv7o	1unPyq	qadv-arbiter-7x7-rust-lambda-v0.1.0	-	qadv-arbiter-7x7-rust-lambda-v0.1.0	-	D	P	196
g1_qFLc1foOnVeW3bfkn7sv6qSUNpyECDinXLV3oje37Gs	s1_QE1eLUkvbKCzgmqUAJVBssoz0mmGepQ-6J2MqPyvh_w	1unPyq	qadv-arbiter-7x7-rust-lambda-v0.1.0	-	qadv-arbiter-7x7-rust-lambda-v0.1.0	-	D	P	196
g1_qFLc1foOnVeW3bfkn7sv6qSUNpyECDinXLV3oje37Gs	s1_RauLaTi4eVgYHSp2TV9pqs9uzTVv0B10g9TaHMWpcZ4	1unPyq	qadv-arbiter-7x7-rust-lambda-v0.1.0	-	qadv-arbiter-7x7-rust-lambda-v0.1.0	-	D	P	-
g1_qFLc1foOnVeW3bfkn7sv6qSUNpyECDinXLV3oje37Gs	s1_i7Gqvv9MwkGSb9Tvb4GpR3Wb660mkiwmxkBlTFYgzdE	1unPyq	qadv-arbiter-7x7-rust-lambda-v0.1.0	-	qadv-arbiter-7x7-rust-lambda-v0.1.0	-	D	P	196
g1_qFLcLUKodxewDMAREtFI_BwtTuSqwSmdF7yqcDgDGJI	s1_EHiaRZVhVPBmELqSx2US6mXztEi3bwJrAyL9WsLI2x0	1unLtp	qadv-arbiter-7x7-rust-lambda-v0.1.0	-	qadv-arbiter-7x7-rust-lambda-v0.1.0	-	L	P	196
g1_qFLcLUKodxewDMAREtFI_BwtTuSqwSmdF7yqcDgDGJI	s1_RauLaTi4eVgYHSp2TV9pqs9uzTVv0B10g9TaHMWpcZ4	1unLtp	qadv-arbiter-7x7-rust-lambda-v0.1.0	-	qadv-arbiter-7x7-rust-lambda-v0.1.0	-	L	P	-
g1_qFLcLUKodxewDMAREtFI_BwtTuSqwSmdF7yqcDgDGJI	s1_Y_cnR58fl8o-3Qn2esJ6-_QrnyQQgQJAkrvod72PPQU	1unLtp	qadv-arbiter-7x7-rust-lambda-v0.1.0	-	qadv-arbiter-7x7-rust-lambda-v0.1.0	-	L	P	196
g1_qFLcLUKodxewDMAREtFI_BwtTuSqwSmdF7yqcDgDGJI	s1__JAIAIdvssREMEtxnBT4YqSCOVywm-kII4SicpRasDE	1unLtp	qadv-arbiter-7x7-rust-lambda-v0.1.0	-	qadv-arbiter-7x7-rust-lambda-v0.1.0	-	L	P	196
g1_qFV_9xmQoK5lvDnScE83bncqj4MtVMZ-HD0Re0UlfYM	s1_2FtaP75xgRVTNrUvmC0NIesJCNy8IDFJ05WNM4nUnpg	1unR3S	qadv-arbiter-7x7-v0.1.0	-	lunatic-v0.1.0	-	D	P	196
g1_qFV_9xmQoK5lvDnScE83bncqj4MtVMZ-HD0Re0UlfYM	s1_5qtiboWPuESXgIfVaCXuOzzdFKzqIHcL27DW1kJWssE	1unR3S	qadv-arbiter-7x7-v0.1.0	-	lunatic-v0.1.0	-	D	P	196
g1_qFV_9xmQoK5lvDnScE83bncqj4MtVMZ-HD0Re0UlfYM	s1_RauLaTi4eVgYHSp2TV9pqs9uzTVv0B10g9TaHMWpcZ4	1unR3S	qadv-arbiter-7x7-v0.1.0	-	lunatic-v0.1.0	-	D	P	-
g1_qFV_9xmQoK5lvDnScE83bncqj4MtVMZ-HD0Re0UlfYM	s1_Rb5mazU52bl44WmTHRAEvmHDiZttaVwJSQB4WY8iMbI	1unR3S	qadv-arbiter-7x7-v0.1.0	-	lunatic-v0.1.0	-	D	P	196
g1_qFV_9xmQoK5lvDnScE83bncqj4MtVMZ-HD0Re0UlfYM	s1_jkoE1AydTokODgBZZiGqT1s8KGpaBss7VktCykndM0Q	1unR3S	qadv-arbiter-7x7-v0.1.0	-	lunatic-v0.1.0	-	D	P	196
g1_qFfXiAnfgqZwDVUDDMVwlU7gK_K1yYeYwQ8q4TtXmUk	s1_1av6nXQkq-GSHXfjkVlGHGpAq8F9UbW4JwZmyFA-vww	1umv6h	python-gnn-puct-scout-v0.1.0	sha256:b9f80706cc1f29076ee06fe06483697c749148a808c599579045d00a52573938	python-gnn-puct-scout-v0.1.0	sha256:b9f80706cc1f29076ee06fe06483697c749148a808c599579045d00a52573938	L	P	196
g1_qFfXiAnfgqZwDVUDDMVwlU7gK_K1yYeYwQ8q4TtXmUk	s1_Brk0hkuJoH-MBjdd53AO5tlWcOgDWV_R0PO74fHGd_0	1umv6h	python-gnn-puct-scout-v0.1.0	sha256:b9f80706cc1f29076ee06fe06483697c749148a808c599579045d00a52573938	python-gnn-puct-scout-v0.1.0	sha256:b9f80706cc1f29076ee06fe06483697c749148a808c599579045d00a52573938	L	P	196
g1_qFfXiAnfgqZwDVUDDMVwlU7gK_K1yYeYwQ8q4TtXmUk	s1_D_X-fTFZy6xuyGSC5jFyKBW6IP_59Jbomefazf4xu44	1umv6h	python-gnn-puct-scout-v0.1.0	sha256:b9f80706cc1f29076ee06fe06483697c749148a808c599579045d00a52573938	python-gnn-puct-scout-v0.1.0	sha256:b9f80706cc1f29076ee06fe06483697c749148a808c599579045d00a52573938	L	P	196
g1_qFjuD7OlwTAgsFeXgnZ-fWXd8VgkkaAP8KMhc_rThW8	s1_2PqZ_qDJLfMPOWL_c-wAyXUmAnKEqY_ZQF7Ji_E6cGk	1unNJA	qadv-arbiter-7x7-rust-lambda-v0.1.0	-	qadv-arbiter-7x7-rust-lambda-v0.1.0	-	D	P	196
g1_qFjuD7OlwTAgsFeXgnZ-fWXd8VgkkaAP8KMhc_rThW8	s1_RauLaTi4eVgYHSp2TV9pqs9uzTVv0B10g9TaHMWpcZ4	1unNJA	qadv-arbiter-7x7-rust-lambda-v0.1.0	-	qadv-arbiter-7x7-rust-lambda-v0.1.0	-	D	P	-
g1_qFjuD7OlwTAgsFeXgnZ-fWXd8VgkkaAP8KMhc_rThW8	s1_eoRmTq-qsksdmOqvFiTNJZu9E-YCj6dcaYPHfzTUBVg	1unNJA	qadv-arbiter-7x7-rust-lambda-v0.1.0	-	qadv-arbiter-7x7-rust-lambda-v0.1.0	-	D	P	196
g1_qFjuD7OlwTAgsFeXgnZ-fWXd8VgkkaAP8KMhc_rThW8	s1_iWvIUkKo67C9bqHrsVRR4nY6WkXJ6K1UTnAnXDayfDI	1unNJA	qadv-arbiter-7x7-rust-lambda-v0.1.0	-	qadv-arbiter-7x7-rust-lambda-v0.1.0	-	D	P	196
g1_qFuNeK0yA5tcq7SS7n6LjJoUyUb9gVCRNZOKFy5sYW4	s1_N28cgxfjcjcVWTLESaOcKdySD0EjSugY0rLVuYJFir8	1unPYL	qadv-arbiter-7x7-rust-lambda-v0.1.0	-	qadv-arbiter-7x7-rust-lambda-v0.1.0	-	L	P	196
g1_qFuNeK0yA5tcq7SS7n6LjJoUyUb9gVCRNZOKFy5sYW4	s1_RauLaTi4eVgYHSp2TV9pqs9uzTVv0B10g9TaHMWpcZ4	1unPYL	qadv-arbiter-7x7-rust-lambda-v0.1.0	-	qadv-arbiter-7x7-rust-lambda-v0.1.0	-	L	P	-
g1_qFuNeK0yA5tcq7SS7n6LjJoUyUb9gVCRNZOKFy5sYW4	s1_U9BzDFKXf_WttJuKsnbANs2VYq0Q6eXSL-PFRhDqtTs	1unPYL	qadv-arbiter-7x7-rust-lambda-v0.1.0	-	qadv-arbiter-7x7-rust-lambda-v0.1.0	-	L	P	196
g1_qFuNeK0yA5tcq7SS7n6LjJoUyUb9gVCRNZOKFy5sYW4	s1_sHSMaiGTH7C3ESfYUxg2DIn6g97c9x4BjDvl02czDLQ	1unPYL	qadv-arbiter-7x7-rust-lambda-v0.1.0	-	qadv-arbiter-7x7-rust-lambda-v0.1.0	-	L	P	196
g1_qGAjKINcK40N6snOLxzc-5uT2L1syGtvrIKOMT3-qzk	s1_6BanOwlXQNbI4UUbCi90VHI8bnE6vgNkn5CfW8vaBow	1unPFu	qadv-arbiter-7x7-rust-lambda-v0.1.0	-	qadv-arbiter-7x7-rust-lambda-v0.1.0	-	D	P	196
g1_qGAjKINcK40N6snOLxzc-5uT2L1syGtvrIKOMT3-qzk	s1_A1P_7EOfXH33kHUHhLDvnS1zWHglTcACKm5W2z6gSWU	1unPFu	qadv-arbiter-7x7-rust-lambda-v0.1.0	-	qadv-arbiter-7x7-rust-lambda-v0.1.0	-	D	P	196
g1_qGAjKINcK40N6snOLxzc-5uT2L1syGtvrIKOMT3-qzk	s1_RauLaTi4eVgYHSp2TV9pqs9uzTVv0B10g9TaHMWpcZ4	1unPFu	qadv-arbiter-7x7-rust-lambda-v0.1.0	-	qadv-arbiter-7x7-rust-lambda-v0.1.0	-	D	P	-
g1_qGAjKINcK40N6snOLxzc-5uT2L1syGtvrIKOMT3-qzk	s1_TJmQCYuKMZjIA-O9o-Ak3pUYgGnY0oYUSmQTveFj_8c	1unPFu	qadv-arbiter-7x7-rust-lambda-v0.1.0	-	qadv-arbiter-7x7-rust-lambda-v0.1.0	-	D	P	196
g1_qGSQsjJJg08kQro6-O_5gjHfPL37XnleSokANmtZ7oA	s1_RauLaTi4eVgYHSp2TV9pqs9uzTVv0B10g9TaHMWpcZ4	1unME6	qadv-arbiter-7x7-rust-lambda-v0.1.0	-	qadv-arbiter-7x7-rust-lambda-v0.1.0	-	L	P	-
g1_qGSQsjJJg08kQro6-O_5gjHfPL37XnleSokANmtZ7oA	s1_sVgq30h-0a5_Z4ZyRITri2JAoZmjMZUtxpNrmja4sNQ	1unME6	qadv-arbiter-7x7-rust-lambda-v0.1.0	-	qadv-arbiter-7x7-rust-lambda-v0.1.0	-	L	P	196
g1_qGSQsjJJg08kQro6-O_5gjHfPL37XnleSokANmtZ7oA	s1_xV9MJT5l36NI8kjNF0vjvYcPFN_Y6n_93iZwAVk__lU	1unME6	qadv-arbiter-7x7-rust-lambda-v0.1.0	-	qadv-arbiter-7x7-rust-lambda-v0.1.0	-	L	P	196
g1_qGSQsjJJg08kQro6-O_5gjHfPL37XnleSokANmtZ7oA	s1_ycAyM_BOwHCvHYBHyteVb1BjPdWtzN3iBzc3a2Uee6Q	1unME6	qadv-arbiter-7x7-rust-lambda-v0.1.0	-	qadv-arbiter-7x7-rust-lambda-v0.1.0	-	L	P	196
g1_qGtDbYes-vTQtq4yk2nWYuIs6WYu2tuKsFrMTfduFLg	s1_flXyOBW6T9LLVDFIvXBGel1MoVNZcUcMFIJnB9yLapU	1umxBU	python-gnn-puct-reval30k-v0.1.0	sha256:6120be86fc469df71473c3de64e5e32f99694cd47d621fa5948f243dc51d3d21	python-gnn-puct-reval30k-v0.1.0	sha256:6120be86fc469df71473c3de64e5e32f99694cd47d621fa5948f243dc51d3d21	D	P	196
g1_qH1amZRDIKGJcYv91Acv66sdC4FpTAQpDdrTNwW6fyE	s1_2FtaP75xgRVTNrUvmC0NIesJCNy8IDFJ05WNM4nUnpg	1unQhP	pathfinder-v0.3.0	-	qadv-arbiter-7x7-v0.1.0	-	L	P	196
g1_qH1amZRDIKGJcYv91Acv66sdC4FpTAQpDdrTNwW6fyE	s1_EMAArXmeNonF7axkhylrSEpN9T2VnrF-A_EAhty0My4	1unQhP	pathfinder-v0.3.0	-	qadv-arbiter-7x7-v0.1.0	-	L	P	196
g1_qH1amZRDIKGJcYv91Acv66sdC4FpTAQpDdrTNwW6fyE	s1_RauLaTi4eVgYHSp2TV9pqs9uzTVv0B10g9TaHMWpcZ4	1unQhP	pathfinder-v0.3.0	-	qadv-arbiter-7x7-v0.1.0	-	L	P	-
g1_qH1amZRDIKGJcYv91Acv66sdC4FpTAQpDdrTNwW6fyE	s1_nOkFanEtRSEBzNxgxUQjKW9TMwyF-DymCF6x5eT8LOU	1unQhP	pathfinder-v0.3.0	-	qadv-arbiter-7x7-v0.1.0	-	L	P	196
g1_qH5ks-aGomJpmw1XjmYcUSx-bYDH2RzE3H6MrPx6s84	s1_QztnbnXpEUOJk4DY8hy-3vhCebowvCTRm0d8DXzm09k	1unP0i	qadv-arbiter-7x7-rust-lambda-v0.1.0	-	qadv-arbiter-7x7-rust-lambda-v0.1.0	-	L	P	196
g1_qH5ks-aGomJpmw1XjmYcUSx-bYDH2RzE3H6MrPx6s84	s1_RauLaTi4eVgYHSp2TV9pqs9uzTVv0B10g9TaHMWpcZ4	1unP0i	qadv-arbiter-7x7-rust-lambda-v0.1.0	-	qadv-arbiter-7x7-rust-lambda-v0.1.0	-	L	P	-
g1_qH5ks-aGomJpmw1XjmYcUSx-bYDH2RzE3H6MrPx6s84	s1_e-FW_xi_JMG_fx1B1lwJutg3OLiL9HwmIFTdyZxhavI	1unP0i	qadv-arbiter-7x7-rust-lambda-v0.1.0	-	qadv-arbiter-7x7-rust-lambda-v0.1.0	-	L	P	196
g1_qH5ks-aGomJpmw1XjmYcUSx-bYDH2RzE3H6MrPx6s84	s1_u5Us293m_MCmoj2HoNzRH98zfihpYzivS6z1VZQtCug	1unP0i	qadv-arbiter-7x7-rust-lambda-v0.1.0	-	qadv-arbiter-7x7-rust-lambda-v0.1.0	-	L	P	196
g1_qHJE4z3WwLILl4XKuKCEvULKKT7EuB7wkvsS5LT2UZc	s1__fmnSv6OnZklVvMPUjPdL6drtvfrJptRYX3nxZQO8jI	1umxsl	python-gnn-puct-scout-v0.1.0	sha256:b9f80706cc1f29076ee06fe06483697c749148a808c599579045d00a52573938	python-gnn-puct-scout-v0.1.0	sha256:b9f80706cc1f29076ee06fe06483697c749148a808c599579045d00a52573938	-	M	196
g1_qHKpw-y-8MPO2NlNiygtzvtpT4_1O8GQsjPM4EqeNa4	s1_1XoxENw8Z_E12JzQZ6H9rkrRJk1Wo7aAAvq4jhDVyGo	1un5e6	qadv-arbiter-guided-7x7-v0.2.0	sha256:9c0e5e530df7db77a98f6a2e75fe63a6f629c6ad6563e0b5454793ebc243b14d	surveyor-v0.2.0	-	D	P	196
g1_qHKpw-y-8MPO2NlNiygtzvtpT4_1O8GQsjPM4EqeNa4	s1_O3cuwuia8XT9TI7Nxr3tRcajOA20XFHEIT2fYX3WizY	1un5e6	qadv-arbiter-guided-7x7-v0.2.0	sha256:9c0e5e530df7db77a98f6a2e75fe63a6f629c6ad6563e0b5454793ebc243b14d	surveyor-v0.2.0	-	D	P	196
g1_qHKpw-y-8MPO2NlNiygtzvtpT4_1O8GQsjPM4EqeNa4	s1_Wm96nwaIWKpAJ3RfJi_pk_r6EF_3M78D0GXx9IBk1xo	1un5e6	qadv-arbiter-guided-7x7-v0.2.0	sha256:9c0e5e530df7db77a98f6a2e75fe63a6f629c6ad6563e0b5454793ebc243b14d	surveyor-v0.2.0	-	D	P	196
g1_qHLd1Ci6Dr3UGz5DQWWbUT2Jcn5IEGVwqx6S6_WGW1k	s1_5Q8AiLPnHTU9Q41DHvphw84vgBioflMbL37g-A5uNUo	1unPVx	qadv-arbiter-7x7-rust-lambda-v0.1.0	-	qadv-arbiter-7x7-rust-lambda-v0.1.0	-	D	P	196
g1_qHLd1Ci6Dr3UGz5DQWWbUT2Jcn5IEGVwqx6S6_WGW1k	s1_FNwxhrcbYbOjwcV-B-csQgW_xWlgkoUdpw2UNWwF3Ps	1unPVx	qadv-arbiter-7x7-rust-lambda-v0.1.0	-	qadv-arbiter-7x7-rust-lambda-v0.1.0	-	D	P	196
g1_qHLd1Ci6Dr3UGz5DQWWbUT2Jcn5IEGVwqx6S6_WGW1k	s1_RauLaTi4eVgYHSp2TV9pqs9uzTVv0B10g9TaHMWpcZ4	1unPVx	qadv-arbiter-7x7-rust-lambda-v0.1.0	-	qadv-arbiter-7x7-rust-lambda-v0.1.0	-	D	P	-
g1_qHLd1Ci6Dr3UGz5DQWWbUT2Jcn5IEGVwqx6S6_WGW1k	s1_i3HDTShtYgNjq7BLMmIPLkkqzOkmppk_j74QUYWlwdA	1unPVx	qadv-arbiter-7x7-rust-lambda-v0.1.0	-	qadv-arbiter-7x7-rust-lambda-v0.1.0	-	D	P	196
g1_qHNWAqNj-Qq5iRu4h_wc3b2e4QqK06KSa43ZNUv0dho	s1_RauLaTi4eVgYHSp2TV9pqs9uzTVv0B10g9TaHMWpcZ4	1unP2r	qadv-arbiter-7x7-rust-lambda-v0.1.0	-	qadv-arbiter-7x7-rust-lambda-v0.1.0	-	L	P	-
g1_qHNWAqNj-Qq5iRu4h_wc3b2e4QqK06KSa43ZNUv0dho	s1_WmuQ0StZyn4tlo2IB70HHUjpQYlPEgkm4cW-QqUQOHM	1unP2r	qadv-arbiter-7x7-rust-lambda-v0.1.0	-	qadv-arbiter-7x7-rust-lambda-v0.1.0	-	L	P	196
g1_qHNWAqNj-Qq5iRu4h_wc3b2e4QqK06KSa43ZNUv0dho	s1_Z8E6IBa-6l9pFA8WxevscHZsYRo6OfNTNuAMbSnDqdo	1unP2r	qadv-arbiter-7x7-rust-lambda-v0.1.0	-	qadv-arbiter-7x7-rust-lambda-v0.1.0	-	L	P	196
g1_qHNWAqNj-Qq5iRu4h_wc3b2e4QqK06KSa43ZNUv0dho	s1_uVcYb8Mkw8Bwl0PPPhmD41K8xNpLfKvs2q13u5adcew	1unP2r	qadv-arbiter-7x7-rust-lambda-v0.1.0	-	qadv-arbiter-7x7-rust-lambda-v0.1.0	-	L	P	196
g1_qHPLXpBrfI0RcXyOyejPMy9lxaVHEBbFa5xj87jyaZs	s1_AoRCPt16SOaYf2ulqbSQpoQ5h22McL_aM2QxdAPP-lI	1unMGi	qadv-arbiter-7x7-rust-lambda-v0.1.0	-	qadv-arbiter-7x7-rust-lambda-v0.1.0	-	D	P	196
g1_qHPLXpBrfI0RcXyOyejPMy9lxaVHEBbFa5xj87jyaZs	s1_J7waUkUczBtCerU0xP1lCfigArWU8jwrk_y2m4_JNwg	1unMGi	qadv-arbiter-7x7-rust-lambda-v0.1.0	-	qadv-arbiter-7x7-rust-lambda-v0.1.0	-	D	P	196
g1_qHPLXpBrfI0RcXyOyejPMy9lxaVHEBbFa5xj87jyaZs	s1_RauLaTi4eVgYHSp2TV9pqs9uzTVv0B10g9TaHMWpcZ4	1unMGi	qadv-arbiter-7x7-rust-lambda-v0.1.0	-	qadv-arbiter-7x7-rust-lambda-v0.1.0	-	D	P	-
g1_qHPLXpBrfI0RcXyOyejPMy9lxaVHEBbFa5xj87jyaZs	s1_eOp5GcAT95zbbFSabG_VUa8FvClpeqk59X4QtMkaevc	1unMGi	qadv-arbiter-7x7-rust-lambda-v0.1.0	-	qadv-arbiter-7x7-rust-lambda-v0.1.0	-	D	P	196
g1_qHaiA7OHY6dXXwYTAEx847EpE3ipAj-d8LEqySa-ZNE	s1_1av6nXQkq-GSHXfjkVlGHGpAq8F9UbW4JwZmyFA-vww	1DJTx	gnn-generation-4-7x7	sha256:d46ba89987292c56b659843817a24bf5357d9a2bae8c3cfac720281eea70e3e7	gnn-rust-generation-2-7x7	sha256:26db61a48e3b261ea41a5b28faac0591d3e2017474cec73cc251739efbaa4006	D	P	196
g1_qHaiA7OHY6dXXwYTAEx847EpE3ipAj-d8LEqySa-ZNE	s1_Brk0hkuJoH-MBjdd53AO5tlWcOgDWV_R0PO74fHGd_0	1DJTx	gnn-generation-4-7x7	sha256:d46ba89987292c56b659843817a24bf5357d9a2bae8c3cfac720281eea70e3e7	gnn-rust-generation-2-7x7	sha256:26db61a48e3b261ea41a5b28faac0591d3e2017474cec73cc251739efbaa4006	D	P	196
g1_qHaiA7OHY6dXXwYTAEx847EpE3ipAj-d8LEqySa-ZNE	s1_ey0X9h1GlZ80KZNtd0_1PnIwLX-7eb1fQjiCa9wrhUM	1DJTx	gnn-generation-4-7x7	sha256:d46ba89987292c56b659843817a24bf5357d9a2bae8c3cfac720281eea70e3e7	gnn-rust-generation-2-7x7	sha256:26db61a48e3b261ea41a5b28faac0591d3e2017474cec73cc251739efbaa4006	D	P	196
g1_qHaiA7OHY6dXXwYTAEx847EpE3ipAj-d8LEqySa-ZNE	s1_ey0X9h1GlZ80KZNtd0_1PnIwLX-7eb1fQjiCa9wrhUM	1DJTz	gnn-generation-4-7x7	sha256:d46ba89987292c56b659843817a24bf5357d9a2bae8c3cfac720281eea70e3e7	gnn-rust-generation-2-7x7	sha256:26db61a48e3b261ea41a5b28faac0591d3e2017474cec73cc251739efbaa4006	D	P	196
g1_qHcdonnDpfrYAGAukkCpPuvZZNS9zCDbElzy4N-KwQs	s1_1av6nXQkq-GSHXfjkVlGHGpAq8F9UbW4JwZmyFA-vww	1umvBf	python-gnn-puct-scout-v0.1.0	sha256:b9f80706cc1f29076ee06fe06483697c749148a808c599579045d00a52573938	python-gnn-puct-scout-v0.1.0	sha256:b9f80706cc1f29076ee06fe06483697c749148a808c599579045d00a52573938	-	M	196
g1_qHcdonnDpfrYAGAukkCpPuvZZNS9zCDbElzy4N-KwQs	s1_D_X-fTFZy6xuyGSC5jFyKBW6IP_59Jbomefazf4xu44	1umvBf	python-gnn-puct-scout-v0.1.0	sha256:b9f80706cc1f29076ee06fe06483697c749148a808c599579045d00a52573938	python-gnn-puct-scout-v0.1.0	sha256:b9f80706cc1f29076ee06fe06483697c749148a808c599579045d00a52573938	-	M	196
g1_qHcdonnDpfrYAGAukkCpPuvZZNS9zCDbElzy4N-KwQs	s1_mWPTef6xYbijjPhDIC6QgLRmu2mMSJAokNlIkx3vg54	1umvBf	python-gnn-puct-scout-v0.1.0	sha256:b9f80706cc1f29076ee06fe06483697c749148a808c599579045d00a52573938	python-gnn-puct-scout-v0.1.0	sha256:b9f80706cc1f29076ee06fe06483697c749148a808c599579045d00a52573938	-	M	196
g1_qHfnEel7QiSO6RmaRj7t_0Tn3LOARdXeqwJQzVMIQxE	s1_qtlitMa-GGx-0y2heoyNRonYXf1Dq5epTexnVe9Iqtw	1umxaZ	python-gnn-puct-learner-v0.1.0	sha256:ab0f739cd33d66781faf60e27797c5ccba3c04ba684f8d9e32e9c2754f4e8956	python-gnn-puct-learner-v0.1.0	sha256:ab0f739cd33d66781faf60e27797c5ccba3c04ba684f8d9e32e9c2754f4e8956	D	P	196
g1_qHgjqls1_CEIesfq1bfvIHYI42L9pJFZLP77Xiipfvo	s1_1LB6NAgPOeCp4r8rQw4kUOIXWpEdWysFm5RZjWCQSgc	1umwa0	python-gnn-puct-learner-v0.1.0	sha256:ab0f739cd33d66781faf60e27797c5ccba3c04ba684f8d9e32e9c2754f4e8956	python-gnn-puct-learner-v0.1.0	sha256:ab0f739cd33d66781faf60e27797c5ccba3c04ba684f8d9e32e9c2754f4e8956	D	P	196
g1_qHgjqls1_CEIesfq1bfvIHYI42L9pJFZLP77Xiipfvo	s1_P4NHYhwuVnEA-dG2X-UVeVotb84A5mwljbYTlTMqr8w	1umwa0	python-gnn-puct-learner-v0.1.0	sha256:ab0f739cd33d66781faf60e27797c5ccba3c04ba684f8d9e32e9c2754f4e8956	python-gnn-puct-learner-v0.1.0	sha256:ab0f739cd33d66781faf60e27797c5ccba3c04ba684f8d9e32e9c2754f4e8956	D	P	196
g1_qHm_exH6WL9DFdMMWBuUmCV11lVIMaf5RAPhO2xjlrY	s1_7zEQz2R8CtTflGOZlRC6qYUTPdavhbt8HXEtYR6Krgs	1unNsf	qadv-arbiter-7x7-rust-lambda-v0.1.0	-	qadv-arbiter-7x7-rust-lambda-v0.1.0	-	L	P	196
g1_qHm_exH6WL9DFdMMWBuUmCV11lVIMaf5RAPhO2xjlrY	s1_RauLaTi4eVgYHSp2TV9pqs9uzTVv0B10g9TaHMWpcZ4	1unNsf	qadv-arbiter-7x7-rust-lambda-v0.1.0	-	qadv-arbiter-7x7-rust-lambda-v0.1.0	-	L	P	-
g1_qHm_exH6WL9DFdMMWBuUmCV11lVIMaf5RAPhO2xjlrY	s1_wA58weurrtJvUeHf03V1QpKM4DPIwkrl_MGrSE5qc_M	1unNsf	qadv-arbiter-7x7-rust-lambda-v0.1.0	-	qadv-arbiter-7x7-rust-lambda-v0.1.0	-	L	P	196
g1_qHm_exH6WL9DFdMMWBuUmCV11lVIMaf5RAPhO2xjlrY	s1_zaMD2osC6fs4kKPS2yrthQ8SqKUe4OUCDtZv6coX8f8	1unNsf	qadv-arbiter-7x7-rust-lambda-v0.1.0	-	qadv-arbiter-7x7-rust-lambda-v0.1.0	-	L	P	196
g1_qHqniltifEtX1oC-VQfMVDjWGLddz1UZ81Tc18gh9KY	s1_WVg7aYYLIrw6_-2mI3jQ-DPcLO4gX2sPEEqWQb0DGQA	1umxMl	python-cnn-puct-reval30k-v0.1.0	sha256:eb2600a53e225a835455efdb2759c40e27c5cb3c16ab0688bc21b99290ed10ee	python-cnn-puct-reval30k-v0.1.0	sha256:eb2600a53e225a835455efdb2759c40e27c5cb3c16ab0688bc21b99290ed10ee	D	P	196
g1_qHv6HQdPM_WSNF_6SIPeTMWCqDKrU6IR_XbDtnj_Mnw	s1_7cXD3m3WaI7GwVaCgorBSFKd7vWxC_L1MRo3KbxAGWs	1unNtn	qadv-arbiter-7x7-rust-lambda-v0.1.0	-	qadv-arbiter-7x7-rust-lambda-v0.1.0	-	L	P	196
g1_qHv6HQdPM_WSNF_6SIPeTMWCqDKrU6IR_XbDtnj_Mnw	s1_JmPZgP7MyEdLofgpDc0YhbjPrq89Z2MSX7pQwsZaof0	1unNtn	qadv-arbiter-7x7-rust-lambda-v0.1.0	-	qadv-arbiter-7x7-rust-lambda-v0.1.0	-	L	P	196
g1_qHv6HQdPM_WSNF_6SIPeTMWCqDKrU6IR_XbDtnj_Mnw	s1_RauLaTi4eVgYHSp2TV9pqs9uzTVv0B10g9TaHMWpcZ4	1unNtn	qadv-arbiter-7x7-rust-lambda-v0.1.0	-	qadv-arbiter-7x7-rust-lambda-v0.1.0	-	L	P	-
g1_qHv6HQdPM_WSNF_6SIPeTMWCqDKrU6IR_XbDtnj_Mnw	s1_csCQh879d8Zp3Gr0Ml-M58EXjihht4I-pBoQxGZCPOs	1unNtn	qadv-arbiter-7x7-rust-lambda-v0.1.0	-	qadv-arbiter-7x7-rust-lambda-v0.1.0	-	L	P	196
g1_qIJeiGIEW3H-3mvGq97FfeWDx9vkrCQX1tUXJmysLMg	s1_DyZYck20NcKLa9a85Nr-edPLF0uEOVfWUwZP96O0uw8	1unOK4	qadv-arbiter-7x7-rust-lambda-v0.1.0	-	qadv-arbiter-7x7-rust-lambda-v0.1.0	-	L	P	196
g1_qIJeiGIEW3H-3mvGq97FfeWDx9vkrCQX1tUXJmysLMg	s1_GXC1vSJ331808jQCPioOT5penRS7P4hxgEXXNluXV3U	1unOK4	qadv-arbiter-7x7-rust-lambda-v0.1.0	-	qadv-arbiter-7x7-rust-lambda-v0.1.0	-	L	P	196
g1_qIJeiGIEW3H-3mvGq97FfeWDx9vkrCQX1tUXJmysLMg	s1_RauLaTi4eVgYHSp2TV9pqs9uzTVv0B10g9TaHMWpcZ4	1unOK4	qadv-arbiter-7x7-rust-lambda-v0.1.0	-	qadv-arbiter-7x7-rust-lambda-v0.1.0	-	L	P	-
g1_qIJeiGIEW3H-3mvGq97FfeWDx9vkrCQX1tUXJmysLMg	s1_pxWpwM6oWvThzMD6LkFXf37Z9wVGBxMnerwC4G6LQB8	1unOK4	qadv-arbiter-7x7-rust-lambda-v0.1.0	-	qadv-arbiter-7x7-rust-lambda-v0.1.0	-	L	P	196
g1_qIlHPUHbdmoXP5KNCol66p4WvfacU1-VfaX1NBu5TTc	s1_IZQkmYdiLdgYxIT4lYz-XSz8pHz9tugo1Rx-Yo5hCfw	1unPMv	qadv-arbiter-7x7-rust-lambda-v0.1.0	-	qadv-arbiter-7x7-rust-lambda-v0.1.0	-	L	P	196
g1_qIlHPUHbdmoXP5KNCol66p4WvfacU1-VfaX1NBu5TTc	s1_RauLaTi4eVgYHSp2TV9pqs9uzTVv0B10g9TaHMWpcZ4	1unPMv	qadv-arbiter-7x7-rust-lambda-v0.1.0	-	qadv-arbiter-7x7-rust-lambda-v0.1.0	-	L	P	-
g1_qIlHPUHbdmoXP5KNCol66p4WvfacU1-VfaX1NBu5TTc	s1_YdPHO1Wc3UBs8ITj37oz8vCiJAw5H1Cna0nilOXZqKw	1unPMv	qadv-arbiter-7x7-rust-lambda-v0.1.0	-	qadv-arbiter-7x7-rust-lambda-v0.1.0	-	L	P	196
g1_qIlHPUHbdmoXP5KNCol66p4WvfacU1-VfaX1NBu5TTc	s1_ijyGIgv0UJ9HrshxcaYx5kORQmPfPJoFZiuAwBe_f6E	1unPMv	qadv-arbiter-7x7-rust-lambda-v0.1.0	-	qadv-arbiter-7x7-rust-lambda-v0.1.0	-	L	P	196
g1_qIuw-KVk79CQ3g6KrQTH6b-Lzpbvbjbxj9Gl-VQz0sI	s1_RauLaTi4eVgYHSp2TV9pqs9uzTVv0B10g9TaHMWpcZ4	1unMRL	qadv-arbiter-7x7-rust-lambda-v0.1.0	-	qadv-arbiter-7x7-rust-lambda-v0.1.0	-	D	P	-
g1_qIuw-KVk79CQ3g6KrQTH6b-Lzpbvbjbxj9Gl-VQz0sI	s1_lfxmW66Y2jfdeWipDJ2cT7STVn-m1uKDHB3YPxzBM5g	1unMRL	qadv-arbiter-7x7-rust-lambda-v0.1.0	-	qadv-arbiter-7x7-rust-lambda-v0.1.0	-	D	P	196
g1_qIuw-KVk79CQ3g6KrQTH6b-Lzpbvbjbxj9Gl-VQz0sI	s1_pzLYgZ9SBeWC4AEief6LBNPv5bGbTQrfTH_-nMCHVo0	1unMRL	qadv-arbiter-7x7-rust-lambda-v0.1.0	-	qadv-arbiter-7x7-rust-lambda-v0.1.0	-	D	P	196
g1_qIuw-KVk79CQ3g6KrQTH6b-Lzpbvbjbxj9Gl-VQz0sI	s1_zXif0D6pGX93WRUhp4dcyfLdIcNQvr1zSNvHkvnDv48	1unMRL	qadv-arbiter-7x7-rust-lambda-v0.1.0	-	qadv-arbiter-7x7-rust-lambda-v0.1.0	-	D	P	196
g1_qIyoq6LTGIZJQJql3u3QOWqou7XqWcIfboB9xHLONb0	s1_1av6nXQkq-GSHXfjkVlGHGpAq8F9UbW4JwZmyFA-vww	1umwxS	pathfinder-v0.3.0	-	coin-flip-v0.0.1	-	L	P	196
g1_qIyoq6LTGIZJQJql3u3QOWqou7XqWcIfboB9xHLONb0	s1_Brk0hkuJoH-MBjdd53AO5tlWcOgDWV_R0PO74fHGd_0	1umwxS	pathfinder-v0.3.0	-	coin-flip-v0.0.1	-	L	P	196
g1_qIyoq6LTGIZJQJql3u3QOWqou7XqWcIfboB9xHLONb0	s1_dcEgf_s_8JfAgzbYFm9Z15BWrFU6bsc6MzE1gZNvlP4	1umwxS	pathfinder-v0.3.0	-	coin-flip-v0.0.1	-	L	P	196
g1_qJ8PWI0WDzXpiOMcNkZkpxow8iwpj4CVYmWlGWhxE9g	s1_0QZKNu7XXIFnNBrFZzldtare3Qg4aUbQt6GlLKa1xjE	1unPtZ	qadv-arbiter-7x7-rust-lambda-v0.1.0	-	qadv-arbiter-7x7-rust-lambda-v0.1.0	-	D	P	196
g1_qJ8PWI0WDzXpiOMcNkZkpxow8iwpj4CVYmWlGWhxE9g	s1_RauLaTi4eVgYHSp2TV9pqs9uzTVv0B10g9TaHMWpcZ4	1unPtZ	qadv-arbiter-7x7-rust-lambda-v0.1.0	-	qadv-arbiter-7x7-rust-lambda-v0.1.0	-	D	P	-
g1_qJ8PWI0WDzXpiOMcNkZkpxow8iwpj4CVYmWlGWhxE9g	s1_kJ_w96HyeMg-H27LxCeBOM5S06bI2h2q9uRi0rHocTY	1unPtZ	qadv-arbiter-7x7-rust-lambda-v0.1.0	-	qadv-arbiter-7x7-rust-lambda-v0.1.0	-	D	P	196
g1_qJ8PWI0WDzXpiOMcNkZkpxow8iwpj4CVYmWlGWhxE9g	s1_rzI5bm_Y6_D58o7CLvAdkNckwPfsM5k6ZwtJByMrcFg	1unPtZ	qadv-arbiter-7x7-rust-lambda-v0.1.0	-	qadv-arbiter-7x7-rust-lambda-v0.1.0	-	D	P	196
g1_qJBX9W_-Sg31qK5aL0vi2bbHLff7v2MAFRlXk53k1p0	s1_Rz2eSV6bpleQtQU31lqhspmzUZgR3MzW0WWExhJikRw	1DMi6	python-gnn-puct-v0.1.0	-	python-gnn-puct-v0.1.0	-	L	P	-
g1_qJDJzzeefyBFQtCt_TTvuptLnuQFmD8L-YHOlz3jNRM	s1_RQlrZvK05FQ0aJ9bKyqtSsPQv9UauinDrzD8FssAz6Y	1unODe	qadv-arbiter-7x7-rust-lambda-v0.1.0	-	qadv-arbiter-7x7-rust-lambda-v0.1.0	-	L	P	196
g1_qJDJzzeefyBFQtCt_TTvuptLnuQFmD8L-YHOlz3jNRM	s1_RauLaTi4eVgYHSp2TV9pqs9uzTVv0B10g9TaHMWpcZ4	1unODe	qadv-arbiter-7x7-rust-lambda-v0.1.0	-	qadv-arbiter-7x7-rust-lambda-v0.1.0	-	L	P	-
g1_qJDJzzeefyBFQtCt_TTvuptLnuQFmD8L-YHOlz3jNRM	s1_Yh4uHYesXx9AMMRGbcm1pSjl1lxtxGU_2hjJKoEv5Qw	1unODe	qadv-arbiter-7x7-rust-lambda-v0.1.0	-	qadv-arbiter-7x7-rust-lambda-v0.1.0	-	L	P	196
g1_qJDJzzeefyBFQtCt_TTvuptLnuQFmD8L-YHOlz3jNRM	s1_omOZis55K0ObeOailcbHv5HqDTq-uLU3R5yqKfAj4kQ	1unODe	qadv-arbiter-7x7-rust-lambda-v0.1.0	-	qadv-arbiter-7x7-rust-lambda-v0.1.0	-	L	P	196
g1_qJIt-zL7ky9FNAy7X5jVocQBXBxhY-s4jBRqn_gEQdE	s1_7FIu85-v_e-kbNsQ2UNk3yRt-KGcLyUjpmVwIc9cnfM	1umwFx	python-gnn-puct-scout-v0.1.0	sha256:b9f80706cc1f29076ee06fe06483697c749148a808c599579045d00a52573938	python-gnn-puct-scout-v0.1.0	sha256:b9f80706cc1f29076ee06fe06483697c749148a808c599579045d00a52573938	D	P	196
g1_qJIt-zL7ky9FNAy7X5jVocQBXBxhY-s4jBRqn_gEQdE	s1_S8AGNBNcWBvWiwIo-AOAHPoHuZo2XvcsYvhgQxGTkrY	1umwFx	python-gnn-puct-scout-v0.1.0	sha256:b9f80706cc1f29076ee06fe06483697c749148a808c599579045d00a52573938	python-gnn-puct-scout-v0.1.0	sha256:b9f80706cc1f29076ee06fe06483697c749148a808c599579045d00a52573938	D	P	196
g1_qJTGYK-Cpj5VHpaoLUtOUakU2wxwzfU1ztxVU4QsHJ4	s1_1av6nXQkq-GSHXfjkVlGHGpAq8F9UbW4JwZmyFA-vww	1umvHK	surveyor-v0.2.0	-	lunatic-v0.1.0	-	L	P	196
g1_qJTGYK-Cpj5VHpaoLUtOUakU2wxwzfU1ztxVU4QsHJ4	s1_Brk0hkuJoH-MBjdd53AO5tlWcOgDWV_R0PO74fHGd_0	1umvHK	surveyor-v0.2.0	-	lunatic-v0.1.0	-	L	P	196
g1_qJTGYK-Cpj5VHpaoLUtOUakU2wxwzfU1ztxVU4QsHJ4	s1_QzXKB60HvV5g6-cJIu-NdpeFb1rCgFAJD1cxfdkoMm0	1umvHK	surveyor-v0.2.0	-	lunatic-v0.1.0	-	L	P	196
g1_qJeTFS8Egw83VBvJ30UBf3_MpZXcot4GqU8cOIZEctA	s1_4_YmrBCjsxTG7qAHR3n_0mtIB2Dx4Od2oWu487PiVh4	1unNcV	qadv-arbiter-7x7-rust-lambda-v0.1.0	-	qadv-arbiter-7x7-rust-lambda-v0.1.0	-	L	P	196
g1_qJeTFS8Egw83VBvJ30UBf3_MpZXcot4GqU8cOIZEctA	s1_DtqAQa6WHQ68bMzP6rQgPshcRDHwFF9KdRLIX7xAK3U	1unNcV	qadv-arbiter-7x7-rust-lambda-v0.1.0	-	qadv-arbiter-7x7-rust-lambda-v0.1.0	-	L	P	196
g1_qJeTFS8Egw83VBvJ30UBf3_MpZXcot4GqU8cOIZEctA	s1_RauLaTi4eVgYHSp2TV9pqs9uzTVv0B10g9TaHMWpcZ4	1unNcV	qadv-arbiter-7x7-rust-lambda-v0.1.0	-	qadv-arbiter-7x7-rust-lambda-v0.1.0	-	L	P	-
g1_qJeTFS8Egw83VBvJ30UBf3_MpZXcot4GqU8cOIZEctA	s1_jWDKFu3aEXl6ZWUa3g8Tik7hhFWTAdUZ4_3WgQjr6TI	1unNcV	qadv-arbiter-7x7-rust-lambda-v0.1.0	-	qadv-arbiter-7x7-rust-lambda-v0.1.0	-	L	P	196
g1_qJoZFLruyjNuQUIoxxuG3AqKF2n7KeOc975rkbaiJhU	s1_1av6nXQkq-GSHXfjkVlGHGpAq8F9UbW4JwZmyFA-vww	1DIZE	rust-pathfinder-v0.1.0	-	lunatic-v0.1.0	-	L	P	-
g1_qJoZFLruyjNuQUIoxxuG3AqKF2n7KeOc975rkbaiJhU	s1_9Eroywf7tuDrn-hcfZPjlEa1DSRUykCRn9Z11u8ySIo	1DIZE	rust-pathfinder-v0.1.0	-	lunatic-v0.1.0	-	L	P	-
g1_qJoZFLruyjNuQUIoxxuG3AqKF2n7KeOc975rkbaiJhU	s1_Brk0hkuJoH-MBjdd53AO5tlWcOgDWV_R0PO74fHGd_0	1DIZE	rust-pathfinder-v0.1.0	-	lunatic-v0.1.0	-	L	P	-
g1_qJoZFLruyjNuQUIoxxuG3AqKF2n7KeOc975rkbaiJhU	s1_KmF8KhDbubz6lwdS8R_n_yTGdSONmH9B1wUABbyCj94	1DIZE	rust-pathfinder-v0.1.0	-	lunatic-v0.1.0	-	L	P	-
g1_qJoZFLruyjNuQUIoxxuG3AqKF2n7KeOc975rkbaiJhU	s1_MKrI0a3Qd48rU7oZj28GrlQ3cHhIbUzS5ibiIW9aKy4	1DIZE	rust-pathfinder-v0.1.0	-	lunatic-v0.1.0	-	L	P	-
g1_qJoZFLruyjNuQUIoxxuG3AqKF2n7KeOc975rkbaiJhU	s1_XloMUS0hxYEXf762lcPfaudsLmsH-CsOVZNVVU_obcA	1DIZE	rust-pathfinder-v0.1.0	-	lunatic-v0.1.0	-	L	P	-
g1_qJoZFLruyjNuQUIoxxuG3AqKF2n7KeOc975rkbaiJhU	s1_g5pGkHBMEhzAYvwFY0b24sSc7wC9JfnWApMHHZ_aMPI	1DIZE	rust-pathfinder-v0.1.0	-	lunatic-v0.1.0	-	L	P	-
g1_qK-HZx-h7KuLOReX675itU9d9KCmg3vLFAJgfFy2GGU	s1_7FIu85-v_e-kbNsQ2UNk3yRt-KGcLyUjpmVwIc9cnfM	1umwLC	python-gnn-puct-scout-v0.1.0	sha256:b9f80706cc1f29076ee06fe06483697c749148a808c599579045d00a52573938	python-gnn-puct-scout-v0.1.0	sha256:b9f80706cc1f29076ee06fe06483697c749148a808c599579045d00a52573938	L	P	196
g1_qK-HZx-h7KuLOReX675itU9d9KCmg3vLFAJgfFy2GGU	s1_S8AGNBNcWBvWiwIo-AOAHPoHuZo2XvcsYvhgQxGTkrY	1umwLC	python-gnn-puct-scout-v0.1.0	sha256:b9f80706cc1f29076ee06fe06483697c749148a808c599579045d00a52573938	python-gnn-puct-scout-v0.1.0	sha256:b9f80706cc1f29076ee06fe06483697c749148a808c599579045d00a52573938	L	P	196
g1_qK-yOxvEc5wrq4mpehP7_Bg7L2pDBqX_RsNfEhAkYPM	s1_b9Q12ljdVTi2xyvgTuObAk5KZEuNqM8MUJsw5muQS5I	1unQ2u	qadv-arbiter-7x7-rust-lambda-v0.1.0	-	qadv-arbiter-7x7-rust-lambda-v0.1.0	-	D	P	196
g1_qK-yOxvEc5wrq4mpehP7_Bg7L2pDBqX_RsNfEhAkYPM	s1_rDK3SZujTNwPca3UY3FN-7zcF4kOtov2eS4-VZixiSY	1unQ2u	qadv-arbiter-7x7-rust-lambda-v0.1.0	-	qadv-arbiter-7x7-rust-lambda-v0.1.0	-	D	P	196
g1_qK-yOxvEc5wrq4mpehP7_Bg7L2pDBqX_RsNfEhAkYPM	s1_zguWgQLTjxcgSe7Rq7ea5Pp0YT-ANeKfaMZpbsxW9QQ	1unQ2u	qadv-arbiter-7x7-rust-lambda-v0.1.0	-	qadv-arbiter-7x7-rust-lambda-v0.1.0	-	D	P	196
g1_qK0yi-GWI9TNdqXg4A0Ly9n1rqPLwCo24uvWuPB4uQM	s1_RauLaTi4eVgYHSp2TV9pqs9uzTVv0B10g9TaHMWpcZ4	1unOrO	qadv-arbiter-7x7-rust-lambda-v0.1.0	-	qadv-arbiter-7x7-rust-lambda-v0.1.0	-	L	P	-
g1_qK0yi-GWI9TNdqXg4A0Ly9n1rqPLwCo24uvWuPB4uQM	s1_VW-ZwYTOzFH5zDP3UxDaKXoh_79U1qKMDtazZtJOyqQ	1unOrO	qadv-arbiter-7x7-rust-lambda-v0.1.0	-	qadv-arbiter-7x7-rust-lambda-v0.1.0	-	L	P	196
g1_qK0yi-GWI9TNdqXg4A0Ly9n1rqPLwCo24uvWuPB4uQM	s1_XVUnbSjwk43z5TYgPATj04N-ZFjQ2SBu8PL2W8GodJU	1unOrO	qadv-arbiter-7x7-rust-lambda-v0.1.0	-	qadv-arbiter-7x7-rust-lambda-v0.1.0	-	L	P	196
g1_qK0yi-GWI9TNdqXg4A0Ly9n1rqPLwCo24uvWuPB4uQM	s1_p842WlCOJDaRfRKcEVHo2dnQpfLpA_8F5P05HJ1EWjw	1unOrO	qadv-arbiter-7x7-rust-lambda-v0.1.0	-	qadv-arbiter-7x7-rust-lambda-v0.1.0	-	L	P	196
g1_qKIyMMFd71OxQzmJpvDJm0lq4SqoWhuID8AZEYj_7vc	s1_RauLaTi4eVgYHSp2TV9pqs9uzTVv0B10g9TaHMWpcZ4	1unOcT	qadv-arbiter-7x7-rust-lambda-v0.1.0	-	qadv-arbiter-7x7-rust-lambda-v0.1.0	-	D	P	-
g1_qKIyMMFd71OxQzmJpvDJm0lq4SqoWhuID8AZEYj_7vc	s1_ZTfGxQhLPkNHM6Raxbc8Be8uxte2HtLHS-GAcvSoOkY	1unOcT	qadv-arbiter-7x7-rust-lambda-v0.1.0	-	qadv-arbiter-7x7-rust-lambda-v0.1.0	-	D	P	196
g1_qKIyMMFd71OxQzmJpvDJm0lq4SqoWhuID8AZEYj_7vc	s1__ofrcfONjGUfDCXaUV83Ono_oj-uZ8gFUhYgqx1iVyQ	1unOcT	qadv-arbiter-7x7-rust-lambda-v0.1.0	-	qadv-arbiter-7x7-rust-lambda-v0.1.0	-	D	P	196
g1_qKIyMMFd71OxQzmJpvDJm0lq4SqoWhuID8AZEYj_7vc	s1_eeJtRKVaYbIyQdK8bLk75uKjkDaaxF_S0p-M_t4GFzk	1unOcT	qadv-arbiter-7x7-rust-lambda-v0.1.0	-	qadv-arbiter-7x7-rust-lambda-v0.1.0	-	D	P	196
g1_qKQjnzhRyemnA9B3P_upQvQNbHIiKxpkrcjqWy6KxGQ	s1_1av6nXQkq-GSHXfjkVlGHGpAq8F9UbW4JwZmyFA-vww	1umvSU	python-gnn-puct-learner-v0.1.0	sha256:ab0f739cd33d66781faf60e27797c5ccba3c04ba684f8d9e32e9c2754f4e8956	python-gnn-puct-learner-v0.1.0	sha256:ab0f739cd33d66781faf60e27797c5ccba3c04ba684f8d9e32e9c2754f4e8956	-	M	196
g1_qKQjnzhRyemnA9B3P_upQvQNbHIiKxpkrcjqWy6KxGQ	s1_Brk0hkuJoH-MBjdd53AO5tlWcOgDWV_R0PO74fHGd_0	1umvSU	python-gnn-puct-learner-v0.1.0	sha256:ab0f739cd33d66781faf60e27797c5ccba3c04ba684f8d9e32e9c2754f4e8956	python-gnn-puct-learner-v0.1.0	sha256:ab0f739cd33d66781faf60e27797c5ccba3c04ba684f8d9e32e9c2754f4e8956	-	M	196
g1_qKQjnzhRyemnA9B3P_upQvQNbHIiKxpkrcjqWy6KxGQ	s1_QBFUsDtxokERlDOdQkleYbPvhJ-vIp2qmp6DXjS-7oM	1umvSU	python-gnn-puct-learner-v0.1.0	sha256:ab0f739cd33d66781faf60e27797c5ccba3c04ba684f8d9e32e9c2754f4e8956	python-gnn-puct-learner-v0.1.0	sha256:ab0f739cd33d66781faf60e27797c5ccba3c04ba684f8d9e32e9c2754f4e8956	-	M	196
g1_qKmDz0wIV7bOOn9RU3dJaXxz0VkFQQcvk9jUjQLY2DY	s1_o7RP2IY9s3mqKvqYIj2ZNZAFKv94sqfY-4BrL3_gKy0	1DLTv	python-gnn-puct-v0.1.0	-	python-gnn-puct-v0.1.0	-	D	P	-
g1_qL0XK3IUkqyfW67v0RVXnj_2vGiWkGbs9nXyuQvlHB8	s1_1LB6NAgPOeCp4r8rQw4kUOIXWpEdWysFm5RZjWCQSgc	1umwZY	python-gnn-puct-learner-v0.1.0	sha256:ab0f739cd33d66781faf60e27797c5ccba3c04ba684f8d9e32e9c2754f4e8956	python-gnn-puct-learner-v0.1.0	sha256:ab0f739cd33d66781faf60e27797c5ccba3c04ba684f8d9e32e9c2754f4e8956	L	P	196
g1_qL0XK3IUkqyfW67v0RVXnj_2vGiWkGbs9nXyuQvlHB8	s1_P4NHYhwuVnEA-dG2X-UVeVotb84A5mwljbYTlTMqr8w	1umwZY	python-gnn-puct-learner-v0.1.0	sha256:ab0f739cd33d66781faf60e27797c5ccba3c04ba684f8d9e32e9c2754f4e8956	python-gnn-puct-learner-v0.1.0	sha256:ab0f739cd33d66781faf60e27797c5ccba3c04ba684f8d9e32e9c2754f4e8956	L	P	196
g1_qLBQNoFmx0BrSICH919elWh8ABso4HmfDijcQImPHaY	s1_JGG72DmjLDVH0uOIvTaWd4ijWmXiDJKtl9phy3kgnPI	1unN6b	qadv-arbiter-7x7-rust-lambda-v0.1.0	-	qadv-arbiter-7x7-rust-lambda-v0.1.0	-	D	P	196
g1_qLBQNoFmx0BrSICH919elWh8ABso4HmfDijcQImPHaY	s1_RauLaTi4eVgYHSp2TV9pqs9uzTVv0B10g9TaHMWpcZ4	1unN6b	qadv-arbiter-7x7-rust-lambda-v0.1.0	-	qadv-arbiter-7x7-rust-lambda-v0.1.0	-	D	P	-
g1_qLBQNoFmx0BrSICH919elWh8ABso4HmfDijcQImPHaY	s1_u5U15bdT4MSMqv6p2irjis2hBrcZZ9dR00rE9Q5Q13A	1unN6b	qadv-arbiter-7x7-rust-lambda-v0.1.0	-	qadv-arbiter-7x7-rust-lambda-v0.1.0	-	D	P	196
g1_qLBQNoFmx0BrSICH919elWh8ABso4HmfDijcQImPHaY	s1_z8hIO13M8lSjZseKY87mQiyi_ac2y9YWh7oPBJIltgo	1unN6b	qadv-arbiter-7x7-rust-lambda-v0.1.0	-	qadv-arbiter-7x7-rust-lambda-v0.1.0	-	D	P	196
g1_qLIAfZuK2W8aTiPxYSNNZRtPkLacAWPymgdZ-q4XOdI	s1_2FtaP75xgRVTNrUvmC0NIesJCNy8IDFJ05WNM4nUnpg	1unR72	qadv-arbiter-7x7-v0.1.0	-	coin-flip-v0.0.1	-	L	P	196
g1_qLIAfZuK2W8aTiPxYSNNZRtPkLacAWPymgdZ-q4XOdI	s1_RauLaTi4eVgYHSp2TV9pqs9uzTVv0B10g9TaHMWpcZ4	1unR72	qadv-arbiter-7x7-v0.1.0	-	coin-flip-v0.0.1	-	L	P	-
g1_qLIAfZuK2W8aTiPxYSNNZRtPkLacAWPymgdZ-q4XOdI	s1_exiPizC1HIDbNMHrW1JM5PEXeUIFRVJoBGKkQoZLvjs	1unR72	qadv-arbiter-7x7-v0.1.0	-	coin-flip-v0.0.1	-	L	P	196
g1_qLIAfZuK2W8aTiPxYSNNZRtPkLacAWPymgdZ-q4XOdI	s1_vu7cxIV-BFqn85nMDfeLAMNTjblSQ4AYV4UEUbdg-s4	1unR72	qadv-arbiter-7x7-v0.1.0	-	coin-flip-v0.0.1	-	L	P	196
g1_qLOrQXXPGUn33bHI6pcNzqYpJcwN6FC8baQ8HIEY-GQ	s1_7mfr_c6QFsXXL7FzKGurURhUq01qOcrK5uOBMQ0f2aw	1unPwL	qadv-arbiter-7x7-rust-lambda-v0.1.0	-	qadv-arbiter-7x7-rust-lambda-v0.1.0	-	D	P	196
g1_qLOrQXXPGUn33bHI6pcNzqYpJcwN6FC8baQ8HIEY-GQ	s1_RauLaTi4eVgYHSp2TV9pqs9uzTVv0B10g9TaHMWpcZ4	1unPwL	qadv-arbiter-7x7-rust-lambda-v0.1.0	-	qadv-arbiter-7x7-rust-lambda-v0.1.0	-	D	P	-
g1_qLOrQXXPGUn33bHI6pcNzqYpJcwN6FC8baQ8HIEY-GQ	s1_SEt5uy65uPxn6O8l6XeJbJMHVr7Oz0PgA-tBkXnNjD4	1unPwL	qadv-arbiter-7x7-rust-lambda-v0.1.0	-	qadv-arbiter-7x7-rust-lambda-v0.1.0	-	D	P	196
g1_qLOrQXXPGUn33bHI6pcNzqYpJcwN6FC8baQ8HIEY-GQ	s1_j9HfBSLgYE2WTL9MAIFEj0TRNCcLZ2zvSLs4MFrKNuw	1unPwL	qadv-arbiter-7x7-rust-lambda-v0.1.0	-	qadv-arbiter-7x7-rust-lambda-v0.1.0	-	D	P	196
g1_qLiw87Y5ykos6fc-gHuqaax1BZn7T5XDHx70a_qf-7s	s1_hAtqd-YEPPulYBgXhEj6YrWIUIpMJXWt0I96hF3wO7E	1DIVQ	rust-evo-g1-c0-279-109-820-53-117-66	-	rust-handcrafted-g0	-	D	P	-
g1_qLiw87Y5ykos6fc-gHuqaax1BZn7T5XDHx70a_qf-7s	s1_hAtqd-YEPPulYBgXhEj6YrWIUIpMJXWt0I96hF3wO7E	1DIVQ	rust-evo-g1-c3-283-110-783-63-106-94	-	rust-handcrafted-g0	-	D	P	-
g1_qLw8UfBItZ6aa4BOaUhvUdzQna5KLF6cWXad-7dejck	s1_6PxtazPxkizz7K9QTWPSCIopEV5n0zpHoq3F52yO_6U	1umwfs	python-cnn-puct-v0.1.0	sha256:7845e9b7687beee165dc36b8d21833b7a8b5a83e31b58b49bd05c277ba26e642	python-cnn-puct-v0.1.0	sha256:7845e9b7687beee165dc36b8d21833b7a8b5a83e31b58b49bd05c277ba26e642	D	P	196
g1_qLw8UfBItZ6aa4BOaUhvUdzQna5KLF6cWXad-7dejck	s1_baRgKA_wMXdl0r4AwdkUfhWC04qxd1MvEGXAQaDd4fo	1umwfs	python-cnn-puct-v0.1.0	sha256:7845e9b7687beee165dc36b8d21833b7a8b5a83e31b58b49bd05c277ba26e642	python-cnn-puct-v0.1.0	sha256:7845e9b7687beee165dc36b8d21833b7a8b5a83e31b58b49bd05c277ba26e642	D	P	196
g1_qM0Mnbp6at2nSBSKiXf-psO69L4V90_qDJEQlo3bb7U	s1_Zlfwu4ud2onG5icwH5AWJDm2b5TIdNW1IcVryJ2bffE	1umvyd	python-cnn-puct-reval30k-v0.1.0	sha256:eb2600a53e225a835455efdb2759c40e27c5cb3c16ab0688bc21b99290ed10ee	python-cnn-puct-reval30k-v0.1.0	sha256:eb2600a53e225a835455efdb2759c40e27c5cb3c16ab0688bc21b99290ed10ee	D	P	196
g1_qM363IjfdPiEFw5oVmEW_NBPtwRKSX-gOBY9a_ZCirA	s1_0AUOJjPQPZ1MRMfwzS00hiN-u8aJ0dAeHixic-sp0u8	1un6cv	gnn-reval30k-7x7	sha256:7f41dbe135649d1116a0914bc0358a5ffae95749195ec20dd972035bbbea52f7	qadv-arbiter-guided-7x7-v0.2.0	sha256:9c0e5e530df7db77a98f6a2e75fe63a6f629c6ad6563e0b5454793ebc243b14d	D	P	196
g1_qM363IjfdPiEFw5oVmEW_NBPtwRKSX-gOBY9a_ZCirA	s1_O3cuwuia8XT9TI7Nxr3tRcajOA20XFHEIT2fYX3WizY	1un6cv	gnn-reval30k-7x7	sha256:7f41dbe135649d1116a0914bc0358a5ffae95749195ec20dd972035bbbea52f7	qadv-arbiter-guided-7x7-v0.2.0	sha256:9c0e5e530df7db77a98f6a2e75fe63a6f629c6ad6563e0b5454793ebc243b14d	D	P	196
g1_qM363IjfdPiEFw5oVmEW_NBPtwRKSX-gOBY9a_ZCirA	s1_UHtME0K2nHdWZi6cty5g9OSxM3nyUTxwVk5nkZhTkjA	1un6cv	gnn-reval30k-7x7	sha256:7f41dbe135649d1116a0914bc0358a5ffae95749195ec20dd972035bbbea52f7	qadv-arbiter-guided-7x7-v0.2.0	sha256:9c0e5e530df7db77a98f6a2e75fe63a6f629c6ad6563e0b5454793ebc243b14d	D	P	196
g1_qM3R6hHaL95bkwRHm3mM74QGQEmulMIVLRVVbznlmBY	s1_-OKlJXuPFfAnukwGYITjiU7XKL4OC_qt76PC0TZSPjg	1umve6	python-cnn-puct-v0.1.0	sha256:7845e9b7687beee165dc36b8d21833b7a8b5a83e31b58b49bd05c277ba26e642	python-cnn-puct-v0.1.0	sha256:7845e9b7687beee165dc36b8d21833b7a8b5a83e31b58b49bd05c277ba26e642	-	M	196
g1_qM3R6hHaL95bkwRHm3mM74QGQEmulMIVLRVVbznlmBY	s1_1av6nXQkq-GSHXfjkVlGHGpAq8F9UbW4JwZmyFA-vww	1umve6	python-cnn-puct-v0.1.0	sha256:7845e9b7687beee165dc36b8d21833b7a8b5a83e31b58b49bd05c277ba26e642	python-cnn-puct-v0.1.0	sha256:7845e9b7687beee165dc36b8d21833b7a8b5a83e31b58b49bd05c277ba26e642	-	M	196
g1_qM3R6hHaL95bkwRHm3mM74QGQEmulMIVLRVVbznlmBY	s1_mWPTef6xYbijjPhDIC6QgLRmu2mMSJAokNlIkx3vg54	1umve6	python-cnn-puct-v0.1.0	sha256:7845e9b7687beee165dc36b8d21833b7a8b5a83e31b58b49bd05c277ba26e642	python-cnn-puct-v0.1.0	sha256:7845e9b7687beee165dc36b8d21833b7a8b5a83e31b58b49bd05c277ba26e642	-	M	196
g1_qMDMSnP7ZgGU-qXG3ZvVFkBDfStfyJ9RNJ5sdlT7ZK0	s1_8tClmu4mUvn947S-1hGVLPUklSr2S5IfYrTQSqx9884	1unPzl	qadv-arbiter-7x7-rust-lambda-v0.1.0	-	qadv-arbiter-7x7-rust-lambda-v0.1.0	-	L	P	196
g1_qMDMSnP7ZgGU-qXG3ZvVFkBDfStfyJ9RNJ5sdlT7ZK0	s1_RauLaTi4eVgYHSp2TV9pqs9uzTVv0B10g9TaHMWpcZ4	1unPzl	qadv-arbiter-7x7-rust-lambda-v0.1.0	-	qadv-arbiter-7x7-rust-lambda-v0.1.0	-	L	P	-
g1_qMDMSnP7ZgGU-qXG3ZvVFkBDfStfyJ9RNJ5sdlT7ZK0	s1_WXgmCZwqUpR9gDP2pIuS8eTealOyy7LglQLlqmGXyCY	1unPzl	qadv-arbiter-7x7-rust-lambda-v0.1.0	-	qadv-arbiter-7x7-rust-lambda-v0.1.0	-	L	P	196
g1_qMDMSnP7ZgGU-qXG3ZvVFkBDfStfyJ9RNJ5sdlT7ZK0	s1_alNOu2huhZr43ltYAo0Tzp4yVdDHcExwxl0bLllvw_s	1unPzl	qadv-arbiter-7x7-rust-lambda-v0.1.0	-	qadv-arbiter-7x7-rust-lambda-v0.1.0	-	L	P	196
g1_qMEoR5buMqTtpR_kbk6zTW21PWMLs_swDUCmE9fNpcI	s1_J4CWqTTkYDmg5tkYmeyAcJLE2LAZUBrjTZrufmHubMY	1unNA3	qadv-arbiter-7x7-rust-lambda-v0.1.0	-	qadv-arbiter-7x7-rust-lambda-v0.1.0	-	L	P	196
g1_qMEoR5buMqTtpR_kbk6zTW21PWMLs_swDUCmE9fNpcI	s1_RauLaTi4eVgYHSp2TV9pqs9uzTVv0B10g9TaHMWpcZ4	1unNA3	qadv-arbiter-7x7-rust-lambda-v0.1.0	-	qadv-arbiter-7x7-rust-lambda-v0.1.0	-	L	P	-
g1_qMEoR5buMqTtpR_kbk6zTW21PWMLs_swDUCmE9fNpcI	s1_fY2wXQkkeSCMBqXSpUGUfalxdG3w4IZa4OWT5sQVzog	1unNA3	qadv-arbiter-7x7-rust-lambda-v0.1.0	-	qadv-arbiter-7x7-rust-lambda-v0.1.0	-	L	P	196
g1_qMEoR5buMqTtpR_kbk6zTW21PWMLs_swDUCmE9fNpcI	s1_fzWV8S-zEC3KOMx17ItcKZ14HZipREl3Db3qA5dxxCc	1unNA3	qadv-arbiter-7x7-rust-lambda-v0.1.0	-	qadv-arbiter-7x7-rust-lambda-v0.1.0	-	L	P	196
g1_qMK520R_WINNJ_cbZm-M3nypZ5sSKjFHbtdEELppT54	s1_3k4OMqGiFNaCsWG9Fp6BhkJGD3vvNjp6HTKVR1aCYLY	1unOMC	qadv-arbiter-7x7-rust-lambda-v0.1.0	-	qadv-arbiter-7x7-rust-lambda-v0.1.0	-	D	P	196
g1_qMK520R_WINNJ_cbZm-M3nypZ5sSKjFHbtdEELppT54	s1_RauLaTi4eVgYHSp2TV9pqs9uzTVv0B10g9TaHMWpcZ4	1unOMC	qadv-arbiter-7x7-rust-lambda-v0.1.0	-	qadv-arbiter-7x7-rust-lambda-v0.1.0	-	D	P	-
g1_qMK520R_WINNJ_cbZm-M3nypZ5sSKjFHbtdEELppT54	s1_Xpl_GcnOVq6zxsAUOrymzmZVdp1XVBSjFg5q_nmRwTY	1unOMC	qadv-arbiter-7x7-rust-lambda-v0.1.0	-	qadv-arbiter-7x7-rust-lambda-v0.1.0	-	D	P	196
g1_qMK520R_WINNJ_cbZm-M3nypZ5sSKjFHbtdEELppT54	s1_qfI5KbdQM8WmUX9xbK6WYoZ5Qvqi0iiSxAM9E_4v0mI	1unOMC	qadv-arbiter-7x7-rust-lambda-v0.1.0	-	qadv-arbiter-7x7-rust-lambda-v0.1.0	-	D	P	196
g1_qMZdvPmITuEXj3PdQsK39xdNgs2WTvXLPkyV6jdTGWY	s1_1av6nXQkq-GSHXfjkVlGHGpAq8F9UbW4JwZmyFA-vww	1DIcX	lunatic-v0.1.0	-	rust-pathfinder-v0.1.0	-	D	P	-
g1_qMZdvPmITuEXj3PdQsK39xdNgs2WTvXLPkyV6jdTGWY	s1_9Eroywf7tuDrn-hcfZPjlEa1DSRUykCRn9Z11u8ySIo	1DIcX	lunatic-v0.1.0	-	rust-pathfinder-v0.1.0	-	D	P	-
g1_qMZdvPmITuEXj3PdQsK39xdNgs2WTvXLPkyV6jdTGWY	s1_Brk0hkuJoH-MBjdd53AO5tlWcOgDWV_R0PO74fHGd_0	1DIcX	lunatic-v0.1.0	-	rust-pathfinder-v0.1.0	-	D	P	-
g1_qMZdvPmITuEXj3PdQsK39xdNgs2WTvXLPkyV6jdTGWY	s1_KmF8KhDbubz6lwdS8R_n_yTGdSONmH9B1wUABbyCj94	1DIcX	lunatic-v0.1.0	-	rust-pathfinder-v0.1.0	-	D	P	-
g1_qMZdvPmITuEXj3PdQsK39xdNgs2WTvXLPkyV6jdTGWY	s1_MKrI0a3Qd48rU7oZj28GrlQ3cHhIbUzS5ibiIW9aKy4	1DIcX	lunatic-v0.1.0	-	rust-pathfinder-v0.1.0	-	D	P	-
g1_qMZdvPmITuEXj3PdQsK39xdNgs2WTvXLPkyV6jdTGWY	s1_XloMUS0hxYEXf762lcPfaudsLmsH-CsOVZNVVU_obcA	1DIcX	lunatic-v0.1.0	-	rust-pathfinder-v0.1.0	-	D	P	-
g1_qMZdvPmITuEXj3PdQsK39xdNgs2WTvXLPkyV6jdTGWY	s1_g5pGkHBMEhzAYvwFY0b24sSc7wC9JfnWApMHHZ_aMPI	1DIcX	lunatic-v0.1.0	-	rust-pathfinder-v0.1.0	-	D	P	-
g1_qMbqBnQq2lcaTliBh4qESsdJTOMVjAf1QcRFY5LgYZ4	s1_B6ml-YgwB5VXgxp0PoO1RRXMAoj3DlUT0Tdp2gfNpHY	1un4uy	qadv-arbiter-guided-7x7-v0.2.0	sha256:9c0e5e530df7db77a98f6a2e75fe63a6f629c6ad6563e0b5454793ebc243b14d	surveyor-v0.2.0	-	L	P	196
g1_qMbqBnQq2lcaTliBh4qESsdJTOMVjAf1QcRFY5LgYZ4	s1_IswyJu28REICZ-TLOKz3zWDxdApiHK2RV21V_hp9lz0	1un4uy	qadv-arbiter-guided-7x7-v0.2.0	sha256:9c0e5e530df7db77a98f6a2e75fe63a6f629c6ad6563e0b5454793ebc243b14d	surveyor-v0.2.0	-	L	P	196
g1_qMbqBnQq2lcaTliBh4qESsdJTOMVjAf1QcRFY5LgYZ4	s1_O3cuwuia8XT9TI7Nxr3tRcajOA20XFHEIT2fYX3WizY	1un4uy	qadv-arbiter-guided-7x7-v0.2.0	sha256:9c0e5e530df7db77a98f6a2e75fe63a6f629c6ad6563e0b5454793ebc243b14d	surveyor-v0.2.0	-	L	P	196
g1_qMd0lNNtiUqXA2H0xLQDsmwQLPqhP_XTasodUt0HTnI	s1_Qmoz3nLvbLcY_1rcqMtpMJDvTQydhL5cxUNWV6EhpMY	1umwu6	qadv-arbiter-7x7-v0.1.0	sha256:8c548d06307572603b839755cc1e50393285365e10f82bcd90290ca65cd86266	qadv-arbiter-7x7-v0.1.0	sha256:8c548d06307572603b839755cc1e50393285365e10f82bcd90290ca65cd86266	D	P	196
g1_qMdmQqKFScq0XhqvR-qZaWHAk7txnWhlF0jHebMkrX4	s1_Qmoz3nLvbLcY_1rcqMtpMJDvTQydhL5cxUNWV6EhpMY	1umw_F	qadv-arbiter-7x7-v0.1.0	sha256:8c548d06307572603b839755cc1e50393285365e10f82bcd90290ca65cd86266	qadv-arbiter-7x7-v0.1.0	sha256:8c548d06307572603b839755cc1e50393285365e10f82bcd90290ca65cd86266	L	P	196
g1_qMfDxkp3kH9KikffQ3o3Ec0XGqDb3UKGVA5nUIxp9TE	s1_6PxtazPxkizz7K9QTWPSCIopEV5n0zpHoq3F52yO_6U	1umwf4	python-cnn-puct-v0.1.0	sha256:7845e9b7687beee165dc36b8d21833b7a8b5a83e31b58b49bd05c277ba26e642	python-cnn-puct-v0.1.0	sha256:7845e9b7687beee165dc36b8d21833b7a8b5a83e31b58b49bd05c277ba26e642	D	P	196
g1_qMfDxkp3kH9KikffQ3o3Ec0XGqDb3UKGVA5nUIxp9TE	s1_baRgKA_wMXdl0r4AwdkUfhWC04qxd1MvEGXAQaDd4fo	1umwf4	python-cnn-puct-v0.1.0	sha256:7845e9b7687beee165dc36b8d21833b7a8b5a83e31b58b49bd05c277ba26e642	python-cnn-puct-v0.1.0	sha256:7845e9b7687beee165dc36b8d21833b7a8b5a83e31b58b49bd05c277ba26e642	D	P	196
g1_qMilanzDraAUHFsR4yjyDlxgH1RsCAzxYdQUcR1IA4c	s1_6PxtazPxkizz7K9QTWPSCIopEV5n0zpHoq3F52yO_6U	1umwjr	python-cnn-puct-v0.1.0	sha256:7845e9b7687beee165dc36b8d21833b7a8b5a83e31b58b49bd05c277ba26e642	python-cnn-puct-v0.1.0	sha256:7845e9b7687beee165dc36b8d21833b7a8b5a83e31b58b49bd05c277ba26e642	L	P	196
g1_qMilanzDraAUHFsR4yjyDlxgH1RsCAzxYdQUcR1IA4c	s1_baRgKA_wMXdl0r4AwdkUfhWC04qxd1MvEGXAQaDd4fo	1umwjr	python-cnn-puct-v0.1.0	sha256:7845e9b7687beee165dc36b8d21833b7a8b5a83e31b58b49bd05c277ba26e642	python-cnn-puct-v0.1.0	sha256:7845e9b7687beee165dc36b8d21833b7a8b5a83e31b58b49bd05c277ba26e642	L	P	196
g1_qMovEPmau_90ajMe1J7sbBzzs1Mrbe3MZcy1bbM_qNE	s1_BplgEe6s02bgeTulT2-kiiNjodelEXDgdUZoVr3feZA	1umwAz	rust-pathfinder-v0.3.0	-	rust-pathfinder-onnx-sorter-v0.1.0	-	L	P	120
g1_qMrKUfcDwdiAgnT_SbZUxd-LTXNI7kUcI2yrXvnNfzU	s1_2FtaP75xgRVTNrUvmC0NIesJCNy8IDFJ05WNM4nUnpg	1unQz4	qadv-arbiter-7x7-v0.1.0	-	surveyor-v0.2.0	-	D	P	196
g1_qMrKUfcDwdiAgnT_SbZUxd-LTXNI7kUcI2yrXvnNfzU	s1_4UvWi6MFyzAmDTFBH6QKOFmyMDD58bUITugEZo1xl9M	1unQz4	qadv-arbiter-7x7-v0.1.0	-	surveyor-v0.2.0	-	D	P	196
g1_qMrKUfcDwdiAgnT_SbZUxd-LTXNI7kUcI2yrXvnNfzU	s1_RauLaTi4eVgYHSp2TV9pqs9uzTVv0B10g9TaHMWpcZ4	1unQz4	qadv-arbiter-7x7-v0.1.0	-	surveyor-v0.2.0	-	D	P	-
g1_qMrKUfcDwdiAgnT_SbZUxd-LTXNI7kUcI2yrXvnNfzU	s1_SdsHbcM4bFor8HsWUvUTqSq8x-5-G6WEPX0-N0VCf6w	1unQz4	qadv-arbiter-7x7-v0.1.0	-	surveyor-v0.2.0	-	D	P	196
g1_qMu5RkVKRL3-bUV7tEpjRRdsOWhx6Ze8830ZtEBjvrM	s1_Fszjse8gTNZDVRhLyH9Y4NIR1KkPrMDKlA_AzgTRw7g	1unOyy	qadv-arbiter-7x7-rust-lambda-v0.1.0	-	qadv-arbiter-7x7-rust-lambda-v0.1.0	-	L	P	196
g1_qMu5RkVKRL3-bUV7tEpjRRdsOWhx6Ze8830ZtEBjvrM	s1_J8yc_JO_mxMyHDrK-ecG5D2tqL58bm8gNjjx_imBbPY	1unOyy	qadv-arbiter-7x7-rust-lambda-v0.1.0	-	qadv-arbiter-7x7-rust-lambda-v0.1.0	-	L	P	196
g1_qMu5RkVKRL3-bUV7tEpjRRdsOWhx6Ze8830ZtEBjvrM	s1_NxRUsRRuxxcfRGyFj0hFMrys1_4EW1KAhX3MzlV5-d0	1unOyy	qadv-arbiter-7x7-rust-lambda-v0.1.0	-	qadv-arbiter-7x7-rust-lambda-v0.1.0	-	L	P	196
g1_qMu5RkVKRL3-bUV7tEpjRRdsOWhx6Ze8830ZtEBjvrM	s1_RauLaTi4eVgYHSp2TV9pqs9uzTVv0B10g9TaHMWpcZ4	1unOyy	qadv-arbiter-7x7-rust-lambda-v0.1.0	-	qadv-arbiter-7x7-rust-lambda-v0.1.0	-	L	P	-
g1_qMuBUpy7hRV5dAJHH-iyT2zq0B0lGBDxfDPe2wgSNWk	s1_1av6nXQkq-GSHXfjkVlGHGpAq8F9UbW4JwZmyFA-vww	1umvQ7	python-gnn-puct-learner-v0.1.0	sha256:ab0f739cd33d66781faf60e27797c5ccba3c04ba684f8d9e32e9c2754f4e8956	python-gnn-puct-learner-v0.1.0	sha256:ab0f739cd33d66781faf60e27797c5ccba3c04ba684f8d9e32e9c2754f4e8956	L	P	196
g1_qMuBUpy7hRV5dAJHH-iyT2zq0B0lGBDxfDPe2wgSNWk	s1_Brk0hkuJoH-MBjdd53AO5tlWcOgDWV_R0PO74fHGd_0	1umvQ7	python-gnn-puct-learner-v0.1.0	sha256:ab0f739cd33d66781faf60e27797c5ccba3c04ba684f8d9e32e9c2754f4e8956	python-gnn-puct-learner-v0.1.0	sha256:ab0f739cd33d66781faf60e27797c5ccba3c04ba684f8d9e32e9c2754f4e8956	L	P	196
g1_qMuBUpy7hRV5dAJHH-iyT2zq0B0lGBDxfDPe2wgSNWk	s1_QBFUsDtxokERlDOdQkleYbPvhJ-vIp2qmp6DXjS-7oM	1umvQ7	python-gnn-puct-learner-v0.1.0	sha256:ab0f739cd33d66781faf60e27797c5ccba3c04ba684f8d9e32e9c2754f4e8956	python-gnn-puct-learner-v0.1.0	sha256:ab0f739cd33d66781faf60e27797c5ccba3c04ba684f8d9e32e9c2754f4e8956	L	P	196
g1_qMxRH17ROxgHLGKmlVHg_1fwRG_eEb2s5PZTp6nG8d8	s1_RauLaTi4eVgYHSp2TV9pqs9uzTVv0B10g9TaHMWpcZ4	1unPvN	qadv-arbiter-7x7-rust-lambda-v0.1.0	-	qadv-arbiter-7x7-rust-lambda-v0.1.0	-	D	P	-
g1_qMxRH17ROxgHLGKmlVHg_1fwRG_eEb2s5PZTp6nG8d8	s1_cYtsF7Af4wTtvgNk7F0Iy4cuILjW91LD3PwMVqp5iN4	1unPvN	qadv-arbiter-7x7-rust-lambda-v0.1.0	-	qadv-arbiter-7x7-rust-lambda-v0.1.0	-	D	P	196
g1_qMxRH17ROxgHLGKmlVHg_1fwRG_eEb2s5PZTp6nG8d8	s1_dARKON5ZiyQV2c92beVs066MSomXrRn_PIBQq_J1hpk	1unPvN	qadv-arbiter-7x7-rust-lambda-v0.1.0	-	qadv-arbiter-7x7-rust-lambda-v0.1.0	-	D	P	196
g1_qMxRH17ROxgHLGKmlVHg_1fwRG_eEb2s5PZTp6nG8d8	s1_m_n0PSiXhtffC6sQXuGYUlbZ84jbneAwj-XqBxmu4-Q	1unPvN	qadv-arbiter-7x7-rust-lambda-v0.1.0	-	qadv-arbiter-7x7-rust-lambda-v0.1.0	-	D	P	196
g1_qN1DOzGOd74MjuRqX0GxOsrLeAlWinfZHjxbLyK2WbQ	s1_6PxtazPxkizz7K9QTWPSCIopEV5n0zpHoq3F52yO_6U	1umwk6	python-cnn-puct-v0.1.0	sha256:7845e9b7687beee165dc36b8d21833b7a8b5a83e31b58b49bd05c277ba26e642	python-cnn-puct-v0.1.0	sha256:7845e9b7687beee165dc36b8d21833b7a8b5a83e31b58b49bd05c277ba26e642	L	P	196
g1_qN1DOzGOd74MjuRqX0GxOsrLeAlWinfZHjxbLyK2WbQ	s1_baRgKA_wMXdl0r4AwdkUfhWC04qxd1MvEGXAQaDd4fo	1umwk6	python-cnn-puct-v0.1.0	sha256:7845e9b7687beee165dc36b8d21833b7a8b5a83e31b58b49bd05c277ba26e642	python-cnn-puct-v0.1.0	sha256:7845e9b7687beee165dc36b8d21833b7a8b5a83e31b58b49bd05c277ba26e642	L	P	196
g1_qN6n7XCL0Y8bJGvM7HwOGYv-LlSATVbKuipCFniLTKA	s1_1av6nXQkq-GSHXfjkVlGHGpAq8F9UbW4JwZmyFA-vww	1DIkI	rust-pathfinder-v0.1.0	-	lunatic-v0.1.0	-	D	P	-
g1_qN6n7XCL0Y8bJGvM7HwOGYv-LlSATVbKuipCFniLTKA	s1_9Eroywf7tuDrn-hcfZPjlEa1DSRUykCRn9Z11u8ySIo	1DIkI	rust-pathfinder-v0.1.0	-	lunatic-v0.1.0	-	D	P	-
g1_qN6n7XCL0Y8bJGvM7HwOGYv-LlSATVbKuipCFniLTKA	s1_Brk0hkuJoH-MBjdd53AO5tlWcOgDWV_R0PO74fHGd_0	1DIkI	rust-pathfinder-v0.1.0	-	lunatic-v0.1.0	-	D	P	-
g1_qN6n7XCL0Y8bJGvM7HwOGYv-LlSATVbKuipCFniLTKA	s1_KmF8KhDbubz6lwdS8R_n_yTGdSONmH9B1wUABbyCj94	1DIkI	rust-pathfinder-v0.1.0	-	lunatic-v0.1.0	-	D	P	-
g1_qN6n7XCL0Y8bJGvM7HwOGYv-LlSATVbKuipCFniLTKA	s1_MKrI0a3Qd48rU7oZj28GrlQ3cHhIbUzS5ibiIW9aKy4	1DIkI	rust-pathfinder-v0.1.0	-	lunatic-v0.1.0	-	D	P	-
g1_qN6n7XCL0Y8bJGvM7HwOGYv-LlSATVbKuipCFniLTKA	s1_XloMUS0hxYEXf762lcPfaudsLmsH-CsOVZNVVU_obcA	1DIkI	rust-pathfinder-v0.1.0	-	lunatic-v0.1.0	-	D	P	-
g1_qN6n7XCL0Y8bJGvM7HwOGYv-LlSATVbKuipCFniLTKA	s1_g5pGkHBMEhzAYvwFY0b24sSc7wC9JfnWApMHHZ_aMPI	1DIkI	rust-pathfinder-v0.1.0	-	lunatic-v0.1.0	-	D	P	-
g1_qNIR2YHltGyZTe3a5Rjmrfjiq4ho-erGWe3DFILhK30	s1_J_w_OhFlD_DFBUXQUiCvV3l31qEHh01VaiiSqDw53Fo	1unO29	qadv-arbiter-7x7-rust-lambda-v0.1.0	-	qadv-arbiter-7x7-rust-lambda-v0.1.0	-	L	P	196
g1_qNIR2YHltGyZTe3a5Rjmrfjiq4ho-erGWe3DFILhK30	s1_RauLaTi4eVgYHSp2TV9pqs9uzTVv0B10g9TaHMWpcZ4	1unO29	qadv-arbiter-7x7-rust-lambda-v0.1.0	-	qadv-arbiter-7x7-rust-lambda-v0.1.0	-	L	P	-
g1_qNIR2YHltGyZTe3a5Rjmrfjiq4ho-erGWe3DFILhK30	s1_ou6G-GctscAWfIKzWQaxNgVZEAMwY4pjyFEJXsFV_X8	1unO29	qadv-arbiter-7x7-rust-lambda-v0.1.0	-	qadv-arbiter-7x7-rust-lambda-v0.1.0	-	L	P	196
g1_qNIR2YHltGyZTe3a5Rjmrfjiq4ho-erGWe3DFILhK30	s1_w1F7LqELE6zf_oOk07GwtGt0mJAHd2Oa202pzJjTAU4	1unO29	qadv-arbiter-7x7-rust-lambda-v0.1.0	-	qadv-arbiter-7x7-rust-lambda-v0.1.0	-	L	P	196
g1_qNNQ_x7gHrv1Esv5W5iafC8P1Lrfbl0s9agk3DUaaHo	s1_GnJO8gj3nDDlU9ePXOGFZHXgUPFxESGsX5mGnJLXoH0	1unM0c	qadv-arbiter-7x7-rust-lambda-v0.1.0	-	qadv-arbiter-7x7-rust-lambda-v0.1.0	-	L	P	196
g1_qNNQ_x7gHrv1Esv5W5iafC8P1Lrfbl0s9agk3DUaaHo	s1_NG9_QGnaVQHg74W6io93eIPsUi8DwfodwWEyazsMTrU	1unM0c	qadv-arbiter-7x7-rust-lambda-v0.1.0	-	qadv-arbiter-7x7-rust-lambda-v0.1.0	-	L	P	196
g1_qNNQ_x7gHrv1Esv5W5iafC8P1Lrfbl0s9agk3DUaaHo	s1_RauLaTi4eVgYHSp2TV9pqs9uzTVv0B10g9TaHMWpcZ4	1unM0c	qadv-arbiter-7x7-rust-lambda-v0.1.0	-	qadv-arbiter-7x7-rust-lambda-v0.1.0	-	L	P	-
g1_qNNQ_x7gHrv1Esv5W5iafC8P1Lrfbl0s9agk3DUaaHo	s1_cUcZXHhV2hwm5nWsQw9yR9CcnUdeRzqfbFYGaiYMpc8	1unM0c	qadv-arbiter-7x7-rust-lambda-v0.1.0	-	qadv-arbiter-7x7-rust-lambda-v0.1.0	-	L	P	196
g1_qNR1NVGdikc_aDW7PZ0Bd6ysi67wZjWUWaohobQErXk	s1_1ANX350ISyYIdwLs4B7BpkcUNpz6CB6t2eVOCr_JpXA	1unP8-	qadv-arbiter-7x7-rust-lambda-v0.1.0	-	qadv-arbiter-7x7-rust-lambda-v0.1.0	-	L	P	196
g1_qNR1NVGdikc_aDW7PZ0Bd6ysi67wZjWUWaohobQErXk	s1_AGeYpuQDdo7JQANuccROnffVdnYybovsbsJWbw6pf1w	1unP8-	qadv-arbiter-7x7-rust-lambda-v0.1.0	-	qadv-arbiter-7x7-rust-lambda-v0.1.0	-	L	P	196
g1_qNR1NVGdikc_aDW7PZ0Bd6ysi67wZjWUWaohobQErXk	s1_RauLaTi4eVgYHSp2TV9pqs9uzTVv0B10g9TaHMWpcZ4	1unP8-	qadv-arbiter-7x7-rust-lambda-v0.1.0	-	qadv-arbiter-7x7-rust-lambda-v0.1.0	-	L	P	-
g1_qNR1NVGdikc_aDW7PZ0Bd6ysi67wZjWUWaohobQErXk	s1_i25z-ABmwlIWhfyJIfDHOb-rx3qhX4zJGsSeOuWQ7Ao	1unP8-	qadv-arbiter-7x7-rust-lambda-v0.1.0	-	qadv-arbiter-7x7-rust-lambda-v0.1.0	-	L	P	196
g1_qNS_99qhRu17TdOXmZIrsVJGXs-XktfVL_z7WFb82gc	s1_flXyOBW6T9LLVDFIvXBGel1MoVNZcUcMFIJnB9yLapU	1umx6B	python-gnn-puct-reval30k-v0.1.0	sha256:6120be86fc469df71473c3de64e5e32f99694cd47d621fa5948f243dc51d3d21	python-gnn-puct-reval30k-v0.1.0	sha256:6120be86fc469df71473c3de64e5e32f99694cd47d621fa5948f243dc51d3d21	D	P	196
g1_qNydA7L_au2cTSeOXlbIAwHJCmigpRl_xvwc2b_j1xA	s1_1av6nXQkq-GSHXfjkVlGHGpAq8F9UbW4JwZmyFA-vww	1DIgN	lunatic-v0.1.0	-	rust-pathfinder-v0.1.0	-	D	P	-
g1_qNydA7L_au2cTSeOXlbIAwHJCmigpRl_xvwc2b_j1xA	s1_9Eroywf7tuDrn-hcfZPjlEa1DSRUykCRn9Z11u8ySIo	1DIgN	lunatic-v0.1.0	-	rust-pathfinder-v0.1.0	-	D	P	-
g1_qNydA7L_au2cTSeOXlbIAwHJCmigpRl_xvwc2b_j1xA	s1_Brk0hkuJoH-MBjdd53AO5tlWcOgDWV_R0PO74fHGd_0	1DIgN	lunatic-v0.1.0	-	rust-pathfinder-v0.1.0	-	D	P	-
g1_qNydA7L_au2cTSeOXlbIAwHJCmigpRl_xvwc2b_j1xA	s1_KmF8KhDbubz6lwdS8R_n_yTGdSONmH9B1wUABbyCj94	1DIgN	lunatic-v0.1.0	-	rust-pathfinder-v0.1.0	-	D	P	-
g1_qNydA7L_au2cTSeOXlbIAwHJCmigpRl_xvwc2b_j1xA	s1_MKrI0a3Qd48rU7oZj28GrlQ3cHhIbUzS5ibiIW9aKy4	1DIgN	lunatic-v0.1.0	-	rust-pathfinder-v0.1.0	-	D	P	-
g1_qNydA7L_au2cTSeOXlbIAwHJCmigpRl_xvwc2b_j1xA	s1_XloMUS0hxYEXf762lcPfaudsLmsH-CsOVZNVVU_obcA	1DIgN	lunatic-v0.1.0	-	rust-pathfinder-v0.1.0	-	D	P	-
g1_qNydA7L_au2cTSeOXlbIAwHJCmigpRl_xvwc2b_j1xA	s1_g5pGkHBMEhzAYvwFY0b24sSc7wC9JfnWApMHHZ_aMPI	1DIgN	lunatic-v0.1.0	-	rust-pathfinder-v0.1.0	-	D	P	-
g1_qO3oa3C1NLIPZJYepKrcUson85VbnfByY73sxjeKCko	s1_IieE2gWjITJHrYCfuvs5_myuhU2kTi311t3JoRS97tg	1unN8H	qadv-arbiter-7x7-rust-lambda-v0.1.0	-	qadv-arbiter-7x7-rust-lambda-v0.1.0	-	L	P	196
g1_qO3oa3C1NLIPZJYepKrcUson85VbnfByY73sxjeKCko	s1_OJ8TJql_4FeLomywmn7v8qSAacViwly4i7uLS6arF7o	1unN8H	qadv-arbiter-7x7-rust-lambda-v0.1.0	-	qadv-arbiter-7x7-rust-lambda-v0.1.0	-	L	P	196
g1_qO3oa3C1NLIPZJYepKrcUson85VbnfByY73sxjeKCko	s1_RauLaTi4eVgYHSp2TV9pqs9uzTVv0B10g9TaHMWpcZ4	1unN8H	qadv-arbiter-7x7-rust-lambda-v0.1.0	-	qadv-arbiter-7x7-rust-lambda-v0.1.0	-	L	P	-
g1_qO3oa3C1NLIPZJYepKrcUson85VbnfByY73sxjeKCko	s1_oBRdUTr0_Uz_Ya8uV1SYq5OkofuyvShJw2gJ6YG1wiw	1unN8H	qadv-arbiter-7x7-rust-lambda-v0.1.0	-	qadv-arbiter-7x7-rust-lambda-v0.1.0	-	L	P	196
g1_qO5BlgJKOmvDZ7GimQvlsxDwIMe3qpXBk6JgrYie9pU	s1_6PxtazPxkizz7K9QTWPSCIopEV5n0zpHoq3F52yO_6U	1umwiU	python-cnn-puct-v0.1.0	sha256:7845e9b7687beee165dc36b8d21833b7a8b5a83e31b58b49bd05c277ba26e642	python-cnn-puct-v0.1.0	sha256:7845e9b7687beee165dc36b8d21833b7a8b5a83e31b58b49bd05c277ba26e642	D	P	196
g1_qO5BlgJKOmvDZ7GimQvlsxDwIMe3qpXBk6JgrYie9pU	s1_baRgKA_wMXdl0r4AwdkUfhWC04qxd1MvEGXAQaDd4fo	1umwiU	python-cnn-puct-v0.1.0	sha256:7845e9b7687beee165dc36b8d21833b7a8b5a83e31b58b49bd05c277ba26e642	python-cnn-puct-v0.1.0	sha256:7845e9b7687beee165dc36b8d21833b7a8b5a83e31b58b49bd05c277ba26e642	D	P	196
g1_qO5RdBXkGWhS1SLqhpIpOrfUyjCkCHgtGy9jsadAws0	s1_6PxtazPxkizz7K9QTWPSCIopEV5n0zpHoq3F52yO_6U	1umwsy	python-cnn-puct-v0.1.0	sha256:7845e9b7687beee165dc36b8d21833b7a8b5a83e31b58b49bd05c277ba26e642	python-cnn-puct-v0.1.0	sha256:7845e9b7687beee165dc36b8d21833b7a8b5a83e31b58b49bd05c277ba26e642	D	P	196
g1_qO5RdBXkGWhS1SLqhpIpOrfUyjCkCHgtGy9jsadAws0	s1_baRgKA_wMXdl0r4AwdkUfhWC04qxd1MvEGXAQaDd4fo	1umwsy	python-cnn-puct-v0.1.0	sha256:7845e9b7687beee165dc36b8d21833b7a8b5a83e31b58b49bd05c277ba26e642	python-cnn-puct-v0.1.0	sha256:7845e9b7687beee165dc36b8d21833b7a8b5a83e31b58b49bd05c277ba26e642	D	P	196
g1_qO7KlzQrCo5tcJYhNdh1auJYEYApmXy3ydV5VYQO5bo	s1_1LB6NAgPOeCp4r8rQw4kUOIXWpEdWysFm5RZjWCQSgc	1umwb9	python-gnn-puct-learner-v0.1.0	sha256:ab0f739cd33d66781faf60e27797c5ccba3c04ba684f8d9e32e9c2754f4e8956	python-gnn-puct-learner-v0.1.0	sha256:ab0f739cd33d66781faf60e27797c5ccba3c04ba684f8d9e32e9c2754f4e8956	L	P	196
g1_qO7KlzQrCo5tcJYhNdh1auJYEYApmXy3ydV5VYQO5bo	s1_P4NHYhwuVnEA-dG2X-UVeVotb84A5mwljbYTlTMqr8w	1umwb9	python-gnn-puct-learner-v0.1.0	sha256:ab0f739cd33d66781faf60e27797c5ccba3c04ba684f8d9e32e9c2754f4e8956	python-gnn-puct-learner-v0.1.0	sha256:ab0f739cd33d66781faf60e27797c5ccba3c04ba684f8d9e32e9c2754f4e8956	L	P	196
g1_qODO9-yVp1HUMgqPqCibStBbcdEP7TGQmqvCoLnzreU	s1_8BM9eY4M-hTWvvv6j5IJo-z0fKjZoMuVzcJt5i_Jzd4	1unLro	qadv-arbiter-7x7-rust-lambda-v0.1.0	-	qadv-arbiter-7x7-rust-lambda-v0.1.0	-	D	P	196
g1_qODO9-yVp1HUMgqPqCibStBbcdEP7TGQmqvCoLnzreU	s1_RauLaTi4eVgYHSp2TV9pqs9uzTVv0B10g9TaHMWpcZ4	1unLro	qadv-arbiter-7x7-rust-lambda-v0.1.0	-	qadv-arbiter-7x7-rust-lambda-v0.1.0	-	D	P	-
g1_qODO9-yVp1HUMgqPqCibStBbcdEP7TGQmqvCoLnzreU	s1_ZOEuTIAcHIXF8BfwzhyWnzKdtC9Eq990OLxCkJRPRmI	1unLro	qadv-arbiter-7x7-rust-lambda-v0.1.0	-	qadv-arbiter-7x7-rust-lambda-v0.1.0	-	D	P	196
g1_qODO9-yVp1HUMgqPqCibStBbcdEP7TGQmqvCoLnzreU	s1_s0B3ZAGv8-VdaToGbOWhPNwwjKM_5hrDFh2b_fNthwI	1unLro	qadv-arbiter-7x7-rust-lambda-v0.1.0	-	qadv-arbiter-7x7-rust-lambda-v0.1.0	-	D	P	196
g1_qOFuSWQtHKUTrCRjlU57FdecZFeVYJCciTYXstjcXuY	s1_1LB6NAgPOeCp4r8rQw4kUOIXWpEdWysFm5RZjWCQSgc	1umway	python-gnn-puct-learner-v0.1.0	sha256:ab0f739cd33d66781faf60e27797c5ccba3c04ba684f8d9e32e9c2754f4e8956	python-gnn-puct-learner-v0.1.0	sha256:ab0f739cd33d66781faf60e27797c5ccba3c04ba684f8d9e32e9c2754f4e8956	D	P	196
g1_qOFuSWQtHKUTrCRjlU57FdecZFeVYJCciTYXstjcXuY	s1_P4NHYhwuVnEA-dG2X-UVeVotb84A5mwljbYTlTMqr8w	1umway	python-gnn-puct-learner-v0.1.0	sha256:ab0f739cd33d66781faf60e27797c5ccba3c04ba684f8d9e32e9c2754f4e8956	python-gnn-puct-learner-v0.1.0	sha256:ab0f739cd33d66781faf60e27797c5ccba3c04ba684f8d9e32e9c2754f4e8956	D	P	196
g1_qOMsjfQBGrVu70rD6Hfcqy1tr3vnFvbXGwV1itmWygs	s1_-OE134PWY7RtBkGbVkTyOv0R6gGkui-cVmnDSZ9BFes	1unQj1	pathfinder-v0.3.0	-	qadv-arbiter-7x7-v0.1.0	-	L	P	196
g1_qOMsjfQBGrVu70rD6Hfcqy1tr3vnFvbXGwV1itmWygs	s1_2FtaP75xgRVTNrUvmC0NIesJCNy8IDFJ05WNM4nUnpg	1unQj1	pathfinder-v0.3.0	-	qadv-arbiter-7x7-v0.1.0	-	L	P	196
g1_qOMsjfQBGrVu70rD6Hfcqy1tr3vnFvbXGwV1itmWygs	s1_RauLaTi4eVgYHSp2TV9pqs9uzTVv0B10g9TaHMWpcZ4	1unQj1	pathfinder-v0.3.0	-	qadv-arbiter-7x7-v0.1.0	-	L	P	-
g1_qOMsjfQBGrVu70rD6Hfcqy1tr3vnFvbXGwV1itmWygs	s1_zuMbI6dgPRFAT3rWHdnPDgtjKxz3Af4lqv6RPyL3f7o	1unQj1	pathfinder-v0.3.0	-	qadv-arbiter-7x7-v0.1.0	-	L	P	196
g1_qOXTqeEnPKT0MW0Z-zZST81uBTGV20l3u6hQC7u3MBc	s1_IpTn0AVaQ4gn3p0Hb7BOqO5fs2d5phX7npi5PFa7Fuw	1unPWo	qadv-arbiter-7x7-rust-lambda-v0.1.0	-	qadv-arbiter-7x7-rust-lambda-v0.1.0	-	L	P	196
g1_qOXTqeEnPKT0MW0Z-zZST81uBTGV20l3u6hQC7u3MBc	s1_RauLaTi4eVgYHSp2TV9pqs9uzTVv0B10g9TaHMWpcZ4	1unPWo	qadv-arbiter-7x7-rust-lambda-v0.1.0	-	qadv-arbiter-7x7-rust-lambda-v0.1.0	-	L	P	-
g1_qOXTqeEnPKT0MW0Z-zZST81uBTGV20l3u6hQC7u3MBc	s1_lyighom_azHJGMRJPEW2cJCaOwV8Xwo-RVeK0-ah2Es	1unPWo	qadv-arbiter-7x7-rust-lambda-v0.1.0	-	qadv-arbiter-7x7-rust-lambda-v0.1.0	-	L	P	196
g1_qOXTqeEnPKT0MW0Z-zZST81uBTGV20l3u6hQC7u3MBc	s1_t_sUMyQXfthlNylcUJWM_z3OT0oqbTiXuRaQWwAp3Ss	1unPWo	qadv-arbiter-7x7-rust-lambda-v0.1.0	-	qadv-arbiter-7x7-rust-lambda-v0.1.0	-	L	P	196
g1_qOb02zn8dq03n8M7W37QUWIj4JUnqGvsg_HgIGItIS8	s1__fmnSv6OnZklVvMPUjPdL6drtvfrJptRYX3nxZQO8jI	1umxo6	python-gnn-puct-scout-v0.1.0	sha256:b9f80706cc1f29076ee06fe06483697c749148a808c599579045d00a52573938	python-gnn-puct-scout-v0.1.0	sha256:b9f80706cc1f29076ee06fe06483697c749148a808c599579045d00a52573938	D	P	196
g1_qOejhCiGsy9Lxvo3x6dQ63JDP79ifz08K-pvAy7tN68	s1_M7OI4KnVSQTE4-Ius9eZDEWHRoJJrtfp0UvKObJm-Ck	1unNNf	qadv-arbiter-7x7-rust-lambda-v0.1.0	-	qadv-arbiter-7x7-rust-lambda-v0.1.0	-	D	P	196
g1_qOejhCiGsy9Lxvo3x6dQ63JDP79ifz08K-pvAy7tN68	s1_RauLaTi4eVgYHSp2TV9pqs9uzTVv0B10g9TaHMWpcZ4	1unNNf	qadv-arbiter-7x7-rust-lambda-v0.1.0	-	qadv-arbiter-7x7-rust-lambda-v0.1.0	-	D	P	-
g1_qOejhCiGsy9Lxvo3x6dQ63JDP79ifz08K-pvAy7tN68	s1_ny80sF5cAKdtd6OfeLpS052iK59UM4jWTKgvzOFkxho	1unNNf	qadv-arbiter-7x7-rust-lambda-v0.1.0	-	qadv-arbiter-7x7-rust-lambda-v0.1.0	-	D	P	196
g1_qOejhCiGsy9Lxvo3x6dQ63JDP79ifz08K-pvAy7tN68	s1_t-Ii-URClmr0DZPB3eQnwm8p5l_KkWFUEChMU2ydAxU	1unNNf	qadv-arbiter-7x7-rust-lambda-v0.1.0	-	qadv-arbiter-7x7-rust-lambda-v0.1.0	-	D	P	196
g1_qOiSIEDBZ1o1P-GX0M6QWOVa77fVyflRzQJsnQTyPgw	s1_qtlitMa-GGx-0y2heoyNRonYXf1Dq5epTexnVe9Iqtw	1umxcb	python-gnn-puct-learner-v0.1.0	sha256:ab0f739cd33d66781faf60e27797c5ccba3c04ba684f8d9e32e9c2754f4e8956	python-gnn-puct-learner-v0.1.0	sha256:ab0f739cd33d66781faf60e27797c5ccba3c04ba684f8d9e32e9c2754f4e8956	L	P	196
g1_qOqb6444rfzxiROSB4TT17BO3XZfDaqoEcj-ag_BdzA	s1_2FtaP75xgRVTNrUvmC0NIesJCNy8IDFJ05WNM4nUnpg	1unQhp	pathfinder-v0.3.0	-	qadv-arbiter-7x7-v0.1.0	-	L	P	196
g1_qOqb6444rfzxiROSB4TT17BO3XZfDaqoEcj-ag_BdzA	s1_EMAArXmeNonF7axkhylrSEpN9T2VnrF-A_EAhty0My4	1unQhp	pathfinder-v0.3.0	-	qadv-arbiter-7x7-v0.1.0	-	L	P	196
g1_qOqb6444rfzxiROSB4TT17BO3XZfDaqoEcj-ag_BdzA	s1_RauLaTi4eVgYHSp2TV9pqs9uzTVv0B10g9TaHMWpcZ4	1unQhp	pathfinder-v0.3.0	-	qadv-arbiter-7x7-v0.1.0	-	L	P	-
g1_qOqb6444rfzxiROSB4TT17BO3XZfDaqoEcj-ag_BdzA	s1_yHBLx3lBigmsEbzd0dZW-HFzVHPOYbDiZbPgqOEb0pI	1unQhp	pathfinder-v0.3.0	-	qadv-arbiter-7x7-v0.1.0	-	L	P	196
g1_qOxwkbn39ztHy2177Q7zQDqboa90z1-Fe4hESDkWMFc	s1_4jNfwPXKfXKZG8HU3aD9ppmib3JkjD3qZRBAeERra0g	1unLpe	qadv-arbiter-7x7-rust-lambda-v0.1.0	-	qadv-arbiter-7x7-rust-lambda-v0.1.0	-	D	P	196
g1_qOxwkbn39ztHy2177Q7zQDqboa90z1-Fe4hESDkWMFc	s1_HPTTkX_TAZj7Gf1k3Rw4zJcAWVL--G2jD_3pckhjzRE	1unLpe	qadv-arbiter-7x7-rust-lambda-v0.1.0	-	qadv-arbiter-7x7-rust-lambda-v0.1.0	-	D	P	196
g1_qOxwkbn39ztHy2177Q7zQDqboa90z1-Fe4hESDkWMFc	s1_RauLaTi4eVgYHSp2TV9pqs9uzTVv0B10g9TaHMWpcZ4	1unLpe	qadv-arbiter-7x7-rust-lambda-v0.1.0	-	qadv-arbiter-7x7-rust-lambda-v0.1.0	-	D	P	-
g1_qOxwkbn39ztHy2177Q7zQDqboa90z1-Fe4hESDkWMFc	s1_q5MhpNAovHUQaLD29_YLHhfTCg6ZZJkq4jHTwr88YiI	1unLpe	qadv-arbiter-7x7-rust-lambda-v0.1.0	-	qadv-arbiter-7x7-rust-lambda-v0.1.0	-	D	P	196
g1_qOzI0pbL3AHPlUd9c8DURToTKrDnSnyh4NKCnFxQeR4	s1_AVWbbpHatcuyR7qRBKD4_DqiWb2S23VbSgGxB1zZzwU	1un4Ao	qadv-arbiter-guided-7x7-v0.2.0	sha256:9c0e5e530df7db77a98f6a2e75fe63a6f629c6ad6563e0b5454793ebc243b14d	pathfinder-v0.3.0	-	D	P	196
g1_qOzI0pbL3AHPlUd9c8DURToTKrDnSnyh4NKCnFxQeR4	s1_O3cuwuia8XT9TI7Nxr3tRcajOA20XFHEIT2fYX3WizY	1un4AY	qadv-arbiter-guided-7x7-v0.2.0	sha256:9c0e5e530df7db77a98f6a2e75fe63a6f629c6ad6563e0b5454793ebc243b14d	pathfinder-v0.3.0	-	D	P	196
g1_qOzI0pbL3AHPlUd9c8DURToTKrDnSnyh4NKCnFxQeR4	s1_bu4yUwwDMqKDhLXEtnBsv1ZAJagIFi7EKmSaiui1_WE	1un4AY	qadv-arbiter-guided-7x7-v0.2.0	sha256:9c0e5e530df7db77a98f6a2e75fe63a6f629c6ad6563e0b5454793ebc243b14d	pathfinder-v0.3.0	-	D	P	196
g1_qOzI0pbL3AHPlUd9c8DURToTKrDnSnyh4NKCnFxQeR4	s1_bu4yUwwDMqKDhLXEtnBsv1ZAJagIFi7EKmSaiui1_WE	1un4Ao	qadv-arbiter-guided-7x7-v0.2.0	sha256:9c0e5e530df7db77a98f6a2e75fe63a6f629c6ad6563e0b5454793ebc243b14d	pathfinder-v0.3.0	-	D	P	196
g1_qOzI0pbL3AHPlUd9c8DURToTKrDnSnyh4NKCnFxQeR4	s1_mlXHsG8-xxT7rKwSZelP6NHm5eYy3YD5j4SydA37pgE	1un4AY	qadv-arbiter-guided-7x7-v0.2.0	sha256:9c0e5e530df7db77a98f6a2e75fe63a6f629c6ad6563e0b5454793ebc243b14d	pathfinder-v0.3.0	-	D	P	196
g1_qOzI0pbL3AHPlUd9c8DURToTKrDnSnyh4NKCnFxQeR4	s1_mlXHsG8-xxT7rKwSZelP6NHm5eYy3YD5j4SydA37pgE	1un4Ao	qadv-arbiter-guided-7x7-v0.2.0	sha256:9c0e5e530df7db77a98f6a2e75fe63a6f629c6ad6563e0b5454793ebc243b14d	pathfinder-v0.3.0	-	D	P	196
g1_qP6gUWAAwWb0H6pziLpbLwkF3oUICDv-kGFrrBMF5fo	s1_RauLaTi4eVgYHSp2TV9pqs9uzTVv0B10g9TaHMWpcZ4	1unP52	qadv-arbiter-7x7-rust-lambda-v0.1.0	-	qadv-arbiter-7x7-rust-lambda-v0.1.0	-	L	P	-
g1_qP6gUWAAwWb0H6pziLpbLwkF3oUICDv-kGFrrBMF5fo	s1_eKBm9rH_Jahnp5LxG0cowfurCtEW7Bny3jfbr4oz1pA	1unP52	qadv-arbiter-7x7-rust-lambda-v0.1.0	-	qadv-arbiter-7x7-rust-lambda-v0.1.0	-	L	P	196
g1_qP6gUWAAwWb0H6pziLpbLwkF3oUICDv-kGFrrBMF5fo	s1_grxMG-roTIE3J2wocgx_6nnv1tkdsSd1AhWq0x7J_kA	1unP52	qadv-arbiter-7x7-rust-lambda-v0.1.0	-	qadv-arbiter-7x7-rust-lambda-v0.1.0	-	L	P	196
g1_qP6gUWAAwWb0H6pziLpbLwkF3oUICDv-kGFrrBMF5fo	s1_x2ORb_uyAE0xJAJKQ4IYrUw1Nr3kAtY5OGHE6xMH6r4	1unP52	qadv-arbiter-7x7-rust-lambda-v0.1.0	-	qadv-arbiter-7x7-rust-lambda-v0.1.0	-	L	P	196
g1_qPXHwQw1FQXDWE0CYDqOCedDKShmiEqMOXSR1eEi3z0	s1_-OKlJXuPFfAnukwGYITjiU7XKL4OC_qt76PC0TZSPjg	1umvdw	python-cnn-puct-v0.1.0	sha256:7845e9b7687beee165dc36b8d21833b7a8b5a83e31b58b49bd05c277ba26e642	python-cnn-puct-v0.1.0	sha256:7845e9b7687beee165dc36b8d21833b7a8b5a83e31b58b49bd05c277ba26e642	D	P	196
g1_qPXHwQw1FQXDWE0CYDqOCedDKShmiEqMOXSR1eEi3z0	s1_1av6nXQkq-GSHXfjkVlGHGpAq8F9UbW4JwZmyFA-vww	1umvdw	python-cnn-puct-v0.1.0	sha256:7845e9b7687beee165dc36b8d21833b7a8b5a83e31b58b49bd05c277ba26e642	python-cnn-puct-v0.1.0	sha256:7845e9b7687beee165dc36b8d21833b7a8b5a83e31b58b49bd05c277ba26e642	D	P	196
g1_qPXHwQw1FQXDWE0CYDqOCedDKShmiEqMOXSR1eEi3z0	s1_mWPTef6xYbijjPhDIC6QgLRmu2mMSJAokNlIkx3vg54	1umvdw	python-cnn-puct-v0.1.0	sha256:7845e9b7687beee165dc36b8d21833b7a8b5a83e31b58b49bd05c277ba26e642	python-cnn-puct-v0.1.0	sha256:7845e9b7687beee165dc36b8d21833b7a8b5a83e31b58b49bd05c277ba26e642	D	P	196
g1_qPbzCL6p9XAOxJB3VrNBiJMHKqAGXTkvBBZDqe7dHyc	s1_BBNRMJtlXwjeTwEQjOBIDU5mgQC7HAnbkf5f5a_qBP4	1unPVA	qadv-arbiter-7x7-rust-lambda-v0.1.0	-	qadv-arbiter-7x7-rust-lambda-v0.1.0	-	D	P	196
g1_qPbzCL6p9XAOxJB3VrNBiJMHKqAGXTkvBBZDqe7dHyc	s1_DtGCo3ZT5_OfdKhpKPtsDmedawJ1K2FPPw063XSweJ0	1unPVA	qadv-arbiter-7x7-rust-lambda-v0.1.0	-	qadv-arbiter-7x7-rust-lambda-v0.1.0	-	D	P	196
g1_qPbzCL6p9XAOxJB3VrNBiJMHKqAGXTkvBBZDqe7dHyc	s1_RauLaTi4eVgYHSp2TV9pqs9uzTVv0B10g9TaHMWpcZ4	1unPVA	qadv-arbiter-7x7-rust-lambda-v0.1.0	-	qadv-arbiter-7x7-rust-lambda-v0.1.0	-	D	P	-
g1_qPbzCL6p9XAOxJB3VrNBiJMHKqAGXTkvBBZDqe7dHyc	s1_tZ6ZymJYQuIytSerDGNXDsog5nkUUUZlV9FjJPaApsA	1unPVA	qadv-arbiter-7x7-rust-lambda-v0.1.0	-	qadv-arbiter-7x7-rust-lambda-v0.1.0	-	D	P	196
g1_qPeQl-43hv4UHOrbyfOVPG1MIEprkEcxsHcfv2_o1nI	s1_6PxtazPxkizz7K9QTWPSCIopEV5n0zpHoq3F52yO_6U	1umwfm	python-cnn-puct-v0.1.0	sha256:7845e9b7687beee165dc36b8d21833b7a8b5a83e31b58b49bd05c277ba26e642	python-cnn-puct-v0.1.0	sha256:7845e9b7687beee165dc36b8d21833b7a8b5a83e31b58b49bd05c277ba26e642	L	P	196
g1_qPeQl-43hv4UHOrbyfOVPG1MIEprkEcxsHcfv2_o1nI	s1_baRgKA_wMXdl0r4AwdkUfhWC04qxd1MvEGXAQaDd4fo	1umwfm	python-cnn-puct-v0.1.0	sha256:7845e9b7687beee165dc36b8d21833b7a8b5a83e31b58b49bd05c277ba26e642	python-cnn-puct-v0.1.0	sha256:7845e9b7687beee165dc36b8d21833b7a8b5a83e31b58b49bd05c277ba26e642	L	P	196
g1_qPk4rMda9BGg8YbZ64IYm_vmMWem2i7vJMXuEgeETKI	s1_7FIu85-v_e-kbNsQ2UNk3yRt-KGcLyUjpmVwIc9cnfM	1umwBa	python-gnn-puct-scout-v0.1.0	sha256:b9f80706cc1f29076ee06fe06483697c749148a808c599579045d00a52573938	python-gnn-puct-scout-v0.1.0	sha256:b9f80706cc1f29076ee06fe06483697c749148a808c599579045d00a52573938	L	P	196
g1_qPk4rMda9BGg8YbZ64IYm_vmMWem2i7vJMXuEgeETKI	s1_S8AGNBNcWBvWiwIo-AOAHPoHuZo2XvcsYvhgQxGTkrY	1umwBa	python-gnn-puct-scout-v0.1.0	sha256:b9f80706cc1f29076ee06fe06483697c749148a808c599579045d00a52573938	python-gnn-puct-scout-v0.1.0	sha256:b9f80706cc1f29076ee06fe06483697c749148a808c599579045d00a52573938	L	P	196
g1_qPsOvd-NMkZa1tzRZM__5q3A27Cb-kLr5LWW6vNv_rQ	s1_2FtaP75xgRVTNrUvmC0NIesJCNy8IDFJ05WNM4nUnpg	1unQnb	pathfinder-v0.3.0	-	qadv-arbiter-7x7-v0.1.0	-	L	P	196
g1_qPsOvd-NMkZa1tzRZM__5q3A27Cb-kLr5LWW6vNv_rQ	s1_7m6rzVUMwKb2ze4m0l4101Ex_LeBD751xgIP1pyiYhY	1unQnb	pathfinder-v0.3.0	-	qadv-arbiter-7x7-v0.1.0	-	L	P	196
g1_qPsOvd-NMkZa1tzRZM__5q3A27Cb-kLr5LWW6vNv_rQ	s1_Jw9Wj_9GtrFcmcZ6kqeGeY7cE1MxMiR13j0WWt5Q7Ho	1unQnb	pathfinder-v0.3.0	-	qadv-arbiter-7x7-v0.1.0	-	L	P	196
g1_qPsOvd-NMkZa1tzRZM__5q3A27Cb-kLr5LWW6vNv_rQ	s1_RauLaTi4eVgYHSp2TV9pqs9uzTVv0B10g9TaHMWpcZ4	1unQnb	pathfinder-v0.3.0	-	qadv-arbiter-7x7-v0.1.0	-	L	P	-
g1_qPwen7xtdlFqcZkMW3rnU9tdIY1yl2HcJaNVnWfXEyk	s1_EIzgpSUquug0-nXX2mKJrP3avtJ6jdYvYdApBhLIMxo	1unMEP	qadv-arbiter-7x7-rust-lambda-v0.1.0	-	qadv-arbiter-7x7-rust-lambda-v0.1.0	-	D	P	196
g1_qPwen7xtdlFqcZkMW3rnU9tdIY1yl2HcJaNVnWfXEyk	s1_RauLaTi4eVgYHSp2TV9pqs9uzTVv0B10g9TaHMWpcZ4	1unMEP	qadv-arbiter-7x7-rust-lambda-v0.1.0	-	qadv-arbiter-7x7-rust-lambda-v0.1.0	-	D	P	-
g1_qPwen7xtdlFqcZkMW3rnU9tdIY1yl2HcJaNVnWfXEyk	s1_Xzu14pl1plfSPB5fvl7Iybcl312Vt8xEHCvMwP3kJ0Y	1unMEP	qadv-arbiter-7x7-rust-lambda-v0.1.0	-	qadv-arbiter-7x7-rust-lambda-v0.1.0	-	D	P	196
g1_qPwen7xtdlFqcZkMW3rnU9tdIY1yl2HcJaNVnWfXEyk	s1_wL8SVF4dXHltI0bG2j6cdVy1UNE6QeTrwByxlqhUcck	1unMEP	qadv-arbiter-7x7-rust-lambda-v0.1.0	-	qadv-arbiter-7x7-rust-lambda-v0.1.0	-	D	P	196
g1_qPzceSU4rA99NrcnY8WnXEqkHVr0A7s7U8FhkiJet1M	s1_00ZeMVZ2_u6ueRSxIvi34tzN7ju6bT_wqRfS_ozp9G0	1unMCD	qadv-arbiter-7x7-rust-lambda-v0.1.0	-	qadv-arbiter-7x7-rust-lambda-v0.1.0	-	D	P	196
g1_qPzceSU4rA99NrcnY8WnXEqkHVr0A7s7U8FhkiJet1M	s1_D-5MuDZXzNCkpZxgNuFjAqIrQm1v2oAT_hwgG-eI8wU	1unMCD	qadv-arbiter-7x7-rust-lambda-v0.1.0	-	qadv-arbiter-7x7-rust-lambda-v0.1.0	-	D	P	196
g1_qPzceSU4rA99NrcnY8WnXEqkHVr0A7s7U8FhkiJet1M	s1_RauLaTi4eVgYHSp2TV9pqs9uzTVv0B10g9TaHMWpcZ4	1unMCD	qadv-arbiter-7x7-rust-lambda-v0.1.0	-	qadv-arbiter-7x7-rust-lambda-v0.1.0	-	D	P	-
g1_qPzceSU4rA99NrcnY8WnXEqkHVr0A7s7U8FhkiJet1M	s1_qOHOMcaKEm6YwfLIYWjOa2gVCACTZOLbr7oa1EbCmfU	1unMCD	qadv-arbiter-7x7-rust-lambda-v0.1.0	-	qadv-arbiter-7x7-rust-lambda-v0.1.0	-	D	P	196
g1_qQ90o1r1ym4YJ9HKLbBssO2AvA4L8VEDvGmOXLFJZg4	s1_2FtaP75xgRVTNrUvmC0NIesJCNy8IDFJ05WNM4nUnpg	1unR9v	coin-flip-v0.0.1	-	qadv-arbiter-7x7-v0.1.0	-	D	P	196
g1_qQ90o1r1ym4YJ9HKLbBssO2AvA4L8VEDvGmOXLFJZg4	s1_RauLaTi4eVgYHSp2TV9pqs9uzTVv0B10g9TaHMWpcZ4	1unR9v	coin-flip-v0.0.1	-	qadv-arbiter-7x7-v0.1.0	-	D	P	-
g1_qQ90o1r1ym4YJ9HKLbBssO2AvA4L8VEDvGmOXLFJZg4	s1_alBWj1HJUTen9aGl8KSVAGtnFP5V7G4_9WMFyBMQX2I	1unR9v	coin-flip-v0.0.1	-	qadv-arbiter-7x7-v0.1.0	-	D	P	196
g1_qQ90o1r1ym4YJ9HKLbBssO2AvA4L8VEDvGmOXLFJZg4	s1_wMbcC5xl_Fe3Tc_v_9jPw0vF-8ztEURU2D1QBv5N0N4	1unR9v	coin-flip-v0.0.1	-	qadv-arbiter-7x7-v0.1.0	-	D	P	196
g1_qQ9ABsSPL6IuEYt6LJHQgTfNJYLen-AmbsenEhPIz2E	s1_1IPWz_CYylcxzCQeXMT1UQBYumo2mfQx1BpNBb0gpck	1unNY8	qadv-arbiter-7x7-rust-lambda-v0.1.0	-	qadv-arbiter-7x7-rust-lambda-v0.1.0	-	L	P	196
g1_qQ9ABsSPL6IuEYt6LJHQgTfNJYLen-AmbsenEhPIz2E	s1_CukjiDIsxoYxPG4mVqefWYCumKWG0pp5AqElkgOcrd8	1unNY8	qadv-arbiter-7x7-rust-lambda-v0.1.0	-	qadv-arbiter-7x7-rust-lambda-v0.1.0	-	L	P	196
g1_qQ9ABsSPL6IuEYt6LJHQgTfNJYLen-AmbsenEhPIz2E	s1_RauLaTi4eVgYHSp2TV9pqs9uzTVv0B10g9TaHMWpcZ4	1unNY8	qadv-arbiter-7x7-rust-lambda-v0.1.0	-	qadv-arbiter-7x7-rust-lambda-v0.1.0	-	L	P	-
g1_qQ9ABsSPL6IuEYt6LJHQgTfNJYLen-AmbsenEhPIz2E	s1_iX56rBXSb61MZcSmdqGT_qiQhvIPPNMcMj2gsY80Vxw	1unNY8	qadv-arbiter-7x7-rust-lambda-v0.1.0	-	qadv-arbiter-7x7-rust-lambda-v0.1.0	-	L	P	196
g1_qQ9f6AvLR0GxkTX7Hm-Rn1dt_TdtpnL8rKrqdbN0Bio	s1_CEZN9UpTiNQvXJwo6FOyI_d_RbqGe3g4pfn2vqxTPus	1unOUn	qadv-arbiter-7x7-rust-lambda-v0.1.0	-	qadv-arbiter-7x7-rust-lambda-v0.1.0	-	L	P	196
g1_qQ9f6AvLR0GxkTX7Hm-Rn1dt_TdtpnL8rKrqdbN0Bio	s1_RauLaTi4eVgYHSp2TV9pqs9uzTVv0B10g9TaHMWpcZ4	1unOUn	qadv-arbiter-7x7-rust-lambda-v0.1.0	-	qadv-arbiter-7x7-rust-lambda-v0.1.0	-	L	P	-
g1_qQ9f6AvLR0GxkTX7Hm-Rn1dt_TdtpnL8rKrqdbN0Bio	s1_d5mqIhpIUD3nsQRbyQRhOXOz-VI9wpsW3_HYcAFqlDA	1unOUn	qadv-arbiter-7x7-rust-lambda-v0.1.0	-	qadv-arbiter-7x7-rust-lambda-v0.1.0	-	L	P	196
g1_qQ9f6AvLR0GxkTX7Hm-Rn1dt_TdtpnL8rKrqdbN0Bio	s1_uDhPTqmXCRXjBaDHtWrKDSIvH8RY8490hfaSJnH-b_k	1unOUn	qadv-arbiter-7x7-rust-lambda-v0.1.0	-	qadv-arbiter-7x7-rust-lambda-v0.1.0	-	L	P	196
g1_qQNw8v4ccAcs233MfRQV7ejfRoZwhYTLs3UJ3mUjszU	s1_CEqhlmTR02TGTBhmAfpcZL27GaFS0PMRiyv-UJ_HF_E	1unNmE	qadv-arbiter-7x7-rust-lambda-v0.1.0	-	qadv-arbiter-7x7-rust-lambda-v0.1.0	-	D	P	196
g1_qQNw8v4ccAcs233MfRQV7ejfRoZwhYTLs3UJ3mUjszU	s1_IDizXapnxJQKNHlmqnDxRX6-bBG3hQ6RbW9SOXL7QcI	1unNmE	qadv-arbiter-7x7-rust-lambda-v0.1.0	-	qadv-arbiter-7x7-rust-lambda-v0.1.0	-	D	P	196
g1_qQNw8v4ccAcs233MfRQV7ejfRoZwhYTLs3UJ3mUjszU	s1_RauLaTi4eVgYHSp2TV9pqs9uzTVv0B10g9TaHMWpcZ4	1unNmE	qadv-arbiter-7x7-rust-lambda-v0.1.0	-	qadv-arbiter-7x7-rust-lambda-v0.1.0	-	D	P	-
g1_qQNw8v4ccAcs233MfRQV7ejfRoZwhYTLs3UJ3mUjszU	s1_YT-zCkwpWhbUbX0idChA53xJaOIAoKT5l2EgmHokeTI	1unNmE	qadv-arbiter-7x7-rust-lambda-v0.1.0	-	qadv-arbiter-7x7-rust-lambda-v0.1.0	-	D	P	196
g1_qQRh6YJdcuq_sDTACA2j2_aIB4dhfJIUDVl5ukMz744	s1_1av6nXQkq-GSHXfjkVlGHGpAq8F9UbW4JwZmyFA-vww	1DIa6	rust-pathfinder-v0.1.0	-	lunatic-v0.1.0	-	L	P	-
g1_qQRh6YJdcuq_sDTACA2j2_aIB4dhfJIUDVl5ukMz744	s1_9Eroywf7tuDrn-hcfZPjlEa1DSRUykCRn9Z11u8ySIo	1DIa6	rust-pathfinder-v0.1.0	-	lunatic-v0.1.0	-	L	P	-
g1_qQRh6YJdcuq_sDTACA2j2_aIB4dhfJIUDVl5ukMz744	s1_Brk0hkuJoH-MBjdd53AO5tlWcOgDWV_R0PO74fHGd_0	1DIa6	rust-pathfinder-v0.1.0	-	lunatic-v0.1.0	-	L	P	-
g1_qQRh6YJdcuq_sDTACA2j2_aIB4dhfJIUDVl5ukMz744	s1_KmF8KhDbubz6lwdS8R_n_yTGdSONmH9B1wUABbyCj94	1DIa6	rust-pathfinder-v0.1.0	-	lunatic-v0.1.0	-	L	P	-
g1_qQRh6YJdcuq_sDTACA2j2_aIB4dhfJIUDVl5ukMz744	s1_MKrI0a3Qd48rU7oZj28GrlQ3cHhIbUzS5ibiIW9aKy4	1DIa6	rust-pathfinder-v0.1.0	-	lunatic-v0.1.0	-	L	P	-
g1_qQRh6YJdcuq_sDTACA2j2_aIB4dhfJIUDVl5ukMz744	s1_XloMUS0hxYEXf762lcPfaudsLmsH-CsOVZNVVU_obcA	1DIa6	rust-pathfinder-v0.1.0	-	lunatic-v0.1.0	-	L	P	-
g1_qQRh6YJdcuq_sDTACA2j2_aIB4dhfJIUDVl5ukMz744	s1_g5pGkHBMEhzAYvwFY0b24sSc7wC9JfnWApMHHZ_aMPI	1DIa6	rust-pathfinder-v0.1.0	-	lunatic-v0.1.0	-	L	P	-
g1_qQVO2ktcadNvPxQEAAVMkbIN09KPentwfL4niV9C7mw	s1_1s5lVz56GKjxUdj2RRqxwTg236V32kpJPhKPtWEEk5A	1unLpB	qadv-arbiter-7x7-rust-lambda-v0.1.0	-	qadv-arbiter-7x7-rust-lambda-v0.1.0	-	L	P	196
g1_qQVO2ktcadNvPxQEAAVMkbIN09KPentwfL4niV9C7mw	s1_M5P28woWks0Y7MYz6wk3sY6EmUS4f6ug2Q4rEoCyCJc	1unLpB	qadv-arbiter-7x7-rust-lambda-v0.1.0	-	qadv-arbiter-7x7-rust-lambda-v0.1.0	-	L	P	196
g1_qQVO2ktcadNvPxQEAAVMkbIN09KPentwfL4niV9C7mw	s1_RauLaTi4eVgYHSp2TV9pqs9uzTVv0B10g9TaHMWpcZ4	1unLpB	qadv-arbiter-7x7-rust-lambda-v0.1.0	-	qadv-arbiter-7x7-rust-lambda-v0.1.0	-	L	P	-
g1_qQVO2ktcadNvPxQEAAVMkbIN09KPentwfL4niV9C7mw	s1_x1YUYxfarCdpTHpeTPZz1kDnz3nWlBMOvkJ6_i3jmsg	1unLpB	qadv-arbiter-7x7-rust-lambda-v0.1.0	-	qadv-arbiter-7x7-rust-lambda-v0.1.0	-	L	P	196
g1_qQVUifz1fxSFHb_dVuVpF4eGwBnGTZvU8OW43eqMp_g	s1_2FtaP75xgRVTNrUvmC0NIesJCNy8IDFJ05WNM4nUnpg	1unQrm	qadv-arbiter-7x7-v0.1.0	-	pathfinder-v0.3.0	-	D	P	196
g1_qQVUifz1fxSFHb_dVuVpF4eGwBnGTZvU8OW43eqMp_g	s1_RauLaTi4eVgYHSp2TV9pqs9uzTVv0B10g9TaHMWpcZ4	1unQrm	qadv-arbiter-7x7-v0.1.0	-	pathfinder-v0.3.0	-	D	P	-
g1_qQVUifz1fxSFHb_dVuVpF4eGwBnGTZvU8OW43eqMp_g	s1_Scc4iU0pEGGX6AuEg2u6E4tYSUQI2pCbGBHe7iP3-BI	1unQrm	qadv-arbiter-7x7-v0.1.0	-	pathfinder-v0.3.0	-	D	P	196
g1_qQVUifz1fxSFHb_dVuVpF4eGwBnGTZvU8OW43eqMp_g	s1_fXS0pu6YxldZ_p4gfapMp2EHfw_jsMpDZJ0tjqI2PsE	1unQrm	qadv-arbiter-7x7-v0.1.0	-	pathfinder-v0.3.0	-	D	P	196
g1_qQVbfF5_VNERINQvotogeHBn5kx-MfeAAXfv0imKf4Q	s1_1av6nXQkq-GSHXfjkVlGHGpAq8F9UbW4JwZmyFA-vww	1umvAv	lunatic-v0.1.0	-	surveyor-v0.2.0	-	D	P	196
g1_qQVbfF5_VNERINQvotogeHBn5kx-MfeAAXfv0imKf4Q	s1_Brk0hkuJoH-MBjdd53AO5tlWcOgDWV_R0PO74fHGd_0	1umvAv	lunatic-v0.1.0	-	surveyor-v0.2.0	-	D	P	196
g1_qQVbfF5_VNERINQvotogeHBn5kx-MfeAAXfv0imKf4Q	s1_QzXKB60HvV5g6-cJIu-NdpeFb1rCgFAJD1cxfdkoMm0	1umvAv	lunatic-v0.1.0	-	surveyor-v0.2.0	-	D	P	196
g1_qQXfKoQJG-oUoinGsdnmuC1xiMcGgNqctIyn4CuRVts	s1_RauLaTi4eVgYHSp2TV9pqs9uzTVv0B10g9TaHMWpcZ4	1unOrW	qadv-arbiter-7x7-rust-lambda-v0.1.0	-	qadv-arbiter-7x7-rust-lambda-v0.1.0	-	L	P	-
g1_qQXfKoQJG-oUoinGsdnmuC1xiMcGgNqctIyn4CuRVts	s1_SGM5ZnhW2g_HjtLRPzKLWU-TVZaCl2ZeBClkb34G-ak	1unOrW	qadv-arbiter-7x7-rust-lambda-v0.1.0	-	qadv-arbiter-7x7-rust-lambda-v0.1.0	-	L	P	196
g1_qQXfKoQJG-oUoinGsdnmuC1xiMcGgNqctIyn4CuRVts	s1_SjXJtWWBO4xN7p6WUNWPq0FzMdxlWIUsdninzPOy5bk	1unOrW	qadv-arbiter-7x7-rust-lambda-v0.1.0	-	qadv-arbiter-7x7-rust-lambda-v0.1.0	-	L	P	196
g1_qQXfKoQJG-oUoinGsdnmuC1xiMcGgNqctIyn4CuRVts	s1_s4ZC1HZams9xeneeBytaU1gj_OJXddujMUD5k9IVstw	1unOrW	qadv-arbiter-7x7-rust-lambda-v0.1.0	-	qadv-arbiter-7x7-rust-lambda-v0.1.0	-	L	P	196
g1_qQY2I6YIg9BUcjtOaLRUvjdzlHohPf68qoBo8CYxDF0	s1_-Yzy8EDMg4pIoWGS3VqXhrSXuqXeBBxURmODZs560jM	1unMVo	qadv-arbiter-7x7-rust-lambda-v0.1.0	-	qadv-arbiter-7x7-rust-lambda-v0.1.0	-	D	P	196
g1_qQY2I6YIg9BUcjtOaLRUvjdzlHohPf68qoBo8CYxDF0	s1_RauLaTi4eVgYHSp2TV9pqs9uzTVv0B10g9TaHMWpcZ4	1unMVo	qadv-arbiter-7x7-rust-lambda-v0.1.0	-	qadv-arbiter-7x7-rust-lambda-v0.1.0	-	D	P	-
g1_qQY2I6YIg9BUcjtOaLRUvjdzlHohPf68qoBo8CYxDF0	s1_f51qDPwBO8veug6SxbJmoyr9uk0dws1oklHhwBT22co	1unMVo	qadv-arbiter-7x7-rust-lambda-v0.1.0	-	qadv-arbiter-7x7-rust-lambda-v0.1.0	-	D	P	196
g1_qQY2I6YIg9BUcjtOaLRUvjdzlHohPf68qoBo8CYxDF0	s1_uwK8zO1FJw1S0sPrEyN85ht5ggOUVUXAMs2f-FQwKOo	1unMVo	qadv-arbiter-7x7-rust-lambda-v0.1.0	-	qadv-arbiter-7x7-rust-lambda-v0.1.0	-	D	P	196
g1_qQ_FFneOSeB_oXPBOtHjO8mDF2laNIOVtQVKVfOQ27s	s1_1WFTAjm98iO_0Xjyli0gmunwvuow31VoGoW6-X3S84I	1unLu6	qadv-arbiter-7x7-rust-lambda-v0.1.0	-	qadv-arbiter-7x7-rust-lambda-v0.1.0	-	D	P	196
g1_qQ_FFneOSeB_oXPBOtHjO8mDF2laNIOVtQVKVfOQ27s	s1_5UPcun_zD-DpUR3JrPyXf7MHnVsu05lnGowgda6NGbc	1unLu6	qadv-arbiter-7x7-rust-lambda-v0.1.0	-	qadv-arbiter-7x7-rust-lambda-v0.1.0	-	D	P	196
g1_qQ_FFneOSeB_oXPBOtHjO8mDF2laNIOVtQVKVfOQ27s	s1_F6ORVGRfmED6XtNBlwsIzfyj9OkmRg9CmIf7RTkWazQ	1unLu6	qadv-arbiter-7x7-rust-lambda-v0.1.0	-	qadv-arbiter-7x7-rust-lambda-v0.1.0	-	D	P	196
g1_qQ_FFneOSeB_oXPBOtHjO8mDF2laNIOVtQVKVfOQ27s	s1_RauLaTi4eVgYHSp2TV9pqs9uzTVv0B10g9TaHMWpcZ4	1unLu6	qadv-arbiter-7x7-rust-lambda-v0.1.0	-	qadv-arbiter-7x7-rust-lambda-v0.1.0	-	D	P	-
g1_qQi5TUEQUqQXD1RmosrzEeGwDQEpVeR0_RFhij46d-c	s1_BMyJcH87QnR-OTNqx3vQ7PWMb2BkiynWrhgvxvF3nvk	1unNfN	qadv-arbiter-7x7-rust-lambda-v0.1.0	-	qadv-arbiter-7x7-rust-lambda-v0.1.0	-	L	P	196
g1_qQi5TUEQUqQXD1RmosrzEeGwDQEpVeR0_RFhij46d-c	s1_RauLaTi4eVgYHSp2TV9pqs9uzTVv0B10g9TaHMWpcZ4	1unNfN	qadv-arbiter-7x7-rust-lambda-v0.1.0	-	qadv-arbiter-7x7-rust-lambda-v0.1.0	-	L	P	-
g1_qQi5TUEQUqQXD1RmosrzEeGwDQEpVeR0_RFhij46d-c	s1_lgJPmEzSgJyh3FCS4zwv2hITI91iIOpRjJSRTTo1IO0	1unNfN	qadv-arbiter-7x7-rust-lambda-v0.1.0	-	qadv-arbiter-7x7-rust-lambda-v0.1.0	-	L	P	196
g1_qQi5TUEQUqQXD1RmosrzEeGwDQEpVeR0_RFhij46d-c	s1_s6YYL_cHq7GBv09jfhKHNFsgFfkdWWfjwb3XZPef8kM	1unNfN	qadv-arbiter-7x7-rust-lambda-v0.1.0	-	qadv-arbiter-7x7-rust-lambda-v0.1.0	-	L	P	196
g1_qR4XDuhuaeOGbvSSQB21QM64XZRWrFhxQ1F42vAJqB4	s1_qtlitMa-GGx-0y2heoyNRonYXf1Dq5epTexnVe9Iqtw	1umxek	python-gnn-puct-learner-v0.1.0	sha256:ab0f739cd33d66781faf60e27797c5ccba3c04ba684f8d9e32e9c2754f4e8956	python-gnn-puct-learner-v0.1.0	sha256:ab0f739cd33d66781faf60e27797c5ccba3c04ba684f8d9e32e9c2754f4e8956	L	P	196
g1_qRGasRmj0j-GnxQyC5f1OpOe7SBl8Elf2U3m3PWHblw	s1_1av6nXQkq-GSHXfjkVlGHGpAq8F9UbW4JwZmyFA-vww	1umvE1	python-gnn-puct-scout-v0.1.0	sha256:b9f80706cc1f29076ee06fe06483697c749148a808c599579045d00a52573938	python-gnn-puct-scout-v0.1.0	sha256:b9f80706cc1f29076ee06fe06483697c749148a808c599579045d00a52573938	L	P	196
g1_qRGasRmj0j-GnxQyC5f1OpOe7SBl8Elf2U3m3PWHblw	s1_Brk0hkuJoH-MBjdd53AO5tlWcOgDWV_R0PO74fHGd_0	1umvE1	python-gnn-puct-scout-v0.1.0	sha256:b9f80706cc1f29076ee06fe06483697c749148a808c599579045d00a52573938	python-gnn-puct-scout-v0.1.0	sha256:b9f80706cc1f29076ee06fe06483697c749148a808c599579045d00a52573938	L	P	196
g1_qRGasRmj0j-GnxQyC5f1OpOe7SBl8Elf2U3m3PWHblw	s1_D_X-fTFZy6xuyGSC5jFyKBW6IP_59Jbomefazf4xu44	1umvE1	python-gnn-puct-scout-v0.1.0	sha256:b9f80706cc1f29076ee06fe06483697c749148a808c599579045d00a52573938	python-gnn-puct-scout-v0.1.0	sha256:b9f80706cc1f29076ee06fe06483697c749148a808c599579045d00a52573938	L	P	196
g1_qROumOKkWW3N1XlACkEmy_Slst5KvHYaJ5Zt1ZVI-XY	s1_2FtaP75xgRVTNrUvmC0NIesJCNy8IDFJ05WNM4nUnpg	1unRD8	qadv-arbiter-7x7-v0.1.0	-	coin-flip-v0.0.1	-	L	P	196
g1_qROumOKkWW3N1XlACkEmy_Slst5KvHYaJ5Zt1ZVI-XY	s1_NEDwh3C-mDS6A5VznMjCXaHSnSL_FvZprZfZXYLR5uA	1unRD8	qadv-arbiter-7x7-v0.1.0	-	coin-flip-v0.0.1	-	L	P	196
g1_qROumOKkWW3N1XlACkEmy_Slst5KvHYaJ5Zt1ZVI-XY	s1_RauLaTi4eVgYHSp2TV9pqs9uzTVv0B10g9TaHMWpcZ4	1unRD8	qadv-arbiter-7x7-v0.1.0	-	coin-flip-v0.0.1	-	L	P	-
g1_qROumOKkWW3N1XlACkEmy_Slst5KvHYaJ5Zt1ZVI-XY	s1_U4DIxWL6de_IB7-G9-k0dneLZGCBTykzKhJwdv8JsUY	1unRD8	qadv-arbiter-7x7-v0.1.0	-	coin-flip-v0.0.1	-	L	P	196
g1_qRSpHTrM3_mdjm45tEj5O-I4NDYIVNz0c91CurXCpGM	s1_Fqw1zXTB0Q5U9vfEF04Khy_PG1UC45BIZkiu83mELFc	1unN75	qadv-arbiter-7x7-rust-lambda-v0.1.0	-	qadv-arbiter-7x7-rust-lambda-v0.1.0	-	L	P	196
g1_qRSpHTrM3_mdjm45tEj5O-I4NDYIVNz0c91CurXCpGM	s1_RauLaTi4eVgYHSp2TV9pqs9uzTVv0B10g9TaHMWpcZ4	1unN75	qadv-arbiter-7x7-rust-lambda-v0.1.0	-	qadv-arbiter-7x7-rust-lambda-v0.1.0	-	L	P	-
g1_qRSpHTrM3_mdjm45tEj5O-I4NDYIVNz0c91CurXCpGM	s1_hJUmjOCR-9uKTD9F8yVuTWbFUUIoBr-MzPPaD9n30Bg	1unN75	qadv-arbiter-7x7-rust-lambda-v0.1.0	-	qadv-arbiter-7x7-rust-lambda-v0.1.0	-	L	P	196
g1_qRSpHTrM3_mdjm45tEj5O-I4NDYIVNz0c91CurXCpGM	s1_qEr64EJ8XV8v5iSDFI-vHXsfUWb58QMNWby2aLNF4CE	1unN75	qadv-arbiter-7x7-rust-lambda-v0.1.0	-	qadv-arbiter-7x7-rust-lambda-v0.1.0	-	L	P	196
g1_qRaEyrG8fMvmctcKh63qtrxRKbTpYWexwkwosFhTCT4	s1_IMAs9P_tBtRuvPuB8vhU1YNWagXc2NRVTz5xLy2Z7as	1unLmu	qadv-arbiter-7x7-rust-lambda-v0.1.0	-	qadv-arbiter-7x7-rust-lambda-v0.1.0	-	L	P	196
g1_qRaEyrG8fMvmctcKh63qtrxRKbTpYWexwkwosFhTCT4	s1_RauLaTi4eVgYHSp2TV9pqs9uzTVv0B10g9TaHMWpcZ4	1unLmu	qadv-arbiter-7x7-rust-lambda-v0.1.0	-	qadv-arbiter-7x7-rust-lambda-v0.1.0	-	L	P	-
g1_qRaEyrG8fMvmctcKh63qtrxRKbTpYWexwkwosFhTCT4	s1_hQG32Q4KH8V6Ju4VugGM0tfEkOyp_Tn0IgU_0jUi9lk	1unLmu	qadv-arbiter-7x7-rust-lambda-v0.1.0	-	qadv-arbiter-7x7-rust-lambda-v0.1.0	-	L	P	196
g1_qRaEyrG8fMvmctcKh63qtrxRKbTpYWexwkwosFhTCT4	s1_sV_r5Cg6zUZyb9wU1QRZhGMuSSbv6VL5kE0AhgT9POQ	1unLmu	qadv-arbiter-7x7-rust-lambda-v0.1.0	-	qadv-arbiter-7x7-rust-lambda-v0.1.0	-	L	P	196
g1_qRm7YeOeZgd9x3D0ounB9gQ81-k_INSlahTZy3OQ664	s1_2FtaP75xgRVTNrUvmC0NIesJCNy8IDFJ05WNM4nUnpg	1unQqd	pathfinder-v0.3.0	-	qadv-arbiter-7x7-v0.1.0	-	L	P	196
g1_qRm7YeOeZgd9x3D0ounB9gQ81-k_INSlahTZy3OQ664	s1_RauLaTi4eVgYHSp2TV9pqs9uzTVv0B10g9TaHMWpcZ4	1unQqd	pathfinder-v0.3.0	-	qadv-arbiter-7x7-v0.1.0	-	L	P	-
g1_qRm7YeOeZgd9x3D0ounB9gQ81-k_INSlahTZy3OQ664	s1_uvcxErtaS-QFrpvsyDStZw47g1oUyr5P4t8pfBhZnqo	1unQqd	pathfinder-v0.3.0	-	qadv-arbiter-7x7-v0.1.0	-	L	P	196
g1_qRm7YeOeZgd9x3D0ounB9gQ81-k_INSlahTZy3OQ664	s1_vo_GeIEELyUGQl8J5tqax0fkgClWn_faT_HYcDrtGJs	1unQqd	pathfinder-v0.3.0	-	qadv-arbiter-7x7-v0.1.0	-	L	P	196
g1_qS0u1EWZY0s2iuffCXcZ0_09SebnZUUtgttQJo8xt6Y	s1_1LB6NAgPOeCp4r8rQw4kUOIXWpEdWysFm5RZjWCQSgc	1umwXJ	python-gnn-puct-learner-v0.1.0	sha256:ab0f739cd33d66781faf60e27797c5ccba3c04ba684f8d9e32e9c2754f4e8956	python-gnn-puct-learner-v0.1.0	sha256:ab0f739cd33d66781faf60e27797c5ccba3c04ba684f8d9e32e9c2754f4e8956	D	P	196
g1_qS0u1EWZY0s2iuffCXcZ0_09SebnZUUtgttQJo8xt6Y	s1_P4NHYhwuVnEA-dG2X-UVeVotb84A5mwljbYTlTMqr8w	1umwXJ	python-gnn-puct-learner-v0.1.0	sha256:ab0f739cd33d66781faf60e27797c5ccba3c04ba684f8d9e32e9c2754f4e8956	python-gnn-puct-learner-v0.1.0	sha256:ab0f739cd33d66781faf60e27797c5ccba3c04ba684f8d9e32e9c2754f4e8956	D	P	196
g1_qS3bvee76kF_09RpBt2sHeInNMIq_cT1ensN1DGOi8M	s1_1av6nXQkq-GSHXfjkVlGHGpAq8F9UbW4JwZmyFA-vww	1DIh8	rust-pathfinder-v0.1.0	-	lunatic-v0.1.0	-	L	P	-
g1_qS3bvee76kF_09RpBt2sHeInNMIq_cT1ensN1DGOi8M	s1_9Eroywf7tuDrn-hcfZPjlEa1DSRUykCRn9Z11u8ySIo	1DIh8	rust-pathfinder-v0.1.0	-	lunatic-v0.1.0	-	L	P	-
g1_qS3bvee76kF_09RpBt2sHeInNMIq_cT1ensN1DGOi8M	s1_Brk0hkuJoH-MBjdd53AO5tlWcOgDWV_R0PO74fHGd_0	1DIh8	rust-pathfinder-v0.1.0	-	lunatic-v0.1.0	-	L	P	-
g1_qS3bvee76kF_09RpBt2sHeInNMIq_cT1ensN1DGOi8M	s1_KmF8KhDbubz6lwdS8R_n_yTGdSONmH9B1wUABbyCj94	1DIh8	rust-pathfinder-v0.1.0	-	lunatic-v0.1.0	-	L	P	-
g1_qS3bvee76kF_09RpBt2sHeInNMIq_cT1ensN1DGOi8M	s1_MKrI0a3Qd48rU7oZj28GrlQ3cHhIbUzS5ibiIW9aKy4	1DIh8	rust-pathfinder-v0.1.0	-	lunatic-v0.1.0	-	L	P	-
g1_qS3bvee76kF_09RpBt2sHeInNMIq_cT1ensN1DGOi8M	s1_XloMUS0hxYEXf762lcPfaudsLmsH-CsOVZNVVU_obcA	1DIh8	rust-pathfinder-v0.1.0	-	lunatic-v0.1.0	-	L	P	-
g1_qS3bvee76kF_09RpBt2sHeInNMIq_cT1ensN1DGOi8M	s1_g5pGkHBMEhzAYvwFY0b24sSc7wC9JfnWApMHHZ_aMPI	1DIh8	rust-pathfinder-v0.1.0	-	lunatic-v0.1.0	-	L	P	-
g1_qSAainj6ZFf79VshIYsWp4vfQkb2GUh3POOZlHG1rJk	s1_RauLaTi4eVgYHSp2TV9pqs9uzTVv0B10g9TaHMWpcZ4	1unN7P	qadv-arbiter-7x7-rust-lambda-v0.1.0	-	qadv-arbiter-7x7-rust-lambda-v0.1.0	-	D	P	-
g1_qSAainj6ZFf79VshIYsWp4vfQkb2GUh3POOZlHG1rJk	s1_TNVQnZxiiwZx5RNEhdOctnWgI7FMXLqp4887YzQ2X30	1unN7P	qadv-arbiter-7x7-rust-lambda-v0.1.0	-	qadv-arbiter-7x7-rust-lambda-v0.1.0	-	D	P	196
g1_qSAainj6ZFf79VshIYsWp4vfQkb2GUh3POOZlHG1rJk	s1_hJUmjOCR-9uKTD9F8yVuTWbFUUIoBr-MzPPaD9n30Bg	1unN7P	qadv-arbiter-7x7-rust-lambda-v0.1.0	-	qadv-arbiter-7x7-rust-lambda-v0.1.0	-	D	P	196
g1_qSAainj6ZFf79VshIYsWp4vfQkb2GUh3POOZlHG1rJk	s1_qEr64EJ8XV8v5iSDFI-vHXsfUWb58QMNWby2aLNF4CE	1unN7P	qadv-arbiter-7x7-rust-lambda-v0.1.0	-	qadv-arbiter-7x7-rust-lambda-v0.1.0	-	D	P	196
g1_qSFYFc5Cch8g355L4rjAh_LHtSYYD4_hIa1GGNpLJxI	s1_L1KbHnGwlTy5tNYZDN9-ZNycq1coQOeedZHUKjpbWdo	1unODf	qadv-arbiter-7x7-rust-lambda-v0.1.0	-	qadv-arbiter-7x7-rust-lambda-v0.1.0	-	L	P	196
g1_qSFYFc5Cch8g355L4rjAh_LHtSYYD4_hIa1GGNpLJxI	s1_RauLaTi4eVgYHSp2TV9pqs9uzTVv0B10g9TaHMWpcZ4	1unODf	qadv-arbiter-7x7-rust-lambda-v0.1.0	-	qadv-arbiter-7x7-rust-lambda-v0.1.0	-	L	P	-
g1_qSFYFc5Cch8g355L4rjAh_LHtSYYD4_hIa1GGNpLJxI	s1_f2yf8FSv5_ywy8u7o7n_HTPzbrdqcnGT_1e4Hr6X_5A	1unODf	qadv-arbiter-7x7-rust-lambda-v0.1.0	-	qadv-arbiter-7x7-rust-lambda-v0.1.0	-	L	P	196
g1_qSFYFc5Cch8g355L4rjAh_LHtSYYD4_hIa1GGNpLJxI	s1_x6XSMoGHD2MT9lZYBJdn1tJH__JTDiH9RegrbrFkZII	1unODf	qadv-arbiter-7x7-rust-lambda-v0.1.0	-	qadv-arbiter-7x7-rust-lambda-v0.1.0	-	L	P	196
g1_qSHVRF-IwjlomtvrR6aOUIq7kOOpKhRzoW1WD4aEf7M	s1_LSXvmWxfyOmmwSazxc_OzYoDFJXFN8mDKx513A7LwFg	1unPJJ	qadv-arbiter-7x7-rust-lambda-v0.1.0	-	qadv-arbiter-7x7-rust-lambda-v0.1.0	-	D	P	196
g1_qSHVRF-IwjlomtvrR6aOUIq7kOOpKhRzoW1WD4aEf7M	s1_RauLaTi4eVgYHSp2TV9pqs9uzTVv0B10g9TaHMWpcZ4	1unPJJ	qadv-arbiter-7x7-rust-lambda-v0.1.0	-	qadv-arbiter-7x7-rust-lambda-v0.1.0	-	D	P	-
g1_qSHVRF-IwjlomtvrR6aOUIq7kOOpKhRzoW1WD4aEf7M	s1_kqCTzdIS82BZxvKrDgikavE-coeJdKCWITGZ0ZkJR-U	1unPJJ	qadv-arbiter-7x7-rust-lambda-v0.1.0	-	qadv-arbiter-7x7-rust-lambda-v0.1.0	-	D	P	196
g1_qSHVRF-IwjlomtvrR6aOUIq7kOOpKhRzoW1WD4aEf7M	s1_njR53btH5RHgYdOrTP-V7DIDkTTAdmTAJzvE6ueecYs	1unPJJ	qadv-arbiter-7x7-rust-lambda-v0.1.0	-	qadv-arbiter-7x7-rust-lambda-v0.1.0	-	D	P	196
g1_qSXRpAWQesaKIWm1yhOA4ebVV0-zZXXxHO56q9fptxU	s1_RauLaTi4eVgYHSp2TV9pqs9uzTVv0B10g9TaHMWpcZ4	1unP-U	qadv-arbiter-7x7-rust-lambda-v0.1.0	-	qadv-arbiter-7x7-rust-lambda-v0.1.0	-	L	P	-
g1_qSXRpAWQesaKIWm1yhOA4ebVV0-zZXXxHO56q9fptxU	s1_fQAvwflzABGTL_nNCo4SFCgtWJSuIQs7dKI_MEuxX6U	1unP-U	qadv-arbiter-7x7-rust-lambda-v0.1.0	-	qadv-arbiter-7x7-rust-lambda-v0.1.0	-	L	P	196
g1_qSXRpAWQesaKIWm1yhOA4ebVV0-zZXXxHO56q9fptxU	s1_k07b7RP1a4EqiEQVZITSdUjkY0U58Fy_OpfnyXCDup4	1unP-U	qadv-arbiter-7x7-rust-lambda-v0.1.0	-	qadv-arbiter-7x7-rust-lambda-v0.1.0	-	L	P	196
g1_qSXRpAWQesaKIWm1yhOA4ebVV0-zZXXxHO56q9fptxU	s1_oJaR2FggiC1KXzNL6Jskd16Aggusp2iPs463E_9F79s	1unP-U	qadv-arbiter-7x7-rust-lambda-v0.1.0	-	qadv-arbiter-7x7-rust-lambda-v0.1.0	-	L	P	196
g1_qSbUA7cX5OrkopYYE-fzpAfHrwcwtIprJeW1PCnIgGc	s1_qtlitMa-GGx-0y2heoyNRonYXf1Dq5epTexnVe9Iqtw	1umxe7	python-gnn-puct-learner-v0.1.0	sha256:ab0f739cd33d66781faf60e27797c5ccba3c04ba684f8d9e32e9c2754f4e8956	python-gnn-puct-learner-v0.1.0	sha256:ab0f739cd33d66781faf60e27797c5ccba3c04ba684f8d9e32e9c2754f4e8956	L	P	196
g1_qSgCSY1mNDmJrFD3TY12CMC0cgGcei8_gIdIhQjk72A	s1_1XoxENw8Z_E12JzQZ6H9rkrRJk1Wo7aAAvq4jhDVyGo	1un5e9	surveyor-v0.2.0	-	qadv-arbiter-guided-7x7-v0.2.0	sha256:9c0e5e530df7db77a98f6a2e75fe63a6f629c6ad6563e0b5454793ebc243b14d	D	P	196
g1_qSgCSY1mNDmJrFD3TY12CMC0cgGcei8_gIdIhQjk72A	s1_O3cuwuia8XT9TI7Nxr3tRcajOA20XFHEIT2fYX3WizY	1un5e9	surveyor-v0.2.0	-	qadv-arbiter-guided-7x7-v0.2.0	sha256:9c0e5e530df7db77a98f6a2e75fe63a6f629c6ad6563e0b5454793ebc243b14d	D	P	196
g1_qSgCSY1mNDmJrFD3TY12CMC0cgGcei8_gIdIhQjk72A	s1_Wm96nwaIWKpAJ3RfJi_pk_r6EF_3M78D0GXx9IBk1xo	1un5e9	surveyor-v0.2.0	-	qadv-arbiter-guided-7x7-v0.2.0	sha256:9c0e5e530df7db77a98f6a2e75fe63a6f629c6ad6563e0b5454793ebc243b14d	D	P	196
g1_qSwmYj5Y2Edwf0KJuwbVE2dcowMszcSuLIxBbQEx6RM	s1_BM7jB3gsEjU2Cx47JIGrIEjOg3exA2TlnPIeOQX5vCM	1DNgz	python-gnn-puct-v0.1.0	-	python-gnn-puct-v0.1.0	-	D	P	-
g1_qT0avA-IcPWmdBjbH1iq_TTcFP-hpJ_Mtta0vYWm-wo	s1_RauLaTi4eVgYHSp2TV9pqs9uzTVv0B10g9TaHMWpcZ4	1unMi9	qadv-arbiter-7x7-rust-lambda-v0.1.0	-	qadv-arbiter-7x7-rust-lambda-v0.1.0	-	D	P	-
g1_qT0avA-IcPWmdBjbH1iq_TTcFP-hpJ_Mtta0vYWm-wo	s1_T3gDrZ_spaNrvV4fJ2kMis2kP1__niX8Iv7kyZO1HKY	1unMi9	qadv-arbiter-7x7-rust-lambda-v0.1.0	-	qadv-arbiter-7x7-rust-lambda-v0.1.0	-	D	P	196
g1_qT0avA-IcPWmdBjbH1iq_TTcFP-hpJ_Mtta0vYWm-wo	s1_V2T6w1RHIXENpqpW_vdSRz4xbKUEzlrBm5PgmxKHtAQ	1unMi9	qadv-arbiter-7x7-rust-lambda-v0.1.0	-	qadv-arbiter-7x7-rust-lambda-v0.1.0	-	D	P	196
g1_qT0avA-IcPWmdBjbH1iq_TTcFP-hpJ_Mtta0vYWm-wo	s1_hpN_YxQToMGvmK9GN87C9wvB9WxVTUFHMBIyW6Jkcjc	1unMi9	qadv-arbiter-7x7-rust-lambda-v0.1.0	-	qadv-arbiter-7x7-rust-lambda-v0.1.0	-	D	P	196
g1_qT6KShw1uFDxQI0g8xk1i1uwPeTVqccILCI5zPbJ8Ow	s1_RauLaTi4eVgYHSp2TV9pqs9uzTVv0B10g9TaHMWpcZ4	1unNMK	qadv-arbiter-7x7-rust-lambda-v0.1.0	-	qadv-arbiter-7x7-rust-lambda-v0.1.0	-	L	P	-
g1_qT6KShw1uFDxQI0g8xk1i1uwPeTVqccILCI5zPbJ8Ow	s1_WDeaFTjg6slsSgEHvYtob5CzebRBz0H97ZGS228AEzM	1unNMK	qadv-arbiter-7x7-rust-lambda-v0.1.0	-	qadv-arbiter-7x7-rust-lambda-v0.1.0	-	L	P	196
g1_qT6KShw1uFDxQI0g8xk1i1uwPeTVqccILCI5zPbJ8Ow	s1_iryqLMk-RqfZZUggC42d0gV6rrAN2YpUHLWF1ZCp7Ik	1unNMK	qadv-arbiter-7x7-rust-lambda-v0.1.0	-	qadv-arbiter-7x7-rust-lambda-v0.1.0	-	L	P	196
g1_qT6KShw1uFDxQI0g8xk1i1uwPeTVqccILCI5zPbJ8Ow	s1_rgNh5h5682wL4dfwh7g6dpUvSdpCqR1RVOGnGQusLxA	1unNMK	qadv-arbiter-7x7-rust-lambda-v0.1.0	-	qadv-arbiter-7x7-rust-lambda-v0.1.0	-	L	P	196
g1_qTN3aJxibjAlt1CS63lVZ6AicDcYJF2N0ofZ0n8b484	s1_RauLaTi4eVgYHSp2TV9pqs9uzTVv0B10g9TaHMWpcZ4	1unN2I	qadv-arbiter-7x7-rust-lambda-v0.1.0	-	qadv-arbiter-7x7-rust-lambda-v0.1.0	-	L	P	-
g1_qTN3aJxibjAlt1CS63lVZ6AicDcYJF2N0ofZ0n8b484	s1_lnEgdEtnNGw_3VTqf1jaGqG_gAYtxf7Ydj027mCLhac	1unN2I	qadv-arbiter-7x7-rust-lambda-v0.1.0	-	qadv-arbiter-7x7-rust-lambda-v0.1.0	-	L	P	196
g1_qTN3aJxibjAlt1CS63lVZ6AicDcYJF2N0ofZ0n8b484	s1_o6gQovsuuuzsKmvm3ZUPMC_vwUIjDLx2wt7Qml2kTiQ	1unN2I	qadv-arbiter-7x7-rust-lambda-v0.1.0	-	qadv-arbiter-7x7-rust-lambda-v0.1.0	-	L	P	196
g1_qTN3aJxibjAlt1CS63lVZ6AicDcYJF2N0ofZ0n8b484	s1_vwfJkyiboNm_3QWs_roPWl6Vs-zGdzit4-UrB64vwsU	1unN2I	qadv-arbiter-7x7-rust-lambda-v0.1.0	-	qadv-arbiter-7x7-rust-lambda-v0.1.0	-	L	P	196
g1_qTNxVXZi2kuF-rTvbEoNBOrvcwx2n8mfoNTGez_cS7k	s1_2FtaP75xgRVTNrUvmC0NIesJCNy8IDFJ05WNM4nUnpg	1unQo2	qadv-arbiter-7x7-v0.1.0	-	pathfinder-v0.3.0	-	D	P	196
g1_qTNxVXZi2kuF-rTvbEoNBOrvcwx2n8mfoNTGez_cS7k	s1_7m6rzVUMwKb2ze4m0l4101Ex_LeBD751xgIP1pyiYhY	1unQo2	qadv-arbiter-7x7-v0.1.0	-	pathfinder-v0.3.0	-	D	P	196
g1_qTNxVXZi2kuF-rTvbEoNBOrvcwx2n8mfoNTGez_cS7k	s1_RauLaTi4eVgYHSp2TV9pqs9uzTVv0B10g9TaHMWpcZ4	1unQo2	qadv-arbiter-7x7-v0.1.0	-	pathfinder-v0.3.0	-	D	P	-
g1_qTNxVXZi2kuF-rTvbEoNBOrvcwx2n8mfoNTGez_cS7k	s1_xobEnvOQZmHITkz7FKjSzba8kVxhIiK36sbqhqWGqpw	1unQo2	qadv-arbiter-7x7-v0.1.0	-	pathfinder-v0.3.0	-	D	P	196
g1_qTR7S11Hcw_TojCRBN3tTVVwR2MeBz3rSg1gsLk04z0	s1_6PxtazPxkizz7K9QTWPSCIopEV5n0zpHoq3F52yO_6U	1umwhr	python-cnn-puct-v0.1.0	sha256:7845e9b7687beee165dc36b8d21833b7a8b5a83e31b58b49bd05c277ba26e642	python-cnn-puct-v0.1.0	sha256:7845e9b7687beee165dc36b8d21833b7a8b5a83e31b58b49bd05c277ba26e642	D	P	196
g1_qTR7S11Hcw_TojCRBN3tTVVwR2MeBz3rSg1gsLk04z0	s1_baRgKA_wMXdl0r4AwdkUfhWC04qxd1MvEGXAQaDd4fo	1umwhr	python-cnn-puct-v0.1.0	sha256:7845e9b7687beee165dc36b8d21833b7a8b5a83e31b58b49bd05c277ba26e642	python-cnn-puct-v0.1.0	sha256:7845e9b7687beee165dc36b8d21833b7a8b5a83e31b58b49bd05c277ba26e642	D	P	196
g1_qTRK7VJF-nh__4MkR2mkiuZpRH0OXkAPA9pMjOX1i9s	s1_WVg7aYYLIrw6_-2mI3jQ-DPcLO4gX2sPEEqWQb0DGQA	1umxUN	python-cnn-puct-reval30k-v0.1.0	sha256:eb2600a53e225a835455efdb2759c40e27c5cb3c16ab0688bc21b99290ed10ee	python-cnn-puct-reval30k-v0.1.0	sha256:eb2600a53e225a835455efdb2759c40e27c5cb3c16ab0688bc21b99290ed10ee	D	P	196
g1_qTiHjvjSWdjlIwVdbV963UR0mufcs1N1EaOj0YTdG2k	s1_2FtaP75xgRVTNrUvmC0NIesJCNy8IDFJ05WNM4nUnpg	1unQwP	surveyor-v0.2.0	-	qadv-arbiter-7x7-v0.1.0	-	L	P	196
g1_qTiHjvjSWdjlIwVdbV963UR0mufcs1N1EaOj0YTdG2k	s1_F1bRTMMc7WPBHhcU2WhUt_ZCP3YyTFtaERJ-_FH31CA	1unQwP	surveyor-v0.2.0	-	qadv-arbiter-7x7-v0.1.0	-	L	P	196
g1_qTiHjvjSWdjlIwVdbV963UR0mufcs1N1EaOj0YTdG2k	s1_RauLaTi4eVgYHSp2TV9pqs9uzTVv0B10g9TaHMWpcZ4	1unQwP	surveyor-v0.2.0	-	qadv-arbiter-7x7-v0.1.0	-	L	P	-
g1_qTiHjvjSWdjlIwVdbV963UR0mufcs1N1EaOj0YTdG2k	s1_r_aakkBh0E5sLfSMfr6wo0BzUWCpdn13cEkWE-S9cLU	1unQwP	surveyor-v0.2.0	-	qadv-arbiter-7x7-v0.1.0	-	L	P	196
g1_qTr0dJ6WD2NyKz5TdYl6nruN-R5llMxsdrefbGaKreY	s1_14ETWmU4G5mEpHlt60W7EqvQ7UlJL-ewwxQHb7MnuKk	1unMWW	qadv-arbiter-7x7-rust-lambda-v0.1.0	-	qadv-arbiter-7x7-rust-lambda-v0.1.0	-	D	P	196
g1_qTr0dJ6WD2NyKz5TdYl6nruN-R5llMxsdrefbGaKreY	s1_RauLaTi4eVgYHSp2TV9pqs9uzTVv0B10g9TaHMWpcZ4	1unMWW	qadv-arbiter-7x7-rust-lambda-v0.1.0	-	qadv-arbiter-7x7-rust-lambda-v0.1.0	-	D	P	-
g1_qTr0dJ6WD2NyKz5TdYl6nruN-R5llMxsdrefbGaKreY	s1_bpftDsqWTGlTEKHNQp5bo0KcRp9daD3G9Eokq9nLd1I	1unMWW	qadv-arbiter-7x7-rust-lambda-v0.1.0	-	qadv-arbiter-7x7-rust-lambda-v0.1.0	-	D	P	196
g1_qTr0dJ6WD2NyKz5TdYl6nruN-R5llMxsdrefbGaKreY	s1_xEssKTuumdWUli_-ItO3WlifzlxMqUfb_880u1RycWU	1unMWW	qadv-arbiter-7x7-rust-lambda-v0.1.0	-	qadv-arbiter-7x7-rust-lambda-v0.1.0	-	D	P	196
g1_qTwkQ25M5trQ3bpemJ7yGi84dY6CuNZJPRvq_uEaO1E	s1_1av6nXQkq-GSHXfjkVlGHGpAq8F9UbW4JwZmyFA-vww	1umvWb	python-gnn-puct-learner-v0.1.0	sha256:ab0f739cd33d66781faf60e27797c5ccba3c04ba684f8d9e32e9c2754f4e8956	python-gnn-puct-learner-v0.1.0	sha256:ab0f739cd33d66781faf60e27797c5ccba3c04ba684f8d9e32e9c2754f4e8956	-	M	196
g1_qTwkQ25M5trQ3bpemJ7yGi84dY6CuNZJPRvq_uEaO1E	s1_QBFUsDtxokERlDOdQkleYbPvhJ-vIp2qmp6DXjS-7oM	1umvWb	python-gnn-puct-learner-v0.1.0	sha256:ab0f739cd33d66781faf60e27797c5ccba3c04ba684f8d9e32e9c2754f4e8956	python-gnn-puct-learner-v0.1.0	sha256:ab0f739cd33d66781faf60e27797c5ccba3c04ba684f8d9e32e9c2754f4e8956	-	M	196
g1_qTwkQ25M5trQ3bpemJ7yGi84dY6CuNZJPRvq_uEaO1E	s1_mWPTef6xYbijjPhDIC6QgLRmu2mMSJAokNlIkx3vg54	1umvWb	python-gnn-puct-learner-v0.1.0	sha256:ab0f739cd33d66781faf60e27797c5ccba3c04ba684f8d9e32e9c2754f4e8956	python-gnn-puct-learner-v0.1.0	sha256:ab0f739cd33d66781faf60e27797c5ccba3c04ba684f8d9e32e9c2754f4e8956	-	M	196
g1_qTy04ZijYVhnFL7MEsFnPvN9PkDQqTEzvaKUTG9rW_0	s1_A3vR1kNKaom1N1_v8p6h3dJKWi11nHj_b86Jif_N2KU	1unND3	qadv-arbiter-7x7-rust-lambda-v0.1.0	-	qadv-arbiter-7x7-rust-lambda-v0.1.0	-	L	P	196
g1_qTy04ZijYVhnFL7MEsFnPvN9PkDQqTEzvaKUTG9rW_0	s1_Q5Hqh1biUrBzdIwZBtkBm2Y0Qnz7nm4PPrKcevsUgAk	1unND3	qadv-arbiter-7x7-rust-lambda-v0.1.0	-	qadv-arbiter-7x7-rust-lambda-v0.1.0	-	L	P	196
g1_qTy04ZijYVhnFL7MEsFnPvN9PkDQqTEzvaKUTG9rW_0	s1_RauLaTi4eVgYHSp2TV9pqs9uzTVv0B10g9TaHMWpcZ4	1unND3	qadv-arbiter-7x7-rust-lambda-v0.1.0	-	qadv-arbiter-7x7-rust-lambda-v0.1.0	-	L	P	-
g1_qTy04ZijYVhnFL7MEsFnPvN9PkDQqTEzvaKUTG9rW_0	s1_sj5ZhB0-dW4ktX43a9-edxJNWPJBSFbSBnuY7x6X2qs	1unND3	qadv-arbiter-7x7-rust-lambda-v0.1.0	-	qadv-arbiter-7x7-rust-lambda-v0.1.0	-	L	P	196
g1_qUIwjNLNi8cR9QdFqWI-s1BxDTC9RC97b--8nRH8Uoc	s1_IrjHtUfW7ZySvmI3HxqUaTEKfUOpzwrdMMhISp4ZjhQ	1unOQX	qadv-arbiter-7x7-rust-lambda-v0.1.0	-	qadv-arbiter-7x7-rust-lambda-v0.1.0	-	D	P	196
g1_qUIwjNLNi8cR9QdFqWI-s1BxDTC9RC97b--8nRH8Uoc	s1_RauLaTi4eVgYHSp2TV9pqs9uzTVv0B10g9TaHMWpcZ4	1unOQX	qadv-arbiter-7x7-rust-lambda-v0.1.0	-	qadv-arbiter-7x7-rust-lambda-v0.1.0	-	D	P	-
g1_qUIwjNLNi8cR9QdFqWI-s1BxDTC9RC97b--8nRH8Uoc	s1_VMP1vNt69EnX1AGE0g7l8SNvDEL3D7OD76i2OHe9zoE	1unOQX	qadv-arbiter-7x7-rust-lambda-v0.1.0	-	qadv-arbiter-7x7-rust-lambda-v0.1.0	-	D	P	196
g1_qUIwjNLNi8cR9QdFqWI-s1BxDTC9RC97b--8nRH8Uoc	s1_YWPTKVyozD2TmA5Q5shkVU7qy4VWUzMDleBbY5a18dU	1unOQX	qadv-arbiter-7x7-rust-lambda-v0.1.0	-	qadv-arbiter-7x7-rust-lambda-v0.1.0	-	D	P	196
g1_qUJmXgsQ6nS295lbhxJfQkYMlsHZc74Xh5xzrCl-Nx4	s1_C0kJbVm_Hp5yRR0ltaC5APOSH-kasOFrmN6vKleSuu4	1unOFl	qadv-arbiter-7x7-rust-lambda-v0.1.0	-	qadv-arbiter-7x7-rust-lambda-v0.1.0	-	D	P	196
g1_qUJmXgsQ6nS295lbhxJfQkYMlsHZc74Xh5xzrCl-Nx4	s1_RauLaTi4eVgYHSp2TV9pqs9uzTVv0B10g9TaHMWpcZ4	1unOFl	qadv-arbiter-7x7-rust-lambda-v0.1.0	-	qadv-arbiter-7x7-rust-lambda-v0.1.0	-	D	P	-
g1_qUJmXgsQ6nS295lbhxJfQkYMlsHZc74Xh5xzrCl-Nx4	s1_ZbORunwzAuW04Tuu08RL1MxK4uTLAmwAiozbW84UCBY	1unOFl	qadv-arbiter-7x7-rust-lambda-v0.1.0	-	qadv-arbiter-7x7-rust-lambda-v0.1.0	-	D	P	196
g1_qUJmXgsQ6nS295lbhxJfQkYMlsHZc74Xh5xzrCl-Nx4	s1_lw35FFcbaizqqRKWQYMQ40pz4Fp4JNAnBOm_nI-ezYA	1unOFl	qadv-arbiter-7x7-rust-lambda-v0.1.0	-	qadv-arbiter-7x7-rust-lambda-v0.1.0	-	D	P	196
g1_qUkfML-O_lB1vU8TN6boDJMnFIe8yA31Qeng9xCsG5c	s1_1av6nXQkq-GSHXfjkVlGHGpAq8F9UbW4JwZmyFA-vww	1DIZH	python-gnn-puct-v0.1.0	sha256:6f9ad6e4a0993da3cf34a8549e86f9b5d512c51e11bfa76dfe051e7a8801bdac	python-gnn-puct-v0.1.0	sha256:6f9ad6e4a0993da3cf34a8549e86f9b5d512c51e11bfa76dfe051e7a8801bdac	L	P	196
g1_qUkfML-O_lB1vU8TN6boDJMnFIe8yA31Qeng9xCsG5c	s1_Brk0hkuJoH-MBjdd53AO5tlWcOgDWV_R0PO74fHGd_0	1DIZH	python-gnn-puct-v0.1.0	sha256:6f9ad6e4a0993da3cf34a8549e86f9b5d512c51e11bfa76dfe051e7a8801bdac	python-gnn-puct-v0.1.0	sha256:6f9ad6e4a0993da3cf34a8549e86f9b5d512c51e11bfa76dfe051e7a8801bdac	L	P	196
g1_qUkfML-O_lB1vU8TN6boDJMnFIe8yA31Qeng9xCsG5c	s1_KmF8KhDbubz6lwdS8R_n_yTGdSONmH9B1wUABbyCj94	1DIZH	python-gnn-puct-v0.1.0	sha256:6f9ad6e4a0993da3cf34a8549e86f9b5d512c51e11bfa76dfe051e7a8801bdac	python-gnn-puct-v0.1.0	sha256:6f9ad6e4a0993da3cf34a8549e86f9b5d512c51e11bfa76dfe051e7a8801bdac	L	P	196
g1_qUkfML-O_lB1vU8TN6boDJMnFIe8yA31Qeng9xCsG5c	s1_g5pGkHBMEhzAYvwFY0b24sSc7wC9JfnWApMHHZ_aMPI	1DIZH	python-gnn-puct-v0.1.0	sha256:6f9ad6e4a0993da3cf34a8549e86f9b5d512c51e11bfa76dfe051e7a8801bdac	python-gnn-puct-v0.1.0	sha256:6f9ad6e4a0993da3cf34a8549e86f9b5d512c51e11bfa76dfe051e7a8801bdac	L	P	196
g1_qUkfML-O_lB1vU8TN6boDJMnFIe8yA31Qeng9xCsG5c	s1_tol_POp6BcgBLMWq8iDfRBQSAXpESHxFwmcCQYXv0yQ	1DIZH	python-gnn-puct-v0.1.0	sha256:6f9ad6e4a0993da3cf34a8549e86f9b5d512c51e11bfa76dfe051e7a8801bdac	python-gnn-puct-v0.1.0	sha256:6f9ad6e4a0993da3cf34a8549e86f9b5d512c51e11bfa76dfe051e7a8801bdac	L	P	196
g1_qV0h4MXTjNWT5ctTrniFvect0j5F5o8jGXkF-uluMpQ	s1_5KyqYSEuAQhyxcyWQ8Hm41DiHKrHEdQ6nR6pPnfIbPA	1unPlc	qadv-arbiter-7x7-rust-lambda-v0.1.0	-	qadv-arbiter-7x7-rust-lambda-v0.1.0	-	D	P	196
g1_qV0h4MXTjNWT5ctTrniFvect0j5F5o8jGXkF-uluMpQ	s1_RauLaTi4eVgYHSp2TV9pqs9uzTVv0B10g9TaHMWpcZ4	1unPlc	qadv-arbiter-7x7-rust-lambda-v0.1.0	-	qadv-arbiter-7x7-rust-lambda-v0.1.0	-	D	P	-
g1_qV0h4MXTjNWT5ctTrniFvect0j5F5o8jGXkF-uluMpQ	s1_elCEVL2p4G0STmoeF8a-FrW4znUyQKOyQzQhohDGnz4	1unPlc	qadv-arbiter-7x7-rust-lambda-v0.1.0	-	qadv-arbiter-7x7-rust-lambda-v0.1.0	-	D	P	196
g1_qV0h4MXTjNWT5ctTrniFvect0j5F5o8jGXkF-uluMpQ	s1_xhDQb-GI0_fDYxCchwzbMnx4riOGS_r14pS_SLKA2cA	1unPlc	qadv-arbiter-7x7-rust-lambda-v0.1.0	-	qadv-arbiter-7x7-rust-lambda-v0.1.0	-	D	P	196
g1_qV6AfXA9giqJKobEHThnEHZHhFKyS_zjsfVxuVz8NEM	s1_Chwe1oEh1Oy5u_Dx54ccKSvJhzKDXif5uM64BvXoD8U	1unNYB	qadv-arbiter-7x7-rust-lambda-v0.1.0	-	qadv-arbiter-7x7-rust-lambda-v0.1.0	-	D	P	196
g1_qV6AfXA9giqJKobEHThnEHZHhFKyS_zjsfVxuVz8NEM	s1_IS-0mVLwvHEZQAQMmjVDvDTHcdfT2s69OnN-ee3Xm60	1unNYB	qadv-arbiter-7x7-rust-lambda-v0.1.0	-	qadv-arbiter-7x7-rust-lambda-v0.1.0	-	D	P	196
g1_qV6AfXA9giqJKobEHThnEHZHhFKyS_zjsfVxuVz8NEM	s1_L4nq1MUVZIF2L-1rOyOry4tO_9Yadt2ox9V4tiN-gU8	1unNYB	qadv-arbiter-7x7-rust-lambda-v0.1.0	-	qadv-arbiter-7x7-rust-lambda-v0.1.0	-	D	P	196
g1_qV6AfXA9giqJKobEHThnEHZHhFKyS_zjsfVxuVz8NEM	s1_RauLaTi4eVgYHSp2TV9pqs9uzTVv0B10g9TaHMWpcZ4	1unNYB	qadv-arbiter-7x7-rust-lambda-v0.1.0	-	qadv-arbiter-7x7-rust-lambda-v0.1.0	-	D	P	-
g1_qVATuB4ESIrnnJQYzmELgygFJFdT_PsatdgX4AbiPcU	s1_0S6qBd0QXGiPmlVz1zzWBrccQHOMlTsTcSbAUSJJ7RM	1unP0W	qadv-arbiter-7x7-rust-lambda-v0.1.0	-	qadv-arbiter-7x7-rust-lambda-v0.1.0	-	D	P	196
g1_qVATuB4ESIrnnJQYzmELgygFJFdT_PsatdgX4AbiPcU	s1_RauLaTi4eVgYHSp2TV9pqs9uzTVv0B10g9TaHMWpcZ4	1unP0W	qadv-arbiter-7x7-rust-lambda-v0.1.0	-	qadv-arbiter-7x7-rust-lambda-v0.1.0	-	D	P	-
g1_qVATuB4ESIrnnJQYzmELgygFJFdT_PsatdgX4AbiPcU	s1_UvcrV3qRimMCFEC8FS4dlbyCCLejOwsZ1PtkgK2JLZ4	1unP0W	qadv-arbiter-7x7-rust-lambda-v0.1.0	-	qadv-arbiter-7x7-rust-lambda-v0.1.0	-	D	P	196
g1_qVATuB4ESIrnnJQYzmELgygFJFdT_PsatdgX4AbiPcU	s1_zuH8ZjNf9Rtloeiq1Wbfq3fw9NNF9__eznxncOheRf0	1unP0W	qadv-arbiter-7x7-rust-lambda-v0.1.0	-	qadv-arbiter-7x7-rust-lambda-v0.1.0	-	D	P	196
g1_qVLoAvhO-XhSWjR-LGfz7iEwIQe0QGEr6ZJb39P_l98	s1_1av6nXQkq-GSHXfjkVlGHGpAq8F9UbW4JwZmyFA-vww	1umvUZ	python-gnn-puct-learner-v0.1.0	sha256:ab0f739cd33d66781faf60e27797c5ccba3c04ba684f8d9e32e9c2754f4e8956	python-gnn-puct-learner-v0.1.0	sha256:ab0f739cd33d66781faf60e27797c5ccba3c04ba684f8d9e32e9c2754f4e8956	L	P	196
g1_qVLoAvhO-XhSWjR-LGfz7iEwIQe0QGEr6ZJb39P_l98	s1_Brk0hkuJoH-MBjdd53AO5tlWcOgDWV_R0PO74fHGd_0	1umvUZ	python-gnn-puct-learner-v0.1.0	sha256:ab0f739cd33d66781faf60e27797c5ccba3c04ba684f8d9e32e9c2754f4e8956	python-gnn-puct-learner-v0.1.0	sha256:ab0f739cd33d66781faf60e27797c5ccba3c04ba684f8d9e32e9c2754f4e8956	L	P	196
g1_qVLoAvhO-XhSWjR-LGfz7iEwIQe0QGEr6ZJb39P_l98	s1_QBFUsDtxokERlDOdQkleYbPvhJ-vIp2qmp6DXjS-7oM	1umvUZ	python-gnn-puct-learner-v0.1.0	sha256:ab0f739cd33d66781faf60e27797c5ccba3c04ba684f8d9e32e9c2754f4e8956	python-gnn-puct-learner-v0.1.0	sha256:ab0f739cd33d66781faf60e27797c5ccba3c04ba684f8d9e32e9c2754f4e8956	L	P	196
g1_qVT2B4Eu4NDQykP8abuw7dX6Zz5GtlQ-LlaeEwUU034	s1_JTXItvdpCT8OaALARCXlHmf14_DYYBKeRHf9KoRvFsY	1unN2r	qadv-arbiter-7x7-rust-lambda-v0.1.0	-	qadv-arbiter-7x7-rust-lambda-v0.1.0	-	D	P	196
g1_qVT2B4Eu4NDQykP8abuw7dX6Zz5GtlQ-LlaeEwUU034	s1_OyS2nizEIdXC5rPArRjhpYWaS7iBy_nEc6dL7bEhFU4	1unN2r	qadv-arbiter-7x7-rust-lambda-v0.1.0	-	qadv-arbiter-7x7-rust-lambda-v0.1.0	-	D	P	196
g1_qVT2B4Eu4NDQykP8abuw7dX6Zz5GtlQ-LlaeEwUU034	s1_RauLaTi4eVgYHSp2TV9pqs9uzTVv0B10g9TaHMWpcZ4	1unN2r	qadv-arbiter-7x7-rust-lambda-v0.1.0	-	qadv-arbiter-7x7-rust-lambda-v0.1.0	-	D	P	-
g1_qVT2B4Eu4NDQykP8abuw7dX6Zz5GtlQ-LlaeEwUU034	s1_b6KIVR9LdEhQ7hwcicno7qGS2dW5k_-ypQAV0ce0nIM	1unN2r	qadv-arbiter-7x7-rust-lambda-v0.1.0	-	qadv-arbiter-7x7-rust-lambda-v0.1.0	-	D	P	196
g1_qVXnsFf0k0Si7mUVlWdnLD2ufkO34G4NwObOl1Z85dg	s1_RauLaTi4eVgYHSp2TV9pqs9uzTVv0B10g9TaHMWpcZ4	1unM-a	qadv-arbiter-7x7-rust-lambda-v0.1.0	-	qadv-arbiter-7x7-rust-lambda-v0.1.0	-	L	P	-
g1_qVXnsFf0k0Si7mUVlWdnLD2ufkO34G4NwObOl1Z85dg	s1_SqabFS7KyYyWXSEZwymtl6cYnSizcZNmF4vcljQFGsI	1unM-a	qadv-arbiter-7x7-rust-lambda-v0.1.0	-	qadv-arbiter-7x7-rust-lambda-v0.1.0	-	L	P	196
g1_qVXnsFf0k0Si7mUVlWdnLD2ufkO34G4NwObOl1Z85dg	s1_kNYFpqnEpeAr2Q6DUZSnuzNXY7bR9M7ixLMnm6wJ3CI	1unM-a	qadv-arbiter-7x7-rust-lambda-v0.1.0	-	qadv-arbiter-7x7-rust-lambda-v0.1.0	-	L	P	196
g1_qVXnsFf0k0Si7mUVlWdnLD2ufkO34G4NwObOl1Z85dg	s1_vCh5OIPKkS5zRdk2XvjCs3Qn_AZPz2hvMvEnvgoY_s4	1unM-a	qadv-arbiter-7x7-rust-lambda-v0.1.0	-	qadv-arbiter-7x7-rust-lambda-v0.1.0	-	L	P	196
g1_qVaFU3IWmt0envyc4xk7SFvctE93L3QphohauYv8vV8	s1_6PxtazPxkizz7K9QTWPSCIopEV5n0zpHoq3F52yO_6U	1umweo	python-cnn-puct-v0.1.0	sha256:7845e9b7687beee165dc36b8d21833b7a8b5a83e31b58b49bd05c277ba26e642	python-cnn-puct-v0.1.0	sha256:7845e9b7687beee165dc36b8d21833b7a8b5a83e31b58b49bd05c277ba26e642	D	P	196
g1_qVaFU3IWmt0envyc4xk7SFvctE93L3QphohauYv8vV8	s1_baRgKA_wMXdl0r4AwdkUfhWC04qxd1MvEGXAQaDd4fo	1umweo	python-cnn-puct-v0.1.0	sha256:7845e9b7687beee165dc36b8d21833b7a8b5a83e31b58b49bd05c277ba26e642	python-cnn-puct-v0.1.0	sha256:7845e9b7687beee165dc36b8d21833b7a8b5a83e31b58b49bd05c277ba26e642	D	P	196
g1_qVcXQEM79BmRVgvIWRYByKnNdXJ82fePAToVLYP83pA	s1_1av6nXQkq-GSHXfjkVlGHGpAq8F9UbW4JwZmyFA-vww	1DIWg	rust-pathfinder-v0.1.0	-	lunatic-v0.1.0	-	L	P	-
g1_qVcXQEM79BmRVgvIWRYByKnNdXJ82fePAToVLYP83pA	s1_9Eroywf7tuDrn-hcfZPjlEa1DSRUykCRn9Z11u8ySIo	1DIWg	rust-pathfinder-v0.1.0	-	lunatic-v0.1.0	-	L	P	-
g1_qVcXQEM79BmRVgvIWRYByKnNdXJ82fePAToVLYP83pA	s1_Brk0hkuJoH-MBjdd53AO5tlWcOgDWV_R0PO74fHGd_0	1DIWg	rust-pathfinder-v0.1.0	-	lunatic-v0.1.0	-	L	P	-
g1_qVcXQEM79BmRVgvIWRYByKnNdXJ82fePAToVLYP83pA	s1_KmF8KhDbubz6lwdS8R_n_yTGdSONmH9B1wUABbyCj94	1DIWg	rust-pathfinder-v0.1.0	-	lunatic-v0.1.0	-	L	P	-
g1_qVcXQEM79BmRVgvIWRYByKnNdXJ82fePAToVLYP83pA	s1_MKrI0a3Qd48rU7oZj28GrlQ3cHhIbUzS5ibiIW9aKy4	1DIWg	rust-pathfinder-v0.1.0	-	lunatic-v0.1.0	-	L	P	-
g1_qVcXQEM79BmRVgvIWRYByKnNdXJ82fePAToVLYP83pA	s1_XloMUS0hxYEXf762lcPfaudsLmsH-CsOVZNVVU_obcA	1DIWg	rust-pathfinder-v0.1.0	-	lunatic-v0.1.0	-	L	P	-
g1_qVcXQEM79BmRVgvIWRYByKnNdXJ82fePAToVLYP83pA	s1_g5pGkHBMEhzAYvwFY0b24sSc7wC9JfnWApMHHZ_aMPI	1DIWg	rust-pathfinder-v0.1.0	-	lunatic-v0.1.0	-	L	P	-
g1_qVoAIlnkGVOPX6Y5Nn60O0_hdeEot24aJZ4EPhiYgwE	s1_1oJ6-xsFMEt26d3wV6kvTjl6TpybRyc2cgM0D6jovxY	1unOU6	qadv-arbiter-7x7-rust-lambda-v0.1.0	-	qadv-arbiter-7x7-rust-lambda-v0.1.0	-	D	P	196
g1_qVoAIlnkGVOPX6Y5Nn60O0_hdeEot24aJZ4EPhiYgwE	s1_RauLaTi4eVgYHSp2TV9pqs9uzTVv0B10g9TaHMWpcZ4	1unOU6	qadv-arbiter-7x7-rust-lambda-v0.1.0	-	qadv-arbiter-7x7-rust-lambda-v0.1.0	-	D	P	-
g1_qVoAIlnkGVOPX6Y5Nn60O0_hdeEot24aJZ4EPhiYgwE	s1_UqZuuJEsogTwNKgUS9I2JZRgeYzsGlj_RPhJTpLx_HI	1unOU6	qadv-arbiter-7x7-rust-lambda-v0.1.0	-	qadv-arbiter-7x7-rust-lambda-v0.1.0	-	D	P	196
g1_qVoAIlnkGVOPX6Y5Nn60O0_hdeEot24aJZ4EPhiYgwE	s1_tcLN9Dkgsl-jutdgy9o8t-_FihUwx04hnpEw2WVqKMM	1unOU6	qadv-arbiter-7x7-rust-lambda-v0.1.0	-	qadv-arbiter-7x7-rust-lambda-v0.1.0	-	D	P	196
g1_qVoYfmH3rXmb9eKWYUMl0xL9LylqHjrQtepJK_fnTUM	s1_-qiWg7x3911FcmF2Dkj9-zdj3CqXu70nRN80m0iiyNs	1unP40	qadv-arbiter-7x7-rust-lambda-v0.1.0	-	qadv-arbiter-7x7-rust-lambda-v0.1.0	-	L	P	196
g1_qVoYfmH3rXmb9eKWYUMl0xL9LylqHjrQtepJK_fnTUM	s1_RauLaTi4eVgYHSp2TV9pqs9uzTVv0B10g9TaHMWpcZ4	1unP40	qadv-arbiter-7x7-rust-lambda-v0.1.0	-	qadv-arbiter-7x7-rust-lambda-v0.1.0	-	L	P	-
g1_qVoYfmH3rXmb9eKWYUMl0xL9LylqHjrQtepJK_fnTUM	s1_grxMG-roTIE3J2wocgx_6nnv1tkdsSd1AhWq0x7J_kA	1unP40	qadv-arbiter-7x7-rust-lambda-v0.1.0	-	qadv-arbiter-7x7-rust-lambda-v0.1.0	-	L	P	196
g1_qVoYfmH3rXmb9eKWYUMl0xL9LylqHjrQtepJK_fnTUM	s1_x2ORb_uyAE0xJAJKQ4IYrUw1Nr3kAtY5OGHE6xMH6r4	1unP40	qadv-arbiter-7x7-rust-lambda-v0.1.0	-	qadv-arbiter-7x7-rust-lambda-v0.1.0	-	L	P	196
g1_qVqMR_qTN7cSmPZQQZrJQ1bD9skYaSTVUyCf9KYHF1U	s1_RauLaTi4eVgYHSp2TV9pqs9uzTVv0B10g9TaHMWpcZ4	1unP1Q	qadv-arbiter-7x7-rust-lambda-v0.1.0	-	qadv-arbiter-7x7-rust-lambda-v0.1.0	-	L	P	-
g1_qVqMR_qTN7cSmPZQQZrJQ1bD9skYaSTVUyCf9KYHF1U	s1_UvcrV3qRimMCFEC8FS4dlbyCCLejOwsZ1PtkgK2JLZ4	1unP1Q	qadv-arbiter-7x7-rust-lambda-v0.1.0	-	qadv-arbiter-7x7-rust-lambda-v0.1.0	-	L	P	196
g1_qVqMR_qTN7cSmPZQQZrJQ1bD9skYaSTVUyCf9KYHF1U	s1_oeqUX8sU-NqCS7yAgQzrcoBHzlBPJe_UslnIBaJ2hqc	1unP1Q	qadv-arbiter-7x7-rust-lambda-v0.1.0	-	qadv-arbiter-7x7-rust-lambda-v0.1.0	-	L	P	196
g1_qVqMR_qTN7cSmPZQQZrJQ1bD9skYaSTVUyCf9KYHF1U	s1_zuH8ZjNf9Rtloeiq1Wbfq3fw9NNF9__eznxncOheRf0	1unP1Q	qadv-arbiter-7x7-rust-lambda-v0.1.0	-	qadv-arbiter-7x7-rust-lambda-v0.1.0	-	L	P	196
g1_qW--fRThebD996OLzP9b663O_LHFgzyUkwXdv-sXuL0	s1_WpYQrS3Y5EBPp4KoxQeXdmkSNGGu7uzGmTP-APlIkYU	1umwPB	rust-pathfinder-v0.3.0	-	rust-pathfinder-onnx-sorter-v0.1.0	-	D	P	120
g1_qWAEk956xEmZGgOIjtB2EnfxRoEVYzNoM2SyIABlpD0	s1_2FtaP75xgRVTNrUvmC0NIesJCNy8IDFJ05WNM4nUnpg	1unRBw	qadv-arbiter-7x7-v0.1.0	-	coin-flip-v0.0.1	-	L	P	196
g1_qWAEk956xEmZGgOIjtB2EnfxRoEVYzNoM2SyIABlpD0	s1_RauLaTi4eVgYHSp2TV9pqs9uzTVv0B10g9TaHMWpcZ4	1unRBw	qadv-arbiter-7x7-v0.1.0	-	coin-flip-v0.0.1	-	L	P	-
g1_qWAEk956xEmZGgOIjtB2EnfxRoEVYzNoM2SyIABlpD0	s1_hn-1TocR4wsd_J_CUmr8W2TlJGeyIsrX-nsqDrf0z7A	1unRBw	qadv-arbiter-7x7-v0.1.0	-	coin-flip-v0.0.1	-	L	P	196
g1_qWAEk956xEmZGgOIjtB2EnfxRoEVYzNoM2SyIABlpD0	s1_pH6dzHrCtEYHBEBVlYCixMvSbyp2VbmYXrnZ2ve190w	1unRBw	qadv-arbiter-7x7-v0.1.0	-	coin-flip-v0.0.1	-	L	P	196
g1_qWB89QEYyZF_zj7IHW7L4OurvXTdIjmf5sn2dtri83k	s1_RauLaTi4eVgYHSp2TV9pqs9uzTVv0B10g9TaHMWpcZ4	1unN9d	qadv-arbiter-7x7-rust-lambda-v0.1.0	-	qadv-arbiter-7x7-rust-lambda-v0.1.0	-	D	P	-
g1_qWB89QEYyZF_zj7IHW7L4OurvXTdIjmf5sn2dtri83k	s1_TbKDIYhTD6QefCH9vgATpfbgI2CxYH8tn3OPSifQh9A	1unN9d	qadv-arbiter-7x7-rust-lambda-v0.1.0	-	qadv-arbiter-7x7-rust-lambda-v0.1.0	-	D	P	196
g1_qWB89QEYyZF_zj7IHW7L4OurvXTdIjmf5sn2dtri83k	s1_WQe7GRewELtbHCLXt7rg7PQvegT24p0NSbFWS9yFv8Q	1unN9d	qadv-arbiter-7x7-rust-lambda-v0.1.0	-	qadv-arbiter-7x7-rust-lambda-v0.1.0	-	D	P	196
g1_qWB89QEYyZF_zj7IHW7L4OurvXTdIjmf5sn2dtri83k	s1_n1OQjvS0d92i2YiXC3LaWkf0D5JBg8bwuit3ydGZZ-E	1unN9d	qadv-arbiter-7x7-rust-lambda-v0.1.0	-	qadv-arbiter-7x7-rust-lambda-v0.1.0	-	D	P	196
g1_qWJeuZy8DplHruWKIg3U_SNUCcqLHvHp2GMgHOiXixg	s1_2FtaP75xgRVTNrUvmC0NIesJCNy8IDFJ05WNM4nUnpg	1unQhw	qadv-arbiter-7x7-v0.1.0	-	pathfinder-v0.3.0	-	D	P	196
g1_qWJeuZy8DplHruWKIg3U_SNUCcqLHvHp2GMgHOiXixg	s1_EMAArXmeNonF7axkhylrSEpN9T2VnrF-A_EAhty0My4	1unQhw	qadv-arbiter-7x7-v0.1.0	-	pathfinder-v0.3.0	-	D	P	196
g1_qWJeuZy8DplHruWKIg3U_SNUCcqLHvHp2GMgHOiXixg	s1_RauLaTi4eVgYHSp2TV9pqs9uzTVv0B10g9TaHMWpcZ4	1unQhw	qadv-arbiter-7x7-v0.1.0	-	pathfinder-v0.3.0	-	D	P	-
g1_qWJeuZy8DplHruWKIg3U_SNUCcqLHvHp2GMgHOiXixg	s1_heKIjqbWjrlQq8rSGvi5hYafn_VyewLKW38ncVocchM	1unQhw	qadv-arbiter-7x7-v0.1.0	-	pathfinder-v0.3.0	-	D	P	196
g1_qWMvU4R5LhNRh2o37weLcrQ_I476Zm27sizKhCQuj5A	s1_8aw3W_DSsdMAxVI1bUds9fkMQNrBkOfB5Io_equwcsA	1unPLS	qadv-arbiter-7x7-rust-lambda-v0.1.0	-	qadv-arbiter-7x7-rust-lambda-v0.1.0	-	L	P	196
g1_qWMvU4R5LhNRh2o37weLcrQ_I476Zm27sizKhCQuj5A	s1_8w083Fyj5ARvd2URXQxQ6z9bhPgyGe9VO7zeEYT71_M	1unPLS	qadv-arbiter-7x7-rust-lambda-v0.1.0	-	qadv-arbiter-7x7-rust-lambda-v0.1.0	-	L	P	196
g1_qWMvU4R5LhNRh2o37weLcrQ_I476Zm27sizKhCQuj5A	s1_RauLaTi4eVgYHSp2TV9pqs9uzTVv0B10g9TaHMWpcZ4	1unPLS	qadv-arbiter-7x7-rust-lambda-v0.1.0	-	qadv-arbiter-7x7-rust-lambda-v0.1.0	-	L	P	-
g1_qWMvU4R5LhNRh2o37weLcrQ_I476Zm27sizKhCQuj5A	s1_k2Jc8mrnXNwzEaXQ9oGLGnzstjhv3dgvWE89_mWAeV8	1unPLS	qadv-arbiter-7x7-rust-lambda-v0.1.0	-	qadv-arbiter-7x7-rust-lambda-v0.1.0	-	L	P	196
g1_qWRZGyh73TY9t84k_cPCV9wdmwPSF4gI_d15SwYsDTg	s1_2FtaP75xgRVTNrUvmC0NIesJCNy8IDFJ05WNM4nUnpg	1unQtU	qadv-arbiter-7x7-v0.1.0	-	surveyor-v0.2.0	-	D	P	196
g1_qWRZGyh73TY9t84k_cPCV9wdmwPSF4gI_d15SwYsDTg	s1_RauLaTi4eVgYHSp2TV9pqs9uzTVv0B10g9TaHMWpcZ4	1unQtU	qadv-arbiter-7x7-v0.1.0	-	surveyor-v0.2.0	-	D	P	-
g1_qWRZGyh73TY9t84k_cPCV9wdmwPSF4gI_d15SwYsDTg	s1_zH0KlMvO9ekIb5d7JNxQA4unGlzevAXAO2itKEdaQkg	1unQtU	qadv-arbiter-7x7-v0.1.0	-	surveyor-v0.2.0	-	D	P	196
g1_qWRZGyh73TY9t84k_cPCV9wdmwPSF4gI_d15SwYsDTg	s1_zUoEkP1IPuPr9koCpSsb7BvwafSPbH3DvYT88qgglT0	1unQtU	qadv-arbiter-7x7-v0.1.0	-	surveyor-v0.2.0	-	D	P	196
g1_qWW1QlOVtijRnsSWsT-fl7J3XpEyVb5aKP09WYcqP4A	s1_AKjgTRgGNkmPxfpslVni90crzaokTWfuS8c5HEEQwqI	1unPjZ	qadv-arbiter-7x7-rust-lambda-v0.1.0	-	qadv-arbiter-7x7-rust-lambda-v0.1.0	-	L	P	196
g1_qWW1QlOVtijRnsSWsT-fl7J3XpEyVb5aKP09WYcqP4A	s1_R4H-g2CLR7_5yLnxr13gY3z2W6ZftMQeTobJoJKE73Q	1unPjZ	qadv-arbiter-7x7-rust-lambda-v0.1.0	-	qadv-arbiter-7x7-rust-lambda-v0.1.0	-	L	P	196
g1_qWW1QlOVtijRnsSWsT-fl7J3XpEyVb5aKP09WYcqP4A	s1_RauLaTi4eVgYHSp2TV9pqs9uzTVv0B10g9TaHMWpcZ4	1unPjZ	qadv-arbiter-7x7-rust-lambda-v0.1.0	-	qadv-arbiter-7x7-rust-lambda-v0.1.0	-	L	P	-
g1_qWW1QlOVtijRnsSWsT-fl7J3XpEyVb5aKP09WYcqP4A	s1_sju5Cm22BKZXWi725OHSWJ5tPBUs1Zi5kcbpKJaauq0	1unPjZ	qadv-arbiter-7x7-rust-lambda-v0.1.0	-	qadv-arbiter-7x7-rust-lambda-v0.1.0	-	L	P	196
g1_qWXSqKkdLuyUMe5iQdCgZGuIX5hI1NtLaNt8F3QRn5s	s1_Bjp4dH02g7_PSmXWLNISIOjN9NfaSWm7mJi0p_B5YFI	1unNXV	qadv-arbiter-7x7-rust-lambda-v0.1.0	-	qadv-arbiter-7x7-rust-lambda-v0.1.0	-	D	P	196
g1_qWXSqKkdLuyUMe5iQdCgZGuIX5hI1NtLaNt8F3QRn5s	s1_RauLaTi4eVgYHSp2TV9pqs9uzTVv0B10g9TaHMWpcZ4	1unNXV	qadv-arbiter-7x7-rust-lambda-v0.1.0	-	qadv-arbiter-7x7-rust-lambda-v0.1.0	-	D	P	-
g1_qWXSqKkdLuyUMe5iQdCgZGuIX5hI1NtLaNt8F3QRn5s	s1_Xz5VrhYBlbSsdQWSlqTMDwOcdmox2_FHWItUULr0nOk	1unNXV	qadv-arbiter-7x7-rust-lambda-v0.1.0	-	qadv-arbiter-7x7-rust-lambda-v0.1.0	-	D	P	196
g1_qWXSqKkdLuyUMe5iQdCgZGuIX5hI1NtLaNt8F3QRn5s	s1_pYBvqX7iZCh5jl54ZTDh0lIVD44CJT8rqtU8Ra_CxUs	1unNXV	qadv-arbiter-7x7-rust-lambda-v0.1.0	-	qadv-arbiter-7x7-rust-lambda-v0.1.0	-	D	P	196
g1_qWbl6M02UpLw_2YtAt-fUB2F-N0pPbpuUgFx_MS9kYM	s1_-nuSEWGpqVnT4hPposM9GSZdGtIV4M5K-lEzUYjiquI	1unQ_k	qadv-arbiter-7x7-v0.1.0	-	lunatic-v0.1.0	-	D	P	196
g1_qWbl6M02UpLw_2YtAt-fUB2F-N0pPbpuUgFx_MS9kYM	s1_0X_SSAGwVXkacNVkcIMz-a6chCK3adQ_5AJmgzwaCP0	1unQ_k	qadv-arbiter-7x7-v0.1.0	-	lunatic-v0.1.0	-	D	P	196
g1_qWbl6M02UpLw_2YtAt-fUB2F-N0pPbpuUgFx_MS9kYM	s1_2FtaP75xgRVTNrUvmC0NIesJCNy8IDFJ05WNM4nUnpg	1unQ_k	qadv-arbiter-7x7-v0.1.0	-	lunatic-v0.1.0	-	D	P	196
g1_qWbl6M02UpLw_2YtAt-fUB2F-N0pPbpuUgFx_MS9kYM	s1_81jnOPG0KC6WWl88_LfugVl-IsJ52eOaMQkHQwGq_MA	1unQ_k	qadv-arbiter-7x7-v0.1.0	-	lunatic-v0.1.0	-	D	P	196
g1_qWbl6M02UpLw_2YtAt-fUB2F-N0pPbpuUgFx_MS9kYM	s1_RauLaTi4eVgYHSp2TV9pqs9uzTVv0B10g9TaHMWpcZ4	1unQ_k	qadv-arbiter-7x7-v0.1.0	-	lunatic-v0.1.0	-	D	P	-
g1_qWbpK57cM-eoWrgJfvg6iT4MTmggF0peN5MDOkdJTq0	s1_1LB6NAgPOeCp4r8rQw4kUOIXWpEdWysFm5RZjWCQSgc	1umwPJ	python-gnn-puct-learner-v0.1.0	sha256:ab0f739cd33d66781faf60e27797c5ccba3c04ba684f8d9e32e9c2754f4e8956	python-gnn-puct-learner-v0.1.0	sha256:ab0f739cd33d66781faf60e27797c5ccba3c04ba684f8d9e32e9c2754f4e8956	D	P	196
g1_qWbpK57cM-eoWrgJfvg6iT4MTmggF0peN5MDOkdJTq0	s1_P4NHYhwuVnEA-dG2X-UVeVotb84A5mwljbYTlTMqr8w	1umwPJ	python-gnn-puct-learner-v0.1.0	sha256:ab0f739cd33d66781faf60e27797c5ccba3c04ba684f8d9e32e9c2754f4e8956	python-gnn-puct-learner-v0.1.0	sha256:ab0f739cd33d66781faf60e27797c5ccba3c04ba684f8d9e32e9c2754f4e8956	D	P	196
g1_qWk3ciamIrrQUPlaZ4gP_6QGoDUziMrbB3jKoeYaP6A	s1_1av6nXQkq-GSHXfjkVlGHGpAq8F9UbW4JwZmyFA-vww	1DIiL	python-gnn-puct-v0.1.0	sha256:6f9ad6e4a0993da3cf34a8549e86f9b5d512c51e11bfa76dfe051e7a8801bdac	python-gnn-puct-v0.1.0	sha256:6f9ad6e4a0993da3cf34a8549e86f9b5d512c51e11bfa76dfe051e7a8801bdac	D	P	196
g1_qWk3ciamIrrQUPlaZ4gP_6QGoDUziMrbB3jKoeYaP6A	s1_Brk0hkuJoH-MBjdd53AO5tlWcOgDWV_R0PO74fHGd_0	1DIiL	python-gnn-puct-v0.1.0	sha256:6f9ad6e4a0993da3cf34a8549e86f9b5d512c51e11bfa76dfe051e7a8801bdac	python-gnn-puct-v0.1.0	sha256:6f9ad6e4a0993da3cf34a8549e86f9b5d512c51e11bfa76dfe051e7a8801bdac	D	P	196
g1_qWk3ciamIrrQUPlaZ4gP_6QGoDUziMrbB3jKoeYaP6A	s1_KmF8KhDbubz6lwdS8R_n_yTGdSONmH9B1wUABbyCj94	1DIiL	python-gnn-puct-v0.1.0	sha256:6f9ad6e4a0993da3cf34a8549e86f9b5d512c51e11bfa76dfe051e7a8801bdac	python-gnn-puct-v0.1.0	sha256:6f9ad6e4a0993da3cf34a8549e86f9b5d512c51e11bfa76dfe051e7a8801bdac	D	P	196
g1_qWk3ciamIrrQUPlaZ4gP_6QGoDUziMrbB3jKoeYaP6A	s1_g5pGkHBMEhzAYvwFY0b24sSc7wC9JfnWApMHHZ_aMPI	1DIiL	python-gnn-puct-v0.1.0	sha256:6f9ad6e4a0993da3cf34a8549e86f9b5d512c51e11bfa76dfe051e7a8801bdac	python-gnn-puct-v0.1.0	sha256:6f9ad6e4a0993da3cf34a8549e86f9b5d512c51e11bfa76dfe051e7a8801bdac	D	P	196
g1_qWk3ciamIrrQUPlaZ4gP_6QGoDUziMrbB3jKoeYaP6A	s1_tol_POp6BcgBLMWq8iDfRBQSAXpESHxFwmcCQYXv0yQ	1DIiL	python-gnn-puct-v0.1.0	sha256:6f9ad6e4a0993da3cf34a8549e86f9b5d512c51e11bfa76dfe051e7a8801bdac	python-gnn-puct-v0.1.0	sha256:6f9ad6e4a0993da3cf34a8549e86f9b5d512c51e11bfa76dfe051e7a8801bdac	D	P	196
g1_qWyJzN-AwYxFq__P1x7JRkw3FccVmPWzHsKHZbR7J5o	s1_5ljWDxs2cHuicZCOrLTiAkYIjLsr60UlTp2pdgzLpFo	1un6sz	cnn-reval30k-7x7	sha256:7439239ff343dcc422cb918560b1b72433f2e13628580427343a446f349c6f5a	qadv-arbiter-guided-7x7-v0.2.0	sha256:9c0e5e530df7db77a98f6a2e75fe63a6f629c6ad6563e0b5454793ebc243b14d	D	P	196
g1_qWyJzN-AwYxFq__P1x7JRkw3FccVmPWzHsKHZbR7J5o	s1_O3cuwuia8XT9TI7Nxr3tRcajOA20XFHEIT2fYX3WizY	1un6sz	cnn-reval30k-7x7	sha256:7439239ff343dcc422cb918560b1b72433f2e13628580427343a446f349c6f5a	qadv-arbiter-guided-7x7-v0.2.0	sha256:9c0e5e530df7db77a98f6a2e75fe63a6f629c6ad6563e0b5454793ebc243b14d	D	P	196
g1_qWyJzN-AwYxFq__P1x7JRkw3FccVmPWzHsKHZbR7J5o	s1_V0LWS9svHoRw-EU00TJ9ccLmpbl0alVktC6RjcN8YsE	1un6sz	cnn-reval30k-7x7	sha256:7439239ff343dcc422cb918560b1b72433f2e13628580427343a446f349c6f5a	qadv-arbiter-guided-7x7-v0.2.0	sha256:9c0e5e530df7db77a98f6a2e75fe63a6f629c6ad6563e0b5454793ebc243b14d	D	P	196
g1_qWzI3rXhYe2XpF9LFpZw1Qf4d1TbtdJ7yopWygK-TpU	s1_RauLaTi4eVgYHSp2TV9pqs9uzTVv0B10g9TaHMWpcZ4	1unOHu	qadv-arbiter-7x7-rust-lambda-v0.1.0	-	qadv-arbiter-7x7-rust-lambda-v0.1.0	-	L	P	-
g1_qWzI3rXhYe2XpF9LFpZw1Qf4d1TbtdJ7yopWygK-TpU	s1_stozjXNLPMEC62DQ7V-cvcqSRK6_GqLzblz1U5ypqL0	1unOHu	qadv-arbiter-7x7-rust-lambda-v0.1.0	-	qadv-arbiter-7x7-rust-lambda-v0.1.0	-	L	P	196
g1_qWzI3rXhYe2XpF9LFpZw1Qf4d1TbtdJ7yopWygK-TpU	s1_wWzGUWZPpSMZcHAwhKcJFDtBedxL9-kLqPg5qsJ3Jck	1unOHu	qadv-arbiter-7x7-rust-lambda-v0.1.0	-	qadv-arbiter-7x7-rust-lambda-v0.1.0	-	L	P	196
g1_qWzI3rXhYe2XpF9LFpZw1Qf4d1TbtdJ7yopWygK-TpU	s1_ypDjNSaPSV9ChjSKVPjmC49EDlR42ETGNK7q2uS9vsQ	1unOHu	qadv-arbiter-7x7-rust-lambda-v0.1.0	-	qadv-arbiter-7x7-rust-lambda-v0.1.0	-	L	P	196
g1_qX-41wvr2sndSqp8t674FRmJ0eHlbtcBMb5fUrgeK4E	s1_5IG33Hgsy-7VEyW2NB5QXUm_6a4zYrjPUmhWCwmr6F4	1unMSz	qadv-arbiter-7x7-rust-lambda-v0.1.0	-	qadv-arbiter-7x7-rust-lambda-v0.1.0	-	D	P	196
g1_qX-41wvr2sndSqp8t674FRmJ0eHlbtcBMb5fUrgeK4E	s1_RauLaTi4eVgYHSp2TV9pqs9uzTVv0B10g9TaHMWpcZ4	1unMSz	qadv-arbiter-7x7-rust-lambda-v0.1.0	-	qadv-arbiter-7x7-rust-lambda-v0.1.0	-	D	P	-
g1_qX-41wvr2sndSqp8t674FRmJ0eHlbtcBMb5fUrgeK4E	s1_a2eLeJmo8BlHfYfzBOm4P9z0Sno1M900n6Ivi9HdkZE	1unMSz	qadv-arbiter-7x7-rust-lambda-v0.1.0	-	qadv-arbiter-7x7-rust-lambda-v0.1.0	-	D	P	196
g1_qX-41wvr2sndSqp8t674FRmJ0eHlbtcBMb5fUrgeK4E	s1_kdMcON4NaiJwLn3XjzMRs2f4ZS_HJq97b6HT_fOiJLw	1unMSz	qadv-arbiter-7x7-rust-lambda-v0.1.0	-	qadv-arbiter-7x7-rust-lambda-v0.1.0	-	D	P	196
g1_qXKQoVNVgpJrnyFUM3IoRueJdaNWc0x4lzar9ayjNtI	s1_flXyOBW6T9LLVDFIvXBGel1MoVNZcUcMFIJnB9yLapU	1umxA5	python-gnn-puct-reval30k-v0.1.0	sha256:6120be86fc469df71473c3de64e5e32f99694cd47d621fa5948f243dc51d3d21	python-gnn-puct-reval30k-v0.1.0	sha256:6120be86fc469df71473c3de64e5e32f99694cd47d621fa5948f243dc51d3d21	L	P	196
g1_qXLprpPCVeVzYpXeQQEoPkuScZQzklsnedAJ6ZXBK_U	s1_-TJmHnZb0d2rbbXCOm-_xdnPd_Jx2qrPDW09AvbkifA	1unNRI	qadv-arbiter-7x7-rust-lambda-v0.1.0	-	qadv-arbiter-7x7-rust-lambda-v0.1.0	-	D	P	196
g1_qXLprpPCVeVzYpXeQQEoPkuScZQzklsnedAJ6ZXBK_U	s1_2X0jp8DPXlJnGWZLa9TBXAJg70vwa_S9e7SJuPBtLKc	1unNRI	qadv-arbiter-7x7-rust-lambda-v0.1.0	-	qadv-arbiter-7x7-rust-lambda-v0.1.0	-	D	P	196
g1_qXLprpPCVeVzYpXeQQEoPkuScZQzklsnedAJ6ZXBK_U	s1_RauLaTi4eVgYHSp2TV9pqs9uzTVv0B10g9TaHMWpcZ4	1unNRI	qadv-arbiter-7x7-rust-lambda-v0.1.0	-	qadv-arbiter-7x7-rust-lambda-v0.1.0	-	D	P	-
g1_qXLprpPCVeVzYpXeQQEoPkuScZQzklsnedAJ6ZXBK_U	s1_eDELfAT-9LO_tmwOUtvZT4Xg4597Pe4jpzXUWi-tAUw	1unNRI	qadv-arbiter-7x7-rust-lambda-v0.1.0	-	qadv-arbiter-7x7-rust-lambda-v0.1.0	-	D	P	196
g1_qXQGeqZntssgohLKy06JM9dA7yZ5SL2nHKg_EOzFyo8	s1_23fsCr_94duiTFVo9lgUY-rZpz-PD3D0L41-CEIn8n4	1unOe9	qadv-arbiter-7x7-rust-lambda-v0.1.0	-	qadv-arbiter-7x7-rust-lambda-v0.1.0	-	D	P	196
g1_qXQGeqZntssgohLKy06JM9dA7yZ5SL2nHKg_EOzFyo8	s1_6ebfI_xIocMKU0H-Gro2PQN2sPX88PZevFawRLkchWQ	1unOe9	qadv-arbiter-7x7-rust-lambda-v0.1.0	-	qadv-arbiter-7x7-rust-lambda-v0.1.0	-	D	P	196
g1_qXQGeqZntssgohLKy06JM9dA7yZ5SL2nHKg_EOzFyo8	s1_LqCkd2nTYb9GoJtqeUMRLYD7GYZkbFMs5b3QmbwHceM	1unOe9	qadv-arbiter-7x7-rust-lambda-v0.1.0	-	qadv-arbiter-7x7-rust-lambda-v0.1.0	-	D	P	196
g1_qXQGeqZntssgohLKy06JM9dA7yZ5SL2nHKg_EOzFyo8	s1_RauLaTi4eVgYHSp2TV9pqs9uzTVv0B10g9TaHMWpcZ4	1unOe9	qadv-arbiter-7x7-rust-lambda-v0.1.0	-	qadv-arbiter-7x7-rust-lambda-v0.1.0	-	D	P	-
g1_qXRgcp1huSTi610gggwxX8SugMQY03YPnB8UEKBy9F0	s1_-OKlJXuPFfAnukwGYITjiU7XKL4OC_qt76PC0TZSPjg	1umvmA	python-cnn-puct-v0.1.0	sha256:7845e9b7687beee165dc36b8d21833b7a8b5a83e31b58b49bd05c277ba26e642	python-cnn-puct-v0.1.0	sha256:7845e9b7687beee165dc36b8d21833b7a8b5a83e31b58b49bd05c277ba26e642	-	M	196
g1_qXRgcp1huSTi610gggwxX8SugMQY03YPnB8UEKBy9F0	s1_1av6nXQkq-GSHXfjkVlGHGpAq8F9UbW4JwZmyFA-vww	1umvmA	python-cnn-puct-v0.1.0	sha256:7845e9b7687beee165dc36b8d21833b7a8b5a83e31b58b49bd05c277ba26e642	python-cnn-puct-v0.1.0	sha256:7845e9b7687beee165dc36b8d21833b7a8b5a83e31b58b49bd05c277ba26e642	-	M	196
g1_qXRgcp1huSTi610gggwxX8SugMQY03YPnB8UEKBy9F0	s1_Brk0hkuJoH-MBjdd53AO5tlWcOgDWV_R0PO74fHGd_0	1umvmA	python-cnn-puct-v0.1.0	sha256:7845e9b7687beee165dc36b8d21833b7a8b5a83e31b58b49bd05c277ba26e642	python-cnn-puct-v0.1.0	sha256:7845e9b7687beee165dc36b8d21833b7a8b5a83e31b58b49bd05c277ba26e642	-	M	196
g1_qXUpgTHR9RZSPnSbbIHWn1GuNAaeNcn0U--4f4lOFEQ	s1_RauLaTi4eVgYHSp2TV9pqs9uzTVv0B10g9TaHMWpcZ4	1unMUs	qadv-arbiter-7x7-rust-lambda-v0.1.0	-	qadv-arbiter-7x7-rust-lambda-v0.1.0	-	L	P	-
g1_qXUpgTHR9RZSPnSbbIHWn1GuNAaeNcn0U--4f4lOFEQ	s1_liiEXms7Iumu4ZjDCN6pC5dbfOoFUpQfOgUHSOziHcs	1unMUs	qadv-arbiter-7x7-rust-lambda-v0.1.0	-	qadv-arbiter-7x7-rust-lambda-v0.1.0	-	L	P	196
g1_qXUpgTHR9RZSPnSbbIHWn1GuNAaeNcn0U--4f4lOFEQ	s1_uQycKYTPp7r6ndneJfrTzKtMcq2rEhicRE2i2xg3gB4	1unMUs	qadv-arbiter-7x7-rust-lambda-v0.1.0	-	qadv-arbiter-7x7-rust-lambda-v0.1.0	-	L	P	196
g1_qXUpgTHR9RZSPnSbbIHWn1GuNAaeNcn0U--4f4lOFEQ	s1_yeQWFfNv7KyKQdoGCX6LvQ_g5qrZPVvQOLe6VT8wSq0	1unMUs	qadv-arbiter-7x7-rust-lambda-v0.1.0	-	qadv-arbiter-7x7-rust-lambda-v0.1.0	-	L	P	196
g1_qXbKWlVx9-gskEQR4FMtLDuNjGs7U86otrMqqv_rgCk	s1_6PxtazPxkizz7K9QTWPSCIopEV5n0zpHoq3F52yO_6U	1umwhV	python-cnn-puct-v0.1.0	sha256:7845e9b7687beee165dc36b8d21833b7a8b5a83e31b58b49bd05c277ba26e642	python-cnn-puct-v0.1.0	sha256:7845e9b7687beee165dc36b8d21833b7a8b5a83e31b58b49bd05c277ba26e642	D	P	196
g1_qXbKWlVx9-gskEQR4FMtLDuNjGs7U86otrMqqv_rgCk	s1_baRgKA_wMXdl0r4AwdkUfhWC04qxd1MvEGXAQaDd4fo	1umwhV	python-cnn-puct-v0.1.0	sha256:7845e9b7687beee165dc36b8d21833b7a8b5a83e31b58b49bd05c277ba26e642	python-cnn-puct-v0.1.0	sha256:7845e9b7687beee165dc36b8d21833b7a8b5a83e31b58b49bd05c277ba26e642	D	P	196
g1_qXbfmjD2Ytxl7OolBzPDtAQvzaCyk4aZaGYN6KoyrBE	s1_6PxtazPxkizz7K9QTWPSCIopEV5n0zpHoq3F52yO_6U	1umwkn	python-cnn-puct-v0.1.0	sha256:7845e9b7687beee165dc36b8d21833b7a8b5a83e31b58b49bd05c277ba26e642	python-cnn-puct-v0.1.0	sha256:7845e9b7687beee165dc36b8d21833b7a8b5a83e31b58b49bd05c277ba26e642	D	P	196
g1_qXbfmjD2Ytxl7OolBzPDtAQvzaCyk4aZaGYN6KoyrBE	s1_baRgKA_wMXdl0r4AwdkUfhWC04qxd1MvEGXAQaDd4fo	1umwkn	python-cnn-puct-v0.1.0	sha256:7845e9b7687beee165dc36b8d21833b7a8b5a83e31b58b49bd05c277ba26e642	python-cnn-puct-v0.1.0	sha256:7845e9b7687beee165dc36b8d21833b7a8b5a83e31b58b49bd05c277ba26e642	D	P	196
g1_qXs-7NmTFH5Mv6s5BvQGANdJrdrOIGYCt2nnK4srMH8	s1_1LB6NAgPOeCp4r8rQw4kUOIXWpEdWysFm5RZjWCQSgc	1umwYj	python-gnn-puct-learner-v0.1.0	sha256:ab0f739cd33d66781faf60e27797c5ccba3c04ba684f8d9e32e9c2754f4e8956	python-gnn-puct-learner-v0.1.0	sha256:ab0f739cd33d66781faf60e27797c5ccba3c04ba684f8d9e32e9c2754f4e8956	D	P	196
g1_qXs-7NmTFH5Mv6s5BvQGANdJrdrOIGYCt2nnK4srMH8	s1_P4NHYhwuVnEA-dG2X-UVeVotb84A5mwljbYTlTMqr8w	1umwYj	python-gnn-puct-learner-v0.1.0	sha256:ab0f739cd33d66781faf60e27797c5ccba3c04ba684f8d9e32e9c2754f4e8956	python-gnn-puct-learner-v0.1.0	sha256:ab0f739cd33d66781faf60e27797c5ccba3c04ba684f8d9e32e9c2754f4e8956	D	P	196
g1_qXxFtM4aPdbsH5wHoHBZpi0oZR1sgx1pPjTw91UaSFY	s1_1av6nXQkq-GSHXfjkVlGHGpAq8F9UbW4JwZmyFA-vww	1E5HO	gnn-generation-5-7x7	sha256:7274065e2ffdd05997bf172e30bb5e24d7bcafca99d379b6115ff98ee1f7c4d9	coin-flip-v0.0.1	-	-	M	196
g1_qXxFtM4aPdbsH5wHoHBZpi0oZR1sgx1pPjTw91UaSFY	s1_Brk0hkuJoH-MBjdd53AO5tlWcOgDWV_R0PO74fHGd_0	1E5HO	gnn-generation-5-7x7	sha256:7274065e2ffdd05997bf172e30bb5e24d7bcafca99d379b6115ff98ee1f7c4d9	coin-flip-v0.0.1	-	-	M	196
g1_qXxFtM4aPdbsH5wHoHBZpi0oZR1sgx1pPjTw91UaSFY	s1_gPoZ5rByZErTaB0WLQoU6LVl6WlfprkiDFHagxLzf2Q	1E5HO	gnn-generation-5-7x7	sha256:7274065e2ffdd05997bf172e30bb5e24d7bcafca99d379b6115ff98ee1f7c4d9	coin-flip-v0.0.1	-	-	M	196
g1_qY2VOi9_gxZ_inDACLxmg0tydBn240KtAZAf9uO18UA	s1_-OE134PWY7RtBkGbVkTyOv0R6gGkui-cVmnDSZ9BFes	1unQjA	qadv-arbiter-7x7-v0.1.0	-	pathfinder-v0.3.0	-	D	P	196
g1_qY2VOi9_gxZ_inDACLxmg0tydBn240KtAZAf9uO18UA	s1_2FtaP75xgRVTNrUvmC0NIesJCNy8IDFJ05WNM4nUnpg	1unQjA	qadv-arbiter-7x7-v0.1.0	-	pathfinder-v0.3.0	-	D	P	196
g1_qY2VOi9_gxZ_inDACLxmg0tydBn240KtAZAf9uO18UA	s1_RauLaTi4eVgYHSp2TV9pqs9uzTVv0B10g9TaHMWpcZ4	1unQjA	qadv-arbiter-7x7-v0.1.0	-	pathfinder-v0.3.0	-	D	P	-
g1_qY2VOi9_gxZ_inDACLxmg0tydBn240KtAZAf9uO18UA	s1_Uan5Ge2ruzIl272eb2xe07haiX49OkXHt_MbUzdvwa0	1unQjA	qadv-arbiter-7x7-v0.1.0	-	pathfinder-v0.3.0	-	D	P	196
g1_qY2VOi9_gxZ_inDACLxmg0tydBn240KtAZAf9uO18UA	s1_zFVKG1S4hGCjW4THuw-vTnM0ozRJs05gV0cXLoQ3D1U	1unQjA	qadv-arbiter-7x7-v0.1.0	-	pathfinder-v0.3.0	-	D	P	196
g1_qY5vElhtBPqnFpBHhtDjaSLqDj6EVdL47WFrNhmDMgE	s1_Qmoz3nLvbLcY_1rcqMtpMJDvTQydhL5cxUNWV6EhpMY	1umwod	qadv-arbiter-7x7-v0.1.0	sha256:8c548d06307572603b839755cc1e50393285365e10f82bcd90290ca65cd86266	qadv-arbiter-7x7-v0.1.0	sha256:8c548d06307572603b839755cc1e50393285365e10f82bcd90290ca65cd86266	D	P	196
g1_qY71QfcV3v0RZp-6y8_WNOvQZfKs9gQvf7kMjzbjjR8	s1_-OE134PWY7RtBkGbVkTyOv0R6gGkui-cVmnDSZ9BFes	1unQia	qadv-arbiter-7x7-v0.1.0	-	pathfinder-v0.3.0	-	D	P	196
g1_qY71QfcV3v0RZp-6y8_WNOvQZfKs9gQvf7kMjzbjjR8	s1_2FtaP75xgRVTNrUvmC0NIesJCNy8IDFJ05WNM4nUnpg	1unQia	qadv-arbiter-7x7-v0.1.0	-	pathfinder-v0.3.0	-	D	P	196
g1_qY71QfcV3v0RZp-6y8_WNOvQZfKs9gQvf7kMjzbjjR8	s1_RauLaTi4eVgYHSp2TV9pqs9uzTVv0B10g9TaHMWpcZ4	1unQia	qadv-arbiter-7x7-v0.1.0	-	pathfinder-v0.3.0	-	D	P	-
g1_qY71QfcV3v0RZp-6y8_WNOvQZfKs9gQvf7kMjzbjjR8	s1_sR_XujSqGAivVBHChinpvLMilcJz5sHSn8kKqCtPcY0	1unQia	qadv-arbiter-7x7-v0.1.0	-	pathfinder-v0.3.0	-	D	P	196
g1_qYEWvGR2I7-AdReGw7EpzMmNRXc39KZJUuY5KzlBWvc	s1_OcgskcflM6FhJVeNdHVUi1bo9tMYhYodHiHpLQOuKdM	1unOFQ	qadv-arbiter-7x7-rust-lambda-v0.1.0	-	qadv-arbiter-7x7-rust-lambda-v0.1.0	-	L	P	196
g1_qYEWvGR2I7-AdReGw7EpzMmNRXc39KZJUuY5KzlBWvc	s1_RQlrZvK05FQ0aJ9bKyqtSsPQv9UauinDrzD8FssAz6Y	1unOFQ	qadv-arbiter-7x7-rust-lambda-v0.1.0	-	qadv-arbiter-7x7-rust-lambda-v0.1.0	-	L	P	196
g1_qYEWvGR2I7-AdReGw7EpzMmNRXc39KZJUuY5KzlBWvc	s1_RauLaTi4eVgYHSp2TV9pqs9uzTVv0B10g9TaHMWpcZ4	1unOFQ	qadv-arbiter-7x7-rust-lambda-v0.1.0	-	qadv-arbiter-7x7-rust-lambda-v0.1.0	-	L	P	-
g1_qYEWvGR2I7-AdReGw7EpzMmNRXc39KZJUuY5KzlBWvc	s1_Yh4uHYesXx9AMMRGbcm1pSjl1lxtxGU_2hjJKoEv5Qw	1unOFQ	qadv-arbiter-7x7-rust-lambda-v0.1.0	-	qadv-arbiter-7x7-rust-lambda-v0.1.0	-	L	P	196
g1_qYPdEh4sBYEt4SQ08HKZIzpgvAw88QaVcqgZRpqmx2o	s1_2DucLOghBfH_dRFA_ONVDgKLn_RSnrBNJh-jduhhtkU	1unQ2o	qadv-arbiter-7x7-rust-lambda-v0.1.0	-	qadv-arbiter-7x7-rust-lambda-v0.1.0	-	D	P	196
g1_qYPdEh4sBYEt4SQ08HKZIzpgvAw88QaVcqgZRpqmx2o	s1_9pmxtYhotlWHkin4I76pCTiH6lQa_Xl8-otTpP1f7N0	1unQ2o	qadv-arbiter-7x7-rust-lambda-v0.1.0	-	qadv-arbiter-7x7-rust-lambda-v0.1.0	-	D	P	196
g1_qYPdEh4sBYEt4SQ08HKZIzpgvAw88QaVcqgZRpqmx2o	s1_JwAHcZeDJxPfblza67I9K93N8_dPEDxSm-PUpVH9N48	1unQ2o	qadv-arbiter-7x7-rust-lambda-v0.1.0	-	qadv-arbiter-7x7-rust-lambda-v0.1.0	-	D	P	196
g1_qYTM91U7WUpBKwZDDZPNM6kcJO8RbkhYF7Bx-yB1j4I	s1_1av6nXQkq-GSHXfjkVlGHGpAq8F9UbW4JwZmyFA-vww	1DIWK	python-gnn-puct-v0.1.0	sha256:6f9ad6e4a0993da3cf34a8549e86f9b5d512c51e11bfa76dfe051e7a8801bdac	python-gnn-puct-v0.1.0	sha256:6f9ad6e4a0993da3cf34a8549e86f9b5d512c51e11bfa76dfe051e7a8801bdac	D	P	196
g1_qYTM91U7WUpBKwZDDZPNM6kcJO8RbkhYF7Bx-yB1j4I	s1_Brk0hkuJoH-MBjdd53AO5tlWcOgDWV_R0PO74fHGd_0	1DIWK	python-gnn-puct-v0.1.0	sha256:6f9ad6e4a0993da3cf34a8549e86f9b5d512c51e11bfa76dfe051e7a8801bdac	python-gnn-puct-v0.1.0	sha256:6f9ad6e4a0993da3cf34a8549e86f9b5d512c51e11bfa76dfe051e7a8801bdac	D	P	196
g1_qYTM91U7WUpBKwZDDZPNM6kcJO8RbkhYF7Bx-yB1j4I	s1_KmF8KhDbubz6lwdS8R_n_yTGdSONmH9B1wUABbyCj94	1DIWK	python-gnn-puct-v0.1.0	sha256:6f9ad6e4a0993da3cf34a8549e86f9b5d512c51e11bfa76dfe051e7a8801bdac	python-gnn-puct-v0.1.0	sha256:6f9ad6e4a0993da3cf34a8549e86f9b5d512c51e11bfa76dfe051e7a8801bdac	D	P	196
g1_qYTM91U7WUpBKwZDDZPNM6kcJO8RbkhYF7Bx-yB1j4I	s1_g5pGkHBMEhzAYvwFY0b24sSc7wC9JfnWApMHHZ_aMPI	1DIWK	python-gnn-puct-v0.1.0	sha256:6f9ad6e4a0993da3cf34a8549e86f9b5d512c51e11bfa76dfe051e7a8801bdac	python-gnn-puct-v0.1.0	sha256:6f9ad6e4a0993da3cf34a8549e86f9b5d512c51e11bfa76dfe051e7a8801bdac	D	P	196
g1_qYTM91U7WUpBKwZDDZPNM6kcJO8RbkhYF7Bx-yB1j4I	s1_tol_POp6BcgBLMWq8iDfRBQSAXpESHxFwmcCQYXv0yQ	1DIWK	python-gnn-puct-v0.1.0	sha256:6f9ad6e4a0993da3cf34a8549e86f9b5d512c51e11bfa76dfe051e7a8801bdac	python-gnn-puct-v0.1.0	sha256:6f9ad6e4a0993da3cf34a8549e86f9b5d512c51e11bfa76dfe051e7a8801bdac	D	P	196
g1_qYXzXxTmpV1sqoH83LUv7qEyZW50MoqMBEcPBS5E-ts	s1_ASY-rR5BBqqdNGAxtYVZ-uPWcQBBc0YZChVYmX62GXI	1unOXg	qadv-arbiter-7x7-rust-lambda-v0.1.0	-	qadv-arbiter-7x7-rust-lambda-v0.1.0	-	L	P	196
g1_qYXzXxTmpV1sqoH83LUv7qEyZW50MoqMBEcPBS5E-ts	s1_LIoeJ9IRWbiLQgPHkSti39JrxXp-20mYkKriMKTql7I	1unOXg	qadv-arbiter-7x7-rust-lambda-v0.1.0	-	qadv-arbiter-7x7-rust-lambda-v0.1.0	-	L	P	196
g1_qYXzXxTmpV1sqoH83LUv7qEyZW50MoqMBEcPBS5E-ts	s1_RauLaTi4eVgYHSp2TV9pqs9uzTVv0B10g9TaHMWpcZ4	1unOXg	qadv-arbiter-7x7-rust-lambda-v0.1.0	-	qadv-arbiter-7x7-rust-lambda-v0.1.0	-	L	P	-
g1_qYXzXxTmpV1sqoH83LUv7qEyZW50MoqMBEcPBS5E-ts	s1_YuBlyPF90dU2vCZnxloYNDnC6bv6qOCnu8sqvcl_QOg	1unOXg	qadv-arbiter-7x7-rust-lambda-v0.1.0	-	qadv-arbiter-7x7-rust-lambda-v0.1.0	-	L	P	196
g1_qYthhy8gwAaLiu6D-E7xUtSDtVccu7zbXTH3fstOkX4	s1_qtlitMa-GGx-0y2heoyNRonYXf1Dq5epTexnVe9Iqtw	1umxcJ	python-gnn-puct-learner-v0.1.0	sha256:ab0f739cd33d66781faf60e27797c5ccba3c04ba684f8d9e32e9c2754f4e8956	python-gnn-puct-learner-v0.1.0	sha256:ab0f739cd33d66781faf60e27797c5ccba3c04ba684f8d9e32e9c2754f4e8956	D	P	196
g1_qYz-SEPZXehzTFmw4u22axiGjDy6ozy0tmabJSFNBqw	s1_KwqK__XUlWhE6A_Pki2hoe6Lv6Tp4ZnEzMgqJuF_Cds	1unOro	qadv-arbiter-7x7-rust-lambda-v0.1.0	-	qadv-arbiter-7x7-rust-lambda-v0.1.0	-	L	P	196
g1_qYz-SEPZXehzTFmw4u22axiGjDy6ozy0tmabJSFNBqw	s1_RauLaTi4eVgYHSp2TV9pqs9uzTVv0B10g9TaHMWpcZ4	1unOro	qadv-arbiter-7x7-rust-lambda-v0.1.0	-	qadv-arbiter-7x7-rust-lambda-v0.1.0	-	L	P	-
g1_qYz-SEPZXehzTFmw4u22axiGjDy6ozy0tmabJSFNBqw	s1_Z5eaGCkSJPZfGTT6p2AaPDYLPNGNcDyw9RjeyO9OwC8	1unOro	qadv-arbiter-7x7-rust-lambda-v0.1.0	-	qadv-arbiter-7x7-rust-lambda-v0.1.0	-	L	P	196
g1_qYz-SEPZXehzTFmw4u22axiGjDy6ozy0tmabJSFNBqw	s1_fTQT4MamXn0WaQBE_ju06kOAmTSuqtxJarphlv1oH4E	1unOro	qadv-arbiter-7x7-rust-lambda-v0.1.0	-	qadv-arbiter-7x7-rust-lambda-v0.1.0	-	L	P	196
g1_qZ-_YfX2WUtmfNZas3Sv2oxyOdqWq0t432X2_63DZzQ	s1_pz791mBLK9gCxlmvM7C8kcD10pikcBIN4FZ0Kf_TgTs	1X9bfN	coin-flip-v0.0.1	-	surveyor-v0.2.0	-	D	P	180
g1_qZ2ZFCNpdp9jBG19cF3fIJ2PjIrfQm55_U_I66I_FBA	s1_6IpHiQoojSaGEm72xnnLjomEbV5SyoxnlIlHUtD3rps	1unODS	qadv-arbiter-7x7-rust-lambda-v0.1.0	-	qadv-arbiter-7x7-rust-lambda-v0.1.0	-	D	P	196
g1_qZ2ZFCNpdp9jBG19cF3fIJ2PjIrfQm55_U_I66I_FBA	s1_Otx--Y2PsTNE_uq6xIL5Xv0HaoZsXKJRwv86ePVGWY8	1unODS	qadv-arbiter-7x7-rust-lambda-v0.1.0	-	qadv-arbiter-7x7-rust-lambda-v0.1.0	-	D	P	196
g1_qZ2ZFCNpdp9jBG19cF3fIJ2PjIrfQm55_U_I66I_FBA	s1_RauLaTi4eVgYHSp2TV9pqs9uzTVv0B10g9TaHMWpcZ4	1unODS	qadv-arbiter-7x7-rust-lambda-v0.1.0	-	qadv-arbiter-7x7-rust-lambda-v0.1.0	-	D	P	-
g1_qZ2ZFCNpdp9jBG19cF3fIJ2PjIrfQm55_U_I66I_FBA	s1__qhPWsvkkywjII3QFLTMFLz6NH9dOqpIeKsu3nT409U	1unODS	qadv-arbiter-7x7-rust-lambda-v0.1.0	-	qadv-arbiter-7x7-rust-lambda-v0.1.0	-	D	P	196
g1_qZ5EiOdScHUw4PPHeZmXRHZd1XKdCoWzxHA9qRfnlSM	s1_AZuZAkaG8rI0VNP8bsw3lhCroGo13f97qgM09Rnfq1s	1unPlP	qadv-arbiter-7x7-rust-lambda-v0.1.0	-	qadv-arbiter-7x7-rust-lambda-v0.1.0	-	L	P	196
g1_qZ5EiOdScHUw4PPHeZmXRHZd1XKdCoWzxHA9qRfnlSM	s1_RauLaTi4eVgYHSp2TV9pqs9uzTVv0B10g9TaHMWpcZ4	1unPlP	qadv-arbiter-7x7-rust-lambda-v0.1.0	-	qadv-arbiter-7x7-rust-lambda-v0.1.0	-	L	P	-
g1_qZ5EiOdScHUw4PPHeZmXRHZd1XKdCoWzxHA9qRfnlSM	s1_VDL_kgRoK-2chU0ZL9dsRNo0r-Zt3p0ZURYO2sP1dBs	1unPlP	qadv-arbiter-7x7-rust-lambda-v0.1.0	-	qadv-arbiter-7x7-rust-lambda-v0.1.0	-	L	P	196
g1_qZ5EiOdScHUw4PPHeZmXRHZd1XKdCoWzxHA9qRfnlSM	s1_yDKBpwdDqTPSpYVXP0XmW1WBfZkZXsk88hNAzyJCnuY	1unPlP	qadv-arbiter-7x7-rust-lambda-v0.1.0	-	qadv-arbiter-7x7-rust-lambda-v0.1.0	-	L	P	196
g1_qZ5UQpMywatZt-FrIjymcAe9KinFYP_IsGom5oyvVpc	s1_1av6nXQkq-GSHXfjkVlGHGpAq8F9UbW4JwZmyFA-vww	1DIXr	python-gnn-puct-v0.1.0	sha256:6f9ad6e4a0993da3cf34a8549e86f9b5d512c51e11bfa76dfe051e7a8801bdac	python-gnn-puct-v0.1.0	sha256:6f9ad6e4a0993da3cf34a8549e86f9b5d512c51e11bfa76dfe051e7a8801bdac	L	P	196
g1_qZ5UQpMywatZt-FrIjymcAe9KinFYP_IsGom5oyvVpc	s1_Brk0hkuJoH-MBjdd53AO5tlWcOgDWV_R0PO74fHGd_0	1DIXr	python-gnn-puct-v0.1.0	sha256:6f9ad6e4a0993da3cf34a8549e86f9b5d512c51e11bfa76dfe051e7a8801bdac	python-gnn-puct-v0.1.0	sha256:6f9ad6e4a0993da3cf34a8549e86f9b5d512c51e11bfa76dfe051e7a8801bdac	L	P	196
g1_qZ5UQpMywatZt-FrIjymcAe9KinFYP_IsGom5oyvVpc	s1_KmF8KhDbubz6lwdS8R_n_yTGdSONmH9B1wUABbyCj94	1DIXr	python-gnn-puct-v0.1.0	sha256:6f9ad6e4a0993da3cf34a8549e86f9b5d512c51e11bfa76dfe051e7a8801bdac	python-gnn-puct-v0.1.0	sha256:6f9ad6e4a0993da3cf34a8549e86f9b5d512c51e11bfa76dfe051e7a8801bdac	L	P	196
g1_qZ5UQpMywatZt-FrIjymcAe9KinFYP_IsGom5oyvVpc	s1_g5pGkHBMEhzAYvwFY0b24sSc7wC9JfnWApMHHZ_aMPI	1DIXr	python-gnn-puct-v0.1.0	sha256:6f9ad6e4a0993da3cf34a8549e86f9b5d512c51e11bfa76dfe051e7a8801bdac	python-gnn-puct-v0.1.0	sha256:6f9ad6e4a0993da3cf34a8549e86f9b5d512c51e11bfa76dfe051e7a8801bdac	L	P	196
g1_qZ5UQpMywatZt-FrIjymcAe9KinFYP_IsGom5oyvVpc	s1_tol_POp6BcgBLMWq8iDfRBQSAXpESHxFwmcCQYXv0yQ	1DIXr	python-gnn-puct-v0.1.0	sha256:6f9ad6e4a0993da3cf34a8549e86f9b5d512c51e11bfa76dfe051e7a8801bdac	python-gnn-puct-v0.1.0	sha256:6f9ad6e4a0993da3cf34a8549e86f9b5d512c51e11bfa76dfe051e7a8801bdac	L	P	196
g1_qZHy1zhkJiYo7_zitdexX2GxgnIJoA_0CLTDGTE0LYo	s1_360gi5DEM5M4KSFahBgreBwSPB0d9N0HTsDkVE6Yr58	1unO_3	qadv-arbiter-7x7-rust-lambda-v0.1.0	-	qadv-arbiter-7x7-rust-lambda-v0.1.0	-	D	P	196
g1_qZHy1zhkJiYo7_zitdexX2GxgnIJoA_0CLTDGTE0LYo	s1_RauLaTi4eVgYHSp2TV9pqs9uzTVv0B10g9TaHMWpcZ4	1unO_3	qadv-arbiter-7x7-rust-lambda-v0.1.0	-	qadv-arbiter-7x7-rust-lambda-v0.1.0	-	D	P	-
g1_qZHy1zhkJiYo7_zitdexX2GxgnIJoA_0CLTDGTE0LYo	s1_abGuI_t4YJOu0qHS9ShpxK61hVPISf0GcorwRmMS92Y	1unO_3	qadv-arbiter-7x7-rust-lambda-v0.1.0	-	qadv-arbiter-7x7-rust-lambda-v0.1.0	-	D	P	196
g1_qZHy1zhkJiYo7_zitdexX2GxgnIJoA_0CLTDGTE0LYo	s1_lmBl1ZdaexOs3u6dxXV-w9JamEx4ZWVUFFiPf9plbFA	1unO_3	qadv-arbiter-7x7-rust-lambda-v0.1.0	-	qadv-arbiter-7x7-rust-lambda-v0.1.0	-	D	P	196
g1_qZUxxJTqFn-xGRz4jVQ-ptkDJloxVxpTwOH5UdIQHyE	s1_9Ogg0ybaAZxVW51oCKmfce-ECSHC85JcnThpwCXGJlA	1unM2T	qadv-arbiter-7x7-rust-lambda-v0.1.0	-	qadv-arbiter-7x7-rust-lambda-v0.1.0	-	L	P	196
g1_qZUxxJTqFn-xGRz4jVQ-ptkDJloxVxpTwOH5UdIQHyE	s1_RauLaTi4eVgYHSp2TV9pqs9uzTVv0B10g9TaHMWpcZ4	1unM2T	qadv-arbiter-7x7-rust-lambda-v0.1.0	-	qadv-arbiter-7x7-rust-lambda-v0.1.0	-	L	P	-
g1_qZUxxJTqFn-xGRz4jVQ-ptkDJloxVxpTwOH5UdIQHyE	s1_lB-CaSstFrJjoSWZfglGUF7RTiUWFKTsxcubENF9s6k	1unM2T	qadv-arbiter-7x7-rust-lambda-v0.1.0	-	qadv-arbiter-7x7-rust-lambda-v0.1.0	-	L	P	196
g1_qZUxxJTqFn-xGRz4jVQ-ptkDJloxVxpTwOH5UdIQHyE	s1_wPtZ_5_ls993e8QFMgSfvItlPXoS9KNc3HxVRdYQi48	1unM2T	qadv-arbiter-7x7-rust-lambda-v0.1.0	-	qadv-arbiter-7x7-rust-lambda-v0.1.0	-	L	P	196
g1_qZVI8RH_Xr-JRgcKGZmddNh2BNLuQA3CAoyB2V7DKCE	s1_YAH7Qx4BtziTvTRseEyMM2NFaWOuPBlX0AUTxREk7h8	1umwKG	rust-pathfinder-onnx-sorter-v0.1.0	-	rust-pathfinder-v0.3.0	-	D	P	120
g1_qZYBO4h5UKf8PbvP5dviY3nDYaCDVXdDckHUsjzC1R0	s1_gGrazWqW01xDbHoX9qbjHjKt8oymi70RO-N5Pxs9bo0	1DK-l	python-gnn-puct-v0.1.0	-	python-gnn-puct-v0.1.0	-	L	P	-
g1_qZmh0jHRedxCeKsFTPkKZ43f5z4TCx3cbaRHs0yRIks	s1_2FtaP75xgRVTNrUvmC0NIesJCNy8IDFJ05WNM4nUnpg	1unQsU	qadv-arbiter-7x7-v0.1.0	-	pathfinder-v0.3.0	-	D	P	196
g1_qZmh0jHRedxCeKsFTPkKZ43f5z4TCx3cbaRHs0yRIks	s1_QsQZ9cqM_gVz7H2CZALEPOTvn00Vi10hNPeHQWeRpjc	1unQsU	qadv-arbiter-7x7-v0.1.0	-	pathfinder-v0.3.0	-	D	P	196
g1_qZmh0jHRedxCeKsFTPkKZ43f5z4TCx3cbaRHs0yRIks	s1_RauLaTi4eVgYHSp2TV9pqs9uzTVv0B10g9TaHMWpcZ4	1unQsU	qadv-arbiter-7x7-v0.1.0	-	pathfinder-v0.3.0	-	D	P	-
g1_qZmh0jHRedxCeKsFTPkKZ43f5z4TCx3cbaRHs0yRIks	s1_fXS0pu6YxldZ_p4gfapMp2EHfw_jsMpDZJ0tjqI2PsE	1unQsU	qadv-arbiter-7x7-v0.1.0	-	pathfinder-v0.3.0	-	D	P	196
g1_qZnp1D0ITxYoAc4lu5daMgoVoyGhYUQN20U7wOuV2Co	s1_0BUq_IGrS-I_POsPEOg3l9MWUqRy6akYd4Vn5lg9jtk	1unMls	qadv-arbiter-7x7-rust-lambda-v0.1.0	-	qadv-arbiter-7x7-rust-lambda-v0.1.0	-	L	P	196
g1_qZnp1D0ITxYoAc4lu5daMgoVoyGhYUQN20U7wOuV2Co	s1_1mlT5SmDLIzMNo2CDTY4cNYt73ucK1j2oCPmkfTvlR4	1unMls	qadv-arbiter-7x7-rust-lambda-v0.1.0	-	qadv-arbiter-7x7-rust-lambda-v0.1.0	-	L	P	196
g1_qZnp1D0ITxYoAc4lu5daMgoVoyGhYUQN20U7wOuV2Co	s1_3WUJTevLQEhtF-7hF7fxIgUATE2AJaEvflrkpwPx1ew	1unMls	qadv-arbiter-7x7-rust-lambda-v0.1.0	-	qadv-arbiter-7x7-rust-lambda-v0.1.0	-	L	P	196
g1_qZnp1D0ITxYoAc4lu5daMgoVoyGhYUQN20U7wOuV2Co	s1_RauLaTi4eVgYHSp2TV9pqs9uzTVv0B10g9TaHMWpcZ4	1unMls	qadv-arbiter-7x7-rust-lambda-v0.1.0	-	qadv-arbiter-7x7-rust-lambda-v0.1.0	-	L	P	-
g1_qZtR8tYA6vyuv28BynjGx-oMni4j1G67yMz7laDtLhw	s1_5Zwyvszd-XZv7HOfug6mhxoAQgnBJleirm3YuhAJVKc	1umvyD	python-gnn-puct-reval30k-v0.1.0	sha256:6120be86fc469df71473c3de64e5e32f99694cd47d621fa5948f243dc51d3d21	python-gnn-puct-reval30k-v0.1.0	sha256:6120be86fc469df71473c3de64e5e32f99694cd47d621fa5948f243dc51d3d21	D	P	196
g1_q_6Jg8URDba5uAvl8enGdkOyVWC5Wkf727CpavXvRVI	s1_1av6nXQkq-GSHXfjkVlGHGpAq8F9UbW4JwZmyFA-vww	1umv6u	python-gnn-puct-scout-v0.1.0	sha256:b9f80706cc1f29076ee06fe06483697c749148a808c599579045d00a52573938	python-gnn-puct-scout-v0.1.0	sha256:b9f80706cc1f29076ee06fe06483697c749148a808c599579045d00a52573938	L	P	196
g1_q_6Jg8URDba5uAvl8enGdkOyVWC5Wkf727CpavXvRVI	s1_Brk0hkuJoH-MBjdd53AO5tlWcOgDWV_R0PO74fHGd_0	1umv6u	python-gnn-puct-scout-v0.1.0	sha256:b9f80706cc1f29076ee06fe06483697c749148a808c599579045d00a52573938	python-gnn-puct-scout-v0.1.0	sha256:b9f80706cc1f29076ee06fe06483697c749148a808c599579045d00a52573938	L	P	196
g1_q_6Jg8URDba5uAvl8enGdkOyVWC5Wkf727CpavXvRVI	s1_D_X-fTFZy6xuyGSC5jFyKBW6IP_59Jbomefazf4xu44	1umv6u	python-gnn-puct-scout-v0.1.0	sha256:b9f80706cc1f29076ee06fe06483697c749148a808c599579045d00a52573938	python-gnn-puct-scout-v0.1.0	sha256:b9f80706cc1f29076ee06fe06483697c749148a808c599579045d00a52573938	L	P	196
g1_q_8eGqZjyZvfVlAyLvBq2irn9K6b3IfI6ooykduypFQ	s1_KleNTP67WVABGieqyne8v2lvZIZb1k4Va6ndZ2yIHi0	1unLxC	qadv-arbiter-7x7-rust-lambda-v0.1.0	-	qadv-arbiter-7x7-rust-lambda-v0.1.0	-	L	P	196
g1_q_8eGqZjyZvfVlAyLvBq2irn9K6b3IfI6ooykduypFQ	s1_RauLaTi4eVgYHSp2TV9pqs9uzTVv0B10g9TaHMWpcZ4	1unLxC	qadv-arbiter-7x7-rust-lambda-v0.1.0	-	qadv-arbiter-7x7-rust-lambda-v0.1.0	-	L	P	-
g1_q_8eGqZjyZvfVlAyLvBq2irn9K6b3IfI6ooykduypFQ	s1_c6NSrvwz79OaPkeDjYE_N9Wyj9vU0DISFUVPXGP0Gsw	1unLxC	qadv-arbiter-7x7-rust-lambda-v0.1.0	-	qadv-arbiter-7x7-rust-lambda-v0.1.0	-	L	P	196
g1_q_8eGqZjyZvfVlAyLvBq2irn9K6b3IfI6ooykduypFQ	s1_wDwJ1sW0zShxWgXBn6FxpKuxXB9sh6iL_tYzY1TvUO8	1unLxC	qadv-arbiter-7x7-rust-lambda-v0.1.0	-	qadv-arbiter-7x7-rust-lambda-v0.1.0	-	L	P	196
g1_q_K-MkiZQJYBA_SnF1a6PxipCNAeCmS8KLTOzi1x0CQ	s1_64TBRxQRO9yqovLlEtCWyoCEW9NZ0GeYzN7ro9m2xRw	1unLv2	qadv-arbiter-7x7-rust-lambda-v0.1.0	-	qadv-arbiter-7x7-rust-lambda-v0.1.0	-	D	P	196
g1_q_K-MkiZQJYBA_SnF1a6PxipCNAeCmS8KLTOzi1x0CQ	s1_RauLaTi4eVgYHSp2TV9pqs9uzTVv0B10g9TaHMWpcZ4	1unLv2	qadv-arbiter-7x7-rust-lambda-v0.1.0	-	qadv-arbiter-7x7-rust-lambda-v0.1.0	-	D	P	-
g1_q_K-MkiZQJYBA_SnF1a6PxipCNAeCmS8KLTOzi1x0CQ	s1_RhhT9y7NQtRqm1Sm6Smk8mjoLKgSJ8VLxnZl5RrwqeU	1unLv2	qadv-arbiter-7x7-rust-lambda-v0.1.0	-	qadv-arbiter-7x7-rust-lambda-v0.1.0	-	D	P	196
g1_q_K-MkiZQJYBA_SnF1a6PxipCNAeCmS8KLTOzi1x0CQ	s1_askD4ljmtylnREquEMXurXQAU96mZwd4and1qmgTeq4	1unLv2	qadv-arbiter-7x7-rust-lambda-v0.1.0	-	qadv-arbiter-7x7-rust-lambda-v0.1.0	-	D	P	196
g1_q_MbT4kbtmglbLzgZnNSyZANvx_caby_abe6py_vPnw	s1__fmnSv6OnZklVvMPUjPdL6drtvfrJptRYX3nxZQO8jI	1umxyb	python-gnn-puct-scout-v0.1.0	sha256:b9f80706cc1f29076ee06fe06483697c749148a808c599579045d00a52573938	python-gnn-puct-scout-v0.1.0	sha256:b9f80706cc1f29076ee06fe06483697c749148a808c599579045d00a52573938	D	P	196
g1_q_hRlXJnA2Rc2nCGwS1DUsAV2l3PY9rl7FviewICSZ8	s1_8efpNPbY_JyH9dACmrhTLNh_8ARYglDXpQ2A_r-5VPY	1unP3b	qadv-arbiter-7x7-rust-lambda-v0.1.0	-	qadv-arbiter-7x7-rust-lambda-v0.1.0	-	L	P	196
g1_q_hRlXJnA2Rc2nCGwS1DUsAV2l3PY9rl7FviewICSZ8	s1_RauLaTi4eVgYHSp2TV9pqs9uzTVv0B10g9TaHMWpcZ4	1unP3b	qadv-arbiter-7x7-rust-lambda-v0.1.0	-	qadv-arbiter-7x7-rust-lambda-v0.1.0	-	L	P	-
g1_q_hRlXJnA2Rc2nCGwS1DUsAV2l3PY9rl7FviewICSZ8	s1_Z8E6IBa-6l9pFA8WxevscHZsYRo6OfNTNuAMbSnDqdo	1unP3b	qadv-arbiter-7x7-rust-lambda-v0.1.0	-	qadv-arbiter-7x7-rust-lambda-v0.1.0	-	L	P	196
g1_q_hRlXJnA2Rc2nCGwS1DUsAV2l3PY9rl7FviewICSZ8	s1_uVcYb8Mkw8Bwl0PPPhmD41K8xNpLfKvs2q13u5adcew	1unP3b	qadv-arbiter-7x7-rust-lambda-v0.1.0	-	qadv-arbiter-7x7-rust-lambda-v0.1.0	-	L	P	196
g1_q_rqR1Cl75UNMugnH8obCKoIKVcpKuStML7XjlvN7lU	s1_RauLaTi4eVgYHSp2TV9pqs9uzTVv0B10g9TaHMWpcZ4	1unOJS	qadv-arbiter-7x7-rust-lambda-v0.1.0	-	qadv-arbiter-7x7-rust-lambda-v0.1.0	-	L	P	-
g1_q_rqR1Cl75UNMugnH8obCKoIKVcpKuStML7XjlvN7lU	s1_d9sPC9cAftJzKJquRgYKyR3nb7P4xtioFEgobndZ3-o	1unOJS	qadv-arbiter-7x7-rust-lambda-v0.1.0	-	qadv-arbiter-7x7-rust-lambda-v0.1.0	-	L	P	196
g1_q_rqR1Cl75UNMugnH8obCKoIKVcpKuStML7XjlvN7lU	s1_wWzGUWZPpSMZcHAwhKcJFDtBedxL9-kLqPg5qsJ3Jck	1unOJS	qadv-arbiter-7x7-rust-lambda-v0.1.0	-	qadv-arbiter-7x7-rust-lambda-v0.1.0	-	L	P	196
g1_q_rqR1Cl75UNMugnH8obCKoIKVcpKuStML7XjlvN7lU	s1_ypDjNSaPSV9ChjSKVPjmC49EDlR42ETGNK7q2uS9vsQ	1unOJS	qadv-arbiter-7x7-rust-lambda-v0.1.0	-	qadv-arbiter-7x7-rust-lambda-v0.1.0	-	L	P	196
g1_qa2KW-uNG2yqLUqXOdzIPvB4xvqnhEea0j10peMxsbQ	s1_OYiw6QaqhVHiVZ45OEdCrJE6TDCi7sbrExvWydqE6v4	1unMYB	qadv-arbiter-7x7-rust-lambda-v0.1.0	-	qadv-arbiter-7x7-rust-lambda-v0.1.0	-	D	P	196
g1_qa2KW-uNG2yqLUqXOdzIPvB4xvqnhEea0j10peMxsbQ	s1_RauLaTi4eVgYHSp2TV9pqs9uzTVv0B10g9TaHMWpcZ4	1unMYB	qadv-arbiter-7x7-rust-lambda-v0.1.0	-	qadv-arbiter-7x7-rust-lambda-v0.1.0	-	D	P	-
g1_qa2KW-uNG2yqLUqXOdzIPvB4xvqnhEea0j10peMxsbQ	s1_bV3RlpmELFhAcqP0p6tRR287oX7P59vvYYJPVNgHyog	1unMYB	qadv-arbiter-7x7-rust-lambda-v0.1.0	-	qadv-arbiter-7x7-rust-lambda-v0.1.0	-	D	P	196
g1_qa2KW-uNG2yqLUqXOdzIPvB4xvqnhEea0j10peMxsbQ	s1_vd-ZaUMyxK60jsLrm6ZRc8hcRNfX0WT25SXmY8sjC9c	1unMYB	qadv-arbiter-7x7-rust-lambda-v0.1.0	-	qadv-arbiter-7x7-rust-lambda-v0.1.0	-	D	P	196
g1_qaNdmxwhSvIJz7rZzC8kCVvbcz-db52UjEgrgWsNAmM	s1_7FIu85-v_e-kbNsQ2UNk3yRt-KGcLyUjpmVwIc9cnfM	1umwA1	python-gnn-puct-scout-v0.1.0	sha256:b9f80706cc1f29076ee06fe06483697c749148a808c599579045d00a52573938	python-gnn-puct-scout-v0.1.0	sha256:b9f80706cc1f29076ee06fe06483697c749148a808c599579045d00a52573938	D	P	196
g1_qaNdmxwhSvIJz7rZzC8kCVvbcz-db52UjEgrgWsNAmM	s1_S8AGNBNcWBvWiwIo-AOAHPoHuZo2XvcsYvhgQxGTkrY	1umwA1	python-gnn-puct-scout-v0.1.0	sha256:b9f80706cc1f29076ee06fe06483697c749148a808c599579045d00a52573938	python-gnn-puct-scout-v0.1.0	sha256:b9f80706cc1f29076ee06fe06483697c749148a808c599579045d00a52573938	D	P	196
g1_qaX9vX71g7juPFRmXiRY1kqCMsRumvF4Yr6SXLWmiI0	s1_1av6nXQkq-GSHXfjkVlGHGpAq8F9UbW4JwZmyFA-vww	1umvOY	python-gnn-puct-learner-v0.1.0	sha256:ab0f739cd33d66781faf60e27797c5ccba3c04ba684f8d9e32e9c2754f4e8956	python-gnn-puct-learner-v0.1.0	sha256:ab0f739cd33d66781faf60e27797c5ccba3c04ba684f8d9e32e9c2754f4e8956	-	M	196
g1_qaX9vX71g7juPFRmXiRY1kqCMsRumvF4Yr6SXLWmiI0	s1_QBFUsDtxokERlDOdQkleYbPvhJ-vIp2qmp6DXjS-7oM	1umvOY	python-gnn-puct-learner-v0.1.0	sha256:ab0f739cd33d66781faf60e27797c5ccba3c04ba684f8d9e32e9c2754f4e8956	python-gnn-puct-learner-v0.1.0	sha256:ab0f739cd33d66781faf60e27797c5ccba3c04ba684f8d9e32e9c2754f4e8956	-	M	196
g1_qaX9vX71g7juPFRmXiRY1kqCMsRumvF4Yr6SXLWmiI0	s1_mWPTef6xYbijjPhDIC6QgLRmu2mMSJAokNlIkx3vg54	1umvOY	python-gnn-puct-learner-v0.1.0	sha256:ab0f739cd33d66781faf60e27797c5ccba3c04ba684f8d9e32e9c2754f4e8956	python-gnn-puct-learner-v0.1.0	sha256:ab0f739cd33d66781faf60e27797c5ccba3c04ba684f8d9e32e9c2754f4e8956	-	M	196
g1_qaZYFgmMOja6h5h2y_2bQz8PtQU9YgrNpzbV5W41zOo	s1_flXyOBW6T9LLVDFIvXBGel1MoVNZcUcMFIJnB9yLapU	1umx3O	python-gnn-puct-reval30k-v0.1.0	sha256:6120be86fc469df71473c3de64e5e32f99694cd47d621fa5948f243dc51d3d21	python-gnn-puct-reval30k-v0.1.0	sha256:6120be86fc469df71473c3de64e5e32f99694cd47d621fa5948f243dc51d3d21	L	P	196
g1_qaZjj74kEG-uSnqs3Q6Todye1-iXWDlkg2QaGwtE_h0	s1_qtlitMa-GGx-0y2heoyNRonYXf1Dq5epTexnVe9Iqtw	1umxYs	python-gnn-puct-learner-v0.1.0	sha256:ab0f739cd33d66781faf60e27797c5ccba3c04ba684f8d9e32e9c2754f4e8956	python-gnn-puct-learner-v0.1.0	sha256:ab0f739cd33d66781faf60e27797c5ccba3c04ba684f8d9e32e9c2754f4e8956	D	P	196
g1_qafdmClwDhAK_gQHQR52eOnwQjDSKHfgbx849XpoZJo	s1__fmnSv6OnZklVvMPUjPdL6drtvfrJptRYX3nxZQO8jI	1umxpC	python-gnn-puct-scout-v0.1.0	sha256:b9f80706cc1f29076ee06fe06483697c749148a808c599579045d00a52573938	python-gnn-puct-scout-v0.1.0	sha256:b9f80706cc1f29076ee06fe06483697c749148a808c599579045d00a52573938	D	P	196
g1_qarvf60KzjL7IKqyod6PPIYflXGIsWBdfy4OwKdFfPI	s1_9VwNgm7YL1aAB94l33fzDqnIIqyhVw1PTGO9MMCtHOE	1unOjB	qadv-arbiter-7x7-rust-lambda-v0.1.0	-	qadv-arbiter-7x7-rust-lambda-v0.1.0	-	L	P	196
g1_qarvf60KzjL7IKqyod6PPIYflXGIsWBdfy4OwKdFfPI	s1_RauLaTi4eVgYHSp2TV9pqs9uzTVv0B10g9TaHMWpcZ4	1unOjB	qadv-arbiter-7x7-rust-lambda-v0.1.0	-	qadv-arbiter-7x7-rust-lambda-v0.1.0	-	L	P	-
g1_qarvf60KzjL7IKqyod6PPIYflXGIsWBdfy4OwKdFfPI	s1_hIeUG6WpuA1VUZrBHs6vxzMk1Voh9P4GmxBWBZxTluE	1unOjB	qadv-arbiter-7x7-rust-lambda-v0.1.0	-	qadv-arbiter-7x7-rust-lambda-v0.1.0	-	L	P	196
g1_qarvf60KzjL7IKqyod6PPIYflXGIsWBdfy4OwKdFfPI	s1_rBIWzjIr0CVtHFPQ7P6ge08aKTYxC5nLQzKMYGuce8Q	1unOjB	qadv-arbiter-7x7-rust-lambda-v0.1.0	-	qadv-arbiter-7x7-rust-lambda-v0.1.0	-	L	P	196
g1_qatYd3kC1JnyUhr8UxGQAEGat9lKUxZiC3KiF3wnF_I	s1_GKHiHAlRudl1gdnPdKem_smA1nAkjlWfTxvRHztBr2g	1unMNu	qadv-arbiter-7x7-rust-lambda-v0.1.0	-	qadv-arbiter-7x7-rust-lambda-v0.1.0	-	L	P	196
g1_qatYd3kC1JnyUhr8UxGQAEGat9lKUxZiC3KiF3wnF_I	s1_GucwSQ6wnlLsKFxhqHasIjTzDbbQ-gZZMbAcRVN1M9k	1unMNu	qadv-arbiter-7x7-rust-lambda-v0.1.0	-	qadv-arbiter-7x7-rust-lambda-v0.1.0	-	L	P	196
g1_qatYd3kC1JnyUhr8UxGQAEGat9lKUxZiC3KiF3wnF_I	s1_RauLaTi4eVgYHSp2TV9pqs9uzTVv0B10g9TaHMWpcZ4	1unMNu	qadv-arbiter-7x7-rust-lambda-v0.1.0	-	qadv-arbiter-7x7-rust-lambda-v0.1.0	-	L	P	-
g1_qatYd3kC1JnyUhr8UxGQAEGat9lKUxZiC3KiF3wnF_I	s1_hwCvjTOWZa8ulxIPNUmSYII1oOanJ3r-AiCUrey597M	1unMNu	qadv-arbiter-7x7-rust-lambda-v0.1.0	-	qadv-arbiter-7x7-rust-lambda-v0.1.0	-	L	P	196
g1_qaw41v7ZPRZzFYFvfEe1g60Q1mQsVTtpKyXSlgZySTc	s1_qtlitMa-GGx-0y2heoyNRonYXf1Dq5epTexnVe9Iqtw	1umxYT	python-gnn-puct-learner-v0.1.0	sha256:ab0f739cd33d66781faf60e27797c5ccba3c04ba684f8d9e32e9c2754f4e8956	python-gnn-puct-learner-v0.1.0	sha256:ab0f739cd33d66781faf60e27797c5ccba3c04ba684f8d9e32e9c2754f4e8956	L	P	196
g1_qb1aUhwDzfn3q6DDVxczLKqpCU1Befd8QQg4a_IIdYU	s1_1R5KYwd9EshSn1yACcDADvYj_SAadl-Nx3PtWoNp968	1unNFY	qadv-arbiter-7x7-rust-lambda-v0.1.0	-	qadv-arbiter-7x7-rust-lambda-v0.1.0	-	L	P	196
g1_qb1aUhwDzfn3q6DDVxczLKqpCU1Befd8QQg4a_IIdYU	s1_FfJPj_2wlqRllE5ioWBqgH41ave8m3pK7KrNX763BRE	1unNFY	qadv-arbiter-7x7-rust-lambda-v0.1.0	-	qadv-arbiter-7x7-rust-lambda-v0.1.0	-	L	P	196
g1_qb1aUhwDzfn3q6DDVxczLKqpCU1Befd8QQg4a_IIdYU	s1_RauLaTi4eVgYHSp2TV9pqs9uzTVv0B10g9TaHMWpcZ4	1unNFY	qadv-arbiter-7x7-rust-lambda-v0.1.0	-	qadv-arbiter-7x7-rust-lambda-v0.1.0	-	L	P	-
g1_qb1aUhwDzfn3q6DDVxczLKqpCU1Befd8QQg4a_IIdYU	s1_Rp00fFkjImIl_kjV0V5lZX-Ui9vboSH9WKHqhvj1x2s	1unNFY	qadv-arbiter-7x7-rust-lambda-v0.1.0	-	qadv-arbiter-7x7-rust-lambda-v0.1.0	-	L	P	196
g1_qb2OWmWJGaUj7dg1PWkNZBCvFOKFUaU71gPXTQLJ16U	s1_AFospHqasYRZH4Y3OgofwDynb0rDwpPxSjXT-l4exvo	1unO_q	qadv-arbiter-7x7-rust-lambda-v0.1.0	-	qadv-arbiter-7x7-rust-lambda-v0.1.0	-	L	P	196
g1_qb2OWmWJGaUj7dg1PWkNZBCvFOKFUaU71gPXTQLJ16U	s1_AZohPLveReTClCz6nHsMvFShV7imr-fJ_zUuGUM4GwQ	1unO_q	qadv-arbiter-7x7-rust-lambda-v0.1.0	-	qadv-arbiter-7x7-rust-lambda-v0.1.0	-	L	P	196
g1_qb2OWmWJGaUj7dg1PWkNZBCvFOKFUaU71gPXTQLJ16U	s1_CSgAo9DHarOuxRevXCWbcIzZsbxFgSHL01Cr1T0Wvbs	1unO_q	qadv-arbiter-7x7-rust-lambda-v0.1.0	-	qadv-arbiter-7x7-rust-lambda-v0.1.0	-	L	P	196
g1_qb2OWmWJGaUj7dg1PWkNZBCvFOKFUaU71gPXTQLJ16U	s1_RauLaTi4eVgYHSp2TV9pqs9uzTVv0B10g9TaHMWpcZ4	1unO_q	qadv-arbiter-7x7-rust-lambda-v0.1.0	-	qadv-arbiter-7x7-rust-lambda-v0.1.0	-	L	P	-
g1_qbCJe2SHgeWeVVmM9YWw5qStffYWflmr5bCcVXbXCp0	s1_WVg7aYYLIrw6_-2mI3jQ-DPcLO4gX2sPEEqWQb0DGQA	1umxTZ	python-cnn-puct-reval30k-v0.1.0	sha256:eb2600a53e225a835455efdb2759c40e27c5cb3c16ab0688bc21b99290ed10ee	python-cnn-puct-reval30k-v0.1.0	sha256:eb2600a53e225a835455efdb2759c40e27c5cb3c16ab0688bc21b99290ed10ee	D	P	196
g1_qbIUFHtq_mEm5Nh1RAtE26KIUt7aJALiTVEzAMrOx_0	s1_Qmoz3nLvbLcY_1rcqMtpMJDvTQydhL5cxUNWV6EhpMY	1umwvA	qadv-arbiter-7x7-v0.1.0	sha256:8c548d06307572603b839755cc1e50393285365e10f82bcd90290ca65cd86266	qadv-arbiter-7x7-v0.1.0	sha256:8c548d06307572603b839755cc1e50393285365e10f82bcd90290ca65cd86266	L	P	196
g1_qbUjp9TVFPq7Osjyar45SbpMdLuNl606LQRWASo0_38	s1_Qmoz3nLvbLcY_1rcqMtpMJDvTQydhL5cxUNWV6EhpMY	1umwpD	qadv-arbiter-7x7-v0.1.0	sha256:8c548d06307572603b839755cc1e50393285365e10f82bcd90290ca65cd86266	qadv-arbiter-7x7-v0.1.0	sha256:8c548d06307572603b839755cc1e50393285365e10f82bcd90290ca65cd86266	D	P	196
g1_qbZVWlGzirlAPnaDLvLpcYq4KYxUiFb-Fkd9Us9rYFw	s1_8UPSk3kkXSeL88Rzrbl217I8rWj4kskmtOksi1nVvns	1unPx0	qadv-arbiter-7x7-rust-lambda-v0.1.0	-	qadv-arbiter-7x7-rust-lambda-v0.1.0	-	L	P	196
g1_qbZVWlGzirlAPnaDLvLpcYq4KYxUiFb-Fkd9Us9rYFw	s1_Cm-CreUF1wb-ey9-aG0vafZB3widUE7uDH40R5Po73Q	1unPx0	qadv-arbiter-7x7-rust-lambda-v0.1.0	-	qadv-arbiter-7x7-rust-lambda-v0.1.0	-	L	P	196
g1_qbZVWlGzirlAPnaDLvLpcYq4KYxUiFb-Fkd9Us9rYFw	s1_RauLaTi4eVgYHSp2TV9pqs9uzTVv0B10g9TaHMWpcZ4	1unPx0	qadv-arbiter-7x7-rust-lambda-v0.1.0	-	qadv-arbiter-7x7-rust-lambda-v0.1.0	-	L	P	-
g1_qbZVWlGzirlAPnaDLvLpcYq4KYxUiFb-Fkd9Us9rYFw	s1_Zk5N3INjhe0TFr9Cu-C3VfEKSde5PFUiPeyhYpwSm9U	1unPx0	qadv-arbiter-7x7-rust-lambda-v0.1.0	-	qadv-arbiter-7x7-rust-lambda-v0.1.0	-	L	P	196
g1_qbaMv4tvIOJtzuxQ2zljXM1Wl1HGiOqXLNtd37H_FvA	s1_-OKlJXuPFfAnukwGYITjiU7XKL4OC_qt76PC0TZSPjg	1umvh9	python-cnn-puct-v0.1.0	sha256:7845e9b7687beee165dc36b8d21833b7a8b5a83e31b58b49bd05c277ba26e642	python-cnn-puct-v0.1.0	sha256:7845e9b7687beee165dc36b8d21833b7a8b5a83e31b58b49bd05c277ba26e642	-	M	196
g1_qbaMv4tvIOJtzuxQ2zljXM1Wl1HGiOqXLNtd37H_FvA	s1_1av6nXQkq-GSHXfjkVlGHGpAq8F9UbW4JwZmyFA-vww	1umvh9	python-cnn-puct-v0.1.0	sha256:7845e9b7687beee165dc36b8d21833b7a8b5a83e31b58b49bd05c277ba26e642	python-cnn-puct-v0.1.0	sha256:7845e9b7687beee165dc36b8d21833b7a8b5a83e31b58b49bd05c277ba26e642	-	M	196
g1_qbaMv4tvIOJtzuxQ2zljXM1Wl1HGiOqXLNtd37H_FvA	s1_mWPTef6xYbijjPhDIC6QgLRmu2mMSJAokNlIkx3vg54	1umvh9	python-cnn-puct-v0.1.0	sha256:7845e9b7687beee165dc36b8d21833b7a8b5a83e31b58b49bd05c277ba26e642	python-cnn-puct-v0.1.0	sha256:7845e9b7687beee165dc36b8d21833b7a8b5a83e31b58b49bd05c277ba26e642	-	M	196
g1_qbf9f8PUhqC973Fw6cJW2jH3LkJhUjanRMsDUrxp6Ic	s1_9DFA7HSBH1tI5x_SKotuJ6N_3VpgpnKGcGh_IUoBut8	1unNRo	qadv-arbiter-7x7-rust-lambda-v0.1.0	-	qadv-arbiter-7x7-rust-lambda-v0.1.0	-	D	P	196
g1_qbf9f8PUhqC973Fw6cJW2jH3LkJhUjanRMsDUrxp6Ic	s1_Bj54quYgERI0vANSHli5iSIym_bg427VPDUWryLcBpo	1unNRo	qadv-arbiter-7x7-rust-lambda-v0.1.0	-	qadv-arbiter-7x7-rust-lambda-v0.1.0	-	D	P	196
g1_qbf9f8PUhqC973Fw6cJW2jH3LkJhUjanRMsDUrxp6Ic	s1_RauLaTi4eVgYHSp2TV9pqs9uzTVv0B10g9TaHMWpcZ4	1unNRo	qadv-arbiter-7x7-rust-lambda-v0.1.0	-	qadv-arbiter-7x7-rust-lambda-v0.1.0	-	D	P	-
g1_qbf9f8PUhqC973Fw6cJW2jH3LkJhUjanRMsDUrxp6Ic	s1_wPF7Ag7cGequ0fdVtNTj-Xa9ig5mt8vdEZJ9eGScpsY	1unNRo	qadv-arbiter-7x7-rust-lambda-v0.1.0	-	qadv-arbiter-7x7-rust-lambda-v0.1.0	-	D	P	196
g1_qbgAn8tTzCcLcd69JrLvypMv98pNMggx5FOUUFXh67A	s1_EIzgpSUquug0-nXX2mKJrP3avtJ6jdYvYdApBhLIMxo	1unMDq	qadv-arbiter-7x7-rust-lambda-v0.1.0	-	qadv-arbiter-7x7-rust-lambda-v0.1.0	-	L	P	196
g1_qbgAn8tTzCcLcd69JrLvypMv98pNMggx5FOUUFXh67A	s1_FqCNWkguE5-ZsIIlnvB_zfH-jk2RY4N65wb9YTx0_oI	1unMDq	qadv-arbiter-7x7-rust-lambda-v0.1.0	-	qadv-arbiter-7x7-rust-lambda-v0.1.0	-	L	P	196
g1_qbgAn8tTzCcLcd69JrLvypMv98pNMggx5FOUUFXh67A	s1_RauLaTi4eVgYHSp2TV9pqs9uzTVv0B10g9TaHMWpcZ4	1unMDq	qadv-arbiter-7x7-rust-lambda-v0.1.0	-	qadv-arbiter-7x7-rust-lambda-v0.1.0	-	L	P	-
g1_qbgAn8tTzCcLcd69JrLvypMv98pNMggx5FOUUFXh67A	s1_Xzu14pl1plfSPB5fvl7Iybcl312Vt8xEHCvMwP3kJ0Y	1unMDq	qadv-arbiter-7x7-rust-lambda-v0.1.0	-	qadv-arbiter-7x7-rust-lambda-v0.1.0	-	L	P	196
g1_qbowTH_dNq3uA7zVyZtLkWPOZlcjv2nGMQyufvGYVzU	s1_2FtaP75xgRVTNrUvmC0NIesJCNy8IDFJ05WNM4nUnpg	1unQnV	pathfinder-v0.3.0	-	qadv-arbiter-7x7-v0.1.0	-	L	P	196
g1_qbowTH_dNq3uA7zVyZtLkWPOZlcjv2nGMQyufvGYVzU	s1_7m6rzVUMwKb2ze4m0l4101Ex_LeBD751xgIP1pyiYhY	1unQnV	pathfinder-v0.3.0	-	qadv-arbiter-7x7-v0.1.0	-	L	P	196
g1_qbowTH_dNq3uA7zVyZtLkWPOZlcjv2nGMQyufvGYVzU	s1_E232IOwm69Tr-CQCRHR9s7wqKNHP6Yg5tvKaa-5DtyQ	1unQnV	pathfinder-v0.3.0	-	qadv-arbiter-7x7-v0.1.0	-	L	P	196
g1_qbowTH_dNq3uA7zVyZtLkWPOZlcjv2nGMQyufvGYVzU	s1_RauLaTi4eVgYHSp2TV9pqs9uzTVv0B10g9TaHMWpcZ4	1unQnV	pathfinder-v0.3.0	-	qadv-arbiter-7x7-v0.1.0	-	L	P	-
g1_qbpMdwApaTfLrHjpni4CmF4EwKW5w2LFlm2rh-8VxEU	s1_1av6nXQkq-GSHXfjkVlGHGpAq8F9UbW4JwZmyFA-vww	1umv35	gnn-warmstart-7x7	sha256:e000d50619c0241c30efdd1f5adb7a8b738c66859d33c3443c52a20f56fcc13a	coin-flip-v0.0.1	-	-	M	196
g1_qbpMdwApaTfLrHjpni4CmF4EwKW5w2LFlm2rh-8VxEU	s1_Brk0hkuJoH-MBjdd53AO5tlWcOgDWV_R0PO74fHGd_0	1umv35	gnn-warmstart-7x7	sha256:e000d50619c0241c30efdd1f5adb7a8b738c66859d33c3443c52a20f56fcc13a	coin-flip-v0.0.1	-	-	M	196
g1_qbpMdwApaTfLrHjpni4CmF4EwKW5w2LFlm2rh-8VxEU	s1_QzXKB60HvV5g6-cJIu-NdpeFb1rCgFAJD1cxfdkoMm0	1umv35	gnn-warmstart-7x7	sha256:e000d50619c0241c30efdd1f5adb7a8b738c66859d33c3443c52a20f56fcc13a	coin-flip-v0.0.1	-	-	M	196
g1_qbr2IsoOgMIg5DfmKJJcgunGEYKwZ2sVAozgUKBrw2k	s1_1av6nXQkq-GSHXfjkVlGHGpAq8F9UbW4JwZmyFA-vww	1umv8g	python-gnn-puct-scout-v0.1.0	sha256:b9f80706cc1f29076ee06fe06483697c749148a808c599579045d00a52573938	python-gnn-puct-scout-v0.1.0	sha256:b9f80706cc1f29076ee06fe06483697c749148a808c599579045d00a52573938	D	P	196
g1_qbr2IsoOgMIg5DfmKJJcgunGEYKwZ2sVAozgUKBrw2k	s1_Brk0hkuJoH-MBjdd53AO5tlWcOgDWV_R0PO74fHGd_0	1umv8g	python-gnn-puct-scout-v0.1.0	sha256:b9f80706cc1f29076ee06fe06483697c749148a808c599579045d00a52573938	python-gnn-puct-scout-v0.1.0	sha256:b9f80706cc1f29076ee06fe06483697c749148a808c599579045d00a52573938	D	P	196
g1_qbr2IsoOgMIg5DfmKJJcgunGEYKwZ2sVAozgUKBrw2k	s1_D_X-fTFZy6xuyGSC5jFyKBW6IP_59Jbomefazf4xu44	1umv8g	python-gnn-puct-scout-v0.1.0	sha256:b9f80706cc1f29076ee06fe06483697c749148a808c599579045d00a52573938	python-gnn-puct-scout-v0.1.0	sha256:b9f80706cc1f29076ee06fe06483697c749148a808c599579045d00a52573938	D	P	196
g1_qbsx0j24smeUFB5kcyrGEzRVKirJFOkGB7s6zqPDztI	s1_4w29_hJXd6IlbVX3_yQNK3pFl1FUu8aWhWPOGmtPZT8	1unMOy	qadv-arbiter-7x7-rust-lambda-v0.1.0	-	qadv-arbiter-7x7-rust-lambda-v0.1.0	-	D	P	196
g1_qbsx0j24smeUFB5kcyrGEzRVKirJFOkGB7s6zqPDztI	s1_9pK_obJzofo_mvrJSU2L8ISMAT5PPdIPXJZuYJOojyo	1unMOy	qadv-arbiter-7x7-rust-lambda-v0.1.0	-	qadv-arbiter-7x7-rust-lambda-v0.1.0	-	D	P	196
g1_qbsx0j24smeUFB5kcyrGEzRVKirJFOkGB7s6zqPDztI	s1_RauLaTi4eVgYHSp2TV9pqs9uzTVv0B10g9TaHMWpcZ4	1unMOy	qadv-arbiter-7x7-rust-lambda-v0.1.0	-	qadv-arbiter-7x7-rust-lambda-v0.1.0	-	D	P	-
g1_qbsx0j24smeUFB5kcyrGEzRVKirJFOkGB7s6zqPDztI	s1_furuPl1Gfw7cMWi-3Vqz047ftRvmDjjEGHXFR-eHKVo	1unMOy	qadv-arbiter-7x7-rust-lambda-v0.1.0	-	qadv-arbiter-7x7-rust-lambda-v0.1.0	-	D	P	196
g1_qc0JT8Cw89wiB3BWol_eI7zq9aQ50QtuJ6dJIX2Eefg	s1_64TBRxQRO9yqovLlEtCWyoCEW9NZ0GeYzN7ro9m2xRw	1unLv5	qadv-arbiter-7x7-rust-lambda-v0.1.0	-	qadv-arbiter-7x7-rust-lambda-v0.1.0	-	L	P	196
g1_qc0JT8Cw89wiB3BWol_eI7zq9aQ50QtuJ6dJIX2Eefg	s1_RauLaTi4eVgYHSp2TV9pqs9uzTVv0B10g9TaHMWpcZ4	1unLv5	qadv-arbiter-7x7-rust-lambda-v0.1.0	-	qadv-arbiter-7x7-rust-lambda-v0.1.0	-	L	P	-
g1_qc0JT8Cw89wiB3BWol_eI7zq9aQ50QtuJ6dJIX2Eefg	s1_RhhT9y7NQtRqm1Sm6Smk8mjoLKgSJ8VLxnZl5RrwqeU	1unLv5	qadv-arbiter-7x7-rust-lambda-v0.1.0	-	qadv-arbiter-7x7-rust-lambda-v0.1.0	-	L	P	196
g1_qc0JT8Cw89wiB3BWol_eI7zq9aQ50QtuJ6dJIX2Eefg	s1_cangmlpNh9NLZ2tnW5iY1UGgJfTihC9He5IH-I8G1As	1unLv5	qadv-arbiter-7x7-rust-lambda-v0.1.0	-	qadv-arbiter-7x7-rust-lambda-v0.1.0	-	L	P	196
g1_qcIv7YgHkeMkv95LWyUzR-8T_VGILi_1tz6g78hRoYA	s1_qtlitMa-GGx-0y2heoyNRonYXf1Dq5epTexnVe9Iqtw	1umxju	python-gnn-puct-learner-v0.1.0	sha256:ab0f739cd33d66781faf60e27797c5ccba3c04ba684f8d9e32e9c2754f4e8956	python-gnn-puct-learner-v0.1.0	sha256:ab0f739cd33d66781faf60e27797c5ccba3c04ba684f8d9e32e9c2754f4e8956	L	P	196
g1_qcNePgo_ggJdC1e7tP0Jn-8Q4kFhT2mvGTdsAerK3g0	s1_A6m5JxBkWvscuZyV77VotI_GKadABJURR6qWwkcyyTY	1unPxM	qadv-arbiter-7x7-rust-lambda-v0.1.0	-	qadv-arbiter-7x7-rust-lambda-v0.1.0	-	D	P	196
g1_qcNePgo_ggJdC1e7tP0Jn-8Q4kFhT2mvGTdsAerK3g0	s1_RauLaTi4eVgYHSp2TV9pqs9uzTVv0B10g9TaHMWpcZ4	1unPxM	qadv-arbiter-7x7-rust-lambda-v0.1.0	-	qadv-arbiter-7x7-rust-lambda-v0.1.0	-	D	P	-
g1_qcNePgo_ggJdC1e7tP0Jn-8Q4kFhT2mvGTdsAerK3g0	s1_cXv-cvEpom3Cb0lIuo7vgnurKQ6MmU8W9zATVXQOAeo	1unPxM	qadv-arbiter-7x7-rust-lambda-v0.1.0	-	qadv-arbiter-7x7-rust-lambda-v0.1.0	-	D	P	196
g1_qcNePgo_ggJdC1e7tP0Jn-8Q4kFhT2mvGTdsAerK3g0	s1_dAR_alLZxITTRI9o3fGKsg-j9HJ3jz85YRQC3sEJscU	1unPxM	qadv-arbiter-7x7-rust-lambda-v0.1.0	-	qadv-arbiter-7x7-rust-lambda-v0.1.0	-	D	P	196
g1_qcSSFf4vGFurPjTcaefB_pQtC1XPQElglApJimZnlAE	s1_MnFSgDBr69IVIXvDHp3pC44hK8YVEEpGk9ELGaOZz6g	1unMJx	qadv-arbiter-7x7-rust-lambda-v0.1.0	-	qadv-arbiter-7x7-rust-lambda-v0.1.0	-	D	P	196
g1_qcSSFf4vGFurPjTcaefB_pQtC1XPQElglApJimZnlAE	s1_RauLaTi4eVgYHSp2TV9pqs9uzTVv0B10g9TaHMWpcZ4	1unMJx	qadv-arbiter-7x7-rust-lambda-v0.1.0	-	qadv-arbiter-7x7-rust-lambda-v0.1.0	-	D	P	-
g1_qcSSFf4vGFurPjTcaefB_pQtC1XPQElglApJimZnlAE	s1_YBs2D2gUCkKQZKiiygl8iCA75QUy4YK3t55vHJ-uZ1Y	1unMJx	qadv-arbiter-7x7-rust-lambda-v0.1.0	-	qadv-arbiter-7x7-rust-lambda-v0.1.0	-	D	P	196
g1_qcSSFf4vGFurPjTcaefB_pQtC1XPQElglApJimZnlAE	s1_lNX-HGomlRXBnOi1xRcl9ODjVB30PiKTvXyCebmwfxc	1unMJx	qadv-arbiter-7x7-rust-lambda-v0.1.0	-	qadv-arbiter-7x7-rust-lambda-v0.1.0	-	D	P	196
g1_qcYBTxtguv_Pz3mXvGbRIPUKjKn7eiRhMIDpsiMS-I4	s1_RauLaTi4eVgYHSp2TV9pqs9uzTVv0B10g9TaHMWpcZ4	1unNXt	qadv-arbiter-7x7-rust-lambda-v0.1.0	-	qadv-arbiter-7x7-rust-lambda-v0.1.0	-	L	P	-
g1_qcYBTxtguv_Pz3mXvGbRIPUKjKn7eiRhMIDpsiMS-I4	s1_T4eWM6NOlf7hhgpM7Fr6RZ4yA7H2Wo9k3sRYMTjlLpk	1unNXt	qadv-arbiter-7x7-rust-lambda-v0.1.0	-	qadv-arbiter-7x7-rust-lambda-v0.1.0	-	L	P	196
g1_qcYBTxtguv_Pz3mXvGbRIPUKjKn7eiRhMIDpsiMS-I4	s1__7eCwpI02UxI56XkRyjiWnwbnJX1E2iBDrvOPo8Idog	1unNXt	qadv-arbiter-7x7-rust-lambda-v0.1.0	-	qadv-arbiter-7x7-rust-lambda-v0.1.0	-	L	P	196
g1_qcYBTxtguv_Pz3mXvGbRIPUKjKn7eiRhMIDpsiMS-I4	s1_de16ncE9UMgSwsxjN5GZD8kWMF1yRkffi2xQHeb4YIM	1unNXt	qadv-arbiter-7x7-rust-lambda-v0.1.0	-	qadv-arbiter-7x7-rust-lambda-v0.1.0	-	L	P	196
g1_qcnzx9YlxfcdKojUkmV0nCzaDV5le0WIRQ5nTAZO1zg	s1_6PxtazPxkizz7K9QTWPSCIopEV5n0zpHoq3F52yO_6U	1umwo_	python-cnn-puct-v0.1.0	sha256:7845e9b7687beee165dc36b8d21833b7a8b5a83e31b58b49bd05c277ba26e642	python-cnn-puct-v0.1.0	sha256:7845e9b7687beee165dc36b8d21833b7a8b5a83e31b58b49bd05c277ba26e642	L	P	196
g1_qcnzx9YlxfcdKojUkmV0nCzaDV5le0WIRQ5nTAZO1zg	s1_baRgKA_wMXdl0r4AwdkUfhWC04qxd1MvEGXAQaDd4fo	1umwo_	python-cnn-puct-v0.1.0	sha256:7845e9b7687beee165dc36b8d21833b7a8b5a83e31b58b49bd05c277ba26e642	python-cnn-puct-v0.1.0	sha256:7845e9b7687beee165dc36b8d21833b7a8b5a83e31b58b49bd05c277ba26e642	L	P	196
g1_qcx8exHTyD0hWfsZJ6hDtsKuYwWlf_-Z8lRnfeHWwAc	s1_1av6nXQkq-GSHXfjkVlGHGpAq8F9UbW4JwZmyFA-vww	1umvMO	python-gnn-puct-learner-v0.1.0	sha256:ab0f739cd33d66781faf60e27797c5ccba3c04ba684f8d9e32e9c2754f4e8956	python-gnn-puct-learner-v0.1.0	sha256:ab0f739cd33d66781faf60e27797c5ccba3c04ba684f8d9e32e9c2754f4e8956	L	P	196
g1_qcx8exHTyD0hWfsZJ6hDtsKuYwWlf_-Z8lRnfeHWwAc	s1_Brk0hkuJoH-MBjdd53AO5tlWcOgDWV_R0PO74fHGd_0	1umvMO	python-gnn-puct-learner-v0.1.0	sha256:ab0f739cd33d66781faf60e27797c5ccba3c04ba684f8d9e32e9c2754f4e8956	python-gnn-puct-learner-v0.1.0	sha256:ab0f739cd33d66781faf60e27797c5ccba3c04ba684f8d9e32e9c2754f4e8956	L	P	196
g1_qcx8exHTyD0hWfsZJ6hDtsKuYwWlf_-Z8lRnfeHWwAc	s1_QBFUsDtxokERlDOdQkleYbPvhJ-vIp2qmp6DXjS-7oM	1umvMO	python-gnn-puct-learner-v0.1.0	sha256:ab0f739cd33d66781faf60e27797c5ccba3c04ba684f8d9e32e9c2754f4e8956	python-gnn-puct-learner-v0.1.0	sha256:ab0f739cd33d66781faf60e27797c5ccba3c04ba684f8d9e32e9c2754f4e8956	L	P	196
g1_qczh2UT5t6dMxwir9gXc5qCvSdDl0-JNMuK5EYtzU8o	s1_-jT-INOLrvkXSsh3yYA5sI3kEopWwmg1F50no3DZJBo	1unP3p	qadv-arbiter-7x7-rust-lambda-v0.1.0	-	qadv-arbiter-7x7-rust-lambda-v0.1.0	-	L	P	196
g1_qczh2UT5t6dMxwir9gXc5qCvSdDl0-JNMuK5EYtzU8o	s1_RauLaTi4eVgYHSp2TV9pqs9uzTVv0B10g9TaHMWpcZ4	1unP3p	qadv-arbiter-7x7-rust-lambda-v0.1.0	-	qadv-arbiter-7x7-rust-lambda-v0.1.0	-	L	P	-
g1_qczh2UT5t6dMxwir9gXc5qCvSdDl0-JNMuK5EYtzU8o	s1_Tw4Hvu3zNCp8lN4gL7irbT1iwRnlwO8l930bqO9wSBY	1unP3p	qadv-arbiter-7x7-rust-lambda-v0.1.0	-	qadv-arbiter-7x7-rust-lambda-v0.1.0	-	L	P	196
g1_qczh2UT5t6dMxwir9gXc5qCvSdDl0-JNMuK5EYtzU8o	s1_lbkqp91qTSA6uFitjC7iHUwv_Imx4Hx1HtxVBNxtWYU	1unP3p	qadv-arbiter-7x7-rust-lambda-v0.1.0	-	qadv-arbiter-7x7-rust-lambda-v0.1.0	-	L	P	196
g1_qd99lGyw1tLVT_pc0BXPXGOs3tW6mWE6nbuKBeWC_vM	s1_1av6nXQkq-GSHXfjkVlGHGpAq8F9UbW4JwZmyFA-vww	1DIWL	python-gnn-puct-v0.1.0	sha256:6f9ad6e4a0993da3cf34a8549e86f9b5d512c51e11bfa76dfe051e7a8801bdac	python-gnn-puct-v0.1.0	sha256:6f9ad6e4a0993da3cf34a8549e86f9b5d512c51e11bfa76dfe051e7a8801bdac	D	P	196
g1_qd99lGyw1tLVT_pc0BXPXGOs3tW6mWE6nbuKBeWC_vM	s1_del54SUFELBov5vQFrhsVexn6D9EhUPDFZpXuqC6eCI	1DIWL	python-gnn-puct-v0.1.0	sha256:6f9ad6e4a0993da3cf34a8549e86f9b5d512c51e11bfa76dfe051e7a8801bdac	python-gnn-puct-v0.1.0	sha256:6f9ad6e4a0993da3cf34a8549e86f9b5d512c51e11bfa76dfe051e7a8801bdac	D	P	196
g1_qd99lGyw1tLVT_pc0BXPXGOs3tW6mWE6nbuKBeWC_vM	s1_g5pGkHBMEhzAYvwFY0b24sSc7wC9JfnWApMHHZ_aMPI	1DIWL	python-gnn-puct-v0.1.0	sha256:6f9ad6e4a0993da3cf34a8549e86f9b5d512c51e11bfa76dfe051e7a8801bdac	python-gnn-puct-v0.1.0	sha256:6f9ad6e4a0993da3cf34a8549e86f9b5d512c51e11bfa76dfe051e7a8801bdac	D	P	196
g1_qd99lGyw1tLVT_pc0BXPXGOs3tW6mWE6nbuKBeWC_vM	s1_mWPTef6xYbijjPhDIC6QgLRmu2mMSJAokNlIkx3vg54	1DIWL	python-gnn-puct-v0.1.0	sha256:6f9ad6e4a0993da3cf34a8549e86f9b5d512c51e11bfa76dfe051e7a8801bdac	python-gnn-puct-v0.1.0	sha256:6f9ad6e4a0993da3cf34a8549e86f9b5d512c51e11bfa76dfe051e7a8801bdac	D	P	196
g1_qd99lGyw1tLVT_pc0BXPXGOs3tW6mWE6nbuKBeWC_vM	s1_tol_POp6BcgBLMWq8iDfRBQSAXpESHxFwmcCQYXv0yQ	1DIWL	python-gnn-puct-v0.1.0	sha256:6f9ad6e4a0993da3cf34a8549e86f9b5d512c51e11bfa76dfe051e7a8801bdac	python-gnn-puct-v0.1.0	sha256:6f9ad6e4a0993da3cf34a8549e86f9b5d512c51e11bfa76dfe051e7a8801bdac	D	P	196
g1_qd9o1euZgEuyPi_TVumSKcSw9O6JNqmtEYz4reO7ri4	s1_RauLaTi4eVgYHSp2TV9pqs9uzTVv0B10g9TaHMWpcZ4	1unNPh	qadv-arbiter-7x7-rust-lambda-v0.1.0	-	qadv-arbiter-7x7-rust-lambda-v0.1.0	-	D	P	-
g1_qd9o1euZgEuyPi_TVumSKcSw9O6JNqmtEYz4reO7ri4	s1_uZqjncucT1KQCHrXeoC_v_q5hHHGMy6HLNvsZcpnMbA	1unNPh	qadv-arbiter-7x7-rust-lambda-v0.1.0	-	qadv-arbiter-7x7-rust-lambda-v0.1.0	-	D	P	196
g1_qd9o1euZgEuyPi_TVumSKcSw9O6JNqmtEYz4reO7ri4	s1_zSHhCLIbwNCb28ENicf7OhnXELj_RO7ok5aldObXyho	1unNPh	qadv-arbiter-7x7-rust-lambda-v0.1.0	-	qadv-arbiter-7x7-rust-lambda-v0.1.0	-	D	P	196
g1_qd9o1euZgEuyPi_TVumSKcSw9O6JNqmtEYz4reO7ri4	s1_zyy0FVsjogjM9F10Tvuy4hfl5Rvqdasd6v-0wTuZeSs	1unNPh	qadv-arbiter-7x7-rust-lambda-v0.1.0	-	qadv-arbiter-7x7-rust-lambda-v0.1.0	-	D	P	196
g1_qdBKRCMy8NyBdHJ4J0Eb3gTIn55iBRceceaBLui_cW0	s1_8r6CPi6HZmNAuaTPFkG68fpZLLyX0U2hamJbgfnuMl8	1unOtD	qadv-arbiter-7x7-rust-lambda-v0.1.0	-	qadv-arbiter-7x7-rust-lambda-v0.1.0	-	L	P	196
g1_qdBKRCMy8NyBdHJ4J0Eb3gTIn55iBRceceaBLui_cW0	s1_OaVFIJecHNNee4Z0pLVA29yCilj1uquZQkbAMkrSgMc	1unOtD	qadv-arbiter-7x7-rust-lambda-v0.1.0	-	qadv-arbiter-7x7-rust-lambda-v0.1.0	-	L	P	196
g1_qdBKRCMy8NyBdHJ4J0Eb3gTIn55iBRceceaBLui_cW0	s1_RauLaTi4eVgYHSp2TV9pqs9uzTVv0B10g9TaHMWpcZ4	1unOtD	qadv-arbiter-7x7-rust-lambda-v0.1.0	-	qadv-arbiter-7x7-rust-lambda-v0.1.0	-	L	P	-
g1_qdBKRCMy8NyBdHJ4J0Eb3gTIn55iBRceceaBLui_cW0	s1_udl-CU6QsrVXKJgYFI1x8Bmklr_hy-bORBgE2AFH7Lo	1unOtD	qadv-arbiter-7x7-rust-lambda-v0.1.0	-	qadv-arbiter-7x7-rust-lambda-v0.1.0	-	L	P	196
g1_qdFvF-3d318aieSh1igKhSK1F8NdDQrxEj0wvWCh4Eg	s1_0MjwauUcXQXKy28H1nJsTyd0g5TRgtNHgG351yNhoJQ	1unOGL	qadv-arbiter-7x7-rust-lambda-v0.1.0	-	qadv-arbiter-7x7-rust-lambda-v0.1.0	-	L	P	196
g1_qdFvF-3d318aieSh1igKhSK1F8NdDQrxEj0wvWCh4Eg	s1_RauLaTi4eVgYHSp2TV9pqs9uzTVv0B10g9TaHMWpcZ4	1unOGL	qadv-arbiter-7x7-rust-lambda-v0.1.0	-	qadv-arbiter-7x7-rust-lambda-v0.1.0	-	L	P	-
g1_qdFvF-3d318aieSh1igKhSK1F8NdDQrxEj0wvWCh4Eg	s1_m30Z4Nq_d5rMWfs8vDEbsjbZLMHUifvhsjZHN_J90J8	1unOGL	qadv-arbiter-7x7-rust-lambda-v0.1.0	-	qadv-arbiter-7x7-rust-lambda-v0.1.0	-	L	P	196
g1_qdFvF-3d318aieSh1igKhSK1F8NdDQrxEj0wvWCh4Eg	s1_rVwYlfVC-hPNJx5-eE3Gij-MZsVi6mWchILuUghIeLU	1unOGL	qadv-arbiter-7x7-rust-lambda-v0.1.0	-	qadv-arbiter-7x7-rust-lambda-v0.1.0	-	L	P	196
g1_qdJOZ4lub-jlS1P01IfPnIOAkrqKb11y2ccXg1Ai_7Y	s1_5eBPYpkT4J4dptK-9tWIEtesH-FhfqOVvEosAtR1Dt0	1unPW6	qadv-arbiter-7x7-rust-lambda-v0.1.0	-	qadv-arbiter-7x7-rust-lambda-v0.1.0	-	L	P	196
g1_qdJOZ4lub-jlS1P01IfPnIOAkrqKb11y2ccXg1Ai_7Y	s1_AffMoStXBYVCbFy4Q79VOOQCmBObk5SeRHm5Qju6xyU	1unPW6	qadv-arbiter-7x7-rust-lambda-v0.1.0	-	qadv-arbiter-7x7-rust-lambda-v0.1.0	-	L	P	196
g1_qdJOZ4lub-jlS1P01IfPnIOAkrqKb11y2ccXg1Ai_7Y	s1_RauLaTi4eVgYHSp2TV9pqs9uzTVv0B10g9TaHMWpcZ4	1unPW6	qadv-arbiter-7x7-rust-lambda-v0.1.0	-	qadv-arbiter-7x7-rust-lambda-v0.1.0	-	L	P	-
g1_qdJOZ4lub-jlS1P01IfPnIOAkrqKb11y2ccXg1Ai_7Y	s1_q5zpiYW3mOo5fPwTPvINc8nm_BH_sesdzDqZRSzTWss	1unPW6	qadv-arbiter-7x7-rust-lambda-v0.1.0	-	qadv-arbiter-7x7-rust-lambda-v0.1.0	-	L	P	196
g1_qdMiDeEwzgncfxaTVbymJ8cxvJwf4PDKdOePePGvw60	s1_9Ff5oQTz9rnqN_XHyWEmz2TkDtDCSjGQOfqElFuLl2U	1umvyt	python-gnn-puct-learner-v0.1.0	sha256:ab0f739cd33d66781faf60e27797c5ccba3c04ba684f8d9e32e9c2754f4e8956	python-gnn-puct-learner-v0.1.0	sha256:ab0f739cd33d66781faf60e27797c5ccba3c04ba684f8d9e32e9c2754f4e8956	-	M	196
g1_qdNoFcwmRxnmpHY1K3cMWCSXWwnau3IJd9ej9_Yg_ZU	s1_9Ff5oQTz9rnqN_XHyWEmz2TkDtDCSjGQOfqElFuLl2U	1umvzC	python-gnn-puct-learner-v0.1.0	sha256:ab0f739cd33d66781faf60e27797c5ccba3c04ba684f8d9e32e9c2754f4e8956	python-gnn-puct-learner-v0.1.0	sha256:ab0f739cd33d66781faf60e27797c5ccba3c04ba684f8d9e32e9c2754f4e8956	L	P	196
g1_qdPKrpXplgxSYnx8PGomUm0nPkDGJPppnuTZGZA4Z10	s1_KaK5W_0zyUclcOSM97NQwzh97xokV2BdPVp4psLrGi4	1unPK-	qadv-arbiter-7x7-rust-lambda-v0.1.0	-	qadv-arbiter-7x7-rust-lambda-v0.1.0	-	L	P	196
g1_qdPKrpXplgxSYnx8PGomUm0nPkDGJPppnuTZGZA4Z10	s1_MK3wyypIZDnDE2CDxjK6PyCMVN7VT0UxdtGdtUbSbUc	1unPK-	qadv-arbiter-7x7-rust-lambda-v0.1.0	-	qadv-arbiter-7x7-rust-lambda-v0.1.0	-	L	P	196
g1_qdPKrpXplgxSYnx8PGomUm0nPkDGJPppnuTZGZA4Z10	s1_RauLaTi4eVgYHSp2TV9pqs9uzTVv0B10g9TaHMWpcZ4	1unPK-	qadv-arbiter-7x7-rust-lambda-v0.1.0	-	qadv-arbiter-7x7-rust-lambda-v0.1.0	-	L	P	-
g1_qdPKrpXplgxSYnx8PGomUm0nPkDGJPppnuTZGZA4Z10	s1_plbehWKCRcebeDnwjF1tjIapahMjd_c8TRhJGfYfHpM	1unPK-	qadv-arbiter-7x7-rust-lambda-v0.1.0	-	qadv-arbiter-7x7-rust-lambda-v0.1.0	-	L	P	196
g1_qdcukUC8u7YNDwgJl9VeLH01QTpdKJcCRo5iBzhxh4Q	s1_1av6nXQkq-GSHXfjkVlGHGpAq8F9UbW4JwZmyFA-vww	1DIjL	lunatic-v0.1.0	-	rust-pathfinder-v0.1.0	-	D	P	-
g1_qdcukUC8u7YNDwgJl9VeLH01QTpdKJcCRo5iBzhxh4Q	s1_9Eroywf7tuDrn-hcfZPjlEa1DSRUykCRn9Z11u8ySIo	1DIjL	lunatic-v0.1.0	-	rust-pathfinder-v0.1.0	-	D	P	-
g1_qdcukUC8u7YNDwgJl9VeLH01QTpdKJcCRo5iBzhxh4Q	s1_Brk0hkuJoH-MBjdd53AO5tlWcOgDWV_R0PO74fHGd_0	1DIjL	lunatic-v0.1.0	-	rust-pathfinder-v0.1.0	-	D	P	-
g1_qdcukUC8u7YNDwgJl9VeLH01QTpdKJcCRo5iBzhxh4Q	s1_KmF8KhDbubz6lwdS8R_n_yTGdSONmH9B1wUABbyCj94	1DIjL	lunatic-v0.1.0	-	rust-pathfinder-v0.1.0	-	D	P	-
g1_qdcukUC8u7YNDwgJl9VeLH01QTpdKJcCRo5iBzhxh4Q	s1_MKrI0a3Qd48rU7oZj28GrlQ3cHhIbUzS5ibiIW9aKy4	1DIjL	lunatic-v0.1.0	-	rust-pathfinder-v0.1.0	-	D	P	-
g1_qdcukUC8u7YNDwgJl9VeLH01QTpdKJcCRo5iBzhxh4Q	s1_XloMUS0hxYEXf762lcPfaudsLmsH-CsOVZNVVU_obcA	1DIjL	lunatic-v0.1.0	-	rust-pathfinder-v0.1.0	-	D	P	-
g1_qdcukUC8u7YNDwgJl9VeLH01QTpdKJcCRo5iBzhxh4Q	s1_g5pGkHBMEhzAYvwFY0b24sSc7wC9JfnWApMHHZ_aMPI	1DIjL	lunatic-v0.1.0	-	rust-pathfinder-v0.1.0	-	D	P	-
g1_qdh2I6P8Y1w3z7lxY_ZncNCE6JcGeiYH5gaOR1cAsXU	s1_1av6nXQkq-GSHXfjkVlGHGpAq8F9UbW4JwZmyFA-vww	1umv9b	python-gnn-puct-scout-v0.1.0	sha256:b9f80706cc1f29076ee06fe06483697c749148a808c599579045d00a52573938	python-gnn-puct-scout-v0.1.0	sha256:b9f80706cc1f29076ee06fe06483697c749148a808c599579045d00a52573938	D	P	196
g1_qdh2I6P8Y1w3z7lxY_ZncNCE6JcGeiYH5gaOR1cAsXU	s1_Brk0hkuJoH-MBjdd53AO5tlWcOgDWV_R0PO74fHGd_0	1umv9b	python-gnn-puct-scout-v0.1.0	sha256:b9f80706cc1f29076ee06fe06483697c749148a808c599579045d00a52573938	python-gnn-puct-scout-v0.1.0	sha256:b9f80706cc1f29076ee06fe06483697c749148a808c599579045d00a52573938	D	P	196
g1_qdh2I6P8Y1w3z7lxY_ZncNCE6JcGeiYH5gaOR1cAsXU	s1_D_X-fTFZy6xuyGSC5jFyKBW6IP_59Jbomefazf4xu44	1umv9b	python-gnn-puct-scout-v0.1.0	sha256:b9f80706cc1f29076ee06fe06483697c749148a808c599579045d00a52573938	python-gnn-puct-scout-v0.1.0	sha256:b9f80706cc1f29076ee06fe06483697c749148a808c599579045d00a52573938	D	P	196
g1_qdw71nOI1Bg7rDCDkqXnBoywkFnFGdWrPb20-JNvw8A	s1_2FtaP75xgRVTNrUvmC0NIesJCNy8IDFJ05WNM4nUnpg	1unQdn	pathfinder-v0.3.0	-	qadv-arbiter-7x7-v0.1.0	-	L	P	196
g1_qdw71nOI1Bg7rDCDkqXnBoywkFnFGdWrPb20-JNvw8A	s1_JS5KCsny_A9U6G5jUnfEG3kUL7NYVV_kGz26A7sQBCg	1unQdn	pathfinder-v0.3.0	-	qadv-arbiter-7x7-v0.1.0	-	L	P	196
g1_qdw71nOI1Bg7rDCDkqXnBoywkFnFGdWrPb20-JNvw8A	s1_RauLaTi4eVgYHSp2TV9pqs9uzTVv0B10g9TaHMWpcZ4	1unQdn	pathfinder-v0.3.0	-	qadv-arbiter-7x7-v0.1.0	-	L	P	-
g1_qdw71nOI1Bg7rDCDkqXnBoywkFnFGdWrPb20-JNvw8A	s1_a3xFQY41G9nPPc4_GbESq-0eN3mRycIC2y9N09PKA5E	1unQdn	pathfinder-v0.3.0	-	qadv-arbiter-7x7-v0.1.0	-	L	P	196
g1_qdxnKH3B-mjbUSKFxdD5cHJkSKPPxvz7-JAtjc6mm6g	s1_QbcydPV95M2zg9hp4hTiGVKb3tEt40e42BTMKpft6AY	1unM7S	qadv-arbiter-7x7-rust-lambda-v0.1.0	-	qadv-arbiter-7x7-rust-lambda-v0.1.0	-	L	P	196
g1_qdxnKH3B-mjbUSKFxdD5cHJkSKPPxvz7-JAtjc6mm6g	s1_RG5GJjqLEqAQBjQ4hW-DR7BiGawChnnBnbxP-mruYh0	1unM7S	qadv-arbiter-7x7-rust-lambda-v0.1.0	-	qadv-arbiter-7x7-rust-lambda-v0.1.0	-	L	P	196
g1_qdxnKH3B-mjbUSKFxdD5cHJkSKPPxvz7-JAtjc6mm6g	s1_RauLaTi4eVgYHSp2TV9pqs9uzTVv0B10g9TaHMWpcZ4	1unM7S	qadv-arbiter-7x7-rust-lambda-v0.1.0	-	qadv-arbiter-7x7-rust-lambda-v0.1.0	-	L	P	-
g1_qdxnKH3B-mjbUSKFxdD5cHJkSKPPxvz7-JAtjc6mm6g	s1_hnRhx6kkVXdXNvwmCxmI28I41CMIULRN_J4ZjZD0AQo	1unM7S	qadv-arbiter-7x7-rust-lambda-v0.1.0	-	qadv-arbiter-7x7-rust-lambda-v0.1.0	-	L	P	196
g1_qdytrOJwEv2LHPTD4RKKPmtPiRgOuRYGfhCekNF97JE	s1_RauLaTi4eVgYHSp2TV9pqs9uzTVv0B10g9TaHMWpcZ4	1unMqi	qadv-arbiter-7x7-rust-lambda-v0.1.0	-	qadv-arbiter-7x7-rust-lambda-v0.1.0	-	D	P	-
g1_qdytrOJwEv2LHPTD4RKKPmtPiRgOuRYGfhCekNF97JE	s1_VHNa8NcMVPYz3TF5goHbvRCMtROXjPi1VMV8kEijZvo	1unMqi	qadv-arbiter-7x7-rust-lambda-v0.1.0	-	qadv-arbiter-7x7-rust-lambda-v0.1.0	-	D	P	196
g1_qdytrOJwEv2LHPTD4RKKPmtPiRgOuRYGfhCekNF97JE	s1_ZB5pFJdP8gar7Fq4RWQ7B-THZ5KP4aUeS_QCAP151vs	1unMqi	qadv-arbiter-7x7-rust-lambda-v0.1.0	-	qadv-arbiter-7x7-rust-lambda-v0.1.0	-	D	P	196
g1_qdytrOJwEv2LHPTD4RKKPmtPiRgOuRYGfhCekNF97JE	s1_mzBkZXCjWY8ChQrHqgsCRe7JVnWOeFCVYrWD1y_1Rvo	1unMqi	qadv-arbiter-7x7-rust-lambda-v0.1.0	-	qadv-arbiter-7x7-rust-lambda-v0.1.0	-	D	P	196
g1_qeCwMPgEuYmoMBnAgsRGnGMj5-LXe9NVZIHsm6D6Tys	s1_7FIu85-v_e-kbNsQ2UNk3yRt-KGcLyUjpmVwIc9cnfM	1umwEB	python-gnn-puct-scout-v0.1.0	sha256:b9f80706cc1f29076ee06fe06483697c749148a808c599579045d00a52573938	python-gnn-puct-scout-v0.1.0	sha256:b9f80706cc1f29076ee06fe06483697c749148a808c599579045d00a52573938	L	P	196
g1_qeCwMPgEuYmoMBnAgsRGnGMj5-LXe9NVZIHsm6D6Tys	s1_S8AGNBNcWBvWiwIo-AOAHPoHuZo2XvcsYvhgQxGTkrY	1umwEB	python-gnn-puct-scout-v0.1.0	sha256:b9f80706cc1f29076ee06fe06483697c749148a808c599579045d00a52573938	python-gnn-puct-scout-v0.1.0	sha256:b9f80706cc1f29076ee06fe06483697c749148a808c599579045d00a52573938	L	P	196
g1_qeIAPucpKy0CQtzIsGwXOGfGtMoqyUBG0l2vLfYDhws	s1_RauLaTi4eVgYHSp2TV9pqs9uzTVv0B10g9TaHMWpcZ4	1unOOL	qadv-arbiter-7x7-rust-lambda-v0.1.0	-	qadv-arbiter-7x7-rust-lambda-v0.1.0	-	D	P	-
g1_qeIAPucpKy0CQtzIsGwXOGfGtMoqyUBG0l2vLfYDhws	s1_qzslWtde2niQU-wMsQ4TtqneOjWffTye2kdyS9gnB4Y	1unOOL	qadv-arbiter-7x7-rust-lambda-v0.1.0	-	qadv-arbiter-7x7-rust-lambda-v0.1.0	-	D	P	196
g1_qeIAPucpKy0CQtzIsGwXOGfGtMoqyUBG0l2vLfYDhws	s1_sKOgrqIva9pjatMKnBrKVzKslaAz3MIFkqwPBO4BGIA	1unOOL	qadv-arbiter-7x7-rust-lambda-v0.1.0	-	qadv-arbiter-7x7-rust-lambda-v0.1.0	-	D	P	196
g1_qeIAPucpKy0CQtzIsGwXOGfGtMoqyUBG0l2vLfYDhws	s1_xon5GK-dN_nF2zOgU0uYKVORJUQvhyQjdvHWHf8Vp0o	1unOOL	qadv-arbiter-7x7-rust-lambda-v0.1.0	-	qadv-arbiter-7x7-rust-lambda-v0.1.0	-	D	P	196
g1_qeK6YrI0n3BGbiH4V4pJDVO0MOMhYGz3tQUCekaFsZ0	s1_1av6nXQkq-GSHXfjkVlGHGpAq8F9UbW4JwZmyFA-vww	1umvaA	gnn-warmstart-7x7	sha256:e000d50619c0241c30efdd1f5adb7a8b738c66859d33c3443c52a20f56fcc13a	cnn-baseline-7x7	sha256:f4969554372b34d9773382cf5cd8e3f20890ccedfb1e6c685984c6c94fbb6203	-	M	196
g1_qeK6YrI0n3BGbiH4V4pJDVO0MOMhYGz3tQUCekaFsZ0	s1_dcEgf_s_8JfAgzbYFm9Z15BWrFU6bsc6MzE1gZNvlP4	1umvaA	gnn-warmstart-7x7	sha256:e000d50619c0241c30efdd1f5adb7a8b738c66859d33c3443c52a20f56fcc13a	cnn-baseline-7x7	sha256:f4969554372b34d9773382cf5cd8e3f20890ccedfb1e6c685984c6c94fbb6203	-	M	196
g1_qeK6YrI0n3BGbiH4V4pJDVO0MOMhYGz3tQUCekaFsZ0	s1_mWPTef6xYbijjPhDIC6QgLRmu2mMSJAokNlIkx3vg54	1umvaA	gnn-warmstart-7x7	sha256:e000d50619c0241c30efdd1f5adb7a8b738c66859d33c3443c52a20f56fcc13a	cnn-baseline-7x7	sha256:f4969554372b34d9773382cf5cd8e3f20890ccedfb1e6c685984c6c94fbb6203	-	M	196
g1_qeMrBIlJ_lIKxOKnArt4Mz5gCxWBWPxpqrMMqd4RKas	s1_9tmSA-t1EFOxzjOvOFGPgqQjZGFV2QeEqq6Y7eoIYCs	1unNab	qadv-arbiter-7x7-rust-lambda-v0.1.0	-	qadv-arbiter-7x7-rust-lambda-v0.1.0	-	D	P	196
g1_qeMrBIlJ_lIKxOKnArt4Mz5gCxWBWPxpqrMMqd4RKas	s1_RauLaTi4eVgYHSp2TV9pqs9uzTVv0B10g9TaHMWpcZ4	1unNab	qadv-arbiter-7x7-rust-lambda-v0.1.0	-	qadv-arbiter-7x7-rust-lambda-v0.1.0	-	D	P	-
g1_qeMrBIlJ_lIKxOKnArt4Mz5gCxWBWPxpqrMMqd4RKas	s1_T4eWM6NOlf7hhgpM7Fr6RZ4yA7H2Wo9k3sRYMTjlLpk	1unNab	qadv-arbiter-7x7-rust-lambda-v0.1.0	-	qadv-arbiter-7x7-rust-lambda-v0.1.0	-	D	P	196
g1_qeMrBIlJ_lIKxOKnArt4Mz5gCxWBWPxpqrMMqd4RKas	s1_de16ncE9UMgSwsxjN5GZD8kWMF1yRkffi2xQHeb4YIM	1unNab	qadv-arbiter-7x7-rust-lambda-v0.1.0	-	qadv-arbiter-7x7-rust-lambda-v0.1.0	-	D	P	196
g1_qeSnUMEMECwKAX4Hu_aHgqSR1Zfiu22Ec0mS4cEb85A	s1_6oGuTftsPqUqz781dg5Lsx9-bPSq2T4u5ksfMoJ6W_g	1umv9V	pathfinder-deep-10k-7x7	-	pathfinder-compact-sorter-7x7	sha256:7d34820fd656875b3ac4a0142e8f22179d11b133feb3321d0eb735b2a7abd027	L	P	80
g1_qeeouCGLOyha0b1zEBNgFNP8W3B5UmS0AyrT7oD-kjc	s1_1av6nXQkq-GSHXfjkVlGHGpAq8F9UbW4JwZmyFA-vww	1DId1	python-gnn-puct-v0.1.0	sha256:6f9ad6e4a0993da3cf34a8549e86f9b5d512c51e11bfa76dfe051e7a8801bdac	python-gnn-puct-v0.1.0	sha256:6f9ad6e4a0993da3cf34a8549e86f9b5d512c51e11bfa76dfe051e7a8801bdac	L	P	196
g1_qeeouCGLOyha0b1zEBNgFNP8W3B5UmS0AyrT7oD-kjc	s1_Brk0hkuJoH-MBjdd53AO5tlWcOgDWV_R0PO74fHGd_0	1DId1	python-gnn-puct-v0.1.0	sha256:6f9ad6e4a0993da3cf34a8549e86f9b5d512c51e11bfa76dfe051e7a8801bdac	python-gnn-puct-v0.1.0	sha256:6f9ad6e4a0993da3cf34a8549e86f9b5d512c51e11bfa76dfe051e7a8801bdac	L	P	196
g1_qeeouCGLOyha0b1zEBNgFNP8W3B5UmS0AyrT7oD-kjc	s1_KmF8KhDbubz6lwdS8R_n_yTGdSONmH9B1wUABbyCj94	1DId1	python-gnn-puct-v0.1.0	sha256:6f9ad6e4a0993da3cf34a8549e86f9b5d512c51e11bfa76dfe051e7a8801bdac	python-gnn-puct-v0.1.0	sha256:6f9ad6e4a0993da3cf34a8549e86f9b5d512c51e11bfa76dfe051e7a8801bdac	L	P	196
g1_qeeouCGLOyha0b1zEBNgFNP8W3B5UmS0AyrT7oD-kjc	s1_g5pGkHBMEhzAYvwFY0b24sSc7wC9JfnWApMHHZ_aMPI	1DId1	python-gnn-puct-v0.1.0	sha256:6f9ad6e4a0993da3cf34a8549e86f9b5d512c51e11bfa76dfe051e7a8801bdac	python-gnn-puct-v0.1.0	sha256:6f9ad6e4a0993da3cf34a8549e86f9b5d512c51e11bfa76dfe051e7a8801bdac	L	P	196
g1_qeeouCGLOyha0b1zEBNgFNP8W3B5UmS0AyrT7oD-kjc	s1_tol_POp6BcgBLMWq8iDfRBQSAXpESHxFwmcCQYXv0yQ	1DId1	python-gnn-puct-v0.1.0	sha256:6f9ad6e4a0993da3cf34a8549e86f9b5d512c51e11bfa76dfe051e7a8801bdac	python-gnn-puct-v0.1.0	sha256:6f9ad6e4a0993da3cf34a8549e86f9b5d512c51e11bfa76dfe051e7a8801bdac	L	P	196
g1_qejtr_F2_climyC1jV53Q52AsaHCzJuZK8EpdCPXZHU	s1_3tIEih6NsMBkpEln_qZfAPD2AEKP3R563g0UMh75zhQ	1unNH2	qadv-arbiter-7x7-rust-lambda-v0.1.0	-	qadv-arbiter-7x7-rust-lambda-v0.1.0	-	D	P	196
g1_qejtr_F2_climyC1jV53Q52AsaHCzJuZK8EpdCPXZHU	s1_RauLaTi4eVgYHSp2TV9pqs9uzTVv0B10g9TaHMWpcZ4	1unNH2	qadv-arbiter-7x7-rust-lambda-v0.1.0	-	qadv-arbiter-7x7-rust-lambda-v0.1.0	-	D	P	-
g1_qejtr_F2_climyC1jV53Q52AsaHCzJuZK8EpdCPXZHU	s1_ng-8m_VRzgN2NOw7YQ_QMrhkZFr-Jgi9KAe7zUPr7EA	1unNH2	qadv-arbiter-7x7-rust-lambda-v0.1.0	-	qadv-arbiter-7x7-rust-lambda-v0.1.0	-	D	P	196
g1_qejtr_F2_climyC1jV53Q52AsaHCzJuZK8EpdCPXZHU	s1_zYj37LT0sYR6gnNkDCt2AWSqIRIv16PLUMSATnYiUtI	1unNH2	qadv-arbiter-7x7-rust-lambda-v0.1.0	-	qadv-arbiter-7x7-rust-lambda-v0.1.0	-	D	P	196
g1_qemFZFqiRyxTXfDrgg8WKwFjFDQbkGUm4dSHhaq4zRo	s1_1av6nXQkq-GSHXfjkVlGHGpAq8F9UbW4JwZmyFA-vww	1umvUw	python-gnn-puct-learner-v0.1.0	sha256:ab0f739cd33d66781faf60e27797c5ccba3c04ba684f8d9e32e9c2754f4e8956	python-gnn-puct-learner-v0.1.0	sha256:ab0f739cd33d66781faf60e27797c5ccba3c04ba684f8d9e32e9c2754f4e8956	L	P	196
g1_qemFZFqiRyxTXfDrgg8WKwFjFDQbkGUm4dSHhaq4zRo	s1_QBFUsDtxokERlDOdQkleYbPvhJ-vIp2qmp6DXjS-7oM	1umvUw	python-gnn-puct-learner-v0.1.0	sha256:ab0f739cd33d66781faf60e27797c5ccba3c04ba684f8d9e32e9c2754f4e8956	python-gnn-puct-learner-v0.1.0	sha256:ab0f739cd33d66781faf60e27797c5ccba3c04ba684f8d9e32e9c2754f4e8956	L	P	196
g1_qemFZFqiRyxTXfDrgg8WKwFjFDQbkGUm4dSHhaq4zRo	s1_mWPTef6xYbijjPhDIC6QgLRmu2mMSJAokNlIkx3vg54	1umvUw	python-gnn-puct-learner-v0.1.0	sha256:ab0f739cd33d66781faf60e27797c5ccba3c04ba684f8d9e32e9c2754f4e8956	python-gnn-puct-learner-v0.1.0	sha256:ab0f739cd33d66781faf60e27797c5ccba3c04ba684f8d9e32e9c2754f4e8956	L	P	196
g1_qeo6pVw3eusULSp-d3tSMt98sO4ko9eSiLOB8rHLJJ4	s1_flXyOBW6T9LLVDFIvXBGel1MoVNZcUcMFIJnB9yLapU	1umxDU	python-gnn-puct-reval30k-v0.1.0	sha256:6120be86fc469df71473c3de64e5e32f99694cd47d621fa5948f243dc51d3d21	python-gnn-puct-reval30k-v0.1.0	sha256:6120be86fc469df71473c3de64e5e32f99694cd47d621fa5948f243dc51d3d21	D	P	196
g1_qf1GhgyqhThQ3JyKCb0c5ZvJf7KsbJtWaIgQQH57SXY	s1_FPb2hZiySwN0oZu0WlN-4Dbk9MviPt9-iEP0-zKngFQ	1unOuv	qadv-arbiter-7x7-rust-lambda-v0.1.0	-	qadv-arbiter-7x7-rust-lambda-v0.1.0	-	L	P	196
g1_qf1GhgyqhThQ3JyKCb0c5ZvJf7KsbJtWaIgQQH57SXY	s1_RauLaTi4eVgYHSp2TV9pqs9uzTVv0B10g9TaHMWpcZ4	1unOuv	qadv-arbiter-7x7-rust-lambda-v0.1.0	-	qadv-arbiter-7x7-rust-lambda-v0.1.0	-	L	P	-
g1_qf1GhgyqhThQ3JyKCb0c5ZvJf7KsbJtWaIgQQH57SXY	s1_lsi9G_aqOoJU7mqU3xNbTwnyUlL99M6fVrUfr9iJWY8	1unOuv	qadv-arbiter-7x7-rust-lambda-v0.1.0	-	qadv-arbiter-7x7-rust-lambda-v0.1.0	-	L	P	196
g1_qf1GhgyqhThQ3JyKCb0c5ZvJf7KsbJtWaIgQQH57SXY	s1_oydKEVE_NuVxpvnVLINK2QdHsiOvVCXfkEXyVh0TWzk	1unOuv	qadv-arbiter-7x7-rust-lambda-v0.1.0	-	qadv-arbiter-7x7-rust-lambda-v0.1.0	-	L	P	196
g1_qf43aJRL2tbMKzNtE-GtQO3m30LQTbTQsOX72Tlm3BM	s1_Qmoz3nLvbLcY_1rcqMtpMJDvTQydhL5cxUNWV6EhpMY	1umwyn	qadv-arbiter-7x7-v0.1.0	sha256:8c548d06307572603b839755cc1e50393285365e10f82bcd90290ca65cd86266	qadv-arbiter-7x7-v0.1.0	sha256:8c548d06307572603b839755cc1e50393285365e10f82bcd90290ca65cd86266	L	P	196
g1_qfFEdE-GFvtDrUvSnQY6oQai4CIzd315DD2P04J2lis	s1_NTH-ajow5_00o9PDOWFIcVjJWWnx4PgUYyw4DNeJ0pw	1unNAT	qadv-arbiter-7x7-rust-lambda-v0.1.0	-	qadv-arbiter-7x7-rust-lambda-v0.1.0	-	L	P	196
g1_qfFEdE-GFvtDrUvSnQY6oQai4CIzd315DD2P04J2lis	s1_RauLaTi4eVgYHSp2TV9pqs9uzTVv0B10g9TaHMWpcZ4	1unNAT	qadv-arbiter-7x7-rust-lambda-v0.1.0	-	qadv-arbiter-7x7-rust-lambda-v0.1.0	-	L	P	-
g1_qfFEdE-GFvtDrUvSnQY6oQai4CIzd315DD2P04J2lis	s1_bm7rGpoZEVhr0TfOowZ9MQlBeP8HnHobPvJquwRXMDs	1unNAT	qadv-arbiter-7x7-rust-lambda-v0.1.0	-	qadv-arbiter-7x7-rust-lambda-v0.1.0	-	L	P	196
g1_qfFEdE-GFvtDrUvSnQY6oQai4CIzd315DD2P04J2lis	s1_g0dmnZo-UgamaWradPbkuLdzzh7JWHFMrWjpirJyL5I	1unNAT	qadv-arbiter-7x7-rust-lambda-v0.1.0	-	qadv-arbiter-7x7-rust-lambda-v0.1.0	-	L	P	196
g1_qfKKFSaiWwhR3TPN7YXyhFZ0CQOdDqecVkYjYova4jc	s1_qtlitMa-GGx-0y2heoyNRonYXf1Dq5epTexnVe9Iqtw	1umxkQ	python-gnn-puct-learner-v0.1.0	sha256:ab0f739cd33d66781faf60e27797c5ccba3c04ba684f8d9e32e9c2754f4e8956	python-gnn-puct-learner-v0.1.0	sha256:ab0f739cd33d66781faf60e27797c5ccba3c04ba684f8d9e32e9c2754f4e8956	L	P	196
g1_qfQtbhOxNd3VVIwzL_LF-XumDc79YRdZCvyYMECRDfc	s1_06Lybku3iXGwJgame1Ivx4o4kNHlGKicjZU39qQUVD8	1unLlo	qadv-arbiter-7x7-rust-lambda-v0.1.0	-	qadv-arbiter-7x7-rust-lambda-v0.1.0	-	L	P	196
g1_qfQtbhOxNd3VVIwzL_LF-XumDc79YRdZCvyYMECRDfc	s1_Q73unob33F9t6Hpc3RdJDFm1q-RkM-NIr6UhxYs1YiU	1unLlo	qadv-arbiter-7x7-rust-lambda-v0.1.0	-	qadv-arbiter-7x7-rust-lambda-v0.1.0	-	L	P	196
g1_qfQtbhOxNd3VVIwzL_LF-XumDc79YRdZCvyYMECRDfc	s1_RauLaTi4eVgYHSp2TV9pqs9uzTVv0B10g9TaHMWpcZ4	1unLlo	qadv-arbiter-7x7-rust-lambda-v0.1.0	-	qadv-arbiter-7x7-rust-lambda-v0.1.0	-	L	P	-
g1_qfQtbhOxNd3VVIwzL_LF-XumDc79YRdZCvyYMECRDfc	s1_bha_mF8BEe36vkGg2_Tm3CerX3jTM3E_NRR0V87PQDo	1unLlo	qadv-arbiter-7x7-rust-lambda-v0.1.0	-	qadv-arbiter-7x7-rust-lambda-v0.1.0	-	L	P	196
g1_qfTbP5DRZmLar8-6b622fC5TUX0VYz3OyT-QJKCTjH4	s1_Qmoz3nLvbLcY_1rcqMtpMJDvTQydhL5cxUNWV6EhpMY	1umwzk	qadv-arbiter-7x7-v0.1.0	sha256:8c548d06307572603b839755cc1e50393285365e10f82bcd90290ca65cd86266	qadv-arbiter-7x7-v0.1.0	sha256:8c548d06307572603b839755cc1e50393285365e10f82bcd90290ca65cd86266	D	P	196
g1_qfVfqx6-sVnppHxL8oCivKyWlA_KmDu9kYshT_OGAgY	s1_-OKlJXuPFfAnukwGYITjiU7XKL4OC_qt76PC0TZSPjg	1umvlv	python-cnn-puct-v0.1.0	sha256:7845e9b7687beee165dc36b8d21833b7a8b5a83e31b58b49bd05c277ba26e642	python-cnn-puct-v0.1.0	sha256:7845e9b7687beee165dc36b8d21833b7a8b5a83e31b58b49bd05c277ba26e642	-	M	196
g1_qfVfqx6-sVnppHxL8oCivKyWlA_KmDu9kYshT_OGAgY	s1_1av6nXQkq-GSHXfjkVlGHGpAq8F9UbW4JwZmyFA-vww	1umvlv	python-cnn-puct-v0.1.0	sha256:7845e9b7687beee165dc36b8d21833b7a8b5a83e31b58b49bd05c277ba26e642	python-cnn-puct-v0.1.0	sha256:7845e9b7687beee165dc36b8d21833b7a8b5a83e31b58b49bd05c277ba26e642	-	M	196
g1_qfVfqx6-sVnppHxL8oCivKyWlA_KmDu9kYshT_OGAgY	s1_Brk0hkuJoH-MBjdd53AO5tlWcOgDWV_R0PO74fHGd_0	1umvlv	python-cnn-puct-v0.1.0	sha256:7845e9b7687beee165dc36b8d21833b7a8b5a83e31b58b49bd05c277ba26e642	python-cnn-puct-v0.1.0	sha256:7845e9b7687beee165dc36b8d21833b7a8b5a83e31b58b49bd05c277ba26e642	-	M	196
g1_qf_MXesc_P7YrU3PlpFikaSbP3sXKZMGQFo0O8x0-KU	s1_qtlitMa-GGx-0y2heoyNRonYXf1Dq5epTexnVe9Iqtw	1umxhu	python-gnn-puct-learner-v0.1.0	sha256:ab0f739cd33d66781faf60e27797c5ccba3c04ba684f8d9e32e9c2754f4e8956	python-gnn-puct-learner-v0.1.0	sha256:ab0f739cd33d66781faf60e27797c5ccba3c04ba684f8d9e32e9c2754f4e8956	L	P	196
g1_qffBV5K2asdXk9ldx2aTi6VM3YH7j8FjsqlWCuWK_ek	s1_1av6nXQkq-GSHXfjkVlGHGpAq8F9UbW4JwZmyFA-vww	1umvQh	gnn-warmstart-7x7	sha256:e000d50619c0241c30efdd1f5adb7a8b738c66859d33c3443c52a20f56fcc13a	lunatic-v0.1.0	-	D	P	196
g1_qffBV5K2asdXk9ldx2aTi6VM3YH7j8FjsqlWCuWK_ek	s1_Brk0hkuJoH-MBjdd53AO5tlWcOgDWV_R0PO74fHGd_0	1umvQh	gnn-warmstart-7x7	sha256:e000d50619c0241c30efdd1f5adb7a8b738c66859d33c3443c52a20f56fcc13a	lunatic-v0.1.0	-	D	P	196
g1_qffBV5K2asdXk9ldx2aTi6VM3YH7j8FjsqlWCuWK_ek	s1_QzXKB60HvV5g6-cJIu-NdpeFb1rCgFAJD1cxfdkoMm0	1umvQh	gnn-warmstart-7x7	sha256:e000d50619c0241c30efdd1f5adb7a8b738c66859d33c3443c52a20f56fcc13a	lunatic-v0.1.0	-	D	P	196
g1_qfnltMCPFUdlEZZMSq4Wg-VGJZt-wzscGZ5fc9IvY8Q	s1_7FIu85-v_e-kbNsQ2UNk3yRt-KGcLyUjpmVwIc9cnfM	1umwJh	python-gnn-puct-scout-v0.1.0	sha256:b9f80706cc1f29076ee06fe06483697c749148a808c599579045d00a52573938	python-gnn-puct-scout-v0.1.0	sha256:b9f80706cc1f29076ee06fe06483697c749148a808c599579045d00a52573938	D	P	196
g1_qfnltMCPFUdlEZZMSq4Wg-VGJZt-wzscGZ5fc9IvY8Q	s1_S8AGNBNcWBvWiwIo-AOAHPoHuZo2XvcsYvhgQxGTkrY	1umwJh	python-gnn-puct-scout-v0.1.0	sha256:b9f80706cc1f29076ee06fe06483697c749148a808c599579045d00a52573938	python-gnn-puct-scout-v0.1.0	sha256:b9f80706cc1f29076ee06fe06483697c749148a808c599579045d00a52573938	D	P	196
g1_qfynYS5jbzMOyRGqZboWK-FtqFns2fsZbx_cezox5TQ	s1_RauLaTi4eVgYHSp2TV9pqs9uzTVv0B10g9TaHMWpcZ4	1unO5V	qadv-arbiter-7x7-rust-lambda-v0.1.0	-	qadv-arbiter-7x7-rust-lambda-v0.1.0	-	L	P	-
g1_qfynYS5jbzMOyRGqZboWK-FtqFns2fsZbx_cezox5TQ	s1_asBBBhmLlJ-JFwCNmnj60pPo0RFZ7vyBV_5lSIXXGcw	1unO5V	qadv-arbiter-7x7-rust-lambda-v0.1.0	-	qadv-arbiter-7x7-rust-lambda-v0.1.0	-	L	P	196
g1_qfynYS5jbzMOyRGqZboWK-FtqFns2fsZbx_cezox5TQ	s1_sDRIB7EDDh8-Y9umEeuNNgc-Ggp4yCTLhSUBAKZHDPA	1unO5V	qadv-arbiter-7x7-rust-lambda-v0.1.0	-	qadv-arbiter-7x7-rust-lambda-v0.1.0	-	L	P	196
g1_qfynYS5jbzMOyRGqZboWK-FtqFns2fsZbx_cezox5TQ	s1_ySrw_T8N6wR1ePUiTrSVvcdR5dMyqMzgOBjPR2CpTAQ	1unO5V	qadv-arbiter-7x7-rust-lambda-v0.1.0	-	qadv-arbiter-7x7-rust-lambda-v0.1.0	-	L	P	196
g1_qg-rBW590A2XZHYi-7f51pwjblH0PAos2Nu9BbfUff8	s1_7FIu85-v_e-kbNsQ2UNk3yRt-KGcLyUjpmVwIc9cnfM	1umwE1	python-gnn-puct-scout-v0.1.0	sha256:b9f80706cc1f29076ee06fe06483697c749148a808c599579045d00a52573938	python-gnn-puct-scout-v0.1.0	sha256:b9f80706cc1f29076ee06fe06483697c749148a808c599579045d00a52573938	L	P	196
g1_qg-rBW590A2XZHYi-7f51pwjblH0PAos2Nu9BbfUff8	s1_S8AGNBNcWBvWiwIo-AOAHPoHuZo2XvcsYvhgQxGTkrY	1umwE1	python-gnn-puct-scout-v0.1.0	sha256:b9f80706cc1f29076ee06fe06483697c749148a808c599579045d00a52573938	python-gnn-puct-scout-v0.1.0	sha256:b9f80706cc1f29076ee06fe06483697c749148a808c599579045d00a52573938	L	P	196
g1_qg3e2rFMI4Bpr144_v6-vH-SdpOxenTgKmnwruS_zks	s1_1p_HGJzYBVFeoKEurUNe0MQRZnB5-vFXVgVhwojtZBw	1unOol	qadv-arbiter-7x7-rust-lambda-v0.1.0	-	qadv-arbiter-7x7-rust-lambda-v0.1.0	-	L	P	196
g1_qg3e2rFMI4Bpr144_v6-vH-SdpOxenTgKmnwruS_zks	s1_RauLaTi4eVgYHSp2TV9pqs9uzTVv0B10g9TaHMWpcZ4	1unOol	qadv-arbiter-7x7-rust-lambda-v0.1.0	-	qadv-arbiter-7x7-rust-lambda-v0.1.0	-	L	P	-
g1_qg3e2rFMI4Bpr144_v6-vH-SdpOxenTgKmnwruS_zks	s1_aphFtOKPDa8RGZAmaoAPndhh3fC4g122xh6Hvqx2c0Q	1unOol	qadv-arbiter-7x7-rust-lambda-v0.1.0	-	qadv-arbiter-7x7-rust-lambda-v0.1.0	-	L	P	196
g1_qg3e2rFMI4Bpr144_v6-vH-SdpOxenTgKmnwruS_zks	s1_vdZO0lYj9foYV20ednKJ5o-FnIueSamTwrzg79bhsW0	1unOol	qadv-arbiter-7x7-rust-lambda-v0.1.0	-	qadv-arbiter-7x7-rust-lambda-v0.1.0	-	L	P	196
g1_qg4-LqJ41gvUu1iM5ZiGxDzHQUNmPa7oXAOh6jRBt-0	s1_2FtaP75xgRVTNrUvmC0NIesJCNy8IDFJ05WNM4nUnpg	1unR5K	qadv-arbiter-7x7-v0.1.0	-	lunatic-v0.1.0	-	D	P	196
g1_qg4-LqJ41gvUu1iM5ZiGxDzHQUNmPa7oXAOh6jRBt-0	s1_GJxM_yt269LEfqMcTFRLKMNwj_BCSSjPmkA8TIL6xWE	1unR5K	qadv-arbiter-7x7-v0.1.0	-	lunatic-v0.1.0	-	D	P	196
g1_qg4-LqJ41gvUu1iM5ZiGxDzHQUNmPa7oXAOh6jRBt-0	s1_RauLaTi4eVgYHSp2TV9pqs9uzTVv0B10g9TaHMWpcZ4	1unR5K	qadv-arbiter-7x7-v0.1.0	-	lunatic-v0.1.0	-	D	P	-
g1_qg4-LqJ41gvUu1iM5ZiGxDzHQUNmPa7oXAOh6jRBt-0	s1_dIZ-z2AjS4W5_8TTKOiZwYRGyFWgTf6kgEUU_y3qNGo	1unR5K	qadv-arbiter-7x7-v0.1.0	-	lunatic-v0.1.0	-	D	P	196
g1_qg4-LqJ41gvUu1iM5ZiGxDzHQUNmPa7oXAOh6jRBt-0	s1_s2G15WUcKkCOBB23vwyVgTgx2lo4sm7Ptcn6wZHSv4U	1unR5K	qadv-arbiter-7x7-v0.1.0	-	lunatic-v0.1.0	-	D	P	196
g1_qg98VyDkY8q6xEjKEkGmjLQZhPi-HwVn8NvGU91Uw2M	s1_qtlitMa-GGx-0y2heoyNRonYXf1Dq5epTexnVe9Iqtw	1umxiq	python-gnn-puct-learner-v0.1.0	sha256:ab0f739cd33d66781faf60e27797c5ccba3c04ba684f8d9e32e9c2754f4e8956	python-gnn-puct-learner-v0.1.0	sha256:ab0f739cd33d66781faf60e27797c5ccba3c04ba684f8d9e32e9c2754f4e8956	D	P	196
g1_qgDiZp2HEeo_u5hW9u0U5hrSBEAeWDjYalsps5tGarg	s1_WVg7aYYLIrw6_-2mI3jQ-DPcLO4gX2sPEEqWQb0DGQA	1umxMt	python-cnn-puct-reval30k-v0.1.0	sha256:eb2600a53e225a835455efdb2759c40e27c5cb3c16ab0688bc21b99290ed10ee	python-cnn-puct-reval30k-v0.1.0	sha256:eb2600a53e225a835455efdb2759c40e27c5cb3c16ab0688bc21b99290ed10ee	L	P	196
g1_qgGvnb1W9asKUfEUnm72P_7Tq_hGsQ7wt3HW_H7UgWQ	s1_RauLaTi4eVgYHSp2TV9pqs9uzTVv0B10g9TaHMWpcZ4	1unPQP	qadv-arbiter-7x7-rust-lambda-v0.1.0	-	qadv-arbiter-7x7-rust-lambda-v0.1.0	-	L	P	-
g1_qgGvnb1W9asKUfEUnm72P_7Tq_hGsQ7wt3HW_H7UgWQ	s1_UC_rzbJkOKDy-nsYcOSWmRn9t7NrUkS5AmvcjrMvzOw	1unPQP	qadv-arbiter-7x7-rust-lambda-v0.1.0	-	qadv-arbiter-7x7-rust-lambda-v0.1.0	-	L	P	196
g1_qgGvnb1W9asKUfEUnm72P_7Tq_hGsQ7wt3HW_H7UgWQ	s1_XjwEFHh8nWoH7WzsiiLDhqKq440tL-fnJxClEcDgp30	1unPQP	qadv-arbiter-7x7-rust-lambda-v0.1.0	-	qadv-arbiter-7x7-rust-lambda-v0.1.0	-	L	P	196
g1_qgGvnb1W9asKUfEUnm72P_7Tq_hGsQ7wt3HW_H7UgWQ	s1_nnE2M-VrZIb4LH8Xhdrl3CcPDjjATP4tLtJpEI_7C6Y	1unPQP	qadv-arbiter-7x7-rust-lambda-v0.1.0	-	qadv-arbiter-7x7-rust-lambda-v0.1.0	-	L	P	196
g1_qgRlS11zaNaiAjZVLKMackNDKsGLHwri-9A0j9AcP3M	s1_flXyOBW6T9LLVDFIvXBGel1MoVNZcUcMFIJnB9yLapU	1umx4I	python-gnn-puct-reval30k-v0.1.0	sha256:6120be86fc469df71473c3de64e5e32f99694cd47d621fa5948f243dc51d3d21	python-gnn-puct-reval30k-v0.1.0	sha256:6120be86fc469df71473c3de64e5e32f99694cd47d621fa5948f243dc51d3d21	L	P	196
g1_qgVcyll2rp2qwilYDBuTt3-zu5ZakvLJA_Ye4NGmKiA	s1_2FtaP75xgRVTNrUvmC0NIesJCNy8IDFJ05WNM4nUnpg	1unQnF	pathfinder-v0.3.0	-	qadv-arbiter-7x7-v0.1.0	-	L	P	196
g1_qgVcyll2rp2qwilYDBuTt3-zu5ZakvLJA_Ye4NGmKiA	s1_7m6rzVUMwKb2ze4m0l4101Ex_LeBD751xgIP1pyiYhY	1unQnF	pathfinder-v0.3.0	-	qadv-arbiter-7x7-v0.1.0	-	L	P	196
g1_qgVcyll2rp2qwilYDBuTt3-zu5ZakvLJA_Ye4NGmKiA	s1_PFvsnSmt4eYpDyzVvYjExq5kY9uWpmHQpglENoXfNSY	1unQnF	pathfinder-v0.3.0	-	qadv-arbiter-7x7-v0.1.0	-	L	P	196
g1_qgVcyll2rp2qwilYDBuTt3-zu5ZakvLJA_Ye4NGmKiA	s1_RauLaTi4eVgYHSp2TV9pqs9uzTVv0B10g9TaHMWpcZ4	1unQnF	pathfinder-v0.3.0	-	qadv-arbiter-7x7-v0.1.0	-	L	P	-
g1_qgYCg6kN4ibjce513ACCOZsl0bxYmMm0tPPVCLB4z7I	s1_1av6nXQkq-GSHXfjkVlGHGpAq8F9UbW4JwZmyFA-vww	1DIdp	lunatic-v0.1.0	-	rust-pathfinder-v0.1.0	-	D	P	-
g1_qgYCg6kN4ibjce513ACCOZsl0bxYmMm0tPPVCLB4z7I	s1_9Eroywf7tuDrn-hcfZPjlEa1DSRUykCRn9Z11u8ySIo	1DIdp	lunatic-v0.1.0	-	rust-pathfinder-v0.1.0	-	D	P	-
g1_qgYCg6kN4ibjce513ACCOZsl0bxYmMm0tPPVCLB4z7I	s1_9Eroywf7tuDrn-hcfZPjlEa1DSRUykCRn9Z11u8ySIo	1DIfb	lunatic-v0.1.0	-	rust-pathfinder-v0.1.0	-	D	P	-
g1_qgYCg6kN4ibjce513ACCOZsl0bxYmMm0tPPVCLB4z7I	s1_Brk0hkuJoH-MBjdd53AO5tlWcOgDWV_R0PO74fHGd_0	1DIdp	lunatic-v0.1.0	-	rust-pathfinder-v0.1.0	-	D	P	-
g1_qgYCg6kN4ibjce513ACCOZsl0bxYmMm0tPPVCLB4z7I	s1_KmF8KhDbubz6lwdS8R_n_yTGdSONmH9B1wUABbyCj94	1DIdp	lunatic-v0.1.0	-	rust-pathfinder-v0.1.0	-	D	P	-
g1_qgYCg6kN4ibjce513ACCOZsl0bxYmMm0tPPVCLB4z7I	s1_MKrI0a3Qd48rU7oZj28GrlQ3cHhIbUzS5ibiIW9aKy4	1DIdp	lunatic-v0.1.0	-	rust-pathfinder-v0.1.0	-	D	P	-
g1_qgYCg6kN4ibjce513ACCOZsl0bxYmMm0tPPVCLB4z7I	s1_MKrI0a3Qd48rU7oZj28GrlQ3cHhIbUzS5ibiIW9aKy4	1DIfb	lunatic-v0.1.0	-	rust-pathfinder-v0.1.0	-	D	P	-
g1_qgYCg6kN4ibjce513ACCOZsl0bxYmMm0tPPVCLB4z7I	s1_XloMUS0hxYEXf762lcPfaudsLmsH-CsOVZNVVU_obcA	1DIdp	lunatic-v0.1.0	-	rust-pathfinder-v0.1.0	-	D	P	-
g1_qgYCg6kN4ibjce513ACCOZsl0bxYmMm0tPPVCLB4z7I	s1_XloMUS0hxYEXf762lcPfaudsLmsH-CsOVZNVVU_obcA	1DIfb	lunatic-v0.1.0	-	rust-pathfinder-v0.1.0	-	D	P	-
g1_qgYCg6kN4ibjce513ACCOZsl0bxYmMm0tPPVCLB4z7I	s1_g5pGkHBMEhzAYvwFY0b24sSc7wC9JfnWApMHHZ_aMPI	1DIdp	lunatic-v0.1.0	-	rust-pathfinder-v0.1.0	-	D	P	-
g1_qgYjWr4K5hwo7496O8ji5jwXw_NpxW2Om3hJbSgHFR8	s1_Qmoz3nLvbLcY_1rcqMtpMJDvTQydhL5cxUNWV6EhpMY	1umwoL	qadv-arbiter-7x7-v0.1.0	sha256:8c548d06307572603b839755cc1e50393285365e10f82bcd90290ca65cd86266	qadv-arbiter-7x7-v0.1.0	sha256:8c548d06307572603b839755cc1e50393285365e10f82bcd90290ca65cd86266	L	P	196
g1_qghiBcxnDULFNBqufDH4D7sLk6cdJtK7932WZ38v6_o	s1_Ba_0n_pSORTy8r988ZGZCEuwYcGVTf0pIyw3fZmcCCs	1unPeH	qadv-arbiter-7x7-rust-lambda-v0.1.0	-	qadv-arbiter-7x7-rust-lambda-v0.1.0	-	D	P	196
g1_qghiBcxnDULFNBqufDH4D7sLk6cdJtK7932WZ38v6_o	s1_RauLaTi4eVgYHSp2TV9pqs9uzTVv0B10g9TaHMWpcZ4	1unPeH	qadv-arbiter-7x7-rust-lambda-v0.1.0	-	qadv-arbiter-7x7-rust-lambda-v0.1.0	-	D	P	-
g1_qghiBcxnDULFNBqufDH4D7sLk6cdJtK7932WZ38v6_o	s1_UwVYBJ0MGb6zMPul0m3ji9uHPOcPO4q5S2Il90q8Yus	1unPeH	qadv-arbiter-7x7-rust-lambda-v0.1.0	-	qadv-arbiter-7x7-rust-lambda-v0.1.0	-	D	P	196
g1_qghiBcxnDULFNBqufDH4D7sLk6cdJtK7932WZ38v6_o	s1_VclSneIMgpn_2P9aHj32hAdOmgzWf8lfwyXWWOe25e4	1unPeH	qadv-arbiter-7x7-rust-lambda-v0.1.0	-	qadv-arbiter-7x7-rust-lambda-v0.1.0	-	D	P	196
g1_qgixkL8lZJtl4lSGIf24L9i-Z2RnzF_hg74bhip6EiU	s1_RauLaTi4eVgYHSp2TV9pqs9uzTVv0B10g9TaHMWpcZ4	1unMv0	qadv-arbiter-7x7-rust-qadv-v0.1.0	-	qadv-arbiter-7x7-rust-qadv-v0.1.0	-	-	M	-
g1_qgixkL8lZJtl4lSGIf24L9i-Z2RnzF_hg74bhip6EiU	s1_WkwDYZRGIyAw50soIey2Ax8S6JdUluPFnxRAnNdNQTc	1unMv0	qadv-arbiter-7x7-rust-qadv-v0.1.0	-	qadv-arbiter-7x7-rust-qadv-v0.1.0	-	-	M	196
g1_qgixkL8lZJtl4lSGIf24L9i-Z2RnzF_hg74bhip6EiU	s1_kcBpbA0nsaRRQGrMQHQUf6j3PiAXoSPosd0FO7gJ7O4	1unMv0	qadv-arbiter-7x7-rust-qadv-v0.1.0	-	qadv-arbiter-7x7-rust-qadv-v0.1.0	-	-	M	196
g1_qgq6rBQlaHZac2aMUOZW5sUfveYg4Ga_6OrN6adswno	s1_A-Bj7FPvYwTEjxEUWX2uxzxD5JuRP0NvcpWsVo5-g9w	1unP2N	qadv-arbiter-7x7-rust-lambda-v0.1.0	-	qadv-arbiter-7x7-rust-lambda-v0.1.0	-	D	P	196
g1_qgq6rBQlaHZac2aMUOZW5sUfveYg4Ga_6OrN6adswno	s1_RauLaTi4eVgYHSp2TV9pqs9uzTVv0B10g9TaHMWpcZ4	1unP2N	qadv-arbiter-7x7-rust-lambda-v0.1.0	-	qadv-arbiter-7x7-rust-lambda-v0.1.0	-	D	P	-
g1_qgq6rBQlaHZac2aMUOZW5sUfveYg4Ga_6OrN6adswno	s1_TzMgPTHHR0QmrrtHBAEhKy6u4zFLQLy6j8KxcJTIJsU	1unP2N	qadv-arbiter-7x7-rust-lambda-v0.1.0	-	qadv-arbiter-7x7-rust-lambda-v0.1.0	-	D	P	196
g1_qgq6rBQlaHZac2aMUOZW5sUfveYg4Ga_6OrN6adswno	s1_u3Oaj6Rg6hES7J9aBikEJBOOdWfXyK5DQy7GiS_nHqU	1unP2N	qadv-arbiter-7x7-rust-lambda-v0.1.0	-	qadv-arbiter-7x7-rust-lambda-v0.1.0	-	D	P	196
g1_qgz3Egc515Sv5ePTZDMFal5O4y1vI4l6dJR0aUYdXKA	s1_4_YmrBCjsxTG7qAHR3n_0mtIB2Dx4Od2oWu487PiVh4	1unNcj	qadv-arbiter-7x7-rust-lambda-v0.1.0	-	qadv-arbiter-7x7-rust-lambda-v0.1.0	-	L	P	196
g1_qgz3Egc515Sv5ePTZDMFal5O4y1vI4l6dJR0aUYdXKA	s1_RauLaTi4eVgYHSp2TV9pqs9uzTVv0B10g9TaHMWpcZ4	1unNcj	qadv-arbiter-7x7-rust-lambda-v0.1.0	-	qadv-arbiter-7x7-rust-lambda-v0.1.0	-	L	P	-
g1_qgz3Egc515Sv5ePTZDMFal5O4y1vI4l6dJR0aUYdXKA	s1_jWDKFu3aEXl6ZWUa3g8Tik7hhFWTAdUZ4_3WgQjr6TI	1unNcj	qadv-arbiter-7x7-rust-lambda-v0.1.0	-	qadv-arbiter-7x7-rust-lambda-v0.1.0	-	L	P	196
g1_qgz3Egc515Sv5ePTZDMFal5O4y1vI4l6dJR0aUYdXKA	s1_lwOkr1w_TJfgu0E2dFG7decWGQqzwve_w0bbwCimGC8	1unNcj	qadv-arbiter-7x7-rust-lambda-v0.1.0	-	qadv-arbiter-7x7-rust-lambda-v0.1.0	-	L	P	196
g1_qh4hvt_WC-ZCB2GeonDKMYlHwZGYz36iqCSnXnHcqdQ	s1_0WDauMVrr2SpQP7hpud1TD_X734ygPIlyhbHLfN2LDI	1unLxI	qadv-arbiter-7x7-rust-lambda-v0.1.0	-	qadv-arbiter-7x7-rust-lambda-v0.1.0	-	D	P	196
g1_qh4hvt_WC-ZCB2GeonDKMYlHwZGYz36iqCSnXnHcqdQ	s1_8VZCeEeKV7_mO0N7sUjCzvTjxLkhSPZf61r4M9mKMyM	1unLxI	qadv-arbiter-7x7-rust-lambda-v0.1.0	-	qadv-arbiter-7x7-rust-lambda-v0.1.0	-	D	P	196
g1_qh4hvt_WC-ZCB2GeonDKMYlHwZGYz36iqCSnXnHcqdQ	s1_RauLaTi4eVgYHSp2TV9pqs9uzTVv0B10g9TaHMWpcZ4	1unLxI	qadv-arbiter-7x7-rust-lambda-v0.1.0	-	qadv-arbiter-7x7-rust-lambda-v0.1.0	-	D	P	-
g1_qh4hvt_WC-ZCB2GeonDKMYlHwZGYz36iqCSnXnHcqdQ	s1_Xt_apTszJ1UOn9jNcuOcCFRkeXzrdAhrMyFtSpnzO98	1unLxI	qadv-arbiter-7x7-rust-lambda-v0.1.0	-	qadv-arbiter-7x7-rust-lambda-v0.1.0	-	D	P	196
g1_qh5gR-0gkNxNL3ZnbfyoptDPUifD64cgxxCXVf0tZr0	s1_-OKlJXuPFfAnukwGYITjiU7XKL4OC_qt76PC0TZSPjg	1umvXW	python-cnn-puct-v0.1.0	sha256:7845e9b7687beee165dc36b8d21833b7a8b5a83e31b58b49bd05c277ba26e642	python-cnn-puct-v0.1.0	sha256:7845e9b7687beee165dc36b8d21833b7a8b5a83e31b58b49bd05c277ba26e642	-	M	196
g1_qh5gR-0gkNxNL3ZnbfyoptDPUifD64cgxxCXVf0tZr0	s1_1av6nXQkq-GSHXfjkVlGHGpAq8F9UbW4JwZmyFA-vww	1umvXW	python-cnn-puct-v0.1.0	sha256:7845e9b7687beee165dc36b8d21833b7a8b5a83e31b58b49bd05c277ba26e642	python-cnn-puct-v0.1.0	sha256:7845e9b7687beee165dc36b8d21833b7a8b5a83e31b58b49bd05c277ba26e642	-	M	196
g1_qh5gR-0gkNxNL3ZnbfyoptDPUifD64cgxxCXVf0tZr0	s1_mWPTef6xYbijjPhDIC6QgLRmu2mMSJAokNlIkx3vg54	1umvXW	python-cnn-puct-v0.1.0	sha256:7845e9b7687beee165dc36b8d21833b7a8b5a83e31b58b49bd05c277ba26e642	python-cnn-puct-v0.1.0	sha256:7845e9b7687beee165dc36b8d21833b7a8b5a83e31b58b49bd05c277ba26e642	-	M	196
g1_qhAqQ6suRxBsmi5Pjpt5FHERGs6NA3oHHZRpWcSRZHM	s1_faEf6V0cVD1LZPt1hqgtNRAS2nCUusDxRHkrulNApVo	1unQ65	qadv-arbiter-7x7-rust-lambda-v0.1.0	-	qadv-arbiter-7x7-rust-lambda-v0.1.0	-	L	P	196
g1_qhAqQ6suRxBsmi5Pjpt5FHERGs6NA3oHHZRpWcSRZHM	s1_kyT0qQiUcE5vwREUznIm_kE4VzXZaq1hTy_E7mf_fYk	1unQ65	qadv-arbiter-7x7-rust-lambda-v0.1.0	-	qadv-arbiter-7x7-rust-lambda-v0.1.0	-	L	P	196
g1_qhAqQ6suRxBsmi5Pjpt5FHERGs6NA3oHHZRpWcSRZHM	s1_qLlyvsTNC8E7aDPizRLGLYhUGC5CTKbsAMkbBty2aCE	1unQ65	qadv-arbiter-7x7-rust-lambda-v0.1.0	-	qadv-arbiter-7x7-rust-lambda-v0.1.0	-	L	P	196
g1_qhHf5QtdHf5LVmwPhHnaZbCF_ZtwmFjMngUiOi8mD1k	s1_-ahX-Y8MI7UEstM1UMbzpZTLZcXLSK42fNVr8xYs6Pk	1unP9f	qadv-arbiter-7x7-rust-lambda-v0.1.0	-	qadv-arbiter-7x7-rust-lambda-v0.1.0	-	D	P	196
g1_qhHf5QtdHf5LVmwPhHnaZbCF_ZtwmFjMngUiOi8mD1k	s1_RauLaTi4eVgYHSp2TV9pqs9uzTVv0B10g9TaHMWpcZ4	1unP9f	qadv-arbiter-7x7-rust-lambda-v0.1.0	-	qadv-arbiter-7x7-rust-lambda-v0.1.0	-	D	P	-
g1_qhHf5QtdHf5LVmwPhHnaZbCF_ZtwmFjMngUiOi8mD1k	s1_VuYXepahrC1ZjEW5jbt-IRGUK0UNcRVJVPKekzrLgUo	1unP9f	qadv-arbiter-7x7-rust-lambda-v0.1.0	-	qadv-arbiter-7x7-rust-lambda-v0.1.0	-	D	P	196
g1_qhHf5QtdHf5LVmwPhHnaZbCF_ZtwmFjMngUiOi8mD1k	s1_ingR3LTxfUhcyGA6-tlZ7AALDEPeT_nYhE5YNZWUOBM	1unP9f	qadv-arbiter-7x7-rust-lambda-v0.1.0	-	qadv-arbiter-7x7-rust-lambda-v0.1.0	-	D	P	196
g1_qhIdAUQyyJzK08f9AVnwQTwmJrG21say4r02_tbWP-o	s1_1E8qd4V0hcwZ3d6f3HkZnzE7aahA6MS-qQyx6CaAJC8	1unNc3	qadv-arbiter-7x7-rust-lambda-v0.1.0	-	qadv-arbiter-7x7-rust-lambda-v0.1.0	-	D	P	196
g1_qhIdAUQyyJzK08f9AVnwQTwmJrG21say4r02_tbWP-o	s1_RauLaTi4eVgYHSp2TV9pqs9uzTVv0B10g9TaHMWpcZ4	1unNc3	qadv-arbiter-7x7-rust-lambda-v0.1.0	-	qadv-arbiter-7x7-rust-lambda-v0.1.0	-	D	P	-
g1_qhIdAUQyyJzK08f9AVnwQTwmJrG21say4r02_tbWP-o	s1_X0vO6RLZm7n3qV923uZENFRJUNWJcyrSiVq484NObTk	1unNc3	qadv-arbiter-7x7-rust-lambda-v0.1.0	-	qadv-arbiter-7x7-rust-lambda-v0.1.0	-	D	P	196
g1_qhIdAUQyyJzK08f9AVnwQTwmJrG21say4r02_tbWP-o	s1_vrtQ4SrcDdOzMcCycogX-JkOV_qV_WdJ1kYQKEf2yLo	1unNc3	qadv-arbiter-7x7-rust-lambda-v0.1.0	-	qadv-arbiter-7x7-rust-lambda-v0.1.0	-	D	P	196
g1_qhdqw2LHd4nEDuQWYQ5NRy_7VwNkYectSntAZuYTMfE	s1_1av6nXQkq-GSHXfjkVlGHGpAq8F9UbW4JwZmyFA-vww	1DIgl	lunatic-v0.1.0	-	rust-pathfinder-v0.1.0	-	D	P	-
g1_qhdqw2LHd4nEDuQWYQ5NRy_7VwNkYectSntAZuYTMfE	s1_9Eroywf7tuDrn-hcfZPjlEa1DSRUykCRn9Z11u8ySIo	1DIgl	lunatic-v0.1.0	-	rust-pathfinder-v0.1.0	-	D	P	-
g1_qhdqw2LHd4nEDuQWYQ5NRy_7VwNkYectSntAZuYTMfE	s1_Brk0hkuJoH-MBjdd53AO5tlWcOgDWV_R0PO74fHGd_0	1DIgl	lunatic-v0.1.0	-	rust-pathfinder-v0.1.0	-	D	P	-
g1_qhdqw2LHd4nEDuQWYQ5NRy_7VwNkYectSntAZuYTMfE	s1_KmF8KhDbubz6lwdS8R_n_yTGdSONmH9B1wUABbyCj94	1DIgl	lunatic-v0.1.0	-	rust-pathfinder-v0.1.0	-	D	P	-
g1_qhdqw2LHd4nEDuQWYQ5NRy_7VwNkYectSntAZuYTMfE	s1_MKrI0a3Qd48rU7oZj28GrlQ3cHhIbUzS5ibiIW9aKy4	1DIgl	lunatic-v0.1.0	-	rust-pathfinder-v0.1.0	-	D	P	-
g1_qhdqw2LHd4nEDuQWYQ5NRy_7VwNkYectSntAZuYTMfE	s1_XloMUS0hxYEXf762lcPfaudsLmsH-CsOVZNVVU_obcA	1DIgl	lunatic-v0.1.0	-	rust-pathfinder-v0.1.0	-	D	P	-
g1_qhdqw2LHd4nEDuQWYQ5NRy_7VwNkYectSntAZuYTMfE	s1_g5pGkHBMEhzAYvwFY0b24sSc7wC9JfnWApMHHZ_aMPI	1DIgl	lunatic-v0.1.0	-	rust-pathfinder-v0.1.0	-	D	P	-
g1_qhrh9eE9SeI4jmwnpKIAPnPDS5Fca6v4Vj91nJkNa8U	s1_6PxtazPxkizz7K9QTWPSCIopEV5n0zpHoq3F52yO_6U	1umwoK	python-cnn-puct-v0.1.0	sha256:7845e9b7687beee165dc36b8d21833b7a8b5a83e31b58b49bd05c277ba26e642	python-cnn-puct-v0.1.0	sha256:7845e9b7687beee165dc36b8d21833b7a8b5a83e31b58b49bd05c277ba26e642	L	P	196
g1_qhrh9eE9SeI4jmwnpKIAPnPDS5Fca6v4Vj91nJkNa8U	s1_baRgKA_wMXdl0r4AwdkUfhWC04qxd1MvEGXAQaDd4fo	1umwoK	python-cnn-puct-v0.1.0	sha256:7845e9b7687beee165dc36b8d21833b7a8b5a83e31b58b49bd05c277ba26e642	python-cnn-puct-v0.1.0	sha256:7845e9b7687beee165dc36b8d21833b7a8b5a83e31b58b49bd05c277ba26e642	L	P	196
g1_qhuGUmsbzGC0M8eVfbguY2wPbngH-V4_ntT-g5IHjIM	s1_ukFgnTd-cyipgjydh9RnsQPMoYdv0PlIUiMC2cvj4J0	1unQf5	qadv-arbiter-7x7-rust-qadv-v0.1.0	-	qadv-arbiter-7x7-rust-qadv-v0.1.0	-	D	P	196
g1_qhwDktfh8eUEgl7HXdma8thnD4MiTxQHLB6Vh8nNC1k	s1_1E8qd4V0hcwZ3d6f3HkZnzE7aahA6MS-qQyx6CaAJC8	1unNbY	qadv-arbiter-7x7-rust-lambda-v0.1.0	-	qadv-arbiter-7x7-rust-lambda-v0.1.0	-	L	P	196
g1_qhwDktfh8eUEgl7HXdma8thnD4MiTxQHLB6Vh8nNC1k	s1_RauLaTi4eVgYHSp2TV9pqs9uzTVv0B10g9TaHMWpcZ4	1unNbY	qadv-arbiter-7x7-rust-lambda-v0.1.0	-	qadv-arbiter-7x7-rust-lambda-v0.1.0	-	L	P	-
g1_qhwDktfh8eUEgl7HXdma8thnD4MiTxQHLB6Vh8nNC1k	s1_X0vO6RLZm7n3qV923uZENFRJUNWJcyrSiVq484NObTk	1unNbY	qadv-arbiter-7x7-rust-lambda-v0.1.0	-	qadv-arbiter-7x7-rust-lambda-v0.1.0	-	L	P	196
g1_qhwDktfh8eUEgl7HXdma8thnD4MiTxQHLB6Vh8nNC1k	s1_ro1ynguO3KSwJms0PCyhgy5eoCqbwiNySgyd2dHAb7g	1unNbY	qadv-arbiter-7x7-rust-lambda-v0.1.0	-	qadv-arbiter-7x7-rust-lambda-v0.1.0	-	L	P	196
g1_qhzrmW3HuTegW2LCaxdNoHdiKhYaHpFZCRsLArtIkKg	s1_7FIu85-v_e-kbNsQ2UNk3yRt-KGcLyUjpmVwIc9cnfM	1umwFA	python-gnn-puct-scout-v0.1.0	sha256:b9f80706cc1f29076ee06fe06483697c749148a808c599579045d00a52573938	python-gnn-puct-scout-v0.1.0	sha256:b9f80706cc1f29076ee06fe06483697c749148a808c599579045d00a52573938	D	P	196
g1_qhzrmW3HuTegW2LCaxdNoHdiKhYaHpFZCRsLArtIkKg	s1_S8AGNBNcWBvWiwIo-AOAHPoHuZo2XvcsYvhgQxGTkrY	1umwFA	python-gnn-puct-scout-v0.1.0	sha256:b9f80706cc1f29076ee06fe06483697c749148a808c599579045d00a52573938	python-gnn-puct-scout-v0.1.0	sha256:b9f80706cc1f29076ee06fe06483697c749148a808c599579045d00a52573938	D	P	196
g1_qi3bmnwQr2jKnDJ0Pekia607N5_Q11fh1s5AdPDcezw	s1_2jSJ3cL8a01qux4dMmxGdBFVlIrVZonOCRwlHpvsBNc	1unPHP	qadv-arbiter-7x7-rust-lambda-v0.1.0	-	qadv-arbiter-7x7-rust-lambda-v0.1.0	-	L	P	196
g1_qi3bmnwQr2jKnDJ0Pekia607N5_Q11fh1s5AdPDcezw	s1_CkH2MH_HgQmTjf3d4e7uyLt2hzwnd8HCdel5eXz8KZ8	1unPHP	qadv-arbiter-7x7-rust-lambda-v0.1.0	-	qadv-arbiter-7x7-rust-lambda-v0.1.0	-	L	P	196
g1_qi3bmnwQr2jKnDJ0Pekia607N5_Q11fh1s5AdPDcezw	s1_RauLaTi4eVgYHSp2TV9pqs9uzTVv0B10g9TaHMWpcZ4	1unPHP	qadv-arbiter-7x7-rust-lambda-v0.1.0	-	qadv-arbiter-7x7-rust-lambda-v0.1.0	-	L	P	-
g1_qi3bmnwQr2jKnDJ0Pekia607N5_Q11fh1s5AdPDcezw	s1_drsihfmAyorCfr4lYF7j4lipMcqP4OV40VpEBd8Pw7A	1unPHP	qadv-arbiter-7x7-rust-lambda-v0.1.0	-	qadv-arbiter-7x7-rust-lambda-v0.1.0	-	L	P	196
g1_qiBMn1MEDlkA1fWL2gpHgQkSoc6FHcA-EPm_bwLgouI	s1_LEpqOkNzxv6GRPomcZ9KKHDValunTvvTlgx1rbk63D8	1umw4q	qadv-arbiter-7x7-v0.1.0	sha256:dd984097af768c46f6abbdba343ea266b9a7ab552164deb62c6b9c13ccacfd68	gnn-reval30k-7x7	sha256:7f41dbe135649d1116a0914bc0358a5ffae95749195ec20dd972035bbbea52f7	D	P	196
g1_qiBMn1MEDlkA1fWL2gpHgQkSoc6FHcA-EPm_bwLgouI	s1_LEpqOkNzxv6GRPomcZ9KKHDValunTvvTlgx1rbk63D8	1umw4s	qadv-arbiter-7x7-v0.1.0	sha256:dd984097af768c46f6abbdba343ea266b9a7ab552164deb62c6b9c13ccacfd68	gnn-reval30k-7x7	sha256:7f41dbe135649d1116a0914bc0358a5ffae95749195ec20dd972035bbbea52f7	D	P	196
g1_qiGYV8IbHYzSARjrBkaflrG6dxB8M__oy5vk5WGnepA	s1_4DSPb4QpToAmEtEZHr-S8zooACLfaFJqO0zPhd0_jTw	1unPR0	qadv-arbiter-7x7-rust-lambda-v0.1.0	-	qadv-arbiter-7x7-rust-lambda-v0.1.0	-	L	P	196
g1_qiGYV8IbHYzSARjrBkaflrG6dxB8M__oy5vk5WGnepA	s1_G3GbDUWtFZIe3jpnTxhET2yKj_9-QMaa1LXepacHnnI	1unPR0	qadv-arbiter-7x7-rust-lambda-v0.1.0	-	qadv-arbiter-7x7-rust-lambda-v0.1.0	-	L	P	196
g1_qiGYV8IbHYzSARjrBkaflrG6dxB8M__oy5vk5WGnepA	s1_RauLaTi4eVgYHSp2TV9pqs9uzTVv0B10g9TaHMWpcZ4	1unPR0	qadv-arbiter-7x7-rust-lambda-v0.1.0	-	qadv-arbiter-7x7-rust-lambda-v0.1.0	-	L	P	-
g1_qiGYV8IbHYzSARjrBkaflrG6dxB8M__oy5vk5WGnepA	s1_XNGl3rFbd6dq6b8c0DFGeQfe6YSQDVIx4o-qDmDv8co	1unPR0	qadv-arbiter-7x7-rust-lambda-v0.1.0	-	qadv-arbiter-7x7-rust-lambda-v0.1.0	-	L	P	196
g1_qiKBJ1_qk0BbHUCMH9qkgtgPvHfyw3dN-9p29CWGyrk	s1_RauLaTi4eVgYHSp2TV9pqs9uzTVv0B10g9TaHMWpcZ4	1unMLB	qadv-arbiter-7x7-rust-lambda-v0.1.0	-	qadv-arbiter-7x7-rust-lambda-v0.1.0	-	L	P	-
g1_qiKBJ1_qk0BbHUCMH9qkgtgPvHfyw3dN-9p29CWGyrk	s1_iLTxo3uySJdO-P2JIGFbAzLWtKMrO_plCJb0Z3PcOEo	1unMLB	qadv-arbiter-7x7-rust-lambda-v0.1.0	-	qadv-arbiter-7x7-rust-lambda-v0.1.0	-	L	P	196
g1_qiKBJ1_qk0BbHUCMH9qkgtgPvHfyw3dN-9p29CWGyrk	s1_rOOg1cimlWUe1veVDQ6pQWVWiwRn66lMJXaWqw1XCjE	1unMLB	qadv-arbiter-7x7-rust-lambda-v0.1.0	-	qadv-arbiter-7x7-rust-lambda-v0.1.0	-	L	P	196
g1_qiKBJ1_qk0BbHUCMH9qkgtgPvHfyw3dN-9p29CWGyrk	s1_wSwls8jnDDJowtx8HUu7wS6_jHDwOpcTB8whWsGuqmU	1unMLB	qadv-arbiter-7x7-rust-lambda-v0.1.0	-	qadv-arbiter-7x7-rust-lambda-v0.1.0	-	L	P	196
g1_qiTIZfV1u70CirKgWjZJ1Ba_hP6m8kZuXwDcGzaAhIU	s1_2FtaP75xgRVTNrUvmC0NIesJCNy8IDFJ05WNM4nUnpg	1unQmF	pathfinder-v0.3.0	-	qadv-arbiter-7x7-v0.1.0	-	L	P	196
g1_qiTIZfV1u70CirKgWjZJ1Ba_hP6m8kZuXwDcGzaAhIU	s1_JqJGnBtdaDSTN10uoLLn5Kr_lHNON1JC3apupdmCZIU	1unQmF	pathfinder-v0.3.0	-	qadv-arbiter-7x7-v0.1.0	-	L	P	196
g1_qiTIZfV1u70CirKgWjZJ1Ba_hP6m8kZuXwDcGzaAhIU	s1_RauLaTi4eVgYHSp2TV9pqs9uzTVv0B10g9TaHMWpcZ4	1unQmF	pathfinder-v0.3.0	-	qadv-arbiter-7x7-v0.1.0	-	L	P	-
g1_qiTIZfV1u70CirKgWjZJ1Ba_hP6m8kZuXwDcGzaAhIU	s1_w_fgI663z_Q3UJGVhRzALnz3GyRV40jOrhTuTxnWW1g	1unQmF	pathfinder-v0.3.0	-	qadv-arbiter-7x7-v0.1.0	-	L	P	196
g1_qiUCioNJfhKWG3o_lKCKz87wGEuHJ_5N1M--YLSZaIc	s1_WVg7aYYLIrw6_-2mI3jQ-DPcLO4gX2sPEEqWQb0DGQA	1umxMq	python-cnn-puct-reval30k-v0.1.0	sha256:eb2600a53e225a835455efdb2759c40e27c5cb3c16ab0688bc21b99290ed10ee	python-cnn-puct-reval30k-v0.1.0	sha256:eb2600a53e225a835455efdb2759c40e27c5cb3c16ab0688bc21b99290ed10ee	L	P	196
g1_qipTNhH1am-d8G1qNMovdWqJjYxCPlqgDdSEXJ2-njQ	s1_1av6nXQkq-GSHXfjkVlGHGpAq8F9UbW4JwZmyFA-vww	1umvAo	python-gnn-puct-scout-v0.1.0	sha256:b9f80706cc1f29076ee06fe06483697c749148a808c599579045d00a52573938	python-gnn-puct-scout-v0.1.0	sha256:b9f80706cc1f29076ee06fe06483697c749148a808c599579045d00a52573938	D	P	196
g1_qipTNhH1am-d8G1qNMovdWqJjYxCPlqgDdSEXJ2-njQ	s1_Brk0hkuJoH-MBjdd53AO5tlWcOgDWV_R0PO74fHGd_0	1umvAo	python-gnn-puct-scout-v0.1.0	sha256:b9f80706cc1f29076ee06fe06483697c749148a808c599579045d00a52573938	python-gnn-puct-scout-v0.1.0	sha256:b9f80706cc1f29076ee06fe06483697c749148a808c599579045d00a52573938	D	P	196
g1_qipTNhH1am-d8G1qNMovdWqJjYxCPlqgDdSEXJ2-njQ	s1_D_X-fTFZy6xuyGSC5jFyKBW6IP_59Jbomefazf4xu44	1umvAo	python-gnn-puct-scout-v0.1.0	sha256:b9f80706cc1f29076ee06fe06483697c749148a808c599579045d00a52573938	python-gnn-puct-scout-v0.1.0	sha256:b9f80706cc1f29076ee06fe06483697c749148a808c599579045d00a52573938	D	P	196
g1_qj4Rwgx3tlLrA20h6U1Baj42VG1lqkp6VGNL0JGoLns	s1_JLyQ_5u1FtE96is0rCqlpMJHwL31YCv2Ln57w5viTiI	1unPMO	qadv-arbiter-7x7-rust-lambda-v0.1.0	-	qadv-arbiter-7x7-rust-lambda-v0.1.0	-	D	P	196
g1_qj4Rwgx3tlLrA20h6U1Baj42VG1lqkp6VGNL0JGoLns	s1_RauLaTi4eVgYHSp2TV9pqs9uzTVv0B10g9TaHMWpcZ4	1unPMO	qadv-arbiter-7x7-rust-lambda-v0.1.0	-	qadv-arbiter-7x7-rust-lambda-v0.1.0	-	D	P	-
g1_qj4Rwgx3tlLrA20h6U1Baj42VG1lqkp6VGNL0JGoLns	s1_gUZnEBwDtc2Uw3bGeb4Ou-kj5PTCk6HZF4o02WgdShE	1unPMO	qadv-arbiter-7x7-rust-lambda-v0.1.0	-	qadv-arbiter-7x7-rust-lambda-v0.1.0	-	D	P	196
g1_qj4Rwgx3tlLrA20h6U1Baj42VG1lqkp6VGNL0JGoLns	s1_lrsm-G4WREVBHUs16LmVv4A4H3BE6ToY5hjZQ8d1s_I	1unPMO	qadv-arbiter-7x7-rust-lambda-v0.1.0	-	qadv-arbiter-7x7-rust-lambda-v0.1.0	-	D	P	196
g1_qjGl4YQyxU9pr7mWwhH7Qnp8B6AEp1D7yiTiet0bLis	s1_WpYQrS3Y5EBPp4KoxQeXdmkSNGGu7uzGmTP-APlIkYU	1umwQt	rust-pathfinder-v0.3.0	-	rust-pathfinder-onnx-sorter-v0.1.0	-	L	P	120
g1_qjHvstYBE0gpm8uffd0S_Kl6mMyW6cr-A068ytP9Ceg	s1_RauLaTi4eVgYHSp2TV9pqs9uzTVv0B10g9TaHMWpcZ4	1unM-1	qadv-arbiter-7x7-rust-lambda-v0.1.0	-	qadv-arbiter-7x7-rust-lambda-v0.1.0	-	L	P	-
g1_qjHvstYBE0gpm8uffd0S_Kl6mMyW6cr-A068ytP9Ceg	s1_SqabFS7KyYyWXSEZwymtl6cYnSizcZNmF4vcljQFGsI	1unM-1	qadv-arbiter-7x7-rust-lambda-v0.1.0	-	qadv-arbiter-7x7-rust-lambda-v0.1.0	-	L	P	196
g1_qjHvstYBE0gpm8uffd0S_Kl6mMyW6cr-A068ytP9Ceg	s1_XfuST2984ot4I-SNa7h06Kgayzl8Of8AVN3m_I5btm8	1unM-1	qadv-arbiter-7x7-rust-lambda-v0.1.0	-	qadv-arbiter-7x7-rust-lambda-v0.1.0	-	L	P	196
g1_qjHvstYBE0gpm8uffd0S_Kl6mMyW6cr-A068ytP9Ceg	s1_kNYFpqnEpeAr2Q6DUZSnuzNXY7bR9M7ixLMnm6wJ3CI	1unM-1	qadv-arbiter-7x7-rust-lambda-v0.1.0	-	qadv-arbiter-7x7-rust-lambda-v0.1.0	-	L	P	196
g1_qjQnEYDayg_QZMkSwV7j62Oxgyv5uSENs5VIJWvPaYA	s1_RauLaTi4eVgYHSp2TV9pqs9uzTVv0B10g9TaHMWpcZ4	1unMp1	qadv-arbiter-7x7-rust-lambda-v0.1.0	-	qadv-arbiter-7x7-rust-lambda-v0.1.0	-	D	P	-
g1_qjQnEYDayg_QZMkSwV7j62Oxgyv5uSENs5VIJWvPaYA	s1_XokGSc_Gut96lBwxiroJ-KJbwfyVNf2c3xFTUwFM5CE	1unMp1	qadv-arbiter-7x7-rust-lambda-v0.1.0	-	qadv-arbiter-7x7-rust-lambda-v0.1.0	-	D	P	196
g1_qjQnEYDayg_QZMkSwV7j62Oxgyv5uSENs5VIJWvPaYA	s1_wK1mpG3w5zeu9nQM2J3mSXUPgzY53mapnipfiPlxahY	1unMp1	qadv-arbiter-7x7-rust-lambda-v0.1.0	-	qadv-arbiter-7x7-rust-lambda-v0.1.0	-	D	P	196
g1_qjQnEYDayg_QZMkSwV7j62Oxgyv5uSENs5VIJWvPaYA	s1_x6_KK7hwCLLGg0if5zW7AvUij0Se1769_XvxepwnqxA	1unMp1	qadv-arbiter-7x7-rust-lambda-v0.1.0	-	qadv-arbiter-7x7-rust-lambda-v0.1.0	-	D	P	196
g1_qj_JXscdEe-jSVOvb_UrL-q5xkS93PqPR73L1n5mBNc	s1_8T3PLbsRbolY5LMWShAn9JgJHK_0YcxZzMcvXqdkxbA	1unNzg	qadv-arbiter-7x7-rust-lambda-v0.1.0	-	qadv-arbiter-7x7-rust-lambda-v0.1.0	-	L	P	196
g1_qj_JXscdEe-jSVOvb_UrL-q5xkS93PqPR73L1n5mBNc	s1_RauLaTi4eVgYHSp2TV9pqs9uzTVv0B10g9TaHMWpcZ4	1unNzg	qadv-arbiter-7x7-rust-lambda-v0.1.0	-	qadv-arbiter-7x7-rust-lambda-v0.1.0	-	L	P	-
g1_qj_JXscdEe-jSVOvb_UrL-q5xkS93PqPR73L1n5mBNc	s1_Y6aRRXXFfBROyuD87AViQVuWQmrlPl_EgKeZPPxkgAQ	1unNzg	qadv-arbiter-7x7-rust-lambda-v0.1.0	-	qadv-arbiter-7x7-rust-lambda-v0.1.0	-	L	P	196
g1_qj_JXscdEe-jSVOvb_UrL-q5xkS93PqPR73L1n5mBNc	s1_d1-ONwPgkFyK7TzO5aYBarjMJmVPHpJhA2BZzCkwZqM	1unNzg	qadv-arbiter-7x7-rust-lambda-v0.1.0	-	qadv-arbiter-7x7-rust-lambda-v0.1.0	-	L	P	196
g1_qjbv7-xyhSoA--H8kakfEJ0bGr6RAVFdBw9PTbBR6sw	s1_RauLaTi4eVgYHSp2TV9pqs9uzTVv0B10g9TaHMWpcZ4	1unMQu	qadv-arbiter-7x7-rust-lambda-v0.1.0	-	qadv-arbiter-7x7-rust-lambda-v0.1.0	-	L	P	-
g1_qjbv7-xyhSoA--H8kakfEJ0bGr6RAVFdBw9PTbBR6sw	s1_qjwde6IPLGz4cDo_luH0gytPG__4dconW7d7iP3oxqQ	1unMQu	qadv-arbiter-7x7-rust-lambda-v0.1.0	-	qadv-arbiter-7x7-rust-lambda-v0.1.0	-	L	P	196
g1_qjbv7-xyhSoA--H8kakfEJ0bGr6RAVFdBw9PTbBR6sw	s1_tt0airgGra-mgZOl7OhOxnDXsY983JSNtxviob8gOCY	1unMQu	qadv-arbiter-7x7-rust-lambda-v0.1.0	-	qadv-arbiter-7x7-rust-lambda-v0.1.0	-	L	P	196
g1_qjbv7-xyhSoA--H8kakfEJ0bGr6RAVFdBw9PTbBR6sw	s1_yQ_66MEW27P-PwYTwiT-Np7KTFp1sab5M8_hHuC6SgQ	1unMQu	qadv-arbiter-7x7-rust-lambda-v0.1.0	-	qadv-arbiter-7x7-rust-lambda-v0.1.0	-	L	P	196
g1_qjcdqLTBkvwjM16PjJiGRvE12R8ePHNM1RBdh1oDzzI	s1_1av6nXQkq-GSHXfjkVlGHGpAq8F9UbW4JwZmyFA-vww	1umv5X	python-gnn-puct-scout-v0.1.0	sha256:b9f80706cc1f29076ee06fe06483697c749148a808c599579045d00a52573938	python-gnn-puct-scout-v0.1.0	sha256:b9f80706cc1f29076ee06fe06483697c749148a808c599579045d00a52573938	-	M	196
g1_qjcdqLTBkvwjM16PjJiGRvE12R8ePHNM1RBdh1oDzzI	s1_Brk0hkuJoH-MBjdd53AO5tlWcOgDWV_R0PO74fHGd_0	1umv5X	python-gnn-puct-scout-v0.1.0	sha256:b9f80706cc1f29076ee06fe06483697c749148a808c599579045d00a52573938	python-gnn-puct-scout-v0.1.0	sha256:b9f80706cc1f29076ee06fe06483697c749148a808c599579045d00a52573938	-	M	196
g1_qjcdqLTBkvwjM16PjJiGRvE12R8ePHNM1RBdh1oDzzI	s1_D_X-fTFZy6xuyGSC5jFyKBW6IP_59Jbomefazf4xu44	1umv5X	python-gnn-puct-scout-v0.1.0	sha256:b9f80706cc1f29076ee06fe06483697c749148a808c599579045d00a52573938	python-gnn-puct-scout-v0.1.0	sha256:b9f80706cc1f29076ee06fe06483697c749148a808c599579045d00a52573938	-	M	196
g1_qk1S7x8VqIYq5D5S687LDqWcQlp_Zlxwx653I3D5NDY	s1_0ZIh8DLjUDt_VUYyI-npgwZhsDmDleJhz0H1vBGTXBI	1unMSD	qadv-arbiter-7x7-rust-lambda-v0.1.0	-	qadv-arbiter-7x7-rust-lambda-v0.1.0	-	L	P	196
g1_qk1S7x8VqIYq5D5S687LDqWcQlp_Zlxwx653I3D5NDY	s1_IvFnqjO5jHnrPHOXRgLI0u4jypgml8aQi4ynUdNtozs	1unMSD	qadv-arbiter-7x7-rust-lambda-v0.1.0	-	qadv-arbiter-7x7-rust-lambda-v0.1.0	-	L	P	196
g1_qk1S7x8VqIYq5D5S687LDqWcQlp_Zlxwx653I3D5NDY	s1_RauLaTi4eVgYHSp2TV9pqs9uzTVv0B10g9TaHMWpcZ4	1unMSD	qadv-arbiter-7x7-rust-lambda-v0.1.0	-	qadv-arbiter-7x7-rust-lambda-v0.1.0	-	L	P	-
g1_qk1S7x8VqIYq5D5S687LDqWcQlp_Zlxwx653I3D5NDY	s1_o7pzTXSc0goSvnTeTOg9fMq9Mq90OfMdjRI1f4CPm_o	1unMSD	qadv-arbiter-7x7-rust-lambda-v0.1.0	-	qadv-arbiter-7x7-rust-lambda-v0.1.0	-	L	P	196
g1_qk9TNUwG6-JTEkflI5TSCHlbRd3j45i9reiJ7R_3k14	s1_7FIu85-v_e-kbNsQ2UNk3yRt-KGcLyUjpmVwIc9cnfM	1umwMG	python-gnn-puct-scout-v0.1.0	sha256:b9f80706cc1f29076ee06fe06483697c749148a808c599579045d00a52573938	python-gnn-puct-scout-v0.1.0	sha256:b9f80706cc1f29076ee06fe06483697c749148a808c599579045d00a52573938	D	P	196
g1_qk9TNUwG6-JTEkflI5TSCHlbRd3j45i9reiJ7R_3k14	s1_S8AGNBNcWBvWiwIo-AOAHPoHuZo2XvcsYvhgQxGTkrY	1umwMG	python-gnn-puct-scout-v0.1.0	sha256:b9f80706cc1f29076ee06fe06483697c749148a808c599579045d00a52573938	python-gnn-puct-scout-v0.1.0	sha256:b9f80706cc1f29076ee06fe06483697c749148a808c599579045d00a52573938	D	P	196
g1_qkJ-o5yjpqhD6EtmGHX7FIQwRufvTjbNj-fFqRTxBLY	s1_2FtaP75xgRVTNrUvmC0NIesJCNy8IDFJ05WNM4nUnpg	1unQ_m	qadv-arbiter-7x7-v0.1.0	-	lunatic-v0.1.0	-	D	P	196
g1_qkJ-o5yjpqhD6EtmGHX7FIQwRufvTjbNj-fFqRTxBLY	s1_81jnOPG0KC6WWl88_LfugVl-IsJ52eOaMQkHQwGq_MA	1unQ_m	qadv-arbiter-7x7-v0.1.0	-	lunatic-v0.1.0	-	D	P	196
g1_qkJ-o5yjpqhD6EtmGHX7FIQwRufvTjbNj-fFqRTxBLY	s1_RauLaTi4eVgYHSp2TV9pqs9uzTVv0B10g9TaHMWpcZ4	1unQ_m	qadv-arbiter-7x7-v0.1.0	-	lunatic-v0.1.0	-	D	P	-
g1_qkJ-o5yjpqhD6EtmGHX7FIQwRufvTjbNj-fFqRTxBLY	s1_yRJpqRYiuGW501BWs6seBkoR6yNWNHbAP1NZFm3Rl0Q	1unQ_m	qadv-arbiter-7x7-v0.1.0	-	lunatic-v0.1.0	-	D	P	196
g1_qkSMOjl9U9AWQqFCep5IzcurjiuL928weSoQiHubbzw	s1_FwbWCcw7XEijNdXFWJrMuFhAuxAiR7sZhDWfScBCPIo	1unLxq	qadv-arbiter-7x7-rust-lambda-v0.1.0	-	qadv-arbiter-7x7-rust-lambda-v0.1.0	-	L	P	196
g1_qkSMOjl9U9AWQqFCep5IzcurjiuL928weSoQiHubbzw	s1_RauLaTi4eVgYHSp2TV9pqs9uzTVv0B10g9TaHMWpcZ4	1unLxq	qadv-arbiter-7x7-rust-lambda-v0.1.0	-	qadv-arbiter-7x7-rust-lambda-v0.1.0	-	L	P	-
g1_qkSMOjl9U9AWQqFCep5IzcurjiuL928weSoQiHubbzw	s1_XI29uzh3RKXuGbLtqmCqcFQ245w5j1jzW4C9rmtgEd4	1unLxq	qadv-arbiter-7x7-rust-lambda-v0.1.0	-	qadv-arbiter-7x7-rust-lambda-v0.1.0	-	L	P	196
g1_qkSMOjl9U9AWQqFCep5IzcurjiuL928weSoQiHubbzw	s1_woHIlHxydWalTRiRF4mG3pGFTTmuQHHflPdAlIpsiQ0	1unLxq	qadv-arbiter-7x7-rust-lambda-v0.1.0	-	qadv-arbiter-7x7-rust-lambda-v0.1.0	-	L	P	196
g1_qkYl9oN22LY_g94cK8365LxsZSMy8YpsNbn4YnPK10A	s1_1av6nXQkq-GSHXfjkVlGHGpAq8F9UbW4JwZmyFA-vww	1umvHO	surveyor-v0.2.0	-	lunatic-v0.1.0	-	L	P	196
g1_qkYl9oN22LY_g94cK8365LxsZSMy8YpsNbn4YnPK10A	s1_QzXKB60HvV5g6-cJIu-NdpeFb1rCgFAJD1cxfdkoMm0	1umvHO	surveyor-v0.2.0	-	lunatic-v0.1.0	-	L	P	196
g1_qkYl9oN22LY_g94cK8365LxsZSMy8YpsNbn4YnPK10A	s1_mWPTef6xYbijjPhDIC6QgLRmu2mMSJAokNlIkx3vg54	1umvHO	surveyor-v0.2.0	-	lunatic-v0.1.0	-	L	P	196
g1_qkfwWyiAphW2DZSNFdCLe2_ULcwnQvXpXJl5YyP6jzQ	s1_1LB6NAgPOeCp4r8rQw4kUOIXWpEdWysFm5RZjWCQSgc	1umwaK	python-gnn-puct-learner-v0.1.0	sha256:ab0f739cd33d66781faf60e27797c5ccba3c04ba684f8d9e32e9c2754f4e8956	python-gnn-puct-learner-v0.1.0	sha256:ab0f739cd33d66781faf60e27797c5ccba3c04ba684f8d9e32e9c2754f4e8956	L	P	196
g1_qkfwWyiAphW2DZSNFdCLe2_ULcwnQvXpXJl5YyP6jzQ	s1_P4NHYhwuVnEA-dG2X-UVeVotb84A5mwljbYTlTMqr8w	1umwaK	python-gnn-puct-learner-v0.1.0	sha256:ab0f739cd33d66781faf60e27797c5ccba3c04ba684f8d9e32e9c2754f4e8956	python-gnn-puct-learner-v0.1.0	sha256:ab0f739cd33d66781faf60e27797c5ccba3c04ba684f8d9e32e9c2754f4e8956	L	P	196
g1_qknt1ep3w-vMyzhCbXjKPy0qIEmuArYBUG044OQlHoM	s1_3tYg7FxFL_fZqxWE5sczv4WCClC6HqWiA5Xk7BEqeaI	1unMgG	qadv-arbiter-7x7-rust-lambda-v0.1.0	-	qadv-arbiter-7x7-rust-lambda-v0.1.0	-	L	P	196
g1_qknt1ep3w-vMyzhCbXjKPy0qIEmuArYBUG044OQlHoM	s1_JJkQktuJIgAmqfgRAVzvcNrj_c4wrlEDWGyOWPDaDCg	1unMgG	qadv-arbiter-7x7-rust-lambda-v0.1.0	-	qadv-arbiter-7x7-rust-lambda-v0.1.0	-	L	P	196
g1_qknt1ep3w-vMyzhCbXjKPy0qIEmuArYBUG044OQlHoM	s1_RauLaTi4eVgYHSp2TV9pqs9uzTVv0B10g9TaHMWpcZ4	1unMgG	qadv-arbiter-7x7-rust-lambda-v0.1.0	-	qadv-arbiter-7x7-rust-lambda-v0.1.0	-	L	P	-
g1_qknt1ep3w-vMyzhCbXjKPy0qIEmuArYBUG044OQlHoM	s1_YlTw-LaMAufrWehpUcfIalf71Z81LdJ41oiiyrzQnCs	1unMgG	qadv-arbiter-7x7-rust-lambda-v0.1.0	-	qadv-arbiter-7x7-rust-lambda-v0.1.0	-	L	P	196
g1_qkx4E7wJJFd3HxbVbramw5Rlqj4ep93uvUbBBj0KnoM	s1_1iiVyicsrMoaQldOQdlvUo9K_Xhh8rRU8f8tz7i_7FI	1unNKJ	qadv-arbiter-7x7-rust-lambda-v0.1.0	-	qadv-arbiter-7x7-rust-lambda-v0.1.0	-	D	P	196
g1_qkx4E7wJJFd3HxbVbramw5Rlqj4ep93uvUbBBj0KnoM	s1_5hL7QBHpKMT7n4L1Yz8wsP6O8kMuytI9MdF33jwZbYY	1unNKJ	qadv-arbiter-7x7-rust-lambda-v0.1.0	-	qadv-arbiter-7x7-rust-lambda-v0.1.0	-	D	P	196
g1_qkx4E7wJJFd3HxbVbramw5Rlqj4ep93uvUbBBj0KnoM	s1_LXwk8aJe8OU8Us4B8LyYWnywZmxB_cU0fziu5ssHGU8	1unNKJ	qadv-arbiter-7x7-rust-lambda-v0.1.0	-	qadv-arbiter-7x7-rust-lambda-v0.1.0	-	D	P	196
g1_qkx4E7wJJFd3HxbVbramw5Rlqj4ep93uvUbBBj0KnoM	s1_RauLaTi4eVgYHSp2TV9pqs9uzTVv0B10g9TaHMWpcZ4	1unNKJ	qadv-arbiter-7x7-rust-lambda-v0.1.0	-	qadv-arbiter-7x7-rust-lambda-v0.1.0	-	D	P	-
g1_qlKYBHNeA_wxfgkNzq1gQ826cYv6OGNwiD_hfp1MOjo	s1_0O32rNV9JAwqkrv9kdp3Gc70JWto3ojGolYKvAycCf4	1unO7B	qadv-arbiter-7x7-rust-lambda-v0.1.0	-	qadv-arbiter-7x7-rust-lambda-v0.1.0	-	L	P	196
g1_qlKYBHNeA_wxfgkNzq1gQ826cYv6OGNwiD_hfp1MOjo	s1_RauLaTi4eVgYHSp2TV9pqs9uzTVv0B10g9TaHMWpcZ4	1unO7B	qadv-arbiter-7x7-rust-lambda-v0.1.0	-	qadv-arbiter-7x7-rust-lambda-v0.1.0	-	L	P	-
g1_qlKYBHNeA_wxfgkNzq1gQ826cYv6OGNwiD_hfp1MOjo	s1_V21nLqgVGvAqpj15znl3WaM4__CE453dlCZPlD1SKZo	1unO7B	qadv-arbiter-7x7-rust-lambda-v0.1.0	-	qadv-arbiter-7x7-rust-lambda-v0.1.0	-	L	P	196
g1_qlKYBHNeA_wxfgkNzq1gQ826cYv6OGNwiD_hfp1MOjo	s1_spfN9t74YFe1wJ2DB6MkcSaIU2wRHgvueBeI_qVhBPU	1unO7B	qadv-arbiter-7x7-rust-lambda-v0.1.0	-	qadv-arbiter-7x7-rust-lambda-v0.1.0	-	L	P	196
g1_qlaPHdJeRCCxn3eKLjV699vGYzLlsGXNVO8TxCozTFY	s1_RauLaTi4eVgYHSp2TV9pqs9uzTVv0B10g9TaHMWpcZ4	1unM46	qadv-arbiter-7x7-rust-lambda-v0.1.0	-	qadv-arbiter-7x7-rust-lambda-v0.1.0	-	D	P	-
g1_qlaPHdJeRCCxn3eKLjV699vGYzLlsGXNVO8TxCozTFY	s1_UXYD7_dRfIyv0N6Ozn994SJbkzVQZhvaliUS8RkKhtI	1unM46	qadv-arbiter-7x7-rust-lambda-v0.1.0	-	qadv-arbiter-7x7-rust-lambda-v0.1.0	-	D	P	196
g1_qlaPHdJeRCCxn3eKLjV699vGYzLlsGXNVO8TxCozTFY	s1_mVlW7GkZq_sFBDTH9SNgbmWhhvXE5g0Oea_8nLH3_0Q	1unM46	qadv-arbiter-7x7-rust-lambda-v0.1.0	-	qadv-arbiter-7x7-rust-lambda-v0.1.0	-	D	P	196
g1_qlaPHdJeRCCxn3eKLjV699vGYzLlsGXNVO8TxCozTFY	s1_mffp1p3SRa2e6H3oN0WJMHVKbTfdhmOZ6yeXfjFUojg	1unM46	qadv-arbiter-7x7-rust-lambda-v0.1.0	-	qadv-arbiter-7x7-rust-lambda-v0.1.0	-	D	P	196
g1_qlgjP1LcVNKJzJp9GO2_EJ5K4vXP45cRErrDQT6V0Iw	s1_LEpqOkNzxv6GRPomcZ9KKHDValunTvvTlgx1rbk63D8	1umw4-	qadv-arbiter-7x7-v0.1.0	sha256:dd984097af768c46f6abbdba343ea266b9a7ab552164deb62c6b9c13ccacfd68	lunatic-v0.1.0	-	D	P	196
g1_qlgjP1LcVNKJzJp9GO2_EJ5K4vXP45cRErrDQT6V0Iw	s1_LEpqOkNzxv6GRPomcZ9KKHDValunTvvTlgx1rbk63D8	1umw4y	qadv-arbiter-7x7-v0.1.0	sha256:dd984097af768c46f6abbdba343ea266b9a7ab552164deb62c6b9c13ccacfd68	lunatic-v0.1.0	-	D	P	196
g1_qlgwcpHedY7l3BQCyetlbCgUfENFiVg4zi3u6LnfOFU	s1_JAfFU9_Veth8d44MeRKK1C3rMPtYAYGm-ZkpqIB9ozg	1unMaY	qadv-arbiter-7x7-rust-lambda-v0.1.0	-	qadv-arbiter-7x7-rust-lambda-v0.1.0	-	L	P	196
g1_qlgwcpHedY7l3BQCyetlbCgUfENFiVg4zi3u6LnfOFU	s1_RauLaTi4eVgYHSp2TV9pqs9uzTVv0B10g9TaHMWpcZ4	1unMaY	qadv-arbiter-7x7-rust-lambda-v0.1.0	-	qadv-arbiter-7x7-rust-lambda-v0.1.0	-	L	P	-
g1_qlgwcpHedY7l3BQCyetlbCgUfENFiVg4zi3u6LnfOFU	s1_SjIDU-2LNBcmIeKH7lyq-mXz_uaD3KlU0nQ6bLYIDd8	1unMaY	qadv-arbiter-7x7-rust-lambda-v0.1.0	-	qadv-arbiter-7x7-rust-lambda-v0.1.0	-	L	P	196
g1_qlgwcpHedY7l3BQCyetlbCgUfENFiVg4zi3u6LnfOFU	s1_dhl6huxJrCzlU7kDNdd0pzVbtIzvVhNRpb_3ITLWakI	1unMaY	qadv-arbiter-7x7-rust-lambda-v0.1.0	-	qadv-arbiter-7x7-rust-lambda-v0.1.0	-	L	P	196
g1_qlnPzO_OTEBi5h3DR5OaT0xTyzuYESOvYnhPe58jw-M	s1_BBL44NM8HQVst_6F6kDOB64Jm7NHdZ_bhcOV-q6kyGY	1unPTh	qadv-arbiter-7x7-rust-lambda-v0.1.0	-	qadv-arbiter-7x7-rust-lambda-v0.1.0	-	D	P	196
g1_qlnPzO_OTEBi5h3DR5OaT0xTyzuYESOvYnhPe58jw-M	s1_RauLaTi4eVgYHSp2TV9pqs9uzTVv0B10g9TaHMWpcZ4	1unPTh	qadv-arbiter-7x7-rust-lambda-v0.1.0	-	qadv-arbiter-7x7-rust-lambda-v0.1.0	-	D	P	-
g1_qlnPzO_OTEBi5h3DR5OaT0xTyzuYESOvYnhPe58jw-M	s1_RzvbI7EpeoZtSAUVYYDy6KI_EN3jbmdZZx0WM3qzbng	1unPTh	qadv-arbiter-7x7-rust-lambda-v0.1.0	-	qadv-arbiter-7x7-rust-lambda-v0.1.0	-	D	P	196
g1_qlnPzO_OTEBi5h3DR5OaT0xTyzuYESOvYnhPe58jw-M	s1_V2dLjPDE-roh88UKOaKsQMTNz1SYbbjUWYU8fxf9Nqw	1unPTh	qadv-arbiter-7x7-rust-lambda-v0.1.0	-	qadv-arbiter-7x7-rust-lambda-v0.1.0	-	D	P	196
g1_qlofM7fHEw2yG7M5kZufwkwTUxKko3p_wAEHZkZcn8c	s1_C2_cBYVnS63OuubzKZeCoJrH41Cop8GLfa9byWoMA4c	1umvzl	python-gnn-puct-scout-v0.1.0	sha256:b9f80706cc1f29076ee06fe06483697c749148a808c599579045d00a52573938	python-gnn-puct-scout-v0.1.0	sha256:b9f80706cc1f29076ee06fe06483697c749148a808c599579045d00a52573938	D	P	196
g1_qmJqWi3SzD3W2fGjztsQq3nGA6hKnEM0eiduIdb4-cY	s1_WVg7aYYLIrw6_-2mI3jQ-DPcLO4gX2sPEEqWQb0DGQA	1umxMz	python-cnn-puct-reval30k-v0.1.0	sha256:eb2600a53e225a835455efdb2759c40e27c5cb3c16ab0688bc21b99290ed10ee	python-cnn-puct-reval30k-v0.1.0	sha256:eb2600a53e225a835455efdb2759c40e27c5cb3c16ab0688bc21b99290ed10ee	L	P	196
g1_qmLYNBPdcaj-rrlsbLfFe-WAA-QZM-tLSntsuS9qoVE	s1__fmnSv6OnZklVvMPUjPdL6drtvfrJptRYX3nxZQO8jI	1umxxe	python-gnn-puct-scout-v0.1.0	sha256:b9f80706cc1f29076ee06fe06483697c749148a808c599579045d00a52573938	python-gnn-puct-scout-v0.1.0	sha256:b9f80706cc1f29076ee06fe06483697c749148a808c599579045d00a52573938	-	M	196
g1_qmM7QAZpS-X5H3BbkMX6nb90GLx3yHeDRMfR2Q-Ir7w	s1_1av6nXQkq-GSHXfjkVlGHGpAq8F9UbW4JwZmyFA-vww	1DIbP	lunatic-v0.1.0	-	rust-pathfinder-v0.1.0	-	D	P	-
g1_qmM7QAZpS-X5H3BbkMX6nb90GLx3yHeDRMfR2Q-Ir7w	s1_9Eroywf7tuDrn-hcfZPjlEa1DSRUykCRn9Z11u8ySIo	1DIbP	lunatic-v0.1.0	-	rust-pathfinder-v0.1.0	-	D	P	-
g1_qmM7QAZpS-X5H3BbkMX6nb90GLx3yHeDRMfR2Q-Ir7w	s1_Brk0hkuJoH-MBjdd53AO5tlWcOgDWV_R0PO74fHGd_0	1DIbP	lunatic-v0.1.0	-	rust-pathfinder-v0.1.0	-	D	P	-
g1_qmM7QAZpS-X5H3BbkMX6nb90GLx3yHeDRMfR2Q-Ir7w	s1_KmF8KhDbubz6lwdS8R_n_yTGdSONmH9B1wUABbyCj94	1DIbP	lunatic-v0.1.0	-	rust-pathfinder-v0.1.0	-	D	P	-
g1_qmM7QAZpS-X5H3BbkMX6nb90GLx3yHeDRMfR2Q-Ir7w	s1_MKrI0a3Qd48rU7oZj28GrlQ3cHhIbUzS5ibiIW9aKy4	1DIbP	lunatic-v0.1.0	-	rust-pathfinder-v0.1.0	-	D	P	-
g1_qmM7QAZpS-X5H3BbkMX6nb90GLx3yHeDRMfR2Q-Ir7w	s1_XloMUS0hxYEXf762lcPfaudsLmsH-CsOVZNVVU_obcA	1DIbP	lunatic-v0.1.0	-	rust-pathfinder-v0.1.0	-	D	P	-
g1_qmM7QAZpS-X5H3BbkMX6nb90GLx3yHeDRMfR2Q-Ir7w	s1_g5pGkHBMEhzAYvwFY0b24sSc7wC9JfnWApMHHZ_aMPI	1DIbP	lunatic-v0.1.0	-	rust-pathfinder-v0.1.0	-	D	P	-
g1_qmUoJpbKVLv_cDlsh469s7b492x3Aqy1YHPJPNvFSf8	s1_7FIu85-v_e-kbNsQ2UNk3yRt-KGcLyUjpmVwIc9cnfM	1umwG1	python-gnn-puct-scout-v0.1.0	sha256:b9f80706cc1f29076ee06fe06483697c749148a808c599579045d00a52573938	python-gnn-puct-scout-v0.1.0	sha256:b9f80706cc1f29076ee06fe06483697c749148a808c599579045d00a52573938	D	P	196
g1_qmUoJpbKVLv_cDlsh469s7b492x3Aqy1YHPJPNvFSf8	s1_S8AGNBNcWBvWiwIo-AOAHPoHuZo2XvcsYvhgQxGTkrY	1umwG1	python-gnn-puct-scout-v0.1.0	sha256:b9f80706cc1f29076ee06fe06483697c749148a808c599579045d00a52573938	python-gnn-puct-scout-v0.1.0	sha256:b9f80706cc1f29076ee06fe06483697c749148a808c599579045d00a52573938	D	P	196
g1_qmYIsSNAciBU4ifSz35Xw6_I1Dp6c70dMPNsTyRlpRI	s1_2FtaP75xgRVTNrUvmC0NIesJCNy8IDFJ05WNM4nUnpg	1unQob	pathfinder-v0.3.0	-	qadv-arbiter-7x7-v0.1.0	-	L	P	196
g1_qmYIsSNAciBU4ifSz35Xw6_I1Dp6c70dMPNsTyRlpRI	s1_N9XTbDEMUitfPfLMGwNEzyP36YH-LIiYZu2geSgg2DE	1unQob	pathfinder-v0.3.0	-	qadv-arbiter-7x7-v0.1.0	-	L	P	196
g1_qmYIsSNAciBU4ifSz35Xw6_I1Dp6c70dMPNsTyRlpRI	s1_RauLaTi4eVgYHSp2TV9pqs9uzTVv0B10g9TaHMWpcZ4	1unQob	pathfinder-v0.3.0	-	qadv-arbiter-7x7-v0.1.0	-	L	P	-
g1_qmYIsSNAciBU4ifSz35Xw6_I1Dp6c70dMPNsTyRlpRI	s1_yCUCDiJ9y7PBVo7xkJljHCSMSMTIr0bA1H-WjzufvTE	1unQob	pathfinder-v0.3.0	-	qadv-arbiter-7x7-v0.1.0	-	L	P	196
g1_qmhfHFwlzySlsvI2I5ggMUJwfX8hZx-Gby7KJ8yOUWE	s1_L8uzG7G2ytV7KgtOpg2Dll9mi403Pt-923jCNIhaT-I	1unOiV	qadv-arbiter-7x7-rust-lambda-v0.1.0	-	qadv-arbiter-7x7-rust-lambda-v0.1.0	-	D	P	196
g1_qmhfHFwlzySlsvI2I5ggMUJwfX8hZx-Gby7KJ8yOUWE	s1_Pld3oiTGxaHrgSZgTpwBe-ABiHFTGnVXR4VD7InXheE	1unOiV	qadv-arbiter-7x7-rust-lambda-v0.1.0	-	qadv-arbiter-7x7-rust-lambda-v0.1.0	-	D	P	196
g1_qmhfHFwlzySlsvI2I5ggMUJwfX8hZx-Gby7KJ8yOUWE	s1_RauLaTi4eVgYHSp2TV9pqs9uzTVv0B10g9TaHMWpcZ4	1unOiV	qadv-arbiter-7x7-rust-lambda-v0.1.0	-	qadv-arbiter-7x7-rust-lambda-v0.1.0	-	D	P	-
g1_qmhfHFwlzySlsvI2I5ggMUJwfX8hZx-Gby7KJ8yOUWE	s1_mpV5QLyGjeJYi-KWEWEEUdf9TpxH6MLD7NX2ZSBX6Mg	1unOiV	qadv-arbiter-7x7-rust-lambda-v0.1.0	-	qadv-arbiter-7x7-rust-lambda-v0.1.0	-	D	P	196
g1_qmiZ-YyhFJvMahFurbT-OOTOgCP8_lFjnRkZc0qy-PA	s1_1LB6NAgPOeCp4r8rQw4kUOIXWpEdWysFm5RZjWCQSgc	1umwTa	python-gnn-puct-learner-v0.1.0	sha256:ab0f739cd33d66781faf60e27797c5ccba3c04ba684f8d9e32e9c2754f4e8956	python-gnn-puct-learner-v0.1.0	sha256:ab0f739cd33d66781faf60e27797c5ccba3c04ba684f8d9e32e9c2754f4e8956	L	P	196
g1_qmiZ-YyhFJvMahFurbT-OOTOgCP8_lFjnRkZc0qy-PA	s1_P4NHYhwuVnEA-dG2X-UVeVotb84A5mwljbYTlTMqr8w	1umwTa	python-gnn-puct-learner-v0.1.0	sha256:ab0f739cd33d66781faf60e27797c5ccba3c04ba684f8d9e32e9c2754f4e8956	python-gnn-puct-learner-v0.1.0	sha256:ab0f739cd33d66781faf60e27797c5ccba3c04ba684f8d9e32e9c2754f4e8956	L	P	196
g1_qmjNk77ixlsTWIH2-VSPqO3tqVNYch6y1-CuGzmBpR0	s1_G7ft0RwL9zq_ihOM-GVlWnMxavNRD-WyDLK8VDAUPCo	1unPv2	qadv-arbiter-7x7-rust-lambda-v0.1.0	-	qadv-arbiter-7x7-rust-lambda-v0.1.0	-	D	P	196
g1_qmjNk77ixlsTWIH2-VSPqO3tqVNYch6y1-CuGzmBpR0	s1_RauLaTi4eVgYHSp2TV9pqs9uzTVv0B10g9TaHMWpcZ4	1unPv2	qadv-arbiter-7x7-rust-lambda-v0.1.0	-	qadv-arbiter-7x7-rust-lambda-v0.1.0	-	D	P	-
g1_qmjNk77ixlsTWIH2-VSPqO3tqVNYch6y1-CuGzmBpR0	s1_XOQANPB6YV3v64TMBWdBTJXOgR1-BMwM9FAzx0O_EeQ	1unPv2	qadv-arbiter-7x7-rust-lambda-v0.1.0	-	qadv-arbiter-7x7-rust-lambda-v0.1.0	-	D	P	196
g1_qmjNk77ixlsTWIH2-VSPqO3tqVNYch6y1-CuGzmBpR0	s1_a9Vdw4ch0xHv3v2rKVA4XzyPRe-JKbNgMHQ3qH9vfhk	1unPv2	qadv-arbiter-7x7-rust-lambda-v0.1.0	-	qadv-arbiter-7x7-rust-lambda-v0.1.0	-	D	P	196
g1_qmqBr2S9CfYGqGEyyglCsjhNStsGjR8gp_wDqWOPPNA	s1_1av6nXQkq-GSHXfjkVlGHGpAq8F9UbW4JwZmyFA-vww	1DIYc	python-gnn-puct-v0.1.0	sha256:6f9ad6e4a0993da3cf34a8549e86f9b5d512c51e11bfa76dfe051e7a8801bdac	python-gnn-puct-v0.1.0	sha256:6f9ad6e4a0993da3cf34a8549e86f9b5d512c51e11bfa76dfe051e7a8801bdac	L	P	196
g1_qmqBr2S9CfYGqGEyyglCsjhNStsGjR8gp_wDqWOPPNA	s1_Brk0hkuJoH-MBjdd53AO5tlWcOgDWV_R0PO74fHGd_0	1DIYc	python-gnn-puct-v0.1.0	sha256:6f9ad6e4a0993da3cf34a8549e86f9b5d512c51e11bfa76dfe051e7a8801bdac	python-gnn-puct-v0.1.0	sha256:6f9ad6e4a0993da3cf34a8549e86f9b5d512c51e11bfa76dfe051e7a8801bdac	L	P	196
g1_qmqBr2S9CfYGqGEyyglCsjhNStsGjR8gp_wDqWOPPNA	s1_KmF8KhDbubz6lwdS8R_n_yTGdSONmH9B1wUABbyCj94	1DIYc	python-gnn-puct-v0.1.0	sha256:6f9ad6e4a0993da3cf34a8549e86f9b5d512c51e11bfa76dfe051e7a8801bdac	python-gnn-puct-v0.1.0	sha256:6f9ad6e4a0993da3cf34a8549e86f9b5d512c51e11bfa76dfe051e7a8801bdac	L	P	196
g1_qmqBr2S9CfYGqGEyyglCsjhNStsGjR8gp_wDqWOPPNA	s1_g5pGkHBMEhzAYvwFY0b24sSc7wC9JfnWApMHHZ_aMPI	1DIYc	python-gnn-puct-v0.1.0	sha256:6f9ad6e4a0993da3cf34a8549e86f9b5d512c51e11bfa76dfe051e7a8801bdac	python-gnn-puct-v0.1.0	sha256:6f9ad6e4a0993da3cf34a8549e86f9b5d512c51e11bfa76dfe051e7a8801bdac	L	P	196
g1_qmqBr2S9CfYGqGEyyglCsjhNStsGjR8gp_wDqWOPPNA	s1_tol_POp6BcgBLMWq8iDfRBQSAXpESHxFwmcCQYXv0yQ	1DIYc	python-gnn-puct-v0.1.0	sha256:6f9ad6e4a0993da3cf34a8549e86f9b5d512c51e11bfa76dfe051e7a8801bdac	python-gnn-puct-v0.1.0	sha256:6f9ad6e4a0993da3cf34a8549e86f9b5d512c51e11bfa76dfe051e7a8801bdac	L	P	196
g1_qmvPsJNJbUDuWTCVS-04I6ra9tz1v7VbO1r9vw-kpQI	s1_2FtaP75xgRVTNrUvmC0NIesJCNy8IDFJ05WNM4nUnpg	1unR5A	qadv-arbiter-7x7-v0.1.0	-	lunatic-v0.1.0	-	D	P	196
g1_qmvPsJNJbUDuWTCVS-04I6ra9tz1v7VbO1r9vw-kpQI	s1_O_uHBJKrhwmWlTu_mKPB9OGQAkZtIPBAkOGIcTMQrP8	1unR5A	qadv-arbiter-7x7-v0.1.0	-	lunatic-v0.1.0	-	D	P	196
g1_qmvPsJNJbUDuWTCVS-04I6ra9tz1v7VbO1r9vw-kpQI	s1_RauLaTi4eVgYHSp2TV9pqs9uzTVv0B10g9TaHMWpcZ4	1unR5A	qadv-arbiter-7x7-v0.1.0	-	lunatic-v0.1.0	-	D	P	-
g1_qmvPsJNJbUDuWTCVS-04I6ra9tz1v7VbO1r9vw-kpQI	s1_Vj7X0W4nitBz6IzedL-ysY-p27Tg6ucq-OhdDbX_NVE	1unR5A	qadv-arbiter-7x7-v0.1.0	-	lunatic-v0.1.0	-	D	P	196
g1_qmvPsJNJbUDuWTCVS-04I6ra9tz1v7VbO1r9vw-kpQI	s1_aO5jm9W9AL-7rikLP433phZCKzfTV3N8a3uY2kLnJ5o	1unR5A	qadv-arbiter-7x7-v0.1.0	-	lunatic-v0.1.0	-	D	P	196
g1_qmwrHVsDYsI_zpXMHZ4EueBMdk-lzejQfdK8ql8b3Dc	s1_3tIEih6NsMBkpEln_qZfAPD2AEKP3R563g0UMh75zhQ	1unNHD	qadv-arbiter-7x7-rust-lambda-v0.1.0	-	qadv-arbiter-7x7-rust-lambda-v0.1.0	-	L	P	196
g1_qmwrHVsDYsI_zpXMHZ4EueBMdk-lzejQfdK8ql8b3Dc	s1_RauLaTi4eVgYHSp2TV9pqs9uzTVv0B10g9TaHMWpcZ4	1unNHD	qadv-arbiter-7x7-rust-lambda-v0.1.0	-	qadv-arbiter-7x7-rust-lambda-v0.1.0	-	L	P	-
g1_qmwrHVsDYsI_zpXMHZ4EueBMdk-lzejQfdK8ql8b3Dc	s1_cluLk1s0T4F3BhItRwPirpHIj9t_9zuDvpckGXJtzIM	1unNHD	qadv-arbiter-7x7-rust-lambda-v0.1.0	-	qadv-arbiter-7x7-rust-lambda-v0.1.0	-	L	P	196
g1_qmwrHVsDYsI_zpXMHZ4EueBMdk-lzejQfdK8ql8b3Dc	s1_ng-8m_VRzgN2NOw7YQ_QMrhkZFr-Jgi9KAe7zUPr7EA	1unNHD	qadv-arbiter-7x7-rust-lambda-v0.1.0	-	qadv-arbiter-7x7-rust-lambda-v0.1.0	-	L	P	196
g1_qmzJDkiYsvBv4LkMVDZpTT6CmVZVZeTpAZd67ZJtnBo	s1_RauLaTi4eVgYHSp2TV9pqs9uzTVv0B10g9TaHMWpcZ4	1unND7	qadv-arbiter-7x7-rust-lambda-v0.1.0	-	qadv-arbiter-7x7-rust-lambda-v0.1.0	-	L	P	-
g1_qmzJDkiYsvBv4LkMVDZpTT6CmVZVZeTpAZd67ZJtnBo	s1_euVHb09Dt03hI70arP5XmVCwO0mglu618K331Rc1kzY	1unND7	qadv-arbiter-7x7-rust-lambda-v0.1.0	-	qadv-arbiter-7x7-rust-lambda-v0.1.0	-	L	P	196
g1_qmzJDkiYsvBv4LkMVDZpTT6CmVZVZeTpAZd67ZJtnBo	s1_oOlEFSrhxBm05dvUIXiYpE2KyqM6XF0rkfVte7sugmQ	1unND7	qadv-arbiter-7x7-rust-lambda-v0.1.0	-	qadv-arbiter-7x7-rust-lambda-v0.1.0	-	L	P	196
g1_qmzJDkiYsvBv4LkMVDZpTT6CmVZVZeTpAZd67ZJtnBo	s1_yU1yXlLtSRNhvJmCEhVknTDdNq40BGHYqDuGrVfVilI	1unND7	qadv-arbiter-7x7-rust-lambda-v0.1.0	-	qadv-arbiter-7x7-rust-lambda-v0.1.0	-	L	P	196
g1_qn0w6O2tcmPbQJY84UnNfsmSROXm8QiNY9LR-v9kPKc	s1_3O5eaCDSrLXEEUjEF9uaaq7V86RMbdvx7mt4jyAiS-g	1unOoS	qadv-arbiter-7x7-rust-lambda-v0.1.0	-	qadv-arbiter-7x7-rust-lambda-v0.1.0	-	D	P	196
g1_qn0w6O2tcmPbQJY84UnNfsmSROXm8QiNY9LR-v9kPKc	s1_BBNBueWYRJX5eC2rdohqGUNoPdK4rHRSHjVQF8XpElM	1unOoS	qadv-arbiter-7x7-rust-lambda-v0.1.0	-	qadv-arbiter-7x7-rust-lambda-v0.1.0	-	D	P	196
g1_qn0w6O2tcmPbQJY84UnNfsmSROXm8QiNY9LR-v9kPKc	s1_RauLaTi4eVgYHSp2TV9pqs9uzTVv0B10g9TaHMWpcZ4	1unOoS	qadv-arbiter-7x7-rust-lambda-v0.1.0	-	qadv-arbiter-7x7-rust-lambda-v0.1.0	-	D	P	-
g1_qn0w6O2tcmPbQJY84UnNfsmSROXm8QiNY9LR-v9kPKc	s1_k6DfX37EvNhrp4JnLw6x5aGjPqfYUOx7shWlmEMFmYs	1unOoS	qadv-arbiter-7x7-rust-lambda-v0.1.0	-	qadv-arbiter-7x7-rust-lambda-v0.1.0	-	D	P	196
g1_qn7crgDl9CwXnXDXmbUXmpB1oZ9KSGcjCI8_bpFAQ5Q	s1_1LB6NAgPOeCp4r8rQw4kUOIXWpEdWysFm5RZjWCQSgc	1umwaf	python-gnn-puct-learner-v0.1.0	sha256:ab0f739cd33d66781faf60e27797c5ccba3c04ba684f8d9e32e9c2754f4e8956	python-gnn-puct-learner-v0.1.0	sha256:ab0f739cd33d66781faf60e27797c5ccba3c04ba684f8d9e32e9c2754f4e8956	L	P	196
g1_qn7crgDl9CwXnXDXmbUXmpB1oZ9KSGcjCI8_bpFAQ5Q	s1_P4NHYhwuVnEA-dG2X-UVeVotb84A5mwljbYTlTMqr8w	1umwaf	python-gnn-puct-learner-v0.1.0	sha256:ab0f739cd33d66781faf60e27797c5ccba3c04ba684f8d9e32e9c2754f4e8956	python-gnn-puct-learner-v0.1.0	sha256:ab0f739cd33d66781faf60e27797c5ccba3c04ba684f8d9e32e9c2754f4e8956	L	P	196
g1_qnI3yjGLoFpKmNSIy3ZZrJyqVc09VmFL9zUgz22F6aA	s1_1LB6NAgPOeCp4r8rQw4kUOIXWpEdWysFm5RZjWCQSgc	1umwVE	python-gnn-puct-learner-v0.1.0	sha256:ab0f739cd33d66781faf60e27797c5ccba3c04ba684f8d9e32e9c2754f4e8956	python-gnn-puct-learner-v0.1.0	sha256:ab0f739cd33d66781faf60e27797c5ccba3c04ba684f8d9e32e9c2754f4e8956	L	P	196
g1_qnI3yjGLoFpKmNSIy3ZZrJyqVc09VmFL9zUgz22F6aA	s1_P4NHYhwuVnEA-dG2X-UVeVotb84A5mwljbYTlTMqr8w	1umwVE	python-gnn-puct-learner-v0.1.0	sha256:ab0f739cd33d66781faf60e27797c5ccba3c04ba684f8d9e32e9c2754f4e8956	python-gnn-puct-learner-v0.1.0	sha256:ab0f739cd33d66781faf60e27797c5ccba3c04ba684f8d9e32e9c2754f4e8956	L	P	196
g1_qnPJzOzlTQDnA3uvDA-cMwII7ovCBC2xaM1CuV7eVpM	s1_Chwe1oEh1Oy5u_Dx54ccKSvJhzKDXif5uM64BvXoD8U	1unNYe	qadv-arbiter-7x7-rust-lambda-v0.1.0	-	qadv-arbiter-7x7-rust-lambda-v0.1.0	-	D	P	196
g1_qnPJzOzlTQDnA3uvDA-cMwII7ovCBC2xaM1CuV7eVpM	s1_I8jBTbJIDyrlzRCCKGDjullM0fw1lzmXtUMtJGn88dw	1unNYe	qadv-arbiter-7x7-rust-lambda-v0.1.0	-	qadv-arbiter-7x7-rust-lambda-v0.1.0	-	D	P	196
g1_qnPJzOzlTQDnA3uvDA-cMwII7ovCBC2xaM1CuV7eVpM	s1_IS-0mVLwvHEZQAQMmjVDvDTHcdfT2s69OnN-ee3Xm60	1unNYe	qadv-arbiter-7x7-rust-lambda-v0.1.0	-	qadv-arbiter-7x7-rust-lambda-v0.1.0	-	D	P	196
g1_qnPJzOzlTQDnA3uvDA-cMwII7ovCBC2xaM1CuV7eVpM	s1_RauLaTi4eVgYHSp2TV9pqs9uzTVv0B10g9TaHMWpcZ4	1unNYe	qadv-arbiter-7x7-rust-lambda-v0.1.0	-	qadv-arbiter-7x7-rust-lambda-v0.1.0	-	D	P	-
g1_qnnib790g3RKwUrg15iRQ7zzAm-pkWF3I3VurynIkB0	s1_6PxtazPxkizz7K9QTWPSCIopEV5n0zpHoq3F52yO_6U	1umwqm	python-cnn-puct-v0.1.0	sha256:7845e9b7687beee165dc36b8d21833b7a8b5a83e31b58b49bd05c277ba26e642	python-cnn-puct-v0.1.0	sha256:7845e9b7687beee165dc36b8d21833b7a8b5a83e31b58b49bd05c277ba26e642	L	P	196
g1_qnnib790g3RKwUrg15iRQ7zzAm-pkWF3I3VurynIkB0	s1_baRgKA_wMXdl0r4AwdkUfhWC04qxd1MvEGXAQaDd4fo	1umwqm	python-cnn-puct-v0.1.0	sha256:7845e9b7687beee165dc36b8d21833b7a8b5a83e31b58b49bd05c277ba26e642	python-cnn-puct-v0.1.0	sha256:7845e9b7687beee165dc36b8d21833b7a8b5a83e31b58b49bd05c277ba26e642	L	P	196
g1_qnuyB-Unk6FoqHKY9-8wSqPMxcHyM_L8X4pPxNlSuR8	s1_1LB6NAgPOeCp4r8rQw4kUOIXWpEdWysFm5RZjWCQSgc	1umwTY	python-gnn-puct-learner-v0.1.0	sha256:ab0f739cd33d66781faf60e27797c5ccba3c04ba684f8d9e32e9c2754f4e8956	python-gnn-puct-learner-v0.1.0	sha256:ab0f739cd33d66781faf60e27797c5ccba3c04ba684f8d9e32e9c2754f4e8956	L	P	196
g1_qnuyB-Unk6FoqHKY9-8wSqPMxcHyM_L8X4pPxNlSuR8	s1_P4NHYhwuVnEA-dG2X-UVeVotb84A5mwljbYTlTMqr8w	1umwTY	python-gnn-puct-learner-v0.1.0	sha256:ab0f739cd33d66781faf60e27797c5ccba3c04ba684f8d9e32e9c2754f4e8956	python-gnn-puct-learner-v0.1.0	sha256:ab0f739cd33d66781faf60e27797c5ccba3c04ba684f8d9e32e9c2754f4e8956	L	P	196
g1_qnvnSDvKM-uw-USE7E46io4pMUe6MeTzjUzyYd8JhlM	s1_A3WRgc77nXGY06GZZCaxChTwkhsFw4E22IhXhyUWORk	1un2Dw	qadv-arbiter-guided-7x7-v0.2.0	sha256:9c0e5e530df7db77a98f6a2e75fe63a6f629c6ad6563e0b5454793ebc243b14d	pathfinder-v0.3.0	-	D	P	196
g1_qnvnSDvKM-uw-USE7E46io4pMUe6MeTzjUzyYd8JhlM	s1_O3cuwuia8XT9TI7Nxr3tRcajOA20XFHEIT2fYX3WizY	1un2Dw	qadv-arbiter-guided-7x7-v0.2.0	sha256:9c0e5e530df7db77a98f6a2e75fe63a6f629c6ad6563e0b5454793ebc243b14d	pathfinder-v0.3.0	-	D	P	196
g1_qnvnSDvKM-uw-USE7E46io4pMUe6MeTzjUzyYd8JhlM	s1_O4SvAs0bh9GZ516WNj6_O9F4oJqxR87mEnMYPcUrhuk	1un2Dw	qadv-arbiter-guided-7x7-v0.2.0	sha256:9c0e5e530df7db77a98f6a2e75fe63a6f629c6ad6563e0b5454793ebc243b14d	pathfinder-v0.3.0	-	D	P	196
g1_qnybEgLfssCabtZI1ltEWUA1ttWFIpRnwF59sVBAW1I	s1_1av6nXQkq-GSHXfjkVlGHGpAq8F9UbW4JwZmyFA-vww	1umv1z	python-gnn-puct-scout-v0.1.0	sha256:b9f80706cc1f29076ee06fe06483697c749148a808c599579045d00a52573938	python-gnn-puct-scout-v0.1.0	sha256:b9f80706cc1f29076ee06fe06483697c749148a808c599579045d00a52573938	D	P	196
g1_qnybEgLfssCabtZI1ltEWUA1ttWFIpRnwF59sVBAW1I	s1_D_X-fTFZy6xuyGSC5jFyKBW6IP_59Jbomefazf4xu44	1umv1z	python-gnn-puct-scout-v0.1.0	sha256:b9f80706cc1f29076ee06fe06483697c749148a808c599579045d00a52573938	python-gnn-puct-scout-v0.1.0	sha256:b9f80706cc1f29076ee06fe06483697c749148a808c599579045d00a52573938	D	P	196
g1_qnybEgLfssCabtZI1ltEWUA1ttWFIpRnwF59sVBAW1I	s1_mWPTef6xYbijjPhDIC6QgLRmu2mMSJAokNlIkx3vg54	1umv1z	python-gnn-puct-scout-v0.1.0	sha256:b9f80706cc1f29076ee06fe06483697c749148a808c599579045d00a52573938	python-gnn-puct-scout-v0.1.0	sha256:b9f80706cc1f29076ee06fe06483697c749148a808c599579045d00a52573938	D	P	196
g1_qo3SGZQ2RJmtq80SpHYaaNTdiZArK5gteSHZwpnvr1Y	s1_CkH2MH_HgQmTjf3d4e7uyLt2hzwnd8HCdel5eXz8KZ8	1unPHY	qadv-arbiter-7x7-rust-lambda-v0.1.0	-	qadv-arbiter-7x7-rust-lambda-v0.1.0	-	L	P	196
g1_qo3SGZQ2RJmtq80SpHYaaNTdiZArK5gteSHZwpnvr1Y	s1_N9wruZGm-6HevktRnNewui89xFCigb5FggbEP6kcPo4	1unPHY	qadv-arbiter-7x7-rust-lambda-v0.1.0	-	qadv-arbiter-7x7-rust-lambda-v0.1.0	-	L	P	196
g1_qo3SGZQ2RJmtq80SpHYaaNTdiZArK5gteSHZwpnvr1Y	s1_RauLaTi4eVgYHSp2TV9pqs9uzTVv0B10g9TaHMWpcZ4	1unPHY	qadv-arbiter-7x7-rust-lambda-v0.1.0	-	qadv-arbiter-7x7-rust-lambda-v0.1.0	-	L	P	-
g1_qo3SGZQ2RJmtq80SpHYaaNTdiZArK5gteSHZwpnvr1Y	s1_drsihfmAyorCfr4lYF7j4lipMcqP4OV40VpEBd8Pw7A	1unPHY	qadv-arbiter-7x7-rust-lambda-v0.1.0	-	qadv-arbiter-7x7-rust-lambda-v0.1.0	-	L	P	196
g1_qoCLU2hKRThGnBLEbrVGa23ON5B5asvwoIkWGw8T7Ww	s1_1LB6NAgPOeCp4r8rQw4kUOIXWpEdWysFm5RZjWCQSgc	1umwUQ	python-gnn-puct-learner-v0.1.0	sha256:ab0f739cd33d66781faf60e27797c5ccba3c04ba684f8d9e32e9c2754f4e8956	python-gnn-puct-learner-v0.1.0	sha256:ab0f739cd33d66781faf60e27797c5ccba3c04ba684f8d9e32e9c2754f4e8956	D	P	196
g1_qoCLU2hKRThGnBLEbrVGa23ON5B5asvwoIkWGw8T7Ww	s1_P4NHYhwuVnEA-dG2X-UVeVotb84A5mwljbYTlTMqr8w	1umwUQ	python-gnn-puct-learner-v0.1.0	sha256:ab0f739cd33d66781faf60e27797c5ccba3c04ba684f8d9e32e9c2754f4e8956	python-gnn-puct-learner-v0.1.0	sha256:ab0f739cd33d66781faf60e27797c5ccba3c04ba684f8d9e32e9c2754f4e8956	D	P	196
g1_qoDVt-Jxmi4x0VzGiDfhDp7s57X2IRWdH9W_Q7WDZg0	s1_1av6nXQkq-GSHXfjkVlGHGpAq8F9UbW4JwZmyFA-vww	1umvaD	cnn-baseline-7x7	sha256:f4969554372b34d9773382cf5cd8e3f20890ccedfb1e6c685984c6c94fbb6203	gnn-warmstart-7x7	sha256:e000d50619c0241c30efdd1f5adb7a8b738c66859d33c3443c52a20f56fcc13a	-	M	196
g1_qoDVt-Jxmi4x0VzGiDfhDp7s57X2IRWdH9W_Q7WDZg0	s1_dcEgf_s_8JfAgzbYFm9Z15BWrFU6bsc6MzE1gZNvlP4	1umvaD	cnn-baseline-7x7	sha256:f4969554372b34d9773382cf5cd8e3f20890ccedfb1e6c685984c6c94fbb6203	gnn-warmstart-7x7	sha256:e000d50619c0241c30efdd1f5adb7a8b738c66859d33c3443c52a20f56fcc13a	-	M	196
g1_qoDVt-Jxmi4x0VzGiDfhDp7s57X2IRWdH9W_Q7WDZg0	s1_mWPTef6xYbijjPhDIC6QgLRmu2mMSJAokNlIkx3vg54	1umvaD	cnn-baseline-7x7	sha256:f4969554372b34d9773382cf5cd8e3f20890ccedfb1e6c685984c6c94fbb6203	gnn-warmstart-7x7	sha256:e000d50619c0241c30efdd1f5adb7a8b738c66859d33c3443c52a20f56fcc13a	-	M	196
g1_qoEzD2eFgV07EVYGaEJ6WQ5UadaC1-U3fimhsbuhFOs	s1_80Yfr2wwqUNP4GeJVBZ_PiB2FnBALr1h_KFaLlQe3wQ	1unNRk	qadv-arbiter-7x7-rust-lambda-v0.1.0	-	qadv-arbiter-7x7-rust-lambda-v0.1.0	-	L	P	196
g1_qoEzD2eFgV07EVYGaEJ6WQ5UadaC1-U3fimhsbuhFOs	s1_RUlsnC6J2MxH1M7lwv9YDw2p7TsCtY0yw_ypDrSRQcA	1unNRk	qadv-arbiter-7x7-rust-lambda-v0.1.0	-	qadv-arbiter-7x7-rust-lambda-v0.1.0	-	L	P	196
g1_qoEzD2eFgV07EVYGaEJ6WQ5UadaC1-U3fimhsbuhFOs	s1_RauLaTi4eVgYHSp2TV9pqs9uzTVv0B10g9TaHMWpcZ4	1unNRk	qadv-arbiter-7x7-rust-lambda-v0.1.0	-	qadv-arbiter-7x7-rust-lambda-v0.1.0	-	L	P	-
g1_qoEzD2eFgV07EVYGaEJ6WQ5UadaC1-U3fimhsbuhFOs	s1__qKctnusJaLlHNzVk9XlXYXiXksWl9pgMqbrp3G3BdI	1unNRk	qadv-arbiter-7x7-rust-lambda-v0.1.0	-	qadv-arbiter-7x7-rust-lambda-v0.1.0	-	L	P	196
g1_qoNAbqT9PwJVjm7HOOXuiMb7ZvF1a6rmH5BtSchGPho	s1_wXSA2qyeWNG6j7AKysaiWhzl1LZuDwo4rBU3Y3zmcp0	1umwoy	python-cnn-puct-reval30k-v0.1.0	sha256:eb2600a53e225a835455efdb2759c40e27c5cb3c16ab0688bc21b99290ed10ee	python-cnn-puct-reval30k-v0.1.0	sha256:eb2600a53e225a835455efdb2759c40e27c5cb3c16ab0688bc21b99290ed10ee	L	P	196
g1_qoOJ-o4PWVuyNlRY1jAFqZptp7VA4MJ8rP3mgJcc20c	s1_6T0Hzeqwyz3YzF9nO8FzNxKLOciN9U-f_5Guh9jrsmE	1unPyF	qadv-arbiter-7x7-rust-lambda-v0.1.0	-	qadv-arbiter-7x7-rust-lambda-v0.1.0	-	L	P	196
g1_qoOJ-o4PWVuyNlRY1jAFqZptp7VA4MJ8rP3mgJcc20c	s1_RauLaTi4eVgYHSp2TV9pqs9uzTVv0B10g9TaHMWpcZ4	1unPyF	qadv-arbiter-7x7-rust-lambda-v0.1.0	-	qadv-arbiter-7x7-rust-lambda-v0.1.0	-	L	P	-
g1_qoOJ-o4PWVuyNlRY1jAFqZptp7VA4MJ8rP3mgJcc20c	s1_dqn980bDWtHmX-YRD-vg-YC2-lvZMykx4zllvP0xyCA	1unPyF	qadv-arbiter-7x7-rust-lambda-v0.1.0	-	qadv-arbiter-7x7-rust-lambda-v0.1.0	-	L	P	196
g1_qoOJ-o4PWVuyNlRY1jAFqZptp7VA4MJ8rP3mgJcc20c	s1_w8WDfk5MdhvaJWVZzl0NEKmiJZSUY1LK-FovQHxQ1vY	1unPyF	qadv-arbiter-7x7-rust-lambda-v0.1.0	-	qadv-arbiter-7x7-rust-lambda-v0.1.0	-	L	P	196
g1_qoWe9eBk5jeIEC6Jfw6hOcuseZ7RktKG4ljLtkHHnBc	s1_3qCcCZ8lI4AErLsSFseTzSC9Uzm9CCGDjYnHE1vn5HY	1unMeC	qadv-arbiter-7x7-rust-lambda-v0.1.0	-	qadv-arbiter-7x7-rust-lambda-v0.1.0	-	D	P	196
g1_qoWe9eBk5jeIEC6Jfw6hOcuseZ7RktKG4ljLtkHHnBc	s1_AS_rYK7eAXH9O2jxDZxz0jhOhLFZExvHJrzk0CInbpc	1unMeC	qadv-arbiter-7x7-rust-lambda-v0.1.0	-	qadv-arbiter-7x7-rust-lambda-v0.1.0	-	D	P	196
g1_qoWe9eBk5jeIEC6Jfw6hOcuseZ7RktKG4ljLtkHHnBc	s1_RauLaTi4eVgYHSp2TV9pqs9uzTVv0B10g9TaHMWpcZ4	1unMeC	qadv-arbiter-7x7-rust-lambda-v0.1.0	-	qadv-arbiter-7x7-rust-lambda-v0.1.0	-	D	P	-
g1_qoWe9eBk5jeIEC6Jfw6hOcuseZ7RktKG4ljLtkHHnBc	s1_czenyjzGtqHej54MOgOYwP5ZjVa2Qz3b_y7S_gM_7DE	1unMeC	qadv-arbiter-7x7-rust-lambda-v0.1.0	-	qadv-arbiter-7x7-rust-lambda-v0.1.0	-	D	P	196
g1_qoY26vBL9eZ-Kv8Rz7LjahwY5e-vxK6Slg2sBAeon84	s1_B74suismN4_EKqylyke8gZWgGXPd8ccDE8QwrFURQp0	1unLli	qadv-arbiter-7x7-rust-lambda-v0.1.0	-	qadv-arbiter-7x7-rust-lambda-v0.1.0	-	D	P	196
g1_qoY26vBL9eZ-Kv8Rz7LjahwY5e-vxK6Slg2sBAeon84	s1_Ii3KfbQ3Fq1Qd8r3p8sTrHLh4fIKcJwuYcJV-GlcXYc	1unLli	qadv-arbiter-7x7-rust-lambda-v0.1.0	-	qadv-arbiter-7x7-rust-lambda-v0.1.0	-	D	P	196
g1_qoY26vBL9eZ-Kv8Rz7LjahwY5e-vxK6Slg2sBAeon84	s1_RauLaTi4eVgYHSp2TV9pqs9uzTVv0B10g9TaHMWpcZ4	1unLli	qadv-arbiter-7x7-rust-lambda-v0.1.0	-	qadv-arbiter-7x7-rust-lambda-v0.1.0	-	D	P	-
g1_qoY26vBL9eZ-Kv8Rz7LjahwY5e-vxK6Slg2sBAeon84	s1_mXxvpW99ZxOgZJNg4WSTsb7toRQpuqy7EaVCEEUM45U	1unLli	qadv-arbiter-7x7-rust-lambda-v0.1.0	-	qadv-arbiter-7x7-rust-lambda-v0.1.0	-	D	P	196
g1_qokmvyXVZtvzXvzkBD3VRLDRcqOJixJIgxijuVDpmxc	s1_1av6nXQkq-GSHXfjkVlGHGpAq8F9UbW4JwZmyFA-vww	1umv9N	coin-flip-v0.0.1	-	surveyor-v0.2.0	-	D	P	196
g1_qokmvyXVZtvzXvzkBD3VRLDRcqOJixJIgxijuVDpmxc	s1_Brk0hkuJoH-MBjdd53AO5tlWcOgDWV_R0PO74fHGd_0	1umv9N	coin-flip-v0.0.1	-	surveyor-v0.2.0	-	D	P	196
g1_qokmvyXVZtvzXvzkBD3VRLDRcqOJixJIgxijuVDpmxc	s1_QzXKB60HvV5g6-cJIu-NdpeFb1rCgFAJD1cxfdkoMm0	1umv9N	coin-flip-v0.0.1	-	surveyor-v0.2.0	-	D	P	196
g1_qosR-Jk9tupVR_aeeCgNnxy9FZHCrNSleqnEndWhoSU	s1_7FIu85-v_e-kbNsQ2UNk3yRt-KGcLyUjpmVwIc9cnfM	1umwCR	python-gnn-puct-scout-v0.1.0	sha256:b9f80706cc1f29076ee06fe06483697c749148a808c599579045d00a52573938	python-gnn-puct-scout-v0.1.0	sha256:b9f80706cc1f29076ee06fe06483697c749148a808c599579045d00a52573938	L	P	196
g1_qosR-Jk9tupVR_aeeCgNnxy9FZHCrNSleqnEndWhoSU	s1_S8AGNBNcWBvWiwIo-AOAHPoHuZo2XvcsYvhgQxGTkrY	1umwCR	python-gnn-puct-scout-v0.1.0	sha256:b9f80706cc1f29076ee06fe06483697c749148a808c599579045d00a52573938	python-gnn-puct-scout-v0.1.0	sha256:b9f80706cc1f29076ee06fe06483697c749148a808c599579045d00a52573938	L	P	196
g1_qosbHiH2HoieajuHtiwnFuElJJkU7-Uk7cSElIowYoE	s1_flXyOBW6T9LLVDFIvXBGel1MoVNZcUcMFIJnB9yLapU	1umx9-	python-gnn-puct-reval30k-v0.1.0	sha256:6120be86fc469df71473c3de64e5e32f99694cd47d621fa5948f243dc51d3d21	python-gnn-puct-reval30k-v0.1.0	sha256:6120be86fc469df71473c3de64e5e32f99694cd47d621fa5948f243dc51d3d21	D	P	196
g1_qozhkO-EARBbJB82FilBPmbDAyCp3kPekUYIDbLB9oM	s1_1av6nXQkq-GSHXfjkVlGHGpAq8F9UbW4JwZmyFA-vww	1DIWb	python-gnn-puct-v0.1.0	sha256:6f9ad6e4a0993da3cf34a8549e86f9b5d512c51e11bfa76dfe051e7a8801bdac	python-gnn-puct-v0.1.0	sha256:6f9ad6e4a0993da3cf34a8549e86f9b5d512c51e11bfa76dfe051e7a8801bdac	L	P	196
g1_qozhkO-EARBbJB82FilBPmbDAyCp3kPekUYIDbLB9oM	s1_Brk0hkuJoH-MBjdd53AO5tlWcOgDWV_R0PO74fHGd_0	1DIWb	python-gnn-puct-v0.1.0	sha256:6f9ad6e4a0993da3cf34a8549e86f9b5d512c51e11bfa76dfe051e7a8801bdac	python-gnn-puct-v0.1.0	sha256:6f9ad6e4a0993da3cf34a8549e86f9b5d512c51e11bfa76dfe051e7a8801bdac	L	P	196
g1_qozhkO-EARBbJB82FilBPmbDAyCp3kPekUYIDbLB9oM	s1_KmF8KhDbubz6lwdS8R_n_yTGdSONmH9B1wUABbyCj94	1DIWb	python-gnn-puct-v0.1.0	sha256:6f9ad6e4a0993da3cf34a8549e86f9b5d512c51e11bfa76dfe051e7a8801bdac	python-gnn-puct-v0.1.0	sha256:6f9ad6e4a0993da3cf34a8549e86f9b5d512c51e11bfa76dfe051e7a8801bdac	L	P	196
g1_qozhkO-EARBbJB82FilBPmbDAyCp3kPekUYIDbLB9oM	s1_g5pGkHBMEhzAYvwFY0b24sSc7wC9JfnWApMHHZ_aMPI	1DIWb	python-gnn-puct-v0.1.0	sha256:6f9ad6e4a0993da3cf34a8549e86f9b5d512c51e11bfa76dfe051e7a8801bdac	python-gnn-puct-v0.1.0	sha256:6f9ad6e4a0993da3cf34a8549e86f9b5d512c51e11bfa76dfe051e7a8801bdac	L	P	196
g1_qozhkO-EARBbJB82FilBPmbDAyCp3kPekUYIDbLB9oM	s1_tol_POp6BcgBLMWq8iDfRBQSAXpESHxFwmcCQYXv0yQ	1DIWb	python-gnn-puct-v0.1.0	sha256:6f9ad6e4a0993da3cf34a8549e86f9b5d512c51e11bfa76dfe051e7a8801bdac	python-gnn-puct-v0.1.0	sha256:6f9ad6e4a0993da3cf34a8549e86f9b5d512c51e11bfa76dfe051e7a8801bdac	L	P	196
g1_qp-JGoHsmLOpDCe3tYYYtOq1J-84yNvdIDq4rALk42k	s1_1LB6NAgPOeCp4r8rQw4kUOIXWpEdWysFm5RZjWCQSgc	1umwaL	python-gnn-puct-learner-v0.1.0	sha256:ab0f739cd33d66781faf60e27797c5ccba3c04ba684f8d9e32e9c2754f4e8956	python-gnn-puct-learner-v0.1.0	sha256:ab0f739cd33d66781faf60e27797c5ccba3c04ba684f8d9e32e9c2754f4e8956	D	P	196
g1_qp-JGoHsmLOpDCe3tYYYtOq1J-84yNvdIDq4rALk42k	s1_P4NHYhwuVnEA-dG2X-UVeVotb84A5mwljbYTlTMqr8w	1umwaL	python-gnn-puct-learner-v0.1.0	sha256:ab0f739cd33d66781faf60e27797c5ccba3c04ba684f8d9e32e9c2754f4e8956	python-gnn-puct-learner-v0.1.0	sha256:ab0f739cd33d66781faf60e27797c5ccba3c04ba684f8d9e32e9c2754f4e8956	D	P	196
g1_qp3-UhP4eM3LPFjGveH0YHEqetRGI48bUE23SI3OktY	s1_0BUq_IGrS-I_POsPEOg3l9MWUqRy6akYd4Vn5lg9jtk	1unMpN	qadv-arbiter-7x7-rust-lambda-v0.1.0	-	qadv-arbiter-7x7-rust-lambda-v0.1.0	-	D	P	196
g1_qp3-UhP4eM3LPFjGveH0YHEqetRGI48bUE23SI3OktY	s1_1mlT5SmDLIzMNo2CDTY4cNYt73ucK1j2oCPmkfTvlR4	1unMpN	qadv-arbiter-7x7-rust-lambda-v0.1.0	-	qadv-arbiter-7x7-rust-lambda-v0.1.0	-	D	P	196
g1_qp3-UhP4eM3LPFjGveH0YHEqetRGI48bUE23SI3OktY	s1_RauLaTi4eVgYHSp2TV9pqs9uzTVv0B10g9TaHMWpcZ4	1unMpN	qadv-arbiter-7x7-rust-lambda-v0.1.0	-	qadv-arbiter-7x7-rust-lambda-v0.1.0	-	D	P	-
g1_qp3-UhP4eM3LPFjGveH0YHEqetRGI48bUE23SI3OktY	s1_hMvr3tlHng-4ktVrmJiL2RVRlPbbTvhN6psuC4ZsO6A	1unMpN	qadv-arbiter-7x7-rust-lambda-v0.1.0	-	qadv-arbiter-7x7-rust-lambda-v0.1.0	-	D	P	196
g1_qp4eNggcndkD29OenfXFbP-va4I1MGWKN8xq1K42A_M	s1_JBujwSO9prak68qdp6bpE810QxA2MpZ4tA2N9ESC3YU	1unQ29	qadv-arbiter-7x7-rust-lambda-v0.1.0	-	qadv-arbiter-7x7-rust-lambda-v0.1.0	-	D	P	196
g1_qp4eNggcndkD29OenfXFbP-va4I1MGWKN8xq1K42A_M	s1_hikldJK04e7hd86bQp9tBtIjtbmvolBZzkMfl3uiJsA	1unQ29	qadv-arbiter-7x7-rust-lambda-v0.1.0	-	qadv-arbiter-7x7-rust-lambda-v0.1.0	-	D	P	196
g1_qp4eNggcndkD29OenfXFbP-va4I1MGWKN8xq1K42A_M	s1_kQYMoZfs195xErTRcBzFpxyn3MVe9u1MWF4eEYbzEPs	1unQ29	qadv-arbiter-7x7-rust-lambda-v0.1.0	-	qadv-arbiter-7x7-rust-lambda-v0.1.0	-	D	P	196
g1_qp6hGMNW4OgcrgGqwiTLDr-SXsWRj3itr4xae-4VChg	s1_RauLaTi4eVgYHSp2TV9pqs9uzTVv0B10g9TaHMWpcZ4	1unOLS	qadv-arbiter-7x7-rust-lambda-v0.1.0	-	qadv-arbiter-7x7-rust-lambda-v0.1.0	-	D	P	-
g1_qp6hGMNW4OgcrgGqwiTLDr-SXsWRj3itr4xae-4VChg	s1_ja4OISITkzQJvpGUSgB68Y-ThsCeukhb8Oe3Q_pvVxI	1unOLS	qadv-arbiter-7x7-rust-lambda-v0.1.0	-	qadv-arbiter-7x7-rust-lambda-v0.1.0	-	D	P	196
g1_qp6hGMNW4OgcrgGqwiTLDr-SXsWRj3itr4xae-4VChg	s1_uiJLxzSSeA-KRdW93_ZSQsn4SJuEr7JchbRumVfVGs0	1unOLS	qadv-arbiter-7x7-rust-lambda-v0.1.0	-	qadv-arbiter-7x7-rust-lambda-v0.1.0	-	D	P	196
g1_qp6hGMNW4OgcrgGqwiTLDr-SXsWRj3itr4xae-4VChg	s1_xXVw_63WTccIg8-ni29r689KobUCy4bCA3MHFro5nKo	1unOLS	qadv-arbiter-7x7-rust-lambda-v0.1.0	-	qadv-arbiter-7x7-rust-lambda-v0.1.0	-	D	P	196
g1_qpSw2ketUuu8Y0PIrECguxHKYKwSj428oFlzrCRfQz8	s1_7zEQz2R8CtTflGOZlRC6qYUTPdavhbt8HXEtYR6Krgs	1unNuw	qadv-arbiter-7x7-rust-lambda-v0.1.0	-	qadv-arbiter-7x7-rust-lambda-v0.1.0	-	L	P	196
g1_qpSw2ketUuu8Y0PIrECguxHKYKwSj428oFlzrCRfQz8	s1_RauLaTi4eVgYHSp2TV9pqs9uzTVv0B10g9TaHMWpcZ4	1unNuw	qadv-arbiter-7x7-rust-lambda-v0.1.0	-	qadv-arbiter-7x7-rust-lambda-v0.1.0	-	L	P	-
g1_qpSw2ketUuu8Y0PIrECguxHKYKwSj428oFlzrCRfQz8	s1_fZCYVs2rJ5bQ2xsXpbYIr2aIM3FHZCc-UpOUseEyHJE	1unNuw	qadv-arbiter-7x7-rust-lambda-v0.1.0	-	qadv-arbiter-7x7-rust-lambda-v0.1.0	-	L	P	196
g1_qpSw2ketUuu8Y0PIrECguxHKYKwSj428oFlzrCRfQz8	s1_wA58weurrtJvUeHf03V1QpKM4DPIwkrl_MGrSE5qc_M	1unNuw	qadv-arbiter-7x7-rust-lambda-v0.1.0	-	qadv-arbiter-7x7-rust-lambda-v0.1.0	-	L	P	196
g1_qpUQDyb4EX_oC6PtcKOwQeXrOd6BfEja7ggLmTuM3nc	s1_6PxtazPxkizz7K9QTWPSCIopEV5n0zpHoq3F52yO_6U	1umwhE	python-cnn-puct-v0.1.0	sha256:7845e9b7687beee165dc36b8d21833b7a8b5a83e31b58b49bd05c277ba26e642	python-cnn-puct-v0.1.0	sha256:7845e9b7687beee165dc36b8d21833b7a8b5a83e31b58b49bd05c277ba26e642	D	P	196
g1_qpUQDyb4EX_oC6PtcKOwQeXrOd6BfEja7ggLmTuM3nc	s1_baRgKA_wMXdl0r4AwdkUfhWC04qxd1MvEGXAQaDd4fo	1umwhE	python-cnn-puct-v0.1.0	sha256:7845e9b7687beee165dc36b8d21833b7a8b5a83e31b58b49bd05c277ba26e642	python-cnn-puct-v0.1.0	sha256:7845e9b7687beee165dc36b8d21833b7a8b5a83e31b58b49bd05c277ba26e642	D	P	196
g1_qpX53jPHb58iWxvp0Zs6jIeB-x8AXw8unvPw0u7m_xA	s1_RauLaTi4eVgYHSp2TV9pqs9uzTVv0B10g9TaHMWpcZ4	1unPT9	qadv-arbiter-7x7-rust-lambda-v0.1.0	-	qadv-arbiter-7x7-rust-lambda-v0.1.0	-	L	P	-
g1_qpX53jPHb58iWxvp0Zs6jIeB-x8AXw8unvPw0u7m_xA	s1_RzvbI7EpeoZtSAUVYYDy6KI_EN3jbmdZZx0WM3qzbng	1unPT9	qadv-arbiter-7x7-rust-lambda-v0.1.0	-	qadv-arbiter-7x7-rust-lambda-v0.1.0	-	L	P	196
g1_qpX53jPHb58iWxvp0Zs6jIeB-x8AXw8unvPw0u7m_xA	s1_V2dLjPDE-roh88UKOaKsQMTNz1SYbbjUWYU8fxf9Nqw	1unPT9	qadv-arbiter-7x7-rust-lambda-v0.1.0	-	qadv-arbiter-7x7-rust-lambda-v0.1.0	-	L	P	196
g1_qpX53jPHb58iWxvp0Zs6jIeB-x8AXw8unvPw0u7m_xA	s1_bHgLVXPccQgHtdNIrg8Ww-LjYeRuLWTK3T7dJqJcHI8	1unPT9	qadv-arbiter-7x7-rust-lambda-v0.1.0	-	qadv-arbiter-7x7-rust-lambda-v0.1.0	-	L	P	196
g1_qpgPNxkdr1grYpPLruxarFVOyj08fjll7anNLcRF4U0	s1__fmnSv6OnZklVvMPUjPdL6drtvfrJptRYX3nxZQO8jI	1umxuW	python-gnn-puct-scout-v0.1.0	sha256:b9f80706cc1f29076ee06fe06483697c749148a808c599579045d00a52573938	python-gnn-puct-scout-v0.1.0	sha256:b9f80706cc1f29076ee06fe06483697c749148a808c599579045d00a52573938	D	P	196
g1_qpiVa82kKGn4n2Yh1L6z0O1mtEPhycutucsg6En9PNs	s1_flXyOBW6T9LLVDFIvXBGel1MoVNZcUcMFIJnB9yLapU	1umxE2	python-gnn-puct-reval30k-v0.1.0	sha256:6120be86fc469df71473c3de64e5e32f99694cd47d621fa5948f243dc51d3d21	python-gnn-puct-reval30k-v0.1.0	sha256:6120be86fc469df71473c3de64e5e32f99694cd47d621fa5948f243dc51d3d21	L	P	196
g1_qpjd8XFmkZbtm4Jv5OnlP0cVR_xVxda1HTOX6MoXrEM	s1_qtlitMa-GGx-0y2heoyNRonYXf1Dq5epTexnVe9Iqtw	1umxb_	python-gnn-puct-learner-v0.1.0	sha256:ab0f739cd33d66781faf60e27797c5ccba3c04ba684f8d9e32e9c2754f4e8956	python-gnn-puct-learner-v0.1.0	sha256:ab0f739cd33d66781faf60e27797c5ccba3c04ba684f8d9e32e9c2754f4e8956	D	P	196
g1_qpnrWwvnnLjzFCMUFhzdYZM44KSaNdsjdBueyme7SSk	s1_J7waUkUczBtCerU0xP1lCfigArWU8jwrk_y2m4_JNwg	1unMGS	qadv-arbiter-7x7-rust-lambda-v0.1.0	-	qadv-arbiter-7x7-rust-lambda-v0.1.0	-	L	P	196
g1_qpnrWwvnnLjzFCMUFhzdYZM44KSaNdsjdBueyme7SSk	s1_RauLaTi4eVgYHSp2TV9pqs9uzTVv0B10g9TaHMWpcZ4	1unMGS	qadv-arbiter-7x7-rust-lambda-v0.1.0	-	qadv-arbiter-7x7-rust-lambda-v0.1.0	-	L	P	-
g1_qpnrWwvnnLjzFCMUFhzdYZM44KSaNdsjdBueyme7SSk	s1_WoPEm4p8kEvtLZtMt6FxVRReFtHgkDBT_pz4vmguwVQ	1unMGS	qadv-arbiter-7x7-rust-lambda-v0.1.0	-	qadv-arbiter-7x7-rust-lambda-v0.1.0	-	L	P	196
g1_qpnrWwvnnLjzFCMUFhzdYZM44KSaNdsjdBueyme7SSk	s1_eOp5GcAT95zbbFSabG_VUa8FvClpeqk59X4QtMkaevc	1unMGS	qadv-arbiter-7x7-rust-lambda-v0.1.0	-	qadv-arbiter-7x7-rust-lambda-v0.1.0	-	L	P	196
g1_qpvOHSKFWYk3BgDHF9gDT1QkT3guqvNnW92L0SHj-_U	s1_1av6nXQkq-GSHXfjkVlGHGpAq8F9UbW4JwZmyFA-vww	1DIZg	python-gnn-puct-v0.1.0	sha256:6f9ad6e4a0993da3cf34a8549e86f9b5d512c51e11bfa76dfe051e7a8801bdac	python-gnn-puct-v0.1.0	sha256:6f9ad6e4a0993da3cf34a8549e86f9b5d512c51e11bfa76dfe051e7a8801bdac	-	M	196
g1_qpvOHSKFWYk3BgDHF9gDT1QkT3guqvNnW92L0SHj-_U	s1_Brk0hkuJoH-MBjdd53AO5tlWcOgDWV_R0PO74fHGd_0	1DIZg	python-gnn-puct-v0.1.0	sha256:6f9ad6e4a0993da3cf34a8549e86f9b5d512c51e11bfa76dfe051e7a8801bdac	python-gnn-puct-v0.1.0	sha256:6f9ad6e4a0993da3cf34a8549e86f9b5d512c51e11bfa76dfe051e7a8801bdac	-	M	196
g1_qpvOHSKFWYk3BgDHF9gDT1QkT3guqvNnW92L0SHj-_U	s1_KmF8KhDbubz6lwdS8R_n_yTGdSONmH9B1wUABbyCj94	1DIZg	python-gnn-puct-v0.1.0	sha256:6f9ad6e4a0993da3cf34a8549e86f9b5d512c51e11bfa76dfe051e7a8801bdac	python-gnn-puct-v0.1.0	sha256:6f9ad6e4a0993da3cf34a8549e86f9b5d512c51e11bfa76dfe051e7a8801bdac	-	M	196
g1_qpvOHSKFWYk3BgDHF9gDT1QkT3guqvNnW92L0SHj-_U	s1_g5pGkHBMEhzAYvwFY0b24sSc7wC9JfnWApMHHZ_aMPI	1DIZg	python-gnn-puct-v0.1.0	sha256:6f9ad6e4a0993da3cf34a8549e86f9b5d512c51e11bfa76dfe051e7a8801bdac	python-gnn-puct-v0.1.0	sha256:6f9ad6e4a0993da3cf34a8549e86f9b5d512c51e11bfa76dfe051e7a8801bdac	-	M	196
g1_qpvOHSKFWYk3BgDHF9gDT1QkT3guqvNnW92L0SHj-_U	s1_tol_POp6BcgBLMWq8iDfRBQSAXpESHxFwmcCQYXv0yQ	1DIZg	python-gnn-puct-v0.1.0	sha256:6f9ad6e4a0993da3cf34a8549e86f9b5d512c51e11bfa76dfe051e7a8801bdac	python-gnn-puct-v0.1.0	sha256:6f9ad6e4a0993da3cf34a8549e86f9b5d512c51e11bfa76dfe051e7a8801bdac	-	M	196
g1_qpvyPOjHkUgFGS64tlYq9MV161AjVrXnv4xv4eK2dro	s1_1av6nXQkq-GSHXfjkVlGHGpAq8F9UbW4JwZmyFA-vww	1DIhY	rust-pathfinder-v0.1.0	-	lunatic-v0.1.0	-	L	P	-
g1_qpvyPOjHkUgFGS64tlYq9MV161AjVrXnv4xv4eK2dro	s1_9Eroywf7tuDrn-hcfZPjlEa1DSRUykCRn9Z11u8ySIo	1DIhY	rust-pathfinder-v0.1.0	-	lunatic-v0.1.0	-	L	P	-
g1_qpvyPOjHkUgFGS64tlYq9MV161AjVrXnv4xv4eK2dro	s1_Brk0hkuJoH-MBjdd53AO5tlWcOgDWV_R0PO74fHGd_0	1DIhY	rust-pathfinder-v0.1.0	-	lunatic-v0.1.0	-	L	P	-
g1_qpvyPOjHkUgFGS64tlYq9MV161AjVrXnv4xv4eK2dro	s1_KmF8KhDbubz6lwdS8R_n_yTGdSONmH9B1wUABbyCj94	1DIhY	rust-pathfinder-v0.1.0	-	lunatic-v0.1.0	-	L	P	-
g1_qpvyPOjHkUgFGS64tlYq9MV161AjVrXnv4xv4eK2dro	s1_MKrI0a3Qd48rU7oZj28GrlQ3cHhIbUzS5ibiIW9aKy4	1DIhY	rust-pathfinder-v0.1.0	-	lunatic-v0.1.0	-	L	P	-
g1_qpvyPOjHkUgFGS64tlYq9MV161AjVrXnv4xv4eK2dro	s1_XloMUS0hxYEXf762lcPfaudsLmsH-CsOVZNVVU_obcA	1DIhY	rust-pathfinder-v0.1.0	-	lunatic-v0.1.0	-	L	P	-
g1_qpvyPOjHkUgFGS64tlYq9MV161AjVrXnv4xv4eK2dro	s1_g5pGkHBMEhzAYvwFY0b24sSc7wC9JfnWApMHHZ_aMPI	1DIhY	rust-pathfinder-v0.1.0	-	lunatic-v0.1.0	-	L	P	-
g1_qq3K9aYQV4n6zLQ2lnGj1PQ0eFs2yTSgzlLrrA5xXIE	s1_9Ogg0ybaAZxVW51oCKmfce-ECSHC85JcnThpwCXGJlA	1unM4f	qadv-arbiter-7x7-rust-lambda-v0.1.0	-	qadv-arbiter-7x7-rust-lambda-v0.1.0	-	D	P	196
g1_qq3K9aYQV4n6zLQ2lnGj1PQ0eFs2yTSgzlLrrA5xXIE	s1_OYWxj3BT3je1o_RJVWS7cR52JfPO12yFpOXBFKQGiSU	1unM4f	qadv-arbiter-7x7-rust-lambda-v0.1.0	-	qadv-arbiter-7x7-rust-lambda-v0.1.0	-	D	P	196
g1_qq3K9aYQV4n6zLQ2lnGj1PQ0eFs2yTSgzlLrrA5xXIE	s1_RauLaTi4eVgYHSp2TV9pqs9uzTVv0B10g9TaHMWpcZ4	1unM4f	qadv-arbiter-7x7-rust-lambda-v0.1.0	-	qadv-arbiter-7x7-rust-lambda-v0.1.0	-	D	P	-
g1_qq3K9aYQV4n6zLQ2lnGj1PQ0eFs2yTSgzlLrrA5xXIE	s1_lB-CaSstFrJjoSWZfglGUF7RTiUWFKTsxcubENF9s6k	1unM4f	qadv-arbiter-7x7-rust-lambda-v0.1.0	-	qadv-arbiter-7x7-rust-lambda-v0.1.0	-	D	P	196
g1_qq6PkWtsRUVDkxp69S4lF4-AXeq8zW0uBUyyybK0UNg	s1_3e0BOaXHEuu7N2-kn1CENtBcVOQLmax1p4VO2zQV2gQ	1unP1J	qadv-arbiter-7x7-rust-lambda-v0.1.0	-	qadv-arbiter-7x7-rust-lambda-v0.1.0	-	L	P	196
g1_qq6PkWtsRUVDkxp69S4lF4-AXeq8zW0uBUyyybK0UNg	s1_LAwszMs_MIpcKnQrCXpCDPR_i4kIHQ1drgoXKtNzKnM	1unP1J	qadv-arbiter-7x7-rust-lambda-v0.1.0	-	qadv-arbiter-7x7-rust-lambda-v0.1.0	-	L	P	196
g1_qq6PkWtsRUVDkxp69S4lF4-AXeq8zW0uBUyyybK0UNg	s1_RauLaTi4eVgYHSp2TV9pqs9uzTVv0B10g9TaHMWpcZ4	1unP1J	qadv-arbiter-7x7-rust-lambda-v0.1.0	-	qadv-arbiter-7x7-rust-lambda-v0.1.0	-	L	P	-
g1_qq6PkWtsRUVDkxp69S4lF4-AXeq8zW0uBUyyybK0UNg	s1_Wt3g6PhzBktIawjTKfGPl8mYXJ2A_sF2WeN1YaE0NfU	1unP1J	qadv-arbiter-7x7-rust-lambda-v0.1.0	-	qadv-arbiter-7x7-rust-lambda-v0.1.0	-	L	P	196
g1_qqB8sJCM1wSoNBtgkEtnZYSqfjKCLqo4ZLMHg7u5x94	s1_1av6nXQkq-GSHXfjkVlGHGpAq8F9UbW4JwZmyFA-vww	1umvSX	python-gnn-puct-learner-v0.1.0	sha256:ab0f739cd33d66781faf60e27797c5ccba3c04ba684f8d9e32e9c2754f4e8956	python-gnn-puct-learner-v0.1.0	sha256:ab0f739cd33d66781faf60e27797c5ccba3c04ba684f8d9e32e9c2754f4e8956	D	P	196
g1_qqB8sJCM1wSoNBtgkEtnZYSqfjKCLqo4ZLMHg7u5x94	s1_Brk0hkuJoH-MBjdd53AO5tlWcOgDWV_R0PO74fHGd_0	1umvSX	python-gnn-puct-learner-v0.1.0	sha256:ab0f739cd33d66781faf60e27797c5ccba3c04ba684f8d9e32e9c2754f4e8956	python-gnn-puct-learner-v0.1.0	sha256:ab0f739cd33d66781faf60e27797c5ccba3c04ba684f8d9e32e9c2754f4e8956	D	P	196
g1_qqB8sJCM1wSoNBtgkEtnZYSqfjKCLqo4ZLMHg7u5x94	s1_QBFUsDtxokERlDOdQkleYbPvhJ-vIp2qmp6DXjS-7oM	1umvSX	python-gnn-puct-learner-v0.1.0	sha256:ab0f739cd33d66781faf60e27797c5ccba3c04ba684f8d9e32e9c2754f4e8956	python-gnn-puct-learner-v0.1.0	sha256:ab0f739cd33d66781faf60e27797c5ccba3c04ba684f8d9e32e9c2754f4e8956	D	P	196
g1_qq_FIKvEWNr-bbcHUZO-OAIdOwoxUmt6CjGluF8440I	s1_pz791mBLK9gCxlmvM7C8kcD10pikcBIN4FZ0Kf_TgTs	E4HJ2	pathfinder-v0.3.0	-	lunatic-v0.1.0	-	L	P	180
g1_qqbpe2sj79ppsTDJ9BYDUIsymSN30qnBVtSvz_f5VYM	s1_7FIu85-v_e-kbNsQ2UNk3yRt-KGcLyUjpmVwIc9cnfM	1umwDq	python-gnn-puct-scout-v0.1.0	sha256:b9f80706cc1f29076ee06fe06483697c749148a808c599579045d00a52573938	python-gnn-puct-scout-v0.1.0	sha256:b9f80706cc1f29076ee06fe06483697c749148a808c599579045d00a52573938	D	P	196
g1_qqbpe2sj79ppsTDJ9BYDUIsymSN30qnBVtSvz_f5VYM	s1_S8AGNBNcWBvWiwIo-AOAHPoHuZo2XvcsYvhgQxGTkrY	1umwDq	python-gnn-puct-scout-v0.1.0	sha256:b9f80706cc1f29076ee06fe06483697c749148a808c599579045d00a52573938	python-gnn-puct-scout-v0.1.0	sha256:b9f80706cc1f29076ee06fe06483697c749148a808c599579045d00a52573938	D	P	196
g1_qqg_fYNDrwGGawyJI2bhKQo4_2rWjAx1GitycucT6F4	s1_1av6nXQkq-GSHXfjkVlGHGpAq8F9UbW4JwZmyFA-vww	1umv9R	pathfinder-v0.3.0	-	lunatic-v0.1.0	-	L	P	196
g1_qqg_fYNDrwGGawyJI2bhKQo4_2rWjAx1GitycucT6F4	s1_Brk0hkuJoH-MBjdd53AO5tlWcOgDWV_R0PO74fHGd_0	1umv9R	pathfinder-v0.3.0	-	lunatic-v0.1.0	-	L	P	196
g1_qqg_fYNDrwGGawyJI2bhKQo4_2rWjAx1GitycucT6F4	s1_QzXKB60HvV5g6-cJIu-NdpeFb1rCgFAJD1cxfdkoMm0	1umv9R	pathfinder-v0.3.0	-	lunatic-v0.1.0	-	L	P	196
g1_qqy9muS7o6bB8no9ML_7EINR7IH1KkE8mjeT1lMZcg8	s1_7FIu85-v_e-kbNsQ2UNk3yRt-KGcLyUjpmVwIc9cnfM	1umwBA	python-gnn-puct-scout-v0.1.0	sha256:b9f80706cc1f29076ee06fe06483697c749148a808c599579045d00a52573938	python-gnn-puct-scout-v0.1.0	sha256:b9f80706cc1f29076ee06fe06483697c749148a808c599579045d00a52573938	L	P	196
g1_qqy9muS7o6bB8no9ML_7EINR7IH1KkE8mjeT1lMZcg8	s1_S8AGNBNcWBvWiwIo-AOAHPoHuZo2XvcsYvhgQxGTkrY	1umwBA	python-gnn-puct-scout-v0.1.0	sha256:b9f80706cc1f29076ee06fe06483697c749148a808c599579045d00a52573938	python-gnn-puct-scout-v0.1.0	sha256:b9f80706cc1f29076ee06fe06483697c749148a808c599579045d00a52573938	L	P	196
g1_qr1Drg77eAi_9E9ciTSEuv6uQ2OQfutMgRSsDrSo8II	s1_1av6nXQkq-GSHXfjkVlGHGpAq8F9UbW4JwZmyFA-vww	1DIZk	python-gnn-puct-v0.1.0	sha256:6f9ad6e4a0993da3cf34a8549e86f9b5d512c51e11bfa76dfe051e7a8801bdac	python-gnn-puct-v0.1.0	sha256:6f9ad6e4a0993da3cf34a8549e86f9b5d512c51e11bfa76dfe051e7a8801bdac	D	P	196
g1_qr1Drg77eAi_9E9ciTSEuv6uQ2OQfutMgRSsDrSo8II	s1_Brk0hkuJoH-MBjdd53AO5tlWcOgDWV_R0PO74fHGd_0	1DIZk	python-gnn-puct-v0.1.0	sha256:6f9ad6e4a0993da3cf34a8549e86f9b5d512c51e11bfa76dfe051e7a8801bdac	python-gnn-puct-v0.1.0	sha256:6f9ad6e4a0993da3cf34a8549e86f9b5d512c51e11bfa76dfe051e7a8801bdac	D	P	196
g1_qr1Drg77eAi_9E9ciTSEuv6uQ2OQfutMgRSsDrSo8II	s1_KmF8KhDbubz6lwdS8R_n_yTGdSONmH9B1wUABbyCj94	1DIZk	python-gnn-puct-v0.1.0	sha256:6f9ad6e4a0993da3cf34a8549e86f9b5d512c51e11bfa76dfe051e7a8801bdac	python-gnn-puct-v0.1.0	sha256:6f9ad6e4a0993da3cf34a8549e86f9b5d512c51e11bfa76dfe051e7a8801bdac	D	P	196
g1_qr1Drg77eAi_9E9ciTSEuv6uQ2OQfutMgRSsDrSo8II	s1_g5pGkHBMEhzAYvwFY0b24sSc7wC9JfnWApMHHZ_aMPI	1DIZk	python-gnn-puct-v0.1.0	sha256:6f9ad6e4a0993da3cf34a8549e86f9b5d512c51e11bfa76dfe051e7a8801bdac	python-gnn-puct-v0.1.0	sha256:6f9ad6e4a0993da3cf34a8549e86f9b5d512c51e11bfa76dfe051e7a8801bdac	D	P	196
g1_qr1Drg77eAi_9E9ciTSEuv6uQ2OQfutMgRSsDrSo8II	s1_tol_POp6BcgBLMWq8iDfRBQSAXpESHxFwmcCQYXv0yQ	1DIZk	python-gnn-puct-v0.1.0	sha256:6f9ad6e4a0993da3cf34a8549e86f9b5d512c51e11bfa76dfe051e7a8801bdac	python-gnn-puct-v0.1.0	sha256:6f9ad6e4a0993da3cf34a8549e86f9b5d512c51e11bfa76dfe051e7a8801bdac	D	P	196
g1_qr6rIS9NYiSwFGEofyTOuGuQGK-rN1Z6CqcjcKThCNw	s1_1av6nXQkq-GSHXfjkVlGHGpAq8F9UbW4JwZmyFA-vww	1DIZH	lunatic-v0.1.0	-	rust-pathfinder-v0.1.0	-	D	P	-
g1_qr6rIS9NYiSwFGEofyTOuGuQGK-rN1Z6CqcjcKThCNw	s1_9Eroywf7tuDrn-hcfZPjlEa1DSRUykCRn9Z11u8ySIo	1DIZH	lunatic-v0.1.0	-	rust-pathfinder-v0.1.0	-	D	P	-
g1_qr6rIS9NYiSwFGEofyTOuGuQGK-rN1Z6CqcjcKThCNw	s1_Brk0hkuJoH-MBjdd53AO5tlWcOgDWV_R0PO74fHGd_0	1DIZH	lunatic-v0.1.0	-	rust-pathfinder-v0.1.0	-	D	P	-
g1_qr6rIS9NYiSwFGEofyTOuGuQGK-rN1Z6CqcjcKThCNw	s1_KmF8KhDbubz6lwdS8R_n_yTGdSONmH9B1wUABbyCj94	1DIZH	lunatic-v0.1.0	-	rust-pathfinder-v0.1.0	-	D	P	-
g1_qr6rIS9NYiSwFGEofyTOuGuQGK-rN1Z6CqcjcKThCNw	s1_MKrI0a3Qd48rU7oZj28GrlQ3cHhIbUzS5ibiIW9aKy4	1DIZH	lunatic-v0.1.0	-	rust-pathfinder-v0.1.0	-	D	P	-
g1_qr6rIS9NYiSwFGEofyTOuGuQGK-rN1Z6CqcjcKThCNw	s1_XloMUS0hxYEXf762lcPfaudsLmsH-CsOVZNVVU_obcA	1DIZH	lunatic-v0.1.0	-	rust-pathfinder-v0.1.0	-	D	P	-
g1_qr6rIS9NYiSwFGEofyTOuGuQGK-rN1Z6CqcjcKThCNw	s1_g5pGkHBMEhzAYvwFY0b24sSc7wC9JfnWApMHHZ_aMPI	1DIZH	lunatic-v0.1.0	-	rust-pathfinder-v0.1.0	-	D	P	-
g1_qr7QQXKjJVGMERFI6n_dZ0MANsWd7DIiDLzY8EMEAwo	s1_1av6nXQkq-GSHXfjkVlGHGpAq8F9UbW4JwZmyFA-vww	1umvTZ	python-gnn-puct-learner-v0.1.0	sha256:ab0f739cd33d66781faf60e27797c5ccba3c04ba684f8d9e32e9c2754f4e8956	python-gnn-puct-learner-v0.1.0	sha256:ab0f739cd33d66781faf60e27797c5ccba3c04ba684f8d9e32e9c2754f4e8956	-	M	196
g1_qr7QQXKjJVGMERFI6n_dZ0MANsWd7DIiDLzY8EMEAwo	s1_Brk0hkuJoH-MBjdd53AO5tlWcOgDWV_R0PO74fHGd_0	1umvTZ	python-gnn-puct-learner-v0.1.0	sha256:ab0f739cd33d66781faf60e27797c5ccba3c04ba684f8d9e32e9c2754f4e8956	python-gnn-puct-learner-v0.1.0	sha256:ab0f739cd33d66781faf60e27797c5ccba3c04ba684f8d9e32e9c2754f4e8956	-	M	196
g1_qr7QQXKjJVGMERFI6n_dZ0MANsWd7DIiDLzY8EMEAwo	s1_QBFUsDtxokERlDOdQkleYbPvhJ-vIp2qmp6DXjS-7oM	1umvTZ	python-gnn-puct-learner-v0.1.0	sha256:ab0f739cd33d66781faf60e27797c5ccba3c04ba684f8d9e32e9c2754f4e8956	python-gnn-puct-learner-v0.1.0	sha256:ab0f739cd33d66781faf60e27797c5ccba3c04ba684f8d9e32e9c2754f4e8956	-	M	196
g1_qrDfHdQpdtz43YtvPpxK9arv1bsS8PBjIn6fTWhlAGI	s1_GkXw0pWr2I2PqztBxMMRWzArZeuHhsbmTkFIkbgTAMg	1unPAh	qadv-arbiter-7x7-rust-lambda-v0.1.0	-	qadv-arbiter-7x7-rust-lambda-v0.1.0	-	L	P	196
g1_qrDfHdQpdtz43YtvPpxK9arv1bsS8PBjIn6fTWhlAGI	s1_RIxEOga_uU2p7H2dowzck1neZaiHg-ZJlEAarNgm7jg	1unPAh	qadv-arbiter-7x7-rust-lambda-v0.1.0	-	qadv-arbiter-7x7-rust-lambda-v0.1.0	-	L	P	196
g1_qrDfHdQpdtz43YtvPpxK9arv1bsS8PBjIn6fTWhlAGI	s1_RauLaTi4eVgYHSp2TV9pqs9uzTVv0B10g9TaHMWpcZ4	1unPAh	qadv-arbiter-7x7-rust-lambda-v0.1.0	-	qadv-arbiter-7x7-rust-lambda-v0.1.0	-	L	P	-
g1_qrDfHdQpdtz43YtvPpxK9arv1bsS8PBjIn6fTWhlAGI	s1_dhvYKKDKYeI-giP0cWXDTdokERt_hAvS9KN9f_H2cHI	1unPAh	qadv-arbiter-7x7-rust-lambda-v0.1.0	-	qadv-arbiter-7x7-rust-lambda-v0.1.0	-	L	P	196
g1_qrMzjWsKVfCm6SLrmLNn5Eel0YIAlu2ZaxbXvG22LOo	s1_4oGpAkRRjVAUoogD-jI6wI_Yv_0fpeKRHdQxICwrD9E	1unOR-	qadv-arbiter-7x7-rust-lambda-v0.1.0	-	qadv-arbiter-7x7-rust-lambda-v0.1.0	-	L	P	196
g1_qrMzjWsKVfCm6SLrmLNn5Eel0YIAlu2ZaxbXvG22LOo	s1_4tzavy4iMazKfZwbmTs4rFgyqsJazvLIQ3Md0jzfzns	1unOR-	qadv-arbiter-7x7-rust-lambda-v0.1.0	-	qadv-arbiter-7x7-rust-lambda-v0.1.0	-	L	P	196
g1_qrMzjWsKVfCm6SLrmLNn5Eel0YIAlu2ZaxbXvG22LOo	s1_RauLaTi4eVgYHSp2TV9pqs9uzTVv0B10g9TaHMWpcZ4	1unOR-	qadv-arbiter-7x7-rust-lambda-v0.1.0	-	qadv-arbiter-7x7-rust-lambda-v0.1.0	-	L	P	-
g1_qrMzjWsKVfCm6SLrmLNn5Eel0YIAlu2ZaxbXvG22LOo	s1_ycSabJ9jUM2lHbIOiOxQZofV87izMLJcl6A82_KvZhw	1unOR-	qadv-arbiter-7x7-rust-lambda-v0.1.0	-	qadv-arbiter-7x7-rust-lambda-v0.1.0	-	L	P	196
g1_qrNOcHKQztPrfWgvp8991mhrN4V6yQ568XJr0fHwwVA	s1_1iiVyicsrMoaQldOQdlvUo9K_Xhh8rRU8f8tz7i_7FI	1unNJw	qadv-arbiter-7x7-rust-lambda-v0.1.0	-	qadv-arbiter-7x7-rust-lambda-v0.1.0	-	L	P	196
g1_qrNOcHKQztPrfWgvp8991mhrN4V6yQ568XJr0fHwwVA	s1_E5paWw1ghz3XCS-6eEDeKbUFKpGkn8uW-4oaa2OnCiM	1unNJw	qadv-arbiter-7x7-rust-lambda-v0.1.0	-	qadv-arbiter-7x7-rust-lambda-v0.1.0	-	L	P	196
g1_qrNOcHKQztPrfWgvp8991mhrN4V6yQ568XJr0fHwwVA	s1_LXwk8aJe8OU8Us4B8LyYWnywZmxB_cU0fziu5ssHGU8	1unNJw	qadv-arbiter-7x7-rust-lambda-v0.1.0	-	qadv-arbiter-7x7-rust-lambda-v0.1.0	-	L	P	196
g1_qrNOcHKQztPrfWgvp8991mhrN4V6yQ568XJr0fHwwVA	s1_RauLaTi4eVgYHSp2TV9pqs9uzTVv0B10g9TaHMWpcZ4	1unNJw	qadv-arbiter-7x7-rust-lambda-v0.1.0	-	qadv-arbiter-7x7-rust-lambda-v0.1.0	-	L	P	-
g1_qrUqXHhMP9-q3xbCtf_JJZPcYlTqMrXqApTzhegR5jo	s1_RauLaTi4eVgYHSp2TV9pqs9uzTVv0B10g9TaHMWpcZ4	1unLlC	qadv-arbiter-7x7-rust-lambda-v0.1.0	-	qadv-arbiter-7x7-rust-lambda-v0.1.0	-	L	P	-
g1_qrUqXHhMP9-q3xbCtf_JJZPcYlTqMrXqApTzhegR5jo	s1_pqtIl_MoQc8XIju9yrInweU51dYq74tQihQq5Xx0KzQ	1unLlC	qadv-arbiter-7x7-rust-lambda-v0.1.0	-	qadv-arbiter-7x7-rust-lambda-v0.1.0	-	L	P	196
g1_qrUqXHhMP9-q3xbCtf_JJZPcYlTqMrXqApTzhegR5jo	s1_rpotZktE6nxdim-I3u30h77UG8AdDtfXLmsjAB2qOtc	1unLlC	qadv-arbiter-7x7-rust-lambda-v0.1.0	-	qadv-arbiter-7x7-rust-lambda-v0.1.0	-	L	P	196
g1_qrUqXHhMP9-q3xbCtf_JJZPcYlTqMrXqApTzhegR5jo	s1_xKZ_7eiWa6kLj6wE_zhJGVO-bxB8Ew60c_2nMoLsOZ8	1unLlC	qadv-arbiter-7x7-rust-lambda-v0.1.0	-	qadv-arbiter-7x7-rust-lambda-v0.1.0	-	L	P	196
g1_qrXEBReFkj84iPbAxQvGw02xlBEeShR97IHkamP9Lzc	s1_flXyOBW6T9LLVDFIvXBGel1MoVNZcUcMFIJnB9yLapU	1umx39	python-gnn-puct-reval30k-v0.1.0	sha256:6120be86fc469df71473c3de64e5e32f99694cd47d621fa5948f243dc51d3d21	python-gnn-puct-reval30k-v0.1.0	sha256:6120be86fc469df71473c3de64e5e32f99694cd47d621fa5948f243dc51d3d21	L	P	196
g1_qrhZT-3Rn_S7rwE1qLOmo4kPcl0MRheLMUvezZK3S6A	s1_RauLaTi4eVgYHSp2TV9pqs9uzTVv0B10g9TaHMWpcZ4	1unPLq	qadv-arbiter-7x7-rust-lambda-v0.1.0	-	qadv-arbiter-7x7-rust-lambda-v0.1.0	-	L	P	-
g1_qrhZT-3Rn_S7rwE1qLOmo4kPcl0MRheLMUvezZK3S6A	s1_X_qThQCOK6ru8dKffk9xas5zbYbmOtZ1YCmblGQ22XY	1unPLq	qadv-arbiter-7x7-rust-lambda-v0.1.0	-	qadv-arbiter-7x7-rust-lambda-v0.1.0	-	L	P	196
g1_qrhZT-3Rn_S7rwE1qLOmo4kPcl0MRheLMUvezZK3S6A	s1__ji3VDIA204me9D7L5CMx2uSmaOnoKEoiDok9wEUJXs	1unPLq	qadv-arbiter-7x7-rust-lambda-v0.1.0	-	qadv-arbiter-7x7-rust-lambda-v0.1.0	-	L	P	196
g1_qrhZT-3Rn_S7rwE1qLOmo4kPcl0MRheLMUvezZK3S6A	s1_eUObJwqNPrzLfTb6AU09Gfk4BtVKHp4cXR46M-gL_R4	1unPLq	qadv-arbiter-7x7-rust-lambda-v0.1.0	-	qadv-arbiter-7x7-rust-lambda-v0.1.0	-	L	P	196
g1_qrs3WknusQ0SYZrWpsMvGlgdpdcYTrAvvur16kb1qOA	s1_Qmoz3nLvbLcY_1rcqMtpMJDvTQydhL5cxUNWV6EhpMY	1umw_z	qadv-arbiter-7x7-v0.1.0	sha256:8c548d06307572603b839755cc1e50393285365e10f82bcd90290ca65cd86266	qadv-arbiter-7x7-v0.1.0	sha256:8c548d06307572603b839755cc1e50393285365e10f82bcd90290ca65cd86266	L	P	196
g1_qrysyOrgrn8AjTfPFnscVQQ2TvZqSzWaGCLdeIDZmjY	s1_GLW-E0PYcDYXElF_Ibv-XKtzXdYKCySMz7s8bVR3r9o	1un5OT	surveyor-v0.2.0	-	qadv-arbiter-guided-7x7-v0.2.0	sha256:9c0e5e530df7db77a98f6a2e75fe63a6f629c6ad6563e0b5454793ebc243b14d	L	P	196
g1_qrysyOrgrn8AjTfPFnscVQQ2TvZqSzWaGCLdeIDZmjY	s1_O3cuwuia8XT9TI7Nxr3tRcajOA20XFHEIT2fYX3WizY	1un5OT	surveyor-v0.2.0	-	qadv-arbiter-guided-7x7-v0.2.0	sha256:9c0e5e530df7db77a98f6a2e75fe63a6f629c6ad6563e0b5454793ebc243b14d	L	P	196
g1_qrysyOrgrn8AjTfPFnscVQQ2TvZqSzWaGCLdeIDZmjY	s1_g6m_F25QA1x_rKWVwpeYFV6S7hZZaTfg60yuJczFcDc	1un5OT	surveyor-v0.2.0	-	qadv-arbiter-guided-7x7-v0.2.0	sha256:9c0e5e530df7db77a98f6a2e75fe63a6f629c6ad6563e0b5454793ebc243b14d	L	P	196
g1_qs-4Xl_3AHiaoUUSNGNUTqtpIxLV0sDiQUcudwL2LUY	s1_79HZX-dqrgKpxwVzwgQhX0842FoMrPZWVgFhCb_nUJA	1unOcc	qadv-arbiter-7x7-rust-lambda-v0.1.0	-	qadv-arbiter-7x7-rust-lambda-v0.1.0	-	L	P	196
g1_qs-4Xl_3AHiaoUUSNGNUTqtpIxLV0sDiQUcudwL2LUY	s1_RauLaTi4eVgYHSp2TV9pqs9uzTVv0B10g9TaHMWpcZ4	1unOcc	qadv-arbiter-7x7-rust-lambda-v0.1.0	-	qadv-arbiter-7x7-rust-lambda-v0.1.0	-	L	P	-
g1_qs-4Xl_3AHiaoUUSNGNUTqtpIxLV0sDiQUcudwL2LUY	s1_YlGKf27VV99mpFJXUP8O7D49yV_11g8CEU4-ncM7hB8	1unOcc	qadv-arbiter-7x7-rust-lambda-v0.1.0	-	qadv-arbiter-7x7-rust-lambda-v0.1.0	-	L	P	196
g1_qs-4Xl_3AHiaoUUSNGNUTqtpIxLV0sDiQUcudwL2LUY	s1_ueDmagisqD7dh3lY-Ii4wiWNseiBlY7cezD67U61MK0	1unOcc	qadv-arbiter-7x7-rust-lambda-v0.1.0	-	qadv-arbiter-7x7-rust-lambda-v0.1.0	-	L	P	196
g1_qsHOz5rhjveV4dKTJ4mYMrC2He-RUHevqVcTf7E-GkQ	s1__fmnSv6OnZklVvMPUjPdL6drtvfrJptRYX3nxZQO8jI	1umxna	python-gnn-puct-scout-v0.1.0	sha256:b9f80706cc1f29076ee06fe06483697c749148a808c599579045d00a52573938	python-gnn-puct-scout-v0.1.0	sha256:b9f80706cc1f29076ee06fe06483697c749148a808c599579045d00a52573938	D	P	196
g1_qsKYwwrmXCFMTyNY5ngdsl94caFfrBiqOOXKcyNULak	s1_OaVFIJecHNNee4Z0pLVA29yCilj1uquZQkbAMkrSgMc	1unOsj	qadv-arbiter-7x7-rust-lambda-v0.1.0	-	qadv-arbiter-7x7-rust-lambda-v0.1.0	-	D	P	196
g1_qsKYwwrmXCFMTyNY5ngdsl94caFfrBiqOOXKcyNULak	s1_RauLaTi4eVgYHSp2TV9pqs9uzTVv0B10g9TaHMWpcZ4	1unOsj	qadv-arbiter-7x7-rust-lambda-v0.1.0	-	qadv-arbiter-7x7-rust-lambda-v0.1.0	-	D	P	-
g1_qsKYwwrmXCFMTyNY5ngdsl94caFfrBiqOOXKcyNULak	s1_d9BpoLTCgR4eLTmCmzX-QzdqawnD76gxXjJEilik4f4	1unOsj	qadv-arbiter-7x7-rust-lambda-v0.1.0	-	qadv-arbiter-7x7-rust-lambda-v0.1.0	-	D	P	196
g1_qsKYwwrmXCFMTyNY5ngdsl94caFfrBiqOOXKcyNULak	s1_udl-CU6QsrVXKJgYFI1x8Bmklr_hy-bORBgE2AFH7Lo	1unOsj	qadv-arbiter-7x7-rust-lambda-v0.1.0	-	qadv-arbiter-7x7-rust-lambda-v0.1.0	-	D	P	196
g1_qsRxhOO2ZRfARz-BzMlsUUnudSOn4UXjrAlYo_374yw	s1_1av6nXQkq-GSHXfjkVlGHGpAq8F9UbW4JwZmyFA-vww	1umvUh	python-gnn-puct-learner-v0.1.0	sha256:ab0f739cd33d66781faf60e27797c5ccba3c04ba684f8d9e32e9c2754f4e8956	python-gnn-puct-learner-v0.1.0	sha256:ab0f739cd33d66781faf60e27797c5ccba3c04ba684f8d9e32e9c2754f4e8956	-	M	196
g1_qsRxhOO2ZRfARz-BzMlsUUnudSOn4UXjrAlYo_374yw	s1_Brk0hkuJoH-MBjdd53AO5tlWcOgDWV_R0PO74fHGd_0	1umvUh	python-gnn-puct-learner-v0.1.0	sha256:ab0f739cd33d66781faf60e27797c5ccba3c04ba684f8d9e32e9c2754f4e8956	python-gnn-puct-learner-v0.1.0	sha256:ab0f739cd33d66781faf60e27797c5ccba3c04ba684f8d9e32e9c2754f4e8956	-	M	196
g1_qsRxhOO2ZRfARz-BzMlsUUnudSOn4UXjrAlYo_374yw	s1_QBFUsDtxokERlDOdQkleYbPvhJ-vIp2qmp6DXjS-7oM	1umvUh	python-gnn-puct-learner-v0.1.0	sha256:ab0f739cd33d66781faf60e27797c5ccba3c04ba684f8d9e32e9c2754f4e8956	python-gnn-puct-learner-v0.1.0	sha256:ab0f739cd33d66781faf60e27797c5ccba3c04ba684f8d9e32e9c2754f4e8956	-	M	196
g1_qs_HPNbY5ubHSvxfOwKtFsxtrf7DTHj-T5TYvigEJQ8	s1_RauLaTi4eVgYHSp2TV9pqs9uzTVv0B10g9TaHMWpcZ4	1unOtQ	qadv-arbiter-7x7-rust-lambda-v0.1.0	-	qadv-arbiter-7x7-rust-lambda-v0.1.0	-	D	P	-
g1_qs_HPNbY5ubHSvxfOwKtFsxtrf7DTHj-T5TYvigEJQ8	s1_YOll5nKcHuBxGM_JI-17sK6OBAcOy7HPpcxeGXDvGrg	1unOtQ	qadv-arbiter-7x7-rust-lambda-v0.1.0	-	qadv-arbiter-7x7-rust-lambda-v0.1.0	-	D	P	196
g1_qs_HPNbY5ubHSvxfOwKtFsxtrf7DTHj-T5TYvigEJQ8	s1_llmGSKGGynjvfTD7WVqhBFEe4Hr-B08EtdaD0Z4asJo	1unOtQ	qadv-arbiter-7x7-rust-lambda-v0.1.0	-	qadv-arbiter-7x7-rust-lambda-v0.1.0	-	D	P	196
g1_qs_HPNbY5ubHSvxfOwKtFsxtrf7DTHj-T5TYvigEJQ8	s1_xoWEIj1oSl9LF-FqfSpuy6B2EOys3sYsLo_LK9hbJ4w	1unOtQ	qadv-arbiter-7x7-rust-lambda-v0.1.0	-	qadv-arbiter-7x7-rust-lambda-v0.1.0	-	D	P	196
g1_qseLZQoRR62oyCbGpdQcFOE8H_m4NxYhZG-twYEYdFg	s1_3IyHPSH6eHfd1YQ2FIJRloObYmHQ58K_LVrUfmAyRWI	1unP6j	qadv-arbiter-7x7-rust-lambda-v0.1.0	-	qadv-arbiter-7x7-rust-lambda-v0.1.0	-	L	P	196
g1_qseLZQoRR62oyCbGpdQcFOE8H_m4NxYhZG-twYEYdFg	s1_RauLaTi4eVgYHSp2TV9pqs9uzTVv0B10g9TaHMWpcZ4	1unP6j	qadv-arbiter-7x7-rust-lambda-v0.1.0	-	qadv-arbiter-7x7-rust-lambda-v0.1.0	-	L	P	-
g1_qseLZQoRR62oyCbGpdQcFOE8H_m4NxYhZG-twYEYdFg	s1_Wbma3PeALzmKt9xNGpqCENfRsfkERwVBuhCSrEpUZzw	1unP6j	qadv-arbiter-7x7-rust-lambda-v0.1.0	-	qadv-arbiter-7x7-rust-lambda-v0.1.0	-	L	P	196
g1_qseLZQoRR62oyCbGpdQcFOE8H_m4NxYhZG-twYEYdFg	s1_ou1oQtLQerY_rFlTCSSwEjT89zhomLnDXskXj_8O8A4	1unP6j	qadv-arbiter-7x7-rust-lambda-v0.1.0	-	qadv-arbiter-7x7-rust-lambda-v0.1.0	-	L	P	196
g1_qseqvd3j0vvFE3SnwyU2-sHSICYSHhM1lvWrgKB-KhI	s1_AZCzSi4e57Qdt8sXD0s2fl5NqvfCWGL1tJ4mEyjU-YA	1unOYA	qadv-arbiter-7x7-rust-lambda-v0.1.0	-	qadv-arbiter-7x7-rust-lambda-v0.1.0	-	D	P	196
g1_qseqvd3j0vvFE3SnwyU2-sHSICYSHhM1lvWrgKB-KhI	s1_OTQol_KUKS4zpiUGCB3YE_MtRl3A_i1qUw_HRfF8PB8	1unOYA	qadv-arbiter-7x7-rust-lambda-v0.1.0	-	qadv-arbiter-7x7-rust-lambda-v0.1.0	-	D	P	196
g1_qseqvd3j0vvFE3SnwyU2-sHSICYSHhM1lvWrgKB-KhI	s1_RauLaTi4eVgYHSp2TV9pqs9uzTVv0B10g9TaHMWpcZ4	1unOYA	qadv-arbiter-7x7-rust-lambda-v0.1.0	-	qadv-arbiter-7x7-rust-lambda-v0.1.0	-	D	P	-
g1_qseqvd3j0vvFE3SnwyU2-sHSICYSHhM1lvWrgKB-KhI	s1_Ufz9qdvRCxB7N8Pb_jKaxuDqkF3qW5fciwuzVxiStK8	1unOYA	qadv-arbiter-7x7-rust-lambda-v0.1.0	-	qadv-arbiter-7x7-rust-lambda-v0.1.0	-	D	P	196
g1_qsnJzCiHcy3x5PLxb__9PQUooDuWHCye4bqeoI_Roao	s1_2FtaP75xgRVTNrUvmC0NIesJCNy8IDFJ05WNM4nUnpg	1unQ-f	surveyor-v0.2.0	-	qadv-arbiter-7x7-v0.1.0	-	L	P	196
g1_qsnJzCiHcy3x5PLxb__9PQUooDuWHCye4bqeoI_Roao	s1_DkFsEmXYe1KphoYdOPL3a4OI8KZcctVu6BwZkFlUv7Y	1unQ-f	surveyor-v0.2.0	-	qadv-arbiter-7x7-v0.1.0	-	L	P	196
g1_qsnJzCiHcy3x5PLxb__9PQUooDuWHCye4bqeoI_Roao	s1_RauLaTi4eVgYHSp2TV9pqs9uzTVv0B10g9TaHMWpcZ4	1unQ-f	surveyor-v0.2.0	-	qadv-arbiter-7x7-v0.1.0	-	L	P	-
g1_qsnJzCiHcy3x5PLxb__9PQUooDuWHCye4bqeoI_Roao	s1_jollzaqVtG377FcYaAxeHqaYMmSz-F64n6-Q3tIg0Gs	1unQ-f	surveyor-v0.2.0	-	qadv-arbiter-7x7-v0.1.0	-	L	P	196
g1_qso4A0i0aLXEvLLmBiS_V7qzVpNeqcbO89sprx2_Ego	s1_1av6nXQkq-GSHXfjkVlGHGpAq8F9UbW4JwZmyFA-vww	1umv3J	python-gnn-puct-scout-v0.1.0	sha256:b9f80706cc1f29076ee06fe06483697c749148a808c599579045d00a52573938	python-gnn-puct-scout-v0.1.0	sha256:b9f80706cc1f29076ee06fe06483697c749148a808c599579045d00a52573938	-	M	196
g1_qso4A0i0aLXEvLLmBiS_V7qzVpNeqcbO89sprx2_Ego	s1_Brk0hkuJoH-MBjdd53AO5tlWcOgDWV_R0PO74fHGd_0	1umv3J	python-gnn-puct-scout-v0.1.0	sha256:b9f80706cc1f29076ee06fe06483697c749148a808c599579045d00a52573938	python-gnn-puct-scout-v0.1.0	sha256:b9f80706cc1f29076ee06fe06483697c749148a808c599579045d00a52573938	-	M	196
g1_qso4A0i0aLXEvLLmBiS_V7qzVpNeqcbO89sprx2_Ego	s1_D_X-fTFZy6xuyGSC5jFyKBW6IP_59Jbomefazf4xu44	1umv3J	python-gnn-puct-scout-v0.1.0	sha256:b9f80706cc1f29076ee06fe06483697c749148a808c599579045d00a52573938	python-gnn-puct-scout-v0.1.0	sha256:b9f80706cc1f29076ee06fe06483697c749148a808c599579045d00a52573938	-	M	196
g1_qsr-jSDXCP7rNH2MR_gd0c1_IfMkStLEkJhUkY21E-o	s1_1av6nXQkq-GSHXfjkVlGHGpAq8F9UbW4JwZmyFA-vww	1umvQL	python-gnn-puct-learner-v0.1.0	sha256:ab0f739cd33d66781faf60e27797c5ccba3c04ba684f8d9e32e9c2754f4e8956	python-gnn-puct-learner-v0.1.0	sha256:ab0f739cd33d66781faf60e27797c5ccba3c04ba684f8d9e32e9c2754f4e8956	D	P	196
g1_qsr-jSDXCP7rNH2MR_gd0c1_IfMkStLEkJhUkY21E-o	s1_QBFUsDtxokERlDOdQkleYbPvhJ-vIp2qmp6DXjS-7oM	1umvQL	python-gnn-puct-learner-v0.1.0	sha256:ab0f739cd33d66781faf60e27797c5ccba3c04ba684f8d9e32e9c2754f4e8956	python-gnn-puct-learner-v0.1.0	sha256:ab0f739cd33d66781faf60e27797c5ccba3c04ba684f8d9e32e9c2754f4e8956	D	P	196
g1_qsr-jSDXCP7rNH2MR_gd0c1_IfMkStLEkJhUkY21E-o	s1_mWPTef6xYbijjPhDIC6QgLRmu2mMSJAokNlIkx3vg54	1umvQL	python-gnn-puct-learner-v0.1.0	sha256:ab0f739cd33d66781faf60e27797c5ccba3c04ba684f8d9e32e9c2754f4e8956	python-gnn-puct-learner-v0.1.0	sha256:ab0f739cd33d66781faf60e27797c5ccba3c04ba684f8d9e32e9c2754f4e8956	D	P	196
g1_qstXPCtCYQhZk9MyKLKnPtv1fqMZYEaaN2Sa1IJcSoI	s1_5x_RdZuTLxMd08-mkGVWco7XdVS1_is4FpqpCypEG2U	1unOm-	qadv-arbiter-7x7-rust-lambda-v0.1.0	-	qadv-arbiter-7x7-rust-lambda-v0.1.0	-	D	P	196
g1_qstXPCtCYQhZk9MyKLKnPtv1fqMZYEaaN2Sa1IJcSoI	s1_ACKiBrS2d26m2UHPBfw-lA9IAXZ1hvSHcHuKzK7WHCY	1unOm-	qadv-arbiter-7x7-rust-lambda-v0.1.0	-	qadv-arbiter-7x7-rust-lambda-v0.1.0	-	D	P	196
g1_qstXPCtCYQhZk9MyKLKnPtv1fqMZYEaaN2Sa1IJcSoI	s1_RauLaTi4eVgYHSp2TV9pqs9uzTVv0B10g9TaHMWpcZ4	1unOm-	qadv-arbiter-7x7-rust-lambda-v0.1.0	-	qadv-arbiter-7x7-rust-lambda-v0.1.0	-	D	P	-
g1_qstXPCtCYQhZk9MyKLKnPtv1fqMZYEaaN2Sa1IJcSoI	s1_oJ1Zu4VvEWMbfG1ka-tkFbNfhmhH8uNt6dY1CfhJZcc	1unOm-	qadv-arbiter-7x7-rust-lambda-v0.1.0	-	qadv-arbiter-7x7-rust-lambda-v0.1.0	-	D	P	196
g1_qsvBhKGD5l3c8zU5Sf9KnJ-uf43PN1XPw5ZSOWKG72M	s1_1av6nXQkq-GSHXfjkVlGHGpAq8F9UbW4JwZmyFA-vww	1Erd9	surveyor-v0.2.0	-	gnn-warmstart-7x7	sha256:a31a1dbcc42e9d971fb6f89db189370c0b718a2aad485168c88572a8d7015cf7	L	P	196
g1_qsvBhKGD5l3c8zU5Sf9KnJ-uf43PN1XPw5ZSOWKG72M	s1_Brk0hkuJoH-MBjdd53AO5tlWcOgDWV_R0PO74fHGd_0	1Erd9	surveyor-v0.2.0	-	gnn-warmstart-7x7	sha256:a31a1dbcc42e9d971fb6f89db189370c0b718a2aad485168c88572a8d7015cf7	L	P	196
g1_qsvBhKGD5l3c8zU5Sf9KnJ-uf43PN1XPw5ZSOWKG72M	s1_ey0X9h1GlZ80KZNtd0_1PnIwLX-7eb1fQjiCa9wrhUM	1FEHJ	surveyor-v0.2.0	-	gnn-warmstart-7x7	sha256:a31a1dbcc42e9d971fb6f89db189370c0b718a2aad485168c88572a8d7015cf7	L	P	196
g1_qsvBhKGD5l3c8zU5Sf9KnJ-uf43PN1XPw5ZSOWKG72M	s1_ey0X9h1GlZ80KZNtd0_1PnIwLX-7eb1fQjiCa9wrhUM	1FEHL	surveyor-v0.2.0	-	gnn-warmstart-7x7	sha256:a31a1dbcc42e9d971fb6f89db189370c0b718a2aad485168c88572a8d7015cf7	L	P	196
g1_qsvBhKGD5l3c8zU5Sf9KnJ-uf43PN1XPw5ZSOWKG72M	s1_gPoZ5rByZErTaB0WLQoU6LVl6WlfprkiDFHagxLzf2Q	1Erd9	surveyor-v0.2.0	-	gnn-warmstart-7x7	sha256:a31a1dbcc42e9d971fb6f89db189370c0b718a2aad485168c88572a8d7015cf7	L	P	196
g1_qsvBhKGD5l3c8zU5Sf9KnJ-uf43PN1XPw5ZSOWKG72M	s1_gPoZ5rByZErTaB0WLQoU6LVl6WlfprkiDFHagxLzf2Q	1ErdB	surveyor-v0.2.0	-	gnn-warmstart-7x7	sha256:a31a1dbcc42e9d971fb6f89db189370c0b718a2aad485168c88572a8d7015cf7	L	P	196
g1_qt4ZuiUmU9-A5VrCSXkDPPfa8lzelQEr4Q9_B7UxEO8	s1_9p9DN7XV75WXOLHhVKnUUAzmNFOoDMJdRBLt0zIG3so	1unOi2	qadv-arbiter-7x7-rust-lambda-v0.1.0	-	qadv-arbiter-7x7-rust-lambda-v0.1.0	-	D	P	196
g1_qt4ZuiUmU9-A5VrCSXkDPPfa8lzelQEr4Q9_B7UxEO8	s1_EsE50dyC9X1vWmjyXWOgq_k4wpvaOTRocyNHvKgC4ew	1unOi2	qadv-arbiter-7x7-rust-lambda-v0.1.0	-	qadv-arbiter-7x7-rust-lambda-v0.1.0	-	D	P	196
g1_qt4ZuiUmU9-A5VrCSXkDPPfa8lzelQEr4Q9_B7UxEO8	s1_K0hsuYFdzkLgkEbAXCuD6hyDsaoph2JW8xi0Bi3kKiY	1unOi2	qadv-arbiter-7x7-rust-lambda-v0.1.0	-	qadv-arbiter-7x7-rust-lambda-v0.1.0	-	D	P	196
g1_qt4ZuiUmU9-A5VrCSXkDPPfa8lzelQEr4Q9_B7UxEO8	s1_RauLaTi4eVgYHSp2TV9pqs9uzTVv0B10g9TaHMWpcZ4	1unOi2	qadv-arbiter-7x7-rust-lambda-v0.1.0	-	qadv-arbiter-7x7-rust-lambda-v0.1.0	-	D	P	-
g1_qt6I3abc7doin4ywEtCqgctRRtkP7C4MK36AuazCF6s	s1_2FtaP75xgRVTNrUvmC0NIesJCNy8IDFJ05WNM4nUnpg	1unQg4	qadv-arbiter-7x7-v0.1.0	-	pathfinder-v0.3.0	-	D	P	196
g1_qt6I3abc7doin4ywEtCqgctRRtkP7C4MK36AuazCF6s	s1_RauLaTi4eVgYHSp2TV9pqs9uzTVv0B10g9TaHMWpcZ4	1unQg4	qadv-arbiter-7x7-v0.1.0	-	pathfinder-v0.3.0	-	D	P	-
g1_qt6I3abc7doin4ywEtCqgctRRtkP7C4MK36AuazCF6s	s1_aZfPBIxgJ5uYN7e0_FDKRHW6TqkrhOWX8tT7d1b945k	1unQg4	qadv-arbiter-7x7-v0.1.0	-	pathfinder-v0.3.0	-	D	P	196
g1_qt6I3abc7doin4ywEtCqgctRRtkP7C4MK36AuazCF6s	s1_gO1e5aMgdacFgfB2FWPYU2PLTAViCSFlu2xJsprYwtU	1unQg4	qadv-arbiter-7x7-v0.1.0	-	pathfinder-v0.3.0	-	D	P	196
g1_qtAVpXZarZBtaXUcsQHt0pj8-QaSPmDC0R_idLYom4E	s1_6PxtazPxkizz7K9QTWPSCIopEV5n0zpHoq3F52yO_6U	1umwjj	python-cnn-puct-v0.1.0	sha256:7845e9b7687beee165dc36b8d21833b7a8b5a83e31b58b49bd05c277ba26e642	python-cnn-puct-v0.1.0	sha256:7845e9b7687beee165dc36b8d21833b7a8b5a83e31b58b49bd05c277ba26e642	L	P	196
g1_qtAVpXZarZBtaXUcsQHt0pj8-QaSPmDC0R_idLYom4E	s1_baRgKA_wMXdl0r4AwdkUfhWC04qxd1MvEGXAQaDd4fo	1umwjj	python-cnn-puct-v0.1.0	sha256:7845e9b7687beee165dc36b8d21833b7a8b5a83e31b58b49bd05c277ba26e642	python-cnn-puct-v0.1.0	sha256:7845e9b7687beee165dc36b8d21833b7a8b5a83e31b58b49bd05c277ba26e642	L	P	196
g1_qtIa_FHyDTknib2-qBKSKkR_5MxpwDibX5RoWvHX4Ac	s1_73Vhz8xENr1q0hrsS7x1ZD9jEokZwszR8T9BjCdwcrE	1unMZG	qadv-arbiter-7x7-rust-lambda-v0.1.0	-	qadv-arbiter-7x7-rust-lambda-v0.1.0	-	D	P	196
g1_qtIa_FHyDTknib2-qBKSKkR_5MxpwDibX5RoWvHX4Ac	s1_OYiw6QaqhVHiVZ45OEdCrJE6TDCi7sbrExvWydqE6v4	1unMZG	qadv-arbiter-7x7-rust-lambda-v0.1.0	-	qadv-arbiter-7x7-rust-lambda-v0.1.0	-	D	P	196
g1_qtIa_FHyDTknib2-qBKSKkR_5MxpwDibX5RoWvHX4Ac	s1_RauLaTi4eVgYHSp2TV9pqs9uzTVv0B10g9TaHMWpcZ4	1unMZG	qadv-arbiter-7x7-rust-lambda-v0.1.0	-	qadv-arbiter-7x7-rust-lambda-v0.1.0	-	D	P	-
g1_qtIa_FHyDTknib2-qBKSKkR_5MxpwDibX5RoWvHX4Ac	s1_vd-ZaUMyxK60jsLrm6ZRc8hcRNfX0WT25SXmY8sjC9c	1unMZG	qadv-arbiter-7x7-rust-lambda-v0.1.0	-	qadv-arbiter-7x7-rust-lambda-v0.1.0	-	D	P	196
g1_qtOkcb59JPkIwwCqy6hR1zttXeslYspCmGrztIKkQcE	s1_1av6nXQkq-GSHXfjkVlGHGpAq8F9UbW4JwZmyFA-vww	1umvD7	python-gnn-puct-scout-v0.1.0	sha256:b9f80706cc1f29076ee06fe06483697c749148a808c599579045d00a52573938	python-gnn-puct-scout-v0.1.0	sha256:b9f80706cc1f29076ee06fe06483697c749148a808c599579045d00a52573938	-	M	196
g1_qtOkcb59JPkIwwCqy6hR1zttXeslYspCmGrztIKkQcE	s1_Brk0hkuJoH-MBjdd53AO5tlWcOgDWV_R0PO74fHGd_0	1umvD7	python-gnn-puct-scout-v0.1.0	sha256:b9f80706cc1f29076ee06fe06483697c749148a808c599579045d00a52573938	python-gnn-puct-scout-v0.1.0	sha256:b9f80706cc1f29076ee06fe06483697c749148a808c599579045d00a52573938	-	M	196
g1_qtOkcb59JPkIwwCqy6hR1zttXeslYspCmGrztIKkQcE	s1_D_X-fTFZy6xuyGSC5jFyKBW6IP_59Jbomefazf4xu44	1umvD7	python-gnn-puct-scout-v0.1.0	sha256:b9f80706cc1f29076ee06fe06483697c749148a808c599579045d00a52573938	python-gnn-puct-scout-v0.1.0	sha256:b9f80706cc1f29076ee06fe06483697c749148a808c599579045d00a52573938	-	M	196
g1_qtQhrDU72gUnADx-ZgRqkzQ1Dfa375UP5ZVfOOWnSX8	s1_qtlitMa-GGx-0y2heoyNRonYXf1Dq5epTexnVe9Iqtw	1umxZP	python-gnn-puct-learner-v0.1.0	sha256:ab0f739cd33d66781faf60e27797c5ccba3c04ba684f8d9e32e9c2754f4e8956	python-gnn-puct-learner-v0.1.0	sha256:ab0f739cd33d66781faf60e27797c5ccba3c04ba684f8d9e32e9c2754f4e8956	D	P	196
g1_qth4Z77i2No8ifucXRX7fdCZ-WguI2Rd3ECe7GXKag0	s1_1av6nXQkq-GSHXfjkVlGHGpAq8F9UbW4JwZmyFA-vww	1umvB9	coin-flip-v0.0.1	-	pathfinder-v0.3.0	-	D	P	196
g1_qth4Z77i2No8ifucXRX7fdCZ-WguI2Rd3ECe7GXKag0	s1_Brk0hkuJoH-MBjdd53AO5tlWcOgDWV_R0PO74fHGd_0	1umvB9	coin-flip-v0.0.1	-	pathfinder-v0.3.0	-	D	P	196
g1_qth4Z77i2No8ifucXRX7fdCZ-WguI2Rd3ECe7GXKag0	s1_QzXKB60HvV5g6-cJIu-NdpeFb1rCgFAJD1cxfdkoMm0	1umvB9	coin-flip-v0.0.1	-	pathfinder-v0.3.0	-	D	P	196
g1_qts3-jONIHRQ38TzD-smyrUmnRosWIwVFDfEOHTqHA4	s1_RauLaTi4eVgYHSp2TV9pqs9uzTVv0B10g9TaHMWpcZ4	1unMUr	qadv-arbiter-7x7-rust-lambda-v0.1.0	-	qadv-arbiter-7x7-rust-lambda-v0.1.0	-	L	P	-
g1_qts3-jONIHRQ38TzD-smyrUmnRosWIwVFDfEOHTqHA4	s1_Y1vq4hMihLt-8fwCJ49gjDAjd6AIWwYj5HmzPjj6BJg	1unMUr	qadv-arbiter-7x7-rust-lambda-v0.1.0	-	qadv-arbiter-7x7-rust-lambda-v0.1.0	-	L	P	196
g1_qts3-jONIHRQ38TzD-smyrUmnRosWIwVFDfEOHTqHA4	s1_liiEXms7Iumu4ZjDCN6pC5dbfOoFUpQfOgUHSOziHcs	1unMUr	qadv-arbiter-7x7-rust-lambda-v0.1.0	-	qadv-arbiter-7x7-rust-lambda-v0.1.0	-	L	P	196
g1_qts3-jONIHRQ38TzD-smyrUmnRosWIwVFDfEOHTqHA4	s1_yeQWFfNv7KyKQdoGCX6LvQ_g5qrZPVvQOLe6VT8wSq0	1unMUr	qadv-arbiter-7x7-rust-lambda-v0.1.0	-	qadv-arbiter-7x7-rust-lambda-v0.1.0	-	L	P	196
g1_qtvB-GnbL4rJ6rlOIK6__KYIsq4zeqO0pa1iiXWC--M	s1_GzqmSg9b7YKQdCPj1BTPfs4953g9HffkeuIhZPhqZew	1unMAf	qadv-arbiter-7x7-rust-lambda-v0.1.0	-	qadv-arbiter-7x7-rust-lambda-v0.1.0	-	L	P	196
g1_qtvB-GnbL4rJ6rlOIK6__KYIsq4zeqO0pa1iiXWC--M	s1_RauLaTi4eVgYHSp2TV9pqs9uzTVv0B10g9TaHMWpcZ4	1unMAf	qadv-arbiter-7x7-rust-lambda-v0.1.0	-	qadv-arbiter-7x7-rust-lambda-v0.1.0	-	L	P	-
g1_qtvB-GnbL4rJ6rlOIK6__KYIsq4zeqO0pa1iiXWC--M	s1_xVBB7zjaABZ2cWtjLLqrFuzBAMFLpdzzHKgItzuxhS4	1unMAf	qadv-arbiter-7x7-rust-lambda-v0.1.0	-	qadv-arbiter-7x7-rust-lambda-v0.1.0	-	L	P	196
g1_qtvB-GnbL4rJ6rlOIK6__KYIsq4zeqO0pa1iiXWC--M	s1_yRg7FjlvHHP--NrouCrrn27lrYfPGjkrE7KQl9ZJgDk	1unMAf	qadv-arbiter-7x7-rust-lambda-v0.1.0	-	qadv-arbiter-7x7-rust-lambda-v0.1.0	-	L	P	196
g1_qu05sds049iJw8tzkrwCKaWOrZq614paSKVyj5B9DUc	s1_RauLaTi4eVgYHSp2TV9pqs9uzTVv0B10g9TaHMWpcZ4	1unNlX	qadv-arbiter-7x7-rust-lambda-v0.1.0	-	qadv-arbiter-7x7-rust-lambda-v0.1.0	-	D	P	-
g1_qu05sds049iJw8tzkrwCKaWOrZq614paSKVyj5B9DUc	s1_WLEKrtIApLTjKOay9vGPCefWFjoSEdwMTNDbtXcygoA	1unNlX	qadv-arbiter-7x7-rust-lambda-v0.1.0	-	qadv-arbiter-7x7-rust-lambda-v0.1.0	-	D	P	196
g1_qu05sds049iJw8tzkrwCKaWOrZq614paSKVyj5B9DUc	s1__1-bEziyneFz3r9CfWt86OmEIkdEyFhDxcu6i69bogg	1unNlX	qadv-arbiter-7x7-rust-lambda-v0.1.0	-	qadv-arbiter-7x7-rust-lambda-v0.1.0	-	D	P	196
g1_qu05sds049iJw8tzkrwCKaWOrZq614paSKVyj5B9DUc	s1_t4zY2jb0FbbI3Qdz2_6aq6RE5hqLyQZ-anucQ-UrbO4	1unNlX	qadv-arbiter-7x7-rust-lambda-v0.1.0	-	qadv-arbiter-7x7-rust-lambda-v0.1.0	-	D	P	196
g1_qu08RcVGSlQbE4P57zB_JVa6dU8I9GfCY5qZUxJodV4	s1__fmnSv6OnZklVvMPUjPdL6drtvfrJptRYX3nxZQO8jI	1umxvK	python-gnn-puct-scout-v0.1.0	sha256:b9f80706cc1f29076ee06fe06483697c749148a808c599579045d00a52573938	python-gnn-puct-scout-v0.1.0	sha256:b9f80706cc1f29076ee06fe06483697c749148a808c599579045d00a52573938	D	P	196
g1_qu261NDAwN3VIqD61TNMJ5y6YwI65WqPoM8-BMBRQsw	s1_6sYfD79f6ZMZS396VMDJRHxExjBogJTvYwqm2K_ei_Y	1unMnV	qadv-arbiter-7x7-rust-lambda-v0.1.0	-	qadv-arbiter-7x7-rust-lambda-v0.1.0	-	L	P	196
g1_qu261NDAwN3VIqD61TNMJ5y6YwI65WqPoM8-BMBRQsw	s1_FgeDTUJ7Ns6fEKdJ6oldtolP7LJgFQPDFBTVJgVfvnw	1unMnV	qadv-arbiter-7x7-rust-lambda-v0.1.0	-	qadv-arbiter-7x7-rust-lambda-v0.1.0	-	L	P	196
g1_qu261NDAwN3VIqD61TNMJ5y6YwI65WqPoM8-BMBRQsw	s1_RauLaTi4eVgYHSp2TV9pqs9uzTVv0B10g9TaHMWpcZ4	1unMnV	qadv-arbiter-7x7-rust-lambda-v0.1.0	-	qadv-arbiter-7x7-rust-lambda-v0.1.0	-	L	P	-
g1_qu261NDAwN3VIqD61TNMJ5y6YwI65WqPoM8-BMBRQsw	s1_V5GSc8N-HANnM22obdE8FtS8x-14bf8ElD4cLPVTgEk	1unMnV	qadv-arbiter-7x7-rust-lambda-v0.1.0	-	qadv-arbiter-7x7-rust-lambda-v0.1.0	-	L	P	196
g1_qu2VDR7HX_-fcmOCGZqIVaoOsiAA3xARSdmdW7_sbGY	s1_qtlitMa-GGx-0y2heoyNRonYXf1Dq5epTexnVe9Iqtw	1umxci	python-gnn-puct-learner-v0.1.0	sha256:ab0f739cd33d66781faf60e27797c5ccba3c04ba684f8d9e32e9c2754f4e8956	python-gnn-puct-learner-v0.1.0	sha256:ab0f739cd33d66781faf60e27797c5ccba3c04ba684f8d9e32e9c2754f4e8956	D	P	196
g1_qu2_LJjuWIMM4AFz3N9EgL06473qYaWY4cUUvzqY63k	s1_FTu4oXM85BozwXqOuk2dGioXW5ZMFHPs_OPOu3P2LTY	1unMh8	qadv-arbiter-7x7-rust-lambda-v0.1.0	-	qadv-arbiter-7x7-rust-lambda-v0.1.0	-	D	P	196
g1_qu2_LJjuWIMM4AFz3N9EgL06473qYaWY4cUUvzqY63k	s1_LmP7nPn8KMyg_8GopGf9MEa7hoG3G1KaejSWdFy7haQ	1unMh8	qadv-arbiter-7x7-rust-lambda-v0.1.0	-	qadv-arbiter-7x7-rust-lambda-v0.1.0	-	D	P	196
g1_qu2_LJjuWIMM4AFz3N9EgL06473qYaWY4cUUvzqY63k	s1_RauLaTi4eVgYHSp2TV9pqs9uzTVv0B10g9TaHMWpcZ4	1unMh8	qadv-arbiter-7x7-rust-lambda-v0.1.0	-	qadv-arbiter-7x7-rust-lambda-v0.1.0	-	D	P	-
g1_qu2_LJjuWIMM4AFz3N9EgL06473qYaWY4cUUvzqY63k	s1_UjegITqPEFbKaJhk1pKl14LXMdUH3IBAbLSjZk33Fms	1unMh8	qadv-arbiter-7x7-rust-lambda-v0.1.0	-	qadv-arbiter-7x7-rust-lambda-v0.1.0	-	D	P	196
g1_quKD4ApeCWykoEY2LDKyja5lcJfTlyHz2olk5d21Qyo	s1_O3cuwuia8XT9TI7Nxr3tRcajOA20XFHEIT2fYX3WizY	1un2yr	pathfinder-v0.3.0	-	qadv-arbiter-guided-7x7-v0.2.0	sha256:9c0e5e530df7db77a98f6a2e75fe63a6f629c6ad6563e0b5454793ebc243b14d	L	P	196
g1_quKD4ApeCWykoEY2LDKyja5lcJfTlyHz2olk5d21Qyo	s1_k3puRqE8NWPGwCDwvbob-P5fduhbfDZ6XxhZ6wUA4ks	1un2yr	pathfinder-v0.3.0	-	qadv-arbiter-guided-7x7-v0.2.0	sha256:9c0e5e530df7db77a98f6a2e75fe63a6f629c6ad6563e0b5454793ebc243b14d	L	P	196
g1_quKD4ApeCWykoEY2LDKyja5lcJfTlyHz2olk5d21Qyo	s1_mcsGXC-XA63nqAx5kv-Q-y_EhXTqBFQ1AHeiXTSbYQk	1un2yr	pathfinder-v0.3.0	-	qadv-arbiter-guided-7x7-v0.2.0	sha256:9c0e5e530df7db77a98f6a2e75fe63a6f629c6ad6563e0b5454793ebc243b14d	L	P	196
g1_quT7amZi4zPuUKGH5UvqSKkQnuG_UGPh8o1Ktb4q1a8	s1_Qmoz3nLvbLcY_1rcqMtpMJDvTQydhL5cxUNWV6EhpMY	1umwn_	qadv-arbiter-7x7-v0.1.0	sha256:8c548d06307572603b839755cc1e50393285365e10f82bcd90290ca65cd86266	qadv-arbiter-7x7-v0.1.0	sha256:8c548d06307572603b839755cc1e50393285365e10f82bcd90290ca65cd86266	D	P	196
g1_quZ_p6TBS9FBuJGgw4XDQYAKCbXE7abHoD6RUz-cZfs	s1_EZeYHihDdudHrs8dwfBCzfIgSuL3xV-arIIZa01pHqs	1unMxu	qadv-arbiter-7x7-rust-lambda-v0.1.0	-	qadv-arbiter-7x7-rust-lambda-v0.1.0	-	D	P	196
g1_quZ_p6TBS9FBuJGgw4XDQYAKCbXE7abHoD6RUz-cZfs	s1_RauLaTi4eVgYHSp2TV9pqs9uzTVv0B10g9TaHMWpcZ4	1unMxu	qadv-arbiter-7x7-rust-lambda-v0.1.0	-	qadv-arbiter-7x7-rust-lambda-v0.1.0	-	D	P	-
g1_quZ_p6TBS9FBuJGgw4XDQYAKCbXE7abHoD6RUz-cZfs	s1_WD6t-6ZeAMdoVr-QqNv5CNeTuYUPEOFAeF9l_9kZqXU	1unMxu	qadv-arbiter-7x7-rust-lambda-v0.1.0	-	qadv-arbiter-7x7-rust-lambda-v0.1.0	-	D	P	196
g1_quZ_p6TBS9FBuJGgw4XDQYAKCbXE7abHoD6RUz-cZfs	s1_bXjV5zy9GAcE3_m9LIjQUN2BBUWGr7zpdb7I8kjcwsc	1unMxu	qadv-arbiter-7x7-rust-lambda-v0.1.0	-	qadv-arbiter-7x7-rust-lambda-v0.1.0	-	D	P	196
g1_quaU0cJxfJLI1zOxUIAyZyqIKpa_FrldOlZjXqJjKls	s1_1av6nXQkq-GSHXfjkVlGHGpAq8F9UbW4JwZmyFA-vww	1DIck	python-gnn-puct-v0.1.0	sha256:6f9ad6e4a0993da3cf34a8549e86f9b5d512c51e11bfa76dfe051e7a8801bdac	python-gnn-puct-v0.1.0	sha256:6f9ad6e4a0993da3cf34a8549e86f9b5d512c51e11bfa76dfe051e7a8801bdac	D	P	196
g1_quaU0cJxfJLI1zOxUIAyZyqIKpa_FrldOlZjXqJjKls	s1_Brk0hkuJoH-MBjdd53AO5tlWcOgDWV_R0PO74fHGd_0	1DIck	python-gnn-puct-v0.1.0	sha256:6f9ad6e4a0993da3cf34a8549e86f9b5d512c51e11bfa76dfe051e7a8801bdac	python-gnn-puct-v0.1.0	sha256:6f9ad6e4a0993da3cf34a8549e86f9b5d512c51e11bfa76dfe051e7a8801bdac	D	P	196
g1_quaU0cJxfJLI1zOxUIAyZyqIKpa_FrldOlZjXqJjKls	s1_KmF8KhDbubz6lwdS8R_n_yTGdSONmH9B1wUABbyCj94	1DIck	python-gnn-puct-v0.1.0	sha256:6f9ad6e4a0993da3cf34a8549e86f9b5d512c51e11bfa76dfe051e7a8801bdac	python-gnn-puct-v0.1.0	sha256:6f9ad6e4a0993da3cf34a8549e86f9b5d512c51e11bfa76dfe051e7a8801bdac	D	P	196
g1_quaU0cJxfJLI1zOxUIAyZyqIKpa_FrldOlZjXqJjKls	s1_g5pGkHBMEhzAYvwFY0b24sSc7wC9JfnWApMHHZ_aMPI	1DIck	python-gnn-puct-v0.1.0	sha256:6f9ad6e4a0993da3cf34a8549e86f9b5d512c51e11bfa76dfe051e7a8801bdac	python-gnn-puct-v0.1.0	sha256:6f9ad6e4a0993da3cf34a8549e86f9b5d512c51e11bfa76dfe051e7a8801bdac	D	P	196
g1_quaU0cJxfJLI1zOxUIAyZyqIKpa_FrldOlZjXqJjKls	s1_tol_POp6BcgBLMWq8iDfRBQSAXpESHxFwmcCQYXv0yQ	1DIck	python-gnn-puct-v0.1.0	sha256:6f9ad6e4a0993da3cf34a8549e86f9b5d512c51e11bfa76dfe051e7a8801bdac	python-gnn-puct-v0.1.0	sha256:6f9ad6e4a0993da3cf34a8549e86f9b5d512c51e11bfa76dfe051e7a8801bdac	D	P	196
g1_qucuYR5WpYwZNbopPDjeaNDPuXr7a9QRTCUmXFHsh9c	s1_RauLaTi4eVgYHSp2TV9pqs9uzTVv0B10g9TaHMWpcZ4	1unNNn	qadv-arbiter-7x7-rust-lambda-v0.1.0	-	qadv-arbiter-7x7-rust-lambda-v0.1.0	-	L	P	-
g1_qucuYR5WpYwZNbopPDjeaNDPuXr7a9QRTCUmXFHsh9c	s1_VBCSXI-qS5DJ2r86s1rNfOweC5mP5RPG7LbyUF9DT1Q	1unNNn	qadv-arbiter-7x7-rust-lambda-v0.1.0	-	qadv-arbiter-7x7-rust-lambda-v0.1.0	-	L	P	196
g1_qucuYR5WpYwZNbopPDjeaNDPuXr7a9QRTCUmXFHsh9c	s1_mC1NRi9W6OnTEld7P3j0w6nbnCnjBREj_JL9utTWSJ8	1unNNn	qadv-arbiter-7x7-rust-lambda-v0.1.0	-	qadv-arbiter-7x7-rust-lambda-v0.1.0	-	L	P	196
g1_qucuYR5WpYwZNbopPDjeaNDPuXr7a9QRTCUmXFHsh9c	s1_qFMhrCECCEOyC0ekt28zB-fQTr41Ied2Yil7cFbsFkE	1unNNn	qadv-arbiter-7x7-rust-lambda-v0.1.0	-	qadv-arbiter-7x7-rust-lambda-v0.1.0	-	L	P	196
g1_queI8qINhZHNk20L67TlwMKMaacW9gdkzPIB2YUIK-c	s1_qtlitMa-GGx-0y2heoyNRonYXf1Dq5epTexnVe9Iqtw	1umxhd	python-gnn-puct-learner-v0.1.0	sha256:ab0f739cd33d66781faf60e27797c5ccba3c04ba684f8d9e32e9c2754f4e8956	python-gnn-puct-learner-v0.1.0	sha256:ab0f739cd33d66781faf60e27797c5ccba3c04ba684f8d9e32e9c2754f4e8956	D	P	196
g1_quw9otV6OLp2M6w3Zo0usyAglnIBQ2i3eNvgUUwNYBY	s1_A5ddSO_y8gUmuunEQD5jEAiZUTjaV5JH1PSyCnfZl28	1unOe1	qadv-arbiter-7x7-rust-lambda-v0.1.0	-	qadv-arbiter-7x7-rust-lambda-v0.1.0	-	D	P	196
g1_quw9otV6OLp2M6w3Zo0usyAglnIBQ2i3eNvgUUwNYBY	s1_RauLaTi4eVgYHSp2TV9pqs9uzTVv0B10g9TaHMWpcZ4	1unOe1	qadv-arbiter-7x7-rust-lambda-v0.1.0	-	qadv-arbiter-7x7-rust-lambda-v0.1.0	-	D	P	-
g1_quw9otV6OLp2M6w3Zo0usyAglnIBQ2i3eNvgUUwNYBY	s1_oJvdxM-rY13_8tfTrMS6d4fbmzWy2tNXlFM8y6T6kkI	1unOe1	qadv-arbiter-7x7-rust-lambda-v0.1.0	-	qadv-arbiter-7x7-rust-lambda-v0.1.0	-	D	P	196
g1_quw9otV6OLp2M6w3Zo0usyAglnIBQ2i3eNvgUUwNYBY	s1_pEnOnghg8-myJ7dmn2FmlbL-DLniNC341O3JiAxbHjU	1unOe1	qadv-arbiter-7x7-rust-lambda-v0.1.0	-	qadv-arbiter-7x7-rust-lambda-v0.1.0	-	D	P	196
g1_quy6CteJGuXFcKnrpnoRnH5wTxORjeHFTyxrn7jFfZw	s1_RauLaTi4eVgYHSp2TV9pqs9uzTVv0B10g9TaHMWpcZ4	1unNVu	qadv-arbiter-7x7-rust-lambda-v0.1.0	-	qadv-arbiter-7x7-rust-lambda-v0.1.0	-	L	P	-
g1_quy6CteJGuXFcKnrpnoRnH5wTxORjeHFTyxrn7jFfZw	s1_Ris_U2yri6W9b8sljTGXUAQBjgZ0-soXAdDBdEFcLHU	1unNVu	qadv-arbiter-7x7-rust-lambda-v0.1.0	-	qadv-arbiter-7x7-rust-lambda-v0.1.0	-	L	P	196
g1_quy6CteJGuXFcKnrpnoRnH5wTxORjeHFTyxrn7jFfZw	s1_eTb5GBlX_Pr6TOY5IjIwX7jx6KPcUIwo9oCI27NnaqI	1unNVu	qadv-arbiter-7x7-rust-lambda-v0.1.0	-	qadv-arbiter-7x7-rust-lambda-v0.1.0	-	L	P	196
g1_quy6CteJGuXFcKnrpnoRnH5wTxORjeHFTyxrn7jFfZw	s1_zRGWSQGIy2JbKW4rakQUs75euhW67o-d-mIV1HoX6ec	1unNVu	qadv-arbiter-7x7-rust-lambda-v0.1.0	-	qadv-arbiter-7x7-rust-lambda-v0.1.0	-	L	P	196
g1_quzZnNI3tlBGvGWgI0XWwnMbOksdFf77_XrOuJLRMZE	s1_O3cuwuia8XT9TI7Nxr3tRcajOA20XFHEIT2fYX3WizY	1un85R	lunatic-v0.1.0	-	qadv-arbiter-guided-7x7-v0.2.0	sha256:9c0e5e530df7db77a98f6a2e75fe63a6f629c6ad6563e0b5454793ebc243b14d	D	P	196
g1_quzZnNI3tlBGvGWgI0XWwnMbOksdFf77_XrOuJLRMZE	s1_drwWHr88n5PHYXIJGnKpx-y8JqbXQRDIoBOZBq51V9A	1un85R	lunatic-v0.1.0	-	qadv-arbiter-guided-7x7-v0.2.0	sha256:9c0e5e530df7db77a98f6a2e75fe63a6f629c6ad6563e0b5454793ebc243b14d	D	P	196
g1_quzZnNI3tlBGvGWgI0XWwnMbOksdFf77_XrOuJLRMZE	s1_uNE2RRSas7wVxrbKCpysvoEzwr-UauUp2QWOY6qQOQ8	1un85R	lunatic-v0.1.0	-	qadv-arbiter-guided-7x7-v0.2.0	sha256:9c0e5e530df7db77a98f6a2e75fe63a6f629c6ad6563e0b5454793ebc243b14d	D	P	196
g1_qvDHji_WY4jpXWCVjX8QV3as0UTXOLZuLSsnmQ3LjqM	s1_FGdJwk7ctlZAkQUTJZwqW7Lhaj-Hh6PhO-31qD8x_pw	1unN6a	qadv-arbiter-7x7-rust-lambda-v0.1.0	-	qadv-arbiter-7x7-rust-lambda-v0.1.0	-	D	P	196
g1_qvDHji_WY4jpXWCVjX8QV3as0UTXOLZuLSsnmQ3LjqM	s1_RauLaTi4eVgYHSp2TV9pqs9uzTVv0B10g9TaHMWpcZ4	1unN6a	qadv-arbiter-7x7-rust-lambda-v0.1.0	-	qadv-arbiter-7x7-rust-lambda-v0.1.0	-	D	P	-
g1_qvDHji_WY4jpXWCVjX8QV3as0UTXOLZuLSsnmQ3LjqM	s1_U-9HZCCACk-rESP7WWuGEaF1U4x3-xgyxobyOC2zSq4	1unN6a	qadv-arbiter-7x7-rust-lambda-v0.1.0	-	qadv-arbiter-7x7-rust-lambda-v0.1.0	-	D	P	196
g1_qvDHji_WY4jpXWCVjX8QV3as0UTXOLZuLSsnmQ3LjqM	s1_Ym3xCayL6X2U2_sWVWGARb4xqCY5f3m3etDunlLH3fk	1unN6a	qadv-arbiter-7x7-rust-lambda-v0.1.0	-	qadv-arbiter-7x7-rust-lambda-v0.1.0	-	D	P	196
g1_qvGoMVoXtRifPVwo_kJ7-UVMmcO0vpcoGMTxaPYB79k	s1_pz791mBLK9gCxlmvM7C8kcD10pikcBIN4FZ0Kf_TgTs	mvsRh	pathfinder-v0.3.0	-	lunatic-v0.1.0	-	L	P	180
g1_qvLItRcc0toKokwcGM0aqWcKohfVuOGbAJT5uMFbfJ0	s1__fmnSv6OnZklVvMPUjPdL6drtvfrJptRYX3nxZQO8jI	1umxqo	python-gnn-puct-scout-v0.1.0	sha256:b9f80706cc1f29076ee06fe06483697c749148a808c599579045d00a52573938	python-gnn-puct-scout-v0.1.0	sha256:b9f80706cc1f29076ee06fe06483697c749148a808c599579045d00a52573938	D	P	196
g1_qvMsdVDUm38qNZOkBY1W7NFoRqB_ySWMwRatODYsIKE	s1_AGeYpuQDdo7JQANuccROnffVdnYybovsbsJWbw6pf1w	1unP8M	qadv-arbiter-7x7-rust-lambda-v0.1.0	-	qadv-arbiter-7x7-rust-lambda-v0.1.0	-	D	P	196
g1_qvMsdVDUm38qNZOkBY1W7NFoRqB_ySWMwRatODYsIKE	s1_RauLaTi4eVgYHSp2TV9pqs9uzTVv0B10g9TaHMWpcZ4	1unP8M	qadv-arbiter-7x7-rust-lambda-v0.1.0	-	qadv-arbiter-7x7-rust-lambda-v0.1.0	-	D	P	-
g1_qvMsdVDUm38qNZOkBY1W7NFoRqB_ySWMwRatODYsIKE	s1_i25z-ABmwlIWhfyJIfDHOb-rx3qhX4zJGsSeOuWQ7Ao	1unP8M	qadv-arbiter-7x7-rust-lambda-v0.1.0	-	qadv-arbiter-7x7-rust-lambda-v0.1.0	-	D	P	196
g1_qvMsdVDUm38qNZOkBY1W7NFoRqB_ySWMwRatODYsIKE	s1_vebbsCpJ66r2rivrV0wvzZocfhm-NR0Du7Vybo6wwjI	1unP8M	qadv-arbiter-7x7-rust-lambda-v0.1.0	-	qadv-arbiter-7x7-rust-lambda-v0.1.0	-	D	P	196
g1_qvOx9G7Y0qvIJ6XKs4SqAk5rijwwq3CEbDE_dRjVkz8	s1_-Ui9KB5gxcV4werqSimDemciWqr9XSuECEBFMwvjOJk	1unPWg	qadv-arbiter-7x7-rust-lambda-v0.1.0	-	qadv-arbiter-7x7-rust-lambda-v0.1.0	-	L	P	196
g1_qvOx9G7Y0qvIJ6XKs4SqAk5rijwwq3CEbDE_dRjVkz8	s1_9KOv6RrfCY4uoAyz0CGi6xlNPTv6YoVAqwOPoq1Tjwg	1unPWg	qadv-arbiter-7x7-rust-lambda-v0.1.0	-	qadv-arbiter-7x7-rust-lambda-v0.1.0	-	L	P	196
g1_qvOx9G7Y0qvIJ6XKs4SqAk5rijwwq3CEbDE_dRjVkz8	s1_RauLaTi4eVgYHSp2TV9pqs9uzTVv0B10g9TaHMWpcZ4	1unPWg	qadv-arbiter-7x7-rust-lambda-v0.1.0	-	qadv-arbiter-7x7-rust-lambda-v0.1.0	-	L	P	-
g1_qvOx9G7Y0qvIJ6XKs4SqAk5rijwwq3CEbDE_dRjVkz8	s1_mxPRN59G6tZpT_l04h9RwVNwyNIiH14YnaVUQG_QeL8	1unPWg	qadv-arbiter-7x7-rust-lambda-v0.1.0	-	qadv-arbiter-7x7-rust-lambda-v0.1.0	-	L	P	196
g1_qvPxcB4BD9GfKB1d3RHBlcgfnWFyNBr3WHego6LncY0	s1_1av6nXQkq-GSHXfjkVlGHGpAq8F9UbW4JwZmyFA-vww	1umvQW	lunatic-v0.1.0	-	gnn-warmstart-7x7	sha256:e000d50619c0241c30efdd1f5adb7a8b738c66859d33c3443c52a20f56fcc13a	L	P	196
g1_qvPxcB4BD9GfKB1d3RHBlcgfnWFyNBr3WHego6LncY0	s1_Brk0hkuJoH-MBjdd53AO5tlWcOgDWV_R0PO74fHGd_0	1umvQW	lunatic-v0.1.0	-	gnn-warmstart-7x7	sha256:e000d50619c0241c30efdd1f5adb7a8b738c66859d33c3443c52a20f56fcc13a	L	P	196
g1_qvPxcB4BD9GfKB1d3RHBlcgfnWFyNBr3WHego6LncY0	s1_QzXKB60HvV5g6-cJIu-NdpeFb1rCgFAJD1cxfdkoMm0	1umvQW	lunatic-v0.1.0	-	gnn-warmstart-7x7	sha256:e000d50619c0241c30efdd1f5adb7a8b738c66859d33c3443c52a20f56fcc13a	L	P	196
g1_qvfpNdON5xG_ULmsCbx_CE1oqs1U-8ZG2GtNHAMstBc	s1_1av6nXQkq-GSHXfjkVlGHGpAq8F9UbW4JwZmyFA-vww	1umvOC	python-gnn-puct-learner-v0.1.0	sha256:ab0f739cd33d66781faf60e27797c5ccba3c04ba684f8d9e32e9c2754f4e8956	python-gnn-puct-learner-v0.1.0	sha256:ab0f739cd33d66781faf60e27797c5ccba3c04ba684f8d9e32e9c2754f4e8956	D	P	196
g1_qvfpNdON5xG_ULmsCbx_CE1oqs1U-8ZG2GtNHAMstBc	s1_Brk0hkuJoH-MBjdd53AO5tlWcOgDWV_R0PO74fHGd_0	1umvOC	python-gnn-puct-learner-v0.1.0	sha256:ab0f739cd33d66781faf60e27797c5ccba3c04ba684f8d9e32e9c2754f4e8956	python-gnn-puct-learner-v0.1.0	sha256:ab0f739cd33d66781faf60e27797c5ccba3c04ba684f8d9e32e9c2754f4e8956	D	P	196
g1_qvfpNdON5xG_ULmsCbx_CE1oqs1U-8ZG2GtNHAMstBc	s1_QBFUsDtxokERlDOdQkleYbPvhJ-vIp2qmp6DXjS-7oM	1umvOC	python-gnn-puct-learner-v0.1.0	sha256:ab0f739cd33d66781faf60e27797c5ccba3c04ba684f8d9e32e9c2754f4e8956	python-gnn-puct-learner-v0.1.0	sha256:ab0f739cd33d66781faf60e27797c5ccba3c04ba684f8d9e32e9c2754f4e8956	D	P	196
g1_qvgpGopXAmVI2yc2wFY91I3FTv7Wgm-ovJ7sT6CtMaY	s1_1av6nXQkq-GSHXfjkVlGHGpAq8F9UbW4JwZmyFA-vww	1DIih	python-gnn-puct-v0.1.0	sha256:6f9ad6e4a0993da3cf34a8549e86f9b5d512c51e11bfa76dfe051e7a8801bdac	python-gnn-puct-v0.1.0	sha256:6f9ad6e4a0993da3cf34a8549e86f9b5d512c51e11bfa76dfe051e7a8801bdac	D	P	196
g1_qvgpGopXAmVI2yc2wFY91I3FTv7Wgm-ovJ7sT6CtMaY	s1_Brk0hkuJoH-MBjdd53AO5tlWcOgDWV_R0PO74fHGd_0	1DIih	python-gnn-puct-v0.1.0	sha256:6f9ad6e4a0993da3cf34a8549e86f9b5d512c51e11bfa76dfe051e7a8801bdac	python-gnn-puct-v0.1.0	sha256:6f9ad6e4a0993da3cf34a8549e86f9b5d512c51e11bfa76dfe051e7a8801bdac	D	P	196
g1_qvgpGopXAmVI2yc2wFY91I3FTv7Wgm-ovJ7sT6CtMaY	s1_KmF8KhDbubz6lwdS8R_n_yTGdSONmH9B1wUABbyCj94	1DIih	python-gnn-puct-v0.1.0	sha256:6f9ad6e4a0993da3cf34a8549e86f9b5d512c51e11bfa76dfe051e7a8801bdac	python-gnn-puct-v0.1.0	sha256:6f9ad6e4a0993da3cf34a8549e86f9b5d512c51e11bfa76dfe051e7a8801bdac	D	P	196
g1_qvgpGopXAmVI2yc2wFY91I3FTv7Wgm-ovJ7sT6CtMaY	s1_g5pGkHBMEhzAYvwFY0b24sSc7wC9JfnWApMHHZ_aMPI	1DIih	python-gnn-puct-v0.1.0	sha256:6f9ad6e4a0993da3cf34a8549e86f9b5d512c51e11bfa76dfe051e7a8801bdac	python-gnn-puct-v0.1.0	sha256:6f9ad6e4a0993da3cf34a8549e86f9b5d512c51e11bfa76dfe051e7a8801bdac	D	P	196
g1_qvgpGopXAmVI2yc2wFY91I3FTv7Wgm-ovJ7sT6CtMaY	s1_tol_POp6BcgBLMWq8iDfRBQSAXpESHxFwmcCQYXv0yQ	1DIih	python-gnn-puct-v0.1.0	sha256:6f9ad6e4a0993da3cf34a8549e86f9b5d512c51e11bfa76dfe051e7a8801bdac	python-gnn-puct-v0.1.0	sha256:6f9ad6e4a0993da3cf34a8549e86f9b5d512c51e11bfa76dfe051e7a8801bdac	D	P	196
g1_qvzSsw3fUwRDxnUhVqwiJ01R-fktyqHojEH-mSo2tcg	s1_6PxtazPxkizz7K9QTWPSCIopEV5n0zpHoq3F52yO_6U	1umwmh	python-cnn-puct-v0.1.0	sha256:7845e9b7687beee165dc36b8d21833b7a8b5a83e31b58b49bd05c277ba26e642	python-cnn-puct-v0.1.0	sha256:7845e9b7687beee165dc36b8d21833b7a8b5a83e31b58b49bd05c277ba26e642	D	P	196
g1_qvzSsw3fUwRDxnUhVqwiJ01R-fktyqHojEH-mSo2tcg	s1_baRgKA_wMXdl0r4AwdkUfhWC04qxd1MvEGXAQaDd4fo	1umwmh	python-cnn-puct-v0.1.0	sha256:7845e9b7687beee165dc36b8d21833b7a8b5a83e31b58b49bd05c277ba26e642	python-cnn-puct-v0.1.0	sha256:7845e9b7687beee165dc36b8d21833b7a8b5a83e31b58b49bd05c277ba26e642	D	P	196
g1_qw-nv2DNbjjpBb8qDqoKqwDEr8Xbltx-CNXJHSHIQDw	s1_WVg7aYYLIrw6_-2mI3jQ-DPcLO4gX2sPEEqWQb0DGQA	1umxSo	python-cnn-puct-reval30k-v0.1.0	sha256:eb2600a53e225a835455efdb2759c40e27c5cb3c16ab0688bc21b99290ed10ee	python-cnn-puct-reval30k-v0.1.0	sha256:eb2600a53e225a835455efdb2759c40e27c5cb3c16ab0688bc21b99290ed10ee	L	P	196
g1_qwJVzMDEIlEcE8k4BK-dwy99t-6t9RZGAbhk6yapsVg	s1_-OKlJXuPFfAnukwGYITjiU7XKL4OC_qt76PC0TZSPjg	1umvlY	python-cnn-puct-v0.1.0	sha256:7845e9b7687beee165dc36b8d21833b7a8b5a83e31b58b49bd05c277ba26e642	python-cnn-puct-v0.1.0	sha256:7845e9b7687beee165dc36b8d21833b7a8b5a83e31b58b49bd05c277ba26e642	L	P	196
g1_qwJVzMDEIlEcE8k4BK-dwy99t-6t9RZGAbhk6yapsVg	s1_1av6nXQkq-GSHXfjkVlGHGpAq8F9UbW4JwZmyFA-vww	1umvlY	python-cnn-puct-v0.1.0	sha256:7845e9b7687beee165dc36b8d21833b7a8b5a83e31b58b49bd05c277ba26e642	python-cnn-puct-v0.1.0	sha256:7845e9b7687beee165dc36b8d21833b7a8b5a83e31b58b49bd05c277ba26e642	L	P	196
g1_qwJVzMDEIlEcE8k4BK-dwy99t-6t9RZGAbhk6yapsVg	s1_mWPTef6xYbijjPhDIC6QgLRmu2mMSJAokNlIkx3vg54	1umvlY	python-cnn-puct-v0.1.0	sha256:7845e9b7687beee165dc36b8d21833b7a8b5a83e31b58b49bd05c277ba26e642	python-cnn-puct-v0.1.0	sha256:7845e9b7687beee165dc36b8d21833b7a8b5a83e31b58b49bd05c277ba26e642	L	P	196
g1_qwS7Pkm9CJPrp3PG4w7Lm0YiuJG6M5xR15vGmCFTU8U	s1_Q2StTWp4MVghv4bl6LFo3LK6UlOq51jqXcV6WSugZj4	1unMcP	qadv-arbiter-7x7-rust-lambda-v0.1.0	-	qadv-arbiter-7x7-rust-lambda-v0.1.0	-	L	P	196
g1_qwS7Pkm9CJPrp3PG4w7Lm0YiuJG6M5xR15vGmCFTU8U	s1_RauLaTi4eVgYHSp2TV9pqs9uzTVv0B10g9TaHMWpcZ4	1unMcP	qadv-arbiter-7x7-rust-lambda-v0.1.0	-	qadv-arbiter-7x7-rust-lambda-v0.1.0	-	L	P	-
g1_qwS7Pkm9CJPrp3PG4w7Lm0YiuJG6M5xR15vGmCFTU8U	s1__UVtHe1XQDI-ZGlhj4bsYn9OWhRMvhAonhjvqQm5CJc	1unMcP	qadv-arbiter-7x7-rust-lambda-v0.1.0	-	qadv-arbiter-7x7-rust-lambda-v0.1.0	-	L	P	196
g1_qwS7Pkm9CJPrp3PG4w7Lm0YiuJG6M5xR15vGmCFTU8U	s1_qyFP4ZuDc1ZyKLk2hYwG_MWxTv2MZNAA18Xs_QQ6h6I	1unMcP	qadv-arbiter-7x7-rust-lambda-v0.1.0	-	qadv-arbiter-7x7-rust-lambda-v0.1.0	-	L	P	196
g1_qwSMJg3PtYjXQiaoI1YBwnLd2ZNV95DPqRWNsXNKusg	s1_2FtaP75xgRVTNrUvmC0NIesJCNy8IDFJ05WNM4nUnpg	1unR3a	qadv-arbiter-7x7-v0.1.0	-	lunatic-v0.1.0	-	D	P	196
g1_qwSMJg3PtYjXQiaoI1YBwnLd2ZNV95DPqRWNsXNKusg	s1_RauLaTi4eVgYHSp2TV9pqs9uzTVv0B10g9TaHMWpcZ4	1unR3a	qadv-arbiter-7x7-v0.1.0	-	lunatic-v0.1.0	-	D	P	-
g1_qwSMJg3PtYjXQiaoI1YBwnLd2ZNV95DPqRWNsXNKusg	s1__P4my2l7_DYFXCbFRmGja7F-_g-qTR2iyBcLmA5WQiU	1unR3a	qadv-arbiter-7x7-v0.1.0	-	lunatic-v0.1.0	-	D	P	196
g1_qwSMJg3PtYjXQiaoI1YBwnLd2ZNV95DPqRWNsXNKusg	s1_jkoE1AydTokODgBZZiGqT1s8KGpaBss7VktCykndM0Q	1unR3a	qadv-arbiter-7x7-v0.1.0	-	lunatic-v0.1.0	-	D	P	196
g1_qwd4WSMjc9dZ2rBmzhp2txBHiNHyGw6Amr2Db1stolk	s1_8M7T1XxXoYK_X-4e6Goy36zdBWFQRUDoVpDcOyQMVAg	1unOHp	qadv-arbiter-7x7-rust-lambda-v0.1.0	-	qadv-arbiter-7x7-rust-lambda-v0.1.0	-	L	P	196
g1_qwd4WSMjc9dZ2rBmzhp2txBHiNHyGw6Amr2Db1stolk	s1_RauLaTi4eVgYHSp2TV9pqs9uzTVv0B10g9TaHMWpcZ4	1unOHp	qadv-arbiter-7x7-rust-lambda-v0.1.0	-	qadv-arbiter-7x7-rust-lambda-v0.1.0	-	L	P	-
g1_qwd4WSMjc9dZ2rBmzhp2txBHiNHyGw6Amr2Db1stolk	s1_XdZVWpIPM1ai29OUH53csRzStfuMduEZM1ZXQfOlpxs	1unOHp	qadv-arbiter-7x7-rust-lambda-v0.1.0	-	qadv-arbiter-7x7-rust-lambda-v0.1.0	-	L	P	196
g1_qwd4WSMjc9dZ2rBmzhp2txBHiNHyGw6Amr2Db1stolk	s1_uQKKs9vYRYUNvGMv9iIvn2Yf0kjiz0OcIFgwtwkt170	1unOHp	qadv-arbiter-7x7-rust-lambda-v0.1.0	-	qadv-arbiter-7x7-rust-lambda-v0.1.0	-	L	P	196
g1_qwfgBh6xGzi-r0CAAnG_9ORi1MXx8BLvcIZhEHYxDZk	s1_6PxtazPxkizz7K9QTWPSCIopEV5n0zpHoq3F52yO_6U	1umwmV	python-cnn-puct-v0.1.0	sha256:7845e9b7687beee165dc36b8d21833b7a8b5a83e31b58b49bd05c277ba26e642	python-cnn-puct-v0.1.0	sha256:7845e9b7687beee165dc36b8d21833b7a8b5a83e31b58b49bd05c277ba26e642	L	P	196
g1_qwfgBh6xGzi-r0CAAnG_9ORi1MXx8BLvcIZhEHYxDZk	s1_baRgKA_wMXdl0r4AwdkUfhWC04qxd1MvEGXAQaDd4fo	1umwmV	python-cnn-puct-v0.1.0	sha256:7845e9b7687beee165dc36b8d21833b7a8b5a83e31b58b49bd05c277ba26e642	python-cnn-puct-v0.1.0	sha256:7845e9b7687beee165dc36b8d21833b7a8b5a83e31b58b49bd05c277ba26e642	L	P	196
g1_qwj0N9YGZK_prxuh1dcSjRoHxRZFxC3JkBVtS6aLSyM	s1_1av6nXQkq-GSHXfjkVlGHGpAq8F9UbW4JwZmyFA-vww	1umvAZ	python-gnn-puct-scout-v0.1.0	sha256:b9f80706cc1f29076ee06fe06483697c749148a808c599579045d00a52573938	python-gnn-puct-scout-v0.1.0	sha256:b9f80706cc1f29076ee06fe06483697c749148a808c599579045d00a52573938	-	M	196
g1_qwj0N9YGZK_prxuh1dcSjRoHxRZFxC3JkBVtS6aLSyM	s1_Brk0hkuJoH-MBjdd53AO5tlWcOgDWV_R0PO74fHGd_0	1umvAZ	python-gnn-puct-scout-v0.1.0	sha256:b9f80706cc1f29076ee06fe06483697c749148a808c599579045d00a52573938	python-gnn-puct-scout-v0.1.0	sha256:b9f80706cc1f29076ee06fe06483697c749148a808c599579045d00a52573938	-	M	196
g1_qwj0N9YGZK_prxuh1dcSjRoHxRZFxC3JkBVtS6aLSyM	s1_D_X-fTFZy6xuyGSC5jFyKBW6IP_59Jbomefazf4xu44	1umvAZ	python-gnn-puct-scout-v0.1.0	sha256:b9f80706cc1f29076ee06fe06483697c749148a808c599579045d00a52573938	python-gnn-puct-scout-v0.1.0	sha256:b9f80706cc1f29076ee06fe06483697c749148a808c599579045d00a52573938	-	M	196
g1_qwowORkcN1DgR_CS2isWe3p2lHTT0FQlG4yKOkxIy_4	s1_flXyOBW6T9LLVDFIvXBGel1MoVNZcUcMFIJnB9yLapU	1umxF6	python-gnn-puct-reval30k-v0.1.0	sha256:6120be86fc469df71473c3de64e5e32f99694cd47d621fa5948f243dc51d3d21	python-gnn-puct-reval30k-v0.1.0	sha256:6120be86fc469df71473c3de64e5e32f99694cd47d621fa5948f243dc51d3d21	L	P	196
g1_qwrJRMNuxyk2iSLKOUmHH6kiOPnM-vV9U5B-HqUOmZ8	s1_53ynhtOdp8pPFEkWwaESpQn8QLGL0Ei5K6zyF_1se84	1un3RZ	pathfinder-v0.3.0	-	qadv-arbiter-guided-7x7-v0.2.0	sha256:9c0e5e530df7db77a98f6a2e75fe63a6f629c6ad6563e0b5454793ebc243b14d	L	P	196
g1_qwrJRMNuxyk2iSLKOUmHH6kiOPnM-vV9U5B-HqUOmZ8	s1_O3cuwuia8XT9TI7Nxr3tRcajOA20XFHEIT2fYX3WizY	1un3RZ	pathfinder-v0.3.0	-	qadv-arbiter-guided-7x7-v0.2.0	sha256:9c0e5e530df7db77a98f6a2e75fe63a6f629c6ad6563e0b5454793ebc243b14d	L	P	196
g1_qwrJRMNuxyk2iSLKOUmHH6kiOPnM-vV9U5B-HqUOmZ8	s1_bu4yUwwDMqKDhLXEtnBsv1ZAJagIFi7EKmSaiui1_WE	1un4BF	pathfinder-v0.3.0	-	qadv-arbiter-guided-7x7-v0.2.0	sha256:9c0e5e530df7db77a98f6a2e75fe63a6f629c6ad6563e0b5454793ebc243b14d	L	P	196
g1_qwrJRMNuxyk2iSLKOUmHH6kiOPnM-vV9U5B-HqUOmZ8	s1_ldokYogaib_-TUekO3GjWcI6RhPJNqdc9KA9RUsM7Es	1un3RZ	pathfinder-v0.3.0	-	qadv-arbiter-guided-7x7-v0.2.0	sha256:9c0e5e530df7db77a98f6a2e75fe63a6f629c6ad6563e0b5454793ebc243b14d	L	P	196
g1_qwrJRMNuxyk2iSLKOUmHH6kiOPnM-vV9U5B-HqUOmZ8	s1_mlXHsG8-xxT7rKwSZelP6NHm5eYy3YD5j4SydA37pgE	1un4BF	pathfinder-v0.3.0	-	qadv-arbiter-guided-7x7-v0.2.0	sha256:9c0e5e530df7db77a98f6a2e75fe63a6f629c6ad6563e0b5454793ebc243b14d	L	P	196
g1_qwvUOp5Im76hcSkelJKpKdT42vIupTCFGWwu2eVUR4M	s1_OYiw6QaqhVHiVZ45OEdCrJE6TDCi7sbrExvWydqE6v4	1unMX8	qadv-arbiter-7x7-rust-lambda-v0.1.0	-	qadv-arbiter-7x7-rust-lambda-v0.1.0	-	L	P	196
g1_qwvUOp5Im76hcSkelJKpKdT42vIupTCFGWwu2eVUR4M	s1_RauLaTi4eVgYHSp2TV9pqs9uzTVv0B10g9TaHMWpcZ4	1unMX8	qadv-arbiter-7x7-rust-lambda-v0.1.0	-	qadv-arbiter-7x7-rust-lambda-v0.1.0	-	L	P	-
g1_qwvUOp5Im76hcSkelJKpKdT42vIupTCFGWwu2eVUR4M	s1_pqn8cAdOKWsYwxST5jm6y-Qf_xEoivfBbYdKY-XWiAo	1unMX8	qadv-arbiter-7x7-rust-lambda-v0.1.0	-	qadv-arbiter-7x7-rust-lambda-v0.1.0	-	L	P	196
g1_qwvUOp5Im76hcSkelJKpKdT42vIupTCFGWwu2eVUR4M	s1_vd-ZaUMyxK60jsLrm6ZRc8hcRNfX0WT25SXmY8sjC9c	1unMX8	qadv-arbiter-7x7-rust-lambda-v0.1.0	-	qadv-arbiter-7x7-rust-lambda-v0.1.0	-	L	P	196
g1_qx40B8Qm3wUhKjpYfIXKnWsAr9y6LNOy2XyHqo_6avE	s1_O3cuwuia8XT9TI7Nxr3tRcajOA20XFHEIT2fYX3WizY	1un7cG	qadv-arbiter-guided-7x7-v0.2.0	sha256:9c0e5e530df7db77a98f6a2e75fe63a6f629c6ad6563e0b5454793ebc243b14d	lunatic-v0.1.0	-	D	P	196
g1_qx40B8Qm3wUhKjpYfIXKnWsAr9y6LNOy2XyHqo_6avE	s1_gY_boSu5A8XG5a9XmME0tXm6pud0vwcbDekozVtP3iE	1un7cG	qadv-arbiter-guided-7x7-v0.2.0	sha256:9c0e5e530df7db77a98f6a2e75fe63a6f629c6ad6563e0b5454793ebc243b14d	lunatic-v0.1.0	-	D	P	196
g1_qx40B8Qm3wUhKjpYfIXKnWsAr9y6LNOy2XyHqo_6avE	s1_nGMROr4JGS862bFLFUfH2a8ENp-zb33TaK0vhF2LgKs	1un7cG	qadv-arbiter-guided-7x7-v0.2.0	sha256:9c0e5e530df7db77a98f6a2e75fe63a6f629c6ad6563e0b5454793ebc243b14d	lunatic-v0.1.0	-	D	P	196
g1_qxLWPCmqflC0Aidf3z7OE5zq7YeMPw35jOafpQxikWc	s1_1av6nXQkq-GSHXfjkVlGHGpAq8F9UbW4JwZmyFA-vww	1umvBS	python-gnn-puct-scout-v0.1.0	sha256:b9f80706cc1f29076ee06fe06483697c749148a808c599579045d00a52573938	python-gnn-puct-scout-v0.1.0	sha256:b9f80706cc1f29076ee06fe06483697c749148a808c599579045d00a52573938	-	M	196
g1_qxLWPCmqflC0Aidf3z7OE5zq7YeMPw35jOafpQxikWc	s1_Brk0hkuJoH-MBjdd53AO5tlWcOgDWV_R0PO74fHGd_0	1umvBS	python-gnn-puct-scout-v0.1.0	sha256:b9f80706cc1f29076ee06fe06483697c749148a808c599579045d00a52573938	python-gnn-puct-scout-v0.1.0	sha256:b9f80706cc1f29076ee06fe06483697c749148a808c599579045d00a52573938	-	M	196
g1_qxLWPCmqflC0Aidf3z7OE5zq7YeMPw35jOafpQxikWc	s1_D_X-fTFZy6xuyGSC5jFyKBW6IP_59Jbomefazf4xu44	1umvBS	python-gnn-puct-scout-v0.1.0	sha256:b9f80706cc1f29076ee06fe06483697c749148a808c599579045d00a52573938	python-gnn-puct-scout-v0.1.0	sha256:b9f80706cc1f29076ee06fe06483697c749148a808c599579045d00a52573938	-	M	196
g1_qxLxEr6scvOtxTlXix-phqWoqhCoOxJ4Bw8b20wxZgc	s1_1av6nXQkq-GSHXfjkVlGHGpAq8F9UbW4JwZmyFA-vww	1umvLc	python-gnn-puct-learner-v0.1.0	sha256:ab0f739cd33d66781faf60e27797c5ccba3c04ba684f8d9e32e9c2754f4e8956	python-gnn-puct-learner-v0.1.0	sha256:ab0f739cd33d66781faf60e27797c5ccba3c04ba684f8d9e32e9c2754f4e8956	-	M	196
g1_qxLxEr6scvOtxTlXix-phqWoqhCoOxJ4Bw8b20wxZgc	s1_Brk0hkuJoH-MBjdd53AO5tlWcOgDWV_R0PO74fHGd_0	1umvLc	python-gnn-puct-learner-v0.1.0	sha256:ab0f739cd33d66781faf60e27797c5ccba3c04ba684f8d9e32e9c2754f4e8956	python-gnn-puct-learner-v0.1.0	sha256:ab0f739cd33d66781faf60e27797c5ccba3c04ba684f8d9e32e9c2754f4e8956	-	M	196
g1_qxLxEr6scvOtxTlXix-phqWoqhCoOxJ4Bw8b20wxZgc	s1_QBFUsDtxokERlDOdQkleYbPvhJ-vIp2qmp6DXjS-7oM	1umvLc	python-gnn-puct-learner-v0.1.0	sha256:ab0f739cd33d66781faf60e27797c5ccba3c04ba684f8d9e32e9c2754f4e8956	python-gnn-puct-learner-v0.1.0	sha256:ab0f739cd33d66781faf60e27797c5ccba3c04ba684f8d9e32e9c2754f4e8956	-	M	196
g1_qxM1DrYH_x48adwO9wvlPq0d8V5pQAUS5m4U1iDKPuk	s1_Ng4Aiwn8Eh-Upu3B5kIR3ufYW4MxE90ZXdiaypxV1kA	1umvw9	rust-pathfinder-v0.3.0	-	rust-pathfinder-v0.1.0	-	D	P	120
g1_qxM1DrYH_x48adwO9wvlPq0d8V5pQAUS5m4U1iDKPuk	s1_lVOYqiNNWkcm03saeNj4Dzkm_yvw1q6Xv4DJr3dTWxM	1umvw9	rust-pathfinder-v0.3.0	-	rust-pathfinder-v0.1.0	-	D	P	120
g1_qxOEl0EJxjiecxsa72zM-Ihncoj9vMfUITSyvwa08-0	s1_GE8ksNKC8vzOCmw5qn5ROKLS_Al4fzVBDSJ4hPLg3yM	1unMUw	qadv-arbiter-7x7-rust-lambda-v0.1.0	-	qadv-arbiter-7x7-rust-lambda-v0.1.0	-	D	P	196
g1_qxOEl0EJxjiecxsa72zM-Ihncoj9vMfUITSyvwa08-0	s1_RauLaTi4eVgYHSp2TV9pqs9uzTVv0B10g9TaHMWpcZ4	1unMUw	qadv-arbiter-7x7-rust-lambda-v0.1.0	-	qadv-arbiter-7x7-rust-lambda-v0.1.0	-	D	P	-
g1_qxOEl0EJxjiecxsa72zM-Ihncoj9vMfUITSyvwa08-0	s1_mi47MW3N0VBbwLFZfAaKl9848PyBKAc7xOxDwmkRIO4	1unMUw	qadv-arbiter-7x7-rust-lambda-v0.1.0	-	qadv-arbiter-7x7-rust-lambda-v0.1.0	-	D	P	196
g1_qxOEl0EJxjiecxsa72zM-Ihncoj9vMfUITSyvwa08-0	s1_zEzBmhIeAdUgv0ad704g6ZhTKT4i5iNUNALK8Hf49ZI	1unMUw	qadv-arbiter-7x7-rust-lambda-v0.1.0	-	qadv-arbiter-7x7-rust-lambda-v0.1.0	-	D	P	196
g1_qx_RtfD5k4-gzfEywOIqn8uCp3G1qJt9PEMW9kDJUX8	s1_1LB6NAgPOeCp4r8rQw4kUOIXWpEdWysFm5RZjWCQSgc	1umwXV	python-gnn-puct-learner-v0.1.0	sha256:ab0f739cd33d66781faf60e27797c5ccba3c04ba684f8d9e32e9c2754f4e8956	python-gnn-puct-learner-v0.1.0	sha256:ab0f739cd33d66781faf60e27797c5ccba3c04ba684f8d9e32e9c2754f4e8956	L	P	196
g1_qx_RtfD5k4-gzfEywOIqn8uCp3G1qJt9PEMW9kDJUX8	s1_P4NHYhwuVnEA-dG2X-UVeVotb84A5mwljbYTlTMqr8w	1umwXV	python-gnn-puct-learner-v0.1.0	sha256:ab0f739cd33d66781faf60e27797c5ccba3c04ba684f8d9e32e9c2754f4e8956	python-gnn-puct-learner-v0.1.0	sha256:ab0f739cd33d66781faf60e27797c5ccba3c04ba684f8d9e32e9c2754f4e8956	L	P	196
g1_qxairIfS2fP_6A0fYSVncmVg5PjQlAI8mkPTCbr233s	s1_2FtaP75xgRVTNrUvmC0NIesJCNy8IDFJ05WNM4nUnpg	1unQv6	qadv-arbiter-7x7-v0.1.0	-	surveyor-v0.2.0	-	D	P	196
g1_qxairIfS2fP_6A0fYSVncmVg5PjQlAI8mkPTCbr233s	s1_HZrQ_h216wZ7JutGnEqehjCZ_rEoY1s9Qghr3makoYo	1unQv6	qadv-arbiter-7x7-v0.1.0	-	surveyor-v0.2.0	-	D	P	196
g1_qxairIfS2fP_6A0fYSVncmVg5PjQlAI8mkPTCbr233s	s1_PKkm5dh2F8XjFJ5BuBrQ6UVDI2OPiBSIvX3hUqJc9Y4	1unQv6	qadv-arbiter-7x7-v0.1.0	-	surveyor-v0.2.0	-	D	P	196
g1_qxairIfS2fP_6A0fYSVncmVg5PjQlAI8mkPTCbr233s	s1_RauLaTi4eVgYHSp2TV9pqs9uzTVv0B10g9TaHMWpcZ4	1unQv6	qadv-arbiter-7x7-v0.1.0	-	surveyor-v0.2.0	-	D	P	-
g1_qxdc6H1GHPDgw3V5vfcF7H-R4KwdHIKUn5S6iAo41H4	s1_-OE134PWY7RtBkGbVkTyOv0R6gGkui-cVmnDSZ9BFes	1unQiu	qadv-arbiter-7x7-v0.1.0	-	pathfinder-v0.3.0	-	D	P	196
g1_qxdc6H1GHPDgw3V5vfcF7H-R4KwdHIKUn5S6iAo41H4	s1_2FtaP75xgRVTNrUvmC0NIesJCNy8IDFJ05WNM4nUnpg	1unQiu	qadv-arbiter-7x7-v0.1.0	-	pathfinder-v0.3.0	-	D	P	196
g1_qxdc6H1GHPDgw3V5vfcF7H-R4KwdHIKUn5S6iAo41H4	s1_RauLaTi4eVgYHSp2TV9pqs9uzTVv0B10g9TaHMWpcZ4	1unQiu	qadv-arbiter-7x7-v0.1.0	-	pathfinder-v0.3.0	-	D	P	-
g1_qxdc6H1GHPDgw3V5vfcF7H-R4KwdHIKUn5S6iAo41H4	s1_ixnsooyQE15jCxoQQ7T0O86iq6DZV9ZwiekwsNqP9D4	1unQiu	qadv-arbiter-7x7-v0.1.0	-	pathfinder-v0.3.0	-	D	P	196
g1_qxxIYJfefRHhyGKMZfrVFvDbQaWzzRLrAc40c8z0rms	s1_5ifgL1c4n7qlNeF9806LT7NMX0gbCREh5oBYpAfCYUI	1unMea	qadv-arbiter-7x7-rust-lambda-v0.1.0	-	qadv-arbiter-7x7-rust-lambda-v0.1.0	-	D	P	196
g1_qxxIYJfefRHhyGKMZfrVFvDbQaWzzRLrAc40c8z0rms	s1_RauLaTi4eVgYHSp2TV9pqs9uzTVv0B10g9TaHMWpcZ4	1unMea	qadv-arbiter-7x7-rust-lambda-v0.1.0	-	qadv-arbiter-7x7-rust-lambda-v0.1.0	-	D	P	-
g1_qxxIYJfefRHhyGKMZfrVFvDbQaWzzRLrAc40c8z0rms	s1_VdVJ3vyqnqlyogBWWA9VRudruCCdH3G6Atn0WPXFl_A	1unMea	qadv-arbiter-7x7-rust-lambda-v0.1.0	-	qadv-arbiter-7x7-rust-lambda-v0.1.0	-	D	P	196
g1_qxxIYJfefRHhyGKMZfrVFvDbQaWzzRLrAc40c8z0rms	s1_inlpdsysBXRBFANJneQxPecY-joNQ5zyOGPzupIWU3s	1unMea	qadv-arbiter-7x7-rust-lambda-v0.1.0	-	qadv-arbiter-7x7-rust-lambda-v0.1.0	-	D	P	196
g1_qy-OL33G3VKQqFCn8ai066fOBPV-TpITSbTZEW35eVM	s1__fmnSv6OnZklVvMPUjPdL6drtvfrJptRYX3nxZQO8jI	1umxsy	python-gnn-puct-scout-v0.1.0	sha256:b9f80706cc1f29076ee06fe06483697c749148a808c599579045d00a52573938	python-gnn-puct-scout-v0.1.0	sha256:b9f80706cc1f29076ee06fe06483697c749148a808c599579045d00a52573938	L	P	196
g1_qy2ZtFFW_hTYnGctjn-mncfYTycIsWsodhNdLccpaAE	s1_-iAnU6rQb3wvVzM8v5f_28bWx6eCtSJrbNJgQo9OrvI	1umvCI	pathfinder-compact-sorter-7x7	sha256:7d34820fd656875b3ac4a0142e8f22179d11b133feb3321d0eb735b2a7abd027	pathfinder-deep-10k-7x7	-	L	P	80
g1_qy7x78TKH_g660eCNNPgsul8a7GjuRMHPB6EDmGhCTA	s1_OiQ6Z32I4QWVqi9nGNGzTwsshGvALYF7xq2nWmIH3WY	1unLzt	qadv-arbiter-7x7-rust-lambda-v0.1.0	-	qadv-arbiter-7x7-rust-lambda-v0.1.0	-	L	P	196
g1_qy7x78TKH_g660eCNNPgsul8a7GjuRMHPB6EDmGhCTA	s1_RauLaTi4eVgYHSp2TV9pqs9uzTVv0B10g9TaHMWpcZ4	1unLzt	qadv-arbiter-7x7-rust-lambda-v0.1.0	-	qadv-arbiter-7x7-rust-lambda-v0.1.0	-	L	P	-
g1_qy7x78TKH_g660eCNNPgsul8a7GjuRMHPB6EDmGhCTA	s1_X5nUs776QQm0UQIGo2hhploP2XZrAn5GvTnDMSCCODo	1unLzt	qadv-arbiter-7x7-rust-lambda-v0.1.0	-	qadv-arbiter-7x7-rust-lambda-v0.1.0	-	L	P	196
g1_qy7x78TKH_g660eCNNPgsul8a7GjuRMHPB6EDmGhCTA	s1_akY85iJI8NPzzoer4Xb8GF9DjJYnMNYK51lco3dYGhE	1unLzt	qadv-arbiter-7x7-rust-lambda-v0.1.0	-	qadv-arbiter-7x7-rust-lambda-v0.1.0	-	L	P	196
g1_qy8bCtPkx9zURQS54LISrltZEBtL5920bHu_P3dDbTo	s1_O3cuwuia8XT9TI7Nxr3tRcajOA20XFHEIT2fYX3WizY	1un3i0	qadv-arbiter-guided-7x7-v0.2.0	sha256:9c0e5e530df7db77a98f6a2e75fe63a6f629c6ad6563e0b5454793ebc243b14d	pathfinder-v0.3.0	-	D	P	196
g1_qy8bCtPkx9zURQS54LISrltZEBtL5920bHu_P3dDbTo	s1_TYXHQvjQZ2GJ5isdonJSbQODrFXbVToE7ZA6YAiW1Sw	1un3i0	qadv-arbiter-guided-7x7-v0.2.0	sha256:9c0e5e530df7db77a98f6a2e75fe63a6f629c6ad6563e0b5454793ebc243b14d	pathfinder-v0.3.0	-	D	P	196
g1_qy8bCtPkx9zURQS54LISrltZEBtL5920bHu_P3dDbTo	s1_uwbLtYhCIY1sqGt_H5JQsCHIctNBX0e3jgQb5Bvcxzo	1un3i0	qadv-arbiter-guided-7x7-v0.2.0	sha256:9c0e5e530df7db77a98f6a2e75fe63a6f629c6ad6563e0b5454793ebc243b14d	pathfinder-v0.3.0	-	D	P	196
g1_qyN2UpIZN2FKW_-UMspTz94gcVb6tbzKgpZGQgHXUCQ	s1_0AUOJjPQPZ1MRMfwzS00hiN-u8aJ0dAeHixic-sp0u8	1un6dH	gnn-reval30k-7x7	sha256:7f41dbe135649d1116a0914bc0358a5ffae95749195ec20dd972035bbbea52f7	qadv-arbiter-guided-7x7-v0.2.0	sha256:9c0e5e530df7db77a98f6a2e75fe63a6f629c6ad6563e0b5454793ebc243b14d	D	P	196
g1_qyN2UpIZN2FKW_-UMspTz94gcVb6tbzKgpZGQgHXUCQ	s1_O3cuwuia8XT9TI7Nxr3tRcajOA20XFHEIT2fYX3WizY	1un6dH	gnn-reval30k-7x7	sha256:7f41dbe135649d1116a0914bc0358a5ffae95749195ec20dd972035bbbea52f7	qadv-arbiter-guided-7x7-v0.2.0	sha256:9c0e5e530df7db77a98f6a2e75fe63a6f629c6ad6563e0b5454793ebc243b14d	D	P	196
g1_qyN2UpIZN2FKW_-UMspTz94gcVb6tbzKgpZGQgHXUCQ	s1_UHtME0K2nHdWZi6cty5g9OSxM3nyUTxwVk5nkZhTkjA	1un6dH	gnn-reval30k-7x7	sha256:7f41dbe135649d1116a0914bc0358a5ffae95749195ec20dd972035bbbea52f7	qadv-arbiter-guided-7x7-v0.2.0	sha256:9c0e5e530df7db77a98f6a2e75fe63a6f629c6ad6563e0b5454793ebc243b14d	D	P	196
g1_qyN2UpIZN2FKW_-UMspTz94gcVb6tbzKgpZGQgHXUCQ	s1_ggdWG1sVOEPD2SyN9Kjsm3CphyWLYxhECrrTY9brvNQ	1un6dH	gnn-reval30k-7x7	sha256:7f41dbe135649d1116a0914bc0358a5ffae95749195ec20dd972035bbbea52f7	qadv-arbiter-guided-7x7-v0.2.0	sha256:9c0e5e530df7db77a98f6a2e75fe63a6f629c6ad6563e0b5454793ebc243b14d	D	P	196
g1_qySvwZ503nPgEAkz7qaKq2oLmE9i4LSmdPs0kd9b2Wc	s1_2FtaP75xgRVTNrUvmC0NIesJCNy8IDFJ05WNM4nUnpg	1unQf4	qadv-arbiter-7x7-v0.1.0	-	pathfinder-v0.3.0	-	D	P	196
g1_qySvwZ503nPgEAkz7qaKq2oLmE9i4LSmdPs0kd9b2Wc	s1_RauLaTi4eVgYHSp2TV9pqs9uzTVv0B10g9TaHMWpcZ4	1unQf4	qadv-arbiter-7x7-v0.1.0	-	pathfinder-v0.3.0	-	D	P	-
g1_qySvwZ503nPgEAkz7qaKq2oLmE9i4LSmdPs0kd9b2Wc	s1_aZfPBIxgJ5uYN7e0_FDKRHW6TqkrhOWX8tT7d1b945k	1unQf4	qadv-arbiter-7x7-v0.1.0	-	pathfinder-v0.3.0	-	D	P	196
g1_qySvwZ503nPgEAkz7qaKq2oLmE9i4LSmdPs0kd9b2Wc	s1_ugz8CZc_Mbk1HgSJy6UfsH61rZHTHYDTrqxTjc3uaDI	1unQf4	qadv-arbiter-7x7-v0.1.0	-	pathfinder-v0.3.0	-	D	P	196
g1_qyUKKExKMO29-xgvEw2Hblx8aDy804ELbRvNMmc78XQ	s1_2FtaP75xgRVTNrUvmC0NIesJCNy8IDFJ05WNM4nUnpg	1unQtw	qadv-arbiter-7x7-v0.1.0	-	surveyor-v0.2.0	-	D	P	196
g1_qyUKKExKMO29-xgvEw2Hblx8aDy804ELbRvNMmc78XQ	s1_OcIhgv6FF9WtyCvAMU1PuyL7ODHitqijF3HGYCGZxUE	1unQtw	qadv-arbiter-7x7-v0.1.0	-	surveyor-v0.2.0	-	D	P	196
g1_qyUKKExKMO29-xgvEw2Hblx8aDy804ELbRvNMmc78XQ	s1_RauLaTi4eVgYHSp2TV9pqs9uzTVv0B10g9TaHMWpcZ4	1unQtw	qadv-arbiter-7x7-v0.1.0	-	surveyor-v0.2.0	-	D	P	-
g1_qyUKKExKMO29-xgvEw2Hblx8aDy804ELbRvNMmc78XQ	s1_zH0KlMvO9ekIb5d7JNxQA4unGlzevAXAO2itKEdaQkg	1unQtw	qadv-arbiter-7x7-v0.1.0	-	surveyor-v0.2.0	-	D	P	196
g1_qyXRWnGWIhYSTDvPze1UGoS6pHBH3rmU6rfdBNSbfxE	s1_4pJU40TObpX-eoo7-TDiEHjkjNierPkAS9XTv94DUaI	1unNrV	qadv-arbiter-7x7-rust-lambda-v0.1.0	-	qadv-arbiter-7x7-rust-lambda-v0.1.0	-	D	P	196
g1_qyXRWnGWIhYSTDvPze1UGoS6pHBH3rmU6rfdBNSbfxE	s1_RauLaTi4eVgYHSp2TV9pqs9uzTVv0B10g9TaHMWpcZ4	1unNrV	qadv-arbiter-7x7-rust-lambda-v0.1.0	-	qadv-arbiter-7x7-rust-lambda-v0.1.0	-	D	P	-
g1_qyXRWnGWIhYSTDvPze1UGoS6pHBH3rmU6rfdBNSbfxE	s1_nQK1mDx4WaSeuOthrF3DrIs7hXeG_5WwbT3hO7hl6XY	1unNrV	qadv-arbiter-7x7-rust-lambda-v0.1.0	-	qadv-arbiter-7x7-rust-lambda-v0.1.0	-	D	P	196
g1_qyXRWnGWIhYSTDvPze1UGoS6pHBH3rmU6rfdBNSbfxE	s1_o67lDk2r1WUyi0_jikngjVqJFpfL1sPcQoceNM6jJgs	1unNrV	qadv-arbiter-7x7-rust-lambda-v0.1.0	-	qadv-arbiter-7x7-rust-lambda-v0.1.0	-	D	P	196
g1_qyfaIEClh6OqHF5DnRPXgQhCuxYbY-Iy4gDgiH8hwhs	s1_IMImt5GVdLnUy_q89eBUDlMM6jVY4A16dGhtbgbJ0go	1unMhf	qadv-arbiter-7x7-rust-lambda-v0.1.0	-	qadv-arbiter-7x7-rust-lambda-v0.1.0	-	L	P	196
g1_qyfaIEClh6OqHF5DnRPXgQhCuxYbY-Iy4gDgiH8hwhs	s1_RauLaTi4eVgYHSp2TV9pqs9uzTVv0B10g9TaHMWpcZ4	1unMhf	qadv-arbiter-7x7-rust-lambda-v0.1.0	-	qadv-arbiter-7x7-rust-lambda-v0.1.0	-	L	P	-
g1_qyfaIEClh6OqHF5DnRPXgQhCuxYbY-Iy4gDgiH8hwhs	s1_aazEcgapXDGy8gwjcObDADHObVTFxCra4IpTOK9-ONA	1unMhf	qadv-arbiter-7x7-rust-lambda-v0.1.0	-	qadv-arbiter-7x7-rust-lambda-v0.1.0	-	L	P	196
g1_qyfaIEClh6OqHF5DnRPXgQhCuxYbY-Iy4gDgiH8hwhs	s1_kG4a1nKkGqumuJMWnBUjdXL_SNFZ9lo0hsUPAFVELXY	1unMhf	qadv-arbiter-7x7-rust-lambda-v0.1.0	-	qadv-arbiter-7x7-rust-lambda-v0.1.0	-	L	P	196
g1_qylTqW6mSNFXMwq4OEBkPxKkOaR_bxT-6sym0dtkRzQ	s1_RauLaTi4eVgYHSp2TV9pqs9uzTVv0B10g9TaHMWpcZ4	1unMwg	qadv-arbiter-7x7-rust-lambda-v0.1.0	-	qadv-arbiter-7x7-rust-lambda-v0.1.0	-	D	P	-
g1_qylTqW6mSNFXMwq4OEBkPxKkOaR_bxT-6sym0dtkRzQ	s1_WD6t-6ZeAMdoVr-QqNv5CNeTuYUPEOFAeF9l_9kZqXU	1unMwg	qadv-arbiter-7x7-rust-lambda-v0.1.0	-	qadv-arbiter-7x7-rust-lambda-v0.1.0	-	D	P	196
g1_qylTqW6mSNFXMwq4OEBkPxKkOaR_bxT-6sym0dtkRzQ	s1_bXjV5zy9GAcE3_m9LIjQUN2BBUWGr7zpdb7I8kjcwsc	1unMwg	qadv-arbiter-7x7-rust-lambda-v0.1.0	-	qadv-arbiter-7x7-rust-lambda-v0.1.0	-	D	P	196
g1_qylTqW6mSNFXMwq4OEBkPxKkOaR_bxT-6sym0dtkRzQ	s1_xj012VpPM3BAT_QupNBGxaIJeWkj_NFxVRCNqujv1Jg	1unMwg	qadv-arbiter-7x7-rust-lambda-v0.1.0	-	qadv-arbiter-7x7-rust-lambda-v0.1.0	-	D	P	196
g1_qypbefUneCGEFzqSmaPnnJFgMhJO2T9cYD5dgA_lT0s	s1_3IIwpA8qNyAxBktSC3dk85QZr6El85UxsqLqfLbGJ2k	1unNOD	qadv-arbiter-7x7-rust-lambda-v0.1.0	-	qadv-arbiter-7x7-rust-lambda-v0.1.0	-	D	P	196
g1_qypbefUneCGEFzqSmaPnnJFgMhJO2T9cYD5dgA_lT0s	s1_8NPrfKgCl4I4hWdAYm65UR8Ds5DxlQ5caKpr899oYKM	1unNOD	qadv-arbiter-7x7-rust-lambda-v0.1.0	-	qadv-arbiter-7x7-rust-lambda-v0.1.0	-	D	P	196
g1_qypbefUneCGEFzqSmaPnnJFgMhJO2T9cYD5dgA_lT0s	s1_9wfHz-qogabYZAxw4ZJbFisIXYk-r_NoxRAHqWAyJxc	1unNOD	qadv-arbiter-7x7-rust-lambda-v0.1.0	-	qadv-arbiter-7x7-rust-lambda-v0.1.0	-	D	P	196
g1_qypbefUneCGEFzqSmaPnnJFgMhJO2T9cYD5dgA_lT0s	s1_RauLaTi4eVgYHSp2TV9pqs9uzTVv0B10g9TaHMWpcZ4	1unNOD	qadv-arbiter-7x7-rust-lambda-v0.1.0	-	qadv-arbiter-7x7-rust-lambda-v0.1.0	-	D	P	-
g1_qz9sI2bXBN07A0ykML5X9UgfciF0Q4_KebMpeg0muro	s1__fmnSv6OnZklVvMPUjPdL6drtvfrJptRYX3nxZQO8jI	1umxy1	python-gnn-puct-scout-v0.1.0	sha256:b9f80706cc1f29076ee06fe06483697c749148a808c599579045d00a52573938	python-gnn-puct-scout-v0.1.0	sha256:b9f80706cc1f29076ee06fe06483697c749148a808c599579045d00a52573938	L	P	196
g1_qzK8u-fS34fE3aSd241MBrpJXVTTrupo5VksLDj2It0	s1_O3cuwuia8XT9TI7Nxr3tRcajOA20XFHEIT2fYX3WizY	1un850	qadv-arbiter-guided-7x7-v0.2.0	sha256:9c0e5e530df7db77a98f6a2e75fe63a6f629c6ad6563e0b5454793ebc243b14d	lunatic-v0.1.0	-	L	P	196
g1_qzK8u-fS34fE3aSd241MBrpJXVTTrupo5VksLDj2It0	s1_drwWHr88n5PHYXIJGnKpx-y8JqbXQRDIoBOZBq51V9A	1un850	qadv-arbiter-guided-7x7-v0.2.0	sha256:9c0e5e530df7db77a98f6a2e75fe63a6f629c6ad6563e0b5454793ebc243b14d	lunatic-v0.1.0	-	L	P	196
g1_qzK8u-fS34fE3aSd241MBrpJXVTTrupo5VksLDj2It0	s1_uNE2RRSas7wVxrbKCpysvoEzwr-UauUp2QWOY6qQOQ8	1un850	qadv-arbiter-guided-7x7-v0.2.0	sha256:9c0e5e530df7db77a98f6a2e75fe63a6f629c6ad6563e0b5454793ebc243b14d	lunatic-v0.1.0	-	L	P	196
g1_qzNw5UVNE30XShPyFbNoxSUpRLaFbSbAlpuGn-6KvDQ	s1_7FIu85-v_e-kbNsQ2UNk3yRt-KGcLyUjpmVwIc9cnfM	1umwGE	python-gnn-puct-scout-v0.1.0	sha256:b9f80706cc1f29076ee06fe06483697c749148a808c599579045d00a52573938	python-gnn-puct-scout-v0.1.0	sha256:b9f80706cc1f29076ee06fe06483697c749148a808c599579045d00a52573938	L	P	196
g1_qzNw5UVNE30XShPyFbNoxSUpRLaFbSbAlpuGn-6KvDQ	s1_S8AGNBNcWBvWiwIo-AOAHPoHuZo2XvcsYvhgQxGTkrY	1umwGE	python-gnn-puct-scout-v0.1.0	sha256:b9f80706cc1f29076ee06fe06483697c749148a808c599579045d00a52573938	python-gnn-puct-scout-v0.1.0	sha256:b9f80706cc1f29076ee06fe06483697c749148a808c599579045d00a52573938	L	P	196
g1_qzXHRmuJjUHGskbZPxa275XBSnC4q9gr27oTszeE-fg	s1_RauLaTi4eVgYHSp2TV9pqs9uzTVv0B10g9TaHMWpcZ4	1unO-C	qadv-arbiter-7x7-rust-lambda-v0.1.0	-	qadv-arbiter-7x7-rust-lambda-v0.1.0	-	L	P	-
g1_qzXHRmuJjUHGskbZPxa275XBSnC4q9gr27oTszeE-fg	s1_UsekLL1cFbVhlVHP6diC5IHnsvXcDISkXwPG1ivRKbU	1unO-C	qadv-arbiter-7x7-rust-lambda-v0.1.0	-	qadv-arbiter-7x7-rust-lambda-v0.1.0	-	L	P	196
g1_qzXHRmuJjUHGskbZPxa275XBSnC4q9gr27oTszeE-fg	s1_WQTfP2VA0YuW165yuQGAwAA1aHUBU6VIhoQQG0s9tjI	1unO-C	qadv-arbiter-7x7-rust-lambda-v0.1.0	-	qadv-arbiter-7x7-rust-lambda-v0.1.0	-	L	P	196
g1_qzXHRmuJjUHGskbZPxa275XBSnC4q9gr27oTszeE-fg	s1_joSdl9fRke-URQGapJdNV-q8D6nxi-xdYAf6Ml6SmrQ	1unO-C	qadv-arbiter-7x7-rust-lambda-v0.1.0	-	qadv-arbiter-7x7-rust-lambda-v0.1.0	-	L	P	196
g1_qzXO9namkKDGX1LUVjR2Vo_xOeRPCs79nXAIEjfppow	s1_1av6nXQkq-GSHXfjkVlGHGpAq8F9UbW4JwZmyFA-vww	1umvHD	python-gnn-puct-learner-v0.1.0	sha256:ab0f739cd33d66781faf60e27797c5ccba3c04ba684f8d9e32e9c2754f4e8956	python-gnn-puct-learner-v0.1.0	sha256:ab0f739cd33d66781faf60e27797c5ccba3c04ba684f8d9e32e9c2754f4e8956	L	P	196
g1_qzXO9namkKDGX1LUVjR2Vo_xOeRPCs79nXAIEjfppow	s1_Brk0hkuJoH-MBjdd53AO5tlWcOgDWV_R0PO74fHGd_0	1umvHD	python-gnn-puct-learner-v0.1.0	sha256:ab0f739cd33d66781faf60e27797c5ccba3c04ba684f8d9e32e9c2754f4e8956	python-gnn-puct-learner-v0.1.0	sha256:ab0f739cd33d66781faf60e27797c5ccba3c04ba684f8d9e32e9c2754f4e8956	L	P	196
g1_qzXO9namkKDGX1LUVjR2Vo_xOeRPCs79nXAIEjfppow	s1_QBFUsDtxokERlDOdQkleYbPvhJ-vIp2qmp6DXjS-7oM	1umvHD	python-gnn-puct-learner-v0.1.0	sha256:ab0f739cd33d66781faf60e27797c5ccba3c04ba684f8d9e32e9c2754f4e8956	python-gnn-puct-learner-v0.1.0	sha256:ab0f739cd33d66781faf60e27797c5ccba3c04ba684f8d9e32e9c2754f4e8956	L	P	196
g1_qzZLfhr9Y0gdQfjA9KqYUW3e2knLLCuQqljP2mcKzmU	s1_7eRoj9xZ8HKZDOdf-1eBC2GP06oj3-sGZnrdejpGi_Y	1unNi7	qadv-arbiter-7x7-rust-lambda-v0.1.0	-	qadv-arbiter-7x7-rust-lambda-v0.1.0	-	D	P	196
g1_qzZLfhr9Y0gdQfjA9KqYUW3e2knLLCuQqljP2mcKzmU	s1_LVsqPJ15fEfwIvIZubh6RdbSoc3Kpf4mT0fGgX_ZF-I	1unNi7	qadv-arbiter-7x7-rust-lambda-v0.1.0	-	qadv-arbiter-7x7-rust-lambda-v0.1.0	-	D	P	196
g1_qzZLfhr9Y0gdQfjA9KqYUW3e2knLLCuQqljP2mcKzmU	s1_RauLaTi4eVgYHSp2TV9pqs9uzTVv0B10g9TaHMWpcZ4	1unNi7	qadv-arbiter-7x7-rust-lambda-v0.1.0	-	qadv-arbiter-7x7-rust-lambda-v0.1.0	-	D	P	-
g1_qzZLfhr9Y0gdQfjA9KqYUW3e2knLLCuQqljP2mcKzmU	s1_T-CZWKDngmH5aVz9_Kd90ENJUKXXZOW7aDmpG74A4RA	1unNi7	qadv-arbiter-7x7-rust-lambda-v0.1.0	-	qadv-arbiter-7x7-rust-lambda-v0.1.0	-	D	P	196
g1_qznEg4BWf93ctafzLLBHK43LEwIY5S1kCMyNCWvumk0	s1_OLqRGJB23wBhdu4ojw1TPAjhBNPvFILsrfthw5lzR_M	1unP-X	qadv-arbiter-7x7-rust-lambda-v0.1.0	-	qadv-arbiter-7x7-rust-lambda-v0.1.0	-	L	P	196
g1_qznEg4BWf93ctafzLLBHK43LEwIY5S1kCMyNCWvumk0	s1_RauLaTi4eVgYHSp2TV9pqs9uzTVv0B10g9TaHMWpcZ4	1unP-X	qadv-arbiter-7x7-rust-lambda-v0.1.0	-	qadv-arbiter-7x7-rust-lambda-v0.1.0	-	L	P	-
g1_qznEg4BWf93ctafzLLBHK43LEwIY5S1kCMyNCWvumk0	s1_RwKq2FHAwdDRmpOcmCkdt5VuYIfLNEi2ShOnHvkZnwk	1unP-X	qadv-arbiter-7x7-rust-lambda-v0.1.0	-	qadv-arbiter-7x7-rust-lambda-v0.1.0	-	L	P	196
g1_qznEg4BWf93ctafzLLBHK43LEwIY5S1kCMyNCWvumk0	s1_ooVwy7YxjL8SlxOw5PxgmThINHRioYYPqJgkDh27dnE	1unP-X	qadv-arbiter-7x7-rust-lambda-v0.1.0	-	qadv-arbiter-7x7-rust-lambda-v0.1.0	-	L	P	196
g1_qzslQ7Sxg54VdmG7uRJL1GuAzccuB777CR_lrFwewc0	s1_1av6nXQkq-GSHXfjkVlGHGpAq8F9UbW4JwZmyFA-vww	1umvPo	python-gnn-puct-learner-v0.1.0	sha256:ab0f739cd33d66781faf60e27797c5ccba3c04ba684f8d9e32e9c2754f4e8956	python-gnn-puct-learner-v0.1.0	sha256:ab0f739cd33d66781faf60e27797c5ccba3c04ba684f8d9e32e9c2754f4e8956	D	P	196
g1_qzslQ7Sxg54VdmG7uRJL1GuAzccuB777CR_lrFwewc0	s1_Brk0hkuJoH-MBjdd53AO5tlWcOgDWV_R0PO74fHGd_0	1umvPo	python-gnn-puct-learner-v0.1.0	sha256:ab0f739cd33d66781faf60e27797c5ccba3c04ba684f8d9e32e9c2754f4e8956	python-gnn-puct-learner-v0.1.0	sha256:ab0f739cd33d66781faf60e27797c5ccba3c04ba684f8d9e32e9c2754f4e8956	D	P	196
g1_qzslQ7Sxg54VdmG7uRJL1GuAzccuB777CR_lrFwewc0	s1_QBFUsDtxokERlDOdQkleYbPvhJ-vIp2qmp6DXjS-7oM	1umvPo	python-gnn-puct-learner-v0.1.0	sha256:ab0f739cd33d66781faf60e27797c5ccba3c04ba684f8d9e32e9c2754f4e8956	python-gnn-puct-learner-v0.1.0	sha256:ab0f739cd33d66781faf60e27797c5ccba3c04ba684f8d9e32e9c2754f4e8956	D	P	196
g1_qztl2ohyV9Swr9JF5f-tf9vUXb5IOOasR90xrzRoQ1w	s1_1av6nXQkq-GSHXfjkVlGHGpAq8F9UbW4JwZmyFA-vww	1DIYT	lunatic-v0.1.0	-	rust-pathfinder-v0.1.0	-	D	P	-
g1_qztl2ohyV9Swr9JF5f-tf9vUXb5IOOasR90xrzRoQ1w	s1_9Eroywf7tuDrn-hcfZPjlEa1DSRUykCRn9Z11u8ySIo	1DIYT	lunatic-v0.1.0	-	rust-pathfinder-v0.1.0	-	D	P	-
g1_qztl2ohyV9Swr9JF5f-tf9vUXb5IOOasR90xrzRoQ1w	s1_Brk0hkuJoH-MBjdd53AO5tlWcOgDWV_R0PO74fHGd_0	1DIYT	lunatic-v0.1.0	-	rust-pathfinder-v0.1.0	-	D	P	-
g1_qztl2ohyV9Swr9JF5f-tf9vUXb5IOOasR90xrzRoQ1w	s1_KmF8KhDbubz6lwdS8R_n_yTGdSONmH9B1wUABbyCj94	1DIYT	lunatic-v0.1.0	-	rust-pathfinder-v0.1.0	-	D	P	-
g1_qztl2ohyV9Swr9JF5f-tf9vUXb5IOOasR90xrzRoQ1w	s1_MKrI0a3Qd48rU7oZj28GrlQ3cHhIbUzS5ibiIW9aKy4	1DIYT	lunatic-v0.1.0	-	rust-pathfinder-v0.1.0	-	D	P	-
g1_qztl2ohyV9Swr9JF5f-tf9vUXb5IOOasR90xrzRoQ1w	s1_XloMUS0hxYEXf762lcPfaudsLmsH-CsOVZNVVU_obcA	1DIYT	lunatic-v0.1.0	-	rust-pathfinder-v0.1.0	-	D	P	-
g1_qztl2ohyV9Swr9JF5f-tf9vUXb5IOOasR90xrzRoQ1w	s1_g5pGkHBMEhzAYvwFY0b24sSc7wC9JfnWApMHHZ_aMPI	1DIYT	lunatic-v0.1.0	-	rust-pathfinder-v0.1.0	-	D	P	-
