# g1-key	source	seed64	light	light-model	dark	dark-model	winner	reason	max-plies
g1_3-BwnRLMtVhefVcU-pk0PWyY0lBwMiFvdp9kHMRitck	s1_RauLaTi4eVgYHSp2TV9pqs9uzTVv0B10g9TaHMWpcZ4	1unP_a	qadv-arbiter-7x7-rust-lambda-v0.1.0	-	qadv-arbiter-7x7-rust-lambda-v0.1.0	-	L	P	-
g1_3-BwnRLMtVhefVcU-pk0PWyY0lBwMiFvdp9kHMRitck	s1_cmBxvBECoo2FnosXDh2ST7kXRxPEzsbP5TBxN-C_peo	1unP_a	qadv-arbiter-7x7-rust-lambda-v0.1.0	-	qadv-arbiter-7x7-rust-lambda-v0.1.0	-	L	P	196
g1_3-BwnRLMtVhefVcU-pk0PWyY0lBwMiFvdp9kHMRitck	s1_rQrXxahfne0IZ9BcJfBFRnJoazkyoI-MxcXcWNqTDH0	1unP_a	qadv-arbiter-7x7-rust-lambda-v0.1.0	-	qadv-arbiter-7x7-rust-lambda-v0.1.0	-	L	P	196
g1_3-BwnRLMtVhefVcU-pk0PWyY0lBwMiFvdp9kHMRitck	s1_uKRAyAE9OMTy4_CXBYtzlBD9t7SeFuSWYehyFh9-HgI	1unP_a	qadv-arbiter-7x7-rust-lambda-v0.1.0	-	qadv-arbiter-7x7-rust-lambda-v0.1.0	-	L	P	196
g1_3-Hdy4wIiP_WKg0ULP36ltsCqmPEZzyBkMLlJBpgGDs	s1_-OKlJXuPFfAnukwGYITjiU7XKL4OC_qt76PC0TZSPjg	1umvdq	python-cnn-puct-v0.1.0	sha256:7845e9b7687beee165dc36b8d21833b7a8b5a83e31b58b49bd05c277ba26e642	python-cnn-puct-v0.1.0	sha256:7845e9b7687beee165dc36b8d21833b7a8b5a83e31b58b49bd05c277ba26e642	-	M	196
g1_3-Hdy4wIiP_WKg0ULP36ltsCqmPEZzyBkMLlJBpgGDs	s1_1av6nXQkq-GSHXfjkVlGHGpAq8F9UbW4JwZmyFA-vww	1umvdq	python-cnn-puct-v0.1.0	sha256:7845e9b7687beee165dc36b8d21833b7a8b5a83e31b58b49bd05c277ba26e642	python-cnn-puct-v0.1.0	sha256:7845e9b7687beee165dc36b8d21833b7a8b5a83e31b58b49bd05c277ba26e642	-	M	196
g1_3-Hdy4wIiP_WKg0ULP36ltsCqmPEZzyBkMLlJBpgGDs	s1_Brk0hkuJoH-MBjdd53AO5tlWcOgDWV_R0PO74fHGd_0	1umvdq	python-cnn-puct-v0.1.0	sha256:7845e9b7687beee165dc36b8d21833b7a8b5a83e31b58b49bd05c277ba26e642	python-cnn-puct-v0.1.0	sha256:7845e9b7687beee165dc36b8d21833b7a8b5a83e31b58b49bd05c277ba26e642	-	M	196
g1_3-JlHRxyvH7X5iodkCj4pkcO2KjK7k5aaEqz7Skqy84	s1_836MKqWxvnNnqMvncVOCgLZoft9gqfM2dNNG_qL8COI	1unMuJ	qadv-arbiter-7x7-rust-lambda-v0.1.0	-	qadv-arbiter-7x7-rust-lambda-v0.1.0	-	D	P	196
g1_3-JlHRxyvH7X5iodkCj4pkcO2KjK7k5aaEqz7Skqy84	s1_Ofuuw5aCipb8nYMV6Ul2VPAtlfqFjnaEiiOrNMWFN24	1unMuJ	qadv-arbiter-7x7-rust-lambda-v0.1.0	-	qadv-arbiter-7x7-rust-lambda-v0.1.0	-	D	P	196
g1_3-JlHRxyvH7X5iodkCj4pkcO2KjK7k5aaEqz7Skqy84	s1_RauLaTi4eVgYHSp2TV9pqs9uzTVv0B10g9TaHMWpcZ4	1unMuJ	qadv-arbiter-7x7-rust-lambda-v0.1.0	-	qadv-arbiter-7x7-rust-lambda-v0.1.0	-	D	P	-
g1_3-JlHRxyvH7X5iodkCj4pkcO2KjK7k5aaEqz7Skqy84	s1_pDTrZKnu8DU0E7Pko8gTuV_UElzPRuti6CM3a2kCxFw	1unMuJ	qadv-arbiter-7x7-rust-lambda-v0.1.0	-	qadv-arbiter-7x7-rust-lambda-v0.1.0	-	D	P	196
g1_3-LaDVMsDOXP9WKjidDMjcE1WEjkeCW83HQfPku_ybc	s1_O3cuwuia8XT9TI7Nxr3tRcajOA20XFHEIT2fYX3WizY	1un59j	surveyor-v0.2.0	-	qadv-arbiter-guided-7x7-v0.2.0	sha256:9c0e5e530df7db77a98f6a2e75fe63a6f629c6ad6563e0b5454793ebc243b14d	L	P	196
g1_3-LaDVMsDOXP9WKjidDMjcE1WEjkeCW83HQfPku_ybc	s1_ROUz_g0kquKNGB878B9BMwA5nL4cZcvmffEeoUgiR_k	1un59j	surveyor-v0.2.0	-	qadv-arbiter-guided-7x7-v0.2.0	sha256:9c0e5e530df7db77a98f6a2e75fe63a6f629c6ad6563e0b5454793ebc243b14d	L	P	196
g1_3-LaDVMsDOXP9WKjidDMjcE1WEjkeCW83HQfPku_ybc	s1_TNJsSJjRaHDJ2Q7UUQmoz_QE1P-V3BTy5CQvqN4z6Bw	1un59j	surveyor-v0.2.0	-	qadv-arbiter-guided-7x7-v0.2.0	sha256:9c0e5e530df7db77a98f6a2e75fe63a6f629c6ad6563e0b5454793ebc243b14d	L	P	196
g1_3-Sc4npymtsY17of-i-o-PsgzNJK7Z1eFYUThtd6MyM	s1_B8MAS_sAvZmgMURSUg_LA_XZrA7VjqQmikn1F3znVTI	1unNms	qadv-arbiter-7x7-rust-lambda-v0.1.0	-	qadv-arbiter-7x7-rust-lambda-v0.1.0	-	L	P	196
g1_3-Sc4npymtsY17of-i-o-PsgzNJK7Z1eFYUThtd6MyM	s1_CEqhlmTR02TGTBhmAfpcZL27GaFS0PMRiyv-UJ_HF_E	1unNms	qadv-arbiter-7x7-rust-lambda-v0.1.0	-	qadv-arbiter-7x7-rust-lambda-v0.1.0	-	L	P	196
g1_3-Sc4npymtsY17of-i-o-PsgzNJK7Z1eFYUThtd6MyM	s1_IDizXapnxJQKNHlmqnDxRX6-bBG3hQ6RbW9SOXL7QcI	1unNms	qadv-arbiter-7x7-rust-lambda-v0.1.0	-	qadv-arbiter-7x7-rust-lambda-v0.1.0	-	L	P	196
g1_3-Sc4npymtsY17of-i-o-PsgzNJK7Z1eFYUThtd6MyM	s1_RauLaTi4eVgYHSp2TV9pqs9uzTVv0B10g9TaHMWpcZ4	1unNms	qadv-arbiter-7x7-rust-lambda-v0.1.0	-	qadv-arbiter-7x7-rust-lambda-v0.1.0	-	L	P	-
g1_3-renxGoqdOh5BIAoi0GDOsq3kXypqKaIBKN4zh-Bj8	s1_PkBEZttyXZ9mZyWvj38mwnHUgL5pgVc7Jk3uq-EriPQ	1unPy3	qadv-arbiter-7x7-rust-lambda-v0.1.0	-	qadv-arbiter-7x7-rust-lambda-v0.1.0	-	D	P	196
g1_3-renxGoqdOh5BIAoi0GDOsq3kXypqKaIBKN4zh-Bj8	s1_RauLaTi4eVgYHSp2TV9pqs9uzTVv0B10g9TaHMWpcZ4	1unPy3	qadv-arbiter-7x7-rust-lambda-v0.1.0	-	qadv-arbiter-7x7-rust-lambda-v0.1.0	-	D	P	-
g1_3-renxGoqdOh5BIAoi0GDOsq3kXypqKaIBKN4zh-Bj8	s1_WVrU38i7tBRVLcCgQDr6zXTASdnsLKEPJdSyvY5uPPw	1unPy3	qadv-arbiter-7x7-rust-lambda-v0.1.0	-	qadv-arbiter-7x7-rust-lambda-v0.1.0	-	D	P	196
g1_3-renxGoqdOh5BIAoi0GDOsq3kXypqKaIBKN4zh-Bj8	s1_Y2bsNZHi_RzH6iyy8rRo3HIb60n5CeyoDxJejkUa9sc	1unPy3	qadv-arbiter-7x7-rust-lambda-v0.1.0	-	qadv-arbiter-7x7-rust-lambda-v0.1.0	-	D	P	196
g1_3-vSBAWoj4xbpTrtQJ487rv77wEUIHVzC_xXIPF2asw	s1_-OKlJXuPFfAnukwGYITjiU7XKL4OC_qt76PC0TZSPjg	1umvcu	python-cnn-puct-v0.1.0	sha256:7845e9b7687beee165dc36b8d21833b7a8b5a83e31b58b49bd05c277ba26e642	python-cnn-puct-v0.1.0	sha256:7845e9b7687beee165dc36b8d21833b7a8b5a83e31b58b49bd05c277ba26e642	D	P	196
g1_3-vSBAWoj4xbpTrtQJ487rv77wEUIHVzC_xXIPF2asw	s1_1av6nXQkq-GSHXfjkVlGHGpAq8F9UbW4JwZmyFA-vww	1umvcu	python-cnn-puct-v0.1.0	sha256:7845e9b7687beee165dc36b8d21833b7a8b5a83e31b58b49bd05c277ba26e642	python-cnn-puct-v0.1.0	sha256:7845e9b7687beee165dc36b8d21833b7a8b5a83e31b58b49bd05c277ba26e642	D	P	196
g1_3-vSBAWoj4xbpTrtQJ487rv77wEUIHVzC_xXIPF2asw	s1_Brk0hkuJoH-MBjdd53AO5tlWcOgDWV_R0PO74fHGd_0	1umvcu	python-cnn-puct-v0.1.0	sha256:7845e9b7687beee165dc36b8d21833b7a8b5a83e31b58b49bd05c277ba26e642	python-cnn-puct-v0.1.0	sha256:7845e9b7687beee165dc36b8d21833b7a8b5a83e31b58b49bd05c277ba26e642	D	P	196
g1_3-zNVvKB_SQdShYFR9mCxq7PVmUPcH6eumS8-BMxNho	s1_1av6nXQkq-GSHXfjkVlGHGpAq8F9UbW4JwZmyFA-vww	1umvSA	cnn-baseline-7x7	sha256:f4969554372b34d9773382cf5cd8e3f20890ccedfb1e6c685984c6c94fbb6203	lunatic-v0.1.0	-	D	P	196
g1_3-zNVvKB_SQdShYFR9mCxq7PVmUPcH6eumS8-BMxNho	s1_Brk0hkuJoH-MBjdd53AO5tlWcOgDWV_R0PO74fHGd_0	1umvSA	cnn-baseline-7x7	sha256:f4969554372b34d9773382cf5cd8e3f20890ccedfb1e6c685984c6c94fbb6203	lunatic-v0.1.0	-	D	P	196
g1_3-zNVvKB_SQdShYFR9mCxq7PVmUPcH6eumS8-BMxNho	s1_dcEgf_s_8JfAgzbYFm9Z15BWrFU6bsc6MzE1gZNvlP4	1umvSA	cnn-baseline-7x7	sha256:f4969554372b34d9773382cf5cd8e3f20890ccedfb1e6c685984c6c94fbb6203	lunatic-v0.1.0	-	D	P	196
g1_300AkyIZTjyuXzxR1vPbto54r9HKvB5xGMjrlO90Xvw	s1_Al9giIM9f9enSTpg3y88sY4uoZRXZikLjiE6Y25TovA	1unPET	qadv-arbiter-7x7-rust-lambda-v0.1.0	-	qadv-arbiter-7x7-rust-lambda-v0.1.0	-	D	P	196
g1_300AkyIZTjyuXzxR1vPbto54r9HKvB5xGMjrlO90Xvw	s1_IghRCllN05c0XvW4afLgQbzrM02BII0Ab7Rrs95swWo	1unPET	qadv-arbiter-7x7-rust-lambda-v0.1.0	-	qadv-arbiter-7x7-rust-lambda-v0.1.0	-	D	P	196
g1_300AkyIZTjyuXzxR1vPbto54r9HKvB5xGMjrlO90Xvw	s1_RauLaTi4eVgYHSp2TV9pqs9uzTVv0B10g9TaHMWpcZ4	1unPET	qadv-arbiter-7x7-rust-lambda-v0.1.0	-	qadv-arbiter-7x7-rust-lambda-v0.1.0	-	D	P	-
g1_300AkyIZTjyuXzxR1vPbto54r9HKvB5xGMjrlO90Xvw	s1_iKZvy0W-MnXrLI_61opDt2bQzJDlh-XNjOxRCS5UzmE	1unPET	qadv-arbiter-7x7-rust-lambda-v0.1.0	-	qadv-arbiter-7x7-rust-lambda-v0.1.0	-	D	P	196
g1_307SJW0B5sw4ThH5blh9v-diRW7dswSr04K-L0inK3A	s1_1av6nXQkq-GSHXfjkVlGHGpAq8F9UbW4JwZmyFA-vww	1umv1O	rust-pathfinder-v0.1.0	-	lunatic-v0.1.0	-	L	P	-
g1_307SJW0B5sw4ThH5blh9v-diRW7dswSr04K-L0inK3A	s1_9Eroywf7tuDrn-hcfZPjlEa1DSRUykCRn9Z11u8ySIo	1umv1O	rust-pathfinder-v0.1.0	-	lunatic-v0.1.0	-	L	P	-
g1_307SJW0B5sw4ThH5blh9v-diRW7dswSr04K-L0inK3A	s1_Brk0hkuJoH-MBjdd53AO5tlWcOgDWV_R0PO74fHGd_0	1umv1O	rust-pathfinder-v0.1.0	-	lunatic-v0.1.0	-	L	P	-
g1_307SJW0B5sw4ThH5blh9v-diRW7dswSr04K-L0inK3A	s1_KmF8KhDbubz6lwdS8R_n_yTGdSONmH9B1wUABbyCj94	1umv1O	rust-pathfinder-v0.1.0	-	lunatic-v0.1.0	-	L	P	-
g1_307SJW0B5sw4ThH5blh9v-diRW7dswSr04K-L0inK3A	s1_S06ybw0yDIIqiOwgmMxEdlMUe_DdAoxGfY5D91Fh580	1umv1O	rust-pathfinder-v0.1.0	-	lunatic-v0.1.0	-	L	P	-
g1_307SJW0B5sw4ThH5blh9v-diRW7dswSr04K-L0inK3A	s1_g5pGkHBMEhzAYvwFY0b24sSc7wC9JfnWApMHHZ_aMPI	1umv1O	rust-pathfinder-v0.1.0	-	lunatic-v0.1.0	-	L	P	-
g1_307SJW0B5sw4ThH5blh9v-diRW7dswSr04K-L0inK3A	s1_yzrkPDA5egXCkdg9BV9wK4-9CohJuc_ZO3uCNV9xrw8	1umv1O	rust-pathfinder-v0.1.0	-	lunatic-v0.1.0	-	L	P	-
g1_309-OHnc0uI-m4qXeyuR9aY5_03i9868qzIec7d7sCA	s1_IC_OWrFYVZewZ_OR_V63Gu_vfNzZWsoK7fbqjZUm0fw	1unMFW	qadv-arbiter-7x7-rust-lambda-v0.1.0	-	qadv-arbiter-7x7-rust-lambda-v0.1.0	-	L	P	196
g1_309-OHnc0uI-m4qXeyuR9aY5_03i9868qzIec7d7sCA	s1_OWhJL6XPtm3upkWxjSNuMhJJ3YJPKmNUOoj_Z8f9n1A	1unMFW	qadv-arbiter-7x7-rust-lambda-v0.1.0	-	qadv-arbiter-7x7-rust-lambda-v0.1.0	-	L	P	196
g1_309-OHnc0uI-m4qXeyuR9aY5_03i9868qzIec7d7sCA	s1_RauLaTi4eVgYHSp2TV9pqs9uzTVv0B10g9TaHMWpcZ4	1unMFW	qadv-arbiter-7x7-rust-lambda-v0.1.0	-	qadv-arbiter-7x7-rust-lambda-v0.1.0	-	L	P	-
g1_309-OHnc0uI-m4qXeyuR9aY5_03i9868qzIec7d7sCA	s1_sU1yDJAUBjnX0xAg3_MTn7tHOzfp4wgt0F8Mc3O__RQ	1unMFW	qadv-arbiter-7x7-rust-lambda-v0.1.0	-	qadv-arbiter-7x7-rust-lambda-v0.1.0	-	L	P	196
g1_30EInIme0QcWybJvimzF27iPvVZE_z_2Y_12ZSJ9tB8	s1_flXyOBW6T9LLVDFIvXBGel1MoVNZcUcMFIJnB9yLapU	1umx3n	python-gnn-puct-reval30k-v0.1.0	sha256:6120be86fc469df71473c3de64e5e32f99694cd47d621fa5948f243dc51d3d21	python-gnn-puct-reval30k-v0.1.0	sha256:6120be86fc469df71473c3de64e5e32f99694cd47d621fa5948f243dc51d3d21	L	P	196
g1_30HjtyBmHj7B_9pIyUakJpAHe30GwQO845ENNApMF-o	s1_-TJmHnZb0d2rbbXCOm-_xdnPd_Jx2qrPDW09AvbkifA	1unNRS	qadv-arbiter-7x7-rust-lambda-v0.1.0	-	qadv-arbiter-7x7-rust-lambda-v0.1.0	-	D	P	196
g1_30HjtyBmHj7B_9pIyUakJpAHe30GwQO845ENNApMF-o	s1_RauLaTi4eVgYHSp2TV9pqs9uzTVv0B10g9TaHMWpcZ4	1unNRS	qadv-arbiter-7x7-rust-lambda-v0.1.0	-	qadv-arbiter-7x7-rust-lambda-v0.1.0	-	D	P	-
g1_30HjtyBmHj7B_9pIyUakJpAHe30GwQO845ENNApMF-o	s1_eDELfAT-9LO_tmwOUtvZT4Xg4597Pe4jpzXUWi-tAUw	1unNRS	qadv-arbiter-7x7-rust-lambda-v0.1.0	-	qadv-arbiter-7x7-rust-lambda-v0.1.0	-	D	P	196
g1_30HjtyBmHj7B_9pIyUakJpAHe30GwQO845ENNApMF-o	s1_t3Z1N4OZRsC77UKRR2M0m2q0rOGIvLFkR56ytGbszzw	1unNRS	qadv-arbiter-7x7-rust-lambda-v0.1.0	-	qadv-arbiter-7x7-rust-lambda-v0.1.0	-	D	P	196
g1_30JaPt5VVByzCFyU1QREhJrYjIdgMd6eKFHy1pv_4fI	s1_0uA50aGxPwNWz7eeSLG8LycKTwAE4DLe7z89RrYUj1w	1unMVU	qadv-arbiter-7x7-rust-lambda-v0.1.0	-	qadv-arbiter-7x7-rust-lambda-v0.1.0	-	D	P	196
g1_30JaPt5VVByzCFyU1QREhJrYjIdgMd6eKFHy1pv_4fI	s1_PulNNd7rflPsR6bYwAauHAlHsj77ULYR0CqyUBv0qMc	1unMVU	qadv-arbiter-7x7-rust-lambda-v0.1.0	-	qadv-arbiter-7x7-rust-lambda-v0.1.0	-	D	P	196
g1_30JaPt5VVByzCFyU1QREhJrYjIdgMd6eKFHy1pv_4fI	s1_RauLaTi4eVgYHSp2TV9pqs9uzTVv0B10g9TaHMWpcZ4	1unMVU	qadv-arbiter-7x7-rust-lambda-v0.1.0	-	qadv-arbiter-7x7-rust-lambda-v0.1.0	-	D	P	-
g1_30JaPt5VVByzCFyU1QREhJrYjIdgMd6eKFHy1pv_4fI	s1_tyJKmWWNmk7OVPt5fwfSzl6Adu1-vFRVMxWl66thSn4	1unMVU	qadv-arbiter-7x7-rust-lambda-v0.1.0	-	qadv-arbiter-7x7-rust-lambda-v0.1.0	-	D	P	196
g1_30PF_7LWLRNfF7SRIYYfhLsF96Sfvry-D7B9cewqqY8	s1_2FtaP75xgRVTNrUvmC0NIesJCNy8IDFJ05WNM4nUnpg	1unQyi	qadv-arbiter-7x7-v0.1.0	-	surveyor-v0.2.0	-	D	P	196
g1_30PF_7LWLRNfF7SRIYYfhLsF96Sfvry-D7B9cewqqY8	s1_AdR_3D5zFVJBBunEo31Fl6dMwSi7O1Ji3VNLjmRBgHI	1unQyi	qadv-arbiter-7x7-v0.1.0	-	surveyor-v0.2.0	-	D	P	196
g1_30PF_7LWLRNfF7SRIYYfhLsF96Sfvry-D7B9cewqqY8	s1_RauLaTi4eVgYHSp2TV9pqs9uzTVv0B10g9TaHMWpcZ4	1unQyi	qadv-arbiter-7x7-v0.1.0	-	surveyor-v0.2.0	-	D	P	-
g1_30PF_7LWLRNfF7SRIYYfhLsF96Sfvry-D7B9cewqqY8	s1_SdsHbcM4bFor8HsWUvUTqSq8x-5-G6WEPX0-N0VCf6w	1unQyi	qadv-arbiter-7x7-v0.1.0	-	surveyor-v0.2.0	-	D	P	196
g1_30iRDm7tSZkOpyLy3YMJwL_0rWIcwrxYUTuJD9nwDJ0	s1_RauLaTi4eVgYHSp2TV9pqs9uzTVv0B10g9TaHMWpcZ4	1unN8l	qadv-arbiter-7x7-rust-lambda-v0.1.0	-	qadv-arbiter-7x7-rust-lambda-v0.1.0	-	D	P	-
g1_30iRDm7tSZkOpyLy3YMJwL_0rWIcwrxYUTuJD9nwDJ0	s1_WQe7GRewELtbHCLXt7rg7PQvegT24p0NSbFWS9yFv8Q	1unN8l	qadv-arbiter-7x7-rust-lambda-v0.1.0	-	qadv-arbiter-7x7-rust-lambda-v0.1.0	-	D	P	196
g1_30iRDm7tSZkOpyLy3YMJwL_0rWIcwrxYUTuJD9nwDJ0	s1_n1OQjvS0d92i2YiXC3LaWkf0D5JBg8bwuit3ydGZZ-E	1unN8l	qadv-arbiter-7x7-rust-lambda-v0.1.0	-	qadv-arbiter-7x7-rust-lambda-v0.1.0	-	D	P	196
g1_30iRDm7tSZkOpyLy3YMJwL_0rWIcwrxYUTuJD9nwDJ0	s1_s9_kTFHYUi6uUFjMeLdfSfRjmfZEFp_xOJ4OYJjAYEQ	1unN8l	qadv-arbiter-7x7-rust-lambda-v0.1.0	-	qadv-arbiter-7x7-rust-lambda-v0.1.0	-	D	P	196
g1_31CkTkBSbY66DpNnzxmJ_a3AWotLD4ko-d4pIdV-me0	s1_A6Pdi-5XTqkkjjYgnZkpdFtBbOT3vcs3XV6sfAhDiNk	1un3Cd	pathfinder-v0.3.0	-	qadv-arbiter-guided-7x7-v0.2.0	sha256:9c0e5e530df7db77a98f6a2e75fe63a6f629c6ad6563e0b5454793ebc243b14d	L	P	196
g1_31CkTkBSbY66DpNnzxmJ_a3AWotLD4ko-d4pIdV-me0	s1_O3cuwuia8XT9TI7Nxr3tRcajOA20XFHEIT2fYX3WizY	1un3Cd	pathfinder-v0.3.0	-	qadv-arbiter-guided-7x7-v0.2.0	sha256:9c0e5e530df7db77a98f6a2e75fe63a6f629c6ad6563e0b5454793ebc243b14d	L	P	196
g1_31CkTkBSbY66DpNnzxmJ_a3AWotLD4ko-d4pIdV-me0	s1_Vtn6p5B30bbUD8YVO8sATSZoAgz4rVlBtDaUS3ASsh4	1un3Cd	pathfinder-v0.3.0	-	qadv-arbiter-guided-7x7-v0.2.0	sha256:9c0e5e530df7db77a98f6a2e75fe63a6f629c6ad6563e0b5454793ebc243b14d	L	P	196
g1_31CkTkBSbY66DpNnzxmJ_a3AWotLD4ko-d4pIdV-me0	s1_q1qHBeKrplfd3TIe9AmUdbLrczQxRYGoirp57d_e0ug	1un3Cd	pathfinder-v0.3.0	-	qadv-arbiter-guided-7x7-v0.2.0	sha256:9c0e5e530df7db77a98f6a2e75fe63a6f629c6ad6563e0b5454793ebc243b14d	L	P	196
g1_31EwmFlaSVqzvrkFRQvRXtHCfAm-gWI9oW16QX9Vnvc	s1_RauLaTi4eVgYHSp2TV9pqs9uzTVv0B10g9TaHMWpcZ4	1unNgU	qadv-arbiter-7x7-rust-lambda-v0.1.0	-	qadv-arbiter-7x7-rust-lambda-v0.1.0	-	D	P	-
g1_31EwmFlaSVqzvrkFRQvRXtHCfAm-gWI9oW16QX9Vnvc	s1_mbQOVBVDhSK_KY-7ry86giWIkPHXqE3P9JTEdl3A-KA	1unNgU	qadv-arbiter-7x7-rust-lambda-v0.1.0	-	qadv-arbiter-7x7-rust-lambda-v0.1.0	-	D	P	196
g1_31EwmFlaSVqzvrkFRQvRXtHCfAm-gWI9oW16QX9Vnvc	s1_r-C0KBnLu-pSTH46ljbyBesb0H_zIxPGayL3IfvNThk	1unNgU	qadv-arbiter-7x7-rust-lambda-v0.1.0	-	qadv-arbiter-7x7-rust-lambda-v0.1.0	-	D	P	196
g1_31EwmFlaSVqzvrkFRQvRXtHCfAm-gWI9oW16QX9Vnvc	s1_r7zRbKEmKe7jYcR7l6VO0e6JRwK57sZ89kfiUzbACgE	1unNgU	qadv-arbiter-7x7-rust-lambda-v0.1.0	-	qadv-arbiter-7x7-rust-lambda-v0.1.0	-	D	P	196
g1_31NlbzM3uXboGdd39J6T37bCMwshVdsf6kipXK7Mjys	s1_WVg7aYYLIrw6_-2mI3jQ-DPcLO4gX2sPEEqWQb0DGQA	1umxRR	python-cnn-puct-reval30k-v0.1.0	sha256:eb2600a53e225a835455efdb2759c40e27c5cb3c16ab0688bc21b99290ed10ee	python-cnn-puct-reval30k-v0.1.0	sha256:eb2600a53e225a835455efdb2759c40e27c5cb3c16ab0688bc21b99290ed10ee	L	P	196
g1_31SKxJd1M85O4dUvygRgbzE66uZMN4194S5vRXiCmA4	s1_2FtaP75xgRVTNrUvmC0NIesJCNy8IDFJ05WNM4nUnpg	1unQe3	pathfinder-v0.3.0	-	qadv-arbiter-7x7-v0.1.0	-	L	P	196
g1_31SKxJd1M85O4dUvygRgbzE66uZMN4194S5vRXiCmA4	s1_RauLaTi4eVgYHSp2TV9pqs9uzTVv0B10g9TaHMWpcZ4	1unQe3	pathfinder-v0.3.0	-	qadv-arbiter-7x7-v0.1.0	-	L	P	-
g1_31SKxJd1M85O4dUvygRgbzE66uZMN4194S5vRXiCmA4	s1_a3xFQY41G9nPPc4_GbESq-0eN3mRycIC2y9N09PKA5E	1unQe3	pathfinder-v0.3.0	-	qadv-arbiter-7x7-v0.1.0	-	L	P	196
g1_31SKxJd1M85O4dUvygRgbzE66uZMN4194S5vRXiCmA4	s1_jju4BTctysl12PR-WquTT8kJNoYsNTytm-lzNDd3BQU	1unQe3	pathfinder-v0.3.0	-	qadv-arbiter-7x7-v0.1.0	-	L	P	196
g1_31UDINPA93EfKWfkCd00NZel2in9Znnb6AxwwJSK7N8	s1_NsISQPbCxeITCTxgMC-mZ0iv8NQyW1bnOnUXmaZ4pMk	1unNU-	qadv-arbiter-7x7-rust-lambda-v0.1.0	-	qadv-arbiter-7x7-rust-lambda-v0.1.0	-	L	P	196
g1_31UDINPA93EfKWfkCd00NZel2in9Znnb6AxwwJSK7N8	s1_QR-R4SYWFJsRcCyiWM5zg6yO8VKmlnI3A9pUTQnNHn0	1unNU-	qadv-arbiter-7x7-rust-lambda-v0.1.0	-	qadv-arbiter-7x7-rust-lambda-v0.1.0	-	L	P	196
g1_31UDINPA93EfKWfkCd00NZel2in9Znnb6AxwwJSK7N8	s1_RauLaTi4eVgYHSp2TV9pqs9uzTVv0B10g9TaHMWpcZ4	1unNU-	qadv-arbiter-7x7-rust-lambda-v0.1.0	-	qadv-arbiter-7x7-rust-lambda-v0.1.0	-	L	P	-
g1_31UDINPA93EfKWfkCd00NZel2in9Znnb6AxwwJSK7N8	s1_usrf1w7Y9NIot4hL7bf4j71layfkTY6RI0YOcgycJ2s	1unNU-	qadv-arbiter-7x7-rust-lambda-v0.1.0	-	qadv-arbiter-7x7-rust-lambda-v0.1.0	-	L	P	196
g1_31Wnhf7-EQfDsaYjleKP58jZk7OFsP8wmaHhPbwhu8Q	s1_KLzDDa-u8sI_U-BibhxWrLTMyOW1YTypLt9t4Unxlik	1unMHz	qadv-arbiter-7x7-rust-lambda-v0.1.0	-	qadv-arbiter-7x7-rust-lambda-v0.1.0	-	L	P	196
g1_31Wnhf7-EQfDsaYjleKP58jZk7OFsP8wmaHhPbwhu8Q	s1_RauLaTi4eVgYHSp2TV9pqs9uzTVv0B10g9TaHMWpcZ4	1unMHz	qadv-arbiter-7x7-rust-lambda-v0.1.0	-	qadv-arbiter-7x7-rust-lambda-v0.1.0	-	L	P	-
g1_31Wnhf7-EQfDsaYjleKP58jZk7OFsP8wmaHhPbwhu8Q	s1_TV_7QvMNfwBepvoo4bDndYKoLMq799alVxiLX6-hyeY	1unMHz	qadv-arbiter-7x7-rust-lambda-v0.1.0	-	qadv-arbiter-7x7-rust-lambda-v0.1.0	-	L	P	196
g1_31Wnhf7-EQfDsaYjleKP58jZk7OFsP8wmaHhPbwhu8Q	s1_fPdMsjpPPK6ofK7wbb8_pZlylR_K2ajIw-WFO047UGE	1unMHz	qadv-arbiter-7x7-rust-lambda-v0.1.0	-	qadv-arbiter-7x7-rust-lambda-v0.1.0	-	L	P	196
g1_31lV9qhgjG9rsiwtHIHcspHnm8PkSWxcH_Pg_KxcM0c	s1_qtlitMa-GGx-0y2heoyNRonYXf1Dq5epTexnVe9Iqtw	1umxdD	python-gnn-puct-learner-v0.1.0	sha256:ab0f739cd33d66781faf60e27797c5ccba3c04ba684f8d9e32e9c2754f4e8956	python-gnn-puct-learner-v0.1.0	sha256:ab0f739cd33d66781faf60e27797c5ccba3c04ba684f8d9e32e9c2754f4e8956	L	P	196
g1_31rQpEd1ZnWMc5RRQlL6Drn3Xp6L2g7Ou5aAqLlFMN8	s1_Mi6GkEZud50yED-S8ELMaD3Vkg81VCcMhOzGdD3jnsw	1unL_y	qadv-arbiter-7x7-rust-lambda-v0.1.0	-	qadv-arbiter-7x7-rust-lambda-v0.1.0	-	D	P	196
g1_31rQpEd1ZnWMc5RRQlL6Drn3Xp6L2g7Ou5aAqLlFMN8	s1_QWZZxe7O_QJs-mMQwNLVXQcAo2mbvd6r8Wl7iYYSaNg	1unL_y	qadv-arbiter-7x7-rust-lambda-v0.1.0	-	qadv-arbiter-7x7-rust-lambda-v0.1.0	-	D	P	196
g1_31rQpEd1ZnWMc5RRQlL6Drn3Xp6L2g7Ou5aAqLlFMN8	s1_RauLaTi4eVgYHSp2TV9pqs9uzTVv0B10g9TaHMWpcZ4	1unL_y	qadv-arbiter-7x7-rust-lambda-v0.1.0	-	qadv-arbiter-7x7-rust-lambda-v0.1.0	-	D	P	-
g1_31rQpEd1ZnWMc5RRQlL6Drn3Xp6L2g7Ou5aAqLlFMN8	s1_Sefn9siFDlPEJnOn_heNeQcgU2aEoX0MfLaExLmyN1w	1unL_y	qadv-arbiter-7x7-rust-lambda-v0.1.0	-	qadv-arbiter-7x7-rust-lambda-v0.1.0	-	D	P	196
g1_31uN0y5p1MsvYp-LWykFl63yeQUVr8ZLzQHNf1o-8ZQ	s1_EZrvbACoUA_DH3TXNbPeMQw4x22d0uYNjAsKHTgwWoo	1unN_i	qadv-arbiter-7x7-rust-lambda-v0.1.0	-	qadv-arbiter-7x7-rust-lambda-v0.1.0	-	D	P	196
g1_31uN0y5p1MsvYp-LWykFl63yeQUVr8ZLzQHNf1o-8ZQ	s1_MlHzbSWnzdpAvw5lRvf8BnCpuzb5LAuht4N0zya0Tcc	1unN_i	qadv-arbiter-7x7-rust-lambda-v0.1.0	-	qadv-arbiter-7x7-rust-lambda-v0.1.0	-	D	P	196
g1_31uN0y5p1MsvYp-LWykFl63yeQUVr8ZLzQHNf1o-8ZQ	s1_PD0KfeoBYxXSj6TelOGSeGKP1AFIkxLxFIfTwWSZQes	1unN_i	qadv-arbiter-7x7-rust-lambda-v0.1.0	-	qadv-arbiter-7x7-rust-lambda-v0.1.0	-	D	P	196
g1_31uN0y5p1MsvYp-LWykFl63yeQUVr8ZLzQHNf1o-8ZQ	s1_RauLaTi4eVgYHSp2TV9pqs9uzTVv0B10g9TaHMWpcZ4	1unN_i	qadv-arbiter-7x7-rust-lambda-v0.1.0	-	qadv-arbiter-7x7-rust-lambda-v0.1.0	-	D	P	-
g1_31z6Sq67EK67im7u2p9I_EjwKlwoilHa6yAqC4xtFis	s1_GSO52EHFzQnNM6nrgXDDEb1Ssx-UpOy0c7p4VttKvxo	1unO28	qadv-arbiter-7x7-rust-lambda-v0.1.0	-	qadv-arbiter-7x7-rust-lambda-v0.1.0	-	D	P	196
g1_31z6Sq67EK67im7u2p9I_EjwKlwoilHa6yAqC4xtFis	s1_IALZ-IRe8Q8Fa173-QdbPEjgokXcesQCyAnSeq_bTic	1unO28	qadv-arbiter-7x7-rust-lambda-v0.1.0	-	qadv-arbiter-7x7-rust-lambda-v0.1.0	-	D	P	196
g1_31z6Sq67EK67im7u2p9I_EjwKlwoilHa6yAqC4xtFis	s1_RauLaTi4eVgYHSp2TV9pqs9uzTVv0B10g9TaHMWpcZ4	1unO28	qadv-arbiter-7x7-rust-lambda-v0.1.0	-	qadv-arbiter-7x7-rust-lambda-v0.1.0	-	D	P	-
g1_31z6Sq67EK67im7u2p9I_EjwKlwoilHa6yAqC4xtFis	s1_bBr2PD22mKnEWj1HPHhbRpFIm0qAkheBh_3wEwH-ElI	1unO28	qadv-arbiter-7x7-rust-lambda-v0.1.0	-	qadv-arbiter-7x7-rust-lambda-v0.1.0	-	D	P	196
g1_329jjCMrATZjLhwblCoYeICJt4PRPhawnw3Gd3I-ckk	s1_DIcRaGFuOAMnzJECZfP8ADUHfPieaas-1mAkFxP1RQ0	1unOZo	qadv-arbiter-7x7-rust-lambda-v0.1.0	-	qadv-arbiter-7x7-rust-lambda-v0.1.0	-	D	P	196
g1_329jjCMrATZjLhwblCoYeICJt4PRPhawnw3Gd3I-ckk	s1_IMEhTzmT5SzLOZl8LoeWgpZVzf8R9RrbXrzrlKBxiLE	1unOZo	qadv-arbiter-7x7-rust-lambda-v0.1.0	-	qadv-arbiter-7x7-rust-lambda-v0.1.0	-	D	P	196
g1_329jjCMrATZjLhwblCoYeICJt4PRPhawnw3Gd3I-ckk	s1_RauLaTi4eVgYHSp2TV9pqs9uzTVv0B10g9TaHMWpcZ4	1unOZo	qadv-arbiter-7x7-rust-lambda-v0.1.0	-	qadv-arbiter-7x7-rust-lambda-v0.1.0	-	D	P	-
g1_329jjCMrATZjLhwblCoYeICJt4PRPhawnw3Gd3I-ckk	s1_YfQbIKCaNpu4YSwJpoEVICCr176HQmy41q9tZ0sl_Gg	1unOZo	qadv-arbiter-7x7-rust-lambda-v0.1.0	-	qadv-arbiter-7x7-rust-lambda-v0.1.0	-	D	P	196
g1_32A-W_ln4sJ2UBe4IsTujS-Ikz7Go5hAz7WjOcgcJYA	s1_OcDdRjNEs7BayFyofgjyumEXZlGgCpE_JIXogoRgJ4c	1unO4h	qadv-arbiter-7x7-rust-lambda-v0.1.0	-	qadv-arbiter-7x7-rust-lambda-v0.1.0	-	L	P	196
g1_32A-W_ln4sJ2UBe4IsTujS-Ikz7Go5hAz7WjOcgcJYA	s1_RauLaTi4eVgYHSp2TV9pqs9uzTVv0B10g9TaHMWpcZ4	1unO4h	qadv-arbiter-7x7-rust-lambda-v0.1.0	-	qadv-arbiter-7x7-rust-lambda-v0.1.0	-	L	P	-
g1_32A-W_ln4sJ2UBe4IsTujS-Ikz7Go5hAz7WjOcgcJYA	s1_ieWyWyF1YIwkOkkZww8PjO4Abr79HAys7ST-6TIIrRg	1unO4h	qadv-arbiter-7x7-rust-lambda-v0.1.0	-	qadv-arbiter-7x7-rust-lambda-v0.1.0	-	L	P	196
g1_32A-W_ln4sJ2UBe4IsTujS-Ikz7Go5hAz7WjOcgcJYA	s1_ypKBEuXNd0_l2TumUh3obFvNo8TPxiO0M3cOpjHQoao	1unO4h	qadv-arbiter-7x7-rust-lambda-v0.1.0	-	qadv-arbiter-7x7-rust-lambda-v0.1.0	-	L	P	196
g1_32EbNCUnfS58Q9bOut13_xJOGmIJkctnsq8Re21NZ54	s1_1av6nXQkq-GSHXfjkVlGHGpAq8F9UbW4JwZmyFA-vww	1uoSP0	coin-flip-v0.0.1	-	pathfinder-v0.3.0	-	D	P	-
g1_32EbNCUnfS58Q9bOut13_xJOGmIJkctnsq8Re21NZ54	s1_6WmtzoQYSq7IT8xrYws4Y2jwJqSirQHhQKoYihDulg8	1uoSP0	coin-flip-v0.0.1	-	pathfinder-v0.3.0	-	D	P	-
g1_32EbNCUnfS58Q9bOut13_xJOGmIJkctnsq8Re21NZ54	s1_Brk0hkuJoH-MBjdd53AO5tlWcOgDWV_R0PO74fHGd_0	1uoSP0	coin-flip-v0.0.1	-	pathfinder-v0.3.0	-	D	P	-
g1_32EbNCUnfS58Q9bOut13_xJOGmIJkctnsq8Re21NZ54	s1_O5y8y_DVMGhXbwyVRB4zkS09VexF-D1a8tuZci7qur4	1uoSP0	coin-flip-v0.0.1	-	pathfinder-v0.3.0	-	D	P	-
g1_32FiDBxVBd2t7f74ZjE35RuKnWnk8KndLT7r_V8b0IU	s1_1zYt6BOfG34L1g99KkQY2S514Kr2loolmqJrGA2xU6U	1unNUM	qadv-arbiter-7x7-rust-lambda-v0.1.0	-	qadv-arbiter-7x7-rust-lambda-v0.1.0	-	L	P	196
g1_32FiDBxVBd2t7f74ZjE35RuKnWnk8KndLT7r_V8b0IU	s1_2lxNpcXgTHSWej7YWDmj8-ANKfmK3_kVFIdMDqXHQ3Y	1unNUM	qadv-arbiter-7x7-rust-lambda-v0.1.0	-	qadv-arbiter-7x7-rust-lambda-v0.1.0	-	L	P	196
g1_32FiDBxVBd2t7f74ZjE35RuKnWnk8KndLT7r_V8b0IU	s1_GAgKUromtAJCyf8i-uOGGDQM6pw-Wo7dcm99XEA8q-c	1unNUM	qadv-arbiter-7x7-rust-lambda-v0.1.0	-	qadv-arbiter-7x7-rust-lambda-v0.1.0	-	L	P	196
g1_32FiDBxVBd2t7f74ZjE35RuKnWnk8KndLT7r_V8b0IU	s1_RauLaTi4eVgYHSp2TV9pqs9uzTVv0B10g9TaHMWpcZ4	1unNUM	qadv-arbiter-7x7-rust-lambda-v0.1.0	-	qadv-arbiter-7x7-rust-lambda-v0.1.0	-	L	P	-
g1_32IxnunFOmgsHXdjdT2jyrqCs8FxFwmKOl4ZcWOzUUY	s1_AGeYpuQDdo7JQANuccROnffVdnYybovsbsJWbw6pf1w	1unP7c	qadv-arbiter-7x7-rust-lambda-v0.1.0	-	qadv-arbiter-7x7-rust-lambda-v0.1.0	-	L	P	196
g1_32IxnunFOmgsHXdjdT2jyrqCs8FxFwmKOl4ZcWOzUUY	s1_N9YkqNSfjXCHt1ZR8izfJK3LQ5LlUUVKpiRBDlMteLI	1unP7c	qadv-arbiter-7x7-rust-lambda-v0.1.0	-	qadv-arbiter-7x7-rust-lambda-v0.1.0	-	L	P	196
g1_32IxnunFOmgsHXdjdT2jyrqCs8FxFwmKOl4ZcWOzUUY	s1_RauLaTi4eVgYHSp2TV9pqs9uzTVv0B10g9TaHMWpcZ4	1unP7c	qadv-arbiter-7x7-rust-lambda-v0.1.0	-	qadv-arbiter-7x7-rust-lambda-v0.1.0	-	L	P	-
g1_32IxnunFOmgsHXdjdT2jyrqCs8FxFwmKOl4ZcWOzUUY	s1_i25z-ABmwlIWhfyJIfDHOb-rx3qhX4zJGsSeOuWQ7Ao	1unP7c	qadv-arbiter-7x7-rust-lambda-v0.1.0	-	qadv-arbiter-7x7-rust-lambda-v0.1.0	-	L	P	196
g1_32LkT_BTVUsQdC_uMLdYsQwMLQ_shNsfWGSGP9DC5d8	s1_RauLaTi4eVgYHSp2TV9pqs9uzTVv0B10g9TaHMWpcZ4	1unOoK	qadv-arbiter-7x7-rust-lambda-v0.1.0	-	qadv-arbiter-7x7-rust-lambda-v0.1.0	-	L	P	-
g1_32LkT_BTVUsQdC_uMLdYsQwMLQ_shNsfWGSGP9DC5d8	s1_hk0WyZkAVbqg2yoKFJwBRfnC07QG9Zm3j93YR-nc_OU	1unOoK	qadv-arbiter-7x7-rust-lambda-v0.1.0	-	qadv-arbiter-7x7-rust-lambda-v0.1.0	-	L	P	196
g1_32LkT_BTVUsQdC_uMLdYsQwMLQ_shNsfWGSGP9DC5d8	s1_nLga1Hj-Z_YdebTDWsveK2vuU9Ksml8idlTIlTuSTqw	1unOoK	qadv-arbiter-7x7-rust-lambda-v0.1.0	-	qadv-arbiter-7x7-rust-lambda-v0.1.0	-	L	P	196
g1_32LkT_BTVUsQdC_uMLdYsQwMLQ_shNsfWGSGP9DC5d8	s1_nhj6FP2iGRcv8I4zvKcTmonnhmV6Fzn6BrU1VD09Y1g	1unOoK	qadv-arbiter-7x7-rust-lambda-v0.1.0	-	qadv-arbiter-7x7-rust-lambda-v0.1.0	-	L	P	196
g1_32PCxY9LzjnOdyJJsvN_nYGuf7V55i4ZmNhjr9ec68s	s1_O3cuwuia8XT9TI7Nxr3tRcajOA20XFHEIT2fYX3WizY	1un58o	qadv-arbiter-guided-7x7-v0.2.0	sha256:9c0e5e530df7db77a98f6a2e75fe63a6f629c6ad6563e0b5454793ebc243b14d	surveyor-v0.2.0	-	D	P	196
g1_32PCxY9LzjnOdyJJsvN_nYGuf7V55i4ZmNhjr9ec68s	s1_ROUz_g0kquKNGB878B9BMwA5nL4cZcvmffEeoUgiR_k	1un58o	qadv-arbiter-guided-7x7-v0.2.0	sha256:9c0e5e530df7db77a98f6a2e75fe63a6f629c6ad6563e0b5454793ebc243b14d	surveyor-v0.2.0	-	D	P	196
g1_32PCxY9LzjnOdyJJsvN_nYGuf7V55i4ZmNhjr9ec68s	s1_TNJsSJjRaHDJ2Q7UUQmoz_QE1P-V3BTy5CQvqN4z6Bw	1un58o	qadv-arbiter-guided-7x7-v0.2.0	sha256:9c0e5e530df7db77a98f6a2e75fe63a6f629c6ad6563e0b5454793ebc243b14d	surveyor-v0.2.0	-	D	P	196
g1_32Z6vvw9OOfU-TLjgc7rAVJQkCwq_5vimR7CBAb8MIE	s1_Qmoz3nLvbLcY_1rcqMtpMJDvTQydhL5cxUNWV6EhpMY	1umwvh	qadv-arbiter-7x7-v0.1.0	sha256:8c548d06307572603b839755cc1e50393285365e10f82bcd90290ca65cd86266	qadv-arbiter-7x7-v0.1.0	sha256:8c548d06307572603b839755cc1e50393285365e10f82bcd90290ca65cd86266	L	P	196
g1_32iAiBfCW78IUEqDN_KulZJ3NcbBwWwojG7NtouxYSA	s1_1LB6NAgPOeCp4r8rQw4kUOIXWpEdWysFm5RZjWCQSgc	1umwRw	python-gnn-puct-learner-v0.1.0	sha256:ab0f739cd33d66781faf60e27797c5ccba3c04ba684f8d9e32e9c2754f4e8956	python-gnn-puct-learner-v0.1.0	sha256:ab0f739cd33d66781faf60e27797c5ccba3c04ba684f8d9e32e9c2754f4e8956	L	P	196
g1_32iAiBfCW78IUEqDN_KulZJ3NcbBwWwojG7NtouxYSA	s1_P4NHYhwuVnEA-dG2X-UVeVotb84A5mwljbYTlTMqr8w	1umwRw	python-gnn-puct-learner-v0.1.0	sha256:ab0f739cd33d66781faf60e27797c5ccba3c04ba684f8d9e32e9c2754f4e8956	python-gnn-puct-learner-v0.1.0	sha256:ab0f739cd33d66781faf60e27797c5ccba3c04ba684f8d9e32e9c2754f4e8956	L	P	196
g1_32n-ZY6ESPWXtHo413i4h3RZdIb2xRj6_cFksD0slWI	s1_8o1IQx5kappyLYGU1--QhdUT0PgkO8mxIUjGvhcOzzk	1unOUF	qadv-arbiter-7x7-rust-lambda-v0.1.0	-	qadv-arbiter-7x7-rust-lambda-v0.1.0	-	L	P	196
g1_32n-ZY6ESPWXtHo413i4h3RZdIb2xRj6_cFksD0slWI	s1_RauLaTi4eVgYHSp2TV9pqs9uzTVv0B10g9TaHMWpcZ4	1unOUF	qadv-arbiter-7x7-rust-lambda-v0.1.0	-	qadv-arbiter-7x7-rust-lambda-v0.1.0	-	L	P	-
g1_32n-ZY6ESPWXtHo413i4h3RZdIb2xRj6_cFksD0slWI	s1_VRtgVzuCpdn7nSnqL2gDNIArRQhjr17jqYr7sPtyIEY	1unOUF	qadv-arbiter-7x7-rust-lambda-v0.1.0	-	qadv-arbiter-7x7-rust-lambda-v0.1.0	-	L	P	196
g1_32n-ZY6ESPWXtHo413i4h3RZdIb2xRj6_cFksD0slWI	s1_X3xmUMSwX8bVVlLPP3b1eBtcMuDLBIN9-eauOslTLgY	1unOUF	qadv-arbiter-7x7-rust-lambda-v0.1.0	-	qadv-arbiter-7x7-rust-lambda-v0.1.0	-	L	P	196
g1_32nM8u9j3h63XpEI1z5G4bKah6rjKVg8gkjl-PrVw3Q	s1_5eBPYpkT4J4dptK-9tWIEtesH-FhfqOVvEosAtR1Dt0	1unPX1	qadv-arbiter-7x7-rust-lambda-v0.1.0	-	qadv-arbiter-7x7-rust-lambda-v0.1.0	-	L	P	196
g1_32nM8u9j3h63XpEI1z5G4bKah6rjKVg8gkjl-PrVw3Q	s1_RauLaTi4eVgYHSp2TV9pqs9uzTVv0B10g9TaHMWpcZ4	1unPX1	qadv-arbiter-7x7-rust-lambda-v0.1.0	-	qadv-arbiter-7x7-rust-lambda-v0.1.0	-	L	P	-
g1_32nM8u9j3h63XpEI1z5G4bKah6rjKVg8gkjl-PrVw3Q	s1_kODsrImMyU-KkAsPBfYxolXvl9itcrK3gbZoQXQ8xSk	1unPX1	qadv-arbiter-7x7-rust-lambda-v0.1.0	-	qadv-arbiter-7x7-rust-lambda-v0.1.0	-	L	P	196
g1_32nM8u9j3h63XpEI1z5G4bKah6rjKVg8gkjl-PrVw3Q	s1_q5zpiYW3mOo5fPwTPvINc8nm_BH_sesdzDqZRSzTWss	1unPX1	qadv-arbiter-7x7-rust-lambda-v0.1.0	-	qadv-arbiter-7x7-rust-lambda-v0.1.0	-	L	P	196
g1_32q0J_JVySdUQ4btHqbDL0_VjvT6reeOHO-2YpdX1cc	s1_97D9OfQ5-QF7kcxM9h5hTTxSjmcTbfGbq6Y-3cXRxjY	1unLn7	qadv-arbiter-7x7-rust-lambda-v0.1.0	-	qadv-arbiter-7x7-rust-lambda-v0.1.0	-	L	P	196
g1_32q0J_JVySdUQ4btHqbDL0_VjvT6reeOHO-2YpdX1cc	s1_9h6avMNH46vchOrDkmf142HYisgnO3zGL9jzCAngfs8	1unLn7	qadv-arbiter-7x7-rust-lambda-v0.1.0	-	qadv-arbiter-7x7-rust-lambda-v0.1.0	-	L	P	196
g1_32q0J_JVySdUQ4btHqbDL0_VjvT6reeOHO-2YpdX1cc	s1_QX8FmPqdeNKsx2Ul4md24AjHKDEDn0cIEmQFE-DrGk8	1unLn7	qadv-arbiter-7x7-rust-lambda-v0.1.0	-	qadv-arbiter-7x7-rust-lambda-v0.1.0	-	L	P	196
g1_32q0J_JVySdUQ4btHqbDL0_VjvT6reeOHO-2YpdX1cc	s1_RauLaTi4eVgYHSp2TV9pqs9uzTVv0B10g9TaHMWpcZ4	1unLn7	qadv-arbiter-7x7-rust-lambda-v0.1.0	-	qadv-arbiter-7x7-rust-lambda-v0.1.0	-	L	P	-
g1_32s2_7-bj8_PzTdpvLi9JwMf0tR4HJhIT99k7PFXYpM	s1_DiHXG1PJlFHhjA3qBb2jYzzCl8vm788Csjr4NSAFu3E	1unNXR	qadv-arbiter-7x7-rust-lambda-v0.1.0	-	qadv-arbiter-7x7-rust-lambda-v0.1.0	-	D	P	196
g1_32s2_7-bj8_PzTdpvLi9JwMf0tR4HJhIT99k7PFXYpM	s1_RauLaTi4eVgYHSp2TV9pqs9uzTVv0B10g9TaHMWpcZ4	1unNXR	qadv-arbiter-7x7-rust-lambda-v0.1.0	-	qadv-arbiter-7x7-rust-lambda-v0.1.0	-	D	P	-
g1_32s2_7-bj8_PzTdpvLi9JwMf0tR4HJhIT99k7PFXYpM	s1_VJBU0Ijuoxf3ot-vNIcGP7N891FoT_Xl0m3sj3fndiA	1unNXR	qadv-arbiter-7x7-rust-lambda-v0.1.0	-	qadv-arbiter-7x7-rust-lambda-v0.1.0	-	D	P	196
g1_32s2_7-bj8_PzTdpvLi9JwMf0tR4HJhIT99k7PFXYpM	s1_zW3PaGhzHttKgDHH5uk9VWa-xP012BO3P9W0RKO2pb4	1unNXR	qadv-arbiter-7x7-rust-lambda-v0.1.0	-	qadv-arbiter-7x7-rust-lambda-v0.1.0	-	D	P	196
g1_32wivtqfW6q8yrkLwvn5Hzvrp_15hC4jw-5-OH5sHpE	s1_1av6nXQkq-GSHXfjkVlGHGpAq8F9UbW4JwZmyFA-vww	1DIWz	lunatic-v0.1.0	-	rust-pathfinder-v0.1.0	-	D	P	-
g1_32wivtqfW6q8yrkLwvn5Hzvrp_15hC4jw-5-OH5sHpE	s1_9Eroywf7tuDrn-hcfZPjlEa1DSRUykCRn9Z11u8ySIo	1DIWz	lunatic-v0.1.0	-	rust-pathfinder-v0.1.0	-	D	P	-
g1_32wivtqfW6q8yrkLwvn5Hzvrp_15hC4jw-5-OH5sHpE	s1_Brk0hkuJoH-MBjdd53AO5tlWcOgDWV_R0PO74fHGd_0	1DIWz	lunatic-v0.1.0	-	rust-pathfinder-v0.1.0	-	D	P	-
g1_32wivtqfW6q8yrkLwvn5Hzvrp_15hC4jw-5-OH5sHpE	s1_KmF8KhDbubz6lwdS8R_n_yTGdSONmH9B1wUABbyCj94	1DIWz	lunatic-v0.1.0	-	rust-pathfinder-v0.1.0	-	D	P	-
g1_32wivtqfW6q8yrkLwvn5Hzvrp_15hC4jw-5-OH5sHpE	s1_MKrI0a3Qd48rU7oZj28GrlQ3cHhIbUzS5ibiIW9aKy4	1DIWz	lunatic-v0.1.0	-	rust-pathfinder-v0.1.0	-	D	P	-
g1_32wivtqfW6q8yrkLwvn5Hzvrp_15hC4jw-5-OH5sHpE	s1_XloMUS0hxYEXf762lcPfaudsLmsH-CsOVZNVVU_obcA	1DIWz	lunatic-v0.1.0	-	rust-pathfinder-v0.1.0	-	D	P	-
g1_32wivtqfW6q8yrkLwvn5Hzvrp_15hC4jw-5-OH5sHpE	s1_g5pGkHBMEhzAYvwFY0b24sSc7wC9JfnWApMHHZ_aMPI	1DIWz	lunatic-v0.1.0	-	rust-pathfinder-v0.1.0	-	D	P	-
g1_332X0rE0ChRJ6fh_ny0fQWe1PxFhcIJtNqkkuqehcY8	s1_1av6nXQkq-GSHXfjkVlGHGpAq8F9UbW4JwZmyFA-vww	1umvT-	python-gnn-puct-learner-v0.1.0	sha256:ab0f739cd33d66781faf60e27797c5ccba3c04ba684f8d9e32e9c2754f4e8956	python-gnn-puct-learner-v0.1.0	sha256:ab0f739cd33d66781faf60e27797c5ccba3c04ba684f8d9e32e9c2754f4e8956	L	P	196
g1_332X0rE0ChRJ6fh_ny0fQWe1PxFhcIJtNqkkuqehcY8	s1_QBFUsDtxokERlDOdQkleYbPvhJ-vIp2qmp6DXjS-7oM	1umvT-	python-gnn-puct-learner-v0.1.0	sha256:ab0f739cd33d66781faf60e27797c5ccba3c04ba684f8d9e32e9c2754f4e8956	python-gnn-puct-learner-v0.1.0	sha256:ab0f739cd33d66781faf60e27797c5ccba3c04ba684f8d9e32e9c2754f4e8956	L	P	196
g1_332X0rE0ChRJ6fh_ny0fQWe1PxFhcIJtNqkkuqehcY8	s1_mWPTef6xYbijjPhDIC6QgLRmu2mMSJAokNlIkx3vg54	1umvT-	python-gnn-puct-learner-v0.1.0	sha256:ab0f739cd33d66781faf60e27797c5ccba3c04ba684f8d9e32e9c2754f4e8956	python-gnn-puct-learner-v0.1.0	sha256:ab0f739cd33d66781faf60e27797c5ccba3c04ba684f8d9e32e9c2754f4e8956	L	P	196
g1_335JcFoRXwoMZV1NyIXjKbqHYCL7s4gZyrQH_dx5wP8	s1_RauLaTi4eVgYHSp2TV9pqs9uzTVv0B10g9TaHMWpcZ4	1unPFA	qadv-arbiter-7x7-rust-lambda-v0.1.0	-	qadv-arbiter-7x7-rust-lambda-v0.1.0	-	L	P	-
g1_335JcFoRXwoMZV1NyIXjKbqHYCL7s4gZyrQH_dx5wP8	s1_g9XHdc8saa4eMw-4lYKIMC_3A5nqg9D99-Vq6XCcZOA	1unPFA	qadv-arbiter-7x7-rust-lambda-v0.1.0	-	qadv-arbiter-7x7-rust-lambda-v0.1.0	-	L	P	196
g1_335JcFoRXwoMZV1NyIXjKbqHYCL7s4gZyrQH_dx5wP8	s1_jcM-xcZ47BO4PkidfM2gMmNzDnAq7ap5TvdSoMVvC90	1unPFA	qadv-arbiter-7x7-rust-lambda-v0.1.0	-	qadv-arbiter-7x7-rust-lambda-v0.1.0	-	L	P	196
g1_335JcFoRXwoMZV1NyIXjKbqHYCL7s4gZyrQH_dx5wP8	s1_vPptpka-yu9isLGCErm_cqtb2Mwst9Z5LW8u7bmh6xY	1unPFA	qadv-arbiter-7x7-rust-lambda-v0.1.0	-	qadv-arbiter-7x7-rust-lambda-v0.1.0	-	L	P	196
g1_33DjVmFF-YOmnsXlm5897fna3mCH3Jxcg9ny9GaUPnA	s1_1av6nXQkq-GSHXfjkVlGHGpAq8F9UbW4JwZmyFA-vww	1umvBi	python-gnn-puct-scout-v0.1.0	sha256:b9f80706cc1f29076ee06fe06483697c749148a808c599579045d00a52573938	python-gnn-puct-scout-v0.1.0	sha256:b9f80706cc1f29076ee06fe06483697c749148a808c599579045d00a52573938	L	P	196
g1_33DjVmFF-YOmnsXlm5897fna3mCH3Jxcg9ny9GaUPnA	s1_Brk0hkuJoH-MBjdd53AO5tlWcOgDWV_R0PO74fHGd_0	1umvBi	python-gnn-puct-scout-v0.1.0	sha256:b9f80706cc1f29076ee06fe06483697c749148a808c599579045d00a52573938	python-gnn-puct-scout-v0.1.0	sha256:b9f80706cc1f29076ee06fe06483697c749148a808c599579045d00a52573938	L	P	196
g1_33DjVmFF-YOmnsXlm5897fna3mCH3Jxcg9ny9GaUPnA	s1_D_X-fTFZy6xuyGSC5jFyKBW6IP_59Jbomefazf4xu44	1umvBi	python-gnn-puct-scout-v0.1.0	sha256:b9f80706cc1f29076ee06fe06483697c749148a808c599579045d00a52573938	python-gnn-puct-scout-v0.1.0	sha256:b9f80706cc1f29076ee06fe06483697c749148a808c599579045d00a52573938	L	P	196
g1_33IwaFunFp3XIuBiC_M1xmaNJDddk7JeLZ-czq3M4Zg	s1_WVg7aYYLIrw6_-2mI3jQ-DPcLO4gX2sPEEqWQb0DGQA	1umxHv	python-cnn-puct-reval30k-v0.1.0	sha256:eb2600a53e225a835455efdb2759c40e27c5cb3c16ab0688bc21b99290ed10ee	python-cnn-puct-reval30k-v0.1.0	sha256:eb2600a53e225a835455efdb2759c40e27c5cb3c16ab0688bc21b99290ed10ee	D	P	196
g1_33br1djIg3FhBtnHbeyZwW0G9mpzYAJjesH1-jetvUk	s1_Djw6vZyWxexpW_TZQMWeZqYhe8cR_v4MDwAruomzv7o	1unP-J	qadv-arbiter-7x7-rust-lambda-v0.1.0	-	qadv-arbiter-7x7-rust-lambda-v0.1.0	-	D	P	196
g1_33br1djIg3FhBtnHbeyZwW0G9mpzYAJjesH1-jetvUk	s1_QE1eLUkvbKCzgmqUAJVBssoz0mmGepQ-6J2MqPyvh_w	1unP-J	qadv-arbiter-7x7-rust-lambda-v0.1.0	-	qadv-arbiter-7x7-rust-lambda-v0.1.0	-	D	P	196
g1_33br1djIg3FhBtnHbeyZwW0G9mpzYAJjesH1-jetvUk	s1_RauLaTi4eVgYHSp2TV9pqs9uzTVv0B10g9TaHMWpcZ4	1unP-J	qadv-arbiter-7x7-rust-lambda-v0.1.0	-	qadv-arbiter-7x7-rust-lambda-v0.1.0	-	D	P	-
g1_33br1djIg3FhBtnHbeyZwW0G9mpzYAJjesH1-jetvUk	s1_TtUJZDSMob8c1IhNMunApsZSAKuRli7tY_kDavM3Tdo	1unP-J	qadv-arbiter-7x7-rust-lambda-v0.1.0	-	qadv-arbiter-7x7-rust-lambda-v0.1.0	-	D	P	196
g1_33ePf7NbhaNxvCxSGrjsT-9B6GF9ZmWYL4MY5nb7YOc	s1_RauLaTi4eVgYHSp2TV9pqs9uzTVv0B10g9TaHMWpcZ4	1unMxV	qadv-arbiter-7x7-rust-lambda-v0.1.0	-	qadv-arbiter-7x7-rust-lambda-v0.1.0	-	D	P	-
g1_33ePf7NbhaNxvCxSGrjsT-9B6GF9ZmWYL4MY5nb7YOc	s1_UDjbtNrKinZZ9o1JFrV8JmMchSiaUwI9jmdl_OOjJD0	1unMxV	qadv-arbiter-7x7-rust-lambda-v0.1.0	-	qadv-arbiter-7x7-rust-lambda-v0.1.0	-	D	P	196
g1_33ePf7NbhaNxvCxSGrjsT-9B6GF9ZmWYL4MY5nb7YOc	s1_dqHLTSZdKV3l0ykITeIwNw2K_3zfA21H5o5GKNL_zl8	1unMxV	qadv-arbiter-7x7-rust-lambda-v0.1.0	-	qadv-arbiter-7x7-rust-lambda-v0.1.0	-	D	P	196
g1_33ePf7NbhaNxvCxSGrjsT-9B6GF9ZmWYL4MY5nb7YOc	s1_y9P5LogQwlszGsg96gMC3TozCemLIuUKEVeJNllJOho	1unMxV	qadv-arbiter-7x7-rust-lambda-v0.1.0	-	qadv-arbiter-7x7-rust-lambda-v0.1.0	-	D	P	196
g1_33pgXJceUCGcMP5t7Yyfz_ym_cgzCB5weoTaFkUosLs	s1_2FtaP75xgRVTNrUvmC0NIesJCNy8IDFJ05WNM4nUnpg	1unRAx	coin-flip-v0.0.1	-	qadv-arbiter-7x7-v0.1.0	-	D	P	196
g1_33pgXJceUCGcMP5t7Yyfz_ym_cgzCB5weoTaFkUosLs	s1_RauLaTi4eVgYHSp2TV9pqs9uzTVv0B10g9TaHMWpcZ4	1unRAx	coin-flip-v0.0.1	-	qadv-arbiter-7x7-v0.1.0	-	D	P	-
g1_33pgXJceUCGcMP5t7Yyfz_ym_cgzCB5weoTaFkUosLs	s1_WRFkqVc6emH1qeVmCxJHcEzut_aaMRMP1EfreJIOOB0	1unRAx	coin-flip-v0.0.1	-	qadv-arbiter-7x7-v0.1.0	-	D	P	196
g1_33pgXJceUCGcMP5t7Yyfz_ym_cgzCB5weoTaFkUosLs	s1_alBWj1HJUTen9aGl8KSVAGtnFP5V7G4_9WMFyBMQX2I	1unRAx	coin-flip-v0.0.1	-	qadv-arbiter-7x7-v0.1.0	-	D	P	196
g1_34-55nC8N5It5mI0s9z0GZgeMaptrUD5_aI_L-s8o3A	s1_Pw9n-eQGqVgzkoKq87SU94hsJkPfkJYpcSyanm-uljY	1umwHD	rust-pathfinder-v0.3.0	-	rust-pathfinder-onnx-sorter-v0.1.0	-	D	P	120
g1_34-55nC8N5It5mI0s9z0GZgeMaptrUD5_aI_L-s8o3A	s1_Pw9n-eQGqVgzkoKq87SU94hsJkPfkJYpcSyanm-uljY	1umwHZ	rust-pathfinder-v0.3.0	-	rust-pathfinder-onnx-sorter-v0.1.0	-	D	P	120
g1_349Uu9JochskBTXy9VoO8D8MUXGS6o19BE7rKyx3W-A	s1_1av6nXQkq-GSHXfjkVlGHGpAq8F9UbW4JwZmyFA-vww	1DIj3	python-gnn-puct-v0.1.0	sha256:6f9ad6e4a0993da3cf34a8549e86f9b5d512c51e11bfa76dfe051e7a8801bdac	python-gnn-puct-v0.1.0	sha256:6f9ad6e4a0993da3cf34a8549e86f9b5d512c51e11bfa76dfe051e7a8801bdac	-	M	196
g1_349Uu9JochskBTXy9VoO8D8MUXGS6o19BE7rKyx3W-A	s1_Brk0hkuJoH-MBjdd53AO5tlWcOgDWV_R0PO74fHGd_0	1DIj3	python-gnn-puct-v0.1.0	sha256:6f9ad6e4a0993da3cf34a8549e86f9b5d512c51e11bfa76dfe051e7a8801bdac	python-gnn-puct-v0.1.0	sha256:6f9ad6e4a0993da3cf34a8549e86f9b5d512c51e11bfa76dfe051e7a8801bdac	-	M	196
g1_349Uu9JochskBTXy9VoO8D8MUXGS6o19BE7rKyx3W-A	s1_KmF8KhDbubz6lwdS8R_n_yTGdSONmH9B1wUABbyCj94	1DIj3	python-gnn-puct-v0.1.0	sha256:6f9ad6e4a0993da3cf34a8549e86f9b5d512c51e11bfa76dfe051e7a8801bdac	python-gnn-puct-v0.1.0	sha256:6f9ad6e4a0993da3cf34a8549e86f9b5d512c51e11bfa76dfe051e7a8801bdac	-	M	196
g1_349Uu9JochskBTXy9VoO8D8MUXGS6o19BE7rKyx3W-A	s1_g5pGkHBMEhzAYvwFY0b24sSc7wC9JfnWApMHHZ_aMPI	1DIj3	python-gnn-puct-v0.1.0	sha256:6f9ad6e4a0993da3cf34a8549e86f9b5d512c51e11bfa76dfe051e7a8801bdac	python-gnn-puct-v0.1.0	sha256:6f9ad6e4a0993da3cf34a8549e86f9b5d512c51e11bfa76dfe051e7a8801bdac	-	M	196
g1_349Uu9JochskBTXy9VoO8D8MUXGS6o19BE7rKyx3W-A	s1_tol_POp6BcgBLMWq8iDfRBQSAXpESHxFwmcCQYXv0yQ	1DIj3	python-gnn-puct-v0.1.0	sha256:6f9ad6e4a0993da3cf34a8549e86f9b5d512c51e11bfa76dfe051e7a8801bdac	python-gnn-puct-v0.1.0	sha256:6f9ad6e4a0993da3cf34a8549e86f9b5d512c51e11bfa76dfe051e7a8801bdac	-	M	196
g1_34HSh_svVsXeXBQLWqO7cV3tnnlNnQCi19oEwUAtOMw	s1_EyLtemk9Mdw_-VZ8i8L6kK383s6-2VXFwkhit2YI3jg	1unOBs	qadv-arbiter-7x7-rust-lambda-v0.1.0	-	qadv-arbiter-7x7-rust-lambda-v0.1.0	-	D	P	196
g1_34HSh_svVsXeXBQLWqO7cV3tnnlNnQCi19oEwUAtOMw	s1_RQlrZvK05FQ0aJ9bKyqtSsPQv9UauinDrzD8FssAz6Y	1unOBs	qadv-arbiter-7x7-rust-lambda-v0.1.0	-	qadv-arbiter-7x7-rust-lambda-v0.1.0	-	D	P	196
g1_34HSh_svVsXeXBQLWqO7cV3tnnlNnQCi19oEwUAtOMw	s1_RauLaTi4eVgYHSp2TV9pqs9uzTVv0B10g9TaHMWpcZ4	1unOBs	qadv-arbiter-7x7-rust-lambda-v0.1.0	-	qadv-arbiter-7x7-rust-lambda-v0.1.0	-	D	P	-
g1_34HSh_svVsXeXBQLWqO7cV3tnnlNnQCi19oEwUAtOMw	s1_Yh4uHYesXx9AMMRGbcm1pSjl1lxtxGU_2hjJKoEv5Qw	1unOBs	qadv-arbiter-7x7-rust-lambda-v0.1.0	-	qadv-arbiter-7x7-rust-lambda-v0.1.0	-	D	P	196
g1_34JMvhAyre-uqCs87wzE913z5b6bpFC8fC6AQzedkTg	s1_Qmoz3nLvbLcY_1rcqMtpMJDvTQydhL5cxUNWV6EhpMY	1umwrz	qadv-arbiter-7x7-v0.1.0	sha256:8c548d06307572603b839755cc1e50393285365e10f82bcd90290ca65cd86266	qadv-arbiter-7x7-v0.1.0	sha256:8c548d06307572603b839755cc1e50393285365e10f82bcd90290ca65cd86266	D	P	196
g1_34MC7n4NcNVz8On24nfnnJqim-HNFSh0Aa7ruuuUKFs	s1_1LB6NAgPOeCp4r8rQw4kUOIXWpEdWysFm5RZjWCQSgc	1umwSm	python-gnn-puct-learner-v0.1.0	sha256:ab0f739cd33d66781faf60e27797c5ccba3c04ba684f8d9e32e9c2754f4e8956	python-gnn-puct-learner-v0.1.0	sha256:ab0f739cd33d66781faf60e27797c5ccba3c04ba684f8d9e32e9c2754f4e8956	D	P	196
g1_34MC7n4NcNVz8On24nfnnJqim-HNFSh0Aa7ruuuUKFs	s1_P4NHYhwuVnEA-dG2X-UVeVotb84A5mwljbYTlTMqr8w	1umwSm	python-gnn-puct-learner-v0.1.0	sha256:ab0f739cd33d66781faf60e27797c5ccba3c04ba684f8d9e32e9c2754f4e8956	python-gnn-puct-learner-v0.1.0	sha256:ab0f739cd33d66781faf60e27797c5ccba3c04ba684f8d9e32e9c2754f4e8956	D	P	196
g1_34MXqzX4WDp577dDiFYkmTPLty0UCq6PfwDRBMs7MPA	s1_2FtaP75xgRVTNrUvmC0NIesJCNy8IDFJ05WNM4nUnpg	1unQhh	pathfinder-v0.3.0	-	qadv-arbiter-7x7-v0.1.0	-	L	P	196
g1_34MXqzX4WDp577dDiFYkmTPLty0UCq6PfwDRBMs7MPA	s1_EMAArXmeNonF7axkhylrSEpN9T2VnrF-A_EAhty0My4	1unQhh	pathfinder-v0.3.0	-	qadv-arbiter-7x7-v0.1.0	-	L	P	196
g1_34MXqzX4WDp577dDiFYkmTPLty0UCq6PfwDRBMs7MPA	s1_PGvJ71vWzaOMRWV8tYAbKE3Yg3t5QEE8H64sXwGkFyk	1unQhh	pathfinder-v0.3.0	-	qadv-arbiter-7x7-v0.1.0	-	L	P	196
g1_34MXqzX4WDp577dDiFYkmTPLty0UCq6PfwDRBMs7MPA	s1_RauLaTi4eVgYHSp2TV9pqs9uzTVv0B10g9TaHMWpcZ4	1unQhh	pathfinder-v0.3.0	-	qadv-arbiter-7x7-v0.1.0	-	L	P	-
g1_34Unqxk7WRXKlJmofJNlg299CCryTtddGULhhwOA2WY	s1_-LEVmxegreVLSk_wJ3-cFNVg2Gn7cvYTnR-yWKZG4uk	1unPi4	qadv-arbiter-7x7-rust-lambda-v0.1.0	-	qadv-arbiter-7x7-rust-lambda-v0.1.0	-	D	P	196
g1_34Unqxk7WRXKlJmofJNlg299CCryTtddGULhhwOA2WY	s1_309xtdQPwQ0N_kCGdvD2JvOFbZ0YI7D_Vn1DsGAX2t0	1unPi4	qadv-arbiter-7x7-rust-lambda-v0.1.0	-	qadv-arbiter-7x7-rust-lambda-v0.1.0	-	D	P	196
g1_34Unqxk7WRXKlJmofJNlg299CCryTtddGULhhwOA2WY	s1_6sC8_-ak5KGnf_IKlYKjk89e5XsuAva_JjQtRNSaEC8	1unPi4	qadv-arbiter-7x7-rust-lambda-v0.1.0	-	qadv-arbiter-7x7-rust-lambda-v0.1.0	-	D	P	196
g1_34Unqxk7WRXKlJmofJNlg299CCryTtddGULhhwOA2WY	s1_RauLaTi4eVgYHSp2TV9pqs9uzTVv0B10g9TaHMWpcZ4	1unPi4	qadv-arbiter-7x7-rust-lambda-v0.1.0	-	qadv-arbiter-7x7-rust-lambda-v0.1.0	-	D	P	-
g1_34_eW7dShnlf7CTQjUmI3jhTC8yeLcxIjdl0dgZOOVE	s1_6PxtazPxkizz7K9QTWPSCIopEV5n0zpHoq3F52yO_6U	1umwqv	python-cnn-puct-v0.1.0	sha256:7845e9b7687beee165dc36b8d21833b7a8b5a83e31b58b49bd05c277ba26e642	python-cnn-puct-v0.1.0	sha256:7845e9b7687beee165dc36b8d21833b7a8b5a83e31b58b49bd05c277ba26e642	D	P	196
g1_34_eW7dShnlf7CTQjUmI3jhTC8yeLcxIjdl0dgZOOVE	s1_baRgKA_wMXdl0r4AwdkUfhWC04qxd1MvEGXAQaDd4fo	1umwqv	python-cnn-puct-v0.1.0	sha256:7845e9b7687beee165dc36b8d21833b7a8b5a83e31b58b49bd05c277ba26e642	python-cnn-puct-v0.1.0	sha256:7845e9b7687beee165dc36b8d21833b7a8b5a83e31b58b49bd05c277ba26e642	D	P	196
g1_34aUSM1is63nb4PD_fFJdYMVO-H2hIVBZjgaIwD61TQ	s1_4MTT2bcpp3vF4nlvii11cqA8JlTFnX2e1mpq3ATZ4xY	1unOGh	qadv-arbiter-7x7-rust-lambda-v0.1.0	-	qadv-arbiter-7x7-rust-lambda-v0.1.0	-	L	P	196
g1_34aUSM1is63nb4PD_fFJdYMVO-H2hIVBZjgaIwD61TQ	s1_Qcwpl_tIoo0HhgP9lDKWUs9aQrhk45VCLMZaUEBOHzY	1unOGh	qadv-arbiter-7x7-rust-lambda-v0.1.0	-	qadv-arbiter-7x7-rust-lambda-v0.1.0	-	L	P	196
g1_34aUSM1is63nb4PD_fFJdYMVO-H2hIVBZjgaIwD61TQ	s1_RauLaTi4eVgYHSp2TV9pqs9uzTVv0B10g9TaHMWpcZ4	1unOGh	qadv-arbiter-7x7-rust-lambda-v0.1.0	-	qadv-arbiter-7x7-rust-lambda-v0.1.0	-	L	P	-
g1_34aUSM1is63nb4PD_fFJdYMVO-H2hIVBZjgaIwD61TQ	s1_wKD5mgrrLowiaTP5-i_eoy4XoK1rlXVrtoilHVpkPIU	1unOGh	qadv-arbiter-7x7-rust-lambda-v0.1.0	-	qadv-arbiter-7x7-rust-lambda-v0.1.0	-	L	P	196
g1_34dov_HC8iRiBg4BMIDxo6FJXzEA03pi0dGjitx8UBk	s1_4pyS3OyZSLC4FERacB7VOMXZgeO_ARpUq08uyhDZ2Ho	1unO3m	qadv-arbiter-7x7-rust-lambda-v0.1.0	-	qadv-arbiter-7x7-rust-lambda-v0.1.0	-	L	P	196
g1_34dov_HC8iRiBg4BMIDxo6FJXzEA03pi0dGjitx8UBk	s1_5WAhtH6ic61Kh7WWsa2J_HjeZSs9jUnt_AyBcEnhFvU	1unO3m	qadv-arbiter-7x7-rust-lambda-v0.1.0	-	qadv-arbiter-7x7-rust-lambda-v0.1.0	-	L	P	196
g1_34dov_HC8iRiBg4BMIDxo6FJXzEA03pi0dGjitx8UBk	s1_7LyKZNcJGdpI8iKJC4Umi0GMLifgN3q-rTsKRtBL44w	1unO3m	qadv-arbiter-7x7-rust-lambda-v0.1.0	-	qadv-arbiter-7x7-rust-lambda-v0.1.0	-	L	P	196
g1_34dov_HC8iRiBg4BMIDxo6FJXzEA03pi0dGjitx8UBk	s1_RauLaTi4eVgYHSp2TV9pqs9uzTVv0B10g9TaHMWpcZ4	1unO3m	qadv-arbiter-7x7-rust-lambda-v0.1.0	-	qadv-arbiter-7x7-rust-lambda-v0.1.0	-	L	P	-
g1_34jTRSoZzCWSPcB0L523tCQQ0334HvGk3_Brc4hSW2s	s1_-4tO0tRLul8-4ZZjqPaBNXZpyx_t56qIXsXLqBJGoAk	1unPTR	qadv-arbiter-7x7-rust-lambda-v0.1.0	-	qadv-arbiter-7x7-rust-lambda-v0.1.0	-	L	P	196
g1_34jTRSoZzCWSPcB0L523tCQQ0334HvGk3_Brc4hSW2s	s1_K9z-kchrF0RxNi3Jx0_2fQj-YeQcf-F8c1fenm2nGac	1unPTR	qadv-arbiter-7x7-rust-lambda-v0.1.0	-	qadv-arbiter-7x7-rust-lambda-v0.1.0	-	L	P	196
g1_34jTRSoZzCWSPcB0L523tCQQ0334HvGk3_Brc4hSW2s	s1_RauLaTi4eVgYHSp2TV9pqs9uzTVv0B10g9TaHMWpcZ4	1unPTR	qadv-arbiter-7x7-rust-lambda-v0.1.0	-	qadv-arbiter-7x7-rust-lambda-v0.1.0	-	L	P	-
g1_34jTRSoZzCWSPcB0L523tCQQ0334HvGk3_Brc4hSW2s	s1_Uoz4tHLFTvD6Wyd7--FpzgTjtwOAaJef5wfhB0xuvRg	1unPTR	qadv-arbiter-7x7-rust-lambda-v0.1.0	-	qadv-arbiter-7x7-rust-lambda-v0.1.0	-	L	P	196
g1_35CXF76MOSyb0ufMt3eU3cAZY36Y1qSSyZYFaLey9UU	s1_F54q3SO_UtPFaM4OrPlpY8z2wp6i2lhzSuBfUmFPWLw	1unNKr	qadv-arbiter-7x7-rust-lambda-v0.1.0	-	qadv-arbiter-7x7-rust-lambda-v0.1.0	-	L	P	196
g1_35CXF76MOSyb0ufMt3eU3cAZY36Y1qSSyZYFaLey9UU	s1_OxSYZbLyF4r0MIfVvbl3mxz1h61A5-5p4R2HlnPvBoc	1unNKr	qadv-arbiter-7x7-rust-lambda-v0.1.0	-	qadv-arbiter-7x7-rust-lambda-v0.1.0	-	L	P	196
g1_35CXF76MOSyb0ufMt3eU3cAZY36Y1qSSyZYFaLey9UU	s1_RauLaTi4eVgYHSp2TV9pqs9uzTVv0B10g9TaHMWpcZ4	1unNKr	qadv-arbiter-7x7-rust-lambda-v0.1.0	-	qadv-arbiter-7x7-rust-lambda-v0.1.0	-	L	P	-
g1_35CXF76MOSyb0ufMt3eU3cAZY36Y1qSSyZYFaLey9UU	s1_YHdQ_06srEjQ5FHkTtySuyICE_MuHUf_fI30tqlQGIY	1unNKr	qadv-arbiter-7x7-rust-lambda-v0.1.0	-	qadv-arbiter-7x7-rust-lambda-v0.1.0	-	L	P	196
g1_35IT6rglp2sUWKhvKtTrj4mvSbkXg5S5aMcv2f6OC14	s1_LVsqPJ15fEfwIvIZubh6RdbSoc3Kpf4mT0fGgX_ZF-I	1unNiM	qadv-arbiter-7x7-rust-lambda-v0.1.0	-	qadv-arbiter-7x7-rust-lambda-v0.1.0	-	L	P	196
g1_35IT6rglp2sUWKhvKtTrj4mvSbkXg5S5aMcv2f6OC14	s1_RauLaTi4eVgYHSp2TV9pqs9uzTVv0B10g9TaHMWpcZ4	1unNiM	qadv-arbiter-7x7-rust-lambda-v0.1.0	-	qadv-arbiter-7x7-rust-lambda-v0.1.0	-	L	P	-
g1_35IT6rglp2sUWKhvKtTrj4mvSbkXg5S5aMcv2f6OC14	s1_T-CZWKDngmH5aVz9_Kd90ENJUKXXZOW7aDmpG74A4RA	1unNiM	qadv-arbiter-7x7-rust-lambda-v0.1.0	-	qadv-arbiter-7x7-rust-lambda-v0.1.0	-	L	P	196
g1_35IT6rglp2sUWKhvKtTrj4mvSbkXg5S5aMcv2f6OC14	s1_pp4uRSYoSTnetok2XbVinr_64XPI8YJ09JCNKOAtR3Q	1unNiM	qadv-arbiter-7x7-rust-lambda-v0.1.0	-	qadv-arbiter-7x7-rust-lambda-v0.1.0	-	L	P	196
g1_35JOpdEEeoJ_J5p2EM1AsZQwST3gZgDfRwGlt8ZZEew	s1_-OKlJXuPFfAnukwGYITjiU7XKL4OC_qt76PC0TZSPjg	1umvjy	python-cnn-puct-v0.1.0	sha256:7845e9b7687beee165dc36b8d21833b7a8b5a83e31b58b49bd05c277ba26e642	python-cnn-puct-v0.1.0	sha256:7845e9b7687beee165dc36b8d21833b7a8b5a83e31b58b49bd05c277ba26e642	-	M	196
g1_35JOpdEEeoJ_J5p2EM1AsZQwST3gZgDfRwGlt8ZZEew	s1_1av6nXQkq-GSHXfjkVlGHGpAq8F9UbW4JwZmyFA-vww	1umvjy	python-cnn-puct-v0.1.0	sha256:7845e9b7687beee165dc36b8d21833b7a8b5a83e31b58b49bd05c277ba26e642	python-cnn-puct-v0.1.0	sha256:7845e9b7687beee165dc36b8d21833b7a8b5a83e31b58b49bd05c277ba26e642	-	M	196
g1_35JOpdEEeoJ_J5p2EM1AsZQwST3gZgDfRwGlt8ZZEew	s1_mWPTef6xYbijjPhDIC6QgLRmu2mMSJAokNlIkx3vg54	1umvjy	python-cnn-puct-v0.1.0	sha256:7845e9b7687beee165dc36b8d21833b7a8b5a83e31b58b49bd05c277ba26e642	python-cnn-puct-v0.1.0	sha256:7845e9b7687beee165dc36b8d21833b7a8b5a83e31b58b49bd05c277ba26e642	-	M	196
g1_35VYB5qadwNyHYEIotBxm0JMBdtWKFLBnGvZAx3oJb4	s1_-OKlJXuPFfAnukwGYITjiU7XKL4OC_qt76PC0TZSPjg	1umvhB	python-cnn-puct-v0.1.0	sha256:7845e9b7687beee165dc36b8d21833b7a8b5a83e31b58b49bd05c277ba26e642	python-cnn-puct-v0.1.0	sha256:7845e9b7687beee165dc36b8d21833b7a8b5a83e31b58b49bd05c277ba26e642	L	P	196
g1_35VYB5qadwNyHYEIotBxm0JMBdtWKFLBnGvZAx3oJb4	s1_1av6nXQkq-GSHXfjkVlGHGpAq8F9UbW4JwZmyFA-vww	1umvhB	python-cnn-puct-v0.1.0	sha256:7845e9b7687beee165dc36b8d21833b7a8b5a83e31b58b49bd05c277ba26e642	python-cnn-puct-v0.1.0	sha256:7845e9b7687beee165dc36b8d21833b7a8b5a83e31b58b49bd05c277ba26e642	L	P	196
g1_35VYB5qadwNyHYEIotBxm0JMBdtWKFLBnGvZAx3oJb4	s1_Brk0hkuJoH-MBjdd53AO5tlWcOgDWV_R0PO74fHGd_0	1umvhB	python-cnn-puct-v0.1.0	sha256:7845e9b7687beee165dc36b8d21833b7a8b5a83e31b58b49bd05c277ba26e642	python-cnn-puct-v0.1.0	sha256:7845e9b7687beee165dc36b8d21833b7a8b5a83e31b58b49bd05c277ba26e642	L	P	196
g1_35WG2HsQct1UEyau2JQfolwxJnRoYgPiL8GUOAhwcgk	s1_1QbmjfeRkkXyaNt7uNuvbgRijxc-3p2MSJZecDZNhk8	1un5uJ	gnn-reval30k-7x7	sha256:7f41dbe135649d1116a0914bc0358a5ffae95749195ec20dd972035bbbea52f7	qadv-arbiter-guided-7x7-v0.2.0	sha256:9c0e5e530df7db77a98f6a2e75fe63a6f629c6ad6563e0b5454793ebc243b14d	D	P	196
g1_35WG2HsQct1UEyau2JQfolwxJnRoYgPiL8GUOAhwcgk	s1_KFCPuS07IuvwTcEzH-1o96QSsgWXXBFf-H4aSllW5pw	1un5uJ	gnn-reval30k-7x7	sha256:7f41dbe135649d1116a0914bc0358a5ffae95749195ec20dd972035bbbea52f7	qadv-arbiter-guided-7x7-v0.2.0	sha256:9c0e5e530df7db77a98f6a2e75fe63a6f629c6ad6563e0b5454793ebc243b14d	D	P	196
g1_35WG2HsQct1UEyau2JQfolwxJnRoYgPiL8GUOAhwcgk	s1_O3cuwuia8XT9TI7Nxr3tRcajOA20XFHEIT2fYX3WizY	1un5uJ	gnn-reval30k-7x7	sha256:7f41dbe135649d1116a0914bc0358a5ffae95749195ec20dd972035bbbea52f7	qadv-arbiter-guided-7x7-v0.2.0	sha256:9c0e5e530df7db77a98f6a2e75fe63a6f629c6ad6563e0b5454793ebc243b14d	D	P	196
g1_35WG2HsQct1UEyau2JQfolwxJnRoYgPiL8GUOAhwcgk	s1_WKgJ-Jv1JLaOTWIv9LBPKOOAJ5w7fDR6YLt9DYRBTmo	1un6Mf	gnn-reval30k-7x7	sha256:7f41dbe135649d1116a0914bc0358a5ffae95749195ec20dd972035bbbea52f7	qadv-arbiter-guided-7x7-v0.2.0	sha256:9c0e5e530df7db77a98f6a2e75fe63a6f629c6ad6563e0b5454793ebc243b14d	D	P	196
g1_35WG2HsQct1UEyau2JQfolwxJnRoYgPiL8GUOAhwcgk	s1_cLhadU61FtckEqANG11HlvmBNEu5JQxwalW0_KFv9kA	1un6Mf	gnn-reval30k-7x7	sha256:7f41dbe135649d1116a0914bc0358a5ffae95749195ec20dd972035bbbea52f7	qadv-arbiter-guided-7x7-v0.2.0	sha256:9c0e5e530df7db77a98f6a2e75fe63a6f629c6ad6563e0b5454793ebc243b14d	D	P	196
g1_35mr1shI0_VqU9Wf9ZLxiH2YfiIsGsav-lPvDhD6q48	s1_RauLaTi4eVgYHSp2TV9pqs9uzTVv0B10g9TaHMWpcZ4	1unPbU	qadv-arbiter-7x7-rust-lambda-v0.1.0	-	qadv-arbiter-7x7-rust-lambda-v0.1.0	-	D	P	-
g1_35mr1shI0_VqU9Wf9ZLxiH2YfiIsGsav-lPvDhD6q48	s1_kVpFyvOYrEp4a-gdcQ-PDpsD3-7TIEPATryPdgeF2gc	1unPbU	qadv-arbiter-7x7-rust-lambda-v0.1.0	-	qadv-arbiter-7x7-rust-lambda-v0.1.0	-	D	P	196
g1_35mr1shI0_VqU9Wf9ZLxiH2YfiIsGsav-lPvDhD6q48	s1_nl4VnewLFPGKtk4wOvj_Aqz-feRzhbeOf-Nr-EIw49I	1unPbU	qadv-arbiter-7x7-rust-lambda-v0.1.0	-	qadv-arbiter-7x7-rust-lambda-v0.1.0	-	D	P	196
g1_35mr1shI0_VqU9Wf9ZLxiH2YfiIsGsav-lPvDhD6q48	s1_v6K0WU4RfPjQmzaclf3aFjh34Em5grVggIA737o8fmA	1unPbU	qadv-arbiter-7x7-rust-lambda-v0.1.0	-	qadv-arbiter-7x7-rust-lambda-v0.1.0	-	D	P	196
g1_35o5S2A7if6lB8ABUp5UPo--C9dRlTfzrPT_LJfYNsk	s1_FCGT-S3mY6j0zP7fQdpXQLVthNHbQN7NQudG8eASdyQ	1unOW2	qadv-arbiter-7x7-rust-lambda-v0.1.0	-	qadv-arbiter-7x7-rust-lambda-v0.1.0	-	D	P	196
g1_35o5S2A7if6lB8ABUp5UPo--C9dRlTfzrPT_LJfYNsk	s1_RauLaTi4eVgYHSp2TV9pqs9uzTVv0B10g9TaHMWpcZ4	1unOW2	qadv-arbiter-7x7-rust-lambda-v0.1.0	-	qadv-arbiter-7x7-rust-lambda-v0.1.0	-	D	P	-
g1_35o5S2A7if6lB8ABUp5UPo--C9dRlTfzrPT_LJfYNsk	s1_XaOdYabu2gTM1qJG1QxK9TZteeNlafsxavi7dHDGJvs	1unOW2	qadv-arbiter-7x7-rust-lambda-v0.1.0	-	qadv-arbiter-7x7-rust-lambda-v0.1.0	-	D	P	196
g1_35o5S2A7if6lB8ABUp5UPo--C9dRlTfzrPT_LJfYNsk	s1_sS_lNXE5u4ZEVMJEnWGYsmw8LTxHK0Qr2zHG_Miyiw0	1unOW2	qadv-arbiter-7x7-rust-lambda-v0.1.0	-	qadv-arbiter-7x7-rust-lambda-v0.1.0	-	D	P	196
g1_365f2vzL6cHyG_ag1w4H5k6eZpKaoKfzoJ9EQk0SXBY	s1__fmnSv6OnZklVvMPUjPdL6drtvfrJptRYX3nxZQO8jI	1umxpp	python-gnn-puct-scout-v0.1.0	sha256:b9f80706cc1f29076ee06fe06483697c749148a808c599579045d00a52573938	python-gnn-puct-scout-v0.1.0	sha256:b9f80706cc1f29076ee06fe06483697c749148a808c599579045d00a52573938	D	P	196
g1_36CWtUi2arkaB69g26tea7yb1kNq3Xfx4Dc13CU-NHE	s1_9mclw2_h7Bv0kpmHt_pESB25i4AXrYBMZFTlAqk6U5Q	1unNhA	qadv-arbiter-7x7-rust-lambda-v0.1.0	-	qadv-arbiter-7x7-rust-lambda-v0.1.0	-	D	P	196
g1_36CWtUi2arkaB69g26tea7yb1kNq3Xfx4Dc13CU-NHE	s1_IF9XiaWXBQMV6PJs44WRkfLccn4kPxg_Q06Oj9mAGLM	1unNhA	qadv-arbiter-7x7-rust-lambda-v0.1.0	-	qadv-arbiter-7x7-rust-lambda-v0.1.0	-	D	P	196
g1_36CWtUi2arkaB69g26tea7yb1kNq3Xfx4Dc13CU-NHE	s1_RauLaTi4eVgYHSp2TV9pqs9uzTVv0B10g9TaHMWpcZ4	1unNhA	qadv-arbiter-7x7-rust-lambda-v0.1.0	-	qadv-arbiter-7x7-rust-lambda-v0.1.0	-	D	P	-
g1_36CWtUi2arkaB69g26tea7yb1kNq3Xfx4Dc13CU-NHE	s1_kNuz9wSzJMnTrrnXuQEVTXpyyYxhEVrzTheTAh5DG4U	1unNhA	qadv-arbiter-7x7-rust-lambda-v0.1.0	-	qadv-arbiter-7x7-rust-lambda-v0.1.0	-	D	P	196
g1_36FYBi_xsy5y956W16MiJjoDq52gGQrClMry8_7r7Ss	s1_7FIu85-v_e-kbNsQ2UNk3yRt-KGcLyUjpmVwIc9cnfM	1umwFW	python-gnn-puct-scout-v0.1.0	sha256:b9f80706cc1f29076ee06fe06483697c749148a808c599579045d00a52573938	python-gnn-puct-scout-v0.1.0	sha256:b9f80706cc1f29076ee06fe06483697c749148a808c599579045d00a52573938	L	P	196
g1_36FYBi_xsy5y956W16MiJjoDq52gGQrClMry8_7r7Ss	s1_S8AGNBNcWBvWiwIo-AOAHPoHuZo2XvcsYvhgQxGTkrY	1umwFW	python-gnn-puct-scout-v0.1.0	sha256:b9f80706cc1f29076ee06fe06483697c749148a808c599579045d00a52573938	python-gnn-puct-scout-v0.1.0	sha256:b9f80706cc1f29076ee06fe06483697c749148a808c599579045d00a52573938	L	P	196
g1_36FmO8ijDtnIbOSjieME7ezyIUoLYGlKXPEAboE_LC4	s1_Hxk7NhpnOKoEcEZEl6qag2yH6ceKzgUD2RxgtFgBNbI	1unNQS	qadv-arbiter-7x7-rust-lambda-v0.1.0	-	qadv-arbiter-7x7-rust-lambda-v0.1.0	-	L	P	196
g1_36FmO8ijDtnIbOSjieME7ezyIUoLYGlKXPEAboE_LC4	s1_MzoaEQbiQjLL3Ju1pfEfEJJgcMI52PE_cAjBOqNoIEY	1unNQS	qadv-arbiter-7x7-rust-lambda-v0.1.0	-	qadv-arbiter-7x7-rust-lambda-v0.1.0	-	L	P	196
g1_36FmO8ijDtnIbOSjieME7ezyIUoLYGlKXPEAboE_LC4	s1_RauLaTi4eVgYHSp2TV9pqs9uzTVv0B10g9TaHMWpcZ4	1unNQS	qadv-arbiter-7x7-rust-lambda-v0.1.0	-	qadv-arbiter-7x7-rust-lambda-v0.1.0	-	L	P	-
g1_36FmO8ijDtnIbOSjieME7ezyIUoLYGlKXPEAboE_LC4	s1_j_QHmzMfGG9kJLmwbdPCfpdIQZpC4QHL3RsdG2-psH8	1unNQS	qadv-arbiter-7x7-rust-lambda-v0.1.0	-	qadv-arbiter-7x7-rust-lambda-v0.1.0	-	L	P	196
g1_36MkoPIyf-NEF_hMB_Ph0z6vkphSqNB0tGzDG-1-ZG0	s1_1av6nXQkq-GSHXfjkVlGHGpAq8F9UbW4JwZmyFA-vww	1DIfT	lunatic-v0.1.0	-	rust-pathfinder-v0.1.0	-	D	P	-
g1_36MkoPIyf-NEF_hMB_Ph0z6vkphSqNB0tGzDG-1-ZG0	s1_9Eroywf7tuDrn-hcfZPjlEa1DSRUykCRn9Z11u8ySIo	1DIfT	lunatic-v0.1.0	-	rust-pathfinder-v0.1.0	-	D	P	-
g1_36MkoPIyf-NEF_hMB_Ph0z6vkphSqNB0tGzDG-1-ZG0	s1_Brk0hkuJoH-MBjdd53AO5tlWcOgDWV_R0PO74fHGd_0	1DIfT	lunatic-v0.1.0	-	rust-pathfinder-v0.1.0	-	D	P	-
g1_36MkoPIyf-NEF_hMB_Ph0z6vkphSqNB0tGzDG-1-ZG0	s1_KmF8KhDbubz6lwdS8R_n_yTGdSONmH9B1wUABbyCj94	1DIfT	lunatic-v0.1.0	-	rust-pathfinder-v0.1.0	-	D	P	-
g1_36MkoPIyf-NEF_hMB_Ph0z6vkphSqNB0tGzDG-1-ZG0	s1_MKrI0a3Qd48rU7oZj28GrlQ3cHhIbUzS5ibiIW9aKy4	1DIfT	lunatic-v0.1.0	-	rust-pathfinder-v0.1.0	-	D	P	-
g1_36MkoPIyf-NEF_hMB_Ph0z6vkphSqNB0tGzDG-1-ZG0	s1_XloMUS0hxYEXf762lcPfaudsLmsH-CsOVZNVVU_obcA	1DIfT	lunatic-v0.1.0	-	rust-pathfinder-v0.1.0	-	D	P	-
g1_36MkoPIyf-NEF_hMB_Ph0z6vkphSqNB0tGzDG-1-ZG0	s1_g5pGkHBMEhzAYvwFY0b24sSc7wC9JfnWApMHHZ_aMPI	1DIfT	lunatic-v0.1.0	-	rust-pathfinder-v0.1.0	-	D	P	-
g1_36gF5yAOjHiRweX9FG9m4V80tbGdvzFz2HbqPI5MdLo	s1_7hrC0X0uTMNrcYDKnO37KbYC7-5rIfxYEDuGMlqbAWI	1unMXn	qadv-arbiter-7x7-rust-lambda-v0.1.0	-	qadv-arbiter-7x7-rust-lambda-v0.1.0	-	D	P	196
g1_36gF5yAOjHiRweX9FG9m4V80tbGdvzFz2HbqPI5MdLo	s1_RauLaTi4eVgYHSp2TV9pqs9uzTVv0B10g9TaHMWpcZ4	1unMXn	qadv-arbiter-7x7-rust-lambda-v0.1.0	-	qadv-arbiter-7x7-rust-lambda-v0.1.0	-	D	P	-
g1_36gF5yAOjHiRweX9FG9m4V80tbGdvzFz2HbqPI5MdLo	s1_X3IefaIY4KO0o9Lf7-vSN4dYMfvNAHjRugnla3LFLTw	1unMXn	qadv-arbiter-7x7-rust-lambda-v0.1.0	-	qadv-arbiter-7x7-rust-lambda-v0.1.0	-	D	P	196
g1_36gF5yAOjHiRweX9FG9m4V80tbGdvzFz2HbqPI5MdLo	s1_rvXSErMGPgpwqNkyaXhwcZA_hq_tt7-vMhByfmTGgcI	1unMXn	qadv-arbiter-7x7-rust-lambda-v0.1.0	-	qadv-arbiter-7x7-rust-lambda-v0.1.0	-	D	P	196
g1_36lL_BBolyZNH7hGTqD1g49aCke_0mBZChTQZR4rKKk	s1__fmnSv6OnZklVvMPUjPdL6drtvfrJptRYX3nxZQO8jI	1umxvC	python-gnn-puct-scout-v0.1.0	sha256:b9f80706cc1f29076ee06fe06483697c749148a808c599579045d00a52573938	python-gnn-puct-scout-v0.1.0	sha256:b9f80706cc1f29076ee06fe06483697c749148a808c599579045d00a52573938	L	P	196
g1_36oZFDeZadHqa4PTOpmgpz-AwGiSilBV21L5lHiOr8E	s1_1av6nXQkq-GSHXfjkVlGHGpAq8F9UbW4JwZmyFA-vww	1umvWO	python-gnn-puct-learner-v0.1.0	sha256:ab0f739cd33d66781faf60e27797c5ccba3c04ba684f8d9e32e9c2754f4e8956	python-gnn-puct-learner-v0.1.0	sha256:ab0f739cd33d66781faf60e27797c5ccba3c04ba684f8d9e32e9c2754f4e8956	L	P	196
g1_36oZFDeZadHqa4PTOpmgpz-AwGiSilBV21L5lHiOr8E	s1_Brk0hkuJoH-MBjdd53AO5tlWcOgDWV_R0PO74fHGd_0	1umvWO	python-gnn-puct-learner-v0.1.0	sha256:ab0f739cd33d66781faf60e27797c5ccba3c04ba684f8d9e32e9c2754f4e8956	python-gnn-puct-learner-v0.1.0	sha256:ab0f739cd33d66781faf60e27797c5ccba3c04ba684f8d9e32e9c2754f4e8956	L	P	196
g1_36oZFDeZadHqa4PTOpmgpz-AwGiSilBV21L5lHiOr8E	s1_QBFUsDtxokERlDOdQkleYbPvhJ-vIp2qmp6DXjS-7oM	1umvWO	python-gnn-puct-learner-v0.1.0	sha256:ab0f739cd33d66781faf60e27797c5ccba3c04ba684f8d9e32e9c2754f4e8956	python-gnn-puct-learner-v0.1.0	sha256:ab0f739cd33d66781faf60e27797c5ccba3c04ba684f8d9e32e9c2754f4e8956	L	P	196
g1_36rphj65JMKrbguHyFiIt_5JFrCkKnSv-izkNctBaB8	s1_6PrtAH1YaTle_ilpdpZQYmQOSHALgquNiNXkCRVOicU	1unNO5	qadv-arbiter-7x7-rust-lambda-v0.1.0	-	qadv-arbiter-7x7-rust-lambda-v0.1.0	-	D	P	196
g1_36rphj65JMKrbguHyFiIt_5JFrCkKnSv-izkNctBaB8	s1_7ShuudqEk1H0k3KSf0S1sgD0kT0P_vlH7Qx0n7-JIJ0	1unNO5	qadv-arbiter-7x7-rust-lambda-v0.1.0	-	qadv-arbiter-7x7-rust-lambda-v0.1.0	-	D	P	196
g1_36rphj65JMKrbguHyFiIt_5JFrCkKnSv-izkNctBaB8	s1_8a0cVw6dzRZOin4kmyxnMErDlhd4YAz7XbIVDmZuDSw	1unNO5	qadv-arbiter-7x7-rust-lambda-v0.1.0	-	qadv-arbiter-7x7-rust-lambda-v0.1.0	-	D	P	196
g1_36rphj65JMKrbguHyFiIt_5JFrCkKnSv-izkNctBaB8	s1_RauLaTi4eVgYHSp2TV9pqs9uzTVv0B10g9TaHMWpcZ4	1unNO5	qadv-arbiter-7x7-rust-lambda-v0.1.0	-	qadv-arbiter-7x7-rust-lambda-v0.1.0	-	D	P	-
g1_36t75LoO0d-K9TotiUrV70-fOIw4NE3SIFth-Oa-JAU	s1_1av6nXQkq-GSHXfjkVlGHGpAq8F9UbW4JwZmyFA-vww	1DIgx	lunatic-v0.1.0	-	rust-pathfinder-v0.1.0	-	D	P	-
g1_36t75LoO0d-K9TotiUrV70-fOIw4NE3SIFth-Oa-JAU	s1_9Eroywf7tuDrn-hcfZPjlEa1DSRUykCRn9Z11u8ySIo	1DIgx	lunatic-v0.1.0	-	rust-pathfinder-v0.1.0	-	D	P	-
g1_36t75LoO0d-K9TotiUrV70-fOIw4NE3SIFth-Oa-JAU	s1_9Eroywf7tuDrn-hcfZPjlEa1DSRUykCRn9Z11u8ySIo	1umv1J	lunatic-v0.1.0	-	rust-pathfinder-v0.1.0	-	D	P	-
g1_36t75LoO0d-K9TotiUrV70-fOIw4NE3SIFth-Oa-JAU	s1_Brk0hkuJoH-MBjdd53AO5tlWcOgDWV_R0PO74fHGd_0	1DIgx	lunatic-v0.1.0	-	rust-pathfinder-v0.1.0	-	D	P	-
g1_36t75LoO0d-K9TotiUrV70-fOIw4NE3SIFth-Oa-JAU	s1_KmF8KhDbubz6lwdS8R_n_yTGdSONmH9B1wUABbyCj94	1DIgx	lunatic-v0.1.0	-	rust-pathfinder-v0.1.0	-	D	P	-
g1_36t75LoO0d-K9TotiUrV70-fOIw4NE3SIFth-Oa-JAU	s1_MKrI0a3Qd48rU7oZj28GrlQ3cHhIbUzS5ibiIW9aKy4	1DIgx	lunatic-v0.1.0	-	rust-pathfinder-v0.1.0	-	D	P	-
g1_36t75LoO0d-K9TotiUrV70-fOIw4NE3SIFth-Oa-JAU	s1_S06ybw0yDIIqiOwgmMxEdlMUe_DdAoxGfY5D91Fh580	1umv1J	lunatic-v0.1.0	-	rust-pathfinder-v0.1.0	-	D	P	-
g1_36t75LoO0d-K9TotiUrV70-fOIw4NE3SIFth-Oa-JAU	s1_XloMUS0hxYEXf762lcPfaudsLmsH-CsOVZNVVU_obcA	1DIgx	lunatic-v0.1.0	-	rust-pathfinder-v0.1.0	-	D	P	-
g1_36t75LoO0d-K9TotiUrV70-fOIw4NE3SIFth-Oa-JAU	s1_g5pGkHBMEhzAYvwFY0b24sSc7wC9JfnWApMHHZ_aMPI	1DIgx	lunatic-v0.1.0	-	rust-pathfinder-v0.1.0	-	D	P	-
g1_36t75LoO0d-K9TotiUrV70-fOIw4NE3SIFth-Oa-JAU	s1_yzrkPDA5egXCkdg9BV9wK4-9CohJuc_ZO3uCNV9xrw8	1umv1J	lunatic-v0.1.0	-	rust-pathfinder-v0.1.0	-	D	P	-
g1_36taitJMlSZ08knQs5QHhqxkjfbN875lCe3ZDYjAoEI	s1_7FIu85-v_e-kbNsQ2UNk3yRt-KGcLyUjpmVwIc9cnfM	1umwO3	python-gnn-puct-scout-v0.1.0	sha256:b9f80706cc1f29076ee06fe06483697c749148a808c599579045d00a52573938	python-gnn-puct-scout-v0.1.0	sha256:b9f80706cc1f29076ee06fe06483697c749148a808c599579045d00a52573938	D	P	196
g1_36taitJMlSZ08knQs5QHhqxkjfbN875lCe3ZDYjAoEI	s1_S8AGNBNcWBvWiwIo-AOAHPoHuZo2XvcsYvhgQxGTkrY	1umwO3	python-gnn-puct-scout-v0.1.0	sha256:b9f80706cc1f29076ee06fe06483697c749148a808c599579045d00a52573938	python-gnn-puct-scout-v0.1.0	sha256:b9f80706cc1f29076ee06fe06483697c749148a808c599579045d00a52573938	D	P	196
g1_379xx-6Ec269T2w9SjYtwIHqYPCLMlcZbQHJeuBgAdg	s1_7FIu85-v_e-kbNsQ2UNk3yRt-KGcLyUjpmVwIc9cnfM	1umwNM	python-gnn-puct-scout-v0.1.0	sha256:b9f80706cc1f29076ee06fe06483697c749148a808c599579045d00a52573938	python-gnn-puct-scout-v0.1.0	sha256:b9f80706cc1f29076ee06fe06483697c749148a808c599579045d00a52573938	L	P	196
g1_379xx-6Ec269T2w9SjYtwIHqYPCLMlcZbQHJeuBgAdg	s1_S8AGNBNcWBvWiwIo-AOAHPoHuZo2XvcsYvhgQxGTkrY	1umwNM	python-gnn-puct-scout-v0.1.0	sha256:b9f80706cc1f29076ee06fe06483697c749148a808c599579045d00a52573938	python-gnn-puct-scout-v0.1.0	sha256:b9f80706cc1f29076ee06fe06483697c749148a808c599579045d00a52573938	L	P	196
g1_37CUaab3IYpJuQJvK6n0Esv9ERqX47aGSIoBCU8STuo	s1_flXyOBW6T9LLVDFIvXBGel1MoVNZcUcMFIJnB9yLapU	1umxBs	python-gnn-puct-reval30k-v0.1.0	sha256:6120be86fc469df71473c3de64e5e32f99694cd47d621fa5948f243dc51d3d21	python-gnn-puct-reval30k-v0.1.0	sha256:6120be86fc469df71473c3de64e5e32f99694cd47d621fa5948f243dc51d3d21	D	P	196
g1_37EgGCx821tgd_jzlBaULCWROD6KvcQUHTtIrUTr_1I	s1_1av6nXQkq-GSHXfjkVlGHGpAq8F9UbW4JwZmyFA-vww	1DIen	python-gnn-puct-v0.1.0	sha256:6f9ad6e4a0993da3cf34a8549e86f9b5d512c51e11bfa76dfe051e7a8801bdac	python-gnn-puct-v0.1.0	sha256:6f9ad6e4a0993da3cf34a8549e86f9b5d512c51e11bfa76dfe051e7a8801bdac	-	M	196
g1_37EgGCx821tgd_jzlBaULCWROD6KvcQUHTtIrUTr_1I	s1_Brk0hkuJoH-MBjdd53AO5tlWcOgDWV_R0PO74fHGd_0	1DIen	python-gnn-puct-v0.1.0	sha256:6f9ad6e4a0993da3cf34a8549e86f9b5d512c51e11bfa76dfe051e7a8801bdac	python-gnn-puct-v0.1.0	sha256:6f9ad6e4a0993da3cf34a8549e86f9b5d512c51e11bfa76dfe051e7a8801bdac	-	M	196
g1_37EgGCx821tgd_jzlBaULCWROD6KvcQUHTtIrUTr_1I	s1_KmF8KhDbubz6lwdS8R_n_yTGdSONmH9B1wUABbyCj94	1DIen	python-gnn-puct-v0.1.0	sha256:6f9ad6e4a0993da3cf34a8549e86f9b5d512c51e11bfa76dfe051e7a8801bdac	python-gnn-puct-v0.1.0	sha256:6f9ad6e4a0993da3cf34a8549e86f9b5d512c51e11bfa76dfe051e7a8801bdac	-	M	196
g1_37EgGCx821tgd_jzlBaULCWROD6KvcQUHTtIrUTr_1I	s1_g5pGkHBMEhzAYvwFY0b24sSc7wC9JfnWApMHHZ_aMPI	1DIen	python-gnn-puct-v0.1.0	sha256:6f9ad6e4a0993da3cf34a8549e86f9b5d512c51e11bfa76dfe051e7a8801bdac	python-gnn-puct-v0.1.0	sha256:6f9ad6e4a0993da3cf34a8549e86f9b5d512c51e11bfa76dfe051e7a8801bdac	-	M	196
g1_37EgGCx821tgd_jzlBaULCWROD6KvcQUHTtIrUTr_1I	s1_tol_POp6BcgBLMWq8iDfRBQSAXpESHxFwmcCQYXv0yQ	1DIen	python-gnn-puct-v0.1.0	sha256:6f9ad6e4a0993da3cf34a8549e86f9b5d512c51e11bfa76dfe051e7a8801bdac	python-gnn-puct-v0.1.0	sha256:6f9ad6e4a0993da3cf34a8549e86f9b5d512c51e11bfa76dfe051e7a8801bdac	-	M	196
g1_37GgCF3EW84yPdeRoelovYjljRxGC3vk0-35jmEfi74	s1_2dicR_GC5A4URJpnTdj3jot0YUvgDajLW5gCu3OScEY	1unOQ5	qadv-arbiter-7x7-rust-lambda-v0.1.0	-	qadv-arbiter-7x7-rust-lambda-v0.1.0	-	L	P	196
g1_37GgCF3EW84yPdeRoelovYjljRxGC3vk0-35jmEfi74	s1_6HShBvceBegdmH6Jld182tC2Xodi_P9my_wvJ3TsQnI	1unOQ5	qadv-arbiter-7x7-rust-lambda-v0.1.0	-	qadv-arbiter-7x7-rust-lambda-v0.1.0	-	L	P	196
g1_37GgCF3EW84yPdeRoelovYjljRxGC3vk0-35jmEfi74	s1_RauLaTi4eVgYHSp2TV9pqs9uzTVv0B10g9TaHMWpcZ4	1unOQ5	qadv-arbiter-7x7-rust-lambda-v0.1.0	-	qadv-arbiter-7x7-rust-lambda-v0.1.0	-	L	P	-
g1_37GgCF3EW84yPdeRoelovYjljRxGC3vk0-35jmEfi74	s1_x67S03XOmSgJ_r7D_WLcAoMApS3yP324D0EXaYopx6Q	1unOQ5	qadv-arbiter-7x7-rust-lambda-v0.1.0	-	qadv-arbiter-7x7-rust-lambda-v0.1.0	-	L	P	196
g1_37WZLWH3_1-ODTPxvtkHwI2S2UMQSnjDtN-abDFvfbY	s1_ETVWQ2BbbR7X1PfWDauwjciLu4LOAdxTYSDYh0yuNTk	1unM8M	qadv-arbiter-7x7-rust-lambda-v0.1.0	-	qadv-arbiter-7x7-rust-lambda-v0.1.0	-	L	P	196
g1_37WZLWH3_1-ODTPxvtkHwI2S2UMQSnjDtN-abDFvfbY	s1_RauLaTi4eVgYHSp2TV9pqs9uzTVv0B10g9TaHMWpcZ4	1unM8M	qadv-arbiter-7x7-rust-lambda-v0.1.0	-	qadv-arbiter-7x7-rust-lambda-v0.1.0	-	L	P	-
g1_37WZLWH3_1-ODTPxvtkHwI2S2UMQSnjDtN-abDFvfbY	s1_dSyDADIP-NSo6YPAT4kr8SMqG5JXggrv0h_zS_ga7E8	1unM8M	qadv-arbiter-7x7-rust-lambda-v0.1.0	-	qadv-arbiter-7x7-rust-lambda-v0.1.0	-	L	P	196
g1_37WZLWH3_1-ODTPxvtkHwI2S2UMQSnjDtN-abDFvfbY	s1_iQ2aMI8BjNovGOckWJqakBmTvLEPMekkZ6iue3bP9NQ	1unM8M	qadv-arbiter-7x7-rust-lambda-v0.1.0	-	qadv-arbiter-7x7-rust-lambda-v0.1.0	-	L	P	196
g1_37li8GUG6hubTxzX35FOrhtbTtUmJv1dyn25-Rj6nQU	s1_RauLaTi4eVgYHSp2TV9pqs9uzTVv0B10g9TaHMWpcZ4	1unO4k	qadv-arbiter-7x7-rust-lambda-v0.1.0	-	qadv-arbiter-7x7-rust-lambda-v0.1.0	-	D	P	-
g1_37li8GUG6hubTxzX35FOrhtbTtUmJv1dyn25-Rj6nQU	s1_ax9mf_fgAtSexEh57ZMafVexAhOWXMvmwJMVLmeFETs	1unO4k	qadv-arbiter-7x7-rust-lambda-v0.1.0	-	qadv-arbiter-7x7-rust-lambda-v0.1.0	-	D	P	196
g1_37li8GUG6hubTxzX35FOrhtbTtUmJv1dyn25-Rj6nQU	s1_sDRIB7EDDh8-Y9umEeuNNgc-Ggp4yCTLhSUBAKZHDPA	1unO4k	qadv-arbiter-7x7-rust-lambda-v0.1.0	-	qadv-arbiter-7x7-rust-lambda-v0.1.0	-	D	P	196
g1_37li8GUG6hubTxzX35FOrhtbTtUmJv1dyn25-Rj6nQU	s1_ySrw_T8N6wR1ePUiTrSVvcdR5dMyqMzgOBjPR2CpTAQ	1unO4k	qadv-arbiter-7x7-rust-lambda-v0.1.0	-	qadv-arbiter-7x7-rust-lambda-v0.1.0	-	D	P	196
g1_37txBG86H25IVpUzhVX3JP-KQYStnMA86_t1Bufp50M	s1_J9EF5676IM_wxOc02zG45LXeEd3FeuUD_sb4PARt5Zg	1un3wu	qadv-arbiter-guided-7x7-v0.2.0	sha256:9c0e5e530df7db77a98f6a2e75fe63a6f629c6ad6563e0b5454793ebc243b14d	pathfinder-v0.3.0	-	D	P	196
g1_37txBG86H25IVpUzhVX3JP-KQYStnMA86_t1Bufp50M	s1_O3cuwuia8XT9TI7Nxr3tRcajOA20XFHEIT2fYX3WizY	1un2y0	qadv-arbiter-guided-7x7-v0.2.0	sha256:9c0e5e530df7db77a98f6a2e75fe63a6f629c6ad6563e0b5454793ebc243b14d	pathfinder-v0.3.0	-	D	P	196
g1_37txBG86H25IVpUzhVX3JP-KQYStnMA86_t1Bufp50M	s1_k3puRqE8NWPGwCDwvbob-P5fduhbfDZ6XxhZ6wUA4ks	1un2y0	qadv-arbiter-guided-7x7-v0.2.0	sha256:9c0e5e530df7db77a98f6a2e75fe63a6f629c6ad6563e0b5454793ebc243b14d	pathfinder-v0.3.0	-	D	P	196
g1_37txBG86H25IVpUzhVX3JP-KQYStnMA86_t1Bufp50M	s1_mGJiiaFLrnaho5pkitxmswxQuh0g01-XdSdvqDg3GqE	1un3wu	qadv-arbiter-guided-7x7-v0.2.0	sha256:9c0e5e530df7db77a98f6a2e75fe63a6f629c6ad6563e0b5454793ebc243b14d	pathfinder-v0.3.0	-	D	P	196
g1_37txBG86H25IVpUzhVX3JP-KQYStnMA86_t1Bufp50M	s1_mcsGXC-XA63nqAx5kv-Q-y_EhXTqBFQ1AHeiXTSbYQk	1un2y0	qadv-arbiter-guided-7x7-v0.2.0	sha256:9c0e5e530df7db77a98f6a2e75fe63a6f629c6ad6563e0b5454793ebc243b14d	pathfinder-v0.3.0	-	D	P	196
g1_37txBG86H25IVpUzhVX3JP-KQYStnMA86_t1Bufp50M	s1_vBzftZG0Bl9ZcDVZ1IICh3h95fLn4RxcOPWDBv8bIBo	1un3wu	qadv-arbiter-guided-7x7-v0.2.0	sha256:9c0e5e530df7db77a98f6a2e75fe63a6f629c6ad6563e0b5454793ebc243b14d	pathfinder-v0.3.0	-	D	P	196
g1_37vLb1dsu2hCHKqEHpR-SvziXcG2Ypl39jgkd_agrdI	s1_2FtaP75xgRVTNrUvmC0NIesJCNy8IDFJ05WNM4nUnpg	1unR2t	lunatic-v0.1.0	-	qadv-arbiter-7x7-v0.1.0	-	L	P	196
g1_37vLb1dsu2hCHKqEHpR-SvziXcG2Ypl39jgkd_agrdI	s1_RauLaTi4eVgYHSp2TV9pqs9uzTVv0B10g9TaHMWpcZ4	1unR2t	lunatic-v0.1.0	-	qadv-arbiter-7x7-v0.1.0	-	L	P	-
g1_37vLb1dsu2hCHKqEHpR-SvziXcG2Ypl39jgkd_agrdI	s1_XSyp0dbK2XjtaIyBAW4ArXxci2XCyY-1LjOiE7LZOGA	1unR2t	lunatic-v0.1.0	-	qadv-arbiter-7x7-v0.1.0	-	L	P	196
g1_37vLb1dsu2hCHKqEHpR-SvziXcG2Ypl39jgkd_agrdI	s1_jkoE1AydTokODgBZZiGqT1s8KGpaBss7VktCykndM0Q	1unR2t	lunatic-v0.1.0	-	qadv-arbiter-7x7-v0.1.0	-	L	P	196
g1_38-Qp5dPMncXXeUnczNySsKQP6BPahWUDbHKd8GQkYE	s1_1av6nXQkq-GSHXfjkVlGHGpAq8F9UbW4JwZmyFA-vww	1umvP5	python-gnn-puct-learner-v0.1.0	sha256:ab0f739cd33d66781faf60e27797c5ccba3c04ba684f8d9e32e9c2754f4e8956	python-gnn-puct-learner-v0.1.0	sha256:ab0f739cd33d66781faf60e27797c5ccba3c04ba684f8d9e32e9c2754f4e8956	-	M	196
g1_38-Qp5dPMncXXeUnczNySsKQP6BPahWUDbHKd8GQkYE	s1_Brk0hkuJoH-MBjdd53AO5tlWcOgDWV_R0PO74fHGd_0	1umvP5	python-gnn-puct-learner-v0.1.0	sha256:ab0f739cd33d66781faf60e27797c5ccba3c04ba684f8d9e32e9c2754f4e8956	python-gnn-puct-learner-v0.1.0	sha256:ab0f739cd33d66781faf60e27797c5ccba3c04ba684f8d9e32e9c2754f4e8956	-	M	196
g1_38-Qp5dPMncXXeUnczNySsKQP6BPahWUDbHKd8GQkYE	s1_QBFUsDtxokERlDOdQkleYbPvhJ-vIp2qmp6DXjS-7oM	1umvP5	python-gnn-puct-learner-v0.1.0	sha256:ab0f739cd33d66781faf60e27797c5ccba3c04ba684f8d9e32e9c2754f4e8956	python-gnn-puct-learner-v0.1.0	sha256:ab0f739cd33d66781faf60e27797c5ccba3c04ba684f8d9e32e9c2754f4e8956	-	M	196
g1_381IaloAZOrrY-Z-vuHaVTaC580yh6CyPr5sc54U9IM	s1_O3cuwuia8XT9TI7Nxr3tRcajOA20XFHEIT2fYX3WizY	1un2yJ	pathfinder-v0.3.0	-	qadv-arbiter-guided-7x7-v0.2.0	sha256:9c0e5e530df7db77a98f6a2e75fe63a6f629c6ad6563e0b5454793ebc243b14d	L	P	196
g1_381IaloAZOrrY-Z-vuHaVTaC580yh6CyPr5sc54U9IM	s1_k3puRqE8NWPGwCDwvbob-P5fduhbfDZ6XxhZ6wUA4ks	1un2yJ	pathfinder-v0.3.0	-	qadv-arbiter-guided-7x7-v0.2.0	sha256:9c0e5e530df7db77a98f6a2e75fe63a6f629c6ad6563e0b5454793ebc243b14d	L	P	196
g1_381IaloAZOrrY-Z-vuHaVTaC580yh6CyPr5sc54U9IM	s1_mcsGXC-XA63nqAx5kv-Q-y_EhXTqBFQ1AHeiXTSbYQk	1un2yJ	pathfinder-v0.3.0	-	qadv-arbiter-guided-7x7-v0.2.0	sha256:9c0e5e530df7db77a98f6a2e75fe63a6f629c6ad6563e0b5454793ebc243b14d	L	P	196
g1_38BN_1KDQsrF5RsLW6-QXhOAJy3LejKfmcIcnemVNYA	s1_OFLkIYW3n53K0WtKYWzDh_doZrY560KY4oOH80OYY7U	1unMbp	qadv-arbiter-7x7-rust-lambda-v0.1.0	-	qadv-arbiter-7x7-rust-lambda-v0.1.0	-	L	P	196
g1_38BN_1KDQsrF5RsLW6-QXhOAJy3LejKfmcIcnemVNYA	s1_RauLaTi4eVgYHSp2TV9pqs9uzTVv0B10g9TaHMWpcZ4	1unMbp	qadv-arbiter-7x7-rust-lambda-v0.1.0	-	qadv-arbiter-7x7-rust-lambda-v0.1.0	-	L	P	-
g1_38BN_1KDQsrF5RsLW6-QXhOAJy3LejKfmcIcnemVNYA	s1_S87yhiNzQSanfq-IGE9yQ6k4xC74FXUpKsibiN9EeAc	1unMbp	qadv-arbiter-7x7-rust-lambda-v0.1.0	-	qadv-arbiter-7x7-rust-lambda-v0.1.0	-	L	P	196
g1_38BN_1KDQsrF5RsLW6-QXhOAJy3LejKfmcIcnemVNYA	s1_lOuJaBRYSwsJoWvyS7BGYW0rJJkafhJfqFAplMxS3Ps	1unMbp	qadv-arbiter-7x7-rust-lambda-v0.1.0	-	qadv-arbiter-7x7-rust-lambda-v0.1.0	-	L	P	196
g1_38KC_jiB6PCivwZ0Xol5B8dPUgm-9sPgAsdlZFpwND4	s1_RauLaTi4eVgYHSp2TV9pqs9uzTVv0B10g9TaHMWpcZ4	1unOJM	qadv-arbiter-7x7-rust-lambda-v0.1.0	-	qadv-arbiter-7x7-rust-lambda-v0.1.0	-	D	P	-
g1_38KC_jiB6PCivwZ0Xol5B8dPUgm-9sPgAsdlZFpwND4	s1_ZjA-5BH7NngDcD1bK3z-5sIdCnW4SIe3TRaV3FDuLtc	1unOJM	qadv-arbiter-7x7-rust-lambda-v0.1.0	-	qadv-arbiter-7x7-rust-lambda-v0.1.0	-	D	P	196
g1_38KC_jiB6PCivwZ0Xol5B8dPUgm-9sPgAsdlZFpwND4	s1_rL2rjMC_KmLfE9oDxh19AwH64FZJpoB-h4C2O6vSaSk	1unOJM	qadv-arbiter-7x7-rust-lambda-v0.1.0	-	qadv-arbiter-7x7-rust-lambda-v0.1.0	-	D	P	196
g1_38KC_jiB6PCivwZ0Xol5B8dPUgm-9sPgAsdlZFpwND4	s1_slC5oFj332AiQ0saYfPjyH51sdwQuPoNVn0JpXXYf04	1unOJM	qadv-arbiter-7x7-rust-lambda-v0.1.0	-	qadv-arbiter-7x7-rust-lambda-v0.1.0	-	D	P	196
g1_38Q-x-6jcah4vUddoqWSTFeZ6PPs_WKJONpu27jpChA	s1_3i9Grky5yJddCBqYHmBNqXm30Fh19AX6Mm1Bow2RbGw	1unM6i	qadv-arbiter-7x7-rust-lambda-v0.1.0	-	qadv-arbiter-7x7-rust-lambda-v0.1.0	-	L	P	196
g1_38Q-x-6jcah4vUddoqWSTFeZ6PPs_WKJONpu27jpChA	s1_KsByGkpQWIxJLwG4850VUhPhRoFXtKKgPNScjqAYPZM	1unM6i	qadv-arbiter-7x7-rust-lambda-v0.1.0	-	qadv-arbiter-7x7-rust-lambda-v0.1.0	-	L	P	196
g1_38Q-x-6jcah4vUddoqWSTFeZ6PPs_WKJONpu27jpChA	s1_RauLaTi4eVgYHSp2TV9pqs9uzTVv0B10g9TaHMWpcZ4	1unM6i	qadv-arbiter-7x7-rust-lambda-v0.1.0	-	qadv-arbiter-7x7-rust-lambda-v0.1.0	-	L	P	-
g1_38Q-x-6jcah4vUddoqWSTFeZ6PPs_WKJONpu27jpChA	s1_rniIp0X1TqqxxAKAn5GFVxPjPM-eWyBaSGykVjQ_6aQ	1unM6i	qadv-arbiter-7x7-rust-lambda-v0.1.0	-	qadv-arbiter-7x7-rust-lambda-v0.1.0	-	L	P	196
g1_38UqiPPYZ_lg05vWXL8jdLL2zvXXSLwYaPd0rxWHaAs	s1_zUY5khepfp3cZvanaO8G0weK4iXcIrwgiKc07FrJ3Pk	1umwvO	rust-pathfinder-v0.1.0	-	rust-pathfinder-v0.3.0	-	L	P	120
g1_38cPfk5U6rc-2aefbLxNAiE53QUTQIACERIMUmGUWq8	s1_GAjC34bZWxBLfFH1-Agyt0k6dYSSkHd-YmCk4qylF90	1unM66	qadv-arbiter-7x7-rust-lambda-v0.1.0	-	qadv-arbiter-7x7-rust-lambda-v0.1.0	-	D	P	196
g1_38cPfk5U6rc-2aefbLxNAiE53QUTQIACERIMUmGUWq8	s1_PTK1oPlT7dk3ltEd4oTpOv46hiGQmxwinkVAV6KSR1c	1unM66	qadv-arbiter-7x7-rust-lambda-v0.1.0	-	qadv-arbiter-7x7-rust-lambda-v0.1.0	-	D	P	196
g1_38cPfk5U6rc-2aefbLxNAiE53QUTQIACERIMUmGUWq8	s1_RauLaTi4eVgYHSp2TV9pqs9uzTVv0B10g9TaHMWpcZ4	1unM66	qadv-arbiter-7x7-rust-lambda-v0.1.0	-	qadv-arbiter-7x7-rust-lambda-v0.1.0	-	D	P	-
g1_38cPfk5U6rc-2aefbLxNAiE53QUTQIACERIMUmGUWq8	s1_ou-Hp9C4dVfzG2UX4InHh2hBsRodNVJ91tcXIKSKrsc	1unM66	qadv-arbiter-7x7-rust-lambda-v0.1.0	-	qadv-arbiter-7x7-rust-lambda-v0.1.0	-	D	P	196
g1_38y4IR-1pOYukO3zFUio-SbjMgAN6uVH0P_uIpgd8Nk	s1_Qmoz3nLvbLcY_1rcqMtpMJDvTQydhL5cxUNWV6EhpMY	1umwuH	qadv-arbiter-7x7-v0.1.0	sha256:8c548d06307572603b839755cc1e50393285365e10f82bcd90290ca65cd86266	qadv-arbiter-7x7-v0.1.0	sha256:8c548d06307572603b839755cc1e50393285365e10f82bcd90290ca65cd86266	D	P	196
g1_3911288NX5jiP0xrGY_pRZF0ZoU4KKus42rlyyvRHiU	s1_1av6nXQkq-GSHXfjkVlGHGpAq8F9UbW4JwZmyFA-vww	1umvWM	python-gnn-puct-learner-v0.1.0	sha256:ab0f739cd33d66781faf60e27797c5ccba3c04ba684f8d9e32e9c2754f4e8956	python-gnn-puct-learner-v0.1.0	sha256:ab0f739cd33d66781faf60e27797c5ccba3c04ba684f8d9e32e9c2754f4e8956	-	M	196
g1_3911288NX5jiP0xrGY_pRZF0ZoU4KKus42rlyyvRHiU	s1_Brk0hkuJoH-MBjdd53AO5tlWcOgDWV_R0PO74fHGd_0	1umvWM	python-gnn-puct-learner-v0.1.0	sha256:ab0f739cd33d66781faf60e27797c5ccba3c04ba684f8d9e32e9c2754f4e8956	python-gnn-puct-learner-v0.1.0	sha256:ab0f739cd33d66781faf60e27797c5ccba3c04ba684f8d9e32e9c2754f4e8956	-	M	196
g1_3911288NX5jiP0xrGY_pRZF0ZoU4KKus42rlyyvRHiU	s1_QBFUsDtxokERlDOdQkleYbPvhJ-vIp2qmp6DXjS-7oM	1umvWM	python-gnn-puct-learner-v0.1.0	sha256:ab0f739cd33d66781faf60e27797c5ccba3c04ba684f8d9e32e9c2754f4e8956	python-gnn-puct-learner-v0.1.0	sha256:ab0f739cd33d66781faf60e27797c5ccba3c04ba684f8d9e32e9c2754f4e8956	-	M	196
g1_391mrJtwhWjfEVB1SrKNrGYjrc8DGxqjORzuIPnc8rk	s1_7zg9qb_9DVLRTiDTQFwVDmuzMFz42_8dqaotyPQinLE	1unPcx	qadv-arbiter-7x7-rust-lambda-v0.1.0	-	qadv-arbiter-7x7-rust-lambda-v0.1.0	-	L	P	196
g1_391mrJtwhWjfEVB1SrKNrGYjrc8DGxqjORzuIPnc8rk	s1_GXXx5OZaSsyxS7bLSWZeQ8nsQXAFwGipJtOkRo--g9g	1unPcx	qadv-arbiter-7x7-rust-lambda-v0.1.0	-	qadv-arbiter-7x7-rust-lambda-v0.1.0	-	L	P	196
g1_391mrJtwhWjfEVB1SrKNrGYjrc8DGxqjORzuIPnc8rk	s1_RauLaTi4eVgYHSp2TV9pqs9uzTVv0B10g9TaHMWpcZ4	1unPcx	qadv-arbiter-7x7-rust-lambda-v0.1.0	-	qadv-arbiter-7x7-rust-lambda-v0.1.0	-	L	P	-
g1_391mrJtwhWjfEVB1SrKNrGYjrc8DGxqjORzuIPnc8rk	s1_icu35Pg0A-um8-BU3ab57OFOQYtho_FdGAn7mFq4hRo	1unPcx	qadv-arbiter-7x7-rust-lambda-v0.1.0	-	qadv-arbiter-7x7-rust-lambda-v0.1.0	-	L	P	196
g1_394y2VK8N5i1yyBC8hiTbJmtr0xAsTkFnjI55MGCPaU	s1_6BanOwlXQNbI4UUbCi90VHI8bnE6vgNkn5CfW8vaBow	1unPG3	qadv-arbiter-7x7-rust-lambda-v0.1.0	-	qadv-arbiter-7x7-rust-lambda-v0.1.0	-	L	P	196
g1_394y2VK8N5i1yyBC8hiTbJmtr0xAsTkFnjI55MGCPaU	s1_LLg4HPY1r51g_n3XHDCjk3Fvoc5da7CgdbbSjPIyHOo	1unPG3	qadv-arbiter-7x7-rust-lambda-v0.1.0	-	qadv-arbiter-7x7-rust-lambda-v0.1.0	-	L	P	196
g1_394y2VK8N5i1yyBC8hiTbJmtr0xAsTkFnjI55MGCPaU	s1_RauLaTi4eVgYHSp2TV9pqs9uzTVv0B10g9TaHMWpcZ4	1unPG3	qadv-arbiter-7x7-rust-lambda-v0.1.0	-	qadv-arbiter-7x7-rust-lambda-v0.1.0	-	L	P	-
g1_394y2VK8N5i1yyBC8hiTbJmtr0xAsTkFnjI55MGCPaU	s1_TJmQCYuKMZjIA-O9o-Ak3pUYgGnY0oYUSmQTveFj_8c	1unPG3	qadv-arbiter-7x7-rust-lambda-v0.1.0	-	qadv-arbiter-7x7-rust-lambda-v0.1.0	-	L	P	196
g1_39B-IptORaBwbZ1nql8pk9rMlhIQHxKb23loXQxG1QA	s1_46QayobaECpx0UB63C9x8wYKGOWtglhxSzvsyDDbxHE	1unLm2	qadv-arbiter-7x7-rust-lambda-v0.1.0	-	qadv-arbiter-7x7-rust-lambda-v0.1.0	-	D	P	196
g1_39B-IptORaBwbZ1nql8pk9rMlhIQHxKb23loXQxG1QA	s1_RauLaTi4eVgYHSp2TV9pqs9uzTVv0B10g9TaHMWpcZ4	1unLm2	qadv-arbiter-7x7-rust-lambda-v0.1.0	-	qadv-arbiter-7x7-rust-lambda-v0.1.0	-	D	P	-
g1_39B-IptORaBwbZ1nql8pk9rMlhIQHxKb23loXQxG1QA	s1_T9erbo6pri8fkf7YL4WTt-3A_1u_BY99DBtZElo3AIk	1unLm2	qadv-arbiter-7x7-rust-lambda-v0.1.0	-	qadv-arbiter-7x7-rust-lambda-v0.1.0	-	D	P	196
g1_39B-IptORaBwbZ1nql8pk9rMlhIQHxKb23loXQxG1QA	s1_ngfAYF3cMNiVnUSkdYX0LmQyPBTrqgeRtPwAz4BlJ-g	1unLm2	qadv-arbiter-7x7-rust-lambda-v0.1.0	-	qadv-arbiter-7x7-rust-lambda-v0.1.0	-	D	P	196
g1_39_4zxiA89KevR_n9s_6Tsu9pMITtifxUoXLABwipkU	s1_1av6nXQkq-GSHXfjkVlGHGpAq8F9UbW4JwZmyFA-vww	1umva2	gnn-warmstart-7x7	sha256:e000d50619c0241c30efdd1f5adb7a8b738c66859d33c3443c52a20f56fcc13a	cnn-baseline-7x7	sha256:f4969554372b34d9773382cf5cd8e3f20890ccedfb1e6c685984c6c94fbb6203	D	P	196
g1_39_4zxiA89KevR_n9s_6Tsu9pMITtifxUoXLABwipkU	s1_dcEgf_s_8JfAgzbYFm9Z15BWrFU6bsc6MzE1gZNvlP4	1umva2	gnn-warmstart-7x7	sha256:e000d50619c0241c30efdd1f5adb7a8b738c66859d33c3443c52a20f56fcc13a	cnn-baseline-7x7	sha256:f4969554372b34d9773382cf5cd8e3f20890ccedfb1e6c685984c6c94fbb6203	D	P	196
g1_39_4zxiA89KevR_n9s_6Tsu9pMITtifxUoXLABwipkU	s1_mWPTef6xYbijjPhDIC6QgLRmu2mMSJAokNlIkx3vg54	1umva2	gnn-warmstart-7x7	sha256:e000d50619c0241c30efdd1f5adb7a8b738c66859d33c3443c52a20f56fcc13a	cnn-baseline-7x7	sha256:f4969554372b34d9773382cf5cd8e3f20890ccedfb1e6c685984c6c94fbb6203	D	P	196
g1_39agbY-rrCk8DFgGoMQY7ITjw3nQWKEGzNlqRJJaJkk	s1_flXyOBW6T9LLVDFIvXBGel1MoVNZcUcMFIJnB9yLapU	1umx0C	python-gnn-puct-reval30k-v0.1.0	sha256:6120be86fc469df71473c3de64e5e32f99694cd47d621fa5948f243dc51d3d21	python-gnn-puct-reval30k-v0.1.0	sha256:6120be86fc469df71473c3de64e5e32f99694cd47d621fa5948f243dc51d3d21	L	P	196
g1_39hxA7xhZC4rTjmndVyXTUqeu93WVrIrPb2jXlEuN3M	s1_2FtaP75xgRVTNrUvmC0NIesJCNy8IDFJ05WNM4nUnpg	1unR19	lunatic-v0.1.0	-	qadv-arbiter-7x7-v0.1.0	-	L	P	196
g1_39hxA7xhZC4rTjmndVyXTUqeu93WVrIrPb2jXlEuN3M	s1_RauLaTi4eVgYHSp2TV9pqs9uzTVv0B10g9TaHMWpcZ4	1unR19	lunatic-v0.1.0	-	qadv-arbiter-7x7-v0.1.0	-	L	P	-
g1_39hxA7xhZC4rTjmndVyXTUqeu93WVrIrPb2jXlEuN3M	s1_S7oQBudq_8aIe4v0QpQ0DUiC0iCrt0qmlW_xFHPx3ak	1unR19	lunatic-v0.1.0	-	qadv-arbiter-7x7-v0.1.0	-	L	P	196
g1_39hxA7xhZC4rTjmndVyXTUqeu93WVrIrPb2jXlEuN3M	s1_e9HxcVCcr66jMWhr0YCKDlPytlJjLBoVTSXM4U_Nwfo	1unR19	lunatic-v0.1.0	-	qadv-arbiter-7x7-v0.1.0	-	L	P	196
g1_3A-dFW1L7DVfsnrit_pR-UnTZIBTSVXO-GNV5sZ96fs	s1_RauLaTi4eVgYHSp2TV9pqs9uzTVv0B10g9TaHMWpcZ4	1unOiy	qadv-arbiter-7x7-rust-lambda-v0.1.0	-	qadv-arbiter-7x7-rust-lambda-v0.1.0	-	D	P	-
g1_3A-dFW1L7DVfsnrit_pR-UnTZIBTSVXO-GNV5sZ96fs	s1_U3Cg4QJjaqvDOMVlGavQz0Ce0yKHDsMlEfITHyMfXT4	1unOiy	qadv-arbiter-7x7-rust-lambda-v0.1.0	-	qadv-arbiter-7x7-rust-lambda-v0.1.0	-	D	P	196
g1_3A-dFW1L7DVfsnrit_pR-UnTZIBTSVXO-GNV5sZ96fs	s1_pNolATPqf5nhgIx1oPWbCl-jvU5fvcVAwka_4qrk_to	1unOiy	qadv-arbiter-7x7-rust-lambda-v0.1.0	-	qadv-arbiter-7x7-rust-lambda-v0.1.0	-	D	P	196
g1_3A-dFW1L7DVfsnrit_pR-UnTZIBTSVXO-GNV5sZ96fs	s1_sxKDGIXqWIezaUtEwyLQeggsF0l5DLqwvg8VQHfwH_g	1unOiy	qadv-arbiter-7x7-rust-lambda-v0.1.0	-	qadv-arbiter-7x7-rust-lambda-v0.1.0	-	D	P	196
g1_3AALxEx25mLMTcMB2EH091mOOfwP5ij8kGGf1bG_kSY	s1_74zbVeiIFZt3uADgTsHkWz3AnJtt2DxHbvQxqozDRlQ	1unMV4	qadv-arbiter-7x7-rust-lambda-v0.1.0	-	qadv-arbiter-7x7-rust-lambda-v0.1.0	-	D	P	196
g1_3AALxEx25mLMTcMB2EH091mOOfwP5ij8kGGf1bG_kSY	s1_RauLaTi4eVgYHSp2TV9pqs9uzTVv0B10g9TaHMWpcZ4	1unMV4	qadv-arbiter-7x7-rust-lambda-v0.1.0	-	qadv-arbiter-7x7-rust-lambda-v0.1.0	-	D	P	-
g1_3AALxEx25mLMTcMB2EH091mOOfwP5ij8kGGf1bG_kSY	s1_jUufzJuDm-5kZ0P5UxVujwYpX9zbdAGy-VSfLuLZgCI	1unMV4	qadv-arbiter-7x7-rust-lambda-v0.1.0	-	qadv-arbiter-7x7-rust-lambda-v0.1.0	-	D	P	196
g1_3AALxEx25mLMTcMB2EH091mOOfwP5ij8kGGf1bG_kSY	s1_kvBzHWaGzwm_bfPETJFV06MRKvX0orHByOiH8TY27H4	1unMV4	qadv-arbiter-7x7-rust-lambda-v0.1.0	-	qadv-arbiter-7x7-rust-lambda-v0.1.0	-	D	P	196
g1_3AAkGQuNkiIek97FRcaUP-eQIoGoLjl57TY55hEDqME	s1_8jFkjjhxKs_3oOWLf-9ommQaAxBG6mEnGb0rDYU0-9c	1unPF1	qadv-arbiter-7x7-rust-lambda-v0.1.0	-	qadv-arbiter-7x7-rust-lambda-v0.1.0	-	D	P	196
g1_3AAkGQuNkiIek97FRcaUP-eQIoGoLjl57TY55hEDqME	s1_RauLaTi4eVgYHSp2TV9pqs9uzTVv0B10g9TaHMWpcZ4	1unPF1	qadv-arbiter-7x7-rust-lambda-v0.1.0	-	qadv-arbiter-7x7-rust-lambda-v0.1.0	-	D	P	-
g1_3AAkGQuNkiIek97FRcaUP-eQIoGoLjl57TY55hEDqME	s1_iBxZ0rHONgtIwFnZ4CpHx2Nzckp5s7CBww-CYYhljns	1unPF1	qadv-arbiter-7x7-rust-lambda-v0.1.0	-	qadv-arbiter-7x7-rust-lambda-v0.1.0	-	D	P	196
g1_3AAkGQuNkiIek97FRcaUP-eQIoGoLjl57TY55hEDqME	s1_uShm_6AGpDy1rv3FBbx7-S8YDHZjczplTSuErRsMmBE	1unPF1	qadv-arbiter-7x7-rust-lambda-v0.1.0	-	qadv-arbiter-7x7-rust-lambda-v0.1.0	-	D	P	196
g1_3AC43Lh1n129-htCnInsWOEDaAg3c06W22x4sngramg	s1_KnEMaNKIf8oa_VFsJRER8pcaE6xmrNrEX8ZcTB_Aqlo	1unO2S	qadv-arbiter-7x7-rust-lambda-v0.1.0	-	qadv-arbiter-7x7-rust-lambda-v0.1.0	-	L	P	196
g1_3AC43Lh1n129-htCnInsWOEDaAg3c06W22x4sngramg	s1_RauLaTi4eVgYHSp2TV9pqs9uzTVv0B10g9TaHMWpcZ4	1unO2S	qadv-arbiter-7x7-rust-lambda-v0.1.0	-	qadv-arbiter-7x7-rust-lambda-v0.1.0	-	L	P	-
g1_3AC43Lh1n129-htCnInsWOEDaAg3c06W22x4sngramg	s1_sRLrRzl2LXwOanHnYmsl8B0UqXxvkHysNQe_sj0QXtc	1unO2S	qadv-arbiter-7x7-rust-lambda-v0.1.0	-	qadv-arbiter-7x7-rust-lambda-v0.1.0	-	L	P	196
g1_3AC43Lh1n129-htCnInsWOEDaAg3c06W22x4sngramg	s1_zdia1ft2iIZK40Uh_rMNJjcv5gvL-TpTJ4tH_wHM9wg	1unO2S	qadv-arbiter-7x7-rust-lambda-v0.1.0	-	qadv-arbiter-7x7-rust-lambda-v0.1.0	-	L	P	196
g1_3ACu8zUts6loK5MULfHO99Rx0Q_E1vVENKoPQATGqlo	s1_09hpEIqkaG3B094Gxfm68Qtt4xAwjNsu_aRi54Nojas	1unNiB	qadv-arbiter-7x7-rust-lambda-v0.1.0	-	qadv-arbiter-7x7-rust-lambda-v0.1.0	-	L	P	196
g1_3ACu8zUts6loK5MULfHO99Rx0Q_E1vVENKoPQATGqlo	s1_RauLaTi4eVgYHSp2TV9pqs9uzTVv0B10g9TaHMWpcZ4	1unNiB	qadv-arbiter-7x7-rust-lambda-v0.1.0	-	qadv-arbiter-7x7-rust-lambda-v0.1.0	-	L	P	-
g1_3ACu8zUts6loK5MULfHO99Rx0Q_E1vVENKoPQATGqlo	s1_U1kmyDBAfsUXkSLO9rgFlWhHm17p20o9HVTH5Oz2Qok	1unNiB	qadv-arbiter-7x7-rust-lambda-v0.1.0	-	qadv-arbiter-7x7-rust-lambda-v0.1.0	-	L	P	196
g1_3ACu8zUts6loK5MULfHO99Rx0Q_E1vVENKoPQATGqlo	s1_tMp2EVc2f6qYQhy_mIR_W9zmH5tv2vPRK0QxJFh9AUE	1unNiB	qadv-arbiter-7x7-rust-lambda-v0.1.0	-	qadv-arbiter-7x7-rust-lambda-v0.1.0	-	L	P	196
g1_3ADoegjCqL7oy7sAjZrnqiH7Bw4q12vo0_tSYYnXqas	s1_Hz4FnBkGmuoULQSE_ioJ6eYsQy-QC21AZLhyc_CUNk0	1unPoB	qadv-arbiter-7x7-rust-lambda-v0.1.0	-	qadv-arbiter-7x7-rust-lambda-v0.1.0	-	D	P	196
g1_3ADoegjCqL7oy7sAjZrnqiH7Bw4q12vo0_tSYYnXqas	s1_JX0OHWcWMyKK0iR5eFMBq7dhTieao4egfFmFoXsKthM	1unPoB	qadv-arbiter-7x7-rust-lambda-v0.1.0	-	qadv-arbiter-7x7-rust-lambda-v0.1.0	-	D	P	196
g1_3ADoegjCqL7oy7sAjZrnqiH7Bw4q12vo0_tSYYnXqas	s1_RauLaTi4eVgYHSp2TV9pqs9uzTVv0B10g9TaHMWpcZ4	1unPoB	qadv-arbiter-7x7-rust-lambda-v0.1.0	-	qadv-arbiter-7x7-rust-lambda-v0.1.0	-	D	P	-
g1_3ADoegjCqL7oy7sAjZrnqiH7Bw4q12vo0_tSYYnXqas	s1_ag2GM5CQAJ28sNT9ibDYLVb7A2akbiZXe9VDiq3nA9o	1unPoB	qadv-arbiter-7x7-rust-lambda-v0.1.0	-	qadv-arbiter-7x7-rust-lambda-v0.1.0	-	D	P	196
g1_3AKEO_cprWvH6kAbD2Q99SgMS5FYOz6P-NqduGPADuA	s1_1av6nXQkq-GSHXfjkVlGHGpAq8F9UbW4JwZmyFA-vww	1umvGQ	python-gnn-puct-scout-v0.1.0	sha256:b9f80706cc1f29076ee06fe06483697c749148a808c599579045d00a52573938	python-gnn-puct-scout-v0.1.0	sha256:b9f80706cc1f29076ee06fe06483697c749148a808c599579045d00a52573938	L	P	196
g1_3AKEO_cprWvH6kAbD2Q99SgMS5FYOz6P-NqduGPADuA	s1_D_X-fTFZy6xuyGSC5jFyKBW6IP_59Jbomefazf4xu44	1umvGQ	python-gnn-puct-scout-v0.1.0	sha256:b9f80706cc1f29076ee06fe06483697c749148a808c599579045d00a52573938	python-gnn-puct-scout-v0.1.0	sha256:b9f80706cc1f29076ee06fe06483697c749148a808c599579045d00a52573938	L	P	196
g1_3AKEO_cprWvH6kAbD2Q99SgMS5FYOz6P-NqduGPADuA	s1_mWPTef6xYbijjPhDIC6QgLRmu2mMSJAokNlIkx3vg54	1umvGQ	python-gnn-puct-scout-v0.1.0	sha256:b9f80706cc1f29076ee06fe06483697c749148a808c599579045d00a52573938	python-gnn-puct-scout-v0.1.0	sha256:b9f80706cc1f29076ee06fe06483697c749148a808c599579045d00a52573938	L	P	196
g1_3AU4Iw6JD1OyutbT9Ev8jVmMM6hgISglI0-7cpELwIo	s1_-OKlJXuPFfAnukwGYITjiU7XKL4OC_qt76PC0TZSPjg	1umvi2	python-cnn-puct-v0.1.0	sha256:7845e9b7687beee165dc36b8d21833b7a8b5a83e31b58b49bd05c277ba26e642	python-cnn-puct-v0.1.0	sha256:7845e9b7687beee165dc36b8d21833b7a8b5a83e31b58b49bd05c277ba26e642	L	P	196
g1_3AU4Iw6JD1OyutbT9Ev8jVmMM6hgISglI0-7cpELwIo	s1_1av6nXQkq-GSHXfjkVlGHGpAq8F9UbW4JwZmyFA-vww	1umvi2	python-cnn-puct-v0.1.0	sha256:7845e9b7687beee165dc36b8d21833b7a8b5a83e31b58b49bd05c277ba26e642	python-cnn-puct-v0.1.0	sha256:7845e9b7687beee165dc36b8d21833b7a8b5a83e31b58b49bd05c277ba26e642	L	P	196
g1_3AU4Iw6JD1OyutbT9Ev8jVmMM6hgISglI0-7cpELwIo	s1_mWPTef6xYbijjPhDIC6QgLRmu2mMSJAokNlIkx3vg54	1umvi2	python-cnn-puct-v0.1.0	sha256:7845e9b7687beee165dc36b8d21833b7a8b5a83e31b58b49bd05c277ba26e642	python-cnn-puct-v0.1.0	sha256:7845e9b7687beee165dc36b8d21833b7a8b5a83e31b58b49bd05c277ba26e642	L	P	196
g1_3AYGmz6ZBEgHG7_1I8OPKs7w8RW-XuH41Wer42UlWc8	s1_1av6nXQkq-GSHXfjkVlGHGpAq8F9UbW4JwZmyFA-vww	1umvBb	python-gnn-puct-scout-v0.1.0	sha256:b9f80706cc1f29076ee06fe06483697c749148a808c599579045d00a52573938	python-gnn-puct-scout-v0.1.0	sha256:b9f80706cc1f29076ee06fe06483697c749148a808c599579045d00a52573938	-	M	196
g1_3AYGmz6ZBEgHG7_1I8OPKs7w8RW-XuH41Wer42UlWc8	s1_Brk0hkuJoH-MBjdd53AO5tlWcOgDWV_R0PO74fHGd_0	1umvBb	python-gnn-puct-scout-v0.1.0	sha256:b9f80706cc1f29076ee06fe06483697c749148a808c599579045d00a52573938	python-gnn-puct-scout-v0.1.0	sha256:b9f80706cc1f29076ee06fe06483697c749148a808c599579045d00a52573938	-	M	196
g1_3AYGmz6ZBEgHG7_1I8OPKs7w8RW-XuH41Wer42UlWc8	s1_D_X-fTFZy6xuyGSC5jFyKBW6IP_59Jbomefazf4xu44	1umvBb	python-gnn-puct-scout-v0.1.0	sha256:b9f80706cc1f29076ee06fe06483697c749148a808c599579045d00a52573938	python-gnn-puct-scout-v0.1.0	sha256:b9f80706cc1f29076ee06fe06483697c749148a808c599579045d00a52573938	-	M	196
g1_3AYod5lQsaaeYTKKkRtDOQEWPXpapVHjjytPCS6CJs4	s1_1av6nXQkq-GSHXfjkVlGHGpAq8F9UbW4JwZmyFA-vww	1umv0_	lunatic-v0.1.0	-	rust-pathfinder-v0.1.0	-	D	P	-
g1_3AYod5lQsaaeYTKKkRtDOQEWPXpapVHjjytPCS6CJs4	s1_9Eroywf7tuDrn-hcfZPjlEa1DSRUykCRn9Z11u8ySIo	1umv0_	lunatic-v0.1.0	-	rust-pathfinder-v0.1.0	-	D	P	-
g1_3AYod5lQsaaeYTKKkRtDOQEWPXpapVHjjytPCS6CJs4	s1_S06ybw0yDIIqiOwgmMxEdlMUe_DdAoxGfY5D91Fh580	1umv0_	lunatic-v0.1.0	-	rust-pathfinder-v0.1.0	-	D	P	-
g1_3AYod5lQsaaeYTKKkRtDOQEWPXpapVHjjytPCS6CJs4	s1_del54SUFELBov5vQFrhsVexn6D9EhUPDFZpXuqC6eCI	1umv0_	lunatic-v0.1.0	-	rust-pathfinder-v0.1.0	-	D	P	-
g1_3AYod5lQsaaeYTKKkRtDOQEWPXpapVHjjytPCS6CJs4	s1_g5pGkHBMEhzAYvwFY0b24sSc7wC9JfnWApMHHZ_aMPI	1umv0_	lunatic-v0.1.0	-	rust-pathfinder-v0.1.0	-	D	P	-
g1_3AYod5lQsaaeYTKKkRtDOQEWPXpapVHjjytPCS6CJs4	s1_mWPTef6xYbijjPhDIC6QgLRmu2mMSJAokNlIkx3vg54	1umv0_	lunatic-v0.1.0	-	rust-pathfinder-v0.1.0	-	D	P	-
g1_3AYod5lQsaaeYTKKkRtDOQEWPXpapVHjjytPCS6CJs4	s1_yzrkPDA5egXCkdg9BV9wK4-9CohJuc_ZO3uCNV9xrw8	1umv0_	lunatic-v0.1.0	-	rust-pathfinder-v0.1.0	-	D	P	-
g1_3Aa8eNU187xOhOnICA-4X2aoSyXmS0i1TWYjkaSiXHE	s1_7FIu85-v_e-kbNsQ2UNk3yRt-KGcLyUjpmVwIc9cnfM	1umwAI	python-gnn-puct-scout-v0.1.0	sha256:b9f80706cc1f29076ee06fe06483697c749148a808c599579045d00a52573938	python-gnn-puct-scout-v0.1.0	sha256:b9f80706cc1f29076ee06fe06483697c749148a808c599579045d00a52573938	L	P	196
g1_3Aa8eNU187xOhOnICA-4X2aoSyXmS0i1TWYjkaSiXHE	s1_S8AGNBNcWBvWiwIo-AOAHPoHuZo2XvcsYvhgQxGTkrY	1umwAI	python-gnn-puct-scout-v0.1.0	sha256:b9f80706cc1f29076ee06fe06483697c749148a808c599579045d00a52573938	python-gnn-puct-scout-v0.1.0	sha256:b9f80706cc1f29076ee06fe06483697c749148a808c599579045d00a52573938	L	P	196
g1_3AgJ9jPJNFwFaTFJKeUw2VZufJKBQ7uvHieebJg7og8	s1_qtlitMa-GGx-0y2heoyNRonYXf1Dq5epTexnVe9Iqtw	1umxft	python-gnn-puct-learner-v0.1.0	sha256:ab0f739cd33d66781faf60e27797c5ccba3c04ba684f8d9e32e9c2754f4e8956	python-gnn-puct-learner-v0.1.0	sha256:ab0f739cd33d66781faf60e27797c5ccba3c04ba684f8d9e32e9c2754f4e8956	D	P	196
g1_3Aju_8HpNHLEGPS1UTxfKz_hDQDflEimgBeuNRxH0Kk	s1_WVg7aYYLIrw6_-2mI3jQ-DPcLO4gX2sPEEqWQb0DGQA	1umxK3	python-cnn-puct-reval30k-v0.1.0	sha256:eb2600a53e225a835455efdb2759c40e27c5cb3c16ab0688bc21b99290ed10ee	python-cnn-puct-reval30k-v0.1.0	sha256:eb2600a53e225a835455efdb2759c40e27c5cb3c16ab0688bc21b99290ed10ee	L	P	196
g1_3AtvI7-M861PMZ43bfhdWfuJ-JNL39OwwO_N7ji57uw	s1_9bJTPpMu8kqyBKFQA23ceeCpTTtYIr3GpMkJ9jqjljI	1unNoY	qadv-arbiter-7x7-rust-lambda-v0.1.0	-	qadv-arbiter-7x7-rust-lambda-v0.1.0	-	D	P	196
g1_3AtvI7-M861PMZ43bfhdWfuJ-JNL39OwwO_N7ji57uw	s1_RauLaTi4eVgYHSp2TV9pqs9uzTVv0B10g9TaHMWpcZ4	1unNoY	qadv-arbiter-7x7-rust-lambda-v0.1.0	-	qadv-arbiter-7x7-rust-lambda-v0.1.0	-	D	P	-
g1_3AtvI7-M861PMZ43bfhdWfuJ-JNL39OwwO_N7ji57uw	s1_cdvZqi4c-QTKyrYc2VVtjAs8Me2AhoevRmeXLyGveKk	1unNoY	qadv-arbiter-7x7-rust-lambda-v0.1.0	-	qadv-arbiter-7x7-rust-lambda-v0.1.0	-	D	P	196
g1_3AtvI7-M861PMZ43bfhdWfuJ-JNL39OwwO_N7ji57uw	s1_vmL1yKNoPD37C5NgZTFgFkN5boJilQdi8DOEoKlcy2g	1unNoY	qadv-arbiter-7x7-rust-lambda-v0.1.0	-	qadv-arbiter-7x7-rust-lambda-v0.1.0	-	D	P	196
g1_3Ay7T-GVTSPbs3ykYaFPYB5jxgveTcQPuWe8gOsMluA	s1_FbY8I2Pt_mnSQik_JKrOb6QA7MCfMSqQ-kqPq775_mY	1unMWG	qadv-arbiter-7x7-rust-lambda-v0.1.0	-	qadv-arbiter-7x7-rust-lambda-v0.1.0	-	D	P	196
g1_3Ay7T-GVTSPbs3ykYaFPYB5jxgveTcQPuWe8gOsMluA	s1_RauLaTi4eVgYHSp2TV9pqs9uzTVv0B10g9TaHMWpcZ4	1unMWG	qadv-arbiter-7x7-rust-lambda-v0.1.0	-	qadv-arbiter-7x7-rust-lambda-v0.1.0	-	D	P	-
g1_3Ay7T-GVTSPbs3ykYaFPYB5jxgveTcQPuWe8gOsMluA	s1_Rk9EPQAVKLQpBAHwB9nm4Csyz1a1ctC8sibDf--_uBs	1unMWG	qadv-arbiter-7x7-rust-lambda-v0.1.0	-	qadv-arbiter-7x7-rust-lambda-v0.1.0	-	D	P	196
g1_3Ay7T-GVTSPbs3ykYaFPYB5jxgveTcQPuWe8gOsMluA	s1_xDyCqultlQtWzZJmqa60LGpJre65R79RhhsMFL9tbBk	1unMWG	qadv-arbiter-7x7-rust-lambda-v0.1.0	-	qadv-arbiter-7x7-rust-lambda-v0.1.0	-	D	P	196
g1_3B7KTkGXntF_m_zasbXd0gODGI4jceQfrtweWJeMHvs	s1_-IPj3h9WNiT0NPw5_vlU-BmYYmSDgl0M9k2AaGWv50M	1unM82	qadv-arbiter-7x7-rust-lambda-v0.1.0	-	qadv-arbiter-7x7-rust-lambda-v0.1.0	-	L	P	196
g1_3B7KTkGXntF_m_zasbXd0gODGI4jceQfrtweWJeMHvs	s1_BspUEENGft58Q2ts53lR7ZUvSfTOv7Sz4iE9__MERtM	1unM82	qadv-arbiter-7x7-rust-lambda-v0.1.0	-	qadv-arbiter-7x7-rust-lambda-v0.1.0	-	L	P	196
g1_3B7KTkGXntF_m_zasbXd0gODGI4jceQfrtweWJeMHvs	s1_RauLaTi4eVgYHSp2TV9pqs9uzTVv0B10g9TaHMWpcZ4	1unM82	qadv-arbiter-7x7-rust-lambda-v0.1.0	-	qadv-arbiter-7x7-rust-lambda-v0.1.0	-	L	P	-
g1_3B7KTkGXntF_m_zasbXd0gODGI4jceQfrtweWJeMHvs	s1_aAFgy2xU-Gfd36mo6ftZ6HyrK29hPFfnDhQgDRsYUt8	1unM82	qadv-arbiter-7x7-rust-lambda-v0.1.0	-	qadv-arbiter-7x7-rust-lambda-v0.1.0	-	L	P	196
g1_3BBQEZIepfOfXmMsJor1gCOHlUfmFZoeVZtUMIiL_R8	s1_6PrtAH1YaTle_ilpdpZQYmQOSHALgquNiNXkCRVOicU	1unNOA	qadv-arbiter-7x7-rust-lambda-v0.1.0	-	qadv-arbiter-7x7-rust-lambda-v0.1.0	-	D	P	196
g1_3BBQEZIepfOfXmMsJor1gCOHlUfmFZoeVZtUMIiL_R8	s1_7ShuudqEk1H0k3KSf0S1sgD0kT0P_vlH7Qx0n7-JIJ0	1unNOA	qadv-arbiter-7x7-rust-lambda-v0.1.0	-	qadv-arbiter-7x7-rust-lambda-v0.1.0	-	D	P	196
g1_3BBQEZIepfOfXmMsJor1gCOHlUfmFZoeVZtUMIiL_R8	s1_RauLaTi4eVgYHSp2TV9pqs9uzTVv0B10g9TaHMWpcZ4	1unNOA	qadv-arbiter-7x7-rust-lambda-v0.1.0	-	qadv-arbiter-7x7-rust-lambda-v0.1.0	-	D	P	-
g1_3BBQEZIepfOfXmMsJor1gCOHlUfmFZoeVZtUMIiL_R8	s1_u3TPQjcQt8HKqJnBZi-A5cxt6-pR3dQK0V-_sFt-MOU	1unNOA	qadv-arbiter-7x7-rust-lambda-v0.1.0	-	qadv-arbiter-7x7-rust-lambda-v0.1.0	-	D	P	196
g1_3BHO-rc6PgwqfrNN3b-4qXv4AD0t_3WVNSKAD73QTLE	s1_QRPQlhDrAo8qKD1nu-zINPDmtipyeZH_cFv0r-8TEYE	1unND8	qadv-arbiter-7x7-rust-lambda-v0.1.0	-	qadv-arbiter-7x7-rust-lambda-v0.1.0	-	L	P	196
g1_3BHO-rc6PgwqfrNN3b-4qXv4AD0t_3WVNSKAD73QTLE	s1_RauLaTi4eVgYHSp2TV9pqs9uzTVv0B10g9TaHMWpcZ4	1unND8	qadv-arbiter-7x7-rust-lambda-v0.1.0	-	qadv-arbiter-7x7-rust-lambda-v0.1.0	-	L	P	-
g1_3BHO-rc6PgwqfrNN3b-4qXv4AD0t_3WVNSKAD73QTLE	s1_VvAyoJsjJ9crhZExjzV2LDHct2wRbNq2fSekn8Hhjws	1unND8	qadv-arbiter-7x7-rust-lambda-v0.1.0	-	qadv-arbiter-7x7-rust-lambda-v0.1.0	-	L	P	196
g1_3BHO-rc6PgwqfrNN3b-4qXv4AD0t_3WVNSKAD73QTLE	s1__tMinghV4sE6q72vkRWTfrxP0TnNEloT11CDHsBO748	1unND8	qadv-arbiter-7x7-rust-lambda-v0.1.0	-	qadv-arbiter-7x7-rust-lambda-v0.1.0	-	L	P	196
g1_3BHOWPAMcP_8Ds5Gz4kF1nZg5RurhF225upYEy1kj44	s1_7JBsDRF-i3MVzu4RYqsYjlOpe1aABykqoPcC2CB-RjY	1unP8e	qadv-arbiter-7x7-rust-lambda-v0.1.0	-	qadv-arbiter-7x7-rust-lambda-v0.1.0	-	D	P	196
g1_3BHOWPAMcP_8Ds5Gz4kF1nZg5RurhF225upYEy1kj44	s1_7k9xMSAVR0WMvvn88PoydkmpqYdiqFrfzGVdlg8ptRI	1unP8e	qadv-arbiter-7x7-rust-lambda-v0.1.0	-	qadv-arbiter-7x7-rust-lambda-v0.1.0	-	D	P	196
g1_3BHOWPAMcP_8Ds5Gz4kF1nZg5RurhF225upYEy1kj44	s1_RauLaTi4eVgYHSp2TV9pqs9uzTVv0B10g9TaHMWpcZ4	1unP8e	qadv-arbiter-7x7-rust-lambda-v0.1.0	-	qadv-arbiter-7x7-rust-lambda-v0.1.0	-	D	P	-
g1_3BHOWPAMcP_8Ds5Gz4kF1nZg5RurhF225upYEy1kj44	s1_vUQN88JC6BZhi9169XIU7yEbJCwfmWZp1D1RFfx7y2g	1unP8e	qadv-arbiter-7x7-rust-lambda-v0.1.0	-	qadv-arbiter-7x7-rust-lambda-v0.1.0	-	D	P	196
g1_3BOV8NpVSGj65yPUsf-3-JhDjrFu2srJdRVdfNIaNhk	s1_WVg7aYYLIrw6_-2mI3jQ-DPcLO4gX2sPEEqWQb0DGQA	1umxM4	python-cnn-puct-reval30k-v0.1.0	sha256:eb2600a53e225a835455efdb2759c40e27c5cb3c16ab0688bc21b99290ed10ee	python-cnn-puct-reval30k-v0.1.0	sha256:eb2600a53e225a835455efdb2759c40e27c5cb3c16ab0688bc21b99290ed10ee	L	P	196
g1_3BYmVlcosFzemqlZtunwvOBi-qF1Fpr4E61VkkN5XNM	s1_1LB6NAgPOeCp4r8rQw4kUOIXWpEdWysFm5RZjWCQSgc	1umwVz	python-gnn-puct-learner-v0.1.0	sha256:ab0f739cd33d66781faf60e27797c5ccba3c04ba684f8d9e32e9c2754f4e8956	python-gnn-puct-learner-v0.1.0	sha256:ab0f739cd33d66781faf60e27797c5ccba3c04ba684f8d9e32e9c2754f4e8956	D	P	196
g1_3BYmVlcosFzemqlZtunwvOBi-qF1Fpr4E61VkkN5XNM	s1_P4NHYhwuVnEA-dG2X-UVeVotb84A5mwljbYTlTMqr8w	1umwVz	python-gnn-puct-learner-v0.1.0	sha256:ab0f739cd33d66781faf60e27797c5ccba3c04ba684f8d9e32e9c2754f4e8956	python-gnn-puct-learner-v0.1.0	sha256:ab0f739cd33d66781faf60e27797c5ccba3c04ba684f8d9e32e9c2754f4e8956	D	P	196
g1_3BaWjifMF_3iIcakbKDPuhHCZf0eqfSHgYtTrJs_C9Y	s1_1LB6NAgPOeCp4r8rQw4kUOIXWpEdWysFm5RZjWCQSgc	1umwYq	python-gnn-puct-learner-v0.1.0	sha256:ab0f739cd33d66781faf60e27797c5ccba3c04ba684f8d9e32e9c2754f4e8956	python-gnn-puct-learner-v0.1.0	sha256:ab0f739cd33d66781faf60e27797c5ccba3c04ba684f8d9e32e9c2754f4e8956	L	P	196
g1_3BaWjifMF_3iIcakbKDPuhHCZf0eqfSHgYtTrJs_C9Y	s1_P4NHYhwuVnEA-dG2X-UVeVotb84A5mwljbYTlTMqr8w	1umwYq	python-gnn-puct-learner-v0.1.0	sha256:ab0f739cd33d66781faf60e27797c5ccba3c04ba684f8d9e32e9c2754f4e8956	python-gnn-puct-learner-v0.1.0	sha256:ab0f739cd33d66781faf60e27797c5ccba3c04ba684f8d9e32e9c2754f4e8956	L	P	196
g1_3Bb1wcKPn5IiEGIxq4vRTp5IeTpS2Y-rDjWan4Ge7s4	s1_qtlitMa-GGx-0y2heoyNRonYXf1Dq5epTexnVe9Iqtw	1umxiG	python-gnn-puct-learner-v0.1.0	sha256:ab0f739cd33d66781faf60e27797c5ccba3c04ba684f8d9e32e9c2754f4e8956	python-gnn-puct-learner-v0.1.0	sha256:ab0f739cd33d66781faf60e27797c5ccba3c04ba684f8d9e32e9c2754f4e8956	L	P	196
g1_3BeaDmfs4QjSxaa0ISl6xZVqp0NMjuG5i8BWxyJHSlY	s1_-OE134PWY7RtBkGbVkTyOv0R6gGkui-cVmnDSZ9BFes	1unQin	pathfinder-v0.3.0	-	qadv-arbiter-7x7-v0.1.0	-	L	P	196
g1_3BeaDmfs4QjSxaa0ISl6xZVqp0NMjuG5i8BWxyJHSlY	s1_2FtaP75xgRVTNrUvmC0NIesJCNy8IDFJ05WNM4nUnpg	1unQin	pathfinder-v0.3.0	-	qadv-arbiter-7x7-v0.1.0	-	L	P	196
g1_3BeaDmfs4QjSxaa0ISl6xZVqp0NMjuG5i8BWxyJHSlY	s1_78MiPi2Qo6yFXNY4ArJUa3VMRASk4DRAAQZsOpC4lUg	1unQin	pathfinder-v0.3.0	-	qadv-arbiter-7x7-v0.1.0	-	L	P	196
g1_3BeaDmfs4QjSxaa0ISl6xZVqp0NMjuG5i8BWxyJHSlY	s1_RauLaTi4eVgYHSp2TV9pqs9uzTVv0B10g9TaHMWpcZ4	1unQin	pathfinder-v0.3.0	-	qadv-arbiter-7x7-v0.1.0	-	L	P	-
g1_3BfEUah6pXcAY7yf4zXGtwuY2BP0WycOir6TSdsHVzM	s1_1av6nXQkq-GSHXfjkVlGHGpAq8F9UbW4JwZmyFA-vww	1umvAE	python-gnn-puct-scout-v0.1.0	sha256:b9f80706cc1f29076ee06fe06483697c749148a808c599579045d00a52573938	python-gnn-puct-scout-v0.1.0	sha256:b9f80706cc1f29076ee06fe06483697c749148a808c599579045d00a52573938	-	M	196
g1_3BfEUah6pXcAY7yf4zXGtwuY2BP0WycOir6TSdsHVzM	s1_D_X-fTFZy6xuyGSC5jFyKBW6IP_59Jbomefazf4xu44	1umvAE	python-gnn-puct-scout-v0.1.0	sha256:b9f80706cc1f29076ee06fe06483697c749148a808c599579045d00a52573938	python-gnn-puct-scout-v0.1.0	sha256:b9f80706cc1f29076ee06fe06483697c749148a808c599579045d00a52573938	-	M	196
g1_3BfEUah6pXcAY7yf4zXGtwuY2BP0WycOir6TSdsHVzM	s1_mWPTef6xYbijjPhDIC6QgLRmu2mMSJAokNlIkx3vg54	1umvAE	python-gnn-puct-scout-v0.1.0	sha256:b9f80706cc1f29076ee06fe06483697c749148a808c599579045d00a52573938	python-gnn-puct-scout-v0.1.0	sha256:b9f80706cc1f29076ee06fe06483697c749148a808c599579045d00a52573938	-	M	196
g1_3BlBDwVRHuvZ1MUGBj-tcwL9m_Oa-7ST-QC-DUrz0f0	s1_2FtaP75xgRVTNrUvmC0NIesJCNy8IDFJ05WNM4nUnpg	1unR7y	qadv-arbiter-7x7-v0.1.0	-	coin-flip-v0.0.1	-	L	P	196
g1_3BlBDwVRHuvZ1MUGBj-tcwL9m_Oa-7ST-QC-DUrz0f0	s1_RauLaTi4eVgYHSp2TV9pqs9uzTVv0B10g9TaHMWpcZ4	1unR7y	qadv-arbiter-7x7-v0.1.0	-	coin-flip-v0.0.1	-	L	P	-
g1_3BlBDwVRHuvZ1MUGBj-tcwL9m_Oa-7ST-QC-DUrz0f0	s1_j9fgsEGN6GHx9iDmAWHhkL5v9ghUu1_GN2TYwJi-w64	1unR7y	qadv-arbiter-7x7-v0.1.0	-	coin-flip-v0.0.1	-	L	P	196
g1_3BlBDwVRHuvZ1MUGBj-tcwL9m_Oa-7ST-QC-DUrz0f0	s1_vu7cxIV-BFqn85nMDfeLAMNTjblSQ4AYV4UEUbdg-s4	1unR7y	qadv-arbiter-7x7-v0.1.0	-	coin-flip-v0.0.1	-	L	P	196
g1_3BlfDqdHYsudxYZQNBoQyvvwpIczb6VwQtQfZCnl9jc	s1_1av6nXQkq-GSHXfjkVlGHGpAq8F9UbW4JwZmyFA-vww	1DIiY	python-gnn-puct-v0.1.0	sha256:6f9ad6e4a0993da3cf34a8549e86f9b5d512c51e11bfa76dfe051e7a8801bdac	python-gnn-puct-v0.1.0	sha256:6f9ad6e4a0993da3cf34a8549e86f9b5d512c51e11bfa76dfe051e7a8801bdac	L	P	196
g1_3BlfDqdHYsudxYZQNBoQyvvwpIczb6VwQtQfZCnl9jc	s1_del54SUFELBov5vQFrhsVexn6D9EhUPDFZpXuqC6eCI	1DIiY	python-gnn-puct-v0.1.0	sha256:6f9ad6e4a0993da3cf34a8549e86f9b5d512c51e11bfa76dfe051e7a8801bdac	python-gnn-puct-v0.1.0	sha256:6f9ad6e4a0993da3cf34a8549e86f9b5d512c51e11bfa76dfe051e7a8801bdac	L	P	196
g1_3BlfDqdHYsudxYZQNBoQyvvwpIczb6VwQtQfZCnl9jc	s1_g5pGkHBMEhzAYvwFY0b24sSc7wC9JfnWApMHHZ_aMPI	1DIiY	python-gnn-puct-v0.1.0	sha256:6f9ad6e4a0993da3cf34a8549e86f9b5d512c51e11bfa76dfe051e7a8801bdac	python-gnn-puct-v0.1.0	sha256:6f9ad6e4a0993da3cf34a8549e86f9b5d512c51e11bfa76dfe051e7a8801bdac	L	P	196
g1_3BlfDqdHYsudxYZQNBoQyvvwpIczb6VwQtQfZCnl9jc	s1_mWPTef6xYbijjPhDIC6QgLRmu2mMSJAokNlIkx3vg54	1DIiY	python-gnn-puct-v0.1.0	sha256:6f9ad6e4a0993da3cf34a8549e86f9b5d512c51e11bfa76dfe051e7a8801bdac	python-gnn-puct-v0.1.0	sha256:6f9ad6e4a0993da3cf34a8549e86f9b5d512c51e11bfa76dfe051e7a8801bdac	L	P	196
g1_3BlfDqdHYsudxYZQNBoQyvvwpIczb6VwQtQfZCnl9jc	s1_tol_POp6BcgBLMWq8iDfRBQSAXpESHxFwmcCQYXv0yQ	1DIiY	python-gnn-puct-v0.1.0	sha256:6f9ad6e4a0993da3cf34a8549e86f9b5d512c51e11bfa76dfe051e7a8801bdac	python-gnn-puct-v0.1.0	sha256:6f9ad6e4a0993da3cf34a8549e86f9b5d512c51e11bfa76dfe051e7a8801bdac	L	P	196
g1_3BnCCpO4BXi9pdK-mkcyPKUbzQ6ky1SkYc-O6ZJ2WtI	s1_2FtaP75xgRVTNrUvmC0NIesJCNy8IDFJ05WNM4nUnpg	1unQfQ	qadv-arbiter-7x7-v0.1.0	-	pathfinder-v0.3.0	-	D	P	196
g1_3BnCCpO4BXi9pdK-mkcyPKUbzQ6ky1SkYc-O6ZJ2WtI	s1_RauLaTi4eVgYHSp2TV9pqs9uzTVv0B10g9TaHMWpcZ4	1unQfQ	qadv-arbiter-7x7-v0.1.0	-	pathfinder-v0.3.0	-	D	P	-
g1_3BnCCpO4BXi9pdK-mkcyPKUbzQ6ky1SkYc-O6ZJ2WtI	s1_SNw_jMpDvH0rCdpJWwswnTXuwDTy8mbFodowtN0M2v0	1unQfQ	qadv-arbiter-7x7-v0.1.0	-	pathfinder-v0.3.0	-	D	P	196
g1_3BnCCpO4BXi9pdK-mkcyPKUbzQ6ky1SkYc-O6ZJ2WtI	s1_aZfPBIxgJ5uYN7e0_FDKRHW6TqkrhOWX8tT7d1b945k	1unQfQ	qadv-arbiter-7x7-v0.1.0	-	pathfinder-v0.3.0	-	D	P	196
g1_3Bo6c1g4VpdT7GlwdyGxB3FySfsVBdTwhPMn_Zjgv58	s1_AS3ne8a-AkC3bpvjbjLggQwg6wWec88DwJhRSU5R18Y	1unMu8	qadv-arbiter-7x7-rust-lambda-v0.1.0	-	qadv-arbiter-7x7-rust-lambda-v0.1.0	-	D	P	196
g1_3Bo6c1g4VpdT7GlwdyGxB3FySfsVBdTwhPMn_Zjgv58	s1_FfwkMxJk5eSEOJB410o1hZUz6NB43niWl4SI7ENKJOs	1unMu8	qadv-arbiter-7x7-rust-lambda-v0.1.0	-	qadv-arbiter-7x7-rust-lambda-v0.1.0	-	D	P	196
g1_3Bo6c1g4VpdT7GlwdyGxB3FySfsVBdTwhPMn_Zjgv58	s1_RauLaTi4eVgYHSp2TV9pqs9uzTVv0B10g9TaHMWpcZ4	1unMu8	qadv-arbiter-7x7-rust-lambda-v0.1.0	-	qadv-arbiter-7x7-rust-lambda-v0.1.0	-	D	P	-
g1_3Bo6c1g4VpdT7GlwdyGxB3FySfsVBdTwhPMn_Zjgv58	s1_ThUqUtW3GG_VTh9VXLJpxl4T7KU0WGwuxL_-L3fnGjA	1unMu8	qadv-arbiter-7x7-rust-lambda-v0.1.0	-	qadv-arbiter-7x7-rust-lambda-v0.1.0	-	D	P	196
g1_3C5dOtZGfW0SR_V405DV1Jfc9121VikznqewftKapio	s1_7FIu85-v_e-kbNsQ2UNk3yRt-KGcLyUjpmVwIc9cnfM	1umwCS	python-gnn-puct-scout-v0.1.0	sha256:b9f80706cc1f29076ee06fe06483697c749148a808c599579045d00a52573938	python-gnn-puct-scout-v0.1.0	sha256:b9f80706cc1f29076ee06fe06483697c749148a808c599579045d00a52573938	L	P	196
g1_3C5dOtZGfW0SR_V405DV1Jfc9121VikznqewftKapio	s1_S8AGNBNcWBvWiwIo-AOAHPoHuZo2XvcsYvhgQxGTkrY	1umwCS	python-gnn-puct-scout-v0.1.0	sha256:b9f80706cc1f29076ee06fe06483697c749148a808c599579045d00a52573938	python-gnn-puct-scout-v0.1.0	sha256:b9f80706cc1f29076ee06fe06483697c749148a808c599579045d00a52573938	L	P	196
g1_3CC9mtJx-G4LmxrijTMG9Mi3uD92XCJoxZZP5cAL_NQ	s1_2FtaP75xgRVTNrUvmC0NIesJCNy8IDFJ05WNM4nUnpg	1unRDn	coin-flip-v0.0.1	-	qadv-arbiter-7x7-v0.1.0	-	D	P	196
g1_3CC9mtJx-G4LmxrijTMG9Mi3uD92XCJoxZZP5cAL_NQ	s1_RauLaTi4eVgYHSp2TV9pqs9uzTVv0B10g9TaHMWpcZ4	1unRDn	coin-flip-v0.0.1	-	qadv-arbiter-7x7-v0.1.0	-	D	P	-
g1_3CC9mtJx-G4LmxrijTMG9Mi3uD92XCJoxZZP5cAL_NQ	s1_U4DIxWL6de_IB7-G9-k0dneLZGCBTykzKhJwdv8JsUY	1unRDn	coin-flip-v0.0.1	-	qadv-arbiter-7x7-v0.1.0	-	D	P	196
g1_3CC9mtJx-G4LmxrijTMG9Mi3uD92XCJoxZZP5cAL_NQ	s1_paiNPHH1f8DB96_6_kFTkW4IBR66BRGc4oCLc8mFhvM	1unRDn	coin-flip-v0.0.1	-	qadv-arbiter-7x7-v0.1.0	-	D	P	196
g1_3CNnrNh_w5T4PaSXXST_g8UHPeGQbnpf5uq36M9mOtE	s1_KleNTP67WVABGieqyne8v2lvZIZb1k4Va6ndZ2yIHi0	1unLvk	qadv-arbiter-7x7-rust-lambda-v0.1.0	-	qadv-arbiter-7x7-rust-lambda-v0.1.0	-	L	P	196
g1_3CNnrNh_w5T4PaSXXST_g8UHPeGQbnpf5uq36M9mOtE	s1_RauLaTi4eVgYHSp2TV9pqs9uzTVv0B10g9TaHMWpcZ4	1unLvk	qadv-arbiter-7x7-rust-lambda-v0.1.0	-	qadv-arbiter-7x7-rust-lambda-v0.1.0	-	L	P	-
g1_3CNnrNh_w5T4PaSXXST_g8UHPeGQbnpf5uq36M9mOtE	s1_c6NSrvwz79OaPkeDjYE_N9Wyj9vU0DISFUVPXGP0Gsw	1unLvk	qadv-arbiter-7x7-rust-lambda-v0.1.0	-	qadv-arbiter-7x7-rust-lambda-v0.1.0	-	L	P	196
g1_3CNnrNh_w5T4PaSXXST_g8UHPeGQbnpf5uq36M9mOtE	s1_sbb9nctHPoFYm9CORtUWJve5KGVbG4qLzqk058kHV54	1unLvk	qadv-arbiter-7x7-rust-lambda-v0.1.0	-	qadv-arbiter-7x7-rust-lambda-v0.1.0	-	L	P	196
g1_3CU719UTuN8DRZCmyxGO2cuY6TKXI20PCsiYJ2Tr-Uo	s1__fmnSv6OnZklVvMPUjPdL6drtvfrJptRYX3nxZQO8jI	1umxqS	python-gnn-puct-scout-v0.1.0	sha256:b9f80706cc1f29076ee06fe06483697c749148a808c599579045d00a52573938	python-gnn-puct-scout-v0.1.0	sha256:b9f80706cc1f29076ee06fe06483697c749148a808c599579045d00a52573938	L	P	196
g1_3CVNUThjOvW0AGSCl93xfLXV4Yp5yX2_9ZURJSkoz_A	s1_3Bi52FmFRuocmCypNY_zry3O0Oc4_HO_R_J44vb-Dc4	1unPmR	qadv-arbiter-7x7-rust-lambda-v0.1.0	-	qadv-arbiter-7x7-rust-lambda-v0.1.0	-	L	P	196
g1_3CVNUThjOvW0AGSCl93xfLXV4Yp5yX2_9ZURJSkoz_A	s1_RXOBa0kc74d_k5i54nNi4ivxn0bdH_KuEcP_-4P4FP4	1unPmR	qadv-arbiter-7x7-rust-lambda-v0.1.0	-	qadv-arbiter-7x7-rust-lambda-v0.1.0	-	L	P	196
g1_3CVNUThjOvW0AGSCl93xfLXV4Yp5yX2_9ZURJSkoz_A	s1_RauLaTi4eVgYHSp2TV9pqs9uzTVv0B10g9TaHMWpcZ4	1unPmR	qadv-arbiter-7x7-rust-lambda-v0.1.0	-	qadv-arbiter-7x7-rust-lambda-v0.1.0	-	L	P	-
g1_3CVNUThjOvW0AGSCl93xfLXV4Yp5yX2_9ZURJSkoz_A	s1_mcX76GkMJxqVA2pzHRXhGtmT0JvWBBvMxvckEqF4RcY	1unPmR	qadv-arbiter-7x7-rust-lambda-v0.1.0	-	qadv-arbiter-7x7-rust-lambda-v0.1.0	-	L	P	196
g1_3Cc-O7JSOaMluoZWqnVV2M3xqdttiURnF61pJQbw3Dw	s1_KrsROnuoFek1tCNJAIY3XLq80INM0208HOy63gLcUkI	1un67X	gnn-reval30k-7x7	sha256:7f41dbe135649d1116a0914bc0358a5ffae95749195ec20dd972035bbbea52f7	qadv-arbiter-guided-7x7-v0.2.0	sha256:9c0e5e530df7db77a98f6a2e75fe63a6f629c6ad6563e0b5454793ebc243b14d	L	P	196
g1_3Cc-O7JSOaMluoZWqnVV2M3xqdttiURnF61pJQbw3Dw	s1_O3cuwuia8XT9TI7Nxr3tRcajOA20XFHEIT2fYX3WizY	1un67X	gnn-reval30k-7x7	sha256:7f41dbe135649d1116a0914bc0358a5ffae95749195ec20dd972035bbbea52f7	qadv-arbiter-guided-7x7-v0.2.0	sha256:9c0e5e530df7db77a98f6a2e75fe63a6f629c6ad6563e0b5454793ebc243b14d	L	P	196
g1_3Cc-O7JSOaMluoZWqnVV2M3xqdttiURnF61pJQbw3Dw	s1_kxcCOPI6kb3Yfxj3JAw9tOeotFWkcd3kTNwqviSbgzw	1un67X	gnn-reval30k-7x7	sha256:7f41dbe135649d1116a0914bc0358a5ffae95749195ec20dd972035bbbea52f7	qadv-arbiter-guided-7x7-v0.2.0	sha256:9c0e5e530df7db77a98f6a2e75fe63a6f629c6ad6563e0b5454793ebc243b14d	L	P	196
g1_3Cc-O7JSOaMluoZWqnVV2M3xqdttiURnF61pJQbw3Dw	s1_nUa3ws3Gs99-zHf-hPvDSLVlIEJGXiOY79LgG2mno4c	1un67X	gnn-reval30k-7x7	sha256:7f41dbe135649d1116a0914bc0358a5ffae95749195ec20dd972035bbbea52f7	qadv-arbiter-guided-7x7-v0.2.0	sha256:9c0e5e530df7db77a98f6a2e75fe63a6f629c6ad6563e0b5454793ebc243b14d	L	P	196
g1_3CuVc7F7b6It67ec_Y-f-OR_MzZmBpR8c-r4tBA_AMs	s1_IurxMXKQoGUSHSURvgOMK052ln4rOSEDaJ_qakiZhFY	1unOeW	qadv-arbiter-7x7-rust-lambda-v0.1.0	-	qadv-arbiter-7x7-rust-lambda-v0.1.0	-	D	P	196
g1_3CuVc7F7b6It67ec_Y-f-OR_MzZmBpR8c-r4tBA_AMs	s1_RauLaTi4eVgYHSp2TV9pqs9uzTVv0B10g9TaHMWpcZ4	1unOeW	qadv-arbiter-7x7-rust-lambda-v0.1.0	-	qadv-arbiter-7x7-rust-lambda-v0.1.0	-	D	P	-
g1_3CuVc7F7b6It67ec_Y-f-OR_MzZmBpR8c-r4tBA_AMs	s1_TkZUNznl2GfG-g2zig3U0C57P-VgO51X8o45xTVu-84	1unOeW	qadv-arbiter-7x7-rust-lambda-v0.1.0	-	qadv-arbiter-7x7-rust-lambda-v0.1.0	-	D	P	196
g1_3CuVc7F7b6It67ec_Y-f-OR_MzZmBpR8c-r4tBA_AMs	s1_bIMPSlw40XQFweG29BmZvgn9UcGUpHDJK12tbYXIAJY	1unOeW	qadv-arbiter-7x7-rust-lambda-v0.1.0	-	qadv-arbiter-7x7-rust-lambda-v0.1.0	-	D	P	196
g1_3CvH78jARSUEIc9HP3aw22g8jrrG3C9MNO1QKhEWAqQ	s1_2FtaP75xgRVTNrUvmC0NIesJCNy8IDFJ05WNM4nUnpg	1unQr5	pathfinder-v0.3.0	-	qadv-arbiter-7x7-v0.1.0	-	L	P	196
g1_3CvH78jARSUEIc9HP3aw22g8jrrG3C9MNO1QKhEWAqQ	s1_37GzA8bthj7rwKNtcLriPqGEganaLjtCiVauNqepRVI	1unQr5	pathfinder-v0.3.0	-	qadv-arbiter-7x7-v0.1.0	-	L	P	196
g1_3CvH78jARSUEIc9HP3aw22g8jrrG3C9MNO1QKhEWAqQ	s1_RauLaTi4eVgYHSp2TV9pqs9uzTVv0B10g9TaHMWpcZ4	1unQr5	pathfinder-v0.3.0	-	qadv-arbiter-7x7-v0.1.0	-	L	P	-
g1_3CvH78jARSUEIc9HP3aw22g8jrrG3C9MNO1QKhEWAqQ	s1_uvcxErtaS-QFrpvsyDStZw47g1oUyr5P4t8pfBhZnqo	1unQr5	pathfinder-v0.3.0	-	qadv-arbiter-7x7-v0.1.0	-	L	P	196
g1_3CvShvuVsIgE4lsHTNSgmiekXxxuYGcojrtbK5bl1_E	s1_7FIu85-v_e-kbNsQ2UNk3yRt-KGcLyUjpmVwIc9cnfM	1umwMo	python-gnn-puct-scout-v0.1.0	sha256:b9f80706cc1f29076ee06fe06483697c749148a808c599579045d00a52573938	python-gnn-puct-scout-v0.1.0	sha256:b9f80706cc1f29076ee06fe06483697c749148a808c599579045d00a52573938	L	P	196
g1_3CvShvuVsIgE4lsHTNSgmiekXxxuYGcojrtbK5bl1_E	s1_S8AGNBNcWBvWiwIo-AOAHPoHuZo2XvcsYvhgQxGTkrY	1umwMo	python-gnn-puct-scout-v0.1.0	sha256:b9f80706cc1f29076ee06fe06483697c749148a808c599579045d00a52573938	python-gnn-puct-scout-v0.1.0	sha256:b9f80706cc1f29076ee06fe06483697c749148a808c599579045d00a52573938	L	P	196
g1_3CyMzxYZ5fCFvoCj5UnNhPcTCcBPz47fNZyNYdRZgmk	s1_3WNFDK5to_j-XkwrbPCluGXfyRNLGj0vrdUhbYWUIdE	1unM8-	qadv-arbiter-7x7-rust-lambda-v0.1.0	-	qadv-arbiter-7x7-rust-lambda-v0.1.0	-	L	P	196
g1_3CyMzxYZ5fCFvoCj5UnNhPcTCcBPz47fNZyNYdRZgmk	s1_PinLZvdIWYgrfskT33hjip6BnFBh6ZFN9vryVAebHYg	1unM8-	qadv-arbiter-7x7-rust-lambda-v0.1.0	-	qadv-arbiter-7x7-rust-lambda-v0.1.0	-	L	P	196
g1_3CyMzxYZ5fCFvoCj5UnNhPcTCcBPz47fNZyNYdRZgmk	s1_RauLaTi4eVgYHSp2TV9pqs9uzTVv0B10g9TaHMWpcZ4	1unM8-	qadv-arbiter-7x7-rust-lambda-v0.1.0	-	qadv-arbiter-7x7-rust-lambda-v0.1.0	-	L	P	-
g1_3CyMzxYZ5fCFvoCj5UnNhPcTCcBPz47fNZyNYdRZgmk	s1_bY3yltT87Z_l2uec9cWv4Shbz6bmMNJfRDe3xxA5wzI	1unM8-	qadv-arbiter-7x7-rust-lambda-v0.1.0	-	qadv-arbiter-7x7-rust-lambda-v0.1.0	-	L	P	196
g1_3D15BsZnLIXQWHyiqHmTGVxLeCi_NJh4RtZigseq_ZM	s1_BxT5ge-pVeGYP2KV_xYvmjO045Lm9sUy16m7WxCad0E	1unOf8	qadv-arbiter-7x7-rust-lambda-v0.1.0	-	qadv-arbiter-7x7-rust-lambda-v0.1.0	-	L	P	196
g1_3D15BsZnLIXQWHyiqHmTGVxLeCi_NJh4RtZigseq_ZM	s1_GjpkzVGz6GpbKqVUJpF6aK7jNqf8DJYunjLQLOzl9_0	1unOf8	qadv-arbiter-7x7-rust-lambda-v0.1.0	-	qadv-arbiter-7x7-rust-lambda-v0.1.0	-	L	P	196
g1_3D15BsZnLIXQWHyiqHmTGVxLeCi_NJh4RtZigseq_ZM	s1_H9iWcyy8jbsxtr3o-aCSlfahpM8rtSrp_s2aBwaUgvE	1unOf8	qadv-arbiter-7x7-rust-lambda-v0.1.0	-	qadv-arbiter-7x7-rust-lambda-v0.1.0	-	L	P	196
g1_3D15BsZnLIXQWHyiqHmTGVxLeCi_NJh4RtZigseq_ZM	s1_RauLaTi4eVgYHSp2TV9pqs9uzTVv0B10g9TaHMWpcZ4	1unOf8	qadv-arbiter-7x7-rust-lambda-v0.1.0	-	qadv-arbiter-7x7-rust-lambda-v0.1.0	-	L	P	-
g1_3D2nSq6TXLxSjNfiaYDI1mJo1L_C0czC2IB6UXFwNeQ	s1_cxWoHGAOV3oFvCQ0XuQrJ0DgfOyIwxC8-1JeuT-MQoI	1umwNA	rust-pathfinder-onnx-sorter-v0.1.0	-	rust-pathfinder-v0.3.0	-	D	P	120
g1_3D783vvr_rMDIh6yEkhUHMRynV_s-m00q83S5CDxFjY	s1_O3ZDy02ix2zoLECgmdpzpFUzg3dInk23N9eL-4YGuY4	1unPNr	qadv-arbiter-7x7-rust-lambda-v0.1.0	-	qadv-arbiter-7x7-rust-lambda-v0.1.0	-	L	P	196
g1_3D783vvr_rMDIh6yEkhUHMRynV_s-m00q83S5CDxFjY	s1_RauLaTi4eVgYHSp2TV9pqs9uzTVv0B10g9TaHMWpcZ4	1unPNr	qadv-arbiter-7x7-rust-lambda-v0.1.0	-	qadv-arbiter-7x7-rust-lambda-v0.1.0	-	L	P	-
g1_3D783vvr_rMDIh6yEkhUHMRynV_s-m00q83S5CDxFjY	s1_hAvYLQqe4aKhPy7m1tiuPkUegONxeTzkHhH0Pl7DqtY	1unPNr	qadv-arbiter-7x7-rust-lambda-v0.1.0	-	qadv-arbiter-7x7-rust-lambda-v0.1.0	-	L	P	196
g1_3D783vvr_rMDIh6yEkhUHMRynV_s-m00q83S5CDxFjY	s1_it26n1XRcZCR41rFpcHg2UN2pCLwB6EhdwbXpQ_iD8k	1unPNr	qadv-arbiter-7x7-rust-lambda-v0.1.0	-	qadv-arbiter-7x7-rust-lambda-v0.1.0	-	L	P	196
g1_3D99obtCQVXBP2tRxMVBYyTp64vI0DSnex73YuzTZfo	s1__fmnSv6OnZklVvMPUjPdL6drtvfrJptRYX3nxZQO8jI	1umxz-	python-gnn-puct-scout-v0.1.0	sha256:b9f80706cc1f29076ee06fe06483697c749148a808c599579045d00a52573938	python-gnn-puct-scout-v0.1.0	sha256:b9f80706cc1f29076ee06fe06483697c749148a808c599579045d00a52573938	D	P	196
g1_3DNUHjjh55thhJDviAyMrwd6talEuuE984ywYA15gUc	s1_CEtnyncu2FLKw6vcW0aWifhBSjwFeejMqSxt64wjUx0	1un7ql	lunatic-v0.1.0	-	qadv-arbiter-guided-7x7-v0.2.0	sha256:9c0e5e530df7db77a98f6a2e75fe63a6f629c6ad6563e0b5454793ebc243b14d	L	P	196
g1_3DNUHjjh55thhJDviAyMrwd6talEuuE984ywYA15gUc	s1_O3cuwuia8XT9TI7Nxr3tRcajOA20XFHEIT2fYX3WizY	1un7ql	lunatic-v0.1.0	-	qadv-arbiter-guided-7x7-v0.2.0	sha256:9c0e5e530df7db77a98f6a2e75fe63a6f629c6ad6563e0b5454793ebc243b14d	L	P	196
g1_3DNUHjjh55thhJDviAyMrwd6talEuuE984ywYA15gUc	s1_kkT8qkQBd2qeSRsdFDNDwTiWXOzS6wyj7q-eie2p0s4	1un7ql	lunatic-v0.1.0	-	qadv-arbiter-guided-7x7-v0.2.0	sha256:9c0e5e530df7db77a98f6a2e75fe63a6f629c6ad6563e0b5454793ebc243b14d	L	P	196
g1_3DNgYU-rxj3Psp0mrd4ztuu64GQh2CAPbAkmoZA8jiI	s1_2FtaP75xgRVTNrUvmC0NIesJCNy8IDFJ05WNM4nUnpg	1unQhQ	qadv-arbiter-7x7-v0.1.0	-	pathfinder-v0.3.0	-	D	P	196
g1_3DNgYU-rxj3Psp0mrd4ztuu64GQh2CAPbAkmoZA8jiI	s1_EMAArXmeNonF7axkhylrSEpN9T2VnrF-A_EAhty0My4	1unQhQ	qadv-arbiter-7x7-v0.1.0	-	pathfinder-v0.3.0	-	D	P	196
g1_3DNgYU-rxj3Psp0mrd4ztuu64GQh2CAPbAkmoZA8jiI	s1_RauLaTi4eVgYHSp2TV9pqs9uzTVv0B10g9TaHMWpcZ4	1unQhQ	qadv-arbiter-7x7-v0.1.0	-	pathfinder-v0.3.0	-	D	P	-
g1_3DNgYU-rxj3Psp0mrd4ztuu64GQh2CAPbAkmoZA8jiI	s1_dH06Iwib5lBq6Mz8_Xgc0vo9RjfmCX3aBYX6nKD4yf4	1unQhQ	qadv-arbiter-7x7-v0.1.0	-	pathfinder-v0.3.0	-	D	P	196
g1_3DNmFGbVVduIqtyhblrpTGZiwknRMOWsm4vttaqV4Uc	s1_-OKlJXuPFfAnukwGYITjiU7XKL4OC_qt76PC0TZSPjg	1umviw	python-cnn-puct-v0.1.0	sha256:7845e9b7687beee165dc36b8d21833b7a8b5a83e31b58b49bd05c277ba26e642	python-cnn-puct-v0.1.0	sha256:7845e9b7687beee165dc36b8d21833b7a8b5a83e31b58b49bd05c277ba26e642	-	M	196
g1_3DNmFGbVVduIqtyhblrpTGZiwknRMOWsm4vttaqV4Uc	s1_1av6nXQkq-GSHXfjkVlGHGpAq8F9UbW4JwZmyFA-vww	1umviw	python-cnn-puct-v0.1.0	sha256:7845e9b7687beee165dc36b8d21833b7a8b5a83e31b58b49bd05c277ba26e642	python-cnn-puct-v0.1.0	sha256:7845e9b7687beee165dc36b8d21833b7a8b5a83e31b58b49bd05c277ba26e642	-	M	196
g1_3DNmFGbVVduIqtyhblrpTGZiwknRMOWsm4vttaqV4Uc	s1_Brk0hkuJoH-MBjdd53AO5tlWcOgDWV_R0PO74fHGd_0	1umviw	python-cnn-puct-v0.1.0	sha256:7845e9b7687beee165dc36b8d21833b7a8b5a83e31b58b49bd05c277ba26e642	python-cnn-puct-v0.1.0	sha256:7845e9b7687beee165dc36b8d21833b7a8b5a83e31b58b49bd05c277ba26e642	-	M	196
g1_3DVnKnB2ofS3ZfFTKZy5zCt6n-eAPqWbIfihvjpcQq4	s1_1LB6NAgPOeCp4r8rQw4kUOIXWpEdWysFm5RZjWCQSgc	1umwbn	python-gnn-puct-learner-v0.1.0	sha256:ab0f739cd33d66781faf60e27797c5ccba3c04ba684f8d9e32e9c2754f4e8956	python-gnn-puct-learner-v0.1.0	sha256:ab0f739cd33d66781faf60e27797c5ccba3c04ba684f8d9e32e9c2754f4e8956	L	P	196
g1_3DVnKnB2ofS3ZfFTKZy5zCt6n-eAPqWbIfihvjpcQq4	s1_P4NHYhwuVnEA-dG2X-UVeVotb84A5mwljbYTlTMqr8w	1umwbn	python-gnn-puct-learner-v0.1.0	sha256:ab0f739cd33d66781faf60e27797c5ccba3c04ba684f8d9e32e9c2754f4e8956	python-gnn-puct-learner-v0.1.0	sha256:ab0f739cd33d66781faf60e27797c5ccba3c04ba684f8d9e32e9c2754f4e8956	L	P	196
g1_3DZpQ0kEjSHQLNHVkMbUjcLtp1Nrd9PEG2usuZ1vCZE	s1_Qmoz3nLvbLcY_1rcqMtpMJDvTQydhL5cxUNWV6EhpMY	1umwzR	qadv-arbiter-7x7-v0.1.0	sha256:8c548d06307572603b839755cc1e50393285365e10f82bcd90290ca65cd86266	qadv-arbiter-7x7-v0.1.0	sha256:8c548d06307572603b839755cc1e50393285365e10f82bcd90290ca65cd86266	D	P	196
g1_3D_6LLalrzJ4Q_dw13v1NnAgBX60YW0j9IDzYQEpWwk	s1_WpYQrS3Y5EBPp4KoxQeXdmkSNGGu7uzGmTP-APlIkYU	1umwQC	rust-pathfinder-onnx-sorter-v0.1.0	-	rust-pathfinder-v0.3.0	-	L	P	120
g1_3Di2sQRIJ5xSCNbh3fr43-AFy4ZqENlEMagw8SEY6So	s1_2FtaP75xgRVTNrUvmC0NIesJCNy8IDFJ05WNM4nUnpg	1unQoD	pathfinder-v0.3.0	-	qadv-arbiter-7x7-v0.1.0	-	L	P	196
g1_3Di2sQRIJ5xSCNbh3fr43-AFy4ZqENlEMagw8SEY6So	s1_7m6rzVUMwKb2ze4m0l4101Ex_LeBD751xgIP1pyiYhY	1unQoD	pathfinder-v0.3.0	-	qadv-arbiter-7x7-v0.1.0	-	L	P	196
g1_3Di2sQRIJ5xSCNbh3fr43-AFy4ZqENlEMagw8SEY6So	s1_RauLaTi4eVgYHSp2TV9pqs9uzTVv0B10g9TaHMWpcZ4	1unQoD	pathfinder-v0.3.0	-	qadv-arbiter-7x7-v0.1.0	-	L	P	-
g1_3Di2sQRIJ5xSCNbh3fr43-AFy4ZqENlEMagw8SEY6So	s1_vN2IOvq7p4tYTZP4hZW9C_MjNeJnKEC8XB98GPnL0FY	1unQoD	pathfinder-v0.3.0	-	qadv-arbiter-7x7-v0.1.0	-	L	P	196
g1_3EHKHOZW8SUMz0KrzJriy63oYzvnq1ITFBOxdyUQjhM	s1_0sKm8HMI4E5Z-1OOxMMEH0BR77dCX3HSTiCSDZ63wK0	1unPJM	qadv-arbiter-7x7-rust-lambda-v0.1.0	-	qadv-arbiter-7x7-rust-lambda-v0.1.0	-	L	P	196
g1_3EHKHOZW8SUMz0KrzJriy63oYzvnq1ITFBOxdyUQjhM	s1_O2Sty5r9bepoNfgLpPlCeeAb0icJYXeVQFZdUh0wcVw	1unPJM	qadv-arbiter-7x7-rust-lambda-v0.1.0	-	qadv-arbiter-7x7-rust-lambda-v0.1.0	-	L	P	196
g1_3EHKHOZW8SUMz0KrzJriy63oYzvnq1ITFBOxdyUQjhM	s1_RauLaTi4eVgYHSp2TV9pqs9uzTVv0B10g9TaHMWpcZ4	1unPJM	qadv-arbiter-7x7-rust-lambda-v0.1.0	-	qadv-arbiter-7x7-rust-lambda-v0.1.0	-	L	P	-
g1_3EHKHOZW8SUMz0KrzJriy63oYzvnq1ITFBOxdyUQjhM	s1_iRozNPrPhd5HdQ2GkDyXjdOrtnEO23RRsVeYOETYFOQ	1unPJM	qadv-arbiter-7x7-rust-lambda-v0.1.0	-	qadv-arbiter-7x7-rust-lambda-v0.1.0	-	L	P	196
g1_3ELiNOT1gouePSyvcssaZp4M1xXzH2IQgDt5m7mtxHQ	s1_BmHIXLKl_F8Frdbo43JIjEz290ykrg13DVlKTV6Jkmo	1unMgF	qadv-arbiter-7x7-rust-lambda-v0.1.0	-	qadv-arbiter-7x7-rust-lambda-v0.1.0	-	D	P	196
g1_3ELiNOT1gouePSyvcssaZp4M1xXzH2IQgDt5m7mtxHQ	s1_RauLaTi4eVgYHSp2TV9pqs9uzTVv0B10g9TaHMWpcZ4	1unMgF	qadv-arbiter-7x7-rust-lambda-v0.1.0	-	qadv-arbiter-7x7-rust-lambda-v0.1.0	-	D	P	-
g1_3ELiNOT1gouePSyvcssaZp4M1xXzH2IQgDt5m7mtxHQ	s1_XSJRPd9KMk4P1t3U1rsLi3vF6IkAdPWFlQVj-vOqDVU	1unMgF	qadv-arbiter-7x7-rust-lambda-v0.1.0	-	qadv-arbiter-7x7-rust-lambda-v0.1.0	-	D	P	196
g1_3ELiNOT1gouePSyvcssaZp4M1xXzH2IQgDt5m7mtxHQ	s1_qJ80ZuaV7ipB-yDAgl7cosaJ2uxrY3F5ap8S4stHeTw	1unMgF	qadv-arbiter-7x7-rust-lambda-v0.1.0	-	qadv-arbiter-7x7-rust-lambda-v0.1.0	-	D	P	196
g1_3EbaYaZFIn7td9d1yMSTRbkb85wmkFtkHgCoCe58Llo	s1_5Zwyvszd-XZv7HOfug6mhxoAQgnBJleirm3YuhAJVKc	1umvxx	python-gnn-puct-reval30k-v0.1.0	sha256:6120be86fc469df71473c3de64e5e32f99694cd47d621fa5948f243dc51d3d21	python-gnn-puct-reval30k-v0.1.0	sha256:6120be86fc469df71473c3de64e5e32f99694cd47d621fa5948f243dc51d3d21	-	M	196
g1_3FFAtslIFchAh8RRbLLsXGKbzoWsBx6CJsU_yZib6kU	s1_flXyOBW6T9LLVDFIvXBGel1MoVNZcUcMFIJnB9yLapU	1umxBQ	python-gnn-puct-reval30k-v0.1.0	sha256:6120be86fc469df71473c3de64e5e32f99694cd47d621fa5948f243dc51d3d21	python-gnn-puct-reval30k-v0.1.0	sha256:6120be86fc469df71473c3de64e5e32f99694cd47d621fa5948f243dc51d3d21	L	P	196
g1_3FFOT2hD76l6Xk-Nmk13SLOZZqQ4jqMpMoYep2MWx5g	s1_RauLaTi4eVgYHSp2TV9pqs9uzTVv0B10g9TaHMWpcZ4	1unMeo	qadv-arbiter-7x7-rust-lambda-v0.1.0	-	qadv-arbiter-7x7-rust-lambda-v0.1.0	-	D	P	-
g1_3FFOT2hD76l6Xk-Nmk13SLOZZqQ4jqMpMoYep2MWx5g	s1_Wccf90eLg0OGiCLxYz7tk0g9jTJayQwb7iNNKy31k4w	1unMeo	qadv-arbiter-7x7-rust-lambda-v0.1.0	-	qadv-arbiter-7x7-rust-lambda-v0.1.0	-	D	P	196
g1_3FFOT2hD76l6Xk-Nmk13SLOZZqQ4jqMpMoYep2MWx5g	s1_bGaAkck41xrtKVpNn4p-eXMU7Rv_ekCU-tzdF2EaEL4	1unMeo	qadv-arbiter-7x7-rust-lambda-v0.1.0	-	qadv-arbiter-7x7-rust-lambda-v0.1.0	-	D	P	196
g1_3FFOT2hD76l6Xk-Nmk13SLOZZqQ4jqMpMoYep2MWx5g	s1_rDhGzov2iC2Y5Gc49cIisIMiO0usmiXt2-uxeBO70nY	1unMeo	qadv-arbiter-7x7-rust-lambda-v0.1.0	-	qadv-arbiter-7x7-rust-lambda-v0.1.0	-	D	P	196
g1_3FRFxO0RJcuwpcdrkcQrk6amsVJmFLeCaJ6zrQ_jdc4	s1_1av6nXQkq-GSHXfjkVlGHGpAq8F9UbW4JwZmyFA-vww	1unhKN	gnn-generation-4-7x7	-	lunatic-v0.1.0	-	D	P	-
g1_3FRFxO0RJcuwpcdrkcQrk6amsVJmFLeCaJ6zrQ_jdc4	s1_6WmtzoQYSq7IT8xrYws4Y2jwJqSirQHhQKoYihDulg8	1unhKN	gnn-generation-4-7x7	-	lunatic-v0.1.0	-	D	P	-
g1_3FRFxO0RJcuwpcdrkcQrk6amsVJmFLeCaJ6zrQ_jdc4	s1_Brk0hkuJoH-MBjdd53AO5tlWcOgDWV_R0PO74fHGd_0	1unhKN	gnn-generation-4-7x7	-	lunatic-v0.1.0	-	D	P	-
g1_3FRFxO0RJcuwpcdrkcQrk6amsVJmFLeCaJ6zrQ_jdc4	s1_O5y8y_DVMGhXbwyVRB4zkS09VexF-D1a8tuZci7qur4	1unhKN	gnn-generation-4-7x7	-	lunatic-v0.1.0	-	D	P	-
g1_3FUUGx2bmOTme-kAbsUy-5qMZy0vzEDEa5W2ihysQ8Q	s1_2FtaP75xgRVTNrUvmC0NIesJCNy8IDFJ05WNM4nUnpg	1unQ-D	surveyor-v0.2.0	-	qadv-arbiter-7x7-v0.1.0	-	L	P	196
g1_3FUUGx2bmOTme-kAbsUy-5qMZy0vzEDEa5W2ihysQ8Q	s1_DkFsEmXYe1KphoYdOPL3a4OI8KZcctVu6BwZkFlUv7Y	1unQ-D	surveyor-v0.2.0	-	qadv-arbiter-7x7-v0.1.0	-	L	P	196
g1_3FUUGx2bmOTme-kAbsUy-5qMZy0vzEDEa5W2ihysQ8Q	s1_RauLaTi4eVgYHSp2TV9pqs9uzTVv0B10g9TaHMWpcZ4	1unQ-D	surveyor-v0.2.0	-	qadv-arbiter-7x7-v0.1.0	-	L	P	-
g1_3FUUGx2bmOTme-kAbsUy-5qMZy0vzEDEa5W2ihysQ8Q	s1_xExTVntK9SrBgJoZnuLX9guLajWYkwfxmm1C2Rf4RuI	1unQ-D	surveyor-v0.2.0	-	qadv-arbiter-7x7-v0.1.0	-	L	P	196
g1_3FbcEmIjHMzSiqZ4N80Rb9ozdOcDz28ck4sp3EQ2bIY	s1_flXyOBW6T9LLVDFIvXBGel1MoVNZcUcMFIJnB9yLapU	1umxBV	python-gnn-puct-reval30k-v0.1.0	sha256:6120be86fc469df71473c3de64e5e32f99694cd47d621fa5948f243dc51d3d21	python-gnn-puct-reval30k-v0.1.0	sha256:6120be86fc469df71473c3de64e5e32f99694cd47d621fa5948f243dc51d3d21	-	M	196
g1_3FpVS7QX0IY7SDEc9nV01J7scbLYrOpu9Z6iyQH9Q9M	s1_RauLaTi4eVgYHSp2TV9pqs9uzTVv0B10g9TaHMWpcZ4	1unNA0	qadv-arbiter-7x7-rust-lambda-v0.1.0	-	qadv-arbiter-7x7-rust-lambda-v0.1.0	-	L	P	-
g1_3FpVS7QX0IY7SDEc9nV01J7scbLYrOpu9Z6iyQH9Q9M	s1_WLFVYxfxvOKw_05SdSeiahhlAvnr4OkjlXsjTUFcfEE	1unNA0	qadv-arbiter-7x7-rust-lambda-v0.1.0	-	qadv-arbiter-7x7-rust-lambda-v0.1.0	-	L	P	196
g1_3FpVS7QX0IY7SDEc9nV01J7scbLYrOpu9Z6iyQH9Q9M	s1_kHhL4rBkkok65NIPt6JjT-UQfAdY4dQpA2Cu-XuYwuU	1unNA0	qadv-arbiter-7x7-rust-lambda-v0.1.0	-	qadv-arbiter-7x7-rust-lambda-v0.1.0	-	L	P	196
g1_3FpVS7QX0IY7SDEc9nV01J7scbLYrOpu9Z6iyQH9Q9M	s1_oiZa0iKJgt09XOmuEuWhQorKfjcYduQn6eD7nk5YRe4	1unNA0	qadv-arbiter-7x7-rust-lambda-v0.1.0	-	qadv-arbiter-7x7-rust-lambda-v0.1.0	-	L	P	196
g1_3FrsPW5-Mw68prlZAOXkBVzeRL8mCVe80OoDvWsbSUg	s1_1av6nXQkq-GSHXfjkVlGHGpAq8F9UbW4JwZmyFA-vww	1umvQq	lunatic-v0.1.0	-	gnn-warmstart-7x7	sha256:e000d50619c0241c30efdd1f5adb7a8b738c66859d33c3443c52a20f56fcc13a	L	P	196
g1_3FrsPW5-Mw68prlZAOXkBVzeRL8mCVe80OoDvWsbSUg	s1_Brk0hkuJoH-MBjdd53AO5tlWcOgDWV_R0PO74fHGd_0	1umvQq	lunatic-v0.1.0	-	gnn-warmstart-7x7	sha256:e000d50619c0241c30efdd1f5adb7a8b738c66859d33c3443c52a20f56fcc13a	L	P	196
g1_3FrsPW5-Mw68prlZAOXkBVzeRL8mCVe80OoDvWsbSUg	s1_QzXKB60HvV5g6-cJIu-NdpeFb1rCgFAJD1cxfdkoMm0	1umvQq	lunatic-v0.1.0	-	gnn-warmstart-7x7	sha256:e000d50619c0241c30efdd1f5adb7a8b738c66859d33c3443c52a20f56fcc13a	L	P	196
g1_3Fsh77-89APtVdYYxQ8PBjDLvfrEwhAZz18rajFYRv4	s1_1av6nXQkq-GSHXfjkVlGHGpAq8F9UbW4JwZmyFA-vww	1DIZv	lunatic-v0.1.0	-	rust-pathfinder-v0.1.0	-	D	P	-
g1_3Fsh77-89APtVdYYxQ8PBjDLvfrEwhAZz18rajFYRv4	s1_9Eroywf7tuDrn-hcfZPjlEa1DSRUykCRn9Z11u8ySIo	1DIZv	lunatic-v0.1.0	-	rust-pathfinder-v0.1.0	-	D	P	-
g1_3Fsh77-89APtVdYYxQ8PBjDLvfrEwhAZz18rajFYRv4	s1_Brk0hkuJoH-MBjdd53AO5tlWcOgDWV_R0PO74fHGd_0	1DIZv	lunatic-v0.1.0	-	rust-pathfinder-v0.1.0	-	D	P	-
g1_3Fsh77-89APtVdYYxQ8PBjDLvfrEwhAZz18rajFYRv4	s1_KmF8KhDbubz6lwdS8R_n_yTGdSONmH9B1wUABbyCj94	1DIZv	lunatic-v0.1.0	-	rust-pathfinder-v0.1.0	-	D	P	-
g1_3Fsh77-89APtVdYYxQ8PBjDLvfrEwhAZz18rajFYRv4	s1_MKrI0a3Qd48rU7oZj28GrlQ3cHhIbUzS5ibiIW9aKy4	1DIZv	lunatic-v0.1.0	-	rust-pathfinder-v0.1.0	-	D	P	-
g1_3Fsh77-89APtVdYYxQ8PBjDLvfrEwhAZz18rajFYRv4	s1_XloMUS0hxYEXf762lcPfaudsLmsH-CsOVZNVVU_obcA	1DIZv	lunatic-v0.1.0	-	rust-pathfinder-v0.1.0	-	D	P	-
g1_3Fsh77-89APtVdYYxQ8PBjDLvfrEwhAZz18rajFYRv4	s1_g5pGkHBMEhzAYvwFY0b24sSc7wC9JfnWApMHHZ_aMPI	1DIZv	lunatic-v0.1.0	-	rust-pathfinder-v0.1.0	-	D	P	-
g1_3FvzB3ffSwftzeaTzeRucLFbHdEWDSzrMOd1jtC4mEE	s1_1av6nXQkq-GSHXfjkVlGHGpAq8F9UbW4JwZmyFA-vww	1umvIM	python-gnn-puct-learner-v0.1.0	sha256:ab0f739cd33d66781faf60e27797c5ccba3c04ba684f8d9e32e9c2754f4e8956	python-gnn-puct-learner-v0.1.0	sha256:ab0f739cd33d66781faf60e27797c5ccba3c04ba684f8d9e32e9c2754f4e8956	-	M	196
g1_3FvzB3ffSwftzeaTzeRucLFbHdEWDSzrMOd1jtC4mEE	s1_Brk0hkuJoH-MBjdd53AO5tlWcOgDWV_R0PO74fHGd_0	1umvIM	python-gnn-puct-learner-v0.1.0	sha256:ab0f739cd33d66781faf60e27797c5ccba3c04ba684f8d9e32e9c2754f4e8956	python-gnn-puct-learner-v0.1.0	sha256:ab0f739cd33d66781faf60e27797c5ccba3c04ba684f8d9e32e9c2754f4e8956	-	M	196
g1_3FvzB3ffSwftzeaTzeRucLFbHdEWDSzrMOd1jtC4mEE	s1_QBFUsDtxokERlDOdQkleYbPvhJ-vIp2qmp6DXjS-7oM	1umvIM	python-gnn-puct-learner-v0.1.0	sha256:ab0f739cd33d66781faf60e27797c5ccba3c04ba684f8d9e32e9c2754f4e8956	python-gnn-puct-learner-v0.1.0	sha256:ab0f739cd33d66781faf60e27797c5ccba3c04ba684f8d9e32e9c2754f4e8956	-	M	196
g1_3GAyWrWouIwt2k_53O5A3iFIXwLLNEov3m7UV0sSYyc	s1_1av6nXQkq-GSHXfjkVlGHGpAq8F9UbW4JwZmyFA-vww	1umvRn	python-gnn-puct-learner-v0.1.0	sha256:ab0f739cd33d66781faf60e27797c5ccba3c04ba684f8d9e32e9c2754f4e8956	python-gnn-puct-learner-v0.1.0	sha256:ab0f739cd33d66781faf60e27797c5ccba3c04ba684f8d9e32e9c2754f4e8956	D	P	196
g1_3GAyWrWouIwt2k_53O5A3iFIXwLLNEov3m7UV0sSYyc	s1_Brk0hkuJoH-MBjdd53AO5tlWcOgDWV_R0PO74fHGd_0	1umvRn	python-gnn-puct-learner-v0.1.0	sha256:ab0f739cd33d66781faf60e27797c5ccba3c04ba684f8d9e32e9c2754f4e8956	python-gnn-puct-learner-v0.1.0	sha256:ab0f739cd33d66781faf60e27797c5ccba3c04ba684f8d9e32e9c2754f4e8956	D	P	196
g1_3GAyWrWouIwt2k_53O5A3iFIXwLLNEov3m7UV0sSYyc	s1_QBFUsDtxokERlDOdQkleYbPvhJ-vIp2qmp6DXjS-7oM	1umvRn	python-gnn-puct-learner-v0.1.0	sha256:ab0f739cd33d66781faf60e27797c5ccba3c04ba684f8d9e32e9c2754f4e8956	python-gnn-puct-learner-v0.1.0	sha256:ab0f739cd33d66781faf60e27797c5ccba3c04ba684f8d9e32e9c2754f4e8956	D	P	196
g1_3GPA_IWZ9N9jkmrlyLiUKqS8BpYacd4UdBpc8rpsMcQ	s1__fmnSv6OnZklVvMPUjPdL6drtvfrJptRYX3nxZQO8jI	1umx-B	python-gnn-puct-scout-v0.1.0	sha256:b9f80706cc1f29076ee06fe06483697c749148a808c599579045d00a52573938	python-gnn-puct-scout-v0.1.0	sha256:b9f80706cc1f29076ee06fe06483697c749148a808c599579045d00a52573938	D	P	196
g1_3GQ1zSMW4u7yJt3mf_uqjf-LEt-74FYSxsKIO_Hsc3g	s1_FPIjt7EOgKAoRSNDUrHagwIEqkhoELleYaPZsk70dmU	1unOUJ	qadv-arbiter-7x7-rust-lambda-v0.1.0	-	qadv-arbiter-7x7-rust-lambda-v0.1.0	-	L	P	196
g1_3GQ1zSMW4u7yJt3mf_uqjf-LEt-74FYSxsKIO_Hsc3g	s1_RauLaTi4eVgYHSp2TV9pqs9uzTVv0B10g9TaHMWpcZ4	1unOUJ	qadv-arbiter-7x7-rust-lambda-v0.1.0	-	qadv-arbiter-7x7-rust-lambda-v0.1.0	-	L	P	-
g1_3GQ1zSMW4u7yJt3mf_uqjf-LEt-74FYSxsKIO_Hsc3g	s1_UqZuuJEsogTwNKgUS9I2JZRgeYzsGlj_RPhJTpLx_HI	1unOUJ	qadv-arbiter-7x7-rust-lambda-v0.1.0	-	qadv-arbiter-7x7-rust-lambda-v0.1.0	-	L	P	196
g1_3GQ1zSMW4u7yJt3mf_uqjf-LEt-74FYSxsKIO_Hsc3g	s1_tcLN9Dkgsl-jutdgy9o8t-_FihUwx04hnpEw2WVqKMM	1unOUJ	qadv-arbiter-7x7-rust-lambda-v0.1.0	-	qadv-arbiter-7x7-rust-lambda-v0.1.0	-	L	P	196
g1_3GRDAL97UnmQbpBMm36dX4V2_v9-RCjNSOzjn9vI42A	s1_O3cuwuia8XT9TI7Nxr3tRcajOA20XFHEIT2fYX3WizY	1un7bH	lunatic-v0.1.0	-	qadv-arbiter-guided-7x7-v0.2.0	sha256:9c0e5e530df7db77a98f6a2e75fe63a6f629c6ad6563e0b5454793ebc243b14d	D	P	196
g1_3GRDAL97UnmQbpBMm36dX4V2_v9-RCjNSOzjn9vI42A	s1_gY_boSu5A8XG5a9XmME0tXm6pud0vwcbDekozVtP3iE	1un7bH	lunatic-v0.1.0	-	qadv-arbiter-guided-7x7-v0.2.0	sha256:9c0e5e530df7db77a98f6a2e75fe63a6f629c6ad6563e0b5454793ebc243b14d	D	P	196
g1_3GRDAL97UnmQbpBMm36dX4V2_v9-RCjNSOzjn9vI42A	s1_nGMROr4JGS862bFLFUfH2a8ENp-zb33TaK0vhF2LgKs	1un7bH	lunatic-v0.1.0	-	qadv-arbiter-guided-7x7-v0.2.0	sha256:9c0e5e530df7db77a98f6a2e75fe63a6f629c6ad6563e0b5454793ebc243b14d	D	P	196
g1_3GhGarlqHHfvYJUZW0JHY8Cf9IPbNFDpzTvmpZTkhiM	s1_1av6nXQkq-GSHXfjkVlGHGpAq8F9UbW4JwZmyFA-vww	1uoqZt	surveyor-v0.2.0	-	lunatic-v0.1.0	-	-	R	-
g1_3GhGarlqHHfvYJUZW0JHY8Cf9IPbNFDpzTvmpZTkhiM	s1_6WmtzoQYSq7IT8xrYws4Y2jwJqSirQHhQKoYihDulg8	1uoqZt	surveyor-v0.2.0	-	lunatic-v0.1.0	-	-	R	-
g1_3GhGarlqHHfvYJUZW0JHY8Cf9IPbNFDpzTvmpZTkhiM	s1_O5y8y_DVMGhXbwyVRB4zkS09VexF-D1a8tuZci7qur4	1uoqZt	surveyor-v0.2.0	-	lunatic-v0.1.0	-	-	R	-
g1_3GhGarlqHHfvYJUZW0JHY8Cf9IPbNFDpzTvmpZTkhiM	s1_ey0X9h1GlZ80KZNtd0_1PnIwLX-7eb1fQjiCa9wrhUM	1F_Lw	surveyor-v0.2.0	-	lunatic-v0.1.0	-	-	R	196
g1_3GhGarlqHHfvYJUZW0JHY8Cf9IPbNFDpzTvmpZTkhiM	s1_ey0X9h1GlZ80KZNtd0_1PnIwLX-7eb1fQjiCa9wrhUM	1F_Ly	surveyor-v0.2.0	-	lunatic-v0.1.0	-	-	R	196
g1_3GhGarlqHHfvYJUZW0JHY8Cf9IPbNFDpzTvmpZTkhiM	s1_gPoZ5rByZErTaB0WLQoU6LVl6WlfprkiDFHagxLzf2Q	1Fchm	surveyor-v0.2.0	-	lunatic-v0.1.0	-	-	R	196
g1_3GhGarlqHHfvYJUZW0JHY8Cf9IPbNFDpzTvmpZTkhiM	s1_gPoZ5rByZErTaB0WLQoU6LVl6WlfprkiDFHagxLzf2Q	1Fcho	surveyor-v0.2.0	-	lunatic-v0.1.0	-	-	R	196
g1_3GhGarlqHHfvYJUZW0JHY8Cf9IPbNFDpzTvmpZTkhiM	s1_mWPTef6xYbijjPhDIC6QgLRmu2mMSJAokNlIkx3vg54	1uoqZt	surveyor-v0.2.0	-	lunatic-v0.1.0	-	-	R	-
g1_3Gs6WGpcg0PRZleJpFj4-i-_NA8pJ_F6W1EYND2SCf0	s1_6PxtazPxkizz7K9QTWPSCIopEV5n0zpHoq3F52yO_6U	1umwq2	python-cnn-puct-v0.1.0	sha256:7845e9b7687beee165dc36b8d21833b7a8b5a83e31b58b49bd05c277ba26e642	python-cnn-puct-v0.1.0	sha256:7845e9b7687beee165dc36b8d21833b7a8b5a83e31b58b49bd05c277ba26e642	L	P	196
g1_3Gs6WGpcg0PRZleJpFj4-i-_NA8pJ_F6W1EYND2SCf0	s1_baRgKA_wMXdl0r4AwdkUfhWC04qxd1MvEGXAQaDd4fo	1umwq2	python-cnn-puct-v0.1.0	sha256:7845e9b7687beee165dc36b8d21833b7a8b5a83e31b58b49bd05c277ba26e642	python-cnn-puct-v0.1.0	sha256:7845e9b7687beee165dc36b8d21833b7a8b5a83e31b58b49bd05c277ba26e642	L	P	196
g1_3Gtz6benKXxi9in1o6_yc1YSqe_fMvlPMQ7ZBuBqGRA	s1_6PxtazPxkizz7K9QTWPSCIopEV5n0zpHoq3F52yO_6U	1umwtX	python-cnn-puct-v0.1.0	sha256:7845e9b7687beee165dc36b8d21833b7a8b5a83e31b58b49bd05c277ba26e642	python-cnn-puct-v0.1.0	sha256:7845e9b7687beee165dc36b8d21833b7a8b5a83e31b58b49bd05c277ba26e642	D	P	196
g1_3Gtz6benKXxi9in1o6_yc1YSqe_fMvlPMQ7ZBuBqGRA	s1_baRgKA_wMXdl0r4AwdkUfhWC04qxd1MvEGXAQaDd4fo	1umwtX	python-cnn-puct-v0.1.0	sha256:7845e9b7687beee165dc36b8d21833b7a8b5a83e31b58b49bd05c277ba26e642	python-cnn-puct-v0.1.0	sha256:7845e9b7687beee165dc36b8d21833b7a8b5a83e31b58b49bd05c277ba26e642	D	P	196
g1_3GzQ9aCL9t5zlv7uU_eOM62Kb2KZm43uVD-XYamTpnI	s1_7FIu85-v_e-kbNsQ2UNk3yRt-KGcLyUjpmVwIc9cnfM	1umwHO	python-gnn-puct-scout-v0.1.0	sha256:b9f80706cc1f29076ee06fe06483697c749148a808c599579045d00a52573938	python-gnn-puct-scout-v0.1.0	sha256:b9f80706cc1f29076ee06fe06483697c749148a808c599579045d00a52573938	D	P	196
g1_3GzQ9aCL9t5zlv7uU_eOM62Kb2KZm43uVD-XYamTpnI	s1_S8AGNBNcWBvWiwIo-AOAHPoHuZo2XvcsYvhgQxGTkrY	1umwHO	python-gnn-puct-scout-v0.1.0	sha256:b9f80706cc1f29076ee06fe06483697c749148a808c599579045d00a52573938	python-gnn-puct-scout-v0.1.0	sha256:b9f80706cc1f29076ee06fe06483697c749148a808c599579045d00a52573938	D	P	196
g1_3HXb0630AI1h-qsg4PvXAbIzXsIJ6CF-V3apaIpe34c	s1_WVg7aYYLIrw6_-2mI3jQ-DPcLO4gX2sPEEqWQb0DGQA	1umxKT	python-cnn-puct-reval30k-v0.1.0	sha256:eb2600a53e225a835455efdb2759c40e27c5cb3c16ab0688bc21b99290ed10ee	python-cnn-puct-reval30k-v0.1.0	sha256:eb2600a53e225a835455efdb2759c40e27c5cb3c16ab0688bc21b99290ed10ee	L	P	196
g1_3HjCOfnS8JP778dvNlPVHwT9f0OHN4cY-uDBri_1Qbg	s1_HgLwcR48-hZ6yITmL-gNmT5OuIQxrrwlqk8Ga_6l2SA	1un2jg	qadv-arbiter-guided-7x7-v0.2.0	sha256:9c0e5e530df7db77a98f6a2e75fe63a6f629c6ad6563e0b5454793ebc243b14d	pathfinder-v0.3.0	-	D	P	196
g1_3HjCOfnS8JP778dvNlPVHwT9f0OHN4cY-uDBri_1Qbg	s1_O3cuwuia8XT9TI7Nxr3tRcajOA20XFHEIT2fYX3WizY	1un2jg	qadv-arbiter-guided-7x7-v0.2.0	sha256:9c0e5e530df7db77a98f6a2e75fe63a6f629c6ad6563e0b5454793ebc243b14d	pathfinder-v0.3.0	-	D	P	196
g1_3HjCOfnS8JP778dvNlPVHwT9f0OHN4cY-uDBri_1Qbg	s1_nh5e6aUlYd-h6Wb5ngaa02ns8vAFZSLgBX-8nGMLsjE	1un2jg	qadv-arbiter-guided-7x7-v0.2.0	sha256:9c0e5e530df7db77a98f6a2e75fe63a6f629c6ad6563e0b5454793ebc243b14d	pathfinder-v0.3.0	-	D	P	196
g1_3HjCOfnS8JP778dvNlPVHwT9f0OHN4cY-uDBri_1Qbg	s1_zKGP_G6nmzDtDRDG4mTPdexHhpSnnvJpy66t_a6ll00	1un2jg	qadv-arbiter-guided-7x7-v0.2.0	sha256:9c0e5e530df7db77a98f6a2e75fe63a6f629c6ad6563e0b5454793ebc243b14d	pathfinder-v0.3.0	-	D	P	196
g1_3HpNpVn2x5QqVdAAUfGqrvyAdXWYOjcwyyojWt5lAr0	s1_Qmoz3nLvbLcY_1rcqMtpMJDvTQydhL5cxUNWV6EhpMY	1umwuG	qadv-arbiter-7x7-v0.1.0	sha256:8c548d06307572603b839755cc1e50393285365e10f82bcd90290ca65cd86266	qadv-arbiter-7x7-v0.1.0	sha256:8c548d06307572603b839755cc1e50393285365e10f82bcd90290ca65cd86266	D	P	196
g1_3HqHDP5nZ8m__kqCx5KQq0sfhI2fb-kYUSjZSZHXGto	s1_Rz2eSV6bpleQtQU31lqhspmzUZgR3MzW0WWExhJikRw	1DMhm	python-gnn-puct-v0.1.0	-	python-gnn-puct-v0.1.0	-	L	P	-
g1_3HtJriywi6AiCJw8SGXxM_3IcKAhkVaY9ieAupUxBqY	s1_WVg7aYYLIrw6_-2mI3jQ-DPcLO4gX2sPEEqWQb0DGQA	1umxSI	python-cnn-puct-reval30k-v0.1.0	sha256:eb2600a53e225a835455efdb2759c40e27c5cb3c16ab0688bc21b99290ed10ee	python-cnn-puct-reval30k-v0.1.0	sha256:eb2600a53e225a835455efdb2759c40e27c5cb3c16ab0688bc21b99290ed10ee	D	P	196
g1_3HvsS7NHPIbDkmibD4J3XIe9k8hVmwrbxA35OmNY3co	s1_2VL3Hpr-NP0rs8pU4PxiosJbzUX7Lj2zS30ycXJkJwE	1unM_J	qadv-arbiter-7x7-rust-lambda-v0.1.0	-	qadv-arbiter-7x7-rust-lambda-v0.1.0	-	D	P	196
g1_3HvsS7NHPIbDkmibD4J3XIe9k8hVmwrbxA35OmNY3co	s1_RauLaTi4eVgYHSp2TV9pqs9uzTVv0B10g9TaHMWpcZ4	1unM_J	qadv-arbiter-7x7-rust-lambda-v0.1.0	-	qadv-arbiter-7x7-rust-lambda-v0.1.0	-	D	P	-
g1_3HvsS7NHPIbDkmibD4J3XIe9k8hVmwrbxA35OmNY3co	s1_lBB7cU08O2x_ysIb6612lNxBbl2IN297AUPSJereXpc	1unM_J	qadv-arbiter-7x7-rust-lambda-v0.1.0	-	qadv-arbiter-7x7-rust-lambda-v0.1.0	-	D	P	196
g1_3HvsS7NHPIbDkmibD4J3XIe9k8hVmwrbxA35OmNY3co	s1_uoSfJ-3XmqaMvbTcS7Nn4q6iU-hiL0MpDTuYrdBLhjg	1unM_J	qadv-arbiter-7x7-rust-lambda-v0.1.0	-	qadv-arbiter-7x7-rust-lambda-v0.1.0	-	D	P	196
g1_3I7TQWbALw0Oc4jBQzaFDWPYalpJL31LZc_Nbuj9WKU	s1_RauLaTi4eVgYHSp2TV9pqs9uzTVv0B10g9TaHMWpcZ4	1unM5A	qadv-arbiter-7x7-rust-lambda-v0.1.0	-	qadv-arbiter-7x7-rust-lambda-v0.1.0	-	D	P	-
g1_3I7TQWbALw0Oc4jBQzaFDWPYalpJL31LZc_Nbuj9WKU	s1_UXYD7_dRfIyv0N6Ozn994SJbkzVQZhvaliUS8RkKhtI	1unM5A	qadv-arbiter-7x7-rust-lambda-v0.1.0	-	qadv-arbiter-7x7-rust-lambda-v0.1.0	-	D	P	196
g1_3I7TQWbALw0Oc4jBQzaFDWPYalpJL31LZc_Nbuj9WKU	s1_mVlW7GkZq_sFBDTH9SNgbmWhhvXE5g0Oea_8nLH3_0Q	1unM5A	qadv-arbiter-7x7-rust-lambda-v0.1.0	-	qadv-arbiter-7x7-rust-lambda-v0.1.0	-	D	P	196
g1_3I7TQWbALw0Oc4jBQzaFDWPYalpJL31LZc_Nbuj9WKU	s1_wr57gUp92Qno9-wFc1JoXn9bmdMTK2CCHwUxYdoYWag	1unM5A	qadv-arbiter-7x7-rust-lambda-v0.1.0	-	qadv-arbiter-7x7-rust-lambda-v0.1.0	-	D	P	196
g1_3I8-e9l6C-4tiW1W_3h9BzshpbrdiV0J_twruCkhlUg	s1_1LB6NAgPOeCp4r8rQw4kUOIXWpEdWysFm5RZjWCQSgc	1umwTm	python-gnn-puct-learner-v0.1.0	sha256:ab0f739cd33d66781faf60e27797c5ccba3c04ba684f8d9e32e9c2754f4e8956	python-gnn-puct-learner-v0.1.0	sha256:ab0f739cd33d66781faf60e27797c5ccba3c04ba684f8d9e32e9c2754f4e8956	D	P	196
g1_3I8-e9l6C-4tiW1W_3h9BzshpbrdiV0J_twruCkhlUg	s1_P4NHYhwuVnEA-dG2X-UVeVotb84A5mwljbYTlTMqr8w	1umwTm	python-gnn-puct-learner-v0.1.0	sha256:ab0f739cd33d66781faf60e27797c5ccba3c04ba684f8d9e32e9c2754f4e8956	python-gnn-puct-learner-v0.1.0	sha256:ab0f739cd33d66781faf60e27797c5ccba3c04ba684f8d9e32e9c2754f4e8956	D	P	196
g1_3IA8PhVM5cD53gEje7U5lrYIf3altBASb6LpcU_o_wM	s1_qtlitMa-GGx-0y2heoyNRonYXf1Dq5epTexnVe9Iqtw	1umxbJ	python-gnn-puct-learner-v0.1.0	sha256:ab0f739cd33d66781faf60e27797c5ccba3c04ba684f8d9e32e9c2754f4e8956	python-gnn-puct-learner-v0.1.0	sha256:ab0f739cd33d66781faf60e27797c5ccba3c04ba684f8d9e32e9c2754f4e8956	L	P	196
g1_3IAQjc1P-7cZVUBFHp1CVl1fxCHTdpGBaGzPq1p1MIw	s1_BYsxAF-NiBh08DR95BcqxHem6VgwUiMovUUno_VjxDI	1unNbj	qadv-arbiter-7x7-rust-lambda-v0.1.0	-	qadv-arbiter-7x7-rust-lambda-v0.1.0	-	D	P	196
g1_3IAQjc1P-7cZVUBFHp1CVl1fxCHTdpGBaGzPq1p1MIw	s1_Hms5sO657HvecFsovOvnlpMksz0IIoPS8SQ_1yLyrjo	1unNbj	qadv-arbiter-7x7-rust-lambda-v0.1.0	-	qadv-arbiter-7x7-rust-lambda-v0.1.0	-	D	P	196
g1_3IAQjc1P-7cZVUBFHp1CVl1fxCHTdpGBaGzPq1p1MIw	s1_RauLaTi4eVgYHSp2TV9pqs9uzTVv0B10g9TaHMWpcZ4	1unNbj	qadv-arbiter-7x7-rust-lambda-v0.1.0	-	qadv-arbiter-7x7-rust-lambda-v0.1.0	-	D	P	-
g1_3IAQjc1P-7cZVUBFHp1CVl1fxCHTdpGBaGzPq1p1MIw	s1_fuFpXtNcU0LlIxOodV4aIqlxpKuApCcR0BEiSqcii9o	1unNbj	qadv-arbiter-7x7-rust-lambda-v0.1.0	-	qadv-arbiter-7x7-rust-lambda-v0.1.0	-	D	P	196
g1_3IBYOlSF4rE4nEnFE1xbLEXBz0D-KqYmAWz-L_dAgB8	s1_WVg7aYYLIrw6_-2mI3jQ-DPcLO4gX2sPEEqWQb0DGQA	1umxIL	python-cnn-puct-reval30k-v0.1.0	sha256:eb2600a53e225a835455efdb2759c40e27c5cb3c16ab0688bc21b99290ed10ee	python-cnn-puct-reval30k-v0.1.0	sha256:eb2600a53e225a835455efdb2759c40e27c5cb3c16ab0688bc21b99290ed10ee	L	P	196
g1_3ICPAqVY1C35I-KmkqPqLvtuyw6qVdbL_W0hvuUiqiI	s1_M7Cp-2zjeVZHeX1FsiZYUNK0aW_iFfTl3UHOtwPmOp8	1un7MM	qadv-arbiter-guided-7x7-v0.2.0	sha256:9c0e5e530df7db77a98f6a2e75fe63a6f629c6ad6563e0b5454793ebc243b14d	cnn-reval30k-7x7	sha256:7439239ff343dcc422cb918560b1b72433f2e13628580427343a446f349c6f5a	L	P	196
g1_3ICPAqVY1C35I-KmkqPqLvtuyw6qVdbL_W0hvuUiqiI	s1_O3cuwuia8XT9TI7Nxr3tRcajOA20XFHEIT2fYX3WizY	1un7MM	qadv-arbiter-guided-7x7-v0.2.0	sha256:9c0e5e530df7db77a98f6a2e75fe63a6f629c6ad6563e0b5454793ebc243b14d	cnn-reval30k-7x7	sha256:7439239ff343dcc422cb918560b1b72433f2e13628580427343a446f349c6f5a	L	P	196
g1_3ICPAqVY1C35I-KmkqPqLvtuyw6qVdbL_W0hvuUiqiI	s1_PaYIJI1Mc5m5nesIKqVUFGpeOr4xHJQX7sHfjidCXI4	1un7MM	qadv-arbiter-guided-7x7-v0.2.0	sha256:9c0e5e530df7db77a98f6a2e75fe63a6f629c6ad6563e0b5454793ebc243b14d	cnn-reval30k-7x7	sha256:7439239ff343dcc422cb918560b1b72433f2e13628580427343a446f349c6f5a	L	P	196
g1_3IEnLxLwIzwQnPT3u48oksZxFJ5dPPUYSfyShapSKV8	s1_82vmFctZiYI9GYdPUwJ9Ozp55tR_swPfmF4aPrp5LvE	1unO1o	qadv-arbiter-7x7-rust-lambda-v0.1.0	-	qadv-arbiter-7x7-rust-lambda-v0.1.0	-	D	P	196
g1_3IEnLxLwIzwQnPT3u48oksZxFJ5dPPUYSfyShapSKV8	s1_HU0dE9VVYZMeCyS7VznYg_dJGtmhB_H1at_jRSi_jDE	1unO1o	qadv-arbiter-7x7-rust-lambda-v0.1.0	-	qadv-arbiter-7x7-rust-lambda-v0.1.0	-	D	P	196
g1_3IEnLxLwIzwQnPT3u48oksZxFJ5dPPUYSfyShapSKV8	s1_RauLaTi4eVgYHSp2TV9pqs9uzTVv0B10g9TaHMWpcZ4	1unO1o	qadv-arbiter-7x7-rust-lambda-v0.1.0	-	qadv-arbiter-7x7-rust-lambda-v0.1.0	-	D	P	-
g1_3IEnLxLwIzwQnPT3u48oksZxFJ5dPPUYSfyShapSKV8	s1_Z6Qs_Yi9mmpzxyBDUpcYJXg8KWB3sEAhsBirGJQqxuY	1unO1o	qadv-arbiter-7x7-rust-lambda-v0.1.0	-	qadv-arbiter-7x7-rust-lambda-v0.1.0	-	D	P	196
g1_3IGpN-5180tSzwDau2thXI74LLX-5VE79HYl93jGXhA	s1_O3cuwuia8XT9TI7Nxr3tRcajOA20XFHEIT2fYX3WizY	1un6Mi	qadv-arbiter-guided-7x7-v0.2.0	sha256:9c0e5e530df7db77a98f6a2e75fe63a6f629c6ad6563e0b5454793ebc243b14d	gnn-reval30k-7x7	sha256:7f41dbe135649d1116a0914bc0358a5ffae95749195ec20dd972035bbbea52f7	L	P	196
g1_3IGpN-5180tSzwDau2thXI74LLX-5VE79HYl93jGXhA	s1_WKgJ-Jv1JLaOTWIv9LBPKOOAJ5w7fDR6YLt9DYRBTmo	1un6Mi	qadv-arbiter-guided-7x7-v0.2.0	sha256:9c0e5e530df7db77a98f6a2e75fe63a6f629c6ad6563e0b5454793ebc243b14d	gnn-reval30k-7x7	sha256:7f41dbe135649d1116a0914bc0358a5ffae95749195ec20dd972035bbbea52f7	L	P	196
g1_3IGpN-5180tSzwDau2thXI74LLX-5VE79HYl93jGXhA	s1_cLhadU61FtckEqANG11HlvmBNEu5JQxwalW0_KFv9kA	1un6Mi	qadv-arbiter-guided-7x7-v0.2.0	sha256:9c0e5e530df7db77a98f6a2e75fe63a6f629c6ad6563e0b5454793ebc243b14d	gnn-reval30k-7x7	sha256:7f41dbe135649d1116a0914bc0358a5ffae95749195ec20dd972035bbbea52f7	L	P	196
g1_3INC-GtdW3SL80FDPnjT1tF1iEzmwniQzo2Kzv9xQsk	s1_HdIj9pr1fAIQjR0zD10GcMvnB7yZkG1jpafuAwqNetk	1unPD6	qadv-arbiter-7x7-rust-lambda-v0.1.0	-	qadv-arbiter-7x7-rust-lambda-v0.1.0	-	D	P	196
g1_3INC-GtdW3SL80FDPnjT1tF1iEzmwniQzo2Kzv9xQsk	s1_PMP-rHo88Z9-bnxSxgr52QCewh0nHWeiP1epYt0qAP0	1unPD6	qadv-arbiter-7x7-rust-lambda-v0.1.0	-	qadv-arbiter-7x7-rust-lambda-v0.1.0	-	D	P	196
g1_3INC-GtdW3SL80FDPnjT1tF1iEzmwniQzo2Kzv9xQsk	s1_RauLaTi4eVgYHSp2TV9pqs9uzTVv0B10g9TaHMWpcZ4	1unPD6	qadv-arbiter-7x7-rust-lambda-v0.1.0	-	qadv-arbiter-7x7-rust-lambda-v0.1.0	-	D	P	-
g1_3INC-GtdW3SL80FDPnjT1tF1iEzmwniQzo2Kzv9xQsk	s1_V-9XA5Fmz2BNuIRv3AV3SXKY1Z2Yak8KWRYFJjPvDOc	1unPD6	qadv-arbiter-7x7-rust-lambda-v0.1.0	-	qadv-arbiter-7x7-rust-lambda-v0.1.0	-	D	P	196
g1_3IPV9Ad2uD0_41lkfqZCk_Y-etqhbh5uSDY8xLZgjag	s1_6PxtazPxkizz7K9QTWPSCIopEV5n0zpHoq3F52yO_6U	1umwlt	python-cnn-puct-v0.1.0	sha256:7845e9b7687beee165dc36b8d21833b7a8b5a83e31b58b49bd05c277ba26e642	python-cnn-puct-v0.1.0	sha256:7845e9b7687beee165dc36b8d21833b7a8b5a83e31b58b49bd05c277ba26e642	D	P	196
g1_3IPV9Ad2uD0_41lkfqZCk_Y-etqhbh5uSDY8xLZgjag	s1_baRgKA_wMXdl0r4AwdkUfhWC04qxd1MvEGXAQaDd4fo	1umwlt	python-cnn-puct-v0.1.0	sha256:7845e9b7687beee165dc36b8d21833b7a8b5a83e31b58b49bd05c277ba26e642	python-cnn-puct-v0.1.0	sha256:7845e9b7687beee165dc36b8d21833b7a8b5a83e31b58b49bd05c277ba26e642	D	P	196
g1_3IPgEqigGgditGboFfjvLhNifCJW-XVglRNztYUYHu0	s1_2FtaP75xgRVTNrUvmC0NIesJCNy8IDFJ05WNM4nUnpg	1unR42	qadv-arbiter-7x7-v0.1.0	-	lunatic-v0.1.0	-	D	P	196
g1_3IPgEqigGgditGboFfjvLhNifCJW-XVglRNztYUYHu0	s1_O_uHBJKrhwmWlTu_mKPB9OGQAkZtIPBAkOGIcTMQrP8	1unR42	qadv-arbiter-7x7-v0.1.0	-	lunatic-v0.1.0	-	D	P	196
g1_3IPgEqigGgditGboFfjvLhNifCJW-XVglRNztYUYHu0	s1_RauLaTi4eVgYHSp2TV9pqs9uzTVv0B10g9TaHMWpcZ4	1unR42	qadv-arbiter-7x7-v0.1.0	-	lunatic-v0.1.0	-	D	P	-
g1_3IPgEqigGgditGboFfjvLhNifCJW-XVglRNztYUYHu0	s1_s7gg1FBy68ZcZZ0ElTRrFBVkV3YmMDq7Nn4IvCg21kg	1unR42	qadv-arbiter-7x7-v0.1.0	-	lunatic-v0.1.0	-	D	P	196
g1_3IUQMX1pqPxSYEWAGsHJi9D7ZgtjqJVQ7Uv8qaJ9mlY	s1_HdIj9pr1fAIQjR0zD10GcMvnB7yZkG1jpafuAwqNetk	1unPDG	qadv-arbiter-7x7-rust-lambda-v0.1.0	-	qadv-arbiter-7x7-rust-lambda-v0.1.0	-	D	P	196
g1_3IUQMX1pqPxSYEWAGsHJi9D7ZgtjqJVQ7Uv8qaJ9mlY	s1_PMP-rHo88Z9-bnxSxgr52QCewh0nHWeiP1epYt0qAP0	1unPDG	qadv-arbiter-7x7-rust-lambda-v0.1.0	-	qadv-arbiter-7x7-rust-lambda-v0.1.0	-	D	P	196
g1_3IUQMX1pqPxSYEWAGsHJi9D7ZgtjqJVQ7Uv8qaJ9mlY	s1_RauLaTi4eVgYHSp2TV9pqs9uzTVv0B10g9TaHMWpcZ4	1unPDG	qadv-arbiter-7x7-rust-lambda-v0.1.0	-	qadv-arbiter-7x7-rust-lambda-v0.1.0	-	D	P	-
g1_3IUQMX1pqPxSYEWAGsHJi9D7ZgtjqJVQ7Uv8qaJ9mlY	s1_sBe308kKodu1KMQLDNCjRXhty48WYmRkN_GP6z-waWg	1unPDG	qadv-arbiter-7x7-rust-lambda-v0.1.0	-	qadv-arbiter-7x7-rust-lambda-v0.1.0	-	D	P	196
g1_3I_RjHRd4AijHuoeGXOcqJvgHIHtOilNg3j6bkNxqIs	s1_Gv0F0QOozfQgeBMgBsEHdSADl7igFa-cv0S618q3A-0	1unMU5	qadv-arbiter-7x7-rust-lambda-v0.1.0	-	qadv-arbiter-7x7-rust-lambda-v0.1.0	-	L	P	196
g1_3I_RjHRd4AijHuoeGXOcqJvgHIHtOilNg3j6bkNxqIs	s1_RauLaTi4eVgYHSp2TV9pqs9uzTVv0B10g9TaHMWpcZ4	1unMU5	qadv-arbiter-7x7-rust-lambda-v0.1.0	-	qadv-arbiter-7x7-rust-lambda-v0.1.0	-	L	P	-
g1_3I_RjHRd4AijHuoeGXOcqJvgHIHtOilNg3j6bkNxqIs	s1_ZGcThFJL-B-NDgiVk77_zvR-DztDZrczfrFnL6FXe5Q	1unMU5	qadv-arbiter-7x7-rust-lambda-v0.1.0	-	qadv-arbiter-7x7-rust-lambda-v0.1.0	-	L	P	196
g1_3I_RjHRd4AijHuoeGXOcqJvgHIHtOilNg3j6bkNxqIs	s1_wQwRS1ZYZ6V9DGWrU9uH1TJYCHkjqb_qEVFNmr4Tk7g	1unMU5	qadv-arbiter-7x7-rust-lambda-v0.1.0	-	qadv-arbiter-7x7-rust-lambda-v0.1.0	-	L	P	196
g1_3IaoLBJSbgqCqeBF05naHCgaoPKpvC-7IUztFRgafho	s1_360gi5DEM5M4KSFahBgreBwSPB0d9N0HTsDkVE6Yr58	1unO-k	qadv-arbiter-7x7-rust-lambda-v0.1.0	-	qadv-arbiter-7x7-rust-lambda-v0.1.0	-	D	P	196
g1_3IaoLBJSbgqCqeBF05naHCgaoPKpvC-7IUztFRgafho	s1_NJQss3KmkzNRjoyFjnyzHEnJdpc8Un_WUUig339hV1s	1unO-k	qadv-arbiter-7x7-rust-lambda-v0.1.0	-	qadv-arbiter-7x7-rust-lambda-v0.1.0	-	D	P	196
g1_3IaoLBJSbgqCqeBF05naHCgaoPKpvC-7IUztFRgafho	s1_RauLaTi4eVgYHSp2TV9pqs9uzTVv0B10g9TaHMWpcZ4	1unO-k	qadv-arbiter-7x7-rust-lambda-v0.1.0	-	qadv-arbiter-7x7-rust-lambda-v0.1.0	-	D	P	-
g1_3IaoLBJSbgqCqeBF05naHCgaoPKpvC-7IUztFRgafho	s1_abGuI_t4YJOu0qHS9ShpxK61hVPISf0GcorwRmMS92Y	1unO-k	qadv-arbiter-7x7-rust-lambda-v0.1.0	-	qadv-arbiter-7x7-rust-lambda-v0.1.0	-	D	P	196
g1_3InYi3tn_yST3ygNBvJX8QUm-5eb0OqZOkhyB8Uprdk	s1_qtlitMa-GGx-0y2heoyNRonYXf1Dq5epTexnVe9Iqtw	1umxdK	python-gnn-puct-learner-v0.1.0	sha256:ab0f739cd33d66781faf60e27797c5ccba3c04ba684f8d9e32e9c2754f4e8956	python-gnn-puct-learner-v0.1.0	sha256:ab0f739cd33d66781faf60e27797c5ccba3c04ba684f8d9e32e9c2754f4e8956	D	P	196
g1_3J7kFKNLrIIawAkfaJq1ZgStGrMHpS8nLReKJUj15xw	s1_0WXCbdOGkS2WGvVXhuB-05hZueb2FlCvIua5yyxinsM	1unN6p	qadv-arbiter-7x7-rust-lambda-v0.1.0	-	qadv-arbiter-7x7-rust-lambda-v0.1.0	-	L	P	196
g1_3J7kFKNLrIIawAkfaJq1ZgStGrMHpS8nLReKJUj15xw	s1_RauLaTi4eVgYHSp2TV9pqs9uzTVv0B10g9TaHMWpcZ4	1unN6p	qadv-arbiter-7x7-rust-lambda-v0.1.0	-	qadv-arbiter-7x7-rust-lambda-v0.1.0	-	L	P	-
g1_3J7kFKNLrIIawAkfaJq1ZgStGrMHpS8nLReKJUj15xw	s1_hJUmjOCR-9uKTD9F8yVuTWbFUUIoBr-MzPPaD9n30Bg	1unN6p	qadv-arbiter-7x7-rust-lambda-v0.1.0	-	qadv-arbiter-7x7-rust-lambda-v0.1.0	-	L	P	196
g1_3J7kFKNLrIIawAkfaJq1ZgStGrMHpS8nLReKJUj15xw	s1_qEr64EJ8XV8v5iSDFI-vHXsfUWb58QMNWby2aLNF4CE	1unN6p	qadv-arbiter-7x7-rust-lambda-v0.1.0	-	qadv-arbiter-7x7-rust-lambda-v0.1.0	-	L	P	196
g1_3J9dHq3vqj0vQG_7bxvG0p5DAPFlQFoOebAjHeAH4Dg	s1_OcDdRjNEs7BayFyofgjyumEXZlGgCpE_JIXogoRgJ4c	1unO4I	qadv-arbiter-7x7-rust-lambda-v0.1.0	-	qadv-arbiter-7x7-rust-lambda-v0.1.0	-	D	P	196
g1_3J9dHq3vqj0vQG_7bxvG0p5DAPFlQFoOebAjHeAH4Dg	s1_RauLaTi4eVgYHSp2TV9pqs9uzTVv0B10g9TaHMWpcZ4	1unO4I	qadv-arbiter-7x7-rust-lambda-v0.1.0	-	qadv-arbiter-7x7-rust-lambda-v0.1.0	-	D	P	-
g1_3J9dHq3vqj0vQG_7bxvG0p5DAPFlQFoOebAjHeAH4Dg	s1_btSu_bUer7r9tnrTZ1OdqQQW7Yia-SkBvNo0fCbK5u4	1unO4I	qadv-arbiter-7x7-rust-lambda-v0.1.0	-	qadv-arbiter-7x7-rust-lambda-v0.1.0	-	D	P	196
g1_3J9dHq3vqj0vQG_7bxvG0p5DAPFlQFoOebAjHeAH4Dg	s1_ieWyWyF1YIwkOkkZww8PjO4Abr79HAys7ST-6TIIrRg	1unO4I	qadv-arbiter-7x7-rust-lambda-v0.1.0	-	qadv-arbiter-7x7-rust-lambda-v0.1.0	-	D	P	196
g1_3JEmMAa0zV5G-q_Nmf5VZsimiSPwEDkZgFAznTFQIA8	s1_-Ui9KB5gxcV4werqSimDemciWqr9XSuECEBFMwvjOJk	1unPWS	qadv-arbiter-7x7-rust-lambda-v0.1.0	-	qadv-arbiter-7x7-rust-lambda-v0.1.0	-	D	P	196
g1_3JEmMAa0zV5G-q_Nmf5VZsimiSPwEDkZgFAznTFQIA8	s1_9KOv6RrfCY4uoAyz0CGi6xlNPTv6YoVAqwOPoq1Tjwg	1unPWS	qadv-arbiter-7x7-rust-lambda-v0.1.0	-	qadv-arbiter-7x7-rust-lambda-v0.1.0	-	D	P	196
g1_3JEmMAa0zV5G-q_Nmf5VZsimiSPwEDkZgFAznTFQIA8	s1_Ocm6LZ-PjX4tNgVCytDK7cAdjJm32kyyEqC2zT3Im1E	1unPWS	qadv-arbiter-7x7-rust-lambda-v0.1.0	-	qadv-arbiter-7x7-rust-lambda-v0.1.0	-	D	P	196
g1_3JEmMAa0zV5G-q_Nmf5VZsimiSPwEDkZgFAznTFQIA8	s1_RauLaTi4eVgYHSp2TV9pqs9uzTVv0B10g9TaHMWpcZ4	1unPWS	qadv-arbiter-7x7-rust-lambda-v0.1.0	-	qadv-arbiter-7x7-rust-lambda-v0.1.0	-	D	P	-
g1_3JKOK9RmkmdGPr8CIjl0B6rgpXH5ab7Y7JXXK1zHrfc	s1_HkFQwSRfuQEW-CT_AW2luuS5rLCG1x-XLUWNl5-74QQ	1unMx3	qadv-arbiter-7x7-rust-lambda-v0.1.0	-	qadv-arbiter-7x7-rust-lambda-v0.1.0	-	D	P	196
g1_3JKOK9RmkmdGPr8CIjl0B6rgpXH5ab7Y7JXXK1zHrfc	s1_RauLaTi4eVgYHSp2TV9pqs9uzTVv0B10g9TaHMWpcZ4	1unMx3	qadv-arbiter-7x7-rust-lambda-v0.1.0	-	qadv-arbiter-7x7-rust-lambda-v0.1.0	-	D	P	-
g1_3JKOK9RmkmdGPr8CIjl0B6rgpXH5ab7Y7JXXK1zHrfc	s1__2iyrehYImHG2svK2yuLB-5nCH7C4oh9bK9TxNhcuME	1unMx3	qadv-arbiter-7x7-rust-lambda-v0.1.0	-	qadv-arbiter-7x7-rust-lambda-v0.1.0	-	D	P	196
g1_3JKOK9RmkmdGPr8CIjl0B6rgpXH5ab7Y7JXXK1zHrfc	s1_h7eFyC1bc7XK8QCx6keD4fSgR-ewAWmrE0iAFExEb1E	1unMx3	qadv-arbiter-7x7-rust-lambda-v0.1.0	-	qadv-arbiter-7x7-rust-lambda-v0.1.0	-	D	P	196
g1_3JTFpiXodjZvLjZRIO2WUSjYIHepEiCPx6wd1nxZZJ4	s1_1av6nXQkq-GSHXfjkVlGHGpAq8F9UbW4JwZmyFA-vww	1umv8z	python-gnn-puct-scout-v0.1.0	sha256:b9f80706cc1f29076ee06fe06483697c749148a808c599579045d00a52573938	python-gnn-puct-scout-v0.1.0	sha256:b9f80706cc1f29076ee06fe06483697c749148a808c599579045d00a52573938	-	M	196
g1_3JTFpiXodjZvLjZRIO2WUSjYIHepEiCPx6wd1nxZZJ4	s1_Brk0hkuJoH-MBjdd53AO5tlWcOgDWV_R0PO74fHGd_0	1umv8z	python-gnn-puct-scout-v0.1.0	sha256:b9f80706cc1f29076ee06fe06483697c749148a808c599579045d00a52573938	python-gnn-puct-scout-v0.1.0	sha256:b9f80706cc1f29076ee06fe06483697c749148a808c599579045d00a52573938	-	M	196
g1_3JTFpiXodjZvLjZRIO2WUSjYIHepEiCPx6wd1nxZZJ4	s1_D_X-fTFZy6xuyGSC5jFyKBW6IP_59Jbomefazf4xu44	1umv8z	python-gnn-puct-scout-v0.1.0	sha256:b9f80706cc1f29076ee06fe06483697c749148a808c599579045d00a52573938	python-gnn-puct-scout-v0.1.0	sha256:b9f80706cc1f29076ee06fe06483697c749148a808c599579045d00a52573938	-	M	196
g1_3JTZFFRO8v4YXAS9j4azMf0uoFrdHrzuY7GVXbJUhkk	s1_1av6nXQkq-GSHXfjkVlGHGpAq8F9UbW4JwZmyFA-vww	1umvVT	coin-flip-v0.0.1	-	gnn-warmstart-7x7	sha256:e000d50619c0241c30efdd1f5adb7a8b738c66859d33c3443c52a20f56fcc13a	D	P	196
g1_3JTZFFRO8v4YXAS9j4azMf0uoFrdHrzuY7GVXbJUhkk	s1_dcEgf_s_8JfAgzbYFm9Z15BWrFU6bsc6MzE1gZNvlP4	1umvVT	coin-flip-v0.0.1	-	gnn-warmstart-7x7	sha256:e000d50619c0241c30efdd1f5adb7a8b738c66859d33c3443c52a20f56fcc13a	D	P	196
g1_3JTZFFRO8v4YXAS9j4azMf0uoFrdHrzuY7GVXbJUhkk	s1_mWPTef6xYbijjPhDIC6QgLRmu2mMSJAokNlIkx3vg54	1umvVT	coin-flip-v0.0.1	-	gnn-warmstart-7x7	sha256:e000d50619c0241c30efdd1f5adb7a8b738c66859d33c3443c52a20f56fcc13a	D	P	196
g1_3JWRVTMlNYazrhm4yEUMeGKz8pjlyNKMOem78EgADbE	s1_2FtaP75xgRVTNrUvmC0NIesJCNy8IDFJ05WNM4nUnpg	1unQsS	qadv-arbiter-7x7-v0.1.0	-	pathfinder-v0.3.0	-	D	P	196
g1_3JWRVTMlNYazrhm4yEUMeGKz8pjlyNKMOem78EgADbE	s1_RauLaTi4eVgYHSp2TV9pqs9uzTVv0B10g9TaHMWpcZ4	1unQsS	qadv-arbiter-7x7-v0.1.0	-	pathfinder-v0.3.0	-	D	P	-
g1_3JWRVTMlNYazrhm4yEUMeGKz8pjlyNKMOem78EgADbE	s1_WwjDBOc7pHwHxToosguuUYSlP0IcaJyznd67VC5YnwA	1unQsS	qadv-arbiter-7x7-v0.1.0	-	pathfinder-v0.3.0	-	D	P	196
g1_3JWRVTMlNYazrhm4yEUMeGKz8pjlyNKMOem78EgADbE	s1_fXS0pu6YxldZ_p4gfapMp2EHfw_jsMpDZJ0tjqI2PsE	1unQsS	qadv-arbiter-7x7-v0.1.0	-	pathfinder-v0.3.0	-	D	P	196
g1_3JWRVTMlNYazrhm4yEUMeGKz8pjlyNKMOem78EgADbE	s1_klL9VeeNeF0YoUii7PPUz1c4gMp90t3tKQJYUrnmFAI	1unQsS	qadv-arbiter-7x7-v0.1.0	-	pathfinder-v0.3.0	-	D	P	196
g1_3JZvPKzOt29YGw0-ffDUfGQjzITUgBQkF4YHMqGB1Bw	s1_6oGuTftsPqUqz781dg5Lsx9-bPSq2T4u5ksfMoJ6W_g	1umv9a	pathfinder-compact-sorter-7x7	sha256:7d34820fd656875b3ac4a0142e8f22179d11b133feb3321d0eb735b2a7abd027	pathfinder-deep-10k-7x7	-	L	P	80
g1_3JZvPKzOt29YGw0-ffDUfGQjzITUgBQkF4YHMqGB1Bw	s1_8VgqIasU5y7GQc_ChLeaaS9GBjQ11YzlZBTjjnxjdVU	1umv9a	pathfinder-compact-sorter-7x7	sha256:7d34820fd656875b3ac4a0142e8f22179d11b133feb3321d0eb735b2a7abd027	pathfinder-deep-10k-7x7	-	L	P	80
g1_3JbBQBCX1B6MzAmicIIPNNjFAN7NxyQUu37aAZiks9A	s1_6xLg02JL1jyYycSXfOA1DL6i8SmHUvzTmqiCbSYkwXw	1unPHp	qadv-arbiter-7x7-rust-lambda-v0.1.0	-	qadv-arbiter-7x7-rust-lambda-v0.1.0	-	L	P	196
g1_3JbBQBCX1B6MzAmicIIPNNjFAN7NxyQUu37aAZiks9A	s1_LoWjQ7X4Cb0pH-AfaDZCo3xySrWe5tbCQdFK3fQmalY	1unPHp	qadv-arbiter-7x7-rust-lambda-v0.1.0	-	qadv-arbiter-7x7-rust-lambda-v0.1.0	-	L	P	196
g1_3JbBQBCX1B6MzAmicIIPNNjFAN7NxyQUu37aAZiks9A	s1_RauLaTi4eVgYHSp2TV9pqs9uzTVv0B10g9TaHMWpcZ4	1unPHp	qadv-arbiter-7x7-rust-lambda-v0.1.0	-	qadv-arbiter-7x7-rust-lambda-v0.1.0	-	L	P	-
g1_3JbBQBCX1B6MzAmicIIPNNjFAN7NxyQUu37aAZiks9A	s1_fYTiqWtXV1lk5oXzzFrngHpF7HyUS8Gs1qXR3NgUoLY	1unPHp	qadv-arbiter-7x7-rust-lambda-v0.1.0	-	qadv-arbiter-7x7-rust-lambda-v0.1.0	-	L	P	196
g1_3K33C9tTz8OWEjZP_7OYX8W3BWjjzIOFYkhiXlng5Ys	s1_RauLaTi4eVgYHSp2TV9pqs9uzTVv0B10g9TaHMWpcZ4	1unMYb	qadv-arbiter-7x7-rust-lambda-v0.1.0	-	qadv-arbiter-7x7-rust-lambda-v0.1.0	-	L	P	-
g1_3K33C9tTz8OWEjZP_7OYX8W3BWjjzIOFYkhiXlng5Ys	s1_d0MO7prHR9M8rUGrqcdQLqw3M8t103WbhcqWxyw38bA	1unMYb	qadv-arbiter-7x7-rust-lambda-v0.1.0	-	qadv-arbiter-7x7-rust-lambda-v0.1.0	-	L	P	196
g1_3K33C9tTz8OWEjZP_7OYX8W3BWjjzIOFYkhiXlng5Ys	s1_lU6FaWhKm_tPe-5P6w5FRe1zmmrkBvDRFiHBWpqRBMY	1unMYb	qadv-arbiter-7x7-rust-lambda-v0.1.0	-	qadv-arbiter-7x7-rust-lambda-v0.1.0	-	L	P	196
g1_3K33C9tTz8OWEjZP_7OYX8W3BWjjzIOFYkhiXlng5Ys	s1_p7D3yh90Z9rpzcrapON58E9MSeK3q9ovYcza1FMoNLQ	1unMYb	qadv-arbiter-7x7-rust-lambda-v0.1.0	-	qadv-arbiter-7x7-rust-lambda-v0.1.0	-	L	P	196
g1_3K5Ih2EYdPdncwOir8yoZlMS_5LorPRSmcULaEu_XIo	s1_RauLaTi4eVgYHSp2TV9pqs9uzTVv0B10g9TaHMWpcZ4	1unLmA	qadv-arbiter-7x7-rust-lambda-v0.1.0	-	qadv-arbiter-7x7-rust-lambda-v0.1.0	-	D	P	-
g1_3K5Ih2EYdPdncwOir8yoZlMS_5LorPRSmcULaEu_XIo	s1_Sw2NqEwRhwj6oiH6hyT_fkFr3xdyUfBJXdKS5eyDYzY	1unLmA	qadv-arbiter-7x7-rust-lambda-v0.1.0	-	qadv-arbiter-7x7-rust-lambda-v0.1.0	-	D	P	196
g1_3K5Ih2EYdPdncwOir8yoZlMS_5LorPRSmcULaEu_XIo	s1_YnyA2-c_iTb-qH4jLE0gVPzgIpJV73p3jrYwAErzEIQ	1unLmA	qadv-arbiter-7x7-rust-lambda-v0.1.0	-	qadv-arbiter-7x7-rust-lambda-v0.1.0	-	D	P	196
g1_3K5Ih2EYdPdncwOir8yoZlMS_5LorPRSmcULaEu_XIo	s1_dLmqD8QmFdVG2MbmkkMn9GdBhpAnFbd-hmevUt06OL8	1unLmA	qadv-arbiter-7x7-rust-lambda-v0.1.0	-	qadv-arbiter-7x7-rust-lambda-v0.1.0	-	D	P	196
g1_3K79WX1sppC7FDZlJ8_vgLBOPtfXghncadl7iqpOQEA	s1_1av6nXQkq-GSHXfjkVlGHGpAq8F9UbW4JwZmyFA-vww	1DIWg	python-gnn-puct-v0.1.0	sha256:6f9ad6e4a0993da3cf34a8549e86f9b5d512c51e11bfa76dfe051e7a8801bdac	python-gnn-puct-v0.1.0	sha256:6f9ad6e4a0993da3cf34a8549e86f9b5d512c51e11bfa76dfe051e7a8801bdac	D	P	196
g1_3K79WX1sppC7FDZlJ8_vgLBOPtfXghncadl7iqpOQEA	s1_Brk0hkuJoH-MBjdd53AO5tlWcOgDWV_R0PO74fHGd_0	1DIWg	python-gnn-puct-v0.1.0	sha256:6f9ad6e4a0993da3cf34a8549e86f9b5d512c51e11bfa76dfe051e7a8801bdac	python-gnn-puct-v0.1.0	sha256:6f9ad6e4a0993da3cf34a8549e86f9b5d512c51e11bfa76dfe051e7a8801bdac	D	P	196
g1_3K79WX1sppC7FDZlJ8_vgLBOPtfXghncadl7iqpOQEA	s1_KmF8KhDbubz6lwdS8R_n_yTGdSONmH9B1wUABbyCj94	1DIWg	python-gnn-puct-v0.1.0	sha256:6f9ad6e4a0993da3cf34a8549e86f9b5d512c51e11bfa76dfe051e7a8801bdac	python-gnn-puct-v0.1.0	sha256:6f9ad6e4a0993da3cf34a8549e86f9b5d512c51e11bfa76dfe051e7a8801bdac	D	P	196
g1_3K79WX1sppC7FDZlJ8_vgLBOPtfXghncadl7iqpOQEA	s1_g5pGkHBMEhzAYvwFY0b24sSc7wC9JfnWApMHHZ_aMPI	1DIWg	python-gnn-puct-v0.1.0	sha256:6f9ad6e4a0993da3cf34a8549e86f9b5d512c51e11bfa76dfe051e7a8801bdac	python-gnn-puct-v0.1.0	sha256:6f9ad6e4a0993da3cf34a8549e86f9b5d512c51e11bfa76dfe051e7a8801bdac	D	P	196
g1_3K79WX1sppC7FDZlJ8_vgLBOPtfXghncadl7iqpOQEA	s1_tol_POp6BcgBLMWq8iDfRBQSAXpESHxFwmcCQYXv0yQ	1DIWg	python-gnn-puct-v0.1.0	sha256:6f9ad6e4a0993da3cf34a8549e86f9b5d512c51e11bfa76dfe051e7a8801bdac	python-gnn-puct-v0.1.0	sha256:6f9ad6e4a0993da3cf34a8549e86f9b5d512c51e11bfa76dfe051e7a8801bdac	D	P	196
g1_3K9WuwUkcnduobVJvHB8HaEss0abnkxKw-kaa44gh8o	s1_7zEQz2R8CtTflGOZlRC6qYUTPdavhbt8HXEtYR6Krgs	1unNtj	qadv-arbiter-7x7-rust-lambda-v0.1.0	-	qadv-arbiter-7x7-rust-lambda-v0.1.0	-	D	P	196
g1_3K9WuwUkcnduobVJvHB8HaEss0abnkxKw-kaa44gh8o	s1_RauLaTi4eVgYHSp2TV9pqs9uzTVv0B10g9TaHMWpcZ4	1unNtj	qadv-arbiter-7x7-rust-lambda-v0.1.0	-	qadv-arbiter-7x7-rust-lambda-v0.1.0	-	D	P	-
g1_3K9WuwUkcnduobVJvHB8HaEss0abnkxKw-kaa44gh8o	s1_nye6ncAxBgjiRw8z_nJC3icVa1ALP_x6-TeQXtrzDTo	1unNtj	qadv-arbiter-7x7-rust-lambda-v0.1.0	-	qadv-arbiter-7x7-rust-lambda-v0.1.0	-	D	P	196
g1_3K9WuwUkcnduobVJvHB8HaEss0abnkxKw-kaa44gh8o	s1_wA58weurrtJvUeHf03V1QpKM4DPIwkrl_MGrSE5qc_M	1unNtj	qadv-arbiter-7x7-rust-lambda-v0.1.0	-	qadv-arbiter-7x7-rust-lambda-v0.1.0	-	D	P	196
g1_3KBRlFCNseXzWjfG54qzllzLvsfp0rdIIrxd239dx44	s1_1av6nXQkq-GSHXfjkVlGHGpAq8F9UbW4JwZmyFA-vww	1umvGC	python-gnn-puct-scout-v0.1.0	sha256:b9f80706cc1f29076ee06fe06483697c749148a808c599579045d00a52573938	python-gnn-puct-scout-v0.1.0	sha256:b9f80706cc1f29076ee06fe06483697c749148a808c599579045d00a52573938	-	M	196
g1_3KBRlFCNseXzWjfG54qzllzLvsfp0rdIIrxd239dx44	s1_Brk0hkuJoH-MBjdd53AO5tlWcOgDWV_R0PO74fHGd_0	1umvGC	python-gnn-puct-scout-v0.1.0	sha256:b9f80706cc1f29076ee06fe06483697c749148a808c599579045d00a52573938	python-gnn-puct-scout-v0.1.0	sha256:b9f80706cc1f29076ee06fe06483697c749148a808c599579045d00a52573938	-	M	196
g1_3KBRlFCNseXzWjfG54qzllzLvsfp0rdIIrxd239dx44	s1_D_X-fTFZy6xuyGSC5jFyKBW6IP_59Jbomefazf4xu44	1umvGC	python-gnn-puct-scout-v0.1.0	sha256:b9f80706cc1f29076ee06fe06483697c749148a808c599579045d00a52573938	python-gnn-puct-scout-v0.1.0	sha256:b9f80706cc1f29076ee06fe06483697c749148a808c599579045d00a52573938	-	M	196
g1_3KTBR467FxD1DyPLPOwkNu20nd2HSOsXQ4f9z_cb7M8	s1_RauLaTi4eVgYHSp2TV9pqs9uzTVv0B10g9TaHMWpcZ4	1unNt1	qadv-arbiter-7x7-rust-lambda-v0.1.0	-	qadv-arbiter-7x7-rust-lambda-v0.1.0	-	L	P	-
g1_3KTBR467FxD1DyPLPOwkNu20nd2HSOsXQ4f9z_cb7M8	s1_VG87vl0KKu2BvmDnH-Ww70R9KtEsRgXnGM3amp_gr-4	1unNt1	qadv-arbiter-7x7-rust-lambda-v0.1.0	-	qadv-arbiter-7x7-rust-lambda-v0.1.0	-	L	P	196
g1_3KTBR467FxD1DyPLPOwkNu20nd2HSOsXQ4f9z_cb7M8	s1_WFN5H9MRv8i8b1wCyytsOCWUdg6miZYuBy5AUxaH820	1unNt1	qadv-arbiter-7x7-rust-lambda-v0.1.0	-	qadv-arbiter-7x7-rust-lambda-v0.1.0	-	L	P	196
g1_3KTBR467FxD1DyPLPOwkNu20nd2HSOsXQ4f9z_cb7M8	s1_YPs8xKtEQ7MPwWTb_1_G1z4s5yF7jWq_AAjEZga3TfI	1unNt1	qadv-arbiter-7x7-rust-lambda-v0.1.0	-	qadv-arbiter-7x7-rust-lambda-v0.1.0	-	L	P	196
g1_3KZw8_5c0AkoVNPivsdHjI6eD4ucF2I0hhBNDRn1P8A	s1_RauLaTi4eVgYHSp2TV9pqs9uzTVv0B10g9TaHMWpcZ4	1unOX0	qadv-arbiter-7x7-rust-lambda-v0.1.0	-	qadv-arbiter-7x7-rust-lambda-v0.1.0	-	D	P	-
g1_3KZw8_5c0AkoVNPivsdHjI6eD4ucF2I0hhBNDRn1P8A	s1_UEi_i-PFk6M3znrfsx4At5UCflc_6EL4vOUmGsyCqy8	1unOX0	qadv-arbiter-7x7-rust-lambda-v0.1.0	-	qadv-arbiter-7x7-rust-lambda-v0.1.0	-	D	P	196
g1_3KZw8_5c0AkoVNPivsdHjI6eD4ucF2I0hhBNDRn1P8A	s1_aiSSGE3EjHSWFCQp03wa2uKTbEvwJH7CJ_tQkg_j8Aw	1unOX0	qadv-arbiter-7x7-rust-lambda-v0.1.0	-	qadv-arbiter-7x7-rust-lambda-v0.1.0	-	D	P	196
g1_3KZw8_5c0AkoVNPivsdHjI6eD4ucF2I0hhBNDRn1P8A	s1_rJZocYWlkSdQBj4Rm2mCbZrB34oCr4X0xTp7dMaFgeM	1unOX0	qadv-arbiter-7x7-rust-lambda-v0.1.0	-	qadv-arbiter-7x7-rust-lambda-v0.1.0	-	D	P	196
g1_3Ko4LhiLgQw1bl2NrdihZViy_OXolkCI3Clvh54vnLk	s1_Az5RyDEb2xYaCb3tgCej5yXA3YRP-hzmsKGsKLJLuis	1unNEi	qadv-arbiter-7x7-rust-lambda-v0.1.0	-	qadv-arbiter-7x7-rust-lambda-v0.1.0	-	D	P	196
g1_3Ko4LhiLgQw1bl2NrdihZViy_OXolkCI3Clvh54vnLk	s1_RauLaTi4eVgYHSp2TV9pqs9uzTVv0B10g9TaHMWpcZ4	1unNEi	qadv-arbiter-7x7-rust-lambda-v0.1.0	-	qadv-arbiter-7x7-rust-lambda-v0.1.0	-	D	P	-
g1_3Ko4LhiLgQw1bl2NrdihZViy_OXolkCI3Clvh54vnLk	s1_p6Xs_cNAJYfW0wRl1rmKniqDw100BiwOYuGBSsuyEEc	1unNEi	qadv-arbiter-7x7-rust-lambda-v0.1.0	-	qadv-arbiter-7x7-rust-lambda-v0.1.0	-	D	P	196
g1_3Ko4LhiLgQw1bl2NrdihZViy_OXolkCI3Clvh54vnLk	s1_pGWiGErKpGugTt6fjmUw10TkV8p10f1f5Fbg9ovW1EI	1unNEi	qadv-arbiter-7x7-rust-lambda-v0.1.0	-	qadv-arbiter-7x7-rust-lambda-v0.1.0	-	D	P	196
g1_3Kr2JI3FnuZoKlrlGdGUzucCtes_zp13QxAoqGwhrRY	s1_1RRxt-RRAQYMbxapVphDWFJOW8b9jKR5hxjS51Mauqk	1unNH4	qadv-arbiter-7x7-rust-lambda-v0.1.0	-	qadv-arbiter-7x7-rust-lambda-v0.1.0	-	L	P	196
g1_3Kr2JI3FnuZoKlrlGdGUzucCtes_zp13QxAoqGwhrRY	s1_2OIntBHrId0anVpEqMTGc8_pQusjOmyuOplmL7Mrycw	1unNH4	qadv-arbiter-7x7-rust-lambda-v0.1.0	-	qadv-arbiter-7x7-rust-lambda-v0.1.0	-	L	P	196
g1_3Kr2JI3FnuZoKlrlGdGUzucCtes_zp13QxAoqGwhrRY	s1_3SMlaDY7SSY57qL4L5oaWVUSdtaGhLgScbOaBt4S620	1unNH4	qadv-arbiter-7x7-rust-lambda-v0.1.0	-	qadv-arbiter-7x7-rust-lambda-v0.1.0	-	L	P	196
g1_3Kr2JI3FnuZoKlrlGdGUzucCtes_zp13QxAoqGwhrRY	s1_RauLaTi4eVgYHSp2TV9pqs9uzTVv0B10g9TaHMWpcZ4	1unNH4	qadv-arbiter-7x7-rust-lambda-v0.1.0	-	qadv-arbiter-7x7-rust-lambda-v0.1.0	-	L	P	-
g1_3KsG2Tg7B5erEgP3z4HHfgRMG-uSE4vniyK3FpMHB7w	s1_2FtaP75xgRVTNrUvmC0NIesJCNy8IDFJ05WNM4nUnpg	1unQzK	qadv-arbiter-7x7-v0.1.0	-	surveyor-v0.2.0	-	D	P	196
g1_3KsG2Tg7B5erEgP3z4HHfgRMG-uSE4vniyK3FpMHB7w	s1_RauLaTi4eVgYHSp2TV9pqs9uzTVv0B10g9TaHMWpcZ4	1unQzK	qadv-arbiter-7x7-v0.1.0	-	surveyor-v0.2.0	-	D	P	-
g1_3KsG2Tg7B5erEgP3z4HHfgRMG-uSE4vniyK3FpMHB7w	s1_SdsHbcM4bFor8HsWUvUTqSq8x-5-G6WEPX0-N0VCf6w	1unQzK	qadv-arbiter-7x7-v0.1.0	-	surveyor-v0.2.0	-	D	P	196
g1_3KsG2Tg7B5erEgP3z4HHfgRMG-uSE4vniyK3FpMHB7w	s1_k74lMCzfWrulKFTK4PUyTtj0z_EWEV23e1RJABjFPcE	1unQzK	qadv-arbiter-7x7-v0.1.0	-	surveyor-v0.2.0	-	D	P	196
g1_3KvCCzQkRKDFkSpLdkjK27Bma7td-Yl0gtWN6uQ_g70	s1_RauLaTi4eVgYHSp2TV9pqs9uzTVv0B10g9TaHMWpcZ4	1unNZ3	qadv-arbiter-7x7-rust-lambda-v0.1.0	-	qadv-arbiter-7x7-rust-lambda-v0.1.0	-	L	P	-
g1_3KvCCzQkRKDFkSpLdkjK27Bma7td-Yl0gtWN6uQ_g70	s1_VHZks-VEvZlgSxkUc062qLSxWhtOjalduF_jmAUSqDo	1unNZ3	qadv-arbiter-7x7-rust-lambda-v0.1.0	-	qadv-arbiter-7x7-rust-lambda-v0.1.0	-	L	P	196
g1_3KvCCzQkRKDFkSpLdkjK27Bma7td-Yl0gtWN6uQ_g70	s1_YsI_T7caNVGY32AbYLKCq3RHaj0f9nPj4KN00oBdgTA	1unNZ3	qadv-arbiter-7x7-rust-lambda-v0.1.0	-	qadv-arbiter-7x7-rust-lambda-v0.1.0	-	L	P	196
g1_3KvCCzQkRKDFkSpLdkjK27Bma7td-Yl0gtWN6uQ_g70	s1_hnDIRk3dys0ZNg1hGJjbgr8tp36_IDPg-ZGCi9WIPz4	1unNZ3	qadv-arbiter-7x7-rust-lambda-v0.1.0	-	qadv-arbiter-7x7-rust-lambda-v0.1.0	-	L	P	196
g1_3L5wkDZG5HInYqyyvtRXBXQJwA65sI1yOMgPXAf6RQI	s1_5ljWDxs2cHuicZCOrLTiAkYIjLsr60UlTp2pdgzLpFo	1un6s3	cnn-reval30k-7x7	sha256:7439239ff343dcc422cb918560b1b72433f2e13628580427343a446f349c6f5a	qadv-arbiter-guided-7x7-v0.2.0	sha256:9c0e5e530df7db77a98f6a2e75fe63a6f629c6ad6563e0b5454793ebc243b14d	D	P	196
g1_3L5wkDZG5HInYqyyvtRXBXQJwA65sI1yOMgPXAf6RQI	s1_O3cuwuia8XT9TI7Nxr3tRcajOA20XFHEIT2fYX3WizY	1un6s3	cnn-reval30k-7x7	sha256:7439239ff343dcc422cb918560b1b72433f2e13628580427343a446f349c6f5a	qadv-arbiter-guided-7x7-v0.2.0	sha256:9c0e5e530df7db77a98f6a2e75fe63a6f629c6ad6563e0b5454793ebc243b14d	D	P	196
g1_3L5wkDZG5HInYqyyvtRXBXQJwA65sI1yOMgPXAf6RQI	s1_V0LWS9svHoRw-EU00TJ9ccLmpbl0alVktC6RjcN8YsE	1un6s3	cnn-reval30k-7x7	sha256:7439239ff343dcc422cb918560b1b72433f2e13628580427343a446f349c6f5a	qadv-arbiter-guided-7x7-v0.2.0	sha256:9c0e5e530df7db77a98f6a2e75fe63a6f629c6ad6563e0b5454793ebc243b14d	D	P	196
g1_3LBgz6Jgm-MTNXOxdcx_Zj8c6wUESDuJHZ1sKrVmNEY	s1_J7QSGy5SrQ6xldGz7ckrs3B1T28DYmkOlQk09XdE2js	1unPIe	qadv-arbiter-7x7-rust-lambda-v0.1.0	-	qadv-arbiter-7x7-rust-lambda-v0.1.0	-	L	P	196
g1_3LBgz6Jgm-MTNXOxdcx_Zj8c6wUESDuJHZ1sKrVmNEY	s1_Kh0aFiNWMoK4Ld4atmH5vOrIMiFvEsNwYEoeQhgoMQE	1unPIe	qadv-arbiter-7x7-rust-lambda-v0.1.0	-	qadv-arbiter-7x7-rust-lambda-v0.1.0	-	L	P	196
g1_3LBgz6Jgm-MTNXOxdcx_Zj8c6wUESDuJHZ1sKrVmNEY	s1_RauLaTi4eVgYHSp2TV9pqs9uzTVv0B10g9TaHMWpcZ4	1unPIe	qadv-arbiter-7x7-rust-lambda-v0.1.0	-	qadv-arbiter-7x7-rust-lambda-v0.1.0	-	L	P	-
g1_3LBgz6Jgm-MTNXOxdcx_Zj8c6wUESDuJHZ1sKrVmNEY	s1_w2CBE1QVKLoUD8FBHxpsTsomubG5jXdV3I8v1uv-GDA	1unPIe	qadv-arbiter-7x7-rust-lambda-v0.1.0	-	qadv-arbiter-7x7-rust-lambda-v0.1.0	-	L	P	196
g1_3LVQpfFJstG3OZzmhksLxSEpRn6paI9E6z5k6ls8hSY	s1_1av6nXQkq-GSHXfjkVlGHGpAq8F9UbW4JwZmyFA-vww	1umvOI	python-gnn-puct-learner-v0.1.0	sha256:ab0f739cd33d66781faf60e27797c5ccba3c04ba684f8d9e32e9c2754f4e8956	python-gnn-puct-learner-v0.1.0	sha256:ab0f739cd33d66781faf60e27797c5ccba3c04ba684f8d9e32e9c2754f4e8956	-	M	196
g1_3LVQpfFJstG3OZzmhksLxSEpRn6paI9E6z5k6ls8hSY	s1_Brk0hkuJoH-MBjdd53AO5tlWcOgDWV_R0PO74fHGd_0	1umvOI	python-gnn-puct-learner-v0.1.0	sha256:ab0f739cd33d66781faf60e27797c5ccba3c04ba684f8d9e32e9c2754f4e8956	python-gnn-puct-learner-v0.1.0	sha256:ab0f739cd33d66781faf60e27797c5ccba3c04ba684f8d9e32e9c2754f4e8956	-	M	196
g1_3LVQpfFJstG3OZzmhksLxSEpRn6paI9E6z5k6ls8hSY	s1_QBFUsDtxokERlDOdQkleYbPvhJ-vIp2qmp6DXjS-7oM	1umvOI	python-gnn-puct-learner-v0.1.0	sha256:ab0f739cd33d66781faf60e27797c5ccba3c04ba684f8d9e32e9c2754f4e8956	python-gnn-puct-learner-v0.1.0	sha256:ab0f739cd33d66781faf60e27797c5ccba3c04ba684f8d9e32e9c2754f4e8956	-	M	196
g1_3LcxhhCB6nTTT85pvddPM7IUSBktIw3frwB5lvoHvZQ	s1_WVg7aYYLIrw6_-2mI3jQ-DPcLO4gX2sPEEqWQb0DGQA	1umxIT	python-cnn-puct-reval30k-v0.1.0	sha256:eb2600a53e225a835455efdb2759c40e27c5cb3c16ab0688bc21b99290ed10ee	python-cnn-puct-reval30k-v0.1.0	sha256:eb2600a53e225a835455efdb2759c40e27c5cb3c16ab0688bc21b99290ed10ee	D	P	196
g1_3LdVSGAxoeGOqpnJ_wzkkCmjbc7S92ecYj0JRg14WRg	s1_RauLaTi4eVgYHSp2TV9pqs9uzTVv0B10g9TaHMWpcZ4	1unOVC	qadv-arbiter-7x7-rust-lambda-v0.1.0	-	qadv-arbiter-7x7-rust-lambda-v0.1.0	-	D	P	-
g1_3LdVSGAxoeGOqpnJ_wzkkCmjbc7S92ecYj0JRg14WRg	s1_gtf5jCPwK83XK6VPTnBTeZFFUpIGCwvkKxYqUrNQN7Y	1unOVC	qadv-arbiter-7x7-rust-lambda-v0.1.0	-	qadv-arbiter-7x7-rust-lambda-v0.1.0	-	D	P	196
g1_3LdVSGAxoeGOqpnJ_wzkkCmjbc7S92ecYj0JRg14WRg	s1_j54yP_E7eoHYUtbXcD5IximY_eUUmhvIu3udNbzABfw	1unOVC	qadv-arbiter-7x7-rust-lambda-v0.1.0	-	qadv-arbiter-7x7-rust-lambda-v0.1.0	-	D	P	196
g1_3LdVSGAxoeGOqpnJ_wzkkCmjbc7S92ecYj0JRg14WRg	s1_wMR_-2cLcPFOiTj8_Ry4feqrq3nKSI01sZEbTW49VoI	1unOVC	qadv-arbiter-7x7-rust-lambda-v0.1.0	-	qadv-arbiter-7x7-rust-lambda-v0.1.0	-	D	P	196
g1_3M5txxJ0WuTUHhvD43s8HlT3ibb9GxK4dTsa7Pqq0QM	s1_JDQusoVpFna3XvDU1O0wU7BBKWtuDPwITFsmnE1yJ7A	1unPFk	qadv-arbiter-7x7-rust-lambda-v0.1.0	-	qadv-arbiter-7x7-rust-lambda-v0.1.0	-	L	P	196
g1_3M5txxJ0WuTUHhvD43s8HlT3ibb9GxK4dTsa7Pqq0QM	s1_RauLaTi4eVgYHSp2TV9pqs9uzTVv0B10g9TaHMWpcZ4	1unPFk	qadv-arbiter-7x7-rust-lambda-v0.1.0	-	qadv-arbiter-7x7-rust-lambda-v0.1.0	-	L	P	-
g1_3M5txxJ0WuTUHhvD43s8HlT3ibb9GxK4dTsa7Pqq0QM	s1_Wsk81HNNEu-ZnRpPqzLj7oIVgY3sHloYdxR7KBC0ShM	1unPFk	qadv-arbiter-7x7-rust-lambda-v0.1.0	-	qadv-arbiter-7x7-rust-lambda-v0.1.0	-	L	P	196
g1_3M5txxJ0WuTUHhvD43s8HlT3ibb9GxK4dTsa7Pqq0QM	s1_vbqrP_eVR9pkCH9Mb_pF2czBiCfanV6-OiJLgMIQYcQ	1unPFk	qadv-arbiter-7x7-rust-lambda-v0.1.0	-	qadv-arbiter-7x7-rust-lambda-v0.1.0	-	L	P	196
g1_3M8uX3fKRLwI4cYC029Yczf-PuwzS6yTYNLIRK1NMP0	s1_qtlitMa-GGx-0y2heoyNRonYXf1Dq5epTexnVe9Iqtw	1umxaU	python-gnn-puct-learner-v0.1.0	sha256:ab0f739cd33d66781faf60e27797c5ccba3c04ba684f8d9e32e9c2754f4e8956	python-gnn-puct-learner-v0.1.0	sha256:ab0f739cd33d66781faf60e27797c5ccba3c04ba684f8d9e32e9c2754f4e8956	L	P	196
g1_3MDa8FN-TpPL52UrHCQ80e6Tajvfhzrq44TGxbiYBFM	s1_7mfr_c6QFsXXL7FzKGurURhUq01qOcrK5uOBMQ0f2aw	1unPwZ	qadv-arbiter-7x7-rust-lambda-v0.1.0	-	qadv-arbiter-7x7-rust-lambda-v0.1.0	-	D	P	196
g1_3MDa8FN-TpPL52UrHCQ80e6Tajvfhzrq44TGxbiYBFM	s1_RauLaTi4eVgYHSp2TV9pqs9uzTVv0B10g9TaHMWpcZ4	1unPwZ	qadv-arbiter-7x7-rust-lambda-v0.1.0	-	qadv-arbiter-7x7-rust-lambda-v0.1.0	-	D	P	-
g1_3MDa8FN-TpPL52UrHCQ80e6Tajvfhzrq44TGxbiYBFM	s1_SEt5uy65uPxn6O8l6XeJbJMHVr7Oz0PgA-tBkXnNjD4	1unPwZ	qadv-arbiter-7x7-rust-lambda-v0.1.0	-	qadv-arbiter-7x7-rust-lambda-v0.1.0	-	D	P	196
g1_3MDa8FN-TpPL52UrHCQ80e6Tajvfhzrq44TGxbiYBFM	s1__kd0dL-7hYrb9hlYjWaFJPb6MMc2jmcWT67n6u8he-w	1unPwZ	qadv-arbiter-7x7-rust-lambda-v0.1.0	-	qadv-arbiter-7x7-rust-lambda-v0.1.0	-	D	P	196
g1_3MG4uH4uU7RoxM06YXmPl8Za9mtOsDgNe8s-yp3mi_E	s1_cxWoHGAOV3oFvCQ0XuQrJ0DgfOyIwxC8-1JeuT-MQoI	1umwNC	rust-pathfinder-onnx-sorter-v0.1.0	-	rust-pathfinder-v0.3.0	-	D	P	120
g1_3MXhILxY7luc9wD5_gi_u-x8nnPjMm0m9sCySKoMoXU	s1__fmnSv6OnZklVvMPUjPdL6drtvfrJptRYX3nxZQO8jI	1umxxU	python-gnn-puct-scout-v0.1.0	sha256:b9f80706cc1f29076ee06fe06483697c749148a808c599579045d00a52573938	python-gnn-puct-scout-v0.1.0	sha256:b9f80706cc1f29076ee06fe06483697c749148a808c599579045d00a52573938	L	P	196
g1_3MhxFzIh_VEFzlG-SzXly_zhea8rHisvAOpk_bf15hQ	s1_5ce23mJWNlExlDsunTOCqbo59rtlnADswTjAdA9FJcY	1unOk6	qadv-arbiter-7x7-rust-lambda-v0.1.0	-	qadv-arbiter-7x7-rust-lambda-v0.1.0	-	L	P	196
g1_3MhxFzIh_VEFzlG-SzXly_zhea8rHisvAOpk_bf15hQ	s1_Kc5mAzBpEQyX8e9i2qc7maYs8KJOd4rpzhtkcRpAabU	1unOk6	qadv-arbiter-7x7-rust-lambda-v0.1.0	-	qadv-arbiter-7x7-rust-lambda-v0.1.0	-	L	P	196
g1_3MhxFzIh_VEFzlG-SzXly_zhea8rHisvAOpk_bf15hQ	s1_RauLaTi4eVgYHSp2TV9pqs9uzTVv0B10g9TaHMWpcZ4	1unOk6	qadv-arbiter-7x7-rust-lambda-v0.1.0	-	qadv-arbiter-7x7-rust-lambda-v0.1.0	-	L	P	-
g1_3MhxFzIh_VEFzlG-SzXly_zhea8rHisvAOpk_bf15hQ	s1_nWSyBNQXSwlyEQ0p6c83OFW5WvWwafG-PyM4AgW9DTM	1unOk6	qadv-arbiter-7x7-rust-lambda-v0.1.0	-	qadv-arbiter-7x7-rust-lambda-v0.1.0	-	L	P	196
g1_3MypjUsZou9IhWDP0caM7Gf9UmoV7AleHaRcz5WsxdY	s1_CEZN9UpTiNQvXJwo6FOyI_d_RbqGe3g4pfn2vqxTPus	1unOUm	qadv-arbiter-7x7-rust-lambda-v0.1.0	-	qadv-arbiter-7x7-rust-lambda-v0.1.0	-	L	P	196
g1_3MypjUsZou9IhWDP0caM7Gf9UmoV7AleHaRcz5WsxdY	s1_RauLaTi4eVgYHSp2TV9pqs9uzTVv0B10g9TaHMWpcZ4	1unOUm	qadv-arbiter-7x7-rust-lambda-v0.1.0	-	qadv-arbiter-7x7-rust-lambda-v0.1.0	-	L	P	-
g1_3MypjUsZou9IhWDP0caM7Gf9UmoV7AleHaRcz5WsxdY	s1_fpVxy2Lld5iEgL4pEmy52w5MNAzciX-OvJ0lk_c2tY0	1unOUm	qadv-arbiter-7x7-rust-lambda-v0.1.0	-	qadv-arbiter-7x7-rust-lambda-v0.1.0	-	L	P	196
g1_3MypjUsZou9IhWDP0caM7Gf9UmoV7AleHaRcz5WsxdY	s1_uDhPTqmXCRXjBaDHtWrKDSIvH8RY8490hfaSJnH-b_k	1unOUm	qadv-arbiter-7x7-rust-lambda-v0.1.0	-	qadv-arbiter-7x7-rust-lambda-v0.1.0	-	L	P	196
g1_3N0v8eNOXj_S1Qs_J2KlmHbvyFIkk8y9JdviUYJdQ1I	s1_1av6nXQkq-GSHXfjkVlGHGpAq8F9UbW4JwZmyFA-vww	1umvHu	python-gnn-puct-learner-v0.1.0	sha256:ab0f739cd33d66781faf60e27797c5ccba3c04ba684f8d9e32e9c2754f4e8956	python-gnn-puct-learner-v0.1.0	sha256:ab0f739cd33d66781faf60e27797c5ccba3c04ba684f8d9e32e9c2754f4e8956	-	M	196
g1_3N0v8eNOXj_S1Qs_J2KlmHbvyFIkk8y9JdviUYJdQ1I	s1_Brk0hkuJoH-MBjdd53AO5tlWcOgDWV_R0PO74fHGd_0	1umvHu	python-gnn-puct-learner-v0.1.0	sha256:ab0f739cd33d66781faf60e27797c5ccba3c04ba684f8d9e32e9c2754f4e8956	python-gnn-puct-learner-v0.1.0	sha256:ab0f739cd33d66781faf60e27797c5ccba3c04ba684f8d9e32e9c2754f4e8956	-	M	196
g1_3N0v8eNOXj_S1Qs_J2KlmHbvyFIkk8y9JdviUYJdQ1I	s1_QBFUsDtxokERlDOdQkleYbPvhJ-vIp2qmp6DXjS-7oM	1umvHu	python-gnn-puct-learner-v0.1.0	sha256:ab0f739cd33d66781faf60e27797c5ccba3c04ba684f8d9e32e9c2754f4e8956	python-gnn-puct-learner-v0.1.0	sha256:ab0f739cd33d66781faf60e27797c5ccba3c04ba684f8d9e32e9c2754f4e8956	-	M	196
g1_3N6slImy8zfWgNXtTZmqaNMhfEvYCPslaqlXpP0bTpU	s1_Qmoz3nLvbLcY_1rcqMtpMJDvTQydhL5cxUNWV6EhpMY	1umwnr	qadv-arbiter-7x7-v0.1.0	sha256:8c548d06307572603b839755cc1e50393285365e10f82bcd90290ca65cd86266	qadv-arbiter-7x7-v0.1.0	sha256:8c548d06307572603b839755cc1e50393285365e10f82bcd90290ca65cd86266	D	P	196
g1_3NE4pwBuvnFKTnsOBuuci4UMvK5QGVW7l4b5Zu-c2Vw	s1_RauLaTi4eVgYHSp2TV9pqs9uzTVv0B10g9TaHMWpcZ4	1unOG6	qadv-arbiter-7x7-rust-lambda-v0.1.0	-	qadv-arbiter-7x7-rust-lambda-v0.1.0	-	L	P	-
g1_3NE4pwBuvnFKTnsOBuuci4UMvK5QGVW7l4b5Zu-c2Vw	s1_dkkf1VZLIELm_S7pnLspymJexGvy_azYLTe2_qNhaDg	1unOG6	qadv-arbiter-7x7-rust-lambda-v0.1.0	-	qadv-arbiter-7x7-rust-lambda-v0.1.0	-	L	P	196
g1_3NE4pwBuvnFKTnsOBuuci4UMvK5QGVW7l4b5Zu-c2Vw	s1_krmMTUqkfmvs4YndrOV4RuLOmMt5YQssEUyrhX4KsKk	1unOG6	qadv-arbiter-7x7-rust-lambda-v0.1.0	-	qadv-arbiter-7x7-rust-lambda-v0.1.0	-	L	P	196
g1_3NE4pwBuvnFKTnsOBuuci4UMvK5QGVW7l4b5Zu-c2Vw	s1_yFjgmm-hQS_v5hIqBROlBkc2obIlv1dqWb987zjx32k	1unOG6	qadv-arbiter-7x7-rust-lambda-v0.1.0	-	qadv-arbiter-7x7-rust-lambda-v0.1.0	-	L	P	196
g1_3NRFC9JfLcVIH9BU-9UDkizGTW5t9vPGTGQX8FEQEp0	s1_5-SM8qaLMMmNyXX1wwmZoUV4EZdwJpm56HwbrOAN7z0	1unOEz	qadv-arbiter-7x7-rust-lambda-v0.1.0	-	qadv-arbiter-7x7-rust-lambda-v0.1.0	-	D	P	196
g1_3NRFC9JfLcVIH9BU-9UDkizGTW5t9vPGTGQX8FEQEp0	s1_Fi_Yo-r6PfIprzDDKc_0SBBtBQ-ZDBEYyVV_QcGTySk	1unOEz	qadv-arbiter-7x7-rust-lambda-v0.1.0	-	qadv-arbiter-7x7-rust-lambda-v0.1.0	-	D	P	196
g1_3NRFC9JfLcVIH9BU-9UDkizGTW5t9vPGTGQX8FEQEp0	s1_RauLaTi4eVgYHSp2TV9pqs9uzTVv0B10g9TaHMWpcZ4	1unOEz	qadv-arbiter-7x7-rust-lambda-v0.1.0	-	qadv-arbiter-7x7-rust-lambda-v0.1.0	-	D	P	-
g1_3NRFC9JfLcVIH9BU-9UDkizGTW5t9vPGTGQX8FEQEp0	s1_rHt0zUsTqkJps7anmossY5A7Q5v0LffjVISfcyO83EA	1unOEz	qadv-arbiter-7x7-rust-lambda-v0.1.0	-	qadv-arbiter-7x7-rust-lambda-v0.1.0	-	D	P	196
g1_3NjaeR9HSAnISTxubUkj1Daky1pb7CrhJFAdcw1o5r0	s1_-OKlJXuPFfAnukwGYITjiU7XKL4OC_qt76PC0TZSPjg	1umvf-	python-cnn-puct-v0.1.0	sha256:7845e9b7687beee165dc36b8d21833b7a8b5a83e31b58b49bd05c277ba26e642	python-cnn-puct-v0.1.0	sha256:7845e9b7687beee165dc36b8d21833b7a8b5a83e31b58b49bd05c277ba26e642	-	M	196
g1_3NjaeR9HSAnISTxubUkj1Daky1pb7CrhJFAdcw1o5r0	s1_1av6nXQkq-GSHXfjkVlGHGpAq8F9UbW4JwZmyFA-vww	1umvf-	python-cnn-puct-v0.1.0	sha256:7845e9b7687beee165dc36b8d21833b7a8b5a83e31b58b49bd05c277ba26e642	python-cnn-puct-v0.1.0	sha256:7845e9b7687beee165dc36b8d21833b7a8b5a83e31b58b49bd05c277ba26e642	-	M	196
g1_3NjaeR9HSAnISTxubUkj1Daky1pb7CrhJFAdcw1o5r0	s1_mWPTef6xYbijjPhDIC6QgLRmu2mMSJAokNlIkx3vg54	1umvf-	python-cnn-puct-v0.1.0	sha256:7845e9b7687beee165dc36b8d21833b7a8b5a83e31b58b49bd05c277ba26e642	python-cnn-puct-v0.1.0	sha256:7845e9b7687beee165dc36b8d21833b7a8b5a83e31b58b49bd05c277ba26e642	-	M	196
g1_3NnszZxLgXLTbElJY0JGsjK783vEEOFwe2gLcXZbWs4	s1_OOyaJUK-vAB-E7M-6-j_Zi7BGV9ARO2YTpPdRp-E8K4	1unOdW	qadv-arbiter-7x7-rust-lambda-v0.1.0	-	qadv-arbiter-7x7-rust-lambda-v0.1.0	-	D	P	196
g1_3NnszZxLgXLTbElJY0JGsjK783vEEOFwe2gLcXZbWs4	s1_QVXzx2tOTS-aSrzipOp0OXERgZN6aGB4sHDPbfEDDa4	1unOdW	qadv-arbiter-7x7-rust-lambda-v0.1.0	-	qadv-arbiter-7x7-rust-lambda-v0.1.0	-	D	P	196
g1_3NnszZxLgXLTbElJY0JGsjK783vEEOFwe2gLcXZbWs4	s1_RauLaTi4eVgYHSp2TV9pqs9uzTVv0B10g9TaHMWpcZ4	1unOdW	qadv-arbiter-7x7-rust-lambda-v0.1.0	-	qadv-arbiter-7x7-rust-lambda-v0.1.0	-	D	P	-
g1_3NnszZxLgXLTbElJY0JGsjK783vEEOFwe2gLcXZbWs4	s1_kSfxUJiQHtxyZwYlXVpPE-5BuNS0MjbyKcMdVynaNlU	1unOdW	qadv-arbiter-7x7-rust-lambda-v0.1.0	-	qadv-arbiter-7x7-rust-lambda-v0.1.0	-	D	P	196
g1_3NvA7c7deZMvcN9lpK1rngz_h7zjRG1i6a1IqaS0gls	s1_O3cuwuia8XT9TI7Nxr3tRcajOA20XFHEIT2fYX3WizY	1un3gv	pathfinder-v0.3.0	-	qadv-arbiter-guided-7x7-v0.2.0	sha256:9c0e5e530df7db77a98f6a2e75fe63a6f629c6ad6563e0b5454793ebc243b14d	L	P	196
g1_3NvA7c7deZMvcN9lpK1rngz_h7zjRG1i6a1IqaS0gls	s1_TYXHQvjQZ2GJ5isdonJSbQODrFXbVToE7ZA6YAiW1Sw	1un3gv	pathfinder-v0.3.0	-	qadv-arbiter-guided-7x7-v0.2.0	sha256:9c0e5e530df7db77a98f6a2e75fe63a6f629c6ad6563e0b5454793ebc243b14d	L	P	196
g1_3NvA7c7deZMvcN9lpK1rngz_h7zjRG1i6a1IqaS0gls	s1_uwbLtYhCIY1sqGt_H5JQsCHIctNBX0e3jgQb5Bvcxzo	1un3gv	pathfinder-v0.3.0	-	qadv-arbiter-guided-7x7-v0.2.0	sha256:9c0e5e530df7db77a98f6a2e75fe63a6f629c6ad6563e0b5454793ebc243b14d	L	P	196
g1_3Nz0iQOIXkY1yiBRMS1DlDVRumlxO9oAtevanMomlDs	s1_-ZaqXaVvFtb2RIZuJBQ91pSvMZgRf4VNf5pNFPi9n9o	1unN4a	qadv-arbiter-7x7-rust-lambda-v0.1.0	-	qadv-arbiter-7x7-rust-lambda-v0.1.0	-	L	P	196
g1_3Nz0iQOIXkY1yiBRMS1DlDVRumlxO9oAtevanMomlDs	s1_RauLaTi4eVgYHSp2TV9pqs9uzTVv0B10g9TaHMWpcZ4	1unN4a	qadv-arbiter-7x7-rust-lambda-v0.1.0	-	qadv-arbiter-7x7-rust-lambda-v0.1.0	-	L	P	-
g1_3Nz0iQOIXkY1yiBRMS1DlDVRumlxO9oAtevanMomlDs	s1_fEKzpTvWni9l9P4MV8ModNYda3MVE8jqYCofKV91DIc	1unN4a	qadv-arbiter-7x7-rust-lambda-v0.1.0	-	qadv-arbiter-7x7-rust-lambda-v0.1.0	-	L	P	196
g1_3Nz0iQOIXkY1yiBRMS1DlDVRumlxO9oAtevanMomlDs	s1_tGpZ156dZBJaYqrmLrC494PKYTRmwMCImKRaRSem3L4	1unN4a	qadv-arbiter-7x7-rust-lambda-v0.1.0	-	qadv-arbiter-7x7-rust-lambda-v0.1.0	-	L	P	196
g1_3O1VI4Kngetvi9GVl4fcKo4cf1P-3IeF1iipljWQGSk	s1_1av6nXQkq-GSHXfjkVlGHGpAq8F9UbW4JwZmyFA-vww	1umvRA	python-gnn-puct-learner-v0.1.0	sha256:ab0f739cd33d66781faf60e27797c5ccba3c04ba684f8d9e32e9c2754f4e8956	python-gnn-puct-learner-v0.1.0	sha256:ab0f739cd33d66781faf60e27797c5ccba3c04ba684f8d9e32e9c2754f4e8956	-	M	196
g1_3O1VI4Kngetvi9GVl4fcKo4cf1P-3IeF1iipljWQGSk	s1_Brk0hkuJoH-MBjdd53AO5tlWcOgDWV_R0PO74fHGd_0	1umvRA	python-gnn-puct-learner-v0.1.0	sha256:ab0f739cd33d66781faf60e27797c5ccba3c04ba684f8d9e32e9c2754f4e8956	python-gnn-puct-learner-v0.1.0	sha256:ab0f739cd33d66781faf60e27797c5ccba3c04ba684f8d9e32e9c2754f4e8956	-	M	196
g1_3O1VI4Kngetvi9GVl4fcKo4cf1P-3IeF1iipljWQGSk	s1_QBFUsDtxokERlDOdQkleYbPvhJ-vIp2qmp6DXjS-7oM	1umvRA	python-gnn-puct-learner-v0.1.0	sha256:ab0f739cd33d66781faf60e27797c5ccba3c04ba684f8d9e32e9c2754f4e8956	python-gnn-puct-learner-v0.1.0	sha256:ab0f739cd33d66781faf60e27797c5ccba3c04ba684f8d9e32e9c2754f4e8956	-	M	196
g1_3O5fCfUALO_iXRojCe6Bh1QUK7c6K6JW9mbOEuMhC-I	s1_Qmoz3nLvbLcY_1rcqMtpMJDvTQydhL5cxUNWV6EhpMY	1umwy2	qadv-arbiter-7x7-v0.1.0	sha256:8c548d06307572603b839755cc1e50393285365e10f82bcd90290ca65cd86266	qadv-arbiter-7x7-v0.1.0	sha256:8c548d06307572603b839755cc1e50393285365e10f82bcd90290ca65cd86266	D	P	196
g1_3O8tjEREyOpNVJ2PZryb5JtovVw_RXv0FPpd673Vqp0	s1_JAfFU9_Veth8d44MeRKK1C3rMPtYAYGm-ZkpqIB9ozg	1unMWz	qadv-arbiter-7x7-rust-lambda-v0.1.0	-	qadv-arbiter-7x7-rust-lambda-v0.1.0	-	D	P	196
g1_3O8tjEREyOpNVJ2PZryb5JtovVw_RXv0FPpd673Vqp0	s1_RauLaTi4eVgYHSp2TV9pqs9uzTVv0B10g9TaHMWpcZ4	1unMWz	qadv-arbiter-7x7-rust-lambda-v0.1.0	-	qadv-arbiter-7x7-rust-lambda-v0.1.0	-	D	P	-
g1_3O8tjEREyOpNVJ2PZryb5JtovVw_RXv0FPpd673Vqp0	s1_dhl6huxJrCzlU7kDNdd0pzVbtIzvVhNRpb_3ITLWakI	1unMWz	qadv-arbiter-7x7-rust-lambda-v0.1.0	-	qadv-arbiter-7x7-rust-lambda-v0.1.0	-	D	P	196
g1_3O8tjEREyOpNVJ2PZryb5JtovVw_RXv0FPpd673Vqp0	s1_ofJpydD5BiRFwTrQM6VGH-nC9eD8iYlcwNvRBiMWAdQ	1unMWz	qadv-arbiter-7x7-rust-lambda-v0.1.0	-	qadv-arbiter-7x7-rust-lambda-v0.1.0	-	D	P	196
g1_3OHCSYrKx-6iq7EmjCpfOz3EDTLsO_7Br0l-d7R1zyc	s1_qtlitMa-GGx-0y2heoyNRonYXf1Dq5epTexnVe9Iqtw	1umxh2	python-gnn-puct-learner-v0.1.0	sha256:ab0f739cd33d66781faf60e27797c5ccba3c04ba684f8d9e32e9c2754f4e8956	python-gnn-puct-learner-v0.1.0	sha256:ab0f739cd33d66781faf60e27797c5ccba3c04ba684f8d9e32e9c2754f4e8956	L	P	196
g1_3OJUO92uUKqmy2yzvboK6e0Z21xXMXnW7VnPkOoYJoA	s1_O3cuwuia8XT9TI7Nxr3tRcajOA20XFHEIT2fYX3WizY	1un85U	qadv-arbiter-guided-7x7-v0.2.0	sha256:9c0e5e530df7db77a98f6a2e75fe63a6f629c6ad6563e0b5454793ebc243b14d	lunatic-v0.1.0	-	L	P	196
g1_3OJUO92uUKqmy2yzvboK6e0Z21xXMXnW7VnPkOoYJoA	s1_drwWHr88n5PHYXIJGnKpx-y8JqbXQRDIoBOZBq51V9A	1un85U	qadv-arbiter-guided-7x7-v0.2.0	sha256:9c0e5e530df7db77a98f6a2e75fe63a6f629c6ad6563e0b5454793ebc243b14d	lunatic-v0.1.0	-	L	P	196
g1_3OJUO92uUKqmy2yzvboK6e0Z21xXMXnW7VnPkOoYJoA	s1_uNE2RRSas7wVxrbKCpysvoEzwr-UauUp2QWOY6qQOQ8	1un85U	qadv-arbiter-guided-7x7-v0.2.0	sha256:9c0e5e530df7db77a98f6a2e75fe63a6f629c6ad6563e0b5454793ebc243b14d	lunatic-v0.1.0	-	L	P	196
g1_3ON26nSo-TgtBBOUMnA-vt3CZeb0-tkYLIYwrBPF8F0	s1_qlXOm8swsynIEOuo0C8MKi1O2GiIqKv6v_pvifGVbi8	1umvgU	qadv-arbiter-7x7-v0.1.0	sha256:106ae7f87d4ce4933eb8386d07577fd3b4a13cfdebd0ea547d668783d9b6e6f2	coin-flip-v0.0.1	-	L	P	196
g1_3OPCOF07KZiymCMMRSacmv5sGZRw0Izsm1aPwyuV3F0	s1_O3cuwuia8XT9TI7Nxr3tRcajOA20XFHEIT2fYX3WizY	1un85A	qadv-arbiter-guided-7x7-v0.2.0	sha256:9c0e5e530df7db77a98f6a2e75fe63a6f629c6ad6563e0b5454793ebc243b14d	lunatic-v0.1.0	-	L	P	196
g1_3OPCOF07KZiymCMMRSacmv5sGZRw0Izsm1aPwyuV3F0	s1_drwWHr88n5PHYXIJGnKpx-y8JqbXQRDIoBOZBq51V9A	1un85A	qadv-arbiter-guided-7x7-v0.2.0	sha256:9c0e5e530df7db77a98f6a2e75fe63a6f629c6ad6563e0b5454793ebc243b14d	lunatic-v0.1.0	-	L	P	196
g1_3OPCOF07KZiymCMMRSacmv5sGZRw0Izsm1aPwyuV3F0	s1_uNE2RRSas7wVxrbKCpysvoEzwr-UauUp2QWOY6qQOQ8	1un85A	qadv-arbiter-guided-7x7-v0.2.0	sha256:9c0e5e530df7db77a98f6a2e75fe63a6f629c6ad6563e0b5454793ebc243b14d	lunatic-v0.1.0	-	L	P	196
g1_3OYa1HJu4C0GHUwAcf_kcO8CdNHV8fgRbLG5PnwjGJI	s1_1av6nXQkq-GSHXfjkVlGHGpAq8F9UbW4JwZmyFA-vww	1umvW7	python-gnn-puct-learner-v0.1.0	sha256:ab0f739cd33d66781faf60e27797c5ccba3c04ba684f8d9e32e9c2754f4e8956	python-gnn-puct-learner-v0.1.0	sha256:ab0f739cd33d66781faf60e27797c5ccba3c04ba684f8d9e32e9c2754f4e8956	-	M	196
g1_3OYa1HJu4C0GHUwAcf_kcO8CdNHV8fgRbLG5PnwjGJI	s1_QBFUsDtxokERlDOdQkleYbPvhJ-vIp2qmp6DXjS-7oM	1umvW7	python-gnn-puct-learner-v0.1.0	sha256:ab0f739cd33d66781faf60e27797c5ccba3c04ba684f8d9e32e9c2754f4e8956	python-gnn-puct-learner-v0.1.0	sha256:ab0f739cd33d66781faf60e27797c5ccba3c04ba684f8d9e32e9c2754f4e8956	-	M	196
g1_3OYa1HJu4C0GHUwAcf_kcO8CdNHV8fgRbLG5PnwjGJI	s1_mWPTef6xYbijjPhDIC6QgLRmu2mMSJAokNlIkx3vg54	1umvW7	python-gnn-puct-learner-v0.1.0	sha256:ab0f739cd33d66781faf60e27797c5ccba3c04ba684f8d9e32e9c2754f4e8956	python-gnn-puct-learner-v0.1.0	sha256:ab0f739cd33d66781faf60e27797c5ccba3c04ba684f8d9e32e9c2754f4e8956	-	M	196
g1_3O_YBfYxZ5whR9F5wsyN2twKgdSCoBNiqjBsWOuMBn8	s1_4h1OPx0QipNznScuFveXNUZFZF8DolEn1AOU5G2MjGU	1unOg2	qadv-arbiter-7x7-rust-lambda-v0.1.0	-	qadv-arbiter-7x7-rust-lambda-v0.1.0	-	L	P	196
g1_3O_YBfYxZ5whR9F5wsyN2twKgdSCoBNiqjBsWOuMBn8	s1_RauLaTi4eVgYHSp2TV9pqs9uzTVv0B10g9TaHMWpcZ4	1unOg2	qadv-arbiter-7x7-rust-lambda-v0.1.0	-	qadv-arbiter-7x7-rust-lambda-v0.1.0	-	L	P	-
g1_3O_YBfYxZ5whR9F5wsyN2twKgdSCoBNiqjBsWOuMBn8	s1_eIcmcpvbiLM_vLJ1zT_itUDhwHOJK6dWq2gDzokwb2A	1unOg2	qadv-arbiter-7x7-rust-lambda-v0.1.0	-	qadv-arbiter-7x7-rust-lambda-v0.1.0	-	L	P	196
g1_3O_YBfYxZ5whR9F5wsyN2twKgdSCoBNiqjBsWOuMBn8	s1_zxvav78DpIcpQBVV9Z5uh1V0kvQJ_5oeMyDyRvldAMo	1unOg2	qadv-arbiter-7x7-rust-lambda-v0.1.0	-	qadv-arbiter-7x7-rust-lambda-v0.1.0	-	L	P	196
g1_3Oa_GcmZfOXIBIlrNlrhUo7SkaZh5IGzc9sSDRYGGCc	s1_6PxtazPxkizz7K9QTWPSCIopEV5n0zpHoq3F52yO_6U	1umwh7	python-cnn-puct-v0.1.0	sha256:7845e9b7687beee165dc36b8d21833b7a8b5a83e31b58b49bd05c277ba26e642	python-cnn-puct-v0.1.0	sha256:7845e9b7687beee165dc36b8d21833b7a8b5a83e31b58b49bd05c277ba26e642	D	P	196
g1_3Oa_GcmZfOXIBIlrNlrhUo7SkaZh5IGzc9sSDRYGGCc	s1_baRgKA_wMXdl0r4AwdkUfhWC04qxd1MvEGXAQaDd4fo	1umwh7	python-cnn-puct-v0.1.0	sha256:7845e9b7687beee165dc36b8d21833b7a8b5a83e31b58b49bd05c277ba26e642	python-cnn-puct-v0.1.0	sha256:7845e9b7687beee165dc36b8d21833b7a8b5a83e31b58b49bd05c277ba26e642	D	P	196
g1_3Odnu5-isH6Y2rlfRUIzVCXwzsvSrD1Pr3KskTcK_6M	s1_-OKlJXuPFfAnukwGYITjiU7XKL4OC_qt76PC0TZSPjg	1umvYv	python-cnn-puct-v0.1.0	sha256:7845e9b7687beee165dc36b8d21833b7a8b5a83e31b58b49bd05c277ba26e642	python-cnn-puct-v0.1.0	sha256:7845e9b7687beee165dc36b8d21833b7a8b5a83e31b58b49bd05c277ba26e642	L	P	196
g1_3Odnu5-isH6Y2rlfRUIzVCXwzsvSrD1Pr3KskTcK_6M	s1_1av6nXQkq-GSHXfjkVlGHGpAq8F9UbW4JwZmyFA-vww	1umvYv	python-cnn-puct-v0.1.0	sha256:7845e9b7687beee165dc36b8d21833b7a8b5a83e31b58b49bd05c277ba26e642	python-cnn-puct-v0.1.0	sha256:7845e9b7687beee165dc36b8d21833b7a8b5a83e31b58b49bd05c277ba26e642	L	P	196
g1_3Odnu5-isH6Y2rlfRUIzVCXwzsvSrD1Pr3KskTcK_6M	s1_Brk0hkuJoH-MBjdd53AO5tlWcOgDWV_R0PO74fHGd_0	1umvYv	python-cnn-puct-v0.1.0	sha256:7845e9b7687beee165dc36b8d21833b7a8b5a83e31b58b49bd05c277ba26e642	python-cnn-puct-v0.1.0	sha256:7845e9b7687beee165dc36b8d21833b7a8b5a83e31b58b49bd05c277ba26e642	L	P	196
g1_3OoEBJ4xE4ULY3J48YJvT1VqN9lU8YyP42oV4LFny64	s1_6PxtazPxkizz7K9QTWPSCIopEV5n0zpHoq3F52yO_6U	1umwt2	python-cnn-puct-v0.1.0	sha256:7845e9b7687beee165dc36b8d21833b7a8b5a83e31b58b49bd05c277ba26e642	python-cnn-puct-v0.1.0	sha256:7845e9b7687beee165dc36b8d21833b7a8b5a83e31b58b49bd05c277ba26e642	D	P	196
g1_3OoEBJ4xE4ULY3J48YJvT1VqN9lU8YyP42oV4LFny64	s1_baRgKA_wMXdl0r4AwdkUfhWC04qxd1MvEGXAQaDd4fo	1umwt2	python-cnn-puct-v0.1.0	sha256:7845e9b7687beee165dc36b8d21833b7a8b5a83e31b58b49bd05c277ba26e642	python-cnn-puct-v0.1.0	sha256:7845e9b7687beee165dc36b8d21833b7a8b5a83e31b58b49bd05c277ba26e642	D	P	196
g1_3Ouf9nhYl-4cLBJa69Nwui_BrgJ5lVPJRpRXILJSRo4	s1_6IpHiQoojSaGEm72xnnLjomEbV5SyoxnlIlHUtD3rps	1unOBv	qadv-arbiter-7x7-rust-lambda-v0.1.0	-	qadv-arbiter-7x7-rust-lambda-v0.1.0	-	D	P	196
g1_3Ouf9nhYl-4cLBJa69Nwui_BrgJ5lVPJRpRXILJSRo4	s1_LohR7MRAxg7jN1xcxA4TK9MkeEY734ArEVTaZmT-m2k	1unOBv	qadv-arbiter-7x7-rust-lambda-v0.1.0	-	qadv-arbiter-7x7-rust-lambda-v0.1.0	-	D	P	196
g1_3Ouf9nhYl-4cLBJa69Nwui_BrgJ5lVPJRpRXILJSRo4	s1_RauLaTi4eVgYHSp2TV9pqs9uzTVv0B10g9TaHMWpcZ4	1unOBv	qadv-arbiter-7x7-rust-lambda-v0.1.0	-	qadv-arbiter-7x7-rust-lambda-v0.1.0	-	D	P	-
g1_3Ouf9nhYl-4cLBJa69Nwui_BrgJ5lVPJRpRXILJSRo4	s1__qhPWsvkkywjII3QFLTMFLz6NH9dOqpIeKsu3nT409U	1unOBv	qadv-arbiter-7x7-rust-lambda-v0.1.0	-	qadv-arbiter-7x7-rust-lambda-v0.1.0	-	D	P	196
g1_3OwgRttCyCpMdj0zY79gZODBCr_NytXDP-9AkXhYdv4	s1_1LB6NAgPOeCp4r8rQw4kUOIXWpEdWysFm5RZjWCQSgc	1umwRh	python-gnn-puct-learner-v0.1.0	sha256:ab0f739cd33d66781faf60e27797c5ccba3c04ba684f8d9e32e9c2754f4e8956	python-gnn-puct-learner-v0.1.0	sha256:ab0f739cd33d66781faf60e27797c5ccba3c04ba684f8d9e32e9c2754f4e8956	L	P	196
g1_3OwgRttCyCpMdj0zY79gZODBCr_NytXDP-9AkXhYdv4	s1_P4NHYhwuVnEA-dG2X-UVeVotb84A5mwljbYTlTMqr8w	1umwRh	python-gnn-puct-learner-v0.1.0	sha256:ab0f739cd33d66781faf60e27797c5ccba3c04ba684f8d9e32e9c2754f4e8956	python-gnn-puct-learner-v0.1.0	sha256:ab0f739cd33d66781faf60e27797c5ccba3c04ba684f8d9e32e9c2754f4e8956	L	P	196
g1_3P5Rp5O91eTMDFFZdFAcpCDN0jfHrpjV0xP33ja8CLI	s1_2FtaP75xgRVTNrUvmC0NIesJCNy8IDFJ05WNM4nUnpg	1unQ_3	lunatic-v0.1.0	-	qadv-arbiter-7x7-v0.1.0	-	L	P	196
g1_3P5Rp5O91eTMDFFZdFAcpCDN0jfHrpjV0xP33ja8CLI	s1_81jnOPG0KC6WWl88_LfugVl-IsJ52eOaMQkHQwGq_MA	1unQ_3	lunatic-v0.1.0	-	qadv-arbiter-7x7-v0.1.0	-	L	P	196
g1_3P5Rp5O91eTMDFFZdFAcpCDN0jfHrpjV0xP33ja8CLI	s1_RauLaTi4eVgYHSp2TV9pqs9uzTVv0B10g9TaHMWpcZ4	1unQ_3	lunatic-v0.1.0	-	qadv-arbiter-7x7-v0.1.0	-	L	P	-
g1_3P5Rp5O91eTMDFFZdFAcpCDN0jfHrpjV0xP33ja8CLI	s1_Wn_lry8NQTNA-Endp0Z6_oubf2xl89zc4lQrmG-DPTk	1unQ_3	lunatic-v0.1.0	-	qadv-arbiter-7x7-v0.1.0	-	L	P	196
g1_3PCbw-fWXLplxm2H1Uh7DqKCNPJqq_Trs-mxhs4R2a8	s1_Kwdls4LV9ADSKVqtKEcT781NdQ-I3ORRy1hikMJoFcs	1unNh-	qadv-arbiter-7x7-rust-lambda-v0.1.0	-	qadv-arbiter-7x7-rust-lambda-v0.1.0	-	D	P	196
g1_3PCbw-fWXLplxm2H1Uh7DqKCNPJqq_Trs-mxhs4R2a8	s1_RauLaTi4eVgYHSp2TV9pqs9uzTVv0B10g9TaHMWpcZ4	1unNh-	qadv-arbiter-7x7-rust-lambda-v0.1.0	-	qadv-arbiter-7x7-rust-lambda-v0.1.0	-	D	P	-
g1_3PCbw-fWXLplxm2H1Uh7DqKCNPJqq_Trs-mxhs4R2a8	s1_Vl2UWZAyqzi884LDfvlnPj8E139xFxwk_r1qFmszHTM	1unNh-	qadv-arbiter-7x7-rust-lambda-v0.1.0	-	qadv-arbiter-7x7-rust-lambda-v0.1.0	-	D	P	196
g1_3PCbw-fWXLplxm2H1Uh7DqKCNPJqq_Trs-mxhs4R2a8	s1_gZq84s3OmLsmfCWX9ZVmvTZLuNviwQQadgiF7g5ndd8	1unNh-	qadv-arbiter-7x7-rust-lambda-v0.1.0	-	qadv-arbiter-7x7-rust-lambda-v0.1.0	-	D	P	196
g1_3PFj0wCRdr_yrzFZj8mtbd0C4GtjAalmgUjZtOTNsIA	s1__rRTA-AaFjjKnl4BH3_qAjg6NMkVNNSX6GZZvAuolCw	1umwM5	rust-pathfinder-v0.3.0	-	rust-pathfinder-onnx-sorter-v0.1.0	-	L	P	120
g1_3PLFsjtSQkiDotEy3-QYUATXs3I0Yjz8RNYnp43b6No	s1_BMsj1CYfE0mKKIfJv7ZDzGiFg-BFcOKVtnGnjOHgDEA	1unOlh	qadv-arbiter-7x7-rust-lambda-v0.1.0	-	qadv-arbiter-7x7-rust-lambda-v0.1.0	-	L	P	196
g1_3PLFsjtSQkiDotEy3-QYUATXs3I0Yjz8RNYnp43b6No	s1_P_m17e0Vy9YZqw3QEA4GGxthHz4cwD5o3fUkvh6bqro	1unOlh	qadv-arbiter-7x7-rust-lambda-v0.1.0	-	qadv-arbiter-7x7-rust-lambda-v0.1.0	-	L	P	196
g1_3PLFsjtSQkiDotEy3-QYUATXs3I0Yjz8RNYnp43b6No	s1_RauLaTi4eVgYHSp2TV9pqs9uzTVv0B10g9TaHMWpcZ4	1unOlh	qadv-arbiter-7x7-rust-lambda-v0.1.0	-	qadv-arbiter-7x7-rust-lambda-v0.1.0	-	L	P	-
g1_3PLFsjtSQkiDotEy3-QYUATXs3I0Yjz8RNYnp43b6No	s1_msyp5fmIsqNW39bl4IKjqwEw12aIMHJs_U1heio4BPw	1unOlh	qadv-arbiter-7x7-rust-lambda-v0.1.0	-	qadv-arbiter-7x7-rust-lambda-v0.1.0	-	L	P	196
g1_3PZxXjCZnSaarwg3RdULBLNPiKABld2vkyiaExlxU3w	s1_JXxp3KMTa4BbgQgA_zmuPU_gFVjF4v0cE6ASV0_hT_E	1unLz1	qadv-arbiter-7x7-rust-lambda-v0.1.0	-	qadv-arbiter-7x7-rust-lambda-v0.1.0	-	D	P	196
g1_3PZxXjCZnSaarwg3RdULBLNPiKABld2vkyiaExlxU3w	s1_RauLaTi4eVgYHSp2TV9pqs9uzTVv0B10g9TaHMWpcZ4	1unLz1	qadv-arbiter-7x7-rust-lambda-v0.1.0	-	qadv-arbiter-7x7-rust-lambda-v0.1.0	-	D	P	-
g1_3PZxXjCZnSaarwg3RdULBLNPiKABld2vkyiaExlxU3w	s1_XI29uzh3RKXuGbLtqmCqcFQ245w5j1jzW4C9rmtgEd4	1unLz1	qadv-arbiter-7x7-rust-lambda-v0.1.0	-	qadv-arbiter-7x7-rust-lambda-v0.1.0	-	D	P	196
g1_3PZxXjCZnSaarwg3RdULBLNPiKABld2vkyiaExlxU3w	s1_woHIlHxydWalTRiRF4mG3pGFTTmuQHHflPdAlIpsiQ0	1unLz1	qadv-arbiter-7x7-rust-lambda-v0.1.0	-	qadv-arbiter-7x7-rust-lambda-v0.1.0	-	D	P	196
g1_3PaqXA8riYX3SgyAtQ8D_cd65De8saF94M5Ag--ozMQ	s1_1av6nXQkq-GSHXfjkVlGHGpAq8F9UbW4JwZmyFA-vww	1DIVS	python-gnn-puct-v0.1.0	sha256:6f9ad6e4a0993da3cf34a8549e86f9b5d512c51e11bfa76dfe051e7a8801bdac	python-gnn-puct-v0.1.0	sha256:6f9ad6e4a0993da3cf34a8549e86f9b5d512c51e11bfa76dfe051e7a8801bdac	D	P	196
g1_3PaqXA8riYX3SgyAtQ8D_cd65De8saF94M5Ag--ozMQ	s1_Brk0hkuJoH-MBjdd53AO5tlWcOgDWV_R0PO74fHGd_0	1DIVS	python-gnn-puct-v0.1.0	sha256:6f9ad6e4a0993da3cf34a8549e86f9b5d512c51e11bfa76dfe051e7a8801bdac	python-gnn-puct-v0.1.0	sha256:6f9ad6e4a0993da3cf34a8549e86f9b5d512c51e11bfa76dfe051e7a8801bdac	D	P	196
g1_3PaqXA8riYX3SgyAtQ8D_cd65De8saF94M5Ag--ozMQ	s1_KmF8KhDbubz6lwdS8R_n_yTGdSONmH9B1wUABbyCj94	1DIVS	python-gnn-puct-v0.1.0	sha256:6f9ad6e4a0993da3cf34a8549e86f9b5d512c51e11bfa76dfe051e7a8801bdac	python-gnn-puct-v0.1.0	sha256:6f9ad6e4a0993da3cf34a8549e86f9b5d512c51e11bfa76dfe051e7a8801bdac	D	P	196
g1_3PaqXA8riYX3SgyAtQ8D_cd65De8saF94M5Ag--ozMQ	s1_g5pGkHBMEhzAYvwFY0b24sSc7wC9JfnWApMHHZ_aMPI	1DIVS	python-gnn-puct-v0.1.0	sha256:6f9ad6e4a0993da3cf34a8549e86f9b5d512c51e11bfa76dfe051e7a8801bdac	python-gnn-puct-v0.1.0	sha256:6f9ad6e4a0993da3cf34a8549e86f9b5d512c51e11bfa76dfe051e7a8801bdac	D	P	196
g1_3PaqXA8riYX3SgyAtQ8D_cd65De8saF94M5Ag--ozMQ	s1_tol_POp6BcgBLMWq8iDfRBQSAXpESHxFwmcCQYXv0yQ	1DIVS	python-gnn-puct-v0.1.0	sha256:6f9ad6e4a0993da3cf34a8549e86f9b5d512c51e11bfa76dfe051e7a8801bdac	python-gnn-puct-v0.1.0	sha256:6f9ad6e4a0993da3cf34a8549e86f9b5d512c51e11bfa76dfe051e7a8801bdac	D	P	196
g1_3PdthxktJiA4AbBW3h9ripHZQKdJZQrcRgfqkREFaqY	s1_5I0Pq1dulKDPnQD9lC8NbO3qT1zJZ_aiahktFBciu2E	1unMeE	qadv-arbiter-7x7-rust-lambda-v0.1.0	-	qadv-arbiter-7x7-rust-lambda-v0.1.0	-	L	P	196
g1_3PdthxktJiA4AbBW3h9ripHZQKdJZQrcRgfqkREFaqY	s1_BHPAa5drYrz4SHL7I05PCPum5GpaHjbepK-OmV14yy0	1unMeE	qadv-arbiter-7x7-rust-lambda-v0.1.0	-	qadv-arbiter-7x7-rust-lambda-v0.1.0	-	L	P	196
g1_3PdthxktJiA4AbBW3h9ripHZQKdJZQrcRgfqkREFaqY	s1_OqnlFi1LfIiMPkRbdawGfKJemmxX8rZ0NuzYrg7lsAU	1unMeE	qadv-arbiter-7x7-rust-lambda-v0.1.0	-	qadv-arbiter-7x7-rust-lambda-v0.1.0	-	L	P	196
g1_3PdthxktJiA4AbBW3h9ripHZQKdJZQrcRgfqkREFaqY	s1_RauLaTi4eVgYHSp2TV9pqs9uzTVv0B10g9TaHMWpcZ4	1unMeE	qadv-arbiter-7x7-rust-lambda-v0.1.0	-	qadv-arbiter-7x7-rust-lambda-v0.1.0	-	L	P	-
g1_3PgfNXKhzAL1ZLhzoJ_DQK7PkNqZEis2Qfwo8FsXJvU	s1_RauLaTi4eVgYHSp2TV9pqs9uzTVv0B10g9TaHMWpcZ4	1unO9N	qadv-arbiter-7x7-rust-lambda-v0.1.0	-	qadv-arbiter-7x7-rust-lambda-v0.1.0	-	L	P	-
g1_3PgfNXKhzAL1ZLhzoJ_DQK7PkNqZEis2Qfwo8FsXJvU	s1_YBuiU0rEMJDaAjhaFQpx3rFYoD_BKyW1GTPhB3kflO0	1unO9N	qadv-arbiter-7x7-rust-lambda-v0.1.0	-	qadv-arbiter-7x7-rust-lambda-v0.1.0	-	L	P	196
g1_3PgfNXKhzAL1ZLhzoJ_DQK7PkNqZEis2Qfwo8FsXJvU	s1_dySQgwCa8yAS0UtO7pREp4zI1EpwK6d_FdpYTc7-EhE	1unO9N	qadv-arbiter-7x7-rust-lambda-v0.1.0	-	qadv-arbiter-7x7-rust-lambda-v0.1.0	-	L	P	196
g1_3PgfNXKhzAL1ZLhzoJ_DQK7PkNqZEis2Qfwo8FsXJvU	s1_w0XH8mxUAtdfOTM8fuZDc0ffSFxxhk_tTWghyLP7Wck	1unO9N	qadv-arbiter-7x7-rust-lambda-v0.1.0	-	qadv-arbiter-7x7-rust-lambda-v0.1.0	-	L	P	196
g1_3QDy3h3smyFah3SqGchE3uG9Y7Ou6Tf5-NruaXljjMY	s1_4v6qiH391QT1kpsMi6Q9lxFDNjHn98CgRiB8TMao9y0	1unN4J	qadv-arbiter-7x7-rust-lambda-v0.1.0	-	qadv-arbiter-7x7-rust-lambda-v0.1.0	-	D	P	196
g1_3QDy3h3smyFah3SqGchE3uG9Y7Ou6Tf5-NruaXljjMY	s1_8_xrEFYC-TCZ-K8mVHo0AGl_o9YJ-PMwluU4VfJRoxc	1unN4J	qadv-arbiter-7x7-rust-lambda-v0.1.0	-	qadv-arbiter-7x7-rust-lambda-v0.1.0	-	D	P	196
g1_3QDy3h3smyFah3SqGchE3uG9Y7Ou6Tf5-NruaXljjMY	s1_RauLaTi4eVgYHSp2TV9pqs9uzTVv0B10g9TaHMWpcZ4	1unN4J	qadv-arbiter-7x7-rust-lambda-v0.1.0	-	qadv-arbiter-7x7-rust-lambda-v0.1.0	-	D	P	-
g1_3QDy3h3smyFah3SqGchE3uG9Y7Ou6Tf5-NruaXljjMY	s1_gPYcCzsRzA0PVXNFkmipkwxJ404MSisV9cMjXj5viWA	1unN4J	qadv-arbiter-7x7-rust-lambda-v0.1.0	-	qadv-arbiter-7x7-rust-lambda-v0.1.0	-	D	P	196
g1_3QEbfTlORbpX5XgWQjtKI8rXpc78VIt2R3iiW3eR64M	s1_BM7jB3gsEjU2Cx47JIGrIEjOg3exA2TlnPIeOQX5vCM	1DNgV	python-gnn-puct-v0.1.0	-	python-gnn-puct-v0.1.0	-	D	P	-
g1_3QFE8rsG6oxp2bY_T9KvmEBf4OUj9wM1b6o2LML1GSk	s1_RKdlmcvwVDQhjw7zaZS9BfZN1TrKMf-LHbY-tFPizec	1unN_l	qadv-arbiter-7x7-rust-lambda-v0.1.0	-	qadv-arbiter-7x7-rust-lambda-v0.1.0	-	D	P	196
g1_3QFE8rsG6oxp2bY_T9KvmEBf4OUj9wM1b6o2LML1GSk	s1_RauLaTi4eVgYHSp2TV9pqs9uzTVv0B10g9TaHMWpcZ4	1unN_l	qadv-arbiter-7x7-rust-lambda-v0.1.0	-	qadv-arbiter-7x7-rust-lambda-v0.1.0	-	D	P	-
g1_3QFE8rsG6oxp2bY_T9KvmEBf4OUj9wM1b6o2LML1GSk	s1_hVY1ajczkiyl3JBGEYhajU5YHSbRD_hPHyhl4pHn-NY	1unN_l	qadv-arbiter-7x7-rust-lambda-v0.1.0	-	qadv-arbiter-7x7-rust-lambda-v0.1.0	-	D	P	196
g1_3QFE8rsG6oxp2bY_T9KvmEBf4OUj9wM1b6o2LML1GSk	s1_yuzlj78perGIybI8dpmeEqmsZlC3dTHoe_L8A_-T6l8	1unN_l	qadv-arbiter-7x7-rust-lambda-v0.1.0	-	qadv-arbiter-7x7-rust-lambda-v0.1.0	-	D	P	196
g1_3QMrGdDB0vlvYlOeRpwlesKdB5u9uK5nxDf0LTIQiOE	s1_23fsCr_94duiTFVo9lgUY-rZpz-PD3D0L41-CEIn8n4	1unOdX	qadv-arbiter-7x7-rust-lambda-v0.1.0	-	qadv-arbiter-7x7-rust-lambda-v0.1.0	-	L	P	196
g1_3QMrGdDB0vlvYlOeRpwlesKdB5u9uK5nxDf0LTIQiOE	s1_LqCkd2nTYb9GoJtqeUMRLYD7GYZkbFMs5b3QmbwHceM	1unOdX	qadv-arbiter-7x7-rust-lambda-v0.1.0	-	qadv-arbiter-7x7-rust-lambda-v0.1.0	-	L	P	196
g1_3QMrGdDB0vlvYlOeRpwlesKdB5u9uK5nxDf0LTIQiOE	s1_RauLaTi4eVgYHSp2TV9pqs9uzTVv0B10g9TaHMWpcZ4	1unOdX	qadv-arbiter-7x7-rust-lambda-v0.1.0	-	qadv-arbiter-7x7-rust-lambda-v0.1.0	-	L	P	-
g1_3QMrGdDB0vlvYlOeRpwlesKdB5u9uK5nxDf0LTIQiOE	s1_fMv-0TW_g5l1ZJGuG-CRwVSwHMzSYyIHZDiJjv5BTBk	1unOdX	qadv-arbiter-7x7-rust-lambda-v0.1.0	-	qadv-arbiter-7x7-rust-lambda-v0.1.0	-	L	P	196
g1_3QSmqAwte5VHdzpvDAOCgjFuTw5PSjrhUsZVXwN0UhE	s1_-H4aznHqoPjeA8cXw2ks9cy1RK6l7_6Ti-3hGWiZLi0	1unM7K	qadv-arbiter-7x7-rust-lambda-v0.1.0	-	qadv-arbiter-7x7-rust-lambda-v0.1.0	-	L	P	196
g1_3QSmqAwte5VHdzpvDAOCgjFuTw5PSjrhUsZVXwN0UhE	s1_H2pjnBtvL-_DH8G1usU5VQbKx6Gxwti5-RVR156V3qQ	1unM7K	qadv-arbiter-7x7-rust-lambda-v0.1.0	-	qadv-arbiter-7x7-rust-lambda-v0.1.0	-	L	P	196
g1_3QSmqAwte5VHdzpvDAOCgjFuTw5PSjrhUsZVXwN0UhE	s1_RauLaTi4eVgYHSp2TV9pqs9uzTVv0B10g9TaHMWpcZ4	1unM7K	qadv-arbiter-7x7-rust-lambda-v0.1.0	-	qadv-arbiter-7x7-rust-lambda-v0.1.0	-	L	P	-
g1_3QSmqAwte5VHdzpvDAOCgjFuTw5PSjrhUsZVXwN0UhE	s1_kvznn5UN3RhOYNpYOEhCU_Q5-F9WzAH69vIirGE2gqc	1unM7K	qadv-arbiter-7x7-rust-lambda-v0.1.0	-	qadv-arbiter-7x7-rust-lambda-v0.1.0	-	L	P	196
g1_3QXrJIRljSVN55jgqQ3P0rTDwz3EQPEqk2a5lGWAK5Q	s1_1av6nXQkq-GSHXfjkVlGHGpAq8F9UbW4JwZmyFA-vww	1umvNc	python-gnn-puct-learner-v0.1.0	sha256:ab0f739cd33d66781faf60e27797c5ccba3c04ba684f8d9e32e9c2754f4e8956	python-gnn-puct-learner-v0.1.0	sha256:ab0f739cd33d66781faf60e27797c5ccba3c04ba684f8d9e32e9c2754f4e8956	-	M	196
g1_3QXrJIRljSVN55jgqQ3P0rTDwz3EQPEqk2a5lGWAK5Q	s1_Brk0hkuJoH-MBjdd53AO5tlWcOgDWV_R0PO74fHGd_0	1umvNc	python-gnn-puct-learner-v0.1.0	sha256:ab0f739cd33d66781faf60e27797c5ccba3c04ba684f8d9e32e9c2754f4e8956	python-gnn-puct-learner-v0.1.0	sha256:ab0f739cd33d66781faf60e27797c5ccba3c04ba684f8d9e32e9c2754f4e8956	-	M	196
g1_3QXrJIRljSVN55jgqQ3P0rTDwz3EQPEqk2a5lGWAK5Q	s1_QBFUsDtxokERlDOdQkleYbPvhJ-vIp2qmp6DXjS-7oM	1umvNc	python-gnn-puct-learner-v0.1.0	sha256:ab0f739cd33d66781faf60e27797c5ccba3c04ba684f8d9e32e9c2754f4e8956	python-gnn-puct-learner-v0.1.0	sha256:ab0f739cd33d66781faf60e27797c5ccba3c04ba684f8d9e32e9c2754f4e8956	-	M	196
g1_3Qfg0tdvIay7fPErF-Jd0Utj4jPcpywD161IA7Ny7FY	s1_324SXxB-K_YX5d71yAeMz39ZD5BMNwWoSuQi5Z-DYg8	1unLnH	qadv-arbiter-7x7-rust-lambda-v0.1.0	-	qadv-arbiter-7x7-rust-lambda-v0.1.0	-	L	P	196
g1_3Qfg0tdvIay7fPErF-Jd0Utj4jPcpywD161IA7Ny7FY	s1_FJa8SuOMsyQ7bVuVAJLPTvgR7cFJmyB6HjVNarIV1u4	1unLnH	qadv-arbiter-7x7-rust-lambda-v0.1.0	-	qadv-arbiter-7x7-rust-lambda-v0.1.0	-	L	P	196
g1_3Qfg0tdvIay7fPErF-Jd0Utj4jPcpywD161IA7Ny7FY	s1_RauLaTi4eVgYHSp2TV9pqs9uzTVv0B10g9TaHMWpcZ4	1unLnH	qadv-arbiter-7x7-rust-lambda-v0.1.0	-	qadv-arbiter-7x7-rust-lambda-v0.1.0	-	L	P	-
g1_3Qfg0tdvIay7fPErF-Jd0Utj4jPcpywD161IA7Ny7FY	s1_gePUG5UVTCQ-MmQTc1P0By_w3q-P6elAgyv3wleRMF0	1unLnH	qadv-arbiter-7x7-rust-lambda-v0.1.0	-	qadv-arbiter-7x7-rust-lambda-v0.1.0	-	L	P	196
g1_3Qh3e51Fbr8QqNweIBXqfu3dIn1jW6KL1SbMFL_pl08	s1_7FIu85-v_e-kbNsQ2UNk3yRt-KGcLyUjpmVwIc9cnfM	1umwBS	python-gnn-puct-scout-v0.1.0	sha256:b9f80706cc1f29076ee06fe06483697c749148a808c599579045d00a52573938	python-gnn-puct-scout-v0.1.0	sha256:b9f80706cc1f29076ee06fe06483697c749148a808c599579045d00a52573938	D	P	196
g1_3Qh3e51Fbr8QqNweIBXqfu3dIn1jW6KL1SbMFL_pl08	s1_S8AGNBNcWBvWiwIo-AOAHPoHuZo2XvcsYvhgQxGTkrY	1umwBS	python-gnn-puct-scout-v0.1.0	sha256:b9f80706cc1f29076ee06fe06483697c749148a808c599579045d00a52573938	python-gnn-puct-scout-v0.1.0	sha256:b9f80706cc1f29076ee06fe06483697c749148a808c599579045d00a52573938	D	P	196
g1_3QhTpn8rzGTg7jP3yBeZ3DHu8josYg2A6bcZKgJEYL4	s1_RauLaTi4eVgYHSp2TV9pqs9uzTVv0B10g9TaHMWpcZ4	1unOy1	qadv-arbiter-7x7-rust-lambda-v0.1.0	-	qadv-arbiter-7x7-rust-lambda-v0.1.0	-	D	P	-
g1_3QhTpn8rzGTg7jP3yBeZ3DHu8josYg2A6bcZKgJEYL4	s1_ei6TwLLJ0ThjBeqX8HUtZ7hhO6cqKQ9OfgQJvc4m2nE	1unOy1	qadv-arbiter-7x7-rust-lambda-v0.1.0	-	qadv-arbiter-7x7-rust-lambda-v0.1.0	-	D	P	196
g1_3QhTpn8rzGTg7jP3yBeZ3DHu8josYg2A6bcZKgJEYL4	s1_ezw-HLGz9HG6Rg-u9KJuk-assXo1Whqhlxh7MJ0jf_8	1unOy1	qadv-arbiter-7x7-rust-lambda-v0.1.0	-	qadv-arbiter-7x7-rust-lambda-v0.1.0	-	D	P	196
g1_3QhTpn8rzGTg7jP3yBeZ3DHu8josYg2A6bcZKgJEYL4	s1_iDmTCMOl7Di83z1rV5p4XGEoCj1MEdo563uhMdhEhOU	1unOy1	qadv-arbiter-7x7-rust-lambda-v0.1.0	-	qadv-arbiter-7x7-rust-lambda-v0.1.0	-	D	P	196
g1_3QnKQVSiZ5Tap_xPgith0rSr3o6og4ep27NALlfsZ9s	s1_1av6nXQkq-GSHXfjkVlGHGpAq8F9UbW4JwZmyFA-vww	1umvRT	python-gnn-puct-learner-v0.1.0	sha256:ab0f739cd33d66781faf60e27797c5ccba3c04ba684f8d9e32e9c2754f4e8956	python-gnn-puct-learner-v0.1.0	sha256:ab0f739cd33d66781faf60e27797c5ccba3c04ba684f8d9e32e9c2754f4e8956	D	P	196
g1_3QnKQVSiZ5Tap_xPgith0rSr3o6og4ep27NALlfsZ9s	s1_Brk0hkuJoH-MBjdd53AO5tlWcOgDWV_R0PO74fHGd_0	1umvRT	python-gnn-puct-learner-v0.1.0	sha256:ab0f739cd33d66781faf60e27797c5ccba3c04ba684f8d9e32e9c2754f4e8956	python-gnn-puct-learner-v0.1.0	sha256:ab0f739cd33d66781faf60e27797c5ccba3c04ba684f8d9e32e9c2754f4e8956	D	P	196
g1_3QnKQVSiZ5Tap_xPgith0rSr3o6og4ep27NALlfsZ9s	s1_QBFUsDtxokERlDOdQkleYbPvhJ-vIp2qmp6DXjS-7oM	1umvRT	python-gnn-puct-learner-v0.1.0	sha256:ab0f739cd33d66781faf60e27797c5ccba3c04ba684f8d9e32e9c2754f4e8956	python-gnn-puct-learner-v0.1.0	sha256:ab0f739cd33d66781faf60e27797c5ccba3c04ba684f8d9e32e9c2754f4e8956	D	P	196
g1_3QpYz5X2dA2KCBVdO9YBVG3ZmSd8HitH91bDhzj9B9A	s1_3pkz1uFZTJjkXYY0GLq9BZ5r18qzv6E_OivBABW48U4	1unOcU	qadv-arbiter-7x7-rust-lambda-v0.1.0	-	qadv-arbiter-7x7-rust-lambda-v0.1.0	-	D	P	196
g1_3QpYz5X2dA2KCBVdO9YBVG3ZmSd8HitH91bDhzj9B9A	s1_RauLaTi4eVgYHSp2TV9pqs9uzTVv0B10g9TaHMWpcZ4	1unOcU	qadv-arbiter-7x7-rust-lambda-v0.1.0	-	qadv-arbiter-7x7-rust-lambda-v0.1.0	-	D	P	-
g1_3QpYz5X2dA2KCBVdO9YBVG3ZmSd8HitH91bDhzj9B9A	s1_Z4UANYXbZteZ4hcfXnQcndnu8GcEaez98WFedHUePDY	1unOcU	qadv-arbiter-7x7-rust-lambda-v0.1.0	-	qadv-arbiter-7x7-rust-lambda-v0.1.0	-	D	P	196
g1_3QpYz5X2dA2KCBVdO9YBVG3ZmSd8HitH91bDhzj9B9A	s1_cC6jpB4lE9k0CoCxMNbWM9xic2tQltweSRu22ezro1o	1unOcU	qadv-arbiter-7x7-rust-lambda-v0.1.0	-	qadv-arbiter-7x7-rust-lambda-v0.1.0	-	D	P	196
g1_3R2ED13RaZrsRwqbNtZBFTmtpUl2XM2xGkOJE-9dLaE	s1_A3WRgc77nXGY06GZZCaxChTwkhsFw4E22IhXhyUWORk	1un2DG	qadv-arbiter-guided-7x7-v0.2.0	sha256:9c0e5e530df7db77a98f6a2e75fe63a6f629c6ad6563e0b5454793ebc243b14d	pathfinder-v0.3.0	-	L	P	196
g1_3R2ED13RaZrsRwqbNtZBFTmtpUl2XM2xGkOJE-9dLaE	s1_AVWbbpHatcuyR7qRBKD4_DqiWb2S23VbSgGxB1zZzwU	1un4A2	qadv-arbiter-guided-7x7-v0.2.0	sha256:9c0e5e530df7db77a98f6a2e75fe63a6f629c6ad6563e0b5454793ebc243b14d	pathfinder-v0.3.0	-	L	P	196
g1_3R2ED13RaZrsRwqbNtZBFTmtpUl2XM2xGkOJE-9dLaE	s1_O3cuwuia8XT9TI7Nxr3tRcajOA20XFHEIT2fYX3WizY	1un2DG	qadv-arbiter-guided-7x7-v0.2.0	sha256:9c0e5e530df7db77a98f6a2e75fe63a6f629c6ad6563e0b5454793ebc243b14d	pathfinder-v0.3.0	-	L	P	196
g1_3R2ED13RaZrsRwqbNtZBFTmtpUl2XM2xGkOJE-9dLaE	s1_O4SvAs0bh9GZ516WNj6_O9F4oJqxR87mEnMYPcUrhuk	1un2DG	qadv-arbiter-guided-7x7-v0.2.0	sha256:9c0e5e530df7db77a98f6a2e75fe63a6f629c6ad6563e0b5454793ebc243b14d	pathfinder-v0.3.0	-	L	P	196
g1_3R2ED13RaZrsRwqbNtZBFTmtpUl2XM2xGkOJE-9dLaE	s1_bu4yUwwDMqKDhLXEtnBsv1ZAJagIFi7EKmSaiui1_WE	1un4A2	qadv-arbiter-guided-7x7-v0.2.0	sha256:9c0e5e530df7db77a98f6a2e75fe63a6f629c6ad6563e0b5454793ebc243b14d	pathfinder-v0.3.0	-	L	P	196
g1_3R2ED13RaZrsRwqbNtZBFTmtpUl2XM2xGkOJE-9dLaE	s1_k3puRqE8NWPGwCDwvbob-P5fduhbfDZ6XxhZ6wUA4ks	1un2ya	qadv-arbiter-guided-7x7-v0.2.0	sha256:9c0e5e530df7db77a98f6a2e75fe63a6f629c6ad6563e0b5454793ebc243b14d	pathfinder-v0.3.0	-	L	P	196
g1_3R2ED13RaZrsRwqbNtZBFTmtpUl2XM2xGkOJE-9dLaE	s1_mcsGXC-XA63nqAx5kv-Q-y_EhXTqBFQ1AHeiXTSbYQk	1un2ya	qadv-arbiter-guided-7x7-v0.2.0	sha256:9c0e5e530df7db77a98f6a2e75fe63a6f629c6ad6563e0b5454793ebc243b14d	pathfinder-v0.3.0	-	L	P	196
g1_3R2ED13RaZrsRwqbNtZBFTmtpUl2XM2xGkOJE-9dLaE	s1_mlXHsG8-xxT7rKwSZelP6NHm5eYy3YD5j4SydA37pgE	1un4A2	qadv-arbiter-guided-7x7-v0.2.0	sha256:9c0e5e530df7db77a98f6a2e75fe63a6f629c6ad6563e0b5454793ebc243b14d	pathfinder-v0.3.0	-	L	P	196
g1_3RALcIKKs8cEevSgaHAwbVo0fc7J4lXezzqdGPjAXsQ	s1_eE7FeI1qlfOrCQsn1JrF7oo07iZaw5i1Yf9sBf1auEM	1unQ1U	qadv-arbiter-7x7-rust-lambda-v0.1.0	-	qadv-arbiter-7x7-rust-lambda-v0.1.0	-	D	P	196
g1_3RALcIKKs8cEevSgaHAwbVo0fc7J4lXezzqdGPjAXsQ	s1_xEt96k6PRJIw9vrVLSMnqS4R_RvKaeR2Fbo_fu_BtSg	1unQ1U	qadv-arbiter-7x7-rust-lambda-v0.1.0	-	qadv-arbiter-7x7-rust-lambda-v0.1.0	-	D	P	196
g1_3RALcIKKs8cEevSgaHAwbVo0fc7J4lXezzqdGPjAXsQ	s1_zO_c6o-A2kbT_RE0SWBd27npgKITVj9EK30fvVH4QRs	1unQ1U	qadv-arbiter-7x7-rust-lambda-v0.1.0	-	qadv-arbiter-7x7-rust-lambda-v0.1.0	-	D	P	196
g1_3RSQbTwHyZ9k4XRYmVih-76YUhNvJz1vsu4qQbQLSTo	s1_7FIu85-v_e-kbNsQ2UNk3yRt-KGcLyUjpmVwIc9cnfM	1umwJ2	python-gnn-puct-scout-v0.1.0	sha256:b9f80706cc1f29076ee06fe06483697c749148a808c599579045d00a52573938	python-gnn-puct-scout-v0.1.0	sha256:b9f80706cc1f29076ee06fe06483697c749148a808c599579045d00a52573938	L	P	196
g1_3RSQbTwHyZ9k4XRYmVih-76YUhNvJz1vsu4qQbQLSTo	s1_S8AGNBNcWBvWiwIo-AOAHPoHuZo2XvcsYvhgQxGTkrY	1umwJ2	python-gnn-puct-scout-v0.1.0	sha256:b9f80706cc1f29076ee06fe06483697c749148a808c599579045d00a52573938	python-gnn-puct-scout-v0.1.0	sha256:b9f80706cc1f29076ee06fe06483697c749148a808c599579045d00a52573938	L	P	196
g1_3RZvmSpINgTxHD63qE1OmJUdTr4SBZuIZLyJzEV8gzw	s1_1av6nXQkq-GSHXfjkVlGHGpAq8F9UbW4JwZmyFA-vww	1DIkf	lunatic-v0.1.0	-	rust-pathfinder-v0.1.0	-	D	P	-
g1_3RZvmSpINgTxHD63qE1OmJUdTr4SBZuIZLyJzEV8gzw	s1_9Eroywf7tuDrn-hcfZPjlEa1DSRUykCRn9Z11u8ySIo	1DIkf	lunatic-v0.1.0	-	rust-pathfinder-v0.1.0	-	D	P	-
g1_3RZvmSpINgTxHD63qE1OmJUdTr4SBZuIZLyJzEV8gzw	s1_Brk0hkuJoH-MBjdd53AO5tlWcOgDWV_R0PO74fHGd_0	1DIkf	lunatic-v0.1.0	-	rust-pathfinder-v0.1.0	-	D	P	-
g1_3RZvmSpINgTxHD63qE1OmJUdTr4SBZuIZLyJzEV8gzw	s1_KmF8KhDbubz6lwdS8R_n_yTGdSONmH9B1wUABbyCj94	1DIkf	lunatic-v0.1.0	-	rust-pathfinder-v0.1.0	-	D	P	-
g1_3RZvmSpINgTxHD63qE1OmJUdTr4SBZuIZLyJzEV8gzw	s1_MKrI0a3Qd48rU7oZj28GrlQ3cHhIbUzS5ibiIW9aKy4	1DIkf	lunatic-v0.1.0	-	rust-pathfinder-v0.1.0	-	D	P	-
g1_3RZvmSpINgTxHD63qE1OmJUdTr4SBZuIZLyJzEV8gzw	s1_XloMUS0hxYEXf762lcPfaudsLmsH-CsOVZNVVU_obcA	1DIkf	lunatic-v0.1.0	-	rust-pathfinder-v0.1.0	-	D	P	-
g1_3RZvmSpINgTxHD63qE1OmJUdTr4SBZuIZLyJzEV8gzw	s1_g5pGkHBMEhzAYvwFY0b24sSc7wC9JfnWApMHHZ_aMPI	1DIkf	lunatic-v0.1.0	-	rust-pathfinder-v0.1.0	-	D	P	-
g1_3RbPvIWukrMT9Oy5s3wXOWCixBZM4Ng84Hkmoew1aO4	s1_IcD4ovd5H6w1ZraYBE_Zobk54LuF33AoTyU9crQC-So	1unN7B	qadv-arbiter-7x7-rust-lambda-v0.1.0	-	qadv-arbiter-7x7-rust-lambda-v0.1.0	-	L	P	196
g1_3RbPvIWukrMT9Oy5s3wXOWCixBZM4Ng84Hkmoew1aO4	s1_RauLaTi4eVgYHSp2TV9pqs9uzTVv0B10g9TaHMWpcZ4	1unN7B	qadv-arbiter-7x7-rust-lambda-v0.1.0	-	qadv-arbiter-7x7-rust-lambda-v0.1.0	-	L	P	-
g1_3RbPvIWukrMT9Oy5s3wXOWCixBZM4Ng84Hkmoew1aO4	s1_g1wS5HwHqlO4wETq5L2IlY2w1OS_uYQz_hTXKjhk5n8	1unN7B	qadv-arbiter-7x7-rust-lambda-v0.1.0	-	qadv-arbiter-7x7-rust-lambda-v0.1.0	-	L	P	196
g1_3RbPvIWukrMT9Oy5s3wXOWCixBZM4Ng84Hkmoew1aO4	s1_zh86X2OfoiFgGhviLjqJkXOZb27yG4ahu6z5sQ2MY8M	1unN7B	qadv-arbiter-7x7-rust-lambda-v0.1.0	-	qadv-arbiter-7x7-rust-lambda-v0.1.0	-	L	P	196
g1_3RbYpikAF_n8lgBM3eDyw4AHW6zG3hE0q1hmUYOxY58	s1_-TSjRtZXJnKS82sT9w_61G97eOtc3co2rTw2VlfzqhY	1unPXy	qadv-arbiter-7x7-rust-lambda-v0.1.0	-	qadv-arbiter-7x7-rust-lambda-v0.1.0	-	L	P	196
g1_3RbYpikAF_n8lgBM3eDyw4AHW6zG3hE0q1hmUYOxY58	s1_7XmHFYV2iFYmaP7tZI7EI_D8u1f6poP9_sIpufJVwAM	1unPXy	qadv-arbiter-7x7-rust-lambda-v0.1.0	-	qadv-arbiter-7x7-rust-lambda-v0.1.0	-	L	P	196
g1_3RbYpikAF_n8lgBM3eDyw4AHW6zG3hE0q1hmUYOxY58	s1_RauLaTi4eVgYHSp2TV9pqs9uzTVv0B10g9TaHMWpcZ4	1unPXy	qadv-arbiter-7x7-rust-lambda-v0.1.0	-	qadv-arbiter-7x7-rust-lambda-v0.1.0	-	L	P	-
g1_3RbYpikAF_n8lgBM3eDyw4AHW6zG3hE0q1hmUYOxY58	s1_SXXYd_UFZ_VSvD11o6eV8oq6E36X5-vdBy0KSswXBmg	1unPXy	qadv-arbiter-7x7-rust-lambda-v0.1.0	-	qadv-arbiter-7x7-rust-lambda-v0.1.0	-	L	P	196
g1_3RgZ_z64FH7AlufJiqbscECBRHrPk4a-KUkjUHOhAW4	s1_DHQXZ4drGSKV98_7RhyfAydtHeeNWSGzEZufHM_MSFY	1unOMO	qadv-arbiter-7x7-rust-lambda-v0.1.0	-	qadv-arbiter-7x7-rust-lambda-v0.1.0	-	D	P	196
g1_3RgZ_z64FH7AlufJiqbscECBRHrPk4a-KUkjUHOhAW4	s1_RauLaTi4eVgYHSp2TV9pqs9uzTVv0B10g9TaHMWpcZ4	1unOMO	qadv-arbiter-7x7-rust-lambda-v0.1.0	-	qadv-arbiter-7x7-rust-lambda-v0.1.0	-	D	P	-
g1_3RgZ_z64FH7AlufJiqbscECBRHrPk4a-KUkjUHOhAW4	s1_Rj0yR0rfHHi_lQpVrMOONegAf0De_lXPb2BEIyzMozo	1unOMO	qadv-arbiter-7x7-rust-lambda-v0.1.0	-	qadv-arbiter-7x7-rust-lambda-v0.1.0	-	D	P	196
g1_3RgZ_z64FH7AlufJiqbscECBRHrPk4a-KUkjUHOhAW4	s1_hdpldBkTYp4dpPXDp6E2HiTUckU3cnjwRuzlZ54NFNU	1unOMO	qadv-arbiter-7x7-rust-lambda-v0.1.0	-	qadv-arbiter-7x7-rust-lambda-v0.1.0	-	D	P	196
g1_3Rjriszz49r-b5JsFe0f_fV3oFkEYjT5gt6P_kewY0Y	s1_54xzEGhMe0KV2UZOSBA6Y8ISn7DYIo1BYk_5avXIZfQ	1unMW2	qadv-arbiter-7x7-rust-lambda-v0.1.0	-	qadv-arbiter-7x7-rust-lambda-v0.1.0	-	L	P	196
g1_3Rjriszz49r-b5JsFe0f_fV3oFkEYjT5gt6P_kewY0Y	s1_RauLaTi4eVgYHSp2TV9pqs9uzTVv0B10g9TaHMWpcZ4	1unMW2	qadv-arbiter-7x7-rust-lambda-v0.1.0	-	qadv-arbiter-7x7-rust-lambda-v0.1.0	-	L	P	-
g1_3Rjriszz49r-b5JsFe0f_fV3oFkEYjT5gt6P_kewY0Y	s1_bpftDsqWTGlTEKHNQp5bo0KcRp9daD3G9Eokq9nLd1I	1unMW2	qadv-arbiter-7x7-rust-lambda-v0.1.0	-	qadv-arbiter-7x7-rust-lambda-v0.1.0	-	L	P	196
g1_3Rjriszz49r-b5JsFe0f_fV3oFkEYjT5gt6P_kewY0Y	s1_xEssKTuumdWUli_-ItO3WlifzlxMqUfb_880u1RycWU	1unMW2	qadv-arbiter-7x7-rust-lambda-v0.1.0	-	qadv-arbiter-7x7-rust-lambda-v0.1.0	-	L	P	196
g1_3RlzMhOD4FLDJsv3hJHh_Qz1gO3I1lzswkTrn7KQUf4	s1_4_YmrBCjsxTG7qAHR3n_0mtIB2Dx4Od2oWu487PiVh4	1unNd2	qadv-arbiter-7x7-rust-lambda-v0.1.0	-	qadv-arbiter-7x7-rust-lambda-v0.1.0	-	L	P	196
g1_3RlzMhOD4FLDJsv3hJHh_Qz1gO3I1lzswkTrn7KQUf4	s1_BEQHeZWgn9giJlFIJUFW99EPqQVchChClUrm1oJrYYo	1unNd2	qadv-arbiter-7x7-rust-lambda-v0.1.0	-	qadv-arbiter-7x7-rust-lambda-v0.1.0	-	L	P	196
g1_3RlzMhOD4FLDJsv3hJHh_Qz1gO3I1lzswkTrn7KQUf4	s1_RauLaTi4eVgYHSp2TV9pqs9uzTVv0B10g9TaHMWpcZ4	1unNd2	qadv-arbiter-7x7-rust-lambda-v0.1.0	-	qadv-arbiter-7x7-rust-lambda-v0.1.0	-	L	P	-
g1_3RlzMhOD4FLDJsv3hJHh_Qz1gO3I1lzswkTrn7KQUf4	s1_jWDKFu3aEXl6ZWUa3g8Tik7hhFWTAdUZ4_3WgQjr6TI	1unNd2	qadv-arbiter-7x7-rust-lambda-v0.1.0	-	qadv-arbiter-7x7-rust-lambda-v0.1.0	-	L	P	196
g1_3Rnao5oPkVmz5-PgSgQo79j-Ng6TeV3rihtcYN_YedI	s1_1av6nXQkq-GSHXfjkVlGHGpAq8F9UbW4JwZmyFA-vww	1DIYD	python-gnn-puct-v0.1.0	sha256:6f9ad6e4a0993da3cf34a8549e86f9b5d512c51e11bfa76dfe051e7a8801bdac	python-gnn-puct-v0.1.0	sha256:6f9ad6e4a0993da3cf34a8549e86f9b5d512c51e11bfa76dfe051e7a8801bdac	D	P	196
g1_3Rnao5oPkVmz5-PgSgQo79j-Ng6TeV3rihtcYN_YedI	s1_Brk0hkuJoH-MBjdd53AO5tlWcOgDWV_R0PO74fHGd_0	1DIYD	python-gnn-puct-v0.1.0	sha256:6f9ad6e4a0993da3cf34a8549e86f9b5d512c51e11bfa76dfe051e7a8801bdac	python-gnn-puct-v0.1.0	sha256:6f9ad6e4a0993da3cf34a8549e86f9b5d512c51e11bfa76dfe051e7a8801bdac	D	P	196
g1_3Rnao5oPkVmz5-PgSgQo79j-Ng6TeV3rihtcYN_YedI	s1_KmF8KhDbubz6lwdS8R_n_yTGdSONmH9B1wUABbyCj94	1DIYD	python-gnn-puct-v0.1.0	sha256:6f9ad6e4a0993da3cf34a8549e86f9b5d512c51e11bfa76dfe051e7a8801bdac	python-gnn-puct-v0.1.0	sha256:6f9ad6e4a0993da3cf34a8549e86f9b5d512c51e11bfa76dfe051e7a8801bdac	D	P	196
g1_3Rnao5oPkVmz5-PgSgQo79j-Ng6TeV3rihtcYN_YedI	s1_g5pGkHBMEhzAYvwFY0b24sSc7wC9JfnWApMHHZ_aMPI	1DIYD	python-gnn-puct-v0.1.0	sha256:6f9ad6e4a0993da3cf34a8549e86f9b5d512c51e11bfa76dfe051e7a8801bdac	python-gnn-puct-v0.1.0	sha256:6f9ad6e4a0993da3cf34a8549e86f9b5d512c51e11bfa76dfe051e7a8801bdac	D	P	196
g1_3Rnao5oPkVmz5-PgSgQo79j-Ng6TeV3rihtcYN_YedI	s1_tol_POp6BcgBLMWq8iDfRBQSAXpESHxFwmcCQYXv0yQ	1DIYD	python-gnn-puct-v0.1.0	sha256:6f9ad6e4a0993da3cf34a8549e86f9b5d512c51e11bfa76dfe051e7a8801bdac	python-gnn-puct-v0.1.0	sha256:6f9ad6e4a0993da3cf34a8549e86f9b5d512c51e11bfa76dfe051e7a8801bdac	D	P	196
g1_3S2YFVYyCiS-vn05caRmmDsdnCNYrct418gXWrVqMdk	s1_2FtaP75xgRVTNrUvmC0NIesJCNy8IDFJ05WNM4nUnpg	1unR2s	qadv-arbiter-7x7-v0.1.0	-	lunatic-v0.1.0	-	D	P	196
g1_3S2YFVYyCiS-vn05caRmmDsdnCNYrct418gXWrVqMdk	s1_5qtiboWPuESXgIfVaCXuOzzdFKzqIHcL27DW1kJWssE	1unR2s	qadv-arbiter-7x7-v0.1.0	-	lunatic-v0.1.0	-	D	P	196
g1_3S2YFVYyCiS-vn05caRmmDsdnCNYrct418gXWrVqMdk	s1_M_XrZEp_h6pIn0fXVsocte2WXvoMmq9p6OKBkcYR8jY	1unR2s	qadv-arbiter-7x7-v0.1.0	-	lunatic-v0.1.0	-	D	P	196
g1_3S2YFVYyCiS-vn05caRmmDsdnCNYrct418gXWrVqMdk	s1_RauLaTi4eVgYHSp2TV9pqs9uzTVv0B10g9TaHMWpcZ4	1unR2s	qadv-arbiter-7x7-v0.1.0	-	lunatic-v0.1.0	-	D	P	-
g1_3S2YFVYyCiS-vn05caRmmDsdnCNYrct418gXWrVqMdk	s1_jkoE1AydTokODgBZZiGqT1s8KGpaBss7VktCykndM0Q	1unR2s	qadv-arbiter-7x7-v0.1.0	-	lunatic-v0.1.0	-	D	P	196
g1_3S2xIKaa1UrQ2F2NHrEQplsBcz3JsFT7D6re627XHy0	s1_RauLaTi4eVgYHSp2TV9pqs9uzTVv0B10g9TaHMWpcZ4	1unPjM	qadv-arbiter-7x7-rust-lambda-v0.1.0	-	qadv-arbiter-7x7-rust-lambda-v0.1.0	-	L	P	-
g1_3S2xIKaa1UrQ2F2NHrEQplsBcz3JsFT7D6re627XHy0	s1_UaLvPSVot1h-_lNUbPk_6xn5H7LiLeRYDmm8AiRv1JA	1unPjM	qadv-arbiter-7x7-rust-lambda-v0.1.0	-	qadv-arbiter-7x7-rust-lambda-v0.1.0	-	L	P	196
g1_3S2xIKaa1UrQ2F2NHrEQplsBcz3JsFT7D6re627XHy0	s1_WiqiWGavctdHDPUEb6lRqzbKIG1l8F1rtcFRYX623Ec	1unPjM	qadv-arbiter-7x7-rust-lambda-v0.1.0	-	qadv-arbiter-7x7-rust-lambda-v0.1.0	-	L	P	196
g1_3S2xIKaa1UrQ2F2NHrEQplsBcz3JsFT7D6re627XHy0	s1_y4Lz_cVV7ESbiUgpdokvxgfIBu0E7kmONyNkOWAzXo4	1unPjM	qadv-arbiter-7x7-rust-lambda-v0.1.0	-	qadv-arbiter-7x7-rust-lambda-v0.1.0	-	L	P	196
g1_3S70BVESoByRB8odI1-aPqZpUE3ceIADoKVWCjyYY7M	s1_1XoxENw8Z_E12JzQZ6H9rkrRJk1Wo7aAAvq4jhDVyGo	1un5eQ	qadv-arbiter-guided-7x7-v0.2.0	sha256:9c0e5e530df7db77a98f6a2e75fe63a6f629c6ad6563e0b5454793ebc243b14d	surveyor-v0.2.0	-	D	P	196
g1_3S70BVESoByRB8odI1-aPqZpUE3ceIADoKVWCjyYY7M	s1_O3cuwuia8XT9TI7Nxr3tRcajOA20XFHEIT2fYX3WizY	1un5eQ	qadv-arbiter-guided-7x7-v0.2.0	sha256:9c0e5e530df7db77a98f6a2e75fe63a6f629c6ad6563e0b5454793ebc243b14d	surveyor-v0.2.0	-	D	P	196
g1_3S70BVESoByRB8odI1-aPqZpUE3ceIADoKVWCjyYY7M	s1_Wm96nwaIWKpAJ3RfJi_pk_r6EF_3M78D0GXx9IBk1xo	1un5eQ	qadv-arbiter-guided-7x7-v0.2.0	sha256:9c0e5e530df7db77a98f6a2e75fe63a6f629c6ad6563e0b5454793ebc243b14d	surveyor-v0.2.0	-	D	P	196
g1_3SCZ5oDJsvMRPrvta0gWhDHzV1v2i4uPmEmJlw27xRg	s1_flXyOBW6T9LLVDFIvXBGel1MoVNZcUcMFIJnB9yLapU	1umx5Y	python-gnn-puct-reval30k-v0.1.0	sha256:6120be86fc469df71473c3de64e5e32f99694cd47d621fa5948f243dc51d3d21	python-gnn-puct-reval30k-v0.1.0	sha256:6120be86fc469df71473c3de64e5e32f99694cd47d621fa5948f243dc51d3d21	-	M	196
g1_3SKifAIcXCjId9S4UGK2wZsu4EmlhUA8Zp764Jf58WE	s1_Pw9n-eQGqVgzkoKq87SU94hsJkPfkJYpcSyanm-uljY	1umwHU	rust-pathfinder-onnx-sorter-v0.1.0	-	rust-pathfinder-v0.3.0	-	D	P	120
g1_3SOJcyfqXqlQNSe10L0-WVtTZJ6Y2oC_XxdRWuUhB7w	s1_7FIu85-v_e-kbNsQ2UNk3yRt-KGcLyUjpmVwIc9cnfM	1umwM1	python-gnn-puct-scout-v0.1.0	sha256:b9f80706cc1f29076ee06fe06483697c749148a808c599579045d00a52573938	python-gnn-puct-scout-v0.1.0	sha256:b9f80706cc1f29076ee06fe06483697c749148a808c599579045d00a52573938	D	P	196
g1_3SOJcyfqXqlQNSe10L0-WVtTZJ6Y2oC_XxdRWuUhB7w	s1_S8AGNBNcWBvWiwIo-AOAHPoHuZo2XvcsYvhgQxGTkrY	1umwM1	python-gnn-puct-scout-v0.1.0	sha256:b9f80706cc1f29076ee06fe06483697c749148a808c599579045d00a52573938	python-gnn-puct-scout-v0.1.0	sha256:b9f80706cc1f29076ee06fe06483697c749148a808c599579045d00a52573938	D	P	196
g1_3SXcXGQBtpZ3AD40igVoJSR71x8WLCtRnUJlRS2G_ss	s1_RauLaTi4eVgYHSp2TV9pqs9uzTVv0B10g9TaHMWpcZ4	1unPiw	qadv-arbiter-7x7-rust-lambda-v0.1.0	-	qadv-arbiter-7x7-rust-lambda-v0.1.0	-	L	P	-
g1_3SXcXGQBtpZ3AD40igVoJSR71x8WLCtRnUJlRS2G_ss	s1_Z38shAIHI0MYegazhWgWvRQ76eM7LhCRw6c_BudVykk	1unPiw	qadv-arbiter-7x7-rust-lambda-v0.1.0	-	qadv-arbiter-7x7-rust-lambda-v0.1.0	-	L	P	196
g1_3SXcXGQBtpZ3AD40igVoJSR71x8WLCtRnUJlRS2G_ss	s1_j74GVB0kDhIIwsKiFLD6slyxDQjpqaL9GZjyjN2P15o	1unPiw	qadv-arbiter-7x7-rust-lambda-v0.1.0	-	qadv-arbiter-7x7-rust-lambda-v0.1.0	-	L	P	196
g1_3SXcXGQBtpZ3AD40igVoJSR71x8WLCtRnUJlRS2G_ss	s1_kfKfGNSSNc8yhpMFFGP_zgdun8g1vYEnY3o2E6xoRcA	1unPiw	qadv-arbiter-7x7-rust-lambda-v0.1.0	-	qadv-arbiter-7x7-rust-lambda-v0.1.0	-	L	P	196
g1_3S_NC1r4tQS1Ja8HJOwjz59YpKPs_LUc2K54ft2S3kY	s1_C8GnwI6FEgSVI32okjkUP_Q4F4J0CAjpcYcFNQAxExI	1unNH1	qadv-arbiter-7x7-rust-lambda-v0.1.0	-	qadv-arbiter-7x7-rust-lambda-v0.1.0	-	D	P	196
g1_3S_NC1r4tQS1Ja8HJOwjz59YpKPs_LUc2K54ft2S3kY	s1_EyFF93H9eH2xHSId4PSeT2lsYuBA1DyzGj13DerFSLY	1unNH1	qadv-arbiter-7x7-rust-lambda-v0.1.0	-	qadv-arbiter-7x7-rust-lambda-v0.1.0	-	D	P	196
g1_3S_NC1r4tQS1Ja8HJOwjz59YpKPs_LUc2K54ft2S3kY	s1_RauLaTi4eVgYHSp2TV9pqs9uzTVv0B10g9TaHMWpcZ4	1unNH1	qadv-arbiter-7x7-rust-lambda-v0.1.0	-	qadv-arbiter-7x7-rust-lambda-v0.1.0	-	D	P	-
g1_3S_NC1r4tQS1Ja8HJOwjz59YpKPs_LUc2K54ft2S3kY	s1_cuH8kGYgv5KBw5zwlsfQXonmQwkD3b4xp-gvK-in0Qs	1unNH1	qadv-arbiter-7x7-rust-lambda-v0.1.0	-	qadv-arbiter-7x7-rust-lambda-v0.1.0	-	D	P	196
g1_3SuXAaHBjAvRmgWZCmQ_r-jmqir-TnyfQMFl2V7uxes	s1_P_m17e0Vy9YZqw3QEA4GGxthHz4cwD5o3fUkvh6bqro	1unOlV	qadv-arbiter-7x7-rust-lambda-v0.1.0	-	qadv-arbiter-7x7-rust-lambda-v0.1.0	-	L	P	196
g1_3SuXAaHBjAvRmgWZCmQ_r-jmqir-TnyfQMFl2V7uxes	s1_RauLaTi4eVgYHSp2TV9pqs9uzTVv0B10g9TaHMWpcZ4	1unOlV	qadv-arbiter-7x7-rust-lambda-v0.1.0	-	qadv-arbiter-7x7-rust-lambda-v0.1.0	-	L	P	-
g1_3SuXAaHBjAvRmgWZCmQ_r-jmqir-TnyfQMFl2V7uxes	s1_fxCC4G_MmipHpb34hLRRp2W84SXbezSgFhUbdiNZvew	1unOlV	qadv-arbiter-7x7-rust-lambda-v0.1.0	-	qadv-arbiter-7x7-rust-lambda-v0.1.0	-	L	P	196
g1_3SuXAaHBjAvRmgWZCmQ_r-jmqir-TnyfQMFl2V7uxes	s1_msyp5fmIsqNW39bl4IKjqwEw12aIMHJs_U1heio4BPw	1unOlV	qadv-arbiter-7x7-rust-lambda-v0.1.0	-	qadv-arbiter-7x7-rust-lambda-v0.1.0	-	L	P	196
g1_3TVwwo13VXp68Ln1j12vdQ5UQLkFcISscgF4_PnygJg	s1_ZFJxP8ktHrOJVG0_g688whTu0FMw6kSfp_NePDDhCM0	2csYVS	rust-evo-g1-c0-279-109-820-53-117-66	-	rust-handcrafted-g0	-	D	P	-
g1_3TXnCiV5ZIqlktrdIHSK2Sxx7qi2GHA6V1tmKN-5vQU	s1_qtlitMa-GGx-0y2heoyNRonYXf1Dq5epTexnVe9Iqtw	1umxbZ	python-gnn-puct-learner-v0.1.0	sha256:ab0f739cd33d66781faf60e27797c5ccba3c04ba684f8d9e32e9c2754f4e8956	python-gnn-puct-learner-v0.1.0	sha256:ab0f739cd33d66781faf60e27797c5ccba3c04ba684f8d9e32e9c2754f4e8956	-	M	196
g1_3TYs_xB1S1Y5dGWjFrlzQKTsJUNiABjc_NMki1RSPiI	s1_1LB6NAgPOeCp4r8rQw4kUOIXWpEdWysFm5RZjWCQSgc	1umwbL	python-gnn-puct-learner-v0.1.0	sha256:ab0f739cd33d66781faf60e27797c5ccba3c04ba684f8d9e32e9c2754f4e8956	python-gnn-puct-learner-v0.1.0	sha256:ab0f739cd33d66781faf60e27797c5ccba3c04ba684f8d9e32e9c2754f4e8956	L	P	196
g1_3TYs_xB1S1Y5dGWjFrlzQKTsJUNiABjc_NMki1RSPiI	s1_P4NHYhwuVnEA-dG2X-UVeVotb84A5mwljbYTlTMqr8w	1umwbL	python-gnn-puct-learner-v0.1.0	sha256:ab0f739cd33d66781faf60e27797c5ccba3c04ba684f8d9e32e9c2754f4e8956	python-gnn-puct-learner-v0.1.0	sha256:ab0f739cd33d66781faf60e27797c5ccba3c04ba684f8d9e32e9c2754f4e8956	L	P	196
g1_3TmqH_rl7d4nEYy5QZRednaVV0voIXoh8aW-of2xKdY	s1_-OKlJXuPFfAnukwGYITjiU7XKL4OC_qt76PC0TZSPjg	1umvd5	python-cnn-puct-v0.1.0	sha256:7845e9b7687beee165dc36b8d21833b7a8b5a83e31b58b49bd05c277ba26e642	python-cnn-puct-v0.1.0	sha256:7845e9b7687beee165dc36b8d21833b7a8b5a83e31b58b49bd05c277ba26e642	-	M	196
g1_3TmqH_rl7d4nEYy5QZRednaVV0voIXoh8aW-of2xKdY	s1_1av6nXQkq-GSHXfjkVlGHGpAq8F9UbW4JwZmyFA-vww	1umvd5	python-cnn-puct-v0.1.0	sha256:7845e9b7687beee165dc36b8d21833b7a8b5a83e31b58b49bd05c277ba26e642	python-cnn-puct-v0.1.0	sha256:7845e9b7687beee165dc36b8d21833b7a8b5a83e31b58b49bd05c277ba26e642	-	M	196
g1_3TmqH_rl7d4nEYy5QZRednaVV0voIXoh8aW-of2xKdY	s1_Brk0hkuJoH-MBjdd53AO5tlWcOgDWV_R0PO74fHGd_0	1umvd5	python-cnn-puct-v0.1.0	sha256:7845e9b7687beee165dc36b8d21833b7a8b5a83e31b58b49bd05c277ba26e642	python-cnn-puct-v0.1.0	sha256:7845e9b7687beee165dc36b8d21833b7a8b5a83e31b58b49bd05c277ba26e642	-	M	196
g1_3TxvwXFMnUJiCw874W-fBXp21LVs1lbWT2xEC4utYM8	s1_C8t4-rU31x7J55CK4NxFTmfxtqFc9_GbKL8DNQBSXvc	1unOZN	qadv-arbiter-7x7-rust-lambda-v0.1.0	-	qadv-arbiter-7x7-rust-lambda-v0.1.0	-	D	P	196
g1_3TxvwXFMnUJiCw874W-fBXp21LVs1lbWT2xEC4utYM8	s1_Od__3GCnB46Ktzy80VjlT7xO1B8xYqd2YIL1Pd3nLFk	1unOZN	qadv-arbiter-7x7-rust-lambda-v0.1.0	-	qadv-arbiter-7x7-rust-lambda-v0.1.0	-	D	P	196
g1_3TxvwXFMnUJiCw874W-fBXp21LVs1lbWT2xEC4utYM8	s1_QIulZry7GFRnkJ3Kb9wKnjqMS5xMwarH4arlHmccyr4	1unOZN	qadv-arbiter-7x7-rust-lambda-v0.1.0	-	qadv-arbiter-7x7-rust-lambda-v0.1.0	-	D	P	196
g1_3TxvwXFMnUJiCw874W-fBXp21LVs1lbWT2xEC4utYM8	s1_RauLaTi4eVgYHSp2TV9pqs9uzTVv0B10g9TaHMWpcZ4	1unOZN	qadv-arbiter-7x7-rust-lambda-v0.1.0	-	qadv-arbiter-7x7-rust-lambda-v0.1.0	-	D	P	-
g1_3U-qugycuDTmq6x3VcBY1xEeAjt6WJRhFyMGxpvd9Lw	s1_WVg7aYYLIrw6_-2mI3jQ-DPcLO4gX2sPEEqWQb0DGQA	1umxK7	python-cnn-puct-reval30k-v0.1.0	sha256:eb2600a53e225a835455efdb2759c40e27c5cb3c16ab0688bc21b99290ed10ee	python-cnn-puct-reval30k-v0.1.0	sha256:eb2600a53e225a835455efdb2759c40e27c5cb3c16ab0688bc21b99290ed10ee	D	P	196
g1_3U80DVzP96mhS94Ef858q-NOQRzWNX_pLDHDIkyhK38	s1_B6ml-YgwB5VXgxp0PoO1RRXMAoj3DlUT0Tdp2gfNpHY	1un4w8	qadv-arbiter-guided-7x7-v0.2.0	sha256:9c0e5e530df7db77a98f6a2e75fe63a6f629c6ad6563e0b5454793ebc243b14d	surveyor-v0.2.0	-	L	P	196
g1_3U80DVzP96mhS94Ef858q-NOQRzWNX_pLDHDIkyhK38	s1_IswyJu28REICZ-TLOKz3zWDxdApiHK2RV21V_hp9lz0	1un4w8	qadv-arbiter-guided-7x7-v0.2.0	sha256:9c0e5e530df7db77a98f6a2e75fe63a6f629c6ad6563e0b5454793ebc243b14d	surveyor-v0.2.0	-	L	P	196
g1_3U80DVzP96mhS94Ef858q-NOQRzWNX_pLDHDIkyhK38	s1_O3cuwuia8XT9TI7Nxr3tRcajOA20XFHEIT2fYX3WizY	1un4w8	qadv-arbiter-guided-7x7-v0.2.0	sha256:9c0e5e530df7db77a98f6a2e75fe63a6f629c6ad6563e0b5454793ebc243b14d	surveyor-v0.2.0	-	L	P	196
g1_3UGgTxIaVUmuKirkyy_1LQltknBiJvegSwkLOcgjOBE	s1_O3cuwuia8XT9TI7Nxr3tRcajOA20XFHEIT2fYX3WizY	1un76Q	qadv-arbiter-guided-7x7-v0.2.0	sha256:9c0e5e530df7db77a98f6a2e75fe63a6f629c6ad6563e0b5454793ebc243b14d	cnn-reval30k-7x7	sha256:7439239ff343dcc422cb918560b1b72433f2e13628580427343a446f349c6f5a	L	P	196
g1_3UGgTxIaVUmuKirkyy_1LQltknBiJvegSwkLOcgjOBE	s1__sCLqkv1QowbQOLtcMj1HZM3ouupeB2AXWyXf93UYhE	1un76Q	qadv-arbiter-guided-7x7-v0.2.0	sha256:9c0e5e530df7db77a98f6a2e75fe63a6f629c6ad6563e0b5454793ebc243b14d	cnn-reval30k-7x7	sha256:7439239ff343dcc422cb918560b1b72433f2e13628580427343a446f349c6f5a	L	P	196
g1_3UGgTxIaVUmuKirkyy_1LQltknBiJvegSwkLOcgjOBE	s1_sxtZ5wkCkg2ztmYoEeuJnPS6kIKyTpUpx59OMIplfiA	1un76Q	qadv-arbiter-guided-7x7-v0.2.0	sha256:9c0e5e530df7db77a98f6a2e75fe63a6f629c6ad6563e0b5454793ebc243b14d	cnn-reval30k-7x7	sha256:7439239ff343dcc422cb918560b1b72433f2e13628580427343a446f349c6f5a	L	P	196
g1_3UJr7mZyvw_niGtGc4EswHpuGdIa2H6SNJ2uDpnLC0Y	s1_1LB6NAgPOeCp4r8rQw4kUOIXWpEdWysFm5RZjWCQSgc	1umwSH	python-gnn-puct-learner-v0.1.0	sha256:ab0f739cd33d66781faf60e27797c5ccba3c04ba684f8d9e32e9c2754f4e8956	python-gnn-puct-learner-v0.1.0	sha256:ab0f739cd33d66781faf60e27797c5ccba3c04ba684f8d9e32e9c2754f4e8956	D	P	196
g1_3UJr7mZyvw_niGtGc4EswHpuGdIa2H6SNJ2uDpnLC0Y	s1_P4NHYhwuVnEA-dG2X-UVeVotb84A5mwljbYTlTMqr8w	1umwSH	python-gnn-puct-learner-v0.1.0	sha256:ab0f739cd33d66781faf60e27797c5ccba3c04ba684f8d9e32e9c2754f4e8956	python-gnn-puct-learner-v0.1.0	sha256:ab0f739cd33d66781faf60e27797c5ccba3c04ba684f8d9e32e9c2754f4e8956	D	P	196
g1_3USezCuNyRZRXL45AGTSzUU45XnXDTIzEuvsEuqmEiU	s1_0_mn6QV5A-mky8resOSLM2thXXXhxZBh-2R8I-Tg58w	1unNtN	qadv-arbiter-7x7-rust-lambda-v0.1.0	-	qadv-arbiter-7x7-rust-lambda-v0.1.0	-	L	P	196
g1_3USezCuNyRZRXL45AGTSzUU45XnXDTIzEuvsEuqmEiU	s1_RauLaTi4eVgYHSp2TV9pqs9uzTVv0B10g9TaHMWpcZ4	1unNtN	qadv-arbiter-7x7-rust-lambda-v0.1.0	-	qadv-arbiter-7x7-rust-lambda-v0.1.0	-	L	P	-
g1_3USezCuNyRZRXL45AGTSzUU45XnXDTIzEuvsEuqmEiU	s1_YZSH6C_sLW2CxlQsRQLe7Ak4iZ50S_S2iYDiWw6UcFY	1unNtN	qadv-arbiter-7x7-rust-lambda-v0.1.0	-	qadv-arbiter-7x7-rust-lambda-v0.1.0	-	L	P	196
g1_3USezCuNyRZRXL45AGTSzUU45XnXDTIzEuvsEuqmEiU	s1_jV-c1R8sWsxav8pix_plqhtdk4O8JEL7Df1YzXwcCwE	1unNtN	qadv-arbiter-7x7-rust-lambda-v0.1.0	-	qadv-arbiter-7x7-rust-lambda-v0.1.0	-	L	P	196
g1_3UXpq-jiPij4NmcIRV3RJTnAQPbF6lVbGuVvlCXz2EA	s1_O3cuwuia8XT9TI7Nxr3tRcajOA20XFHEIT2fYX3WizY	1un85Q	qadv-arbiter-guided-7x7-v0.2.0	sha256:9c0e5e530df7db77a98f6a2e75fe63a6f629c6ad6563e0b5454793ebc243b14d	lunatic-v0.1.0	-	D	P	196
g1_3UXpq-jiPij4NmcIRV3RJTnAQPbF6lVbGuVvlCXz2EA	s1_drwWHr88n5PHYXIJGnKpx-y8JqbXQRDIoBOZBq51V9A	1un85Q	qadv-arbiter-guided-7x7-v0.2.0	sha256:9c0e5e530df7db77a98f6a2e75fe63a6f629c6ad6563e0b5454793ebc243b14d	lunatic-v0.1.0	-	D	P	196
g1_3UXpq-jiPij4NmcIRV3RJTnAQPbF6lVbGuVvlCXz2EA	s1_uNE2RRSas7wVxrbKCpysvoEzwr-UauUp2QWOY6qQOQ8	1un85Q	qadv-arbiter-guided-7x7-v0.2.0	sha256:9c0e5e530df7db77a98f6a2e75fe63a6f629c6ad6563e0b5454793ebc243b14d	lunatic-v0.1.0	-	D	P	196
g1_3UY6GOBweCLPUMmsxVZT8jlzBiAFu7KryDWTtL1xlCY	s1_E8LAvn4MoP6bC4kwm0skfdLuO06gI80frW1Ud21v6K8	1unMiw	qadv-arbiter-7x7-rust-lambda-v0.1.0	-	qadv-arbiter-7x7-rust-lambda-v0.1.0	-	L	P	196
g1_3UY6GOBweCLPUMmsxVZT8jlzBiAFu7KryDWTtL1xlCY	s1_Oyn-dn_xOiqC8d9AUTQCi4SRhzsR-TElOS24Yk0XQfU	1unMiw	qadv-arbiter-7x7-rust-lambda-v0.1.0	-	qadv-arbiter-7x7-rust-lambda-v0.1.0	-	L	P	196
g1_3UY6GOBweCLPUMmsxVZT8jlzBiAFu7KryDWTtL1xlCY	s1_RauLaTi4eVgYHSp2TV9pqs9uzTVv0B10g9TaHMWpcZ4	1unMiw	qadv-arbiter-7x7-rust-lambda-v0.1.0	-	qadv-arbiter-7x7-rust-lambda-v0.1.0	-	L	P	-
g1_3UY6GOBweCLPUMmsxVZT8jlzBiAFu7KryDWTtL1xlCY	s1_oN4jBvx1vz7epgkRq0oJTItWObxLhKLKuzdbj1ZFZds	1unMiw	qadv-arbiter-7x7-rust-lambda-v0.1.0	-	qadv-arbiter-7x7-rust-lambda-v0.1.0	-	L	P	196
g1_3Uei6qHscErsbxfpxj5gTfPA1BiFLAy7JnF_M4lGdoY	s1_6PxtazPxkizz7K9QTWPSCIopEV5n0zpHoq3F52yO_6U	1umwoR	python-cnn-puct-v0.1.0	sha256:7845e9b7687beee165dc36b8d21833b7a8b5a83e31b58b49bd05c277ba26e642	python-cnn-puct-v0.1.0	sha256:7845e9b7687beee165dc36b8d21833b7a8b5a83e31b58b49bd05c277ba26e642	L	P	196
g1_3Uei6qHscErsbxfpxj5gTfPA1BiFLAy7JnF_M4lGdoY	s1_baRgKA_wMXdl0r4AwdkUfhWC04qxd1MvEGXAQaDd4fo	1umwoR	python-cnn-puct-v0.1.0	sha256:7845e9b7687beee165dc36b8d21833b7a8b5a83e31b58b49bd05c277ba26e642	python-cnn-puct-v0.1.0	sha256:7845e9b7687beee165dc36b8d21833b7a8b5a83e31b58b49bd05c277ba26e642	L	P	196
g1_3Uu6NLz_HOmWW-BrsNwRuf7cZwp8MUIWCB_5ddDlbHU	s1_wXSA2qyeWNG6j7AKysaiWhzl1LZuDwo4rBU3Y3zmcp0	1umwod	python-cnn-puct-reval30k-v0.1.0	sha256:eb2600a53e225a835455efdb2759c40e27c5cb3c16ab0688bc21b99290ed10ee	python-cnn-puct-reval30k-v0.1.0	sha256:eb2600a53e225a835455efdb2759c40e27c5cb3c16ab0688bc21b99290ed10ee	D	P	196
g1_3UwsUxFynMMogBYjUTjnrZ2QqplmTnXHcaGhDcGkIXM	s1_1av6nXQkq-GSHXfjkVlGHGpAq8F9UbW4JwZmyFA-vww	1umv7u	pathfinder-v0.3.0	-	surveyor-v0.2.0	-	L	P	196
g1_3UwsUxFynMMogBYjUTjnrZ2QqplmTnXHcaGhDcGkIXM	s1_Brk0hkuJoH-MBjdd53AO5tlWcOgDWV_R0PO74fHGd_0	1umv7u	pathfinder-v0.3.0	-	surveyor-v0.2.0	-	L	P	196
g1_3UwsUxFynMMogBYjUTjnrZ2QqplmTnXHcaGhDcGkIXM	s1_QzXKB60HvV5g6-cJIu-NdpeFb1rCgFAJD1cxfdkoMm0	1umv7u	pathfinder-v0.3.0	-	surveyor-v0.2.0	-	L	P	196
g1_3V0Ge5T1N8VK5cDLv5odgLDMMihXrA7ckxctVuZwOAc	s1_MNJf52OgtqlIUArRXueHJElA-_99j6YikjMiCSf5IUo	1unPZu	qadv-arbiter-7x7-rust-lambda-v0.1.0	-	qadv-arbiter-7x7-rust-lambda-v0.1.0	-	L	P	196
g1_3V0Ge5T1N8VK5cDLv5odgLDMMihXrA7ckxctVuZwOAc	s1_RauLaTi4eVgYHSp2TV9pqs9uzTVv0B10g9TaHMWpcZ4	1unPZu	qadv-arbiter-7x7-rust-lambda-v0.1.0	-	qadv-arbiter-7x7-rust-lambda-v0.1.0	-	L	P	-
g1_3V0Ge5T1N8VK5cDLv5odgLDMMihXrA7ckxctVuZwOAc	s1_kU3PxqhrfFZ0Aq-JX41ZLtVpKmAPGNI1K3g5dc7oZZE	1unPZu	qadv-arbiter-7x7-rust-lambda-v0.1.0	-	qadv-arbiter-7x7-rust-lambda-v0.1.0	-	L	P	196
g1_3V0Ge5T1N8VK5cDLv5odgLDMMihXrA7ckxctVuZwOAc	s1_zFT7QlyoIuzpUVYgd3nFbmCmFr9NBIdhgsRIxojsZR8	1unPZu	qadv-arbiter-7x7-rust-lambda-v0.1.0	-	qadv-arbiter-7x7-rust-lambda-v0.1.0	-	L	P	196
g1_3V8CIBOhqNmYR49xVpCRhqT_M8QSXR-uKL2GnXimriY	s1_4GG9ebNLkfzz7VOlHvquBvyIpP0lWsaY0xxm5R5NK8Q	1unM1w	qadv-arbiter-7x7-rust-lambda-v0.1.0	-	qadv-arbiter-7x7-rust-lambda-v0.1.0	-	L	P	196
g1_3V8CIBOhqNmYR49xVpCRhqT_M8QSXR-uKL2GnXimriY	s1_GnJO8gj3nDDlU9ePXOGFZHXgUPFxESGsX5mGnJLXoH0	1unM1w	qadv-arbiter-7x7-rust-lambda-v0.1.0	-	qadv-arbiter-7x7-rust-lambda-v0.1.0	-	L	P	196
g1_3V8CIBOhqNmYR49xVpCRhqT_M8QSXR-uKL2GnXimriY	s1_RauLaTi4eVgYHSp2TV9pqs9uzTVv0B10g9TaHMWpcZ4	1unM1w	qadv-arbiter-7x7-rust-lambda-v0.1.0	-	qadv-arbiter-7x7-rust-lambda-v0.1.0	-	L	P	-
g1_3V8CIBOhqNmYR49xVpCRhqT_M8QSXR-uKL2GnXimriY	s1_cUcZXHhV2hwm5nWsQw9yR9CcnUdeRzqfbFYGaiYMpc8	1unM1w	qadv-arbiter-7x7-rust-lambda-v0.1.0	-	qadv-arbiter-7x7-rust-lambda-v0.1.0	-	L	P	196
g1_3V9VBzcCxTW2FAa-BpverUqZSbfZ-y6jkCcaX2MzFSo	s1_2FtaP75xgRVTNrUvmC0NIesJCNy8IDFJ05WNM4nUnpg	1unR50	qadv-arbiter-7x7-v0.1.0	-	lunatic-v0.1.0	-	D	P	196
g1_3V9VBzcCxTW2FAa-BpverUqZSbfZ-y6jkCcaX2MzFSo	s1_O_uHBJKrhwmWlTu_mKPB9OGQAkZtIPBAkOGIcTMQrP8	1unR50	qadv-arbiter-7x7-v0.1.0	-	lunatic-v0.1.0	-	D	P	196
g1_3V9VBzcCxTW2FAa-BpverUqZSbfZ-y6jkCcaX2MzFSo	s1_RauLaTi4eVgYHSp2TV9pqs9uzTVv0B10g9TaHMWpcZ4	1unR50	qadv-arbiter-7x7-v0.1.0	-	lunatic-v0.1.0	-	D	P	-
g1_3V9VBzcCxTW2FAa-BpverUqZSbfZ-y6jkCcaX2MzFSo	s1_Xkl2l-AwnzXZUnjTtXh7XCGs0zRyLBmmwjz3BUgvejE	1unR50	qadv-arbiter-7x7-v0.1.0	-	lunatic-v0.1.0	-	D	P	196
g1_3VAGiiksCRqwcHzW7YOw79q_3X9rxGaEdturhd-SVe0	s1_7FIu85-v_e-kbNsQ2UNk3yRt-KGcLyUjpmVwIc9cnfM	1umwKc	python-gnn-puct-scout-v0.1.0	sha256:b9f80706cc1f29076ee06fe06483697c749148a808c599579045d00a52573938	python-gnn-puct-scout-v0.1.0	sha256:b9f80706cc1f29076ee06fe06483697c749148a808c599579045d00a52573938	L	P	196
g1_3VAGiiksCRqwcHzW7YOw79q_3X9rxGaEdturhd-SVe0	s1_S8AGNBNcWBvWiwIo-AOAHPoHuZo2XvcsYvhgQxGTkrY	1umwKc	python-gnn-puct-scout-v0.1.0	sha256:b9f80706cc1f29076ee06fe06483697c749148a808c599579045d00a52573938	python-gnn-puct-scout-v0.1.0	sha256:b9f80706cc1f29076ee06fe06483697c749148a808c599579045d00a52573938	L	P	196
g1_3VC0Q6VuCzDL39XTTV9Z6_3RZwa_agR0hc5SIY_bB1w	s1_Qmoz3nLvbLcY_1rcqMtpMJDvTQydhL5cxUNWV6EhpMY	1umw-t	qadv-arbiter-7x7-v0.1.0	sha256:8c548d06307572603b839755cc1e50393285365e10f82bcd90290ca65cd86266	qadv-arbiter-7x7-v0.1.0	sha256:8c548d06307572603b839755cc1e50393285365e10f82bcd90290ca65cd86266	L	P	196
g1_3VC7-ChKUuvoVrTzNTgvZQfJIGMxhdf9Kyhdsbq6R6c	s1_qtlitMa-GGx-0y2heoyNRonYXf1Dq5epTexnVe9Iqtw	1umxjn	python-gnn-puct-learner-v0.1.0	sha256:ab0f739cd33d66781faf60e27797c5ccba3c04ba684f8d9e32e9c2754f4e8956	python-gnn-puct-learner-v0.1.0	sha256:ab0f739cd33d66781faf60e27797c5ccba3c04ba684f8d9e32e9c2754f4e8956	L	P	196
g1_3VJe1ksz4LybALAFsKkB7gX9FszGfbldrdkXYZfnOxM	s1_6IpHiQoojSaGEm72xnnLjomEbV5SyoxnlIlHUtD3rps	1unODG	qadv-arbiter-7x7-rust-lambda-v0.1.0	-	qadv-arbiter-7x7-rust-lambda-v0.1.0	-	D	P	196
g1_3VJe1ksz4LybALAFsKkB7gX9FszGfbldrdkXYZfnOxM	s1_RauLaTi4eVgYHSp2TV9pqs9uzTVv0B10g9TaHMWpcZ4	1unODG	qadv-arbiter-7x7-rust-lambda-v0.1.0	-	qadv-arbiter-7x7-rust-lambda-v0.1.0	-	D	P	-
g1_3VJe1ksz4LybALAFsKkB7gX9FszGfbldrdkXYZfnOxM	s1_VxPZgXi9SA_ZI4IG6MXVYR43-OIWZpShMsplGnZN3Nk	1unODG	qadv-arbiter-7x7-rust-lambda-v0.1.0	-	qadv-arbiter-7x7-rust-lambda-v0.1.0	-	D	P	196
g1_3VJe1ksz4LybALAFsKkB7gX9FszGfbldrdkXYZfnOxM	s1__qhPWsvkkywjII3QFLTMFLz6NH9dOqpIeKsu3nT409U	1unODG	qadv-arbiter-7x7-rust-lambda-v0.1.0	-	qadv-arbiter-7x7-rust-lambda-v0.1.0	-	D	P	196
g1_3VJxJdl5MdduKfqec-WF3a8yzSbRKpjkdUmXLBCAV0g	s1_-OKlJXuPFfAnukwGYITjiU7XKL4OC_qt76PC0TZSPjg	1umvds	python-cnn-puct-v0.1.0	sha256:7845e9b7687beee165dc36b8d21833b7a8b5a83e31b58b49bd05c277ba26e642	python-cnn-puct-v0.1.0	sha256:7845e9b7687beee165dc36b8d21833b7a8b5a83e31b58b49bd05c277ba26e642	-	M	196
g1_3VJxJdl5MdduKfqec-WF3a8yzSbRKpjkdUmXLBCAV0g	s1_1av6nXQkq-GSHXfjkVlGHGpAq8F9UbW4JwZmyFA-vww	1umvds	python-cnn-puct-v0.1.0	sha256:7845e9b7687beee165dc36b8d21833b7a8b5a83e31b58b49bd05c277ba26e642	python-cnn-puct-v0.1.0	sha256:7845e9b7687beee165dc36b8d21833b7a8b5a83e31b58b49bd05c277ba26e642	-	M	196
g1_3VJxJdl5MdduKfqec-WF3a8yzSbRKpjkdUmXLBCAV0g	s1_Brk0hkuJoH-MBjdd53AO5tlWcOgDWV_R0PO74fHGd_0	1umvds	python-cnn-puct-v0.1.0	sha256:7845e9b7687beee165dc36b8d21833b7a8b5a83e31b58b49bd05c277ba26e642	python-cnn-puct-v0.1.0	sha256:7845e9b7687beee165dc36b8d21833b7a8b5a83e31b58b49bd05c277ba26e642	-	M	196
g1_3VUdL7C8-RHjjlVI9FznDZ_MpYZXWV4WNfz57u4vbJo	s1_1av6nXQkq-GSHXfjkVlGHGpAq8F9UbW4JwZmyFA-vww	1E5HQ	gnn-generation-5-7x7	sha256:7274065e2ffdd05997bf172e30bb5e24d7bcafca99d379b6115ff98ee1f7c4d9	coin-flip-v0.0.1	-	-	M	196
g1_3VUdL7C8-RHjjlVI9FznDZ_MpYZXWV4WNfz57u4vbJo	s1_Brk0hkuJoH-MBjdd53AO5tlWcOgDWV_R0PO74fHGd_0	1E5HQ	gnn-generation-5-7x7	sha256:7274065e2ffdd05997bf172e30bb5e24d7bcafca99d379b6115ff98ee1f7c4d9	coin-flip-v0.0.1	-	-	M	196
g1_3VUdL7C8-RHjjlVI9FznDZ_MpYZXWV4WNfz57u4vbJo	s1_gPoZ5rByZErTaB0WLQoU6LVl6WlfprkiDFHagxLzf2Q	1E5HQ	gnn-generation-5-7x7	sha256:7274065e2ffdd05997bf172e30bb5e24d7bcafca99d379b6115ff98ee1f7c4d9	coin-flip-v0.0.1	-	-	M	196
g1_3VfOia_uBYmygNm2-q2ksmZ_yKOXhSkEmnskzTsuAWU	s1_sNHDjucG3PyV4JldoL5xMeLmgQ0OTmGEbKgD4yuoYts	1DIVX	rust-pathfinder-v0.1.0	-	rust-surveyor-v0.1.0	-	L	P	-
g1_3ViahjoCS7mX_LobVMvlUYH9pTyD8heo59vFrp8cwb0	s1_flXyOBW6T9LLVDFIvXBGel1MoVNZcUcMFIJnB9yLapU	1umx6H	python-gnn-puct-reval30k-v0.1.0	sha256:6120be86fc469df71473c3de64e5e32f99694cd47d621fa5948f243dc51d3d21	python-gnn-puct-reval30k-v0.1.0	sha256:6120be86fc469df71473c3de64e5e32f99694cd47d621fa5948f243dc51d3d21	D	P	196
g1_3VvRkoQPYRvWnavKASIPgntu3anLZVZE-hLosEGiNgo	s1__fmnSv6OnZklVvMPUjPdL6drtvfrJptRYX3nxZQO8jI	1umxry	python-gnn-puct-scout-v0.1.0	sha256:b9f80706cc1f29076ee06fe06483697c749148a808c599579045d00a52573938	python-gnn-puct-scout-v0.1.0	sha256:b9f80706cc1f29076ee06fe06483697c749148a808c599579045d00a52573938	L	P	196
g1_3VyymPDHg3QugHtFcY9q9CGgag7q6Pq5CION1v3W8Gg	s1_8SgzOCYHlTahCvZKfM-uObj68AcFNJuW3NKdyxx3kIA	1unMYm	qadv-arbiter-7x7-rust-lambda-v0.1.0	-	qadv-arbiter-7x7-rust-lambda-v0.1.0	-	L	P	196
g1_3VyymPDHg3QugHtFcY9q9CGgag7q6Pq5CION1v3W8Gg	s1_FbY8I2Pt_mnSQik_JKrOb6QA7MCfMSqQ-kqPq775_mY	1unMYm	qadv-arbiter-7x7-rust-lambda-v0.1.0	-	qadv-arbiter-7x7-rust-lambda-v0.1.0	-	L	P	196
g1_3VyymPDHg3QugHtFcY9q9CGgag7q6Pq5CION1v3W8Gg	s1_RauLaTi4eVgYHSp2TV9pqs9uzTVv0B10g9TaHMWpcZ4	1unMYm	qadv-arbiter-7x7-rust-lambda-v0.1.0	-	qadv-arbiter-7x7-rust-lambda-v0.1.0	-	L	P	-
g1_3VyymPDHg3QugHtFcY9q9CGgag7q6Pq5CION1v3W8Gg	s1_Rk9EPQAVKLQpBAHwB9nm4Csyz1a1ctC8sibDf--_uBs	1unMYm	qadv-arbiter-7x7-rust-lambda-v0.1.0	-	qadv-arbiter-7x7-rust-lambda-v0.1.0	-	L	P	196
g1_3W8QlWyOq9P5ooeJQsMKMFeYfNpvYPo7mQne2UX9zK0	s1_WVg7aYYLIrw6_-2mI3jQ-DPcLO4gX2sPEEqWQb0DGQA	1umxRk	python-cnn-puct-reval30k-v0.1.0	sha256:eb2600a53e225a835455efdb2759c40e27c5cb3c16ab0688bc21b99290ed10ee	python-cnn-puct-reval30k-v0.1.0	sha256:eb2600a53e225a835455efdb2759c40e27c5cb3c16ab0688bc21b99290ed10ee	D	P	196
g1_3WBq9xDccAhkmfwZ2eVPuqKhMPSG5CuO2hfPChSR0qU	s1_5IG33Hgsy-7VEyW2NB5QXUm_6a4zYrjPUmhWCwmr6F4	1unMTV	qadv-arbiter-7x7-rust-lambda-v0.1.0	-	qadv-arbiter-7x7-rust-lambda-v0.1.0	-	D	P	196
g1_3WBq9xDccAhkmfwZ2eVPuqKhMPSG5CuO2hfPChSR0qU	s1_7nFW_Yz6TYP3JCM8DJgZLvtH9xxCYmEb3-1Scf9JmgQ	1unMTV	qadv-arbiter-7x7-rust-lambda-v0.1.0	-	qadv-arbiter-7x7-rust-lambda-v0.1.0	-	D	P	196
g1_3WBq9xDccAhkmfwZ2eVPuqKhMPSG5CuO2hfPChSR0qU	s1_RauLaTi4eVgYHSp2TV9pqs9uzTVv0B10g9TaHMWpcZ4	1unMTV	qadv-arbiter-7x7-rust-lambda-v0.1.0	-	qadv-arbiter-7x7-rust-lambda-v0.1.0	-	D	P	-
g1_3WBq9xDccAhkmfwZ2eVPuqKhMPSG5CuO2hfPChSR0qU	s1_a2eLeJmo8BlHfYfzBOm4P9z0Sno1M900n6Ivi9HdkZE	1unMTV	qadv-arbiter-7x7-rust-lambda-v0.1.0	-	qadv-arbiter-7x7-rust-lambda-v0.1.0	-	D	P	196
g1_3WL77WvDfy_xKU0fCE5tUM1sT1N1LEfNrXYuX8dMdlg	s1_1av6nXQkq-GSHXfjkVlGHGpAq8F9UbW4JwZmyFA-vww	1umvP5	lunatic-v0.1.0	-	coin-flip-v0.0.1	-	L	P	196
g1_3WL77WvDfy_xKU0fCE5tUM1sT1N1LEfNrXYuX8dMdlg	s1_Brk0hkuJoH-MBjdd53AO5tlWcOgDWV_R0PO74fHGd_0	1umvP5	lunatic-v0.1.0	-	coin-flip-v0.0.1	-	L	P	196
g1_3WL77WvDfy_xKU0fCE5tUM1sT1N1LEfNrXYuX8dMdlg	s1_QzXKB60HvV5g6-cJIu-NdpeFb1rCgFAJD1cxfdkoMm0	1umvP5	lunatic-v0.1.0	-	coin-flip-v0.0.1	-	L	P	196
g1_3WgODzP1ZkovYr4cj2ptPcLuXoT3_zx-u9N-uPYW9Ko	s1_qtlitMa-GGx-0y2heoyNRonYXf1Dq5epTexnVe9Iqtw	1umxi0	python-gnn-puct-learner-v0.1.0	sha256:ab0f739cd33d66781faf60e27797c5ccba3c04ba684f8d9e32e9c2754f4e8956	python-gnn-puct-learner-v0.1.0	sha256:ab0f739cd33d66781faf60e27797c5ccba3c04ba684f8d9e32e9c2754f4e8956	D	P	196
g1_3WzPb1IeOy2TWzLPhh0jVSNLmSErFVHLx3ABURnHUCI	s1_1av6nXQkq-GSHXfjkVlGHGpAq8F9UbW4JwZmyFA-vww	1DIco	rust-pathfinder-v0.1.0	-	lunatic-v0.1.0	-	L	P	-
g1_3WzPb1IeOy2TWzLPhh0jVSNLmSErFVHLx3ABURnHUCI	s1_9Eroywf7tuDrn-hcfZPjlEa1DSRUykCRn9Z11u8ySIo	1DIco	rust-pathfinder-v0.1.0	-	lunatic-v0.1.0	-	L	P	-
g1_3WzPb1IeOy2TWzLPhh0jVSNLmSErFVHLx3ABURnHUCI	s1_9Eroywf7tuDrn-hcfZPjlEa1DSRUykCRn9Z11u8ySIo	1DIiq	rust-pathfinder-v0.1.0	-	lunatic-v0.1.0	-	L	P	-
g1_3WzPb1IeOy2TWzLPhh0jVSNLmSErFVHLx3ABURnHUCI	s1_MKrI0a3Qd48rU7oZj28GrlQ3cHhIbUzS5ibiIW9aKy4	1DIco	rust-pathfinder-v0.1.0	-	lunatic-v0.1.0	-	L	P	-
g1_3WzPb1IeOy2TWzLPhh0jVSNLmSErFVHLx3ABURnHUCI	s1_MKrI0a3Qd48rU7oZj28GrlQ3cHhIbUzS5ibiIW9aKy4	1DIiq	rust-pathfinder-v0.1.0	-	lunatic-v0.1.0	-	L	P	-
g1_3WzPb1IeOy2TWzLPhh0jVSNLmSErFVHLx3ABURnHUCI	s1_XloMUS0hxYEXf762lcPfaudsLmsH-CsOVZNVVU_obcA	1DIco	rust-pathfinder-v0.1.0	-	lunatic-v0.1.0	-	L	P	-
g1_3WzPb1IeOy2TWzLPhh0jVSNLmSErFVHLx3ABURnHUCI	s1_XloMUS0hxYEXf762lcPfaudsLmsH-CsOVZNVVU_obcA	1DIiq	rust-pathfinder-v0.1.0	-	lunatic-v0.1.0	-	L	P	-
g1_3WzPb1IeOy2TWzLPhh0jVSNLmSErFVHLx3ABURnHUCI	s1_del54SUFELBov5vQFrhsVexn6D9EhUPDFZpXuqC6eCI	1DIco	rust-pathfinder-v0.1.0	-	lunatic-v0.1.0	-	L	P	-
g1_3WzPb1IeOy2TWzLPhh0jVSNLmSErFVHLx3ABURnHUCI	s1_g5pGkHBMEhzAYvwFY0b24sSc7wC9JfnWApMHHZ_aMPI	1DIco	rust-pathfinder-v0.1.0	-	lunatic-v0.1.0	-	L	P	-
g1_3WzPb1IeOy2TWzLPhh0jVSNLmSErFVHLx3ABURnHUCI	s1_mWPTef6xYbijjPhDIC6QgLRmu2mMSJAokNlIkx3vg54	1DIco	rust-pathfinder-v0.1.0	-	lunatic-v0.1.0	-	L	P	-
g1_3X2QVP1ugrj6vMAL28Zw5IKearHwgZPjnv9K1a19mps	s1_C0GAVo8sV-74NFz8QKo9Ivl3fa8icg3vpasnPMOUkCQ	1unN_g	qadv-arbiter-7x7-rust-lambda-v0.1.0	-	qadv-arbiter-7x7-rust-lambda-v0.1.0	-	L	P	196
g1_3X2QVP1ugrj6vMAL28Zw5IKearHwgZPjnv9K1a19mps	s1_RauLaTi4eVgYHSp2TV9pqs9uzTVv0B10g9TaHMWpcZ4	1unN_g	qadv-arbiter-7x7-rust-lambda-v0.1.0	-	qadv-arbiter-7x7-rust-lambda-v0.1.0	-	L	P	-
g1_3X2QVP1ugrj6vMAL28Zw5IKearHwgZPjnv9K1a19mps	s1_hVY1ajczkiyl3JBGEYhajU5YHSbRD_hPHyhl4pHn-NY	1unN_g	qadv-arbiter-7x7-rust-lambda-v0.1.0	-	qadv-arbiter-7x7-rust-lambda-v0.1.0	-	L	P	196
g1_3X2QVP1ugrj6vMAL28Zw5IKearHwgZPjnv9K1a19mps	s1_yuzlj78perGIybI8dpmeEqmsZlC3dTHoe_L8A_-T6l8	1unN_g	qadv-arbiter-7x7-rust-lambda-v0.1.0	-	qadv-arbiter-7x7-rust-lambda-v0.1.0	-	L	P	196
g1_3X3BJ0Yy3P4dDQJlc--wfDr7lVgkJpScgDGr00TDqRU	s1_qtlitMa-GGx-0y2heoyNRonYXf1Dq5epTexnVe9Iqtw	1umxfM	python-gnn-puct-learner-v0.1.0	sha256:ab0f739cd33d66781faf60e27797c5ccba3c04ba684f8d9e32e9c2754f4e8956	python-gnn-puct-learner-v0.1.0	sha256:ab0f739cd33d66781faf60e27797c5ccba3c04ba684f8d9e32e9c2754f4e8956	D	P	196
g1_3X3vI7L7d4zo6ugPcNFmTZUW-pQhTDWGEIrlquwjvgs	s1_00ZeMVZ2_u6ueRSxIvi34tzN7ju6bT_wqRfS_ozp9G0	1unMBO	qadv-arbiter-7x7-rust-lambda-v0.1.0	-	qadv-arbiter-7x7-rust-lambda-v0.1.0	-	L	P	196
g1_3X3vI7L7d4zo6ugPcNFmTZUW-pQhTDWGEIrlquwjvgs	s1_RauLaTi4eVgYHSp2TV9pqs9uzTVv0B10g9TaHMWpcZ4	1unMBO	qadv-arbiter-7x7-rust-lambda-v0.1.0	-	qadv-arbiter-7x7-rust-lambda-v0.1.0	-	L	P	-
g1_3X3vI7L7d4zo6ugPcNFmTZUW-pQhTDWGEIrlquwjvgs	s1_iVmuprzBoXpezJA2vYu7MkW3TXNN5KD3hi-Z7OzVFKM	1unMBO	qadv-arbiter-7x7-rust-lambda-v0.1.0	-	qadv-arbiter-7x7-rust-lambda-v0.1.0	-	L	P	196
g1_3X3vI7L7d4zo6ugPcNFmTZUW-pQhTDWGEIrlquwjvgs	s1_qOHOMcaKEm6YwfLIYWjOa2gVCACTZOLbr7oa1EbCmfU	1unMBO	qadv-arbiter-7x7-rust-lambda-v0.1.0	-	qadv-arbiter-7x7-rust-lambda-v0.1.0	-	L	P	196
g1_3XHfRP2_FzM92v8662XhMHx3pEQuLha_bIiKdfnrU7s	s1_WVg7aYYLIrw6_-2mI3jQ-DPcLO4gX2sPEEqWQb0DGQA	1umxJL	python-cnn-puct-reval30k-v0.1.0	sha256:eb2600a53e225a835455efdb2759c40e27c5cb3c16ab0688bc21b99290ed10ee	python-cnn-puct-reval30k-v0.1.0	sha256:eb2600a53e225a835455efdb2759c40e27c5cb3c16ab0688bc21b99290ed10ee	L	P	196
g1_3XSeS2qTQCWGS8xlHGBPmPS5YS3j8QC1XH9RF6YcSEE	s1_RauLaTi4eVgYHSp2TV9pqs9uzTVv0B10g9TaHMWpcZ4	1unP_l	qadv-arbiter-7x7-rust-lambda-v0.1.0	-	qadv-arbiter-7x7-rust-lambda-v0.1.0	-	D	P	-
g1_3XSeS2qTQCWGS8xlHGBPmPS5YS3j8QC1XH9RF6YcSEE	s1_S87v-GTPbkdh4DgOwJVVD5YTDJxFoaQ1zeqTuwtk89w	1unP_l	qadv-arbiter-7x7-rust-lambda-v0.1.0	-	qadv-arbiter-7x7-rust-lambda-v0.1.0	-	D	P	196
g1_3XSeS2qTQCWGS8xlHGBPmPS5YS3j8QC1XH9RF6YcSEE	s1_dmbwvV4fQdWqtJqS6wpKtQm90whATQDMI9naKtNigyY	1unP_l	qadv-arbiter-7x7-rust-lambda-v0.1.0	-	qadv-arbiter-7x7-rust-lambda-v0.1.0	-	D	P	196
g1_3XSeS2qTQCWGS8xlHGBPmPS5YS3j8QC1XH9RF6YcSEE	s1_y7b1s7tF_toQ-cJ8A8R1tp5Qtz9nIh-hOvgKtKFQkFs	1unP_l	qadv-arbiter-7x7-rust-lambda-v0.1.0	-	qadv-arbiter-7x7-rust-lambda-v0.1.0	-	D	P	196
g1_3XVDpq_0QedTk5A5h58SSgdtGDs35x9xNgdhUQTVTm8	s1_flXyOBW6T9LLVDFIvXBGel1MoVNZcUcMFIJnB9yLapU	1umxFJ	python-gnn-puct-reval30k-v0.1.0	sha256:6120be86fc469df71473c3de64e5e32f99694cd47d621fa5948f243dc51d3d21	python-gnn-puct-reval30k-v0.1.0	sha256:6120be86fc469df71473c3de64e5e32f99694cd47d621fa5948f243dc51d3d21	L	P	196
g1_3XbwXYhtVTKp8hnQzkz9-EdIsgFFvJdqV2o-u3VYEXE	s1_6P7uB0hiV1X9UOJMWbZOHKZtn3E700PuFexz5QifPFA	1unMsu	qadv-arbiter-7x7-rust-lambda-v0.1.0	-	qadv-arbiter-7x7-rust-lambda-v0.1.0	-	L	P	196
g1_3XbwXYhtVTKp8hnQzkz9-EdIsgFFvJdqV2o-u3VYEXE	s1_7klMXuyA6nXu2E9uAlUTcY9Jzw1TPAqx1XyMOUpia8c	1unMsu	qadv-arbiter-7x7-rust-lambda-v0.1.0	-	qadv-arbiter-7x7-rust-lambda-v0.1.0	-	L	P	196
g1_3XbwXYhtVTKp8hnQzkz9-EdIsgFFvJdqV2o-u3VYEXE	s1_RauLaTi4eVgYHSp2TV9pqs9uzTVv0B10g9TaHMWpcZ4	1unMsu	qadv-arbiter-7x7-rust-lambda-v0.1.0	-	qadv-arbiter-7x7-rust-lambda-v0.1.0	-	L	P	-
g1_3XbwXYhtVTKp8hnQzkz9-EdIsgFFvJdqV2o-u3VYEXE	s1_zDS7761UQM_mjS7YO0kItzWY1tL6MreYgzCn8pretxM	1unMsu	qadv-arbiter-7x7-rust-lambda-v0.1.0	-	qadv-arbiter-7x7-rust-lambda-v0.1.0	-	L	P	196
g1_3XuqxKtil5Whvjqhlo5PrfJ3DmVv-MTBqRW66T9ghK0	s1_BplgEe6s02bgeTulT2-kiiNjodelEXDgdUZoVr3feZA	1umwBT	rust-pathfinder-v0.3.0	-	rust-pathfinder-onnx-sorter-v0.1.0	-	D	P	120
g1_3Y34ttCk38Pfdt9IRpQWqtQaLUwFKb6waOOQOM4tkLE	s1_3WNFDK5to_j-XkwrbPCluGXfyRNLGj0vrdUhbYWUIdE	1unM9J	qadv-arbiter-7x7-rust-lambda-v0.1.0	-	qadv-arbiter-7x7-rust-lambda-v0.1.0	-	L	P	196
g1_3Y34ttCk38Pfdt9IRpQWqtQaLUwFKb6waOOQOM4tkLE	s1_FGxWkRIbe9OK6W1SYks38fO3Iz6HXLVyspqEQccSUp4	1unM9J	qadv-arbiter-7x7-rust-lambda-v0.1.0	-	qadv-arbiter-7x7-rust-lambda-v0.1.0	-	L	P	196
g1_3Y34ttCk38Pfdt9IRpQWqtQaLUwFKb6waOOQOM4tkLE	s1_PinLZvdIWYgrfskT33hjip6BnFBh6ZFN9vryVAebHYg	1unM9J	qadv-arbiter-7x7-rust-lambda-v0.1.0	-	qadv-arbiter-7x7-rust-lambda-v0.1.0	-	L	P	196
g1_3Y34ttCk38Pfdt9IRpQWqtQaLUwFKb6waOOQOM4tkLE	s1_RauLaTi4eVgYHSp2TV9pqs9uzTVv0B10g9TaHMWpcZ4	1unM9J	qadv-arbiter-7x7-rust-lambda-v0.1.0	-	qadv-arbiter-7x7-rust-lambda-v0.1.0	-	L	P	-
g1_3Y3wiKrknMK04ekozyh8NzURgr6qtKVZ1Y7GCAyrapI	s1_1av6nXQkq-GSHXfjkVlGHGpAq8F9UbW4JwZmyFA-vww	1umvD0	python-gnn-puct-scout-v0.1.0	sha256:b9f80706cc1f29076ee06fe06483697c749148a808c599579045d00a52573938	python-gnn-puct-scout-v0.1.0	sha256:b9f80706cc1f29076ee06fe06483697c749148a808c599579045d00a52573938	-	M	196
g1_3Y3wiKrknMK04ekozyh8NzURgr6qtKVZ1Y7GCAyrapI	s1_Brk0hkuJoH-MBjdd53AO5tlWcOgDWV_R0PO74fHGd_0	1umvD0	python-gnn-puct-scout-v0.1.0	sha256:b9f80706cc1f29076ee06fe06483697c749148a808c599579045d00a52573938	python-gnn-puct-scout-v0.1.0	sha256:b9f80706cc1f29076ee06fe06483697c749148a808c599579045d00a52573938	-	M	196
g1_3Y3wiKrknMK04ekozyh8NzURgr6qtKVZ1Y7GCAyrapI	s1_D_X-fTFZy6xuyGSC5jFyKBW6IP_59Jbomefazf4xu44	1umvD0	python-gnn-puct-scout-v0.1.0	sha256:b9f80706cc1f29076ee06fe06483697c749148a808c599579045d00a52573938	python-gnn-puct-scout-v0.1.0	sha256:b9f80706cc1f29076ee06fe06483697c749148a808c599579045d00a52573938	-	M	196
g1_3Y7jO4s7aANpoTX7f57DwnQk6ss7ppRUwPEL5aOUyRo	s1_RauLaTi4eVgYHSp2TV9pqs9uzTVv0B10g9TaHMWpcZ4	1unP_O	qadv-arbiter-7x7-rust-lambda-v0.1.0	-	qadv-arbiter-7x7-rust-lambda-v0.1.0	-	L	P	-
g1_3Y7jO4s7aANpoTX7f57DwnQk6ss7ppRUwPEL5aOUyRo	s1_YKv9NDcOfINcVYhGW-MLGzFeSw4vRC-En1DKpKgSbI8	1unP_O	qadv-arbiter-7x7-rust-lambda-v0.1.0	-	qadv-arbiter-7x7-rust-lambda-v0.1.0	-	L	P	196
g1_3Y7jO4s7aANpoTX7f57DwnQk6ss7ppRUwPEL5aOUyRo	s1__6Orog64kHDSr7K4Q41nq8RSkZ813LcCZtOpA-i2Oy4	1unP_O	qadv-arbiter-7x7-rust-lambda-v0.1.0	-	qadv-arbiter-7x7-rust-lambda-v0.1.0	-	L	P	196
g1_3Y7jO4s7aANpoTX7f57DwnQk6ss7ppRUwPEL5aOUyRo	s1_bIJi4k7nejxkUxuQi-3KIj0Yfxmymm-KN1wI3Xna8Bo	1unP_O	qadv-arbiter-7x7-rust-lambda-v0.1.0	-	qadv-arbiter-7x7-rust-lambda-v0.1.0	-	L	P	196
g1_3Y7o14TvkASlmfOf8yMg9ELhlu_z_rTqiykKmOiBPDI	s1_AXSMXSojPhdvyfhPlcwwVyOXdM8KV8qPSkSU8rKDIv8	1unPK9	qadv-arbiter-7x7-rust-lambda-v0.1.0	-	qadv-arbiter-7x7-rust-lambda-v0.1.0	-	D	P	196
g1_3Y7o14TvkASlmfOf8yMg9ELhlu_z_rTqiykKmOiBPDI	s1_RauLaTi4eVgYHSp2TV9pqs9uzTVv0B10g9TaHMWpcZ4	1unPK9	qadv-arbiter-7x7-rust-lambda-v0.1.0	-	qadv-arbiter-7x7-rust-lambda-v0.1.0	-	D	P	-
g1_3Y7o14TvkASlmfOf8yMg9ELhlu_z_rTqiykKmOiBPDI	s1_hKs9FzGCxjConelS7nzh5HZ3nikmUUrE8E1OR2RCIbM	1unPK9	qadv-arbiter-7x7-rust-lambda-v0.1.0	-	qadv-arbiter-7x7-rust-lambda-v0.1.0	-	D	P	196
g1_3Y7o14TvkASlmfOf8yMg9ELhlu_z_rTqiykKmOiBPDI	s1_qTIea7sMD_X8a6bK-lwO6FEhpmWeNQs4QTLtIRFvj8w	1unPK9	qadv-arbiter-7x7-rust-lambda-v0.1.0	-	qadv-arbiter-7x7-rust-lambda-v0.1.0	-	D	P	196
g1_3YDhxbY3KbROZaAisYiJZRXyFMB6b6OiiW6y8Tr5J1E	s1_WpYQrS3Y5EBPp4KoxQeXdmkSNGGu7uzGmTP-APlIkYU	1umwQZ	rust-pathfinder-v0.3.0	-	rust-pathfinder-onnx-sorter-v0.1.0	-	L	P	120
g1_3YPJkSBZynUpCDlZpAVLN1vQuIQeTLdnEBHW6eZrudk	s1_-FFzEWq4Pw58ywr2bt8YwQnOE56uUfLMoTNiN13LfLA	1unOL_	qadv-arbiter-7x7-rust-lambda-v0.1.0	-	qadv-arbiter-7x7-rust-lambda-v0.1.0	-	D	P	196
g1_3YPJkSBZynUpCDlZpAVLN1vQuIQeTLdnEBHW6eZrudk	s1_3k4OMqGiFNaCsWG9Fp6BhkJGD3vvNjp6HTKVR1aCYLY	1unOL_	qadv-arbiter-7x7-rust-lambda-v0.1.0	-	qadv-arbiter-7x7-rust-lambda-v0.1.0	-	D	P	196
g1_3YPJkSBZynUpCDlZpAVLN1vQuIQeTLdnEBHW6eZrudk	s1_RauLaTi4eVgYHSp2TV9pqs9uzTVv0B10g9TaHMWpcZ4	1unOL_	qadv-arbiter-7x7-rust-lambda-v0.1.0	-	qadv-arbiter-7x7-rust-lambda-v0.1.0	-	D	P	-
g1_3YPJkSBZynUpCDlZpAVLN1vQuIQeTLdnEBHW6eZrudk	s1_qfI5KbdQM8WmUX9xbK6WYoZ5Qvqi0iiSxAM9E_4v0mI	1unOL_	qadv-arbiter-7x7-rust-lambda-v0.1.0	-	qadv-arbiter-7x7-rust-lambda-v0.1.0	-	D	P	196
g1_3YXBYAPhJa_YHYJa9q18sX8Pv8X9JQ_TI8Pnv6aBjnI	s1_1av6nXQkq-GSHXfjkVlGHGpAq8F9UbW4JwZmyFA-vww	1umvCj	pathfinder-v0.3.0	-	gnn-warmstart-7x7	sha256:e000d50619c0241c30efdd1f5adb7a8b738c66859d33c3443c52a20f56fcc13a	L	P	196
g1_3YXBYAPhJa_YHYJa9q18sX8Pv8X9JQ_TI8Pnv6aBjnI	s1_QzXKB60HvV5g6-cJIu-NdpeFb1rCgFAJD1cxfdkoMm0	1umvCj	pathfinder-v0.3.0	-	gnn-warmstart-7x7	sha256:e000d50619c0241c30efdd1f5adb7a8b738c66859d33c3443c52a20f56fcc13a	L	P	196
g1_3YXBYAPhJa_YHYJa9q18sX8Pv8X9JQ_TI8Pnv6aBjnI	s1_mWPTef6xYbijjPhDIC6QgLRmu2mMSJAokNlIkx3vg54	1umvCj	pathfinder-v0.3.0	-	gnn-warmstart-7x7	sha256:e000d50619c0241c30efdd1f5adb7a8b738c66859d33c3443c52a20f56fcc13a	L	P	196
g1_3YgrZ_0KaPc3ph00W67zTbON9MR8lORKKn7fQ4UwoM4	s1_6PrtAH1YaTle_ilpdpZQYmQOSHALgquNiNXkCRVOicU	1unNM-	qadv-arbiter-7x7-rust-lambda-v0.1.0	-	qadv-arbiter-7x7-rust-lambda-v0.1.0	-	D	P	196
g1_3YgrZ_0KaPc3ph00W67zTbON9MR8lORKKn7fQ4UwoM4	s1_7ShuudqEk1H0k3KSf0S1sgD0kT0P_vlH7Qx0n7-JIJ0	1unNM-	qadv-arbiter-7x7-rust-lambda-v0.1.0	-	qadv-arbiter-7x7-rust-lambda-v0.1.0	-	D	P	196
g1_3YgrZ_0KaPc3ph00W67zTbON9MR8lORKKn7fQ4UwoM4	s1_RauLaTi4eVgYHSp2TV9pqs9uzTVv0B10g9TaHMWpcZ4	1unNM-	qadv-arbiter-7x7-rust-lambda-v0.1.0	-	qadv-arbiter-7x7-rust-lambda-v0.1.0	-	D	P	-
g1_3YgrZ_0KaPc3ph00W67zTbON9MR8lORKKn7fQ4UwoM4	s1_Y6Rvoj69ykPEEgYJcbrG9DufAGQu-5z4cm0YyVl6uvg	1unNM-	qadv-arbiter-7x7-rust-lambda-v0.1.0	-	qadv-arbiter-7x7-rust-lambda-v0.1.0	-	D	P	196
g1_3YkRKjvcbvIseOVZucCmYWrvbe9uD5IcDxvwJp1_Pg0	s1_1LB6NAgPOeCp4r8rQw4kUOIXWpEdWysFm5RZjWCQSgc	1umwP0	python-gnn-puct-learner-v0.1.0	sha256:ab0f739cd33d66781faf60e27797c5ccba3c04ba684f8d9e32e9c2754f4e8956	python-gnn-puct-learner-v0.1.0	sha256:ab0f739cd33d66781faf60e27797c5ccba3c04ba684f8d9e32e9c2754f4e8956	L	P	196
g1_3YkRKjvcbvIseOVZucCmYWrvbe9uD5IcDxvwJp1_Pg0	s1_P4NHYhwuVnEA-dG2X-UVeVotb84A5mwljbYTlTMqr8w	1umwP0	python-gnn-puct-learner-v0.1.0	sha256:ab0f739cd33d66781faf60e27797c5ccba3c04ba684f8d9e32e9c2754f4e8956	python-gnn-puct-learner-v0.1.0	sha256:ab0f739cd33d66781faf60e27797c5ccba3c04ba684f8d9e32e9c2754f4e8956	L	P	196
g1_3YqoH-O32uUyzia5gaAQDakbdB4m1qbrY8u0_pto8Ik	s1_-OKlJXuPFfAnukwGYITjiU7XKL4OC_qt76PC0TZSPjg	1umvgu	python-cnn-puct-v0.1.0	sha256:7845e9b7687beee165dc36b8d21833b7a8b5a83e31b58b49bd05c277ba26e642	python-cnn-puct-v0.1.0	sha256:7845e9b7687beee165dc36b8d21833b7a8b5a83e31b58b49bd05c277ba26e642	-	M	196
g1_3YqoH-O32uUyzia5gaAQDakbdB4m1qbrY8u0_pto8Ik	s1_1av6nXQkq-GSHXfjkVlGHGpAq8F9UbW4JwZmyFA-vww	1umvgu	python-cnn-puct-v0.1.0	sha256:7845e9b7687beee165dc36b8d21833b7a8b5a83e31b58b49bd05c277ba26e642	python-cnn-puct-v0.1.0	sha256:7845e9b7687beee165dc36b8d21833b7a8b5a83e31b58b49bd05c277ba26e642	-	M	196
g1_3YqoH-O32uUyzia5gaAQDakbdB4m1qbrY8u0_pto8Ik	s1_Brk0hkuJoH-MBjdd53AO5tlWcOgDWV_R0PO74fHGd_0	1umvgu	python-cnn-puct-v0.1.0	sha256:7845e9b7687beee165dc36b8d21833b7a8b5a83e31b58b49bd05c277ba26e642	python-cnn-puct-v0.1.0	sha256:7845e9b7687beee165dc36b8d21833b7a8b5a83e31b58b49bd05c277ba26e642	-	M	196
g1_3Z2JlEfCcyRGGP1xW1Y6eY6pnfweUyiEmb3NKIMp3kY	s1_RMR7wMnaYWX1AyIhRqOozAmkCVEaJjKrf8gP74qAQYc	1unNeZ	qadv-arbiter-7x7-rust-lambda-v0.1.0	-	qadv-arbiter-7x7-rust-lambda-v0.1.0	-	L	P	196
g1_3Z2JlEfCcyRGGP1xW1Y6eY6pnfweUyiEmb3NKIMp3kY	s1_RauLaTi4eVgYHSp2TV9pqs9uzTVv0B10g9TaHMWpcZ4	1unNeZ	qadv-arbiter-7x7-rust-lambda-v0.1.0	-	qadv-arbiter-7x7-rust-lambda-v0.1.0	-	L	P	-
g1_3Z2JlEfCcyRGGP1xW1Y6eY6pnfweUyiEmb3NKIMp3kY	s1_c0k-yPkD3OLpE8f-k1Hyywx79dnoJMOvn8gbkZXazAQ	1unNeZ	qadv-arbiter-7x7-rust-lambda-v0.1.0	-	qadv-arbiter-7x7-rust-lambda-v0.1.0	-	L	P	196
g1_3Z2JlEfCcyRGGP1xW1Y6eY6pnfweUyiEmb3NKIMp3kY	s1_z8Z7vphwS6nLFl9vhf7lvwJcwYN3Sutz7awuKDBmP2w	1unNeZ	qadv-arbiter-7x7-rust-lambda-v0.1.0	-	qadv-arbiter-7x7-rust-lambda-v0.1.0	-	L	P	196
g1_3Z6IvRfQkwqHuQ0Jht-WU39r15hsfYFiuG4vp73eKWo	s1_RauLaTi4eVgYHSp2TV9pqs9uzTVv0B10g9TaHMWpcZ4	1unP9R	qadv-arbiter-7x7-rust-lambda-v0.1.0	-	qadv-arbiter-7x7-rust-lambda-v0.1.0	-	D	P	-
g1_3Z6IvRfQkwqHuQ0Jht-WU39r15hsfYFiuG4vp73eKWo	s1_V1wBRE4T9WeSkROgG7aC9zrUAL893NxFWWPcRWqOJoA	1unP9R	qadv-arbiter-7x7-rust-lambda-v0.1.0	-	qadv-arbiter-7x7-rust-lambda-v0.1.0	-	D	P	196
g1_3Z6IvRfQkwqHuQ0Jht-WU39r15hsfYFiuG4vp73eKWo	s1_j75osEWPUfcROdaxGRyYMXMx_Nf1udv96NUI9aEbY14	1unP9R	qadv-arbiter-7x7-rust-lambda-v0.1.0	-	qadv-arbiter-7x7-rust-lambda-v0.1.0	-	D	P	196
g1_3Z6IvRfQkwqHuQ0Jht-WU39r15hsfYFiuG4vp73eKWo	s1_mMB0osSsogpO5lQ9CZVo8ZYMzXeSCUK-cjkmn-JPeig	1unP9R	qadv-arbiter-7x7-rust-lambda-v0.1.0	-	qadv-arbiter-7x7-rust-lambda-v0.1.0	-	D	P	196
g1_3ZDEZ1G2fCipsWzjy9MIHgfQcCrGVUym05gzlemvohA	s1_WVg7aYYLIrw6_-2mI3jQ-DPcLO4gX2sPEEqWQb0DGQA	1umxH1	python-cnn-puct-reval30k-v0.1.0	sha256:eb2600a53e225a835455efdb2759c40e27c5cb3c16ab0688bc21b99290ed10ee	python-cnn-puct-reval30k-v0.1.0	sha256:eb2600a53e225a835455efdb2759c40e27c5cb3c16ab0688bc21b99290ed10ee	L	P	196
g1_3ZYh5fkRKzpz_dL5QHcU0e74Rmogc0-qqNhjOcUGgHY	s1_MS-o_3GTtVRa_oF-Qzmw09UdLXw1yU1zys2ZjCY265w	1unMPc	qadv-arbiter-7x7-rust-lambda-v0.1.0	-	qadv-arbiter-7x7-rust-lambda-v0.1.0	-	L	P	196
g1_3ZYh5fkRKzpz_dL5QHcU0e74Rmogc0-qqNhjOcUGgHY	s1_RauLaTi4eVgYHSp2TV9pqs9uzTVv0B10g9TaHMWpcZ4	1unMPc	qadv-arbiter-7x7-rust-lambda-v0.1.0	-	qadv-arbiter-7x7-rust-lambda-v0.1.0	-	L	P	-
g1_3ZYh5fkRKzpz_dL5QHcU0e74Rmogc0-qqNhjOcUGgHY	s1_RuSt_xXx-3BSrgvsyEKPnOY-qxX419jZtIqvmAjt8T0	1unMPc	qadv-arbiter-7x7-rust-lambda-v0.1.0	-	qadv-arbiter-7x7-rust-lambda-v0.1.0	-	L	P	196
g1_3ZYh5fkRKzpz_dL5QHcU0e74Rmogc0-qqNhjOcUGgHY	s1_UcfmLuc5DXwPYoHGk4m-E8U1mx4H3r3TD11fF38pueM	1unMPc	qadv-arbiter-7x7-rust-lambda-v0.1.0	-	qadv-arbiter-7x7-rust-lambda-v0.1.0	-	L	P	196
g1_3Zficytb7KjDTOb2iB2mTKAhBjdrRbQz-uC4q4eGGbY	s1_1LB6NAgPOeCp4r8rQw4kUOIXWpEdWysFm5RZjWCQSgc	1umwXG	python-gnn-puct-learner-v0.1.0	sha256:ab0f739cd33d66781faf60e27797c5ccba3c04ba684f8d9e32e9c2754f4e8956	python-gnn-puct-learner-v0.1.0	sha256:ab0f739cd33d66781faf60e27797c5ccba3c04ba684f8d9e32e9c2754f4e8956	L	P	196
g1_3Zficytb7KjDTOb2iB2mTKAhBjdrRbQz-uC4q4eGGbY	s1_P4NHYhwuVnEA-dG2X-UVeVotb84A5mwljbYTlTMqr8w	1umwXG	python-gnn-puct-learner-v0.1.0	sha256:ab0f739cd33d66781faf60e27797c5ccba3c04ba684f8d9e32e9c2754f4e8956	python-gnn-puct-learner-v0.1.0	sha256:ab0f739cd33d66781faf60e27797c5ccba3c04ba684f8d9e32e9c2754f4e8956	L	P	196
g1_3ZhYYjx01ldSlYlAL7jwq6YcVwNvI6pF5o8DnCatpwg	s1_RauLaTi4eVgYHSp2TV9pqs9uzTVv0B10g9TaHMWpcZ4	1unM8p	qadv-arbiter-7x7-rust-lambda-v0.1.0	-	qadv-arbiter-7x7-rust-lambda-v0.1.0	-	L	P	-
g1_3ZhYYjx01ldSlYlAL7jwq6YcVwNvI6pF5o8DnCatpwg	s1_UvSsAU2o3_0ibmYLHKiLxjHxXcthlGgZ3Jkvt-_o8Kw	1unM8p	qadv-arbiter-7x7-rust-lambda-v0.1.0	-	qadv-arbiter-7x7-rust-lambda-v0.1.0	-	L	P	196
g1_3ZhYYjx01ldSlYlAL7jwq6YcVwNvI6pF5o8DnCatpwg	s1_vh-RFL7ZSvCDffD7sNaD5uv9Qmt-Zzd3R8h8p7oVOfk	1unM8p	qadv-arbiter-7x7-rust-lambda-v0.1.0	-	qadv-arbiter-7x7-rust-lambda-v0.1.0	-	L	P	196
g1_3ZhYYjx01ldSlYlAL7jwq6YcVwNvI6pF5o8DnCatpwg	s1_wpwnbP7kMnY3FNK1etRTcfKov1bHrGDji1C2_sHqihw	1unM8p	qadv-arbiter-7x7-rust-lambda-v0.1.0	-	qadv-arbiter-7x7-rust-lambda-v0.1.0	-	L	P	196
g1_3Zn0bSQmKx7ldUoQaStuTqYrwBl29-DfGQmKrDjpiTQ	s1_1av6nXQkq-GSHXfjkVlGHGpAq8F9UbW4JwZmyFA-vww	1DIWV	lunatic-v0.1.0	-	rust-pathfinder-v0.1.0	-	D	P	-
g1_3Zn0bSQmKx7ldUoQaStuTqYrwBl29-DfGQmKrDjpiTQ	s1_9Eroywf7tuDrn-hcfZPjlEa1DSRUykCRn9Z11u8ySIo	1DIWV	lunatic-v0.1.0	-	rust-pathfinder-v0.1.0	-	D	P	-
g1_3Zn0bSQmKx7ldUoQaStuTqYrwBl29-DfGQmKrDjpiTQ	s1_Brk0hkuJoH-MBjdd53AO5tlWcOgDWV_R0PO74fHGd_0	1DIWV	lunatic-v0.1.0	-	rust-pathfinder-v0.1.0	-	D	P	-
g1_3Zn0bSQmKx7ldUoQaStuTqYrwBl29-DfGQmKrDjpiTQ	s1_KmF8KhDbubz6lwdS8R_n_yTGdSONmH9B1wUABbyCj94	1DIWV	lunatic-v0.1.0	-	rust-pathfinder-v0.1.0	-	D	P	-
g1_3Zn0bSQmKx7ldUoQaStuTqYrwBl29-DfGQmKrDjpiTQ	s1_MKrI0a3Qd48rU7oZj28GrlQ3cHhIbUzS5ibiIW9aKy4	1DIWV	lunatic-v0.1.0	-	rust-pathfinder-v0.1.0	-	D	P	-
g1_3Zn0bSQmKx7ldUoQaStuTqYrwBl29-DfGQmKrDjpiTQ	s1_XloMUS0hxYEXf762lcPfaudsLmsH-CsOVZNVVU_obcA	1DIWV	lunatic-v0.1.0	-	rust-pathfinder-v0.1.0	-	D	P	-
g1_3Zn0bSQmKx7ldUoQaStuTqYrwBl29-DfGQmKrDjpiTQ	s1_g5pGkHBMEhzAYvwFY0b24sSc7wC9JfnWApMHHZ_aMPI	1DIWV	lunatic-v0.1.0	-	rust-pathfinder-v0.1.0	-	D	P	-
g1_3Ztw3Y0TxuG7DNkTNXTG9iF4kWWbpUtJbNm6vFK_G7A	s1_7FIu85-v_e-kbNsQ2UNk3yRt-KGcLyUjpmVwIc9cnfM	1umwMH	python-gnn-puct-scout-v0.1.0	sha256:b9f80706cc1f29076ee06fe06483697c749148a808c599579045d00a52573938	python-gnn-puct-scout-v0.1.0	sha256:b9f80706cc1f29076ee06fe06483697c749148a808c599579045d00a52573938	L	P	196
g1_3Ztw3Y0TxuG7DNkTNXTG9iF4kWWbpUtJbNm6vFK_G7A	s1_S8AGNBNcWBvWiwIo-AOAHPoHuZo2XvcsYvhgQxGTkrY	1umwMH	python-gnn-puct-scout-v0.1.0	sha256:b9f80706cc1f29076ee06fe06483697c749148a808c599579045d00a52573938	python-gnn-puct-scout-v0.1.0	sha256:b9f80706cc1f29076ee06fe06483697c749148a808c599579045d00a52573938	L	P	196
g1_3Zxwn0hXz5qYkCuHNDMC0LsIZlg9ABfvF6iBfO4NEq4	s1_Di3ELPHru9NlQ1iXsOARfJ4OR_XG7blqIus33-WCiD0	1unNXK	qadv-arbiter-7x7-rust-lambda-v0.1.0	-	qadv-arbiter-7x7-rust-lambda-v0.1.0	-	L	P	196
g1_3Zxwn0hXz5qYkCuHNDMC0LsIZlg9ABfvF6iBfO4NEq4	s1_RauLaTi4eVgYHSp2TV9pqs9uzTVv0B10g9TaHMWpcZ4	1unNXK	qadv-arbiter-7x7-rust-lambda-v0.1.0	-	qadv-arbiter-7x7-rust-lambda-v0.1.0	-	L	P	-
g1_3Zxwn0hXz5qYkCuHNDMC0LsIZlg9ABfvF6iBfO4NEq4	s1_WV7P4U73_3p7ZZhGLPhrHJqwhocDMwRQzEZy_ZXwbX8	1unNXK	qadv-arbiter-7x7-rust-lambda-v0.1.0	-	qadv-arbiter-7x7-rust-lambda-v0.1.0	-	L	P	196
g1_3Zxwn0hXz5qYkCuHNDMC0LsIZlg9ABfvF6iBfO4NEq4	s1_k7Dq0EHLQbLgvtXCAlgHeGPbckCYOz1FTBbSixjSkA8	1unNXK	qadv-arbiter-7x7-rust-lambda-v0.1.0	-	qadv-arbiter-7x7-rust-lambda-v0.1.0	-	L	P	196
g1_3ZzX7etlsgcKI9Iv0P3hOJpDOzg4u96les3hRdU2hiM	s1_2FtaP75xgRVTNrUvmC0NIesJCNy8IDFJ05WNM4nUnpg	1unQyc	qadv-arbiter-7x7-v0.1.0	-	surveyor-v0.2.0	-	D	P	196
g1_3ZzX7etlsgcKI9Iv0P3hOJpDOzg4u96les3hRdU2hiM	s1_RauLaTi4eVgYHSp2TV9pqs9uzTVv0B10g9TaHMWpcZ4	1unQyc	qadv-arbiter-7x7-v0.1.0	-	surveyor-v0.2.0	-	D	P	-
g1_3ZzX7etlsgcKI9Iv0P3hOJpDOzg4u96les3hRdU2hiM	s1_SdsHbcM4bFor8HsWUvUTqSq8x-5-G6WEPX0-N0VCf6w	1unQyc	qadv-arbiter-7x7-v0.1.0	-	surveyor-v0.2.0	-	D	P	196
g1_3ZzX7etlsgcKI9Iv0P3hOJpDOzg4u96les3hRdU2hiM	s1_ioA0kypoejVvc96WYF0n1OTFEwMQMUj502u36H8VjV8	1unQyc	qadv-arbiter-7x7-v0.1.0	-	surveyor-v0.2.0	-	D	P	196
g1_3_Qosjj9ufQNuQWuzc_ewK5OVrJcdEYh0T_SVmq1eKI	s1_7FIu85-v_e-kbNsQ2UNk3yRt-KGcLyUjpmVwIc9cnfM	1umwNx	python-gnn-puct-scout-v0.1.0	sha256:b9f80706cc1f29076ee06fe06483697c749148a808c599579045d00a52573938	python-gnn-puct-scout-v0.1.0	sha256:b9f80706cc1f29076ee06fe06483697c749148a808c599579045d00a52573938	L	P	196
g1_3_Qosjj9ufQNuQWuzc_ewK5OVrJcdEYh0T_SVmq1eKI	s1_S8AGNBNcWBvWiwIo-AOAHPoHuZo2XvcsYvhgQxGTkrY	1umwNx	python-gnn-puct-scout-v0.1.0	sha256:b9f80706cc1f29076ee06fe06483697c749148a808c599579045d00a52573938	python-gnn-puct-scout-v0.1.0	sha256:b9f80706cc1f29076ee06fe06483697c749148a808c599579045d00a52573938	L	P	196
g1_3_XX8XraulfkLtMlZOIbN7PO7i8KRnH244nkESzwAqk	s1_qtlitMa-GGx-0y2heoyNRonYXf1Dq5epTexnVe9Iqtw	1umxdE	python-gnn-puct-learner-v0.1.0	sha256:ab0f739cd33d66781faf60e27797c5ccba3c04ba684f8d9e32e9c2754f4e8956	python-gnn-puct-learner-v0.1.0	sha256:ab0f739cd33d66781faf60e27797c5ccba3c04ba684f8d9e32e9c2754f4e8956	D	P	196
g1_3_emrhy9fheqSHvq3mTt8FbN2RDq4kAa7BBrqpS2CJo	s1_PybIzTImCU52Cr6PvtODbgDsqnnS6NZA9FNr99FgOmk	1unNBo	qadv-arbiter-7x7-rust-lambda-v0.1.0	-	qadv-arbiter-7x7-rust-lambda-v0.1.0	-	L	P	196
g1_3_emrhy9fheqSHvq3mTt8FbN2RDq4kAa7BBrqpS2CJo	s1_RauLaTi4eVgYHSp2TV9pqs9uzTVv0B10g9TaHMWpcZ4	1unNBo	qadv-arbiter-7x7-rust-lambda-v0.1.0	-	qadv-arbiter-7x7-rust-lambda-v0.1.0	-	L	P	-
g1_3_emrhy9fheqSHvq3mTt8FbN2RDq4kAa7BBrqpS2CJo	s1_T0qiig3sq_ktdAc2VfVsZnyB92Q32JbtTrjrF7aUZt8	1unNBo	qadv-arbiter-7x7-rust-lambda-v0.1.0	-	qadv-arbiter-7x7-rust-lambda-v0.1.0	-	L	P	196
g1_3_emrhy9fheqSHvq3mTt8FbN2RDq4kAa7BBrqpS2CJo	s1_n2gDTEgoDV-dYrWHof6_sx6mTpzwoS0uHNFlnhDgSlA	1unNBo	qadv-arbiter-7x7-rust-lambda-v0.1.0	-	qadv-arbiter-7x7-rust-lambda-v0.1.0	-	L	P	196
g1_3_jJXF3-ociIZ1Sw4VsP1W2QodCkh5ExRtqbjzBFKTA	s1_1av6nXQkq-GSHXfjkVlGHGpAq8F9UbW4JwZmyFA-vww	1umvFb	pathfinder-v0.3.0	-	gnn-scout-beam10k-7x7	sha256:7d34820fd656875b3ac4a0142e8f22179d11b133feb3321d0eb735b2a7abd027	L	P	140
g1_3_jJXF3-ociIZ1Sw4VsP1W2QodCkh5ExRtqbjzBFKTA	s1_29kA8k4MmzN7V0Pg8oxKlfmERHqrpKkFdnvMLD8E4eg	1umv1X	pathfinder-v0.3.0	-	gnn-scout-puct32-7x7	sha256:7d34820fd656875b3ac4a0142e8f22179d11b133feb3321d0eb735b2a7abd027	L	P	140
g1_3_jJXF3-ociIZ1Sw4VsP1W2QodCkh5ExRtqbjzBFKTA	s1_29kA8k4MmzN7V0Pg8oxKlfmERHqrpKkFdnvMLD8E4eg	1umvCT	pathfinder-v0.3.0	-	gnn-scout-beam-7x7	sha256:7d34820fd656875b3ac4a0142e8f22179d11b133feb3321d0eb735b2a7abd027	L	P	140
g1_3_jJXF3-ociIZ1Sw4VsP1W2QodCkh5ExRtqbjzBFKTA	s1_29kA8k4MmzN7V0Pg8oxKlfmERHqrpKkFdnvMLD8E4eg	1umvNP	pathfinder-v0.3.0	-	gnn-scout-hybrid-beam-7x7	sha256:7d34820fd656875b3ac4a0142e8f22179d11b133feb3321d0eb735b2a7abd027	L	P	140
g1_3_jJXF3-ociIZ1Sw4VsP1W2QodCkh5ExRtqbjzBFKTA	s1_99dXAlxVQMrCgX-ESN-R42mkyn8fttQRcm5UJaJ4xlc	1umvFb	pathfinder-v0.3.0	-	gnn-scout-beam10k-7x7	sha256:7d34820fd656875b3ac4a0142e8f22179d11b133feb3321d0eb735b2a7abd027	L	P	140
g1_3_jJXF3-ociIZ1Sw4VsP1W2QodCkh5ExRtqbjzBFKTA	s1_Brk0hkuJoH-MBjdd53AO5tlWcOgDWV_R0PO74fHGd_0	1umvFb	pathfinder-v0.3.0	-	gnn-scout-beam10k-7x7	sha256:7d34820fd656875b3ac4a0142e8f22179d11b133feb3321d0eb735b2a7abd027	L	P	140
g1_3_jJXF3-ociIZ1Sw4VsP1W2QodCkh5ExRtqbjzBFKTA	s1_H11Im6TAXGtuXuM9W_b4GjUfWsoAqETkE_O5Ia4yaBs	1umv35	pathfinder-v0.3.0	-	qadv-arbiter-7x7-v0.1.0	sha256:7b3c359aa5f27dccf72cbf196fa8adfbbeb2be2d7ba55c424030963a0047dbda	L	P	196
g1_3_jJXF3-ociIZ1Sw4VsP1W2QodCkh5ExRtqbjzBFKTA	s1_PHW9kVw0NsLdMi1wg6F8yazy1aI9kEkH5dMcH_gafG8	1umv1X	pathfinder-v0.3.0	-	gnn-scout-puct32-7x7	sha256:7d34820fd656875b3ac4a0142e8f22179d11b133feb3321d0eb735b2a7abd027	L	P	140
g1_3_jJXF3-ociIZ1Sw4VsP1W2QodCkh5ExRtqbjzBFKTA	s1_PHW9kVw0NsLdMi1wg6F8yazy1aI9kEkH5dMcH_gafG8	1umv7n	pathfinder-v0.3.0	-	gnn-scout-beam-7x7	sha256:7d34820fd656875b3ac4a0142e8f22179d11b133feb3321d0eb735b2a7abd027	L	P	140
g1_3_jJXF3-ociIZ1Sw4VsP1W2QodCkh5ExRtqbjzBFKTA	s1_PHW9kVw0NsLdMi1wg6F8yazy1aI9kEkH5dMcH_gafG8	1umvE1	pathfinder-v0.3.0	-	gnn-scout-hybrid-beam-7x7	sha256:7d34820fd656875b3ac4a0142e8f22179d11b133feb3321d0eb735b2a7abd027	L	P	140
g1_3_jJXF3-ociIZ1Sw4VsP1W2QodCkh5ExRtqbjzBFKTA	s1_dcEgf_s_8JfAgzbYFm9Z15BWrFU6bsc6MzE1gZNvlP4	1umv1X	pathfinder-v0.3.0	-	gnn-scout-puct32-7x7	sha256:7d34820fd656875b3ac4a0142e8f22179d11b133feb3321d0eb735b2a7abd027	L	P	140
g1_3_jJXF3-ociIZ1Sw4VsP1W2QodCkh5ExRtqbjzBFKTA	s1_dcEgf_s_8JfAgzbYFm9Z15BWrFU6bsc6MzE1gZNvlP4	1umv7n	pathfinder-v0.3.0	-	gnn-scout-beam-7x7	sha256:7d34820fd656875b3ac4a0142e8f22179d11b133feb3321d0eb735b2a7abd027	L	P	140
g1_3_jJXF3-ociIZ1Sw4VsP1W2QodCkh5ExRtqbjzBFKTA	s1_dcEgf_s_8JfAgzbYFm9Z15BWrFU6bsc6MzE1gZNvlP4	1umvCT	pathfinder-v0.3.0	-	gnn-scout-beam-7x7	sha256:7d34820fd656875b3ac4a0142e8f22179d11b133feb3321d0eb735b2a7abd027	L	P	140
g1_3_jJXF3-ociIZ1Sw4VsP1W2QodCkh5ExRtqbjzBFKTA	s1_dcEgf_s_8JfAgzbYFm9Z15BWrFU6bsc6MzE1gZNvlP4	1umvE1	pathfinder-v0.3.0	-	gnn-scout-hybrid-beam-7x7	sha256:7d34820fd656875b3ac4a0142e8f22179d11b133feb3321d0eb735b2a7abd027	L	P	140
g1_3_jJXF3-ociIZ1Sw4VsP1W2QodCkh5ExRtqbjzBFKTA	s1_dcEgf_s_8JfAgzbYFm9Z15BWrFU6bsc6MzE1gZNvlP4	1umvFb	pathfinder-v0.3.0	-	gnn-scout-beam10k-7x7	sha256:7d34820fd656875b3ac4a0142e8f22179d11b133feb3321d0eb735b2a7abd027	L	P	140
g1_3_jJXF3-ociIZ1Sw4VsP1W2QodCkh5ExRtqbjzBFKTA	s1_dcEgf_s_8JfAgzbYFm9Z15BWrFU6bsc6MzE1gZNvlP4	1umvNP	pathfinder-v0.3.0	-	gnn-scout-hybrid-beam-7x7	sha256:7d34820fd656875b3ac4a0142e8f22179d11b133feb3321d0eb735b2a7abd027	L	P	140
g1_3_jJXF3-ociIZ1Sw4VsP1W2QodCkh5ExRtqbjzBFKTA	s1_g5yymKOnNq9sNu5cAHqJTO_Mjzkcnp2bTQULq-htAAI	1umv4f	pathfinder-v0.3.0	-	qadv-arbiter-7x7-v0.1.0	sha256:7b3c359aa5f27dccf72cbf196fa8adfbbeb2be2d7ba55c424030963a0047dbda	L	P	196
g1_3_jJXF3-ociIZ1Sw4VsP1W2QodCkh5ExRtqbjzBFKTA	s1_j4d1v1_LNbTk00w5n1jGujvl6wL4zkmaTRpYiVJ1pr8	1umv1X	pathfinder-v0.3.0	-	gnn-scout-puct32-7x7	sha256:7d34820fd656875b3ac4a0142e8f22179d11b133feb3321d0eb735b2a7abd027	L	P	140
g1_3_jJXF3-ociIZ1Sw4VsP1W2QodCkh5ExRtqbjzBFKTA	s1_o8VDE_rufhiJc4CyCr7EAleCLbKm1Mcsexv9hO90a40	1umv6D	pathfinder-v0.3.0	-	qadv-arbiter-7x7-v0.1.0	sha256:7b3c359aa5f27dccf72cbf196fa8adfbbeb2be2d7ba55c424030963a0047dbda	L	P	196
g1_3_jJXF3-ociIZ1Sw4VsP1W2QodCkh5ExRtqbjzBFKTA	s1_o8VDE_rufhiJc4CyCr7EAleCLbKm1Mcsexv9hO90a40	1umv6F	pathfinder-v0.3.0	-	qadv-arbiter-7x7-v0.1.0	sha256:7b3c359aa5f27dccf72cbf196fa8adfbbeb2be2d7ba55c424030963a0047dbda	L	P	196
g1_3_jJXF3-ociIZ1Sw4VsP1W2QodCkh5ExRtqbjzBFKTA	s1_o8VDE_rufhiJc4CyCr7EAleCLbKm1Mcsexv9hO90a40	1umv6H	pathfinder-v0.3.0	-	qadv-arbiter-7x7-v0.1.0	sha256:7b3c359aa5f27dccf72cbf196fa8adfbbeb2be2d7ba55c424030963a0047dbda	L	P	196
g1_3_jJXF3-ociIZ1Sw4VsP1W2QodCkh5ExRtqbjzBFKTA	s1_o8VDE_rufhiJc4CyCr7EAleCLbKm1Mcsexv9hO90a40	1umv6J	pathfinder-v0.3.0	-	qadv-arbiter-7x7-v0.1.0	sha256:7b3c359aa5f27dccf72cbf196fa8adfbbeb2be2d7ba55c424030963a0047dbda	L	P	196
g1_3_jJXF3-ociIZ1Sw4VsP1W2QodCkh5ExRtqbjzBFKTA	s1_o8VDE_rufhiJc4CyCr7EAleCLbKm1Mcsexv9hO90a40	1umv6L	pathfinder-v0.3.0	-	qadv-arbiter-7x7-v0.1.0	sha256:7b3c359aa5f27dccf72cbf196fa8adfbbeb2be2d7ba55c424030963a0047dbda	L	P	196
g1_3_jJXF3-ociIZ1Sw4VsP1W2QodCkh5ExRtqbjzBFKTA	s1_o8VDE_rufhiJc4CyCr7EAleCLbKm1Mcsexv9hO90a40	1umv6N	pathfinder-v0.3.0	-	qadv-arbiter-7x7-v0.1.0	sha256:7b3c359aa5f27dccf72cbf196fa8adfbbeb2be2d7ba55c424030963a0047dbda	L	P	196
g1_3_jJXF3-ociIZ1Sw4VsP1W2QodCkh5ExRtqbjzBFKTA	s1_o8VDE_rufhiJc4CyCr7EAleCLbKm1Mcsexv9hO90a40	1umv6P	pathfinder-v0.3.0	-	qadv-arbiter-7x7-v0.1.0	sha256:7b3c359aa5f27dccf72cbf196fa8adfbbeb2be2d7ba55c424030963a0047dbda	L	P	196
g1_3_jJXF3-ociIZ1Sw4VsP1W2QodCkh5ExRtqbjzBFKTA	s1_o8VDE_rufhiJc4CyCr7EAleCLbKm1Mcsexv9hO90a40	1umv6R	pathfinder-v0.3.0	-	qadv-arbiter-7x7-v0.1.0	sha256:7b3c359aa5f27dccf72cbf196fa8adfbbeb2be2d7ba55c424030963a0047dbda	L	P	196
g1_3_jJXF3-ociIZ1Sw4VsP1W2QodCkh5ExRtqbjzBFKTA	s1_o8VDE_rufhiJc4CyCr7EAleCLbKm1Mcsexv9hO90a40	1umv6T	pathfinder-v0.3.0	-	qadv-arbiter-7x7-v0.1.0	sha256:7b3c359aa5f27dccf72cbf196fa8adfbbeb2be2d7ba55c424030963a0047dbda	L	P	196
g1_3_jJXF3-ociIZ1Sw4VsP1W2QodCkh5ExRtqbjzBFKTA	s1_o8VDE_rufhiJc4CyCr7EAleCLbKm1Mcsexv9hO90a40	1umv6V	pathfinder-v0.3.0	-	qadv-arbiter-7x7-v0.1.0	sha256:7b3c359aa5f27dccf72cbf196fa8adfbbeb2be2d7ba55c424030963a0047dbda	L	P	196
g1_3_jJXF3-ociIZ1Sw4VsP1W2QodCkh5ExRtqbjzBFKTA	s1_o8VDE_rufhiJc4CyCr7EAleCLbKm1Mcsexv9hO90a40	1umv6X	pathfinder-v0.3.0	-	qadv-arbiter-7x7-v0.1.0	sha256:7b3c359aa5f27dccf72cbf196fa8adfbbeb2be2d7ba55c424030963a0047dbda	L	P	196
g1_3_jJXF3-ociIZ1Sw4VsP1W2QodCkh5ExRtqbjzBFKTA	s1_o8VDE_rufhiJc4CyCr7EAleCLbKm1Mcsexv9hO90a40	1umv6Z	pathfinder-v0.3.0	-	qadv-arbiter-7x7-v0.1.0	sha256:7b3c359aa5f27dccf72cbf196fa8adfbbeb2be2d7ba55c424030963a0047dbda	L	P	196
g1_3_jJXF3-ociIZ1Sw4VsP1W2QodCkh5ExRtqbjzBFKTA	s1_o8VDE_rufhiJc4CyCr7EAleCLbKm1Mcsexv9hO90a40	1umv6_	pathfinder-v0.3.0	-	qadv-arbiter-7x7-v0.1.0	sha256:7b3c359aa5f27dccf72cbf196fa8adfbbeb2be2d7ba55c424030963a0047dbda	L	P	196
g1_3_jJXF3-ociIZ1Sw4VsP1W2QodCkh5ExRtqbjzBFKTA	s1_o8VDE_rufhiJc4CyCr7EAleCLbKm1Mcsexv9hO90a40	1umv6b	pathfinder-v0.3.0	-	qadv-arbiter-7x7-v0.1.0	sha256:7b3c359aa5f27dccf72cbf196fa8adfbbeb2be2d7ba55c424030963a0047dbda	L	P	196
g1_3_jJXF3-ociIZ1Sw4VsP1W2QodCkh5ExRtqbjzBFKTA	s1_o8VDE_rufhiJc4CyCr7EAleCLbKm1Mcsexv9hO90a40	1umv6d	pathfinder-v0.3.0	-	qadv-arbiter-7x7-v0.1.0	sha256:7b3c359aa5f27dccf72cbf196fa8adfbbeb2be2d7ba55c424030963a0047dbda	L	P	196
g1_3_jJXF3-ociIZ1Sw4VsP1W2QodCkh5ExRtqbjzBFKTA	s1_o8VDE_rufhiJc4CyCr7EAleCLbKm1Mcsexv9hO90a40	1umv6f	pathfinder-v0.3.0	-	qadv-arbiter-7x7-v0.1.0	sha256:7b3c359aa5f27dccf72cbf196fa8adfbbeb2be2d7ba55c424030963a0047dbda	L	P	196
g1_3_jJXF3-ociIZ1Sw4VsP1W2QodCkh5ExRtqbjzBFKTA	s1_o8VDE_rufhiJc4CyCr7EAleCLbKm1Mcsexv9hO90a40	1umv6h	pathfinder-v0.3.0	-	qadv-arbiter-7x7-v0.1.0	sha256:7b3c359aa5f27dccf72cbf196fa8adfbbeb2be2d7ba55c424030963a0047dbda	L	P	196
g1_3_jJXF3-ociIZ1Sw4VsP1W2QodCkh5ExRtqbjzBFKTA	s1_o8VDE_rufhiJc4CyCr7EAleCLbKm1Mcsexv9hO90a40	1umv6j	pathfinder-v0.3.0	-	qadv-arbiter-7x7-v0.1.0	sha256:7b3c359aa5f27dccf72cbf196fa8adfbbeb2be2d7ba55c424030963a0047dbda	L	P	196
g1_3_jJXF3-ociIZ1Sw4VsP1W2QodCkh5ExRtqbjzBFKTA	s1_o8VDE_rufhiJc4CyCr7EAleCLbKm1Mcsexv9hO90a40	1umv6l	pathfinder-v0.3.0	-	qadv-arbiter-7x7-v0.1.0	sha256:7b3c359aa5f27dccf72cbf196fa8adfbbeb2be2d7ba55c424030963a0047dbda	L	P	196
g1_3_jJXF3-ociIZ1Sw4VsP1W2QodCkh5ExRtqbjzBFKTA	s1_o8VDE_rufhiJc4CyCr7EAleCLbKm1Mcsexv9hO90a40	1umv6n	pathfinder-v0.3.0	-	qadv-arbiter-7x7-v0.1.0	sha256:7b3c359aa5f27dccf72cbf196fa8adfbbeb2be2d7ba55c424030963a0047dbda	L	P	196
g1_3_jJXF3-ociIZ1Sw4VsP1W2QodCkh5ExRtqbjzBFKTA	s1_o8VDE_rufhiJc4CyCr7EAleCLbKm1Mcsexv9hO90a40	1umv6p	pathfinder-v0.3.0	-	qadv-arbiter-7x7-v0.1.0	sha256:7b3c359aa5f27dccf72cbf196fa8adfbbeb2be2d7ba55c424030963a0047dbda	L	P	196
g1_3_jJXF3-ociIZ1Sw4VsP1W2QodCkh5ExRtqbjzBFKTA	s1_o8VDE_rufhiJc4CyCr7EAleCLbKm1Mcsexv9hO90a40	1umv6r	pathfinder-v0.3.0	-	qadv-arbiter-7x7-v0.1.0	sha256:7b3c359aa5f27dccf72cbf196fa8adfbbeb2be2d7ba55c424030963a0047dbda	L	P	196
g1_3_jJXF3-ociIZ1Sw4VsP1W2QodCkh5ExRtqbjzBFKTA	s1_o8VDE_rufhiJc4CyCr7EAleCLbKm1Mcsexv9hO90a40	1umv6t	pathfinder-v0.3.0	-	qadv-arbiter-7x7-v0.1.0	sha256:7b3c359aa5f27dccf72cbf196fa8adfbbeb2be2d7ba55c424030963a0047dbda	L	P	196
g1_3_jJXF3-ociIZ1Sw4VsP1W2QodCkh5ExRtqbjzBFKTA	s1_o8VDE_rufhiJc4CyCr7EAleCLbKm1Mcsexv9hO90a40	1umv6v	pathfinder-v0.3.0	-	qadv-arbiter-7x7-v0.1.0	sha256:7b3c359aa5f27dccf72cbf196fa8adfbbeb2be2d7ba55c424030963a0047dbda	L	P	196
g1_3_jJXF3-ociIZ1Sw4VsP1W2QodCkh5ExRtqbjzBFKTA	s1_o8VDE_rufhiJc4CyCr7EAleCLbKm1Mcsexv9hO90a40	1umv6x	pathfinder-v0.3.0	-	qadv-arbiter-7x7-v0.1.0	sha256:7b3c359aa5f27dccf72cbf196fa8adfbbeb2be2d7ba55c424030963a0047dbda	L	P	196
g1_3_jJXF3-ociIZ1Sw4VsP1W2QodCkh5ExRtqbjzBFKTA	s1_o8VDE_rufhiJc4CyCr7EAleCLbKm1Mcsexv9hO90a40	1umv6z	pathfinder-v0.3.0	-	qadv-arbiter-7x7-v0.1.0	sha256:7b3c359aa5f27dccf72cbf196fa8adfbbeb2be2d7ba55c424030963a0047dbda	L	P	196
g1_3_jJXF3-ociIZ1Sw4VsP1W2QodCkh5ExRtqbjzBFKTA	s1_o8VDE_rufhiJc4CyCr7EAleCLbKm1Mcsexv9hO90a40	1umv71	pathfinder-v0.3.0	-	qadv-arbiter-7x7-v0.1.0	sha256:7b3c359aa5f27dccf72cbf196fa8adfbbeb2be2d7ba55c424030963a0047dbda	L	P	196
g1_3_jJXF3-ociIZ1Sw4VsP1W2QodCkh5ExRtqbjzBFKTA	s1_o8VDE_rufhiJc4CyCr7EAleCLbKm1Mcsexv9hO90a40	1umv73	pathfinder-v0.3.0	-	qadv-arbiter-7x7-v0.1.0	sha256:7b3c359aa5f27dccf72cbf196fa8adfbbeb2be2d7ba55c424030963a0047dbda	L	P	196
g1_3_jJXF3-ociIZ1Sw4VsP1W2QodCkh5ExRtqbjzBFKTA	s1_o8VDE_rufhiJc4CyCr7EAleCLbKm1Mcsexv9hO90a40	1umv75	pathfinder-v0.3.0	-	qadv-arbiter-7x7-v0.1.0	sha256:7b3c359aa5f27dccf72cbf196fa8adfbbeb2be2d7ba55c424030963a0047dbda	L	P	196
g1_3_jJXF3-ociIZ1Sw4VsP1W2QodCkh5ExRtqbjzBFKTA	s1_o8VDE_rufhiJc4CyCr7EAleCLbKm1Mcsexv9hO90a40	1umv77	pathfinder-v0.3.0	-	qadv-arbiter-7x7-v0.1.0	sha256:7b3c359aa5f27dccf72cbf196fa8adfbbeb2be2d7ba55c424030963a0047dbda	L	P	196
g1_3_jJXF3-ociIZ1Sw4VsP1W2QodCkh5ExRtqbjzBFKTA	s1_o8VDE_rufhiJc4CyCr7EAleCLbKm1Mcsexv9hO90a40	1umv79	pathfinder-v0.3.0	-	qadv-arbiter-7x7-v0.1.0	sha256:7b3c359aa5f27dccf72cbf196fa8adfbbeb2be2d7ba55c424030963a0047dbda	L	P	196
g1_3_jJXF3-ociIZ1Sw4VsP1W2QodCkh5ExRtqbjzBFKTA	s1_o8VDE_rufhiJc4CyCr7EAleCLbKm1Mcsexv9hO90a40	1umv7B	pathfinder-v0.3.0	-	qadv-arbiter-7x7-v0.1.0	sha256:7b3c359aa5f27dccf72cbf196fa8adfbbeb2be2d7ba55c424030963a0047dbda	L	P	196
g1_3_jJXF3-ociIZ1Sw4VsP1W2QodCkh5ExRtqbjzBFKTA	s1_o8VDE_rufhiJc4CyCr7EAleCLbKm1Mcsexv9hO90a40	1umv7D	pathfinder-v0.3.0	-	qadv-arbiter-7x7-v0.1.0	sha256:7b3c359aa5f27dccf72cbf196fa8adfbbeb2be2d7ba55c424030963a0047dbda	L	P	196
g1_3_jJXF3-ociIZ1Sw4VsP1W2QodCkh5ExRtqbjzBFKTA	s1_o8VDE_rufhiJc4CyCr7EAleCLbKm1Mcsexv9hO90a40	1umv7F	pathfinder-v0.3.0	-	qadv-arbiter-7x7-v0.1.0	sha256:7b3c359aa5f27dccf72cbf196fa8adfbbeb2be2d7ba55c424030963a0047dbda	L	P	196
g1_3_jJXF3-ociIZ1Sw4VsP1W2QodCkh5ExRtqbjzBFKTA	s1_o8VDE_rufhiJc4CyCr7EAleCLbKm1Mcsexv9hO90a40	1umv7H	pathfinder-v0.3.0	-	qadv-arbiter-7x7-v0.1.0	sha256:7b3c359aa5f27dccf72cbf196fa8adfbbeb2be2d7ba55c424030963a0047dbda	L	P	196
g1_3_jJXF3-ociIZ1Sw4VsP1W2QodCkh5ExRtqbjzBFKTA	s1_o8VDE_rufhiJc4CyCr7EAleCLbKm1Mcsexv9hO90a40	1umv7J	pathfinder-v0.3.0	-	qadv-arbiter-7x7-v0.1.0	sha256:7b3c359aa5f27dccf72cbf196fa8adfbbeb2be2d7ba55c424030963a0047dbda	L	P	196
g1_3_jJXF3-ociIZ1Sw4VsP1W2QodCkh5ExRtqbjzBFKTA	s1_o8VDE_rufhiJc4CyCr7EAleCLbKm1Mcsexv9hO90a40	1umv7L	pathfinder-v0.3.0	-	qadv-arbiter-7x7-v0.1.0	sha256:7b3c359aa5f27dccf72cbf196fa8adfbbeb2be2d7ba55c424030963a0047dbda	L	P	196
g1_3_jJXF3-ociIZ1Sw4VsP1W2QodCkh5ExRtqbjzBFKTA	s1_o8VDE_rufhiJc4CyCr7EAleCLbKm1Mcsexv9hO90a40	1umv7N	pathfinder-v0.3.0	-	qadv-arbiter-7x7-v0.1.0	sha256:7b3c359aa5f27dccf72cbf196fa8adfbbeb2be2d7ba55c424030963a0047dbda	L	P	196
g1_3_jJXF3-ociIZ1Sw4VsP1W2QodCkh5ExRtqbjzBFKTA	s1_o8VDE_rufhiJc4CyCr7EAleCLbKm1Mcsexv9hO90a40	1umv7P	pathfinder-v0.3.0	-	qadv-arbiter-7x7-v0.1.0	sha256:7b3c359aa5f27dccf72cbf196fa8adfbbeb2be2d7ba55c424030963a0047dbda	L	P	196
g1_3_jJXF3-ociIZ1Sw4VsP1W2QodCkh5ExRtqbjzBFKTA	s1_o8VDE_rufhiJc4CyCr7EAleCLbKm1Mcsexv9hO90a40	1umv7R	pathfinder-v0.3.0	-	qadv-arbiter-7x7-v0.1.0	sha256:7b3c359aa5f27dccf72cbf196fa8adfbbeb2be2d7ba55c424030963a0047dbda	L	P	196
g1_3_jJXF3-ociIZ1Sw4VsP1W2QodCkh5ExRtqbjzBFKTA	s1_o8VDE_rufhiJc4CyCr7EAleCLbKm1Mcsexv9hO90a40	1umv7T	pathfinder-v0.3.0	-	qadv-arbiter-7x7-v0.1.0	sha256:7b3c359aa5f27dccf72cbf196fa8adfbbeb2be2d7ba55c424030963a0047dbda	L	P	196
g1_3_jJXF3-ociIZ1Sw4VsP1W2QodCkh5ExRtqbjzBFKTA	s1_o8VDE_rufhiJc4CyCr7EAleCLbKm1Mcsexv9hO90a40	1umv7V	pathfinder-v0.3.0	-	qadv-arbiter-7x7-v0.1.0	sha256:7b3c359aa5f27dccf72cbf196fa8adfbbeb2be2d7ba55c424030963a0047dbda	L	P	196
g1_3_jJXF3-ociIZ1Sw4VsP1W2QodCkh5ExRtqbjzBFKTA	s1_o8VDE_rufhiJc4CyCr7EAleCLbKm1Mcsexv9hO90a40	1umv7X	pathfinder-v0.3.0	-	qadv-arbiter-7x7-v0.1.0	sha256:7b3c359aa5f27dccf72cbf196fa8adfbbeb2be2d7ba55c424030963a0047dbda	L	P	196
g1_3_jJXF3-ociIZ1Sw4VsP1W2QodCkh5ExRtqbjzBFKTA	s1_o8VDE_rufhiJc4CyCr7EAleCLbKm1Mcsexv9hO90a40	1umv7Z	pathfinder-v0.3.0	-	qadv-arbiter-7x7-v0.1.0	sha256:7b3c359aa5f27dccf72cbf196fa8adfbbeb2be2d7ba55c424030963a0047dbda	L	P	196
g1_3_jJXF3-ociIZ1Sw4VsP1W2QodCkh5ExRtqbjzBFKTA	s1_o8VDE_rufhiJc4CyCr7EAleCLbKm1Mcsexv9hO90a40	1umv7_	pathfinder-v0.3.0	-	qadv-arbiter-7x7-v0.1.0	sha256:7b3c359aa5f27dccf72cbf196fa8adfbbeb2be2d7ba55c424030963a0047dbda	L	P	196
g1_3_jJXF3-ociIZ1Sw4VsP1W2QodCkh5ExRtqbjzBFKTA	s1_o8VDE_rufhiJc4CyCr7EAleCLbKm1Mcsexv9hO90a40	1umv7b	pathfinder-v0.3.0	-	qadv-arbiter-7x7-v0.1.0	sha256:7b3c359aa5f27dccf72cbf196fa8adfbbeb2be2d7ba55c424030963a0047dbda	L	P	196
g1_3_jJXF3-ociIZ1Sw4VsP1W2QodCkh5ExRtqbjzBFKTA	s1_o8VDE_rufhiJc4CyCr7EAleCLbKm1Mcsexv9hO90a40	1umv7d	pathfinder-v0.3.0	-	qadv-arbiter-7x7-v0.1.0	sha256:7b3c359aa5f27dccf72cbf196fa8adfbbeb2be2d7ba55c424030963a0047dbda	L	P	196
g1_3_jJXF3-ociIZ1Sw4VsP1W2QodCkh5ExRtqbjzBFKTA	s1_o8VDE_rufhiJc4CyCr7EAleCLbKm1Mcsexv9hO90a40	1umv7f	pathfinder-v0.3.0	-	qadv-arbiter-7x7-v0.1.0	sha256:7b3c359aa5f27dccf72cbf196fa8adfbbeb2be2d7ba55c424030963a0047dbda	L	P	196
g1_3_jJXF3-ociIZ1Sw4VsP1W2QodCkh5ExRtqbjzBFKTA	s1_o8VDE_rufhiJc4CyCr7EAleCLbKm1Mcsexv9hO90a40	1umv7h	pathfinder-v0.3.0	-	qadv-arbiter-7x7-v0.1.0	sha256:7b3c359aa5f27dccf72cbf196fa8adfbbeb2be2d7ba55c424030963a0047dbda	L	P	196
g1_3_jJXF3-ociIZ1Sw4VsP1W2QodCkh5ExRtqbjzBFKTA	s1_o8VDE_rufhiJc4CyCr7EAleCLbKm1Mcsexv9hO90a40	1umv7j	pathfinder-v0.3.0	-	qadv-arbiter-7x7-v0.1.0	sha256:7b3c359aa5f27dccf72cbf196fa8adfbbeb2be2d7ba55c424030963a0047dbda	L	P	196
g1_3_jJXF3-ociIZ1Sw4VsP1W2QodCkh5ExRtqbjzBFKTA	s1_o8VDE_rufhiJc4CyCr7EAleCLbKm1Mcsexv9hO90a40	1umv7l	pathfinder-v0.3.0	-	qadv-arbiter-7x7-v0.1.0	sha256:7b3c359aa5f27dccf72cbf196fa8adfbbeb2be2d7ba55c424030963a0047dbda	L	P	196
g1_3_jJXF3-ociIZ1Sw4VsP1W2QodCkh5ExRtqbjzBFKTA	s1_o8VDE_rufhiJc4CyCr7EAleCLbKm1Mcsexv9hO90a40	1umv7n	pathfinder-v0.3.0	-	qadv-arbiter-7x7-v0.1.0	sha256:7b3c359aa5f27dccf72cbf196fa8adfbbeb2be2d7ba55c424030963a0047dbda	L	P	196
g1_3_jJXF3-ociIZ1Sw4VsP1W2QodCkh5ExRtqbjzBFKTA	s1_o8VDE_rufhiJc4CyCr7EAleCLbKm1Mcsexv9hO90a40	1umv7p	pathfinder-v0.3.0	-	qadv-arbiter-7x7-v0.1.0	sha256:7b3c359aa5f27dccf72cbf196fa8adfbbeb2be2d7ba55c424030963a0047dbda	L	P	196
g1_3_jJXF3-ociIZ1Sw4VsP1W2QodCkh5ExRtqbjzBFKTA	s1_o8VDE_rufhiJc4CyCr7EAleCLbKm1Mcsexv9hO90a40	1umv7r	pathfinder-v0.3.0	-	qadv-arbiter-7x7-v0.1.0	sha256:7b3c359aa5f27dccf72cbf196fa8adfbbeb2be2d7ba55c424030963a0047dbda	L	P	196
g1_3_jJXF3-ociIZ1Sw4VsP1W2QodCkh5ExRtqbjzBFKTA	s1_o8VDE_rufhiJc4CyCr7EAleCLbKm1Mcsexv9hO90a40	1umv7t	pathfinder-v0.3.0	-	qadv-arbiter-7x7-v0.1.0	sha256:7b3c359aa5f27dccf72cbf196fa8adfbbeb2be2d7ba55c424030963a0047dbda	L	P	196
g1_3_jJXF3-ociIZ1Sw4VsP1W2QodCkh5ExRtqbjzBFKTA	s1_o8VDE_rufhiJc4CyCr7EAleCLbKm1Mcsexv9hO90a40	1umv7v	pathfinder-v0.3.0	-	qadv-arbiter-7x7-v0.1.0	sha256:7b3c359aa5f27dccf72cbf196fa8adfbbeb2be2d7ba55c424030963a0047dbda	L	P	196
g1_3_jJXF3-ociIZ1Sw4VsP1W2QodCkh5ExRtqbjzBFKTA	s1_o8VDE_rufhiJc4CyCr7EAleCLbKm1Mcsexv9hO90a40	1umv7x	pathfinder-v0.3.0	-	qadv-arbiter-7x7-v0.1.0	sha256:7b3c359aa5f27dccf72cbf196fa8adfbbeb2be2d7ba55c424030963a0047dbda	L	P	196
g1_3_jJXF3-ociIZ1Sw4VsP1W2QodCkh5ExRtqbjzBFKTA	s1_o8VDE_rufhiJc4CyCr7EAleCLbKm1Mcsexv9hO90a40	1umv7z	pathfinder-v0.3.0	-	qadv-arbiter-7x7-v0.1.0	sha256:7b3c359aa5f27dccf72cbf196fa8adfbbeb2be2d7ba55c424030963a0047dbda	L	P	196
g1_3_jJXF3-ociIZ1Sw4VsP1W2QodCkh5ExRtqbjzBFKTA	s1_o8VDE_rufhiJc4CyCr7EAleCLbKm1Mcsexv9hO90a40	1umv81	pathfinder-v0.3.0	-	qadv-arbiter-7x7-v0.1.0	sha256:7b3c359aa5f27dccf72cbf196fa8adfbbeb2be2d7ba55c424030963a0047dbda	L	P	196
g1_3_jJXF3-ociIZ1Sw4VsP1W2QodCkh5ExRtqbjzBFKTA	s1_o8VDE_rufhiJc4CyCr7EAleCLbKm1Mcsexv9hO90a40	1umv83	pathfinder-v0.3.0	-	qadv-arbiter-7x7-v0.1.0	sha256:7b3c359aa5f27dccf72cbf196fa8adfbbeb2be2d7ba55c424030963a0047dbda	L	P	196
g1_3_jJXF3-ociIZ1Sw4VsP1W2QodCkh5ExRtqbjzBFKTA	s1_o8VDE_rufhiJc4CyCr7EAleCLbKm1Mcsexv9hO90a40	1umv85	pathfinder-v0.3.0	-	qadv-arbiter-7x7-v0.1.0	sha256:7b3c359aa5f27dccf72cbf196fa8adfbbeb2be2d7ba55c424030963a0047dbda	L	P	196
g1_3_jJXF3-ociIZ1Sw4VsP1W2QodCkh5ExRtqbjzBFKTA	s1_o8VDE_rufhiJc4CyCr7EAleCLbKm1Mcsexv9hO90a40	1umv87	pathfinder-v0.3.0	-	qadv-arbiter-7x7-v0.1.0	sha256:7b3c359aa5f27dccf72cbf196fa8adfbbeb2be2d7ba55c424030963a0047dbda	L	P	196
g1_3_jJXF3-ociIZ1Sw4VsP1W2QodCkh5ExRtqbjzBFKTA	s1_o8VDE_rufhiJc4CyCr7EAleCLbKm1Mcsexv9hO90a40	1umv89	pathfinder-v0.3.0	-	qadv-arbiter-7x7-v0.1.0	sha256:7b3c359aa5f27dccf72cbf196fa8adfbbeb2be2d7ba55c424030963a0047dbda	L	P	196
g1_3_jJXF3-ociIZ1Sw4VsP1W2QodCkh5ExRtqbjzBFKTA	s1_o8VDE_rufhiJc4CyCr7EAleCLbKm1Mcsexv9hO90a40	1umv8B	pathfinder-v0.3.0	-	qadv-arbiter-7x7-v0.1.0	sha256:7b3c359aa5f27dccf72cbf196fa8adfbbeb2be2d7ba55c424030963a0047dbda	L	P	196
g1_3_jJXF3-ociIZ1Sw4VsP1W2QodCkh5ExRtqbjzBFKTA	s1_o8VDE_rufhiJc4CyCr7EAleCLbKm1Mcsexv9hO90a40	1umv8D	pathfinder-v0.3.0	-	qadv-arbiter-7x7-v0.1.0	sha256:7b3c359aa5f27dccf72cbf196fa8adfbbeb2be2d7ba55c424030963a0047dbda	L	P	196
g1_3_jJXF3-ociIZ1Sw4VsP1W2QodCkh5ExRtqbjzBFKTA	s1_o8VDE_rufhiJc4CyCr7EAleCLbKm1Mcsexv9hO90a40	1umv8F	pathfinder-v0.3.0	-	qadv-arbiter-7x7-v0.1.0	sha256:7b3c359aa5f27dccf72cbf196fa8adfbbeb2be2d7ba55c424030963a0047dbda	L	P	196
g1_3_jJXF3-ociIZ1Sw4VsP1W2QodCkh5ExRtqbjzBFKTA	s1_o8VDE_rufhiJc4CyCr7EAleCLbKm1Mcsexv9hO90a40	1umv8H	pathfinder-v0.3.0	-	qadv-arbiter-7x7-v0.1.0	sha256:7b3c359aa5f27dccf72cbf196fa8adfbbeb2be2d7ba55c424030963a0047dbda	L	P	196
g1_3_jJXF3-ociIZ1Sw4VsP1W2QodCkh5ExRtqbjzBFKTA	s1_o8VDE_rufhiJc4CyCr7EAleCLbKm1Mcsexv9hO90a40	1umv8J	pathfinder-v0.3.0	-	qadv-arbiter-7x7-v0.1.0	sha256:7b3c359aa5f27dccf72cbf196fa8adfbbeb2be2d7ba55c424030963a0047dbda	L	P	196
g1_3_jJXF3-ociIZ1Sw4VsP1W2QodCkh5ExRtqbjzBFKTA	s1_o8VDE_rufhiJc4CyCr7EAleCLbKm1Mcsexv9hO90a40	1umv8L	pathfinder-v0.3.0	-	qadv-arbiter-7x7-v0.1.0	sha256:7b3c359aa5f27dccf72cbf196fa8adfbbeb2be2d7ba55c424030963a0047dbda	L	P	196
g1_3_jJXF3-ociIZ1Sw4VsP1W2QodCkh5ExRtqbjzBFKTA	s1_o8VDE_rufhiJc4CyCr7EAleCLbKm1Mcsexv9hO90a40	1umv8N	pathfinder-v0.3.0	-	qadv-arbiter-7x7-v0.1.0	sha256:7b3c359aa5f27dccf72cbf196fa8adfbbeb2be2d7ba55c424030963a0047dbda	L	P	196
g1_3_jJXF3-ociIZ1Sw4VsP1W2QodCkh5ExRtqbjzBFKTA	s1_o8VDE_rufhiJc4CyCr7EAleCLbKm1Mcsexv9hO90a40	1umv8P	pathfinder-v0.3.0	-	qadv-arbiter-7x7-v0.1.0	sha256:7b3c359aa5f27dccf72cbf196fa8adfbbeb2be2d7ba55c424030963a0047dbda	L	P	196
g1_3_jJXF3-ociIZ1Sw4VsP1W2QodCkh5ExRtqbjzBFKTA	s1_o8VDE_rufhiJc4CyCr7EAleCLbKm1Mcsexv9hO90a40	1umv8R	pathfinder-v0.3.0	-	qadv-arbiter-7x7-v0.1.0	sha256:7b3c359aa5f27dccf72cbf196fa8adfbbeb2be2d7ba55c424030963a0047dbda	L	P	196
g1_3_jJXF3-ociIZ1Sw4VsP1W2QodCkh5ExRtqbjzBFKTA	s1_o8VDE_rufhiJc4CyCr7EAleCLbKm1Mcsexv9hO90a40	1umv8T	pathfinder-v0.3.0	-	qadv-arbiter-7x7-v0.1.0	sha256:7b3c359aa5f27dccf72cbf196fa8adfbbeb2be2d7ba55c424030963a0047dbda	L	P	196
g1_3_jJXF3-ociIZ1Sw4VsP1W2QodCkh5ExRtqbjzBFKTA	s1_o8VDE_rufhiJc4CyCr7EAleCLbKm1Mcsexv9hO90a40	1umv8V	pathfinder-v0.3.0	-	qadv-arbiter-7x7-v0.1.0	sha256:7b3c359aa5f27dccf72cbf196fa8adfbbeb2be2d7ba55c424030963a0047dbda	L	P	196
g1_3_jJXF3-ociIZ1Sw4VsP1W2QodCkh5ExRtqbjzBFKTA	s1_o8VDE_rufhiJc4CyCr7EAleCLbKm1Mcsexv9hO90a40	1umv8X	pathfinder-v0.3.0	-	qadv-arbiter-7x7-v0.1.0	sha256:7b3c359aa5f27dccf72cbf196fa8adfbbeb2be2d7ba55c424030963a0047dbda	L	P	196
g1_3_jJXF3-ociIZ1Sw4VsP1W2QodCkh5ExRtqbjzBFKTA	s1_o8VDE_rufhiJc4CyCr7EAleCLbKm1Mcsexv9hO90a40	1umv8Z	pathfinder-v0.3.0	-	qadv-arbiter-7x7-v0.1.0	sha256:7b3c359aa5f27dccf72cbf196fa8adfbbeb2be2d7ba55c424030963a0047dbda	L	P	196
g1_3_jJXF3-ociIZ1Sw4VsP1W2QodCkh5ExRtqbjzBFKTA	s1_o8VDE_rufhiJc4CyCr7EAleCLbKm1Mcsexv9hO90a40	1umv8_	pathfinder-v0.3.0	-	qadv-arbiter-7x7-v0.1.0	sha256:7b3c359aa5f27dccf72cbf196fa8adfbbeb2be2d7ba55c424030963a0047dbda	L	P	196
g1_3_jJXF3-ociIZ1Sw4VsP1W2QodCkh5ExRtqbjzBFKTA	s1_o8VDE_rufhiJc4CyCr7EAleCLbKm1Mcsexv9hO90a40	1umv8b	pathfinder-v0.3.0	-	qadv-arbiter-7x7-v0.1.0	sha256:7b3c359aa5f27dccf72cbf196fa8adfbbeb2be2d7ba55c424030963a0047dbda	L	P	196
g1_3_jJXF3-ociIZ1Sw4VsP1W2QodCkh5ExRtqbjzBFKTA	s1_o8VDE_rufhiJc4CyCr7EAleCLbKm1Mcsexv9hO90a40	1umv8d	pathfinder-v0.3.0	-	qadv-arbiter-7x7-v0.1.0	sha256:7b3c359aa5f27dccf72cbf196fa8adfbbeb2be2d7ba55c424030963a0047dbda	L	P	196
g1_3_jJXF3-ociIZ1Sw4VsP1W2QodCkh5ExRtqbjzBFKTA	s1_o8VDE_rufhiJc4CyCr7EAleCLbKm1Mcsexv9hO90a40	1umv8f	pathfinder-v0.3.0	-	qadv-arbiter-7x7-v0.1.0	sha256:7b3c359aa5f27dccf72cbf196fa8adfbbeb2be2d7ba55c424030963a0047dbda	L	P	196
g1_3_jJXF3-ociIZ1Sw4VsP1W2QodCkh5ExRtqbjzBFKTA	s1_o8VDE_rufhiJc4CyCr7EAleCLbKm1Mcsexv9hO90a40	1umv8h	pathfinder-v0.3.0	-	qadv-arbiter-7x7-v0.1.0	sha256:7b3c359aa5f27dccf72cbf196fa8adfbbeb2be2d7ba55c424030963a0047dbda	L	P	196
g1_3_jJXF3-ociIZ1Sw4VsP1W2QodCkh5ExRtqbjzBFKTA	s1_o8VDE_rufhiJc4CyCr7EAleCLbKm1Mcsexv9hO90a40	1umv8j	pathfinder-v0.3.0	-	qadv-arbiter-7x7-v0.1.0	sha256:7b3c359aa5f27dccf72cbf196fa8adfbbeb2be2d7ba55c424030963a0047dbda	L	P	196
g1_3_jJXF3-ociIZ1Sw4VsP1W2QodCkh5ExRtqbjzBFKTA	s1_o8VDE_rufhiJc4CyCr7EAleCLbKm1Mcsexv9hO90a40	1umv8l	pathfinder-v0.3.0	-	qadv-arbiter-7x7-v0.1.0	sha256:7b3c359aa5f27dccf72cbf196fa8adfbbeb2be2d7ba55c424030963a0047dbda	L	P	196
g1_3_jJXF3-ociIZ1Sw4VsP1W2QodCkh5ExRtqbjzBFKTA	s1_o8VDE_rufhiJc4CyCr7EAleCLbKm1Mcsexv9hO90a40	1umv8n	pathfinder-v0.3.0	-	qadv-arbiter-7x7-v0.1.0	sha256:7b3c359aa5f27dccf72cbf196fa8adfbbeb2be2d7ba55c424030963a0047dbda	L	P	196
g1_3_jJXF3-ociIZ1Sw4VsP1W2QodCkh5ExRtqbjzBFKTA	s1_o8VDE_rufhiJc4CyCr7EAleCLbKm1Mcsexv9hO90a40	1umv8p	pathfinder-v0.3.0	-	qadv-arbiter-7x7-v0.1.0	sha256:7b3c359aa5f27dccf72cbf196fa8adfbbeb2be2d7ba55c424030963a0047dbda	L	P	196
g1_3_jJXF3-ociIZ1Sw4VsP1W2QodCkh5ExRtqbjzBFKTA	s1_o8VDE_rufhiJc4CyCr7EAleCLbKm1Mcsexv9hO90a40	1umv8r	pathfinder-v0.3.0	-	qadv-arbiter-7x7-v0.1.0	sha256:7b3c359aa5f27dccf72cbf196fa8adfbbeb2be2d7ba55c424030963a0047dbda	L	P	196
g1_3_jJXF3-ociIZ1Sw4VsP1W2QodCkh5ExRtqbjzBFKTA	s1_o8VDE_rufhiJc4CyCr7EAleCLbKm1Mcsexv9hO90a40	1umv8t	pathfinder-v0.3.0	-	qadv-arbiter-7x7-v0.1.0	sha256:7b3c359aa5f27dccf72cbf196fa8adfbbeb2be2d7ba55c424030963a0047dbda	L	P	196
g1_3_jJXF3-ociIZ1Sw4VsP1W2QodCkh5ExRtqbjzBFKTA	s1_o8VDE_rufhiJc4CyCr7EAleCLbKm1Mcsexv9hO90a40	1umv8v	pathfinder-v0.3.0	-	qadv-arbiter-7x7-v0.1.0	sha256:7b3c359aa5f27dccf72cbf196fa8adfbbeb2be2d7ba55c424030963a0047dbda	L	P	196
g1_3_jJXF3-ociIZ1Sw4VsP1W2QodCkh5ExRtqbjzBFKTA	s1_o8VDE_rufhiJc4CyCr7EAleCLbKm1Mcsexv9hO90a40	1umv8x	pathfinder-v0.3.0	-	qadv-arbiter-7x7-v0.1.0	sha256:7b3c359aa5f27dccf72cbf196fa8adfbbeb2be2d7ba55c424030963a0047dbda	L	P	196
g1_3_jJXF3-ociIZ1Sw4VsP1W2QodCkh5ExRtqbjzBFKTA	s1_o8VDE_rufhiJc4CyCr7EAleCLbKm1Mcsexv9hO90a40	1umv8z	pathfinder-v0.3.0	-	qadv-arbiter-7x7-v0.1.0	sha256:7b3c359aa5f27dccf72cbf196fa8adfbbeb2be2d7ba55c424030963a0047dbda	L	P	196
g1_3_jJXF3-ociIZ1Sw4VsP1W2QodCkh5ExRtqbjzBFKTA	s1_o8VDE_rufhiJc4CyCr7EAleCLbKm1Mcsexv9hO90a40	1umv91	pathfinder-v0.3.0	-	qadv-arbiter-7x7-v0.1.0	sha256:7b3c359aa5f27dccf72cbf196fa8adfbbeb2be2d7ba55c424030963a0047dbda	L	P	196
g1_3_jJXF3-ociIZ1Sw4VsP1W2QodCkh5ExRtqbjzBFKTA	s1_o8VDE_rufhiJc4CyCr7EAleCLbKm1Mcsexv9hO90a40	1umv93	pathfinder-v0.3.0	-	qadv-arbiter-7x7-v0.1.0	sha256:7b3c359aa5f27dccf72cbf196fa8adfbbeb2be2d7ba55c424030963a0047dbda	L	P	196
g1_3_jJXF3-ociIZ1Sw4VsP1W2QodCkh5ExRtqbjzBFKTA	s1_o8VDE_rufhiJc4CyCr7EAleCLbKm1Mcsexv9hO90a40	1umv95	pathfinder-v0.3.0	-	qadv-arbiter-7x7-v0.1.0	sha256:7b3c359aa5f27dccf72cbf196fa8adfbbeb2be2d7ba55c424030963a0047dbda	L	P	196
g1_3_jJXF3-ociIZ1Sw4VsP1W2QodCkh5ExRtqbjzBFKTA	s1_o8VDE_rufhiJc4CyCr7EAleCLbKm1Mcsexv9hO90a40	1umv97	pathfinder-v0.3.0	-	qadv-arbiter-7x7-v0.1.0	sha256:7b3c359aa5f27dccf72cbf196fa8adfbbeb2be2d7ba55c424030963a0047dbda	L	P	196
g1_3_jJXF3-ociIZ1Sw4VsP1W2QodCkh5ExRtqbjzBFKTA	s1_o8VDE_rufhiJc4CyCr7EAleCLbKm1Mcsexv9hO90a40	1umv99	pathfinder-v0.3.0	-	qadv-arbiter-7x7-v0.1.0	sha256:7b3c359aa5f27dccf72cbf196fa8adfbbeb2be2d7ba55c424030963a0047dbda	L	P	196
g1_3_jJXF3-ociIZ1Sw4VsP1W2QodCkh5ExRtqbjzBFKTA	s1_o8VDE_rufhiJc4CyCr7EAleCLbKm1Mcsexv9hO90a40	1umv9B	pathfinder-v0.3.0	-	qadv-arbiter-7x7-v0.1.0	sha256:7b3c359aa5f27dccf72cbf196fa8adfbbeb2be2d7ba55c424030963a0047dbda	L	P	196
g1_3_jJXF3-ociIZ1Sw4VsP1W2QodCkh5ExRtqbjzBFKTA	s1_o8VDE_rufhiJc4CyCr7EAleCLbKm1Mcsexv9hO90a40	1umv9D	pathfinder-v0.3.0	-	qadv-arbiter-7x7-v0.1.0	sha256:7b3c359aa5f27dccf72cbf196fa8adfbbeb2be2d7ba55c424030963a0047dbda	L	P	196
g1_3_jJXF3-ociIZ1Sw4VsP1W2QodCkh5ExRtqbjzBFKTA	s1_o8VDE_rufhiJc4CyCr7EAleCLbKm1Mcsexv9hO90a40	1umv9F	pathfinder-v0.3.0	-	qadv-arbiter-7x7-v0.1.0	sha256:7b3c359aa5f27dccf72cbf196fa8adfbbeb2be2d7ba55c424030963a0047dbda	L	P	196
g1_3_jJXF3-ociIZ1Sw4VsP1W2QodCkh5ExRtqbjzBFKTA	s1_o8VDE_rufhiJc4CyCr7EAleCLbKm1Mcsexv9hO90a40	1umv9H	pathfinder-v0.3.0	-	qadv-arbiter-7x7-v0.1.0	sha256:7b3c359aa5f27dccf72cbf196fa8adfbbeb2be2d7ba55c424030963a0047dbda	L	P	196
g1_3_jJXF3-ociIZ1Sw4VsP1W2QodCkh5ExRtqbjzBFKTA	s1_o8VDE_rufhiJc4CyCr7EAleCLbKm1Mcsexv9hO90a40	1umv9J	pathfinder-v0.3.0	-	qadv-arbiter-7x7-v0.1.0	sha256:7b3c359aa5f27dccf72cbf196fa8adfbbeb2be2d7ba55c424030963a0047dbda	L	P	196
g1_3_jJXF3-ociIZ1Sw4VsP1W2QodCkh5ExRtqbjzBFKTA	s1_o8VDE_rufhiJc4CyCr7EAleCLbKm1Mcsexv9hO90a40	1umv9L	pathfinder-v0.3.0	-	qadv-arbiter-7x7-v0.1.0	sha256:7b3c359aa5f27dccf72cbf196fa8adfbbeb2be2d7ba55c424030963a0047dbda	L	P	196
g1_3_jJXF3-ociIZ1Sw4VsP1W2QodCkh5ExRtqbjzBFKTA	s1_o8VDE_rufhiJc4CyCr7EAleCLbKm1Mcsexv9hO90a40	1umv9N	pathfinder-v0.3.0	-	qadv-arbiter-7x7-v0.1.0	sha256:7b3c359aa5f27dccf72cbf196fa8adfbbeb2be2d7ba55c424030963a0047dbda	L	P	196
g1_3_jJXF3-ociIZ1Sw4VsP1W2QodCkh5ExRtqbjzBFKTA	s1_o8VDE_rufhiJc4CyCr7EAleCLbKm1Mcsexv9hO90a40	1umv9P	pathfinder-v0.3.0	-	qadv-arbiter-7x7-v0.1.0	sha256:7b3c359aa5f27dccf72cbf196fa8adfbbeb2be2d7ba55c424030963a0047dbda	L	P	196
g1_3_jJXF3-ociIZ1Sw4VsP1W2QodCkh5ExRtqbjzBFKTA	s1_o8VDE_rufhiJc4CyCr7EAleCLbKm1Mcsexv9hO90a40	1umv9R	pathfinder-v0.3.0	-	qadv-arbiter-7x7-v0.1.0	sha256:7b3c359aa5f27dccf72cbf196fa8adfbbeb2be2d7ba55c424030963a0047dbda	L	P	196
g1_3_jJXF3-ociIZ1Sw4VsP1W2QodCkh5ExRtqbjzBFKTA	s1_o8VDE_rufhiJc4CyCr7EAleCLbKm1Mcsexv9hO90a40	1umv9T	pathfinder-v0.3.0	-	qadv-arbiter-7x7-v0.1.0	sha256:7b3c359aa5f27dccf72cbf196fa8adfbbeb2be2d7ba55c424030963a0047dbda	L	P	196
g1_3_jJXF3-ociIZ1Sw4VsP1W2QodCkh5ExRtqbjzBFKTA	s1_o8VDE_rufhiJc4CyCr7EAleCLbKm1Mcsexv9hO90a40	1umv9V	pathfinder-v0.3.0	-	qadv-arbiter-7x7-v0.1.0	sha256:7b3c359aa5f27dccf72cbf196fa8adfbbeb2be2d7ba55c424030963a0047dbda	L	P	196
g1_3_jJXF3-ociIZ1Sw4VsP1W2QodCkh5ExRtqbjzBFKTA	s1_o8VDE_rufhiJc4CyCr7EAleCLbKm1Mcsexv9hO90a40	1umv9X	pathfinder-v0.3.0	-	qadv-arbiter-7x7-v0.1.0	sha256:7b3c359aa5f27dccf72cbf196fa8adfbbeb2be2d7ba55c424030963a0047dbda	L	P	196
g1_3_jJXF3-ociIZ1Sw4VsP1W2QodCkh5ExRtqbjzBFKTA	s1_o8VDE_rufhiJc4CyCr7EAleCLbKm1Mcsexv9hO90a40	1umv9Z	pathfinder-v0.3.0	-	qadv-arbiter-7x7-v0.1.0	sha256:7b3c359aa5f27dccf72cbf196fa8adfbbeb2be2d7ba55c424030963a0047dbda	L	P	196
g1_3_jJXF3-ociIZ1Sw4VsP1W2QodCkh5ExRtqbjzBFKTA	s1_o8VDE_rufhiJc4CyCr7EAleCLbKm1Mcsexv9hO90a40	1umv9_	pathfinder-v0.3.0	-	qadv-arbiter-7x7-v0.1.0	sha256:7b3c359aa5f27dccf72cbf196fa8adfbbeb2be2d7ba55c424030963a0047dbda	L	P	196
g1_3_jJXF3-ociIZ1Sw4VsP1W2QodCkh5ExRtqbjzBFKTA	s1_o8VDE_rufhiJc4CyCr7EAleCLbKm1Mcsexv9hO90a40	1umv9b	pathfinder-v0.3.0	-	qadv-arbiter-7x7-v0.1.0	sha256:7b3c359aa5f27dccf72cbf196fa8adfbbeb2be2d7ba55c424030963a0047dbda	L	P	196
g1_3_jJXF3-ociIZ1Sw4VsP1W2QodCkh5ExRtqbjzBFKTA	s1_o8VDE_rufhiJc4CyCr7EAleCLbKm1Mcsexv9hO90a40	1umv9d	pathfinder-v0.3.0	-	qadv-arbiter-7x7-v0.1.0	sha256:7b3c359aa5f27dccf72cbf196fa8adfbbeb2be2d7ba55c424030963a0047dbda	L	P	196
g1_3_jJXF3-ociIZ1Sw4VsP1W2QodCkh5ExRtqbjzBFKTA	s1_o8VDE_rufhiJc4CyCr7EAleCLbKm1Mcsexv9hO90a40	1umv9f	pathfinder-v0.3.0	-	qadv-arbiter-7x7-v0.1.0	sha256:7b3c359aa5f27dccf72cbf196fa8adfbbeb2be2d7ba55c424030963a0047dbda	L	P	196
g1_3_jJXF3-ociIZ1Sw4VsP1W2QodCkh5ExRtqbjzBFKTA	s1_o8VDE_rufhiJc4CyCr7EAleCLbKm1Mcsexv9hO90a40	1umv9h	pathfinder-v0.3.0	-	qadv-arbiter-7x7-v0.1.0	sha256:7b3c359aa5f27dccf72cbf196fa8adfbbeb2be2d7ba55c424030963a0047dbda	L	P	196
g1_3_jJXF3-ociIZ1Sw4VsP1W2QodCkh5ExRtqbjzBFKTA	s1_o8VDE_rufhiJc4CyCr7EAleCLbKm1Mcsexv9hO90a40	1umv9j	pathfinder-v0.3.0	-	qadv-arbiter-7x7-v0.1.0	sha256:7b3c359aa5f27dccf72cbf196fa8adfbbeb2be2d7ba55c424030963a0047dbda	L	P	196
g1_3_jJXF3-ociIZ1Sw4VsP1W2QodCkh5ExRtqbjzBFKTA	s1_o8VDE_rufhiJc4CyCr7EAleCLbKm1Mcsexv9hO90a40	1umv9l	pathfinder-v0.3.0	-	qadv-arbiter-7x7-v0.1.0	sha256:7b3c359aa5f27dccf72cbf196fa8adfbbeb2be2d7ba55c424030963a0047dbda	L	P	196
g1_3_jJXF3-ociIZ1Sw4VsP1W2QodCkh5ExRtqbjzBFKTA	s1_o8VDE_rufhiJc4CyCr7EAleCLbKm1Mcsexv9hO90a40	1umv9n	pathfinder-v0.3.0	-	qadv-arbiter-7x7-v0.1.0	sha256:7b3c359aa5f27dccf72cbf196fa8adfbbeb2be2d7ba55c424030963a0047dbda	L	P	196
g1_3_jJXF3-ociIZ1Sw4VsP1W2QodCkh5ExRtqbjzBFKTA	s1_o8VDE_rufhiJc4CyCr7EAleCLbKm1Mcsexv9hO90a40	1umv9p	pathfinder-v0.3.0	-	qadv-arbiter-7x7-v0.1.0	sha256:7b3c359aa5f27dccf72cbf196fa8adfbbeb2be2d7ba55c424030963a0047dbda	L	P	196
g1_3_jJXF3-ociIZ1Sw4VsP1W2QodCkh5ExRtqbjzBFKTA	s1_o8VDE_rufhiJc4CyCr7EAleCLbKm1Mcsexv9hO90a40	1umv9r	pathfinder-v0.3.0	-	qadv-arbiter-7x7-v0.1.0	sha256:7b3c359aa5f27dccf72cbf196fa8adfbbeb2be2d7ba55c424030963a0047dbda	L	P	196
g1_3_jJXF3-ociIZ1Sw4VsP1W2QodCkh5ExRtqbjzBFKTA	s1_o8VDE_rufhiJc4CyCr7EAleCLbKm1Mcsexv9hO90a40	1umv9t	pathfinder-v0.3.0	-	qadv-arbiter-7x7-v0.1.0	sha256:7b3c359aa5f27dccf72cbf196fa8adfbbeb2be2d7ba55c424030963a0047dbda	L	P	196
g1_3_jJXF3-ociIZ1Sw4VsP1W2QodCkh5ExRtqbjzBFKTA	s1_o8VDE_rufhiJc4CyCr7EAleCLbKm1Mcsexv9hO90a40	1umv9v	pathfinder-v0.3.0	-	qadv-arbiter-7x7-v0.1.0	sha256:7b3c359aa5f27dccf72cbf196fa8adfbbeb2be2d7ba55c424030963a0047dbda	L	P	196
g1_3_jJXF3-ociIZ1Sw4VsP1W2QodCkh5ExRtqbjzBFKTA	s1_o8VDE_rufhiJc4CyCr7EAleCLbKm1Mcsexv9hO90a40	1umv9x	pathfinder-v0.3.0	-	qadv-arbiter-7x7-v0.1.0	sha256:7b3c359aa5f27dccf72cbf196fa8adfbbeb2be2d7ba55c424030963a0047dbda	L	P	196
g1_3_jJXF3-ociIZ1Sw4VsP1W2QodCkh5ExRtqbjzBFKTA	s1_o8VDE_rufhiJc4CyCr7EAleCLbKm1Mcsexv9hO90a40	1umv9z	pathfinder-v0.3.0	-	qadv-arbiter-7x7-v0.1.0	sha256:7b3c359aa5f27dccf72cbf196fa8adfbbeb2be2d7ba55c424030963a0047dbda	L	P	196
g1_3_jJXF3-ociIZ1Sw4VsP1W2QodCkh5ExRtqbjzBFKTA	s1_o8VDE_rufhiJc4CyCr7EAleCLbKm1Mcsexv9hO90a40	1umvA1	pathfinder-v0.3.0	-	qadv-arbiter-7x7-v0.1.0	sha256:7b3c359aa5f27dccf72cbf196fa8adfbbeb2be2d7ba55c424030963a0047dbda	L	P	196
g1_3_jJXF3-ociIZ1Sw4VsP1W2QodCkh5ExRtqbjzBFKTA	s1_o8VDE_rufhiJc4CyCr7EAleCLbKm1Mcsexv9hO90a40	1umvA3	pathfinder-v0.3.0	-	qadv-arbiter-7x7-v0.1.0	sha256:7b3c359aa5f27dccf72cbf196fa8adfbbeb2be2d7ba55c424030963a0047dbda	L	P	196
g1_3_jJXF3-ociIZ1Sw4VsP1W2QodCkh5ExRtqbjzBFKTA	s1_o8VDE_rufhiJc4CyCr7EAleCLbKm1Mcsexv9hO90a40	1umvA5	pathfinder-v0.3.0	-	qadv-arbiter-7x7-v0.1.0	sha256:7b3c359aa5f27dccf72cbf196fa8adfbbeb2be2d7ba55c424030963a0047dbda	L	P	196
g1_3_jJXF3-ociIZ1Sw4VsP1W2QodCkh5ExRtqbjzBFKTA	s1_o8VDE_rufhiJc4CyCr7EAleCLbKm1Mcsexv9hO90a40	1umvA7	pathfinder-v0.3.0	-	qadv-arbiter-7x7-v0.1.0	sha256:7b3c359aa5f27dccf72cbf196fa8adfbbeb2be2d7ba55c424030963a0047dbda	L	P	196
g1_3_jJXF3-ociIZ1Sw4VsP1W2QodCkh5ExRtqbjzBFKTA	s1_o8VDE_rufhiJc4CyCr7EAleCLbKm1Mcsexv9hO90a40	1umvA9	pathfinder-v0.3.0	-	qadv-arbiter-7x7-v0.1.0	sha256:7b3c359aa5f27dccf72cbf196fa8adfbbeb2be2d7ba55c424030963a0047dbda	L	P	196
g1_3_jJXF3-ociIZ1Sw4VsP1W2QodCkh5ExRtqbjzBFKTA	s1_o8VDE_rufhiJc4CyCr7EAleCLbKm1Mcsexv9hO90a40	1umvAB	pathfinder-v0.3.0	-	qadv-arbiter-7x7-v0.1.0	sha256:7b3c359aa5f27dccf72cbf196fa8adfbbeb2be2d7ba55c424030963a0047dbda	L	P	196
g1_3_jJXF3-ociIZ1Sw4VsP1W2QodCkh5ExRtqbjzBFKTA	s1_o8VDE_rufhiJc4CyCr7EAleCLbKm1Mcsexv9hO90a40	1umvAD	pathfinder-v0.3.0	-	qadv-arbiter-7x7-v0.1.0	sha256:7b3c359aa5f27dccf72cbf196fa8adfbbeb2be2d7ba55c424030963a0047dbda	L	P	196
g1_3_jJXF3-ociIZ1Sw4VsP1W2QodCkh5ExRtqbjzBFKTA	s1_o8VDE_rufhiJc4CyCr7EAleCLbKm1Mcsexv9hO90a40	1umvAF	pathfinder-v0.3.0	-	qadv-arbiter-7x7-v0.1.0	sha256:7b3c359aa5f27dccf72cbf196fa8adfbbeb2be2d7ba55c424030963a0047dbda	L	P	196
g1_3_jJXF3-ociIZ1Sw4VsP1W2QodCkh5ExRtqbjzBFKTA	s1_o8VDE_rufhiJc4CyCr7EAleCLbKm1Mcsexv9hO90a40	1umvAH	pathfinder-v0.3.0	-	qadv-arbiter-7x7-v0.1.0	sha256:7b3c359aa5f27dccf72cbf196fa8adfbbeb2be2d7ba55c424030963a0047dbda	L	P	196
g1_3_jJXF3-ociIZ1Sw4VsP1W2QodCkh5ExRtqbjzBFKTA	s1_o8VDE_rufhiJc4CyCr7EAleCLbKm1Mcsexv9hO90a40	1umvAJ	pathfinder-v0.3.0	-	qadv-arbiter-7x7-v0.1.0	sha256:7b3c359aa5f27dccf72cbf196fa8adfbbeb2be2d7ba55c424030963a0047dbda	L	P	196
g1_3_jJXF3-ociIZ1Sw4VsP1W2QodCkh5ExRtqbjzBFKTA	s1_o8VDE_rufhiJc4CyCr7EAleCLbKm1Mcsexv9hO90a40	1umvAL	pathfinder-v0.3.0	-	qadv-arbiter-7x7-v0.1.0	sha256:7b3c359aa5f27dccf72cbf196fa8adfbbeb2be2d7ba55c424030963a0047dbda	L	P	196
g1_3_jJXF3-ociIZ1Sw4VsP1W2QodCkh5ExRtqbjzBFKTA	s1_o8VDE_rufhiJc4CyCr7EAleCLbKm1Mcsexv9hO90a40	1umvAN	pathfinder-v0.3.0	-	qadv-arbiter-7x7-v0.1.0	sha256:7b3c359aa5f27dccf72cbf196fa8adfbbeb2be2d7ba55c424030963a0047dbda	L	P	196
g1_3_jJXF3-ociIZ1Sw4VsP1W2QodCkh5ExRtqbjzBFKTA	s1_o8VDE_rufhiJc4CyCr7EAleCLbKm1Mcsexv9hO90a40	1umvAP	pathfinder-v0.3.0	-	qadv-arbiter-7x7-v0.1.0	sha256:7b3c359aa5f27dccf72cbf196fa8adfbbeb2be2d7ba55c424030963a0047dbda	L	P	196
g1_3_jJXF3-ociIZ1Sw4VsP1W2QodCkh5ExRtqbjzBFKTA	s1_o8VDE_rufhiJc4CyCr7EAleCLbKm1Mcsexv9hO90a40	1umvAR	pathfinder-v0.3.0	-	qadv-arbiter-7x7-v0.1.0	sha256:7b3c359aa5f27dccf72cbf196fa8adfbbeb2be2d7ba55c424030963a0047dbda	L	P	196
g1_3_jJXF3-ociIZ1Sw4VsP1W2QodCkh5ExRtqbjzBFKTA	s1_o8VDE_rufhiJc4CyCr7EAleCLbKm1Mcsexv9hO90a40	1umvAT	pathfinder-v0.3.0	-	qadv-arbiter-7x7-v0.1.0	sha256:7b3c359aa5f27dccf72cbf196fa8adfbbeb2be2d7ba55c424030963a0047dbda	L	P	196
g1_3_jJXF3-ociIZ1Sw4VsP1W2QodCkh5ExRtqbjzBFKTA	s1_o8VDE_rufhiJc4CyCr7EAleCLbKm1Mcsexv9hO90a40	1umvAV	pathfinder-v0.3.0	-	qadv-arbiter-7x7-v0.1.0	sha256:7b3c359aa5f27dccf72cbf196fa8adfbbeb2be2d7ba55c424030963a0047dbda	L	P	196
g1_3_jJXF3-ociIZ1Sw4VsP1W2QodCkh5ExRtqbjzBFKTA	s1_o8VDE_rufhiJc4CyCr7EAleCLbKm1Mcsexv9hO90a40	1umvAX	pathfinder-v0.3.0	-	qadv-arbiter-7x7-v0.1.0	sha256:7b3c359aa5f27dccf72cbf196fa8adfbbeb2be2d7ba55c424030963a0047dbda	L	P	196
g1_3_jJXF3-ociIZ1Sw4VsP1W2QodCkh5ExRtqbjzBFKTA	s1_o8VDE_rufhiJc4CyCr7EAleCLbKm1Mcsexv9hO90a40	1umvAZ	pathfinder-v0.3.0	-	qadv-arbiter-7x7-v0.1.0	sha256:7b3c359aa5f27dccf72cbf196fa8adfbbeb2be2d7ba55c424030963a0047dbda	L	P	196
g1_3_jJXF3-ociIZ1Sw4VsP1W2QodCkh5ExRtqbjzBFKTA	s1_o8VDE_rufhiJc4CyCr7EAleCLbKm1Mcsexv9hO90a40	1umvA_	pathfinder-v0.3.0	-	qadv-arbiter-7x7-v0.1.0	sha256:7b3c359aa5f27dccf72cbf196fa8adfbbeb2be2d7ba55c424030963a0047dbda	L	P	196
g1_3_jJXF3-ociIZ1Sw4VsP1W2QodCkh5ExRtqbjzBFKTA	s1_o8VDE_rufhiJc4CyCr7EAleCLbKm1Mcsexv9hO90a40	1umvAb	pathfinder-v0.3.0	-	qadv-arbiter-7x7-v0.1.0	sha256:7b3c359aa5f27dccf72cbf196fa8adfbbeb2be2d7ba55c424030963a0047dbda	L	P	196
g1_3_jJXF3-ociIZ1Sw4VsP1W2QodCkh5ExRtqbjzBFKTA	s1_o8VDE_rufhiJc4CyCr7EAleCLbKm1Mcsexv9hO90a40	1umvAd	pathfinder-v0.3.0	-	qadv-arbiter-7x7-v0.1.0	sha256:7b3c359aa5f27dccf72cbf196fa8adfbbeb2be2d7ba55c424030963a0047dbda	L	P	196
g1_3_jJXF3-ociIZ1Sw4VsP1W2QodCkh5ExRtqbjzBFKTA	s1_o8VDE_rufhiJc4CyCr7EAleCLbKm1Mcsexv9hO90a40	1umvAf	pathfinder-v0.3.0	-	qadv-arbiter-7x7-v0.1.0	sha256:7b3c359aa5f27dccf72cbf196fa8adfbbeb2be2d7ba55c424030963a0047dbda	L	P	196
g1_3_jJXF3-ociIZ1Sw4VsP1W2QodCkh5ExRtqbjzBFKTA	s1_o8VDE_rufhiJc4CyCr7EAleCLbKm1Mcsexv9hO90a40	1umvAh	pathfinder-v0.3.0	-	qadv-arbiter-7x7-v0.1.0	sha256:7b3c359aa5f27dccf72cbf196fa8adfbbeb2be2d7ba55c424030963a0047dbda	L	P	196
g1_3_jJXF3-ociIZ1Sw4VsP1W2QodCkh5ExRtqbjzBFKTA	s1_o8VDE_rufhiJc4CyCr7EAleCLbKm1Mcsexv9hO90a40	1umvAj	pathfinder-v0.3.0	-	qadv-arbiter-7x7-v0.1.0	sha256:7b3c359aa5f27dccf72cbf196fa8adfbbeb2be2d7ba55c424030963a0047dbda	L	P	196
g1_3_jJXF3-ociIZ1Sw4VsP1W2QodCkh5ExRtqbjzBFKTA	s1_o8VDE_rufhiJc4CyCr7EAleCLbKm1Mcsexv9hO90a40	1umvAl	pathfinder-v0.3.0	-	qadv-arbiter-7x7-v0.1.0	sha256:7b3c359aa5f27dccf72cbf196fa8adfbbeb2be2d7ba55c424030963a0047dbda	L	P	196
g1_3_jJXF3-ociIZ1Sw4VsP1W2QodCkh5ExRtqbjzBFKTA	s1_o8VDE_rufhiJc4CyCr7EAleCLbKm1Mcsexv9hO90a40	1umvAn	pathfinder-v0.3.0	-	qadv-arbiter-7x7-v0.1.0	sha256:7b3c359aa5f27dccf72cbf196fa8adfbbeb2be2d7ba55c424030963a0047dbda	L	P	196
g1_3_jJXF3-ociIZ1Sw4VsP1W2QodCkh5ExRtqbjzBFKTA	s1_o8VDE_rufhiJc4CyCr7EAleCLbKm1Mcsexv9hO90a40	1umvAp	pathfinder-v0.3.0	-	qadv-arbiter-7x7-v0.1.0	sha256:7b3c359aa5f27dccf72cbf196fa8adfbbeb2be2d7ba55c424030963a0047dbda	L	P	196
g1_3_jJXF3-ociIZ1Sw4VsP1W2QodCkh5ExRtqbjzBFKTA	s1_o8VDE_rufhiJc4CyCr7EAleCLbKm1Mcsexv9hO90a40	1umvAr	pathfinder-v0.3.0	-	qadv-arbiter-7x7-v0.1.0	sha256:7b3c359aa5f27dccf72cbf196fa8adfbbeb2be2d7ba55c424030963a0047dbda	L	P	196
g1_3_jJXF3-ociIZ1Sw4VsP1W2QodCkh5ExRtqbjzBFKTA	s1_o8VDE_rufhiJc4CyCr7EAleCLbKm1Mcsexv9hO90a40	1umvAt	pathfinder-v0.3.0	-	qadv-arbiter-7x7-v0.1.0	sha256:7b3c359aa5f27dccf72cbf196fa8adfbbeb2be2d7ba55c424030963a0047dbda	L	P	196
g1_3_jJXF3-ociIZ1Sw4VsP1W2QodCkh5ExRtqbjzBFKTA	s1_o8VDE_rufhiJc4CyCr7EAleCLbKm1Mcsexv9hO90a40	1umvAv	pathfinder-v0.3.0	-	qadv-arbiter-7x7-v0.1.0	sha256:7b3c359aa5f27dccf72cbf196fa8adfbbeb2be2d7ba55c424030963a0047dbda	L	P	196
g1_3_jJXF3-ociIZ1Sw4VsP1W2QodCkh5ExRtqbjzBFKTA	s1_o8VDE_rufhiJc4CyCr7EAleCLbKm1Mcsexv9hO90a40	1umvAx	pathfinder-v0.3.0	-	qadv-arbiter-7x7-v0.1.0	sha256:7b3c359aa5f27dccf72cbf196fa8adfbbeb2be2d7ba55c424030963a0047dbda	L	P	196
g1_3_jJXF3-ociIZ1Sw4VsP1W2QodCkh5ExRtqbjzBFKTA	s1_o8VDE_rufhiJc4CyCr7EAleCLbKm1Mcsexv9hO90a40	1umvAz	pathfinder-v0.3.0	-	qadv-arbiter-7x7-v0.1.0	sha256:7b3c359aa5f27dccf72cbf196fa8adfbbeb2be2d7ba55c424030963a0047dbda	L	P	196
g1_3_jJXF3-ociIZ1Sw4VsP1W2QodCkh5ExRtqbjzBFKTA	s1_o8VDE_rufhiJc4CyCr7EAleCLbKm1Mcsexv9hO90a40	1umvB1	pathfinder-v0.3.0	-	qadv-arbiter-7x7-v0.1.0	sha256:7b3c359aa5f27dccf72cbf196fa8adfbbeb2be2d7ba55c424030963a0047dbda	L	P	196
g1_3_jJXF3-ociIZ1Sw4VsP1W2QodCkh5ExRtqbjzBFKTA	s1_o8VDE_rufhiJc4CyCr7EAleCLbKm1Mcsexv9hO90a40	1umvB3	pathfinder-v0.3.0	-	qadv-arbiter-7x7-v0.1.0	sha256:7b3c359aa5f27dccf72cbf196fa8adfbbeb2be2d7ba55c424030963a0047dbda	L	P	196
g1_3_jJXF3-ociIZ1Sw4VsP1W2QodCkh5ExRtqbjzBFKTA	s1_o8VDE_rufhiJc4CyCr7EAleCLbKm1Mcsexv9hO90a40	1umvB5	pathfinder-v0.3.0	-	qadv-arbiter-7x7-v0.1.0	sha256:7b3c359aa5f27dccf72cbf196fa8adfbbeb2be2d7ba55c424030963a0047dbda	L	P	196
g1_3_jJXF3-ociIZ1Sw4VsP1W2QodCkh5ExRtqbjzBFKTA	s1_o8VDE_rufhiJc4CyCr7EAleCLbKm1Mcsexv9hO90a40	1umvB7	pathfinder-v0.3.0	-	qadv-arbiter-7x7-v0.1.0	sha256:7b3c359aa5f27dccf72cbf196fa8adfbbeb2be2d7ba55c424030963a0047dbda	L	P	196
g1_3_jJXF3-ociIZ1Sw4VsP1W2QodCkh5ExRtqbjzBFKTA	s1_o8VDE_rufhiJc4CyCr7EAleCLbKm1Mcsexv9hO90a40	1umvB9	pathfinder-v0.3.0	-	qadv-arbiter-7x7-v0.1.0	sha256:7b3c359aa5f27dccf72cbf196fa8adfbbeb2be2d7ba55c424030963a0047dbda	L	P	196
g1_3_jJXF3-ociIZ1Sw4VsP1W2QodCkh5ExRtqbjzBFKTA	s1_o8VDE_rufhiJc4CyCr7EAleCLbKm1Mcsexv9hO90a40	1umvBB	pathfinder-v0.3.0	-	qadv-arbiter-7x7-v0.1.0	sha256:7b3c359aa5f27dccf72cbf196fa8adfbbeb2be2d7ba55c424030963a0047dbda	L	P	196
g1_3_jJXF3-ociIZ1Sw4VsP1W2QodCkh5ExRtqbjzBFKTA	s1_o8VDE_rufhiJc4CyCr7EAleCLbKm1Mcsexv9hO90a40	1umvBD	pathfinder-v0.3.0	-	qadv-arbiter-7x7-v0.1.0	sha256:7b3c359aa5f27dccf72cbf196fa8adfbbeb2be2d7ba55c424030963a0047dbda	L	P	196
g1_3_jJXF3-ociIZ1Sw4VsP1W2QodCkh5ExRtqbjzBFKTA	s1_o8VDE_rufhiJc4CyCr7EAleCLbKm1Mcsexv9hO90a40	1umvBF	pathfinder-v0.3.0	-	qadv-arbiter-7x7-v0.1.0	sha256:7b3c359aa5f27dccf72cbf196fa8adfbbeb2be2d7ba55c424030963a0047dbda	L	P	196
g1_3_jJXF3-ociIZ1Sw4VsP1W2QodCkh5ExRtqbjzBFKTA	s1_o8VDE_rufhiJc4CyCr7EAleCLbKm1Mcsexv9hO90a40	1umvBH	pathfinder-v0.3.0	-	qadv-arbiter-7x7-v0.1.0	sha256:7b3c359aa5f27dccf72cbf196fa8adfbbeb2be2d7ba55c424030963a0047dbda	L	P	196
g1_3_jJXF3-ociIZ1Sw4VsP1W2QodCkh5ExRtqbjzBFKTA	s1_o8VDE_rufhiJc4CyCr7EAleCLbKm1Mcsexv9hO90a40	1umvBJ	pathfinder-v0.3.0	-	qadv-arbiter-7x7-v0.1.0	sha256:7b3c359aa5f27dccf72cbf196fa8adfbbeb2be2d7ba55c424030963a0047dbda	L	P	196
g1_3_jJXF3-ociIZ1Sw4VsP1W2QodCkh5ExRtqbjzBFKTA	s1_o8VDE_rufhiJc4CyCr7EAleCLbKm1Mcsexv9hO90a40	1umvBL	pathfinder-v0.3.0	-	qadv-arbiter-7x7-v0.1.0	sha256:7b3c359aa5f27dccf72cbf196fa8adfbbeb2be2d7ba55c424030963a0047dbda	L	P	196
g1_3_jJXF3-ociIZ1Sw4VsP1W2QodCkh5ExRtqbjzBFKTA	s1_o8VDE_rufhiJc4CyCr7EAleCLbKm1Mcsexv9hO90a40	1umvBN	pathfinder-v0.3.0	-	qadv-arbiter-7x7-v0.1.0	sha256:7b3c359aa5f27dccf72cbf196fa8adfbbeb2be2d7ba55c424030963a0047dbda	L	P	196
g1_3_jJXF3-ociIZ1Sw4VsP1W2QodCkh5ExRtqbjzBFKTA	s1_o8VDE_rufhiJc4CyCr7EAleCLbKm1Mcsexv9hO90a40	1umvBP	pathfinder-v0.3.0	-	qadv-arbiter-7x7-v0.1.0	sha256:7b3c359aa5f27dccf72cbf196fa8adfbbeb2be2d7ba55c424030963a0047dbda	L	P	196
g1_3_jJXF3-ociIZ1Sw4VsP1W2QodCkh5ExRtqbjzBFKTA	s1_o8VDE_rufhiJc4CyCr7EAleCLbKm1Mcsexv9hO90a40	1umvBR	pathfinder-v0.3.0	-	qadv-arbiter-7x7-v0.1.0	sha256:7b3c359aa5f27dccf72cbf196fa8adfbbeb2be2d7ba55c424030963a0047dbda	L	P	196
g1_3_jJXF3-ociIZ1Sw4VsP1W2QodCkh5ExRtqbjzBFKTA	s1_o8VDE_rufhiJc4CyCr7EAleCLbKm1Mcsexv9hO90a40	1umvBT	pathfinder-v0.3.0	-	qadv-arbiter-7x7-v0.1.0	sha256:7b3c359aa5f27dccf72cbf196fa8adfbbeb2be2d7ba55c424030963a0047dbda	L	P	196
g1_3_jJXF3-ociIZ1Sw4VsP1W2QodCkh5ExRtqbjzBFKTA	s1_o8VDE_rufhiJc4CyCr7EAleCLbKm1Mcsexv9hO90a40	1umvBV	pathfinder-v0.3.0	-	qadv-arbiter-7x7-v0.1.0	sha256:7b3c359aa5f27dccf72cbf196fa8adfbbeb2be2d7ba55c424030963a0047dbda	L	P	196
g1_3_jJXF3-ociIZ1Sw4VsP1W2QodCkh5ExRtqbjzBFKTA	s1_o8VDE_rufhiJc4CyCr7EAleCLbKm1Mcsexv9hO90a40	1umvBX	pathfinder-v0.3.0	-	qadv-arbiter-7x7-v0.1.0	sha256:7b3c359aa5f27dccf72cbf196fa8adfbbeb2be2d7ba55c424030963a0047dbda	L	P	196
g1_3_jJXF3-ociIZ1Sw4VsP1W2QodCkh5ExRtqbjzBFKTA	s1_o8VDE_rufhiJc4CyCr7EAleCLbKm1Mcsexv9hO90a40	1umvBZ	pathfinder-v0.3.0	-	qadv-arbiter-7x7-v0.1.0	sha256:7b3c359aa5f27dccf72cbf196fa8adfbbeb2be2d7ba55c424030963a0047dbda	L	P	196
g1_3_jJXF3-ociIZ1Sw4VsP1W2QodCkh5ExRtqbjzBFKTA	s1_o8VDE_rufhiJc4CyCr7EAleCLbKm1Mcsexv9hO90a40	1umvB_	pathfinder-v0.3.0	-	qadv-arbiter-7x7-v0.1.0	sha256:7b3c359aa5f27dccf72cbf196fa8adfbbeb2be2d7ba55c424030963a0047dbda	L	P	196
g1_3_jJXF3-ociIZ1Sw4VsP1W2QodCkh5ExRtqbjzBFKTA	s1_o8VDE_rufhiJc4CyCr7EAleCLbKm1Mcsexv9hO90a40	1umvBb	pathfinder-v0.3.0	-	qadv-arbiter-7x7-v0.1.0	sha256:7b3c359aa5f27dccf72cbf196fa8adfbbeb2be2d7ba55c424030963a0047dbda	L	P	196
g1_3_jJXF3-ociIZ1Sw4VsP1W2QodCkh5ExRtqbjzBFKTA	s1_o8VDE_rufhiJc4CyCr7EAleCLbKm1Mcsexv9hO90a40	1umvBd	pathfinder-v0.3.0	-	qadv-arbiter-7x7-v0.1.0	sha256:7b3c359aa5f27dccf72cbf196fa8adfbbeb2be2d7ba55c424030963a0047dbda	L	P	196
g1_3_jJXF3-ociIZ1Sw4VsP1W2QodCkh5ExRtqbjzBFKTA	s1_o8VDE_rufhiJc4CyCr7EAleCLbKm1Mcsexv9hO90a40	1umvBf	pathfinder-v0.3.0	-	qadv-arbiter-7x7-v0.1.0	sha256:7b3c359aa5f27dccf72cbf196fa8adfbbeb2be2d7ba55c424030963a0047dbda	L	P	196
g1_3_jJXF3-ociIZ1Sw4VsP1W2QodCkh5ExRtqbjzBFKTA	s1_o8VDE_rufhiJc4CyCr7EAleCLbKm1Mcsexv9hO90a40	1umvBh	pathfinder-v0.3.0	-	qadv-arbiter-7x7-v0.1.0	sha256:7b3c359aa5f27dccf72cbf196fa8adfbbeb2be2d7ba55c424030963a0047dbda	L	P	196
g1_3_jJXF3-ociIZ1Sw4VsP1W2QodCkh5ExRtqbjzBFKTA	s1_o8VDE_rufhiJc4CyCr7EAleCLbKm1Mcsexv9hO90a40	1umvBj	pathfinder-v0.3.0	-	qadv-arbiter-7x7-v0.1.0	sha256:7b3c359aa5f27dccf72cbf196fa8adfbbeb2be2d7ba55c424030963a0047dbda	L	P	196
g1_3_jJXF3-ociIZ1Sw4VsP1W2QodCkh5ExRtqbjzBFKTA	s1_o8VDE_rufhiJc4CyCr7EAleCLbKm1Mcsexv9hO90a40	1umvBl	pathfinder-v0.3.0	-	qadv-arbiter-7x7-v0.1.0	sha256:7b3c359aa5f27dccf72cbf196fa8adfbbeb2be2d7ba55c424030963a0047dbda	L	P	196
g1_3_jJXF3-ociIZ1Sw4VsP1W2QodCkh5ExRtqbjzBFKTA	s1_o8VDE_rufhiJc4CyCr7EAleCLbKm1Mcsexv9hO90a40	1umvBn	pathfinder-v0.3.0	-	qadv-arbiter-7x7-v0.1.0	sha256:7b3c359aa5f27dccf72cbf196fa8adfbbeb2be2d7ba55c424030963a0047dbda	L	P	196
g1_3_jJXF3-ociIZ1Sw4VsP1W2QodCkh5ExRtqbjzBFKTA	s1_o8VDE_rufhiJc4CyCr7EAleCLbKm1Mcsexv9hO90a40	1umvBp	pathfinder-v0.3.0	-	qadv-arbiter-7x7-v0.1.0	sha256:7b3c359aa5f27dccf72cbf196fa8adfbbeb2be2d7ba55c424030963a0047dbda	L	P	196
g1_3_jJXF3-ociIZ1Sw4VsP1W2QodCkh5ExRtqbjzBFKTA	s1_o8VDE_rufhiJc4CyCr7EAleCLbKm1Mcsexv9hO90a40	1umvBr	pathfinder-v0.3.0	-	qadv-arbiter-7x7-v0.1.0	sha256:7b3c359aa5f27dccf72cbf196fa8adfbbeb2be2d7ba55c424030963a0047dbda	L	P	196
g1_3_jJXF3-ociIZ1Sw4VsP1W2QodCkh5ExRtqbjzBFKTA	s1_o8VDE_rufhiJc4CyCr7EAleCLbKm1Mcsexv9hO90a40	1umvBt	pathfinder-v0.3.0	-	qadv-arbiter-7x7-v0.1.0	sha256:7b3c359aa5f27dccf72cbf196fa8adfbbeb2be2d7ba55c424030963a0047dbda	L	P	196
g1_3_jJXF3-ociIZ1Sw4VsP1W2QodCkh5ExRtqbjzBFKTA	s1_o8VDE_rufhiJc4CyCr7EAleCLbKm1Mcsexv9hO90a40	1umvBv	pathfinder-v0.3.0	-	qadv-arbiter-7x7-v0.1.0	sha256:7b3c359aa5f27dccf72cbf196fa8adfbbeb2be2d7ba55c424030963a0047dbda	L	P	196
g1_3_jJXF3-ociIZ1Sw4VsP1W2QodCkh5ExRtqbjzBFKTA	s1_o8VDE_rufhiJc4CyCr7EAleCLbKm1Mcsexv9hO90a40	1umvBx	pathfinder-v0.3.0	-	qadv-arbiter-7x7-v0.1.0	sha256:7b3c359aa5f27dccf72cbf196fa8adfbbeb2be2d7ba55c424030963a0047dbda	L	P	196
g1_3_jJXF3-ociIZ1Sw4VsP1W2QodCkh5ExRtqbjzBFKTA	s1_o8VDE_rufhiJc4CyCr7EAleCLbKm1Mcsexv9hO90a40	1umvBz	pathfinder-v0.3.0	-	qadv-arbiter-7x7-v0.1.0	sha256:7b3c359aa5f27dccf72cbf196fa8adfbbeb2be2d7ba55c424030963a0047dbda	L	P	196
g1_3_jJXF3-ociIZ1Sw4VsP1W2QodCkh5ExRtqbjzBFKTA	s1_o8VDE_rufhiJc4CyCr7EAleCLbKm1Mcsexv9hO90a40	1umvC1	pathfinder-v0.3.0	-	qadv-arbiter-7x7-v0.1.0	sha256:7b3c359aa5f27dccf72cbf196fa8adfbbeb2be2d7ba55c424030963a0047dbda	L	P	196
g1_3_jJXF3-ociIZ1Sw4VsP1W2QodCkh5ExRtqbjzBFKTA	s1_o8VDE_rufhiJc4CyCr7EAleCLbKm1Mcsexv9hO90a40	1umvC3	pathfinder-v0.3.0	-	qadv-arbiter-7x7-v0.1.0	sha256:7b3c359aa5f27dccf72cbf196fa8adfbbeb2be2d7ba55c424030963a0047dbda	L	P	196
g1_3_jJXF3-ociIZ1Sw4VsP1W2QodCkh5ExRtqbjzBFKTA	s1_o8VDE_rufhiJc4CyCr7EAleCLbKm1Mcsexv9hO90a40	1umvC5	pathfinder-v0.3.0	-	qadv-arbiter-7x7-v0.1.0	sha256:7b3c359aa5f27dccf72cbf196fa8adfbbeb2be2d7ba55c424030963a0047dbda	L	P	196
g1_3_jJXF3-ociIZ1Sw4VsP1W2QodCkh5ExRtqbjzBFKTA	s1_o8VDE_rufhiJc4CyCr7EAleCLbKm1Mcsexv9hO90a40	1umvC7	pathfinder-v0.3.0	-	qadv-arbiter-7x7-v0.1.0	sha256:7b3c359aa5f27dccf72cbf196fa8adfbbeb2be2d7ba55c424030963a0047dbda	L	P	196
g1_3_jJXF3-ociIZ1Sw4VsP1W2QodCkh5ExRtqbjzBFKTA	s1_o8VDE_rufhiJc4CyCr7EAleCLbKm1Mcsexv9hO90a40	1umvC9	pathfinder-v0.3.0	-	qadv-arbiter-7x7-v0.1.0	sha256:7b3c359aa5f27dccf72cbf196fa8adfbbeb2be2d7ba55c424030963a0047dbda	L	P	196
g1_3_jJXF3-ociIZ1Sw4VsP1W2QodCkh5ExRtqbjzBFKTA	s1_o8VDE_rufhiJc4CyCr7EAleCLbKm1Mcsexv9hO90a40	1umvCB	pathfinder-v0.3.0	-	qadv-arbiter-7x7-v0.1.0	sha256:7b3c359aa5f27dccf72cbf196fa8adfbbeb2be2d7ba55c424030963a0047dbda	L	P	196
g1_3_jJXF3-ociIZ1Sw4VsP1W2QodCkh5ExRtqbjzBFKTA	s1_o8VDE_rufhiJc4CyCr7EAleCLbKm1Mcsexv9hO90a40	1umvCD	pathfinder-v0.3.0	-	qadv-arbiter-7x7-v0.1.0	sha256:7b3c359aa5f27dccf72cbf196fa8adfbbeb2be2d7ba55c424030963a0047dbda	L	P	196
g1_3_jJXF3-ociIZ1Sw4VsP1W2QodCkh5ExRtqbjzBFKTA	s1_o8VDE_rufhiJc4CyCr7EAleCLbKm1Mcsexv9hO90a40	1umvCF	pathfinder-v0.3.0	-	qadv-arbiter-7x7-v0.1.0	sha256:7b3c359aa5f27dccf72cbf196fa8adfbbeb2be2d7ba55c424030963a0047dbda	L	P	196
g1_3_jJXF3-ociIZ1Sw4VsP1W2QodCkh5ExRtqbjzBFKTA	s1_o8VDE_rufhiJc4CyCr7EAleCLbKm1Mcsexv9hO90a40	1umvCH	pathfinder-v0.3.0	-	qadv-arbiter-7x7-v0.1.0	sha256:7b3c359aa5f27dccf72cbf196fa8adfbbeb2be2d7ba55c424030963a0047dbda	L	P	196
g1_3_jJXF3-ociIZ1Sw4VsP1W2QodCkh5ExRtqbjzBFKTA	s1_o8VDE_rufhiJc4CyCr7EAleCLbKm1Mcsexv9hO90a40	1umvCJ	pathfinder-v0.3.0	-	qadv-arbiter-7x7-v0.1.0	sha256:7b3c359aa5f27dccf72cbf196fa8adfbbeb2be2d7ba55c424030963a0047dbda	L	P	196
g1_3_jJXF3-ociIZ1Sw4VsP1W2QodCkh5ExRtqbjzBFKTA	s1_o8VDE_rufhiJc4CyCr7EAleCLbKm1Mcsexv9hO90a40	1umvCL	pathfinder-v0.3.0	-	qadv-arbiter-7x7-v0.1.0	sha256:7b3c359aa5f27dccf72cbf196fa8adfbbeb2be2d7ba55c424030963a0047dbda	L	P	196
g1_3_jJXF3-ociIZ1Sw4VsP1W2QodCkh5ExRtqbjzBFKTA	s1_o8VDE_rufhiJc4CyCr7EAleCLbKm1Mcsexv9hO90a40	1umvCN	pathfinder-v0.3.0	-	qadv-arbiter-7x7-v0.1.0	sha256:7b3c359aa5f27dccf72cbf196fa8adfbbeb2be2d7ba55c424030963a0047dbda	L	P	196
g1_3_jJXF3-ociIZ1Sw4VsP1W2QodCkh5ExRtqbjzBFKTA	s1_o8VDE_rufhiJc4CyCr7EAleCLbKm1Mcsexv9hO90a40	1umvCP	pathfinder-v0.3.0	-	qadv-arbiter-7x7-v0.1.0	sha256:7b3c359aa5f27dccf72cbf196fa8adfbbeb2be2d7ba55c424030963a0047dbda	L	P	196
g1_3_jJXF3-ociIZ1Sw4VsP1W2QodCkh5ExRtqbjzBFKTA	s1_o8VDE_rufhiJc4CyCr7EAleCLbKm1Mcsexv9hO90a40	1umvCR	pathfinder-v0.3.0	-	qadv-arbiter-7x7-v0.1.0	sha256:7b3c359aa5f27dccf72cbf196fa8adfbbeb2be2d7ba55c424030963a0047dbda	L	P	196
g1_3_jJXF3-ociIZ1Sw4VsP1W2QodCkh5ExRtqbjzBFKTA	s1_o8VDE_rufhiJc4CyCr7EAleCLbKm1Mcsexv9hO90a40	1umvCT	pathfinder-v0.3.0	-	qadv-arbiter-7x7-v0.1.0	sha256:7b3c359aa5f27dccf72cbf196fa8adfbbeb2be2d7ba55c424030963a0047dbda	L	P	196
g1_3_jJXF3-ociIZ1Sw4VsP1W2QodCkh5ExRtqbjzBFKTA	s1_o8VDE_rufhiJc4CyCr7EAleCLbKm1Mcsexv9hO90a40	1umvCV	pathfinder-v0.3.0	-	qadv-arbiter-7x7-v0.1.0	sha256:7b3c359aa5f27dccf72cbf196fa8adfbbeb2be2d7ba55c424030963a0047dbda	L	P	196
g1_3_jJXF3-ociIZ1Sw4VsP1W2QodCkh5ExRtqbjzBFKTA	s1_o8VDE_rufhiJc4CyCr7EAleCLbKm1Mcsexv9hO90a40	1umvCX	pathfinder-v0.3.0	-	qadv-arbiter-7x7-v0.1.0	sha256:7b3c359aa5f27dccf72cbf196fa8adfbbeb2be2d7ba55c424030963a0047dbda	L	P	196
g1_3_jJXF3-ociIZ1Sw4VsP1W2QodCkh5ExRtqbjzBFKTA	s1_o8VDE_rufhiJc4CyCr7EAleCLbKm1Mcsexv9hO90a40	1umvCZ	pathfinder-v0.3.0	-	qadv-arbiter-7x7-v0.1.0	sha256:7b3c359aa5f27dccf72cbf196fa8adfbbeb2be2d7ba55c424030963a0047dbda	L	P	196
g1_3_jJXF3-ociIZ1Sw4VsP1W2QodCkh5ExRtqbjzBFKTA	s1_o8VDE_rufhiJc4CyCr7EAleCLbKm1Mcsexv9hO90a40	1umvC_	pathfinder-v0.3.0	-	qadv-arbiter-7x7-v0.1.0	sha256:7b3c359aa5f27dccf72cbf196fa8adfbbeb2be2d7ba55c424030963a0047dbda	L	P	196
g1_3_jJXF3-ociIZ1Sw4VsP1W2QodCkh5ExRtqbjzBFKTA	s1_o8VDE_rufhiJc4CyCr7EAleCLbKm1Mcsexv9hO90a40	1umvCb	pathfinder-v0.3.0	-	qadv-arbiter-7x7-v0.1.0	sha256:7b3c359aa5f27dccf72cbf196fa8adfbbeb2be2d7ba55c424030963a0047dbda	L	P	196
g1_3_jJXF3-ociIZ1Sw4VsP1W2QodCkh5ExRtqbjzBFKTA	s1_o8VDE_rufhiJc4CyCr7EAleCLbKm1Mcsexv9hO90a40	1umvCd	pathfinder-v0.3.0	-	qadv-arbiter-7x7-v0.1.0	sha256:7b3c359aa5f27dccf72cbf196fa8adfbbeb2be2d7ba55c424030963a0047dbda	L	P	196
g1_3_jJXF3-ociIZ1Sw4VsP1W2QodCkh5ExRtqbjzBFKTA	s1_o8VDE_rufhiJc4CyCr7EAleCLbKm1Mcsexv9hO90a40	1umvCf	pathfinder-v0.3.0	-	qadv-arbiter-7x7-v0.1.0	sha256:7b3c359aa5f27dccf72cbf196fa8adfbbeb2be2d7ba55c424030963a0047dbda	L	P	196
g1_3_jJXF3-ociIZ1Sw4VsP1W2QodCkh5ExRtqbjzBFKTA	s1_o8VDE_rufhiJc4CyCr7EAleCLbKm1Mcsexv9hO90a40	1umvCh	pathfinder-v0.3.0	-	qadv-arbiter-7x7-v0.1.0	sha256:7b3c359aa5f27dccf72cbf196fa8adfbbeb2be2d7ba55c424030963a0047dbda	L	P	196
g1_3_jJXF3-ociIZ1Sw4VsP1W2QodCkh5ExRtqbjzBFKTA	s1_o8VDE_rufhiJc4CyCr7EAleCLbKm1Mcsexv9hO90a40	1umvCj	pathfinder-v0.3.0	-	qadv-arbiter-7x7-v0.1.0	sha256:7b3c359aa5f27dccf72cbf196fa8adfbbeb2be2d7ba55c424030963a0047dbda	L	P	196
g1_3_jJXF3-ociIZ1Sw4VsP1W2QodCkh5ExRtqbjzBFKTA	s1_o8VDE_rufhiJc4CyCr7EAleCLbKm1Mcsexv9hO90a40	1umvCl	pathfinder-v0.3.0	-	qadv-arbiter-7x7-v0.1.0	sha256:7b3c359aa5f27dccf72cbf196fa8adfbbeb2be2d7ba55c424030963a0047dbda	L	P	196
g1_3_jJXF3-ociIZ1Sw4VsP1W2QodCkh5ExRtqbjzBFKTA	s1_o8VDE_rufhiJc4CyCr7EAleCLbKm1Mcsexv9hO90a40	1umvCn	pathfinder-v0.3.0	-	qadv-arbiter-7x7-v0.1.0	sha256:7b3c359aa5f27dccf72cbf196fa8adfbbeb2be2d7ba55c424030963a0047dbda	L	P	196
g1_3_jJXF3-ociIZ1Sw4VsP1W2QodCkh5ExRtqbjzBFKTA	s1_o8VDE_rufhiJc4CyCr7EAleCLbKm1Mcsexv9hO90a40	1umvCp	pathfinder-v0.3.0	-	qadv-arbiter-7x7-v0.1.0	sha256:7b3c359aa5f27dccf72cbf196fa8adfbbeb2be2d7ba55c424030963a0047dbda	L	P	196
g1_3_jJXF3-ociIZ1Sw4VsP1W2QodCkh5ExRtqbjzBFKTA	s1_o8VDE_rufhiJc4CyCr7EAleCLbKm1Mcsexv9hO90a40	1umvCr	pathfinder-v0.3.0	-	qadv-arbiter-7x7-v0.1.0	sha256:7b3c359aa5f27dccf72cbf196fa8adfbbeb2be2d7ba55c424030963a0047dbda	L	P	196
g1_3_jJXF3-ociIZ1Sw4VsP1W2QodCkh5ExRtqbjzBFKTA	s1_o8VDE_rufhiJc4CyCr7EAleCLbKm1Mcsexv9hO90a40	1umvCt	pathfinder-v0.3.0	-	qadv-arbiter-7x7-v0.1.0	sha256:7b3c359aa5f27dccf72cbf196fa8adfbbeb2be2d7ba55c424030963a0047dbda	L	P	196
g1_3_jJXF3-ociIZ1Sw4VsP1W2QodCkh5ExRtqbjzBFKTA	s1_o8VDE_rufhiJc4CyCr7EAleCLbKm1Mcsexv9hO90a40	1umvCv	pathfinder-v0.3.0	-	qadv-arbiter-7x7-v0.1.0	sha256:7b3c359aa5f27dccf72cbf196fa8adfbbeb2be2d7ba55c424030963a0047dbda	L	P	196
g1_3_jJXF3-ociIZ1Sw4VsP1W2QodCkh5ExRtqbjzBFKTA	s1_o8VDE_rufhiJc4CyCr7EAleCLbKm1Mcsexv9hO90a40	1umvCx	pathfinder-v0.3.0	-	qadv-arbiter-7x7-v0.1.0	sha256:7b3c359aa5f27dccf72cbf196fa8adfbbeb2be2d7ba55c424030963a0047dbda	L	P	196
g1_3_jJXF3-ociIZ1Sw4VsP1W2QodCkh5ExRtqbjzBFKTA	s1_o8VDE_rufhiJc4CyCr7EAleCLbKm1Mcsexv9hO90a40	1umvCz	pathfinder-v0.3.0	-	qadv-arbiter-7x7-v0.1.0	sha256:7b3c359aa5f27dccf72cbf196fa8adfbbeb2be2d7ba55c424030963a0047dbda	L	P	196
g1_3_jJXF3-ociIZ1Sw4VsP1W2QodCkh5ExRtqbjzBFKTA	s1_o8VDE_rufhiJc4CyCr7EAleCLbKm1Mcsexv9hO90a40	1umvD1	pathfinder-v0.3.0	-	qadv-arbiter-7x7-v0.1.0	sha256:7b3c359aa5f27dccf72cbf196fa8adfbbeb2be2d7ba55c424030963a0047dbda	L	P	196
g1_3_jJXF3-ociIZ1Sw4VsP1W2QodCkh5ExRtqbjzBFKTA	s1_o8VDE_rufhiJc4CyCr7EAleCLbKm1Mcsexv9hO90a40	1umvD3	pathfinder-v0.3.0	-	qadv-arbiter-7x7-v0.1.0	sha256:7b3c359aa5f27dccf72cbf196fa8adfbbeb2be2d7ba55c424030963a0047dbda	L	P	196
g1_3_jJXF3-ociIZ1Sw4VsP1W2QodCkh5ExRtqbjzBFKTA	s1_o8VDE_rufhiJc4CyCr7EAleCLbKm1Mcsexv9hO90a40	1umvD5	pathfinder-v0.3.0	-	qadv-arbiter-7x7-v0.1.0	sha256:7b3c359aa5f27dccf72cbf196fa8adfbbeb2be2d7ba55c424030963a0047dbda	L	P	196
g1_3_jJXF3-ociIZ1Sw4VsP1W2QodCkh5ExRtqbjzBFKTA	s1_o8VDE_rufhiJc4CyCr7EAleCLbKm1Mcsexv9hO90a40	1umvD7	pathfinder-v0.3.0	-	qadv-arbiter-7x7-v0.1.0	sha256:7b3c359aa5f27dccf72cbf196fa8adfbbeb2be2d7ba55c424030963a0047dbda	L	P	196
g1_3_jJXF3-ociIZ1Sw4VsP1W2QodCkh5ExRtqbjzBFKTA	s1_o8VDE_rufhiJc4CyCr7EAleCLbKm1Mcsexv9hO90a40	1umvD9	pathfinder-v0.3.0	-	qadv-arbiter-7x7-v0.1.0	sha256:7b3c359aa5f27dccf72cbf196fa8adfbbeb2be2d7ba55c424030963a0047dbda	L	P	196
g1_3_jJXF3-ociIZ1Sw4VsP1W2QodCkh5ExRtqbjzBFKTA	s1_o8VDE_rufhiJc4CyCr7EAleCLbKm1Mcsexv9hO90a40	1umvDB	pathfinder-v0.3.0	-	qadv-arbiter-7x7-v0.1.0	sha256:7b3c359aa5f27dccf72cbf196fa8adfbbeb2be2d7ba55c424030963a0047dbda	L	P	196
g1_3_jJXF3-ociIZ1Sw4VsP1W2QodCkh5ExRtqbjzBFKTA	s1_o8VDE_rufhiJc4CyCr7EAleCLbKm1Mcsexv9hO90a40	1umvDD	pathfinder-v0.3.0	-	qadv-arbiter-7x7-v0.1.0	sha256:7b3c359aa5f27dccf72cbf196fa8adfbbeb2be2d7ba55c424030963a0047dbda	L	P	196
g1_3_jJXF3-ociIZ1Sw4VsP1W2QodCkh5ExRtqbjzBFKTA	s1_o8VDE_rufhiJc4CyCr7EAleCLbKm1Mcsexv9hO90a40	1umvDF	pathfinder-v0.3.0	-	qadv-arbiter-7x7-v0.1.0	sha256:7b3c359aa5f27dccf72cbf196fa8adfbbeb2be2d7ba55c424030963a0047dbda	L	P	196
g1_3_jJXF3-ociIZ1Sw4VsP1W2QodCkh5ExRtqbjzBFKTA	s1_o8VDE_rufhiJc4CyCr7EAleCLbKm1Mcsexv9hO90a40	1umvDH	pathfinder-v0.3.0	-	qadv-arbiter-7x7-v0.1.0	sha256:7b3c359aa5f27dccf72cbf196fa8adfbbeb2be2d7ba55c424030963a0047dbda	L	P	196
g1_3_jJXF3-ociIZ1Sw4VsP1W2QodCkh5ExRtqbjzBFKTA	s1_o8VDE_rufhiJc4CyCr7EAleCLbKm1Mcsexv9hO90a40	1umvDJ	pathfinder-v0.3.0	-	qadv-arbiter-7x7-v0.1.0	sha256:7b3c359aa5f27dccf72cbf196fa8adfbbeb2be2d7ba55c424030963a0047dbda	L	P	196
g1_3_jJXF3-ociIZ1Sw4VsP1W2QodCkh5ExRtqbjzBFKTA	s1_o8VDE_rufhiJc4CyCr7EAleCLbKm1Mcsexv9hO90a40	1umvDL	pathfinder-v0.3.0	-	qadv-arbiter-7x7-v0.1.0	sha256:7b3c359aa5f27dccf72cbf196fa8adfbbeb2be2d7ba55c424030963a0047dbda	L	P	196
g1_3_jJXF3-ociIZ1Sw4VsP1W2QodCkh5ExRtqbjzBFKTA	s1_o8VDE_rufhiJc4CyCr7EAleCLbKm1Mcsexv9hO90a40	1umvDN	pathfinder-v0.3.0	-	qadv-arbiter-7x7-v0.1.0	sha256:7b3c359aa5f27dccf72cbf196fa8adfbbeb2be2d7ba55c424030963a0047dbda	L	P	196
g1_3_jJXF3-ociIZ1Sw4VsP1W2QodCkh5ExRtqbjzBFKTA	s1_o8VDE_rufhiJc4CyCr7EAleCLbKm1Mcsexv9hO90a40	1umvDP	pathfinder-v0.3.0	-	qadv-arbiter-7x7-v0.1.0	sha256:7b3c359aa5f27dccf72cbf196fa8adfbbeb2be2d7ba55c424030963a0047dbda	L	P	196
g1_3_jJXF3-ociIZ1Sw4VsP1W2QodCkh5ExRtqbjzBFKTA	s1_o8VDE_rufhiJc4CyCr7EAleCLbKm1Mcsexv9hO90a40	1umvDR	pathfinder-v0.3.0	-	qadv-arbiter-7x7-v0.1.0	sha256:7b3c359aa5f27dccf72cbf196fa8adfbbeb2be2d7ba55c424030963a0047dbda	L	P	196
g1_3_jJXF3-ociIZ1Sw4VsP1W2QodCkh5ExRtqbjzBFKTA	s1_o8VDE_rufhiJc4CyCr7EAleCLbKm1Mcsexv9hO90a40	1umvDT	pathfinder-v0.3.0	-	qadv-arbiter-7x7-v0.1.0	sha256:7b3c359aa5f27dccf72cbf196fa8adfbbeb2be2d7ba55c424030963a0047dbda	L	P	196
g1_3_jJXF3-ociIZ1Sw4VsP1W2QodCkh5ExRtqbjzBFKTA	s1_o8VDE_rufhiJc4CyCr7EAleCLbKm1Mcsexv9hO90a40	1umvDV	pathfinder-v0.3.0	-	qadv-arbiter-7x7-v0.1.0	sha256:7b3c359aa5f27dccf72cbf196fa8adfbbeb2be2d7ba55c424030963a0047dbda	L	P	196
g1_3_jJXF3-ociIZ1Sw4VsP1W2QodCkh5ExRtqbjzBFKTA	s1_o8VDE_rufhiJc4CyCr7EAleCLbKm1Mcsexv9hO90a40	1umvDX	pathfinder-v0.3.0	-	qadv-arbiter-7x7-v0.1.0	sha256:7b3c359aa5f27dccf72cbf196fa8adfbbeb2be2d7ba55c424030963a0047dbda	L	P	196
g1_3_jJXF3-ociIZ1Sw4VsP1W2QodCkh5ExRtqbjzBFKTA	s1_o8VDE_rufhiJc4CyCr7EAleCLbKm1Mcsexv9hO90a40	1umvDZ	pathfinder-v0.3.0	-	qadv-arbiter-7x7-v0.1.0	sha256:7b3c359aa5f27dccf72cbf196fa8adfbbeb2be2d7ba55c424030963a0047dbda	L	P	196
g1_3_jJXF3-ociIZ1Sw4VsP1W2QodCkh5ExRtqbjzBFKTA	s1_o8VDE_rufhiJc4CyCr7EAleCLbKm1Mcsexv9hO90a40	1umvD_	pathfinder-v0.3.0	-	qadv-arbiter-7x7-v0.1.0	sha256:7b3c359aa5f27dccf72cbf196fa8adfbbeb2be2d7ba55c424030963a0047dbda	L	P	196
g1_3_jJXF3-ociIZ1Sw4VsP1W2QodCkh5ExRtqbjzBFKTA	s1_o8VDE_rufhiJc4CyCr7EAleCLbKm1Mcsexv9hO90a40	1umvDb	pathfinder-v0.3.0	-	qadv-arbiter-7x7-v0.1.0	sha256:7b3c359aa5f27dccf72cbf196fa8adfbbeb2be2d7ba55c424030963a0047dbda	L	P	196
g1_3_jJXF3-ociIZ1Sw4VsP1W2QodCkh5ExRtqbjzBFKTA	s1_o8VDE_rufhiJc4CyCr7EAleCLbKm1Mcsexv9hO90a40	1umvDd	pathfinder-v0.3.0	-	qadv-arbiter-7x7-v0.1.0	sha256:7b3c359aa5f27dccf72cbf196fa8adfbbeb2be2d7ba55c424030963a0047dbda	L	P	196
g1_3_jJXF3-ociIZ1Sw4VsP1W2QodCkh5ExRtqbjzBFKTA	s1_o8VDE_rufhiJc4CyCr7EAleCLbKm1Mcsexv9hO90a40	1umvDf	pathfinder-v0.3.0	-	qadv-arbiter-7x7-v0.1.0	sha256:7b3c359aa5f27dccf72cbf196fa8adfbbeb2be2d7ba55c424030963a0047dbda	L	P	196
g1_3_jJXF3-ociIZ1Sw4VsP1W2QodCkh5ExRtqbjzBFKTA	s1_o8VDE_rufhiJc4CyCr7EAleCLbKm1Mcsexv9hO90a40	1umvDh	pathfinder-v0.3.0	-	qadv-arbiter-7x7-v0.1.0	sha256:7b3c359aa5f27dccf72cbf196fa8adfbbeb2be2d7ba55c424030963a0047dbda	L	P	196
g1_3_jJXF3-ociIZ1Sw4VsP1W2QodCkh5ExRtqbjzBFKTA	s1_o8VDE_rufhiJc4CyCr7EAleCLbKm1Mcsexv9hO90a40	1umvDj	pathfinder-v0.3.0	-	qadv-arbiter-7x7-v0.1.0	sha256:7b3c359aa5f27dccf72cbf196fa8adfbbeb2be2d7ba55c424030963a0047dbda	L	P	196
g1_3_jJXF3-ociIZ1Sw4VsP1W2QodCkh5ExRtqbjzBFKTA	s1_o8VDE_rufhiJc4CyCr7EAleCLbKm1Mcsexv9hO90a40	1umvDl	pathfinder-v0.3.0	-	qadv-arbiter-7x7-v0.1.0	sha256:7b3c359aa5f27dccf72cbf196fa8adfbbeb2be2d7ba55c424030963a0047dbda	L	P	196
g1_3_jJXF3-ociIZ1Sw4VsP1W2QodCkh5ExRtqbjzBFKTA	s1_o8VDE_rufhiJc4CyCr7EAleCLbKm1Mcsexv9hO90a40	1umvDn	pathfinder-v0.3.0	-	qadv-arbiter-7x7-v0.1.0	sha256:7b3c359aa5f27dccf72cbf196fa8adfbbeb2be2d7ba55c424030963a0047dbda	L	P	196
g1_3_jJXF3-ociIZ1Sw4VsP1W2QodCkh5ExRtqbjzBFKTA	s1_o8VDE_rufhiJc4CyCr7EAleCLbKm1Mcsexv9hO90a40	1umvDp	pathfinder-v0.3.0	-	qadv-arbiter-7x7-v0.1.0	sha256:7b3c359aa5f27dccf72cbf196fa8adfbbeb2be2d7ba55c424030963a0047dbda	L	P	196
g1_3_jJXF3-ociIZ1Sw4VsP1W2QodCkh5ExRtqbjzBFKTA	s1_o8VDE_rufhiJc4CyCr7EAleCLbKm1Mcsexv9hO90a40	1umvDr	pathfinder-v0.3.0	-	qadv-arbiter-7x7-v0.1.0	sha256:7b3c359aa5f27dccf72cbf196fa8adfbbeb2be2d7ba55c424030963a0047dbda	L	P	196
g1_3_jJXF3-ociIZ1Sw4VsP1W2QodCkh5ExRtqbjzBFKTA	s1_o8VDE_rufhiJc4CyCr7EAleCLbKm1Mcsexv9hO90a40	1umvDt	pathfinder-v0.3.0	-	qadv-arbiter-7x7-v0.1.0	sha256:7b3c359aa5f27dccf72cbf196fa8adfbbeb2be2d7ba55c424030963a0047dbda	L	P	196
g1_3_jJXF3-ociIZ1Sw4VsP1W2QodCkh5ExRtqbjzBFKTA	s1_o8VDE_rufhiJc4CyCr7EAleCLbKm1Mcsexv9hO90a40	1umvDv	pathfinder-v0.3.0	-	qadv-arbiter-7x7-v0.1.0	sha256:7b3c359aa5f27dccf72cbf196fa8adfbbeb2be2d7ba55c424030963a0047dbda	L	P	196
g1_3_jJXF3-ociIZ1Sw4VsP1W2QodCkh5ExRtqbjzBFKTA	s1_o8VDE_rufhiJc4CyCr7EAleCLbKm1Mcsexv9hO90a40	1umvDx	pathfinder-v0.3.0	-	qadv-arbiter-7x7-v0.1.0	sha256:7b3c359aa5f27dccf72cbf196fa8adfbbeb2be2d7ba55c424030963a0047dbda	L	P	196
g1_3_jJXF3-ociIZ1Sw4VsP1W2QodCkh5ExRtqbjzBFKTA	s1_o8VDE_rufhiJc4CyCr7EAleCLbKm1Mcsexv9hO90a40	1umvDz	pathfinder-v0.3.0	-	qadv-arbiter-7x7-v0.1.0	sha256:7b3c359aa5f27dccf72cbf196fa8adfbbeb2be2d7ba55c424030963a0047dbda	L	P	196
g1_3_jJXF3-ociIZ1Sw4VsP1W2QodCkh5ExRtqbjzBFKTA	s1_o8VDE_rufhiJc4CyCr7EAleCLbKm1Mcsexv9hO90a40	1umvE1	pathfinder-v0.3.0	-	qadv-arbiter-7x7-v0.1.0	sha256:7b3c359aa5f27dccf72cbf196fa8adfbbeb2be2d7ba55c424030963a0047dbda	L	P	196
g1_3_jJXF3-ociIZ1Sw4VsP1W2QodCkh5ExRtqbjzBFKTA	s1_o8VDE_rufhiJc4CyCr7EAleCLbKm1Mcsexv9hO90a40	1umvE3	pathfinder-v0.3.0	-	qadv-arbiter-7x7-v0.1.0	sha256:7b3c359aa5f27dccf72cbf196fa8adfbbeb2be2d7ba55c424030963a0047dbda	L	P	196
g1_3_jJXF3-ociIZ1Sw4VsP1W2QodCkh5ExRtqbjzBFKTA	s1_o8VDE_rufhiJc4CyCr7EAleCLbKm1Mcsexv9hO90a40	1umvE5	pathfinder-v0.3.0	-	qadv-arbiter-7x7-v0.1.0	sha256:7b3c359aa5f27dccf72cbf196fa8adfbbeb2be2d7ba55c424030963a0047dbda	L	P	196
g1_3_jJXF3-ociIZ1Sw4VsP1W2QodCkh5ExRtqbjzBFKTA	s1_o8VDE_rufhiJc4CyCr7EAleCLbKm1Mcsexv9hO90a40	1umvE7	pathfinder-v0.3.0	-	qadv-arbiter-7x7-v0.1.0	sha256:7b3c359aa5f27dccf72cbf196fa8adfbbeb2be2d7ba55c424030963a0047dbda	L	P	196
g1_3_jJXF3-ociIZ1Sw4VsP1W2QodCkh5ExRtqbjzBFKTA	s1_o8VDE_rufhiJc4CyCr7EAleCLbKm1Mcsexv9hO90a40	1umvE9	pathfinder-v0.3.0	-	qadv-arbiter-7x7-v0.1.0	sha256:7b3c359aa5f27dccf72cbf196fa8adfbbeb2be2d7ba55c424030963a0047dbda	L	P	196
g1_3_jJXF3-ociIZ1Sw4VsP1W2QodCkh5ExRtqbjzBFKTA	s1_o8VDE_rufhiJc4CyCr7EAleCLbKm1Mcsexv9hO90a40	1umvEB	pathfinder-v0.3.0	-	qadv-arbiter-7x7-v0.1.0	sha256:7b3c359aa5f27dccf72cbf196fa8adfbbeb2be2d7ba55c424030963a0047dbda	L	P	196
g1_3_jJXF3-ociIZ1Sw4VsP1W2QodCkh5ExRtqbjzBFKTA	s1_o8VDE_rufhiJc4CyCr7EAleCLbKm1Mcsexv9hO90a40	1umvED	pathfinder-v0.3.0	-	qadv-arbiter-7x7-v0.1.0	sha256:7b3c359aa5f27dccf72cbf196fa8adfbbeb2be2d7ba55c424030963a0047dbda	L	P	196
g1_3_jJXF3-ociIZ1Sw4VsP1W2QodCkh5ExRtqbjzBFKTA	s1_o8VDE_rufhiJc4CyCr7EAleCLbKm1Mcsexv9hO90a40	1umvEF	pathfinder-v0.3.0	-	qadv-arbiter-7x7-v0.1.0	sha256:7b3c359aa5f27dccf72cbf196fa8adfbbeb2be2d7ba55c424030963a0047dbda	L	P	196
g1_3_jJXF3-ociIZ1Sw4VsP1W2QodCkh5ExRtqbjzBFKTA	s1_o8VDE_rufhiJc4CyCr7EAleCLbKm1Mcsexv9hO90a40	1umvEH	pathfinder-v0.3.0	-	qadv-arbiter-7x7-v0.1.0	sha256:7b3c359aa5f27dccf72cbf196fa8adfbbeb2be2d7ba55c424030963a0047dbda	L	P	196
g1_3_jJXF3-ociIZ1Sw4VsP1W2QodCkh5ExRtqbjzBFKTA	s1_o8VDE_rufhiJc4CyCr7EAleCLbKm1Mcsexv9hO90a40	1umvEJ	pathfinder-v0.3.0	-	qadv-arbiter-7x7-v0.1.0	sha256:7b3c359aa5f27dccf72cbf196fa8adfbbeb2be2d7ba55c424030963a0047dbda	L	P	196
g1_3_jJXF3-ociIZ1Sw4VsP1W2QodCkh5ExRtqbjzBFKTA	s1_o8VDE_rufhiJc4CyCr7EAleCLbKm1Mcsexv9hO90a40	1umvEL	pathfinder-v0.3.0	-	qadv-arbiter-7x7-v0.1.0	sha256:7b3c359aa5f27dccf72cbf196fa8adfbbeb2be2d7ba55c424030963a0047dbda	L	P	196
g1_3_jJXF3-ociIZ1Sw4VsP1W2QodCkh5ExRtqbjzBFKTA	s1_o8VDE_rufhiJc4CyCr7EAleCLbKm1Mcsexv9hO90a40	1umvEN	pathfinder-v0.3.0	-	qadv-arbiter-7x7-v0.1.0	sha256:7b3c359aa5f27dccf72cbf196fa8adfbbeb2be2d7ba55c424030963a0047dbda	L	P	196
g1_3_jJXF3-ociIZ1Sw4VsP1W2QodCkh5ExRtqbjzBFKTA	s1_o8VDE_rufhiJc4CyCr7EAleCLbKm1Mcsexv9hO90a40	1umvEP	pathfinder-v0.3.0	-	qadv-arbiter-7x7-v0.1.0	sha256:7b3c359aa5f27dccf72cbf196fa8adfbbeb2be2d7ba55c424030963a0047dbda	L	P	196
g1_3_jJXF3-ociIZ1Sw4VsP1W2QodCkh5ExRtqbjzBFKTA	s1_o8VDE_rufhiJc4CyCr7EAleCLbKm1Mcsexv9hO90a40	1umvER	pathfinder-v0.3.0	-	qadv-arbiter-7x7-v0.1.0	sha256:7b3c359aa5f27dccf72cbf196fa8adfbbeb2be2d7ba55c424030963a0047dbda	L	P	196
g1_3_jJXF3-ociIZ1Sw4VsP1W2QodCkh5ExRtqbjzBFKTA	s1_o8VDE_rufhiJc4CyCr7EAleCLbKm1Mcsexv9hO90a40	1umvET	pathfinder-v0.3.0	-	qadv-arbiter-7x7-v0.1.0	sha256:7b3c359aa5f27dccf72cbf196fa8adfbbeb2be2d7ba55c424030963a0047dbda	L	P	196
g1_3_jJXF3-ociIZ1Sw4VsP1W2QodCkh5ExRtqbjzBFKTA	s1_o8VDE_rufhiJc4CyCr7EAleCLbKm1Mcsexv9hO90a40	1umvEV	pathfinder-v0.3.0	-	qadv-arbiter-7x7-v0.1.0	sha256:7b3c359aa5f27dccf72cbf196fa8adfbbeb2be2d7ba55c424030963a0047dbda	L	P	196
g1_3_jJXF3-ociIZ1Sw4VsP1W2QodCkh5ExRtqbjzBFKTA	s1_o8VDE_rufhiJc4CyCr7EAleCLbKm1Mcsexv9hO90a40	1umvEX	pathfinder-v0.3.0	-	qadv-arbiter-7x7-v0.1.0	sha256:7b3c359aa5f27dccf72cbf196fa8adfbbeb2be2d7ba55c424030963a0047dbda	L	P	196
g1_3_jJXF3-ociIZ1Sw4VsP1W2QodCkh5ExRtqbjzBFKTA	s1_o8VDE_rufhiJc4CyCr7EAleCLbKm1Mcsexv9hO90a40	1umvEZ	pathfinder-v0.3.0	-	qadv-arbiter-7x7-v0.1.0	sha256:7b3c359aa5f27dccf72cbf196fa8adfbbeb2be2d7ba55c424030963a0047dbda	L	P	196
g1_3_jJXF3-ociIZ1Sw4VsP1W2QodCkh5ExRtqbjzBFKTA	s1_o8VDE_rufhiJc4CyCr7EAleCLbKm1Mcsexv9hO90a40	1umvE_	pathfinder-v0.3.0	-	qadv-arbiter-7x7-v0.1.0	sha256:7b3c359aa5f27dccf72cbf196fa8adfbbeb2be2d7ba55c424030963a0047dbda	L	P	196
g1_3_jJXF3-ociIZ1Sw4VsP1W2QodCkh5ExRtqbjzBFKTA	s1_o8VDE_rufhiJc4CyCr7EAleCLbKm1Mcsexv9hO90a40	1umvEb	pathfinder-v0.3.0	-	qadv-arbiter-7x7-v0.1.0	sha256:7b3c359aa5f27dccf72cbf196fa8adfbbeb2be2d7ba55c424030963a0047dbda	L	P	196
g1_3_jJXF3-ociIZ1Sw4VsP1W2QodCkh5ExRtqbjzBFKTA	s1_o8VDE_rufhiJc4CyCr7EAleCLbKm1Mcsexv9hO90a40	1umvEd	pathfinder-v0.3.0	-	qadv-arbiter-7x7-v0.1.0	sha256:7b3c359aa5f27dccf72cbf196fa8adfbbeb2be2d7ba55c424030963a0047dbda	L	P	196
g1_3_jJXF3-ociIZ1Sw4VsP1W2QodCkh5ExRtqbjzBFKTA	s1_o8VDE_rufhiJc4CyCr7EAleCLbKm1Mcsexv9hO90a40	1umvEf	pathfinder-v0.3.0	-	qadv-arbiter-7x7-v0.1.0	sha256:7b3c359aa5f27dccf72cbf196fa8adfbbeb2be2d7ba55c424030963a0047dbda	L	P	196
g1_3_jJXF3-ociIZ1Sw4VsP1W2QodCkh5ExRtqbjzBFKTA	s1_o8VDE_rufhiJc4CyCr7EAleCLbKm1Mcsexv9hO90a40	1umvEh	pathfinder-v0.3.0	-	qadv-arbiter-7x7-v0.1.0	sha256:7b3c359aa5f27dccf72cbf196fa8adfbbeb2be2d7ba55c424030963a0047dbda	L	P	196
g1_3_jJXF3-ociIZ1Sw4VsP1W2QodCkh5ExRtqbjzBFKTA	s1_o8VDE_rufhiJc4CyCr7EAleCLbKm1Mcsexv9hO90a40	1umvEj	pathfinder-v0.3.0	-	qadv-arbiter-7x7-v0.1.0	sha256:7b3c359aa5f27dccf72cbf196fa8adfbbeb2be2d7ba55c424030963a0047dbda	L	P	196
g1_3_jJXF3-ociIZ1Sw4VsP1W2QodCkh5ExRtqbjzBFKTA	s1_o8VDE_rufhiJc4CyCr7EAleCLbKm1Mcsexv9hO90a40	1umvEl	pathfinder-v0.3.0	-	qadv-arbiter-7x7-v0.1.0	sha256:7b3c359aa5f27dccf72cbf196fa8adfbbeb2be2d7ba55c424030963a0047dbda	L	P	196
g1_3_jJXF3-ociIZ1Sw4VsP1W2QodCkh5ExRtqbjzBFKTA	s1_o8VDE_rufhiJc4CyCr7EAleCLbKm1Mcsexv9hO90a40	1umvEn	pathfinder-v0.3.0	-	qadv-arbiter-7x7-v0.1.0	sha256:7b3c359aa5f27dccf72cbf196fa8adfbbeb2be2d7ba55c424030963a0047dbda	L	P	196
g1_3_jJXF3-ociIZ1Sw4VsP1W2QodCkh5ExRtqbjzBFKTA	s1_o8VDE_rufhiJc4CyCr7EAleCLbKm1Mcsexv9hO90a40	1umvEp	pathfinder-v0.3.0	-	qadv-arbiter-7x7-v0.1.0	sha256:7b3c359aa5f27dccf72cbf196fa8adfbbeb2be2d7ba55c424030963a0047dbda	L	P	196
g1_3_jJXF3-ociIZ1Sw4VsP1W2QodCkh5ExRtqbjzBFKTA	s1_o8VDE_rufhiJc4CyCr7EAleCLbKm1Mcsexv9hO90a40	1umvEr	pathfinder-v0.3.0	-	qadv-arbiter-7x7-v0.1.0	sha256:7b3c359aa5f27dccf72cbf196fa8adfbbeb2be2d7ba55c424030963a0047dbda	L	P	196
g1_3_jJXF3-ociIZ1Sw4VsP1W2QodCkh5ExRtqbjzBFKTA	s1_o8VDE_rufhiJc4CyCr7EAleCLbKm1Mcsexv9hO90a40	1umvEt	pathfinder-v0.3.0	-	qadv-arbiter-7x7-v0.1.0	sha256:7b3c359aa5f27dccf72cbf196fa8adfbbeb2be2d7ba55c424030963a0047dbda	L	P	196
g1_3_jJXF3-ociIZ1Sw4VsP1W2QodCkh5ExRtqbjzBFKTA	s1_o8VDE_rufhiJc4CyCr7EAleCLbKm1Mcsexv9hO90a40	1umvEv	pathfinder-v0.3.0	-	qadv-arbiter-7x7-v0.1.0	sha256:7b3c359aa5f27dccf72cbf196fa8adfbbeb2be2d7ba55c424030963a0047dbda	L	P	196
g1_3_jJXF3-ociIZ1Sw4VsP1W2QodCkh5ExRtqbjzBFKTA	s1_o8VDE_rufhiJc4CyCr7EAleCLbKm1Mcsexv9hO90a40	1umvEx	pathfinder-v0.3.0	-	qadv-arbiter-7x7-v0.1.0	sha256:7b3c359aa5f27dccf72cbf196fa8adfbbeb2be2d7ba55c424030963a0047dbda	L	P	196
g1_3_jJXF3-ociIZ1Sw4VsP1W2QodCkh5ExRtqbjzBFKTA	s1_o8VDE_rufhiJc4CyCr7EAleCLbKm1Mcsexv9hO90a40	1umvEz	pathfinder-v0.3.0	-	qadv-arbiter-7x7-v0.1.0	sha256:7b3c359aa5f27dccf72cbf196fa8adfbbeb2be2d7ba55c424030963a0047dbda	L	P	196
g1_3_jJXF3-ociIZ1Sw4VsP1W2QodCkh5ExRtqbjzBFKTA	s1_o8VDE_rufhiJc4CyCr7EAleCLbKm1Mcsexv9hO90a40	1umvF1	pathfinder-v0.3.0	-	qadv-arbiter-7x7-v0.1.0	sha256:7b3c359aa5f27dccf72cbf196fa8adfbbeb2be2d7ba55c424030963a0047dbda	L	P	196
g1_3_jJXF3-ociIZ1Sw4VsP1W2QodCkh5ExRtqbjzBFKTA	s1_o8VDE_rufhiJc4CyCr7EAleCLbKm1Mcsexv9hO90a40	1umvF3	pathfinder-v0.3.0	-	qadv-arbiter-7x7-v0.1.0	sha256:7b3c359aa5f27dccf72cbf196fa8adfbbeb2be2d7ba55c424030963a0047dbda	L	P	196
g1_3_jJXF3-ociIZ1Sw4VsP1W2QodCkh5ExRtqbjzBFKTA	s1_o8VDE_rufhiJc4CyCr7EAleCLbKm1Mcsexv9hO90a40	1umvF5	pathfinder-v0.3.0	-	qadv-arbiter-7x7-v0.1.0	sha256:7b3c359aa5f27dccf72cbf196fa8adfbbeb2be2d7ba55c424030963a0047dbda	L	P	196
g1_3_jJXF3-ociIZ1Sw4VsP1W2QodCkh5ExRtqbjzBFKTA	s1_o8VDE_rufhiJc4CyCr7EAleCLbKm1Mcsexv9hO90a40	1umvF7	pathfinder-v0.3.0	-	qadv-arbiter-7x7-v0.1.0	sha256:7b3c359aa5f27dccf72cbf196fa8adfbbeb2be2d7ba55c424030963a0047dbda	L	P	196
g1_3_jJXF3-ociIZ1Sw4VsP1W2QodCkh5ExRtqbjzBFKTA	s1_o8VDE_rufhiJc4CyCr7EAleCLbKm1Mcsexv9hO90a40	1umvF9	pathfinder-v0.3.0	-	qadv-arbiter-7x7-v0.1.0	sha256:7b3c359aa5f27dccf72cbf196fa8adfbbeb2be2d7ba55c424030963a0047dbda	L	P	196
g1_3_jJXF3-ociIZ1Sw4VsP1W2QodCkh5ExRtqbjzBFKTA	s1_o8VDE_rufhiJc4CyCr7EAleCLbKm1Mcsexv9hO90a40	1umvFB	pathfinder-v0.3.0	-	qadv-arbiter-7x7-v0.1.0	sha256:7b3c359aa5f27dccf72cbf196fa8adfbbeb2be2d7ba55c424030963a0047dbda	L	P	196
g1_3_jJXF3-ociIZ1Sw4VsP1W2QodCkh5ExRtqbjzBFKTA	s1_o8VDE_rufhiJc4CyCr7EAleCLbKm1Mcsexv9hO90a40	1umvFD	pathfinder-v0.3.0	-	qadv-arbiter-7x7-v0.1.0	sha256:7b3c359aa5f27dccf72cbf196fa8adfbbeb2be2d7ba55c424030963a0047dbda	L	P	196
g1_3_jJXF3-ociIZ1Sw4VsP1W2QodCkh5ExRtqbjzBFKTA	s1_o8VDE_rufhiJc4CyCr7EAleCLbKm1Mcsexv9hO90a40	1umvFF	pathfinder-v0.3.0	-	qadv-arbiter-7x7-v0.1.0	sha256:7b3c359aa5f27dccf72cbf196fa8adfbbeb2be2d7ba55c424030963a0047dbda	L	P	196
g1_3_jJXF3-ociIZ1Sw4VsP1W2QodCkh5ExRtqbjzBFKTA	s1_o8VDE_rufhiJc4CyCr7EAleCLbKm1Mcsexv9hO90a40	1umvFH	pathfinder-v0.3.0	-	qadv-arbiter-7x7-v0.1.0	sha256:7b3c359aa5f27dccf72cbf196fa8adfbbeb2be2d7ba55c424030963a0047dbda	L	P	196
g1_3_jJXF3-ociIZ1Sw4VsP1W2QodCkh5ExRtqbjzBFKTA	s1_o8VDE_rufhiJc4CyCr7EAleCLbKm1Mcsexv9hO90a40	1umvFJ	pathfinder-v0.3.0	-	qadv-arbiter-7x7-v0.1.0	sha256:7b3c359aa5f27dccf72cbf196fa8adfbbeb2be2d7ba55c424030963a0047dbda	L	P	196
g1_3_jJXF3-ociIZ1Sw4VsP1W2QodCkh5ExRtqbjzBFKTA	s1_o8VDE_rufhiJc4CyCr7EAleCLbKm1Mcsexv9hO90a40	1umvFL	pathfinder-v0.3.0	-	qadv-arbiter-7x7-v0.1.0	sha256:7b3c359aa5f27dccf72cbf196fa8adfbbeb2be2d7ba55c424030963a0047dbda	L	P	196
g1_3_jJXF3-ociIZ1Sw4VsP1W2QodCkh5ExRtqbjzBFKTA	s1_o8VDE_rufhiJc4CyCr7EAleCLbKm1Mcsexv9hO90a40	1umvFN	pathfinder-v0.3.0	-	qadv-arbiter-7x7-v0.1.0	sha256:7b3c359aa5f27dccf72cbf196fa8adfbbeb2be2d7ba55c424030963a0047dbda	L	P	196
g1_3_jJXF3-ociIZ1Sw4VsP1W2QodCkh5ExRtqbjzBFKTA	s1_o8VDE_rufhiJc4CyCr7EAleCLbKm1Mcsexv9hO90a40	1umvFP	pathfinder-v0.3.0	-	qadv-arbiter-7x7-v0.1.0	sha256:7b3c359aa5f27dccf72cbf196fa8adfbbeb2be2d7ba55c424030963a0047dbda	L	P	196
g1_3_jJXF3-ociIZ1Sw4VsP1W2QodCkh5ExRtqbjzBFKTA	s1_o8VDE_rufhiJc4CyCr7EAleCLbKm1Mcsexv9hO90a40	1umvFR	pathfinder-v0.3.0	-	qadv-arbiter-7x7-v0.1.0	sha256:7b3c359aa5f27dccf72cbf196fa8adfbbeb2be2d7ba55c424030963a0047dbda	L	P	196
g1_3_jJXF3-ociIZ1Sw4VsP1W2QodCkh5ExRtqbjzBFKTA	s1_o8VDE_rufhiJc4CyCr7EAleCLbKm1Mcsexv9hO90a40	1umvFT	pathfinder-v0.3.0	-	qadv-arbiter-7x7-v0.1.0	sha256:7b3c359aa5f27dccf72cbf196fa8adfbbeb2be2d7ba55c424030963a0047dbda	L	P	196
g1_3_jJXF3-ociIZ1Sw4VsP1W2QodCkh5ExRtqbjzBFKTA	s1_o8VDE_rufhiJc4CyCr7EAleCLbKm1Mcsexv9hO90a40	1umvFV	pathfinder-v0.3.0	-	qadv-arbiter-7x7-v0.1.0	sha256:7b3c359aa5f27dccf72cbf196fa8adfbbeb2be2d7ba55c424030963a0047dbda	L	P	196
g1_3_jJXF3-ociIZ1Sw4VsP1W2QodCkh5ExRtqbjzBFKTA	s1_o8VDE_rufhiJc4CyCr7EAleCLbKm1Mcsexv9hO90a40	1umvFX	pathfinder-v0.3.0	-	qadv-arbiter-7x7-v0.1.0	sha256:7b3c359aa5f27dccf72cbf196fa8adfbbeb2be2d7ba55c424030963a0047dbda	L	P	196
g1_3_jJXF3-ociIZ1Sw4VsP1W2QodCkh5ExRtqbjzBFKTA	s1_o8VDE_rufhiJc4CyCr7EAleCLbKm1Mcsexv9hO90a40	1umvFZ	pathfinder-v0.3.0	-	qadv-arbiter-7x7-v0.1.0	sha256:7b3c359aa5f27dccf72cbf196fa8adfbbeb2be2d7ba55c424030963a0047dbda	L	P	196
g1_3_jJXF3-ociIZ1Sw4VsP1W2QodCkh5ExRtqbjzBFKTA	s1_o8VDE_rufhiJc4CyCr7EAleCLbKm1Mcsexv9hO90a40	1umvF_	pathfinder-v0.3.0	-	qadv-arbiter-7x7-v0.1.0	sha256:7b3c359aa5f27dccf72cbf196fa8adfbbeb2be2d7ba55c424030963a0047dbda	L	P	196
g1_3_jJXF3-ociIZ1Sw4VsP1W2QodCkh5ExRtqbjzBFKTA	s1_o8VDE_rufhiJc4CyCr7EAleCLbKm1Mcsexv9hO90a40	1umvFb	pathfinder-v0.3.0	-	qadv-arbiter-7x7-v0.1.0	sha256:7b3c359aa5f27dccf72cbf196fa8adfbbeb2be2d7ba55c424030963a0047dbda	L	P	196
g1_3_jJXF3-ociIZ1Sw4VsP1W2QodCkh5ExRtqbjzBFKTA	s1_o8VDE_rufhiJc4CyCr7EAleCLbKm1Mcsexv9hO90a40	1umvFd	pathfinder-v0.3.0	-	qadv-arbiter-7x7-v0.1.0	sha256:7b3c359aa5f27dccf72cbf196fa8adfbbeb2be2d7ba55c424030963a0047dbda	L	P	196
g1_3_jJXF3-ociIZ1Sw4VsP1W2QodCkh5ExRtqbjzBFKTA	s1_o8VDE_rufhiJc4CyCr7EAleCLbKm1Mcsexv9hO90a40	1umvFf	pathfinder-v0.3.0	-	qadv-arbiter-7x7-v0.1.0	sha256:7b3c359aa5f27dccf72cbf196fa8adfbbeb2be2d7ba55c424030963a0047dbda	L	P	196
g1_3_jJXF3-ociIZ1Sw4VsP1W2QodCkh5ExRtqbjzBFKTA	s1_o8VDE_rufhiJc4CyCr7EAleCLbKm1Mcsexv9hO90a40	1umvFh	pathfinder-v0.3.0	-	qadv-arbiter-7x7-v0.1.0	sha256:7b3c359aa5f27dccf72cbf196fa8adfbbeb2be2d7ba55c424030963a0047dbda	L	P	196
g1_3_jJXF3-ociIZ1Sw4VsP1W2QodCkh5ExRtqbjzBFKTA	s1_o8VDE_rufhiJc4CyCr7EAleCLbKm1Mcsexv9hO90a40	1umvFj	pathfinder-v0.3.0	-	qadv-arbiter-7x7-v0.1.0	sha256:7b3c359aa5f27dccf72cbf196fa8adfbbeb2be2d7ba55c424030963a0047dbda	L	P	196
g1_3_jJXF3-ociIZ1Sw4VsP1W2QodCkh5ExRtqbjzBFKTA	s1_o8VDE_rufhiJc4CyCr7EAleCLbKm1Mcsexv9hO90a40	1umvFl	pathfinder-v0.3.0	-	qadv-arbiter-7x7-v0.1.0	sha256:7b3c359aa5f27dccf72cbf196fa8adfbbeb2be2d7ba55c424030963a0047dbda	L	P	196
g1_3_jJXF3-ociIZ1Sw4VsP1W2QodCkh5ExRtqbjzBFKTA	s1_o8VDE_rufhiJc4CyCr7EAleCLbKm1Mcsexv9hO90a40	1umvFn	pathfinder-v0.3.0	-	qadv-arbiter-7x7-v0.1.0	sha256:7b3c359aa5f27dccf72cbf196fa8adfbbeb2be2d7ba55c424030963a0047dbda	L	P	196
g1_3_jJXF3-ociIZ1Sw4VsP1W2QodCkh5ExRtqbjzBFKTA	s1_o8VDE_rufhiJc4CyCr7EAleCLbKm1Mcsexv9hO90a40	1umvFp	pathfinder-v0.3.0	-	qadv-arbiter-7x7-v0.1.0	sha256:7b3c359aa5f27dccf72cbf196fa8adfbbeb2be2d7ba55c424030963a0047dbda	L	P	196
g1_3_jJXF3-ociIZ1Sw4VsP1W2QodCkh5ExRtqbjzBFKTA	s1_o8VDE_rufhiJc4CyCr7EAleCLbKm1Mcsexv9hO90a40	1umvFr	pathfinder-v0.3.0	-	qadv-arbiter-7x7-v0.1.0	sha256:7b3c359aa5f27dccf72cbf196fa8adfbbeb2be2d7ba55c424030963a0047dbda	L	P	196
g1_3_jJXF3-ociIZ1Sw4VsP1W2QodCkh5ExRtqbjzBFKTA	s1_o8VDE_rufhiJc4CyCr7EAleCLbKm1Mcsexv9hO90a40	1umvFt	pathfinder-v0.3.0	-	qadv-arbiter-7x7-v0.1.0	sha256:7b3c359aa5f27dccf72cbf196fa8adfbbeb2be2d7ba55c424030963a0047dbda	L	P	196
g1_3_jJXF3-ociIZ1Sw4VsP1W2QodCkh5ExRtqbjzBFKTA	s1_o8VDE_rufhiJc4CyCr7EAleCLbKm1Mcsexv9hO90a40	1umvFv	pathfinder-v0.3.0	-	qadv-arbiter-7x7-v0.1.0	sha256:7b3c359aa5f27dccf72cbf196fa8adfbbeb2be2d7ba55c424030963a0047dbda	L	P	196
g1_3_jJXF3-ociIZ1Sw4VsP1W2QodCkh5ExRtqbjzBFKTA	s1_o8VDE_rufhiJc4CyCr7EAleCLbKm1Mcsexv9hO90a40	1umvFx	pathfinder-v0.3.0	-	qadv-arbiter-7x7-v0.1.0	sha256:7b3c359aa5f27dccf72cbf196fa8adfbbeb2be2d7ba55c424030963a0047dbda	L	P	196
g1_3_jJXF3-ociIZ1Sw4VsP1W2QodCkh5ExRtqbjzBFKTA	s1_o8VDE_rufhiJc4CyCr7EAleCLbKm1Mcsexv9hO90a40	1umvFz	pathfinder-v0.3.0	-	qadv-arbiter-7x7-v0.1.0	sha256:7b3c359aa5f27dccf72cbf196fa8adfbbeb2be2d7ba55c424030963a0047dbda	L	P	196
g1_3_jJXF3-ociIZ1Sw4VsP1W2QodCkh5ExRtqbjzBFKTA	s1_o8VDE_rufhiJc4CyCr7EAleCLbKm1Mcsexv9hO90a40	1umvG1	pathfinder-v0.3.0	-	qadv-arbiter-7x7-v0.1.0	sha256:7b3c359aa5f27dccf72cbf196fa8adfbbeb2be2d7ba55c424030963a0047dbda	L	P	196
g1_3_jJXF3-ociIZ1Sw4VsP1W2QodCkh5ExRtqbjzBFKTA	s1_o8VDE_rufhiJc4CyCr7EAleCLbKm1Mcsexv9hO90a40	1umvG3	pathfinder-v0.3.0	-	qadv-arbiter-7x7-v0.1.0	sha256:7b3c359aa5f27dccf72cbf196fa8adfbbeb2be2d7ba55c424030963a0047dbda	L	P	196
g1_3_jJXF3-ociIZ1Sw4VsP1W2QodCkh5ExRtqbjzBFKTA	s1_o8VDE_rufhiJc4CyCr7EAleCLbKm1Mcsexv9hO90a40	1umvG5	pathfinder-v0.3.0	-	qadv-arbiter-7x7-v0.1.0	sha256:7b3c359aa5f27dccf72cbf196fa8adfbbeb2be2d7ba55c424030963a0047dbda	L	P	196
g1_3_jJXF3-ociIZ1Sw4VsP1W2QodCkh5ExRtqbjzBFKTA	s1_o8VDE_rufhiJc4CyCr7EAleCLbKm1Mcsexv9hO90a40	1umvG7	pathfinder-v0.3.0	-	qadv-arbiter-7x7-v0.1.0	sha256:7b3c359aa5f27dccf72cbf196fa8adfbbeb2be2d7ba55c424030963a0047dbda	L	P	196
g1_3_jJXF3-ociIZ1Sw4VsP1W2QodCkh5ExRtqbjzBFKTA	s1_o8VDE_rufhiJc4CyCr7EAleCLbKm1Mcsexv9hO90a40	1umvG9	pathfinder-v0.3.0	-	qadv-arbiter-7x7-v0.1.0	sha256:7b3c359aa5f27dccf72cbf196fa8adfbbeb2be2d7ba55c424030963a0047dbda	L	P	196
g1_3_jJXF3-ociIZ1Sw4VsP1W2QodCkh5ExRtqbjzBFKTA	s1_o8VDE_rufhiJc4CyCr7EAleCLbKm1Mcsexv9hO90a40	1umvGB	pathfinder-v0.3.0	-	qadv-arbiter-7x7-v0.1.0	sha256:7b3c359aa5f27dccf72cbf196fa8adfbbeb2be2d7ba55c424030963a0047dbda	L	P	196
g1_3_jJXF3-ociIZ1Sw4VsP1W2QodCkh5ExRtqbjzBFKTA	s1_o8VDE_rufhiJc4CyCr7EAleCLbKm1Mcsexv9hO90a40	1umvGD	pathfinder-v0.3.0	-	qadv-arbiter-7x7-v0.1.0	sha256:7b3c359aa5f27dccf72cbf196fa8adfbbeb2be2d7ba55c424030963a0047dbda	L	P	196
g1_3_jJXF3-ociIZ1Sw4VsP1W2QodCkh5ExRtqbjzBFKTA	s1_o8VDE_rufhiJc4CyCr7EAleCLbKm1Mcsexv9hO90a40	1umvGF	pathfinder-v0.3.0	-	qadv-arbiter-7x7-v0.1.0	sha256:7b3c359aa5f27dccf72cbf196fa8adfbbeb2be2d7ba55c424030963a0047dbda	L	P	196
g1_3_jJXF3-ociIZ1Sw4VsP1W2QodCkh5ExRtqbjzBFKTA	s1_o8VDE_rufhiJc4CyCr7EAleCLbKm1Mcsexv9hO90a40	1umvGH	pathfinder-v0.3.0	-	qadv-arbiter-7x7-v0.1.0	sha256:7b3c359aa5f27dccf72cbf196fa8adfbbeb2be2d7ba55c424030963a0047dbda	L	P	196
g1_3_jJXF3-ociIZ1Sw4VsP1W2QodCkh5ExRtqbjzBFKTA	s1_o8VDE_rufhiJc4CyCr7EAleCLbKm1Mcsexv9hO90a40	1umvGJ	pathfinder-v0.3.0	-	qadv-arbiter-7x7-v0.1.0	sha256:7b3c359aa5f27dccf72cbf196fa8adfbbeb2be2d7ba55c424030963a0047dbda	L	P	196
g1_3_jJXF3-ociIZ1Sw4VsP1W2QodCkh5ExRtqbjzBFKTA	s1_o8VDE_rufhiJc4CyCr7EAleCLbKm1Mcsexv9hO90a40	1umvGL	pathfinder-v0.3.0	-	qadv-arbiter-7x7-v0.1.0	sha256:7b3c359aa5f27dccf72cbf196fa8adfbbeb2be2d7ba55c424030963a0047dbda	L	P	196
g1_3_jJXF3-ociIZ1Sw4VsP1W2QodCkh5ExRtqbjzBFKTA	s1_o8VDE_rufhiJc4CyCr7EAleCLbKm1Mcsexv9hO90a40	1umvGN	pathfinder-v0.3.0	-	qadv-arbiter-7x7-v0.1.0	sha256:7b3c359aa5f27dccf72cbf196fa8adfbbeb2be2d7ba55c424030963a0047dbda	L	P	196
g1_3_jJXF3-ociIZ1Sw4VsP1W2QodCkh5ExRtqbjzBFKTA	s1_o8VDE_rufhiJc4CyCr7EAleCLbKm1Mcsexv9hO90a40	1umvGP	pathfinder-v0.3.0	-	qadv-arbiter-7x7-v0.1.0	sha256:7b3c359aa5f27dccf72cbf196fa8adfbbeb2be2d7ba55c424030963a0047dbda	L	P	196
g1_3_jJXF3-ociIZ1Sw4VsP1W2QodCkh5ExRtqbjzBFKTA	s1_o8VDE_rufhiJc4CyCr7EAleCLbKm1Mcsexv9hO90a40	1umvGR	pathfinder-v0.3.0	-	qadv-arbiter-7x7-v0.1.0	sha256:7b3c359aa5f27dccf72cbf196fa8adfbbeb2be2d7ba55c424030963a0047dbda	L	P	196
g1_3_jJXF3-ociIZ1Sw4VsP1W2QodCkh5ExRtqbjzBFKTA	s1_o8VDE_rufhiJc4CyCr7EAleCLbKm1Mcsexv9hO90a40	1umvGT	pathfinder-v0.3.0	-	qadv-arbiter-7x7-v0.1.0	sha256:7b3c359aa5f27dccf72cbf196fa8adfbbeb2be2d7ba55c424030963a0047dbda	L	P	196
g1_3_jJXF3-ociIZ1Sw4VsP1W2QodCkh5ExRtqbjzBFKTA	s1_o8VDE_rufhiJc4CyCr7EAleCLbKm1Mcsexv9hO90a40	1umvGV	pathfinder-v0.3.0	-	qadv-arbiter-7x7-v0.1.0	sha256:7b3c359aa5f27dccf72cbf196fa8adfbbeb2be2d7ba55c424030963a0047dbda	L	P	196
g1_3_jJXF3-ociIZ1Sw4VsP1W2QodCkh5ExRtqbjzBFKTA	s1_o8VDE_rufhiJc4CyCr7EAleCLbKm1Mcsexv9hO90a40	1umvGX	pathfinder-v0.3.0	-	qadv-arbiter-7x7-v0.1.0	sha256:7b3c359aa5f27dccf72cbf196fa8adfbbeb2be2d7ba55c424030963a0047dbda	L	P	196
g1_3_jJXF3-ociIZ1Sw4VsP1W2QodCkh5ExRtqbjzBFKTA	s1_o8VDE_rufhiJc4CyCr7EAleCLbKm1Mcsexv9hO90a40	1umvGZ	pathfinder-v0.3.0	-	qadv-arbiter-7x7-v0.1.0	sha256:7b3c359aa5f27dccf72cbf196fa8adfbbeb2be2d7ba55c424030963a0047dbda	L	P	196
g1_3_jJXF3-ociIZ1Sw4VsP1W2QodCkh5ExRtqbjzBFKTA	s1_o8VDE_rufhiJc4CyCr7EAleCLbKm1Mcsexv9hO90a40	1umvG_	pathfinder-v0.3.0	-	qadv-arbiter-7x7-v0.1.0	sha256:7b3c359aa5f27dccf72cbf196fa8adfbbeb2be2d7ba55c424030963a0047dbda	L	P	196
g1_3_jJXF3-ociIZ1Sw4VsP1W2QodCkh5ExRtqbjzBFKTA	s1_o8VDE_rufhiJc4CyCr7EAleCLbKm1Mcsexv9hO90a40	1umvGb	pathfinder-v0.3.0	-	qadv-arbiter-7x7-v0.1.0	sha256:7b3c359aa5f27dccf72cbf196fa8adfbbeb2be2d7ba55c424030963a0047dbda	L	P	196
g1_3_jJXF3-ociIZ1Sw4VsP1W2QodCkh5ExRtqbjzBFKTA	s1_o8VDE_rufhiJc4CyCr7EAleCLbKm1Mcsexv9hO90a40	1umvGd	pathfinder-v0.3.0	-	qadv-arbiter-7x7-v0.1.0	sha256:7b3c359aa5f27dccf72cbf196fa8adfbbeb2be2d7ba55c424030963a0047dbda	L	P	196
g1_3_jJXF3-ociIZ1Sw4VsP1W2QodCkh5ExRtqbjzBFKTA	s1_o8VDE_rufhiJc4CyCr7EAleCLbKm1Mcsexv9hO90a40	1umvGf	pathfinder-v0.3.0	-	qadv-arbiter-7x7-v0.1.0	sha256:7b3c359aa5f27dccf72cbf196fa8adfbbeb2be2d7ba55c424030963a0047dbda	L	P	196
g1_3_jJXF3-ociIZ1Sw4VsP1W2QodCkh5ExRtqbjzBFKTA	s1_o8VDE_rufhiJc4CyCr7EAleCLbKm1Mcsexv9hO90a40	1umvGh	pathfinder-v0.3.0	-	qadv-arbiter-7x7-v0.1.0	sha256:7b3c359aa5f27dccf72cbf196fa8adfbbeb2be2d7ba55c424030963a0047dbda	L	P	196
g1_3_jJXF3-ociIZ1Sw4VsP1W2QodCkh5ExRtqbjzBFKTA	s1_o8VDE_rufhiJc4CyCr7EAleCLbKm1Mcsexv9hO90a40	1umvGj	pathfinder-v0.3.0	-	qadv-arbiter-7x7-v0.1.0	sha256:7b3c359aa5f27dccf72cbf196fa8adfbbeb2be2d7ba55c424030963a0047dbda	L	P	196
g1_3_jJXF3-ociIZ1Sw4VsP1W2QodCkh5ExRtqbjzBFKTA	s1_o8VDE_rufhiJc4CyCr7EAleCLbKm1Mcsexv9hO90a40	1umvGl	pathfinder-v0.3.0	-	qadv-arbiter-7x7-v0.1.0	sha256:7b3c359aa5f27dccf72cbf196fa8adfbbeb2be2d7ba55c424030963a0047dbda	L	P	196
g1_3_jJXF3-ociIZ1Sw4VsP1W2QodCkh5ExRtqbjzBFKTA	s1_o8VDE_rufhiJc4CyCr7EAleCLbKm1Mcsexv9hO90a40	1umvGn	pathfinder-v0.3.0	-	qadv-arbiter-7x7-v0.1.0	sha256:7b3c359aa5f27dccf72cbf196fa8adfbbeb2be2d7ba55c424030963a0047dbda	L	P	196
g1_3_jJXF3-ociIZ1Sw4VsP1W2QodCkh5ExRtqbjzBFKTA	s1_o8VDE_rufhiJc4CyCr7EAleCLbKm1Mcsexv9hO90a40	1umvGp	pathfinder-v0.3.0	-	qadv-arbiter-7x7-v0.1.0	sha256:7b3c359aa5f27dccf72cbf196fa8adfbbeb2be2d7ba55c424030963a0047dbda	L	P	196
g1_3_jJXF3-ociIZ1Sw4VsP1W2QodCkh5ExRtqbjzBFKTA	s1_o8VDE_rufhiJc4CyCr7EAleCLbKm1Mcsexv9hO90a40	1umvGr	pathfinder-v0.3.0	-	qadv-arbiter-7x7-v0.1.0	sha256:7b3c359aa5f27dccf72cbf196fa8adfbbeb2be2d7ba55c424030963a0047dbda	L	P	196
g1_3_jJXF3-ociIZ1Sw4VsP1W2QodCkh5ExRtqbjzBFKTA	s1_o8VDE_rufhiJc4CyCr7EAleCLbKm1Mcsexv9hO90a40	1umvGt	pathfinder-v0.3.0	-	qadv-arbiter-7x7-v0.1.0	sha256:7b3c359aa5f27dccf72cbf196fa8adfbbeb2be2d7ba55c424030963a0047dbda	L	P	196
g1_3_jJXF3-ociIZ1Sw4VsP1W2QodCkh5ExRtqbjzBFKTA	s1_o8VDE_rufhiJc4CyCr7EAleCLbKm1Mcsexv9hO90a40	1umvGv	pathfinder-v0.3.0	-	qadv-arbiter-7x7-v0.1.0	sha256:7b3c359aa5f27dccf72cbf196fa8adfbbeb2be2d7ba55c424030963a0047dbda	L	P	196
g1_3_jJXF3-ociIZ1Sw4VsP1W2QodCkh5ExRtqbjzBFKTA	s1_o8VDE_rufhiJc4CyCr7EAleCLbKm1Mcsexv9hO90a40	1umvGx	pathfinder-v0.3.0	-	qadv-arbiter-7x7-v0.1.0	sha256:7b3c359aa5f27dccf72cbf196fa8adfbbeb2be2d7ba55c424030963a0047dbda	L	P	196
g1_3_jJXF3-ociIZ1Sw4VsP1W2QodCkh5ExRtqbjzBFKTA	s1_o8VDE_rufhiJc4CyCr7EAleCLbKm1Mcsexv9hO90a40	1umvGz	pathfinder-v0.3.0	-	qadv-arbiter-7x7-v0.1.0	sha256:7b3c359aa5f27dccf72cbf196fa8adfbbeb2be2d7ba55c424030963a0047dbda	L	P	196
g1_3_jJXF3-ociIZ1Sw4VsP1W2QodCkh5ExRtqbjzBFKTA	s1_o8VDE_rufhiJc4CyCr7EAleCLbKm1Mcsexv9hO90a40	1umvH1	pathfinder-v0.3.0	-	qadv-arbiter-7x7-v0.1.0	sha256:7b3c359aa5f27dccf72cbf196fa8adfbbeb2be2d7ba55c424030963a0047dbda	L	P	196
g1_3_jJXF3-ociIZ1Sw4VsP1W2QodCkh5ExRtqbjzBFKTA	s1_o8VDE_rufhiJc4CyCr7EAleCLbKm1Mcsexv9hO90a40	1umvH3	pathfinder-v0.3.0	-	qadv-arbiter-7x7-v0.1.0	sha256:7b3c359aa5f27dccf72cbf196fa8adfbbeb2be2d7ba55c424030963a0047dbda	L	P	196
g1_3_jJXF3-ociIZ1Sw4VsP1W2QodCkh5ExRtqbjzBFKTA	s1_o8VDE_rufhiJc4CyCr7EAleCLbKm1Mcsexv9hO90a40	1umvH5	pathfinder-v0.3.0	-	qadv-arbiter-7x7-v0.1.0	sha256:7b3c359aa5f27dccf72cbf196fa8adfbbeb2be2d7ba55c424030963a0047dbda	L	P	196
g1_3_jJXF3-ociIZ1Sw4VsP1W2QodCkh5ExRtqbjzBFKTA	s1_o8VDE_rufhiJc4CyCr7EAleCLbKm1Mcsexv9hO90a40	1umvH7	pathfinder-v0.3.0	-	qadv-arbiter-7x7-v0.1.0	sha256:7b3c359aa5f27dccf72cbf196fa8adfbbeb2be2d7ba55c424030963a0047dbda	L	P	196
g1_3_ycQ4wzdjVywXEJ_ZkU4rIpiV3yp6QW9087CmICPk8	s1_HZsL4HOafm_THJQna1CslJf0NEPx0k9iI25XxJC8Zj8	1unO6O	qadv-arbiter-7x7-rust-lambda-v0.1.0	-	qadv-arbiter-7x7-rust-lambda-v0.1.0	-	L	P	196
g1_3_ycQ4wzdjVywXEJ_ZkU4rIpiV3yp6QW9087CmICPk8	s1_RauLaTi4eVgYHSp2TV9pqs9uzTVv0B10g9TaHMWpcZ4	1unO6O	qadv-arbiter-7x7-rust-lambda-v0.1.0	-	qadv-arbiter-7x7-rust-lambda-v0.1.0	-	L	P	-
g1_3_ycQ4wzdjVywXEJ_ZkU4rIpiV3yp6QW9087CmICPk8	s1_qD3c0IU04JL9Ljjdhym8ifphJz7qsSPh-_YQaMVv45g	1unO6O	qadv-arbiter-7x7-rust-lambda-v0.1.0	-	qadv-arbiter-7x7-rust-lambda-v0.1.0	-	L	P	196
g1_3_ycQ4wzdjVywXEJ_ZkU4rIpiV3yp6QW9087CmICPk8	s1_xmrbENa6Lqigi8Rr_rR6xJOg9HZydaE9G4ZYLoeCVHo	1unO6O	qadv-arbiter-7x7-rust-lambda-v0.1.0	-	qadv-arbiter-7x7-rust-lambda-v0.1.0	-	L	P	196
g1_3a-E_ZZgkF7DbGbRW7tclo6ixwB5AtAy935OzpayFSQ	s1_1LB6NAgPOeCp4r8rQw4kUOIXWpEdWysFm5RZjWCQSgc	1umwQp	python-gnn-puct-learner-v0.1.0	sha256:ab0f739cd33d66781faf60e27797c5ccba3c04ba684f8d9e32e9c2754f4e8956	python-gnn-puct-learner-v0.1.0	sha256:ab0f739cd33d66781faf60e27797c5ccba3c04ba684f8d9e32e9c2754f4e8956	-	M	196
g1_3a-E_ZZgkF7DbGbRW7tclo6ixwB5AtAy935OzpayFSQ	s1_P4NHYhwuVnEA-dG2X-UVeVotb84A5mwljbYTlTMqr8w	1umwQp	python-gnn-puct-learner-v0.1.0	sha256:ab0f739cd33d66781faf60e27797c5ccba3c04ba684f8d9e32e9c2754f4e8956	python-gnn-puct-learner-v0.1.0	sha256:ab0f739cd33d66781faf60e27797c5ccba3c04ba684f8d9e32e9c2754f4e8956	-	M	196
g1_3a6OmKRQhpEAN486fnd_6fkP1R92uI5yPAH6GvVS2oQ	s1_Qmoz3nLvbLcY_1rcqMtpMJDvTQydhL5cxUNWV6EhpMY	1umwxH	qadv-arbiter-7x7-v0.1.0	sha256:8c548d06307572603b839755cc1e50393285365e10f82bcd90290ca65cd86266	qadv-arbiter-7x7-v0.1.0	sha256:8c548d06307572603b839755cc1e50393285365e10f82bcd90290ca65cd86266	D	P	196
g1_3aA9CS8Yz5CsNSVJqUC8Jja93JhRUjMn3EX3jVqVY0A	s1_8TR_OEfw2C5-M1WNvMLDxfQzmiquL8ycz9akRH4hwmQ	1unMoT	qadv-arbiter-7x7-rust-lambda-v0.1.0	-	qadv-arbiter-7x7-rust-lambda-v0.1.0	-	L	P	196
g1_3aA9CS8Yz5CsNSVJqUC8Jja93JhRUjMn3EX3jVqVY0A	s1_J4TKgwJ7dlvaljZnBWhy1U5ssZvaVk4J1FApEnTROgM	1unMoT	qadv-arbiter-7x7-rust-lambda-v0.1.0	-	qadv-arbiter-7x7-rust-lambda-v0.1.0	-	L	P	196
g1_3aA9CS8Yz5CsNSVJqUC8Jja93JhRUjMn3EX3jVqVY0A	s1_RauLaTi4eVgYHSp2TV9pqs9uzTVv0B10g9TaHMWpcZ4	1unMoT	qadv-arbiter-7x7-rust-lambda-v0.1.0	-	qadv-arbiter-7x7-rust-lambda-v0.1.0	-	L	P	-
g1_3aA9CS8Yz5CsNSVJqUC8Jja93JhRUjMn3EX3jVqVY0A	s1_rxjWH84TYnBeDk_Y5LJ3QefTumMG13ZbF5K1ql3Q7do	1unMoT	qadv-arbiter-7x7-rust-lambda-v0.1.0	-	qadv-arbiter-7x7-rust-lambda-v0.1.0	-	L	P	196
g1_3aGao1PrwFG2a7TPD7wJxjy9nmc3ZKWpChVwZo_AdFs	s1_Cqt6d32JujE5Y1jDmEcIGDn6wTFOI8I5zcvbMnlhJVA	1unOhZ	qadv-arbiter-7x7-rust-lambda-v0.1.0	-	qadv-arbiter-7x7-rust-lambda-v0.1.0	-	D	P	196
g1_3aGao1PrwFG2a7TPD7wJxjy9nmc3ZKWpChVwZo_AdFs	s1_K5p_Cpe1Mb26MWs4NaFvC_o0UDrYuqF4GD5zorWIHbo	1unOhZ	qadv-arbiter-7x7-rust-lambda-v0.1.0	-	qadv-arbiter-7x7-rust-lambda-v0.1.0	-	D	P	196
g1_3aGao1PrwFG2a7TPD7wJxjy9nmc3ZKWpChVwZo_AdFs	s1_RauLaTi4eVgYHSp2TV9pqs9uzTVv0B10g9TaHMWpcZ4	1unOhZ	qadv-arbiter-7x7-rust-lambda-v0.1.0	-	qadv-arbiter-7x7-rust-lambda-v0.1.0	-	D	P	-
g1_3aGao1PrwFG2a7TPD7wJxjy9nmc3ZKWpChVwZo_AdFs	s1_lezCVuFP-7iP0kT9P2uQHwgoeIwJXAVY1EHg5GnRhIU	1unOhZ	qadv-arbiter-7x7-rust-lambda-v0.1.0	-	qadv-arbiter-7x7-rust-lambda-v0.1.0	-	D	P	196
g1_3aLpU0ltWJL-XuAap8_NeTMg3Wn_4zCi_Wfy816A30A	s1_1av6nXQkq-GSHXfjkVlGHGpAq8F9UbW4JwZmyFA-vww	1DJ1V	rust-gnn-puct-v0.1.0	-	rust-gnn-puct-v0.1.0	-	-	M	-
g1_3aLpU0ltWJL-XuAap8_NeTMg3Wn_4zCi_Wfy816A30A	s1_Brk0hkuJoH-MBjdd53AO5tlWcOgDWV_R0PO74fHGd_0	1DJ1V	rust-gnn-puct-v0.1.0	-	rust-gnn-puct-v0.1.0	-	-	M	-
g1_3aLpU0ltWJL-XuAap8_NeTMg3Wn_4zCi_Wfy816A30A	s1_KmF8KhDbubz6lwdS8R_n_yTGdSONmH9B1wUABbyCj94	1DJ1V	rust-gnn-puct-v0.1.0	-	rust-gnn-puct-v0.1.0	-	-	M	-
g1_3aLpU0ltWJL-XuAap8_NeTMg3Wn_4zCi_Wfy816A30A	s1_ZJpv_Ppoy9vIkckDq4womiDg-7k66qk-smclTza1Ols	1DJ1V	rust-gnn-puct-v0.1.0	-	rust-gnn-puct-v0.1.0	-	-	M	-
g1_3aLpU0ltWJL-XuAap8_NeTMg3Wn_4zCi_Wfy816A30A	s1_g5pGkHBMEhzAYvwFY0b24sSc7wC9JfnWApMHHZ_aMPI	1DJ1V	rust-gnn-puct-v0.1.0	-	rust-gnn-puct-v0.1.0	-	-	M	-
g1_3aPl8ElcFdpKudFIe95j7ujCyCJkgaUR0f6aPfeuqlg	s1_2FtaP75xgRVTNrUvmC0NIesJCNy8IDFJ05WNM4nUnpg	1unQxp	surveyor-v0.2.0	-	qadv-arbiter-7x7-v0.1.0	-	L	P	196
g1_3aPl8ElcFdpKudFIe95j7ujCyCJkgaUR0f6aPfeuqlg	s1_F1bRTMMc7WPBHhcU2WhUt_ZCP3YyTFtaERJ-_FH31CA	1unQxp	surveyor-v0.2.0	-	qadv-arbiter-7x7-v0.1.0	-	L	P	196
g1_3aPl8ElcFdpKudFIe95j7ujCyCJkgaUR0f6aPfeuqlg	s1_RauLaTi4eVgYHSp2TV9pqs9uzTVv0B10g9TaHMWpcZ4	1unQxp	surveyor-v0.2.0	-	qadv-arbiter-7x7-v0.1.0	-	L	P	-
g1_3aPl8ElcFdpKudFIe95j7ujCyCJkgaUR0f6aPfeuqlg	s1_vlUgtEhmG0d1RlG33ODxaEVaYOxXTclhXqZA96bQbgg	1unQxp	surveyor-v0.2.0	-	qadv-arbiter-7x7-v0.1.0	-	L	P	196
g1_3aTc2YHuZnf9bgjcKGFdRnYlmCCnUCs20DoZs8n5mwA	s1_LlHso-BnfrR5Oi-xeOdE4VqbBmL_VXofe9ZN6mv8Mng	1unNCb	qadv-arbiter-7x7-rust-lambda-v0.1.0	-	qadv-arbiter-7x7-rust-lambda-v0.1.0	-	D	P	196
g1_3aTc2YHuZnf9bgjcKGFdRnYlmCCnUCs20DoZs8n5mwA	s1_PHc14mIe-uTc0YQ9mVNm1GAPiqIefximCBuVxDBhPsI	1unNCb	qadv-arbiter-7x7-rust-lambda-v0.1.0	-	qadv-arbiter-7x7-rust-lambda-v0.1.0	-	D	P	196
g1_3aTc2YHuZnf9bgjcKGFdRnYlmCCnUCs20DoZs8n5mwA	s1_RauLaTi4eVgYHSp2TV9pqs9uzTVv0B10g9TaHMWpcZ4	1unNCb	qadv-arbiter-7x7-rust-lambda-v0.1.0	-	qadv-arbiter-7x7-rust-lambda-v0.1.0	-	D	P	-
g1_3aTc2YHuZnf9bgjcKGFdRnYlmCCnUCs20DoZs8n5mwA	s1__M8OPCO97aglFrd-wl6wotUnvtQSUSCBwnqcX_1dEYY	1unNCb	qadv-arbiter-7x7-rust-lambda-v0.1.0	-	qadv-arbiter-7x7-rust-lambda-v0.1.0	-	D	P	196
g1_3aatSKdR1GAEWF0jwEohgy-Wl9LOaBnBYfX29dLYYOc	s1_-XhAQaHgFgyuPRuzctSUbQXLgra4sAuFhQd11FG-IEU	1unQj_	pathfinder-v0.3.0	-	qadv-arbiter-7x7-v0.1.0	-	L	P	196
g1_3aatSKdR1GAEWF0jwEohgy-Wl9LOaBnBYfX29dLYYOc	s1_0AyUK1Ps4Run7VjYUXP0LvHpZRXf88ayuAg4jkEgJFA	1unQj_	pathfinder-v0.3.0	-	qadv-arbiter-7x7-v0.1.0	-	L	P	196
g1_3aatSKdR1GAEWF0jwEohgy-Wl9LOaBnBYfX29dLYYOc	s1_2FtaP75xgRVTNrUvmC0NIesJCNy8IDFJ05WNM4nUnpg	1unQj_	pathfinder-v0.3.0	-	qadv-arbiter-7x7-v0.1.0	-	L	P	196
g1_3aatSKdR1GAEWF0jwEohgy-Wl9LOaBnBYfX29dLYYOc	s1_RauLaTi4eVgYHSp2TV9pqs9uzTVv0B10g9TaHMWpcZ4	1unQj_	pathfinder-v0.3.0	-	qadv-arbiter-7x7-v0.1.0	-	L	P	-
g1_3acOHKM07LHdHf8dw7li-U4EwMzokbSSIEFlYVq8W78	s1__fmnSv6OnZklVvMPUjPdL6drtvfrJptRYX3nxZQO8jI	1umxqP	python-gnn-puct-scout-v0.1.0	sha256:b9f80706cc1f29076ee06fe06483697c749148a808c599579045d00a52573938	python-gnn-puct-scout-v0.1.0	sha256:b9f80706cc1f29076ee06fe06483697c749148a808c599579045d00a52573938	L	P	196
g1_3akldnStQ9ahMGI5zmyafYYHrK7ejimIFguqFVvaB7Q	s1_6aVypPyr_aLXTlQnRHbQglnisTKNkM4yDEhe7VRc8Dk	1unPMV	qadv-arbiter-7x7-rust-lambda-v0.1.0	-	qadv-arbiter-7x7-rust-lambda-v0.1.0	-	D	P	196
g1_3akldnStQ9ahMGI5zmyafYYHrK7ejimIFguqFVvaB7Q	s1_O6irjF8gLP80EO9Xqut1xFUUfMD4Hd07fxhZpyjBGm8	1unPMV	qadv-arbiter-7x7-rust-lambda-v0.1.0	-	qadv-arbiter-7x7-rust-lambda-v0.1.0	-	D	P	196
g1_3akldnStQ9ahMGI5zmyafYYHrK7ejimIFguqFVvaB7Q	s1_RauLaTi4eVgYHSp2TV9pqs9uzTVv0B10g9TaHMWpcZ4	1unPMV	qadv-arbiter-7x7-rust-lambda-v0.1.0	-	qadv-arbiter-7x7-rust-lambda-v0.1.0	-	D	P	-
g1_3akldnStQ9ahMGI5zmyafYYHrK7ejimIFguqFVvaB7Q	s1_jtdkyTP-HFjp9M8dPsQtjYIiKIISW-S4JhbohNz0SIE	1unPMV	qadv-arbiter-7x7-rust-lambda-v0.1.0	-	qadv-arbiter-7x7-rust-lambda-v0.1.0	-	D	P	196
g1_3aoC8lU53guck-jy4XE9ClKE0Gk_MhTCYE1jwjHnq6s	s1_3Y1IHy5kkq-NZxSH4AANQvThFj18ZSgHTLh2jKDsuEg	1unOUR	qadv-arbiter-7x7-rust-lambda-v0.1.0	-	qadv-arbiter-7x7-rust-lambda-v0.1.0	-	L	P	196
g1_3aoC8lU53guck-jy4XE9ClKE0Gk_MhTCYE1jwjHnq6s	s1_NOFzjDSI6xGiY0_-Dhufl719YE3ryUXdFLIARjqR6I4	1unOUR	qadv-arbiter-7x7-rust-lambda-v0.1.0	-	qadv-arbiter-7x7-rust-lambda-v0.1.0	-	L	P	196
g1_3aoC8lU53guck-jy4XE9ClKE0Gk_MhTCYE1jwjHnq6s	s1_NmJtclXkU7pt5Y8RUy7V-6wl-dRKsuMGWy21X7O3zak	1unOUR	qadv-arbiter-7x7-rust-lambda-v0.1.0	-	qadv-arbiter-7x7-rust-lambda-v0.1.0	-	L	P	196
g1_3aoC8lU53guck-jy4XE9ClKE0Gk_MhTCYE1jwjHnq6s	s1_RauLaTi4eVgYHSp2TV9pqs9uzTVv0B10g9TaHMWpcZ4	1unOUR	qadv-arbiter-7x7-rust-lambda-v0.1.0	-	qadv-arbiter-7x7-rust-lambda-v0.1.0	-	L	P	-
g1_3atb4aW5YP1If2VN7ps_4DHUDPGMROntsM4pVo-8xt8	s1_JFmG98JwrViAiCKp7VQmqa5-WU6pD7ScUipBlSNZb5I	1unMPW	qadv-arbiter-7x7-rust-lambda-v0.1.0	-	qadv-arbiter-7x7-rust-lambda-v0.1.0	-	L	P	196
g1_3atb4aW5YP1If2VN7ps_4DHUDPGMROntsM4pVo-8xt8	s1_RauLaTi4eVgYHSp2TV9pqs9uzTVv0B10g9TaHMWpcZ4	1unMPW	qadv-arbiter-7x7-rust-lambda-v0.1.0	-	qadv-arbiter-7x7-rust-lambda-v0.1.0	-	L	P	-
g1_3atb4aW5YP1If2VN7ps_4DHUDPGMROntsM4pVo-8xt8	s1_VEstMDA7CzNd-bphVPvGK-SrZZ0e4VM-H1d0QaYSo0o	1unMPW	qadv-arbiter-7x7-rust-lambda-v0.1.0	-	qadv-arbiter-7x7-rust-lambda-v0.1.0	-	L	P	196
g1_3atb4aW5YP1If2VN7ps_4DHUDPGMROntsM4pVo-8xt8	s1_hr554ya3kuuqc9r6u_zqsHkr3L848LcJj_Af3idZG9I	1unMPW	qadv-arbiter-7x7-rust-lambda-v0.1.0	-	qadv-arbiter-7x7-rust-lambda-v0.1.0	-	L	P	196
g1_3ayhdic_nBNxCrDZOUC6-pMXMGV-pm_mIlA1HssDYsE	s1_1av6nXQkq-GSHXfjkVlGHGpAq8F9UbW4JwZmyFA-vww	1umvBU	python-gnn-puct-scout-v0.1.0	sha256:b9f80706cc1f29076ee06fe06483697c749148a808c599579045d00a52573938	python-gnn-puct-scout-v0.1.0	sha256:b9f80706cc1f29076ee06fe06483697c749148a808c599579045d00a52573938	L	P	196
g1_3ayhdic_nBNxCrDZOUC6-pMXMGV-pm_mIlA1HssDYsE	s1_Brk0hkuJoH-MBjdd53AO5tlWcOgDWV_R0PO74fHGd_0	1umvBU	python-gnn-puct-scout-v0.1.0	sha256:b9f80706cc1f29076ee06fe06483697c749148a808c599579045d00a52573938	python-gnn-puct-scout-v0.1.0	sha256:b9f80706cc1f29076ee06fe06483697c749148a808c599579045d00a52573938	L	P	196
g1_3ayhdic_nBNxCrDZOUC6-pMXMGV-pm_mIlA1HssDYsE	s1_D_X-fTFZy6xuyGSC5jFyKBW6IP_59Jbomefazf4xu44	1umvBU	python-gnn-puct-scout-v0.1.0	sha256:b9f80706cc1f29076ee06fe06483697c749148a808c599579045d00a52573938	python-gnn-puct-scout-v0.1.0	sha256:b9f80706cc1f29076ee06fe06483697c749148a808c599579045d00a52573938	L	P	196
g1_3bKtRq4nRdqgd_G8ssI9PaVdEar15bDN-ElXEgocE6A	s1_6PxtazPxkizz7K9QTWPSCIopEV5n0zpHoq3F52yO_6U	1umwmY	python-cnn-puct-v0.1.0	sha256:7845e9b7687beee165dc36b8d21833b7a8b5a83e31b58b49bd05c277ba26e642	python-cnn-puct-v0.1.0	sha256:7845e9b7687beee165dc36b8d21833b7a8b5a83e31b58b49bd05c277ba26e642	L	P	196
g1_3bKtRq4nRdqgd_G8ssI9PaVdEar15bDN-ElXEgocE6A	s1_baRgKA_wMXdl0r4AwdkUfhWC04qxd1MvEGXAQaDd4fo	1umwmY	python-cnn-puct-v0.1.0	sha256:7845e9b7687beee165dc36b8d21833b7a8b5a83e31b58b49bd05c277ba26e642	python-cnn-puct-v0.1.0	sha256:7845e9b7687beee165dc36b8d21833b7a8b5a83e31b58b49bd05c277ba26e642	L	P	196
g1_3bRtIOphV45KtZC-uJEU0AkzGaWcUSgNlb9sShXAgKk	s1_1av6nXQkq-GSHXfjkVlGHGpAq8F9UbW4JwZmyFA-vww	1DIXS	python-gnn-puct-v0.1.0	sha256:6f9ad6e4a0993da3cf34a8549e86f9b5d512c51e11bfa76dfe051e7a8801bdac	python-gnn-puct-v0.1.0	sha256:6f9ad6e4a0993da3cf34a8549e86f9b5d512c51e11bfa76dfe051e7a8801bdac	L	P	196
g1_3bRtIOphV45KtZC-uJEU0AkzGaWcUSgNlb9sShXAgKk	s1_Brk0hkuJoH-MBjdd53AO5tlWcOgDWV_R0PO74fHGd_0	1DIXS	python-gnn-puct-v0.1.0	sha256:6f9ad6e4a0993da3cf34a8549e86f9b5d512c51e11bfa76dfe051e7a8801bdac	python-gnn-puct-v0.1.0	sha256:6f9ad6e4a0993da3cf34a8549e86f9b5d512c51e11bfa76dfe051e7a8801bdac	L	P	196
g1_3bRtIOphV45KtZC-uJEU0AkzGaWcUSgNlb9sShXAgKk	s1_KmF8KhDbubz6lwdS8R_n_yTGdSONmH9B1wUABbyCj94	1DIXS	python-gnn-puct-v0.1.0	sha256:6f9ad6e4a0993da3cf34a8549e86f9b5d512c51e11bfa76dfe051e7a8801bdac	python-gnn-puct-v0.1.0	sha256:6f9ad6e4a0993da3cf34a8549e86f9b5d512c51e11bfa76dfe051e7a8801bdac	L	P	196
g1_3bRtIOphV45KtZC-uJEU0AkzGaWcUSgNlb9sShXAgKk	s1_g5pGkHBMEhzAYvwFY0b24sSc7wC9JfnWApMHHZ_aMPI	1DIXS	python-gnn-puct-v0.1.0	sha256:6f9ad6e4a0993da3cf34a8549e86f9b5d512c51e11bfa76dfe051e7a8801bdac	python-gnn-puct-v0.1.0	sha256:6f9ad6e4a0993da3cf34a8549e86f9b5d512c51e11bfa76dfe051e7a8801bdac	L	P	196
g1_3bRtIOphV45KtZC-uJEU0AkzGaWcUSgNlb9sShXAgKk	s1_tol_POp6BcgBLMWq8iDfRBQSAXpESHxFwmcCQYXv0yQ	1DIXS	python-gnn-puct-v0.1.0	sha256:6f9ad6e4a0993da3cf34a8549e86f9b5d512c51e11bfa76dfe051e7a8801bdac	python-gnn-puct-v0.1.0	sha256:6f9ad6e4a0993da3cf34a8549e86f9b5d512c51e11bfa76dfe051e7a8801bdac	L	P	196
g1_3b_Clk8J9p96pHChjxrzDmmmd4djq7sUAALHnYygUyM	s1__fmnSv6OnZklVvMPUjPdL6drtvfrJptRYX3nxZQO8jI	1umxlU	python-gnn-puct-scout-v0.1.0	sha256:b9f80706cc1f29076ee06fe06483697c749148a808c599579045d00a52573938	python-gnn-puct-scout-v0.1.0	sha256:b9f80706cc1f29076ee06fe06483697c749148a808c599579045d00a52573938	D	P	196
g1_3biiGDu8D-zisAM9SCweisXvznbuogO8uQlTLSVLwU4	s1_flXyOBW6T9LLVDFIvXBGel1MoVNZcUcMFIJnB9yLapU	1umx5L	python-gnn-puct-reval30k-v0.1.0	sha256:6120be86fc469df71473c3de64e5e32f99694cd47d621fa5948f243dc51d3d21	python-gnn-puct-reval30k-v0.1.0	sha256:6120be86fc469df71473c3de64e5e32f99694cd47d621fa5948f243dc51d3d21	-	M	196
g1_3blm-39qt15HW8hCIlEtdLAHOQzGuU7o6RND6sr8OF8	s1_DEu5U-7tAzR-fayKhKTk2uNrjO31GvRdR2Gd2WbVMQs	1unMov	qadv-arbiter-7x7-rust-lambda-v0.1.0	-	qadv-arbiter-7x7-rust-lambda-v0.1.0	-	L	P	196
g1_3blm-39qt15HW8hCIlEtdLAHOQzGuU7o6RND6sr8OF8	s1_RauLaTi4eVgYHSp2TV9pqs9uzTVv0B10g9TaHMWpcZ4	1unMov	qadv-arbiter-7x7-rust-lambda-v0.1.0	-	qadv-arbiter-7x7-rust-lambda-v0.1.0	-	L	P	-
g1_3blm-39qt15HW8hCIlEtdLAHOQzGuU7o6RND6sr8OF8	s1_VJ3LG4pcNhlnqcKNv4T3v4x-TM_A3sdcfV4NvC-KwfU	1unMov	qadv-arbiter-7x7-rust-lambda-v0.1.0	-	qadv-arbiter-7x7-rust-lambda-v0.1.0	-	L	P	196
g1_3blm-39qt15HW8hCIlEtdLAHOQzGuU7o6RND6sr8OF8	s1_r7B2-uHXlIvPtPJ1vYhdcjlp6Dk0hkeX6oTmRmgSExU	1unMov	qadv-arbiter-7x7-rust-lambda-v0.1.0	-	qadv-arbiter-7x7-rust-lambda-v0.1.0	-	L	P	196
g1_3bmPX6TvL8WuCN6CVOSaei_n3LVKpv0m52Z3vaPLCFk	s1_flXyOBW6T9LLVDFIvXBGel1MoVNZcUcMFIJnB9yLapU	1umxBE	python-gnn-puct-reval30k-v0.1.0	sha256:6120be86fc469df71473c3de64e5e32f99694cd47d621fa5948f243dc51d3d21	python-gnn-puct-reval30k-v0.1.0	sha256:6120be86fc469df71473c3de64e5e32f99694cd47d621fa5948f243dc51d3d21	L	P	196
g1_3cG-Vwqq3Bpe9X0WrhwBSaFiGFcXBCleB-ij4As76r8	s1_WVg7aYYLIrw6_-2mI3jQ-DPcLO4gX2sPEEqWQb0DGQA	1umxOp	python-cnn-puct-reval30k-v0.1.0	sha256:eb2600a53e225a835455efdb2759c40e27c5cb3c16ab0688bc21b99290ed10ee	python-cnn-puct-reval30k-v0.1.0	sha256:eb2600a53e225a835455efdb2759c40e27c5cb3c16ab0688bc21b99290ed10ee	D	P	196
g1_3cHEZ-zb_4E72PBfUd1jYWI-IbwmWYYzr5ONmkbab8A	s1_1av6nXQkq-GSHXfjkVlGHGpAq8F9UbW4JwZmyFA-vww	1DIY7	lunatic-v0.1.0	-	rust-pathfinder-v0.1.0	-	D	P	-
g1_3cHEZ-zb_4E72PBfUd1jYWI-IbwmWYYzr5ONmkbab8A	s1_9Eroywf7tuDrn-hcfZPjlEa1DSRUykCRn9Z11u8ySIo	1DIY7	lunatic-v0.1.0	-	rust-pathfinder-v0.1.0	-	D	P	-
g1_3cHEZ-zb_4E72PBfUd1jYWI-IbwmWYYzr5ONmkbab8A	s1_9Eroywf7tuDrn-hcfZPjlEa1DSRUykCRn9Z11u8ySIo	1DIkj	lunatic-v0.1.0	-	rust-pathfinder-v0.1.0	-	D	P	-
g1_3cHEZ-zb_4E72PBfUd1jYWI-IbwmWYYzr5ONmkbab8A	s1_Brk0hkuJoH-MBjdd53AO5tlWcOgDWV_R0PO74fHGd_0	1DIY7	lunatic-v0.1.0	-	rust-pathfinder-v0.1.0	-	D	P	-
g1_3cHEZ-zb_4E72PBfUd1jYWI-IbwmWYYzr5ONmkbab8A	s1_KmF8KhDbubz6lwdS8R_n_yTGdSONmH9B1wUABbyCj94	1DIY7	lunatic-v0.1.0	-	rust-pathfinder-v0.1.0	-	D	P	-
g1_3cHEZ-zb_4E72PBfUd1jYWI-IbwmWYYzr5ONmkbab8A	s1_MKrI0a3Qd48rU7oZj28GrlQ3cHhIbUzS5ibiIW9aKy4	1DIY7	lunatic-v0.1.0	-	rust-pathfinder-v0.1.0	-	D	P	-
g1_3cHEZ-zb_4E72PBfUd1jYWI-IbwmWYYzr5ONmkbab8A	s1_MKrI0a3Qd48rU7oZj28GrlQ3cHhIbUzS5ibiIW9aKy4	1DIkj	lunatic-v0.1.0	-	rust-pathfinder-v0.1.0	-	D	P	-
g1_3cHEZ-zb_4E72PBfUd1jYWI-IbwmWYYzr5ONmkbab8A	s1_XloMUS0hxYEXf762lcPfaudsLmsH-CsOVZNVVU_obcA	1DIY7	lunatic-v0.1.0	-	rust-pathfinder-v0.1.0	-	D	P	-
g1_3cHEZ-zb_4E72PBfUd1jYWI-IbwmWYYzr5ONmkbab8A	s1_XloMUS0hxYEXf762lcPfaudsLmsH-CsOVZNVVU_obcA	1DIkj	lunatic-v0.1.0	-	rust-pathfinder-v0.1.0	-	D	P	-
g1_3cHEZ-zb_4E72PBfUd1jYWI-IbwmWYYzr5ONmkbab8A	s1_g5pGkHBMEhzAYvwFY0b24sSc7wC9JfnWApMHHZ_aMPI	1DIY7	lunatic-v0.1.0	-	rust-pathfinder-v0.1.0	-	D	P	-
g1_3cIyDHKFK93kF7hWaZFJYw2o5zQ7jdgZ3Y0Po9qOJ90	s1_-OKlJXuPFfAnukwGYITjiU7XKL4OC_qt76PC0TZSPjg	1umvba	python-cnn-puct-v0.1.0	sha256:7845e9b7687beee165dc36b8d21833b7a8b5a83e31b58b49bd05c277ba26e642	python-cnn-puct-v0.1.0	sha256:7845e9b7687beee165dc36b8d21833b7a8b5a83e31b58b49bd05c277ba26e642	-	M	196
g1_3cIyDHKFK93kF7hWaZFJYw2o5zQ7jdgZ3Y0Po9qOJ90	s1_1av6nXQkq-GSHXfjkVlGHGpAq8F9UbW4JwZmyFA-vww	1umvba	python-cnn-puct-v0.1.0	sha256:7845e9b7687beee165dc36b8d21833b7a8b5a83e31b58b49bd05c277ba26e642	python-cnn-puct-v0.1.0	sha256:7845e9b7687beee165dc36b8d21833b7a8b5a83e31b58b49bd05c277ba26e642	-	M	196
g1_3cIyDHKFK93kF7hWaZFJYw2o5zQ7jdgZ3Y0Po9qOJ90	s1_Brk0hkuJoH-MBjdd53AO5tlWcOgDWV_R0PO74fHGd_0	1umvba	python-cnn-puct-v0.1.0	sha256:7845e9b7687beee165dc36b8d21833b7a8b5a83e31b58b49bd05c277ba26e642	python-cnn-puct-v0.1.0	sha256:7845e9b7687beee165dc36b8d21833b7a8b5a83e31b58b49bd05c277ba26e642	-	M	196
g1_3cM4QRbhnEwCbllvhcIOxLn12tdVG_XLDDrDofZOC0E	s1_4kWfVR4L9bJVNPqulULGm9rLZqVoXhLYtIs5YBPSOUU	1unPp4	qadv-arbiter-7x7-rust-lambda-v0.1.0	-	qadv-arbiter-7x7-rust-lambda-v0.1.0	-	L	P	196
g1_3cM4QRbhnEwCbllvhcIOxLn12tdVG_XLDDrDofZOC0E	s1_CwrlSIv7wVdgqtypDPzfG3RIswR2sVpxIcU0XH6OYkg	1unPp4	qadv-arbiter-7x7-rust-lambda-v0.1.0	-	qadv-arbiter-7x7-rust-lambda-v0.1.0	-	L	P	196
g1_3cM4QRbhnEwCbllvhcIOxLn12tdVG_XLDDrDofZOC0E	s1_RauLaTi4eVgYHSp2TV9pqs9uzTVv0B10g9TaHMWpcZ4	1unPp4	qadv-arbiter-7x7-rust-lambda-v0.1.0	-	qadv-arbiter-7x7-rust-lambda-v0.1.0	-	L	P	-
g1_3cM4QRbhnEwCbllvhcIOxLn12tdVG_XLDDrDofZOC0E	s1_opbVmiSTcKurUrLYe6CPomsETWttU4XV_bhxV_1WkQg	1unPp4	qadv-arbiter-7x7-rust-lambda-v0.1.0	-	qadv-arbiter-7x7-rust-lambda-v0.1.0	-	L	P	196
g1_3cQvMPN-3SjZ5fmsfxWQGaz5lbljqUN7JyAHnD4mzJA	s1_1LB6NAgPOeCp4r8rQw4kUOIXWpEdWysFm5RZjWCQSgc	1umwa2	python-gnn-puct-learner-v0.1.0	sha256:ab0f739cd33d66781faf60e27797c5ccba3c04ba684f8d9e32e9c2754f4e8956	python-gnn-puct-learner-v0.1.0	sha256:ab0f739cd33d66781faf60e27797c5ccba3c04ba684f8d9e32e9c2754f4e8956	D	P	196
g1_3cQvMPN-3SjZ5fmsfxWQGaz5lbljqUN7JyAHnD4mzJA	s1_P4NHYhwuVnEA-dG2X-UVeVotb84A5mwljbYTlTMqr8w	1umwa2	python-gnn-puct-learner-v0.1.0	sha256:ab0f739cd33d66781faf60e27797c5ccba3c04ba684f8d9e32e9c2754f4e8956	python-gnn-puct-learner-v0.1.0	sha256:ab0f739cd33d66781faf60e27797c5ccba3c04ba684f8d9e32e9c2754f4e8956	D	P	196
g1_3cYY2XfNV-B79gjvlGMM2nJ-Np4VRXk8xC1Xam3m8jM	s1_-OKlJXuPFfAnukwGYITjiU7XKL4OC_qt76PC0TZSPjg	1umvbD	python-cnn-puct-v0.1.0	sha256:7845e9b7687beee165dc36b8d21833b7a8b5a83e31b58b49bd05c277ba26e642	python-cnn-puct-v0.1.0	sha256:7845e9b7687beee165dc36b8d21833b7a8b5a83e31b58b49bd05c277ba26e642	D	P	196
g1_3cYY2XfNV-B79gjvlGMM2nJ-Np4VRXk8xC1Xam3m8jM	s1_1av6nXQkq-GSHXfjkVlGHGpAq8F9UbW4JwZmyFA-vww	1umvbD	python-cnn-puct-v0.1.0	sha256:7845e9b7687beee165dc36b8d21833b7a8b5a83e31b58b49bd05c277ba26e642	python-cnn-puct-v0.1.0	sha256:7845e9b7687beee165dc36b8d21833b7a8b5a83e31b58b49bd05c277ba26e642	D	P	196
g1_3cYY2XfNV-B79gjvlGMM2nJ-Np4VRXk8xC1Xam3m8jM	s1_Brk0hkuJoH-MBjdd53AO5tlWcOgDWV_R0PO74fHGd_0	1umvbD	python-cnn-puct-v0.1.0	sha256:7845e9b7687beee165dc36b8d21833b7a8b5a83e31b58b49bd05c277ba26e642	python-cnn-puct-v0.1.0	sha256:7845e9b7687beee165dc36b8d21833b7a8b5a83e31b58b49bd05c277ba26e642	D	P	196
g1_3c_rJnbWBJqwIcun6HXmvmKR0HsSv3tHjfydPYtrcP4	s1__fmnSv6OnZklVvMPUjPdL6drtvfrJptRYX3nxZQO8jI	1umxu0	python-gnn-puct-scout-v0.1.0	sha256:b9f80706cc1f29076ee06fe06483697c749148a808c599579045d00a52573938	python-gnn-puct-scout-v0.1.0	sha256:b9f80706cc1f29076ee06fe06483697c749148a808c599579045d00a52573938	L	P	196
g1_3cf2Vhlos81Myy2NhBaVwU-0ZI-QxYafgelMpaUvJQM	s1_RauLaTi4eVgYHSp2TV9pqs9uzTVv0B10g9TaHMWpcZ4	1unNNB	qadv-arbiter-7x7-rust-lambda-v0.1.0	-	qadv-arbiter-7x7-rust-lambda-v0.1.0	-	D	P	-
g1_3cf2Vhlos81Myy2NhBaVwU-0ZI-QxYafgelMpaUvJQM	s1_VBCSXI-qS5DJ2r86s1rNfOweC5mP5RPG7LbyUF9DT1Q	1unNNB	qadv-arbiter-7x7-rust-lambda-v0.1.0	-	qadv-arbiter-7x7-rust-lambda-v0.1.0	-	D	P	196
g1_3cf2Vhlos81Myy2NhBaVwU-0ZI-QxYafgelMpaUvJQM	s1_mC1NRi9W6OnTEld7P3j0w6nbnCnjBREj_JL9utTWSJ8	1unNNB	qadv-arbiter-7x7-rust-lambda-v0.1.0	-	qadv-arbiter-7x7-rust-lambda-v0.1.0	-	D	P	196
g1_3cf2Vhlos81Myy2NhBaVwU-0ZI-QxYafgelMpaUvJQM	s1_mN5GKFETSUKtTOl6_rw1RXYRjJriFvNRodfdGRL5kew	1unNNB	qadv-arbiter-7x7-rust-lambda-v0.1.0	-	qadv-arbiter-7x7-rust-lambda-v0.1.0	-	D	P	196
g1_3cqJBrcD93FGTOee6Y7-GYSJsCtTiXzXv4jv4J8I4hw	s1_1av6nXQkq-GSHXfjkVlGHGpAq8F9UbW4JwZmyFA-vww	1umvFa	python-gnn-puct-scout-v0.1.0	sha256:b9f80706cc1f29076ee06fe06483697c749148a808c599579045d00a52573938	python-gnn-puct-scout-v0.1.0	sha256:b9f80706cc1f29076ee06fe06483697c749148a808c599579045d00a52573938	D	P	196
g1_3cqJBrcD93FGTOee6Y7-GYSJsCtTiXzXv4jv4J8I4hw	s1_Brk0hkuJoH-MBjdd53AO5tlWcOgDWV_R0PO74fHGd_0	1umvFa	python-gnn-puct-scout-v0.1.0	sha256:b9f80706cc1f29076ee06fe06483697c749148a808c599579045d00a52573938	python-gnn-puct-scout-v0.1.0	sha256:b9f80706cc1f29076ee06fe06483697c749148a808c599579045d00a52573938	D	P	196
g1_3cqJBrcD93FGTOee6Y7-GYSJsCtTiXzXv4jv4J8I4hw	s1_D_X-fTFZy6xuyGSC5jFyKBW6IP_59Jbomefazf4xu44	1umvFa	python-gnn-puct-scout-v0.1.0	sha256:b9f80706cc1f29076ee06fe06483697c749148a808c599579045d00a52573938	python-gnn-puct-scout-v0.1.0	sha256:b9f80706cc1f29076ee06fe06483697c749148a808c599579045d00a52573938	D	P	196
g1_3crQ_jXL7uHezrUg837BbzS27c57g-5OvAXYwYi0yhU	s1_k6EUrvlzNohPHTkTilVweJ540nVXE6Rt3gz3SQiQL28	1umvBh	pathfinder-deep-10k-7x7	-	pathfinder-compact-sorter-7x7	sha256:7d34820fd656875b3ac4a0142e8f22179d11b133feb3321d0eb735b2a7abd027	L	P	100
g1_3d0B7oTJ-fQFNkGmFYmCqTYKs_YmEeBqoqdAnPT9RCY	s1_-OKlJXuPFfAnukwGYITjiU7XKL4OC_qt76PC0TZSPjg	1umvXm	python-cnn-puct-v0.1.0	sha256:7845e9b7687beee165dc36b8d21833b7a8b5a83e31b58b49bd05c277ba26e642	python-cnn-puct-v0.1.0	sha256:7845e9b7687beee165dc36b8d21833b7a8b5a83e31b58b49bd05c277ba26e642	D	P	196
g1_3d0B7oTJ-fQFNkGmFYmCqTYKs_YmEeBqoqdAnPT9RCY	s1_1av6nXQkq-GSHXfjkVlGHGpAq8F9UbW4JwZmyFA-vww	1umvXm	python-cnn-puct-v0.1.0	sha256:7845e9b7687beee165dc36b8d21833b7a8b5a83e31b58b49bd05c277ba26e642	python-cnn-puct-v0.1.0	sha256:7845e9b7687beee165dc36b8d21833b7a8b5a83e31b58b49bd05c277ba26e642	D	P	196
g1_3d0B7oTJ-fQFNkGmFYmCqTYKs_YmEeBqoqdAnPT9RCY	s1_mWPTef6xYbijjPhDIC6QgLRmu2mMSJAokNlIkx3vg54	1umvXm	python-cnn-puct-v0.1.0	sha256:7845e9b7687beee165dc36b8d21833b7a8b5a83e31b58b49bd05c277ba26e642	python-cnn-puct-v0.1.0	sha256:7845e9b7687beee165dc36b8d21833b7a8b5a83e31b58b49bd05c277ba26e642	D	P	196
g1_3d1XnX6CqXpTf66y-fw5S_3o0NFmou3zDUTQmI8UYFw	s1_EHd406NVisYX17tvp9tSYcqEWWp4CsAdRryHC10wfHc	1un2Tf	pathfinder-v0.3.0	-	qadv-arbiter-guided-7x7-v0.2.0	sha256:9c0e5e530df7db77a98f6a2e75fe63a6f629c6ad6563e0b5454793ebc243b14d	L	P	196
g1_3d1XnX6CqXpTf66y-fw5S_3o0NFmou3zDUTQmI8UYFw	s1_GCqZdg9KLzvh0I_b212TEmxdlG3kcwnq3SnQmPGgIqI	1un2Tf	pathfinder-v0.3.0	-	qadv-arbiter-guided-7x7-v0.2.0	sha256:9c0e5e530df7db77a98f6a2e75fe63a6f629c6ad6563e0b5454793ebc243b14d	L	P	196
g1_3d1XnX6CqXpTf66y-fw5S_3o0NFmou3zDUTQmI8UYFw	s1_O3cuwuia8XT9TI7Nxr3tRcajOA20XFHEIT2fYX3WizY	1un2Tf	pathfinder-v0.3.0	-	qadv-arbiter-guided-7x7-v0.2.0	sha256:9c0e5e530df7db77a98f6a2e75fe63a6f629c6ad6563e0b5454793ebc243b14d	L	P	196
g1_3dD4HpcwCK7JMY06jYASXA6u88Cu24v973eaZOE5mNk	s1_6PYUQh8tYEvz2CEFXrSWRsYRdl-h4qEVv6pd_Bf26bQ	1unPKN	qadv-arbiter-7x7-rust-lambda-v0.1.0	-	qadv-arbiter-7x7-rust-lambda-v0.1.0	-	D	P	196
g1_3dD4HpcwCK7JMY06jYASXA6u88Cu24v973eaZOE5mNk	s1_H-KIUDijcLwv9eAxlvxQp9fL33Iudoo5wZbsPsTrZXw	1unPKN	qadv-arbiter-7x7-rust-lambda-v0.1.0	-	qadv-arbiter-7x7-rust-lambda-v0.1.0	-	D	P	196
g1_3dD4HpcwCK7JMY06jYASXA6u88Cu24v973eaZOE5mNk	s1_RauLaTi4eVgYHSp2TV9pqs9uzTVv0B10g9TaHMWpcZ4	1unPKN	qadv-arbiter-7x7-rust-lambda-v0.1.0	-	qadv-arbiter-7x7-rust-lambda-v0.1.0	-	D	P	-
g1_3dD4HpcwCK7JMY06jYASXA6u88Cu24v973eaZOE5mNk	s1_tBMwScrAN-TH9cSLG2VzH-wEeWjlUrLm7gusi9XPZ08	1unPKN	qadv-arbiter-7x7-rust-lambda-v0.1.0	-	qadv-arbiter-7x7-rust-lambda-v0.1.0	-	D	P	196
g1_3dG80jikMxBEOCWfhZ5l8OxxNxd0mQTuSeOmdvw7bi4	s1_1av6nXQkq-GSHXfjkVlGHGpAq8F9UbW4JwZmyFA-vww	1umvLs	python-gnn-puct-learner-v0.1.0	sha256:ab0f739cd33d66781faf60e27797c5ccba3c04ba684f8d9e32e9c2754f4e8956	python-gnn-puct-learner-v0.1.0	sha256:ab0f739cd33d66781faf60e27797c5ccba3c04ba684f8d9e32e9c2754f4e8956	D	P	196
g1_3dG80jikMxBEOCWfhZ5l8OxxNxd0mQTuSeOmdvw7bi4	s1_Brk0hkuJoH-MBjdd53AO5tlWcOgDWV_R0PO74fHGd_0	1umvLs	python-gnn-puct-learner-v0.1.0	sha256:ab0f739cd33d66781faf60e27797c5ccba3c04ba684f8d9e32e9c2754f4e8956	python-gnn-puct-learner-v0.1.0	sha256:ab0f739cd33d66781faf60e27797c5ccba3c04ba684f8d9e32e9c2754f4e8956	D	P	196
g1_3dG80jikMxBEOCWfhZ5l8OxxNxd0mQTuSeOmdvw7bi4	s1_QBFUsDtxokERlDOdQkleYbPvhJ-vIp2qmp6DXjS-7oM	1umvLs	python-gnn-puct-learner-v0.1.0	sha256:ab0f739cd33d66781faf60e27797c5ccba3c04ba684f8d9e32e9c2754f4e8956	python-gnn-puct-learner-v0.1.0	sha256:ab0f739cd33d66781faf60e27797c5ccba3c04ba684f8d9e32e9c2754f4e8956	D	P	196
g1_3dP4k6tFzQcz1INhvhW7Xdqi0JhPiWEoR6fNTqFUpas	s1_2r9UXtePy1A3o2shiGKG3Iey8Nt2lldq9jzlz8uCKuw	1unNow	qadv-arbiter-7x7-rust-lambda-v0.1.0	-	qadv-arbiter-7x7-rust-lambda-v0.1.0	-	L	P	196
g1_3dP4k6tFzQcz1INhvhW7Xdqi0JhPiWEoR6fNTqFUpas	s1_7yZljf4kEw9UzIdN5YqPeM0CyoZfx-q31V8M_kI_31I	1unNow	qadv-arbiter-7x7-rust-lambda-v0.1.0	-	qadv-arbiter-7x7-rust-lambda-v0.1.0	-	L	P	196
g1_3dP4k6tFzQcz1INhvhW7Xdqi0JhPiWEoR6fNTqFUpas	s1_RauLaTi4eVgYHSp2TV9pqs9uzTVv0B10g9TaHMWpcZ4	1unNow	qadv-arbiter-7x7-rust-lambda-v0.1.0	-	qadv-arbiter-7x7-rust-lambda-v0.1.0	-	L	P	-
g1_3dP4k6tFzQcz1INhvhW7Xdqi0JhPiWEoR6fNTqFUpas	s1_prm9asP5swAkjTeU-oMVOYBs-uskt4X-jkS12bh9v30	1unNow	qadv-arbiter-7x7-rust-lambda-v0.1.0	-	qadv-arbiter-7x7-rust-lambda-v0.1.0	-	L	P	196
g1_3dWsP8e8nVODne4jg8a1r6xYXeDg89UCmYLYO7WeLvg	s1_RauLaTi4eVgYHSp2TV9pqs9uzTVv0B10g9TaHMWpcZ4	1unMuV	qadv-arbiter-7x7-rust-lambda-v0.1.0	-	qadv-arbiter-7x7-rust-lambda-v0.1.0	-	D	P	-
g1_3dWsP8e8nVODne4jg8a1r6xYXeDg89UCmYLYO7WeLvg	s1_YZTK5yxHYefzOuN8SadJQuqAAnk2kVLQGJk-BYsRAo0	1unMuV	qadv-arbiter-7x7-rust-lambda-v0.1.0	-	qadv-arbiter-7x7-rust-lambda-v0.1.0	-	D	P	196
g1_3dWsP8e8nVODne4jg8a1r6xYXeDg89UCmYLYO7WeLvg	s1_fSC3OGKJi2pf2isYeWBPT-_RI2XRIiZBpaR71T71RV4	1unMuV	qadv-arbiter-7x7-rust-lambda-v0.1.0	-	qadv-arbiter-7x7-rust-lambda-v0.1.0	-	D	P	196
g1_3dWsP8e8nVODne4jg8a1r6xYXeDg89UCmYLYO7WeLvg	s1_wi6L9NbE47DvKzpfNStLFl0pw5J68gT_HzIe6OrOU6k	1unMuV	qadv-arbiter-7x7-rust-lambda-v0.1.0	-	qadv-arbiter-7x7-rust-lambda-v0.1.0	-	D	P	196
g1_3dZeQWjW_o-uxWXmmeMhsW3o1Bmwa203Xm62oBH_z6w	s1_1av6nXQkq-GSHXfjkVlGHGpAq8F9UbW4JwZmyFA-vww	1umv7B	python-gnn-puct-scout-v0.1.0	sha256:b9f80706cc1f29076ee06fe06483697c749148a808c599579045d00a52573938	python-gnn-puct-scout-v0.1.0	sha256:b9f80706cc1f29076ee06fe06483697c749148a808c599579045d00a52573938	-	M	196
g1_3dZeQWjW_o-uxWXmmeMhsW3o1Bmwa203Xm62oBH_z6w	s1_Brk0hkuJoH-MBjdd53AO5tlWcOgDWV_R0PO74fHGd_0	1umv7B	python-gnn-puct-scout-v0.1.0	sha256:b9f80706cc1f29076ee06fe06483697c749148a808c599579045d00a52573938	python-gnn-puct-scout-v0.1.0	sha256:b9f80706cc1f29076ee06fe06483697c749148a808c599579045d00a52573938	-	M	196
g1_3dZeQWjW_o-uxWXmmeMhsW3o1Bmwa203Xm62oBH_z6w	s1_D_X-fTFZy6xuyGSC5jFyKBW6IP_59Jbomefazf4xu44	1umv7B	python-gnn-puct-scout-v0.1.0	sha256:b9f80706cc1f29076ee06fe06483697c749148a808c599579045d00a52573938	python-gnn-puct-scout-v0.1.0	sha256:b9f80706cc1f29076ee06fe06483697c749148a808c599579045d00a52573938	-	M	196
g1_3daCV68Xuzfw1bJBIlVXXu6SPHCNnOg7eTtKvkNfAkM	s1_7aCXLnaraoQb_hw_Qs0gODv0j9KaNl7-NyzG5ZPfkQQ	1unMR7	qadv-arbiter-7x7-rust-lambda-v0.1.0	-	qadv-arbiter-7x7-rust-lambda-v0.1.0	-	L	P	196
g1_3daCV68Xuzfw1bJBIlVXXu6SPHCNnOg7eTtKvkNfAkM	s1_RauLaTi4eVgYHSp2TV9pqs9uzTVv0B10g9TaHMWpcZ4	1unMR7	qadv-arbiter-7x7-rust-lambda-v0.1.0	-	qadv-arbiter-7x7-rust-lambda-v0.1.0	-	L	P	-
g1_3daCV68Xuzfw1bJBIlVXXu6SPHCNnOg7eTtKvkNfAkM	s1_qjwde6IPLGz4cDo_luH0gytPG__4dconW7d7iP3oxqQ	1unMR7	qadv-arbiter-7x7-rust-lambda-v0.1.0	-	qadv-arbiter-7x7-rust-lambda-v0.1.0	-	L	P	196
g1_3daCV68Xuzfw1bJBIlVXXu6SPHCNnOg7eTtKvkNfAkM	s1_tt0airgGra-mgZOl7OhOxnDXsY983JSNtxviob8gOCY	1unMR7	qadv-arbiter-7x7-rust-lambda-v0.1.0	-	qadv-arbiter-7x7-rust-lambda-v0.1.0	-	L	P	196
g1_3daq2zKxvvfZyItFq5BWefaJ-_G23MmJHbsGXtAYpAY	s1_-OKlJXuPFfAnukwGYITjiU7XKL4OC_qt76PC0TZSPjg	1umvf_	python-cnn-puct-v0.1.0	sha256:7845e9b7687beee165dc36b8d21833b7a8b5a83e31b58b49bd05c277ba26e642	python-cnn-puct-v0.1.0	sha256:7845e9b7687beee165dc36b8d21833b7a8b5a83e31b58b49bd05c277ba26e642	L	P	196
g1_3daq2zKxvvfZyItFq5BWefaJ-_G23MmJHbsGXtAYpAY	s1_1av6nXQkq-GSHXfjkVlGHGpAq8F9UbW4JwZmyFA-vww	1umvf_	python-cnn-puct-v0.1.0	sha256:7845e9b7687beee165dc36b8d21833b7a8b5a83e31b58b49bd05c277ba26e642	python-cnn-puct-v0.1.0	sha256:7845e9b7687beee165dc36b8d21833b7a8b5a83e31b58b49bd05c277ba26e642	L	P	196
g1_3daq2zKxvvfZyItFq5BWefaJ-_G23MmJHbsGXtAYpAY	s1_Brk0hkuJoH-MBjdd53AO5tlWcOgDWV_R0PO74fHGd_0	1umvf_	python-cnn-puct-v0.1.0	sha256:7845e9b7687beee165dc36b8d21833b7a8b5a83e31b58b49bd05c277ba26e642	python-cnn-puct-v0.1.0	sha256:7845e9b7687beee165dc36b8d21833b7a8b5a83e31b58b49bd05c277ba26e642	L	P	196
g1_3ddgwkckvLBNB1inVzp_Ak1o7wZFHZ0gZED-ogaVryk	s1__fmnSv6OnZklVvMPUjPdL6drtvfrJptRYX3nxZQO8jI	1umxqd	python-gnn-puct-scout-v0.1.0	sha256:b9f80706cc1f29076ee06fe06483697c749148a808c599579045d00a52573938	python-gnn-puct-scout-v0.1.0	sha256:b9f80706cc1f29076ee06fe06483697c749148a808c599579045d00a52573938	L	P	196
g1_3diop4ODzh4w7jL3Mk-YAnMMbZxc5Fsr2btgyjY8krE	s1_2FtaP75xgRVTNrUvmC0NIesJCNy8IDFJ05WNM4nUnpg	1unR2_	lunatic-v0.1.0	-	qadv-arbiter-7x7-v0.1.0	-	L	P	196
g1_3diop4ODzh4w7jL3Mk-YAnMMbZxc5Fsr2btgyjY8krE	s1_RauLaTi4eVgYHSp2TV9pqs9uzTVv0B10g9TaHMWpcZ4	1unR2_	lunatic-v0.1.0	-	qadv-arbiter-7x7-v0.1.0	-	L	P	-
g1_3diop4ODzh4w7jL3Mk-YAnMMbZxc5Fsr2btgyjY8krE	s1_UTP1zlY_qJfX2B6EXcGdybgf7836IUFjR-EkhIfuC7s	1unR2_	lunatic-v0.1.0	-	qadv-arbiter-7x7-v0.1.0	-	L	P	196
g1_3diop4ODzh4w7jL3Mk-YAnMMbZxc5Fsr2btgyjY8krE	s1_jkoE1AydTokODgBZZiGqT1s8KGpaBss7VktCykndM0Q	1unR2_	lunatic-v0.1.0	-	qadv-arbiter-7x7-v0.1.0	-	L	P	196
g1_3dr_qDXPE8UUGsFPnKRYYjCt6depf5TGF_vtUNYVlPc	s1_Qk35KA3f2krr05d3gUspbTm_2VWYkbDshIKPL7ekzSU	1unL-R	qadv-arbiter-7x7-rust-lambda-v0.1.0	-	qadv-arbiter-7x7-rust-lambda-v0.1.0	-	L	P	196
g1_3dr_qDXPE8UUGsFPnKRYYjCt6depf5TGF_vtUNYVlPc	s1_RauLaTi4eVgYHSp2TV9pqs9uzTVv0B10g9TaHMWpcZ4	1unL-R	qadv-arbiter-7x7-rust-lambda-v0.1.0	-	qadv-arbiter-7x7-rust-lambda-v0.1.0	-	L	P	-
g1_3dr_qDXPE8UUGsFPnKRYYjCt6depf5TGF_vtUNYVlPc	s1_U57zJSCzJwXy3rZU31QLM6sGa3wu-dchFrFGjeg7pmM	1unL-R	qadv-arbiter-7x7-rust-lambda-v0.1.0	-	qadv-arbiter-7x7-rust-lambda-v0.1.0	-	L	P	196
g1_3dr_qDXPE8UUGsFPnKRYYjCt6depf5TGF_vtUNYVlPc	s1_lxsCggxyPb9VnLqWzQSsxZUIrsNo3eFklErvXHMIrJk	1unL-R	qadv-arbiter-7x7-rust-lambda-v0.1.0	-	qadv-arbiter-7x7-rust-lambda-v0.1.0	-	L	P	196
g1_3dsEthoQ9EoKaslAbhGD3VL7pa4JtTfl1rRz40Vlmf4	s1_O3cuwuia8XT9TI7Nxr3tRcajOA20XFHEIT2fYX3WizY	1un6Mz	gnn-reval30k-7x7	sha256:7f41dbe135649d1116a0914bc0358a5ffae95749195ec20dd972035bbbea52f7	qadv-arbiter-guided-7x7-v0.2.0	sha256:9c0e5e530df7db77a98f6a2e75fe63a6f629c6ad6563e0b5454793ebc243b14d	L	P	196
g1_3dsEthoQ9EoKaslAbhGD3VL7pa4JtTfl1rRz40Vlmf4	s1_WKgJ-Jv1JLaOTWIv9LBPKOOAJ5w7fDR6YLt9DYRBTmo	1un6Mz	gnn-reval30k-7x7	sha256:7f41dbe135649d1116a0914bc0358a5ffae95749195ec20dd972035bbbea52f7	qadv-arbiter-guided-7x7-v0.2.0	sha256:9c0e5e530df7db77a98f6a2e75fe63a6f629c6ad6563e0b5454793ebc243b14d	L	P	196
g1_3dsEthoQ9EoKaslAbhGD3VL7pa4JtTfl1rRz40Vlmf4	s1_cLhadU61FtckEqANG11HlvmBNEu5JQxwalW0_KFv9kA	1un6Mz	gnn-reval30k-7x7	sha256:7f41dbe135649d1116a0914bc0358a5ffae95749195ec20dd972035bbbea52f7	qadv-arbiter-guided-7x7-v0.2.0	sha256:9c0e5e530df7db77a98f6a2e75fe63a6f629c6ad6563e0b5454793ebc243b14d	L	P	196
g1_3dtFBa_a-5We4FtiqBhC91BrYFVEQzwVj4YtSfr4WBY	s1_flXyOBW6T9LLVDFIvXBGel1MoVNZcUcMFIJnB9yLapU	1umx5r	python-gnn-puct-reval30k-v0.1.0	sha256:6120be86fc469df71473c3de64e5e32f99694cd47d621fa5948f243dc51d3d21	python-gnn-puct-reval30k-v0.1.0	sha256:6120be86fc469df71473c3de64e5e32f99694cd47d621fa5948f243dc51d3d21	D	P	196
g1_3dvGAiQKct-qSeFlyq0CorFgqkeNHZpPNNUgKIkUhX4	s1_O3cuwuia8XT9TI7Nxr3tRcajOA20XFHEIT2fYX3WizY	1un59m	qadv-arbiter-guided-7x7-v0.2.0	sha256:9c0e5e530df7db77a98f6a2e75fe63a6f629c6ad6563e0b5454793ebc243b14d	surveyor-v0.2.0	-	D	P	196
g1_3dvGAiQKct-qSeFlyq0CorFgqkeNHZpPNNUgKIkUhX4	s1_ROUz_g0kquKNGB878B9BMwA5nL4cZcvmffEeoUgiR_k	1un59m	qadv-arbiter-guided-7x7-v0.2.0	sha256:9c0e5e530df7db77a98f6a2e75fe63a6f629c6ad6563e0b5454793ebc243b14d	surveyor-v0.2.0	-	D	P	196
g1_3dvGAiQKct-qSeFlyq0CorFgqkeNHZpPNNUgKIkUhX4	s1_TNJsSJjRaHDJ2Q7UUQmoz_QE1P-V3BTy5CQvqN4z6Bw	1un59m	qadv-arbiter-guided-7x7-v0.2.0	sha256:9c0e5e530df7db77a98f6a2e75fe63a6f629c6ad6563e0b5454793ebc243b14d	surveyor-v0.2.0	-	D	P	196
g1_3e29jwOkTegVJ2dwrJpq7K47P_KzTWW3gDFBXQV1vEA	s1_0F5dujzY0qExs2ss8e4VuL_O9-PfwerPa9BrHRjFK0Y	1unMHr	qadv-arbiter-7x7-rust-lambda-v0.1.0	-	qadv-arbiter-7x7-rust-lambda-v0.1.0	-	D	P	196
g1_3e29jwOkTegVJ2dwrJpq7K47P_KzTWW3gDFBXQV1vEA	s1_8J26nC4kb0trkY9-1WhCU1h37p0ZpJOGcW_zgbfI7MM	1unMHr	qadv-arbiter-7x7-rust-lambda-v0.1.0	-	qadv-arbiter-7x7-rust-lambda-v0.1.0	-	D	P	196
g1_3e29jwOkTegVJ2dwrJpq7K47P_KzTWW3gDFBXQV1vEA	s1_RauLaTi4eVgYHSp2TV9pqs9uzTVv0B10g9TaHMWpcZ4	1unMHr	qadv-arbiter-7x7-rust-lambda-v0.1.0	-	qadv-arbiter-7x7-rust-lambda-v0.1.0	-	D	P	-
g1_3e29jwOkTegVJ2dwrJpq7K47P_KzTWW3gDFBXQV1vEA	s1_q8WTQiB0BQO-UtRVJxgvfSzfasJut160_MjdefQleSU	1unMHr	qadv-arbiter-7x7-rust-lambda-v0.1.0	-	qadv-arbiter-7x7-rust-lambda-v0.1.0	-	D	P	196
g1_3eCujK2PkAhucBCE8BBCeVNs8OEM_aPN05pJWMsG6pA	s1_6PxtazPxkizz7K9QTWPSCIopEV5n0zpHoq3F52yO_6U	1umwgr	python-cnn-puct-v0.1.0	sha256:7845e9b7687beee165dc36b8d21833b7a8b5a83e31b58b49bd05c277ba26e642	python-cnn-puct-v0.1.0	sha256:7845e9b7687beee165dc36b8d21833b7a8b5a83e31b58b49bd05c277ba26e642	L	P	196
g1_3eCujK2PkAhucBCE8BBCeVNs8OEM_aPN05pJWMsG6pA	s1_baRgKA_wMXdl0r4AwdkUfhWC04qxd1MvEGXAQaDd4fo	1umwgr	python-cnn-puct-v0.1.0	sha256:7845e9b7687beee165dc36b8d21833b7a8b5a83e31b58b49bd05c277ba26e642	python-cnn-puct-v0.1.0	sha256:7845e9b7687beee165dc36b8d21833b7a8b5a83e31b58b49bd05c277ba26e642	L	P	196
g1_3eG1AlJD2QHQ8IxBpK6TYw0Ucnt0uh0nU9zGcLIDd9c	s1_DSTyQdj5lkg9T51yDWvDA8NY1MJpJAZTD61b-STKcTc	1unOj4	qadv-arbiter-7x7-rust-lambda-v0.1.0	-	qadv-arbiter-7x7-rust-lambda-v0.1.0	-	D	P	196
g1_3eG1AlJD2QHQ8IxBpK6TYw0Ucnt0uh0nU9zGcLIDd9c	s1_OSaPNFB-Pc9Ytp2uiFv8-ctXPw4pUITSg7sTod3jHkA	1unOj4	qadv-arbiter-7x7-rust-lambda-v0.1.0	-	qadv-arbiter-7x7-rust-lambda-v0.1.0	-	D	P	196
g1_3eG1AlJD2QHQ8IxBpK6TYw0Ucnt0uh0nU9zGcLIDd9c	s1_RauLaTi4eVgYHSp2TV9pqs9uzTVv0B10g9TaHMWpcZ4	1unOj4	qadv-arbiter-7x7-rust-lambda-v0.1.0	-	qadv-arbiter-7x7-rust-lambda-v0.1.0	-	D	P	-
g1_3eG1AlJD2QHQ8IxBpK6TYw0Ucnt0uh0nU9zGcLIDd9c	s1_kllhaa9tFcd29dPVjb767DPsYJna9jpEnfGeQgJ_EEU	1unOj4	qadv-arbiter-7x7-rust-lambda-v0.1.0	-	qadv-arbiter-7x7-rust-lambda-v0.1.0	-	D	P	196
g1_3ePf92Mt-JUF6BXZvpxZSWw8dhVDbsGsNzWTBfpnpoI	s1_2FtaP75xgRVTNrUvmC0NIesJCNy8IDFJ05WNM4nUnpg	1unQrK	qadv-arbiter-7x7-v0.1.0	-	pathfinder-v0.3.0	-	D	P	196
g1_3ePf92Mt-JUF6BXZvpxZSWw8dhVDbsGsNzWTBfpnpoI	s1_RauLaTi4eVgYHSp2TV9pqs9uzTVv0B10g9TaHMWpcZ4	1unQrK	qadv-arbiter-7x7-v0.1.0	-	pathfinder-v0.3.0	-	D	P	-
g1_3ePf92Mt-JUF6BXZvpxZSWw8dhVDbsGsNzWTBfpnpoI	s1_oIkN3B0iT3RDJd-D9WcodAEvLumOzevUs82OHPnKYSE	1unQrK	qadv-arbiter-7x7-v0.1.0	-	pathfinder-v0.3.0	-	D	P	196
g1_3ePf92Mt-JUF6BXZvpxZSWw8dhVDbsGsNzWTBfpnpoI	s1_uvcxErtaS-QFrpvsyDStZw47g1oUyr5P4t8pfBhZnqo	1unQrK	qadv-arbiter-7x7-v0.1.0	-	pathfinder-v0.3.0	-	D	P	196
g1_3eXEEpfstMo-m8FtAS67UFna_bjzAqAZRhMJ2wMgM0w	s1__fmnSv6OnZklVvMPUjPdL6drtvfrJptRYX3nxZQO8jI	1umxrJ	python-gnn-puct-scout-v0.1.0	sha256:b9f80706cc1f29076ee06fe06483697c749148a808c599579045d00a52573938	python-gnn-puct-scout-v0.1.0	sha256:b9f80706cc1f29076ee06fe06483697c749148a808c599579045d00a52573938	D	P	196
g1_3eXHEim-1XKBICb8jt6hPqJwzMNVnNpJAF5oENbyF1I	s1_WVg7aYYLIrw6_-2mI3jQ-DPcLO4gX2sPEEqWQb0DGQA	1umxG2	python-cnn-puct-reval30k-v0.1.0	sha256:eb2600a53e225a835455efdb2759c40e27c5cb3c16ab0688bc21b99290ed10ee	python-cnn-puct-reval30k-v0.1.0	sha256:eb2600a53e225a835455efdb2759c40e27c5cb3c16ab0688bc21b99290ed10ee	L	P	196
g1_3ec5O7rZOuGUCxKeQ_vwDFGxzA8zKygwZ2XWzdlxjBk	s1_Qmoz3nLvbLcY_1rcqMtpMJDvTQydhL5cxUNWV6EhpMY	1umwtw	qadv-arbiter-7x7-v0.1.0	sha256:8c548d06307572603b839755cc1e50393285365e10f82bcd90290ca65cd86266	qadv-arbiter-7x7-v0.1.0	sha256:8c548d06307572603b839755cc1e50393285365e10f82bcd90290ca65cd86266	D	P	196
g1_3enZmNc1ilX3pqIQMFYtZOxQL1HtjskezyAhyY7L2YQ	s1_WVg7aYYLIrw6_-2mI3jQ-DPcLO4gX2sPEEqWQb0DGQA	1umxU0	python-cnn-puct-reval30k-v0.1.0	sha256:eb2600a53e225a835455efdb2759c40e27c5cb3c16ab0688bc21b99290ed10ee	python-cnn-puct-reval30k-v0.1.0	sha256:eb2600a53e225a835455efdb2759c40e27c5cb3c16ab0688bc21b99290ed10ee	L	P	196
g1_3etXksIAggJQ9aKjZqOCvS7RCEI5qh6Y7TnA6HwLxdU	s1_NCGChsH830_hsd22U8-G1TchF4nZ18h_zxypSJL24EI	1unP3R	qadv-arbiter-7x7-rust-lambda-v0.1.0	-	qadv-arbiter-7x7-rust-lambda-v0.1.0	-	D	P	196
g1_3etXksIAggJQ9aKjZqOCvS7RCEI5qh6Y7TnA6HwLxdU	s1_RauLaTi4eVgYHSp2TV9pqs9uzTVv0B10g9TaHMWpcZ4	1unP3R	qadv-arbiter-7x7-rust-lambda-v0.1.0	-	qadv-arbiter-7x7-rust-lambda-v0.1.0	-	D	P	-
g1_3etXksIAggJQ9aKjZqOCvS7RCEI5qh6Y7TnA6HwLxdU	s1_YiD9eSh3uRM1SJCrpZw9MZGM5pA7UtJI9MTfj85Fas8	1unP3R	qadv-arbiter-7x7-rust-lambda-v0.1.0	-	qadv-arbiter-7x7-rust-lambda-v0.1.0	-	D	P	196
g1_3etXksIAggJQ9aKjZqOCvS7RCEI5qh6Y7TnA6HwLxdU	s1_biquHb4RqVy9yD1Xo55pjx8Qr3RIKGckic4zLWzlorQ	1unP3R	qadv-arbiter-7x7-rust-lambda-v0.1.0	-	qadv-arbiter-7x7-rust-lambda-v0.1.0	-	D	P	196
g1_3f72QQwKEt3uv3a128gw2vxGzcAmlprZsxYd4Saf0U4	s1_ES63CINOYnUnVgzQKbFOmPx6tpMrwejs1jx-XKrYYeQ	1unODg	qadv-arbiter-7x7-rust-lambda-v0.1.0	-	qadv-arbiter-7x7-rust-lambda-v0.1.0	-	L	P	196
g1_3f72QQwKEt3uv3a128gw2vxGzcAmlprZsxYd4Saf0U4	s1_RauLaTi4eVgYHSp2TV9pqs9uzTVv0B10g9TaHMWpcZ4	1unODg	qadv-arbiter-7x7-rust-lambda-v0.1.0	-	qadv-arbiter-7x7-rust-lambda-v0.1.0	-	L	P	-
g1_3f72QQwKEt3uv3a128gw2vxGzcAmlprZsxYd4Saf0U4	s1_ScUNxJ3fwSQaPLUR_aea6IsQOYYTWRd99x4FQgo_H4A	1unODg	qadv-arbiter-7x7-rust-lambda-v0.1.0	-	qadv-arbiter-7x7-rust-lambda-v0.1.0	-	L	P	196
g1_3f72QQwKEt3uv3a128gw2vxGzcAmlprZsxYd4Saf0U4	s1_YL6GpIYe-PR5_S9Y27hfwqSgy2RTpXqqkGnkQHgTKHU	1unODg	qadv-arbiter-7x7-rust-lambda-v0.1.0	-	qadv-arbiter-7x7-rust-lambda-v0.1.0	-	L	P	196
g1_3f8rt1ae6vw801GeilwSZ8OKQVwPuSGCR92xKs_eO9U	s1_1LB6NAgPOeCp4r8rQw4kUOIXWpEdWysFm5RZjWCQSgc	1umwab	python-gnn-puct-learner-v0.1.0	sha256:ab0f739cd33d66781faf60e27797c5ccba3c04ba684f8d9e32e9c2754f4e8956	python-gnn-puct-learner-v0.1.0	sha256:ab0f739cd33d66781faf60e27797c5ccba3c04ba684f8d9e32e9c2754f4e8956	L	P	196
g1_3f8rt1ae6vw801GeilwSZ8OKQVwPuSGCR92xKs_eO9U	s1_P4NHYhwuVnEA-dG2X-UVeVotb84A5mwljbYTlTMqr8w	1umwab	python-gnn-puct-learner-v0.1.0	sha256:ab0f739cd33d66781faf60e27797c5ccba3c04ba684f8d9e32e9c2754f4e8956	python-gnn-puct-learner-v0.1.0	sha256:ab0f739cd33d66781faf60e27797c5ccba3c04ba684f8d9e32e9c2754f4e8956	L	P	196
g1_3fP5rm0DZg3w62tT9F366uTcOF60UNEXPRrqpZxkOi0	s1_R7msRMCJBBdTXdt_pgU53q9VW4dac-ZjMdLjYAnBd5o	1umvby	rust-pathfinder-v0.1.0	-	coin-flip-seeded	-	L	P	120
g1_3fS1I8xZDh-O5FbzfHbvfw09hz53A-anuHGXgPXIvSY	s1_HCcN9DoGb-F6-DWsYUbvtBbd4mYnzNr0wdpZud8Eytc	1unMNy	qadv-arbiter-7x7-rust-lambda-v0.1.0	-	qadv-arbiter-7x7-rust-lambda-v0.1.0	-	L	P	196
g1_3fS1I8xZDh-O5FbzfHbvfw09hz53A-anuHGXgPXIvSY	s1_RauLaTi4eVgYHSp2TV9pqs9uzTVv0B10g9TaHMWpcZ4	1unMNy	qadv-arbiter-7x7-rust-lambda-v0.1.0	-	qadv-arbiter-7x7-rust-lambda-v0.1.0	-	L	P	-
g1_3fS1I8xZDh-O5FbzfHbvfw09hz53A-anuHGXgPXIvSY	s1_Z5vynMN6BGr4nCLMStcUBGHXac-bbO_Rtr7WEnqk-pQ	1unMNy	qadv-arbiter-7x7-rust-lambda-v0.1.0	-	qadv-arbiter-7x7-rust-lambda-v0.1.0	-	L	P	196
g1_3fS1I8xZDh-O5FbzfHbvfw09hz53A-anuHGXgPXIvSY	s1_zS-xEq8q8A6w6WTglQ7KG8p9LbI6KP9UgCNHUI_Hohg	1unMNy	qadv-arbiter-7x7-rust-lambda-v0.1.0	-	qadv-arbiter-7x7-rust-lambda-v0.1.0	-	L	P	196
g1_3f_MqOy6FCTR4AeotdthO2xXCESJq8ozBHIWRcbo_Xs	s1_Mc5oe7srbIVWuEjIq57inSVxzrhDY1l_hNWYgcrxhKY	1unPEa	qadv-arbiter-7x7-rust-lambda-v0.1.0	-	qadv-arbiter-7x7-rust-lambda-v0.1.0	-	L	P	196
g1_3f_MqOy6FCTR4AeotdthO2xXCESJq8ozBHIWRcbo_Xs	s1_RauLaTi4eVgYHSp2TV9pqs9uzTVv0B10g9TaHMWpcZ4	1unPEa	qadv-arbiter-7x7-rust-lambda-v0.1.0	-	qadv-arbiter-7x7-rust-lambda-v0.1.0	-	L	P	-
g1_3f_MqOy6FCTR4AeotdthO2xXCESJq8ozBHIWRcbo_Xs	s1_g9XHdc8saa4eMw-4lYKIMC_3A5nqg9D99-Vq6XCcZOA	1unPEa	qadv-arbiter-7x7-rust-lambda-v0.1.0	-	qadv-arbiter-7x7-rust-lambda-v0.1.0	-	L	P	196
g1_3f_MqOy6FCTR4AeotdthO2xXCESJq8ozBHIWRcbo_Xs	s1_jcM-xcZ47BO4PkidfM2gMmNzDnAq7ap5TvdSoMVvC90	1unPEa	qadv-arbiter-7x7-rust-lambda-v0.1.0	-	qadv-arbiter-7x7-rust-lambda-v0.1.0	-	L	P	196
g1_3fbbxwfoegjfyvpa4I8J00R7dykv1QfbFJ8xPg85i5g	s1_1av6nXQkq-GSHXfjkVlGHGpAq8F9UbW4JwZmyFA-vww	1umv4X	coin-flip-v0.0.1	-	cnn-baseline-7x7	sha256:f4969554372b34d9773382cf5cd8e3f20890ccedfb1e6c685984c6c94fbb6203	D	P	196
g1_3fbbxwfoegjfyvpa4I8J00R7dykv1QfbFJ8xPg85i5g	s1_Brk0hkuJoH-MBjdd53AO5tlWcOgDWV_R0PO74fHGd_0	1umv4X	coin-flip-v0.0.1	-	cnn-baseline-7x7	sha256:f4969554372b34d9773382cf5cd8e3f20890ccedfb1e6c685984c6c94fbb6203	D	P	196
g1_3fbbxwfoegjfyvpa4I8J00R7dykv1QfbFJ8xPg85i5g	s1_pz791mBLK9gCxlmvM7C8kcD10pikcBIN4FZ0Kf_TgTs	1umv4X	coin-flip-v0.0.1	-	cnn-baseline-7x7	sha256:f4969554372b34d9773382cf5cd8e3f20890ccedfb1e6c685984c6c94fbb6203	D	P	196
g1_3fdpRGNZNI5Gjbed0I1fhgt4pEsrlDEicCxC3zFvDKY	s1_RY1LWrw1JZgLE9MCn5kk9kzgYisjQhMXc9H2YleygL0	1unM7x	qadv-arbiter-7x7-rust-lambda-v0.1.0	-	qadv-arbiter-7x7-rust-lambda-v0.1.0	-	D	P	196
g1_3fdpRGNZNI5Gjbed0I1fhgt4pEsrlDEicCxC3zFvDKY	s1_RauLaTi4eVgYHSp2TV9pqs9uzTVv0B10g9TaHMWpcZ4	1unM7x	qadv-arbiter-7x7-rust-lambda-v0.1.0	-	qadv-arbiter-7x7-rust-lambda-v0.1.0	-	D	P	-
g1_3fdpRGNZNI5Gjbed0I1fhgt4pEsrlDEicCxC3zFvDKY	s1_bKeJYXBnGaroPkbVB6I5JxzogZSRA_7sMvq3AFlr3Yk	1unM7x	qadv-arbiter-7x7-rust-lambda-v0.1.0	-	qadv-arbiter-7x7-rust-lambda-v0.1.0	-	D	P	196
g1_3fdpRGNZNI5Gjbed0I1fhgt4pEsrlDEicCxC3zFvDKY	s1_rJyv5J7zBbSKogB3tSP3e3tlHQc2ZGw9_1IoQwBlXNs	1unM7x	qadv-arbiter-7x7-rust-lambda-v0.1.0	-	qadv-arbiter-7x7-rust-lambda-v0.1.0	-	D	P	196
g1_3flEAL-lc5u2fvH6m8jdmlUtEeYq56AzhoVQnDZnnNg	s1_7XmHFYV2iFYmaP7tZI7EI_D8u1f6poP9_sIpufJVwAM	1unPZD	qadv-arbiter-7x7-rust-lambda-v0.1.0	-	qadv-arbiter-7x7-rust-lambda-v0.1.0	-	L	P	196
g1_3flEAL-lc5u2fvH6m8jdmlUtEeYq56AzhoVQnDZnnNg	s1_RauLaTi4eVgYHSp2TV9pqs9uzTVv0B10g9TaHMWpcZ4	1unPZD	qadv-arbiter-7x7-rust-lambda-v0.1.0	-	qadv-arbiter-7x7-rust-lambda-v0.1.0	-	L	P	-
g1_3flEAL-lc5u2fvH6m8jdmlUtEeYq56AzhoVQnDZnnNg	s1_SXXYd_UFZ_VSvD11o6eV8oq6E36X5-vdBy0KSswXBmg	1unPZD	qadv-arbiter-7x7-rust-lambda-v0.1.0	-	qadv-arbiter-7x7-rust-lambda-v0.1.0	-	L	P	196
g1_3flEAL-lc5u2fvH6m8jdmlUtEeYq56AzhoVQnDZnnNg	s1_pLmRiAvcgjj3jSC-SoIMclmuh507Rc2YUFT6vgrQX2w	1unPZD	qadv-arbiter-7x7-rust-lambda-v0.1.0	-	qadv-arbiter-7x7-rust-lambda-v0.1.0	-	L	P	196
g1_3fw283scLOiQF7kl-XaWS8J60B0b9aBKYJ2RCgZ7YHM	s1_1wpEpQqsZ3HbVcbg7xPsJ7CFZ3jMtP0AhTdv-bgiMRM	1unLuv	qadv-arbiter-7x7-rust-lambda-v0.1.0	-	qadv-arbiter-7x7-rust-lambda-v0.1.0	-	D	P	196
g1_3fw283scLOiQF7kl-XaWS8J60B0b9aBKYJ2RCgZ7YHM	s1_Di8JDOJ_1U3UblETWAvDz7jZ8Ex4NaSrro67oD4TQUA	1unLuv	qadv-arbiter-7x7-rust-lambda-v0.1.0	-	qadv-arbiter-7x7-rust-lambda-v0.1.0	-	D	P	196
g1_3fw283scLOiQF7kl-XaWS8J60B0b9aBKYJ2RCgZ7YHM	s1_M3TQlUx9z8YOiWKn0WZEJY21uWWVU9YLfgMWmLgbURs	1unLuv	qadv-arbiter-7x7-rust-lambda-v0.1.0	-	qadv-arbiter-7x7-rust-lambda-v0.1.0	-	D	P	196
g1_3fw283scLOiQF7kl-XaWS8J60B0b9aBKYJ2RCgZ7YHM	s1_RauLaTi4eVgYHSp2TV9pqs9uzTVv0B10g9TaHMWpcZ4	1unLuv	qadv-arbiter-7x7-rust-lambda-v0.1.0	-	qadv-arbiter-7x7-rust-lambda-v0.1.0	-	D	P	-
g1_3fw65knd8spvan_u3034COPuR6zh4lTRxdumx-SpV4w	s1_9HRmlGo8Fe6MqJvPPDdE-4pgWsftbC3_K4V8tXP2JvQ	1unPN-	qadv-arbiter-7x7-rust-lambda-v0.1.0	-	qadv-arbiter-7x7-rust-lambda-v0.1.0	-	L	P	196
g1_3fw65knd8spvan_u3034COPuR6zh4lTRxdumx-SpV4w	s1_RauLaTi4eVgYHSp2TV9pqs9uzTVv0B10g9TaHMWpcZ4	1unPN-	qadv-arbiter-7x7-rust-lambda-v0.1.0	-	qadv-arbiter-7x7-rust-lambda-v0.1.0	-	L	P	-
g1_3fw65knd8spvan_u3034COPuR6zh4lTRxdumx-SpV4w	s1_RnKFFgriPKK-k3_DxhdmgsZkmVIF5kozlvIIPzZw2hM	1unPN-	qadv-arbiter-7x7-rust-lambda-v0.1.0	-	qadv-arbiter-7x7-rust-lambda-v0.1.0	-	L	P	196
g1_3fw65knd8spvan_u3034COPuR6zh4lTRxdumx-SpV4w	s1__NFYrdd7TfDIYRnAFczPHjRRFpFjSJB8W3XwSUClB40	1unPN-	qadv-arbiter-7x7-rust-lambda-v0.1.0	-	qadv-arbiter-7x7-rust-lambda-v0.1.0	-	L	P	196
g1_3fxGaG002gidAezsRcDyLhpnOLm8yfTVAcWAIfSS3Ss	s1_Q2StTWp4MVghv4bl6LFo3LK6UlOq51jqXcV6WSugZj4	1unMbg	qadv-arbiter-7x7-rust-lambda-v0.1.0	-	qadv-arbiter-7x7-rust-lambda-v0.1.0	-	D	P	196
g1_3fxGaG002gidAezsRcDyLhpnOLm8yfTVAcWAIfSS3Ss	s1_RauLaTi4eVgYHSp2TV9pqs9uzTVv0B10g9TaHMWpcZ4	1unMbg	qadv-arbiter-7x7-rust-lambda-v0.1.0	-	qadv-arbiter-7x7-rust-lambda-v0.1.0	-	D	P	-
g1_3fxGaG002gidAezsRcDyLhpnOLm8yfTVAcWAIfSS3Ss	s1__UVtHe1XQDI-ZGlhj4bsYn9OWhRMvhAonhjvqQm5CJc	1unMbg	qadv-arbiter-7x7-rust-lambda-v0.1.0	-	qadv-arbiter-7x7-rust-lambda-v0.1.0	-	D	P	196
g1_3fxGaG002gidAezsRcDyLhpnOLm8yfTVAcWAIfSS3Ss	s1_gdaRUqHg5xSQsdGAJhjfYh6H5WC-n-1NyZ-WpIXB_LE	1unMbg	qadv-arbiter-7x7-rust-lambda-v0.1.0	-	qadv-arbiter-7x7-rust-lambda-v0.1.0	-	D	P	196
g1_3g2omeQJSzj9AWN9dKoVe1ZRZ59JKG0IdfGa-j5GWdY	s1__fmnSv6OnZklVvMPUjPdL6drtvfrJptRYX3nxZQO8jI	1umxtu	python-gnn-puct-scout-v0.1.0	sha256:b9f80706cc1f29076ee06fe06483697c749148a808c599579045d00a52573938	python-gnn-puct-scout-v0.1.0	sha256:b9f80706cc1f29076ee06fe06483697c749148a808c599579045d00a52573938	D	P	196
g1_3g8Q3YmIZUOaa6OWOwBfDgJuabGxRY8dR2XnDFRHdSY	s1_O3cuwuia8XT9TI7Nxr3tRcajOA20XFHEIT2fYX3WizY	1un67-	qadv-arbiter-guided-7x7-v0.2.0	sha256:9c0e5e530df7db77a98f6a2e75fe63a6f629c6ad6563e0b5454793ebc243b14d	gnn-reval30k-7x7	sha256:7f41dbe135649d1116a0914bc0358a5ffae95749195ec20dd972035bbbea52f7	L	P	196
g1_3g8Q3YmIZUOaa6OWOwBfDgJuabGxRY8dR2XnDFRHdSY	s1_kxcCOPI6kb3Yfxj3JAw9tOeotFWkcd3kTNwqviSbgzw	1un67-	qadv-arbiter-guided-7x7-v0.2.0	sha256:9c0e5e530df7db77a98f6a2e75fe63a6f629c6ad6563e0b5454793ebc243b14d	gnn-reval30k-7x7	sha256:7f41dbe135649d1116a0914bc0358a5ffae95749195ec20dd972035bbbea52f7	L	P	196
g1_3g8Q3YmIZUOaa6OWOwBfDgJuabGxRY8dR2XnDFRHdSY	s1_nUa3ws3Gs99-zHf-hPvDSLVlIEJGXiOY79LgG2mno4c	1un67-	qadv-arbiter-guided-7x7-v0.2.0	sha256:9c0e5e530df7db77a98f6a2e75fe63a6f629c6ad6563e0b5454793ebc243b14d	gnn-reval30k-7x7	sha256:7f41dbe135649d1116a0914bc0358a5ffae95749195ec20dd972035bbbea52f7	L	P	196
g1_3gElG4Nfq1z9BcHjC2GLkb6sNiDXvxaPSh2Ilssxsws	s1_BBu9OehsEHC0iphmDrA6thO5isWgMojb0ouBXfdDEHo	1unPx3	qadv-arbiter-7x7-rust-lambda-v0.1.0	-	qadv-arbiter-7x7-rust-lambda-v0.1.0	-	D	P	196
g1_3gElG4Nfq1z9BcHjC2GLkb6sNiDXvxaPSh2Ilssxsws	s1_RauLaTi4eVgYHSp2TV9pqs9uzTVv0B10g9TaHMWpcZ4	1unPx3	qadv-arbiter-7x7-rust-lambda-v0.1.0	-	qadv-arbiter-7x7-rust-lambda-v0.1.0	-	D	P	-
g1_3gElG4Nfq1z9BcHjC2GLkb6sNiDXvxaPSh2Ilssxsws	s1_d6KV6TeGeID4fWUhMxBFpih1ko0Ev46T5JSuqnhrRxw	1unPx3	qadv-arbiter-7x7-rust-lambda-v0.1.0	-	qadv-arbiter-7x7-rust-lambda-v0.1.0	-	D	P	196
g1_3gElG4Nfq1z9BcHjC2GLkb6sNiDXvxaPSh2Ilssxsws	s1_g6Krb-4RuHA21z0506rL4kZhPcgPmFOhMY5hHIP8j3s	1unPx3	qadv-arbiter-7x7-rust-lambda-v0.1.0	-	qadv-arbiter-7x7-rust-lambda-v0.1.0	-	D	P	196
g1_3gIKCxQbLoz69WNTz_sRhtONln4ttK9vFqBzdeAkczM	s1_zUY5khepfp3cZvanaO8G0weK4iXcIrwgiKc07FrJ3Pk	1umwuz	rust-pathfinder-v0.3.0	-	rust-pathfinder-v0.1.0	-	L	P	120
g1_3gJODOF4QMBH6mvMNNfXJUpk-PCmq3GV_cRs4iQu3pI	s1_RauLaTi4eVgYHSp2TV9pqs9uzTVv0B10g9TaHMWpcZ4	1unOgj	qadv-arbiter-7x7-rust-lambda-v0.1.0	-	qadv-arbiter-7x7-rust-lambda-v0.1.0	-	D	P	-
g1_3gJODOF4QMBH6mvMNNfXJUpk-PCmq3GV_cRs4iQu3pI	s1__ENxGkX1Vkn8auSQduOfu5JVXxgHhUiMrBjnzXEAz6o	1unOgj	qadv-arbiter-7x7-rust-lambda-v0.1.0	-	qadv-arbiter-7x7-rust-lambda-v0.1.0	-	D	P	196
g1_3gJODOF4QMBH6mvMNNfXJUpk-PCmq3GV_cRs4iQu3pI	s1__Z-5Ctg68Pkk7_wjHTE341XbhK-bMoliFT5HxYEAUQ8	1unOgj	qadv-arbiter-7x7-rust-lambda-v0.1.0	-	qadv-arbiter-7x7-rust-lambda-v0.1.0	-	D	P	196
g1_3gJODOF4QMBH6mvMNNfXJUpk-PCmq3GV_cRs4iQu3pI	s1_t9deul1ijSFBphwDNIaq6Mq4U-TGnDD2cA0nziojjQc	1unOgj	qadv-arbiter-7x7-rust-lambda-v0.1.0	-	qadv-arbiter-7x7-rust-lambda-v0.1.0	-	D	P	196
g1_3g_IGwqAwVO-RXCcfdXL9_5uEBrYo4ACpAyoXQYDUA0	s1_mP-hyPVK5uHWDYOjE50F0XDTtz2O08VLMnC5SCGLmS0	1umvxn	qadv-arbiter-7x7-v0.1.0	sha256:20c0fcc80c997c58140aa89e7f21a6675bb58c93a0baa9edb120e3fef6c91223	qadv-arbiter-7x7-v0.1.0	sha256:20c0fcc80c997c58140aa89e7f21a6675bb58c93a0baa9edb120e3fef6c91223	L	P	196
g1_3ga7-ZYPC7MxUXXx_zgvwbd_xrMpCdQIFQMtaohrRNA	s1_6PxtazPxkizz7K9QTWPSCIopEV5n0zpHoq3F52yO_6U	1umwqC	python-cnn-puct-v0.1.0	sha256:7845e9b7687beee165dc36b8d21833b7a8b5a83e31b58b49bd05c277ba26e642	python-cnn-puct-v0.1.0	sha256:7845e9b7687beee165dc36b8d21833b7a8b5a83e31b58b49bd05c277ba26e642	D	P	196
g1_3ga7-ZYPC7MxUXXx_zgvwbd_xrMpCdQIFQMtaohrRNA	s1_baRgKA_wMXdl0r4AwdkUfhWC04qxd1MvEGXAQaDd4fo	1umwqC	python-cnn-puct-v0.1.0	sha256:7845e9b7687beee165dc36b8d21833b7a8b5a83e31b58b49bd05c277ba26e642	python-cnn-puct-v0.1.0	sha256:7845e9b7687beee165dc36b8d21833b7a8b5a83e31b58b49bd05c277ba26e642	D	P	196
g1_3gbdsfA1EhcLARQFpzNRlgntnv9dXewfEZy8CsSMkgU	s1_GzqmSg9b7YKQdCPj1BTPfs4953g9HffkeuIhZPhqZew	1unMA2	qadv-arbiter-7x7-rust-lambda-v0.1.0	-	qadv-arbiter-7x7-rust-lambda-v0.1.0	-	L	P	196
g1_3gbdsfA1EhcLARQFpzNRlgntnv9dXewfEZy8CsSMkgU	s1_RauLaTi4eVgYHSp2TV9pqs9uzTVv0B10g9TaHMWpcZ4	1unMA2	qadv-arbiter-7x7-rust-lambda-v0.1.0	-	qadv-arbiter-7x7-rust-lambda-v0.1.0	-	L	P	-
g1_3gbdsfA1EhcLARQFpzNRlgntnv9dXewfEZy8CsSMkgU	s1_oswyiwb_86nI5wX8Q2lx6y0n1O1vjWUbP0BGWIulf_Q	1unMA2	qadv-arbiter-7x7-rust-lambda-v0.1.0	-	qadv-arbiter-7x7-rust-lambda-v0.1.0	-	L	P	196
g1_3gbdsfA1EhcLARQFpzNRlgntnv9dXewfEZy8CsSMkgU	s1_xVBB7zjaABZ2cWtjLLqrFuzBAMFLpdzzHKgItzuxhS4	1unMA2	qadv-arbiter-7x7-rust-lambda-v0.1.0	-	qadv-arbiter-7x7-rust-lambda-v0.1.0	-	L	P	196
g1_3gdPh7oMBxzXfKcvVFWfQiut1XiHy3f4N5xDySWm7DE	s1_qtlitMa-GGx-0y2heoyNRonYXf1Dq5epTexnVe9Iqtw	1umxYd	python-gnn-puct-learner-v0.1.0	sha256:ab0f739cd33d66781faf60e27797c5ccba3c04ba684f8d9e32e9c2754f4e8956	python-gnn-puct-learner-v0.1.0	sha256:ab0f739cd33d66781faf60e27797c5ccba3c04ba684f8d9e32e9c2754f4e8956	L	P	196
g1_3gmnANfaxEn7-GFrefFmGXWb5w_G7ri0xAOcuqAGSIs	s1_7D4N7D1CrcQ3azbJbe7uNh-jcWkAproR2ctNsCbs4J0	1unMD_	qadv-arbiter-7x7-rust-lambda-v0.1.0	-	qadv-arbiter-7x7-rust-lambda-v0.1.0	-	D	P	196
g1_3gmnANfaxEn7-GFrefFmGXWb5w_G7ri0xAOcuqAGSIs	s1_EIzgpSUquug0-nXX2mKJrP3avtJ6jdYvYdApBhLIMxo	1unMD_	qadv-arbiter-7x7-rust-lambda-v0.1.0	-	qadv-arbiter-7x7-rust-lambda-v0.1.0	-	D	P	196
g1_3gmnANfaxEn7-GFrefFmGXWb5w_G7ri0xAOcuqAGSIs	s1_RauLaTi4eVgYHSp2TV9pqs9uzTVv0B10g9TaHMWpcZ4	1unMD_	qadv-arbiter-7x7-rust-lambda-v0.1.0	-	qadv-arbiter-7x7-rust-lambda-v0.1.0	-	D	P	-
g1_3gmnANfaxEn7-GFrefFmGXWb5w_G7ri0xAOcuqAGSIs	s1_Xzu14pl1plfSPB5fvl7Iybcl312Vt8xEHCvMwP3kJ0Y	1unMD_	qadv-arbiter-7x7-rust-lambda-v0.1.0	-	qadv-arbiter-7x7-rust-lambda-v0.1.0	-	D	P	196
g1_3gok9EsC7qNJw7znGCbMur_OfI4y0sSMDiMU2_1VOX0	s1_0UXFlnDXG5Dssm3KwwDRThas6fbUjBhMKqXeOpXliYA	1unNcs	qadv-arbiter-7x7-rust-lambda-v0.1.0	-	qadv-arbiter-7x7-rust-lambda-v0.1.0	-	L	P	196
g1_3gok9EsC7qNJw7znGCbMur_OfI4y0sSMDiMU2_1VOX0	s1_PgzOZmqXBaWr6rrVkvP5oUMs9KVISPVqH6kKOsVOvLs	1unNcs	qadv-arbiter-7x7-rust-lambda-v0.1.0	-	qadv-arbiter-7x7-rust-lambda-v0.1.0	-	L	P	196
g1_3gok9EsC7qNJw7znGCbMur_OfI4y0sSMDiMU2_1VOX0	s1_RauLaTi4eVgYHSp2TV9pqs9uzTVv0B10g9TaHMWpcZ4	1unNcs	qadv-arbiter-7x7-rust-lambda-v0.1.0	-	qadv-arbiter-7x7-rust-lambda-v0.1.0	-	L	P	-
g1_3gok9EsC7qNJw7znGCbMur_OfI4y0sSMDiMU2_1VOX0	s1_cNtMR0jgbrje-YQTRhgS4hkPfRmSC4lhPzsh7yAZp7E	1unNcs	qadv-arbiter-7x7-rust-lambda-v0.1.0	-	qadv-arbiter-7x7-rust-lambda-v0.1.0	-	L	P	196
g1_3gokbE3Q6rr2FpouStB3ltTwi3fhEH-GzwqiKftlsew	s1_1av6nXQkq-GSHXfjkVlGHGpAq8F9UbW4JwZmyFA-vww	1umvQc	lunatic-v0.1.0	-	gnn-warmstart-7x7	sha256:e000d50619c0241c30efdd1f5adb7a8b738c66859d33c3443c52a20f56fcc13a	L	P	196
g1_3gokbE3Q6rr2FpouStB3ltTwi3fhEH-GzwqiKftlsew	s1_Brk0hkuJoH-MBjdd53AO5tlWcOgDWV_R0PO74fHGd_0	1umvQc	lunatic-v0.1.0	-	gnn-warmstart-7x7	sha256:e000d50619c0241c30efdd1f5adb7a8b738c66859d33c3443c52a20f56fcc13a	L	P	196
g1_3gokbE3Q6rr2FpouStB3ltTwi3fhEH-GzwqiKftlsew	s1_QzXKB60HvV5g6-cJIu-NdpeFb1rCgFAJD1cxfdkoMm0	1umvQc	lunatic-v0.1.0	-	gnn-warmstart-7x7	sha256:e000d50619c0241c30efdd1f5adb7a8b738c66859d33c3443c52a20f56fcc13a	L	P	196
g1_3h-ksab2Eak7lQFvCsif5UnqwKxZFyRe0G3WPALbk1w	s1_flXyOBW6T9LLVDFIvXBGel1MoVNZcUcMFIJnB9yLapU	1umx3K	python-gnn-puct-reval30k-v0.1.0	sha256:6120be86fc469df71473c3de64e5e32f99694cd47d621fa5948f243dc51d3d21	python-gnn-puct-reval30k-v0.1.0	sha256:6120be86fc469df71473c3de64e5e32f99694cd47d621fa5948f243dc51d3d21	D	P	196
g1_3hIdHbX33Zh82H6U7er6_-8Lafgn71mmP_vX1D021Kw	s1__fmnSv6OnZklVvMPUjPdL6drtvfrJptRYX3nxZQO8jI	1umxqT	python-gnn-puct-scout-v0.1.0	sha256:b9f80706cc1f29076ee06fe06483697c749148a808c599579045d00a52573938	python-gnn-puct-scout-v0.1.0	sha256:b9f80706cc1f29076ee06fe06483697c749148a808c599579045d00a52573938	D	P	196
g1_3hMsfE37S1Z-866xzgy57sH9ijntr2u7H6iYeWZ5bCY	s1_29Yiq20JRxGhz053ubKaTEs10CehEs4a1v-Tg7Q1llk	1unMHV	qadv-arbiter-7x7-rust-lambda-v0.1.0	-	qadv-arbiter-7x7-rust-lambda-v0.1.0	-	L	P	196
g1_3hMsfE37S1Z-866xzgy57sH9ijntr2u7H6iYeWZ5bCY	s1_9x2b-z6qFVKRFFCiT23PBBFwhxM_mOQ7HJqCVi7P-4Q	1unMHV	qadv-arbiter-7x7-rust-lambda-v0.1.0	-	qadv-arbiter-7x7-rust-lambda-v0.1.0	-	L	P	196
g1_3hMsfE37S1Z-866xzgy57sH9ijntr2u7H6iYeWZ5bCY	s1_RauLaTi4eVgYHSp2TV9pqs9uzTVv0B10g9TaHMWpcZ4	1unMHV	qadv-arbiter-7x7-rust-lambda-v0.1.0	-	qadv-arbiter-7x7-rust-lambda-v0.1.0	-	L	P	-
g1_3hMsfE37S1Z-866xzgy57sH9ijntr2u7H6iYeWZ5bCY	s1_uHeGqBjJiGz5y49A_ctEDd2uMFx3NfoVohJwEmdnisU	1unMHV	qadv-arbiter-7x7-rust-lambda-v0.1.0	-	qadv-arbiter-7x7-rust-lambda-v0.1.0	-	L	P	196
g1_3hgKMb61mBnvbA8dfUjbL-aBQGWDaDSrXPsBICAk4v8	s1_7FIu85-v_e-kbNsQ2UNk3yRt-KGcLyUjpmVwIc9cnfM	1umwLt	python-gnn-puct-scout-v0.1.0	sha256:b9f80706cc1f29076ee06fe06483697c749148a808c599579045d00a52573938	python-gnn-puct-scout-v0.1.0	sha256:b9f80706cc1f29076ee06fe06483697c749148a808c599579045d00a52573938	L	P	196
g1_3hgKMb61mBnvbA8dfUjbL-aBQGWDaDSrXPsBICAk4v8	s1_S8AGNBNcWBvWiwIo-AOAHPoHuZo2XvcsYvhgQxGTkrY	1umwLt	python-gnn-puct-scout-v0.1.0	sha256:b9f80706cc1f29076ee06fe06483697c749148a808c599579045d00a52573938	python-gnn-puct-scout-v0.1.0	sha256:b9f80706cc1f29076ee06fe06483697c749148a808c599579045d00a52573938	L	P	196
g1_3hjpm7_WKGKlwgcYr-ocEebZRnAP3vbLOGU4EXth2eQ	s1_Qmoz3nLvbLcY_1rcqMtpMJDvTQydhL5cxUNWV6EhpMY	1umwpR	qadv-arbiter-7x7-v0.1.0	sha256:8c548d06307572603b839755cc1e50393285365e10f82bcd90290ca65cd86266	qadv-arbiter-7x7-v0.1.0	sha256:8c548d06307572603b839755cc1e50393285365e10f82bcd90290ca65cd86266	D	P	196
g1_3hyfP0f-UCfyhoryVJQKPdm71eLZ-XZ4srJRI0TpRE4	s1_RauLaTi4eVgYHSp2TV9pqs9uzTVv0B10g9TaHMWpcZ4	1unMTY	qadv-arbiter-7x7-rust-lambda-v0.1.0	-	qadv-arbiter-7x7-rust-lambda-v0.1.0	-	L	P	-
g1_3hyfP0f-UCfyhoryVJQKPdm71eLZ-XZ4srJRI0TpRE4	s1_gAsGbsfVIVGWBJUve0Q5XFTh_iLhsDMNCYqORoCjvSQ	1unMTY	qadv-arbiter-7x7-rust-lambda-v0.1.0	-	qadv-arbiter-7x7-rust-lambda-v0.1.0	-	L	P	196
g1_3hyfP0f-UCfyhoryVJQKPdm71eLZ-XZ4srJRI0TpRE4	s1_iVXki8CgGe_pS-e-3zbCWWDhLboCn-FkjwxV9_joZSA	1unMTY	qadv-arbiter-7x7-rust-lambda-v0.1.0	-	qadv-arbiter-7x7-rust-lambda-v0.1.0	-	L	P	196
g1_3hyfP0f-UCfyhoryVJQKPdm71eLZ-XZ4srJRI0TpRE4	s1_vWrKRMtqaFqBoNyGI_XRcSN8oleE8ED8D1_pfvV1i_o	1unMTY	qadv-arbiter-7x7-rust-lambda-v0.1.0	-	qadv-arbiter-7x7-rust-lambda-v0.1.0	-	L	P	196
g1_3iDLEnduRy_GRwEIq9pRguHg7mqPU-3IKwshTiC7Ni4	s1__fmnSv6OnZklVvMPUjPdL6drtvfrJptRYX3nxZQO8jI	1umxzv	python-gnn-puct-scout-v0.1.0	sha256:b9f80706cc1f29076ee06fe06483697c749148a808c599579045d00a52573938	python-gnn-puct-scout-v0.1.0	sha256:b9f80706cc1f29076ee06fe06483697c749148a808c599579045d00a52573938	L	P	196
g1_3iHUWq342IIid0Gep0sbaXr6llB9FEYrk4NwwmAyS8k	s1_1av6nXQkq-GSHXfjkVlGHGpAq8F9UbW4JwZmyFA-vww	1umv7Q	python-gnn-puct-scout-v0.1.0	sha256:b9f80706cc1f29076ee06fe06483697c749148a808c599579045d00a52573938	python-gnn-puct-scout-v0.1.0	sha256:b9f80706cc1f29076ee06fe06483697c749148a808c599579045d00a52573938	-	M	196
g1_3iHUWq342IIid0Gep0sbaXr6llB9FEYrk4NwwmAyS8k	s1_D_X-fTFZy6xuyGSC5jFyKBW6IP_59Jbomefazf4xu44	1umv7Q	python-gnn-puct-scout-v0.1.0	sha256:b9f80706cc1f29076ee06fe06483697c749148a808c599579045d00a52573938	python-gnn-puct-scout-v0.1.0	sha256:b9f80706cc1f29076ee06fe06483697c749148a808c599579045d00a52573938	-	M	196
g1_3iHUWq342IIid0Gep0sbaXr6llB9FEYrk4NwwmAyS8k	s1_mWPTef6xYbijjPhDIC6QgLRmu2mMSJAokNlIkx3vg54	1umv7Q	python-gnn-puct-scout-v0.1.0	sha256:b9f80706cc1f29076ee06fe06483697c749148a808c599579045d00a52573938	python-gnn-puct-scout-v0.1.0	sha256:b9f80706cc1f29076ee06fe06483697c749148a808c599579045d00a52573938	-	M	196
g1_3iXeLZC6q7HPTamPbClJUpdebY8Xk4bhMy_uhpFNyYw	s1_J9EF5676IM_wxOc02zG45LXeEd3FeuUD_sb4PARt5Zg	1un3wn	pathfinder-v0.3.0	-	qadv-arbiter-guided-7x7-v0.2.0	sha256:9c0e5e530df7db77a98f6a2e75fe63a6f629c6ad6563e0b5454793ebc243b14d	D	P	196
g1_3iXeLZC6q7HPTamPbClJUpdebY8Xk4bhMy_uhpFNyYw	s1_O3cuwuia8XT9TI7Nxr3tRcajOA20XFHEIT2fYX3WizY	1un3wn	pathfinder-v0.3.0	-	qadv-arbiter-guided-7x7-v0.2.0	sha256:9c0e5e530df7db77a98f6a2e75fe63a6f629c6ad6563e0b5454793ebc243b14d	D	P	196
g1_3iXeLZC6q7HPTamPbClJUpdebY8Xk4bhMy_uhpFNyYw	s1_mGJiiaFLrnaho5pkitxmswxQuh0g01-XdSdvqDg3GqE	1un3wn	pathfinder-v0.3.0	-	qadv-arbiter-guided-7x7-v0.2.0	sha256:9c0e5e530df7db77a98f6a2e75fe63a6f629c6ad6563e0b5454793ebc243b14d	D	P	196
g1_3iXeLZC6q7HPTamPbClJUpdebY8Xk4bhMy_uhpFNyYw	s1_vBzftZG0Bl9ZcDVZ1IICh3h95fLn4RxcOPWDBv8bIBo	1un3wn	pathfinder-v0.3.0	-	qadv-arbiter-guided-7x7-v0.2.0	sha256:9c0e5e530df7db77a98f6a2e75fe63a6f629c6ad6563e0b5454793ebc243b14d	D	P	196
g1_3ixmHAePjEM4byDnjnzl8iwmriqQvp3mHHHr8nk_xWo	s1_Qmoz3nLvbLcY_1rcqMtpMJDvTQydhL5cxUNWV6EhpMY	1umwnc	qadv-arbiter-7x7-v0.1.0	sha256:8c548d06307572603b839755cc1e50393285365e10f82bcd90290ca65cd86266	qadv-arbiter-7x7-v0.1.0	sha256:8c548d06307572603b839755cc1e50393285365e10f82bcd90290ca65cd86266	L	P	196
g1_3j8r0g_HwO1Cmwj1L7Yi__Yu2lonwomF-se92Bqtnss	s1_OYiw6QaqhVHiVZ45OEdCrJE6TDCi7sbrExvWydqE6v4	1unMXY	qadv-arbiter-7x7-rust-lambda-v0.1.0	-	qadv-arbiter-7x7-rust-lambda-v0.1.0	-	L	P	196
g1_3j8r0g_HwO1Cmwj1L7Yi__Yu2lonwomF-se92Bqtnss	s1_RauLaTi4eVgYHSp2TV9pqs9uzTVv0B10g9TaHMWpcZ4	1unMXY	qadv-arbiter-7x7-rust-lambda-v0.1.0	-	qadv-arbiter-7x7-rust-lambda-v0.1.0	-	L	P	-
g1_3j8r0g_HwO1Cmwj1L7Yi__Yu2lonwomF-se92Bqtnss	s1_UgL8_C_yHVvyII5Cynj0Zm9PsyvXz4d6VlIdXPlSr6s	1unMXY	qadv-arbiter-7x7-rust-lambda-v0.1.0	-	qadv-arbiter-7x7-rust-lambda-v0.1.0	-	L	P	196
g1_3j8r0g_HwO1Cmwj1L7Yi__Yu2lonwomF-se92Bqtnss	s1_vd-ZaUMyxK60jsLrm6ZRc8hcRNfX0WT25SXmY8sjC9c	1unMXY	qadv-arbiter-7x7-rust-lambda-v0.1.0	-	qadv-arbiter-7x7-rust-lambda-v0.1.0	-	L	P	196
g1_3jOv6gIXIU3YZ5qxdHAMWCs2nBwlW74dmKbnRtFUSKA	s1_WpYQrS3Y5EBPp4KoxQeXdmkSNGGu7uzGmTP-APlIkYU	1umwQi	rust-pathfinder-onnx-sorter-v0.1.0	-	rust-pathfinder-v0.3.0	-	D	P	120
g1_3jW-MOQzxiW56jwjfuEEI0blvTs3uAlYqPfbg7sMjVA	s1_2FtaP75xgRVTNrUvmC0NIesJCNy8IDFJ05WNM4nUnpg	1unQg9	pathfinder-v0.3.0	-	qadv-arbiter-7x7-v0.1.0	-	L	P	196
g1_3jW-MOQzxiW56jwjfuEEI0blvTs3uAlYqPfbg7sMjVA	s1_RauLaTi4eVgYHSp2TV9pqs9uzTVv0B10g9TaHMWpcZ4	1unQg9	pathfinder-v0.3.0	-	qadv-arbiter-7x7-v0.1.0	-	L	P	-
g1_3jW-MOQzxiW56jwjfuEEI0blvTs3uAlYqPfbg7sMjVA	s1_aZfPBIxgJ5uYN7e0_FDKRHW6TqkrhOWX8tT7d1b945k	1unQg9	pathfinder-v0.3.0	-	qadv-arbiter-7x7-v0.1.0	-	L	P	196
g1_3jW-MOQzxiW56jwjfuEEI0blvTs3uAlYqPfbg7sMjVA	s1_nIZdGTkWQeiTPMGnHQD1K2l7231X_isSqR-vslVh4lQ	1unQg9	pathfinder-v0.3.0	-	qadv-arbiter-7x7-v0.1.0	-	L	P	196
g1_3jWaYgYGrLEnaQqYqmobsz8fGlTml21gOvafur_48Jk	s1_1av6nXQkq-GSHXfjkVlGHGpAq8F9UbW4JwZmyFA-vww	1DIe1	lunatic-v0.1.0	-	rust-pathfinder-v0.1.0	-	D	P	-
g1_3jWaYgYGrLEnaQqYqmobsz8fGlTml21gOvafur_48Jk	s1_9Eroywf7tuDrn-hcfZPjlEa1DSRUykCRn9Z11u8ySIo	1DIe1	lunatic-v0.1.0	-	rust-pathfinder-v0.1.0	-	D	P	-
g1_3jWaYgYGrLEnaQqYqmobsz8fGlTml21gOvafur_48Jk	s1_Brk0hkuJoH-MBjdd53AO5tlWcOgDWV_R0PO74fHGd_0	1DIe1	lunatic-v0.1.0	-	rust-pathfinder-v0.1.0	-	D	P	-
g1_3jWaYgYGrLEnaQqYqmobsz8fGlTml21gOvafur_48Jk	s1_KmF8KhDbubz6lwdS8R_n_yTGdSONmH9B1wUABbyCj94	1DIe1	lunatic-v0.1.0	-	rust-pathfinder-v0.1.0	-	D	P	-
g1_3jWaYgYGrLEnaQqYqmobsz8fGlTml21gOvafur_48Jk	s1_MKrI0a3Qd48rU7oZj28GrlQ3cHhIbUzS5ibiIW9aKy4	1DIe1	lunatic-v0.1.0	-	rust-pathfinder-v0.1.0	-	D	P	-
g1_3jWaYgYGrLEnaQqYqmobsz8fGlTml21gOvafur_48Jk	s1_XloMUS0hxYEXf762lcPfaudsLmsH-CsOVZNVVU_obcA	1DIe1	lunatic-v0.1.0	-	rust-pathfinder-v0.1.0	-	D	P	-
g1_3jWaYgYGrLEnaQqYqmobsz8fGlTml21gOvafur_48Jk	s1_g5pGkHBMEhzAYvwFY0b24sSc7wC9JfnWApMHHZ_aMPI	1DIe1	lunatic-v0.1.0	-	rust-pathfinder-v0.1.0	-	D	P	-
g1_3jn21KiTZyXHgj9CegFL7AoiH25RcEthmN_6i2JEbwI	s1_qtlitMa-GGx-0y2heoyNRonYXf1Dq5epTexnVe9Iqtw	1umxfF	python-gnn-puct-learner-v0.1.0	sha256:ab0f739cd33d66781faf60e27797c5ccba3c04ba684f8d9e32e9c2754f4e8956	python-gnn-puct-learner-v0.1.0	sha256:ab0f739cd33d66781faf60e27797c5ccba3c04ba684f8d9e32e9c2754f4e8956	D	P	196
g1_3k-POqz_RSdpR3iguS4BSEsbJsBOBhlQ1UF6Xn_Y-d0	s1_7AxaHQ1NgCc5FKAyZRjIpB8aajl7z2Enksy1RUr8TBY	1unOPg	qadv-arbiter-7x7-rust-lambda-v0.1.0	-	qadv-arbiter-7x7-rust-lambda-v0.1.0	-	D	P	196
g1_3k-POqz_RSdpR3iguS4BSEsbJsBOBhlQ1UF6Xn_Y-d0	s1_IrjHtUfW7ZySvmI3HxqUaTEKfUOpzwrdMMhISp4ZjhQ	1unOPg	qadv-arbiter-7x7-rust-lambda-v0.1.0	-	qadv-arbiter-7x7-rust-lambda-v0.1.0	-	D	P	196
g1_3k-POqz_RSdpR3iguS4BSEsbJsBOBhlQ1UF6Xn_Y-d0	s1_RauLaTi4eVgYHSp2TV9pqs9uzTVv0B10g9TaHMWpcZ4	1unOPg	qadv-arbiter-7x7-rust-lambda-v0.1.0	-	qadv-arbiter-7x7-rust-lambda-v0.1.0	-	D	P	-
g1_3k-POqz_RSdpR3iguS4BSEsbJsBOBhlQ1UF6Xn_Y-d0	s1_VMP1vNt69EnX1AGE0g7l8SNvDEL3D7OD76i2OHe9zoE	1unOPg	qadv-arbiter-7x7-rust-lambda-v0.1.0	-	qadv-arbiter-7x7-rust-lambda-v0.1.0	-	D	P	196
g1_3k2geRMqhLJtEtzxzkNlyT-USvY7cQCevJGbX3ws2P0	s1_1LB6NAgPOeCp4r8rQw4kUOIXWpEdWysFm5RZjWCQSgc	1umwYA	python-gnn-puct-learner-v0.1.0	sha256:ab0f739cd33d66781faf60e27797c5ccba3c04ba684f8d9e32e9c2754f4e8956	python-gnn-puct-learner-v0.1.0	sha256:ab0f739cd33d66781faf60e27797c5ccba3c04ba684f8d9e32e9c2754f4e8956	D	P	196
g1_3k2geRMqhLJtEtzxzkNlyT-USvY7cQCevJGbX3ws2P0	s1_P4NHYhwuVnEA-dG2X-UVeVotb84A5mwljbYTlTMqr8w	1umwYA	python-gnn-puct-learner-v0.1.0	sha256:ab0f739cd33d66781faf60e27797c5ccba3c04ba684f8d9e32e9c2754f4e8956	python-gnn-puct-learner-v0.1.0	sha256:ab0f739cd33d66781faf60e27797c5ccba3c04ba684f8d9e32e9c2754f4e8956	D	P	196
g1_3k48mip6t7lcE6cEEeD4nVFbl8YD54QgV647CX0t04k	s1_2FtaP75xgRVTNrUvmC0NIesJCNy8IDFJ05WNM4nUnpg	1unR9m	qadv-arbiter-7x7-v0.1.0	-	coin-flip-v0.0.1	-	L	P	196
g1_3k48mip6t7lcE6cEEeD4nVFbl8YD54QgV647CX0t04k	s1_QFdXHDaqFYuTWWMkt_rmeY0HEpW8_3qxmNB7Pd_L3Lw	1unR9m	qadv-arbiter-7x7-v0.1.0	-	coin-flip-v0.0.1	-	L	P	196
g1_3k48mip6t7lcE6cEEeD4nVFbl8YD54QgV647CX0t04k	s1_RauLaTi4eVgYHSp2TV9pqs9uzTVv0B10g9TaHMWpcZ4	1unR9m	qadv-arbiter-7x7-v0.1.0	-	coin-flip-v0.0.1	-	L	P	-
g1_3k48mip6t7lcE6cEEeD4nVFbl8YD54QgV647CX0t04k	s1_cWIE321eCVzaZ-tj0uw5yzLh8g8tQznqZJeQKGgB_uM	1unR9m	qadv-arbiter-7x7-v0.1.0	-	coin-flip-v0.0.1	-	L	P	196
g1_3k4tARpo_nWkbrskspccji32RoWvAmxx62-XAo8Q_XM	s1_RauLaTi4eVgYHSp2TV9pqs9uzTVv0B10g9TaHMWpcZ4	1unPZw	qadv-arbiter-7x7-rust-lambda-v0.1.0	-	qadv-arbiter-7x7-rust-lambda-v0.1.0	-	L	P	-
g1_3k4tARpo_nWkbrskspccji32RoWvAmxx62-XAo8Q_XM	s1_jyMG31lF_Aa_r0SC8AqGkhkTtvQT9gdutZNxgQIB_2M	1unPZw	qadv-arbiter-7x7-rust-lambda-v0.1.0	-	qadv-arbiter-7x7-rust-lambda-v0.1.0	-	L	P	196
g1_3k4tARpo_nWkbrskspccji32RoWvAmxx62-XAo8Q_XM	s1_sJrfsGby7JdqdfKG26qVbO5KHDF1KPb4931b4wZEu8U	1unPZw	qadv-arbiter-7x7-rust-lambda-v0.1.0	-	qadv-arbiter-7x7-rust-lambda-v0.1.0	-	L	P	196
g1_3k4tARpo_nWkbrskspccji32RoWvAmxx62-XAo8Q_XM	s1_w3K2J1FIfTCnfJBlUODif7XWp0-7_bVdZrVwo3GwC_A	1unPZw	qadv-arbiter-7x7-rust-lambda-v0.1.0	-	qadv-arbiter-7x7-rust-lambda-v0.1.0	-	L	P	196
g1_3k6FTtYwMbu5WqMuPNCE40OngnFERdXE-zZSTOEr2XA	s1_1av6nXQkq-GSHXfjkVlGHGpAq8F9UbW4JwZmyFA-vww	1umv6C	pathfinder-v0.3.0	-	surveyor-v0.2.0	-	L	P	196
g1_3k6FTtYwMbu5WqMuPNCE40OngnFERdXE-zZSTOEr2XA	s1_QzXKB60HvV5g6-cJIu-NdpeFb1rCgFAJD1cxfdkoMm0	1umv6C	pathfinder-v0.3.0	-	surveyor-v0.2.0	-	L	P	196
g1_3k6FTtYwMbu5WqMuPNCE40OngnFERdXE-zZSTOEr2XA	s1_mWPTef6xYbijjPhDIC6QgLRmu2mMSJAokNlIkx3vg54	1umv6C	pathfinder-v0.3.0	-	surveyor-v0.2.0	-	L	P	196
g1_3kFXKOmHTXORmyjKu4Cuv9MoALMdFH6H8q7EMUflg9s	s1_61SfmtZbhmymwk2ercL336t-_opn7CvCJkLJ4oMSvOk	1unOjn	qadv-arbiter-7x7-rust-lambda-v0.1.0	-	qadv-arbiter-7x7-rust-lambda-v0.1.0	-	L	P	196
g1_3kFXKOmHTXORmyjKu4Cuv9MoALMdFH6H8q7EMUflg9s	s1_7_aoNqWRJUgWX8aE-dG4ojg7wsNfzuyehv8Kfy72z1Q	1unOjn	qadv-arbiter-7x7-rust-lambda-v0.1.0	-	qadv-arbiter-7x7-rust-lambda-v0.1.0	-	L	P	196
g1_3kFXKOmHTXORmyjKu4Cuv9MoALMdFH6H8q7EMUflg9s	s1_RauLaTi4eVgYHSp2TV9pqs9uzTVv0B10g9TaHMWpcZ4	1unOjn	qadv-arbiter-7x7-rust-lambda-v0.1.0	-	qadv-arbiter-7x7-rust-lambda-v0.1.0	-	L	P	-
g1_3kFXKOmHTXORmyjKu4Cuv9MoALMdFH6H8q7EMUflg9s	s1_m4NfDY0LcwLQ76yldfYtIN2QGxs_oJfGxIlm1-17Yuw	1unOjn	qadv-arbiter-7x7-rust-lambda-v0.1.0	-	qadv-arbiter-7x7-rust-lambda-v0.1.0	-	L	P	196
g1_3kFi3iCumv57JVOSCZ5NVJ6q2fY7tWmCsE64H2QiMPI	s1_WVg7aYYLIrw6_-2mI3jQ-DPcLO4gX2sPEEqWQb0DGQA	1umxLQ	python-cnn-puct-reval30k-v0.1.0	sha256:eb2600a53e225a835455efdb2759c40e27c5cb3c16ab0688bc21b99290ed10ee	python-cnn-puct-reval30k-v0.1.0	sha256:eb2600a53e225a835455efdb2759c40e27c5cb3c16ab0688bc21b99290ed10ee	L	P	196
g1_3kKHu4qfXSI84QrsvCn6fCHxzvCJGyoTVojrCEilI-E	s1_AZuZAkaG8rI0VNP8bsw3lhCroGo13f97qgM09Rnfq1s	1unPm3	qadv-arbiter-7x7-rust-lambda-v0.1.0	-	qadv-arbiter-7x7-rust-lambda-v0.1.0	-	D	P	196
g1_3kKHu4qfXSI84QrsvCn6fCHxzvCJGyoTVojrCEilI-E	s1_RauLaTi4eVgYHSp2TV9pqs9uzTVv0B10g9TaHMWpcZ4	1unPm3	qadv-arbiter-7x7-rust-lambda-v0.1.0	-	qadv-arbiter-7x7-rust-lambda-v0.1.0	-	D	P	-
g1_3kKHu4qfXSI84QrsvCn6fCHxzvCJGyoTVojrCEilI-E	s1_SQMnm2w_RCGdQ-3vgKwfSt3_krtRTGV9xjLnM9p0hlM	1unPm3	qadv-arbiter-7x7-rust-lambda-v0.1.0	-	qadv-arbiter-7x7-rust-lambda-v0.1.0	-	D	P	196
g1_3kKHu4qfXSI84QrsvCn6fCHxzvCJGyoTVojrCEilI-E	s1_yDKBpwdDqTPSpYVXP0XmW1WBfZkZXsk88hNAzyJCnuY	1unPm3	qadv-arbiter-7x7-rust-lambda-v0.1.0	-	qadv-arbiter-7x7-rust-lambda-v0.1.0	-	D	P	196
g1_3kKM03g2b4oMIMUv4USnvObAmXJgV7mbQA9QUOi3l2Y	s1_9ndj5fwzKJ0rncsSGpMsau5WLd_yksXzNt-nfixZ7rU	1unOGU	qadv-arbiter-7x7-rust-lambda-v0.1.0	-	qadv-arbiter-7x7-rust-lambda-v0.1.0	-	L	P	196
g1_3kKM03g2b4oMIMUv4USnvObAmXJgV7mbQA9QUOi3l2Y	s1_Jo0AEz464u9GFXK0f7sN8_ihUqRJ_gVDT1ZkAdTiKSw	1unOGU	qadv-arbiter-7x7-rust-lambda-v0.1.0	-	qadv-arbiter-7x7-rust-lambda-v0.1.0	-	L	P	196
g1_3kKM03g2b4oMIMUv4USnvObAmXJgV7mbQA9QUOi3l2Y	s1_RauLaTi4eVgYHSp2TV9pqs9uzTVv0B10g9TaHMWpcZ4	1unOGU	qadv-arbiter-7x7-rust-lambda-v0.1.0	-	qadv-arbiter-7x7-rust-lambda-v0.1.0	-	L	P	-
g1_3kKM03g2b4oMIMUv4USnvObAmXJgV7mbQA9QUOi3l2Y	s1_p4z07IHsapcrgT-n4Xi7LySg3IAacbVfFxSL-leZ8VQ	1unOGU	qadv-arbiter-7x7-rust-lambda-v0.1.0	-	qadv-arbiter-7x7-rust-lambda-v0.1.0	-	L	P	196
g1_3kP_i8s_J9jBNegEAGyzNJhw5CBXwwW02Eh7jjD7zHw	s1_-OKlJXuPFfAnukwGYITjiU7XKL4OC_qt76PC0TZSPjg	1umvhW	python-cnn-puct-v0.1.0	sha256:7845e9b7687beee165dc36b8d21833b7a8b5a83e31b58b49bd05c277ba26e642	python-cnn-puct-v0.1.0	sha256:7845e9b7687beee165dc36b8d21833b7a8b5a83e31b58b49bd05c277ba26e642	-	M	196
g1_3kP_i8s_J9jBNegEAGyzNJhw5CBXwwW02Eh7jjD7zHw	s1_1av6nXQkq-GSHXfjkVlGHGpAq8F9UbW4JwZmyFA-vww	1umvhW	python-cnn-puct-v0.1.0	sha256:7845e9b7687beee165dc36b8d21833b7a8b5a83e31b58b49bd05c277ba26e642	python-cnn-puct-v0.1.0	sha256:7845e9b7687beee165dc36b8d21833b7a8b5a83e31b58b49bd05c277ba26e642	-	M	196
g1_3kP_i8s_J9jBNegEAGyzNJhw5CBXwwW02Eh7jjD7zHw	s1_Brk0hkuJoH-MBjdd53AO5tlWcOgDWV_R0PO74fHGd_0	1umvhW	python-cnn-puct-v0.1.0	sha256:7845e9b7687beee165dc36b8d21833b7a8b5a83e31b58b49bd05c277ba26e642	python-cnn-puct-v0.1.0	sha256:7845e9b7687beee165dc36b8d21833b7a8b5a83e31b58b49bd05c277ba26e642	-	M	196
g1_3kQ0UwuzEtSqdcs9CqGuh6R1CgUHF_TD-gfNOQs_PHw	s1_AS3ne8a-AkC3bpvjbjLggQwg6wWec88DwJhRSU5R18Y	1unMuz	qadv-arbiter-7x7-rust-lambda-v0.1.0	-	qadv-arbiter-7x7-rust-lambda-v0.1.0	-	L	P	196
g1_3kQ0UwuzEtSqdcs9CqGuh6R1CgUHF_TD-gfNOQs_PHw	s1_RauLaTi4eVgYHSp2TV9pqs9uzTVv0B10g9TaHMWpcZ4	1unMuz	qadv-arbiter-7x7-rust-lambda-v0.1.0	-	qadv-arbiter-7x7-rust-lambda-v0.1.0	-	L	P	-
g1_3kQ0UwuzEtSqdcs9CqGuh6R1CgUHF_TD-gfNOQs_PHw	s1_ThUqUtW3GG_VTh9VXLJpxl4T7KU0WGwuxL_-L3fnGjA	1unMuz	qadv-arbiter-7x7-rust-lambda-v0.1.0	-	qadv-arbiter-7x7-rust-lambda-v0.1.0	-	L	P	196
g1_3kQ0UwuzEtSqdcs9CqGuh6R1CgUHF_TD-gfNOQs_PHw	s1_uYNO6KaoTuKxuOKNhZLjrki9ay5HLzDDnJrCWyYxtPM	1unMuz	qadv-arbiter-7x7-rust-lambda-v0.1.0	-	qadv-arbiter-7x7-rust-lambda-v0.1.0	-	L	P	196
g1_3kStePhGM3FD9l5yUifykobO9EtQkcCspA8NYKT0UPk	s1_1av6nXQkq-GSHXfjkVlGHGpAq8F9UbW4JwZmyFA-vww	1umv8D	python-gnn-puct-scout-v0.1.0	sha256:b9f80706cc1f29076ee06fe06483697c749148a808c599579045d00a52573938	python-gnn-puct-scout-v0.1.0	sha256:b9f80706cc1f29076ee06fe06483697c749148a808c599579045d00a52573938	-	M	196
g1_3kStePhGM3FD9l5yUifykobO9EtQkcCspA8NYKT0UPk	s1_Brk0hkuJoH-MBjdd53AO5tlWcOgDWV_R0PO74fHGd_0	1umv8D	python-gnn-puct-scout-v0.1.0	sha256:b9f80706cc1f29076ee06fe06483697c749148a808c599579045d00a52573938	python-gnn-puct-scout-v0.1.0	sha256:b9f80706cc1f29076ee06fe06483697c749148a808c599579045d00a52573938	-	M	196
g1_3kStePhGM3FD9l5yUifykobO9EtQkcCspA8NYKT0UPk	s1_D_X-fTFZy6xuyGSC5jFyKBW6IP_59Jbomefazf4xu44	1umv8D	python-gnn-puct-scout-v0.1.0	sha256:b9f80706cc1f29076ee06fe06483697c749148a808c599579045d00a52573938	python-gnn-puct-scout-v0.1.0	sha256:b9f80706cc1f29076ee06fe06483697c749148a808c599579045d00a52573938	-	M	196
g1_3kTVthxD661ecLM24uJNFBIioT3z-Cyw5n4hvB6uz7w	s1_1av6nXQkq-GSHXfjkVlGHGpAq8F9UbW4JwZmyFA-vww	1umxNX	gnn-scout-7x7	sha256:7d34820fd656875b3ac4a0142e8f22179d11b133feb3321d0eb735b2a7abd027	cnn-baseline-7x7	sha256:f4969554372b34d9773382cf5cd8e3f20890ccedfb1e6c685984c6c94fbb6203	-	M	196
g1_3kTVthxD661ecLM24uJNFBIioT3z-Cyw5n4hvB6uz7w	s1_Brk0hkuJoH-MBjdd53AO5tlWcOgDWV_R0PO74fHGd_0	1umxNX	gnn-scout-7x7	sha256:7d34820fd656875b3ac4a0142e8f22179d11b133feb3321d0eb735b2a7abd027	cnn-baseline-7x7	sha256:f4969554372b34d9773382cf5cd8e3f20890ccedfb1e6c685984c6c94fbb6203	-	M	196
g1_3kTVthxD661ecLM24uJNFBIioT3z-Cyw5n4hvB6uz7w	s1_dcEgf_s_8JfAgzbYFm9Z15BWrFU6bsc6MzE1gZNvlP4	1umxNX	gnn-scout-7x7	sha256:7d34820fd656875b3ac4a0142e8f22179d11b133feb3321d0eb735b2a7abd027	cnn-baseline-7x7	sha256:f4969554372b34d9773382cf5cd8e3f20890ccedfb1e6c685984c6c94fbb6203	-	M	196
g1_3kWBESedBjgmWZ3kq9kT2Y2t8Gzp-2Mew6TZQg3JQhI	s1_1av6nXQkq-GSHXfjkVlGHGpAq8F9UbW4JwZmyFA-vww	1umxEC	lunatic-v0.1.0	-	gnn-scout-7x7	sha256:7d34820fd656875b3ac4a0142e8f22179d11b133feb3321d0eb735b2a7abd027	L	P	196
g1_3kWBESedBjgmWZ3kq9kT2Y2t8Gzp-2Mew6TZQg3JQhI	s1_Brk0hkuJoH-MBjdd53AO5tlWcOgDWV_R0PO74fHGd_0	1umxEC	lunatic-v0.1.0	-	gnn-scout-7x7	sha256:7d34820fd656875b3ac4a0142e8f22179d11b133feb3321d0eb735b2a7abd027	L	P	196
g1_3kWBESedBjgmWZ3kq9kT2Y2t8Gzp-2Mew6TZQg3JQhI	s1_dcEgf_s_8JfAgzbYFm9Z15BWrFU6bsc6MzE1gZNvlP4	1umxEC	lunatic-v0.1.0	-	gnn-scout-7x7	sha256:7d34820fd656875b3ac4a0142e8f22179d11b133feb3321d0eb735b2a7abd027	L	P	196
g1_3kWTqFdNJkUebxYjuOWmut4tw1zvG8ptj1hSa_XicZo	s1_1av6nXQkq-GSHXfjkVlGHGpAq8F9UbW4JwZmyFA-vww	1umvTY	python-gnn-puct-learner-v0.1.0	sha256:ab0f739cd33d66781faf60e27797c5ccba3c04ba684f8d9e32e9c2754f4e8956	python-gnn-puct-learner-v0.1.0	sha256:ab0f739cd33d66781faf60e27797c5ccba3c04ba684f8d9e32e9c2754f4e8956	D	P	196
g1_3kWTqFdNJkUebxYjuOWmut4tw1zvG8ptj1hSa_XicZo	s1_Brk0hkuJoH-MBjdd53AO5tlWcOgDWV_R0PO74fHGd_0	1umvTY	python-gnn-puct-learner-v0.1.0	sha256:ab0f739cd33d66781faf60e27797c5ccba3c04ba684f8d9e32e9c2754f4e8956	python-gnn-puct-learner-v0.1.0	sha256:ab0f739cd33d66781faf60e27797c5ccba3c04ba684f8d9e32e9c2754f4e8956	D	P	196
g1_3kWTqFdNJkUebxYjuOWmut4tw1zvG8ptj1hSa_XicZo	s1_QBFUsDtxokERlDOdQkleYbPvhJ-vIp2qmp6DXjS-7oM	1umvTY	python-gnn-puct-learner-v0.1.0	sha256:ab0f739cd33d66781faf60e27797c5ccba3c04ba684f8d9e32e9c2754f4e8956	python-gnn-puct-learner-v0.1.0	sha256:ab0f739cd33d66781faf60e27797c5ccba3c04ba684f8d9e32e9c2754f4e8956	D	P	196
g1_3kbR3Blh7qkdEwhdwK0ypGxKuoXnZb4bO9f2U6FEs4M	s1_1av6nXQkq-GSHXfjkVlGHGpAq8F9UbW4JwZmyFA-vww	1DIhZ	lunatic-v0.1.0	-	rust-pathfinder-v0.1.0	-	D	P	-
g1_3kbR3Blh7qkdEwhdwK0ypGxKuoXnZb4bO9f2U6FEs4M	s1_9Eroywf7tuDrn-hcfZPjlEa1DSRUykCRn9Z11u8ySIo	1DIhZ	lunatic-v0.1.0	-	rust-pathfinder-v0.1.0	-	D	P	-
g1_3kbR3Blh7qkdEwhdwK0ypGxKuoXnZb4bO9f2U6FEs4M	s1_Brk0hkuJoH-MBjdd53AO5tlWcOgDWV_R0PO74fHGd_0	1DIhZ	lunatic-v0.1.0	-	rust-pathfinder-v0.1.0	-	D	P	-
g1_3kbR3Blh7qkdEwhdwK0ypGxKuoXnZb4bO9f2U6FEs4M	s1_KmF8KhDbubz6lwdS8R_n_yTGdSONmH9B1wUABbyCj94	1DIhZ	lunatic-v0.1.0	-	rust-pathfinder-v0.1.0	-	D	P	-
g1_3kbR3Blh7qkdEwhdwK0ypGxKuoXnZb4bO9f2U6FEs4M	s1_MKrI0a3Qd48rU7oZj28GrlQ3cHhIbUzS5ibiIW9aKy4	1DIhZ	lunatic-v0.1.0	-	rust-pathfinder-v0.1.0	-	D	P	-
g1_3kbR3Blh7qkdEwhdwK0ypGxKuoXnZb4bO9f2U6FEs4M	s1_XloMUS0hxYEXf762lcPfaudsLmsH-CsOVZNVVU_obcA	1DIhZ	lunatic-v0.1.0	-	rust-pathfinder-v0.1.0	-	D	P	-
g1_3kbR3Blh7qkdEwhdwK0ypGxKuoXnZb4bO9f2U6FEs4M	s1_g5pGkHBMEhzAYvwFY0b24sSc7wC9JfnWApMHHZ_aMPI	1DIhZ	lunatic-v0.1.0	-	rust-pathfinder-v0.1.0	-	D	P	-
g1_3kfbUYqm_1gHH5j6AZ5jTqKWTywWZ-E7HJVWNv8vEvo	s1_HdB8xAK2nvYDBO-8OJruIJbwkpiwv0g7oW9WtFdo2dE	1unOmb	qadv-arbiter-7x7-rust-lambda-v0.1.0	-	qadv-arbiter-7x7-rust-lambda-v0.1.0	-	L	P	196
g1_3kfbUYqm_1gHH5j6AZ5jTqKWTywWZ-E7HJVWNv8vEvo	s1_RauLaTi4eVgYHSp2TV9pqs9uzTVv0B10g9TaHMWpcZ4	1unOmb	qadv-arbiter-7x7-rust-lambda-v0.1.0	-	qadv-arbiter-7x7-rust-lambda-v0.1.0	-	L	P	-
g1_3kfbUYqm_1gHH5j6AZ5jTqKWTywWZ-E7HJVWNv8vEvo	s1_fINEwm9dVRRdI2eIcgN24laWn1W_g2V86a0w6n1uyp8	1unOmb	qadv-arbiter-7x7-rust-lambda-v0.1.0	-	qadv-arbiter-7x7-rust-lambda-v0.1.0	-	L	P	196
g1_3kfbUYqm_1gHH5j6AZ5jTqKWTywWZ-E7HJVWNv8vEvo	s1_lx54YdTOZb_ndZWd78yXAl_ydIHyX2H01yOvsm_O-ds	1unOmb	qadv-arbiter-7x7-rust-lambda-v0.1.0	-	qadv-arbiter-7x7-rust-lambda-v0.1.0	-	L	P	196
g1_3kk9J60uJGXlx7cDy5bSrxufxqNXdxQGfDTabpTjbTE	s1_2FtaP75xgRVTNrUvmC0NIesJCNy8IDFJ05WNM4nUnpg	1unQvH	surveyor-v0.2.0	-	qadv-arbiter-7x7-v0.1.0	-	L	P	196
g1_3kk9J60uJGXlx7cDy5bSrxufxqNXdxQGfDTabpTjbTE	s1_DEg-Hotr0fb-lEvNuk3A-PZ_1G6A_Yx_ci59NhThzWI	1unQvH	surveyor-v0.2.0	-	qadv-arbiter-7x7-v0.1.0	-	L	P	196
g1_3kk9J60uJGXlx7cDy5bSrxufxqNXdxQGfDTabpTjbTE	s1_PKkm5dh2F8XjFJ5BuBrQ6UVDI2OPiBSIvX3hUqJc9Y4	1unQvH	surveyor-v0.2.0	-	qadv-arbiter-7x7-v0.1.0	-	L	P	196
g1_3kk9J60uJGXlx7cDy5bSrxufxqNXdxQGfDTabpTjbTE	s1_RauLaTi4eVgYHSp2TV9pqs9uzTVv0B10g9TaHMWpcZ4	1unQvH	surveyor-v0.2.0	-	qadv-arbiter-7x7-v0.1.0	-	L	P	-
g1_3kk9J60uJGXlx7cDy5bSrxufxqNXdxQGfDTabpTjbTE	s1_TJJkVGepTPfSnoB6gIKUH-XYxmmB-46OeVXvJx9n53c	1unQvH	surveyor-v0.2.0	-	qadv-arbiter-7x7-v0.1.0	-	L	P	196
g1_3ktkd2Q-_BIbw3WePe-WQX4gzJ63YWXJ-Qso8iAqW44	s1_RauLaTi4eVgYHSp2TV9pqs9uzTVv0B10g9TaHMWpcZ4	1unNML	qadv-arbiter-7x7-rust-lambda-v0.1.0	-	qadv-arbiter-7x7-rust-lambda-v0.1.0	-	D	P	-
g1_3ktkd2Q-_BIbw3WePe-WQX4gzJ63YWXJ-Qso8iAqW44	s1_eo-QbI93zdZwpGJ6saxwhqw5-Af2l6rTFPKpMea2CU0	1unNML	qadv-arbiter-7x7-rust-lambda-v0.1.0	-	qadv-arbiter-7x7-rust-lambda-v0.1.0	-	D	P	196
g1_3ktkd2Q-_BIbw3WePe-WQX4gzJ63YWXJ-Qso8iAqW44	s1_jvMOmZHZJ7uizTZKbGWrBP-Yqp6hi1b8HYkwKfHmgkQ	1unNML	qadv-arbiter-7x7-rust-lambda-v0.1.0	-	qadv-arbiter-7x7-rust-lambda-v0.1.0	-	D	P	196
g1_3ktkd2Q-_BIbw3WePe-WQX4gzJ63YWXJ-Qso8iAqW44	s1_y8Ll34Qo8mU7McFyG-vb3O_LdkNxPZdTMncF-dpM0xs	1unNML	qadv-arbiter-7x7-rust-lambda-v0.1.0	-	qadv-arbiter-7x7-rust-lambda-v0.1.0	-	D	P	196
g1_3kysyRwk30YtCevnH3s74u10Tp791hpcdtI5tjibRaw	s1_7FIu85-v_e-kbNsQ2UNk3yRt-KGcLyUjpmVwIc9cnfM	1umwM-	python-gnn-puct-scout-v0.1.0	sha256:b9f80706cc1f29076ee06fe06483697c749148a808c599579045d00a52573938	python-gnn-puct-scout-v0.1.0	sha256:b9f80706cc1f29076ee06fe06483697c749148a808c599579045d00a52573938	L	P	196
g1_3kysyRwk30YtCevnH3s74u10Tp791hpcdtI5tjibRaw	s1_S8AGNBNcWBvWiwIo-AOAHPoHuZo2XvcsYvhgQxGTkrY	1umwM-	python-gnn-puct-scout-v0.1.0	sha256:b9f80706cc1f29076ee06fe06483697c749148a808c599579045d00a52573938	python-gnn-puct-scout-v0.1.0	sha256:b9f80706cc1f29076ee06fe06483697c749148a808c599579045d00a52573938	L	P	196
g1_3kzrbrpCFfs0ztqQ2_4kbRUt8ghEnX8MfMZfXYbhTYU	s1_Emg7d_Jf_PhuTZ0gxd1iR_zUYPBEZ8qEb6YnYdNHl5g	1un4Qr	pathfinder-v0.3.0	-	qadv-arbiter-guided-7x7-v0.2.0	sha256:9c0e5e530df7db77a98f6a2e75fe63a6f629c6ad6563e0b5454793ebc243b14d	L	P	196
g1_3kzrbrpCFfs0ztqQ2_4kbRUt8ghEnX8MfMZfXYbhTYU	s1_O3cuwuia8XT9TI7Nxr3tRcajOA20XFHEIT2fYX3WizY	1un4Qr	pathfinder-v0.3.0	-	qadv-arbiter-guided-7x7-v0.2.0	sha256:9c0e5e530df7db77a98f6a2e75fe63a6f629c6ad6563e0b5454793ebc243b14d	L	P	196
g1_3kzrbrpCFfs0ztqQ2_4kbRUt8ghEnX8MfMZfXYbhTYU	s1_ZOg1lHiJ11bzDL4dNav6NXvvd0QkRLVHDFSDTYXUvpw	1un4Qr	pathfinder-v0.3.0	-	qadv-arbiter-guided-7x7-v0.2.0	sha256:9c0e5e530df7db77a98f6a2e75fe63a6f629c6ad6563e0b5454793ebc243b14d	L	P	196
g1_3l-WQHGRHM5BRcuLsDIizNMtrBmZ5jjF2Ga4CJ5igxo	s1_WVg7aYYLIrw6_-2mI3jQ-DPcLO4gX2sPEEqWQb0DGQA	1umxJ3	python-cnn-puct-reval30k-v0.1.0	sha256:eb2600a53e225a835455efdb2759c40e27c5cb3c16ab0688bc21b99290ed10ee	python-cnn-puct-reval30k-v0.1.0	sha256:eb2600a53e225a835455efdb2759c40e27c5cb3c16ab0688bc21b99290ed10ee	L	P	196
g1_3l2SJvZJrZ9pHTxnOWkWX08VHIU5ppyKOcODzwYwjYs	s1_CgyghKvH47_j0OARn-jLuRDCshUr3DIqnH2r1VZ9WhM	1unOXb	qadv-arbiter-7x7-rust-lambda-v0.1.0	-	qadv-arbiter-7x7-rust-lambda-v0.1.0	-	D	P	196
g1_3l2SJvZJrZ9pHTxnOWkWX08VHIU5ppyKOcODzwYwjYs	s1_RauLaTi4eVgYHSp2TV9pqs9uzTVv0B10g9TaHMWpcZ4	1unOXb	qadv-arbiter-7x7-rust-lambda-v0.1.0	-	qadv-arbiter-7x7-rust-lambda-v0.1.0	-	D	P	-
g1_3l2SJvZJrZ9pHTxnOWkWX08VHIU5ppyKOcODzwYwjYs	s1_rSj-7O7ZcNp5Nde_aEmOPeawZcTLxLykY3fu7Gbgi8Y	1unOXb	qadv-arbiter-7x7-rust-lambda-v0.1.0	-	qadv-arbiter-7x7-rust-lambda-v0.1.0	-	D	P	196
g1_3l2SJvZJrZ9pHTxnOWkWX08VHIU5ppyKOcODzwYwjYs	s1_wUP4k_NdvxQe8uEQ9wrYC2hjBfKVa5rgbkUeoixKM9Y	1unOXb	qadv-arbiter-7x7-rust-lambda-v0.1.0	-	qadv-arbiter-7x7-rust-lambda-v0.1.0	-	D	P	196
g1_3l3WIb3v0jYmW3XQUsWbToXXr_IWdnTWtDVN48glv8Q	s1_4pnb_cuXkY5aSOYmX5kNcv4kO147esKnZjiqAGdT3wo	1unPgt	qadv-arbiter-7x7-rust-lambda-v0.1.0	-	qadv-arbiter-7x7-rust-lambda-v0.1.0	-	L	P	196
g1_3l3WIb3v0jYmW3XQUsWbToXXr_IWdnTWtDVN48glv8Q	s1_RauLaTi4eVgYHSp2TV9pqs9uzTVv0B10g9TaHMWpcZ4	1unPgt	qadv-arbiter-7x7-rust-lambda-v0.1.0	-	qadv-arbiter-7x7-rust-lambda-v0.1.0	-	L	P	-
g1_3l3WIb3v0jYmW3XQUsWbToXXr_IWdnTWtDVN48glv8Q	s1__7bwvHvcSmnEj72-HDNwG9jAwaCCI42hqJGNC6jlBsc	1unPgt	qadv-arbiter-7x7-rust-lambda-v0.1.0	-	qadv-arbiter-7x7-rust-lambda-v0.1.0	-	L	P	196
g1_3l3WIb3v0jYmW3XQUsWbToXXr_IWdnTWtDVN48glv8Q	s1_f63MGBNTWukTMNNqtTOSId8g4gVTolLtAAmMlqB4NaE	1unPgt	qadv-arbiter-7x7-rust-lambda-v0.1.0	-	qadv-arbiter-7x7-rust-lambda-v0.1.0	-	L	P	196
g1_3l5WOHvsdAa4zdfKvmf0QUwIS8jAQbGluFkLyU0jJ48	s1_HgLwcR48-hZ6yITmL-gNmT5OuIQxrrwlqk8Ga_6l2SA	1un2jU	qadv-arbiter-guided-7x7-v0.2.0	sha256:9c0e5e530df7db77a98f6a2e75fe63a6f629c6ad6563e0b5454793ebc243b14d	pathfinder-v0.3.0	-	D	P	196
g1_3l5WOHvsdAa4zdfKvmf0QUwIS8jAQbGluFkLyU0jJ48	s1_O3cuwuia8XT9TI7Nxr3tRcajOA20XFHEIT2fYX3WizY	1un2jU	qadv-arbiter-guided-7x7-v0.2.0	sha256:9c0e5e530df7db77a98f6a2e75fe63a6f629c6ad6563e0b5454793ebc243b14d	pathfinder-v0.3.0	-	D	P	196
g1_3l5WOHvsdAa4zdfKvmf0QUwIS8jAQbGluFkLyU0jJ48	s1_zKGP_G6nmzDtDRDG4mTPdexHhpSnnvJpy66t_a6ll00	1un2jU	qadv-arbiter-guided-7x7-v0.2.0	sha256:9c0e5e530df7db77a98f6a2e75fe63a6f629c6ad6563e0b5454793ebc243b14d	pathfinder-v0.3.0	-	D	P	196
g1_3l9gg8GuN9TRiufqWffB5MbaECQPh1PHVwCWqfa_CmY	s1_Qmoz3nLvbLcY_1rcqMtpMJDvTQydhL5cxUNWV6EhpMY	1umwxo	qadv-arbiter-7x7-v0.1.0	sha256:8c548d06307572603b839755cc1e50393285365e10f82bcd90290ca65cd86266	qadv-arbiter-7x7-v0.1.0	sha256:8c548d06307572603b839755cc1e50393285365e10f82bcd90290ca65cd86266	L	P	196
g1_3lN87KTgG3-JJsOic145pKJYweVP4bQRYKNScszk1a8	s1_WVg7aYYLIrw6_-2mI3jQ-DPcLO4gX2sPEEqWQb0DGQA	1umxGt	python-cnn-puct-reval30k-v0.1.0	sha256:eb2600a53e225a835455efdb2759c40e27c5cb3c16ab0688bc21b99290ed10ee	python-cnn-puct-reval30k-v0.1.0	sha256:eb2600a53e225a835455efdb2759c40e27c5cb3c16ab0688bc21b99290ed10ee	L	P	196
g1_3lN97tZ1YwGm5qBhNLnTd2MBpgi6rX6EJ8YChFej3qQ	s1_RauLaTi4eVgYHSp2TV9pqs9uzTVv0B10g9TaHMWpcZ4	1unPto	qadv-arbiter-7x7-rust-lambda-v0.1.0	-	qadv-arbiter-7x7-rust-lambda-v0.1.0	-	L	P	-
g1_3lN97tZ1YwGm5qBhNLnTd2MBpgi6rX6EJ8YChFej3qQ	s1_kJ_w96HyeMg-H27LxCeBOM5S06bI2h2q9uRi0rHocTY	1unPto	qadv-arbiter-7x7-rust-lambda-v0.1.0	-	qadv-arbiter-7x7-rust-lambda-v0.1.0	-	L	P	196
g1_3lN97tZ1YwGm5qBhNLnTd2MBpgi6rX6EJ8YChFej3qQ	s1_qyWVpUZFT_TUugIFm-Ck489FeRBDsTBrgtg3oldP8TQ	1unPto	qadv-arbiter-7x7-rust-lambda-v0.1.0	-	qadv-arbiter-7x7-rust-lambda-v0.1.0	-	L	P	196
g1_3lN97tZ1YwGm5qBhNLnTd2MBpgi6rX6EJ8YChFej3qQ	s1_rzI5bm_Y6_D58o7CLvAdkNckwPfsM5k6ZwtJByMrcFg	1unPto	qadv-arbiter-7x7-rust-lambda-v0.1.0	-	qadv-arbiter-7x7-rust-lambda-v0.1.0	-	L	P	196
g1_3lq2KhBht3ElevytNXQFSo6PLF1pEhzz8Bjx0pCUCY4	s1_1av6nXQkq-GSHXfjkVlGHGpAq8F9UbW4JwZmyFA-vww	1DIfh	python-gnn-puct-v0.1.0	sha256:6f9ad6e4a0993da3cf34a8549e86f9b5d512c51e11bfa76dfe051e7a8801bdac	python-gnn-puct-v0.1.0	sha256:6f9ad6e4a0993da3cf34a8549e86f9b5d512c51e11bfa76dfe051e7a8801bdac	L	P	196
g1_3lq2KhBht3ElevytNXQFSo6PLF1pEhzz8Bjx0pCUCY4	s1_Brk0hkuJoH-MBjdd53AO5tlWcOgDWV_R0PO74fHGd_0	1DIfh	python-gnn-puct-v0.1.0	sha256:6f9ad6e4a0993da3cf34a8549e86f9b5d512c51e11bfa76dfe051e7a8801bdac	python-gnn-puct-v0.1.0	sha256:6f9ad6e4a0993da3cf34a8549e86f9b5d512c51e11bfa76dfe051e7a8801bdac	L	P	196
g1_3lq2KhBht3ElevytNXQFSo6PLF1pEhzz8Bjx0pCUCY4	s1_KmF8KhDbubz6lwdS8R_n_yTGdSONmH9B1wUABbyCj94	1DIfh	python-gnn-puct-v0.1.0	sha256:6f9ad6e4a0993da3cf34a8549e86f9b5d512c51e11bfa76dfe051e7a8801bdac	python-gnn-puct-v0.1.0	sha256:6f9ad6e4a0993da3cf34a8549e86f9b5d512c51e11bfa76dfe051e7a8801bdac	L	P	196
g1_3lq2KhBht3ElevytNXQFSo6PLF1pEhzz8Bjx0pCUCY4	s1_g5pGkHBMEhzAYvwFY0b24sSc7wC9JfnWApMHHZ_aMPI	1DIfh	python-gnn-puct-v0.1.0	sha256:6f9ad6e4a0993da3cf34a8549e86f9b5d512c51e11bfa76dfe051e7a8801bdac	python-gnn-puct-v0.1.0	sha256:6f9ad6e4a0993da3cf34a8549e86f9b5d512c51e11bfa76dfe051e7a8801bdac	L	P	196
g1_3lq2KhBht3ElevytNXQFSo6PLF1pEhzz8Bjx0pCUCY4	s1_tol_POp6BcgBLMWq8iDfRBQSAXpESHxFwmcCQYXv0yQ	1DIfh	python-gnn-puct-v0.1.0	sha256:6f9ad6e4a0993da3cf34a8549e86f9b5d512c51e11bfa76dfe051e7a8801bdac	python-gnn-puct-v0.1.0	sha256:6f9ad6e4a0993da3cf34a8549e86f9b5d512c51e11bfa76dfe051e7a8801bdac	L	P	196
g1_3lsMn20IVv5DrZygLgDllmplakup3-fWf6XSsC-Mf5o	s1_2k-0Ih7mZYRzzeMQedNYHLWMzLhuLc06jqbJPor3Yh4	1unOhV	qadv-arbiter-7x7-rust-lambda-v0.1.0	-	qadv-arbiter-7x7-rust-lambda-v0.1.0	-	L	P	196
g1_3lsMn20IVv5DrZygLgDllmplakup3-fWf6XSsC-Mf5o	s1_RauLaTi4eVgYHSp2TV9pqs9uzTVv0B10g9TaHMWpcZ4	1unOhV	qadv-arbiter-7x7-rust-lambda-v0.1.0	-	qadv-arbiter-7x7-rust-lambda-v0.1.0	-	L	P	-
g1_3lsMn20IVv5DrZygLgDllmplakup3-fWf6XSsC-Mf5o	s1_pNolATPqf5nhgIx1oPWbCl-jvU5fvcVAwka_4qrk_to	1unOhV	qadv-arbiter-7x7-rust-lambda-v0.1.0	-	qadv-arbiter-7x7-rust-lambda-v0.1.0	-	L	P	196
g1_3lsMn20IVv5DrZygLgDllmplakup3-fWf6XSsC-Mf5o	s1_sxKDGIXqWIezaUtEwyLQeggsF0l5DLqwvg8VQHfwH_g	1unOhV	qadv-arbiter-7x7-rust-lambda-v0.1.0	-	qadv-arbiter-7x7-rust-lambda-v0.1.0	-	L	P	196
g1_3lth9DXhza0FBDF8iYuJzWuCXnem8SXKbNt267w1PVo	s1_Ikn-1TWDsiaynm8no9qJtL9QuoaorwJhYiiOePh7boY	1unMt_	qadv-arbiter-7x7-rust-lambda-v0.1.0	-	qadv-arbiter-7x7-rust-lambda-v0.1.0	-	D	P	196
g1_3lth9DXhza0FBDF8iYuJzWuCXnem8SXKbNt267w1PVo	s1_RauLaTi4eVgYHSp2TV9pqs9uzTVv0B10g9TaHMWpcZ4	1unMt_	qadv-arbiter-7x7-rust-lambda-v0.1.0	-	qadv-arbiter-7x7-rust-lambda-v0.1.0	-	D	P	-
g1_3lth9DXhza0FBDF8iYuJzWuCXnem8SXKbNt267w1PVo	s1_TWHPqRBV_xoAC5krB1pINVdwH0glsH4-wTj9uk0x7eY	1unMt_	qadv-arbiter-7x7-rust-lambda-v0.1.0	-	qadv-arbiter-7x7-rust-lambda-v0.1.0	-	D	P	196
g1_3lth9DXhza0FBDF8iYuJzWuCXnem8SXKbNt267w1PVo	s1_j1j8ayjkXgnWQBYjnB7n82fVVK0xNwf0IB0dWRnc8Yg	1unMt_	qadv-arbiter-7x7-rust-lambda-v0.1.0	-	qadv-arbiter-7x7-rust-lambda-v0.1.0	-	D	P	196
g1_3lw8Dg5FrXW0XTmbXppf8eyISVfGjLRABOHpSEsuPnk	s1_OfVHWyyPhZ73AYlFwcMi9wm1QyvN99gbLzkTHmIAmdM	1unNT1	qadv-arbiter-7x7-rust-lambda-v0.1.0	-	qadv-arbiter-7x7-rust-lambda-v0.1.0	-	D	P	196
g1_3lw8Dg5FrXW0XTmbXppf8eyISVfGjLRABOHpSEsuPnk	s1_QH38PNrP67-Yt3dSOshlESk5lB9zUt_anvsAssSwEh8	1unNT1	qadv-arbiter-7x7-rust-lambda-v0.1.0	-	qadv-arbiter-7x7-rust-lambda-v0.1.0	-	D	P	196
g1_3lw8Dg5FrXW0XTmbXppf8eyISVfGjLRABOHpSEsuPnk	s1_RauLaTi4eVgYHSp2TV9pqs9uzTVv0B10g9TaHMWpcZ4	1unNT1	qadv-arbiter-7x7-rust-lambda-v0.1.0	-	qadv-arbiter-7x7-rust-lambda-v0.1.0	-	D	P	-
g1_3lw8Dg5FrXW0XTmbXppf8eyISVfGjLRABOHpSEsuPnk	s1_oNyQhsbskFssdlzkQJRf0SqucCE2P0AUvWBZJDi2DzU	1unNT1	qadv-arbiter-7x7-rust-lambda-v0.1.0	-	qadv-arbiter-7x7-rust-lambda-v0.1.0	-	D	P	196
g1_3m-CjfIiu1jZHfxK2vgzr9WOpfiTzTDqNsVJEH0QjoU	s1_1av6nXQkq-GSHXfjkVlGHGpAq8F9UbW4JwZmyFA-vww	1umvGA	python-gnn-puct-scout-v0.1.0	sha256:b9f80706cc1f29076ee06fe06483697c749148a808c599579045d00a52573938	python-gnn-puct-scout-v0.1.0	sha256:b9f80706cc1f29076ee06fe06483697c749148a808c599579045d00a52573938	-	M	196
g1_3m-CjfIiu1jZHfxK2vgzr9WOpfiTzTDqNsVJEH0QjoU	s1_Brk0hkuJoH-MBjdd53AO5tlWcOgDWV_R0PO74fHGd_0	1umvGA	python-gnn-puct-scout-v0.1.0	sha256:b9f80706cc1f29076ee06fe06483697c749148a808c599579045d00a52573938	python-gnn-puct-scout-v0.1.0	sha256:b9f80706cc1f29076ee06fe06483697c749148a808c599579045d00a52573938	-	M	196
g1_3m-CjfIiu1jZHfxK2vgzr9WOpfiTzTDqNsVJEH0QjoU	s1_D_X-fTFZy6xuyGSC5jFyKBW6IP_59Jbomefazf4xu44	1umvGA	python-gnn-puct-scout-v0.1.0	sha256:b9f80706cc1f29076ee06fe06483697c749148a808c599579045d00a52573938	python-gnn-puct-scout-v0.1.0	sha256:b9f80706cc1f29076ee06fe06483697c749148a808c599579045d00a52573938	-	M	196
g1_3m0_fzzFy1bHq5zhVJMiW3dq4mLZUeLmT9Cm9eM0oRw	s1_4maQ25FN4c9WbQ0s-AtfqSfsTh20bnQriJ2KzI4B-P0	1unPkX	qadv-arbiter-7x7-rust-lambda-v0.1.0	-	qadv-arbiter-7x7-rust-lambda-v0.1.0	-	L	P	196
g1_3m0_fzzFy1bHq5zhVJMiW3dq4mLZUeLmT9Cm9eM0oRw	s1_L2amEJb58-YPiGPSXtm4to0SIGY2Qr58RIZ_PdV1lZQ	1unPkX	qadv-arbiter-7x7-rust-lambda-v0.1.0	-	qadv-arbiter-7x7-rust-lambda-v0.1.0	-	L	P	196
g1_3m0_fzzFy1bHq5zhVJMiW3dq4mLZUeLmT9Cm9eM0oRw	s1_RauLaTi4eVgYHSp2TV9pqs9uzTVv0B10g9TaHMWpcZ4	1unPkX	qadv-arbiter-7x7-rust-lambda-v0.1.0	-	qadv-arbiter-7x7-rust-lambda-v0.1.0	-	L	P	-
g1_3m0_fzzFy1bHq5zhVJMiW3dq4mLZUeLmT9Cm9eM0oRw	s1_a4u9V--GEO2lgTmQXHj61HyMNo838qcQwNJJDosIIpk	1unPkX	qadv-arbiter-7x7-rust-lambda-v0.1.0	-	qadv-arbiter-7x7-rust-lambda-v0.1.0	-	L	P	196
g1_3m10sHh5Un5RsLTCyVVJGZAH_j4LItDWEFCnKiyLgxw	s1_1av6nXQkq-GSHXfjkVlGHGpAq8F9UbW4JwZmyFA-vww	1umvKN	gnn-warmstart-7x7	sha256:e000d50619c0241c30efdd1f5adb7a8b738c66859d33c3443c52a20f56fcc13a	surveyor-v0.2.0	-	D	P	196
g1_3m10sHh5Un5RsLTCyVVJGZAH_j4LItDWEFCnKiyLgxw	s1_QzXKB60HvV5g6-cJIu-NdpeFb1rCgFAJD1cxfdkoMm0	1umvKN	gnn-warmstart-7x7	sha256:e000d50619c0241c30efdd1f5adb7a8b738c66859d33c3443c52a20f56fcc13a	surveyor-v0.2.0	-	D	P	196
g1_3m10sHh5Un5RsLTCyVVJGZAH_j4LItDWEFCnKiyLgxw	s1_mWPTef6xYbijjPhDIC6QgLRmu2mMSJAokNlIkx3vg54	1umvKN	gnn-warmstart-7x7	sha256:e000d50619c0241c30efdd1f5adb7a8b738c66859d33c3443c52a20f56fcc13a	surveyor-v0.2.0	-	D	P	196
g1_3m1jKLqmT7Zs07Zkm3XLmQtURmmqqa6ZbYKEk5hfVM0	s1_Qmoz3nLvbLcY_1rcqMtpMJDvTQydhL5cxUNWV6EhpMY	1umwyl	qadv-arbiter-7x7-v0.1.0	sha256:8c548d06307572603b839755cc1e50393285365e10f82bcd90290ca65cd86266	qadv-arbiter-7x7-v0.1.0	sha256:8c548d06307572603b839755cc1e50393285365e10f82bcd90290ca65cd86266	L	P	196
g1_3m7ctB2l2ST04Exu-w4mmG5hgu-vlBuB7EvisqRhyJs	s1_-OE134PWY7RtBkGbVkTyOv0R6gGkui-cVmnDSZ9BFes	1unQiF	pathfinder-v0.3.0	-	qadv-arbiter-7x7-v0.1.0	-	L	P	196
g1_3m7ctB2l2ST04Exu-w4mmG5hgu-vlBuB7EvisqRhyJs	s1_2FtaP75xgRVTNrUvmC0NIesJCNy8IDFJ05WNM4nUnpg	1unQiF	pathfinder-v0.3.0	-	qadv-arbiter-7x7-v0.1.0	-	L	P	196
g1_3m7ctB2l2ST04Exu-w4mmG5hgu-vlBuB7EvisqRhyJs	s1_RauLaTi4eVgYHSp2TV9pqs9uzTVv0B10g9TaHMWpcZ4	1unQiF	pathfinder-v0.3.0	-	qadv-arbiter-7x7-v0.1.0	-	L	P	-
g1_3m7ctB2l2ST04Exu-w4mmG5hgu-vlBuB7EvisqRhyJs	s1_Uan5Ge2ruzIl272eb2xe07haiX49OkXHt_MbUzdvwa0	1unQiF	pathfinder-v0.3.0	-	qadv-arbiter-7x7-v0.1.0	-	L	P	196
g1_3m7ctB2l2ST04Exu-w4mmG5hgu-vlBuB7EvisqRhyJs	s1_hyr6OUbF7zTiR3cJCfrrph06h-cyJwZMjD1LxYfMfPc	1unQiF	pathfinder-v0.3.0	-	qadv-arbiter-7x7-v0.1.0	-	L	P	196
g1_3m7lqjQBOQL0LzU9D-Ci1RGlNc50zes85Fq7VFvd3hc	s1_WVg7aYYLIrw6_-2mI3jQ-DPcLO4gX2sPEEqWQb0DGQA	1umxMU	python-cnn-puct-reval30k-v0.1.0	sha256:eb2600a53e225a835455efdb2759c40e27c5cb3c16ab0688bc21b99290ed10ee	python-cnn-puct-reval30k-v0.1.0	sha256:eb2600a53e225a835455efdb2759c40e27c5cb3c16ab0688bc21b99290ed10ee	L	P	196
g1_3m8vQK4HOHHjhUBmyO1LPDPBvNXJb-6mmggo6FAz5WY	s1_0m1HWG9l6uW0hEpPH26GGy6j6xmE0cnlK-j_ZuX2WGo	1unMAt	qadv-arbiter-7x7-rust-lambda-v0.1.0	-	qadv-arbiter-7x7-rust-lambda-v0.1.0	-	D	P	196
g1_3m8vQK4HOHHjhUBmyO1LPDPBvNXJb-6mmggo6FAz5WY	s1_RauLaTi4eVgYHSp2TV9pqs9uzTVv0B10g9TaHMWpcZ4	1unMAt	qadv-arbiter-7x7-rust-lambda-v0.1.0	-	qadv-arbiter-7x7-rust-lambda-v0.1.0	-	D	P	-
g1_3m8vQK4HOHHjhUBmyO1LPDPBvNXJb-6mmggo6FAz5WY	s1__1meZxrZg0KWtIp7CIQ1mnsZFnQhd8aNfUi8bWavClA	1unMAt	qadv-arbiter-7x7-rust-lambda-v0.1.0	-	qadv-arbiter-7x7-rust-lambda-v0.1.0	-	D	P	196
g1_3m8vQK4HOHHjhUBmyO1LPDPBvNXJb-6mmggo6FAz5WY	s1_w3GbY-KOFlZvYw82a6b4ow2K7iT569wQ7R4hcjAeJcU	1unMAt	qadv-arbiter-7x7-rust-lambda-v0.1.0	-	qadv-arbiter-7x7-rust-lambda-v0.1.0	-	D	P	196
g1_3mJDM4p2DzT9fi5VR8JLmACuMWsc3cKLssODVw8Hya4	s1_-AT0uJZfJ119X9vUAuDKRIRIpyCIU32OrXzYphcjTUM	1unPIL	qadv-arbiter-7x7-rust-lambda-v0.1.0	-	qadv-arbiter-7x7-rust-lambda-v0.1.0	-	D	P	196
g1_3mJDM4p2DzT9fi5VR8JLmACuMWsc3cKLssODVw8Hya4	s1_RauLaTi4eVgYHSp2TV9pqs9uzTVv0B10g9TaHMWpcZ4	1unPIL	qadv-arbiter-7x7-rust-lambda-v0.1.0	-	qadv-arbiter-7x7-rust-lambda-v0.1.0	-	D	P	-
g1_3mJDM4p2DzT9fi5VR8JLmACuMWsc3cKLssODVw8Hya4	s1_iumPmatO0xGHE4_x4I75O7jS0xtCjKhYRpRwN6be7AM	1unPIL	qadv-arbiter-7x7-rust-lambda-v0.1.0	-	qadv-arbiter-7x7-rust-lambda-v0.1.0	-	D	P	196
g1_3mJDM4p2DzT9fi5VR8JLmACuMWsc3cKLssODVw8Hya4	s1_knKq1uX9fTPR6yQT7Gr0SkPuByaPzD5HEkyck3q5e1E	1unPIL	qadv-arbiter-7x7-rust-lambda-v0.1.0	-	qadv-arbiter-7x7-rust-lambda-v0.1.0	-	D	P	196
g1_3mL5UELyLXtEBhAk4GvZQckybfecw7QZu_q7d9AKGiI	s1_Lwt-vj0wyZk74HOnhfExk9-Rg0G2COJqO6AyVBr2VhE	1unNIy	qadv-arbiter-7x7-rust-lambda-v0.1.0	-	qadv-arbiter-7x7-rust-lambda-v0.1.0	-	L	P	196
g1_3mL5UELyLXtEBhAk4GvZQckybfecw7QZu_q7d9AKGiI	s1_RauLaTi4eVgYHSp2TV9pqs9uzTVv0B10g9TaHMWpcZ4	1unNIy	qadv-arbiter-7x7-rust-lambda-v0.1.0	-	qadv-arbiter-7x7-rust-lambda-v0.1.0	-	L	P	-
g1_3mL5UELyLXtEBhAk4GvZQckybfecw7QZu_q7d9AKGiI	s1_hGOlDOtBqIPphOpEAvwaOVW_cZMx_ouGegEeirPDkDo	1unNIy	qadv-arbiter-7x7-rust-lambda-v0.1.0	-	qadv-arbiter-7x7-rust-lambda-v0.1.0	-	L	P	196
g1_3mL5UELyLXtEBhAk4GvZQckybfecw7QZu_q7d9AKGiI	s1_osSoTm2bLrpTap4WJC9AkkaQGWLMbOc0Lwm4iZGKzLQ	1unNIy	qadv-arbiter-7x7-rust-lambda-v0.1.0	-	qadv-arbiter-7x7-rust-lambda-v0.1.0	-	L	P	196
g1_3mLTjKzbxbLQhWlyPMbSx0WtjwqD_1y3Z17VocYPO_I	s1_WVg7aYYLIrw6_-2mI3jQ-DPcLO4gX2sPEEqWQb0DGQA	1umxH9	python-cnn-puct-reval30k-v0.1.0	sha256:eb2600a53e225a835455efdb2759c40e27c5cb3c16ab0688bc21b99290ed10ee	python-cnn-puct-reval30k-v0.1.0	sha256:eb2600a53e225a835455efdb2759c40e27c5cb3c16ab0688bc21b99290ed10ee	L	P	196
g1_3mS0xV7iYtboKNNNOnuufCBbchxv-k7Sy3WBUieH3II	s1_GLW-E0PYcDYXElF_Ibv-XKtzXdYKCySMz7s8bVR3r9o	1un5Pa	qadv-arbiter-guided-7x7-v0.2.0	sha256:9c0e5e530df7db77a98f6a2e75fe63a6f629c6ad6563e0b5454793ebc243b14d	surveyor-v0.2.0	-	D	P	196
g1_3mS0xV7iYtboKNNNOnuufCBbchxv-k7Sy3WBUieH3II	s1_L0LFRqWaML71eFYDCb91UeWh9ZEVBf2pBJR2jBIBEkk	1un5Pa	qadv-arbiter-guided-7x7-v0.2.0	sha256:9c0e5e530df7db77a98f6a2e75fe63a6f629c6ad6563e0b5454793ebc243b14d	surveyor-v0.2.0	-	D	P	196
g1_3mS0xV7iYtboKNNNOnuufCBbchxv-k7Sy3WBUieH3II	s1_O3cuwuia8XT9TI7Nxr3tRcajOA20XFHEIT2fYX3WizY	1un5Pa	qadv-arbiter-guided-7x7-v0.2.0	sha256:9c0e5e530df7db77a98f6a2e75fe63a6f629c6ad6563e0b5454793ebc243b14d	surveyor-v0.2.0	-	D	P	196
g1_3mS0xV7iYtboKNNNOnuufCBbchxv-k7Sy3WBUieH3II	s1_g6m_F25QA1x_rKWVwpeYFV6S7hZZaTfg60yuJczFcDc	1un5Pa	qadv-arbiter-guided-7x7-v0.2.0	sha256:9c0e5e530df7db77a98f6a2e75fe63a6f629c6ad6563e0b5454793ebc243b14d	surveyor-v0.2.0	-	D	P	196
g1_3mUY5tqoT4upQvSX2aOQZ6ZZUGYYw2MXY-tKOKP80yQ	s1_RauLaTi4eVgYHSp2TV9pqs9uzTVv0B10g9TaHMWpcZ4	1unN8X	qadv-arbiter-7x7-rust-lambda-v0.1.0	-	qadv-arbiter-7x7-rust-lambda-v0.1.0	-	L	P	-
g1_3mUY5tqoT4upQvSX2aOQZ6ZZUGYYw2MXY-tKOKP80yQ	s1_WLFVYxfxvOKw_05SdSeiahhlAvnr4OkjlXsjTUFcfEE	1unN8X	qadv-arbiter-7x7-rust-lambda-v0.1.0	-	qadv-arbiter-7x7-rust-lambda-v0.1.0	-	L	P	196
g1_3mUY5tqoT4upQvSX2aOQZ6ZZUGYYw2MXY-tKOKP80yQ	s1_YXcD9jct7aKVcnJ56PYaxFXHPN3d9Qvlojw7lvQ8HTs	1unN8X	qadv-arbiter-7x7-rust-lambda-v0.1.0	-	qadv-arbiter-7x7-rust-lambda-v0.1.0	-	L	P	196
g1_3mUY5tqoT4upQvSX2aOQZ6ZZUGYYw2MXY-tKOKP80yQ	s1_oiZa0iKJgt09XOmuEuWhQorKfjcYduQn6eD7nk5YRe4	1unN8X	qadv-arbiter-7x7-rust-lambda-v0.1.0	-	qadv-arbiter-7x7-rust-lambda-v0.1.0	-	L	P	196
g1_3mhlQcLOARUL1p014xju4Rm04YpT-5va57d9W4xX-SA	s1_-OE134PWY7RtBkGbVkTyOv0R6gGkui-cVmnDSZ9BFes	1unQid	pathfinder-v0.3.0	-	qadv-arbiter-7x7-v0.1.0	-	L	P	196
g1_3mhlQcLOARUL1p014xju4Rm04YpT-5va57d9W4xX-SA	s1_1pLFbh6wzrcARv9AIunH6fjS81tO8yzbEEmqJ8tRRIk	1unQid	pathfinder-v0.3.0	-	qadv-arbiter-7x7-v0.1.0	-	L	P	196
g1_3mhlQcLOARUL1p014xju4Rm04YpT-5va57d9W4xX-SA	s1_2FtaP75xgRVTNrUvmC0NIesJCNy8IDFJ05WNM4nUnpg	1unQid	pathfinder-v0.3.0	-	qadv-arbiter-7x7-v0.1.0	-	L	P	196
g1_3mhlQcLOARUL1p014xju4Rm04YpT-5va57d9W4xX-SA	s1_RauLaTi4eVgYHSp2TV9pqs9uzTVv0B10g9TaHMWpcZ4	1unQid	pathfinder-v0.3.0	-	qadv-arbiter-7x7-v0.1.0	-	L	P	-
g1_3mib0qWk1Ew-bL1ftzf0RzZvdOzvAkwZpftOy16U3RA	s1_WVg7aYYLIrw6_-2mI3jQ-DPcLO4gX2sPEEqWQb0DGQA	1umxFv	python-cnn-puct-reval30k-v0.1.0	sha256:eb2600a53e225a835455efdb2759c40e27c5cb3c16ab0688bc21b99290ed10ee	python-cnn-puct-reval30k-v0.1.0	sha256:eb2600a53e225a835455efdb2759c40e27c5cb3c16ab0688bc21b99290ed10ee	D	P	196
g1_3mrOkDxu7U2INZEdIH0lT8coZzsYdNHxY9jEKh_YAmM	s1_RauLaTi4eVgYHSp2TV9pqs9uzTVv0B10g9TaHMWpcZ4	1unOI6	qadv-arbiter-7x7-rust-lambda-v0.1.0	-	qadv-arbiter-7x7-rust-lambda-v0.1.0	-	L	P	-
g1_3mrOkDxu7U2INZEdIH0lT8coZzsYdNHxY9jEKh_YAmM	s1_VyfIspTYA5D9XwaNlSVtqysrX2tRZmjFXsDdC9Hll_Q	1unOI6	qadv-arbiter-7x7-rust-lambda-v0.1.0	-	qadv-arbiter-7x7-rust-lambda-v0.1.0	-	L	P	196
g1_3mrOkDxu7U2INZEdIH0lT8coZzsYdNHxY9jEKh_YAmM	s1_ZjA-5BH7NngDcD1bK3z-5sIdCnW4SIe3TRaV3FDuLtc	1unOI6	qadv-arbiter-7x7-rust-lambda-v0.1.0	-	qadv-arbiter-7x7-rust-lambda-v0.1.0	-	L	P	196
g1_3mrOkDxu7U2INZEdIH0lT8coZzsYdNHxY9jEKh_YAmM	s1_rL2rjMC_KmLfE9oDxh19AwH64FZJpoB-h4C2O6vSaSk	1unOI6	qadv-arbiter-7x7-rust-lambda-v0.1.0	-	qadv-arbiter-7x7-rust-lambda-v0.1.0	-	L	P	196
g1_3n3i7JWu6znyDhX30ydsmehd1Wvww1uyB2oymxbMvAY	s1_1LB6NAgPOeCp4r8rQw4kUOIXWpEdWysFm5RZjWCQSgc	1umwTt	python-gnn-puct-learner-v0.1.0	sha256:ab0f739cd33d66781faf60e27797c5ccba3c04ba684f8d9e32e9c2754f4e8956	python-gnn-puct-learner-v0.1.0	sha256:ab0f739cd33d66781faf60e27797c5ccba3c04ba684f8d9e32e9c2754f4e8956	D	P	196
g1_3n3i7JWu6znyDhX30ydsmehd1Wvww1uyB2oymxbMvAY	s1_P4NHYhwuVnEA-dG2X-UVeVotb84A5mwljbYTlTMqr8w	1umwTt	python-gnn-puct-learner-v0.1.0	sha256:ab0f739cd33d66781faf60e27797c5ccba3c04ba684f8d9e32e9c2754f4e8956	python-gnn-puct-learner-v0.1.0	sha256:ab0f739cd33d66781faf60e27797c5ccba3c04ba684f8d9e32e9c2754f4e8956	D	P	196
g1_3n57xMQrLMSCb8-1x5I0yZtitp7xDL_v75N9wqoK40I	s1_1LB6NAgPOeCp4r8rQw4kUOIXWpEdWysFm5RZjWCQSgc	1umwaS	python-gnn-puct-learner-v0.1.0	sha256:ab0f739cd33d66781faf60e27797c5ccba3c04ba684f8d9e32e9c2754f4e8956	python-gnn-puct-learner-v0.1.0	sha256:ab0f739cd33d66781faf60e27797c5ccba3c04ba684f8d9e32e9c2754f4e8956	L	P	196
g1_3n57xMQrLMSCb8-1x5I0yZtitp7xDL_v75N9wqoK40I	s1_P4NHYhwuVnEA-dG2X-UVeVotb84A5mwljbYTlTMqr8w	1umwaS	python-gnn-puct-learner-v0.1.0	sha256:ab0f739cd33d66781faf60e27797c5ccba3c04ba684f8d9e32e9c2754f4e8956	python-gnn-puct-learner-v0.1.0	sha256:ab0f739cd33d66781faf60e27797c5ccba3c04ba684f8d9e32e9c2754f4e8956	L	P	196
g1_3n6fo6Ndii8t3Hn1qbQHtpDtaEZcUvKOX5OST043SA4	s1__fmnSv6OnZklVvMPUjPdL6drtvfrJptRYX3nxZQO8jI	1umxky	python-gnn-puct-scout-v0.1.0	sha256:b9f80706cc1f29076ee06fe06483697c749148a808c599579045d00a52573938	python-gnn-puct-scout-v0.1.0	sha256:b9f80706cc1f29076ee06fe06483697c749148a808c599579045d00a52573938	L	P	196
g1_3nEmXg6pnWmyljWk3CXEBSY-NiJ0KmZ69dZy1tQKbMM	s1_HsFM1TP_50l8asqg-Hz978yMDFJmNtJS8gEaw0tWzM8	1unOZj	qadv-arbiter-7x7-rust-lambda-v0.1.0	-	qadv-arbiter-7x7-rust-lambda-v0.1.0	-	D	P	196
g1_3nEmXg6pnWmyljWk3CXEBSY-NiJ0KmZ69dZy1tQKbMM	s1_Jessb9UA5XfIasy-HIN9QbnGl9kMsuNpSO3iWtIBqt4	1unOZj	qadv-arbiter-7x7-rust-lambda-v0.1.0	-	qadv-arbiter-7x7-rust-lambda-v0.1.0	-	D	P	196
g1_3nEmXg6pnWmyljWk3CXEBSY-NiJ0KmZ69dZy1tQKbMM	s1_RauLaTi4eVgYHSp2TV9pqs9uzTVv0B10g9TaHMWpcZ4	1unOZj	qadv-arbiter-7x7-rust-lambda-v0.1.0	-	qadv-arbiter-7x7-rust-lambda-v0.1.0	-	D	P	-
g1_3nEmXg6pnWmyljWk3CXEBSY-NiJ0KmZ69dZy1tQKbMM	s1_zfkvJzQj9pp7mDyUtegkqszpfrne6pP4jxsSFOWHnyM	1unOZj	qadv-arbiter-7x7-rust-lambda-v0.1.0	-	qadv-arbiter-7x7-rust-lambda-v0.1.0	-	D	P	196
g1_3nFn1euPMrqab-uEoRG71NrZkeL6iUTSL7fxtrlV0cQ	s1__fmnSv6OnZklVvMPUjPdL6drtvfrJptRYX3nxZQO8jI	1umxzT	python-gnn-puct-scout-v0.1.0	sha256:b9f80706cc1f29076ee06fe06483697c749148a808c599579045d00a52573938	python-gnn-puct-scout-v0.1.0	sha256:b9f80706cc1f29076ee06fe06483697c749148a808c599579045d00a52573938	D	P	196
g1_3nIAj63UQyb8GiNiMwPoQrniy2_88SOCYv0cdGKDzBg	s1_Bt1QwCQor1e4Hm9FUKH2TvuYPRHuNoQfnCNYQcObgbk	1unMy8	qadv-arbiter-7x7-rust-lambda-v0.1.0	-	qadv-arbiter-7x7-rust-lambda-v0.1.0	-	L	P	196
g1_3nIAj63UQyb8GiNiMwPoQrniy2_88SOCYv0cdGKDzBg	s1_EvT7ujJEbnoUP0WDfBE3Upc4GQ6rnV_2hKh0C1rucI8	1unMy8	qadv-arbiter-7x7-rust-lambda-v0.1.0	-	qadv-arbiter-7x7-rust-lambda-v0.1.0	-	L	P	196
g1_3nIAj63UQyb8GiNiMwPoQrniy2_88SOCYv0cdGKDzBg	s1_RauLaTi4eVgYHSp2TV9pqs9uzTVv0B10g9TaHMWpcZ4	1unMy8	qadv-arbiter-7x7-rust-lambda-v0.1.0	-	qadv-arbiter-7x7-rust-lambda-v0.1.0	-	L	P	-
g1_3nIAj63UQyb8GiNiMwPoQrniy2_88SOCYv0cdGKDzBg	s1_db4CVi72c0z2RPAehk2LYd8iMukNAoLbmufN1VhKLdA	1unMy8	qadv-arbiter-7x7-rust-lambda-v0.1.0	-	qadv-arbiter-7x7-rust-lambda-v0.1.0	-	L	P	196
g1_3nNwOF4eByy01nhnDakb4AfHERAXttG7mz1DzKjiIiI	s1_BM7jB3gsEjU2Cx47JIGrIEjOg3exA2TlnPIeOQX5vCM	1DNgf	python-gnn-puct-v0.1.0	-	python-gnn-puct-v0.1.0	-	D	P	-
g1_3nROAYup8ppegEg3VfteL8lLnFJGpaCzxZohAm1SJbM	s1_6PxtazPxkizz7K9QTWPSCIopEV5n0zpHoq3F52yO_6U	1umwrt	python-cnn-puct-v0.1.0	sha256:7845e9b7687beee165dc36b8d21833b7a8b5a83e31b58b49bd05c277ba26e642	python-cnn-puct-v0.1.0	sha256:7845e9b7687beee165dc36b8d21833b7a8b5a83e31b58b49bd05c277ba26e642	D	P	196
g1_3nROAYup8ppegEg3VfteL8lLnFJGpaCzxZohAm1SJbM	s1_baRgKA_wMXdl0r4AwdkUfhWC04qxd1MvEGXAQaDd4fo	1umwrt	python-cnn-puct-v0.1.0	sha256:7845e9b7687beee165dc36b8d21833b7a8b5a83e31b58b49bd05c277ba26e642	python-cnn-puct-v0.1.0	sha256:7845e9b7687beee165dc36b8d21833b7a8b5a83e31b58b49bd05c277ba26e642	D	P	196
g1_3ncNMFLl2X_Y4GIUCCNVo_wMjmBA0Hex_RQRdGEfryY	s1_Bwqe5-SMB5N1yCXs_wx8BaEdFFxfe935Fnb4T3wx2no	1unQ1Y	qadv-arbiter-7x7-rust-lambda-v0.1.0	-	qadv-arbiter-7x7-rust-lambda-v0.1.0	-	D	P	196
g1_3ncNMFLl2X_Y4GIUCCNVo_wMjmBA0Hex_RQRdGEfryY	s1_FvXdw4eT1tWT5TBJemUZBuSFIz3T2OnbS85Lil9cGD8	1unQ1Y	qadv-arbiter-7x7-rust-lambda-v0.1.0	-	qadv-arbiter-7x7-rust-lambda-v0.1.0	-	D	P	196
g1_3ncNMFLl2X_Y4GIUCCNVo_wMjmBA0Hex_RQRdGEfryY	s1_urer693oW94HiiiIZfysLgJrV7eiNGX91bOjbv_ZLZ0	1unQ1Y	qadv-arbiter-7x7-rust-lambda-v0.1.0	-	qadv-arbiter-7x7-rust-lambda-v0.1.0	-	D	P	196
g1_3nj3ojVpi-BrWIyfxoylP1Jl7DbhYcRVfsPLZ6XA2tU	s1_WVg7aYYLIrw6_-2mI3jQ-DPcLO4gX2sPEEqWQb0DGQA	1umxJc	python-cnn-puct-reval30k-v0.1.0	sha256:eb2600a53e225a835455efdb2759c40e27c5cb3c16ab0688bc21b99290ed10ee	python-cnn-puct-reval30k-v0.1.0	sha256:eb2600a53e225a835455efdb2759c40e27c5cb3c16ab0688bc21b99290ed10ee	L	P	196
g1_3njrqUQu4XS3dQ0XLmqbHkNUY50Ulft2wESJjmofQ1c	s1_-4z0oG_lG9UQH_1VcUzHCZjcHHbcIiNdmmEGdDLBUns	1unOCD	qadv-arbiter-7x7-rust-lambda-v0.1.0	-	qadv-arbiter-7x7-rust-lambda-v0.1.0	-	D	P	196
g1_3njrqUQu4XS3dQ0XLmqbHkNUY50Ulft2wESJjmofQ1c	s1_6IpHiQoojSaGEm72xnnLjomEbV5SyoxnlIlHUtD3rps	1unOCD	qadv-arbiter-7x7-rust-lambda-v0.1.0	-	qadv-arbiter-7x7-rust-lambda-v0.1.0	-	D	P	196
g1_3njrqUQu4XS3dQ0XLmqbHkNUY50Ulft2wESJjmofQ1c	s1_RauLaTi4eVgYHSp2TV9pqs9uzTVv0B10g9TaHMWpcZ4	1unOCD	qadv-arbiter-7x7-rust-lambda-v0.1.0	-	qadv-arbiter-7x7-rust-lambda-v0.1.0	-	D	P	-
g1_3njrqUQu4XS3dQ0XLmqbHkNUY50Ulft2wESJjmofQ1c	s1__qhPWsvkkywjII3QFLTMFLz6NH9dOqpIeKsu3nT409U	1unOCD	qadv-arbiter-7x7-rust-lambda-v0.1.0	-	qadv-arbiter-7x7-rust-lambda-v0.1.0	-	D	P	196
g1_3nmGGfQ87p2daq5Aol37WCoQpd2ltRNhyqw6dG3-2Rs	s1_RauLaTi4eVgYHSp2TV9pqs9uzTVv0B10g9TaHMWpcZ4	1unNuv	qadv-arbiter-7x7-rust-lambda-v0.1.0	-	qadv-arbiter-7x7-rust-lambda-v0.1.0	-	L	P	-
g1_3nmGGfQ87p2daq5Aol37WCoQpd2ltRNhyqw6dG3-2Rs	s1_TKh4ACU2bpPocbrucAPMrNQi95OcCrQ8hm0Y4s9nOpI	1unNuv	qadv-arbiter-7x7-rust-lambda-v0.1.0	-	qadv-arbiter-7x7-rust-lambda-v0.1.0	-	L	P	196
g1_3nmGGfQ87p2daq5Aol37WCoQpd2ltRNhyqw6dG3-2Rs	s1_YaL_s2eoBdwC5TOa0XHCOmgIBW7wSKEv-onKZ4Yx5cs	1unNuv	qadv-arbiter-7x7-rust-lambda-v0.1.0	-	qadv-arbiter-7x7-rust-lambda-v0.1.0	-	L	P	196
g1_3nmGGfQ87p2daq5Aol37WCoQpd2ltRNhyqw6dG3-2Rs	s1_tXXTJ2LVTeW0HzEJH9_3MjP77HXnzTV5b8Q5mlJGf04	1unNuv	qadv-arbiter-7x7-rust-lambda-v0.1.0	-	qadv-arbiter-7x7-rust-lambda-v0.1.0	-	L	P	196
g1_3nwyexEl9xGiOZxOnQLZZ2Ilz7VuLX_T5mdPq9b1CN4	s1_RauLaTi4eVgYHSp2TV9pqs9uzTVv0B10g9TaHMWpcZ4	1unP93	qadv-arbiter-7x7-rust-lambda-v0.1.0	-	qadv-arbiter-7x7-rust-lambda-v0.1.0	-	D	P	-
g1_3nwyexEl9xGiOZxOnQLZZ2Ilz7VuLX_T5mdPq9b1CN4	s1_X89PtowxE2g0oAaZdMT4dsabqZ95llx2JieXzd7-sXE	1unP93	qadv-arbiter-7x7-rust-lambda-v0.1.0	-	qadv-arbiter-7x7-rust-lambda-v0.1.0	-	D	P	196
g1_3nwyexEl9xGiOZxOnQLZZ2Ilz7VuLX_T5mdPq9b1CN4	s1_kyEe5j1yx_K6ycW9KdTbzqrNmxHleTdyUTcJaBVNN7E	1unP93	qadv-arbiter-7x7-rust-lambda-v0.1.0	-	qadv-arbiter-7x7-rust-lambda-v0.1.0	-	D	P	196
g1_3nwyexEl9xGiOZxOnQLZZ2Ilz7VuLX_T5mdPq9b1CN4	s1_wTAIyTWyfTfi-YOPKEZRYfSE6jRphi0gbpH-k6Rh494	1unP93	qadv-arbiter-7x7-rust-lambda-v0.1.0	-	qadv-arbiter-7x7-rust-lambda-v0.1.0	-	D	P	196
g1_3o1gnM6ag6tx9WNoZIsQ1BaIKD-eXE2XL9snBzCbyr4	s1_Gjc12i32KGUDSjr8va-lOVTwXlnfPK4VgzAzZqUHudw	1unLmW	qadv-arbiter-7x7-rust-lambda-v0.1.0	-	qadv-arbiter-7x7-rust-lambda-v0.1.0	-	L	P	196
g1_3o1gnM6ag6tx9WNoZIsQ1BaIKD-eXE2XL9snBzCbyr4	s1_RauLaTi4eVgYHSp2TV9pqs9uzTVv0B10g9TaHMWpcZ4	1unLmW	qadv-arbiter-7x7-rust-lambda-v0.1.0	-	qadv-arbiter-7x7-rust-lambda-v0.1.0	-	L	P	-
g1_3o1gnM6ag6tx9WNoZIsQ1BaIKD-eXE2XL9snBzCbyr4	s1_rpotZktE6nxdim-I3u30h77UG8AdDtfXLmsjAB2qOtc	1unLmW	qadv-arbiter-7x7-rust-lambda-v0.1.0	-	qadv-arbiter-7x7-rust-lambda-v0.1.0	-	L	P	196
g1_3o1gnM6ag6tx9WNoZIsQ1BaIKD-eXE2XL9snBzCbyr4	s1_xKZ_7eiWa6kLj6wE_zhJGVO-bxB8Ew60c_2nMoLsOZ8	1unLmW	qadv-arbiter-7x7-rust-lambda-v0.1.0	-	qadv-arbiter-7x7-rust-lambda-v0.1.0	-	L	P	196
g1_3o1nKigagrtY6psm7L6oymLA7dzNYikO_Nhg-IBFX-8	s1_1E_AQHMDQXVnUzvURoSUZWkMs9W8FI9yf-m2Tudhzl8	1unP0t	qadv-arbiter-7x7-rust-lambda-v0.1.0	-	qadv-arbiter-7x7-rust-lambda-v0.1.0	-	L	P	196
g1_3o1nKigagrtY6psm7L6oymLA7dzNYikO_Nhg-IBFX-8	s1_JU8YYVsUznsb76M1zcDu6MV_xjYlS4jKgJDoHz3-L9Y	1unP0t	qadv-arbiter-7x7-rust-lambda-v0.1.0	-	qadv-arbiter-7x7-rust-lambda-v0.1.0	-	L	P	196
g1_3o1nKigagrtY6psm7L6oymLA7dzNYikO_Nhg-IBFX-8	s1_PE99zNufAE5EbWf1m5BDpKTT7IWKhRJEnfRIgPy7Ruo	1unP0t	qadv-arbiter-7x7-rust-lambda-v0.1.0	-	qadv-arbiter-7x7-rust-lambda-v0.1.0	-	L	P	196
g1_3o1nKigagrtY6psm7L6oymLA7dzNYikO_Nhg-IBFX-8	s1_RauLaTi4eVgYHSp2TV9pqs9uzTVv0B10g9TaHMWpcZ4	1unP0t	qadv-arbiter-7x7-rust-lambda-v0.1.0	-	qadv-arbiter-7x7-rust-lambda-v0.1.0	-	L	P	-
g1_3o9-3PiKGPvFZr3pitW8Iq6ijbptDa6Tl0p1vWu7UYo	s1_64TBRxQRO9yqovLlEtCWyoCEW9NZ0GeYzN7ro9m2xRw	1unLva	qadv-arbiter-7x7-rust-lambda-v0.1.0	-	qadv-arbiter-7x7-rust-lambda-v0.1.0	-	D	P	196
g1_3o9-3PiKGPvFZr3pitW8Iq6ijbptDa6Tl0p1vWu7UYo	s1_RauLaTi4eVgYHSp2TV9pqs9uzTVv0B10g9TaHMWpcZ4	1unLva	qadv-arbiter-7x7-rust-lambda-v0.1.0	-	qadv-arbiter-7x7-rust-lambda-v0.1.0	-	D	P	-
g1_3o9-3PiKGPvFZr3pitW8Iq6ijbptDa6Tl0p1vWu7UYo	s1_RhhT9y7NQtRqm1Sm6Smk8mjoLKgSJ8VLxnZl5RrwqeU	1unLva	qadv-arbiter-7x7-rust-lambda-v0.1.0	-	qadv-arbiter-7x7-rust-lambda-v0.1.0	-	D	P	196
g1_3o9-3PiKGPvFZr3pitW8Iq6ijbptDa6Tl0p1vWu7UYo	s1_rdBfIABwQsotslMUtHxkiBb8sXBWy9zIABlK0N9HATY	1unLva	qadv-arbiter-7x7-rust-lambda-v0.1.0	-	qadv-arbiter-7x7-rust-lambda-v0.1.0	-	D	P	196
g1_3oCXuVCXkDNsu632_BAzPv9psEoRHmhbR7hBeR9YR7o	s1_2FtaP75xgRVTNrUvmC0NIesJCNy8IDFJ05WNM4nUnpg	1unR24	qadv-arbiter-7x7-v0.1.0	-	lunatic-v0.1.0	-	D	P	196
g1_3oCXuVCXkDNsu632_BAzPv9psEoRHmhbR7hBeR9YR7o	s1_39-Ila3nrcCVNJpv7iFpZCiza50rbx_2_TcDa_n1Isg	1unR24	qadv-arbiter-7x7-v0.1.0	-	lunatic-v0.1.0	-	D	P	196
g1_3oCXuVCXkDNsu632_BAzPv9psEoRHmhbR7hBeR9YR7o	s1_RauLaTi4eVgYHSp2TV9pqs9uzTVv0B10g9TaHMWpcZ4	1unR24	qadv-arbiter-7x7-v0.1.0	-	lunatic-v0.1.0	-	D	P	-
g1_3oCXuVCXkDNsu632_BAzPv9psEoRHmhbR7hBeR9YR7o	s1_jkoE1AydTokODgBZZiGqT1s8KGpaBss7VktCykndM0Q	1unR24	qadv-arbiter-7x7-v0.1.0	-	lunatic-v0.1.0	-	D	P	196
g1_3oCaTkMi9nuf7iMpLd9N11RFd-O8kII4wpqGCyn0aSU	s1_1XoxENw8Z_E12JzQZ6H9rkrRJk1Wo7aAAvq4jhDVyGo	1un5dr	surveyor-v0.2.0	-	qadv-arbiter-guided-7x7-v0.2.0	sha256:9c0e5e530df7db77a98f6a2e75fe63a6f629c6ad6563e0b5454793ebc243b14d	L	P	196
g1_3oCaTkMi9nuf7iMpLd9N11RFd-O8kII4wpqGCyn0aSU	s1_O3cuwuia8XT9TI7Nxr3tRcajOA20XFHEIT2fYX3WizY	1un5dr	surveyor-v0.2.0	-	qadv-arbiter-guided-7x7-v0.2.0	sha256:9c0e5e530df7db77a98f6a2e75fe63a6f629c6ad6563e0b5454793ebc243b14d	L	P	196
g1_3oCaTkMi9nuf7iMpLd9N11RFd-O8kII4wpqGCyn0aSU	s1_Wm96nwaIWKpAJ3RfJi_pk_r6EF_3M78D0GXx9IBk1xo	1un5dr	surveyor-v0.2.0	-	qadv-arbiter-guided-7x7-v0.2.0	sha256:9c0e5e530df7db77a98f6a2e75fe63a6f629c6ad6563e0b5454793ebc243b14d	L	P	196
g1_3oV4B03BiC-5Hd8f0KAGOyXrYsyIMY8QCXH31qAxM_Q	s1_6BTvGdigaYeJDRlwjXI_F-vD8K7mVEFwWtliu0y5bYM	1unNU9	qadv-arbiter-7x7-rust-lambda-v0.1.0	-	qadv-arbiter-7x7-rust-lambda-v0.1.0	-	D	P	196
g1_3oV4B03BiC-5Hd8f0KAGOyXrYsyIMY8QCXH31qAxM_Q	s1_RauLaTi4eVgYHSp2TV9pqs9uzTVv0B10g9TaHMWpcZ4	1unNU9	qadv-arbiter-7x7-rust-lambda-v0.1.0	-	qadv-arbiter-7x7-rust-lambda-v0.1.0	-	D	P	-
g1_3oV4B03BiC-5Hd8f0KAGOyXrYsyIMY8QCXH31qAxM_Q	s1_RhXKGpzHzr4BNLNuvzIX4Z246A6h0ainvLkRHo8eK0M	1unNU9	qadv-arbiter-7x7-rust-lambda-v0.1.0	-	qadv-arbiter-7x7-rust-lambda-v0.1.0	-	D	P	196
g1_3oV4B03BiC-5Hd8f0KAGOyXrYsyIMY8QCXH31qAxM_Q	s1_sY5e3iUciTOrxjE_kh4yxhep7S18L-Sw44LahDEpQ7c	1unNU9	qadv-arbiter-7x7-rust-lambda-v0.1.0	-	qadv-arbiter-7x7-rust-lambda-v0.1.0	-	D	P	196
g1_3odKc1BC_P20odDvcp8tgXvTVlIJRa9j8yjCjTUFPj8	s1_1av6nXQkq-GSHXfjkVlGHGpAq8F9UbW4JwZmyFA-vww	1DIWI	python-gnn-puct-v0.1.0	sha256:6f9ad6e4a0993da3cf34a8549e86f9b5d512c51e11bfa76dfe051e7a8801bdac	python-gnn-puct-v0.1.0	sha256:6f9ad6e4a0993da3cf34a8549e86f9b5d512c51e11bfa76dfe051e7a8801bdac	L	P	196
g1_3odKc1BC_P20odDvcp8tgXvTVlIJRa9j8yjCjTUFPj8	s1_del54SUFELBov5vQFrhsVexn6D9EhUPDFZpXuqC6eCI	1DIWI	python-gnn-puct-v0.1.0	sha256:6f9ad6e4a0993da3cf34a8549e86f9b5d512c51e11bfa76dfe051e7a8801bdac	python-gnn-puct-v0.1.0	sha256:6f9ad6e4a0993da3cf34a8549e86f9b5d512c51e11bfa76dfe051e7a8801bdac	L	P	196
g1_3odKc1BC_P20odDvcp8tgXvTVlIJRa9j8yjCjTUFPj8	s1_g5pGkHBMEhzAYvwFY0b24sSc7wC9JfnWApMHHZ_aMPI	1DIWI	python-gnn-puct-v0.1.0	sha256:6f9ad6e4a0993da3cf34a8549e86f9b5d512c51e11bfa76dfe051e7a8801bdac	python-gnn-puct-v0.1.0	sha256:6f9ad6e4a0993da3cf34a8549e86f9b5d512c51e11bfa76dfe051e7a8801bdac	L	P	196
g1_3odKc1BC_P20odDvcp8tgXvTVlIJRa9j8yjCjTUFPj8	s1_mWPTef6xYbijjPhDIC6QgLRmu2mMSJAokNlIkx3vg54	1DIWI	python-gnn-puct-v0.1.0	sha256:6f9ad6e4a0993da3cf34a8549e86f9b5d512c51e11bfa76dfe051e7a8801bdac	python-gnn-puct-v0.1.0	sha256:6f9ad6e4a0993da3cf34a8549e86f9b5d512c51e11bfa76dfe051e7a8801bdac	L	P	196
g1_3odKc1BC_P20odDvcp8tgXvTVlIJRa9j8yjCjTUFPj8	s1_tol_POp6BcgBLMWq8iDfRBQSAXpESHxFwmcCQYXv0yQ	1DIWI	python-gnn-puct-v0.1.0	sha256:6f9ad6e4a0993da3cf34a8549e86f9b5d512c51e11bfa76dfe051e7a8801bdac	python-gnn-puct-v0.1.0	sha256:6f9ad6e4a0993da3cf34a8549e86f9b5d512c51e11bfa76dfe051e7a8801bdac	L	P	196
g1_3oeUZmY_c4P2AYv0OVsjjbLlKH2IHbXBp23P6viertY	s1_1av6nXQkq-GSHXfjkVlGHGpAq8F9UbW4JwZmyFA-vww	1umvAR	python-gnn-puct-scout-v0.1.0	sha256:b9f80706cc1f29076ee06fe06483697c749148a808c599579045d00a52573938	python-gnn-puct-scout-v0.1.0	sha256:b9f80706cc1f29076ee06fe06483697c749148a808c599579045d00a52573938	-	M	196
g1_3oeUZmY_c4P2AYv0OVsjjbLlKH2IHbXBp23P6viertY	s1_D_X-fTFZy6xuyGSC5jFyKBW6IP_59Jbomefazf4xu44	1umvAR	python-gnn-puct-scout-v0.1.0	sha256:b9f80706cc1f29076ee06fe06483697c749148a808c599579045d00a52573938	python-gnn-puct-scout-v0.1.0	sha256:b9f80706cc1f29076ee06fe06483697c749148a808c599579045d00a52573938	-	M	196
g1_3oeUZmY_c4P2AYv0OVsjjbLlKH2IHbXBp23P6viertY	s1_mWPTef6xYbijjPhDIC6QgLRmu2mMSJAokNlIkx3vg54	1umvAR	python-gnn-puct-scout-v0.1.0	sha256:b9f80706cc1f29076ee06fe06483697c749148a808c599579045d00a52573938	python-gnn-puct-scout-v0.1.0	sha256:b9f80706cc1f29076ee06fe06483697c749148a808c599579045d00a52573938	-	M	196
g1_3ohOyw5sleiCYTqbuYN4mOMqndrifSEDjwaeGMzvqEk	s1_-OKlJXuPFfAnukwGYITjiU7XKL4OC_qt76PC0TZSPjg	1umvZ5	python-cnn-puct-v0.1.0	sha256:7845e9b7687beee165dc36b8d21833b7a8b5a83e31b58b49bd05c277ba26e642	python-cnn-puct-v0.1.0	sha256:7845e9b7687beee165dc36b8d21833b7a8b5a83e31b58b49bd05c277ba26e642	-	M	196
g1_3ohOyw5sleiCYTqbuYN4mOMqndrifSEDjwaeGMzvqEk	s1_1av6nXQkq-GSHXfjkVlGHGpAq8F9UbW4JwZmyFA-vww	1umvZ5	python-cnn-puct-v0.1.0	sha256:7845e9b7687beee165dc36b8d21833b7a8b5a83e31b58b49bd05c277ba26e642	python-cnn-puct-v0.1.0	sha256:7845e9b7687beee165dc36b8d21833b7a8b5a83e31b58b49bd05c277ba26e642	-	M	196
g1_3ohOyw5sleiCYTqbuYN4mOMqndrifSEDjwaeGMzvqEk	s1_Brk0hkuJoH-MBjdd53AO5tlWcOgDWV_R0PO74fHGd_0	1umvZ5	python-cnn-puct-v0.1.0	sha256:7845e9b7687beee165dc36b8d21833b7a8b5a83e31b58b49bd05c277ba26e642	python-cnn-puct-v0.1.0	sha256:7845e9b7687beee165dc36b8d21833b7a8b5a83e31b58b49bd05c277ba26e642	-	M	196
g1_3omvUE2HflHSROjExWXf1HaQgvnUXhfcKH73eXJMvmY	s1_IAfGfnPS-VOWL4txGs78EG-Q5FqSMpHhJMKrL-P2QJo	1unO_B	qadv-arbiter-7x7-rust-lambda-v0.1.0	-	qadv-arbiter-7x7-rust-lambda-v0.1.0	-	L	P	196
g1_3omvUE2HflHSROjExWXf1HaQgvnUXhfcKH73eXJMvmY	s1_RauLaTi4eVgYHSp2TV9pqs9uzTVv0B10g9TaHMWpcZ4	1unO_B	qadv-arbiter-7x7-rust-lambda-v0.1.0	-	qadv-arbiter-7x7-rust-lambda-v0.1.0	-	L	P	-
g1_3omvUE2HflHSROjExWXf1HaQgvnUXhfcKH73eXJMvmY	s1_WQTfP2VA0YuW165yuQGAwAA1aHUBU6VIhoQQG0s9tjI	1unO_B	qadv-arbiter-7x7-rust-lambda-v0.1.0	-	qadv-arbiter-7x7-rust-lambda-v0.1.0	-	L	P	196
g1_3omvUE2HflHSROjExWXf1HaQgvnUXhfcKH73eXJMvmY	s1_joSdl9fRke-URQGapJdNV-q8D6nxi-xdYAf6Ml6SmrQ	1unO_B	qadv-arbiter-7x7-rust-lambda-v0.1.0	-	qadv-arbiter-7x7-rust-lambda-v0.1.0	-	L	P	196
g1_3osTf9Jx_5lKpQQ9gHnTwKuJfDNqG1Jkj69RQdcXQMI	s1_3xM5Ak8YxvIJHN7xobZpFeMraaLEBGcretUPILr-43M	1unPYU	qadv-arbiter-7x7-rust-lambda-v0.1.0	-	qadv-arbiter-7x7-rust-lambda-v0.1.0	-	D	P	196
g1_3osTf9Jx_5lKpQQ9gHnTwKuJfDNqG1Jkj69RQdcXQMI	s1_4AiOtc5kHulZvW7vUjHi0wxvffZjXpoYPMbta3TKHn8	1unPYU	qadv-arbiter-7x7-rust-lambda-v0.1.0	-	qadv-arbiter-7x7-rust-lambda-v0.1.0	-	D	P	196
g1_3osTf9Jx_5lKpQQ9gHnTwKuJfDNqG1Jkj69RQdcXQMI	s1_RauLaTi4eVgYHSp2TV9pqs9uzTVv0B10g9TaHMWpcZ4	1unPYU	qadv-arbiter-7x7-rust-lambda-v0.1.0	-	qadv-arbiter-7x7-rust-lambda-v0.1.0	-	D	P	-
g1_3osTf9Jx_5lKpQQ9gHnTwKuJfDNqG1Jkj69RQdcXQMI	s1_e-Nsk2_TuA4so2k0inWuMTTqPqpkKJy_wtqMtXgXIbo	1unPYU	qadv-arbiter-7x7-rust-lambda-v0.1.0	-	qadv-arbiter-7x7-rust-lambda-v0.1.0	-	D	P	196
g1_3ouReT8iXEHItbMIsTpy2bRH4qTPp4VbDdPTK7kuecw	s1_Bjp4dH02g7_PSmXWLNISIOjN9NfaSWm7mJi0p_B5YFI	1unNUu	qadv-arbiter-7x7-rust-lambda-v0.1.0	-	qadv-arbiter-7x7-rust-lambda-v0.1.0	-	D	P	196
g1_3ouReT8iXEHItbMIsTpy2bRH4qTPp4VbDdPTK7kuecw	s1_RauLaTi4eVgYHSp2TV9pqs9uzTVv0B10g9TaHMWpcZ4	1unNUu	qadv-arbiter-7x7-rust-lambda-v0.1.0	-	qadv-arbiter-7x7-rust-lambda-v0.1.0	-	D	P	-
g1_3ouReT8iXEHItbMIsTpy2bRH4qTPp4VbDdPTK7kuecw	s1_VYtbCXWVEqrfSpczVnxDrzaMhE1v1ssNmsQCqP7SWb4	1unNUu	qadv-arbiter-7x7-rust-lambda-v0.1.0	-	qadv-arbiter-7x7-rust-lambda-v0.1.0	-	D	P	196
g1_3ouReT8iXEHItbMIsTpy2bRH4qTPp4VbDdPTK7kuecw	s1_pYBvqX7iZCh5jl54ZTDh0lIVD44CJT8rqtU8Ra_CxUs	1unNUu	qadv-arbiter-7x7-rust-lambda-v0.1.0	-	qadv-arbiter-7x7-rust-lambda-v0.1.0	-	D	P	196
g1_3p-3FxZL4M1xhs5_DAeIT-pgzYb9H3Ujx0-4J7SWixQ	s1_3xvKm-pGC2iRH2Ib46zOu5_PxbXRKKZmsXSVpCYKEeQ	1unM3w	qadv-arbiter-7x7-rust-lambda-v0.1.0	-	qadv-arbiter-7x7-rust-lambda-v0.1.0	-	L	P	196
g1_3p-3FxZL4M1xhs5_DAeIT-pgzYb9H3Ujx0-4J7SWixQ	s1_RauLaTi4eVgYHSp2TV9pqs9uzTVv0B10g9TaHMWpcZ4	1unM3w	qadv-arbiter-7x7-rust-lambda-v0.1.0	-	qadv-arbiter-7x7-rust-lambda-v0.1.0	-	L	P	-
g1_3p-3FxZL4M1xhs5_DAeIT-pgzYb9H3Ujx0-4J7SWixQ	s1_fzVgkJZS_kZnqk8hcUMRsjHUQ5gcuqSmtF1u51cw_5Y	1unM3w	qadv-arbiter-7x7-rust-lambda-v0.1.0	-	qadv-arbiter-7x7-rust-lambda-v0.1.0	-	L	P	196
g1_3p-3FxZL4M1xhs5_DAeIT-pgzYb9H3Ujx0-4J7SWixQ	s1_mPq412NwyE-D_KrmO6ox8RyPVbAS7LVPRptojTBmUCQ	1unM3w	qadv-arbiter-7x7-rust-lambda-v0.1.0	-	qadv-arbiter-7x7-rust-lambda-v0.1.0	-	L	P	196
g1_3p89ZmYlGIF278f8qw2SZ9wbVB_G78ASEQs53deWBOI	s1_7FIu85-v_e-kbNsQ2UNk3yRt-KGcLyUjpmVwIc9cnfM	1umwBi	python-gnn-puct-scout-v0.1.0	sha256:b9f80706cc1f29076ee06fe06483697c749148a808c599579045d00a52573938	python-gnn-puct-scout-v0.1.0	sha256:b9f80706cc1f29076ee06fe06483697c749148a808c599579045d00a52573938	D	P	196
g1_3p89ZmYlGIF278f8qw2SZ9wbVB_G78ASEQs53deWBOI	s1_S8AGNBNcWBvWiwIo-AOAHPoHuZo2XvcsYvhgQxGTkrY	1umwBi	python-gnn-puct-scout-v0.1.0	sha256:b9f80706cc1f29076ee06fe06483697c749148a808c599579045d00a52573938	python-gnn-puct-scout-v0.1.0	sha256:b9f80706cc1f29076ee06fe06483697c749148a808c599579045d00a52573938	D	P	196
g1_3pBOVbsgaXV-VBS6ytrmACn-92bz7E0UffTSdAuJ_GM	s1_qtlitMa-GGx-0y2heoyNRonYXf1Dq5epTexnVe9Iqtw	1umxjL	python-gnn-puct-learner-v0.1.0	sha256:ab0f739cd33d66781faf60e27797c5ccba3c04ba684f8d9e32e9c2754f4e8956	python-gnn-puct-learner-v0.1.0	sha256:ab0f739cd33d66781faf60e27797c5ccba3c04ba684f8d9e32e9c2754f4e8956	L	P	196
g1_3pDdp90EyDePoBeGh18ecirj1ctlHF8dTw2l-wdBzBw	s1_-HdCCKtLbE5fowwF2oTDcPJoJvuAkO60zKYiaNGq7es	1unRB-	qadv-arbiter-7x7-v0.1.0	-	coin-flip-v0.0.1	-	L	P	196
g1_3pDdp90EyDePoBeGh18ecirj1ctlHF8dTw2l-wdBzBw	s1_2FtaP75xgRVTNrUvmC0NIesJCNy8IDFJ05WNM4nUnpg	1unRB-	qadv-arbiter-7x7-v0.1.0	-	coin-flip-v0.0.1	-	L	P	196
g1_3pDdp90EyDePoBeGh18ecirj1ctlHF8dTw2l-wdBzBw	s1_FUrNR1PgP1LVLYCqCuO6YxlPBhJzuYFd3lzm9jAC768	1unRB-	qadv-arbiter-7x7-v0.1.0	-	coin-flip-v0.0.1	-	L	P	196
g1_3pDdp90EyDePoBeGh18ecirj1ctlHF8dTw2l-wdBzBw	s1_RauLaTi4eVgYHSp2TV9pqs9uzTVv0B10g9TaHMWpcZ4	1unRB-	qadv-arbiter-7x7-v0.1.0	-	coin-flip-v0.0.1	-	L	P	-
g1_3pDdp90EyDePoBeGh18ecirj1ctlHF8dTw2l-wdBzBw	s1_pH6dzHrCtEYHBEBVlYCixMvSbyp2VbmYXrnZ2ve190w	1unRB-	qadv-arbiter-7x7-v0.1.0	-	coin-flip-v0.0.1	-	L	P	196
g1_3pMSnfr1NZqmCUIjiVrXmGSywbwqlbZ7S5TEWLLlThs	s1__fmnSv6OnZklVvMPUjPdL6drtvfrJptRYX3nxZQO8jI	1umxvV	python-gnn-puct-scout-v0.1.0	sha256:b9f80706cc1f29076ee06fe06483697c749148a808c599579045d00a52573938	python-gnn-puct-scout-v0.1.0	sha256:b9f80706cc1f29076ee06fe06483697c749148a808c599579045d00a52573938	L	P	196
g1_3pP7AV8KoedL8BMppyl4OxybfZCq8WVNj5V-sM1MH6w	s1_CEZN9UpTiNQvXJwo6FOyI_d_RbqGe3g4pfn2vqxTPus	1unOVB	qadv-arbiter-7x7-rust-lambda-v0.1.0	-	qadv-arbiter-7x7-rust-lambda-v0.1.0	-	D	P	196
g1_3pP7AV8KoedL8BMppyl4OxybfZCq8WVNj5V-sM1MH6w	s1_RauLaTi4eVgYHSp2TV9pqs9uzTVv0B10g9TaHMWpcZ4	1unOVB	qadv-arbiter-7x7-rust-lambda-v0.1.0	-	qadv-arbiter-7x7-rust-lambda-v0.1.0	-	D	P	-
g1_3pP7AV8KoedL8BMppyl4OxybfZCq8WVNj5V-sM1MH6w	s1_uDhPTqmXCRXjBaDHtWrKDSIvH8RY8490hfaSJnH-b_k	1unOVB	qadv-arbiter-7x7-rust-lambda-v0.1.0	-	qadv-arbiter-7x7-rust-lambda-v0.1.0	-	D	P	196
g1_3pP7AV8KoedL8BMppyl4OxybfZCq8WVNj5V-sM1MH6w	s1_wsorVsIDetGtPpLyhSga8iz8M7ns1RI1t7q6l64wmbo	1unOVB	qadv-arbiter-7x7-rust-lambda-v0.1.0	-	qadv-arbiter-7x7-rust-lambda-v0.1.0	-	D	P	196
g1_3pSyj8fFsgzObRD9tDV-rVDrm2OVYODa3zb-plNPAs4	s1_WVg7aYYLIrw6_-2mI3jQ-DPcLO4gX2sPEEqWQb0DGQA	1umxPI	python-cnn-puct-reval30k-v0.1.0	sha256:eb2600a53e225a835455efdb2759c40e27c5cb3c16ab0688bc21b99290ed10ee	python-cnn-puct-reval30k-v0.1.0	sha256:eb2600a53e225a835455efdb2759c40e27c5cb3c16ab0688bc21b99290ed10ee	L	P	196
g1_3pchjHF1pIFtDMj-KDwSv2CupNsbJo3chT9uyj42dxI	s1_NzfzlbKrb3ULGP982MVrRWNnil-95CpGrdaaRloXUEE	1unPeT	qadv-arbiter-7x7-rust-lambda-v0.1.0	-	qadv-arbiter-7x7-rust-lambda-v0.1.0	-	D	P	196
g1_3pchjHF1pIFtDMj-KDwSv2CupNsbJo3chT9uyj42dxI	s1_RauLaTi4eVgYHSp2TV9pqs9uzTVv0B10g9TaHMWpcZ4	1unPeT	qadv-arbiter-7x7-rust-lambda-v0.1.0	-	qadv-arbiter-7x7-rust-lambda-v0.1.0	-	D	P	-
g1_3pchjHF1pIFtDMj-KDwSv2CupNsbJo3chT9uyj42dxI	s1_SvufSTVUI38puN_JdoSRFrUUeNeFNHI3g-X3MumtxP0	1unPeT	qadv-arbiter-7x7-rust-lambda-v0.1.0	-	qadv-arbiter-7x7-rust-lambda-v0.1.0	-	D	P	196
g1_3pchjHF1pIFtDMj-KDwSv2CupNsbJo3chT9uyj42dxI	s1_cIiB8jKisjHeYxU17OrTi-sWTyLQbJisIT7YswQQk-c	1unPeT	qadv-arbiter-7x7-rust-lambda-v0.1.0	-	qadv-arbiter-7x7-rust-lambda-v0.1.0	-	D	P	196
g1_3pkJEdEI_d24yquZXql666Iu1_InxRcNWzEX1jTrgQQ	s1_-OKlJXuPFfAnukwGYITjiU7XKL4OC_qt76PC0TZSPjg	1umvaF	python-cnn-puct-v0.1.0	sha256:7845e9b7687beee165dc36b8d21833b7a8b5a83e31b58b49bd05c277ba26e642	python-cnn-puct-v0.1.0	sha256:7845e9b7687beee165dc36b8d21833b7a8b5a83e31b58b49bd05c277ba26e642	D	P	196
g1_3pkJEdEI_d24yquZXql666Iu1_InxRcNWzEX1jTrgQQ	s1_1av6nXQkq-GSHXfjkVlGHGpAq8F9UbW4JwZmyFA-vww	1umvaF	python-cnn-puct-v0.1.0	sha256:7845e9b7687beee165dc36b8d21833b7a8b5a83e31b58b49bd05c277ba26e642	python-cnn-puct-v0.1.0	sha256:7845e9b7687beee165dc36b8d21833b7a8b5a83e31b58b49bd05c277ba26e642	D	P	196
g1_3pkJEdEI_d24yquZXql666Iu1_InxRcNWzEX1jTrgQQ	s1_Brk0hkuJoH-MBjdd53AO5tlWcOgDWV_R0PO74fHGd_0	1umvaF	python-cnn-puct-v0.1.0	sha256:7845e9b7687beee165dc36b8d21833b7a8b5a83e31b58b49bd05c277ba26e642	python-cnn-puct-v0.1.0	sha256:7845e9b7687beee165dc36b8d21833b7a8b5a83e31b58b49bd05c277ba26e642	D	P	196
g1_3plL0T7NLjnP3V6KeSz07CkpIot2oItfya0IJvfd4qQ	s1_1av6nXQkq-GSHXfjkVlGHGpAq8F9UbW4JwZmyFA-vww	1umv4V	coin-flip-v0.0.1	-	cnn-baseline-7x7	sha256:f4969554372b34d9773382cf5cd8e3f20890ccedfb1e6c685984c6c94fbb6203	D	P	196
g1_3plL0T7NLjnP3V6KeSz07CkpIot2oItfya0IJvfd4qQ	s1_mWPTef6xYbijjPhDIC6QgLRmu2mMSJAokNlIkx3vg54	1umv4V	coin-flip-v0.0.1	-	cnn-baseline-7x7	sha256:f4969554372b34d9773382cf5cd8e3f20890ccedfb1e6c685984c6c94fbb6203	D	P	196
g1_3plL0T7NLjnP3V6KeSz07CkpIot2oItfya0IJvfd4qQ	s1_pz791mBLK9gCxlmvM7C8kcD10pikcBIN4FZ0Kf_TgTs	1umv4V	coin-flip-v0.0.1	-	cnn-baseline-7x7	sha256:f4969554372b34d9773382cf5cd8e3f20890ccedfb1e6c685984c6c94fbb6203	D	P	196
g1_3pn1l1e5-6zTD92sOE_r7j9Qwo5V9IIsToJ-2OrJ2Q4	s1_OooAfvrVTIhW-sbbGl5ROmAq3zKlljglxBO0-QAXmnU	1unNpG	qadv-arbiter-7x7-rust-qadv-v0.1.0	-	qadv-arbiter-7x7-rust-qadv-v0.1.0	-	D	P	196
g1_3pn1l1e5-6zTD92sOE_r7j9Qwo5V9IIsToJ-2OrJ2Q4	s1_RauLaTi4eVgYHSp2TV9pqs9uzTVv0B10g9TaHMWpcZ4	1unNpG	qadv-arbiter-7x7-rust-qadv-v0.1.0	-	qadv-arbiter-7x7-rust-qadv-v0.1.0	-	D	P	-
g1_3pn1l1e5-6zTD92sOE_r7j9Qwo5V9IIsToJ-2OrJ2Q4	s1_XilMd8sJttOTjdcn0_3PUCAC6HGm_obepBJlqGYyFz4	1unNpG	qadv-arbiter-7x7-rust-qadv-v0.1.0	-	qadv-arbiter-7x7-rust-qadv-v0.1.0	-	D	P	196
g1_3pnbHOvHIubkZJq_-FHJ1TFEWOTh580M7FyK32dXLrA	s1_0IPo8kMazcoqVmOJ2prNvLo0f7_wgcRQ3kNmeG-WAi8	1unP-V	qadv-arbiter-7x7-rust-lambda-v0.1.0	-	qadv-arbiter-7x7-rust-lambda-v0.1.0	-	L	P	196
g1_3pnbHOvHIubkZJq_-FHJ1TFEWOTh580M7FyK32dXLrA	s1_RauLaTi4eVgYHSp2TV9pqs9uzTVv0B10g9TaHMWpcZ4	1unP-V	qadv-arbiter-7x7-rust-lambda-v0.1.0	-	qadv-arbiter-7x7-rust-lambda-v0.1.0	-	L	P	-
g1_3pnbHOvHIubkZJq_-FHJ1TFEWOTh580M7FyK32dXLrA	s1_fQAvwflzABGTL_nNCo4SFCgtWJSuIQs7dKI_MEuxX6U	1unP-V	qadv-arbiter-7x7-rust-lambda-v0.1.0	-	qadv-arbiter-7x7-rust-lambda-v0.1.0	-	L	P	196
g1_3pnbHOvHIubkZJq_-FHJ1TFEWOTh580M7FyK32dXLrA	s1_k07b7RP1a4EqiEQVZITSdUjkY0U58Fy_OpfnyXCDup4	1unP-V	qadv-arbiter-7x7-rust-lambda-v0.1.0	-	qadv-arbiter-7x7-rust-lambda-v0.1.0	-	L	P	196
g1_3pomQx38ngqCUUnf5O3Pts4oU9gG3XuAFyG2FJH6pB8	s1_O41W5II-9DQWGzIDp-XInIf--nAYTx6-iX-F8Z_ATZU	1unNtT	qadv-arbiter-7x7-rust-lambda-v0.1.0	-	qadv-arbiter-7x7-rust-lambda-v0.1.0	-	L	P	196
g1_3pomQx38ngqCUUnf5O3Pts4oU9gG3XuAFyG2FJH6pB8	s1_RBxxC0w26BOvZtfqsGArqGlDsU_2B-qoTkqh1GDsQKA	1unNtT	qadv-arbiter-7x7-rust-lambda-v0.1.0	-	qadv-arbiter-7x7-rust-lambda-v0.1.0	-	L	P	196
g1_3pomQx38ngqCUUnf5O3Pts4oU9gG3XuAFyG2FJH6pB8	s1_RauLaTi4eVgYHSp2TV9pqs9uzTVv0B10g9TaHMWpcZ4	1unNtT	qadv-arbiter-7x7-rust-lambda-v0.1.0	-	qadv-arbiter-7x7-rust-lambda-v0.1.0	-	L	P	-
g1_3pomQx38ngqCUUnf5O3Pts4oU9gG3XuAFyG2FJH6pB8	s1_qphDOk2r37K0-3uGF7DCdqxTZ9SOTC5IIxCJ0kkgOXM	1unNtT	qadv-arbiter-7x7-rust-lambda-v0.1.0	-	qadv-arbiter-7x7-rust-lambda-v0.1.0	-	L	P	196
g1_3pva9w4XGv6AmSkKcmWjZjpNr0Xros9UcQ5-Zf-PsWQ	s1_1av6nXQkq-GSHXfjkVlGHGpAq8F9UbW4JwZmyFA-vww	1umvDE	python-gnn-puct-scout-v0.1.0	sha256:b9f80706cc1f29076ee06fe06483697c749148a808c599579045d00a52573938	python-gnn-puct-scout-v0.1.0	sha256:b9f80706cc1f29076ee06fe06483697c749148a808c599579045d00a52573938	-	M	196
g1_3pva9w4XGv6AmSkKcmWjZjpNr0Xros9UcQ5-Zf-PsWQ	s1_Brk0hkuJoH-MBjdd53AO5tlWcOgDWV_R0PO74fHGd_0	1umvDE	python-gnn-puct-scout-v0.1.0	sha256:b9f80706cc1f29076ee06fe06483697c749148a808c599579045d00a52573938	python-gnn-puct-scout-v0.1.0	sha256:b9f80706cc1f29076ee06fe06483697c749148a808c599579045d00a52573938	-	M	196
g1_3pva9w4XGv6AmSkKcmWjZjpNr0Xros9UcQ5-Zf-PsWQ	s1_D_X-fTFZy6xuyGSC5jFyKBW6IP_59Jbomefazf4xu44	1umvDE	python-gnn-puct-scout-v0.1.0	sha256:b9f80706cc1f29076ee06fe06483697c749148a808c599579045d00a52573938	python-gnn-puct-scout-v0.1.0	sha256:b9f80706cc1f29076ee06fe06483697c749148a808c599579045d00a52573938	-	M	196
g1_3q0AlB-C6CdiCzdi3xUnGmHzEzaVQn3XXjgt79fMRZw	s1_4uWG2YXmGvouCqM6rQdGjAxbdv7OUApbs4egBvy4KZM	1unO5j	qadv-arbiter-7x7-rust-lambda-v0.1.0	-	qadv-arbiter-7x7-rust-lambda-v0.1.0	-	D	P	196
g1_3q0AlB-C6CdiCzdi3xUnGmHzEzaVQn3XXjgt79fMRZw	s1_FmTfUVHW-_pJI23TE0XkVcQmcNye9JXV3wXS5bptgco	1unO5j	qadv-arbiter-7x7-rust-lambda-v0.1.0	-	qadv-arbiter-7x7-rust-lambda-v0.1.0	-	D	P	196
g1_3q0AlB-C6CdiCzdi3xUnGmHzEzaVQn3XXjgt79fMRZw	s1_RauLaTi4eVgYHSp2TV9pqs9uzTVv0B10g9TaHMWpcZ4	1unO5j	qadv-arbiter-7x7-rust-lambda-v0.1.0	-	qadv-arbiter-7x7-rust-lambda-v0.1.0	-	D	P	-
g1_3q0AlB-C6CdiCzdi3xUnGmHzEzaVQn3XXjgt79fMRZw	s1_scM0Q_AbVZB9lNLL3O_YJ7aFazefVdemq-qOQ9cAk8o	1unO5j	qadv-arbiter-7x7-rust-lambda-v0.1.0	-	qadv-arbiter-7x7-rust-lambda-v0.1.0	-	D	P	196
g1_3q8ahQoVRGmVhpTdHfljsSgob_I0z6f_W2R3rxq3i9U	s1_-OKlJXuPFfAnukwGYITjiU7XKL4OC_qt76PC0TZSPjg	1umvhG	python-cnn-puct-v0.1.0	sha256:7845e9b7687beee165dc36b8d21833b7a8b5a83e31b58b49bd05c277ba26e642	python-cnn-puct-v0.1.0	sha256:7845e9b7687beee165dc36b8d21833b7a8b5a83e31b58b49bd05c277ba26e642	-	M	196
g1_3q8ahQoVRGmVhpTdHfljsSgob_I0z6f_W2R3rxq3i9U	s1_1av6nXQkq-GSHXfjkVlGHGpAq8F9UbW4JwZmyFA-vww	1umvhG	python-cnn-puct-v0.1.0	sha256:7845e9b7687beee165dc36b8d21833b7a8b5a83e31b58b49bd05c277ba26e642	python-cnn-puct-v0.1.0	sha256:7845e9b7687beee165dc36b8d21833b7a8b5a83e31b58b49bd05c277ba26e642	-	M	196
g1_3q8ahQoVRGmVhpTdHfljsSgob_I0z6f_W2R3rxq3i9U	s1_Brk0hkuJoH-MBjdd53AO5tlWcOgDWV_R0PO74fHGd_0	1umvhG	python-cnn-puct-v0.1.0	sha256:7845e9b7687beee165dc36b8d21833b7a8b5a83e31b58b49bd05c277ba26e642	python-cnn-puct-v0.1.0	sha256:7845e9b7687beee165dc36b8d21833b7a8b5a83e31b58b49bd05c277ba26e642	-	M	196
g1_3qEoTZJ2Js7RUF_Oo5ld_UU6zx1uN1bDEonngShEt8E	s1_1av6nXQkq-GSHXfjkVlGHGpAq8F9UbW4JwZmyFA-vww	1umvLU	python-gnn-puct-learner-v0.1.0	sha256:ab0f739cd33d66781faf60e27797c5ccba3c04ba684f8d9e32e9c2754f4e8956	python-gnn-puct-learner-v0.1.0	sha256:ab0f739cd33d66781faf60e27797c5ccba3c04ba684f8d9e32e9c2754f4e8956	-	M	196
g1_3qEoTZJ2Js7RUF_Oo5ld_UU6zx1uN1bDEonngShEt8E	s1_Brk0hkuJoH-MBjdd53AO5tlWcOgDWV_R0PO74fHGd_0	1umvLU	python-gnn-puct-learner-v0.1.0	sha256:ab0f739cd33d66781faf60e27797c5ccba3c04ba684f8d9e32e9c2754f4e8956	python-gnn-puct-learner-v0.1.0	sha256:ab0f739cd33d66781faf60e27797c5ccba3c04ba684f8d9e32e9c2754f4e8956	-	M	196
g1_3qEoTZJ2Js7RUF_Oo5ld_UU6zx1uN1bDEonngShEt8E	s1_QBFUsDtxokERlDOdQkleYbPvhJ-vIp2qmp6DXjS-7oM	1umvLU	python-gnn-puct-learner-v0.1.0	sha256:ab0f739cd33d66781faf60e27797c5ccba3c04ba684f8d9e32e9c2754f4e8956	python-gnn-puct-learner-v0.1.0	sha256:ab0f739cd33d66781faf60e27797c5ccba3c04ba684f8d9e32e9c2754f4e8956	-	M	196
g1_3qMzpw4JOaqhItGelfpGj2Nq4hd3o2hLQzvhSnxYOMM	s1_IpH6YO7Qgz93NjsCOHR_faEhESaiaZuR-HdeODHIUEU	1unNCj	qadv-arbiter-7x7-rust-lambda-v0.1.0	-	qadv-arbiter-7x7-rust-lambda-v0.1.0	-	L	P	196
g1_3qMzpw4JOaqhItGelfpGj2Nq4hd3o2hLQzvhSnxYOMM	s1_RauLaTi4eVgYHSp2TV9pqs9uzTVv0B10g9TaHMWpcZ4	1unNCj	qadv-arbiter-7x7-rust-lambda-v0.1.0	-	qadv-arbiter-7x7-rust-lambda-v0.1.0	-	L	P	-
g1_3qMzpw4JOaqhItGelfpGj2Nq4hd3o2hLQzvhSnxYOMM	s1_SHK0u3L9hFjj2_-jpQ5btdZjGfi2JbS4ejjHte41iOs	1unNCj	qadv-arbiter-7x7-rust-lambda-v0.1.0	-	qadv-arbiter-7x7-rust-lambda-v0.1.0	-	L	P	196
g1_3qMzpw4JOaqhItGelfpGj2Nq4hd3o2hLQzvhSnxYOMM	s1_Zn1N0wN_QvX4OqLEuFapB8dTHRh6s70M03CEj_bGcFE	1unNCj	qadv-arbiter-7x7-rust-lambda-v0.1.0	-	qadv-arbiter-7x7-rust-lambda-v0.1.0	-	L	P	196
g1_3qOdxe8syODXrYCyy2e62Hq66C4unUKe3REuh1L4C8I	s1_7FIu85-v_e-kbNsQ2UNk3yRt-KGcLyUjpmVwIc9cnfM	1umwFP	python-gnn-puct-scout-v0.1.0	sha256:b9f80706cc1f29076ee06fe06483697c749148a808c599579045d00a52573938	python-gnn-puct-scout-v0.1.0	sha256:b9f80706cc1f29076ee06fe06483697c749148a808c599579045d00a52573938	L	P	196
g1_3qOdxe8syODXrYCyy2e62Hq66C4unUKe3REuh1L4C8I	s1_S8AGNBNcWBvWiwIo-AOAHPoHuZo2XvcsYvhgQxGTkrY	1umwFP	python-gnn-puct-scout-v0.1.0	sha256:b9f80706cc1f29076ee06fe06483697c749148a808c599579045d00a52573938	python-gnn-puct-scout-v0.1.0	sha256:b9f80706cc1f29076ee06fe06483697c749148a808c599579045d00a52573938	L	P	196
g1_3qRTuIgHCR4DaMyJnC3Ze4OqkFWr_RxbExBlD_RqhpQ	s1__fmnSv6OnZklVvMPUjPdL6drtvfrJptRYX3nxZQO8jI	1umxoo	python-gnn-puct-scout-v0.1.0	sha256:b9f80706cc1f29076ee06fe06483697c749148a808c599579045d00a52573938	python-gnn-puct-scout-v0.1.0	sha256:b9f80706cc1f29076ee06fe06483697c749148a808c599579045d00a52573938	D	P	196
g1_3qW6mE6FnJcL-iQGoUXWIphnPAGS2S3Av7sNaAU_SDE	s1_1av6nXQkq-GSHXfjkVlGHGpAq8F9UbW4JwZmyFA-vww	1DIW-	rust-pathfinder-v0.1.0	-	lunatic-v0.1.0	-	L	P	-
g1_3qW6mE6FnJcL-iQGoUXWIphnPAGS2S3Av7sNaAU_SDE	s1_9Eroywf7tuDrn-hcfZPjlEa1DSRUykCRn9Z11u8ySIo	1DIW-	rust-pathfinder-v0.1.0	-	lunatic-v0.1.0	-	L	P	-
g1_3qW6mE6FnJcL-iQGoUXWIphnPAGS2S3Av7sNaAU_SDE	s1_Brk0hkuJoH-MBjdd53AO5tlWcOgDWV_R0PO74fHGd_0	1DIW-	rust-pathfinder-v0.1.0	-	lunatic-v0.1.0	-	L	P	-
g1_3qW6mE6FnJcL-iQGoUXWIphnPAGS2S3Av7sNaAU_SDE	s1_KmF8KhDbubz6lwdS8R_n_yTGdSONmH9B1wUABbyCj94	1DIW-	rust-pathfinder-v0.1.0	-	lunatic-v0.1.0	-	L	P	-
g1_3qW6mE6FnJcL-iQGoUXWIphnPAGS2S3Av7sNaAU_SDE	s1_MKrI0a3Qd48rU7oZj28GrlQ3cHhIbUzS5ibiIW9aKy4	1DIW-	rust-pathfinder-v0.1.0	-	lunatic-v0.1.0	-	L	P	-
g1_3qW6mE6FnJcL-iQGoUXWIphnPAGS2S3Av7sNaAU_SDE	s1_XloMUS0hxYEXf762lcPfaudsLmsH-CsOVZNVVU_obcA	1DIW-	rust-pathfinder-v0.1.0	-	lunatic-v0.1.0	-	L	P	-
g1_3qW6mE6FnJcL-iQGoUXWIphnPAGS2S3Av7sNaAU_SDE	s1_g5pGkHBMEhzAYvwFY0b24sSc7wC9JfnWApMHHZ_aMPI	1DIW-	rust-pathfinder-v0.1.0	-	lunatic-v0.1.0	-	L	P	-
g1_3qXnynBQNtriPQoql4m98B1u8FF7W0KDq-4lGyL8m3g	s1_5G05IBHajhbawfe31PqZi7imwL8fAzXkTWxuJh7iJCo	1unNQD	qadv-arbiter-7x7-rust-lambda-v0.1.0	-	qadv-arbiter-7x7-rust-lambda-v0.1.0	-	L	P	196
g1_3qXnynBQNtriPQoql4m98B1u8FF7W0KDq-4lGyL8m3g	s1_RauLaTi4eVgYHSp2TV9pqs9uzTVv0B10g9TaHMWpcZ4	1unNQD	qadv-arbiter-7x7-rust-lambda-v0.1.0	-	qadv-arbiter-7x7-rust-lambda-v0.1.0	-	L	P	-
g1_3qXnynBQNtriPQoql4m98B1u8FF7W0KDq-4lGyL8m3g	s1_dxtWCu6LPT6fYnjWu3FcAkCaJN2RT0XLesCi2e1AOfE	1unNQD	qadv-arbiter-7x7-rust-lambda-v0.1.0	-	qadv-arbiter-7x7-rust-lambda-v0.1.0	-	L	P	196
g1_3qXnynBQNtriPQoql4m98B1u8FF7W0KDq-4lGyL8m3g	s1_jHCsYutKuc4ufOO6Q3EFA14MN8xjrHJCl2idOey7_3Q	1unNQD	qadv-arbiter-7x7-rust-lambda-v0.1.0	-	qadv-arbiter-7x7-rust-lambda-v0.1.0	-	L	P	196
g1_3qZvgkO6SCJdTxtUcGzzR52dtKe0Hf5d9EFN4C00W-M	s1_1av6nXQkq-GSHXfjkVlGHGpAq8F9UbW4JwZmyFA-vww	1umvaC	gnn-warmstart-7x7	sha256:e000d50619c0241c30efdd1f5adb7a8b738c66859d33c3443c52a20f56fcc13a	cnn-baseline-7x7	sha256:f4969554372b34d9773382cf5cd8e3f20890ccedfb1e6c685984c6c94fbb6203	-	M	196
g1_3qZvgkO6SCJdTxtUcGzzR52dtKe0Hf5d9EFN4C00W-M	s1_dcEgf_s_8JfAgzbYFm9Z15BWrFU6bsc6MzE1gZNvlP4	1umvaC	gnn-warmstart-7x7	sha256:e000d50619c0241c30efdd1f5adb7a8b738c66859d33c3443c52a20f56fcc13a	cnn-baseline-7x7	sha256:f4969554372b34d9773382cf5cd8e3f20890ccedfb1e6c685984c6c94fbb6203	-	M	196
g1_3qZvgkO6SCJdTxtUcGzzR52dtKe0Hf5d9EFN4C00W-M	s1_mWPTef6xYbijjPhDIC6QgLRmu2mMSJAokNlIkx3vg54	1umvaC	gnn-warmstart-7x7	sha256:e000d50619c0241c30efdd1f5adb7a8b738c66859d33c3443c52a20f56fcc13a	cnn-baseline-7x7	sha256:f4969554372b34d9773382cf5cd8e3f20890ccedfb1e6c685984c6c94fbb6203	-	M	196
g1_3qewsC8gCptHl2213aRsFIhiRTnfgI0gxocGv4SWxXI	s1_6zaJmacxGTypv80Ticvzxd0BLO-QpKQ5Nz41QuGX8qc	1unNC_	qadv-arbiter-7x7-rust-lambda-v0.1.0	-	qadv-arbiter-7x7-rust-lambda-v0.1.0	-	L	P	196
g1_3qewsC8gCptHl2213aRsFIhiRTnfgI0gxocGv4SWxXI	s1_BBExft3zXiQ6RwPXNL8aWZnczO6Jgr0cQFbQG_ZTxYU	1unNC_	qadv-arbiter-7x7-rust-lambda-v0.1.0	-	qadv-arbiter-7x7-rust-lambda-v0.1.0	-	L	P	196
g1_3qewsC8gCptHl2213aRsFIhiRTnfgI0gxocGv4SWxXI	s1_RauLaTi4eVgYHSp2TV9pqs9uzTVv0B10g9TaHMWpcZ4	1unNC_	qadv-arbiter-7x7-rust-lambda-v0.1.0	-	qadv-arbiter-7x7-rust-lambda-v0.1.0	-	L	P	-
g1_3qewsC8gCptHl2213aRsFIhiRTnfgI0gxocGv4SWxXI	s1_fyuQVFKZzWksMz7DjSi5TFzZOstLyqMtgTdev0jgmtM	1unNC_	qadv-arbiter-7x7-rust-lambda-v0.1.0	-	qadv-arbiter-7x7-rust-lambda-v0.1.0	-	L	P	196
g1_3qgfVIlxnAqJLMgmbwNWxDbsorqmFkIBd7zj3hwYoSo	s1_1av6nXQkq-GSHXfjkVlGHGpAq8F9UbW4JwZmyFA-vww	1umwuG	pathfinder-v0.3.0	-	surveyor-v0.2.0	-	L	P	196
g1_3qgfVIlxnAqJLMgmbwNWxDbsorqmFkIBd7zj3hwYoSo	s1_Brk0hkuJoH-MBjdd53AO5tlWcOgDWV_R0PO74fHGd_0	1umwuG	pathfinder-v0.3.0	-	surveyor-v0.2.0	-	L	P	196
g1_3qgfVIlxnAqJLMgmbwNWxDbsorqmFkIBd7zj3hwYoSo	s1_dcEgf_s_8JfAgzbYFm9Z15BWrFU6bsc6MzE1gZNvlP4	1umwuG	pathfinder-v0.3.0	-	surveyor-v0.2.0	-	L	P	196
g1_3qhyN0a5jjHWZ_yoeR-F_cd7vahTpwisq9-vs0vFtuU	s1_8_ZUEeGN1C7jw4jqbKpqU6-OsVorbaFOo9inLn4M-pg	1unPyu	qadv-arbiter-7x7-rust-lambda-v0.1.0	-	qadv-arbiter-7x7-rust-lambda-v0.1.0	-	L	P	196
g1_3qhyN0a5jjHWZ_yoeR-F_cd7vahTpwisq9-vs0vFtuU	s1_RauLaTi4eVgYHSp2TV9pqs9uzTVv0B10g9TaHMWpcZ4	1unPyu	qadv-arbiter-7x7-rust-lambda-v0.1.0	-	qadv-arbiter-7x7-rust-lambda-v0.1.0	-	L	P	-
g1_3qhyN0a5jjHWZ_yoeR-F_cd7vahTpwisq9-vs0vFtuU	s1_ZMrZbD2HvXbw8Tb__aswQ3ukTdzO5yiCWSXT881K4rc	1unPyu	qadv-arbiter-7x7-rust-lambda-v0.1.0	-	qadv-arbiter-7x7-rust-lambda-v0.1.0	-	L	P	196
g1_3qhyN0a5jjHWZ_yoeR-F_cd7vahTpwisq9-vs0vFtuU	s1_tfNxcpjn6goIg6qYP0OiS14XJugMchiueHEKuDq_Bk8	1unPyu	qadv-arbiter-7x7-rust-lambda-v0.1.0	-	qadv-arbiter-7x7-rust-lambda-v0.1.0	-	L	P	196
g1_3qjR0Q7tLX96lwfFXUFtQ41psAEb5VJSqj2FHHFBkNo	s1_WVg7aYYLIrw6_-2mI3jQ-DPcLO4gX2sPEEqWQb0DGQA	1umxKq	python-cnn-puct-reval30k-v0.1.0	sha256:eb2600a53e225a835455efdb2759c40e27c5cb3c16ab0688bc21b99290ed10ee	python-cnn-puct-reval30k-v0.1.0	sha256:eb2600a53e225a835455efdb2759c40e27c5cb3c16ab0688bc21b99290ed10ee	D	P	196
g1_3r1Rt1gpjc-zbUps-tVGwEserYA9Sa4Z6VvSEv270i0	s1_RauLaTi4eVgYHSp2TV9pqs9uzTVv0B10g9TaHMWpcZ4	1unMf2	qadv-arbiter-7x7-rust-lambda-v0.1.0	-	qadv-arbiter-7x7-rust-lambda-v0.1.0	-	L	P	-
g1_3r1Rt1gpjc-zbUps-tVGwEserYA9Sa4Z6VvSEv270i0	s1_Wccf90eLg0OGiCLxYz7tk0g9jTJayQwb7iNNKy31k4w	1unMf2	qadv-arbiter-7x7-rust-lambda-v0.1.0	-	qadv-arbiter-7x7-rust-lambda-v0.1.0	-	L	P	196
g1_3r1Rt1gpjc-zbUps-tVGwEserYA9Sa4Z6VvSEv270i0	s1_bdO-B8TWGVaSEXN7tgCCjKp8ODLfl8WGVyvLOmWxt5s	1unMf2	qadv-arbiter-7x7-rust-lambda-v0.1.0	-	qadv-arbiter-7x7-rust-lambda-v0.1.0	-	L	P	196
g1_3r1Rt1gpjc-zbUps-tVGwEserYA9Sa4Z6VvSEv270i0	s1_rDhGzov2iC2Y5Gc49cIisIMiO0usmiXt2-uxeBO70nY	1unMf2	qadv-arbiter-7x7-rust-lambda-v0.1.0	-	qadv-arbiter-7x7-rust-lambda-v0.1.0	-	L	P	196
g1_3r5gbbydDx4La3ti5ARGLsnRlAL3XlB66wPm6bpDqXM	s1_RauLaTi4eVgYHSp2TV9pqs9uzTVv0B10g9TaHMWpcZ4	1unONr	qadv-arbiter-7x7-rust-lambda-v0.1.0	-	qadv-arbiter-7x7-rust-lambda-v0.1.0	-	L	P	-
g1_3r5gbbydDx4La3ti5ARGLsnRlAL3XlB66wPm6bpDqXM	s1_U9COFA-LDsRD4ZoCKYoGzo2IH0vGrCDO-p0TK-LDImc	1unONr	qadv-arbiter-7x7-rust-lambda-v0.1.0	-	qadv-arbiter-7x7-rust-lambda-v0.1.0	-	L	P	196
g1_3r5gbbydDx4La3ti5ARGLsnRlAL3XlB66wPm6bpDqXM	s1_nIom91Svo4rlf1nGHYNsPa4-NEAYTJoQfF04ZFSGD28	1unONr	qadv-arbiter-7x7-rust-lambda-v0.1.0	-	qadv-arbiter-7x7-rust-lambda-v0.1.0	-	L	P	196
g1_3r5gbbydDx4La3ti5ARGLsnRlAL3XlB66wPm6bpDqXM	s1_oDgtwouIpL5Ot52jyT85LBWoQW9uhnRMoFp4ShaR0rA	1unONr	qadv-arbiter-7x7-rust-lambda-v0.1.0	-	qadv-arbiter-7x7-rust-lambda-v0.1.0	-	L	P	196
g1_3rGxUs-iN2cWVIT3siOTZGIt_5-nMsxeP0aoV1dZq2A	s1_1av6nXQkq-GSHXfjkVlGHGpAq8F9UbW4JwZmyFA-vww	rfEa4	human-web-v1	-	surveyor-v0	-	D	P	196
g1_3rGxUs-iN2cWVIT3siOTZGIt_5-nMsxeP0aoV1dZq2A	s1_VeKQnEaad0kqqZabL-trAbY-2B41zD5rGsvLbD1kpuw	rfEa4	human-web-v1	-	surveyor-v0	-	D	P	196
g1_3rGxUs-iN2cWVIT3siOTZGIt_5-nMsxeP0aoV1dZq2A	s1_mWPTef6xYbijjPhDIC6QgLRmu2mMSJAokNlIkx3vg54	rfEa4	human-web-v1	-	surveyor-v0	-	D	P	196
g1_3rVnmzZOe2_gX_GTIFvMAs0P6qT-owTKB5mfhsDfMxk	s1_N3cj0aM8z-7uvk7Uu1n7PCqeWut3Jq_QXDEu3vVlkU4	1unPjC	qadv-arbiter-7x7-rust-lambda-v0.1.0	-	qadv-arbiter-7x7-rust-lambda-v0.1.0	-	D	P	196
g1_3rVnmzZOe2_gX_GTIFvMAs0P6qT-owTKB5mfhsDfMxk	s1_RauLaTi4eVgYHSp2TV9pqs9uzTVv0B10g9TaHMWpcZ4	1unPjC	qadv-arbiter-7x7-rust-lambda-v0.1.0	-	qadv-arbiter-7x7-rust-lambda-v0.1.0	-	D	P	-
g1_3rVnmzZOe2_gX_GTIFvMAs0P6qT-owTKB5mfhsDfMxk	s1_tJGdmBF0nJfaOuOFI3EeMIB2WOmQN4hisxmMu-XIm6M	1unPjC	qadv-arbiter-7x7-rust-lambda-v0.1.0	-	qadv-arbiter-7x7-rust-lambda-v0.1.0	-	D	P	196
g1_3rVnmzZOe2_gX_GTIFvMAs0P6qT-owTKB5mfhsDfMxk	s1_ziBbzurAUUdx8xFSQJ1LCYvYNgVWo4j13e5LvXpAVKo	1unPjC	qadv-arbiter-7x7-rust-lambda-v0.1.0	-	qadv-arbiter-7x7-rust-lambda-v0.1.0	-	D	P	196
g1_3rZhMVwH8t8vtYFNYfSNh1m-ZCXbi5JAih57fsTEhHs	s1__fmnSv6OnZklVvMPUjPdL6drtvfrJptRYX3nxZQO8jI	1umxvR	python-gnn-puct-scout-v0.1.0	sha256:b9f80706cc1f29076ee06fe06483697c749148a808c599579045d00a52573938	python-gnn-puct-scout-v0.1.0	sha256:b9f80706cc1f29076ee06fe06483697c749148a808c599579045d00a52573938	D	P	196
g1_3rhuJfwEYzZ1jZIzcFagIAcZ2es6pE87YnoYsKvQG1k	s1_2FtaP75xgRVTNrUvmC0NIesJCNy8IDFJ05WNM4nUnpg	1unRDk	qadv-arbiter-7x7-v0.1.0	-	coin-flip-v0.0.1	-	L	P	196
g1_3rhuJfwEYzZ1jZIzcFagIAcZ2es6pE87YnoYsKvQG1k	s1_RauLaTi4eVgYHSp2TV9pqs9uzTVv0B10g9TaHMWpcZ4	1unRDk	qadv-arbiter-7x7-v0.1.0	-	coin-flip-v0.0.1	-	L	P	-
g1_3rhuJfwEYzZ1jZIzcFagIAcZ2es6pE87YnoYsKvQG1k	s1_U4DIxWL6de_IB7-G9-k0dneLZGCBTykzKhJwdv8JsUY	1unRDk	qadv-arbiter-7x7-v0.1.0	-	coin-flip-v0.0.1	-	L	P	196
g1_3rhuJfwEYzZ1jZIzcFagIAcZ2es6pE87YnoYsKvQG1k	s1_lf37RFJZXG6h_Rh-MlgVEjUqMMv7sGVVtm4Z-Zz3_EY	1unRDk	qadv-arbiter-7x7-v0.1.0	-	coin-flip-v0.0.1	-	L	P	196
g1_3rkOXzPnfznW6Szh0AImsg7FqTOuvjYPUbDZ-vtlarQ	s1_IzF7rPmTTDXSwP0RlqREvm-espuvOr_DuhM2TvdaFW8	1unM4c	qadv-arbiter-7x7-rust-lambda-v0.1.0	-	qadv-arbiter-7x7-rust-lambda-v0.1.0	-	L	P	196
g1_3rkOXzPnfznW6Szh0AImsg7FqTOuvjYPUbDZ-vtlarQ	s1_RauLaTi4eVgYHSp2TV9pqs9uzTVv0B10g9TaHMWpcZ4	1unM4c	qadv-arbiter-7x7-rust-lambda-v0.1.0	-	qadv-arbiter-7x7-rust-lambda-v0.1.0	-	L	P	-
g1_3rkOXzPnfznW6Szh0AImsg7FqTOuvjYPUbDZ-vtlarQ	s1_ZVaWGLcclLKo526smDz5K0rklUzfGWoS_2GIEolg5AI	1unM4c	qadv-arbiter-7x7-rust-lambda-v0.1.0	-	qadv-arbiter-7x7-rust-lambda-v0.1.0	-	L	P	196
g1_3rkOXzPnfznW6Szh0AImsg7FqTOuvjYPUbDZ-vtlarQ	s1_d4dfOIA3_16tAkPSWlUr6cph4kkSOSH4d2EOBWOyuns	1unM4c	qadv-arbiter-7x7-rust-lambda-v0.1.0	-	qadv-arbiter-7x7-rust-lambda-v0.1.0	-	L	P	196
g1_3rke3Uy_ODsfWlpi3HnXOgcqTWrE5d0fKrtVO2qL9To	s1_OFhwaeALokIMfjU7WMazyKpqvimlenhf_NtTZBMfQHU	1unPDD	qadv-arbiter-7x7-rust-lambda-v0.1.0	-	qadv-arbiter-7x7-rust-lambda-v0.1.0	-	D	P	196
g1_3rke3Uy_ODsfWlpi3HnXOgcqTWrE5d0fKrtVO2qL9To	s1_RauLaTi4eVgYHSp2TV9pqs9uzTVv0B10g9TaHMWpcZ4	1unPDD	qadv-arbiter-7x7-rust-lambda-v0.1.0	-	qadv-arbiter-7x7-rust-lambda-v0.1.0	-	D	P	-
g1_3rke3Uy_ODsfWlpi3HnXOgcqTWrE5d0fKrtVO2qL9To	s1_W6DxgMwlghLEt2AWui9WOxj1prqdUhkNvQIo4EeI-eI	1unPDD	qadv-arbiter-7x7-rust-lambda-v0.1.0	-	qadv-arbiter-7x7-rust-lambda-v0.1.0	-	D	P	196
g1_3rke3Uy_ODsfWlpi3HnXOgcqTWrE5d0fKrtVO2qL9To	s1_u7xAEUs6AUjcJNx__qiabKp9h_LiiDiIZHgX5yMQpUU	1unPDD	qadv-arbiter-7x7-rust-lambda-v0.1.0	-	qadv-arbiter-7x7-rust-lambda-v0.1.0	-	D	P	196
g1_3rq5DPGACpfTEovSH6zCdqiJGrindMAKWh9qdElqYtI	s1_7t-SPovjcpAdiJIeJxWmzHJtHm_bu5ptCJoaNDLcVtc	1unPP3	qadv-arbiter-7x7-rust-lambda-v0.1.0	-	qadv-arbiter-7x7-rust-lambda-v0.1.0	-	L	P	196
g1_3rq5DPGACpfTEovSH6zCdqiJGrindMAKWh9qdElqYtI	s1_RauLaTi4eVgYHSp2TV9pqs9uzTVv0B10g9TaHMWpcZ4	1unPP3	qadv-arbiter-7x7-rust-lambda-v0.1.0	-	qadv-arbiter-7x7-rust-lambda-v0.1.0	-	L	P	-
g1_3rq5DPGACpfTEovSH6zCdqiJGrindMAKWh9qdElqYtI	s1_uQ3LseeZi6figj2NKbe8tZb9YiVqysoxl7w75Xe-LMQ	1unPP3	qadv-arbiter-7x7-rust-lambda-v0.1.0	-	qadv-arbiter-7x7-rust-lambda-v0.1.0	-	L	P	196
g1_3rq5DPGACpfTEovSH6zCdqiJGrindMAKWh9qdElqYtI	s1_x34el339nIVYq1ufB_QNCGGUyDnSRUHU_LAvDEo5kjs	1unPP3	qadv-arbiter-7x7-rust-lambda-v0.1.0	-	qadv-arbiter-7x7-rust-lambda-v0.1.0	-	L	P	196
g1_3rz8mti4oS7C-_Gq5mCCiwCiq1Ub6HeT2E2l1SwCbCA	s1_WVg7aYYLIrw6_-2mI3jQ-DPcLO4gX2sPEEqWQb0DGQA	1umxIg	python-cnn-puct-reval30k-v0.1.0	sha256:eb2600a53e225a835455efdb2759c40e27c5cb3c16ab0688bc21b99290ed10ee	python-cnn-puct-reval30k-v0.1.0	sha256:eb2600a53e225a835455efdb2759c40e27c5cb3c16ab0688bc21b99290ed10ee	L	P	196
g1_3s-8s6Db63iEy6BfKsEh7YCKXNJDlVrK1J_M_1Gesyg	s1_QH38PNrP67-Yt3dSOshlESk5lB9zUt_anvsAssSwEh8	1unNS3	qadv-arbiter-7x7-rust-lambda-v0.1.0	-	qadv-arbiter-7x7-rust-lambda-v0.1.0	-	L	P	196
g1_3s-8s6Db63iEy6BfKsEh7YCKXNJDlVrK1J_M_1Gesyg	s1_RauLaTi4eVgYHSp2TV9pqs9uzTVv0B10g9TaHMWpcZ4	1unNS3	qadv-arbiter-7x7-rust-lambda-v0.1.0	-	qadv-arbiter-7x7-rust-lambda-v0.1.0	-	L	P	-
g1_3s-8s6Db63iEy6BfKsEh7YCKXNJDlVrK1J_M_1Gesyg	s1_oNyQhsbskFssdlzkQJRf0SqucCE2P0AUvWBZJDi2DzU	1unNS3	qadv-arbiter-7x7-rust-lambda-v0.1.0	-	qadv-arbiter-7x7-rust-lambda-v0.1.0	-	L	P	196
g1_3s-8s6Db63iEy6BfKsEh7YCKXNJDlVrK1J_M_1Gesyg	s1_viCBZNawkaxq1Z3xG7VL15CqYSB3odOJ8W2-ScbnzFc	1unNS3	qadv-arbiter-7x7-rust-lambda-v0.1.0	-	qadv-arbiter-7x7-rust-lambda-v0.1.0	-	L	P	196
g1_3s1npnaXCE55NS0KModuzI0KQffy-1I_h7Yc-nPr6io	s1_RauLaTi4eVgYHSp2TV9pqs9uzTVv0B10g9TaHMWpcZ4	1unN-R	qadv-arbiter-7x7-rust-lambda-v0.1.0	-	qadv-arbiter-7x7-rust-lambda-v0.1.0	-	D	P	-
g1_3s1npnaXCE55NS0KModuzI0KQffy-1I_h7Yc-nPr6io	s1_VRX5nrBZmveMO7gT2f-ULTn6ggRQ7VJDvuAbxFQeUE0	1unN-R	qadv-arbiter-7x7-rust-lambda-v0.1.0	-	qadv-arbiter-7x7-rust-lambda-v0.1.0	-	D	P	196
g1_3s1npnaXCE55NS0KModuzI0KQffy-1I_h7Yc-nPr6io	s1_Y6aRRXXFfBROyuD87AViQVuWQmrlPl_EgKeZPPxkgAQ	1unN-R	qadv-arbiter-7x7-rust-lambda-v0.1.0	-	qadv-arbiter-7x7-rust-lambda-v0.1.0	-	D	P	196
g1_3s1npnaXCE55NS0KModuzI0KQffy-1I_h7Yc-nPr6io	s1_d1-ONwPgkFyK7TzO5aYBarjMJmVPHpJhA2BZzCkwZqM	1unN-R	qadv-arbiter-7x7-rust-lambda-v0.1.0	-	qadv-arbiter-7x7-rust-lambda-v0.1.0	-	D	P	196
g1_3s2cRAoJbF86buAd1UyOAnPbQyeMM3h4mqTGkyzbB3o	s1_1jT_Fznx76Z2YhcFMzvHQasYTrIoOsQtr7u3P-U8SGo	1unLqK	qadv-arbiter-7x7-rust-lambda-v0.1.0	-	qadv-arbiter-7x7-rust-lambda-v0.1.0	-	L	P	196
g1_3s2cRAoJbF86buAd1UyOAnPbQyeMM3h4mqTGkyzbB3o	s1_RauLaTi4eVgYHSp2TV9pqs9uzTVv0B10g9TaHMWpcZ4	1unLqK	qadv-arbiter-7x7-rust-lambda-v0.1.0	-	qadv-arbiter-7x7-rust-lambda-v0.1.0	-	L	P	-
g1_3s2cRAoJbF86buAd1UyOAnPbQyeMM3h4mqTGkyzbB3o	s1_azbm9BjCipbJ9WPNEDrow4nO_MrNrRhEiegVwRCA844	1unLqK	qadv-arbiter-7x7-rust-lambda-v0.1.0	-	qadv-arbiter-7x7-rust-lambda-v0.1.0	-	L	P	196
g1_3s2cRAoJbF86buAd1UyOAnPbQyeMM3h4mqTGkyzbB3o	s1_rw9xd8i5P3j96vwMCB7gZsq1yVUdhzH4fbW63AQ3JYc	1unLqK	qadv-arbiter-7x7-rust-lambda-v0.1.0	-	qadv-arbiter-7x7-rust-lambda-v0.1.0	-	L	P	196
g1_3s3KlrRUICYcZhQS62jOViolqn7luETvRSyyEiWwSfo	s1_2FtaP75xgRVTNrUvmC0NIesJCNy8IDFJ05WNM4nUnpg	1unQvp	surveyor-v0.2.0	-	qadv-arbiter-7x7-v0.1.0	-	L	P	196
g1_3s3KlrRUICYcZhQS62jOViolqn7luETvRSyyEiWwSfo	s1_PKkm5dh2F8XjFJ5BuBrQ6UVDI2OPiBSIvX3hUqJc9Y4	1unQvp	surveyor-v0.2.0	-	qadv-arbiter-7x7-v0.1.0	-	L	P	196
g1_3s3KlrRUICYcZhQS62jOViolqn7luETvRSyyEiWwSfo	s1_RauLaTi4eVgYHSp2TV9pqs9uzTVv0B10g9TaHMWpcZ4	1unQvp	surveyor-v0.2.0	-	qadv-arbiter-7x7-v0.1.0	-	L	P	-
g1_3s3KlrRUICYcZhQS62jOViolqn7luETvRSyyEiWwSfo	s1_e6mG9jC18jcWM3vr2rCJBFuHqNGLBUaZZPu5Jjzvfic	1unQvp	surveyor-v0.2.0	-	qadv-arbiter-7x7-v0.1.0	-	L	P	196
g1_3s6N7uOb0dWBxDGHOQM9fxkYc2RFyn3b2lsZUffRbSA	s1_BspUEENGft58Q2ts53lR7ZUvSfTOv7Sz4iE9__MERtM	1unMCV	qadv-arbiter-7x7-rust-lambda-v0.1.0	-	qadv-arbiter-7x7-rust-lambda-v0.1.0	-	L	P	196
g1_3s6N7uOb0dWBxDGHOQM9fxkYc2RFyn3b2lsZUffRbSA	s1_KLt_j6-MEeKefjz_8jQgPC1gP0TJdA9z1YKiHDfxkP8	1unMCV	qadv-arbiter-7x7-rust-lambda-v0.1.0	-	qadv-arbiter-7x7-rust-lambda-v0.1.0	-	L	P	196
g1_3s6N7uOb0dWBxDGHOQM9fxkYc2RFyn3b2lsZUffRbSA	s1_RauLaTi4eVgYHSp2TV9pqs9uzTVv0B10g9TaHMWpcZ4	1unMCV	qadv-arbiter-7x7-rust-lambda-v0.1.0	-	qadv-arbiter-7x7-rust-lambda-v0.1.0	-	L	P	-
g1_3s6N7uOb0dWBxDGHOQM9fxkYc2RFyn3b2lsZUffRbSA	s1_aAFgy2xU-Gfd36mo6ftZ6HyrK29hPFfnDhQgDRsYUt8	1unMCV	qadv-arbiter-7x7-rust-lambda-v0.1.0	-	qadv-arbiter-7x7-rust-lambda-v0.1.0	-	L	P	196
g1_3s9PQoEL9v7SAORpakI775rudwhv1KjwdKRdEBHsKHk	s1_HTKVZH5XRVy5d-eh4vlHot0Lt_NUIUPO0K6EYM9bQZ8	1unPC-	qadv-arbiter-7x7-rust-lambda-v0.1.0	-	qadv-arbiter-7x7-rust-lambda-v0.1.0	-	L	P	196
g1_3s9PQoEL9v7SAORpakI775rudwhv1KjwdKRdEBHsKHk	s1_RauLaTi4eVgYHSp2TV9pqs9uzTVv0B10g9TaHMWpcZ4	1unPC-	qadv-arbiter-7x7-rust-lambda-v0.1.0	-	qadv-arbiter-7x7-rust-lambda-v0.1.0	-	L	P	-
g1_3s9PQoEL9v7SAORpakI775rudwhv1KjwdKRdEBHsKHk	s1_e1SSvfgR3TgCV-SGX6aL8husvYE0uQ6TvUMBaz2i8kM	1unPC-	qadv-arbiter-7x7-rust-lambda-v0.1.0	-	qadv-arbiter-7x7-rust-lambda-v0.1.0	-	L	P	196
g1_3s9PQoEL9v7SAORpakI775rudwhv1KjwdKRdEBHsKHk	s1_iFv_yYISf-VMgeWWt3p-QU5af4k8IjfHLHOCEePus10	1unPC-	qadv-arbiter-7x7-rust-lambda-v0.1.0	-	qadv-arbiter-7x7-rust-lambda-v0.1.0	-	L	P	196
g1_3sGwQnyFxybxEzK8OyG7PIdi8swiJdhGyhN-c9p0-8s	s1_WVg7aYYLIrw6_-2mI3jQ-DPcLO4gX2sPEEqWQb0DGQA	1umxR0	python-cnn-puct-reval30k-v0.1.0	sha256:eb2600a53e225a835455efdb2759c40e27c5cb3c16ab0688bc21b99290ed10ee	python-cnn-puct-reval30k-v0.1.0	sha256:eb2600a53e225a835455efdb2759c40e27c5cb3c16ab0688bc21b99290ed10ee	D	P	196
g1_3sI8_2NWAa6OSKSIP-xYGb-XM1_aOksC0Eb-Zfwl0Bk	s1_9MUVjmz5V1YZdqK_L6NIVzpwcIK5bkT5xqLhV4Uvle8	1unO_6	qadv-arbiter-7x7-rust-lambda-v0.1.0	-	qadv-arbiter-7x7-rust-lambda-v0.1.0	-	D	P	196
g1_3sI8_2NWAa6OSKSIP-xYGb-XM1_aOksC0Eb-Zfwl0Bk	s1_JU8YYVsUznsb76M1zcDu6MV_xjYlS4jKgJDoHz3-L9Y	1unO_6	qadv-arbiter-7x7-rust-lambda-v0.1.0	-	qadv-arbiter-7x7-rust-lambda-v0.1.0	-	D	P	196
g1_3sI8_2NWAa6OSKSIP-xYGb-XM1_aOksC0Eb-Zfwl0Bk	s1_PE99zNufAE5EbWf1m5BDpKTT7IWKhRJEnfRIgPy7Ruo	1unO_6	qadv-arbiter-7x7-rust-lambda-v0.1.0	-	qadv-arbiter-7x7-rust-lambda-v0.1.0	-	D	P	196
g1_3sI8_2NWAa6OSKSIP-xYGb-XM1_aOksC0Eb-Zfwl0Bk	s1_RauLaTi4eVgYHSp2TV9pqs9uzTVv0B10g9TaHMWpcZ4	1unO_6	qadv-arbiter-7x7-rust-lambda-v0.1.0	-	qadv-arbiter-7x7-rust-lambda-v0.1.0	-	D	P	-
g1_3sLrG5YuePsGzcKN8yYXunRCXN-PW3ySWupUbfLY0A0	s1_Bt1QwCQor1e4Hm9FUKH2TvuYPRHuNoQfnCNYQcObgbk	1unMwj	qadv-arbiter-7x7-rust-lambda-v0.1.0	-	qadv-arbiter-7x7-rust-lambda-v0.1.0	-	L	P	196
g1_3sLrG5YuePsGzcKN8yYXunRCXN-PW3ySWupUbfLY0A0	s1_RauLaTi4eVgYHSp2TV9pqs9uzTVv0B10g9TaHMWpcZ4	1unMwj	qadv-arbiter-7x7-rust-lambda-v0.1.0	-	qadv-arbiter-7x7-rust-lambda-v0.1.0	-	L	P	-
g1_3sLrG5YuePsGzcKN8yYXunRCXN-PW3ySWupUbfLY0A0	s1_db4CVi72c0z2RPAehk2LYd8iMukNAoLbmufN1VhKLdA	1unMwj	qadv-arbiter-7x7-rust-lambda-v0.1.0	-	qadv-arbiter-7x7-rust-lambda-v0.1.0	-	L	P	196
g1_3sLrG5YuePsGzcKN8yYXunRCXN-PW3ySWupUbfLY0A0	s1_yrVmGOWIrEF-O0wxmY0aQgL_dvHEj9ogFEDP5CbsBCQ	1unMwj	qadv-arbiter-7x7-rust-lambda-v0.1.0	-	qadv-arbiter-7x7-rust-lambda-v0.1.0	-	L	P	196
g1_3sM4CNapMXPsAGGIFoPrqsFC4HN9yiLfp48Wi0lCS3A	s1_2itpU3Tb-J0dAOd-bxruim21thLJU2ZGu_DmddNYNxQ	1unQ2r	qadv-arbiter-7x7-rust-lambda-v0.1.0	-	qadv-arbiter-7x7-rust-lambda-v0.1.0	-	D	P	196
g1_3sM4CNapMXPsAGGIFoPrqsFC4HN9yiLfp48Wi0lCS3A	s1_MEV1G6fBjOVdDlK7fC058IjZoR7HDE7E53lRS7f9o1o	1unQ2r	qadv-arbiter-7x7-rust-lambda-v0.1.0	-	qadv-arbiter-7x7-rust-lambda-v0.1.0	-	D	P	196
g1_3sM4CNapMXPsAGGIFoPrqsFC4HN9yiLfp48Wi0lCS3A	s1_RQT0A4ea8waTJy1UDvORGXA5GsxeSl9FM0XhpC9GaXs	1unQ2r	qadv-arbiter-7x7-rust-lambda-v0.1.0	-	qadv-arbiter-7x7-rust-lambda-v0.1.0	-	D	P	196
g1_3sN1XPSyxvArxHhMhh0AuPZLy9mlBzvTx55734N7hdc	s1__fmnSv6OnZklVvMPUjPdL6drtvfrJptRYX3nxZQO8jI	1umxsx	python-gnn-puct-scout-v0.1.0	sha256:b9f80706cc1f29076ee06fe06483697c749148a808c599579045d00a52573938	python-gnn-puct-scout-v0.1.0	sha256:b9f80706cc1f29076ee06fe06483697c749148a808c599579045d00a52573938	L	P	196
g1_3sVNf10mTlgHIoA0uwyn-xAhyOQO4ldxPoT0SmIxwB8	s1_-OKlJXuPFfAnukwGYITjiU7XKL4OC_qt76PC0TZSPjg	1umvZH	python-cnn-puct-v0.1.0	sha256:7845e9b7687beee165dc36b8d21833b7a8b5a83e31b58b49bd05c277ba26e642	python-cnn-puct-v0.1.0	sha256:7845e9b7687beee165dc36b8d21833b7a8b5a83e31b58b49bd05c277ba26e642	-	M	196
g1_3sVNf10mTlgHIoA0uwyn-xAhyOQO4ldxPoT0SmIxwB8	s1_1av6nXQkq-GSHXfjkVlGHGpAq8F9UbW4JwZmyFA-vww	1umvZH	python-cnn-puct-v0.1.0	sha256:7845e9b7687beee165dc36b8d21833b7a8b5a83e31b58b49bd05c277ba26e642	python-cnn-puct-v0.1.0	sha256:7845e9b7687beee165dc36b8d21833b7a8b5a83e31b58b49bd05c277ba26e642	-	M	196
g1_3sVNf10mTlgHIoA0uwyn-xAhyOQO4ldxPoT0SmIxwB8	s1_mWPTef6xYbijjPhDIC6QgLRmu2mMSJAokNlIkx3vg54	1umvZH	python-cnn-puct-v0.1.0	sha256:7845e9b7687beee165dc36b8d21833b7a8b5a83e31b58b49bd05c277ba26e642	python-cnn-puct-v0.1.0	sha256:7845e9b7687beee165dc36b8d21833b7a8b5a83e31b58b49bd05c277ba26e642	-	M	196
g1_3sb5bxpCL5qxSbxtjuERNkOsV99iNDZwwMZvjDizzeU	s1_5Z1iEngUSxC8mzIgzh8GlpgXmN5ko8ltW99m6ur5PjU	1unMzA	qadv-arbiter-7x7-rust-lambda-v0.1.0	-	qadv-arbiter-7x7-rust-lambda-v0.1.0	-	L	P	196
g1_3sb5bxpCL5qxSbxtjuERNkOsV99iNDZwwMZvjDizzeU	s1_RauLaTi4eVgYHSp2TV9pqs9uzTVv0B10g9TaHMWpcZ4	1unMzA	qadv-arbiter-7x7-rust-lambda-v0.1.0	-	qadv-arbiter-7x7-rust-lambda-v0.1.0	-	L	P	-
g1_3sb5bxpCL5qxSbxtjuERNkOsV99iNDZwwMZvjDizzeU	s1__I3eZlc8kmFFS4PNFajOFqD320bWnVoUS-9WVFiFcaU	1unMzA	qadv-arbiter-7x7-rust-lambda-v0.1.0	-	qadv-arbiter-7x7-rust-lambda-v0.1.0	-	L	P	196
g1_3sb5bxpCL5qxSbxtjuERNkOsV99iNDZwwMZvjDizzeU	s1_oe0-Mnlm06-4KNUxVxyOL8FCJZRYo6QdaXyvO_SYqt4	1unMzA	qadv-arbiter-7x7-rust-lambda-v0.1.0	-	qadv-arbiter-7x7-rust-lambda-v0.1.0	-	L	P	196
g1_3sn9J3ZjtPAONxq6EctB0Zhsls37APqUhgKfw65dzv4	s1_RauLaTi4eVgYHSp2TV9pqs9uzTVv0B10g9TaHMWpcZ4	1unN9o	qadv-arbiter-7x7-rust-lambda-v0.1.0	-	qadv-arbiter-7x7-rust-lambda-v0.1.0	-	D	P	-
g1_3sn9J3ZjtPAONxq6EctB0Zhsls37APqUhgKfw65dzv4	s1_bm7rGpoZEVhr0TfOowZ9MQlBeP8HnHobPvJquwRXMDs	1unN9o	qadv-arbiter-7x7-rust-lambda-v0.1.0	-	qadv-arbiter-7x7-rust-lambda-v0.1.0	-	D	P	196
g1_3sn9J3ZjtPAONxq6EctB0Zhsls37APqUhgKfw65dzv4	s1_g0dmnZo-UgamaWradPbkuLdzzh7JWHFMrWjpirJyL5I	1unN9o	qadv-arbiter-7x7-rust-lambda-v0.1.0	-	qadv-arbiter-7x7-rust-lambda-v0.1.0	-	D	P	196
g1_3sn9J3ZjtPAONxq6EctB0Zhsls37APqUhgKfw65dzv4	s1_wKCKUDCYOrSKueUPoyhFyXEMYX9UZtHaDVuLSvGQnE8	1unN9o	qadv-arbiter-7x7-rust-lambda-v0.1.0	-	qadv-arbiter-7x7-rust-lambda-v0.1.0	-	D	P	196
g1_3t2vt5xsdriGNl8EORjPEwkO5SB_M_9uKjPEcMsU2ds	s1_2XSQcj-Ak-eZY1JXXCOtTtZdr6Pf1yFnOhS1an9GQfQ	1unPq1	qadv-arbiter-7x7-rust-lambda-v0.1.0	-	qadv-arbiter-7x7-rust-lambda-v0.1.0	-	D	P	196
g1_3t2vt5xsdriGNl8EORjPEwkO5SB_M_9uKjPEcMsU2ds	s1_5pLi4QfiI2f6GPMR9XWIJmhxdCwSBT8Gk8ly_poI_Sg	1unPq1	qadv-arbiter-7x7-rust-lambda-v0.1.0	-	qadv-arbiter-7x7-rust-lambda-v0.1.0	-	D	P	196
g1_3t2vt5xsdriGNl8EORjPEwkO5SB_M_9uKjPEcMsU2ds	s1_63CL9jnVsJ5yuAQA2NoDXSJdlMw00BHpxbK5FBlcg7o	1unPq1	qadv-arbiter-7x7-rust-lambda-v0.1.0	-	qadv-arbiter-7x7-rust-lambda-v0.1.0	-	D	P	196
g1_3t2vt5xsdriGNl8EORjPEwkO5SB_M_9uKjPEcMsU2ds	s1_RauLaTi4eVgYHSp2TV9pqs9uzTVv0B10g9TaHMWpcZ4	1unPq1	qadv-arbiter-7x7-rust-lambda-v0.1.0	-	qadv-arbiter-7x7-rust-lambda-v0.1.0	-	D	P	-
g1_3t3teLw04v0CpmEtUL26Ii81HScScVMfL_oSAEKhnos	s1_flXyOBW6T9LLVDFIvXBGel1MoVNZcUcMFIJnB9yLapU	1umx3m	python-gnn-puct-reval30k-v0.1.0	sha256:6120be86fc469df71473c3de64e5e32f99694cd47d621fa5948f243dc51d3d21	python-gnn-puct-reval30k-v0.1.0	sha256:6120be86fc469df71473c3de64e5e32f99694cd47d621fa5948f243dc51d3d21	-	M	196
g1_3t44SZeuNsyhYuZiBXLkZefTOIr3bKN2Cn7rGzyVSl0	s1_RauLaTi4eVgYHSp2TV9pqs9uzTVv0B10g9TaHMWpcZ4	1unPoh	qadv-arbiter-7x7-rust-lambda-v0.1.0	-	qadv-arbiter-7x7-rust-lambda-v0.1.0	-	D	P	-
g1_3t44SZeuNsyhYuZiBXLkZefTOIr3bKN2Cn7rGzyVSl0	s1__MTm0plNtI1EqHizVXKJzYw9H0J-_M91ZfQYCb4FFBw	1unPoh	qadv-arbiter-7x7-rust-lambda-v0.1.0	-	qadv-arbiter-7x7-rust-lambda-v0.1.0	-	D	P	196
g1_3t44SZeuNsyhYuZiBXLkZefTOIr3bKN2Cn7rGzyVSl0	s1_scQZG_9pOKCaUJnqkW4A-73KzztLU8yOSiXGFAHJblQ	1unPoh	qadv-arbiter-7x7-rust-lambda-v0.1.0	-	qadv-arbiter-7x7-rust-lambda-v0.1.0	-	D	P	196
g1_3t44SZeuNsyhYuZiBXLkZefTOIr3bKN2Cn7rGzyVSl0	s1_wjvAeXd7xhQycbQRZQfaNDRVzvjPig3IjdoUe0dm024	1unPoh	qadv-arbiter-7x7-rust-lambda-v0.1.0	-	qadv-arbiter-7x7-rust-lambda-v0.1.0	-	D	P	196
g1_3tJpBvvfLqeKRlzsLOOTt8mfYjEgxPF_JtVP63TIO4Q	s1_O3cuwuia8XT9TI7Nxr3tRcajOA20XFHEIT2fYX3WizY	1un76L	cnn-reval30k-7x7	sha256:7439239ff343dcc422cb918560b1b72433f2e13628580427343a446f349c6f5a	qadv-arbiter-guided-7x7-v0.2.0	sha256:9c0e5e530df7db77a98f6a2e75fe63a6f629c6ad6563e0b5454793ebc243b14d	L	P	196
g1_3tJpBvvfLqeKRlzsLOOTt8mfYjEgxPF_JtVP63TIO4Q	s1__sCLqkv1QowbQOLtcMj1HZM3ouupeB2AXWyXf93UYhE	1un76L	cnn-reval30k-7x7	sha256:7439239ff343dcc422cb918560b1b72433f2e13628580427343a446f349c6f5a	qadv-arbiter-guided-7x7-v0.2.0	sha256:9c0e5e530df7db77a98f6a2e75fe63a6f629c6ad6563e0b5454793ebc243b14d	L	P	196
g1_3tJpBvvfLqeKRlzsLOOTt8mfYjEgxPF_JtVP63TIO4Q	s1_sxtZ5wkCkg2ztmYoEeuJnPS6kIKyTpUpx59OMIplfiA	1un76L	cnn-reval30k-7x7	sha256:7439239ff343dcc422cb918560b1b72433f2e13628580427343a446f349c6f5a	qadv-arbiter-guided-7x7-v0.2.0	sha256:9c0e5e530df7db77a98f6a2e75fe63a6f629c6ad6563e0b5454793ebc243b14d	L	P	196
g1_3tce2oX1t3MJ_ImIG06ImAPvorcM1m3oqopvEwYr-3c	s1__fmnSv6OnZklVvMPUjPdL6drtvfrJptRYX3nxZQO8jI	1umxxx	python-gnn-puct-scout-v0.1.0	sha256:b9f80706cc1f29076ee06fe06483697c749148a808c599579045d00a52573938	python-gnn-puct-scout-v0.1.0	sha256:b9f80706cc1f29076ee06fe06483697c749148a808c599579045d00a52573938	L	P	196
g1_3tdhibvgsXfS5pJ8g2Y5SN67Mawppbc2yotJoo4ZGyo	s1_1QbmjfeRkkXyaNt7uNuvbgRijxc-3p2MSJZecDZNhk8	1un5tu	qadv-arbiter-guided-7x7-v0.2.0	sha256:9c0e5e530df7db77a98f6a2e75fe63a6f629c6ad6563e0b5454793ebc243b14d	gnn-reval30k-7x7	sha256:7f41dbe135649d1116a0914bc0358a5ffae95749195ec20dd972035bbbea52f7	L	P	196
g1_3tdhibvgsXfS5pJ8g2Y5SN67Mawppbc2yotJoo4ZGyo	s1_KFCPuS07IuvwTcEzH-1o96QSsgWXXBFf-H4aSllW5pw	1un5tu	qadv-arbiter-guided-7x7-v0.2.0	sha256:9c0e5e530df7db77a98f6a2e75fe63a6f629c6ad6563e0b5454793ebc243b14d	gnn-reval30k-7x7	sha256:7f41dbe135649d1116a0914bc0358a5ffae95749195ec20dd972035bbbea52f7	L	P	196
g1_3tdhibvgsXfS5pJ8g2Y5SN67Mawppbc2yotJoo4ZGyo	s1_O3cuwuia8XT9TI7Nxr3tRcajOA20XFHEIT2fYX3WizY	1un5tu	qadv-arbiter-guided-7x7-v0.2.0	sha256:9c0e5e530df7db77a98f6a2e75fe63a6f629c6ad6563e0b5454793ebc243b14d	gnn-reval30k-7x7	sha256:7f41dbe135649d1116a0914bc0358a5ffae95749195ec20dd972035bbbea52f7	L	P	196
g1_3tdhibvgsXfS5pJ8g2Y5SN67Mawppbc2yotJoo4ZGyo	s1_OfzUOjzcUa0ZvGXOvzmOBgjgnGAySQKksPXftzcChTA	1un5tu	qadv-arbiter-guided-7x7-v0.2.0	sha256:9c0e5e530df7db77a98f6a2e75fe63a6f629c6ad6563e0b5454793ebc243b14d	gnn-reval30k-7x7	sha256:7f41dbe135649d1116a0914bc0358a5ffae95749195ec20dd972035bbbea52f7	L	P	196
g1_3tdhibvgsXfS5pJ8g2Y5SN67Mawppbc2yotJoo4ZGyo	s1_kxcCOPI6kb3Yfxj3JAw9tOeotFWkcd3kTNwqviSbgzw	1un67s	qadv-arbiter-guided-7x7-v0.2.0	sha256:9c0e5e530df7db77a98f6a2e75fe63a6f629c6ad6563e0b5454793ebc243b14d	gnn-reval30k-7x7	sha256:7f41dbe135649d1116a0914bc0358a5ffae95749195ec20dd972035bbbea52f7	L	P	196
g1_3tdhibvgsXfS5pJ8g2Y5SN67Mawppbc2yotJoo4ZGyo	s1_nUa3ws3Gs99-zHf-hPvDSLVlIEJGXiOY79LgG2mno4c	1un67s	qadv-arbiter-guided-7x7-v0.2.0	sha256:9c0e5e530df7db77a98f6a2e75fe63a6f629c6ad6563e0b5454793ebc243b14d	gnn-reval30k-7x7	sha256:7f41dbe135649d1116a0914bc0358a5ffae95749195ec20dd972035bbbea52f7	L	P	196
g1_3tmkTbocdO-tPafrE_aReFI6MjtUUFQS7LhHTRwx3vo	s1_1av6nXQkq-GSHXfjkVlGHGpAq8F9UbW4JwZmyFA-vww	1umvQf	gnn-warmstart-7x7	sha256:e000d50619c0241c30efdd1f5adb7a8b738c66859d33c3443c52a20f56fcc13a	lunatic-v0.1.0	-	D	P	196
g1_3tmkTbocdO-tPafrE_aReFI6MjtUUFQS7LhHTRwx3vo	s1_Brk0hkuJoH-MBjdd53AO5tlWcOgDWV_R0PO74fHGd_0	1umvQf	gnn-warmstart-7x7	sha256:e000d50619c0241c30efdd1f5adb7a8b738c66859d33c3443c52a20f56fcc13a	lunatic-v0.1.0	-	D	P	196
g1_3tmkTbocdO-tPafrE_aReFI6MjtUUFQS7LhHTRwx3vo	s1_QzXKB60HvV5g6-cJIu-NdpeFb1rCgFAJD1cxfdkoMm0	1umvQf	gnn-warmstart-7x7	sha256:e000d50619c0241c30efdd1f5adb7a8b738c66859d33c3443c52a20f56fcc13a	lunatic-v0.1.0	-	D	P	196
g1_3twgyLswyY0WargxEEmPnjcCdwhZLkMv9Trdfd33RSA	s1_WVg7aYYLIrw6_-2mI3jQ-DPcLO4gX2sPEEqWQb0DGQA	1umxNY	python-cnn-puct-reval30k-v0.1.0	sha256:eb2600a53e225a835455efdb2759c40e27c5cb3c16ab0688bc21b99290ed10ee	python-cnn-puct-reval30k-v0.1.0	sha256:eb2600a53e225a835455efdb2759c40e27c5cb3c16ab0688bc21b99290ed10ee	L	P	196
g1_3tyAWBEF9y2wZn1S-3U7zG8pU8v5lkrMZmkzJ5GHlVU	s1_WVg7aYYLIrw6_-2mI3jQ-DPcLO4gX2sPEEqWQb0DGQA	1umxOm	python-cnn-puct-reval30k-v0.1.0	sha256:eb2600a53e225a835455efdb2759c40e27c5cb3c16ab0688bc21b99290ed10ee	python-cnn-puct-reval30k-v0.1.0	sha256:eb2600a53e225a835455efdb2759c40e27c5cb3c16ab0688bc21b99290ed10ee	L	P	196
g1_3tybSZfBUB18SXlW41vgD7ORK6Fjx_PKN2FN8oyxmA4	s1_3Jr9CY5WjNj_TAlsN5Cq2ec0HlYNzbOp7hiaPgL4yGk	1unM-h	qadv-arbiter-7x7-rust-lambda-v0.1.0	-	qadv-arbiter-7x7-rust-lambda-v0.1.0	-	L	P	196
g1_3tybSZfBUB18SXlW41vgD7ORK6Fjx_PKN2FN8oyxmA4	s1_3m5jBN19bSdLD8t_Yltlzj4PHzE5l4wsftt9XPlJo54	1unM-h	qadv-arbiter-7x7-rust-lambda-v0.1.0	-	qadv-arbiter-7x7-rust-lambda-v0.1.0	-	L	P	196
g1_3tybSZfBUB18SXlW41vgD7ORK6Fjx_PKN2FN8oyxmA4	s1_RauLaTi4eVgYHSp2TV9pqs9uzTVv0B10g9TaHMWpcZ4	1unM-h	qadv-arbiter-7x7-rust-lambda-v0.1.0	-	qadv-arbiter-7x7-rust-lambda-v0.1.0	-	L	P	-
g1_3tybSZfBUB18SXlW41vgD7ORK6Fjx_PKN2FN8oyxmA4	s1_eoSxt231rDYvU2eoRQkS6FMuweU9ZPGks60qX_QaSBY	1unM-h	qadv-arbiter-7x7-rust-lambda-v0.1.0	-	qadv-arbiter-7x7-rust-lambda-v0.1.0	-	L	P	196
g1_3tzWyrSqEdyYWdq0bYj0g4tyqREVopqwZOifkr7r4Fs	s1_qtlitMa-GGx-0y2heoyNRonYXf1Dq5epTexnVe9Iqtw	1umxXM	python-gnn-puct-learner-v0.1.0	sha256:ab0f739cd33d66781faf60e27797c5ccba3c04ba684f8d9e32e9c2754f4e8956	python-gnn-puct-learner-v0.1.0	sha256:ab0f739cd33d66781faf60e27797c5ccba3c04ba684f8d9e32e9c2754f4e8956	D	P	196
g1_3u2WQjCqX33FWCfNm4XnH5q-_lN5oDborZb3hs7whlo	s1_1av6nXQkq-GSHXfjkVlGHGpAq8F9UbW4JwZmyFA-vww	1umvSQ	python-gnn-puct-learner-v0.1.0	sha256:ab0f739cd33d66781faf60e27797c5ccba3c04ba684f8d9e32e9c2754f4e8956	python-gnn-puct-learner-v0.1.0	sha256:ab0f739cd33d66781faf60e27797c5ccba3c04ba684f8d9e32e9c2754f4e8956	D	P	196
g1_3u2WQjCqX33FWCfNm4XnH5q-_lN5oDborZb3hs7whlo	s1_Brk0hkuJoH-MBjdd53AO5tlWcOgDWV_R0PO74fHGd_0	1umvSQ	python-gnn-puct-learner-v0.1.0	sha256:ab0f739cd33d66781faf60e27797c5ccba3c04ba684f8d9e32e9c2754f4e8956	python-gnn-puct-learner-v0.1.0	sha256:ab0f739cd33d66781faf60e27797c5ccba3c04ba684f8d9e32e9c2754f4e8956	D	P	196
g1_3u2WQjCqX33FWCfNm4XnH5q-_lN5oDborZb3hs7whlo	s1_QBFUsDtxokERlDOdQkleYbPvhJ-vIp2qmp6DXjS-7oM	1umvSQ	python-gnn-puct-learner-v0.1.0	sha256:ab0f739cd33d66781faf60e27797c5ccba3c04ba684f8d9e32e9c2754f4e8956	python-gnn-puct-learner-v0.1.0	sha256:ab0f739cd33d66781faf60e27797c5ccba3c04ba684f8d9e32e9c2754f4e8956	D	P	196
g1_3u2rHisTHYY1gbBqHAJjtj-_i_GrAbuL5QOnmdZT2bw	s1_65bUDLjgsQCIqh3qUHZLFiEyLLUBHn6mOHVjb8g9NcM	1unOtf	qadv-arbiter-7x7-rust-lambda-v0.1.0	-	qadv-arbiter-7x7-rust-lambda-v0.1.0	-	L	P	196
g1_3u2rHisTHYY1gbBqHAJjtj-_i_GrAbuL5QOnmdZT2bw	s1_DGgvLRJptknHVsRpHmJLyKHylecwmmmOlNPrqtXVVf0	1unOtf	qadv-arbiter-7x7-rust-lambda-v0.1.0	-	qadv-arbiter-7x7-rust-lambda-v0.1.0	-	L	P	196
g1_3u2rHisTHYY1gbBqHAJjtj-_i_GrAbuL5QOnmdZT2bw	s1_RauLaTi4eVgYHSp2TV9pqs9uzTVv0B10g9TaHMWpcZ4	1unOtf	qadv-arbiter-7x7-rust-lambda-v0.1.0	-	qadv-arbiter-7x7-rust-lambda-v0.1.0	-	L	P	-
g1_3u2rHisTHYY1gbBqHAJjtj-_i_GrAbuL5QOnmdZT2bw	s1_s9NLPWz5vY0gi1HM-sOZuyROX-2bl37qASoJ4SYqCCQ	1unOtf	qadv-arbiter-7x7-rust-lambda-v0.1.0	-	qadv-arbiter-7x7-rust-lambda-v0.1.0	-	L	P	196
g1_3u89b6eLTYUqlt4sQQ7sqepmW86O_kHYIgrlyx6Egws	s1_83Msj8_dlZtJAdp8nbzWA9pfTXA_xsWUI4aPn152DXw	1unM2u	qadv-arbiter-7x7-rust-lambda-v0.1.0	-	qadv-arbiter-7x7-rust-lambda-v0.1.0	-	D	P	196
g1_3u89b6eLTYUqlt4sQQ7sqepmW86O_kHYIgrlyx6Egws	s1_RauLaTi4eVgYHSp2TV9pqs9uzTVv0B10g9TaHMWpcZ4	1unM2u	qadv-arbiter-7x7-rust-lambda-v0.1.0	-	qadv-arbiter-7x7-rust-lambda-v0.1.0	-	D	P	-
g1_3u89b6eLTYUqlt4sQQ7sqepmW86O_kHYIgrlyx6Egws	s1_WQli0jnVvcgilpPkWIoBTl7Y0HwQErkDpfEh0KVSU88	1unM2u	qadv-arbiter-7x7-rust-lambda-v0.1.0	-	qadv-arbiter-7x7-rust-lambda-v0.1.0	-	D	P	196
g1_3u89b6eLTYUqlt4sQQ7sqepmW86O_kHYIgrlyx6Egws	s1_bM5yBoUtD4XN94JMuNSwiBVqjQFACwl3GyBAGAjV5Zg	1unM2u	qadv-arbiter-7x7-rust-lambda-v0.1.0	-	qadv-arbiter-7x7-rust-lambda-v0.1.0	-	D	P	196
g1_3u8yEdKPKQuuzt0PqfdjP-F4MMlwgSRqJx_U-SVczpU	s1_1av6nXQkq-GSHXfjkVlGHGpAq8F9UbW4JwZmyFA-vww	1DIaY	python-gnn-puct-v0.1.0	sha256:6f9ad6e4a0993da3cf34a8549e86f9b5d512c51e11bfa76dfe051e7a8801bdac	python-gnn-puct-v0.1.0	sha256:6f9ad6e4a0993da3cf34a8549e86f9b5d512c51e11bfa76dfe051e7a8801bdac	D	P	196
g1_3u8yEdKPKQuuzt0PqfdjP-F4MMlwgSRqJx_U-SVczpU	s1_del54SUFELBov5vQFrhsVexn6D9EhUPDFZpXuqC6eCI	1DIaY	python-gnn-puct-v0.1.0	sha256:6f9ad6e4a0993da3cf34a8549e86f9b5d512c51e11bfa76dfe051e7a8801bdac	python-gnn-puct-v0.1.0	sha256:6f9ad6e4a0993da3cf34a8549e86f9b5d512c51e11bfa76dfe051e7a8801bdac	D	P	196
g1_3u8yEdKPKQuuzt0PqfdjP-F4MMlwgSRqJx_U-SVczpU	s1_g5pGkHBMEhzAYvwFY0b24sSc7wC9JfnWApMHHZ_aMPI	1DIaY	python-gnn-puct-v0.1.0	sha256:6f9ad6e4a0993da3cf34a8549e86f9b5d512c51e11bfa76dfe051e7a8801bdac	python-gnn-puct-v0.1.0	sha256:6f9ad6e4a0993da3cf34a8549e86f9b5d512c51e11bfa76dfe051e7a8801bdac	D	P	196
g1_3u8yEdKPKQuuzt0PqfdjP-F4MMlwgSRqJx_U-SVczpU	s1_mWPTef6xYbijjPhDIC6QgLRmu2mMSJAokNlIkx3vg54	1DIaY	python-gnn-puct-v0.1.0	sha256:6f9ad6e4a0993da3cf34a8549e86f9b5d512c51e11bfa76dfe051e7a8801bdac	python-gnn-puct-v0.1.0	sha256:6f9ad6e4a0993da3cf34a8549e86f9b5d512c51e11bfa76dfe051e7a8801bdac	D	P	196
g1_3u8yEdKPKQuuzt0PqfdjP-F4MMlwgSRqJx_U-SVczpU	s1_tol_POp6BcgBLMWq8iDfRBQSAXpESHxFwmcCQYXv0yQ	1DIaY	python-gnn-puct-v0.1.0	sha256:6f9ad6e4a0993da3cf34a8549e86f9b5d512c51e11bfa76dfe051e7a8801bdac	python-gnn-puct-v0.1.0	sha256:6f9ad6e4a0993da3cf34a8549e86f9b5d512c51e11bfa76dfe051e7a8801bdac	D	P	196
g1_3uMMYq8M_4s5g5-5aJdG1lXCb5NqMxIMHUlN-bWPFKw	s1_3W5AhNOd6Ae7DDdB-oACxpkcQkgzPME1c3EtzOt1Nv0	1unOz1	qadv-arbiter-7x7-rust-lambda-v0.1.0	-	qadv-arbiter-7x7-rust-lambda-v0.1.0	-	D	P	196
g1_3uMMYq8M_4s5g5-5aJdG1lXCb5NqMxIMHUlN-bWPFKw	s1_RauLaTi4eVgYHSp2TV9pqs9uzTVv0B10g9TaHMWpcZ4	1unOz1	qadv-arbiter-7x7-rust-lambda-v0.1.0	-	qadv-arbiter-7x7-rust-lambda-v0.1.0	-	D	P	-
g1_3uMMYq8M_4s5g5-5aJdG1lXCb5NqMxIMHUlN-bWPFKw	s1_aO_y4jjDRDdsqeM6yu69ZCzrb3iqDsBM17lOrcXqJ-A	1unOz1	qadv-arbiter-7x7-rust-lambda-v0.1.0	-	qadv-arbiter-7x7-rust-lambda-v0.1.0	-	D	P	196
g1_3uMMYq8M_4s5g5-5aJdG1lXCb5NqMxIMHUlN-bWPFKw	s1_jRu8fQ94P_M1JVxfM-xKTNqlESwLGR-U1rp_CcgH0g0	1unOz1	qadv-arbiter-7x7-rust-lambda-v0.1.0	-	qadv-arbiter-7x7-rust-lambda-v0.1.0	-	D	P	196
g1_3uP_Wu3dSJeCd2ougKyim0d-KDib0Mlj_5YyoCHtp2A	s1_-i15HJJCHBXYdud8SHSpvTUW4LWVeiq8fcXmTQzTXtk	1unOZS	qadv-arbiter-7x7-rust-lambda-v0.1.0	-	qadv-arbiter-7x7-rust-lambda-v0.1.0	-	L	P	196
g1_3uP_Wu3dSJeCd2ougKyim0d-KDib0Mlj_5YyoCHtp2A	s1_OTQol_KUKS4zpiUGCB3YE_MtRl3A_i1qUw_HRfF8PB8	1unOZS	qadv-arbiter-7x7-rust-lambda-v0.1.0	-	qadv-arbiter-7x7-rust-lambda-v0.1.0	-	L	P	196
g1_3uP_Wu3dSJeCd2ougKyim0d-KDib0Mlj_5YyoCHtp2A	s1_RauLaTi4eVgYHSp2TV9pqs9uzTVv0B10g9TaHMWpcZ4	1unOZS	qadv-arbiter-7x7-rust-lambda-v0.1.0	-	qadv-arbiter-7x7-rust-lambda-v0.1.0	-	L	P	-
g1_3uP_Wu3dSJeCd2ougKyim0d-KDib0Mlj_5YyoCHtp2A	s1_Ufz9qdvRCxB7N8Pb_jKaxuDqkF3qW5fciwuzVxiStK8	1unOZS	qadv-arbiter-7x7-rust-lambda-v0.1.0	-	qadv-arbiter-7x7-rust-lambda-v0.1.0	-	L	P	196
g1_3uVwX62gHyiGMeqCY90-bH8LYZHwd5QxMEGgyA4Ofu0	s1_Qmoz3nLvbLcY_1rcqMtpMJDvTQydhL5cxUNWV6EhpMY	1umw-v	qadv-arbiter-7x7-v0.1.0	sha256:8c548d06307572603b839755cc1e50393285365e10f82bcd90290ca65cd86266	qadv-arbiter-7x7-v0.1.0	sha256:8c548d06307572603b839755cc1e50393285365e10f82bcd90290ca65cd86266	D	P	196
g1_3uWR_Z8iCIy6b_H8rticiE-RsT9CPmoThqfzRxbiki0	s1_-py0YTLAQfB_w-b4gHHeYJkbLd0HSVHCvI2bnLOe1u0	1unNSI	qadv-arbiter-7x7-rust-lambda-v0.1.0	-	qadv-arbiter-7x7-rust-lambda-v0.1.0	-	D	P	196
g1_3uWR_Z8iCIy6b_H8rticiE-RsT9CPmoThqfzRxbiki0	s1_EN8Elr4qooFOvZ5pTKDzCO5HOkIfDj0qqHCV9JCAtdk	1unNSI	qadv-arbiter-7x7-rust-lambda-v0.1.0	-	qadv-arbiter-7x7-rust-lambda-v0.1.0	-	D	P	196
g1_3uWR_Z8iCIy6b_H8rticiE-RsT9CPmoThqfzRxbiki0	s1_RauLaTi4eVgYHSp2TV9pqs9uzTVv0B10g9TaHMWpcZ4	1unNSI	qadv-arbiter-7x7-rust-lambda-v0.1.0	-	qadv-arbiter-7x7-rust-lambda-v0.1.0	-	D	P	-
g1_3uWR_Z8iCIy6b_H8rticiE-RsT9CPmoThqfzRxbiki0	s1_iBnHEwpD2kMgpX45q1vjuvReivrnY5lKJ40MhJnwKQ0	1unNSI	qadv-arbiter-7x7-rust-lambda-v0.1.0	-	qadv-arbiter-7x7-rust-lambda-v0.1.0	-	D	P	196
g1_3ufP1dAaVm31UYGYn0gP2ZvbmCifSsDBfN1NMh7Y_hE	s1_RauLaTi4eVgYHSp2TV9pqs9uzTVv0B10g9TaHMWpcZ4	1unLsw	qadv-arbiter-7x7-rust-lambda-v0.1.0	-	qadv-arbiter-7x7-rust-lambda-v0.1.0	-	D	P	-
g1_3ufP1dAaVm31UYGYn0gP2ZvbmCifSsDBfN1NMh7Y_hE	s1_SGgIX5WKJKp5PFJZHW_AkWbDNGmMBLoYqWZ2FBtBc6Q	1unLsw	qadv-arbiter-7x7-rust-lambda-v0.1.0	-	qadv-arbiter-7x7-rust-lambda-v0.1.0	-	D	P	196
g1_3ufP1dAaVm31UYGYn0gP2ZvbmCifSsDBfN1NMh7Y_hE	s1_iL80zKW2PhhDBaGisMMoR5AduQR0VG9FlD_QX5uzDWI	1unLsw	qadv-arbiter-7x7-rust-lambda-v0.1.0	-	qadv-arbiter-7x7-rust-lambda-v0.1.0	-	D	P	196
g1_3ufP1dAaVm31UYGYn0gP2ZvbmCifSsDBfN1NMh7Y_hE	s1_wPuDSXL2XtDNxLc3FHRxK3Uf1zOlxdRx-snpl6rkb8Y	1unLsw	qadv-arbiter-7x7-rust-lambda-v0.1.0	-	qadv-arbiter-7x7-rust-lambda-v0.1.0	-	D	P	196
g1_3uney1ZdSCpAGddI9kSjBDkbQZek6U6X6vQJDk5NLNc	s1_O3cuwuia8XT9TI7Nxr3tRcajOA20XFHEIT2fYX3WizY	1un4fa	qadv-arbiter-guided-7x7-v0.2.0	sha256:9c0e5e530df7db77a98f6a2e75fe63a6f629c6ad6563e0b5454793ebc243b14d	surveyor-v0.2.0	-	D	P	196
g1_3uney1ZdSCpAGddI9kSjBDkbQZek6U6X6vQJDk5NLNc	s1_emJec2v0tFw2IkI46lobwl3MLElw58NqRX9QnSWPQGc	1un4fa	qadv-arbiter-guided-7x7-v0.2.0	sha256:9c0e5e530df7db77a98f6a2e75fe63a6f629c6ad6563e0b5454793ebc243b14d	surveyor-v0.2.0	-	D	P	196
g1_3uney1ZdSCpAGddI9kSjBDkbQZek6U6X6vQJDk5NLNc	s1_iKf_jQ0552THmC-XWhe7eFzF6uRP9RxtLWuha32VvUg	1un4fa	qadv-arbiter-guided-7x7-v0.2.0	sha256:9c0e5e530df7db77a98f6a2e75fe63a6f629c6ad6563e0b5454793ebc243b14d	surveyor-v0.2.0	-	D	P	196
g1_3uo1xa8Ej5gAOvmoYOFfT46sIgkeoIOiDN7TOS8sNXk	s1_1LB6NAgPOeCp4r8rQw4kUOIXWpEdWysFm5RZjWCQSgc	1umwe6	python-gnn-puct-learner-v0.1.0	sha256:ab0f739cd33d66781faf60e27797c5ccba3c04ba684f8d9e32e9c2754f4e8956	python-gnn-puct-learner-v0.1.0	sha256:ab0f739cd33d66781faf60e27797c5ccba3c04ba684f8d9e32e9c2754f4e8956	D	P	196
g1_3uo1xa8Ej5gAOvmoYOFfT46sIgkeoIOiDN7TOS8sNXk	s1_P4NHYhwuVnEA-dG2X-UVeVotb84A5mwljbYTlTMqr8w	1umwe6	python-gnn-puct-learner-v0.1.0	sha256:ab0f739cd33d66781faf60e27797c5ccba3c04ba684f8d9e32e9c2754f4e8956	python-gnn-puct-learner-v0.1.0	sha256:ab0f739cd33d66781faf60e27797c5ccba3c04ba684f8d9e32e9c2754f4e8956	D	P	196
g1_3urtr7wELJWu9-_kvI0CpF6aczdyaktBG1ifVD2r3wk	s1_3xmdyskyWQ72jU7ti1TiJSmZHembukwLp2l1Gk2_wwc	1unMU1	qadv-arbiter-7x7-rust-lambda-v0.1.0	-	qadv-arbiter-7x7-rust-lambda-v0.1.0	-	D	P	196
g1_3urtr7wELJWu9-_kvI0CpF6aczdyaktBG1ifVD2r3wk	s1_RauLaTi4eVgYHSp2TV9pqs9uzTVv0B10g9TaHMWpcZ4	1unMU1	qadv-arbiter-7x7-rust-lambda-v0.1.0	-	qadv-arbiter-7x7-rust-lambda-v0.1.0	-	D	P	-
g1_3urtr7wELJWu9-_kvI0CpF6aczdyaktBG1ifVD2r3wk	s1_mi47MW3N0VBbwLFZfAaKl9848PyBKAc7xOxDwmkRIO4	1unMU1	qadv-arbiter-7x7-rust-lambda-v0.1.0	-	qadv-arbiter-7x7-rust-lambda-v0.1.0	-	D	P	196
g1_3urtr7wELJWu9-_kvI0CpF6aczdyaktBG1ifVD2r3wk	s1_zEzBmhIeAdUgv0ad704g6ZhTKT4i5iNUNALK8Hf49ZI	1unMU1	qadv-arbiter-7x7-rust-lambda-v0.1.0	-	qadv-arbiter-7x7-rust-lambda-v0.1.0	-	D	P	196
g1_3urzeKBQQV-XTJeutWV7e1u3sYTSykRJjL32OxZkn7U	s1_AZROcZHF5REFiDAFoebaQXkVL-WQTzMJdPFnogSD8mw	1umwDW	rust-pathfinder-onnx-sorter-v0.1.0	-	rust-pathfinder-v0.3.0	-	D	P	120
g1_3v4-klIoBXf9Q8FLw39v7A3pBz2ztPeSMfAcT3_pPFQ	s1_2OUEhKusCgMfVOjIvp9e-6UzDR1fEKBGdVFr1fb18Wo	1unMsm	qadv-arbiter-7x7-rust-lambda-v0.1.0	-	qadv-arbiter-7x7-rust-lambda-v0.1.0	-	D	P	196
g1_3v4-klIoBXf9Q8FLw39v7A3pBz2ztPeSMfAcT3_pPFQ	s1_6P7uB0hiV1X9UOJMWbZOHKZtn3E700PuFexz5QifPFA	1unMsm	qadv-arbiter-7x7-rust-lambda-v0.1.0	-	qadv-arbiter-7x7-rust-lambda-v0.1.0	-	D	P	196
g1_3v4-klIoBXf9Q8FLw39v7A3pBz2ztPeSMfAcT3_pPFQ	s1_7klMXuyA6nXu2E9uAlUTcY9Jzw1TPAqx1XyMOUpia8c	1unMsm	qadv-arbiter-7x7-rust-lambda-v0.1.0	-	qadv-arbiter-7x7-rust-lambda-v0.1.0	-	D	P	196
g1_3v4-klIoBXf9Q8FLw39v7A3pBz2ztPeSMfAcT3_pPFQ	s1_RauLaTi4eVgYHSp2TV9pqs9uzTVv0B10g9TaHMWpcZ4	1unMsm	qadv-arbiter-7x7-rust-lambda-v0.1.0	-	qadv-arbiter-7x7-rust-lambda-v0.1.0	-	D	P	-
g1_3v7WL0p0-7RVo1nZNWtmPqTAEAReYMl9GlAmA-P3sws	s1_RauLaTi4eVgYHSp2TV9pqs9uzTVv0B10g9TaHMWpcZ4	1unN83	qadv-arbiter-7x7-rust-lambda-v0.1.0	-	qadv-arbiter-7x7-rust-lambda-v0.1.0	-	D	P	-
g1_3v7WL0p0-7RVo1nZNWtmPqTAEAReYMl9GlAmA-P3sws	s1_WLFVYxfxvOKw_05SdSeiahhlAvnr4OkjlXsjTUFcfEE	1unN83	qadv-arbiter-7x7-rust-lambda-v0.1.0	-	qadv-arbiter-7x7-rust-lambda-v0.1.0	-	D	P	196
g1_3v7WL0p0-7RVo1nZNWtmPqTAEAReYMl9GlAmA-P3sws	s1_hNd3_FgXJbCES9-fjOJZLULMM04r9RflC9GAElcee6E	1unN83	qadv-arbiter-7x7-rust-lambda-v0.1.0	-	qadv-arbiter-7x7-rust-lambda-v0.1.0	-	D	P	196
g1_3v7WL0p0-7RVo1nZNWtmPqTAEAReYMl9GlAmA-P3sws	s1_oiZa0iKJgt09XOmuEuWhQorKfjcYduQn6eD7nk5YRe4	1unN83	qadv-arbiter-7x7-rust-lambda-v0.1.0	-	qadv-arbiter-7x7-rust-lambda-v0.1.0	-	D	P	196
g1_3v8cANRn9V6--kP2fb-u-mNklL9BAIjck_ebzA-jS0Q	s1_4maQ25FN4c9WbQ0s-AtfqSfsTh20bnQriJ2KzI4B-P0	1unPjo	qadv-arbiter-7x7-rust-lambda-v0.1.0	-	qadv-arbiter-7x7-rust-lambda-v0.1.0	-	D	P	196
g1_3v8cANRn9V6--kP2fb-u-mNklL9BAIjck_ebzA-jS0Q	s1_RauLaTi4eVgYHSp2TV9pqs9uzTVv0B10g9TaHMWpcZ4	1unPjo	qadv-arbiter-7x7-rust-lambda-v0.1.0	-	qadv-arbiter-7x7-rust-lambda-v0.1.0	-	D	P	-
g1_3v8cANRn9V6--kP2fb-u-mNklL9BAIjck_ebzA-jS0Q	s1_a4u9V--GEO2lgTmQXHj61HyMNo838qcQwNJJDosIIpk	1unPjo	qadv-arbiter-7x7-rust-lambda-v0.1.0	-	qadv-arbiter-7x7-rust-lambda-v0.1.0	-	D	P	196
g1_3v8cANRn9V6--kP2fb-u-mNklL9BAIjck_ebzA-jS0Q	s1_p_ZeybT5awVOSclHmX51APySl20sm4ORghqDcePKgaM	1unPjo	qadv-arbiter-7x7-rust-lambda-v0.1.0	-	qadv-arbiter-7x7-rust-lambda-v0.1.0	-	D	P	196
g1_3vLYElbvRmCL1xiHHg2LW-Vs90LKzxDzDKW_qqJlplI	s1_7FIu85-v_e-kbNsQ2UNk3yRt-KGcLyUjpmVwIc9cnfM	1umwMI	python-gnn-puct-scout-v0.1.0	sha256:b9f80706cc1f29076ee06fe06483697c749148a808c599579045d00a52573938	python-gnn-puct-scout-v0.1.0	sha256:b9f80706cc1f29076ee06fe06483697c749148a808c599579045d00a52573938	L	P	196
g1_3vLYElbvRmCL1xiHHg2LW-Vs90LKzxDzDKW_qqJlplI	s1_S8AGNBNcWBvWiwIo-AOAHPoHuZo2XvcsYvhgQxGTkrY	1umwMI	python-gnn-puct-scout-v0.1.0	sha256:b9f80706cc1f29076ee06fe06483697c749148a808c599579045d00a52573938	python-gnn-puct-scout-v0.1.0	sha256:b9f80706cc1f29076ee06fe06483697c749148a808c599579045d00a52573938	L	P	196
g1_3vMLZEpNe5I5u4zNPG6_pljbUu8EbOk3d2CjhP6W6KE	s1_RauLaTi4eVgYHSp2TV9pqs9uzTVv0B10g9TaHMWpcZ4	1unMVR	qadv-arbiter-7x7-rust-lambda-v0.1.0	-	qadv-arbiter-7x7-rust-lambda-v0.1.0	-	L	P	-
g1_3vMLZEpNe5I5u4zNPG6_pljbUu8EbOk3d2CjhP6W6KE	s1_bpftDsqWTGlTEKHNQp5bo0KcRp9daD3G9Eokq9nLd1I	1unMVR	qadv-arbiter-7x7-rust-lambda-v0.1.0	-	qadv-arbiter-7x7-rust-lambda-v0.1.0	-	L	P	196
g1_3vMLZEpNe5I5u4zNPG6_pljbUu8EbOk3d2CjhP6W6KE	s1_gk9XUTboTYetWKut0XfogygbRyGfmn6rtlIvCRoJLJ8	1unMVR	qadv-arbiter-7x7-rust-lambda-v0.1.0	-	qadv-arbiter-7x7-rust-lambda-v0.1.0	-	L	P	196
g1_3vMLZEpNe5I5u4zNPG6_pljbUu8EbOk3d2CjhP6W6KE	s1_xEssKTuumdWUli_-ItO3WlifzlxMqUfb_880u1RycWU	1unMVR	qadv-arbiter-7x7-rust-lambda-v0.1.0	-	qadv-arbiter-7x7-rust-lambda-v0.1.0	-	L	P	196
g1_3vMPN0o5xFR6Z_WpPb_OzLMmOpvJ3Ma-KSfJAFSLT3o	s1_1av6nXQkq-GSHXfjkVlGHGpAq8F9UbW4JwZmyFA-vww	1DIcB	python-gnn-puct-v0.1.0	sha256:6f9ad6e4a0993da3cf34a8549e86f9b5d512c51e11bfa76dfe051e7a8801bdac	python-gnn-puct-v0.1.0	sha256:6f9ad6e4a0993da3cf34a8549e86f9b5d512c51e11bfa76dfe051e7a8801bdac	D	P	196
g1_3vMPN0o5xFR6Z_WpPb_OzLMmOpvJ3Ma-KSfJAFSLT3o	s1_Brk0hkuJoH-MBjdd53AO5tlWcOgDWV_R0PO74fHGd_0	1DIcB	python-gnn-puct-v0.1.0	sha256:6f9ad6e4a0993da3cf34a8549e86f9b5d512c51e11bfa76dfe051e7a8801bdac	python-gnn-puct-v0.1.0	sha256:6f9ad6e4a0993da3cf34a8549e86f9b5d512c51e11bfa76dfe051e7a8801bdac	D	P	196
g1_3vMPN0o5xFR6Z_WpPb_OzLMmOpvJ3Ma-KSfJAFSLT3o	s1_KmF8KhDbubz6lwdS8R_n_yTGdSONmH9B1wUABbyCj94	1DIcB	python-gnn-puct-v0.1.0	sha256:6f9ad6e4a0993da3cf34a8549e86f9b5d512c51e11bfa76dfe051e7a8801bdac	python-gnn-puct-v0.1.0	sha256:6f9ad6e4a0993da3cf34a8549e86f9b5d512c51e11bfa76dfe051e7a8801bdac	D	P	196
g1_3vMPN0o5xFR6Z_WpPb_OzLMmOpvJ3Ma-KSfJAFSLT3o	s1_g5pGkHBMEhzAYvwFY0b24sSc7wC9JfnWApMHHZ_aMPI	1DIcB	python-gnn-puct-v0.1.0	sha256:6f9ad6e4a0993da3cf34a8549e86f9b5d512c51e11bfa76dfe051e7a8801bdac	python-gnn-puct-v0.1.0	sha256:6f9ad6e4a0993da3cf34a8549e86f9b5d512c51e11bfa76dfe051e7a8801bdac	D	P	196
g1_3vMPN0o5xFR6Z_WpPb_OzLMmOpvJ3Ma-KSfJAFSLT3o	s1_tol_POp6BcgBLMWq8iDfRBQSAXpESHxFwmcCQYXv0yQ	1DIcB	python-gnn-puct-v0.1.0	sha256:6f9ad6e4a0993da3cf34a8549e86f9b5d512c51e11bfa76dfe051e7a8801bdac	python-gnn-puct-v0.1.0	sha256:6f9ad6e4a0993da3cf34a8549e86f9b5d512c51e11bfa76dfe051e7a8801bdac	D	P	196
g1_3vNhfDuQi8HRiPtESXlqV1yHi8ijIatcbwWbyTsWgCk	s1_O3cuwuia8XT9TI7Nxr3tRcajOA20XFHEIT2fYX3WizY	1un2z1	pathfinder-v0.3.0	-	qadv-arbiter-guided-7x7-v0.2.0	sha256:9c0e5e530df7db77a98f6a2e75fe63a6f629c6ad6563e0b5454793ebc243b14d	L	P	196
g1_3vNhfDuQi8HRiPtESXlqV1yHi8ijIatcbwWbyTsWgCk	s1_bu4yUwwDMqKDhLXEtnBsv1ZAJagIFi7EKmSaiui1_WE	1un4Ab	pathfinder-v0.3.0	-	qadv-arbiter-guided-7x7-v0.2.0	sha256:9c0e5e530df7db77a98f6a2e75fe63a6f629c6ad6563e0b5454793ebc243b14d	L	P	196
g1_3vNhfDuQi8HRiPtESXlqV1yHi8ijIatcbwWbyTsWgCk	s1_k3puRqE8NWPGwCDwvbob-P5fduhbfDZ6XxhZ6wUA4ks	1un2z1	pathfinder-v0.3.0	-	qadv-arbiter-guided-7x7-v0.2.0	sha256:9c0e5e530df7db77a98f6a2e75fe63a6f629c6ad6563e0b5454793ebc243b14d	L	P	196
g1_3vNhfDuQi8HRiPtESXlqV1yHi8ijIatcbwWbyTsWgCk	s1_mcsGXC-XA63nqAx5kv-Q-y_EhXTqBFQ1AHeiXTSbYQk	1un2z1	pathfinder-v0.3.0	-	qadv-arbiter-guided-7x7-v0.2.0	sha256:9c0e5e530df7db77a98f6a2e75fe63a6f629c6ad6563e0b5454793ebc243b14d	L	P	196
g1_3vNhfDuQi8HRiPtESXlqV1yHi8ijIatcbwWbyTsWgCk	s1_mlXHsG8-xxT7rKwSZelP6NHm5eYy3YD5j4SydA37pgE	1un4Ab	pathfinder-v0.3.0	-	qadv-arbiter-guided-7x7-v0.2.0	sha256:9c0e5e530df7db77a98f6a2e75fe63a6f629c6ad6563e0b5454793ebc243b14d	L	P	196
g1_3vRVq5dZ_y-tZ4Xawa14IRjkpbMVkkVZJLJknOTzzB4	s1_RauLaTi4eVgYHSp2TV9pqs9uzTVv0B10g9TaHMWpcZ4	1unPhn	qadv-arbiter-7x7-rust-lambda-v0.1.0	-	qadv-arbiter-7x7-rust-lambda-v0.1.0	-	D	P	-
g1_3vRVq5dZ_y-tZ4Xawa14IRjkpbMVkkVZJLJknOTzzB4	s1_uT6XV1x3SwZQZ516gcOIOgQyy1RzNbh0RfJGWiE5u-Y	1unPhn	qadv-arbiter-7x7-rust-lambda-v0.1.0	-	qadv-arbiter-7x7-rust-lambda-v0.1.0	-	D	P	196
g1_3vRVq5dZ_y-tZ4Xawa14IRjkpbMVkkVZJLJknOTzzB4	s1_yIxUQMuAYWX4A3USCUtTQNVkuXtvFpOv2vIxE_QLO1Q	1unPhn	qadv-arbiter-7x7-rust-lambda-v0.1.0	-	qadv-arbiter-7x7-rust-lambda-v0.1.0	-	D	P	196
g1_3vRVq5dZ_y-tZ4Xawa14IRjkpbMVkkVZJLJknOTzzB4	s1_z81Cn7xloqpO-owdbxSn2OkoKtLm-qxIEnKGxyyePkE	1unPhn	qadv-arbiter-7x7-rust-lambda-v0.1.0	-	qadv-arbiter-7x7-rust-lambda-v0.1.0	-	D	P	196
g1_3vWgaauZA8YD-X1qDC2L5bD57xgZ67AKVrX7ffx5bSc	s1_JtgO463Dr3mpg2UI0dWRf-UM63Wf4-iu1ry8hc7i2-s	1unPYv	qadv-arbiter-7x7-rust-lambda-v0.1.0	-	qadv-arbiter-7x7-rust-lambda-v0.1.0	-	D	P	196
g1_3vWgaauZA8YD-X1qDC2L5bD57xgZ67AKVrX7ffx5bSc	s1_RauLaTi4eVgYHSp2TV9pqs9uzTVv0B10g9TaHMWpcZ4	1unPYv	qadv-arbiter-7x7-rust-lambda-v0.1.0	-	qadv-arbiter-7x7-rust-lambda-v0.1.0	-	D	P	-
g1_3vWgaauZA8YD-X1qDC2L5bD57xgZ67AKVrX7ffx5bSc	s1_cH8XQ1nlcJ7XWG6-1FHxePFPPfUyhhDu7WYBt1KDyYU	1unPYv	qadv-arbiter-7x7-rust-lambda-v0.1.0	-	qadv-arbiter-7x7-rust-lambda-v0.1.0	-	D	P	196
g1_3vWgaauZA8YD-X1qDC2L5bD57xgZ67AKVrX7ffx5bSc	s1_lPSLRC7SzwzImUkwe9QjeRkdu9OeHdQQ25GzYJNExi4	1unPYv	qadv-arbiter-7x7-rust-lambda-v0.1.0	-	qadv-arbiter-7x7-rust-lambda-v0.1.0	-	D	P	196
g1_3vtpoY-2b-8RMlnthkXmDoqNoE7HfZlpHEazFeRRbjQ	s1_5nb6Iz1BVyzTaMb5uScQw6fIRIbU1NndKwTGTqQNX8Y	1unNYc	qadv-arbiter-7x7-rust-lambda-v0.1.0	-	qadv-arbiter-7x7-rust-lambda-v0.1.0	-	D	P	196
g1_3vtpoY-2b-8RMlnthkXmDoqNoE7HfZlpHEazFeRRbjQ	s1_FPPs83xneHOVZ--ScZsm151fECCgsrLr3a25Th4D_dQ	1unNYc	qadv-arbiter-7x7-rust-lambda-v0.1.0	-	qadv-arbiter-7x7-rust-lambda-v0.1.0	-	D	P	196
g1_3vtpoY-2b-8RMlnthkXmDoqNoE7HfZlpHEazFeRRbjQ	s1_RauLaTi4eVgYHSp2TV9pqs9uzTVv0B10g9TaHMWpcZ4	1unNYc	qadv-arbiter-7x7-rust-lambda-v0.1.0	-	qadv-arbiter-7x7-rust-lambda-v0.1.0	-	D	P	-
g1_3vtpoY-2b-8RMlnthkXmDoqNoE7HfZlpHEazFeRRbjQ	s1_VbUDqM0mGBaaCbMhuwGBN3AE73fZr0CqJBBY3OXQcHo	1unNYc	qadv-arbiter-7x7-rust-lambda-v0.1.0	-	qadv-arbiter-7x7-rust-lambda-v0.1.0	-	D	P	196
g1_3w0APHK-tTReyHstiLXtJfEaEpZcj_SKzUN6wa8Z0yo	s1_2MFLI3DB-4HgFKNbVPn9UiDpw-ogkG0coR4a4N-OpBY	1unPkh	qadv-arbiter-7x7-rust-lambda-v0.1.0	-	qadv-arbiter-7x7-rust-lambda-v0.1.0	-	D	P	196
g1_3w0APHK-tTReyHstiLXtJfEaEpZcj_SKzUN6wa8Z0yo	s1_GTYID_SGM4dw5zvqceCIuQDI5Jh4hFBC-e7ze8e6lGM	1unPkh	qadv-arbiter-7x7-rust-lambda-v0.1.0	-	qadv-arbiter-7x7-rust-lambda-v0.1.0	-	D	P	196
g1_3w0APHK-tTReyHstiLXtJfEaEpZcj_SKzUN6wa8Z0yo	s1_LWPK79Uj_49nFxRlhkJSr4Ifi3Pm631eAb52IqzKIDQ	1unPkh	qadv-arbiter-7x7-rust-lambda-v0.1.0	-	qadv-arbiter-7x7-rust-lambda-v0.1.0	-	D	P	196
g1_3w0APHK-tTReyHstiLXtJfEaEpZcj_SKzUN6wa8Z0yo	s1_RauLaTi4eVgYHSp2TV9pqs9uzTVv0B10g9TaHMWpcZ4	1unPkh	qadv-arbiter-7x7-rust-lambda-v0.1.0	-	qadv-arbiter-7x7-rust-lambda-v0.1.0	-	D	P	-
g1_3w3KxTfxHvb2J6-S3njqSp7UX0ABbjFU_9vDxeJ64hI	s1__fmnSv6OnZklVvMPUjPdL6drtvfrJptRYX3nxZQO8jI	1umxup	python-gnn-puct-scout-v0.1.0	sha256:b9f80706cc1f29076ee06fe06483697c749148a808c599579045d00a52573938	python-gnn-puct-scout-v0.1.0	sha256:b9f80706cc1f29076ee06fe06483697c749148a808c599579045d00a52573938	D	P	196
g1_3w3mp2GEYyPGgtsgIeagz5N0qxzMgWP0uWylG7L2re8	s1_RauLaTi4eVgYHSp2TV9pqs9uzTVv0B10g9TaHMWpcZ4	1unO0A	qadv-arbiter-7x7-rust-lambda-v0.1.0	-	qadv-arbiter-7x7-rust-lambda-v0.1.0	-	D	P	-
g1_3w3mp2GEYyPGgtsgIeagz5N0qxzMgWP0uWylG7L2re8	s1_hVY1ajczkiyl3JBGEYhajU5YHSbRD_hPHyhl4pHn-NY	1unO0A	qadv-arbiter-7x7-rust-lambda-v0.1.0	-	qadv-arbiter-7x7-rust-lambda-v0.1.0	-	D	P	196
g1_3w3mp2GEYyPGgtsgIeagz5N0qxzMgWP0uWylG7L2re8	s1_wfKLMYrqgtD7o8iK8ZqK4w6bFqF1kg4l7kUfQcp77BI	1unO0A	qadv-arbiter-7x7-rust-lambda-v0.1.0	-	qadv-arbiter-7x7-rust-lambda-v0.1.0	-	D	P	196
g1_3w3mp2GEYyPGgtsgIeagz5N0qxzMgWP0uWylG7L2re8	s1_yuzlj78perGIybI8dpmeEqmsZlC3dTHoe_L8A_-T6l8	1unO0A	qadv-arbiter-7x7-rust-lambda-v0.1.0	-	qadv-arbiter-7x7-rust-lambda-v0.1.0	-	D	P	196
g1_3w8xMoqb4VWFb380KOJ6WqK4Rm_i1tDKtuWKJoBgZ5k	s1_2b-aVdOSiy1dHEWYsEYLCMYoGFr5w_Se3wPd6imfkbE	1unPVd	qadv-arbiter-7x7-rust-lambda-v0.1.0	-	qadv-arbiter-7x7-rust-lambda-v0.1.0	-	D	P	196
g1_3w8xMoqb4VWFb380KOJ6WqK4Rm_i1tDKtuWKJoBgZ5k	s1_9ZO-08p9x_rB2pYDNLIl4z5zmOVJMnx28HkFb0Sepzg	1unPVd	qadv-arbiter-7x7-rust-lambda-v0.1.0	-	qadv-arbiter-7x7-rust-lambda-v0.1.0	-	D	P	196
g1_3w8xMoqb4VWFb380KOJ6WqK4Rm_i1tDKtuWKJoBgZ5k	s1_RauLaTi4eVgYHSp2TV9pqs9uzTVv0B10g9TaHMWpcZ4	1unPVd	qadv-arbiter-7x7-rust-lambda-v0.1.0	-	qadv-arbiter-7x7-rust-lambda-v0.1.0	-	D	P	-
g1_3w8xMoqb4VWFb380KOJ6WqK4Rm_i1tDKtuWKJoBgZ5k	s1_RiV2TjQAEtLGduzQ4GGMGlKMBiznNWuDkD5tSlAi1mo	1unPVd	qadv-arbiter-7x7-rust-lambda-v0.1.0	-	qadv-arbiter-7x7-rust-lambda-v0.1.0	-	D	P	196
g1_3w9See8mHRxdIyw25lq7LgHCHYcq8mRr76xgESsHmS4	s1_6oa0cgYDZWr0TWkKpb1ImMVXte7O8W9WYWvkrTitves	1unPQQ	qadv-arbiter-7x7-rust-lambda-v0.1.0	-	qadv-arbiter-7x7-rust-lambda-v0.1.0	-	L	P	196
g1_3w9See8mHRxdIyw25lq7LgHCHYcq8mRr76xgESsHmS4	s1_BbOHQ8VKuB0wEwdaFFCaauumNbQPylK2FEUh9RjDpMA	1unPQQ	qadv-arbiter-7x7-rust-lambda-v0.1.0	-	qadv-arbiter-7x7-rust-lambda-v0.1.0	-	L	P	196
g1_3w9See8mHRxdIyw25lq7LgHCHYcq8mRr76xgESsHmS4	s1_RauLaTi4eVgYHSp2TV9pqs9uzTVv0B10g9TaHMWpcZ4	1unPQQ	qadv-arbiter-7x7-rust-lambda-v0.1.0	-	qadv-arbiter-7x7-rust-lambda-v0.1.0	-	L	P	-
g1_3w9See8mHRxdIyw25lq7LgHCHYcq8mRr76xgESsHmS4	s1_je_GF6yoWMD2kytknebS1FskAyc1zsn5l7z-_f4hFTQ	1unPQQ	qadv-arbiter-7x7-rust-lambda-v0.1.0	-	qadv-arbiter-7x7-rust-lambda-v0.1.0	-	L	P	196
g1_3w9ZN_GSgUnM-XF-ejrMSq0S7IRZXnAhFFiDnPDd0WA	s1_JopJJMYfJH_ZILcfvZcnjq3n1WiyV0fzhvKTVzXUkMM	1unPxA	qadv-arbiter-7x7-rust-lambda-v0.1.0	-	qadv-arbiter-7x7-rust-lambda-v0.1.0	-	D	P	196
g1_3w9ZN_GSgUnM-XF-ejrMSq0S7IRZXnAhFFiDnPDd0WA	s1_KYrBrVfMPvNzJ0vKERIq3358IP0YqUph__5GyA2zZXU	1unPxA	qadv-arbiter-7x7-rust-lambda-v0.1.0	-	qadv-arbiter-7x7-rust-lambda-v0.1.0	-	D	P	196
g1_3w9ZN_GSgUnM-XF-ejrMSq0S7IRZXnAhFFiDnPDd0WA	s1_RauLaTi4eVgYHSp2TV9pqs9uzTVv0B10g9TaHMWpcZ4	1unPxA	qadv-arbiter-7x7-rust-lambda-v0.1.0	-	qadv-arbiter-7x7-rust-lambda-v0.1.0	-	D	P	-
g1_3w9ZN_GSgUnM-XF-ejrMSq0S7IRZXnAhFFiDnPDd0WA	s1_exE1ObjAg3z1R3flE5KViKT6YDTsVnIrYY2WD5BSSlw	1unPxA	qadv-arbiter-7x7-rust-lambda-v0.1.0	-	qadv-arbiter-7x7-rust-lambda-v0.1.0	-	D	P	196
g1_3wIo0mr84Ylh1F--k3iSRBGuFVi1Pkq5T_fT9Pjtn1Q	s1_1av6nXQkq-GSHXfjkVlGHGpAq8F9UbW4JwZmyFA-vww	1DIgQ	rust-pathfinder-v0.1.0	-	lunatic-v0.1.0	-	L	P	-
g1_3wIo0mr84Ylh1F--k3iSRBGuFVi1Pkq5T_fT9Pjtn1Q	s1_9Eroywf7tuDrn-hcfZPjlEa1DSRUykCRn9Z11u8ySIo	1DIgQ	rust-pathfinder-v0.1.0	-	lunatic-v0.1.0	-	L	P	-
g1_3wIo0mr84Ylh1F--k3iSRBGuFVi1Pkq5T_fT9Pjtn1Q	s1_Brk0hkuJoH-MBjdd53AO5tlWcOgDWV_R0PO74fHGd_0	1DIgQ	rust-pathfinder-v0.1.0	-	lunatic-v0.1.0	-	L	P	-
g1_3wIo0mr84Ylh1F--k3iSRBGuFVi1Pkq5T_fT9Pjtn1Q	s1_KmF8KhDbubz6lwdS8R_n_yTGdSONmH9B1wUABbyCj94	1DIgQ	rust-pathfinder-v0.1.0	-	lunatic-v0.1.0	-	L	P	-
g1_3wIo0mr84Ylh1F--k3iSRBGuFVi1Pkq5T_fT9Pjtn1Q	s1_MKrI0a3Qd48rU7oZj28GrlQ3cHhIbUzS5ibiIW9aKy4	1DIgQ	rust-pathfinder-v0.1.0	-	lunatic-v0.1.0	-	L	P	-
g1_3wIo0mr84Ylh1F--k3iSRBGuFVi1Pkq5T_fT9Pjtn1Q	s1_XloMUS0hxYEXf762lcPfaudsLmsH-CsOVZNVVU_obcA	1DIgQ	rust-pathfinder-v0.1.0	-	lunatic-v0.1.0	-	L	P	-
g1_3wIo0mr84Ylh1F--k3iSRBGuFVi1Pkq5T_fT9Pjtn1Q	s1_g5pGkHBMEhzAYvwFY0b24sSc7wC9JfnWApMHHZ_aMPI	1DIgQ	rust-pathfinder-v0.1.0	-	lunatic-v0.1.0	-	L	P	-
g1_3wNK_jqqGxeqM1vB6v_Dr026Ad4Lab3vuSyFQnmNmbc	s1_b9Q12ljdVTi2xyvgTuObAk5KZEuNqM8MUJsw5muQS5I	1unQ14	qadv-arbiter-7x7-rust-lambda-v0.1.0	-	qadv-arbiter-7x7-rust-lambda-v0.1.0	-	D	P	196
g1_3wNK_jqqGxeqM1vB6v_Dr026Ad4Lab3vuSyFQnmNmbc	s1_dSzIibqEJvijNnHYXll6MmpKrV4Jd8mK-GG0hYGUqzw	1unQ14	qadv-arbiter-7x7-rust-lambda-v0.1.0	-	qadv-arbiter-7x7-rust-lambda-v0.1.0	-	D	P	196
g1_3wNK_jqqGxeqM1vB6v_Dr026Ad4Lab3vuSyFQnmNmbc	s1_rDK3SZujTNwPca3UY3FN-7zcF4kOtov2eS4-VZixiSY	1unQ14	qadv-arbiter-7x7-rust-lambda-v0.1.0	-	qadv-arbiter-7x7-rust-lambda-v0.1.0	-	D	P	196
g1_3wQfG9W5dO-VNn3aPphWJ8PovaSmxcKmHWLVlSxHqSI	s1_TFrwRKkg_5pCXc3JXSL0q_HlHCmJ62H0Um7Z9yA5H6A	1unQ3j	qadv-arbiter-7x7-rust-lambda-v0.1.0	-	qadv-arbiter-7x7-rust-lambda-v0.1.0	-	D	P	196
g1_3wQfG9W5dO-VNn3aPphWJ8PovaSmxcKmHWLVlSxHqSI	s1_Xelx65hK3yZMKHfx43NySmEtopYM1JyuvaugvlqyO8Q	1unQ3j	qadv-arbiter-7x7-rust-lambda-v0.1.0	-	qadv-arbiter-7x7-rust-lambda-v0.1.0	-	D	P	196
g1_3wQfG9W5dO-VNn3aPphWJ8PovaSmxcKmHWLVlSxHqSI	s1_YchiS0iQCIVxldF0I2apMUHxaVhUROUaCeLZZA_6Xes	1unQ3j	qadv-arbiter-7x7-rust-lambda-v0.1.0	-	qadv-arbiter-7x7-rust-lambda-v0.1.0	-	D	P	196
g1_3wdEmRQuSDFPROGSwqOBzke3w1IAnLGLIEPUJOUcC70	s1_-ZaqXaVvFtb2RIZuJBQ91pSvMZgRf4VNf5pNFPi9n9o	1unN5c	qadv-arbiter-7x7-rust-lambda-v0.1.0	-	qadv-arbiter-7x7-rust-lambda-v0.1.0	-	D	P	196
g1_3wdEmRQuSDFPROGSwqOBzke3w1IAnLGLIEPUJOUcC70	s1_1eq37G8ZRgsKBQXBorg1MfPFjCdFQn9Wmfpuhwl62sk	1unN5c	qadv-arbiter-7x7-rust-lambda-v0.1.0	-	qadv-arbiter-7x7-rust-lambda-v0.1.0	-	D	P	196
g1_3wdEmRQuSDFPROGSwqOBzke3w1IAnLGLIEPUJOUcC70	s1_RauLaTi4eVgYHSp2TV9pqs9uzTVv0B10g9TaHMWpcZ4	1unN5c	qadv-arbiter-7x7-rust-lambda-v0.1.0	-	qadv-arbiter-7x7-rust-lambda-v0.1.0	-	D	P	-
g1_3wdEmRQuSDFPROGSwqOBzke3w1IAnLGLIEPUJOUcC70	s1_tGpZ156dZBJaYqrmLrC494PKYTRmwMCImKRaRSem3L4	1unN5c	qadv-arbiter-7x7-rust-lambda-v0.1.0	-	qadv-arbiter-7x7-rust-lambda-v0.1.0	-	D	P	196
g1_3wn8o3L1iW-k36G_VhFNy1N2vnz4a69idxjgvORFthA	s1_Pw9n-eQGqVgzkoKq87SU94hsJkPfkJYpcSyanm-uljY	1umwHF	rust-pathfinder-v0.3.0	-	rust-pathfinder-onnx-sorter-v0.1.0	-	L	P	120
g1_3woeXLjpYsc8ybcx2nzqewNOYAiQQcizRqxn_aynZto	s1_RauLaTi4eVgYHSp2TV9pqs9uzTVv0B10g9TaHMWpcZ4	1unOMI	qadv-arbiter-7x7-rust-lambda-v0.1.0	-	qadv-arbiter-7x7-rust-lambda-v0.1.0	-	D	P	-
g1_3woeXLjpYsc8ybcx2nzqewNOYAiQQcizRqxn_aynZto	s1_UM-hgCFjK1C1-cn7Pp91x5ENTWl4uKELA-SQorTbScw	1unOMI	qadv-arbiter-7x7-rust-lambda-v0.1.0	-	qadv-arbiter-7x7-rust-lambda-v0.1.0	-	D	P	196
g1_3woeXLjpYsc8ybcx2nzqewNOYAiQQcizRqxn_aynZto	s1_uiJLxzSSeA-KRdW93_ZSQsn4SJuEr7JchbRumVfVGs0	1unOMI	qadv-arbiter-7x7-rust-lambda-v0.1.0	-	qadv-arbiter-7x7-rust-lambda-v0.1.0	-	D	P	196
g1_3woeXLjpYsc8ybcx2nzqewNOYAiQQcizRqxn_aynZto	s1_xXVw_63WTccIg8-ni29r689KobUCy4bCA3MHFro5nKo	1unOMI	qadv-arbiter-7x7-rust-lambda-v0.1.0	-	qadv-arbiter-7x7-rust-lambda-v0.1.0	-	D	P	196
g1_3x5SAMPXfZewnbXeAhnABWffliay3T8ubzIsG-Koy5o	s1_2B9LbUwK63qPjaOfgoymADKCLtVnu-1kR707Hu0paMc	1unOPQ	qadv-arbiter-7x7-rust-lambda-v0.1.0	-	qadv-arbiter-7x7-rust-lambda-v0.1.0	-	L	P	196
g1_3x5SAMPXfZewnbXeAhnABWffliay3T8ubzIsG-Koy5o	s1_IrjHtUfW7ZySvmI3HxqUaTEKfUOpzwrdMMhISp4ZjhQ	1unOPQ	qadv-arbiter-7x7-rust-lambda-v0.1.0	-	qadv-arbiter-7x7-rust-lambda-v0.1.0	-	L	P	196
g1_3x5SAMPXfZewnbXeAhnABWffliay3T8ubzIsG-Koy5o	s1_RauLaTi4eVgYHSp2TV9pqs9uzTVv0B10g9TaHMWpcZ4	1unOPQ	qadv-arbiter-7x7-rust-lambda-v0.1.0	-	qadv-arbiter-7x7-rust-lambda-v0.1.0	-	L	P	-
g1_3x5SAMPXfZewnbXeAhnABWffliay3T8ubzIsG-Koy5o	s1_VMP1vNt69EnX1AGE0g7l8SNvDEL3D7OD76i2OHe9zoE	1unOPQ	qadv-arbiter-7x7-rust-lambda-v0.1.0	-	qadv-arbiter-7x7-rust-lambda-v0.1.0	-	L	P	196
g1_3x6yIOud73pgH_AifPaP7uCuRymVBM8dKCGyGTyH7ag	s1__fmnSv6OnZklVvMPUjPdL6drtvfrJptRYX3nxZQO8jI	1umxzm	python-gnn-puct-scout-v0.1.0	sha256:b9f80706cc1f29076ee06fe06483697c749148a808c599579045d00a52573938	python-gnn-puct-scout-v0.1.0	sha256:b9f80706cc1f29076ee06fe06483697c749148a808c599579045d00a52573938	D	P	196
g1_3xB8dt-RE5PAgXW7wgKexO9m_GzzBwna114enI_iqAQ	s1_9o4BGRwueXZ3AMDQx5kXbc-y3mrwtcc57T6C0lyq538	1umvbg	rust-pathfinder-v0.1.0	-	coin-flip-seeded	-	L	P	120
g1_3xB8dt-RE5PAgXW7wgKexO9m_GzzBwna114enI_iqAQ	s1_R7msRMCJBBdTXdt_pgU53q9VW4dac-ZjMdLjYAnBd5o	1umvbg	rust-pathfinder-v0.1.0	-	coin-flip-seeded	-	L	P	120
g1_3xJREgT4dCw4Sf0goDwzM90F1iOsZsm5aadTEDINKVc	s1_WVg7aYYLIrw6_-2mI3jQ-DPcLO4gX2sPEEqWQb0DGQA	1umxQQ	python-cnn-puct-reval30k-v0.1.0	sha256:eb2600a53e225a835455efdb2759c40e27c5cb3c16ab0688bc21b99290ed10ee	python-cnn-puct-reval30k-v0.1.0	sha256:eb2600a53e225a835455efdb2759c40e27c5cb3c16ab0688bc21b99290ed10ee	D	P	196
g1_3xKaX8RmRW4J67OOH45zoj6wQpBvo1UpJeFmYfcPjg8	s1_1n94mvwCY85H9eVmBWCBHHII7-HwEC1L_Btc45piN7M	1unP46	qadv-arbiter-7x7-rust-lambda-v0.1.0	-	qadv-arbiter-7x7-rust-lambda-v0.1.0	-	L	P	196
g1_3xKaX8RmRW4J67OOH45zoj6wQpBvo1UpJeFmYfcPjg8	s1_HMJS1K5z1sBx8BzU1XsmFKSFn-lW0trFqFMrsiQ0ax4	1unP46	qadv-arbiter-7x7-rust-lambda-v0.1.0	-	qadv-arbiter-7x7-rust-lambda-v0.1.0	-	L	P	196
g1_3xKaX8RmRW4J67OOH45zoj6wQpBvo1UpJeFmYfcPjg8	s1_R-DEvDvk1e8Ccp7Z5Xt3nv3yP0Ad1CLojCFOkHlTw8M	1unP46	qadv-arbiter-7x7-rust-lambda-v0.1.0	-	qadv-arbiter-7x7-rust-lambda-v0.1.0	-	L	P	196
g1_3xKaX8RmRW4J67OOH45zoj6wQpBvo1UpJeFmYfcPjg8	s1_RauLaTi4eVgYHSp2TV9pqs9uzTVv0B10g9TaHMWpcZ4	1unP46	qadv-arbiter-7x7-rust-lambda-v0.1.0	-	qadv-arbiter-7x7-rust-lambda-v0.1.0	-	L	P	-
g1_3xLHIkPKF7F7ys_x_gg9DWd-LX2B55Yck_5k2wdlHU8	s1_1av6nXQkq-GSHXfjkVlGHGpAq8F9UbW4JwZmyFA-vww	1umvJq	python-gnn-puct-learner-v0.1.0	sha256:ab0f739cd33d66781faf60e27797c5ccba3c04ba684f8d9e32e9c2754f4e8956	python-gnn-puct-learner-v0.1.0	sha256:ab0f739cd33d66781faf60e27797c5ccba3c04ba684f8d9e32e9c2754f4e8956	-	M	196
g1_3xLHIkPKF7F7ys_x_gg9DWd-LX2B55Yck_5k2wdlHU8	s1_Brk0hkuJoH-MBjdd53AO5tlWcOgDWV_R0PO74fHGd_0	1umvJq	python-gnn-puct-learner-v0.1.0	sha256:ab0f739cd33d66781faf60e27797c5ccba3c04ba684f8d9e32e9c2754f4e8956	python-gnn-puct-learner-v0.1.0	sha256:ab0f739cd33d66781faf60e27797c5ccba3c04ba684f8d9e32e9c2754f4e8956	-	M	196
g1_3xLHIkPKF7F7ys_x_gg9DWd-LX2B55Yck_5k2wdlHU8	s1_QBFUsDtxokERlDOdQkleYbPvhJ-vIp2qmp6DXjS-7oM	1umvJq	python-gnn-puct-learner-v0.1.0	sha256:ab0f739cd33d66781faf60e27797c5ccba3c04ba684f8d9e32e9c2754f4e8956	python-gnn-puct-learner-v0.1.0	sha256:ab0f739cd33d66781faf60e27797c5ccba3c04ba684f8d9e32e9c2754f4e8956	-	M	196
g1_3xZl01HA7DVqWXeXLOJqckO0GGBlzULYrd6uo_bhyTk	s1_qtlitMa-GGx-0y2heoyNRonYXf1Dq5epTexnVe9Iqtw	1umxgC	python-gnn-puct-learner-v0.1.0	sha256:ab0f739cd33d66781faf60e27797c5ccba3c04ba684f8d9e32e9c2754f4e8956	python-gnn-puct-learner-v0.1.0	sha256:ab0f739cd33d66781faf60e27797c5ccba3c04ba684f8d9e32e9c2754f4e8956	D	P	196
g1_3x_aWcEpjDGq-I5qcnmextnCs02Q5UeP1x1-wlcbJeQ	s1_RauLaTi4eVgYHSp2TV9pqs9uzTVv0B10g9TaHMWpcZ4	1unMvm	qadv-arbiter-7x7-rust-lambda-v0.1.0	-	qadv-arbiter-7x7-rust-lambda-v0.1.0	-	D	P	-
g1_3x_aWcEpjDGq-I5qcnmextnCs02Q5UeP1x1-wlcbJeQ	s1_VoN6LawwblN4xpSEM8LmGvw-zo0z3him9E_NLQ2qpao	1unMvm	qadv-arbiter-7x7-rust-lambda-v0.1.0	-	qadv-arbiter-7x7-rust-lambda-v0.1.0	-	D	P	196
g1_3x_aWcEpjDGq-I5qcnmextnCs02Q5UeP1x1-wlcbJeQ	s1_i6tGdO661px3heZnjVrG6FvBJUJgwG7FjS9RvUbV6Hs	1unMvm	qadv-arbiter-7x7-rust-lambda-v0.1.0	-	qadv-arbiter-7x7-rust-lambda-v0.1.0	-	D	P	196
g1_3x_aWcEpjDGq-I5qcnmextnCs02Q5UeP1x1-wlcbJeQ	s1_xREDBtm-BVPXXxflEG8vz9p53LRNXZXkwfoZtQhUIwY	1unMvm	qadv-arbiter-7x7-rust-lambda-v0.1.0	-	qadv-arbiter-7x7-rust-lambda-v0.1.0	-	D	P	196
g1_3xo89w89g-zN2Hd_iL48SOkQKwp53m39ISRIO0BEGsY	s1_5lcerFy8E1_0quN-5oFicFV8n4ieaxqHQCMLnI7Sev8	1unMHp	qadv-arbiter-7x7-rust-lambda-v0.1.0	-	qadv-arbiter-7x7-rust-lambda-v0.1.0	-	L	P	196
g1_3xo89w89g-zN2Hd_iL48SOkQKwp53m39ISRIO0BEGsY	s1_Q3ooUuUrP2OTnaBB1ajQ2olmVKZqoAU9zt_1uVueFHs	1unMHp	qadv-arbiter-7x7-rust-lambda-v0.1.0	-	qadv-arbiter-7x7-rust-lambda-v0.1.0	-	L	P	196
g1_3xo89w89g-zN2Hd_iL48SOkQKwp53m39ISRIO0BEGsY	s1_RauLaTi4eVgYHSp2TV9pqs9uzTVv0B10g9TaHMWpcZ4	1unMHp	qadv-arbiter-7x7-rust-lambda-v0.1.0	-	qadv-arbiter-7x7-rust-lambda-v0.1.0	-	L	P	-
g1_3xo89w89g-zN2Hd_iL48SOkQKwp53m39ISRIO0BEGsY	s1_VrbPu04bJ8X4Y8E0L15w3YK_oVe5HtdtIwyyJcwKAC0	1unMHp	qadv-arbiter-7x7-rust-lambda-v0.1.0	-	qadv-arbiter-7x7-rust-lambda-v0.1.0	-	L	P	196
g1_3xoZklsyCvXB9vEtmqiehEt81aWTzpB_seZYcKoLyeI	s1_B4tAxeylCnjW8yN813P6URj0hoH2ZG8cdqPWHiktfVY	1unOy-	qadv-arbiter-7x7-rust-lambda-v0.1.0	-	qadv-arbiter-7x7-rust-lambda-v0.1.0	-	D	P	196
g1_3xoZklsyCvXB9vEtmqiehEt81aWTzpB_seZYcKoLyeI	s1_RauLaTi4eVgYHSp2TV9pqs9uzTVv0B10g9TaHMWpcZ4	1unOy-	qadv-arbiter-7x7-rust-lambda-v0.1.0	-	qadv-arbiter-7x7-rust-lambda-v0.1.0	-	D	P	-
g1_3xoZklsyCvXB9vEtmqiehEt81aWTzpB_seZYcKoLyeI	s1_eaEC2HrJbNuTO6TtnXVl99V4YDHzrnVHQ1xmUpwb0_Q	1unOy-	qadv-arbiter-7x7-rust-lambda-v0.1.0	-	qadv-arbiter-7x7-rust-lambda-v0.1.0	-	D	P	196
g1_3xoZklsyCvXB9vEtmqiehEt81aWTzpB_seZYcKoLyeI	s1_qqfYNl1HPCzMZ6zVXjvRPHVqLZYLoqY6KpFY_Z0SAVM	1unOy-	qadv-arbiter-7x7-rust-lambda-v0.1.0	-	qadv-arbiter-7x7-rust-lambda-v0.1.0	-	D	P	196
g1_3y97J_ff_Ff83H73PSXzjTv7W0fD_HLUwKl43odP5LU	s1_RauLaTi4eVgYHSp2TV9pqs9uzTVv0B10g9TaHMWpcZ4	1unMlI	qadv-arbiter-7x7-rust-lambda-v0.1.0	-	qadv-arbiter-7x7-rust-lambda-v0.1.0	-	D	P	-
g1_3y97J_ff_Ff83H73PSXzjTv7W0fD_HLUwKl43odP5LU	s1_m6CjVo-PESYY6OrukDdBatEys9iCO8caGymn1Obuy-8	1unMlI	qadv-arbiter-7x7-rust-lambda-v0.1.0	-	qadv-arbiter-7x7-rust-lambda-v0.1.0	-	D	P	196
g1_3y97J_ff_Ff83H73PSXzjTv7W0fD_HLUwKl43odP5LU	s1_so2zSf9RlHiDd_jtGnHOYjxR0_AQxaxvPsVm6MVFkuo	1unMlI	qadv-arbiter-7x7-rust-lambda-v0.1.0	-	qadv-arbiter-7x7-rust-lambda-v0.1.0	-	D	P	196
g1_3y97J_ff_Ff83H73PSXzjTv7W0fD_HLUwKl43odP5LU	s1_tfVS2Isz8CHg6b6wFX0hSiBeHNp76_4cqRGChn_XrDI	1unMlI	qadv-arbiter-7x7-rust-lambda-v0.1.0	-	qadv-arbiter-7x7-rust-lambda-v0.1.0	-	D	P	196
g1_3yAFpFe01D6GS59tTEHHwUFEOjs5z61toy_whBqERa8	s1_6PxtazPxkizz7K9QTWPSCIopEV5n0zpHoq3F52yO_6U	1umwlZ	python-cnn-puct-v0.1.0	sha256:7845e9b7687beee165dc36b8d21833b7a8b5a83e31b58b49bd05c277ba26e642	python-cnn-puct-v0.1.0	sha256:7845e9b7687beee165dc36b8d21833b7a8b5a83e31b58b49bd05c277ba26e642	D	P	196
g1_3yAFpFe01D6GS59tTEHHwUFEOjs5z61toy_whBqERa8	s1_baRgKA_wMXdl0r4AwdkUfhWC04qxd1MvEGXAQaDd4fo	1umwlZ	python-cnn-puct-v0.1.0	sha256:7845e9b7687beee165dc36b8d21833b7a8b5a83e31b58b49bd05c277ba26e642	python-cnn-puct-v0.1.0	sha256:7845e9b7687beee165dc36b8d21833b7a8b5a83e31b58b49bd05c277ba26e642	D	P	196
g1_3yHSS_S5ZxJca2yiV3IvjZ4t9jtRlKCnmf88SPeYkyM	s1_3WNFDK5to_j-XkwrbPCluGXfyRNLGj0vrdUhbYWUIdE	1unM9Q	qadv-arbiter-7x7-rust-lambda-v0.1.0	-	qadv-arbiter-7x7-rust-lambda-v0.1.0	-	L	P	196
g1_3yHSS_S5ZxJca2yiV3IvjZ4t9jtRlKCnmf88SPeYkyM	s1_ASKvW5UtFehRVuf9RKnVA-wdknMyd0H_K-nGPGRZNjI	1unM9Q	qadv-arbiter-7x7-rust-lambda-v0.1.0	-	qadv-arbiter-7x7-rust-lambda-v0.1.0	-	L	P	196
g1_3yHSS_S5ZxJca2yiV3IvjZ4t9jtRlKCnmf88SPeYkyM	s1_PinLZvdIWYgrfskT33hjip6BnFBh6ZFN9vryVAebHYg	1unM9Q	qadv-arbiter-7x7-rust-lambda-v0.1.0	-	qadv-arbiter-7x7-rust-lambda-v0.1.0	-	L	P	196
g1_3yHSS_S5ZxJca2yiV3IvjZ4t9jtRlKCnmf88SPeYkyM	s1_RauLaTi4eVgYHSp2TV9pqs9uzTVv0B10g9TaHMWpcZ4	1unM9Q	qadv-arbiter-7x7-rust-lambda-v0.1.0	-	qadv-arbiter-7x7-rust-lambda-v0.1.0	-	L	P	-
g1_3yPNuHaIcQ0lX2tYq0PYtXd_ytq6ol5kaQmCQguBSf4	s1_RauLaTi4eVgYHSp2TV9pqs9uzTVv0B10g9TaHMWpcZ4	1unNIa	qadv-arbiter-7x7-rust-lambda-v0.1.0	-	qadv-arbiter-7x7-rust-lambda-v0.1.0	-	D	P	-
g1_3yPNuHaIcQ0lX2tYq0PYtXd_ytq6ol5kaQmCQguBSf4	s1_Spki5hhwMPl48W74SihYLHZAqY2Snbq47Oh76cpYOtc	1unNIa	qadv-arbiter-7x7-rust-lambda-v0.1.0	-	qadv-arbiter-7x7-rust-lambda-v0.1.0	-	D	P	196
g1_3yPNuHaIcQ0lX2tYq0PYtXd_ytq6ol5kaQmCQguBSf4	s1_UasX3qvdTq2FHvwXx8V_dzCOp3V5FD61PEl1nMt41u0	1unNIa	qadv-arbiter-7x7-rust-lambda-v0.1.0	-	qadv-arbiter-7x7-rust-lambda-v0.1.0	-	D	P	196
g1_3yPNuHaIcQ0lX2tYq0PYtXd_ytq6ol5kaQmCQguBSf4	s1_V5Yu8Sgvzqr42M4Ls-t2krVLZguu5CsTgdwQth7KsBA	1unNIa	qadv-arbiter-7x7-rust-lambda-v0.1.0	-	qadv-arbiter-7x7-rust-lambda-v0.1.0	-	D	P	196
g1_3yQFXPhLPrZyv3ZfQTDBZdpDMoXz8HCgBXDYuVBEvcs	s1_qtlitMa-GGx-0y2heoyNRonYXf1Dq5epTexnVe9Iqtw	1umxim	python-gnn-puct-learner-v0.1.0	sha256:ab0f739cd33d66781faf60e27797c5ccba3c04ba684f8d9e32e9c2754f4e8956	python-gnn-puct-learner-v0.1.0	sha256:ab0f739cd33d66781faf60e27797c5ccba3c04ba684f8d9e32e9c2754f4e8956	-	M	196
g1_3yT11UwxBRI8vypmfgut4uMdvyFmdBGGmUEPzD7rf_o	s1_Qmoz3nLvbLcY_1rcqMtpMJDvTQydhL5cxUNWV6EhpMY	1umwtI	qadv-arbiter-7x7-v0.1.0	sha256:8c548d06307572603b839755cc1e50393285365e10f82bcd90290ca65cd86266	qadv-arbiter-7x7-v0.1.0	sha256:8c548d06307572603b839755cc1e50393285365e10f82bcd90290ca65cd86266	L	P	196
g1_3yeqJUzqhhEiOlCNtyeMUxEmXmK_i4znpHszcGPnu2o	s1_836MKqWxvnNnqMvncVOCgLZoft9gqfM2dNNG_qL8COI	1unMu_	qadv-arbiter-7x7-rust-lambda-v0.1.0	-	qadv-arbiter-7x7-rust-lambda-v0.1.0	-	D	P	196
g1_3yeqJUzqhhEiOlCNtyeMUxEmXmK_i4znpHszcGPnu2o	s1_RauLaTi4eVgYHSp2TV9pqs9uzTVv0B10g9TaHMWpcZ4	1unMu_	qadv-arbiter-7x7-rust-lambda-v0.1.0	-	qadv-arbiter-7x7-rust-lambda-v0.1.0	-	D	P	-
g1_3yeqJUzqhhEiOlCNtyeMUxEmXmK_i4znpHszcGPnu2o	s1_hm5cibTR-cGyhNL647jP_OmS5CtSZ8VoBOUFvvoX1HA	1unMu_	qadv-arbiter-7x7-rust-lambda-v0.1.0	-	qadv-arbiter-7x7-rust-lambda-v0.1.0	-	D	P	196
g1_3yeqJUzqhhEiOlCNtyeMUxEmXmK_i4znpHszcGPnu2o	s1_pDTrZKnu8DU0E7Pko8gTuV_UElzPRuti6CM3a2kCxFw	1unMu_	qadv-arbiter-7x7-rust-lambda-v0.1.0	-	qadv-arbiter-7x7-rust-lambda-v0.1.0	-	D	P	196
g1_3yezWqOaDwXXteyXjTFZZl6CZTYq2jl-cphh3IoH5As	s1_A76_GjOQYjOurBTCP-cYR7FWYiiY3FgAG7wtxFyhGN4	1unPI6	qadv-arbiter-7x7-rust-lambda-v0.1.0	-	qadv-arbiter-7x7-rust-lambda-v0.1.0	-	D	P	196
g1_3yezWqOaDwXXteyXjTFZZl6CZTYq2jl-cphh3IoH5As	s1_Nl6Va5xAGcTNSMZnCiLn7ab2yI3pqt8Je-NTctqBAY0	1unPI6	qadv-arbiter-7x7-rust-lambda-v0.1.0	-	qadv-arbiter-7x7-rust-lambda-v0.1.0	-	D	P	196
g1_3yezWqOaDwXXteyXjTFZZl6CZTYq2jl-cphh3IoH5As	s1_RauLaTi4eVgYHSp2TV9pqs9uzTVv0B10g9TaHMWpcZ4	1unPI6	qadv-arbiter-7x7-rust-lambda-v0.1.0	-	qadv-arbiter-7x7-rust-lambda-v0.1.0	-	D	P	-
g1_3yezWqOaDwXXteyXjTFZZl6CZTYq2jl-cphh3IoH5As	s1_eNyoOaEY0PwWS8jgIWlJFH479jh56_CD-m8ql66jyIk	1unPI6	qadv-arbiter-7x7-rust-lambda-v0.1.0	-	qadv-arbiter-7x7-rust-lambda-v0.1.0	-	D	P	196
g1_3yj7Bs6bmkfBbYdAY8C7Yd9b4JxzTB0pq8rM_kspwSk	s1_-wYe7aclA7w5h9_fnZB4-T49yV_oya9iWeSzpkOguew	1unP1a	qadv-arbiter-7x7-rust-lambda-v0.1.0	-	qadv-arbiter-7x7-rust-lambda-v0.1.0	-	D	P	196
g1_3yj7Bs6bmkfBbYdAY8C7Yd9b4JxzTB0pq8rM_kspwSk	s1_BX66z1Javo0ejosd4it9DGHwKXKX17jJG0H-_MfKaLQ	1unP1a	qadv-arbiter-7x7-rust-lambda-v0.1.0	-	qadv-arbiter-7x7-rust-lambda-v0.1.0	-	D	P	196
g1_3yj7Bs6bmkfBbYdAY8C7Yd9b4JxzTB0pq8rM_kspwSk	s1_RauLaTi4eVgYHSp2TV9pqs9uzTVv0B10g9TaHMWpcZ4	1unP1a	qadv-arbiter-7x7-rust-lambda-v0.1.0	-	qadv-arbiter-7x7-rust-lambda-v0.1.0	-	D	P	-
g1_3yj7Bs6bmkfBbYdAY8C7Yd9b4JxzTB0pq8rM_kspwSk	s1_aEbElD9TNzPgYm1ebn9LCkDEfki-8SvAhJWh0eAnfAc	1unP1a	qadv-arbiter-7x7-rust-lambda-v0.1.0	-	qadv-arbiter-7x7-rust-lambda-v0.1.0	-	D	P	196
g1_3ykQ43x9I6mT7UpnyJAWkhxreGWTNf-z9jleXbPhPQY	s1_RauLaTi4eVgYHSp2TV9pqs9uzTVv0B10g9TaHMWpcZ4	1unO3P	qadv-arbiter-7x7-rust-lambda-v0.1.0	-	qadv-arbiter-7x7-rust-lambda-v0.1.0	-	D	P	-
g1_3ykQ43x9I6mT7UpnyJAWkhxreGWTNf-z9jleXbPhPQY	s1_ee-UkjOzRXgTl2P8biISrs6864U1KfwN4Jt2MG50t48	1unO3P	qadv-arbiter-7x7-rust-lambda-v0.1.0	-	qadv-arbiter-7x7-rust-lambda-v0.1.0	-	D	P	196
g1_3ykQ43x9I6mT7UpnyJAWkhxreGWTNf-z9jleXbPhPQY	s1_olulfckahEnHjUObkOPGgdH2HpmHdKsxvVA0C9OCr9c	1unO3P	qadv-arbiter-7x7-rust-lambda-v0.1.0	-	qadv-arbiter-7x7-rust-lambda-v0.1.0	-	D	P	196
g1_3ykQ43x9I6mT7UpnyJAWkhxreGWTNf-z9jleXbPhPQY	s1_vPV-KCc1uHn_KwWkLR_Bh9kmYjwDxp-AYGOzZl8-_us	1unO3P	qadv-arbiter-7x7-rust-lambda-v0.1.0	-	qadv-arbiter-7x7-rust-lambda-v0.1.0	-	D	P	196
g1_3yoKw1H3AlJtc7-YYmoN-M0DR6-CPBetfH2csSlOpII	s1_2FtaP75xgRVTNrUvmC0NIesJCNy8IDFJ05WNM4nUnpg	1unQe6	qadv-arbiter-7x7-v0.1.0	-	pathfinder-v0.3.0	-	D	P	196
g1_3yoKw1H3AlJtc7-YYmoN-M0DR6-CPBetfH2csSlOpII	s1_K0UoRTKkKGBd6Lc2MCigln3bEAwO49GOgDZMoacJePE	1unQe6	qadv-arbiter-7x7-v0.1.0	-	pathfinder-v0.3.0	-	D	P	196
g1_3yoKw1H3AlJtc7-YYmoN-M0DR6-CPBetfH2csSlOpII	s1_RauLaTi4eVgYHSp2TV9pqs9uzTVv0B10g9TaHMWpcZ4	1unQe6	qadv-arbiter-7x7-v0.1.0	-	pathfinder-v0.3.0	-	D	P	-
g1_3yoKw1H3AlJtc7-YYmoN-M0DR6-CPBetfH2csSlOpII	s1_a3xFQY41G9nPPc4_GbESq-0eN3mRycIC2y9N09PKA5E	1unQe6	qadv-arbiter-7x7-v0.1.0	-	pathfinder-v0.3.0	-	D	P	196
g1_3ypF3rSEmyGsVqWaLF7fqyoGABzjRpbmPjy-Z8C1PCM	s1_1av6nXQkq-GSHXfjkVlGHGpAq8F9UbW4JwZmyFA-vww	1umvVF	python-gnn-puct-learner-v0.1.0	sha256:ab0f739cd33d66781faf60e27797c5ccba3c04ba684f8d9e32e9c2754f4e8956	python-gnn-puct-learner-v0.1.0	sha256:ab0f739cd33d66781faf60e27797c5ccba3c04ba684f8d9e32e9c2754f4e8956	L	P	196
g1_3ypF3rSEmyGsVqWaLF7fqyoGABzjRpbmPjy-Z8C1PCM	s1_Brk0hkuJoH-MBjdd53AO5tlWcOgDWV_R0PO74fHGd_0	1umvVF	python-gnn-puct-learner-v0.1.0	sha256:ab0f739cd33d66781faf60e27797c5ccba3c04ba684f8d9e32e9c2754f4e8956	python-gnn-puct-learner-v0.1.0	sha256:ab0f739cd33d66781faf60e27797c5ccba3c04ba684f8d9e32e9c2754f4e8956	L	P	196
g1_3ypF3rSEmyGsVqWaLF7fqyoGABzjRpbmPjy-Z8C1PCM	s1_QBFUsDtxokERlDOdQkleYbPvhJ-vIp2qmp6DXjS-7oM	1umvVF	python-gnn-puct-learner-v0.1.0	sha256:ab0f739cd33d66781faf60e27797c5ccba3c04ba684f8d9e32e9c2754f4e8956	python-gnn-puct-learner-v0.1.0	sha256:ab0f739cd33d66781faf60e27797c5ccba3c04ba684f8d9e32e9c2754f4e8956	L	P	196
g1_3ypu16TUjMVlRcieZRYaW2BytEe5Nlvep-KALQbf8kA	s1_RauLaTi4eVgYHSp2TV9pqs9uzTVv0B10g9TaHMWpcZ4	1unNHU	qadv-arbiter-7x7-rust-lambda-v0.1.0	-	qadv-arbiter-7x7-rust-lambda-v0.1.0	-	D	P	-
g1_3ypu16TUjMVlRcieZRYaW2BytEe5Nlvep-KALQbf8kA	s1_Spki5hhwMPl48W74SihYLHZAqY2Snbq47Oh76cpYOtc	1unNHU	qadv-arbiter-7x7-rust-lambda-v0.1.0	-	qadv-arbiter-7x7-rust-lambda-v0.1.0	-	D	P	196
g1_3ypu16TUjMVlRcieZRYaW2BytEe5Nlvep-KALQbf8kA	s1_UasX3qvdTq2FHvwXx8V_dzCOp3V5FD61PEl1nMt41u0	1unNHU	qadv-arbiter-7x7-rust-lambda-v0.1.0	-	qadv-arbiter-7x7-rust-lambda-v0.1.0	-	D	P	196
g1_3ypu16TUjMVlRcieZRYaW2BytEe5Nlvep-KALQbf8kA	s1_iLwHxPAMchpWYxb2JTof0rDYwPYPuTQE-dXwiB8_iqo	1unNHU	qadv-arbiter-7x7-rust-lambda-v0.1.0	-	qadv-arbiter-7x7-rust-lambda-v0.1.0	-	D	P	196
g1_3yteF02Ms1YOIsQePU5UPed8lF34i7xfgFxvGriVee4	s1_DffMatjoGW-vge_ipmfrjIyY_MI0Om0drl7sNPj3rAo	1unMZ-	qadv-arbiter-7x7-rust-lambda-v0.1.0	-	qadv-arbiter-7x7-rust-lambda-v0.1.0	-	D	P	196
g1_3yteF02Ms1YOIsQePU5UPed8lF34i7xfgFxvGriVee4	s1_RauLaTi4eVgYHSp2TV9pqs9uzTVv0B10g9TaHMWpcZ4	1unMZ-	qadv-arbiter-7x7-rust-lambda-v0.1.0	-	qadv-arbiter-7x7-rust-lambda-v0.1.0	-	D	P	-
g1_3yteF02Ms1YOIsQePU5UPed8lF34i7xfgFxvGriVee4	s1_fUhwfzKIgTCTEHBBZCrxiNPMyV0RcvivY6CHolHitQE	1unMZ-	qadv-arbiter-7x7-rust-lambda-v0.1.0	-	qadv-arbiter-7x7-rust-lambda-v0.1.0	-	D	P	196
g1_3yteF02Ms1YOIsQePU5UPed8lF34i7xfgFxvGriVee4	s1_tbWk-5RiSWXNfo1bOFpey02Q5HpjukpvDNX9dB9kxr4	1unMZ-	qadv-arbiter-7x7-rust-lambda-v0.1.0	-	qadv-arbiter-7x7-rust-lambda-v0.1.0	-	D	P	196
g1_3yyIUsYSdEsq23my67HjdnIuweSDPqX5dYsXPegZJLM	s1_-9l4QnkDyorX9BH_EQs0a6UCTE_sZ0aPpPgvOrrDFo0	1unMqc	qadv-arbiter-7x7-rust-lambda-v0.1.0	-	qadv-arbiter-7x7-rust-lambda-v0.1.0	-	D	P	196
g1_3yyIUsYSdEsq23my67HjdnIuweSDPqX5dYsXPegZJLM	s1_P6JlMhAStAYvTDwwSsQ-OOPJPBxuCMhmVMy50KUDOT4	1unMqc	qadv-arbiter-7x7-rust-lambda-v0.1.0	-	qadv-arbiter-7x7-rust-lambda-v0.1.0	-	D	P	196
g1_3yyIUsYSdEsq23my67HjdnIuweSDPqX5dYsXPegZJLM	s1_RauLaTi4eVgYHSp2TV9pqs9uzTVv0B10g9TaHMWpcZ4	1unMqc	qadv-arbiter-7x7-rust-lambda-v0.1.0	-	qadv-arbiter-7x7-rust-lambda-v0.1.0	-	D	P	-
g1_3yyIUsYSdEsq23my67HjdnIuweSDPqX5dYsXPegZJLM	s1_yHvbp18TB-bfZJTd6g9QVyJTP1AY-BbiRk1vAkSBRuA	1unMqc	qadv-arbiter-7x7-rust-lambda-v0.1.0	-	qadv-arbiter-7x7-rust-lambda-v0.1.0	-	D	P	196
g1_3z9zd1-HHGELqzgiTYLSmYEfzCEW1xmQaU4H7aWzbFw	s1_31MaoAARsIxfpFNtwNQoTBORTaGiMdBRuhfvU4N6feI	1unODi	qadv-arbiter-7x7-rust-lambda-v0.1.0	-	qadv-arbiter-7x7-rust-lambda-v0.1.0	-	L	P	196
g1_3z9zd1-HHGELqzgiTYLSmYEfzCEW1xmQaU4H7aWzbFw	s1_IHE6Is25tz9Zj5fsR5sr5rg3FhqOP9vTvjkoUWBhmlA	1unODi	qadv-arbiter-7x7-rust-lambda-v0.1.0	-	qadv-arbiter-7x7-rust-lambda-v0.1.0	-	L	P	196
g1_3z9zd1-HHGELqzgiTYLSmYEfzCEW1xmQaU4H7aWzbFw	s1_RauLaTi4eVgYHSp2TV9pqs9uzTVv0B10g9TaHMWpcZ4	1unODi	qadv-arbiter-7x7-rust-lambda-v0.1.0	-	qadv-arbiter-7x7-rust-lambda-v0.1.0	-	L	P	-
g1_3z9zd1-HHGELqzgiTYLSmYEfzCEW1xmQaU4H7aWzbFw	s1_qlVFqKWKjJtWw8ixlZyP6sb-cPH4BZQW9TWvnkx9uBU	1unODi	qadv-arbiter-7x7-rust-lambda-v0.1.0	-	qadv-arbiter-7x7-rust-lambda-v0.1.0	-	L	P	196
g1_3zA1ubmmLtRT4bS9H5S6s3hR5smIjhv_D7CoOq0YQQY	s1_RauLaTi4eVgYHSp2TV9pqs9uzTVv0B10g9TaHMWpcZ4	1unMiL	qadv-arbiter-7x7-rust-lambda-v0.1.0	-	qadv-arbiter-7x7-rust-lambda-v0.1.0	-	L	P	-
g1_3zA1ubmmLtRT4bS9H5S6s3hR5smIjhv_D7CoOq0YQQY	s1_TkBLPTzqNT12dQJnjInyvHAmlCZis8dnGOGDldfTZwo	1unMiL	qadv-arbiter-7x7-rust-lambda-v0.1.0	-	qadv-arbiter-7x7-rust-lambda-v0.1.0	-	L	P	196
g1_3zA1ubmmLtRT4bS9H5S6s3hR5smIjhv_D7CoOq0YQQY	s1_u2_8qV8x-0hygQql3HYVEIJx6wNbKmZqU6IZIldZzlY	1unMiL	qadv-arbiter-7x7-rust-lambda-v0.1.0	-	qadv-arbiter-7x7-rust-lambda-v0.1.0	-	L	P	196
g1_3zA1ubmmLtRT4bS9H5S6s3hR5smIjhv_D7CoOq0YQQY	s1_vq1j9z1v5OXkGyEh7Rf8AeWkjZiCO8b8a3eWNakpOuM	1unMiL	qadv-arbiter-7x7-rust-lambda-v0.1.0	-	qadv-arbiter-7x7-rust-lambda-v0.1.0	-	L	P	196
g1_3zWFPGr65cJXbPQlp66TZMmixYYZAX5mfHk4M_Xnwfg	s1_53ynhtOdp8pPFEkWwaESpQn8QLGL0Ei5K6zyF_1se84	1un3RR	pathfinder-v0.3.0	-	qadv-arbiter-guided-7x7-v0.2.0	sha256:9c0e5e530df7db77a98f6a2e75fe63a6f629c6ad6563e0b5454793ebc243b14d	D	P	196
g1_3zWFPGr65cJXbPQlp66TZMmixYYZAX5mfHk4M_Xnwfg	s1_O3cuwuia8XT9TI7Nxr3tRcajOA20XFHEIT2fYX3WizY	1un3RR	pathfinder-v0.3.0	-	qadv-arbiter-guided-7x7-v0.2.0	sha256:9c0e5e530df7db77a98f6a2e75fe63a6f629c6ad6563e0b5454793ebc243b14d	D	P	196
g1_3zWFPGr65cJXbPQlp66TZMmixYYZAX5mfHk4M_Xnwfg	s1_aJaBFBuMBwwpN1Gv1SnVjFHeeGVMQP6RgKv74D8zpro	1un3RR	pathfinder-v0.3.0	-	qadv-arbiter-guided-7x7-v0.2.0	sha256:9c0e5e530df7db77a98f6a2e75fe63a6f629c6ad6563e0b5454793ebc243b14d	D	P	196
g1_3zWFPGr65cJXbPQlp66TZMmixYYZAX5mfHk4M_Xnwfg	s1_ldokYogaib_-TUekO3GjWcI6RhPJNqdc9KA9RUsM7Es	1un3RR	pathfinder-v0.3.0	-	qadv-arbiter-guided-7x7-v0.2.0	sha256:9c0e5e530df7db77a98f6a2e75fe63a6f629c6ad6563e0b5454793ebc243b14d	D	P	196
g1_3zv3f03ou6tpTsZW65D8lNFUNjaF7gExoGV7lp_aFUY	s1_7FIu85-v_e-kbNsQ2UNk3yRt-KGcLyUjpmVwIc9cnfM	1umwJT	python-gnn-puct-scout-v0.1.0	sha256:b9f80706cc1f29076ee06fe06483697c749148a808c599579045d00a52573938	python-gnn-puct-scout-v0.1.0	sha256:b9f80706cc1f29076ee06fe06483697c749148a808c599579045d00a52573938	L	P	196
g1_3zv3f03ou6tpTsZW65D8lNFUNjaF7gExoGV7lp_aFUY	s1_S8AGNBNcWBvWiwIo-AOAHPoHuZo2XvcsYvhgQxGTkrY	1umwJT	python-gnn-puct-scout-v0.1.0	sha256:b9f80706cc1f29076ee06fe06483697c749148a808c599579045d00a52573938	python-gnn-puct-scout-v0.1.0	sha256:b9f80706cc1f29076ee06fe06483697c749148a808c599579045d00a52573938	L	P	196
