# g1-key	rules	size	reserve	repetition	plies	2-char-actions
g1_I-49s3aEynrj0bZGPz4akV1HVtUpB9HUReOh6lhm8Dg	pathagon-rules-v1	7	14	3	54	0V0U0H0O040d050X0l090W0k0M0B0T0e0U0g0A0N0G0Z0N0S0Q0P0C0W0B0FD7023u0G5R2t5H0Ya-Qv3NMp0YCrOJSG0IDERI0U0O0hCCPw
g1_I-6Umo2eUj9a0PGAcX_jVWfHHSCnZZfFPpl3eWGlNH0	pathagon-rules-v1	7	14	3	54	0K0A0M0O030H0c0D0a0b0k040e0P0J0h010Q0d0F0j0L0i0f0m0S0I0C0E4C0g0U259zUpCKT-0tBe0l6A5VEsWh0dN-9SbI3Y00XI0M0l18
g1_I-8qWs5YdeOqHEwFr2196cdrnBgHVJwWQ0Bii1MbIKA	pathagon-rules-v1	7	14	3	47	030c0402050100060708090A0B080A0C0D0I0C0J0K0H0G0F0E0G0R090O0N0H0M1A0Q6Q0L520JBa0T3Y03Mi0TGo0K0c
g1_I-B04IfAoi-hlOBzLoBpbAxHTiVGBr-qfv7cDBge9EE	pathagon-rules-v1	7	14	3	23	0h01000M0L0B0a0j0T090A0S0Z080N020M030C070E0B07
g1_I-JFCUYMvzxrj1zFGuJehFs7cKo5HzpZ4TMmXWP33Fs	pathagon-rules-v1	7	14	3	14	0Q050G020I040m060k030E000U01
g1_I-LrGoIUyqouXKzDCbXrspkW-G_ykF6d8Tf8f8QQM5M	pathagon-rules-v1	7	14	3	196	0d050A0402030C0B0109000A0608070D0E0C0F0G080H0I0J0K0I0D0U0N0O0P0Q0O0Z5j8zAu0RGE0H060G0A0N5e0X11RJ00Lr064-5SQX1IIr4c4C2N9_0sRm3r384f050p4c393u1c014f0s3r042K4e053u4gA206385Q0R0p4o39LV1Y3s06365Q1c012M4e3w0r002M0p3r4g062M5S3t0r3g4f053t4g39A01k0100404e040o3w00380q4o1d01381b4dA206385N4f1d3s04364f273s04363u0r052M4e3r9G052M4e400r0C2MFM3wA1002M4e480r002M0s3tFO344f2O3t0rEl4u0J40381b2K6A3w381b014g1d35
g1_I-SwGcK8oqjPlcDE_Z7bqG56bl-epydlI036fU4kbDw	pathagon-rules-v1	7	14	3	100	070E0l000X0B0R0m0e0Y0i0C0d0h0j0c0V0f0b0K0g0J020S0T030I050Q0A0L0DN50H0c8_XU04Um0N2X1DGsFq0kDq0o3r0d2K6A0r6v0XRhMYBxAy6hGz16BVMR6aGz16BVMR6aGzRvC2MR0U0RS0GzGQC2MR6aGz16BVMR6aGz16BVMRYs0V1DHWRv0WMmXNH4Wd
g1_I-UGAgFUA8UBvoVR8uB8dehv9X-c9hxyJOuGspe6V8k	pathagon-rules-v1	7	14	3	13	000A07020E0i0g0D0L090S0F0Z
g1_I-btvuE3DLUUIZZ7LzAp_8WldKLn7iuozt6L1XY4eZQ	pathagon-rules-v1	7	14	3	132	0C0d0W0j0Y0h0S0D0J0M0T010g0O0B0U0N080H060I0l0i0m050X0209Mm040Aar9Q4H0G0FIR2GDQZtAXa8QpJlSt0j2oBTEW0hRQ0e0RCtG102Z3bL0l5CaW0CP8VM0dYO0lTx0B7jLXaFQN07X80k0jNxEs09BnWMAy0SEm0lRsYfFh078k0i0YMP1U2T0c3O0Bc20D0V0TDD0W0BM-0OQs07Tx0cIf0mBs0U430OED07IoO30B8I0GZ4K70TPL0ZBp5x
g1_I-iNaQ8sSnC64aygeihhH7j0fR4j9pakxPJAm_vuRS4	pathagon-rules-v1	7	14	3	27	0G090a080M0F020N090T0U0M0N0b0g0Z0S0L0a0T0Z0h0E0a0L0F0M
g1_I-ileNDJDL6h5i0zzQPTGAscwoxPXfLOWfGBpAWo2dI	pathagon-rules-v1	7	14	3	107	0Q07080m010b0j000U0a0X0c0l0H090G0F02030J0K010C090A080J0T0N0M0h1c0S0L0BSR0i0O0I1JbPbkQ56Z0N2dEn0FMY0I0P0J0B0OWSUD050N3ZRJOG0U91OFP2M5QTGrR70AL-Wb0JbrRSL-L60Q0VPgWiLKMC0RRSL-by0QWi60MC0RRK0WbxL-0RBFC80DL-GW0K0QHHAqYS
g1_I-oDRvSlo1RMdTmC2J8H1Wg-ll21S8v39O6IReGhYSM	pathagon-rules-v1	7	14	3	42	0C0b050B060g0E0X0d0U0V0Z0A0K0J040N0D0m0c000W0Q0B0H030C0I0B0a0P0O0f0kbe0e0IW68w0mL7Xg
g1_I-ttY6WM_rifxF7Rf02UUN_Rd9EnUCoAS-GreefUU6w	pathagon-rules-v1	7	14	3	34	010P0g0K0m0l0A0T070F000j0b080M0N0S0k0c0O0f0X0B0d0C0J090WI50EMI0Q9IPX
g1_I01SlqgiwH9BKDBimrPDR87GZfd195QC5w7cUVdhnCM	pathagon-rules-v1	7	14	3	58	0W0P0g0R0B050m0f0T0K0k0a0Z070b0F0H0l0i0J0I0E0C0d0h0G0L03N20UHN0P0cb7YK0LTC0YWxNy4F0OUDCOc76N0rGqEY0jZCB_00LlaJ0XKm07
g1_I02TBPdKvDN75ICgN_8L5a90bRoYy4j1pjCotePzf3g	pathagon-rules-v1	7	14	3	92	000h0103020M040C03050B0A090B080k070b0F0E0L0G0E0H0N0I0G0M0J0iFQ0J3w043X0a0q0U4g055N0O6X0j0t0c3w9k3F0O4u0V5a0d9W0WB90HGk0eL-aQWU0XRETzGIZJLmJvB95p0OUkGe0gHS0QLxLI0A0c300k0Hab2F0f7VOT0U5J
g1_I0CspxIUaX2o9TIvF5UrQwaA4UvsBWEgdy_ihGW5vvM	pathagon-rules-v1	7	14	3	54	0g0Z0W0A0S0b0G0X090U0j010k030c0B0J0d0T0i0Z000c0V070C040K050L0E0aDX0hFi0G4t0M0V9E0NO10dSlMITC42XxIp0PXF5vLYYk
g1_I0ISaAjML7mEB9YbSS-TqNVoQYiLGqU8c26-XUNtCs4	pathagon-rules-v1	7	14	3	196	0P0W0O0V0H0I0B0P0A0X0Q0J0P0Q0I0C0U0N0G090N0F080M090T0Y0U0R0K0Q0D06055R06Qs023s04343t1b4d042O0p1Y354f2O0p1Y353u2N02050o5N2P4e050o03084g1d5O06344e1b5O0s2P3r1a355Q0r2P4e051b4d2J5P3A1d3s2M0p4c1c015S0t3u1c015S1e3s2J4e381b5O2O023A0r4f2O5P3x384f051a3s34032K360q001a4d380q051a3s34032K360q001a4d385Q051a3s384f051a0o34032K360q0702681e4d2O025R0t4c1d352M024g0s5N1e352M024g0s5N1e354f0s2J1a013u1c015S1e0o2J
g1_I0Jt4F2q_epwymWZhkq2AnXVUm5QRsJ0hRV1XODBDaU	pathagon-rules-v1	7	14	3	76	060g0U0M0O0T0c0Z0m0S070b0k0W0L0H0N090G0h0E0B0l0M030J0Q0DJE0iHA0P6INdLC9a0RFX5E7hT_XDcBTPQaRxOV090fE10VYx0LCjRM0c5pTtLY0c970DGoU7br0RaX0DGCN0R70RC10D3VHp
g1_I0N8lLn25chk7z9zHLtxwnOCDNZXPUTQmt6WrTelnVE	pathagon-rules-v1	7	14	3	32	0I0Q0G0J030X000D0S0i050m0h0d0A0k0E0F080W0M0P0Z0K0C0F0N0g0O0j7NBP
g1_I0RxwmD0Qz2cR2GIgFyjZzxNoq1dzOfalAOv5W6lsyY	pathagon-rules-v1	7	14	3	22	0m0j0h0V0T0a060Y0W0X0Z0g0b0i010h0W0e0U0k000d
g1_I0UkGtwKvGUxye-A-kH-LhMAbzZRw7aBGtNYqUyl2Eg	pathagon-rules-v1	7	14	3	65	0009020i010M0804030A070B050C040l0F0G0H0I0A0J090G0N0H0G0O0E0N0L0P1E0Q540M1v056E013r072-0g0M0V1H0h5N0VBc0E1DFQHPbMMwPG6j650VCE7c02SA
g1_I0_ot-u6srf1equP1r8z50yAeQs0_XbrDnRYWWKgGiI	pathagon-rules-v1	7	14	3	68	0D0L040Y0T060X0U0Q0O0H08010b0W0P0m0c0k02050h0G0j0S000R0f0dJIaN0JE00INT150kFb0POAJVUKb_0iKh5l5AEz07Lp0gGe0UZZ0CEO0K8I0IWn0PIy0S0A0M0ZaM0X
g1_I0c-NnxzvSdyRJM7rfhhniwGYi_xpH3HJtXWveDbdnY	pathagon-rules-v1	7	14	3	60	0Z0R040k0G0i0I060W0X0Q0O0b0d0M0H0N0B0F000e0a0502090T010SLH0U0C0j89N6DF5a0T0f2CLeRb0YXPBTBvJv4q2PPB094PMLPL0WVWcB0KET2I1P
g1_I0gCQqB9f-M1KzG8G6eo_LYjHCzdh4CdsITO8On4Bho	pathagon-rules-v1	7	14	3	22	0d0l0H0S040W0K0k0D0Y0F0T0X0U0c0V010Q0A0e050X
g1_I0h3AoP8Ud4tzNBAAcOAJaGr9RiqDekgIn1XaFSbfsI	pathagon-rules-v1	7	14	3	67	0Y0A0f0a0d0l0D0X040c0J0h0Z090W0B0R0I0307080j000U0C050S0T1I0H6_0QLSbQ4D6D9-ZIFeE5WsLJ0GSi0VU3As94Jv0l3jazZC0AGjEpMX0j76ZfRDXK0jAPZm0j1C
g1_I0jryEzroIanleBeYD0K1TdGZUMhEFJXe5YHyUfEVNM	pathagon-rules-v1	7	14	3	59	0B0A0N0Z0F0H060X0J0f0R0b0Q0g030L020d000G0k0S0c0l0I040Y0C090e3q0V7w03Fu09IT0lcDb70W0M600PCN48U6XJPb0HSe0h2Z0gF00lDn0E0z
g1_I0sIZS_lBgdKrS4YQ2Esqc7LA4oyD6Kwl1oStqeTULM	pathagon-rules-v1	7	14	3	94	0e06020Q0i0E0L0X0G0U0j0H0V0C0k0m0T0a000d0Z0O0g0D0K0I0S03H00f0NF90401GCL10FJR0PARXR0Na4QE6SEACNcBZP0kGQ0I6j0ERh0a0HHg0bBDKT0KTP0j8T0EPR0XFN0W6H5j8Y0a8F0EZ40eTV0b6eOL0IQnMh0TSG08E90mHR0h0a0i
g1_I0uI5bddiTumIud6YYfBrE8g0sKdSp1FPm8tRZuyasE	pathagon-rules-v1	7	14	3	26	000P07050L0E0F0G080F0M0R0F0g0H0h0i0j0N0i0k0l0O0k0Q0m
g1_I0vk7Y6B5pre2v0XXH1LAWDzT3VL1WK48F3frH007Sk	pathagon-rules-v1	7	14	3	78	0A0L000m0U0P0D0h080F0j0W0k0H0V0G0J0607090K020T010I0f0i0g0b5uTB8CGGWM17DgFa06ZqQJ0X040N2O8lbyZ_CIGJRW0k320iZY09Ag0kLl0Q4u0W5-06bL0eWgOL0G860d0UDdLN09Iz0j0Q2E
g1_I0zOuQy5MkTukS0wN-uquw_MBMhUjrjThQkBdteGbTE	pathagon-rules-v1	7	14	3	34	0m0506040D0X0Y0f0W0e0d0X0B0c0C0k0b0U0d0j0N0I0i0h0l0g020P090i0O0c0Q0d
g1_I12dJ8y2W_2Nr3qgVrcA767hoqGJQRXi7-qAn8-ajmQ	pathagon-rules-v1	7	14	3	27	0009070e0Z0j0g0h0i0N0k0L0M0H0O0D0A01080E020K0F0l0T0X0S
g1_I149K3To6QaMDOOcVKYH4341xeWhV811rfye796U0Pc	pathagon-rules-v1	7	14	3	78	0L0S0E070Z000S0g0M0F0T080a010h02090G0N090U0b0i030b0A0H0O0V0H0c0jMrXNSE1KGs0LBcH416006M0uGs04BcMR160S681fGtMR16680S07Wy0sVV3r04013w385Q0Z4g0s3A033w1c5N2P0g05
g1_I1Gskx82a8SeOUbjKbh9f4plSKkzF2fTVVy_Xnejq5g	pathagon-rules-v1	7	14	3	74	0h08090a0A0T0B0M0H0F0I0G0N0O0G0N0U0P0V0N0O0W0X0Q0W0J0K0P0J0O0Q0CGI0KXo0CAp045Q0C4g053A0D3w045Q0C4g053A0b050UOd0C4q0V680FBc080_056870BqAO0C6M0u0QH44x
g1_I1GtZJcFRhV_6xG2sj4ECgxIXOdvImjz4fkVj2n8pIM	pathagon-rules-v1	7	14	3	56	0T0I0k04000Z0R0m030Q0K010C0O0c0l0F090S0H0E0X0a080Y0U0W0GC906Pg0fXR0ZSg5UMu770gDCLf1a0XE5B805GF03HL0d930KAaEfVr08
g1_I1NGpqHbkhrJG7Ambd3QHJydUgXmcHz3_-HkFK_FPKY	pathagon-rules-v1	7	14	3	84	0C0H040f0L070S0Q0G0i0b0F0106080R0m0P0W0a0Y0J030e0l0N0M0g0j0OPU0WHsV_0V0bOmJwCQ5rbMId0ISsAmFT0TYy8h0aUY0N490f2X0aY70P2D0FZsOM0aKB0eVB05EX0iJdYKLI0aTqLi0jGKVD0KPy0cQkRB0e
g1_I1Pnwa9qpBPhXLD7ibdygGjHU1xbrbzarOscv9lC-NE	pathagon-rules-v1	7	14	3	43	0A0B0e0a0f0g0R0G06090i0l0Z0P0Q00030M0C0T0k0H0h0D0m0N0S0K0I0C0cKD05InYEHsMYAsYVDO3H0V2d
g1_I1UmmRuAtO2H3MIvKc5wtPrfIzO1BCqdYux5SJ2pa4M	pathagon-rules-v1	7	14	3	35	080a0O0J000W010E0R060K0h0c0V03020j0G0b0D0l04070P0F0Y090L0SSi0UBrMg0580
g1_I1VYTCdO-C4oDWcifizPNXqpzIcuxGcQAKPEfdADGW4	pathagon-rules-v1	7	14	3	31	080W010b050U030M0S060C0i0e0B0f0a0I0c0O0m0l0T040h0X020d0F3U071r
g1_I1i1dg1afRIwcTzOF7xR8mXedA9xEg-B0i4CQqInzKo	pathagon-rules-v1	7	14	3	55	090j0i0M0h070R0V0B0Q0a0A0C0c01080Z0K0J0P0N0e060d0U040T0Y0g3w0RZVT4QrN-0WIz0MYGVOFO0L9zW0STHm030Ua-0MLu0Y9XPr07
g1_I1kCkps7bLktx5lRP0kGtLS8_YS_ihD2VmTsDZZp1ws	pathagon-rules-v1	7	14	3	23	0h090C05060M0J0L0Q0D0X0b0K0l0D010e0Z0m0f0Y020f
g1_I1raoGZNlxqJDK_GAHgsOvQsLQjivIMODDlSvTpnvc8	pathagon-rules-v1	7	14	3	196	0V0W0U0c0b0d0N0O0P0V0O0I0H0P0G0F0M0T0a0U0M0i0T0b0h0j0k0l0e0k0X0Q0J0g0I0Q0hXU0gYv0aRv0TMm0iHI0aRv0TMm0S0aXUHWMYSn0aXU0TMt0aS00Z0T0SX9HWCbMKBVRoHI6T0uBVMRHI6TX2C20MHW0a0F0_0T68RhBqX91D68GzBqMR1D68GzBqJx0_68GzMYBx0_68GzMYBx0_1YHW6TBc0_WxHW6TBc0_MDHI6TBc0_MDHI6TBW0uWxH4MY6a0PBq0_MK0F0E0M681fBxHrHP6TMKBx0_Gs6T0MBc0_GsHy6aBcRo0Z0g0aX20LC9H46TN5MmBxH40T0uMDBqNC0S0uGsBqMR0S0uGsBq0E0SBcH4160T0MWx6M
g1_I2-GY2Oht59DpjoBFAXNrHATuSHTO6Mdeh0eAU6rQeY	pathagon-rules-v1	7	14	3	94	0C0V0F0E02060l0M0H0j0T0i0m0J0N000c0f0G0h0M0U0k0W03090B0ebY0II00M270QIWW0UCOXKTVODdFiHNKo0dWb9m6I0Ibf0f5s06Y_0m7Q3T0e2p840GOvWs0Nb_04EwHfbQ0HO10mIn0HDdB-0FVvUE0MCe1r08E40EQqAC0hab0PZBXzJs3u
g1_I23XjD70qsDWT8_k--C-Xp8qklXjAvOheaLhuEROvR0	pathagon-rules-v1	7	14	3	48	0G0J02090700010E08070A0F080M0N0H0O0U0b0i0L0m0M0h0g0F0G03040S0a030T0U090Z0T0H0V0G0A0b0H0I0c3L0a0K
g1_I25IM-HSBPlR4dQxFsSUSs5Ut5dfbGUOSONWPRL2WXE	pathagon-rules-v1	7	14	3	66	0U0X010L0j0Y0G0N0a0O0c0K0B0i0W0E0g05020F0C0Z0P0l0T090J0k0RGk0AR4AjCNXAS62Z0MLSJDKEGyCI0hO6BhGl5J9U0ZPj0eFf0ZUDbL096tMnTYH15r03Wd0K4P
g1_I2FU7Q04eSDiA8t1TWcQthKsA2ppNKw1FSGXGJHcDBY	pathagon-rules-v1	7	14	3	32	0m0D02060Z0W0h030c090B0O0b0Q0V0F050A0S0R08040Y0C0X0e050E0L0G003F
g1_I2YPSlhsGhGkHxzmJn0MLc0_XHl6V-uUCgw09XiQhr4	pathagon-rules-v1	7	14	3	37	03020P0k0a050h0H080U0Q0J040m0f0R0E0c0C0T0M0W0S0d0J0b0X0I010l3d0gMK02APNy4A
g1_I2jVS9CCnZRBHvIQbZiFQilsB7S9m7x3mzWXzLO7vdM	pathagon-rules-v1	7	14	3	61	070K0C0N0f0Y0X0A090h0P010L0R0W050g0O0b0D0k0i0l0Z0j06040V44Gr0KP4Ta1b7yRw6nLjKXArGeY9AO08023TF26a2Z0JXD02Rx00Lr04WD0RZV0gDB
g1_I2nc5GT0gM-3OcTpzuNC-ESZHa5Ma2DDyFqpApcf0B8	pathagon-rules-v1	7	14	3	23	0C090M0K000O0N0j0m0g0F0E080W060B0b04010A0i0d0U
g1_I2zm6an19eyASNBrFlCn-yWq7svA4plkEu1_mqXOOOo	pathagon-rules-v1	7	14	3	56	0J0E0h0M0L0V0i060U0b050Z0m0D0N0G09030O0I0a0T0P01080M0A0j0K0U8Y0cbi0C6C02GlZzYSTq4Q0jKX0PXRZe0GA74g5S0U04bdZ_GzK6
g1_I3-rDtdfLdw7WCtCMI0b8yP5hO6MjUObs7cY-BtrBWk	pathagon-rules-v1	7	14	3	89	0E090D0g0C0d0l0G060J0a0H080F020R0e0L0W0P0M040K0A0b0F0Q010O0m0T0JAS0SN1DCTM0P0U0f0FLeJlV9GgKCCpEQHi0RBV0HbRQk08Eo0PMTUD0kRxVeOf0hKAb-0jEH0P8v0Xaa0dOT0YAT0CHGIi0e0m0RAa0LGk0W0K0a1C
g1_I30pmV_f6K0gRL4iDekYpTA5iSJ0rLB2Nh7APu1XOVY	pathagon-rules-v1	7	14	3	92	0L0O0N0Y0W0d0i0m0e0F0H0A0T020b0k070V01030E050R000P0a0h0g0O0j0D0SPd8ZTcZi0AaPHV0T0G0MKRLPBG4gJiOhWV0J8a0DPI08Id0OVrUm6iN807JICdNxBk0KLgbfCzaEDl2ZIQXMRTB8Qn3LSO422N9_0mKiYl0PMj0B3GDt0b2V
g1_I31bV64fSutCpJORUn9bCwg_8clfTRekedXvGRBS2bU	pathagon-rules-v1	7	14	3	45	0k0j0l0m0i0h0g0j0h0a0T0b0U0a0b0c0Z0b0d0V0W0S0V0e0X0d0e0f0Y0e0L0M0S0T0N0O0M0V0P0UR30OK30P02
g1_I3BdqEIsPbUMnknfPy8yeNmtptftJ6vFuE0VVN-VX9E	pathagon-rules-v1	7	14	3	53	0k0j0l0i0m0h0d0c0e0b0a0f0g0Z0Y0a0f0X0W0V0X0U0T0S0P0T0Q0O0N0M0O0LUu0dPJHu0W0OIg0dDBGv2NJE0B388U4e05Rg0Z3wbb
g1_I3FjTCWrHs5nmCwTFeE3945bLFHaw9pRZalMS6e2tUk	pathagon-rules-v1	7	14	3	76	010b0O0K0V0g0D0P0B0M0h0c0a0W0Y0T070A060R0f0G0E030F0I0d0JWA8mJg0f0eNM0NX01E0i253nXqTx0QF5RdK6740m6K0g9xZB0IJS0V4L01Zi0XXN0OFj0gRQ0hDZ09KT02OU0eLz0PPt0i5A
g1_I3SZisH3RGc5Xz_jB624EZUMcq_9nKTyTqy3czcS_uc	pathagon-rules-v1	7	14	3	56	0l0A06090N0e0L010c0i0W0J0M0B0f0a080b0j0403070D0O0E0V0Q0X0d0S0I9i0YTVHWFWUx20EzYT5S02FL0J0h0HIi6bb20LGnQnQt8sUS1B
g1_I3XbeVMiLXS-5tETqZVGX9ZhIV_yXNptofu8sIe3TwM	pathagon-rules-v1	7	14	3	77	070C0A0e0a0U0E0D0F0Z0k0L0V0c0R0Q0K010G0B090H040b0N0M0h020g2M0j0aITRyGX02X-0dBg0KOp0lFFJqCM3IaO0ZMVNl0VC5DV0E4QB60TSq8A0GZjS80QJk0S2g03Bt0EbT0YJ1CF0E3jTo4g
g1_I3gHf3mh4J1ONayUOXYVZwnv0BJTm7n1uxHAoG-n44s	pathagon-rules-v1	7	14	3	38	000C0B0G0c0m0W0D0N0A010g0l040L0U0k0T0J0h0a0O0V0K0Q0R020b09JV03NF3nLdHP43FfGK
g1_I3kW89Dp-gZSGECDRvrSkeWyOBcNQvHdNU9FuXm5Htg	pathagon-rules-v1	7	14	3	196	0Y0f0R0e0X0Q0J0X0K0D0C06050P0I0W0B040d050m0l0f0k0e0d0H0O0V0c0O0A030j360Aba0m2K5P06035abdGrb40A5abd5MWF4U04cG2I0eRS2r020R2MAm3s045P3x1cGI4w5S3x042W4e053u4g2O02382M4e003u5R2O06385Q4i0s02382M4e053u4g2O0G385Q4iLX0R045v4iWF4Ubb674iWF0f385Q4iAp0D385Q4i050D4g5S3A0N3wAo5Q0D4gA23A003w0r5Q004gAp3A0C3w0-5RGB4fAp3t5R354f2J3t1c350q2J3t1c390q2P3t4g395Q2P3t4g395N2K3t090o4c2M7i090K350q7k2O0D041e4wAp425R3A
g1_I3mGkoIwOdh9gb6adxqLIujwk-t6igl2phAzPmrIImA	pathagon-rules-v1	7	14	3	59	000g0h0i0j0h08070E0L0Y07010E0S0Z0a0F0k0O0S0f0T0M0N0D0G0U0V090U080bWm0HJJ0d0O0cJW0VB60G0H0N7wQy0W1oPJ7h6y0w2R003D1a040w
g1_I3tYkuPu4aVvSaz9eLS_lIOBtR0iqqj0W1gD6aNbtNI	pathagon-rules-v1	7	14	3	29	01080a070U0b0F0T08090O080V0E0c0M0b0F0N0G0H0A0200030L0A0S0h
g1_I3u1iNJmfd73PZ5qowoX6mq5C_LG5hwmCk4RHO9yCdU	pathagon-rules-v1	7	14	3	196	040500030D04070C0102060B080A090J0G0I0E0H0F0K0L0M0N0O0M0P0Q0R0SLs5qGBBC550s5t1Y2K4e050o572O361b014g1d352M004e0r391b2K3t4g391b2K3t4g391b2K3t4g391b2K3t4g391b2K3t4g391b2K3t4g391b2K3t4g391b2K3t4g391b2K3t4g391b2K3t4g391b2K3t4g391b2K3t4g391b2K3t4g391b2K3t4g391b2K3t4g391b2K3t4g391b2K3t4g391b2K3t4g391b2K3t4g391b2K3t4g391b2K3t4g391b2K3t4g391b2K3t4g391b2K3t4g391b2K3t4g391b2K3t4g391b2K3t4g391b2K3t4g39
g1_I4Djy_hiLXNQFWoq9-Yoy5Lgv5_RFTjmnF93QsbRSJY	pathagon-rules-v1	7	14	3	60	080l0F0e0k0V0K0j0E0S060L050C0i0m0G070f0Y0d0h0R0b0A030Z0U0QPC0Pb70DYh0B0aBO6W4yMyVK090WT35zRGXQZFCi8N7QW00a0F8T2D0Y3g07H6
g1_I4MVrH68mi9UZfFbYV6Y5WQcXWdKu3xvlzHDu3LQ8pY	pathagon-rules-v1	7	14	3	56	05080K0A0f0F0l0B0e090I0Q0D0V0C0N0j0J0m0O0T0g000S020W0a0dbn0hbJ9JAhFNVw6ZF10P13Mr0E0LRx8XNjPHZwLb4m3X04Vl0eU_0J1C
g1_I4XubzLPqz6_NfD_Cp6O2hqWuFiPLqHwwXVqu2p9ZEg	pathagon-rules-v1	7	14	3	40	0S0a060D0Z070i0G0h05030j0U0J0R0K0Q080l010V0W090m0B0g0X0PMr0A0S7509GGOs683PSN034l
g1_I4YJsAmFC61U0UDejgCcpY2w7YFS4aTMW6nqwEuAXVE	pathagon-rules-v1	7	14	3	56	0H0I0K0f050m0h0Q0l0j0O0g070S090J0Y000V020U0G0B0D0T0d0a0M0Rc90HXKJII86jK9RB2N0CMG52QRO60XXyF-MR0mARLP0WKfCBW40L1T
g1_I4ZtlegyXNKRLkFwB7MQmKjx_2rfObFwG0VQmxN0U48	pathagon-rules-v1	7	14	3	54	0P000M0V0m0L0R0F020B0h0k090N0E0W0Z0X0O0J0g0G080i070U060D0lDD6-a02mHAM5NnbaQWS0A7C1IW0b2ZY304XHPB5W020m034k0C
g1_I4_eTObe2S5_siqUF8kHGW9YO9MYKzngNMm9BHEDA8I	pathagon-rules-v1	7	14	3	44	0Y04070m0M0f0B06030i0X0J0L0E0Q0P080b0I0N0l0e0O0H0N0A0G000C0d0F0hRT09QmBoHrVEXe7y050dCq1R
g1_I4j258GG9ziinMF89S7eF1sFy-TIC4gOtvtC8sRyKOo	pathagon-rules-v1	7	14	3	59	0V0B0U0H0N0S0J030l0K0a0Z08010P0R0O0W09040i0E020c0k0G0b0mJ90O0AJcSd4B2h0a0HTv0YLYD_3JOEBc1N5eRHSE8XMPbB0h7cNO0S2dAo015Y
g1_I4pT46i35NtoP6Y9u5Ip3d3-v99PPIQtu_cDW1lQsHw	pathagon-rules-v1	7	14	3	64	0E0Y0F020O0R0K0L0D0f06030H090C0e0d0m0G000A0k0g0l0N0M0B0aW_3dCma60kSx03IE3fRUAzbT9sVlCUH30Uc0Bq0P0aAv0i0WJJ0T0O0UHI03XU16MR6aRh84
g1_I4tnN7VaIH4JrWNw3go3dm_6M3Yb2k9r6JcLsKh9RqA	pathagon-rules-v1	7	14	3	79	0S0g0F0I0m02080l0M010Q0K0C0f0P0d090Y0B0X0O0D000T0G0a0k067z0AJR0jKbQn0EWoEgT10f5zCpZk0qB9L38_c60LWrXV00Ne0VPW0hGS08Cv3f0U0M0jBkZb0bWk0T069g0aFv0jAK0a0kb60b0JJj
g1_I58Rux3JF_1SVmj5tAgXwfeaQ6ESUpqquy_QfI-04lA	pathagon-rules-v1	7	14	3	171	0i0c0J0I0j0b0U090b0V0N0O0P0Q0O0W0X0P0Q0d0P0e0H0G0I0A0B0C0k0B0l0T0e0U0a0NZ80i0M0bIN0NbP0lc3bWWvZ60iby0eWi0TM50XRZbQWvYFcCXh0eak0kcB0eZ8ahZyUabWZC0c0kcD0V0bZ-ZAah0c0b0V0cZy0WXe0U0c0VYM0b0hcDZ-0cak0kcE0ebU0iZz0jalZybT0lYObRXg0ecFYMbRW8ZD0i0lXccBZDbS0lXccBZD00akXfZw1UYMag0kZwaiYQ0hZAbSakcF0eZAbSak0k0eaibUZC0iZyZAbS0l7gWyYV090oRa2MXk040o3r2N020B
g1_I5BLJX6HbSq1RMkfVg0S8SMtsaW9bam1qTz62rjysLo	pathagon-rules-v1	7	14	3	38	0b0D020i0d0H0I0c00010C04030f0k0Y090P0V080R0e0G0a0F0W0U0H0l0g0JZD3Q27bH0d0x4O
g1_I5Io5tcu98YIJ-9CnCNyvcz5CDFR1ehecdWLP5KWS-E	pathagon-rules-v1	7	14	3	64	0g0K0G0m0c070d0H090U0T0P0e030C010Z0i0D060b0A050W0F0S0R0h08b-0aPoUMEK0DN20R0jRr6AXGZ3VMMtLs0O00XI0VJr0d4a0XYz0k2q0VZs0b5l0MVs0V1-
g1_I5Ub0Eyv7qFfB9Mw8o4wdDGS5HFlsAV2ZE428A7KhcU	pathagon-rules-v1	7	14	3	54	020B0C0H0L0g010A0E0903050h0N0k0Z0K0P0I0O040G070m080U0J0SC60aZ_KZH4D74MbxGjMy6j8g73aq1DCaY7RzBi0B0K7q0IKTMDXO
g1_I5aOp9dP1UCLOU6KycfMgu2ZsCpGW7I33ofSrksrgqg	pathagon-rules-v1	7	14	3	19	000Y0S0g0h01020d0Z0T0U0m0a0W0L0D070f0E
g1_I5dT8riYjswp8XaKXwtsXOIRqJ3XAn18r2xshXblVCk	pathagon-rules-v1	7	14	3	33	080m0I0d0P0Y0C020c010B000H090U0J060M030N0W0A050b0j0E0a0k0XIq0c0L3Z
g1_I5oeJaBGmFkUhlfeY5jfwCXstV0BJM-FI0_RHp8eZns	pathagon-rules-v1	7	14	3	74	0h020P0N03060G0b0Y0D0C0I0T0d0i0W0m0c0A0S0Z0e0M0H0701000J0B2O0VES0U0XI20Z6VEbc5Re0b4t8mUyNqQ59aEYN6XP0T440BB4Z00ED80S0E2Z0TF-0N0i040h4S0fJ5Dl09Go0J29
g1_I5qBvbEpscLyNztaU0XVAfA1yjWf_tLeehfFQZE-E_8	pathagon-rules-v1	7	14	3	31	07000E0F0L0M08010S080T0Z0a0g0h0G090N080U0b020i09030A0H0O0A0V09
g1_I5uPbOvBRfFVvqmIPd-x553wLhLKaMeqQ_TUnpoDWJQ	pathagon-rules-v1	7	14	3	32	0F0M0N0O0G0N0U080N0F0T0H0L0G0M090E0V0W070V0P000A0I070P0J0O0I0S0K
g1_I5vibprYbUQfr5KfnqBUGqrOpXbnmeS8g8shVJuoSUk	pathagon-rules-v1	7	14	3	41	0R0K0i020k0E010W07050m0U080T0I0O0X0G0a0P0L040b0A030H000jLs0N3p091mIRLM92Yg8M0ZUk0S
g1_I61isCIS0c1HoymOPdZClLEOgBAA-cYQzEaZHa8j8pE	pathagon-rules-v1	7	14	3	39	090O000U04080G070d0T0V0X0Z0S0H0A030c0C0M090N050E0g0D0F0m0k0L4Q0Y1W0IXRFG36BZ4-
g1_I61vltUr5X0GZQP0cxP_S9V6qW6y8d4weONkLhjj01E	pathagon-rules-v1	7	14	3	59	0g0N070P080W0R0l0X0E02040D0H0d0I0i0G0M0m060T0O0h0A0B0k000Q0LaJ07Hi0k0SbmXU12GUaMQlbO2vXiZGCzZ40i8lVv0VBu0fG_0lIs0Y9h0e
g1_I67wpQ_p_4pq_GfKuDtJEitV7gdnFRtlBSYEAoUew64	pathagon-rules-v1	7	14	3	21	0H0R0K0O0V0N0O0P0Y0O0R0m0X0e0l0D0e0J060C0D
g1_I68yo4BKhecSRQXnNfw588ysAqnNTx0Mr-13By2aj6Q	pathagon-rules-v1	7	14	3	88	0W0I0a0k0l0X0H060M0F0O0R01040P0g0D0Y0N0L0U0Z0i0E0B0G030I0J000SBmNx4b0V5r0dD7K5bw1_0fHxEN0GQ7PoS40MXI0gKO04F40M1G0cWn0j4t0ZaFZM0lGT0k4R0jYy0iAb0fOg0mVz0EUEbE0F5k05DN3Z02CSZd062h
g1_I6DkcfR6KgJUWGrVI0x4F9RSwoYC4ZES_gH3zWP2qb4	pathagon-rules-v1	7	14	3	78	0Z0V0f0G060Q0201000d0S0j0R0C010i0X0m0a0g0F0W0E0e0T0H0Y070k0NSQEMR56g0UVJaNYdEkOp1M0f4u8YMiWK0DLQFFAH04ZaA_0fCPcE0mG0CD0dc7GU0lWY0X0JQI0Xad0kSB0NDI0INMKQ0S6l
g1_I6K_dfTPjMp5eM-4sNIEQgdjY-zcV_aZsfAc9riUaEg	pathagon-rules-v1	7	14	3	61	0H0F0S0I0a0L0U0N04020e010Z0j0M0f0E070k0O000g090G0h0R0K0X0J0P05095LLcNq89SpIZFR2E0CZFAjYw09XG0JKG8C0b4J0hGb0PCB0Dbl0cPc0V5G
g1_I6SvTAOPnaTIggc0o--gdOI8IdZ7etC25BsfXYPXoho	pathagon-rules-v1	7	14	3	29	090G0M0N0b0F0Z080I0A0H090O0B0P0N0d0C0W0J0Q0L0X0D030M0A0U0k
g1_I6XCpPCpdL_PZk5pD8iHqd2Hdo2A_cfedxDDMX3lgQ0	pathagon-rules-v1	7	14	3	80	0V0j0S0e0D0W0P0T0Q0Z0O07030l000X06010C0K0Y0E0A020b0f0F0HMOPr8x0LTBGcCx6ORFbNP6DnJPQLAd0k9GNIKtaE0UEH0HGSYQ0ROMCs0lFxaW0YMrT30aPFVlIrQUV65k2s0Ac60ORFIy0hJr0TII2A
g1_I6_4OJIYm6rLuGZ0ssJxI-Q9uaQZzoxdr51TTlbwZEM	pathagon-rules-v1	7	14	3	59	0801000709020A030E0F07080G0H0F0A0O090N0M0L0F0M0G0S0T0U0M0T0V0I0O0B0N040P0W050P040V26012s0T5B02S20cI10M3dMt4EHI0L0ZHC0L
g1_I6lfdqPjIZ1OdUj-xlS8f7sjvURJk8U-SqXexLc1gWc	pathagon-rules-v1	7	14	3	102	0b080L0Y0B050J0W0I0h030c0g000K0F0T0l010C0U0R0A0j0E0M0V0D0d0a09Zc7m7c3O0c07AP0DY397bF5qZHFv0X9S0JGS0c0l0bIx0KZ80SbS0NEy0MDX0IN-020lUDax04BWIc0l3U0e2P09Bn0NQW0V4s0H0X0O0TCWN0033_Yo08045O3-FO0FHgXE0C0M8kbD05
g1_I6osP30uCkUXwBvrph1TgLkcIzi3BXMaeSuiXtyj1Mg	pathagon-rules-v1	7	14	3	47	060D0Y0g0m080l0h0I050B0C0A090L0H0c0R0f0b0M0G0N0W0U040e0aF2XpRMA00dTO0FEAHA0QHe0PCo0XUD6I1lPt0R
g1_I7CJdCJdw9_LDb_Ib1u4KG_GMibEo-LIu02S0S7zOYw	pathagon-rules-v1	7	14	3	58	0m060C020I0Z040g010B0P0F0S0N0a0E0h0M0k08050L0T0Q0b0V0X0W07IR4RLJbk7R0Q9ZAL0J4cVuEt39JKCB0SPB130AAy0e9XIO0XQqak046l03
g1_I7KZjJwMpHvGbGBOSsXUtFtIwYgez6BvUTR7oilZYgQ	pathagon-rules-v1	7	14	3	88	080A0706020N000M0R0P0c0F0C0X0V0e0Y0I0J09050f0l0a0Z0G0b0DUZ0ELm8vbG0cOwILYp0m6qF0G3KDAX01S1DS04Fx0FAr0IaF0PLxLP0RFA0J4-0gbM0lJe0Q30Vh4003YlBm0OWSSV0KKBbb020B01a_JH0f2X0AEGLZ0i3C
g1_I7R2WSSFU5x8cWx7EOTNymJr99lS0UeDGC4sF0E2FT8	pathagon-rules-v1	7	14	3	22	0l0D0m0C0N02070E0h0F0B0A0j0B0O0i0Z0V0f0H060G
g1_I7TE6l1Y_Y8kgcY_dVmfkpV8Rxq44LRJAFg3SeFTFTY	pathagon-rules-v1	7	14	3	17	0Y0D0P0A0B0L090E0I0T04000W0M0d060k
g1_I7ZtqtL00VdAa_ZdyzyoAoO-z4oJilFaIDf8ZLx5U-U	pathagon-rules-v1	7	14	3	42	0h0E0b0F0c0k0V070U010d0i0Q0j0e0T0X0a0f0W0R0d09080Y0G0S0A0P060HSd091p0PYfLT6B7ia4Ks04
g1_I7cTQVHxWrnn-oWTdXgTaMO0EZRndH30x3AAMDDhLN8	pathagon-rules-v1	7	14	3	17	010f0b0d0e0A08090F0j0i0C0G0M0U000N
g1_I7fhuTiOllwOCK1zankrpRzxo_sK-6oXSkQseRptWCM	pathagon-rules-v1	7	14	3	85	0X0A0L080b06020h0V0Z0i0e0d070K0j0M0C0D000T0I0l090E0g0G0Y090BG80UDX7G3KFHH_XDAnZVHAF72f0m0jbuQk6a0cR20X160G0DTS02Gl0N075c0hMT0S0RMZ0L3C0fI40FPd0YQ20FOy0lUR0LMaQq0YbE0S0mHy
g1_I7kjg_2Z-F8yDel3rwMqOGcpP1KMvku0lxVToisAJDI	pathagon-rules-v1	7	14	3	104	0c0d0e0l0d0k0m0W0X0d0f0Y0j0b0X0c0V0i0R0W0c0j0d0Y0U0X0Q0e0P0O0W0N0h0U0a0T0b0M0g0Z0S0LWO0ZMK0fBVRo6THk1DBVH46TMK1DBVH46TIP0u0ZGs1m6TMK1D0NHPBqMR68RhHIBq0_0ZMD0SBcMR160S6MMKGs0IBcRo160M0HX9GsHy6aBc0_0T0J0UC90QMu
g1_I82RDh84RYKiGVvT0Dy9jgEMCB2OGZXjRUcUZkZp4-s	pathagon-rules-v1	7	14	3	39	0b0V0g0E0K0J0D09010l0R02080a0Q0c0F0P0B0A0C000J0W0Y0I030X0N0G0O0H0P0O06C7XaSd0m
g1_I82xV9UQLbnsxljMHe6dkYd_s4lKWEIPAQ0vKHSEFRE	pathagon-rules-v1	7	14	3	31	0G0S000E0O0Z0R0U0k0f0T0L0A0g0a0B0i0e050K0M0X080V030d0F068SWS1M
g1_I8BkaHxi4vP5qd5exUgoMWgy_jO-1RE8WWSKeiLRhds	pathagon-rules-v1	7	14	3	43	0B0M0E0L0S0N0L00040109080203050A0C020J0Q0F0H0R0Y0K0I0W0P0f0d0Y0m090G0l310c3f0l2A4M040e
g1_I8F321kej1tj1JhPnWQxC1Ey2YAXT6I-U7z-O9L3i1w	pathagon-rules-v1	7	14	3	124	060M0c0O0i0D0A0h0C0Z0d0m0I070l0X0V0B0k090R0P0L0N0U04020a0jHp00Xz0FSzCjJS5l8LYcS90WApLiFZ0R4vUD0SLiEO0RQf066iP00iIEYk0i9h0GVjZi0DLq0I5w0bPx0SYh0V0NFg0FEA0W0N0T0U0eB11EIk08Sq870aCx0MVe0aPvOs09SiBy0a890M0U0WOz0BHD0aCy0M0jIC0T06b79Y0Y5x0NI6RG0LYcOs0Y4C
g1_I8MlGqp_3fnLDpJ5c1ouZlitrCyVFIFjhbzUIfixtFs	pathagon-rules-v1	7	14	3	42	0Y0J0g0H0N010c0h0D0W0d0j0m0X090A0G0a0k0S0e0V0I0200080B0R0F070b6STBY5XaFoFESh0OQSWV0T
g1_I8RLXe9FvCZ3wQqkfdzodQwf83NVuUIaYMORgxFU27k	pathagon-rules-v1	7	14	3	27	0a070W0M0V0b0B0E0e0Z0d0105020I0O0J040N0k0i0K0C0G0l0T0P
g1_I8aJy4HUSZ7zx15zLYvykXm6EANWxtCl4pN99IFUYTY	pathagon-rules-v1	7	14	3	60	0a0g020d0E0Y0k0B0H0c0P0D030Z08000G0907010h0I0i050T0l0V04aaS40KU12ib5YiPaEJBNNA9P360N6rIV0SB5ZS0ZQNX40jFQ080q000iKa070Q1g
g1_I8glXzdrdNIxiGIeRIx6GiX3M_TA2VbscP77-9sKa-M	pathagon-rules-v1	7	14	3	75	0d0L0X0j0c0O020W0i0N0F000g0U0V0k0H04050a0K0f080I0e0T0J060B0DF_0QCW0lGWNG0F1MXK0gD8BUE6F6VaIwQV0E9Z0aNS0OKAbt0CHROz0IU_0a6X0d054bGhaU09S40cPENTV953047T
g1_I8lC4wvvF9EieXuHc8qAkbh1N29iPEFKIuYSFve17eE	pathagon-rules-v1	7	14	3	196	0A0g0G0U0N0M0H0T090F080O0V0N0O0302010B0208040I0P0W0O0P00070E0L070S0s001e012V0p341b3s040v2J1a354f0s2J1a013u0r0J1Y2K3t040o342M3t040o342M3t0501380q4c1d012N0p341b3s2N0p341b014g0s2J1a354f0s2J1a013u0r2J1a013u0r2J4e0Q1b0o2J7i391b0o2J3t381b092K0p347j1c2K0p093r0C2K7i0q094e7g1c8S2OLC360q0Q0A3r1a4dAM0r2J1a093s0q2J7iJI0O0r2J1a0G3s0q2J8T0A380q09023r1c7h2O0p341b3s2N0p3D1Y3s2M7i0r1Y352M3t0r1Y352M0C0p1Y35
g1_I8lXUFvn8nQ1exRSn7GgWp0ikBpQvFZ4qiRj8BCIS8M	pathagon-rules-v1	7	14	3	85	0k0E0c0P070T050A010a0903040L0h0R0B0M0K000W060e0Y0l0Q0N0C0b0D0jLAPOKA5FA7UOLq0gBu9WBLau8r471DaASmZk0jGUL2We0mQm0l0V5z05DW0kRK0DZr0W04TjP80fNbaUJdYP0aWmbL06V_PE0V0Cc15-0m22
g1_I94n16vdte4K136nMYLT0QOhMnnj-xmB3gzchgs1FEk	pathagon-rules-v1	7	14	3	45	0a0P0g0T000Q0V0I0F0M020k0R0E080f0G0i0N0W0O0e0H0U060J0S0c0b03TQaKLw0V5uFn01Z2XP0CGrHh2_05Mo
g1_I97ZCU-p2kTJzvjpy20Sccu2XLRc8zZfvZBl6Kq9FFc	pathagon-rules-v1	7	14	3	29	0U0K0b0V080W0F010C0h0J000f0a020T0c0g0M0U0D0E0N0Q0U0L0j0S09
g1_I99XO_2yvn1fzJL9NZCPT4IkrYq1gTe5oZF0xnzpa4E	pathagon-rules-v1	7	14	3	50	0L0M0O0Q0I0E010P0H0A0k0305060J0i0j0F0h0B0Z0b0I040C0g0i0X0a050GKqGu0QER3R0c03WAKEFfXP1DKy070eHJGQMRQI
g1_I9FHmsie16oOoyU2O0rAngGE9gmtfyJNOUBVYUUN8wA	pathagon-rules-v1	7	14	3	196	0H0I0J0G0I0P0O0N0Q0O090A0B0H0A0C0M0F080X0F0W0V0U0T0V0102030902040500040C1e014p055h0CAq0D3w045Z0t0R3w385Q060A0402051l5v2PM5BURE5v0DcABUQvGd02M55o01QMQvLfWbGdcA0KL-GWWU0Q5o0XGB2WLm025o2PGI3O025a4iGA3uAo5N4i1d01385Q071a0o34032K360q061Y5O36030o4c2O3A023w1c5Q014g1d3A030s2J3s36040o5N2M3t040o342M02040t4p2d055a4iGA3rAl36040o3r2M4e040o342M3t040o3r2O385Q064e5S380t2M4c1a5O390q0D1Y6E354e0q051a5O34032K
g1_I9KQ4eWPT086vAJJXjxNYqejG8BnJ4_z8veX3-zmAs4	pathagon-rules-v1	7	14	3	104	0N0M0a020T0L0g050j0Z0G010P0f0D09040h0Q0V0O0l0C0F0W0c0S06BQ0eDZ07J80X0RCmXA0B4BTtSTbULk2a0J7q7H27Qt0lc80mF35z026B0gOt0GVu0dTS0W0w065E0IQQCt8B0E08XRVkLG0UC5bA00EB5c06FL0MUs0KEuc50fafZn0kWd0aPy0fT-3eTSWTMo0S0f5q
g1_I9LSn5Hd3BKNZ3umhE6L-Kq9KKcUJeNxvOVugkGSvUc	pathagon-rules-v1	7	14	3	46	0Y0J0A0M0N0D00070G0H0j0P0B0W0Z0X0e0E020Q0R0O0g050F0a0c080k5H06FmZQ6jU90l017XF9Y315002RCFUM16
g1_I9aRiBJrjrhQPMeT4Mq1HPg_0SYCUNhB9hOCh07_u_Q	pathagon-rules-v1	7	14	3	35	0Y0T0g0X010l0j000S0f0k0C0K0J0N0i0Q0W0V0b0B090A0M0G0L0O0I1a0R06Yb5zI98a
g1_I9g1pGD8wXCwr2rFinQ_nAn5Fx0IHhuhjXmB9bMG7p4	pathagon-rules-v1	7	14	3	58	0j0Z0P0V0d0R0Q0Y0J0F0O030H0C0i0a0e0f0b0D0l0W0h0L0c070T0NXw0MJF05U0BCZq6CbRRyKeHP7_4cBXNtUJ45TKClUt072K0XVz08BeAJ0B10
g1_I9sfXkuqqnv1ggk-bzEeWggKptjDOv0SsywOJyqtFN0	pathagon-rules-v1	7	14	3	111	0E070L0F080M0N0G0M090F0800010207010A080H0U0O0T0V0S030P0W0O0I0B0P0r002M0205014i0542040C3u0B4g053F5Q064g0s3403073N034g0C5S033xAo4p395Z3xAo4f2O5P0Q0o4c2O02040o4c2O3603014g0s3A033w385Q007k0t4c1d3s040p5N1e4d2O09041N0GCC3I0V5N0F
g1_I9v3Pb2r2qYGabWjSb4H4duB1aV7zsb2n_uz-fFXbPE	pathagon-rules-v1	7	14	3	30	0J0K0D0C0B0I0C0J0A0H0304050B0406020D090C0G01080F000G01080h07
g1_IA5OPmxN87V-OKK_zOPx99Yx18kGGibSJK7VmV4P6FQ	pathagon-rules-v1	7	14	3	77	0a0O0d030e0H0F0X0G0M0U080B050P0b0L0g0F0Y0f0S0D090E0m0i0V0b0c0Z0CSnJFKeOwRx0A0hXg0T8DB1QMHN0RCKGaFq0fUnRN0V8p0d5E0jb60LJO0bLX0RWK00UK0d910I5D0bSq075rPx06F6
g1_IA745GfgYE9SXe27dts5BRE8f2h5psIU9CYichdMBoI	pathagon-rules-v1	7	14	3	75	0Y0O000G0N03090U0A0j06040k0K0l070d0c0T0R0g0W0P0Q0Z0O0M010E0a8j08Qw0hRr0CBX0A050G0J0YI3GG890mXUUCUs0gEq0fG0091M0FEMLn30WS4yDO0U45OsIn6G0Ra0K10dG-0F0O5V
g1_IAAU60hhUVHKy-QEf7Wd27QMYYjDVKE1nXNtf29sX8w	pathagon-rules-v1	7	14	3	20	0S000Z010O030F020k04060D0N050K0R0Q0D0A0C
g1_IALcZu7pCGAN9Ku_tB9hPpFw7TzUg2hie1ZgA46ZO-I	pathagon-rules-v1	7	14	3	37	0F0J0b0B03090701020H0O0C0U0N0m0l060G0j0k0a0c0L0A0R0T0g0X3Q0V0E0f2-9KGsD55k
g1_IAOjhxefhXOHjbGrORfSivcNXKXLL9K6QUpYQwOkFWg	pathagon-rules-v1	7	14	3	74	0h0D0B0E0l0a0d0Y0f0P0e0I0j0U0L0F0J070G0T090g0X0V0i000H06bA0W0O0R9wNN05OZD5Sn0lN_4uCpDwMi3_5j78DcV_05Cq06EbQq0UPJ7kLdYl0H0BBs0m5y0X500RTI0OHw0TIY0F6J
g1_IASQB295syc-89L8z9RsLQOJv35ozvejycDnTsa5QPw	pathagon-rules-v1	7	14	3	48	0K0l0N0k0G0O0T0B0H0h0f020A0F0b0M0X0I0E080d0m000R0F090S050C01060QGba90D9GMmXl5kLHV10B1R9WWTLSJ12P
g1_IAVnCyw6KVLLMC-Yra6suLk2XamUwk4b_LgCACkvZwc	pathagon-rules-v1	7	14	3	90	0i0I080j0Z0Y030V0B010K0A020C0L0k0B0c050F0g0f0P0d0a0Q000H0X060U040NL111U59KAZGN0KXC05YT3_QnOy0OBebQa60BZQ084d0BUi2W05IQ0EDA0T3Z0bKd0A9X0G0y0N0d6X0lGF7j0OBE0A0PJL0kTNa60SH1Hw090I0843
g1_IAYl_sF4sxtuM9ZlVXSpn9OtR-fYmAdlnkJtp26Oa7M	pathagon-rules-v1	7	14	3	30	0M0b0l0A0B0S0Y000X0U0d0K0G020E010W0T0i030I0Z0a050h0c0T06ZB04
g1_IAjiJ2uOzic-XuTutCl6b5e1mBVdxzCYOdSEvfYBiwk	pathagon-rules-v1	7	14	3	36	040B050e0C0J0S060a0F0W0Q0i0H0c0E0b0d0I0X0P0B0O0V090W0k0G080g0A0O0N0KFG5d
g1_IAqoREetgX30kIxDvCb-FMJ7kMON7duzfeMvBfWR9v8	pathagon-rules-v1	7	14	3	20	09020a0h070g0H0i0G0j0A0k0M0l0m0Y0N0e0O0X
g1_IB7Idwe8OqAo2XOlOV_F7t2nlYzPZ0c1jf-HM3DDwEg	pathagon-rules-v1	7	14	3	41	0Q0K0C0f000d0Z0T0N0S0e0G0h0E0l0X0b0H0k050m0j0F0V0L0A0O02Iu0S080iRlMVCf03A13N0IZa1O
g1_IBLu3ggdUHovk-RCzCm7hDT8r4b1DWh4oK78AYROonw	pathagon-rules-v1	7	14	3	92	0004080g0d0f0Z0G0F0E0J060A0e030a0I0N0l090D0P0c020m0U0Y0H0R0B0hVr0XE10k5O0L3w038DQJNuGy1kbeIuawMhEJDR0KXZ0J8B8V0HXn0iGk0K5EQK0X9SVi0C5S0QWV0V3S0EH00VJnK60O0HVi0jRI0QUG0l0f0QOh0m6sb20l2c
g1_IBXSoSZ70eP1Fri6zLCi_-SHJdp8dnqyn7biZ6mLrRQ	pathagon-rules-v1	7	14	3	36	0a0m0b0e0T0Y050H0f0j030G0K0X0R0C0O02010D0U0Y0l0f0N0B0E090Q0AM70ibQWICEQ9
g1_IBYUR7s1bzFu0EKFAbyxIqGXgprqRDgvkDSbYIhfJJE	pathagon-rules-v1	7	14	3	29	0l09050C0J0Q0C0L000M0X0e040Q08070X0N0e0Q0R0K0D0Y0P0W0Q0I0X
g1_IBivRX0ZUU5hr6jjCT_n0tayVC_P01vLtDpMvGvVzlk	pathagon-rules-v1	7	14	3	124	0908070A080B000C01020F0E0G030H040I050J060O0P0Q0I0L0P0E0N0M0O0T0H0S0U1G0W6c0XMa3r042K3t0r7g092Q3g0SQM0V5a0tGW0K0J5P0369342M3t090o342M6x040o342M3t040o342M02040u4d08346A1b7h0s2J361b3s0r2J361b010r2P4e1d355Q004g2O3A024N09GWAA5h2PBX030936LV0r0CPHGV05R6An
g1_IBnE75vfXQEkYe2VEy2EQjecRp3v7BgzYoqC-t21fAQ	pathagon-rules-v1	7	14	3	51	0l0P0d0e0X0O0e0L0R0I0K060C050H0J0V0W0Q0O0C0Y0J0X0f040Y030A020009Oe0MKw0NUw0B0T0I8n0gEGIt9-QeLpHRRV0C1M
g1_IC4qmYtpcc2T_zyYE-lMk0nBnIbTYWshpovXOjp7zwA	pathagon-rules-v1	7	14	3	37	03090C0F0K0J0d0W0H0h0I0Y0O060G0A0J0B0P0f0W0D040k0R0B0a0Q0Z0C0c024Y08Re0lDz
g1_ICFMISft9kMJFgiiIBcMWkubDyNwQLiXkkGlddIfyFs	pathagon-rules-v1	7	14	3	81	0X0g0I0f0O0d0Q0H0M000j0i0c0K0a0Z0C0B0A0P0U0B0m0D020V0G0H09080L0N0R9aHX04SwOr0e0BbtGXZSEW2oJB8UH00YRmTN0IOu0ALT09Qr0VBe0NIK7I0M8u0i4DZi0JYC0NQc0VLGF00d9v0hMY0U0R1v
g1_ICP1raHeC0RB2eQIWSv2WX6_iLch4KV_F5KjQxuuKa0	pathagon-rules-v1	7	14	3	43	0i0O0H0T0G0Q0N0k0V0K0B060J0C0W0e0O0J000D0X0M0b0102070S080A0UMS0lPZABQf6pIw7GDkaKCJIX1N
g1_ICQy7rHWrn34mhxFTZorKweaHfW_k0_8_CtUXeVzzzg	pathagon-rules-v1	7	14	3	19	010W0S0g0i0G08040F0a0H0d0G060b0j0U0T0N
g1_ICVsuRih4zA8pL2ABnnMH1Q-c0w4VOGpr2nqMiTBJ-s	pathagon-rules-v1	7	14	3	146	060i0b0P010c0C0N0402050A000l0O0T0d0e0L0M0S0U0X0E0c070f0j0F0RWo0JUW6PMK0DQobF0a8f4WFa0S2jACNe0CO3Wd080w0M6pWz07000ULg0OOl0bJ201DO0B2hA408bn09MF0N6M0STL0YOQ0MBz0b9KJW09Z00ORV0kBI0WSJ0mXS0A0V0c0HJi0ET-0S8v0VCm0BRx0V0Z0gV80d0hYi0i0eJ60fHR0lS40LOH0N800TYG0FHv0J0M0T2h03aE0N0A0R7F0h8u020X01Qm04RWGH
g1_ICWEjUs-8FKZuMuE-Xa7NH6J8jX-ET5qw8NFItOILQE	pathagon-rules-v1	7	14	3	33	0d0P0e0X0Q0f0C0c0V0N0A0k0g080O0l0K0P0Y0O0X0W0R0d0m0e0f0V0E070J0I05
g1_ICYWUHZxDYedMFD3o_0biaKF9JpnkICfbgnMhO5V5DE	pathagon-rules-v1	7	14	3	30	0006070C0A0P0E0i0G0d0N0F0O0c0B0e020h040I0J0g0S0Y0X0R0L0jDV60
g1_ICdRevjuKxECtgwLkkYXHmf2_umDwW20w_EL98iuRbE	pathagon-rules-v1	7	14	3	36	0h0a0g0Z0b0i0U0c0S0b0V0T0j0Z0c0i0N0O0P0W0d0O0W0M0k0N0L0U0l0e0X0Q0e0P0m0R
g1_ICemq5KSverxU7_u2FVPXTQhQ9kT-LKBbcn3rzFcve8	pathagon-rules-v1	7	14	3	51	0G0f080L0I0Z0i0N0k0h0l0m0P0c0H0T0U050j0Y0N0B02070M0b0J00aQ047D4SLf1HYcWsHn9R2hYKJyU295RmFkVEGJ0XLA0fBK
g1_ICghOJ3jENlcLE6lbeqkRm6EuW2AfOBTujfVFog1uY0	pathagon-rules-v1	7	14	3	91	0103070k0h0J0a0W0E0Y0X0P0M0A0Z0b06090T000m0l0i0C0c0O0U0Lby0IU8911sKd5O0tNqJW0bbPYgFyBrAaGGZ_2G7zA-UFSJ01M80m6X02Sq0AKI0Kav0CaC0N0a0kQO0SNa1KYu0N0Kbp800iTp0XYR00Df0hbA0T0X1LQE040PXw05
g1_ID6TrM5oGqiva8v47Kg-4x13ibxWiIZ7vMp6MJVvEHI	pathagon-rules-v1	7	14	3	54	0V0Y0l0H0g0U0j030a0m0c0B0Z0Q0J0T0R0e0K0O010F0i0f0E0D0C09AD0bOi38Si8A1gTDACRFXHVUGN02ZjBLRb5EI003am0OKB0b0D0c
g1_IDBb0yRZ0zVlzyyLmghBcluggP9ryK_obPNR-yc-AJs	pathagon-rules-v1	7	14	3	55	0f08040D0J0m0Z0H0h0C020k0M0d0V0l0T0a0Q0g0P0X0G0K0U000109N30I037X1j0N0CB9Ws1EHt0E9i0LAF0S0Y0APqc1F808S500QyVW3R
g1_IDDr8hshFCW_fG5evF63f5OjOcHmz8YjBvVFo0tcRBE	pathagon-rules-v1	7	14	3	36	0M0m0S0B050l0T01080O0K0d0R0H030G0I0206000f0a0k090C0L0h0XMj0iAZ0C77bkFDDB
g1_IDHe6DZARz-qpYBrFQ_Slmeqhf4ZZRSiaONLNNaGyzc	pathagon-rules-v1	7	14	3	109	0L0e0I0R0m09000O0G0J0a0g0V060A0K030W0c070U0B0P0X0N0Z0O0k0l043cWzDI6pJcaiT-5lDwPU1RGB7W800H0Nbc44ayFv0lID0k9i0d0i6a0WbP0ZXF0gNPUc0mYX0Q2c05Xt09XP0C4F8O0VFF07KC0401O2Ys0h1d0WUo0QFA0cMV0B0TQQ0C0JEB0aUh0laAUH0db9NU0c4_01AN
g1_IDMr5h1krfnD3vHgtrrGKOkuzDhkid0ULrvI73TsOng	pathagon-rules-v1	7	14	3	196	0Y0h0a0X0T0U0b0i0N0b0M0G0F0N0m0f0e0l0k0e0l0j0d0c0V0d0U0W0O0P0N0H0I0Q0JWqc4Y80hXU0gMYXNSE0E0hMmXNC9Y1RoMmXN0aC90hMmY8XG0E0SC9SF0FbJX9MtYv0aBqX9MK0SGsMR6oRh1K0i0aZA0bah0cYQ0bZCXhaeW70ecG0LalWubQZzcCai0ibUXgZ-0SakYQcE0cbUZ7Zv08ah0aYP0bZBXdZv0cafZ1YO0hXe0bZB6vZw0gaiYQZ80cZwXeYMag0aZwXe0b0cYM6p0aZw07YPXcZ7SGZyYPXc0b0a1R0c0ZT0XVafYTCB6M0b0uWxBqHr0M0gRh0T0EXUMtY86p0aXd1RYQSFZCXdalYQ0eZAcDag0kZuah
g1_IDNxBcX9r1K9gEfQiPnk5Ca7H9tXaQQp59tnTdoCvio	pathagon-rules-v1	7	14	3	85	0I0P0J0Q0C0B0X0I0Q0W0d0e0405030A0H0O0I0A0B0H0V0c0W0V0P0d0K0D0R0Y060f0D055P06350309041Y0A2K021XWv2B0G0Y2KbZ34WD2I2ybURY0Y0e1Q0j0eZy09bTcGalWuZt0dc367WG5FAp0D5RAq4pbcGr0K0f
g1_IDOpTrt5vE8hq6imVXiefgYC2G5i2avezqtqPJVwzWM	pathagon-rules-v1	7	14	3	27	0m0W0d0P0X0e0f0Q0e0l0k0Y0R0X0Y0l0K0e0J0I0D0C0B0J0C0605
g1_IDQtw34X1OQCI3r9cg2ket_e0-f6xUvhsBs5narYah4	pathagon-rules-v1	7	14	3	16	0G090V0A08070l080C0J050I0Z0B000K
g1_IDY8zZspD4AREV5VoBuyWMHQTlWJcFT-tNUiDMxjv98	pathagon-rules-v1	7	14	3	16	060K0i0J0k0I0f0H0X0G0S07050F0c08
g1_IDySU9K_bfIYLLqh936emkLXoT7WdH2xL6WKp6WoUZ8	pathagon-rules-v1	7	14	3	33	0F010a0002030U020L040H05060D0K0C0D0R0J0Q0B0I0J0C0Y0J0R0f0X0e0m0X0f
g1_IDzIbzbnLORsOkKS3fUXZ93YeQbnhi84ZvMTH9NBUNs	pathagon-rules-v1	7	14	3	34	0H08060N0i05020m0K0Y0R0V0a0X0S0C0B0D0g0W0T0G0E0J030F0k0I0Q4c9q0HGT0u
g1_IE0tMKm1fxpXF0eykfqU2wC3Mdm-ygCzzAxNhTfLukY	pathagon-rules-v1	7	14	3	44	0m0D0P0Q0O090V04020h0K060W0J0R0l0f050c0C0d0Q0G08010I0B09P_0A0Y0UQ-0W0S07aE00UC8U28Xs0e0v
g1_IE1u0dp8ceplPGgJf1K8uNLNaI9rxfN63UMR7VqaNgA	pathagon-rules-v1	7	14	3	53	0D06020K090D0R0Y030A0H0G0R0I0f0J0H0Y0N0A0O080B04090B0R0G0C070H050A0C01000Y0P0Q0F0P1H0X4J0PFJ0I9xWAcA2I011Q
g1_IE9eto5xdN-WQqP7dnuUVb4BRfUlo3VbxZX_dAnscpc	pathagon-rules-v1	7	14	3	57	0U040I070805020B0F0W0D030E0H0Y000R0h0g0f0i0G0h0l0C0T0J0jAK0kX15ME_0VOMOgIi1K2hWS5iS5VI6DYa3DWzZeGeay0UDW0T83BOQ52J
g1_IERMDlVy8m0BEBAycqLS0Yd4bPuCBSF9alRKc55vue4	pathagon-rules-v1	7	14	3	20	010g0F08070h000i0E0j0T0k030l0m0Y0N0e090X
g1_IEUSs2AEZreXAmsYBkG-ylfybTt80SbKaMwI4qv24gM	pathagon-rules-v1	7	14	3	43	0F080b030X0c0Q090J000U0f0k0P0V0d0m0N0e0106070g0G0K0C0W0BFX0ITA9ePCAa0h140O0VYE050R3iCv
g1_IEY4ZIZz25fV5Q7CqUCz_k_LcrKnleDyuR7ciOiacm4	pathagon-rules-v1	7	14	3	25	0W0e03020Z0A0g0h0G0I0O0X0S0b0F0Q0k0E0T0L0M08010U08
g1_IEn4AXmU4XnQvLVO_4Qa8Uya0fqwsduArfAmMRjnAjY	pathagon-rules-v1	7	14	3	65	060D0f0c0H0J0k05040C030I0P0X0S07010i0Q0V0l0E0j0L0A090U0ObK0dL20Z02AC3wYe0MHbSf0OEKCq3GUYIrEoJ-G4Zk0eRQ0QWZ0Y1r0II20D0VBhLj0A2b014n
g1_IEoueoyBQZfHFntNaV-X5BoEVmt1c0b6HiFA7wWodFc	pathagon-rules-v1	7	14	3	54	0D030I0l0i0H0Z0J0k0X0Q06070U0R000a0K0S0T0j0I0b0h0g0D0h0a0Y0e0cG70535ZMavX70KRBAy0WN-0JVT0j5STMC8L-0PaQWGR003
g1_IF1GfB1aWOec71vHHNlBVcZBMziUs9vrlMmwGpaDb9I	pathagon-rules-v1	7	14	3	62	0G0I0H040e0T080b0h0U0N0l0J0f0Q0R0M01090D0Z060B0C000O0d0LDG0WLA07Iwb20m0k0GaDDL0dbz1iFiTo8JPQ0kNe0QUmVS05GFH60PA_0B0KJR4v0e47
g1_IFBOXgSzFHmBX6l3EjiHgtVD5i24r5aTyV2AFh8TVtU	pathagon-rules-v1	7	14	3	75	0d090g0m000A0D0S0I040B020C0L0b0c01030P06050T0H0K0Y0U0N0O0l0D0WBS0a8MP-JHJ0aT0V0W0h0HSlH90GMMR507XS5e0F0I086s0BcG0P070I08ZwO00E0I07N40Ba40P0C0I0B0HazYR
g1_IFDq5zN9QqTGd4ubZc_RHL4KxzHB2wlOFDvRJjeGDHM	pathagon-rules-v1	7	14	3	58	0802090A0B0d0k0X030Y070P0A0j0c0H0V0g06010C0e0L0O0U0G0l05090iAe2V6iDLGw0Z8tXR9PYo0mVp36RGam0l0gS04Z0N5d04aMPd01AK850Y
g1_IFfgK55oEQESTM6G0hRsO4SJhyIHGUqIL7YaETpR_Ek	pathagon-rules-v1	7	14	3	51	0H0T0S0A010f0O0c0B0C030R0m0J0A0V0M0Q0i0j0U0b0N0T0a0k060U0g0Z0T0L0P050aZU0WHDXT0DKR4_0faf1w0h5h0N0I0BGU
g1_IFoxU2KR2ks1fQtWf5MTQm2m321FN46KPAfHVl4qEPA	pathagon-rules-v1	7	14	3	100	0L0i0j0b0a0M0E070U09000I0N030R070c0V010J080b020S0G0F050T0d090K0UBr0PGw0T080k0A0Y5J090M0QHy6J0MTfHWMuZzai0b0cbP08MCZmWbLKbkQvGdWU0Q5a3xGALW0C5SAq3uA10U5S3A3u2N025S3A3u04020T09FP0UYG0ASF0b0H0O0GXM0H0MOd
g1_IFroeadJjr_Mo3a2dU2-MirmBMIHTUc4PdvSgw0SXz4	pathagon-rules-v1	7	14	3	52	0f080P0I0m0C0c0G0k0L0H0d0S0R060a0X010Q0F000l0b0J0e030D0Z0j0M5tI3DvRrKE74aX06QOSo05MnPfDFUGEhJq9_6K040V9H
g1_IG5AWCJcpvScAbouhVgLvDPGaH4mm52pZyaROaVgEXk	pathagon-rules-v1	7	14	3	39	0k060g0b0C0H0I0c0K0a0D0P080L0B070Q030A0G0M0X0m0T0W0f0Z0R7e0ic0M3I0QgAU0O0eUa8V
g1_IGFjqerZCv5tf8z1gZsgvGkl_irLObetync6o6_zzaA	pathagon-rules-v1	5	8	3	14	0C0D080E0H0I0M0G090H0J0F0O0E
g1_IGIs_l8WF3noLifaLUpIVD67Xn-l64BArehLI3rfRCA	pathagon-rules-v1	7	14	3	64	0O0H0A0V0H030c040V0B0C050B0J0I0C0P0Q0D060C0K0R0D0Q0W0J0X0Y0d0e0fVR0XEU0H0b0AA60C9M0B7x0U0N0VIs090G0ADA080NWB0936IR0G0A2S021i3J07
g1_IGQUnvYvWUeh9gA11PlBeKwHwYn28NW6uN9cZQlzfZk	pathagon-rules-v1	7	14	3	196	02030001050206040708090A080B0C0D0E0C0F0G0H090G0I0J0K0C0I0R0J0Q0P0J0O0I0H0N0M0L0N0YA-5a060K5SAq42040C5Y0506045a06GH5hAq4pLXGc5t060K05GU5uRIBC1E00AJ0C060y5r4cFP48061300385Q0Q041x4d05364f3wA10z344f3w060r5Z4c393u1c014f0s000C0o4c3wA13G0q4c3w040C3u4g0s00380q4cA206385Q4o0s06385N4fA2410r1Y4d393u041a4d3906035S3G3u044e3w38A0064g5S3G0q004g0s1Y9-414g0s00380q061a5O34032K4e0s06005S0z3r044d3w0r9z3G4f3w0r
g1_IGSF5LnAwSLjZuKwcKWwGsR_S6dkC6bEhOLcFjEtNww	pathagon-rules-v1	7	14	3	69	0a0f0l0S0B010M0K0W0d0m0b0P0L0i0G070V0F0h0g0X0Z000c0C0I0E0e0H09080N0QRp04St0Z9a0WXW4YIIPR0UHL041E061r02QQ00Fg0UE90XB_09OvTM0H5kJe0E8vV-061F
g1_IGVdMNsOcsGpC2_4qvXQZvyiAxawH2QLRaCnaL4_NoQ	pathagon-rules-v1	7	14	3	19	0B0d0W0P040L0I0M000N0H0O0V0Q0O0c0j0R0c
g1_IGWh9XMgSci-mVrLQwptf_KbwyMkM2TwWMXF1G_nWOA	pathagon-rules-v1	7	14	3	35	0c0X0V030201040502090G00090j0B0g0A0H0F0h0i0N0A0I0P0J0O0b0U0H0b0N0A040H
g1_IG_FSTlCRpYADvuiSpgWEGR5Z7C2z3nlJb-VuwHD5nI	pathagon-rules-v1	7	14	3	90	0e0B0a0U0j0E060A0R0f0P0M030C0004010k0O0Y0i0l0m0g0G0S0N0205HgLmMdSyXVGm2q0HBc4q0FKYK_ZJSNYwWm0v9lB-09JV0acE0i0mRa0BGb0Z950dQW0QPo0EaR0KX50T7z0PNm0VSlDS0D74Fc0J0gVH0CFV0dGO0e5vay0b40
g1_IGg8NCOYP3I1SzaGITziQ3cBxvWikP0YRDiMI0a1G_g	pathagon-rules-v1	7	14	3	48	0P0W0f0F0R0M0h030d080O05090i060G0J0X0j010Y0c0H0T0D0i0B0S5X0NLW0E8PMFJUD0B8IL070F090jFcDm3x2z0K2D
g1_IGn8Nd9AdLw1npPirU7FOcmeJqsszU2zhaq37cYfjHg	pathagon-rules-v1	7	14	3	56	050K0g08070O0E000M0h0b0H040B0A0F0i0e090G0D080N0l0G0m0C0F0B0GIt0SXG0T0J0NT7060M5aFQG703Mj0UI_Yc0a690N5P0v1YArBWEB
g1_IH-QCR45cU9pAZwg_km_ITaomGPdiLcggShRM7K0UHY	pathagon-rules-v1	7	14	3	73	0B000g0X050C0A010I0b0l0Z0R0Y040T0S0V0J090E0W070L0d0Z0m0Q0G0eUk0jXYOZb7Rm0KN09r0lJ40H0U08GTLFWW1V0T2g0bQe0P8F0d0U0X7O09Sr0ZAP0CZm0OIvKZ0eF5EFYnbQ0D
g1_IH0PKPsLwrkmJbG0P02Xa9HkkNnGf7ozZj7kjVIxHgw	pathagon-rules-v1	7	14	3	79	07080H060S090D0Z0c0M0X0K0i0e0E0f05020G0Y0d0P0J000B0m0g0O0V0W0N016LHv0b2G0lQsOiWKUDbsAWGmbTH20TVeBg0JX72N0fCa020D09Jx0E3tHo0mRf1c01a90UGA098d0Y4m0OXnYi0hWIEiC5
g1_IH3-WiAHk8xC7KmIqVdBHHqozFd-F8eNryMjL-S71DY	pathagon-rules-v1	7	14	3	36	0O0H0A030H02090G0N09080F090M0G0104080B0I0P050I040C0J0Q0C060D0K0R0J0D0007
g1_IHCPUo4RnY4IMTX8ZKLgHO0qgsf6R9sHUXBqmsOiy_8	pathagon-rules-v1	7	14	3	196	0H0O0S0A0V0H0B0W0I0j0e0c0X0P0V0d0W04030P0k0W0l0C0Q0J0Z0B0I0R050Q040Y0B0X0K0D0J0K0CBN0DRZ0eWG0YcA0DL-0eWbBNRZbI660DcF0ebWWvae0kc30eWG0fGIWU60060eaz8R5UE00L0uGsBqMR061D0HRvELMtZgGzRvC2MR6aGzRvC2MR6aX2RaC20E0S0uGsBqMR0S0uGsBq0E0H0ARh0O0E8i0V0x3n0lalbM038wbhE23LJI8pDBE27x038aDPDy367j3-040A5e053E0O45JC8V4iWF3j4b0ORS5v0AGWbrAq4pMC0R60Ak6LGBbr01B95aGB15LXB95aGB4w030R1a045S09047q09JQOcWY5FRZ5vLYWb
g1_IHSGQD2vrhKxsNGUfL_rNLlxEUkSTVTPrz497LReydA	pathagon-rules-v1	7	14	3	58	0O0D080R05030K0U0W010M0Q0c0N0H0j0L0S0g0G0Y0A0k0b0I0E0700020d060L0VOA0T1W000MFH0X4n925XC2PNVORNLZ5z0FNC049LZd0CQQDp3V
g1_IHUdhEVrTBcsD1Iac6MNvrsXTzay2wq-YlAQ1koZDVk	pathagon-rules-v1	7	14	3	60	0a0j0W0M0F0G0Z0k0c040f0I00020U0i0l070b0E0T0d0R030O0C090m0H420Y2P1Ba3TmbsRR08RkDG89BXSLHcNm2nEWHfU50LVr078qCRKw050vA60X9K
g1_IHd7ru_VH4liPnXz_kbF7P-7o50p3NasOUBbWx_UoOY	pathagon-rules-v1	7	14	3	56	0c000m0K0T0a0C0S0L0Y0g0N0A020j060W010H0J0Q04050Z0V0U0I0h0R0i8fMW5209HE1tZR0AXSRGE12RJoFaBc7lAE0gOZ0kCQSN0MIR8a01
g1_IHjgGdmrRmcRoGKirrn-A0DAyRpESep0UKdhRToWvr8	pathagon-rules-v1	7	14	3	88	0T070g0E0d0O040H0J020B0V0I0U0i0k00080M0D0l030W050L010m0j0aOG0U6IVJZqbG0lNQQTYi3bSyEB9GahNxJTGy0aPSYkUu0U5W0ZCj0b1LTR0AGX037Mc10d990f8Q0YIMM3Y20ePeWdXW0WIIVtEv0V9fUZ09OK0HZ1A720
g1_II1llvDQvnGe5DqpzJCgd3-2Hh0PYH5QtWgQVkh_W04	pathagon-rules-v1	7	14	3	98	0k0D0I0g0A0L010H0Q040f0X0W0P060R0B0Y0e0h0Q0O0X030a0c0d0S0C0J0UQu09MN0I0YSX0P0MUM1yXE0K0j018u0C0GGN0A880P0NNTIoZX0N4u0KXx0BH41l8d5S3xWE369FQq3r2N0B0A0s0C04L-3F0R080QAzBc720CCT0GGk0CB25a0A1n7o090KLa
g1_II9Oeb7PqwFtcUc-D-vcsfyhL7MxsG4iAuBQbQft0zs	pathagon-rules-v1	7	14	3	23	0M0S0T0U0Z0g0T0h000i0l0X0e0V0J0W0Q0Y0X0C050B0C
g1_IIEHUDudpM104MVWYvViK8cehuCbxrak4ckzZrjkCNQ	pathagon-rules-v1	7	14	3	102	0E010G0h0F080902070008030A0H040A0B0I0A050C040J0B060D0K0C0D0N0M0O0P0Q0RX_0P0L0QHC0L1DGs1t69MK0SH4166807016M0uGs0LBcH41600MR1D5N256oMK1D01HP68MY1fBx0_Gs6TMKBx0_Gs6T07Bx0tH468MK2KBX0_68072K360q001a0o3403013P
g1_IIH453ZeCy9O4H_wTSMFPO078drJfBxMH7nWeS7Bjps	pathagon-rules-v1	7	14	3	30	0R0j0Y0g0L09080I0T0c0F0Z020f0M0a0A0W070l0J0b0K0X0d0i0D0m2P0k
g1_IIIErQ1YRuIoUEsPIrlDBIYaYqTHGp0fuC0D2ysMeso	pathagon-rules-v1	7	14	3	39	0i0j0c0I0k0b0U0j0G0N0b0V0W0H0M0F080G0O0F0A0N0H09030P0J0O0V0I0O0H0Q0N0B0P0X0O75
g1_IIRb7Pc3EZxWYZAPtYj40jG0DErDET8MzswEitxnWD4	pathagon-rules-v1	7	14	3	30	0A010g0b080C0V0D0j0U0i0l0F0M0Q0H0L020a0W0h0O070B0d000K030YDs
g1_IJ0MgIYYQCD9sjc1O-lAgYyxNyo7m9WKCMSqGr3aVzk	pathagon-rules-v1	7	14	3	93	0B0j0a0P080d0U04070J0e0i0c0m0I0f0h0E0b0Q0g0X0D0A0Y0C0W0O0X0BA_0V0P0cXY0NR70g00XXGm8TTG3uQO2Y6sZh0b0U04050GYc0M0G0B0X0F0W117n7EBVaD6aHP160TMZS00JBq3IMK0S0EKp0TNu0F0GHG0U0XMY690MBX7j1c0932
g1_IJ3nQL62xBBMX9q8zONkqDO332ke2GhZ0cDN-t8l4w8	pathagon-rules-v1	7	14	3	61	0G0L0O0P0A0h0D0R050k0S070F020a0e0g0f0l0m030I0U0N0M0400030i08064L0O0KAoG_Z8bi0NKDWy0bHyW8CpFwMNPo4k0g3-bS0V9t2F0C8G0EG_QJ01
g1_IJAeh9YeP1KdqnJTT_7U7YV6DxdV6RbVooU4hFP9n2s	pathagon-rules-v1	7	14	3	37	0R000e0I0C0J0O0D090G0H0Z0k0F0A0P0V0h080j0i0X0T0N0Q0m0j0c040UYr0LAT07N9037W
g1_IJOIIP7YpzshRaP85Eu3FgSxmvKT6rXJx7xRGrWmWvY	pathagon-rules-v1	7	14	3	88	0Z0k0l0I030E0B0a0P070O0U0i0F0J0L020N0g0d0f01060W0R050e0j3O002T6dWMPo8uZ-07P0W40AXaOB9gcB0aQlA8Bl6LMo0QDD0U0VZ30i0bV70haG0IALKx0lO60MWY0H0fCe0cEG0GXh0QZrSa0ZUa0MDO0gNZ0kZi1_021F
g1_IJOMR3UAziDKX5XB5ws5Q0I_fzw7snya6kHizU-kGGA	pathagon-rules-v1	7	14	3	35	08010M0F0T0008020F030H040b05060D0K0C0D0R0J0Q0B0I0J0C0Y0J0R0f0X0e0m0X0f
g1_IJPoc46LplntcSBCMKhqxW1SNgk7WkVObZLcv09x8X4	pathagon-rules-v1	7	14	3	97	0X0e0d0W0M0k0f0b02060Y0d0c0Q0O0m0P0X0I0V0B030l0D0U0j0J0C0c0Z0N3E0VLF0gUp0d04N-0H2n9WIe0N02BMWJQN0H5bXNGzR8BVMR6aGz16BVMR6aGz1R0BMm6aXG0gS0XUHW0W0icC0d0iCJ0UKR0W0AaY0V0TbUZr0jC5Mj0P0dKI0PIg0V0JZc
g1_IJQVQwYA1gWpSUIFtG_ljj3xZFHi6FUNWWwztOBuoNA	pathagon-rules-v1	7	14	3	89	0X09030D0H0A050f0U060G0k0l0Q0P0W0i000L0E0R040a0h0d050T0W0Z080j0cN00dDC0eRmB-9lA-SjXpK57IZ7DLQ3P4AQWS093z0BVf0fJ-0H0bLcGS0KPg0XUFH50eQj0iWT0YZo0fGc0mb6bs0WKGYB0lCkTU1xbA0l6X0G082g
g1_IJXD6eGuoBJkGFi_wdzz2e2wHHzwjhyWsrVKslAjCK0	pathagon-rules-v1	7	14	3	41	020a0b0A0Z090G0h0i090g0H0I0B040H080B0N0F0M0k0G030U01000F020H08030G0901070E0H3y041t
g1_IJkZi_H_E45lepU4612iBSmPccspItx1rsU-DFzozg4	pathagon-rules-v1	5	8	3	18	050007020K010306040809070D0C080E0B0D
g1_IJorni451DmvBaAC45O1-5z9WWiyH02uodUBNgt9IMM	pathagon-rules-v1	7	14	3	22	0O0i0a0G0h0g0j0H0A0c0V0H0h0I0F0E010F0J0K0c0J
g1_IJtYN1bi100V5wzYi0AMaOZ5_Nhy2pPaiQlHmCzidWU	pathagon-rules-v1	7	14	3	42	0g0e0h0S070m0k0508060b0A0l0f0B010Z0i0N0M04030F0H0U020Q090GMg68EKbT0S1Ic10OR1DnPHXS7k
g1_IK8scxX6O71bVBZBYqybcllA2XEbO4L3TPAwWyTHQcU	pathagon-rules-v1	7	14	3	42	0h0100070E0T0a0k0M07020A09080C090G0F090H0J0G0N010G030I02050H0O0V0B040A0TBt0UIC060U05
g1_IKSKD-56kdy6immkVEkKRkGG2rbNL949IlMYfJcq4og	pathagon-rules-v1	7	14	3	28	0d0k0c0j0U020Q0l0L000D06010i0Z0S0T0a0b08040a030g0P0h0V0m
g1_IKU-VLXkxtFDRPLfvkWMwEPL_lwJPg7dACKJ6HyqBbs	pathagon-rules-v1	7	14	3	66	0009020h0105080M070k0F0G0E0N0L0c0H0d0G0j090i0O0b0A0U0V0T1D0a250g6eTz2vaC7d0CBY5D0ETl8G660b0eCD0P0aKXEY090Y0XPX8P0W0fPE0V0d0OPtAi0HBS
g1_IKWB2hNojWtJdoWH81n7lvulX2dDW_o5b8D8xsczga8	pathagon-rules-v1	7	14	3	15	000d0Z0k0g08070509060E020L0B0S
g1_IKmWxBsCPVicLghAANZ1jFc7vubK3ViqxRnA_AJ2wGI	pathagon-rules-v1	7	14	3	64	0m0O0E0g0B0J0N0L0X0P0S0a0F0C070e0V090T0i0c0K010U0b0h0k0H6L060Z0M0Q0R0j0GUHKS1dEXaOQsbu0HP9Y_ZZ0m0VVhRm0dL9DX04FH0GPwOY0PAf0j0c63
g1_IKmkuc82BVBKwyKU9exMBCiaIil4-d0chK7r5OSsC-s	pathagon-rules-v1	7	14	3	196	0O0P0Q0H0A0P060E0H0I0B0J0C0D0J0K0I0R050Q04030209030G0N0F0M085O062J021f0116006M07HI16006M0uGs0L1fME0S02MY1-1K01681fBW2X0p681f010E0p5N1eRb580s5N062K5P0t00050o5N2P4e050o5N2P0S3w0r5PMD1e3s4g0s2J1a354f0s2J1a013u0r2J1a013u4g2O02382M4e0S3u5R2O023AQt4f2O5P3x384f051a3s3803051a0o34032K360q006A0u1Y01BcMR1D1Y015UMJ1D00Bq0_MD1-01Bq6MMK0UH416680701H416681f0SH41668MK01430r005S0t3r6C075SAq42G90K5SAq42040K
g1_IKn8sEKFEKK2gJqqp7hsxs5QE7DwSjGdnsnzs9sYmWU	pathagon-rules-v1	7	14	3	190	0j0f0K0i0Y0W0Q0X0h0e070P0D080R0l0m060f0M0i0F0E02040J0b0V0Q0B6D0CbY33Ge9pBp5NAqAAYcP4TD0k1mSbGS0BRu0I5a0t4o05489SIWCy0Faf0kZ8RA0Y0GHyC80EL-HH0B50R40Y0I5XaeY40k8iaUXP0AU-0VLV0NPH0AbG0R0VBB0Y0M0u7Y08L-byGr3OWNM5RE0YB2R0L-0R0fB2bkLY0RGILm5o0d0KVGBUWvGk0Kc3GrWUbPR0c3GBWU0fREWiGk0KL-5oWwGk0KL-byWwGk0KL-GWWU0fREBGGIWU0fbyBUGIWUM5byRZGdWUM5B9R0Gd0KcAW9QvBG0Dby0fRZWiM55o0LB2WNM5by0S0jWd
g1_IKqz2CKR_4ADqEgFpMF5io7u8uIzLHUXk0BRzI1owIU	pathagon-rules-v1	7	14	3	34	0M0b010S0g0Y000B0D0O0W0U0I0c030K0i0X0J0V060A0Q090H0f0h0G040aFP0WEs87
g1_IKtekfIhEjECUOv_6j0W44wrq_CCvmliE-KlICkZeTU	pathagon-rules-v1	7	14	3	56	06050403050201000C0D010B0A0C0908070G08090F0A0H0E0G070I080B0J0K0L0J0D0C0M0N0F0O0P0Q0R0P0K5pGy4x050M4g1d5OA341040y
g1_IKvPZxP_cx662cJQYl9AqBKczuCAi0DAq5VV6G8EFzk	pathagon-rules-v1	7	14	3	61	0d070G0B0Y0R0Q0V0g0O0I0m0M0P080U0D0X0300050K02040a010c0N0kQJ0JPCBAGa4qYc0K0j0R6n0QJrGDO1IFP1FZ9aa90CL1KF0ZZaLv09BrQ90G0Q2S
g1_IKwkgHkjK6FAZthcWiqhC2QvBWxm_RuzOLj0qAdDI7M	pathagon-rules-v1	7	14	3	196	0c0V0b0U0a0T0O0N0V0M0P0W0d0V0W0H0G0O0I0F0H0e0X0Q0J0P0X0C0Q0B0A0I09080Y0R0f0Q0eLf0J0KRE0I0QBG0J0R0I0Q0PGIWGLmQT0J600Q0XBG0PGWWU0fEmA3GH0IAp5aA3Lm510J67WGM5GWbrBU0QRSGI5hKnL-B9GI5hQvL-B90QWN0Y5hQvBGVcGk5hQvBG0eGI5hQvWbBN0Y0ebk5SGBKtB24p5S0QGBB2LfL660GBB20QR05oGBK_BGLf5oGBR7BGLf5oGB7g4dLU09015hQvB90-Gd5hLYB9R0Gd5hLYB90QGI5hLY1zBGGI5h0G0R2K6vAmWD1c09030o2J7i391b3s2N0p341b0G090r3AG84d3w5R0H2M4e
g1_IL2uZkf8Si_UIueetlfI4tCkkMFUltpTvgocjNFxc5w	pathagon-rules-v1	7	14	3	76	0C0j0m0S0U0R0k0G080a0E0D0J0f0A0Z020K0X0Y0N060g010I040Q0F0ODIQVBE2-00c2M2LFGR9_5s0l2ABt0dNzVD08PTYGO-06Zk0TAD0LQq0N0hCB0MXS0VHGO00eTe0jHg0DRH0XDe094T0m1E
g1_ILMAXOnCoI6Yjj-a6yTf_SgY11OqwWg_nB5uhQGW9J4	pathagon-rules-v1	7	14	3	63	0O0J0G0R0M000k0T0b020X0e0I0E07010N0P0Q0V0C0U0304090i0h0Z0b060D0mL70aD6c8IYYe8P0P0KPC6O2rMY4Yat0fYC0QH90hTO0QQgNb0cLQ0P270k026l
g1_ILSpeGIQNyAisITHPh4FC8BRCzG4GNhctLratLbTPmA	pathagon-rules-v1	7	14	3	61	090j0Y0A0Q0O040M0E000X0H0h0L0N0W0U050C0i0e0I0B0b010S0a0f830J0K0AQf0k9a0cLEaEBhI60311S1Ox0DD11fYjVp0lV0Cp0VDbGn0F6j8n0JUb3A
g1_ILYc320qbJEwnPNKdGBWPsL1_y4sqo4z9Cj-rvwlM1w	pathagon-rules-v1	7	14	3	196	0X0E0W0P0b0Q0V0O0U0N0c0d0e0W0d0T0a0M0F0G0H0F0O0I0J0H0Q0L0P0S0W0Z07086807FL090p681bBW2N0p391b3x2N4e395Q3x2N4e395N3s2Q4q1R1Y0ABcX91RRa0ZBcX91R0B0Z9C01BcX91RRa0Z1fWy0pRa6B1c2O07380q4e0I3u692JKj381b0o2J3t3B1b0o2J02Bc1m1K2J0BBcH4160Q6M3BGs0LBcH4160J0E9C6970Bd0_0I681fBq771R68Rh0ZX91R68RhC2X9HW6T0uBVX908MY1D0BSLRb0T6A0q1c0a2MMF3s08366y1c0C2MJB3s0O36Q51c002M0p3s0836VS1c0X2M6x3s08366y1c052M4c3s9_08
g1_ILkRc6lLlqOR33oGUqck_MBtiLxvLXtYII_u8cb0uac	pathagon-rules-v1	7	14	3	98	0I0E0O050L0B080D0W0Y0Z0G090Q0f0l070N0T010M0R0d0C0U0g0P0b7b0eWk0fNH06HxDiJPWARx5K8DbT0X0OPJJDKcB6QB9F0HZGIT0bNx5z0j2T023W0EXU0HMG0d1e028e0aLc0S5V013F0g09Dm0CXA0kbP08Bl0E0907V70HDd0G0N032Z020501If0C
g1_ILrPfeK7FkZTADVcX5Xp8ayuiRqklfuwEQJiX3cyF8Q	pathagon-rules-v1	7	14	3	18	0Q050C0J0H0X0L000K010k020N030C040S06
g1_IM2DDiAgHJnN5nRdFgW1CFLBGrTtW9-kolc_OKY8l4I	pathagon-rules-v1	7	14	3	73	0P0D0k0K0X0V0d080g0N0i000H0m0J0T0U0M010b0W0C0j09050h0B0Q0a03ZZ3S0RKnE0YA1-J3047R0Hc54FNp08IAYW7i05Oo0m480RYAXQ017Y0OaB0jE5Np0GEeLVSVKy0hA70aFi4XC1
g1_IM7YnTCc0BXMSUqT9n_vUcfHozIaQTG35MmTZZDmT60	pathagon-rules-v1	7	14	3	63	0H050U0m0Y0i0g070f0Q0R0b0D0N0S0T0M0c060I0P0V0Q0E030e0a0F0W00PL0dLm0A5OBw4WEeLPc40UOmMnYo0j8VZK6eGTVh0jTV0MVD0iPJ0AIo0K0J0RL20m
g1_IMAsc39rqsHoZcr5AB_51C-ylH50ZIyQhqS7q3dihQI	pathagon-rules-v1	7	14	3	39	0C050J0B0A09060B0I040Q0A0H0D0K0C0D0P0O0I0P0G0c0H0N030R020T0V0U0O0W0M0V0N0XF70j
g1_IMLToEqmcN4j8lbkL8qsWHmnbQd80wE1D7oZBD7S8Ng	pathagon-rules-v1	7	14	3	36	0d090k0V0j030Z0R0i0L0801070Q040J0C0h0m060H0U0E05020T0K0S0NFj0Y0cYj0RaL1w
g1_IMb8uFkajNhjApMJP0YTGApvwOfVyZGLYVQbqqPJ01c	pathagon-rules-v1	7	14	3	59	0h0a0b0c0Z0b0i0S0T0g0U0a0b0Z0V0j0W0d0k0l0j0d0c0e0m0X0l0f0Y0P0X0W0e0fbt0d0m0eQH0Xbf0NM_0TQp0O1f0L0E0M790QBsX3090g0oWx6A
g1_IMbD5i1B2XR6HD6HsD-lKwG1SG-f5jfaGUBDHx9LfKU	pathagon-rules-v1	7	14	3	17	010M0L0j0i0F0E0A080c070D0S0Q0Z0I0g
g1_IMdmGiHv2Vl4P-IVol7DN0zNog5f9vu7sau_bb2lrZI	pathagon-rules-v1	7	14	3	70	000E070K0L0S0E0T0M0F080M0103020h090a0A0j0Z0g0S0G0N0i0M0G0F0b1F006P0c8V0G2Q0V220d4Z0VDq0d7h0O2a041x0GEA01Nu0Ua1ZK6s030T5P7lX77C0dPZUqFVGB0D05
g1_IMjgMRvtdLKcCculsJLjNI6ggCpy_g08whNclQ4u2Gw	pathagon-rules-v1	7	14	3	41	0a0Y0R0F0O0b0D0T0J0d0Q0j0K0N0g060S0h0Z0A0k0U01070L0I0B0H0VEl0IY503UeFi05Lo04GD0E3J
g1_IMpctw6eP5HxUq1LYmYsCPE0yVKRxbOaGzQ3l0vCFt8	pathagon-rules-v1	7	14	3	19	010Q0R020h0j00070E0D070C0L090S0T0Z0c0a
g1_IMrcaZVLgw2972JP7PDJSWzvbNY6mD8AJ1PRhscAurM	pathagon-rules-v1	7	14	3	18	0a0T0N0U0G0V0F0S0W0X080W0M0h0d0T0O0Y
g1_INAOm9rCtGAzE9ASrJ7gXPQZ_ubGYKAE--DWAsKogVU	pathagon-rules-v1	7	14	3	31	050i0f030C0e0A0l0Y0X010J0m0Q0W0P0X0c0I0b0P0H0d0N0e0I0F0S0B0h0I
g1_INKRYWtqg9XL5vSHyzEgoC076AhB44-05pKcjTWpqAg	pathagon-rules-v1	7	14	3	43	0f0907080Y0R0Q0e0P0U0S0L040M0c0H0X0N0O0C0V0B0J0T0b0D0I0W0E0dFU0VRY0B0e0H000OWQ0F6D9VTH
g1_INP9LVP4zC90k9UomU_3rIr1j05aQQxdFDejX9hLcOU	pathagon-rules-v1	7	14	3	66	0f0D0j0N0R0Q0E0Y0H090a070l0O040T0k050V0b000m0J0G030e0d0I0U0i010Z0h0fNnDQUk0GY4TGFuIf170U1s0b0T0aJg0CNH055nF3008B4T08aW0OOhKX0193Lf0c
g1_INeZrdSgUBWmeBK-0d7nmVrfrPw5MUievS2ZBStZITM	pathagon-rules-v1	7	14	3	196	080J0I0Q0P0G0F0E0H0M0F0l0O0K0A0W0X0m0V0D0W0e0B0N0X0L0C010G0T0U0h6v09CI050N080u7K2JBY6AYF0r0d2MLK3xM8380k5SUh3xGV0CBF64bf5GGyZvFRXe01YOM-ZvI3Z7LOYObAXcZJZ71UYO1tX9ZFD104BcaC0_7K68MpBX0j0oVl2JZg1mQj0uHJBq0j0MXq68WqGzK-0K0C6TRh0_AYGs0hBcZt1J0iGWU3R7Z0Ln4b6MMWHI0GBqA1MRWiGz5zBVbz6TRE0C6x0oMRGs4r1d2m0aWy0pC14c0j2K4A0pG31YBL2K3i0pUX1YDg33Lz1D0KNz02MYbBBxTZ0MGLb_0JMvS9OLWjHILaHyVNMR2lGzX00U0TBqDN
g1_INrZkFxjdE0wTHnz4T9kmT5TbnYoWxGaFjfxXpnYJys	pathagon-rules-v1	7	14	3	134	0k0a080d0j0e0U0Z0B040S0T0b0Y0J010f0F0G0N0M0l0g0m0c0i030h0A02093w0Z0CW_2M080XUBNGRz0V7i1c8SVv9oUz0O0d2X0VMr0Q0d0JDN0WUI0cGk0QL-530a0F1d3xQt364f5S3s04363u1c0103CbBk1mI3HPSgC9MRS0HPXGC9MRS0HPK00P3wRe5aA30Y490R5aX1GA380K5QbJMtY8aKRhXU0U0SB4HJ0bRvBrMR6a0Z0N0GbzS10OHCMY0HYp
g1_INzg93xaBIU_r1ZFxmZY5iU9NdqfSbCd41OmGq6OMjs	pathagon-rules-v1	7	14	3	28	0C0F0g0J0Q0E0J050403060e040f020d0b0G050c0V0O0P0V0N0U0L0N
g1_IO2uA4Hy2IZy_ArmrordfOOua3xPeFETMCPT0VWBxco	pathagon-rules-v1	7	14	3	40	0f0H0G0c0U090b0N0O0P0Z0F0W0l0O0V0G0I0X0Y0O0N010G0a0O0Q0e0d0J0e0j0c0k0mZO08IiR_0E
g1_IO4ruuAOVUdmhUdvH97W6_idgBZJMl4mA9c55ECUlZQ	pathagon-rules-v1	7	14	3	49	0c0V090H0d080O0J0102040B070Z0h000I060f0V0P0m0R0T0W0O0j0Q0U080D010K0iXt0PAn0A0bRfWJ0e6d0SGcbh7z09Ls
g1_IOCxIvxlltsopOWpsBjeSUoxnuBcbIwMUELfpiKuamA	pathagon-rules-v1	7	14	3	69	0O0N010h0G0W0k060H0U0S0V090P0T0B04000O070A0Z0I0g080c0d0b0l0B0X9RDZUC02Ro2tXyNa0I0Q0HL10V0F0N0O033t0H0V0A80090N08SP0B2M5P0W0o342M3t0P0o062R
g1_IODhVnN-oPrQt_bnGVsd-HX5I6W6Sng77Pe1znbUzGI	pathagon-rules-v1	7	14	3	100	0T0N0l03020Q010E0D0I0i0C050Y0P0K0X0U0M060a0W0g0B0J000m0P040h0k0Z0dJ1NLKu1nK3aa0SSlEcYxPf2TRmUw0VFj0d5I0JL3A_0cR30X0s0jDU0kAR0B5E0O01QXWg0YVu0G84DP09It1q00PeTV0GHvFq0XEH1C01FB0QM30RRJKjQO0LJDOb0VN2I400
g1_IOE-S0H4PeVSAeLlsNj1y1Esvh2Dp1iQ73XBKBJCOPQ	pathagon-rules-v1	7	14	3	157	0T0U020M0N0O0V0N0U0P0W0L0S0X0Q0d0e0W0X0c0W0V0b0a0Z0T0b0U0a0J0I0H0P0I0G0F0E0G0L09087h09CG0F1fBW0v0E681f0FBW0v68CNH40F0u0LBVH46TCN1RBVRo6hGz160FRa6hGzBx0_0L681f0FH41668CN0FH40L690u08Gs0F696y2ND31d350q2J3t1c350q2J3t1c354f2O3t0G354i0sD50G5S2M3t1c4i392M3t5R4i392M3t5N4d382M0p083u1c2O0A0L6z3A8U4e3w5R0E2M4e3s0A34Bc1m0907
g1_IOEHI8vEt94ES3d_x0qCqPJH_Blo_u8mP7gjB6uRQ34	pathagon-rules-v1	7	14	3	44	050B0Q0T0C0a060c0F0G080d0M0P0N0H0O020R0A090K0j0G010D090I0S0P0G0J8M097QU5I50MC-VEYo0F0gT_
g1_IOPzpiq36xvpFlG9EdsLx7z-EnS7E-UfiINLiR33v2M	pathagon-rules-v1	7	14	3	50	0V0U0M0Y080l090I0k0Q0J0F0m0300010A0O0P0D0c0f050L0B0W04060I0g0V0a45QwFmJBDY081C0jbl0T0JXL8KZYFJCK0GAp
g1_IOUhlfWMs0G-WVMfbDhjcYXk-pEN3hWaqTJazHRjRdg	pathagon-rules-v1	7	14	3	28	0G0201000T0105090E0N0B0A040C030B0I0D0B0H0G0J0H0L0M0A060B
g1_IOe-fItWjYEKNZGkBboJoLzt01-9rjVnYafCFFuESAA	pathagon-rules-v1	7	14	3	77	0A0R0U080E0c0P0O0K0e0J0B02000N0Q06030O0W0i040D0k0g0G0a0Y8m0jJAL32qag0ZMAKf0HAp9d5Ya9Ga0dNyV1Fk1H0I8l57060JGgPC0TXf0U0SJeQ93G9H0WEc0fb80K4m0BJI0l3q0h0g007o
g1_IP8pNuPgoZxS0F95SnXmc9E8y_VxNazNU-Y-aETuhoo	pathagon-rules-v1	7	14	3	25	0009020a010Z0804070i030A0B0b0h0M0g0T0S0L0Z0U0E0C0L
g1_IPBT5fmVlWmdrRzAcE1Fwt-Cdndj_psELXVb9OXR7uk	pathagon-rules-v1	7	14	3	18	0k0M0P04030A0H0205030C06010508000G01
g1_IPD1wjoN26HaRMxoYQugk_W_r6UpZw_GOiUZF1Cy_Fs	pathagon-rules-v1	7	14	3	28	0U090N0G08070O0H0A0V0H080W0P0V0I0B0H0Q040P0B0J0A0C0D0X0C
g1_IPDQHbBh1017oyK6_3vPurknlFW1ZErrTapATpE9SMo	pathagon-rules-v1	7	14	3	14	0W040j030b020a010T000E050A06
g1_IPExhqfJ_TRt8dt8Sufm1bYSOT8w1l3NmtKijGMFbf8	pathagon-rules-v1	7	14	3	34	0N0E0J0i0Z0I080F0l0e0O0P0h020R0Q090G0H010g0I0W0U0V0H0C0K0A0X0J0H0D0f
g1_IPJ3zoMAzd26DpE22u8KCgWM7xdqP4j35J5xCHpqEpo	pathagon-rules-v1	7	14	3	15	0h090C0A05010J020Q0E0X0N0e0M0l
g1_IPNJy0d-iEhEtel0wf19tLLWQbZnOMwUr-5qzp_HDtU	pathagon-rules-v1	7	14	3	81	0X040f000g0H0c0Q0b09070K0I0C0V0U0j0A0e080S0G0d0m060N0O0i0BIxEvE9VoDGU40I0WCsJS0COzFH0lGgBM79Hq7hXQ0jWq0UOwbrX00m0FUcFp0O5e0cVS026W0BU-0UOm0d3Z0ePx0t07UNELaq005r08
g1_IPNW30Af8uPYGSS9HI7B5jGlVnPkb6vgVmCVoA47mCQ	pathagon-rules-v1	7	14	3	56	070e0F0A0S0m0B0K0k0i0a030D0O080l0R0X0j0G0V0T060M090U0b0K7R08000EaV0J6Yc702HyZFJs170FKmCp0fBxB50mSy0H5R0kT90h7v0a
g1_IPW2j7TpgluRfmVVrZjsAgtkB-PQkxileamiWQ6JDxE	pathagon-rules-v1	7	14	3	41	040I0B0H0J0G050K0C0A0J090P0Q0I0O0D0P0W0N0P0X060V030W020U0R0Y0Q0K010R080F5D0522Q90k
g1_IQ2eN07ohebAPAsrkQHoH3T-q9-npc929_MVDR6V32g	pathagon-rules-v1	7	14	3	35	0l090G080F0B000A0I0H0W0P0O0I070V0E0O0N0M030F0N0R0G0L0F0b0j0c0U0d0V0W0c
g1_IQ3n0WWjXS0EQas1nOCSXCNBzfRp7DadZGIz1qG2Pww	pathagon-rules-v1	7	14	3	49	0f0M0K040U0k0Z0E0i0Q0C0P0Y0S02000a070l0B0V0N0A0m0e0h0F0I0J0c2wEaGIBYVD6ORjX-FPaiRE3aP2HuTHMR0KLM0l
g1_IR-UuU8MBM7jjieVlXvzzWXxIq87T2ku_fh1fJRWy1U	pathagon-rules-v1	7	14	3	49	0O0H0G0N0P0I0V0W0U0P0N0A090B0d0c0b0M0c0T0a0F080G0L0E0M070F0T0S0ZMD0TGt0L0p0S1Y012zSF0Z2EXeYM0a0Z0o
g1_IR2DgjsDjK232cdS-6I2kCJpVH2qdWVumWecx32EWog	pathagon-rules-v1	7	14	3	196	0P0I0B0W0I040O0H0A0V0H030X0Q0J0C0Q050d0c0W0e060d0D0K0C0R0Y0f0U0b5s060Y0D9B0ARS0YcG0m0e0f0Nc9bWWvERR4c3bWWv0f0e5vasbZ9D340B2K5P0q061a5O34032K9E0t340B034o0s0G38034d0B2J361b5O0s2P3t1c0C5S3A3u2N025S0B062S4e0C3u8V2O0A5R0C4i0B3w045ZAq0D3w38030B38An4e053u4g2O0D5RAq4e9H3s5R2J4e0B3u0r2O0238034i393u2N5P1Y353u2N4e0B0o3r2N9E0B0o342M3t04053s0B360q1c0D2M0B060C5S06415R4iAp3H3u5R060B5a3x4g9H365Q0B040C3xAo
g1_IR2nf21vWWa8DCzarKSFoxavoMUOsgxKojgJEqw-yXw	pathagon-rules-v1	7	14	3	44	0O0N0M0H0A0V0H030F080T0c0U0N0G090N0b0a0Z0S0a0L0E020109020700080E04073w04Gy0L0B0S5GRf5wMJ
g1_IR7Zds2joJvwNuOv1-RlCeI0HR2DVzF7VPivyT5zNng	pathagon-rules-v1	7	14	3	87	0i0b0R000a0c080F0K0E0V0M0N0C0U0T0W0b0L0f0M0d060D0J0S020X0I0Q0e0TL-0h0X05FH0j0R0PMC0HGKXy03KDN-4-0d16c0Bz0PHDUwTH3EZr2MU0040A5YFz0J0eabBJ0k0Q0dLH0a0d0TMc0V0W0UAG0X0I0W0Q0dVwQq
g1_IRF_7jLe2FvCFdQTOMUg5q_UG-gMqluhQuYP-am1WY4	pathagon-rules-v1	7	14	3	57	0Z060F090d0E0B0U0J0I080e0Q0O0T0N0C0K0g0W0c0a030R0G0h0f0b0k0VWA5P9YPp3E030uCC0XGIUiTF0eLlQfEaIJ0I980S05Oh0X83Rm0m48
g1_IRI5xXGesdp3raRgS160FzaJXlMl0SM6BR8IhvJHXMY	pathagon-rules-v1	7	14	3	34	0Q0a0e010d0B0c0N0P0Y0A0b040V0G070X0L0J0m0g050S0C0h0k0U0j0D0l8pAW0A28
g1_IRJYwDRvz6UW5zvMOOF6oD6XZ7vbuNDdsc4PdGTUy08	pathagon-rules-v1	7	14	3	42	0H0J0d0Z050f0V0D0S0h0307080j0Y0a0102040e0g0R060Q0W0m0Z0c0F0K0B6jPEL4Cy07R-0U64M30X2s
g1_IRLX245cS3j2zzbyseBkE6gcFhuo5hXAsoAdDOPYhl4	pathagon-rules-v1	7	14	3	18	0Y0D040P0N0O0I0M060N0G0L0a0B0f0C0g0I
g1_IROoTd0DG6g8fKNq6Smm4VCaQM6W6OpP0ga_mxv7QDw	pathagon-rules-v1	7	14	3	59	0W0P0O0V0c0N0I0G0V0O0U0b0H0P0O0d0F0c0U0W0j0G0c0M0Q0T0a0P0b0O0J0X0e0i0X0d0W0h0P0aEE0HF00ICR0M030k0I0TFG0I380K0l0JMP0k0J
g1_IRYS7lH1ZLCwCGWARgYZ_7ZJ70h5oyApvyxqm1wuHyg	pathagon-rules-v1	7	14	3	23	0W0j0l0Q0R04000k0m06050g0e080C090J0X0Y0d0f020K
g1_IRbzEvu--J0o4NSx9bdjfIuLcciTPuC4hurrOKRQ9Dw	pathagon-rules-v1	7	14	3	52	0F0a0e0V060j080b0R0P0J0D0O0l040B0W090Z0T0I0X0S0k0E0H0K0g070L0Y0f0P0mQqaxK40l63c1LrZf6LP-BrStFa0eGf0h029u
g1_IRfhqmdoc3t24IeWX-sUNLkXUTltTGjOeSCWAFxiZWI	pathagon-rules-v1	7	14	3	66	0a0Z0A080X0J090S0b0H0k0P0F0W0c0Y0j050d0G0I0i0e0h0U0E0N0R0g0V0O0T0V0CZe01P9R8JuCFWOYa0VMTIfbZ0aGvW_4i8W343u2N0X0BU15P093uOa050BXm8e06
g1_IRfpXG5bo6AVfVdkRQq7JmF-ZbbJUAfhHpkMy1H_R9Q	pathagon-rules-v1	7	14	3	61	0Z0g0f0S0L0m0Y0E0l0e0X0Z0e0L0Q0R0J0K0D0C060k050l0C0d0W0P0I0Q0W0B0P04030A040H3g0B4Y9a0d8q4s0VF10NDJ0VAMCB0bXcRWZ7ToaB0B0JWE
g1_IRndwsdjckjeMkYC7iUIyoK8_uKTxg5oPR7pAizDCnc	pathagon-rules-v1	7	14	3	25	0h090C0T0S0j05030J0e0d0c0Q0d0Z0a0M0b0U0i0X0T0l020e
g1_IRq39JrxMQ3u8xX8lESfkWrV9wXlN2mzevYUlGiPl-E	pathagon-rules-v1	7	14	3	140	00010209010807030A040B050C060D0H0G0A090I0A0B080J0F0C0E0K0L0D0M0N0O0P0H0N0Q0O1C00HO60MC0R06M5REGdbr0QLfREGdWUBNLfREGdWU0X5a4iGA4UBU5aLYWUcARE5vAqWNG90K05RE5vGk0KL-GWWU06B95aGB4wLXB95aGB0K0WAp5aGB15REBG0DGWB2R000Lm5oAq0D05B25aLY0VGI4w5o05BG4iLf3wQt0U2M5P1e01Ap1l5O060p5N1eAl4p0s5N06
g1_IRvO4Pk0LbAYXR4dPG-PALY_Wz-K23_EYMkxUxjy0vQ	pathagon-rules-v1	7	14	3	23	0A090H0O0V080O0c0U0N0G0b0N0B0i0A0b0I0P0W020P09
g1_IRwUa51cU5J5lqGIIBJbsRcfAMst2DG3xZN2rz4NQx4	pathagon-rules-v1	7	14	3	14	0P0Y0W0X0d0V0T0W0M0S0a0U0h0T
g1_IRzWFy1MQ72bMnRGYkk2iSwEQgN75_-p1b4owzEmT-E	pathagon-rules-v1	7	14	3	53	0T0Q0R0U05040Z0M0H0V030i0A0h0k0f0B0I0X0J0b0m070O0l0d060FLn0g9QKi8aWXaVP6M-CaQaXm5oZ6bCGDRkIF1U75Tb0a5C0k6W
g1_ISCWrQe_4hK-LfrtU_h_Q1H0zbPdj-oMH9CK7eAhWIQ	pathagon-rules-v1	7	14	3	38	000h0103020M040H030C050k0B0A090B0I0G0B0N0A0F080O0J0P0C0Q070E16006M07HI0RBq0E
g1_ISJt_Vo3ryQl5EthdlXlS7VcTS2LC3jeTpXFXC1gBVU	pathagon-rules-v1	7	14	3	32	09020G030N0A0H0O01080H090F0M080N040G0B0I0P0H0I0Q0J0P0C05060L040R
g1_ISLwITUUxL6kpKdX6FvqmTmo6i80ATt1tL3DHpREZXQ	pathagon-rules-v1	7	14	3	53	0e0g0B0C0T0J0d0H0L0R000h070I0O0c0b090i0f010j0m0E0Q08040Z0G0UTV0A0lWC2GM5NYFLDSS5c1XUKS0T05CB1X00aI0X418w0f
g1_ISM5iqkJ3o_-PbUuoaV0bja0V4ipgTwn7iE2tLaFkSM	pathagon-rules-v1	7	14	3	63	0R0Y0Q000X0W0P070G080X0O010F0H0a0I0E0N0f0l0V0O030L0e0M0c0A0bEL6a0BBqM30kDk079BSQZKTc0AQ_9j0BJ5Oa5P3A1b0o2J6A0e1b0o2JRc3B1b0oHu
g1_ISQ25pIhsNXYY5zsAk-C32Rp44J4twgr3cdvzQbidc8	pathagon-rules-v1	7	14	3	90	0i0m070D0R0W090U010Q0h040a0e0S0f050L0g000T0F0c0C0d0G0k0NUpCa6fHPLkc8XxAu08LRMRD3030LCeWr780u0GGg0RAS0c0lQX0j0S0k0i0U0DaLCl0P0X0UOk0FM-0LFH0VYz0JBpOM0QFq0E0c8808aY0LBt0N0E0FDI0LQI0U
g1_ISRoIhLjKp56aMRzBQ-KfYQth3Hgy2vF9WGa7Q9vQwY	pathagon-rules-v1	7	14	3	78	0i0g030L0Y06080F0Q0D010N0m0W0d0b070c0h020K040T0E0B000e0P0l5Z01KP0HC0as05NP2yR6IsLr0DYp09E2TU5y0YVsXI0jJB0ZAP0H1C0WQ50iLhbt0lZc0FPR0C9o097Pax004z0gWWPM0GEICS
g1_ISs8p4ffsRQPR7PUftRkWVKZnDKZONiEO91e5NNr9kc	pathagon-rules-v1	7	14	3	32	0L0Q0U0l0R0e0609000K020A0O0C0h0B030D0j0T0Z0G0N0d0Y0c0W041I3z5s07
g1_ISspD5jI3gFjs8J0ojEpb-znW836l72InvTp0_92AdU	pathagon-rules-v1	7	14	3	103	0j0e0f060A0O0E0c0F08040S0h0m0d0Y0i090N030H0W0V0P0I0Q0e0a0B01Vb0cCe0X9H8I0bRGY_PwOlL10Q0UF30PTP2GYB0lEN0c0dbS0lWb0H3PC80jOo0e0X0K8qUVFA0hIg7XV25-QXc2Q1I7EGYH4CH3axTnA1BT4oNX9HS_4QbMOcaUTZVzWo00OGZt0ASz0Y0260
g1_ISvF0hiPZ6UU_F36wkzz4jBevT8aO_Qoto1KCGEyCrk	pathagon-rules-v1	7	14	3	80	0Q0c0g0D070Y0i060V0S090f0k0e0H050Z0K0R0a0B040X0m0L0N0C0FKr0GOsUK0VbXaPBKHcGD9_Q_LyIwQF0O037a9OVXXW0k3Z0U8109Aa036cN90O3s04Dk0K3EG80LAu9uLJ0y0lXsVh0cTHZQ0eaA3n00
g1_ISzqz3wTN2tjrmaedJAsNedqhiFt28DAhUbpXIIoMn8	pathagon-rules-v1	7	14	3	78	040i0j05080W0P0m0N0D0Q000a0k070A0Z0R0B0L0C060G0b0J0M0f0K0hBMXk0wKwVt4NGtWA0HSHPxFzc2R80J0YDr7P0ERP0VH7GT0S8r0TO50bFh0L0U0h0EZI0PWS0G0faOPW082a0M0W0FMc5u0D56
g1_IT4V0xiJjQm-TmPynYwI8OmqvEp_fjvfDmb42mjEa5U	pathagon-rules-v1	7	14	3	33	0W0M050c0G030m0E0g0d040i010V0C06070U0h0I0T0R0B0P080j0Z090F0b6UEj4H
g1_IT91d4ZsZE3kspA_NJwwOsEzwbk32Mh96iZI0IXk0WU	pathagon-rules-v1	7	14	3	66	020P0g0O0N0d0e0G0L0X0R0b090W0c070H0Q0D0A08060T0h0j0103050V0a740l0i0K080M0JJb0dbW7N0O2XP_Nl0FC202Fv0h810UZV040I560OLD0jKP0GRFYh0TTo0Y
g1_ITEn2VtTwxkGmROIXUKbVDWtGdy8GN2fG0zUVhRjvCY	pathagon-rules-v1	7	14	3	74	0Q0a0l0J0N0F04080Y030R0k060W0T0E010i0H0P0f0g0S0X0C0m0O070UaA09QC0XCsQBJwMYXcEWFy618-497CHCPN1dRbXgXm0W1d0V6lGc0ga11PJt0jLiZF0bC6ai07ao2G0l010ea1Wm00
g1_ITXRN4V53TOmav3qOaj9RFyqVBUkNtkIUoIBfQBGpcA	pathagon-rules-v1	7	14	3	196	0b0U0V0c0d0W0c0V0a0T0M0N0T0O0P0I0W0H0G0F0B0G0I0A09080A020309010402001d0138030C0A020J030I2P0p4c1d010C024j0s9z5Z6E4p0s0B0C0I5N1e0BAp0o5N0Q01Kn0-AH0C5a0PGB4cAp1f5O0t0C3w1c5N6w6E424g050y1Y3s4g2O02040o5N2P4e050o5N2P02070o5N2O3A083w1c5Q024g2O3A030s363u8V0A2M023s0A344e1b010r5S3A0A3w1c5Q014g0A391e3u040A030B5SAq3r6w2N08360B0o5N2M6x08013A2M4e053u4g2O025R0F0B0t4c1d3s040p5N1e4d2O085R1a350q3r2N1a350q00
g1_ITb5NinvV10_cthucUvzqxZlehTEnuhwJtnWx8-EAHI	pathagon-rules-v1	7	14	3	196	0h0S0c040B0f0A01030L020b090F080M0G0C0H0J0I0N0O0E0P0Z0a00Ty0g38064f2E01AOStWH1dHcRSS158Y-WU0jR005GWbY0CC7Lg0f2eNOC20J025LBUWrSG1kbcZF2W024w0cB90dGdI5M5X9Hc5yZAIacDVyZu0LZ8R_XdHZYQ0MZA1ga00g36bG1bQm2KAf0VV5WCU61dPw0NC252WV0E062KNa365S3uSD2NO2365M1bFy32aZCA1EbT0YYO0QZv6LYZcGYSVe5hWhcAQuGB0EWFKo5NII4dGy0p6S1d5v3xSL4dQY5RRM39Ck03Ti4iB33wGf5RPd4iNc3wMC5RNr4j0J1-5o6S0F2y1HGdRuWNCp0FbqAqSX3wat5NFu
g1_ITkwwL2BLkmaFj9AamLrb7YQFLqso201qdR9HS__9_k	pathagon-rules-v1	7	14	3	102	080F0T0E010G090H0A0I0M0h0F0g0V0U0N0i0d0G0O020F0N090H0W0b0P0J0B030I0A04050cFW044v0QBa0IFK0J2X070p0X9z0e4x071D0FGs0BBh010_0B9z07Bh012X0B9_0FBh092X079_0FBb76MR09150RC10fGr0RQx0B5Z097404050K2R0DbdLo04Jc07Ho09
g1_IUDoQdFNHSA7EYHMKoTi2CsA5rp9OzBhUuvy0wOot_E	pathagon-rules-v1	7	14	3	33	0W0F0A0O0J0S020U0e090b0a0g0i0D0h0L0f0b0E040L0I0P0Q0H0X0k06J90KDt32
g1_IUF4cwfKTBNxtuSmu9Q0bHkCzt25ugKT7JKGcSq6iJM	pathagon-rules-v1	7	14	3	56	0A0m0g0k0V0M0a0e0Q030D070Y0j0d0l0L0S0G0K0B0J0P0W0b0O0I020i2J9RGSQxZS026b7RPI05IQLH1OXaFTEkBbCd0IKIVT0Qax0EUe0g7l
g1_IUKTOWkaDiT_F4kT8A_DRLgfXdqI9zU8-mae8irWFFo	pathagon-rules-v1	7	14	3	55	0l0D0f05070Y0W060B0a0G0g0M0P04030H0m0b0i080C02090F0h0j0S0UAh040T0lMp0I0J0j0S3rYD2iMN6S0dPv8pb5Z2DW03V_0AGTX204
g1_IUKiIaOsP2ZXnKoIUsY_2vm8k7873ptoNF0GRnq1bE4	pathagon-rules-v1	7	14	3	48	0004080U0J0K030V0N090I0Z0L060i0l0d0a0R02050X0Q0k0G0m0D0E0e0T7Y0HV0P20KbNGU3uW3BZ0XaU0KEQKp8PXe2p
g1_IUZq-NBqNdn0cdWcF5YP0Oatd4in7APHgxgFJFXJlF0	pathagon-rules-v1	7	14	3	40	0D0U0k0m0b070M0g0N010P0S000W0c02040K0A0i0Q0l0E0J0R0T0U0dLZ0CIg0Z980LKp2109Fo012x
g1_IU_4TUjtLzyQiGcGlJe9nDXWc_yY5ppcnWU2O8RexJ8	pathagon-rules-v1	7	14	3	32	0O0H0V0A090B0G0N0U0F0N0G0I0P0W0I080d0M0W0F0E0c0F0T0b0a0c070C0J0D
g1_IU_5s_18KKb1qNHLplPHO51s7B4Kxs-O1c34BHv1J9g	pathagon-rules-v1	7	14	3	21	000S0U0b0i0G0E060F0Y0H0l070V0W0D0G0e0b0I0N
g1_IUoacMKLFcA6RVaqG8J7e0tNt_a7huErN8-KmJySuCo	pathagon-rules-v1	7	14	3	51	0Q0X0W0P0Y0O0X0V0J0I0U0H0V0R0N0Q0G0F0K0G0R0C0B0J0A0d090W0G0e0c0X0D0b0C0c0f0V08CJ0FDs0H390B3x0C4g055QDn
g1_IUuweIAh3NDsS857VduATJTldJ02PUJv2gQVRPvx-fY	pathagon-rules-v1	7	14	3	71	0h0i0j0c0i0b0a0g0Z0S0U0Z0b0T0V0k0c0d0M0W0T0N0O0P0X0N0e0W0d0O0l0L0k0MQH0XSh0aUu0dCX0N0O0M070T6Y0FVd0P0F0OC00eCm0IDK0d0I0WE20HEw0IQ4Eo0X0GFT0Wb0
g1_IV2hDH--mNnFb-Lmm0MqgBsnsygW8P7hyfoWaLGBlz0	pathagon-rules-v1	7	14	3	196	0W0V0U0b0V0c0d0a0T0X0e0O0N0V0M0W0P0Q0W0O0V0P0F0G0H0I0O0G0J0H0A090H080G0IVV0e0B0d0C0W5S04030B040A36033s042J361b094g0A0s2P3t04095S2P3t38035S2P3t3803052K3t344f1c2O0A040o347i3u1c0B2K0p3r4f1c2K0p053r09014g2O5P1b0A4d080p041Y3s2Q6x0v1Y690936031c092M053t0A350q2N4e1d353u04092M4e3r6z0A2M023w2N361b4d0s2J361b3s0r2J361b0A042K0p7g3A1b4d0s0B382M4e003u1c2K0p053r092K4e0q081a7l38092O8U3t7k4d392M3t1c0A092O3H
g1_IV4eN55i_VzX-cSdZM2EEylSHOefsWyljAXHFWPVMOU	pathagon-rules-v1	7	14	3	73	0m0R0I060O0W0S00010F0e090g0Y0c0i0K080D0P0Q0H04030E0U0N0kW20dBl050b0VMZ5pX24t0BMb0gEB0SRUTp0_Iy6xEu05HrPH0Xa0XT06ZIZA0TCQB94o05JKQK0cBi2U0ETvBo0W41
g1_IV6qhIIjs8P6eEZVel5jWhBhgo4uWJ9XT5rO4NaiRlQ	pathagon-rules-v1	7	14	3	71	0f0N0E0T0m0D000d0B0c0K060U0R0C0j0a0P0X090k0Y0J0G0h0F0H0A0IV8030Zc2AmBa5jaDLf9J31EYR7WYDW0Q01FAI2JnZd0HPhVl0L0S0TQO0L0OUN08B00S0e0LP50lIycB0J3d
g1_IV7bNiw1t4v3KjZBwwo2VyyStg4GWIL5CnZ2qArWHnE	pathagon-rules-v1	7	14	3	14	0h010N020W040G030H000P050a06
g1_IVDN7Mrd5JK3sWYy0K905JZwWtNSKIok8dZuK43lALw	pathagon-rules-v1	7	14	3	21	0K0R0Y0J0R0Q0X0D0C0f0e06050m0l0I0P0W0Q0P0J
g1_IVEiraA7wj4uFtkvL2GNiVmpbHnXoPrQY-0pYXxtOKA	pathagon-rules-v1	7	14	3	16	0K0609020e0G04000T010i030I050E04
g1_IVNyqTsY5eVzg6CIEUo8ALsCpVMWhZoYeYpXAVZEDr0	pathagon-rules-v1	7	14	3	80	040N020c0l0L0Q080O0D01000A030Y0P0V0e0M0B070C0m0G0a06090h0Z0j7v3jOkK2Rj0T0kWfCi08Bz0dL0Ux2a5f0i0Hbv0fb70d8x0X6u0lPx0faY0VH50WQx0203AD010E0RVg0FFM090YLcQI0QU60b0z
g1_IVPMsX5A5cXMZ7c0DTgA0XNkvnIodQ-3rchSp4ONAmQ	pathagon-rules-v1	7	14	3	81	0j0L090i0m0D0c0l0M050g0G0J0S06070R0a0U040k0I0Y0e0F02010P0A0N0WMdZQ4MQpL1XLBGAB0D1Q0l8-AobkD4Li070NIK0hQi0kbN084a0m3cDS0AUP6S0XW7K-EzQ60W7U0h230VRmYl07H9B80SO2Kc3w
g1_IVPq3cbsf6hQvxQU0hVyQlNaDZMpKX6v5dpm5rslYm0	pathagon-rules-v1	7	14	3	54	0P0h0g0i040B0L0I000S0R0E0Q0T0c070L0C0J0Z030U0a0k0Y0b080f0a0X0bAb4L0jTuMyTY0M3dEd1X0DPW9S05Vb1b0F4gAcbcBU3xWl
g1_IVSxNPdA7ioGvl26veCA1YuDO8Xar_TiRp90WVuSNNE	pathagon-rules-v1	7	14	3	100	0L0A0X0c0h0V0d0D0F0J0O0j03060m0B0T0Q020b0E0f010R080S0Z0g3B0aBsWW0SLwUhTo0W5_04P77M0P0b0GTn0HNWYh0fK9JR0P3D03MT0T4HA_05Kx0DNP2d06Io8s08ZE0QXS0N0BY6QI7y0CIV0AEs040hUs05VwYK0C1f0IFY350k3zbg020dJ-03TyLQ2R
g1_IVmgmgZJPSwiX85i6GndcyUDaHZPt-UPtM2BEmTJmBU	pathagon-rules-v1	7	14	3	38	0h0d0e0c0X0W0V0f0W0e0Q0P0O0W0P0Y0R0X0a0J0K0Q0I0H0J0U0b0V0T0O0N0P0U0G0M0F0iPV
g1_IVyivOuJDNVizahoJzrc7zT2uV1nSxz7af1ajVw4pg8	pathagon-rules-v1	7	14	3	196	0j0D070K060L0m0d0J0E04030S0P000h0T0V0W0c0i050X0b0g040M0Y0f0k1PAvHfaPQjRN2n0XYg000ZUc0F3M09HL0k08aXGWWU0WB90-Gk4wcGBSZ-GobSakcF0eZAbSakW70eZAbSak0k0e670bakCDcE0cbU7eZ-0jakZycE0mbUUE0cbnCcId81DIHtCc0O0TXhW8afVMc8bWWv0V0U0O0b0NbU0aZzcE0T0cXhZubTUcaeXf0abQZzaicF0ebTXgalW7ZubTZCahcFZ-bT0cakcFZ-UabSakcF0eZAbSakW70eZAbSak0cZ-WubT0lcAbW0cakZycE0dbU4aZ-0jakZycE0ebUVNZ-0dakW2cFVObTWvaecFZ-bTZCahcFZ-
g1_IW0y4auL1A1gWIGXeiryR2O52nLkcgDmZUzFxyGNtEs	pathagon-rules-v1	7	14	3	196	0F0M0N0G0U0T0V0O0H0N0O0G0A09080I090H0P0B0W0X0Q0J0C0Q0B0S0I0L0E07030E020F01001c0s016E1Y4d075S3x1c0o4c083w5R0t344f075S0A040t4c0H3w5R0C2M0p074c092K020s081e2J4d02050o5N2QBX0E0o092J6A1e350q084g1d5O0734081a03094d04363u1c01030s3x1c2J4d6A050o4c2O02040o5N2Q080E0p1Y356B2P0p1Y35032Q0p1Y356B2Q0p1Y356B2Q3t040o682QBX090o082J5P1b4d0s2J3A1a3s0E5Q084g0s3A031d345O02080o3r2M4e040o0900391e3u2N085S3A3u9G0B5S0t
g1_IW1GOoC1KwJ_TdvrIXilwJUaJHEEkFzUqpujNd8wJjo	pathagon-rules-v1	7	14	3	141	0Y020U0O0g0H0b0M0N0G0F0T0V0a0c090A03080A010E070F000L0S0Z0T0S0h0i0a2N0p34033w1c0o0BHl2J1a354f0s2J1a0M030o4c0N2K6x0s8R0A2K360q081Y0A073s0p4c381b2K093t081c092K0I3t081b092K0ACI0F080r1Y8S0M3w0r1k2J4d360J0o9C2MCI0F0y342K3t080o0P2J9G1aFN0o3r2N3EBX0q1Y8S08360q293r2K360W0oOf2JOE1a0K0oQt2JOh
g1_IW4O-ome5qhGzh4YX2WSmCM6Ye95AWqjosHeXi7h0O4	pathagon-rules-v1	7	14	3	196	0H0A0I0B0J0C0P0Q0O0J0W0V0X0N0G0U09080F090M0G0N0T0L0S0E070d0c0b0e0U0X0V0c0a0dSL0TBcMR0S0F0o6v08070F081a0oMD0G016y1c0F2M0B3t0A356B2N020sA33r3803080p0A1Y5O2Q020B3u0r2O0C386B020A1bGt2J8T3A1b3s2N0p341b0A2N0o368U0A1a5O34032K360q0T0A020M2M1a3s04363u1c014f1d3xA1354f2O3t5R34032K4e0s3x1Y2K4e040o5N2O3x1c364f0o3r2N395Q0p1Y4d3w2N3A1b4e3s04363u1c012M5P3w0r0C2M4e1d013x1c0C2M5P3s04363u1c012M1Y3s4e040o3r2N
g1_IW7DUEsvgDNOPWxMFUX7MvCdiR22smqIEkte5kE1lv0	pathagon-rules-v1	7	14	3	69	0Z0D0k0a080X0B0c0W0I010Q0j0h0H0U0F0d0R0G0K0f0P060N0Q0J0A0V03J7096z0MFy3q4Q0i07VAVhXkbKcBElRF04D105O1aX0lKb0mZd0TCY0Z6j8M0jIL0hbE0Gaa0k1N4S
g1_IWN8tK-UdfeSJY4GdQl3HK_m21yQzN_9aePClnTBoIs	pathagon-rules-v1	7	14	3	57	0k0e0K0V0I0g0d070Y0X000A0j090B0G06020N0H0U0W0M050c0Q0b0FEu8-UcCj0OXaJ36cRP08Zb0aU10SUqNNbQ6yaDWbJc0kA4S20m870a0l5q
g1_IWWaNRloiVwrEuPQhPrREzGIJwYYQ0dzxbCVAjkFd0k	pathagon-rules-v1	7	14	3	75	0c080V0O0l0A0m0S0H090O0D0G0F0B0C0Z0L0B0E0M0I0N0U0T0P0U0W050JDj0g0GXeZBBQbRZu0jZ8ZwXe0dYOagZu0bMmTYXWcB0aMmHIXG0QS0C2HW0hMmYvXG0ES0C2HW0LMm6z0SGv4e0BDx
g1_IWcgjYWCft9ne43JB5n0of_Td1jaxfwkh7Sxhq4SDew	pathagon-rules-v1	7	14	3	38	0l0m0k0d0W0j0P0d0e0f0X0e0Y0Q0R0X0Q0c0V0O0i0V0j0W0b0a0h0I0b0P0U020N0T0M2n0Hc4
g1_IWeDY6fdT0f6v9PAe-oUsG7paZOmbF7PVABuGaoOucI	pathagon-rules-v1	7	14	3	54	0F0l0c070O0d0V0D010g0E0m0e0U0f060B0T0G0Q0M0a0d0C030k0500Tv0c9V0HW60A4zN7WL6hFSX20XBG2zaRIGLJCY0FBqRP088H1l1M
g1_IWgN7MI6sAR0KkenYExxa1bZ3ndcaJr4JEFuMKDOG_4	pathagon-rules-v1	7	14	3	99	040V0C000e0R0h0F0D0T0O030G0L07020B0j090Z060I0Y0M0b0X0H0i430A5xZ7BaIG0FLu9kS2Cp1HB806Y20d0DUi0hWTH-0eKhOb0XPz0VMh0cHM0LF20dPt0fOy0hFY0J8ZIj0b7uUQ0PYcAzZb0j4B0BNpY6VfBk0E0GIyDp0l9yau0L0FK80dDO0cFg871x
g1_IWmX4WpDgld2A7iqW3fENL94tqKsxp7Kg9RtaPR-mTA	pathagon-rules-v1	7	14	3	92	0i0V0h0e0j0J000P0m040H0k0S010T060g0E050a0U0Z0A0B0O0R0Q0FXS0GO6W24j4J09C6EX0CZWFPKu1r8USVMoP238020LAE0EDT0gO30TEG0kCJ0T5Abu0c0eV80bSp0VMn0FFrC40EHKPX0CSUVeRN0d8I0bD9b505AJ8f0o000ISM0aBZ
g1_IWnrvye-_2ME_B09FLzv6v-ar5RSsSEgVjP0AeCFt-s	pathagon-rules-v1	7	14	3	40	0X0j060c0E0Z0I0f0A00080S0M030J0D0K010F0e0W0L020h0T0Q0N0P0H0U0mHQ2V290Y048y0fG21M
g1_IWuJ7x1SvsxTVOdKECf4-5Qe1FHgjWWDJS4kggrdMvE	pathagon-rules-v1	7	14	3	35	0Q0C0i0h0X0P0U0W0H040g0a0h0M0I0Y06000D0J0K0R0J0Q0b0J0B0Z0C0X0e0F0V0AVn
g1_IX6BBkWL24Brh42b5NYqyoVu4PRtcJfGPMdvFwfUAJU	pathagon-rules-v1	7	14	3	52	0V0W040R0f0A0G0M0C02080T010a0N0X0H0J0Z0D050d0S000k0I09060KUlPB8SWV0PYKMB0VSp0ePyR-03Dg0c586hE1K50WNq0M9G
g1_IXKw7TbFrLDgO6M3n5IlzL46n8quZ-RDIL8UQQwvDZM	pathagon-rules-v1	7	14	3	61	080H0A0T0S030c050W0g0j0d0J0K0k0B0d0L0Y0F0V090Z0M0I0G040X0Q0hOj0lMob73xH0UJNgSJ55053eFB0CZdOkbJ0W5o0B7DXoTO8V0XPRUj03Rm9XBL
g1_IXRo13kaYk7INLtcNw80X_bG3wdCzPIHsIw-NtO1NL0	pathagon-rules-v1	7	14	3	57	0c0W0H0d090m0g0I0G0E0l010j0C070X020b0804030Z0L0k0K0V0h050A0f064vEK4E7bF75aUkZrAO0OaHBRLeUvTAY60EHI0MGQ0PL20R6hKS2f
g1_IXid18YoDXMNDDj4ep42O1tDJCrLXbsZC7T0V9o0KcQ	pathagon-rules-v1	7	14	3	196	0I0B0A0H090G080F0J0C0K0D0P0O0N0Q0G0J0H0O0M0P0F0I0R0U0T0V0W0X0Y0W06050D045Q068T3s384f0A1a3s34032K360q001a6w380q051a3s384f051a3s34032K360q001a0r354f2J3t1c350q2J3t1c390q2K3t4g395Q061a5O340306350q4g2O025R2P4e1d3s5R2J4e083u0r2O02382M4e053u1c2P4e053u4g2O02385Q4i2O02385Q4i2O00385Q4e01030s3xAo3H4f053t4g395Q2P024p2O5P3A1b3s2N4e395Q3x2N4e395Q3x2N1Y365O3u0r2P4e051b4d2J5P391b3x2N4e395Q3x2N4e355Q0s2P3t
g1_IY97zQs64Z1Q8ScRjfF45y0MQy8H2npWqMwst7Jyz-g	pathagon-rules-v1	7	14	3	40	0L0W0Q0E0M05090c0m0B070J0I0k000j010i060Y0l0X0T0Q0f030U0g0K0hOA0Z5b0Sb8MhWTSBJk3c
g1_IYHk16mEPKoc91SxQFzVXn3HDnaGLylj13NrvW9TbNs	pathagon-rules-v1	7	14	3	67	0C0W0V0m070H0N0O0S0a090U0T0g0B0c080h0K010D0j0I060b040k0M0d050c0F0TZt0Z02MR547qPQTr2M0RWoa9JeAL0LbC0NJ9059XV-BD0X8v5A0C4IU70DAf0WVD0kDb
g1_IYNbVkkYD2AcZDdiWNJ3r9Kr6G-iFV2cm58G7WoIUZI	pathagon-rules-v1	7	14	3	37	0G090M0N070G0F080E0L0S0M0L0F0b0U0T0a0Z0T0a000B010d0c0P020I0H0A0O0V1H002D0g
g1_IYUTRRg5SCnnRpRa_C8_mpTkNBbhM5l7OyxJVzAcOb4	pathagon-rules-v1	7	14	3	35	0b0f000a0U0Z0i0c0T0b0h0N0a0S0U0M010b0F0a0U0M0G0b0T0N0a0U0V0T0M0d0T0O08
g1_IYcZQl6Lhhwdmxd5la_6Uni_NmOZT20XdcglgamEVIA	pathagon-rules-v1	7	14	3	44	0f0j0T0Z0m0D080F0M0a0h0F0E0a0G0b0X0N0O0c0Q0P0I0R0W0H000V0U0i0V0O0P0N0A0Q0J030U0V1A0Q040P
g1_IYjoNsQMiTO_oaqmndKgNypQpFOlH7fJHlPjIeaxDbI	pathagon-rules-v1	7	14	3	54	0U040e0d0m0i0P0N0E0f05020c080X0b0Y0B0h060I0O000F010J0c0T0k0e0Q9g0VFN0j0laG0SEm2eE5J6BrTUbZ5U0s7K2pHR094R0B3j
g1_IYpiwpQzkks1doIdYHOoXOV83jaIEOl35Q4WHdDWP1s	pathagon-rules-v1	7	14	3	15	020Z0k0a0d0W0P0T0W0B0I0704080B
g1_IYuMAXUXvQT4DCloOpqvcageRoH9FRLPclPf4otOtSA	pathagon-rules-v1	7	14	3	84	0X0504010j070O0R0M0W000J0F0b0U0C0a0Q0S0N0m080Z0E0H0B0c0Y020I0l0D4UKx0h6b0L7NGwPNRzAI03NsbGNg3EIaboFT0UEjZH0kJJR50e7x4D0j3LG_0MBD0AC90m570haS0WMB0NOl0eEcWE05bt08PkZW0c7x
g1_IZ1j4NEMzBmNRkANjYqZJabjSH6NfbMNdsWwXvZgNK8	pathagon-rules-v1	7	14	3	29	0j0g0h060c0i020F090h08010S000W0m0A0a0Z0Q0G080l070H0b0V0T0O
g1_IZFPhtxH2ED5S0sLHZdMivbYq4uo53sn3kYXuPdnabY	pathagon-rules-v1	7	14	3	27	0X0Y0e0W0f0X0d0R0Q0P0X0Q0K0J0I0m0J0f0Q0l0k0D0C0K0B0605
g1_IZJwOEG5c5adRmpS3xyg4O3Ux7hhtITeQU-rhzUjn-M	pathagon-rules-v1	7	14	3	49	020a0b0c0Z0A0b08090N070h0B0a0g0b0i0U080T0S0M0L0E0F0G0A0F0d0h0I0H0O0VYs0WVK0d6Y0XJG01000E6m0HYa012X
g1_IZLFDZ3qW_8rZoCYKDP9wZZZGIK98_96m6QW6Z05_eU	pathagon-rules-v1	7	14	3	37	0C0N0F090e0c0T0L0g0P0B0I0D0d070Z0S0E060400030A0X0V020J0H0Y0A0Q0kCp2h0lU71I
g1_IZUkajtdO0UIARkrojTdc2zW14Rbo5oobpiSrIVPsQk	pathagon-rules-v1	7	14	3	66	010807000A090T0203010N040G030H0B0O0A0U0F0M05060C0D0E0V070K140I000J1B0P1r0R01Ez230W2jKS0IPwLRQp3c0QcA1X5703055X4e0Q3ubd2iAm0DOW6H013E
g1_IZWbsZw4GfxEr2udJUPzkjQ93ekj1xWmNMvh26KFXq8	pathagon-rules-v1	7	14	3	39	0H0I0d0k0J030K0a0D0R0Z0I0L0X0f0Y0Q0e0W0h0j0P0l0Q000C070c0J0d0I0k0E0W0V05WcRBES
g1_IZXF04AQid5ltIAm18e4mV2tmGgGsmHn-mqGue-1YPg	pathagon-rules-v1	7	14	3	66	0W0F0j0M0Z0O050A0l0d0S0V000k090c0L0U0T0E0N0e080B0Q0M0X0g0N0e0o0M0P0CZRP9bWaM8P0GQX0RSCWiKVM50UAbAqQt4f8W5P3x384f2O5P3x384f0P0X0W5PXZ
g1_IZ_RFNdOEqplWNIGybaJc41P4x3KUIkcmCbROKX0LZE	pathagon-rules-v1	7	14	3	80	0K0c0D0g0P0I0B080X0E0Z0d0H050O0L020406070M03010U0V0F0S0jEY0RGSNuBM4pbc4JVs0b62BNJ06_24HAQCV8Vf040lZV0ILw0N5d06Tb0NO70AGcXr0iMT0hJ80RIE0kRJP80HB-0UCz9Z0Cc10dDZ0f
g1_IZoGFiGNSruxGems3KO3mRHzMJSBRJGc40P25n49CvA	pathagon-rules-v1	7	14	3	79	0R0M0D0L0e0J0Z0b050i0H0h0B010C0m0S0k0O080A0G0a0X0F09060PBE0YSJQP007u19aCCY0k0d7ZW8bw0Q004-058yHc0jIh03Bp09c40RYfQ60i0lBU0jFU05Ri0BGhEH0PK-0cMd0e0XYf0l0SZP0E3i
g1_IZvugSFu2cWij-V9e8fynpoSY-ymwEck7ba7R9eaJvk	pathagon-rules-v1	7	14	3	196	0G0F0H0A09080O090N0M0V0U0T0Q0U0P0W0I0B0X0J0C0I0B0P0J0D0K0R0Y0Q0K060R05045Q060A0D38034e0B3u09040A3w0B38034d342M053t043F0q2J3t1c350q2J3t1c350q9C3y2N361b4d0s2J361b3s0r0B392M3t1c4d392M3t1c09392M3t9G4d392M3t1c00392M3t0o0A0B681a4d380q051a3s3409014g2M9E053u1c2K0p0B3u1c2K9E0B3u1c2K4e053u1c0A0B2K3t344f042O0A090p381b4d2J3t381b052K3t0A0o342M8T040o342M3t040o342M020A0B350q042J1a013u1c2K0p093u1c2K4e0A3u
g1_IZz_dvhHk5B4R9X76Y9Y0eEKTjRXbHGd3900Ts4I2F0	pathagon-rules-v1	7	14	3	69	0V0k0d0S0T070W0X0Y0i020G0h010U0H0m0O0j0K090X0I0J0L0e0R0Q0f0INx0i0U00XqMH2vaYR1EN8C0MOl0kOUFT02aCUG0Jbx0XHU0JWL0aAF7x0kB008Dx0XTNaz0mCaD406
g1_I_-bMmgVPR23dR4ObwVuHAQdSId5ipsuXV24FiZRPE0	pathagon-rules-v1	7	14	3	39	0R0l03010b0B0g000S0C0j0M0Q0H0F0G09080e0Z0O0T0N0J0X0P020E0i05Vv2DMi5CZg0kLiAb3Y
g1_I_5QqcCMih0s9YWqlmqUPrmzwr5g5s-yxEkbPSneo3k	pathagon-rules-v1	7	14	3	49	0L0U0h0d0E0Y030i040Q0j0G0R0J0B0M020N0605070a0k0f0I0O0C0AaS0D6k0W2lFZM_Pa0WDc0gC_Ha0C0c8-YJKr5mII1j
g1_I_8qCjLN0e6uZZ7b3le21RpCNnd3bUhz1bIBtFJwoS8	pathagon-rules-v1	7	14	3	22	0a0T0S070C0J0j0K050I000H040E080L0f090i0G0X08
g1_I_CAsvCgmIIIydexoXXhD1yHFELYkG2kzQ2FWG_Z2rM	pathagon-rules-v1	7	14	3	96	0Q0d0U060h0e0B0g0W0P040903050W0a0D010A070E0K0c000N0b0D0T0R0C0mTS0X66Lx850fAN0S0F9aXD3P0XYOQBc7EqYl0iOT0PBl0mEf0H0I0j0b6XTM0XWubi0bCX0A0ITe0HMF0XRZ090dQn0A030k05020l0b4l0UVTH0T3PT0H05ZOUmat0e0v
g1_I_DJVNC628-8P77LdY-XFpr7MqycotgBCFxk8Fy4WZw	pathagon-rules-v1	7	14	3	56	0k080f0i0T0M0F0U0J0I0R0M0d010e0X0C0F0A0j06030N0S0Z0K070V020T000Q090H01OL6OIIATMR0uFDa93fVMUC5VLH8pYR04EW0IQoRw0h
g1_I_Jsj1tQsWIzFFfqKU28LrN_MSznX1pcnalplntM-SQ	pathagon-rules-v1	7	14	3	31	0R040B0I0Y0L0K0G0J0b0D050F0C0P0k0Q070U0B0e0N0M0O0X0T0i0E066r0l
g1_I_p-orv3PbtAefot-6u4ytQTYorRg3cS0nGzmSd75rQ	pathagon-rules-v1	7	14	3	37	0h0A09060C0a050Q0K0Z0N040e0b01030U0L080F0R000i0d0m0O0P0H0k0XAD0bae0QVUTSGg
g1_I_qzfA8G8Rcid145kTI9hjpdTcvdNOp09oHSRl1qn14	pathagon-rules-v1	7	14	3	52	0m0f0Y0R0f0K0D06050D0b0C0B040I0A050B0J0Q0C0P0X0I0Q0J0W0H0O0j0P0V0U0O0V0c0N0V0O0G0903Aa0CcFZ-Wv3z043D5C07
g1_I_rTKFp8vlJp4ChRZGCN3bVvlPTSNe5rjeGV0DQ9MWU	pathagon-rules-v1	7	14	3	196	030A0H020A01090G08090F040G030B0I050B0C0A0J060I050D0K000D070C0E0R0Q0P0OGN0Q0K0P5g06GX0K0N0DMY0GIq0NHPBqMR6aSEHPBqMRXNRhHP16MtBxRoHPXGMtBxRoHP6TMK0008XNSEHP1tMKXNC9H4Rv016h0M07HrHI7ERwC208HIXGRo0FMY1DC20EHW6aRvC2X9MtHIRvC2X9Mt5NS0HPXGC9MRS0HPXGC9MRS00tXUHWMYBx0EXUHWMYBx0EXU5NMtBxRoHPXGMtBxRoHPXGMt0tS0HPXGC9MRS0HPXGC9MRS05NXUHWMYBx06XUHWMY1-01XUHWMY1D0EXUHWMYBx0EXUHWMY1YRh01H4086T0uBV0E2K6A07
g1_I_xQjmpTKnBgfzCTx0XqvHPVpRiO1dF0D_-u8a_p41I	pathagon-rules-v1	7	14	3	15	0107080I0F0Y0M0U0T040a0h0b000i
g1_I_xcgPsirqUfD7iiHhzfkNnRNYmnEqsCmBqH24Cofcw	pathagon-rules-v1	7	14	3	26	000E0H0A0T0F0V0G0O0I0U0H0N0J09080M090K060d0D0C0B020C
g1_Ia2JlwIeesNIDglzf0LCpfntfAp0CLz1ZxHxzCdn42g	pathagon-rules-v1	7	14	3	69	0W0H0X0Q0J050403060Q040e020C0B0A0I0J0B0I0P0O090P0I0A0G080K0B090P070d0I080W090k0P0D0N0B0R0Y0C0G0R0U0B090N0I080B0P090b0M0L0U0d0i0N2p0b0P0f0d
g1_IaBeMf3i2ENZBAEMi0nbgj-pcd9s4TikEs5MVZrm6yE	pathagon-rules-v1	7	14	3	34	0K0e0I0V0Z0A0S0B0a0L0G0H0O0N0Q0l0J090C0G0P0X0i0W0h0g0k0d0TU-T50UJD0f
g1_IaCMMP0YY2z7Ohvc-7bJI_CgyqiktNlAZ1y36EsxG1I	pathagon-rules-v1	7	14	3	63	0Z0Q0D050k040G0O0M0102000L0P0a0e0g090m0i0R0E0h0Y0f0I0C06bi0J03LAB24maE5VWw9AT20a9rJhbxayXsFxD80cWcU8CW0OGE0F0mK80GRG0BEv3R0f8n
g1_IajbNdcOawBqZRByfZKijB-uD2TLnhF8CbSlkiGtK74	pathagon-rules-v1	7	14	3	46	090G0M0N0O0F080N0F0H0A0P0a0E0T0F0c0H0O0V0H0N0U0O0b0I0W0H0V0B0d0L070M0S0Z0f0S0e000X0o0Q9d021y
g1_IakNHXqHlNWOPBfQGxjxMZPk8PPPsFsoo4dj3Q_Pyho	pathagon-rules-v1	7	14	3	74	040B0N0G030701080A0X0b0P0F0H08060e09020S0A05080O090I0G0E0C0M0B0N0c0L490YAN0ZCvR0L654GdKbMCIJ0j5gUG0F0IB80G0MEyFb0TKzKAMn0bSA0TSP0V0BNN00Op4F04Y7R76X
g1_IanN9UUw5xo5VkjyWy_scDtNt0-L6cUfurEt4bFoW0E	pathagon-rules-v1	7	14	3	50	0c0b0F0B0H0N0j0X0R010A030L0Z000K0M0W020k0i0S070V0O010Q0T050Y0C04Kj0lG-010e0hVt0mJY470g0NIFIpZX0V0d20
g1_IashGAbMCb9lFz-ndpaJMp6NROPC76GxnkRPTOPoN08	pathagon-rules-v1	7	14	3	45	0H0b0C09070j0W0l020i0G060a0c0L0f0U0T0D0Y080S0e0E0I0X010d0F0L0eQ2045lOT03DCWHW3C8Ch6E7I0v29
g1_Iaz6YW-Km1UKJfTCXNfYL6dZQHiMiTW56qcVne-7IOo	pathagon-rules-v1	7	14	3	51	0B0k0T060Z0e0Y0A0c0a0S0g010W0X020l0h0K0D0f040N0M090d050H0e0LMP08QS0FR54I1iX9S25s0YIARW0YGlBC92Ssb90b8A
g1_Ib0Mzx_uyVUWlVCoiaF9L-MM3FqOFT6BaIcvXvwREt4	pathagon-rules-v1	7	14	3	44	0B0A040C050B090D08060J0I0C0H0K0G0F0E0N0F0G0M0O0P0Q0R0P0K030J0L0V0M0O0F0U0W0TAX0CHJ5p0LBy
g1_Ib2nvmy8Q0LwUcyRKklzs6KWHDE3qMa9H_vDIc6ysnI	pathagon-rules-v1	7	14	3	196	0P0O0V0H0I0W0c0d0b0U0N0V0O0U0V0G0B0N0A090H0a0T0M0U0T0F080G0F0N0C0J0Q0X0J0W0e010X1a018U092N0A020B2O1e3s9_38094f0B3t0A1Y092K5P0r000B0o342M3t040o092J361b010s0A3A1c4f015N1f352M0p0A1Y6909020s3x9G344f2O3t5R3A4f0A3w5R3A8U4e3w5R0A2P0B3w9G5Q024g2O3A023w2M5R8T4i393u0A1c0B5S7m3s8T385Q4i2O0A385Q4e093u042O0A380t4f023w5R0A2P0C3w020C2M1a8S04363u1c092M4e3s0A020B1d5O2P8T38094f2O3t04340B2K3t0q041a3s38095S0B
g1_Ib3-vV2z-NvuCBM1CI9c5sVgzJ_SZA8qgYekqllMH5Q	pathagon-rules-v1	7	14	3	196	0Q0J0I0P0O0H0P0I0C0B0J0A0N0G090M0G0F080G0V0U0T0N0U0W0X0P0W0O0d0c0b0V0c0a0e0T000U01Hf03090M020r2O3A0F05801b8S029C2Q1a350q3r2N1a350q002N1a4d05360q004g2O361b010r2J361b3s0r2J364f051a3s0r00390q001a0o340B2K3t0q041a3s34032K4e0r0500381b2K0p3r381b084g2O366y084g2O360q01002N36030o342M02042K360q081a3s34092K020q081a01384f051a3s040B2J1a359F0s2J3t381b082N0p35CJ3r2N1a350q0F2N1Y366w3u0r2J1a0B3s0q2J4e1c050B
g1_Ib5ONcpmN_brXh2XOKVCiImDvaK1I7N_7O47ayKAhjc	pathagon-rules-v1	7	14	3	19	010j0g0P0M0N0O0G0E0A080h0F0e0Z0N0L0W0S
g1_Ib79o8gVLuQJhtmhX9gdvLjtuKrDt9j3yu_o0UzGYTI	pathagon-rules-v1	7	14	3	56	0P0207010G0N09080F0M000F0O0H0A0G0H09030I0B0H0I040E030L0A050C0J0B0C0Q061l012V023N030I047D0885099e0y001i0I2K0H361E
g1_IbKFgyuWhTmpqL4giDgJaLn37xppNenwSUxfnJYAzMI	pathagon-rules-v1	7	14	3	177	0D03060h0i0V0b0O0c0U0N0a0U0T0M0U0j0C05040B0A0C0H0I0G0F0N0P090W0dPH354e035O390q3r224d380q081Y3s360J0o6v2M9E0B0o342M7i098S38087j0s3r1c010B0q0AHd3t1c0M352M0B4e0r34032K360q051Y4d36090k3s2M7i0r1Y352M3t0r1Y352M3w0p1Y354f2N0p1Y353u2N0p23353r2MEb0I9D382jNn1b3s0r2J361b3s0r2J36Kk0U0p3r1cEa2O0p341b3sIc0N0F0r0U0Q2J1a0I3s0q2JDu1a354f5R0s0N2J1a35CJ0r2JUF360c0K0V2KKD
g1_IbKXMOIlatuHKo4AdZvD7qLIy5Nuluv0IK5yifUi0WI	pathagon-rules-v1	7	14	3	47	0F0B060X0M0c07020O0Y0D0I0U000W0S0J080f0m0k0b0g090j0R0K0d0Q1P5wLcCy0HX7EMGA2uOE0g067EHeVTabbn1x
g1_IbKdxP0AcZwuMXGPIMiMk4FV7MePJ34Hv0ZYtHgDsmg	pathagon-rules-v1	7	14	3	84	0T0Y0D0A0b0X0Q020J0L090a0C0S0U0B0f0N0O0H0k0h0I0j0F030E0c0e01JpZENZHJWbE87xIt0G2_ac0mBdbgM91V0LSi0l9g0O8q04OGV80dEL0EHS0PL30HFk0J0P0jCYYY06EY0fRY0X8F5x0UJr0bSPI_0L3gVW0S
g1_IbLzFDq7GGGqmmQSGKHmPhjAAvUr5MU2u7eMM2BpvkM	pathagon-rules-v1	7	14	3	41	0U0Q010l0A0X0E0j0F02060g0e050b0Y000I0B0J0M030h0c090V0O040DFa0kQMTo0fJc4_ICXJAr2q0M
g1_IbqOFoh2NgFxmmBatYfG_PX_KEGfAVk12kQSW731Fkw	pathagon-rules-v1	7	14	3	196	080F0h0a0T0H0V0c0C0m0D0U0B0e0b0j0O0G030k0A0i0l0b0a0Q0X0E040g0N0HbR0MBTYZXnUJ0fCa9X0Y0RE15909HIK-Rn0HLmREBG0DGkbyRZBGWULfbyRSGdBU0Q0c4OXGMtBxRoHP07MYXN0MC90TMycCXdalbU0aZCcEal0ibUZzcE0PalbU0WZCcEahAhbWZzZAahcFbWZzZAahJU0OblbCHPS_0aMm0cXNC9Rv6hMRXNHWRvC2MRXNHWRv7B0M0PYQ0N0d0O0cXcZ73maiYQ0HZA0B0c0d0A0cZnXcC9MvSH0HakZBZw0cbRaiZB0iXgZ-ai0abU0iZzcEalZBbSZzcEalZBbSZzbcai0cYQ67bSUcZvcE0cbUZCZwYP0d
g1_IbqlVsYMknKXGrYbAskzjoit8glNDAArr9OidWlJ_Sg	pathagon-rules-v1	7	14	3	76	0X0P0f0H0L050J080b04030A0e0E0k0N0I0g070G0S0B0a0h0K0c00010Y020EDSQO9lG4M9TCSGQsIXWd79GNKD0KDXGq2k3h1xSw0Q5zLA0U91bxP10VFi0a55Bv0Jay0XVAKZ0d06LHJu0ZPE0e4b
g1_IbxzZoHj-nEAlE-czCwYUGpC3AgvwizIIi0Hivhm-_Y	pathagon-rules-v1	7	14	3	55	0e0c0J0Y0j0C0M0G0A0X0L0f0K0a0U010709000m0P0S040I0W0i0D0N0qMd00Sq0JcF0S290B0j3S08FZ0T0WWwCdQhJC8DIH0RIs0XPq0b3I
g1_Iby6t2Qzorr4OGf97IAxLi5uDuOMsJw6gvo_qlqR_PQ	pathagon-rules-v1	7	14	3	33	0G09020N090M0a0O0H0P0A0L0I0Q0W0V0P0X0U0R0W0d0V0b0h0N0c0O0U0P0N0b0T
g1_Ic3P4hDlqEgLdeC-bm1YzDxgthOBrTNu6TaHqDlfCO0	pathagon-rules-v1	7	14	3	42	0O0H0N0G090A0G0B0V0U0T0I0U0P0M0W0Q0J0P0C0X0F0W0G08040F03050201094c051e010-0K5o06B2Do
g1_IcKE5VkWpXNQLc1UPbWTWyx4CArt7tz9gx58YkuagiY	pathagon-rules-v1	7	14	3	41	0B0b0E0S0Y0Z0d0k0302070D0G0g0h0T0J0l0c0M0C0I0W0F0j0Q0f0aUG086f09QuNcWsTZ3RRu9U6wC5
g1_IcLNyHLNTdet-3Sr-oBOUpGGcRhNWA_sgZuzqJLGSx4	pathagon-rules-v1	7	14	3	71	0g0H0W0l070O0B080V0Q0J0G0m0d0h00010j0b0I0T0C0a0i0k0J050X0P0Nb_0eSf06PZ0c037S555P0J0tNdJD0R0A0ORva40YWMDb0FQd0dZB6tHc078-V50ULo0aKM0fP34aJ9OM4k
g1_IcNaEi6A7ytR6LSnamQ0Jx7xJWxYVguLtSq1cSYA06E	pathagon-rules-v1	7	14	3	27	0J0i030g0h070C05040Q020L0B0M010N090O0G0P0U0R0N0a0T0V0a
g1_IcNlJY_bTIYgHB0ZzXhtxJG8UhpEktEZPjX6k5mdIPw	pathagon-rules-v1	7	14	3	63	050m0X0F0b000Z0L0S070l0a0c0j0J0R0Y010k0g04030f0C0N0A080D4s6p3-CKMZLgR-AqTB0F0IHYU4490WSo0VXKWjCT820RRQGU0BBZ0ELUBa3G0HAv030E4m
g1_IcPjUpgRV0IEQglZUy4r9TeopXguZyHiWaStvtxyTEI	pathagon-rules-v1	7	14	3	54	0f0N070C0W0P0L0M0X0h0A0I0b060E0J0O080Z0S0g0V0U0H0c0Y0Q046X0k8c01TL029u03SHAbKtFTCh0GWnW8LX5XNsI60Jas0a7lXU00
g1_IcaFmGLWzGAsgO89gXW05rywo2gsCOy-d73omMhdI-A	pathagon-rules-v1	7	14	3	37	0S0J0e0i0m0O0f0E0D0j0Q0k0A0I0G020V030b000L0d0Y0a0X0C0N0RKn2v0lVD0B0H0K0V9d
g1_IccFma1bTK75U1cMqUQwKQXtij6dRtbjjeMaihaB1zc	pathagon-rules-v1	7	14	3	36	02040R0D0I030F0g0M0E0a090Z0H0b010l0U0T0C0m060A0O0e0S0Y0Z055q0N0B0KMF0f7g
g1_Icx2UMsI_Sxl58M6Y13VYZ0-y1craWzjTK4Af6zpALs	pathagon-rules-v1	7	14	3	167	0Z0F0E0C0d0X0J0R0g0L090204060H000T0f0N0G0c0l080M0Q03010D0bWU733iBn1TKoHK0OGG0kNo4HYb24Cv0WB3FO0V0UVU0iLW6N00Dp0RU008JG0YEv4z0ILa6UH607Or090KaLIc0ODI0F450cRA0eQO0Q2U0F08YX0iCRIh0PH8Ve0MMN0mCXGA02c50jAh0THh0jbG0NC00LEi0RWL0fQAN-0dT_070Aa7JP0M0l3-0F0m0eHlIS0A2M0U1i650SPe0P9S0QaH0DNz0VUp0k4waB0kLlFIVh0hWLT2HEBz4I0YBCbL0e7NEv0lOtZW0Haq0A
g1_Icxrp4fQSwFsWfcruPf7Je5yyQQY2S4R7QoloAg0RFo	pathagon-rules-v1	7	14	3	38	0S020I0X0m0L0O0N070C0F0V0G0l0J0j0Z040B0T0K0P0E010M0O0c090e0805060W006pN3Rr6y
g1_IdBdyJU3fAyfDu3pVns_utO7fnaqDbNOfnfyDpums94	pathagon-rules-v1	7	14	3	196	0C0k050302010D0604020B0A09080A00070K080D0J0I0H0J0G0F0E080F0P0Q0O0J0N0I0M0R0F4A0r001d0o2J6A3B8U0x000H090G0A3y0r4c1d5O2P0p00090u1Y352M020A1b0o2J6x4k1d0o00360q004g0s341b01040v2J1a4d050p4c1d6w2R0p341b3s2N0p344f3w6z081d0o34032K360q001a0o3r045s3s0r6v2P1a350q3r2N1a350q08C41Y2K6x080o0U2J361b4d0r2J361b3s0r2J361b5O0s08341b4d0E0r2J1a083s0c2M0p1Y9D382M0p083r0B2K020q081Y6w36080o0T2JEb1bA10I080o0J7j0C1Y
g1_IdCFtuT1gFgSiP5iR5cWFQeOep-tinVeKSB-XF5_mQc	pathagon-rules-v1	7	14	3	40	0V0a080C0A0N0f0W0l0J0X0M0I0b0U0Q060K0h0F00090H0i050T0k0Eb90WWBHtYJ0e07APKfNNOH82
g1_IdDiakaZKJuxH3OvoS5SRcADa_BffbQXhXk57t9mol8	pathagon-rules-v1	7	14	3	76	0L0K060F0l0W0B0g010Z020P0i0M0j0c0m0e000A0k0Y03070H0h0A0SYh0J9r0U3FFcWnKK1G0O5k0PC00CaI0f28058_0G0kAF07S40eK80QWT0P0R0b0ISX0fL20iKF0Mbg0mIx0Ob70laO0k0H0j
g1_IdVHMsS2mNXi-PNNGDf_rYNolTjceHSHcGTNlkeHU-0	pathagon-rules-v1	7	14	3	55	0F010T000b02050C0H03040B0I0A0B0O0P0Q0H090P0W0G0N0M0L0V0U0M0O0V0c0H0a0P3K0V0U0O0S0d0e0b8o0VAT0d0E0W0c0XC60k0V0d
g1_Iddhs6Nxjx-nXUkqiDfpkIG-lra5qjUOp6Y0VWdvFaQ	pathagon-rules-v1	7	14	3	34	0V0O0c0H0j0A0N0M0G0N09080F090U0G0T0B0M0E0I0F0P0W0d0J0W0K0I0b0a0Q040P
g1_IdgYlQA9jTUnbR6qgKYbjnEYOxS9OIIHy8XYnWP6NP8	pathagon-rules-v1	7	14	3	196	08010F090G020N0M0U0T0H0A0O0V030U0A0B090I0P0W040P00070E0L070S0Z0a0s003x0r002M4e050o4c2O3603014g0s5N1e6907025b1R68RhC2X9HW6T07Bb0M3w0r5N6E0E3w0r5N1e013w0r5N074d3w0r9I3403074g0s5N1e3s040p5N1e4d2O025R0t4c1d3s0B364f1c012M023w5R0B2M4e0b013w0r0U2M4e1Y693y2N0s02382M4e00030uWx0c01Ty3x6C0z4c5S07380q4c6D07382M4e0V03A23x0r340U2K070p3u1c015Q003w0r3A1b4c01071a0o34032K5P0s3403694i0s3r1c014f5S3x0r34032K36
g1_Idl1tN8qu_qzgd469FE-yr3zmn3bJyQeTVFSQXp6d1Q	pathagon-rules-v1	7	14	3	44	0X0Q0c0B0m030F0N0j090U0h0J0a0D0T0A0R0O0d0e0I0Z00020l0L0SQJ0QA-0bZb0WT-0V0X0KcD0Y0DLz0I1F
g1_IdlguLh2sjBggiNxGda4ZUC7WzvzBmz7VQlXM_MZGN0	pathagon-rules-v1	7	14	3	67	030h0R0d0Z0S0Q050b0V0g080f0J0K0k0I0m0e0D0X0U0G0a090C0106Eg0lV_0j0N0MIrAED1ZWXIID0ME51M0P204nLJ5XTmFqVfa705F5090102Um0aPQ4c052YMRO40U3I
g1_IdnOWsVCjwyYgIWq52zRvQRzR3_fSzaYpxaTKqHKOXo	pathagon-rules-v1	7	14	3	51	0Y06010F0807090G0g0H0N0M0G0O030N0U0T0N0V0S0E0U0Z0L0T0W0M0P0I0N0X0U0M000O0W0N0B0Q0A04O80I0U0BXI0TKV0M1T
g1_IdnrcZvcm11FQ-48hu80vB8mGdKwW3y3d6_RE9zgQkQ	pathagon-rules-v1	7	14	3	76	0i0a0c0U0Q0P04030m0F0W0V0Y0G0d0B0A0b080N0h060j0D0I0J0f050e0LR70BEi0kZdHC70Td043P47O0KpQnF4Hf0M030WbDKI0F0A090M0N0A0H0M0F0C0AU-0N045g060jbp0M750DJY0B0d2V
g1_IdqGHVSWN5i26Ck8Xp8RgNVsm2SWQ2ibXQKX4JGFfV8	pathagon-rules-v1	7	14	3	196	0F080E070G09010208000N010M0L030E0A0H090O040B0I0P0H0B050I0C0J0B0Q060D5h0651050S5ZGB0K3w0r002M0B1a0o3403014g0s5N1e352M024g053F2M024g5S3A033w385Q061a01385Q061a0o34032K360q0T1Y5O36030o4c2P3w1c015P053u4g2O023A0r4f2O5P3x384f051Y6936030o342M3t04015S0t3r1c015S03071e4d0s025R1Y4d05364f3w0r1e342K3t040o3r2M4e050o342M4e050o4c2N36030o342M6A050o030U4g1d352J3t4f1c015S0t3u1c015S1e3s2J4e381b0o2J3t381b0o2J9E
g1_Ie2R4I-Ka8QKFdITL9roEnyd3XuSJqcaK5zn7tTO41k	pathagon-rules-v1	7	14	3	55	060U0H0K0A0l0d0m0F0i02080S0W0f000T0Y0C0O070k0I0j0c0D0Q0E0d7U0eRE0V04VS0P0fBaUnBG0GaP92ZO3iYm0fKU5u0gEc0hQlFr0O
g1_Ie6Dw4sTtLCyZH34Y89OVTPiHVs7FF8_4XYTB6zerwc	pathagon-rules-v1	7	14	3	196	000L01060k0d080D070E0F0M0c0j0K02090G0N0F090S0G0T0U0b0a0c0i0V0b0U0j0W0O2M0p5N0P381b0o0A3r381b2K0p3z340H2K0I0p7j1YDp0H0J0p0O0G0H2J1aAl380q0N0B3r1aJA380q0U0O3t1c0N3F2M3sCK9R0B8R361o3s0q2JCI1c3J0o2s3rK01aT70q5a2NDo361b3s0r0b3T1b462JCH360F0oCO2JE11a6w0qCG2N1a350q3r2N1a3J0o3r2MCI0F0o342aOZ1a0o0V0QFK1aDp380q0cGO3r1aGt380q0H1a3r35DM0G0q2NJB1Y353u2h0p1i35Dr2JJy1c350q2J3t1c350q2J3w1a350q4gD60P340H2K
g1_Ie9Ekfr3kZUR8vaF8wWg9ofZrTAp98H2PemBvo6Obsc	pathagon-rules-v1	7	14	3	144	0V0g0P0G0X0I090005010T0Q0H0R070S0B060E0M0k020l0C0d0m0L080K0A0bXV0eAVTHL2GoLe0h745GI5Y90bap09PB0ZN87y0V5W0K1H0fR40QMh0XF50l9j0f9zbB0BLD2H05DfRF0AWjQ3Zt083HONWh7J0aTVae0Y0XcF0J0eMs0mC60cQd0eWh8r0Aap0I9SXa0Y0X0gYRRR6d0OTc0Q0i280hEB0b3h0HLBYy06Ry880fa7Jg0Y0e2q0Q02FrP_0j32QX02Vn0cZT0jSM0i0B1S
g1_IeCVQyHTSwy60sYKttvsHrLUgV2VnBLpfkrPdL4tYx4	pathagon-rules-v1	7	14	3	95	0O000M0K0a04090W0E0f0F020e0h0k070P0i060j0Y0T0V0X0A0Q0H0C0bYA0d0Z0DQ7aaGaR5Wc8x2-F702TMOOC42g850U02AY0J4M0B56DR0KEO0aI8OH0AZW0HTV0VYx03Xy0iWb0XS30gDK0O0HYp0V0TQt0O0iJe0mXc0QAt0YQc0g0U4W65G32R
g1_IeEJC8PJ7CZ5uyMTwCP8SayK6eTajMu0zt1hGk-XkN4	pathagon-rules-v1	7	14	3	184	0I050c07030P0B0m0W0V0e0d0J0Z0L0N010P0A0b0K0C0W0c0j040U0k0i0T0l0V0k0Gb60dHE0f080Q0P0F0eS50HCdZa0WGSNDaD6T70CG1-0JBq0_68D8MEBX0Y3u1c4d0s2J3t384f1d2P423O0R0J0Y5a06Yf4gAp5QGB3t4g395Q2P3t4d385Q051a3s384f051a0o34032K6A0t4c052K5P0t0D1dAl5N2P4e050o5N2P02050o342M3t040o342M020j0r0K2M5P3s04343x1l4g0s5QAq3t4g395Q2P424gA20C04bqBSZz0D0eBU0CaC0Ubj5d06O6H50U5dIjHrVsCi0eBqNXMtWcH4Fn
g1_IeICclZPVy-ArvELtMR5yrKt1KkPxlML15W1iKuQewM	pathagon-rules-v1	7	14	3	14	01080W0B060D030A0h070e0C0c09
g1_IeKNnBPC3qcNkvXAksEExMm6F0r84nm5iSxjD_bsPFI	pathagon-rules-v1	7	14	3	34	000E090G0b020F08010M080H090N0d0I0L0S0T0U0C0T0M0L070i0X0J0Q050J0K030J
g1_IeUBkhZeFrbb4M_7UcXdZEob27Iyx-QcWRThOHCaEhI	pathagon-rules-v1	7	14	3	77	0D0c0B0J0O02090H0C0U0P0L0R0Y0h070d0m0V0G010k0I0K0j0b0F0E090e08Gs0Za20Q0XF3TYJJVnZW2gLO3JP_BX01QB05O20bDJKL0QaO0U1q0G8l0W0XIo0J0eAc08Fj0NTI0LF5Jp0iMV9i77KW
g1_Iec_PE42D9clQ_V-SmE2N6uEebFG9IdBqxajJXTptSk	pathagon-rules-v1	7	14	3	61	0d0W0m050D0X0E020k080Z04030K0a0C0I0U0b0c0Y0A0l070N0e0R06000UBy0S0M0QaDKoEa0K0iNySHPqBg7NYoA_LqNy9Q0fQwS30UQV0Q8vbJ09IqAf0g
g1_If1VlHeUarh3XkAWZ11nq_eQAtH8t7jstI06B33avVE	pathagon-rules-v1	7	14	3	62	0J0P0W0e0L0T0l0I0k0V0b0M0d0S06030N0F0C0407090c0R0U080O0GOH0Z6Y0Vai0BIkEm0a05SXCn0FLmTN0UFv3r5UVmKr04T70hDw0kJNRc0IOXasO20RAw
g1_IfBKtTP4BJeB_VbML5AotCjmsoupWtT290ZXeeTC9mE	pathagon-rules-v1	7	14	3	63	0f0j0P0U0B0M0F0A0T0h0Q0C040608010m0X0E0R0d020e0i0k0J0l0L000aLC0gWH1u0YZp6-Lu4CFpVa5fKW8k6EMjb4SS0RHq1A0j0I0cIu0e0fUH0cVw0J0Z4g
g1_IfTPHP3-QM4Ko5jKxY0c50rahZR547tlGIqS9WVX39w	pathagon-rules-v1	7	14	3	47	000F0703080h0E01020U010k080C040H0305060G09050A0B0I0N0B0O0D0M5i0C0t0TAp0V5a06520P4L0aB70b2CIb2s
g1_IfbSMHx45wykbwzTtansPDBu1yD2_ywhzVgmu4OTieE	pathagon-rules-v1	7	14	3	24	0f0e050Y0k0Q0I0B0T0A030X0M0D09080R070a0J0m090N0C
g1_IfbXQOoB_va0T3Hg2ynNfLsnKLSBgLhjg_E5XlN6evo	pathagon-rules-v1	7	14	3	39	03020k0T000b0D010H060g0R0Q0B0G0F0j0i0f0Z0P0m0L0V0M0I0e0Y0E0fArTrI7Z40bElTY053d
g1_IfhV2HYQJTONm6HhpXrNfTkE_N-J9FmujcsAFSALbyQ	pathagon-rules-v1	7	14	3	83	0F0g0J0L03080a0h0l0T09020a0W0e0H0X0b000O0m0c0Z0G0D0R01050Q060P09CzXtRx0F1mTD0fHLbL4oJ_0P0LPPAlK8Zr0CFO880cM70J0PH80Q4L0a1xNM0SSkE-XTFc0k140PEmCa0B5n0R0NMQ0YTO0K0PJL04
g1_Ifv-TbOXZUZ9PQ329Q7KRzVgpDHy-XhzBSbhScEO214	pathagon-rules-v1	7	14	3	32	0D060g0h0P0O000C0j020L0a0F05040l0M0K0k0J0N0S0d010i030I040Q070B08
g1_IgIlNH2sxvkQB2QN0Q6yeG-J3EHoFb_TEBQOhXCidI0	pathagon-rules-v1	7	14	3	39	0k0Q0T0V0h0I0m030A0W0i000C0d0b0c0N0l0f080U0R040Z0L0M070YNeKs4PEq0GSH0I05WJ0X6A
g1_IgL9-GeQV9Vfr3iviGgajDQXj54QvoVg_nMV06EWsCg	pathagon-rules-v1	7	14	3	62	0g050m0X070K0G0d0c040i0Q0S0M0b0I0C0A0E030N0l0k0P0Y0a0e0jIQ0LYm0UVn8w0i0H09G-YwEIAO3dNF0c0F4n2uTtE90TBz06FL0jDj0T0HI5D_0fIW1P
g1_IgdVmNE4Q9jCnypXbiFu37RLNzejxv6Z2ypdzM7Esh4	pathagon-rules-v1	5	8	3	18	0L030H020K01000408070609070N050F1100
g1_IgfKkRQLBeHP-E7l_D1oF1mGMvvKj-Df17llxp6WEUY	pathagon-rules-v1	7	14	3	46	02010P0E06000A0G0H0D0e050T0N0m030I0F0j0O0U0K0M020Z09080B0409E70d5t0aZg0H0BS-0FGg0A050UUiRgBh
g1_IgkcSyJxU8kzkXUQN3al8a9SwN-sZXYXwrCs4bevuGQ	pathagon-rules-v1	7	14	3	60	090h0i0Z0V060Q0E0T0f000I0O0W0j080H0m050P0R0J0B0K0D0g0e01JD0A0cWcZbC63t0K0kGC9W77VYPX0e032pbm8JDe0jEd0lS20m6e0XFPYy091H08
g1_IgntTY7Ufj-E1v_QhbmI7oGVFQgI7V3HWMJGiINOrWY	pathagon-rules-v1	7	14	3	17	0l0N0Q0X050S0W0C0P0V0J0W0C0Y0e0U0X
g1_IgpIr0Eb8JziUWwPkV3Du2aU6PP31yZwMB342FaTqiA	pathagon-rules-v1	7	14	3	22	070m0g0L0M0N0O0E0M00010203010A040H0305060B05
g1_Igu1cXUC-JWPIFAHdof48oVMJZAdjSnIMKwwSuh6TOo	pathagon-rules-v1	7	14	3	41	0G020T01040B0A090E0N0A00030H0G0F080C090G07090I0J0A0D090L0M0a0F0I0U0b0B0Z0U1G0i0O0b
g1_Ih5GBMlJC84rMCw16HWlTY-2jzJrHmafG5p-aSxTbYc	pathagon-rules-v1	7	14	3	66	0D0Z050F090h0Q0U0f040I0Y0T030X0V010E0b0C0d0608000l0J0k0M0N0RVII702Y8BFLrN84RTj5x7k0U2UOx07Pc7ALs21Mj0b020V0OTd0G6H0UQV0RWc0WP3Pd0i18
g1_Ih9BozANS_6uhHhYQ4MjayF5Wdkf_X-28pcH3CnYu2k	pathagon-rules-v1	5	8	3	86	02030108040L030700060N09050F0E0D3-044-0C0s3r7kAtBi0B3z7k1m0o34032K3tBZCQ4s393u040p3r3Q4f1p0o04363u1qAl0D368U0E5NBd3A2M0p1m5O3A0304083y04Bh40041k012Q0206006y3z9G2S360q0E023w
g1_IhCWcuLliKeLg6oDzhSkhmNEaSTL38BkrHimzgCKzig	pathagon-rules-v1	7	14	3	18	0F08070001020N0108030E040M0D0H05060C
g1_IhCyePdyjFliaJd-OVq56cErE3w-FpCToTcDWiHBtVg	pathagon-rules-v1	7	14	3	50	0B020g0Z070d080A0h010G0F0C0M090J0L080H0E0I0R0O0A0N0j0X090M0Q050PHaZqXZV8QF7m9W09a20X4gC6397gDz5x4V2u
g1_IhO12c9HnngEEqIhiYCavaXbCd0p_0Amq3UEq60-ZwQ	pathagon-rules-v1	7	14	3	32	040k0j0I0D0L0m0M0F0g0T010X0N0Y0O0K0S0b0V0i0l0H0J0f0R070ME00P6A1y
g1_IhXFwYMxLFrUe_-3qd47aadlbqguOrw0MrF23rZTcAY	pathagon-rules-v1	7	14	3	45	0m0H0X0e0B090b020k0V0C0S07000D0K0Z0A0a08010L0f0U0h050j0i0JEOZp7u0l0Rba07AC093M8CCu1EY6M31c
g1_IhgD4MMPiFKYdJlu7uiR-vzXadca_FhDKwg9RJFOr3w	pathagon-rules-v1	7	14	3	34	040U0V0I0H0Q0N0R030C0E0e0Z0b0P0O0J0M0T0a0W070X0P0Q0K0m0I0g0J0B0L0A0N
g1_IhozOoSTuKkYY35cMesFlFRPKD_mLxs4fY8xE1fSngE	pathagon-rules-v1	7	14	3	24	040I070E0O000L0S0l0K0m0J0i0H0c0V080j0X0h0Y0G0D0F
g1_IiF8KynN-gIr7FMjI2-KyG1IZJz2giKYzsjGxs4pAic	pathagon-rules-v1	7	14	3	21	0h02000b0a0k0T06070F0E0Z0M0a0L0S0U0g0i010b
g1_IiIKYkOZFkZovEusH4DtoevlQK_TanHgevpMRHq2fi4	pathagon-rules-v1	7	14	3	22	0i0h0b0a0j0c0g0Z0h0b0k0d0l0e0C0m0f0Y0X0W0e0X
g1_IiKIVvE_wb2Jkm95dB7UhpgeuKsoquY-WX5TOuPn7Jo	pathagon-rules-v1	7	14	3	50	0A030H0O0N0G09020G040P0I0O0B0V0W0U0P050C0J0Q0I0C0X0J0W060P050D0K0R0D0Q0Y0M0RHe087g09073E6B071a0A0o09
g1_IiOaPtCae1iGRG8zg9HvWnfRXxyvOSqRjNDYgYye6rg	pathagon-rules-v1	7	14	3	40	0g0L010M0B040I0E0302070T0i03000S0Z0X0a0l0e0h0F0N05080a0U0F0b083x04YEYdO8CT2pSHBt
g1_IiSbK1i3iX2ES9MDojMm4yDwkiht8SkC2V17G9d6jTQ	pathagon-rules-v1	7	14	3	92	0j0k0l0b0i070V030c0X0T0k0a0C050J0K0h0b0Z0d060U0S0g0Y0M0eGG0DUo0dHx0ha_MsO0RE0UXyE4WWUGa30QV_8WM4CmQQ0N0VXA0OIf0X0A6Y0W0P0V0W0c0OCa0h4vR_050K4zXyFP5j0JDD0NGB0JApOY5O0V02ImHxD_0H0CDu0YG5
g1_IiV3BiBOQDAV-b2BBSI1yzhiUyzhE078QNE58zvwl9E	pathagon-rules-v1	7	14	3	91	0Q0J000I0U05090F0H0Y0B0P010X020A0Q0C0O0B0i0P030f060A0c0G0l0T0H0e07042tQP0ZFSUO0A0VNhP67dSEWVZ8RZ0J0O0IH46TK70u0HH4aK6a0P0VbsMX0IBiH41uZZ0WIp0Y0Q0RHT0J0WO9VDXYC20NTgXr0U0GRw0V0N3nOFDf
g1_IidBZL3aeC4CkeIOpl_aLWQlhfbWzbK2TlxAcLWERmU	pathagon-rules-v1	7	14	3	16	0B0i04030l060I020J05010408000F01
g1_IikbCeoBEmMkMehwtjxAZynpGWVU6wRTD4U6tMUnZn4	pathagon-rules-v1	7	14	3	42	01080F0M0a080H0F030A0U0T0b09020G0P0N0O0V0I0U0W0B040c0B0d0g0C050B0Z7Q08A4008CX19i426M
g1_IiqG8mI-YMaSkRUdCCptZi7TXhdm4FJ2_xpc3sLhHog	pathagon-rules-v1	7	14	3	84	020c0U05070g0X0H0D0R0Y0J060M0e080A090T010K0I030F0f0W0P0d380kRY0b6hTY0V0hBR0N8_0Db0030Y0lVkEORR7GGbCe0mV200bL0PLE0HY60V0kEG0PZb0OH002120BVj0RNW0DGESB0ET67s0K5YKm0aEd0iAq
g1_IiqIMdMB_eUfNIipsjVHyr-ZqvsLU14aQZJsld40DkE	pathagon-rules-v1	7	14	3	49	0P010U0F0802000h090G0N090M0T0F0a0b0i070E0O0F0V080M0c0H0b0A030I1c0B2K020W01390q3r044i1d0o2Q5N0j025C
g1_IiyvhdNQ34MsUScHzC3Fm3Ai76V5S54zGgkaYlEG5Hk	pathagon-rules-v1	7	14	3	114	0g0f0e0805060G0j0h0W0S010J0l0U0F0M0N0A0D020C0i040V0k0b0H0d4N0ZCb0QPS8gIeTX1s0TZa015XMS06Vo03N79Q0TB00Da70W8g1j0AAt0mKH0OOm0A0VCc0Pbm0RGLOf0mPe0eN_010VBf0bbv0aWm0SDq0XVg0I5t0DUOYh0jKx05K30HDG0P7w0iEv0JXa049sPHTCKELe4nXs0dWLZW0f74
g1_Ij6_i5z4yjE4oK00-jZJHoxYwJoxS8adG0DIY2KDYlI	pathagon-rules-v1	7	14	3	175	050T0407030X0I0B02060C0d0D0V0m0J0K0N0R0J0Q0O0J0P0j0W0S0I0b0FGF0ULj0cTk0M2r0XMV660BVD4Z005E0R0GNVcAMCRY1Tag0dZwcEYQ0QbT6t09VOWibPB9brR00dLmWbBG08GWQMR00XLmL6BG0TGWQMR00QLmL6BG0QGWKER007LmL6BG0PGWKER00PLm6EB9K7Gd5hM5B9RZGdWvM5c9RZbRWvZ7cDYS0PakZBcDTnXhafbUYRcCXhZ7bSYRcCXhZ7bSYRZvXe0bbUcGZ-0jakZycE0abUW8Z-0jakZycE0QbUYRZ-0jakZycE0XbUZCZ-0eakW7cE0ebUTr
g1_Ij89AgAPIWGPi1KJnSMMQk0oPIWs2990Tzv77mm44Jk	pathagon-rules-v1	7	14	3	76	0h0Z0U0f0i0W0a0d020Y05000g0l0R0T0b0m0e0N0k0X04090e0Q0B010c0OYj0K0d0j06KwU8ZO03CP63RtUv0N0A1-NyWQ4ibp0CQR5o0HB2R0LY050U0-5Z4iGA80TW09Vwb3K_Pi0Q0b0JLm0YB1
g1_IjClETwNazICb6gSbPEFBQgUkvLr7XXdBH3uxCokQo0	pathagon-rules-v1	7	14	3	65	0Z0V0S070J0W0L0E0k0c0R0a0M0Q0j0d0908040T0e0F0X0G0M0Q0P0I0Q0U0m0bFbSYbiCLaZ0PMS0T86TQKi0CI9FD1e00LX1Q0bGW0M0IQSF04sWK0O0N5YM80h0bZW
g1_IjI77aehS15bQJNoJ08fpzbFU5VMQB6MncK-kMXSe3s	pathagon-rules-v1	7	14	3	74	06070Y010h0g0b0H0W0m0C0T0D0a0N0408000E0V0K0c0L0O030Q0F0A0jLIY50UCL090hNKKL6W0Jb-PjVNAMILFxO6ZMbG0JNbJyT-0ZSTR30b3M0P2aJI0UOu0QTMF4KS0C8yGk0eOVaXBp1A
g1_IjQtWvuLiUZmE2KhlyQ9dRfF_jABUL6j91EYV4qh-U8	pathagon-rules-v1	7	14	3	48	0108070E0T000A02090G0F0M090a0F03010H080I0N0O0A0G0N0U0F0J0T0S0N0K0T0M0L180T000M1K0V0c0U2u0h0U013X
g1_IjU7kEj4J4sFKWCBzPmp85F21KSBPeYC8QyEpslf9ow	pathagon-rules-v1	7	14	3	70	0D030a0L0F0U0A0P0Y0h0e0b0S0E080V0X04010i0N0K0W0O0c0500060d0T0CPEIf5ARI0BQQKdAjNu0XSb05NAJkDGbq0I0N5gE80ATaXx1oEq0m8Y0GDwPJ0P0xBe0WZF0jYVNz0C
g1_IjX5EtDxxi47L2xSgVBxoCHEswyyiu8d9c5QLa07PMM	pathagon-rules-v1	7	14	3	31	0R0f0K0D0Q0Y060J0X0e0C0D0l0J0e050m0C0I0B0J0P0W0I0d0k040H050A0C
g1_IjXp4mxwOgApJEUs15dkQW5SEQU6fSirvhfDmTOs7v8	pathagon-rules-v1	7	14	3	90	0D0Q0W060c0l0T0C0S000N0F0J0P0G0a0R0Y070j0E0O0h0L0i0X0m0gAn0FNG0UMm0BIrL40Qb6NI9p02ZzDT0b0aQtL8AhFfOFG6X32S020JHl01KA0Q5vZ60KM40cFN0JVb0PKm0Q1h0NA5JA0BUm82Tbbt0H0APfSU0m6G020bGEYJ0R
g1_IjbNPfXGwZ6d_U1QZq5B8_fkluLCV9uxPphQeUhzsis	pathagon-rules-v1	7	14	3	54	0m0C0S0D0T060P0d0Z050j0f0l0W0I0Q0N0U0O0X0a08020Y0c0G040i0EWJbR0KBk5Y4G03SVBOZE7dM_9fMi3QM9PP0J7tcG0W0kBDFB0L
g1_Ijs9b2XS7FDw8d1KF-00ljkvPIIG4cqM_tiWob-hByA	pathagon-rules-v1	7	14	3	16	050K0E070U080C0J0L0I0Z090A0B0R0A
g1_IkC_1zNC1Kd1akZjaDFplCq2VrS7j9ibBe3JluqzRnc	pathagon-rules-v1	7	14	3	44	0N0G0D0J0Q0K0C0B0J0I0H0J0A090B0O0P0R0I0O0U0V0W0X0V0Q0O0Y02030405030C2K02340306041f010v00
g1_IkCmPj3SFZj56B5ToEPO3bRxmbJcP52rUAjJf3f_tP8	pathagon-rules-v1	7	14	3	65	0h0R0e0G060T0b0l0c0N07010F0K0M0D0O020i0g0N0A0d0k040X0W0j0Q03HiD9XiNYU92BTiB40e0SPQ0LEhZWIZ0jLCElUr0bJd0PV-Wr0HIJ8QS-4N0eTlLs0R0I15
g1_IkIz1st6G_JdqqJWzdggPOBPQzMow-GfKLyT6-wD5ec	pathagon-rules-v1	7	14	3	83	080I0g0S0N03000m0a0K0G0C090k0J040Y0A0h0e0E0D0V0F0f0U0d0cCE0ZWV8T85aOXJMRHC0BLzBM0L3LHIRhFPFGIY0I53090fZb0U820J6N050Q0VF80G9X0ZU00RBn0E070JEl0LVfXv0j15K00dKkQp0IOdJ60g
g1_IkMAzDaSXKeaZnRSSdochpvdX1NxEvcIBVT-CPif0R0	pathagon-rules-v1	7	14	3	24	0S0J0E0L0M0G070H000N0I0M0K0U040B0D0Y0W0V060X0J0W
g1_IkRR46yAci9EXMyA2clP_5gnPjAjQqCwvPAGKqBGGxg	pathagon-rules-v1	7	14	3	52	0X0U0O0B0403020I0H0A030P0A0N0G0O090V0W0Q0J0C0I0Q0P0B0J050Q01080F0M082J023A030s0T0C0M3r0B4g050B040u005V06
g1_IkdjMWqGmAoPmP2EnNO_M8GpsB6XD3raomxtBqvbP6A	pathagon-rules-v1	7	14	3	84	0R080b0709060O0U0W0S0L0Z0J0G0T0c0h0i0g0f000P0E010j0F070l0X0d050D120MW-AuBs0QM00mIcJ-0iRwH60N6d0IFw020KI00C1w00F10kWl0ebM0l5w06UI8C08DSKZ0ION0cMk5t0T1I00Ee03bK01B-bd0L6-
g1_IkfXFkuzLVuXnLf3aqhSKseUXAu4tHbTZ4-uVvlNtBI	pathagon-rules-v1	7	14	3	23	0h01000M0L0E070N0R0E0K0F0Y08090G0D0j06040f020m
g1_Ikme24YMLGpIzYrK4GzKmuuBVs73_oyZaQ7gyBKWOhg	pathagon-rules-v1	7	14	3	58	0F0G0E08010L0S080L07000M090F0N070G0M020F0T0U0V0O0H0N0U0O0N0A0M090H030O0ZBZ0E0q002O020A014V040Z038c0AMJ0S0C0L5a060I0s
g1_IkuQVXLYUblJhMhPr9q3pFCUSTTAHH3l3WdOlng-4Rs	pathagon-rules-v1	7	14	3	66	0R0W0b090e0M0C0h0N0G080k030X0S0c0B000A0F0m050H0K090O0P010L0J0l0U0COR8XGiLi4jTAQS0Z6VarPlD3HlAXFX3B0lVdUm5d0W6IJpSO7K2YJ5E6BD8z0f4m1P
g1_IkuqjhGguOSRdLNYL1iZVUh5wRqEq_QG25wRxa4e1As	pathagon-rules-v1	7	14	3	31	0Q0M0k0F0E0A0G0Y0R0j000f050P070K0i0F0Z0l0e0R0S0m0T0J0d020L010g
g1_IkvdBQl3HbJ01aTc13nnBjMjBFasgeyWMvDoULRz0Q0	pathagon-rules-v1	7	14	3	46	04070k050d0h0m0e080P0T010V0Q0N0i0Z0R0J0O0D0W0K090X0U0f0C0j00QK0Q020AV80dF790ZP0M0L83091R481v
g1_IlAe4Q1TDGHV9dMREE95rFweuiWoBtkYzESiUYj1X_A	pathagon-rules-v1	7	14	3	68	0d0N0b0I0V0W0e0U0h0Y0a0j0X0E030F0i0Q0S0Z080f0O0l090m020K0LGh3B0M2KISMc0HGvU7V_EkSNDlK7Cu0IaVTY3_V7Vo0GWX05PkPA0LYh0ZU90O6e0VAo0PDC0RPRIB
g1_IlE1W92Xx3o3ulQGy8oJylgQEybvRjtrZtLcvrRBdsk	pathagon-rules-v1	7	14	3	80	010m0U020S0P0E0H060j0d0J090A0h0I0V0K0M0Y0g0e0L0a0D070G0CHYZyXX8UC4c4UOGrYb6DB9S40LFY0DPhDa04OO07OmK90VEp0l4l0ibr1g01Oh0PHn0C9sDx0JBg0Y470mKyH9Ez0A7zMw0V99VZBM68
g1_IlFfd4Uw047zZIa2VWBt6QD4ZZlnVnUQmS6vPXhy7JA	pathagon-rules-v1	7	14	3	42	090G0F0E0H0A0F08030O0A070G090N0M0V0F0O0N0L0G0U0T0S0B0T0A0I040P020W030100050o002P0205
g1_IlMZxhBQZ_OidQNV6moRXn4NYaoBdOpclu7APustR0A	pathagon-rules-v1	7	14	3	69	0m080N0c0h0E0M030l0Q0G0V0P0j000O0i0a0K010X050J070f0Z0g0C0k0dI70HFM0RQV0SD50jN10dIbBqYZ0QPgMjbtVGbN0XXT0W5o0gK80SIF06BaXg0mMr01QK0iHaYm0M0z
g1_IlOxb3N1G202ore0a0Ni_PlxwZ7wqj6Px2kmXwByUwQ	pathagon-rules-v1	7	14	3	38	0a0S0g0W0M0m0E0D0l0k0C0b0Q0Y0h090H00060R0Z030l0I0c0J0F08020X0T182NLxT1Fo0Q3X
g1_IlcCjaRDUDPnuME2t-Xqo86_PiTs22ONhjD1Fns9ce8	pathagon-rules-v1	7	14	3	196	0l0a0b0e0d0c0V0O0d0b0N0M0P0N0W0V0U0X0V0Q0T0P0k0j0i0h0b0j0c0i0J0I0H0G0O0I0F0H0M080N09af0kIA0M0a78Ri7h02CG2M1aWy0F360q1c052M4e3s04363r1bXj2N0p391b3x2N4e395Q3x2N4e395N3u2K4e0r391b2P3t4g395Q2P3t4g395N2M0h4g0s3A033w385Q0C049_35Xl3r2N1a350q0J2N1a35YW3r2N1a350q0C2N1a35ZH3r2N1a350q0B2N1a35a23r2N1a350q0A2N1a358R032K360q0A023r1c4d2O0p341b3s2N0p341b0H2K0p348U1c2K0p0A3u1c2K8T0A3u042J1a0A3s0q2J8T1c350q
g1_Ilob9TzOxkAbTpMNX73DlD00LHGvTlwDNMMj8yHEuE4	pathagon-rules-v1	7	14	3	36	020A090E0H0O0m0F030801090G0H090G0N0M0G0N070008070L0P0I0B0H0I0A04050C040D
g1_Ilw_nhbE66omQetw3Ga-Y1F-qzT7PugZs7T6Gif6jDs	pathagon-rules-v1	7	14	3	196	0C0D0K0J0B0I0P0Q0I0R0J0K0Y0X0W060X050Q040f0e0d0m0e0l0k030A0H0O0ART0Y0V0fXc0cafbSYP0lXc0cZwbQYP0lZ8XdZybTYRZ8ahZy0cYPZ8ahUXZyYPZ8XdafZyYPZ8Xd9CZu0BcCaiZBVKYRZvaiZBbS0d350p3ra21c2K0p0c3r042K3t0q041a3s34032K9E0r340B03Xc1RZBUZ0CXcZuZAah0cXcZuZAUZ0cXcZuZA09YOXcZy640cYOa5Zy30Z8VKafZyYPZ8XdafZyYPZ834ahXfYRZ-0d0jWvcARZaXbU0e0j1WZvW60ebUZCZwYP0d0kZ8cBWsZ-YPagZBbSZzcEalZBbSZzcEalZB3rZwXe0ebS0fZu64ZB
g1_Ily0NlSufyQ2kjxxcXDO3P2NCCmwCtQ_2ac3IN0IbCY	pathagon-rules-v1	7	14	3	76	0X0C0V000g0A0O010B070K0I090m0E0Z0H04050d0R0Q0G0c0M060j0i0B0f0P0NQc0TBY08GgYgLySCDM3_0SVM0U0EPo6lHm9_Q9040J05Jz0G0A5m0R4DEX0iO00KZcbp0WKB0hVYX30mb6097N4v
g1_Im1eyEap_dcLb70R3IKUmOeCQsB_lFF8zkIZwJR0dGg	pathagon-rules-v1	7	14	3	183	080j0B0U0c010V0X0Q0g0Y0R00030H020W05040F0N0A0G0m0O0X0k0d090P0L0W0fX108bk135hUM2VWmQC0M0B0JNlDu0F020H0I0G3w0Q5R0q0B0C0A0JRV0H0j1a0I350U2J4l0b0G0c3t1b7k0H0T0q0IAp0A042P4pGx3t5R3A4f2O3t5R3A4f2O3s5R364f1d3x2N364f5S3x2N364f5O3w2N3A1b4e3w5R0H0G4i3wAo0I092O5Q8X3t4g395Q2P3t04355N2M3t0H0o342M9G4e0s1e42G90B0AAp5O9I2J4e1d5O0t2J4e1d5OZY0B091e0I3w0r0Ja05N0B0CGf1SZ72s0j0A0cSGWz
g1_ImC7WGgvCeSMMCdSed4pPvmcbBMSWpCDQTByY8ldqUU	pathagon-rules-v1	7	14	3	60	0k0K0D030C060Y0U090b050D080H0W0L0E0a0G0A0F040Q0d0l0B0T050e8S07HI0fGe0AMt6K0M7y0haGVOBVYBPO3o0P66L80B09XN0C0ORA0B0OMjVb0d
g1_ImCW8_YakZk70p2m5Tl-iclrWz8fbkJBGTd7WGx-Ycc	pathagon-rules-v1	7	14	3	68	0D090F0P0h0J0W0d0Q0i0e0Y070m030G020g0j0U08050Z0T0W0k0f0M0hFf0I0E0HHj01RPEx8NE8516NNp3cbgHvX20bZQTp0XCl05RP0YJJQD0dHY0X830aAF0QMC0laGY40F
g1_ImNqBAFZP0Ewa1WfUmd68MUZzqfInsrN1IvipdN1RNc	pathagon-rules-v1	7	14	3	42	0a0Z0A0O030B0E0H0b0I0f0602090Y0A0G0N090e0F0C0407080k0U050J0N7F0dBpV5RE9x3nDw0H090iJK
g1_ImO7DQMWrpfW0QP1VJQlOmNRnP9-cP-7eYg8NyMz6Xw	pathagon-rules-v1	7	14	3	196	0W0d0V0c0P0O0H0V0I0B0A0b0U0N0V0U0O0G090J0Q0C0X0e0T0a0U0M0F0T0G080N0F01021Y017n2X16090M0A681fH40L0u0F0S0MMY0TBx0MHP0TMtT0SG0aXc0bZ7SuY80a680TWy6x0q081a0A35092J6x1b040A2K0p03091aME34032K360q081a7h34092K020q001a7h390q09020A1e4p2O095R083AAn3t0B5O342M041a0o34092K3t0q0A1a04353u2N094e0B1b092K0A36031Y6w09363u080r0A0B2O3A093w1c5Q024g0A010B1a05354c2M093t0A38092M020A0o3r2N391b0p0B4d3r2N091d0t3t0B4d5S
g1_ImQMX9sl9Z3IOCFuegyWo1hrMSvKnAKzJCh4H5ckiuc	pathagon-rules-v1	7	14	3	70	0O0h0b0W0A0U0Q0L0T0l010c0N04050H0f0M0e000R090i0E0D0V0G0m0B030JbeMAEPB7Tv0XYF9PPjTp3A0O6ILD84Nk0ca4MP08KiWT037eHV0aHpJK0WbOUq0QUU0O470eBZ0L8W
g1_ImY7JcdU6qtn79aSkS3OUpFxlaZTYmKg6TMxG7Yr8Us	pathagon-rules-v1	7	14	3	62	0P0F040Y0d080f0N0R0B0M060e070I0Y0H0V0Z0U0S0K0m0D0g030h0O0i0XDy02YCIZKbPDPeCqVs0eUv5S0k0E917CaZNmWE0kbia90kQE0W3FFGA00dFKPw0C
g1_ImZFLPUSNlwgsmYlA7JEt82K998TSkhbBV7flN-Hx7Q	pathagon-rules-v1	7	14	3	22	0Y0W0e0k0X0V0d0l0Q050P040W060O030c020V010j00
g1_Ima_ye7iwhncrbO-G_a5Vcm8OJOO_WTOFm3ZzJwFAp4	pathagon-rules-v1	7	14	3	93	0X0F0i0a0G04030L0Z000l09070h0d050S0B0D020f0R0j0K0T0M0b0Y0Q0e0T2nN1CjTGHD0aI70mRKVAXxbf0OWfVkBM0h0IO80kNO0H0XRBQW0fLxZa0TbK0XWX0T09KA024r019Y7V0C89NG0mHuRo08MM0LUE0J3K0Z92QH0MPX0WFh0A0Y1p
g1_Imul-QX4LVz0QIuAlHYvlc8AwLuV_5fNhbzKNlMR3DI	pathagon-rules-v1	7	14	3	68	090N0G0B0k0T07040D0O0Q0K0Y0i0U0c0F0X0N0m05000R020M0P0f0gHr060h0Z7lNH0VKM6YbYaH4YWM0HRQZp4vJoIwUdOF0cM90kEe040a4X0eTB0la8Uo0XQt0q0hYX0j7g
g1_InCumzw84Kcsb0N11UY4EMYz-LyrpDPbJTJ8VOhRnLM	pathagon-rules-v1	7	14	3	79	0I0J0K0S080l0g0i040T0a010Y000A0h0H0P070C020W0L0U0a0G050N0Z0b570d780VQSPwRoOmL3Y6ELNhBeYbHC0R0SAfJW0T6O7ERo0Z03O40a0h860kGM0Z0cUz0YMC8t0CRM0KU2a909ZM0BL3090d3P
g1_InQAS37wbTvNxF9fERiqmGdrJf1_jATFjWm48UBHxPg	pathagon-rules-v1	7	14	3	53	0l0V0W0j02080e0E0a0m090Q0H0i000G0b0501060Z040O0N0R0T0U0A0F0gJU0XLx0fPgQMSyIXVf0YRl4L2R5l0S0407069ZJt0h5L0a
g1_InRfLn7Q7o5VxVqfcglmaANdu1EgZ-Rb8j5Q1nc1-hU	pathagon-rules-v1	7	14	3	33	0h0H060Y0K0V0g0l0m0R0T020E0B0W0k0S0e0D0X0409000I070P0c0J0MG10abS44
g1_Ini1ly4sn4uraGt36dhDDcdL6lB149WgOjbWjyjmfkM	pathagon-rules-v1	7	14	3	99	0d0X04020O080a090A050j0Z0K0i0g0B0L0l0V0c0N0H0E0k0G00030f07Ys0RRwOj52GmUPBoIFX-0W0V0AXHVa0TQJIJ7SB00m6J0H3U0C0hEG0X2u06PS0e1501SB078q0WAO0cO108V2QW0VPsRG0Wbo0U0F0jEn0GEH0O0I6U0YPm9J0AK508Bk0HMN5Q0L1i
g1_InqSKi9Xq8rldFrSLXhFwFm5GHNWEt9Ael8uB6fJjDA	pathagon-rules-v1	7	14	3	28	0k0E0c0F0h0M0X0K0D0U0R0Q080j0f0m0b0a0C0W0I0Y020X090V0G0N
g1_InzcG_C3CQARjjEm7z2WK3ZGr2vsxmOhF5tTQ68cvL0	pathagon-rules-v1	7	14	3	26	080F0b0G0L0E090H07010E0008020B090A03090A04050I040C06
g1_IoBYgsLOBfMb8Ehy0eO94pTu7jIhegPqs1Piqqh4IgY	pathagon-rules-v1	7	14	3	14	0i0908070V080P0A030B000C0e0D
g1_IoGeBx9QdzvqrRl0N_0CMCDY-nBtMSD1wPellHXE2YA	pathagon-rules-v1	7	14	3	69	0Q000P0J0V0N0A0W0O0f0d0C0j0L0S030a0D0e0g0H0h0T070b0G0i04V601ZKHbYe6MTf4L9p0BMVWl0mXkOq0j8Z0WD_bMJg3c0VUL0XZg0jC20E9w0ASG04PQ0lOF0RTdcA0a4N
g1_IoJO_AVYbcfbdDgnwj3CknVZmRoYPLlwtE4ibjZ6M3o	pathagon-rules-v1	7	14	3	45	0k0j0i0d0W0T0d0j0P0I0H0h0c0V0O0c0i0U0j0b0a0N0M0G0N0H0T0O0F09080A0B040I03YZ0i6-085P354f3r2N
g1_IoMlIF9vKm5wMPhj02siWH0rysudovrdIP2iLnyJbYA	pathagon-rules-v1	7	14	3	47	0F080M0U0R0L0N030O0G0E070N0C0H0V0T0E0J0m0Q0G050X0I0g0d0l0P0F0A0W0e0c0C6V0icCZAXdF4YQ0M0d09as8P
g1_IoPii52xPzkb3E7BBirI2r9V-NXM_NroA2hFLj7u5AI	pathagon-rules-v1	7	14	3	16	07000c0E0Z0304050N020X010d040O06
g1_Iof7Tp5lzKy43ZJ8ZBougUQvYi_5IEp_R56zFPHUF-0	pathagon-rules-v1	7	14	3	102	0H0Q030g050C0P0j0M0U0m0l0d0i0N060J0D020G0Y0f070K0h0L0B0T0Z0aSAWg9CNM0NbJ1M0I01ZT0j0fTF0k0Gak7xGDHm0PDW0G08ScIk0O7G00bn5c0EJd0XKA0PbO0VXI0R0OUJ088H0J2U0W0INn0XG20QIS0d0lCF0gM50603b30b473G05VN0J0k5I012Vbg0E
g1_IojArXVy0TWu_jh2MWC2vMOmO823jsaQiJA-589RqQc	pathagon-rules-v1	7	14	3	83	050X0Y0U060V0N0O03040W0e0m0X0h00080M0T090f0j0W0I0k0Q0P0c0d0N0e0X0Z0W0lOJ0JFDSG0IVaKyRC0DYa0I0eE_6hXGYMMK0W0_Wx6aRhC20_Mt6a0GBqX9MK0Q0AAv0P473E9O0B0J8jSV0U0BHLUS040U5Y
g1_IokDmIO_YJEZ5H9psfHgXwuaBQVXOE--LGeTnrGyp8c	pathagon-rules-v1	7	14	3	28	0E0L0e0d0Q0l0Y0h030k0i0V0J0M0D0F0X0W0P0U0a0c040S0j0T090m
g1_IotPHT0WE5GxZhDd0zFD015Sf1w1gOqbnGztGS9TpQM	pathagon-rules-v1	7	14	3	28	0Y0i0h0k020H0G0Q0c0W0e0U060K0a0M010T0b0P0X0Z030L000J0f0V
g1_Ip4XBMKTEP7t0tEm1kkzXFBEGEBx27czfqaZ5RvoWC0	pathagon-rules-v1	7	14	3	42	0W020P0I0O0V0H0A090G0U0H0V0N090K0B030I0A0J0C0Q0B05040C0D0R0C0X060Y0501080F090834035O
g1_IpS78zF3qxCEtD9ZIciP1xHI5HEwINhacA8AosOK-F8	pathagon-rules-v1	7	14	3	196	0l0G0k030e0d0W0X0d0V0Q0c0W0X0j0W0P0O0W0N0H0U0I0J0b0Q0c0P0i0A0B0H090I0A0C0204053x0B38035S0B3x384f055O0A36031Y4d05360q094g0A390B3x1b4g050B385Q019I1Y352M5P0B1e0o0A025N1e9-4p0s5Z1eB24pAO5vGk0BMCAqWF9D2J5P4i1d3s040p3r1c095S0t3s7g2N5P090o4c2O3t040o4c2O02040o0B2J4e1d350q09040A4ibc3r1c0B4f5S3x0r2K4e0C030B39030A0C3t1c095S2P3t7k095S0B0C0A4i2O02045O4c2O360309380A4f0B3s0A36031c092M0B3t0A35092M020A0138
g1_Ipz8YZGb6Nd6kyGjMw1C8LcbNoRpPYmumasIe0GRUDg	pathagon-rules-v1	7	14	3	23	020h0e0F0l0C0X070B0Y0I0b040Z0g0S0R000f0i0W0H0P
g1_Iq5s02tugcCCO6dJxTtY3ccaNEfT96TbvypV2zewaZQ	pathagon-rules-v1	7	14	3	87	0B0R0h0E0b0U0X01020J0N0c080A0m0d0H0W0j0I070306040O0K0Y0g0B000lGR0e1o020-TIUnZd010Z470FW_00PYRG0KJG1u5n0LAXUL0j8k0z05Kr0J0NHE0L0S0E3R7M0VCG4yBk0iblGl0bO50Z0U0h0S0KBB0QIn0Z028t
g1_Iq7QvitvrFK6XZAf7zEEkrD-SRq5PEpk5eNpJa7yX5c	pathagon-rules-v1	7	14	3	38	0a0P0f0d0c0R0N0G0h0V0T0W0g0A090X060E0b0M050U040j0G0i0m080F0D020S0l7F07Zh5C8r
g1_IqDAyfKe8rS7FBNNk3z24Wfe4yLJxM6i6gykDPK7ebM	pathagon-rules-v1	7	14	3	52	0908070G080F0E0H0A0I0B0J0C00010203090104020B050A040f0K0D060C0D0L0M0N0F0M0O0P0Q1900Wb0Y0Q5oA3BNFXGr5hLYB9
g1_IqHYKPW4oeiRxqrTscXJdSOUaJV7b-IljA4lB-Srds8	pathagon-rules-v1	7	14	3	68	0h0U040i0e0C020A060Q0V0T0B0W0X0l0I0Z0E0K0c0L0R0G0N0O030M0V0d0j0HU00iZJG581JG090P9S0O0ENWFHRkMC0FDI0KYC0O480abu0QQd0G2q0I0m0J0H0ATH0O0Q18
g1_IqI_jGx3GDuyZpYXduNd2dVGr2G7-QJjPNSU1NcVSKk	pathagon-rules-v1	7	14	3	35	0c0d0J080F0W040P0V0O0Q0X0e0I0X0H0W0d0G0W090A0B090C03020N090U0A0V03014a
g1_Iqepe3LtcFyQgpOYmAlQ1yaJAAQEEUmiHQpNtGh-mak	pathagon-rules-v1	7	14	3	48	00070A090E0B070A080C010F0G0H0F0I0J0Q0P0J0O0N0M0G0N0L0W0V0U0O0V0P0T0X0S020L032401Pt2FCB2X0b3J7d0R
g1_Iqzifi_XElrAT8P3idBq4qHvROjTGUX1e4-j7Wpj7DI	pathagon-rules-v1	7	14	3	60	0F010T0M0a080A000F030M0H0V0G0B0E07040d0I0F09020K0J0C050Q0A0C0O060J0H0NBz0BKv050Q0C4H0P040LBn0A0B055t0FNz0TPU0NBz0JMP0F3E
g1_IrXaqTJhkFELSTLk8U3Bg-3V1xW9cKVa_er8IP33u3w	pathagon-rules-v1	7	14	3	36	0J0W0P0X0d0Y0W0V0Q0W0e0I0X0K0D0J0C0P0J0R0O0Q0k0U0S0g030H0b0c0a0h0i0T0jEM
g1_IrXlwazKMq-yMAjUB6ja2sVnkRMWn3Mu67Eer-KZxjw	pathagon-rules-v1	7	14	3	83	060k0L0a0P0V0B0S0l0A0h0f0Q01020b0G0Y0J0H0c0T0O0E0X0Z0d0K030eQYRi9JN3U_TjJeaB2fVYKN0ZPZ043m8E5aRvN4SUKj0F6HWR0O79IW0BbB00HxAM0l440IRA0X9i2h1F0fIw0VPe0XB_07DY0QML0e0Z6f
g1_Irh1C9YBz7hjQT5IvNZo7PCIUSKrhXLejiT9laRdl7g	pathagon-rules-v1	7	14	3	70	0A0J0O0D0L05040W0U0f0E0d090l0j0h0B000Q0S0V0C0Z0i0F0g0I0cHR0P9Z1XJBanIm0BRi4j4T1sL69X0ZXf04PeNmHO0j0RRw0cEwWk0SGk0b6c03afJk0eO-Wu0lT2OG0fTaAb
g1_Irh8sUxdZhR2cG5rkhH-rgcDuJqH93-84dgerI4JVCk	pathagon-rules-v1	7	14	3	28	0E070I00030R0Y0B090P0g0Q0a0I0F0L050M0S0N0E08040Z0h0A0j09
g1_IrlM1zYmD6uixPDkBzRFZBOj2f-ANXL71i_PcBqQ3YQ	pathagon-rules-v1	7	14	3	59	000L0M0a0Z0T0b030a08070E090j080F0G0N0U0M0N0O0g0N0P0V0W0T0S0V0H0I6k0Q0J0P130d7X0PMk0SO90TEG027k0NDC0R0G0QFh0H0J0GIoBbOE
g1_IrveZaS8MaOWsQ5LbccipJSmU4CFNFJBtgAnN7UYTt4	pathagon-rules-v1	7	14	3	55	050m0C0J090B0i0P0c0l0j0K0g0h0k0O0e0R0d040b0F0X0Q0I0W0V08aV03830kYwXz0A060MJE0U5iK8LbN_0YVeRR020XWy092J4j080E8v
g1_Is2c4iRWntI4wCL3f-RPU-wwIc-z-gfhcG6FFS0f_no	pathagon-rules-v1	7	14	3	41	0d0L000e0k0b0O0P0R0Z040V0B0l0f0G0D0A0Y0S0g080W0i0M060J0TPY0mBFK74Fb704bc1ATO0WNF0C
g1_Is7YYD-Y_khEGXJZBgEOSKFYZ1WtUoPR-Y4P_VJPoU4	pathagon-rules-v1	7	14	3	39	040j030k06050C0D0B0J0A0C0I0K0d0H0l0I0g0m0P0R0Q0S0I0l0T0F0X0W0YcA0V0e0mZi0Y0d0f
g1_Is8AJsfXT8_A4OpDlLKzoIDB1p0ae-bgE2fVv5hGz1k	pathagon-rules-v1	7	14	3	30	0L0P0Y0S0Z0g0m0f0S0h0e0d000e0E070F0i0W08010b0k0U0I0V0c0d0R0c
g1_IsCAiWATijwobh8GRhKcmQGmWiuLtzPFNsblYZ5FB4o	pathagon-rules-v1	7	14	3	120	0d0a090l020H0U0k0h0C0e0J0A0b0c0N080S05070P0I06040i0F0f0K030W0M000Q693HSb4-0ZL80X0mGK04McWqbIUUEtYq0aBA054OT90HPJ5RK5E40H0lFV0GCQMV0E7r0HUr0PIX0Saw0Lby06B55r0DB-9f06F75e0J3E03MS0f0QFaL70JaXWdNt0QHK0f0jHv0dWR0lB60fDc0D3g0kEQ0AFV0WVuCJ0E8VBq06
g1_IsEDAh0pIBVP4RHG4mzhpSt5Zj-IIWfCjwbYGS7d4gU	pathagon-rules-v1	7	14	3	34	0M0Y0K000E050H0D0J0m0O010N0B0b0k090l0U0f0V0R0h0A0K0203060T0CJJbb0a4f
g1_IsFDxMJhTkA0pC3gKT6ui1Otmx7TnzrESRKwOXK-x8g	pathagon-rules-v1	7	14	3	39	02040k0K0X0f0Z0M0V0Q0N0g0G0h010S0J0m0l0L0d0A0E05090W0D0U0O0Q08OR1z0B2KXT0V9bBK
g1_IsRZTqpFCDARMxEBCpevni2v8JxQMEJz_70dVmTsu-I	pathagon-rules-v1	7	14	3	27	020N0L07090h0g050i0a0Z0S0b0k0G0U0T0M0F0a0h0M0V0O0U080N
g1_IsWduOi9hMeiNxwWS9bj6FIk84yRmHVZikbzBIh9210	pathagon-rules-v1	7	14	3	38	0D0T0l060B0S0d0W0H0M0e03000408050Q0L0a0O0X0Y0R0X0V0K0k010O020j1f0G2S0P02aeGD
g1_IsibxuUiYpCtjTYn1sv2493_dIDoETP-m7u9jRvHcHc	pathagon-rules-v1	7	14	3	56	0j0k0T080V0Y0Z0O0U0h030i0L0X0b0E0M0l0P0m0H040d0D0j0e0A0N0I06Rq0JOuW3Et5cKQBcGSCI0ebAIGbaJEaAVq0PIa0cLx0B0NK699FL
g1_Isv8wEcOl31hKsRwy4scEdmjLKl8ZliLDBrO4k_1DQM	pathagon-rules-v1	7	14	3	61	0P0C050g0i0T0k0e0d0b0B000H020G060X080O0N0m0E0D0l040L0c0Mae0j4P0k9V0QV41CD-N70hKl0GByc6acTtNOSM44K80mQm0eWP04Fo0Ia6080Lb70T
g1_It1AY3Qntr5TQnz6KY8YgQYyZLhUvZrfwhyddyK1HYY	pathagon-rules-v1	7	14	3	72	0U090g0C0E0e0Z0K0j0R020m0b0B0l0M070S0I0P080f0J0d0h0G010Y0D7qXn0VXfDXBvPCRx8w4sLb2JHf6bVkbQ2Q0IbvFSKG05Ot038B100RNKGE06HJFB0laF0mKpJt0hV70JaT046f
g1_It2GKkebKSHXtSM2GsjROzAvGDWq2Sy7GWqdvdNFuDg	pathagon-rules-v1	7	14	3	40	0D08040L0e050I0j0K0W0T0O0Q0a0g0S0J090h0X0V00030M02060f0YL40ZWQ0B43S20Q0V0b7QVs18
g1_ItJ8UfoSdOEnbS4lbWfLzX5WPR8F0eTR-04UXIZoTBQ	pathagon-rules-v1	7	14	3	71	0S0g0l0C0B0D0J0A050B0C0I040H06030Q0P0Y0O0f0R0K0Q0j0R0D0X0e0N0m0kZG0G3u042KWx363u1c092M9D3t0r340B2K3t0q041a3s34032K7i0r34032K360q091a0W0d0X0WMd
g1_ItL0VRnPUjzMnEc5FkVkUFBssscDlEhHthhsHowEYwY	pathagon-rules-v1	7	14	3	61	0805000l0N0R0D0C070E060Z0M0S0T0W0Q0G0e0c0L0i0X0d0Y0h0I0f0k0A0JPl0eYw0NAS7P0OaDNwQaJC0zamBTU06P3oId04IN0UF4Oj0cXqK_0hD_0OBv
g1_ItVQl_N76mSwwpz23G8CPSYZkKyr36N8vERlMWnsBSo	pathagon-rules-v1	7	14	3	22	0d0W0P0V0W0X040W0S0Y0002070N0L0E0F0O0Z0G080F
g1_It_MBr3wRd7SodXa6oU_syCRV_699xZMUKGJ9P5-mvE	pathagon-rules-v1	7	14	3	48	060k0V010B0b0F0R04030K0i0H0L0Y0d0l0j050Z080T0O0X0N0a0A0gb6005UWz9cNa41aQKxYv54QoHq3NCK2O0TM4Of1Q
g1_ItbBpP53og-kWVvsS-m9Vo-pk0KjdHQc2glZLbjen6w	pathagon-rules-v1	7	14	3	21	000Z0b0G0E08070A090M0N0W0L030B0D0U0l0i0R0M
g1_Iu7p4dnLLRBWaa-K3dd8sw314cfp-m-z1h5FTCHPjMk	pathagon-rules-v1	7	14	3	160	0a0k0803000M050j01040V0Z0Q0U0Y0c0O090N0f0G0I0R0e0B0L0J0dL80K0m0SM6UZ503f0P0H9VRnLETg0cVHFna2P505bm070aVXTv0dTFH00lGECU0JDM07b00l1h7808Dp0eao08ZU0U3D06UpXF0R08CYC10DNz0kGlEg0hFx08Yi0C9V08CJR70F0UFXGDCSY00HJMDG0X8Z1BA7QQV70i4DGs0hYa800L525d0NS40ZNu06DG0XLN0M8C0mCn5r0c2u05c80j8uZD09Kf0B5K05BX06G90Jbp0CH10ab00mB70H08NGJx4w
g1_IuLYLGUalLne3ESu2cg5tdOmjv0PT1v4T61BPkcY0os	pathagon-rules-v1	7	14	3	39	0h0g0Z0a0b0i0a0h0S0T0U0a0T0j0c0V0L0c0M0b0N0O0E0F0G0H0F0708090A080001070203W_0g
g1_IuVhT3G90F9SecMIi_gKiDDX9RfmnzLeaBEghIDzplo	pathagon-rules-v1	7	14	3	73	0i0F09000J0h0B030b0O0L0S0j0T0Y0R0A0Z0f050V0X0N0Q0a0K0P01Fy0UKWLj0PGT02QmRJ3CJ80rSt5LT60RbnMa8HE40H0C19O800ALYx0CEE0A1R06R40mXE09PK0BDt0IOG00DR0N2V
g1_IuWPejJPExsEAQmlxXcp6OCt_k4f9kAi3zhHTsqa010	pathagon-rules-v1	7	14	3	40	0C0B04050I0J0R0K0Q0P0B0C0D060C0K0J0D0U0X0W0Y0P0R0V0O0H0A0O030N040G0902010902DB00
g1_IuWWuVMlVK1XhKGJ3f3mRGsexg5UApE5aF6RE8u6OCQ	pathagon-rules-v1	7	14	3	64	0R0J0I070f0i080k0K0O0H0X03050c0Q0C000g020b0e0U0j0M0B0A0aFA0BI60W040MGO0PWc2hWyYlEKLEOq9TR0Q8LdESO00eTb0m7b6j9g0YMaXc0EcD1wQ0UC0X
g1_Iub0N2rT4VMULKm0FbdUVOkEQi3fW9LW6qP850P99es	pathagon-rules-v1	7	14	3	36	000E0H0A0M0F0a0G0T0I0N0H090807090L0h0E0g0i0j0S0i0Z0d0U0X0b0Y0c0V0OP00B91
g1_IujY2KyV0pkMDm8DNF3IniQLzc9tO_c5v8HJa1KBK0I	pathagon-rules-v1	7	14	3	45	0Y0H0O0m0U0h0P0i0A030f0D080b000l0a0M0J0T0N0V0a0U010L0c0G090g0b0e0V0IJibuKMHM0LDI0EHt703C8N
g1_IumS5NYsinrH6rY4bBLQC9yHHd-fswNksrax6FaNqkw	pathagon-rules-v1	7	14	3	64	0k0d0h0a0T010S0b0l0a0V0R0B0L0W0I0U0Z0g0c0j0d030c0i0H0b0e0A0GTd0bNc0MXO078q09Pe04aV0ANMURYvSEJRIG0cH20OWoMO6A0i03bLWxYQ0Q0dVi05Sd
g1_Iv1Xq3AvfKZhGSzCv_mT1r5P6Xk59HC1z3BAWNhQpuU	pathagon-rules-v1	7	14	3	71	030U040k0b0H010L0R0g0d0G0Z0e0a0m000Y0N0D0T0U050f0M0J0E0I0C0OLdFTI7JS9xX35CVlAg024XRBSn0XUY78YXDyb5D8NE081p0FDO0G0P0H3F0RIg0V0cEI150OXi0hUlDR0a
g1_IvAmFc1MKJl8C2o1__S8syLTWW3zph-UPaqxRG1izPA	pathagon-rules-v1	7	14	3	74	0I0R0d0Y0e0X0f0K0Q0M0W0X010V0D0807050G0F0N0W060P0O0E0H030S0Q0g3dF90CMY0J210MUcP_Hc5JXVag6HQmD5745SXy3xRkSO0I0XDV3f0W0cZi0XaF0V0N0WOM0OI70HRH0AV70dAB
g1_IvFZX5_294JxYaH5iHsoxlY4uQ_88VzoTdVjxVM5NaU	pathagon-rules-v1	7	14	3	48	0a0F0E07000G070Z0L0b0M0a080Y0N0U0V0W0X0P0V0T0N0W090J0V010X020c0G0O0S0Q0W0C0V0X0J0N0P090K0I1j0A0I
g1_IvLDQJT01aNLQXF_1wEo1vX1ErLiZ9Q6hx1j1y1eH60	pathagon-rules-v1	7	14	3	79	0d0Q0W0P0J0E0b0l0C0S0T040c0e01080H0F0D09050k0f0A0M0Z0X0jVJ0d0g0IU2bSYBEpWv944-K09JUpI7CtB2Mz0S0MOl0LPq0eTS08Ju0G0VZR0F0N0P0Ob65d0U44Du036Lbx0WIn0NV3Qa0XNt025c
g1_IveYld2bpB_vdSfQ5GKeF5zx1cEE5d4yUenlApcyNx4	pathagon-rules-v1	7	14	3	67	0m0R060b0a0C0Y0T0A0W0304000l0Q0X0i010k050h0P0U0B0V0F0d0H0e0jW30NSZ3ybn0M5x0F0D4l0ICiR30cOIAHF1Kf059nBq0EV40IGu0TOc0OO4ZiY30fHC0PYcOH16
g1_IviA54TAHfemzjfdmyyyFOGTM5xipByuMfaRKSbUibA	pathagon-rules-v1	7	14	3	72	0A0e0R0l030F0P0f080N0J0D0M0T0C0K0Q0m0i0V0B0d0I0h0g0a0Z057Q0hHr0S9vNW00Vv0kRGK3MoLHbO8hNQZKOgG1508808Yr0N3P07aa0P04Va09Am0SWTTO0H0B0F0bFa0TPfZw0J
g1_IviSsA1dkS1I8cl-foWMSmWMEnt3uEUtlfIDE5itSeY	pathagon-rules-v1	5	8	3	100	0102030H020G00040A050M060E0708090B08Bb0C1n3s387j091a3s387j0D0p3r3M4f2O0p1Y354f2O0206014n396y2R020-34032K360q001a0o340N2K6x0vAn1l2K6x3C031Y356y2R0p1l356y2J5P1e35032P36080q6w2R023H1b6w2RAm3H1Y6w2M5P0t1g
g1_IvjlXBfr4Ok20KQFMH0nWIAtsvyCjDDkEA0fRkp6--k	pathagon-rules-v1	7	14	3	196	0M0F0T080i0h0a0b090G0N0U0G0A0H090O0V0c0j0V0b0U0i0I0B0P0W0d0k0W0lS_0aIA0M0S0TXG0EMK0MH40S6T0FBx0MSE0TMmNQH40TRv0ZBcMRGsRv6a07XUHWMYBx0TX90F6T0uBVCUHP6TMKBxRoHP6TMKBxRo0o68GzBqMR1D68GzBqMR1D681aBcH4160M0FMR6870HIBq0_0TMY08Bx0M0T68Gz2X0F07MYBxNC6hGzMYBxRo0MGzMYBxIA0M0T1DHW6TRoMK0F0EXNHPNJC9MRS0HPXG0MMRS0HPO4C9MRS0HPXG0TMRS0HPHyC9MRS0HPXG0UMRS068CNC20MHI6TRhHr1KHWMY0M6aX9GzDMMDBx6MGz160GBx6oRo
g1_Ivk0kGyIGNMRxpXgTsLeuKBTpml9VzkjsTYiB6qzhFo	pathagon-rules-v1	7	14	3	42	010g0T0203040P080D0K0C050I0d0h0J06070C000G0W0a0S0B0U0k0T0N0e0ZFr5lOSah4N21ZK0bGZ0fV7
g1_Iw2CeAvS4hNsaMSOu30jmZ3vtN6Xl-bXR52SthDHJLM	pathagon-rules-v1	5	10	3	29	030D020801060007040C05090E0B090A0J0I0H0G47047v093E03Bl0E2g
g1_IwI_8kF7a8drdR6TegtXxCTaR4JV_PRpfHIQK9yQF78	pathagon-rules-v1	7	14	3	31	0A0P0S0B080J0F0k0j070f0T0U0I0c01030i090d0Z0C060K0Y0E0g0h0L0T5j
g1_IwJRivAPEaSK7MDQVLhISSPAMz2z8j4XN-sTEFwV-Ys	pathagon-rules-v1	7	14	3	40	0e0Z0W0a0E0m0G080j0R0c0S0Q0N000H0V0I0b0U0M020d0X0P0f0k0KDC0YQ0GIVYIu0L7H9GSoU92o
g1_IwQ_CEdeBY6VWjFSVBrPIbQ08R9TfaH-IktUa8ywKNc	pathagon-rules-v1	7	14	3	196	0M0F0T080m090f0A0B0G0H0I0Y0H0U0N0O0V0N0O0P0W0I0O0X0Q0R0P0J0C0Q0B0K0I0D0e0d0cc9TzAp040C5SA33uG9025S3A3u2N025S3A3u2J4e5O380q0c1a3s340C2K6x0q041a3s340b2K7i0q041a3s34032K8T0r391b2P3t4g390K0a3u4g0J2O5Q3xG94e395Q3x2N4e395Q3x2J4g365Q0o3r2N36030o342M3t040o342M3t050o342M9E040o342M02042K360q0K1a3s384f051a3s34032K360q001a0r354f2J3t1c350q2J3t1c35Hg2O3t0M044d0sD13A1b3s0r2J361b0N0G2N36G84d3w2N0U5S363u04
g1_IwaRzPTxw8fTHGL36VEVqqTVPuXPu7MJL4Te3JSJ1_0	pathagon-rules-v1	7	14	3	36	0J0A0B030S040I01000M0Z0F0E0R0U0P0c050W0C0O0b060K020G0B010h0D0H02G4GQJm1h
g1_IwlbwtKSR1psV2g-oTdWmohbPO5Y2cNDYqQuVVhK8IM	pathagon-rules-v1	7	14	3	78	0N070a0c0X0S0D0I0U030l0g080W0J0h010b0T0R0Z0A090P050E0k0dJ40CQ86AO3Ui27Xi8J3yYq1XNDPp0W3K0f2qTnExPQ0eWL0fIS0UawMZSiUJ0TXB0F0a890HXlbt09Bv4z0UFv0GGY0U0Z0N0I6b
g1_IwuCUu8R2N30_L3suc6EC51V24WyFJMxqaq7b8RVvfw	pathagon-rules-v1	7	14	3	57	0Z000U0W0E0G0H0V0D0R060Q0g0l0b0J0B0d0F0e0h0C0S0a0k0N0T07Cs0OAs0fRq02TgFNUGJvD5VlXrPZC26SSY0XMabOK90WaFQ70CLW01Vi0S
g1_IxDQZ30n_RBgkg0potDwPFK4YwY1T8XbjeFpA1vul98	pathagon-rules-v1	7	14	3	26	090M080W060f0Y020F0l010V0C0X0I0a0G0U0O0N0P0J0Q0e0E0L
g1_IxG-sJcvvKLrBTLGrUaCAsqXWYET3ZO9z165HwY8y0E	pathagon-rules-v1	7	14	3	40	0E0O0h0V0H0N0c0U0S080a0T0b060G0F0M0L000Z0T0Y0M0D0S0i070b0j0a0A0g0i0C090JD2AU16XR
g1_IxPxGxezpQeRsl4qBWndvg7p-RWwvzOykE2VV9jNW-Y	pathagon-rules-v1	7	14	3	77	020Y0O0Q09000c0W0m0U0X0h0l0f04030j0G0T0I0J07060D0P0C050HG00QQd0dYm10JADObXBOa-0lZs0ATj0VT-WNVj0C0jAY4n0WGW0XZt0jKg0Y1A0kM4Cm0R0JM30RNUQK4M3m9aOm2T045eXk03
g1_IxSEFqjLqVzf70cDkbjPV01UZaSr7sx1zgJ_S0IjyVA	pathagon-rules-v1	7	14	3	65	0f080H0M09000c0k0j0307010I060O0Q0F0P0b0C0U0S0V0a0K0m0X0i0T0GJJ0gQgYuUP0NFA3nOULB0OMQV_ZvJRPhCubZ0L5Y0JXl8W0UNV0CQv0OD_9y0jKc0lXR0Q
g1_IxV2cV9tDeMFgwUhK7s9xSYYPVga7Pqfr3Rey05Vw_A	pathagon-rules-v1	7	14	3	61	0E0k0g030l0Y0C0G0a0V0f000U0A0K040h0Z0b0B0N0d0j0i020k0m0Q0F0WIv9305Qq0L4CO8Ou0TV4Aa0HGWYVX8Ru5I1KBR05TV0kam04ZLJd0X4IHC04KN
g1_IxWmEWViTOXMvgAjyb37umgUBd1oyuoqo-OLlMEdb6M	pathagon-rules-v1	7	14	3	37	09020M01080F0S080G0N0T0U0L0E07000E080F0Z0a0b0g0a0Z0h0i0A0H090O0G0N0h030V6I
g1_IxX2Jp3y4aVPmFiL1z9aOgn3jrnCkFxWuLxZtOmGlLU	pathagon-rules-v1	7	14	3	15	0104080Z0b0e0i0S0U0G0N0j09050G
g1_IxgH4hNzjKsQ1xBY9glyWWDHZ81J1YB_tGoH2le0Q88	pathagon-rules-v1	7	14	3	26	0T0I0b030h0C070K0Z0R080O0W0J020P0f0H0S0E060Y090F0m0G
g1_IxpWm-ZV_U6Z_iB6ItnCC3sxTbiwXAicVANi7AXis_o	pathagon-rules-v1	7	14	3	36	0W0J0I0H040I0E0B000708090K08060D0C05010C0F0N080O0A0U0L0M0T0S0Z090S08020A
g1_IxqMjJV9W4kmmUU13cld3pocnGU7J0O-DoifNATkX3w	pathagon-rules-v1	7	14	3	54	0L0S0Z0g0S0E07000E0a0h0T0i0M0F090b080a0m0D0F010U0G0N0F020G0H08010e0cS60fMe03B2bkLc0jRMIXHI3F0LTzGAAo0N0AVS05
g1_Ixyyb2oYnIdJy6lX-gvUdkH2VJ0r7WEmBVp6bNc3UP4	pathagon-rules-v1	7	14	3	67	080a0c0F0E010h0m030C07080P050X0R0l0W09000Z040j0g0k0T0b0D0i0Lb20GBo4ySJDLZSL-0e1IVXGAF2QfYxRWaAV20HCI00Kw03AF0Obn0iHn0MNL0PEf0IIXEq0J0x
g1_IxzaHkWKHkuUpAdMGHF5BxdNzs8DcsejQ_I8NPSdJJE	pathagon-rules-v1	7	14	3	53	0S0e0Q0R060E090H0B0U0D0K0a0Z0f050g0b0G0A0k070Y0Z0h0X0M0W0L0F0mBlc80O830J02DrH4Dn2oM0XI0I9Tc1080g0ePf0R0H7D
g1_IyBqPAVaB3kbfv_ALCfH8GAxrFLydl22Z381T8Y7GJY	pathagon-rules-v1	7	14	3	69	080907010A02090003040B03050C060D0J0H0C0A0I0K0G0F0H080E090F0N0O0G0P0Q0M0L0N0R6a07Bq6hMt1DH4RvXUMtBxH40LX2GsBqMR0F1D07C9200T2g5s060U39FN0J0A
g1_IyJ_fTFer4OM2bgAAVMTFPrBYKrYBvmeJn2I2Iinejk	pathagon-rules-v1	7	14	3	37	0B0I0A0K0W0Y0P0R0m0d0L0Q0X0S050J0e0k0U0a0l0I0i06070T0b0g9F0O0HMaPq0PVf02b7
g1_IyUpMoOv1ExsMsEYy3ylbhasitmZYsuIGrQj5Bb_6cw	pathagon-rules-v1	7	14	3	40	0S0J0U05000E0Z0k0F0Y0c0g0N0I040m0Q0M0A0P0d0G0e0W080h0T0O0603020B0VXz5OKXNy9RKqHx
g1_IyjWOmLfTf7PdQmnURZX2hXTn36cu8hKGmw78AVxCQo	pathagon-rules-v1	7	14	3	28	06030D0e0f0m0d0Q0K0R0Y0e0R0X0W0c0k0l0d0j0b0k0h0i0U0g0e0h
g1_IyktF650iThahvQjPTpkRe0c1yUiK8A7et5XXHsuX9I	pathagon-rules-v1	7	14	3	32	0g060H0C0b0L0a0j0M0W07010I090J0k0E0d0P040T0A0Z000G050e0YBgA0E17i
g1_Iypmb3FIYv9zEJZePusvTpEXd4iPr663p_A8etYS0Vs	pathagon-rules-v1	7	14	3	81	0J0N0Q0Y0C0l0K010a030k090G0B0L0F0604080H0E0W000m0j0D0P020C9r05RQah3iASUqGX2UKT7w7D0XMuQ5HRI_Oyaw4xVWZMDx0D8T5V1eRw01Ap0F0TCS4k2Y0c9ET_0AKm0OGKDDFwUpSe0DC341TK0k4j
g1_Iyq8y0jG1Dl4KSV442Y7gyW66y-OfLKL_jj07WW7oTs	pathagon-rules-v1	7	14	3	72	0f0S0l0H0V0T0M000O050k0R0D0L010K0F0a0i0B070G0d0Z0X060U0b0CMa0cDi0ENKbOSdQU0TCITE6OEGVTLZPA0mWo030QIXAC04X3NL0Ybs0a7x7M0mMZ0gJHX40gNtaF0RQzEi0U0x
g1_IyqBXu-WdmNqu61CJ8lzo5hIv5ILCamFPobsBj5mDa8	pathagon-rules-v1	7	14	3	62	0g0i0B0h0S0c0l0j0f0m080U0Z0W0d0V0603070Q0A0G0C0M0X0N0E0F6sIzX2P4MITZRbDh6TOI900O28I60NSxH8Ov5eLJ07KXIsUM09PtE6V88EP7aQUb0cVN
g1_IyuLcP4PODLZhkLV9Oa9GhyOCJC1aExFPF--z25sirk	pathagon-rules-v1	7	14	3	196	0I0P0H0J0K0Q0R0J0O0N0G0O0F0M0A09080G090B0C0I0B0H0D060504030B05020409010A0200070_005i0FBb0EHOM5670RRSBGbdMC0D0R60Qv0CbkWiM5L6GrR7WiM5by0QR7Wi16Kh6aIAHW070Q1KXG68BcRo080u00C2086oMKS0H4XG6hMK0SH4086TMKBx0_HW00Mm6aXG07S0C2H46T070FBxH408160M07QpHW7EBx0_68GzMYBxRo0FGzMYBxHr6hGzMYBxRo08HPMYBxCURhHPMY0FXNRoHP7EMtBxRoHP6TMKBx08HP6TMRCiRhHPBqMR6a07HPBqMR0F1D07Rv6hMK7LBVRo08MYXNC20EHIC9Rv6hMRXNHWRvC2
g1_IyxK2_zqtjBJnd7OdwG4dw1s8lbQRiu_SvY7OpiRIA4	pathagon-rules-v1	7	14	3	32	0J0U0l0I0c0M0K0P090X0D0f0j0T0e0m0h0N000b030k020R060H0i0O0AI3ZJEC
g1_Iz4Z2lAMkDIfSsLXGXLvUci-Ylw8MwEXjiA2D-AmmOo	pathagon-rules-v1	7	14	3	196	08070F0E090G0N0F0M0G0F0L0U0T0H0O0G0A0S0H0V0T0I0B0H0P0O0I030W0f0A020134032K020r000501WG0C4pA20C385Q067q090B48080CAoNX091D7Q088409Q2AU0CFu140T9z613A033w385Q0I4gX03A033w38030B04QCD-Em0H0C0x9c0BAb5N1e4d050p081Y092K020v0C1Y2K360903Ki0v002S1a350q004g0s5N06697C084o0s5N1e9D0B08Aw0-5hFQ51ApGI5NLY073w0r5N0601050u7B085g0B4i1d0C045O0B084c0C016-3xA1Aw4n5S08386y4i7l0938084f5S3x0r0C2M5P009o3nPC4K090q0B1c
g1_IzNgOSxrSGmkw4o-wQkKjqC83D4XCmSQD9ruIP-ueL8	pathagon-rules-v1	7	14	3	196	0k0l040Z0R0K0M0302010d0C030D090j0i0g0S0k0I0J0B0A0e0B0Q0X080f0eas05Xg0YaP0GbU8EWr098i0g0LMmXiLZGTX9HIRv1KBV0A695U0_MDHIRv0F6MMK1DSLHP6TMt1DRaGzBqMR1D68X20I0EQv0B4w0H5a0J0NZJ3xA1Aw4p0I0P0H0I5S0A040H4i0W0Ja45a9IGW4w0B0J0A5S3xG90C4n5S0V38MG0U9I4p390K5Q0A4g0s3A033w385Q0C4g0B390A3xAo4f005S0A38034i0s0B385Q0C9C1e353u0r4c05014p5S0C3A0B4pA25R9IAn4p3w5R3A034p3w5R0C2M4e3wA10C2M1a3s0A364f1c0B2M0T3t0o34
g1_IzZV_5uz9ja48WHi2EbpGSbELz8hjWVJoRBI3SpT7KU	pathagon-rules-v1	7	14	3	34	0g0l000E0F0G0H0F030A0B0C0D070B0N090U0A0V0W0O0P0I0J0H0C0K0R050J0K0Q0J
g1_Izhc2waJCP0Bq_z7YJ9AOOXNKay673aZf71sMf1M6xU	pathagon-rules-v1	7	14	3	15	000i0g0S0T0l0Z0C0L0E070V0E010S
g1_Izqns1xNHATRv6dQTclnjhwVCx0azsTPEJaypdPK12s	pathagon-rules-v1	7	14	3	92	0l0i0M0X050I0j0d060h040S0J0k0c0H0j0g0G0O030R0e0W0L0D0f07090bDF0F8E0Z5yY5WnJW3r0h3S0C1QDsTM0VJBK5FN0b0kARBt08HLPk4lYz05Mi8E00WZ0QJf0EaN0H3E0V0kOF0ULv06Kq0RPO0WXx0JQM0AA_0mBo0O03b00H0L0G
g1_IzszgqmlwIMfJ2JogEIBF6WHhCunwHHCcEoyPPLpI8I	pathagon-rules-v1	7	14	3	55	0J0A0O090T0S0Y0d0R0g080V0a000l0U0M010f0W0X0j0E020K0P0L0F06Uj0T25Jq4tLeJzRDSCWQ0BNNPLBaMmb7VvG392IFPU0kNxaI0k5Z
g1_IztbDAPT-A1aCvUzc374jMNiiaHhFvgiFRKTjly3_dY	pathagon-rules-v1	7	14	3	21	0001020S0U0l0i0m0b0c0d0e0f03040c090H0G0I0N
g1_IzufHFHnK6QOjUxN4EYu_6bxdtA_tzK2Hlssx1kB2JM	pathagon-rules-v1	7	14	3	50	010M0d0F0l0K0b060O0P0Y0N0A090O0J0g0j0I0Z0R0G0D000W03040K0h0e0a0iXQILLuDC0HYb2EZJ0QF-PIISZDaO0jVR0k0u
