# g1-key	rules	size	reserve	repetition	plies	2-char-actions
g1_R-1mYvfUT0upnWzaNoWBg-SAgT54uPkZ0fMqaSwtHQE	pathagon-rules-v1	7	14	3	196	0A0H090G0O0N0H0P0I0O0B0M0F080G0F0W0V0P0U0T0d0c0b0a0c030402010S0L0Z0ERa072K6A07031KGs0L2K021RRa0Z01Rh1KWxMt6a08Bq0TMRS0HPXGC9MR0a0FRhC2X9HI6TRhC20T0E0M0u1YBW0E020uGsBqRo0S0uGsBq0E0M0L0T0u1YC22X010uGsBqMR0S0uGsBq020E1DGs2e6AMK01H41668Rh0SH41668MK0SH416681d3s040p3r1c4d2O0p3A1b4d2J5P07030_1Y6h2QC90_Ra6hMK0S0_MD6a07HP16026MRhGs01C2XG0_MK0SH4MY68392M3t1c4d0s2J361b3s0r2J361b010r2P4e1d3s5R2J4e07Rd
g1_R-S9mQZQnvgaY7ivk_PKa0MypSfP13Ia_xu0j-7H2VQ	pathagon-rules-v1	7	14	3	96	0E030K0Z0j0P020I06090U0M000X0O0J0b0k0e0d0S0c010D0i0m0C050g0B2H0WXMUlTgKSMT08av7W600Q1JUeNv4_81QfBzKq08Ea060lIQ0N0S6H0kU60DIv0QCu2h0EMc1q0N83aK08WM09Yd0H02140VUoOw00HF0SROB-0EExKA0gKq8S0Z3X041F
g1_R-doqeOQCpp9tC9n-CgmTn5nAI1TT4ArvJStCr1EhjQ	pathagon-rules-v1	7	14	3	34	030209040100030G010B0A0H050C04020I090B0J010I02080F060807090E0D0F0C0K
g1_R-ePSRq_npyvEKxuIthdbqXJz-BLO13Po_hqd7T2LLo	pathagon-rules-v1	7	14	3	55	0E0L0D0S0d0Y0T0A0I04070j060h0P0V010U0F0e0Z0M0C0W0T0g0i0R030H0XXyBXEMZC00N7ZsQVMvBF0S08Mg3UDF0DQ-CZ8z0k9jFB0H23
g1_R01JM2qR-wIFwVwOLg1NCoPg2-gyI0z1iWb2kgyEhBE	pathagon-rules-v1	7	14	3	35	0d0k0D0J0C0j0e050l0a04030C0X0K0c0W0b060m0V0A0Y0U0I0h090g0l0f0E0X0B0iRC
g1_R01du1AK6BMt7Q4zJV0-1ZyetviBd3Plv22t-VU3HIw	pathagon-rules-v1	7	14	3	73	01020e0j0l0h0b030m0d0J0Y0G0T0g0k08090W0H0X0C0c000F0a050A070P7L04bsSuaz3QCy0KAw0yFp7m0O9QTHRDQj2OJR0Y6X08W-Kj0903PO0m9z0lPA0fVdGeURc608I5XVRP8K0X7S
g1_R0990uRT4LViD8l2ymb_I9zYp_x66qxtRk7veiVdSlY	pathagon-rules-v1	7	14	3	87	010A0B000X0I0e060E0G0b0F05020P0k0j0N070Q0d0O0i080h0T0l0Y0S0R0P0JMM0SVQ0L7xCm0V040UFi0IPWCDDY9sLyTV0C6HNa0WLJ0KHL0b1HFA07Gb0IYB05ap0OaF0c0N0a0d0V0b0T0W5C02Qd0dRK0KVn0W6m0U0m27
g1_R0G311hUjtoP15osnGUJvWNYIfwTSh_IC8jbVmWQPo8	pathagon-rules-v1	7	14	3	41	0b0k080K0A0S010d0h020a0F030E0U0R0Y0706050c0T0C0B0V0Z0I0MUd0N60MBc9CXQvBq1x4v0O005e
g1_R0MDEvOsj088gCGGG7L_CdNG9EYS1ND9LkpUVSa74n4	pathagon-rules-v1	7	14	3	102	09080F0G0H0A0G090O0N0M0G0N0B0I0P0U0I0V0H0W0T0J0C0Q0X0P0Y0R0K0D0J0R0Q0K06055R066y083s5P344f1c2O06385Q4e013u0r2O06385Q4e053u1c2P4e053u4g2O02385Q4i2O02385Q4i2O00385Q4e013u0r2O06385Q4e053u1c2P4e053u4g2O07045V
g1_R0N2kv9tUIwpoYu8hgLl2PV713D3_qFW25J51IkAlhs	pathagon-rules-v1	7	14	3	44	0C0D0J0Q0X0K0Q0B0R0Y0C0I0F0J0R03040M0P0W05080Z0l0P0L0X0F0A0H0B0A0I060ObF0G090H5l0N0H0OR5
g1_R0aRvYiqEjHXvZjo_i0Qp_LwCRDL03tG7TBuEXE_YMo	pathagon-rules-v1	7	14	3	196	0A0B09080C0J0B0I0H0G0F0H0504030B04020109020A080O0P0N0Q0M0J060D0K0R0J0D000K070E080L10000S0uMDBx5b060uGsBqMR0S0uGsBqMR0Y0uGsBq1m010uGsBq1m0S0uGsBq2K6M0pGs1fBqMR1D68GzBqMR1D682KBX0E0o342M3t040o342M02040uBV2XGu6T0uBV2X026T0u3401Bc1m0q2J01BX0X0o342M3t040o342M02040uH42JMY6ABc0_Gs2e6ABc0o6v2X6A070o342M3t040o342M084e0r396y2J3t1c350q2J3t1c350q4c3w04085Q0C2OA33t7k090C0s08045N1eGt2S02080w681f0L2K0p68
g1_R0eAmwp2uD6qoGORE9RU4rbGHJtd9f8diNGLv9lJVig	pathagon-rules-v1	7	14	3	43	0V0e0Y0J0O0H0c060X0R000Q0B0G0E0T0h0f0m0W0g0F0I0l020A0M0U0a050bVb0V580PAHbeG4ObEU0LQ_2m
g1_R17UEfFkx2OqHB4RqQRVXWjsFe2Z6qAPcYcO1QBmE4M	pathagon-rules-v1	7	14	3	62	0i0g0b0K0j0h0l0a0e090Z0k0L0d000U0P0a0c0T0S0X0V0R0N030U0db10WH00O0_0GNp0M0f880IH-4K0QK90OF00GBuQaWh0UKQaO0MV80d3M0V0H0UR807GR
g1_R19lZn_Viefm9tLtfeVsttwXdXLPc816ZdOmsvnmcUA	pathagon-rules-v1	7	14	3	33	06020R0I0K0D0J0C05000C0B0H0C010Q030A0J020C040P0O030Q0X040Q0e0l0Z0e
g1_R1LaCmtfnrjyJlnRA8EqgM1JQPhb6KhjHPOCQPk9FkU	pathagon-rules-v1	7	14	3	26	0f0K0P0m08030c0Q0E0A0W0G0T0i060V0O0j0e0g0X0h0Y0l090k
g1_R1Pe9SFdxDHsBOOE8lKW1cSTa86vPBauo4Rdycm0xqo	pathagon-rules-v1	7	14	3	80	0h0m0B050S0M0e0a0L0Q020U0X0C0I0V0Y070k000J010R0Q0E0j0l0O0Z0dMHJo0T030P0c0KWYKBZba1ORHZ0WQvACENUJQ60eZl0jNc0iTPZB0bC_Ti0bVk0F9S0S2n0T0dPCQc0AUG0bC50XSi0aKV0U0H0b
g1_R1QQ-vh4DLT8bwR2orT120SaDVuPDjV7Jri5MZShUis	pathagon-rules-v1	7	14	3	196	0a0Z0X040f0V0e0Y0W0d0c0b0d0U0a0T0b0S0M0N0T0O0P0Q0R0P0Y0L0E0M0F0G0M0HQ40X0I0W2K3rBXDw1b0o2JGw3L0J0p1YEu3s2M0pLW1Y350I3u0G0R0p34Ed1g2K0p3u091Y6w360I0o0H0KEZ1bHe2N0p341b3s2N0p341b3w2K17364c1fG-2K0pJ9LV1c2K0p0O0I1Y0V6w2M0p3r1c0R2K0p3rEh1m0I0o0N0G2M1aOaHk342KKkCO0p1Y356y2O193r361b690r2J361b3s0r4c391b3s0r4c3A1b2KV20V360P0X0Q0O0d2K3t0q0V1aG6340K2_5RBXG61X3r2M1aDp0H020r2PFM0O0M210J5Q0WJd0O3l3rOX2S
g1_R1W9ZNxgXbLheO0FUC0t-JR62N8fsC7layMLawI0EsI	pathagon-rules-v1	7	14	3	75	0h0Y010M0W0H0I000G0g0F0N0E0b0L040C020V01030O0J090U0a0d070c0X0jTNFHIGFg1zBx6uaJD_0H083ALrHw7yZF0RE60AFn08MG09PY0B5X0QCeJy05830MXB0Zbo0O03Gf0B8SDO0F0l4k
g1_R1ldk7eXy-0a5zJ0iY9NC27sxQ9qvsn1fwZ6exqfnEw	pathagon-rules-v1	7	14	3	18	0B040A030I0W0H0V0O0U0P0X0Q0Y0J0T0C0S
g1_R1lo5J7AZtOKydUpGvRfMFtdzUNRPQ4GNmUHC4c_w84	pathagon-rules-v1	7	14	3	58	0j0Z0k0Q0L0M0B0D0R050S0V030b0W0X070E000Y01090d0h0i0A0I0C0P0J0GOt0g0mM202XAREF58jUN0AaT0QG-I8Ye0b0I8V0hQI030H0i4u0c44
g1_R1odATyjkWIcVh2gyfmh6j0m4rlycrHVxF4h91X8d5Q	pathagon-rules-v1	7	14	3	108	0B0W0G0L0S0f0m0K0M0D0h0Z070X0O0a0N0C0V0i0e0b0Y060l0I0P040g0kam0f9H40JuSB0I9EKd0QXd0O1E0ka_H9Xz0cOxWeRS2r0V0OWZ0cOx0OcA0Q0V0U0c0VWi0PM55oRZGdWU0Obd0J4pA80CFcAG0C0IAGGH9WBNR05vLYWbBNR00YLm0RBUWN0J5hbdApAAGH0K4v5Y0aAwaY
g1_R1xJRLCOhkDR3zU3rBV65zIiWED4aUXYxD4OlXw4zCo	pathagon-rules-v1	7	14	3	20	0F01080002030N020M060a04050C0J0B0C0D0G0C
g1_R1zS4hMyheULAr7OKK5qKK65vBR55l3G2bJjJlhPlQ4	pathagon-rules-v1	7	14	3	196	000W010P0Q02080m0X09070J0I0C0B0A030B020I04050H0G0A0H090F0O0V0H0P0N0M3x0G040H050O0E0N0-9C1j010C082c0p001h0o0U346x1b7h0v2JBX1h350q0T7g1h350A0q081Y0A35030p081Y352M090p0A3409CH3u0r0F0B0M1Y4d2M050p0A091s3r4d2N5P0s1Y352M3t0r1Y352M020r0A0B1Y352M3t0r1Y352M0R0p0A091Y2K6x080o0B08341i012M096x0r340B083s2M4m0p1Y357jA60r1Y352M3t0C1c092K0p3r6y1c2R0o343t0Y1b0o2J6x381b0oGf3r2N1a3O0o3r2M9_090o342M7i0C0o382J
g1_R2-5RBtEH1SLvtOvWvVgvxNW8Tjh-rKow8HK34BnKNM	pathagon-rules-v1	7	14	3	13	0004070D0E030L0W0S0B0Z0V0g
g1_R25yfsDpU8GGonRPcFstGklsKqEE8AAdpVANSvWwmug	pathagon-rules-v1	7	14	3	75	0X0I0R0E0i0k090f0a08070j0L0b080K0C04030M0g000m0d0E0h0T0U0Q0i6_0FGuWobwZO7l0GXg0HKW01NMYK2iFDBnOBUWD00UXT0hUx0cR50B0j4uES0ZGmSJ0Z9q8i0Ka40DZB0i1G0lI40R
g1_R2Wdoa-Baa8qW4P15K6--skCaf2kr1vZm0sW9dddbtg	pathagon-rules-v1	7	14	3	83	0W000h03090i060Z0a0j0F0J0Y0Q0R0D0M0b020O0S0K0g0C0N0G070L0k0U0IAvD03CX5GS011N2Y0aPY056oSb5h0dXUOCaLJp0JIQ0eDg072xcCL20m0MCv4_02Ze0OIsRo0jJUYz8-OR0XW4EH0HS4H_0eZRPN0j1l
g1_R2c40wzWJskQ_k_IiMIM_Rjg_ybqy7mPsiHuAHYdr0U	pathagon-rules-v1	7	14	3	18	0k0M0E0L0S000L010902030405030C060J05
g1_R2nJgxNBehQvRyUuZ3Uz5sfR02MbTcv1OSNWxbBbZtU	pathagon-rules-v1	7	14	3	39	01000E0f0e02030F0D0Q0V0A0Z0l070K010M040N0I0R0P0i0W0L0j0b0m0gPoIhc1GX0dZ1QDMu28
g1_R2rI2kDwsZcnPesF2rD_Kv_MZ856tqP3RpEnGgjrCDU	pathagon-rules-v1	7	14	3	30	0g0U0c0d0P0e0C0l09030Q0R0j0a0W0m0X0E0I0K070T040B0N0b000S0V3g
g1_R3FUogSBOeH79EaST35jo45qrvviRlSNLJvFvNQ7i-k	pathagon-rules-v1	7	14	3	31	0J0m0k00030102080A090G0F090H0O0B0H0G0I0P0N0M0I0Q0U0C0b0i0c040d
g1_R3GH1ExShROGtAcdxA6oSlkeNKXnQcvE1XhJhwcXfbE	pathagon-rules-v1	7	14	3	54	0i060f0Y000Z0d0U0j0m0X090I0A040l050S0D0g0J0e0V0M0K03080E0PBy5KRoYV0ZaA7_FaSA0Q5l0dBa2YbY9FNiGM0TBN0VZ-UN0K23
g1_R3GfzYahfzRCvZiIeU7dwEOClsx4U8GLa1lsACNA9UE	pathagon-rules-v1	7	14	3	196	0B0C0A09080F090G0H0I0J0H040503020109020P0Q0O0N0M0V0N060W050U0C0V0X0T0D0K0R0J1s7h09CG2Q1a01091a0o3403013C1b7h2Y6x0_1Y690A360q1Y8S0A360q1Y3s04020y2J3t1c9D0u2JBX1m0B0u09BV2K6A0F0o092J361b010x1Y352M8T0A24092K0pQp3C1b010x1Y352M8T0A1h0o0X02Fk5gQ8BF0DL-5nGWB20D0J4i7l0KD12V4e050o342M020G0o032J361bD20x2J361b010x1Y352M8T0x1Y352M0G0p1Y353u2N020B2K3t0r9C0B2K360q0A1a3s34092K5P0q041a0A353u2N021e0B3w045Z
g1_R3R1YiOMF_7NduL6Exd0kUmNYImyGmCKhyySX2JO5RA	pathagon-rules-v1	7	14	3	56	0m0N0L070M0e0l0V0Q0f090d020X05060Y0Z0H0E0K0k0g0f0A0J0C080S0GcE0O7k0ZMj0aGc03bC0P0KWjE135Hd0l90KgAcSh0WG2TLID4Q5W
g1_R3SvV_R1Jo0pqqXyKViGlobWmrKeG82bs-IqpIvpWTk	pathagon-rules-v1	7	14	3	72	090A02030G0H0F08010908040B0I0M0B0N0O0P0U0O0V0T0O0W050C0J0Q0C0X060D5N064j050_1Y6908360q0K4g1d5O06020D2JBX1f5O0t093w1c012M1a01091Y5O3603014iAp3803
g1_R3aw34_-ZpsIhQcJ6NYxQx6JBBLqFrm_aqITKukJPtI	pathagon-rules-v1	7	14	3	103	0M01000N0U0G020V0T0O0F0H090A0308010908070E08070L0S0M0L0F040B0I0P0B0W0j0c1d010t1Y2K6x080o002R0p1Y356y2R0p1Y350d2M0p083r032K360q041Y3s36030o342M6x080r0k2J4d3t030o002N0p1Y353u2N0p5h34082K020q081Y3s360b010c0q9C
g1_R3pz5OW3zlTwrF34UHfLRX84vBZ0WOXJeRHwsTux_0s	pathagon-rules-v1	7	14	3	27	010F080E0N0G0M0U0F0T0N0Y0Z0S0L0g030S0c0O0V0W0b0V0U0j0i
g1_R3zyTgmalcJysxdJxIaD6kn3iIEfvq0J-QLa-NU2ofY	pathagon-rules-v1	7	14	3	64	050A0C0T0f0B0h0e0i0g0V0c060L040G0D030K02090m0d07080Y0U0j0F0b4u0E0R3i0lBgO8c8bP0NAk8zWe0WKe0b0j01YxXX630XZuHR0j0U0cTbYr0P0VDP0Q9e
g1_R415r_opSMODQEUcjdjofVh0TpMnHEM9wfaeehXLUMY	pathagon-rules-v1	7	14	3	40	0b0a020P0J0I0F000Q0W0T0c0i090G0N0M0d0m0O0V0D0H0Z080O0I0Y0V0L0E0M0k0O0X0706S-051P
g1_R43YWfsdabRHGDkKx_HAGVR7X-S9F-FHKg7m2k1W3z8	pathagon-rules-v1	7	14	3	77	0V010l080e0A060F0a0B0Q0k030h0Y0N0i0R0M09040T0C0E0U0d0G0J0N0H05ae0DNZ07Fg0ZWTO37N4N0IBSVOR_FK0j8GJ1Em0STIaI0IOiCD0WEX5-1P078mPV0OYy09Mq0Z3iYC039p0VCq3g036l
g1_R47jzT4g9AkCYrhMc1RfGXad9NpHeVeqq7ygvTMN4pE	pathagon-rules-v1	7	14	3	65	0Q0W0i010X0I020l0U0703060h0J040a0c0K0V0R050L0N0g0Z0O0C0AAM08Yi0W0b0i0P0S0J7MIyP_3hX9Qg8o30C1TsMMSXIu0X0P0ZYt0hNFQGF40GLk0NG-bZ0R3-
g1_R4A269XPyKZvSt_bmQMI_azUcP0AmkjJhXQk7nbs5e4	pathagon-rules-v1	7	14	3	32	0S0C080c0b0I0h000k0O060R0N07090Y010L0T0M0G0W0d0J0V0E0A0K0f0HV618
g1_R4EB_Gz8lJk-T0I0_Pb8R5YlTgp14ctuzDfn093qXVc	pathagon-rules-v1	7	14	3	93	0l0m0k0e0d0f0j0c0i0d0b0U0V0W0c0V0X0Y0e0X0d0Q0P0O0W0P0N0R0U0K0V0J0I0H0P0I0O0GYg0ias0l0C0e5Sbd0m0DcGWwae0k0ecG0jal0ebP0B0AZI5Q4iAp0I380C4f5S3xA13H4f5S3xAo3H4f5S3x0Cbk5M660k0ecGZDaiWu0f0lWE
g1_R4Pgyn8aZ2-um16lOxqjJYMghq2t8Da-41nku9HOu_0	pathagon-rules-v1	7	14	3	80	0k0Z0g0W0S0d0Z0P0L0E07000E08090F0G08010F0R020M010N0T0Q0M0a0h0X0a0O0H0P0G0A096c07HL0TBq0WMR0MHI0L0TSW0E0a0L0TMo0MS8NG0c9f0PY8XU0HHI0L0T1J0a1s0J6KIT0NSW0a0C7B0TR6
g1_R4hJSWpNLGV8Us3Y5VNyavbHRYY_q2zVF36gDoshe_Y	pathagon-rules-v1	7	14	3	21	010b0e040h0N0M0P0L0T0a0C0T0c0U0I0D070F0O08
g1_R4nn2OWlNGyF469BnNZwmMhJO3Fi_jPk5gu77bKFa_c	pathagon-rules-v1	7	14	3	57	050I0N0G0A0W090T020L0U000Z0Y0V010a0e0H060k0j0m0i0c0g0b0l0F0QT0KoCqPX0FVj8V6B0JYaFM0E0S0BJ09u0BbU4C0Q4sGv0lZI02LMMq
g1_R4orLhN0f228c4M5c0qznvmIVMmWO90ua-79LKCwN0E	pathagon-rules-v1	7	14	3	54	0J0U050P030A0g0V0E0c0k0N0R0I040F090Q0W0O0L0e0f0S0C0D0i003AIZ03F0al8l5VUcC0010C9c0YKeXY0GHXb20P0H7z1y0X0B0e0z
g1_R52bhVkovy5XnLQx0RugiwGV53d27rRAD1HAf_XjpwI	pathagon-rules-v1	7	14	3	40	0C0D0J0B0I0C0K0H0A04030506090D0A020G01080F0P080I0O0N0M0O0Q0R000Q074q0J4A0FBa040M
g1_R53V3vyprj28Bguf1pdFUZ5Ae3EkhFmDWl3403PR_Nc	pathagon-rules-v1	7	14	3	137	0c0J0L0f0P0j0b050N0X0W020m0D080i070E060k0Z04000a0g0U0H010Y0QR90C5_Sj0IAYPSOE09Z39f1o0K09HO8BXgTG0fZTRg0i7KJMIW0ZEl4n0FQJCS2Ob50P7CLMGVaNLm0j6ZK70SDhGH9FWU0f0-YJ08SCAe5A7SZ2NgZGBB085r00S40XYQ0PKz0laUUGLi0NPsVgYz0jD705GL0DPb0dR00XOH0RPE0cF30Vc80UTV0l0QJtDn1I0f4L0G5AGj09DY8j0C
g1_R5A8YRprzgRCEIBuact_iE9XQdtBT_TktsTw_Zr_7Ps	pathagon-rules-v1	7	14	3	59	080W0I060m0j030h0T0207090D0G0H0e0g0a0l0K00050A0k0B0E0d010J09Fl5lEJ067b0Y0L0U0QDi0EaUbS0N8q0R6j5L3B2l03I-0TM40b620Z053W
g1_R5AWQWPHwzfe6XzdJsNkzdKBcK5gKQe0kUZZfrkq6ew	pathagon-rules-v1	7	14	3	15	000Q0L0S0Z0m0g0a0b0I0E05070A0S
g1_R5LcgrQhf9BwK2JNERC9NUxIYXu95f97kWZkHBiHWHk	pathagon-rules-v1	7	14	3	196	000L0M0T0N0U0F0S0G0E0708090Z080a0b010U020H0A0O0V0c0U0V03040B3w040t000I0u5N2C4d2O0p341b012P4e0A3u5R0P8W3A3u2N025S3A3u0A4e5R398U2P3t4g395Q0A3t6z3A4f1d3s08364f1c012M5P3w1c0B2M4e0o00360q1Y8S0A36080309393x2N0q4e0A1b092J0A350W085S3xW_0q0V1a0A353r2M041a0o34090A3s0q4c2N1d5P0835092M4e0801392P3u1c095S3A3u9G0B020I5S0t3u9G0B5S2P3r354e030o5N2N020B0o3r2N6A070o3r2N36030o3403Bc1m1R2J0dBcX91RRa0Z07Wy0p0a03
g1_R5NcVD4ymGZjlAtSuxwVA1_4qudGrnK4csS_bjbtr6s	pathagon-rules-v1	7	14	3	62	0M0C0B0F0R0b0H0A0e0O0Y0d0V0K0c040j0X0i0J070B0a000m0g0H0I0S0f0W0Nbn0O0T08PY0ULb0XZH0L0bNz0U0ATVQQ0b4CR40MVZ0O7k1K0hXN4VS408WZ
g1_R5VGz4MEYe7deQZmGbe1s1w70WbCGUd0O_0bs7bPpmk	pathagon-rules-v1	7	14	3	77	0h080905020A0700090M0L0801090F0E08070G08090b0N0F0U0H060G04030B0M0A0k0O0T0S0H0I0V0A0O0P0c0N0d450W630H0O0G0A0bYX0MHY0H030LMb0b8EDU0QHV200H0b190eBbL20J0O09Sc
g1_R5gz4i7Ryswj3e5fvkSx0MYgfECdR05km3GKGWFP9VU	pathagon-rules-v1	7	14	3	101	0c0W010G0L0C0N0P000E070V0f0g0B0j0E0c0X0Y0O090F020U0S040I0M0D06BJHaPR0mD4aSFBB_0X4F0ECZ3ML60Q0hLE2404YO0dMA0l5-0Qbm0G0KCC0mSC0RKsIc8L0X9c0JAMNV0VRD0iL-XC0RVnO8D4Lp0RPfZk0eEB0d3UJt0gIz0GGQPt150lTXFG0CUb6D
g1_R5pY3W94dXtCPMAYvK19-cvDmla5U5dx3bC9BrAQOLc	pathagon-rules-v1	7	14	3	66	0h0a0T0U0V0a0c0U0b0i0j0b0i0d0W0c0k0M0d0T0N0O0P0V0N0G0O0N0F0H0I0O0A090203080A0B3i0XI10dVi0PJR0OLC0M0W0NEg0IE00H6N0P0M0WQE0Q8y0AAT0QTe
g1_R5sc7SsEzYqPiVbW875dDz4BgjIk7_JsnQZt5tllbDU	pathagon-rules-v1	7	14	3	61	0R0f0T09070E0N000b010K0V0F0H080a0U0I0B0G0h0Q0F0A0d0c0M0e0D030SC20CEICq2IHw3SSy0aLz0RTCWBFRVSQkM4AM0YYM0h7Y0ZYz02Ip0iMd0b6s
g1_R60IcwVZ32OECIHaFWb-t8b9-eWxAngpgXuXnpUILSM	pathagon-rules-v1	7	14	3	91	090K080e0R0k0G0L0g0l030Y0Z0D0J0H0X0A0M0W0N0F0I0U0G0B0H0S0T0Q060A00Q_0YQ1E5Gk8GarI_8pS44t0Pc06z0a390X0jaVIN0R1Q0Kc4JL0BB60J0PXc0eSEMmY80GX90N5iVWMD0MN5CiWj0i1DZ7SFEM530HZnXV0b0TYMGfT6
g1_R69N94jorC7lCLZb5lu-ZJPesFe_bAd7DuGF_ERfkAg	pathagon-rules-v1	7	14	3	24	0m0f0Y0J0K0R0I0Q0P0M0W0E040O0B0P0N0F0L070G0H020G
g1_R6BGaM--Fq5nldA7H8tML5PN00MA1mj_6aSaAkJM74s	pathagon-rules-v1	7	14	3	18	0A030h0H080F04050U010j020P040W000D06
g1_R6CkmM49Iyfl6H4YWRXHX7uzXiSZ7CWhmlA-mZYOalE	pathagon-rules-v1	7	14	3	74	0N08040g0Y0T0D0b030Q0J0S020M0c070e010U0G0d0E090i0A0l060fAv0k8q1Y2o6e0Z795i0h7t029YBd3nYeH2N8IdTU039p0Paa0N0c4b0RIv0f0i0QZF0bY_0WKE0fPC0OAE0bG20e090a
g1_R6FkG_NRDS2YnQq-2KH0OhJyTUxRd1hZHHl8UaIoqqM	pathagon-rules-v1	7	14	3	88	020G0J0a0Q090m0e080g0k0M0j0h01030Z0K0c0Y0W0V0X0O0i0T0B0Paa0FS8Nj6-I3YdOo0d809r0E1jYQKuGCUzCgPe010HaL0R0KE50CA_0D8-0I0S6C0J0Q0CX102K50FGH09Eh0YAu0700U00dQH1m01Km08b71f0Hbl8S0l9E
g1_R6Mh8CuDc4IS10JOOP-rQIx3QBEuBDYbvjZtMuQFW94	pathagon-rules-v1	7	14	3	70	0U0G08050i0M0m0I03090C0k020h0j0Z0H070P0l0g0A0D0h0S0R0W0c0e0J0Y0dOJUCMO0T0Z69VnLk000KRxG6BIbM0tYH9G0Kbo075s0AJK0m3Y0I0cD40HaF00IC0HUq0ODCIQ08
g1_R6RIoU4jqCuoUPd864RQ7HGUq8EGNAGDLfDpRdGzs3k	pathagon-rules-v1	7	14	3	196	0L0M0E0S070Z0T0a000T0F08010F0g0h0U0N0b0G0i090h02030A020H0O0V0c0U0O0j0VZI398X033w385Q0A04X15GXn4W5R0H4fX03xXm3G4f05404g055Q4i3w9G0A05Yg5Y0H3x384f2O5P3x384f0A5S023A2N4f020A035S3xAo3H4f053t4g395Q2P3t4g395Q0B024i0AAp41040-4cA20CAo5Y0I0A4vA23x0r344f1d3s04363u040A3u4g2O02040o4c2O3t040o4c2O0B385Q4i0s02385Q4i1d0C385Q2P9_3s384f001d0C5R0t4c6D355P0q071Y693603014g0s3A033w385Q074g1Y352M3t0r1Y0107360q3r
g1_R6UovsRihXczkH8iAHrt8uzs1QLlnSusErz7nTtJaWI	pathagon-rules-v1	7	14	3	55	0f0G07090Z02010K0i0A0V0j040Y0I0F0X0T0H0b000Q0N0P0O0d030h0E0DIZ06QcBKJEV6Eu7y0dUc9qF40CTESiRN3D0O1M0eVI0kOy0a1Y
g1_R6ZQAJ0GmbiqITA9DzdnFyA1n8ZPIM0TZboTMB_EiO0	pathagon-rules-v1	7	14	3	65	0Y0T0c0F040b030a0m0j000M0i070J0B0Z0e010l0X0W0k0D0E0N0j0d0f0K4R0P1e0l0rKB34b55oUfYfHv0UTUQ5PMWqW4RF074509bZ0eDc0MBs0WAf0VLn0QaD0m2Q
g1_R6vclrcHW9LNJEXx99LviWVypdn_bKPLGOC8t1MK6FA	pathagon-rules-v1	7	14	3	18	0X050c030B040Y0I0G00060D0W020A010M0C
g1_R77rEcma4yYbDWni0UOM3GUlMVehxqKCSrZ_frx9Abg	pathagon-rules-v1	7	14	3	196	0i0h0j0a0b0c0k0b0d0V0W0U0T0P0O0N0M0O0l0e0X0d0e0W0Q0E0F0G0H0F0IYM0h0J0aXh0LC80Yby0eWi0QM50XRZ0eWqYFcCYvXdSEYF0h0aXdSEYFT0Z1XdZuYPagZBXdZuYP0hZBYOZvXeafZBYOZvXe00ZBYOZv1R0jZ8ZwXe0gYOXcCGSEZ00i0aXe1RYSSFbPXgcB0ZZ80iXh0aWvZ7YOSFZnXe0gYOXc0g0aXccBZDbS0lXc0j0gcFXhbQYRag0kXdcBYSbRZC0iD1X2bl0k0ga60GH4160F0M68X20GH4166oRh0Z0Eam69RhBd0_1Y6hMK0a0ES01K0THIXGSESu0aHIXGSEC20EHIBqRo0Z0LRa6hX2Mt1DRa0aX2Mt
g1_R79ncI9mfvqCqLYz_Xd-9scakbjn5MF6AKmCjVuvaGg	pathagon-rules-v1	7	14	3	19	0m0Y0f0X0R0e0d0W0Y0e0K0Q0J0P0C0D060I0D
g1_R7DcZg4a7oQMdtSdWZL52k2zBE8BDoPImzZkBePK9Kw	pathagon-rules-v1	7	14	3	46	010T0C0B030f0g0G0S0m0d08070F050A00040j0e0M0k0D060h0i0H0Z0Y0P0A0a3pWDED5SBF0QUgDf06LObP7eR75B
g1_R7IkLh3aNGOhFvjXAtmfykVRW_KQo__tCSltX5atqoI	pathagon-rules-v1	7	14	3	146	0M0S060D0T0U050T040F0L0Y0C0A0G00030E0M0b0B070L0N0I0a010K0k6X0H0O0JRQ1i0o5IVGEDMl0HJs8Y0h0E05Gu1Y354f2O0p1Y356B2Q0p1Y356B2Q0pBV3C1m2K6T70Bx1mHW6T0ZBc0_0OWx0iBcZS160M6MRYaiZBSGbWZzai0FcFbSZz64alZBbSZzcEalZBbSZz5G0ZZ8bSXe0lYOagZy0gcGYPagXfZ7080ia6BV77HP6TMKBx0_Gs6T0FBc0_GsZZ6aBc0_0QMD0FX20L1RVq
g1_R7Pf3aHgtHDxwsUrSYo--NLuCO6tGv92Kuv70ShZCNI	pathagon-rules-v1	7	14	3	45	0f0F0E0U0K0k0X0b0l0H000d080c0m0A030h07090T060R0J0M0O0B0Q9H0aI9Kjb98o3d32QC0e0rTw0iO50CVf42
g1_R7YDGo75I-7ycgvAhUbwH8N9iwcZYiVaP15lhBDGWAE	pathagon-rules-v1	7	14	3	91	0T060d0O0M0F080G0F0h090L0a0Y050Q0N0S000P0i0Z0U0B0g0b010G0E0a7e0C140IZ80eIv070N0fbM0aQg0ENB5NWzBdJ40T1vSV0CRjZ10QYD0TUH1H0G0H2q6S0V0JB9Wg09RK0YHGLfGWR7MlBNMC0R760f0CWG080Dc3VH09Vx7XT5
g1_R7Z5q3DYUpP38bj1x4E8vJZBkuiLEkfzkAQrgjgZjMU	pathagon-rules-v1	7	14	3	196	0g0H0O0P0I0J0Q0I0P0N0G090A0G0H0B0C0A0J0b0I0U0V0W0X0V0c0d0V0c0W0e0M0F0N080T0aXU0U0S0NMY0S0EUhRe0T0BVR3s340M07BW0qGs2N1a350q0N2J1a0A3s0q2J8T1c350q2J3t1c350q2J9E1d350q0A4g1d3A0B3w2N5Q0d4g8W3A0A3wA15Q004g0s3A003w0o5N9E4f1c0B01MG3w9G2P3603014g0s341b014g5S3A030A363u1c012M023w5R0A2M4e0B01390q3x2N0A365Q0B4g1d3A0301340A2K5P0q0C1a0A0e3r2K6A0B0o342M9E0B0o342M020A0o342M8T040o342M3t0A6w38038W0A3x0r4c1d
g1_R7jaIrrLHmCScSSyGHDgUfzPMv_TiqZNNklcFGDjfNs	pathagon-rules-v1	7	14	3	83	090G0M0N0b0F0S080T0U0a0Z0B0L0A0M0S0E0H0I070H08000O010H080V070c0U040P03190222016d0dR-4G7DU4083A7DB108Td0I0D0H0Q7R0f08BU7RLzC7Us07bk6TBw085v7f9Q07MJ6T1-079A0L0K6s0ecG33
g1_R7sC9clD12Y5XZUpYU-tKjca58WXEL9AqfvaTATsb00	pathagon-rules-v1	7	14	3	196	06090D0G020H0d0I0O0B0j0A0e0C0R0b0T0i0c0k0Q0J0j0L0U080N050MF40EFq0F95LSYa010d0KAj1GTK086N7KQnJ1c3MCXMWh0N0f5CZa0A5V0N0FHCB3BxGJLZ0WMD1g692Q1DGs1t6hMt1D070LWxSE6hMu1DXdSEYP0b0c0U0dXcZ7Mv0IYPXcZ7cDZ-0jXaY7R7F5WNM5GBR7B9WN5vGkLmB90TWiGkLmby0mWicAMC0RRSL-by0DWiGkMC0a0fZ2RV0hai0bZBYOZv0jcBHcYEB9WU0fREWiGk08L-byWU0fREWwGkY_0i0fZA0bXd0QZvcEZ7CBYSZvXeZ7ahYQZvXeZ7ahYQZvbTZCah0kXcbQZC0PZyXeYO0baiTqZ8
g1_R877nNF6OZGFkoSmH-xFx0q1aH7MFDi30z36BaBpIc8	pathagon-rules-v1	7	14	3	58	09050O0f070U0c0V0K0l0j0a020Z0h040F0d0P0R0M0L0Y0D0A0B080E6m0I7h0d0N4XY6F36vBF2x0CJD0OIpNnZK0HTw0jKg0DCY0J05Bn990cLQHR
g1_R8J9R6jB4aEmqjhglp_5w5pWl8QAhFuB5peig9nppGw	pathagon-rules-v1	7	14	3	37	0E070T0i0b0H0J0M0c0D0L0X0d0A0S0Z0I0a000j020f0V0Y070C0W0U0P0e0bWa0T0O0UK_Tq
g1_R8NwdqTWoMg81V4ModwWiyXtdeuz9zH-OBZaKoPWeMM	pathagon-rules-v1	7	14	3	39	0208090a07040b0k0Z0N080h0g0a0i0U0E0T0S0L0M0F0G0M0c0V0O0P0H0O0V0W0O0VMd0XJb01DM
g1_R8QUzdr1YjuJU51HwYCCq-TYkQfzRjb69FJJAiv7xDU	pathagon-rules-v1	7	14	3	29	0C0D0f0E0Q0L0J05060b0h0T0S0H000j0l0a0i070M0e0X0c0K0U0D0F0e
g1_R8RsybrJMbMR11OHUXzD3CuDucYKv6W7onbr1nqik0U	pathagon-rules-v1	7	14	3	196	0K0O0F0a0C0Y070c0j0f0e0X0l0d0k080e0m0Q0R0X0h0Z0J0g0N0W0P0d000S0Qb6cGQX0X0106UubWAbL00C5b0Q0iRe0XZi0d0NcG0W0eXh0d0lZ7MmY80W0M0T0N4OXcaf1TcEYQ0MZAbWakXf0d0cWv0WZycEbS0b0j2HalGp0abQcCakZyXe0d0kYM0W0hPY0dAjXabQYRcC0WXd0OYS0IakWucCW3Z0Mv0aXc0j0ebQY8SF0ZXdSEYQMuZzXe0J0ibWW80e0IcA0X0dbW0e0fW8cF0X0ebWakQm0XcGZ-aiZB0dcGZ-aiVM0WcGZ-aiYQ0dcGZ-aiVM0dcGZ-aiWu0fcGZ-aiWu0icGZDaeRX0YcGWwae0k0YbrLfFlQvGdB2
g1_R8SDtHyT0Udi1c9i3IzFKCFBuPU69c4evAEzZmbxnug	pathagon-rules-v1	7	14	3	17	010m0g0P0M0b0Z090705080e0S000L060E
g1_R8XHw0J55rwH0uhDt_FlEWD7lqsaig4Bw_XieRSislM	pathagon-rules-v1	7	14	3	24	0O0H0G0N0M0F0N0G0V0U0T0N0U0I0P0W0X0L0W0M0P0J0Q0K
g1_R8_B-Nj_o6PXs5B9qkxfiH96VtTbiyWVuSbd8_5DRsc	pathagon-rules-v1	7	14	3	26	0l0P0Q0R050Q0L00010203010A0B0C0G0H0I0O0H09040N030B0A
g1_R8g-ASbZFy-eJsBbUZAzP6J728n-syINFiiNupCniN4	pathagon-rules-v1	7	14	3	71	060D0A0N0X0Y0H0W030C0j0B0O0G090g000U0V0P0I0O020J0T050407050B0Q0U0X0V0I01NI0B0R0J5iX91D6hHW0I0ZDgGrQvL-0Hby5hR006Lm5o0GC10QLYG50X015U0_Qp1t698g
g1_R8kVdWv-8KCmIYVfTcagtOtBtTXFQaq1IV-sW51EALo	pathagon-rules-v1	7	14	3	43	00070f0Y0E0F0R06070m0Y080k010c0G0H0d090A0W080M090a0L0N0l0d0eIq0BSg0XMm0N1D0V0O0WLS0NUX
g1_R8onCkIsfsWsjg4jydeJI_5sHwkWK70Dt9XyFwIh6JI	pathagon-rules-v1	7	14	3	95	0I0B0H0A0P0O0J0H0Q0C0W0X0V0U0N0G0O0N09080F090M0T0N0d0e0c0X0b0a040T03N30U0C0NSR0T4p3w5h3AB958GI5h0fREWiGk0KL-0RWwM5REGdbrWGLXAo0R5S0B3xGI0K0C5a0RGBLmB9AARSGdMCB9WUR00CLmbyBG0DGWB2R00eLm0CB966
g1_R92UsB2v8mDjbVdR8ipK1L1YnIglGWOeyHsojWw8REo	pathagon-rules-v1	7	14	3	60	0R0Y0k0C0U050T0O0D060e04090j020i0g0l0b0X0J0Q0e0N0W0S0Z0P0dYk0kKs0I0iPaMDNk0Q0hEEYGYhaJQjO40T0W1D0XXzGqZX03R70L0MHY5XPW4A
g1_R9CiW-YVMdYk-5Kq_Q0N3UdDPM-0XU78y4TJQQpx_Dw	pathagon-rules-v1	7	14	3	50	050U0N0E0T0a0b0L0M0U0F0G0S0N0F0M0Z0T0a0g0h0i090b0h08070F08000107020A030r00CM0F3w045Y0C4i056L075Z0tNF
g1_R9FumY8IYwb6GQy7ouljkk91ACiDNblQWmzYd5kyvzo	pathagon-rules-v1	7	14	3	98	0Q0G0k0m0C0L0g0O0I070h0P0N0e08060b0R0A0X0Z0M0D0i0302040l010c0N640fbd3JJeF1Yr0i6lXz0E1sUES60mYz0hCl02WS0BAM0fXdWJ0Cbe0ZZcRT05A7IR0YBdAo0Q0NJK0CVc0AV00PLH0N0a0TSj0V0bGH0jYe8E0hB60KSi0D3N0eHg0TJDGcFL
g1_R9Qgs0b2Zm1hRuRf_j87ve5Aul3XwSuCkWYpMNviAx8	pathagon-rules-v1	7	14	3	24	0f0T0Y0C0D060B0504030C0402010902000L080E0A0F0708
g1_R9SG16KYj_rW1JM_ggYy_k6RMznIOjrolX5H61uyHwg	pathagon-rules-v1	7	14	3	17	0h02000F0E0b070k0L050a0A0c0U0S0P0T
g1_R9SxEYTXAWXRXVjPzqmUx2pmYueGWZoD0JQ75Ecz1ss	pathagon-rules-v1	7	14	3	51	0k0g0X0J0L000A0i0F090M020B0N0a0Q0f0d060O0D0T0Y0I0e0c0l0WSMUuHQ05Vu0E0dUS5rFB0KKt8x2QID0hWaX506AcP10S1z
g1_R9YSU1HWOddJE3qOPEC8GrOgiUJvUs-4jIL69R6OzFc	pathagon-rules-v1	7	14	3	57	0K0R0g0m080i0T030S0H0L0Y0A0V0E0C0e0O0k0U0X0I0Q0d09070F0NCEM2KlDpCx3e8WQrQH6rbBJP06Ev0J0HY6DU5uE275Uc0ANz0kcA0W0m4S
g1_R9eDYr0LgTsCSyA3Xc7Gy2koHYhPr_idzxmHwfTTR78	pathagon-rules-v1	7	14	3	42	060f0M0U0Q0Z0N0B0C0S0l0X070W030P040I0j0Y0b0a0J0i08000R09ZS0hAA9ybD1N0gc8BM0H798N3sEJ
g1_R9fKpCEV6XAJqwdCM-4XPH6KNiDtwRZm8aHEBVCqh14	pathagon-rules-v1	7	14	3	62	0i06050e0d0j0E08010a0Q0L0c0b0h0F0G070B0E0F0k080l0M030g0X0W00CZ0F6zTfDZ0AY73l0X0z0S0D1Y8u0BB-0NHS0K6l1T0bXcZuZ0NJMRXNSEHPY1Ms
g1_R9iGvqeUF2ErpW3mwgn9f36zm4qoYMDlL5U82pRG7QI	pathagon-rules-v1	7	14	3	22	0i09070E0L08000E0A0F030B0G0C020D090H0N0G010A
g1_R9ink5QhVj0WdeVL2KcE8u9UOX25K8pTq-MbQC59mHc	pathagon-rules-v1	7	14	3	56	0F0l0G030g0K040C0O0M0V0Y000a0d0i0e0R0H0N070c0Q0Z0B0m010UCYT01xbkDnXs0XRXE1GD0T0FUjBR6HLdbkTuLKHtAm0KXE0m4F0h7k0a
g1_R9pZh2plrmV-6-TQG52jgkOQ_xcgpDzt-JB247g6tGw	pathagon-rules-v1	7	14	3	57	040A0U0W09080700090E0B0G0N0F0G0H0A03020G0I0J0K0I0P0C0I0A0d0J0B0I0D0R0Y0W0R0k0P05060I0m0f0e0d0P0e0I0OIt0Q0X0c0l0J0e
g1_R9qmMTyClYwiihjFT8DOjHNS2uuRg-9UZAgd89m-yV8	pathagon-rules-v1	7	14	3	196	0F0E070800010M0L0S0T0G0N090M080U020A010H030O0V0Z0a0S0b0c0g0V0h0i0j0b0iRe0aMIX14238035SAq4238035S0t3r04075S0t3r6C0B07Ap0A385Q4i6D07385Q4i2O02385Q4i2O0C385Q4e053u4g2O02380q4c05074g0s3A033w385Q001c0o4c052K4e0s68072K360q001a0o34032K020t4c052K5P0t0I3w2N02EZ5UC9XwHP0B0a3A3u4g0A5SX13u0r005S0t3r1c015S0t3r04013w385Q0I040t4c1d3s0H365Q040ARd4i3wA10P5S0t3r1c015S0t3r04013w385Q0W4g0s3A033w385Q0d4g1d3A03
g1_R9qwpRAp2oVQMoOcUCqgRg9x33wtVtnDCIrmpzgpMNk	pathagon-rules-v1	7	14	3	79	0A0C0c0g0D0j0W0i0e060M080N0V010F0d0S0m0H0L0U0k0B090O0Y0T0XYp0fCr0EJGbyZ-7zNNMBcCQyXUai6Ob80K0lOw0HO60kALbF0cZcKz02MU8g0ga90a7x0mWuIe0lTT0RSj0j5W06Eh0D0V2dOl1y
g1_R9udkBQ10KfFww2sGfu8Q7_GU83OoJj_b_Fz4AA0u8U	pathagon-rules-v1	7	14	3	196	0O0N0M0T0N0U0V0H0G0F0W0M0G0P0I0d0P0H0c0G0b0N0a0Q0J0X0e0f0d0Y0R0K0Q0R0X0D0C0B0A0C8X0HVU0e5R0C4iAp42G95h4iAp0D0C5h4iApA03t5R4d342M3t090o342M7i090o342MEb0I0A0J0o342MD30G0o342M7i0H01380GWD1d3s04360q1Y3s04360q1Y3s06360q1c0f035aGB0K39An3sG92J361b0e4d0K0pG51cWB2O0p341b3s2N4e391b3s2N02391b0o2J3t381b012N1a350q3r2N1a350q0f2N1a35D43r2N1a350q002N1a35JC3-2T1a384f0O2O0G5R0p0AD2342M3t0G0o342MWC09014g1d3A
g1_RAaCPqbDiN45Sb0HkvMueq6BnJb1SHhEPWBV-OIhSQY	pathagon-rules-v1	7	14	3	17	000W0S0L0E01020c0Z0F0G060g0i0L0X07
g1_RAbbc51ySw812sXf2TOnFAw6CelMJU_e4KKO1GWXr8A	pathagon-rules-v1	7	14	3	60	0C080N0D0Q0J0g0Z0I070A0m0Y0G030e0k090j0H0c0X0E0h050S0B0I0KMq0i0L0a6aSk0b0O0I5AblJDUlIdDgZK0G0jQ4KW0WSM0OAj0RXK0Q0VFbaW0P
g1_RAby5gj2lmuLoDJ7znwnAHhSTWtF36ri8TpWq9ZM5aQ	pathagon-rules-v1	7	14	3	60	0O010F0B0h0Z060A0l0D020E0g050d040R000e090K030a0j0m0c0J0f0U0VXI8i0b0LFS4HbZ4oTmWNGF0kXhMXO23M0UZN0G0gM1Dr0QAmc10YYBGwCz0D
g1_RAi6q_OCOQLSNxtEkeVSxi6bQ74L8aBI7dwbq9MbAsE	pathagon-rules-v1	7	14	3	27	0e0F030T0a0U0Q0V0I0j0k0L0i0G010R0J0h0X00050S0g0Z0C0j0d
g1_RAooyOH5apVYUHlkRVRlE-lbzmD-cDpN0XZwmg1NSSw	pathagon-rules-v1	7	14	3	13	0i0h0b0a0U0T0N0M0G0F090802
g1_RAsDgJVG-Cx0RGZztDrQXl7iS_jENqMVwEYArNP_Zy8	pathagon-rules-v1	7	14	3	49	0h0R0Q0U040S0T0W0M0J050X0Y0V0N0O0P0a0O0Q0d0L000W0Z0g02030c080V0ZUu0mQy010U3M0dLN0eT04j0PNWFH0jcG08
g1_RAthvIq44TJprhSN2OH3QprpjuhfzbjL0qyWR86IBdU	pathagon-rules-v1	7	14	3	37	0c0V0O0H0V0A00090G0N0U0b0G0U070F080G0M0T0N0F0E0M0a0I0b0B0U0P0W0d0L0W0M010j
g1_RAtw1QP2bHGpiw6pFPaBmfiRvDOCbBJgjkMjy-gZDyE	pathagon-rules-v1	7	14	3	196	0A0B09080C0D0B0I0J0H0G0F0K0G0M0N0O0P0H0N0I0O0Q0R0T0Q0K0U0V0W0O0X0N0U0G0V0Y05GB0RR70Y5a06G90K030D365Q064g5S3A03Ap3H5Q2P3tAo0D5S3A3u2N025S3A3u2N005S3A3uAo025S3A3u2N025S0t42G90K5SAq42040K3r2K5P040o342M3t040o342M3t050o342M6x040o342M02040o342M4e050o03084g2O3A033w385Q024c1c012M1a3s04360q1Y3s04360q1d3x2N364f5O3r2N36050o3u2N4e1d343s2M4e0r1Y352M3t0r1d3A033w385Q064g2J365O3u0r2O02382M4e053u1c2P4e053u
g1_RAvtJLmHTCbl_nMzqBfcNW_nGtnrVbsnBEYqCEOD6W8	pathagon-rules-v1	7	14	3	75	0g0j0G04000N080C070R0V020O0J0k0P0B060S0a030T050h040l0f0F090H0i0e0d0O6mA45CM_0QZQ9SJ8WX5XOrbFVh0YL9On0b1o0E060hJGG_0111080I0B09bs0I0H0B0F0lSb0AAL3-0m9S
g1_RB4CXSgONH-tQlE4_FloC-gGxKyi7T8o0d1aNtRGvwE	pathagon-rules-v1	7	14	3	196	010204030A0B050C00060709080A0D0J0E0I0F0H0G0K0L0D0M0N0R0G0Q5l0PAq0D0W0K5mAq3HG80K5PAq4p05Lm5u060Q5S9h40040C404g8W0A0CAt4i0s9C3F5Q060x003F5QDf4sA23GVS064g0s342M02040o342M4e0501030D4o5R052M4e0sQ2062K5P0t4c053s5RAq4p0s0038An5a0t2J363u04025SAq420r0039An5a0t3r380R5Q0s3rAo064f5SLw063R5Q0D4g1d0o00360q00Ao1I342MG7063u04015S0t3r1c015S1E000U0oOq2o9E1j013EG8001i013F0q001a0o34032K360q001a0o34032K360q00
g1_RB6M_7aJyHr4AFZGOQJz-PZ_qCEpmsuMBvqLUiVWIAA	pathagon-rules-v1	7	14	3	59	020k090A0C0c0N0R0f0U0T0V0d0h0E0D01050e0a0X0i0L0l0H0G0M080YLZ0Qa22hSu1qTzAgRlJpP4QH0X0Jb0Wx09LLDXDv7L0l9w0OQ10cQX0Z0KCi
g1_RB8oIBkAXWX3ft_PUCUxqDI9z3baLw1ZHqyP7kMV2HA	pathagon-rules-v1	7	14	3	70	0M0R0j0S0J0H0h0O030i0V0e01070A0T0B020a040N0g0E0D0d060m0K0W0c0ZLX0h080GE1Ph5DSwMeBe5x0S7e9IBCS5Geb-0k5y0a0DUZ0YbP0K4Y0l04MrXh0HVNET08V-Cw0I2-
g1_RBBuDIzx13qEFoXXjTHFB3xz1ykaUTho4ahuvnf1Yaw	pathagon-rules-v1	7	14	3	62	0H0R0W0g0i000l0b0j0O0Y030Z0J04050d0D0L0N090G0c040a0A0X0b0I0k028i0SAvZTJN0m4EPvTEYa0hVH0DanK2VlYR2Y0P8La-0jLh0iFM0TIabe01Q84g
g1_RBLJDVuvswz6lQCVCQBGmmtB01nO327_roc7MbhmS54	pathagon-rules-v1	7	14	3	32	000E0702010K080i0F0T030B040l020M0L0S0E0V0A0U090P0I0J0B0W1K0QHI0L
g1_RBOiGg_3715FwVYvsSefK5SNfBswM8wfIoWRww-nbE0	pathagon-rules-v1	7	14	3	54	040h0f0g0U0i0e0b000l0c0L05060m0W0J0Y0F0C0H0D010R070a090KWXYrEJbDIt0fT_SO1jJsQCHY9xBH17RCbiTUVr029PM20eSB0L2x
g1_RBVDok7xaD6GhudbQtX4PP6L4YcTGad0zixcPSWdGaY	pathagon-rules-v1	7	14	3	43	0h0i0a0Z0g0b0c0a0j0S0i0T0U0V0b0U0L0M0N0O0U0M0E0N0F0G0H070G080N0F0M090A00Wy0gZG031c092M
g1_RBgPCEUXjY9XAznksJk5nSlSDiqQriUPsMRwaNswsMg	pathagon-rules-v1	7	14	3	26	0Q07040J0I0P0T0B050N0L0X010K0I0c0F0Q0i0G0M080S090E0O
g1_RBqj86JuLbNhHkO8_Af1FQiDYAUhgkHeOiYKiJJIXOw	pathagon-rules-v1	7	14	3	71	0F0M0j060H080a0i0k0D090Z0E0S0B010m0l0W0J0O0Y0c0f0g0X040T0eQs3rBP0FRuVmFp0CHqZXWnc10bE7TA8HYECCYh07QO0P7Q09NG0aBE0eMh0b059_0UTV0SJk0iaK0ZKO0F11
g1_RBwdaXTRCCBzrUYR43NGVBeVMZgbCcSNVWnExeaCPYg	pathagon-rules-v1	7	14	3	21	0K0D0R0Y060Q0X0J0f0D0Y0C0I0B0J0P050Q0C0I0m
g1_RBxx_aRB8rVaXh06jyFeeammHkU02NWvWvYd1IpbxPE	pathagon-rules-v1	7	14	3	92	0U070N0P0J0l0R0E0O090Z0c0e0A0D050f00080W0T0C0Y0k0m0F0H0IJAPdEPUF02Af27690h8YW3YfA-04baFJXXa83PBm0S3u0G1v0IEM0e500VSfVv0BEm06HF0eMT0kXk0hDO09R30gWt0w2X08LS0YB307IQ0KBeVZ0M3DPV0DD8Af0X64
g1_RC-tefU7nEjWOneLMtUdsYcz6Vc4kMy0XmsTxK_JdcA	pathagon-rules-v1	7	14	3	93	0k080N0D0T0O0m0M0b0V0c0F0l0J010d020R0Z0C050j0P0A0H0L090i0cYW0X7YRuVANb3XGD8x04GybKCy7DRD0BFY2eZO0gB50UNh0TOj0F0PaX0MUy0Jbe0SGL0E0NK20eJO090O0XAKVu0P460lOuHl0BJ-090P0M0OQx0L0f5jXQ0F9aKh0h
g1_RCLYebgF3sZhMdon1kG0xDdwSumsTo9A9QJYnjvX-C0	pathagon-rules-v1	7	14	3	59	0M000k03020U0Q0K0I0B0V0A0Z0P010R0W0c0F0O0h07080m0L090I0X060D0CLv0EJs0P1BHi890SOJXyTxMp6pH9Zu4-0fS3KmBs9nA5Wn0L4RFq0i2w
g1_RCMoh5t7Y-03Gqe_eG4njyGSwaqQyuj160w0BMlMov0	pathagon-rules-v1	7	14	3	31	010G0S0X0F08070E0L000F0E0I0702080F09080M0T0H0M0N0g0Z0b0U0a0A0h
g1_RCSKbmJAxQ4PgB3-ZV8NmNDjiKN09F0__cwHKhHsKSE	pathagon-rules-v1	7	14	3	38	0m0l0g0k0A0f0j0S000T0O0Z060Y0L0I0H0G090e020H0B0P01030J0F0XaU0bCm040N0k0M5lRQ
g1_RCZWLUmzQ6mHEIY_yAtC5gFVzznOBVGXCZv062xFALw	pathagon-rules-v1	7	14	3	108	00040J0R050C070I0G0L0a090Y0T0U0W0b0m0D020S0h0l0T0e0f0d0H03060Q0gFwEKDK0k0PaG0GXY0A5VKY0V0KEP0PWe8o06DV0C4-0XGj0fBL0VVv0XME0ZFy0gLP0jPW0l0iHL0LWd02S40UMA0KP10MaU0JZiFw0DGaRW0kbn0fPz0NX90RYi0YNFU10ZH7DC0gawE20mLbEq0d5d
g1_RD4b6UKlW5sjznNzPATVVa6tulndhkSo-d-pDk5Ssps	pathagon-rules-v1	7	14	3	74	080D090C0K0R02010K0J0Q0506000D0703040B0A0C0G0J0H0I0F0P080O090N0M0E0L0U0_2J1a013u0r00050o3r2N4e050o342M3t0401390q3r1c4d2O0p341b3s2N025S0t341b3s2N026-
g1_RD77EYIblPDt9KpFPvzR2xiQe5Fsip-uvLWEV_KJgC0	pathagon-rules-v1	7	14	3	52	0M0j0G0Y0P0L020e0C0H0Z000m0W0k0V0X0b0N0d0U0809010A0D030Ec71CRs00INBaEkTW0E4w2NVs0M1W06M10FHNI20fAh0SLZ0U
g1_RDB0QEg87qcIXhrHq47iVRHJwCCvrnz7LbXsP5In638	pathagon-rules-v1	7	14	3	29	0J0Q0A0I0B0M080P0F0e0m0L0f0X0H0W0I0Y040V0R0E0Y0C0O0N0J0D0K
g1_RDPXqKBGNaVLLDWUHSWN0dL1dKsHGXBgmIHQSEtm070	pathagon-rules-v1	7	14	3	32	0E020Y0l0f0L0j070Q0R0m0a0F0M06000K030h0S0H0d0E010W0A050B0C0D0g6K
g1_RDgVZ2VbGpVB-twG-RdwukGR71XWViMRm0snY-Fd4QE	pathagon-rules-v1	7	14	3	17	000h0g0m0i0K0E0Y0S0a0Z0W0b0d0L0O07
g1_RDl_Ig0liS3UgiF8gAhSe-LLDt-HNZegcb8szecadNo	pathagon-rules-v1	7	14	3	63	0G0N090U0F060M0O0J0T07080K0H0m0g0V0D0A0E0C0W0a0L0T050M000Z0P0SJz070V0Y35bx1C03XSSF1aDf0G0AOI0kDQ0XLs0GRe0I0B0H2k0IAzaT0C0NHI6B
g1_RDoRkDCZdMlYVmTvH3ABgTUwf9d1KBLPZz7dy9ZrYKU	pathagon-rules-v1	7	14	3	22	0c0M050L0j0U0g060J040f050K030Y090G000X020l01
g1_RE4luoKzXdFRj44qEr9Fn8ZYSANPn1srF8xwh99hll4	pathagon-rules-v1	7	14	3	54	0I0j090U080H0i0l0P0S0F0E0h0407030k0m0a0Q0Y0M0b0d020K0f0eRE0Za50N7rIO0g4RF4167dc1Xh0OK2VA0AEB01PU9d0Q79UEcG3N
g1_RE6X4fHAksZGi2fZRxBgzoHMzCn1hs8Kxl6dXfMBygY	pathagon-rules-v1	7	14	3	26	0i0h0U0j0k0l0i0k0g0N0G0h0N0i0b0a0Z0m090a0T0M0F0T080S
g1_RECHrA0hTP-76OzbUBtr6ecWyioC643mRh3IAtgHdIk	pathagon-rules-v1	7	14	3	33	0C0B020D0S0C030f0c0G090L0U0N0A0H0l0M0O000H0K0I0P0F0O0G0k0N0a0V0X0j
g1_REHZCQBclaWdSuHO27XQisn4xx3DX4RC4LO49VOTy2U	pathagon-rules-v1	7	14	3	196	0H0O0I0P0G0N0B0A090H0A0C0J0Q0U0J0N0I0V0W0X0Y0W0R0K0D0f0K0e0d0c0W0d0X0b06055R06A00C3t0A384f2O0B3t38030C2O0A380C4f0B3t0A38032O003s0p4c381d5Q0t3s4c2O5R3A0q023r2N360C0o3r2M4e0A0o342M8T0A0o342M020A5S3A2NAn4e0B3s5S039G3A4f2O3t5R3A4f0B3w5R3AG74f051a4d0s0C5R1Y2K8T0A0o342M020A2K020q0802LY1lR7095aWGGW4w055aLYGW4w055a4iGA3sAk2Q0204015S0t3r1c015S030802720t4c1d015R0t4c05695U0v4c1m6T701DBVH46TMK1DBVH46T
g1_REqNThjCKIuSKdOgOxg4iFPw0TeC4APmYdw8MVQcxNo	pathagon-rules-v1	7	14	3	25	0c090A0K0j0e0H0N0P0a0B0M0W0g04060307050k0l0m0I080V
g1_REvGZtaI8AHQKwUa8WsRXJAKIuFu_QrslyFzQMnJJBU	pathagon-rules-v1	7	14	3	34	0g0O0i070k0U0B0f01050Z030c0a0L0e0h0V080H0l0G000Y0I060C0S270WRbJg9y3X
g1_RF5QdrswiRZC_X2uF5tNfc-Kyw4EaiPsw83-sj2oIkI	pathagon-rules-v1	7	14	3	82	040I010R0S020T0G0g0D0F0Z0Q0K070c050N0H0W0C0e0U0j0i0d0h0l2706MsU0Yv0kA8GL0EanMb8M6a5z4PPOKnDnMMT_WR1o0lBD0H0AWy0g0W0hCn0fC7XK0LWY0Fae0YKe0eMB0gVBCi0F1o0ZTK0KVP0b082t
g1_RF7rlL_9Rlo40WkGaNUHsAAuzK1PznLE1f0gIt0QCzg	pathagon-rules-v1	7	14	3	61	0G0h0d0J0m0b0c0O000j0Z0P0i0N0Y0A0a060Q020T0H0g0D010S0U0EYb09Sm0lX00M26G24gZv0uEUUWMtRa7r69B2DX5yNy0X7X0NKz0U1G0X0P0c0QBd1j
g1_RFB48v1HMdU1R5mDtM5o__soqf4V61MnYoR_HByA5eo	pathagon-rules-v1	7	14	3	18	0m0D07000j0A010208010k040F0C09030Y05
g1_RFCUi155G7rfZHliUnyoufErcvkmfETFru8_-Fgv85I	pathagon-rules-v1	7	14	3	139	0h0K0m0E0R0Q0a000Z0D06050i0g0V0H0G03040W0e0k0M0X0A0P0709Vi0LYwKY4N39b_7v0NV-YR0wM3Gr0K0eOBERT4TgRC016LHE0iLH0GJk0h0PFM0aBC0dG50b6408bF091NVg0O0RZU0jYK0QZ80H0IKc0D7W0hZX0GQ509bY0aKj0XYXJl0lML0PSL4r0W2Z0Y3t0K0BQK050r0QEf0m4G0BUO2x0jBu07DXRK096eVK0cKe0hEE0aXTUa0dNH08Zhb90H8A0I9xHt
g1_RFF8fHNstJ3yfWI1E7Sj_yZjsdqlYUZ30FjuKiZuYH0	pathagon-rules-v1	7	14	3	21	010W0S0X080Q0F0R0M0h0T0f0U0E0Y050G0c0g0b0Z
g1_RFIBFPy11pPpQ3DrUsiAnnmySpX2RpshrPZ7pGwVoB4	pathagon-rules-v1	7	14	3	94	040K010e0U0S070903050i0I0P0g0W0k0C020G0Y0h0R0T0V0D0O0m000AVzDe2U0LP6B4EfP-QqNj0AHq1ub3JP6nMAArHr0W0-0M5c0CMr0XUH0c7y0H0O0V0ANt0S4400Aa0l359S0eSa0HBF0LMWHk0Tbt0mXx0REGao0bbYI90mV40l6b4nR9G8
g1_RFY0hvL4AuAaojaoT7trxoAcEusxyNue9s_1lMtKEsI	pathagon-rules-v1	7	14	3	18	020G0N0U0f0K0i0E0L0S0H0I0c0H0T0F060J
g1_RFfh743LOheHbSy0JX5eS0nrOESp8NSaAyZ3gvTce24	pathagon-rules-v1	7	14	3	57	060E0e020l0c0B090m0F0A0D040g0Z0O070I0Q0308050i000S0M0L0a0X01040U0HSfHJ1r9bFES83db5Jf8pXW0g0jN90h0IC10RUO0lGaLs0f5u
g1_RFftyUcTJPUqU4kCwVZFmmnoR2kPek1wKYlxv-M58SQ	pathagon-rules-v1	7	14	3	48	0K0e00090f0Y0d03080j060D0V0W0g0C0M0H0U0S0G040k0O0X070i0B0R01OY0Pa90EGq0ZVE01050F0dCI150h8_RnWf68
g1_RFoeU-HD7p_l0UnOVDZKxDrYfuYRvayQmn15q5jSpuc	pathagon-rules-v1	7	14	3	44	0J0g050d0E0U030W0O070H000Y0e0I040R0P0b0K0B0X0C0c0T090F0a081QG40l9h00Cp114m0DN9GgAQKZ8m4W
g1_RFuThgSNg7eSdDxg_luVh8oa1i5oYPSkwTYrBDMlBF8	pathagon-rules-v1	7	14	3	40	0T0A0j0B0P0Y0X030I0F08020Z0E0W0m0H0105040i0G0g0c0M0b0a0h0lbv0N00NiBoXLRBQi0CYgUB
g1_RG0D41cpkFP8tIWVk44WApMebuTFgvt2AnIf6NIIldY	pathagon-rules-v1	7	14	3	81	0e0K0f0c0H0D0W0X000E080V0S060F0G020P0R0d0b0Q0g0N040M0I0l0OAv03Q70h9y0aGN0WBWXALE1R0JTDKR09bU2iQd4Abl0XIf0FFt0Y1j3R0OKG0aMg03Y80PIxEp0J3JNL0I6O5q03Ev0Da5Qw0lAy0434
g1_RG64OvzVFj2QGwX8-D-0F3h-kb3XcZZxf9_Jrnri9e8	pathagon-rules-v1	7	14	3	69	080c0H000e0Z0l0g0J020W0D0h0j040i0T0h0m0B0R0O0N01050Q0a0S0V0EEJ0b09Md54TQIaX-0bUYLi1QbzYGNsXM7Z0YPa0m6Y2G00FI4W06VvGZ0P9nAW5jDG0aOrB407047u
g1_RG6sXyEeRk4H8CqUhhkg-vm7PZYFjkb4ddJq4bRTV3c	pathagon-rules-v1	7	14	3	120	080N040M0i0l0F0m0J0Z0T0a0B0C0D0P0e0G0S0M0C0T0I0K0k070L0O0E090j0HYbRaA0693tI1Ch0YB2ESC00HGZ0A7P0VNpRQMp0PPhKXaVXfZwcE0P1S0c0iHcOi0d1jbc0b3x9G4d8W5N3x1c4d395Q0V1a0o340U2K3t0q0A1a4g398U2P3t4g395Q2P3t4g395O2J3t4f1c0A2M0p3s0T367j1c092M8T3s0S348Q
g1_RGAQ85lLuCdUkjrJIEB17ahMeBxa-LiQkQnpp1dvgGs	pathagon-rules-v1	7	14	3	55	0k0d0B0l0Q0M0O0N0I0P0F020V0R000H0O0Z0A0W0c0e050j0H0D0G0h0i0k0T0E0M098VC401bA28TT0UBJ0aJ20G2q0c0N0O0b0U0N0G0O0b
g1_RGDsun-u7wgA8LCqW_fEc8aMRLYLoNXRPj-gaNtBTww	pathagon-rules-v1	7	14	3	82	0k0H0K0O0E0T0J03020c090D0W040L0P0X070C0I0R0S0j0h0G0M0Y0N2n05Qc4MAS00BWEO0H0d060mNzNADR1866XoS-6GGNU20bQKbJ0hZT0SLv0aLLAJ02SV0T04FSKO0QU-By0a7O0M0G910T0U0EY50TUD0c3X
g1_RGEPmliZeudNCo_wCpu3L3xzCz976jQQWz9OjFZNJmQ	pathagon-rules-v1	7	14	3	69	0g0M020c0f0k05030T0Y0E0I0d0A0N0J0a0l000C0W060h040D0R0K0m0e3Z03H_V4FFX-0QW25_0uar3PU0ScOc6iaEWIK-E20ZEv0hPQ5y0fAXGi0KBSRHI601Wx0UDh01NDc70Z
g1_RGHtLnnV8cDllGbnAY1v2ixah6EHXueBo_s-TDlXJgM	pathagon-rules-v1	7	14	3	44	0e0J010X0B0m0C0c0a0G0F0k0S0H060K0Q0g0P0W0T02030M0D0N09058F09LI0UCg0lK20J040fNX0X0cWS0h7_
g1_RGITgUExtaYTODpKVtMMnXG1NjOo4XQz-bg57tRrLZY	pathagon-rules-v1	7	14	3	98	0G0h060g0H0U0X0j0O0T0c01050M0C0m0B0R0e030L09000P0F0E0A0kAPLZ4vZjEIYO12BXW6OAJkPBHK0QZW0ZT_0YDQYhG3RR0dXJ0Lbg0G2g0PKx02aP0jDQ9S0CHD0VPH0Wb50aF9So0mO-UM0c0ONY0d9-04J_08Ve020k0b0i0UCzTm0eOa0Zba0dMI6X
g1_RGQPFrfCJ3SfP8OfKES3ou9GGZhdfxFQwEs5CdmprmM	pathagon-rules-v1	7	14	3	122	0W0V0P0O0U0N0I0Q0G0P0V0N0H0X0O0J0A090B0G0C05040C0K030J04020D060R0D0Y0C0108027809Nt0GCP0UEo0I0G0B5N3y77080t1YAl045U3zBZ4iA2Le0D5gAqAAGWR75v061k016JI_0N1H0X2A0VO50X0FLn0WQG0XGz0RBV2K6A0f030Y0o5N2PAm0D0o5N2P02070o5N2PG70U0o5N2P4e05016h1M5x2D5C0CM1
g1_RGSZ-Oaw-4pa9zAp70kKXTGC47veiLtDi2LhhOovTDg	pathagon-rules-v1	7	14	3	109	0X0W0Y0e0f0Q0d0X0P0e0R0W0Q0c0m0d0V0O0l0V0k0j0N0U0O0b0i0K0j0J0I0Q0H0G0D0N0K0Cbc0JYZ0m4gA25Qbd3t4g395Q2P3t4g395Q2J3x4g390q5PD70m392M3tAo4d395Q3x2N4e395Q3x2N4e391Y3u2K4e0r395Q0C3t4g39032P3G4p3wIS0B5Q9H3tA13A4f2O3t5R3A030D
g1_RGazLeyPKxUQVrFrCLNuDxsLAB2uXEu9xSUDVT9zYGc	pathagon-rules-v1	7	14	3	93	0N0P030b0X0A0J0m0T090K0i0f0j0G0e0W0V0g0C0d0D06010B020k0eUj0ZaR0C0h0RQQ0aNCZyMV0BJZ1uWj8C3bM9LQ0c4pYt08Ov0R9p0f097RKY0IaRIv0k0OAi5i04DK0SHJ0U0L0NJb45EZ8YXq7vQ3IX062m0v7gWX0OQy0M02U_Fa0W1n
g1_RGcgZs02psyaKX1rn7oQsVl3MoflgfU_lcqKK04cDMw	pathagon-rules-v1	7	14	3	85	0Y0P0C0A070V0b0d0a0h0U0N0l0R06040f0J030j0Z05080g010H0L0i0c4MTsJybO0OOTZI0T2YT2OjbwYh6yJeKMMCaLY7ZY0iRB0k6t0jJH0PT-0V3l0WWOaZbA0D7U00GfPJ0Y4dQ_05Bp0OTJYWX_Ja0EOwMk0YBvKM0l
g1_RGe4SKv0u6eHjvWT8ySW9tJdAmJ6lmUKE3cl6Qy0cP8	pathagon-rules-v1	7	14	3	140	0C0B0A090B080D07050406030I0H0J0A0G0K0H0F020E09010A02000P0O0Q0N0R160M5N060S5S063H5Q2P0p1Y353u2N4e050oGs2eMF0S0q0T2J6A355Q0t2J1a013u0r2J1a013u0r2J4e051b0o2JBX3B03081m6C01051f0o2J3t381b082N0p3568032K360q0U1a3s34032K360q001a4d380q051a3s34032Q040p3403BW2X020F0q5N1f08H416066v69GzBq0_MD
g1_RGfP-gM7-AO6wgJAWn3pKGy5S1PZITWM5TvMxU1cZa8	pathagon-rules-v1	7	14	3	27	080k0a0R070Q000C0i040P0J0Z050j010M0W0f0H0e0g0h0c0T0K0F
g1_RGiyWfqybvUHIS5edw0Ylzf-dFPEuo_WSTWPZeLd_Cs	pathagon-rules-v1	7	14	3	18	0H030e0501020X000U01090G0V0I0M040l06
g1_RGuk5eH2yseG9dROFD7YuOPvuu6XHDNwdFcIon0XWn0	pathagon-rules-v1	7	14	3	53	080U0i0X050d03040P0Z060H0G0Q0f0J020L0K0E0I0A0b0g010J0a0T3q0k740W2oUhYrFZWvBXcE0i0Y2-0E0C0DRiPE3RE-0VZtA60e
g1_RH1G98Gpz1QjuiAqQbyLR-qgSFJxin6wPZoAx5W-FGg	pathagon-rules-v1	7	14	3	29	010U0S0g0j0b0T0c0V040c0U0a08070e0b0X0W0O0M0l090E0L03000A1m
g1_RHRXEAZHkF_8i5s0m7oEprwH1ob_3uZnLdGhnVbsLM8	pathagon-rules-v1	7	14	3	18	0E000V030T010D060A0H0l0K0g050m020c04
g1_RHnjqKtbi1sEugYqnVengv2WMQv5kZPq2yGOpJ07bt4	pathagon-rules-v1	7	14	3	38	0m0007010408090E0208070308020A0F0G080H0B0I050B04060C0D0J0C0K0M0N0O0P0N0Q5i06
g1_RHoIj2S0CtUY0X99YcNKgbiC0mZZSZq4y-5fEmshyu4	pathagon-rules-v1	7	14	3	31	0f0O0V0K0N0906040F0i0P0l0Q0d0T0B0m070W0X0G0h010c0Y0a0U005V0RKR
g1_RHvGS3E_EcXUVh7t8Wk4AmWdcp_Aa6DeocqMMs21K7U	pathagon-rules-v1	7	14	3	14	000E0G0F020H0i0G0J0I0a0K040J
g1_RI2huxQvti0Vne7xBgxKRIdSnRyyLINkT5zxXyJICGo	pathagon-rules-v1	7	14	3	93	0d0U0L0V0S0O020b0j030k0G0B0l0N0h0J0Z0D060Y010E080X0g070c05J99bX7BvY2G0746C5bYV0IQA9I2pA7K9Td0POVLB0CIh0HRT0CAv0e0ROo4p0Uacay050kMi0CAv0c0Q8p0dAf0lDkCn0N7BEQ0fJh0dYn0S27Pw0W0ec20m1OFl0858
g1_RI7kbAu-Sf6lpCq9IL5Nu7elfMj1EFneEQXg5KO-pHY	pathagon-rules-v1	7	14	3	93	0l00090i0C030c0A0f0P0B010m0U0N0M08050K040D0O0R0F0V0G0b0k0Q0d0hOBK-1eLvJsFbK4A4CZAsZdNMFY0TMV0S120N0XJ50GTT0UNc0G0B0Y9Z0iYH0G7q09ZZ0F700gGD0K8n0RUH0JTK0aKh0hbGYA0XFhPk0hJfLwMoRF0cXrUK0k7N
g1_RI8xs8Jv_KcORp0C7PCrWS53ukF5ja5PkHBCvAf4m40	pathagon-rules-v1	7	14	3	80	05000X0e0I0V0T0W0Y0Q0Z0X070m020M0F0R0J0P010k0C080g0D0f0A090S1s0lNP0H6O0dWy0y060E0OaS5C07RvKC1bbTLX900PE-5w0I0H0AHIBqRo0PMY6aC20IHINA04ZM0J094u0N0B0O0hTS0Lbe05QI
g1_RICr0mdoWBbA72DZog_GXVFP_hiFrCWepWVoytj0XJ0	pathagon-rules-v1	7	14	3	15	000f0Z0T0S0R0U0H0g040L0K0E0107
g1_RIEOWyk-vomoTVus2u_a_qqcTeAPOuFbhC4t3mcCN4s	pathagon-rules-v1	7	14	3	33	000L01090208070j0E0a0F0G080M0N0T0S0Z0L0U0M0N0b04030A0B0Q0H0O1R003d
g1_RIEivAUIj0t_cO4TN8C7Io3bAiiWOdbr5i2XwxJ6Ed8	pathagon-rules-v1	7	14	3	63	0D0O0g040i030N0K0a0Z0W0S0U0H0J0T0Y0f0C0m0V0E0Q0d0M0h0L05Ig0b0cJW0FV9KpMKBTGFYuImAP0d0G0UPN3OH2JMP8Nw0O3-0CCD0ZB70lQK01Ux089Z0L
g1_RIGO93N0DzCODdw-GVLumYUhyQsu0YQHZOPUtScXKew	pathagon-rules-v1	7	14	3	55	080Z0T0L0S070U030l0c0G0e06040J0N0X000V0i0H0k0O0F0R0E0205Jn0QQa3nOfCQVeZ1NKGtMoSg030KFnLN3iZjTOaNO2OZ0D02NI3_0X
g1_RIMlaXc2Q-umvGnR993nMti-U-Le0SRkirHU6HO2OwU	pathagon-rules-v1	7	14	3	196	0D060T0K0R0D050C0J0Y0I0R0f0C0B040Q050P0X0e0W0X0d0m0l0k0a0l030A0H0O0A0V0B0W0Uai65bST0Zzai06YObUZzcEZ8ahbUZzYPZDah5NZybTZCcDagZybT0dYOagZu06Z81KXVNeY8RvSuX9MKHIRv0c6MMKGs0NBW5P0tWA0f2K360q0b1a3s34032K360q001a4d38030B5S06365Q1c062K5P0q061a5O34032K3A0p9C1b5O2P0p341b3s2N0p341b0B2K0p349F1c2K0p0B3r042K3t0q041a3s34032K9E0r340B2K5P0q001a0o34032K4e0s060C5S1e3s9z2N5P0C0o342M3t0406352M0B0p1Y359F2N0p1Y
g1_RIPqSZua2mrOsQo6WBf-a7SB_SqRliNK1aM9waT5JiU	pathagon-rules-v1	7	14	3	196	020309040100080A0B050A0C07060D0K0C0D0J0I0H0B0J0C0I0G0F0E0G070Z0P0O0I0N0J0M1R00Bx0E0L07Mm1D00BqRo0Z0uRaC2MR0S0uRaC20E0SX2Mt1D00BqRo0Z0uRaC2H40L07S01KWx6oMK0S0_Wx6oMKBx0EHPBqMR6aRhHPBqMR0S07Mm1D0Q0LRa6hX2HW160P68X2H40L0uMDBxH40L0uMDBxH40R07MYBxSE6hGzMYX91D6oRaC2MKXNH4Rv6hMt1D0QRvXUMt3WGsRvBcMR1DHPXG03MRS0HP610LMm6aWxHW07Mm1DXG00Bx6oRo1KGzXG00S01K346oMK031DRoHPXGMtBxRoHP6TMKBx0EHP6TMKBx3rH46T
g1_RInofumGPHOYtyyDz8SXsFyfeNNCbZW0sp5Z8W6wUhE	pathagon-rules-v1	7	14	3	55	06080Y0V0e0X0j0G0T0L0f000K0D040Q090g0i0Z0R0H0S0C0I030k0b5lSBaYKsNC0A0lDNWC0QJj9ZYWIJBzL807BK48V206ET0DLK3q042y
g1_RIpDyuOTIM-tBHkLpxMz10gmfZBsjZloUPA0kwqbCLY	pathagon-rules-v1	7	14	3	37	0W0V0U0P0V0O0N0d0H0W0O0G090I0G0A0B0c0j0A0J0c030I0b0A020a080b0F0C0M0B3m0TZp
g1_RIyFLPbtMa13QWOBdTXs-r-Rus_hAcUUW1540e2YKIw	pathagon-rules-v1	7	14	3	58	0l0R0g0I030j080h0S0e000f0b0C0m0F0k0H0P0Q0K0E0c0M070Y010LW_Ej1OQvGNBXaYVaEx2g7NHlJV8x3kLmMn9d43CZKS00Bk0GRGLg0YId0413
g1_RJCLQ__L9l0hqxvEDQumCC9aK5eKnaQsj5Cf_6Brsks	pathagon-rules-v1	7	14	3	65	0J0B0f0Z0R0D0T0j0l020W0k0S0U0F0V0P0e0h000d06030A0I0M0g0LVA0KFW0dPz5dYSGjb38lEq0Z0WZM0S01NDVd38GxMJ0QKR053_09PS7y0P0J03G90CBn0K0a8e
g1_RJIeCkTUlLEOzIlohd3BRffxDREr_iCGdZ1GAKwezjI	pathagon-rules-v1	7	14	3	61	0N000H0i050g0M0F0f090V0E0R0Y0X0Z080B0K0L0d0l0m0S0P0k0I0CDy0D4v0eF7aHH_At0jX202bA0MMG0h0gJlRy01BdWP0kXqAf0l9i0j0U0CYwSw0i2n
g1_RJKb5N4dXbbMtMeNTH1IdEuMTcnFqjJomao1F10HZ2g	pathagon-rules-v1	7	14	3	57	020W090h0a040D0l0H000j08060R070b0d0S0Z0E0i0M0J0O0V0c0I010305Zi0AAr0KF-0GUxGrEz0z3F0O0kbmNtPsD_0Y7E0WSi0d9C0TL70K2X
g1_RJQUXIxpG0M5Ninsp8-C--Pe889c2BBhSLbNaK-KPcY	pathagon-rules-v1	7	14	3	73	0U0j0L030C050m0l040O0H0A0E0d0I0G0R010W000Z0Q0k0S080b0P0e0d0l0g0BMA0h7e0c0f1TbN06KYYDNtDZaOTgBm1r0U8r0FZd0hQXbp0bO80RHcSs003aWV02V4Kk0kTW0lQRE0R401
g1_RJW8OFaHepQFQmQVYZ24YqL4x5FY54s-bNFbv2nu9bE	pathagon-rules-v1	7	14	3	70	0m0b0M0e0P0S0Y0g0i0L0W040V000D0I0E0C0O0h0Z0F060H030f0j0UPu15J_0G35F4H-VXAu03P6Qm8yG5JQNv5r0eEFVg4l0PBl6x0KDpYe08Qt0x0eHY0lKQ0I7W071p06Mr0L30
g1_RJbUw7qgeDvxB3FjnqhEcrwmYSctYyelBdKmIaWUk2U	pathagon-rules-v1	7	14	3	40	0G0I050J0W0B0a0A030F00070P0Y0C080i0j0M0O0f0E0b0g0T0k0902TN0m0S9jNdCA010DI5QnAH6q
g1_RJcfMIzAowUb2B90krFMTql43ezl2wnLysyqU4IZBxE	pathagon-rules-v1	7	14	3	64	0i0b0U0T0N0b0M0a0S0h0T0L0Z0g0E0F0L0G0c0V0O0j0V0i0H0k0d0W0P0d0I0c0708Dx0H6O0AC00HDC0W7q0QOp0VQS0H0C0O8h0X9q0HDm0XW9YLbI0hcASmRZaX
g1_RJe4qVohRPCR5Yc78bZXdh4WFmsU0wvfWwUjqN-4_Ds	pathagon-rules-v1	7	14	3	19	000k0g0S0U0X0N0F0G060E0P0F0f0b0m0i0307
g1_RJiklny5kaYg7FSUX6SbDUO7MCpXexCQJ1ijd9c1P78	pathagon-rules-v1	7	14	3	38	0D0K0R0Y0J0i0e090M060m0K0b0f0P0I0R0l0D07080K0A0S0F0X000e0Z0d0B0U0W0T0k0V0l0W
g1_RJl2GAU9m1-K3WlmubTQEA7nUnbbZVQOR9qmQcyYF3k	pathagon-rules-v1	7	14	3	42	0h0a0b0i0g0Z0T0S0U0a0V0c0j0b0c0i0k0d0W0c0d0O0P0V0N0M0O0T0L0U0M0X0Q0W0e0l0X0m0f0Y0R0X
g1_RJtuHk_uX-2niFioonDPN-tH51qtJGqNrf3q8K9LH7A	pathagon-rules-v1	7	14	3	67	0c0E040j0W0O0G0A0f0k03090X0H0Q0K0V0N0m060U0M0T0i0a0e0g0B0I013H7jbsVr0PJPFEIZOWaMO10l19HkQABa0UZl7OGg0Z8k00DV0BIS09DqXw0R9JQM0M4IPc0B86
g1_RK7_APY6rGghjKhtAGnScGqExlNdnPRL8sGIGGCaw3I	pathagon-rules-v1	7	14	3	65	0G0N0e0X0L0Q0W060f0Y0R0d0V0l040k0e0D090Y0Z0I0K0J0P0O0B0Q0C030U0P05005H050iB40N0WGw3q0I0f0MKd9JJcSE1DYFNJX9MD6a0eBq0_MK0cGs5O6A0PM1
g1_RKD9ZeltTS0eu4oVpeRlkQo3fCPSMtJ2Gieo3wwndCA	pathagon-rules-v1	7	14	3	76	0O0h0G0e0I0F0J0B0l0D0S03000j0K0c040a0R0d0B0W070E0H0g0N0AMI0XbPXqM13V0Z025APlJrZHFpQ3S56-090L6t0CQ6CQ0XB60Y4n0VBd0eTy0W3T0m560hGv0LPYIVNzYc0jG-3J0S8h0k1y
g1_RKHgKgtnTC23SYVccWuxkzGeEPLYRKCww8LDinvsdDo	pathagon-rules-v1	7	14	3	95	090G07080a0F0U0E0N0M0G0T0b0L0S0Z0T0S0B0A0H090I0O0P0N0H0G0V000O070W0c0d0C0c0y03020A6C0J2MKg9P8W0P0C3F0A47069W0OA_0JBvbyGd8y0K0A0B0HGF0e9c5g0C4p0Q0fAF0J0HFQ7JB90BWi9W5a0JNIIUNqH2JK0OPCHh0C5S06
g1_RKKdhLoxCGnJbA0nnpHoE8pZduc8D9V-ATaZewn_uuE	pathagon-rules-v1	7	14	3	196	0P0I0W0B0A0H0O0V0H0J0C0Q0B0X0I0W0U0N0G090N0j0k0c0d0e0W0d0V0b0i0lZ20j0i0kYY04A00C4g053A0D3w045Q0i4g053A0K3wAo5Q024g2O3A003wA15Q0C4g0o3603051a3s34032K360q041Y3s36030o342M4e040o342M3t040o342M8T050o030A382M4e053u1c2P4e053u4g2O09385Q4e053u042P4p393u5RA34e093u5R2O0C38Aq4fGA3t04353u2N4e1d353u2N025S3A3u04025S1Y3s2N4e391b3s2N0p341b092N0p357j3r2N1a350q092N1Y367h3u0r2P1a093u4g2O02385Q4i2O0D045Z4iAp3t
g1_RKMKRXHX-1qfioLHGccQkydfuKks7T_D5hkANB93R4M	pathagon-rules-v1	7	14	3	49	0J0Y040L0R0K0a0c0705000Q0W0M0F0f0O0g0j0P010U0E0S0V0l020d060h0i0k6mHv0T0RZq0GCZGEUNLXV-FBOdH7PdL01n
g1_RKPI9lwhf76vznAPoASjXVbBEngngxeBUMN4_OsWhKU	pathagon-rules-v1	7	14	3	59	0g0K0e050O0A0L0Q0F0X0N0U0G0i040J010P0c0D0f0E0C0S080j0l0h00XpWSBm0YKnCvAn0R5YDeQKAhGQJ8MjLeFp0FPo0aK30KEm0PQAbd0mCTO11C
g1_RKQl5cQk1P5zDQ4EgVGKCdOzoQhuMW8YnlkiEb0rX24	pathagon-rules-v1	7	14	3	14	0k0j020i080h0Z0g0d0m0W0l0P0k
g1_RK_ZsqPuurNl7ptf4_IapJYwHgxhcpITJxoZY5ryJ-8	pathagon-rules-v1	7	14	3	196	0H0A0O090G0N080G0M0F0N0P0I0B0Q0I0P0H0J0C0V0W0X0P0W0U0T0N0U0O0c0b0a0U0b0d0e0W0d0V017g098T0A0o092J08020F0q042J0A1a3s0r6-090C2J1a354f0s2P3t380A5S1b3x2N4e395Q3x2N4e395N3u2K4e0r391b2P3t4g395Q2P3t4g395N2M024g2O3A083w0r5Q024g2O3A033w345R6w4f0p3w1c082M4e3s04363u1c002M0s3xA1364f5O3r2N36030o342M3t040o342M3t0C0o342M8T0A016z2O361b010r0A341b3s2N0p341b012N0A361b3s0r2J364f05020C0t3r1c01391b2K0p3r381b0A04
g1_RKhDJKPfmw-Q1lQJ_y0fiFAm8FOZh1fZnUQTtygfdcI	pathagon-rules-v1	7	14	3	63	0f030b0U0S050Y0G070g00060m0a0j0d010O040F0c0Z0N0D0B0H0T0hJ70L0E5f6IAr060DTaUqb40X2EX85W6D0W0gO8068o049p0GJ0RkYe0I0b5j060X7tSW1C
g1_RKiGK_ZYacr9cVxl2H4sh71PyZyc59PKI2lYbysLtdc	pathagon-rules-v1	7	14	3	70	0H0W020h0j0V0G0U0d0k0K0N0X0l0A0F0M07030B0J0P000b0Z060E08010Y0d0O1NJpBVOGFu0RU55y1N05Sp0i0N9P04K5SHBB0DZ28_0JV00CAz0dSd0P4T0fEz0mVY0VL90i0S5J
g1_RKm1hYIFmm-0KsPosDeT2yp_MdzUIBi9iEIfmdPzDv0	pathagon-rules-v1	7	14	3	70	040M0Q000F0H0h0X060G020e0d080l090a0m070J0L0T0I0k0i0R0N030W0g0Aak0Qb_0M0OEoEB05QFYU0jVOG291a-0K0d0V8A0bVK0lKb0IJg0dPk0NOB0V100WDE0MNXcA0m0H3p
g1_RKqlnAFmDwvy50-get45WJc8HYJA69YcgLc5USo0X04	pathagon-rules-v1	7	14	3	182	0A0B0H0I0G090O0A0P0N0W0G0V0H0U0F0M0T0N0M080Q0J0C0X0J0K0D0R0Y0Q06055R0306045O02Ak2P1a4d055P0t1Y4d2O5P3x1c0D2M0p3s04363u1c082M5P3s0436031e4d05365Q084g1d3A033w385Q064g2J395O3x0p4f1c052M5P3s04363u1c01031eAl4c2O5P080o0D2J361b3s0r2J361b064g5S3A03Ap2K5P080o032J361b8S0t2J361b3s0r2J361b0A5R2P4eA2355Q0C040t4p0JQu5N3x1c0C2M4e3s040p5S1e01GI4w050J4g1d5O6_084pLX5N1eAl0D0u5N08
g1_RL2NbkA_e2l-zO4HcLUfBpPkZYJQOeRIqwl3NbCNK2w	pathagon-rules-v1	7	14	3	44	0Z0f03090a0D0R07040m0g0h0Y0d0H060A010508020K0e0G0B000C0I0EUxR4FA0L1E0XWcRa0I0Q0HLN07C20J
g1_RLCKAPSWt7s33DSG6hyQEMkjj3XeRuConFM5YPjzw9I	pathagon-rules-v1	7	14	3	110	0R09080201030A0H090A0G0F0B0G0A09040I0C050J040Q0B0K0A0P0D060C0D0O0N0M0O00070o002R020E013P03Bx0_Gs6T07C20EHI16Ra6h07HI160M6MRaGzMYBx0_68Gz1t01Mm1-01BqRo0M0uMDBxH40L07MZ1D00Bq0_681fMEBx0_68072K4e05034o3w5R3A0q001a0o34030138
g1_RLI-WrANWxIxM2eMbaZJr0oh2UShJxE2f0O1z8oqCms	pathagon-rules-v1	7	14	3	58	080H0l0G0i0C050O0k0F030U0m010c0Q0T0E0D0d0S0e080Y0L0P070j0h0b06Cp36LFaPJeYe00MeSEHIKQNV0IbsO303PtQT0XYK0k3j0m0YFIVd1K
g1_RLUAZh5QhKtaZgtTdLXbozl4mtHMtBz4KgvlcoFh-ww	pathagon-rules-v1	7	14	3	81	0802030X050m0b000f0G0M0k0c0U0g0h0e0J0F0T0E010l0A0S0W0V0IVWDRMHbk4-NWXC0G06FUTsBB3V0Kc4Pe7XNhBy03Vc0YJY0gLq0QOx0BKE0HS6330N9xJrQdIs02CrD60W8w0aF96W4_I10NNb0eSkZh0c
g1_RLb4WRFcAH1h_NySzrF69ItGpswNtBc1G4Bqbc7Yl1Y	pathagon-rules-v1	7	14	3	43	0h02000T0W06040P0I0k0B0P0O0H0Q0J0A030H0507040V0C0E0P0I010F0D0G0PK_09PP0JGb0K7U0aPt0898
g1_RLvxATI11l-Bh7AbIj6RcRm4pzTAVD2Ke7wMPDvcVBs	pathagon-rules-v1	7	14	3	27	0N0M0F0G0U0T0b0a0809070E0L0S0M0F0E0M0Z0g0S0a0T0h0i0001
g1_RLxPsw2eK4XJExvmetaOBYoqNXWe45KN0kWRIKreESs	pathagon-rules-v1	7	14	3	40	040h05000U0X0I0G0L0B030k0f0e0F0A090l0V0N0P0d0j0H0O0W0C0c48aRHO1K4d9yWqS90f8_36Pk
g1_RM6aC7mGKMqe-DH98NXtv9oqdmZkAfG1jeLIdPZ5aRU	pathagon-rules-v1	7	14	3	44	0K0V040j0H0h0A0l000X0Q090I02030O0U0P0f0L080B0a0S0M0m0c0i0D0WU30dBOb218MM3pZg7UHJ0FKO0j2r
g1_RM6hkYtfKMwCBLQboDhjSTM4Xym2jl6gE6zkHyNzHIA	pathagon-rules-v1	7	14	3	79	0I000H0E0C0G0b0N090M0F0J0Y02030B0R0m0P040c0i0g0V0a0Z0j0d070hSo0QCb0e6tYC883xDrKu07Us0K0AXNSFZc0HG908MT0VKB0fQw0PEw0J6Y0ZNV0gbTP_0BcE0YSJQo0KTl1AH8aW0SbLO90d3T
g1_RM7NqXXMGmRTGUWdbGLaKvkS4N0nIcsdbuiYeLmB1QA	pathagon-rules-v1	7	14	3	67	0J0l0V0G0F0H0Y0S0k0h0m0L0g0U0P0Q0T0e0j0I0E0D0A0W0N040d0X0R0U05070f0C030E0VMH0bPv0SBdbq0OWM6iFQ3tP00JR7008yJl0YNy0dVa0eSu0C9LZd01QD0T3M
g1_RMB8_-MPrhaZFBbb94vOzsi8p1YCfu58C1QIbWgJFRg	pathagon-rules-v1	7	14	3	126	040B0I050P0B0A0H0C030J0B040A0B0Q0G0O0H0P090N0A02060D050K0R010X080Q0Y0F0R0M0Q5r06Fp0JO70W0N0X8Y0A7g1m692Q0p091Y692M020uBVCU1t6a0ABq1KMt5pH4RvXUMK06H4Ra6THkBx0_Gs6TMKBx0_Gs6T35Bc0_03MD0U08Ar0D8m0A6M0uGs0VBc010_1Y6T3yBx0_Gs6TMKBx0_Gs6TMo041T2n020V2mHI09By
g1_RMPe3aF5aYpetckR2V1nFwXCEznBSv2m32C62NGnvhY	pathagon-rules-v1	7	14	3	39	0L0M0F0E0N0G090F0M0G08070F0S0T0L0U000H0O0G0V010A020H030Z0B04050A040C0a0B2C015H
g1_RMVOoVcLWrItUYifrJMTVjeDkSB2tenv258nbydndFw	pathagon-rules-v1	7	14	3	68	0R0c050N0I060P0K0j0b0V0D0Z07020U0k08030W0h0M0B0f0S000Q010X0GEjWsL01maGPx0JTFM31V00OC2j7sG46RLDXQ5FaH0eNFKI0P04AL3y09UsZ7QjJ404II8S7V9E5y
g1_RMdSURWV6260tUvWu224IcSu-pEp9d0qHkari55Fwe8	pathagon-rules-v1	7	14	3	37	0W0d0k0V0P0O0I0H0U0N0V0J0Q0I0G0X0N0Q0B0O0I0P0H0d0O0W0c0b0A0c0j0C0c09020e09
g1_RMyQoWOJUYPu7U46otXMPRzS8KYJ6_fSpIs0vLJam9E	pathagon-rules-v1	7	14	3	41	0a0h0E0J0X0N000V0e0d0F0l0H0D020P0j0U0S0f0Y0G0R0M0L0g0O030iWELbDaQV0b0GbADbO1YbYR1S
g1_RN9APw_fbbXhz6TgjIyftqTm-8L6wCVIq-vwNtWJagU	pathagon-rules-v1	7	14	3	40	0C0O0G07050Q0a040L0e080P0S0T0m0N030c0K090l0D0Y0W0B0H0I0d060R0U0kbQ0T636j0M0Z0J8E
g1_RNCmGFPq6RiJsd4KZF2Qh2iLIe6M5gu1dZUwRTF4rVY	pathagon-rules-v1	7	14	3	196	0M0F08010F0T02090A030H0O02090N0G0U0V0c0U0b0N0a0P0T0W0d0I0B0H040A0300070E0L0u0FBV086M070F0E0v000S01MmHIO40US00THPBqMR6aRhHPBqMR0M0uGsBqCU0F0S0M081f1600C90MMm1DH40L0FH4Rv0ZWx69GzBq0_MD6a0MBq0EMK0MH4166a07Bq0EMDBxH40M0uMDBq0S6M0uGs0MBc1m16006M0MGz16BVMR6aGz1600MtS00MBqX96h701RBVRo6hGz1608S0C2H46T070S682Q08H416687008H41668MK0SH41668MK0SH40L6A0o08WzBV1m70HW16086MRhGs01C2XG0_MK0SH4MY68Rh0SH4086T
g1_RNQsO0eDD5w_Vg5FrdYtrLZrz9cdZLHbsF7FenwiusM	pathagon-rules-v1	7	14	3	39	0H0K0O0X0l0A0I0e0f0L0E0Y0j0Q0C010k0U080J0T0R090F0P0b0M0D0B0N0G0AEbGC0ZHI0VM60c
g1_RNb2LTEQMKokRHLzmqSbtEbwxvAYYmCMA3Cbs_X4BTQ	pathagon-rules-v1	7	14	3	35	070S0K080a0H0M0W0J0O050R0F0c0g0d0C0A000P0E0e0I0k0U0V0L09CyDuFVW85BUY9Z
g1_RNeuWqMgvjvMFFZlYqMRwtUNlj4vqHVrMT5L3WfL-XM	pathagon-rules-v1	7	14	3	54	0W0d000E0c0L0h0K0V0T07090X0k0R080g020e0Z0J0Y0U0d0a0b0F0a0c0A030d0GSR0S0OQV0M0NTl0F0bCsR0NxTH0XJLX00F3GUi0M2O
g1_RNhc8ovweFhgjiYjqt_vBV3esVcwEDW_q7_3U-CccYM	pathagon-rules-v1	7	14	3	30	090D02000E0h0G070C010O0f0Q0T0L03080j0X020F0S0M0H0N0A0Z0B0U0C
g1_RNhynUwGz2h85GQyCaO4JxolvvoIo4feNRXRGdC0Kus	pathagon-rules-v1	7	14	3	33	0i0C0j0J010l0Z0K0R0d060E0M070c0V0k000H020B0W0O0T050h0a090V0F4f085X
g1_RNkvePBk9v74ij6PeqZFPVGJYo3DED9boJ-fm9nUL_k	pathagon-rules-v1	7	14	3	108	0i070W0U040l0P0B0a090J0K0R0f0L0O0X0j010m0h0d0V0T000G0N0bIg0MOg0VH40L4DGSG20gBX0SYKc80c0YEt07JeD5SdMo0eOS0c0kM00h0mRQ0iXW0eUp0dYA0A8GP20HGL0fUs0CDT0ZRT0LY_0dXaHm0KUuPR9uBgA0Vd0H05a50ATP0eIg0QDz0bNvMP05Tq0ZAiUEKDF12k3W
g1_RNnLRKNR5l4MS8s8Pxoq-8goIORsA5W4wevy8tBPq44	pathagon-rules-v1	7	14	3	54	0I0J0H0K0O0P0W0Q0P0V0X0R0Y0e0f0X0d0W0e0c0D0C0B0A0C0m060l0k0e0j0d050403023803aM3Y4Q0k542m0AULI-0i0VZ20NPt0W0S
g1_RO2BENjtTOBbM2q741i0k2kw0b8hPDF7lzi6etqwc8M	pathagon-rules-v1	7	14	3	70	010A080S0g050C0i0e0f0B0b0c0J0Y0E0K0Q090D0P0C0R0X0G0H0M0Q0F0d0O0a0I00KH0ZI4TiGm0A0bYpJK0U0a16YKMy0T0eTs0MRO0JLm0UTC0RF50fGa0WRHV003QP0bb97R0R
g1_RO2eAIPCiSWnZzB88x6J55GmnSm0kyAsCoyGHXoqN6M	pathagon-rules-v1	7	14	3	83	0a0U070C02080l030M0J0X060h0j0V0k0B0E0e0T0i040Y090D0Q050H4x0bSd0RbQL4RMZ_W70mYn0cIE4T0fO20OVd0G0jB00QQY0aGn07HZ0lWn0ca30U31ON02bNJd0X4Q0l2r02a3VC0XLGZ4W7DQCB0G5pYP0DDd
g1_RO6nHXS6WsFJwCJ7XxozAbMP2tNkN7-liUIBw8OALEk	pathagon-rules-v1	7	14	3	59	0V0k0T0Q0c0R0L0K050h0Y00040X0J0P0M0W0f030j060G0E080Z020DP50mTwBh0BRxGtLF4X1N0Qaa2SLc0V0L0H00DsIcZi0kLL0lOYAa4W0B4zB626
g1_ROJtSezVUErSGQvMT2IkGlLGKdkcZSU8VpNlW2LksLE	pathagon-rules-v1	7	14	3	66	0Z0O0B0Y0f0g030j0002050G0h0D0L0b0Q0c0N08070U0H0W0M0I0a0e0CXC0J6_H4ORSM0U3CW30kDOaO09555PWrBI6uRSOz0dK40IFN0aAS0e240S05Xa3dJd0L0g02ET
g1_ROM0UG1hGgvqKfWNLxXjSzrBTXA4jrzxRPcP7SarWZE	pathagon-rules-v1	7	14	3	17	01080a070U0b0i0T0b0h0G0a0N09020F09
g1_RORwD8qKgxfNsT_4AZm3GXV0-LYa2LWnZLdkEU259tM	pathagon-rules-v1	7	14	3	196	0H040m0G0h0l0R0i0V0Y0A0J090Q0P020j0I090Q0W0K0H0B0k0d0F0c0N07080O0G0X0P030l0UYB0O0C0P0BONcAKnAO0WWiGILm5o0QB2RZM5bI0R0fGqbr0QR0FQGW490Y5aLYGWR70Y5aLYGW0c0Y67AqazLm0R5abdGA38035S0V0BAq0OaCLm5o0c0C0VAq4pA2015RAq4c1d3s040p5N1e4d393u041a3s0r4c395Q0B1a3s384f0M1a0o34032K360q0U1Y3s360T0o6v2M7i0908382M9E013u0r2O020A09342P4g1d0q5P3s0H344i1dLW0B5S0t3u040A5S3A3u8V0A020H5S9I3u8V0A5S3A3u014g5S3A033w385Q
g1_ROSwG_O5IYmjFOJYOKNz-tYZrjkhGsw2iqiFQARQbdg	pathagon-rules-v1	7	14	3	30	040R0B0A0C03050I0H0J0P0Q0I0O090P0A0H020I0A030G0A0N0M0F0N080L
g1_ROZw88iw2drdwFnyKkrzP7PhhNqoJ0oGgnKEXERHha4	pathagon-rules-v1	7	14	3	39	020G0E0h0g040i0k070a0Z0V0b0M0L0S0N0U0T0a000M0N0T0U0c090b0W0d0V0M0j0GHb0F7_0O2l
g1_ROjWcXs49U785CYH9CRgBNW5wJAajD-ddRCb522gBB4	pathagon-rules-v1	7	14	3	170	0j0U060a0T0h0A0F0m0Z080S090W0g0i0T0H030X0G000b0E0B0N0M070l0F0K1QTPY5GNMu9k028t0R7H0G0Q085wDpWxPbcBYSbR0NXd0L0PcBYQHXZzXe0HYObRZu0M0LagZ1SGXU0NHWYvRv1KWxMt6a07HJ090M3P0G0S0N0M0E0N0VX20WH40L6o0u08090F08Wx6oRhHP0_XG0GS0YFHW0LMmHIXG00S0C2HW0EMmBxXG0c0EUJSE1KSL0VX2SE1K00HIXGSE1K00HIXGSEC20EHIXGSEC20dHIXGRo0AMY1DC20EHIBqRo0BMY6aC20CHIUzRo0DMY2J
g1_ROn_2ztmUol6DQyUmxMcqSpRD7hQQcW67oH8YlRM0T0	pathagon-rules-v1	7	14	3	39	080Y0J0M090b0X0F0Z0C0L020G0W0k0R0e0E0H01000T0i0a06050U0g0b0c0V0Q08RF0fP-0O2W0p
g1_RPDONwK6ArjzCGe-FKP-vSP8UFzRAGUfjzjXviCMLz8	pathagon-rules-v1	7	14	3	40	0l0k0j0m0k0i0h0g0i0a0b0c0Z0b0d0e0f0d0V0W0c0X0U0T0b0S0a0Z0Y0L0M0N0T0M0O0P0Q0ORE0Y
g1_RPKZvXNRKMnZ9UGAWl3j8kR_MUs3ujBylwfj2ZFBHSw	pathagon-rules-v1	7	14	3	41	0O080M0A090N0L0e0j0U000f0Z0T0J0k0S0g0R0W0X0l0D0d0c0a01040tWSMd437lSP1kNoLA0S0P360Q
g1_RPRe5e_D1dpY1iU1-nsoMiGYZaF7uzmPXirBrOvRIHw	pathagon-rules-v1	7	14	3	74	0A0c0B0H050a0F0h0K0D04030G0d0Z0m090g0P0C0R0J0M0i0E0W0Q080LDvLpFyGN7D4ZXSEfSc8FV4aI0a0jc89h02FUV3KI0cP50g0UP_0lGr0j6P00YG0V0BLQ0JO30Iaw0hGe0l91W70830
g1_RPT5vBnjjLGsVqXpFMR5g7nuAFFHApLIwIGtoE4u_CQ	pathagon-rules-v1	7	14	3	31	0B040I0P0W0C0P050d0D060J0K0R0D0Q0J0C0Y0J0R0X0Q0f0e0A0X0B0m0l0f
g1_RPl1FQG1S_G0frvrtPWBwyezW0TXYft-20XcBheReTU	pathagon-rules-v1	7	14	3	43	0700080E0F07010G090F020A0N030M0G0F0L0H0O0G0H040B030I0T0U0S0V0P0W0O0P050C1y014Q0P3l0U5A
g1_RPmAZ64baVtz_Ifu9rNvRVFpOb-P2gJ8Fuqwy7-vFgA	pathagon-rules-v1	7	14	3	56	0K0X030a040g0A0M0L0e0U0Y0O0S020H0W0m0h0l080b070Q060G0f0C4C0ZGhAH68bBTuMHH3Tr2QDDY545BDRUWtAfK5Xu8a0LPR0h5zLP06Ag
g1_RQ703DuZkE1QtyjDyghpemt8yt1ZY10khQojWfK04fE	pathagon-rules-v1	7	14	3	26	0W0200040M0905030i080G0H0T0c010F0l0j0X0C0Q0E0P0D0d0B
g1_RQC30Y_YnzbVXMetYAwjcx082nfAQZMM96F3wkfc6nw	pathagon-rules-v1	7	14	3	69	0k0L060l0a0g0M0P050U0S0d0E0H0X0L0F0C0Z070Y0G0i0h020m0V000f0AMj0E0RO2IC1E086JWEbXQwanSA9c5MDT2YKsTO0NYe05OvMG0QFOEm097C7y0O490e4vJL0BQL9S0d
g1_RQMOLyZ7fsFdz_DoC3AKXIXq3WsrkHhZ20IIPiRJjvQ	pathagon-rules-v1	7	14	3	196	0I0R0P0b0Q020J010K0C0B0D000K04050603050A0C090H0G0O0N0U0V0c0844044j0G0s0V5N1e01050v2J1a356B0M2Q0p0A036v1g090F0o2J7i3C1b0o2J3t381b09010r1Y7h2R3t0r1Y352M3t0r1Y352M09041a0o08346x1b7h0v2J361b3s0r2J361b09042K0p0834092K030p081Y032K020v2J1a09010q1Y7h08360q1Y3s04360q1Y3s09360q1Y4d04360q1Y3s0W360q1Y5O0X360q1Y8S0A360q1Y6w08360q0d0A0c341b6w2N0p341b3s2N0p341b9D2O08360q091Y4d0B7i0r1Y352M3t0r1Y352M3t9G1d
g1_RQN70zp35oOJFW7SFjhiRfqjIptdPxbrOtXDxzJeO1U	pathagon-rules-v1	7	14	3	93	0f0V070e0l0a0d080S0k0J030Z0I020E0F0m0W0c0L0g0l0T090j0h0i0G080e0M0A0FHDNNb8cCMeF1DmXh0KUCS0YwLg0B6oYOMuZzXe0G0HcD0N0IYSbRWtZCcDafZyYP0G0kZ8XdC9Z-YPZ8XdafZyYP0c0bZ8XdUbNm0F36FO1b8W2P3t380V
g1_RQRMTwyjHWv3hwVXeFJd-lbV6WL3eH0g45Z-DkbNu3M	pathagon-rules-v1	7	14	3	21	000d0Z04070K0E0Y0S01020F0G0L0M0D0g030F0b0T
g1_RQWEaw9B6UAXjeozp6RwaV03OHc7rh5Z5PaVR6J6e58	pathagon-rules-v1	7	14	3	45	000C0g0V0c0T0j0D0b0L0R0A0E0S0N0e060F020K0k0Z0i0B0f0l0M0UWR8_XYP1ZWReInMl0VHcUNW2TPatOfBH0x
g1_RQYReR1rmQE2tUS2DQZHpW60hZxdfJl3j8JGOXF07_E	pathagon-rules-v1	7	14	3	53	0m0J0S040N0F0A0C0h0P0K0e0f0j0Y0W000Q0O0Z0M0d0a0B05020k0U0oKCJGL6HyVIb-F80MPX0OLS0a4LIJ0QHCAj6BPiYl0WRATV0H
g1_RQfH5z8L9FMK67J2lO4z0AByBXLw-NPzdX2P8Gs-aJE	pathagon-rules-v1	7	14	3	53	0i0a0g0C0Y0S000L0J0H01020M0f090T060X0V040F0D0d0A0k0N0W080K0M0U0B0jWa059QRMSY0q0ONw0bRhE4Op040H0Y5s0m4-0U1i
g1_RQpSUC4FvIIEKnDdrAcKxlGP82rG0wCWatqbLUTsb38	pathagon-rules-v1	7	14	3	40	05000i0H040e0R0M0a0F0g0j030U0W0E020c0Z0Q0m060T0C0I0l0P0h0Y0iXJbPEkBW31DqJS0gLk1O
g1_RQzm9tsVVwtTpPw53S1LUkC13ZhrxZoS98vBoHFP2Ww	pathagon-rules-v1	7	14	3	59	0f0E0F0R080P0Y0m0M0I0T010j0U0l0Q0O0H0K0J040R0V0b0c0e0X0U4T0D0N0Kas0G0A0F0Hbu080O0F0W0d1Y5OBX0V01WD0O8V0W392M3t1c4d39QW
g1_RR-zjNBGNY12REfUrGM_bz9PU8QL4ckKf_lMEIN9eyw	pathagon-rules-v1	7	14	3	31	080Q070F010E0L0M0E000G0N0U0F0N09020M090T0S0O0P0N0Z0T0V0H0I0G0g
g1_RR2VRdxln9BjFCXTsZEdBsZtQO-ygD-h3a4uOY-8wa0	pathagon-rules-v1	7	14	3	65	0G0R0e03040m0I0E0M0S0J0H0W050Y0F0U0N0d000c020i0D0f0Z0G0h0T0l0O0PIKbYUDRhRA2zF7C1FS0ZSWMRYy4tNQBF02Be0A0eWRXX0b1L0d2GPL0i0g0jVBRD2e
g1_RR2xodBjhVNi3bkQ6NvILNEuv7SLSc5fTXKMMlBxIts	pathagon-rules-v1	7	14	3	88	000I0H0e060J0D0P020h03010g0Z090Q0E0F0A0G0X0V07080H0O0W0d0S0T04NXXGLG1CJL8224BQCd05FIHW006h0MMYTpBc1VX9Zu6aa6Gs0LBcWy0_006T0uBV09H40L0uGsBq770W0uGsBqMR0O0uGsBqAB0Q0uGsBqRo0I0Bb4
g1_RR4o60QHE8TfqZCI1xyiCpnrmMTkApaEmLQ4SrhSAEQ	pathagon-rules-v1	7	14	3	42	0F0e0V0N0C0H0m0f0301060D0E0U0X020i0O0d0M0A090S0T070I0J0YBZETQi0W0j23My2eZd014L1y0j83
g1_RR6LN_iWksx4km7JzS0l7tkBqM5GnOWbv8DjM_QIJP8	pathagon-rules-v1	7	14	3	196	0k0l0m0j0l0i0d0e0f0c0e0b0h0a0g0Z0U0T0V0W0X0Y0W0S0L0M0N0O0M0V0P0UKI0PXM0QWi0fM60R0EL-byWwbP0l0YbUXgcB0mSFc40m0ScGWwaeRX0YcGXhafYQ0hcGXhaf0k0hBVX2H40L0uGsBqXw0l0uGsBqMR0S0uGsBq0E0SBcH4160h6MRhGs0LBcH416006MMKHI160Z6MSE0Z0hHIXGRhM-C2H40T0uMDBqRo0S0ZGzBq0T0_68GzY1Bx0_68GzMYBxRo0Z0uMDC9Ro0h0uGsBqX90S0uGsBqMR0S0uGsBqHe6M0uGs0LBcH4160M681fH4010uMDBq1a690qGs2N1a350q3r2N1a350q3w2N1a354c032K360q051a
g1_RR6s_mWPnXehBUaivDs3iWWB9kkvNxDtY566jP1cnJA	pathagon-rules-v1	7	14	3	79	00010S0Z070L020E0g010S08090Z080S0F0G0M0F0T080N0U0G0T0a0b0M0H0a0G0T0N0O0M0V030U0A0209013T0c0O0bR-0ZHx0MK-0IDE1o010w0H080N0G0F00080M0N0G090I0N0M010G0H0N0G090I11
g1_RR9dpl2aLzzbsT3o6fo5aKv36Xe7lwI7CXafXWQzDPg	pathagon-rules-v1	7	14	3	53	080V0A0X0l00030K0U0J0G0c020L0P010d0E0j0M0O0b0R0W0B050h0CZhPNOFBv2yIAKaFTNS0TWfNgY50EOB0fMC5_0ZYp7WWX0HU79w
g1_RRH0WTJZZ3igkT-ZbaC1lre2KQAumx6VdHbp5y47yIE	pathagon-rules-v1	7	14	3	72	0i0K0f030B0D000N0c0h0e0g0Y0Q0b0j0J060M0L0O0R0m0H0T0I0F0a0GGq0K0M05BE08Ds0XKi0RElTNI605XpRCP7593-0YPL08UgWO0GCQ0709b20QDI0JEp0fX40VD6bl0MJb07Bt1g
g1_RRI3k90qFhdcEob4SjzTdsugvIYUHRaYTaFDNgaHRB4	pathagon-rules-v1	7	14	3	39	0d0W0V0c09020U0J0T0b0I0g0P0O0W0F0V0e0N0G0d070C0O0H030V0M0O0a0A090B080TWy042JJt
g1_RRZY9cbkPxn6TSAH73yB99VCwryX8oofxpVBh1turkk	pathagon-rules-v1	7	14	3	31	0f0m0U070T09080V0L0g0E050M000N0W0F0G010S0k0H0P0J0Q0c0D0dHRFOCB
g1_RRc2A2-zbKRnRJnzgwpQLNIkIfzsi8ZkZ2SwLtlqoEE	pathagon-rules-v1	7	14	3	196	0I0H0B0A0P0O090G0A0N0W0V0U0f0V0T0M0F080M0d0c0b0V0c0U0a0e0X0Q0J0P0X0C0Q0Y0RWNLmRE0YBN0QL-0RWwM50R0ebx0D0J0CLkB2REWi0DGWB2R00YLmREAqFX0J0K0QLX5RAqA04e0J5O092J361b010s0A38034i393u04083u5R4iGA343u2N02052Q0p093u6C4c6-3B3u2N085S363u044e3w387j09040t4c1d3s080p00384f2O5P09353u2N4e1d35032P3t08355Q2N7i1e353u2N4e05353u2N025S3A3u04023w386y084g2O361b01042X0p1Y015U2e0p346B1e2K0p0S031Y2KBX0C0o342M3t040o34
g1_RRlMkGGQec4l2jB-IwqOlZKOqeQTKvtkFUn5ga7AA5k	pathagon-rules-v1	7	14	3	103	0e05070a0i0K0E0J0f0h0Z0m0O020V0Y000F090g0S0f0U0T0B0W010C0PAYKR0Q1CGo08RA0AXm8U0GJV0hBqLQVt0eLeZyRsXOMUIY363u1c0N030UHIY10A4q6UGzMYBxHr6hGzMtBVRo6TX21DC2HW0OMm6aXG0MS0FtHW0FMmaRXG0ES0C2HW0LMmCm0SNO0TTbEo0IAJ
g1_RRlnPKq-z2A-4kWdpVxXTig7PlTO7iclYXLl3INMUAA	pathagon-rules-v1	7	14	3	30	030Z0c0K0j0H0I0J0A0I0O0V0H0G0b0H0F0E0O0N0H0P0F0O0V0G0Q0F0O0H
g1_RRoSTJoUazkpZsVitCiaKFJDP-60uJlMBPJslicLZP4	pathagon-rules-v1	7	14	3	87	090f0A0a0b0X0H010E0h0P0j0302050G0i0D04090V0O0c0W0Q070d0e0J0WE90S3O2e0l6MGD0U0k0O0mDN4C095302baPl0jBUbQ0TZ8cD0WWvXh0bakZBcDC9YFMuYvXd0VYPbRZ7SGZzYPagZBXdZuYP0OZBXdZvUaafZBYOOn
g1_RRv5jTq1ME-uQDRAE0B_pomblLCpkztnjqK4bSPsdCs	pathagon-rules-v1	7	14	3	64	0K0V070b0c0h0P0G0Z020f000m0R0l0T030W0F0e0E0A0S090J0Q0L0aBaNA0B7mbo0TWY0gGI0d0K0E0mW6bMYAAl0eCdXB04C99Z1G0JZR0kDD0FLk0fAO2EFE4v5m
g1_RRxJ5IKKycRmqH5Q9vo-qGdyw_0u70k9uH2oyygGpqo	pathagon-rules-v1	7	14	3	31	0R0T0S0004010B0I0E020K03050A0C0Y0Q0X0J0P0f0H0Y0m060e0d0W4T0k0l
g1_RS5uU73FRdpD5iwRdhAeO5yA1H3r-tSa4d2mIStWqtM	pathagon-rules-v1	7	14	3	54	0A0X0B0I0L050G0C02030W080U0e090H0d0V0i0A0b090c0M060Q0E0F0W0G0P8u07380V4d0KDiJw0N2UCpYu8CGI0kLu0P1R0OMmY8Wx4I
g1_RSA7r7h5zQg1wQJk9aAKKpKNGstYhZ1jAmDSRZOQS6I	pathagon-rules-v1	7	14	3	60	0B0M0K0R0N0b0G0I0f0g0Y0U0a0T0F0m0O040k0Z0c0a0B0H080V0R020O0d0A09010H0VXR0P0CJR0JLq4KRYNl0EPAC1SxWbcARZXTLf0H0CIFc5RFJ22n
g1_RSDo8Fe7-TN9pQgTeTMhIRa2HR1X2pPgyxOZ7P4iuW4	pathagon-rules-v1	7	14	3	48	0N0c0d0X0I0S0W0V0P0W0U0T0Y0U0b0M0U0O0i0N0G0f0N0c0O0H0L0O090M0Q0e0N0a0m0b0f0d0O0J040Q0R0K0Q0I06EB
g1_RSGe4-J5qQEHal-JiP6UVAuTndpJT8R12wfPI5DAF60	pathagon-rules-v1	7	14	3	71	0j0M0O0T0P090a0l000m0h0L0e0V0i0f0S0b0I050U0Z0K0Y040b0c0a0N0g0T0AGH0VNm0J0U0a0b530FcFTdb0W80S1XH70UOu0bMd0NRR0VWu08W0Zd0jbB0O0WFhbz0ILv0E0B03MV
g1_RSJ7GrPbwuy8GCQY3qlSebN1gZJr9qlZQ1NvOS8vV8w	pathagon-rules-v1	7	14	3	62	090G0h0i000e0b010S0T0g0U0L0H0m0d050I0D0Z0Q0l0B0j0P070K020b0k0N0310EJGFYh0JZqJ5QEBD0KKUN7Ky28XdGcFi6Q0R7x08VZ0FDCZFQ20XTuJp0D
g1_RSQwLNZqRinrfdEEtNvuwF6LSPoUzgws7eapksLaqBs	pathagon-rules-v1	7	14	3	42	0Y0f0A0J0H0E0m0X000G0U0M05090d0P0I0g0V0l0R020B030N0a0S0f9w0FET0QF8SPaK0B063L5L491K2b
g1_RSX4asPR2ilppi-0yDdBNJB8p4aBnzSk6fAR9QOBCZ4	pathagon-rules-v1	7	14	3	95	0b0d0L0g0I0j010G0T070k0V060R0N0X030Z090f0A0P0h0U0J0m0O0cFk0a00051M0DH2U71tZw0jc3ZdReHM0LNa020UAn0hR60d2a0VX50QQB01D9TL0EOe7w0bG_0SDW0IEV0C0DYI3F0gZTaJ0JU30D0c6f0YZA02WQ0K0lGb0DXF0gIb0ZTq0X1r
g1_RSb7dp83ZHYWSEzTJJzMgoQEqHAcn-WdPwMKh2atq6M	pathagon-rules-v1	7	14	3	57	02080j0L0P0Y0A0K090N0D0R0Z0m0E0H0l0M0F0V070f0g050h04080UWy0TYQIo684sRlNVBt0iBA4PaG0529OP2ZYW8f0JbGOa9JXQ0LLy7V0g89
g1_RSg40dh4-ztO59Lm4m3QZy6yORRhNzEhxBU83XZ9SAI	pathagon-rules-v1	7	14	3	65	030L07010m0I0B0K0M0S0c050D0V060e0b0P080X000N0k0Q0O0l0C0j0d0E0F5A0rZXbXIr7Y0W6sFSTPSVVCHKAWNkTv0VA_0TFg0iaK07WB0b4R0j5p0h2C0k2ZQX0A
g1_RSletYZeCqfeiQgSkDC-vC6BrAFVZ2R-kRbpjCsxVU0	pathagon-rules-v1	7	14	3	51	0j010k0f0K0H020m0d0G0I0N0D0X0C0Q0h0F0S050R0g0A0B0Z0W0M0eLvXPZS9IY74nGQ5g0007C1E6B604V1090gQ8A0VZNC0i2Q
g1_RSw7dFmhyuqD8N8rrcyhSatchUPu9IHliPjGOSxQy3U	pathagon-rules-v1	7	14	3	15	010N0L0Q0M0k0h0B0T0A08070F0l0a
g1_RT-toxEhmFZl7wOwQ-DUECFuTqx_NVptjeWV4dy_HpQ	pathagon-rules-v1	7	14	3	27	0f0e0Y0X0R0P0W0Q0X0d0m0W0l0k0e020K0J0I0D0J0C0Q0B060I0D
g1_RTJF5j4mj3lxEKD2oawd9x4kdll5oZnfiRunPxfwCjQ	pathagon-rules-v1	7	14	3	25	010f0b0S0i0M0U0G0N0k090E0L0j0M070I0F080h0g0a0i0Q0F
g1_RTK6qOdD9QPC5UhPFh9vlfaw348xmfb9OO7Kns4BXqs	pathagon-rules-v1	7	14	3	53	0K0k0b000T090Y0W0F0Q0L0c0l0I0X07010G0O060e0C030N020m0R0Z0fDQ056WNE0B520xVlTx3iL8GmPtQW00DE05LaaZ0kAYaf0k2s
g1_RTLGAwi2MiC12q2ec1B_keWxfxY77bsIFCTQD7BOLvw	pathagon-rules-v1	7	14	3	42	0M0P0D0H08010Z0V0F0c0J0T060K0L0U0d030C0k040R0Q020O0X050j4N0W0IDvRxLW60Z-AiQ80HOb0968
g1_RTM0Rnj-WufBh7wrWBtUP_6VSsHng4QvSMew0cAkkeg	pathagon-rules-v1	7	14	3	34	07000E08090L080M0F01020G0N0O0G0N0H0A0P0H0I0B0H0304020B0C0A050J040Q06
g1_RTOq83726U0zcRiddN5aKsgmPcn0iqCUb4szNoG3WwU	pathagon-rules-v1	7	14	3	66	0E0K050R0J0W0S0M0Z0i0801060N0Q0b0U0A070V0g0e0T0L0B0X0j00ZRYcMb0z0aW2WzG9BM00SdTJ520cNq0a0dJ7VD0YJT0hW00mL40Q76bj0jHw5Y0N2pOi0kaxAn02
g1_RTRH1cWd4sS_-lPK30SabcSTL7bTwG56fBtRGxhsw0A	pathagon-rules-v1	7	14	3	196	0d0W0P0I0W0B080A090H0G0F0O0G0V0c0N0M0G0U0T0b0U0a040T03020105020C1Y010J080Q1h0o4c2O020C0o342M3t040o092J361b010r2P4e0534092K5P0q0X3t041Y3s2N4e391b3s2N0p341b092N0p357j3r2N1a350q092N1e4e05355Q094g2O3A033w385Q004e0r391b2P3t4g395Q2P3t4g395N2K3t030o342M4e040o342M3t040o342M6x050o0308041Y352M3t0r1Y352M090p0434092K3t0q041a0e097W2J3t358U0r2P4e051b4d2J5P391b3s2N0p341b0A2N0p358U3r2N1a350q0A2N1Y368S3u0r
g1_RTRZrHElcVr7ACpFcTn_hMWvvw70U-DTozSuxmf1mR8	pathagon-rules-v1	7	14	3	30	0V0Z0g0d0c0W0B0f0Q0X0F0I010Y0P0b0J0l0I0O0U0H0A0e0E0D0C0c0h0a
g1_RTUi8irx0rqEH96An3rIplUMIlGDh0HnzJJLGDVyGOA	pathagon-rules-v1	7	14	3	62	0J060E0m0700050C0O0D0L0H090G0Y0N0Q0A01080b0903020k010e0F04cG0K1XRVbTFlcG0IZy3ebT4Vag03ZwHZYQ0TZANWahS-Zv6eYm0M0X0a5nPZ0BWx1f
g1_RTVsS_Te4YIRFKiRttD48P9Aa0qj2dXOidLaUpEy5Jg	pathagon-rules-v1	7	14	3	21	0f0e0m0Y010T0S0Z0g0L0R0D0Y0C0B0A0K0B060E0D
g1_RTaCtL0Ah7VCJHkWJcu_j8i6atLDYTiuMchsIJaxa4A	pathagon-rules-v1	7	14	3	65	0m0J0U0e0C0k0R0g06090D0Y0E0O0H0B0j04070h050Z0L0V0i0l030cHN02BJY3BdXH5RP00FFfCgHw5H7vLc0dO50TYLJIL60K8e0SZo0jY_IiTW0U7CaH0VV-0J0h39
g1_RTd_SDgU2O15QjvKF4gIkUP7QvcaaE8xqISQjZoH9o8	pathagon-rules-v1	7	14	3	38	0F0C00070E08070M0L0S0Z0g0S0h0k0b0Y0a0d0T050B0F0G0409020A0J0D2V0I4K0K037CMhB5
g1_RTncAxuqkTBBRTT8mxLn4b4mn8bn_yZeOzRDERGVWoE	pathagon-rules-v1	7	14	3	22	09020M01030405030E060A00050G0F0J0C0B090D080C
g1_RTryqgaMkFUm7QfqI5LDxBqh4GYQigGyG9BbmZ0a9YA	pathagon-rules-v1	7	14	3	46	0i0F080B0e000L0N0D0m0T0V0G0X0j0k0Z0d0H0R0b0M090S0U05070JAq0WZm9Z61PTDy4t0a0s8Nbw6AQSGtCe334x
g1_RTwcxmhPlaM08u7a7r1NtDHt8jfWnx4__E8DNlyA7hg	pathagon-rules-v1	7	14	3	125	0h0Z0I0J0R0a0l0L0P0K0W0Q0b090j0G0g070k0M0X030T0N0S0D0Y08RV0fTN0CKIA2FAGGXs3YQR03MdNzUy6cJyI_GhFWN20NX103490b0ZBiJD0ma_005zGvZW0j450V0eOX04BT0c0BUb0d0cbg0JTJ0A6-02V10O0VYb0GFQ04CfJ50E4u0hAE09N-0b3C0iEj0aHg0XCI0D9yC5ZrSC0j0k0d0j7HY30EZsWYZ30j0SDe0k0cI_
g1_RU8_ydhWwFlrmRoMHPZN6Lcel_UK2ujrOm6R5FkrNRQ	pathagon-rules-v1	5	10	3	26	030D020G010900080407060C050B0E0A090K0F0H3_047y093NB3
g1_RUNeNY7WL1dgU8ia2LaPAu8VcFP4wLET6-QR3ODzcxs	pathagon-rules-v1	7	14	3	64	08070m0N0l0S0P0W0T0E0M030X0e0L010C0A0K0f0Q0i0a0g0h040G0OKd090Z0H0Y0Jc006QFIOKm3JNS22RcJiOL83Zc11H80fIN0d2uE901V60J400dVT0IJ_Ey09
g1_RUNpuLQnLDVOfE6t7AC9dKpXFbDlUD4gpO8qk_6jm4s	pathagon-rules-v1	7	14	3	71	0m0K0D0J0R0C060K050Q0P0I0Q0B040W0X0P0Y0f0e0d0l0e0k030A0H0O0A0P0c0V0j5t060d0D4e053s4c2M5P040o342M3t040o342MTv0c3s030u34AqK80P0u5NJM0OLYAH6Z0CR7
g1_RUTrppH7zn7z_C_JUa3a3gIpYxl7jzCppR4yZIXGN2A	pathagon-rules-v1	7	14	3	20	0G0907000M010a020N0A0V0B0D06080C05040305
g1_RUeuj0P1yop18oYwtrdxGIsc80wdJXv4wfSJHMlxApA	pathagon-rules-v1	7	14	3	101	0D0X020T0c0J0Q0M0m050j0f0Y0R080d0F0V030l0f0S060O0i0b070K0G0ZZoNL5r0hCb0H6kJ9AqGg0OOX0a1G0N0WWq0T0K0f7N0BQyPs0cSH0Z0WGha_0C0S3i0lH60kVk0Mbz0O0KaM07E05r08HD0304HfA74y067A0POm0m9q0L0C6V07SI0OOM0aIu0U420lH9
g1_RUhSJU9zAoZO3K3JiyUrYDes8Wlt8nOX3CNoZHBrdFY	pathagon-rules-v1	7	14	3	25	0K0J0D0C0R0Q0W0X0Y0P0X0I0B0f0C0e0d0X0m0l0f0k0e0806
g1_RUmmvzOEM2SOFjEpexvcd5nsA1REC6FLnOuLs8CBxRE	pathagon-rules-v1	7	14	3	41	040m0Z070f0l0E0D00030Y0M090T0K0X0F0S0I07060J050b0e0H0L0W0D08020j6501SG0Fa50P4Gbp5M
g1_RUor0IQLeDT0PQnyJ6x015pcwYayqyCSPymt9KTUMeQ	pathagon-rules-v1	7	14	3	43	0d0K0l000i0R09010M0j0B0S0C0O0U0I0g0N0e0406020A080m0Y0H0D0c1j0bMGbD9Q8-JSET3E014LU60f5V
g1_RUuUZ3UEKHhGaI0wx524on7j2BH4LZQ8a4tUHtEL3-o	pathagon-rules-v1	7	14	3	53	0Q0P0a0U0d070k0Y0c0A0l0i0X0L080h0V000K0Z030C0j0e040G0b0EGKHW4HR9UdAKCv0KSUGIaEX-TiK0WgA_Tu8V8L0kb-0Cb60K3e
g1_RUuUgEfsnsQD8cHUaNHje-KTf6ctQAgADbeSdwm3_zw	pathagon-rules-v1	7	14	3	81	0G0d080Z0c0W0D0O0N0P0J010E0T050L0i0b0f0K0S0j0m0L0V0k0I0Y0e0l00Zi020QCCR2Ip0N1I0MYZSAVd0i0HUq61NO0KKS0S00DYTk0aO4C0bJ0jaa0V0U2m0W030OEJ0PEq0W0c0OLh0GEE0MWR0XNM0f4m
g1_RV0MitQmwe7aNjVKwat4uZiKY8kKXZj5uyEv90cJSeA	pathagon-rules-v1	7	14	3	196	0F080M0T0a0N0O0T0H0A090G0N0U0G0V0h0B0I0P0W0I0C0J0Q0X0J0W0P0I0b0P0U0cYJ0eTi0bJe0O000H0o027g091b04052M0p01091a4d34032K360q053t4g39A02P3t4g395Q083t4g397j2P3t4g395Q0C1a4d34032K360q091aD2340G2K9_0q001a0o34032K6x0s3A3u04025S3A3u2N025S2J3t381b0C2N0p357j3r2N1a350q092N1e4eA23s5R2J4e08030w2J1a35030v2J1a013u092N0p391b3x2N4e01091a5S3x6z354f2J3t1c395Q2P3t4g395Q2P3t0o384f085P3r1c7h2O0p3A1b4d2O0C385Q4e09
g1_RVDqk3rvqnQgqWeqKKVDezr1eyjI-3DGXSZqXrxZBow	pathagon-rules-v1	7	14	3	83	070c0j080l0X0I0D0k0J0S0a0U0T010B0m0Q0Z0V0C050W0Y0R0F0K02000U0P0dc97ZGk0hL-0bVT0RR-BU1KLz082kaBT90W0eZI4e1d350X0b4c1m6TX21RBVRo69Gz0qBV1d0e380q4d682O360B0o3r2M4e0J0o39
g1_RVMwByo1Z4sD1nqAlFIAPoKmte28SmBjIWDlFuhcu8c	pathagon-rules-v1	7	14	3	66	0g0L0Z0M0S0T0a0h0i0a0E0h0b0L0U0a0T0N0F0G0M07080E010F000902080O0H0N0V0A0O030c0j0b1A001w013L6Q0712000OYz012U0V6q07Zv0IXe0bZ7Td0a220b7R
g1_RVOuOuU5jp78s2o0P9yyymy-le-ncgk6dbnW2WgUYxU	pathagon-rules-v1	7	14	3	46	040P0Q0R0O0W0V0U0N0G0H0N0Q0O0V0I0O0J0P0H0X050W0K0Y0C0B0A0I0B090D0603050201090834032K020u0008
g1_RVXofOGYJIsOnLdOT1ZbdwNGkjbQdtL2Yy2kQ7R0_mo	pathagon-rules-v1	7	14	3	77	03060P0X0b0a0e0402050l0J0S0N0L0V0k0Q0d090f080c0h070U010YaVFZMN59P_7rKA7A0O0IV309050mb00K4k0gHLIqVd0lWd0j0ic30PSr0UZd3RFG0kbSJOSJ0mQfNi0Rc20e0lMkCm0IC69r1h
g1_RVYtbtUPk9j0OOL21Zrdqo-QXQZ0PyiUB88u54zlJaw	pathagon-rules-v1	7	14	3	36	0O0e0I0C07020N0J0W000S0m0B0l0P05030Z0f0j0U060i0E0V0k010L0M0a0cAYI25D0M1N
g1_RViVtuBJR30a-1xikPmFRh2vd07K_imXIxO-ah8o57I	pathagon-rules-v1	7	14	3	34	0H0A0O090G0N0B0G0I0P0C0O0J0H0Q0F0M08050403020401060D0K0R0D0Q0U0V0T2J
g1_RVimANYhwXMKGSsedty5cL7CZSnj92gd7l0HPJMS2y0	pathagon-rules-v1	7	14	3	67	0m0A0d0Z070j0P000L010V0Y0i040b0M0H0G0N060E0O0K0f0C0c0R0T0k0l0g09BzbHUp29OSD9aZRH6g0EGITvbt0eHI0kIT1B0hBp0EQ99P0IZE0mAr4C53bs0Z80Yi04AJ
g1_RVjL3we9sFQRKEXtaxTXp1iSnJz819RMIKgm31vQEnI	pathagon-rules-v1	7	14	3	30	0L0a000b0g0B0m0f0c080R0A0Q0j0F0P0l030H0d0G0e0N0Y0Z0S060c0k3X
g1_RVmSGkKuAX411YlmoxMUIjJ_I3bQEmYt-dRDQmI85t4	pathagon-rules-v1	7	14	3	43	0a0T0M0h0g0T0F0a040Z0S0L0Z0E0U0N0G0T0M0N0b0M0a0i0V0c0O0H0j070c08090F0A0G0H0I0B0H8309XD
g1_RVqxMwtvLIxFbsleetXlt87EbsFzQdEzBlYaKy1lqyI	pathagon-rules-v1	7	14	3	56	0P0G0T0b0i0Y0a080E0e0l0Q0S0D020R0N070Z0X090g0H0W0k000B0G7k0m2v0dbEVHIa6da4QQ09BR0Jbh0PLV0N0lFcOrBtbR0K97AO0d9Q0c
g1_RWIhe_vInqoSKlV7YtKb8JK-jFSt2niN4m4YS_upIOc	pathagon-rules-v1	7	14	3	61	0C0S0T0H0k0e01090B050F0N0D0f0j0P0E0b0U0Y020Q0V0K0M0c0J0L0mVlagIp2JKI064m1xTD0GRVF-MGO10V9_055v0bB50eZS0kbg0mF7TU0dL20U0l18
g1_RWPl9N9bBQynP3SXKO8KATmW640eAiipcl8JLM6mM60	pathagon-rules-v1	7	14	3	54	0A03000C0B090W0F070k040G0Y010N0U080E0d020D0m0g0K090H0N0A0R060j0QZt0ZMB0TV1bpPc0i19OAR7CGXT0SHH0XBUQE0Ga40URe
g1_RWQxKyoJ_l_YSbdEkzV6OA8xl7tAkaxa0LNXpMgflMo	pathagon-rules-v1	7	14	3	30	0F090h0A0P0G0e0l0j030H0m0K0f0G0Q07080J060W040N010Y0X0b000B05
g1_RWZihbLxt1Ht68oKDqfwd1CXiHqTJ9MsxU0aYMofdfg	pathagon-rules-v1	7	14	3	46	02090a0h0B0b080c0A03090i01040j0k0d0j0W0E0I0P0l0H0K0A0O0Z0V0a0USe0aK60TRn0B0I0e4EN20m0SBOMmCE
g1_RWiRarOLSGz6_pWDdpjlGy3jPf8Uc1Ac1sJrjECDYlY	pathagon-rules-v1	7	14	3	45	0M0L0S0N0O0M0T0U0V0Z0F0G0S0E0H0U0M0F0N0a0h0g090a0b0G020U0k0i0c0N030I0M0b0N0h0G0H0A0G0H0N0j
g1_RWjjclMkudCHXRE0tHuxqxoQmEaNMwndL09lE8zjpW4	pathagon-rules-v1	7	14	3	36	0E0S020m0W0O0T0i0U090Q0f07050k000G0R030g0e0H0I080F0c0Y0d0H0eCa0ZO60hGR1M
g1_RWo5yTCQlKgou2EcmutrGc-YxTRkrFC8SolRowWwzEQ	pathagon-rules-v1	7	14	3	59	0g0Q0P0b0I0Y0h070A0l000c0E0Z060N070H030L0W090O0V0f0K010MXE0C0m0G108I23Hm3nGxCD0iF103YB0a8fYX6U0lBw07ZR0YO30daP5CJs01Cs
g1_RWoENyZJGog53rNUH-Ublq7nwGXwE4zkCYLet1A2qXY	pathagon-rules-v1	7	14	3	66	0W040c000I0Q0R0k0d0K0M02060l0P0j080U0O0C0b0G0Q0D070E0L0S0F0T0VA0Hu0ZVC2OCIBO74bPTP3c0lMeP1NfJOLv0eRQ0iS90eXh0ZVNV_1R5x0MFUXQ00YICJ44
g1_RWrEU1ppXTHtxRKh9yKWDvXWPbJzkrc0I6tqF6db1Qg	pathagon-rules-v1	7	14	3	25	020a0j0S070F0R0k04000A0G0O0L0M0I0c0E0f0X0V080H0e03
g1_RWv4fDr0qULuMSl8YQJeIM_j3oXkR4nlmOpHvT7t-cY	pathagon-rules-v1	7	14	3	53	0Q0J0V010T040S0i0f0M0m0E0P0B060X0c050K0R0j000b0I0e0l0W0Q0e1L009P0UC10K0LZHSu0DLecCEb0j0STg2h09Q4Ox03Zm3b0m
g1_RWvQ1NkSODqfil4zRZgbnkHdgENbiAxsGOL5SXnlKtU	pathagon-rules-v1	7	14	3	27	0C05040X0J0K0c0D060Q050R0Y0B0I0C0B0J0P0W0d0e0W0f0X0Y0k
g1_RWzJru6TJbYr3MiQ2PfgLr7gVb7wDhvCtLzA7E7S1yo	pathagon-rules-v1	7	14	3	30	030B0f0L0A0409020803010H0G0A0F0I0N0M0E0O07000N010P0J0O0Q0C0K
g1_RX7NSPIW_8PZNPAtG6Qa8wrdSSygzylGYN1KjAUZS04	pathagon-rules-v1	7	14	3	21	0N0G090H0O0G0A0c0H0V0U0b0F080i0G0b0M0j0F02
g1_RX82U3B2B4ggKx1Jp9q6TeFkY4OwDTXCSgLo6NSyKRM	pathagon-rules-v1	7	14	3	83	0H0R0k0U0B0a000e0Y0c0W060i0S0m030V0G0f0D0j0b090J0T0O0U0hN20E9W0gD-0baQ0kZF66c2JmGDBf47U_0Q0P1aKNZDSW0HVo0O0COl0P0I041AXJ00TNWQ0b12a000JBM5Mb0ZTDR10bRrIV890kC12S020Z0w
g1_RX9u77kYXTgGYirfViqGyco8DEyahJ_ORsHmWxHV5q0	pathagon-rules-v1	7	14	3	41	0M0L0T0F080S0a0F0N0Z0E0b0U0a0G070F0E090V0O0H0i0O0b0c0A0b0j0h0g0P0h0I0a0BWx0g6w6A0q
g1_RXCyzqVl3XikV8WHNqwjZsK0wv_SrOK9JWE1rhhBqCU	pathagon-rules-v1	7	14	3	82	0C0h0E0J0d0b080M0g050k00070C0m010W0i0K0c0f0U0H0l0O0V0P0T02A00R1Kbz0AJR0QGKP800OIMPIEBb3ZaMYg7D0SEW0mWnVw0YTk0fQf5t0aFA0j0JSC0kNV0ZZkaSQW0L0MGY0S0EYJFv0kBy02TK54041_
g1_RXGrd34CLXaHbj4m-VzkSsYZoRCaB6J4B1f4BUOWzW4	pathagon-rules-v1	7	14	3	55	0j0D0L0X0m0d0c0M0f0S0H0I0N0R030Y0l0U0i0C0a0Q0g0P0M0B0h0AY009X0QVSNN-0WUkGg9-Ih0XWfMtPPLFcAD00eNX3U0N6y0FHE072T
g1_RXUysy2frDqY-MZdQEstYmlCV6Y7mh_zwxD2532YlnA	pathagon-rules-v1	7	14	3	65	0B0F0j080S060k0U0d0N0f010X0c03000E0W0g0O0K0V0a0b0M0P0C0JBaOVMh1hSP1DO90E59KY01PaaOJr3LP0A7UK037tXY0k0l0GE40eUz0j3y00GE0S9p0U6mZG0B
g1_RXZlobZhdKUAN4HpEwmSjcUo5jYb_iqafLdbjhwGYLM	pathagon-rules-v1	7	14	3	58	0l0G0T0D0K0k05040d070P0C0J0B000E0F0Z0e090j0a0W0m0k0L080R0g0CPR0hFh0QVS0H93At06SPaZbf5X9Y06RpVQK-Ig40040X1jHn0VXtb40D
g1_RXjKtVl0bW0_j3BfRkVq1asEzKdrrAfCxVIZZDbWccM	pathagon-rules-v1	7	14	3	33	0W0S04080d0O0C0D0L0b0V0P0l0K0Y0A050Q0F0G070H030T0h0E0I0g0P0N0eCB0B
g1_RXuzMLO8w0DljBkJcGZppyOYRrqo0Q_yLsmYecpmXL0	pathagon-rules-v1	7	14	3	175	070L0S0h0R0M0E0K0B0H0k0b0F0g0Q050U0P0e0Z0c0m0T0C0I0i0V0DBX08P40Y0V0XKkW_UIRjEa0W2zADak8O0cB3U9GBVlYh0ORA0QDK094y0OYE0IbZ05HR0L0mOl039Y0Z0E3r0abb01TEJP05Cv0mDG0b0QPPWkK40hQBLm0cXdTHNe0OF62WGo5P069DYn0eKu7AXQ0WZl0lOzaVSq0gQW56Gc0J6iFqP7990G2g0d4N023KNtIV0Nb9IWJr0jQs0cZCH00JAtao0Ya80KXf080BGH090bDj0l6J0O3Z0IFo0DaW5d0fEj0dT_07avbs04Vm0l1ua-0lR8KYAdQo3s
g1_RXxsfrQFL6mLdSKhXbuO4w_8sjFvWOMofUSWkXFUt0E	pathagon-rules-v1	7	14	3	57	0G0R050b0K0N0O0U0a0I0S0B0f0c020k0C0j0Q0X0L0e0E090F030J0P06Tb0A0D0ZPF0WLd0hQa0R08PxaJ0kB8SrUFH2EjXv0X2r0mPu00AHZW5E
g1_RY94DrD2o-Tat3QaLemKzlJt-97QqctxSU7S8QhsEns	pathagon-rules-v1	7	14	3	119	0D040P0M0V0H0i000c0I030d0Z0G0W0R0g0K0F08070k0f0C090Q0608050NPs04XE016i1P3I4V4cD8SW031I0mKII5TxLe83Uw053KJS0FWA0C9JIo0laK0B0YRs0Rb8bq0kLkK40maGXR0X7I4K0cQl0X6Z0cZr0fM2Vv0ZDWUJ0e5z0jV7bn06Pe0HLB0QVu0lEuZ50R0C1yVlWS0TQt0KIfMl0h8t02TX3zC8FT1P
g1_RY9E1EjNEWJ5QnuSEdF8U4ZGjwxx3zmlHE814m55K_c	pathagon-rules-v1	7	14	3	25	0X0I05020k0e0W0i0c0D0Z0T0Q0G040N0d0M0g0a0h0b0C070J
g1_RYBe-EqwTWOxA_VHVFbrAjqK_hDDE2urt_aX1LtfD7c	pathagon-rules-v1	7	14	3	41	0Y0l0f0m0e0X0Q0e0R0K0J0D0C0605040B050I0P0W0d0X0P0k0W030A0H0O0A0V0c0j02Zy09bT320cWo
g1_RYFeQfJNZ2j6KqzVoEW9ftDO8iBVtnhhtHu82cfbOpk	pathagon-rules-v1	7	14	3	54	0e0J080T0G0R060F010C030Y0h090K0j0P0H0d0g020I050m0Q0O0M0E0D0SKRDv0bc7TbZoHu0ZQQS2AoXB0mEZbmBr5iQ-VHU1P16L0m18
g1_RYNsjTOBoSbWOO93Q-OWEXvq829MyGy-Bbya2CuYFIo	pathagon-rules-v1	7	14	3	42	0U0S0f07030J0i0G0B0V080N0j0I0W020Z060m0h0e0K0A0O0V0c0d0Q0T040b0B0g0PWW9mYWF2bkMY0l2f
g1_RYZKxFRFy2THnmg8a3LcZovy0j8A1Du_zFU1E21mohA	pathagon-rules-v1	7	14	3	119	0H0I0O0P0N0g0X0Q0J0G0I0Q0W0V0P0U090N0A0B0C020B090304050301080F0M0G080T0F1Y014i050u1Y5O2P6A0D1f0o09027g1g8S2S0A360q0G1Y3s36030o342M4e040oKZ2J361b3s0r2J361b3s0r2J8T1d350q0P4c1c052K0p3r4f1c2K0p0A3r0E2K5P0q041Y0A35D30q0d1a0G353r0eNq1c0o2J4eJu
g1_RYpmzJiMYIdfx2qQbTlJ3r83RcEUkZHCgQdPgUcdiWE	pathagon-rules-v1	7	14	3	57	010D0E0A0S000T0L050l030J0d0a060K0V0C0N0F0B0k0O0M0H0Y0A0I0T0G0P0HJRI70MRK2FFSC4aT0O0V0N0H0R1RI_09LyOp0Z0IZc0N0HXVTq
g1_RYqbucKFcY40cNq7nRJhSAiryHWtlOJch5kBkvw9jaI	pathagon-rules-v1	7	14	3	23	0h090C04050b0J06010l050c0m0Z0a0M0f0H0Q0W0Y070R
g1_RYww5KQVx70Wpq7Qr1dNjUjeaQBqc6qpA84HIE57_IA	pathagon-rules-v1	7	14	3	53	0a0T0H0B0V0j0m070W090U0c0N0b0f0S0M0L0X060E0C0K050R0P0g0JE40DSb0ZLj0dG70O0hVMWo6X0FZXYB0AQQ8lBfS1EV0lX4Tj0c
g1_RZ57waTGypkabdP_wzX_ExuB7mKOp1QmGpHh67urMPo	pathagon-rules-v1	7	14	3	45	030A02090H0G0O0A0N0U0V0N0T0M0U0F080104080B0I0P0H0I0W0j0c0X0b0W0U0a0d0e0Q4Z0J0dKt0I1j380Q2U
g1_RZIcDhpmqaX-LbNHPpcyHbXwJ3iQit66QVTuJuCDhaM	pathagon-rules-v1	7	14	3	74	0j0D040h0H0Y0Z0C0E0O0Q0i0F09080N020d0c030R0b0W0K0e05000T0BUw0V0401Ef0cR9Zo0Y7cGgCbZBBg3jH8IJ073uE-BL0ANe0D0G2fIr0J7y0NUy090a08GX0CW_0eac0GEy025z0E3i
g1_RZQBnVnZ_BhjqckXBlP0j-qZe06h-zNYlajciVrgGig	pathagon-rules-v1	7	14	3	41	0j0P090f0R0A0B0M0e0F0D0l0d0A0H0C060X010G0V0E0b0g0c000Y0W0e0O0JKe0Q0Z0m0X088T0f0o0K
g1_RZQy6gOt-9DoZXFd6-6bd11IR6I2goEUDanaM0QaOIo	pathagon-rules-v1	7	14	3	40	0F0Z060H0X07080S0Y0T0h0Q090c0M000D0U0f0E0i0G0K030O0m0j0B0LN00gB-0IbyQq9aIC2i5Z1E
g1_RZRYgrEDNxC382fI8wF_Gycc07jsUeW1wApYVKiUm-E	pathagon-rules-v1	7	14	3	70	0C0m0M0P0O020b05080G0H0R030h0j0i0a0A0X0Q0e0W090c0D000I0gI601380B0F07Sx1OVl9UBNV5TJZC7LNJURL-0RK5B106A00dM20AQK0b0k914L0EZwcE0RUQ0caq0eXl0m68
g1_RZSIDTO4kJJDIomY73GpOR-2mZvOB6uhGpIUulOPZJc	pathagon-rules-v1	7	14	3	39	0Z00030A0H0O090A02080g090G01090F0E0L0S0F070H080L040G0N0M0B0G0N0U0G0I0F0J4I040M
g1_RZTdS6cJWtSPazpg7gJtl3_4N76oD2TenEEVNwi7LNk	pathagon-rules-v1	7	14	3	66	0A0M0X0j0b0H040T0Q0I0R0N0m000P0c0W0L0Z050K060C0f0e0D0V07P4An0d0g08Ih09WyKs0gSG6OTYNWT4H4M01VPJE4MUFq0UWr0QHh0SF40M440B1w0T4zST0dKl0i
g1_RZyAF7TtehhQkusMLOQLZ1v-GAKTYkOTabr0Wqyachw	pathagon-rules-v1	7	14	3	90	070200010U08060Q0H0E0m090L0G0k0F0N0g0P0h0V0a0K0S0f0Z0O0Tbt0E0WBwGNK_E0L-1XN8O4Qsb-SKWFGqC4770D7g0UX25iC9aY0HHI0aRo6TMK1DBVH46TMK1DBVH46hMYXNC9Ro0Z0LX1bb4o395Q3xA14o395Q3x1c4d2O5P0t
g1_R_M599d4JjoFBCpYuFBX4BPeBV-JC4CwafIYdHFxcIA	pathagon-rules-v1	7	14	3	33	0g0G090H0A020309080F090104080O0B0H0I0N0H0G0P0C0M0V0B050J0Q0U0c0P0j
g1_R_N9mGc3d1z9NhRDiy-6inxTWH62icmgw9AlMyoj4Ts	pathagon-rules-v1	7	14	3	33	0h0U0a0T0b0i0M0b0c0T0b0N0j0V0i0O0d0W0P0k0W0F0G0M0H0I0B0A090H0I0G04
g1_R_OnrOX6CrSrxPn2Is0VChW76s9JfXbrTNZ0ayYKzGk	pathagon-rules-v1	7	14	3	27	08010T000N070A090U080L02030M0G0F0H0E0O0S0V0L0h0a0b0T0i
g1_R_XK5j5afqQ14JipfpUBb0I2y_3MZewoD24iwF5E1jI	pathagon-rules-v1	7	14	3	37	0h0b0l0a030O000c090i0H0C0S0N0g0d0D0Y0J040Z0W0X0G0L0A0Q0f0ePP0B0M120TAw7B05
g1_R_a7lXQYOJuy-xtAaKVl1_aeu5ut9JQXQlvleu4GYKQ	pathagon-rules-v1	7	14	3	50	020U060Y000j0V040T0c0F05030i0f010N0J0Z0M0U0d0b0O0D0I0L0k0m0H0C4T2g0g3pFacCXh0aRY0MU50f520cV9A2Jp0d0h
g1_R_bjWi3ziDUUjOgNP8nSHuEmIFgCvLHiU3RDTYXVSN0	pathagon-rules-v1	7	14	3	196	070E0L0S0E0M0F080T0F0001090G080N020U010T0A0H030O0V0Z0a0b0c0a040B0I0P3w040t3r4gRf5Y0t3r4g1d01045w1RMD6a08XU1RMD0S01XU1RMDBc0E080t4cBa1f5O0E4i0s1Y3s5R4i0s1Y3s6C085S1e0o6v2QRc080o095N0825XN1RGsRb0LX14p1d0o08344e0309Ap5P3x6z0803093dMtSn0q0A1a04353r2MRc040o09080A1YWy0W02PT5a0V4i0sAkMm6aNe0u001g0o00080o4c2OWz0T0o090a081Y5O0T360q00Rg4p393u5R2P4e0A3u092N0A395Q3t044iAp2V3t5R3AA0093_4g0Z5QRf3x8V3H4f
g1_R_iXKW2scccaKZcHhAZkuIECiTwIEOXedLtcCcJjPRE	pathagon-rules-v1	7	14	3	49	0D09000E0U0Q0M050Y0T0P030I0C0J0h0H0e04010L0X0d0b0G0Z0m0O0KQH0aAJORKr0W8G0fTaRA0dPp4t0kYH0CR-IpJI0s
g1_R_jkHE4dB-YW7vobUKsKOfk02j_UlqDrzNsOEb5pKmU	pathagon-rules-v1	7	14	3	16	0k0409020P0G0X030V050Q060f000D01
g1_Ra16T7SCNhBPm9Rm8gTSeBQshGmsTguKM7tyOpkN2O0	pathagon-rules-v1	7	14	3	15	0203040k0i0I0G0g090N0U0K0N0h0b
g1_Ra30UCsasaq44h_CJgA_BeQx8wqLCP0vpCA9fsbOIYM	pathagon-rules-v1	7	14	3	45	090O020K0g0c0U0a0k080b0T0H030L0A0V0N0M09050d0h040W0F0i0G0M0d0H0j0O0B4iGA2K36aICN1Y4d5Q0NXs
g1_RaBfyLT10LhlAbZ-LZuyILBuKQ0qVoiMZqDMKT3JK8s	pathagon-rules-v1	7	14	3	74	0j0A0M0Z0d0X0h0Q0P050i0k0U040I0b0E0c0L0a070K0G0J0f0S020mGvSJ2pGE3X0BO4aM0F8K6Z02Jwbw0KQg0I0ZI10CFA0mYA0VPO9n0aIs0I53U-0hWdMxEc4H0dTZ0DXR0a0b04UU3k0T
g1_Raeh_dh3RJ04CnXKOPPyJI-WmvYGDI1_LeVlAzzZTC0	pathagon-rules-v1	7	14	3	60	010F0E070G0L0O0D0H0C0N0B0b0U0V0W030i0A09080V0a0T0M0h0F0T0E0X0b0S0U0c0j6i0ZN50P870b0U0a0g0d0T0WQg0A6s0b0f0I9g0dAU0a0W0EMo
g1_RamUrgLE7BTOX1LlnGhY-NYjh-h0W3Z3va4rFtVn9I8	pathagon-rules-v1	7	14	3	61	0D0K0H000f0Y0F0e0a0N0G0P0i0O0d0Q0U090N0R0k0V0l0E0J0C0M020W05Cp08a90XWS0JYoQ5Sk0XPS060f8604BqRhRVWB7P6mQm0XYr0j0m1x0C8w09Zk
g1_RanKtMCISSKxbglvRC7zeXt7I1IaHcrwSQhaWykCXrU	pathagon-rules-v1	7	14	3	62	0B0e0N020j0U0S0P0L0809040W0m0T0D0i0H0I0E0K0X0F0a050h0c03C-06070ZGA0M01YB0fAu4cOP6NSmZiOe0TIC0a0G0w0lWQ000j05SMaw0F099KX20W0v
g1_Rao0UD92ydYmMFiAKG-r3VI27KZDRNjdEdgyhh6tBsg	pathagon-rules-v1	7	14	3	89	0G0U0e080K0f0H0I0X0h0J0N0W0S0M0c090A0g0l0R0P0Y0Z0F050D0d0k0T0IIy0j7406XkGjNGXObWCSJ-NZ2d0W03Qi8gE5SB07FIPm0PIFMV0Sb30Q3L01VBVb09MWGcZs0AOu0K0W7z0XCdX70FQL4S0cEB0e0L0Mc80W0OIN0l2B
g1_RarCme06CdkFnRk3QX81RQy3nAMFIMczlkImKUoheFU	pathagon-rules-v1	7	14	3	53	0g0Z0h0a0T0S0a0L0U0b0M0a0i0N0b0M0c0T0j0V0O0U0V0G0H0F0E0P0W070O0E0I0d0P0k08G_0LaC08BW0E68X22CH00y0LAu6B08ZO
g1_Rauwsx-lHAD1KG5qbmGDqH9quspydbivhB8c52xowG8	pathagon-rules-v1	7	14	3	37	0M0F0N0G0U0T0a0O0M0H0b0E0T0V0c0j0W0P0V080c06090d0S0G0W0I0Q0A0i0J090L0G0X02
g1_RawDJ3F1N2QvbS-uhfZq3IXVyyi2H_sdqj8hv6pG94o	pathagon-rules-v1	7	14	3	59	0K0Y0j0T0M0c0N0J0k0d0Q0C0e0f0D0G0g0E0O040L0B0b0H0S0A030W029tZsCBIOD8TH08ICPq0s0MXR0X0FRbVuRQCY0mMw0YPT8k0ZHvAu0g9T200c
g1_RaxkStFxB_gJEtHeUnm1Gd8dbKOxWy99sqwGQd8fBAI	pathagon-rules-v1	7	14	3	37	0b0i0U0h0a0T0M0a0N0V0O0U0P0b0W0c0d0j0k0G0H0N0I0F0A0M09080BYM0hZn0j0S0iWz03
g1_Rb39abCiqIySxQfNT3KTG6UzCo0Ir6kdF2_EUAPUEwQ	pathagon-rules-v1	7	14	3	196	040B0I050B0C0J060D0K0C0D0P0Q0R0A0Q0H0O030W040V0X0Y0f0X0e0d0c0m0d0f0lcF0mWt0dah0fZy0j0d0c0k0dZA02ahbUZz0cZA0ebU0lZw0daibUZC0cZy0ebT0dak0k0e0cMB0R0k0YZF2Ja13B1b0o2J6A0d1b0o2Jao3B1b0o2J6A09031WcFW9WtbPakc9Z-0A0f7g1f8S2R0p341b3s2N0p341b012N1a350q3r2N1a350q0A2N1Y358T030o342M3t040o342M02042K360q0H1a5O34062K5P0q0A1a4d34032K360q091a3s340G2K6A0q0N1a6w340U2K7i0q091abY34032K360q041aan34032K360q051a4i
g1_RbAxbJFj7t5kCmaQ4-oPtSC2c9p6tjK4CSgE5DXkLBk	pathagon-rules-v1	7	14	3	63	000L05030T0W0I0e09010l06040F0J0G0i0O0j0d0b0Y0N0E0S0V0m0U4G08J10KMk0CYg07b6P20B0aboCp9x6Y180kWKKhb07V0UJr0bC0M70g0jVC0V0m91bb02
g1_RbSWUBpmglTQVHu93D3M8Eb6HlN5w9fGZPqiSXfrbMA	pathagon-rules-v1	7	14	3	63	0E0L0c0Y0h0I06040k020V0b010N0Q070i0g0T0l0e050F030U0d0P0D0B0OU708Vj0b5x0m9i0EGEREOL0DPe000O5BL73iJA0UOsOI0U0J0j2RKVBf0WavIQ0O1h
g1_RbaIxiyw6V5MYIeaKn5ywz7SDuSbX7alhasOghRcK9s	pathagon-rules-v1	7	14	3	123	0T0I0C0Q0d0m0J0a040b0e0A000N080f0W0i0X0701060Z0R0k0h0L0Ua40kG38k58LfUv6A1G0gVj2iEQEe0dYP78SpOxFSRmX60ZYv0CZH0Ha1CKB10hWO0CNy0I0j1k0B0f0iXuYm0A5K0Q5W0la9Q_05060k0c7t0JaO0C3S0kTr0iJe01KS0cPB0kbQ040l0iXnFc0h0kZP0LXl0CXE040aH20B0i0CaE0f5mMLQ80S423b0b
g1_RbfI8qwj9a9flfASt1TyzrDbvKufo2weXdnBfKcqk8c	pathagon-rules-v1	7	14	3	157	090P0W0H0I0O0h020f0N0K070P0Z0c0G010U0C0V0X0R08030Q0l0M060D0J093P00J2YSOsWcJKLD0FAoI2QG0D0I0i0L07br0VRE0OGrbT0N0McC0O0G0N4P0TLj5y0FZ1YOXc0cZu1TYP0hWx0c69Bc0_GsRv6hC9MKH4160S0EWx6oMmHI0LXU1RMDGzBqX9S06hHW0LMmHIXG07S0ZO0ZAnUU2z6x0H0o682Q080E36090F0c0o082J6A1b7h0r2J361b3s0G090H0G0u0FBV1m69080pW_39Bb033w385Q0A4gHZ3oYW
g1_RbhihlqHpl6uGI7ZZ6dD0yvIlUAbSicDKh0I1rwcc8Q	pathagon-rules-v1	7	14	3	63	010L0T0J0d0H0S0E08020G0A0Z0F0f040i090G0k0P0K030Q0h0g0U00070aYqXH020TYSEI0caiOHL67N06Wf8rKcMA1_SQbk5oQvGdB2Lf5oQvGdB2Lf5x0b0TAt
g1_Rbm6n0BA7lXOIYtuTYMKnmBC5l8G8tTwyt-BRKLaBxs	pathagon-rules-v1	7	14	3	24	0S050T0C0U0m0i0A0f0X0W0h0H0B0e090b080D020P060k07
g1_Rbq-8yHYqVvg_wIiCp99jFCgeELPfi8Jew0NYB9GeXE	pathagon-rules-v1	7	14	3	52	080F0a0E0M0T0O0U0N010A0H0F0G090F0N0V0M0G080T0F0S0L0W0Z020S0O09030P000A0B04050IBv040E0B3J0N0M0G030N0408Bb
g1_RbraNfpB-zIomMOj1EOEMg_x9j8urE_1Jy8NFn2fQWw	pathagon-rules-v1	7	14	3	65	070O0j0Z0J0X0L040K0S000h0M0i0F0Q0I0E0e0C010V0g0Y0U0l0c0G0fRz0NA50HbG090JEo0e1jQm06YUEYMLWC0G0RKyXa0DU90YIj0lWX0Z9S0b600JEf0YGn0g1M
g1_Rbvwa0Y5e4QF2VuZNTMazcyhEZEdKonr48HRaU3jAvw	pathagon-rules-v1	7	14	3	196	0V0M0T0U0S0N080W0F0G0M090V0O0U0H0A0P090I0B0L0E0M0L070C0J0Q0X0J04050B4c03070A0o02052J1a354f0s2J1a093s0q2J6A1c350q2J3t043A0q091Y4d36030o342M5P070o342M3t040o342M3t0d0o342M6A0701380q8R1d0A2K0p597k092J1a3s7o0q091Y6w36080o092J6x1b7h0r2J051a35Ae3u0c1c0p35CJ4j2J0e360F0o3r2M8T0A0r09J97h2M0O0A1a35FT0q0P080W1aJA3BJw031d2K0pD14i3w2N0O5P0P3u0r2J1a013u0r2J1a093s0q2Z02270N0a2KKj34Xl1c2K0p0G0F0N0G1Y2KPd3t
g1_Rc1mFkUTjpSfJz__LosF91PjKWjUUqSqsiN8hs1V2JI	pathagon-rules-v1	7	14	3	34	0J0K0I0C0B0D0H0A0O0B0P0Q0R0J0Q06050403050A0209030G0N01080F0M08000701
g1_Rc45pLMfOsQ95JAYoslgxPSF_XdeoADwE5E8aJe-QsI	pathagon-rules-v1	7	14	3	45	0G0F0H0A09080O090N0M03020A040L030M010E0B0F0A0I0P07000I0W0V0U0T0V0S050C1e010J08KVCs0FDW0GMw
g1_Rc74h_f3lu9oCEoN6cMPrJSLrrQLQ9iMmR01sMZG2k0	pathagon-rules-v1	7	14	3	37	040B0I0X0Y0B0A0302090G0H030A090J0Q0I0C080J090e0K0X0J0R0E0D0F0K0G0P0W050P0l
g1_RcCQBfjS4xAdkN_LwxwwDcJIkkA4nPlYsgKd3Qv4obA	pathagon-rules-v1	7	14	3	57	0l0C0g0B0D050K0F0A0G0O0N02030X0V010J070S0a0W0e080d0T0i0k0m580ZPY0UFU0XN4Re0OZ8RDXaCpBBIb6DOsGN0gbq0Ea_0cF80RFg0J2R
g1_RcEPJnjFIvorA3nyrmyRWb6-F9Os_Bi2kj4YKDvEb1I	pathagon-rules-v1	7	14	3	35	0F0j050U0J0I0G0V0Q0M0i0d0Z060O0R0B0l000K0c040C0J0Y030b0m080B0V390N0T01
g1_RcGT0fuduoUrOrbeDUJOYAeAdxz93hx1GpD5ZZXome4	pathagon-rules-v1	7	14	3	63	0d0X0b0B0i0I0F050G0j0Q0E010k0K030h0m070H0e0W0P020f0R0Y0g0N0UWm0AG5acL852043GIoc44DMXRSVA1DBeLA32Mq0kDO0RVvFJ0TGDKGQpUuE002061h
g1_RcH6njjN4ixelTN11QJR38VhSR6qOBr6BknJgm4ot6M	pathagon-rules-v1	7	14	3	46	0J0K000b0T0e0P0l0Y030d0i0X0H060M0D010G0C0k0W080Z0L0Q0A0I0SGU09bK0RJ-0B07MhDtUs0maN288SIMM73h
g1_RcNlMf2WsN4USvMm-kPMji2sSHnLq-Fjdx-GJ1Eu7FY	pathagon-rules-v1	7	14	3	23	0U0T0N0M0G0F0L0S0Z0M0S0E070T0E09000F08010h080a
g1_Rc_iVM-Dm78OeMemOpN5B1SylGDhDpVDQ4JtlWKWHeg	pathagon-rules-v1	7	14	3	44	0a0b0h0Z0c0a0g0d0T0c0a0U0M0V0i0S0W0T0k0j0d0X0e0W0l0f0Q0L0X0N0m0Y0M0X0T0F0O0P0NH60HMa0IZS
g1_RcxNZG5FcD3c1MU7pLEBDJqQHxOrCDrfL0KBxvDzrr4	pathagon-rules-v1	7	14	3	15	0f0d010l0m0e0Y0X0R0W0K0Q0D0P06
g1_Rd2PMIFGoCEeD18H3qNHyRClxq2l1G73gcJ--XvBSeQ	pathagon-rules-v1	7	14	3	68	0a0L0h080N0M060Z0g0Y0X0J0R0k0f0Q01050D0j0d020i0I000E0G07SX0FUh0a1MC50S0d5_H70V56VYFJMI6JXic4AV7ePGCaXK0EB8PXYg0CLmFQK-040eRfKF0FGC0IIQSZ
g1_Rd5OOzOm8ZaeHpgiyaQS-rQnaKSwZwyiOpW9_L4lK2w	pathagon-rules-v1	7	14	3	80	0T0k0c0V010d0i06090f0S030A0I0R0m0b0Y0U0a0D080H0e0B0l0j02NM0K0L5a0hUu0Z0H0V7Z0T2N0JbdRwAp1a3s00360q1c0N5QXj2JMF3A1b3s2N4e395Q3x2N4e395Q3x2NQy361b0d5R2P4eFP3s5RaI
g1_RdIdGXBqeV-F0Fv-uNKdVTI609LPwfcUvARMuR-4RDI	pathagon-rules-v1	7	14	3	60	030J0A0g0C0B0i040R050K0D0e0b080k0C0G0B0I0H0B090C0h070c0F0E0j0X4-0PZG0QaZ0M03EK9L0kEoTuG4YT08aM0L0t05GIbrQ-0J5Z0607Wx0JGt
g1_RdNN1gw0HNsucM9Ir1QujJB0B4RGQfu1KaWHrBJaPuE	pathagon-rules-v1	7	14	3	113	0I0V000a0m0e020N0D080C0b0F0Z0Y0L090E0A0G0f0X010i0U0O0g0S0QPDRISt0u0a1rRU2pQ40TJIAnMIPpTH06DdbyXyPGH30A7k0C03Lm0R8t0XEu0ZXc0E6o09OM0WXZ0P0lUb0QZR0cBg0dK6br0XXv0m0j9x0RQgWhaNNN0k0WJ5KZ0aFp8KHX3fLv0A5x08Uk4QULAZ0IbJ0l8o0AYsE-J40e
g1_RdV1oKoL0BTZslmJF4ZY5Fna8yERrFS9m_bdqbMqkCU	pathagon-rules-v1	7	14	3	67	010N0C04090F080D0W070S0X0j0m030E0I0V0b000c0a0i0l0O0M0Q0B0L0e0C6S3hBP8K0P0R1G0O06XD00UncAUGIVTfWrAd0U1v0TL10hKV0mM00FF00G889TYc0C79CLGu
g1_Rd_FAqn-2uxpEV75jnUpGIQMemQ80MZBnztsogLjc8Y	pathagon-rules-v1	7	14	3	57	0l0D0m0c00090g0f0J0L0e080G0N0X040R0A0k0U0P0B0S0i060E0C0T0K0d0FYaLiNmK76iGn1sAR0bZ50QO8Bh0Y0HDaU5RE0VCa0f0Q93XT0N1Q
g1_Rdaf8gM6gNCjb7ZSAmN0YZ2pRhBGb16-6DBtk_AfmEg	pathagon-rules-v1	7	14	3	42	0A0H0I0B0C0J0B0I0O0P0H0Q0E0W0X0V0N0U0G090F080M0T0L0S0705040C0302342K6A030904010B0t4p
g1_RdmSkKWVqm16wC7WTnTDxz189M1ay-SmvMDyjZOYgaM	pathagon-rules-v1	7	14	3	84	07040b0Y0D0a0j0W0U0l0F0O0H060i0c000g0M0A0L0Q0S050d0C0P020e0W0b0ZAtPt0k8uMo0hVwRoKQ5X6u0V01AAQRRYPlXq070NKM0Ea20G0RIr0F0U6V08MU063B0kEG0EG_0G0HNa0SJkLy0fMi0ebs0c0E5D100Z
g1_RdrdzZCSiV88FN8mgNegvw7wyNbS1R8gntj--s1_DAs	pathagon-rules-v1	7	14	3	74	0B0l0T0a0U0h0O0L0c0i0Z0k0b0A0P0j050V04070F0c0G0I0g0M0m0D0C03JZYrAX3cOM0USnXkKQFE4_bPPr2aDA0XNHRJ0R6q01X-0E0bXYOr7iDw0VAr0DTQ0Y0CRr0cBO7ISUaN0T6R00AK
g1_RdthBxIBEsxChEQUbup7lK6-J6e9RacJHTTEeRYMU44	pathagon-rules-v1	7	14	3	59	0V030d0Y0U0D0H0b0T0I0m0M080Z060J0a0N0105070A020j0f0L0K0B0e0DOl0CVv8pWsFa0EZXG90SYT0XP-Mu3_FpZY03bz0WS_0j8mF62E0aV60l2u
g1_Rdw58_avrHBd6yXetBsnjk2GhlYHy1nG0DqmdefaBgk	pathagon-rules-v1	7	14	3	57	0T0k06050E0B0j0I0Q08010K0W070X0L0f0a0i0d090C0E0c030V0H0O0h0mL4Om0baTYg9M0V0RKc0HXx0QZo8Z3W0jBqVNPQKj0EbI09bt000l1f
g1_Re4taCIqX0lFTmTC5s_NSgsO7xLyntWCB_zrjtNahY0	pathagon-rules-v1	7	14	3	67	0M0B0T0A030K0U0i0O020h0W0c0g0j0P0D0H09060h0G0e07050E000V0L0Q0XBe0J0C0mGNHs9ebbXHQoMbVrKe3zE60E0RbY070fPP0J0QN-023L0mCJ0lDw0BFu0FMZ0D10
g1_ReFkCFGVLQ2lCiSlTfEreHkTUN6ndee8DLMBhhT4zCY	pathagon-rules-v1	7	14	3	56	0N0V0L07090g0i0W040R0K0c0T0j0k060G0d0I020b030F0J0P0C0A0U8S0AIZ0OKTAKGJ6GZ1PUahXN0eJf9J0XHcNwDkIj3rUG0NV2ZiQV0k2n
g1_ReLPKD65249UTffV_jkXrykjxgp-prL_e_5VbeBFMXQ	pathagon-rules-v1	7	14	3	33	0f040b0e0Z0O0E0T0i0I0A0k0H0D0h0U060X090m050g010J0G0M0N0R7r09S2Qf1b
g1_ReMfDN1LQX_XEU25MXUt2I7xfNsvdIulIzentgl7n44	pathagon-rules-v1	7	14	3	93	0V0G0Y08020C050J0P0m0A000k0h0T0U0a0l0E060R030N0D0S0M0Q0IIPaq0B07aMDdNb6m0G1MLm70J2AL08Hd22OC0VTfKz0kBm0iP-0lGiNa0b4P0dAl04Vv0bSQ026i0d04F809Mbc10IYI0d0e0baT0dVv0XZB0mO60fbS0Qa60hJ5Xq0M9L
g1_ReZ5PsdEsGqVnL5_AT8EKhOU3rQQhhrY4VrU8IWGFOk	pathagon-rules-v1	7	14	3	18	050D030V01070l0C090J0T080b0A0h090Z0B
g1_RezgOmJKiX4YtEEwaZo5UPPvPZ-_HZKoYjpwkbv4qLI	pathagon-rules-v1	7	14	3	18	050D0C0B0J0C070H0E000102080103040903
g1_Rf6t0fShlaJ6_7C4ddiHCywtk7HskhPMrEdk_qP5QvY	pathagon-rules-v1	7	14	3	55	090A030G0J0H0D0N0C0d0j0m02040S0f0Q0Y0I0B0h0M0e0U0T0X0W05890iZdHyMKDm0KcFKA0mEq0bGf9oN4RW6oYc0PU1EGIx0e0cYO0BXW
g1_Rf83lVrPEQL3SQkyjTYpodxgsg3XLeVhlAWgFcngJP4	pathagon-rules-v1	7	14	3	70	0B0U0T0A0S0R0C0H0E0F0M0X0I030Y090N05020Z0k0Q0a060J0G040N0L0W3s5F0PQnalC-T2bQCE0c2h0V0NEMNV0TI90HcAMCRXXdZvcEalZBbSZzcEalZBbSZzcEXmZDar660OP_
g1_Rf9zc05EniYMD0XTd4bmTgdoiOpHp0XE0TPzme1YUzw	pathagon-rules-v1	7	14	3	35	0F0k0h0E010G080H0F000M020T01030409030N05060B0D0C0K0f0Q0A0J0I0P1N0O4N7T
g1_RfDiKoAkgA7xbHk3M12a4awSrEev9gboiXihaIvGxWQ	pathagon-rules-v1	7	14	3	107	0P0Q0d0M0h0c0C07020G0X0f030H0W0R0B0j05010Y0S0Z040O0N0A0kJw0J4d09R0LQ160QBJ0SQiZlUy8QAEI_TCDc9U098z0CPt0jXV0TGA0b0UH-0PVI0ULE0VcD0m0FR30fP20RNz0f0X0eHO0hC8Ze09S5KQ0PF4bN0NYyDK0F5t0Q0c0XG1NT0UQk0W0BOGV7UL044sLI0Q0l1x
g1_RfXKdXegPOIAHBUTL8QtinjrFowCdJziGbO21in8HmE	pathagon-rules-v1	7	14	3	196	0H0I0J0Q0I0P0O0B0A0I0C090B0G0N0H0V0U0W0N0X0O0Q0d0c0W0b0V0e0i0d0b0j0k0l0d0j0c0kZ80iTm0bYS0hXa0Yby0eWi0QM50XRZ0eWq0ac4YSXcbQ0lZ8bS0lOK0US8XUZ7YO0hZp0j0aYOcCXhbQZC0icFXhbQYRag0kXdcBYSbRZC00cFYOZvXeafZBYOZvXe0TbUYRZ-0jakZycE0MbU1WZ-0jakZycE0FbUSJZ-0jakZycE080k7aZ7T1Z-YPagZBXdZuYP0hbUXgcB0aZ8bSXgW9afZB0icGXhafYQ0hcGXhaf0k0h8RXg0eZycEbW1W0AZycEbWZC0iZycEbWZC00ZycEbS09ai1VZC0iZyZAbS08aiYQZC0iZyZA
g1_RfbMVdhYziRLHHp26UTw2pbh5j7AyPntYi6-piGMJrw	pathagon-rules-v1	7	14	3	32	0g07000E01080F0G080F0902030902080A0H040B0I0J0A0B0I0A0B0C050B060D
g1_RfdKMfXAW3gKtLOr9hmYhduVgUf4xeYcJUxxQ4Nm5Pc	pathagon-rules-v1	7	14	3	44	03020A090801090F0H0G0O040B0809030N0I0G0B0M0P050C0J0Q0I0C060J0D000K0R0J070C0E560B5S0P060I
g1_Rfm0sP7sSNz3PUWvs1YiNOens8GqDPz0F0nzY68WXFo	pathagon-rules-v1	7	14	3	38	0I0P0O0h0H0W0V0k0d0c0j0G0c0N0U0O0b0i0a0j0T0M0F0K0G0M0N0J0Q0X0e0Q0l0RIq0NN2QN
g1_RfvO4lc2VBkxbfS2Qfu61ff7Zs-SI3ECmbwa7_AWVeU	pathagon-rules-v1	7	14	3	57	0T060D0S0C050W0Y040i0O0g0Z0V0X0B0H0P000f0Q020l0a0P070e0K0F0U0kRQ0b0eRb4v3wVE0x0LbTWjLQ0Q242-bWGuRS5vby0IWi0QLV2NAa
g1_Rg18OSlECPs03-xUbOTUl5mzZLAQFGyDZ11pKVQf6Ng	pathagon-rules-v1	7	14	3	18	0X0g0b0W070V000Y0i0a080X0E0h0U0T0N0U
g1_RgIppKf1mTvd5y8QOYLGYjOsV6TQSnkp4JeTbuNx9-U	pathagon-rules-v1	7	14	3	25	0h02000T0W0S0P0k0I0G0B0b040a0l0m030U0l0N0d0e0X090e
g1_RgJdGI42RfhyfBxCWOO6TlH8uouqNCUdC8xwUshemNU	pathagon-rules-v1	7	14	3	196	04050e000B0C0J030104020A060B0709080D0E0K0F0I0G0J090H0L0U0M0N0O0T0NAj1kG60K025m0-00bjGBNOHH0K5iB86L07Ir4zApK_KK9j06GG7tQB0K6O071g0o00080o5NDe4s9nAp400rVC4c1d01380q001a013D0q004eGA4S0rTV002h0p003u0rLS0i2KYV063u0rAN4cEU1pVM0oEm5SaH1kAl4c3p3u0405Yd030H0rJM00ay6SB60uIu3R2M3t1c68AS2KKjD745043R030C5PSUGBEC120X4m052S0G004t0pPj00F35SMV0uLP4cANCS0F0ya400NxHj0M0sCt5NAC3xQ60CKs5n0X763z0r9V00QD2PFM0J72
g1_RgO7WYflaJWkx41uaSyWEh-T8hb8dYnU3bFPklBfE4g	pathagon-rules-v1	7	14	3	48	060I0U0F0B0E0T0f0A0M0X0Y0V0e0C030H0O0N0i0G0P02090l0L0Z0eAd0JDL7h04HQ0WZ8OR0Q0hVtbL0XQ00W9H1o0UFb
g1_RgR7TbgCM1K_wbFzPe1Wk8U-6Zh_HrGF9IsLCj5XZOQ	pathagon-rules-v1	7	14	3	60	02050O090B0i0D0K0W0Y0S0c0f0T0F040X0j03060A0I0l0k0Z0h0U0b080V0P092Z5q0DOt0mN40GTH007xPVEi0V5-RqZFbh0jOs0m0U0V0L560NGlO023
g1_RgRisPoT-VMyH1jhAXY5h-UDjbNxLkXbDK0LQRqwKiY	pathagon-rules-v1	7	14	3	148	0k0S050E010l0I0K040i0T090d0P0N0g0F0R0j0f0O0A0Q0Z030M0e0VJY0D3AICCo880CRpL0Bl0TYVHSb3aN0mKTNw0UTR1k8i0V9URD07RtGG0YLeFe0XNBE50R9x0aAh4TFF0hbG0lc80BMo0eD00HPq0lU_0Cc80T6Q0eSK07Dm0FG15j0a6hYv0cV60iWn06Ma0caV0e0kVs0MCq08UM00JY01RHIC0HbE0O2b03TV0Q6z09Jy0FPX0MO20VIR0YZz5005Ly0PARXY0b56LC0cYP0HCdDXQe3_
g1_RgSP3DY3OCKS9UWE8AHu1VhE4BNBgcJ_cq3Ezix4DkM	pathagon-rules-v1	7	14	3	48	0K0f070Q0j0a090M000Z0e0S0Y010h0l080c020X0E0J0T0b0F0e0a0U0P0O0d0i0R0AC9TZ7lVbLYMc7B0SXlTxXh0V5C4G
g1_RgUFK2fPhEZd8MAHVJOdWNJwc2fDxjNqFTXpwtJpZ24	pathagon-rules-v1	7	14	3	196	0P0R0K0W0V0U0I0J0Q0X0V0Q0Y0O0R0P0H0N0O0G0e0d0c0b0d0f030A090B0C0I0D0H029D0B040A0B2_3r361b7h0r2J361b3s0r2J361b9-0t2J361b5O0s2J361b3s0r4o0H0B341b3s2N0p341b3s2N05360q0B1a0A4d8V2J9E0B3u0r2J1a0A3s0q2J8T1c350q2J3t1c010s063r1c0C2K0p34A21b2K0p4c391b2K0p3r381b0C0o0B4c9E1cEa0s2J361b3s0r2J361b0B0o0j4eKl1d0I2NJx5N9I360Q3s5Q2N9_0t340P0C3s0Q4f0W0A0P0V0p0HIS0B0OLS2M1a3s0R360q1Y5O0N360q1YFW2K360q0J2I09OX7g
g1_RgUcw5hrqPEJ750hbxtY_W8VESqWm4PwNN58Hua5Loo	pathagon-rules-v1	7	14	3	47	0F0801020O030Z0Q0J0l0j0P0I080D0H0k0K0f0V0R0O0X0W0Q0c0B0e0K0M0d05VG0bGK0GZK0K9y0Y0gQ_0B0NAo0jXS
g1_RgUoRZu--a43yP4Op7nxL8tfnoqo66h2BY7M8xewgV4	pathagon-rules-v1	7	14	3	196	0c0G0b0V0U0N0O0H0V0A09080F090M0T0N0a0I0B0P0W0d0C0W0J0Q0I0X0e02012J02Q91m0X7E1D0F6h0T0a2fMKBVRoHI6T07C20MHI08Rv0EMm1D0TBqRoMDNQ0TBq0_MD6a0M0L0uHPSg0T0EMtHI0L0MXN6oRaBcH40L0uWxC2H40L0uMDBxH40L0uMDBxH4010uMDBqS06M0uGs0LBcH4160T0E1Y69MF0M0oBV2MGu0a0o342M6x0801382O6y1a3s04360q1Y3s04360q1Y3s06360q1c0F035O2J4e391b3x2K4e0M0o342M8T0A040H0s5Q2P8T3s340A2K4e0q081a0A355N2M020A0o342M8T0A0o382M020A3u1c2O
g1_RgVtkzDOPgLAXzm5ww-T9rDhw414Vgdo5-9SZi6NrB4	pathagon-rules-v1	7	14	3	23	060D0C050J0K0R0Q0X0Y0Q0R0f0e0l0m0e0f0I0B040C0B
g1_RgYnjt5O8aBAaOB7QQq8395ZZ6kCRft8iL4AnaVonWI	pathagon-rules-v1	7	14	3	29	000S010Z070T0a080902080U0M0L0T0N0G0M0F0E0M0b030a020A0h0g0a
g1_RgZm4WUVlY992y3eo-BXGeWkjGhzv_gxXK63iKzi2UE	pathagon-rules-v1	7	14	3	41	050m020100040i0h0j01030G090g0b070U0A0N080E0a070c0V0M0F0O0b0c0N0b0V0G0L0c0M040V0e2v
g1_Rgif6mZmYzRBjN0RSDEu5YyYbZYfaj88rGtnxWxuPBk	pathagon-rules-v1	7	14	3	71	050I0G0f0E0h0d0Q0S0W030k090N0e0H0c0O0Y0j0F0Z0K0V010i0b0P0AF70U06OMJHW90JRPE41aYEULZPcB07Ur9xDC6mC20CB3AJ0RPL0FFn0CbE0J770BaF0f0k3JF5LZ0N9QD900
g1_RglP-25Jejj24yUV-_zhz23Nw3IeZJ724_eZCZNpQik	pathagon-rules-v1	7	14	3	42	0X0M0B0C0V050f0R0Y0e0Q0b0J0U0G0D0l030W0T0N04010K0m0O0e0N0a0P0ANr1a35Ql5cPN22QsCg0c0L
g1_RgpyD5hEZ2A-bNv-vLZ68Yoamc6NWxodf3r34zPOIis	pathagon-rules-v1	7	14	3	44	0K090A0G0E0f0L0T0F060R0i0W0D0V0M050J0m0I0O080U0k070d0C0g0B8BPYFBOU5pBe00590FG9B00P0hK71U
g1_Rh0lC-_ntSoJ1tZf_kDG1_tzDi4JgHDlVzIx5Mc1IZ8	pathagon-rules-v1	7	14	3	51	070T0N0M0O0l0F0C0A030K0P0W0D040L000i0E0H0U0G060V050Z0k0J0O0S0c0U0VAO0I0Nai0a4m0bGlZD6qTV0QcCXJ0H0P39CR
g1_Rh47peV1rXFFWEWuJk2LaJdwIeGw8lmnaRYgkxjIb5o	pathagon-rules-v1	7	14	3	196	0O0408090i0A0B0H0R0I0Y0B0b0P0e030V0Q0S0X0h0W010U0T0V000O0L3k0f4O0JX91XRh00C9R26M1VXg0cCC0ebU0N0GWkZz02aiHUbU2wZz0faiWCbU03Zz3Qai2zbUIEZzTeaibcbU0MZzIKalCIbUX7cGZqai06bU2sZuM5alRnXMFObrYxLl9_G8NC7g4jDM2G1K0FHIB3RaaCMXC40_Wt340R0G0c0uBHBxYL6M03MYTYBcITH4ZE6TQxBc4VH4T46TLmBcNxH43q6TXTBcSCH4RV6TTwBc2kH4786TMmBxZ1H40kMK35BXbI6BRv2NWt3p0Z420fayHYBPS2DhWPYRa3XfLabR52afSgYF1uX93y0RCUSEGv8mRSXU04HI
g1_RhamhvnRjd5ES547XUNMwaRE_-UwuS37c2Ynv1CLW14	pathagon-rules-v1	7	14	3	56	0F0E0i0a090g0Q0T0L0302000O0H0W0c0m080d0Y0R0G04010P0A060M0U0S0Z1v0eQwVQSq0BHp031Q0DAJK67cbfBg2tIC7d05Sd0U48EQ0K5D
g1_RhdkLfKsfHsLeQg-_dwhGhMRGtrU3P63xYJvjzzwCG8	pathagon-rules-v1	7	14	3	56	0M0l0E0L0F0704080E01000907020G0N030G0M0A0H0O0G0A0B0H0I0P0H050A0C0J0Q060J050D15003H03410J4g050R0r0C1Y9-0C5V061hKi
g1_RhhQC5mUA6O47uTaeqrdwf9hgqFX5naPpQyuYBGpeqU	pathagon-rules-v1	7	14	3	66	0J0C0m050I0G0B040N020W0f0P0e0a0d0X0Q0l0X090J0H0G0j0R0c0O0K0V0J080F0h09Kx0kOs0b6v0Q4C0UWOaS1DSgC9c40a0iQXHJ2l0PXUbQ0WZ80XXdS80F0T0GAc
g1_Rhw9qY3Z5-A5fRxzpZATEnRL-Wz4bj4D7bdCBvt9ppE	pathagon-rules-v1	7	14	3	47	000E07080F09010G080F020H0A03090A0N0O0G0M0L0N0E0P0U0F0N0G0M0I0F0B040T030V0W0U0S0N1L0Z6o0TPN0h0Z
g1_RiBY-SYNVG6QVi94u1APN4WwYYCs2GDkXWcMTrdDi78	pathagon-rules-v1	7	14	3	57	0W0e000C0N0Z0M0T0J0f0X09020h01050d0l0i0a0E070A0c0S0F0m0M06Hu0V4kYobBBnVc5S0P8XSlbl0a58Y21o03Pu010i0lQi0mFv0hZ00c5U
g1_RiJSDEJ0-0196ZnPM92KU9kRRFR_qjIKOXkvTKLwAtg	pathagon-rules-v1	7	14	3	55	0f0g0b000A0Q0B0D0O0K0J0M0a0Z070i0j0d0U030C060E0I0P0e0N0m0I0G9TBPSWYcIhS8KSXqN-028sVvRVKrET1KBVUjFn0DZa01AR8z0E
g1_RiVnxthEguYQXqk7LdSw1DJZNNWUhbbb3_UMPJsDCJo	pathagon-rules-v1	7	14	3	21	0h0100070E0N020F0G0U070g0F0O0M0H0I0V0T0Z0a
g1_RifBcejJVXvaG1HtB-ddrRtFeMrx2GbHqv5Guj92K9g	pathagon-rules-v1	7	14	3	79	0K0f0b0C0m0i0A0Y000W0F0M0B0R0l0L0H0V06050j090c020a0U0Z0X0O0g0-0k0bNoTjG-0J2Jbw01Ua0QAo0U9yYY0VN-RnQ_02Ks0Q140AWxAo0cZW0Ybn0WGg0E5Q09DV0B0jQzTM0NNuBz0k8w3g0g4K
g1_Riunqt7cQaLxESYmyASq8x6HnyrF1luiBsg6mSuNSLs	pathagon-rules-v1	7	14	3	107	0c0A0i0W0T0e0K0B0J0h0C0a010L0Y040P0m0X0N030O0f0j020l0g080ZIt0i0cAE00K6ZKX9U7NhHaQPVt0b0S291LBwb6Dt0eUz0gSB0hHb0eGc0NTWJ60SJn0d0TVN0eLI0k0E9q0d0FBvNp0BX-050ZVN0eLI0K0cC-0EEd0IPc0PX20WN30BH0Lb0HA7DK0Q7B0d6OZc073L0ULG
g1_RiwUtYdlauSfMk1gMtv26ms8LGuCqhn-6SV1RJEDQTk	pathagon-rules-v1	7	14	3	88	0H0N0g0O090V0c0D0W0F0G0X070W0j0B0A080U0I0N0M0d0h0L0i0S0E0N0e0P0MMF0fKM0W6BY40P0T0WI10aBuSS0k0aJ-XKCz0lZ80cZu6hYS0jXgRt0i0IZA0C0c0B4SMh0NHL0MO7BC3fNg0T0bNS0F2mH-0M0UHlCcDOVr0eI4
g1_Rj6QM0-bL8Xo7VDwyS2IB-r2RsUkq-e7LeZlPqEH0yM	pathagon-rules-v1	7	14	3	196	0e0l010h0X0J0Q0N0C0F0809020m0G0Y09050f0B040R03060A0K0B07AA0W0C0IL40QVn0H0Ib_JvYOWu0jcGOGalZUbPEEbXM7BO5y1KPHXG0kS0Y7H45AMmYr0HDiSELXCB0J0G4yXcacYu0gWiG4M5UrREXNWiLNM51PREJh0T060U0RYRQP0f5bM-cFbTBzWv0CZyAMbTRKakNqZK0T4NNY5nIsF0IKbR0f0IVzLDCtFBGhRJWXEC0lPbOVKn0CGI0I5hMUAqYi0M0U65OPYO0L0h0OYvTA0GbcMJHPY8ECGQLhMR0iHI0X0HLKalSIMwIjCA0VcDV2YSbKZ80NZwKDYP42Z8H2ZwBGYPXWZC0UcFFtbWWW66P0acUGbUTCbkPr
g1_Rj9KTw_e6bp2fAHdQQ_SiTscdwG49Vey18eHroU4aGc	pathagon-rules-v1	7	14	3	100	040c0T0K0H0W0h050i0A010U0E0b0C000R0g0k070L0e0f0P0M0F0Q0NH198AV1LDu0OYv6O5-0JYB05460ZNSQ1Wo4mNqJ4MVcG0mS50SDX0D0fEW0LBtCu0NQW0TK60dG30HTq0h07c00aMC0Q59VqMX0fIC04QyAX0U6U0b0PSB0aBH0eF40aVA0RIr00Gfb70C19
g1_RjOcpvKBICGuHwAF9Jy3HZ7XvECXNgP0ATPr4rJSQ_c	pathagon-rules-v1	7	14	3	29	050c0d030Q0l0J0a0S0K0N0G0A09020T0f070O0j0C0P0k0H010m0X080W
g1_RjP2xhYFhPYto7ujgOnWQHmFYyzXnjXIEPn8EqKITdE	pathagon-rules-v1	7	14	3	47	0I0N0H090S0h0c0j0G0Z050l0B0e0A0W0F0k0D0O0Y0K0i0R0Q0C0d07EG00MULTVO0t0XVPL1A10g0CH-5oDq0V0bZK8a
g1_RjVw9xQAo_55eYO5Kci-NH6TItC9pU0CRf-wS20qn_0	pathagon-rules-v1	7	14	3	20	0X0Q0L0E0S0F080G0h0R0g0H0f040j070D0J060I
g1_Rjh8xAgH_f9GMhw1ZTdBtc0HSpoeW4UyCK5GmkyPiVw	pathagon-rules-v1	7	14	3	196	0C050H040A030e0B0V020R010O0I0l0J0L0C0Q0P0c09080A0N0G0m0H0K560g4M063U041bJG2hbc3667A0an2VLw36IqA0UZ2V6v36GIA0Xf2VOc36VeA0Z52V3t3824A0BP415a386B015L1cVyA2Nm41RI4ga4080uA1CMFW4q3w2N02bm053Q4f1_2cPG39bIA00i4o5P38YMA0Bw413138NjA0G-41bO38S3A0Cx41IE38LwA0MI41Vq38Z6A0Ol41XN386vA0bd41La3853A21R41634gMeA0Nr416S38YaA2Xk41Wx4dWDA1Gr1kB53sVIA17a1gLo3sY8FOR71raD3scE9GIJ1j333tNc9DMQ2U3X1kVl6-6cA1ba4oGA02
g1_RjqiJzqUDDr6M07hW554LMVvXRPVLc8fPFQfd8JscRA	pathagon-rules-v1	7	14	3	65	0k0M0h0N090G0K0I0O0W0i0j0T0m0C0V0Q0e0A0d0S0P0c080f0X0E000YQQU60g8vc4ZDIbMHOtbd0l05Ik0RJb4ZXhNoMUWY0ba90U890a0cVMRG0U0HFA0aSAB-0E54
g1_Rjwg1VS-KF1-MQDFSVEZXERFGt22_WNHL-Jbuee_q6M	pathagon-rules-v1	7	14	3	38	0S030l0N0F0A0k0O0e0X0d0T090K0M040W0G080H010P0R0Q020Z050Y0I0U21RCaZ0E0C8k0Y0F
g1_RjxJ4uqnPwcdIHVgG0UZuWBoZ0BvJefNdy7Ma9BF4bo	pathagon-rules-v1	7	14	3	81	0e0l0d0k0W0X0Y0e0X0f0m0V0f0c0e0j0b0i0c0U0P0b0J0Q0R0O0A0Q0I0P020C0H0B0J0I0Q0K0D0J2d0NAqAALe0R0B0Q0J0KRD0I0YB15aGBbr0mB95aGBbrWwIe0fZI0HD60B3u5R4ibcAm3s340C0DR60Y0m
g1_Rk0SxVGLKx1SxCdR7FzOo4otBgfPmwG6CvawTNU932U	pathagon-rules-v1	7	14	3	70	0Y0k0O0Q0L0J0F0e080i0N0f0l0I0g0b0c090K0h0j03000R0W0C0m0G0V0MbUF10DTN0pXnOt0dbt59JcDt2a04GBAVDoFm0VS90HR30XLg0cMc0O4L0BL20JUw0SI_0RTe0a7v0L3L
g1_Rk2OtgQTRUGcd3z7o4S7bIeOqdcpOk3cjF8xRHmJlmA	pathagon-rules-v1	7	14	3	63	0B0W0i080d0a030T0A0K0I0l0M0R0N0f040H070e0X0E0C050b020F0J0GbW0I0k0L0S68Mu984dCMFRDQNO0GGi3Jba49SQZS0XJ-0ZGl0S4JPOXCUi0sLeEZ0K4j
g1_Rk4MsIF0eJcDWNZQgJXnlOcWPFL4lvy2j8HLeixZVRE	pathagon-rules-v1	7	14	3	102	0M0g0d0U070I020j0C0X0N080E090T040S0i0f060J0b0R0Q0A050F0LLmZDNc7bIB7hMU0VGWOQ2bYjVPQ48x5mEG0Z0BS3J40cM10kEwXO0a4J0lY7bC0ZTS0h0g0LUw0N0PaN0MOz0ZZdPo0eCq0FAi0QSr0T0P5E0MCo0cN-0DQ_0MLP0HIY0jAK052j0MIn0dDO0X1u
g1_Rk5syDvLOhRUIQN86BGqzEyEeueBDiyJpbgPtFsKMoY	pathagon-rules-v1	7	14	3	21	000N0L0f0Z0J0E07080g0S060h0a0T040F03010d0a
g1_Rk8hqGNKkxE_Ol7rwzRgGcpds_gvkquo9TkXYFIX_vw	pathagon-rules-v1	7	14	3	77	0X010j0D0G0e0P0K0E0m0i03020Y0H0l0N0Z0O0S0F000B090a0V0g0f9YAsZQ8F0dR-0D1LDs0WIjSx0IOWJi0JHg0uAhR40TKqa97408Tz0A0dYl007A0SKGb_0j5sZhFu3l0PEc26YSbIET0Rc5OG2S
g1_RkKk6mvKSv6zl-6G_Ex-hHdVTlqd8Vfo7IaMuSLOGZE	pathagon-rules-v1	7	14	3	71	0m0C0H0O0I0g000N0G020l08010k0P0X0h0W0Y090J0B0F07030G0Q0A020H05081m0V3j0L2f9J0e0R5J0UIE01YGXWV41e0_0XMY6U0W0FZY0X0RTcSo5p07HoHCMY0CCT0FGyGHB2VU
g1_RkLb_IgpzlK0pSrUxOnZis4HRno3AXQ21KZsreXvJqs	pathagon-rules-v1	7	14	3	196	0E0L0M0F0N0G09080G070F0E0H0O0A03020100020U0V0T0S0I0B040P0B0W050C0t004p050C4g5S3A033w385Q060r5N4iAp42A15Z4iAp0J385Q4i0s0038034o5S0Q388U4iA20A045W0H0C3A2M4e055Q092P0A020H09A25Z0t424w0B0D340A01090q5R1d0838An2K024c6D08380q0X1a0134092K3t0q001a04350q2J3t1c350q2J3t1c354f2O3t09044d0s6v3A1b2K0p5N3A1b2K0p5N3B1b2K0p4c391e0A3w2N5Q084g0A0sA3429G0B0C0I0BGA0J38034e0B3u042O00380A4f0B3t0o340A2K5P0q041a0A35
g1_RkYxuToEY-YGkbabV0ZuO14XaXl2Q64L8UPS79NwXGw	pathagon-rules-v1	7	14	3	62	0b0e030S0Q010B0c0T0Y0D0j070m0I0h0V090R0G0H0A0J040K0d050iER0a020M0EDD0H0BGSUO4w9a0LID0Z00Wl0BL-ZJAo0gTC0URf0P2p0VFH0j5-0l0R1V
g1_RkZ2GOw0qAyxZk1xHu6IZ9yevK9kF1n8rudiQaE5gv8	pathagon-rules-v1	7	14	3	55	0L0T0l0c0I070M0b0F0h0B08040Z0N0e0W090i0C0Y0O0D000U020f0SWq0V0H0X0m0PR62-9F8Ab_Mw0ARgFkX_09PS0a0Eb20WA-6b0SUY0Z
g1_Rk_kiCpIwyRyOQwg3Hov85LaYCEsTfvsjtisUqBgVQQ	pathagon-rules-v1	7	14	3	46	0F0H070g0Z0K080L0k0S020f0U0W0J0a0V0A030R0T0Q0d0P0N0B000j0mXTFXWW0eSxVzQ009KzNm8W6nUA2G0O0e4z
g1_Rkc3iQ7Gpt9sgA6ASFhXeIuR0Zc38XvD6VdZOqrunok	pathagon-rules-v1	7	14	3	83	0f0W00080R0h0A010B030S0m090k0T0c0N0L0b0C0H040F070e0G0K0iGdHQ0g6A0Vbq9aAR0CYJ0D2e0waACrQ0Ma0X0M0PTn0mAN0kBR0eWf0D7s0bZo0fXkVy0c2FURa00hax023-05TGSb0bRF09Kl0YOZ0JLcc40a
g1_RkmFtFXItoMaJG8mZ1k5tFVoHjNOGzqPizjzp80kj1k	pathagon-rules-v1	7	14	3	125	0S0Z0L0E07000E0g0M0T0F080a010T0h0N0U0G0b090a08020i030A0H0O0A0V0cYx0i6r07PE0V0cXJZu0j0ZZqaiZBXd0gZzai0b0ibUXg0aZySHZDToYMZvaiZBbS0bXcafZCT3ZwXeYMag0a0ZcFZwbTYRag0b04bSXfSE0ZZ8ZwXe0a0g0bXUS_YO0aZv0bZAXd0aaiYMZ8SG0ZXc0b0g0aXU1RMD0S07XUYMMu0S0iXUYMMu0S0a
g1_Rkpy7z5lYp8SWrzmUq9WsSxXiYRvCgBUnpvCZnqg5S8	pathagon-rules-v1	7	14	3	89	0Z020S0j0O0g0A0l0i0G000Q0P0X0N0h0m0Y0I0L0B0K0H0k0W0C0e0f08Kw8WWe0fGy73AYMvGhWa04082g8TbC0V5Q9INy73CH0CX6020l1R0fKt0aEG0d0bRU0eJ4AV0X08BNJi0MRN3X0eZo0j03OL0Yc60LVgan0CR20KI50JDc5S
g1_Rl2yndu3a23cG-MN2JhLR7ClAidIS0ehDbnO4D7nAKk	pathagon-rules-v1	7	14	3	196	0B040A030H0I090B0G020O0N0P0C0J0Q0I0J05060D050K0R0J0Y0X0W0Q0X0V0U010V084c05010C0F0B1QBU5a06LmbyWw6008L-byWGBN0DL-5o060K5SAq42G90K05Wb60Qv58Ap0D5RWG4cAp425R0t4c1d015R0t4c052K5P0t0M05Hd0N2K360q0M1a5O34032K360q0T1a4d34032K360q001a3s380q051a4d34032K360q001a3s380q061a5S3A3u2N025S2P3t354f5R2O023AAo4f2O5P1e353r2M4e0D0o342M7i09015S0t382M4e0G3u5R2O02041e4d09365Q3w9G1e0B4pQu5O3x2N4e1d5O3x2J4e1c5S3A03
g1_Rl7Mq7OtMp2OqR2mEQ5rtN4KR_N1z8U3tt77gKVQ--s	pathagon-rules-v1	7	14	3	61	0l0Z0k0d0F0D0X0B0N000A0e0U0c080E050R0W0C0S0g090G040j0J010f0TMn0HPcBL4j0mb60KFQSJ0ZDKR-Vo0hbxXlVBQGKw0XZp0TFuWr0f630YN_064P
g1_RlCPYlmzCfTDCxiDSdXGNBZUbwfahJBiHniBgJa_oG4	pathagon-rules-v1	7	14	3	18	0P040U020C05090G0O0J0N030W0107000D06
g1_RlCojbk3pZC3rKR-XPljwnvYkQWw9QNCt98w6WFEwls	pathagon-rules-v1	7	14	3	83	0F05060E0h0g080G040F0M0i0F0h0k0j0d0l0m0e0k0f0H0c0Y0K0d0l0f0D0k0W0P0O0N0A030W3f0QCh0JTW0GUt0I0G0PaN0X0P0Q4S0kLy0lED0eHo01V20X0d0QM40V0c0W0R0dUH0I0c0PU3040J400XBh5S0475
g1_RlI97obbLGcGj4knBCciBeVTQirR_Bx20Bmg6MZvDhU	pathagon-rules-v1	7	14	3	63	0O0V0G0D0U030f0Y0c0j0L010Z090T0h0C0H040W0g0R0I0F0J0k0a0V0i0KRh050M0dJY3CFUaG0ZZP0bGr02Ce0lLcOG1YHt0hQB06Ew080J09YpB001P_0F0l2R
g1_RlNsSmzOLrjj7gghdOb4VuAekLOrRffIT25Nmuv3K58	pathagon-rules-v1	7	14	3	42	0l0h060e0X0m0E0e0W0b090H0A0J000a0d0Q0c0X0f0P0e0k0I0V0S0Y080f0l030R0L0UFt0MYC0P0T0iWe
g1_Rl_P91rdhszMgBH3u7Z_RZBvIuBIp6AwMZ1UDmNOzgQ	pathagon-rules-v1	7	14	3	196	08070E0F0G090F080N0M0L0F0M0001020S010T0U0Z0a0b0g0U0a0h0i0a0h030A0H0O0A0V38038W0A0cX14VXm0H5SX142Re0Z5S3A3u040A5Q0B3x9G398U5Y3x4g0A2O5Q3x8V4e395Q3x2N4e0A09Ap5a3x2N4eAp5a3x384f2O5P3x384f0H5S023A2N4f7l5P3x384f095S0A04Aq4p0s3r04073u0r4c6D5U3x0r4o395Q3xA14c395Q3x2N4e0H093w5R0G2P02030s5N09Bb0CApRn5hA351BGGI5h0ZQv05GI4o5S3xAo0E4f0s3r5R1e4d0s075R1Y2K6A070o4c2O3x1c364f0s3r01Bc4q0s5N041fGt0L360q1Y69
g1_RllZNn3b7vR3DxSyAya613jbX8NAQ0xV5oGvaWnvvVo	pathagon-rules-v1	7	14	3	28	000E0a0F0U0G0A0H04030C050c0J0b0I0K0D060R0Q0P0Y0D0C0B040C
g1_RlwGgK0ywS-Cmu-xZlpe8DxEDtpjOErQH0ZCcCw36O8	pathagon-rules-v1	7	14	3	22	0I040m0607000G0E08010P0F0V0H0f0J0Z050h030X02
g1_RlwN1J_laturfISCEmG7eRDT6IQRtjdfi3XS2_VDFOI	pathagon-rules-v1	7	14	3	18	000E0F0G0H0F030I0A0H0O0V0c0H0J0K050J
g1_Rm62oAiC9hEhX96dc8odxHLYxwzCcwxGMtnc1K0NhRw	pathagon-rules-v1	7	14	3	44	010m0G0i0H0P080c0I0e0R0d0M0l0V0h0k030j0O090J0S0W040D060Nab00MgJ2P3aw020fU3Az8F91Dlc2ZO1U
g1_RmCDFRvDpMYpT62NbNCIG5zMFbkOw_nBXqDJSBTmR00	pathagon-rules-v1	7	14	3	64	0f0S0c0I080E070j0V000B0U0K0R0h0A0g0Z0104050C0i0b0O0X0a0Q0m0k02BYJKO4XpAEbqMMUG0MFcS9WwQUKI1K0cMq0l3N0cKz0G0NO-0F0X0G6g0DX10R7X0Q
g1_RmU36tEZO4Dr1BDowoypakbg4u5eiXF0Nbqj46yhnL8	pathagon-rules-v1	7	14	3	68	0K0H0G0a000e0S040l050Y0F0W0B0b0P0N0D0f0i0L0G0O0X0h080V0C0c9cTF0A07KAPK7fMm3tTz0cOf0MS02o08IH0PQI800dMk0WIp0eK7Ah0Q5L3lZ2Lv04WOEMQbOy0I4O
g1_RmWv7ZyPbt6OWuDpkCP6lRjgUN9A1a4feNUs376s9kI	pathagon-rules-v1	7	14	3	63	0L050W0T0b0D0Y0e0g0Z0P0j0c070l0N0a090I060i0X0O0k0K08040CPiQ4KQ88YdNELr6b4B09Eq0QHr630S0fJGAoTuYW8s000dWGPIOV0F0fVB08CTA7E10V6G
g1_RmX30CdOY1GYLb8LlooNVGspU9xB6HswhZHcPQhJpnQ	pathagon-rules-v1	7	14	3	17	010c08070Z0E0F0d0g0Q0M04090S0L020S
g1_RmZIkvqbXnwNgzk6zS4y0uPXHShD2BotfeU2oKHzVsM	pathagon-rules-v1	7	14	3	65	0V020J0L0X0b0A0j0a0C0Z0H0E050l0T0703000F0e0g0R0S0M0d0h0D010A0NBUT3TaFn0GaJX4bK540WGy0IDhPCOK1F000b3X0ZEB047r0WCHRs0GVa0OMA0lGU0K6d
g1_RmeEz6bC94Wmu4Th31f6vrTxqfsvz-bqd6NueFNN7Y4	pathagon-rules-v1	7	14	3	123	0M0j0Q050P0N0c010g0F0G0Z0E020C0m0F0U0X0W0V080Y0W0R09060G0V0e0H0OAA0fCi0L0h0kKQaSBl7S0PN80CJO5g1sAqbkMC0RYLHbcFZ-XebSak0OZyZAbS0daicFZC0eZ-SIbTVNcDalZybTZC0dad0H0dC-0IcGWwae0BL-byWw600GL-GWWU0fREWiGk0kL-B9WU0fREWiGk0KL-byWwGk0bL-byWU0DREBGGk04L-Qk
g1_Rmejesbrbj0UoByUrNIPeBnORsEI0h427CqBNY3--Dc	pathagon-rules-v1	7	14	3	59	020a0b0A0Z080905070N0B0h0g0a0i0U080T0S0M0L0E0F0G0c0F0A0V0O0H6Q0hS30P0W03040j070O7b0P6Y0J0C0A7y03060J040I0P0C0k0B2b055Y
g1_Rmgcyin3rgY39CbzBYEX0DrFOABO-HoWlt-Tvwv1v3Q	pathagon-rules-v1	7	14	3	36	0j0c0f0A0F0b0M0U0Y080B0i0D0P0C0h0d0g0l0e0Q0X0V00070201050L0aCX0cG_0dQv1J
g1_RmhdYSsEPat0T48tPHOXzEccWkvngqMx9aSJu4O2sIs	pathagon-rules-v1	7	14	3	48	0a0T0W0R0j0E0Z0M0J0O060b0U0k0g0I0V0l0m040e0L0F0109020P0YW50K0QHuXN0CZ5Jr0ADv871pCPaIT26D8JADMp2Y
g1_RmiHu8vUsd0uY6DkIhptIp5bTWJZMSi1Ds1JJ9oBlw8	pathagon-rules-v1	7	14	3	33	0A000O0E0Q0S0F06020X080f0Z0h090a0H0i0b0I0g0B0P0K0N0a0705Ck03XXWu6r
g1_RmnNRqhRTbOvsoxdRq5Df_CorXmkYIzFiMZP9J3MHrA	pathagon-rules-v1	7	14	3	44	0B0W0X0m0C050e0I0J0P0Q040d0B0l0k0f0d0l0Y0R0X0f0K0Y0J0D0C0K060Q030X0A0H350O030P3403020AA0
g1_RnEBcB0pmt4N_FTY9egepzAT59QHCiV_nRh812E5r8g	pathagon-rules-v1	7	14	3	28	09080A030O0701020H0G04090N0B0I0A0B050P0C040B0F0M0G080006
g1_RnNrQ-oWpCio3deuucAjU-zz_aYoFsxAB01nTMormKI	pathagon-rules-v1	7	14	3	50	0T0R03020U0V07010008090A08040B030A050C060D0G0F090H0I0G0B0J0A0I0K0Q0D0E0C0N1u0O2K0p0P091Y0I352M020A5Q
g1_RnoCiCiXWLnyy1Tqix_NQFscHjyVNa_bDBtebGpO7H0	pathagon-rules-v1	7	14	3	66	000Z0N0h0l0R0D0k0S0j0U0f0B0J0A0F0M0e0i0g0O0Y0C0X0P060E0L0KHRbWWRArM0JH0L9oSq0aRqbv09IQDn110T0Dc70U04Gf0bAT0F7GHP095s03Rr0TZr0aai0Q4X
g1_RnpqtFG3BZwW-s7zBcEw8T_x0tWfat_fX-LB7mFQmrw	pathagon-rules-v1	7	14	3	37	0d0L0S0J0X0O0Y0I0j0G0C0i0A0l0T0D0V0m02080H0f0N04000E0O0k0h0Z03aZ2uHI1HDAAh
g1_Ro1Za1M-cdnrWH9731fR_NKxMvmhh-YrUH7_vWqKK3Y	pathagon-rules-v1	7	14	3	124	0B0f0g000W02030m0G0a0j0X0c0Y0b0H070k0h0L0K0d06040l0Z0V0i0A030e0k0U1A0D3wUcSA0d3IPiSPX-0W0bQqEz0d0j0eWx0c6B3y0r0X391b3s2N4e391b3s2N0Y361b3wBZ5O342M0k040t0CbX1m6aD8HPBqMR0J1D0IRv3BBV43HP6TMKBxRoHP6TMKBxRoVz0e0bC2Mt6pZASG0XYSXc0lZwbQYPcCZC0mahYQ0bXcZ0
g1_Ro6VacXRlSkXJPjNoE1tlwhgW5IgEz82vz-sz5Y3cTo	pathagon-rules-v1	7	14	3	72	0F0Z0Y0E0X0d0C0N0b0c000H0k0h0U0T0l0P0i020K0m0D0J0W0M0I0Baq0LaN08090V0B0Q0lKwYWHTAXY4842PT2UYQhHpZi0GPa5X06CD0LJ7Ee0SHHDW0gYALp0M0R7NLp0GXK0U0e8x
g1_RoA-qA8uc1pgMwpSOs-paeVL91xEdroLUu3VkTLVPsA	pathagon-rules-v1	7	14	3	36	0S0b0e0M0N0X0E0L0Y030i060T0V0g0f0Z010700050j0D0G0K0J0H0P5CJ-6pHcRzZGBfD6
g1_RoD5eIdi0CytgqwMc-rEvh4LaRSLtyVt1giLjYzDHy8	pathagon-rules-v1	7	14	3	77	0I030B0a0C040P070M0f090i0K050E0g0b0D0A0h0L0G0Q080k0e0U0NGbVeByYKaY0H0m6tRh0aASSe0R4HKWYV0aDkPE0h6q07LE0Ia70k9k0FSb090d30063W0K03Nd0DUg0N5l09T_0lJrXA060A2W
g1_RoYRHkuIXbDlplwgJoE0nM_-Ixg_ANCw5V5itDaJcw0	pathagon-rules-v1	7	14	3	63	0Q0g0d0m0S0U0l0Y0b0A0i060709080D0N030J0R0U050e0c0F0I0C0XJ30NG14v0B5PYy0EXnF0Ti3O6XXDbRFuC_2hVWQ37CG7ZV0KMG0L6s0f3W08Xy0Xb7MB9U
g1_RoaJTFy1aVr6LZgtWqXue9aGLPZx0gM7rCiTRfqzgcQ	pathagon-rules-v1	7	14	3	48	0V0U0O0N0P0W0H0V0d0G0c0I0V0W0H0V0P0b0W0j0F0c0G0M0T0a0M0k0N0i0h0S0a0T0L0E0Z0L0g0708090A6m0B0dSN0f
g1_Rors0_kbipGS_z6-gMQ549m-7GovFX89yJwPcY_efts	pathagon-rules-v1	7	14	3	196	0001020J010C0I0B0A0H090I0308040G0F0508070E06070D0K0Q0P0O0N0P0G0M0R0N1600Bx0_685U1e013w045aA30C050B4oAp0D385Q060A020B03015aA34o1d015ZAq0D3wAo5aA30C3w0T0C0r4c395Q3x0r4c395Q3x2N4e395Q3x2N4e391b3s2N0M391b3t8S0A360q1c012M023r1c014f0s3r0A2K4e0rA25N2P1a4d0s5N3x1c4d0s5N3x1c4d395Q0C1a0o34032K360q061a3s34042K3t0q001c0o365N3u1c2P4e05034d2O5P3x1c0C2M0p3s04343t1b4d0r2J39023u5R0C2M4e3wA10C2M1a3s04360q1Y
g1_Rp1nZ7RPCvOGkcC1qzA2CnqZgSeC3wJX4rvgzV4ktFY	pathagon-rules-v1	7	14	3	70	0J060j0X020e0k0I0E01080Q0B0b0m000Y0O0V0i070c0U0F0H0A0D0M0C0f0KUE0TCx0LWEB_0f6Q1KbwXl0aIQHIVwZi5VNL0TRWZCalWuZw09cEag05bQZ1YOZvXeS_060VYYXd2Q
g1_Rp1uMLXmbsNsiZY0LQDcsNgBiIMDYgCrZRs1BDZob98	pathagon-rules-v1	7	14	3	58	040106000M0l0S0Z0f0m070k0V0O0C080W0h0R0J0D0A020Y0G030N0I0LYO0Bbr0F1xA60aDI0c6A0QIr0XHX0U2uSHY301NfbQ0OKx0AGi0CFETN0W
g1_Rp6MgNf9Q5yaoxg3rm9c1V5wsieJlEtav02kgpToh7I	pathagon-rules-v1	7	14	3	54	0H090M010C0l0G030S0b0Y000K0i0W0P0I0V050j0A0B0d0604070g0c0L08Hq02Q16UXJ87Mr1AGeZL4H2N0favEI0aViObEb0jAtTG0V1h
g1_Rp7IJS1DKfiMamN35xAUx_X5DmySzqL__hYux7I6qv0	pathagon-rules-v1	7	14	3	28	080Q0M0E0F0G010F030P0A0H0O090H0I0V0H0R06050J0K0D0C0B000C
g1_RpE9ZnkoVnDGRc_JSJMiQYYOOqWxwWTYHGiMPt71vjA	pathagon-rules-v1	7	14	3	44	0D0Z040F0f0g060B0j070S080I0L0Y0V0X0E0e0S0c0B0M0T0P030W0d0A0H0h3e0AXW02Be0gEX5hHSZi0mQv6s
g1_RpNwZRT5-ab9tuLJH-xtLGNXAaeC3bEErHGMlQRpfMc	pathagon-rules-v1	7	14	3	75	0R030F0X0T0i0D0C0L0G04010J0W00050h0A0O080N040c020U0E0e0a0m3Q070f0V4IOy0Q0P0ZJk4-0kYhVx0NNpIg0906Xt0fUE0jTV0Q1O0HKQ0e6o0hM80lRW0hBG0R8J0XPb0VXM0OaB0DH9
g1_RpPgiPBENo4rCd0JiqKSMXXBkMGq0A2jMazfTMzVqx4	pathagon-rules-v1	7	14	3	59	0B0A080V0009010h070Q0D0a0m0c0G05020H0l0W090C0O0P0A0I0H0J2P0N0T0O150RBG0f9EPHDzAYNPP8R0YD8-VT0e5821UXSF1T0U0h5kJcBLXfc1
g1_RpTfX_P_tVpFEEFASMN3SJr10UFNl_qDYbTOptfiupc	pathagon-rules-v1	7	14	3	37	0K0X0j0a0C0h0Q0M0f050e0F0X0A0Y0E0L0S0H0T0G0O0N0l0V0D0H0m0J0g0O0IQ50LRPNUA7
g1_RpY74uyKqJSYOYVXhDPhZB01hWbKsxH_A1fzVp2Nch4	pathagon-rules-v1	7	14	3	36	0m0Y0i0S0b0I0f0U070K0Q0V0W030G0l0D0c0R0N0O0P0B0O0H0j0A0X0C0Y0F0J0e3ULmOz
g1_Rp_7nqX8RMdP6RyhGThmoOIcJhkjhtKXlX_s160_rnU	pathagon-rules-v1	7	14	3	36	0d060B0I0Q080H0T010a0P0F0Z0c070l0E040h03050f0U0j0A0e0I0i000WXu7dKLUJDw3f
g1_Rp_lCWKcw2H4JKEgSZjQfMOBaSz_6fPX99Q4HonLha4	pathagon-rules-v1	7	14	3	19	010U0S0N0M0b0T040Z0m0g0J0E0C0L0j070P00
g1_Rpd6x-BoXTANl9uvPikzWfEuvFCHD4BlAWeUhrol_7U	pathagon-rules-v1	7	14	3	96	0l0P0G0h090O0C0k0f07010H0j0M020I0S0B0V0b0d050Q040R0k060ZL20F0YJS0iEhWNT97wabawCe0f4a0W4gWM00270N950kYl0cTV0mBD0FDR0i0a0h2n3X0jZ30A6q02NTOK03RWbH0cI705aX930l5-0fXRY-0kYC0e0M2qOc0hPMLlWCJxavAf0u
g1_Rq2v5HmX2teSBVgYyIhQS1DiCyxCLBdHq4e3PaaAUfc	pathagon-rules-v1	7	14	3	69	0N0J0E0M0d0W0T0c050a040H0Q07010L060S0I0U0F0m0O0e0B0R0b0G0T030i0f0jLw0RFS0k3pCl0ZZYGuL0Pa0N0gOf0Wa20h3_0454cE0V7b9wYI0dRc0Gam034a0mZy0j0Y5z
g1_Rq577LL-YDconWatH4tejmd6xIssh_JZlVQ3O2VfXr4	pathagon-rules-v1	7	14	3	47	08020F010h0Y0K0H0M0L0N0A0G090k0O030E0Q0f0m0g0R0X0i040j030c8Xbc3HGF00K-Q9Lr0X4fRNKN0mCl1n0O0U7A
g1_Rq58IluGBdheoU4uKNerX8EOafOn6OS7R5mpnnORxKU	pathagon-rules-v1	7	14	3	35	0l0N0m090D0Y000P0A0f0g0i0e0O060M040B0a0A0E030R0Q0K0k0H0b0LJBE5RHC0081B
g1_Rq5pU_pPBqZz3poFsg6AK3XPjnRna-UVAcJ0st904F8	pathagon-rules-v1	7	14	3	62	0c0d040Q05000P0O0C0l0I0j030E0W0R0U0e0P0T0M0D0F0X02090N0g0A0ZEp0H8mUnD9bIIq0iHoQoMN0T4Sbg8XB1AJRF0kFp0IY-0bSA0mQQ0lMT0UU6011A
g1_RqD4rTI5aEF6H4-O5ZXeu5zskE8k9584OpFKTRIWPg4	pathagon-rules-v1	7	14	3	38	0c0U04020G000W030j0K0R0D0l0m0J0L0k0C0e050E0F0A090a0i0f0Y0MHV080H0S0d0VYU07Ds
g1_RqI-XJ1Pw_612V8e8YWm2pznhUFbcsRaBAN8aC5HO3Q	pathagon-rules-v1	7	14	3	42	01060f0Y0X05080R0T0W0F0d0j0k090X0e0c0U0V0g000I0H0G0b0l0N0Q0m0k0L0D0aXS1Q0B59NcHF00Ow
g1_RqYzw37z3sVq1bSnrUbXdg786_DryXJZ8txPPEvRtNw	pathagon-rules-v1	7	14	3	196	0a050f040e030B0C0k0A0N0B0F020d010S00090G0Y090Z080T0M0O0H0L0I0m170F00aQ170E4rVL4J0l3RRUA0JE1cb92hc13ZYE4M039i0bEyRZ7J3G91H08HT0LF0YKN0lENA5DIVhQgbxEBZuVwBZCuLUHuXoIR0LE5073UMTFb5JL2HAQB0X036u3ia_7w70E82_DI48VpZCEQ00LCayVpEkQKFaK-9dEzGjFr1TKy5hKKA5EBCHKwGV00Yo1I6CKB05Cf1aDr4sK30D3T2a7wWP0ILYEpCRQK0EDYBkEs0AKCX0FWAyEy5fAEZFQICzK9VoUn5FPK0g7qZG097K8UQu7qbr3DWM8k0W7yA3Fk0mEyM4KzbzEP0lF3MeD41YCn
g1_Rq_6OAyBTVQZqVplKOvWNQLqTP3MlKfMzfQ2AjViYHs	pathagon-rules-v1	7	14	3	57	090Z0B0d0i0J000c0U0K0C0W0m080b0F03040H0j02050a0g0D0T0V0E0lZFZB4u0j07TG1e0b6wSs0MONGTTg41QRUjbMBl0B0R9T0I0d6PZc0i12
g1_Rqe5LQzl_yL5liP6a_jNUEyCDH9SoEruvf42hwiERdY	pathagon-rules-v1	7	14	3	34	0Q0T010X0e0Y0X0W0R0X0f0l0m0Y0e0C0J0X0V0U0e0I050X0P0V0e0K0O0X0R0S0H0Y
g1_Rqec_1e_mlEHHKvKgF8o0vifTAwhzersQedKrgq98_Q	pathagon-rules-v1	7	14	3	51	0F090O0R0L0T060M030A0m080K0H0Q0c0N0I0G0V0P0O0U0E0J0l0B0C0d0D020W0f0g09Bn0B0P0S00MI0QDj7d0GJkYXUY5I0OHR
g1_RqfTBScXuj8PG-dsuuzjnoWGaQg32YkFAY2j9eY1mno	pathagon-rules-v1	7	14	3	65	0e0i0L0A09020U0O0N0F0K0g0h0E0M0P0V050l0T0a0Q0R0W0C0b0k0008KM0H0Lb903VnXS7Y3pNyQ1ANMpIaH1La8mAJ0dai0kLH0eJx0b0i0WZ30U0TBs0V0P0MHK0F
g1_Rqmj1lnZ8pzk9v8E1SQc0wcepfFgELDf2TlMkIRjuoc	pathagon-rules-v1	7	14	3	164	0i0N070Z0G0I0f0e0F0c0l0C0Q03080P0D0W010X0E0m0B0d0b0k0K0002090S1L0VVT0G0J0e3nC4cC0g0QWxQ00WZH6h0RMtYSWrbSXe090c0OYMcCSG0UZvaiZB0i0d3xAp380b5S0t3u2N025S3A3u0G4e5R39YW2P3t4g395Q0H3t4g39ZH2P3t4g395Q0A3t4g39LV2P3t4g395Q0B1a4d34032K360q0C3t7k39A02P3t4g395Q0C1a4d34092K7i0q0j3t8V39A02P3t4g395Q0C3t4c1cZF390t3u1c0A5S2P42GW4w5v090XAr0AA5
g1_RqzKDGpwnt_Fltyj7u0R8EkU2oKL9qASfvXJKOVvzP8	pathagon-rules-v1	7	14	3	90	0V0S030F050l0i0W040Y020B0J0k0d0N0R0a0E070c0L0Q0D060E000h0jaBY-0g0xBm3M0MMC6ST-XMF-I469B707N90MJ4QA0c990WXS0QHw0NOw0C4pLy0R0XZs0K0XHH0I0Q0b0TUx0B0QKC0lSk0MYA0a0cBD0T1w0W0jPm0dLq0N9V
g1_Rr3A05OmhOOXVcuVtpJykUtZFRMuoqbdfSfRiM9Lw28	pathagon-rules-v1	7	14	3	34	0c0h0d0V0Y020X0D040a0Q080J0E0T0A090i0P0O0g0N0f0M0S0F0105030HKEXt1x4o
g1_RrPxEW862B6kzWI2VgJVR8cfDdUEaSWAeMFsfon-lBI	pathagon-rules-v1	7	14	3	55	010Z00030J0g060R0U0S0i020T0Q0X0F0k0c070B0A04050C0W0e0Y090M08FfCg0d9hZ1SHV9Af5F6-NH0T0O7x0BM3HqU09l0NalOy0QZv0C
g1_RrRORflNPzw7j-OyVWrJkPEmwaJ_M_Ks1EB5Fi0xdsM	pathagon-rules-v1	7	14	3	33	0V070K080B0D060c0T0U0b0O0i0F0N0l0E0a0M0L0b0E0U0R0C0V0G0D0A090H0I05
g1_RrXxYphgy2wxtd8Dap5Foh-dlo45YjsofcAlRalh-ds	pathagon-rules-v1	7	14	3	78	0H0X0I0m020d0P0V01030C0h0S0l0g0M0e0F0J0b0D0U0Q0B0c0N0k04Fz0TZ_0KL60QXeOH0d3O0LL6BNOwHYIVZlQvAG0AWJNh0k9K0QapU06t0V7dES8-2E0aF10HMj5yL70cFtGm0J4D0DLp0RXwVT0T
g1_RrY0uwpsGPna55grLI7P__vfi0wET0hthDcSFRN2sKY	pathagon-rules-v1	7	14	3	156	0N0M0G090F080O0F0H0A0d0c0V0U0T0W0U0P0b0I0c0B0a0J0C0Q0X0e0W0X0f0YWw0fV30K0DWbcARZBG0D0XbdWwBN0e5vc8WwW2RR0Yc2WwW20eL-byWwW20eL-0RWhcA0CL-AOWwQh0XL-0RWN0CRSc3BUGIWULYbyRSGd5hMC0RRSL-by0XWi0fMC00RS1Cc3GrWU0XREc3Gk0KL-0RWwM5REGdbrWwM5RE0YbrQvBGWNGk5hRZBG0XGWbrR00YLmWbAqR00Y0K60MCREGd0KcAMCRE0Y0KD170bl0G0X7n160HBV6M
g1_RrrDNxxI89KNqpJ52FYyGljW9cU18URae4x85BoUUfM	pathagon-rules-v1	7	14	3	16	09020T010b030N000U040G0C0E0D050B
g1_RrttBLzcnQMn3ym1NurTfn35vRKEdFTy0jrJJHXi4Dc	pathagon-rules-v1	7	14	3	38	0j0506020E0l03010Y0Z040c0F0G0k0a0S0P080W0V0H0Q0O050N0J0U0m0d4m0lRR0b60VA3y23
g1_Rs5mvbmEIKuhXML8rOyirmj8q-FJq_uzfeciHLpEB6k	pathagon-rules-v1	7	14	3	49	0K0P0l0Z0E0d070S0M0V030L0j0e0f010m0a0B0b0F0H0Q0k000h090WCOaN6oYEZl0JX70eaqJJ0tKd3p027dGs5i2vadVJ7z
g1_RsBiQdvfoRTb05Q6naijj_FjGgNhBaDmplFs-QljA18	pathagon-rules-v1	7	14	3	51	050L0M0I0S0V0U0h0E0m0d0j000e08090F0c0a010O0B0Q0W0Z0K0J0C030P1E7gMvK0JhZGNu9XSScE0UY30m19RF0b0LPz5GJD00
g1_RsDS5MRvO1_SPBGWuSydRpToJKiFgeT_c7gDoZj95RU	pathagon-rules-v1	7	14	3	32	080T0U0V0S0U0F0M0N0L0O0E070G0H0F0N090A0I090H0G0Y0O0P0H0B0W0X0Q0W
g1_RsHeUpXrRYKgZgT1eXbOzEcWc2Fmdt5HXWB9gG67Ubc	pathagon-rules-v1	7	14	3	30	0T000f0E0S0m0O0c0B0l0k0P0g0N0e0D050G0J010I0F0V0X0M0O020R0a1B
g1_RsMsm1VRbQqHE9B8EgSZwPsE4BeDwG1NHN40Ju9xtfE	pathagon-rules-v1	7	14	3	55	0m0g010f030U0Y0R0Q0P0J0Q0X0e0Q0f0l0W0Y0I0f0K0O0H050P0A0V0C0Q0002040J0c0N0T0V3S0FT_0M8w0AQI0E7A0903080x00220o4M
g1_RsYdFslvu8IQi9amtx1ADyCACCJ07bLa5qUKZuVGYec	pathagon-rules-v1	7	14	3	52	0a0U0j0R0A0m0H050k0g03000h0S0i060O0T0b0B0C040V0c0B0N0Z0I0J0Bak0IZB1T0d5d0fU00YYh0H013O00Rs1iZK420F0CRMXB
g1_Rsais7fglOmtYY6yUJyNkDvv24N1F1HW9UpJAqcXRvg	pathagon-rules-v1	7	14	3	39	0c0W0X0Q0m0M0e0J0T090R0H0G0P0g0L040U0I0D0E0l0C0V0K0Y0H0F0802N90ZGT0X0NAnLxLF7c
g1_RsuWffnVgHM-pvww1UVHv5G3imvbu3hG7ZZyXDE77zk	pathagon-rules-v1	7	14	3	196	030U0K0402010508090A04090B0C0J0B0C0I0D060H0G0A0F0B0I0N0H0M0O0P0T0I0M0O0Q3r0H2K020r0V0R0O0Q0N1Y013B1b012T0p0W1Y5O2M6x4k1d0o00360q0X4c1c01030s2J1a354f0s2J1a083s0q2J6x1c350q2J4k1a350q3r2N1a35033w0r1Y2K4e080o052J361b3s0r2J361b080o04343t1b6w0r2JBG1a350q3r2N1a350q082J1a356y0r2J1a083s0q2J6x1c350q2J3t1c350q2J7i1e350q0D4c1c052K0p3r4f1c2K0p083r09010A0q081YGp2K0A0p081Y5O2N8T0s1Y350K3u041a0o3406093s08
g1_RsxzeYRHclIt68ffdXLmptEI-wpGNZEZPAyecnfClLg	pathagon-rules-v1	7	14	3	23	0W0Y0I0G0f0c0j0b0V0A080C0g0B000E0c0F040S0B0Q0P
g1_Rt1APLCrIVnZWxdO1DCZmpM-nwhDGztrTI2WDCZ2AOw	pathagon-rules-v1	7	14	3	196	0k0C00070B0j080A090B010203040205060D0F0G0H0I0A0G0J0H0K0E0D0F0O0P0H0Q0I0J1t010N08110M2J1a013u0r0R1Y0B012O0I02142J1a355Q0r2J1a013u0r061Y2K3t0B01382b4e0q051Y3s8L4eGE1c0K5O0q2J8T1d350q2J3t1c010t0A0B093rCS0F2N0J1a0o055N2P1a0B09350q0I7o1Y2K3t040o342M0A1a0o34092K6x0q081Y6w36080o6v2M7i040o342M3t040o342M02042K360q08093r1a4d380q0F1Y3s02080o6v2N7i0908350q3r2N1a350q3r2N1a0A0o342M05Dy0p093r0H016y0r0I1Y
g1_Rt1DKRKYh0vDbJ1pbm1PcM5Vlj5dKw1n-F6wf_fyV0Q	pathagon-rules-v1	7	14	3	150	0d0W0P0I0W0B040c0V0O0H0V0A030C050B040I0J0Q0C0X0e0b0d0U0N0V0G0O0902060D0K0C0D2c029z0C8S2T023F0q082J3t1c0A352M0B4e1c390q013r1c0A2M0p3s04363u1c012M1Y3t8S380q0A024038030B382M020A3u1c2K8T0A030B3E1b014g2O021k014n5SA3418V0A050B5Z1e4d2J3t381b052K0p0A031j2K8T349F1f2K0p0B3u1c2K9E0B0A4c2M1a3s0C360q1c052M0B025X
g1_Rt1oon-l_l3s6mwCopcvQTiBdbTbdjlI3VEghtu940g	pathagon-rules-v1	7	14	3	124	0H0O0M0X080i04030D0R0e0l0Y0Q0C0Z0V0c000N0f050L0j06040U0T010O0m4v0IN5OKSEFE6NHFZ07E3oR3M00E0SbgZO05LR530e1LIz0ibKKO0RZ2cD0jQA07MCDe0hWm00H5020XYUI10i0I30C_Sr0eaX0GZB0VJgUZ4a0PRt0BXC0cQK0dPJN70MUoa205Xs840f6H0LBfbb0gDz8k1s0mH9Kr0EX6Fb0QWP0WEp0I3N0g13
g1_Rt1uyOKtZv3hTNfSzaaJRqUytN3WETC8rMFdRcSWOeI	pathagon-rules-v1	7	14	3	36	0N030G02090A040B0H0I0O0P0M0F08010F00070E0L07050C0J0Q0I0C0B0J0A0642040C05
g1_Rt6j5hKcJkYqGDx7KBe7QMMN7uZGhW03OrizGclsf7Y	pathagon-rules-v1	7	14	3	45	0W0B0V0J0j0A0809070C000G0E0S0M0c0F0H0O0N0L0Z0K0I0D060T0U0PAQZo0hBB0b0UI_GkFr7b0j0Y0bRV0kCr
g1_Rt7H4BHkWkjn4LUdfEQwE_YbgYP6g7SI6cHs2dPpSUg	pathagon-rules-v1	7	14	3	58	0Y0N0F0C0L070i0V0b0a090c0f0X0e0B0m030Z0M0H0h0U0j0T0S0D0A0P080Q050OTtNP3aRKOZWB0iQVPNHbSbVl0YSEXw0dYiKp0kN-0bVCZG0L69
g1_Rt8ZDhyAMSWQutXF-EZOoal9oYRwNFWEZEWJdZcAVd8	pathagon-rules-v1	7	14	3	28	0c0f0W0d0k04030205060305010A0H020900030G010I0A020H030F01
g1_RtA57rlyTsR7FaHJdtbpydStjrIjkwiiOErrJVTUXd4	pathagon-rules-v1	7	14	3	27	070L0N0X0G0k020g0b0Q0m0h060l0O00010Z090M0R0V050Y0U0c0i
g1_RtBi8gPsWqVpnHQDavBsJ3Rq3q9nHa_asnpsnESFoGQ	pathagon-rules-v1	7	14	3	114	0j050l0Q020g0k0G0a0907080V0E0R0T0i0P0L0U0X0J0b030F0A040C3u0dad0mOn042d0200Ae0c0ZGLFg0ANH8XXvQUc5DL0mUE0Ob203Ic01Yw3Q0J7MGZ03Mgc70mICHL0iCA0lM80YW70RF40FFw0GEI0JblR8QODO0eRy6O0mOB0lDV0QVk7nPPKq0C4tO90XZ50JKpbc0Ua_0i4s5VCgVZ0F0e1g
g1_RtS1a2rDfpVPPp7vRiN7PmA8OnTp-nTvD_9Z5-xboQs	pathagon-rules-v1	7	14	3	32	0R0G0I0N0H0O0P0Q0J0P0K0M0F0A0G0H090B080I0C0D010C020J03040506040L
g1_Rt_ydVC9Cm4Fqjt_rU_LEK9ydtyUz1joPZ_z-iwlzOI	pathagon-rules-v1	7	14	3	115	0a0b0c0V0b0j0T0c0h0U0i0M0N0O0U0N0F0G0M0H08090A0L090M0S0Z0E0S070g00010203010A1H00CK0F2M0p0V8R092K020s34082K4e030936W-3w7k2P364f091d0A5R8X4e6-355Q084g2O3A023w2N5Q0A027W08ZBZwYP2v090V1a350q4c2N1a01082D09Zu1I0BEI3T0H8x0I6R7J0VQM0P0AXD
g1_Rtg2l_EdK0m0yOGudGZyecRRzEDNf65SjpLaRpASZo0	pathagon-rules-v1	7	14	3	61	07080e0I0f050M04060A090l0m0d0R0L0C0B0D03010T0S0j0g0Q0H0O0b0F0HK-0QEvVmNYXDCwKtbI5b0i1o4w0Q0XBM080h8yVy06AI0aTk0lEZbHV-0cDb
g1_RtofLNfYkoi610ztWtaldPbMoxHkMEz7AmdkS5yGpsQ	pathagon-rules-v1	7	14	3	36	090W0N0P0L0Y0a040g0B0A0M0h0b0D0l0S0H0X0J0C0I0R000O020F0BJ60j0T03Hc01CdKE
g1_Rtuzmh4MX3SU643pselEhiqIEMgqZ9eb2N32qSQJ4Xo	pathagon-rules-v1	7	14	3	147	0R0G0Y0f0c0H030E0k020a0g090I040F0d0l080Z0A070J0C0b0U0S0i0h2P4D05U80j0DBn00WR8rEd3R0V0mXF0P6o0b010cOmG20h87EG0A5B05Dm0H4Z0fRe035P0eNoD_0N8XTQKDXD0MCNKs0g14X75S060EEe000H9JaK0PYpLh0kBrEJ0H560e2b09450CaD0d650iPJ0FQJ0aZn0WDc0U08Yj09RAYD0iRtPh0jUS2c052D0g3mT703WkQAN00ZA60f1-0T0Z3eIz0N0VWY17ab0a0X53
g1_RtvBfY-megQIdlf0DI7BbiCNHtNY1NgaUFwLvdb4AQ0	pathagon-rules-v1	7	14	3	59	0T0U0a0S0b0Z0N0T0U0M0L0V0M0U0T0c0O0G0H0N0F0E0G0L070M08090A0G090F0001020801030g0h0i0j0h3M03Bm0EZX8209Nb0H0TCT8g0A17081Y
g1_Ru3C0fjvz3oC9z5B06U9Aed3vMoJabJLbWfzofazhqQ	pathagon-rules-v1	7	14	3	91	0I0c020J0h0P080A0R0m0S0f0O010Y060b0g0F0L0U040l0j0V0Q0e00Jm0XPE1_Vn4BEtXVaD09XmKz7b8dTW0V0Zbo0W0gS201CW0DLR09P_0hDM0Zbn0NYwFT08SS0VIy03HoaF0j4ZZNGFXI0O0m2Z0Hau0gLyAt020Q09XA0P11RA0K3K
g1_RuFu73FnulUMK1EI1kEJOmbPGzXzXC96r6DcCE2qiQU	pathagon-rules-v1	7	14	3	57	0R0W0m050X0I0S02010V0Q0L0P0c00090O0Y0k0d0X0l0e0f0T0N0D060HOm0e550HWWQ50FN2IycA0mBGEs0z0X085S3A0U3wSY5hbdWw0Nae5_E5
g1_RuLimOw8YwGx9I9vfO03Xf1UWMw2xZ1sYbIz0w1RhBw	pathagon-rules-v1	7	14	3	50	0A0H090G0I0B0F080N0M0G0F0H0O0P0N0U0T0S0N0T0V0W0L0V0E0O070c0b0d0U0a0Z0b0S040T8K09050G4c0B01Rk0z6L0ZNA
g1_RuVMUGr-UzWGbtm2TtPnDlmMAhiKZMsRh9DYqO2df-U	pathagon-rules-v1	7	14	3	21	0h0a0T0M0a0F08010O080H0A0G090N0V0U02030b0A
g1_RuXG-M3TkQd_aTCISlx-71eS7GLWlDb9xl0fZ7aKNBg	pathagon-rules-v1	7	14	3	49	08010M0F0a080A0T0O090H0G0c0I0B0H0P0M0I0N0V0U0W0b0d0203040D030C1r0K7B074F082k0B0A0X3M9k0B6Z0506507c
g1_RuYxKQtyZ_9Qunj74MwxjkzWZ2iSZCSL6GKwqvXQXvw	pathagon-rules-v1	7	14	3	28	040A0809060O0l0M0b0U0B000m0N0g0H0c0R0h070D0f0W0Q0e0L0F0P
g1_RufyQ9LUEYWch2nKWdAovPf__nLQnGvGcFFOYFKslGs	pathagon-rules-v1	7	14	3	26	0g0h0Z0a0b0i0a0c0j0k0d0j0c0l0e0m0f0T0U0a0V0W0X0d0W0S
g1_Ruy0ssSaaO6F4aVHsf40QJWYAvsSmfPD3j3xlJ9ywjY	pathagon-rules-v1	7	14	3	42	080S0i0e0B0C0a0X0D0d0W0H0l0G050k0C0c0Q0T090A020b0j0V0F0W070Y9g0mYW0f800bbQWd09QWXU8y
g1_Rv-2T5ZVfipkBDAO0AG__T5gLj-5SDc7AEjP3v3O8eU	pathagon-rules-v1	7	14	3	53	080g0R0N0i0k0I0a0Q0E0T0A0c040Z0Y0m0S060l0h0X0a090d0B0P0J0j0Q0UFWba8x00a_KG0d6waO0f0OINUrT_7y5cQO1o053RA30o
g1_Rv8QNdh_s-LmSfoagU-qeFEQJAr2DwCZXj_utO2GMQY	pathagon-rules-v1	7	14	3	61	0506040Q0B000W0D0C0J0I0P0X0K0R0Y010R03020A010H0O0V090O0G0N0U080N090u0O1Y352M3t0r003903410r4c1d5O2P0p001h01080p6v5E7l310p29
g1_RvE1qiA172VWk2f5eKwx8hjKS1OZO0fC0VqLrJFjKI8	pathagon-rules-v1	7	14	3	26	020G090F0N0i0G0H0M0G080h0F0E0L0F070g0E0j0k0l0f0k0Y0m
g1_RvKYre3eGkPPbmnxPxuDyihm9XQhrev9aFcHWPpX2pU	pathagon-rules-v1	7	14	3	59	02060l0b0E0I030c0K0V0M0R05070P0C0G0e0Q040B0m0d0h0f0L0F0a0E0k0D0l0U0HNq0Y0gOa0fYK0XRHG50JQCTn3dD-9fVr0NAH0T5v09LZ0b061L
g1_RvKd5Oqwf5XEWeUHk9iZ1buHM9pu4_zAbibB_xRCfAs	pathagon-rules-v1	7	14	3	84	0c0E0K0d0b060R0m0P080V0U0i0F030A0k0X02010O0T0Q0W0f0Y07000J0w0L8d0aCd3M66Z6002zNqa5PlKl0DKP1y0kQJH00B0JKrTB0XWMO80iNG0QBEM40SFr0D0h0CYm0Z4o7K0Y9W0WMq0OC80FGg0LKY0T8E021N
g1_RvPR8DTtxFoPH67vEJ4dpgzRMmKNwm2qEb-I6vn7Fo8	pathagon-rules-v1	7	14	3	80	0C0J0V0T060R0j030Q080E0e0a0S0U0k09020M0J0h050P0Y0d0f0X040g0b7x0TKhWLY43DSS440haP040MBfCSXnQsJo0hO10O0NFV0FNa0l830V0kan0O0W0NXD0JOv0cCRa90lJQ0mU90B0c1q3S0eFjZX0L
g1_RvPvwZ0E5ugBdXefmh4cu7a3ZgUWCupi27erMzayq3A	pathagon-rules-v1	7	14	3	56	0G0T0k0d0M080g0I05060N0D0V0b0J0U030Q0W04010K0i0m0J02070S050f0A2a0RWv6i0C0jTlZlBJOdEOLV0L8a0d6IL8SzMw0SAh8_0Z075x
g1_RvXHB9CaKp_Lbm3IRoTqSBFWNyQob_XZbt026CsLmJg	pathagon-rules-v1	7	14	3	38	0Y02030400010305070E0A0H0L060E0S0C0J0D0K0Z0F0S0g0T0h0a0i0d0j0l0c0C2A0Q0d190f
g1_RvncXiEPiO6ZFybmQbXZiVW1qyBF35cmT6vTwwu2YYQ	pathagon-rules-v1	7	14	3	196	0W03060E0l020F040O0P0c0V0S050m010A0H0b0O0I0U0k0P0Q0d0a0W0A0T0f1Y0i2KWC1U0D1YKi3g2d0q0G0NSs36a83uDI2NB14ebsBV0R2K5V0pCq34MT1bFJ2KLf0pEC34Fb1bbi2KTe0p8Q1YQd2KE00p9M1YD82KTH0pbn1YHW2KGe1DR41tX7MDBkH4060u67BVB069E70p9Y0bH71dbz3xCx5G8y5SHq38YQ0eKsW-S12Ka634D31bQb0o0K34731aAl0qYm2Jau360j0oE82JMR1t0R1D0XHW0hMm06XNL-Rv8UMDFXGtGW0p0L1YLb2K9u0pAE3uAw4gH6395a3xQh4cE65oYo1DZ-LSCDMR0X0uAfBVa22NYV1d353u
g1_RvqHLkB4VzepIvJRFCX-_0mcDHfMWFNq6SSgRDXpbrs	pathagon-rules-v1	7	14	3	45	0W080l0m0L0h0f0P090F0Z0T0I0e0O010C0N070A0b0i0S030U060g0MNn0GTZ0JbA0RMD0lS00cEs5V0aCaJNDe2s
g1_Rvv5iICDSj4T7DLeW-Ap7e26EOLnos8QzcBMHLN58wA	pathagon-rules-v1	7	14	3	50	040I0B0P0H0O0A030W0V0209030G0N0H0U0Q0V0d0c0W0b0X0J0C0e0J0d07050M080N090FUr0KVq0CB2HjLf0R4y0C2Y5b0L6N
g1_Rvx-9YmdiX8Pg4U1-V6gIPitKcULNfWY6fffV9f3kwY	pathagon-rules-v1	7	14	3	23	0h01000M0L0j0a0B0T090A0S0Z080N020M030C070E0B07
g1_Rw-8RiX-M8mnuMbi0cee34uSCfdXURKxwRk4ixZerdk	pathagon-rules-v1	7	14	3	87	0I0V0i0A0g0M0R0l030X0D0B0U0F0Q0P08050G0L0K09070T0N010j0k020I0H0e0O0U6KOVGXICDo07DKP6Lobd3E03LDUIBC0QFY0aZU0cAW0jZ20LC309Qt0HJOa208Ko0AEa04ax08Q40f7qNz0C4S07Bq0IRo0ZWH0cV5A17a
g1_Rw1bN50JZhlSZvISGVgYbCy0VYANN0yYp5XZJ9HAbA8	pathagon-rules-v1	7	14	3	27	0X0L040K0k0W0V0O0H0W0O0A030I0J0A0B0I0d0P0J0Q090I0A0J0c
g1_Rw6-vSmqMHr4kfO_GHED87iqYCrqosL1sw5J2vzU7NQ	pathagon-rules-v1	7	14	3	41	0Z0g0h0a0b0S0i0U0N0G0U0Z050a0T0M0a0F0Q0L0E0O0C0j0N0V0c0H0P0J0O0I4l0V0G0O0F0N0M0cBX
g1_RwBOZjNTdDhOwMwTEf717Ij0NHqdy7A2TYgNcigZ1sg	pathagon-rules-v1	7	14	3	196	0U0N0G090N0b0K0J0I0D0B0J0C0P0Q0R0J0Q0K0W0X0Y0Q0X0V0O0H0A0O0c0P0d0e0f0X0eGb0KA30C050B5Z064c05D87u160G6M4jGs09Bc5b160M6M7nGs09Bc7u16096M0FGz7gBqAy0M0uGsBqHr090uGsBqCU0F0MGz16CGBx6MGz160GBV6M07MY6aBc0_08MY68Bc770D0uGsBqIc0N07Gy0U7t095Z16AkBxDF0G0DGz16MDBx6MGz16MDBx6MGz0o7gBX6B0N0A1c092M0p3s0U027g1c8S2O0p341b3s2N0N0B0p341b0A2N0t4e9H0B5Z090B7m0UAp9-2J8T3G1b3s2N0p341b0A2N0p358U3r2N1a350q0D041Y2K
g1_RwGGqn3qTXhscbD_FU3VA1out6jLDdml84jHi_GoEkc	pathagon-rules-v1	7	14	3	71	080C0P070a010O090D02000g0h0d0T0V0f0W080e0Z0E0F0G0S0F0X080UAh0QOc0V0m1W0Y0KZ_GHRJLO6g0BUw0H7b0A1gatBWZS1668X20NH41668MK0MH4Yo6a07Rv0PMmRFHWbs05
g1_RwRdLPNU4mw84GBxeCJX-fg8Vi2QqwUA51jCe657dTc	pathagon-rules-v1	7	14	3	196	0Q0P0O0J0P0X0I0Q0H0W0V0U0N0V0G0Y0R0K0Q0R0D0C0B0A0C090J06050D0403020103092J0A36030o092J021f010v1Y692Q02081b012S0A020w2J1a355Q0t2J1a013u042S0A020w2J1a013u4g2O02040w002T0p1Y355Q4i0s00382M4e053u4g2O0E385Q4e0F3u0r2O023A2N4f1a053s4c2M5P040o3r2N36030o342M7i090o032J361b7h3w2P381b4e093u5O2N6A391b3s2N0p06095N1f01080p681e6w2O0p341b3s2N0p341b012N0p5N1e4d050p4c1d5O2P0p4c1d5O080p4i3wA10C5S063r5R4i390q3r
g1_RwTWoChB00f3g133iJzPC5VXnqZ2lAgxUPseZqcSNEU	pathagon-rules-v1	7	14	3	61	0k0A0d0c0W0e0V0d0l0j0X0i0e0b0U0m0f0Y0h0f0a0Z0e0a0g0T0S0P0Z0W0T0X0a0O0N0V0MUl0dbX0L6MGz16MDBx6MGz160mBV6MGz8mHsBr0EWQCi0N0L
g1_RwYEhpQMY4lYqeHN3IGP05JXETjCyWI3t7f4ugmXS4s	pathagon-rules-v1	7	14	3	89	0h0T000M0G0f0j0l0V010c020K070W0b0U090d030C0N0I0G0H0k0Q0P057o0AN4OrKc0RTZUOWj1U0SQH0eXwbM000OF8IEEH040IV_0fJETDU7AE0hPXN70b4y0TS20C630BVL0WMt9BHiAVNrHFZTEp0c9R4y0OIdD6XyD_2VK-0a0z
g1_Rwq7n9v2BqZPJwY-pfVXXJsW2xlK6YnKvuyHpP66Yzs	pathagon-rules-v1	7	14	3	42	04030f0O0g0W0U0P0e0S0d020G0i0F0X050k090Z0R070J0N0B010l0V0TKS9n6pNaRu06YpFl07OS0Y0P1t
g1_RxMjluD2YnnN2r4GVxN1mI4YOJJ8amNt7fCVv_-DMDg	pathagon-rules-v1	7	14	3	50	060S0R0K0D050a0h0U0Y0k0m0I0E0W020T090K0l0c0g0b0O0d0V0Z0PSi03Lh4s0a3n0iRX0cXt0hMPBF2JYdK9J0BmNt0i0N1S
g1_RxRNy9P4kKE0bLULkai1G4WlblwOhwQhr6Kn2WthpQU	pathagon-rules-v1	7	14	3	34	0e010g0a0S0V0k0M0C0Y0G0Z050K0Q09040008030P0i0B0T020I0b0XTF030m0U811H
g1_RxhTHEC7b_34jYdPQaCPdOUsnwbEeKw7ael6nNJL_HI	pathagon-rules-v1	7	14	3	60	0i070K010M0B0N0V0d0E0m0F0P0O0c020Q0R0W080U0A030V0D090G0IIU0H0b2F0ZE5Yf0H3iOpAQ8CV7M5L0RES609Oa005Q2y4GFrQvWiM5QTGcR7BGE5
g1_RxsM7DzXV-5qxLGVwzyh2XQF0dfzpPdS6l8ZXbeLhPU	pathagon-rules-v1	7	14	3	83	00070G090T0N0B020G030P04080I010W0F0M0U0a0N0O0P0N0T0Q0M0L0P0M0G0H0N0b0O0V0c2h0X3R0P4N0T0S0X6U0J0e0d0Q0U7-0G0T0JH20RIK0JAZ0UQ_0i0N0D060MAH0b5i0JMP0MLM0D060iDx0S070T5w08
g1_Ry-kWyCWf_A6bAM0cZ6gD4RFAqURGroSViCt77_dWsA	pathagon-rules-v1	7	14	3	44	0A030H0O0V0U0O0N0G090T0M0U0G0F080G0M0N0F020109020c0b0a0B0b040I0P0W0I0d00SR05NB0C5h0JAq4p
g1_RyKZn9k3OEqSby46sUilZwIJEVhGS9t2n5yeyQhsPPs	pathagon-rules-v1	7	14	3	92	0i0h0D0I0X0K0Y0M0O0l0m0E0V010f0W030C0T0Q0U0e07050S0k0P020R0NJI0ANXIK0OYOSAaJBHEqLSGcMSYu6l0G0K0F0e0h1H0kNw8V0TAF0XBbQC03G5CNJN0K8YEiVkGXcB4J0O5q6U0BP40iUKNsUmaE0U1eST01K9DBRN7kWf2S0Y1g
g1_RygXAhMw5ie9_esfTvkbPzW2_ZitZuKR223PjQNSgIA	pathagon-rules-v1	7	14	3	55	0Y080S0J0a0m0f0U0Q0R050B0b0O0M0D07040Z0E0F0e0g0k020I0P0dTd9T4l06Cd0G0bV5RY0NSTbs0OAwKiD6MvNy2U0F6ONG0YFp0U0OKH
g1_RyhO5fiyjOx51zGyovcDDS3jqtgcf_sgc_bUwm4-O4g	pathagon-rules-v1	7	14	3	31	0h010002070M0R0S0V0j0i0H0K0B0D0I060e0b0c0Y0d0W0O0k0V0d0X0f0A0e
g1_Ryog5CF0Lk_spr55ITuqlKE2Fz8VY3Iu3rQF2zoPMTk	pathagon-rules-v1	7	14	3	20	0m060I040d000k010a02070E0b03050C0c0B090D
g1_Ryw_RhIDsOZT6rju3rbNtBNpGekwCFd1ca9wvuup8AM	pathagon-rules-v1	7	14	3	70	0g0O0a030m040U0A0j0B000d0k0h080f0E0R0T090l0C0V070b020J0N0D6NNcAMBbCLbpIk1E2d5iWHN6JWP60FBDIEHM0CaL017b0SII0FFK9VZS0LOm02FA0FD88hb6GS0T1uW6A3
g1_RyxGGWqMM8Fwvq5WUHh52kaNynLN-n_b_yE3pnZul8s	pathagon-rules-v1	7	14	3	47	0F080T0M070F0H0E0L0S0E0G0N0U0c090a0A0T0M0N0b0M0O0V0H0U0Z0C0a0Q0B0J0I0P0W0O0P0dSm0KMQ0SLm00BS0j
g1_RyxIjbFlxzrsRcrA3bWyJY-0KM6wv2AEm49ZCe2atrs	pathagon-rules-v1	7	14	3	95	0N0R0U0l0J0F0X0g0b0I0D0f0Q0k000h040j0E0V0H0W0L06070d0P0CBp0aAmY8H4aAOCbJTFWuKb0lKm0P80MV41Ui0803QcbS0eEm0haa019m0QKRLQYxBv0YI8Sk0LBQ0QM7EA0cFjU90KRC7V0FIt0aJN0CUJCkVn0dOsONGkAjJtYE0W0C2D0G2t
g1_Rz-PCb8DCL-TF7-ChW0jUrGWjjrdCibj0CmNIcZUz6c	pathagon-rules-v1	7	14	3	43	0U0T0V0c0S0b0T0a0i0j0h0b0a0Z0g0a0Z0M0L0T0N0O0P0M0O0V0I0U0W0H0G0O0H0N0F0E0d0k07080E0FXi
g1_RzAGs0s2Bw_WIZD_kotNZ5myQfRN-dQ0yVKV7e0GxGE	pathagon-rules-v1	7	14	3	19	010a0b0P0i0h0U0L0N0D080K0O0V0H0l0A0g03
g1_RzBPfbzyzIQrCpU_okXnGR84AgXqRb5JNmWJbDZTDYw	pathagon-rules-v1	7	14	3	65	0W0C0N0T020H000K0Q0c0J0h0F0f040P0X0108050i0g070Y0d0V0309V606YhXJCu7r3-64LPXy2e9h0dELQoRD0APF0JAF0hZa0H4r0V0C810JP_0WW60U0cWY0V0Y19
g1_RzGp3889l9PhnJFq3nAIoIzsTbzqJTz7RPXoFvfZs8I	pathagon-rules-v1	7	14	3	34	000E090F0a0G0I0H0A0J040I0O0N0H0P0B0O0V0c0O0U0b0W0M0V0T0N080K0F0L030M
g1_RzIGWeKvwVnv1HhWWk8ExyLcOmmFlevNyo85CeooTvY	pathagon-rules-v1	7	14	3	52	0E0m0f0M0H0k0A0G0V010a0N0I0i0Z0K0W080Q0F070B030P050S040O0Yb_Be0JWV0E8d0eOxW3EEKD6pNvRZab3iIw08Jd7y0H0k1q
g1_RzKF0YP8NcPzrcnXozsNbSksF0m_6sdrG3TDuwbrTIQ	pathagon-rules-v1	7	14	3	14	0M0i0h0g010h0j0k0l0j0e0m050l
g1_RzMfLhG5n_22AX9irFb3iyZtEOPGmB0jVgib0bqKSKU	pathagon-rules-v1	7	14	3	39	0m020G09010N0L060M0400080E0V0U0k0W0l0J030d0O0T0i0A0j0S0c050V100b080UNFaAF-TeIA
g1_RzOQ99hg-S5ar55UpE-NV68tluKjVtQuWv7Od3sktfU	pathagon-rules-v1	7	14	3	58	0B000f0Z0N0G020Y0P0R0309080D0K0M0l0m0j0d0J0b0L0k0c0M0W0T0a0e040EGcW3K9BnFU0P06Qw90XaZN0HTcEQHEF80Jc70l0hFyYS0JKfIi0a
g1_RzQ0ZvuRUpisALamVyLDTeAV7IrkKlDe1nF23DW5UU8	pathagon-rules-v1	7	14	3	196	0V0c0b0U0O0N0H0G0A090a0T0M0F0N0T0U0M080109080G02030d0W0P0I0W0B0405030C0J4i050Q0C5N1eKi2W0p5N1e4d050p5N1e013w0r5N0P2K3t388U4i2O0A040p091Y3s0B360q1c014f0B3w0A04092J1a355Q0t2J1a0B3s092M020A0o342M4e040o0905341b0A2N024d0B5P051e093w0r5OAk2P3t04015a0t4w0BAp5N3x1c010q5N2P0205GI5h0t51ApGI5hLY093w1c0J2M0B3t0A04093s4c2O5R3A0B4p0s5Q020A2M1a0QAl4c2O3x1c094d0p3r381d5Q0t3s4c2O5R3A0q1a3s0B020AG909345Q0B4g
g1_RzWHhZzPukm6rYPISBbvPVnp09zHkrCWGbFveWNHHEA	pathagon-rules-v1	7	14	3	70	0l040k0e0Z0G070Y0d0O0C0D0N0f0L0S0H0g050E0j0L0X0Z0e0W0c0P0V0U0X0A0ODW08R60m8rQMFh0bHEbHAzTS01A848GWLD0IWU0FS1Vz0G0TXA0L0b6MMKGs0L0C1yNQ0716Qx
g1_Rz_xv8oF1OumWJnkUF48hZnzzDnRSL3cW-dctQhfyhQ	pathagon-rules-v1	7	14	3	47	000U0P0Z070b010S0f0i03090W0F0e0M0Q0G0l0C0E020V0J0B0L0h0YWIZDK0FX7VDj6O0KOgRx0IIL0dJ20HaU65Yi1A
g1_RzbuDVYlX4SFWEY90nuRz_D75l1CAnOzCWFFN7iA8YA	pathagon-rules-v1	7	14	3	36	0Z060F090G0K0Q0N050a0C0j0W040U0g0D0A0X050H0P0M070J0e0R0S0G0T0l0Y0L08FhJz
g1_RziCOA3Uci0X4eM6uP_2Cxuek0zLm_6niggxo-3DNiE	pathagon-rules-v1	7	14	3	34	0i0V0C02080P0h0c0E0k0g0m0D000B090F0S0N060U0f0R0d0j0e040QLm8FX_KN0L1F
g1_RzjwXX87aQQO37pX9LF4yMfpIFPieFwuKM869r7aI5Q	pathagon-rules-v1	7	14	3	24	0B0S000L0E0C050c0407090A030B020801090E0F070M0T0D
g1_RzmNgpynfmn5Vw24t-OPyxay8rabkoKIrU-2iflb9-A	pathagon-rules-v1	7	14	3	67	0l0P0H01070U0F0Z050J0j0I0T0W0K02080L0V0Y0c000b090O0f0Q0aP10UbO06NgSkUM0cGGR30R8QYW1l9sDCVs0KX70hJSbb0lEe0N9U01BI0dHU0b2_b80k0MYA0j0A6k
g1_RzysUAW01ki9IHNskPz8PjppNTe7h0TFaBIGvnoj0z8	pathagon-rules-v1	7	14	3	83	0B060T0L0I0K0a0j0N0O0W0Y0V0M0C0Z0J0m0b0S0P040E0l080H010F07HfSpbQKZDyTo5aFl0PZCBPAE0Q1e8yPMZREc0NLo0db80173GS0IQQ0jB4P00KWZJD0cbv0YMc0G0lNLbL0lJeZk0jCB0RRO0O0PLP5s0f4f
