# p1	seed64	light	dark	winner	reason	2-char-actions
p1	1DIV-	rust-pathfinder-v0.1.0	lunatic-v0.1.0	L	P	0N0m080g020i0h0a000j070Z010b0T0k0a0F0M0E0F
p1	1DIVO	rust-pathfinder-v0.1.0	lunatic-v0.1.0	L	P	0J0K0C0I0R0Y0J0X0Q0W0e0S0X050P00060l0m0D0f0B040C05010C
p1	1DIVP	lunatic-v0.1.0	rust-pathfinder-v0.1.0	D	P	0h0H0F0S0T0U010M0T0a0V000b020Z010L0904060B0P0C0I0J030Q050O04
p1	1DIVQ	rust-pathfinder-v0.1.0	lunatic-v0.1.0	L	P	0V0m0c0j090g020h0i0E0F0G0N0F0O0G0I0U0W0A0B03040b0a0T0P0b0a000b
p1	1DIVR	lunatic-v0.1.0	rust-pathfinder-v0.1.0	D	P	0i09070E0L08000E0A0F030B0G0C020D090H0N0G010A
p1	1DIVS	rust-pathfinder-v0.1.0	lunatic-v0.1.0	L	P	0M0X010T0a080T070F09080h0g0Z0S000Z
p1	1DIVT	lunatic-v0.1.0	rust-pathfinder-v0.1.0	D	P	0j0d0c0b030c0V0H0c0O0a0Z0e0G040P0F010Q0R000E020F0Q0X0W0d0Y0W0K0f0m0R0e0Q
p1	1DIVU	rust-pathfinder-v0.1.0	lunatic-v0.1.0	L	P	0W0B0I0P0d070I08040P0B090H0O0V0G0R0O0Q0c060e0V0d0O0U0j0W0N0V0c0b0m0V0c0S0V
p1	1DIVV	lunatic-v0.1.0	rust-pathfinder-v0.1.0	D	P	0b0200070E0S0T0708010304050903080A040C030J060Q05
p1	1DIVW	rust-pathfinder-v0.1.0	lunatic-v0.1.0	D	P	0Q0Y0X0W0d0k0X0l000g0C0m0i0S0L0E070T0b0U090c030a0d0e0j0V0PC6
p1	1DIVX	lunatic-v0.1.0	rust-pathfinder-v0.1.0	D	P	060b0f0Y0R0C0D0K0B0M0J0m0l0P0X010C0k0Q0l0O0j0N0I0P0L0I0U0T0a000T020c
p1	1DIVY	rust-pathfinder-v0.1.0	lunatic-v0.1.0	L	P	0R0N060D0K0Y0D0Q0f0L0Y0m0M0l0i0d0H0Z0b0V0W0T0U0F0V0P0O070W0X030A3i0IAn0G006P0x0B5e
p1	1DIVZ	lunatic-v0.1.0	rust-pathfinder-v0.1.0	D	P	010B080Z0a0b0F0a0c0U0V0T0G0N0O0P0H0O0Q0R0I0Q
p1	1DIV_	lunatic-v0.1.0	rust-pathfinder-v0.1.0	D	P	0l0P0Q0R050Q0L00010203010A0B0C0G0H0I0O0H09040N030B0A
p1	1DIVa	rust-pathfinder-v0.1.0	lunatic-v0.1.0	L	P	0G0J090201000304010N0U0b0N0Z0A0a0P0c0i0d0b0308
p1	1DIVb	lunatic-v0.1.0	rust-pathfinder-v0.1.0	D	P	0F0S0T0U010T0V0W0X0V050Y0C0X
p1	1DIVc	rust-pathfinder-v0.1.0	lunatic-v0.1.0	L	P	000S0O0V0c0T0V0A0j070H0803090A
p1	1DIVd	lunatic-v0.1.0	rust-pathfinder-v0.1.0	D	P	0N0Z0b0a020c090W0b0U0d0V0P0O0W0k040T0B0I0J0G0j0i0N0b0j0X0H0W0h0Y
p1	1DIVe	rust-pathfinder-v0.1.0	lunatic-v0.1.0	L	P	0G0N0U020N0001080F0b080Z0i0a0b
p1	1DIVf	lunatic-v0.1.0	rust-pathfinder-v0.1.0	D	P	080Q0M0E0F0G010F030P0A0H0O090H0I0V0H0R06050J0K0D0C0B000C
p1	1DIVg	rust-pathfinder-v0.1.0	lunatic-v0.1.0	L	P	0X0M010Q0J0L0Q0C050e0l0C0I0B040e0A0N0B0O0c0P0W0U0d000j
p1	1DIVh	lunatic-v0.1.0	rust-pathfinder-v0.1.0	D	P	030a0c0H0E0A070Z000b0F0j0k0l0i0U0k0Y0m0N0W0B0C0102090G0I0O0V0J0X0O0P010O0r0Q
p1	1DIVi	rust-pathfinder-v0.1.0	lunatic-v0.1.0	D	P	0J0E0C05060Q0X0e0Q0Z000a0b0c0B0b0F0G0l0d0D0e010f
p1	1DIVj	lunatic-v0.1.0	rust-pathfinder-v0.1.0	D	P	0T0N0M0L010M0F0E0M080O090A0703020G0N0H040M0305060B05
p1	1DIVk	rust-pathfinder-v0.1.0	lunatic-v0.1.0	L	P	0N0V0U0T0X0O0R0M0Y0K0D0H0K0L060N0e0l0d0k0c0W0m0j0f
p1	1DIVl	lunatic-v0.1.0	rust-pathfinder-v0.1.0	D	P	0W0j0k0l040k0g070Z08090F0G0E02030L0A0M090B050H04060C0D0m0B0O0C6l07000E010H3O0S4e5Q0N0V0G6N0AA-Ig0J0N050P0O0G3U0B4f040A0I03GM05063N2d0N5g
p1	1DIVm	rust-pathfinder-v0.1.0	lunatic-v0.1.0	L	P	0B0l0m00040I0P0W0I0S0Q0T0f0U0Y010R
p1	1DIVn	lunatic-v0.1.0	rust-pathfinder-v0.1.0	D	P	0L08070E090F0G0H02080G0A0I090B0C040B0D0J0K06050J0Q0X000Q010R
p1	1DIVo	rust-pathfinder-v0.1.0	lunatic-v0.1.0	L	P	0A0V0O0H030E0O0F0H0G0I0N0P0W0Q0X0c0J0j0V0d0U0W
p1	1DIVp	lunatic-v0.1.0	rust-pathfinder-v0.1.0	D	P	0e090C0405060J0503020A030801000F070B0E0G0L0N0S0a0Z0g0h0i0b0h0a080j7N0c27092a013E
p1	1DIVq	rust-pathfinder-v0.1.0	lunatic-v0.1.0	L	P	0E0A020708090G0L090801090N0B0F0C080U0b0i0U0g0h0a0T000a
p1	1DIVr	lunatic-v0.1.0	rust-pathfinder-v0.1.0	D	P	0O0M030N0A0P0H0I0J0G0F0I0T09080M0O0G0Q0H0L0K01070Z0E0J0F0B020P000V0I010J
p1	1DIVs	rust-pathfinder-v0.1.0	lunatic-v0.1.0	L	P	0a0X050T0M0S0T0U0Q0J0T0F030E080G0F01020h0g090A0Z090b0L0V0a0P0i000h
p1	1DIVt	lunatic-v0.1.0	rust-pathfinder-v0.1.0	D	P	0j0d0c0b030c0V0H0c0O0a0Z0e0G040P0F010Q0R000E020F0Q0X0W0d0Y0W0K0f0m0R0e0Q
p1	1DIVu	rust-pathfinder-v0.1.0	lunatic-v0.1.0	L	P	020j0k0l0a0g0h0i0d0h0k0T0M0F0R0W0P0V0U0W0c0I0N0G090b0a0G0H0A030O0P0A080O0B0Q0b010P0E080H9Y0I3J
p1	1DIVv	lunatic-v0.1.0	rust-pathfinder-v0.1.0	D	P	0i09070E0L08000E0A0F030B0G0C020D090H0N0G010A
p1	1DIVw	rust-pathfinder-v0.1.0	lunatic-v0.1.0	L	P	0E0T0P0S0W0d0k0U0I0d0B0V0L0X0Z0W0S0g0N0G0Y0a0b0i0h07000a0b0704080109TL0a0v0R4Q0f0a
p1	1DIVx	lunatic-v0.1.0	rust-pathfinder-v0.1.0	D	P	0R0a0f0Y0X0W000X070Z020P090I0G010N0b0O0c0Q0V
p1	1DIVy	rust-pathfinder-v0.1.0	lunatic-v0.1.0	L	P	050Q0J0C0F08010M09080A0L0H0O0P0W0d0I0W0G0B020I00040k0H0N0c0j030V0U0b0m0e0f0R0e
p1	1DIVz	lunatic-v0.1.0	rust-pathfinder-v0.1.0	D	P	000K0E070809010L080E0A0J0F0G0H0F0M0N0F0I0M0G0O0H0F090T08
p1	1DIW-	rust-pathfinder-v0.1.0	lunatic-v0.1.0	L	P	0Q0H0J05060D0K0X0D0S000T010U020V030W0e0Y0X0l0d0k0m0f0d0c0b0i0j0c1M0028
p1	1DIW0	rust-pathfinder-v0.1.0	lunatic-v0.1.0	L	P	0i0Q0K0L0N020R0600010403050C07080E0F0S0A0L0Z0g0B0Z
p1	1DIW1	lunatic-v0.1.0	rust-pathfinder-v0.1.0	D	P	0K0X0Y0R0W07040A0B090I0C080B0D0J010E0F0G0M0F0Q0P000Q
p1	1DIW2	rust-pathfinder-v0.1.0	lunatic-v0.1.0	L	P	0i0f040Z0N0b0U0a0c090b0708010F00030A020B0G0509
p1	1DIW3	lunatic-v0.1.0	rust-pathfinder-v0.1.0	L	P	0k080B0W0S0I0P0d0Z0g0c0M0e000d0H040I0J0K0C05060j0i0G0J0W0Q0X0P0E5t
p1	1DIW4	rust-pathfinder-v0.1.0	lunatic-v0.1.0	L	P	0l0H0Q0J0C0X0e0J0I0X0005070S0E0T0L0U0Z0V0S0g0h0i0O0a0h0P0b0B0a
p1	1DIW5	lunatic-v0.1.0	rust-pathfinder-v0.1.0	D	P	0m0Y0S0L0E00010L0M0O08040Z030g020F0105060905
p1	1DIW6	rust-pathfinder-v0.1.0	lunatic-v0.1.0	L	P	0d0P0W0L0I0M0P04000k0j0i0m0e0O0c0j0f0N0U0V0G0c02030A0H050A
p1	1DIW7	lunatic-v0.1.0	rust-pathfinder-v0.1.0	D	P	0f0T0Y0C0D060B0504030C0402010902000L080E0A0F0708
p1	1DIW8	rust-pathfinder-v0.1.0	lunatic-v0.1.0	L	P	0S0H0L0E070F0E00010205010C0J0I0P0B08040K0W0G0P0d0k0O0d
p1	1DIW9	lunatic-v0.1.0	rust-pathfinder-v0.1.0	D	P	070i0g0L0M0N0O0E0M0K0F09000G080F0A0H0I0J030I
p1	1DIWA	rust-pathfinder-v0.1.0	lunatic-v0.1.0	L	P	050N040L0M070E080F09000T070O0A0B0G0P0a0Q0T0h0g0Z0S010Z
p1	1DIWB	lunatic-v0.1.0	rust-pathfinder-v0.1.0	D	P	0c0E0H0203040A0301000506010O0V0P090G0F07080905080B0I0J0C0B0I0D0B0Q0K0O0D
p1	1DIWC	rust-pathfinder-v0.1.0	lunatic-v0.1.0	L	P	0X0O0Q05060D0K0e0P0Z0l0a040e0C0b000c0d0W0V0k0j0W0f0Y0R0U0I0k0m0i0Y010B
p1	1DIWD	lunatic-v0.1.0	rust-pathfinder-v0.1.0	D	P	0V0e0c0d0j0b030c0Z0g0f0m0h000T0a0N0S0l0X0Z0W0L0i0Y0h0Q0k010l
p1	1DIWE	rust-pathfinder-v0.1.0	lunatic-v0.1.0	L	P	0B0U040W0V0O0H0c0M0O0C0A0V0Q0R0K0D0Y0K0T0a0N0f0L0Y0m0h0e0k0M0d0P0e
p1	1DIWF	lunatic-v0.1.0	rust-pathfinder-v0.1.0	D	P	0b0h0i0j020i0g070Z0a0S08090F0G0H0L0E0G0A0I090B0Y04030H050M0406Sj0CX_0K0D0CBo0E0C
p1	1DIWG	rust-pathfinder-v0.1.0	lunatic-v0.1.0	L	P	0I0b0e000k0406010B02030A0H0P0A090W0G0P0d0c050d
p1	1DIWH	lunatic-v0.1.0	rust-pathfinder-v0.1.0	D	P	0X0l0g00010m0Z020701030405030C060J05
p1	1DIWI	rust-pathfinder-v0.1.0	lunatic-v0.1.0	L	P	0e0i0l05060D0K000D0L0R0M0X010Q
p1	1DIWJ	lunatic-v0.1.0	rust-pathfinder-v0.1.0	D	P	0H0D0A0b0c0d030c0a0F0G0Z0E0a0e0f0I0e
p1	1DIWK	rust-pathfinder-v0.1.0	lunatic-v0.1.0	L	P	0N0002090G0U090S0T0a0W0M0O0T040V0c0j0V0b0d0k0m0e0f0X0e
p1	1DIWL	lunatic-v0.1.0	rust-pathfinder-v0.1.0	D	P	0L0R000E070M0N0E0F0b0Z0U0S0G080g0F0h0H0a0G0c0d0V0I0k0P0e0f0d0Q0Y0X0W01C0
p1	1DIWM	rust-pathfinder-v0.1.0	lunatic-v0.1.0	D	P	0N03010208000501040F0C0J0G0H0A080G0U0B0I090K0O0V0H0M0P0W0I0Q0c0T0V0j3x2q7u0L5o0Y071MAX0h0S0d4e270e3PMp0l0a0dJZ7U0OFw
p1	1DIWN	lunatic-v0.1.0	rust-pathfinder-v0.1.0	D	P	0Q0V0X070C0W0e0Y050X0T0U010S080T
p1	1DIWO	rust-pathfinder-v0.1.0	lunatic-v0.1.0	L	P	020Z0k0a0d0W0P0T0W0B0I0704080B
p1	1DIWP	lunatic-v0.1.0	rust-pathfinder-v0.1.0	D	P	0H0Z0c0203040A0301000506010F090G050E09080N070B0G0C0I090B0G0H0J0D0GD-0H0A0I0w
p1	1DIWQ	rust-pathfinder-v0.1.0	lunatic-v0.1.0	L	P	0l0C02090G07090N0H0O0V0L0c0O0A0P050M0U0Q0N0j0d000e
p1	1DIWR	lunatic-v0.1.0	rust-pathfinder-v0.1.0	D	P	080k0h0701090F080A0E030B0G020A040C0305060B05
p1	1DIWS	rust-pathfinder-v0.1.0	lunatic-v0.1.0	L	P	0W0V0U00040B0V010b020I03050B0D0P0d0C0I0A0B0P090G0R0H0J0Q0X0g0Q0h5I
p1	1DIWT	lunatic-v0.1.0	rust-pathfinder-v0.1.0	D	P	0g0i000E0F0G0H0F030A0B0C0D0B090N0R0K0J0506040X0U010T020S07Bu08Ce0W47040J
p1	1DIWU	rust-pathfinder-v0.1.0	lunatic-v0.1.0	L	P	0h04020309010002070G0605080F0D080E0L0K0R0A0H0g0J0Y0C0R0f0m0M0f
p1	1DIWV	lunatic-v0.1.0	rust-pathfinder-v0.1.0	D	P	0i0U0S0L0E0T000L0V0M0302010405090A0B0H0A0C020I06040W0X0Q0J0V0Q0Y0e0X
p1	1DIWW	rust-pathfinder-v0.1.0	lunatic-v0.1.0	L	P	020k0a0g0h0i0c0h0j0T0P0S0V070O080I0B04090B
p1	1DIWX	lunatic-v0.1.0	rust-pathfinder-v0.1.0	D	P	040S0W0I0F0T010M0N0O080N050P0C0R0Q0J0K0D000K
p1	1DIWY	rust-pathfinder-v0.1.0	lunatic-v0.1.0	L	P	0U0a0S0Z0g0b0Z0N030L0M0F0T0H0A0I010E080G0F
p1	1DIWZ	lunatic-v0.1.0	rust-pathfinder-v0.1.0	D	P	0U0102030902000L070E080F0G0804050A04060H0D0Y0J0I0C0K0R0f0J0K0QE50R0X0K500P0O0B0Q0I050P0C0N0T0S0O0JHG0L0M0P0E0N0e140Q0OR6
p1	1DIW_	lunatic-v0.1.0	rust-pathfinder-v0.1.0	D	P	0S0F0E0L0G06020304090B030P0A0I0508040H070108
p1	1DIWa	rust-pathfinder-v0.1.0	lunatic-v0.1.0	D	P	0f080m0D04070A09010B0C0J050A000I030K
p1	1DIWb	lunatic-v0.1.0	rust-pathfinder-v0.1.0	D	P	0Z0k0g070809010008020A010304090305060B05
p1	1DIWc	rust-pathfinder-v0.1.0	lunatic-v0.1.0	L	P	0D0R010M0K0Q0Y0L0R0f0m0N0f060C05000J0I0C0J0B040309040H020G08070A0v
p1	1DIWd	lunatic-v0.1.0	rust-pathfinder-v0.1.0	L	P	0H0g0j0U0V0W030V0T0A010208070F090M080B0C040D0B05060E0K0Y0D0S0X050J0i0h0N1w0Q3s003g0i0V0N1q
p1	1DIWe	rust-pathfinder-v0.1.0	lunatic-v0.1.0	D	P	0D0Y010T0W0I060E0L0S0Q0F000G070H0P0J0B0X0I0V0O0W0R0U
p1	1DIWf	lunatic-v0.1.0	rust-pathfinder-v0.1.0	D	P	0f0N0R0Y0X0W000X070S0T0U080T0V0H0O0P010O
p1	1DIWg	rust-pathfinder-v0.1.0	lunatic-v0.1.0	L	P	0G0803070A0F0H0M0O0V0N0U0P0W0c0I0V0j0m0T0b0i0U0X0g0Y020a0Z0d2t
p1	1DIWh	lunatic-v0.1.0	rust-pathfinder-v0.1.0	D	P	0J0b0e0405060C0503020A03000L070M080H090G0A090O0F
p1	1DIWi	rust-pathfinder-v0.1.0	lunatic-v0.1.0	L	P	0S0Z0b0L0U0N0G0M090N0H0O0V0P0O020i000108070E08
p1	1DIWj	lunatic-v0.1.0	rust-pathfinder-v0.1.0	D	P	0905020P0N0G0F0E0H000F010G030402060W0A050C040B070U080D0V0b0T0i0J0U0z0S0K
p1	1DIWk	rust-pathfinder-v0.1.0	lunatic-v0.1.0	L	P	0E0P020L0N070G09080U0O0V0c0M0F0V0b0H030O0E0N0S0j0L010g0Q0Z0K000401
p1	1DIWl	lunatic-v0.1.0	rust-pathfinder-v0.1.0	D	P	0N0Q020G090F0G0H0U0G0E0K00070I010O060A0i0h0H0a0g0B0h0j0k0P0J0R0I0D080K0T0S0L0CGx0E0C2Q0M7_0402030B0V090j11010I0f6e0e7g0d
p1	1DIWm	rust-pathfinder-v0.1.0	lunatic-v0.1.0	L	P	0E0S020U0B0W040T0V0O0H0c0O0X0Q0Y0e0b0I0X0j0J0c
p1	1DIWn	lunatic-v0.1.0	rust-pathfinder-v0.1.0	D	P	0P0O0N070908020A0G090B0C040D0B0I0H0O0J0H050K0C0J
p1	1DIWo	rust-pathfinder-v0.1.0	lunatic-v0.1.0	L	P	0I0O0P0Q0M0E0P040L0S0700020R030W0d0T0W0F070A0k050H060A
p1	1DIWp	lunatic-v0.1.0	rust-pathfinder-v0.1.0	D	P	0E0L0S080700090L020G0N010G030U0204050A04060B0C0J0B0K0C0D0Q080F0J0H0C
p1	1DIWq	rust-pathfinder-v0.1.0	lunatic-v0.1.0	L	P	0T0Q050M0F0L0M0N0J0C0M080107090a0G0O0h0P0a0002
p1	1DIWr	lunatic-v0.1.0	rust-pathfinder-v0.1.0	D	P	0X070C0B0A06050402050B0309010J020008
p1	1DIWs	rust-pathfinder-v0.1.0	lunatic-v0.1.0	L	P	0C05060J080E0F0G0C0F0M0H0F010Q0009020J0X09030P0W0I0A0B0O0Y0f0m0R0K0f7O087_0U0d0R0D2p9q0S0N0k0Y02AU04Cv
p1	1DIWt	lunatic-v0.1.0	rust-pathfinder-v0.1.0	D	P	0f0I0K0R0Y0J060D0E0C0007080H0L0G0S090108
p1	1DIWu	rust-pathfinder-v0.1.0	lunatic-v0.1.0	L	P	060F0E07000L070K0S0G0L0Z0g0H0Z
p1	1DIWv	lunatic-v0.1.0	rust-pathfinder-v0.1.0	D	P	020A09080G09070N000G0E0T0L0U0S0g0a0h0Z0c0a010i0j0M0i0O0V0N0F0b0d0e0f0P2A
p1	1DIWw	rust-pathfinder-v0.1.0	lunatic-v0.1.0	D	P	0f0Q0M00020103080A0H090G0F0E070F0N0T0G0U0I0O0H0M0P0W050R0Y0V0B0X
p1	1DIWx	lunatic-v0.1.0	rust-pathfinder-v0.1.0	D	P	0C02050e0d0c0f060d040b0503010B0I090A0B0P0A0O0N0U0T0S0V0c0T0M0F0H0N0E0i0L0G0U0V2R0T02070300MZ0j080ABk
p1	1DIWy	rust-pathfinder-v0.1.0	lunatic-v0.1.0	L	P	0Q0X0d0J0L0E070S0E0T0Z0U0S0g0H0a0i0V0h0W000R0b0k0a
p1	1DIWz	lunatic-v0.1.0	rust-pathfinder-v0.1.0	D	P	0N0G090F0G0H020G0E0007080I01040B0C0D0A030C0O0P050A0O02040V0K0B0J0W0I
p1	1DIX-	rust-pathfinder-v0.1.0	lunatic-v0.1.0	L	P	0F0708090008010A0E08070M0L0S0Z0B0S0g0c0a0C0D0V0T020F0b0C0U0a0T0h0i
p1	1DIX0	rust-pathfinder-v0.1.0	lunatic-v0.1.0	L	P	0k0A0007040B0I0P050B06080E09070L020F0S0C0L0Z0g0D0Z
p1	1DIX1	lunatic-v0.1.0	rust-pathfinder-v0.1.0	D	P	0G0a0b0c020b0Z0g0d0h04090B0e0I0d0f0m0l0k000l
p1	1DIX2	rust-pathfinder-v0.1.0	lunatic-v0.1.0	L	P	0Y0i040g0h0701080B0I0F0M0T080M0G000E0J0K0P090F0a0C0I0J0W0Q080R0f0m0H1Q
p1	1DIX3	lunatic-v0.1.0	rust-pathfinder-v0.1.0	L	P	0P0A0B0C040B0I0D0B0V09000W0X0d0W0U0Q0R0K0Y0H0G0Q020J0N030c0i0j0T0O0k0V0j0d063205029-043G8I
p1	1DIX4	rust-pathfinder-v0.1.0	lunatic-v0.1.0	L	P	0g0V010S020T0Z0U0L0W0S0E070F0E0008
p1	1DIX5	lunatic-v0.1.0	rust-pathfinder-v0.1.0	D	P	0W0g0k0d0c0B0e0A0C0D05020C060I040J05010308000901
p1	1DIX6	rust-pathfinder-v0.1.0	lunatic-v0.1.0	D	P	0C040506010205000I0L0P0W080M0B0N0O0V0F0H0J0X0O0Y0T0U0E0M
p1	1DIX7	lunatic-v0.1.0	rust-pathfinder-v0.1.0	D	P	0D0N0R0K0J0I000J070S080T030O010H020M
p1	1DIX8	rust-pathfinder-v0.1.0	lunatic-v0.1.0	L	P	0F0K0801000M0T0a0M0Z0h0b0a070E0207
p1	1DIX9	lunatic-v0.1.0	rust-pathfinder-v0.1.0	D	P	0Y0M0R0C0D060B0504030C0402010902000L080F0708
p1	1DIXA	rust-pathfinder-v0.1.0	lunatic-v0.1.0	L	P	0I0O0P0Q0M0E0P040L0S0700020R030W0d0T0W0F070A0k050H060A
p1	1DIXB	lunatic-v0.1.0	rust-pathfinder-v0.1.0	D	P	0T0P0M070809010G080F0A0O0E0L0Q000E0S050R0C0Q0Z0N020M
p1	1DIXC	rust-pathfinder-v0.1.0	lunatic-v0.1.0	L	P	0T00020109030502060G0D0K0R040K0Y0B0I0f0B0Y0m0X0e0d0g0e0h0k
p1	1DIXD	lunatic-v0.1.0	rust-pathfinder-v0.1.0	D	P	0D0a0f0Y0R0K0J0I050J0E0P0L0g00070208090O0G0U010F0M0H030G
p1	1DIXE	rust-pathfinder-v0.1.0	lunatic-v0.1.0	L	P	0U0H0K0005010C020E030R0Y0J0Q0I0P0W0A0P0d0k0O0d
p1	1DIXF	lunatic-v0.1.0	rust-pathfinder-v0.1.0	D	P	0m0506040D0X0Y0f0W0e0d0X0B0c0C0k0b0U0d0j0N0I0i0h0l0g020P090i0O0c0Q0d
p1	1DIXG	rust-pathfinder-v0.1.0	lunatic-v0.1.0	D	P	0L0K0E0004010B0I0H0G0J0Q0C0H020803090A0P0O0N0D0H0X060Q0R0O0Q0H0V0I0e0Z0U0g5t
p1	1DIXH	lunatic-v0.1.0	rust-pathfinder-v0.1.0	D	P	0P0H0I0J040I0B0A090I0G0A020F0N0G0E0300070K0Y060R080M0L010Q0X020Q08010308
p1	1DIXI	rust-pathfinder-v0.1.0	lunatic-v0.1.0	L	P	050j0C0l0k0d0W0E0d0F0J0G0P000I
p1	1DIXJ	lunatic-v0.1.0	rust-pathfinder-v0.1.0	D	P	0L0M0N00020G09010G030U0204050A04060B0C0J0B0K0C0D0Q07080J0E0C
p1	1DIXK	rust-pathfinder-v0.1.0	lunatic-v0.1.0	L	P	0T0h0i0j0a0g0i0100070b020E0307040L050M
p1	1DIXL	lunatic-v0.1.0	rust-pathfinder-v0.1.0	D	P	0L0k0g0S0Z06000S0T0507010E0M0F0a0b04020a0h0U0N0T0U0M0G0O0a0N0H0J2o090O0G0q020A03
p1	1DIXM	rust-pathfinder-v0.1.0	lunatic-v0.1.0	D	P	0c0E0h0F0C0G08010J0Q0203050H0X0I0A0K020J
p1	1DIXN	lunatic-v0.1.0	rust-pathfinder-v0.1.0	D	P	0B0N0P0O040Q0I0J0K03020L0P060R030W050A040d010902000E080F0708
p1	1DIXO	rust-pathfinder-v0.1.0	lunatic-v0.1.0	L	P	0R0T0S0004010B0I0E020K03050A0C0Y0Q0X0J0P0f0H0Y0m060e0d0W4T0k0l
p1	1DIXP	lunatic-v0.1.0	rust-pathfinder-v0.1.0	D	P	0a0R0M0S0T0U010T030V040W050Q000P
p1	1DIXQ	rust-pathfinder-v0.1.0	lunatic-v0.1.0	L	P	0a0902080G07090A0F0M090N0F0L0U0O0N0g0b0h0i
p1	1DIXR	lunatic-v0.1.0	rust-pathfinder-v0.1.0	D	P	03050A0M0O040H020V0301000801060B0C0J0B0K0C0D0Q07090J0E0C
p1	1DIXS	rust-pathfinder-v0.1.0	lunatic-v0.1.0	L	P	0I0S0P0W0d0T0W04060k0G0U050V0X0c0b0i0j0C0H000c010J020C
p1	1DIXT	lunatic-v0.1.0	rust-pathfinder-v0.1.0	D	P	0l0R0Q0P050Q0L00010203010A0B0C0G0H0I0O0H09040N030B0A
p1	1DIXU	rust-pathfinder-v0.1.0	lunatic-v0.1.0	L	P	080Y010T0M0F0V0E0c0G040H0M0I0B0F0j0Q09020O000A010H
p1	1DIXV	lunatic-v0.1.0	rust-pathfinder-v0.1.0	D	P	0d0O0P0Q040P0L070R0D080E0F0S010K0M090T08030H0J0I000A0J0C02AG
p1	1DIXW	rust-pathfinder-v0.1.0	lunatic-v0.1.0	L	P	0V0Y0c030201040502090G00090j0H0g0L0h0i0O0A0N0b0P0U080N
p1	1DIXX	lunatic-v0.1.0	rust-pathfinder-v0.1.0	D	P	0f0P0R0Y0X0W000X070S0T08090U080T0V0b0A0j0H0c0d0O010N
p1	1DIXY	rust-pathfinder-v0.1.0	lunatic-v0.1.0	L	P	0A0S010T070V0U0N0G0b0N0W0i0X0a0h0b0j0H0i0c0d0e0l0k03020d0e090B0d0Q0f0F0Z9Y0B0e0X040dEQ08290X010J08
p1	1DIXZ	lunatic-v0.1.0	rust-pathfinder-v0.1.0	D	P	0d02040I0E030007080P0L0105090C080J0K0Q0J0O0A060B
p1	1DIX_	lunatic-v0.1.0	rust-pathfinder-v0.1.0	D	P	010C080Z0a0b0F0a0c0U0V0T0G0N0O0P0H0O0Q0R0I0Q
p1	1DIXa	rust-pathfinder-v0.1.0	lunatic-v0.1.0	D	P	0A0403020001030H070E0L0F0E0S0Z0g0S0h0k0b0e0U0O0V0a0H0c0T0O0W0V0H0b0i060G1800Bg0I050E09040G3u0dBf5xCO0BD-0H76H18V06Ek
p1	1DIXb	lunatic-v0.1.0	rust-pathfinder-v0.1.0	D	P	060E0K0D0C0B010C08000F070M090A08030I0G0N0O0H0G0N020G
p1	1DIXc	rust-pathfinder-v0.1.0	lunatic-v0.1.0	L	P	0B0C040A08000B0I0P0W0I0S0d0T0W0k0f0U0e0V0l
p1	1DIXd	lunatic-v0.1.0	rust-pathfinder-v0.1.0	D	P	0W0J0I0H040I0E0B000708090K08060D0C05010C0F0N080O0A0U0L0M0T0S0Z090S08020A
p1	1DIXe	rust-pathfinder-v0.1.0	lunatic-v0.1.0	L	P	0X0Y0e0W0R0K0X0J0Q0I0C0E0J050P00060l0m0D0G0B0O010C0f0d0k0W0c0b02030AD50cKLBa3L030I3T0VR50UB10D0a0K110Y0N0f
p1	1DIXf	lunatic-v0.1.0	rust-pathfinder-v0.1.0	D	P	0E0U0S0L0M0N000M03060A0V0W0O0P0Q0B0R0P0X0I0W
p1	1DIXg	rust-pathfinder-v0.1.0	lunatic-v0.1.0	L	P	0B0d0W0P040L0I0M000N0H0O0V0Q0O0c0j0R0c
p1	1DIXh	lunatic-v0.1.0	rust-pathfinder-v0.1.0	D	P	0a0c010008020F010304090305060A05
p1	1DIXi	rust-pathfinder-v0.1.0	lunatic-v0.1.0	L	P	0c0W0V0U0j0V0O0S0V03040506000D0102090J080C0A0I040H
p1	1DIXj	lunatic-v0.1.0	rust-pathfinder-v0.1.0	D	P	0Z0L0M0N0O0M030P0A0O0Q0R050Q
p1	1DIXk	rust-pathfinder-v0.1.0	lunatic-v0.1.0	L	P	0e0C030A0H070A0O000L0I0M0N0P0W0Q0B0P0R0d0f0D0U0b0i0G050J090bV_0G0r020j003Z014-
p1	1DIXl	lunatic-v0.1.0	rust-pathfinder-v0.1.0	D	P	070a0Z0H0b0L0200090K0G010I030N0204050A04060C080D
p1	1DIXm	rust-pathfinder-v0.1.0	lunatic-v0.1.0	L	P	0e08010C0F07080905080J0M060C0D0Q0K0R0Y0A0R0g0f0h0l
p1	1DIXn	lunatic-v0.1.0	rust-pathfinder-v0.1.0	D	P	000H0E070809010L080E0A0O0F0G0M0F030I0J0K050J
p1	1DIXo	rust-pathfinder-v0.1.0	lunatic-v0.1.0	L	P	0T09060708010C0F0D080J0Q050A0X0B0Q0e0l0I0e
p1	1DIXp	lunatic-v0.1.0	rust-pathfinder-v0.1.0	D	P	0O0k0j0i030j0g0S0l0T050D0C0A0H0m0J0l0A0a000b
p1	1DIXq	rust-pathfinder-v0.1.0	lunatic-v0.1.0	L	P	04060B0I0P0W0I0S0U0L0O0T0V0X0d0a0c0b0j
p1	1DIXr	lunatic-v0.1.0	rust-pathfinder-v0.1.0	D	P	0K0X0Y0R0W07040A0B090I0C080B0D0J010E0F0G0M0F0Q0P000Q
p1	1DIXs	rust-pathfinder-v0.1.0	lunatic-v0.1.0	L	P	070b0U0N040L0M0Z0T0a0h0F0a0E000G080H0F
p1	1DIXt	lunatic-v0.1.0	rust-pathfinder-v0.1.0	D	P	010i0h0g080h0j0F0M0k0F0j0l0m050l
p1	1DIXu	rust-pathfinder-v0.1.0	lunatic-v0.1.0	L	P	0d0L0K0M0W0P0I0N0B0P0O040H0V0E0X0S0U0L07000Z0g070T0a0c080F010V0W0Y0k0V021K039C0B07
p1	1DIXv	lunatic-v0.1.0	rust-pathfinder-v0.1.0	D	P	0M0j0h0L010N080M0P000403020E0B0I0H030J0g0W0k0l0m0I0l0T0i0F0h
p1	1DIXw	rust-pathfinder-v0.1.0	lunatic-v0.1.0	D	P	0V0C020709080A0H0403010A05090B0I060D0F0J0G080M09
p1	1DIXx	lunatic-v0.1.0	rust-pathfinder-v0.1.0	D	P	040J0I0H0B0I0P0A090I0G0A020F0N0G0E0300070K0Y060R080M0L010Q0X020Q08010308
p1	1DIXy	rust-pathfinder-v0.1.0	lunatic-v0.1.0	L	P	0l0e0X05010203040002070E060D0F0G0L030E0S0A0H0B0I0Z090S0g080a0b0C0a0O0h
p1	1DIXz	lunatic-v0.1.0	rust-pathfinder-v0.1.0	D	P	0b0P0N0M0L0U0S070809010g080h0A0i0j0R0b0k090j0l0m0G0l
p1	1DIY-	rust-pathfinder-v0.1.0	lunatic-v0.1.0	L	P	010L050M020N040O070P0E0Q0S0R0L0Z0g0T0Z0008
p1	1DIY0	rust-pathfinder-v0.1.0	lunatic-v0.1.0	L	P	090f020b0Y0R0G0Z0g0a0S0c0Z0L0E0M0L0F070H00
p1	1DIY1	lunatic-v0.1.0	rust-pathfinder-v0.1.0	D	P	010T0S050U0708090E02000L030F0G02070M0N0O0F080N0F0P040A03060Y0C0J0B0K0C0D0Q0I0J0B0H0C
p1	1DIY2	rust-pathfinder-v0.1.0	lunatic-v0.1.0	L	P	0X0a080e0l0Z0e05000E060F010G0M0H0Q0F070T0D0I0K020J
p1	1DIY3	lunatic-v0.1.0	rust-pathfinder-v0.1.0	D	P	080N0M0L010M0O0P0Q0O050R0C0Q
p1	1DIY4	rust-pathfinder-v0.1.0	lunatic-v0.1.0	L	P	0U0A0107080906080D0K0R0B0K0Y0X0W0F0X0f080Y0M0m
p1	1DIY5	lunatic-v0.1.0	rust-pathfinder-v0.1.0	D	P	010J0F0807000902030108040A0305060B05
p1	1DIY6	rust-pathfinder-v0.1.0	lunatic-v0.1.0	L	P	0g0T0W000901040B03080A0C0G0N050D0H0F0P0d0k0M0d020I
p1	1DIY7	lunatic-v0.1.0	rust-pathfinder-v0.1.0	D	P	0g0Y0S0Z0a0b000a030U0V0W0X0P0V0T0A0W0H0X0V0O0N0G0F0N
p1	1DIY8	rust-pathfinder-v0.1.0	lunatic-v0.1.0	L	P	0H020400030A0C0O0B010H090A0G0I0P0J0Q0W0N0P0d0k0V0d
p1	1DIY9	lunatic-v0.1.0	rust-pathfinder-v0.1.0	D	P	0F07080901080A0B0C0D0A0C03020H040O03
p1	1DIYA	rust-pathfinder-v0.1.0	lunatic-v0.1.0	L	P	030L0A0O0H0M0V0N0G090B0O0I0c0Q0P0W0d0P0e0k0V0d
p1	1DIYB	lunatic-v0.1.0	rust-pathfinder-v0.1.0	D	P	0e0V0X0C0B0D040W0I0A0J0Q0B0Y090J0K0P060U0D0X0S0J0002070g0E0C0L0h0T0b0o0a
p1	1DIYC	rust-pathfinder-v0.1.0	lunatic-v0.1.0	L	P	0b0f0i020100030401080F0308050G0N0U060N
p1	1DIYD	lunatic-v0.1.0	rust-pathfinder-v0.1.0	D	P	0R0C0D0K0B0J0I0H040A0903020A0I000G030N0i0h0g0j0h0b0k0U0j0l0m0c0l
p1	1DIYE	rust-pathfinder-v0.1.0	lunatic-v0.1.0	L	P	0e0306000l0102080D090K0A0R0B0X040Q
p1	1DIYF	lunatic-v0.1.0	rust-pathfinder-v0.1.0	D	P	0l0K0J0I050J0E00010H07020801030A090G0409
p1	1DIYG	rust-pathfinder-v0.1.0	lunatic-v0.1.0	L	P	0k0N0R00030102080A090B0I0P0W0I0G0d0O0W
p1	1DIYH	lunatic-v0.1.0	rust-pathfinder-v0.1.0	L	P	0C0L0Q0J0I0B040H0K0R0I0D0G0B090A0C0Y0X00050P0J0Q0I060W0B0P080C010d0O0k0P020c0I0e0P0B0N0X0C9L0d
p1	1DIYI	rust-pathfinder-v0.1.0	lunatic-v0.1.0	L	P	0T0W0B0100070E02070L0S0M0L0a0Z0g0b0h0U0i0l0c0d0k0j0c0k0a0Q0X0b0Y030a0e040X0I030J0y0K3H1x6Z0VB22W9I0T0D
p1	1DIYJ	lunatic-v0.1.0	rust-pathfinder-v0.1.0	D	P	0G0e0b08090A020907000B0H0I01040C0H0O0B0H0D0V0P0C0N0B060O0J050K0L0W0U0c9v0B0E0c7J0X0P320Q3t0e040C0X0k0J03050m020l2_1S0QKc0P0g
p1	1DIYK	rust-pathfinder-v0.1.0	lunatic-v0.1.0	L	P	0G000902010N0U0b0N0Z050a0i0c0b08070E08
p1	1DIYL	lunatic-v0.1.0	rust-pathfinder-v0.1.0	D	P	030K0H0A0700010S0T0209010B0405030A060C05
p1	1DIYM	rust-pathfinder-v0.1.0	lunatic-v0.1.0	L	P	090h0g00020G0N0U0G0S080T010V0b0W0U0i0c0j0a0Z0c0d0e030f0d0Q0OUG0I0H0O7I0XEO0J0d0l0k
p1	1DIYN	lunatic-v0.1.0	rust-pathfinder-v0.1.0	D	P	0J0P0Q0R050Q0X0K0Q0C0O0B0A090D060A0H080D0F0G0M0E0I0P0F070Q0001020T0901080A030H04
p1	1DIYO	rust-pathfinder-v0.1.0	lunatic-v0.1.0	L	P	090Q0G0N0U0L0N02000b0i010b030F070E0407
p1	1DIYP	lunatic-v0.1.0	rust-pathfinder-v0.1.0	D	P	080J0F0Z0a0b010a0c0U0V0S0T0h0j0d0M0c0e0f0U0e
p1	1DIYQ	rust-pathfinder-v0.1.0	lunatic-v0.1.0	L	P	0U0d0B0b0i0Z0b02040E000F0I0G0O010H030N
p1	1DIYR	lunatic-v0.1.0	rust-pathfinder-v0.1.0	D	P	0d0l0k0j040k0g070Z010200080309020A050B04060H0D0C0J0m0A0L0O0E0FAH0R0C0I6Y0P0T7C1M5N1p0G010t1g7h0M5N2n1a3g
p1	1DIYS	rust-pathfinder-v0.1.0	lunatic-v0.1.0	L	P	0C0B050D0K0R0C0Q000L0J0P0X0M0Q0e0l0N0e
p1	1DIYT	lunatic-v0.1.0	rust-pathfinder-v0.1.0	D	P	0S03000E0F0G0I0F040B020H0C0D0A030C050A0O04060P090N0B010A0C030704
p1	1DIYU	rust-pathfinder-v0.1.0	lunatic-v0.1.0	L	P	0R0A010709080F09080M040B000C0G0N030L0G0H0I0D0H0J0O0P060O0T0A0M0B0a0h0g0Z0S021K
p1	1DIYV	lunatic-v0.1.0	rust-pathfinder-v0.1.0	D	P	050d0e0f0C0e0Z0g0h0A0S0i000h070c010b
p1	1DIYW	rust-pathfinder-v0.1.0	lunatic-v0.1.0	L	P	0D0Q0M000h01060K0A020R0Y0K030f0H0Y0m0A0e0d040e0Z0k
p1	1DIYX	lunatic-v0.1.0	rust-pathfinder-v0.1.0	D	P	060H0K0D0C0B0005040I0E0C070Z0L0S0T0U0M0T0a0V0T0b0h0a0O0A0c090V0W0X024C0d0j0c5t2i060W5n0Y0P8B
p1	1DIYY	rust-pathfinder-v0.1.0	lunatic-v0.1.0	L	P	0d0506000D0K0R0Y0K0S0f0T0Y0m0e0U0k
p1	1DIYZ	lunatic-v0.1.0	rust-pathfinder-v0.1.0	D	P	0K0d0f0Y0R0e060Y0X0W000X070M0E0N0L0g0S0h0T0i0F0c010b
p1	1DIY_	lunatic-v0.1.0	rust-pathfinder-v0.1.0	D	P	0S06000E0F0G0H0F030A0B0C09080B090D0L0O050V0C040B
p1	1DIYa	rust-pathfinder-v0.1.0	lunatic-v0.1.0	L	P	030e050c0d0W0P0k0U0W0a0I0b0E020G0F0708090h08010H080M0T0J0M
p1	1DIYb	lunatic-v0.1.0	rust-pathfinder-v0.1.0	D	P	0f0M0R0Y0X0S050B0C0W0A0X0V0U030V0T0a000T
p1	1DIYc	rust-pathfinder-v0.1.0	lunatic-v0.1.0	L	P	0h0Y0N0S0U020b0001080A030F0H08040G050a
p1	1DIYd	lunatic-v0.1.0	rust-pathfinder-v0.1.0	D	P	0L0J0E08070009010203080204050A04060C0D0K
p1	1DIYe	rust-pathfinder-v0.1.0	lunatic-v0.1.0	L	P	030g050h0J0l000i0j0k0m0f0Y0e0f0Q0X0C0Q070B0A0D0602040K0905010C
p1	1DIYf	lunatic-v0.1.0	rust-pathfinder-v0.1.0	L	P	0h0100070E0N020F0G0U070g0F0O0M0H0I0V0T0Z0a
p1	1DIYg	rust-pathfinder-v0.1.0	lunatic-v0.1.0	L	P	0g0V010S020T0Z0U0L0W0S0E070F0E0008
p1	1DIYh	lunatic-v0.1.0	rust-pathfinder-v0.1.0	D	P	000S0T0U0V0M0T0N0F0U0O0P0T0M0O060Q0I0H0L0J0G030B0A090c0A05040C05
p1	1DIYi	rust-pathfinder-v0.1.0	lunatic-v0.1.0	L	P	0b0e0i0201000304010806030D0K0E0C0R0Y0K0Q0G0J0F050I08070J090H080N0U0A5k
p1	1DIYj	lunatic-v0.1.0	rust-pathfinder-v0.1.0	D	P	0m0C0D060B0504030C04000L070M020N0A0H090A010G
p1	1DIYk	rust-pathfinder-v0.1.0	lunatic-v0.1.0	L	P	0W0805070C090J0A0Q0H0X0O0e0l0m0f0Y000f
p1	1DIYl	lunatic-v0.1.0	rust-pathfinder-v0.1.0	D	P	0K070D0X0Y0R0W0Q0P0O040B0I0P0M0N010L080M
p1	1DIYm	rust-pathfinder-v0.1.0	lunatic-v0.1.0	L	P	070l000g0b0h0m0e0f0Y0R0X0Y0K0D0J0K060I05010C0B0J0C0H04
p1	1DIYn	lunatic-v0.1.0	rust-pathfinder-v0.1.0	D	P	0D0F0K0X0Y0R0W0Q040E0B03020k0I0P0O0N0H0M0O030V080c0j0i0h0b0i0g002tJ_0Z1A043S
p1	1DIYo	rust-pathfinder-v0.1.0	lunatic-v0.1.0	L	P	0S0P080L0E0M0L0Z0g000F010Z02050A0703060B0I0C0D0K0R0J0K0Q4v0H6O0O7A
p1	1DIYp	lunatic-v0.1.0	rust-pathfinder-v0.1.0	D	P	0l0e0X0f0e0d050e0Z0V0S0g0h0Y0L0i000h070c010b
p1	1DIYq	rust-pathfinder-v0.1.0	lunatic-v0.1.0	L	P	0i0V0Y000401030205090B0I0C0A0P0H0R0I0K0W0O0f0m0P0f0N0D
p1	1DIYr	lunatic-v0.1.0	rust-pathfinder-v0.1.0	D	P	0V0X030W0A0U0H0T0V0O0N0M0P0Q000L060R0N0G0F0c010V
p1	1DIYs	rust-pathfinder-v0.1.0	lunatic-v0.1.0	L	P	080S0P0T0W0d0k0U0I0d0B0V0a0X0M0W0T0F0b010i0N0O0H0J0N0O0E0N040U000C059I0DAH02Hq
p1	1DIYt	lunatic-v0.1.0	rust-pathfinder-v0.1.0	D	P	0c0Y0V090A0B030U0T02010A0H0N0A0O080U0C020P090j0i0h000I0Q010b0P0d0R0W0f0V0Y0m2H0k0Q0l350S0F0T
p1	1DIYu	rust-pathfinder-v0.1.0	lunatic-v0.1.0	L	P	0b0100020h07060D08090g080E0A070L0S0B0L0Z0a0T0M030T
p1	1DIYv	lunatic-v0.1.0	rust-pathfinder-v0.1.0	D	P	0f0L0R0Y0X0W010X0802030405090A0M0H0N0O0P0V0O
p1	1DIYw	rust-pathfinder-v0.1.0	lunatic-v0.1.0	L	P	030b000Z0g0c0S070Z080G09020A090F0E0L0N070T010M
p1	1DIYx	lunatic-v0.1.0	rust-pathfinder-v0.1.0	D	P	0V06030G0H0I0A0F0H0O0J0P0N0M0Q04050R0N0I090c0H0V0L0G0Q0I0C0K0X0J0E0Z0a0b000a
p1	1DIYy	rust-pathfinder-v0.1.0	lunatic-v0.1.0	L	P	0c0804070B090C0A0J0Q030H060I0X0K0P0J0Q0I0J0W0V0P0O0W0P0U0I0V0E0Y0O0L0R0V0X0j0e0l0k0d0c003h
p1	1DIYz	lunatic-v0.1.0	rust-pathfinder-v0.1.0	D	P	0S0R0L070809010g080h0A0i0j0b0c0O0a0k0E0j000e050f020d
p1	1DIZ-	rust-pathfinder-v0.1.0	lunatic-v0.1.0	L	P	010C080F0M0T0F0S0N0U0b0V0U0i0g0a0Z0h0a
p1	1DIZ0	rust-pathfinder-v0.1.0	lunatic-v0.1.0	L	P	0b0S0U020100030401080F03080i0506070E050G090F0M0H0F0g0h0a0T070a
p1	1DIZ1	lunatic-v0.1.0	rust-pathfinder-v0.1.0	D	P	0K0l0m000k0R0Y0f040l0d0j0e0D060X0k050W0l0e0k0B0X0i0e0c0h0I0i0g0V0a0O0W0N0U0D0G0S0N0T0P0a
p1	1DIZ2	rust-pathfinder-v0.1.0	lunatic-v0.1.0	L	P	0P0c0V0O0J0Q0X0e0Q0Z0l0a0e05060D0K000D
p1	1DIZ3	lunatic-v0.1.0	rust-pathfinder-v0.1.0	L	P	0h0100070E0N020F0G0U070g0F0O0M0H0I0V0T0Z0a
p1	1DIZ4	rust-pathfinder-v0.1.0	lunatic-v0.1.0	D	P	0M0g0i0002090G0U0N0T0b0F0H0U0O0V0c0S0M0V090j0Y0h0P0i0X0k0f0m0l0e0d0W0I0e0b0Q0R0U0c0JLW1G0K0Q4G0CbHAi
p1	1DIZ5	lunatic-v0.1.0	rust-pathfinder-v0.1.0	D	P	060f0Z0S0L08070E090F0G0H02080G0A0I090B01000d040C0H030B0O0D0H0J0G0Q0P0W0j0k0P1O0R0i0Q
p1	1DIZ6	rust-pathfinder-v0.1.0	lunatic-v0.1.0	L	P	0W0705080C090J0A0Q0H0X0O0e0l0m0f0Y000f
p1	1DIZ7	lunatic-v0.1.0	rust-pathfinder-v0.1.0	L	P	0P0Z0d0c0b060403020W0U0V0N0T0X0U0B030I0O0k0Y0Q0A0X0C0e080B
p1	1DIZ8	rust-pathfinder-v0.1.0	lunatic-v0.1.0	L	P	0Z0Q0g0L0S0M0E0N0L07000807
p1	1DIZ9	lunatic-v0.1.0	rust-pathfinder-v0.1.0	D	P	0F0f0a000108090702060G0A0M09040I050J0K0D0C0B030C
p1	1DIZA	rust-pathfinder-v0.1.0	lunatic-v0.1.0	L	P	0e010l0504030200060D0C0B0Z090G080K090D0N0R0A0X040Q
p1	1DIZB	lunatic-v0.1.0	rust-pathfinder-v0.1.0	D	P	0D0h0m0R0L0S0Z06000g070V0E0b04050B0W0C0X010U020Q030a
p1	1DIZC	rust-pathfinder-v0.1.0	lunatic-v0.1.0	D	P	020Q0K0L090N0M0F080T0F0O0G0P0R0Y0B0S0a0U0T0h0b0i0g0Z0b0c01008O090D0u0G081pG_010L0d0M236e008B
p1	1DIZD	lunatic-v0.1.0	rust-pathfinder-v0.1.0	D	P	050C0J0D0C0B0Q0C07000102030401030E0Z0L0S0T0U080T0N0G0M0F0N0M090V0b0G0A0w
p1	1DIZE	rust-pathfinder-v0.1.0	lunatic-v0.1.0	L	P	0O0E010F0H0A0308020A090G0N0M0G0T0V0c0j0U0c
p1	1DIZF	lunatic-v0.1.0	rust-pathfinder-v0.1.0	L	P	0d0h0k0A0B0C040O0B0I0P0L0N0l090M0D0j0i020k0E0g0j0I0V0k0W0X0K0R030m00840Y0f050Y06Ao
p1	1DIZG	rust-pathfinder-v0.1.0	lunatic-v0.1.0	D	P	0Q0P0J0R010L0Q0X0H0M0N0O0V0N050O0F08030A040c0F0W080Y
p1	1DIZH	lunatic-v0.1.0	rust-pathfinder-v0.1.0	D	P	030Y0V02010W0X090A0B0H0A08070C0D08020G000C01050I0J0K0Q0I0e0J
p1	1DIZI	rust-pathfinder-v0.1.0	lunatic-v0.1.0	L	P	0a0A03080H070A0O0G0F0V0M0N0O0c0N0U0P0N0j0b0g0h
p1	1DIZJ	lunatic-v0.1.0	rust-pathfinder-v0.1.0	D	P	0Y03060K0E0J00070809010F0G0N080I0A0H0L0G0S090F08
p1	1DIZK	rust-pathfinder-v0.1.0	lunatic-v0.1.0	L	P	0M0S0T0U0Z0g0T0h000i0l0X0e0V0J0W0Q0Y0X0C050B0C
p1	1DIZL	lunatic-v0.1.0	rust-pathfinder-v0.1.0	D	P	0B0k0g0F0E040G0S0203090T0U0L0N000a0M0Z0105020A060C05
p1	1DIZM	rust-pathfinder-v0.1.0	lunatic-v0.1.0	L	P	060N030L0M070E080F09020A0G0T090O0a0P0T0h0g0Z0S000Z
p1	1DIZN	lunatic-v0.1.0	rust-pathfinder-v0.1.0	D	P	01080F0708090M080A0B0C0D0A050C0E030B0G020A040C03060K0B0J000C
p1	1DIZO	rust-pathfinder-v0.1.0	lunatic-v0.1.0	L	P	0S0R0L0005010B020C030A0H040A0K0D0J0Q0I0P0X0O0Q0e0l0W0e
p1	1DIZP	lunatic-v0.1.0	rust-pathfinder-v0.1.0	D	P	0X0i0l0e0d0P0f0k0j0K0h0J010L0M0I0F0908070T08030H000A
p1	1DIZQ	rust-pathfinder-v0.1.0	lunatic-v0.1.0	L	P	0Z0N060L0M070D0K0R0Y0K0X0f0S0Y0g0m
p1	1DIZR	lunatic-v0.1.0	rust-pathfinder-v0.1.0	D	P	0I06040B070001050E0A0L020C010H030804
p1	1DIZS	rust-pathfinder-v0.1.0	lunatic-v0.1.0	L	P	0Z0A0g07080900080E0L070F0S0B0L
p1	1DIZT	lunatic-v0.1.0	rust-pathfinder-v0.1.0	D	P	0H0Z0c0203040A0301000506010F090G050E09080N070B0G0C0I090B0G0H0J0D0GD-0H0A0I0w
p1	1DIZU	rust-pathfinder-v0.1.0	lunatic-v0.1.0	L	P	0P030405010204000B0I0W010k0d0O0A090G0H0A090Z0A0a0Q0b0c0V0U0N0e060d
p1	1DIZV	lunatic-v0.1.0	rust-pathfinder-v0.1.0	D	P	0e0V0X0C0B0D040W0I0A0J0Q0B0Y090J0K0P060U0D0X0S0J0002070g0E0C0L0h0T0b0o0a
p1	1DIZW	rust-pathfinder-v0.1.0	lunatic-v0.1.0	D	P	0f0i0Y0m080g0h0a0T0F0M0a060l0S0Z0j0L0N0i0k0b0E07090c0U0d0V0e0E0c
p1	1DIZX	lunatic-v0.1.0	rust-pathfinder-v0.1.0	D	P	010908070F080A0B0C0D0A0C03020H040O03
p1	1DIZY	rust-pathfinder-v0.1.0	lunatic-v0.1.0	L	P	0V0R010L0O0A0F08090M0G0c0N02000T0U0b050a0i0d0b07030402
p1	1DIZZ	lunatic-v0.1.0	rust-pathfinder-v0.1.0	D	P	0H0N0O0P030O0V090O010M020Q040A03080005060B05
p1	1DIZ_	lunatic-v0.1.0	rust-pathfinder-v0.1.0	D	P	0S0H0E0L0M0N000M040O0B0I0P0Q0I0R0G0P
p1	1DIZa	rust-pathfinder-v0.1.0	lunatic-v0.1.0	D	P	0A0P020L0N0G090U0b0G0H0I0M0U000N0H0i0O0V0E070S0Z0l0J0C050X0K0E0M060W
p1	1DIZb	lunatic-v0.1.0	rust-pathfinder-v0.1.0	L	P	0a03010708000F020M0104050904060B0D0I0K0P0R0W0Y0b0c0V0O0e0Q0m0P0S7W0X8A0iCz
p1	1DIZc	rust-pathfinder-v0.1.0	lunatic-v0.1.0	L	P	0l0B0207090G0N0U0G0S0T0a0Q0M0O0T050V0c0W0V0j0k0d0e000d
p1	1DIZd	lunatic-v0.1.0	rust-pathfinder-v0.1.0	D	P	0N0B090A02080G0907000C0H0I0D04010B0C0H0B
p1	1DIZe	rust-pathfinder-v0.1.0	lunatic-v0.1.0	L	P	0C0G050J0Q0E0J0X0W0V0e0F0X0l0m0f0Y000f
p1	1DIZf	lunatic-v0.1.0	rust-pathfinder-v0.1.0	L	P	0C0L0Q0J0I0B040H0K0R0I0D0G0B090A0C0Y0X00050P0J0Q0I060W0B0P080C010d0O0k0P020c0I0e0P0B0N0X0C9L0d
p1	1DIZg	rust-pathfinder-v0.1.0	lunatic-v0.1.0	L	P	0K0k000g0i070E08070L0S0M0L0Z0m0T0U0b0h0N0a0T0U010T
p1	1DIZh	lunatic-v0.1.0	rust-pathfinder-v0.1.0	D	P	0G0V0U0T020U0S0Y0W0X000W070N0E0L0M0F010M
p1	1DIZi	rust-pathfinder-v0.1.0	lunatic-v0.1.0	L	P	0a0G000E0F08010M0T08070M0S0F0L0H0E0h0b0i0g0U0Z
p1	1DIZj	lunatic-v0.1.0	rust-pathfinder-v0.1.0	D	P	0X0i0l0e0d0P0f0k0j0K0h0J010L0M0I0F0908070T08030H000A
p1	1DIZk	rust-pathfinder-v0.1.0	lunatic-v0.1.0	L	P	030O0H0A0F080M07090T0R0S0G0U0L0E0N0Y020K0a0V0T0h0b0i0U0W0c0j0g0Z0R6k0d0k0f0c350QLa8RWn0e1l0t04C50Y5N4S012M1N021YRQ01760t0f0cWZ0e040W2O1q005O0pEZ3EMG0S0H0BP39dLD020L030t4H040Z
p1	1DIZl	lunatic-v0.1.0	rust-pathfinder-v0.1.0	D	P	0B0R0P0O0N0I0G0H090F0J0G040K0C0Q0J0W0X0V0P0O0d0E0k0I0Q0J
p1	1DIZm	rust-pathfinder-v0.1.0	lunatic-v0.1.0	L	P	0X0100020603070E0D0F0B0G080H0L0I0E040S0Z0g0J0Z
p1	1DIZn	lunatic-v0.1.0	rust-pathfinder-v0.1.0	D	P	050V0X0K0J0I0C0P0J0Q0H0R0G0D0I0B020W0U0O0N0M090N0L0Z0E0T000S
p1	1DIZo	rust-pathfinder-v0.1.0	lunatic-v0.1.0	L	P	000h0k0703080E09070L0S0Z0L0b0g0a0Z
p1	1DIZp	lunatic-v0.1.0	rust-pathfinder-v0.1.0	D	P	0S0k0g0Z0a0b000a0301020405080A0Q0H0c0I0V0P010R0J0K0F0J0d0Y0l1X0f2x0X0W0e
p1	1DIZq	rust-pathfinder-v0.1.0	lunatic-v0.1.0	L	P	0F0k080h0g0Z0S0a0Z01000L070T0E0M0L
p1	1DIZr	lunatic-v0.1.0	rust-pathfinder-v0.1.0	D	P	0R0A0D0K0J0I000J070S0E0L0M0N0F01020801030408090O0B0P0M05060a0U0b0T0U030T
p1	1DIZs	rust-pathfinder-v0.1.0	lunatic-v0.1.0	L	P	0N0K010E0G0U0b0i0A0U090S020T040V0L0W0B0Q0b0J0U0P0a0h000c0d0k0j0c0d031N
p1	1DIZt	lunatic-v0.1.0	rust-pathfinder-v0.1.0	L	P	0R0j0m0Y0f00060Y0X010D050K0Q0J0e0d02040e0l0W0P0X0W0e0I0i0k
p1	1DIZu	rust-pathfinder-v0.1.0	lunatic-v0.1.0	L	P	0j0G0O0H0A0V0H0I000H0703080E010F0L0J0E0S0Z0K0S0g0c0a0b0M0a
p1	1DIZv	lunatic-v0.1.0	rust-pathfinder-v0.1.0	D	P	0d0D0B0C040A0I0B070001090E020801
p1	1DIZw	rust-pathfinder-v0.1.0	lunatic-v0.1.0	L	P	060J0F070M080109080T040S0N0U0b0V0U0i0g0a0Z0h0a
p1	1DIZx	lunatic-v0.1.0	rust-pathfinder-v0.1.0	D	P	0D0d0f0Y0R0K0J0I050J0E09070P0L0g000h0M0W0N0i0O0c0Q0X0P0Q0B0b
p1	1DIZy	rust-pathfinder-v0.1.0	lunatic-v0.1.0	D	P	0C040506010205000I0L0P0W080M0B0N0O0V0F0H0J0X0O0Y0T0U0E0M
p1	1DIZz	lunatic-v0.1.0	rust-pathfinder-v0.1.0	D	P	0g04000E0F0G0H070F0L0108030209030Q05060R0C0K0J0D0A0W0X0P0V0Q0N0O0b2f023R
p1	1DIa-	rust-pathfinder-v0.1.0	lunatic-v0.1.0	L	P	0e0F0I000k0406010B02030A0H0P0A080W0G0P0d0c050d
p1	1DIa0	rust-pathfinder-v0.1.0	lunatic-v0.1.0	D	P	0h0R000L0H0M0N0O0V0N0E070S0Z0T0a0F080U0b020O010A040c0K0D0F0P0T0Q030M
p1	1DIa1	lunatic-v0.1.0	rust-pathfinder-v0.1.0	D	P	0X0G0J0R0Q0P050Q000L0M030E0S0T0N070O0M0U0F0T
p1	1DIa2	rust-pathfinder-v0.1.0	lunatic-v0.1.0	D	P	0f05060D0801000F0K0R0T0D0M070E0L0Y0N0K070R0D04080J090B0m0C0l0M0k0G0H0A030G050I04020H0E092Q0g5O7a1UEU003n
p1	1DIa3	lunatic-v0.1.0	rust-pathfinder-v0.1.0	D	P	0i0e0b0908070A0B08050A060C04010h0g030G0209000N01
p1	1DIa4	rust-pathfinder-v0.1.0	lunatic-v0.1.0	-	R	090l020i0j0k000g0h0a0m0Z0f0Y0R0X0Y0K0D0J0K060I050E0C0403010J070H0L0Q2ADp0B0T0p1k6W3E0I0800Ks0r03013F1c03013F1c
p1	1DIa5	lunatic-v0.1.0	rust-pathfinder-v0.1.0	D	P	0D0H0K0X0Y0R0W0Q04020B030I0P0G050H04060U0C0J0O0C01000801
p1	1DIa6	rust-pathfinder-v0.1.0	lunatic-v0.1.0	L	P	0h0W0N0S0U02090G0b00010F080E0M0H0F030a
p1	1DIa7	lunatic-v0.1.0	rust-pathfinder-v0.1.0	D	P	0Q080C0J0I0K0403020B0A030B0H0P0I090N070G000M0L0E0F08010F
p1	1DIa8	rust-pathfinder-v0.1.0	lunatic-v0.1.0	L	P	0l09050C0J0Q0C0L000M0X0e040Q08070X0N0e0Q0R0K0D0Y0P0W0Q0I0X
p1	1DIa9	lunatic-v0.1.0	rust-pathfinder-v0.1.0	L	P	0P0h0k0W0d0V0W0X040W0S0g0Y0j0i0m020U06030D000K070R0e0f0j0e
p1	1DIaA	rust-pathfinder-v0.1.0	lunatic-v0.1.0	L	P	0O0L020709080F0A0109080M0T0B0a0M0N0G0H0h0G0g090i0E0j0P0k0e0lD00f240X0f0Q7P080R09BY0C2T0DDR
p1	1DIaB	lunatic-v0.1.0	rust-pathfinder-v0.1.0	D	P	0V0X030W0A0U0H0T0V0O0N0M0P0Q000L060R0N0G0F0c010V
p1	1DIaC	rust-pathfinder-v0.1.0	lunatic-v0.1.0	L	P	010B0207090G0N0U0A0G000H0C030J050S04060Q080F0L0E0M0I0F0K0Z0J0g
p1	1DIaD	lunatic-v0.1.0	rust-pathfinder-v0.1.0	D	P	0V090A0B030A0H080A0O0C000N0M0P0B0N0A0L04050D0I040C060J050107
p1	1DIaE	rust-pathfinder-v0.1.0	lunatic-v0.1.0	L	P	0X0Z0Q0e0l0a0e05060D04070B080I000J
p1	1DIaF	lunatic-v0.1.0	rust-pathfinder-v0.1.0	D	P	0F0S0T0U010T0V0W0X0V050Y0C0X
p1	1DIaG	rust-pathfinder-v0.1.0	lunatic-v0.1.0	L	P	060C04070B0A0D0K0R080K0Y050Q0f090Y0m0I0e0d0B0e0P0k
p1	1DIaH	lunatic-v0.1.0	rust-pathfinder-v0.1.0	D	P	0W02040I0E030007080P0L0105090C080J0K0Q0J0O0A060B
p1	1DIaI	rust-pathfinder-v0.1.0	lunatic-v0.1.0	L	P	060D0801000F0A0B0K090D0R050J0Y070R0f0m080f
p1	1DIaJ	lunatic-v0.1.0	rust-pathfinder-v0.1.0	D	P	0T0C080E0F0G010H0F0M0L0S0N0L090I0G02030O0U0N060J0D0K
p1	1DIaK	rust-pathfinder-v0.1.0	lunatic-v0.1.0	L	P	0H0B0A09020A03070A0O0V0c000O0W0P0i0d0I0G0F0N0V0b0O0Z0U0a0b
p1	1DIaL	lunatic-v0.1.0	rust-pathfinder-v0.1.0	D	P	0Z05000E0F0G0H040F0708090106080G0A0I0F090H080J0B030A
p1	1DIaM	rust-pathfinder-v0.1.0	lunatic-v0.1.0	L	P	0d0U0W0403020506030A0H000A0k0O0g0V0h0c0j0i0b0a0T0b
p1	1DIaN	lunatic-v0.1.0	rust-pathfinder-v0.1.0	D	P	0b0C090F0G0H02080701000G0N0T0G010E0U0I0V0S0L0W0P0Q0O0H0R0J0Q0M0F030M
p1	1DIaO	rust-pathfinder-v0.1.0	lunatic-v0.1.0	L	P	0E0a0T0M0j0L0S0Z0L0b0g0c0Z00090104020G0A0B0F0H08070T08030A
p1	1DIaP	lunatic-v0.1.0	rust-pathfinder-v0.1.0	D	P	0h0L0M0N010F0O0P0Q0O05090C080J0B0A0R0X0Q0M0G0007
p1	1DIaQ	rust-pathfinder-v0.1.0	lunatic-v0.1.0	L	P	0a0c0S00020103090G0805090N0A0H0B0A0b0Z0d0g0F0T040M
p1	1DIaR	lunatic-v0.1.0	rust-pathfinder-v0.1.0	D	P	0a0c010008020F010304090305060A05
p1	1DIaS	rust-pathfinder-v0.1.0	lunatic-v0.1.0	L	P	060k0d0W0S0g0h0i0j0U0b0L0c0Z0V0O0H0M0O0A03070A
p1	1DIaT	lunatic-v0.1.0	rust-pathfinder-v0.1.0	D	P	0V0H0E07000L0S070809010g080A0h0i0F0h0j0c0d0b0N0e0G0d020f
p1	1DIaU	rust-pathfinder-v0.1.0	lunatic-v0.1.0	L	P	0706000E0L0S0E0T0Z0U0S0g0M0F0l0a0h0i0c0V0h0j0b010a
p1	1DIaV	lunatic-v0.1.0	rust-pathfinder-v0.1.0	D	P	0K0m0g09070E0L00010208010A0304050904060D0C0B0E0C
p1	1DIaW	rust-pathfinder-v0.1.0	lunatic-v0.1.0	L	P	0R0g020h0k0a0d0W000T0Y0U0X0K0Q0J0I0H040I0D0G0K06050C0B0e0c0C1A0A0O0V0W0j0l0B2b004n
p1	1DIaX	lunatic-v0.1.0	rust-pathfinder-v0.1.0	D	P	0c0k0j0i030j0g0L0Z0S0T0M0F02010M0N0b080G090a0l0T0d0m0G0l
p1	1DIaY	rust-pathfinder-v0.1.0	lunatic-v0.1.0	L	P	0X0E090F0H0G0N020G00010b080Z0U0a0i0c0b
p1	1DIaZ	lunatic-v0.1.0	rust-pathfinder-v0.1.0	D	P	0O0Q030P0A0N0H0G0F0I0J0E0X0c0Q0R0O0Q0M0V0W0d0G0W0T0S0a0U0h0T
p1	1DIa_	lunatic-v0.1.0	rust-pathfinder-v0.1.0	D	P	0J0l0g0L0M0e0Z0S0T0N010O0M0U080T0a000T020V010H030O0405060C05
p1	1DIaa	rust-pathfinder-v0.1.0	lunatic-v0.1.0	D	P	0D0I000E070F0L0G0E0S0Z0H0S0g0T0h0U0i0V0j0M0k0e0l0f0m
p1	1DIab	lunatic-v0.1.0	rust-pathfinder-v0.1.0	D	P	0m0f0Y0J0K0R0I0Q0P0M0W0E040O0B0P0N0F0L070G0H020G
p1	1DIac	rust-pathfinder-v0.1.0	lunatic-v0.1.0	L	P	01080F0M0T08020M0a090F07080M0h0L0E0N0S0O0L
p1	1DIad	lunatic-v0.1.0	rust-pathfinder-v0.1.0	D	P	060C0D0K0R0e0B0d0f0Y0X0W000S0T030a0X010P0M0U080T0V0j0F0c0b0i020b
p1	1DIae	rust-pathfinder-v0.1.0	lunatic-v0.1.0	L	P	070T0W000102060E0B040I010C0P0D0d0H0O0V0c050O0A090L0S0l0Q0K0R0Y0G0R1F0f1Y0e
p1	1DIaf	lunatic-v0.1.0	rust-pathfinder-v0.1.0	D	P	0d0m0k0A0B0C040j0i0O0B0P090D0N0F0G0A0E020B0M0A030N0H0I050W040P010L00
p1	1DIag	rust-pathfinder-v0.1.0	lunatic-v0.1.0	L	P	0L0002090G0U090S0T0E0N0a0W0M0O0T0d0k0L0V0c0j0V0b0m0e0f0X0e
p1	1DIah	lunatic-v0.1.0	rust-pathfinder-v0.1.0	D	P	0N0T0U0V020U0b0M0L0U0S0Z0g070Z08090A0G090B0E040M0I0C0P0B0D0J0K06050J2j0O020H0N0F0I0O450M0U0N2p040B05At00D4020G038101
p1	1DIai	rust-pathfinder-v0.1.0	lunatic-v0.1.0	L	P	0U0c0A0b0i0Z0b0a0j0b0V0N0O0P030O0H0c0O0W0U0Q0b
p1	1DIaj	lunatic-v0.1.0	rust-pathfinder-v0.1.0	D	P	080m0h0701090F080A0E030B0G020A040C0305060B05
p1	1DIak	rust-pathfinder-v0.1.0	lunatic-v0.1.0	L	P	0J0D0C0B060C05070K08090A0D090I0P0R0Y0f0I0Y0m030e0H0W0l0k0I0O0l0G0X0A0e
p1	1DIal	lunatic-v0.1.0	rust-pathfinder-v0.1.0	L	P	0c0S0V090A0B030U0T02010U0A000T0j080C0F0D0M070h090a080A0P0G0N0O0G0H020G
p1	1DIam	rust-pathfinder-v0.1.0	lunatic-v0.1.0	L	P	0h0g030i0d0h0W0k0j0c0V0A0c0B0D0406020K000Q010J030P
p1	1DIan	lunatic-v0.1.0	rust-pathfinder-v0.1.0	D	P	0I0a0d0A0B0C040B0700010D0E03020G0L0Z080b0N0U0M090N0V0O0H0P0O
p1	1DIao	rust-pathfinder-v0.1.0	lunatic-v0.1.0	L	P	0R0602090G0U0N090b030405030A0U07080i0g0Z0h01000F010H0a0B0G0C0w
p1	1DIap	lunatic-v0.1.0	rust-pathfinder-v0.1.0	D	P	0R0H0K0C0D060B0504030C0402010902000A070S0E0L0M0N0F0M0T0O0M0U0a0T
p1	1DIaq	rust-pathfinder-v0.1.0	lunatic-v0.1.0	L	P	020Z0k0a0d0W0P0T0W0B0I0704080B
p1	1DIar	lunatic-v0.1.0	rust-pathfinder-v0.1.0	D	P	06080D0Y0X0W0C0X0S00020L0E0G030O010F07090L0g040Z0a0b050a0A0V0B1F
p1	1DIas	rust-pathfinder-v0.1.0	lunatic-v0.1.0	L	P	0M0701080F09080T040S0N0U0b0V0U0i0g0a0Z0h0a
p1	1DIat	lunatic-v0.1.0	rust-pathfinder-v0.1.0	D	P	0c0103020A040H0305060B05000E080F0708
p1	1DIau	rust-pathfinder-v0.1.0	lunatic-v0.1.0	L	P	00040H0102030A01070E0L020E0S060T0Z0U0S0g0j0a0i0V0b0W0a
p1	1DIav	lunatic-v0.1.0	rust-pathfinder-v0.1.0	D	P	0j0J0H0I030G0A09080K0H090F0S0O0G0V0H01070M08
p1	1DIaw	rust-pathfinder-v0.1.0	lunatic-v0.1.0	L	P	0S0c050Z0g0a0Z0700080E0L070T0U0M0T0N0F0b0M
p1	1DIax	lunatic-v0.1.0	rust-pathfinder-v0.1.0	D	P	060i0m0Y0S0L0E00010L0M0A08040F030T020Z010C0B0I0D0K0J0C0D050C
p1	1DIay	rust-pathfinder-v0.1.0	lunatic-v0.1.0	L	P	0E0k010g0b0h0m0d0f0Y0R0W0Y0K000Q0D0J0K060504070C050i0B0I0C
p1	1DIaz	lunatic-v0.1.0	rust-pathfinder-v0.1.0	D	P	0C0605040J05000L0709080A0F0B0M0E0T0G0a0F
p1	1DIb-	rust-pathfinder-v0.1.0	lunatic-v0.1.0	L	P	0Y0803070A0H0O09000B0E0A070L0S0C0L0Z0g0D0Z
p1	1DIb0	rust-pathfinder-v0.1.0	lunatic-v0.1.0	L	P	0m010002070E0L0S0E0T0Z0U0S0g0M0F0304090G0M0a0h0i0c0V0h0j0b030a
p1	1DIb1	lunatic-v0.1.0	rust-pathfinder-v0.1.0	D	P	0l0R0Q0P050Q0L00010203010A0B0C0G0H0I0O0H09040N030B0A
p1	1DIb2	rust-pathfinder-v0.1.0	lunatic-v0.1.0	L	P	0R0e0X0Q0a000C0104020I0P0B03050A0O0N0H0O0W0H0P0J0Q0I0J0K0D0J0K0X0Y0Q0f0m0X0d0k0V0d
p1	1DIb3	lunatic-v0.1.0	rust-pathfinder-v0.1.0	D	P	000f0Z0S0L070E0S0T070809010U080T0A0V030W050X020Y
p1	1DIb4	rust-pathfinder-v0.1.0	lunatic-v0.1.0	L	P	0Q0903070A0B0108020A0F0C080M0T0D0M0a0h0G0a
p1	1DIb5	lunatic-v0.1.0	rust-pathfinder-v0.1.0	D	P	0P0S0W0604050B030I0402010902000G07090E0N0F0H0M0L0T0M
p1	1DIb6	rust-pathfinder-v0.1.0	lunatic-v0.1.0	L	P	030P0O0N0H0O0V0A0O070c08090j0G02010g020h0i0b0U000b
p1	1DIb7	lunatic-v0.1.0	rust-pathfinder-v0.1.0	D	P	010L0M0N080M0O0P0Q0O050R0C0Q
p1	1DIb8	rust-pathfinder-v0.1.0	lunatic-v0.1.0	L	P	0I0N0P0403020600030A0B0C0E0D0K010D090O0B0H0J0A0G0V0c0j0U0c
p1	1DIb9	lunatic-v0.1.0	rust-pathfinder-v0.1.0	D	P	0O0P0Q0D0A0H050I0G000C0J020K0U0P0b010i0609030N020A040B05
p1	1DIbA	rust-pathfinder-v0.1.0	lunatic-v0.1.0	L	P	0S0m010g0i0704080A090B0G020H0O0I0H0N0M0U0N0T0b0F0U
p1	1DIbB	lunatic-v0.1.0	rust-pathfinder-v0.1.0	D	P	0S0f0Z070809010A080g0E000h020F010B0C04030B050D06040C0G0B
p1	1DIbC	rust-pathfinder-v0.1.0	lunatic-v0.1.0	D	P	0a0Y0T0100070E0h070g0F0i0M0j0e0k0f0m0U0l
p1	1DIbD	lunatic-v0.1.0	rust-pathfinder-v0.1.0	D	P	0L08070E090F0G0H02080G0A0I090B0C040B0D0J0K06050J0Q0X000Q010R
p1	1DIbE	rust-pathfinder-v0.1.0	lunatic-v0.1.0	L	P	0V0J0O0H0A0E0H030c000j010209080F09
p1	1DIbF	lunatic-v0.1.0	rust-pathfinder-v0.1.0	D	P	0U0b0i00020109030G0204050A04060N0D0Y0J0W0X0Q0V08070R0P0O0H0h0g0C0B0K0J0C6U0I0O0J
p1	1DIbG	rust-pathfinder-v0.1.0	lunatic-v0.1.0	D	P	0S0d0W0P0Z0L0E0M0L000g0105020C03040A0R0B0K0D060C0D0Y070Q0f0I0Y0m3z0F04Ab46Cm5uIM
p1	1DIbH	lunatic-v0.1.0	rust-pathfinder-v0.1.0	D	P	0D0B060Q0R0K0P0C070J000S0E0L0M0N0F0M0T0O0M0I0a0U0H0T0V0c0j0A0O0W030X0V0N0A0P0M0b3X0Z0O0U0Q0T0a0N0c0V5j0T1P0P
p1	1DIbI	rust-pathfinder-v0.1.0	lunatic-v0.1.0	L	P	0g0f0Z00020103080A0H0I0J090G0C050D0I0O0F0H0V060K0N0M0G0U0S0P0L0T2f
p1	1DIbJ	lunatic-v0.1.0	rust-pathfinder-v0.1.0	D	P	0A0j0g0F0E0B0C0G00070J0K0Q0I0H0J0N0U0P0B03090O0A08010208
p1	1DIbK	rust-pathfinder-v0.1.0	lunatic-v0.1.0	L	P	0N0V0U0T0X0O0R0M0Y0K0D0H0K0L060N0e0l0d0k0c0W0m0j0f
p1	1DIbL	lunatic-v0.1.0	rust-pathfinder-v0.1.0	D	P	0K02060D0C0B000C070I0E0Z0L0S0T0U0M0T0a0V0T0b0h0a0N0P010O
p1	1DIbM	rust-pathfinder-v0.1.0	lunatic-v0.1.0	L	P	0Z00030A0H0O090A02080g090G01090F0E0L0S0F070H080L040G0N0M0B0G0N0U0G0I0F0J4I040M
p1	1DIbN	lunatic-v0.1.0	rust-pathfinder-v0.1.0	D	P	060f0Z0S0L08070E090F0G0H02080G0A0I090B01000d040C0H030B0O0D0H0J0G0Q0P0W0j0k0P1O0R0i0Q
p1	1DIbO	rust-pathfinder-v0.1.0	lunatic-v0.1.0	L	P	0Q0R0P00040B050C0G020J010I030B0A090H0A0F0Y0f0V0G0W0Z0k0d0e060c070d
p1	1DIbP	lunatic-v0.1.0	rust-pathfinder-v0.1.0	D	P	000O0L0E070M0N0E0P0F0G0H0I0M0G050208090H0U0G0A0B0O0T0S0H04060B0J0b0I0z0K
p1	1DIbQ	rust-pathfinder-v0.1.0	lunatic-v0.1.0	L	P	0b0c0U0a0h0b0i0Z0T0b0a0N0S0L0M0F0O0E0N0G090H0G0V02
p1	1DIbR	lunatic-v0.1.0	rust-pathfinder-v0.1.0	D	P	0Q0f0e0d050e0Z00010g0h0S08060F0T0G0N0U030a0i0M0h0N0c020b
p1	1DIbS	rust-pathfinder-v0.1.0	lunatic-v0.1.0	L	P	060k0d0W0S0g0h0i0j0U0b0L0c0Z0V0O0H0M0O0A03070A
p1	1DIbT	lunatic-v0.1.0	rust-pathfinder-v0.1.0	D	P	0T09080701080F0008020A010304090305060B05
p1	1DIbU	rust-pathfinder-v0.1.0	lunatic-v0.1.0	L	P	0M0X010T0a080T070F09080h0g0Z0S000Z
p1	1DIbV	lunatic-v0.1.0	rust-pathfinder-v0.1.0	D	P	0G0f0b08090A020907000B0C04010B0I0P0d0D0I0J0H0e0K0R0Y0c0J0K0Q0X0W030X
p1	1DIbW	rust-pathfinder-v0.1.0	lunatic-v0.1.0	L	P	0G0Z0h0a0T0b0a000N0201080B030F04080I0M
p1	1DIbX	lunatic-v0.1.0	rust-pathfinder-v0.1.0	D	P	0A07030L0O0H0G080I0i0j0k0H0j0h0g0l0h0d0m0P0l
p1	1DIbY	rust-pathfinder-v0.1.0	lunatic-v0.1.0	L	P	0W0U0d0403020506030A0H000A0k0O0g0V0h0c0j0i0b0a0T0b
p1	1DIbZ	lunatic-v0.1.0	rust-pathfinder-v0.1.0	D	P	0Z0708090A0B08000A0C01090E0208010A030405060J040I090K0L050D04
p1	1DIb_	lunatic-v0.1.0	rust-pathfinder-v0.1.0	D	P	0V090A0B030A0H080A0O0C000N0M0P0B0N0A0L04050D0I040C060J050107
p1	1DIba	rust-pathfinder-v0.1.0	lunatic-v0.1.0	L	P	0C0e0X0Q0T0M0F0a0M0Z0h0b0a0100070E0207
p1	1DIbb	lunatic-v0.1.0	rust-pathfinder-v0.1.0	D	P	0U0Y020G0E0F00070H090A0B030A0C0D050J08010C0Q0I0P080M0I0O0W0H0L1c0N010P060R050f08
p1	1DIbc	rust-pathfinder-v0.1.0	lunatic-v0.1.0	L	P	0S0Z0b0L0U0N0G0M090N0H0O0V0P0O020i000108070E08
p1	1DIbd	lunatic-v0.1.0	rust-pathfinder-v0.1.0	D	P	030k0j0i0A0j0g0L0Z0S0T0U0b0a0N0O0P0V0T0M0l0T0B0m0I0l0h0U000b
p1	1DIbe	rust-pathfinder-v0.1.0	lunatic-v0.1.0	D	P	0k0W020U0d0S0P0T0I0W0V0B0O0c090e010f0l0b070d
p1	1DIbf	lunatic-v0.1.0	rust-pathfinder-v0.1.0	D	P	0Y0e0f0C0d0B0D06070001050E02080103040903
p1	1DIbg	rust-pathfinder-v0.1.0	lunatic-v0.1.0	L	P	0l0C02090G07090N0H0O0V0L0c0O0A0P050M0U0Q0N0j0d000e
p1	1DIbh	lunatic-v0.1.0	rust-pathfinder-v0.1.0	D	P	0L0F0E060G050007080V0S020109030g020a090b0H0Z0I0d0e0c0J0f0Q0e
p1	1DIbi	rust-pathfinder-v0.1.0	lunatic-v0.1.0	L	P	0U0J0N0G090E0G020b00010i0g0Z0h08070a0T080A03060H0F0a0c0M0L080A0E0M0S0B045S060T058Y0I080A6i
p1	1DIbj	lunatic-v0.1.0	rust-pathfinder-v0.1.0	L	P	0S0h0g000i0102030902040506040D0X0K0E0R0I0Y0m0W0d0k0e0X0Q0P0V0B08070H6c0d840X9o0IMO0lOE0J0I0b0U0Q9S0O0H0ADQ0O0N0QIh8d0B0O0H079b0OE90QLl1LIz
p1	1DIbk	rust-pathfinder-v0.1.0	lunatic-v0.1.0	L	P	0Q0C0J0705080C0X000S040T0P0W0d0U0e0V0X0c0k
p1	1DIbl	lunatic-v0.1.0	rust-pathfinder-v0.1.0	D	P	0H0N0O0P030O0V090O010M020Q040A03080005060B05
p1	1DIbm	rust-pathfinder-v0.1.0	lunatic-v0.1.0	L	P	0g020500010704080C0J0K0R0D0B0X0A0Y090R0I0e0l0d0k0j0W0m0i0f
p1	1DIbn	lunatic-v0.1.0	rust-pathfinder-v0.1.0	D	P	0O0I0H0G030H0A09080H0F0109020M09000N0T0L070M0J0K050J
p1	1DIbo	rust-pathfinder-v0.1.0	lunatic-v0.1.0	L	P	0c0R0E0L0V070I0M0B0N0P040E00020301050O090G06090j0H0U0T0a0W0T0d0k9e0ZCF160e342B
p1	1DIbp	lunatic-v0.1.0	rust-pathfinder-v0.1.0	D	P	0W0m0k0d0Z080700090T0102080103040A0305060B05
p1	1DIbq	rust-pathfinder-v0.1.0	lunatic-v0.1.0	L	P	0R0D02090G07090U0N0S000T010V0b0W0U0i0a0h0g0X0c0j0a0Z0c0d0e0l0k0d0e031O
p1	1DIbr	lunatic-v0.1.0	rust-pathfinder-v0.1.0	D	P	0i0K0G0U0S0T000N070O0E0L040M0B0P0C0Q010J
p1	1DIbs	rust-pathfinder-v0.1.0	lunatic-v0.1.0	L	P	030m010g0b0h050i0k0U000V020W0P0I0d0X0P0Y0W0H0O0E0A0F0H
p1	1DIbt	lunatic-v0.1.0	rust-pathfinder-v0.1.0	D	P	0B0504030I040006070S0E0L0M0N0F0M0T0O0M0d0a0U0h0T0H0A090V0A0H0G0W0A0H0JH0
p1	1DIbu	rust-pathfinder-v0.1.0	lunatic-v0.1.0	L	P	0Y0F0E0004010B0I0P080I0d0W0Z0k0a0d
p1	1DIbv	lunatic-v0.1.0	rust-pathfinder-v0.1.0	D	P	0k0X0W0V040W0S000Y05060D0K0O0D0R0L01020307020A0H080A0Q0J0I0Q
p1	1DIbw	rust-pathfinder-v0.1.0	lunatic-v0.1.0	L	P	0X0D080002090G0N03090A0O0H0L010M0G090B070F080e0P0I0J0d0C0W0Q0P0V0k
p1	1DIbx	lunatic-v0.1.0	rust-pathfinder-v0.1.0	D	P	0E0Q0L07000Z0a0b070a0c0U0M060N010208090g0V0C0j0W0O0V0H0R010P
p1	1DIby	rust-pathfinder-v0.1.0	lunatic-v0.1.0	L	P	0V0W0X0004010W0B0c02030A0j0C0I090B0P0R0d050b0W0c0P0O060Q0K0P0D0e0V0C0c0B0H0I0A0G0W0H0O0N0X1J0J003U
p1	1DIbz	lunatic-v0.1.0	rust-pathfinder-v0.1.0	D	P	040Z0d0I0F0G0H0J010P0M0K080G0T0E0a0F0H000N0U0V0O0N0U020N
p1	1DIc-	rust-pathfinder-v0.1.0	lunatic-v0.1.0	L	P	0G0P010L0N0U0b0i0U0g0d0h0O0j0m0k0W0e0f0X0Y0Q0l0709000203Je0423
p1	1DIc0	rust-pathfinder-v0.1.0	lunatic-v0.1.0	L	P	0V0P000L0O0N0M0E0R0F080G0F0T070H0a0I0T0h0g0Z0S010Z
p1	1DIc1	lunatic-v0.1.0	rust-pathfinder-v0.1.0	L	P	0P0h0k0W0d0V0W0X040W0S0g0Y0j0i0m020U06030D000K070R0e0f0j0e
p1	1DIc2	rust-pathfinder-v0.1.0	lunatic-v0.1.0	L	P	040N0B0P0I0L0W0M0P0d0k0O0d
p1	1DIc3	lunatic-v0.1.0	rust-pathfinder-v0.1.0	D	P	0L0A070E0F0G000F040809020B090I0C0P0B0D0J0K06050J0Q0X01030Q0N0e0Y0W0X082j
p1	1DIc4	rust-pathfinder-v0.1.0	lunatic-v0.1.0	L	P	060d0b070i090D0K0H0A000O080F0R010K0Y040Q0W0I050P0f080Y0m0E0e070B030L4O225p0M3PJc5A
p1	1DIc5	lunatic-v0.1.0	rust-pathfinder-v0.1.0	D	P	0A0c0Z0g0h0i000h030d0e0f050e010b
p1	1DIc6	rust-pathfinder-v0.1.0	lunatic-v0.1.0	L	P	080V010T0M0F0U0G0N0E0M0b0F0S0i0W0b
p1	1DIc7	lunatic-v0.1.0	rust-pathfinder-v0.1.0	D	P	0W090B0A040C0I0B0700010D0E020801
p1	1DIc8	rust-pathfinder-v0.1.0	lunatic-v0.1.0	L	P	0Z0l0S0g030h0j0c0L0a0M0b0k0d0V0A0c070H0O010A0N080B0C0F0U0T080U091o0B350DD9
p1	1DIc9	lunatic-v0.1.0	rust-pathfinder-v0.1.0	D	P	0V0c0j00030H0G0F0I0J0G060I02010H020G0I0A0K0B040c0B0C0P0B0E07080905080J0b0C0D0W0C
p1	1DIcA	rust-pathfinder-v0.1.0	lunatic-v0.1.0	L	P	0m0X0T00020103080A0H0I0J0O090G0V090H0I0F0H0M0E0a0P0W0F0L0S0Z0L0T0g0U2s
p1	1DIcB	lunatic-v0.1.0	rust-pathfinder-v0.1.0	D	P	0N01020309020006080F040L070E080M0G0H0U0O0G0N0I0B0P0Q0H0A0P0H0R0G0C1d012N
p1	1DIcC	rust-pathfinder-v0.1.0	lunatic-v0.1.0	L	P	0g0a0G0Z0S0b0Z0003010402090A0H0L0A0T0E0M0L0F0N080M
p1	1DIcD	lunatic-v0.1.0	rust-pathfinder-v0.1.0	D	P	0804010Z0a0b0F0a0c0U0V0T0G0N0O090M070N0W080V0A0X0Y0S0P000d020W0301090j08050t0BMI
p1	1DIcE	rust-pathfinder-v0.1.0	lunatic-v0.1.0	L	P	0i0B00070E08070L0S0Z0L0a0g0b0Z
p1	1DIcF	lunatic-v0.1.0	rust-pathfinder-v0.1.0	D	P	0i0D090U0S03000E0F0102070401080N0L0G0M0F0O080N050b030G02040A060I0K0H0D0J0Q0X0P0W0Q0P0e0Y0z0X
p1	1DIcG	rust-pathfinder-v0.1.0	lunatic-v0.1.0	L	P	0g0801070F09080L020M0E0N0S0Z0L0T0U0b0a0T0U0h0T0V0i000b
p1	1DIcH	lunatic-v0.1.0	rust-pathfinder-v0.1.0	D	P	070D000E0L0Z0a0b0E0a0c0P0M020N0U0V0G0T0h0U0N0O0d0Q0U0c0N0e0A0B0C04090B0J0H0I0P0d0I2a0c0I
p1	1DIcI	rust-pathfinder-v0.1.0	lunatic-v0.1.0	L	P	0U0j0h00030102090G080N09040A0H0B0A0Z0b050a
p1	1DIcJ	lunatic-v0.1.0	rust-pathfinder-v0.1.0	L	P	0j0a0c090A0B030b0A0d08070C0H0O0e0c0B0V090H080A
p1	1DIcK	rust-pathfinder-v0.1.0	lunatic-v0.1.0	L	P	0B0A040C08000B0I0P0W0I0S0d0T0W0k0f0U0e0V0l
p1	1DIcL	lunatic-v0.1.0	rust-pathfinder-v0.1.0	D	P	0H0a0c0b030d0A0c0e0G0F0J0I0f0K0e0Z0g0h0i000h
p1	1DIcM	rust-pathfinder-v0.1.0	lunatic-v0.1.0	L	P	0m0c050Z0a0b0f0V0Y0O0R0H0K0A0C000D
p1	1DIcN	lunatic-v0.1.0	rust-pathfinder-v0.1.0	D	P	0a0Z010b080T0c0d0e0c050a0C0f0J0e
p1	1DIcO	rust-pathfinder-v0.1.0	lunatic-v0.1.0	L	P	0b0X0U020100030401080F03080i0G0g090h0Y0j0f0k0m0Q0R0K0D0J0K06050C1j0I0C
p1	1DIcP	lunatic-v0.1.0	rust-pathfinder-v0.1.0	D	P	0J0E050C0B0R0D04030X040Q0I0K0P0O0W0P0Y0C0G0J0N0M0H070V0A0O0N0B090O0C0c0B080I0GHf010b0jI_020c0WA60k08
p1	1DIcQ	rust-pathfinder-v0.1.0	lunatic-v0.1.0	L	P	0X0O0Q05060D0K0e0P0Z0l0a040e0C0b000c0d0W0V0k0j0W0f0Y0R0U0I0k0m0i0Y010B
p1	1DIcR	lunatic-v0.1.0	rust-pathfinder-v0.1.0	D	P	0O0300070E0S0T0U070T0V0L0c0b0a0M0F020G0N0j090H080G0F04050A04060D0K0P0CIb0Q4n0O0C
p1	1DIcS	rust-pathfinder-v0.1.0	lunatic-v0.1.0	L	P	0g0401020305020608090G0A0N0U090B0H0I0D0K0b0O0M0A0U0i0a000Z
p1	1DIcT	lunatic-v0.1.0	rust-pathfinder-v0.1.0	D	P	0f0W0Y0C0D060B0m040l0j0P0A0Q0H0O0V0c0X0T0J0d0b0i0O0N0h0a0O0b0M0S4F0e
p1	1DIcU	rust-pathfinder-v0.1.0	lunatic-v0.1.0	L	P	020A09080C030901050J020G0N000G0U0V0W0b0S0i0U0V0O0P0I0T040U
p1	1DIcV	lunatic-v0.1.0	rust-pathfinder-v0.1.0	D	P	0208090A0G09070N000G0E0T0L0U0S0g0a0h0Z0c0a010i0j0M0i0O0V0N0F0b0d0e0f0P2A
p1	1DIcW	rust-pathfinder-v0.1.0	lunatic-v0.1.0	L	P	0Y04010203050802000F090G060D09030M0A0K0C0D0R0E0f0F0a0T0Z0h0b0a
p1	1DIcX	lunatic-v0.1.0	rust-pathfinder-v0.1.0	D	P	0j0l0302010G0H0I0A0i0h0B0C0F0H020J0E0O0I0V0H0P0W0X0K050J
p1	1DIcY	rust-pathfinder-v0.1.0	lunatic-v0.1.0	L	P	0I0503040A020001030L0B0P0W0M0P0d0k0N0d
p1	1DIcZ	lunatic-v0.1.0	rust-pathfinder-v0.1.0	L	P	0Y0K0E07000Z0a07080R0M0S0T0D0h0601020F
p1	1DIc_	lunatic-v0.1.0	rust-pathfinder-v0.1.0	D	P	0a0l0h070809010A080B0F0E0M0G0T0F0C0D050C
p1	1DIca	rust-pathfinder-v0.1.0	lunatic-v0.1.0	L	P	0i0c000Z0b0a0g0b0S070Z080U09020A0G0B090N0L0b0E0C07
p1	1DIcb	lunatic-v0.1.0	rust-pathfinder-v0.1.0	L	P	0X0N0Q070C0J0I0K040H0B0W0V03020W0I0G0P030d0k0l0O0e
p1	1DIcc	rust-pathfinder-v0.1.0	lunatic-v0.1.0	L	P	03070A0H0O0V0H0S0W0X0c0T0j0V0W0P0I0d0k0P0Q0J0U000V
p1	1DIcd	lunatic-v0.1.0	rust-pathfinder-v0.1.0	D	P	0c090A0B030A0H02010A08070F080C0D050C
p1	1DIce	rust-pathfinder-v0.1.0	lunatic-v0.1.0	L	P	010W030S0V0U0T0M0l0a0V0O0H0c0O0X050Y0Q0J0A0T0j0b0c
p1	1DIcf	lunatic-v0.1.0	rust-pathfinder-v0.1.0	D	P	0A0g0j0V0T0U0102030C080Y0W0O0F000M0N0b0L0a0M0P0X0B0W
p1	1DIcg	rust-pathfinder-v0.1.0	lunatic-v0.1.0	L	P	020d040b0j0c0V0Z0c0701080B090I0A0C0H0G0O0H0F0O
p1	1DIch	lunatic-v0.1.0	rust-pathfinder-v0.1.0	D	P	0E0Z0a0b0c0d0a0L0S0g0c000e0103020A040H0305060B05
p1	1DIci	rust-pathfinder-v0.1.0	lunatic-v0.1.0	L	P	090D020G0N0U0G0S0T0a0W0M0O0T000V0c0j0V0b0d0k0m0e0f0X0e
p1	1DIcj	lunatic-v0.1.0	rust-pathfinder-v0.1.0	D	P	0804010Z0a0b0F0a0c0U0V0T0G0N0O090M070N0W080V0A0X0Y0S0P000d020W0301090j08050t0BMI
p1	1DIck	rust-pathfinder-v0.1.0	lunatic-v0.1.0	L	P	0F0D00070E08070M0L0S0Z0g0S0h0k0b0X0a0d0T0Q0C0J0B05090C010W
p1	1DIcl	lunatic-v0.1.0	rust-pathfinder-v0.1.0	D	P	0C0F0J0e0d040f0K05060I0503020A03000L0108090G07090B0E
p1	1DIcm	rust-pathfinder-v0.1.0	lunatic-v0.1.0	L	P	050a0d070C080J090Q0A0W0k0X0Z0e0l0m0f0Y000f
p1	1DIcn	lunatic-v0.1.0	rust-pathfinder-v0.1.0	D	P	0F0S0T0U010T0V0W0X0V050Y0C0X
p1	1DIco	rust-pathfinder-v0.1.0	lunatic-v0.1.0	L	P	0C0Z050e0S0L0X0Q0J0M0S0N040O030P0E0R0L0T0g0a0Z07000807
p1	1DIcp	lunatic-v0.1.0	rust-pathfinder-v0.1.0	D	P	0Q0m0l0k050l0g0L0Z0E010908070F080A0h0i0d03020G040H030B060C05
p1	1DIcq	rust-pathfinder-v0.1.0	lunatic-v0.1.0	D	P	0g0Z0S000Z01040203090B0I0J0K060A0H0G0D0H0O0J
p1	1DIcr	lunatic-v0.1.0	rust-pathfinder-v0.1.0	D	P	070m0g0L0M0N0O0E0M00010203010A040H0305060B05
p1	1DIcs	rust-pathfinder-v0.1.0	lunatic-v0.1.0	L	P	03010A0H0O0V0H0S050T020U0P0W040I0c0G0V0H0N0E0F08090M0L0G0P0J0B0F0I0j0m0X5L0Y2w020e
p1	1DIct	lunatic-v0.1.0	rust-pathfinder-v0.1.0	D	P	0V0G0H0I030H0E0J000708090K08060D0C05040C
p1	1DIcu	rust-pathfinder-v0.1.0	lunatic-v0.1.0	L	P	04050B03010204000J010Q0X0C0A0I0H0P0W0d0O0k0W0e0V0X
p1	1DIcv	lunatic-v0.1.0	rust-pathfinder-v0.1.0	D	P	0j0P0O0N030O0L0Q0005070E0F0G080M0R0F06040D0K0J0C0B0J
p1	1DIcw	rust-pathfinder-v0.1.0	lunatic-v0.1.0	L	P	070T0W000102060E0B040I010C0P0D0d0H0O0V0c050O0A090L0S0l0Q0K0R0Y0G0R1F0f1Y0e
p1	1DIcx	lunatic-v0.1.0	rust-pathfinder-v0.1.0	D	P	0H0F030G0A0I0O0H0E0K0J0100070208050C0B040D0P0R0B0Q060105
p1	1DIcy	rust-pathfinder-v0.1.0	lunatic-v0.1.0	L	P	0C0j050l0k0d0W0E0d0F0J0G0P000I
p1	1DIcz	lunatic-v0.1.0	rust-pathfinder-v0.1.0	D	P	0O0J0H03020409010A02000D080G0F090G0N0M0G0T0L070E0a0F05080B060C05
p1	1DId-	rust-pathfinder-v0.1.0	lunatic-v0.1.0	L	P	0J000C05060Q0I0P0G0B0D0R0X0L0Q0e0l0M0e
p1	1DId0	rust-pathfinder-v0.1.0	lunatic-v0.1.0	D	P	0F0C00070E08070M0L0S0Z0g0S0h0k0b0Y0a0d0T050B0F0G0409020A0J0D2V0I4K0K037CMhB5
p1	1DId1	lunatic-v0.1.0	rust-pathfinder-v0.1.0	D	P	0I0b0d0A0B0C040B0700010D0E0208010309
p1	1DId2	rust-pathfinder-v0.1.0	lunatic-v0.1.0	L	P	030204000A0H0O0V0H0S0c0T0j0V0U0N0G0b0a0h0W010V
p1	1DId3	lunatic-v0.1.0	rust-pathfinder-v0.1.0	D	P	0T0O0M070809010G080F0A0J0E0L0H0I0E0K000S0Z0g020H0307040E
p1	1DId4	rust-pathfinder-v0.1.0	lunatic-v0.1.0	L	P	0e020l050403060D0K000D010J0Q0X040Q
p1	1DId5	lunatic-v0.1.0	rust-pathfinder-v0.1.0	D	P	0f090D0K0R0Y0X0W060X0S0V000g070E0L0b0E020T0h010U030a
p1	1DId6	rust-pathfinder-v0.1.0	lunatic-v0.1.0	L	P	0m0O0R0Y0f060805010F0M0T020F0Y04030A090G0N0M0S0B0L0E070Z0E0G0g0H25
p1	1DId7	lunatic-v0.1.0	rust-pathfinder-v0.1.0	D	P	0J0K050I0C0J0Q0D0J0B0H0C0A09030A070001020801
p1	1DId8	rust-pathfinder-v0.1.0	lunatic-v0.1.0	L	P	0f0N000L0M070m0D06080K0R020D0E09070T0F0O0K0Q0Y0D0R0J010P0I0B050J1k0113030J
p1	1DId9	lunatic-v0.1.0	rust-pathfinder-v0.1.0	D	P	0Z03000E0F0G0I0F040B020H0C0D0A030C050A0O04060P090N0B010A0C030704
p1	1DIdA	rust-pathfinder-v0.1.0	lunatic-v0.1.0	L	P	0K010002070E0L0S0E0T0Z0U0S0g0j0a0i0V0b0W0a
p1	1DIdB	lunatic-v0.1.0	rust-pathfinder-v0.1.0	D	P	0F0l0h0M0T00010208010304090305060A05
p1	1DIdC	rust-pathfinder-v0.1.0	lunatic-v0.1.0	L	P	0i0D00070E08070L090M0S0N0L0Z0g0O0Z
p1	1DIdD	lunatic-v0.1.0	rust-pathfinder-v0.1.0	L	P	0Y0K0E07000Z0a07080R0M0S0T0D0h0601020F
p1	1DIdE	rust-pathfinder-v0.1.0	lunatic-v0.1.0	L	P	0j0U000S0T0704080B090C0A0J0Q030H0I0P0G0N0R0G0X0e0Q0O0l0W0e
p1	1DIdF	lunatic-v0.1.0	rust-pathfinder-v0.1.0	D	P	0g0V0S0Z0a0Y0L0001020701030405030C060J05
p1	1DIdG	rust-pathfinder-v0.1.0	lunatic-v0.1.0	L	P	0V0m0c0j090g020h0i0E0F0G0N0F0O0G0I0U0W0A0B03040b0a0T0P0b0a000b
p1	1DIdH	lunatic-v0.1.0	rust-pathfinder-v0.1.0	D	P	0O0f0c0V0S0U000W070T0E0L050X0M0F0G0M010Y
p1	1DIdI	rust-pathfinder-v0.1.0	lunatic-v0.1.0	L	P	0S0Q0R00020103080A0H090G0K0D0Y0J060C0D0f0m0F0f
p1	1DIdJ	lunatic-v0.1.0	rust-pathfinder-v0.1.0	D	P	080S0T0U010M0V0W0X0V050G0C0K0J0Q0P0O0R000P0I0D0N0J0K0Q0J020H030L
p1	1DIdK	rust-pathfinder-v0.1.0	lunatic-v0.1.0	D	P	0Y02030400010305070E0A0H0L060E0S0C0J0D0K0Z0F0S0g0T0h0a0i0d0j0l0c0C2A0Q0d190f
p1	1DIdL	lunatic-v0.1.0	rust-pathfinder-v0.1.0	D	P	0M0D080E0F0G010F030H040P050J0I0B000I020C
p1	1DIdM	rust-pathfinder-v0.1.0	lunatic-v0.1.0	L	P	0O030201050C02090G00090S040T030U0N0V0b0H0U0F0O0G0i0B0A080H
p1	1DIdN	lunatic-v0.1.0	rust-pathfinder-v0.1.0	D	P	0A0b0c0d030c0Z0g0e09080Q0h0i010h0B0f0I0e
p1	1DIdO	rust-pathfinder-v0.1.0	lunatic-v0.1.0	L	P	0h010203050C0209000701080F0M080A0T0a0G0M090N0T0B0a0M0U0D0N
p1	1DIdP	lunatic-v0.1.0	rust-pathfinder-v0.1.0	D	P	0M0d0a0S0T0U010T03060A0V050W0C0e0f0m0l0k000l
p1	1DIdQ	rust-pathfinder-v0.1.0	lunatic-v0.1.0	L	P	0a0N060L0T0M0F0O0M08010h0E070g080E0G0009070Z0S020Z
p1	1DIdR	lunatic-v0.1.0	rust-pathfinder-v0.1.0	D	P	0M0B080E0F0G010F03060A070C0O050H0J0P0Q0R0X0Q
p1	1DIdS	rust-pathfinder-v0.1.0	lunatic-v0.1.0	L	P	0E0G0507000L070F0S0H0L0Z0g0I0Z
p1	1DIdT	lunatic-v0.1.0	rust-pathfinder-v0.1.0	D	P	0G0k0i0U0S02000E010308070F090L08040506040D0R0C0K0J0I0Q0J0A4n
p1	1DIdU	rust-pathfinder-v0.1.0	lunatic-v0.1.0	L	P	0U080C00050J0Q0e0J0Z0X0a0l0b0e
p1	1DIdV	lunatic-v0.1.0	rust-pathfinder-v0.1.0	D	P	0k0P0L06000E070N0E0O0S0a0Z0g0h0i0b0h0a0j0c0l0d0k0m0U0e0W0b0d050R0QOG0YIi0e0V0I0d0z6000Gj
p1	1DIdW	rust-pathfinder-v0.1.0	lunatic-v0.1.0	D	P	0l0U0N0G0D0E0F0S060T0M0V0L0W0Z0X080S0a0g0T0h0N0b0c0j0i0b0c010Z0b000R040d02030oBa0c0E0K3f0O4t0Y0f280R0e0bUH0P0c0d090b0Y0e2hE205Ma0RK9
p1	1DIdX	lunatic-v0.1.0	rust-pathfinder-v0.1.0	D	P	0D0k0m0R0L0g0e0Q000P070E0F0W080a0G0h0N0T0U0V0b0U
p1	1DIdY	rust-pathfinder-v0.1.0	lunatic-v0.1.0	L	P	0W0N0P0403020506030A0H000A0d080Z0g0a0h0b0C0c0I0e0k0f0d
p1	1DIdZ	lunatic-v0.1.0	rust-pathfinder-v0.1.0	D	P	0P0d0Z0g0h0i000h030X0A0W0H0c0Y0m0I0j0Q0e010f
p1	1DId_	lunatic-v0.1.0	rust-pathfinder-v0.1.0	D	P	0h0c0a080700090b0102080103040A0305060B05
p1	1DIda	rust-pathfinder-v0.1.0	lunatic-v0.1.0	D	P	0Q0Y0X0W0d0k0X0l000g0C0m0i0S0L0E070T0b0U090c030a0d0e0j0V0PC6
p1	1DIdb	lunatic-v0.1.0	rust-pathfinder-v0.1.0	D	P	0E0k0g0S0T0U0V0T030L0A0N0O0M0H0b0c0j0i0G0a0I0b0H0J0K050J
p1	1DIdc	rust-pathfinder-v0.1.0	lunatic-v0.1.0	L	P	0R0X0Y0f070S0m0T0f0K0D0J0K060I05000C0B0J0C0H04
p1	1DIdd	lunatic-v0.1.0	rust-pathfinder-v0.1.0	D	P	0e0f050d0C0e0Z0g0h0A0S0i000h070c010b
p1	1DIde	rust-pathfinder-v0.1.0	lunatic-v0.1.0	L	P	0M0S0T0U0Z0g0T0h000i0l0X0e0V0J0W0Q0Y0X0C050B0C
p1	1DIdf	lunatic-v0.1.0	rust-pathfinder-v0.1.0	D	P	000D070E0L0Z0a0b0E0a0c0P0M020N0U0V0G0T0h0U0N0O0d0Q0U0c0N0e0A0B0C04090B0J0H0I0P0d0I2a0c0I
p1	1DIdg	rust-pathfinder-v0.1.0	lunatic-v0.1.0	D	P	070I0E0005010L020g0306040B0A0C0J0Q0H0K0X0J0P0D0R090G0Q090A0W080F0S084l0Z6V08H60L0F17001n0e0G0O07010P052a023U
p1	1DIdh	lunatic-v0.1.0	rust-pathfinder-v0.1.0	D	P	0C0d0e0f050e0Z0g0h0A0S0i000h070c010b
p1	1DIdi	rust-pathfinder-v0.1.0	lunatic-v0.1.0	L	P	020a0e07050C0J0Q0C0L0R0Y0H0K0I0M0E0N0P0O0V0P0O0B060D090C0G0c0j0I0c
p1	1DIdj	lunatic-v0.1.0	rust-pathfinder-v0.1.0	D	P	0T0C080E0F0G010H0F0M0L0S0N0L090I0G02030O0U0N060J0D0K
p1	1DIdk	rust-pathfinder-v0.1.0	lunatic-v0.1.0	L	P	0V0G000E070F0L0H0E0S0Z0I0S0g0U0a0b0J0a0h0i
p1	1DIdl	lunatic-v0.1.0	rust-pathfinder-v0.1.0	D	P	0J00050C0B0P0D060Q0R0C040Q050O0302010902
p1	1DIdm	rust-pathfinder-v0.1.0	lunatic-v0.1.0	L	P	0W0G0P0I0B0E0I04060d0Q0Z0C0a050b0k0c0d
p1	1DIdn	lunatic-v0.1.0	rust-pathfinder-v0.1.0	D	P	0X0d0e0f050e0l0m0e0k0c0l0j0i0C0j0h0g0J0h
p1	1DIdo	rust-pathfinder-v0.1.0	lunatic-v0.1.0	L	P	0U0E0N0G090F0G0H0A030G0206010A040D0B0008070C080b0i0Z0b
p1	1DIdp	lunatic-v0.1.0	rust-pathfinder-v0.1.0	D	P	0i0A090802090G07090U0B0O0F0A0100090N0M0L0T0S0M080T0A0V04090U0H030T0A0U0905060C05
p1	1DIdq	rust-pathfinder-v0.1.0	lunatic-v0.1.0	L	P	0O0A0G090207090803090H0N0P0A0G0B090F040M0U0T0V0a0j0c0b0i0h000i
p1	1DIdr	lunatic-v0.1.0	rust-pathfinder-v0.1.0	D	P	040I0E010007020J090H0G0K0N080U0A0b09
p1	1DIds	rust-pathfinder-v0.1.0	lunatic-v0.1.0	L	P	0A0e0i0Z0b00020G090H0N030U010G0F020G080E0M0I0F
p1	1DIdt	lunatic-v0.1.0	rust-pathfinder-v0.1.0	D	P	0P0D0B0C040A0I0B070001090E020801
p1	1DIdu	rust-pathfinder-v0.1.0	lunatic-v0.1.0	L	P	0I090B0403020506030P0W0d0P0Z0A0a0k0b0d
p1	1DIdv	lunatic-v0.1.0	rust-pathfinder-v0.1.0	D	P	0K0i0m0Y0S07080R0L0E0F0h0g0Z0a0b010a0G0V0W0O0U02030V0P0C0N09020M1_0O2w0X0c0j0W0D0k6d070c3a0e00Aa
p1	1DIdw	rust-pathfinder-v0.1.0	lunatic-v0.1.0	L	P	0B0l0m00040I0P0W0I0S0Q0T0f0U0Y010R
p1	1DIdx	lunatic-v0.1.0	rust-pathfinder-v0.1.0	D	P	0H0c0Z0g0h0i000h030d0e0Q0A0201040509080D0I0P0W0f0k020d0e0P0d0R0b
p1	1DIdy	rust-pathfinder-v0.1.0	lunatic-v0.1.0	L	P	0c0B0A09030A0H0O0A0L0V0M0j0O0N0G0F080P000O
p1	1DIdz	lunatic-v0.1.0	rust-pathfinder-v0.1.0	D	P	0m080D0K0R0X0Y0K0W0J04010B0C0I0A0P0B090702030G02
p1	1DIe-	rust-pathfinder-v0.1.0	lunatic-v0.1.0	L	P	0b0h0i0j0e0g0i0201000V03010806040D050K070J0Q0X090Q0l0W0A0U
p1	1DIe0	rust-pathfinder-v0.1.0	lunatic-v0.1.0	L	P	0S0g0G0i0h0a0Z00050C040B0J01030C090Q020L0N0c0T060a070M
p1	1DIe1	lunatic-v0.1.0	rust-pathfinder-v0.1.0	D	P	060M0R0K0D0e0f0Y0d0X0K0P0L0W0N0I000V0S0E070J0E0a0Z0g0h0i0b0h5z0j0a0c
p1	1DIe2	rust-pathfinder-v0.1.0	lunatic-v0.1.0	L	P	0Y06040B0I0P0B0L050M0R0J0D0K000H0C0G0I0F0g0O0D0Q0K0f0m0J0f
p1	1DIe3	lunatic-v0.1.0	rust-pathfinder-v0.1.0	D	P	0b0C090F0G0H02080701000G0N0T0G010E0U0I0V0S0L0W0P0Q0O0H0R0J0Q0M0F030M
p1	1DIe4	rust-pathfinder-v0.1.0	lunatic-v0.1.0	L	P	0B0M0E0L0S0N0L00040109080203050A0C020J0Q0F0H0R0Y0K0I0W0P0f0d0Y0m090G0l310c3f0l2A4M040e
p1	1DIe5	lunatic-v0.1.0	rust-pathfinder-v0.1.0	D	P	020T0U0V090U0S0A0B0N0W0M040X0I0W0L0G000Y070E0F08010F
p1	1DIe6	rust-pathfinder-v0.1.0	lunatic-v0.1.0	L	P	0S0D010708090B020308000A0H0O0A0G0F0L0E0M0L08070Z0g0N0Z
p1	1DIe7	lunatic-v0.1.0	rust-pathfinder-v0.1.0	D	P	0e0B0C0D050C0J060C010A0I0H0l0k0L0m0I0Q0B0X0C03020P090O0A0008070F040E
p1	1DIe8	rust-pathfinder-v0.1.0	lunatic-v0.1.0	L	P	0Y0Z0S0L0V0M0O0H0F080P0I0W0F0C0J0B050I0406010C0a0D0b0k0d0c0j0i000j
p1	1DIe9	lunatic-v0.1.0	rust-pathfinder-v0.1.0	L	P	040k0g0F0E07000G070S0L0Z0M0T0N0U0V08090W0N0M0b0G020H0I0C0B0A0O0B0D03060V0KOx1J010R1a0fAi4b
p1	1DIeA	rust-pathfinder-v0.1.0	lunatic-v0.1.0	L	P	0b0X0U020100030401080F03080i0G0g090h0Y0j0f0k0m0Q0R0K0D0J0K06050C1j0I0C
p1	1DIeB	lunatic-v0.1.0	rust-pathfinder-v0.1.0	D	P	0b0a0Z0M0L0S0N0T0U0V020U0W0X0Y0W060m0D0e000f
p1	1DIeC	rust-pathfinder-v0.1.0	lunatic-v0.1.0	L	P	0d0j0k0l0a0g0k0401080F0M0I080B0P0W02000P0V0O090A0H0C0N0O070B0E0c0L0e052w0i060T4Y0h5p0Z020S
p1	1DIeD	lunatic-v0.1.0	rust-pathfinder-v0.1.0	D	P	0Q010504030f0e0d0C0V0e0F0c0b0O0X0a0W0V0U0Y0V0m0d0J0f0T0e0N0G0M0S080T
p1	1DIeE	rust-pathfinder-v0.1.0	lunatic-v0.1.0	L	P	0W0D03070A080G0F0H0M0O0N0U0T0d0V0X0k0m0U0l0P0I0e0f0P0Q000J01DZ
p1	1DIeF	lunatic-v0.1.0	rust-pathfinder-v0.1.0	D	P	0V0J0H0I030G0A0K0H0O0F09080N0P0Q0M0P0T0L010M
p1	1DIeG	rust-pathfinder-v0.1.0	lunatic-v0.1.0	L	P	0L0i0g0S0Z00020S0E0T0N0U0M0G0a080T0A010B0F0708
p1	1DIeH	lunatic-v0.1.0	rust-pathfinder-v0.1.0	D	P	0Q0X0e0Y0X0W050X0S0V0002070g0E0L0M010F0h0N0b030U040a
p1	1DIeI	rust-pathfinder-v0.1.0	lunatic-v0.1.0	L	P	0X0c0e05060D0K0l0m0D040R0P0B0I070B0f0d0k0T0W0Y0Q0O0f0d000W010Y020f
p1	1DIeJ	lunatic-v0.1.0	rust-pathfinder-v0.1.0	D	P	0k0T0W0d0c070e0B0A090C0A080D050I0C0P0J000Q0K0O0J01020F01
p1	1DIeK	rust-pathfinder-v0.1.0	lunatic-v0.1.0	L	P	0906020G0N0U0G0S0T0a0W0M0O0T000V0c0j0V0b0d0k0m0e0f0X0e
p1	1DIeL	lunatic-v0.1.0	rust-pathfinder-v0.1.0	D	P	0Z06000L0M0N0O0M03080A0H0I0E0G0U0V0W0H0P0V0O0X0B0C0R0T0Q
p1	1DIeM	rust-pathfinder-v0.1.0	lunatic-v0.1.0	L	P	040d0W0P020N0O0c0V0b0j0H0c0E0A0F0H0003
p1	1DIeN	lunatic-v0.1.0	rust-pathfinder-v0.1.0	D	P	0m0k060J0K0D0I05040C0B0A0J0Q0B05090301040A00020J0N0H0G0F0I0A0G080E090F0J08070U08
p1	1DIeO	rust-pathfinder-v0.1.0	lunatic-v0.1.0	L	P	0m0l0b000i0201080H030504060D0K0R0D0J0Y0f0R0X0W070X0S0V0920
p1	1DIeP	lunatic-v0.1.0	rust-pathfinder-v0.1.0	D	P	0e0L0Q0X0W0V0Y0W050O0C0m0l0f0I0U010T000P020S030R040Q
p1	1DIeQ	rust-pathfinder-v0.1.0	lunatic-v0.1.0	L	P	0J0m0k00030102080A090G0F090H0O0B0H0G0I0P0N0M0I0Q0U0C0b0i0c040d
p1	1DIeR	lunatic-v0.1.0	rust-pathfinder-v0.1.0	D	P	0U0c0b0a020b0i090G0b0Z0V0W070d0V04030B090I0508040A0H090A0O0g0k0e0N0d0f010P3J022I0G080E0C000H0h4I0S4y1F0O0b0DBs092e0OEb0F090G2U0EIV009Z0a0T0G7u09IP02080104CQ6JU9Bo8l03AG
p1	1DIeS	rust-pathfinder-v0.1.0	lunatic-v0.1.0	L	P	0X04020309010600020G0C0J0Q080J0A050e0l0Z0e
p1	1DIeT	lunatic-v0.1.0	rust-pathfinder-v0.1.0	D	P	0a0Z010b080T0c0d0e0c050a0C0f0J0e
p1	1DIeU	rust-pathfinder-v0.1.0	lunatic-v0.1.0	L	P	030X0O0V0c0A0V070B0C0H080j0A0B04050I0P040I020J0603000A
p1	1DIeV	lunatic-v0.1.0	rust-pathfinder-v0.1.0	D	P	0Z09070E0L0S0T0U000T0V0W0X0V050Y0C0X
p1	1DIeW	rust-pathfinder-v0.1.0	lunatic-v0.1.0	L	P	0706000E0L0S0E0T0Z0U0S0g0M0F0l0a0h0i0c0V0h0j0b010a
p1	1DIeX	lunatic-v0.1.0	rust-pathfinder-v0.1.0	D	P	0f0m0g0708090A0B08060A0C01090E0008020A0103090H0A0405
p1	1DIeY	rust-pathfinder-v0.1.0	lunatic-v0.1.0	L	P	0h050203090104000C0J0A0H0I0B0A0P0G0F0I0G0B020V0K09080W0O0P0Q0N0M0P0c070E0V110j0N0c
p1	1DIeZ	lunatic-v0.1.0	rust-pathfinder-v0.1.0	D	P	0h0Z0a0b010a0T0g0a0i0c0h0j0k080j0l0m0F0l
p1	1DIe_	lunatic-v0.1.0	rust-pathfinder-v0.1.0	D	P	0M0V0T070809010A080F0B0304020I000P050W040U06010G0E0L0C0E
p1	1DIea	rust-pathfinder-v0.1.0	lunatic-v0.1.0	L	P	0N0X050U0b0S0U09030A07000G0E010204010H0B0A0i0L0g0h0a0T060a
p1	1DIeb	lunatic-v0.1.0	rust-pathfinder-v0.1.0	D	P	010G0F0E080F0M070F090H080A0B030A0C0D050C
p1	1DIec	rust-pathfinder-v0.1.0	lunatic-v0.1.0	L	P	0R0M0L00020103080A0H090G0K0D060B0D0Y0X0W0f0F0m0Y0O0X0N0H0G0V0Q0J0d0k0Q0U2x0M3b
p1	1DIed	lunatic-v0.1.0	rust-pathfinder-v0.1.0	D	P	0V0Y0302010W0X090A0B0H0A08070C0D08020G000C01050I0J0K0Q0I0e0J
p1	1DIee	rust-pathfinder-v0.1.0	lunatic-v0.1.0	L	P	0R0M0L00020103080A0H090G0K0D060B0D0Y0X0W0f0F0m0Y0O0X0N0H0G0V0Q0J0d0k0Q0U2x0M3b
p1	1DIef	lunatic-v0.1.0	rust-pathfinder-v0.1.0	D	P	0B0O0P0Q040P0L0M0N0J000K070E0F0G090V02030G0A0U0F0W0M0I0N0P0H0R0I
p1	1DIeg	rust-pathfinder-v0.1.0	lunatic-v0.1.0	L	P	0C0b050e0a0Z0X0Q0J0a0g0c0S0d0Z0L0E0M0L07000807
p1	1DIeh	lunatic-v0.1.0	rust-pathfinder-v0.1.0	D	P	0J0O0Q0Z0e0Y0X080C0D050W0l0X020P0N06090G070K0F0H080E0L0S0E0F0M0V530U0a5q
p1	1DIei	rust-pathfinder-v0.1.0	lunatic-v0.1.0	L	P	0b020100040B0I010A0P030B08090i070A0H0O0N0H0O0V0G0F0O0G0c0L0a0M0Q0T0U0V0b0U0O0b
p1	1DIej	lunatic-v0.1.0	rust-pathfinder-v0.1.0	D	P	0g09070E0L08000E0A0F030B0H0A0C0D050C
p1	1DIek	rust-pathfinder-v0.1.0	lunatic-v0.1.0	L	P	0Y0803070A0H0O09000B0E0A070L0S0C0L0Z0g0D0Z
p1	1DIel	lunatic-v0.1.0	rust-pathfinder-v0.1.0	D	P	0j0f0c090A0B030b0a0N0A0M080405070C060O0L0H0P0V0O0Q0R0J0Q
p1	1DIem	rust-pathfinder-v0.1.0	lunatic-v0.1.0	L	P	0G0j0h000i0201080F03080L0N0U0b0M0U
p1	1DIen	lunatic-v0.1.0	rust-pathfinder-v0.1.0	D	P	0Q0I0J0K050J0C0D0J0B0H0C0A09030A070001020801
p1	1DIeo	rust-pathfinder-v0.1.0	lunatic-v0.1.0	L	P	070c000Z0a0b0g0a0S0E0Z0F0L0G0E
p1	1DIep	lunatic-v0.1.0	rust-pathfinder-v0.1.0	D	P	0l05000L0M0N0O0P0M0D0O0Q010N08060M0F0O090A0E0H0G03090V0I0c0H0R0B0204
p1	1DIeq	rust-pathfinder-v0.1.0	lunatic-v0.1.0	L	P	0i0h0b0j0e0g0i0201000V03010806040D050K070J0Q0X090Q0l0W0A0U
p1	1DIer	lunatic-v0.1.0	rust-pathfinder-v0.1.0	D	P	0F0K010807000902030108040A0305060B05
p1	1DIes	rust-pathfinder-v0.1.0	lunatic-v0.1.0	L	P	040H0B0I0P0E0I0J0A030I0506040C0W0D0F0d0G0W0k0c0j0V0g000h0i0b0U010b
p1	1DIet	lunatic-v0.1.0	rust-pathfinder-v0.1.0	D	P	0W0A0B0C040B0I0D0B0P0903020A0G080B090O0H0Q030P0J0d0I0700010F0E0G0M0T050M0616
p1	1DIeu	rust-pathfinder-v0.1.0	lunatic-v0.1.0	L	P	0m0O0R0Y0f060805010F0M0T020F0Y04030A090G0N0M0S0B0L0E070Z0E0G0g0H25
p1	1DIev	lunatic-v0.1.0	rust-pathfinder-v0.1.0	D	P	010m0h0E0F0G080H0F000M020T01030409030N0B05060C05
p1	1DIew	rust-pathfinder-v0.1.0	lunatic-v0.1.0	L	P	0N0002090G0U090S0T0a0W0M0O0T040V0c0j0V0b0d0k0m0e0f0X0e
p1	1DIex	lunatic-v0.1.0	rust-pathfinder-v0.1.0	D	P	0d0R0P0O0N00040V0W0X0B0W0U0O0203090G0F0E0H0F0c0A010H050Q
p1	1DIey	rust-pathfinder-v0.1.0	lunatic-v0.1.0	L	P	0h00030104020B0I0A0H0O090V0H0K0C0D0R0Y0G0R05060f0m0J0f
p1	1DIez	lunatic-v0.1.0	rust-pathfinder-v0.1.0	D	P	0D0W0Y0R0K0X060R0Q0P000E010Q080M0N0O090N020F
p1	1DIf-	rust-pathfinder-v0.1.0	lunatic-v0.1.0	L	P	0S0W0207090G0N0U0G0L0V0Z000c0j0O0H0c0O0a0S0X0h0Y0i0b0T0d0U0a1M
p1	1DIf0	rust-pathfinder-v0.1.0	lunatic-v0.1.0	L	P	020C090G0N0U0G0S0T0a0W0M0O0T000V0c0j0V0b0d0k0m0e0f0X0e
p1	1DIf1	lunatic-v0.1.0	rust-pathfinder-v0.1.0	D	P	0Y0d0f0C0D060B0504030C0402010902000A070S0F0T0H0O080U0H0V0R0G0NNu0P0U0M1v
p1	1DIf2	rust-pathfinder-v0.1.0	lunatic-v0.1.0	L	P	0A0L0H0O0V0M0O030U000601020T090a0j0c0b0i0h040i
p1	1DIf3	lunatic-v0.1.0	rust-pathfinder-v0.1.0	D	P	0N0b0Z0g0h0i000h020c0d03040506080B0A0903070C0D0F0I0H0G0V0E0e0P0d1Q0m320k020l
p1	1DIf4	rust-pathfinder-v0.1.0	lunatic-v0.1.0	D	P	0G0L010M0N0O0l0N0C090D0Q0F080H0A0J0P0X0e0W0Q0I0R030P
p1	1DIf5	lunatic-v0.1.0	rust-pathfinder-v0.1.0	D	P	0l0X0S0L0E00010L0M0C08020F0103040903060B0D0Y0J0Q0I0J
p1	1DIf6	rust-pathfinder-v0.1.0	lunatic-v0.1.0	L	P	0N0l0m000501060D0B020K0R0D0J0I030C0P0H0O0U0A0M0H0G0Q0H0b0i0V5B
p1	1DIf7	lunatic-v0.1.0	rust-pathfinder-v0.1.0	D	P	0f090D0K0R0Y0X0W060X0S0V000g070E0L0b0E020T0h010U030a
p1	1DIf8	rust-pathfinder-v0.1.0	lunatic-v0.1.0	L	P	050k0j0i0m0d0j0Z0f0W0Y0P0Q0R0X0Q0A0e0K0a0R0C0J0B0C
p1	1DIf9	lunatic-v0.1.0	rust-pathfinder-v0.1.0	D	P	0A0G0H0I030H0O09080H0F0109020M09000N0T0L070M0J0K050J
p1	1DIfA	rust-pathfinder-v0.1.0	lunatic-v0.1.0	L	P	020j0k0l0a0g0h0i0d0h0k0T0M0F0R0W0P0V0U0W0c0I0N0G090b0a0G0H0A030O0P0A080O0B0Q0b010P0E080H9Y0I3J
p1	1DIfB	lunatic-v0.1.0	rust-pathfinder-v0.1.0	D	P	010E0F0G080F0M070F090H080A0B030A0C0D050C
p1	1DIfC	rust-pathfinder-v0.1.0	lunatic-v0.1.0	L	P	0Z0c0e000X05060D04010B0l0m020C0J0Q030J050K0f0d0k0b0W0Y040D0I0f
p1	1DIfD	lunatic-v0.1.0	rust-pathfinder-v0.1.0	D	P	070O0L0E0F0G000F040N0P0J0I0H0B0I0K060C050D0C
p1	1DIfE	rust-pathfinder-v0.1.0	lunatic-v0.1.0	L	P	0Q0E0J05060D0K0X0D0S000T010U020V0B0W0e0Y0X0l0d0k0m0f0d0c0R031M0i0j0c27010c
p1	1DIfF	lunatic-v0.1.0	rust-pathfinder-v0.1.0	L	P	0N0F0G0H020G0908070G0E08000K0M0T0I0S0L0Z0M0a0U0V0b0W0U0c0i030b
p1	1DIfG	rust-pathfinder-v0.1.0	lunatic-v0.1.0	D	P	0P0b000Z0a070I0B0g0804090B0W050A0C0H0G0N0O0V0H0X0G0F0d0M0W0k4T0l0j0i030jJl0U1J0b018Q
p1	1DIfH	lunatic-v0.1.0	rust-pathfinder-v0.1.0	D	P	0H080A09030B0O0A07000C0D050J010F0C0Q0I0P0E0I0G020401060K
p1	1DIfI	rust-pathfinder-v0.1.0	lunatic-v0.1.0	L	P	0b0j0i0h0e0g0i0201000V03010806040D050K070J0Q0X090Q0l0W0A0U
p1	1DIfJ	lunatic-v0.1.0	rust-pathfinder-v0.1.0	D	P	0G0A09080209070N000G0E0T0L0U0S0g0a0h0Z0c0a010i0j0M0i0O0V0N0F0b0d0e0f0P2A
p1	1DIfK	rust-pathfinder-v0.1.0	lunatic-v0.1.0	L	P	090Z020b0g0a0S0c0Z0L0E0M0L07000807
p1	1DIfL	lunatic-v0.1.0	rust-pathfinder-v0.1.0	D	P	0k0N0P0O040Q0B0P0L06000D070E0F0G080M0R0K0F0T0H0V0J0C0S0U0a0W0g5X01LE0B8k02PZ0qAD00Az
p1	1DIfM	rust-pathfinder-v0.1.0	lunatic-v0.1.0	L	P	060E0700080F07010J020D0G0K0H0O0V0R0Y0f0O0Y0m0N0M090e0d0W0e0k0l
p1	1DIfN	lunatic-v0.1.0	rust-pathfinder-v0.1.0	D	P	0D0A060Q0R0K0P0J040Q0B0I090H0G0A02030N0F0U0G0E0007010802
p1	1DIfO	rust-pathfinder-v0.1.0	lunatic-v0.1.0	L	P	0d0N0E0L0S0M0L000k0105020B0I0P0W040I0C0J080F0P030W0I0Q0A0J
p1	1DIfP	lunatic-v0.1.0	rust-pathfinder-v0.1.0	D	P	050W0X0Y0C0X0S06000D070G0E0L0M0V0Z0N0F0g0H0h0M0b0O0c010a
p1	1DIfQ	rust-pathfinder-v0.1.0	lunatic-v0.1.0	L	P	0i020100050C0J010C0Q06030I0P0T0B0D0R0I0H0K0A0X0O0Q0e0l0W0e
p1	1DIfR	lunatic-v0.1.0	rust-pathfinder-v0.1.0	D	P	0l0g050D0C0B0J0C0806010H0F0G0M0E0T0F000A
p1	1DIfS	rust-pathfinder-v0.1.0	lunatic-v0.1.0	L	P	0I0G0B0403020800030P0W0d0P0Z0A0a0k0b0d
p1	1DIfT	lunatic-v0.1.0	rust-pathfinder-v0.1.0	D	P	0R0P060K0D0Q0K0m0X0e0W0d0c0W030f0A0O0N0M090L0N0G0F0E0H0I0F000T0H081700Bs
p1	1DIfU	rust-pathfinder-v0.1.0	lunatic-v0.1.0	D	P	0Y0E010F0G0H080G0M0I0F0T060J030K0A0N0B0L0C0M
p1	1DIfV	lunatic-v0.1.0	rust-pathfinder-v0.1.0	D	P	0D06000E0F0G0H090F0L01020304050A08070M080J020Q0I0X0B0e040C05
p1	1DIfW	rust-pathfinder-v0.1.0	lunatic-v0.1.0	L	P	0M0f0T0a0h0Z0a0b0Y0R0a010G020N0300070E0407050F
p1	1DIfX	lunatic-v0.1.0	rust-pathfinder-v0.1.0	D	P	050D0C0B0J0C070H0E000102080103040903
p1	1DIfY	rust-pathfinder-v0.1.0	lunatic-v0.1.0	L	P	0S0E020G090F0L0H0N0I070G0E0U000Z0g0J0Z
p1	1DIfZ	lunatic-v0.1.0	rust-pathfinder-v0.1.0	D	P	0M0G0F0E010F08070F090H080A0B030A0C0D050C
p1	1DIf_	lunatic-v0.1.0	rust-pathfinder-v0.1.0	D	P	0V0W0X05030H0E04070g0h06000i0F0h0j0k0G0N0U0j0I0m0l0e0d0f0M0W010d
p1	1DIfa	rust-pathfinder-v0.1.0	lunatic-v0.1.0	L	P	0Y050203090104000k0B0I0P0H0B0A0O0I0L0B0M0R0J0K0f0m0J0C0f0W0d0X0P0e0D8P0G3x028e
p1	1DIfb	lunatic-v0.1.0	rust-pathfinder-v0.1.0	D	P	0i0A090802090G07090U0B0O0F0A0100090N0M0L0T0S0M080T0A0V04090U0H030T0A0U0905060C05
p1	1DIfc	rust-pathfinder-v0.1.0	lunatic-v0.1.0	L	P	0G0b0U0N02090k0B0407030A00080H0C0A0D0P0W060I0J0Q010O0V0U0E0O0V0c0O0P070O0K0L0S0Z0g0LC20M1m0R2e
p1	1DIfd	lunatic-v0.1.0	rust-pathfinder-v0.1.0	D	P	0f05060E04000K0D0C0m0k0l0d0j0B0k0i0h0I0i0g050a0T0P0a0L0S
p1	1DIfe	rust-pathfinder-v0.1.0	lunatic-v0.1.0	L	P	0b0e0i0201000304010806030D0K0E0C0R0Y0K0Q0G0J0F050I08070J090H080N0U0A5k
p1	1DIff	lunatic-v0.1.0	rust-pathfinder-v0.1.0	D	P	080D010Z0a0b0F0a0c0U0V0E0T0M0j0G030d0A0c0e0f0H0e
p1	1DIfg	rust-pathfinder-v0.1.0	lunatic-v0.1.0	L	P	0N0002090G0U090S0T0a0W0M0O0T040V0c0j0V0b0d0k0m0e0f0X0e
p1	1DIfh	lunatic-v0.1.0	rust-pathfinder-v0.1.0	D	P	010008020F01030405030C060J05
p1	1DIfi	rust-pathfinder-v0.1.0	lunatic-v0.1.0	L	P	060G050E0C0J0Q0F0J0X0P0W0D0I0K0Y0P0O0e0H0X0l0d0k0B0W000X0N0I09040P0O070G0L020e0M0X0m0N0U08010A030E1-4d2w0p3j0V0c2F0W0Z0i0S4V0hOJ0T009-1L2JCs270U0a
p1	1DIfj	lunatic-v0.1.0	rust-pathfinder-v0.1.0	D	P	090g0i0U0T0S0V0W0T0V010F020M0X0N050Y0C0X000E
p1	1DIfk	rust-pathfinder-v0.1.0	lunatic-v0.1.0	L	P	03050A0H0O0V0H0S010T040U0P0W020I0c0G0V0H0B0J0P0K0I0j0l0Q0d000e
p1	1DIfl	lunatic-v0.1.0	rust-pathfinder-v0.1.0	D	P	0A0X0V0W030U0H0T0V0O0N0M0P0Q000L060R0N0G0F0c010V
p1	1DIfm	rust-pathfinder-v0.1.0	lunatic-v0.1.0	L	P	0U0k0b0i0j02040001080F070B080I0M0O0c0V03050c0d0W0H0c0d060c
p1	1DIfn	lunatic-v0.1.0	rust-pathfinder-v0.1.0	D	P	0I090B0A040C0P0B0700010D0E020801
p1	1DIfo	rust-pathfinder-v0.1.0	lunatic-v0.1.0	L	P	0M0J050F080E0F0G0C0F0Q010J0T0X0e0l0H0e
p1	1DIfp	lunatic-v0.1.0	rust-pathfinder-v0.1.0	D	P	0M0201000801030405030C060J05
p1	1DIfq	rust-pathfinder-v0.1.0	lunatic-v0.1.0	L	P	010d0M0a0T080h070F0a00080E0Z070b0i0c0U0e0b
p1	1DIfr	lunatic-v0.1.0	rust-pathfinder-v0.1.0	D	P	0k0U0W0V040X0B0W0S000Y0L0E0P010L0M0N060M0D0O0K0R0Q0J0I0Q
p1	1DIfs	rust-pathfinder-v0.1.0	lunatic-v0.1.0	L	P	0U0W0b020100030401080E030705090G0M080F0i080g0h0a0T060a
p1	1DIft	lunatic-v0.1.0	rust-pathfinder-v0.1.0	D	P	0E0D070S0T0U000T0V0M030N0O020104050a0A0H0I0J0G0I0b040h09080G0Z0C
p1	1DIfu	rust-pathfinder-v0.1.0	lunatic-v0.1.0	L	P	070H050E0L0F0E000208010G090S080M0N0I0Z0G0S0U0g
p1	1DIfv	lunatic-v0.1.0	rust-pathfinder-v0.1.0	D	P	0Y0d0f0C0D060B0504030C0402010902000A070S0F0T0H0O080U0H0V0R0G0NNu0P0U0M1v
p1	1DIfw	rust-pathfinder-v0.1.0	lunatic-v0.1.0	L	P	0B0b040d0k0Z0W0I0P0d0K0I0c0C0D0E060F0J0Q0R000Q0V0O0j0i0VYx0N0e014S
p1	1DIfx	lunatic-v0.1.0	rust-pathfinder-v0.1.0	D	P	0Q0f0e0d050e0Z00010g0h0S08060F0T0G0N0U030a0i0M0h0N0c020b
p1	1DIfy	rust-pathfinder-v0.1.0	lunatic-v0.1.0	L	P	0Z0J0g0E0F0G0B0F0H0I040H0P0K0I0W0d0O090Q0N0M0P0W0D0G0N060L0O070M0P0E0W000k
p1	1DIfz	lunatic-v0.1.0	rust-pathfinder-v0.1.0	L	P	0P0G0I0403050A010B020W03060g0C0K0k0D0d0J000H070C080O0N0A090U0B0G0A090O0E0L0j0i0T0E215z0S7S0N8n0a9Z
p1	1DIg-	rust-pathfinder-v0.1.0	lunatic-v0.1.0	L	P	0B0J0C05040301020400070E080I0D010C0F0P0A0K0H0R0Y0f0I0Q0W0G0J090X0A0Y0N0m0U1M0i0V0b
p1	1DIg0	rust-pathfinder-v0.1.0	lunatic-v0.1.0	L	P	0b0D01070i080F09080A000B0N0U0G0C0H0O0M0T0a0H0T
p1	1DIg1	lunatic-v0.1.0	rust-pathfinder-v0.1.0	D	P	0K04060D0C0B0005070O0E0g0F0h0i0j0G0i0k0l0H0k0V0m
p1	1DIg2	rust-pathfinder-v0.1.0	lunatic-v0.1.0	L	P	0N0l0m000501060D0B020K0R0D0J0I030C0P0H0O0U0A0M0H0G0Q0H0b0i0V5B
p1	1DIg3	lunatic-v0.1.0	rust-pathfinder-v0.1.0	D	P	0e02050B0C0D0J0C000H070S0E0T0F0N0103040I060G0K0M0D0f0Q0d0X0P0O0R0x0Y1p0U4u0b3w0c6m0W0l2q
p1	1DIg4	rust-pathfinder-v0.1.0	lunatic-v0.1.0	L	P	090c0b0a0i0b0U0G0b02000E090F070H0C0I010J0L050E0K0N0M0G0O0T0F0S
p1	1DIg5	lunatic-v0.1.0	rust-pathfinder-v0.1.0	D	P	0B07040L0P0I0H0G0J0H0C0K0Q0J010F0008
p1	1DIg6	rust-pathfinder-v0.1.0	lunatic-v0.1.0	D	P	080I010F0M0E0F0G09020F00090105030K040J060H05
p1	1DIg7	lunatic-v0.1.0	rust-pathfinder-v0.1.0	D	P	0I0c0d0e040d0Z0g0f0m0h0M000S020N0B0U0l0k010l030L050V
p1	1DIg8	rust-pathfinder-v0.1.0	lunatic-v0.1.0	L	P	000f0b070M080E09070S0F0T0L0U0a0i0T0h0g0Z0b0c0d010c020j
p1	1DIg9	lunatic-v0.1.0	rust-pathfinder-v0.1.0	D	P	0h0Q0M0S0T0U010V0T0a0Z0g0b0N0Z0L080i0M0h0O0c0F0W060R000P020b
p1	1DIgA	rust-pathfinder-v0.1.0	lunatic-v0.1.0	L	P	0U0m0b0i0h0g0j0k0h02000107030E040M0a0T050a060F
p1	1DIgB	lunatic-v0.1.0	rust-pathfinder-v0.1.0	D	P	0I0504030B040006070S0E0L0M0N0F0M0T0O0M0d0a0U0h0T0H0A090V0A0H0G0W0A0H0JH0
p1	1DIgC	rust-pathfinder-v0.1.0	lunatic-v0.1.0	D	P	020T0N0U0b090U0V0G0U0i0S090W0O0H0L0F0O0G0E0X0N0Y0M0U
p1	1DIgD	lunatic-v0.1.0	rust-pathfinder-v0.1.0	D	P	0h0K0F0M0T00010208010304090305060A05
p1	1DIgE	rust-pathfinder-v0.1.0	lunatic-v0.1.0	L	P	0b090G0N0U070G08020N0O090E0P000A070L0G0M0S0N0L090g0Z0a0T0h0V050C0U010T
p1	1DIgF	lunatic-v0.1.0	rust-pathfinder-v0.1.0	D	P	0B0N0P0O040Q0I0J0K03020L0P060R030W050A040d010902000E080F0708
p1	1DIgG	rust-pathfinder-v0.1.0	lunatic-v0.1.0	L	P	0O0I0H0G0E070H0L0A03060V0D0Y0c0M0W0j0V0g0B040E0h0i000K010209080F0P0w080b2t090J0B0I1_0b
p1	1DIgH	lunatic-v0.1.0	rust-pathfinder-v0.1.0	L	P	060l0m0G0k0F0K0D0C0E0R070Y0P0f0B050J0C0j0I0l0J
p1	1DIgI	rust-pathfinder-v0.1.0	lunatic-v0.1.0	L	P	0b0Q0J0C0i090108020A0G0N090L0U0M0N
p1	1DIgJ	lunatic-v0.1.0	rust-pathfinder-v0.1.0	D	P	0N0D090A0B0G0I0504030P04020A0F0E0H0F000Z0a0O010H060C
p1	1DIgK	rust-pathfinder-v0.1.0	lunatic-v0.1.0	L	P	0h0j0i00030102090G0804090B0N0I0P0O0V0H0G0A0Q050R060U0F0M0J0F0X0W5C0Y0V0b2t023f
p1	1DIgL	lunatic-v0.1.0	rust-pathfinder-v0.1.0	D	P	0Y0E0K0R0Q0P010Q080O0F0N0M0G0T0F
p1	1DIgM	rust-pathfinder-v0.1.0	lunatic-v0.1.0	L	P	010C080F0M0T0F0S0N0U0b0V0U0i0g0a0Z0h0a
p1	1DIgN	lunatic-v0.1.0	rust-pathfinder-v0.1.0	D	P	0700010203010A040H0305060B05
p1	1DIgO	rust-pathfinder-v0.1.0	lunatic-v0.1.0	L	P	0X0K030E0A0H0O0F0H0c000Z010a0P0b0W0d0k0e0d
p1	1DIgP	lunatic-v0.1.0	rust-pathfinder-v0.1.0	D	P	0E0d0Z0S0L0g0h0i000h070j050m0l0k0C0l
p1	1DIgQ	rust-pathfinder-v0.1.0	lunatic-v0.1.0	L	P	0E0L0S000L01040203090B0I0J0K0A0H0P0G0O0I0H0W0U0J0N0b0i0P0b
p1	1DIgR	lunatic-v0.1.0	rust-pathfinder-v0.1.0	D	P	0E0T0S0L0U0D020A090B0G080C09070F05060J0100040M05010N030M
p1	1DIgS	rust-pathfinder-v0.1.0	lunatic-v0.1.0	D	P	0f080m0D04070A09010B0C0J050A000I030K
p1	1DIgT	lunatic-v0.1.0	rust-pathfinder-v0.1.0	D	P	0E0U0S0L0M0N000M03060A0V0W0O0P0Q0B0R0P0X0I0W
p1	1DIgU	rust-pathfinder-v0.1.0	lunatic-v0.1.0	D	P	0f0Q0M00020103080A0H090G0F0E070F0N0T0G0U0I0O0H0M0P0W050R0Y0V0B0X
p1	1DIgV	lunatic-v0.1.0	rust-pathfinder-v0.1.0	D	P	000X0S0L0E070809010Y080g0A0a03020H0P0O0Q0V0N0c0O0L0Z0F0T0U0b0T0U
p1	1DIgW	rust-pathfinder-v0.1.0	lunatic-v0.1.0	L	P	0f0L0m0R0X0Q0J0M0K0D0O0Q0P0e0H0C0A0N0X030Y0W090V0I000J020Q0G05010C
p1	1DIgX	lunatic-v0.1.0	rust-pathfinder-v0.1.0	L	P	0d0K0I0J040H0B0G0I090P03020O0N0A0W0C0k080B
p1	1DIgY	rust-pathfinder-v0.1.0	lunatic-v0.1.0	L	P	0K0601080F0M080L0T0N0M0a0h0Z0a
p1	1DIgZ	lunatic-v0.1.0	rust-pathfinder-v0.1.0	D	P	0009070L0M0N080M0A0F0O0E03090H060V0P0c0O0Q0R0I0Q
p1	1DIg_	lunatic-v0.1.0	rust-pathfinder-v0.1.0	L	P	0k0b0d0A0B0C040c0B00090D0I010W0G0P
p1	1DIga	rust-pathfinder-v0.1.0	lunatic-v0.1.0	L	P	0N0T0U0V0X0O0R0M0Y0K0D0H0K0L060N0e0l0d0k0c0W0m0j0f
p1	1DIgb	lunatic-v0.1.0	rust-pathfinder-v0.1.0	D	P	0j0Z0c090A0B030b0a0N0A0O080C0M01090G0F0E0T0H0F0L0b0M0D06050J0I0P001s015f
p1	1DIgc	rust-pathfinder-v0.1.0	lunatic-v0.1.0	L	P	0W0P0I040O00030201030M0806050D070J0d0P0Z0k0a0d090C
p1	1DIgd	lunatic-v0.1.0	rust-pathfinder-v0.1.0	D	P	0B0304050I040006070S0E0L0M0N0F0M0T0O0M0d0a0U0h0T0H0A090V0A0H0G0W0A0H0JH0
p1	1DIge	rust-pathfinder-v0.1.0	lunatic-v0.1.0	L	P	0C0G050J0Q0E0J0X0W0V0e0F0X0l0m0f0Y000f
p1	1DIgf	lunatic-v0.1.0	rust-pathfinder-v0.1.0	D	P	0M0L010N080M0O0P0Q0O050R0C0Q
p1	1DIgg	rust-pathfinder-v0.1.0	lunatic-v0.1.0	L	P	0V00090102030502060G0D0K0R040K0Y0B0I0f0B0Y0m0X0e0d0g0e0h0k
p1	1DIgh	lunatic-v0.1.0	rust-pathfinder-v0.1.0	D	P	0d0g0k0A0B0C040j0i0O0B0P090D0N0F0G0A0E020B0M0A030N0H0I050W040P010L00
p1	1DIgi	rust-pathfinder-v0.1.0	lunatic-v0.1.0	L	P	0V0W0X0004010W0B0c02030A0j0C0I090B0P0R0d050b0W0c0P0O060Q0K0P0D0e0V0C0c0B0H0I0A0G0W0H0O0N0X1J0J003U
p1	1DIgj	lunatic-v0.1.0	rust-pathfinder-v0.1.0	D	P	0E0k0g0S0T0U0V0T030L0A0N0O0M0H0b0c0j0i0G0a0I0b0H0J0K050J
p1	1DIgk	rust-pathfinder-v0.1.0	lunatic-v0.1.0	L	P	0m0g0107020803090F0A080M060B0T0C0M0a0U0b0h0i050N0O0h0N0c040d0V0e640k0l0c300f3g
p1	1DIgl	lunatic-v0.1.0	rust-pathfinder-v0.1.0	D	P	060K0E0L0S0g0h0L0M0O0002070i0F0h0j0N0T0M04030B0P0C0Q010J
p1	1DIgm	rust-pathfinder-v0.1.0	lunatic-v0.1.0	L	P	0f09030708000A0H090E0O0F0H01020V0Y0G0N0U0G0M0b0P0i0U0c0Q0V
p1	1DIgn	lunatic-v0.1.0	rust-pathfinder-v0.1.0	D	P	0e0M0Q0X0W0Y040L0I020B000k030P050104060V0C070W080F0J0K0D0C0J0Q0C0T080U09
p1	1DIgo	rust-pathfinder-v0.1.0	lunatic-v0.1.0	L	P	0g0e0Z00020103080A0H0I0J090G0O0F0H0I0K0H0N0V0G0C0T040M050S
p1	1DIgp	lunatic-v0.1.0	rust-pathfinder-v0.1.0	D	P	060S0Y0R0K0D0C0B050l0C0m0A0k0j0i030j0h0g010h
p1	1DIgq	rust-pathfinder-v0.1.0	lunatic-v0.1.0	L	P	0P0l0a0g0b0h0i0j060T0i0U0a0S0Z0V0L0W0S0I080E070F0E0100
p1	1DIgr	lunatic-v0.1.0	rust-pathfinder-v0.1.0	D	P	020O0N0M090N0L0H000g070E040C0B060D0A0I010G0F0U0H0N0G0P0J0O0I0K0Q0R0C050W0B0V0P0O1O0X2p0Q0Y0C6X0I3y040E000B056Q0AAn020703
p1	1DIgs	rust-pathfinder-v0.1.0	lunatic-v0.1.0	D	P	040305000B0I0P0W0I0S0H0T0N0U0G0V0M0F0O0X0d0Y0W0k0c0j0V0b0M0eJj0g5H0i0m0hIG050Z0eV01O
p1	1DIgt	lunatic-v0.1.0	rust-pathfinder-v0.1.0	D	P	0O0F0H03020409010A02000G050607050E0S0M0L080N0F0U0M0P0Q0C0T090V0G0a0N0h0M
p1	1DIgu	rust-pathfinder-v0.1.0	lunatic-v0.1.0	D	P	0Y0D02090G07090N000L0M0T0a0h0T0F080g0F0i0l0c0Q0b050Z0H0e0K0R0X0f0P0e5D0WKe6X0V0O0WB80U0V
p1	1DIgv	lunatic-v0.1.0	rust-pathfinder-v0.1.0	D	P	0U0Q0N00020109030G0204050A04060B0C0J0B0K0C0I0D0B
p1	1DIgw	rust-pathfinder-v0.1.0	lunatic-v0.1.0	L	P	0C0L0E070J0Q0X0M0Q05060e0D0N0l0O0e
p1	1DIgx	lunatic-v0.1.0	rust-pathfinder-v0.1.0	D	P	090L0N0M020O0G0H0I0F0E0S0N0F0P0A0B01000V0U0T0b0U0W010c0j040c0d0X0k0W0i0Y
p1	1DIgy	rust-pathfinder-v0.1.0	lunatic-v0.1.0	L	P	0V0c0j030c00020106020D040K050Q0B0P070J080O
p1	1DIgz	lunatic-v0.1.0	rust-pathfinder-v0.1.0	D	P	0H0O0V00030A090B020D0G080C0905040I060J050107
p1	1DIh-	rust-pathfinder-v0.1.0	lunatic-v0.1.0	L	P	0k0a0V0Z0d000W01040B0603050C0I020P0B0J0A0C
p1	1DIh0	rust-pathfinder-v0.1.0	lunatic-v0.1.0	L	P	070V000S0T0U0O0H0T0M0F0a0M0W0I0J0h0X0a0108
p1	1DIh1	lunatic-v0.1.0	rust-pathfinder-v0.1.0	D	P	0I0P0W0A0B0C040B0700010D0E0208010309
p1	1DIh2	rust-pathfinder-v0.1.0	lunatic-v0.1.0	L	P	0c0X0V030201040502090G00090j0B0g0A0H0F0h0i0N0A0I0P0J0O0b0U0H0b0N0A040H
p1	1DIh3	lunatic-v0.1.0	rust-pathfinder-v0.1.0	D	P	0A0E0H0b0c0d030c0a0I0J0Z0e0f0a0Q0X0Y0e0W0I0l0F0X0G0L0M0T0S0h0g0a0U0Z
p1	1DIh4	rust-pathfinder-v0.1.0	lunatic-v0.1.0	L	P	010h0i0j0e0l0k0X0V0d0W0Y0d0L0O0A040B0H0703080A
p1	1DIh5	lunatic-v0.1.0	rust-pathfinder-v0.1.0	L	P	0706000E0L0Z0a0b0E0a0c0P0M020N0U0V0G0T0h0U0N0O0d0Q0U0c0N0e030405090X0A0g080d0H2b0c0H043N0A0l0HDT0j
p1	1DIh6	rust-pathfinder-v0.1.0	lunatic-v0.1.0	L	P	030m010g0b0h050i0k0U000V020W0P0I0d0X0P0Y0W0H0O0E0A0F0H
p1	1DIh7	lunatic-v0.1.0	rust-pathfinder-v0.1.0	D	P	0K0R0Y0C0D060B0R040H0I050G030P0402070A0109020008
p1	1DIh8	rust-pathfinder-v0.1.0	lunatic-v0.1.0	L	P	0i040102080003010G0F0A0H0O080H0G090I0B0H0N0V0G0U0b0J0U
p1	1DIh9	lunatic-v0.1.0	rust-pathfinder-v0.1.0	D	P	0d00040I0F0H0108090A0J09070K050J0L020301
p1	1DIhA	rust-pathfinder-v0.1.0	lunatic-v0.1.0	L	P	0M00020109030502060G0D0K0R040K0Y0B0I0f0B0Y0m0X0e0d0g0e0h0k
p1	1DIhB	lunatic-v0.1.0	rust-pathfinder-v0.1.0	D	P	0Z0T0S0L0E0g0U0L02090G0h0i0j090i0k0l0N0k0m0M0e0X0V0e060Y
p1	1DIhC	rust-pathfinder-v0.1.0	lunatic-v0.1.0	D	P	0Z0V080S0L0T0S0g000a0b0U0a0h0E0i0X0j0a0k0m0d0f0P0c0b0e0Q070R0J0O0B0Q
p1	1DIhD	lunatic-v0.1.0	rust-pathfinder-v0.1.0	L	P	0h0f0a070809010A080B0F0E0M0G0T060F
p1	1DIhE	rust-pathfinder-v0.1.0	lunatic-v0.1.0	L	P	0O0b0U0N0j0P0U0O0G0L0N0M0V0N03090H0A0G0O0W0c0S0Z0V0d0H0c0O0A0W0e0k0U0d07020809
p1	1DIhF	lunatic-v0.1.0	rust-pathfinder-v0.1.0	D	P	0J0T0X0R0Q0P050Q000S020U030O010N
p1	1DIhG	rust-pathfinder-v0.1.0	lunatic-v0.1.0	L	P	0Q0100020403050C0J070C0X0K0S0F0T0G0U0H0V0e0W0Y0l0X0d060f0m0e1Q
p1	1DIhH	lunatic-v0.1.0	rust-pathfinder-v0.1.0	D	P	0Y070D0K0R0605040C0503020A0301000801
p1	1DIhI	rust-pathfinder-v0.1.0	lunatic-v0.1.0	L	P	010d0M0a0T080h070F0a00080E0Z070b0i0c0U0e0b
p1	1DIhJ	lunatic-v0.1.0	rust-pathfinder-v0.1.0	D	P	0k00040302010B0W0U0A090V0G070N0M0c0O0b0N0L0E0X0P0Q0F0C0R0J0Q
p1	1DIhK	rust-pathfinder-v0.1.0	lunatic-v0.1.0	L	P	0I0W0B0S0P0T0d0U0W0k040V0X0c0e0l0m0f0Y000f
p1	1DIhL	lunatic-v0.1.0	rust-pathfinder-v0.1.0	D	P	0104080Z0a0b0F0a0c0U0V0T0G0N0O090M070N0W080V0A0X0Y0S0P000d020W0301090j08050t0BMI
p1	1DIhM	rust-pathfinder-v0.1.0	lunatic-v0.1.0	L	P	0Y0b0U0N0f0R0K0L0R0603050m04020A0H0I0A0G0B0C0D0H0C
p1	1DIhN	lunatic-v0.1.0	rust-pathfinder-v0.1.0	D	P	0V05030G0H0I0A0F0H0O0J0P0N0M0Q0I0B000H040O0E0c020j03060I0C0K0H0D0B010J0U0T0I070B0L0C
p1	1DIhO	rust-pathfinder-v0.1.0	lunatic-v0.1.0	L	P	0I0T0P0W0d0S0W04060k0G0U050V0X0c0b0i0j0C0H000c010J020C
p1	1DIhP	lunatic-v0.1.0	rust-pathfinder-v0.1.0	D	P	0i0Q0N0U0b0T0U0V020U0S0R000E090L0G0W0M0F010M030P
p1	1DIhQ	rust-pathfinder-v0.1.0	lunatic-v0.1.0	L	P	0e0O0X0Q0J0L0Q05060D0I040K000D0l0m0f0Y010f
p1	1DIhR	lunatic-v0.1.0	rust-pathfinder-v0.1.0	D	P	060a0f0Y0R0C0D0K0B0M0J0m0l0k0C0l0A0j090i000Z010b
p1	1DIhS	rust-pathfinder-v0.1.0	lunatic-v0.1.0	L	P	0j0H0O0V080F0M0T000F0U010N0G090b0G0S0i0W0b0208070E0307
p1	1DIhT	lunatic-v0.1.0	rust-pathfinder-v0.1.0	D	P	0c0U0V0W030V0O0N0M0V0T000a0S010T0X0Y050X
p1	1DIhU	rust-pathfinder-v0.1.0	lunatic-v0.1.0	L	P	0M0W010T0a080T070F09080h0g0Z0S000Z
p1	1DIhV	lunatic-v0.1.0	rust-pathfinder-v0.1.0	D	P	0X0J0E07000L0S07080g0h0C010i0F090L080A0304020G050B040D06
p1	1DIhW	rust-pathfinder-v0.1.0	lunatic-v0.1.0	L	P	0c0O0V0L0H0M0O030j00020106020C04050B0A0I0B
p1	1DIhX	lunatic-v0.1.0	rust-pathfinder-v0.1.0	D	P	0T0Y010708090F080A0E030B0G020A040C0305060B05
p1	1DIhY	rust-pathfinder-v0.1.0	lunatic-v0.1.0	L	P	0M0a0T0Z0h0b0a0100070E0207030F
p1	1DIhZ	lunatic-v0.1.0	rust-pathfinder-v0.1.0	D	P	0i0j0k0H0G0F0I0G040B0C0D0A080O090C060A03020B030P0Q0I0A0H0C0J0K070W05000C
p1	1DIh_	lunatic-v0.1.0	rust-pathfinder-v0.1.0	D	P	0G0J02090700010E08070A0F080M0N0H0O0U0b0i0L0m0M0h0g0F0G03040S0a030T0U090Z0T0H0V0G0A0b0H0I0c3L0a0K
p1	1DIha	rust-pathfinder-v0.1.0	lunatic-v0.1.0	L	P	020O0N0M0G0N0U090N07080b0F01000Z010a0i0c0b
p1	1DIhb	lunatic-v0.1.0	rust-pathfinder-v0.1.0	D	P	000E0F0G0H090F0I0J0G0A0B0F0102040G0109050M0f0a0T0S0g0h0i0U0h0N0j0V0e0W0k0q0d
p1	1DIhc	rust-pathfinder-v0.1.0	lunatic-v0.1.0	L	P	0b03010208000501040F0C0J0K0R0B0D0A0H0I0P0A09060G080E070O0W0Q0P0d0k0V0d
p1	1DIhd	lunatic-v0.1.0	rust-pathfinder-v0.1.0	D	P	0c0Y0V090A0B030U0T02010A0H0N0A0O080U0C020P090j0i0h000I0Q010b0P0d0R0W0f0V0Y0m2H0k0Q0l350S0F0T
p1	1DIhe	rust-pathfinder-v0.1.0	lunatic-v0.1.0	L	P	0B050403010204000J010Q0X0C0A0I0H0P0W0d0O0k0W0e0V0X
p1	1DIhf	lunatic-v0.1.0	rust-pathfinder-v0.1.0	D	P	0A0F0H0G0O0I030H0E0K0J0100070208050C0B040D0P0R0B0Q060105
p1	1DIhg	rust-pathfinder-v0.1.0	lunatic-v0.1.0	L	P	0c0A01080F070908020M090G000B0E0L0H0I0S070L0C0F0Z080T0g0D0Z
p1	1DIhh	lunatic-v0.1.0	rust-pathfinder-v0.1.0	D	P	0003070E0L0Z0a0b0E0a0c0P0M020N0U0V0G0T0h0U0N0O0d0Q0U0c0N0e0904050A040806090H0B0A
p1	1DIhi	rust-pathfinder-v0.1.0	lunatic-v0.1.0	L	P	0V0c0j030c00020106020D040K050Q0B0P070J080O
p1	1DIhj	lunatic-v0.1.0	rust-pathfinder-v0.1.0	D	P	0H03000S0T0U0V0M0T0W0F0U010T0V0O0X0J0P0Q0N080b0M0P020F0N0R0C0G09040G0B050D06040C0i0A0I2U
p1	1DIhk	rust-pathfinder-v0.1.0	lunatic-v0.1.0	L	P	060K0M0F080E0F0G0D0F0R010K0T0Y0f0m0H0f
p1	1DIhl	lunatic-v0.1.0	rust-pathfinder-v0.1.0	D	P	0L0T0S070U0201000801030405030C060J05
p1	1DIhm	rust-pathfinder-v0.1.0	lunatic-v0.1.0	L	P	0100080205010B0F0I0P0W0d0P0Z040a0k0b0d
p1	1DIhn	lunatic-v0.1.0	rust-pathfinder-v0.1.0	D	P	010H0F0807000902030108040A0305060C05
p1	1DIho	rust-pathfinder-v0.1.0	lunatic-v0.1.0	L	P	03010A0H0O0V0H0S050T020U0P0W040I0c0G0V0H0N0E0F08090M0L0G0P0J0B0F0I0j0m0X5L0Y2w020e
p1	1DIhp	lunatic-v0.1.0	rust-pathfinder-v0.1.0	D	P	060S0Y0R0K0D0C0B050l0C0m0A0k0j0i030j0h0g010h
p1	1DIhq	rust-pathfinder-v0.1.0	lunatic-v0.1.0	L	P	0V0T0c030201040502090G00090j0E0g0N0h0i0b0U040b
p1	1DIhr	lunatic-v0.1.0	rust-pathfinder-v0.1.0	D	P	0g0l000E0F0G0H0F030A0B0C0D070B0N090U0A0V0W0O0P0I0J0H0C0K0R050J0K0Q0J
p1	1DIhs	rust-pathfinder-v0.1.0	lunatic-v0.1.0	L	P	010J080F0M0E0F0G09020F0005010K03040A0C0R060B0D0I0Y0Q0R0f0m0X0f
p1	1DIht	lunatic-v0.1.0	rust-pathfinder-v0.1.0	D	P	0S0T0U070908020A0G090B0C0D0B060Y0J0Q0H0O0J0P0X0T050Q0R0K0C0I0R0W0f0X0Y0K0J0H0l9Q00Eo016V110I090J1f000B084j015i030E026IDs05JK
p1	1DIhu	rust-pathfinder-v0.1.0	lunatic-v0.1.0	L	P	0L0H020E0G0F070G0E000108090S080M0N0I0Z0G0S0U0g
p1	1DIhv	lunatic-v0.1.0	rust-pathfinder-v0.1.0	D	P	040V0W0X0B0W0S000Y0R0K0m060O0D0e0L01020809070F050Z0f0g0N0E0M0G10
p1	1DIhw	rust-pathfinder-v0.1.0	lunatic-v0.1.0	D	P	0C0S020T010U0Y0N000O030P0Z0g0H0A0B0Q0R0K0D0J0K05060C0X0e0f0m0d0X0e5L0W0e0X910MAa0kFp
p1	1DIhx	lunatic-v0.1.0	rust-pathfinder-v0.1.0	D	P	0h0d0a070809010A080B0F0E0M0G0T0F0C0D050C
p1	1DIhy	rust-pathfinder-v0.1.0	lunatic-v0.1.0	L	P	000a0T0M0W0L0P0I0B0d0I0T0k0b040d0c0V0O0j0i0V0U010e0V0d
p1	1DIhz	lunatic-v0.1.0	rust-pathfinder-v0.1.0	D	P	0i0M0N0O020N0L0R0P0Q00040P0g070E03050A0V0W0X0B0F0W0J0U0G0Y0f0I0H0V47
p1	1DIi-	rust-pathfinder-v0.1.0	lunatic-v0.1.0	L	P	0X030C05040J0B0I0P0E0C0I0W0H0A0F0G0N090K0Q0M0J0O0e0l0m0f0Y008J
p1	1DIi0	rust-pathfinder-v0.1.0	lunatic-v0.1.0	L	P	0g0E0H0304050A00040O090F0V0G0N0c0G0O0I0M0B0N0U0P0N0b0i0Q0b
p1	1DIi1	lunatic-v0.1.0	rust-pathfinder-v0.1.0	D	P	0T0E0F0G010F0H0I0J0H050K0C0J
p1	1DIi2	rust-pathfinder-v0.1.0	lunatic-v0.1.0	L	P	0h0U060S0T080D0K0R0Y0K0X0f0L0Y0m0W0e0d0M0e0a0k
p1	1DIi3	lunatic-v0.1.0	rust-pathfinder-v0.1.0	D	P	080U0T0S010M0V0W0X0V050G0C0K0J0Q0P0O0R000P0I0D0N0J0K0Q0J020H030L
p1	1DIi4	rust-pathfinder-v0.1.0	lunatic-v0.1.0	L	P	0T0k0a0h0g010007020806090Z0A0G0B090C0M010F
p1	1DIi5	lunatic-v0.1.0	rust-pathfinder-v0.1.0	D	P	0J0B0C0D050C070H0E000102080103040903
p1	1DIi6	rust-pathfinder-v0.1.0	lunatic-v0.1.0	L	P	0P0e0a0002010h0306020C040J0W0I0O0N0A0O0S0U050D070T
p1	1DIi7	lunatic-v0.1.0	rust-pathfinder-v0.1.0	L	P	0m0X0Y0f0W0704080B0A090e0d0X0I0V0P0L0W0Q0k
p1	1DIi8	rust-pathfinder-v0.1.0	lunatic-v0.1.0	L	P	0J0d0a0002010e030c05040B0I020B0Q0X0A090G0Q0l0d0g0j
p1	1DIi9	lunatic-v0.1.0	rust-pathfinder-v0.1.0	D	P	0k0C0B0A040B0I0D0B0W090O0J0A05000B020Q0P0X0Y0d0R0X0C0Q0A0V0c0B0W0b080X0A0V0B0H0I030O01070F0M0T081i09010c08020V013_040O03
p1	1DIiA	rust-pathfinder-v0.1.0	lunatic-v0.1.0	L	P	0I0Q050P0W0L0P0O0J0C0P0B000A04070B0d0k0M0d
p1	1DIiB	lunatic-v0.1.0	rust-pathfinder-v0.1.0	D	P	0M0E0F0G010F08070F090H080A0B030A0C0D050C
p1	1DIiC	rust-pathfinder-v0.1.0	lunatic-v0.1.0	L	P	0j0E080F0M0G0F0107000302040A090S0L0T0B0U0A0V0Z0W0S0g0i0a0b0X3e
p1	1DIiD	lunatic-v0.1.0	rust-pathfinder-v0.1.0	L	P	090302010G0200070E08070Z0a080F040M0b0T0S0a0U0c0T0V0Y0N0W0b0O0P0U0d0O0V0W0X0HI606Qj0I800CDU
p1	1DIiE	rust-pathfinder-v0.1.0	lunatic-v0.1.0	L	P	0W0305000C0102080J090Q0Z0X0a0e0l0m0f0Y040f
p1	1DIiF	lunatic-v0.1.0	rust-pathfinder-v0.1.0	D	P	0B0N0P0O040Q0I0J0K03020L0P060R030W050A040d010902000E080F0708
p1	1DIiG	rust-pathfinder-v0.1.0	lunatic-v0.1.0	L	P	0R0100020h03060D07040E050M0T0a090T080F
p1	1DIiH	lunatic-v0.1.0	rust-pathfinder-v0.1.0	D	P	0U0S020T090V0G0U0W0M0H0c0d0b0I0P0Q0R0O0Q0j0N000O
p1	1DIiI	rust-pathfinder-v0.1.0	lunatic-v0.1.0	L	P	0A0U0D0S0T000102060K0R0Y0K0X0f0L0Y0m0W0l0V0g0X0U0c0j0k0d0e010d
p1	1DIiJ	lunatic-v0.1.0	rust-pathfinder-v0.1.0	D	P	0Y0Z0f0C0D060B0m040C0I050P030W0402010902000G07090E0H0L080M0g0T200V0S9m2u0B0A9m7N0c0TB5E10b0M
p1	1DIiK	rust-pathfinder-v0.1.0	lunatic-v0.1.0	D	P	0E0Y010S0O0T030V0c0A0N0V0U0j0H0b0i0h0a0i0Z0g0R0K0e0W0X0l0k0I0P0G0J0H090C050Q0R0C3SOw0A0cBlAS0J0H0d030f0F0b0U0M0G080T0N0F0b0W0C3c0OCn0c0U0GEH
p1	1DIiL	lunatic-v0.1.0	rust-pathfinder-v0.1.0	D	P	0a0F0E07000G070Z0L0b0M0a080Y0N0U0V0W0X0P0V0T0N0W090J0V010X020c0G0O0S0Q0W0C0V0X0J0N0P090K0I1j0A0I
p1	1DIiM	rust-pathfinder-v0.1.0	lunatic-v0.1.0	L	P	0B07040I0P0W0I0S0d0T0W0k0m0U0e000f
p1	1DIiN	lunatic-v0.1.0	rust-pathfinder-v0.1.0	D	P	0Y0G0K0R0Q0P000Q070O0E0N0L0g0S0h0T0i0U0b0V0U
p1	1DIiO	rust-pathfinder-v0.1.0	lunatic-v0.1.0	L	P	0N0M0G0O0Q0H0K0F0D0E060G0R0P0X0e0l0W0e
p1	1DIiP	lunatic-v0.1.0	rust-pathfinder-v0.1.0	D	P	0U0V0W0H0G0F0I0G040P0Q0R0O030A090Q0B020A0C03050E0J0D0P0C
p1	1DIiQ	rust-pathfinder-v0.1.0	lunatic-v0.1.0	L	P	0a0H020E0F0G090F0N0I0G0J0U0g0b0h0i
p1	1DIiR	lunatic-v0.1.0	rust-pathfinder-v0.1.0	D	P	0e0U0X0C0B0D040J0I0H0P0I0E06000N070g0F0a010O020T030S
p1	1DIiS	rust-pathfinder-v0.1.0	lunatic-v0.1.0	L	P	0J010C05060Q0X0e0D0Q0I0P0G0B0i0L0N0U0b000U020A030H040B
p1	1DIiT	lunatic-v0.1.0	rust-pathfinder-v0.1.0	D	P	0N0V0U0T020U0b0M0L0U0S0Z0g070Z08090A0G090B0E040M0I0C0P0B0D0J0K06050J2j0O020H0N0F0I0O450M0U0N2p040B05At00D4020G038101
p1	1DIiU	rust-pathfinder-v0.1.0	lunatic-v0.1.0	L	P	010F080E0M0G0F0T0a0h0T0g0k0b0c0U0V0H0U000d
p1	1DIiV	lunatic-v0.1.0	rust-pathfinder-v0.1.0	D	P	0L02000E070Z0a0b0E0a0c0P0M010N0U0V0G0T0h0U0N0O0d0Q0U0c0N0e0X0H080F06090P0G0I820W0J0VFs0J0P0QHT09I70N0M0X0R0WEC0I0C05AM0H0B049a0GKP0kKr03Bd0E0L0l770X0W0H0NaT0A0NBe1p082T
p1	1DIiW	rust-pathfinder-v0.1.0	lunatic-v0.1.0	L	P	0C0M0J0Q0X0L0Q05060e0D0N0l0O0e
p1	1DIiX	lunatic-v0.1.0	rust-pathfinder-v0.1.0	D	P	0C0J0Q0K0J0I050J0E0600070809010A080B0L0g0S0h0F0i0T0j0k02030P0O0l0H0k0x0m
p1	1DIiY	rust-pathfinder-v0.1.0	lunatic-v0.1.0	L	P	0D0W090S0C0T020U0V0O0H0c0O0X0j0Y0c000A
p1	1DIiZ	lunatic-v0.1.0	rust-pathfinder-v0.1.0	D	P	060U0Y0R0K0D0C0B050l0C0m0A0c0B0k000j070g0h0i080h
p1	1DIi_	lunatic-v0.1.0	rust-pathfinder-v0.1.0	D	P	0C0Z0e0405060J0503020A0301000801
p1	1DIia	rust-pathfinder-v0.1.0	lunatic-v0.1.0	L	P	0X0L0E070Q0C0J0805090C0e0l0Z0e
p1	1DIib	lunatic-v0.1.0	rust-pathfinder-v0.1.0	D	P	0a0U0T0S010T0M0Z0T0E0V0h080F0G000i0g090I0N0H0b0G0J0K050J
p1	1DIic	rust-pathfinder-v0.1.0	lunatic-v0.1.0	L	P	0J0Y0N0S0U020C0500010703060T0V0W0G0X0F0a0c0j080b0i0h0d0k0i0b0d2A7J2KAc0m0l2A0pM_0IPH5PQG0MRJ0f1O0X0Y090eO7220U010A27Nn3Y0T55910XF200Ck01Fv
p1	1DIid	lunatic-v0.1.0	rust-pathfinder-v0.1.0	D	P	0C0d0e0f050e0Z0g0h0A0S0i000h070c010b
p1	1DIie	rust-pathfinder-v0.1.0	lunatic-v0.1.0	L	P	0A0K030H0O0E0H0V0c0j000V0N0U070G0I0W0N0T0b0S0P0U0c0i0V0k0b0a0g0l0Z0h0a
p1	1DIif	lunatic-v0.1.0	rust-pathfinder-v0.1.0	D	P	030O0L06000E070g0h0E0F0i080h0j0k0G0j0l0m050l
p1	1DIig	rust-pathfinder-v0.1.0	lunatic-v0.1.0	L	P	0a0g0h0i0e0h0l0T0U0V0X0Q0P0O0W0P0H0A0I0R0P0B04070B
p1	1DIih	lunatic-v0.1.0	rust-pathfinder-v0.1.0	D	P	060G0K0D0C07050B0J0C080H0F0A0M090108
p1	1DIii	rust-pathfinder-v0.1.0	lunatic-v0.1.0	L	P	0N0A03090H070A0B020A0G0O0M090H080A0P0T0a0h0Q0a
p1	1DIij	lunatic-v0.1.0	rust-pathfinder-v0.1.0	L	P	0R0i0m0Y0f00060Y0X010D050K0Q0J0e0d02040e0l0W0P0X0W0Q0I0O0e0N0P
p1	1DIik	rust-pathfinder-v0.1.0	lunatic-v0.1.0	L	P	0i0h0b0j0e0g0i0201000V03010806040D050K070J0Q0X090Q0l0W0A0U
p1	1DIil	lunatic-v0.1.0	rust-pathfinder-v0.1.0	D	P	0Q05000S0T06070U080T0V0W0X0V0e0Y040X
p1	1DIim	rust-pathfinder-v0.1.0	lunatic-v0.1.0	L	P	030e050c0d0W0P0k0U0W0a0I0b0E020G0F0708090h08010H080M0T0J0M
p1	1DIin	lunatic-v0.1.0	rust-pathfinder-v0.1.0	D	P	0X0H0J0I050K0C0E0J0Q0F0G0P010R0D0B04030I0F040J000B020Q030e060l05
p1	1DIio	rust-pathfinder-v0.1.0	lunatic-v0.1.0	L	P	0V0K0O0H0A0E0H030c000601020j090g080F0S0h0i0b0U040b
p1	1DIip	lunatic-v0.1.0	rust-pathfinder-v0.1.0	D	P	0W0X0Y0B0D0605040C050A0302010002070Z0F0a080b090k0B0G0H0c090G0K090N0U0M1v
p1	1DIiq	rust-pathfinder-v0.1.0	lunatic-v0.1.0	L	P	0C0Z050e0S0L0X0Q0J0M0S0N040O030P0E0R0L0T0g0a0Z07000807
p1	1DIir	lunatic-v0.1.0	rust-pathfinder-v0.1.0	D	P	0l0k0j0I0H0F0J0W0V010X0003020A040O0305060B05
p1	1DIis	rust-pathfinder-v0.1.0	lunatic-v0.1.0	L	P	0V0H0N0G090E0G0F0O0G05020C0U090W0A0I0H0V0c0N0V0P07000O0j010b0a0i0T0b0U0Z080d0X0a0h0g0W1L0h000aBW03
p1	1DIit	lunatic-v0.1.0	rust-pathfinder-v0.1.0	D	P	0H070A0b0c0d030c0a0F0G0Z0E0a000e0f0m0l0k010l
p1	1DIiu	rust-pathfinder-v0.1.0	lunatic-v0.1.0	L	P	01080F0M0T08020M0a090F07080M0h0L0E0N0S0O0L
p1	1DIiv	lunatic-v0.1.0	rust-pathfinder-v0.1.0	D	P	0h0d0a070809010A080B0F0E0M0G0T0F0C0D050C
p1	1DIiw	rust-pathfinder-v0.1.0	lunatic-v0.1.0	L	P	0i06010208000401050F0C0J0Q030J0X0L0A0P0W070I0H0O0e0E0l0S0X
p1	1DIix	lunatic-v0.1.0	rust-pathfinder-v0.1.0	D	P	0G0402090700010A080E0F070M0805030C060J05
p1	1DIiy	rust-pathfinder-v0.1.0	lunatic-v0.1.0	L	P	050F08010C0J0Q0E0J0X0Y0f0m0R000P0K0f0W0R0Q0d0D0e0W0V030N0X0G0Y0O0f
p1	1DIiz	lunatic-v0.1.0	rust-pathfinder-v0.1.0	D	P	0Z0b000S0L0a070S0T0U030T0A0c0d0Q0B0R0I0k0P0l0m0j0e0X0W0e
p1	1DIj-	rust-pathfinder-v0.1.0	lunatic-v0.1.0	L	P	070g0G0i0h0a0T000a0E01020M010F030C04060B0D0I0H0J0Q0K0A0J0B
p1	1DIj0	rust-pathfinder-v0.1.0	lunatic-v0.1.0	L	P	0T0N0M0L000M0F0O0M0a0h070E0a0b0c0P070U0b0i0Q0S0Z0E0U0V070U0d0b08010908
p1	1DIj1	lunatic-v0.1.0	rust-pathfinder-v0.1.0	D	P	0d0Y0W0X0P0V040W0S0L0E01000L020M090N010O
p1	1DIj2	rust-pathfinder-v0.1.0	lunatic-v0.1.0	L	P	0k03020105000C02040A0B0I0P0W0I0H0G0O0d0Q0H0P0W0L0P
p1	1DIj3	lunatic-v0.1.0	rust-pathfinder-v0.1.0	L	P	0K0N0R0C0D060B0504030C0402010902000G07090E0U0L0a0S0T0Z0g0b080h0A0a
p1	1DIj4	rust-pathfinder-v0.1.0	lunatic-v0.1.0	L	P	0O0Y010S0V0A0F08090M0G0c0j02030c020T0N0U050W0X0Q0V0e0c
p1	1DIj5	lunatic-v0.1.0	rust-pathfinder-v0.1.0	D	P	070h0g0K0i0L02000903040M0G0U0H0N0O0P0V0W0O010Q05060P0V0O0X0R0T0Q
p1	1DIj6	rust-pathfinder-v0.1.0	lunatic-v0.1.0	L	P	0R0K010Y080F0M0T0F0S0j0U0a0V0T0h0i0b0c000b
p1	1DIj7	lunatic-v0.1.0	rust-pathfinder-v0.1.0	D	P	0O0i0j0k030j0g0S0l0T050D0C0A0H0m0J0l0A0a000b
p1	1DIj8	rust-pathfinder-v0.1.0	lunatic-v0.1.0	L	P	0W0V0U00040B0V010b020I03050B0D0P0d0C0I0A0B0P090G0R0H0J0Q0X0g0Q0h5I
p1	1DIj9	lunatic-v0.1.0	rust-pathfinder-v0.1.0	D	P	0d0k0g0708090A0B080A01000E020F010C0D050C
p1	1DIjA	rust-pathfinder-v0.1.0	lunatic-v0.1.0	L	P	0N0K010E0G0U0b0i0A0U090S020T040V0L0W0B0Q0b0J0U0P0a0h000c0d0k0j0c0d031N
p1	1DIjB	lunatic-v0.1.0	rust-pathfinder-v0.1.0	L	P	020F0G0H090G0N08070G0E08000K0M0T0I0S0L0Z0M0a0U0V0b0W0U0c0i030b
p1	1DIjC	rust-pathfinder-v0.1.0	lunatic-v0.1.0	L	P	0g0702090G08090A00090E0N070L010F0G0M0S090L0Z0G0T0U0a030b0T0N0h090a
p1	1DIjD	lunatic-v0.1.0	rust-pathfinder-v0.1.0	D	P	0M0i0h0g010h0j0k0l0j0e0m050l
p1	1DIjE	rust-pathfinder-v0.1.0	lunatic-v0.1.0	L	P	0V0c0j030c00020106020D040K050Q0B0P070J080O
p1	1DIjF	lunatic-v0.1.0	rust-pathfinder-v0.1.0	D	P	030E0H0A090O0B0N0P0F040G0I060W0Q0d0P0R0H0J0A0X0C050Q0B0Y0f070k0Y000K010R
p1	1DIjG	rust-pathfinder-v0.1.0	lunatic-v0.1.0	L	P	010H020E080F0M0G0F0T0a0h040T090I0N0U0G0J0g0S0L0O0Z0K0S
p1	1DIjH	lunatic-v0.1.0	rust-pathfinder-v0.1.0	D	P	0k0P0L06000E070N0E0O0S0a0Z0g0h0i0b0h0a0j0c0l0d0k0m0U0e0W0b0d050R0QOG0YIi0e0V0I0d0z6000Gj
p1	1DIjI	rust-pathfinder-v0.1.0	lunatic-v0.1.0	L	P	0S0i040g0h0701080B0I0F0a0P0d0W0I050Z060L0A0b0T0M0S0a0O080H0G0C0c0H0e0k0f29
p1	1DIjJ	lunatic-v0.1.0	rust-pathfinder-v0.1.0	D	P	060c0f0Y0R0C0D0K0B0M0J0m0l0k0C0l000L020N0A0T0H0E0O0U010V030d
p1	1DIjK	rust-pathfinder-v0.1.0	lunatic-v0.1.0	L	P	0B00040I0P0W0I0S0d0T0W0k0f0U0e0V0l
p1	1DIjL	lunatic-v0.1.0	rust-pathfinder-v0.1.0	D	P	030J0H0I0A0G0O0H0E0K000708090108
p1	1DIjM	rust-pathfinder-v0.1.0	lunatic-v0.1.0	L	P	080i0j0k0b0U010h0j0S0P0T0c0V0O0W0V0I0G00020309040H
p1	1DIjN	lunatic-v0.1.0	rust-pathfinder-v0.1.0	D	P	0W0U040V0B0X0I0W0Y0T0J0m0K0R0S00010Q070g080a020Z
p1	1DIjO	rust-pathfinder-v0.1.0	lunatic-v0.1.0	L	P	0M0m0F0h0g0Z0S0a0Z0100070G020L030E0407
p1	1DIjP	lunatic-v0.1.0	rust-pathfinder-v0.1.0	D	P	0D0T0Y0R0K0605040C0503020A030001070L080H090G0A090O0F0B0E
p1	1DIjQ	rust-pathfinder-v0.1.0	lunatic-v0.1.0	L	P	0E0902070G0L090N0U0M0F080A0N0H0b0E0O0U0P0N0Q0i0R0b
p1	1DIjR	lunatic-v0.1.0	rust-pathfinder-v0.1.0	D	P	050G0J0C0B0R0D04030X040Q0I0W0V0K0H0U0F0V0T0S0G0T
p1	1DIjS	rust-pathfinder-v0.1.0	lunatic-v0.1.0	L	P	0F090007080M0P0A020B030C010D0T0G0H0M0L0a0I0A040O0K0Q0B0R0P0W0d0N0W0k0J0Z1Q0b2A6k32
p1	1DIjT	lunatic-v0.1.0	rust-pathfinder-v0.1.0	D	P	0S0J0E0L0M0G070H000N0I0M0K0U040B0D0Y0W0V060X0J0W
p1	1DIjU	rust-pathfinder-v0.1.0	lunatic-v0.1.0	L	P	0j0M0F080O0A0H0V0c07030V040A090F020N0G0P0E0L0O0Q0V
p1	1DIjV	lunatic-v0.1.0	rust-pathfinder-v0.1.0	L	P	0F0V0T0U010S080N0T0M0W0X0Y0L0W0c0d0b040G0H070B0E0I0O0P0K0k
p1	1DIjW	rust-pathfinder-v0.1.0	lunatic-v0.1.0	L	P	0B09040I0P0W0A0I030H0O0V020H0Y070108000G0E0J070L0S0F0L0Z0g0K0Z
p1	1DIjX	lunatic-v0.1.0	rust-pathfinder-v0.1.0	D	P	0Q0i0l0D0C0B050A0C0J070S000T0U0908020G0b0c0N0a0M0G0U0F0I0O0H0V310j0h020P0KKI0t0Y2i8e009O
p1	1DIjY	rust-pathfinder-v0.1.0	lunatic-v0.1.0	L	P	0L0h0g0S0Z00020S0E0T0a0U0M0V030T0N0F0b0W0U0G090H0G0X0a
p1	1DIjZ	lunatic-v0.1.0	rust-pathfinder-v0.1.0	D	P	0i0b0U00020109030G0204050A04060N0D0Y0J0W0X0Q0V08070R0P0O0H0h0g0C0B0K0J0C6U0I0O0J
p1	1DIj_	lunatic-v0.1.0	rust-pathfinder-v0.1.0	D	P	0j0I0H0G030H0E0J000708090K08060D0C05040C
p1	1DIja	rust-pathfinder-v0.1.0	lunatic-v0.1.0	L	P	0k0B0I0P01080E070009070L0S0A0L0Z0g0C0Z
p1	1DIjb	lunatic-v0.1.0	rust-pathfinder-v0.1.0	D	P	0H0O0V00030A090B020D0G080C0905040I060J050107
p1	1DIjc	rust-pathfinder-v0.1.0	lunatic-v0.1.0	L	P	0k0M0E0L0S0N0L00010205010C03040A0B0I0P0W0I0H0J0O0d0Q0W0P0X0R0Q
p1	1DIjd	lunatic-v0.1.0	rust-pathfinder-v0.1.0	D	P	0l0G0J0Q0X0405060C0503020A0301000801
p1	1DIje	rust-pathfinder-v0.1.0	lunatic-v0.1.0	L	P	050L0C0Q0I0P0W0M0J0P0X0B0A0d0K0Q0R0e0I0B0X0D0Q090C0f0l0N0e
p1	1DIjf	lunatic-v0.1.0	rust-pathfinder-v0.1.0	L	P	0F0k0h0E010G080H0F000M020T01030409030N05060B0D0C0K0f0Q0A0J0I0P1N0O4N7T
p1	1DIjg	rust-pathfinder-v0.1.0	lunatic-v0.1.0	L	P	0M0R03070F080B09010A080C020T060B0N0U040G000E0H0F0I0A0B0O0M0P0F0S0a0N0T0L0Q0M0H0X2Z0A0V0J0U0B0N6k0h
p1	1DIjh	lunatic-v0.1.0	rust-pathfinder-v0.1.0	D	P	060O0R0K0D0Q0P0K0N0J0G020100030109040A030B0I0C0B
p1	1DIji	rust-pathfinder-v0.1.0	lunatic-v0.1.0	L	P	070D000E0L0S0E0T0Z0U0S0g0M0F0l0a0h0i0c0V0h0j0b010a
p1	1DIjj	lunatic-v0.1.0	rust-pathfinder-v0.1.0	D	P	000d0Z0E0F0G0H0F03090A0B0O0A0C0D050C
p1	1DIjk	rust-pathfinder-v0.1.0	lunatic-v0.1.0	L	P	0K0I00070J080E09070L050A0S0B0L0Z0g0C0Z
p1	1DIjl	lunatic-v0.1.0	rust-pathfinder-v0.1.0	D	P	030i0j0k0A0j0g0L0Z0S0T0U0b0a0N0O0P0V0T0M0l0T0B0m0I0l0h0U000b
p1	1DIjm	rust-pathfinder-v0.1.0	lunatic-v0.1.0	L	P	0e0U0X05060D0K0l0D0g0a0h0m0T0R0f0Y000f
p1	1DIjn	lunatic-v0.1.0	rust-pathfinder-v0.1.0	D	P	0M0i0h0g010h0j0k0l0j0e0m050l
p1	1DIjo	rust-pathfinder-v0.1.0	lunatic-v0.1.0	L	P	0H0e0C0c0d0W0k0S030U0T0M0P0a0W0A0O0405070I000B
p1	1DIjp	lunatic-v0.1.0	rust-pathfinder-v0.1.0	D	P	010d0a0008020F010304090305060A05
p1	1DIjq	rust-pathfinder-v0.1.0	lunatic-v0.1.0	L	P	0S0V020703090G080009010N0C050F0J04080k0M0K0B0I0P0B0F0J0O0R0Y0f0Q0Y0C0D061X0C1r
p1	1DIjr	lunatic-v0.1.0	rust-pathfinder-v0.1.0	L	P	0R01060K0D0a0f0Y0X0W0K0X0O0T0V0U0P0I0V0Q0P0b0d0B0Q0J0W0Q030A0H020A090k080A
p1	1DIjs	rust-pathfinder-v0.1.0	lunatic-v0.1.0	L	P	0l0h0B00040E070F0I0G0J0Q030C0A0P0K0H0W0J0O0D0I0R0P0N0d010e
p1	1DIjt	lunatic-v0.1.0	rust-pathfinder-v0.1.0	D	P	0P0V0W0X040W0d0O0N0W0U0O0203090G0F0E0H0F0Y0a0b0A0B0H0Z0A0I0m0Q0J0R0f0e0K0Q0I
p1	1DIju	rust-pathfinder-v0.1.0	lunatic-v0.1.0	L	P	0K0c0l0Z0e0V0g0W0m0X0S0Y0Z0L0E0M0L07000807
p1	1DIjv	lunatic-v0.1.0	rust-pathfinder-v0.1.0	D	P	0e0X0Q0Y0X0W050X0S0V0002070g0E0L0M010F0h0N0b030U040a
p1	1DIjw	rust-pathfinder-v0.1.0	lunatic-v0.1.0	L	P	0a0J0E00030102080A0H0I0P0B090k0K0d0G0W0O0P
p1	1DIjx	lunatic-v0.1.0	rust-pathfinder-v0.1.0	D	P	070X0S0L0E00010208010304090305060A05
p1	1DIjy	rust-pathfinder-v0.1.0	lunatic-v0.1.0	L	P	0R0g020h0k0a0d0W000T0Y0U0X0K0Q0J0I0H040I0D0G0K06050C0B0e0c0C1A0A0O0V0W0j0l0B2b004n
p1	1DIjz	lunatic-v0.1.0	rust-pathfinder-v0.1.0	D	P	0k0i040P0L07080E0F0h0g01020009030A020B0I0M050S04060B0C0J0B0H0CXs0Q0R0D4F
p1	1DIk-	rust-pathfinder-v0.1.0	lunatic-v0.1.0	L	P	0c0V0O0308000V01020F0H090G04090j0g0Z0S0a0Z080A0M0b0T0a
p1	1DIk0	rust-pathfinder-v0.1.0	lunatic-v0.1.0	L	P	0Z0D04070B0I0P0W0I0S0g0T030U0V0c000O0Q0X0e0V0d0X0W0l0k
p1	1DIk1	lunatic-v0.1.0	rust-pathfinder-v0.1.0	D	P	0T0W010708090F080A0E030B0G020A040C0305060B05
p1	1DIk2	rust-pathfinder-v0.1.0	lunatic-v0.1.0	D	P	0V0L010M0G0N0U0O0N0c0A0b0i0T0V0b030W0S0Z0a0T0S0h0j0T0c0d0H0c0O0X020Y000a
p1	1DIk3	lunatic-v0.1.0	rust-pathfinder-v0.1.0	D	P	0W0504030B040006070S0E0L0M0N0F0M0T0O0M0H0a0U0A0T020I090B
p1	1DIk4	rust-pathfinder-v0.1.0	lunatic-v0.1.0	L	P	0B0Y040W0X0Q010e0T0M0F0a0M080h0U0S0a0c0V0O0X0P0I0Z070P090I0G0V0E0j
p1	1DIk5	lunatic-v0.1.0	rust-pathfinder-v0.1.0	D	P	0D0j0m0R0L0S0Z00010S0T0K0F0208010304090305060A05
p1	1DIk6	rust-pathfinder-v0.1.0	lunatic-v0.1.0	L	P	0X0A0O0C0H0703080A0c0P0Z0W0a0e0l0m0f0Y000f
p1	1DIk7	lunatic-v0.1.0	rust-pathfinder-v0.1.0	D	P	0f05060E04000K0D0C0m0k0l0d0j0B0k0i0h0I0i0g050a0T0P0a0L0S
p1	1DIk8	rust-pathfinder-v0.1.0	lunatic-v0.1.0	D	P	0m0S090T0Q0U0X0V0e0J0D0K0R0H0K06070C0B050C040I0J0L0I0E0B0Z0O0S0g0N0aBJ0M0W0aG50NSGFt
p1	1DIk9	lunatic-v0.1.0	rust-pathfinder-v0.1.0	D	P	0C0e0Z0g0h0i000h030j040P050m0k0l0J0k
p1	1DIkA	rust-pathfinder-v0.1.0	lunatic-v0.1.0	L	P	0K0a0c000N0104020A0H03090B0I0j0C0V0D0O0R0H
p1	1DIkB	lunatic-v0.1.0	rust-pathfinder-v0.1.0	D	P	0J0R0Q0P050Q0X0K0Q0C0O0B0A090D060A0H080D0F0G0M0E0I0P0F070Q0001020T0901080A030H04
p1	1DIkC	rust-pathfinder-v0.1.0	lunatic-v0.1.0	L	P	0B0P040L0I0M0W0N0P0d0k0O0d
p1	1DIkD	lunatic-v0.1.0	rust-pathfinder-v0.1.0	L	P	0C0M0Q0J0I0K0403020L0W0b0d0c0k090G0A0B0Z0P
p1	1DIkE	rust-pathfinder-v0.1.0	lunatic-v0.1.0	L	P	0S0J0K00020103080A0H070E0O090G0c090b0N0Z0g0a0Z0F0H0M0L0T0M
p1	1DIkF	lunatic-v0.1.0	rust-pathfinder-v0.1.0	D	P	0X0O0Q070C0D050403090J0B080C0A0K0I0P0H040V090O0A080G0F0W010G0N0E0M0F
p1	1DIkG	rust-pathfinder-v0.1.0	lunatic-v0.1.0	L	P	0C0I0J0K0R0Y0J0X0Q0W0e0S0X050P00060l0m0D0f0B040C05010C
p1	1DIkH	lunatic-v0.1.0	rust-pathfinder-v0.1.0	L	P	0D0J0K0R0Y060I08050R0P0403050A020B030009070G0E0T0L0N0S0g0U0Z0a0b0T0a0h0J8_
p1	1DIkI	rust-pathfinder-v0.1.0	lunatic-v0.1.0	D	P	0F0Z020a0e0T0X0Q0O0P000N0g0R0J0M0Q080C05060l0F0O0m0D0B04090A0G7B0U0B0K080H0D0S090C070q0N0V0A354D040b0H053u0IE60fA74p0E7E006S048D059p0JBK1PGT0H0B1hLe2Z9d0V0Q0OAT
p1	1DIkJ	lunatic-v0.1.0	rust-pathfinder-v0.1.0	D	P	0Y090D0K0R0605040C0503020A030801000F070I0E0G0L0g0T0a0h0i0M0h080H0U0j0k0c0VDn7W2H0b0k
p1	1DIkK	rust-pathfinder-v0.1.0	lunatic-v0.1.0	L	P	080j010h0i0b0U0E0b0F0700020G0M0H0F030N
p1	1DIkL	lunatic-v0.1.0	rust-pathfinder-v0.1.0	D	P	0I0T0W0P0O0A0Q0405060B05090P030201030A000801
p1	1DIkM	rust-pathfinder-v0.1.0	lunatic-v0.1.0	L	P	0H0M010O0V0L0O0A0G070c08090j020g0m0d0e0W0J0U0E0V0N0X0Q0T0b0X0U0l0i
p1	1DIkN	lunatic-v0.1.0	rust-pathfinder-v0.1.0	D	P	0J0405060C05000L0709080A0F0B0M0E0T0G0a0F
p1	1DIkO	rust-pathfinder-v0.1.0	lunatic-v0.1.0	L	P	0m0H040E0B0I0P0F0G0I0D0W000K0R0Y0K0X0f080Y0506
p1	1DIkP	lunatic-v0.1.0	rust-pathfinder-v0.1.0	D	P	0Y0i0m0f0e0Z050d0C0e0a0W010h030c0g0S0T0b000a
p1	1DIkQ	rust-pathfinder-v0.1.0	lunatic-v0.1.0	L	P	030b000Z0g0c0S070Z080G09020A090F0E0L0N070T010M
p1	1DIkR	lunatic-v0.1.0	rust-pathfinder-v0.1.0	L	P	020e0b0G0E0100070809010A080i0F0H0L0U0S0a0Z040g
p1	1DIkS	rust-pathfinder-v0.1.0	lunatic-v0.1.0	-	R	090l020i0j0k000g0h0a0m0Z0f0Y0R0X0Y0K0D0J0K060I050E0C0403010J070H0L0Q2ADp0B0T0p1k6W3E0I0800Ks0r03013F1c03013F1c
p1	1DIkT	lunatic-v0.1.0	rust-pathfinder-v0.1.0	D	P	0b0A090802090G01000907010F0Z0E0M0N0F0L0T0M040a0S0T0U0V0T0O0M050B030Y0H0W0A0V1N002V0V360X
p1	1DIkU	rust-pathfinder-v0.1.0	lunatic-v0.1.0	L	P	0j0e0c030201040502090G00090L0H0O0V0M0O
p1	1DIkV	lunatic-v0.1.0	rust-pathfinder-v0.1.0	D	P	0W0a0d0A0B0C040c0b0e0Z0g0f090B070D080I060P0C0k0B050Q0J0O0X000P0C0N0K010D
p1	1DIkW	rust-pathfinder-v0.1.0	lunatic-v0.1.0	L	P	0Z07030A0H080A0O01090F0B080A020C0g0D0M0G050E0J0F0C0T040Q0X0H0M0P0F0S0L0N2l
p1	1DIkX	lunatic-v0.1.0	rust-pathfinder-v0.1.0	D	P	0h09080701080F0008020A010304090305060B05
p1	1DIkY	rust-pathfinder-v0.1.0	lunatic-v0.1.0	L	P	0I0a0e000k0406010B02030A0H0P0A090W0G0P0d0c050d
p1	1DIkZ	lunatic-v0.1.0	rust-pathfinder-v0.1.0	D	P	080R0M0E0F0G010F030H040I050J000K
p1	1DIk_	lunatic-v0.1.0	rust-pathfinder-v0.1.0	D	P	0h04010E0F0G080H0F0N0M0L0T0M0J0B050C030D000A
p1	1DIka	rust-pathfinder-v0.1.0	lunatic-v0.1.0	L	P	090302010500020G0H0I0A0H0N080A0G0O0U0H0V0d0W0Q0k040X0P030c020V0J0i0B0C060B070b
p1	1DIkb	lunatic-v0.1.0	rust-pathfinder-v0.1.0	D	P	0B06040M0P0I0H050J020I030W0401000801
p1	1DIkc	rust-pathfinder-v0.1.0	lunatic-v0.1.0	L	P	050Z0Q0e0X0C0l0702080309040B000A0G0D090F060H0J0e0C0a010b0E0c3a0d1V0f29
p1	1DIkd	lunatic-v0.1.0	rust-pathfinder-v0.1.0	D	P	0Y0X0W0B0D0605040C050A0302010002070Z0F0a080b090k0B0G0H0c090G0K090N0U0M1v
p1	1DIke	rust-pathfinder-v0.1.0	lunatic-v0.1.0	L	P	0001070E0L0S0E0T0Z0U0S0g0M0F0m0a0h0i0c0V0h0j0b020a
p1	1DIkf	lunatic-v0.1.0	rust-pathfinder-v0.1.0	D	P	0J090C0e0d040f0S05060I0503020A030801000F070M08090G0N0B0G0D0E
p1	1DIkg	rust-pathfinder-v0.1.0	lunatic-v0.1.0	L	P	020c0U0b0i090b0a0N0b0G0Z0g0d0h0e0T090a070801000F0M010F030E0207
p1	1DIkh	lunatic-v0.1.0	rust-pathfinder-v0.1.0	D	P	000S0T0U0V0M0T0N0F0U0O0P0T0M0O060Q0I0H0L0J0G030B0A090c0A05040C05
p1	1DIki	rust-pathfinder-v0.1.0	lunatic-v0.1.0	L	P	0J0B0207090G0N0U0A0G0C0S050X000T0Q0V040W0e0Y0X0l0d0k0m0f0d0c03011M0i0j0c2u020c
p1	1DIkj	lunatic-v0.1.0	rust-pathfinder-v0.1.0	D	P	0g0Y0S0Z0a0b000a030U0V0W0X0P0V0T0A0W0H0X0V0O0N0G0F0N
p1	1DIkk	rust-pathfinder-v0.1.0	lunatic-v0.1.0	L	P	0a0G000E0F08010M0T08070M0S0F0L0H0E0h0b0i0g0U0Z
p1	1DIkl	lunatic-v0.1.0	rust-pathfinder-v0.1.0	D	P	0T0D08090A000102030109040F0305060B05
p1	1DIkm	rust-pathfinder-v0.1.0	lunatic-v0.1.0	L	P	0G0a0e000401050C0J0Q060C0X020J030C0Q0R0l0m0K0D0Y0I0W0f0X0Y0K0P070Q
p1	1DIkn	lunatic-v0.1.0	rust-pathfinder-v0.1.0	D	P	0U0c0b0a020b0i090G0b0Z0V0W070d0V04030B090I0508040A0H090A0O0g0k0e0N0d0f010P3J022I0G080E0C000H0h4I0S4y1F0O0b0DBs092e0OEb0F090G2U0EIV009Z0a0T0G7u09IP02080104CQ6JU9Bo8l03AG
p1	1DIko	rust-pathfinder-v0.1.0	lunatic-v0.1.0	L	P	0L0h0g0S0Z00020S0E0T0a0U0M0V030T0N0F0b0W0U0G090H0G0X0a
p1	1DIkp	lunatic-v0.1.0	rust-pathfinder-v0.1.0	D	P	0Y0N0R0C0D0K0B0J040C0I0H0P0I0002070S080M010G030L
p1	1DIkq	rust-pathfinder-v0.1.0	lunatic-v0.1.0	L	P	0O0c0H0Z0A0a0V0b0j0d0c030P0006010209080F09
p1	1DIkr	lunatic-v0.1.0	rust-pathfinder-v0.1.0	D	P	050K0J0I0C0J0Q0D0J0B0H0C0A09030A070001020801
p1	1DIks	rust-pathfinder-v0.1.0	lunatic-v0.1.0	L	P	090J020G0N0E0G0U0M0T0F0S0a0V0T0h0b0i0U0g0L0c0d0j010k0f0W0Y0l2I0cCh0IHx0D2P0C7t
p1	1DIkt	lunatic-v0.1.0	rust-pathfinder-v0.1.0	D	P	0U0i0g06000E0F0G0H0F03050A020109080M0O0I0V0H0B040C0B
p1	1DIku	rust-pathfinder-v0.1.0	lunatic-v0.1.0	L	P	020J090G0N0E0G0U0M0T0F0S0a0V0T0h0b0i0U0g0L0c0d0j010k0f0W0Y0l2I0cCh0IHx0D2P0C7t
p1	1DIkv	lunatic-v0.1.0	rust-pathfinder-v0.1.0	D	P	0W02040I0E030007080P0L0105090C080J0K0Q0J0O0A060B
p1	1DIkw	rust-pathfinder-v0.1.0	lunatic-v0.1.0	L	P	0Q0f0a0002010903050C0208060A0J090C0X0P0W0d0H0W0V0I0W0e0k0O0d0m0e0Y0G0f040R
p1	1DIkx	lunatic-v0.1.0	rust-pathfinder-v0.1.0	D	P	0V0M0O03020104020A050B04060I0C0B0J0K0D0J0R000C0K0Q0B0J0P0H0U0T0I0F0J
p1	1DIky	rust-pathfinder-v0.1.0	lunatic-v0.1.0	L	P	0c0d0V0b0i0c0j0Z0c030001070204050F040N060M080E090O
p1	1DIkz	lunatic-v0.1.0	rust-pathfinder-v0.1.0	D	P	0W0B0700010203010A040C0305060B05
