# g1-key	source	seed64	light	light-model	dark	dark-model	winner	reason	max-plies
g1_a-2VWJ39tZlCg_Vjjw6b7RyM_KCi3d7x3Epc4A5rJaA	s1_IJbtJu7yv_K7ubqxX3RB6rG5K19e04hfzzFubtWfLjY	1unOih	qadv-arbiter-7x7-rust-lambda-v0.1.0	-	qadv-arbiter-7x7-rust-lambda-v0.1.0	-	D	P	196
g1_a-2VWJ39tZlCg_Vjjw6b7RyM_KCi3d7x3Epc4A5rJaA	s1_NWQFk9vW9wkgcvRLIVz4BiH8xQ-FgzJbtHAoKTC7SE4	1unOih	qadv-arbiter-7x7-rust-lambda-v0.1.0	-	qadv-arbiter-7x7-rust-lambda-v0.1.0	-	D	P	196
g1_a-2VWJ39tZlCg_Vjjw6b7RyM_KCi3d7x3Epc4A5rJaA	s1_NwtPZ2mMz5r67YBMP1N7jbFtdBnymUT4leYIThaNkM8	1unOih	qadv-arbiter-7x7-rust-lambda-v0.1.0	-	qadv-arbiter-7x7-rust-lambda-v0.1.0	-	D	P	196
g1_a-2VWJ39tZlCg_Vjjw6b7RyM_KCi3d7x3Epc4A5rJaA	s1_RauLaTi4eVgYHSp2TV9pqs9uzTVv0B10g9TaHMWpcZ4	1unOih	qadv-arbiter-7x7-rust-lambda-v0.1.0	-	qadv-arbiter-7x7-rust-lambda-v0.1.0	-	D	P	-
g1_a-EGRZI8COP7Iy01JbUVf9AvMTeKC9kNCzAxRkDr3-E	s1_D1zLNNwiUaEOcZ6B7lkyxMf7CZOLumRVnODrFeHzowE	1unNKB	qadv-arbiter-7x7-rust-lambda-v0.1.0	-	qadv-arbiter-7x7-rust-lambda-v0.1.0	-	D	P	196
g1_a-EGRZI8COP7Iy01JbUVf9AvMTeKC9kNCzAxRkDr3-E	s1_Ea2CaqHSQy10LPLITfHGP4aoT_DJCI7ctaKSz1jPwx0	1unNKB	qadv-arbiter-7x7-rust-lambda-v0.1.0	-	qadv-arbiter-7x7-rust-lambda-v0.1.0	-	D	P	196
g1_a-EGRZI8COP7Iy01JbUVf9AvMTeKC9kNCzAxRkDr3-E	s1_RauLaTi4eVgYHSp2TV9pqs9uzTVv0B10g9TaHMWpcZ4	1unNKB	qadv-arbiter-7x7-rust-lambda-v0.1.0	-	qadv-arbiter-7x7-rust-lambda-v0.1.0	-	D	P	-
g1_a-EGRZI8COP7Iy01JbUVf9AvMTeKC9kNCzAxRkDr3-E	s1_zwlUrbH-a8GHq9Z0XHAsgg1cRGB8c1NDzANioEDinNg	1unNKB	qadv-arbiter-7x7-rust-lambda-v0.1.0	-	qadv-arbiter-7x7-rust-lambda-v0.1.0	-	D	P	196
g1_a-IlgAREsQVMwT-fMlHBDr_MCf-wz8aYG9xXlkrqkq0	s1_flXyOBW6T9LLVDFIvXBGel1MoVNZcUcMFIJnB9yLapU	1umx3v	python-gnn-puct-reval30k-v0.1.0	sha256:6120be86fc469df71473c3de64e5e32f99694cd47d621fa5948f243dc51d3d21	python-gnn-puct-reval30k-v0.1.0	sha256:6120be86fc469df71473c3de64e5e32f99694cd47d621fa5948f243dc51d3d21	L	P	196
g1_a-X1xbaTaetBmY1ylbOwM3_gp4qjzPMi4tMiIMa4uyQ	s1_2FtaP75xgRVTNrUvmC0NIesJCNy8IDFJ05WNM4nUnpg	1unR2k	qadv-arbiter-7x7-v0.1.0	-	lunatic-v0.1.0	-	D	P	196
g1_a-X1xbaTaetBmY1ylbOwM3_gp4qjzPMi4tMiIMa4uyQ	s1_RauLaTi4eVgYHSp2TV9pqs9uzTVv0B10g9TaHMWpcZ4	1unR2k	qadv-arbiter-7x7-v0.1.0	-	lunatic-v0.1.0	-	D	P	-
g1_a-X1xbaTaetBmY1ylbOwM3_gp4qjzPMi4tMiIMa4uyQ	s1_ghwu73vTQdpXwTz88a_wfii46hCy52ad4iohmZhGRWg	1unR2k	qadv-arbiter-7x7-v0.1.0	-	lunatic-v0.1.0	-	D	P	196
g1_a-X1xbaTaetBmY1ylbOwM3_gp4qjzPMi4tMiIMa4uyQ	s1_jkoE1AydTokODgBZZiGqT1s8KGpaBss7VktCykndM0Q	1unR2k	qadv-arbiter-7x7-v0.1.0	-	lunatic-v0.1.0	-	D	P	196
g1_a-XTYw6pwP4bzD2kFYJeaOeqdqyL6RiGAdJueOqONCI	s1_NuH1ZjCivBeyOA8kUnS_fc24aKSwBLVB9DzvyeYilwE	1unPfe	qadv-arbiter-7x7-rust-lambda-v0.1.0	-	qadv-arbiter-7x7-rust-lambda-v0.1.0	-	L	P	196
g1_a-XTYw6pwP4bzD2kFYJeaOeqdqyL6RiGAdJueOqONCI	s1_RauLaTi4eVgYHSp2TV9pqs9uzTVv0B10g9TaHMWpcZ4	1unPfe	qadv-arbiter-7x7-rust-lambda-v0.1.0	-	qadv-arbiter-7x7-rust-lambda-v0.1.0	-	L	P	-
g1_a-XTYw6pwP4bzD2kFYJeaOeqdqyL6RiGAdJueOqONCI	s1__FK3bXHF5zMFCaLMG1o1wwLEepC149xDKnZ81qGnXoU	1unPfe	qadv-arbiter-7x7-rust-lambda-v0.1.0	-	qadv-arbiter-7x7-rust-lambda-v0.1.0	-	L	P	196
g1_a-XTYw6pwP4bzD2kFYJeaOeqdqyL6RiGAdJueOqONCI	s1_cpRptca5l6W_R7EKgtMvwqVQAfN6LNgP7YUiaewL4Ys	1unPfe	qadv-arbiter-7x7-rust-lambda-v0.1.0	-	qadv-arbiter-7x7-rust-lambda-v0.1.0	-	L	P	196
g1_a-ehxiGQw1zhklXmay8fkb2N5nGsR_8QBp8aI8RXFRY	s1_1av6nXQkq-GSHXfjkVlGHGpAq8F9UbW4JwZmyFA-vww	1umvIG	python-gnn-puct-learner-v0.1.0	sha256:ab0f739cd33d66781faf60e27797c5ccba3c04ba684f8d9e32e9c2754f4e8956	python-gnn-puct-learner-v0.1.0	sha256:ab0f739cd33d66781faf60e27797c5ccba3c04ba684f8d9e32e9c2754f4e8956	-	M	196
g1_a-ehxiGQw1zhklXmay8fkb2N5nGsR_8QBp8aI8RXFRY	s1_Brk0hkuJoH-MBjdd53AO5tlWcOgDWV_R0PO74fHGd_0	1umvIG	python-gnn-puct-learner-v0.1.0	sha256:ab0f739cd33d66781faf60e27797c5ccba3c04ba684f8d9e32e9c2754f4e8956	python-gnn-puct-learner-v0.1.0	sha256:ab0f739cd33d66781faf60e27797c5ccba3c04ba684f8d9e32e9c2754f4e8956	-	M	196
g1_a-ehxiGQw1zhklXmay8fkb2N5nGsR_8QBp8aI8RXFRY	s1_QBFUsDtxokERlDOdQkleYbPvhJ-vIp2qmp6DXjS-7oM	1umvIG	python-gnn-puct-learner-v0.1.0	sha256:ab0f739cd33d66781faf60e27797c5ccba3c04ba684f8d9e32e9c2754f4e8956	python-gnn-puct-learner-v0.1.0	sha256:ab0f739cd33d66781faf60e27797c5ccba3c04ba684f8d9e32e9c2754f4e8956	-	M	196
g1_a-id6sXCQCnow7Do6Qfj9b-RLd5G2R0BezXWIdyEOOM	s1_-H4aznHqoPjeA8cXw2ks9cy1RK6l7_6Ti-3hGWiZLi0	1unMo3	qadv-arbiter-7x7-rust-lambda-v0.1.0	-	qadv-arbiter-7x7-rust-lambda-v0.1.0	-	D	P	196
g1_a-id6sXCQCnow7Do6Qfj9b-RLd5G2R0BezXWIdyEOOM	s1_H2pjnBtvL-_DH8G1usU5VQbKx6Gxwti5-RVR156V3qQ	1unMo3	qadv-arbiter-7x7-rust-lambda-v0.1.0	-	qadv-arbiter-7x7-rust-lambda-v0.1.0	-	D	P	196
g1_a-id6sXCQCnow7Do6Qfj9b-RLd5G2R0BezXWIdyEOOM	s1_L35JM02b7_xBI8RPL2UzdiESl1_oXjhvP8BsMENt9zI	1unMo3	qadv-arbiter-7x7-rust-lambda-v0.1.0	-	qadv-arbiter-7x7-rust-lambda-v0.1.0	-	D	P	196
g1_a-id6sXCQCnow7Do6Qfj9b-RLd5G2R0BezXWIdyEOOM	s1_RauLaTi4eVgYHSp2TV9pqs9uzTVv0B10g9TaHMWpcZ4	1unMo3	qadv-arbiter-7x7-rust-lambda-v0.1.0	-	qadv-arbiter-7x7-rust-lambda-v0.1.0	-	D	P	-
g1_a-p8mGwhEDsvJauYJcLBQQNblis588mEyXIQMilpJck	s1__fmnSv6OnZklVvMPUjPdL6drtvfrJptRYX3nxZQO8jI	1umxmr	python-gnn-puct-scout-v0.1.0	sha256:b9f80706cc1f29076ee06fe06483697c749148a808c599579045d00a52573938	python-gnn-puct-scout-v0.1.0	sha256:b9f80706cc1f29076ee06fe06483697c749148a808c599579045d00a52573938	D	P	196
g1_a-r6eKmpjS63_4ILwxMtY2XpYRHrx1xm5PDwwxW4iy4	s1_flXyOBW6T9LLVDFIvXBGel1MoVNZcUcMFIJnB9yLapU	1umx9M	python-gnn-puct-reval30k-v0.1.0	sha256:6120be86fc469df71473c3de64e5e32f99694cd47d621fa5948f243dc51d3d21	python-gnn-puct-reval30k-v0.1.0	sha256:6120be86fc469df71473c3de64e5e32f99694cd47d621fa5948f243dc51d3d21	L	P	196
g1_a-rKz_6UUaDPqJMiW0yn28reyLleMxNRQQay-4IHFP8	s1_1av6nXQkq-GSHXfjkVlGHGpAq8F9UbW4JwZmyFA-vww	1umvFe	gnn-scout-7x7	sha256:7d34820fd656875b3ac4a0142e8f22179d11b133feb3321d0eb735b2a7abd027	pathfinder-v0.3.0	-	D	P	196
g1_a-rKz_6UUaDPqJMiW0yn28reyLleMxNRQQay-4IHFP8	s1_Brk0hkuJoH-MBjdd53AO5tlWcOgDWV_R0PO74fHGd_0	1umvFe	gnn-scout-7x7	sha256:7d34820fd656875b3ac4a0142e8f22179d11b133feb3321d0eb735b2a7abd027	pathfinder-v0.3.0	-	D	P	196
g1_a-rKz_6UUaDPqJMiW0yn28reyLleMxNRQQay-4IHFP8	s1_QzXKB60HvV5g6-cJIu-NdpeFb1rCgFAJD1cxfdkoMm0	1umvFe	gnn-scout-7x7	sha256:7d34820fd656875b3ac4a0142e8f22179d11b133feb3321d0eb735b2a7abd027	pathfinder-v0.3.0	-	D	P	196
g1_a0F0qmJmboVUCXQhLv1ixtBF7U2UibTegBLk8H_cJzQ	s1_2jXQD8M5Wb_2sY9lesXgY38bzIUv2uSfi4J3eh7Cges	1unOdb	qadv-arbiter-7x7-rust-lambda-v0.1.0	-	qadv-arbiter-7x7-rust-lambda-v0.1.0	-	D	P	196
g1_a0F0qmJmboVUCXQhLv1ixtBF7U2UibTegBLk8H_cJzQ	s1_RauLaTi4eVgYHSp2TV9pqs9uzTVv0B10g9TaHMWpcZ4	1unOdb	qadv-arbiter-7x7-rust-lambda-v0.1.0	-	qadv-arbiter-7x7-rust-lambda-v0.1.0	-	D	P	-
g1_a0F0qmJmboVUCXQhLv1ixtBF7U2UibTegBLk8H_cJzQ	s1__ofrcfONjGUfDCXaUV83Ono_oj-uZ8gFUhYgqx1iVyQ	1unOdb	qadv-arbiter-7x7-rust-lambda-v0.1.0	-	qadv-arbiter-7x7-rust-lambda-v0.1.0	-	D	P	196
g1_a0F0qmJmboVUCXQhLv1ixtBF7U2UibTegBLk8H_cJzQ	s1_eeJtRKVaYbIyQdK8bLk75uKjkDaaxF_S0p-M_t4GFzk	1unOdb	qadv-arbiter-7x7-rust-lambda-v0.1.0	-	qadv-arbiter-7x7-rust-lambda-v0.1.0	-	D	P	196
g1_a0Vwjm3ess2g4igIGRUB4h-tMGiYNwLJlAKJoXjB29s	s1_DWbSqp5JqNtGF8aLxs4zNI8wmACG810uJjeZCOyFI2I	1unNz1	qadv-arbiter-7x7-rust-lambda-v0.1.0	-	qadv-arbiter-7x7-rust-lambda-v0.1.0	-	L	P	196
g1_a0Vwjm3ess2g4igIGRUB4h-tMGiYNwLJlAKJoXjB29s	s1_Ni-CvXMQaBIZm0pzGC4_L5w971Ab0F3Ol8aTbs_-Fg4	1unNz1	qadv-arbiter-7x7-rust-lambda-v0.1.0	-	qadv-arbiter-7x7-rust-lambda-v0.1.0	-	L	P	196
g1_a0Vwjm3ess2g4igIGRUB4h-tMGiYNwLJlAKJoXjB29s	s1_RauLaTi4eVgYHSp2TV9pqs9uzTVv0B10g9TaHMWpcZ4	1unNz1	qadv-arbiter-7x7-rust-lambda-v0.1.0	-	qadv-arbiter-7x7-rust-lambda-v0.1.0	-	L	P	-
g1_a0Vwjm3ess2g4igIGRUB4h-tMGiYNwLJlAKJoXjB29s	s1_rAX6W5_lLejvGZqA5o0SRpPP9LXq3vzxl8X2XYGAoEA	1unNz1	qadv-arbiter-7x7-rust-lambda-v0.1.0	-	qadv-arbiter-7x7-rust-lambda-v0.1.0	-	L	P	196
g1_a0ZZxwUlUCBiTWXZMUfXTIiA3fTilDvW5WVTo9wkl8I	s1_2FtaP75xgRVTNrUvmC0NIesJCNy8IDFJ05WNM4nUnpg	1unR9b	coin-flip-v0.0.1	-	qadv-arbiter-7x7-v0.1.0	-	D	P	196
g1_a0ZZxwUlUCBiTWXZMUfXTIiA3fTilDvW5WVTo9wkl8I	s1_9qNyz-om9S3Q_ABPxpnU9wCW1gjzfJQ2d2CB-ed3KfY	1unR9b	coin-flip-v0.0.1	-	qadv-arbiter-7x7-v0.1.0	-	D	P	196
g1_a0ZZxwUlUCBiTWXZMUfXTIiA3fTilDvW5WVTo9wkl8I	s1_QFdXHDaqFYuTWWMkt_rmeY0HEpW8_3qxmNB7Pd_L3Lw	1unR9b	coin-flip-v0.0.1	-	qadv-arbiter-7x7-v0.1.0	-	D	P	196
g1_a0ZZxwUlUCBiTWXZMUfXTIiA3fTilDvW5WVTo9wkl8I	s1_QQ7rDnvFyFFdfN7TP8uwVKP_yGP3euKc7Oa1dTBY30E	1unR9b	coin-flip-v0.0.1	-	qadv-arbiter-7x7-v0.1.0	-	D	P	196
g1_a0ZZxwUlUCBiTWXZMUfXTIiA3fTilDvW5WVTo9wkl8I	s1_RauLaTi4eVgYHSp2TV9pqs9uzTVv0B10g9TaHMWpcZ4	1unR9b	coin-flip-v0.0.1	-	qadv-arbiter-7x7-v0.1.0	-	D	P	-
g1_a0c6mbzLNS_srSJuyqE-3m7l9fcUapR6whee60A2BIQ	s1_Bh7vbJLZlKbVa5OjwP1m32SRx9VB-RLex_a2WbrWcsQ	1unPYd	qadv-arbiter-7x7-rust-lambda-v0.1.0	-	qadv-arbiter-7x7-rust-lambda-v0.1.0	-	D	P	196
g1_a0c6mbzLNS_srSJuyqE-3m7l9fcUapR6whee60A2BIQ	s1_FNwxhrcbYbOjwcV-B-csQgW_xWlgkoUdpw2UNWwF3Ps	1unPYd	qadv-arbiter-7x7-rust-lambda-v0.1.0	-	qadv-arbiter-7x7-rust-lambda-v0.1.0	-	D	P	196
g1_a0c6mbzLNS_srSJuyqE-3m7l9fcUapR6whee60A2BIQ	s1_RauLaTi4eVgYHSp2TV9pqs9uzTVv0B10g9TaHMWpcZ4	1unPYd	qadv-arbiter-7x7-rust-lambda-v0.1.0	-	qadv-arbiter-7x7-rust-lambda-v0.1.0	-	D	P	-
g1_a0c6mbzLNS_srSJuyqE-3m7l9fcUapR6whee60A2BIQ	s1_i3HDTShtYgNjq7BLMmIPLkkqzOkmppk_j74QUYWlwdA	1unPYd	qadv-arbiter-7x7-rust-lambda-v0.1.0	-	qadv-arbiter-7x7-rust-lambda-v0.1.0	-	D	P	196
g1_a0civDP3JndwQnI5563GT_-LhFe85EX06RmxBxd0ti0	s1_qtlitMa-GGx-0y2heoyNRonYXf1Dq5epTexnVe9Iqtw	1umxja	python-gnn-puct-learner-v0.1.0	sha256:ab0f739cd33d66781faf60e27797c5ccba3c04ba684f8d9e32e9c2754f4e8956	python-gnn-puct-learner-v0.1.0	sha256:ab0f739cd33d66781faf60e27797c5ccba3c04ba684f8d9e32e9c2754f4e8956	L	P	196
g1_a0etUcbbgVxv2VMt3zaGhMpNw-oz_p58dmFgZ7ZKGrY	s1_AVmXa_Q39P7ejkqwOGSlp3nK8DYwwSorZe4hVyt5Ccs	1unPDo	qadv-arbiter-7x7-rust-lambda-v0.1.0	-	qadv-arbiter-7x7-rust-lambda-v0.1.0	-	L	P	196
g1_a0etUcbbgVxv2VMt3zaGhMpNw-oz_p58dmFgZ7ZKGrY	s1_FHTmYvwqnB_pqrI_VL9O8ueeph5WiyOEoTh8l-LgPME	1unPDo	qadv-arbiter-7x7-rust-lambda-v0.1.0	-	qadv-arbiter-7x7-rust-lambda-v0.1.0	-	L	P	196
g1_a0etUcbbgVxv2VMt3zaGhMpNw-oz_p58dmFgZ7ZKGrY	s1_RauLaTi4eVgYHSp2TV9pqs9uzTVv0B10g9TaHMWpcZ4	1unPDo	qadv-arbiter-7x7-rust-lambda-v0.1.0	-	qadv-arbiter-7x7-rust-lambda-v0.1.0	-	L	P	-
g1_a0etUcbbgVxv2VMt3zaGhMpNw-oz_p58dmFgZ7ZKGrY	s1_aciOlip7sOswCws5RPBsdsUqxowN-aMdI4MYWDVPbng	1unPDo	qadv-arbiter-7x7-rust-lambda-v0.1.0	-	qadv-arbiter-7x7-rust-lambda-v0.1.0	-	L	P	196
g1_a0kWJ9pbM5ytspLoRrhqzQAXy-u9QysiWRvFoRBmae0	s1_2FtaP75xgRVTNrUvmC0NIesJCNy8IDFJ05WNM4nUnpg	1unQtu	qadv-arbiter-7x7-v0.1.0	-	surveyor-v0.2.0	-	D	P	196
g1_a0kWJ9pbM5ytspLoRrhqzQAXy-u9QysiWRvFoRBmae0	s1_RauLaTi4eVgYHSp2TV9pqs9uzTVv0B10g9TaHMWpcZ4	1unQtu	qadv-arbiter-7x7-v0.1.0	-	surveyor-v0.2.0	-	D	P	-
g1_a0kWJ9pbM5ytspLoRrhqzQAXy-u9QysiWRvFoRBmae0	s1_hiyQXif_PuhVkv0a2vdopd2YeTS5XyYPuS0oG4YWAuQ	1unQtu	qadv-arbiter-7x7-v0.1.0	-	surveyor-v0.2.0	-	D	P	196
g1_a0kWJ9pbM5ytspLoRrhqzQAXy-u9QysiWRvFoRBmae0	s1_zH0KlMvO9ekIb5d7JNxQA4unGlzevAXAO2itKEdaQkg	1unQtu	qadv-arbiter-7x7-v0.1.0	-	surveyor-v0.2.0	-	D	P	196
g1_a0pRDG_9qa29ecv1hpH7FDL0PPn8LBwWIMpvNJadA0w	s1_5IG33Hgsy-7VEyW2NB5QXUm_6a4zYrjPUmhWCwmr6F4	1unMRJ	qadv-arbiter-7x7-rust-lambda-v0.1.0	-	qadv-arbiter-7x7-rust-lambda-v0.1.0	-	D	P	196
g1_a0pRDG_9qa29ecv1hpH7FDL0PPn8LBwWIMpvNJadA0w	s1_RauLaTi4eVgYHSp2TV9pqs9uzTVv0B10g9TaHMWpcZ4	1unMRJ	qadv-arbiter-7x7-rust-lambda-v0.1.0	-	qadv-arbiter-7x7-rust-lambda-v0.1.0	-	D	P	-
g1_a0pRDG_9qa29ecv1hpH7FDL0PPn8LBwWIMpvNJadA0w	s1_TOagMDyjWi5m9MHUC1eRP3OETjktHxUg3gRCyo_ybmg	1unMRJ	qadv-arbiter-7x7-rust-lambda-v0.1.0	-	qadv-arbiter-7x7-rust-lambda-v0.1.0	-	D	P	196
g1_a0pRDG_9qa29ecv1hpH7FDL0PPn8LBwWIMpvNJadA0w	s1_a2eLeJmo8BlHfYfzBOm4P9z0Sno1M900n6Ivi9HdkZE	1unMRJ	qadv-arbiter-7x7-rust-lambda-v0.1.0	-	qadv-arbiter-7x7-rust-lambda-v0.1.0	-	D	P	196
g1_a0rBpkQ1mCMv1641X6BSbwCGDFsrltuV-9d-dc6wNmM	s1_1av6nXQkq-GSHXfjkVlGHGpAq8F9UbW4JwZmyFA-vww	1DIX1	python-gnn-puct-v0.1.0	sha256:6f9ad6e4a0993da3cf34a8549e86f9b5d512c51e11bfa76dfe051e7a8801bdac	python-gnn-puct-v0.1.0	sha256:6f9ad6e4a0993da3cf34a8549e86f9b5d512c51e11bfa76dfe051e7a8801bdac	-	M	196
g1_a0rBpkQ1mCMv1641X6BSbwCGDFsrltuV-9d-dc6wNmM	s1_del54SUFELBov5vQFrhsVexn6D9EhUPDFZpXuqC6eCI	1DIX1	python-gnn-puct-v0.1.0	sha256:6f9ad6e4a0993da3cf34a8549e86f9b5d512c51e11bfa76dfe051e7a8801bdac	python-gnn-puct-v0.1.0	sha256:6f9ad6e4a0993da3cf34a8549e86f9b5d512c51e11bfa76dfe051e7a8801bdac	-	M	196
g1_a0rBpkQ1mCMv1641X6BSbwCGDFsrltuV-9d-dc6wNmM	s1_g5pGkHBMEhzAYvwFY0b24sSc7wC9JfnWApMHHZ_aMPI	1DIX1	python-gnn-puct-v0.1.0	sha256:6f9ad6e4a0993da3cf34a8549e86f9b5d512c51e11bfa76dfe051e7a8801bdac	python-gnn-puct-v0.1.0	sha256:6f9ad6e4a0993da3cf34a8549e86f9b5d512c51e11bfa76dfe051e7a8801bdac	-	M	196
g1_a0rBpkQ1mCMv1641X6BSbwCGDFsrltuV-9d-dc6wNmM	s1_mWPTef6xYbijjPhDIC6QgLRmu2mMSJAokNlIkx3vg54	1DIX1	python-gnn-puct-v0.1.0	sha256:6f9ad6e4a0993da3cf34a8549e86f9b5d512c51e11bfa76dfe051e7a8801bdac	python-gnn-puct-v0.1.0	sha256:6f9ad6e4a0993da3cf34a8549e86f9b5d512c51e11bfa76dfe051e7a8801bdac	-	M	196
g1_a0rBpkQ1mCMv1641X6BSbwCGDFsrltuV-9d-dc6wNmM	s1_tol_POp6BcgBLMWq8iDfRBQSAXpESHxFwmcCQYXv0yQ	1DIX1	python-gnn-puct-v0.1.0	sha256:6f9ad6e4a0993da3cf34a8549e86f9b5d512c51e11bfa76dfe051e7a8801bdac	python-gnn-puct-v0.1.0	sha256:6f9ad6e4a0993da3cf34a8549e86f9b5d512c51e11bfa76dfe051e7a8801bdac	-	M	196
g1_a10AuhXzNLrF8jzjmMjsQg_j4_4uePvZi9qOqE16B0Q	s1_RauLaTi4eVgYHSp2TV9pqs9uzTVv0B10g9TaHMWpcZ4	1unP2X	qadv-arbiter-7x7-rust-lambda-v0.1.0	-	qadv-arbiter-7x7-rust-lambda-v0.1.0	-	D	P	-
g1_a10AuhXzNLrF8jzjmMjsQg_j4_4uePvZi9qOqE16B0Q	s1_TzMgPTHHR0QmrrtHBAEhKy6u4zFLQLy6j8KxcJTIJsU	1unP2X	qadv-arbiter-7x7-rust-lambda-v0.1.0	-	qadv-arbiter-7x7-rust-lambda-v0.1.0	-	D	P	196
g1_a10AuhXzNLrF8jzjmMjsQg_j4_4uePvZi9qOqE16B0Q	s1_s1Wv5MeilbcccJr90NpM0Js5qjm_IO6CCKKcwUbN_4o	1unP2X	qadv-arbiter-7x7-rust-lambda-v0.1.0	-	qadv-arbiter-7x7-rust-lambda-v0.1.0	-	D	P	196
g1_a10AuhXzNLrF8jzjmMjsQg_j4_4uePvZi9qOqE16B0Q	s1_u3Oaj6Rg6hES7J9aBikEJBOOdWfXyK5DQy7GiS_nHqU	1unP2X	qadv-arbiter-7x7-rust-lambda-v0.1.0	-	qadv-arbiter-7x7-rust-lambda-v0.1.0	-	D	P	196
g1_a14tF0_6ml5LVkQexdw4dqUoqSD9G31x3TbBQcwn3I8	s1_MFdpdXQjv3i_NbabmpXh15foDYUwpLNrZGfplybOBY0	1unOul	qadv-arbiter-7x7-rust-lambda-v0.1.0	-	qadv-arbiter-7x7-rust-lambda-v0.1.0	-	L	P	196
g1_a14tF0_6ml5LVkQexdw4dqUoqSD9G31x3TbBQcwn3I8	s1_RauLaTi4eVgYHSp2TV9pqs9uzTVv0B10g9TaHMWpcZ4	1unOul	qadv-arbiter-7x7-rust-lambda-v0.1.0	-	qadv-arbiter-7x7-rust-lambda-v0.1.0	-	L	P	-
g1_a14tF0_6ml5LVkQexdw4dqUoqSD9G31x3TbBQcwn3I8	s1_YzOwfUzENAqGWezoHm_JGV0BLZAceN28NvdyP3IwA2o	1unOul	qadv-arbiter-7x7-rust-lambda-v0.1.0	-	qadv-arbiter-7x7-rust-lambda-v0.1.0	-	L	P	196
g1_a14tF0_6ml5LVkQexdw4dqUoqSD9G31x3TbBQcwn3I8	s1_spuO2KAuQQRVxc49JWCLeLGo8JSaEk29KwMbt7B-sp0	1unOul	qadv-arbiter-7x7-rust-lambda-v0.1.0	-	qadv-arbiter-7x7-rust-lambda-v0.1.0	-	L	P	196
g1_a16-hwEkk_0qxS4TqbCpi4cpSou31gfXZNNqA9lZT8w	s1__rRTA-AaFjjKnl4BH3_qAjg6NMkVNNSX6GZZvAuolCw	1umwML	rust-pathfinder-v0.3.0	-	rust-pathfinder-onnx-sorter-v0.1.0	-	D	P	120
g1_a1DUy6EEq-FIhcirDlW0Gp9Mz_hJ9M1oRbb8aIBW12I	s1_TFrwRKkg_5pCXc3JXSL0q_HlHCmJ62H0Um7Z9yA5H6A	1unQ4J	qadv-arbiter-7x7-rust-lambda-v0.1.0	-	qadv-arbiter-7x7-rust-lambda-v0.1.0	-	L	P	196
g1_a1DUy6EEq-FIhcirDlW0Gp9Mz_hJ9M1oRbb8aIBW12I	s1_YchiS0iQCIVxldF0I2apMUHxaVhUROUaCeLZZA_6Xes	1unQ4J	qadv-arbiter-7x7-rust-lambda-v0.1.0	-	qadv-arbiter-7x7-rust-lambda-v0.1.0	-	L	P	196
g1_a1DUy6EEq-FIhcirDlW0Gp9Mz_hJ9M1oRbb8aIBW12I	s1_fyy1QFa68l5VJw8WxAUlFSPMgjKAiQFgV0DGSOiIl5g	1unQ4J	qadv-arbiter-7x7-rust-lambda-v0.1.0	-	qadv-arbiter-7x7-rust-lambda-v0.1.0	-	L	P	196
g1_a1DnFZtZSCyqnQCWDnyu8tI16EEUf4B0LNViYTRhjEE	s1_1av6nXQkq-GSHXfjkVlGHGpAq8F9UbW4JwZmyFA-vww	1umvOE	python-gnn-puct-learner-v0.1.0	sha256:ab0f739cd33d66781faf60e27797c5ccba3c04ba684f8d9e32e9c2754f4e8956	python-gnn-puct-learner-v0.1.0	sha256:ab0f739cd33d66781faf60e27797c5ccba3c04ba684f8d9e32e9c2754f4e8956	-	M	196
g1_a1DnFZtZSCyqnQCWDnyu8tI16EEUf4B0LNViYTRhjEE	s1_Brk0hkuJoH-MBjdd53AO5tlWcOgDWV_R0PO74fHGd_0	1umvOE	python-gnn-puct-learner-v0.1.0	sha256:ab0f739cd33d66781faf60e27797c5ccba3c04ba684f8d9e32e9c2754f4e8956	python-gnn-puct-learner-v0.1.0	sha256:ab0f739cd33d66781faf60e27797c5ccba3c04ba684f8d9e32e9c2754f4e8956	-	M	196
g1_a1DnFZtZSCyqnQCWDnyu8tI16EEUf4B0LNViYTRhjEE	s1_QBFUsDtxokERlDOdQkleYbPvhJ-vIp2qmp6DXjS-7oM	1umvOE	python-gnn-puct-learner-v0.1.0	sha256:ab0f739cd33d66781faf60e27797c5ccba3c04ba684f8d9e32e9c2754f4e8956	python-gnn-puct-learner-v0.1.0	sha256:ab0f739cd33d66781faf60e27797c5ccba3c04ba684f8d9e32e9c2754f4e8956	-	M	196
g1_a1QaCQH_T5XewOrY8oPi-XobJdijzaCo8J_YHO9uHXc	s1_13FUtMjCMul6NuRVuzYLSglUxnapA7plz5bkZTOxh5Y	1unPoS	qadv-arbiter-7x7-rust-lambda-v0.1.0	-	qadv-arbiter-7x7-rust-lambda-v0.1.0	-	L	P	196
g1_a1QaCQH_T5XewOrY8oPi-XobJdijzaCo8J_YHO9uHXc	s1_CPIjLgns8c8M7A53NmU_4XqDFHbgaD3HpWwIR0HsGPo	1unPoS	qadv-arbiter-7x7-rust-lambda-v0.1.0	-	qadv-arbiter-7x7-rust-lambda-v0.1.0	-	L	P	196
g1_a1QaCQH_T5XewOrY8oPi-XobJdijzaCo8J_YHO9uHXc	s1_RauLaTi4eVgYHSp2TV9pqs9uzTVv0B10g9TaHMWpcZ4	1unPoS	qadv-arbiter-7x7-rust-lambda-v0.1.0	-	qadv-arbiter-7x7-rust-lambda-v0.1.0	-	L	P	-
g1_a1QaCQH_T5XewOrY8oPi-XobJdijzaCo8J_YHO9uHXc	s1_l3LLqIZYhV82dXkfcKjfNpZRCQfuUJMU40fFnbIibqU	1unPoS	qadv-arbiter-7x7-rust-lambda-v0.1.0	-	qadv-arbiter-7x7-rust-lambda-v0.1.0	-	L	P	196
g1_a1q9tgKSZK8ZYaKkYdOz0zTDIwl1CmTUVG2AC16b9YM	s1_-7ueRTglwo-XypGOA9CyyJA_kMZwHsCxIwDQ9NyCNlA	1unQzk	qadv-arbiter-7x7-v0.1.0	-	surveyor-v0.2.0	-	D	P	196
g1_a1q9tgKSZK8ZYaKkYdOz0zTDIwl1CmTUVG2AC16b9YM	s1_2FtaP75xgRVTNrUvmC0NIesJCNy8IDFJ05WNM4nUnpg	1unQzk	qadv-arbiter-7x7-v0.1.0	-	surveyor-v0.2.0	-	D	P	196
g1_a1q9tgKSZK8ZYaKkYdOz0zTDIwl1CmTUVG2AC16b9YM	s1_DkFsEmXYe1KphoYdOPL3a4OI8KZcctVu6BwZkFlUv7Y	1unQzk	qadv-arbiter-7x7-v0.1.0	-	surveyor-v0.2.0	-	D	P	196
g1_a1q9tgKSZK8ZYaKkYdOz0zTDIwl1CmTUVG2AC16b9YM	s1_RauLaTi4eVgYHSp2TV9pqs9uzTVv0B10g9TaHMWpcZ4	1unQzk	qadv-arbiter-7x7-v0.1.0	-	surveyor-v0.2.0	-	D	P	-
g1_a1vacckBsUwWtOTrOmihhlSHeoJ1z_80Wfp-5Sk0oVc	s1_2FtaP75xgRVTNrUvmC0NIesJCNy8IDFJ05WNM4nUnpg	1unQgb	pathfinder-v0.3.0	-	qadv-arbiter-7x7-v0.1.0	-	L	P	196
g1_a1vacckBsUwWtOTrOmihhlSHeoJ1z_80Wfp-5Sk0oVc	s1_9XaYNovEHfZtFBxiCLIdEXGn-puuTCzKFwajVGP5uj4	1unQgb	pathfinder-v0.3.0	-	qadv-arbiter-7x7-v0.1.0	-	L	P	196
g1_a1vacckBsUwWtOTrOmihhlSHeoJ1z_80Wfp-5Sk0oVc	s1_RauLaTi4eVgYHSp2TV9pqs9uzTVv0B10g9TaHMWpcZ4	1unQgb	pathfinder-v0.3.0	-	qadv-arbiter-7x7-v0.1.0	-	L	P	-
g1_a1vacckBsUwWtOTrOmihhlSHeoJ1z_80Wfp-5Sk0oVc	s1_aZfPBIxgJ5uYN7e0_FDKRHW6TqkrhOWX8tT7d1b945k	1unQgb	pathfinder-v0.3.0	-	qadv-arbiter-7x7-v0.1.0	-	L	P	196
g1_a2AHEGETE_NmvL8OHA8QLioad7zkMiiQhZUUq5ZLS7E	s1_1av6nXQkq-GSHXfjkVlGHGpAq8F9UbW4JwZmyFA-vww	1umxFk	gnn-warmstart-7x7	sha256:e000d50619c0241c30efdd1f5adb7a8b738c66859d33c3443c52a20f56fcc13a	coin-flip-v0.0.1	-	-	M	196
g1_a2AHEGETE_NmvL8OHA8QLioad7zkMiiQhZUUq5ZLS7E	s1_Brk0hkuJoH-MBjdd53AO5tlWcOgDWV_R0PO74fHGd_0	1umxFk	gnn-warmstart-7x7	sha256:e000d50619c0241c30efdd1f5adb7a8b738c66859d33c3443c52a20f56fcc13a	coin-flip-v0.0.1	-	-	M	196
g1_a2AHEGETE_NmvL8OHA8QLioad7zkMiiQhZUUq5ZLS7E	s1_dcEgf_s_8JfAgzbYFm9Z15BWrFU6bsc6MzE1gZNvlP4	1umxFk	gnn-warmstart-7x7	sha256:e000d50619c0241c30efdd1f5adb7a8b738c66859d33c3443c52a20f56fcc13a	coin-flip-v0.0.1	-	-	M	196
g1_a2ExFIx9SyUi2XSIjdlxOGEDJzhOmq_TDE1sjeMDurM	s1_7tJf3vGUzOeSUbLYNnKvns3bsma-WSn7g_thjKr34vA	1unO_Z	qadv-arbiter-7x7-rust-lambda-v0.1.0	-	qadv-arbiter-7x7-rust-lambda-v0.1.0	-	D	P	196
g1_a2ExFIx9SyUi2XSIjdlxOGEDJzhOmq_TDE1sjeMDurM	s1_AFospHqasYRZH4Y3OgofwDynb0rDwpPxSjXT-l4exvo	1unO_Z	qadv-arbiter-7x7-rust-lambda-v0.1.0	-	qadv-arbiter-7x7-rust-lambda-v0.1.0	-	D	P	196
g1_a2ExFIx9SyUi2XSIjdlxOGEDJzhOmq_TDE1sjeMDurM	s1_CSgAo9DHarOuxRevXCWbcIzZsbxFgSHL01Cr1T0Wvbs	1unO_Z	qadv-arbiter-7x7-rust-lambda-v0.1.0	-	qadv-arbiter-7x7-rust-lambda-v0.1.0	-	D	P	196
g1_a2ExFIx9SyUi2XSIjdlxOGEDJzhOmq_TDE1sjeMDurM	s1_RauLaTi4eVgYHSp2TV9pqs9uzTVv0B10g9TaHMWpcZ4	1unO_Z	qadv-arbiter-7x7-rust-lambda-v0.1.0	-	qadv-arbiter-7x7-rust-lambda-v0.1.0	-	D	P	-
g1_a2KwgHloi5M4hyFPLpMFjAjQCMzBtZWCegEb6S6nkKE	s1_flXyOBW6T9LLVDFIvXBGel1MoVNZcUcMFIJnB9yLapU	1umx67	python-gnn-puct-reval30k-v0.1.0	sha256:6120be86fc469df71473c3de64e5e32f99694cd47d621fa5948f243dc51d3d21	python-gnn-puct-reval30k-v0.1.0	sha256:6120be86fc469df71473c3de64e5e32f99694cd47d621fa5948f243dc51d3d21	D	P	196
g1_a2MzULLzKC3116GhV1dVGk1ITE98AGxZUXvoILGDMZs	s1_6WjmajUOt0IcwzVkMUU-uFgx5lF5LiBjDmIDOo9vHKw	1unNKZ	qadv-arbiter-7x7-rust-lambda-v0.1.0	-	qadv-arbiter-7x7-rust-lambda-v0.1.0	-	D	P	196
g1_a2MzULLzKC3116GhV1dVGk1ITE98AGxZUXvoILGDMZs	s1_RauLaTi4eVgYHSp2TV9pqs9uzTVv0B10g9TaHMWpcZ4	1unNKZ	qadv-arbiter-7x7-rust-lambda-v0.1.0	-	qadv-arbiter-7x7-rust-lambda-v0.1.0	-	D	P	-
g1_a2MzULLzKC3116GhV1dVGk1ITE98AGxZUXvoILGDMZs	s1_eoRmTq-qsksdmOqvFiTNJZu9E-YCj6dcaYPHfzTUBVg	1unNKZ	qadv-arbiter-7x7-rust-lambda-v0.1.0	-	qadv-arbiter-7x7-rust-lambda-v0.1.0	-	D	P	196
g1_a2MzULLzKC3116GhV1dVGk1ITE98AGxZUXvoILGDMZs	s1_iWvIUkKo67C9bqHrsVRR4nY6WkXJ6K1UTnAnXDayfDI	1unNKZ	qadv-arbiter-7x7-rust-lambda-v0.1.0	-	qadv-arbiter-7x7-rust-lambda-v0.1.0	-	D	P	196
g1_a2_oaF3SC0BSj8hN8dhjoEFHs4SiF2AwivJVYv-bAlA	s1_FWxTVCm0io7KWgPi4BLFfYRGb_ywh9_ClvNHx6o40P4	1unMkM	qadv-arbiter-7x7-rust-lambda-v0.1.0	-	qadv-arbiter-7x7-rust-lambda-v0.1.0	-	D	P	196
g1_a2_oaF3SC0BSj8hN8dhjoEFHs4SiF2AwivJVYv-bAlA	s1_RauLaTi4eVgYHSp2TV9pqs9uzTVv0B10g9TaHMWpcZ4	1unMkM	qadv-arbiter-7x7-rust-lambda-v0.1.0	-	qadv-arbiter-7x7-rust-lambda-v0.1.0	-	D	P	-
g1_a2_oaF3SC0BSj8hN8dhjoEFHs4SiF2AwivJVYv-bAlA	s1_eHRE3b5_Jj2fpeX8S5eChlp3nbsSXxw-aJUnC5Xh4eU	1unMkM	qadv-arbiter-7x7-rust-lambda-v0.1.0	-	qadv-arbiter-7x7-rust-lambda-v0.1.0	-	D	P	196
g1_a2_oaF3SC0BSj8hN8dhjoEFHs4SiF2AwivJVYv-bAlA	s1_foKvCsULIOWkCZrx97WaMrAIE39t3mr43E47IWAiJAk	1unMkM	qadv-arbiter-7x7-rust-lambda-v0.1.0	-	qadv-arbiter-7x7-rust-lambda-v0.1.0	-	D	P	196
g1_a2dYL52XjowMniKbshwTcrBPDaquEA7E7Y_5WujM47E	s1_GjlCJG8Mtd-BmfAJkFUgWTFfxJhkj00ZCT65ZsBYH2k	1unNEv	qadv-arbiter-7x7-rust-lambda-v0.1.0	-	qadv-arbiter-7x7-rust-lambda-v0.1.0	-	D	P	196
g1_a2dYL52XjowMniKbshwTcrBPDaquEA7E7Y_5WujM47E	s1_RauLaTi4eVgYHSp2TV9pqs9uzTVv0B10g9TaHMWpcZ4	1unNEv	qadv-arbiter-7x7-rust-lambda-v0.1.0	-	qadv-arbiter-7x7-rust-lambda-v0.1.0	-	D	P	-
g1_a2dYL52XjowMniKbshwTcrBPDaquEA7E7Y_5WujM47E	s1_W6UiJ-HOxoGjsrp7_i0UhWUiVLSjjdEFQ-0_WDbHdmM	1unNEv	qadv-arbiter-7x7-rust-lambda-v0.1.0	-	qadv-arbiter-7x7-rust-lambda-v0.1.0	-	D	P	196
g1_a2dYL52XjowMniKbshwTcrBPDaquEA7E7Y_5WujM47E	s1_b9iFo742xYVJ1uoA6W7P5owOv31C4bonT49IvFhyXGc	1unNEv	qadv-arbiter-7x7-rust-lambda-v0.1.0	-	qadv-arbiter-7x7-rust-lambda-v0.1.0	-	D	P	196
g1_a2fNry6tYAVFGZ5_fzu2QECtKY9mrqiWWtURniam-Ms	s1_1Z_JTGoGpL-h78BepnwFXsSTzHNBhV7G_2e5MdC7hP8	1unL_E	qadv-arbiter-7x7-rust-lambda-v0.1.0	-	qadv-arbiter-7x7-rust-lambda-v0.1.0	-	L	P	196
g1_a2fNry6tYAVFGZ5_fzu2QECtKY9mrqiWWtURniam-Ms	s1_HRHOkDjAAyayx5dwvIPEQnjD-Qmpjowbasy9EN-Rh0Q	1unL_E	qadv-arbiter-7x7-rust-lambda-v0.1.0	-	qadv-arbiter-7x7-rust-lambda-v0.1.0	-	L	P	196
g1_a2fNry6tYAVFGZ5_fzu2QECtKY9mrqiWWtURniam-Ms	s1_OI1uZe91037AXefxq4p29u_vuI4MdhqjEwpL6OA6z7k	1unL_E	qadv-arbiter-7x7-rust-lambda-v0.1.0	-	qadv-arbiter-7x7-rust-lambda-v0.1.0	-	L	P	196
g1_a2fNry6tYAVFGZ5_fzu2QECtKY9mrqiWWtURniam-Ms	s1_RauLaTi4eVgYHSp2TV9pqs9uzTVv0B10g9TaHMWpcZ4	1unL_E	qadv-arbiter-7x7-rust-lambda-v0.1.0	-	qadv-arbiter-7x7-rust-lambda-v0.1.0	-	L	P	-
g1_a2fVkJIaNwC4_K1rrmNKoYk0dewhROGbiE2MbVNtigE	s1_AoJzX3d5XWhlV2QtfsHVIVfq95SPDKUlIZtW350KEnI	1unMfk	qadv-arbiter-7x7-rust-lambda-v0.1.0	-	qadv-arbiter-7x7-rust-lambda-v0.1.0	-	L	P	196
g1_a2fVkJIaNwC4_K1rrmNKoYk0dewhROGbiE2MbVNtigE	s1_EJEYoIuch8ITaUrLTjX-p8GTh8w1WP8Bm8hcViaBavY	1unMfk	qadv-arbiter-7x7-rust-lambda-v0.1.0	-	qadv-arbiter-7x7-rust-lambda-v0.1.0	-	L	P	196
g1_a2fVkJIaNwC4_K1rrmNKoYk0dewhROGbiE2MbVNtigE	s1_RauLaTi4eVgYHSp2TV9pqs9uzTVv0B10g9TaHMWpcZ4	1unMfk	qadv-arbiter-7x7-rust-lambda-v0.1.0	-	qadv-arbiter-7x7-rust-lambda-v0.1.0	-	L	P	-
g1_a2fVkJIaNwC4_K1rrmNKoYk0dewhROGbiE2MbVNtigE	s1_Zn7v9HKpVL3W51x2Avns-ZlNE3_fJ9ydFMSBCDVg-Hw	1unMfk	qadv-arbiter-7x7-rust-lambda-v0.1.0	-	qadv-arbiter-7x7-rust-lambda-v0.1.0	-	L	P	196
g1_a2kuYY8hqq6mYZDW1OwhWgyI9-erDu8pHFdUJqSq5G4	s1__rRTA-AaFjjKnl4BH3_qAjg6NMkVNNSX6GZZvAuolCw	1umwMJ	rust-pathfinder-v0.3.0	-	rust-pathfinder-onnx-sorter-v0.1.0	-	L	P	120
g1_a2nljNzfAsKykRs577GaRgiLCOW8h-h9N1tvNxfa4qc	s1_1av6nXQkq-GSHXfjkVlGHGpAq8F9UbW4JwZmyFA-vww	1umvSu	python-gnn-puct-learner-v0.1.0	sha256:ab0f739cd33d66781faf60e27797c5ccba3c04ba684f8d9e32e9c2754f4e8956	python-gnn-puct-learner-v0.1.0	sha256:ab0f739cd33d66781faf60e27797c5ccba3c04ba684f8d9e32e9c2754f4e8956	-	M	196
g1_a2nljNzfAsKykRs577GaRgiLCOW8h-h9N1tvNxfa4qc	s1_Brk0hkuJoH-MBjdd53AO5tlWcOgDWV_R0PO74fHGd_0	1umvSu	python-gnn-puct-learner-v0.1.0	sha256:ab0f739cd33d66781faf60e27797c5ccba3c04ba684f8d9e32e9c2754f4e8956	python-gnn-puct-learner-v0.1.0	sha256:ab0f739cd33d66781faf60e27797c5ccba3c04ba684f8d9e32e9c2754f4e8956	-	M	196
g1_a2nljNzfAsKykRs577GaRgiLCOW8h-h9N1tvNxfa4qc	s1_QBFUsDtxokERlDOdQkleYbPvhJ-vIp2qmp6DXjS-7oM	1umvSu	python-gnn-puct-learner-v0.1.0	sha256:ab0f739cd33d66781faf60e27797c5ccba3c04ba684f8d9e32e9c2754f4e8956	python-gnn-puct-learner-v0.1.0	sha256:ab0f739cd33d66781faf60e27797c5ccba3c04ba684f8d9e32e9c2754f4e8956	-	M	196
g1_a2pGVXcp20Sc3cAFMVdYVGQsGhiOX1aMFord9OeRu44	s1_RauLaTi4eVgYHSp2TV9pqs9uzTVv0B10g9TaHMWpcZ4	1unN02	qadv-arbiter-7x7-rust-lambda-v0.1.0	-	qadv-arbiter-7x7-rust-lambda-v0.1.0	-	D	P	-
g1_a2pGVXcp20Sc3cAFMVdYVGQsGhiOX1aMFord9OeRu44	s1_lBB7cU08O2x_ysIb6612lNxBbl2IN297AUPSJereXpc	1unN02	qadv-arbiter-7x7-rust-lambda-v0.1.0	-	qadv-arbiter-7x7-rust-lambda-v0.1.0	-	D	P	196
g1_a2pGVXcp20Sc3cAFMVdYVGQsGhiOX1aMFord9OeRu44	s1_uoSfJ-3XmqaMvbTcS7Nn4q6iU-hiL0MpDTuYrdBLhjg	1unN02	qadv-arbiter-7x7-rust-lambda-v0.1.0	-	qadv-arbiter-7x7-rust-lambda-v0.1.0	-	D	P	196
g1_a2pGVXcp20Sc3cAFMVdYVGQsGhiOX1aMFord9OeRu44	s1_wD5TmOnQQUGy6YvRkADJGf7ha3ra6RZjig28eZK9iVM	1unN02	qadv-arbiter-7x7-rust-lambda-v0.1.0	-	qadv-arbiter-7x7-rust-lambda-v0.1.0	-	D	P	196
g1_a2rc6FwDuNz3nUY632HGNjlFb5Df2rtqb1zKAK06nZU	s1_0llb9tBBNtkkSKs5Vscf8ZiqRl4WnqpIPxKGDGBx094	1unO9R	qadv-arbiter-7x7-rust-lambda-v0.1.0	-	qadv-arbiter-7x7-rust-lambda-v0.1.0	-	L	P	196
g1_a2rc6FwDuNz3nUY632HGNjlFb5Df2rtqb1zKAK06nZU	s1_RauLaTi4eVgYHSp2TV9pqs9uzTVv0B10g9TaHMWpcZ4	1unO9R	qadv-arbiter-7x7-rust-lambda-v0.1.0	-	qadv-arbiter-7x7-rust-lambda-v0.1.0	-	L	P	-
g1_a2rc6FwDuNz3nUY632HGNjlFb5Df2rtqb1zKAK06nZU	s1_cfK9FAZ-sEvQh7IDWKbSghgcln1UfHEWN_GV5ZXRODE	1unO9R	qadv-arbiter-7x7-rust-lambda-v0.1.0	-	qadv-arbiter-7x7-rust-lambda-v0.1.0	-	L	P	196
g1_a2rc6FwDuNz3nUY632HGNjlFb5Df2rtqb1zKAK06nZU	s1_y1C-VLuOT43vobfRfCgL0OeFEqZRYuW3nMwdUMAQ0vM	1unO9R	qadv-arbiter-7x7-rust-lambda-v0.1.0	-	qadv-arbiter-7x7-rust-lambda-v0.1.0	-	L	P	196
g1_a2z5xB67vo5Chj5x0PZyUWaafQkbw3q8ENkUp1vOo1k	s1_0JbN5LHINqtM_6DdnQwDs5Co1qR1by2iMXeHVTBYEbE	1unQhq	qadv-arbiter-7x7-v0.1.0	-	pathfinder-v0.3.0	-	D	P	196
g1_a2z5xB67vo5Chj5x0PZyUWaafQkbw3q8ENkUp1vOo1k	s1_2FtaP75xgRVTNrUvmC0NIesJCNy8IDFJ05WNM4nUnpg	1unQhq	qadv-arbiter-7x7-v0.1.0	-	pathfinder-v0.3.0	-	D	P	196
g1_a2z5xB67vo5Chj5x0PZyUWaafQkbw3q8ENkUp1vOo1k	s1_AFGR-IgLjvVXy0dPYlAwDbXCSEzsf11ekCAoycVqZuE	1unQhq	qadv-arbiter-7x7-v0.1.0	-	pathfinder-v0.3.0	-	D	P	196
g1_a2z5xB67vo5Chj5x0PZyUWaafQkbw3q8ENkUp1vOo1k	s1_EMAArXmeNonF7axkhylrSEpN9T2VnrF-A_EAhty0My4	1unQhq	qadv-arbiter-7x7-v0.1.0	-	pathfinder-v0.3.0	-	D	P	196
g1_a2z5xB67vo5Chj5x0PZyUWaafQkbw3q8ENkUp1vOo1k	s1_RauLaTi4eVgYHSp2TV9pqs9uzTVv0B10g9TaHMWpcZ4	1unQhq	qadv-arbiter-7x7-v0.1.0	-	pathfinder-v0.3.0	-	D	P	-
g1_a31ws65Z81tZR268YPJ4jF_JVkjnFMmyok7DbjwY-DM	s1_RauLaTi4eVgYHSp2TV9pqs9uzTVv0B10g9TaHMWpcZ4	1unN3N	qadv-arbiter-7x7-rust-lambda-v0.1.0	-	qadv-arbiter-7x7-rust-lambda-v0.1.0	-	D	P	-
g1_a31ws65Z81tZR268YPJ4jF_JVkjnFMmyok7DbjwY-DM	s1_fFGsmgOwqPsmxOvu6K6b1QKhJN0Ap0J0h12QtkZWfHE	1unN3N	qadv-arbiter-7x7-rust-lambda-v0.1.0	-	qadv-arbiter-7x7-rust-lambda-v0.1.0	-	D	P	196
g1_a31ws65Z81tZR268YPJ4jF_JVkjnFMmyok7DbjwY-DM	s1_xz4G7R_2ECUB9hge0gOBrCnVU9BDKGTUDAUHOu4CxTE	1unN3N	qadv-arbiter-7x7-rust-lambda-v0.1.0	-	qadv-arbiter-7x7-rust-lambda-v0.1.0	-	D	P	196
g1_a31ws65Z81tZR268YPJ4jF_JVkjnFMmyok7DbjwY-DM	s1_yLyNFOOvEtIY3muSTFJWFpF1OENO_P3Rr7r87v91ZWs	1unN3N	qadv-arbiter-7x7-rust-lambda-v0.1.0	-	qadv-arbiter-7x7-rust-lambda-v0.1.0	-	D	P	196
g1_a37wlWLtSM0PkrOCuztKezjRHDloyYcR-OmRtEzqq00	s1_2K_-KR59NdCEq-vBAlRaZnZXigqKI6ErGh-T1hAKO0w	1unPUR	qadv-arbiter-7x7-rust-lambda-v0.1.0	-	qadv-arbiter-7x7-rust-lambda-v0.1.0	-	L	P	196
g1_a37wlWLtSM0PkrOCuztKezjRHDloyYcR-OmRtEzqq00	s1_O0PSnHtX8mIp64GeP3e9fg8iaXqJMwhvP6vYApOCgLc	1unPUR	qadv-arbiter-7x7-rust-lambda-v0.1.0	-	qadv-arbiter-7x7-rust-lambda-v0.1.0	-	L	P	196
g1_a37wlWLtSM0PkrOCuztKezjRHDloyYcR-OmRtEzqq00	s1_RauLaTi4eVgYHSp2TV9pqs9uzTVv0B10g9TaHMWpcZ4	1unPUR	qadv-arbiter-7x7-rust-lambda-v0.1.0	-	qadv-arbiter-7x7-rust-lambda-v0.1.0	-	L	P	-
g1_a37wlWLtSM0PkrOCuztKezjRHDloyYcR-OmRtEzqq00	s1_jdWnzb0F5VjtJdMCck2uvVvXsOFZVNw7TJ8njSZ3inc	1unPUR	qadv-arbiter-7x7-rust-lambda-v0.1.0	-	qadv-arbiter-7x7-rust-lambda-v0.1.0	-	L	P	196
g1_a3FTiwnS-1aCCdMs3lAEhI8fCroegFkPtuT20VV-i4M	s1_KD7g5RcJ5ozZhwrIWEW-gZUq428WyuUnKPDpk-1jnjc	1unQ3S	qadv-arbiter-7x7-rust-lambda-v0.1.0	-	qadv-arbiter-7x7-rust-lambda-v0.1.0	-	D	P	196
g1_a3FTiwnS-1aCCdMs3lAEhI8fCroegFkPtuT20VV-i4M	s1_fXKlvV2tQMt0r_0kjNeZmb97y5VzMLEa85p_Q37byDM	1unQ3S	qadv-arbiter-7x7-rust-lambda-v0.1.0	-	qadv-arbiter-7x7-rust-lambda-v0.1.0	-	D	P	196
g1_a3FTiwnS-1aCCdMs3lAEhI8fCroegFkPtuT20VV-i4M	s1_lwCOlG36jdHCzMEe0-zI0qVgL3tU-9bxfxrL_fUPsZY	1unQ3S	qadv-arbiter-7x7-rust-lambda-v0.1.0	-	qadv-arbiter-7x7-rust-lambda-v0.1.0	-	D	P	196
g1_a3HQdnZHqbnFQcsv2qtP8yu4V_9iZIZtLo2NfVYzrjg	s1_EHd406NVisYX17tvp9tSYcqEWWp4CsAdRryHC10wfHc	1un2TU	qadv-arbiter-guided-7x7-v0.2.0	sha256:9c0e5e530df7db77a98f6a2e75fe63a6f629c6ad6563e0b5454793ebc243b14d	pathfinder-v0.3.0	-	L	P	196
g1_a3HQdnZHqbnFQcsv2qtP8yu4V_9iZIZtLo2NfVYzrjg	s1_GCqZdg9KLzvh0I_b212TEmxdlG3kcwnq3SnQmPGgIqI	1un2TU	qadv-arbiter-guided-7x7-v0.2.0	sha256:9c0e5e530df7db77a98f6a2e75fe63a6f629c6ad6563e0b5454793ebc243b14d	pathfinder-v0.3.0	-	L	P	196
g1_a3HQdnZHqbnFQcsv2qtP8yu4V_9iZIZtLo2NfVYzrjg	s1_J9EF5676IM_wxOc02zG45LXeEd3FeuUD_sb4PARt5Zg	1un3xc	qadv-arbiter-guided-7x7-v0.2.0	sha256:9c0e5e530df7db77a98f6a2e75fe63a6f629c6ad6563e0b5454793ebc243b14d	pathfinder-v0.3.0	-	L	P	196
g1_a3HQdnZHqbnFQcsv2qtP8yu4V_9iZIZtLo2NfVYzrjg	s1_O3cuwuia8XT9TI7Nxr3tRcajOA20XFHEIT2fYX3WizY	1un2TU	qadv-arbiter-guided-7x7-v0.2.0	sha256:9c0e5e530df7db77a98f6a2e75fe63a6f629c6ad6563e0b5454793ebc243b14d	pathfinder-v0.3.0	-	L	P	196
g1_a3HQdnZHqbnFQcsv2qtP8yu4V_9iZIZtLo2NfVYzrjg	s1_mGJiiaFLrnaho5pkitxmswxQuh0g01-XdSdvqDg3GqE	1un3xc	qadv-arbiter-guided-7x7-v0.2.0	sha256:9c0e5e530df7db77a98f6a2e75fe63a6f629c6ad6563e0b5454793ebc243b14d	pathfinder-v0.3.0	-	L	P	196
g1_a3HQdnZHqbnFQcsv2qtP8yu4V_9iZIZtLo2NfVYzrjg	s1_vBzftZG0Bl9ZcDVZ1IICh3h95fLn4RxcOPWDBv8bIBo	1un3xc	qadv-arbiter-guided-7x7-v0.2.0	sha256:9c0e5e530df7db77a98f6a2e75fe63a6f629c6ad6563e0b5454793ebc243b14d	pathfinder-v0.3.0	-	L	P	196
g1_a3LWF7ARtRpUHD4bwb792dF-K_1h09J5_Dz2qCNTlT8	s1_3RtzTKRtzpQYjY_WJwv8zhhEnFRqJmmiW93JsqE3rKQ	1unLt7	qadv-arbiter-7x7-rust-lambda-v0.1.0	-	qadv-arbiter-7x7-rust-lambda-v0.1.0	-	D	P	196
g1_a3LWF7ARtRpUHD4bwb792dF-K_1h09J5_Dz2qCNTlT8	s1_Gw17TS5epuMPIxK0UIwC3doPJe7NPP3dDlT_gEGPn3A	1unLt7	qadv-arbiter-7x7-rust-lambda-v0.1.0	-	qadv-arbiter-7x7-rust-lambda-v0.1.0	-	D	P	196
g1_a3LWF7ARtRpUHD4bwb792dF-K_1h09J5_Dz2qCNTlT8	s1_RauLaTi4eVgYHSp2TV9pqs9uzTVv0B10g9TaHMWpcZ4	1unLt7	qadv-arbiter-7x7-rust-lambda-v0.1.0	-	qadv-arbiter-7x7-rust-lambda-v0.1.0	-	D	P	-
g1_a3LWF7ARtRpUHD4bwb792dF-K_1h09J5_Dz2qCNTlT8	s1_dG-e5XNbTh6GPkfYgr0-pudzWbPEx9Sm9B3JNBL5HTA	1unLt7	qadv-arbiter-7x7-rust-lambda-v0.1.0	-	qadv-arbiter-7x7-rust-lambda-v0.1.0	-	D	P	196
g1_a3SpCfYsKFpECqTApIWBUHaxPU7vcSfNBpTemPJiQKI	s1_RauLaTi4eVgYHSp2TV9pqs9uzTVv0B10g9TaHMWpcZ4	1unOKf	qadv-arbiter-7x7-rust-lambda-v0.1.0	-	qadv-arbiter-7x7-rust-lambda-v0.1.0	-	D	P	-
g1_a3SpCfYsKFpECqTApIWBUHaxPU7vcSfNBpTemPJiQKI	s1_Xya54MicS4_FzIQab2NCUf8WPIukvndbEabTgVzNdcw	1unOKf	qadv-arbiter-7x7-rust-lambda-v0.1.0	-	qadv-arbiter-7x7-rust-lambda-v0.1.0	-	D	P	196
g1_a3SpCfYsKFpECqTApIWBUHaxPU7vcSfNBpTemPJiQKI	s1_bBQG1qDAY1aj-qZ8H_mxRlJqzfPCSJeziz8Lb1jANRo	1unOKf	qadv-arbiter-7x7-rust-lambda-v0.1.0	-	qadv-arbiter-7x7-rust-lambda-v0.1.0	-	D	P	196
g1_a3SpCfYsKFpECqTApIWBUHaxPU7vcSfNBpTemPJiQKI	s1_rMChONk46VOBYzfhjVtobHcOnxXXhWZO3nxO3Xfp-yg	1unOKf	qadv-arbiter-7x7-rust-lambda-v0.1.0	-	qadv-arbiter-7x7-rust-lambda-v0.1.0	-	D	P	196
g1_a3r-q3InicNU2cVatY5K9UNN94F2M8bfHsRniS_KGBk	s1_18NvZaHNUV2wZb8cQVPGSOK-Yy2EYsT8e2Z7tYbDE2Q	1unN9T	qadv-arbiter-7x7-rust-lambda-v0.1.0	-	qadv-arbiter-7x7-rust-lambda-v0.1.0	-	D	P	196
g1_a3r-q3InicNU2cVatY5K9UNN94F2M8bfHsRniS_KGBk	s1_3qCcCZ8lI4AErLsSFseTzSC9Uzm9CCGDjYnHE1vn5HY	1unN9T	qadv-arbiter-7x7-rust-lambda-v0.1.0	-	qadv-arbiter-7x7-rust-lambda-v0.1.0	-	D	P	196
g1_a3r-q3InicNU2cVatY5K9UNN94F2M8bfHsRniS_KGBk	s1_RauLaTi4eVgYHSp2TV9pqs9uzTVv0B10g9TaHMWpcZ4	1unN9T	qadv-arbiter-7x7-rust-lambda-v0.1.0	-	qadv-arbiter-7x7-rust-lambda-v0.1.0	-	D	P	-
g1_a3r-q3InicNU2cVatY5K9UNN94F2M8bfHsRniS_KGBk	s1_czenyjzGtqHej54MOgOYwP5ZjVa2Qz3b_y7S_gM_7DE	1unN9T	qadv-arbiter-7x7-rust-lambda-v0.1.0	-	qadv-arbiter-7x7-rust-lambda-v0.1.0	-	D	P	196
g1_a3vI8LOVneOM1FScTH8BD7rir1ex6I2K-j77598cbXk	s1_HS1t94G1S700R0teEPEVRUOEcQJK79RVORTamB-O3hE	1unPzi	qadv-arbiter-7x7-rust-lambda-v0.1.0	-	qadv-arbiter-7x7-rust-lambda-v0.1.0	-	L	P	196
g1_a3vI8LOVneOM1FScTH8BD7rir1ex6I2K-j77598cbXk	s1_RauLaTi4eVgYHSp2TV9pqs9uzTVv0B10g9TaHMWpcZ4	1unPzi	qadv-arbiter-7x7-rust-lambda-v0.1.0	-	qadv-arbiter-7x7-rust-lambda-v0.1.0	-	L	P	-
g1_a3vI8LOVneOM1FScTH8BD7rir1ex6I2K-j77598cbXk	s1_cmBxvBECoo2FnosXDh2ST7kXRxPEzsbP5TBxN-C_peo	1unPzi	qadv-arbiter-7x7-rust-lambda-v0.1.0	-	qadv-arbiter-7x7-rust-lambda-v0.1.0	-	L	P	196
g1_a3vI8LOVneOM1FScTH8BD7rir1ex6I2K-j77598cbXk	s1_uKRAyAE9OMTy4_CXBYtzlBD9t7SeFuSWYehyFh9-HgI	1unPzi	qadv-arbiter-7x7-rust-lambda-v0.1.0	-	qadv-arbiter-7x7-rust-lambda-v0.1.0	-	L	P	196
g1_a41JTdACOCrRpLlRFiqY0BcQLGoc37CKAtoluP-l01o	s1_flXyOBW6T9LLVDFIvXBGel1MoVNZcUcMFIJnB9yLapU	1umxEK	python-gnn-puct-reval30k-v0.1.0	sha256:6120be86fc469df71473c3de64e5e32f99694cd47d621fa5948f243dc51d3d21	python-gnn-puct-reval30k-v0.1.0	sha256:6120be86fc469df71473c3de64e5e32f99694cd47d621fa5948f243dc51d3d21	L	P	196
g1_a4BAxDM5sWJqTCrULuDxZiuob-sq8roE3qNhDcm-51E	s1_9pzNsxJf2L7uWyloKFpf5qo0Z3rL8C5FwnmLvCpFaL0	1unOA4	qadv-arbiter-7x7-rust-lambda-v0.1.0	-	qadv-arbiter-7x7-rust-lambda-v0.1.0	-	L	P	196
g1_a4BAxDM5sWJqTCrULuDxZiuob-sq8roE3qNhDcm-51E	s1_RauLaTi4eVgYHSp2TV9pqs9uzTVv0B10g9TaHMWpcZ4	1unOA4	qadv-arbiter-7x7-rust-lambda-v0.1.0	-	qadv-arbiter-7x7-rust-lambda-v0.1.0	-	L	P	-
g1_a4BAxDM5sWJqTCrULuDxZiuob-sq8roE3qNhDcm-51E	s1_WkDS6x8KIX9qD7-P5aWGIyAW13xF5pwVLr9Ye-dN_8A	1unOA4	qadv-arbiter-7x7-rust-lambda-v0.1.0	-	qadv-arbiter-7x7-rust-lambda-v0.1.0	-	L	P	196
g1_a4BAxDM5sWJqTCrULuDxZiuob-sq8roE3qNhDcm-51E	s1_ftRCGaIiylYa9mS_S3zcxQxAs7Yw-TyI_8zQ9fzwBog	1unOA4	qadv-arbiter-7x7-rust-lambda-v0.1.0	-	qadv-arbiter-7x7-rust-lambda-v0.1.0	-	L	P	196
g1_a4BOQuhgiMbOxkN4ryH0e_0tQ1ZPe9unLejN33HG0tM	s1_1av6nXQkq-GSHXfjkVlGHGpAq8F9UbW4JwZmyFA-vww	1umvSx	python-gnn-puct-learner-v0.1.0	sha256:ab0f739cd33d66781faf60e27797c5ccba3c04ba684f8d9e32e9c2754f4e8956	python-gnn-puct-learner-v0.1.0	sha256:ab0f739cd33d66781faf60e27797c5ccba3c04ba684f8d9e32e9c2754f4e8956	D	P	196
g1_a4BOQuhgiMbOxkN4ryH0e_0tQ1ZPe9unLejN33HG0tM	s1_Brk0hkuJoH-MBjdd53AO5tlWcOgDWV_R0PO74fHGd_0	1umvSx	python-gnn-puct-learner-v0.1.0	sha256:ab0f739cd33d66781faf60e27797c5ccba3c04ba684f8d9e32e9c2754f4e8956	python-gnn-puct-learner-v0.1.0	sha256:ab0f739cd33d66781faf60e27797c5ccba3c04ba684f8d9e32e9c2754f4e8956	D	P	196
g1_a4BOQuhgiMbOxkN4ryH0e_0tQ1ZPe9unLejN33HG0tM	s1_QBFUsDtxokERlDOdQkleYbPvhJ-vIp2qmp6DXjS-7oM	1umvSx	python-gnn-puct-learner-v0.1.0	sha256:ab0f739cd33d66781faf60e27797c5ccba3c04ba684f8d9e32e9c2754f4e8956	python-gnn-puct-learner-v0.1.0	sha256:ab0f739cd33d66781faf60e27797c5ccba3c04ba684f8d9e32e9c2754f4e8956	D	P	196
g1_a4KgRqRLxgYC0MNRZkn3Vds8JCI5Mi0JlHP6Bdbh55U	s1_QH38PNrP67-Yt3dSOshlESk5lB9zUt_anvsAssSwEh8	1unNSo	qadv-arbiter-7x7-rust-lambda-v0.1.0	-	qadv-arbiter-7x7-rust-lambda-v0.1.0	-	D	P	196
g1_a4KgRqRLxgYC0MNRZkn3Vds8JCI5Mi0JlHP6Bdbh55U	s1_RWp-n3CRa_zeUsIxwbDLIWsxa7qKpvD_dZ63egUwPzY	1unNSo	qadv-arbiter-7x7-rust-lambda-v0.1.0	-	qadv-arbiter-7x7-rust-lambda-v0.1.0	-	D	P	196
g1_a4KgRqRLxgYC0MNRZkn3Vds8JCI5Mi0JlHP6Bdbh55U	s1_RauLaTi4eVgYHSp2TV9pqs9uzTVv0B10g9TaHMWpcZ4	1unNSo	qadv-arbiter-7x7-rust-lambda-v0.1.0	-	qadv-arbiter-7x7-rust-lambda-v0.1.0	-	D	P	-
g1_a4KgRqRLxgYC0MNRZkn3Vds8JCI5Mi0JlHP6Bdbh55U	s1_oNyQhsbskFssdlzkQJRf0SqucCE2P0AUvWBZJDi2DzU	1unNSo	qadv-arbiter-7x7-rust-lambda-v0.1.0	-	qadv-arbiter-7x7-rust-lambda-v0.1.0	-	D	P	196
g1_a4LyWya5u9QIYnTnxuMo74LYY7bpI2TMDWUd4P12r2M	s1_1ppPOg6l0vQWTThl8-bt8MRXFPR3XEcSsOO4BLgxppw	1unNwj	qadv-arbiter-7x7-rust-lambda-v0.1.0	-	qadv-arbiter-7x7-rust-lambda-v0.1.0	-	D	P	196
g1_a4LyWya5u9QIYnTnxuMo74LYY7bpI2TMDWUd4P12r2M	s1_GIv9ug3bNAkDVaSKM2I0WwY5_QUtX4T_VS667DL77C8	1unNwj	qadv-arbiter-7x7-rust-lambda-v0.1.0	-	qadv-arbiter-7x7-rust-lambda-v0.1.0	-	D	P	196
g1_a4LyWya5u9QIYnTnxuMo74LYY7bpI2TMDWUd4P12r2M	s1_RauLaTi4eVgYHSp2TV9pqs9uzTVv0B10g9TaHMWpcZ4	1unNwj	qadv-arbiter-7x7-rust-lambda-v0.1.0	-	qadv-arbiter-7x7-rust-lambda-v0.1.0	-	D	P	-
g1_a4LyWya5u9QIYnTnxuMo74LYY7bpI2TMDWUd4P12r2M	s1_zExvFB-D3WKfb4yheAYtHZx5_mhPG1uOuF_JugjWvgY	1unNwj	qadv-arbiter-7x7-rust-lambda-v0.1.0	-	qadv-arbiter-7x7-rust-lambda-v0.1.0	-	D	P	196
g1_a4MY6gJR9Rp3pK9A0CqD0TI-Bof_PMg9bN81atsx7uc	s1_1LB6NAgPOeCp4r8rQw4kUOIXWpEdWysFm5RZjWCQSgc	1umwTT	python-gnn-puct-learner-v0.1.0	sha256:ab0f739cd33d66781faf60e27797c5ccba3c04ba684f8d9e32e9c2754f4e8956	python-gnn-puct-learner-v0.1.0	sha256:ab0f739cd33d66781faf60e27797c5ccba3c04ba684f8d9e32e9c2754f4e8956	D	P	196
g1_a4MY6gJR9Rp3pK9A0CqD0TI-Bof_PMg9bN81atsx7uc	s1_P4NHYhwuVnEA-dG2X-UVeVotb84A5mwljbYTlTMqr8w	1umwTT	python-gnn-puct-learner-v0.1.0	sha256:ab0f739cd33d66781faf60e27797c5ccba3c04ba684f8d9e32e9c2754f4e8956	python-gnn-puct-learner-v0.1.0	sha256:ab0f739cd33d66781faf60e27797c5ccba3c04ba684f8d9e32e9c2754f4e8956	D	P	196
g1_a4OiEDPX3KTCu4qiobZIIakIEfKCX0TPPArnni1xsCQ	s1_WVg7aYYLIrw6_-2mI3jQ-DPcLO4gX2sPEEqWQb0DGQA	1umxTH	python-cnn-puct-reval30k-v0.1.0	sha256:eb2600a53e225a835455efdb2759c40e27c5cb3c16ab0688bc21b99290ed10ee	python-cnn-puct-reval30k-v0.1.0	sha256:eb2600a53e225a835455efdb2759c40e27c5cb3c16ab0688bc21b99290ed10ee	L	P	196
g1_a4OnBh2TUwLecyb_Ro6s_4_v9iYw7DziWIwU8EO1JY8	s1_cxWoHGAOV3oFvCQ0XuQrJ0DgfOyIwxC8-1JeuT-MQoI	1umwNa	rust-pathfinder-onnx-sorter-v0.1.0	-	rust-pathfinder-v0.3.0	-	D	P	120
g1_a4kdMUog7eAW7dZ_GB9h7kIxaL1HaBxtZScYVpr-HUQ	s1_25P-lr3hhKFfJw5QWoplXajdUmOgH9xvNGRTPLpev0s	1unNlE	qadv-arbiter-7x7-rust-lambda-v0.1.0	-	qadv-arbiter-7x7-rust-lambda-v0.1.0	-	L	P	196
g1_a4kdMUog7eAW7dZ_GB9h7kIxaL1HaBxtZScYVpr-HUQ	s1_8Qa34r2U92hyAaHHcpcokxAWnmPd8SJkhwRGTsSuiPw	1unNlE	qadv-arbiter-7x7-rust-lambda-v0.1.0	-	qadv-arbiter-7x7-rust-lambda-v0.1.0	-	L	P	196
g1_a4kdMUog7eAW7dZ_GB9h7kIxaL1HaBxtZScYVpr-HUQ	s1_BVs_Sz0vZ8lIeDv8QGbVk2zfGOPwEBSth27t6IoVl6U	1unNlE	qadv-arbiter-7x7-rust-lambda-v0.1.0	-	qadv-arbiter-7x7-rust-lambda-v0.1.0	-	L	P	196
g1_a4kdMUog7eAW7dZ_GB9h7kIxaL1HaBxtZScYVpr-HUQ	s1_RauLaTi4eVgYHSp2TV9pqs9uzTVv0B10g9TaHMWpcZ4	1unNlE	qadv-arbiter-7x7-rust-lambda-v0.1.0	-	qadv-arbiter-7x7-rust-lambda-v0.1.0	-	L	P	-
g1_a4p_Wnrdl3VPBsPGa3wjGbF5x9l5NKzyrlzzU2TQLFg	s1_Af4nNPIhfMWiU3dB1G3Gp_JWApeR94z_15EQU4h1vvM	1un7re	qadv-arbiter-guided-7x7-v0.2.0	sha256:9c0e5e530df7db77a98f6a2e75fe63a6f629c6ad6563e0b5454793ebc243b14d	lunatic-v0.1.0	-	L	P	196
g1_a4p_Wnrdl3VPBsPGa3wjGbF5x9l5NKzyrlzzU2TQLFg	s1_CEtnyncu2FLKw6vcW0aWifhBSjwFeejMqSxt64wjUx0	1un7re	qadv-arbiter-guided-7x7-v0.2.0	sha256:9c0e5e530df7db77a98f6a2e75fe63a6f629c6ad6563e0b5454793ebc243b14d	lunatic-v0.1.0	-	L	P	196
g1_a4p_Wnrdl3VPBsPGa3wjGbF5x9l5NKzyrlzzU2TQLFg	s1_O3cuwuia8XT9TI7Nxr3tRcajOA20XFHEIT2fYX3WizY	1un7re	qadv-arbiter-guided-7x7-v0.2.0	sha256:9c0e5e530df7db77a98f6a2e75fe63a6f629c6ad6563e0b5454793ebc243b14d	lunatic-v0.1.0	-	L	P	196
g1_a4p_Wnrdl3VPBsPGa3wjGbF5x9l5NKzyrlzzU2TQLFg	s1_kkT8qkQBd2qeSRsdFDNDwTiWXOzS6wyj7q-eie2p0s4	1un7re	qadv-arbiter-guided-7x7-v0.2.0	sha256:9c0e5e530df7db77a98f6a2e75fe63a6f629c6ad6563e0b5454793ebc243b14d	lunatic-v0.1.0	-	L	P	196
g1_a4uvNhr86rAiyltM0Yxp5QZ6Eev9nPHLmxWSIVgB-gA	s1_1XoxENw8Z_E12JzQZ6H9rkrRJk1Wo7aAAvq4jhDVyGo	1un5ew	qadv-arbiter-guided-7x7-v0.2.0	sha256:9c0e5e530df7db77a98f6a2e75fe63a6f629c6ad6563e0b5454793ebc243b14d	surveyor-v0.2.0	-	D	P	196
g1_a4uvNhr86rAiyltM0Yxp5QZ6Eev9nPHLmxWSIVgB-gA	s1_O3cuwuia8XT9TI7Nxr3tRcajOA20XFHEIT2fYX3WizY	1un5ew	qadv-arbiter-guided-7x7-v0.2.0	sha256:9c0e5e530df7db77a98f6a2e75fe63a6f629c6ad6563e0b5454793ebc243b14d	surveyor-v0.2.0	-	D	P	196
g1_a4uvNhr86rAiyltM0Yxp5QZ6Eev9nPHLmxWSIVgB-gA	s1_Wm96nwaIWKpAJ3RfJi_pk_r6EF_3M78D0GXx9IBk1xo	1un5ew	qadv-arbiter-guided-7x7-v0.2.0	sha256:9c0e5e530df7db77a98f6a2e75fe63a6f629c6ad6563e0b5454793ebc243b14d	surveyor-v0.2.0	-	D	P	196
g1_a4yaZr-tCLWgjFNZC_TVZl9c2EmSeBpwNDEQ-9rk0Tk	s1_0O2kO2ByZ-ea2gydSiJVEERR7H2cTqBf6OgqD1t6b2o	1unN6A	qadv-arbiter-7x7-rust-lambda-v0.1.0	-	qadv-arbiter-7x7-rust-lambda-v0.1.0	-	D	P	196
g1_a4yaZr-tCLWgjFNZC_TVZl9c2EmSeBpwNDEQ-9rk0Tk	s1_RauLaTi4eVgYHSp2TV9pqs9uzTVv0B10g9TaHMWpcZ4	1unN6A	qadv-arbiter-7x7-rust-lambda-v0.1.0	-	qadv-arbiter-7x7-rust-lambda-v0.1.0	-	D	P	-
g1_a4yaZr-tCLWgjFNZC_TVZl9c2EmSeBpwNDEQ-9rk0Tk	s1_xz4G7R_2ECUB9hge0gOBrCnVU9BDKGTUDAUHOu4CxTE	1unN6A	qadv-arbiter-7x7-rust-lambda-v0.1.0	-	qadv-arbiter-7x7-rust-lambda-v0.1.0	-	D	P	196
g1_a4yaZr-tCLWgjFNZC_TVZl9c2EmSeBpwNDEQ-9rk0Tk	s1_yLyNFOOvEtIY3muSTFJWFpF1OENO_P3Rr7r87v91ZWs	1unN6A	qadv-arbiter-7x7-rust-lambda-v0.1.0	-	qadv-arbiter-7x7-rust-lambda-v0.1.0	-	D	P	196
g1_a5-mYCKfQVyyppfjptMDF8Ql7v3lbp3bkGLW7ZFnyJM	s1_O3cuwuia8XT9TI7Nxr3tRcajOA20XFHEIT2fYX3WizY	1un68B	gnn-reval30k-7x7	sha256:7f41dbe135649d1116a0914bc0358a5ffae95749195ec20dd972035bbbea52f7	qadv-arbiter-guided-7x7-v0.2.0	sha256:9c0e5e530df7db77a98f6a2e75fe63a6f629c6ad6563e0b5454793ebc243b14d	D	P	196
g1_a5-mYCKfQVyyppfjptMDF8Ql7v3lbp3bkGLW7ZFnyJM	s1_kxcCOPI6kb3Yfxj3JAw9tOeotFWkcd3kTNwqviSbgzw	1un68B	gnn-reval30k-7x7	sha256:7f41dbe135649d1116a0914bc0358a5ffae95749195ec20dd972035bbbea52f7	qadv-arbiter-guided-7x7-v0.2.0	sha256:9c0e5e530df7db77a98f6a2e75fe63a6f629c6ad6563e0b5454793ebc243b14d	D	P	196
g1_a5-mYCKfQVyyppfjptMDF8Ql7v3lbp3bkGLW7ZFnyJM	s1_nUa3ws3Gs99-zHf-hPvDSLVlIEJGXiOY79LgG2mno4c	1un68B	gnn-reval30k-7x7	sha256:7f41dbe135649d1116a0914bc0358a5ffae95749195ec20dd972035bbbea52f7	qadv-arbiter-guided-7x7-v0.2.0	sha256:9c0e5e530df7db77a98f6a2e75fe63a6f629c6ad6563e0b5454793ebc243b14d	D	P	196
g1_a5LInLwyzrKe_peFcuMAUArz9mz0fNIRodfp1vtyT8s	s1_4w29_hJXd6IlbVX3_yQNK3pFl1FUu8aWhWPOGmtPZT8	1unMPM	qadv-arbiter-7x7-rust-lambda-v0.1.0	-	qadv-arbiter-7x7-rust-lambda-v0.1.0	-	L	P	196
g1_a5LInLwyzrKe_peFcuMAUArz9mz0fNIRodfp1vtyT8s	s1_9pK_obJzofo_mvrJSU2L8ISMAT5PPdIPXJZuYJOojyo	1unMPM	qadv-arbiter-7x7-rust-lambda-v0.1.0	-	qadv-arbiter-7x7-rust-lambda-v0.1.0	-	L	P	196
g1_a5LInLwyzrKe_peFcuMAUArz9mz0fNIRodfp1vtyT8s	s1_L4D6xzt2BrEO8LZ7IGyDjQ95CAkxt2q0xOxVqzW8maE	1unMPM	qadv-arbiter-7x7-rust-lambda-v0.1.0	-	qadv-arbiter-7x7-rust-lambda-v0.1.0	-	L	P	196
g1_a5LInLwyzrKe_peFcuMAUArz9mz0fNIRodfp1vtyT8s	s1_RauLaTi4eVgYHSp2TV9pqs9uzTVv0B10g9TaHMWpcZ4	1unMPM	qadv-arbiter-7x7-rust-lambda-v0.1.0	-	qadv-arbiter-7x7-rust-lambda-v0.1.0	-	L	P	-
g1_a5To7hEVss3cpk8UR7ZjwBsOK9mG9-0mkW9noQd7x_0	s1_1av6nXQkq-GSHXfjkVlGHGpAq8F9UbW4JwZmyFA-vww	1umv9D	python-gnn-puct-scout-v0.1.0	sha256:b9f80706cc1f29076ee06fe06483697c749148a808c599579045d00a52573938	python-gnn-puct-scout-v0.1.0	sha256:b9f80706cc1f29076ee06fe06483697c749148a808c599579045d00a52573938	D	P	196
g1_a5To7hEVss3cpk8UR7ZjwBsOK9mG9-0mkW9noQd7x_0	s1_Brk0hkuJoH-MBjdd53AO5tlWcOgDWV_R0PO74fHGd_0	1umv9D	python-gnn-puct-scout-v0.1.0	sha256:b9f80706cc1f29076ee06fe06483697c749148a808c599579045d00a52573938	python-gnn-puct-scout-v0.1.0	sha256:b9f80706cc1f29076ee06fe06483697c749148a808c599579045d00a52573938	D	P	196
g1_a5To7hEVss3cpk8UR7ZjwBsOK9mG9-0mkW9noQd7x_0	s1_D_X-fTFZy6xuyGSC5jFyKBW6IP_59Jbomefazf4xu44	1umv9D	python-gnn-puct-scout-v0.1.0	sha256:b9f80706cc1f29076ee06fe06483697c749148a808c599579045d00a52573938	python-gnn-puct-scout-v0.1.0	sha256:b9f80706cc1f29076ee06fe06483697c749148a808c599579045d00a52573938	D	P	196
g1_a5j648wYLpD0hjFaHyXU2BJMUQ-j4tMhU1_gyYdUk_k	s1_1LB6NAgPOeCp4r8rQw4kUOIXWpEdWysFm5RZjWCQSgc	1umwRc	python-gnn-puct-learner-v0.1.0	sha256:ab0f739cd33d66781faf60e27797c5ccba3c04ba684f8d9e32e9c2754f4e8956	python-gnn-puct-learner-v0.1.0	sha256:ab0f739cd33d66781faf60e27797c5ccba3c04ba684f8d9e32e9c2754f4e8956	-	M	196
g1_a5j648wYLpD0hjFaHyXU2BJMUQ-j4tMhU1_gyYdUk_k	s1_P4NHYhwuVnEA-dG2X-UVeVotb84A5mwljbYTlTMqr8w	1umwRc	python-gnn-puct-learner-v0.1.0	sha256:ab0f739cd33d66781faf60e27797c5ccba3c04ba684f8d9e32e9c2754f4e8956	python-gnn-puct-learner-v0.1.0	sha256:ab0f739cd33d66781faf60e27797c5ccba3c04ba684f8d9e32e9c2754f4e8956	-	M	196
g1_a68vUNgtxlELA6Tr1IqLAx5J7jMbW5tnFnuys2zRYsM	s1_O3cuwuia8XT9TI7Nxr3tRcajOA20XFHEIT2fYX3WizY	1un68L	gnn-reval30k-7x7	sha256:7f41dbe135649d1116a0914bc0358a5ffae95749195ec20dd972035bbbea52f7	qadv-arbiter-guided-7x7-v0.2.0	sha256:9c0e5e530df7db77a98f6a2e75fe63a6f629c6ad6563e0b5454793ebc243b14d	L	P	196
g1_a68vUNgtxlELA6Tr1IqLAx5J7jMbW5tnFnuys2zRYsM	s1_WKgJ-Jv1JLaOTWIv9LBPKOOAJ5w7fDR6YLt9DYRBTmo	1un6ND	gnn-reval30k-7x7	sha256:7f41dbe135649d1116a0914bc0358a5ffae95749195ec20dd972035bbbea52f7	qadv-arbiter-guided-7x7-v0.2.0	sha256:9c0e5e530df7db77a98f6a2e75fe63a6f629c6ad6563e0b5454793ebc243b14d	L	P	196
g1_a68vUNgtxlELA6Tr1IqLAx5J7jMbW5tnFnuys2zRYsM	s1_cLhadU61FtckEqANG11HlvmBNEu5JQxwalW0_KFv9kA	1un6ND	gnn-reval30k-7x7	sha256:7f41dbe135649d1116a0914bc0358a5ffae95749195ec20dd972035bbbea52f7	qadv-arbiter-guided-7x7-v0.2.0	sha256:9c0e5e530df7db77a98f6a2e75fe63a6f629c6ad6563e0b5454793ebc243b14d	L	P	196
g1_a68vUNgtxlELA6Tr1IqLAx5J7jMbW5tnFnuys2zRYsM	s1_kxcCOPI6kb3Yfxj3JAw9tOeotFWkcd3kTNwqviSbgzw	1un68L	gnn-reval30k-7x7	sha256:7f41dbe135649d1116a0914bc0358a5ffae95749195ec20dd972035bbbea52f7	qadv-arbiter-guided-7x7-v0.2.0	sha256:9c0e5e530df7db77a98f6a2e75fe63a6f629c6ad6563e0b5454793ebc243b14d	L	P	196
g1_a68vUNgtxlELA6Tr1IqLAx5J7jMbW5tnFnuys2zRYsM	s1_nUa3ws3Gs99-zHf-hPvDSLVlIEJGXiOY79LgG2mno4c	1un68L	gnn-reval30k-7x7	sha256:7f41dbe135649d1116a0914bc0358a5ffae95749195ec20dd972035bbbea52f7	qadv-arbiter-guided-7x7-v0.2.0	sha256:9c0e5e530df7db77a98f6a2e75fe63a6f629c6ad6563e0b5454793ebc243b14d	L	P	196
g1_a6I8iAIFWEBC2X_CQ1Qzg3cauUoCI3dgh3WcFQWvXc0	s1_0XZ1NLYQJowj1LTbnCjN0igFrLL4Al3hMK_K0mV9plI	1unPbV	qadv-arbiter-7x7-rust-lambda-v0.1.0	-	qadv-arbiter-7x7-rust-lambda-v0.1.0	-	D	P	196
g1_a6I8iAIFWEBC2X_CQ1Qzg3cauUoCI3dgh3WcFQWvXc0	s1_1tTGSqghPqkuX_RuEAJdMsvaUBDMph3tHnUWyx5QtvQ	1unPbV	qadv-arbiter-7x7-rust-lambda-v0.1.0	-	qadv-arbiter-7x7-rust-lambda-v0.1.0	-	D	P	196
g1_a6I8iAIFWEBC2X_CQ1Qzg3cauUoCI3dgh3WcFQWvXc0	s1_3IPleeNAAkcQOy0icQnGGnm9pjnEJwqNkykByrPE8Yg	1unPbV	qadv-arbiter-7x7-rust-lambda-v0.1.0	-	qadv-arbiter-7x7-rust-lambda-v0.1.0	-	D	P	196
g1_a6I8iAIFWEBC2X_CQ1Qzg3cauUoCI3dgh3WcFQWvXc0	s1_RauLaTi4eVgYHSp2TV9pqs9uzTVv0B10g9TaHMWpcZ4	1unPbV	qadv-arbiter-7x7-rust-lambda-v0.1.0	-	qadv-arbiter-7x7-rust-lambda-v0.1.0	-	D	P	-
g1_a6TBJCEh3OHrVf-8kdgpwzwQQ46s1x3j5g1hQBIDxY0	s1_1av6nXQkq-GSHXfjkVlGHGpAq8F9UbW4JwZmyFA-vww	1DIj0	python-gnn-puct-v0.1.0	sha256:6f9ad6e4a0993da3cf34a8549e86f9b5d512c51e11bfa76dfe051e7a8801bdac	python-gnn-puct-v0.1.0	sha256:6f9ad6e4a0993da3cf34a8549e86f9b5d512c51e11bfa76dfe051e7a8801bdac	D	P	196
g1_a6TBJCEh3OHrVf-8kdgpwzwQQ46s1x3j5g1hQBIDxY0	s1_Brk0hkuJoH-MBjdd53AO5tlWcOgDWV_R0PO74fHGd_0	1DIj0	python-gnn-puct-v0.1.0	sha256:6f9ad6e4a0993da3cf34a8549e86f9b5d512c51e11bfa76dfe051e7a8801bdac	python-gnn-puct-v0.1.0	sha256:6f9ad6e4a0993da3cf34a8549e86f9b5d512c51e11bfa76dfe051e7a8801bdac	D	P	196
g1_a6TBJCEh3OHrVf-8kdgpwzwQQ46s1x3j5g1hQBIDxY0	s1_KmF8KhDbubz6lwdS8R_n_yTGdSONmH9B1wUABbyCj94	1DIj0	python-gnn-puct-v0.1.0	sha256:6f9ad6e4a0993da3cf34a8549e86f9b5d512c51e11bfa76dfe051e7a8801bdac	python-gnn-puct-v0.1.0	sha256:6f9ad6e4a0993da3cf34a8549e86f9b5d512c51e11bfa76dfe051e7a8801bdac	D	P	196
g1_a6TBJCEh3OHrVf-8kdgpwzwQQ46s1x3j5g1hQBIDxY0	s1_g5pGkHBMEhzAYvwFY0b24sSc7wC9JfnWApMHHZ_aMPI	1DIj0	python-gnn-puct-v0.1.0	sha256:6f9ad6e4a0993da3cf34a8549e86f9b5d512c51e11bfa76dfe051e7a8801bdac	python-gnn-puct-v0.1.0	sha256:6f9ad6e4a0993da3cf34a8549e86f9b5d512c51e11bfa76dfe051e7a8801bdac	D	P	196
g1_a6TBJCEh3OHrVf-8kdgpwzwQQ46s1x3j5g1hQBIDxY0	s1_tol_POp6BcgBLMWq8iDfRBQSAXpESHxFwmcCQYXv0yQ	1DIj0	python-gnn-puct-v0.1.0	sha256:6f9ad6e4a0993da3cf34a8549e86f9b5d512c51e11bfa76dfe051e7a8801bdac	python-gnn-puct-v0.1.0	sha256:6f9ad6e4a0993da3cf34a8549e86f9b5d512c51e11bfa76dfe051e7a8801bdac	D	P	196
g1_a6frA9pGTxN_HNyHoZwhU9-NFLIY91p0Fn2jtnN9DGw	s1_Ng4Aiwn8Eh-Upu3B5kIR3ufYW4MxE90ZXdiaypxV1kA	1umvwy	rust-pathfinder-v0.1.0	-	rust-pathfinder-v0.3.0	-	D	P	100
g1_a6frA9pGTxN_HNyHoZwhU9-NFLIY91p0Fn2jtnN9DGw	s1_YfTsyL9I-VyA3uySoMB2oRjn3ZHMBF5BvjI1UqIxRBk	1umvwy	rust-pathfinder-v0.1.0	-	rust-pathfinder-v0.3.0	-	D	P	100
g1_a6yPGZZHMbsS_oPM6PiO2FdV8VRvvQXQ9aMlEUIHBgw	s1_qtlitMa-GGx-0y2heoyNRonYXf1Dq5epTexnVe9Iqtw	1umxWD	python-gnn-puct-learner-v0.1.0	sha256:ab0f739cd33d66781faf60e27797c5ccba3c04ba684f8d9e32e9c2754f4e8956	python-gnn-puct-learner-v0.1.0	sha256:ab0f739cd33d66781faf60e27797c5ccba3c04ba684f8d9e32e9c2754f4e8956	L	P	196
g1_a71Hmsqtr-n3LjoD08wklj248269z8HNe7MJktnqiC8	s1_1av6nXQkq-GSHXfjkVlGHGpAq8F9UbW4JwZmyFA-vww	1DIZa	python-gnn-puct-v0.1.0	sha256:6f9ad6e4a0993da3cf34a8549e86f9b5d512c51e11bfa76dfe051e7a8801bdac	python-gnn-puct-v0.1.0	sha256:6f9ad6e4a0993da3cf34a8549e86f9b5d512c51e11bfa76dfe051e7a8801bdac	-	M	196
g1_a71Hmsqtr-n3LjoD08wklj248269z8HNe7MJktnqiC8	s1_Brk0hkuJoH-MBjdd53AO5tlWcOgDWV_R0PO74fHGd_0	1DIZa	python-gnn-puct-v0.1.0	sha256:6f9ad6e4a0993da3cf34a8549e86f9b5d512c51e11bfa76dfe051e7a8801bdac	python-gnn-puct-v0.1.0	sha256:6f9ad6e4a0993da3cf34a8549e86f9b5d512c51e11bfa76dfe051e7a8801bdac	-	M	196
g1_a71Hmsqtr-n3LjoD08wklj248269z8HNe7MJktnqiC8	s1_KmF8KhDbubz6lwdS8R_n_yTGdSONmH9B1wUABbyCj94	1DIZa	python-gnn-puct-v0.1.0	sha256:6f9ad6e4a0993da3cf34a8549e86f9b5d512c51e11bfa76dfe051e7a8801bdac	python-gnn-puct-v0.1.0	sha256:6f9ad6e4a0993da3cf34a8549e86f9b5d512c51e11bfa76dfe051e7a8801bdac	-	M	196
g1_a71Hmsqtr-n3LjoD08wklj248269z8HNe7MJktnqiC8	s1_g5pGkHBMEhzAYvwFY0b24sSc7wC9JfnWApMHHZ_aMPI	1DIZa	python-gnn-puct-v0.1.0	sha256:6f9ad6e4a0993da3cf34a8549e86f9b5d512c51e11bfa76dfe051e7a8801bdac	python-gnn-puct-v0.1.0	sha256:6f9ad6e4a0993da3cf34a8549e86f9b5d512c51e11bfa76dfe051e7a8801bdac	-	M	196
g1_a71Hmsqtr-n3LjoD08wklj248269z8HNe7MJktnqiC8	s1_tol_POp6BcgBLMWq8iDfRBQSAXpESHxFwmcCQYXv0yQ	1DIZa	python-gnn-puct-v0.1.0	sha256:6f9ad6e4a0993da3cf34a8549e86f9b5d512c51e11bfa76dfe051e7a8801bdac	python-gnn-puct-v0.1.0	sha256:6f9ad6e4a0993da3cf34a8549e86f9b5d512c51e11bfa76dfe051e7a8801bdac	-	M	196
g1_a7AVFU4lfkKE5ivX40VfDpbcLaaXuVWxl2ltCRGWN9A	s1_FW1ZodWbnP__AxR5JqnhIVUciDxzHl7-8FTcQ0GFbEU	1unONP	qadv-arbiter-7x7-rust-lambda-v0.1.0	-	qadv-arbiter-7x7-rust-lambda-v0.1.0	-	D	P	196
g1_a7AVFU4lfkKE5ivX40VfDpbcLaaXuVWxl2ltCRGWN9A	s1_Nps8bqlTk_ClBu2xD3aRW7re3-n3wLNR9LQNqrxxFpw	1unONP	qadv-arbiter-7x7-rust-lambda-v0.1.0	-	qadv-arbiter-7x7-rust-lambda-v0.1.0	-	D	P	196
g1_a7AVFU4lfkKE5ivX40VfDpbcLaaXuVWxl2ltCRGWN9A	s1_Q3dMWpQB5ii5rinkOhdn0-NLgC-NgERYuseBlTBfPqA	1unONP	qadv-arbiter-7x7-rust-lambda-v0.1.0	-	qadv-arbiter-7x7-rust-lambda-v0.1.0	-	D	P	196
g1_a7AVFU4lfkKE5ivX40VfDpbcLaaXuVWxl2ltCRGWN9A	s1_RauLaTi4eVgYHSp2TV9pqs9uzTVv0B10g9TaHMWpcZ4	1unONP	qadv-arbiter-7x7-rust-lambda-v0.1.0	-	qadv-arbiter-7x7-rust-lambda-v0.1.0	-	D	P	-
g1_a7B_DaF5fHDzmhBgb35X61yL96aLl5okkPRODOfVSgU	s1_4oGpAkRRjVAUoogD-jI6wI_Yv_0fpeKRHdQxICwrD9E	1unOT8	qadv-arbiter-7x7-rust-lambda-v0.1.0	-	qadv-arbiter-7x7-rust-lambda-v0.1.0	-	L	P	196
g1_a7B_DaF5fHDzmhBgb35X61yL96aLl5okkPRODOfVSgU	s1_4tzavy4iMazKfZwbmTs4rFgyqsJazvLIQ3Md0jzfzns	1unOT8	qadv-arbiter-7x7-rust-lambda-v0.1.0	-	qadv-arbiter-7x7-rust-lambda-v0.1.0	-	L	P	196
g1_a7B_DaF5fHDzmhBgb35X61yL96aLl5okkPRODOfVSgU	s1_RauLaTi4eVgYHSp2TV9pqs9uzTVv0B10g9TaHMWpcZ4	1unOT8	qadv-arbiter-7x7-rust-lambda-v0.1.0	-	qadv-arbiter-7x7-rust-lambda-v0.1.0	-	L	P	-
g1_a7B_DaF5fHDzmhBgb35X61yL96aLl5okkPRODOfVSgU	s1_WCDp0AGi4OKnsnaakVTaNfMj05qcut6Q_kMZaoMOjuk	1unOT8	qadv-arbiter-7x7-rust-lambda-v0.1.0	-	qadv-arbiter-7x7-rust-lambda-v0.1.0	-	L	P	196
g1_a7UcywgTBLbbjnx7WYXNGyNqe7cVJ4sBV6dHvailpKA	s1_IN4gjvmTpsq2e_xEe9fCBe3lrbKFk78A8zraNWXvLmY	1unNmM	qadv-arbiter-7x7-rust-lambda-v0.1.0	-	qadv-arbiter-7x7-rust-lambda-v0.1.0	-	L	P	196
g1_a7UcywgTBLbbjnx7WYXNGyNqe7cVJ4sBV6dHvailpKA	s1_RauLaTi4eVgYHSp2TV9pqs9uzTVv0B10g9TaHMWpcZ4	1unNmM	qadv-arbiter-7x7-rust-lambda-v0.1.0	-	qadv-arbiter-7x7-rust-lambda-v0.1.0	-	L	P	-
g1_a7UcywgTBLbbjnx7WYXNGyNqe7cVJ4sBV6dHvailpKA	s1_V3DFO9iQKrHV1_Lln5qhQr-sAznYPFLVvEuo_CqVgC0	1unNmM	qadv-arbiter-7x7-rust-lambda-v0.1.0	-	qadv-arbiter-7x7-rust-lambda-v0.1.0	-	L	P	196
g1_a7UcywgTBLbbjnx7WYXNGyNqe7cVJ4sBV6dHvailpKA	s1_e-mSpRHSjc_c6590BxtkzjhyUTsWqswbtowT3DSjC9U	1unNmM	qadv-arbiter-7x7-rust-lambda-v0.1.0	-	qadv-arbiter-7x7-rust-lambda-v0.1.0	-	L	P	196
g1_a7kWBgf-QL1dpyYnWU3MPiFsMOFw8mvoDxDP3-l8kHU	s1_6jpr6vS6Nv6F1Y0mkOA4RUX1It4TAtn7Z2_RL5q4RPQ	1unLye	qadv-arbiter-7x7-rust-lambda-v0.1.0	-	qadv-arbiter-7x7-rust-lambda-v0.1.0	-	D	P	196
g1_a7kWBgf-QL1dpyYnWU3MPiFsMOFw8mvoDxDP3-l8kHU	s1_L6b9LbGV-KWEt7qN4v4INx6d9_XinBb4ixmcipyIYY4	1unLye	qadv-arbiter-7x7-rust-lambda-v0.1.0	-	qadv-arbiter-7x7-rust-lambda-v0.1.0	-	D	P	196
g1_a7kWBgf-QL1dpyYnWU3MPiFsMOFw8mvoDxDP3-l8kHU	s1_RauLaTi4eVgYHSp2TV9pqs9uzTVv0B10g9TaHMWpcZ4	1unLye	qadv-arbiter-7x7-rust-lambda-v0.1.0	-	qadv-arbiter-7x7-rust-lambda-v0.1.0	-	D	P	-
g1_a7kWBgf-QL1dpyYnWU3MPiFsMOFw8mvoDxDP3-l8kHU	s1_xywmg9CgKA8AzrvqgJktNpZqhMjKYv2sl4DTqL3Ysaw	1unLye	qadv-arbiter-7x7-rust-lambda-v0.1.0	-	qadv-arbiter-7x7-rust-lambda-v0.1.0	-	D	P	196
g1_a7l0r3pa-yOXr3S4PPlA2FsdH5DBLGl5urOJd_zbros	s1_1av6nXQkq-GSHXfjkVlGHGpAq8F9UbW4JwZmyFA-vww	1umvFt	python-gnn-puct-scout-v0.1.0	sha256:b9f80706cc1f29076ee06fe06483697c749148a808c599579045d00a52573938	python-gnn-puct-scout-v0.1.0	sha256:b9f80706cc1f29076ee06fe06483697c749148a808c599579045d00a52573938	L	P	196
g1_a7l0r3pa-yOXr3S4PPlA2FsdH5DBLGl5urOJd_zbros	s1_Brk0hkuJoH-MBjdd53AO5tlWcOgDWV_R0PO74fHGd_0	1umvFt	python-gnn-puct-scout-v0.1.0	sha256:b9f80706cc1f29076ee06fe06483697c749148a808c599579045d00a52573938	python-gnn-puct-scout-v0.1.0	sha256:b9f80706cc1f29076ee06fe06483697c749148a808c599579045d00a52573938	L	P	196
g1_a7l0r3pa-yOXr3S4PPlA2FsdH5DBLGl5urOJd_zbros	s1_D_X-fTFZy6xuyGSC5jFyKBW6IP_59Jbomefazf4xu44	1umvFt	python-gnn-puct-scout-v0.1.0	sha256:b9f80706cc1f29076ee06fe06483697c749148a808c599579045d00a52573938	python-gnn-puct-scout-v0.1.0	sha256:b9f80706cc1f29076ee06fe06483697c749148a808c599579045d00a52573938	L	P	196
g1_a7ll50ee_duOhyPfIv1WifISgXvxagIj3IUDbpHwWi4	s1_-ZaqXaVvFtb2RIZuJBQ91pSvMZgRf4VNf5pNFPi9n9o	1unN6Q	qadv-arbiter-7x7-rust-lambda-v0.1.0	-	qadv-arbiter-7x7-rust-lambda-v0.1.0	-	L	P	196
g1_a7ll50ee_duOhyPfIv1WifISgXvxagIj3IUDbpHwWi4	s1_L7LqKMFAAbbxBDLOLrgLCAG8_V-apBpMzuqRmjn942Y	1unN6Q	qadv-arbiter-7x7-rust-lambda-v0.1.0	-	qadv-arbiter-7x7-rust-lambda-v0.1.0	-	L	P	196
g1_a7ll50ee_duOhyPfIv1WifISgXvxagIj3IUDbpHwWi4	s1_RauLaTi4eVgYHSp2TV9pqs9uzTVv0B10g9TaHMWpcZ4	1unN6Q	qadv-arbiter-7x7-rust-lambda-v0.1.0	-	qadv-arbiter-7x7-rust-lambda-v0.1.0	-	L	P	-
g1_a7ll50ee_duOhyPfIv1WifISgXvxagIj3IUDbpHwWi4	s1_tGpZ156dZBJaYqrmLrC494PKYTRmwMCImKRaRSem3L4	1unN6Q	qadv-arbiter-7x7-rust-lambda-v0.1.0	-	qadv-arbiter-7x7-rust-lambda-v0.1.0	-	L	P	196
g1_a7si5Ch_VekBtNlCxWlWBz6eeoI7J7UaO45XH_pWqKM	s1_2UgLqR1V92DLlkz1FsrfDrrV0DGhc8XdL9TsdDBXYpc	1unNHP	qadv-arbiter-7x7-rust-lambda-v0.1.0	-	qadv-arbiter-7x7-rust-lambda-v0.1.0	-	D	P	196
g1_a7si5Ch_VekBtNlCxWlWBz6eeoI7J7UaO45XH_pWqKM	s1_RauLaTi4eVgYHSp2TV9pqs9uzTVv0B10g9TaHMWpcZ4	1unNHP	qadv-arbiter-7x7-rust-lambda-v0.1.0	-	qadv-arbiter-7x7-rust-lambda-v0.1.0	-	D	P	-
g1_a7si5Ch_VekBtNlCxWlWBz6eeoI7J7UaO45XH_pWqKM	s1_Spki5hhwMPl48W74SihYLHZAqY2Snbq47Oh76cpYOtc	1unNHP	qadv-arbiter-7x7-rust-lambda-v0.1.0	-	qadv-arbiter-7x7-rust-lambda-v0.1.0	-	D	P	196
g1_a7si5Ch_VekBtNlCxWlWBz6eeoI7J7UaO45XH_pWqKM	s1_UasX3qvdTq2FHvwXx8V_dzCOp3V5FD61PEl1nMt41u0	1unNHP	qadv-arbiter-7x7-rust-lambda-v0.1.0	-	qadv-arbiter-7x7-rust-lambda-v0.1.0	-	D	P	196
g1_a7xBWd2nfad-VR8Nj4MwcUHnY3uuCtj12XghyOMWGQA	s1_A6Pdi-5XTqkkjjYgnZkpdFtBbOT3vcs3XV6sfAhDiNk	1un3Cf	pathfinder-v0.3.0	-	qadv-arbiter-guided-7x7-v0.2.0	sha256:9c0e5e530df7db77a98f6a2e75fe63a6f629c6ad6563e0b5454793ebc243b14d	L	P	196
g1_a7xBWd2nfad-VR8Nj4MwcUHnY3uuCtj12XghyOMWGQA	s1_O3cuwuia8XT9TI7Nxr3tRcajOA20XFHEIT2fYX3WizY	1un3Cf	pathfinder-v0.3.0	-	qadv-arbiter-guided-7x7-v0.2.0	sha256:9c0e5e530df7db77a98f6a2e75fe63a6f629c6ad6563e0b5454793ebc243b14d	L	P	196
g1_a7xBWd2nfad-VR8Nj4MwcUHnY3uuCtj12XghyOMWGQA	s1_Vtn6p5B30bbUD8YVO8sATSZoAgz4rVlBtDaUS3ASsh4	1un3Cf	pathfinder-v0.3.0	-	qadv-arbiter-guided-7x7-v0.2.0	sha256:9c0e5e530df7db77a98f6a2e75fe63a6f629c6ad6563e0b5454793ebc243b14d	L	P	196
g1_a7xtmgz9GEoJGOYzpd-02TAssW8oCc6k4FKDda-lkvM	s1_WVg7aYYLIrw6_-2mI3jQ-DPcLO4gX2sPEEqWQb0DGQA	1umxOP	python-cnn-puct-reval30k-v0.1.0	sha256:eb2600a53e225a835455efdb2759c40e27c5cb3c16ab0688bc21b99290ed10ee	python-cnn-puct-reval30k-v0.1.0	sha256:eb2600a53e225a835455efdb2759c40e27c5cb3c16ab0688bc21b99290ed10ee	D	P	196
g1_a8JPZAP8A-44zmLdOnuOcRsp2zOFKGA3SPNGTfqI_gA	s1_1av6nXQkq-GSHXfjkVlGHGpAq8F9UbW4JwZmyFA-vww	1DIl3	gnn-rust-generation-1-7x7	sha256:50737bfe482ebb2e3ca7327ba082d7fb542e0a89d3d344fcb11b8c52d25e1b22	gnn-rust-generation-2-7x7	sha256:26db61a48e3b261ea41a5b28faac0591d3e2017474cec73cc251739efbaa4006	D	P	196
g1_a8JPZAP8A-44zmLdOnuOcRsp2zOFKGA3SPNGTfqI_gA	s1_ey0X9h1GlZ80KZNtd0_1PnIwLX-7eb1fQjiCa9wrhUM	1DIl3	gnn-rust-generation-1-7x7	sha256:50737bfe482ebb2e3ca7327ba082d7fb542e0a89d3d344fcb11b8c52d25e1b22	gnn-rust-generation-2-7x7	sha256:26db61a48e3b261ea41a5b28faac0591d3e2017474cec73cc251739efbaa4006	D	P	196
g1_a8JPZAP8A-44zmLdOnuOcRsp2zOFKGA3SPNGTfqI_gA	s1_ey0X9h1GlZ80KZNtd0_1PnIwLX-7eb1fQjiCa9wrhUM	1DIl5	gnn-rust-generation-1-7x7	sha256:50737bfe482ebb2e3ca7327ba082d7fb542e0a89d3d344fcb11b8c52d25e1b22	gnn-rust-generation-2-7x7	sha256:26db61a48e3b261ea41a5b28faac0591d3e2017474cec73cc251739efbaa4006	D	P	196
g1_a8JPZAP8A-44zmLdOnuOcRsp2zOFKGA3SPNGTfqI_gA	s1_mWPTef6xYbijjPhDIC6QgLRmu2mMSJAokNlIkx3vg54	1DIl3	gnn-rust-generation-1-7x7	sha256:50737bfe482ebb2e3ca7327ba082d7fb542e0a89d3d344fcb11b8c52d25e1b22	gnn-rust-generation-2-7x7	sha256:26db61a48e3b261ea41a5b28faac0591d3e2017474cec73cc251739efbaa4006	D	P	196
g1_a8RiXXBCs3q0K3S4Ex4os5Kab0Kyf64V13r4-ImkYbA	s1_4_sS71UxYrKDqROxZ2B0r1qFk05uViQTXQfd8ner_hs	1unPRK	qadv-arbiter-7x7-rust-lambda-v0.1.0	-	qadv-arbiter-7x7-rust-lambda-v0.1.0	-	L	P	196
g1_a8RiXXBCs3q0K3S4Ex4os5Kab0Kyf64V13r4-ImkYbA	s1_LWEl0LLwvLDbsh4GRN8atGpNW-a5kDRltblo-noLsJ4	1unPRK	qadv-arbiter-7x7-rust-lambda-v0.1.0	-	qadv-arbiter-7x7-rust-lambda-v0.1.0	-	L	P	196
g1_a8RiXXBCs3q0K3S4Ex4os5Kab0Kyf64V13r4-ImkYbA	s1_RauLaTi4eVgYHSp2TV9pqs9uzTVv0B10g9TaHMWpcZ4	1unPRK	qadv-arbiter-7x7-rust-lambda-v0.1.0	-	qadv-arbiter-7x7-rust-lambda-v0.1.0	-	L	P	-
g1_a8RiXXBCs3q0K3S4Ex4os5Kab0Kyf64V13r4-ImkYbA	s1_x9I6CwAyl-wUjJL4VlMVPsgAJPCP8iyhWeO-N9-c3aY	1unPRK	qadv-arbiter-7x7-rust-lambda-v0.1.0	-	qadv-arbiter-7x7-rust-lambda-v0.1.0	-	L	P	196
g1_a8ZIeDWvlNAovNNfHQ26JpT0Rpitvy3OvLs4utOIpBQ	s1_1av6nXQkq-GSHXfjkVlGHGpAq8F9UbW4JwZmyFA-vww	1umv4Z	python-gnn-puct-scout-v0.1.0	sha256:b9f80706cc1f29076ee06fe06483697c749148a808c599579045d00a52573938	python-gnn-puct-scout-v0.1.0	sha256:b9f80706cc1f29076ee06fe06483697c749148a808c599579045d00a52573938	D	P	196
g1_a8ZIeDWvlNAovNNfHQ26JpT0Rpitvy3OvLs4utOIpBQ	s1_Brk0hkuJoH-MBjdd53AO5tlWcOgDWV_R0PO74fHGd_0	1umv4Z	python-gnn-puct-scout-v0.1.0	sha256:b9f80706cc1f29076ee06fe06483697c749148a808c599579045d00a52573938	python-gnn-puct-scout-v0.1.0	sha256:b9f80706cc1f29076ee06fe06483697c749148a808c599579045d00a52573938	D	P	196
g1_a8ZIeDWvlNAovNNfHQ26JpT0Rpitvy3OvLs4utOIpBQ	s1_D_X-fTFZy6xuyGSC5jFyKBW6IP_59Jbomefazf4xu44	1umv4Z	python-gnn-puct-scout-v0.1.0	sha256:b9f80706cc1f29076ee06fe06483697c749148a808c599579045d00a52573938	python-gnn-puct-scout-v0.1.0	sha256:b9f80706cc1f29076ee06fe06483697c749148a808c599579045d00a52573938	D	P	196
g1_a8cek_Ke3WaGtHbTvw3qHRLaq2De_TuRiXItxY2ypCE	s1_-OKlJXuPFfAnukwGYITjiU7XKL4OC_qt76PC0TZSPjg	1umvj3	python-cnn-puct-v0.1.0	sha256:7845e9b7687beee165dc36b8d21833b7a8b5a83e31b58b49bd05c277ba26e642	python-cnn-puct-v0.1.0	sha256:7845e9b7687beee165dc36b8d21833b7a8b5a83e31b58b49bd05c277ba26e642	-	M	196
g1_a8cek_Ke3WaGtHbTvw3qHRLaq2De_TuRiXItxY2ypCE	s1_1av6nXQkq-GSHXfjkVlGHGpAq8F9UbW4JwZmyFA-vww	1umvj3	python-cnn-puct-v0.1.0	sha256:7845e9b7687beee165dc36b8d21833b7a8b5a83e31b58b49bd05c277ba26e642	python-cnn-puct-v0.1.0	sha256:7845e9b7687beee165dc36b8d21833b7a8b5a83e31b58b49bd05c277ba26e642	-	M	196
g1_a8cek_Ke3WaGtHbTvw3qHRLaq2De_TuRiXItxY2ypCE	s1_mWPTef6xYbijjPhDIC6QgLRmu2mMSJAokNlIkx3vg54	1umvj3	python-cnn-puct-v0.1.0	sha256:7845e9b7687beee165dc36b8d21833b7a8b5a83e31b58b49bd05c277ba26e642	python-cnn-puct-v0.1.0	sha256:7845e9b7687beee165dc36b8d21833b7a8b5a83e31b58b49bd05c277ba26e642	-	M	196
g1_a8daXfUqZ55RT87R5Lu9_I1dnwHiUB4DTR1xA9A4XZI	s1_A3WRgc77nXGY06GZZCaxChTwkhsFw4E22IhXhyUWORk	1un2E0	qadv-arbiter-guided-7x7-v0.2.0	sha256:9c0e5e530df7db77a98f6a2e75fe63a6f629c6ad6563e0b5454793ebc243b14d	pathfinder-v0.3.0	-	D	P	196
g1_a8daXfUqZ55RT87R5Lu9_I1dnwHiUB4DTR1xA9A4XZI	s1_O3cuwuia8XT9TI7Nxr3tRcajOA20XFHEIT2fYX3WizY	1un2E0	qadv-arbiter-guided-7x7-v0.2.0	sha256:9c0e5e530df7db77a98f6a2e75fe63a6f629c6ad6563e0b5454793ebc243b14d	pathfinder-v0.3.0	-	D	P	196
g1_a8daXfUqZ55RT87R5Lu9_I1dnwHiUB4DTR1xA9A4XZI	s1_O4SvAs0bh9GZ516WNj6_O9F4oJqxR87mEnMYPcUrhuk	1un2E0	qadv-arbiter-guided-7x7-v0.2.0	sha256:9c0e5e530df7db77a98f6a2e75fe63a6f629c6ad6563e0b5454793ebc243b14d	pathfinder-v0.3.0	-	D	P	196
g1_a8daXfUqZ55RT87R5Lu9_I1dnwHiUB4DTR1xA9A4XZI	s1_Rzo25QquGO5X0s-0XCnqz5MfN9_XolxVxYJZ_JUaMU0	1un2E0	qadv-arbiter-guided-7x7-v0.2.0	sha256:9c0e5e530df7db77a98f6a2e75fe63a6f629c6ad6563e0b5454793ebc243b14d	pathfinder-v0.3.0	-	D	P	196
g1_a8iZfQr4xYpcyPqLR6s0_Q-lnV3lvqy5u_eCHhyczBY	s1_1av6nXQkq-GSHXfjkVlGHGpAq8F9UbW4JwZmyFA-vww	1umvGF	python-gnn-puct-scout-v0.1.0	sha256:b9f80706cc1f29076ee06fe06483697c749148a808c599579045d00a52573938	python-gnn-puct-scout-v0.1.0	sha256:b9f80706cc1f29076ee06fe06483697c749148a808c599579045d00a52573938	L	P	196
g1_a8iZfQr4xYpcyPqLR6s0_Q-lnV3lvqy5u_eCHhyczBY	s1_Brk0hkuJoH-MBjdd53AO5tlWcOgDWV_R0PO74fHGd_0	1umvGF	python-gnn-puct-scout-v0.1.0	sha256:b9f80706cc1f29076ee06fe06483697c749148a808c599579045d00a52573938	python-gnn-puct-scout-v0.1.0	sha256:b9f80706cc1f29076ee06fe06483697c749148a808c599579045d00a52573938	L	P	196
g1_a8iZfQr4xYpcyPqLR6s0_Q-lnV3lvqy5u_eCHhyczBY	s1_D_X-fTFZy6xuyGSC5jFyKBW6IP_59Jbomefazf4xu44	1umvGF	python-gnn-puct-scout-v0.1.0	sha256:b9f80706cc1f29076ee06fe06483697c749148a808c599579045d00a52573938	python-gnn-puct-scout-v0.1.0	sha256:b9f80706cc1f29076ee06fe06483697c749148a808c599579045d00a52573938	L	P	196
g1_a8pWahyAwt7EzJd20zMDKi51Xeanh5XH8gPZUqkf0ok	s1_6zaJmacxGTypv80Ticvzxd0BLO-QpKQ5Nz41QuGX8qc	1unNCc	qadv-arbiter-7x7-rust-lambda-v0.1.0	-	qadv-arbiter-7x7-rust-lambda-v0.1.0	-	L	P	196
g1_a8pWahyAwt7EzJd20zMDKi51Xeanh5XH8gPZUqkf0ok	s1_BBExft3zXiQ6RwPXNL8aWZnczO6Jgr0cQFbQG_ZTxYU	1unNCc	qadv-arbiter-7x7-rust-lambda-v0.1.0	-	qadv-arbiter-7x7-rust-lambda-v0.1.0	-	L	P	196
g1_a8pWahyAwt7EzJd20zMDKi51Xeanh5XH8gPZUqkf0ok	s1_RauLaTi4eVgYHSp2TV9pqs9uzTVv0B10g9TaHMWpcZ4	1unNCc	qadv-arbiter-7x7-rust-lambda-v0.1.0	-	qadv-arbiter-7x7-rust-lambda-v0.1.0	-	L	P	-
g1_a8pWahyAwt7EzJd20zMDKi51Xeanh5XH8gPZUqkf0ok	s1_amt4iSUkQNSDS0KAzdKSnTK-kDH7Diisq8eVdb9JyKg	1unNCc	qadv-arbiter-7x7-rust-lambda-v0.1.0	-	qadv-arbiter-7x7-rust-lambda-v0.1.0	-	L	P	196
g1_a8uBuhLe9hS4jO9qpJHLH36venaVbUyccVubFR_7EjY	s1__fmnSv6OnZklVvMPUjPdL6drtvfrJptRYX3nxZQO8jI	1umxvD	python-gnn-puct-scout-v0.1.0	sha256:b9f80706cc1f29076ee06fe06483697c749148a808c599579045d00a52573938	python-gnn-puct-scout-v0.1.0	sha256:b9f80706cc1f29076ee06fe06483697c749148a808c599579045d00a52573938	L	P	196
g1_a9-WpXjuwidZrJgugeZ97zv9YA3M2siP6ia8qCHkeJw	s1_qtlitMa-GGx-0y2heoyNRonYXf1Dq5epTexnVe9Iqtw	1umxkS	python-gnn-puct-learner-v0.1.0	sha256:ab0f739cd33d66781faf60e27797c5ccba3c04ba684f8d9e32e9c2754f4e8956	python-gnn-puct-learner-v0.1.0	sha256:ab0f739cd33d66781faf60e27797c5ccba3c04ba684f8d9e32e9c2754f4e8956	L	P	196
g1_a914OyX3lhpEwdaezwxn7swqlSUp72gUetoEEXmqXGk	s1_CcVqRv-adHLA0uaAMc8pAZrrkDlYqO0ZvO-orgrVEtc	1unObG	qadv-arbiter-7x7-rust-lambda-v0.1.0	-	qadv-arbiter-7x7-rust-lambda-v0.1.0	-	D	P	196
g1_a914OyX3lhpEwdaezwxn7swqlSUp72gUetoEEXmqXGk	s1_RauLaTi4eVgYHSp2TV9pqs9uzTVv0B10g9TaHMWpcZ4	1unObG	qadv-arbiter-7x7-rust-lambda-v0.1.0	-	qadv-arbiter-7x7-rust-lambda-v0.1.0	-	D	P	-
g1_a914OyX3lhpEwdaezwxn7swqlSUp72gUetoEEXmqXGk	s1_qj2m6PQCg6PcGaT_lnW0U-miN3qPlTkD27QO_5mjzfw	1unObG	qadv-arbiter-7x7-rust-lambda-v0.1.0	-	qadv-arbiter-7x7-rust-lambda-v0.1.0	-	D	P	196
g1_a914OyX3lhpEwdaezwxn7swqlSUp72gUetoEEXmqXGk	s1_yY-xDM6xTjT5aCyOX086R0YPK9CmZvZNJ-jY2JknWs0	1unObG	qadv-arbiter-7x7-rust-lambda-v0.1.0	-	qadv-arbiter-7x7-rust-lambda-v0.1.0	-	D	P	196
g1_a9GwUatxol3DmmkAk2iHP-KGM6lWivhn_7oHNvT1wBc	s1_0uPqPj78bvIfmDKsw0l2e9VgrRtD5DInujFF6N-Fs6c	1unNCn	qadv-arbiter-7x7-rust-lambda-v0.1.0	-	qadv-arbiter-7x7-rust-lambda-v0.1.0	-	D	P	196
g1_a9GwUatxol3DmmkAk2iHP-KGM6lWivhn_7oHNvT1wBc	s1_RauLaTi4eVgYHSp2TV9pqs9uzTVv0B10g9TaHMWpcZ4	1unNCn	qadv-arbiter-7x7-rust-lambda-v0.1.0	-	qadv-arbiter-7x7-rust-lambda-v0.1.0	-	D	P	-
g1_a9GwUatxol3DmmkAk2iHP-KGM6lWivhn_7oHNvT1wBc	s1_oOlEFSrhxBm05dvUIXiYpE2KyqM6XF0rkfVte7sugmQ	1unNCn	qadv-arbiter-7x7-rust-lambda-v0.1.0	-	qadv-arbiter-7x7-rust-lambda-v0.1.0	-	D	P	196
g1_a9GwUatxol3DmmkAk2iHP-KGM6lWivhn_7oHNvT1wBc	s1_yU1yXlLtSRNhvJmCEhVknTDdNq40BGHYqDuGrVfVilI	1unNCn	qadv-arbiter-7x7-rust-lambda-v0.1.0	-	qadv-arbiter-7x7-rust-lambda-v0.1.0	-	D	P	196
g1_a9bFaLb81IQCcv00Tqv9gRTKe6IA8KbOHgJF61eH6lo	s1_qtlitMa-GGx-0y2heoyNRonYXf1Dq5epTexnVe9Iqtw	1umxj-	python-gnn-puct-learner-v0.1.0	sha256:ab0f739cd33d66781faf60e27797c5ccba3c04ba684f8d9e32e9c2754f4e8956	python-gnn-puct-learner-v0.1.0	sha256:ab0f739cd33d66781faf60e27797c5ccba3c04ba684f8d9e32e9c2754f4e8956	L	P	196
g1_a9bHyStHRnjSVlTe_W2IUwqMGIpaPIVKPTIJ6g_8TsI	s1_1av6nXQkq-GSHXfjkVlGHGpAq8F9UbW4JwZmyFA-vww	1umv2t	python-gnn-puct-scout-v0.1.0	sha256:b9f80706cc1f29076ee06fe06483697c749148a808c599579045d00a52573938	python-gnn-puct-scout-v0.1.0	sha256:b9f80706cc1f29076ee06fe06483697c749148a808c599579045d00a52573938	L	P	196
g1_a9bHyStHRnjSVlTe_W2IUwqMGIpaPIVKPTIJ6g_8TsI	s1_Brk0hkuJoH-MBjdd53AO5tlWcOgDWV_R0PO74fHGd_0	1umv2t	python-gnn-puct-scout-v0.1.0	sha256:b9f80706cc1f29076ee06fe06483697c749148a808c599579045d00a52573938	python-gnn-puct-scout-v0.1.0	sha256:b9f80706cc1f29076ee06fe06483697c749148a808c599579045d00a52573938	L	P	196
g1_a9bHyStHRnjSVlTe_W2IUwqMGIpaPIVKPTIJ6g_8TsI	s1_D_X-fTFZy6xuyGSC5jFyKBW6IP_59Jbomefazf4xu44	1umv2t	python-gnn-puct-scout-v0.1.0	sha256:b9f80706cc1f29076ee06fe06483697c749148a808c599579045d00a52573938	python-gnn-puct-scout-v0.1.0	sha256:b9f80706cc1f29076ee06fe06483697c749148a808c599579045d00a52573938	L	P	196
g1_a9dZHtLlxcnu_7u1cgAdjP5epJ1UxSrFIMSjncYqtzY	s1_RauLaTi4eVgYHSp2TV9pqs9uzTVv0B10g9TaHMWpcZ4	1unNOT	qadv-arbiter-7x7-rust-lambda-v0.1.0	-	qadv-arbiter-7x7-rust-lambda-v0.1.0	-	D	P	-
g1_a9dZHtLlxcnu_7u1cgAdjP5epJ1UxSrFIMSjncYqtzY	s1_fCGbzUaWH8XId0vrlD6t8lYN5BWbaL56igXHsbpaxmk	1unNOT	qadv-arbiter-7x7-rust-lambda-v0.1.0	-	qadv-arbiter-7x7-rust-lambda-v0.1.0	-	D	P	196
g1_a9dZHtLlxcnu_7u1cgAdjP5epJ1UxSrFIMSjncYqtzY	s1_uZqjncucT1KQCHrXeoC_v_q5hHHGMy6HLNvsZcpnMbA	1unNOT	qadv-arbiter-7x7-rust-lambda-v0.1.0	-	qadv-arbiter-7x7-rust-lambda-v0.1.0	-	D	P	196
g1_a9dZHtLlxcnu_7u1cgAdjP5epJ1UxSrFIMSjncYqtzY	s1_zSHhCLIbwNCb28ENicf7OhnXELj_RO7ok5aldObXyho	1unNOT	qadv-arbiter-7x7-rust-lambda-v0.1.0	-	qadv-arbiter-7x7-rust-lambda-v0.1.0	-	D	P	196
g1_a9eCRpSbwyfk_TgxcXa7oXvYWqrDT_bM2wGT7EZXOfY	s1_1av6nXQkq-GSHXfjkVlGHGpAq8F9UbW4JwZmyFA-vww	1umv7q	lunatic-v0.1.0	-	coin-flip-v0.0.1	-	L	P	196
g1_a9eCRpSbwyfk_TgxcXa7oXvYWqrDT_bM2wGT7EZXOfY	s1_Brk0hkuJoH-MBjdd53AO5tlWcOgDWV_R0PO74fHGd_0	1umv7q	lunatic-v0.1.0	-	coin-flip-v0.0.1	-	L	P	196
g1_a9eCRpSbwyfk_TgxcXa7oXvYWqrDT_bM2wGT7EZXOfY	s1_QzXKB60HvV5g6-cJIu-NdpeFb1rCgFAJD1cxfdkoMm0	1umv7q	lunatic-v0.1.0	-	coin-flip-v0.0.1	-	L	P	196
g1_a9j_miw9T5cJ0tX2qpmZUbQTgW8QcAK1dXtkmM2ra4s	s1_HFSkW03hPLTFKDB418F3VvYghmHRCA2hUOsDf0SJPEM	1unNTT	qadv-arbiter-7x7-rust-lambda-v0.1.0	-	qadv-arbiter-7x7-rust-lambda-v0.1.0	-	D	P	196
g1_a9j_miw9T5cJ0tX2qpmZUbQTgW8QcAK1dXtkmM2ra4s	s1_QR-R4SYWFJsRcCyiWM5zg6yO8VKmlnI3A9pUTQnNHn0	1unNTT	qadv-arbiter-7x7-rust-lambda-v0.1.0	-	qadv-arbiter-7x7-rust-lambda-v0.1.0	-	D	P	196
g1_a9j_miw9T5cJ0tX2qpmZUbQTgW8QcAK1dXtkmM2ra4s	s1_RauLaTi4eVgYHSp2TV9pqs9uzTVv0B10g9TaHMWpcZ4	1unNTT	qadv-arbiter-7x7-rust-lambda-v0.1.0	-	qadv-arbiter-7x7-rust-lambda-v0.1.0	-	D	P	-
g1_a9j_miw9T5cJ0tX2qpmZUbQTgW8QcAK1dXtkmM2ra4s	s1_usrf1w7Y9NIot4hL7bf4j71layfkTY6RI0YOcgycJ2s	1unNTT	qadv-arbiter-7x7-rust-lambda-v0.1.0	-	qadv-arbiter-7x7-rust-lambda-v0.1.0	-	D	P	196
g1_a9l388TJbMnF7S2N9x834gVN7_pmRFnlJ2xlhJCytrU	s1_1av6nXQkq-GSHXfjkVlGHGpAq8F9UbW4JwZmyFA-vww	1DIl0	python-gnn-puct-v0.1.0	sha256:6f9ad6e4a0993da3cf34a8549e86f9b5d512c51e11bfa76dfe051e7a8801bdac	python-gnn-puct-v0.1.0	sha256:6f9ad6e4a0993da3cf34a8549e86f9b5d512c51e11bfa76dfe051e7a8801bdac	D	P	196
g1_a9l388TJbMnF7S2N9x834gVN7_pmRFnlJ2xlhJCytrU	s1_Brk0hkuJoH-MBjdd53AO5tlWcOgDWV_R0PO74fHGd_0	1DIl0	python-gnn-puct-v0.1.0	sha256:6f9ad6e4a0993da3cf34a8549e86f9b5d512c51e11bfa76dfe051e7a8801bdac	python-gnn-puct-v0.1.0	sha256:6f9ad6e4a0993da3cf34a8549e86f9b5d512c51e11bfa76dfe051e7a8801bdac	D	P	196
g1_a9l388TJbMnF7S2N9x834gVN7_pmRFnlJ2xlhJCytrU	s1_KmF8KhDbubz6lwdS8R_n_yTGdSONmH9B1wUABbyCj94	1DIl0	python-gnn-puct-v0.1.0	sha256:6f9ad6e4a0993da3cf34a8549e86f9b5d512c51e11bfa76dfe051e7a8801bdac	python-gnn-puct-v0.1.0	sha256:6f9ad6e4a0993da3cf34a8549e86f9b5d512c51e11bfa76dfe051e7a8801bdac	D	P	196
g1_a9l388TJbMnF7S2N9x834gVN7_pmRFnlJ2xlhJCytrU	s1_g5pGkHBMEhzAYvwFY0b24sSc7wC9JfnWApMHHZ_aMPI	1DIl0	python-gnn-puct-v0.1.0	sha256:6f9ad6e4a0993da3cf34a8549e86f9b5d512c51e11bfa76dfe051e7a8801bdac	python-gnn-puct-v0.1.0	sha256:6f9ad6e4a0993da3cf34a8549e86f9b5d512c51e11bfa76dfe051e7a8801bdac	D	P	196
g1_a9l388TJbMnF7S2N9x834gVN7_pmRFnlJ2xlhJCytrU	s1_tol_POp6BcgBLMWq8iDfRBQSAXpESHxFwmcCQYXv0yQ	1DIl0	python-gnn-puct-v0.1.0	sha256:6f9ad6e4a0993da3cf34a8549e86f9b5d512c51e11bfa76dfe051e7a8801bdac	python-gnn-puct-v0.1.0	sha256:6f9ad6e4a0993da3cf34a8549e86f9b5d512c51e11bfa76dfe051e7a8801bdac	D	P	196
g1_a9ot8I2bzREo1MBrLnWYuc-yJr8gpMgQP7hFZBBN928	s1_N4OQg7An4Bn26YwvZEHL23Vwpp0BUqrrlWIYS_j1BPk	1unND_	qadv-arbiter-7x7-rust-lambda-v0.1.0	-	qadv-arbiter-7x7-rust-lambda-v0.1.0	-	D	P	196
g1_a9ot8I2bzREo1MBrLnWYuc-yJr8gpMgQP7hFZBBN928	s1_RauLaTi4eVgYHSp2TV9pqs9uzTVv0B10g9TaHMWpcZ4	1unND_	qadv-arbiter-7x7-rust-lambda-v0.1.0	-	qadv-arbiter-7x7-rust-lambda-v0.1.0	-	D	P	-
g1_a9ot8I2bzREo1MBrLnWYuc-yJr8gpMgQP7hFZBBN928	s1__FQxLSCZ8fMCEq6qoSGnEDYOSbHK_NUAqxE7Px0tlPA	1unND_	qadv-arbiter-7x7-rust-lambda-v0.1.0	-	qadv-arbiter-7x7-rust-lambda-v0.1.0	-	D	P	196
g1_a9ot8I2bzREo1MBrLnWYuc-yJr8gpMgQP7hFZBBN928	s1__moJnKUktpLZZiapAx02qG6tE7jO5f7-DgsvHW4hl54	1unND_	qadv-arbiter-7x7-rust-lambda-v0.1.0	-	qadv-arbiter-7x7-rust-lambda-v0.1.0	-	D	P	196
g1_aA6Pg3Uu3vFnqXHdpNEkxKE2SMBuyK15-nnGsT08QAs	s1_RauLaTi4eVgYHSp2TV9pqs9uzTVv0B10g9TaHMWpcZ4	1unLzH	qadv-arbiter-7x7-rust-lambda-v0.1.0	-	qadv-arbiter-7x7-rust-lambda-v0.1.0	-	D	P	-
g1_aA6Pg3Uu3vFnqXHdpNEkxKE2SMBuyK15-nnGsT08QAs	s1_TrEtjbALicdPSNCwCcQ7uI1ZofXI7nIP4MfC5zvkYOo	1unLzH	qadv-arbiter-7x7-rust-lambda-v0.1.0	-	qadv-arbiter-7x7-rust-lambda-v0.1.0	-	D	P	196
g1_aA6Pg3Uu3vFnqXHdpNEkxKE2SMBuyK15-nnGsT08QAs	s1_mTRVjzH2Kir1qXgdlON4tZw0Y_8Qr4M0t18X86jYcBQ	1unLzH	qadv-arbiter-7x7-rust-lambda-v0.1.0	-	qadv-arbiter-7x7-rust-lambda-v0.1.0	-	D	P	196
g1_aA6Pg3Uu3vFnqXHdpNEkxKE2SMBuyK15-nnGsT08QAs	s1_wa0CNVIFzmgv2uxoNKAt-neuefPontQ0Cbq3GwBK8KU	1unLzH	qadv-arbiter-7x7-rust-lambda-v0.1.0	-	qadv-arbiter-7x7-rust-lambda-v0.1.0	-	D	P	196
g1_aAE6yDY4bIc2ZzNHwrGz6jUvFcM3M1ImkITdWA0zFk8	s1_WVg7aYYLIrw6_-2mI3jQ-DPcLO4gX2sPEEqWQb0DGQA	1umxTz	python-cnn-puct-reval30k-v0.1.0	sha256:eb2600a53e225a835455efdb2759c40e27c5cb3c16ab0688bc21b99290ed10ee	python-cnn-puct-reval30k-v0.1.0	sha256:eb2600a53e225a835455efdb2759c40e27c5cb3c16ab0688bc21b99290ed10ee	D	P	196
g1_aAGUJxlpLJRb9mw-GR5Y71ByYXw6L5NAnmBxckWeTS8	s1_FClDdFxIwh7zQb1-IFT_37bjfqJ6EO77Bcn-ABBg4Go	1unLy7	qadv-arbiter-7x7-rust-lambda-v0.1.0	-	qadv-arbiter-7x7-rust-lambda-v0.1.0	-	L	P	196
g1_aAGUJxlpLJRb9mw-GR5Y71ByYXw6L5NAnmBxckWeTS8	s1_RauLaTi4eVgYHSp2TV9pqs9uzTVv0B10g9TaHMWpcZ4	1unLy7	qadv-arbiter-7x7-rust-lambda-v0.1.0	-	qadv-arbiter-7x7-rust-lambda-v0.1.0	-	L	P	-
g1_aAGUJxlpLJRb9mw-GR5Y71ByYXw6L5NAnmBxckWeTS8	s1_S7_vrSIjehI1dBLFevDwll4e88LBWwtguwsy_6CXNKI	1unLy7	qadv-arbiter-7x7-rust-lambda-v0.1.0	-	qadv-arbiter-7x7-rust-lambda-v0.1.0	-	L	P	196
g1_aAGUJxlpLJRb9mw-GR5Y71ByYXw6L5NAnmBxckWeTS8	s1_ZHrtOV-QQJjoXQiDqGSFJafemL48ibOkHGuqNvImGOg	1unLy7	qadv-arbiter-7x7-rust-lambda-v0.1.0	-	qadv-arbiter-7x7-rust-lambda-v0.1.0	-	L	P	196
g1_aANR0NgVw8S59SXSh0ETVpNjcUu8tAyrJ6RaEoT3BY8	s1_Af4nNPIhfMWiU3dB1G3Gp_JWApeR94z_15EQU4h1vvM	1un7qa	qadv-arbiter-guided-7x7-v0.2.0	sha256:9c0e5e530df7db77a98f6a2e75fe63a6f629c6ad6563e0b5454793ebc243b14d	lunatic-v0.1.0	-	L	P	196
g1_aANR0NgVw8S59SXSh0ETVpNjcUu8tAyrJ6RaEoT3BY8	s1_CEtnyncu2FLKw6vcW0aWifhBSjwFeejMqSxt64wjUx0	1un7qa	qadv-arbiter-guided-7x7-v0.2.0	sha256:9c0e5e530df7db77a98f6a2e75fe63a6f629c6ad6563e0b5454793ebc243b14d	lunatic-v0.1.0	-	L	P	196
g1_aANR0NgVw8S59SXSh0ETVpNjcUu8tAyrJ6RaEoT3BY8	s1_CEtnyncu2FLKw6vcW0aWifhBSjwFeejMqSxt64wjUx0	1un7qc	qadv-arbiter-guided-7x7-v0.2.0	sha256:9c0e5e530df7db77a98f6a2e75fe63a6f629c6ad6563e0b5454793ebc243b14d	lunatic-v0.1.0	-	L	P	196
g1_aANR0NgVw8S59SXSh0ETVpNjcUu8tAyrJ6RaEoT3BY8	s1_O3cuwuia8XT9TI7Nxr3tRcajOA20XFHEIT2fYX3WizY	1un7qa	qadv-arbiter-guided-7x7-v0.2.0	sha256:9c0e5e530df7db77a98f6a2e75fe63a6f629c6ad6563e0b5454793ebc243b14d	lunatic-v0.1.0	-	L	P	196
g1_aANR0NgVw8S59SXSh0ETVpNjcUu8tAyrJ6RaEoT3BY8	s1_kkT8qkQBd2qeSRsdFDNDwTiWXOzS6wyj7q-eie2p0s4	1un7qa	qadv-arbiter-guided-7x7-v0.2.0	sha256:9c0e5e530df7db77a98f6a2e75fe63a6f629c6ad6563e0b5454793ebc243b14d	lunatic-v0.1.0	-	L	P	196
g1_aANR0NgVw8S59SXSh0ETVpNjcUu8tAyrJ6RaEoT3BY8	s1_kkT8qkQBd2qeSRsdFDNDwTiWXOzS6wyj7q-eie2p0s4	1un7qc	qadv-arbiter-guided-7x7-v0.2.0	sha256:9c0e5e530df7db77a98f6a2e75fe63a6f629c6ad6563e0b5454793ebc243b14d	lunatic-v0.1.0	-	L	P	196
g1_aAS7toRahcou8iYKUPq9gMqSguPsTWhW_pCGvCXrklg	s1_0AyUK1Ps4Run7VjYUXP0LvHpZRXf88ayuAg4jkEgJFA	1unQkk	qadv-arbiter-7x7-v0.1.0	-	pathfinder-v0.3.0	-	D	P	196
g1_aAS7toRahcou8iYKUPq9gMqSguPsTWhW_pCGvCXrklg	s1_2FtaP75xgRVTNrUvmC0NIesJCNy8IDFJ05WNM4nUnpg	1unQkk	qadv-arbiter-7x7-v0.1.0	-	pathfinder-v0.3.0	-	D	P	196
g1_aAS7toRahcou8iYKUPq9gMqSguPsTWhW_pCGvCXrklg	s1_QoYxlvuo4pD_8HhX7aUE7jxlxxrzmNfmOegPIdpmgDs	1unQkk	qadv-arbiter-7x7-v0.1.0	-	pathfinder-v0.3.0	-	D	P	196
g1_aAS7toRahcou8iYKUPq9gMqSguPsTWhW_pCGvCXrklg	s1_RauLaTi4eVgYHSp2TV9pqs9uzTVv0B10g9TaHMWpcZ4	1unQkk	qadv-arbiter-7x7-v0.1.0	-	pathfinder-v0.3.0	-	D	P	-
g1_aAT7GPuNOsUh9k-dWrT2KVkIyK9gjoQTORJ-bAId5tQ	s1_HbS3tiu-0Ma1seleWkBpq27h49PthBlPGhsXfPkzFU4	1unNh9	qadv-arbiter-7x7-rust-lambda-v0.1.0	-	qadv-arbiter-7x7-rust-lambda-v0.1.0	-	D	P	196
g1_aAT7GPuNOsUh9k-dWrT2KVkIyK9gjoQTORJ-bAId5tQ	s1_RauLaTi4eVgYHSp2TV9pqs9uzTVv0B10g9TaHMWpcZ4	1unNh9	qadv-arbiter-7x7-rust-lambda-v0.1.0	-	qadv-arbiter-7x7-rust-lambda-v0.1.0	-	D	P	-
g1_aAT7GPuNOsUh9k-dWrT2KVkIyK9gjoQTORJ-bAId5tQ	s1_VAnAx92f79d2v_Glu--Zv4Y3AtNRg03wmAKM5xL5XWI	1unNh9	qadv-arbiter-7x7-rust-lambda-v0.1.0	-	qadv-arbiter-7x7-rust-lambda-v0.1.0	-	D	P	196
g1_aAT7GPuNOsUh9k-dWrT2KVkIyK9gjoQTORJ-bAId5tQ	s1_sZN5xfECiayPOcDJivReYFHYi_B1Mk6WKy6dsJochMs	1unNh9	qadv-arbiter-7x7-rust-lambda-v0.1.0	-	qadv-arbiter-7x7-rust-lambda-v0.1.0	-	D	P	196
g1_aAVyXf_ajdq6SLSleEduwkTuI03G2G8q3gCXEz-9lfs	s1_IJfr1FzsZ5ANqEgkRWihKXKzASgIWPPSoZW8-PXbHxU	1unPq2	qadv-arbiter-7x7-rust-lambda-v0.1.0	-	qadv-arbiter-7x7-rust-lambda-v0.1.0	-	L	P	196
g1_aAVyXf_ajdq6SLSleEduwkTuI03G2G8q3gCXEz-9lfs	s1_RauLaTi4eVgYHSp2TV9pqs9uzTVv0B10g9TaHMWpcZ4	1unPq2	qadv-arbiter-7x7-rust-lambda-v0.1.0	-	qadv-arbiter-7x7-rust-lambda-v0.1.0	-	L	P	-
g1_aAVyXf_ajdq6SLSleEduwkTuI03G2G8q3gCXEz-9lfs	s1__MTm0plNtI1EqHizVXKJzYw9H0J-_M91ZfQYCb4FFBw	1unPq2	qadv-arbiter-7x7-rust-lambda-v0.1.0	-	qadv-arbiter-7x7-rust-lambda-v0.1.0	-	L	P	196
g1_aAVyXf_ajdq6SLSleEduwkTuI03G2G8q3gCXEz-9lfs	s1_scQZG_9pOKCaUJnqkW4A-73KzztLU8yOSiXGFAHJblQ	1unPq2	qadv-arbiter-7x7-rust-lambda-v0.1.0	-	qadv-arbiter-7x7-rust-lambda-v0.1.0	-	L	P	196
g1_aAWNnRLTinv2cHrBR19DLXJO6t09BE2f6vw0hFbPA14	s1_BM7jB3gsEjU2Cx47JIGrIEjOg3exA2TlnPIeOQX5vCM	1DNhI	python-gnn-puct-v0.1.0	-	python-gnn-puct-v0.1.0	-	L	P	-
g1_aAfv_j_vGcIT3_Dy9OSbGhitlTrNbIIQqLO4NiFuTps	s1_1DXqh2oAqPF07AWe-Ya8V5y66HrYa0OirEi6l14qYs0	1unOrm	qadv-arbiter-7x7-rust-lambda-v0.1.0	-	qadv-arbiter-7x7-rust-lambda-v0.1.0	-	D	P	196
g1_aAfv_j_vGcIT3_Dy9OSbGhitlTrNbIIQqLO4NiFuTps	s1_RauLaTi4eVgYHSp2TV9pqs9uzTVv0B10g9TaHMWpcZ4	1unOrm	qadv-arbiter-7x7-rust-lambda-v0.1.0	-	qadv-arbiter-7x7-rust-lambda-v0.1.0	-	D	P	-
g1_aAfv_j_vGcIT3_Dy9OSbGhitlTrNbIIQqLO4NiFuTps	s1_ZvH0zQs9A3g_XVjGORAbaXo7nNedldlFjCkoVrqNiPg	1unOrm	qadv-arbiter-7x7-rust-lambda-v0.1.0	-	qadv-arbiter-7x7-rust-lambda-v0.1.0	-	D	P	196
g1_aAfv_j_vGcIT3_Dy9OSbGhitlTrNbIIQqLO4NiFuTps	s1_akwduJQL7bNB5tx4gkkmecM0PgO3iBsRXb5PKlN0TQk	1unOrm	qadv-arbiter-7x7-rust-lambda-v0.1.0	-	qadv-arbiter-7x7-rust-lambda-v0.1.0	-	D	P	196
g1_aAs_OY00UF4bxX4J_A9rTqkfp_WHH_iRZJf5Knk8Goo	s1_96a8vgwvIwJ_xZymddFCmnS6-_K_aq4DWkajXZ_SRw8	1unM0x	qadv-arbiter-7x7-rust-lambda-v0.1.0	-	qadv-arbiter-7x7-rust-lambda-v0.1.0	-	L	P	196
g1_aAs_OY00UF4bxX4J_A9rTqkfp_WHH_iRZJf5Knk8Goo	s1_9iJR2OLpY-dsb3DcAcGj12iqgXae_-VvCJj1xeuyxnM	1unM0x	qadv-arbiter-7x7-rust-lambda-v0.1.0	-	qadv-arbiter-7x7-rust-lambda-v0.1.0	-	L	P	196
g1_aAs_OY00UF4bxX4J_A9rTqkfp_WHH_iRZJf5Knk8Goo	s1_RauLaTi4eVgYHSp2TV9pqs9uzTVv0B10g9TaHMWpcZ4	1unM0x	qadv-arbiter-7x7-rust-lambda-v0.1.0	-	qadv-arbiter-7x7-rust-lambda-v0.1.0	-	L	P	-
g1_aAs_OY00UF4bxX4J_A9rTqkfp_WHH_iRZJf5Knk8Goo	s1_TMdM_clSTCCG4qhDsiRjX9YVOE7xUUqTuG_ze8F6e84	1unM0x	qadv-arbiter-7x7-rust-lambda-v0.1.0	-	qadv-arbiter-7x7-rust-lambda-v0.1.0	-	L	P	196
g1_aAx4oRT9OfejhkyjWCMeQGUA0k4DMhDr7RIinNEFco8	s1_4P8uNNtozRKxMdPQ2s-QjaQz2hX3GuOSHav258r_2Ns	1unOFi	qadv-arbiter-7x7-rust-lambda-v0.1.0	-	qadv-arbiter-7x7-rust-lambda-v0.1.0	-	L	P	196
g1_aAx4oRT9OfejhkyjWCMeQGUA0k4DMhDr7RIinNEFco8	s1_RauLaTi4eVgYHSp2TV9pqs9uzTVv0B10g9TaHMWpcZ4	1unOFi	qadv-arbiter-7x7-rust-lambda-v0.1.0	-	qadv-arbiter-7x7-rust-lambda-v0.1.0	-	L	P	-
g1_aAx4oRT9OfejhkyjWCMeQGUA0k4DMhDr7RIinNEFco8	s1_szxdZBqJZeG_WnlHa0lcAbnjA6OOPm7aqFHgH9XveO8	1unOFi	qadv-arbiter-7x7-rust-lambda-v0.1.0	-	qadv-arbiter-7x7-rust-lambda-v0.1.0	-	L	P	196
g1_aAx4oRT9OfejhkyjWCMeQGUA0k4DMhDr7RIinNEFco8	s1_zHWRZCgN6r8_NnOAKo9hgOpUok5JoKlg86SBfy38d3k	1unOFi	qadv-arbiter-7x7-rust-lambda-v0.1.0	-	qadv-arbiter-7x7-rust-lambda-v0.1.0	-	L	P	196
g1_aAxw-UTCxnAnIl1cw7zYeQyNLSH8r0SW7jQfFOdcI-A	s1_-OKlJXuPFfAnukwGYITjiU7XKL4OC_qt76PC0TZSPjg	1umvep	python-cnn-puct-v0.1.0	sha256:7845e9b7687beee165dc36b8d21833b7a8b5a83e31b58b49bd05c277ba26e642	python-cnn-puct-v0.1.0	sha256:7845e9b7687beee165dc36b8d21833b7a8b5a83e31b58b49bd05c277ba26e642	-	M	196
g1_aAxw-UTCxnAnIl1cw7zYeQyNLSH8r0SW7jQfFOdcI-A	s1_1av6nXQkq-GSHXfjkVlGHGpAq8F9UbW4JwZmyFA-vww	1umvep	python-cnn-puct-v0.1.0	sha256:7845e9b7687beee165dc36b8d21833b7a8b5a83e31b58b49bd05c277ba26e642	python-cnn-puct-v0.1.0	sha256:7845e9b7687beee165dc36b8d21833b7a8b5a83e31b58b49bd05c277ba26e642	-	M	196
g1_aAxw-UTCxnAnIl1cw7zYeQyNLSH8r0SW7jQfFOdcI-A	s1_mWPTef6xYbijjPhDIC6QgLRmu2mMSJAokNlIkx3vg54	1umvep	python-cnn-puct-v0.1.0	sha256:7845e9b7687beee165dc36b8d21833b7a8b5a83e31b58b49bd05c277ba26e642	python-cnn-puct-v0.1.0	sha256:7845e9b7687beee165dc36b8d21833b7a8b5a83e31b58b49bd05c277ba26e642	-	M	196
g1_aB04cI6RzmAl7-ap2NrOLJ_WrXCe6NsgKm5Fle8Lg0c	s1_JmPZgP7MyEdLofgpDc0YhbjPrq89Z2MSX7pQwsZaof0	1unNsg	qadv-arbiter-7x7-rust-lambda-v0.1.0	-	qadv-arbiter-7x7-rust-lambda-v0.1.0	-	L	P	196
g1_aB04cI6RzmAl7-ap2NrOLJ_WrXCe6NsgKm5Fle8Lg0c	s1_RauLaTi4eVgYHSp2TV9pqs9uzTVv0B10g9TaHMWpcZ4	1unNsg	qadv-arbiter-7x7-rust-lambda-v0.1.0	-	qadv-arbiter-7x7-rust-lambda-v0.1.0	-	L	P	-
g1_aB04cI6RzmAl7-ap2NrOLJ_WrXCe6NsgKm5Fle8Lg0c	s1_SkuV1FKd3gNf6hUvdxrQHGwHphMeP53rqrGYEbHyzis	1unNsg	qadv-arbiter-7x7-rust-lambda-v0.1.0	-	qadv-arbiter-7x7-rust-lambda-v0.1.0	-	L	P	196
g1_aB04cI6RzmAl7-ap2NrOLJ_WrXCe6NsgKm5Fle8Lg0c	s1_csCQh879d8Zp3Gr0Ml-M58EXjihht4I-pBoQxGZCPOs	1unNsg	qadv-arbiter-7x7-rust-lambda-v0.1.0	-	qadv-arbiter-7x7-rust-lambda-v0.1.0	-	L	P	196
g1_aB2qPolvJMbSKgeJSGQmK4Xj9LmujpKVFvCj865-GbQ	s1_4enbaeRNlBc1CT0Qps5q6dvi8Bd42Rw6EmmjU6MhU7k	1unM7Y	qadv-arbiter-7x7-rust-lambda-v0.1.0	-	qadv-arbiter-7x7-rust-lambda-v0.1.0	-	D	P	196
g1_aB2qPolvJMbSKgeJSGQmK4Xj9LmujpKVFvCj865-GbQ	s1_KCY2x52QdqVgjxYu2IVJe6b6-A8-o4eH9Fn9NzqujlA	1unM7Y	qadv-arbiter-7x7-rust-lambda-v0.1.0	-	qadv-arbiter-7x7-rust-lambda-v0.1.0	-	D	P	196
g1_aB2qPolvJMbSKgeJSGQmK4Xj9LmujpKVFvCj865-GbQ	s1_P211I8Moav0iJzgcLTer7Ur3zm4gzu4MTaL5apJxiqk	1unM7Y	qadv-arbiter-7x7-rust-lambda-v0.1.0	-	qadv-arbiter-7x7-rust-lambda-v0.1.0	-	D	P	196
g1_aB2qPolvJMbSKgeJSGQmK4Xj9LmujpKVFvCj865-GbQ	s1_RauLaTi4eVgYHSp2TV9pqs9uzTVv0B10g9TaHMWpcZ4	1unM7Y	qadv-arbiter-7x7-rust-lambda-v0.1.0	-	qadv-arbiter-7x7-rust-lambda-v0.1.0	-	D	P	-
g1_aBAgUt4nptEm1P_r_ohiCndKMCoO0fwvgOTGf1b6Zg4	s1_Q3DqC8pfXNDkwDyMEOUY1VBpzLEEfNaFDNwRGgCl1dM	1unMzH	qadv-arbiter-7x7-rust-lambda-v0.1.0	-	qadv-arbiter-7x7-rust-lambda-v0.1.0	-	L	P	196
g1_aBAgUt4nptEm1P_r_ohiCndKMCoO0fwvgOTGf1b6Zg4	s1_RauLaTi4eVgYHSp2TV9pqs9uzTVv0B10g9TaHMWpcZ4	1unMzH	qadv-arbiter-7x7-rust-lambda-v0.1.0	-	qadv-arbiter-7x7-rust-lambda-v0.1.0	-	L	P	-
g1_aBAgUt4nptEm1P_r_ohiCndKMCoO0fwvgOTGf1b6Zg4	s1_XERSgMlhWB6tmwIFwqHZHkGriDaa48DJ7QVcM44IjuM	1unMzH	qadv-arbiter-7x7-rust-lambda-v0.1.0	-	qadv-arbiter-7x7-rust-lambda-v0.1.0	-	L	P	196
g1_aBAgUt4nptEm1P_r_ohiCndKMCoO0fwvgOTGf1b6Zg4	s1_hw3oo_fCoJosXqWKiFUC1lylz08aVboL0eX0f-8BNH0	1unMzH	qadv-arbiter-7x7-rust-lambda-v0.1.0	-	qadv-arbiter-7x7-rust-lambda-v0.1.0	-	L	P	196
g1_aBJfua-0_a-PnYZn2C_Rz6EVq8U5UckGKOpLoml_-KU	s1_O3cuwuia8XT9TI7Nxr3tRcajOA20XFHEIT2fYX3WizY	1un4g3	surveyor-v0.2.0	-	qadv-arbiter-guided-7x7-v0.2.0	sha256:9c0e5e530df7db77a98f6a2e75fe63a6f629c6ad6563e0b5454793ebc243b14d	D	P	196
g1_aBJfua-0_a-PnYZn2C_Rz6EVq8U5UckGKOpLoml_-KU	s1_emJec2v0tFw2IkI46lobwl3MLElw58NqRX9QnSWPQGc	1un4g3	surveyor-v0.2.0	-	qadv-arbiter-guided-7x7-v0.2.0	sha256:9c0e5e530df7db77a98f6a2e75fe63a6f629c6ad6563e0b5454793ebc243b14d	D	P	196
g1_aBJfua-0_a-PnYZn2C_Rz6EVq8U5UckGKOpLoml_-KU	s1_iKf_jQ0552THmC-XWhe7eFzF6uRP9RxtLWuha32VvUg	1un4g3	surveyor-v0.2.0	-	qadv-arbiter-guided-7x7-v0.2.0	sha256:9c0e5e530df7db77a98f6a2e75fe63a6f629c6ad6563e0b5454793ebc243b14d	D	P	196
g1_aBQJE_zuQNXCcINPeHKbTsjekHM-iXF9mQaJI2o3yzY	s1_0eUoblpQL09cCWbkfeyP9ZmRZ0gTKg8a1tR9LqEStbY	1unMLg	qadv-arbiter-7x7-rust-lambda-v0.1.0	-	qadv-arbiter-7x7-rust-lambda-v0.1.0	-	L	P	196
g1_aBQJE_zuQNXCcINPeHKbTsjekHM-iXF9mQaJI2o3yzY	s1_B3XYPVQg-GbDVx3oiCgrl9o1EPcppRLFBL-f_F4PH-4	1unMLg	qadv-arbiter-7x7-rust-lambda-v0.1.0	-	qadv-arbiter-7x7-rust-lambda-v0.1.0	-	L	P	196
g1_aBQJE_zuQNXCcINPeHKbTsjekHM-iXF9mQaJI2o3yzY	s1_RauLaTi4eVgYHSp2TV9pqs9uzTVv0B10g9TaHMWpcZ4	1unMLg	qadv-arbiter-7x7-rust-lambda-v0.1.0	-	qadv-arbiter-7x7-rust-lambda-v0.1.0	-	L	P	-
g1_aBQJE_zuQNXCcINPeHKbTsjekHM-iXF9mQaJI2o3yzY	s1_YJKiiIr3fIpgtLUlRwpofXRkEZxaTIDXsVYLShnNW5Y	1unMLg	qadv-arbiter-7x7-rust-lambda-v0.1.0	-	qadv-arbiter-7x7-rust-lambda-v0.1.0	-	L	P	196
g1_aBcqdK0p52ZHcsy5h870ysXJFzHCdo4SuCSjPIAghFY	s1_BM7jB3gsEjU2Cx47JIGrIEjOg3exA2TlnPIeOQX5vCM	1DNhl	python-gnn-puct-v0.1.0	-	python-gnn-puct-v0.1.0	-	D	P	-
g1_aBzgOCxwzOgI4PmxHf4_eKVvweoQIBg1l6yIzxwqWcc	s1_RauLaTi4eVgYHSp2TV9pqs9uzTVv0B10g9TaHMWpcZ4	1unP9n	qadv-arbiter-7x7-rust-lambda-v0.1.0	-	qadv-arbiter-7x7-rust-lambda-v0.1.0	-	D	P	-
g1_aBzgOCxwzOgI4PmxHf4_eKVvweoQIBg1l6yIzxwqWcc	s1_VuYXepahrC1ZjEW5jbt-IRGUK0UNcRVJVPKekzrLgUo	1unP9n	qadv-arbiter-7x7-rust-lambda-v0.1.0	-	qadv-arbiter-7x7-rust-lambda-v0.1.0	-	D	P	196
g1_aBzgOCxwzOgI4PmxHf4_eKVvweoQIBg1l6yIzxwqWcc	s1_ingR3LTxfUhcyGA6-tlZ7AALDEPeT_nYhE5YNZWUOBM	1unP9n	qadv-arbiter-7x7-rust-lambda-v0.1.0	-	qadv-arbiter-7x7-rust-lambda-v0.1.0	-	D	P	196
g1_aBzgOCxwzOgI4PmxHf4_eKVvweoQIBg1l6yIzxwqWcc	s1_zAxs9zvqSbzzEJN4LEyjTaTuc4UAV6n0RBI7S9DSvrs	1unP9n	qadv-arbiter-7x7-rust-lambda-v0.1.0	-	qadv-arbiter-7x7-rust-lambda-v0.1.0	-	D	P	196
g1_aC1JoOtloL4Jqrn51t2nbySC6R25U2yuoLe0T1T4sUY	s1_1av6nXQkq-GSHXfjkVlGHGpAq8F9UbW4JwZmyFA-vww	1umvNM	python-gnn-puct-learner-v0.1.0	sha256:ab0f739cd33d66781faf60e27797c5ccba3c04ba684f8d9e32e9c2754f4e8956	python-gnn-puct-learner-v0.1.0	sha256:ab0f739cd33d66781faf60e27797c5ccba3c04ba684f8d9e32e9c2754f4e8956	-	M	196
g1_aC1JoOtloL4Jqrn51t2nbySC6R25U2yuoLe0T1T4sUY	s1_Brk0hkuJoH-MBjdd53AO5tlWcOgDWV_R0PO74fHGd_0	1umvNM	python-gnn-puct-learner-v0.1.0	sha256:ab0f739cd33d66781faf60e27797c5ccba3c04ba684f8d9e32e9c2754f4e8956	python-gnn-puct-learner-v0.1.0	sha256:ab0f739cd33d66781faf60e27797c5ccba3c04ba684f8d9e32e9c2754f4e8956	-	M	196
g1_aC1JoOtloL4Jqrn51t2nbySC6R25U2yuoLe0T1T4sUY	s1_QBFUsDtxokERlDOdQkleYbPvhJ-vIp2qmp6DXjS-7oM	1umvNM	python-gnn-puct-learner-v0.1.0	sha256:ab0f739cd33d66781faf60e27797c5ccba3c04ba684f8d9e32e9c2754f4e8956	python-gnn-puct-learner-v0.1.0	sha256:ab0f739cd33d66781faf60e27797c5ccba3c04ba684f8d9e32e9c2754f4e8956	-	M	196
g1_aC1xm6H0QChsJMOYuG23Liau_L_DeuJYaHlPEUc6DHc	s1_XQY2MuF7gi5VNG-rhC_WgQQ1k4jH6uphUQnTQyJD9Hg	1umvAy	pathfinder-compact-sorter-7x7	sha256:7d34820fd656875b3ac4a0142e8f22179d11b133feb3321d0eb735b2a7abd027	pathfinder-deep-10k-7x7	-	L	P	100
g1_aCNquGuVVdr6uFuqYxMfehu0l721WeWOFP_d31m8owg	s1_Lwt-vj0wyZk74HOnhfExk9-Rg0G2COJqO6AyVBr2VhE	1unNHK	qadv-arbiter-7x7-rust-lambda-v0.1.0	-	qadv-arbiter-7x7-rust-lambda-v0.1.0	-	D	P	196
g1_aCNquGuVVdr6uFuqYxMfehu0l721WeWOFP_d31m8owg	s1_MR61yvYrY2Ib5HiiCfNT90y7MOchWCi7rrfb-k-kRt4	1unNHK	qadv-arbiter-7x7-rust-lambda-v0.1.0	-	qadv-arbiter-7x7-rust-lambda-v0.1.0	-	D	P	196
g1_aCNquGuVVdr6uFuqYxMfehu0l721WeWOFP_d31m8owg	s1_RauLaTi4eVgYHSp2TV9pqs9uzTVv0B10g9TaHMWpcZ4	1unNHK	qadv-arbiter-7x7-rust-lambda-v0.1.0	-	qadv-arbiter-7x7-rust-lambda-v0.1.0	-	D	P	-
g1_aCNquGuVVdr6uFuqYxMfehu0l721WeWOFP_d31m8owg	s1_hGOlDOtBqIPphOpEAvwaOVW_cZMx_ouGegEeirPDkDo	1unNHK	qadv-arbiter-7x7-rust-lambda-v0.1.0	-	qadv-arbiter-7x7-rust-lambda-v0.1.0	-	D	P	196
g1_aCZp-NQUA0dFddFAvX88_7NiiDBGWVXt_1udZF5Jr24	s1_RauLaTi4eVgYHSp2TV9pqs9uzTVv0B10g9TaHMWpcZ4	1unOyk	qadv-arbiter-7x7-rust-lambda-v0.1.0	-	qadv-arbiter-7x7-rust-lambda-v0.1.0	-	L	P	-
g1_aCZp-NQUA0dFddFAvX88_7NiiDBGWVXt_1udZF5Jr24	s1_S_Dx092YZrdzRynQpb0yajKhkd04JlCj4wt2UVhU_e8	1unOyk	qadv-arbiter-7x7-rust-lambda-v0.1.0	-	qadv-arbiter-7x7-rust-lambda-v0.1.0	-	L	P	196
g1_aCZp-NQUA0dFddFAvX88_7NiiDBGWVXt_1udZF5Jr24	s1_WQTfP2VA0YuW165yuQGAwAA1aHUBU6VIhoQQG0s9tjI	1unOyk	qadv-arbiter-7x7-rust-lambda-v0.1.0	-	qadv-arbiter-7x7-rust-lambda-v0.1.0	-	L	P	196
g1_aCZp-NQUA0dFddFAvX88_7NiiDBGWVXt_1udZF5Jr24	s1_joSdl9fRke-URQGapJdNV-q8D6nxi-xdYAf6Ml6SmrQ	1unOyk	qadv-arbiter-7x7-rust-lambda-v0.1.0	-	qadv-arbiter-7x7-rust-lambda-v0.1.0	-	L	P	196
g1_aCeLISI8sLqdHco3il0ftAdmu8aI-v_B8XPclA1u1MU	s1_O3cuwuia8XT9TI7Nxr3tRcajOA20XFHEIT2fYX3WizY	1un678	qadv-arbiter-guided-7x7-v0.2.0	sha256:9c0e5e530df7db77a98f6a2e75fe63a6f629c6ad6563e0b5454793ebc243b14d	gnn-reval30k-7x7	sha256:7f41dbe135649d1116a0914bc0358a5ffae95749195ec20dd972035bbbea52f7	L	P	196
g1_aCeLISI8sLqdHco3il0ftAdmu8aI-v_B8XPclA1u1MU	s1_kxcCOPI6kb3Yfxj3JAw9tOeotFWkcd3kTNwqviSbgzw	1un678	qadv-arbiter-guided-7x7-v0.2.0	sha256:9c0e5e530df7db77a98f6a2e75fe63a6f629c6ad6563e0b5454793ebc243b14d	gnn-reval30k-7x7	sha256:7f41dbe135649d1116a0914bc0358a5ffae95749195ec20dd972035bbbea52f7	L	P	196
g1_aCeLISI8sLqdHco3il0ftAdmu8aI-v_B8XPclA1u1MU	s1_nUa3ws3Gs99-zHf-hPvDSLVlIEJGXiOY79LgG2mno4c	1un678	qadv-arbiter-guided-7x7-v0.2.0	sha256:9c0e5e530df7db77a98f6a2e75fe63a6f629c6ad6563e0b5454793ebc243b14d	gnn-reval30k-7x7	sha256:7f41dbe135649d1116a0914bc0358a5ffae95749195ec20dd972035bbbea52f7	L	P	196
g1_aCfSToB13WB3Vo9HFESOI3njogczmvWrfpXDj4bJCpg	s1_qtlitMa-GGx-0y2heoyNRonYXf1Dq5epTexnVe9Iqtw	1umxj9	python-gnn-puct-learner-v0.1.0	sha256:ab0f739cd33d66781faf60e27797c5ccba3c04ba684f8d9e32e9c2754f4e8956	python-gnn-puct-learner-v0.1.0	sha256:ab0f739cd33d66781faf60e27797c5ccba3c04ba684f8d9e32e9c2754f4e8956	D	P	196
g1_aClZY3izbS_NzZW0cKy-dBsc-i01hf58GAe-w4R428c	s1_WVg7aYYLIrw6_-2mI3jQ-DPcLO4gX2sPEEqWQb0DGQA	1umxQ7	python-cnn-puct-reval30k-v0.1.0	sha256:eb2600a53e225a835455efdb2759c40e27c5cb3c16ab0688bc21b99290ed10ee	python-cnn-puct-reval30k-v0.1.0	sha256:eb2600a53e225a835455efdb2759c40e27c5cb3c16ab0688bc21b99290ed10ee	D	P	196
g1_aCpiucdL0WemhmY-PnC54S9Ud8RO5Z5w3RMvXeEF6T8	s1_NIyvlQcMBk8_Un3uvfC4vESZmzc6Fo7Bur8cGkm3CCM	1unOHa	qadv-arbiter-7x7-rust-lambda-v0.1.0	-	qadv-arbiter-7x7-rust-lambda-v0.1.0	-	D	P	196
g1_aCpiucdL0WemhmY-PnC54S9Ud8RO5Z5w3RMvXeEF6T8	s1_RauLaTi4eVgYHSp2TV9pqs9uzTVv0B10g9TaHMWpcZ4	1unOHa	qadv-arbiter-7x7-rust-lambda-v0.1.0	-	qadv-arbiter-7x7-rust-lambda-v0.1.0	-	D	P	-
g1_aCpiucdL0WemhmY-PnC54S9Ud8RO5Z5w3RMvXeEF6T8	s1_ZjA-5BH7NngDcD1bK3z-5sIdCnW4SIe3TRaV3FDuLtc	1unOHa	qadv-arbiter-7x7-rust-lambda-v0.1.0	-	qadv-arbiter-7x7-rust-lambda-v0.1.0	-	D	P	196
g1_aCpiucdL0WemhmY-PnC54S9Ud8RO5Z5w3RMvXeEF6T8	s1_rL2rjMC_KmLfE9oDxh19AwH64FZJpoB-h4C2O6vSaSk	1unOHa	qadv-arbiter-7x7-rust-lambda-v0.1.0	-	qadv-arbiter-7x7-rust-lambda-v0.1.0	-	D	P	196
g1_aCyiHE0ebgiWpX3g-NLWq1zmH9SgH48UnljQkukwKIU	s1_6Z-qCjfWHQ99s1TzZ0gJASBQnDqUyKwg7GEyqkOvmus	1unNPj	qadv-arbiter-7x7-rust-lambda-v0.1.0	-	qadv-arbiter-7x7-rust-lambda-v0.1.0	-	L	P	196
g1_aCyiHE0ebgiWpX3g-NLWq1zmH9SgH48UnljQkukwKIU	s1_RauLaTi4eVgYHSp2TV9pqs9uzTVv0B10g9TaHMWpcZ4	1unNPj	qadv-arbiter-7x7-rust-lambda-v0.1.0	-	qadv-arbiter-7x7-rust-lambda-v0.1.0	-	L	P	-
g1_aCyiHE0ebgiWpX3g-NLWq1zmH9SgH48UnljQkukwKIU	s1_w3XmGC2_hRn5iZbswIL5lfJyPi6XUR4uSWTIXHKlndE	1unNPj	qadv-arbiter-7x7-rust-lambda-v0.1.0	-	qadv-arbiter-7x7-rust-lambda-v0.1.0	-	L	P	196
g1_aCyiHE0ebgiWpX3g-NLWq1zmH9SgH48UnljQkukwKIU	s1_xPNM4JLfuSoZuXi00YgdU_lsFBiwxydHABWMcQn2UHA	1unNPj	qadv-arbiter-7x7-rust-lambda-v0.1.0	-	qadv-arbiter-7x7-rust-lambda-v0.1.0	-	L	P	196
g1_aD0jNrry-u1ZwQtgP0EOFlAD4jwIYtT-JRinX5g3c3c	s1_2FtaP75xgRVTNrUvmC0NIesJCNy8IDFJ05WNM4nUnpg	1unQmQ	qadv-arbiter-7x7-v0.1.0	-	pathfinder-v0.3.0	-	D	P	196
g1_aD0jNrry-u1ZwQtgP0EOFlAD4jwIYtT-JRinX5g3c3c	s1_AHOS092vDS-d05MV62K2VlxgcjvnneMeNZ2pOzY--X4	1unQmQ	qadv-arbiter-7x7-v0.1.0	-	pathfinder-v0.3.0	-	D	P	196
g1_aD0jNrry-u1ZwQtgP0EOFlAD4jwIYtT-JRinX5g3c3c	s1_JqJGnBtdaDSTN10uoLLn5Kr_lHNON1JC3apupdmCZIU	1unQmQ	qadv-arbiter-7x7-v0.1.0	-	pathfinder-v0.3.0	-	D	P	196
g1_aD0jNrry-u1ZwQtgP0EOFlAD4jwIYtT-JRinX5g3c3c	s1_RauLaTi4eVgYHSp2TV9pqs9uzTVv0B10g9TaHMWpcZ4	1unQmQ	qadv-arbiter-7x7-v0.1.0	-	pathfinder-v0.3.0	-	D	P	-
g1_aD0jNrry-u1ZwQtgP0EOFlAD4jwIYtT-JRinX5g3c3c	s1_vwoZuaW0s4lT-crztAwXYQSobeNqfPT-XQeiJGTCLy0	1unQmQ	qadv-arbiter-7x7-v0.1.0	-	pathfinder-v0.3.0	-	D	P	196
g1_aDGQHsJCXqUjEO23c8g_LLHaS9gr1s1UcZw6AB6TORA	s1_1av6nXQkq-GSHXfjkVlGHGpAq8F9UbW4JwZmyFA-vww	1DIVn	python-gnn-puct-v0.1.0	sha256:6f9ad6e4a0993da3cf34a8549e86f9b5d512c51e11bfa76dfe051e7a8801bdac	python-gnn-puct-v0.1.0	sha256:6f9ad6e4a0993da3cf34a8549e86f9b5d512c51e11bfa76dfe051e7a8801bdac	L	P	196
g1_aDGQHsJCXqUjEO23c8g_LLHaS9gr1s1UcZw6AB6TORA	s1_Brk0hkuJoH-MBjdd53AO5tlWcOgDWV_R0PO74fHGd_0	1DIVn	python-gnn-puct-v0.1.0	sha256:6f9ad6e4a0993da3cf34a8549e86f9b5d512c51e11bfa76dfe051e7a8801bdac	python-gnn-puct-v0.1.0	sha256:6f9ad6e4a0993da3cf34a8549e86f9b5d512c51e11bfa76dfe051e7a8801bdac	L	P	196
g1_aDGQHsJCXqUjEO23c8g_LLHaS9gr1s1UcZw6AB6TORA	s1_KmF8KhDbubz6lwdS8R_n_yTGdSONmH9B1wUABbyCj94	1DIVn	python-gnn-puct-v0.1.0	sha256:6f9ad6e4a0993da3cf34a8549e86f9b5d512c51e11bfa76dfe051e7a8801bdac	python-gnn-puct-v0.1.0	sha256:6f9ad6e4a0993da3cf34a8549e86f9b5d512c51e11bfa76dfe051e7a8801bdac	L	P	196
g1_aDGQHsJCXqUjEO23c8g_LLHaS9gr1s1UcZw6AB6TORA	s1_g5pGkHBMEhzAYvwFY0b24sSc7wC9JfnWApMHHZ_aMPI	1DIVn	python-gnn-puct-v0.1.0	sha256:6f9ad6e4a0993da3cf34a8549e86f9b5d512c51e11bfa76dfe051e7a8801bdac	python-gnn-puct-v0.1.0	sha256:6f9ad6e4a0993da3cf34a8549e86f9b5d512c51e11bfa76dfe051e7a8801bdac	L	P	196
g1_aDGQHsJCXqUjEO23c8g_LLHaS9gr1s1UcZw6AB6TORA	s1_tol_POp6BcgBLMWq8iDfRBQSAXpESHxFwmcCQYXv0yQ	1DIVn	python-gnn-puct-v0.1.0	sha256:6f9ad6e4a0993da3cf34a8549e86f9b5d512c51e11bfa76dfe051e7a8801bdac	python-gnn-puct-v0.1.0	sha256:6f9ad6e4a0993da3cf34a8549e86f9b5d512c51e11bfa76dfe051e7a8801bdac	L	P	196
g1_aDJ9-my5HhQYuZKX8U1TgXOvM0qybfLqOZ38ILV1ejM	s1_1av6nXQkq-GSHXfjkVlGHGpAq8F9UbW4JwZmyFA-vww	1umvKe	python-gnn-puct-learner-v0.1.0	sha256:ab0f739cd33d66781faf60e27797c5ccba3c04ba684f8d9e32e9c2754f4e8956	python-gnn-puct-learner-v0.1.0	sha256:ab0f739cd33d66781faf60e27797c5ccba3c04ba684f8d9e32e9c2754f4e8956	D	P	196
g1_aDJ9-my5HhQYuZKX8U1TgXOvM0qybfLqOZ38ILV1ejM	s1_QBFUsDtxokERlDOdQkleYbPvhJ-vIp2qmp6DXjS-7oM	1umvKe	python-gnn-puct-learner-v0.1.0	sha256:ab0f739cd33d66781faf60e27797c5ccba3c04ba684f8d9e32e9c2754f4e8956	python-gnn-puct-learner-v0.1.0	sha256:ab0f739cd33d66781faf60e27797c5ccba3c04ba684f8d9e32e9c2754f4e8956	D	P	196
g1_aDJ9-my5HhQYuZKX8U1TgXOvM0qybfLqOZ38ILV1ejM	s1_mWPTef6xYbijjPhDIC6QgLRmu2mMSJAokNlIkx3vg54	1umvKe	python-gnn-puct-learner-v0.1.0	sha256:ab0f739cd33d66781faf60e27797c5ccba3c04ba684f8d9e32e9c2754f4e8956	python-gnn-puct-learner-v0.1.0	sha256:ab0f739cd33d66781faf60e27797c5ccba3c04ba684f8d9e32e9c2754f4e8956	D	P	196
g1_aDM-ncY7H2LBgdsWB9oAagwyP8eVhJOflg1AbozBsXs	s1_WVg7aYYLIrw6_-2mI3jQ-DPcLO4gX2sPEEqWQb0DGQA	1umxSM	python-cnn-puct-reval30k-v0.1.0	sha256:eb2600a53e225a835455efdb2759c40e27c5cb3c16ab0688bc21b99290ed10ee	python-cnn-puct-reval30k-v0.1.0	sha256:eb2600a53e225a835455efdb2759c40e27c5cb3c16ab0688bc21b99290ed10ee	L	P	196
g1_aDP2lq11GNydVJni63dD6AeEOSJ1moOZk79jGpYmLFA	s1_LY9U4SkutXm7ikA07HkOuVP4XOm_yTaKNNtk8NTw1Qk	1unQ32	qadv-arbiter-7x7-rust-lambda-v0.1.0	-	qadv-arbiter-7x7-rust-lambda-v0.1.0	-	D	P	196
g1_aDP2lq11GNydVJni63dD6AeEOSJ1moOZk79jGpYmLFA	s1_TFrwRKkg_5pCXc3JXSL0q_HlHCmJ62H0Um7Z9yA5H6A	1unQ32	qadv-arbiter-7x7-rust-lambda-v0.1.0	-	qadv-arbiter-7x7-rust-lambda-v0.1.0	-	D	P	196
g1_aDP2lq11GNydVJni63dD6AeEOSJ1moOZk79jGpYmLFA	s1_YchiS0iQCIVxldF0I2apMUHxaVhUROUaCeLZZA_6Xes	1unQ32	qadv-arbiter-7x7-rust-lambda-v0.1.0	-	qadv-arbiter-7x7-rust-lambda-v0.1.0	-	D	P	196
g1_aDjq9MXCKkD5ij2XQQUhz1S_lUzW8i70mJfZcJtu0lg	s1_2FtaP75xgRVTNrUvmC0NIesJCNy8IDFJ05WNM4nUnpg	1unR7e	qadv-arbiter-7x7-v0.1.0	-	coin-flip-v0.0.1	-	L	P	196
g1_aDjq9MXCKkD5ij2XQQUhz1S_lUzW8i70mJfZcJtu0lg	s1_RauLaTi4eVgYHSp2TV9pqs9uzTVv0B10g9TaHMWpcZ4	1unR7e	qadv-arbiter-7x7-v0.1.0	-	coin-flip-v0.0.1	-	L	P	-
g1_aDjq9MXCKkD5ij2XQQUhz1S_lUzW8i70mJfZcJtu0lg	s1_vu7cxIV-BFqn85nMDfeLAMNTjblSQ4AYV4UEUbdg-s4	1unR7e	qadv-arbiter-7x7-v0.1.0	-	coin-flip-v0.0.1	-	L	P	196
g1_aDjq9MXCKkD5ij2XQQUhz1S_lUzW8i70mJfZcJtu0lg	s1_zIrLvUjmkbVcPAZRTv8WexMD4TeRawQmdtQvYAqtvAg	1unR7e	qadv-arbiter-7x7-v0.1.0	-	coin-flip-v0.0.1	-	L	P	196
g1_aE5_PSu4FDESFo1ts-AB2-wUtVkMeEEma8r_SUz3ieI	s1_RauLaTi4eVgYHSp2TV9pqs9uzTVv0B10g9TaHMWpcZ4	1unMWK	qadv-arbiter-7x7-rust-lambda-v0.1.0	-	qadv-arbiter-7x7-rust-lambda-v0.1.0	-	L	P	-
g1_aE5_PSu4FDESFo1ts-AB2-wUtVkMeEEma8r_SUz3ieI	s1_SPXINWDXgZASGwYdcLn-Gn9OzKZJ8HC7biHA7ia8F6Q	1unMWK	qadv-arbiter-7x7-rust-lambda-v0.1.0	-	qadv-arbiter-7x7-rust-lambda-v0.1.0	-	L	P	196
g1_aE5_PSu4FDESFo1ts-AB2-wUtVkMeEEma8r_SUz3ieI	s1_TovxtL0HwY-LaK40edJtmuoakcaWOl5oyMeHpzZCmKM	1unMWK	qadv-arbiter-7x7-rust-lambda-v0.1.0	-	qadv-arbiter-7x7-rust-lambda-v0.1.0	-	L	P	196
g1_aE5_PSu4FDESFo1ts-AB2-wUtVkMeEEma8r_SUz3ieI	s1_nMwun6xFPyL2iyqGDmvk4IHSJKMBOTc5Nv-6ebhfiPg	1unMWK	qadv-arbiter-7x7-rust-lambda-v0.1.0	-	qadv-arbiter-7x7-rust-lambda-v0.1.0	-	L	P	196
g1_aEMRRyQez_THw9WUSh_8aH-g5i-5HamQRnvsaTWybgI	s1_OWr9tEKpUmdJXS31z1bpOBKA2vwFNn6d8zxzt6z4u_w	1unN4k	qadv-arbiter-7x7-rust-lambda-v0.1.0	-	qadv-arbiter-7x7-rust-lambda-v0.1.0	-	L	P	196
g1_aEMRRyQez_THw9WUSh_8aH-g5i-5HamQRnvsaTWybgI	s1_RauLaTi4eVgYHSp2TV9pqs9uzTVv0B10g9TaHMWpcZ4	1unN4k	qadv-arbiter-7x7-rust-lambda-v0.1.0	-	qadv-arbiter-7x7-rust-lambda-v0.1.0	-	L	P	-
g1_aEMRRyQez_THw9WUSh_8aH-g5i-5HamQRnvsaTWybgI	s1_YwTKNNfjtyFUXz-xIP6ZgjAzTdzy2efIYUNNZpXG6Uc	1unN4k	qadv-arbiter-7x7-rust-lambda-v0.1.0	-	qadv-arbiter-7x7-rust-lambda-v0.1.0	-	L	P	196
g1_aEMRRyQez_THw9WUSh_8aH-g5i-5HamQRnvsaTWybgI	s1__N0v6WF6f4uzpDNZ8yTdP2zGMwlQMpnpwBL_YT-Mk0E	1unN4k	qadv-arbiter-7x7-rust-lambda-v0.1.0	-	qadv-arbiter-7x7-rust-lambda-v0.1.0	-	L	P	196
g1_aETlKeAMFjM2pJK0J9yRMLEfGAyu166dtaxhCQHgpgQ	s1_RauLaTi4eVgYHSp2TV9pqs9uzTVv0B10g9TaHMWpcZ4	1unMWH	qadv-arbiter-7x7-rust-lambda-v0.1.0	-	qadv-arbiter-7x7-rust-lambda-v0.1.0	-	L	P	-
g1_aETlKeAMFjM2pJK0J9yRMLEfGAyu166dtaxhCQHgpgQ	s1_TovxtL0HwY-LaK40edJtmuoakcaWOl5oyMeHpzZCmKM	1unMWH	qadv-arbiter-7x7-rust-lambda-v0.1.0	-	qadv-arbiter-7x7-rust-lambda-v0.1.0	-	L	P	196
g1_aETlKeAMFjM2pJK0J9yRMLEfGAyu166dtaxhCQHgpgQ	s1_WePciDknlMMqW4N6dWM_OdPXzipNZ06zH-8S1DUlZW0	1unMWH	qadv-arbiter-7x7-rust-lambda-v0.1.0	-	qadv-arbiter-7x7-rust-lambda-v0.1.0	-	L	P	196
g1_aETlKeAMFjM2pJK0J9yRMLEfGAyu166dtaxhCQHgpgQ	s1_nMwun6xFPyL2iyqGDmvk4IHSJKMBOTc5Nv-6ebhfiPg	1unMWH	qadv-arbiter-7x7-rust-lambda-v0.1.0	-	qadv-arbiter-7x7-rust-lambda-v0.1.0	-	L	P	196
g1_aEY6Xh3zWeT68WQAPE8tNIQpuKDWBw99g0RWbLvnHug	s1_O8kNp5vA3UqMKAd-wy5OggQYp9AL7a2zNfPZsvf5zJg	1unOqE	qadv-arbiter-7x7-rust-lambda-v0.1.0	-	qadv-arbiter-7x7-rust-lambda-v0.1.0	-	D	P	196
g1_aEY6Xh3zWeT68WQAPE8tNIQpuKDWBw99g0RWbLvnHug	s1_R56am6F7GxL77-ePG_VEm4mpW7oaY2YlwpELgz4x4lM	1unOqE	qadv-arbiter-7x7-rust-lambda-v0.1.0	-	qadv-arbiter-7x7-rust-lambda-v0.1.0	-	D	P	196
g1_aEY6Xh3zWeT68WQAPE8tNIQpuKDWBw99g0RWbLvnHug	s1_RauLaTi4eVgYHSp2TV9pqs9uzTVv0B10g9TaHMWpcZ4	1unOqE	qadv-arbiter-7x7-rust-lambda-v0.1.0	-	qadv-arbiter-7x7-rust-lambda-v0.1.0	-	D	P	-
g1_aEY6Xh3zWeT68WQAPE8tNIQpuKDWBw99g0RWbLvnHug	s1_YSS30eBzCwKTDT6dY_7ZJ5xyc_qLrcGoutAWm_8wV4Q	1unOqE	qadv-arbiter-7x7-rust-lambda-v0.1.0	-	qadv-arbiter-7x7-rust-lambda-v0.1.0	-	D	P	196
g1_aEkB3XpmD4SbjEdtF3zUWD2o9ZksunCvRAKdIwrWxf8	s1_1av6nXQkq-GSHXfjkVlGHGpAq8F9UbW4JwZmyFA-vww	1DIbw	rust-pathfinder-v0.1.0	-	lunatic-v0.1.0	-	L	P	-
g1_aEkB3XpmD4SbjEdtF3zUWD2o9ZksunCvRAKdIwrWxf8	s1_9Eroywf7tuDrn-hcfZPjlEa1DSRUykCRn9Z11u8ySIo	1DIbw	rust-pathfinder-v0.1.0	-	lunatic-v0.1.0	-	L	P	-
g1_aEkB3XpmD4SbjEdtF3zUWD2o9ZksunCvRAKdIwrWxf8	s1_Brk0hkuJoH-MBjdd53AO5tlWcOgDWV_R0PO74fHGd_0	1DIbw	rust-pathfinder-v0.1.0	-	lunatic-v0.1.0	-	L	P	-
g1_aEkB3XpmD4SbjEdtF3zUWD2o9ZksunCvRAKdIwrWxf8	s1_KmF8KhDbubz6lwdS8R_n_yTGdSONmH9B1wUABbyCj94	1DIbw	rust-pathfinder-v0.1.0	-	lunatic-v0.1.0	-	L	P	-
g1_aEkB3XpmD4SbjEdtF3zUWD2o9ZksunCvRAKdIwrWxf8	s1_MKrI0a3Qd48rU7oZj28GrlQ3cHhIbUzS5ibiIW9aKy4	1DIbw	rust-pathfinder-v0.1.0	-	lunatic-v0.1.0	-	L	P	-
g1_aEkB3XpmD4SbjEdtF3zUWD2o9ZksunCvRAKdIwrWxf8	s1_XloMUS0hxYEXf762lcPfaudsLmsH-CsOVZNVVU_obcA	1DIbw	rust-pathfinder-v0.1.0	-	lunatic-v0.1.0	-	L	P	-
g1_aEkB3XpmD4SbjEdtF3zUWD2o9ZksunCvRAKdIwrWxf8	s1_g5pGkHBMEhzAYvwFY0b24sSc7wC9JfnWApMHHZ_aMPI	1DIbw	rust-pathfinder-v0.1.0	-	lunatic-v0.1.0	-	L	P	-
g1_aEu14k62oVD8hlBAU0qLVe3tSBEl2nLiBM3FkljbACs	s1_1av6nXQkq-GSHXfjkVlGHGpAq8F9UbW4JwZmyFA-vww	1DIgr	python-gnn-puct-v0.1.0	sha256:6f9ad6e4a0993da3cf34a8549e86f9b5d512c51e11bfa76dfe051e7a8801bdac	python-gnn-puct-v0.1.0	sha256:6f9ad6e4a0993da3cf34a8549e86f9b5d512c51e11bfa76dfe051e7a8801bdac	L	P	196
g1_aEu14k62oVD8hlBAU0qLVe3tSBEl2nLiBM3FkljbACs	s1_Brk0hkuJoH-MBjdd53AO5tlWcOgDWV_R0PO74fHGd_0	1DIgr	python-gnn-puct-v0.1.0	sha256:6f9ad6e4a0993da3cf34a8549e86f9b5d512c51e11bfa76dfe051e7a8801bdac	python-gnn-puct-v0.1.0	sha256:6f9ad6e4a0993da3cf34a8549e86f9b5d512c51e11bfa76dfe051e7a8801bdac	L	P	196
g1_aEu14k62oVD8hlBAU0qLVe3tSBEl2nLiBM3FkljbACs	s1_KmF8KhDbubz6lwdS8R_n_yTGdSONmH9B1wUABbyCj94	1DIgr	python-gnn-puct-v0.1.0	sha256:6f9ad6e4a0993da3cf34a8549e86f9b5d512c51e11bfa76dfe051e7a8801bdac	python-gnn-puct-v0.1.0	sha256:6f9ad6e4a0993da3cf34a8549e86f9b5d512c51e11bfa76dfe051e7a8801bdac	L	P	196
g1_aEu14k62oVD8hlBAU0qLVe3tSBEl2nLiBM3FkljbACs	s1_g5pGkHBMEhzAYvwFY0b24sSc7wC9JfnWApMHHZ_aMPI	1DIgr	python-gnn-puct-v0.1.0	sha256:6f9ad6e4a0993da3cf34a8549e86f9b5d512c51e11bfa76dfe051e7a8801bdac	python-gnn-puct-v0.1.0	sha256:6f9ad6e4a0993da3cf34a8549e86f9b5d512c51e11bfa76dfe051e7a8801bdac	L	P	196
g1_aEu14k62oVD8hlBAU0qLVe3tSBEl2nLiBM3FkljbACs	s1_tol_POp6BcgBLMWq8iDfRBQSAXpESHxFwmcCQYXv0yQ	1DIgr	python-gnn-puct-v0.1.0	sha256:6f9ad6e4a0993da3cf34a8549e86f9b5d512c51e11bfa76dfe051e7a8801bdac	python-gnn-puct-v0.1.0	sha256:6f9ad6e4a0993da3cf34a8549e86f9b5d512c51e11bfa76dfe051e7a8801bdac	L	P	196
g1_aEvT02UAkRt355fzDzczzzNsRUDHlOp0bwZ7p9hjItA	s1_MPZVpakJWpQIz9GNoj9lb8p43W3D05ZP6oy0TI22H9A	1umwQa	parent-policy-value	sha256:68b7f0e95e7770d58aa4a2ca13df72c0e1386d400d468c95e8ed2584a3f332fe	seeded-policy-value-50pct	sha256:bd870bcd83546e0cc5727f40f588ae8ff5c6bdf07dcecbb9a48ae6f32c9aa4de	L	P	196
g1_aEvT02UAkRt355fzDzczzzNsRUDHlOp0bwZ7p9hjItA	s1_MPZVpakJWpQIz9GNoj9lb8p43W3D05ZP6oy0TI22H9A	1umwQc	parent-policy-value	sha256:68b7f0e95e7770d58aa4a2ca13df72c0e1386d400d468c95e8ed2584a3f332fe	seeded-policy-value-50pct	sha256:bd870bcd83546e0cc5727f40f588ae8ff5c6bdf07dcecbb9a48ae6f32c9aa4de	L	P	196
g1_aFCF_6niywCbvh0pX9d8g9vJXMrDBZ8i2k7mDRJoXdw	s1_1av6nXQkq-GSHXfjkVlGHGpAq8F9UbW4JwZmyFA-vww	1umv8n	python-gnn-puct-scout-v0.1.0	sha256:b9f80706cc1f29076ee06fe06483697c749148a808c599579045d00a52573938	python-gnn-puct-scout-v0.1.0	sha256:b9f80706cc1f29076ee06fe06483697c749148a808c599579045d00a52573938	-	M	196
g1_aFCF_6niywCbvh0pX9d8g9vJXMrDBZ8i2k7mDRJoXdw	s1_Brk0hkuJoH-MBjdd53AO5tlWcOgDWV_R0PO74fHGd_0	1umv8n	python-gnn-puct-scout-v0.1.0	sha256:b9f80706cc1f29076ee06fe06483697c749148a808c599579045d00a52573938	python-gnn-puct-scout-v0.1.0	sha256:b9f80706cc1f29076ee06fe06483697c749148a808c599579045d00a52573938	-	M	196
g1_aFCF_6niywCbvh0pX9d8g9vJXMrDBZ8i2k7mDRJoXdw	s1_D_X-fTFZy6xuyGSC5jFyKBW6IP_59Jbomefazf4xu44	1umv8n	python-gnn-puct-scout-v0.1.0	sha256:b9f80706cc1f29076ee06fe06483697c749148a808c599579045d00a52573938	python-gnn-puct-scout-v0.1.0	sha256:b9f80706cc1f29076ee06fe06483697c749148a808c599579045d00a52573938	-	M	196
g1_aFLJQEDnEGGgApNzcMxK88RwzLTOKTqb1fiaJXnpNTs	s1_1av6nXQkq-GSHXfjkVlGHGpAq8F9UbW4JwZmyFA-vww	1DIgD	lunatic-v0.1.0	-	rust-pathfinder-v0.1.0	-	D	P	-
g1_aFLJQEDnEGGgApNzcMxK88RwzLTOKTqb1fiaJXnpNTs	s1_9Eroywf7tuDrn-hcfZPjlEa1DSRUykCRn9Z11u8ySIo	1DIgD	lunatic-v0.1.0	-	rust-pathfinder-v0.1.0	-	D	P	-
g1_aFLJQEDnEGGgApNzcMxK88RwzLTOKTqb1fiaJXnpNTs	s1_Brk0hkuJoH-MBjdd53AO5tlWcOgDWV_R0PO74fHGd_0	1DIgD	lunatic-v0.1.0	-	rust-pathfinder-v0.1.0	-	D	P	-
g1_aFLJQEDnEGGgApNzcMxK88RwzLTOKTqb1fiaJXnpNTs	s1_KmF8KhDbubz6lwdS8R_n_yTGdSONmH9B1wUABbyCj94	1DIgD	lunatic-v0.1.0	-	rust-pathfinder-v0.1.0	-	D	P	-
g1_aFLJQEDnEGGgApNzcMxK88RwzLTOKTqb1fiaJXnpNTs	s1_MKrI0a3Qd48rU7oZj28GrlQ3cHhIbUzS5ibiIW9aKy4	1DIgD	lunatic-v0.1.0	-	rust-pathfinder-v0.1.0	-	D	P	-
g1_aFLJQEDnEGGgApNzcMxK88RwzLTOKTqb1fiaJXnpNTs	s1_XloMUS0hxYEXf762lcPfaudsLmsH-CsOVZNVVU_obcA	1DIgD	lunatic-v0.1.0	-	rust-pathfinder-v0.1.0	-	D	P	-
g1_aFLJQEDnEGGgApNzcMxK88RwzLTOKTqb1fiaJXnpNTs	s1_g5pGkHBMEhzAYvwFY0b24sSc7wC9JfnWApMHHZ_aMPI	1DIgD	lunatic-v0.1.0	-	rust-pathfinder-v0.1.0	-	D	P	-
g1_aFYmzqY0-yoSfkVnnd5A3glr7z6noiOnj77tSfy-vxw	s1_1av6nXQkq-GSHXfjkVlGHGpAq8F9UbW4JwZmyFA-vww	1umvba	gnn-scout-7x7	sha256:7d34820fd656875b3ac4a0142e8f22179d11b133feb3321d0eb735b2a7abd027	gnn-warmstart-7x7	sha256:e000d50619c0241c30efdd1f5adb7a8b738c66859d33c3443c52a20f56fcc13a	D	P	196
g1_aFYmzqY0-yoSfkVnnd5A3glr7z6noiOnj77tSfy-vxw	s1_Brk0hkuJoH-MBjdd53AO5tlWcOgDWV_R0PO74fHGd_0	1umvba	gnn-scout-7x7	sha256:7d34820fd656875b3ac4a0142e8f22179d11b133feb3321d0eb735b2a7abd027	gnn-warmstart-7x7	sha256:e000d50619c0241c30efdd1f5adb7a8b738c66859d33c3443c52a20f56fcc13a	D	P	196
g1_aFYmzqY0-yoSfkVnnd5A3glr7z6noiOnj77tSfy-vxw	s1_dcEgf_s_8JfAgzbYFm9Z15BWrFU6bsc6MzE1gZNvlP4	1umvba	gnn-scout-7x7	sha256:7d34820fd656875b3ac4a0142e8f22179d11b133feb3321d0eb735b2a7abd027	gnn-warmstart-7x7	sha256:e000d50619c0241c30efdd1f5adb7a8b738c66859d33c3443c52a20f56fcc13a	D	P	196
g1_aFe15DnE2KEWAGfnyf8kndF-X2FS1drTahZk_wVvBEE	s1_qtlitMa-GGx-0y2heoyNRonYXf1Dq5epTexnVe9Iqtw	1umxhC	python-gnn-puct-learner-v0.1.0	sha256:ab0f739cd33d66781faf60e27797c5ccba3c04ba684f8d9e32e9c2754f4e8956	python-gnn-puct-learner-v0.1.0	sha256:ab0f739cd33d66781faf60e27797c5ccba3c04ba684f8d9e32e9c2754f4e8956	L	P	196
g1_aFkr2KtqS8WRuXfB5w7EAuU6zrMi6zbfW4Es-bSYWts	s1_WVg7aYYLIrw6_-2mI3jQ-DPcLO4gX2sPEEqWQb0DGQA	1umxRP	python-cnn-puct-reval30k-v0.1.0	sha256:eb2600a53e225a835455efdb2759c40e27c5cb3c16ab0688bc21b99290ed10ee	python-cnn-puct-reval30k-v0.1.0	sha256:eb2600a53e225a835455efdb2759c40e27c5cb3c16ab0688bc21b99290ed10ee	L	P	196
g1_aFo0JMNTuaWfqLGyy_UM4Z60BGp3IIRz75o67Hrn9U8	s1_flXyOBW6T9LLVDFIvXBGel1MoVNZcUcMFIJnB9yLapU	1umx5J	python-gnn-puct-reval30k-v0.1.0	sha256:6120be86fc469df71473c3de64e5e32f99694cd47d621fa5948f243dc51d3d21	python-gnn-puct-reval30k-v0.1.0	sha256:6120be86fc469df71473c3de64e5e32f99694cd47d621fa5948f243dc51d3d21	L	P	196
g1_aFqo-Ra-irCrUwLdnyJUTOHlQHA0betl8O0io7GZ0Kw	s1_Qmoz3nLvbLcY_1rcqMtpMJDvTQydhL5cxUNWV6EhpMY	1umw_J	qadv-arbiter-7x7-v0.1.0	sha256:8c548d06307572603b839755cc1e50393285365e10f82bcd90290ca65cd86266	qadv-arbiter-7x7-v0.1.0	sha256:8c548d06307572603b839755cc1e50393285365e10f82bcd90290ca65cd86266	D	P	196
g1_aFuKOi5Z_vAaOJB9NGKvEd7pu6CPaqG76yoej4vUi_A	s1_84YP1lxiE6a1QxoaN6uK--IWeRj_XGrh1UZXcqFQKe4	1unPxO	qadv-arbiter-7x7-rust-lambda-v0.1.0	-	qadv-arbiter-7x7-rust-lambda-v0.1.0	-	L	P	196
g1_aFuKOi5Z_vAaOJB9NGKvEd7pu6CPaqG76yoej4vUi_A	s1_HEuflG9PStklYloMtOIOFPIOnVTvE7vsJhhDOZ5MJ8s	1unPxO	qadv-arbiter-7x7-rust-lambda-v0.1.0	-	qadv-arbiter-7x7-rust-lambda-v0.1.0	-	L	P	196
g1_aFuKOi5Z_vAaOJB9NGKvEd7pu6CPaqG76yoej4vUi_A	s1_RauLaTi4eVgYHSp2TV9pqs9uzTVv0B10g9TaHMWpcZ4	1unPxO	qadv-arbiter-7x7-rust-lambda-v0.1.0	-	qadv-arbiter-7x7-rust-lambda-v0.1.0	-	L	P	-
g1_aFuKOi5Z_vAaOJB9NGKvEd7pu6CPaqG76yoej4vUi_A	s1_uXRB5F2rS0dX7WTkZytU5fIcu_JHUtY-z2no6kMk3oQ	1unPxO	qadv-arbiter-7x7-rust-lambda-v0.1.0	-	qadv-arbiter-7x7-rust-lambda-v0.1.0	-	L	P	196
g1_aFwNAjoTjj9fW38dq9KQl0lw-LJKXBQSwwnHG9PaxKU	s1_6zab6H0PiM2yy9aa5eN0GiJNHRCtheSryNRsWOMoUoo	1unMGR	qadv-arbiter-7x7-rust-lambda-v0.1.0	-	qadv-arbiter-7x7-rust-lambda-v0.1.0	-	L	P	196
g1_aFwNAjoTjj9fW38dq9KQl0lw-LJKXBQSwwnHG9PaxKU	s1_Q3ooUuUrP2OTnaBB1ajQ2olmVKZqoAU9zt_1uVueFHs	1unMGR	qadv-arbiter-7x7-rust-lambda-v0.1.0	-	qadv-arbiter-7x7-rust-lambda-v0.1.0	-	L	P	196
g1_aFwNAjoTjj9fW38dq9KQl0lw-LJKXBQSwwnHG9PaxKU	s1_RauLaTi4eVgYHSp2TV9pqs9uzTVv0B10g9TaHMWpcZ4	1unMGR	qadv-arbiter-7x7-rust-lambda-v0.1.0	-	qadv-arbiter-7x7-rust-lambda-v0.1.0	-	L	P	-
g1_aFwNAjoTjj9fW38dq9KQl0lw-LJKXBQSwwnHG9PaxKU	s1_VrbPu04bJ8X4Y8E0L15w3YK_oVe5HtdtIwyyJcwKAC0	1unMGR	qadv-arbiter-7x7-rust-lambda-v0.1.0	-	qadv-arbiter-7x7-rust-lambda-v0.1.0	-	L	P	196
g1_aG1-T24zhHJUZQ655H8j-CEHWZqMxJvQk-QC5bn60lk	s1_0AUOJjPQPZ1MRMfwzS00hiN-u8aJ0dAeHixic-sp0u8	1un6ce	qadv-arbiter-guided-7x7-v0.2.0	sha256:9c0e5e530df7db77a98f6a2e75fe63a6f629c6ad6563e0b5454793ebc243b14d	gnn-reval30k-7x7	sha256:7f41dbe135649d1116a0914bc0358a5ffae95749195ec20dd972035bbbea52f7	L	P	196
g1_aG1-T24zhHJUZQ655H8j-CEHWZqMxJvQk-QC5bn60lk	s1_O3cuwuia8XT9TI7Nxr3tRcajOA20XFHEIT2fYX3WizY	1un68I	qadv-arbiter-guided-7x7-v0.2.0	sha256:9c0e5e530df7db77a98f6a2e75fe63a6f629c6ad6563e0b5454793ebc243b14d	gnn-reval30k-7x7	sha256:7f41dbe135649d1116a0914bc0358a5ffae95749195ec20dd972035bbbea52f7	L	P	196
g1_aG1-T24zhHJUZQ655H8j-CEHWZqMxJvQk-QC5bn60lk	s1_UHtME0K2nHdWZi6cty5g9OSxM3nyUTxwVk5nkZhTkjA	1un6ce	qadv-arbiter-guided-7x7-v0.2.0	sha256:9c0e5e530df7db77a98f6a2e75fe63a6f629c6ad6563e0b5454793ebc243b14d	gnn-reval30k-7x7	sha256:7f41dbe135649d1116a0914bc0358a5ffae95749195ec20dd972035bbbea52f7	L	P	196
g1_aG1-T24zhHJUZQ655H8j-CEHWZqMxJvQk-QC5bn60lk	s1_kxcCOPI6kb3Yfxj3JAw9tOeotFWkcd3kTNwqviSbgzw	1un68I	qadv-arbiter-guided-7x7-v0.2.0	sha256:9c0e5e530df7db77a98f6a2e75fe63a6f629c6ad6563e0b5454793ebc243b14d	gnn-reval30k-7x7	sha256:7f41dbe135649d1116a0914bc0358a5ffae95749195ec20dd972035bbbea52f7	L	P	196
g1_aG1-T24zhHJUZQ655H8j-CEHWZqMxJvQk-QC5bn60lk	s1_nUa3ws3Gs99-zHf-hPvDSLVlIEJGXiOY79LgG2mno4c	1un68I	qadv-arbiter-guided-7x7-v0.2.0	sha256:9c0e5e530df7db77a98f6a2e75fe63a6f629c6ad6563e0b5454793ebc243b14d	gnn-reval30k-7x7	sha256:7f41dbe135649d1116a0914bc0358a5ffae95749195ec20dd972035bbbea52f7	L	P	196
g1_aGQWAY3Au8pbIzHIta6nPGbIqHNcfa_kLSy4W-aV2z8	s1_2FtaP75xgRVTNrUvmC0NIesJCNy8IDFJ05WNM4nUnpg	1unQg6	qadv-arbiter-7x7-v0.1.0	-	pathfinder-v0.3.0	-	D	P	196
g1_aGQWAY3Au8pbIzHIta6nPGbIqHNcfa_kLSy4W-aV2z8	s1_6Nu7SG4uyOrXX5N0Gd_DtMZqZfGGZCC4k1J9rN1W9ek	1unQg6	qadv-arbiter-7x7-v0.1.0	-	pathfinder-v0.3.0	-	D	P	196
g1_aGQWAY3Au8pbIzHIta6nPGbIqHNcfa_kLSy4W-aV2z8	s1_RauLaTi4eVgYHSp2TV9pqs9uzTVv0B10g9TaHMWpcZ4	1unQg6	qadv-arbiter-7x7-v0.1.0	-	pathfinder-v0.3.0	-	D	P	-
g1_aGQWAY3Au8pbIzHIta6nPGbIqHNcfa_kLSy4W-aV2z8	s1_aZfPBIxgJ5uYN7e0_FDKRHW6TqkrhOWX8tT7d1b945k	1unQg6	qadv-arbiter-7x7-v0.1.0	-	pathfinder-v0.3.0	-	D	P	196
g1_aG_5CIWRc8ZhSLSiQ7LP9r6AvEH2cNzF0u9hu4NzuLw	s1_WVg7aYYLIrw6_-2mI3jQ-DPcLO4gX2sPEEqWQb0DGQA	1umxRs	python-cnn-puct-reval30k-v0.1.0	sha256:eb2600a53e225a835455efdb2759c40e27c5cb3c16ab0688bc21b99290ed10ee	python-cnn-puct-reval30k-v0.1.0	sha256:eb2600a53e225a835455efdb2759c40e27c5cb3c16ab0688bc21b99290ed10ee	D	P	196
g1_aGcvUMC5aWOxL6EDx-OjIh75jOJ-g6N07jUzssnY9zk	s1_QLv8RrPUNHfrrw-V5G8cjxhvARa1Crl_G8qLDlxod5s	1unNpk	qadv-arbiter-7x7-rust-lambda-v0.1.0	-	qadv-arbiter-7x7-rust-lambda-v0.1.0	-	L	P	196
g1_aGcvUMC5aWOxL6EDx-OjIh75jOJ-g6N07jUzssnY9zk	s1_RauLaTi4eVgYHSp2TV9pqs9uzTVv0B10g9TaHMWpcZ4	1unNpk	qadv-arbiter-7x7-rust-lambda-v0.1.0	-	qadv-arbiter-7x7-rust-lambda-v0.1.0	-	L	P	-
g1_aGcvUMC5aWOxL6EDx-OjIh75jOJ-g6N07jUzssnY9zk	s1_cdvZqi4c-QTKyrYc2VVtjAs8Me2AhoevRmeXLyGveKk	1unNpk	qadv-arbiter-7x7-rust-lambda-v0.1.0	-	qadv-arbiter-7x7-rust-lambda-v0.1.0	-	L	P	196
g1_aGcvUMC5aWOxL6EDx-OjIh75jOJ-g6N07jUzssnY9zk	s1_vmL1yKNoPD37C5NgZTFgFkN5boJilQdi8DOEoKlcy2g	1unNpk	qadv-arbiter-7x7-rust-lambda-v0.1.0	-	qadv-arbiter-7x7-rust-lambda-v0.1.0	-	L	P	196
g1_aGek6JCzDB7gcgay6RZEixjm7PhACkmaaHVz_yMoYmU	s1_RauLaTi4eVgYHSp2TV9pqs9uzTVv0B10g9TaHMWpcZ4	1unMFj	qadv-arbiter-7x7-rust-lambda-v0.1.0	-	qadv-arbiter-7x7-rust-lambda-v0.1.0	-	D	P	-
g1_aGek6JCzDB7gcgay6RZEixjm7PhACkmaaHVz_yMoYmU	s1_oh7wNws_CWxR_ytyU5B-HNrU0cyd66eWcRtrpYox_OE	1unMFj	qadv-arbiter-7x7-rust-lambda-v0.1.0	-	qadv-arbiter-7x7-rust-lambda-v0.1.0	-	D	P	196
g1_aGek6JCzDB7gcgay6RZEixjm7PhACkmaaHVz_yMoYmU	s1_sVgq30h-0a5_Z4ZyRITri2JAoZmjMZUtxpNrmja4sNQ	1unMFj	qadv-arbiter-7x7-rust-lambda-v0.1.0	-	qadv-arbiter-7x7-rust-lambda-v0.1.0	-	D	P	196
g1_aGek6JCzDB7gcgay6RZEixjm7PhACkmaaHVz_yMoYmU	s1_ycAyM_BOwHCvHYBHyteVb1BjPdWtzN3iBzc3a2Uee6Q	1unMFj	qadv-arbiter-7x7-rust-lambda-v0.1.0	-	qadv-arbiter-7x7-rust-lambda-v0.1.0	-	D	P	196
g1_aGi7HY7C8OVWPdSPf4NFEMN6qu4dnDj0WKMUJ7l-MQ0	s1_04jb8nZqjvNzBtVTte2IndtOZm-lKHyQFUs-AF3d72M	1unN7-	qadv-arbiter-7x7-rust-lambda-v0.1.0	-	qadv-arbiter-7x7-rust-lambda-v0.1.0	-	L	P	196
g1_aGi7HY7C8OVWPdSPf4NFEMN6qu4dnDj0WKMUJ7l-MQ0	s1_RauLaTi4eVgYHSp2TV9pqs9uzTVv0B10g9TaHMWpcZ4	1unN7-	qadv-arbiter-7x7-rust-lambda-v0.1.0	-	qadv-arbiter-7x7-rust-lambda-v0.1.0	-	L	P	-
g1_aGi7HY7C8OVWPdSPf4NFEMN6qu4dnDj0WKMUJ7l-MQ0	s1_kmoyPENqDiVRYWyL9imRKws8CEIKH9NnsSoULjvyF9I	1unN7-	qadv-arbiter-7x7-rust-lambda-v0.1.0	-	qadv-arbiter-7x7-rust-lambda-v0.1.0	-	L	P	196
g1_aGi7HY7C8OVWPdSPf4NFEMN6qu4dnDj0WKMUJ7l-MQ0	s1_tNPTPfk3Otad-2nMFkEE3Xs22NbR-bsesw9ZVK4SYYo	1unN7-	qadv-arbiter-7x7-rust-lambda-v0.1.0	-	qadv-arbiter-7x7-rust-lambda-v0.1.0	-	L	P	196
g1_aGla-GN-V-xXGFl2NbyyCUjKuEogK_jqJSRVbFJo73M	s1_29Yiq20JRxGhz053ubKaTEs10CehEs4a1v-Tg7Q1llk	1unMGQ	qadv-arbiter-7x7-rust-lambda-v0.1.0	-	qadv-arbiter-7x7-rust-lambda-v0.1.0	-	D	P	196
g1_aGla-GN-V-xXGFl2NbyyCUjKuEogK_jqJSRVbFJo73M	s1_9x2b-z6qFVKRFFCiT23PBBFwhxM_mOQ7HJqCVi7P-4Q	1unMGQ	qadv-arbiter-7x7-rust-lambda-v0.1.0	-	qadv-arbiter-7x7-rust-lambda-v0.1.0	-	D	P	196
g1_aGla-GN-V-xXGFl2NbyyCUjKuEogK_jqJSRVbFJo73M	s1_RauLaTi4eVgYHSp2TV9pqs9uzTVv0B10g9TaHMWpcZ4	1unMGQ	qadv-arbiter-7x7-rust-lambda-v0.1.0	-	qadv-arbiter-7x7-rust-lambda-v0.1.0	-	D	P	-
g1_aGla-GN-V-xXGFl2NbyyCUjKuEogK_jqJSRVbFJo73M	s1_ceh7ED-nxkn86vxy5_YU8fWOyRSSpnq8nTVvDNrmhkI	1unMGQ	qadv-arbiter-7x7-rust-lambda-v0.1.0	-	qadv-arbiter-7x7-rust-lambda-v0.1.0	-	D	P	196
g1_aGtmyetuHzCA0Xeo7538NgKe-tcsP8nSJvUMg39Lau8	s1_6PxtazPxkizz7K9QTWPSCIopEV5n0zpHoq3F52yO_6U	1umwjx	python-cnn-puct-v0.1.0	sha256:7845e9b7687beee165dc36b8d21833b7a8b5a83e31b58b49bd05c277ba26e642	python-cnn-puct-v0.1.0	sha256:7845e9b7687beee165dc36b8d21833b7a8b5a83e31b58b49bd05c277ba26e642	D	P	196
g1_aGtmyetuHzCA0Xeo7538NgKe-tcsP8nSJvUMg39Lau8	s1_baRgKA_wMXdl0r4AwdkUfhWC04qxd1MvEGXAQaDd4fo	1umwjx	python-cnn-puct-v0.1.0	sha256:7845e9b7687beee165dc36b8d21833b7a8b5a83e31b58b49bd05c277ba26e642	python-cnn-puct-v0.1.0	sha256:7845e9b7687beee165dc36b8d21833b7a8b5a83e31b58b49bd05c277ba26e642	D	P	196
g1_aGxM2kn5Ps4EPi0gqQ8Yyv21x8f0yNHPVpSvAY0DbLg	s1_74zbVeiIFZt3uADgTsHkWz3AnJtt2DxHbvQxqozDRlQ	1unMXd	qadv-arbiter-7x7-rust-lambda-v0.1.0	-	qadv-arbiter-7x7-rust-lambda-v0.1.0	-	L	P	196
g1_aGxM2kn5Ps4EPi0gqQ8Yyv21x8f0yNHPVpSvAY0DbLg	s1_HDWm_30wDahB9zZ8Bs_QTD3hgvuZB0t6RsGdUiKEANo	1unMXd	qadv-arbiter-7x7-rust-lambda-v0.1.0	-	qadv-arbiter-7x7-rust-lambda-v0.1.0	-	L	P	196
g1_aGxM2kn5Ps4EPi0gqQ8Yyv21x8f0yNHPVpSvAY0DbLg	s1_RauLaTi4eVgYHSp2TV9pqs9uzTVv0B10g9TaHMWpcZ4	1unMXd	qadv-arbiter-7x7-rust-lambda-v0.1.0	-	qadv-arbiter-7x7-rust-lambda-v0.1.0	-	L	P	-
g1_aGxM2kn5Ps4EPi0gqQ8Yyv21x8f0yNHPVpSvAY0DbLg	s1_kvBzHWaGzwm_bfPETJFV06MRKvX0orHByOiH8TY27H4	1unMXd	qadv-arbiter-7x7-rust-lambda-v0.1.0	-	qadv-arbiter-7x7-rust-lambda-v0.1.0	-	L	P	196
g1_aH0qz6c1yUaTfyMQj21lqnxkgaqHesyKOwzSr_FE9pE	s1_qtlitMa-GGx-0y2heoyNRonYXf1Dq5epTexnVe9Iqtw	1umxkF	python-gnn-puct-learner-v0.1.0	sha256:ab0f739cd33d66781faf60e27797c5ccba3c04ba684f8d9e32e9c2754f4e8956	python-gnn-puct-learner-v0.1.0	sha256:ab0f739cd33d66781faf60e27797c5ccba3c04ba684f8d9e32e9c2754f4e8956	D	P	196
g1_aH4Tz8R5o6Nxfy6u8dc--laPk5UmLPaLG8_Ggi4_TuU	s1_A3WRgc77nXGY06GZZCaxChTwkhsFw4E22IhXhyUWORk	1un2DY	qadv-arbiter-guided-7x7-v0.2.0	sha256:9c0e5e530df7db77a98f6a2e75fe63a6f629c6ad6563e0b5454793ebc243b14d	pathfinder-v0.3.0	-	D	P	196
g1_aH4Tz8R5o6Nxfy6u8dc--laPk5UmLPaLG8_Ggi4_TuU	s1_MXsmCgSJAuxBj7JYYIOrRgMQq9mI0ID1eGS1pDoftzA	1un3g-	qadv-arbiter-guided-7x7-v0.2.0	sha256:9c0e5e530df7db77a98f6a2e75fe63a6f629c6ad6563e0b5454793ebc243b14d	pathfinder-v0.3.0	-	D	P	196
g1_aH4Tz8R5o6Nxfy6u8dc--laPk5UmLPaLG8_Ggi4_TuU	s1_O3cuwuia8XT9TI7Nxr3tRcajOA20XFHEIT2fYX3WizY	1un2DY	qadv-arbiter-guided-7x7-v0.2.0	sha256:9c0e5e530df7db77a98f6a2e75fe63a6f629c6ad6563e0b5454793ebc243b14d	pathfinder-v0.3.0	-	D	P	196
g1_aH4Tz8R5o6Nxfy6u8dc--laPk5UmLPaLG8_Ggi4_TuU	s1_O4SvAs0bh9GZ516WNj6_O9F4oJqxR87mEnMYPcUrhuk	1un2DY	qadv-arbiter-guided-7x7-v0.2.0	sha256:9c0e5e530df7db77a98f6a2e75fe63a6f629c6ad6563e0b5454793ebc243b14d	pathfinder-v0.3.0	-	D	P	196
g1_aH4Tz8R5o6Nxfy6u8dc--laPk5UmLPaLG8_Ggi4_TuU	s1_TYXHQvjQZ2GJ5isdonJSbQODrFXbVToE7ZA6YAiW1Sw	1un3g-	qadv-arbiter-guided-7x7-v0.2.0	sha256:9c0e5e530df7db77a98f6a2e75fe63a6f629c6ad6563e0b5454793ebc243b14d	pathfinder-v0.3.0	-	D	P	196
g1_aH4Tz8R5o6Nxfy6u8dc--laPk5UmLPaLG8_Ggi4_TuU	s1_uwbLtYhCIY1sqGt_H5JQsCHIctNBX0e3jgQb5Bvcxzo	1un3g-	qadv-arbiter-guided-7x7-v0.2.0	sha256:9c0e5e530df7db77a98f6a2e75fe63a6f629c6ad6563e0b5454793ebc243b14d	pathfinder-v0.3.0	-	D	P	196
g1_aHDG2E8BVyjNKiEQ3KLaScFnIg-UmEvQRSYHyWd-wfE	s1_2OIntBHrId0anVpEqMTGc8_pQusjOmyuOplmL7Mrycw	1unNIe	qadv-arbiter-7x7-rust-lambda-v0.1.0	-	qadv-arbiter-7x7-rust-lambda-v0.1.0	-	D	P	196
g1_aHDG2E8BVyjNKiEQ3KLaScFnIg-UmEvQRSYHyWd-wfE	s1_3SMlaDY7SSY57qL4L5oaWVUSdtaGhLgScbOaBt4S620	1unNIe	qadv-arbiter-7x7-rust-lambda-v0.1.0	-	qadv-arbiter-7x7-rust-lambda-v0.1.0	-	D	P	196
g1_aHDG2E8BVyjNKiEQ3KLaScFnIg-UmEvQRSYHyWd-wfE	s1_HrfXgTdBCN-7q3My5Q4eyHtsKwjtCxIHAZ_Cu9natfU	1unNIe	qadv-arbiter-7x7-rust-lambda-v0.1.0	-	qadv-arbiter-7x7-rust-lambda-v0.1.0	-	D	P	196
g1_aHDG2E8BVyjNKiEQ3KLaScFnIg-UmEvQRSYHyWd-wfE	s1_RauLaTi4eVgYHSp2TV9pqs9uzTVv0B10g9TaHMWpcZ4	1unNIe	qadv-arbiter-7x7-rust-lambda-v0.1.0	-	qadv-arbiter-7x7-rust-lambda-v0.1.0	-	D	P	-
g1_aHHP6JGE6sL0qHc9iMCLCsTC8RC3WxHbg0rKN3E_9tU	s1_7FIu85-v_e-kbNsQ2UNk3yRt-KGcLyUjpmVwIc9cnfM	1umwJr	python-gnn-puct-scout-v0.1.0	sha256:b9f80706cc1f29076ee06fe06483697c749148a808c599579045d00a52573938	python-gnn-puct-scout-v0.1.0	sha256:b9f80706cc1f29076ee06fe06483697c749148a808c599579045d00a52573938	L	P	196
g1_aHHP6JGE6sL0qHc9iMCLCsTC8RC3WxHbg0rKN3E_9tU	s1_S8AGNBNcWBvWiwIo-AOAHPoHuZo2XvcsYvhgQxGTkrY	1umwJr	python-gnn-puct-scout-v0.1.0	sha256:b9f80706cc1f29076ee06fe06483697c749148a808c599579045d00a52573938	python-gnn-puct-scout-v0.1.0	sha256:b9f80706cc1f29076ee06fe06483697c749148a808c599579045d00a52573938	L	P	196
g1_aHP57_rR-AcVb08HUsy_tgvaj0WvA-kr189uvN9e_IY	s1_Qmoz3nLvbLcY_1rcqMtpMJDvTQydhL5cxUNWV6EhpMY	1umwxg	qadv-arbiter-7x7-v0.1.0	sha256:8c548d06307572603b839755cc1e50393285365e10f82bcd90290ca65cd86266	qadv-arbiter-7x7-v0.1.0	sha256:8c548d06307572603b839755cc1e50393285365e10f82bcd90290ca65cd86266	D	P	196
g1_aHR3d9U0dul6UOlm4Kke72_513OGU0PNoyr4BPXJYiE	s1_1av6nXQkq-GSHXfjkVlGHGpAq8F9UbW4JwZmyFA-vww	1umvFc	gnn-scout-7x7	sha256:7d34820fd656875b3ac4a0142e8f22179d11b133feb3321d0eb735b2a7abd027	pathfinder-v0.3.0	-	D	P	196
g1_aHR3d9U0dul6UOlm4Kke72_513OGU0PNoyr4BPXJYiE	s1_Brk0hkuJoH-MBjdd53AO5tlWcOgDWV_R0PO74fHGd_0	1umvFc	gnn-scout-7x7	sha256:7d34820fd656875b3ac4a0142e8f22179d11b133feb3321d0eb735b2a7abd027	pathfinder-v0.3.0	-	D	P	196
g1_aHR3d9U0dul6UOlm4Kke72_513OGU0PNoyr4BPXJYiE	s1_QzXKB60HvV5g6-cJIu-NdpeFb1rCgFAJD1cxfdkoMm0	1umvFc	gnn-scout-7x7	sha256:7d34820fd656875b3ac4a0142e8f22179d11b133feb3321d0eb735b2a7abd027	pathfinder-v0.3.0	-	D	P	196
g1_aHbO2WDX3mFkOV3Sph80Pw0nxnPjBdnuZTALKG4wbDw	s1_GwxufNIUHEw57CCOD5sSDVQ4rZuPAFjQPc584QvR9mo	1unPjn	qadv-arbiter-7x7-rust-lambda-v0.1.0	-	qadv-arbiter-7x7-rust-lambda-v0.1.0	-	D	P	196
g1_aHbO2WDX3mFkOV3Sph80Pw0nxnPjBdnuZTALKG4wbDw	s1_RauLaTi4eVgYHSp2TV9pqs9uzTVv0B10g9TaHMWpcZ4	1unPjn	qadv-arbiter-7x7-rust-lambda-v0.1.0	-	qadv-arbiter-7x7-rust-lambda-v0.1.0	-	D	P	-
g1_aHbO2WDX3mFkOV3Sph80Pw0nxnPjBdnuZTALKG4wbDw	s1_ochrZO9ZtQHgpLiCxhZaFtImiu4HGYWKeiRYwLuqnoY	1unPjn	qadv-arbiter-7x7-rust-lambda-v0.1.0	-	qadv-arbiter-7x7-rust-lambda-v0.1.0	-	D	P	196
g1_aHbO2WDX3mFkOV3Sph80Pw0nxnPjBdnuZTALKG4wbDw	s1_qe2yyJgZlxInscQcZ71-hpGpg3LQ4YL281jWigMUVEQ	1unPjn	qadv-arbiter-7x7-rust-lambda-v0.1.0	-	qadv-arbiter-7x7-rust-lambda-v0.1.0	-	D	P	196
g1_aHjc17HSyntpLx948RtQ74mJ60u2pQ5gu1OdE9X3yK0	s1_2FtaP75xgRVTNrUvmC0NIesJCNy8IDFJ05WNM4nUnpg	1unQ-_	lunatic-v0.1.0	-	qadv-arbiter-7x7-v0.1.0	-	L	P	196
g1_aHjc17HSyntpLx948RtQ74mJ60u2pQ5gu1OdE9X3yK0	s1_81jnOPG0KC6WWl88_LfugVl-IsJ52eOaMQkHQwGq_MA	1unQ-_	lunatic-v0.1.0	-	qadv-arbiter-7x7-v0.1.0	-	L	P	196
g1_aHjc17HSyntpLx948RtQ74mJ60u2pQ5gu1OdE9X3yK0	s1_RauLaTi4eVgYHSp2TV9pqs9uzTVv0B10g9TaHMWpcZ4	1unQ-_	lunatic-v0.1.0	-	qadv-arbiter-7x7-v0.1.0	-	L	P	-
g1_aHjc17HSyntpLx948RtQ74mJ60u2pQ5gu1OdE9X3yK0	s1_qURG670C-JxhS4WRTthAs4UWQYd0vPZowtCPIW-ooTs	1unQ-_	lunatic-v0.1.0	-	qadv-arbiter-7x7-v0.1.0	-	L	P	196
g1_aHl3y2PPf-UQDcoa21qNpajTjHCKJKbN3nAFeW17SSk	s1_LVsqPJ15fEfwIvIZubh6RdbSoc3Kpf4mT0fGgX_ZF-I	1unNgb	qadv-arbiter-7x7-rust-lambda-v0.1.0	-	qadv-arbiter-7x7-rust-lambda-v0.1.0	-	L	P	196
g1_aHl3y2PPf-UQDcoa21qNpajTjHCKJKbN3nAFeW17SSk	s1_RauLaTi4eVgYHSp2TV9pqs9uzTVv0B10g9TaHMWpcZ4	1unNgb	qadv-arbiter-7x7-rust-lambda-v0.1.0	-	qadv-arbiter-7x7-rust-lambda-v0.1.0	-	L	P	-
g1_aHl3y2PPf-UQDcoa21qNpajTjHCKJKbN3nAFeW17SSk	s1_T-CZWKDngmH5aVz9_Kd90ENJUKXXZOW7aDmpG74A4RA	1unNgb	qadv-arbiter-7x7-rust-lambda-v0.1.0	-	qadv-arbiter-7x7-rust-lambda-v0.1.0	-	L	P	196
g1_aHl3y2PPf-UQDcoa21qNpajTjHCKJKbN3nAFeW17SSk	s1_gJ0c2r3v62blsA9YtGV2bg5cWzmPVX7OWS_NJtTLfc4	1unNgb	qadv-arbiter-7x7-rust-lambda-v0.1.0	-	qadv-arbiter-7x7-rust-lambda-v0.1.0	-	L	P	196
g1_aHm-_RuE80F2PEdDBwmWxnAvCf8Gp-4b8f_jU0wUpuo	s1_Qmoz3nLvbLcY_1rcqMtpMJDvTQydhL5cxUNWV6EhpMY	1umwzl	qadv-arbiter-7x7-v0.1.0	sha256:8c548d06307572603b839755cc1e50393285365e10f82bcd90290ca65cd86266	qadv-arbiter-7x7-v0.1.0	sha256:8c548d06307572603b839755cc1e50393285365e10f82bcd90290ca65cd86266	L	P	196
g1_aHn1IyIVinDqEvQne56H0YEFEF1UtcTcYxvpI6H6454	s1_9VwNgm7YL1aAB94l33fzDqnIIqyhVw1PTGO9MMCtHOE	1unOiC	qadv-arbiter-7x7-rust-lambda-v0.1.0	-	qadv-arbiter-7x7-rust-lambda-v0.1.0	-	L	P	196
g1_aHn1IyIVinDqEvQne56H0YEFEF1UtcTcYxvpI6H6454	s1_IUD6KRqwS6D3R52EuojV-UXsY-YVPK1s82Oy2lspRbE	1unOiC	qadv-arbiter-7x7-rust-lambda-v0.1.0	-	qadv-arbiter-7x7-rust-lambda-v0.1.0	-	L	P	196
g1_aHn1IyIVinDqEvQne56H0YEFEF1UtcTcYxvpI6H6454	s1_RauLaTi4eVgYHSp2TV9pqs9uzTVv0B10g9TaHMWpcZ4	1unOiC	qadv-arbiter-7x7-rust-lambda-v0.1.0	-	qadv-arbiter-7x7-rust-lambda-v0.1.0	-	L	P	-
g1_aHn1IyIVinDqEvQne56H0YEFEF1UtcTcYxvpI6H6454	s1_hIeUG6WpuA1VUZrBHs6vxzMk1Voh9P4GmxBWBZxTluE	1unOiC	qadv-arbiter-7x7-rust-lambda-v0.1.0	-	qadv-arbiter-7x7-rust-lambda-v0.1.0	-	L	P	196
g1_aHpxtOm725RE2x9lTOOE-RYpOqfiXBipNbUSjOdZXl0	s1_4S-ileCc0jjWD2Ug6ouQEilb8YugwlxlMWFSywvBM5Q	1unOB3	qadv-arbiter-7x7-rust-lambda-v0.1.0	-	qadv-arbiter-7x7-rust-lambda-v0.1.0	-	D	P	196
g1_aHpxtOm725RE2x9lTOOE-RYpOqfiXBipNbUSjOdZXl0	s1_6uTfcRAo6qOYtSEarr_TZgW_u6iEe-6WCFJTEzmWhLo	1unOB3	qadv-arbiter-7x7-rust-lambda-v0.1.0	-	qadv-arbiter-7x7-rust-lambda-v0.1.0	-	D	P	196
g1_aHpxtOm725RE2x9lTOOE-RYpOqfiXBipNbUSjOdZXl0	s1_90d8lhb_ikaZUk_AhBH5SuEb0RCB0FdYGdyoUwuN9JQ	1unOB3	qadv-arbiter-7x7-rust-lambda-v0.1.0	-	qadv-arbiter-7x7-rust-lambda-v0.1.0	-	D	P	196
g1_aHpxtOm725RE2x9lTOOE-RYpOqfiXBipNbUSjOdZXl0	s1_RauLaTi4eVgYHSp2TV9pqs9uzTVv0B10g9TaHMWpcZ4	1unOB3	qadv-arbiter-7x7-rust-lambda-v0.1.0	-	qadv-arbiter-7x7-rust-lambda-v0.1.0	-	D	P	-
g1_aHquczEu8uqYrsM8PXr250LjfEWG-n2Ntv7najM7YfM	s1_1av6nXQkq-GSHXfjkVlGHGpAq8F9UbW4JwZmyFA-vww	1DIka	rust-pathfinder-v0.1.0	-	lunatic-v0.1.0	-	L	P	-
g1_aHquczEu8uqYrsM8PXr250LjfEWG-n2Ntv7najM7YfM	s1_9Eroywf7tuDrn-hcfZPjlEa1DSRUykCRn9Z11u8ySIo	1DIka	rust-pathfinder-v0.1.0	-	lunatic-v0.1.0	-	L	P	-
g1_aHquczEu8uqYrsM8PXr250LjfEWG-n2Ntv7najM7YfM	s1_Brk0hkuJoH-MBjdd53AO5tlWcOgDWV_R0PO74fHGd_0	1DIka	rust-pathfinder-v0.1.0	-	lunatic-v0.1.0	-	L	P	-
g1_aHquczEu8uqYrsM8PXr250LjfEWG-n2Ntv7najM7YfM	s1_KmF8KhDbubz6lwdS8R_n_yTGdSONmH9B1wUABbyCj94	1DIka	rust-pathfinder-v0.1.0	-	lunatic-v0.1.0	-	L	P	-
g1_aHquczEu8uqYrsM8PXr250LjfEWG-n2Ntv7najM7YfM	s1_MKrI0a3Qd48rU7oZj28GrlQ3cHhIbUzS5ibiIW9aKy4	1DIka	rust-pathfinder-v0.1.0	-	lunatic-v0.1.0	-	L	P	-
g1_aHquczEu8uqYrsM8PXr250LjfEWG-n2Ntv7najM7YfM	s1_XloMUS0hxYEXf762lcPfaudsLmsH-CsOVZNVVU_obcA	1DIka	rust-pathfinder-v0.1.0	-	lunatic-v0.1.0	-	L	P	-
g1_aHquczEu8uqYrsM8PXr250LjfEWG-n2Ntv7najM7YfM	s1_g5pGkHBMEhzAYvwFY0b24sSc7wC9JfnWApMHHZ_aMPI	1DIka	rust-pathfinder-v0.1.0	-	lunatic-v0.1.0	-	L	P	-
g1_aHsZ3OTTMMcTfhy4-a1V1qlnpOjRtNcgbNc69C3FhvA	s1_flXyOBW6T9LLVDFIvXBGel1MoVNZcUcMFIJnB9yLapU	1umx7U	python-gnn-puct-reval30k-v0.1.0	sha256:6120be86fc469df71473c3de64e5e32f99694cd47d621fa5948f243dc51d3d21	python-gnn-puct-reval30k-v0.1.0	sha256:6120be86fc469df71473c3de64e5e32f99694cd47d621fa5948f243dc51d3d21	L	P	196
g1_aHt55q8lzmD8yDnsiUcVVhdk5Q2UucJbfmutVbOP7yw	s1_6PxtazPxkizz7K9QTWPSCIopEV5n0zpHoq3F52yO_6U	1umwgX	python-cnn-puct-v0.1.0	sha256:7845e9b7687beee165dc36b8d21833b7a8b5a83e31b58b49bd05c277ba26e642	python-cnn-puct-v0.1.0	sha256:7845e9b7687beee165dc36b8d21833b7a8b5a83e31b58b49bd05c277ba26e642	L	P	196
g1_aHt55q8lzmD8yDnsiUcVVhdk5Q2UucJbfmutVbOP7yw	s1_baRgKA_wMXdl0r4AwdkUfhWC04qxd1MvEGXAQaDd4fo	1umwgX	python-cnn-puct-v0.1.0	sha256:7845e9b7687beee165dc36b8d21833b7a8b5a83e31b58b49bd05c277ba26e642	python-cnn-puct-v0.1.0	sha256:7845e9b7687beee165dc36b8d21833b7a8b5a83e31b58b49bd05c277ba26e642	L	P	196
g1_aI0QGblM20BYZJQUsVymiBuWslfzcshDXPc-vs6f8vQ	s1_1av6nXQkq-GSHXfjkVlGHGpAq8F9UbW4JwZmyFA-vww	1DIfU	rust-pathfinder-v0.1.0	-	lunatic-v0.1.0	-	D	P	-
g1_aI0QGblM20BYZJQUsVymiBuWslfzcshDXPc-vs6f8vQ	s1_9Eroywf7tuDrn-hcfZPjlEa1DSRUykCRn9Z11u8ySIo	1DIfU	rust-pathfinder-v0.1.0	-	lunatic-v0.1.0	-	D	P	-
g1_aI0QGblM20BYZJQUsVymiBuWslfzcshDXPc-vs6f8vQ	s1_MKrI0a3Qd48rU7oZj28GrlQ3cHhIbUzS5ibiIW9aKy4	1DIfU	rust-pathfinder-v0.1.0	-	lunatic-v0.1.0	-	D	P	-
g1_aI0QGblM20BYZJQUsVymiBuWslfzcshDXPc-vs6f8vQ	s1_XloMUS0hxYEXf762lcPfaudsLmsH-CsOVZNVVU_obcA	1DIfU	rust-pathfinder-v0.1.0	-	lunatic-v0.1.0	-	D	P	-
g1_aI0QGblM20BYZJQUsVymiBuWslfzcshDXPc-vs6f8vQ	s1_del54SUFELBov5vQFrhsVexn6D9EhUPDFZpXuqC6eCI	1DIfU	rust-pathfinder-v0.1.0	-	lunatic-v0.1.0	-	D	P	-
g1_aI0QGblM20BYZJQUsVymiBuWslfzcshDXPc-vs6f8vQ	s1_g5pGkHBMEhzAYvwFY0b24sSc7wC9JfnWApMHHZ_aMPI	1DIfU	rust-pathfinder-v0.1.0	-	lunatic-v0.1.0	-	D	P	-
g1_aI0QGblM20BYZJQUsVymiBuWslfzcshDXPc-vs6f8vQ	s1_mWPTef6xYbijjPhDIC6QgLRmu2mMSJAokNlIkx3vg54	1DIfU	rust-pathfinder-v0.1.0	-	lunatic-v0.1.0	-	D	P	-
g1_aI2SjBb91bqR_SeHKJy9vAVEa4rsouzLP3VbSQmnO-A	s1_Q3DqC8pfXNDkwDyMEOUY1VBpzLEEfNaFDNwRGgCl1dM	1unMyg	qadv-arbiter-7x7-rust-lambda-v0.1.0	-	qadv-arbiter-7x7-rust-lambda-v0.1.0	-	L	P	196
g1_aI2SjBb91bqR_SeHKJy9vAVEa4rsouzLP3VbSQmnO-A	s1_RauLaTi4eVgYHSp2TV9pqs9uzTVv0B10g9TaHMWpcZ4	1unMyg	qadv-arbiter-7x7-rust-lambda-v0.1.0	-	qadv-arbiter-7x7-rust-lambda-v0.1.0	-	L	P	-
g1_aI2SjBb91bqR_SeHKJy9vAVEa4rsouzLP3VbSQmnO-A	s1_hw3oo_fCoJosXqWKiFUC1lylz08aVboL0eX0f-8BNH0	1unMyg	qadv-arbiter-7x7-rust-lambda-v0.1.0	-	qadv-arbiter-7x7-rust-lambda-v0.1.0	-	L	P	196
g1_aI2SjBb91bqR_SeHKJy9vAVEa4rsouzLP3VbSQmnO-A	s1_piFzR2lYGb0KEPsHkpYEM57Y2dby0t7iLZrfuhDAt30	1unMyg	qadv-arbiter-7x7-rust-lambda-v0.1.0	-	qadv-arbiter-7x7-rust-lambda-v0.1.0	-	L	P	196
g1_aI3AOO0dFpnfWqUUP8VyytBRGdSlNtawYWKdFRPCSRY	s1_2FtaP75xgRVTNrUvmC0NIesJCNy8IDFJ05WNM4nUnpg	1unR4o	qadv-arbiter-7x7-v0.1.0	-	lunatic-v0.1.0	-	D	P	196
g1_aI3AOO0dFpnfWqUUP8VyytBRGdSlNtawYWKdFRPCSRY	s1_Ahr8KtruuNevS2fxWCHYBcm2FLtIMhQ9hyM_nSJ58vk	1unR4o	qadv-arbiter-7x7-v0.1.0	-	lunatic-v0.1.0	-	D	P	196
g1_aI3AOO0dFpnfWqUUP8VyytBRGdSlNtawYWKdFRPCSRY	s1_O_uHBJKrhwmWlTu_mKPB9OGQAkZtIPBAkOGIcTMQrP8	1unR4o	qadv-arbiter-7x7-v0.1.0	-	lunatic-v0.1.0	-	D	P	196
g1_aI3AOO0dFpnfWqUUP8VyytBRGdSlNtawYWKdFRPCSRY	s1_RauLaTi4eVgYHSp2TV9pqs9uzTVv0B10g9TaHMWpcZ4	1unR4o	qadv-arbiter-7x7-v0.1.0	-	lunatic-v0.1.0	-	D	P	-
g1_aICTbBcEW1lyMJR6h8eVjVgAld7ckcB5pHnIT5sZwd4	s1_1av6nXQkq-GSHXfjkVlGHGpAq8F9UbW4JwZmyFA-vww	1umvB8	python-gnn-puct-scout-v0.1.0	sha256:b9f80706cc1f29076ee06fe06483697c749148a808c599579045d00a52573938	python-gnn-puct-scout-v0.1.0	sha256:b9f80706cc1f29076ee06fe06483697c749148a808c599579045d00a52573938	-	M	196
g1_aICTbBcEW1lyMJR6h8eVjVgAld7ckcB5pHnIT5sZwd4	s1_Brk0hkuJoH-MBjdd53AO5tlWcOgDWV_R0PO74fHGd_0	1umvB8	python-gnn-puct-scout-v0.1.0	sha256:b9f80706cc1f29076ee06fe06483697c749148a808c599579045d00a52573938	python-gnn-puct-scout-v0.1.0	sha256:b9f80706cc1f29076ee06fe06483697c749148a808c599579045d00a52573938	-	M	196
g1_aICTbBcEW1lyMJR6h8eVjVgAld7ckcB5pHnIT5sZwd4	s1_D_X-fTFZy6xuyGSC5jFyKBW6IP_59Jbomefazf4xu44	1umvB8	python-gnn-puct-scout-v0.1.0	sha256:b9f80706cc1f29076ee06fe06483697c749148a808c599579045d00a52573938	python-gnn-puct-scout-v0.1.0	sha256:b9f80706cc1f29076ee06fe06483697c749148a808c599579045d00a52573938	-	M	196
g1_aIXslQwt4D7m-VKNF2Uso1Z-Wnssm4NXtqLOjsCFVEg	s1_-IuCzYy72m-OL-yqnI7GhFZqzeMRLb1e4zo8LlSNIE4	1unNTc	qadv-arbiter-7x7-rust-lambda-v0.1.0	-	qadv-arbiter-7x7-rust-lambda-v0.1.0	-	D	P	196
g1_aIXslQwt4D7m-VKNF2Uso1Z-Wnssm4NXtqLOjsCFVEg	s1_EN8Elr4qooFOvZ5pTKDzCO5HOkIfDj0qqHCV9JCAtdk	1unNTc	qadv-arbiter-7x7-rust-lambda-v0.1.0	-	qadv-arbiter-7x7-rust-lambda-v0.1.0	-	D	P	196
g1_aIXslQwt4D7m-VKNF2Uso1Z-Wnssm4NXtqLOjsCFVEg	s1_RauLaTi4eVgYHSp2TV9pqs9uzTVv0B10g9TaHMWpcZ4	1unNTc	qadv-arbiter-7x7-rust-lambda-v0.1.0	-	qadv-arbiter-7x7-rust-lambda-v0.1.0	-	D	P	-
g1_aIXslQwt4D7m-VKNF2Uso1Z-Wnssm4NXtqLOjsCFVEg	s1_iBnHEwpD2kMgpX45q1vjuvReivrnY5lKJ40MhJnwKQ0	1unNTc	qadv-arbiter-7x7-rust-lambda-v0.1.0	-	qadv-arbiter-7x7-rust-lambda-v0.1.0	-	D	P	196
g1_aIlIr7TtUWmsjh4MjDUDe6_S5Hobdzh_zjWMeLfN5Os	s1_6PxtazPxkizz7K9QTWPSCIopEV5n0zpHoq3F52yO_6U	1umwhp	python-cnn-puct-v0.1.0	sha256:7845e9b7687beee165dc36b8d21833b7a8b5a83e31b58b49bd05c277ba26e642	python-cnn-puct-v0.1.0	sha256:7845e9b7687beee165dc36b8d21833b7a8b5a83e31b58b49bd05c277ba26e642	L	P	196
g1_aIlIr7TtUWmsjh4MjDUDe6_S5Hobdzh_zjWMeLfN5Os	s1_baRgKA_wMXdl0r4AwdkUfhWC04qxd1MvEGXAQaDd4fo	1umwhp	python-cnn-puct-v0.1.0	sha256:7845e9b7687beee165dc36b8d21833b7a8b5a83e31b58b49bd05c277ba26e642	python-cnn-puct-v0.1.0	sha256:7845e9b7687beee165dc36b8d21833b7a8b5a83e31b58b49bd05c277ba26e642	L	P	196
g1_aIlcJ9DqDT5I35AJx1q0DQDveiUmr_zZCJVfZXYhwDA	s1_qtlitMa-GGx-0y2heoyNRonYXf1Dq5epTexnVe9Iqtw	1umxXE	python-gnn-puct-learner-v0.1.0	sha256:ab0f739cd33d66781faf60e27797c5ccba3c04ba684f8d9e32e9c2754f4e8956	python-gnn-puct-learner-v0.1.0	sha256:ab0f739cd33d66781faf60e27797c5ccba3c04ba684f8d9e32e9c2754f4e8956	L	P	196
g1_aImSvv-Tes8v6z3CbLEITIfjJAu6M4dSeUcFvQeYWWg	s1_9jJbZdqd1iCtIR0CpliXouwfzpfQEmsX73Whgqj1kh8	1unNBZ	qadv-arbiter-7x7-rust-lambda-v0.1.0	-	qadv-arbiter-7x7-rust-lambda-v0.1.0	-	D	P	196
g1_aImSvv-Tes8v6z3CbLEITIfjJAu6M4dSeUcFvQeYWWg	s1_RauLaTi4eVgYHSp2TV9pqs9uzTVv0B10g9TaHMWpcZ4	1unNBZ	qadv-arbiter-7x7-rust-lambda-v0.1.0	-	qadv-arbiter-7x7-rust-lambda-v0.1.0	-	D	P	-
g1_aImSvv-Tes8v6z3CbLEITIfjJAu6M4dSeUcFvQeYWWg	s1_bm7rGpoZEVhr0TfOowZ9MQlBeP8HnHobPvJquwRXMDs	1unNBZ	qadv-arbiter-7x7-rust-lambda-v0.1.0	-	qadv-arbiter-7x7-rust-lambda-v0.1.0	-	D	P	196
g1_aImSvv-Tes8v6z3CbLEITIfjJAu6M4dSeUcFvQeYWWg	s1_g0dmnZo-UgamaWradPbkuLdzzh7JWHFMrWjpirJyL5I	1unNBZ	qadv-arbiter-7x7-rust-lambda-v0.1.0	-	qadv-arbiter-7x7-rust-lambda-v0.1.0	-	D	P	196
g1_aIr6yjjUWiVYLS82N5LkMbyQekjIkbkMJDe2VYa6HqY	s1_RauLaTi4eVgYHSp2TV9pqs9uzTVv0B10g9TaHMWpcZ4	1unPih	qadv-arbiter-7x7-rust-lambda-v0.1.0	-	qadv-arbiter-7x7-rust-lambda-v0.1.0	-	D	P	-
g1_aIr6yjjUWiVYLS82N5LkMbyQekjIkbkMJDe2VYa6HqY	s1_qlcaqReFKeSnPoXiHrdIszNQa_ZM-2MArejYSgLa9qk	1unPih	qadv-arbiter-7x7-rust-lambda-v0.1.0	-	qadv-arbiter-7x7-rust-lambda-v0.1.0	-	D	P	196
g1_aIr6yjjUWiVYLS82N5LkMbyQekjIkbkMJDe2VYa6HqY	s1_tEC7-6uP7HvDcb47IB8XvK5FpChf1O0c1N8Hmi2LTls	1unPih	qadv-arbiter-7x7-rust-lambda-v0.1.0	-	qadv-arbiter-7x7-rust-lambda-v0.1.0	-	D	P	196
g1_aIr6yjjUWiVYLS82N5LkMbyQekjIkbkMJDe2VYa6HqY	s1_v79368tslgOYJ48tWkmtFrO17zt4DSlvgiM-sJMYzyw	1unPih	qadv-arbiter-7x7-rust-lambda-v0.1.0	-	qadv-arbiter-7x7-rust-lambda-v0.1.0	-	D	P	196
g1_aItDTa6QFJjx69LrFyfNrxtahtWzJ_wuguIIyz34rBM	s1__fmnSv6OnZklVvMPUjPdL6drtvfrJptRYX3nxZQO8jI	1umxxs	python-gnn-puct-scout-v0.1.0	sha256:b9f80706cc1f29076ee06fe06483697c749148a808c599579045d00a52573938	python-gnn-puct-scout-v0.1.0	sha256:b9f80706cc1f29076ee06fe06483697c749148a808c599579045d00a52573938	L	P	196
g1_aIz-SL0e-rlBp8XouLLb5dT2ajaQR8aS-dFI-QPqdfg	s1_O3cuwuia8XT9TI7Nxr3tRcajOA20XFHEIT2fYX3WizY	1un84m	qadv-arbiter-guided-7x7-v0.2.0	sha256:9c0e5e530df7db77a98f6a2e75fe63a6f629c6ad6563e0b5454793ebc243b14d	lunatic-v0.1.0	-	L	P	196
g1_aIz-SL0e-rlBp8XouLLb5dT2ajaQR8aS-dFI-QPqdfg	s1_drwWHr88n5PHYXIJGnKpx-y8JqbXQRDIoBOZBq51V9A	1un84m	qadv-arbiter-guided-7x7-v0.2.0	sha256:9c0e5e530df7db77a98f6a2e75fe63a6f629c6ad6563e0b5454793ebc243b14d	lunatic-v0.1.0	-	L	P	196
g1_aIz-SL0e-rlBp8XouLLb5dT2ajaQR8aS-dFI-QPqdfg	s1_uNE2RRSas7wVxrbKCpysvoEzwr-UauUp2QWOY6qQOQ8	1un84m	qadv-arbiter-guided-7x7-v0.2.0	sha256:9c0e5e530df7db77a98f6a2e75fe63a6f629c6ad6563e0b5454793ebc243b14d	lunatic-v0.1.0	-	L	P	196
g1_aJG6KLpdI3uK2FEGbgyaQGQQDtFFNqUgdWG9hF-cB60	s1_BMfdxD2NcYvdMT8JDDcVO6H6Xgpy7wUNVSnDVmKVqDw	1unNF6	qadv-arbiter-7x7-rust-lambda-v0.1.0	-	qadv-arbiter-7x7-rust-lambda-v0.1.0	-	L	P	196
g1_aJG6KLpdI3uK2FEGbgyaQGQQDtFFNqUgdWG9hF-cB60	s1_RauLaTi4eVgYHSp2TV9pqs9uzTVv0B10g9TaHMWpcZ4	1unNF6	qadv-arbiter-7x7-rust-lambda-v0.1.0	-	qadv-arbiter-7x7-rust-lambda-v0.1.0	-	L	P	-
g1_aJG6KLpdI3uK2FEGbgyaQGQQDtFFNqUgdWG9hF-cB60	s1_VvAyoJsjJ9crhZExjzV2LDHct2wRbNq2fSekn8Hhjws	1unNF6	qadv-arbiter-7x7-rust-lambda-v0.1.0	-	qadv-arbiter-7x7-rust-lambda-v0.1.0	-	L	P	196
g1_aJG6KLpdI3uK2FEGbgyaQGQQDtFFNqUgdWG9hF-cB60	s1__tMinghV4sE6q72vkRWTfrxP0TnNEloT11CDHsBO748	1unNF6	qadv-arbiter-7x7-rust-lambda-v0.1.0	-	qadv-arbiter-7x7-rust-lambda-v0.1.0	-	L	P	196
g1_aJRMvt5gTvRgwdoPSMvdybI6qOmtPRK4qhtqWUPd71M	s1_6sYfD79f6ZMZS396VMDJRHxExjBogJTvYwqm2K_ei_Y	1unMnb	qadv-arbiter-7x7-rust-lambda-v0.1.0	-	qadv-arbiter-7x7-rust-lambda-v0.1.0	-	D	P	196
g1_aJRMvt5gTvRgwdoPSMvdybI6qOmtPRK4qhtqWUPd71M	s1_NXEGZDKTXLFRoPHY-ExHaoXV355ETwb8OeSFmYuaTZ8	1unMnb	qadv-arbiter-7x7-rust-lambda-v0.1.0	-	qadv-arbiter-7x7-rust-lambda-v0.1.0	-	D	P	196
g1_aJRMvt5gTvRgwdoPSMvdybI6qOmtPRK4qhtqWUPd71M	s1_RauLaTi4eVgYHSp2TV9pqs9uzTVv0B10g9TaHMWpcZ4	1unMnb	qadv-arbiter-7x7-rust-lambda-v0.1.0	-	qadv-arbiter-7x7-rust-lambda-v0.1.0	-	D	P	-
g1_aJRMvt5gTvRgwdoPSMvdybI6qOmtPRK4qhtqWUPd71M	s1_V5GSc8N-HANnM22obdE8FtS8x-14bf8ElD4cLPVTgEk	1unMnb	qadv-arbiter-7x7-rust-lambda-v0.1.0	-	qadv-arbiter-7x7-rust-lambda-v0.1.0	-	D	P	196
g1_aJdo3GI676wo1HhrzZYzraaQutMmveQAaxHlqouLsvY	s1_6fsH6CNdmsLMnHajb_XPS51WVSoyKF3Ld55wW91aX-0	1unNEy	qadv-arbiter-7x7-rust-lambda-v0.1.0	-	qadv-arbiter-7x7-rust-lambda-v0.1.0	-	L	P	196
g1_aJdo3GI676wo1HhrzZYzraaQutMmveQAaxHlqouLsvY	s1_9Kp2OsGEJir6Xb3J2ofCZkVKyAwnn4I8m-Z0nW_F8lY	1unNEy	qadv-arbiter-7x7-rust-lambda-v0.1.0	-	qadv-arbiter-7x7-rust-lambda-v0.1.0	-	L	P	196
g1_aJdo3GI676wo1HhrzZYzraaQutMmveQAaxHlqouLsvY	s1_RauLaTi4eVgYHSp2TV9pqs9uzTVv0B10g9TaHMWpcZ4	1unNEy	qadv-arbiter-7x7-rust-lambda-v0.1.0	-	qadv-arbiter-7x7-rust-lambda-v0.1.0	-	L	P	-
g1_aJdo3GI676wo1HhrzZYzraaQutMmveQAaxHlqouLsvY	s1_Wp21ThMnmlt_VC3xYsmZ6-ih_UvYYyb6m_GtC7jFVm8	1unNEy	qadv-arbiter-7x7-rust-lambda-v0.1.0	-	qadv-arbiter-7x7-rust-lambda-v0.1.0	-	L	P	196
g1_aJnichZEgsYGtN-85r6EFuKNO8xox4I7uEXAQc-iBnM	s1_CjLVzTVPvSyUXEsE4TAmCdn_IHY2AS3Bv7rXc4UY7DE	1unNoH	qadv-arbiter-7x7-rust-lambda-v0.1.0	-	qadv-arbiter-7x7-rust-lambda-v0.1.0	-	L	P	196
g1_aJnichZEgsYGtN-85r6EFuKNO8xox4I7uEXAQc-iBnM	s1_RauLaTi4eVgYHSp2TV9pqs9uzTVv0B10g9TaHMWpcZ4	1unNoH	qadv-arbiter-7x7-rust-lambda-v0.1.0	-	qadv-arbiter-7x7-rust-lambda-v0.1.0	-	L	P	-
g1_aJnichZEgsYGtN-85r6EFuKNO8xox4I7uEXAQc-iBnM	s1_YfWz445Oy2exiHR2ymnpkjrhUUhvpfi529D1e-7exfw	1unNoH	qadv-arbiter-7x7-rust-lambda-v0.1.0	-	qadv-arbiter-7x7-rust-lambda-v0.1.0	-	L	P	196
g1_aJnichZEgsYGtN-85r6EFuKNO8xox4I7uEXAQc-iBnM	s1_n3qbMy9DovZiEnO4Fq3I6_vH1XALQSxBMPMCkOYHHpg	1unNoH	qadv-arbiter-7x7-rust-lambda-v0.1.0	-	qadv-arbiter-7x7-rust-lambda-v0.1.0	-	L	P	196
g1_aJolHXQFG97uEGUOShFrez7T-mr9gPEWJcxDZL12ziw	s1_29Yiq20JRxGhz053ubKaTEs10CehEs4a1v-Tg7Q1llk	1unMI2	qadv-arbiter-7x7-rust-lambda-v0.1.0	-	qadv-arbiter-7x7-rust-lambda-v0.1.0	-	D	P	196
g1_aJolHXQFG97uEGUOShFrez7T-mr9gPEWJcxDZL12ziw	s1_4UDl84L7Hs4PkeKO8biY9ohqC7B3IWzUMvOYHc70eSs	1unMI2	qadv-arbiter-7x7-rust-lambda-v0.1.0	-	qadv-arbiter-7x7-rust-lambda-v0.1.0	-	D	P	196
g1_aJolHXQFG97uEGUOShFrez7T-mr9gPEWJcxDZL12ziw	s1_9x2b-z6qFVKRFFCiT23PBBFwhxM_mOQ7HJqCVi7P-4Q	1unMI2	qadv-arbiter-7x7-rust-lambda-v0.1.0	-	qadv-arbiter-7x7-rust-lambda-v0.1.0	-	D	P	196
g1_aJolHXQFG97uEGUOShFrez7T-mr9gPEWJcxDZL12ziw	s1_RauLaTi4eVgYHSp2TV9pqs9uzTVv0B10g9TaHMWpcZ4	1unMI2	qadv-arbiter-7x7-rust-lambda-v0.1.0	-	qadv-arbiter-7x7-rust-lambda-v0.1.0	-	D	P	-
g1_aJulDDTbg_Y9Rdm2428-Dx-86Tt19ozW0ZR9D0EqCcs	s1_1av6nXQkq-GSHXfjkVlGHGpAq8F9UbW4JwZmyFA-vww	1DIhL	lunatic-v0.1.0	-	rust-pathfinder-v0.1.0	-	D	P	-
g1_aJulDDTbg_Y9Rdm2428-Dx-86Tt19ozW0ZR9D0EqCcs	s1_9Eroywf7tuDrn-hcfZPjlEa1DSRUykCRn9Z11u8ySIo	1DIhL	lunatic-v0.1.0	-	rust-pathfinder-v0.1.0	-	D	P	-
g1_aJulDDTbg_Y9Rdm2428-Dx-86Tt19ozW0ZR9D0EqCcs	s1_Brk0hkuJoH-MBjdd53AO5tlWcOgDWV_R0PO74fHGd_0	1DIhL	lunatic-v0.1.0	-	rust-pathfinder-v0.1.0	-	D	P	-
g1_aJulDDTbg_Y9Rdm2428-Dx-86Tt19ozW0ZR9D0EqCcs	s1_KmF8KhDbubz6lwdS8R_n_yTGdSONmH9B1wUABbyCj94	1DIhL	lunatic-v0.1.0	-	rust-pathfinder-v0.1.0	-	D	P	-
g1_aJulDDTbg_Y9Rdm2428-Dx-86Tt19ozW0ZR9D0EqCcs	s1_MKrI0a3Qd48rU7oZj28GrlQ3cHhIbUzS5ibiIW9aKy4	1DIhL	lunatic-v0.1.0	-	rust-pathfinder-v0.1.0	-	D	P	-
g1_aJulDDTbg_Y9Rdm2428-Dx-86Tt19ozW0ZR9D0EqCcs	s1_XloMUS0hxYEXf762lcPfaudsLmsH-CsOVZNVVU_obcA	1DIhL	lunatic-v0.1.0	-	rust-pathfinder-v0.1.0	-	D	P	-
g1_aJulDDTbg_Y9Rdm2428-Dx-86Tt19ozW0ZR9D0EqCcs	s1_g5pGkHBMEhzAYvwFY0b24sSc7wC9JfnWApMHHZ_aMPI	1DIhL	lunatic-v0.1.0	-	rust-pathfinder-v0.1.0	-	D	P	-
g1_aJyuKLXk7_VpPUHhJUhFqgapb9B8KCJGlt4Fw7Oh5SA	s1_1av6nXQkq-GSHXfjkVlGHGpAq8F9UbW4JwZmyFA-vww	1umwvr	pathfinder-v0.3.0	-	lunatic-v0.1.0	-	L	P	196
g1_aJyuKLXk7_VpPUHhJUhFqgapb9B8KCJGlt4Fw7Oh5SA	s1_Brk0hkuJoH-MBjdd53AO5tlWcOgDWV_R0PO74fHGd_0	1umwvr	pathfinder-v0.3.0	-	lunatic-v0.1.0	-	L	P	196
g1_aJyuKLXk7_VpPUHhJUhFqgapb9B8KCJGlt4Fw7Oh5SA	s1_dcEgf_s_8JfAgzbYFm9Z15BWrFU6bsc6MzE1gZNvlP4	1umwvr	pathfinder-v0.3.0	-	lunatic-v0.1.0	-	L	P	196
g1_aKFZfqcHKDN7ZQMzavkqMZ9SDUcSexjQyxbOAPtolmg	s1_qtlitMa-GGx-0y2heoyNRonYXf1Dq5epTexnVe9Iqtw	1umxaf	python-gnn-puct-learner-v0.1.0	sha256:ab0f739cd33d66781faf60e27797c5ccba3c04ba684f8d9e32e9c2754f4e8956	python-gnn-puct-learner-v0.1.0	sha256:ab0f739cd33d66781faf60e27797c5ccba3c04ba684f8d9e32e9c2754f4e8956	L	P	196
g1_aKK7ntzg7qf-4hjKXd49Wr6abMNKfm3GKOYpwRwPr8g	s1_RauLaTi4eVgYHSp2TV9pqs9uzTVv0B10g9TaHMWpcZ4	1unOKT	qadv-arbiter-7x7-rust-lambda-v0.1.0	-	qadv-arbiter-7x7-rust-lambda-v0.1.0	-	D	P	-
g1_aKK7ntzg7qf-4hjKXd49Wr6abMNKfm3GKOYpwRwPr8g	s1_dcSY7eFDdgmaSsV_rBE6Nv5CK6FA5XGD7yg1P36a4zc	1unOKT	qadv-arbiter-7x7-rust-lambda-v0.1.0	-	qadv-arbiter-7x7-rust-lambda-v0.1.0	-	D	P	196
g1_aKK7ntzg7qf-4hjKXd49Wr6abMNKfm3GKOYpwRwPr8g	s1_n2dt6JcLQ7avRwEl0VmU-0tYMgpV0i70dY-y4Fg3czU	1unOKT	qadv-arbiter-7x7-rust-lambda-v0.1.0	-	qadv-arbiter-7x7-rust-lambda-v0.1.0	-	D	P	196
g1_aKK7ntzg7qf-4hjKXd49Wr6abMNKfm3GKOYpwRwPr8g	s1_pBR2wYZ2tW9635dybQfISmKgqnk0-6UQ1pTbiiVpfBA	1unOKT	qadv-arbiter-7x7-rust-lambda-v0.1.0	-	qadv-arbiter-7x7-rust-lambda-v0.1.0	-	D	P	196
g1_aKU36vQ5mB898D17ZwVphatSc2npziCIfD99fA27OfQ	s1_1av6nXQkq-GSHXfjkVlGHGpAq8F9UbW4JwZmyFA-vww	1umv7a	python-gnn-puct-scout-v0.1.0	sha256:b9f80706cc1f29076ee06fe06483697c749148a808c599579045d00a52573938	python-gnn-puct-scout-v0.1.0	sha256:b9f80706cc1f29076ee06fe06483697c749148a808c599579045d00a52573938	D	P	196
g1_aKU36vQ5mB898D17ZwVphatSc2npziCIfD99fA27OfQ	s1_Brk0hkuJoH-MBjdd53AO5tlWcOgDWV_R0PO74fHGd_0	1umv7a	python-gnn-puct-scout-v0.1.0	sha256:b9f80706cc1f29076ee06fe06483697c749148a808c599579045d00a52573938	python-gnn-puct-scout-v0.1.0	sha256:b9f80706cc1f29076ee06fe06483697c749148a808c599579045d00a52573938	D	P	196
g1_aKU36vQ5mB898D17ZwVphatSc2npziCIfD99fA27OfQ	s1_D_X-fTFZy6xuyGSC5jFyKBW6IP_59Jbomefazf4xu44	1umv7a	python-gnn-puct-scout-v0.1.0	sha256:b9f80706cc1f29076ee06fe06483697c749148a808c599579045d00a52573938	python-gnn-puct-scout-v0.1.0	sha256:b9f80706cc1f29076ee06fe06483697c749148a808c599579045d00a52573938	D	P	196
g1_aKVYL0upmpbjFqW5LfJoT9Zss4h34eol5uoeNeaB548	s1_1av6nXQkq-GSHXfjkVlGHGpAq8F9UbW4JwZmyFA-vww	1umxKO	gnn-warmstart-7x7	sha256:e000d50619c0241c30efdd1f5adb7a8b738c66859d33c3443c52a20f56fcc13a	cnn-baseline-7x7	sha256:f4969554372b34d9773382cf5cd8e3f20890ccedfb1e6c685984c6c94fbb6203	D	P	196
g1_aKVYL0upmpbjFqW5LfJoT9Zss4h34eol5uoeNeaB548	s1_Brk0hkuJoH-MBjdd53AO5tlWcOgDWV_R0PO74fHGd_0	1umxKO	gnn-warmstart-7x7	sha256:e000d50619c0241c30efdd1f5adb7a8b738c66859d33c3443c52a20f56fcc13a	cnn-baseline-7x7	sha256:f4969554372b34d9773382cf5cd8e3f20890ccedfb1e6c685984c6c94fbb6203	D	P	196
g1_aKVYL0upmpbjFqW5LfJoT9Zss4h34eol5uoeNeaB548	s1_dcEgf_s_8JfAgzbYFm9Z15BWrFU6bsc6MzE1gZNvlP4	1umxKO	gnn-warmstart-7x7	sha256:e000d50619c0241c30efdd1f5adb7a8b738c66859d33c3443c52a20f56fcc13a	cnn-baseline-7x7	sha256:f4969554372b34d9773382cf5cd8e3f20890ccedfb1e6c685984c6c94fbb6203	D	P	196
g1_aKXaqWRwz78xfbTMkTnyWR4KWxOOsEZmwKREDkKvGHQ	s1_1av6nXQkq-GSHXfjkVlGHGpAq8F9UbW4JwZmyFA-vww	1DIdk	rust-pathfinder-v0.1.0	-	lunatic-v0.1.0	-	L	P	-
g1_aKXaqWRwz78xfbTMkTnyWR4KWxOOsEZmwKREDkKvGHQ	s1_9Eroywf7tuDrn-hcfZPjlEa1DSRUykCRn9Z11u8ySIo	1DIdk	rust-pathfinder-v0.1.0	-	lunatic-v0.1.0	-	L	P	-
g1_aKXaqWRwz78xfbTMkTnyWR4KWxOOsEZmwKREDkKvGHQ	s1_Brk0hkuJoH-MBjdd53AO5tlWcOgDWV_R0PO74fHGd_0	1DIdk	rust-pathfinder-v0.1.0	-	lunatic-v0.1.0	-	L	P	-
g1_aKXaqWRwz78xfbTMkTnyWR4KWxOOsEZmwKREDkKvGHQ	s1_KmF8KhDbubz6lwdS8R_n_yTGdSONmH9B1wUABbyCj94	1DIdk	rust-pathfinder-v0.1.0	-	lunatic-v0.1.0	-	L	P	-
g1_aKXaqWRwz78xfbTMkTnyWR4KWxOOsEZmwKREDkKvGHQ	s1_MKrI0a3Qd48rU7oZj28GrlQ3cHhIbUzS5ibiIW9aKy4	1DIdk	rust-pathfinder-v0.1.0	-	lunatic-v0.1.0	-	L	P	-
g1_aKXaqWRwz78xfbTMkTnyWR4KWxOOsEZmwKREDkKvGHQ	s1_XloMUS0hxYEXf762lcPfaudsLmsH-CsOVZNVVU_obcA	1DIdk	rust-pathfinder-v0.1.0	-	lunatic-v0.1.0	-	L	P	-
g1_aKXaqWRwz78xfbTMkTnyWR4KWxOOsEZmwKREDkKvGHQ	s1_g5pGkHBMEhzAYvwFY0b24sSc7wC9JfnWApMHHZ_aMPI	1DIdk	rust-pathfinder-v0.1.0	-	lunatic-v0.1.0	-	L	P	-
g1_aKk3tSo1dMF2022XEjHKxMBJxKG5lgB2fSm8hhFzrKY	s1_1av6nXQkq-GSHXfjkVlGHGpAq8F9UbW4JwZmyFA-vww	1DMCX	python-gnn-puct-v0.1.0	-	python-gnn-puct-v0.1.0	-	-	M	-
g1_aKk3tSo1dMF2022XEjHKxMBJxKG5lgB2fSm8hhFzrKY	s1_Brk0hkuJoH-MBjdd53AO5tlWcOgDWV_R0PO74fHGd_0	1DMCX	python-gnn-puct-v0.1.0	-	python-gnn-puct-v0.1.0	-	-	M	-
g1_aKk3tSo1dMF2022XEjHKxMBJxKG5lgB2fSm8hhFzrKY	s1_KmF8KhDbubz6lwdS8R_n_yTGdSONmH9B1wUABbyCj94	1DMCX	python-gnn-puct-v0.1.0	-	python-gnn-puct-v0.1.0	-	-	M	-
g1_aKk3tSo1dMF2022XEjHKxMBJxKG5lgB2fSm8hhFzrKY	s1_g5pGkHBMEhzAYvwFY0b24sSc7wC9JfnWApMHHZ_aMPI	1DMCX	python-gnn-puct-v0.1.0	-	python-gnn-puct-v0.1.0	-	-	M	-
g1_aKk3tSo1dMF2022XEjHKxMBJxKG5lgB2fSm8hhFzrKY	s1_o4FpiLdBR0W384rY1cH0JR4zS6lbnJNFQTdwfhHEdfo	1DMCX	python-gnn-puct-v0.1.0	-	python-gnn-puct-v0.1.0	-	-	M	-
g1_aKrRL_xuDAcp2gtCnvsL9xYpFOgGQl8kdtgFWw86xnw	s1_WVg7aYYLIrw6_-2mI3jQ-DPcLO4gX2sPEEqWQb0DGQA	1umxJo	python-cnn-puct-reval30k-v0.1.0	sha256:eb2600a53e225a835455efdb2759c40e27c5cb3c16ab0688bc21b99290ed10ee	python-cnn-puct-reval30k-v0.1.0	sha256:eb2600a53e225a835455efdb2759c40e27c5cb3c16ab0688bc21b99290ed10ee	L	P	196
g1_aKywlKJuXIu6IGtiPFMRlfY-vPut79zD_JHPEOmZLzg	s1_3RtzTKRtzpQYjY_WJwv8zhhEnFRqJmmiW93JsqE3rKQ	1unLtV	qadv-arbiter-7x7-rust-lambda-v0.1.0	-	qadv-arbiter-7x7-rust-lambda-v0.1.0	-	D	P	196
g1_aKywlKJuXIu6IGtiPFMRlfY-vPut79zD_JHPEOmZLzg	s1_MUpEXx8BihnPDZ4vAlyJeCRGdOEi_MqkXh1mBpbi1eI	1unLtV	qadv-arbiter-7x7-rust-lambda-v0.1.0	-	qadv-arbiter-7x7-rust-lambda-v0.1.0	-	D	P	196
g1_aKywlKJuXIu6IGtiPFMRlfY-vPut79zD_JHPEOmZLzg	s1_RauLaTi4eVgYHSp2TV9pqs9uzTVv0B10g9TaHMWpcZ4	1unLtV	qadv-arbiter-7x7-rust-lambda-v0.1.0	-	qadv-arbiter-7x7-rust-lambda-v0.1.0	-	D	P	-
g1_aKywlKJuXIu6IGtiPFMRlfY-vPut79zD_JHPEOmZLzg	s1_dG-e5XNbTh6GPkfYgr0-pudzWbPEx9Sm9B3JNBL5HTA	1unLtV	qadv-arbiter-7x7-rust-lambda-v0.1.0	-	qadv-arbiter-7x7-rust-lambda-v0.1.0	-	D	P	196
g1_aL7qSDlnmVx5cQyz7bz9i3AQz2L-Gx9w_PZKjsHxVyw	s1_SFDOQgKXyHrnD7TB1NQC_pPjy11Wj9vagGqz_1GvUdk	1umvwW	rust-pathfinder-v0.1.0	-	rust-pathfinder-v0.3.0	-	D	P	120
g1_aLevy03cAlOPvOK_29WHGcaZ7O_PinKwp66wcvwUDGw	s1_1av6nXQkq-GSHXfjkVlGHGpAq8F9UbW4JwZmyFA-vww	1umv9L	python-gnn-puct-scout-v0.1.0	sha256:b9f80706cc1f29076ee06fe06483697c749148a808c599579045d00a52573938	python-gnn-puct-scout-v0.1.0	sha256:b9f80706cc1f29076ee06fe06483697c749148a808c599579045d00a52573938	D	P	196
g1_aLevy03cAlOPvOK_29WHGcaZ7O_PinKwp66wcvwUDGw	s1_Brk0hkuJoH-MBjdd53AO5tlWcOgDWV_R0PO74fHGd_0	1umv9L	python-gnn-puct-scout-v0.1.0	sha256:b9f80706cc1f29076ee06fe06483697c749148a808c599579045d00a52573938	python-gnn-puct-scout-v0.1.0	sha256:b9f80706cc1f29076ee06fe06483697c749148a808c599579045d00a52573938	D	P	196
g1_aLevy03cAlOPvOK_29WHGcaZ7O_PinKwp66wcvwUDGw	s1_D_X-fTFZy6xuyGSC5jFyKBW6IP_59Jbomefazf4xu44	1umv9L	python-gnn-puct-scout-v0.1.0	sha256:b9f80706cc1f29076ee06fe06483697c749148a808c599579045d00a52573938	python-gnn-puct-scout-v0.1.0	sha256:b9f80706cc1f29076ee06fe06483697c749148a808c599579045d00a52573938	D	P	196
g1_aLhLEn2PGeAusOXAmlRufNl__pvk1O8ooXgdjQIo6x4	s1_GR_5YN398TpabTadw5KR6SuwiFxOHteddCHW9S4MFgo	1unO59	qadv-arbiter-7x7-rust-lambda-v0.1.0	-	qadv-arbiter-7x7-rust-lambda-v0.1.0	-	D	P	196
g1_aLhLEn2PGeAusOXAmlRufNl__pvk1O8ooXgdjQIo6x4	s1_MseJQdc3qkrTvWMW6mKDgcAr4dTDVt9U3QARHJhL2ZI	1unO59	qadv-arbiter-7x7-rust-lambda-v0.1.0	-	qadv-arbiter-7x7-rust-lambda-v0.1.0	-	D	P	196
g1_aLhLEn2PGeAusOXAmlRufNl__pvk1O8ooXgdjQIo6x4	s1_RZbHgbnofe-68i18giAHoAuo7ADriQOU4xJyWUhH8xk	1unO59	qadv-arbiter-7x7-rust-lambda-v0.1.0	-	qadv-arbiter-7x7-rust-lambda-v0.1.0	-	D	P	196
g1_aLhLEn2PGeAusOXAmlRufNl__pvk1O8ooXgdjQIo6x4	s1_RauLaTi4eVgYHSp2TV9pqs9uzTVv0B10g9TaHMWpcZ4	1unO59	qadv-arbiter-7x7-rust-lambda-v0.1.0	-	qadv-arbiter-7x7-rust-lambda-v0.1.0	-	D	P	-
g1_aLtBgqnXNkEzQKWXJ0kOIMV6SrWDvVrpyi6NdeiGSI4	s1_-w4ec4K5fd4t_4AAqiqRvRWfE27g71tMtrkjblG-_lc	1unMDe	qadv-arbiter-7x7-rust-lambda-v0.1.0	-	qadv-arbiter-7x7-rust-lambda-v0.1.0	-	L	P	196
g1_aLtBgqnXNkEzQKWXJ0kOIMV6SrWDvVrpyi6NdeiGSI4	s1_Iofl-HUnyaJjwzdtBKuGAR50TC_8B8SRqZ0w68gYb6g	1unMDe	qadv-arbiter-7x7-rust-lambda-v0.1.0	-	qadv-arbiter-7x7-rust-lambda-v0.1.0	-	L	P	196
g1_aLtBgqnXNkEzQKWXJ0kOIMV6SrWDvVrpyi6NdeiGSI4	s1_RauLaTi4eVgYHSp2TV9pqs9uzTVv0B10g9TaHMWpcZ4	1unMDe	qadv-arbiter-7x7-rust-lambda-v0.1.0	-	qadv-arbiter-7x7-rust-lambda-v0.1.0	-	L	P	-
g1_aLtBgqnXNkEzQKWXJ0kOIMV6SrWDvVrpyi6NdeiGSI4	s1_bqp5s-SLhWzF7OH1j5_LH3JR7qq9Rtcijl1TWL7gciE	1unMDe	qadv-arbiter-7x7-rust-lambda-v0.1.0	-	qadv-arbiter-7x7-rust-lambda-v0.1.0	-	L	P	196
g1_aLyosSAKfrPkijMSXvLz3_9kHiEPQJu1eJ3osNvQVQ4	s1_O3cuwuia8XT9TI7Nxr3tRcajOA20XFHEIT2fYX3WizY	1un76K	qadv-arbiter-guided-7x7-v0.2.0	sha256:9c0e5e530df7db77a98f6a2e75fe63a6f629c6ad6563e0b5454793ebc243b14d	cnn-reval30k-7x7	sha256:7439239ff343dcc422cb918560b1b72433f2e13628580427343a446f349c6f5a	L	P	196
g1_aLyosSAKfrPkijMSXvLz3_9kHiEPQJu1eJ3osNvQVQ4	s1__sCLqkv1QowbQOLtcMj1HZM3ouupeB2AXWyXf93UYhE	1un76K	qadv-arbiter-guided-7x7-v0.2.0	sha256:9c0e5e530df7db77a98f6a2e75fe63a6f629c6ad6563e0b5454793ebc243b14d	cnn-reval30k-7x7	sha256:7439239ff343dcc422cb918560b1b72433f2e13628580427343a446f349c6f5a	L	P	196
g1_aLyosSAKfrPkijMSXvLz3_9kHiEPQJu1eJ3osNvQVQ4	s1_sxtZ5wkCkg2ztmYoEeuJnPS6kIKyTpUpx59OMIplfiA	1un76K	qadv-arbiter-guided-7x7-v0.2.0	sha256:9c0e5e530df7db77a98f6a2e75fe63a6f629c6ad6563e0b5454793ebc243b14d	cnn-reval30k-7x7	sha256:7439239ff343dcc422cb918560b1b72433f2e13628580427343a446f349c6f5a	L	P	196
g1_aM-_AjfEK6Bx3wIv8oAuDAr5-2-g92f2h1OGLySSj_Y	s1_RauLaTi4eVgYHSp2TV9pqs9uzTVv0B10g9TaHMWpcZ4	1unMXP	qadv-arbiter-7x7-rust-lambda-v0.1.0	-	qadv-arbiter-7x7-rust-lambda-v0.1.0	-	L	P	-
g1_aM-_AjfEK6Bx3wIv8oAuDAr5-2-g92f2h1OGLySSj_Y	s1_SNXbGIFzUiHUByosqWpbsggw8D-G7zPx9H-d4LFzvTE	1unMXP	qadv-arbiter-7x7-rust-lambda-v0.1.0	-	qadv-arbiter-7x7-rust-lambda-v0.1.0	-	L	P	196
g1_aM-_AjfEK6Bx3wIv8oAuDAr5-2-g92f2h1OGLySSj_Y	s1_SqWIap4AUfvz11lz8M5KRo020xigu5Gf7fwYT4L_2I0	1unMXP	qadv-arbiter-7x7-rust-lambda-v0.1.0	-	qadv-arbiter-7x7-rust-lambda-v0.1.0	-	L	P	196
g1_aM-_AjfEK6Bx3wIv8oAuDAr5-2-g92f2h1OGLySSj_Y	s1_mQE2FBHPnFTU6Jf94cW4Oz-8TuU6MXroyiZiDZv0jPE	1unMXP	qadv-arbiter-7x7-rust-lambda-v0.1.0	-	qadv-arbiter-7x7-rust-lambda-v0.1.0	-	L	P	196
g1_aM7XVLoBFNYUwx1AFk2MhBImwq1dWz7K8jx29otv51Q	s1_3Jr9CY5WjNj_TAlsN5Cq2ec0HlYNzbOp7hiaPgL4yGk	1unM-G	qadv-arbiter-7x7-rust-lambda-v0.1.0	-	qadv-arbiter-7x7-rust-lambda-v0.1.0	-	D	P	196
g1_aM7XVLoBFNYUwx1AFk2MhBImwq1dWz7K8jx29otv51Q	s1_3m5jBN19bSdLD8t_Yltlzj4PHzE5l4wsftt9XPlJo54	1unM-G	qadv-arbiter-7x7-rust-lambda-v0.1.0	-	qadv-arbiter-7x7-rust-lambda-v0.1.0	-	D	P	196
g1_aM7XVLoBFNYUwx1AFk2MhBImwq1dWz7K8jx29otv51Q	s1_B94gUMGieYkS82dv9WTj-g1geH-eq3M-U_gslFBwNdw	1unM-G	qadv-arbiter-7x7-rust-lambda-v0.1.0	-	qadv-arbiter-7x7-rust-lambda-v0.1.0	-	D	P	196
g1_aM7XVLoBFNYUwx1AFk2MhBImwq1dWz7K8jx29otv51Q	s1_RauLaTi4eVgYHSp2TV9pqs9uzTVv0B10g9TaHMWpcZ4	1unM-G	qadv-arbiter-7x7-rust-lambda-v0.1.0	-	qadv-arbiter-7x7-rust-lambda-v0.1.0	-	D	P	-
g1_aM8FMvps_jSJSmqEyTrCj1NWZSoR11v8BILaQRvg6Po	s1_6PxtazPxkizz7K9QTWPSCIopEV5n0zpHoq3F52yO_6U	1umwmQ	python-cnn-puct-v0.1.0	sha256:7845e9b7687beee165dc36b8d21833b7a8b5a83e31b58b49bd05c277ba26e642	python-cnn-puct-v0.1.0	sha256:7845e9b7687beee165dc36b8d21833b7a8b5a83e31b58b49bd05c277ba26e642	-	M	196
g1_aM8FMvps_jSJSmqEyTrCj1NWZSoR11v8BILaQRvg6Po	s1_baRgKA_wMXdl0r4AwdkUfhWC04qxd1MvEGXAQaDd4fo	1umwmQ	python-cnn-puct-v0.1.0	sha256:7845e9b7687beee165dc36b8d21833b7a8b5a83e31b58b49bd05c277ba26e642	python-cnn-puct-v0.1.0	sha256:7845e9b7687beee165dc36b8d21833b7a8b5a83e31b58b49bd05c277ba26e642	-	M	196
g1_aMDN23xLZ-igjkLBPqJnF1IuyWBTVSsI9or4RwBjgMc	s1_2FtaP75xgRVTNrUvmC0NIesJCNy8IDFJ05WNM4nUnpg	1unQqe	qadv-arbiter-7x7-v0.1.0	-	pathfinder-v0.3.0	-	D	P	196
g1_aMDN23xLZ-igjkLBPqJnF1IuyWBTVSsI9or4RwBjgMc	s1_3TUFgSNdsLbPXUkT7U1ME-WwjY8N1zktoel-ZE29xGk	1unQqe	qadv-arbiter-7x7-v0.1.0	-	pathfinder-v0.3.0	-	D	P	196
g1_aMDN23xLZ-igjkLBPqJnF1IuyWBTVSsI9or4RwBjgMc	s1_RauLaTi4eVgYHSp2TV9pqs9uzTVv0B10g9TaHMWpcZ4	1unQqe	qadv-arbiter-7x7-v0.1.0	-	pathfinder-v0.3.0	-	D	P	-
g1_aMDN23xLZ-igjkLBPqJnF1IuyWBTVSsI9or4RwBjgMc	s1_uvcxErtaS-QFrpvsyDStZw47g1oUyr5P4t8pfBhZnqo	1unQqe	qadv-arbiter-7x7-v0.1.0	-	pathfinder-v0.3.0	-	D	P	196
g1_aMEuomiH1sWLO7-VtypFRuk_yCkdoNug3S0C60ItPRQ	s1_1av6nXQkq-GSHXfjkVlGHGpAq8F9UbW4JwZmyFA-vww	1umvTz	python-gnn-puct-learner-v0.1.0	sha256:ab0f739cd33d66781faf60e27797c5ccba3c04ba684f8d9e32e9c2754f4e8956	python-gnn-puct-learner-v0.1.0	sha256:ab0f739cd33d66781faf60e27797c5ccba3c04ba684f8d9e32e9c2754f4e8956	L	P	196
g1_aMEuomiH1sWLO7-VtypFRuk_yCkdoNug3S0C60ItPRQ	s1_Brk0hkuJoH-MBjdd53AO5tlWcOgDWV_R0PO74fHGd_0	1umvTz	python-gnn-puct-learner-v0.1.0	sha256:ab0f739cd33d66781faf60e27797c5ccba3c04ba684f8d9e32e9c2754f4e8956	python-gnn-puct-learner-v0.1.0	sha256:ab0f739cd33d66781faf60e27797c5ccba3c04ba684f8d9e32e9c2754f4e8956	L	P	196
g1_aMEuomiH1sWLO7-VtypFRuk_yCkdoNug3S0C60ItPRQ	s1_QBFUsDtxokERlDOdQkleYbPvhJ-vIp2qmp6DXjS-7oM	1umvTz	python-gnn-puct-learner-v0.1.0	sha256:ab0f739cd33d66781faf60e27797c5ccba3c04ba684f8d9e32e9c2754f4e8956	python-gnn-puct-learner-v0.1.0	sha256:ab0f739cd33d66781faf60e27797c5ccba3c04ba684f8d9e32e9c2754f4e8956	L	P	196
g1_aMLfV2rugQY3vKf991GNUrWBScBsEBF9X1JLGT4Ahi0	s1_BmHIXLKl_F8Frdbo43JIjEz290ykrg13DVlKTV6Jkmo	1unMg8	qadv-arbiter-7x7-rust-lambda-v0.1.0	-	qadv-arbiter-7x7-rust-lambda-v0.1.0	-	L	P	196
g1_aMLfV2rugQY3vKf991GNUrWBScBsEBF9X1JLGT4Ahi0	s1_RauLaTi4eVgYHSp2TV9pqs9uzTVv0B10g9TaHMWpcZ4	1unMg8	qadv-arbiter-7x7-rust-lambda-v0.1.0	-	qadv-arbiter-7x7-rust-lambda-v0.1.0	-	L	P	-
g1_aMLfV2rugQY3vKf991GNUrWBScBsEBF9X1JLGT4Ahi0	s1_qJ80ZuaV7ipB-yDAgl7cosaJ2uxrY3F5ap8S4stHeTw	1unMg8	qadv-arbiter-7x7-rust-lambda-v0.1.0	-	qadv-arbiter-7x7-rust-lambda-v0.1.0	-	L	P	196
g1_aMLfV2rugQY3vKf991GNUrWBScBsEBF9X1JLGT4Ahi0	s1_wGEFRUq-SrakCfShcqtguUtCwcBsCopKxGm0NCLzbBs	1unMg8	qadv-arbiter-7x7-rust-lambda-v0.1.0	-	qadv-arbiter-7x7-rust-lambda-v0.1.0	-	L	P	196
g1_aMQ7dxcqFHg1opa4EyBaze6GieYziDL9U8uV4GgQQ30	s1_6a7hq8P7ML1LgVUBQLTG5i-jNfnP6OSc7tl9J2A0m58	1unOj5	qadv-arbiter-7x7-rust-lambda-v0.1.0	-	qadv-arbiter-7x7-rust-lambda-v0.1.0	-	D	P	196
g1_aMQ7dxcqFHg1opa4EyBaze6GieYziDL9U8uV4GgQQ30	s1_IFPoz34clbXNfYny3be1VwVl8X6VzRTxG0hIDqGDadw	1unOj5	qadv-arbiter-7x7-rust-lambda-v0.1.0	-	qadv-arbiter-7x7-rust-lambda-v0.1.0	-	D	P	196
g1_aMQ7dxcqFHg1opa4EyBaze6GieYziDL9U8uV4GgQQ30	s1_RauLaTi4eVgYHSp2TV9pqs9uzTVv0B10g9TaHMWpcZ4	1unOj5	qadv-arbiter-7x7-rust-lambda-v0.1.0	-	qadv-arbiter-7x7-rust-lambda-v0.1.0	-	D	P	-
g1_aMQ7dxcqFHg1opa4EyBaze6GieYziDL9U8uV4GgQQ30	s1_hkfKlMN3r7hZQCwXkUoY96UjYp2wPTY7OgwIBJmz9Fk	1unOj5	qadv-arbiter-7x7-rust-lambda-v0.1.0	-	qadv-arbiter-7x7-rust-lambda-v0.1.0	-	D	P	196
g1_aMSSrgIt5Z8QtVlBXzEKN85glzqtlzipmvlTAgQZ_5g	s1_Qmoz3nLvbLcY_1rcqMtpMJDvTQydhL5cxUNWV6EhpMY	1umws6	qadv-arbiter-7x7-v0.1.0	sha256:8c548d06307572603b839755cc1e50393285365e10f82bcd90290ca65cd86266	qadv-arbiter-7x7-v0.1.0	sha256:8c548d06307572603b839755cc1e50393285365e10f82bcd90290ca65cd86266	L	P	196
g1_aMarH2uXIAvqMs86OmpqiiX4B5EwyF5d16kJj8ra5tI	s1_7FIu85-v_e-kbNsQ2UNk3yRt-KGcLyUjpmVwIc9cnfM	1umwNn	python-gnn-puct-scout-v0.1.0	sha256:b9f80706cc1f29076ee06fe06483697c749148a808c599579045d00a52573938	python-gnn-puct-scout-v0.1.0	sha256:b9f80706cc1f29076ee06fe06483697c749148a808c599579045d00a52573938	L	P	196
g1_aMarH2uXIAvqMs86OmpqiiX4B5EwyF5d16kJj8ra5tI	s1_S8AGNBNcWBvWiwIo-AOAHPoHuZo2XvcsYvhgQxGTkrY	1umwNn	python-gnn-puct-scout-v0.1.0	sha256:b9f80706cc1f29076ee06fe06483697c749148a808c599579045d00a52573938	python-gnn-puct-scout-v0.1.0	sha256:b9f80706cc1f29076ee06fe06483697c749148a808c599579045d00a52573938	L	P	196
g1_aMc2yu1Zm0FcYlpGcrwvtNlRwlSWJziAGwbJO1wCKOs	s1_13FUtMjCMul6NuRVuzYLSglUxnapA7plz5bkZTOxh5Y	1unPot	qadv-arbiter-7x7-rust-lambda-v0.1.0	-	qadv-arbiter-7x7-rust-lambda-v0.1.0	-	L	P	196
g1_aMc2yu1Zm0FcYlpGcrwvtNlRwlSWJziAGwbJO1wCKOs	s1_4ySuLbmHYGXixxe-uY4-PqJmVRKk1r4K1pbA1CFkbSc	1unPot	qadv-arbiter-7x7-rust-lambda-v0.1.0	-	qadv-arbiter-7x7-rust-lambda-v0.1.0	-	L	P	196
g1_aMc2yu1Zm0FcYlpGcrwvtNlRwlSWJziAGwbJO1wCKOs	s1_CPIjLgns8c8M7A53NmU_4XqDFHbgaD3HpWwIR0HsGPo	1unPot	qadv-arbiter-7x7-rust-lambda-v0.1.0	-	qadv-arbiter-7x7-rust-lambda-v0.1.0	-	L	P	196
g1_aMc2yu1Zm0FcYlpGcrwvtNlRwlSWJziAGwbJO1wCKOs	s1_RauLaTi4eVgYHSp2TV9pqs9uzTVv0B10g9TaHMWpcZ4	1unPot	qadv-arbiter-7x7-rust-lambda-v0.1.0	-	qadv-arbiter-7x7-rust-lambda-v0.1.0	-	L	P	-
g1_aMwRu3bbelMUDZACX2ojHQBAAJbOUhK8cpU8OnW1DoE	s1_5e51c0ROijxyQLsIUK-RQh1A7p94FaGx7BjQP4766o8	1unLo9	qadv-arbiter-7x7-rust-lambda-v0.1.0	-	qadv-arbiter-7x7-rust-lambda-v0.1.0	-	L	P	196
g1_aMwRu3bbelMUDZACX2ojHQBAAJbOUhK8cpU8OnW1DoE	s1_RauLaTi4eVgYHSp2TV9pqs9uzTVv0B10g9TaHMWpcZ4	1unLo9	qadv-arbiter-7x7-rust-lambda-v0.1.0	-	qadv-arbiter-7x7-rust-lambda-v0.1.0	-	L	P	-
g1_aMwRu3bbelMUDZACX2ojHQBAAJbOUhK8cpU8OnW1DoE	s1_Ue2wPCDVSq2w-d_cPFlE3Fw-C8ZcO-DXDqaY2TVagN0	1unLo9	qadv-arbiter-7x7-rust-lambda-v0.1.0	-	qadv-arbiter-7x7-rust-lambda-v0.1.0	-	L	P	196
g1_aMwRu3bbelMUDZACX2ojHQBAAJbOUhK8cpU8OnW1DoE	s1_tuiqn-y5Vw1UqxPvgdRxshRJd5M8sQMSgfFfBzjULD0	1unLo9	qadv-arbiter-7x7-rust-lambda-v0.1.0	-	qadv-arbiter-7x7-rust-lambda-v0.1.0	-	L	P	196
g1_aN0YKsRwBpb0ydtAw39XB6L2n0f9wtdTv2XDWu1D-kk	s1_1LB6NAgPOeCp4r8rQw4kUOIXWpEdWysFm5RZjWCQSgc	1umwR7	python-gnn-puct-learner-v0.1.0	sha256:ab0f739cd33d66781faf60e27797c5ccba3c04ba684f8d9e32e9c2754f4e8956	python-gnn-puct-learner-v0.1.0	sha256:ab0f739cd33d66781faf60e27797c5ccba3c04ba684f8d9e32e9c2754f4e8956	D	P	196
g1_aN0YKsRwBpb0ydtAw39XB6L2n0f9wtdTv2XDWu1D-kk	s1_P4NHYhwuVnEA-dG2X-UVeVotb84A5mwljbYTlTMqr8w	1umwR7	python-gnn-puct-learner-v0.1.0	sha256:ab0f739cd33d66781faf60e27797c5ccba3c04ba684f8d9e32e9c2754f4e8956	python-gnn-puct-learner-v0.1.0	sha256:ab0f739cd33d66781faf60e27797c5ccba3c04ba684f8d9e32e9c2754f4e8956	D	P	196
g1_aN1SOpSjIAdsRk70EUoKtMNm4WS223Iq3MDT4X0a-Zo	s1_qtlitMa-GGx-0y2heoyNRonYXf1Dq5epTexnVe9Iqtw	1umxgR	python-gnn-puct-learner-v0.1.0	sha256:ab0f739cd33d66781faf60e27797c5ccba3c04ba684f8d9e32e9c2754f4e8956	python-gnn-puct-learner-v0.1.0	sha256:ab0f739cd33d66781faf60e27797c5ccba3c04ba684f8d9e32e9c2754f4e8956	D	P	196
g1_aNA8VQ9qKqODjAgxZuFy-VwwvuLwyHA91SOE4PHC5bs	s1_KAC3pxmyaOg81KFVtyigqB9Vu-zUH6DzziTP-gL4vKQ	1unO_H	qadv-arbiter-7x7-rust-lambda-v0.1.0	-	qadv-arbiter-7x7-rust-lambda-v0.1.0	-	L	P	196
g1_aNA8VQ9qKqODjAgxZuFy-VwwvuLwyHA91SOE4PHC5bs	s1_RauLaTi4eVgYHSp2TV9pqs9uzTVv0B10g9TaHMWpcZ4	1unO_H	qadv-arbiter-7x7-rust-lambda-v0.1.0	-	qadv-arbiter-7x7-rust-lambda-v0.1.0	-	L	P	-
g1_aNA8VQ9qKqODjAgxZuFy-VwwvuLwyHA91SOE4PHC5bs	s1_UJmLOj7OVuS7o2d7wNDYvz0COWnViWniEWx5REXQ-aE	1unO_H	qadv-arbiter-7x7-rust-lambda-v0.1.0	-	qadv-arbiter-7x7-rust-lambda-v0.1.0	-	L	P	196
g1_aNA8VQ9qKqODjAgxZuFy-VwwvuLwyHA91SOE4PHC5bs	s1_dEwdtCvC3R8FPyI-81gDTlwskXXWxy2S_etvorWTPog	1unO_H	qadv-arbiter-7x7-rust-lambda-v0.1.0	-	qadv-arbiter-7x7-rust-lambda-v0.1.0	-	L	P	196
g1_aNAhFMIGh2WKSKlnhZ_RLrU4aEX71qs0xLJ6TQT1J_M	s1_flXyOBW6T9LLVDFIvXBGel1MoVNZcUcMFIJnB9yLapU	1umx9h	python-gnn-puct-reval30k-v0.1.0	sha256:6120be86fc469df71473c3de64e5e32f99694cd47d621fa5948f243dc51d3d21	python-gnn-puct-reval30k-v0.1.0	sha256:6120be86fc469df71473c3de64e5e32f99694cd47d621fa5948f243dc51d3d21	D	P	196
g1_aNEOvOyOZSXV4RtYySCMCkqSAgA97yN4Y9GaqMplIfA	s1_-OKlJXuPFfAnukwGYITjiU7XKL4OC_qt76PC0TZSPjg	1umvi6	python-cnn-puct-v0.1.0	sha256:7845e9b7687beee165dc36b8d21833b7a8b5a83e31b58b49bd05c277ba26e642	python-cnn-puct-v0.1.0	sha256:7845e9b7687beee165dc36b8d21833b7a8b5a83e31b58b49bd05c277ba26e642	D	P	196
g1_aNEOvOyOZSXV4RtYySCMCkqSAgA97yN4Y9GaqMplIfA	s1_1av6nXQkq-GSHXfjkVlGHGpAq8F9UbW4JwZmyFA-vww	1umvi6	python-cnn-puct-v0.1.0	sha256:7845e9b7687beee165dc36b8d21833b7a8b5a83e31b58b49bd05c277ba26e642	python-cnn-puct-v0.1.0	sha256:7845e9b7687beee165dc36b8d21833b7a8b5a83e31b58b49bd05c277ba26e642	D	P	196
g1_aNEOvOyOZSXV4RtYySCMCkqSAgA97yN4Y9GaqMplIfA	s1_Brk0hkuJoH-MBjdd53AO5tlWcOgDWV_R0PO74fHGd_0	1umvi6	python-cnn-puct-v0.1.0	sha256:7845e9b7687beee165dc36b8d21833b7a8b5a83e31b58b49bd05c277ba26e642	python-cnn-puct-v0.1.0	sha256:7845e9b7687beee165dc36b8d21833b7a8b5a83e31b58b49bd05c277ba26e642	D	P	196
g1_aNJpddIdVS0AwQDbBvhNqtKfR_CrkgFW_6pUQIYvdaY	s1_flXyOBW6T9LLVDFIvXBGel1MoVNZcUcMFIJnB9yLapU	1umx78	python-gnn-puct-reval30k-v0.1.0	sha256:6120be86fc469df71473c3de64e5e32f99694cd47d621fa5948f243dc51d3d21	python-gnn-puct-reval30k-v0.1.0	sha256:6120be86fc469df71473c3de64e5e32f99694cd47d621fa5948f243dc51d3d21	D	P	196
g1_aNLFla1iDLNQpZu0xIBqNxLAlTTj5Alx61Ps-cH6tN8	s1_34tCSDKEaeizee6qEtYPi9vz5t4uHVbMROr02T-0MXk	1unOaz	qadv-arbiter-7x7-rust-lambda-v0.1.0	-	qadv-arbiter-7x7-rust-lambda-v0.1.0	-	L	P	196
g1_aNLFla1iDLNQpZu0xIBqNxLAlTTj5Alx61Ps-cH6tN8	s1_RauLaTi4eVgYHSp2TV9pqs9uzTVv0B10g9TaHMWpcZ4	1unOaz	qadv-arbiter-7x7-rust-lambda-v0.1.0	-	qadv-arbiter-7x7-rust-lambda-v0.1.0	-	L	P	-
g1_aNLFla1iDLNQpZu0xIBqNxLAlTTj5Alx61Ps-cH6tN8	s1_Vq7VBA8utODl43NTTwE0l2n6ZIJIXCejvpw_sWVI_A8	1unOaz	qadv-arbiter-7x7-rust-lambda-v0.1.0	-	qadv-arbiter-7x7-rust-lambda-v0.1.0	-	L	P	196
g1_aNLFla1iDLNQpZu0xIBqNxLAlTTj5Alx61Ps-cH6tN8	s1_xvNuN1uUDysZEuAwOV-iLGhVxDAsS8w3HxDHHn2CfLM	1unOaz	qadv-arbiter-7x7-rust-lambda-v0.1.0	-	qadv-arbiter-7x7-rust-lambda-v0.1.0	-	L	P	196
g1_aNR9FG4-BPoS5i1IbyJMF79RhQYnpSln2fdNk2TYxi4	s1_Qmoz3nLvbLcY_1rcqMtpMJDvTQydhL5cxUNWV6EhpMY	1umwup	qadv-arbiter-7x7-v0.1.0	sha256:8c548d06307572603b839755cc1e50393285365e10f82bcd90290ca65cd86266	qadv-arbiter-7x7-v0.1.0	sha256:8c548d06307572603b839755cc1e50393285365e10f82bcd90290ca65cd86266	D	P	196
g1_aNpXfCY5ncsAP8hxfVfi6kOE4xpcd8bevcQ87o-z8pE	s1_WVg7aYYLIrw6_-2mI3jQ-DPcLO4gX2sPEEqWQb0DGQA	1umxH8	python-cnn-puct-reval30k-v0.1.0	sha256:eb2600a53e225a835455efdb2759c40e27c5cb3c16ab0688bc21b99290ed10ee	python-cnn-puct-reval30k-v0.1.0	sha256:eb2600a53e225a835455efdb2759c40e27c5cb3c16ab0688bc21b99290ed10ee	D	P	196
g1_aNq4-2k_viyWxOEiBEvzLTwvTmUQ00RphEP7AzEB4Os	s1_RauLaTi4eVgYHSp2TV9pqs9uzTVv0B10g9TaHMWpcZ4	1unNPO	qadv-arbiter-7x7-rust-qadv-v0.1.0	-	qadv-arbiter-7x7-rust-qadv-v0.1.0	-	D	P	-
g1_aNq4-2k_viyWxOEiBEvzLTwvTmUQ00RphEP7AzEB4Os	s1_YCYL4JGbJe3LLv7k-iJ6pbPySiqepEOGl4lpdcYy1nU	1unNPO	qadv-arbiter-7x7-rust-qadv-v0.1.0	-	qadv-arbiter-7x7-rust-qadv-v0.1.0	-	D	P	196
g1_aNq4-2k_viyWxOEiBEvzLTwvTmUQ00RphEP7AzEB4Os	s1_epqAqazmPdiKOChOgE1WXjK94I0cCTWPvKceazakczE	1unNPO	qadv-arbiter-7x7-rust-qadv-v0.1.0	-	qadv-arbiter-7x7-rust-qadv-v0.1.0	-	D	P	196
g1_aOAB3HS_dcdYr5cZ8lbzYvZN5Wr3zINnK_-8hs8qr6w	s1_2XSQcj-Ak-eZY1JXXCOtTtZdr6Pf1yFnOhS1an9GQfQ	1unPri	qadv-arbiter-7x7-rust-lambda-v0.1.0	-	qadv-arbiter-7x7-rust-lambda-v0.1.0	-	D	P	196
g1_aOAB3HS_dcdYr5cZ8lbzYvZN5Wr3zINnK_-8hs8qr6w	s1_63CL9jnVsJ5yuAQA2NoDXSJdlMw00BHpxbK5FBlcg7o	1unPri	qadv-arbiter-7x7-rust-lambda-v0.1.0	-	qadv-arbiter-7x7-rust-lambda-v0.1.0	-	D	P	196
g1_aOAB3HS_dcdYr5cZ8lbzYvZN5Wr3zINnK_-8hs8qr6w	s1_8IhQ9UYkWoPiy7GTSTfeqjIxrfIt8kq0z4Nh1qnXIlY	1unPri	qadv-arbiter-7x7-rust-lambda-v0.1.0	-	qadv-arbiter-7x7-rust-lambda-v0.1.0	-	D	P	196
g1_aOAB3HS_dcdYr5cZ8lbzYvZN5Wr3zINnK_-8hs8qr6w	s1_RauLaTi4eVgYHSp2TV9pqs9uzTVv0B10g9TaHMWpcZ4	1unPri	qadv-arbiter-7x7-rust-lambda-v0.1.0	-	qadv-arbiter-7x7-rust-lambda-v0.1.0	-	D	P	-
g1_aOOw0CPTN9xVGne58O0Gl4TWMDbmpLhlzxpVLUhjCD0	s1_18HLwUdYKg7tg7JSRVtwLqMFvwaaOgHhDPcEPk6Qoys	1unN1a	qadv-arbiter-7x7-rust-lambda-v0.1.0	-	qadv-arbiter-7x7-rust-lambda-v0.1.0	-	D	P	196
g1_aOOw0CPTN9xVGne58O0Gl4TWMDbmpLhlzxpVLUhjCD0	s1_RauLaTi4eVgYHSp2TV9pqs9uzTVv0B10g9TaHMWpcZ4	1unN1a	qadv-arbiter-7x7-rust-lambda-v0.1.0	-	qadv-arbiter-7x7-rust-lambda-v0.1.0	-	D	P	-
g1_aOOw0CPTN9xVGne58O0Gl4TWMDbmpLhlzxpVLUhjCD0	s1_Yu9yivvVjEppFlh7PN1J2orVlvOcoFCtUEm_4K5KWxU	1unN1a	qadv-arbiter-7x7-rust-lambda-v0.1.0	-	qadv-arbiter-7x7-rust-lambda-v0.1.0	-	D	P	196
g1_aOOw0CPTN9xVGne58O0Gl4TWMDbmpLhlzxpVLUhjCD0	s1_bOPS5dCXj6ripxCNVumgFHcgLZcdMZvkynE5VnuGG6U	1unN1a	qadv-arbiter-7x7-rust-lambda-v0.1.0	-	qadv-arbiter-7x7-rust-lambda-v0.1.0	-	D	P	196
g1_aOcN0mi9rvCbaW-8GGUCx4sWFSrTx6QQjwOd8o9WrwQ	s1_3li27amBaBTxVpbSUAwCbizIjeCy8LQ0PAkCUCGSex4	1unOaJ	qadv-arbiter-7x7-rust-lambda-v0.1.0	-	qadv-arbiter-7x7-rust-lambda-v0.1.0	-	L	P	196
g1_aOcN0mi9rvCbaW-8GGUCx4sWFSrTx6QQjwOd8o9WrwQ	s1_RauLaTi4eVgYHSp2TV9pqs9uzTVv0B10g9TaHMWpcZ4	1unOaJ	qadv-arbiter-7x7-rust-lambda-v0.1.0	-	qadv-arbiter-7x7-rust-lambda-v0.1.0	-	L	P	-
g1_aOcN0mi9rvCbaW-8GGUCx4sWFSrTx6QQjwOd8o9WrwQ	s1_SZQ5eXtB79J1-ByyjDncV2nIL9DTnU6qDcYmlHGpvuo	1unOaJ	qadv-arbiter-7x7-rust-lambda-v0.1.0	-	qadv-arbiter-7x7-rust-lambda-v0.1.0	-	L	P	196
g1_aOcN0mi9rvCbaW-8GGUCx4sWFSrTx6QQjwOd8o9WrwQ	s1_iOK127NVj3KMyV9MT99zPpameLJtJYlrwQQsYTb61SY	1unOaJ	qadv-arbiter-7x7-rust-lambda-v0.1.0	-	qadv-arbiter-7x7-rust-lambda-v0.1.0	-	L	P	196
g1_aOtXTr6nWOWnZZt82SIQKdz9nDkXcj14oUDkSlKXc28	s1_RauLaTi4eVgYHSp2TV9pqs9uzTVv0B10g9TaHMWpcZ4	1unMYT	qadv-arbiter-7x7-rust-lambda-v0.1.0	-	qadv-arbiter-7x7-rust-lambda-v0.1.0	-	D	P	-
g1_aOtXTr6nWOWnZZt82SIQKdz9nDkXcj14oUDkSlKXc28	s1__CjfsFpY4EXqovu2CsA323jdl9Ns6o9KNvA8JsutE1I	1unMYT	qadv-arbiter-7x7-rust-lambda-v0.1.0	-	qadv-arbiter-7x7-rust-lambda-v0.1.0	-	D	P	196
g1_aOtXTr6nWOWnZZt82SIQKdz9nDkXcj14oUDkSlKXc28	s1_d0MO7prHR9M8rUGrqcdQLqw3M8t103WbhcqWxyw38bA	1unMYT	qadv-arbiter-7x7-rust-lambda-v0.1.0	-	qadv-arbiter-7x7-rust-lambda-v0.1.0	-	D	P	196
g1_aOtXTr6nWOWnZZt82SIQKdz9nDkXcj14oUDkSlKXc28	s1_p7D3yh90Z9rpzcrapON58E9MSeK3q9ovYcza1FMoNLQ	1unMYT	qadv-arbiter-7x7-rust-lambda-v0.1.0	-	qadv-arbiter-7x7-rust-lambda-v0.1.0	-	D	P	196
g1_aOwGdjqbxf7si-_-4YBDoCQVltOwwz2VONPuqa7sHVw	s1_04jb8nZqjvNzBtVTte2IndtOZm-lKHyQFUs-AF3d72M	1unN9c	qadv-arbiter-7x7-rust-lambda-v0.1.0	-	qadv-arbiter-7x7-rust-lambda-v0.1.0	-	D	P	196
g1_aOwGdjqbxf7si-_-4YBDoCQVltOwwz2VONPuqa7sHVw	s1_RauLaTi4eVgYHSp2TV9pqs9uzTVv0B10g9TaHMWpcZ4	1unN9c	qadv-arbiter-7x7-rust-lambda-v0.1.0	-	qadv-arbiter-7x7-rust-lambda-v0.1.0	-	D	P	-
g1_aOwGdjqbxf7si-_-4YBDoCQVltOwwz2VONPuqa7sHVw	s1_XHoaKU1--ES-tPMCZoOzR21w6MogTXbD7b9m15Brtjs	1unN9c	qadv-arbiter-7x7-rust-lambda-v0.1.0	-	qadv-arbiter-7x7-rust-lambda-v0.1.0	-	D	P	196
g1_aOwGdjqbxf7si-_-4YBDoCQVltOwwz2VONPuqa7sHVw	s1_tNPTPfk3Otad-2nMFkEE3Xs22NbR-bsesw9ZVK4SYYo	1unN9c	qadv-arbiter-7x7-rust-lambda-v0.1.0	-	qadv-arbiter-7x7-rust-lambda-v0.1.0	-	D	P	196
g1_aOwljepq5DcLrbHnqHH_4nU_vIynz1068ZDg410_TrM	s1_qtlitMa-GGx-0y2heoyNRonYXf1Dq5epTexnVe9Iqtw	1umxWE	python-gnn-puct-learner-v0.1.0	sha256:ab0f739cd33d66781faf60e27797c5ccba3c04ba684f8d9e32e9c2754f4e8956	python-gnn-puct-learner-v0.1.0	sha256:ab0f739cd33d66781faf60e27797c5ccba3c04ba684f8d9e32e9c2754f4e8956	D	P	196
g1_aPZKKuAgBemtPlAq_ovD_6XWCUsNo_CnVla_6-cOXck	s1_RauLaTi4eVgYHSp2TV9pqs9uzTVv0B10g9TaHMWpcZ4	1unOIA	qadv-arbiter-7x7-rust-lambda-v0.1.0	-	qadv-arbiter-7x7-rust-lambda-v0.1.0	-	D	P	-
g1_aPZKKuAgBemtPlAq_ovD_6XWCUsNo_CnVla_6-cOXck	s1_wWzGUWZPpSMZcHAwhKcJFDtBedxL9-kLqPg5qsJ3Jck	1unOIA	qadv-arbiter-7x7-rust-lambda-v0.1.0	-	qadv-arbiter-7x7-rust-lambda-v0.1.0	-	D	P	196
g1_aPZKKuAgBemtPlAq_ovD_6XWCUsNo_CnVla_6-cOXck	s1_wtgRSCTq74jwxe-9MBG4VwxJV07LbWJviyo1hwZKFs0	1unOIA	qadv-arbiter-7x7-rust-lambda-v0.1.0	-	qadv-arbiter-7x7-rust-lambda-v0.1.0	-	D	P	196
g1_aPZKKuAgBemtPlAq_ovD_6XWCUsNo_CnVla_6-cOXck	s1_ypDjNSaPSV9ChjSKVPjmC49EDlR42ETGNK7q2uS9vsQ	1unOIA	qadv-arbiter-7x7-rust-lambda-v0.1.0	-	qadv-arbiter-7x7-rust-lambda-v0.1.0	-	D	P	196
g1_aPcALE1-LN1yOxj9fmrSZ2KCjatuavXtQ8djY-8dW3A	s1_WVg7aYYLIrw6_-2mI3jQ-DPcLO4gX2sPEEqWQb0DGQA	1umxMn	python-cnn-puct-reval30k-v0.1.0	sha256:eb2600a53e225a835455efdb2759c40e27c5cb3c16ab0688bc21b99290ed10ee	python-cnn-puct-reval30k-v0.1.0	sha256:eb2600a53e225a835455efdb2759c40e27c5cb3c16ab0688bc21b99290ed10ee	L	P	196
g1_aPdYiKh6NHExxWFqW8lrW9kygYhWW0DmCUEE_m0woAA	s1_1LB6NAgPOeCp4r8rQw4kUOIXWpEdWysFm5RZjWCQSgc	1umwZt	python-gnn-puct-learner-v0.1.0	sha256:ab0f739cd33d66781faf60e27797c5ccba3c04ba684f8d9e32e9c2754f4e8956	python-gnn-puct-learner-v0.1.0	sha256:ab0f739cd33d66781faf60e27797c5ccba3c04ba684f8d9e32e9c2754f4e8956	D	P	196
g1_aPdYiKh6NHExxWFqW8lrW9kygYhWW0DmCUEE_m0woAA	s1_P4NHYhwuVnEA-dG2X-UVeVotb84A5mwljbYTlTMqr8w	1umwZt	python-gnn-puct-learner-v0.1.0	sha256:ab0f739cd33d66781faf60e27797c5ccba3c04ba684f8d9e32e9c2754f4e8956	python-gnn-puct-learner-v0.1.0	sha256:ab0f739cd33d66781faf60e27797c5ccba3c04ba684f8d9e32e9c2754f4e8956	D	P	196
g1_aPgGl0nF4MzRQYfd0KEgNl8Fbr6MexQafSJ_XjJNrbs	s1_O3cuwuia8XT9TI7Nxr3tRcajOA20XFHEIT2fYX3WizY	1un4fs	qadv-arbiter-guided-7x7-v0.2.0	sha256:9c0e5e530df7db77a98f6a2e75fe63a6f629c6ad6563e0b5454793ebc243b14d	surveyor-v0.2.0	-	L	P	196
g1_aPgGl0nF4MzRQYfd0KEgNl8Fbr6MexQafSJ_XjJNrbs	s1_emJec2v0tFw2IkI46lobwl3MLElw58NqRX9QnSWPQGc	1un4fs	qadv-arbiter-guided-7x7-v0.2.0	sha256:9c0e5e530df7db77a98f6a2e75fe63a6f629c6ad6563e0b5454793ebc243b14d	surveyor-v0.2.0	-	L	P	196
g1_aPgGl0nF4MzRQYfd0KEgNl8Fbr6MexQafSJ_XjJNrbs	s1_iKf_jQ0552THmC-XWhe7eFzF6uRP9RxtLWuha32VvUg	1un4fs	qadv-arbiter-guided-7x7-v0.2.0	sha256:9c0e5e530df7db77a98f6a2e75fe63a6f629c6ad6563e0b5454793ebc243b14d	surveyor-v0.2.0	-	L	P	196
g1_aPiewF9TjmCiJBIz6CPVkwvvjasVWuWB64jCh2Ui-sc	s1_GudhhfqsVc57-qR-itvEhRm_l34JPgX16-pqYauvqD0	1unPYJ	qadv-arbiter-7x7-rust-lambda-v0.1.0	-	qadv-arbiter-7x7-rust-lambda-v0.1.0	-	D	P	196
g1_aPiewF9TjmCiJBIz6CPVkwvvjasVWuWB64jCh2Ui-sc	s1_MNJf52OgtqlIUArRXueHJElA-_99j6YikjMiCSf5IUo	1unPYJ	qadv-arbiter-7x7-rust-lambda-v0.1.0	-	qadv-arbiter-7x7-rust-lambda-v0.1.0	-	D	P	196
g1_aPiewF9TjmCiJBIz6CPVkwvvjasVWuWB64jCh2Ui-sc	s1_RauLaTi4eVgYHSp2TV9pqs9uzTVv0B10g9TaHMWpcZ4	1unPYJ	qadv-arbiter-7x7-rust-lambda-v0.1.0	-	qadv-arbiter-7x7-rust-lambda-v0.1.0	-	D	P	-
g1_aPiewF9TjmCiJBIz6CPVkwvvjasVWuWB64jCh2Ui-sc	s1_kU3PxqhrfFZ0Aq-JX41ZLtVpKmAPGNI1K3g5dc7oZZE	1unPYJ	qadv-arbiter-7x7-rust-lambda-v0.1.0	-	qadv-arbiter-7x7-rust-lambda-v0.1.0	-	D	P	196
g1_aPrvCCamuxVjiO8MddnVnxIxcEOWvUM_CEZ_jtxp9sA	s1_2FtaP75xgRVTNrUvmC0NIesJCNy8IDFJ05WNM4nUnpg	1unQv4	qadv-arbiter-7x7-v0.1.0	-	surveyor-v0.2.0	-	D	P	196
g1_aPrvCCamuxVjiO8MddnVnxIxcEOWvUM_CEZ_jtxp9sA	s1_MN_QVWBBLojmav6mJFyjLKSzmvFxJM3qvH0_WZIFWC0	1unQv4	qadv-arbiter-7x7-v0.1.0	-	surveyor-v0.2.0	-	D	P	196
g1_aPrvCCamuxVjiO8MddnVnxIxcEOWvUM_CEZ_jtxp9sA	s1_PKkm5dh2F8XjFJ5BuBrQ6UVDI2OPiBSIvX3hUqJc9Y4	1unQv4	qadv-arbiter-7x7-v0.1.0	-	surveyor-v0.2.0	-	D	P	196
g1_aPrvCCamuxVjiO8MddnVnxIxcEOWvUM_CEZ_jtxp9sA	s1_RauLaTi4eVgYHSp2TV9pqs9uzTVv0B10g9TaHMWpcZ4	1unQv4	qadv-arbiter-7x7-v0.1.0	-	surveyor-v0.2.0	-	D	P	-
g1_aQDsKycYvVk82hMXkU_hF2I832lHO6zhBjl3DAcxzok	s1_1av6nXQkq-GSHXfjkVlGHGpAq8F9UbW4JwZmyFA-vww	1DIW4	python-gnn-puct-v0.1.0	sha256:6f9ad6e4a0993da3cf34a8549e86f9b5d512c51e11bfa76dfe051e7a8801bdac	python-gnn-puct-v0.1.0	sha256:6f9ad6e4a0993da3cf34a8549e86f9b5d512c51e11bfa76dfe051e7a8801bdac	-	M	196
g1_aQDsKycYvVk82hMXkU_hF2I832lHO6zhBjl3DAcxzok	s1_Brk0hkuJoH-MBjdd53AO5tlWcOgDWV_R0PO74fHGd_0	1DIW4	python-gnn-puct-v0.1.0	sha256:6f9ad6e4a0993da3cf34a8549e86f9b5d512c51e11bfa76dfe051e7a8801bdac	python-gnn-puct-v0.1.0	sha256:6f9ad6e4a0993da3cf34a8549e86f9b5d512c51e11bfa76dfe051e7a8801bdac	-	M	196
g1_aQDsKycYvVk82hMXkU_hF2I832lHO6zhBjl3DAcxzok	s1_KmF8KhDbubz6lwdS8R_n_yTGdSONmH9B1wUABbyCj94	1DIW4	python-gnn-puct-v0.1.0	sha256:6f9ad6e4a0993da3cf34a8549e86f9b5d512c51e11bfa76dfe051e7a8801bdac	python-gnn-puct-v0.1.0	sha256:6f9ad6e4a0993da3cf34a8549e86f9b5d512c51e11bfa76dfe051e7a8801bdac	-	M	196
g1_aQDsKycYvVk82hMXkU_hF2I832lHO6zhBjl3DAcxzok	s1_g5pGkHBMEhzAYvwFY0b24sSc7wC9JfnWApMHHZ_aMPI	1DIW4	python-gnn-puct-v0.1.0	sha256:6f9ad6e4a0993da3cf34a8549e86f9b5d512c51e11bfa76dfe051e7a8801bdac	python-gnn-puct-v0.1.0	sha256:6f9ad6e4a0993da3cf34a8549e86f9b5d512c51e11bfa76dfe051e7a8801bdac	-	M	196
g1_aQDsKycYvVk82hMXkU_hF2I832lHO6zhBjl3DAcxzok	s1_tol_POp6BcgBLMWq8iDfRBQSAXpESHxFwmcCQYXv0yQ	1DIW4	python-gnn-puct-v0.1.0	sha256:6f9ad6e4a0993da3cf34a8549e86f9b5d512c51e11bfa76dfe051e7a8801bdac	python-gnn-puct-v0.1.0	sha256:6f9ad6e4a0993da3cf34a8549e86f9b5d512c51e11bfa76dfe051e7a8801bdac	-	M	196
g1_aQSvYUhk9TQj6HtR0BwXq-CfdF1-lBn7XNWtpkgX_vo	s1_BplgEe6s02bgeTulT2-kiiNjodelEXDgdUZoVr3feZA	1umwB5	rust-pathfinder-v0.3.0	-	rust-pathfinder-onnx-sorter-v0.1.0	-	D	P	120
g1_aQUZ09SKJa6gKXpsDAADK0eLMHM9PYoXXuY0rKg8Ku8	s1_7FIu85-v_e-kbNsQ2UNk3yRt-KGcLyUjpmVwIc9cnfM	1umwMy	python-gnn-puct-scout-v0.1.0	sha256:b9f80706cc1f29076ee06fe06483697c749148a808c599579045d00a52573938	python-gnn-puct-scout-v0.1.0	sha256:b9f80706cc1f29076ee06fe06483697c749148a808c599579045d00a52573938	D	P	196
g1_aQUZ09SKJa6gKXpsDAADK0eLMHM9PYoXXuY0rKg8Ku8	s1_S8AGNBNcWBvWiwIo-AOAHPoHuZo2XvcsYvhgQxGTkrY	1umwMy	python-gnn-puct-scout-v0.1.0	sha256:b9f80706cc1f29076ee06fe06483697c749148a808c599579045d00a52573938	python-gnn-puct-scout-v0.1.0	sha256:b9f80706cc1f29076ee06fe06483697c749148a808c599579045d00a52573938	D	P	196
g1_aQXkIHjoY9lKlFOzTAKMhlf6UCB06fFR55S5LehYI2U	s1_8jKj3BB35u63eOZAzucf0WmYTYANdBa0T_C13oxIIqo	1unOXQ	qadv-arbiter-7x7-rust-lambda-v0.1.0	-	qadv-arbiter-7x7-rust-lambda-v0.1.0	-	L	P	196
g1_aQXkIHjoY9lKlFOzTAKMhlf6UCB06fFR55S5LehYI2U	s1_RauLaTi4eVgYHSp2TV9pqs9uzTVv0B10g9TaHMWpcZ4	1unOXQ	qadv-arbiter-7x7-rust-lambda-v0.1.0	-	qadv-arbiter-7x7-rust-lambda-v0.1.0	-	L	P	-
g1_aQXkIHjoY9lKlFOzTAKMhlf6UCB06fFR55S5LehYI2U	s1_YXScCa9uOov7phtRhw1Rs7uxqGxTROLRvK9LbbgEi-A	1unOXQ	qadv-arbiter-7x7-rust-lambda-v0.1.0	-	qadv-arbiter-7x7-rust-lambda-v0.1.0	-	L	P	196
g1_aQXkIHjoY9lKlFOzTAKMhlf6UCB06fFR55S5LehYI2U	s1_uiI9gVG0ZWV1hJb3J9vsIjF2gBaPbTU5B6zj1oc6YTU	1unOXQ	qadv-arbiter-7x7-rust-lambda-v0.1.0	-	qadv-arbiter-7x7-rust-lambda-v0.1.0	-	L	P	196
g1_aQfQRQVHML_Qy5QMFIR1Cen20CWCgy1LHdPJvZMzilM	s1_0AyUK1Ps4Run7VjYUXP0LvHpZRXf88ayuAg4jkEgJFA	1unQlE	qadv-arbiter-7x7-v0.1.0	-	pathfinder-v0.3.0	-	D	P	196
g1_aQfQRQVHML_Qy5QMFIR1Cen20CWCgy1LHdPJvZMzilM	s1_2FtaP75xgRVTNrUvmC0NIesJCNy8IDFJ05WNM4nUnpg	1unQlE	qadv-arbiter-7x7-v0.1.0	-	pathfinder-v0.3.0	-	D	P	196
g1_aQfQRQVHML_Qy5QMFIR1Cen20CWCgy1LHdPJvZMzilM	s1_RauLaTi4eVgYHSp2TV9pqs9uzTVv0B10g9TaHMWpcZ4	1unQlE	qadv-arbiter-7x7-v0.1.0	-	pathfinder-v0.3.0	-	D	P	-
g1_aQfQRQVHML_Qy5QMFIR1Cen20CWCgy1LHdPJvZMzilM	s1_fE9dWyS28bncvYi8WK3yCjiVdWl7TerbwDxgX4KPLDs	1unQlE	qadv-arbiter-7x7-v0.1.0	-	pathfinder-v0.3.0	-	D	P	196
g1_aQzhjr4cWLmDuTeFdDxu_08f4rF1az2FXf2Vp8-YHHc	s1_-OKlJXuPFfAnukwGYITjiU7XKL4OC_qt76PC0TZSPjg	1umvbo	python-cnn-puct-v0.1.0	sha256:7845e9b7687beee165dc36b8d21833b7a8b5a83e31b58b49bd05c277ba26e642	python-cnn-puct-v0.1.0	sha256:7845e9b7687beee165dc36b8d21833b7a8b5a83e31b58b49bd05c277ba26e642	-	M	196
g1_aQzhjr4cWLmDuTeFdDxu_08f4rF1az2FXf2Vp8-YHHc	s1_1av6nXQkq-GSHXfjkVlGHGpAq8F9UbW4JwZmyFA-vww	1umvbo	python-cnn-puct-v0.1.0	sha256:7845e9b7687beee165dc36b8d21833b7a8b5a83e31b58b49bd05c277ba26e642	python-cnn-puct-v0.1.0	sha256:7845e9b7687beee165dc36b8d21833b7a8b5a83e31b58b49bd05c277ba26e642	-	M	196
g1_aQzhjr4cWLmDuTeFdDxu_08f4rF1az2FXf2Vp8-YHHc	s1_Brk0hkuJoH-MBjdd53AO5tlWcOgDWV_R0PO74fHGd_0	1umvbo	python-cnn-puct-v0.1.0	sha256:7845e9b7687beee165dc36b8d21833b7a8b5a83e31b58b49bd05c277ba26e642	python-cnn-puct-v0.1.0	sha256:7845e9b7687beee165dc36b8d21833b7a8b5a83e31b58b49bd05c277ba26e642	-	M	196
g1_aR5-vekhEmHcNnynfQpUhj-CyjwINojjJ2c0c-tqGtA	s1_1g9IWkatiQYcxqthjhkfJFipBaVjjV-kpC0dNzu-5g0	1unPgJ	qadv-arbiter-7x7-rust-lambda-v0.1.0	-	qadv-arbiter-7x7-rust-lambda-v0.1.0	-	L	P	196
g1_aR5-vekhEmHcNnynfQpUhj-CyjwINojjJ2c0c-tqGtA	s1_Q9wQwDTx2690Qg27cdi04yxE9cdpE8b_ecpgHFSf060	1unPgJ	qadv-arbiter-7x7-rust-lambda-v0.1.0	-	qadv-arbiter-7x7-rust-lambda-v0.1.0	-	L	P	196
g1_aR5-vekhEmHcNnynfQpUhj-CyjwINojjJ2c0c-tqGtA	s1_RauLaTi4eVgYHSp2TV9pqs9uzTVv0B10g9TaHMWpcZ4	1unPgJ	qadv-arbiter-7x7-rust-lambda-v0.1.0	-	qadv-arbiter-7x7-rust-lambda-v0.1.0	-	L	P	-
g1_aR5-vekhEmHcNnynfQpUhj-CyjwINojjJ2c0c-tqGtA	s1_vJHc3px987wvpalYaazyh_w7nr9S53w6lVpvztC-KU8	1unPgJ	qadv-arbiter-7x7-rust-lambda-v0.1.0	-	qadv-arbiter-7x7-rust-lambda-v0.1.0	-	L	P	196
g1_aR98Kq-XHlaJv5mCX2NLGKtxdxnON0vCaRS48xtzg3Y	s1_1av6nXQkq-GSHXfjkVlGHGpAq8F9UbW4JwZmyFA-vww	1umvTa	python-gnn-puct-learner-v0.1.0	sha256:ab0f739cd33d66781faf60e27797c5ccba3c04ba684f8d9e32e9c2754f4e8956	python-gnn-puct-learner-v0.1.0	sha256:ab0f739cd33d66781faf60e27797c5ccba3c04ba684f8d9e32e9c2754f4e8956	-	M	196
g1_aR98Kq-XHlaJv5mCX2NLGKtxdxnON0vCaRS48xtzg3Y	s1_Brk0hkuJoH-MBjdd53AO5tlWcOgDWV_R0PO74fHGd_0	1umvTa	python-gnn-puct-learner-v0.1.0	sha256:ab0f739cd33d66781faf60e27797c5ccba3c04ba684f8d9e32e9c2754f4e8956	python-gnn-puct-learner-v0.1.0	sha256:ab0f739cd33d66781faf60e27797c5ccba3c04ba684f8d9e32e9c2754f4e8956	-	M	196
g1_aR98Kq-XHlaJv5mCX2NLGKtxdxnON0vCaRS48xtzg3Y	s1_QBFUsDtxokERlDOdQkleYbPvhJ-vIp2qmp6DXjS-7oM	1umvTa	python-gnn-puct-learner-v0.1.0	sha256:ab0f739cd33d66781faf60e27797c5ccba3c04ba684f8d9e32e9c2754f4e8956	python-gnn-puct-learner-v0.1.0	sha256:ab0f739cd33d66781faf60e27797c5ccba3c04ba684f8d9e32e9c2754f4e8956	-	M	196
g1_aRDHjlp3rgXY9XI2NGei1Op8qjYPiox5mU_ioo9xwfU	s1_1LB6NAgPOeCp4r8rQw4kUOIXWpEdWysFm5RZjWCQSgc	1umwYl	python-gnn-puct-learner-v0.1.0	sha256:ab0f739cd33d66781faf60e27797c5ccba3c04ba684f8d9e32e9c2754f4e8956	python-gnn-puct-learner-v0.1.0	sha256:ab0f739cd33d66781faf60e27797c5ccba3c04ba684f8d9e32e9c2754f4e8956	L	P	196
g1_aRDHjlp3rgXY9XI2NGei1Op8qjYPiox5mU_ioo9xwfU	s1_P4NHYhwuVnEA-dG2X-UVeVotb84A5mwljbYTlTMqr8w	1umwYl	python-gnn-puct-learner-v0.1.0	sha256:ab0f739cd33d66781faf60e27797c5ccba3c04ba684f8d9e32e9c2754f4e8956	python-gnn-puct-learner-v0.1.0	sha256:ab0f739cd33d66781faf60e27797c5ccba3c04ba684f8d9e32e9c2754f4e8956	L	P	196
g1_aRMljI2kmEnXKvXdaPgW4Zz1CUCvA8NTcJDUI7N6MvE	s1_pz791mBLK9gCxlmvM7C8kcD10pikcBIN4FZ0Kf_TgTs	1hsqAT	lunatic-v0.1.0	-	pathfinder-v0.3.0	-	D	P	180
g1_aRRhFUWa0m7LN3ce-wJHPwq3FkoOcbVF-JJuc-9oI6g	s1_N07vkUFLJoL5wckAflvVd7JBafvsSXdp3bvKg5W05BQ	1unMym	qadv-arbiter-7x7-rust-lambda-v0.1.0	-	qadv-arbiter-7x7-rust-lambda-v0.1.0	-	D	P	196
g1_aRRhFUWa0m7LN3ce-wJHPwq3FkoOcbVF-JJuc-9oI6g	s1_RauLaTi4eVgYHSp2TV9pqs9uzTVv0B10g9TaHMWpcZ4	1unMym	qadv-arbiter-7x7-rust-lambda-v0.1.0	-	qadv-arbiter-7x7-rust-lambda-v0.1.0	-	D	P	-
g1_aRRhFUWa0m7LN3ce-wJHPwq3FkoOcbVF-JJuc-9oI6g	s1_f6Hwdka337JonZ2QLEEZXNHX0VD0IIV6-iJBs0UfSJ8	1unMym	qadv-arbiter-7x7-rust-lambda-v0.1.0	-	qadv-arbiter-7x7-rust-lambda-v0.1.0	-	D	P	196
g1_aRRhFUWa0m7LN3ce-wJHPwq3FkoOcbVF-JJuc-9oI6g	s1_lB6fX-8ShsRFR31QI50OiHpkMxV-XdSdXVkQ3rNyU9Y	1unMym	qadv-arbiter-7x7-rust-lambda-v0.1.0	-	qadv-arbiter-7x7-rust-lambda-v0.1.0	-	D	P	196
g1_aRSHVP2zb0wHZq0qj3ZWV5AGX6osuzoL_Nzh96Ywpfc	s1_RauLaTi4eVgYHSp2TV9pqs9uzTVv0B10g9TaHMWpcZ4	1unMbr	qadv-arbiter-7x7-rust-lambda-v0.1.0	-	qadv-arbiter-7x7-rust-lambda-v0.1.0	-	L	P	-
g1_aRSHVP2zb0wHZq0qj3ZWV5AGX6osuzoL_Nzh96Ywpfc	s1_XixFDBxHN15Lzb2atjT9yRzXA__8_KpuT5wUtmqYsvg	1unMbr	qadv-arbiter-7x7-rust-lambda-v0.1.0	-	qadv-arbiter-7x7-rust-lambda-v0.1.0	-	L	P	196
g1_aRSHVP2zb0wHZq0qj3ZWV5AGX6osuzoL_Nzh96Ywpfc	s1_ZJ_EtfzR7mHKDhwo1KbZZTGc4WL_37Pf8m5WseyWsgM	1unMbr	qadv-arbiter-7x7-rust-lambda-v0.1.0	-	qadv-arbiter-7x7-rust-lambda-v0.1.0	-	L	P	196
g1_aRSHVP2zb0wHZq0qj3ZWV5AGX6osuzoL_Nzh96Ywpfc	s1_ky7cKS0Doe9pYxcOrHOr5033kXAUn_6AgrMdEC-e490	1unMbr	qadv-arbiter-7x7-rust-lambda-v0.1.0	-	qadv-arbiter-7x7-rust-lambda-v0.1.0	-	L	P	196
g1_aRU1Tijbo_WeOb8yo2lP2wBDiapAUPMo7yj6f8pxPdk	s1_CyZergBgdDO6EE-fsLpdtkBQst0MNBBYa-NTEIEhhko	1unN3t	qadv-arbiter-7x7-rust-lambda-v0.1.0	-	qadv-arbiter-7x7-rust-lambda-v0.1.0	-	L	P	196
g1_aRU1Tijbo_WeOb8yo2lP2wBDiapAUPMo7yj6f8pxPdk	s1_LPhnMT9yhyjW_CdnBdMWv4stCw1f2phNI63q5KchSIs	1unN3t	qadv-arbiter-7x7-rust-lambda-v0.1.0	-	qadv-arbiter-7x7-rust-lambda-v0.1.0	-	L	P	196
g1_aRU1Tijbo_WeOb8yo2lP2wBDiapAUPMo7yj6f8pxPdk	s1_MIL5y4afxzYS4697_cjw3GIFGOjpXDdTw2RHLLpJBDo	1unN3t	qadv-arbiter-7x7-rust-lambda-v0.1.0	-	qadv-arbiter-7x7-rust-lambda-v0.1.0	-	L	P	196
g1_aRU1Tijbo_WeOb8yo2lP2wBDiapAUPMo7yj6f8pxPdk	s1_RauLaTi4eVgYHSp2TV9pqs9uzTVv0B10g9TaHMWpcZ4	1unN3t	qadv-arbiter-7x7-rust-lambda-v0.1.0	-	qadv-arbiter-7x7-rust-lambda-v0.1.0	-	L	P	-
g1_aRWuqQrGuhVWsb36FC4Q055MCDxYf0IgOHpd9Axb33Y	s1_1LB6NAgPOeCp4r8rQw4kUOIXWpEdWysFm5RZjWCQSgc	1umwbo	python-gnn-puct-learner-v0.1.0	sha256:ab0f739cd33d66781faf60e27797c5ccba3c04ba684f8d9e32e9c2754f4e8956	python-gnn-puct-learner-v0.1.0	sha256:ab0f739cd33d66781faf60e27797c5ccba3c04ba684f8d9e32e9c2754f4e8956	D	P	196
g1_aRWuqQrGuhVWsb36FC4Q055MCDxYf0IgOHpd9Axb33Y	s1_P4NHYhwuVnEA-dG2X-UVeVotb84A5mwljbYTlTMqr8w	1umwbo	python-gnn-puct-learner-v0.1.0	sha256:ab0f739cd33d66781faf60e27797c5ccba3c04ba684f8d9e32e9c2754f4e8956	python-gnn-puct-learner-v0.1.0	sha256:ab0f739cd33d66781faf60e27797c5ccba3c04ba684f8d9e32e9c2754f4e8956	D	P	196
g1_aR_iHIZlwz71H4CrHFWVlUkHVGdVHfPke3_i0E6pK1w	s1_MPZVpakJWpQIz9GNoj9lb8p43W3D05ZP6oy0TI22H9A	1uo3g5	seeded-policy-value-50pct	sha256:bd870bcd83546e0cc5727f40f588ae8ff5c6bdf07dcecbb9a48ae6f32c9aa4de	seeded-policy-value-25pct	sha256:4854e505e109e1c8fced27765aca6152cb088f3a77be278e64271380df4a6983	L	P	196
g1_aR_iHIZlwz71H4CrHFWVlUkHVGdVHfPke3_i0E6pK1w	s1_MPZVpakJWpQIz9GNoj9lb8p43W3D05ZP6oy0TI22H9A	1uo3g7	seeded-policy-value-50pct	sha256:bd870bcd83546e0cc5727f40f588ae8ff5c6bdf07dcecbb9a48ae6f32c9aa4de	seeded-policy-value-25pct	sha256:4854e505e109e1c8fced27765aca6152cb088f3a77be278e64271380df4a6983	L	P	196
g1_aRddRA2KsVQ2rCU5Atr2MQ1cp3YjZidXLrvmR0-FeDM	s1_E_Uh0SL2NKef6zrPsM1nvkS_wqst3JJHpAr4A9b6kFw	1unL-I	qadv-arbiter-7x7-rust-lambda-v0.1.0	-	qadv-arbiter-7x7-rust-lambda-v0.1.0	-	L	P	196
g1_aRddRA2KsVQ2rCU5Atr2MQ1cp3YjZidXLrvmR0-FeDM	s1_Iw271Xcl1m49JKf2THZo5zM7wLmpftPCntSJ40XBQpQ	1unL-I	qadv-arbiter-7x7-rust-lambda-v0.1.0	-	qadv-arbiter-7x7-rust-lambda-v0.1.0	-	L	P	196
g1_aRddRA2KsVQ2rCU5Atr2MQ1cp3YjZidXLrvmR0-FeDM	s1_RauLaTi4eVgYHSp2TV9pqs9uzTVv0B10g9TaHMWpcZ4	1unL-I	qadv-arbiter-7x7-rust-lambda-v0.1.0	-	qadv-arbiter-7x7-rust-lambda-v0.1.0	-	L	P	-
g1_aRddRA2KsVQ2rCU5Atr2MQ1cp3YjZidXLrvmR0-FeDM	s1_YII0ysO8Ar11zqhMAClSGKImxeWhtOkXeW0vMYYl4ZM	1unL-I	qadv-arbiter-7x7-rust-lambda-v0.1.0	-	qadv-arbiter-7x7-rust-lambda-v0.1.0	-	L	P	196
g1_aRdyPEf5fIYtewi-84C2h4N2TmvYfMGBTrSG8Qj54AY	s1_8NPrfKgCl4I4hWdAYm65UR8Ds5DxlQ5caKpr899oYKM	1unNOy	qadv-arbiter-7x7-rust-lambda-v0.1.0	-	qadv-arbiter-7x7-rust-lambda-v0.1.0	-	L	P	196
g1_aRdyPEf5fIYtewi-84C2h4N2TmvYfMGBTrSG8Qj54AY	s1_9wfHz-qogabYZAxw4ZJbFisIXYk-r_NoxRAHqWAyJxc	1unNOy	qadv-arbiter-7x7-rust-lambda-v0.1.0	-	qadv-arbiter-7x7-rust-lambda-v0.1.0	-	L	P	196
g1_aRdyPEf5fIYtewi-84C2h4N2TmvYfMGBTrSG8Qj54AY	s1_ADg7Q1HurtXSSINt4hcbliyWJDBUcZr6g57pC8pxFFM	1unNOy	qadv-arbiter-7x7-rust-lambda-v0.1.0	-	qadv-arbiter-7x7-rust-lambda-v0.1.0	-	L	P	196
g1_aRdyPEf5fIYtewi-84C2h4N2TmvYfMGBTrSG8Qj54AY	s1_RauLaTi4eVgYHSp2TV9pqs9uzTVv0B10g9TaHMWpcZ4	1unNOy	qadv-arbiter-7x7-rust-lambda-v0.1.0	-	qadv-arbiter-7x7-rust-lambda-v0.1.0	-	L	P	-
g1_aRqdYwqb_eBaBauBNBeBfG33UlSILyb0x-4u5X7JYRE	s1_1av6nXQkq-GSHXfjkVlGHGpAq8F9UbW4JwZmyFA-vww	1DIXI	rust-pathfinder-v0.1.0	-	lunatic-v0.1.0	-	L	P	-
g1_aRqdYwqb_eBaBauBNBeBfG33UlSILyb0x-4u5X7JYRE	s1_9Eroywf7tuDrn-hcfZPjlEa1DSRUykCRn9Z11u8ySIo	1DIXI	rust-pathfinder-v0.1.0	-	lunatic-v0.1.0	-	L	P	-
g1_aRqdYwqb_eBaBauBNBeBfG33UlSILyb0x-4u5X7JYRE	s1_Brk0hkuJoH-MBjdd53AO5tlWcOgDWV_R0PO74fHGd_0	1DIXI	rust-pathfinder-v0.1.0	-	lunatic-v0.1.0	-	L	P	-
g1_aRqdYwqb_eBaBauBNBeBfG33UlSILyb0x-4u5X7JYRE	s1_KmF8KhDbubz6lwdS8R_n_yTGdSONmH9B1wUABbyCj94	1DIXI	rust-pathfinder-v0.1.0	-	lunatic-v0.1.0	-	L	P	-
g1_aRqdYwqb_eBaBauBNBeBfG33UlSILyb0x-4u5X7JYRE	s1_MKrI0a3Qd48rU7oZj28GrlQ3cHhIbUzS5ibiIW9aKy4	1DIXI	rust-pathfinder-v0.1.0	-	lunatic-v0.1.0	-	L	P	-
g1_aRqdYwqb_eBaBauBNBeBfG33UlSILyb0x-4u5X7JYRE	s1_XloMUS0hxYEXf762lcPfaudsLmsH-CsOVZNVVU_obcA	1DIXI	rust-pathfinder-v0.1.0	-	lunatic-v0.1.0	-	L	P	-
g1_aRqdYwqb_eBaBauBNBeBfG33UlSILyb0x-4u5X7JYRE	s1_g5pGkHBMEhzAYvwFY0b24sSc7wC9JfnWApMHHZ_aMPI	1DIXI	rust-pathfinder-v0.1.0	-	lunatic-v0.1.0	-	L	P	-
g1_aRqe9SCW_xiYJ2hKIfe4uu85dVLo-sGaFRqgQ3qEpjI	s1_HB62EBWyqq8mraNlzk1zXthevD3KJSfXwkDa1ceN7gM	1unMMx	qadv-arbiter-7x7-rust-lambda-v0.1.0	-	qadv-arbiter-7x7-rust-lambda-v0.1.0	-	L	P	196
g1_aRqe9SCW_xiYJ2hKIfe4uu85dVLo-sGaFRqgQ3qEpjI	s1_RauLaTi4eVgYHSp2TV9pqs9uzTVv0B10g9TaHMWpcZ4	1unMMx	qadv-arbiter-7x7-rust-lambda-v0.1.0	-	qadv-arbiter-7x7-rust-lambda-v0.1.0	-	L	P	-
g1_aRqe9SCW_xiYJ2hKIfe4uu85dVLo-sGaFRqgQ3qEpjI	s1_cSecEb0-KPOxGFq2VTHz9JJ0QIiMaZ03NOfegXTkK-A	1unMMx	qadv-arbiter-7x7-rust-lambda-v0.1.0	-	qadv-arbiter-7x7-rust-lambda-v0.1.0	-	L	P	196
g1_aRqe9SCW_xiYJ2hKIfe4uu85dVLo-sGaFRqgQ3qEpjI	s1_toi7AWi9sQMNYy9x0TQGecdheKTkGqyi9P6GIeN7cdY	1unMMx	qadv-arbiter-7x7-rust-lambda-v0.1.0	-	qadv-arbiter-7x7-rust-lambda-v0.1.0	-	L	P	196
g1_aRx8haWoF0Mf5C2zF_6TV_MOQLTHyXFjlvG_8Kdlufw	s1_1LB6NAgPOeCp4r8rQw4kUOIXWpEdWysFm5RZjWCQSgc	1umwXN	python-gnn-puct-learner-v0.1.0	sha256:ab0f739cd33d66781faf60e27797c5ccba3c04ba684f8d9e32e9c2754f4e8956	python-gnn-puct-learner-v0.1.0	sha256:ab0f739cd33d66781faf60e27797c5ccba3c04ba684f8d9e32e9c2754f4e8956	L	P	196
g1_aRx8haWoF0Mf5C2zF_6TV_MOQLTHyXFjlvG_8Kdlufw	s1_P4NHYhwuVnEA-dG2X-UVeVotb84A5mwljbYTlTMqr8w	1umwXN	python-gnn-puct-learner-v0.1.0	sha256:ab0f739cd33d66781faf60e27797c5ccba3c04ba684f8d9e32e9c2754f4e8956	python-gnn-puct-learner-v0.1.0	sha256:ab0f739cd33d66781faf60e27797c5ccba3c04ba684f8d9e32e9c2754f4e8956	L	P	196
g1_aS-f5mgXF0OzABeDy8OSvyKAxZ-2BZm3XlwU4CXVm-4	s1_RauLaTi4eVgYHSp2TV9pqs9uzTVv0B10g9TaHMWpcZ4	1unNe8	qadv-arbiter-7x7-rust-lambda-v0.1.0	-	qadv-arbiter-7x7-rust-lambda-v0.1.0	-	L	P	-
g1_aS-f5mgXF0OzABeDy8OSvyKAxZ-2BZm3XlwU4CXVm-4	s1_c0k-yPkD3OLpE8f-k1Hyywx79dnoJMOvn8gbkZXazAQ	1unNe8	qadv-arbiter-7x7-rust-lambda-v0.1.0	-	qadv-arbiter-7x7-rust-lambda-v0.1.0	-	L	P	196
g1_aS-f5mgXF0OzABeDy8OSvyKAxZ-2BZm3XlwU4CXVm-4	s1_vL7ce3tG2ov7pK4dbeV_MbCtK9y0vQLIoOUAwxojh5c	1unNe8	qadv-arbiter-7x7-rust-lambda-v0.1.0	-	qadv-arbiter-7x7-rust-lambda-v0.1.0	-	L	P	196
g1_aS-f5mgXF0OzABeDy8OSvyKAxZ-2BZm3XlwU4CXVm-4	s1_z8Z7vphwS6nLFl9vhf7lvwJcwYN3Sutz7awuKDBmP2w	1unNe8	qadv-arbiter-7x7-rust-lambda-v0.1.0	-	qadv-arbiter-7x7-rust-lambda-v0.1.0	-	L	P	196
g1_aSB6sYSN7Pk48OHQky1uN5k6p-DAK1s3CTsu_czHzf8	s1_O3cuwuia8XT9TI7Nxr3tRcajOA20XFHEIT2fYX3WizY	1un6Mm	qadv-arbiter-guided-7x7-v0.2.0	sha256:9c0e5e530df7db77a98f6a2e75fe63a6f629c6ad6563e0b5454793ebc243b14d	gnn-reval30k-7x7	sha256:7f41dbe135649d1116a0914bc0358a5ffae95749195ec20dd972035bbbea52f7	D	P	196
g1_aSB6sYSN7Pk48OHQky1uN5k6p-DAK1s3CTsu_czHzf8	s1_WKgJ-Jv1JLaOTWIv9LBPKOOAJ5w7fDR6YLt9DYRBTmo	1un6Mm	qadv-arbiter-guided-7x7-v0.2.0	sha256:9c0e5e530df7db77a98f6a2e75fe63a6f629c6ad6563e0b5454793ebc243b14d	gnn-reval30k-7x7	sha256:7f41dbe135649d1116a0914bc0358a5ffae95749195ec20dd972035bbbea52f7	D	P	196
g1_aSB6sYSN7Pk48OHQky1uN5k6p-DAK1s3CTsu_czHzf8	s1_adn1Uys32TL-SEmKgbMFOYCNW1CysPGQ4WhDOS1iBqo	1un6Mm	qadv-arbiter-guided-7x7-v0.2.0	sha256:9c0e5e530df7db77a98f6a2e75fe63a6f629c6ad6563e0b5454793ebc243b14d	gnn-reval30k-7x7	sha256:7f41dbe135649d1116a0914bc0358a5ffae95749195ec20dd972035bbbea52f7	D	P	196
g1_aSB6sYSN7Pk48OHQky1uN5k6p-DAK1s3CTsu_czHzf8	s1_cLhadU61FtckEqANG11HlvmBNEu5JQxwalW0_KFv9kA	1un6Mm	qadv-arbiter-guided-7x7-v0.2.0	sha256:9c0e5e530df7db77a98f6a2e75fe63a6f629c6ad6563e0b5454793ebc243b14d	gnn-reval30k-7x7	sha256:7f41dbe135649d1116a0914bc0358a5ffae95749195ec20dd972035bbbea52f7	D	P	196
g1_aSDV2kHY7PL7yO_DkRvCn3TdzPVRREqckIPdA_9jTIc	s1_0m9bT3wmOsJ2t64GnoWGr4yAEHlgSmWP9SdoLKs4rkE	1unPl1	qadv-arbiter-7x7-rust-lambda-v0.1.0	-	qadv-arbiter-7x7-rust-lambda-v0.1.0	-	D	P	196
g1_aSDV2kHY7PL7yO_DkRvCn3TdzPVRREqckIPdA_9jTIc	s1_N3cj0aM8z-7uvk7Uu1n7PCqeWut3Jq_QXDEu3vVlkU4	1unPl1	qadv-arbiter-7x7-rust-lambda-v0.1.0	-	qadv-arbiter-7x7-rust-lambda-v0.1.0	-	D	P	196
g1_aSDV2kHY7PL7yO_DkRvCn3TdzPVRREqckIPdA_9jTIc	s1_RauLaTi4eVgYHSp2TV9pqs9uzTVv0B10g9TaHMWpcZ4	1unPl1	qadv-arbiter-7x7-rust-lambda-v0.1.0	-	qadv-arbiter-7x7-rust-lambda-v0.1.0	-	D	P	-
g1_aSDV2kHY7PL7yO_DkRvCn3TdzPVRREqckIPdA_9jTIc	s1_ziBbzurAUUdx8xFSQJ1LCYvYNgVWo4j13e5LvXpAVKo	1unPl1	qadv-arbiter-7x7-rust-lambda-v0.1.0	-	qadv-arbiter-7x7-rust-lambda-v0.1.0	-	D	P	196
g1_aSKJRkTJezzLz7ItGv2mCfhE9UnnBw2MwVIPuG4HegA	s1_NZd5QDv6mFfbD19F2qFlqdqs00TQR9teXBNsuax4qNQ	1umwoM	python-gnn-puct-reval30k-v0.1.0	sha256:6120be86fc469df71473c3de64e5e32f99694cd47d621fa5948f243dc51d3d21	python-gnn-puct-reval30k-v0.1.0	sha256:6120be86fc469df71473c3de64e5e32f99694cd47d621fa5948f243dc51d3d21	L	P	196
g1_aSLOQ0z04cpYccxmOVNeiZkuIkHb729Tru5KhH3zsp0	s1_6PxtazPxkizz7K9QTWPSCIopEV5n0zpHoq3F52yO_6U	1umwsJ	python-cnn-puct-v0.1.0	sha256:7845e9b7687beee165dc36b8d21833b7a8b5a83e31b58b49bd05c277ba26e642	python-cnn-puct-v0.1.0	sha256:7845e9b7687beee165dc36b8d21833b7a8b5a83e31b58b49bd05c277ba26e642	D	P	196
g1_aSLOQ0z04cpYccxmOVNeiZkuIkHb729Tru5KhH3zsp0	s1_baRgKA_wMXdl0r4AwdkUfhWC04qxd1MvEGXAQaDd4fo	1umwsJ	python-cnn-puct-v0.1.0	sha256:7845e9b7687beee165dc36b8d21833b7a8b5a83e31b58b49bd05c277ba26e642	python-cnn-puct-v0.1.0	sha256:7845e9b7687beee165dc36b8d21833b7a8b5a83e31b58b49bd05c277ba26e642	D	P	196
g1_aS_uC3zzJiMAgRMFIoEotapVLJet9F1kp1rWUFZe_U8	s1_RauLaTi4eVgYHSp2TV9pqs9uzTVv0B10g9TaHMWpcZ4	1unNhN	qadv-arbiter-7x7-rust-lambda-v0.1.0	-	qadv-arbiter-7x7-rust-lambda-v0.1.0	-	L	P	-
g1_aS_uC3zzJiMAgRMFIoEotapVLJet9F1kp1rWUFZe_U8	s1_VAnAx92f79d2v_Glu--Zv4Y3AtNRg03wmAKM5xL5XWI	1unNhN	qadv-arbiter-7x7-rust-lambda-v0.1.0	-	qadv-arbiter-7x7-rust-lambda-v0.1.0	-	L	P	196
g1_aS_uC3zzJiMAgRMFIoEotapVLJet9F1kp1rWUFZe_U8	s1_VaFZyOmzKEuzxxsnMThvVaiDLh5FlQo1Bv8rOg-6zaQ	1unNhN	qadv-arbiter-7x7-rust-lambda-v0.1.0	-	qadv-arbiter-7x7-rust-lambda-v0.1.0	-	L	P	196
g1_aS_uC3zzJiMAgRMFIoEotapVLJet9F1kp1rWUFZe_U8	s1_sZN5xfECiayPOcDJivReYFHYi_B1Mk6WKy6dsJochMs	1unNhN	qadv-arbiter-7x7-rust-lambda-v0.1.0	-	qadv-arbiter-7x7-rust-lambda-v0.1.0	-	L	P	196
g1_aSb50TDYnalHSnXPQTR2JDy2wmxP-t7LIzMDT9RtETw	s1_Mb9cSEESneobbdkFJZ_VYk2JnWUXCar_1PQpGcaoyPM	1unMHj	qadv-arbiter-7x7-rust-lambda-v0.1.0	-	qadv-arbiter-7x7-rust-lambda-v0.1.0	-	D	P	196
g1_aSb50TDYnalHSnXPQTR2JDy2wmxP-t7LIzMDT9RtETw	s1_RauLaTi4eVgYHSp2TV9pqs9uzTVv0B10g9TaHMWpcZ4	1unMHj	qadv-arbiter-7x7-rust-lambda-v0.1.0	-	qadv-arbiter-7x7-rust-lambda-v0.1.0	-	D	P	-
g1_aSb50TDYnalHSnXPQTR2JDy2wmxP-t7LIzMDT9RtETw	s1_qHjtLBC_rOYe792DXQYD8hWfWJc_qPl8QLUkbes-XxI	1unMHj	qadv-arbiter-7x7-rust-lambda-v0.1.0	-	qadv-arbiter-7x7-rust-lambda-v0.1.0	-	D	P	196
g1_aSb50TDYnalHSnXPQTR2JDy2wmxP-t7LIzMDT9RtETw	s1_qdbHpjT6cU4HtntvCM5dsrIH2RJBV-QrBBaqpEW21SU	1unMHj	qadv-arbiter-7x7-rust-lambda-v0.1.0	-	qadv-arbiter-7x7-rust-lambda-v0.1.0	-	D	P	196
g1_aSkYVrPs4mtgR6A1y2Vz3fBKyEKPOCGpwn-eYG7-s3I	s1_D-RXjMl39yf5x9PS6Q7oit5SvNtNM3se4HjfCx3lDU0	1unPiK	qadv-arbiter-7x7-rust-lambda-v0.1.0	-	qadv-arbiter-7x7-rust-lambda-v0.1.0	-	D	P	196
g1_aSkYVrPs4mtgR6A1y2Vz3fBKyEKPOCGpwn-eYG7-s3I	s1_RauLaTi4eVgYHSp2TV9pqs9uzTVv0B10g9TaHMWpcZ4	1unPiK	qadv-arbiter-7x7-rust-lambda-v0.1.0	-	qadv-arbiter-7x7-rust-lambda-v0.1.0	-	D	P	-
g1_aSkYVrPs4mtgR6A1y2Vz3fBKyEKPOCGpwn-eYG7-s3I	s1_tEC7-6uP7HvDcb47IB8XvK5FpChf1O0c1N8Hmi2LTls	1unPiK	qadv-arbiter-7x7-rust-lambda-v0.1.0	-	qadv-arbiter-7x7-rust-lambda-v0.1.0	-	D	P	196
g1_aSkYVrPs4mtgR6A1y2Vz3fBKyEKPOCGpwn-eYG7-s3I	s1_v79368tslgOYJ48tWkmtFrO17zt4DSlvgiM-sJMYzyw	1unPiK	qadv-arbiter-7x7-rust-lambda-v0.1.0	-	qadv-arbiter-7x7-rust-lambda-v0.1.0	-	D	P	196
g1_aSlRiF4xKrRLl9B5SkDrWzAwqIJw0PZWi5vhXD9g-Lw	s1_-OKlJXuPFfAnukwGYITjiU7XKL4OC_qt76PC0TZSPjg	1umvhX	python-cnn-puct-v0.1.0	sha256:7845e9b7687beee165dc36b8d21833b7a8b5a83e31b58b49bd05c277ba26e642	python-cnn-puct-v0.1.0	sha256:7845e9b7687beee165dc36b8d21833b7a8b5a83e31b58b49bd05c277ba26e642	D	P	196
g1_aSlRiF4xKrRLl9B5SkDrWzAwqIJw0PZWi5vhXD9g-Lw	s1_1av6nXQkq-GSHXfjkVlGHGpAq8F9UbW4JwZmyFA-vww	1umvhX	python-cnn-puct-v0.1.0	sha256:7845e9b7687beee165dc36b8d21833b7a8b5a83e31b58b49bd05c277ba26e642	python-cnn-puct-v0.1.0	sha256:7845e9b7687beee165dc36b8d21833b7a8b5a83e31b58b49bd05c277ba26e642	D	P	196
g1_aSlRiF4xKrRLl9B5SkDrWzAwqIJw0PZWi5vhXD9g-Lw	s1_Brk0hkuJoH-MBjdd53AO5tlWcOgDWV_R0PO74fHGd_0	1umvhX	python-cnn-puct-v0.1.0	sha256:7845e9b7687beee165dc36b8d21833b7a8b5a83e31b58b49bd05c277ba26e642	python-cnn-puct-v0.1.0	sha256:7845e9b7687beee165dc36b8d21833b7a8b5a83e31b58b49bd05c277ba26e642	D	P	196
g1_aT6SHC26bkaKkKiU-xpAy5_jNXrptOjPzCkSa1TS6V4	s1_cl6jbSbtixkY4qmC_l8Ys-t6pgcKua_v8K0LBo7FuZ8	1umv8z	seeded-gnn-puct-v0.1.0	sha256:e2a8b0a4a39943d112dc706fd35ca741fe8b77678c4b786376863bec27f3715b	seeded-gnn-puct-v0.1.0	sha256:e2a8b0a4a39943d112dc706fd35ca741fe8b77678c4b786376863bec27f3715b	-	M	196
g1_aTJ7e7l6DuV1-Jn-Ct_ThlMfvJSnyBwa3zR9TVgPbnA	s1_RauLaTi4eVgYHSp2TV9pqs9uzTVv0B10g9TaHMWpcZ4	1unMKs	qadv-arbiter-7x7-rust-lambda-v0.1.0	-	qadv-arbiter-7x7-rust-lambda-v0.1.0	-	D	P	-
g1_aTJ7e7l6DuV1-Jn-Ct_ThlMfvJSnyBwa3zR9TVgPbnA	s1__Pcwd9yWIkzM76qS1i08IIdTs7YVZtlS6V4V-VhPw8A	1unMKs	qadv-arbiter-7x7-rust-lambda-v0.1.0	-	qadv-arbiter-7x7-rust-lambda-v0.1.0	-	D	P	196
g1_aTJ7e7l6DuV1-Jn-Ct_ThlMfvJSnyBwa3zR9TVgPbnA	s1_rOOg1cimlWUe1veVDQ6pQWVWiwRn66lMJXaWqw1XCjE	1unMKs	qadv-arbiter-7x7-rust-lambda-v0.1.0	-	qadv-arbiter-7x7-rust-lambda-v0.1.0	-	D	P	196
g1_aTJ7e7l6DuV1-Jn-Ct_ThlMfvJSnyBwa3zR9TVgPbnA	s1_wSwls8jnDDJowtx8HUu7wS6_jHDwOpcTB8whWsGuqmU	1unMKs	qadv-arbiter-7x7-rust-lambda-v0.1.0	-	qadv-arbiter-7x7-rust-lambda-v0.1.0	-	D	P	196
g1_aT_PE5755_Verc6Stp8dbImq5mP5BIuxVpm42mPT-pE	s1_BXXtSbkz5KMQ6WqmS34aGZRCmXp1edtx3X7YAmN83nc	1unLti	qadv-arbiter-7x7-rust-lambda-v0.1.0	-	qadv-arbiter-7x7-rust-lambda-v0.1.0	-	L	P	196
g1_aT_PE5755_Verc6Stp8dbImq5mP5BIuxVpm42mPT-pE	s1_RauLaTi4eVgYHSp2TV9pqs9uzTVv0B10g9TaHMWpcZ4	1unLti	qadv-arbiter-7x7-rust-lambda-v0.1.0	-	qadv-arbiter-7x7-rust-lambda-v0.1.0	-	L	P	-
g1_aT_PE5755_Verc6Stp8dbImq5mP5BIuxVpm42mPT-pE	s1__G_VXnz_kL0apC2OTycbq3IM-FqaI7__KkLeDq1urAk	1unLti	qadv-arbiter-7x7-rust-lambda-v0.1.0	-	qadv-arbiter-7x7-rust-lambda-v0.1.0	-	L	P	196
g1_aT_PE5755_Verc6Stp8dbImq5mP5BIuxVpm42mPT-pE	s1_dLJRHIyFM-cSUovGryUGh_PlpF7YgRhThTA95ZqXqNU	1unLti	qadv-arbiter-7x7-rust-lambda-v0.1.0	-	qadv-arbiter-7x7-rust-lambda-v0.1.0	-	L	P	196
g1_aTd3GuFYCvmnX7Z047tjio062i6SmVEoWCufVbVIqlc	s1_WVg7aYYLIrw6_-2mI3jQ-DPcLO4gX2sPEEqWQb0DGQA	1umxM_	python-cnn-puct-reval30k-v0.1.0	sha256:eb2600a53e225a835455efdb2759c40e27c5cb3c16ab0688bc21b99290ed10ee	python-cnn-puct-reval30k-v0.1.0	sha256:eb2600a53e225a835455efdb2759c40e27c5cb3c16ab0688bc21b99290ed10ee	D	P	196
g1_aTjBLabwt_cJvgM1a6Q6UOvZSAzqk0Uf6Leqa-uDQdo	s1_BjYzTiPReCweEB3E-xElGOmkh2moFICcSKzJ1JfYvTo	1unNeX	qadv-arbiter-7x7-rust-lambda-v0.1.0	-	qadv-arbiter-7x7-rust-lambda-v0.1.0	-	L	P	196
g1_aTjBLabwt_cJvgM1a6Q6UOvZSAzqk0Uf6Leqa-uDQdo	s1_RauLaTi4eVgYHSp2TV9pqs9uzTVv0B10g9TaHMWpcZ4	1unNeX	qadv-arbiter-7x7-rust-lambda-v0.1.0	-	qadv-arbiter-7x7-rust-lambda-v0.1.0	-	L	P	-
g1_aTjBLabwt_cJvgM1a6Q6UOvZSAzqk0Uf6Leqa-uDQdo	s1_V4NeBK96mElec3jew4zZmj3EKjFrIJd1ST_W65ueUhQ	1unNeX	qadv-arbiter-7x7-rust-lambda-v0.1.0	-	qadv-arbiter-7x7-rust-lambda-v0.1.0	-	L	P	196
g1_aTjBLabwt_cJvgM1a6Q6UOvZSAzqk0Uf6Leqa-uDQdo	s1_p_XdL6H6jn0Px1NKDSPWJQ8SZIoLyq1xb4WGXTpm1Ew	1unNeX	qadv-arbiter-7x7-rust-lambda-v0.1.0	-	qadv-arbiter-7x7-rust-lambda-v0.1.0	-	L	P	196
g1_aTnEpCO6ZCuHLG7ODvDoMu1rhVb202XcVjQHij8ebZs	s1_WVg7aYYLIrw6_-2mI3jQ-DPcLO4gX2sPEEqWQb0DGQA	1umxVH	python-cnn-puct-reval30k-v0.1.0	sha256:eb2600a53e225a835455efdb2759c40e27c5cb3c16ab0688bc21b99290ed10ee	python-cnn-puct-reval30k-v0.1.0	sha256:eb2600a53e225a835455efdb2759c40e27c5cb3c16ab0688bc21b99290ed10ee	L	P	196
g1_aTrGcE4K98vd8vsdH-4fNaGxub8jwKS_cJJ6iBvBYbE	s1_flXyOBW6T9LLVDFIvXBGel1MoVNZcUcMFIJnB9yLapU	1umx2R	python-gnn-puct-reval30k-v0.1.0	sha256:6120be86fc469df71473c3de64e5e32f99694cd47d621fa5948f243dc51d3d21	python-gnn-puct-reval30k-v0.1.0	sha256:6120be86fc469df71473c3de64e5e32f99694cd47d621fa5948f243dc51d3d21	D	P	196
g1_aTvZN0_ZztCN6NWddPro1jUZaQEaoO9pQUkshsIEXNA	s1_1av6nXQkq-GSHXfjkVlGHGpAq8F9UbW4JwZmyFA-vww	1umvKH	gnn-warmstart-7x7	sha256:e000d50619c0241c30efdd1f5adb7a8b738c66859d33c3443c52a20f56fcc13a	gnn-scout-beam10k-7x7	sha256:7d34820fd656875b3ac4a0142e8f22179d11b133feb3321d0eb735b2a7abd027	L	P	140
g1_aTvZN0_ZztCN6NWddPro1jUZaQEaoO9pQUkshsIEXNA	s1_99dXAlxVQMrCgX-ESN-R42mkyn8fttQRcm5UJaJ4xlc	1umvKH	gnn-warmstart-7x7	sha256:e000d50619c0241c30efdd1f5adb7a8b738c66859d33c3443c52a20f56fcc13a	gnn-scout-beam10k-7x7	sha256:7d34820fd656875b3ac4a0142e8f22179d11b133feb3321d0eb735b2a7abd027	L	P	140
g1_aTvZN0_ZztCN6NWddPro1jUZaQEaoO9pQUkshsIEXNA	s1_Brk0hkuJoH-MBjdd53AO5tlWcOgDWV_R0PO74fHGd_0	1umvKH	gnn-warmstart-7x7	sha256:e000d50619c0241c30efdd1f5adb7a8b738c66859d33c3443c52a20f56fcc13a	gnn-scout-beam10k-7x7	sha256:7d34820fd656875b3ac4a0142e8f22179d11b133feb3321d0eb735b2a7abd027	L	P	140
g1_aTvZN0_ZztCN6NWddPro1jUZaQEaoO9pQUkshsIEXNA	s1_dcEgf_s_8JfAgzbYFm9Z15BWrFU6bsc6MzE1gZNvlP4	1umvKH	gnn-warmstart-7x7	sha256:e000d50619c0241c30efdd1f5adb7a8b738c66859d33c3443c52a20f56fcc13a	gnn-scout-beam10k-7x7	sha256:7d34820fd656875b3ac4a0142e8f22179d11b133feb3321d0eb735b2a7abd027	L	P	140
g1_aUKOyBjhbb-spvsKCLGnE7PjBd-083A89Ab6AaNcg1c	s1_Qmoz3nLvbLcY_1rcqMtpMJDvTQydhL5cxUNWV6EhpMY	1umwv9	qadv-arbiter-7x7-v0.1.0	sha256:8c548d06307572603b839755cc1e50393285365e10f82bcd90290ca65cd86266	qadv-arbiter-7x7-v0.1.0	sha256:8c548d06307572603b839755cc1e50393285365e10f82bcd90290ca65cd86266	L	P	196
g1_aUedg7WMLAxT6xHveM6ZFd0efb1C-QlCvSmCNpi__mU	s1_N3cj0aM8z-7uvk7Uu1n7PCqeWut3Jq_QXDEu3vVlkU4	1unPjG	qadv-arbiter-7x7-rust-lambda-v0.1.0	-	qadv-arbiter-7x7-rust-lambda-v0.1.0	-	L	P	196
g1_aUedg7WMLAxT6xHveM6ZFd0efb1C-QlCvSmCNpi__mU	s1_RauLaTi4eVgYHSp2TV9pqs9uzTVv0B10g9TaHMWpcZ4	1unPjG	qadv-arbiter-7x7-rust-lambda-v0.1.0	-	qadv-arbiter-7x7-rust-lambda-v0.1.0	-	L	P	-
g1_aUedg7WMLAxT6xHveM6ZFd0efb1C-QlCvSmCNpi__mU	s1_U6Or6trPgGe4PnBnE1JCoQ80bOvvuvF1LxusQIkbpm0	1unPjG	qadv-arbiter-7x7-rust-lambda-v0.1.0	-	qadv-arbiter-7x7-rust-lambda-v0.1.0	-	L	P	196
g1_aUedg7WMLAxT6xHveM6ZFd0efb1C-QlCvSmCNpi__mU	s1_ziBbzurAUUdx8xFSQJ1LCYvYNgVWo4j13e5LvXpAVKo	1unPjG	qadv-arbiter-7x7-rust-lambda-v0.1.0	-	qadv-arbiter-7x7-rust-lambda-v0.1.0	-	L	P	196
g1_aUgceAoHzBwyA1OZGwv-SdBZPzniVvQPTM9eu5IIxPw	s1_RauLaTi4eVgYHSp2TV9pqs9uzTVv0B10g9TaHMWpcZ4	1unO2g	qadv-arbiter-7x7-rust-lambda-v0.1.0	-	qadv-arbiter-7x7-rust-lambda-v0.1.0	-	D	P	-
g1_aUgceAoHzBwyA1OZGwv-SdBZPzniVvQPTM9eu5IIxPw	s1_T1Kb5tC0M_4tnY6iWHH6xhFQq0B3kFjUHuWzafeo56w	1unO2g	qadv-arbiter-7x7-rust-lambda-v0.1.0	-	qadv-arbiter-7x7-rust-lambda-v0.1.0	-	D	P	196
g1_aUgceAoHzBwyA1OZGwv-SdBZPzniVvQPTM9eu5IIxPw	s1_bKSXhZXIJg-k4wA7JQDRBdIHtWpJSW5e_HA-AZcYcyw	1unO2g	qadv-arbiter-7x7-rust-lambda-v0.1.0	-	qadv-arbiter-7x7-rust-lambda-v0.1.0	-	D	P	196
g1_aUgceAoHzBwyA1OZGwv-SdBZPzniVvQPTM9eu5IIxPw	s1_u07F3lgYP-zsiD_hUL1gtkiuHXEeyMELJcLJCbRwb-Q	1unO2g	qadv-arbiter-7x7-rust-lambda-v0.1.0	-	qadv-arbiter-7x7-rust-lambda-v0.1.0	-	D	P	196
g1_aUtSBrutR1JW1yQuJps8yPvWj2N9edcUJVhgCU6sMec	s1_6kq6mvdUZvyZuh2M71VuYw0eZMN6LDtM3Vk2uD2446s	1unL_m	qadv-arbiter-7x7-rust-lambda-v0.1.0	-	qadv-arbiter-7x7-rust-lambda-v0.1.0	-	L	P	196
g1_aUtSBrutR1JW1yQuJps8yPvWj2N9edcUJVhgCU6sMec	s1_GDBrhcq9CtsvZ2mTJ2LRnCCXpI23mQl1ELwG_4mhy0U	1unL_m	qadv-arbiter-7x7-rust-lambda-v0.1.0	-	qadv-arbiter-7x7-rust-lambda-v0.1.0	-	L	P	196
g1_aUtSBrutR1JW1yQuJps8yPvWj2N9edcUJVhgCU6sMec	s1_RauLaTi4eVgYHSp2TV9pqs9uzTVv0B10g9TaHMWpcZ4	1unL_m	qadv-arbiter-7x7-rust-lambda-v0.1.0	-	qadv-arbiter-7x7-rust-lambda-v0.1.0	-	L	P	-
g1_aUtSBrutR1JW1yQuJps8yPvWj2N9edcUJVhgCU6sMec	s1_TfohvGlX0J51jrlkpzkS4k_IQAQ8TMJ4NXFgdiCHNOY	1unL_m	qadv-arbiter-7x7-rust-lambda-v0.1.0	-	qadv-arbiter-7x7-rust-lambda-v0.1.0	-	L	P	196
g1_aV1TkRa5O_hFmCpaqD54QY8vWAva89GenZEA2zdsGfE	s1_7opH6v6lu7ILU950Ux78zaEYcsGQsLPcItTXMYqEdJs	1unP4O	qadv-arbiter-7x7-rust-lambda-v0.1.0	-	qadv-arbiter-7x7-rust-lambda-v0.1.0	-	D	P	196
g1_aV1TkRa5O_hFmCpaqD54QY8vWAva89GenZEA2zdsGfE	s1_F4PyDw4DWGAEivSXKM6rA-MYvQT5-98XHJGlOk04AJg	1unP4O	qadv-arbiter-7x7-rust-lambda-v0.1.0	-	qadv-arbiter-7x7-rust-lambda-v0.1.0	-	D	P	196
g1_aV1TkRa5O_hFmCpaqD54QY8vWAva89GenZEA2zdsGfE	s1_LxVe6CPtS03jhFBdGLzQkhBD9QFVISL4cevccvS8D_Q	1unP4O	qadv-arbiter-7x7-rust-lambda-v0.1.0	-	qadv-arbiter-7x7-rust-lambda-v0.1.0	-	D	P	196
g1_aV1TkRa5O_hFmCpaqD54QY8vWAva89GenZEA2zdsGfE	s1_RauLaTi4eVgYHSp2TV9pqs9uzTVv0B10g9TaHMWpcZ4	1unP4O	qadv-arbiter-7x7-rust-lambda-v0.1.0	-	qadv-arbiter-7x7-rust-lambda-v0.1.0	-	D	P	-
g1_aV2hvkpTwi-S-gtm7TQtVAQiaBW4DyM3OOe9ijKxLzs	s1_-OKlJXuPFfAnukwGYITjiU7XKL4OC_qt76PC0TZSPjg	1umvh5	python-cnn-puct-v0.1.0	sha256:7845e9b7687beee165dc36b8d21833b7a8b5a83e31b58b49bd05c277ba26e642	python-cnn-puct-v0.1.0	sha256:7845e9b7687beee165dc36b8d21833b7a8b5a83e31b58b49bd05c277ba26e642	D	P	196
g1_aV2hvkpTwi-S-gtm7TQtVAQiaBW4DyM3OOe9ijKxLzs	s1_1av6nXQkq-GSHXfjkVlGHGpAq8F9UbW4JwZmyFA-vww	1umvh5	python-cnn-puct-v0.1.0	sha256:7845e9b7687beee165dc36b8d21833b7a8b5a83e31b58b49bd05c277ba26e642	python-cnn-puct-v0.1.0	sha256:7845e9b7687beee165dc36b8d21833b7a8b5a83e31b58b49bd05c277ba26e642	D	P	196
g1_aV2hvkpTwi-S-gtm7TQtVAQiaBW4DyM3OOe9ijKxLzs	s1_Brk0hkuJoH-MBjdd53AO5tlWcOgDWV_R0PO74fHGd_0	1umvh5	python-cnn-puct-v0.1.0	sha256:7845e9b7687beee165dc36b8d21833b7a8b5a83e31b58b49bd05c277ba26e642	python-cnn-puct-v0.1.0	sha256:7845e9b7687beee165dc36b8d21833b7a8b5a83e31b58b49bd05c277ba26e642	D	P	196
g1_aV3-QGeY-xGMkjXHkY0aoMq1eUN1rS4ZuDw6w_X_TfQ	s1_flXyOBW6T9LLVDFIvXBGel1MoVNZcUcMFIJnB9yLapU	1umx5e	python-gnn-puct-reval30k-v0.1.0	sha256:6120be86fc469df71473c3de64e5e32f99694cd47d621fa5948f243dc51d3d21	python-gnn-puct-reval30k-v0.1.0	sha256:6120be86fc469df71473c3de64e5e32f99694cd47d621fa5948f243dc51d3d21	D	P	196
g1_aV6CSA-lw_YZfYCBYuRUqNATppMn2P2YeimlKZ3_kXU	s1_6PxtazPxkizz7K9QTWPSCIopEV5n0zpHoq3F52yO_6U	1umwpn	python-cnn-puct-v0.1.0	sha256:7845e9b7687beee165dc36b8d21833b7a8b5a83e31b58b49bd05c277ba26e642	python-cnn-puct-v0.1.0	sha256:7845e9b7687beee165dc36b8d21833b7a8b5a83e31b58b49bd05c277ba26e642	D	P	196
g1_aV6CSA-lw_YZfYCBYuRUqNATppMn2P2YeimlKZ3_kXU	s1_baRgKA_wMXdl0r4AwdkUfhWC04qxd1MvEGXAQaDd4fo	1umwpn	python-cnn-puct-v0.1.0	sha256:7845e9b7687beee165dc36b8d21833b7a8b5a83e31b58b49bd05c277ba26e642	python-cnn-puct-v0.1.0	sha256:7845e9b7687beee165dc36b8d21833b7a8b5a83e31b58b49bd05c277ba26e642	D	P	196
g1_aVEqakI_t-eqd7ycjVsHQG-PyxU7oAlWUFEcEX7_5ng	s1_1av6nXQkq-GSHXfjkVlGHGpAq8F9UbW4JwZmyFA-vww	1umxIt	coin-flip-v0.0.1	-	gnn-scout-7x7	sha256:7d34820fd656875b3ac4a0142e8f22179d11b133feb3321d0eb735b2a7abd027	-	M	196
g1_aVEqakI_t-eqd7ycjVsHQG-PyxU7oAlWUFEcEX7_5ng	s1_Brk0hkuJoH-MBjdd53AO5tlWcOgDWV_R0PO74fHGd_0	1umxIt	coin-flip-v0.0.1	-	gnn-scout-7x7	sha256:7d34820fd656875b3ac4a0142e8f22179d11b133feb3321d0eb735b2a7abd027	-	M	196
g1_aVEqakI_t-eqd7ycjVsHQG-PyxU7oAlWUFEcEX7_5ng	s1_dcEgf_s_8JfAgzbYFm9Z15BWrFU6bsc6MzE1gZNvlP4	1umxIt	coin-flip-v0.0.1	-	gnn-scout-7x7	sha256:7d34820fd656875b3ac4a0142e8f22179d11b133feb3321d0eb735b2a7abd027	-	M	196
g1_aVT4wab6ZiWrndBeo9oRTHb6ZzDM7KI3Q2rAjwe4iRI	s1_-Zkk6f9nTqmWch53B4Ma6WbQcmV4c2LZI_5O8pxf0fo	1unM6r	qadv-arbiter-7x7-rust-lambda-v0.1.0	-	qadv-arbiter-7x7-rust-lambda-v0.1.0	-	L	P	196
g1_aVT4wab6ZiWrndBeo9oRTHb6ZzDM7KI3Q2rAjwe4iRI	s1_CscfVoETbj8EOFJM6PEfbNY6mBkl5jPpcXtWN6CWQss	1unM6r	qadv-arbiter-7x7-rust-lambda-v0.1.0	-	qadv-arbiter-7x7-rust-lambda-v0.1.0	-	L	P	196
g1_aVT4wab6ZiWrndBeo9oRTHb6ZzDM7KI3Q2rAjwe4iRI	s1_RauLaTi4eVgYHSp2TV9pqs9uzTVv0B10g9TaHMWpcZ4	1unM6r	qadv-arbiter-7x7-rust-lambda-v0.1.0	-	qadv-arbiter-7x7-rust-lambda-v0.1.0	-	L	P	-
g1_aVT4wab6ZiWrndBeo9oRTHb6ZzDM7KI3Q2rAjwe4iRI	s1_fUVwqAYgJ9J-_XI8S62QDsmeM8YE6n-Cz9Ow3mSWnQ8	1unM6r	qadv-arbiter-7x7-rust-lambda-v0.1.0	-	qadv-arbiter-7x7-rust-lambda-v0.1.0	-	L	P	196
g1_aVTEBsb8WUUNXgSpR_9rkST4kQz3K_MPmDawkenmeUc	s1_1av6nXQkq-GSHXfjkVlGHGpAq8F9UbW4JwZmyFA-vww	1umv7-	python-gnn-puct-scout-v0.1.0	sha256:b9f80706cc1f29076ee06fe06483697c749148a808c599579045d00a52573938	python-gnn-puct-scout-v0.1.0	sha256:b9f80706cc1f29076ee06fe06483697c749148a808c599579045d00a52573938	-	M	196
g1_aVTEBsb8WUUNXgSpR_9rkST4kQz3K_MPmDawkenmeUc	s1_Brk0hkuJoH-MBjdd53AO5tlWcOgDWV_R0PO74fHGd_0	1umv7-	python-gnn-puct-scout-v0.1.0	sha256:b9f80706cc1f29076ee06fe06483697c749148a808c599579045d00a52573938	python-gnn-puct-scout-v0.1.0	sha256:b9f80706cc1f29076ee06fe06483697c749148a808c599579045d00a52573938	-	M	196
g1_aVTEBsb8WUUNXgSpR_9rkST4kQz3K_MPmDawkenmeUc	s1_D_X-fTFZy6xuyGSC5jFyKBW6IP_59Jbomefazf4xu44	1umv7-	python-gnn-puct-scout-v0.1.0	sha256:b9f80706cc1f29076ee06fe06483697c749148a808c599579045d00a52573938	python-gnn-puct-scout-v0.1.0	sha256:b9f80706cc1f29076ee06fe06483697c749148a808c599579045d00a52573938	-	M	196
g1_aVmJ02rcjtFOy2-cmKqztqGGncQ8hmkpRl7n5cSjY1k	s1_1av6nXQkq-GSHXfjkVlGHGpAq8F9UbW4JwZmyFA-vww	1DIY2	python-gnn-puct-v0.1.0	sha256:6f9ad6e4a0993da3cf34a8549e86f9b5d512c51e11bfa76dfe051e7a8801bdac	python-gnn-puct-v0.1.0	sha256:6f9ad6e4a0993da3cf34a8549e86f9b5d512c51e11bfa76dfe051e7a8801bdac	D	P	196
g1_aVmJ02rcjtFOy2-cmKqztqGGncQ8hmkpRl7n5cSjY1k	s1_Brk0hkuJoH-MBjdd53AO5tlWcOgDWV_R0PO74fHGd_0	1DIY2	python-gnn-puct-v0.1.0	sha256:6f9ad6e4a0993da3cf34a8549e86f9b5d512c51e11bfa76dfe051e7a8801bdac	python-gnn-puct-v0.1.0	sha256:6f9ad6e4a0993da3cf34a8549e86f9b5d512c51e11bfa76dfe051e7a8801bdac	D	P	196
g1_aVmJ02rcjtFOy2-cmKqztqGGncQ8hmkpRl7n5cSjY1k	s1_KmF8KhDbubz6lwdS8R_n_yTGdSONmH9B1wUABbyCj94	1DIY2	python-gnn-puct-v0.1.0	sha256:6f9ad6e4a0993da3cf34a8549e86f9b5d512c51e11bfa76dfe051e7a8801bdac	python-gnn-puct-v0.1.0	sha256:6f9ad6e4a0993da3cf34a8549e86f9b5d512c51e11bfa76dfe051e7a8801bdac	D	P	196
g1_aVmJ02rcjtFOy2-cmKqztqGGncQ8hmkpRl7n5cSjY1k	s1_g5pGkHBMEhzAYvwFY0b24sSc7wC9JfnWApMHHZ_aMPI	1DIY2	python-gnn-puct-v0.1.0	sha256:6f9ad6e4a0993da3cf34a8549e86f9b5d512c51e11bfa76dfe051e7a8801bdac	python-gnn-puct-v0.1.0	sha256:6f9ad6e4a0993da3cf34a8549e86f9b5d512c51e11bfa76dfe051e7a8801bdac	D	P	196
g1_aVmJ02rcjtFOy2-cmKqztqGGncQ8hmkpRl7n5cSjY1k	s1_tol_POp6BcgBLMWq8iDfRBQSAXpESHxFwmcCQYXv0yQ	1DIY2	python-gnn-puct-v0.1.0	sha256:6f9ad6e4a0993da3cf34a8549e86f9b5d512c51e11bfa76dfe051e7a8801bdac	python-gnn-puct-v0.1.0	sha256:6f9ad6e4a0993da3cf34a8549e86f9b5d512c51e11bfa76dfe051e7a8801bdac	D	P	196
g1_aVpkYpn4vY2hrAfgwaDoJkkwEUNeYVX64yhhfvFfOBA	s1_5-ZL9wRsWjLMwwBuJL2GrC_KpxC6HOwO9Wj0gPRV3-w	1unOs2	qadv-arbiter-7x7-rust-lambda-v0.1.0	-	qadv-arbiter-7x7-rust-lambda-v0.1.0	-	D	P	196
g1_aVpkYpn4vY2hrAfgwaDoJkkwEUNeYVX64yhhfvFfOBA	s1_RauLaTi4eVgYHSp2TV9pqs9uzTVv0B10g9TaHMWpcZ4	1unOs2	qadv-arbiter-7x7-rust-lambda-v0.1.0	-	qadv-arbiter-7x7-rust-lambda-v0.1.0	-	D	P	-
g1_aVpkYpn4vY2hrAfgwaDoJkkwEUNeYVX64yhhfvFfOBA	s1_ZvH0zQs9A3g_XVjGORAbaXo7nNedldlFjCkoVrqNiPg	1unOs2	qadv-arbiter-7x7-rust-lambda-v0.1.0	-	qadv-arbiter-7x7-rust-lambda-v0.1.0	-	D	P	196
g1_aVpkYpn4vY2hrAfgwaDoJkkwEUNeYVX64yhhfvFfOBA	s1_akwduJQL7bNB5tx4gkkmecM0PgO3iBsRXb5PKlN0TQk	1unOs2	qadv-arbiter-7x7-rust-lambda-v0.1.0	-	qadv-arbiter-7x7-rust-lambda-v0.1.0	-	D	P	196
g1_aVr0hQGD_ftU3kVsLiYt5DSMfW1Sbg0uapVu35i_9Kw	s1_1av6nXQkq-GSHXfjkVlGHGpAq8F9UbW4JwZmyFA-vww	1E5X5	coin-flip-v0.0.1	-	gnn-generation-8-7x7	sha256:5cf77e6a89157753900dc1136a3f3b89395927393853806ee080f212998003b6	D	P	196
g1_aVr0hQGD_ftU3kVsLiYt5DSMfW1Sbg0uapVu35i_9Kw	s1_Brk0hkuJoH-MBjdd53AO5tlWcOgDWV_R0PO74fHGd_0	1E5X5	coin-flip-v0.0.1	-	gnn-generation-8-7x7	sha256:5cf77e6a89157753900dc1136a3f3b89395927393853806ee080f212998003b6	D	P	196
g1_aVr0hQGD_ftU3kVsLiYt5DSMfW1Sbg0uapVu35i_9Kw	s1_ey0X9h1GlZ80KZNtd0_1PnIwLX-7eb1fQjiCa9wrhUM	1E5X5	coin-flip-v0.0.1	-	gnn-generation-8-7x7	sha256:5cf77e6a89157753900dc1136a3f3b89395927393853806ee080f212998003b6	D	P	196
g1_aVuhty56gJA_2WkGqobHqARxMHtRbS_ZnwHE4IPBVnU	s1_LEpqOkNzxv6GRPomcZ9KKHDValunTvvTlgx1rbk63D8	1umw4u	qadv-arbiter-7x7-v0.1.0	sha256:dd984097af768c46f6abbdba343ea266b9a7ab552164deb62c6b9c13ccacfd68	cnn-reval30k-7x7	sha256:7439239ff343dcc422cb918560b1b72433f2e13628580427343a446f349c6f5a	D	P	196
g1_aVuhty56gJA_2WkGqobHqARxMHtRbS_ZnwHE4IPBVnU	s1_LEpqOkNzxv6GRPomcZ9KKHDValunTvvTlgx1rbk63D8	1umw4w	qadv-arbiter-7x7-v0.1.0	sha256:dd984097af768c46f6abbdba343ea266b9a7ab552164deb62c6b9c13ccacfd68	cnn-reval30k-7x7	sha256:7439239ff343dcc422cb918560b1b72433f2e13628580427343a446f349c6f5a	D	P	196
g1_aVvshAKGB5KLOzidNmh9t3W8bMYJnXzVgiPbgqMsDg4	s1_5ljWDxs2cHuicZCOrLTiAkYIjLsr60UlTp2pdgzLpFo	1un6sr	cnn-reval30k-7x7	sha256:7439239ff343dcc422cb918560b1b72433f2e13628580427343a446f349c6f5a	qadv-arbiter-guided-7x7-v0.2.0	sha256:9c0e5e530df7db77a98f6a2e75fe63a6f629c6ad6563e0b5454793ebc243b14d	L	P	196
g1_aVvshAKGB5KLOzidNmh9t3W8bMYJnXzVgiPbgqMsDg4	s1_O3cuwuia8XT9TI7Nxr3tRcajOA20XFHEIT2fYX3WizY	1un6sr	cnn-reval30k-7x7	sha256:7439239ff343dcc422cb918560b1b72433f2e13628580427343a446f349c6f5a	qadv-arbiter-guided-7x7-v0.2.0	sha256:9c0e5e530df7db77a98f6a2e75fe63a6f629c6ad6563e0b5454793ebc243b14d	L	P	196
g1_aVvshAKGB5KLOzidNmh9t3W8bMYJnXzVgiPbgqMsDg4	s1_V0LWS9svHoRw-EU00TJ9ccLmpbl0alVktC6RjcN8YsE	1un6sr	cnn-reval30k-7x7	sha256:7439239ff343dcc422cb918560b1b72433f2e13628580427343a446f349c6f5a	qadv-arbiter-guided-7x7-v0.2.0	sha256:9c0e5e530df7db77a98f6a2e75fe63a6f629c6ad6563e0b5454793ebc243b14d	L	P	196
g1_aVy_xQ2b4NuJZbvt8bkiWQMkEm9x3PZK13vCEnhQ5Fw	s1_HA6L2LE1nMB1QoYtntjd2YAUVsMyXA6WVeBJj3rDKwQ	1unNi1	qadv-arbiter-7x7-rust-lambda-v0.1.0	-	qadv-arbiter-7x7-rust-lambda-v0.1.0	-	D	P	196
g1_aVy_xQ2b4NuJZbvt8bkiWQMkEm9x3PZK13vCEnhQ5Fw	s1_IvVvf0pdDxHkaaOg29QWysp8ftKMQyHHmeuuNvK0gjw	1unNi1	qadv-arbiter-7x7-rust-lambda-v0.1.0	-	qadv-arbiter-7x7-rust-lambda-v0.1.0	-	D	P	196
g1_aVy_xQ2b4NuJZbvt8bkiWQMkEm9x3PZK13vCEnhQ5Fw	s1_RauLaTi4eVgYHSp2TV9pqs9uzTVv0B10g9TaHMWpcZ4	1unNi1	qadv-arbiter-7x7-rust-lambda-v0.1.0	-	qadv-arbiter-7x7-rust-lambda-v0.1.0	-	D	P	-
g1_aVy_xQ2b4NuJZbvt8bkiWQMkEm9x3PZK13vCEnhQ5Fw	s1_ntLKYKRAU8W7EKdseG0_AL3COAq6dGiZ-bOrd6fSxo4	1unNi1	qadv-arbiter-7x7-rust-lambda-v0.1.0	-	qadv-arbiter-7x7-rust-lambda-v0.1.0	-	D	P	196
g1_aW2wfUQaEIFJEaWxbqAGmel7TfsNYWl3FGLcN2w9IH8	s1_BDWpqWDbIuZsQwwA6b_RY1TM58B78wTJJ6YFTrrJQx0	1unOep	qadv-arbiter-7x7-rust-lambda-v0.1.0	-	qadv-arbiter-7x7-rust-lambda-v0.1.0	-	L	P	196
g1_aW2wfUQaEIFJEaWxbqAGmel7TfsNYWl3FGLcN2w9IH8	s1_RauLaTi4eVgYHSp2TV9pqs9uzTVv0B10g9TaHMWpcZ4	1unOep	qadv-arbiter-7x7-rust-lambda-v0.1.0	-	qadv-arbiter-7x7-rust-lambda-v0.1.0	-	L	P	-
g1_aW2wfUQaEIFJEaWxbqAGmel7TfsNYWl3FGLcN2w9IH8	s1_TkZUNznl2GfG-g2zig3U0C57P-VgO51X8o45xTVu-84	1unOep	qadv-arbiter-7x7-rust-lambda-v0.1.0	-	qadv-arbiter-7x7-rust-lambda-v0.1.0	-	L	P	196
g1_aW2wfUQaEIFJEaWxbqAGmel7TfsNYWl3FGLcN2w9IH8	s1_bIMPSlw40XQFweG29BmZvgn9UcGUpHDJK12tbYXIAJY	1unOep	qadv-arbiter-7x7-rust-lambda-v0.1.0	-	qadv-arbiter-7x7-rust-lambda-v0.1.0	-	L	P	196
g1_aW3Nu5Ew29T9WcIpjYG7XI1TSCvKsHcjoqObBOVrwG4	s1_MiPo9dkB5FeImM1_nUq3WBqOnIcsicd2gsqPnWag3JI	1unN8m	qadv-arbiter-7x7-rust-lambda-v0.1.0	-	qadv-arbiter-7x7-rust-lambda-v0.1.0	-	L	P	196
g1_aW3Nu5Ew29T9WcIpjYG7XI1TSCvKsHcjoqObBOVrwG4	s1_PybIzTImCU52Cr6PvtODbgDsqnnS6NZA9FNr99FgOmk	1unN8m	qadv-arbiter-7x7-rust-lambda-v0.1.0	-	qadv-arbiter-7x7-rust-lambda-v0.1.0	-	L	P	196
g1_aW3Nu5Ew29T9WcIpjYG7XI1TSCvKsHcjoqObBOVrwG4	s1_RauLaTi4eVgYHSp2TV9pqs9uzTVv0B10g9TaHMWpcZ4	1unN8m	qadv-arbiter-7x7-rust-lambda-v0.1.0	-	qadv-arbiter-7x7-rust-lambda-v0.1.0	-	L	P	-
g1_aW3Nu5Ew29T9WcIpjYG7XI1TSCvKsHcjoqObBOVrwG4	s1_T0qiig3sq_ktdAc2VfVsZnyB92Q32JbtTrjrF7aUZt8	1unN8m	qadv-arbiter-7x7-rust-lambda-v0.1.0	-	qadv-arbiter-7x7-rust-lambda-v0.1.0	-	L	P	196
g1_aWBzwKsdjn4D3ZahmSspd3EnS6onPFsWwjZw4t5sEUw	s1_flXyOBW6T9LLVDFIvXBGel1MoVNZcUcMFIJnB9yLapU	1umxFD	python-gnn-puct-reval30k-v0.1.0	sha256:6120be86fc469df71473c3de64e5e32f99694cd47d621fa5948f243dc51d3d21	python-gnn-puct-reval30k-v0.1.0	sha256:6120be86fc469df71473c3de64e5e32f99694cd47d621fa5948f243dc51d3d21	D	P	196
g1_aWRB0Mt_AN9W2Zv6yWYajVx-ZaZ9o4faY3q5NKLBy88	s1_5D22GLXDO4lg2lkJluxPoqv1cBlYzT_LlDsXyi8coQo	1unN-I	qadv-arbiter-7x7-rust-lambda-v0.1.0	-	qadv-arbiter-7x7-rust-lambda-v0.1.0	-	D	P	196
g1_aWRB0Mt_AN9W2Zv6yWYajVx-ZaZ9o4faY3q5NKLBy88	s1_RauLaTi4eVgYHSp2TV9pqs9uzTVv0B10g9TaHMWpcZ4	1unN-I	qadv-arbiter-7x7-rust-lambda-v0.1.0	-	qadv-arbiter-7x7-rust-lambda-v0.1.0	-	D	P	-
g1_aWRB0Mt_AN9W2Zv6yWYajVx-ZaZ9o4faY3q5NKLBy88	s1_TOIMyp3L_Y1s9qWZJMeL7_eZaoViUoJMSw8oMzGIbis	1unN-I	qadv-arbiter-7x7-rust-lambda-v0.1.0	-	qadv-arbiter-7x7-rust-lambda-v0.1.0	-	D	P	196
g1_aWRB0Mt_AN9W2Zv6yWYajVx-ZaZ9o4faY3q5NKLBy88	s1_v8vP-9lYnCzrn-YsQsoOsZzREcvNwX_8FNk6EwXECdg	1unN-I	qadv-arbiter-7x7-rust-lambda-v0.1.0	-	qadv-arbiter-7x7-rust-lambda-v0.1.0	-	D	P	196
g1_aWhNJzQHzs9bZ1o_rUC5pEDuzhygYwLpf5UKGPWQeNI	s1_1av6nXQkq-GSHXfjkVlGHGpAq8F9UbW4JwZmyFA-vww	1DIij	python-gnn-puct-v0.1.0	sha256:6f9ad6e4a0993da3cf34a8549e86f9b5d512c51e11bfa76dfe051e7a8801bdac	python-gnn-puct-v0.1.0	sha256:6f9ad6e4a0993da3cf34a8549e86f9b5d512c51e11bfa76dfe051e7a8801bdac	-	M	196
g1_aWhNJzQHzs9bZ1o_rUC5pEDuzhygYwLpf5UKGPWQeNI	s1_del54SUFELBov5vQFrhsVexn6D9EhUPDFZpXuqC6eCI	1DIij	python-gnn-puct-v0.1.0	sha256:6f9ad6e4a0993da3cf34a8549e86f9b5d512c51e11bfa76dfe051e7a8801bdac	python-gnn-puct-v0.1.0	sha256:6f9ad6e4a0993da3cf34a8549e86f9b5d512c51e11bfa76dfe051e7a8801bdac	-	M	196
g1_aWhNJzQHzs9bZ1o_rUC5pEDuzhygYwLpf5UKGPWQeNI	s1_g5pGkHBMEhzAYvwFY0b24sSc7wC9JfnWApMHHZ_aMPI	1DIij	python-gnn-puct-v0.1.0	sha256:6f9ad6e4a0993da3cf34a8549e86f9b5d512c51e11bfa76dfe051e7a8801bdac	python-gnn-puct-v0.1.0	sha256:6f9ad6e4a0993da3cf34a8549e86f9b5d512c51e11bfa76dfe051e7a8801bdac	-	M	196
g1_aWhNJzQHzs9bZ1o_rUC5pEDuzhygYwLpf5UKGPWQeNI	s1_mWPTef6xYbijjPhDIC6QgLRmu2mMSJAokNlIkx3vg54	1DIij	python-gnn-puct-v0.1.0	sha256:6f9ad6e4a0993da3cf34a8549e86f9b5d512c51e11bfa76dfe051e7a8801bdac	python-gnn-puct-v0.1.0	sha256:6f9ad6e4a0993da3cf34a8549e86f9b5d512c51e11bfa76dfe051e7a8801bdac	-	M	196
g1_aWhNJzQHzs9bZ1o_rUC5pEDuzhygYwLpf5UKGPWQeNI	s1_tol_POp6BcgBLMWq8iDfRBQSAXpESHxFwmcCQYXv0yQ	1DIij	python-gnn-puct-v0.1.0	sha256:6f9ad6e4a0993da3cf34a8549e86f9b5d512c51e11bfa76dfe051e7a8801bdac	python-gnn-puct-v0.1.0	sha256:6f9ad6e4a0993da3cf34a8549e86f9b5d512c51e11bfa76dfe051e7a8801bdac	-	M	196
g1_aWsbeNPUtKryjPHhkhdKqDTceCh4g2r5F7vUx5LMNfk	s1_LAErFMCGNv5mU3snOBJLiWVPFLTVJ9vzqbe7CsHvg7c	1unPaI	qadv-arbiter-7x7-rust-lambda-v0.1.0	-	qadv-arbiter-7x7-rust-lambda-v0.1.0	-	L	P	196
g1_aWsbeNPUtKryjPHhkhdKqDTceCh4g2r5F7vUx5LMNfk	s1_PhrqL6benNfBLFs4iEc4zpkAto0ouvRZMHZMT4uU428	1unPaI	qadv-arbiter-7x7-rust-lambda-v0.1.0	-	qadv-arbiter-7x7-rust-lambda-v0.1.0	-	L	P	196
g1_aWsbeNPUtKryjPHhkhdKqDTceCh4g2r5F7vUx5LMNfk	s1_RauLaTi4eVgYHSp2TV9pqs9uzTVv0B10g9TaHMWpcZ4	1unPaI	qadv-arbiter-7x7-rust-lambda-v0.1.0	-	qadv-arbiter-7x7-rust-lambda-v0.1.0	-	L	P	-
g1_aWsbeNPUtKryjPHhkhdKqDTceCh4g2r5F7vUx5LMNfk	s1_lo4YTkvrF-WbmJicEu7bICs77LCWDDFp0S-BEgm12wc	1unPaI	qadv-arbiter-7x7-rust-lambda-v0.1.0	-	qadv-arbiter-7x7-rust-lambda-v0.1.0	-	L	P	196
g1_aWwlsp8lUB-MJ5PctMwOfTQFsRAZcvOQ5EZTUZGZEv4	s1_1LB6NAgPOeCp4r8rQw4kUOIXWpEdWysFm5RZjWCQSgc	1umwYX	python-gnn-puct-learner-v0.1.0	sha256:ab0f739cd33d66781faf60e27797c5ccba3c04ba684f8d9e32e9c2754f4e8956	python-gnn-puct-learner-v0.1.0	sha256:ab0f739cd33d66781faf60e27797c5ccba3c04ba684f8d9e32e9c2754f4e8956	L	P	196
g1_aWwlsp8lUB-MJ5PctMwOfTQFsRAZcvOQ5EZTUZGZEv4	s1_P4NHYhwuVnEA-dG2X-UVeVotb84A5mwljbYTlTMqr8w	1umwYX	python-gnn-puct-learner-v0.1.0	sha256:ab0f739cd33d66781faf60e27797c5ccba3c04ba684f8d9e32e9c2754f4e8956	python-gnn-puct-learner-v0.1.0	sha256:ab0f739cd33d66781faf60e27797c5ccba3c04ba684f8d9e32e9c2754f4e8956	L	P	196
g1_aX35XBQf4aD6bWqMQWqCbdz6e_TVon3xHZc61QVfc_s	s1_JaqhE_D-2DZoHhCSbLu7BWbYk92qo7FK2O6Vs9KavO0	1unMKl	qadv-arbiter-7x7-rust-lambda-v0.1.0	-	qadv-arbiter-7x7-rust-lambda-v0.1.0	-	D	P	196
g1_aX35XBQf4aD6bWqMQWqCbdz6e_TVon3xHZc61QVfc_s	s1_RauLaTi4eVgYHSp2TV9pqs9uzTVv0B10g9TaHMWpcZ4	1unMKl	qadv-arbiter-7x7-rust-lambda-v0.1.0	-	qadv-arbiter-7x7-rust-lambda-v0.1.0	-	D	P	-
g1_aX35XBQf4aD6bWqMQWqCbdz6e_TVon3xHZc61QVfc_s	s1_YALYrSrKpEeWlqq2WTIiV340hORUcZfJPcebnye5kMc	1unMKl	qadv-arbiter-7x7-rust-lambda-v0.1.0	-	qadv-arbiter-7x7-rust-lambda-v0.1.0	-	D	P	196
g1_aX35XBQf4aD6bWqMQWqCbdz6e_TVon3xHZc61QVfc_s	s1__jClZ2wLQ-m8YJxNv3_Tc9cJ7c00Kmxpq5oM6V433qk	1unMKl	qadv-arbiter-7x7-rust-lambda-v0.1.0	-	qadv-arbiter-7x7-rust-lambda-v0.1.0	-	D	P	196
g1_aX5Ckq7RbY7jqbyDl1A-deSvSf79t-f_ctWIsPvClXc	s1_COxdAkE9bdcQgFgWHDj4jL3Xe2HWqZQt7FNDNuYkRpA	1unMu-	qadv-arbiter-7x7-rust-lambda-v0.1.0	-	qadv-arbiter-7x7-rust-lambda-v0.1.0	-	L	P	196
g1_aX5Ckq7RbY7jqbyDl1A-deSvSf79t-f_ctWIsPvClXc	s1_J8Xm94LK5ZOCoj3VpTeFlEkpp-YQAcpK9J7ZF29lGPM	1unMu-	qadv-arbiter-7x7-rust-lambda-v0.1.0	-	qadv-arbiter-7x7-rust-lambda-v0.1.0	-	L	P	196
g1_aX5Ckq7RbY7jqbyDl1A-deSvSf79t-f_ctWIsPvClXc	s1_RauLaTi4eVgYHSp2TV9pqs9uzTVv0B10g9TaHMWpcZ4	1unMu-	qadv-arbiter-7x7-rust-lambda-v0.1.0	-	qadv-arbiter-7x7-rust-lambda-v0.1.0	-	L	P	-
g1_aX5Ckq7RbY7jqbyDl1A-deSvSf79t-f_ctWIsPvClXc	s1_vPdOeSwaWEnBSkKPwZl93nJZwBz-lbn7MTjCA_C9VtQ	1unMu-	qadv-arbiter-7x7-rust-lambda-v0.1.0	-	qadv-arbiter-7x7-rust-lambda-v0.1.0	-	L	P	196
g1_aX99MipePz2HFwmP8vSvBvmAESOx3R0845tzdDFHv58	s1_1av6nXQkq-GSHXfjkVlGHGpAq8F9UbW4JwZmyFA-vww	1DIjk	python-gnn-puct-v0.1.0	sha256:6f9ad6e4a0993da3cf34a8549e86f9b5d512c51e11bfa76dfe051e7a8801bdac	python-gnn-puct-v0.1.0	sha256:6f9ad6e4a0993da3cf34a8549e86f9b5d512c51e11bfa76dfe051e7a8801bdac	D	P	196
g1_aX99MipePz2HFwmP8vSvBvmAESOx3R0845tzdDFHv58	s1_Brk0hkuJoH-MBjdd53AO5tlWcOgDWV_R0PO74fHGd_0	1DIjk	python-gnn-puct-v0.1.0	sha256:6f9ad6e4a0993da3cf34a8549e86f9b5d512c51e11bfa76dfe051e7a8801bdac	python-gnn-puct-v0.1.0	sha256:6f9ad6e4a0993da3cf34a8549e86f9b5d512c51e11bfa76dfe051e7a8801bdac	D	P	196
g1_aX99MipePz2HFwmP8vSvBvmAESOx3R0845tzdDFHv58	s1_KmF8KhDbubz6lwdS8R_n_yTGdSONmH9B1wUABbyCj94	1DIjk	python-gnn-puct-v0.1.0	sha256:6f9ad6e4a0993da3cf34a8549e86f9b5d512c51e11bfa76dfe051e7a8801bdac	python-gnn-puct-v0.1.0	sha256:6f9ad6e4a0993da3cf34a8549e86f9b5d512c51e11bfa76dfe051e7a8801bdac	D	P	196
g1_aX99MipePz2HFwmP8vSvBvmAESOx3R0845tzdDFHv58	s1_g5pGkHBMEhzAYvwFY0b24sSc7wC9JfnWApMHHZ_aMPI	1DIjk	python-gnn-puct-v0.1.0	sha256:6f9ad6e4a0993da3cf34a8549e86f9b5d512c51e11bfa76dfe051e7a8801bdac	python-gnn-puct-v0.1.0	sha256:6f9ad6e4a0993da3cf34a8549e86f9b5d512c51e11bfa76dfe051e7a8801bdac	D	P	196
g1_aX99MipePz2HFwmP8vSvBvmAESOx3R0845tzdDFHv58	s1_tol_POp6BcgBLMWq8iDfRBQSAXpESHxFwmcCQYXv0yQ	1DIjk	python-gnn-puct-v0.1.0	sha256:6f9ad6e4a0993da3cf34a8549e86f9b5d512c51e11bfa76dfe051e7a8801bdac	python-gnn-puct-v0.1.0	sha256:6f9ad6e4a0993da3cf34a8549e86f9b5d512c51e11bfa76dfe051e7a8801bdac	D	P	196
g1_aXCNW_Z95pXaTVWPGqWThHqNoKOuhUbZcBKbug8w2lI	s1_1s5lVz56GKjxUdj2RRqxwTg236V32kpJPhKPtWEEk5A	1unLpP	qadv-arbiter-7x7-rust-lambda-v0.1.0	-	qadv-arbiter-7x7-rust-lambda-v0.1.0	-	L	P	196
g1_aXCNW_Z95pXaTVWPGqWThHqNoKOuhUbZcBKbug8w2lI	s1_RauLaTi4eVgYHSp2TV9pqs9uzTVv0B10g9TaHMWpcZ4	1unLpP	qadv-arbiter-7x7-rust-lambda-v0.1.0	-	qadv-arbiter-7x7-rust-lambda-v0.1.0	-	L	P	-
g1_aXCNW_Z95pXaTVWPGqWThHqNoKOuhUbZcBKbug8w2lI	s1_sX6wMjwEceoHXlKRHEuPQnX4btzmMv0s1tibhfsd1s0	1unLpP	qadv-arbiter-7x7-rust-lambda-v0.1.0	-	qadv-arbiter-7x7-rust-lambda-v0.1.0	-	L	P	196
g1_aXCNW_Z95pXaTVWPGqWThHqNoKOuhUbZcBKbug8w2lI	s1_x1YUYxfarCdpTHpeTPZz1kDnz3nWlBMOvkJ6_i3jmsg	1unLpP	qadv-arbiter-7x7-rust-lambda-v0.1.0	-	qadv-arbiter-7x7-rust-lambda-v0.1.0	-	L	P	196
g1_aXfVm78fl-G1H4nDj_QcXVOCOzcJfNI532QtxL0F75Q	s1_1av6nXQkq-GSHXfjkVlGHGpAq8F9UbW4JwZmyFA-vww	1DIXK	rust-pathfinder-v0.1.0	-	lunatic-v0.1.0	-	L	P	-
g1_aXfVm78fl-G1H4nDj_QcXVOCOzcJfNI532QtxL0F75Q	s1_9Eroywf7tuDrn-hcfZPjlEa1DSRUykCRn9Z11u8ySIo	1DIXK	rust-pathfinder-v0.1.0	-	lunatic-v0.1.0	-	L	P	-
g1_aXfVm78fl-G1H4nDj_QcXVOCOzcJfNI532QtxL0F75Q	s1_MKrI0a3Qd48rU7oZj28GrlQ3cHhIbUzS5ibiIW9aKy4	1DIXK	rust-pathfinder-v0.1.0	-	lunatic-v0.1.0	-	L	P	-
g1_aXfVm78fl-G1H4nDj_QcXVOCOzcJfNI532QtxL0F75Q	s1_XloMUS0hxYEXf762lcPfaudsLmsH-CsOVZNVVU_obcA	1DIXK	rust-pathfinder-v0.1.0	-	lunatic-v0.1.0	-	L	P	-
g1_aXfVm78fl-G1H4nDj_QcXVOCOzcJfNI532QtxL0F75Q	s1_del54SUFELBov5vQFrhsVexn6D9EhUPDFZpXuqC6eCI	1DIXK	rust-pathfinder-v0.1.0	-	lunatic-v0.1.0	-	L	P	-
g1_aXfVm78fl-G1H4nDj_QcXVOCOzcJfNI532QtxL0F75Q	s1_g5pGkHBMEhzAYvwFY0b24sSc7wC9JfnWApMHHZ_aMPI	1DIXK	rust-pathfinder-v0.1.0	-	lunatic-v0.1.0	-	L	P	-
g1_aXfVm78fl-G1H4nDj_QcXVOCOzcJfNI532QtxL0F75Q	s1_mWPTef6xYbijjPhDIC6QgLRmu2mMSJAokNlIkx3vg54	1DIXK	rust-pathfinder-v0.1.0	-	lunatic-v0.1.0	-	L	P	-
g1_aXipYhLqqprMzjX6XamyvzOCj7lmbT-4AgIinxnAKdQ	s1_8C5e5j9rUTo0ZH39vUWH8PuJ7_q4p-IPH9CTdFgzpNg	1unOTp	qadv-arbiter-7x7-rust-lambda-v0.1.0	-	qadv-arbiter-7x7-rust-lambda-v0.1.0	-	D	P	196
g1_aXipYhLqqprMzjX6XamyvzOCj7lmbT-4AgIinxnAKdQ	s1_H8JDEjT18EVUkGeLNJty2s-uDc_LdFyL-bNJNZmn2Fg	1unOTp	qadv-arbiter-7x7-rust-lambda-v0.1.0	-	qadv-arbiter-7x7-rust-lambda-v0.1.0	-	D	P	196
g1_aXipYhLqqprMzjX6XamyvzOCj7lmbT-4AgIinxnAKdQ	s1_RauLaTi4eVgYHSp2TV9pqs9uzTVv0B10g9TaHMWpcZ4	1unOTp	qadv-arbiter-7x7-rust-lambda-v0.1.0	-	qadv-arbiter-7x7-rust-lambda-v0.1.0	-	D	P	-
g1_aXipYhLqqprMzjX6XamyvzOCj7lmbT-4AgIinxnAKdQ	s1_Z0C5KYs60Rcp-aUb9znSkzHCShwBEmHBmm1IO3q1XfY	1unOTp	qadv-arbiter-7x7-rust-lambda-v0.1.0	-	qadv-arbiter-7x7-rust-lambda-v0.1.0	-	D	P	196
g1_aXmte9kuj4pV1_L7nu9gCK8meaIjLe_Jte9vYZxQl0g	s1_1av6nXQkq-GSHXfjkVlGHGpAq8F9UbW4JwZmyFA-vww	1DIf4	python-gnn-puct-v0.1.0	sha256:6f9ad6e4a0993da3cf34a8549e86f9b5d512c51e11bfa76dfe051e7a8801bdac	python-gnn-puct-v0.1.0	sha256:6f9ad6e4a0993da3cf34a8549e86f9b5d512c51e11bfa76dfe051e7a8801bdac	-	M	196
g1_aXmte9kuj4pV1_L7nu9gCK8meaIjLe_Jte9vYZxQl0g	s1_Brk0hkuJoH-MBjdd53AO5tlWcOgDWV_R0PO74fHGd_0	1DIf4	python-gnn-puct-v0.1.0	sha256:6f9ad6e4a0993da3cf34a8549e86f9b5d512c51e11bfa76dfe051e7a8801bdac	python-gnn-puct-v0.1.0	sha256:6f9ad6e4a0993da3cf34a8549e86f9b5d512c51e11bfa76dfe051e7a8801bdac	-	M	196
g1_aXmte9kuj4pV1_L7nu9gCK8meaIjLe_Jte9vYZxQl0g	s1_KmF8KhDbubz6lwdS8R_n_yTGdSONmH9B1wUABbyCj94	1DIf4	python-gnn-puct-v0.1.0	sha256:6f9ad6e4a0993da3cf34a8549e86f9b5d512c51e11bfa76dfe051e7a8801bdac	python-gnn-puct-v0.1.0	sha256:6f9ad6e4a0993da3cf34a8549e86f9b5d512c51e11bfa76dfe051e7a8801bdac	-	M	196
g1_aXmte9kuj4pV1_L7nu9gCK8meaIjLe_Jte9vYZxQl0g	s1_g5pGkHBMEhzAYvwFY0b24sSc7wC9JfnWApMHHZ_aMPI	1DIf4	python-gnn-puct-v0.1.0	sha256:6f9ad6e4a0993da3cf34a8549e86f9b5d512c51e11bfa76dfe051e7a8801bdac	python-gnn-puct-v0.1.0	sha256:6f9ad6e4a0993da3cf34a8549e86f9b5d512c51e11bfa76dfe051e7a8801bdac	-	M	196
g1_aXmte9kuj4pV1_L7nu9gCK8meaIjLe_Jte9vYZxQl0g	s1_tol_POp6BcgBLMWq8iDfRBQSAXpESHxFwmcCQYXv0yQ	1DIf4	python-gnn-puct-v0.1.0	sha256:6f9ad6e4a0993da3cf34a8549e86f9b5d512c51e11bfa76dfe051e7a8801bdac	python-gnn-puct-v0.1.0	sha256:6f9ad6e4a0993da3cf34a8549e86f9b5d512c51e11bfa76dfe051e7a8801bdac	-	M	196
g1_aYIesddOxg05iwQ_rGpZOLTm0jmaziQYPRxHi8HiVBw	s1_MPZVpakJWpQIz9GNoj9lb8p43W3D05ZP6oy0TI22H9A	1umvhi	parent-policy-value	sha256:68b7f0e95e7770d58aa4a2ca13df72c0e1386d400d468c95e8ed2584a3f332fe	seeded-qadv-0pct	sha256:bd410158bd08408ebf1b3c94da9f79c936207eb8b23402d965088de558596936	L	P	196
g1_aYIesddOxg05iwQ_rGpZOLTm0jmaziQYPRxHi8HiVBw	s1_MPZVpakJWpQIz9GNoj9lb8p43W3D05ZP6oy0TI22H9A	1umvhk	parent-policy-value	sha256:68b7f0e95e7770d58aa4a2ca13df72c0e1386d400d468c95e8ed2584a3f332fe	seeded-qadv-0pct	sha256:bd410158bd08408ebf1b3c94da9f79c936207eb8b23402d965088de558596936	L	P	196
g1_aYKGaa1mToIGNhrDMzDSjw0IvcFnO-YAKemisyTRxkQ	s1_2MXqQnm6dxuqnHl8gdgDnwIezxgF-AkPGEmPM_QF7UA	1unMPE	qadv-arbiter-7x7-rust-lambda-v0.1.0	-	qadv-arbiter-7x7-rust-lambda-v0.1.0	-	L	P	196
g1_aYKGaa1mToIGNhrDMzDSjw0IvcFnO-YAKemisyTRxkQ	s1_IOF2zwUfjoqN7Av3Z8Zpv_g8SHuLeeTQYp4iIYMEq7E	1unMPE	qadv-arbiter-7x7-rust-lambda-v0.1.0	-	qadv-arbiter-7x7-rust-lambda-v0.1.0	-	L	P	196
g1_aYKGaa1mToIGNhrDMzDSjw0IvcFnO-YAKemisyTRxkQ	s1_RauLaTi4eVgYHSp2TV9pqs9uzTVv0B10g9TaHMWpcZ4	1unMPE	qadv-arbiter-7x7-rust-lambda-v0.1.0	-	qadv-arbiter-7x7-rust-lambda-v0.1.0	-	L	P	-
g1_aYKGaa1mToIGNhrDMzDSjw0IvcFnO-YAKemisyTRxkQ	s1_kP8RUNNhZ0R-Br0uWHdz9s9XgOEbe5f7oCWLqWDsdi4	1unMPE	qadv-arbiter-7x7-rust-lambda-v0.1.0	-	qadv-arbiter-7x7-rust-lambda-v0.1.0	-	L	P	196
g1_aYLYxQEe4cO1LK7PO5ZI9JQk_eXvNXma-NwzC-z5yqg	s1_5LbF2PE6QkbOfOUpiRWi4GhgY9kJIOIUtoSyQIWFEnw	1unOoE	qadv-arbiter-7x7-rust-lambda-v0.1.0	-	qadv-arbiter-7x7-rust-lambda-v0.1.0	-	L	P	196
g1_aYLYxQEe4cO1LK7PO5ZI9JQk_eXvNXma-NwzC-z5yqg	s1_RauLaTi4eVgYHSp2TV9pqs9uzTVv0B10g9TaHMWpcZ4	1unOoE	qadv-arbiter-7x7-rust-lambda-v0.1.0	-	qadv-arbiter-7x7-rust-lambda-v0.1.0	-	L	P	-
g1_aYLYxQEe4cO1LK7PO5ZI9JQk_eXvNXma-NwzC-z5yqg	s1_hN_MMdB4W8qnlJ8KXYgeJdRVJ1_WjV0iNeNFdsXgmag	1unOoE	qadv-arbiter-7x7-rust-lambda-v0.1.0	-	qadv-arbiter-7x7-rust-lambda-v0.1.0	-	L	P	196
g1_aYLYxQEe4cO1LK7PO5ZI9JQk_eXvNXma-NwzC-z5yqg	s1_tVvRv39U9_kdFJyPVvJa6JiU7rxFlGsjl2qF-7VqvAQ	1unOoE	qadv-arbiter-7x7-rust-lambda-v0.1.0	-	qadv-arbiter-7x7-rust-lambda-v0.1.0	-	L	P	196
g1_aYP8WbLLd9Hr34KQDlkEpY9x25WGWf9EisNi_nooytU	s1_-oQlXYfCIOdildpi-K-W5c1BEJf784fw5LMwqrU06ZA	1unMoA	qadv-arbiter-7x7-rust-lambda-v0.1.0	-	qadv-arbiter-7x7-rust-lambda-v0.1.0	-	D	P	196
g1_aYP8WbLLd9Hr34KQDlkEpY9x25WGWf9EisNi_nooytU	s1_RauLaTi4eVgYHSp2TV9pqs9uzTVv0B10g9TaHMWpcZ4	1unMoA	qadv-arbiter-7x7-rust-lambda-v0.1.0	-	qadv-arbiter-7x7-rust-lambda-v0.1.0	-	D	P	-
g1_aYP8WbLLd9Hr34KQDlkEpY9x25WGWf9EisNi_nooytU	s1_gvX4NMXkf6Kt6VDfeKgTRwvlrUb9a4pGCKcJ1UgA2qY	1unMoA	qadv-arbiter-7x7-rust-lambda-v0.1.0	-	qadv-arbiter-7x7-rust-lambda-v0.1.0	-	D	P	196
g1_aYP8WbLLd9Hr34KQDlkEpY9x25WGWf9EisNi_nooytU	s1_l9OUX3tYeGKGOBFcuvhnFtoGRrbj6M9g_CAphKmtprQ	1unMoA	qadv-arbiter-7x7-rust-lambda-v0.1.0	-	qadv-arbiter-7x7-rust-lambda-v0.1.0	-	D	P	196
g1_aYSWozRKhDI7ntLs1aII-oOKDb4FXBKmtsgE5bdjL5o	s1_1av6nXQkq-GSHXfjkVlGHGpAq8F9UbW4JwZmyFA-vww	1Di81	pathfinder-v0.3.0	-	gnn-generation-8-7x7	sha256:5cf77e6a89157753900dc1136a3f3b89395927393853806ee080f212998003b6	L	P	196
g1_aYSWozRKhDI7ntLs1aII-oOKDb4FXBKmtsgE5bdjL5o	s1_Brk0hkuJoH-MBjdd53AO5tlWcOgDWV_R0PO74fHGd_0	1Di81	pathfinder-v0.3.0	-	gnn-generation-8-7x7	sha256:5cf77e6a89157753900dc1136a3f3b89395927393853806ee080f212998003b6	L	P	196
g1_aYSWozRKhDI7ntLs1aII-oOKDb4FXBKmtsgE5bdjL5o	s1_ey0X9h1GlZ80KZNtd0_1PnIwLX-7eb1fQjiCa9wrhUM	1E4oB	pathfinder-v0.3.0	-	gnn-generation-8-7x7	sha256:5cf77e6a89157753900dc1136a3f3b89395927393853806ee080f212998003b6	L	P	196
g1_aYSWozRKhDI7ntLs1aII-oOKDb4FXBKmtsgE5bdjL5o	s1_ey0X9h1GlZ80KZNtd0_1PnIwLX-7eb1fQjiCa9wrhUM	1E4oD	pathfinder-v0.3.0	-	gnn-generation-8-7x7	sha256:5cf77e6a89157753900dc1136a3f3b89395927393853806ee080f212998003b6	L	P	196
g1_aYSWozRKhDI7ntLs1aII-oOKDb4FXBKmtsgE5bdjL5o	s1_gPoZ5rByZErTaB0WLQoU6LVl6WlfprkiDFHagxLzf2Q	1Di81	pathfinder-v0.3.0	-	gnn-generation-8-7x7	sha256:5cf77e6a89157753900dc1136a3f3b89395927393853806ee080f212998003b6	L	P	196
g1_aYSWozRKhDI7ntLs1aII-oOKDb4FXBKmtsgE5bdjL5o	s1_gPoZ5rByZErTaB0WLQoU6LVl6WlfprkiDFHagxLzf2Q	1Di83	pathfinder-v0.3.0	-	gnn-generation-8-7x7	sha256:5cf77e6a89157753900dc1136a3f3b89395927393853806ee080f212998003b6	L	P	196
g1_aYduFPKje7Ezb3mxIQ7Rme_ALQUkfE_V8K2JtyIJQYo	s1_1xLImEkW_cFJx9XDlZAyNUQYym8-kcbijIIG-i5ytNU	1unMSr	qadv-arbiter-7x7-rust-lambda-v0.1.0	-	qadv-arbiter-7x7-rust-lambda-v0.1.0	-	D	P	196
g1_aYduFPKje7Ezb3mxIQ7Rme_ALQUkfE_V8K2JtyIJQYo	s1_RauLaTi4eVgYHSp2TV9pqs9uzTVv0B10g9TaHMWpcZ4	1unMSr	qadv-arbiter-7x7-rust-lambda-v0.1.0	-	qadv-arbiter-7x7-rust-lambda-v0.1.0	-	D	P	-
g1_aYduFPKje7Ezb3mxIQ7Rme_ALQUkfE_V8K2JtyIJQYo	s1_Tjy46o_Tdd2YhZzA9eJ_mf22a09qBggIrlG4qa7D_DQ	1unMSr	qadv-arbiter-7x7-rust-lambda-v0.1.0	-	qadv-arbiter-7x7-rust-lambda-v0.1.0	-	D	P	196
g1_aYduFPKje7Ezb3mxIQ7Rme_ALQUkfE_V8K2JtyIJQYo	s1_kXVJCuI3zpRM6R49j3YL2KZMD3B8FgCqmZJvpG6l85w	1unMSr	qadv-arbiter-7x7-rust-lambda-v0.1.0	-	qadv-arbiter-7x7-rust-lambda-v0.1.0	-	D	P	196
g1_aYkiQmoNu9dNr9M9PjSjLHAt77PmwthFUJcT-knkk24	s1_1av6nXQkq-GSHXfjkVlGHGpAq8F9UbW4JwZmyFA-vww	1DIW4	rust-pathfinder-v0.1.0	-	lunatic-v0.1.0	-	L	P	-
g1_aYkiQmoNu9dNr9M9PjSjLHAt77PmwthFUJcT-knkk24	s1_9Eroywf7tuDrn-hcfZPjlEa1DSRUykCRn9Z11u8ySIo	1DIW4	rust-pathfinder-v0.1.0	-	lunatic-v0.1.0	-	L	P	-
g1_aYkiQmoNu9dNr9M9PjSjLHAt77PmwthFUJcT-knkk24	s1_9Eroywf7tuDrn-hcfZPjlEa1DSRUykCRn9Z11u8ySIo	1umv0c	rust-pathfinder-v0.1.0	-	lunatic-v0.1.0	-	L	P	-
g1_aYkiQmoNu9dNr9M9PjSjLHAt77PmwthFUJcT-knkk24	s1_Brk0hkuJoH-MBjdd53AO5tlWcOgDWV_R0PO74fHGd_0	1DIW4	rust-pathfinder-v0.1.0	-	lunatic-v0.1.0	-	L	P	-
g1_aYkiQmoNu9dNr9M9PjSjLHAt77PmwthFUJcT-knkk24	s1_KmF8KhDbubz6lwdS8R_n_yTGdSONmH9B1wUABbyCj94	1DIW4	rust-pathfinder-v0.1.0	-	lunatic-v0.1.0	-	L	P	-
g1_aYkiQmoNu9dNr9M9PjSjLHAt77PmwthFUJcT-knkk24	s1_MKrI0a3Qd48rU7oZj28GrlQ3cHhIbUzS5ibiIW9aKy4	1DIW4	rust-pathfinder-v0.1.0	-	lunatic-v0.1.0	-	L	P	-
g1_aYkiQmoNu9dNr9M9PjSjLHAt77PmwthFUJcT-knkk24	s1_S06ybw0yDIIqiOwgmMxEdlMUe_DdAoxGfY5D91Fh580	1umv0c	rust-pathfinder-v0.1.0	-	lunatic-v0.1.0	-	L	P	-
g1_aYkiQmoNu9dNr9M9PjSjLHAt77PmwthFUJcT-knkk24	s1_XloMUS0hxYEXf762lcPfaudsLmsH-CsOVZNVVU_obcA	1DIW4	rust-pathfinder-v0.1.0	-	lunatic-v0.1.0	-	L	P	-
g1_aYkiQmoNu9dNr9M9PjSjLHAt77PmwthFUJcT-knkk24	s1_g5pGkHBMEhzAYvwFY0b24sSc7wC9JfnWApMHHZ_aMPI	1DIW4	rust-pathfinder-v0.1.0	-	lunatic-v0.1.0	-	L	P	-
g1_aYkiQmoNu9dNr9M9PjSjLHAt77PmwthFUJcT-knkk24	s1_yzrkPDA5egXCkdg9BV9wK4-9CohJuc_ZO3uCNV9xrw8	1umv0c	rust-pathfinder-v0.1.0	-	lunatic-v0.1.0	-	L	P	-
g1_aYvTpOt2PTlwQGqVMA_sDQu2_dKtPK6qhDi-E5Le6aE	s1__fmnSv6OnZklVvMPUjPdL6drtvfrJptRYX3nxZQO8jI	1umxwV	python-gnn-puct-scout-v0.1.0	sha256:b9f80706cc1f29076ee06fe06483697c749148a808c599579045d00a52573938	python-gnn-puct-scout-v0.1.0	sha256:b9f80706cc1f29076ee06fe06483697c749148a808c599579045d00a52573938	D	P	196
g1_aYvVt2HxP7UJgKBe3x2bOVarHd19Qio2VZCE1Ny_9Os	s1_WpYQrS3Y5EBPp4KoxQeXdmkSNGGu7uzGmTP-APlIkYU	1umwQr	rust-pathfinder-v0.3.0	-	rust-pathfinder-onnx-sorter-v0.1.0	-	D	P	120
g1_aZ-nOkN6EjiAZ10dsvYY0NJnDMeaQSUHu7gMjYdl2cc	s1_1av6nXQkq-GSHXfjkVlGHGpAq8F9UbW4JwZmyFA-vww	1DIeh	lunatic-v0.1.0	-	rust-pathfinder-v0.1.0	-	D	P	-
g1_aZ-nOkN6EjiAZ10dsvYY0NJnDMeaQSUHu7gMjYdl2cc	s1_9Eroywf7tuDrn-hcfZPjlEa1DSRUykCRn9Z11u8ySIo	1DIeh	lunatic-v0.1.0	-	rust-pathfinder-v0.1.0	-	D	P	-
g1_aZ-nOkN6EjiAZ10dsvYY0NJnDMeaQSUHu7gMjYdl2cc	s1_Brk0hkuJoH-MBjdd53AO5tlWcOgDWV_R0PO74fHGd_0	1DIeh	lunatic-v0.1.0	-	rust-pathfinder-v0.1.0	-	D	P	-
g1_aZ-nOkN6EjiAZ10dsvYY0NJnDMeaQSUHu7gMjYdl2cc	s1_KmF8KhDbubz6lwdS8R_n_yTGdSONmH9B1wUABbyCj94	1DIeh	lunatic-v0.1.0	-	rust-pathfinder-v0.1.0	-	D	P	-
g1_aZ-nOkN6EjiAZ10dsvYY0NJnDMeaQSUHu7gMjYdl2cc	s1_MKrI0a3Qd48rU7oZj28GrlQ3cHhIbUzS5ibiIW9aKy4	1DIeh	lunatic-v0.1.0	-	rust-pathfinder-v0.1.0	-	D	P	-
g1_aZ-nOkN6EjiAZ10dsvYY0NJnDMeaQSUHu7gMjYdl2cc	s1_XloMUS0hxYEXf762lcPfaudsLmsH-CsOVZNVVU_obcA	1DIeh	lunatic-v0.1.0	-	rust-pathfinder-v0.1.0	-	D	P	-
g1_aZ-nOkN6EjiAZ10dsvYY0NJnDMeaQSUHu7gMjYdl2cc	s1_g5pGkHBMEhzAYvwFY0b24sSc7wC9JfnWApMHHZ_aMPI	1DIeh	lunatic-v0.1.0	-	rust-pathfinder-v0.1.0	-	D	P	-
g1_aZ6ijSnVlPTy-ric8HwuoVTF8mUrnye7WCXL6ktyKVM	s1_1av6nXQkq-GSHXfjkVlGHGpAq8F9UbW4JwZmyFA-vww	1umvBX	python-gnn-puct-scout-v0.1.0	sha256:b9f80706cc1f29076ee06fe06483697c749148a808c599579045d00a52573938	python-gnn-puct-scout-v0.1.0	sha256:b9f80706cc1f29076ee06fe06483697c749148a808c599579045d00a52573938	D	P	196
g1_aZ6ijSnVlPTy-ric8HwuoVTF8mUrnye7WCXL6ktyKVM	s1_Brk0hkuJoH-MBjdd53AO5tlWcOgDWV_R0PO74fHGd_0	1umvBX	python-gnn-puct-scout-v0.1.0	sha256:b9f80706cc1f29076ee06fe06483697c749148a808c599579045d00a52573938	python-gnn-puct-scout-v0.1.0	sha256:b9f80706cc1f29076ee06fe06483697c749148a808c599579045d00a52573938	D	P	196
g1_aZ6ijSnVlPTy-ric8HwuoVTF8mUrnye7WCXL6ktyKVM	s1_D_X-fTFZy6xuyGSC5jFyKBW6IP_59Jbomefazf4xu44	1umvBX	python-gnn-puct-scout-v0.1.0	sha256:b9f80706cc1f29076ee06fe06483697c749148a808c599579045d00a52573938	python-gnn-puct-scout-v0.1.0	sha256:b9f80706cc1f29076ee06fe06483697c749148a808c599579045d00a52573938	D	P	196
g1_aZ9MfD--VZIigp8EGMkPJM7VyFK96aSBjvst9CcMYOI	s1_2MWQmOJ0-_EuCUpiptLZ8EfSYT2A-5yjfmHGVsbOsPY	1unMan	qadv-arbiter-7x7-rust-lambda-v0.1.0	-	qadv-arbiter-7x7-rust-lambda-v0.1.0	-	D	P	196
g1_aZ9MfD--VZIigp8EGMkPJM7VyFK96aSBjvst9CcMYOI	s1_RauLaTi4eVgYHSp2TV9pqs9uzTVv0B10g9TaHMWpcZ4	1unMan	qadv-arbiter-7x7-rust-lambda-v0.1.0	-	qadv-arbiter-7x7-rust-lambda-v0.1.0	-	D	P	-
g1_aZ9MfD--VZIigp8EGMkPJM7VyFK96aSBjvst9CcMYOI	s1_S87yhiNzQSanfq-IGE9yQ6k4xC74FXUpKsibiN9EeAc	1unMan	qadv-arbiter-7x7-rust-lambda-v0.1.0	-	qadv-arbiter-7x7-rust-lambda-v0.1.0	-	D	P	196
g1_aZ9MfD--VZIigp8EGMkPJM7VyFK96aSBjvst9CcMYOI	s1_lOuJaBRYSwsJoWvyS7BGYW0rJJkafhJfqFAplMxS3Ps	1unMan	qadv-arbiter-7x7-rust-lambda-v0.1.0	-	qadv-arbiter-7x7-rust-lambda-v0.1.0	-	D	P	196
g1_aZKOu_0_5l2I0citjWcso9Zw_ZqQ9VOcL6NZEAExU9s	s1_6PxtazPxkizz7K9QTWPSCIopEV5n0zpHoq3F52yO_6U	1umwoQ	python-cnn-puct-v0.1.0	sha256:7845e9b7687beee165dc36b8d21833b7a8b5a83e31b58b49bd05c277ba26e642	python-cnn-puct-v0.1.0	sha256:7845e9b7687beee165dc36b8d21833b7a8b5a83e31b58b49bd05c277ba26e642	D	P	196
g1_aZKOu_0_5l2I0citjWcso9Zw_ZqQ9VOcL6NZEAExU9s	s1_baRgKA_wMXdl0r4AwdkUfhWC04qxd1MvEGXAQaDd4fo	1umwoQ	python-cnn-puct-v0.1.0	sha256:7845e9b7687beee165dc36b8d21833b7a8b5a83e31b58b49bd05c277ba26e642	python-cnn-puct-v0.1.0	sha256:7845e9b7687beee165dc36b8d21833b7a8b5a83e31b58b49bd05c277ba26e642	D	P	196
g1_aZRzxEmBp-hvU2Qdy9QJMBqh7vXbXxcSouJeMjQfe0E	s1_Qmoz3nLvbLcY_1rcqMtpMJDvTQydhL5cxUNWV6EhpMY	1umwze	qadv-arbiter-7x7-v0.1.0	sha256:8c548d06307572603b839755cc1e50393285365e10f82bcd90290ca65cd86266	qadv-arbiter-7x7-v0.1.0	sha256:8c548d06307572603b839755cc1e50393285365e10f82bcd90290ca65cd86266	L	P	196
g1_aZSLUGuMjX3SB6WtXErUjyS4z905LEfIcXYVBaksdmo	s1_9QN9vLbyWniwagMxV__F4HqmLoGAFNJw9tS4uNVYs8s	1unNw1	qadv-arbiter-7x7-rust-lambda-v0.1.0	-	qadv-arbiter-7x7-rust-lambda-v0.1.0	-	L	P	196
g1_aZSLUGuMjX3SB6WtXErUjyS4z905LEfIcXYVBaksdmo	s1_RauLaTi4eVgYHSp2TV9pqs9uzTVv0B10g9TaHMWpcZ4	1unNw1	qadv-arbiter-7x7-rust-lambda-v0.1.0	-	qadv-arbiter-7x7-rust-lambda-v0.1.0	-	L	P	-
g1_aZSLUGuMjX3SB6WtXErUjyS4z905LEfIcXYVBaksdmo	s1_UOAAVWOWE7BoVisf4fca51qYOVkug-FqV_fpRl19FZ0	1unNw1	qadv-arbiter-7x7-rust-lambda-v0.1.0	-	qadv-arbiter-7x7-rust-lambda-v0.1.0	-	L	P	196
g1_aZSLUGuMjX3SB6WtXErUjyS4z905LEfIcXYVBaksdmo	s1_bMh2w1IGly0KshN0tCFNgjkpqbQMpiK7Ruie3bQ9uJg	1unNw1	qadv-arbiter-7x7-rust-lambda-v0.1.0	-	qadv-arbiter-7x7-rust-lambda-v0.1.0	-	L	P	196
g1_aZWxq_HGY-3pFaovnp5s9SPqW5lS_cEhWxKOGuCfnM8	s1_1LB6NAgPOeCp4r8rQw4kUOIXWpEdWysFm5RZjWCQSgc	1umwPe	python-gnn-puct-learner-v0.1.0	sha256:ab0f739cd33d66781faf60e27797c5ccba3c04ba684f8d9e32e9c2754f4e8956	python-gnn-puct-learner-v0.1.0	sha256:ab0f739cd33d66781faf60e27797c5ccba3c04ba684f8d9e32e9c2754f4e8956	-	M	196
g1_aZWxq_HGY-3pFaovnp5s9SPqW5lS_cEhWxKOGuCfnM8	s1_P4NHYhwuVnEA-dG2X-UVeVotb84A5mwljbYTlTMqr8w	1umwPe	python-gnn-puct-learner-v0.1.0	sha256:ab0f739cd33d66781faf60e27797c5ccba3c04ba684f8d9e32e9c2754f4e8956	python-gnn-puct-learner-v0.1.0	sha256:ab0f739cd33d66781faf60e27797c5ccba3c04ba684f8d9e32e9c2754f4e8956	-	M	196
g1_aZhVw7tdmTkaFDeU8Wc2ZZax2psdsI6OInMhCBXiZXE	s1_HZsL4HOafm_THJQna1CslJf0NEPx0k9iI25XxJC8Zj8	1unO7G	qadv-arbiter-7x7-rust-lambda-v0.1.0	-	qadv-arbiter-7x7-rust-lambda-v0.1.0	-	L	P	196
g1_aZhVw7tdmTkaFDeU8Wc2ZZax2psdsI6OInMhCBXiZXE	s1_RauLaTi4eVgYHSp2TV9pqs9uzTVv0B10g9TaHMWpcZ4	1unO7G	qadv-arbiter-7x7-rust-lambda-v0.1.0	-	qadv-arbiter-7x7-rust-lambda-v0.1.0	-	L	P	-
g1_aZhVw7tdmTkaFDeU8Wc2ZZax2psdsI6OInMhCBXiZXE	s1_qD3c0IU04JL9Ljjdhym8ifphJz7qsSPh-_YQaMVv45g	1unO7G	qadv-arbiter-7x7-rust-lambda-v0.1.0	-	qadv-arbiter-7x7-rust-lambda-v0.1.0	-	L	P	196
g1_aZhVw7tdmTkaFDeU8Wc2ZZax2psdsI6OInMhCBXiZXE	s1_qck_6xnLQy6ETecjw45OLLa98CCGet3m6kzEJWESHhg	1unO7G	qadv-arbiter-7x7-rust-lambda-v0.1.0	-	qadv-arbiter-7x7-rust-lambda-v0.1.0	-	L	P	196
g1_aZhvBDbfXGqki1JlsQDMoDs3-Z-ryMNNMtTfHyJoPAQ	s1__fmnSv6OnZklVvMPUjPdL6drtvfrJptRYX3nxZQO8jI	1umxqa	python-gnn-puct-scout-v0.1.0	sha256:b9f80706cc1f29076ee06fe06483697c749148a808c599579045d00a52573938	python-gnn-puct-scout-v0.1.0	sha256:b9f80706cc1f29076ee06fe06483697c749148a808c599579045d00a52573938	L	P	196
g1_aZsV8oU8ht7au8fCeKS_PRAfUadISaBQU4-ZvbEBG4w	s1_1av6nXQkq-GSHXfjkVlGHGpAq8F9UbW4JwZmyFA-vww	1DIdh	lunatic-v0.1.0	-	rust-pathfinder-v0.1.0	-	D	P	-
g1_aZsV8oU8ht7au8fCeKS_PRAfUadISaBQU4-ZvbEBG4w	s1_9Eroywf7tuDrn-hcfZPjlEa1DSRUykCRn9Z11u8ySIo	1DIdh	lunatic-v0.1.0	-	rust-pathfinder-v0.1.0	-	D	P	-
g1_aZsV8oU8ht7au8fCeKS_PRAfUadISaBQU4-ZvbEBG4w	s1_9Eroywf7tuDrn-hcfZPjlEa1DSRUykCRn9Z11u8ySIo	1DIid	lunatic-v0.1.0	-	rust-pathfinder-v0.1.0	-	D	P	-
g1_aZsV8oU8ht7au8fCeKS_PRAfUadISaBQU4-ZvbEBG4w	s1_Brk0hkuJoH-MBjdd53AO5tlWcOgDWV_R0PO74fHGd_0	1DIdh	lunatic-v0.1.0	-	rust-pathfinder-v0.1.0	-	D	P	-
g1_aZsV8oU8ht7au8fCeKS_PRAfUadISaBQU4-ZvbEBG4w	s1_KmF8KhDbubz6lwdS8R_n_yTGdSONmH9B1wUABbyCj94	1DIdh	lunatic-v0.1.0	-	rust-pathfinder-v0.1.0	-	D	P	-
g1_aZsV8oU8ht7au8fCeKS_PRAfUadISaBQU4-ZvbEBG4w	s1_MKrI0a3Qd48rU7oZj28GrlQ3cHhIbUzS5ibiIW9aKy4	1DIdh	lunatic-v0.1.0	-	rust-pathfinder-v0.1.0	-	D	P	-
g1_aZsV8oU8ht7au8fCeKS_PRAfUadISaBQU4-ZvbEBG4w	s1_MKrI0a3Qd48rU7oZj28GrlQ3cHhIbUzS5ibiIW9aKy4	1DIid	lunatic-v0.1.0	-	rust-pathfinder-v0.1.0	-	D	P	-
g1_aZsV8oU8ht7au8fCeKS_PRAfUadISaBQU4-ZvbEBG4w	s1_XloMUS0hxYEXf762lcPfaudsLmsH-CsOVZNVVU_obcA	1DIdh	lunatic-v0.1.0	-	rust-pathfinder-v0.1.0	-	D	P	-
g1_aZsV8oU8ht7au8fCeKS_PRAfUadISaBQU4-ZvbEBG4w	s1_XloMUS0hxYEXf762lcPfaudsLmsH-CsOVZNVVU_obcA	1DIid	lunatic-v0.1.0	-	rust-pathfinder-v0.1.0	-	D	P	-
g1_aZsV8oU8ht7au8fCeKS_PRAfUadISaBQU4-ZvbEBG4w	s1_g5pGkHBMEhzAYvwFY0b24sSc7wC9JfnWApMHHZ_aMPI	1DIdh	lunatic-v0.1.0	-	rust-pathfinder-v0.1.0	-	D	P	-
g1_a_4_wpG4IKvC5KmLpLRiS3Kbvrw_snU60BLNt8g_n_M	s1_1LB6NAgPOeCp4r8rQw4kUOIXWpEdWysFm5RZjWCQSgc	1umwWm	python-gnn-puct-learner-v0.1.0	sha256:ab0f739cd33d66781faf60e27797c5ccba3c04ba684f8d9e32e9c2754f4e8956	python-gnn-puct-learner-v0.1.0	sha256:ab0f739cd33d66781faf60e27797c5ccba3c04ba684f8d9e32e9c2754f4e8956	L	P	196
g1_a_4_wpG4IKvC5KmLpLRiS3Kbvrw_snU60BLNt8g_n_M	s1_P4NHYhwuVnEA-dG2X-UVeVotb84A5mwljbYTlTMqr8w	1umwWm	python-gnn-puct-learner-v0.1.0	sha256:ab0f739cd33d66781faf60e27797c5ccba3c04ba684f8d9e32e9c2754f4e8956	python-gnn-puct-learner-v0.1.0	sha256:ab0f739cd33d66781faf60e27797c5ccba3c04ba684f8d9e32e9c2754f4e8956	L	P	196
g1_a_ADrUENy02VhQcG0nd3gZFru6TciWECU2aq3vM194E	s1_7FIu85-v_e-kbNsQ2UNk3yRt-KGcLyUjpmVwIc9cnfM	1umwEq	python-gnn-puct-scout-v0.1.0	sha256:b9f80706cc1f29076ee06fe06483697c749148a808c599579045d00a52573938	python-gnn-puct-scout-v0.1.0	sha256:b9f80706cc1f29076ee06fe06483697c749148a808c599579045d00a52573938	D	P	196
g1_a_ADrUENy02VhQcG0nd3gZFru6TciWECU2aq3vM194E	s1_S8AGNBNcWBvWiwIo-AOAHPoHuZo2XvcsYvhgQxGTkrY	1umwEq	python-gnn-puct-scout-v0.1.0	sha256:b9f80706cc1f29076ee06fe06483697c749148a808c599579045d00a52573938	python-gnn-puct-scout-v0.1.0	sha256:b9f80706cc1f29076ee06fe06483697c749148a808c599579045d00a52573938	D	P	196
g1_a_Ivd4OFknCNB-Rg1ZTM5WnlDAfgb1glZHrxqa72g7w	s1_Pw9n-eQGqVgzkoKq87SU94hsJkPfkJYpcSyanm-uljY	1umwHL	rust-pathfinder-v0.3.0	-	rust-pathfinder-onnx-sorter-v0.1.0	-	L	P	120
g1_a_TsX-H1pal3jEDC7COZm-V6qG_HIA05n_mANJuSqyQ	s1_wXSA2qyeWNG6j7AKysaiWhzl1LZuDwo4rBU3Y3zmcp0	1umwo_	python-cnn-puct-reval30k-v0.1.0	sha256:eb2600a53e225a835455efdb2759c40e27c5cb3c16ab0688bc21b99290ed10ee	python-cnn-puct-reval30k-v0.1.0	sha256:eb2600a53e225a835455efdb2759c40e27c5cb3c16ab0688bc21b99290ed10ee	L	P	196
g1_a_VtcATsJ7LV2azHq8Ps2C_Fz1G5za9hyNPVUPXhl3Q	s1_1LB6NAgPOeCp4r8rQw4kUOIXWpEdWysFm5RZjWCQSgc	1umwZF	python-gnn-puct-learner-v0.1.0	sha256:ab0f739cd33d66781faf60e27797c5ccba3c04ba684f8d9e32e9c2754f4e8956	python-gnn-puct-learner-v0.1.0	sha256:ab0f739cd33d66781faf60e27797c5ccba3c04ba684f8d9e32e9c2754f4e8956	L	P	196
g1_a_VtcATsJ7LV2azHq8Ps2C_Fz1G5za9hyNPVUPXhl3Q	s1_P4NHYhwuVnEA-dG2X-UVeVotb84A5mwljbYTlTMqr8w	1umwZF	python-gnn-puct-learner-v0.1.0	sha256:ab0f739cd33d66781faf60e27797c5ccba3c04ba684f8d9e32e9c2754f4e8956	python-gnn-puct-learner-v0.1.0	sha256:ab0f739cd33d66781faf60e27797c5ccba3c04ba684f8d9e32e9c2754f4e8956	L	P	196
g1_a_WZpEp-lcOaD7Sg9E7ZIxAzk-69pkqeQ0eonM5eilg	s1_IUD2zTMMBf1-EOKdIklff-3uX6E1wPK3QSR7ZIe-0es	1unOxb	qadv-arbiter-7x7-rust-lambda-v0.1.0	-	qadv-arbiter-7x7-rust-lambda-v0.1.0	-	L	P	196
g1_a_WZpEp-lcOaD7Sg9E7ZIxAzk-69pkqeQ0eonM5eilg	s1_RauLaTi4eVgYHSp2TV9pqs9uzTVv0B10g9TaHMWpcZ4	1unOxb	qadv-arbiter-7x7-rust-lambda-v0.1.0	-	qadv-arbiter-7x7-rust-lambda-v0.1.0	-	L	P	-
g1_a_WZpEp-lcOaD7Sg9E7ZIxAzk-69pkqeQ0eonM5eilg	s1_UY9rRe-6xqsaZc-jJyp4WUauOO6TqIjTJU74_VoK7Ug	1unOxb	qadv-arbiter-7x7-rust-lambda-v0.1.0	-	qadv-arbiter-7x7-rust-lambda-v0.1.0	-	L	P	196
g1_a_WZpEp-lcOaD7Sg9E7ZIxAzk-69pkqeQ0eonM5eilg	s1_bUdCNMvJ9aJVOYMdlanC4yKa3G5BjnUClFakpjmnucg	1unOxb	qadv-arbiter-7x7-rust-lambda-v0.1.0	-	qadv-arbiter-7x7-rust-lambda-v0.1.0	-	L	P	196
g1_a_Yo0XsCX8E1yJcMQHjBv0O6KMypshVrKh6RtjFKoKQ	s1_2FtaP75xgRVTNrUvmC0NIesJCNy8IDFJ05WNM4nUnpg	1unQs9	pathfinder-v0.3.0	-	qadv-arbiter-7x7-v0.1.0	-	L	P	196
g1_a_Yo0XsCX8E1yJcMQHjBv0O6KMypshVrKh6RtjFKoKQ	s1_APkvZHGwBVePGxgJJpJgJ-3ulLKfxx_FNK39B2GTo8s	1unQs9	pathfinder-v0.3.0	-	qadv-arbiter-7x7-v0.1.0	-	L	P	196
g1_a_Yo0XsCX8E1yJcMQHjBv0O6KMypshVrKh6RtjFKoKQ	s1_RauLaTi4eVgYHSp2TV9pqs9uzTVv0B10g9TaHMWpcZ4	1unQs9	pathfinder-v0.3.0	-	qadv-arbiter-7x7-v0.1.0	-	L	P	-
g1_a_Yo0XsCX8E1yJcMQHjBv0O6KMypshVrKh6RtjFKoKQ	s1_fXS0pu6YxldZ_p4gfapMp2EHfw_jsMpDZJ0tjqI2PsE	1unQs9	pathfinder-v0.3.0	-	qadv-arbiter-7x7-v0.1.0	-	L	P	196
g1_a_ZFuoPurtv15yNnpu1ehkfxQOI-_4t0NYUnypkrR3A	s1_7zEQz2R8CtTflGOZlRC6qYUTPdavhbt8HXEtYR6Krgs	1unNuZ	qadv-arbiter-7x7-rust-lambda-v0.1.0	-	qadv-arbiter-7x7-rust-lambda-v0.1.0	-	D	P	196
g1_a_ZFuoPurtv15yNnpu1ehkfxQOI-_4t0NYUnypkrR3A	s1_RZx5UYng6qMjNHSD4j3W2vqXCjYWKKqLBB014L9N8Is	1unNuZ	qadv-arbiter-7x7-rust-lambda-v0.1.0	-	qadv-arbiter-7x7-rust-lambda-v0.1.0	-	D	P	196
g1_a_ZFuoPurtv15yNnpu1ehkfxQOI-_4t0NYUnypkrR3A	s1_RauLaTi4eVgYHSp2TV9pqs9uzTVv0B10g9TaHMWpcZ4	1unNuZ	qadv-arbiter-7x7-rust-lambda-v0.1.0	-	qadv-arbiter-7x7-rust-lambda-v0.1.0	-	D	P	-
g1_a_ZFuoPurtv15yNnpu1ehkfxQOI-_4t0NYUnypkrR3A	s1_wA58weurrtJvUeHf03V1QpKM4DPIwkrl_MGrSE5qc_M	1unNuZ	qadv-arbiter-7x7-rust-lambda-v0.1.0	-	qadv-arbiter-7x7-rust-lambda-v0.1.0	-	D	P	196
g1_a_q42kOfQbcgj45KbgdKF9Y7yd3qAuHAhmN-BiJJ7AM	s1_0m1HWG9l6uW0hEpPH26GGy6j6xmE0cnlK-j_ZuX2WGo	1unMB6	qadv-arbiter-7x7-rust-lambda-v0.1.0	-	qadv-arbiter-7x7-rust-lambda-v0.1.0	-	L	P	196
g1_a_q42kOfQbcgj45KbgdKF9Y7yd3qAuHAhmN-BiJJ7AM	s1_RauLaTi4eVgYHSp2TV9pqs9uzTVv0B10g9TaHMWpcZ4	1unMB6	qadv-arbiter-7x7-rust-lambda-v0.1.0	-	qadv-arbiter-7x7-rust-lambda-v0.1.0	-	L	P	-
g1_a_q42kOfQbcgj45KbgdKF9Y7yd3qAuHAhmN-BiJJ7AM	s1_VuWHwOpuRvtpUErq8eX1AU76WA6FQ4yn8xWo5s701ck	1unMB6	qadv-arbiter-7x7-rust-lambda-v0.1.0	-	qadv-arbiter-7x7-rust-lambda-v0.1.0	-	L	P	196
g1_a_q42kOfQbcgj45KbgdKF9Y7yd3qAuHAhmN-BiJJ7AM	s1_w3GbY-KOFlZvYw82a6b4ow2K7iT569wQ7R4hcjAeJcU	1unMB6	qadv-arbiter-7x7-rust-lambda-v0.1.0	-	qadv-arbiter-7x7-rust-lambda-v0.1.0	-	L	P	196
g1_aa0pm72f8eVQIQ5hiaIApSh3nTKCL5VqWaAKiJYVl-4	s1_RauLaTi4eVgYHSp2TV9pqs9uzTVv0B10g9TaHMWpcZ4	1unMKC	qadv-arbiter-7x7-rust-lambda-v0.1.0	-	qadv-arbiter-7x7-rust-lambda-v0.1.0	-	D	P	-
g1_aa0pm72f8eVQIQ5hiaIApSh3nTKCL5VqWaAKiJYVl-4	s1_WuOsG-lYFmB_YSeUXwjKXuOzb-L1SEUcxoMguswyqOQ	1unMKC	qadv-arbiter-7x7-rust-lambda-v0.1.0	-	qadv-arbiter-7x7-rust-lambda-v0.1.0	-	D	P	196
g1_aa0pm72f8eVQIQ5hiaIApSh3nTKCL5VqWaAKiJYVl-4	s1_YBs2D2gUCkKQZKiiygl8iCA75QUy4YK3t55vHJ-uZ1Y	1unMKC	qadv-arbiter-7x7-rust-lambda-v0.1.0	-	qadv-arbiter-7x7-rust-lambda-v0.1.0	-	D	P	196
g1_aa0pm72f8eVQIQ5hiaIApSh3nTKCL5VqWaAKiJYVl-4	s1_lNX-HGomlRXBnOi1xRcl9ODjVB30PiKTvXyCebmwfxc	1unMKC	qadv-arbiter-7x7-rust-lambda-v0.1.0	-	qadv-arbiter-7x7-rust-lambda-v0.1.0	-	D	P	196
g1_aa1aVmroSJZhXUy-OTCO0T9GshE20xsWiR6yrXIU-Eo	s1_1av6nXQkq-GSHXfjkVlGHGpAq8F9UbW4JwZmyFA-vww	1umv0P	lunatic-v0.1.0	-	rust-pathfinder-v0.1.0	-	D	P	-
g1_aa1aVmroSJZhXUy-OTCO0T9GshE20xsWiR6yrXIU-Eo	s1_9Eroywf7tuDrn-hcfZPjlEa1DSRUykCRn9Z11u8ySIo	1umv0P	lunatic-v0.1.0	-	rust-pathfinder-v0.1.0	-	D	P	-
g1_aa1aVmroSJZhXUy-OTCO0T9GshE20xsWiR6yrXIU-Eo	s1_Brk0hkuJoH-MBjdd53AO5tlWcOgDWV_R0PO74fHGd_0	1umv0P	lunatic-v0.1.0	-	rust-pathfinder-v0.1.0	-	D	P	-
g1_aa1aVmroSJZhXUy-OTCO0T9GshE20xsWiR6yrXIU-Eo	s1_KmF8KhDbubz6lwdS8R_n_yTGdSONmH9B1wUABbyCj94	1umv0P	lunatic-v0.1.0	-	rust-pathfinder-v0.1.0	-	D	P	-
g1_aa1aVmroSJZhXUy-OTCO0T9GshE20xsWiR6yrXIU-Eo	s1_S06ybw0yDIIqiOwgmMxEdlMUe_DdAoxGfY5D91Fh580	1umv0P	lunatic-v0.1.0	-	rust-pathfinder-v0.1.0	-	D	P	-
g1_aa1aVmroSJZhXUy-OTCO0T9GshE20xsWiR6yrXIU-Eo	s1_g5pGkHBMEhzAYvwFY0b24sSc7wC9JfnWApMHHZ_aMPI	1umv0P	lunatic-v0.1.0	-	rust-pathfinder-v0.1.0	-	D	P	-
g1_aa1aVmroSJZhXUy-OTCO0T9GshE20xsWiR6yrXIU-Eo	s1_yzrkPDA5egXCkdg9BV9wK4-9CohJuc_ZO3uCNV9xrw8	1umv0P	lunatic-v0.1.0	-	rust-pathfinder-v0.1.0	-	D	P	-
g1_aa8jqqEE_4E767BiQ7UKZbM3tuXsa8yh2Pim-OkoUgk	s1_1av6nXQkq-GSHXfjkVlGHGpAq8F9UbW4JwZmyFA-vww	1DIiN	lunatic-v0.1.0	-	rust-pathfinder-v0.1.0	-	D	P	-
g1_aa8jqqEE_4E767BiQ7UKZbM3tuXsa8yh2Pim-OkoUgk	s1_9Eroywf7tuDrn-hcfZPjlEa1DSRUykCRn9Z11u8ySIo	1DIiN	lunatic-v0.1.0	-	rust-pathfinder-v0.1.0	-	D	P	-
g1_aa8jqqEE_4E767BiQ7UKZbM3tuXsa8yh2Pim-OkoUgk	s1_Brk0hkuJoH-MBjdd53AO5tlWcOgDWV_R0PO74fHGd_0	1DIiN	lunatic-v0.1.0	-	rust-pathfinder-v0.1.0	-	D	P	-
g1_aa8jqqEE_4E767BiQ7UKZbM3tuXsa8yh2Pim-OkoUgk	s1_KmF8KhDbubz6lwdS8R_n_yTGdSONmH9B1wUABbyCj94	1DIiN	lunatic-v0.1.0	-	rust-pathfinder-v0.1.0	-	D	P	-
g1_aa8jqqEE_4E767BiQ7UKZbM3tuXsa8yh2Pim-OkoUgk	s1_MKrI0a3Qd48rU7oZj28GrlQ3cHhIbUzS5ibiIW9aKy4	1DIiN	lunatic-v0.1.0	-	rust-pathfinder-v0.1.0	-	D	P	-
g1_aa8jqqEE_4E767BiQ7UKZbM3tuXsa8yh2Pim-OkoUgk	s1_XloMUS0hxYEXf762lcPfaudsLmsH-CsOVZNVVU_obcA	1DIiN	lunatic-v0.1.0	-	rust-pathfinder-v0.1.0	-	D	P	-
g1_aa8jqqEE_4E767BiQ7UKZbM3tuXsa8yh2Pim-OkoUgk	s1_g5pGkHBMEhzAYvwFY0b24sSc7wC9JfnWApMHHZ_aMPI	1DIiN	lunatic-v0.1.0	-	rust-pathfinder-v0.1.0	-	D	P	-
g1_aaL7VHgmUbU6hrLFGMiAMMkiIDcMXJJ4hIMJU9iMQH0	s1_97D9OfQ5-QF7kcxM9h5hTTxSjmcTbfGbq6Y-3cXRxjY	1unLnB	qadv-arbiter-7x7-rust-lambda-v0.1.0	-	qadv-arbiter-7x7-rust-lambda-v0.1.0	-	D	P	196
g1_aaL7VHgmUbU6hrLFGMiAMMkiIDcMXJJ4hIMJU9iMQH0	s1_QX8FmPqdeNKsx2Ul4md24AjHKDEDn0cIEmQFE-DrGk8	1unLnB	qadv-arbiter-7x7-rust-lambda-v0.1.0	-	qadv-arbiter-7x7-rust-lambda-v0.1.0	-	D	P	196
g1_aaL7VHgmUbU6hrLFGMiAMMkiIDcMXJJ4hIMJU9iMQH0	s1_QZtUO5JwpNylTyrxKBKal-XDUot2GOWi9uANcNIdUCQ	1unLnB	qadv-arbiter-7x7-rust-lambda-v0.1.0	-	qadv-arbiter-7x7-rust-lambda-v0.1.0	-	D	P	196
g1_aaL7VHgmUbU6hrLFGMiAMMkiIDcMXJJ4hIMJU9iMQH0	s1_RauLaTi4eVgYHSp2TV9pqs9uzTVv0B10g9TaHMWpcZ4	1unLnB	qadv-arbiter-7x7-rust-lambda-v0.1.0	-	qadv-arbiter-7x7-rust-lambda-v0.1.0	-	D	P	-
g1_aaTJfgjYLVRGeAyy6O2kGGccrE05ySmmnOc_0--wGFg	s1__fmnSv6OnZklVvMPUjPdL6drtvfrJptRYX3nxZQO8jI	1umxqz	python-gnn-puct-scout-v0.1.0	sha256:b9f80706cc1f29076ee06fe06483697c749148a808c599579045d00a52573938	python-gnn-puct-scout-v0.1.0	sha256:b9f80706cc1f29076ee06fe06483697c749148a808c599579045d00a52573938	L	P	196
g1_aahvQzzKlTRs7RPQhdqHi4Xrd9RJayA1bkzJL2FiSGk	s1_6PxtazPxkizz7K9QTWPSCIopEV5n0zpHoq3F52yO_6U	1umwm7	python-cnn-puct-v0.1.0	sha256:7845e9b7687beee165dc36b8d21833b7a8b5a83e31b58b49bd05c277ba26e642	python-cnn-puct-v0.1.0	sha256:7845e9b7687beee165dc36b8d21833b7a8b5a83e31b58b49bd05c277ba26e642	L	P	196
g1_aahvQzzKlTRs7RPQhdqHi4Xrd9RJayA1bkzJL2FiSGk	s1_baRgKA_wMXdl0r4AwdkUfhWC04qxd1MvEGXAQaDd4fo	1umwm7	python-cnn-puct-v0.1.0	sha256:7845e9b7687beee165dc36b8d21833b7a8b5a83e31b58b49bd05c277ba26e642	python-cnn-puct-v0.1.0	sha256:7845e9b7687beee165dc36b8d21833b7a8b5a83e31b58b49bd05c277ba26e642	L	P	196
g1_aavJ1qxVz8veTObunEOoJSUpkS0mmT82SSZ_4smaafg	s1__fmnSv6OnZklVvMPUjPdL6drtvfrJptRYX3nxZQO8jI	1umxxv	python-gnn-puct-scout-v0.1.0	sha256:b9f80706cc1f29076ee06fe06483697c749148a808c599579045d00a52573938	python-gnn-puct-scout-v0.1.0	sha256:b9f80706cc1f29076ee06fe06483697c749148a808c599579045d00a52573938	L	P	196
g1_ab3_mj3OB4rvOwKfGqVpinTNoorQ9Qh-m2qk3r4yVc0	s1_2EsJtBcL1SsnOAkrHlli3oRITF1Y9l7wqCBbhziLMC8	1unNYb	qadv-arbiter-7x7-rust-lambda-v0.1.0	-	qadv-arbiter-7x7-rust-lambda-v0.1.0	-	D	P	196
g1_ab3_mj3OB4rvOwKfGqVpinTNoorQ9Qh-m2qk3r4yVc0	s1_RauLaTi4eVgYHSp2TV9pqs9uzTVv0B10g9TaHMWpcZ4	1unNYb	qadv-arbiter-7x7-rust-lambda-v0.1.0	-	qadv-arbiter-7x7-rust-lambda-v0.1.0	-	D	P	-
g1_ab3_mj3OB4rvOwKfGqVpinTNoorQ9Qh-m2qk3r4yVc0	s1_p4O5wUQsmvGk5pfVU6huAeGDBOV-r0Bm35HoqjkCYxM	1unNYb	qadv-arbiter-7x7-rust-lambda-v0.1.0	-	qadv-arbiter-7x7-rust-lambda-v0.1.0	-	D	P	196
g1_ab3_mj3OB4rvOwKfGqVpinTNoorQ9Qh-m2qk3r4yVc0	s1_pP6w0lJmmR5kt6RTUjtpyAFTHZQCTMn3z6w7rv6qEUQ	1unNYb	qadv-arbiter-7x7-rust-lambda-v0.1.0	-	qadv-arbiter-7x7-rust-lambda-v0.1.0	-	D	P	196
g1_ab4vqeBsP20sLFBdFroU8dKONgyToHpIomvgDXVFKqg	s1_B3XYPVQg-GbDVx3oiCgrl9o1EPcppRLFBL-f_F4PH-4	1unMMY	qadv-arbiter-7x7-rust-lambda-v0.1.0	-	qadv-arbiter-7x7-rust-lambda-v0.1.0	-	D	P	196
g1_ab4vqeBsP20sLFBdFroU8dKONgyToHpIomvgDXVFKqg	s1_NZWfpI9v4ziIHwPLdrCPgi7O7ncm_lHJnw59GkVhypE	1unMMY	qadv-arbiter-7x7-rust-lambda-v0.1.0	-	qadv-arbiter-7x7-rust-lambda-v0.1.0	-	D	P	196
g1_ab4vqeBsP20sLFBdFroU8dKONgyToHpIomvgDXVFKqg	s1_RauLaTi4eVgYHSp2TV9pqs9uzTVv0B10g9TaHMWpcZ4	1unMMY	qadv-arbiter-7x7-rust-lambda-v0.1.0	-	qadv-arbiter-7x7-rust-lambda-v0.1.0	-	D	P	-
g1_ab4vqeBsP20sLFBdFroU8dKONgyToHpIomvgDXVFKqg	s1_YJKiiIr3fIpgtLUlRwpofXRkEZxaTIDXsVYLShnNW5Y	1unMMY	qadv-arbiter-7x7-rust-lambda-v0.1.0	-	qadv-arbiter-7x7-rust-lambda-v0.1.0	-	D	P	196
g1_ab7X5k2zEmBJHnTjcB9aBKKcpMlhfpP2T6ZFrHoRB0g	s1_DSS6Ps-DhjCFNc_8mtb2bRMVxA9dB3B1k2s2U52l6ts	1unOes	qadv-arbiter-7x7-rust-lambda-v0.1.0	-	qadv-arbiter-7x7-rust-lambda-v0.1.0	-	D	P	196
g1_ab7X5k2zEmBJHnTjcB9aBKKcpMlhfpP2T6ZFrHoRB0g	s1_RauLaTi4eVgYHSp2TV9pqs9uzTVv0B10g9TaHMWpcZ4	1unOes	qadv-arbiter-7x7-rust-lambda-v0.1.0	-	qadv-arbiter-7x7-rust-lambda-v0.1.0	-	D	P	-
g1_ab7X5k2zEmBJHnTjcB9aBKKcpMlhfpP2T6ZFrHoRB0g	s1_ZP2D076p8z6lnB6mKBO1AtDXY0VKytRjE6Keih6wBLs	1unOes	qadv-arbiter-7x7-rust-lambda-v0.1.0	-	qadv-arbiter-7x7-rust-lambda-v0.1.0	-	D	P	196
g1_ab7X5k2zEmBJHnTjcB9aBKKcpMlhfpP2T6ZFrHoRB0g	s1_qetS33GDZ5ALKVBgaUm648o-jJzQqqk6fcK1ATSrwuE	1unOes	qadv-arbiter-7x7-rust-lambda-v0.1.0	-	qadv-arbiter-7x7-rust-lambda-v0.1.0	-	D	P	196
g1_ab8-STVjewquLeGidbn_6Ue3m4R6Jc3uRL0hmSjTKUY	s1_cAJveNerl8U1QVXIr9nRQ8UL3PVoePd9cCaPuBP75NY	1umwM_	rust-pathfinder-v0.3.0	-	rust-pathfinder-onnx-sorter-v0.1.0	-	D	P	120
g1_abK8qWmfV4sl2ePGkjmTsp-3yIWMTXqkhEHgoLGxXMg	s1_JD43ph6gx1so0tyRRKuBG3KWrE6qUVrwXQcDrVHgRWA	1unOBa	qadv-arbiter-7x7-rust-lambda-v0.1.0	-	qadv-arbiter-7x7-rust-lambda-v0.1.0	-	L	P	196
g1_abK8qWmfV4sl2ePGkjmTsp-3yIWMTXqkhEHgoLGxXMg	s1_MjY_aL0ChVeECHCcpyfVnBw_s8_x8-EjTNp9gTRs73U	1unOBa	qadv-arbiter-7x7-rust-lambda-v0.1.0	-	qadv-arbiter-7x7-rust-lambda-v0.1.0	-	L	P	196
g1_abK8qWmfV4sl2ePGkjmTsp-3yIWMTXqkhEHgoLGxXMg	s1_RauLaTi4eVgYHSp2TV9pqs9uzTVv0B10g9TaHMWpcZ4	1unOBa	qadv-arbiter-7x7-rust-lambda-v0.1.0	-	qadv-arbiter-7x7-rust-lambda-v0.1.0	-	L	P	-
g1_abK8qWmfV4sl2ePGkjmTsp-3yIWMTXqkhEHgoLGxXMg	s1_jq_lQMyJfELlOMrJd6v7O60kyE1HcFZCmEVvDjdmdh8	1unOBa	qadv-arbiter-7x7-rust-lambda-v0.1.0	-	qadv-arbiter-7x7-rust-lambda-v0.1.0	-	L	P	196
g1_abLnQnuZc7N1ipMAeNOM-WDvAztJsh9ZU3_B6o0TB0Q	s1_93kDp91aEuv2LH2iQ1dRsDiCufe6KR-cxxecD5PMUD0	1unPBE	qadv-arbiter-7x7-rust-lambda-v0.1.0	-	qadv-arbiter-7x7-rust-lambda-v0.1.0	-	L	P	196
g1_abLnQnuZc7N1ipMAeNOM-WDvAztJsh9ZU3_B6o0TB0Q	s1_K_jiwRgHJF7PEUcxDT-u5CIyVRp_DC4ODNQHJxagrK8	1unPBE	qadv-arbiter-7x7-rust-lambda-v0.1.0	-	qadv-arbiter-7x7-rust-lambda-v0.1.0	-	L	P	196
g1_abLnQnuZc7N1ipMAeNOM-WDvAztJsh9ZU3_B6o0TB0Q	s1_Lqnki9_10cm19JydLZUAk7vBBKSBB-oR1d4-xDQY6Z8	1unPBE	qadv-arbiter-7x7-rust-lambda-v0.1.0	-	qadv-arbiter-7x7-rust-lambda-v0.1.0	-	L	P	196
g1_abLnQnuZc7N1ipMAeNOM-WDvAztJsh9ZU3_B6o0TB0Q	s1_RauLaTi4eVgYHSp2TV9pqs9uzTVv0B10g9TaHMWpcZ4	1unPBE	qadv-arbiter-7x7-rust-lambda-v0.1.0	-	qadv-arbiter-7x7-rust-lambda-v0.1.0	-	L	P	-
g1_abWvsNPRfP5E0X5WfJtBJQLjbvn1aTvGbE2jLfVRmq8	s1_6PxtazPxkizz7K9QTWPSCIopEV5n0zpHoq3F52yO_6U	1umwhm	python-cnn-puct-v0.1.0	sha256:7845e9b7687beee165dc36b8d21833b7a8b5a83e31b58b49bd05c277ba26e642	python-cnn-puct-v0.1.0	sha256:7845e9b7687beee165dc36b8d21833b7a8b5a83e31b58b49bd05c277ba26e642	D	P	196
g1_abWvsNPRfP5E0X5WfJtBJQLjbvn1aTvGbE2jLfVRmq8	s1_baRgKA_wMXdl0r4AwdkUfhWC04qxd1MvEGXAQaDd4fo	1umwhm	python-cnn-puct-v0.1.0	sha256:7845e9b7687beee165dc36b8d21833b7a8b5a83e31b58b49bd05c277ba26e642	python-cnn-puct-v0.1.0	sha256:7845e9b7687beee165dc36b8d21833b7a8b5a83e31b58b49bd05c277ba26e642	D	P	196
g1_abfmOubvoFeGo18MOKS2SNpH6IomQEeWDILvPz1j6uc	s1_1LB6NAgPOeCp4r8rQw4kUOIXWpEdWysFm5RZjWCQSgc	1umwaj	python-gnn-puct-learner-v0.1.0	sha256:ab0f739cd33d66781faf60e27797c5ccba3c04ba684f8d9e32e9c2754f4e8956	python-gnn-puct-learner-v0.1.0	sha256:ab0f739cd33d66781faf60e27797c5ccba3c04ba684f8d9e32e9c2754f4e8956	D	P	196
g1_abfmOubvoFeGo18MOKS2SNpH6IomQEeWDILvPz1j6uc	s1_P4NHYhwuVnEA-dG2X-UVeVotb84A5mwljbYTlTMqr8w	1umwaj	python-gnn-puct-learner-v0.1.0	sha256:ab0f739cd33d66781faf60e27797c5ccba3c04ba684f8d9e32e9c2754f4e8956	python-gnn-puct-learner-v0.1.0	sha256:ab0f739cd33d66781faf60e27797c5ccba3c04ba684f8d9e32e9c2754f4e8956	D	P	196
g1_abhvAzddaUlj6TM4E6p2ntmTqN8XtPyprg2I46rbDTM	s1_-OKlJXuPFfAnukwGYITjiU7XKL4OC_qt76PC0TZSPjg	1umvYp	python-cnn-puct-v0.1.0	sha256:7845e9b7687beee165dc36b8d21833b7a8b5a83e31b58b49bd05c277ba26e642	python-cnn-puct-v0.1.0	sha256:7845e9b7687beee165dc36b8d21833b7a8b5a83e31b58b49bd05c277ba26e642	-	M	196
g1_abhvAzddaUlj6TM4E6p2ntmTqN8XtPyprg2I46rbDTM	s1_1av6nXQkq-GSHXfjkVlGHGpAq8F9UbW4JwZmyFA-vww	1umvYp	python-cnn-puct-v0.1.0	sha256:7845e9b7687beee165dc36b8d21833b7a8b5a83e31b58b49bd05c277ba26e642	python-cnn-puct-v0.1.0	sha256:7845e9b7687beee165dc36b8d21833b7a8b5a83e31b58b49bd05c277ba26e642	-	M	196
g1_abhvAzddaUlj6TM4E6p2ntmTqN8XtPyprg2I46rbDTM	s1_Brk0hkuJoH-MBjdd53AO5tlWcOgDWV_R0PO74fHGd_0	1umvYp	python-cnn-puct-v0.1.0	sha256:7845e9b7687beee165dc36b8d21833b7a8b5a83e31b58b49bd05c277ba26e642	python-cnn-puct-v0.1.0	sha256:7845e9b7687beee165dc36b8d21833b7a8b5a83e31b58b49bd05c277ba26e642	-	M	196
g1_ablpUPvu_4aqOkWo602JFe2gK8ClcmsDFSC4SnHxwxw	s1_1av6nXQkq-GSHXfjkVlGHGpAq8F9UbW4JwZmyFA-vww	1umv8G	python-gnn-puct-scout-v0.1.0	sha256:b9f80706cc1f29076ee06fe06483697c749148a808c599579045d00a52573938	python-gnn-puct-scout-v0.1.0	sha256:b9f80706cc1f29076ee06fe06483697c749148a808c599579045d00a52573938	-	M	196
g1_ablpUPvu_4aqOkWo602JFe2gK8ClcmsDFSC4SnHxwxw	s1_Brk0hkuJoH-MBjdd53AO5tlWcOgDWV_R0PO74fHGd_0	1umv8G	python-gnn-puct-scout-v0.1.0	sha256:b9f80706cc1f29076ee06fe06483697c749148a808c599579045d00a52573938	python-gnn-puct-scout-v0.1.0	sha256:b9f80706cc1f29076ee06fe06483697c749148a808c599579045d00a52573938	-	M	196
g1_ablpUPvu_4aqOkWo602JFe2gK8ClcmsDFSC4SnHxwxw	s1_D_X-fTFZy6xuyGSC5jFyKBW6IP_59Jbomefazf4xu44	1umv8G	python-gnn-puct-scout-v0.1.0	sha256:b9f80706cc1f29076ee06fe06483697c749148a808c599579045d00a52573938	python-gnn-puct-scout-v0.1.0	sha256:b9f80706cc1f29076ee06fe06483697c749148a808c599579045d00a52573938	-	M	196
g1_abnmq0TtxpX3VH8uqyqc316tgZpENqW4YeKCLrpmHiU	s1_qtlitMa-GGx-0y2heoyNRonYXf1Dq5epTexnVe9Iqtw	1umxXx	python-gnn-puct-learner-v0.1.0	sha256:ab0f739cd33d66781faf60e27797c5ccba3c04ba684f8d9e32e9c2754f4e8956	python-gnn-puct-learner-v0.1.0	sha256:ab0f739cd33d66781faf60e27797c5ccba3c04ba684f8d9e32e9c2754f4e8956	D	P	196
g1_absTvRxFJgRFVdYIZRwBW68eEUyndOAKNjRo03cex6E	s1_RauLaTi4eVgYHSp2TV9pqs9uzTVv0B10g9TaHMWpcZ4	1unPB0	qadv-arbiter-7x7-rust-lambda-v0.1.0	-	qadv-arbiter-7x7-rust-lambda-v0.1.0	-	D	P	-
g1_absTvRxFJgRFVdYIZRwBW68eEUyndOAKNjRo03cex6E	s1_WIhWZUOc7db0vgxXtt8hG8hL46SdaYf3EUUnHzlTyG4	1unPB0	qadv-arbiter-7x7-rust-lambda-v0.1.0	-	qadv-arbiter-7x7-rust-lambda-v0.1.0	-	D	P	196
g1_absTvRxFJgRFVdYIZRwBW68eEUyndOAKNjRo03cex6E	s1_gya_ZwFRFxoqXINA3h-L5aupL7uZOVYWlNjoYlM2eRA	1unPB0	qadv-arbiter-7x7-rust-lambda-v0.1.0	-	qadv-arbiter-7x7-rust-lambda-v0.1.0	-	D	P	196
g1_absTvRxFJgRFVdYIZRwBW68eEUyndOAKNjRo03cex6E	s1_wZ-sGUm5x-1IPLzx72KZAMk8oyA7t1gQmmhAFOZ3eRM	1unPB0	qadv-arbiter-7x7-rust-lambda-v0.1.0	-	qadv-arbiter-7x7-rust-lambda-v0.1.0	-	D	P	196
g1_abuniWk9G_Wpm7efcNT0YuPD7KRR5SQEAkREGDIK9gg	s1_1av6nXQkq-GSHXfjkVlGHGpAq8F9UbW4JwZmyFA-vww	1umv1F	lunatic-v0.1.0	-	rust-pathfinder-v0.1.0	-	D	P	-
g1_abuniWk9G_Wpm7efcNT0YuPD7KRR5SQEAkREGDIK9gg	s1_9Eroywf7tuDrn-hcfZPjlEa1DSRUykCRn9Z11u8ySIo	1umv1F	lunatic-v0.1.0	-	rust-pathfinder-v0.1.0	-	D	P	-
g1_abuniWk9G_Wpm7efcNT0YuPD7KRR5SQEAkREGDIK9gg	s1_Brk0hkuJoH-MBjdd53AO5tlWcOgDWV_R0PO74fHGd_0	1umv1F	lunatic-v0.1.0	-	rust-pathfinder-v0.1.0	-	D	P	-
g1_abuniWk9G_Wpm7efcNT0YuPD7KRR5SQEAkREGDIK9gg	s1_KmF8KhDbubz6lwdS8R_n_yTGdSONmH9B1wUABbyCj94	1umv1F	lunatic-v0.1.0	-	rust-pathfinder-v0.1.0	-	D	P	-
g1_abuniWk9G_Wpm7efcNT0YuPD7KRR5SQEAkREGDIK9gg	s1_S06ybw0yDIIqiOwgmMxEdlMUe_DdAoxGfY5D91Fh580	1umv1F	lunatic-v0.1.0	-	rust-pathfinder-v0.1.0	-	D	P	-
g1_abuniWk9G_Wpm7efcNT0YuPD7KRR5SQEAkREGDIK9gg	s1_g5pGkHBMEhzAYvwFY0b24sSc7wC9JfnWApMHHZ_aMPI	1umv1F	lunatic-v0.1.0	-	rust-pathfinder-v0.1.0	-	D	P	-
g1_abuniWk9G_Wpm7efcNT0YuPD7KRR5SQEAkREGDIK9gg	s1_yzrkPDA5egXCkdg9BV9wK4-9CohJuc_ZO3uCNV9xrw8	1umv1F	lunatic-v0.1.0	-	rust-pathfinder-v0.1.0	-	D	P	-
g1_abwqW9_9JYau9KqeQVcsVawJHTwJ_2p1QmRCcicOsyE	s1_RauLaTi4eVgYHSp2TV9pqs9uzTVv0B10g9TaHMWpcZ4	1unPpW	qadv-arbiter-7x7-rust-lambda-v0.1.0	-	qadv-arbiter-7x7-rust-lambda-v0.1.0	-	L	P	-
g1_abwqW9_9JYau9KqeQVcsVawJHTwJ_2p1QmRCcicOsyE	s1_S_vNsuwD-kJxEA4jjmXHr_aFIPk67x5veKN4z8bFEKk	1unPpW	qadv-arbiter-7x7-rust-lambda-v0.1.0	-	qadv-arbiter-7x7-rust-lambda-v0.1.0	-	L	P	196
g1_abwqW9_9JYau9KqeQVcsVawJHTwJ_2p1QmRCcicOsyE	s1_Ul_6yaAtS8jcwcPUrWGpJKveiIZ_yBGId8T2grJAjU4	1unPpW	qadv-arbiter-7x7-rust-lambda-v0.1.0	-	qadv-arbiter-7x7-rust-lambda-v0.1.0	-	L	P	196
g1_abwqW9_9JYau9KqeQVcsVawJHTwJ_2p1QmRCcicOsyE	s1_kCR_hAVLaxssIVn9CdHtFKR29iytKqnR7Om_slxRdtE	1unPpW	qadv-arbiter-7x7-rust-lambda-v0.1.0	-	qadv-arbiter-7x7-rust-lambda-v0.1.0	-	L	P	196
g1_acFM4NdDQ_4vcxJ2wTOE2EgciSfhR9fg7oDtb70pzyc	s1_5QLobKW03PXSrpTZXPGXl_SUG0veBZYOK6oc9MiaYiI	1unMau	qadv-arbiter-7x7-rust-lambda-v0.1.0	-	qadv-arbiter-7x7-rust-lambda-v0.1.0	-	L	P	196
g1_acFM4NdDQ_4vcxJ2wTOE2EgciSfhR9fg7oDtb70pzyc	s1_RauLaTi4eVgYHSp2TV9pqs9uzTVv0B10g9TaHMWpcZ4	1unMau	qadv-arbiter-7x7-rust-lambda-v0.1.0	-	qadv-arbiter-7x7-rust-lambda-v0.1.0	-	L	P	-
g1_acFM4NdDQ_4vcxJ2wTOE2EgciSfhR9fg7oDtb70pzyc	s1_aLOSZTqUkRN2zJq-4qr-E_gfdgfhHT8WxDA10yMO_7w	1unMau	qadv-arbiter-7x7-rust-lambda-v0.1.0	-	qadv-arbiter-7x7-rust-lambda-v0.1.0	-	L	P	196
g1_acFM4NdDQ_4vcxJ2wTOE2EgciSfhR9fg7oDtb70pzyc	s1_fCF1RXHoW7s0PD5JJnuZGHw4QabH-_zYz4DLNLIoZ4w	1unMau	qadv-arbiter-7x7-rust-lambda-v0.1.0	-	qadv-arbiter-7x7-rust-lambda-v0.1.0	-	L	P	196
g1_acJpuGepKvCWuZ8aPLmRd_3ZOzYrp8afSedt3Eomghc	s1_6_OzjDF99a-WD_K3ddstXFigmp-vPPpkvEMYDhfKsYw	1unNKQ	qadv-arbiter-7x7-rust-lambda-v0.1.0	-	qadv-arbiter-7x7-rust-lambda-v0.1.0	-	D	P	196
g1_acJpuGepKvCWuZ8aPLmRd_3ZOzYrp8afSedt3Eomghc	s1_A38wabrriUhwKri_CJzgMVt4zr29WTD7O13L68Iq_9Q	1unNKQ	qadv-arbiter-7x7-rust-lambda-v0.1.0	-	qadv-arbiter-7x7-rust-lambda-v0.1.0	-	D	P	196
g1_acJpuGepKvCWuZ8aPLmRd_3ZOzYrp8afSedt3Eomghc	s1_RauLaTi4eVgYHSp2TV9pqs9uzTVv0B10g9TaHMWpcZ4	1unNKQ	qadv-arbiter-7x7-rust-lambda-v0.1.0	-	qadv-arbiter-7x7-rust-lambda-v0.1.0	-	D	P	-
g1_acJpuGepKvCWuZ8aPLmRd_3ZOzYrp8afSedt3Eomghc	s1_WOFsKIg1S_FiaFDa-Z2FALY-xuL8dcHqahBKN-YM0Kw	1unNKQ	qadv-arbiter-7x7-rust-lambda-v0.1.0	-	qadv-arbiter-7x7-rust-lambda-v0.1.0	-	D	P	196
g1_acQt1DoCkO1rXNOLLEV4JCCE7pm12byQOntGbG-nq_8	s1_PMkv49N2vP7G-za3ObMkdu1dOhVRhDT_R1lwJ8bVBl8	1unOTL	qadv-arbiter-7x7-rust-lambda-v0.1.0	-	qadv-arbiter-7x7-rust-lambda-v0.1.0	-	L	P	196
g1_acQt1DoCkO1rXNOLLEV4JCCE7pm12byQOntGbG-nq_8	s1_RauLaTi4eVgYHSp2TV9pqs9uzTVv0B10g9TaHMWpcZ4	1unOTL	qadv-arbiter-7x7-rust-lambda-v0.1.0	-	qadv-arbiter-7x7-rust-lambda-v0.1.0	-	L	P	-
g1_acQt1DoCkO1rXNOLLEV4JCCE7pm12byQOntGbG-nq_8	s1_qTfYFJ2-Z_I0h6T461GVkfDkZgYo2-wgDj1Tn-P782c	1unOTL	qadv-arbiter-7x7-rust-lambda-v0.1.0	-	qadv-arbiter-7x7-rust-lambda-v0.1.0	-	L	P	196
g1_acQt1DoCkO1rXNOLLEV4JCCE7pm12byQOntGbG-nq_8	s1_yvoEgMX_BiE8guWbZq5i8nSy0LLXXB0_52zaRCgHgmE	1unOTL	qadv-arbiter-7x7-rust-lambda-v0.1.0	-	qadv-arbiter-7x7-rust-lambda-v0.1.0	-	L	P	196
g1_acWjHfOM14u7AQvbrqN4Ota5l6yvIVZsc_dYok8jaUQ	s1_6T0Hzeqwyz3YzF9nO8FzNxKLOciN9U-f_5Guh9jrsmE	1unPxz	qadv-arbiter-7x7-rust-lambda-v0.1.0	-	qadv-arbiter-7x7-rust-lambda-v0.1.0	-	D	P	196
g1_acWjHfOM14u7AQvbrqN4Ota5l6yvIVZsc_dYok8jaUQ	s1_RauLaTi4eVgYHSp2TV9pqs9uzTVv0B10g9TaHMWpcZ4	1unPxz	qadv-arbiter-7x7-rust-lambda-v0.1.0	-	qadv-arbiter-7x7-rust-lambda-v0.1.0	-	D	P	-
g1_acWjHfOM14u7AQvbrqN4Ota5l6yvIVZsc_dYok8jaUQ	s1_dqn980bDWtHmX-YRD-vg-YC2-lvZMykx4zllvP0xyCA	1unPxz	qadv-arbiter-7x7-rust-lambda-v0.1.0	-	qadv-arbiter-7x7-rust-lambda-v0.1.0	-	D	P	196
g1_acWjHfOM14u7AQvbrqN4Ota5l6yvIVZsc_dYok8jaUQ	s1_tDXERBUv-vpOkS1McIlxICLuUYg6frBL2Pp7OHQ8DFE	1unPxz	qadv-arbiter-7x7-rust-lambda-v0.1.0	-	qadv-arbiter-7x7-rust-lambda-v0.1.0	-	D	P	196
g1_ac_zEoiPhADXwTEa3ycdBn5M60O4UviTjzl-9WZFcDY	s1_1av6nXQkq-GSHXfjkVlGHGpAq8F9UbW4JwZmyFA-vww	1DIhr	python-gnn-puct-v0.1.0	sha256:6f9ad6e4a0993da3cf34a8549e86f9b5d512c51e11bfa76dfe051e7a8801bdac	python-gnn-puct-v0.1.0	sha256:6f9ad6e4a0993da3cf34a8549e86f9b5d512c51e11bfa76dfe051e7a8801bdac	D	P	196
g1_ac_zEoiPhADXwTEa3ycdBn5M60O4UviTjzl-9WZFcDY	s1_Brk0hkuJoH-MBjdd53AO5tlWcOgDWV_R0PO74fHGd_0	1DIhr	python-gnn-puct-v0.1.0	sha256:6f9ad6e4a0993da3cf34a8549e86f9b5d512c51e11bfa76dfe051e7a8801bdac	python-gnn-puct-v0.1.0	sha256:6f9ad6e4a0993da3cf34a8549e86f9b5d512c51e11bfa76dfe051e7a8801bdac	D	P	196
g1_ac_zEoiPhADXwTEa3ycdBn5M60O4UviTjzl-9WZFcDY	s1_KmF8KhDbubz6lwdS8R_n_yTGdSONmH9B1wUABbyCj94	1DIhr	python-gnn-puct-v0.1.0	sha256:6f9ad6e4a0993da3cf34a8549e86f9b5d512c51e11bfa76dfe051e7a8801bdac	python-gnn-puct-v0.1.0	sha256:6f9ad6e4a0993da3cf34a8549e86f9b5d512c51e11bfa76dfe051e7a8801bdac	D	P	196
g1_ac_zEoiPhADXwTEa3ycdBn5M60O4UviTjzl-9WZFcDY	s1_g5pGkHBMEhzAYvwFY0b24sSc7wC9JfnWApMHHZ_aMPI	1DIhr	python-gnn-puct-v0.1.0	sha256:6f9ad6e4a0993da3cf34a8549e86f9b5d512c51e11bfa76dfe051e7a8801bdac	python-gnn-puct-v0.1.0	sha256:6f9ad6e4a0993da3cf34a8549e86f9b5d512c51e11bfa76dfe051e7a8801bdac	D	P	196
g1_ac_zEoiPhADXwTEa3ycdBn5M60O4UviTjzl-9WZFcDY	s1_tol_POp6BcgBLMWq8iDfRBQSAXpESHxFwmcCQYXv0yQ	1DIhr	python-gnn-puct-v0.1.0	sha256:6f9ad6e4a0993da3cf34a8549e86f9b5d512c51e11bfa76dfe051e7a8801bdac	python-gnn-puct-v0.1.0	sha256:6f9ad6e4a0993da3cf34a8549e86f9b5d512c51e11bfa76dfe051e7a8801bdac	D	P	196
g1_acf-EXjncKgJAXuVt-6Z-tdd7CkUpk__Vjwkr4fR-Dk	s1_2LWISlyOlPXbjVFHxGeeCk4yY4rNB70sh6ffXxFyUiU	1unOJT	qadv-arbiter-7x7-rust-lambda-v0.1.0	-	qadv-arbiter-7x7-rust-lambda-v0.1.0	-	L	P	196
g1_acf-EXjncKgJAXuVt-6Z-tdd7CkUpk__Vjwkr4fR-Dk	s1_4uVTXzN36jcHiJI_xWFugY88igAyWbWKmBzJflijIEc	1unOJT	qadv-arbiter-7x7-rust-lambda-v0.1.0	-	qadv-arbiter-7x7-rust-lambda-v0.1.0	-	L	P	196
g1_acf-EXjncKgJAXuVt-6Z-tdd7CkUpk__Vjwkr4fR-Dk	s1_RauLaTi4eVgYHSp2TV9pqs9uzTVv0B10g9TaHMWpcZ4	1unOJT	qadv-arbiter-7x7-rust-lambda-v0.1.0	-	qadv-arbiter-7x7-rust-lambda-v0.1.0	-	L	P	-
g1_acf-EXjncKgJAXuVt-6Z-tdd7CkUpk__Vjwkr4fR-Dk	s1_aNqSW5-9O0mNIEZdQ70rP9p4mTYdq_aq5ZqMSyMf4nE	1unOJT	qadv-arbiter-7x7-rust-lambda-v0.1.0	-	qadv-arbiter-7x7-rust-lambda-v0.1.0	-	L	P	196
g1_acu9xJzL9YOkQXo8Txe9G5axo_h2089K3dHMZhINaTo	s1_GIER_ieKlmskiHAcEZ_hVBc8cmgBUwmItfuj6sCZni4	1unLws	qadv-arbiter-7x7-rust-lambda-v0.1.0	-	qadv-arbiter-7x7-rust-lambda-v0.1.0	-	L	P	196
g1_acu9xJzL9YOkQXo8Txe9G5axo_h2089K3dHMZhINaTo	s1_RauLaTi4eVgYHSp2TV9pqs9uzTVv0B10g9TaHMWpcZ4	1unLws	qadv-arbiter-7x7-rust-lambda-v0.1.0	-	qadv-arbiter-7x7-rust-lambda-v0.1.0	-	L	P	-
g1_acu9xJzL9YOkQXo8Txe9G5axo_h2089K3dHMZhINaTo	s1_SB1bMAaBIja9KSzlN1T_-S2dnPwuSbuLO9lgYoUVT08	1unLws	qadv-arbiter-7x7-rust-lambda-v0.1.0	-	qadv-arbiter-7x7-rust-lambda-v0.1.0	-	L	P	196
g1_acu9xJzL9YOkQXo8Txe9G5axo_h2089K3dHMZhINaTo	s1_bIS9-7qII137U4mk5nspdGydWF1bqWMvgx5A2QxwVaU	1unLws	qadv-arbiter-7x7-rust-lambda-v0.1.0	-	qadv-arbiter-7x7-rust-lambda-v0.1.0	-	L	P	196
g1_ad0U_GZbOM_eMSie5hguxKXdhDIG2LOUzaBsu9LoKiM	s1_1n94mvwCY85H9eVmBWCBHHII7-HwEC1L_Btc45piN7M	1unP3j	qadv-arbiter-7x7-rust-lambda-v0.1.0	-	qadv-arbiter-7x7-rust-lambda-v0.1.0	-	D	P	196
g1_ad0U_GZbOM_eMSie5hguxKXdhDIG2LOUzaBsu9LoKiM	s1_R-DEvDvk1e8Ccp7Z5Xt3nv3yP0Ad1CLojCFOkHlTw8M	1unP3j	qadv-arbiter-7x7-rust-lambda-v0.1.0	-	qadv-arbiter-7x7-rust-lambda-v0.1.0	-	D	P	196
g1_ad0U_GZbOM_eMSie5hguxKXdhDIG2LOUzaBsu9LoKiM	s1_RauLaTi4eVgYHSp2TV9pqs9uzTVv0B10g9TaHMWpcZ4	1unP3j	qadv-arbiter-7x7-rust-lambda-v0.1.0	-	qadv-arbiter-7x7-rust-lambda-v0.1.0	-	D	P	-
g1_ad0U_GZbOM_eMSie5hguxKXdhDIG2LOUzaBsu9LoKiM	s1_zJtamnHYlqJhQktdg74EpkoIiUb8fZLaUwwn_JScGAM	1unP3j	qadv-arbiter-7x7-rust-lambda-v0.1.0	-	qadv-arbiter-7x7-rust-lambda-v0.1.0	-	D	P	196
g1_ad5-m4WOE642-kfeck8Y_3WaA_N7j4vNSzmaPvxRofQ	s1_6PxtazPxkizz7K9QTWPSCIopEV5n0zpHoq3F52yO_6U	1umwpV	python-cnn-puct-v0.1.0	sha256:7845e9b7687beee165dc36b8d21833b7a8b5a83e31b58b49bd05c277ba26e642	python-cnn-puct-v0.1.0	sha256:7845e9b7687beee165dc36b8d21833b7a8b5a83e31b58b49bd05c277ba26e642	L	P	196
g1_ad5-m4WOE642-kfeck8Y_3WaA_N7j4vNSzmaPvxRofQ	s1_baRgKA_wMXdl0r4AwdkUfhWC04qxd1MvEGXAQaDd4fo	1umwpV	python-cnn-puct-v0.1.0	sha256:7845e9b7687beee165dc36b8d21833b7a8b5a83e31b58b49bd05c277ba26e642	python-cnn-puct-v0.1.0	sha256:7845e9b7687beee165dc36b8d21833b7a8b5a83e31b58b49bd05c277ba26e642	L	P	196
g1_ad8c29ddLwUFODpM1I7djRMD9ZKOI4q6JkBiv-Jnoy8	s1_RGdk1whblpIeGA-bG6OTsVwFVpeIvO25bVQmx-Ns8HM	1unMAT	qadv-arbiter-7x7-rust-lambda-v0.1.0	-	qadv-arbiter-7x7-rust-lambda-v0.1.0	-	L	P	196
g1_ad8c29ddLwUFODpM1I7djRMD9ZKOI4q6JkBiv-Jnoy8	s1_RauLaTi4eVgYHSp2TV9pqs9uzTVv0B10g9TaHMWpcZ4	1unMAT	qadv-arbiter-7x7-rust-lambda-v0.1.0	-	qadv-arbiter-7x7-rust-lambda-v0.1.0	-	L	P	-
g1_ad8c29ddLwUFODpM1I7djRMD9ZKOI4q6JkBiv-Jnoy8	s1_aCdnbqWtiWHkk2IhwEfIeX_EkM1eiwOlV8_pSPwKb_o	1unMAT	qadv-arbiter-7x7-rust-lambda-v0.1.0	-	qadv-arbiter-7x7-rust-lambda-v0.1.0	-	L	P	196
g1_ad8c29ddLwUFODpM1I7djRMD9ZKOI4q6JkBiv-Jnoy8	s1_wYWG_cL-vYK4dT5ALK4D64i5jBTxu32MbntuZ39S1Ks	1unMAT	qadv-arbiter-7x7-rust-lambda-v0.1.0	-	qadv-arbiter-7x7-rust-lambda-v0.1.0	-	L	P	196
g1_ad9g1i3dKsopU2AyrlZiKBkLbm-9ncPgUFsFubjkgj8	s1_1R5KYwd9EshSn1yACcDADvYj_SAadl-Nx3PtWoNp968	1unNE_	qadv-arbiter-7x7-rust-lambda-v0.1.0	-	qadv-arbiter-7x7-rust-lambda-v0.1.0	-	L	P	196
g1_ad9g1i3dKsopU2AyrlZiKBkLbm-9ncPgUFsFubjkgj8	s1_FfJPj_2wlqRllE5ioWBqgH41ave8m3pK7KrNX763BRE	1unNE_	qadv-arbiter-7x7-rust-lambda-v0.1.0	-	qadv-arbiter-7x7-rust-lambda-v0.1.0	-	L	P	196
g1_ad9g1i3dKsopU2AyrlZiKBkLbm-9ncPgUFsFubjkgj8	s1_RauLaTi4eVgYHSp2TV9pqs9uzTVv0B10g9TaHMWpcZ4	1unNE_	qadv-arbiter-7x7-rust-lambda-v0.1.0	-	qadv-arbiter-7x7-rust-lambda-v0.1.0	-	L	P	-
g1_ad9g1i3dKsopU2AyrlZiKBkLbm-9ncPgUFsFubjkgj8	s1_xtL5cGsJAUR4Ohf7gZeX0wbueT2TeIyEmGE7HPCek60	1unNE_	qadv-arbiter-7x7-rust-lambda-v0.1.0	-	qadv-arbiter-7x7-rust-lambda-v0.1.0	-	L	P	196
g1_adHApdDYq8smabG5llgLAZWEXWIPsSPgY83LwW3ArMk	s1_2FtaP75xgRVTNrUvmC0NIesJCNy8IDFJ05WNM4nUnpg	1unQdz	pathfinder-v0.3.0	-	qadv-arbiter-7x7-v0.1.0	-	L	P	196
g1_adHApdDYq8smabG5llgLAZWEXWIPsSPgY83LwW3ArMk	s1_RauLaTi4eVgYHSp2TV9pqs9uzTVv0B10g9TaHMWpcZ4	1unQdz	pathfinder-v0.3.0	-	qadv-arbiter-7x7-v0.1.0	-	L	P	-
g1_adHApdDYq8smabG5llgLAZWEXWIPsSPgY83LwW3ArMk	s1_a3xFQY41G9nPPc4_GbESq-0eN3mRycIC2y9N09PKA5E	1unQdz	pathfinder-v0.3.0	-	qadv-arbiter-7x7-v0.1.0	-	L	P	196
g1_adHApdDYq8smabG5llgLAZWEXWIPsSPgY83LwW3ArMk	s1_a8KLc5QTIV00VN46mehxKVXCcjCYCIzUpoue1WjAIQc	1unQdz	pathfinder-v0.3.0	-	qadv-arbiter-7x7-v0.1.0	-	L	P	196
g1_adNfQg5jDIKc0Uo3AnoqzhGUUh-WXSGOuQXWCVleUok	s1_Qmoz3nLvbLcY_1rcqMtpMJDvTQydhL5cxUNWV6EhpMY	1umwyd	qadv-arbiter-7x7-v0.1.0	sha256:8c548d06307572603b839755cc1e50393285365e10f82bcd90290ca65cd86266	qadv-arbiter-7x7-v0.1.0	sha256:8c548d06307572603b839755cc1e50393285365e10f82bcd90290ca65cd86266	D	P	196
g1_adUsWGtxxEBGW5QFQO13pzVDWxJ9Tf_ypq4z_ou1bCQ	s1_8V7Tstajd0rLVedctycsZ8sdeVAsI6fT_rpe5sGxJng	1unNOU	qadv-arbiter-7x7-rust-lambda-v0.1.0	-	qadv-arbiter-7x7-rust-lambda-v0.1.0	-	D	P	196
g1_adUsWGtxxEBGW5QFQO13pzVDWxJ9Tf_ypq4z_ou1bCQ	s1_RauLaTi4eVgYHSp2TV9pqs9uzTVv0B10g9TaHMWpcZ4	1unNOU	qadv-arbiter-7x7-rust-lambda-v0.1.0	-	qadv-arbiter-7x7-rust-lambda-v0.1.0	-	D	P	-
g1_adUsWGtxxEBGW5QFQO13pzVDWxJ9Tf_ypq4z_ou1bCQ	s1_w3XmGC2_hRn5iZbswIL5lfJyPi6XUR4uSWTIXHKlndE	1unNOU	qadv-arbiter-7x7-rust-lambda-v0.1.0	-	qadv-arbiter-7x7-rust-lambda-v0.1.0	-	D	P	196
g1_adUsWGtxxEBGW5QFQO13pzVDWxJ9Tf_ypq4z_ou1bCQ	s1_xPNM4JLfuSoZuXi00YgdU_lsFBiwxydHABWMcQn2UHA	1unNOU	qadv-arbiter-7x7-rust-lambda-v0.1.0	-	qadv-arbiter-7x7-rust-lambda-v0.1.0	-	D	P	196
g1_adY4rfUXeK5eD9ALOhKTQxaVAjRuGP76NIg65W1fMKw	s1_sgvyeQmhmCcn_3PWBQUH_rbOUWWTtgoQRbnnH78MB_A	1umvzw	python-cnn-puct-v0.1.0	sha256:7845e9b7687beee165dc36b8d21833b7a8b5a83e31b58b49bd05c277ba26e642	python-cnn-puct-v0.1.0	sha256:7845e9b7687beee165dc36b8d21833b7a8b5a83e31b58b49bd05c277ba26e642	D	P	196
g1_adYes56tApn7orxY-cQJiE3BHYuU3PBryH1vmyz_3FE	s1_29Yiq20JRxGhz053ubKaTEs10CehEs4a1v-Tg7Q1llk	1unMG_	qadv-arbiter-7x7-rust-lambda-v0.1.0	-	qadv-arbiter-7x7-rust-lambda-v0.1.0	-	L	P	196
g1_adYes56tApn7orxY-cQJiE3BHYuU3PBryH1vmyz_3FE	s1_9x2b-z6qFVKRFFCiT23PBBFwhxM_mOQ7HJqCVi7P-4Q	1unMG_	qadv-arbiter-7x7-rust-lambda-v0.1.0	-	qadv-arbiter-7x7-rust-lambda-v0.1.0	-	L	P	196
g1_adYes56tApn7orxY-cQJiE3BHYuU3PBryH1vmyz_3FE	s1_RauLaTi4eVgYHSp2TV9pqs9uzTVv0B10g9TaHMWpcZ4	1unMG_	qadv-arbiter-7x7-rust-lambda-v0.1.0	-	qadv-arbiter-7x7-rust-lambda-v0.1.0	-	L	P	-
g1_adYes56tApn7orxY-cQJiE3BHYuU3PBryH1vmyz_3FE	s1_eLiD3T73p_M-74D1uRPW5LdCHWfddHgzyui0ksIAfE8	1unMG_	qadv-arbiter-7x7-rust-lambda-v0.1.0	-	qadv-arbiter-7x7-rust-lambda-v0.1.0	-	L	P	196
g1_adfHLVjVaoUOk8NlFFuJL6dQ8VvxWVfqIt1pn8oDDlE	s1_BM7jB3gsEjU2Cx47JIGrIEjOg3exA2TlnPIeOQX5vCM	1DNgT	python-gnn-puct-v0.1.0	-	python-gnn-puct-v0.1.0	-	L	P	-
g1_adpCjm1K7dCsWQSHW6tNZFmrJ-hparG76AJoBFeIJgo	s1_RauLaTi4eVgYHSp2TV9pqs9uzTVv0B10g9TaHMWpcZ4	1unPRE	qadv-arbiter-7x7-rust-lambda-v0.1.0	-	qadv-arbiter-7x7-rust-lambda-v0.1.0	-	D	P	-
g1_adpCjm1K7dCsWQSHW6tNZFmrJ-hparG76AJoBFeIJgo	s1__TNLmSrMb3Fn4iV4xPPKHA69nASJYBUbFjgiHXpEJt0	1unPRE	qadv-arbiter-7x7-rust-lambda-v0.1.0	-	qadv-arbiter-7x7-rust-lambda-v0.1.0	-	D	P	196
g1_adpCjm1K7dCsWQSHW6tNZFmrJ-hparG76AJoBFeIJgo	s1_kyjNBZq9aApsFzNaLcHz0GO-lGPC2EaltpbHKdkngW0	1unPRE	qadv-arbiter-7x7-rust-lambda-v0.1.0	-	qadv-arbiter-7x7-rust-lambda-v0.1.0	-	D	P	196
g1_adpCjm1K7dCsWQSHW6tNZFmrJ-hparG76AJoBFeIJgo	s1_vFI6HIQsQatwOivIqH-ofgLjvZrfzzYBYIFdL9cXUD8	1unPRE	qadv-arbiter-7x7-rust-lambda-v0.1.0	-	qadv-arbiter-7x7-rust-lambda-v0.1.0	-	D	P	196
g1_adrq1LeWvyV_l3XSmfbXYAdo2pzVt9bUmMpwPFUGGP8	s1_1av6nXQkq-GSHXfjkVlGHGpAq8F9UbW4JwZmyFA-vww	1umvMa	python-gnn-puct-learner-v0.1.0	sha256:ab0f739cd33d66781faf60e27797c5ccba3c04ba684f8d9e32e9c2754f4e8956	python-gnn-puct-learner-v0.1.0	sha256:ab0f739cd33d66781faf60e27797c5ccba3c04ba684f8d9e32e9c2754f4e8956	-	M	196
g1_adrq1LeWvyV_l3XSmfbXYAdo2pzVt9bUmMpwPFUGGP8	s1_Brk0hkuJoH-MBjdd53AO5tlWcOgDWV_R0PO74fHGd_0	1umvMa	python-gnn-puct-learner-v0.1.0	sha256:ab0f739cd33d66781faf60e27797c5ccba3c04ba684f8d9e32e9c2754f4e8956	python-gnn-puct-learner-v0.1.0	sha256:ab0f739cd33d66781faf60e27797c5ccba3c04ba684f8d9e32e9c2754f4e8956	-	M	196
g1_adrq1LeWvyV_l3XSmfbXYAdo2pzVt9bUmMpwPFUGGP8	s1_QBFUsDtxokERlDOdQkleYbPvhJ-vIp2qmp6DXjS-7oM	1umvMa	python-gnn-puct-learner-v0.1.0	sha256:ab0f739cd33d66781faf60e27797c5ccba3c04ba684f8d9e32e9c2754f4e8956	python-gnn-puct-learner-v0.1.0	sha256:ab0f739cd33d66781faf60e27797c5ccba3c04ba684f8d9e32e9c2754f4e8956	-	M	196
g1_advqZHQuvM2BbsUCUmgbf-OhnM1vLYgBbFQ4Eh2rpqY	s1_7zg9qb_9DVLRTiDTQFwVDmuzMFz42_8dqaotyPQinLE	1unPdK	qadv-arbiter-7x7-rust-lambda-v0.1.0	-	qadv-arbiter-7x7-rust-lambda-v0.1.0	-	L	P	196
g1_advqZHQuvM2BbsUCUmgbf-OhnM1vLYgBbFQ4Eh2rpqY	s1_G1ngQ7OCXNQTQUdBVOgygB-N-ZXESjab_uBYOQw_Ci8	1unPdK	qadv-arbiter-7x7-rust-lambda-v0.1.0	-	qadv-arbiter-7x7-rust-lambda-v0.1.0	-	L	P	196
g1_advqZHQuvM2BbsUCUmgbf-OhnM1vLYgBbFQ4Eh2rpqY	s1_RauLaTi4eVgYHSp2TV9pqs9uzTVv0B10g9TaHMWpcZ4	1unPdK	qadv-arbiter-7x7-rust-lambda-v0.1.0	-	qadv-arbiter-7x7-rust-lambda-v0.1.0	-	L	P	-
g1_advqZHQuvM2BbsUCUmgbf-OhnM1vLYgBbFQ4Eh2rpqY	s1_icu35Pg0A-um8-BU3ab57OFOQYtho_FdGAn7mFq4hRo	1unPdK	qadv-arbiter-7x7-rust-lambda-v0.1.0	-	qadv-arbiter-7x7-rust-lambda-v0.1.0	-	L	P	196
g1_aeCCoIBVN0SCoa3cpACVCuqpSgJIMaMq1KddKOXQ2Tk	s1_7funEcnmXKKmJK3d5KryvGY0wXLHyi4zDUVtRVodszQ	1unMfO	qadv-arbiter-7x7-rust-lambda-v0.1.0	-	qadv-arbiter-7x7-rust-lambda-v0.1.0	-	L	P	196
g1_aeCCoIBVN0SCoa3cpACVCuqpSgJIMaMq1KddKOXQ2Tk	s1_9Y4Ogc8WmCS_f1oP7thjWQJeYwP5uIDvUAM_-M-xoTU	1unMfO	qadv-arbiter-7x7-rust-lambda-v0.1.0	-	qadv-arbiter-7x7-rust-lambda-v0.1.0	-	L	P	196
g1_aeCCoIBVN0SCoa3cpACVCuqpSgJIMaMq1KddKOXQ2Tk	s1_RauLaTi4eVgYHSp2TV9pqs9uzTVv0B10g9TaHMWpcZ4	1unMfO	qadv-arbiter-7x7-rust-lambda-v0.1.0	-	qadv-arbiter-7x7-rust-lambda-v0.1.0	-	L	P	-
g1_aeCCoIBVN0SCoa3cpACVCuqpSgJIMaMq1KddKOXQ2Tk	s1_oVlIVLvPmX84OQF7EvNoOeQrsvyZRPbfb7uYBteB-Jo	1unMfO	qadv-arbiter-7x7-rust-lambda-v0.1.0	-	qadv-arbiter-7x7-rust-lambda-v0.1.0	-	L	P	196
g1_aeQD7pM2QDTV3mLMvBseMPU_VIc7oqFsGFjQxkJGDJ0	s1_RauLaTi4eVgYHSp2TV9pqs9uzTVv0B10g9TaHMWpcZ4	1unMUZ	qadv-arbiter-7x7-rust-lambda-v0.1.0	-	qadv-arbiter-7x7-rust-lambda-v0.1.0	-	L	P	-
g1_aeQD7pM2QDTV3mLMvBseMPU_VIc7oqFsGFjQxkJGDJ0	s1_kw3R94uw52Sf0ASDVt0JKeRAr0PSLW5x2FQw70iTjdA	1unMUZ	qadv-arbiter-7x7-rust-lambda-v0.1.0	-	qadv-arbiter-7x7-rust-lambda-v0.1.0	-	L	P	196
g1_aeQD7pM2QDTV3mLMvBseMPU_VIc7oqFsGFjQxkJGDJ0	s1_liiEXms7Iumu4ZjDCN6pC5dbfOoFUpQfOgUHSOziHcs	1unMUZ	qadv-arbiter-7x7-rust-lambda-v0.1.0	-	qadv-arbiter-7x7-rust-lambda-v0.1.0	-	L	P	196
g1_aeQD7pM2QDTV3mLMvBseMPU_VIc7oqFsGFjQxkJGDJ0	s1_yeQWFfNv7KyKQdoGCX6LvQ_g5qrZPVvQOLe6VT8wSq0	1unMUZ	qadv-arbiter-7x7-rust-lambda-v0.1.0	-	qadv-arbiter-7x7-rust-lambda-v0.1.0	-	L	P	196
g1_aeYDqnxPxHc1EyrAtu18dz0ddTu2fKhGjS0Fu3br6NY	s1__fmnSv6OnZklVvMPUjPdL6drtvfrJptRYX3nxZQO8jI	1umxl6	python-gnn-puct-scout-v0.1.0	sha256:b9f80706cc1f29076ee06fe06483697c749148a808c599579045d00a52573938	python-gnn-puct-scout-v0.1.0	sha256:b9f80706cc1f29076ee06fe06483697c749148a808c599579045d00a52573938	D	P	196
g1_aej1gn1EjkWjA6goqgGkzYkF6GYrA9NVUgirfwQ3rkc	s1_1ee-cwTs66hd4iIh2ux8QfJty0LMStD_LsX0s61ZpSk	1unPGz	qadv-arbiter-7x7-rust-lambda-v0.1.0	-	qadv-arbiter-7x7-rust-lambda-v0.1.0	-	D	P	196
g1_aej1gn1EjkWjA6goqgGkzYkF6GYrA9NVUgirfwQ3rkc	s1_A76_GjOQYjOurBTCP-cYR7FWYiiY3FgAG7wtxFyhGN4	1unPGz	qadv-arbiter-7x7-rust-lambda-v0.1.0	-	qadv-arbiter-7x7-rust-lambda-v0.1.0	-	D	P	196
g1_aej1gn1EjkWjA6goqgGkzYkF6GYrA9NVUgirfwQ3rkc	s1_RauLaTi4eVgYHSp2TV9pqs9uzTVv0B10g9TaHMWpcZ4	1unPGz	qadv-arbiter-7x7-rust-lambda-v0.1.0	-	qadv-arbiter-7x7-rust-lambda-v0.1.0	-	D	P	-
g1_aej1gn1EjkWjA6goqgGkzYkF6GYrA9NVUgirfwQ3rkc	s1_eNyoOaEY0PwWS8jgIWlJFH479jh56_CD-m8ql66jyIk	1unPGz	qadv-arbiter-7x7-rust-lambda-v0.1.0	-	qadv-arbiter-7x7-rust-lambda-v0.1.0	-	D	P	196
g1_aenScbJVhzEqWWUiLg2WOMW_yLMFaq7dRqmY3uYbjMg	s1_1av6nXQkq-GSHXfjkVlGHGpAq8F9UbW4JwZmyFA-vww	1umvNj	gnn-scout-7x7	sha256:7d34820fd656875b3ac4a0142e8f22179d11b133feb3321d0eb735b2a7abd027	surveyor-v0.2.0	-	D	P	196
g1_aenScbJVhzEqWWUiLg2WOMW_yLMFaq7dRqmY3uYbjMg	s1_QzXKB60HvV5g6-cJIu-NdpeFb1rCgFAJD1cxfdkoMm0	1umvNj	gnn-scout-7x7	sha256:7d34820fd656875b3ac4a0142e8f22179d11b133feb3321d0eb735b2a7abd027	surveyor-v0.2.0	-	D	P	196
g1_aenScbJVhzEqWWUiLg2WOMW_yLMFaq7dRqmY3uYbjMg	s1_mWPTef6xYbijjPhDIC6QgLRmu2mMSJAokNlIkx3vg54	1umvNj	gnn-scout-7x7	sha256:7d34820fd656875b3ac4a0142e8f22179d11b133feb3321d0eb735b2a7abd027	surveyor-v0.2.0	-	D	P	196
g1_aer-rropJUYxmXPxM2JLZT6V35e1q4FsVAVH5TQmEhc	s1_7997ZqTRRhve7Yucl83Z1wfkZZJGi9Qm_AY-9aLRzhc	1unP6b	qadv-arbiter-7x7-rust-lambda-v0.1.0	-	qadv-arbiter-7x7-rust-lambda-v0.1.0	-	D	P	196
g1_aer-rropJUYxmXPxM2JLZT6V35e1q4FsVAVH5TQmEhc	s1_QeUd1F3L3TfzkOLR5efByAq_Y-AVtAAI3PDHjC__qH0	1unP6b	qadv-arbiter-7x7-rust-lambda-v0.1.0	-	qadv-arbiter-7x7-rust-lambda-v0.1.0	-	D	P	196
g1_aer-rropJUYxmXPxM2JLZT6V35e1q4FsVAVH5TQmEhc	s1_RauLaTi4eVgYHSp2TV9pqs9uzTVv0B10g9TaHMWpcZ4	1unP6b	qadv-arbiter-7x7-rust-lambda-v0.1.0	-	qadv-arbiter-7x7-rust-lambda-v0.1.0	-	D	P	-
g1_aer-rropJUYxmXPxM2JLZT6V35e1q4FsVAVH5TQmEhc	s1_UbfcVUBzqfuxSCtKbwxqa3xnYCaS76a6KsKreZqaRMY	1unP6b	qadv-arbiter-7x7-rust-lambda-v0.1.0	-	qadv-arbiter-7x7-rust-lambda-v0.1.0	-	D	P	196
g1_af96e75N7DsTR69eRfIFXW2K89XJ5zTohGLxDh3BEyE	s1_2dicR_GC5A4URJpnTdj3jot0YUvgDajLW5gCu3OScEY	1unOPT	qadv-arbiter-7x7-rust-lambda-v0.1.0	-	qadv-arbiter-7x7-rust-lambda-v0.1.0	-	D	P	196
g1_af96e75N7DsTR69eRfIFXW2K89XJ5zTohGLxDh3BEyE	s1_6HShBvceBegdmH6Jld182tC2Xodi_P9my_wvJ3TsQnI	1unOPT	qadv-arbiter-7x7-rust-lambda-v0.1.0	-	qadv-arbiter-7x7-rust-lambda-v0.1.0	-	D	P	196
g1_af96e75N7DsTR69eRfIFXW2K89XJ5zTohGLxDh3BEyE	s1_GcAsxpVZlvnDeT7MqIHBkdS84H9bJ5CbSibUkK1HiHY	1unOPT	qadv-arbiter-7x7-rust-lambda-v0.1.0	-	qadv-arbiter-7x7-rust-lambda-v0.1.0	-	D	P	196
g1_af96e75N7DsTR69eRfIFXW2K89XJ5zTohGLxDh3BEyE	s1_RauLaTi4eVgYHSp2TV9pqs9uzTVv0B10g9TaHMWpcZ4	1unOPT	qadv-arbiter-7x7-rust-lambda-v0.1.0	-	qadv-arbiter-7x7-rust-lambda-v0.1.0	-	D	P	-
g1_af9EDjm5wInWphHmHMO1p-w0XC7ei8SCeONabnlgHH4	s1_GLW-E0PYcDYXElF_Ibv-XKtzXdYKCySMz7s8bVR3r9o	1un5On	surveyor-v0.2.0	-	qadv-arbiter-guided-7x7-v0.2.0	sha256:9c0e5e530df7db77a98f6a2e75fe63a6f629c6ad6563e0b5454793ebc243b14d	L	P	196
g1_af9EDjm5wInWphHmHMO1p-w0XC7ei8SCeONabnlgHH4	s1_O3cuwuia8XT9TI7Nxr3tRcajOA20XFHEIT2fYX3WizY	1un5On	surveyor-v0.2.0	-	qadv-arbiter-guided-7x7-v0.2.0	sha256:9c0e5e530df7db77a98f6a2e75fe63a6f629c6ad6563e0b5454793ebc243b14d	L	P	196
g1_af9EDjm5wInWphHmHMO1p-w0XC7ei8SCeONabnlgHH4	s1_g6m_F25QA1x_rKWVwpeYFV6S7hZZaTfg60yuJczFcDc	1un5On	surveyor-v0.2.0	-	qadv-arbiter-guided-7x7-v0.2.0	sha256:9c0e5e530df7db77a98f6a2e75fe63a6f629c6ad6563e0b5454793ebc243b14d	L	P	196
g1_af9pkXX3LcNQXqE28v_T3oM3K1CyA0hciWx-VpiQbcQ	s1_qtlitMa-GGx-0y2heoyNRonYXf1Dq5epTexnVe9Iqtw	1umxYv	python-gnn-puct-learner-v0.1.0	sha256:ab0f739cd33d66781faf60e27797c5ccba3c04ba684f8d9e32e9c2754f4e8956	python-gnn-puct-learner-v0.1.0	sha256:ab0f739cd33d66781faf60e27797c5ccba3c04ba684f8d9e32e9c2754f4e8956	D	P	196
g1_afDlr3QD2e8SUaY51uEqs1oX5ADEfK2qVe8LYWW9ncE	s1_1av6nXQkq-GSHXfjkVlGHGpAq8F9UbW4JwZmyFA-vww	1umvAA	python-gnn-puct-scout-v0.1.0	sha256:b9f80706cc1f29076ee06fe06483697c749148a808c599579045d00a52573938	python-gnn-puct-scout-v0.1.0	sha256:b9f80706cc1f29076ee06fe06483697c749148a808c599579045d00a52573938	-	M	196
g1_afDlr3QD2e8SUaY51uEqs1oX5ADEfK2qVe8LYWW9ncE	s1_Brk0hkuJoH-MBjdd53AO5tlWcOgDWV_R0PO74fHGd_0	1umvAA	python-gnn-puct-scout-v0.1.0	sha256:b9f80706cc1f29076ee06fe06483697c749148a808c599579045d00a52573938	python-gnn-puct-scout-v0.1.0	sha256:b9f80706cc1f29076ee06fe06483697c749148a808c599579045d00a52573938	-	M	196
g1_afDlr3QD2e8SUaY51uEqs1oX5ADEfK2qVe8LYWW9ncE	s1_D_X-fTFZy6xuyGSC5jFyKBW6IP_59Jbomefazf4xu44	1umvAA	python-gnn-puct-scout-v0.1.0	sha256:b9f80706cc1f29076ee06fe06483697c749148a808c599579045d00a52573938	python-gnn-puct-scout-v0.1.0	sha256:b9f80706cc1f29076ee06fe06483697c749148a808c599579045d00a52573938	-	M	196
g1_afGJt3I64EBjimDt8Dtiyr1XKjf28mTCJICg0sNyAvo	s1_CrqtqjFTY2W_Lsnsvce17jLKjuZzxWBuoCX5JpOLVCc	1unNwM	qadv-arbiter-7x7-rust-lambda-v0.1.0	-	qadv-arbiter-7x7-rust-lambda-v0.1.0	-	L	P	196
g1_afGJt3I64EBjimDt8Dtiyr1XKjf28mTCJICg0sNyAvo	s1_RauLaTi4eVgYHSp2TV9pqs9uzTVv0B10g9TaHMWpcZ4	1unNwM	qadv-arbiter-7x7-rust-lambda-v0.1.0	-	qadv-arbiter-7x7-rust-lambda-v0.1.0	-	L	P	-
g1_afGJt3I64EBjimDt8Dtiyr1XKjf28mTCJICg0sNyAvo	s1_XGc_wzCJQwSvCT96J0eRfNhUaGQW9IkAjLh431PMk1w	1unNwM	qadv-arbiter-7x7-rust-lambda-v0.1.0	-	qadv-arbiter-7x7-rust-lambda-v0.1.0	-	L	P	196
g1_afGJt3I64EBjimDt8Dtiyr1XKjf28mTCJICg0sNyAvo	s1_vo8v1Ye-6necigXDuf1L2pZQwOa9ntBgBNOOqyrR7aQ	1unNwM	qadv-arbiter-7x7-rust-lambda-v0.1.0	-	qadv-arbiter-7x7-rust-lambda-v0.1.0	-	L	P	196
g1_afRX1n14aRL5TZIUPO_6R_evU8bssIMH3A7pw5INo5A	s1_61jTBe7I6Neipdrep5hLDd_m0TdEhwYv7t843pYZIww	1unP7N	qadv-arbiter-7x7-rust-lambda-v0.1.0	-	qadv-arbiter-7x7-rust-lambda-v0.1.0	-	L	P	196
g1_afRX1n14aRL5TZIUPO_6R_evU8bssIMH3A7pw5INo5A	s1_RauLaTi4eVgYHSp2TV9pqs9uzTVv0B10g9TaHMWpcZ4	1unP7N	qadv-arbiter-7x7-rust-lambda-v0.1.0	-	qadv-arbiter-7x7-rust-lambda-v0.1.0	-	L	P	-
g1_afRX1n14aRL5TZIUPO_6R_evU8bssIMH3A7pw5INo5A	s1_tXMCwxmrPSFlWpGxwQM3jw2Up0VQobxgCw1B1BO9Icw	1unP7N	qadv-arbiter-7x7-rust-lambda-v0.1.0	-	qadv-arbiter-7x7-rust-lambda-v0.1.0	-	L	P	196
g1_afRX1n14aRL5TZIUPO_6R_evU8bssIMH3A7pw5INo5A	s1_uIZ2Lx1mks4EWCZDIBBWa1E670QvT1NGXt-fLNU6EFU	1unP7N	qadv-arbiter-7x7-rust-lambda-v0.1.0	-	qadv-arbiter-7x7-rust-lambda-v0.1.0	-	L	P	196
g1_afokFvxgPjO9LU__4AFmRlRpB1N1f-b79TId0hpogWU	s1_7FIu85-v_e-kbNsQ2UNk3yRt-KGcLyUjpmVwIc9cnfM	1umwAY	python-gnn-puct-scout-v0.1.0	sha256:b9f80706cc1f29076ee06fe06483697c749148a808c599579045d00a52573938	python-gnn-puct-scout-v0.1.0	sha256:b9f80706cc1f29076ee06fe06483697c749148a808c599579045d00a52573938	L	P	196
g1_afokFvxgPjO9LU__4AFmRlRpB1N1f-b79TId0hpogWU	s1_S8AGNBNcWBvWiwIo-AOAHPoHuZo2XvcsYvhgQxGTkrY	1umwAY	python-gnn-puct-scout-v0.1.0	sha256:b9f80706cc1f29076ee06fe06483697c749148a808c599579045d00a52573938	python-gnn-puct-scout-v0.1.0	sha256:b9f80706cc1f29076ee06fe06483697c749148a808c599579045d00a52573938	L	P	196
g1_afpCYJnpKuvOq7OO0JyBuJcZjsZHRo79LnCvb6VJOwY	s1_LEpqOkNzxv6GRPomcZ9KKHDValunTvvTlgx1rbk63D8	1umw52	qadv-arbiter-7x7-v0.1.0	sha256:dd984097af768c46f6abbdba343ea266b9a7ab552164deb62c6b9c13ccacfd68	coin-flip-v0.0.1	-	L	P	196
g1_afzZMHR4tFWlUBXsZBNeOJfLnEKWM61s9DFHfocxwXU	s1_Qmoz3nLvbLcY_1rcqMtpMJDvTQydhL5cxUNWV6EhpMY	1umwn1	qadv-arbiter-7x7-v0.1.0	sha256:8c548d06307572603b839755cc1e50393285365e10f82bcd90290ca65cd86266	qadv-arbiter-7x7-v0.1.0	sha256:8c548d06307572603b839755cc1e50393285365e10f82bcd90290ca65cd86266	L	P	196
g1_afziided2Kyy5MSj8VMZdyIxb-RsmoJTAGimDT-s4V4	s1_A6Pdi-5XTqkkjjYgnZkpdFtBbOT3vcs3XV6sfAhDiNk	1un3C_	pathfinder-v0.3.0	-	qadv-arbiter-guided-7x7-v0.2.0	sha256:9c0e5e530df7db77a98f6a2e75fe63a6f629c6ad6563e0b5454793ebc243b14d	D	P	196
g1_afziided2Kyy5MSj8VMZdyIxb-RsmoJTAGimDT-s4V4	s1_EHd406NVisYX17tvp9tSYcqEWWp4CsAdRryHC10wfHc	1un2U9	pathfinder-v0.3.0	-	qadv-arbiter-guided-7x7-v0.2.0	sha256:9c0e5e530df7db77a98f6a2e75fe63a6f629c6ad6563e0b5454793ebc243b14d	D	P	196
g1_afziided2Kyy5MSj8VMZdyIxb-RsmoJTAGimDT-s4V4	s1_GCqZdg9KLzvh0I_b212TEmxdlG3kcwnq3SnQmPGgIqI	1un2U9	pathfinder-v0.3.0	-	qadv-arbiter-guided-7x7-v0.2.0	sha256:9c0e5e530df7db77a98f6a2e75fe63a6f629c6ad6563e0b5454793ebc243b14d	D	P	196
g1_afziided2Kyy5MSj8VMZdyIxb-RsmoJTAGimDT-s4V4	s1_O3cuwuia8XT9TI7Nxr3tRcajOA20XFHEIT2fYX3WizY	1un2U9	pathfinder-v0.3.0	-	qadv-arbiter-guided-7x7-v0.2.0	sha256:9c0e5e530df7db77a98f6a2e75fe63a6f629c6ad6563e0b5454793ebc243b14d	D	P	196
g1_afziided2Kyy5MSj8VMZdyIxb-RsmoJTAGimDT-s4V4	s1_Vtn6p5B30bbUD8YVO8sATSZoAgz4rVlBtDaUS3ASsh4	1un3C_	pathfinder-v0.3.0	-	qadv-arbiter-guided-7x7-v0.2.0	sha256:9c0e5e530df7db77a98f6a2e75fe63a6f629c6ad6563e0b5454793ebc243b14d	D	P	196
g1_afziided2Kyy5MSj8VMZdyIxb-RsmoJTAGimDT-s4V4	s1_bu4yUwwDMqKDhLXEtnBsv1ZAJagIFi7EKmSaiui1_WE	1un4Az	pathfinder-v0.3.0	-	qadv-arbiter-guided-7x7-v0.2.0	sha256:9c0e5e530df7db77a98f6a2e75fe63a6f629c6ad6563e0b5454793ebc243b14d	D	P	196
g1_afziided2Kyy5MSj8VMZdyIxb-RsmoJTAGimDT-s4V4	s1_mlXHsG8-xxT7rKwSZelP6NHm5eYy3YD5j4SydA37pgE	1un4Az	pathfinder-v0.3.0	-	qadv-arbiter-guided-7x7-v0.2.0	sha256:9c0e5e530df7db77a98f6a2e75fe63a6f629c6ad6563e0b5454793ebc243b14d	D	P	196
g1_afziided2Kyy5MSj8VMZdyIxb-RsmoJTAGimDT-s4V4	s1_q1qHBeKrplfd3TIe9AmUdbLrczQxRYGoirp57d_e0ug	1un3C_	pathfinder-v0.3.0	-	qadv-arbiter-guided-7x7-v0.2.0	sha256:9c0e5e530df7db77a98f6a2e75fe63a6f629c6ad6563e0b5454793ebc243b14d	D	P	196
g1_ag0QuPURJqXvZXXqNAfwrhE880K8yewiivq1dNaAzB0	s1_-OKlJXuPFfAnukwGYITjiU7XKL4OC_qt76PC0TZSPjg	1umvkb	python-cnn-puct-v0.1.0	sha256:7845e9b7687beee165dc36b8d21833b7a8b5a83e31b58b49bd05c277ba26e642	python-cnn-puct-v0.1.0	sha256:7845e9b7687beee165dc36b8d21833b7a8b5a83e31b58b49bd05c277ba26e642	-	M	196
g1_ag0QuPURJqXvZXXqNAfwrhE880K8yewiivq1dNaAzB0	s1_1av6nXQkq-GSHXfjkVlGHGpAq8F9UbW4JwZmyFA-vww	1umvkb	python-cnn-puct-v0.1.0	sha256:7845e9b7687beee165dc36b8d21833b7a8b5a83e31b58b49bd05c277ba26e642	python-cnn-puct-v0.1.0	sha256:7845e9b7687beee165dc36b8d21833b7a8b5a83e31b58b49bd05c277ba26e642	-	M	196
g1_ag0QuPURJqXvZXXqNAfwrhE880K8yewiivq1dNaAzB0	s1_Brk0hkuJoH-MBjdd53AO5tlWcOgDWV_R0PO74fHGd_0	1umvkb	python-cnn-puct-v0.1.0	sha256:7845e9b7687beee165dc36b8d21833b7a8b5a83e31b58b49bd05c277ba26e642	python-cnn-puct-v0.1.0	sha256:7845e9b7687beee165dc36b8d21833b7a8b5a83e31b58b49bd05c277ba26e642	-	M	196
g1_ag6xZZnp_-8R2lucUPAgrQmy_PvdIwOrQ5NK6_XjbnU	s1_6PxtazPxkizz7K9QTWPSCIopEV5n0zpHoq3F52yO_6U	1umwm-	python-cnn-puct-v0.1.0	sha256:7845e9b7687beee165dc36b8d21833b7a8b5a83e31b58b49bd05c277ba26e642	python-cnn-puct-v0.1.0	sha256:7845e9b7687beee165dc36b8d21833b7a8b5a83e31b58b49bd05c277ba26e642	L	P	196
g1_ag6xZZnp_-8R2lucUPAgrQmy_PvdIwOrQ5NK6_XjbnU	s1_baRgKA_wMXdl0r4AwdkUfhWC04qxd1MvEGXAQaDd4fo	1umwm-	python-cnn-puct-v0.1.0	sha256:7845e9b7687beee165dc36b8d21833b7a8b5a83e31b58b49bd05c277ba26e642	python-cnn-puct-v0.1.0	sha256:7845e9b7687beee165dc36b8d21833b7a8b5a83e31b58b49bd05c277ba26e642	L	P	196
g1_ag8_gwFeTHc56DSEkFCmUFGeXvVa_OBqbiNDOuR417A	s1_1av6nXQkq-GSHXfjkVlGHGpAq8F9UbW4JwZmyFA-vww	1umvS1	python-gnn-puct-learner-v0.1.0	sha256:ab0f739cd33d66781faf60e27797c5ccba3c04ba684f8d9e32e9c2754f4e8956	python-gnn-puct-learner-v0.1.0	sha256:ab0f739cd33d66781faf60e27797c5ccba3c04ba684f8d9e32e9c2754f4e8956	-	M	196
g1_ag8_gwFeTHc56DSEkFCmUFGeXvVa_OBqbiNDOuR417A	s1_Brk0hkuJoH-MBjdd53AO5tlWcOgDWV_R0PO74fHGd_0	1umvS1	python-gnn-puct-learner-v0.1.0	sha256:ab0f739cd33d66781faf60e27797c5ccba3c04ba684f8d9e32e9c2754f4e8956	python-gnn-puct-learner-v0.1.0	sha256:ab0f739cd33d66781faf60e27797c5ccba3c04ba684f8d9e32e9c2754f4e8956	-	M	196
g1_ag8_gwFeTHc56DSEkFCmUFGeXvVa_OBqbiNDOuR417A	s1_QBFUsDtxokERlDOdQkleYbPvhJ-vIp2qmp6DXjS-7oM	1umvS1	python-gnn-puct-learner-v0.1.0	sha256:ab0f739cd33d66781faf60e27797c5ccba3c04ba684f8d9e32e9c2754f4e8956	python-gnn-puct-learner-v0.1.0	sha256:ab0f739cd33d66781faf60e27797c5ccba3c04ba684f8d9e32e9c2754f4e8956	-	M	196
g1_ag8obsY6R9bVmo9qw4rfMBW6-AIN_kcYV3gPxJMkaOM	s1_MPZVpakJWpQIz9GNoj9lb8p43W3D05ZP6oy0TI22H9A	1umwA-	parent-policy-value	sha256:68b7f0e95e7770d58aa4a2ca13df72c0e1386d400d468c95e8ed2584a3f332fe	seeded-qadv-25pct	sha256:0643b0828cab7201b516362af2a35e6985b06a9fc6044fb7d39c617629f1ece3	L	P	196
g1_ag8obsY6R9bVmo9qw4rfMBW6-AIN_kcYV3gPxJMkaOM	s1_MPZVpakJWpQIz9GNoj9lb8p43W3D05ZP6oy0TI22H9A	1umwAy	parent-policy-value	sha256:68b7f0e95e7770d58aa4a2ca13df72c0e1386d400d468c95e8ed2584a3f332fe	seeded-qadv-25pct	sha256:0643b0828cab7201b516362af2a35e6985b06a9fc6044fb7d39c617629f1ece3	L	P	196
g1_agR1_mnz88TIuI7KnZIAI6E0ElYmPoirkGL5A8EkUTI	s1_5Zwyvszd-XZv7HOfug6mhxoAQgnBJleirm3YuhAJVKc	1umvy5	python-gnn-puct-reval30k-v0.1.0	sha256:6120be86fc469df71473c3de64e5e32f99694cd47d621fa5948f243dc51d3d21	python-gnn-puct-reval30k-v0.1.0	sha256:6120be86fc469df71473c3de64e5e32f99694cd47d621fa5948f243dc51d3d21	L	P	196
g1_agdzBaUspzMO8bopWJATeFVfohhWM9W__N7_cAWp8nU	s1_2FtaP75xgRVTNrUvmC0NIesJCNy8IDFJ05WNM4nUnpg	1unR2J	lunatic-v0.1.0	-	qadv-arbiter-7x7-v0.1.0	-	L	P	196
g1_agdzBaUspzMO8bopWJATeFVfohhWM9W__N7_cAWp8nU	s1_Ei3HCyMeLDaGl8WOedyRssLXmdatLJ8ipwk77B2kmQs	1unR2J	lunatic-v0.1.0	-	qadv-arbiter-7x7-v0.1.0	-	L	P	196
g1_agdzBaUspzMO8bopWJATeFVfohhWM9W__N7_cAWp8nU	s1_RauLaTi4eVgYHSp2TV9pqs9uzTVv0B10g9TaHMWpcZ4	1unR2J	lunatic-v0.1.0	-	qadv-arbiter-7x7-v0.1.0	-	L	P	-
g1_agdzBaUspzMO8bopWJATeFVfohhWM9W__N7_cAWp8nU	s1_jkoE1AydTokODgBZZiGqT1s8KGpaBss7VktCykndM0Q	1unR2J	lunatic-v0.1.0	-	qadv-arbiter-7x7-v0.1.0	-	L	P	196
g1_ahRhnCqEJ87Jyijf-0ojn8xsIo1bKcqQs1YLn6MOI84	s1_2FtaP75xgRVTNrUvmC0NIesJCNy8IDFJ05WNM4nUnpg	1unR0b	lunatic-v0.1.0	-	qadv-arbiter-7x7-v0.1.0	-	L	P	196
g1_ahRhnCqEJ87Jyijf-0ojn8xsIo1bKcqQs1YLn6MOI84	s1_RauLaTi4eVgYHSp2TV9pqs9uzTVv0B10g9TaHMWpcZ4	1unR0b	lunatic-v0.1.0	-	qadv-arbiter-7x7-v0.1.0	-	L	P	-
g1_ahRhnCqEJ87Jyijf-0ojn8xsIo1bKcqQs1YLn6MOI84	s1_e9HxcVCcr66jMWhr0YCKDlPytlJjLBoVTSXM4U_Nwfo	1unR0b	lunatic-v0.1.0	-	qadv-arbiter-7x7-v0.1.0	-	L	P	196
g1_ahRhnCqEJ87Jyijf-0ojn8xsIo1bKcqQs1YLn6MOI84	s1_lHX6QpT8JNclovOzKLjWLfsHFP63CuuBwM8d7IxOpto	1unR0b	lunatic-v0.1.0	-	qadv-arbiter-7x7-v0.1.0	-	L	P	196
g1_ahSs5O4U8iBp60WQNc9gXNxMx-nBez0sccyQLBXLPkw	s1_1av6nXQkq-GSHXfjkVlGHGpAq8F9UbW4JwZmyFA-vww	1DIfb	python-gnn-puct-v0.1.0	sha256:6f9ad6e4a0993da3cf34a8549e86f9b5d512c51e11bfa76dfe051e7a8801bdac	python-gnn-puct-v0.1.0	sha256:6f9ad6e4a0993da3cf34a8549e86f9b5d512c51e11bfa76dfe051e7a8801bdac	-	M	196
g1_ahSs5O4U8iBp60WQNc9gXNxMx-nBez0sccyQLBXLPkw	s1_Brk0hkuJoH-MBjdd53AO5tlWcOgDWV_R0PO74fHGd_0	1DIfb	python-gnn-puct-v0.1.0	sha256:6f9ad6e4a0993da3cf34a8549e86f9b5d512c51e11bfa76dfe051e7a8801bdac	python-gnn-puct-v0.1.0	sha256:6f9ad6e4a0993da3cf34a8549e86f9b5d512c51e11bfa76dfe051e7a8801bdac	-	M	196
g1_ahSs5O4U8iBp60WQNc9gXNxMx-nBez0sccyQLBXLPkw	s1_KmF8KhDbubz6lwdS8R_n_yTGdSONmH9B1wUABbyCj94	1DIfb	python-gnn-puct-v0.1.0	sha256:6f9ad6e4a0993da3cf34a8549e86f9b5d512c51e11bfa76dfe051e7a8801bdac	python-gnn-puct-v0.1.0	sha256:6f9ad6e4a0993da3cf34a8549e86f9b5d512c51e11bfa76dfe051e7a8801bdac	-	M	196
g1_ahSs5O4U8iBp60WQNc9gXNxMx-nBez0sccyQLBXLPkw	s1_g5pGkHBMEhzAYvwFY0b24sSc7wC9JfnWApMHHZ_aMPI	1DIfb	python-gnn-puct-v0.1.0	sha256:6f9ad6e4a0993da3cf34a8549e86f9b5d512c51e11bfa76dfe051e7a8801bdac	python-gnn-puct-v0.1.0	sha256:6f9ad6e4a0993da3cf34a8549e86f9b5d512c51e11bfa76dfe051e7a8801bdac	-	M	196
g1_ahSs5O4U8iBp60WQNc9gXNxMx-nBez0sccyQLBXLPkw	s1_tol_POp6BcgBLMWq8iDfRBQSAXpESHxFwmcCQYXv0yQ	1DIfb	python-gnn-puct-v0.1.0	sha256:6f9ad6e4a0993da3cf34a8549e86f9b5d512c51e11bfa76dfe051e7a8801bdac	python-gnn-puct-v0.1.0	sha256:6f9ad6e4a0993da3cf34a8549e86f9b5d512c51e11bfa76dfe051e7a8801bdac	-	M	196
g1_ahcWfLIjtplf6KC3v0D3z5Att8ex-PlEygMer3HlzZ0	s1_8Ndp_ic6OJj3XeQQ3_tjMlijipB2BzB5qbQjzaempvo	1unPio	qadv-arbiter-7x7-rust-lambda-v0.1.0	-	qadv-arbiter-7x7-rust-lambda-v0.1.0	-	D	P	196
g1_ahcWfLIjtplf6KC3v0D3z5Att8ex-PlEygMer3HlzZ0	s1_RauLaTi4eVgYHSp2TV9pqs9uzTVv0B10g9TaHMWpcZ4	1unPio	qadv-arbiter-7x7-rust-lambda-v0.1.0	-	qadv-arbiter-7x7-rust-lambda-v0.1.0	-	D	P	-
g1_ahcWfLIjtplf6KC3v0D3z5Att8ex-PlEygMer3HlzZ0	s1_tEC7-6uP7HvDcb47IB8XvK5FpChf1O0c1N8Hmi2LTls	1unPio	qadv-arbiter-7x7-rust-lambda-v0.1.0	-	qadv-arbiter-7x7-rust-lambda-v0.1.0	-	D	P	196
g1_ahcWfLIjtplf6KC3v0D3z5Att8ex-PlEygMer3HlzZ0	s1_v79368tslgOYJ48tWkmtFrO17zt4DSlvgiM-sJMYzyw	1unPio	qadv-arbiter-7x7-rust-lambda-v0.1.0	-	qadv-arbiter-7x7-rust-lambda-v0.1.0	-	D	P	196
g1_aheZrWqMh8H-GyzktMhzfp7uuT9heGe2rHjhJtmsHOk	s1_1av6nXQkq-GSHXfjkVlGHGpAq8F9UbW4JwZmyFA-vww	1umv1Q	rust-pathfinder-v0.1.0	-	lunatic-v0.1.0	-	L	P	-
g1_aheZrWqMh8H-GyzktMhzfp7uuT9heGe2rHjhJtmsHOk	s1_9Eroywf7tuDrn-hcfZPjlEa1DSRUykCRn9Z11u8ySIo	1umv1Q	rust-pathfinder-v0.1.0	-	lunatic-v0.1.0	-	L	P	-
g1_aheZrWqMh8H-GyzktMhzfp7uuT9heGe2rHjhJtmsHOk	s1_S06ybw0yDIIqiOwgmMxEdlMUe_DdAoxGfY5D91Fh580	1umv1Q	rust-pathfinder-v0.1.0	-	lunatic-v0.1.0	-	L	P	-
g1_aheZrWqMh8H-GyzktMhzfp7uuT9heGe2rHjhJtmsHOk	s1_del54SUFELBov5vQFrhsVexn6D9EhUPDFZpXuqC6eCI	1umv1Q	rust-pathfinder-v0.1.0	-	lunatic-v0.1.0	-	L	P	-
g1_aheZrWqMh8H-GyzktMhzfp7uuT9heGe2rHjhJtmsHOk	s1_g5pGkHBMEhzAYvwFY0b24sSc7wC9JfnWApMHHZ_aMPI	1umv1Q	rust-pathfinder-v0.1.0	-	lunatic-v0.1.0	-	L	P	-
g1_aheZrWqMh8H-GyzktMhzfp7uuT9heGe2rHjhJtmsHOk	s1_mWPTef6xYbijjPhDIC6QgLRmu2mMSJAokNlIkx3vg54	1umv1Q	rust-pathfinder-v0.1.0	-	lunatic-v0.1.0	-	L	P	-
g1_aheZrWqMh8H-GyzktMhzfp7uuT9heGe2rHjhJtmsHOk	s1_yzrkPDA5egXCkdg9BV9wK4-9CohJuc_ZO3uCNV9xrw8	1umv1Q	rust-pathfinder-v0.1.0	-	lunatic-v0.1.0	-	L	P	-
g1_ahsmNJjo-GPwWcpNGTuVRt_g2Nib4FKVL-DLiybwIh8	s1_4A161vpVkAZzeLgTpgDZYjI4k6ZmUSUnbTQWcDedXe8	1unNZT	qadv-arbiter-7x7-rust-lambda-v0.1.0	-	qadv-arbiter-7x7-rust-lambda-v0.1.0	-	D	P	196
g1_ahsmNJjo-GPwWcpNGTuVRt_g2Nib4FKVL-DLiybwIh8	s1_6KEIMImwcAkhIfVrP4rC8ejFPr3ODg59DA1QTLUxejY	1unNZT	qadv-arbiter-7x7-rust-lambda-v0.1.0	-	qadv-arbiter-7x7-rust-lambda-v0.1.0	-	D	P	196
g1_ahsmNJjo-GPwWcpNGTuVRt_g2Nib4FKVL-DLiybwIh8	s1_RauLaTi4eVgYHSp2TV9pqs9uzTVv0B10g9TaHMWpcZ4	1unNZT	qadv-arbiter-7x7-rust-lambda-v0.1.0	-	qadv-arbiter-7x7-rust-lambda-v0.1.0	-	D	P	-
g1_ahsmNJjo-GPwWcpNGTuVRt_g2Nib4FKVL-DLiybwIh8	s1__6UO-NX9DL6yVFwPWeWG_AT6qPI8yAAjGfT7i9sV9rI	1unNZT	qadv-arbiter-7x7-rust-lambda-v0.1.0	-	qadv-arbiter-7x7-rust-lambda-v0.1.0	-	D	P	196
g1_ahzEAN-iQ5uZT-PZCb4AJRUbILmbAAQDUYfWHPoBWs8	s1_7FIu85-v_e-kbNsQ2UNk3yRt-KGcLyUjpmVwIc9cnfM	1umwCg	python-gnn-puct-scout-v0.1.0	sha256:b9f80706cc1f29076ee06fe06483697c749148a808c599579045d00a52573938	python-gnn-puct-scout-v0.1.0	sha256:b9f80706cc1f29076ee06fe06483697c749148a808c599579045d00a52573938	L	P	196
g1_ahzEAN-iQ5uZT-PZCb4AJRUbILmbAAQDUYfWHPoBWs8	s1_S8AGNBNcWBvWiwIo-AOAHPoHuZo2XvcsYvhgQxGTkrY	1umwCg	python-gnn-puct-scout-v0.1.0	sha256:b9f80706cc1f29076ee06fe06483697c749148a808c599579045d00a52573938	python-gnn-puct-scout-v0.1.0	sha256:b9f80706cc1f29076ee06fe06483697c749148a808c599579045d00a52573938	L	P	196
g1_ai07Jup0Ri2xpfQ9bY2NSRc53_RqRShavvmzSWN1vFY	s1_OTmyheG748MXiWxVVnr11ujSJMPdSogcMyzKtcziENk	1unM-W	qadv-arbiter-7x7-rust-lambda-v0.1.0	-	qadv-arbiter-7x7-rust-lambda-v0.1.0	-	L	P	196
g1_ai07Jup0Ri2xpfQ9bY2NSRc53_RqRShavvmzSWN1vFY	s1_RauLaTi4eVgYHSp2TV9pqs9uzTVv0B10g9TaHMWpcZ4	1unM-W	qadv-arbiter-7x7-rust-lambda-v0.1.0	-	qadv-arbiter-7x7-rust-lambda-v0.1.0	-	L	P	-
g1_ai07Jup0Ri2xpfQ9bY2NSRc53_RqRShavvmzSWN1vFY	s1_f6Hwdka337JonZ2QLEEZXNHX0VD0IIV6-iJBs0UfSJ8	1unM-W	qadv-arbiter-7x7-rust-lambda-v0.1.0	-	qadv-arbiter-7x7-rust-lambda-v0.1.0	-	L	P	196
g1_ai07Jup0Ri2xpfQ9bY2NSRc53_RqRShavvmzSWN1vFY	s1_lB6fX-8ShsRFR31QI50OiHpkMxV-XdSdXVkQ3rNyU9Y	1unM-W	qadv-arbiter-7x7-rust-lambda-v0.1.0	-	qadv-arbiter-7x7-rust-lambda-v0.1.0	-	L	P	196
g1_aiA1xt1_OJOYmnYHb0tHEbMnUq4zy0ZKfLaFUHJxYe8	s1__fmnSv6OnZklVvMPUjPdL6drtvfrJptRYX3nxZQO8jI	1umxnn	python-gnn-puct-scout-v0.1.0	sha256:b9f80706cc1f29076ee06fe06483697c749148a808c599579045d00a52573938	python-gnn-puct-scout-v0.1.0	sha256:b9f80706cc1f29076ee06fe06483697c749148a808c599579045d00a52573938	D	P	196
g1_aiAIyVJGIKN6T4EZSODqjnWExHwIUnmEZJddKy2EB1g	s1_09XVNZCsPSUpogPkWYsNbqU7pg5rAZ59Tcur_BxIwrc	1unPqb	qadv-arbiter-7x7-rust-lambda-v0.1.0	-	qadv-arbiter-7x7-rust-lambda-v0.1.0	-	D	P	196
g1_aiAIyVJGIKN6T4EZSODqjnWExHwIUnmEZJddKy2EB1g	s1_35vnIvHoSa53JXx3-oKsweGJ2q_MQAiCAFipS_YogIg	1unPqb	qadv-arbiter-7x7-rust-lambda-v0.1.0	-	qadv-arbiter-7x7-rust-lambda-v0.1.0	-	D	P	196
g1_aiAIyVJGIKN6T4EZSODqjnWExHwIUnmEZJddKy2EB1g	s1_5co1Gpmu0raRaYdE_q5rCjL0_jzlUd1ZwZI-tqyQ0Do	1unPqb	qadv-arbiter-7x7-rust-lambda-v0.1.0	-	qadv-arbiter-7x7-rust-lambda-v0.1.0	-	D	P	196
g1_aiAIyVJGIKN6T4EZSODqjnWExHwIUnmEZJddKy2EB1g	s1_RauLaTi4eVgYHSp2TV9pqs9uzTVv0B10g9TaHMWpcZ4	1unPqb	qadv-arbiter-7x7-rust-lambda-v0.1.0	-	qadv-arbiter-7x7-rust-lambda-v0.1.0	-	D	P	-
g1_aiLlWnJWmJnqwFKIlNVwyWlB69IgkrSHXH9fRH-lQGE	s1_1av6nXQkq-GSHXfjkVlGHGpAq8F9UbW4JwZmyFA-vww	1umvNz	python-gnn-puct-learner-v0.1.0	sha256:ab0f739cd33d66781faf60e27797c5ccba3c04ba684f8d9e32e9c2754f4e8956	python-gnn-puct-learner-v0.1.0	sha256:ab0f739cd33d66781faf60e27797c5ccba3c04ba684f8d9e32e9c2754f4e8956	-	M	196
g1_aiLlWnJWmJnqwFKIlNVwyWlB69IgkrSHXH9fRH-lQGE	s1_Brk0hkuJoH-MBjdd53AO5tlWcOgDWV_R0PO74fHGd_0	1umvNz	python-gnn-puct-learner-v0.1.0	sha256:ab0f739cd33d66781faf60e27797c5ccba3c04ba684f8d9e32e9c2754f4e8956	python-gnn-puct-learner-v0.1.0	sha256:ab0f739cd33d66781faf60e27797c5ccba3c04ba684f8d9e32e9c2754f4e8956	-	M	196
g1_aiLlWnJWmJnqwFKIlNVwyWlB69IgkrSHXH9fRH-lQGE	s1_QBFUsDtxokERlDOdQkleYbPvhJ-vIp2qmp6DXjS-7oM	1umvNz	python-gnn-puct-learner-v0.1.0	sha256:ab0f739cd33d66781faf60e27797c5ccba3c04ba684f8d9e32e9c2754f4e8956	python-gnn-puct-learner-v0.1.0	sha256:ab0f739cd33d66781faf60e27797c5ccba3c04ba684f8d9e32e9c2754f4e8956	-	M	196
g1_aiPyTsCcD2BujUSl3cBtcEwbJvLQx9UZk95boYc0hu0	s1_cl6jbSbtixkY4qmC_l8Ys-t6pgcKua_v8K0LBo7FuZ8	1umv98	seeded-gnn-puct-v0.1.0	sha256:e2a8b0a4a39943d112dc706fd35ca741fe8b77678c4b786376863bec27f3715b	seeded-gnn-puct-v0.1.0	sha256:e2a8b0a4a39943d112dc706fd35ca741fe8b77678c4b786376863bec27f3715b	D	P	196
g1_aiUHs6vWQQcZ1WLB1-dGrt4sVFVdFFVlDWecvJ6dyQU	s1_IMnRVEOmq9he_iu5ZDgWtllHFqro30IZo-84Uxw-jeE	1unMoB	qadv-arbiter-7x7-rust-lambda-v0.1.0	-	qadv-arbiter-7x7-rust-lambda-v0.1.0	-	D	P	196
g1_aiUHs6vWQQcZ1WLB1-dGrt4sVFVdFFVlDWecvJ6dyQU	s1_OPfThkYVEfMI7wDdhGCpgbXRfdYmvTSw1WwyH7YE3ag	1unMoB	qadv-arbiter-7x7-rust-lambda-v0.1.0	-	qadv-arbiter-7x7-rust-lambda-v0.1.0	-	D	P	196
g1_aiUHs6vWQQcZ1WLB1-dGrt4sVFVdFFVlDWecvJ6dyQU	s1_RauLaTi4eVgYHSp2TV9pqs9uzTVv0B10g9TaHMWpcZ4	1unMoB	qadv-arbiter-7x7-rust-lambda-v0.1.0	-	qadv-arbiter-7x7-rust-lambda-v0.1.0	-	D	P	-
g1_aiUHs6vWQQcZ1WLB1-dGrt4sVFVdFFVlDWecvJ6dyQU	s1_gS9IFjZpCRe0TrUnxoFiGb9PhV7VfMpj207wCT-ahV8	1unMoB	qadv-arbiter-7x7-rust-lambda-v0.1.0	-	qadv-arbiter-7x7-rust-lambda-v0.1.0	-	D	P	196
g1_ailoL9SBlKhDUhLw_zw8O6qZlaPicL6TUfTzx1KiU68	s1_-OKlJXuPFfAnukwGYITjiU7XKL4OC_qt76PC0TZSPjg	1umvct	python-cnn-puct-v0.1.0	sha256:7845e9b7687beee165dc36b8d21833b7a8b5a83e31b58b49bd05c277ba26e642	python-cnn-puct-v0.1.0	sha256:7845e9b7687beee165dc36b8d21833b7a8b5a83e31b58b49bd05c277ba26e642	-	M	196
g1_ailoL9SBlKhDUhLw_zw8O6qZlaPicL6TUfTzx1KiU68	s1_1av6nXQkq-GSHXfjkVlGHGpAq8F9UbW4JwZmyFA-vww	1umvct	python-cnn-puct-v0.1.0	sha256:7845e9b7687beee165dc36b8d21833b7a8b5a83e31b58b49bd05c277ba26e642	python-cnn-puct-v0.1.0	sha256:7845e9b7687beee165dc36b8d21833b7a8b5a83e31b58b49bd05c277ba26e642	-	M	196
g1_ailoL9SBlKhDUhLw_zw8O6qZlaPicL6TUfTzx1KiU68	s1_Brk0hkuJoH-MBjdd53AO5tlWcOgDWV_R0PO74fHGd_0	1umvct	python-cnn-puct-v0.1.0	sha256:7845e9b7687beee165dc36b8d21833b7a8b5a83e31b58b49bd05c277ba26e642	python-cnn-puct-v0.1.0	sha256:7845e9b7687beee165dc36b8d21833b7a8b5a83e31b58b49bd05c277ba26e642	-	M	196
g1_aioQ68XLEjeHIPAgk51fU307xtMsX67Sc6pLVcFIkyw	s1_7FIu85-v_e-kbNsQ2UNk3yRt-KGcLyUjpmVwIc9cnfM	1umwAM	python-gnn-puct-scout-v0.1.0	sha256:b9f80706cc1f29076ee06fe06483697c749148a808c599579045d00a52573938	python-gnn-puct-scout-v0.1.0	sha256:b9f80706cc1f29076ee06fe06483697c749148a808c599579045d00a52573938	L	P	196
g1_aioQ68XLEjeHIPAgk51fU307xtMsX67Sc6pLVcFIkyw	s1_S8AGNBNcWBvWiwIo-AOAHPoHuZo2XvcsYvhgQxGTkrY	1umwAM	python-gnn-puct-scout-v0.1.0	sha256:b9f80706cc1f29076ee06fe06483697c749148a808c599579045d00a52573938	python-gnn-puct-scout-v0.1.0	sha256:b9f80706cc1f29076ee06fe06483697c749148a808c599579045d00a52573938	L	P	196
g1_aiqcVRJsgd_JHVrnHmC_ApTdr2MXPsculPT3xqudDCw	s1_P_m17e0Vy9YZqw3QEA4GGxthHz4cwD5o3fUkvh6bqro	1unOkg	qadv-arbiter-7x7-rust-lambda-v0.1.0	-	qadv-arbiter-7x7-rust-lambda-v0.1.0	-	L	P	196
g1_aiqcVRJsgd_JHVrnHmC_ApTdr2MXPsculPT3xqudDCw	s1_RauLaTi4eVgYHSp2TV9pqs9uzTVv0B10g9TaHMWpcZ4	1unOkg	qadv-arbiter-7x7-rust-lambda-v0.1.0	-	qadv-arbiter-7x7-rust-lambda-v0.1.0	-	L	P	-
g1_aiqcVRJsgd_JHVrnHmC_ApTdr2MXPsculPT3xqudDCw	s1_msyp5fmIsqNW39bl4IKjqwEw12aIMHJs_U1heio4BPw	1unOkg	qadv-arbiter-7x7-rust-lambda-v0.1.0	-	qadv-arbiter-7x7-rust-lambda-v0.1.0	-	L	P	196
g1_aiqcVRJsgd_JHVrnHmC_ApTdr2MXPsculPT3xqudDCw	s1_rePHSJrGZE_shRqbYP_v24xmaRs9KDkz8vHTDMe8TOg	1unOkg	qadv-arbiter-7x7-rust-lambda-v0.1.0	-	qadv-arbiter-7x7-rust-lambda-v0.1.0	-	L	P	196
g1_aivuaDzEHRG4TAJgoJg6-WR9Y7FWi5IpIZIJrlp5WRY	s1__fmnSv6OnZklVvMPUjPdL6drtvfrJptRYX3nxZQO8jI	1umxs-	python-gnn-puct-scout-v0.1.0	sha256:b9f80706cc1f29076ee06fe06483697c749148a808c599579045d00a52573938	python-gnn-puct-scout-v0.1.0	sha256:b9f80706cc1f29076ee06fe06483697c749148a808c599579045d00a52573938	D	P	196
g1_aiwIF4m-xENtuSua2Au89t1Vu56SG0KYvJVvLAdE8QY	s1_DIcRaGFuOAMnzJECZfP8ADUHfPieaas-1mAkFxP1RQ0	1unOZk	qadv-arbiter-7x7-rust-lambda-v0.1.0	-	qadv-arbiter-7x7-rust-lambda-v0.1.0	-	L	P	196
g1_aiwIF4m-xENtuSua2Au89t1Vu56SG0KYvJVvLAdE8QY	s1_IMEhTzmT5SzLOZl8LoeWgpZVzf8R9RrbXrzrlKBxiLE	1unOZk	qadv-arbiter-7x7-rust-lambda-v0.1.0	-	qadv-arbiter-7x7-rust-lambda-v0.1.0	-	L	P	196
g1_aiwIF4m-xENtuSua2Au89t1Vu56SG0KYvJVvLAdE8QY	s1_RauLaTi4eVgYHSp2TV9pqs9uzTVv0B10g9TaHMWpcZ4	1unOZk	qadv-arbiter-7x7-rust-lambda-v0.1.0	-	qadv-arbiter-7x7-rust-lambda-v0.1.0	-	L	P	-
g1_aiwIF4m-xENtuSua2Au89t1Vu56SG0KYvJVvLAdE8QY	s1_eGLiA_bPCczWnZzOnRVTeyJIWEKGsi6Ba6RLAtqMnOE	1unOZk	qadv-arbiter-7x7-rust-lambda-v0.1.0	-	qadv-arbiter-7x7-rust-lambda-v0.1.0	-	L	P	196
g1_ajAlLt_lLyFDJu0a2POjQGju8qU8eYW6NaR_pDixHyM	s1_6PxtazPxkizz7K9QTWPSCIopEV5n0zpHoq3F52yO_6U	1umwmw	python-cnn-puct-v0.1.0	sha256:7845e9b7687beee165dc36b8d21833b7a8b5a83e31b58b49bd05c277ba26e642	python-cnn-puct-v0.1.0	sha256:7845e9b7687beee165dc36b8d21833b7a8b5a83e31b58b49bd05c277ba26e642	D	P	196
g1_ajAlLt_lLyFDJu0a2POjQGju8qU8eYW6NaR_pDixHyM	s1_baRgKA_wMXdl0r4AwdkUfhWC04qxd1MvEGXAQaDd4fo	1umwmw	python-cnn-puct-v0.1.0	sha256:7845e9b7687beee165dc36b8d21833b7a8b5a83e31b58b49bd05c277ba26e642	python-cnn-puct-v0.1.0	sha256:7845e9b7687beee165dc36b8d21833b7a8b5a83e31b58b49bd05c277ba26e642	D	P	196
g1_ajCU6vD1Cv4MB5LDbjkE3YsMKXLeMWWW4taEak_DoLM	s1_8Py-tjXqBwleQ9F7Z-HaxYuj7aJd8GqJRG7KCrdoSgA	1unM7Q	qadv-arbiter-7x7-rust-lambda-v0.1.0	-	qadv-arbiter-7x7-rust-lambda-v0.1.0	-	L	P	196
g1_ajCU6vD1Cv4MB5LDbjkE3YsMKXLeMWWW4taEak_DoLM	s1_QbcydPV95M2zg9hp4hTiGVKb3tEt40e42BTMKpft6AY	1unM7Q	qadv-arbiter-7x7-rust-lambda-v0.1.0	-	qadv-arbiter-7x7-rust-lambda-v0.1.0	-	L	P	196
g1_ajCU6vD1Cv4MB5LDbjkE3YsMKXLeMWWW4taEak_DoLM	s1_RauLaTi4eVgYHSp2TV9pqs9uzTVv0B10g9TaHMWpcZ4	1unM7Q	qadv-arbiter-7x7-rust-lambda-v0.1.0	-	qadv-arbiter-7x7-rust-lambda-v0.1.0	-	L	P	-
g1_ajCU6vD1Cv4MB5LDbjkE3YsMKXLeMWWW4taEak_DoLM	s1_hnRhx6kkVXdXNvwmCxmI28I41CMIULRN_J4ZjZD0AQo	1unM7Q	qadv-arbiter-7x7-rust-lambda-v0.1.0	-	qadv-arbiter-7x7-rust-lambda-v0.1.0	-	L	P	196
g1_ajPIBQ0C1CjDgfVq3u2pIT6BIfskIlsjA6LIodG_0gI	s1_7U97Qoco31FDSOgP_xaqAMCEac_qweGZRCsq_WQclCI	1unPwI	qadv-arbiter-7x7-rust-lambda-v0.1.0	-	qadv-arbiter-7x7-rust-lambda-v0.1.0	-	L	P	196
g1_ajPIBQ0C1CjDgfVq3u2pIT6BIfskIlsjA6LIodG_0gI	s1_7mfr_c6QFsXXL7FzKGurURhUq01qOcrK5uOBMQ0f2aw	1unPwI	qadv-arbiter-7x7-rust-lambda-v0.1.0	-	qadv-arbiter-7x7-rust-lambda-v0.1.0	-	L	P	196
g1_ajPIBQ0C1CjDgfVq3u2pIT6BIfskIlsjA6LIodG_0gI	s1_RauLaTi4eVgYHSp2TV9pqs9uzTVv0B10g9TaHMWpcZ4	1unPwI	qadv-arbiter-7x7-rust-lambda-v0.1.0	-	qadv-arbiter-7x7-rust-lambda-v0.1.0	-	L	P	-
g1_ajPIBQ0C1CjDgfVq3u2pIT6BIfskIlsjA6LIodG_0gI	s1_SEt5uy65uPxn6O8l6XeJbJMHVr7Oz0PgA-tBkXnNjD4	1unPwI	qadv-arbiter-7x7-rust-lambda-v0.1.0	-	qadv-arbiter-7x7-rust-lambda-v0.1.0	-	L	P	196
g1_ajQCWQwvle6FIj9B7Gx6XHDWM5qnryg6lPf-oWWRU2g	s1_1av6nXQkq-GSHXfjkVlGHGpAq8F9UbW4JwZmyFA-vww	1DIhX	lunatic-v0.1.0	-	rust-pathfinder-v0.1.0	-	D	P	-
g1_ajQCWQwvle6FIj9B7Gx6XHDWM5qnryg6lPf-oWWRU2g	s1_9Eroywf7tuDrn-hcfZPjlEa1DSRUykCRn9Z11u8ySIo	1DIhX	lunatic-v0.1.0	-	rust-pathfinder-v0.1.0	-	D	P	-
g1_ajQCWQwvle6FIj9B7Gx6XHDWM5qnryg6lPf-oWWRU2g	s1_Brk0hkuJoH-MBjdd53AO5tlWcOgDWV_R0PO74fHGd_0	1DIhX	lunatic-v0.1.0	-	rust-pathfinder-v0.1.0	-	D	P	-
g1_ajQCWQwvle6FIj9B7Gx6XHDWM5qnryg6lPf-oWWRU2g	s1_KmF8KhDbubz6lwdS8R_n_yTGdSONmH9B1wUABbyCj94	1DIhX	lunatic-v0.1.0	-	rust-pathfinder-v0.1.0	-	D	P	-
g1_ajQCWQwvle6FIj9B7Gx6XHDWM5qnryg6lPf-oWWRU2g	s1_MKrI0a3Qd48rU7oZj28GrlQ3cHhIbUzS5ibiIW9aKy4	1DIhX	lunatic-v0.1.0	-	rust-pathfinder-v0.1.0	-	D	P	-
g1_ajQCWQwvle6FIj9B7Gx6XHDWM5qnryg6lPf-oWWRU2g	s1_XloMUS0hxYEXf762lcPfaudsLmsH-CsOVZNVVU_obcA	1DIhX	lunatic-v0.1.0	-	rust-pathfinder-v0.1.0	-	D	P	-
g1_ajQCWQwvle6FIj9B7Gx6XHDWM5qnryg6lPf-oWWRU2g	s1_g5pGkHBMEhzAYvwFY0b24sSc7wC9JfnWApMHHZ_aMPI	1DIhX	lunatic-v0.1.0	-	rust-pathfinder-v0.1.0	-	D	P	-
g1_ajq7Ib_FZ-_nlou6NJ28TFSpuFR37nYcSzayZU2Yaw0	s1_DEu5U-7tAzR-fayKhKTk2uNrjO31GvRdR2Gd2WbVMQs	1unMqq	qadv-arbiter-7x7-rust-lambda-v0.1.0	-	qadv-arbiter-7x7-rust-lambda-v0.1.0	-	L	P	196
g1_ajq7Ib_FZ-_nlou6NJ28TFSpuFR37nYcSzayZU2Yaw0	s1_O4kB8np8nr95YAy2amv9Zfl405ufgIdxSqC9a5Fki_g	1unMqq	qadv-arbiter-7x7-rust-lambda-v0.1.0	-	qadv-arbiter-7x7-rust-lambda-v0.1.0	-	L	P	196
g1_ajq7Ib_FZ-_nlou6NJ28TFSpuFR37nYcSzayZU2Yaw0	s1_RauLaTi4eVgYHSp2TV9pqs9uzTVv0B10g9TaHMWpcZ4	1unMqq	qadv-arbiter-7x7-rust-lambda-v0.1.0	-	qadv-arbiter-7x7-rust-lambda-v0.1.0	-	L	P	-
g1_ajq7Ib_FZ-_nlou6NJ28TFSpuFR37nYcSzayZU2Yaw0	s1_r7B2-uHXlIvPtPJ1vYhdcjlp6Dk0hkeX6oTmRmgSExU	1unMqq	qadv-arbiter-7x7-rust-lambda-v0.1.0	-	qadv-arbiter-7x7-rust-lambda-v0.1.0	-	L	P	196
g1_ajq9F-bXPeqdXXQIsARMiTj31E11qfluVGjYSyct5Rc	s1_RauLaTi4eVgYHSp2TV9pqs9uzTVv0B10g9TaHMWpcZ4	1unOhx	qadv-arbiter-7x7-rust-lambda-v0.1.0	-	qadv-arbiter-7x7-rust-lambda-v0.1.0	-	D	P	-
g1_ajq9F-bXPeqdXXQIsARMiTj31E11qfluVGjYSyct5Rc	s1_WkOVqhQcfdB9g-bFnby_Oe-nxKMmdmkmfQRbBU0jYg8	1unOhx	qadv-arbiter-7x7-rust-lambda-v0.1.0	-	qadv-arbiter-7x7-rust-lambda-v0.1.0	-	D	P	196
g1_ajq9F-bXPeqdXXQIsARMiTj31E11qfluVGjYSyct5Rc	s1_co0S6tnt-IvCfStob9ANjEErjoinGkjhq5zDDqcHtrc	1unOhx	qadv-arbiter-7x7-rust-lambda-v0.1.0	-	qadv-arbiter-7x7-rust-lambda-v0.1.0	-	D	P	196
g1_ajq9F-bXPeqdXXQIsARMiTj31E11qfluVGjYSyct5Rc	s1_gwMLMaGgtJDNOslkRlTjWKVH0UaSltQFHUBB6Tqr91M	1unOhx	qadv-arbiter-7x7-rust-lambda-v0.1.0	-	qadv-arbiter-7x7-rust-lambda-v0.1.0	-	D	P	196
g1_ajyz5f8WEg0ouLXw2RWfLnbGICFJyx5q8CaR85ZpoPU	s1_2FtaP75xgRVTNrUvmC0NIesJCNy8IDFJ05WNM4nUnpg	1unQno	qadv-arbiter-7x7-v0.1.0	-	pathfinder-v0.3.0	-	D	P	196
g1_ajyz5f8WEg0ouLXw2RWfLnbGICFJyx5q8CaR85ZpoPU	s1_7m6rzVUMwKb2ze4m0l4101Ex_LeBD751xgIP1pyiYhY	1unQno	qadv-arbiter-7x7-v0.1.0	-	pathfinder-v0.3.0	-	D	P	196
g1_ajyz5f8WEg0ouLXw2RWfLnbGICFJyx5q8CaR85ZpoPU	s1_BnmbSnQdFaUxtB02dvuMczCPJ-O8QkMqL-4Tl4ElI7Q	1unQno	qadv-arbiter-7x7-v0.1.0	-	pathfinder-v0.3.0	-	D	P	196
g1_ajyz5f8WEg0ouLXw2RWfLnbGICFJyx5q8CaR85ZpoPU	s1_J6MvVtPZXhES4drtPfInNYsgb7c_z0TuRLMvy4PDrvg	1unQno	qadv-arbiter-7x7-v0.1.0	-	pathfinder-v0.3.0	-	D	P	196
g1_ajyz5f8WEg0ouLXw2RWfLnbGICFJyx5q8CaR85ZpoPU	s1_RauLaTi4eVgYHSp2TV9pqs9uzTVv0B10g9TaHMWpcZ4	1unQno	qadv-arbiter-7x7-v0.1.0	-	pathfinder-v0.3.0	-	D	P	-
g1_ak9SyX_Y0SD0Azt4HDf0WFhlzHfy6-pBdvbTPkrNmsc	s1_3e0BOaXHEuu7N2-kn1CENtBcVOQLmax1p4VO2zQV2gQ	1unP2A	qadv-arbiter-7x7-rust-lambda-v0.1.0	-	qadv-arbiter-7x7-rust-lambda-v0.1.0	-	D	P	196
g1_ak9SyX_Y0SD0Azt4HDf0WFhlzHfy6-pBdvbTPkrNmsc	s1_7RQX-5E9U97-q00nopIAoGwC9bnF70B_iRqvcwGpPqY	1unP2A	qadv-arbiter-7x7-rust-lambda-v0.1.0	-	qadv-arbiter-7x7-rust-lambda-v0.1.0	-	D	P	196
g1_ak9SyX_Y0SD0Azt4HDf0WFhlzHfy6-pBdvbTPkrNmsc	s1_LAwszMs_MIpcKnQrCXpCDPR_i4kIHQ1drgoXKtNzKnM	1unP2A	qadv-arbiter-7x7-rust-lambda-v0.1.0	-	qadv-arbiter-7x7-rust-lambda-v0.1.0	-	D	P	196
g1_ak9SyX_Y0SD0Azt4HDf0WFhlzHfy6-pBdvbTPkrNmsc	s1_RauLaTi4eVgYHSp2TV9pqs9uzTVv0B10g9TaHMWpcZ4	1unP2A	qadv-arbiter-7x7-rust-lambda-v0.1.0	-	qadv-arbiter-7x7-rust-lambda-v0.1.0	-	D	P	-
g1_akAp4CuEPD9CsSp4Tg74yKdqC8BWP_XSFHktouNpTOk	s1__fmnSv6OnZklVvMPUjPdL6drtvfrJptRYX3nxZQO8jI	1umxld	python-gnn-puct-scout-v0.1.0	sha256:b9f80706cc1f29076ee06fe06483697c749148a808c599579045d00a52573938	python-gnn-puct-scout-v0.1.0	sha256:b9f80706cc1f29076ee06fe06483697c749148a808c599579045d00a52573938	D	P	196
g1_akFFbcFFihuF2T5dNGyThFL6OkugexnAx4lEPerK9M8	s1_2FtaP75xgRVTNrUvmC0NIesJCNy8IDFJ05WNM4nUnpg	1unRDD	coin-flip-v0.0.1	-	qadv-arbiter-7x7-v0.1.0	-	D	P	196
g1_akFFbcFFihuF2T5dNGyThFL6OkugexnAx4lEPerK9M8	s1_JTkcgCK1gVMzVLwfOhV5_xboMgV3CHWR_VxgBU-4f6I	1unRDD	coin-flip-v0.0.1	-	qadv-arbiter-7x7-v0.1.0	-	D	P	196
g1_akFFbcFFihuF2T5dNGyThFL6OkugexnAx4lEPerK9M8	s1_RauLaTi4eVgYHSp2TV9pqs9uzTVv0B10g9TaHMWpcZ4	1unRDD	coin-flip-v0.0.1	-	qadv-arbiter-7x7-v0.1.0	-	D	P	-
g1_akFFbcFFihuF2T5dNGyThFL6OkugexnAx4lEPerK9M8	s1_U4DIxWL6de_IB7-G9-k0dneLZGCBTykzKhJwdv8JsUY	1unRDD	coin-flip-v0.0.1	-	qadv-arbiter-7x7-v0.1.0	-	D	P	196
g1_akOktnN-R1Fb-3op4l4832oxxJ1l5KVzsUFk2nMffic	s1_RauLaTi4eVgYHSp2TV9pqs9uzTVv0B10g9TaHMWpcZ4	1unPuA	qadv-arbiter-7x7-rust-lambda-v0.1.0	-	qadv-arbiter-7x7-rust-lambda-v0.1.0	-	D	P	-
g1_akOktnN-R1Fb-3op4l4832oxxJ1l5KVzsUFk2nMffic	s1_VUq4qAGcunWwL_MCfgfKEH3QSLzKiF8ATZReitLm8rA	1unPuA	qadv-arbiter-7x7-rust-lambda-v0.1.0	-	qadv-arbiter-7x7-rust-lambda-v0.1.0	-	D	P	196
g1_akOktnN-R1Fb-3op4l4832oxxJ1l5KVzsUFk2nMffic	s1_oWPh-sY8KushVghIWJUkdTsDWReUm4-3pzTpd9idOY0	1unPuA	qadv-arbiter-7x7-rust-lambda-v0.1.0	-	qadv-arbiter-7x7-rust-lambda-v0.1.0	-	D	P	196
g1_akOktnN-R1Fb-3op4l4832oxxJ1l5KVzsUFk2nMffic	s1_v_CIsXgW9Smb7at2D7Aif1iI1Gqq90NF8kfr_Q0tADM	1unPuA	qadv-arbiter-7x7-rust-lambda-v0.1.0	-	qadv-arbiter-7x7-rust-lambda-v0.1.0	-	D	P	196
g1_akeWjanBYuuLa5h3u5LKG9cAVyBFF3Ht3UkGO-kFzsA	s1_MXsmCgSJAuxBj7JYYIOrRgMQq9mI0ID1eGS1pDoftzA	1un3hZ	pathfinder-v0.3.0	-	qadv-arbiter-guided-7x7-v0.2.0	sha256:9c0e5e530df7db77a98f6a2e75fe63a6f629c6ad6563e0b5454793ebc243b14d	L	P	196
g1_akeWjanBYuuLa5h3u5LKG9cAVyBFF3Ht3UkGO-kFzsA	s1_O3cuwuia8XT9TI7Nxr3tRcajOA20XFHEIT2fYX3WizY	1un3hZ	pathfinder-v0.3.0	-	qadv-arbiter-guided-7x7-v0.2.0	sha256:9c0e5e530df7db77a98f6a2e75fe63a6f629c6ad6563e0b5454793ebc243b14d	L	P	196
g1_akeWjanBYuuLa5h3u5LKG9cAVyBFF3Ht3UkGO-kFzsA	s1_TYXHQvjQZ2GJ5isdonJSbQODrFXbVToE7ZA6YAiW1Sw	1un3hZ	pathfinder-v0.3.0	-	qadv-arbiter-guided-7x7-v0.2.0	sha256:9c0e5e530df7db77a98f6a2e75fe63a6f629c6ad6563e0b5454793ebc243b14d	L	P	196
g1_akeWjanBYuuLa5h3u5LKG9cAVyBFF3Ht3UkGO-kFzsA	s1_uwbLtYhCIY1sqGt_H5JQsCHIctNBX0e3jgQb5Bvcxzo	1un3hZ	pathfinder-v0.3.0	-	qadv-arbiter-guided-7x7-v0.2.0	sha256:9c0e5e530df7db77a98f6a2e75fe63a6f629c6ad6563e0b5454793ebc243b14d	L	P	196
g1_akfHpWzuXktNzZ7QDUg4ELpYRz3rE8vhI--OD0P6Q5Q	s1_1av6nXQkq-GSHXfjkVlGHGpAq8F9UbW4JwZmyFA-vww	1DIhv	lunatic-v0.1.0	-	rust-pathfinder-v0.1.0	-	D	P	-
g1_akfHpWzuXktNzZ7QDUg4ELpYRz3rE8vhI--OD0P6Q5Q	s1_9Eroywf7tuDrn-hcfZPjlEa1DSRUykCRn9Z11u8ySIo	1DIhv	lunatic-v0.1.0	-	rust-pathfinder-v0.1.0	-	D	P	-
g1_akfHpWzuXktNzZ7QDUg4ELpYRz3rE8vhI--OD0P6Q5Q	s1_Brk0hkuJoH-MBjdd53AO5tlWcOgDWV_R0PO74fHGd_0	1DIhv	lunatic-v0.1.0	-	rust-pathfinder-v0.1.0	-	D	P	-
g1_akfHpWzuXktNzZ7QDUg4ELpYRz3rE8vhI--OD0P6Q5Q	s1_KmF8KhDbubz6lwdS8R_n_yTGdSONmH9B1wUABbyCj94	1DIhv	lunatic-v0.1.0	-	rust-pathfinder-v0.1.0	-	D	P	-
g1_akfHpWzuXktNzZ7QDUg4ELpYRz3rE8vhI--OD0P6Q5Q	s1_MKrI0a3Qd48rU7oZj28GrlQ3cHhIbUzS5ibiIW9aKy4	1DIhv	lunatic-v0.1.0	-	rust-pathfinder-v0.1.0	-	D	P	-
g1_akfHpWzuXktNzZ7QDUg4ELpYRz3rE8vhI--OD0P6Q5Q	s1_XloMUS0hxYEXf762lcPfaudsLmsH-CsOVZNVVU_obcA	1DIhv	lunatic-v0.1.0	-	rust-pathfinder-v0.1.0	-	D	P	-
g1_akfHpWzuXktNzZ7QDUg4ELpYRz3rE8vhI--OD0P6Q5Q	s1_g5pGkHBMEhzAYvwFY0b24sSc7wC9JfnWApMHHZ_aMPI	1DIhv	lunatic-v0.1.0	-	rust-pathfinder-v0.1.0	-	D	P	-
g1_akh5oGPIM8ssiGD034v7IHB1YPOqPx9L3F2qzWpi-6I	s1_By6KbzMz58cXeARc5uJfScAnVzkYWShuyvNDQ3EqSRk	1unP0N	qadv-arbiter-7x7-rust-lambda-v0.1.0	-	qadv-arbiter-7x7-rust-lambda-v0.1.0	-	D	P	196
g1_akh5oGPIM8ssiGD034v7IHB1YPOqPx9L3F2qzWpi-6I	s1_PfQSXMzrDUuisbSDUeVOQCShz7mrpaGVEvXKBf9uwpA	1unP0N	qadv-arbiter-7x7-rust-lambda-v0.1.0	-	qadv-arbiter-7x7-rust-lambda-v0.1.0	-	D	P	196
g1_akh5oGPIM8ssiGD034v7IHB1YPOqPx9L3F2qzWpi-6I	s1_RauLaTi4eVgYHSp2TV9pqs9uzTVv0B10g9TaHMWpcZ4	1unP0N	qadv-arbiter-7x7-rust-lambda-v0.1.0	-	qadv-arbiter-7x7-rust-lambda-v0.1.0	-	D	P	-
g1_akh5oGPIM8ssiGD034v7IHB1YPOqPx9L3F2qzWpi-6I	s1_TgNlF9HXtS1E8wtnDpZAiWT2-XTU_HHbhTgPcqXbjPI	1unP0N	qadv-arbiter-7x7-rust-lambda-v0.1.0	-	qadv-arbiter-7x7-rust-lambda-v0.1.0	-	D	P	196
g1_akjEF3wp1jthuTs-nfv40NRx6eMZG9Z2J3km84AFyXk	s1_Qmoz3nLvbLcY_1rcqMtpMJDvTQydhL5cxUNWV6EhpMY	1umwzs	qadv-arbiter-7x7-v0.1.0	sha256:8c548d06307572603b839755cc1e50393285365e10f82bcd90290ca65cd86266	qadv-arbiter-7x7-v0.1.0	sha256:8c548d06307572603b839755cc1e50393285365e10f82bcd90290ca65cd86266	D	P	196
g1_aklM1-8YZjxyHA6AEu1Vz1rDpsoDOuCFrGc0zpiwTtY	s1_Bjp4dH02g7_PSmXWLNISIOjN9NfaSWm7mJi0p_B5YFI	1unNUR	qadv-arbiter-7x7-rust-lambda-v0.1.0	-	qadv-arbiter-7x7-rust-lambda-v0.1.0	-	L	P	196
g1_aklM1-8YZjxyHA6AEu1Vz1rDpsoDOuCFrGc0zpiwTtY	s1_RauLaTi4eVgYHSp2TV9pqs9uzTVv0B10g9TaHMWpcZ4	1unNUR	qadv-arbiter-7x7-rust-lambda-v0.1.0	-	qadv-arbiter-7x7-rust-lambda-v0.1.0	-	L	P	-
g1_aklM1-8YZjxyHA6AEu1Vz1rDpsoDOuCFrGc0zpiwTtY	s1_ZUk3jX6OpGOo8WwynX2SmsBIT1gLQ-EIrpJ4tW8tknI	1unNUR	qadv-arbiter-7x7-rust-lambda-v0.1.0	-	qadv-arbiter-7x7-rust-lambda-v0.1.0	-	L	P	196
g1_aklM1-8YZjxyHA6AEu1Vz1rDpsoDOuCFrGc0zpiwTtY	s1_pYBvqX7iZCh5jl54ZTDh0lIVD44CJT8rqtU8Ra_CxUs	1unNUR	qadv-arbiter-7x7-rust-lambda-v0.1.0	-	qadv-arbiter-7x7-rust-lambda-v0.1.0	-	L	P	196
g1_akse83qeO3qmmScYt5IGp8nq_npWwuZ46vzDhEU_W4Y	s1_2FtaP75xgRVTNrUvmC0NIesJCNy8IDFJ05WNM4nUnpg	1unQx9	surveyor-v0.2.0	-	qadv-arbiter-7x7-v0.1.0	-	L	P	196
g1_akse83qeO3qmmScYt5IGp8nq_npWwuZ46vzDhEU_W4Y	s1_5HRJaA0fDAgC4iLIV-Gr0nDViSyVVFzGGHKdwhE69Jc	1unQx9	surveyor-v0.2.0	-	qadv-arbiter-7x7-v0.1.0	-	L	P	196
g1_akse83qeO3qmmScYt5IGp8nq_npWwuZ46vzDhEU_W4Y	s1_F1bRTMMc7WPBHhcU2WhUt_ZCP3YyTFtaERJ-_FH31CA	1unQx9	surveyor-v0.2.0	-	qadv-arbiter-7x7-v0.1.0	-	L	P	196
g1_akse83qeO3qmmScYt5IGp8nq_npWwuZ46vzDhEU_W4Y	s1_RauLaTi4eVgYHSp2TV9pqs9uzTVv0B10g9TaHMWpcZ4	1unQx9	surveyor-v0.2.0	-	qadv-arbiter-7x7-v0.1.0	-	L	P	-
g1_al-h1ky1OursMuIowTHxJJeg6kWBeMNgtI6q2bKtEdY	s1_RauLaTi4eVgYHSp2TV9pqs9uzTVv0B10g9TaHMWpcZ4	1unONq	qadv-arbiter-7x7-rust-lambda-v0.1.0	-	qadv-arbiter-7x7-rust-lambda-v0.1.0	-	D	P	-
g1_al-h1ky1OursMuIowTHxJJeg6kWBeMNgtI6q2bKtEdY	s1_U9COFA-LDsRD4ZoCKYoGzo2IH0vGrCDO-p0TK-LDImc	1unONq	qadv-arbiter-7x7-rust-lambda-v0.1.0	-	qadv-arbiter-7x7-rust-lambda-v0.1.0	-	D	P	196
g1_al-h1ky1OursMuIowTHxJJeg6kWBeMNgtI6q2bKtEdY	s1_lSAMQQWuUSHHck8tmfI74Vr0edWN-cWQ3Zry4-wD_98	1unONq	qadv-arbiter-7x7-rust-lambda-v0.1.0	-	qadv-arbiter-7x7-rust-lambda-v0.1.0	-	D	P	196
g1_al-h1ky1OursMuIowTHxJJeg6kWBeMNgtI6q2bKtEdY	s1_oDgtwouIpL5Ot52jyT85LBWoQW9uhnRMoFp4ShaR0rA	1unONq	qadv-arbiter-7x7-rust-lambda-v0.1.0	-	qadv-arbiter-7x7-rust-lambda-v0.1.0	-	D	P	196
g1_al5LecyAj0CBLJXteBUHUqRoz8ijEGDw8HH2zbZDdiQ	s1_-xDkporl6O_X9QsZnYZbw1gWFmm5_yWjdNPIVsGmB90	1unLle	qadv-arbiter-7x7-rust-lambda-v0.1.0	-	qadv-arbiter-7x7-rust-lambda-v0.1.0	-	L	P	196
g1_al5LecyAj0CBLJXteBUHUqRoz8ijEGDw8HH2zbZDdiQ	s1_IMAs9P_tBtRuvPuB8vhU1YNWagXc2NRVTz5xLy2Z7as	1unLle	qadv-arbiter-7x7-rust-lambda-v0.1.0	-	qadv-arbiter-7x7-rust-lambda-v0.1.0	-	L	P	196
g1_al5LecyAj0CBLJXteBUHUqRoz8ijEGDw8HH2zbZDdiQ	s1_RauLaTi4eVgYHSp2TV9pqs9uzTVv0B10g9TaHMWpcZ4	1unLle	qadv-arbiter-7x7-rust-lambda-v0.1.0	-	qadv-arbiter-7x7-rust-lambda-v0.1.0	-	L	P	-
g1_al5LecyAj0CBLJXteBUHUqRoz8ijEGDw8HH2zbZDdiQ	s1_sV_r5Cg6zUZyb9wU1QRZhGMuSSbv6VL5kE0AhgT9POQ	1unLle	qadv-arbiter-7x7-rust-lambda-v0.1.0	-	qadv-arbiter-7x7-rust-lambda-v0.1.0	-	L	P	196
g1_al6S0wjUQLkfymWmEhr4ajc33zT9U5ZpA4qdO68Acys	s1_-OKlJXuPFfAnukwGYITjiU7XKL4OC_qt76PC0TZSPjg	1umvdD	python-cnn-puct-v0.1.0	sha256:7845e9b7687beee165dc36b8d21833b7a8b5a83e31b58b49bd05c277ba26e642	python-cnn-puct-v0.1.0	sha256:7845e9b7687beee165dc36b8d21833b7a8b5a83e31b58b49bd05c277ba26e642	-	M	196
g1_al6S0wjUQLkfymWmEhr4ajc33zT9U5ZpA4qdO68Acys	s1_1av6nXQkq-GSHXfjkVlGHGpAq8F9UbW4JwZmyFA-vww	1umvdD	python-cnn-puct-v0.1.0	sha256:7845e9b7687beee165dc36b8d21833b7a8b5a83e31b58b49bd05c277ba26e642	python-cnn-puct-v0.1.0	sha256:7845e9b7687beee165dc36b8d21833b7a8b5a83e31b58b49bd05c277ba26e642	-	M	196
g1_al6S0wjUQLkfymWmEhr4ajc33zT9U5ZpA4qdO68Acys	s1_Brk0hkuJoH-MBjdd53AO5tlWcOgDWV_R0PO74fHGd_0	1umvdD	python-cnn-puct-v0.1.0	sha256:7845e9b7687beee165dc36b8d21833b7a8b5a83e31b58b49bd05c277ba26e642	python-cnn-puct-v0.1.0	sha256:7845e9b7687beee165dc36b8d21833b7a8b5a83e31b58b49bd05c277ba26e642	-	M	196
g1_alGfqbYRIelHpdUNz1X8q1e6Y8_fRjW1sQ5CmcXVXZM	s1_BgtpS9Cd41NXvJD0gRNSaEth6mgey0zqI6GP6tTq23o	1unOV0	qadv-arbiter-7x7-rust-lambda-v0.1.0	-	qadv-arbiter-7x7-rust-lambda-v0.1.0	-	D	P	196
g1_alGfqbYRIelHpdUNz1X8q1e6Y8_fRjW1sQ5CmcXVXZM	s1_RauLaTi4eVgYHSp2TV9pqs9uzTVv0B10g9TaHMWpcZ4	1unOV0	qadv-arbiter-7x7-rust-lambda-v0.1.0	-	qadv-arbiter-7x7-rust-lambda-v0.1.0	-	D	P	-
g1_alGfqbYRIelHpdUNz1X8q1e6Y8_fRjW1sQ5CmcXVXZM	s1_UqZuuJEsogTwNKgUS9I2JZRgeYzsGlj_RPhJTpLx_HI	1unOV0	qadv-arbiter-7x7-rust-lambda-v0.1.0	-	qadv-arbiter-7x7-rust-lambda-v0.1.0	-	D	P	196
g1_alGfqbYRIelHpdUNz1X8q1e6Y8_fRjW1sQ5CmcXVXZM	s1_tcLN9Dkgsl-jutdgy9o8t-_FihUwx04hnpEw2WVqKMM	1unOV0	qadv-arbiter-7x7-rust-lambda-v0.1.0	-	qadv-arbiter-7x7-rust-lambda-v0.1.0	-	D	P	196
g1_alHNEHeUyftuw3otnTOGjEhcp5KDhyoO0uV4ttEUe2E	s1_2FtaP75xgRVTNrUvmC0NIesJCNy8IDFJ05WNM4nUnpg	1unR7I	qadv-arbiter-7x7-v0.1.0	-	coin-flip-v0.0.1	-	L	P	196
g1_alHNEHeUyftuw3otnTOGjEhcp5KDhyoO0uV4ttEUe2E	s1_RauLaTi4eVgYHSp2TV9pqs9uzTVv0B10g9TaHMWpcZ4	1unR7I	qadv-arbiter-7x7-v0.1.0	-	coin-flip-v0.0.1	-	L	P	-
g1_alHNEHeUyftuw3otnTOGjEhcp5KDhyoO0uV4ttEUe2E	s1_mH29nPzM0xYP2qzRi50Ic5MTl2LCWQbqCbH_324tzlU	1unR7I	qadv-arbiter-7x7-v0.1.0	-	coin-flip-v0.0.1	-	L	P	196
g1_alHNEHeUyftuw3otnTOGjEhcp5KDhyoO0uV4ttEUe2E	s1_vu7cxIV-BFqn85nMDfeLAMNTjblSQ4AYV4UEUbdg-s4	1unR7I	qadv-arbiter-7x7-v0.1.0	-	coin-flip-v0.0.1	-	L	P	196
g1_alHsMwMbz3IOKC7NE0ywkRVXFyP1llN31XO287fLm0s	s1_7FIu85-v_e-kbNsQ2UNk3yRt-KGcLyUjpmVwIc9cnfM	1umwEi	python-gnn-puct-scout-v0.1.0	sha256:b9f80706cc1f29076ee06fe06483697c749148a808c599579045d00a52573938	python-gnn-puct-scout-v0.1.0	sha256:b9f80706cc1f29076ee06fe06483697c749148a808c599579045d00a52573938	D	P	196
g1_alHsMwMbz3IOKC7NE0ywkRVXFyP1llN31XO287fLm0s	s1_S8AGNBNcWBvWiwIo-AOAHPoHuZo2XvcsYvhgQxGTkrY	1umwEi	python-gnn-puct-scout-v0.1.0	sha256:b9f80706cc1f29076ee06fe06483697c749148a808c599579045d00a52573938	python-gnn-puct-scout-v0.1.0	sha256:b9f80706cc1f29076ee06fe06483697c749148a808c599579045d00a52573938	D	P	196
g1_alOPIYnikeE3hVP5kGqCVp8oGNd3Fv8zdeua4rzJG_8	s1_1av6nXQkq-GSHXfjkVlGHGpAq8F9UbW4JwZmyFA-vww	1umvOq	python-gnn-puct-learner-v0.1.0	sha256:ab0f739cd33d66781faf60e27797c5ccba3c04ba684f8d9e32e9c2754f4e8956	python-gnn-puct-learner-v0.1.0	sha256:ab0f739cd33d66781faf60e27797c5ccba3c04ba684f8d9e32e9c2754f4e8956	D	P	196
g1_alOPIYnikeE3hVP5kGqCVp8oGNd3Fv8zdeua4rzJG_8	s1_Brk0hkuJoH-MBjdd53AO5tlWcOgDWV_R0PO74fHGd_0	1umvOq	python-gnn-puct-learner-v0.1.0	sha256:ab0f739cd33d66781faf60e27797c5ccba3c04ba684f8d9e32e9c2754f4e8956	python-gnn-puct-learner-v0.1.0	sha256:ab0f739cd33d66781faf60e27797c5ccba3c04ba684f8d9e32e9c2754f4e8956	D	P	196
g1_alOPIYnikeE3hVP5kGqCVp8oGNd3Fv8zdeua4rzJG_8	s1_QBFUsDtxokERlDOdQkleYbPvhJ-vIp2qmp6DXjS-7oM	1umvOq	python-gnn-puct-learner-v0.1.0	sha256:ab0f739cd33d66781faf60e27797c5ccba3c04ba684f8d9e32e9c2754f4e8956	python-gnn-puct-learner-v0.1.0	sha256:ab0f739cd33d66781faf60e27797c5ccba3c04ba684f8d9e32e9c2754f4e8956	D	P	196
g1_alUgSjJgdSwQd6EkdIl5KNC0nqQslWFsTvYuD1Kx5rM	s1_RauLaTi4eVgYHSp2TV9pqs9uzTVv0B10g9TaHMWpcZ4	1unMY_	qadv-arbiter-7x7-rust-lambda-v0.1.0	-	qadv-arbiter-7x7-rust-lambda-v0.1.0	-	D	P	-
g1_alUgSjJgdSwQd6EkdIl5KNC0nqQslWFsTvYuD1Kx5rM	s1_T-EMX9SpSntalBcP9rAdsWGORqzbi0_u5jjBIxYyx9M	1unMY_	qadv-arbiter-7x7-rust-lambda-v0.1.0	-	qadv-arbiter-7x7-rust-lambda-v0.1.0	-	D	P	196
g1_alUgSjJgdSwQd6EkdIl5KNC0nqQslWFsTvYuD1Kx5rM	s1_W5MVP2cPdI_aFOC0JsdE3YIYB6MTSQaPJ6ZTxcZfKcU	1unMY_	qadv-arbiter-7x7-rust-lambda-v0.1.0	-	qadv-arbiter-7x7-rust-lambda-v0.1.0	-	D	P	196
g1_alUgSjJgdSwQd6EkdIl5KNC0nqQslWFsTvYuD1Kx5rM	s1_xy-kJG55OdSDAGhxCxVGZAqiIQg1MBKFoomTb_8d6ZM	1unMY_	qadv-arbiter-7x7-rust-lambda-v0.1.0	-	qadv-arbiter-7x7-rust-lambda-v0.1.0	-	D	P	196
g1_alV9ya6JrxBriX6Op-3-B-ncLBmMGNsRBvI_RYkH8aU	s1_5Zwyvszd-XZv7HOfug6mhxoAQgnBJleirm3YuhAJVKc	1umvy4	python-gnn-puct-reval30k-v0.1.0	sha256:6120be86fc469df71473c3de64e5e32f99694cd47d621fa5948f243dc51d3d21	python-gnn-puct-reval30k-v0.1.0	sha256:6120be86fc469df71473c3de64e5e32f99694cd47d621fa5948f243dc51d3d21	-	M	196
g1_albdipk5YpGOs6ftJ9300uQMP2v4wMZsK9fXufTnZ2A	s1_flXyOBW6T9LLVDFIvXBGel1MoVNZcUcMFIJnB9yLapU	1umxEr	python-gnn-puct-reval30k-v0.1.0	sha256:6120be86fc469df71473c3de64e5e32f99694cd47d621fa5948f243dc51d3d21	python-gnn-puct-reval30k-v0.1.0	sha256:6120be86fc469df71473c3de64e5e32f99694cd47d621fa5948f243dc51d3d21	D	P	196
g1_alcmDTlGGpbUwt1h5O6i16LXHY4IRDoqqgA6AHh2PEY	s1_Qmoz3nLvbLcY_1rcqMtpMJDvTQydhL5cxUNWV6EhpMY	1umwp9	qadv-arbiter-7x7-v0.1.0	sha256:8c548d06307572603b839755cc1e50393285365e10f82bcd90290ca65cd86266	qadv-arbiter-7x7-v0.1.0	sha256:8c548d06307572603b839755cc1e50393285365e10f82bcd90290ca65cd86266	L	P	196
g1_aliIHI7nLxxVjGS4eP3GVfcX-PtvplxS9aFUJoJjWY0	s1_1av6nXQkq-GSHXfjkVlGHGpAq8F9UbW4JwZmyFA-vww	1DIjX	lunatic-v0.1.0	-	rust-pathfinder-v0.1.0	-	D	P	-
g1_aliIHI7nLxxVjGS4eP3GVfcX-PtvplxS9aFUJoJjWY0	s1_9Eroywf7tuDrn-hcfZPjlEa1DSRUykCRn9Z11u8ySIo	1DIjX	lunatic-v0.1.0	-	rust-pathfinder-v0.1.0	-	D	P	-
g1_aliIHI7nLxxVjGS4eP3GVfcX-PtvplxS9aFUJoJjWY0	s1_Brk0hkuJoH-MBjdd53AO5tlWcOgDWV_R0PO74fHGd_0	1DIjX	lunatic-v0.1.0	-	rust-pathfinder-v0.1.0	-	D	P	-
g1_aliIHI7nLxxVjGS4eP3GVfcX-PtvplxS9aFUJoJjWY0	s1_KmF8KhDbubz6lwdS8R_n_yTGdSONmH9B1wUABbyCj94	1DIjX	lunatic-v0.1.0	-	rust-pathfinder-v0.1.0	-	D	P	-
g1_aliIHI7nLxxVjGS4eP3GVfcX-PtvplxS9aFUJoJjWY0	s1_MKrI0a3Qd48rU7oZj28GrlQ3cHhIbUzS5ibiIW9aKy4	1DIjX	lunatic-v0.1.0	-	rust-pathfinder-v0.1.0	-	D	P	-
g1_aliIHI7nLxxVjGS4eP3GVfcX-PtvplxS9aFUJoJjWY0	s1_XloMUS0hxYEXf762lcPfaudsLmsH-CsOVZNVVU_obcA	1DIjX	lunatic-v0.1.0	-	rust-pathfinder-v0.1.0	-	D	P	-
g1_aliIHI7nLxxVjGS4eP3GVfcX-PtvplxS9aFUJoJjWY0	s1_g5pGkHBMEhzAYvwFY0b24sSc7wC9JfnWApMHHZ_aMPI	1DIjX	lunatic-v0.1.0	-	rust-pathfinder-v0.1.0	-	D	P	-
g1_aljSP4MoEjN8AVLGvT4Yk_suWolySb3ZVpkHWhdxQ98	s1_CXU7owFNsl3wQ0piOS-Xkp1a9tZMK2YEphBULG23X30	1unMN5	qadv-arbiter-7x7-rust-lambda-v0.1.0	-	qadv-arbiter-7x7-rust-lambda-v0.1.0	-	L	P	196
g1_aljSP4MoEjN8AVLGvT4Yk_suWolySb3ZVpkHWhdxQ98	s1_RauLaTi4eVgYHSp2TV9pqs9uzTVv0B10g9TaHMWpcZ4	1unMN5	qadv-arbiter-7x7-rust-lambda-v0.1.0	-	qadv-arbiter-7x7-rust-lambda-v0.1.0	-	L	P	-
g1_aljSP4MoEjN8AVLGvT4Yk_suWolySb3ZVpkHWhdxQ98	s1_kw-3UNHWTxpHG09t27OabVWvYSCMTWy1Vm3BeYbEIrg	1unMN5	qadv-arbiter-7x7-rust-lambda-v0.1.0	-	qadv-arbiter-7x7-rust-lambda-v0.1.0	-	L	P	196
g1_aljSP4MoEjN8AVLGvT4Yk_suWolySb3ZVpkHWhdxQ98	s1_tUQOT_0ZgoZFRdKAinyM1826mldS6w3H7JsEzL0Sy1w	1unMN5	qadv-arbiter-7x7-rust-lambda-v0.1.0	-	qadv-arbiter-7x7-rust-lambda-v0.1.0	-	L	P	196
g1_allpPkortP42jF-IhUkOvtH-ZDI_QEIUP18tCuLCuic	s1_qtlitMa-GGx-0y2heoyNRonYXf1Dq5epTexnVe9Iqtw	1umxeB	python-gnn-puct-learner-v0.1.0	sha256:ab0f739cd33d66781faf60e27797c5ccba3c04ba684f8d9e32e9c2754f4e8956	python-gnn-puct-learner-v0.1.0	sha256:ab0f739cd33d66781faf60e27797c5ccba3c04ba684f8d9e32e9c2754f4e8956	L	P	196
g1_alo6foaJScnr8D-L8AKHhsVYCJajF_ZntUvsdiAPHW8	s1_Iv-fSM2UtsNzaD4gONaCC4uFUZFV7OmUaq2yDWHMOFI	1unMN0	qadv-arbiter-7x7-rust-lambda-v0.1.0	-	qadv-arbiter-7x7-rust-lambda-v0.1.0	-	L	P	196
g1_alo6foaJScnr8D-L8AKHhsVYCJajF_ZntUvsdiAPHW8	s1_RauLaTi4eVgYHSp2TV9pqs9uzTVv0B10g9TaHMWpcZ4	1unMN0	qadv-arbiter-7x7-rust-lambda-v0.1.0	-	qadv-arbiter-7x7-rust-lambda-v0.1.0	-	L	P	-
g1_alo6foaJScnr8D-L8AKHhsVYCJajF_ZntUvsdiAPHW8	s1_phDjv4WH5agZGGLZPVJs4wauLAqx4KxEOM9WV327DcU	1unMN0	qadv-arbiter-7x7-rust-lambda-v0.1.0	-	qadv-arbiter-7x7-rust-lambda-v0.1.0	-	L	P	196
g1_alo6foaJScnr8D-L8AKHhsVYCJajF_ZntUvsdiAPHW8	s1_qbch1023wUzm3EsAwbNJ8mwJwC1UQeF9gehlm3OrQUo	1unMN0	qadv-arbiter-7x7-rust-lambda-v0.1.0	-	qadv-arbiter-7x7-rust-lambda-v0.1.0	-	L	P	196
g1_alyrjYZJ_-HkIxT7hIYz1pnD8Nx2NWqZvghSWfOp5ig	s1_AT1PowAAOHzxpC7sgmcJ6Nx02-OhhDhI6fEx8et02-k	1unMH0	qadv-arbiter-7x7-rust-lambda-v0.1.0	-	qadv-arbiter-7x7-rust-lambda-v0.1.0	-	D	P	196
g1_alyrjYZJ_-HkIxT7hIYz1pnD8Nx2NWqZvghSWfOp5ig	s1_DbFcJaZOGjcjp9H5wMwRNjxFOE0t2NTu2aAdayL4yEw	1unMH0	qadv-arbiter-7x7-rust-lambda-v0.1.0	-	qadv-arbiter-7x7-rust-lambda-v0.1.0	-	D	P	196
g1_alyrjYZJ_-HkIxT7hIYz1pnD8Nx2NWqZvghSWfOp5ig	s1_RauLaTi4eVgYHSp2TV9pqs9uzTVv0B10g9TaHMWpcZ4	1unMH0	qadv-arbiter-7x7-rust-lambda-v0.1.0	-	qadv-arbiter-7x7-rust-lambda-v0.1.0	-	D	P	-
g1_alyrjYZJ_-HkIxT7hIYz1pnD8Nx2NWqZvghSWfOp5ig	s1_qYLCUcxrcYMPRWotYZh_9RNoQgaxuwGHYnKRc8iyiNw	1unMH0	qadv-arbiter-7x7-rust-lambda-v0.1.0	-	qadv-arbiter-7x7-rust-lambda-v0.1.0	-	D	P	196
g1_am4sFUN35gEU0luuTUb51q8iIGx-WqnS2jFDASTvIKw	s1__fmnSv6OnZklVvMPUjPdL6drtvfrJptRYX3nxZQO8jI	1umxrW	python-gnn-puct-scout-v0.1.0	sha256:b9f80706cc1f29076ee06fe06483697c749148a808c599579045d00a52573938	python-gnn-puct-scout-v0.1.0	sha256:b9f80706cc1f29076ee06fe06483697c749148a808c599579045d00a52573938	D	P	196
g1_amJNMCke5Rhz05W94UAn1Xs29Y6iLAOQfZIt4ksW2GM	s1_MlHzbSWnzdpAvw5lRvf8BnCpuzb5LAuht4N0zya0Tcc	1unO07	qadv-arbiter-7x7-rust-lambda-v0.1.0	-	qadv-arbiter-7x7-rust-lambda-v0.1.0	-	L	P	196
g1_amJNMCke5Rhz05W94UAn1Xs29Y6iLAOQfZIt4ksW2GM	s1_PD0KfeoBYxXSj6TelOGSeGKP1AFIkxLxFIfTwWSZQes	1unO07	qadv-arbiter-7x7-rust-lambda-v0.1.0	-	qadv-arbiter-7x7-rust-lambda-v0.1.0	-	L	P	196
g1_amJNMCke5Rhz05W94UAn1Xs29Y6iLAOQfZIt4ksW2GM	s1_RauLaTi4eVgYHSp2TV9pqs9uzTVv0B10g9TaHMWpcZ4	1unO07	qadv-arbiter-7x7-rust-lambda-v0.1.0	-	qadv-arbiter-7x7-rust-lambda-v0.1.0	-	L	P	-
g1_amJNMCke5Rhz05W94UAn1Xs29Y6iLAOQfZIt4ksW2GM	s1_ebQJkOIt09BkXw4JhpAdfQeHgrmiqbQusMutzOdrqCY	1unO07	qadv-arbiter-7x7-rust-lambda-v0.1.0	-	qadv-arbiter-7x7-rust-lambda-v0.1.0	-	L	P	196
g1_amKhNSRUzXDpyP2QGQ-scFYydZ6Bnk5spahqPPei4Mo	s1__fmnSv6OnZklVvMPUjPdL6drtvfrJptRYX3nxZQO8jI	1umxvp	python-gnn-puct-scout-v0.1.0	sha256:b9f80706cc1f29076ee06fe06483697c749148a808c599579045d00a52573938	python-gnn-puct-scout-v0.1.0	sha256:b9f80706cc1f29076ee06fe06483697c749148a808c599579045d00a52573938	D	P	196
g1_amN8m78qvWZlTxrWsWTpTSwGlpS0CApF_xZaSr6QtNY	s1__fmnSv6OnZklVvMPUjPdL6drtvfrJptRYX3nxZQO8jI	1umxwC	python-gnn-puct-scout-v0.1.0	sha256:b9f80706cc1f29076ee06fe06483697c749148a808c599579045d00a52573938	python-gnn-puct-scout-v0.1.0	sha256:b9f80706cc1f29076ee06fe06483697c749148a808c599579045d00a52573938	L	P	196
g1_amaSXAi_DeDkO-YOfQIGKZC1VAeKQ_YFjZySN_PlyKA	s1_1LB6NAgPOeCp4r8rQw4kUOIXWpEdWysFm5RZjWCQSgc	1umwZO	python-gnn-puct-learner-v0.1.0	sha256:ab0f739cd33d66781faf60e27797c5ccba3c04ba684f8d9e32e9c2754f4e8956	python-gnn-puct-learner-v0.1.0	sha256:ab0f739cd33d66781faf60e27797c5ccba3c04ba684f8d9e32e9c2754f4e8956	L	P	196
g1_amaSXAi_DeDkO-YOfQIGKZC1VAeKQ_YFjZySN_PlyKA	s1_P4NHYhwuVnEA-dG2X-UVeVotb84A5mwljbYTlTMqr8w	1umwZO	python-gnn-puct-learner-v0.1.0	sha256:ab0f739cd33d66781faf60e27797c5ccba3c04ba684f8d9e32e9c2754f4e8956	python-gnn-puct-learner-v0.1.0	sha256:ab0f739cd33d66781faf60e27797c5ccba3c04ba684f8d9e32e9c2754f4e8956	L	P	196
g1_ame5Vi1EwJ4PCEeLRz1siheX5mfhwmqf3TrUl78Up0o	s1_2FtaP75xgRVTNrUvmC0NIesJCNy8IDFJ05WNM4nUnpg	1unR1I	qadv-arbiter-7x7-v0.1.0	-	lunatic-v0.1.0	-	D	P	196
g1_ame5Vi1EwJ4PCEeLRz1siheX5mfhwmqf3TrUl78Up0o	s1_RauLaTi4eVgYHSp2TV9pqs9uzTVv0B10g9TaHMWpcZ4	1unR1I	qadv-arbiter-7x7-v0.1.0	-	lunatic-v0.1.0	-	D	P	-
g1_ame5Vi1EwJ4PCEeLRz1siheX5mfhwmqf3TrUl78Up0o	s1_UOFrljEDOoJumttkt7b0qA6nne3VS4-8QzVLqPyqODs	1unR1I	qadv-arbiter-7x7-v0.1.0	-	lunatic-v0.1.0	-	D	P	196
g1_ame5Vi1EwJ4PCEeLRz1siheX5mfhwmqf3TrUl78Up0o	s1_e9HxcVCcr66jMWhr0YCKDlPytlJjLBoVTSXM4U_Nwfo	1unR1I	qadv-arbiter-7x7-v0.1.0	-	lunatic-v0.1.0	-	D	P	196
g1_amlprNz7j2_T54bnMvzF6IxsXd-fshOVMEZxTBK7cyw	s1_1av6nXQkq-GSHXfjkVlGHGpAq8F9UbW4JwZmyFA-vww	1DIkz	lunatic-v0.1.0	-	rust-pathfinder-v0.1.0	-	D	P	-
g1_amlprNz7j2_T54bnMvzF6IxsXd-fshOVMEZxTBK7cyw	s1_9Eroywf7tuDrn-hcfZPjlEa1DSRUykCRn9Z11u8ySIo	1DIkz	lunatic-v0.1.0	-	rust-pathfinder-v0.1.0	-	D	P	-
g1_amlprNz7j2_T54bnMvzF6IxsXd-fshOVMEZxTBK7cyw	s1_Brk0hkuJoH-MBjdd53AO5tlWcOgDWV_R0PO74fHGd_0	1DIkz	lunatic-v0.1.0	-	rust-pathfinder-v0.1.0	-	D	P	-
g1_amlprNz7j2_T54bnMvzF6IxsXd-fshOVMEZxTBK7cyw	s1_KmF8KhDbubz6lwdS8R_n_yTGdSONmH9B1wUABbyCj94	1DIkz	lunatic-v0.1.0	-	rust-pathfinder-v0.1.0	-	D	P	-
g1_amlprNz7j2_T54bnMvzF6IxsXd-fshOVMEZxTBK7cyw	s1_MKrI0a3Qd48rU7oZj28GrlQ3cHhIbUzS5ibiIW9aKy4	1DIkz	lunatic-v0.1.0	-	rust-pathfinder-v0.1.0	-	D	P	-
g1_amlprNz7j2_T54bnMvzF6IxsXd-fshOVMEZxTBK7cyw	s1_XloMUS0hxYEXf762lcPfaudsLmsH-CsOVZNVVU_obcA	1DIkz	lunatic-v0.1.0	-	rust-pathfinder-v0.1.0	-	D	P	-
g1_amlprNz7j2_T54bnMvzF6IxsXd-fshOVMEZxTBK7cyw	s1_g5pGkHBMEhzAYvwFY0b24sSc7wC9JfnWApMHHZ_aMPI	1DIkz	lunatic-v0.1.0	-	rust-pathfinder-v0.1.0	-	D	P	-
g1_ammkyYD3yugpAmr4fY2XedMslP5yuIlxUKWS5EIYX28	s1_8qeGGqXNEp13XcIsMs41m0LlTI-9JOsrwlb8il-gwXw	1unMnM	qadv-arbiter-7x7-rust-lambda-v0.1.0	-	qadv-arbiter-7x7-rust-lambda-v0.1.0	-	L	P	196
g1_ammkyYD3yugpAmr4fY2XedMslP5yuIlxUKWS5EIYX28	s1_DgsLbONAh_D3qcb0PgjJLz4IUUyaJvHFtAKqpUtUnvY	1unMnM	qadv-arbiter-7x7-rust-lambda-v0.1.0	-	qadv-arbiter-7x7-rust-lambda-v0.1.0	-	L	P	196
g1_ammkyYD3yugpAmr4fY2XedMslP5yuIlxUKWS5EIYX28	s1_QHse2-kASbSIy6Xsp9kvbrEf-6VetIzVJAPB7zvvQHg	1unMnM	qadv-arbiter-7x7-rust-lambda-v0.1.0	-	qadv-arbiter-7x7-rust-lambda-v0.1.0	-	L	P	196
g1_ammkyYD3yugpAmr4fY2XedMslP5yuIlxUKWS5EIYX28	s1_RauLaTi4eVgYHSp2TV9pqs9uzTVv0B10g9TaHMWpcZ4	1unMnM	qadv-arbiter-7x7-rust-lambda-v0.1.0	-	qadv-arbiter-7x7-rust-lambda-v0.1.0	-	L	P	-
g1_an1YZ9tS7r06tpsBdeIecod9Hu3NOVyv-YbOEVv-jf4	s1_-OKlJXuPFfAnukwGYITjiU7XKL4OC_qt76PC0TZSPjg	1umvhO	python-cnn-puct-v0.1.0	sha256:7845e9b7687beee165dc36b8d21833b7a8b5a83e31b58b49bd05c277ba26e642	python-cnn-puct-v0.1.0	sha256:7845e9b7687beee165dc36b8d21833b7a8b5a83e31b58b49bd05c277ba26e642	-	M	196
g1_an1YZ9tS7r06tpsBdeIecod9Hu3NOVyv-YbOEVv-jf4	s1_1av6nXQkq-GSHXfjkVlGHGpAq8F9UbW4JwZmyFA-vww	1umvhO	python-cnn-puct-v0.1.0	sha256:7845e9b7687beee165dc36b8d21833b7a8b5a83e31b58b49bd05c277ba26e642	python-cnn-puct-v0.1.0	sha256:7845e9b7687beee165dc36b8d21833b7a8b5a83e31b58b49bd05c277ba26e642	-	M	196
g1_an1YZ9tS7r06tpsBdeIecod9Hu3NOVyv-YbOEVv-jf4	s1_mWPTef6xYbijjPhDIC6QgLRmu2mMSJAokNlIkx3vg54	1umvhO	python-cnn-puct-v0.1.0	sha256:7845e9b7687beee165dc36b8d21833b7a8b5a83e31b58b49bd05c277ba26e642	python-cnn-puct-v0.1.0	sha256:7845e9b7687beee165dc36b8d21833b7a8b5a83e31b58b49bd05c277ba26e642	-	M	196
g1_anGALWLqcq9yUVMPDnmbR2owa9-u79W4JcRyBRICiS0	s1_JEzE2xdVSvx6SEyDLtzM3yXzUxw3AlOAzC8xBCITmNE	1unOrk	qadv-arbiter-7x7-rust-lambda-v0.1.0	-	qadv-arbiter-7x7-rust-lambda-v0.1.0	-	D	P	196
g1_anGALWLqcq9yUVMPDnmbR2owa9-u79W4JcRyBRICiS0	s1_RauLaTi4eVgYHSp2TV9pqs9uzTVv0B10g9TaHMWpcZ4	1unOrk	qadv-arbiter-7x7-rust-lambda-v0.1.0	-	qadv-arbiter-7x7-rust-lambda-v0.1.0	-	D	P	-
g1_anGALWLqcq9yUVMPDnmbR2owa9-u79W4JcRyBRICiS0	s1_WrC1CV7Lqq9X6Dv2Z_Kwiu4ZzGUmAwiqt1CyuEklPks	1unOrk	qadv-arbiter-7x7-rust-lambda-v0.1.0	-	qadv-arbiter-7x7-rust-lambda-v0.1.0	-	D	P	196
g1_anGALWLqcq9yUVMPDnmbR2owa9-u79W4JcRyBRICiS0	s1_l_XxC7PZnc3oRLyMBB9WOsFNIDrTBybSPjxG5fTfzgo	1unOrk	qadv-arbiter-7x7-rust-lambda-v0.1.0	-	qadv-arbiter-7x7-rust-lambda-v0.1.0	-	D	P	196
g1_anMe5aWz4kukvcEhKL2hDDyFkjPKMuY8vT_qehKS16g	s1_WVg7aYYLIrw6_-2mI3jQ-DPcLO4gX2sPEEqWQb0DGQA	1umxHR	python-cnn-puct-reval30k-v0.1.0	sha256:eb2600a53e225a835455efdb2759c40e27c5cb3c16ab0688bc21b99290ed10ee	python-cnn-puct-reval30k-v0.1.0	sha256:eb2600a53e225a835455efdb2759c40e27c5cb3c16ab0688bc21b99290ed10ee	L	P	196
g1_anRng_Xh_Z4tAUG-dZkLcb2S-0QHczR9lpipqoE_rH0	s1_M7Cp-2zjeVZHeX1FsiZYUNK0aW_iFfTl3UHOtwPmOp8	1un7Ma	qadv-arbiter-guided-7x7-v0.2.0	sha256:9c0e5e530df7db77a98f6a2e75fe63a6f629c6ad6563e0b5454793ebc243b14d	cnn-reval30k-7x7	sha256:7439239ff343dcc422cb918560b1b72433f2e13628580427343a446f349c6f5a	L	P	196
g1_anRng_Xh_Z4tAUG-dZkLcb2S-0QHczR9lpipqoE_rH0	s1_O3cuwuia8XT9TI7Nxr3tRcajOA20XFHEIT2fYX3WizY	1un7Ma	qadv-arbiter-guided-7x7-v0.2.0	sha256:9c0e5e530df7db77a98f6a2e75fe63a6f629c6ad6563e0b5454793ebc243b14d	cnn-reval30k-7x7	sha256:7439239ff343dcc422cb918560b1b72433f2e13628580427343a446f349c6f5a	L	P	196
g1_anRng_Xh_Z4tAUG-dZkLcb2S-0QHczR9lpipqoE_rH0	s1_PaYIJI1Mc5m5nesIKqVUFGpeOr4xHJQX7sHfjidCXI4	1un7Ma	qadv-arbiter-guided-7x7-v0.2.0	sha256:9c0e5e530df7db77a98f6a2e75fe63a6f629c6ad6563e0b5454793ebc243b14d	cnn-reval30k-7x7	sha256:7439239ff343dcc422cb918560b1b72433f2e13628580427343a446f349c6f5a	L	P	196
g1_anSmzy0hC9t5eYqlLj6pyYHiZQveDhj7nTIfj38RpfM	s1_06qhLwUjUqsDdNTnvSjB8CACRiifAag7ou31HArmedw	1unM9N	qadv-arbiter-7x7-rust-lambda-v0.1.0	-	qadv-arbiter-7x7-rust-lambda-v0.1.0	-	L	P	196
g1_anSmzy0hC9t5eYqlLj6pyYHiZQveDhj7nTIfj38RpfM	s1_9aqH0SRtGfS26RlNvg6dHWHi67x1msIGaVGIun2qE9Q	1unM9N	qadv-arbiter-7x7-rust-lambda-v0.1.0	-	qadv-arbiter-7x7-rust-lambda-v0.1.0	-	L	P	196
g1_anSmzy0hC9t5eYqlLj6pyYHiZQveDhj7nTIfj38RpfM	s1_H-TAiv2Yx1ZhukeSszBZ31__rv3OD-Gyy5_WLY49AHY	1unM9N	qadv-arbiter-7x7-rust-lambda-v0.1.0	-	qadv-arbiter-7x7-rust-lambda-v0.1.0	-	L	P	196
g1_anSmzy0hC9t5eYqlLj6pyYHiZQveDhj7nTIfj38RpfM	s1_RauLaTi4eVgYHSp2TV9pqs9uzTVv0B10g9TaHMWpcZ4	1unM9N	qadv-arbiter-7x7-rust-lambda-v0.1.0	-	qadv-arbiter-7x7-rust-lambda-v0.1.0	-	L	P	-
g1_anW77Fe4gm5votBh96PILeUqU60qyXbiNMjF4jMNmEU	s1_qtlitMa-GGx-0y2heoyNRonYXf1Dq5epTexnVe9Iqtw	1umxWW	python-gnn-puct-learner-v0.1.0	sha256:ab0f739cd33d66781faf60e27797c5ccba3c04ba684f8d9e32e9c2754f4e8956	python-gnn-puct-learner-v0.1.0	sha256:ab0f739cd33d66781faf60e27797c5ccba3c04ba684f8d9e32e9c2754f4e8956	L	P	196
g1_anWa4SWrV7WXn-HSVZ5vwF4X9CMmxgOsF7x41gPA2Xo	s1_FT2HaU06f3m22ua4zXjWn3BuBsGASR_hs_BMPI9XBxA	1unP9I	qadv-arbiter-7x7-rust-lambda-v0.1.0	-	qadv-arbiter-7x7-rust-lambda-v0.1.0	-	L	P	196
g1_anWa4SWrV7WXn-HSVZ5vwF4X9CMmxgOsF7x41gPA2Xo	s1_RauLaTi4eVgYHSp2TV9pqs9uzTVv0B10g9TaHMWpcZ4	1unP9I	qadv-arbiter-7x7-rust-lambda-v0.1.0	-	qadv-arbiter-7x7-rust-lambda-v0.1.0	-	L	P	-
g1_anWa4SWrV7WXn-HSVZ5vwF4X9CMmxgOsF7x41gPA2Xo	s1_VuYXepahrC1ZjEW5jbt-IRGUK0UNcRVJVPKekzrLgUo	1unP9I	qadv-arbiter-7x7-rust-lambda-v0.1.0	-	qadv-arbiter-7x7-rust-lambda-v0.1.0	-	L	P	196
g1_anWa4SWrV7WXn-HSVZ5vwF4X9CMmxgOsF7x41gPA2Xo	s1_ingR3LTxfUhcyGA6-tlZ7AALDEPeT_nYhE5YNZWUOBM	1unP9I	qadv-arbiter-7x7-rust-lambda-v0.1.0	-	qadv-arbiter-7x7-rust-lambda-v0.1.0	-	L	P	196
g1_anf4fpxG35vkXW3Wvk1zqFNsVGGpGsgwlYjvREfTQx0	s1_A6m5JxBkWvscuZyV77VotI_GKadABJURR6qWwkcyyTY	1unPx-	qadv-arbiter-7x7-rust-lambda-v0.1.0	-	qadv-arbiter-7x7-rust-lambda-v0.1.0	-	L	P	196
g1_anf4fpxG35vkXW3Wvk1zqFNsVGGpGsgwlYjvREfTQx0	s1_GXaUP0O1dncEYNXDcOm8EygKR6BH-PPZNABwuoSvxzM	1unPx-	qadv-arbiter-7x7-rust-lambda-v0.1.0	-	qadv-arbiter-7x7-rust-lambda-v0.1.0	-	L	P	196
g1_anf4fpxG35vkXW3Wvk1zqFNsVGGpGsgwlYjvREfTQx0	s1_RauLaTi4eVgYHSp2TV9pqs9uzTVv0B10g9TaHMWpcZ4	1unPx-	qadv-arbiter-7x7-rust-lambda-v0.1.0	-	qadv-arbiter-7x7-rust-lambda-v0.1.0	-	L	P	-
g1_anf4fpxG35vkXW3Wvk1zqFNsVGGpGsgwlYjvREfTQx0	s1_dAR_alLZxITTRI9o3fGKsg-j9HJ3jz85YRQC3sEJscU	1unPx-	qadv-arbiter-7x7-rust-lambda-v0.1.0	-	qadv-arbiter-7x7-rust-lambda-v0.1.0	-	L	P	196
g1_angighUE_3CKdoloJnkdCvwNIJPIX014zpwKr-Otx5k	s1_RauLaTi4eVgYHSp2TV9pqs9uzTVv0B10g9TaHMWpcZ4	1unM_2	qadv-arbiter-7x7-rust-lambda-v0.1.0	-	qadv-arbiter-7x7-rust-lambda-v0.1.0	-	D	P	-
g1_angighUE_3CKdoloJnkdCvwNIJPIX014zpwKr-Otx5k	s1_T2nwS40WDjLlP2J4gSsWXCebTrsGWdDbpy8oxzZLIZc	1unM_2	qadv-arbiter-7x7-rust-lambda-v0.1.0	-	qadv-arbiter-7x7-rust-lambda-v0.1.0	-	D	P	196
g1_angighUE_3CKdoloJnkdCvwNIJPIX014zpwKr-Otx5k	s1_lBB7cU08O2x_ysIb6612lNxBbl2IN297AUPSJereXpc	1unM_2	qadv-arbiter-7x7-rust-lambda-v0.1.0	-	qadv-arbiter-7x7-rust-lambda-v0.1.0	-	D	P	196
g1_angighUE_3CKdoloJnkdCvwNIJPIX014zpwKr-Otx5k	s1_uoSfJ-3XmqaMvbTcS7Nn4q6iU-hiL0MpDTuYrdBLhjg	1unM_2	qadv-arbiter-7x7-rust-lambda-v0.1.0	-	qadv-arbiter-7x7-rust-lambda-v0.1.0	-	D	P	196
g1_anmZTNUk2oCDEhCc_GRKqu5ITmg3Kz_QTPyzz7yCfRY	s1_1av6nXQkq-GSHXfjkVlGHGpAq8F9UbW4JwZmyFA-vww	1DIgH	python-gnn-puct-v0.1.0	sha256:6f9ad6e4a0993da3cf34a8549e86f9b5d512c51e11bfa76dfe051e7a8801bdac	python-gnn-puct-v0.1.0	sha256:6f9ad6e4a0993da3cf34a8549e86f9b5d512c51e11bfa76dfe051e7a8801bdac	L	P	196
g1_anmZTNUk2oCDEhCc_GRKqu5ITmg3Kz_QTPyzz7yCfRY	s1_Brk0hkuJoH-MBjdd53AO5tlWcOgDWV_R0PO74fHGd_0	1DIgH	python-gnn-puct-v0.1.0	sha256:6f9ad6e4a0993da3cf34a8549e86f9b5d512c51e11bfa76dfe051e7a8801bdac	python-gnn-puct-v0.1.0	sha256:6f9ad6e4a0993da3cf34a8549e86f9b5d512c51e11bfa76dfe051e7a8801bdac	L	P	196
g1_anmZTNUk2oCDEhCc_GRKqu5ITmg3Kz_QTPyzz7yCfRY	s1_KmF8KhDbubz6lwdS8R_n_yTGdSONmH9B1wUABbyCj94	1DIgH	python-gnn-puct-v0.1.0	sha256:6f9ad6e4a0993da3cf34a8549e86f9b5d512c51e11bfa76dfe051e7a8801bdac	python-gnn-puct-v0.1.0	sha256:6f9ad6e4a0993da3cf34a8549e86f9b5d512c51e11bfa76dfe051e7a8801bdac	L	P	196
g1_anmZTNUk2oCDEhCc_GRKqu5ITmg3Kz_QTPyzz7yCfRY	s1_g5pGkHBMEhzAYvwFY0b24sSc7wC9JfnWApMHHZ_aMPI	1DIgH	python-gnn-puct-v0.1.0	sha256:6f9ad6e4a0993da3cf34a8549e86f9b5d512c51e11bfa76dfe051e7a8801bdac	python-gnn-puct-v0.1.0	sha256:6f9ad6e4a0993da3cf34a8549e86f9b5d512c51e11bfa76dfe051e7a8801bdac	L	P	196
g1_anmZTNUk2oCDEhCc_GRKqu5ITmg3Kz_QTPyzz7yCfRY	s1_tol_POp6BcgBLMWq8iDfRBQSAXpESHxFwmcCQYXv0yQ	1DIgH	python-gnn-puct-v0.1.0	sha256:6f9ad6e4a0993da3cf34a8549e86f9b5d512c51e11bfa76dfe051e7a8801bdac	python-gnn-puct-v0.1.0	sha256:6f9ad6e4a0993da3cf34a8549e86f9b5d512c51e11bfa76dfe051e7a8801bdac	L	P	196
g1_aoJuQgXKCLflUVoG-7bqRCiW0vNaELlOslism71NnIQ	s1_ELjqxvWjQ_elizoWqq-Q75gElCss7h-L5z_29ncyYeU	1unNyY	qadv-arbiter-7x7-rust-lambda-v0.1.0	-	qadv-arbiter-7x7-rust-lambda-v0.1.0	-	D	P	196
g1_aoJuQgXKCLflUVoG-7bqRCiW0vNaELlOslism71NnIQ	s1_KsaREpOUs9TqAGc9cNCO-PBLIwfd6SBYKpRNlZKqlyY	1unNyY	qadv-arbiter-7x7-rust-lambda-v0.1.0	-	qadv-arbiter-7x7-rust-lambda-v0.1.0	-	D	P	196
g1_aoJuQgXKCLflUVoG-7bqRCiW0vNaELlOslism71NnIQ	s1_RauLaTi4eVgYHSp2TV9pqs9uzTVv0B10g9TaHMWpcZ4	1unNyY	qadv-arbiter-7x7-rust-lambda-v0.1.0	-	qadv-arbiter-7x7-rust-lambda-v0.1.0	-	D	P	-
g1_aoJuQgXKCLflUVoG-7bqRCiW0vNaELlOslism71NnIQ	s1_xQwlnjLpCeXXiCWUSpXsTjZ10R8De-wRmCh34jckoXQ	1unNyY	qadv-arbiter-7x7-rust-lambda-v0.1.0	-	qadv-arbiter-7x7-rust-lambda-v0.1.0	-	D	P	196
g1_aoSxRa3YcbK_2GDDZNwArRYwK6_iultmBpcHVLgZzuY	s1__fmnSv6OnZklVvMPUjPdL6drtvfrJptRYX3nxZQO8jI	1umxyM	python-gnn-puct-scout-v0.1.0	sha256:b9f80706cc1f29076ee06fe06483697c749148a808c599579045d00a52573938	python-gnn-puct-scout-v0.1.0	sha256:b9f80706cc1f29076ee06fe06483697c749148a808c599579045d00a52573938	D	P	196
g1_aoWenIavEKnCln_wUUy0ClezmrTmnLRIrV_RHAoXDOw	s1_MGFByxtnHsaIPuuYBHpcbllCr3-FisFSEdAQ6G7Z0AY	1unLzZ	qadv-arbiter-7x7-rust-lambda-v0.1.0	-	qadv-arbiter-7x7-rust-lambda-v0.1.0	-	L	P	196
g1_aoWenIavEKnCln_wUUy0ClezmrTmnLRIrV_RHAoXDOw	s1_QWZZxe7O_QJs-mMQwNLVXQcAo2mbvd6r8Wl7iYYSaNg	1unLzZ	qadv-arbiter-7x7-rust-lambda-v0.1.0	-	qadv-arbiter-7x7-rust-lambda-v0.1.0	-	L	P	196
g1_aoWenIavEKnCln_wUUy0ClezmrTmnLRIrV_RHAoXDOw	s1_RauLaTi4eVgYHSp2TV9pqs9uzTVv0B10g9TaHMWpcZ4	1unLzZ	qadv-arbiter-7x7-rust-lambda-v0.1.0	-	qadv-arbiter-7x7-rust-lambda-v0.1.0	-	L	P	-
g1_aoWenIavEKnCln_wUUy0ClezmrTmnLRIrV_RHAoXDOw	s1_Sefn9siFDlPEJnOn_heNeQcgU2aEoX0MfLaExLmyN1w	1unLzZ	qadv-arbiter-7x7-rust-lambda-v0.1.0	-	qadv-arbiter-7x7-rust-lambda-v0.1.0	-	L	P	196
g1_aoaB97PFUtNNjAWfwi5ID0nXGCBZbFxYZrHl2VPSZb0	s1_6PxtazPxkizz7K9QTWPSCIopEV5n0zpHoq3F52yO_6U	1umwiL	python-cnn-puct-v0.1.0	sha256:7845e9b7687beee165dc36b8d21833b7a8b5a83e31b58b49bd05c277ba26e642	python-cnn-puct-v0.1.0	sha256:7845e9b7687beee165dc36b8d21833b7a8b5a83e31b58b49bd05c277ba26e642	D	P	196
g1_aoaB97PFUtNNjAWfwi5ID0nXGCBZbFxYZrHl2VPSZb0	s1_baRgKA_wMXdl0r4AwdkUfhWC04qxd1MvEGXAQaDd4fo	1umwiL	python-cnn-puct-v0.1.0	sha256:7845e9b7687beee165dc36b8d21833b7a8b5a83e31b58b49bd05c277ba26e642	python-cnn-puct-v0.1.0	sha256:7845e9b7687beee165dc36b8d21833b7a8b5a83e31b58b49bd05c277ba26e642	D	P	196
g1_aogAarLMJBpfJBpEXJzywJzIgfLAxptOtfhhhFcXI8c	s1_04-KuIg6DIwedTT5MplxC5ezd0dwu3W2aUYtlt4KO5E	1unLlx	qadv-arbiter-7x7-rust-lambda-v0.1.0	-	qadv-arbiter-7x7-rust-lambda-v0.1.0	-	L	P	196
g1_aogAarLMJBpfJBpEXJzywJzIgfLAxptOtfhhhFcXI8c	s1_46QayobaECpx0UB63C9x8wYKGOWtglhxSzvsyDDbxHE	1unLlx	qadv-arbiter-7x7-rust-lambda-v0.1.0	-	qadv-arbiter-7x7-rust-lambda-v0.1.0	-	L	P	196
g1_aogAarLMJBpfJBpEXJzywJzIgfLAxptOtfhhhFcXI8c	s1_RauLaTi4eVgYHSp2TV9pqs9uzTVv0B10g9TaHMWpcZ4	1unLlx	qadv-arbiter-7x7-rust-lambda-v0.1.0	-	qadv-arbiter-7x7-rust-lambda-v0.1.0	-	L	P	-
g1_aogAarLMJBpfJBpEXJzywJzIgfLAxptOtfhhhFcXI8c	s1_T9erbo6pri8fkf7YL4WTt-3A_1u_BY99DBtZElo3AIk	1unLlx	qadv-arbiter-7x7-rust-lambda-v0.1.0	-	qadv-arbiter-7x7-rust-lambda-v0.1.0	-	L	P	196
g1_aohS3dtbOaz02JRnEQc1_TcvHYJ_TUEZzDNnIOLqJCY	s1_RauLaTi4eVgYHSp2TV9pqs9uzTVv0B10g9TaHMWpcZ4	1unOYY	qadv-arbiter-7x7-rust-lambda-v0.1.0	-	qadv-arbiter-7x7-rust-lambda-v0.1.0	-	L	P	-
g1_aohS3dtbOaz02JRnEQc1_TcvHYJ_TUEZzDNnIOLqJCY	s1_aiSSGE3EjHSWFCQp03wa2uKTbEvwJH7CJ_tQkg_j8Aw	1unOYY	qadv-arbiter-7x7-rust-lambda-v0.1.0	-	qadv-arbiter-7x7-rust-lambda-v0.1.0	-	L	P	196
g1_aohS3dtbOaz02JRnEQc1_TcvHYJ_TUEZzDNnIOLqJCY	s1_rJZocYWlkSdQBj4Rm2mCbZrB34oCr4X0xTp7dMaFgeM	1unOYY	qadv-arbiter-7x7-rust-lambda-v0.1.0	-	qadv-arbiter-7x7-rust-lambda-v0.1.0	-	L	P	196
g1_aohS3dtbOaz02JRnEQc1_TcvHYJ_TUEZzDNnIOLqJCY	s1_vHc0o9uFJBlLOewxwzLtC2zDNHLrbUWzat5hpeAVjkU	1unOYY	qadv-arbiter-7x7-rust-lambda-v0.1.0	-	qadv-arbiter-7x7-rust-lambda-v0.1.0	-	L	P	196
g1_aole3VzShBjWS9pnpDh3l6U-dce6GDsqWcO-3QUBSIo	s1_RauLaTi4eVgYHSp2TV9pqs9uzTVv0B10g9TaHMWpcZ4	1unM-d	qadv-arbiter-7x7-rust-lambda-v0.1.0	-	qadv-arbiter-7x7-rust-lambda-v0.1.0	-	D	P	-
g1_aole3VzShBjWS9pnpDh3l6U-dce6GDsqWcO-3QUBSIo	s1_lBB7cU08O2x_ysIb6612lNxBbl2IN297AUPSJereXpc	1unM-d	qadv-arbiter-7x7-rust-lambda-v0.1.0	-	qadv-arbiter-7x7-rust-lambda-v0.1.0	-	D	P	196
g1_aole3VzShBjWS9pnpDh3l6U-dce6GDsqWcO-3QUBSIo	s1_uoSfJ-3XmqaMvbTcS7Nn4q6iU-hiL0MpDTuYrdBLhjg	1unM-d	qadv-arbiter-7x7-rust-lambda-v0.1.0	-	qadv-arbiter-7x7-rust-lambda-v0.1.0	-	D	P	196
g1_aole3VzShBjWS9pnpDh3l6U-dce6GDsqWcO-3QUBSIo	s1_vyAL9vJiSEBcRRsMq0xVEvBQIRzCwzQS6Gqv8v-eVyY	1unM-d	qadv-arbiter-7x7-rust-lambda-v0.1.0	-	qadv-arbiter-7x7-rust-lambda-v0.1.0	-	D	P	196
g1_aonUZVwngKZILBi9v1PLpBiDI7W49W5kae6Q6kmcI60	s1_IvFnqjO5jHnrPHOXRgLI0u4jypgml8aQi4ynUdNtozs	1unMQW	qadv-arbiter-7x7-rust-lambda-v0.1.0	-	qadv-arbiter-7x7-rust-lambda-v0.1.0	-	L	P	196
g1_aonUZVwngKZILBi9v1PLpBiDI7W49W5kae6Q6kmcI60	s1_OAo5rSMS1oRkE9_DtSiuDBLB_oyKCLL3WRrAGG1yLes	1unMQW	qadv-arbiter-7x7-rust-lambda-v0.1.0	-	qadv-arbiter-7x7-rust-lambda-v0.1.0	-	L	P	196
g1_aonUZVwngKZILBi9v1PLpBiDI7W49W5kae6Q6kmcI60	s1_RauLaTi4eVgYHSp2TV9pqs9uzTVv0B10g9TaHMWpcZ4	1unMQW	qadv-arbiter-7x7-rust-lambda-v0.1.0	-	qadv-arbiter-7x7-rust-lambda-v0.1.0	-	L	P	-
g1_aonUZVwngKZILBi9v1PLpBiDI7W49W5kae6Q6kmcI60	s1_o7pzTXSc0goSvnTeTOg9fMq9Mq90OfMdjRI1f4CPm_o	1unMQW	qadv-arbiter-7x7-rust-lambda-v0.1.0	-	qadv-arbiter-7x7-rust-lambda-v0.1.0	-	L	P	196
g1_aooIyVdSPQTRoAe4bXXibNm8YU-3-FbzMogEOsZxVv0	s1_KD7g5RcJ5ozZhwrIWEW-gZUq428WyuUnKPDpk-1jnjc	1unQ4r	qadv-arbiter-7x7-rust-lambda-v0.1.0	-	qadv-arbiter-7x7-rust-lambda-v0.1.0	-	L	P	196
g1_aooIyVdSPQTRoAe4bXXibNm8YU-3-FbzMogEOsZxVv0	s1_lwCOlG36jdHCzMEe0-zI0qVgL3tU-9bxfxrL_fUPsZY	1unQ4r	qadv-arbiter-7x7-rust-lambda-v0.1.0	-	qadv-arbiter-7x7-rust-lambda-v0.1.0	-	L	P	196
g1_aooIyVdSPQTRoAe4bXXibNm8YU-3-FbzMogEOsZxVv0	s1_uusiFIJzHvBIFI1wWC1ZzmM3ZaR-XLzAWyptzqVX6Hw	1unQ4r	qadv-arbiter-7x7-rust-lambda-v0.1.0	-	qadv-arbiter-7x7-rust-lambda-v0.1.0	-	L	P	196
g1_aosjqlM-MzCxtPp-UM8drPaAB0tnrtxf0lK3ZyPiQ_E	s1_4iEDVpqdZ5BIjOjNuScDw8pNNbx3xGYIgydiJvmji4s	1unNRX	qadv-arbiter-7x7-rust-lambda-v0.1.0	-	qadv-arbiter-7x7-rust-lambda-v0.1.0	-	D	P	196
g1_aosjqlM-MzCxtPp-UM8drPaAB0tnrtxf0lK3ZyPiQ_E	s1_82DbUDrgWrbpClLZNrvhsveIQ71_3yFflxTCWxM37_E	1unNRX	qadv-arbiter-7x7-rust-lambda-v0.1.0	-	qadv-arbiter-7x7-rust-lambda-v0.1.0	-	D	P	196
g1_aosjqlM-MzCxtPp-UM8drPaAB0tnrtxf0lK3ZyPiQ_E	s1_RauLaTi4eVgYHSp2TV9pqs9uzTVv0B10g9TaHMWpcZ4	1unNRX	qadv-arbiter-7x7-rust-lambda-v0.1.0	-	qadv-arbiter-7x7-rust-lambda-v0.1.0	-	D	P	-
g1_aosjqlM-MzCxtPp-UM8drPaAB0tnrtxf0lK3ZyPiQ_E	s1_gI6rZxL21tHIatLClLsi0feJ2tFhy4_ai9r3Zvlt93Q	1unNRX	qadv-arbiter-7x7-rust-lambda-v0.1.0	-	qadv-arbiter-7x7-rust-lambda-v0.1.0	-	D	P	196
g1_aozIsZ14Eyv5h_yO2XdmUhtPPm5sfFOInPJIvzwiG5k	s1_5XzN_iAq3AxMest1AL6r5GDOALtjRrCphHDR4hDONNs	1unPpE	qadv-arbiter-7x7-rust-lambda-v0.1.0	-	qadv-arbiter-7x7-rust-lambda-v0.1.0	-	D	P	196
g1_aozIsZ14Eyv5h_yO2XdmUhtPPm5sfFOInPJIvzwiG5k	s1_L23amtiCM2_uvBz-M4H1GVSZJe9ntNpdYTvqxyWDPhA	1unPpE	qadv-arbiter-7x7-rust-lambda-v0.1.0	-	qadv-arbiter-7x7-rust-lambda-v0.1.0	-	D	P	196
g1_aozIsZ14Eyv5h_yO2XdmUhtPPm5sfFOInPJIvzwiG5k	s1_RauLaTi4eVgYHSp2TV9pqs9uzTVv0B10g9TaHMWpcZ4	1unPpE	qadv-arbiter-7x7-rust-lambda-v0.1.0	-	qadv-arbiter-7x7-rust-lambda-v0.1.0	-	D	P	-
g1_aozIsZ14Eyv5h_yO2XdmUhtPPm5sfFOInPJIvzwiG5k	s1_a_hGpRORpg-bIkNCSTplfb8MboGCBQUtUk70hlntylY	1unPpE	qadv-arbiter-7x7-rust-lambda-v0.1.0	-	qadv-arbiter-7x7-rust-lambda-v0.1.0	-	D	P	196
g1_ap5fMoIqjgg1Yj7guEZuCTDyCHCDXYjKD8qyru3SXuQ	s1_6PYUQh8tYEvz2CEFXrSWRsYRdl-h4qEVv6pd_Bf26bQ	1unPJg	qadv-arbiter-7x7-rust-lambda-v0.1.0	-	qadv-arbiter-7x7-rust-lambda-v0.1.0	-	D	P	196
g1_ap5fMoIqjgg1Yj7guEZuCTDyCHCDXYjKD8qyru3SXuQ	s1_8Fg4jderGQ3iSUFZkSbPmAdy1BFF-xbhlc5ItE1UQvs	1unPJg	qadv-arbiter-7x7-rust-lambda-v0.1.0	-	qadv-arbiter-7x7-rust-lambda-v0.1.0	-	D	P	196
g1_ap5fMoIqjgg1Yj7guEZuCTDyCHCDXYjKD8qyru3SXuQ	s1_H-KIUDijcLwv9eAxlvxQp9fL33Iudoo5wZbsPsTrZXw	1unPJg	qadv-arbiter-7x7-rust-lambda-v0.1.0	-	qadv-arbiter-7x7-rust-lambda-v0.1.0	-	D	P	196
g1_ap5fMoIqjgg1Yj7guEZuCTDyCHCDXYjKD8qyru3SXuQ	s1_RauLaTi4eVgYHSp2TV9pqs9uzTVv0B10g9TaHMWpcZ4	1unPJg	qadv-arbiter-7x7-rust-lambda-v0.1.0	-	qadv-arbiter-7x7-rust-lambda-v0.1.0	-	D	P	-
g1_ap6zg5q2fWYfhHy_7bo6FssKPRBSvZHheOWh0XH3ch0	s1_0hesGi-r1l_jxfPHU068Ae54kAFD9UqY3hY6tFsg-TI	1unOfT	qadv-arbiter-7x7-rust-lambda-v0.1.0	-	qadv-arbiter-7x7-rust-lambda-v0.1.0	-	D	P	196
g1_ap6zg5q2fWYfhHy_7bo6FssKPRBSvZHheOWh0XH3ch0	s1_9KY8E0FeLgeZdao7nLdJn_AMjYdnOKWg7tmejYCa0gs	1unOfT	qadv-arbiter-7x7-rust-lambda-v0.1.0	-	qadv-arbiter-7x7-rust-lambda-v0.1.0	-	D	P	196
g1_ap6zg5q2fWYfhHy_7bo6FssKPRBSvZHheOWh0XH3ch0	s1_RauLaTi4eVgYHSp2TV9pqs9uzTVv0B10g9TaHMWpcZ4	1unOfT	qadv-arbiter-7x7-rust-lambda-v0.1.0	-	qadv-arbiter-7x7-rust-lambda-v0.1.0	-	D	P	-
g1_ap6zg5q2fWYfhHy_7bo6FssKPRBSvZHheOWh0XH3ch0	s1_uR6RUGGZe9rRjHiB3pZzGBrwg7awh8qmvvx9D4a6ib0	1unOfT	qadv-arbiter-7x7-rust-lambda-v0.1.0	-	qadv-arbiter-7x7-rust-lambda-v0.1.0	-	D	P	196
g1_apBlm5o5A2LLuSarpiQ0A459SP9ThRjsZf0iwLMyVUU	s1_YAH7Qx4BtziTvTRseEyMM2NFaWOuPBlX0AUTxREk7h8	1umwKL	rust-pathfinder-v0.3.0	-	rust-pathfinder-onnx-sorter-v0.1.0	-	D	P	120
g1_apHgopcS74XWFbSzhSw8hXDpKnMLTgPd-rSLX0mPWw8	s1_2FtaP75xgRVTNrUvmC0NIesJCNy8IDFJ05WNM4nUnpg	1unQyS	qadv-arbiter-7x7-v0.1.0	-	surveyor-v0.2.0	-	D	P	196
g1_apHgopcS74XWFbSzhSw8hXDpKnMLTgPd-rSLX0mPWw8	s1_2Ldo8KfOLPxR5VVDevXmwwunVdltq4n1LwcZKwqrR8A	1unQyS	qadv-arbiter-7x7-v0.1.0	-	surveyor-v0.2.0	-	D	P	196
g1_apHgopcS74XWFbSzhSw8hXDpKnMLTgPd-rSLX0mPWw8	s1_RauLaTi4eVgYHSp2TV9pqs9uzTVv0B10g9TaHMWpcZ4	1unQyS	qadv-arbiter-7x7-v0.1.0	-	surveyor-v0.2.0	-	D	P	-
g1_apHgopcS74XWFbSzhSw8hXDpKnMLTgPd-rSLX0mPWw8	s1_SdsHbcM4bFor8HsWUvUTqSq8x-5-G6WEPX0-N0VCf6w	1unQyS	qadv-arbiter-7x7-v0.1.0	-	surveyor-v0.2.0	-	D	P	196
g1_apHgopcS74XWFbSzhSw8hXDpKnMLTgPd-rSLX0mPWw8	s1_r_oSVC-VBwN2j3LoCv7WO-27f_0V5yc0zF9z3U6EXqY	1unQyS	qadv-arbiter-7x7-v0.1.0	-	surveyor-v0.2.0	-	D	P	196
g1_apSLjZIgQaDv-1K8xpUXmpad7aoEvIWEGvWeID-9BlM	s1_By6KbzMz58cXeARc5uJfScAnVzkYWShuyvNDQ3EqSRk	1unOzv	qadv-arbiter-7x7-rust-lambda-v0.1.0	-	qadv-arbiter-7x7-rust-lambda-v0.1.0	-	L	P	196
g1_apSLjZIgQaDv-1K8xpUXmpad7aoEvIWEGvWeID-9BlM	s1_PfQSXMzrDUuisbSDUeVOQCShz7mrpaGVEvXKBf9uwpA	1unOzv	qadv-arbiter-7x7-rust-lambda-v0.1.0	-	qadv-arbiter-7x7-rust-lambda-v0.1.0	-	L	P	196
g1_apSLjZIgQaDv-1K8xpUXmpad7aoEvIWEGvWeID-9BlM	s1_RauLaTi4eVgYHSp2TV9pqs9uzTVv0B10g9TaHMWpcZ4	1unOzv	qadv-arbiter-7x7-rust-lambda-v0.1.0	-	qadv-arbiter-7x7-rust-lambda-v0.1.0	-	L	P	-
g1_apSLjZIgQaDv-1K8xpUXmpad7aoEvIWEGvWeID-9BlM	s1_sr_MShkprILezE2re2CX0aYgWJGdI0WjvfxMoay_h90	1unOzv	qadv-arbiter-7x7-rust-lambda-v0.1.0	-	qadv-arbiter-7x7-rust-lambda-v0.1.0	-	L	P	196
g1_apUh6F4akFwenO7AP1qPSWNzdgl44aV85DhOCQ87ae8	s1_NgXFCQYrSfPDKwYxKOqu0SBGDZjX1qnITGneW4YYBGE	1unN06	qadv-arbiter-7x7-rust-qadv-v0.1.0	-	qadv-arbiter-7x7-rust-qadv-v0.1.0	-	L	P	196
g1_apUh6F4akFwenO7AP1qPSWNzdgl44aV85DhOCQ87ae8	s1_RauLaTi4eVgYHSp2TV9pqs9uzTVv0B10g9TaHMWpcZ4	1unN06	qadv-arbiter-7x7-rust-qadv-v0.1.0	-	qadv-arbiter-7x7-rust-qadv-v0.1.0	-	L	P	-
g1_apUh6F4akFwenO7AP1qPSWNzdgl44aV85DhOCQ87ae8	s1_j0AgZk9GVyuXx0cdim5LlzFI-KNJB775wgf9Y8NfsRI	1unN06	qadv-arbiter-7x7-rust-qadv-v0.1.0	-	qadv-arbiter-7x7-rust-qadv-v0.1.0	-	L	P	196
g1_apVnOdRc9nrqsx-FfyWzDKq7g3QBZmkLzNucq49WBR8	s1_1av6nXQkq-GSHXfjkVlGHGpAq8F9UbW4JwZmyFA-vww	1DIjh	lunatic-v0.1.0	-	rust-pathfinder-v0.1.0	-	D	P	-
g1_apVnOdRc9nrqsx-FfyWzDKq7g3QBZmkLzNucq49WBR8	s1_9Eroywf7tuDrn-hcfZPjlEa1DSRUykCRn9Z11u8ySIo	1DIjh	lunatic-v0.1.0	-	rust-pathfinder-v0.1.0	-	D	P	-
g1_apVnOdRc9nrqsx-FfyWzDKq7g3QBZmkLzNucq49WBR8	s1_Brk0hkuJoH-MBjdd53AO5tlWcOgDWV_R0PO74fHGd_0	1DIjh	lunatic-v0.1.0	-	rust-pathfinder-v0.1.0	-	D	P	-
g1_apVnOdRc9nrqsx-FfyWzDKq7g3QBZmkLzNucq49WBR8	s1_KmF8KhDbubz6lwdS8R_n_yTGdSONmH9B1wUABbyCj94	1DIjh	lunatic-v0.1.0	-	rust-pathfinder-v0.1.0	-	D	P	-
g1_apVnOdRc9nrqsx-FfyWzDKq7g3QBZmkLzNucq49WBR8	s1_MKrI0a3Qd48rU7oZj28GrlQ3cHhIbUzS5ibiIW9aKy4	1DIjh	lunatic-v0.1.0	-	rust-pathfinder-v0.1.0	-	D	P	-
g1_apVnOdRc9nrqsx-FfyWzDKq7g3QBZmkLzNucq49WBR8	s1_XloMUS0hxYEXf762lcPfaudsLmsH-CsOVZNVVU_obcA	1DIjh	lunatic-v0.1.0	-	rust-pathfinder-v0.1.0	-	D	P	-
g1_apVnOdRc9nrqsx-FfyWzDKq7g3QBZmkLzNucq49WBR8	s1_g5pGkHBMEhzAYvwFY0b24sSc7wC9JfnWApMHHZ_aMPI	1DIjh	lunatic-v0.1.0	-	rust-pathfinder-v0.1.0	-	D	P	-
g1_apWxFKA_0HZTA1gM5SES0aAaeFuXwAkSkKdRqyl7ttE	s1_wXSA2qyeWNG6j7AKysaiWhzl1LZuDwo4rBU3Y3zmcp0	1umwoX	python-cnn-puct-reval30k-v0.1.0	sha256:eb2600a53e225a835455efdb2759c40e27c5cb3c16ab0688bc21b99290ed10ee	python-cnn-puct-reval30k-v0.1.0	sha256:eb2600a53e225a835455efdb2759c40e27c5cb3c16ab0688bc21b99290ed10ee	L	P	196
g1_apeD_OIIckEmlZjp84-WAnp1ky0Dt_BsOblSNmOYeLY	s1_0LmxetkSdgjt791hPGfEgsqo3YApx1PFk0CsbKUQ-tU	1unOv4	qadv-arbiter-7x7-rust-lambda-v0.1.0	-	qadv-arbiter-7x7-rust-lambda-v0.1.0	-	D	P	196
g1_apeD_OIIckEmlZjp84-WAnp1ky0Dt_BsOblSNmOYeLY	s1_Lzrqb8Z6c8Q6yMOHbjIZqeTVQn10l--v0pIZu-VCC9s	1unOv4	qadv-arbiter-7x7-rust-lambda-v0.1.0	-	qadv-arbiter-7x7-rust-lambda-v0.1.0	-	D	P	196
g1_apeD_OIIckEmlZjp84-WAnp1ky0Dt_BsOblSNmOYeLY	s1_RauLaTi4eVgYHSp2TV9pqs9uzTVv0B10g9TaHMWpcZ4	1unOv4	qadv-arbiter-7x7-rust-lambda-v0.1.0	-	qadv-arbiter-7x7-rust-lambda-v0.1.0	-	D	P	-
g1_apeD_OIIckEmlZjp84-WAnp1ky0Dt_BsOblSNmOYeLY	s1_u5zwnXOnF1PLpu6cj7G-E3LD3BnwpoGP171VD3TVN0s	1unOv4	qadv-arbiter-7x7-rust-lambda-v0.1.0	-	qadv-arbiter-7x7-rust-lambda-v0.1.0	-	D	P	196
g1_apgngq1hLgOpnX3TtPM6oviTcD4u6ILYVypSpxP7Pos	s1_-OKlJXuPFfAnukwGYITjiU7XKL4OC_qt76PC0TZSPjg	1umvdl	python-cnn-puct-v0.1.0	sha256:7845e9b7687beee165dc36b8d21833b7a8b5a83e31b58b49bd05c277ba26e642	python-cnn-puct-v0.1.0	sha256:7845e9b7687beee165dc36b8d21833b7a8b5a83e31b58b49bd05c277ba26e642	D	P	196
g1_apgngq1hLgOpnX3TtPM6oviTcD4u6ILYVypSpxP7Pos	s1_1av6nXQkq-GSHXfjkVlGHGpAq8F9UbW4JwZmyFA-vww	1umvdl	python-cnn-puct-v0.1.0	sha256:7845e9b7687beee165dc36b8d21833b7a8b5a83e31b58b49bd05c277ba26e642	python-cnn-puct-v0.1.0	sha256:7845e9b7687beee165dc36b8d21833b7a8b5a83e31b58b49bd05c277ba26e642	D	P	196
g1_apgngq1hLgOpnX3TtPM6oviTcD4u6ILYVypSpxP7Pos	s1_mWPTef6xYbijjPhDIC6QgLRmu2mMSJAokNlIkx3vg54	1umvdl	python-cnn-puct-v0.1.0	sha256:7845e9b7687beee165dc36b8d21833b7a8b5a83e31b58b49bd05c277ba26e642	python-cnn-puct-v0.1.0	sha256:7845e9b7687beee165dc36b8d21833b7a8b5a83e31b58b49bd05c277ba26e642	D	P	196
g1_apilw5oCeikmDHRqECfrWZRvhHoPowFyYPASXBGtjKA	s1_-OKlJXuPFfAnukwGYITjiU7XKL4OC_qt76PC0TZSPjg	1umvgk	python-cnn-puct-v0.1.0	sha256:7845e9b7687beee165dc36b8d21833b7a8b5a83e31b58b49bd05c277ba26e642	python-cnn-puct-v0.1.0	sha256:7845e9b7687beee165dc36b8d21833b7a8b5a83e31b58b49bd05c277ba26e642	L	P	196
g1_apilw5oCeikmDHRqECfrWZRvhHoPowFyYPASXBGtjKA	s1_1av6nXQkq-GSHXfjkVlGHGpAq8F9UbW4JwZmyFA-vww	1umvgk	python-cnn-puct-v0.1.0	sha256:7845e9b7687beee165dc36b8d21833b7a8b5a83e31b58b49bd05c277ba26e642	python-cnn-puct-v0.1.0	sha256:7845e9b7687beee165dc36b8d21833b7a8b5a83e31b58b49bd05c277ba26e642	L	P	196
g1_apilw5oCeikmDHRqECfrWZRvhHoPowFyYPASXBGtjKA	s1_Brk0hkuJoH-MBjdd53AO5tlWcOgDWV_R0PO74fHGd_0	1umvgk	python-cnn-puct-v0.1.0	sha256:7845e9b7687beee165dc36b8d21833b7a8b5a83e31b58b49bd05c277ba26e642	python-cnn-puct-v0.1.0	sha256:7845e9b7687beee165dc36b8d21833b7a8b5a83e31b58b49bd05c277ba26e642	L	P	196
g1_apt9eWJEO6XmZ9xs9TwPyB6CsuARilsyCHGgWufBOlk	s1_HZsL4HOafm_THJQna1CslJf0NEPx0k9iI25XxJC8Zj8	1unO6p	qadv-arbiter-7x7-rust-lambda-v0.1.0	-	qadv-arbiter-7x7-rust-lambda-v0.1.0	-	D	P	196
g1_apt9eWJEO6XmZ9xs9TwPyB6CsuARilsyCHGgWufBOlk	s1_RauLaTi4eVgYHSp2TV9pqs9uzTVv0B10g9TaHMWpcZ4	1unO6p	qadv-arbiter-7x7-rust-lambda-v0.1.0	-	qadv-arbiter-7x7-rust-lambda-v0.1.0	-	D	P	-
g1_apt9eWJEO6XmZ9xs9TwPyB6CsuARilsyCHGgWufBOlk	s1_hE3Ms7OQoMpZ9BE5iSLl9MwJm2tDB62sSWMWiV-X8sk	1unO6p	qadv-arbiter-7x7-rust-lambda-v0.1.0	-	qadv-arbiter-7x7-rust-lambda-v0.1.0	-	D	P	196
g1_apt9eWJEO6XmZ9xs9TwPyB6CsuARilsyCHGgWufBOlk	s1_qD3c0IU04JL9Ljjdhym8ifphJz7qsSPh-_YQaMVv45g	1unO6p	qadv-arbiter-7x7-rust-lambda-v0.1.0	-	qadv-arbiter-7x7-rust-lambda-v0.1.0	-	D	P	196
g1_apufUy6fLgppSssg0i3E8gICIvVG90c1Q4a8elLWhxY	s1_AVmXa_Q39P7ejkqwOGSlp3nK8DYwwSorZe4hVyt5Ccs	1unPFK	qadv-arbiter-7x7-rust-lambda-v0.1.0	-	qadv-arbiter-7x7-rust-lambda-v0.1.0	-	D	P	196
g1_apufUy6fLgppSssg0i3E8gICIvVG90c1Q4a8elLWhxY	s1_HHzLKxVbpaKUnI5XIx_ndxwZciL5YVB3zO_u3hitokU	1unPFK	qadv-arbiter-7x7-rust-lambda-v0.1.0	-	qadv-arbiter-7x7-rust-lambda-v0.1.0	-	D	P	196
g1_apufUy6fLgppSssg0i3E8gICIvVG90c1Q4a8elLWhxY	s1_RauLaTi4eVgYHSp2TV9pqs9uzTVv0B10g9TaHMWpcZ4	1unPFK	qadv-arbiter-7x7-rust-lambda-v0.1.0	-	qadv-arbiter-7x7-rust-lambda-v0.1.0	-	D	P	-
g1_apufUy6fLgppSssg0i3E8gICIvVG90c1Q4a8elLWhxY	s1_aciOlip7sOswCws5RPBsdsUqxowN-aMdI4MYWDVPbng	1unPFK	qadv-arbiter-7x7-rust-lambda-v0.1.0	-	qadv-arbiter-7x7-rust-lambda-v0.1.0	-	D	P	196
g1_aq63NmWpDNIC3ZOPVEAb3wOCg3-G1LWRlwFXZMbOZ7g	s1_EQQpJDzFCZgu2iDeKmNBlXpWCCVQJxa2Frbe5ugHoRw	1unPS5	qadv-arbiter-7x7-rust-lambda-v0.1.0	-	qadv-arbiter-7x7-rust-lambda-v0.1.0	-	L	P	196
g1_aq63NmWpDNIC3ZOPVEAb3wOCg3-G1LWRlwFXZMbOZ7g	s1_EXli7KVcwLhtpamCOGrlKfrjsNuI398lYN4O2nr5HJc	1unPS5	qadv-arbiter-7x7-rust-lambda-v0.1.0	-	qadv-arbiter-7x7-rust-lambda-v0.1.0	-	L	P	196
g1_aq63NmWpDNIC3ZOPVEAb3wOCg3-G1LWRlwFXZMbOZ7g	s1_Jqb1aOiCp2U1dQWI0MQV0ZiCPYqZ3N-jXQJ8zDkBI3s	1unPS5	qadv-arbiter-7x7-rust-lambda-v0.1.0	-	qadv-arbiter-7x7-rust-lambda-v0.1.0	-	L	P	196
g1_aq63NmWpDNIC3ZOPVEAb3wOCg3-G1LWRlwFXZMbOZ7g	s1_RauLaTi4eVgYHSp2TV9pqs9uzTVv0B10g9TaHMWpcZ4	1unPS5	qadv-arbiter-7x7-rust-lambda-v0.1.0	-	qadv-arbiter-7x7-rust-lambda-v0.1.0	-	L	P	-
g1_aq8XU_cyv0nXI8egMqX8dljDRq3EJ46eDXEhlijkd5c	s1_MrETPgxqkccO9R9X1JfVZNqi5T_o5w75gI2dem6Tas0	1unNw8	qadv-arbiter-7x7-rust-lambda-v0.1.0	-	qadv-arbiter-7x7-rust-lambda-v0.1.0	-	L	P	196
g1_aq8XU_cyv0nXI8egMqX8dljDRq3EJ46eDXEhlijkd5c	s1_RauLaTi4eVgYHSp2TV9pqs9uzTVv0B10g9TaHMWpcZ4	1unNw8	qadv-arbiter-7x7-rust-lambda-v0.1.0	-	qadv-arbiter-7x7-rust-lambda-v0.1.0	-	L	P	-
g1_aq8XU_cyv0nXI8egMqX8dljDRq3EJ46eDXEhlijkd5c	s1_XGc_wzCJQwSvCT96J0eRfNhUaGQW9IkAjLh431PMk1w	1unNw8	qadv-arbiter-7x7-rust-lambda-v0.1.0	-	qadv-arbiter-7x7-rust-lambda-v0.1.0	-	L	P	196
g1_aq8XU_cyv0nXI8egMqX8dljDRq3EJ46eDXEhlijkd5c	s1_vo8v1Ye-6necigXDuf1L2pZQwOa9ntBgBNOOqyrR7aQ	1unNw8	qadv-arbiter-7x7-rust-lambda-v0.1.0	-	qadv-arbiter-7x7-rust-lambda-v0.1.0	-	L	P	196
g1_aqARlybZ1xyh4_1X8cCo4N1LmEEwNJzEQPXXjkPhO-0	s1_DIcRaGFuOAMnzJECZfP8ADUHfPieaas-1mAkFxP1RQ0	1unOb2	qadv-arbiter-7x7-rust-lambda-v0.1.0	-	qadv-arbiter-7x7-rust-lambda-v0.1.0	-	L	P	196
g1_aqARlybZ1xyh4_1X8cCo4N1LmEEwNJzEQPXXjkPhO-0	s1_IMEhTzmT5SzLOZl8LoeWgpZVzf8R9RrbXrzrlKBxiLE	1unOb2	qadv-arbiter-7x7-rust-lambda-v0.1.0	-	qadv-arbiter-7x7-rust-lambda-v0.1.0	-	L	P	196
g1_aqARlybZ1xyh4_1X8cCo4N1LmEEwNJzEQPXXjkPhO-0	s1_RauLaTi4eVgYHSp2TV9pqs9uzTVv0B10g9TaHMWpcZ4	1unOb2	qadv-arbiter-7x7-rust-lambda-v0.1.0	-	qadv-arbiter-7x7-rust-lambda-v0.1.0	-	L	P	-
g1_aqARlybZ1xyh4_1X8cCo4N1LmEEwNJzEQPXXjkPhO-0	s1_qEuCJz_IJu-W-LOhdLE5D6XRpm_MSsWiWeERFIxE0FE	1unOb2	qadv-arbiter-7x7-rust-lambda-v0.1.0	-	qadv-arbiter-7x7-rust-lambda-v0.1.0	-	L	P	196
g1_aqH9VJ1gGzX6BMCmVIp2PpumuolZhh8kpSeDyDyaxy0	s1_NS5W0CSKQ5PikOkMzrhF0HKEpJhocj3CmW38XV_kRNM	1unPcg	qadv-arbiter-7x7-rust-lambda-v0.1.0	-	qadv-arbiter-7x7-rust-lambda-v0.1.0	-	L	P	196
g1_aqH9VJ1gGzX6BMCmVIp2PpumuolZhh8kpSeDyDyaxy0	s1_RauLaTi4eVgYHSp2TV9pqs9uzTVv0B10g9TaHMWpcZ4	1unPcg	qadv-arbiter-7x7-rust-lambda-v0.1.0	-	qadv-arbiter-7x7-rust-lambda-v0.1.0	-	L	P	-
g1_aqH9VJ1gGzX6BMCmVIp2PpumuolZhh8kpSeDyDyaxy0	s1_kVpFyvOYrEp4a-gdcQ-PDpsD3-7TIEPATryPdgeF2gc	1unPcg	qadv-arbiter-7x7-rust-lambda-v0.1.0	-	qadv-arbiter-7x7-rust-lambda-v0.1.0	-	L	P	196
g1_aqH9VJ1gGzX6BMCmVIp2PpumuolZhh8kpSeDyDyaxy0	s1_nl4VnewLFPGKtk4wOvj_Aqz-feRzhbeOf-Nr-EIw49I	1unPcg	qadv-arbiter-7x7-rust-lambda-v0.1.0	-	qadv-arbiter-7x7-rust-lambda-v0.1.0	-	L	P	196
g1_aqIDlKLW5ZwEx6iwH99K0Rcrg5-8Ct0vtJp5NzpSkRY	s1_-OKlJXuPFfAnukwGYITjiU7XKL4OC_qt76PC0TZSPjg	1umviJ	python-cnn-puct-v0.1.0	sha256:7845e9b7687beee165dc36b8d21833b7a8b5a83e31b58b49bd05c277ba26e642	python-cnn-puct-v0.1.0	sha256:7845e9b7687beee165dc36b8d21833b7a8b5a83e31b58b49bd05c277ba26e642	-	M	196
g1_aqIDlKLW5ZwEx6iwH99K0Rcrg5-8Ct0vtJp5NzpSkRY	s1_1av6nXQkq-GSHXfjkVlGHGpAq8F9UbW4JwZmyFA-vww	1umviJ	python-cnn-puct-v0.1.0	sha256:7845e9b7687beee165dc36b8d21833b7a8b5a83e31b58b49bd05c277ba26e642	python-cnn-puct-v0.1.0	sha256:7845e9b7687beee165dc36b8d21833b7a8b5a83e31b58b49bd05c277ba26e642	-	M	196
g1_aqIDlKLW5ZwEx6iwH99K0Rcrg5-8Ct0vtJp5NzpSkRY	s1_Brk0hkuJoH-MBjdd53AO5tlWcOgDWV_R0PO74fHGd_0	1umviJ	python-cnn-puct-v0.1.0	sha256:7845e9b7687beee165dc36b8d21833b7a8b5a83e31b58b49bd05c277ba26e642	python-cnn-puct-v0.1.0	sha256:7845e9b7687beee165dc36b8d21833b7a8b5a83e31b58b49bd05c277ba26e642	-	M	196
g1_aqKNZgQpXhShAGWXDcwxhOdhKaS4wlpago5y3SjyHpg	s1_25clPvEbhX1flw9ivp8lvaBmXuFBYXiNsZzxDJNjPUM	1unOPx	qadv-arbiter-7x7-rust-lambda-v0.1.0	-	qadv-arbiter-7x7-rust-lambda-v0.1.0	-	D	P	196
g1_aqKNZgQpXhShAGWXDcwxhOdhKaS4wlpago5y3SjyHpg	s1_EoGoPa2XTxJnCih558TD8XpWZcBRsvMK0XaG-NTeX7g	1unOPx	qadv-arbiter-7x7-rust-lambda-v0.1.0	-	qadv-arbiter-7x7-rust-lambda-v0.1.0	-	D	P	196
g1_aqKNZgQpXhShAGWXDcwxhOdhKaS4wlpago5y3SjyHpg	s1_RauLaTi4eVgYHSp2TV9pqs9uzTVv0B10g9TaHMWpcZ4	1unOPx	qadv-arbiter-7x7-rust-lambda-v0.1.0	-	qadv-arbiter-7x7-rust-lambda-v0.1.0	-	D	P	-
g1_aqKNZgQpXhShAGWXDcwxhOdhKaS4wlpago5y3SjyHpg	s1_TmVHeSzqEJWiO61znEY2Qy7XXy0_Dz44Mdm_qwdTn2E	1unOPx	qadv-arbiter-7x7-rust-lambda-v0.1.0	-	qadv-arbiter-7x7-rust-lambda-v0.1.0	-	D	P	196
g1_aqPDJKHWztiakOtwIT_YY6YKbDATfJyPF397Oge9b8Q	s1_Ng4Aiwn8Eh-Upu3B5kIR3ufYW4MxE90ZXdiaypxV1kA	1umvw0	rust-pathfinder-v0.1.0	-	rust-pathfinder-v0.3.0	-	L	P	120
g1_aqPDJKHWztiakOtwIT_YY6YKbDATfJyPF397Oge9b8Q	s1_kvHb2yQdjl_l2cKIR4XrhfGNS4QAu6KFsfDYxLOHNEk	1umvw0	rust-pathfinder-v0.1.0	-	rust-pathfinder-v0.3.0	-	L	P	120
g1_aqasPnZXDTTwQ0x3UpvLu-LxvyAdKZgxY1FYy5ExbeA	s1_OLqRGJB23wBhdu4ojw1TPAjhBNPvFILsrfthw5lzR_M	1unPzf	qadv-arbiter-7x7-rust-lambda-v0.1.0	-	qadv-arbiter-7x7-rust-lambda-v0.1.0	-	L	P	196
g1_aqasPnZXDTTwQ0x3UpvLu-LxvyAdKZgxY1FYy5ExbeA	s1_RauLaTi4eVgYHSp2TV9pqs9uzTVv0B10g9TaHMWpcZ4	1unPzf	qadv-arbiter-7x7-rust-lambda-v0.1.0	-	qadv-arbiter-7x7-rust-lambda-v0.1.0	-	L	P	-
g1_aqasPnZXDTTwQ0x3UpvLu-LxvyAdKZgxY1FYy5ExbeA	s1_RwKq2FHAwdDRmpOcmCkdt5VuYIfLNEi2ShOnHvkZnwk	1unPzf	qadv-arbiter-7x7-rust-lambda-v0.1.0	-	qadv-arbiter-7x7-rust-lambda-v0.1.0	-	L	P	196
g1_aqasPnZXDTTwQ0x3UpvLu-LxvyAdKZgxY1FYy5ExbeA	s1_clvaemCMKIfsC9dfK12ObiOgXyXdw2n2BQVkIEXtyes	1unPzf	qadv-arbiter-7x7-rust-lambda-v0.1.0	-	qadv-arbiter-7x7-rust-lambda-v0.1.0	-	L	P	196
g1_aqems3bBtk7YeT66wwgQ6MrQFQHUpNypP_19ojcnoaM	s1_flXyOBW6T9LLVDFIvXBGel1MoVNZcUcMFIJnB9yLapU	1umx70	python-gnn-puct-reval30k-v0.1.0	sha256:6120be86fc469df71473c3de64e5e32f99694cd47d621fa5948f243dc51d3d21	python-gnn-puct-reval30k-v0.1.0	sha256:6120be86fc469df71473c3de64e5e32f99694cd47d621fa5948f243dc51d3d21	L	P	196
g1_aqk8LVWPIL7UF6fPNC-94F0uUDengKtxSPlw4dY615g	s1_RauLaTi4eVgYHSp2TV9pqs9uzTVv0B10g9TaHMWpcZ4	1unPxj	qadv-arbiter-7x7-rust-lambda-v0.1.0	-	qadv-arbiter-7x7-rust-lambda-v0.1.0	-	D	P	-
g1_aqk8LVWPIL7UF6fPNC-94F0uUDengKtxSPlw4dY615g	s1_ZMrZbD2HvXbw8Tb__aswQ3ukTdzO5yiCWSXT881K4rc	1unPxj	qadv-arbiter-7x7-rust-lambda-v0.1.0	-	qadv-arbiter-7x7-rust-lambda-v0.1.0	-	D	P	196
g1_aqk8LVWPIL7UF6fPNC-94F0uUDengKtxSPlw4dY615g	s1_gJigM_T5DxgtPwFaMiYFOZvj2NtFtBaBK3-gtrSRh1s	1unPxj	qadv-arbiter-7x7-rust-lambda-v0.1.0	-	qadv-arbiter-7x7-rust-lambda-v0.1.0	-	D	P	196
g1_aqk8LVWPIL7UF6fPNC-94F0uUDengKtxSPlw4dY615g	s1_tfNxcpjn6goIg6qYP0OiS14XJugMchiueHEKuDq_Bk8	1unPxj	qadv-arbiter-7x7-rust-lambda-v0.1.0	-	qadv-arbiter-7x7-rust-lambda-v0.1.0	-	D	P	196
g1_aqr0wsTq2jRcVnGicx2aHuoBqpFe4QHOJPUUtbr8CaQ	s1_1av6nXQkq-GSHXfjkVlGHGpAq8F9UbW4JwZmyFA-vww	1umvUl	python-gnn-puct-learner-v0.1.0	sha256:ab0f739cd33d66781faf60e27797c5ccba3c04ba684f8d9e32e9c2754f4e8956	python-gnn-puct-learner-v0.1.0	sha256:ab0f739cd33d66781faf60e27797c5ccba3c04ba684f8d9e32e9c2754f4e8956	-	M	196
g1_aqr0wsTq2jRcVnGicx2aHuoBqpFe4QHOJPUUtbr8CaQ	s1_Brk0hkuJoH-MBjdd53AO5tlWcOgDWV_R0PO74fHGd_0	1umvUl	python-gnn-puct-learner-v0.1.0	sha256:ab0f739cd33d66781faf60e27797c5ccba3c04ba684f8d9e32e9c2754f4e8956	python-gnn-puct-learner-v0.1.0	sha256:ab0f739cd33d66781faf60e27797c5ccba3c04ba684f8d9e32e9c2754f4e8956	-	M	196
g1_aqr0wsTq2jRcVnGicx2aHuoBqpFe4QHOJPUUtbr8CaQ	s1_QBFUsDtxokERlDOdQkleYbPvhJ-vIp2qmp6DXjS-7oM	1umvUl	python-gnn-puct-learner-v0.1.0	sha256:ab0f739cd33d66781faf60e27797c5ccba3c04ba684f8d9e32e9c2754f4e8956	python-gnn-puct-learner-v0.1.0	sha256:ab0f739cd33d66781faf60e27797c5ccba3c04ba684f8d9e32e9c2754f4e8956	-	M	196
g1_ar2srPTSNpFKs3st8X4e9Ncs8utFTlo-1t55ZqvMf7M	s1_7FIu85-v_e-kbNsQ2UNk3yRt-KGcLyUjpmVwIc9cnfM	1umwOn	python-gnn-puct-scout-v0.1.0	sha256:b9f80706cc1f29076ee06fe06483697c749148a808c599579045d00a52573938	python-gnn-puct-scout-v0.1.0	sha256:b9f80706cc1f29076ee06fe06483697c749148a808c599579045d00a52573938	D	P	196
g1_ar2srPTSNpFKs3st8X4e9Ncs8utFTlo-1t55ZqvMf7M	s1_S8AGNBNcWBvWiwIo-AOAHPoHuZo2XvcsYvhgQxGTkrY	1umwOn	python-gnn-puct-scout-v0.1.0	sha256:b9f80706cc1f29076ee06fe06483697c749148a808c599579045d00a52573938	python-gnn-puct-scout-v0.1.0	sha256:b9f80706cc1f29076ee06fe06483697c749148a808c599579045d00a52573938	D	P	196
g1_ar6TKF20-bFAaztL0glaZTnccO9pXVKN0kThvlrSMPg	s1_OSaPNFB-Pc9Ytp2uiFv8-ctXPw4pUITSg7sTod3jHkA	1unOkQ	qadv-arbiter-7x7-rust-lambda-v0.1.0	-	qadv-arbiter-7x7-rust-lambda-v0.1.0	-	D	P	196
g1_ar6TKF20-bFAaztL0glaZTnccO9pXVKN0kThvlrSMPg	s1_RauLaTi4eVgYHSp2TV9pqs9uzTVv0B10g9TaHMWpcZ4	1unOkQ	qadv-arbiter-7x7-rust-lambda-v0.1.0	-	qadv-arbiter-7x7-rust-lambda-v0.1.0	-	D	P	-
g1_ar6TKF20-bFAaztL0glaZTnccO9pXVKN0kThvlrSMPg	s1_huXAQzFWnWxPkP9laQneHoOxhPVMYm7FC6ye4UNiOFc	1unOkQ	qadv-arbiter-7x7-rust-lambda-v0.1.0	-	qadv-arbiter-7x7-rust-lambda-v0.1.0	-	D	P	196
g1_ar6TKF20-bFAaztL0glaZTnccO9pXVKN0kThvlrSMPg	s1_kllhaa9tFcd29dPVjb767DPsYJna9jpEnfGeQgJ_EEU	1unOkQ	qadv-arbiter-7x7-rust-lambda-v0.1.0	-	qadv-arbiter-7x7-rust-lambda-v0.1.0	-	D	P	196
g1_arKM6plRfON3_D1EOmATwlV1xGYg6Zc8-eECWIUD9k0	s1_AB1ZNQTZV6wd_kPWPjfm9tV4q_ChNrhKwWoKaSLoscA	1unNF3	qadv-arbiter-7x7-rust-lambda-v0.1.0	-	qadv-arbiter-7x7-rust-lambda-v0.1.0	-	L	P	196
g1_arKM6plRfON3_D1EOmATwlV1xGYg6Zc8-eECWIUD9k0	s1_Mw2kWLfdsheKCc4JgipMoTrAM5JDxvbtwWQMc0KtZZs	1unNF3	qadv-arbiter-7x7-rust-lambda-v0.1.0	-	qadv-arbiter-7x7-rust-lambda-v0.1.0	-	L	P	196
g1_arKM6plRfON3_D1EOmATwlV1xGYg6Zc8-eECWIUD9k0	s1_RauLaTi4eVgYHSp2TV9pqs9uzTVv0B10g9TaHMWpcZ4	1unNF3	qadv-arbiter-7x7-rust-lambda-v0.1.0	-	qadv-arbiter-7x7-rust-lambda-v0.1.0	-	L	P	-
g1_arKM6plRfON3_D1EOmATwlV1xGYg6Zc8-eECWIUD9k0	s1_pN7DyqbBZCfGicSSxwSKdl5X5ABcqNJOd5P2AlwZxrw	1unNF3	qadv-arbiter-7x7-rust-lambda-v0.1.0	-	qadv-arbiter-7x7-rust-lambda-v0.1.0	-	L	P	196
g1_arMTbN-Ar2GC2ZJcisayr7qDRRXlCAbiO1CYgTFZra0	s1_MPZVpakJWpQIz9GNoj9lb8p43W3D05ZP6oy0TI22H9A	1ungmL	seeded-policy-value-25pct	sha256:4854e505e109e1c8fced27765aca6152cb088f3a77be278e64271380df4a6983	seeded-qadv-0pct	sha256:bd410158bd08408ebf1b3c94da9f79c936207eb8b23402d965088de558596936	-	M	196
g1_arMTbN-Ar2GC2ZJcisayr7qDRRXlCAbiO1CYgTFZra0	s1_MPZVpakJWpQIz9GNoj9lb8p43W3D05ZP6oy0TI22H9A	1ungmN	seeded-policy-value-25pct	sha256:4854e505e109e1c8fced27765aca6152cb088f3a77be278e64271380df4a6983	seeded-qadv-0pct	sha256:bd410158bd08408ebf1b3c94da9f79c936207eb8b23402d965088de558596936	-	M	196
g1_arPNxzr2jsNubaLhcaocWn-E7HeVk3KsXUQY5y4Q9Dw	s1_BM7jB3gsEjU2Cx47JIGrIEjOg3exA2TlnPIeOQX5vCM	1DNhb	python-gnn-puct-v0.1.0	-	python-gnn-puct-v0.1.0	-	D	P	-
g1_arS9dbF9abq1gpILiocw-fQPZJbfF-cxG3fyxXtBqxs	s1_6Q7ad2DUc3mc1Vj7ipur2Lt0a4TjGC2XIrxavwYbaVQ	1unMzi	qadv-arbiter-7x7-rust-lambda-v0.1.0	-	qadv-arbiter-7x7-rust-lambda-v0.1.0	-	D	P	196
g1_arS9dbF9abq1gpILiocw-fQPZJbfF-cxG3fyxXtBqxs	s1_Luv8a3t_dbzd4zpsSSmqbzTwwNyWffcEN2NuD0dv2IQ	1unMzi	qadv-arbiter-7x7-rust-lambda-v0.1.0	-	qadv-arbiter-7x7-rust-lambda-v0.1.0	-	D	P	196
g1_arS9dbF9abq1gpILiocw-fQPZJbfF-cxG3fyxXtBqxs	s1_RauLaTi4eVgYHSp2TV9pqs9uzTVv0B10g9TaHMWpcZ4	1unMzi	qadv-arbiter-7x7-rust-lambda-v0.1.0	-	qadv-arbiter-7x7-rust-lambda-v0.1.0	-	D	P	-
g1_arS9dbF9abq1gpILiocw-fQPZJbfF-cxG3fyxXtBqxs	s1_cRJ9Rr-hXzmfHmfMbFZxJS9ZyrKG6SWLtrpEol8uElg	1unMzi	qadv-arbiter-7x7-rust-lambda-v0.1.0	-	qadv-arbiter-7x7-rust-lambda-v0.1.0	-	D	P	196
g1_ardeB8c2_erZeEkQRNsqqs5_pqkCyvDlZia3JHebJsY	s1__rRTA-AaFjjKnl4BH3_qAjg6NMkVNNSX6GZZvAuolCw	1umwLy	rust-pathfinder-onnx-sorter-v0.1.0	-	rust-pathfinder-v0.3.0	-	D	P	120
g1_ari6bQsBSHE0Hdn7wQcHbjLkrJjCO9QozWtU-uUCxTg	s1_FaKtvq5hFA8Awe5cChEMG_0bdmZOpSYXqCs3Yk5aHdY	1unNzp	qadv-arbiter-7x7-rust-lambda-v0.1.0	-	qadv-arbiter-7x7-rust-lambda-v0.1.0	-	D	P	196
g1_ari6bQsBSHE0Hdn7wQcHbjLkrJjCO9QozWtU-uUCxTg	s1_KsaREpOUs9TqAGc9cNCO-PBLIwfd6SBYKpRNlZKqlyY	1unNzp	qadv-arbiter-7x7-rust-lambda-v0.1.0	-	qadv-arbiter-7x7-rust-lambda-v0.1.0	-	D	P	196
g1_ari6bQsBSHE0Hdn7wQcHbjLkrJjCO9QozWtU-uUCxTg	s1_RauLaTi4eVgYHSp2TV9pqs9uzTVv0B10g9TaHMWpcZ4	1unNzp	qadv-arbiter-7x7-rust-lambda-v0.1.0	-	qadv-arbiter-7x7-rust-lambda-v0.1.0	-	D	P	-
g1_ari6bQsBSHE0Hdn7wQcHbjLkrJjCO9QozWtU-uUCxTg	s1_xQwlnjLpCeXXiCWUSpXsTjZ10R8De-wRmCh34jckoXQ	1unNzp	qadv-arbiter-7x7-rust-lambda-v0.1.0	-	qadv-arbiter-7x7-rust-lambda-v0.1.0	-	D	P	196
g1_aru6MrWPD1hOP9VpnliJCU3VvUW0l6AIQscfN0u8Nn0	s1_2FtaP75xgRVTNrUvmC0NIesJCNy8IDFJ05WNM4nUnpg	1unQz0	qadv-arbiter-7x7-v0.1.0	-	surveyor-v0.2.0	-	D	P	196
g1_aru6MrWPD1hOP9VpnliJCU3VvUW0l6AIQscfN0u8Nn0	s1_RauLaTi4eVgYHSp2TV9pqs9uzTVv0B10g9TaHMWpcZ4	1unQz0	qadv-arbiter-7x7-v0.1.0	-	surveyor-v0.2.0	-	D	P	-
g1_aru6MrWPD1hOP9VpnliJCU3VvUW0l6AIQscfN0u8Nn0	s1_SdsHbcM4bFor8HsWUvUTqSq8x-5-G6WEPX0-N0VCf6w	1unQz0	qadv-arbiter-7x7-v0.1.0	-	surveyor-v0.2.0	-	D	P	196
g1_aru6MrWPD1hOP9VpnliJCU3VvUW0l6AIQscfN0u8Nn0	s1_qtCPXc88I4YZrvLyB8YHq9UhPPC1yP2BgXPoDpFaNl0	1unQz0	qadv-arbiter-7x7-v0.1.0	-	surveyor-v0.2.0	-	D	P	196
g1_as12Iv3nkH-MSpPZtYq4xOFs9vLGe2QmRG1ZuhGOomE	s1_1av6nXQkq-GSHXfjkVlGHGpAq8F9UbW4JwZmyFA-vww	1DIdw	python-gnn-puct-v0.1.0	sha256:6f9ad6e4a0993da3cf34a8549e86f9b5d512c51e11bfa76dfe051e7a8801bdac	python-gnn-puct-v0.1.0	sha256:6f9ad6e4a0993da3cf34a8549e86f9b5d512c51e11bfa76dfe051e7a8801bdac	L	P	196
g1_as12Iv3nkH-MSpPZtYq4xOFs9vLGe2QmRG1ZuhGOomE	s1_Brk0hkuJoH-MBjdd53AO5tlWcOgDWV_R0PO74fHGd_0	1DIdw	python-gnn-puct-v0.1.0	sha256:6f9ad6e4a0993da3cf34a8549e86f9b5d512c51e11bfa76dfe051e7a8801bdac	python-gnn-puct-v0.1.0	sha256:6f9ad6e4a0993da3cf34a8549e86f9b5d512c51e11bfa76dfe051e7a8801bdac	L	P	196
g1_as12Iv3nkH-MSpPZtYq4xOFs9vLGe2QmRG1ZuhGOomE	s1_KmF8KhDbubz6lwdS8R_n_yTGdSONmH9B1wUABbyCj94	1DIdw	python-gnn-puct-v0.1.0	sha256:6f9ad6e4a0993da3cf34a8549e86f9b5d512c51e11bfa76dfe051e7a8801bdac	python-gnn-puct-v0.1.0	sha256:6f9ad6e4a0993da3cf34a8549e86f9b5d512c51e11bfa76dfe051e7a8801bdac	L	P	196
g1_as12Iv3nkH-MSpPZtYq4xOFs9vLGe2QmRG1ZuhGOomE	s1_g5pGkHBMEhzAYvwFY0b24sSc7wC9JfnWApMHHZ_aMPI	1DIdw	python-gnn-puct-v0.1.0	sha256:6f9ad6e4a0993da3cf34a8549e86f9b5d512c51e11bfa76dfe051e7a8801bdac	python-gnn-puct-v0.1.0	sha256:6f9ad6e4a0993da3cf34a8549e86f9b5d512c51e11bfa76dfe051e7a8801bdac	L	P	196
g1_as12Iv3nkH-MSpPZtYq4xOFs9vLGe2QmRG1ZuhGOomE	s1_tol_POp6BcgBLMWq8iDfRBQSAXpESHxFwmcCQYXv0yQ	1DIdw	python-gnn-puct-v0.1.0	sha256:6f9ad6e4a0993da3cf34a8549e86f9b5d512c51e11bfa76dfe051e7a8801bdac	python-gnn-puct-v0.1.0	sha256:6f9ad6e4a0993da3cf34a8549e86f9b5d512c51e11bfa76dfe051e7a8801bdac	L	P	196
g1_asJ-Tc4Gc3f3CjGCpx7QOO7aQAX643ie1pNEXcnniD4	s1_QVXzx2tOTS-aSrzipOp0OXERgZN6aGB4sHDPbfEDDa4	1unOcr	qadv-arbiter-7x7-rust-lambda-v0.1.0	-	qadv-arbiter-7x7-rust-lambda-v0.1.0	-	D	P	196
g1_asJ-Tc4Gc3f3CjGCpx7QOO7aQAX643ie1pNEXcnniD4	s1_RauLaTi4eVgYHSp2TV9pqs9uzTVv0B10g9TaHMWpcZ4	1unOcr	qadv-arbiter-7x7-rust-lambda-v0.1.0	-	qadv-arbiter-7x7-rust-lambda-v0.1.0	-	D	P	-
g1_asJ-Tc4Gc3f3CjGCpx7QOO7aQAX643ie1pNEXcnniD4	s1_kSfxUJiQHtxyZwYlXVpPE-5BuNS0MjbyKcMdVynaNlU	1unOcr	qadv-arbiter-7x7-rust-lambda-v0.1.0	-	qadv-arbiter-7x7-rust-lambda-v0.1.0	-	D	P	196
g1_asJ-Tc4Gc3f3CjGCpx7QOO7aQAX643ie1pNEXcnniD4	s1_o0TvI8F8t8GrFADS3sv66SkpmNuXD5j0TsE1gBDLbO8	1unOcr	qadv-arbiter-7x7-rust-lambda-v0.1.0	-	qadv-arbiter-7x7-rust-lambda-v0.1.0	-	D	P	196
g1_asLkC7gARoTg0vBrRCfZ0YbeYd3M7FgekUNJZ0KGCqs	s1_RauLaTi4eVgYHSp2TV9pqs9uzTVv0B10g9TaHMWpcZ4	1unOG0	qadv-arbiter-7x7-rust-lambda-v0.1.0	-	qadv-arbiter-7x7-rust-lambda-v0.1.0	-	L	P	-
g1_asLkC7gARoTg0vBrRCfZ0YbeYd3M7FgekUNJZ0KGCqs	s1_Yq4fBPFiEK2JzSzL8PMoqDdrNHrrp5saF4cq3qNA3Bg	1unOG0	qadv-arbiter-7x7-rust-lambda-v0.1.0	-	qadv-arbiter-7x7-rust-lambda-v0.1.0	-	L	P	196
g1_asLkC7gARoTg0vBrRCfZ0YbeYd3M7FgekUNJZ0KGCqs	s1_dkkf1VZLIELm_S7pnLspymJexGvy_azYLTe2_qNhaDg	1unOG0	qadv-arbiter-7x7-rust-lambda-v0.1.0	-	qadv-arbiter-7x7-rust-lambda-v0.1.0	-	L	P	196
g1_asLkC7gARoTg0vBrRCfZ0YbeYd3M7FgekUNJZ0KGCqs	s1_krmMTUqkfmvs4YndrOV4RuLOmMt5YQssEUyrhX4KsKk	1unOG0	qadv-arbiter-7x7-rust-lambda-v0.1.0	-	qadv-arbiter-7x7-rust-lambda-v0.1.0	-	L	P	196
g1_asLoGa53BvvRdJf6bqFzFwCnleIXCo0S7Uh9k4-x6Ro	s1_0AyUK1Ps4Run7VjYUXP0LvHpZRXf88ayuAg4jkEgJFA	1unQl4	qadv-arbiter-7x7-v0.1.0	-	pathfinder-v0.3.0	-	D	P	196
g1_asLoGa53BvvRdJf6bqFzFwCnleIXCo0S7Uh9k4-x6Ro	s1_2FtaP75xgRVTNrUvmC0NIesJCNy8IDFJ05WNM4nUnpg	1unQl4	qadv-arbiter-7x7-v0.1.0	-	pathfinder-v0.3.0	-	D	P	196
g1_asLoGa53BvvRdJf6bqFzFwCnleIXCo0S7Uh9k4-x6Ro	s1_K633pU4Bjlw68fTySKZ2Z9rIPR6aRatsjanWyJuaj0A	1unQl4	qadv-arbiter-7x7-v0.1.0	-	pathfinder-v0.3.0	-	D	P	196
g1_asLoGa53BvvRdJf6bqFzFwCnleIXCo0S7Uh9k4-x6Ro	s1_RauLaTi4eVgYHSp2TV9pqs9uzTVv0B10g9TaHMWpcZ4	1unQl4	qadv-arbiter-7x7-v0.1.0	-	pathfinder-v0.3.0	-	D	P	-
g1_asXLNawpK4DtNJEPCNRWRUhnAnTiyXA6rnnxHpGy24U	s1_-LEVmxegreVLSk_wJ3-cFNVg2Gn7cvYTnR-yWKZG4uk	1unPhP	qadv-arbiter-7x7-rust-lambda-v0.1.0	-	qadv-arbiter-7x7-rust-lambda-v0.1.0	-	L	P	196
g1_asXLNawpK4DtNJEPCNRWRUhnAnTiyXA6rnnxHpGy24U	s1_6sC8_-ak5KGnf_IKlYKjk89e5XsuAva_JjQtRNSaEC8	1unPhP	qadv-arbiter-7x7-rust-lambda-v0.1.0	-	qadv-arbiter-7x7-rust-lambda-v0.1.0	-	L	P	196
g1_asXLNawpK4DtNJEPCNRWRUhnAnTiyXA6rnnxHpGy24U	s1_LE-5XUKrzrU_SC7UN9FBcMuPu5ZwaKqygTdPKYK0B7Q	1unPhP	qadv-arbiter-7x7-rust-lambda-v0.1.0	-	qadv-arbiter-7x7-rust-lambda-v0.1.0	-	L	P	196
g1_asXLNawpK4DtNJEPCNRWRUhnAnTiyXA6rnnxHpGy24U	s1_RauLaTi4eVgYHSp2TV9pqs9uzTVv0B10g9TaHMWpcZ4	1unPhP	qadv-arbiter-7x7-rust-lambda-v0.1.0	-	qadv-arbiter-7x7-rust-lambda-v0.1.0	-	L	P	-
g1_ascBl3E19fMj8geQ5j_hPtq-kVON3jb02PNZC-Rb66s	s1_9g3a7B5nuKzEMLuX1OBPIiv8ctfKF-6gd3P5eRxVzWg	1unMAk	qadv-arbiter-7x7-rust-lambda-v0.1.0	-	qadv-arbiter-7x7-rust-lambda-v0.1.0	-	L	P	196
g1_ascBl3E19fMj8geQ5j_hPtq-kVON3jb02PNZC-Rb66s	s1_Cr2A0gAO2zNyTnsHL0C6mS9jF-dfGyvr01mo8HDevoU	1unMAk	qadv-arbiter-7x7-rust-lambda-v0.1.0	-	qadv-arbiter-7x7-rust-lambda-v0.1.0	-	L	P	196
g1_ascBl3E19fMj8geQ5j_hPtq-kVON3jb02PNZC-Rb66s	s1_RauLaTi4eVgYHSp2TV9pqs9uzTVv0B10g9TaHMWpcZ4	1unMAk	qadv-arbiter-7x7-rust-lambda-v0.1.0	-	qadv-arbiter-7x7-rust-lambda-v0.1.0	-	L	P	-
g1_ascBl3E19fMj8geQ5j_hPtq-kVON3jb02PNZC-Rb66s	s1_TAd17XjqaKMkTTN0Z1DxBMedByUYukJ-KtBg4WI4L4k	1unMAk	qadv-arbiter-7x7-rust-lambda-v0.1.0	-	qadv-arbiter-7x7-rust-lambda-v0.1.0	-	L	P	196
g1_asm_REPAApTZdZmWD62m51yad1t9m1RLFqKOn412nho	s1_1av6nXQkq-GSHXfjkVlGHGpAq8F9UbW4JwZmyFA-vww	1DId2	python-gnn-puct-v0.1.0	sha256:6f9ad6e4a0993da3cf34a8549e86f9b5d512c51e11bfa76dfe051e7a8801bdac	python-gnn-puct-v0.1.0	sha256:6f9ad6e4a0993da3cf34a8549e86f9b5d512c51e11bfa76dfe051e7a8801bdac	-	M	196
g1_asm_REPAApTZdZmWD62m51yad1t9m1RLFqKOn412nho	s1_Brk0hkuJoH-MBjdd53AO5tlWcOgDWV_R0PO74fHGd_0	1DId2	python-gnn-puct-v0.1.0	sha256:6f9ad6e4a0993da3cf34a8549e86f9b5d512c51e11bfa76dfe051e7a8801bdac	python-gnn-puct-v0.1.0	sha256:6f9ad6e4a0993da3cf34a8549e86f9b5d512c51e11bfa76dfe051e7a8801bdac	-	M	196
g1_asm_REPAApTZdZmWD62m51yad1t9m1RLFqKOn412nho	s1_KmF8KhDbubz6lwdS8R_n_yTGdSONmH9B1wUABbyCj94	1DId2	python-gnn-puct-v0.1.0	sha256:6f9ad6e4a0993da3cf34a8549e86f9b5d512c51e11bfa76dfe051e7a8801bdac	python-gnn-puct-v0.1.0	sha256:6f9ad6e4a0993da3cf34a8549e86f9b5d512c51e11bfa76dfe051e7a8801bdac	-	M	196
g1_asm_REPAApTZdZmWD62m51yad1t9m1RLFqKOn412nho	s1_g5pGkHBMEhzAYvwFY0b24sSc7wC9JfnWApMHHZ_aMPI	1DId2	python-gnn-puct-v0.1.0	sha256:6f9ad6e4a0993da3cf34a8549e86f9b5d512c51e11bfa76dfe051e7a8801bdac	python-gnn-puct-v0.1.0	sha256:6f9ad6e4a0993da3cf34a8549e86f9b5d512c51e11bfa76dfe051e7a8801bdac	-	M	196
g1_asm_REPAApTZdZmWD62m51yad1t9m1RLFqKOn412nho	s1_tol_POp6BcgBLMWq8iDfRBQSAXpESHxFwmcCQYXv0yQ	1DId2	python-gnn-puct-v0.1.0	sha256:6f9ad6e4a0993da3cf34a8549e86f9b5d512c51e11bfa76dfe051e7a8801bdac	python-gnn-puct-v0.1.0	sha256:6f9ad6e4a0993da3cf34a8549e86f9b5d512c51e11bfa76dfe051e7a8801bdac	-	M	196
g1_ast7mXowMxhcae_IaEmT9qypz59NkRT3YCZvIz1RYuo	s1_MNJf52OgtqlIUArRXueHJElA-_99j6YikjMiCSf5IUo	1unPYR	qadv-arbiter-7x7-rust-lambda-v0.1.0	-	qadv-arbiter-7x7-rust-lambda-v0.1.0	-	D	P	196
g1_ast7mXowMxhcae_IaEmT9qypz59NkRT3YCZvIz1RYuo	s1_RauLaTi4eVgYHSp2TV9pqs9uzTVv0B10g9TaHMWpcZ4	1unPYR	qadv-arbiter-7x7-rust-lambda-v0.1.0	-	qadv-arbiter-7x7-rust-lambda-v0.1.0	-	D	P	-
g1_ast7mXowMxhcae_IaEmT9qypz59NkRT3YCZvIz1RYuo	s1_kU3PxqhrfFZ0Aq-JX41ZLtVpKmAPGNI1K3g5dc7oZZE	1unPYR	qadv-arbiter-7x7-rust-lambda-v0.1.0	-	qadv-arbiter-7x7-rust-lambda-v0.1.0	-	D	P	196
g1_ast7mXowMxhcae_IaEmT9qypz59NkRT3YCZvIz1RYuo	s1_uUXu2zT-0aT1TB3fHDpH099o2Ub1h3jIGfiZmlxpKxI	1unPYR	qadv-arbiter-7x7-rust-lambda-v0.1.0	-	qadv-arbiter-7x7-rust-lambda-v0.1.0	-	D	P	196
g1_at3CfGBWyIyn_AkkVUWassuf8CDn_4tkh5ytSy1A5wI	s1_-A1p6laYB94kXdLb3AW3v96_wJIS57n2JCOLRJQxSP4	1unQt4	qadv-arbiter-7x7-v0.1.0	-	pathfinder-v0.3.0	-	D	P	196
g1_at3CfGBWyIyn_AkkVUWassuf8CDn_4tkh5ytSy1A5wI	s1_2FtaP75xgRVTNrUvmC0NIesJCNy8IDFJ05WNM4nUnpg	1unQt4	qadv-arbiter-7x7-v0.1.0	-	pathfinder-v0.3.0	-	D	P	196
g1_at3CfGBWyIyn_AkkVUWassuf8CDn_4tkh5ytSy1A5wI	s1_RauLaTi4eVgYHSp2TV9pqs9uzTVv0B10g9TaHMWpcZ4	1unQt4	qadv-arbiter-7x7-v0.1.0	-	pathfinder-v0.3.0	-	D	P	-
g1_at3CfGBWyIyn_AkkVUWassuf8CDn_4tkh5ytSy1A5wI	s1_fXS0pu6YxldZ_p4gfapMp2EHfw_jsMpDZJ0tjqI2PsE	1unQt4	qadv-arbiter-7x7-v0.1.0	-	pathfinder-v0.3.0	-	D	P	196
g1_at6rj-ldlI_lJ6agtcRUb5kp1ldAPZf9Rz74zm8F9kY	s1_HiSWZfUgCfohx8JKyQnvj7UveET5Fa41wM1TBWRb5Bc	1unMaT	qadv-arbiter-7x7-rust-lambda-v0.1.0	-	qadv-arbiter-7x7-rust-lambda-v0.1.0	-	D	P	196
g1_at6rj-ldlI_lJ6agtcRUb5kp1ldAPZf9Rz74zm8F9kY	s1_RauLaTi4eVgYHSp2TV9pqs9uzTVv0B10g9TaHMWpcZ4	1unMaT	qadv-arbiter-7x7-rust-lambda-v0.1.0	-	qadv-arbiter-7x7-rust-lambda-v0.1.0	-	D	P	-
g1_at6rj-ldlI_lJ6agtcRUb5kp1ldAPZf9Rz74zm8F9kY	s1_WavO8ZR4hfDiVSOY1YaWPzuZBJVW7PwjIojKmuu-b0c	1unMaT	qadv-arbiter-7x7-rust-lambda-v0.1.0	-	qadv-arbiter-7x7-rust-lambda-v0.1.0	-	D	P	196
g1_at6rj-ldlI_lJ6agtcRUb5kp1ldAPZf9Rz74zm8F9kY	s1_kbXFDsz9uGDlbfnW3TdZ5ZByVBvEuo_RSGu4GVlWPkY	1unMaT	qadv-arbiter-7x7-rust-lambda-v0.1.0	-	qadv-arbiter-7x7-rust-lambda-v0.1.0	-	D	P	196
g1_atNh9L8v-dPO7XhTK59MgdZQGmiSxk7a5sie5MQBiic	s1_3Jr9CY5WjNj_TAlsN5Cq2ec0HlYNzbOp7hiaPgL4yGk	1unM-B	qadv-arbiter-7x7-rust-lambda-v0.1.0	-	qadv-arbiter-7x7-rust-lambda-v0.1.0	-	L	P	196
g1_atNh9L8v-dPO7XhTK59MgdZQGmiSxk7a5sie5MQBiic	s1_3m5jBN19bSdLD8t_Yltlzj4PHzE5l4wsftt9XPlJo54	1unM-B	qadv-arbiter-7x7-rust-lambda-v0.1.0	-	qadv-arbiter-7x7-rust-lambda-v0.1.0	-	L	P	196
g1_atNh9L8v-dPO7XhTK59MgdZQGmiSxk7a5sie5MQBiic	s1_RauLaTi4eVgYHSp2TV9pqs9uzTVv0B10g9TaHMWpcZ4	1unM-B	qadv-arbiter-7x7-rust-lambda-v0.1.0	-	qadv-arbiter-7x7-rust-lambda-v0.1.0	-	L	P	-
g1_atNh9L8v-dPO7XhTK59MgdZQGmiSxk7a5sie5MQBiic	s1_s-EzgEAapEzD9kpbSnC79x4bevReu9cEYX4DiNGvM8A	1unM-B	qadv-arbiter-7x7-rust-lambda-v0.1.0	-	qadv-arbiter-7x7-rust-lambda-v0.1.0	-	L	P	196
g1_ath__pCLZmDJv1ekgj1Tga_ZvxRHd37yV2M3jxRVG4s	s1_0Yn4W5ob4csUxnWIPjgo-4UB96ofCXBFHBkgYzd-j6A	1unMNa	qadv-arbiter-7x7-rust-lambda-v0.1.0	-	qadv-arbiter-7x7-rust-lambda-v0.1.0	-	L	P	196
g1_ath__pCLZmDJv1ekgj1Tga_ZvxRHd37yV2M3jxRVG4s	s1_FVwwP-DcnTE_YzPGnEF9n7yW2ICryVkufEpR1uepbvM	1unMNa	qadv-arbiter-7x7-rust-lambda-v0.1.0	-	qadv-arbiter-7x7-rust-lambda-v0.1.0	-	L	P	196
g1_ath__pCLZmDJv1ekgj1Tga_ZvxRHd37yV2M3jxRVG4s	s1_NeTw8QQtGnlIoGN9IJULjvnxYoXbXFtXE9psvLQP260	1unMNa	qadv-arbiter-7x7-rust-lambda-v0.1.0	-	qadv-arbiter-7x7-rust-lambda-v0.1.0	-	L	P	196
g1_ath__pCLZmDJv1ekgj1Tga_ZvxRHd37yV2M3jxRVG4s	s1_RauLaTi4eVgYHSp2TV9pqs9uzTVv0B10g9TaHMWpcZ4	1unMNa	qadv-arbiter-7x7-rust-lambda-v0.1.0	-	qadv-arbiter-7x7-rust-lambda-v0.1.0	-	L	P	-
g1_atieeL1VgAfzcaWShZGP2c1UCHY_bq-ctxmTezpopjM	s1_yylEi3_nmT0rCukeYOe50mTdwYFXaHx7kh2447XVleM	1umwO4	rust-pathfinder-onnx-sorter-v0.1.0	-	rust-pathfinder-v0.3.0	-	D	P	120
g1_atv_DJYR8kYpw_kwlPjqvqrIQHPsbYEpN5uXLrhWIbM	s1_OjKleyPtSBF2tgAw0S-WIXKvwdTqwFA1QaYhHf5cVpw	1unMvt	qadv-arbiter-7x7-rust-lambda-v0.1.0	-	qadv-arbiter-7x7-rust-lambda-v0.1.0	-	D	P	196
g1_atv_DJYR8kYpw_kwlPjqvqrIQHPsbYEpN5uXLrhWIbM	s1_RauLaTi4eVgYHSp2TV9pqs9uzTVv0B10g9TaHMWpcZ4	1unMvt	qadv-arbiter-7x7-rust-lambda-v0.1.0	-	qadv-arbiter-7x7-rust-lambda-v0.1.0	-	D	P	-
g1_atv_DJYR8kYpw_kwlPjqvqrIQHPsbYEpN5uXLrhWIbM	s1_VoN6LawwblN4xpSEM8LmGvw-zo0z3him9E_NLQ2qpao	1unMvt	qadv-arbiter-7x7-rust-lambda-v0.1.0	-	qadv-arbiter-7x7-rust-lambda-v0.1.0	-	D	P	196
g1_atv_DJYR8kYpw_kwlPjqvqrIQHPsbYEpN5uXLrhWIbM	s1_i6tGdO661px3heZnjVrG6FvBJUJgwG7FjS9RvUbV6Hs	1unMvt	qadv-arbiter-7x7-rust-lambda-v0.1.0	-	qadv-arbiter-7x7-rust-lambda-v0.1.0	-	D	P	196
g1_au-23ZUXDVXydTQ35nub4Nn7gqmf_PYvEAScqwP0m_U	s1_DSizuBARzm_WzayAEGpDS5VN0GraPmmAfTfedXHd3Co	1unPKd	qadv-arbiter-7x7-rust-lambda-v0.1.0	-	qadv-arbiter-7x7-rust-lambda-v0.1.0	-	L	P	196
g1_au-23ZUXDVXydTQ35nub4Nn7gqmf_PYvEAScqwP0m_U	s1_RauLaTi4eVgYHSp2TV9pqs9uzTVv0B10g9TaHMWpcZ4	1unPKd	qadv-arbiter-7x7-rust-lambda-v0.1.0	-	qadv-arbiter-7x7-rust-lambda-v0.1.0	-	L	P	-
g1_au-23ZUXDVXydTQ35nub4Nn7gqmf_PYvEAScqwP0m_U	s1_fnAR_b0-5bIKMK50qFSHLF8WQEMMFHlmmQeQWnQ3RaM	1unPKd	qadv-arbiter-7x7-rust-lambda-v0.1.0	-	qadv-arbiter-7x7-rust-lambda-v0.1.0	-	L	P	196
g1_au-23ZUXDVXydTQ35nub4Nn7gqmf_PYvEAScqwP0m_U	s1_oQpWQXq7y7P4Up0bAcuyQPyEg5e3t-3O4ZsSb1uEvPI	1unPKd	qadv-arbiter-7x7-rust-lambda-v0.1.0	-	qadv-arbiter-7x7-rust-lambda-v0.1.0	-	L	P	196
g1_au96mTfldYD5x-EM-zhCRbX_EjeQWsUZXpmQSi4keec	s1_1av6nXQkq-GSHXfjkVlGHGpAq8F9UbW4JwZmyFA-vww	1DIcS	python-gnn-puct-v0.1.0	sha256:6f9ad6e4a0993da3cf34a8549e86f9b5d512c51e11bfa76dfe051e7a8801bdac	python-gnn-puct-v0.1.0	sha256:6f9ad6e4a0993da3cf34a8549e86f9b5d512c51e11bfa76dfe051e7a8801bdac	L	P	196
g1_au96mTfldYD5x-EM-zhCRbX_EjeQWsUZXpmQSi4keec	s1_del54SUFELBov5vQFrhsVexn6D9EhUPDFZpXuqC6eCI	1DIcS	python-gnn-puct-v0.1.0	sha256:6f9ad6e4a0993da3cf34a8549e86f9b5d512c51e11bfa76dfe051e7a8801bdac	python-gnn-puct-v0.1.0	sha256:6f9ad6e4a0993da3cf34a8549e86f9b5d512c51e11bfa76dfe051e7a8801bdac	L	P	196
g1_au96mTfldYD5x-EM-zhCRbX_EjeQWsUZXpmQSi4keec	s1_g5pGkHBMEhzAYvwFY0b24sSc7wC9JfnWApMHHZ_aMPI	1DIcS	python-gnn-puct-v0.1.0	sha256:6f9ad6e4a0993da3cf34a8549e86f9b5d512c51e11bfa76dfe051e7a8801bdac	python-gnn-puct-v0.1.0	sha256:6f9ad6e4a0993da3cf34a8549e86f9b5d512c51e11bfa76dfe051e7a8801bdac	L	P	196
g1_au96mTfldYD5x-EM-zhCRbX_EjeQWsUZXpmQSi4keec	s1_mWPTef6xYbijjPhDIC6QgLRmu2mMSJAokNlIkx3vg54	1DIcS	python-gnn-puct-v0.1.0	sha256:6f9ad6e4a0993da3cf34a8549e86f9b5d512c51e11bfa76dfe051e7a8801bdac	python-gnn-puct-v0.1.0	sha256:6f9ad6e4a0993da3cf34a8549e86f9b5d512c51e11bfa76dfe051e7a8801bdac	L	P	196
g1_au96mTfldYD5x-EM-zhCRbX_EjeQWsUZXpmQSi4keec	s1_tol_POp6BcgBLMWq8iDfRBQSAXpESHxFwmcCQYXv0yQ	1DIcS	python-gnn-puct-v0.1.0	sha256:6f9ad6e4a0993da3cf34a8549e86f9b5d512c51e11bfa76dfe051e7a8801bdac	python-gnn-puct-v0.1.0	sha256:6f9ad6e4a0993da3cf34a8549e86f9b5d512c51e11bfa76dfe051e7a8801bdac	L	P	196
g1_auA-1I1Wlp27ELPg1rKthR6MvIeb1Z9cmcFKoMQ8obs	s1__fmnSv6OnZklVvMPUjPdL6drtvfrJptRYX3nxZQO8jI	1umxp0	python-gnn-puct-scout-v0.1.0	sha256:b9f80706cc1f29076ee06fe06483697c749148a808c599579045d00a52573938	python-gnn-puct-scout-v0.1.0	sha256:b9f80706cc1f29076ee06fe06483697c749148a808c599579045d00a52573938	D	P	196
g1_auEgFnsu_yYSCfPDAq3fH86C7mkQh2BVU803lu8Pcow	s1_BBNBueWYRJX5eC2rdohqGUNoPdK4rHRSHjVQF8XpElM	1unOo7	qadv-arbiter-7x7-rust-lambda-v0.1.0	-	qadv-arbiter-7x7-rust-lambda-v0.1.0	-	D	P	196
g1_auEgFnsu_yYSCfPDAq3fH86C7mkQh2BVU803lu8Pcow	s1_Pe2Zmh_8_SiYtiy4wsF60-LvjN879RsZfuekSOGajlU	1unOo7	qadv-arbiter-7x7-rust-lambda-v0.1.0	-	qadv-arbiter-7x7-rust-lambda-v0.1.0	-	D	P	196
g1_auEgFnsu_yYSCfPDAq3fH86C7mkQh2BVU803lu8Pcow	s1_RauLaTi4eVgYHSp2TV9pqs9uzTVv0B10g9TaHMWpcZ4	1unOo7	qadv-arbiter-7x7-rust-lambda-v0.1.0	-	qadv-arbiter-7x7-rust-lambda-v0.1.0	-	D	P	-
g1_auEgFnsu_yYSCfPDAq3fH86C7mkQh2BVU803lu8Pcow	s1_k6DfX37EvNhrp4JnLw6x5aGjPqfYUOx7shWlmEMFmYs	1unOo7	qadv-arbiter-7x7-rust-lambda-v0.1.0	-	qadv-arbiter-7x7-rust-lambda-v0.1.0	-	D	P	196
g1_auMAAtzBoO1-R0dgiutLee8BFIu7Iz1pUHqrJLMlzcw	s1_qtlitMa-GGx-0y2heoyNRonYXf1Dq5epTexnVe9Iqtw	1umxgX	python-gnn-puct-learner-v0.1.0	sha256:ab0f739cd33d66781faf60e27797c5ccba3c04ba684f8d9e32e9c2754f4e8956	python-gnn-puct-learner-v0.1.0	sha256:ab0f739cd33d66781faf60e27797c5ccba3c04ba684f8d9e32e9c2754f4e8956	D	P	196
g1_auSlLc0vrTFHDCL_ymrpuksVrxTmHrlunSI75392ih0	s1_7LsKPfqNzpvrCKqWFyBSwWvN4SfdLfBilBVFvL696aM	1unO0M	qadv-arbiter-7x7-rust-lambda-v0.1.0	-	qadv-arbiter-7x7-rust-lambda-v0.1.0	-	D	P	196
g1_auSlLc0vrTFHDCL_ymrpuksVrxTmHrlunSI75392ih0	s1_IdOF4O-APdeWMl4eeT9z1h2erXbezGBxZUy0pA0tKLM	1unO0M	qadv-arbiter-7x7-rust-lambda-v0.1.0	-	qadv-arbiter-7x7-rust-lambda-v0.1.0	-	D	P	196
g1_auSlLc0vrTFHDCL_ymrpuksVrxTmHrlunSI75392ih0	s1_RauLaTi4eVgYHSp2TV9pqs9uzTVv0B10g9TaHMWpcZ4	1unO0M	qadv-arbiter-7x7-rust-lambda-v0.1.0	-	qadv-arbiter-7x7-rust-lambda-v0.1.0	-	D	P	-
g1_auSlLc0vrTFHDCL_ymrpuksVrxTmHrlunSI75392ih0	s1_iUhWXkmtfTCCFlKPvQoSKIVLp1v1DH8pf6C0rEH8uv4	1unO0M	qadv-arbiter-7x7-rust-lambda-v0.1.0	-	qadv-arbiter-7x7-rust-lambda-v0.1.0	-	D	P	196
g1_audpFIsu4GN2aExcuqRHpWkGULQMuAOkdQRrP9thxHw	s1_1R5KYwd9EshSn1yACcDADvYj_SAadl-Nx3PtWoNp968	1unNEu	qadv-arbiter-7x7-rust-lambda-v0.1.0	-	qadv-arbiter-7x7-rust-lambda-v0.1.0	-	L	P	196
g1_audpFIsu4GN2aExcuqRHpWkGULQMuAOkdQRrP9thxHw	s1_FfJPj_2wlqRllE5ioWBqgH41ave8m3pK7KrNX763BRE	1unNEu	qadv-arbiter-7x7-rust-lambda-v0.1.0	-	qadv-arbiter-7x7-rust-lambda-v0.1.0	-	L	P	196
g1_audpFIsu4GN2aExcuqRHpWkGULQMuAOkdQRrP9thxHw	s1_RauLaTi4eVgYHSp2TV9pqs9uzTVv0B10g9TaHMWpcZ4	1unNEu	qadv-arbiter-7x7-rust-lambda-v0.1.0	-	qadv-arbiter-7x7-rust-lambda-v0.1.0	-	L	P	-
g1_audpFIsu4GN2aExcuqRHpWkGULQMuAOkdQRrP9thxHw	s1_t_4_SQ7_ag5grHuuERGZr-WAB7nukMrGbuvkDZOtPYk	1unNEu	qadv-arbiter-7x7-rust-lambda-v0.1.0	-	qadv-arbiter-7x7-rust-lambda-v0.1.0	-	L	P	196
g1_auqWOuPUJWKRmfh_Pw_zUS7tOgoZZKk9tD7so-1TlrY	s1_2FtaP75xgRVTNrUvmC0NIesJCNy8IDFJ05WNM4nUnpg	1unQsL	pathfinder-v0.3.0	-	qadv-arbiter-7x7-v0.1.0	-	L	P	196
g1_auqWOuPUJWKRmfh_Pw_zUS7tOgoZZKk9tD7so-1TlrY	s1_RauLaTi4eVgYHSp2TV9pqs9uzTVv0B10g9TaHMWpcZ4	1unQsL	pathfinder-v0.3.0	-	qadv-arbiter-7x7-v0.1.0	-	L	P	-
g1_auqWOuPUJWKRmfh_Pw_zUS7tOgoZZKk9tD7so-1TlrY	s1_fXS0pu6YxldZ_p4gfapMp2EHfw_jsMpDZJ0tjqI2PsE	1unQsL	pathfinder-v0.3.0	-	qadv-arbiter-7x7-v0.1.0	-	L	P	196
g1_auqWOuPUJWKRmfh_Pw_zUS7tOgoZZKk9tD7so-1TlrY	s1_nCgEp5a6pWhM6-iH6XKSQXDyhwz8J08VslKwMzEw72c	1unQsL	pathfinder-v0.3.0	-	qadv-arbiter-7x7-v0.1.0	-	L	P	196
g1_aus3BrzRk58ZzSkZobuc83LDNLHu0-LLV2nkhbZ2-wo	s1_O3cuwuia8XT9TI7Nxr3tRcajOA20XFHEIT2fYX3WizY	1un58a	qadv-arbiter-guided-7x7-v0.2.0	sha256:9c0e5e530df7db77a98f6a2e75fe63a6f629c6ad6563e0b5454793ebc243b14d	surveyor-v0.2.0	-	D	P	196
g1_aus3BrzRk58ZzSkZobuc83LDNLHu0-LLV2nkhbZ2-wo	s1_ROUz_g0kquKNGB878B9BMwA5nL4cZcvmffEeoUgiR_k	1un58a	qadv-arbiter-guided-7x7-v0.2.0	sha256:9c0e5e530df7db77a98f6a2e75fe63a6f629c6ad6563e0b5454793ebc243b14d	surveyor-v0.2.0	-	D	P	196
g1_aus3BrzRk58ZzSkZobuc83LDNLHu0-LLV2nkhbZ2-wo	s1_TNJsSJjRaHDJ2Q7UUQmoz_QE1P-V3BTy5CQvqN4z6Bw	1un58a	qadv-arbiter-guided-7x7-v0.2.0	sha256:9c0e5e530df7db77a98f6a2e75fe63a6f629c6ad6563e0b5454793ebc243b14d	surveyor-v0.2.0	-	D	P	196
g1_autOoI4j7wM92fABvq-cuTPkmTEhTtpGSLv9nF9udDo	s1_8GnjmxLOGnvpKXVj_GUA0oMImBeTpsjr7CW2oGl5gyY	1unNW2	qadv-arbiter-7x7-rust-lambda-v0.1.0	-	qadv-arbiter-7x7-rust-lambda-v0.1.0	-	D	P	196
g1_autOoI4j7wM92fABvq-cuTPkmTEhTtpGSLv9nF9udDo	s1_RauLaTi4eVgYHSp2TV9pqs9uzTVv0B10g9TaHMWpcZ4	1unNW2	qadv-arbiter-7x7-rust-lambda-v0.1.0	-	qadv-arbiter-7x7-rust-lambda-v0.1.0	-	D	P	-
g1_autOoI4j7wM92fABvq-cuTPkmTEhTtpGSLv9nF9udDo	s1_mbGfz4sXA7pJlUcSmrOqnXYLJrz5r5H5xIgpRkfr3Vc	1unNW2	qadv-arbiter-7x7-rust-lambda-v0.1.0	-	qadv-arbiter-7x7-rust-lambda-v0.1.0	-	D	P	196
g1_autOoI4j7wM92fABvq-cuTPkmTEhTtpGSLv9nF9udDo	s1_mmlfUv0KBkImAPLoT6gyp10TFYYdVWj6HpHk5BL6y38	1unNW2	qadv-arbiter-7x7-rust-lambda-v0.1.0	-	qadv-arbiter-7x7-rust-lambda-v0.1.0	-	D	P	196
g1_auy_BCBE9CX5M5oX0p7IVURATIDObeZqgTLg1CgiCXc	s1_2FtaP75xgRVTNrUvmC0NIesJCNy8IDFJ05WNM4nUnpg	1unQfr	pathfinder-v0.3.0	-	qadv-arbiter-7x7-v0.1.0	-	L	P	196
g1_auy_BCBE9CX5M5oX0p7IVURATIDObeZqgTLg1CgiCXc	s1_AkAN40_euUT35cLrsKKX2xfkNPmeDoi3TuPOY2K-Pqw	1unQfr	pathfinder-v0.3.0	-	qadv-arbiter-7x7-v0.1.0	-	L	P	196
g1_auy_BCBE9CX5M5oX0p7IVURATIDObeZqgTLg1CgiCXc	s1_RauLaTi4eVgYHSp2TV9pqs9uzTVv0B10g9TaHMWpcZ4	1unQfr	pathfinder-v0.3.0	-	qadv-arbiter-7x7-v0.1.0	-	L	P	-
g1_auy_BCBE9CX5M5oX0p7IVURATIDObeZqgTLg1CgiCXc	s1_UYiVqeYyxLLCUKzKu9LP6N9HJ4kmc0kAXphfCnckb1U	1unQfr	pathfinder-v0.3.0	-	qadv-arbiter-7x7-v0.1.0	-	L	P	196
g1_auy_BCBE9CX5M5oX0p7IVURATIDObeZqgTLg1CgiCXc	s1_aZfPBIxgJ5uYN7e0_FDKRHW6TqkrhOWX8tT7d1b945k	1unQfr	pathfinder-v0.3.0	-	qadv-arbiter-7x7-v0.1.0	-	L	P	196
g1_avGXZ4xZKbK1qOFvTxSqGPHODv6pH4E4BIZn6-qOY-E	s1_RauLaTi4eVgYHSp2TV9pqs9uzTVv0B10g9TaHMWpcZ4	1unMYP	qadv-arbiter-7x7-rust-lambda-v0.1.0	-	qadv-arbiter-7x7-rust-lambda-v0.1.0	-	L	P	-
g1_avGXZ4xZKbK1qOFvTxSqGPHODv6pH4E4BIZn6-qOY-E	s1_d0MO7prHR9M8rUGrqcdQLqw3M8t103WbhcqWxyw38bA	1unMYP	qadv-arbiter-7x7-rust-lambda-v0.1.0	-	qadv-arbiter-7x7-rust-lambda-v0.1.0	-	L	P	196
g1_avGXZ4xZKbK1qOFvTxSqGPHODv6pH4E4BIZn6-qOY-E	s1_o26JEBbPbpqG0MBHoZ7ACbU7daQaxJ6wWqA_jD4oAxA	1unMYP	qadv-arbiter-7x7-rust-lambda-v0.1.0	-	qadv-arbiter-7x7-rust-lambda-v0.1.0	-	L	P	196
g1_avGXZ4xZKbK1qOFvTxSqGPHODv6pH4E4BIZn6-qOY-E	s1_p7D3yh90Z9rpzcrapON58E9MSeK3q9ovYcza1FMoNLQ	1unMYP	qadv-arbiter-7x7-rust-lambda-v0.1.0	-	qadv-arbiter-7x7-rust-lambda-v0.1.0	-	L	P	196
g1_avOt4t1dhI7rcq23ax97uyN2e-ZcfEcaJgUg65NV_b0	s1__fmnSv6OnZklVvMPUjPdL6drtvfrJptRYX3nxZQO8jI	1umx-M	python-gnn-puct-scout-v0.1.0	sha256:b9f80706cc1f29076ee06fe06483697c749148a808c599579045d00a52573938	python-gnn-puct-scout-v0.1.0	sha256:b9f80706cc1f29076ee06fe06483697c749148a808c599579045d00a52573938	L	P	196
g1_avY4RBhmNIk4G7PySwYQLgIAD28Cj2CgYUn8bx_hjUU	s1_AxaZwNFdyOYW8Uo-HJCpSeUhUH2oY7BfmeLtJBix4ss	1unLq8	qadv-arbiter-7x7-rust-lambda-v0.1.0	-	qadv-arbiter-7x7-rust-lambda-v0.1.0	-	L	P	196
g1_avY4RBhmNIk4G7PySwYQLgIAD28Cj2CgYUn8bx_hjUU	s1_G0xTd3QK0C1rMmIYyUb0RfN5zr5zpjSe7Na3CUEqUro	1unLq8	qadv-arbiter-7x7-rust-lambda-v0.1.0	-	qadv-arbiter-7x7-rust-lambda-v0.1.0	-	L	P	196
g1_avY4RBhmNIk4G7PySwYQLgIAD28Cj2CgYUn8bx_hjUU	s1_RauLaTi4eVgYHSp2TV9pqs9uzTVv0B10g9TaHMWpcZ4	1unLq8	qadv-arbiter-7x7-rust-lambda-v0.1.0	-	qadv-arbiter-7x7-rust-lambda-v0.1.0	-	L	P	-
g1_avY4RBhmNIk4G7PySwYQLgIAD28Cj2CgYUn8bx_hjUU	s1_qOzGyvuqCuVNY3-KxmQd8oCMYwShPpY7KxlRnJG0Nc4	1unLq8	qadv-arbiter-7x7-rust-lambda-v0.1.0	-	qadv-arbiter-7x7-rust-lambda-v0.1.0	-	L	P	196
g1_avbmAEhct-taT0TfrOSMR-3DDEuPLfbYpHiVoOpkxnc	s1_8J-WJyyxZIMnoXNVpZatwGGS8P_QLx6mKq360afiflo	1unMns	qadv-arbiter-7x7-rust-lambda-v0.1.0	-	qadv-arbiter-7x7-rust-lambda-v0.1.0	-	D	P	196
g1_avbmAEhct-taT0TfrOSMR-3DDEuPLfbYpHiVoOpkxnc	s1_Ce6Y26TjCW3AQec8SM22Gw53HNI52sV39Y-GhbADhlc	1unMns	qadv-arbiter-7x7-rust-lambda-v0.1.0	-	qadv-arbiter-7x7-rust-lambda-v0.1.0	-	D	P	196
g1_avbmAEhct-taT0TfrOSMR-3DDEuPLfbYpHiVoOpkxnc	s1_RauLaTi4eVgYHSp2TV9pqs9uzTVv0B10g9TaHMWpcZ4	1unMns	qadv-arbiter-7x7-rust-lambda-v0.1.0	-	qadv-arbiter-7x7-rust-lambda-v0.1.0	-	D	P	-
g1_avbmAEhct-taT0TfrOSMR-3DDEuPLfbYpHiVoOpkxnc	s1_YDwk1lpx4jiaP1YsXZMK0Nli2LRnZC1NrBrt01WLSL0	1unMns	qadv-arbiter-7x7-rust-lambda-v0.1.0	-	qadv-arbiter-7x7-rust-lambda-v0.1.0	-	D	P	196
g1_aveqtztnK7tWqavKoBS6VKnhqnrDoZC8pbvE2m7zNL4	s1_1av6nXQkq-GSHXfjkVlGHGpAq8F9UbW4JwZmyFA-vww	1DIi-	rust-pathfinder-v0.1.0	-	lunatic-v0.1.0	-	L	P	-
g1_aveqtztnK7tWqavKoBS6VKnhqnrDoZC8pbvE2m7zNL4	s1_9Eroywf7tuDrn-hcfZPjlEa1DSRUykCRn9Z11u8ySIo	1DIi-	rust-pathfinder-v0.1.0	-	lunatic-v0.1.0	-	L	P	-
g1_aveqtztnK7tWqavKoBS6VKnhqnrDoZC8pbvE2m7zNL4	s1_MKrI0a3Qd48rU7oZj28GrlQ3cHhIbUzS5ibiIW9aKy4	1DIi-	rust-pathfinder-v0.1.0	-	lunatic-v0.1.0	-	L	P	-
g1_aveqtztnK7tWqavKoBS6VKnhqnrDoZC8pbvE2m7zNL4	s1_XloMUS0hxYEXf762lcPfaudsLmsH-CsOVZNVVU_obcA	1DIi-	rust-pathfinder-v0.1.0	-	lunatic-v0.1.0	-	L	P	-
g1_aveqtztnK7tWqavKoBS6VKnhqnrDoZC8pbvE2m7zNL4	s1_del54SUFELBov5vQFrhsVexn6D9EhUPDFZpXuqC6eCI	1DIi-	rust-pathfinder-v0.1.0	-	lunatic-v0.1.0	-	L	P	-
g1_aveqtztnK7tWqavKoBS6VKnhqnrDoZC8pbvE2m7zNL4	s1_g5pGkHBMEhzAYvwFY0b24sSc7wC9JfnWApMHHZ_aMPI	1DIi-	rust-pathfinder-v0.1.0	-	lunatic-v0.1.0	-	L	P	-
g1_aveqtztnK7tWqavKoBS6VKnhqnrDoZC8pbvE2m7zNL4	s1_mWPTef6xYbijjPhDIC6QgLRmu2mMSJAokNlIkx3vg54	1DIi-	rust-pathfinder-v0.1.0	-	lunatic-v0.1.0	-	L	P	-
g1_avk6ODFpK0PKA8j8H2KP4vL0Ja1lGJFIeGP-3PJ9bhM	s1_1av6nXQkq-GSHXfjkVlGHGpAq8F9UbW4JwZmyFA-vww	1umvL8	python-gnn-puct-learner-v0.1.0	sha256:ab0f739cd33d66781faf60e27797c5ccba3c04ba684f8d9e32e9c2754f4e8956	python-gnn-puct-learner-v0.1.0	sha256:ab0f739cd33d66781faf60e27797c5ccba3c04ba684f8d9e32e9c2754f4e8956	-	M	196
g1_avk6ODFpK0PKA8j8H2KP4vL0Ja1lGJFIeGP-3PJ9bhM	s1_Brk0hkuJoH-MBjdd53AO5tlWcOgDWV_R0PO74fHGd_0	1umvL8	python-gnn-puct-learner-v0.1.0	sha256:ab0f739cd33d66781faf60e27797c5ccba3c04ba684f8d9e32e9c2754f4e8956	python-gnn-puct-learner-v0.1.0	sha256:ab0f739cd33d66781faf60e27797c5ccba3c04ba684f8d9e32e9c2754f4e8956	-	M	196
g1_avk6ODFpK0PKA8j8H2KP4vL0Ja1lGJFIeGP-3PJ9bhM	s1_QBFUsDtxokERlDOdQkleYbPvhJ-vIp2qmp6DXjS-7oM	1umvL8	python-gnn-puct-learner-v0.1.0	sha256:ab0f739cd33d66781faf60e27797c5ccba3c04ba684f8d9e32e9c2754f4e8956	python-gnn-puct-learner-v0.1.0	sha256:ab0f739cd33d66781faf60e27797c5ccba3c04ba684f8d9e32e9c2754f4e8956	-	M	196
g1_avktsUH-3mpDkfrox4uZ44_qgTzrbW29b6NMaQdoyew	s1_RauLaTi4eVgYHSp2TV9pqs9uzTVv0B10g9TaHMWpcZ4	1unOmo	qadv-arbiter-7x7-rust-lambda-v0.1.0	-	qadv-arbiter-7x7-rust-lambda-v0.1.0	-	D	P	-
g1_avktsUH-3mpDkfrox4uZ44_qgTzrbW29b6NMaQdoyew	s1_ZqYIVWo9zRvRWMJdqHh2W4-TrQ8_LFD9hqlZnDQ2XgU	1unOmo	qadv-arbiter-7x7-rust-lambda-v0.1.0	-	qadv-arbiter-7x7-rust-lambda-v0.1.0	-	D	P	196
g1_avktsUH-3mpDkfrox4uZ44_qgTzrbW29b6NMaQdoyew	s1_eL__JfFitTuw1aOSVGMuYvMoI0amk7lA__SCa9PkjJU	1unOmo	qadv-arbiter-7x7-rust-lambda-v0.1.0	-	qadv-arbiter-7x7-rust-lambda-v0.1.0	-	D	P	196
g1_avktsUH-3mpDkfrox4uZ44_qgTzrbW29b6NMaQdoyew	s1_jQ5S9M4YCmMTiUKIhi3I9AVKvnsfgYgdSGj6D01cb-w	1unOmo	qadv-arbiter-7x7-rust-lambda-v0.1.0	-	qadv-arbiter-7x7-rust-lambda-v0.1.0	-	D	P	196
g1_avlsn37blmzInV61-qrM48ePQ5Dt5GfdWkncpk97QxE	s1_1av6nXQkq-GSHXfjkVlGHGpAq8F9UbW4JwZmyFA-vww	1DIej	python-gnn-puct-v0.1.0	sha256:6f9ad6e4a0993da3cf34a8549e86f9b5d512c51e11bfa76dfe051e7a8801bdac	python-gnn-puct-v0.1.0	sha256:6f9ad6e4a0993da3cf34a8549e86f9b5d512c51e11bfa76dfe051e7a8801bdac	-	M	196
g1_avlsn37blmzInV61-qrM48ePQ5Dt5GfdWkncpk97QxE	s1_Brk0hkuJoH-MBjdd53AO5tlWcOgDWV_R0PO74fHGd_0	1DIej	python-gnn-puct-v0.1.0	sha256:6f9ad6e4a0993da3cf34a8549e86f9b5d512c51e11bfa76dfe051e7a8801bdac	python-gnn-puct-v0.1.0	sha256:6f9ad6e4a0993da3cf34a8549e86f9b5d512c51e11bfa76dfe051e7a8801bdac	-	M	196
g1_avlsn37blmzInV61-qrM48ePQ5Dt5GfdWkncpk97QxE	s1_KmF8KhDbubz6lwdS8R_n_yTGdSONmH9B1wUABbyCj94	1DIej	python-gnn-puct-v0.1.0	sha256:6f9ad6e4a0993da3cf34a8549e86f9b5d512c51e11bfa76dfe051e7a8801bdac	python-gnn-puct-v0.1.0	sha256:6f9ad6e4a0993da3cf34a8549e86f9b5d512c51e11bfa76dfe051e7a8801bdac	-	M	196
g1_avlsn37blmzInV61-qrM48ePQ5Dt5GfdWkncpk97QxE	s1_g5pGkHBMEhzAYvwFY0b24sSc7wC9JfnWApMHHZ_aMPI	1DIej	python-gnn-puct-v0.1.0	sha256:6f9ad6e4a0993da3cf34a8549e86f9b5d512c51e11bfa76dfe051e7a8801bdac	python-gnn-puct-v0.1.0	sha256:6f9ad6e4a0993da3cf34a8549e86f9b5d512c51e11bfa76dfe051e7a8801bdac	-	M	196
g1_avlsn37blmzInV61-qrM48ePQ5Dt5GfdWkncpk97QxE	s1_tol_POp6BcgBLMWq8iDfRBQSAXpESHxFwmcCQYXv0yQ	1DIej	python-gnn-puct-v0.1.0	sha256:6f9ad6e4a0993da3cf34a8549e86f9b5d512c51e11bfa76dfe051e7a8801bdac	python-gnn-puct-v0.1.0	sha256:6f9ad6e4a0993da3cf34a8549e86f9b5d512c51e11bfa76dfe051e7a8801bdac	-	M	196
g1_aw3SNa4-3V9ri0AMRaaBEwmFd5t9FFjQbrg-Nry1QRM	s1__fmnSv6OnZklVvMPUjPdL6drtvfrJptRYX3nxZQO8jI	1umxlI	python-gnn-puct-scout-v0.1.0	sha256:b9f80706cc1f29076ee06fe06483697c749148a808c599579045d00a52573938	python-gnn-puct-scout-v0.1.0	sha256:b9f80706cc1f29076ee06fe06483697c749148a808c599579045d00a52573938	L	P	196
g1_aw50xVch5-scpOjy3AOa18njpZfk_eXhHmLB_zfbcCE	s1_7FIu85-v_e-kbNsQ2UNk3yRt-KGcLyUjpmVwIc9cnfM	1umwOI	python-gnn-puct-scout-v0.1.0	sha256:b9f80706cc1f29076ee06fe06483697c749148a808c599579045d00a52573938	python-gnn-puct-scout-v0.1.0	sha256:b9f80706cc1f29076ee06fe06483697c749148a808c599579045d00a52573938	L	P	196
g1_aw50xVch5-scpOjy3AOa18njpZfk_eXhHmLB_zfbcCE	s1_S8AGNBNcWBvWiwIo-AOAHPoHuZo2XvcsYvhgQxGTkrY	1umwOI	python-gnn-puct-scout-v0.1.0	sha256:b9f80706cc1f29076ee06fe06483697c749148a808c599579045d00a52573938	python-gnn-puct-scout-v0.1.0	sha256:b9f80706cc1f29076ee06fe06483697c749148a808c599579045d00a52573938	L	P	196
g1_awBA-eWBswt480kz6jmZm8QwHMaOe9vYXwyO7yvjC4Q	s1_E_Uh0SL2NKef6zrPsM1nvkS_wqst3JJHpAr4A9b6kFw	1unLze	qadv-arbiter-7x7-rust-lambda-v0.1.0	-	qadv-arbiter-7x7-rust-lambda-v0.1.0	-	L	P	196
g1_awBA-eWBswt480kz6jmZm8QwHMaOe9vYXwyO7yvjC4Q	s1_Iw271Xcl1m49JKf2THZo5zM7wLmpftPCntSJ40XBQpQ	1unLze	qadv-arbiter-7x7-rust-lambda-v0.1.0	-	qadv-arbiter-7x7-rust-lambda-v0.1.0	-	L	P	196
g1_awBA-eWBswt480kz6jmZm8QwHMaOe9vYXwyO7yvjC4Q	s1_RauLaTi4eVgYHSp2TV9pqs9uzTVv0B10g9TaHMWpcZ4	1unLze	qadv-arbiter-7x7-rust-lambda-v0.1.0	-	qadv-arbiter-7x7-rust-lambda-v0.1.0	-	L	P	-
g1_awBA-eWBswt480kz6jmZm8QwHMaOe9vYXwyO7yvjC4Q	s1_ZZgb8t6XBs1bF2F5SbWpCpj9tBeNZf_XPtaXaCvKTwE	1unLze	qadv-arbiter-7x7-rust-lambda-v0.1.0	-	qadv-arbiter-7x7-rust-lambda-v0.1.0	-	L	P	196
g1_awHXTnzFNBj_kvGWeiOBhe4SKb_RJb2ZqyLYLeF-TJk	s1_flXyOBW6T9LLVDFIvXBGel1MoVNZcUcMFIJnB9yLapU	1umx6g	python-gnn-puct-reval30k-v0.1.0	sha256:6120be86fc469df71473c3de64e5e32f99694cd47d621fa5948f243dc51d3d21	python-gnn-puct-reval30k-v0.1.0	sha256:6120be86fc469df71473c3de64e5e32f99694cd47d621fa5948f243dc51d3d21	D	P	196
g1_awQSvbITM73NhC_TxCLdwFMJeEbUrj9QsA8xto2hpHs	s1_A3WRgc77nXGY06GZZCaxChTwkhsFw4E22IhXhyUWORk	1un2E5	pathfinder-v0.3.0	-	qadv-arbiter-guided-7x7-v0.2.0	sha256:9c0e5e530df7db77a98f6a2e75fe63a6f629c6ad6563e0b5454793ebc243b14d	L	P	196
g1_awQSvbITM73NhC_TxCLdwFMJeEbUrj9QsA8xto2hpHs	s1_O3cuwuia8XT9TI7Nxr3tRcajOA20XFHEIT2fYX3WizY	1un2E5	pathfinder-v0.3.0	-	qadv-arbiter-guided-7x7-v0.2.0	sha256:9c0e5e530df7db77a98f6a2e75fe63a6f629c6ad6563e0b5454793ebc243b14d	L	P	196
g1_awQSvbITM73NhC_TxCLdwFMJeEbUrj9QsA8xto2hpHs	s1_O4SvAs0bh9GZ516WNj6_O9F4oJqxR87mEnMYPcUrhuk	1un2E5	pathfinder-v0.3.0	-	qadv-arbiter-guided-7x7-v0.2.0	sha256:9c0e5e530df7db77a98f6a2e75fe63a6f629c6ad6563e0b5454793ebc243b14d	L	P	196
g1_awS1_vPC_3jXUToPGaCVgW9c65GXaf0Np6GWG1Mdxzk	s1_F85UjaPIqFXhK22LjZsNAipBhvyxKtfIcNmgopK7YZ8	1unMek	qadv-arbiter-7x7-rust-lambda-v0.1.0	-	qadv-arbiter-7x7-rust-lambda-v0.1.0	-	D	P	196
g1_awS1_vPC_3jXUToPGaCVgW9c65GXaf0Np6GWG1Mdxzk	s1_RauLaTi4eVgYHSp2TV9pqs9uzTVv0B10g9TaHMWpcZ4	1unMek	qadv-arbiter-7x7-rust-lambda-v0.1.0	-	qadv-arbiter-7x7-rust-lambda-v0.1.0	-	D	P	-
g1_awS1_vPC_3jXUToPGaCVgW9c65GXaf0Np6GWG1Mdxzk	s1_UafNPxidxa3GztBbSy756zi_2_xo7nmJG2cD0c8-sxg	1unMek	qadv-arbiter-7x7-rust-lambda-v0.1.0	-	qadv-arbiter-7x7-rust-lambda-v0.1.0	-	D	P	196
g1_awS1_vPC_3jXUToPGaCVgW9c65GXaf0Np6GWG1Mdxzk	s1_qXx2KBmTKByHNilNXoXZ_2R7fQbc6cOF7SNvq6g384o	1unMek	qadv-arbiter-7x7-rust-lambda-v0.1.0	-	qadv-arbiter-7x7-rust-lambda-v0.1.0	-	D	P	196
g1_aw_b-2xN_p8jv9zP-f3L2ce4qmo8Rk5a-PDABKhJJvE	s1_vPZrYOJuT7VUrK44cqwfBpRYruYDl-QnLxI_n4qryK4	1umwJN	rust-pathfinder-v0.3.0	-	rust-pathfinder-onnx-sorter-v0.1.0	-	L	P	120
g1_awbK8q88ZWO8tSN9pBCO630zGRuL0FxILRc3rfZbTb0	s1_AyceUNqixRUmES4wfBzQtmV7Pt7eTm3mYm19CsUQBTo	1unOmG	qadv-arbiter-7x7-rust-lambda-v0.1.0	-	qadv-arbiter-7x7-rust-lambda-v0.1.0	-	L	P	196
g1_awbK8q88ZWO8tSN9pBCO630zGRuL0FxILRc3rfZbTb0	s1_RauLaTi4eVgYHSp2TV9pqs9uzTVv0B10g9TaHMWpcZ4	1unOmG	qadv-arbiter-7x7-rust-lambda-v0.1.0	-	qadv-arbiter-7x7-rust-lambda-v0.1.0	-	L	P	-
g1_awbK8q88ZWO8tSN9pBCO630zGRuL0FxILRc3rfZbTb0	s1_TtQ-5z3ZExdAW4e2d6kLU_9E8U-kmEdwrQbtTeEBQLk	1unOmG	qadv-arbiter-7x7-rust-lambda-v0.1.0	-	qadv-arbiter-7x7-rust-lambda-v0.1.0	-	L	P	196
g1_awbK8q88ZWO8tSN9pBCO630zGRuL0FxILRc3rfZbTb0	s1_y_EWIaXrW9o9Ng5PUQ-7Nv8SG0cz6_I1j8SBCrjzVkg	1unOmG	qadv-arbiter-7x7-rust-lambda-v0.1.0	-	qadv-arbiter-7x7-rust-lambda-v0.1.0	-	L	P	196
g1_awnsWjANywbeKE16xX5K_L0JAJxnt65o--YCr1Whl2g	s1_4w29_hJXd6IlbVX3_yQNK3pFl1FUu8aWhWPOGmtPZT8	1unMPD	qadv-arbiter-7x7-rust-lambda-v0.1.0	-	qadv-arbiter-7x7-rust-lambda-v0.1.0	-	D	P	196
g1_awnsWjANywbeKE16xX5K_L0JAJxnt65o--YCr1Whl2g	s1_6RoOQZV-35bnFasKpqSP43Zjyba0g7-1oX-e-ONEHlg	1unMPD	qadv-arbiter-7x7-rust-lambda-v0.1.0	-	qadv-arbiter-7x7-rust-lambda-v0.1.0	-	D	P	196
g1_awnsWjANywbeKE16xX5K_L0JAJxnt65o--YCr1Whl2g	s1_9pK_obJzofo_mvrJSU2L8ISMAT5PPdIPXJZuYJOojyo	1unMPD	qadv-arbiter-7x7-rust-lambda-v0.1.0	-	qadv-arbiter-7x7-rust-lambda-v0.1.0	-	D	P	196
g1_awnsWjANywbeKE16xX5K_L0JAJxnt65o--YCr1Whl2g	s1_RauLaTi4eVgYHSp2TV9pqs9uzTVv0B10g9TaHMWpcZ4	1unMPD	qadv-arbiter-7x7-rust-lambda-v0.1.0	-	qadv-arbiter-7x7-rust-lambda-v0.1.0	-	D	P	-
g1_awsOksYHUXKhcZcJWWhuLkfUH3NWp98RHXnaWWExocw	s1_A6Pdi-5XTqkkjjYgnZkpdFtBbOT3vcs3XV6sfAhDiNk	1un3CE	qadv-arbiter-guided-7x7-v0.2.0	sha256:9c0e5e530df7db77a98f6a2e75fe63a6f629c6ad6563e0b5454793ebc243b14d	pathfinder-v0.3.0	-	D	P	196
g1_awsOksYHUXKhcZcJWWhuLkfUH3NWp98RHXnaWWExocw	s1_O3cuwuia8XT9TI7Nxr3tRcajOA20XFHEIT2fYX3WizY	1un3CE	qadv-arbiter-guided-7x7-v0.2.0	sha256:9c0e5e530df7db77a98f6a2e75fe63a6f629c6ad6563e0b5454793ebc243b14d	pathfinder-v0.3.0	-	D	P	196
g1_awsOksYHUXKhcZcJWWhuLkfUH3NWp98RHXnaWWExocw	s1_Vtn6p5B30bbUD8YVO8sATSZoAgz4rVlBtDaUS3ASsh4	1un3CE	qadv-arbiter-guided-7x7-v0.2.0	sha256:9c0e5e530df7db77a98f6a2e75fe63a6f629c6ad6563e0b5454793ebc243b14d	pathfinder-v0.3.0	-	D	P	196
g1_awsOksYHUXKhcZcJWWhuLkfUH3NWp98RHXnaWWExocw	s1_q1qHBeKrplfd3TIe9AmUdbLrczQxRYGoirp57d_e0ug	1un3CE	qadv-arbiter-guided-7x7-v0.2.0	sha256:9c0e5e530df7db77a98f6a2e75fe63a6f629c6ad6563e0b5454793ebc243b14d	pathfinder-v0.3.0	-	D	P	196
g1_awvCAWUPalTBSZYSg1q8EpqLcqN-6vIBkp4Au0olvoA	s1_R7msRMCJBBdTXdt_pgU53q9VW4dac-ZjMdLjYAnBd5o	1umvca	rust-pathfinder-v0.1.0	-	coin-flip-seeded	-	L	P	120
g1_awvU5sU6r_ZroCNT8mbidRlEovvQNWmZ4M4jta24JLA	s1_Cr2A0gAO2zNyTnsHL0C6mS9jF-dfGyvr01mo8HDevoU	1unMAc	qadv-arbiter-7x7-rust-lambda-v0.1.0	-	qadv-arbiter-7x7-rust-lambda-v0.1.0	-	D	P	196
g1_awvU5sU6r_ZroCNT8mbidRlEovvQNWmZ4M4jta24JLA	s1_DYULXsH2U2WbON938FusSdKTeYev3gsHUsLtCaWmOJo	1unMAc	qadv-arbiter-7x7-rust-lambda-v0.1.0	-	qadv-arbiter-7x7-rust-lambda-v0.1.0	-	D	P	196
g1_awvU5sU6r_ZroCNT8mbidRlEovvQNWmZ4M4jta24JLA	s1_RauLaTi4eVgYHSp2TV9pqs9uzTVv0B10g9TaHMWpcZ4	1unMAc	qadv-arbiter-7x7-rust-lambda-v0.1.0	-	qadv-arbiter-7x7-rust-lambda-v0.1.0	-	D	P	-
g1_awvU5sU6r_ZroCNT8mbidRlEovvQNWmZ4M4jta24JLA	s1_TAd17XjqaKMkTTN0Z1DxBMedByUYukJ-KtBg4WI4L4k	1unMAc	qadv-arbiter-7x7-rust-lambda-v0.1.0	-	qadv-arbiter-7x7-rust-lambda-v0.1.0	-	D	P	196
g1_ax7EqOsnwmf1Ia2FQLyRldEmo8h0EkevWvkMnKA-M08	s1_Emg7d_Jf_PhuTZ0gxd1iR_zUYPBEZ8qEb6YnYdNHl5g	1un4Ph	pathfinder-v0.3.0	-	qadv-arbiter-guided-7x7-v0.2.0	sha256:9c0e5e530df7db77a98f6a2e75fe63a6f629c6ad6563e0b5454793ebc243b14d	D	P	196
g1_ax7EqOsnwmf1Ia2FQLyRldEmo8h0EkevWvkMnKA-M08	s1_O3cuwuia8XT9TI7Nxr3tRcajOA20XFHEIT2fYX3WizY	1un4Ph	pathfinder-v0.3.0	-	qadv-arbiter-guided-7x7-v0.2.0	sha256:9c0e5e530df7db77a98f6a2e75fe63a6f629c6ad6563e0b5454793ebc243b14d	D	P	196
g1_ax7EqOsnwmf1Ia2FQLyRldEmo8h0EkevWvkMnKA-M08	s1_ZOg1lHiJ11bzDL4dNav6NXvvd0QkRLVHDFSDTYXUvpw	1un4Ph	pathfinder-v0.3.0	-	qadv-arbiter-guided-7x7-v0.2.0	sha256:9c0e5e530df7db77a98f6a2e75fe63a6f629c6ad6563e0b5454793ebc243b14d	D	P	196
g1_axFWag92S3D0zALPTgEC9m3qdpV3surqzX8mUP9Jo4c	s1_O3cuwuia8XT9TI7Nxr3tRcajOA20XFHEIT2fYX3WizY	1un68H	gnn-reval30k-7x7	sha256:7f41dbe135649d1116a0914bc0358a5ffae95749195ec20dd972035bbbea52f7	qadv-arbiter-guided-7x7-v0.2.0	sha256:9c0e5e530df7db77a98f6a2e75fe63a6f629c6ad6563e0b5454793ebc243b14d	D	P	196
g1_axFWag92S3D0zALPTgEC9m3qdpV3surqzX8mUP9Jo4c	s1_kxcCOPI6kb3Yfxj3JAw9tOeotFWkcd3kTNwqviSbgzw	1un68H	gnn-reval30k-7x7	sha256:7f41dbe135649d1116a0914bc0358a5ffae95749195ec20dd972035bbbea52f7	qadv-arbiter-guided-7x7-v0.2.0	sha256:9c0e5e530df7db77a98f6a2e75fe63a6f629c6ad6563e0b5454793ebc243b14d	D	P	196
g1_axFWag92S3D0zALPTgEC9m3qdpV3surqzX8mUP9Jo4c	s1_nUa3ws3Gs99-zHf-hPvDSLVlIEJGXiOY79LgG2mno4c	1un68H	gnn-reval30k-7x7	sha256:7f41dbe135649d1116a0914bc0358a5ffae95749195ec20dd972035bbbea52f7	qadv-arbiter-guided-7x7-v0.2.0	sha256:9c0e5e530df7db77a98f6a2e75fe63a6f629c6ad6563e0b5454793ebc243b14d	D	P	196
g1_axJi02jUEvzFySBr8UDh0Qvl0fWW_xaBiSyHs0y1EBQ	s1_E8LAvn4MoP6bC4kwm0skfdLuO06gI80frW1Ud21v6K8	1unMkZ	qadv-arbiter-7x7-rust-lambda-v0.1.0	-	qadv-arbiter-7x7-rust-lambda-v0.1.0	-	D	P	196
g1_axJi02jUEvzFySBr8UDh0Qvl0fWW_xaBiSyHs0y1EBQ	s1_IJI4mthRGRJbz9c8r4GgxVtzc6Gwc8r86ojpnPAfZb8	1unMkZ	qadv-arbiter-7x7-rust-lambda-v0.1.0	-	qadv-arbiter-7x7-rust-lambda-v0.1.0	-	D	P	196
g1_axJi02jUEvzFySBr8UDh0Qvl0fWW_xaBiSyHs0y1EBQ	s1_RauLaTi4eVgYHSp2TV9pqs9uzTVv0B10g9TaHMWpcZ4	1unMkZ	qadv-arbiter-7x7-rust-lambda-v0.1.0	-	qadv-arbiter-7x7-rust-lambda-v0.1.0	-	D	P	-
g1_axJi02jUEvzFySBr8UDh0Qvl0fWW_xaBiSyHs0y1EBQ	s1_oN4jBvx1vz7epgkRq0oJTItWObxLhKLKuzdbj1ZFZds	1unMkZ	qadv-arbiter-7x7-rust-lambda-v0.1.0	-	qadv-arbiter-7x7-rust-lambda-v0.1.0	-	D	P	196
g1_axSMS_2o-af9NVM_kTUGus2MWWTX8CSzyXrqGb7K7BA	s1_-OKlJXuPFfAnukwGYITjiU7XKL4OC_qt76PC0TZSPjg	1umvbj	python-cnn-puct-v0.1.0	sha256:7845e9b7687beee165dc36b8d21833b7a8b5a83e31b58b49bd05c277ba26e642	python-cnn-puct-v0.1.0	sha256:7845e9b7687beee165dc36b8d21833b7a8b5a83e31b58b49bd05c277ba26e642	-	M	196
g1_axSMS_2o-af9NVM_kTUGus2MWWTX8CSzyXrqGb7K7BA	s1_1av6nXQkq-GSHXfjkVlGHGpAq8F9UbW4JwZmyFA-vww	1umvbj	python-cnn-puct-v0.1.0	sha256:7845e9b7687beee165dc36b8d21833b7a8b5a83e31b58b49bd05c277ba26e642	python-cnn-puct-v0.1.0	sha256:7845e9b7687beee165dc36b8d21833b7a8b5a83e31b58b49bd05c277ba26e642	-	M	196
g1_axSMS_2o-af9NVM_kTUGus2MWWTX8CSzyXrqGb7K7BA	s1_Brk0hkuJoH-MBjdd53AO5tlWcOgDWV_R0PO74fHGd_0	1umvbj	python-cnn-puct-v0.1.0	sha256:7845e9b7687beee165dc36b8d21833b7a8b5a83e31b58b49bd05c277ba26e642	python-cnn-puct-v0.1.0	sha256:7845e9b7687beee165dc36b8d21833b7a8b5a83e31b58b49bd05c277ba26e642	-	M	196
g1_axeL9FgVcpsmRJ0ACQ3Vr4wHzOZBn5lTtHWfgiHZ7qs	s1_2FtaP75xgRVTNrUvmC0NIesJCNy8IDFJ05WNM4nUnpg	1unQtK	qadv-arbiter-7x7-v0.1.0	-	surveyor-v0.2.0	-	D	P	196
g1_axeL9FgVcpsmRJ0ACQ3Vr4wHzOZBn5lTtHWfgiHZ7qs	s1_CyfG4TJGnygWrjp4Kjlxflg2OQIzavOIitqVzygcA5s	1unQtK	qadv-arbiter-7x7-v0.1.0	-	surveyor-v0.2.0	-	D	P	196
g1_axeL9FgVcpsmRJ0ACQ3Vr4wHzOZBn5lTtHWfgiHZ7qs	s1_RauLaTi4eVgYHSp2TV9pqs9uzTVv0B10g9TaHMWpcZ4	1unQtK	qadv-arbiter-7x7-v0.1.0	-	surveyor-v0.2.0	-	D	P	-
g1_axeL9FgVcpsmRJ0ACQ3Vr4wHzOZBn5lTtHWfgiHZ7qs	s1_zH0KlMvO9ekIb5d7JNxQA4unGlzevAXAO2itKEdaQkg	1unQtK	qadv-arbiter-7x7-v0.1.0	-	surveyor-v0.2.0	-	D	P	196
g1_axiaA2I5c7k7wwtscJN2OYbWB0PRvW2xWZCrNFiR_hw	s1_O3cuwuia8XT9TI7Nxr3tRcajOA20XFHEIT2fYX3WizY	1un67r	gnn-reval30k-7x7	sha256:7f41dbe135649d1116a0914bc0358a5ffae95749195ec20dd972035bbbea52f7	qadv-arbiter-guided-7x7-v0.2.0	sha256:9c0e5e530df7db77a98f6a2e75fe63a6f629c6ad6563e0b5454793ebc243b14d	D	P	196
g1_axiaA2I5c7k7wwtscJN2OYbWB0PRvW2xWZCrNFiR_hw	s1_kxcCOPI6kb3Yfxj3JAw9tOeotFWkcd3kTNwqviSbgzw	1un67r	gnn-reval30k-7x7	sha256:7f41dbe135649d1116a0914bc0358a5ffae95749195ec20dd972035bbbea52f7	qadv-arbiter-guided-7x7-v0.2.0	sha256:9c0e5e530df7db77a98f6a2e75fe63a6f629c6ad6563e0b5454793ebc243b14d	D	P	196
g1_axiaA2I5c7k7wwtscJN2OYbWB0PRvW2xWZCrNFiR_hw	s1_nUa3ws3Gs99-zHf-hPvDSLVlIEJGXiOY79LgG2mno4c	1un67r	gnn-reval30k-7x7	sha256:7f41dbe135649d1116a0914bc0358a5ffae95749195ec20dd972035bbbea52f7	qadv-arbiter-guided-7x7-v0.2.0	sha256:9c0e5e530df7db77a98f6a2e75fe63a6f629c6ad6563e0b5454793ebc243b14d	D	P	196
g1_axjgWQrEvorLVA3YTzrD-c-7XLamD54_dVD7jlUyoak	s1_1OG98l2v4iQQ9uaUwrJ3reeAdXxS_WNQm4EcThW-uB0	1unOnC	qadv-arbiter-7x7-rust-lambda-v0.1.0	-	qadv-arbiter-7x7-rust-lambda-v0.1.0	-	L	P	196
g1_axjgWQrEvorLVA3YTzrD-c-7XLamD54_dVD7jlUyoak	s1_Kz46bPgSgmm00qoXG_4yp5p8yFpicaIsGJdj7se9L0o	1unOnC	qadv-arbiter-7x7-rust-lambda-v0.1.0	-	qadv-arbiter-7x7-rust-lambda-v0.1.0	-	L	P	196
g1_axjgWQrEvorLVA3YTzrD-c-7XLamD54_dVD7jlUyoak	s1_RauLaTi4eVgYHSp2TV9pqs9uzTVv0B10g9TaHMWpcZ4	1unOnC	qadv-arbiter-7x7-rust-lambda-v0.1.0	-	qadv-arbiter-7x7-rust-lambda-v0.1.0	-	L	P	-
g1_axjgWQrEvorLVA3YTzrD-c-7XLamD54_dVD7jlUyoak	s1_biirmFovuRc9G7yQqXTGVqjq39p9pKFqzGKsj-SSj7I	1unOnC	qadv-arbiter-7x7-rust-lambda-v0.1.0	-	qadv-arbiter-7x7-rust-lambda-v0.1.0	-	L	P	196
g1_axwdKL_KQxJkTb-EvCssGP9sPKw7ANBDwSLcpLS45S4	s1_1av6nXQkq-GSHXfjkVlGHGpAq8F9UbW4JwZmyFA-vww	1DIYZ	lunatic-v0.1.0	-	rust-pathfinder-v0.1.0	-	D	P	-
g1_axwdKL_KQxJkTb-EvCssGP9sPKw7ANBDwSLcpLS45S4	s1_9Eroywf7tuDrn-hcfZPjlEa1DSRUykCRn9Z11u8ySIo	1DIYZ	lunatic-v0.1.0	-	rust-pathfinder-v0.1.0	-	D	P	-
g1_axwdKL_KQxJkTb-EvCssGP9sPKw7ANBDwSLcpLS45S4	s1_Brk0hkuJoH-MBjdd53AO5tlWcOgDWV_R0PO74fHGd_0	1DIYZ	lunatic-v0.1.0	-	rust-pathfinder-v0.1.0	-	D	P	-
g1_axwdKL_KQxJkTb-EvCssGP9sPKw7ANBDwSLcpLS45S4	s1_KmF8KhDbubz6lwdS8R_n_yTGdSONmH9B1wUABbyCj94	1DIYZ	lunatic-v0.1.0	-	rust-pathfinder-v0.1.0	-	D	P	-
g1_axwdKL_KQxJkTb-EvCssGP9sPKw7ANBDwSLcpLS45S4	s1_MKrI0a3Qd48rU7oZj28GrlQ3cHhIbUzS5ibiIW9aKy4	1DIYZ	lunatic-v0.1.0	-	rust-pathfinder-v0.1.0	-	D	P	-
g1_axwdKL_KQxJkTb-EvCssGP9sPKw7ANBDwSLcpLS45S4	s1_XloMUS0hxYEXf762lcPfaudsLmsH-CsOVZNVVU_obcA	1DIYZ	lunatic-v0.1.0	-	rust-pathfinder-v0.1.0	-	D	P	-
g1_axwdKL_KQxJkTb-EvCssGP9sPKw7ANBDwSLcpLS45S4	s1_g5pGkHBMEhzAYvwFY0b24sSc7wC9JfnWApMHHZ_aMPI	1DIYZ	lunatic-v0.1.0	-	rust-pathfinder-v0.1.0	-	D	P	-
g1_aySccJo38UYsDbhdXuHx_l0ho--KDDUy5bNoGfTXMO4	s1_2FtaP75xgRVTNrUvmC0NIesJCNy8IDFJ05WNM4nUnpg	1unR08	qadv-arbiter-7x7-v0.1.0	-	lunatic-v0.1.0	-	D	P	196
g1_aySccJo38UYsDbhdXuHx_l0ho--KDDUy5bNoGfTXMO4	s1_81jnOPG0KC6WWl88_LfugVl-IsJ52eOaMQkHQwGq_MA	1unR08	qadv-arbiter-7x7-v0.1.0	-	lunatic-v0.1.0	-	D	P	196
g1_aySccJo38UYsDbhdXuHx_l0ho--KDDUy5bNoGfTXMO4	s1_RauLaTi4eVgYHSp2TV9pqs9uzTVv0B10g9TaHMWpcZ4	1unR08	qadv-arbiter-7x7-v0.1.0	-	lunatic-v0.1.0	-	D	P	-
g1_aySccJo38UYsDbhdXuHx_l0ho--KDDUy5bNoGfTXMO4	s1_Z4Cgi9dXnXZLTq3NTwRQL7AV1M4oN5omBP5unHMLo5Y	1unR08	qadv-arbiter-7x7-v0.1.0	-	lunatic-v0.1.0	-	D	P	196
g1_ayf-t-n2J-sgvJlvTgLm3A-YLK60hwDtUkBAUuJcIVs	s1_3e0BOaXHEuu7N2-kn1CENtBcVOQLmax1p4VO2zQV2gQ	1unP1-	qadv-arbiter-7x7-rust-lambda-v0.1.0	-	qadv-arbiter-7x7-rust-lambda-v0.1.0	-	L	P	196
g1_ayf-t-n2J-sgvJlvTgLm3A-YLK60hwDtUkBAUuJcIVs	s1_LAwszMs_MIpcKnQrCXpCDPR_i4kIHQ1drgoXKtNzKnM	1unP1-	qadv-arbiter-7x7-rust-lambda-v0.1.0	-	qadv-arbiter-7x7-rust-lambda-v0.1.0	-	L	P	196
g1_ayf-t-n2J-sgvJlvTgLm3A-YLK60hwDtUkBAUuJcIVs	s1_RauLaTi4eVgYHSp2TV9pqs9uzTVv0B10g9TaHMWpcZ4	1unP1-	qadv-arbiter-7x7-rust-lambda-v0.1.0	-	qadv-arbiter-7x7-rust-lambda-v0.1.0	-	L	P	-
g1_ayf-t-n2J-sgvJlvTgLm3A-YLK60hwDtUkBAUuJcIVs	s1_u7vJU1mxZxUAWD7abukO7Bj1rDK7MJ9gcMt5FChIu4o	1unP1-	qadv-arbiter-7x7-rust-lambda-v0.1.0	-	qadv-arbiter-7x7-rust-lambda-v0.1.0	-	L	P	196
g1_ayjW4vs1etMpnq9cmdEeUbE-JStYRF_NOv30uqt5m58	s1_RauLaTi4eVgYHSp2TV9pqs9uzTVv0B10g9TaHMWpcZ4	1unNsR	qadv-arbiter-7x7-rust-lambda-v0.1.0	-	qadv-arbiter-7x7-rust-lambda-v0.1.0	-	L	P	-
g1_ayjW4vs1etMpnq9cmdEeUbE-JStYRF_NOv30uqt5m58	s1_VUuQ_B6ABuUb8bvf2o2ek5POvOFsQwI82xza63-HujQ	1unNsR	qadv-arbiter-7x7-rust-lambda-v0.1.0	-	qadv-arbiter-7x7-rust-lambda-v0.1.0	-	L	P	196
g1_ayjW4vs1etMpnq9cmdEeUbE-JStYRF_NOv30uqt5m58	s1_WFN5H9MRv8i8b1wCyytsOCWUdg6miZYuBy5AUxaH820	1unNsR	qadv-arbiter-7x7-rust-lambda-v0.1.0	-	qadv-arbiter-7x7-rust-lambda-v0.1.0	-	L	P	196
g1_ayjW4vs1etMpnq9cmdEeUbE-JStYRF_NOv30uqt5m58	s1_YPs8xKtEQ7MPwWTb_1_G1z4s5yF7jWq_AAjEZga3TfI	1unNsR	qadv-arbiter-7x7-rust-lambda-v0.1.0	-	qadv-arbiter-7x7-rust-lambda-v0.1.0	-	L	P	196
g1_ayxqLAWi-cOYaCx-vGpguvBkY1PTbtiq0mxqvKClSGE	s1_A6m5JxBkWvscuZyV77VotI_GKadABJURR6qWwkcyyTY	1unPw7	qadv-arbiter-7x7-rust-lambda-v0.1.0	-	qadv-arbiter-7x7-rust-lambda-v0.1.0	-	L	P	196
g1_ayxqLAWi-cOYaCx-vGpguvBkY1PTbtiq0mxqvKClSGE	s1_FWQTFC_ElpRTK_dW_OMcCjntf48ozG7XTv8p0aALcoI	1unPw7	qadv-arbiter-7x7-rust-lambda-v0.1.0	-	qadv-arbiter-7x7-rust-lambda-v0.1.0	-	L	P	196
g1_ayxqLAWi-cOYaCx-vGpguvBkY1PTbtiq0mxqvKClSGE	s1_RauLaTi4eVgYHSp2TV9pqs9uzTVv0B10g9TaHMWpcZ4	1unPw7	qadv-arbiter-7x7-rust-lambda-v0.1.0	-	qadv-arbiter-7x7-rust-lambda-v0.1.0	-	L	P	-
g1_ayxqLAWi-cOYaCx-vGpguvBkY1PTbtiq0mxqvKClSGE	s1_dAR_alLZxITTRI9o3fGKsg-j9HJ3jz85YRQC3sEJscU	1unPw7	qadv-arbiter-7x7-rust-lambda-v0.1.0	-	qadv-arbiter-7x7-rust-lambda-v0.1.0	-	L	P	196
g1_ayyyYkR_gVoWeGMChcDsZhzttPqakC18jewl-5XEREo	s1_Qmoz3nLvbLcY_1rcqMtpMJDvTQydhL5cxUNWV6EhpMY	1umwvj	qadv-arbiter-7x7-v0.1.0	sha256:8c548d06307572603b839755cc1e50393285365e10f82bcd90290ca65cd86266	qadv-arbiter-7x7-v0.1.0	sha256:8c548d06307572603b839755cc1e50393285365e10f82bcd90290ca65cd86266	L	P	196
g1_ayzopdYt-Z4dG_Y54s7JowaxM4iZaZpSATi-bRDWOcg	s1_1av6nXQkq-GSHXfjkVlGHGpAq8F9UbW4JwZmyFA-vww	1umv7v	python-gnn-puct-scout-v0.1.0	sha256:b9f80706cc1f29076ee06fe06483697c749148a808c599579045d00a52573938	python-gnn-puct-scout-v0.1.0	sha256:b9f80706cc1f29076ee06fe06483697c749148a808c599579045d00a52573938	-	M	196
g1_ayzopdYt-Z4dG_Y54s7JowaxM4iZaZpSATi-bRDWOcg	s1_Brk0hkuJoH-MBjdd53AO5tlWcOgDWV_R0PO74fHGd_0	1umv7v	python-gnn-puct-scout-v0.1.0	sha256:b9f80706cc1f29076ee06fe06483697c749148a808c599579045d00a52573938	python-gnn-puct-scout-v0.1.0	sha256:b9f80706cc1f29076ee06fe06483697c749148a808c599579045d00a52573938	-	M	196
g1_ayzopdYt-Z4dG_Y54s7JowaxM4iZaZpSATi-bRDWOcg	s1_D_X-fTFZy6xuyGSC5jFyKBW6IP_59Jbomefazf4xu44	1umv7v	python-gnn-puct-scout-v0.1.0	sha256:b9f80706cc1f29076ee06fe06483697c749148a808c599579045d00a52573938	python-gnn-puct-scout-v0.1.0	sha256:b9f80706cc1f29076ee06fe06483697c749148a808c599579045d00a52573938	-	M	196
g1_az6q2ijVxBFqbU5Nr2-pUaWQtteOi1F-TWbNkPbkb_0	s1_qtlitMa-GGx-0y2heoyNRonYXf1Dq5epTexnVe9Iqtw	1umxe3	python-gnn-puct-learner-v0.1.0	sha256:ab0f739cd33d66781faf60e27797c5ccba3c04ba684f8d9e32e9c2754f4e8956	python-gnn-puct-learner-v0.1.0	sha256:ab0f739cd33d66781faf60e27797c5ccba3c04ba684f8d9e32e9c2754f4e8956	D	P	196
g1_azAcRTp-tw8uBB17EedqTegA1X0fAe9ZjCIp7vD5n58	s1_-jRjQtuEOslSa9x5B0_OB1lUtlNMuTS13Rt3U3gL-wc	1unMg1	qadv-arbiter-7x7-rust-lambda-v0.1.0	-	qadv-arbiter-7x7-rust-lambda-v0.1.0	-	L	P	196
g1_azAcRTp-tw8uBB17EedqTegA1X0fAe9ZjCIp7vD5n58	s1_RauLaTi4eVgYHSp2TV9pqs9uzTVv0B10g9TaHMWpcZ4	1unMg1	qadv-arbiter-7x7-rust-lambda-v0.1.0	-	qadv-arbiter-7x7-rust-lambda-v0.1.0	-	L	P	-
g1_azAcRTp-tw8uBB17EedqTegA1X0fAe9ZjCIp7vD5n58	s1_afifcVqG9rhJ6qiKVaWopDD8ZmziRlSDsm_EdH5Ahgw	1unMg1	qadv-arbiter-7x7-rust-lambda-v0.1.0	-	qadv-arbiter-7x7-rust-lambda-v0.1.0	-	L	P	196
g1_azAcRTp-tw8uBB17EedqTegA1X0fAe9ZjCIp7vD5n58	s1_lf9qIiMIt6nySOcB5ys8PWOcGlQijSYzs4tM1TpE6gA	1unMg1	qadv-arbiter-7x7-rust-lambda-v0.1.0	-	qadv-arbiter-7x7-rust-lambda-v0.1.0	-	L	P	196
g1_azE2Tf46iyWWYAgULxcxWdffi74FncU1g1Jc201qTmk	s1_6aVypPyr_aLXTlQnRHbQglnisTKNkM4yDEhe7VRc8Dk	1unPN9	qadv-arbiter-7x7-rust-lambda-v0.1.0	-	qadv-arbiter-7x7-rust-lambda-v0.1.0	-	L	P	196
g1_azE2Tf46iyWWYAgULxcxWdffi74FncU1g1Jc201qTmk	s1_RauLaTi4eVgYHSp2TV9pqs9uzTVv0B10g9TaHMWpcZ4	1unPN9	qadv-arbiter-7x7-rust-lambda-v0.1.0	-	qadv-arbiter-7x7-rust-lambda-v0.1.0	-	L	P	-
g1_azE2Tf46iyWWYAgULxcxWdffi74FncU1g1Jc201qTmk	s1_fnfbf44YyLlwyjZZjxuSwdApQvPPlUc-yW87q9p4_gI	1unPN9	qadv-arbiter-7x7-rust-lambda-v0.1.0	-	qadv-arbiter-7x7-rust-lambda-v0.1.0	-	L	P	196
g1_azE2Tf46iyWWYAgULxcxWdffi74FncU1g1Jc201qTmk	s1_jtdkyTP-HFjp9M8dPsQtjYIiKIISW-S4JhbohNz0SIE	1unPN9	qadv-arbiter-7x7-rust-lambda-v0.1.0	-	qadv-arbiter-7x7-rust-lambda-v0.1.0	-	L	P	196
g1_azspomukMZV4gR3Rq_DOD9D83_vPZfUFXX1R_NAsWJs	s1_J4CWqTTkYDmg5tkYmeyAcJLE2LAZUBrjTZrufmHubMY	1unNBe	qadv-arbiter-7x7-rust-lambda-v0.1.0	-	qadv-arbiter-7x7-rust-lambda-v0.1.0	-	L	P	196
g1_azspomukMZV4gR3Rq_DOD9D83_vPZfUFXX1R_NAsWJs	s1_RauLaTi4eVgYHSp2TV9pqs9uzTVv0B10g9TaHMWpcZ4	1unNBe	qadv-arbiter-7x7-rust-lambda-v0.1.0	-	qadv-arbiter-7x7-rust-lambda-v0.1.0	-	L	P	-
g1_azspomukMZV4gR3Rq_DOD9D83_vPZfUFXX1R_NAsWJs	s1_fzWV8S-zEC3KOMx17ItcKZ14HZipREl3Db3qA5dxxCc	1unNBe	qadv-arbiter-7x7-rust-lambda-v0.1.0	-	qadv-arbiter-7x7-rust-lambda-v0.1.0	-	L	P	196
g1_azspomukMZV4gR3Rq_DOD9D83_vPZfUFXX1R_NAsWJs	s1_yte6cqCCuG9i1EnZxXmS4G4nEmbB020EF3j9LdT0G9k	1unNBe	qadv-arbiter-7x7-rust-lambda-v0.1.0	-	qadv-arbiter-7x7-rust-lambda-v0.1.0	-	L	P	196
g1_azuqThaVxp6yUgx-5ihmVNvOa9Z8id3v7YjcnwyPJ1c	s1__fmnSv6OnZklVvMPUjPdL6drtvfrJptRYX3nxZQO8jI	1umxx-	python-gnn-puct-scout-v0.1.0	sha256:b9f80706cc1f29076ee06fe06483697c749148a808c599579045d00a52573938	python-gnn-puct-scout-v0.1.0	sha256:b9f80706cc1f29076ee06fe06483697c749148a808c599579045d00a52573938	D	P	196
