# g1-key	rules	size	reserve	repetition	plies	2-char-actions
g1_9-4zHCra7h4_e7-1gDOQueeFNN9ttHxtVhyDdHKtGD4	pathagon-rules-v1	7	14	3	32	0L0l0H0J090j0Q0i030c0T0Z040h000O0V070C0A0J0W0k0G0S0e0K0fMQ0g4C0d
g1_9-91h0V1UvLJyqEDEeGW9kXvw4YjFiduVps6gqAioWQ	pathagon-rules-v1	7	14	3	34	0D060C050B040I0J0K0C0J030A0H020A090B0G010H02080F000807090E0L0F0M0N0F
g1_9-CmOM8utoJcDvNYylvU7Kxlh5VMeUEmClmgMA2oX1Q	pathagon-rules-v1	7	14	3	32	0F08010M080L0T0a0M0N0U0M0G0T0N0V0O0U0H0W0b0c030b0B0Q0P0I0A0R040P
g1_9-LFzUTlV65WsDGaNKg1b6BJny4rhe5Kw4DrDIct7uw	pathagon-rules-v1	7	14	3	78	030E0U020D0G0F0X0k0b0O0J0Z040g0h080l0K050L0i0B0e0j0f0I0d0S0ARr0ZB5TXOF0bCj5DEOQW9L2oIPVc0HO80m07aV0X0UB50G6s0a0MHK0b0eaZ0W0l0CQe0eLz0k06Mq0V0K8x7I05OF5E0l4S
g1_9-RwceI_uSE_pBU7ZrwikzD_bOj3Iik9s3Z1RLeHFN8	pathagon-rules-v1	7	14	3	16	00070S080F0M0L09040B0k0A0h0C0G0D
g1_9-TFAb1W3qtOXQDk6vltnrZWslz1JnyCwJmHrQHViy8	pathagon-rules-v1	7	14	3	143	0U0C0l030T0m0R080G0B0M02090O0k0V0Q040X0f0D0Y0c0A060P010H0F0j0I09QdR4H-8ETfWUah9L2701LFZrFB7gDd08N90QIX0C9v1i0G9-Sd0CZP0LBE0C0D0dPS0PbG0X9b0HDD05Vx0VC-0J0K7c0eEX0c230GOw08HL0MKi0E8g0d3X0AJC0PF_0HQk0U3oC9P4DT0QTU1_U-CbEN088y4z0aHU0JNA0XaS0M0aTcZT0ALP8nbA0JYB0NaG0kCn0OYi0i9-Lo2V0LNHRE0YYt
g1_9-ZYan180LYTBAcYdqDmHeDWwjiOx21L5_tSS2x5LSc	pathagon-rules-v1	7	14	3	42	0k0f0e0N04050a0L030J0g0W0E0U0S0C020L0D0d0X0e070b090Y080I0H0A0QPm6uWd7D8x8MVW060X0f6U
g1_9-ga_xS8fwuYrLwLt8SyhycwkDu5gOz4crKgYe8p7AY	pathagon-rules-v1	7	14	3	41	0L0K0C0S020J0E0G0d05090i0k0V0O0j0H0B0a0I0W0X0e0T0c0b0H0g0A0M0hZC0PI708bS0k550P0R0W
g1_9-gdKaE1UupgQ8KiCmQHlDF0aT_ce7ojwJQCdRZ0A-g	pathagon-rules-v1	7	14	3	18	0d0C0e0E0B0l0G0J0I0H0A0I090F080G070K
g1_9-i38APwgjQSqujyDq2CWDaTmXUI9shGaim3teV4Ubk	pathagon-rules-v1	7	14	3	102	0g0Z0R0S0c0A070Q0P0E0Q0Y0D030W0J0M0X0m0Q0e0B020d0K0L0G0f06090FRiPZ0jGYRB0H9uB70ZHh0B2M0hEK0Q0lUj5P0M0a7U0P0a0HQS0AJgLe0T4Z5D0eZt0FQT0eLDbrLfAOQvGdB2Lf5o0mGdB2Lf6ZQvGd09M5BFRE5vWUQh0jR0Gd0cM5B9R7C1WNM5GWIF
g1_9-jv0nPFzkhWSsvc36DbK1fMo9uWw6yNrPLy1Th9u1Q	pathagon-rules-v1	7	14	3	43	08010G090A0F0H08090203040L030a0B0I000U070E0N0F0M0T0F0S0O0P0Q0V0J0O0P0C0O050-000B070I5H
g1_9-k0j6cXhHlfq_fgmR49dSNsGcmhhOcIIsW2t7yzkGw	pathagon-rules-v1	7	14	3	41	0L0g0k0A0M0f0O0i0J0d030l040e010j0G0K0Q0T0b0D0V090Y0B0k070W0N058DFb08IN063-0X5D7N0A
g1_9-mTk28pFY-t1KojdOE780de_IC3YaupAKAKyIbobgU	pathagon-rules-v1	7	14	3	18	010g0M0h0U0i0N0j090k0E0l0m0Y0H0e030X
g1_9-n1WvdK4101O1gxwKBZguux7KjRZWGdcf_i3i4A54s	pathagon-rules-v1	7	14	3	26	0a0X0K0C0h070D0B050Y0T080M090A030J0G0C0O040P020N0B0Q
g1_9-qz6ZkQstdaJRX_KwUf14eGjUGtOqIElzjdeNf41Z8	pathagon-rules-v1	7	14	3	35	000A050I0m0c0a040E0L020U060i0X0J0h0D0H0R09070T0g0P0l0h0b0MTI0j0FZU9018
g1_9-vaP6ttGVIkH-Yq4HIrqLcybwWiaHe-4JhE67FDJmI	pathagon-rules-v1	7	14	3	93	0e0f0X0Y0d0W0P0X0W0Q0R0K0Q0R0X0J0I0H0O0I0V0c0D0C0B0A0I0C060B0504030m040l3t0B38032K0B5P06030D1Y5O2PAm4p1d5O06025a0t091dAl5N0D2K7i0tAk0D2K360q0k1a5O34032K360q001a0t354f2O3t1c354f2O3t5R060B
g1_9-zcUMvg-TzvD5eFptpSNfVGZjaIfL69GqktM6MCNEo	pathagon-rules-v1	7	14	3	30	05060C040B050D0K0J0D0I030A020H090G0N0O0G0P0Q0R0Y0Q0R0X0E0W0F
g1_90JcKo5AIqL2tihjsVOlfhq_-Ix52Nq9Aqq5P0DDIVQ	pathagon-rules-v1	7	14	3	196	0L0E0S0Z0g070Z000M0T0F0a08010h0G0N0F0U0M0T080a09020b0i030b020A0H0O0A0V0c0j04Zy1UZC4XalZybT0cYR00cFUdbS1WZvcE0cbUXgZ-0jakYQcBZ-0hakXfcE0gZBXhbSYRZvcE00bUYRZ-0jakZBcDZ-0jakZycE0hbUYRZ-04akZBcE0BbU4XZz6ralZBbSZzcEalZBbSZz1caiZB0701ZzaiUbcDbWZzaiZBcDbWZzai0scFZDZwbTakcFZDZwbTakcF4cZu6paiZBXdYSZvbTZCahYQZvbTZCahYQZv0sZAahYQbRZzZAahYQ0cZzZAah1YbU01ZC0t0E3waq5NBb0E3w0r5N1e013w0r5N0701ak1VcE0EbU0c
g1_90KFi93j4Uxvf2yYw_IFh22MiBTb6UV-YQfsiiFk534	pathagon-rules-v1	7	14	3	44	0T0O020S0M0U0N0T0a0G0T0F080L0F0N0H0M0V0G0O0P0I0O0W0B090P0Q000I0A0P0J0H010G0O0h0H030C050D
g1_90KVRS6i1_jOwgthHdRPkk1COsWGx94EJC0lRJfi5Go	pathagon-rules-v1	7	14	3	60	0b0U0i040g0D0h0a0d01060L0M090A0J070T0l0C0P0k0F050B0Y0W0EXJNhY30X5qHS0G1bYTZf6YSwJbA5PJ0e0C0WAICCKi0dK23q0JVN9lBOF_Qk0I4W
g1_90TMueUCNPTzBRV0LUY0MqcpHb3pXr8JFlomCiECekk	pathagon-rules-v1	7	14	3	118	020U0W0F0B0g0V060H0c0Q0R0E0L0k0d050a0j0l0O080b0M00040N0f03019U0P0TCa0GH92p0ADq0hJ8010y002Y0XOi1BNbXz0SWS096x0cSLaA0DbaGa0fDy0H0lMb0AAM059iFp0UbD0WOe0BAw097O0UQA0B1q095t0B0PT70N0l0S820m21MF0eLP03M80lKV0daO0R5K0OFA0lAR0JaH0DKe0P4Y05Q00Q1D
g1_90VIvm1sh7VLC_Br9ujL1YMx73g3T-u9gaoL0k05l_Y	pathagon-rules-v1	7	14	3	68	09070U0f0k0O0T0i0S0b0X000R0Y0h0g010C0e0H0Z0J0K08040a0m0E0F0cGFZ40NR5bdJfOQ0G05Pz0DUH28Z503CFRl0MIm0K5m0lM00ZB50iSg0j0F0hKeGg0W0RNbTi0D1O
g1_90_CtRygB84WdZVemXpzRdURBFiVj8_SVeFXERXql_c	pathagon-rules-v1	7	14	3	84	0c090W0T060K020U0M0A0Y0i0S0g0j0O0G0B0a0V0J0R0Z0P0d01070mSP0k0e0j0QOo099hDcJUPf05TNbw0hLa0b91V20DJ90R44aM0XUD0OGU01Yt0K0mGO0OXw0BE70I2D0aMg0fTYPC01OQQH0aRY0RFO0bN3Tq099x
g1_90bSSk7qM-18Fhfrwiym389gtDb84CJzeRUOoLoem9U	pathagon-rules-v1	7	14	3	66	050g0D0P030j0A0d0Y0l0a09020L0T0J0N0Z0e0U0X04060K070C0c0H2h0MIf0WQKZp0iPy67ABE9TW4cBX058J56060C5sQsS50aXC0G4D06b20NWc0b0k0UGY0jI50a2d
g1_90cvHFIiP20ggaU7a-f6SbxDZzYg8Q2JGJ8508xCpkU	pathagon-rules-v1	7	14	3	30	0b0F0S0h0I0f0U040j0G0A0d0Q0K0H0M0N090J050T0V0k060l0B0Y0L0RGF
g1_90fXUvunQH4EqfBedc6kBf2XJ8pijfv6ZRHO7fWDX_Y	pathagon-rules-v1	7	14	3	17	0F0k080h0g0Z0S0a0Z01000L070T0E0M0L
g1_911wsn4keWzlOT7b6rjmy4rypEyWrvrWrBD8u1AVirc	pathagon-rules-v1	7	14	3	70	0S0k0M0P0705000e0h0Q0i060K09030b0d0l0V080L0m0T0j0Z0J020BH3aF35apOt65130aXx0c0R8CCt9j1nTK0lRJ0VaT0d5G0h05Uz0aYH0dEnVC0h0Bam3eZ20i0NKb06Dm2i0V
g1_915oVJaLRYXc9LTHI88o5y4x-IjZIc9MZsJyO0Ub9js	pathagon-rules-v1	7	14	3	75	0N0j0P0F0c0O0m0e0X040Y0Q0A0J0f0X0k0R0a0B000h0T080l0b0U0H0MLf099u7_ZuN96x8UXyUMQY0w0CP70Vb4CLIn0X7y08RJ0J0e4u0l7O084WGb00Si0K3F0RKS017QAFIn0C9UFVQ605H1
g1_919PDPCdp2be1_lOpawFVoTck55r2XKQKURf7ZM6vAw	pathagon-rules-v1	7	14	3	69	0J0Y0N0S0U020C0500010703060T0V0W0G0X0F0a0c0j080b0i0h0d0k0i0b0d2A7J2KAc0m0l2A0pM_0IPH5PQG0MRJ0f1O0X0Y090eO7220U010A27Nn3Y0T55910XF200Ck01Fv
g1_919SrJONmmTkn0BXbYpW9t3_p_LqfsO3a48lCyHBK-w	pathagon-rules-v1	7	14	3	74	000E0F0h0g020i0U0S0B07080L0M090E0N0Z0b0G0F0M0T08090M080G030F090O010N0P020A0H0z0I1j0U6d0I7C0K070J3U0E6R0U7j0W070V010E1x0G6l0cMK0W3W0E6f0jHa098V0I0e7z
g1_91CxP0iEgWsQQ6xY7SHKcdA6KrzwMcSsArADrhcSakQ	pathagon-rules-v1	7	14	3	15	010V0S0A080O0F090M0b0T0m0h060a
g1_91NLBlmlo4Aqgr1IW8JIXoMILgksETyT3WV_lDFlOuI	pathagon-rules-v1	7	14	3	28	0f0T020L0Y0m0i0M0R0l0K0U0b0N0c060D050B040I03010G0A0H0J0A
g1_91Sr1PbGwmvM-r0qdQXnEhph1JwFP8KqHpo3YAVTgR0	pathagon-rules-v1	7	14	3	65	0b0O0G0P0U0K0D0Q0F070k0N0H0f0j050W06040B0M0a0d0J0Z0V0e0I0X0CZqWbSHGlahKuCQKN0l6T0aFZTV4l0U0b0GM70AXL0V0U0OHF0J0OPZ0aOx0Q0B65Ym0W0Q
g1_91U_hF4me8zRlHHZLtrMVNFjp1G0IvEMBQPvbrFrmdU	pathagon-rules-v1	7	14	3	67	010N0G050T0X0M0g0O0h090P0Z0I0D060R0U030c0B0H000A040m0S0C0b080JYCDfEz0IAe4S0K0fDxN54oMnOELn7L047u0GQV0jBzF90DJW054JLA0iARH_0lWfMx0FGc08
g1_91W0Gm8kfBDeWFqiUxYbnLU3M-6m9AeDpmWr7LOukbg	pathagon-rules-v1	7	14	3	59	0C0K0R0b0L0V0j0d0i0k0h0g0X0P0S050l0T0I0E0J0M080k070O0Q0FQe0AZs0U6z030EJg9-TUTvCdL_8_FTJhBm3CYC0d270E6k0PVW0R0O0E6d0aEj
g1_91wQgLcT9nb3lFaw-bv5W84f3b79sta_-B-graB9abU	pathagon-rules-v1	7	14	3	196	0P040e0O0X0W0Q0d0V0c0W0V0N0U0O0b0I0H0J0O0B0C0A0G090N03050201080F0M1e0T4d2J5P08090F3u042O0A040p1Y6w4i2O020C0o4c2O9_0C0o5N2P4e05095O0t08051Y2K6x090o5N2P4e08015S0t093w9G5N6_0B3w0r5N1e0C050o5N0B2K7i0t8R0A2K5P0t4c052K5P0t09052J1a0A5O0t2J9_1g5O092P4p1d0z5PAq08052K5P6v3A1b2K0p5N3A1b090o0A36031Y5O09360q083r1c0A030o2J4e3w040B2M4e0C013w0r0B2M4e3w040C2J1a3s4f0r2O0238034i1d0B385Q2K6x4c393x2N1b4e053u4g
g1_91zn5Nh0rbCGTTrWHl1JaQlbFHt_PRR_u6sMz3nRZGY	pathagon-rules-v1	7	14	3	70	0d0e0c0b0W0X0V0U0P0Q0O0N0G0H0I0J0H0A090B0C05040C0B030A04020001081e010F0p5N1e7h09080G0-091s0CB90JGd0QM50XRZ5vWb01br0QLf0JGB4wApR05ZGB0M050NAk
g1_92-VODz-GcXDu8HCnAdl_7nwQcRIkE0dTKIo5oPmCM0	pathagon-rules-v1	7	14	3	110	0L090J0I0K0P0W0T0Q0N0M0Z0d0V040b0O02060P0S050N0U0c080V0a4U0gJ00R0N0QWR0XIg0fUlX9MD7W03860P5J0cNx0UWF5R2P364f3s5R2O3A0J3w1c5Q0N4g0s0L6E3H0CLm5o0B0QAq0C3wA10CLV5P3s0G364f1c0B2O0F0CGWLP0D0MAq4pLm0d5aFPC_0eZy5JbS0F0j4aBU0GGq
g1_920kL0Mo6HyGlDj9mv6frpPmi-GHS0YfpQxl31drzFo	pathagon-rules-v1	7	14	3	105	090Q070C0J0F0H0A06050c0Z0d000m0B0T0U040k0j0N0G0e0K080E030D0i0g0VFT0O0L8SNj9k6X3QB01rBdIvGxAQ7EJf0O0fGX0VJW0Zbv0jXY0aKa0hUQW90AZV0MFZ0KQI0RL20CYy0DRJ0MNbHE0lH-0IGg0eM20i5Y0QU70XTZbo0aUuJY0c8H02KI0mUvYl0UQJ4l0WAD
g1_92ek-psdnR2Mh-ZIa1v9wBkhxSPgpdAOE2cKG6K07YI	pathagon-rules-v1	7	14	3	82	08010L00050C0e0O090Q0c030J0E0V0g0d0C0i070H0P0a0j0f0T0A0J0W0S0M06850LOYK5WZ090XBn040D3_MG046aINAJ4e0KLe0O8c0Q0UBD0P0x0IOn07Kz9c0DKD8c0hGH3w0ZQEMH0YAp2T0fQ-Gv0XDoAM02
g1_92gt1-5qYtMCXqi-T8A3C5rHAlmlRQuHER5fe55iuXY	pathagon-rules-v1	7	14	3	125	090Q0M0Y0h0T0N040f0A0S0P0d0c0b0G0l020L03000B070c090D0O0J0I0j7o0a0eZT0K0bWhCh0HUQb63kMx4KV4LwYO2kEI05EoKx0JOt6P02Fa9L0JTMYW0i732U0cLcD-QtaG0k3E0mAg0RHga106cF0dLVUy0jUHZR8n0GEBaMJQ0kL30GGJaMFe0kD_3lJuNk0jT41OXXW30VPhIu0bP3Cl0aMj0c0dSz0bbK0d87C40lID52H9
g1_92nrVOvR_D8udhaYCor8IQkvzuFvS2CRIoVYKpdJgqo	pathagon-rules-v1	7	14	3	28	0I0H070G0T0R0Z0Q010C0l040i0N030O0h0P0U0c050f0B0V0Y0L0k0M
g1_92pXhr53LVtZAaI4fhp069ZW2Jv1lwFWYQCZqw8klZA	pathagon-rules-v1	7	14	3	35	0R0D0C0K0J0Q0P0I0B0Q0J0I040J05060O0H0A030H0Y0X0W0R0P0X0V0c0d0V0e0W0X0j
g1_92zONXtq-Y41SBv9opbDrdiN10WKYPOhbo05ShSzoxg	pathagon-rules-v1	7	14	3	69	0G0W0X0c0f0i0a0e0A0I0V00020g010T0P0m0d050M0Z0H0l0e0S0j0JQa0DIL0F1f04So0KaM40QyEx6fMx0hS9WBX7IkTfP4Cr0j0aVm0cI60OKG1N0P0II60OKG9o0gFF0S0625
g1_93AV4yzlo9vS55GOcy7Tx8I40VSnCZFZIbrG54I5Z8M	pathagon-rules-v1	7	14	3	41	0M060Y0k0A0X0h030G0C0f0b080L0c0a0J0B0m00090d0g07020H0D040i6N0EaY0R9U8A070X5m0KF006
g1_93C26JggIrAKwu-ayJna-O_194HVI-6ICJyxn0t8zek	pathagon-rules-v1	7	14	3	59	0T0a0h0i0g0a0j0Z0S0i0b0c0Z0b0U0V0N0O0W0M0V0T0c0N0H0U0O0P0I0O0P0G0A0d0B0c090V0k0F0d08Wy0Q0g7IPPYV0W096y0P1a7uPiCaMj09Lr
g1_93H6LWmcGaYC2uFBULCLiZ9d4fTdq1dhJmjviHR3h7U	pathagon-rules-v1	7	14	3	39	0L0M000E0N0F070M0E0S0Z0g0S0a0b0U0h0i0j0h0b0k0l0d0j0U0c0V0O0b0G0c0V0W0c0V0a0F0b
g1_93eYIHq-IP-daTCvnZx5rU6CRMATGcWuFUAdEMnRdCs	pathagon-rules-v1	7	14	3	40	0f0M0d030R0i000V0F0c0k0G050l080Q0X0j0P010O0N0e0J0C0b0Y0T0U0QJb0kQFDiWYFY0rTsJB0g
g1_93fW5-pvb-9qcD2d6gKkx94ZB_xm7oetu5xLZ7TO0RY	pathagon-rules-v1	7	14	3	55	0W0X0L0d0M0P0g0N010H0c050J0I0F03070K0U060Y0T0a0b0W0c0E0e040m0T0j0AEJ0fIt0NQI6fUrXY0Z0UGlQDK14GUJ8R0cRV0XNZ0W0v
g1_93rSRPkLE-_zZcNTQEj2mtLZB5MZi7x4Sqgt-Y8UB6Q	pathagon-rules-v1	7	14	3	32	0L0M0c0j0B0H0i020W0g0k0A0T050X0J0l0K0Y0G0S0R0D090308060Fb90IHb2Q
g1_93wZWFWn9lbCkBZOg-kK7w6XpjHVav_v_bGHHyUG7NI	pathagon-rules-v1	7	14	3	53	0c090P0H0Z0M0J060Y0Q0K05030O0e0A0E0L0k0B0f0l0P070I0C0g0d0U9h0S8_0XKuRO0YNwPD0E08W5JnTgRZF5HwQCBP0LATQp0N3B
g1_93yDDLEIlhWwRJ5R0cjXMTZRBzYL_rjwDrWUTKaFGrU	pathagon-rules-v1	7	14	3	31	00040g0E0G05090l020P0N0c0b0H0I0D0W0f0d08070X0Y080m0j0k0Q6W0B1A
g1_93z80hmnxtqsXayhxICnETon4vrleoc6oDuCFUs8mc0	pathagon-rules-v1	7	14	3	20	0G020H030X0508010U0F0P04060D0T000C0B0S0C
g1_943GU2D7l4tesNQdDKaj4u7rKxnIpt4lGeypT523Ovw	pathagon-rules-v1	7	14	3	16	07000C0801020901080503040B030A06
g1_94V94I9oLQieFEic0xCQBUyDvfDAdycN8WtwQr7qmOY	pathagon-rules-v1	7	14	3	196	0c0b0U0V0T0a0M0N0O0U0N0V0P0W0d0F0W0G0H0N0I0J0Q0X0e0W0Q020X090A0B080A0F0C0G01JC0ODs0H0A0I090P3w1c0B2M023s0A364f1c012M0B3t0A38030B1a3s340301380q9H2P3t380B5S2P3u9G025S3A3u2N025S3A3u0A1a5O340B2K9E0q0B4gA23A0C3wA15Q024g9H3A033w385Q0B4g02392P3u9G025S1e3s2J4e381b5S2P3s360q04025N1d01380q0B024c1d0A38034d0s0B382M020A4f1d3x9G354f2J3t1c350q2O3t1c344d2M3t0r1d5O0B364f1d9I3s342M5P040o4c2O3t040o4c2O02040t
g1_94WgsQ_oxBykO1b36JfP3ReJ6UFPO5hOgR2ldNkJ1JU	pathagon-rules-v1	7	14	3	65	0E0B000W0d040R0I0F0Q0O0X0N0e0S060i0H070h020C0P0j0L0l0c080U09HY0GMGDKVC7ULyAS0CYF0dZo0DSE01Fe0mEm0cQl0YP60h9pOC0kRNbJ0MaZ1F0YNZUb1Y
g1_94bqEKj20k-yKVlcv8o3VBZ02ZwUbD9C-5Aa0ThJnFI	pathagon-rules-v1	7	14	3	19	0h010002070M0R0j0i0H0E0U0L0W0S0B0Z0I0a
g1_94cnY3boVD9ozJpj6ciW6buW_YZTl067e3kW9eV5aek	pathagon-rules-v1	7	14	3	96	0H0O0V0I0O0U0c0N0G0P080O090X0W0A0B0H0A0F0M0G0F0T0j0Q0b0d0e0W0d0D0V0J0C0a0KSL6wAm030o042J361b050o0A363u1c092M0B3t0435032J361b3s0r0a0B2J361b0T0r2P4e9H0R5O2J4e391b3x2N4e395Q3x2N4e395O3u2N4e0Y35EE
g1_94p2KsZ5xDbwwwfYVbChQhJv-1j3S4815tgfsrugWi0	pathagon-rules-v1	7	14	3	116	0B0A09080A0J0I0H0C0I0G0F0K0G0D05060C0403050A0O0B090201090N0M0P0Q0R000Q0o002Q020E03010L0S0MBq0_682QGuBq0_00MY6aBc0_00MY6aBc0_0TMD0L1fGt0L360q1Y6907360q1Y01071a0o34032K360q003t0r346B2QBX0_Gs0L2K5P0t00050o342M3t040o342M020S0r0U03MD0N7h
g1_94rb1UhGXpvyipj_L9w3NtVqrhKTIQwvI3TiIFMFxVY	pathagon-rules-v1	7	14	3	45	0d0W0V0c0b0U0c0V0O0N0V0P0I0O0H0G0O0A0B0903040k0A08020j03010F05060i050M0THs0N0G0O0M0H9m0B0T
g1_94seWw6003vEEdPuSFoepnKsE2Y4YSL3vNVPg7HaGI8	pathagon-rules-v1	7	14	3	59	060D0T0C050K0J0R0C0B0I0C040Q0B0J0P0Y0X0W0f0X0e0d0m0l0k0O0e0l0P0A0e0B0HJG030O0AAt0PKr0Q010H0X0A9S080B0QQy0e0A0X680H025X
g1_952emrZGZcYjsbVdMFIMPxjOiji64pDjfs4nSrpWNoU	pathagon-rules-v1	7	14	3	82	0Q0V0e0F0J0d0H0K06040W0g0M0E0B0P0T0k0W070D0i0f020I0a0Y0Z0A0X0lSkEx09WMYsanS9ELCCNFV85z000SQkAp0qJuYl0dK50J0D0X9O0BPR0IGB0mTBau01Hd2Y0E0LEp02UW2Q08AC020EDA0G18080V6H
g1_95CPSXGwYqrAiTHkLd_OssVLxtM8eUaPrbdOBQ9YKr0	pathagon-rules-v1	7	14	3	20	060K0G090g0N0V0G0f070d080C0H0U0b0D0I0U0J
g1_95DF-qwrK2ZXUkW8tLrzqm5F4zxBn9R-yQKpdJo93-s	pathagon-rules-v1	7	14	3	46	0M0F080T0F010U0N0G090N02030A0H0O0A0V090U040B0I0P0B0W050C0J0Q4c0C0X0J0s063r040D030C050K0C1400
g1_95EVismsVdaGY0EH34X61dsP4GQtEfir5_1CunrNlWE	pathagon-rules-v1	7	14	3	87	0K04060m0N0c010U0a0B0k050i0Q0P070d020V000S0O090I0Y0h0j0X0eN-0GJC0O1CDW0G0MXrYwDX5Z3LN80D0603JqF9VX01aJ0IOh0DGM0J00QB0CPX0T7x0E0iIVcB0b0LAH0RRPFh0fYpBk0lUDH40V445i0kNCDj0h4g0T
g1_95McFH076FiKSBPv16eqZQRaqL9C9RNEaTJA7QN9220	pathagon-rules-v1	7	14	3	48	030l0m0j0k0M0d0c0l0e0f0d0K0504080F0102090G0N090A0H090A0G0O0V0W0X0d0W0e0P0I0O2J1a3503080Y0r2J1a0L
g1_95NJ9-pnbAEJbVfVOoeEZOeVum-gLVbdTjF9FucCJTs	pathagon-rules-v1	7	14	3	57	0O0c0V0m0Q0k0h0P0J0g0I0X0S070N0L0U0Y0b0H060Z0K010a0F0j0M0004JH3-0iX3TM0gYr0b0fTcKuGxYO6p5b0dYZa6C5YH0P8GZf0AOS0k1N
g1_95NPYbtC0cYYOMJ4lmV32Pr5P_htK02kJ0MQtrMvbS8	pathagon-rules-v1	7	14	3	57	0Y0P0E0i0B0R0U0G0C0X020W0k0S050m0j0d0a030V0M0L070T0l080f0F0ONp0hAYWe0fUw0MMQ0SF64NBB0bbKWU0lZ_0NIH04C20eT90HZSJR0o
g1_95NQd_Ujzp1xcH7jhLvIoTMioNA1aieXz_0v5Hs9Sls	pathagon-rules-v1	7	14	3	37	0h0e0c040Y070a0O0P0T0j0R0A010L0G020Z0H0d090V0K0I0N0l060U0i0fKg0JJ10B8s0O2W
g1_95X8nTK9TaTLYwhCxt1r2IWxBVilpp1ZUWhSC3rGJB4	pathagon-rules-v1	7	14	3	25	0B02040I0P0W0I0S030T0d0U0k0W0V0O0H0c0j0O0N0G0X000W
g1_95Y4MCRkhovmDE-s7zY9r-sb6T4d4HfvRjGZZGGJYaA	pathagon-rules-v1	7	14	3	72	0F0E0401000Q0i0f0m0k0V0N0j0G0A0U0C0W0Y0b0c0a0g0e0T050X0F0L0M0IIf09OIEg020N0I43Sq1L0J0l0OBh0Rb40M0RPK0hFQQ6CZ0e3G4E0E6J0fbp0DLp0mG90OIuAu0K2UE_0F
g1_95_Y8Z6UhcP4nddnH4-ZodFAWblCX7lb1y8rK4gOkxg	pathagon-rules-v1	7	14	3	69	0h0e0M030F060P0V0A0j0f040Z0X0J070O0b0Y0S0m0l0R02050T0k0Wbg08Rb0ELiV_HyZfad6oWj0I0f5Z5JXHJT080lOj8X0RR-0O7tBu0Z3U00KM1G0N5e0c230iWT00Ze01D7
g1_95dx8grhnnqkDQkRhPBRpWXMKyeZ4-lyAU_7fj4TmE0	pathagon-rules-v1	7	14	3	101	0R01060b0G050T0Y0J0Q0D0H0f030A0h020L0C0V0j0B0I0K0a070c082r0OFT0UBO0J0mYKWO3GEcJW80NyU8AL5R20Lk0fR2Wc0Y6bSkIuXY0hc2Na0mLKCtOw0kUG0T5AV700aa0c0dY40b0U0N0gRHMp0TWl0YFp3a02DW0XRQ0c0B0dZw0jP5LM03T1EW0fC60a3T
g1_95iGBbhy98nlGt-udq73mShI4uE8rFKHlqUPz_6Jqn0	pathagon-rules-v1	7	14	3	64	0f070W0e0a0M0V000d0803020j0K0C0G0F0O0E0e0l0b0c0S0H0A0O0UCT0iav0QWq05ZF0XBb0J0k5MJo0CET8sUvZ41aOCWZGT0N6I0EI00KAR0b0GU80WXr0U0B0V
g1_95izSjQ_PDKc4nhUtR9_Eu1okCjKiT8takigEczppC4	pathagon-rules-v1	7	14	3	157	0W0G0l0i090k0B0e060F050Z0a0V0T0c040Y0L0U030Q000g0A0R010O7oYg14U95NJsNQRm0X0T4_0ZH7O702XZ0EOo0mAKMZ0fPW0T3T0W7W0ISs0H480Cbc0Q07DL0WZ-0UEH0P0hVNbp9m0b0gGr06WV0eOsPj0lKF0ZVzBB0U0j1T0TQI0b5A0fZ30NO2bL00WU0Hbg04aU0aTn0U0b0aIr0PXq0aII0B0W2w0IH90WKR0eXK0kMy0Q0cZW0P0W0URQ0gX-0S0f0M0c1KLR05U_0GPc0XTSEG0iBsb-0j881m028m0Y3r
g1_95rGgjyyqvPb5kvnTMy_CvGDXPpSvLA_GdKxw-3w9T4	pathagon-rules-v1	7	14	3	41	0f0S0K0G0V0d0W0Q0L0H0j0g0c00070J080P0O0R0W0h03010C0m0N0Z0MUp6xMLOo04A60TWP05Ep0S3Z
g1_95ttHpzCD5j1OXK_pjhl0beItRvvyk4CWjwu8UFLKH0	pathagon-rules-v1	7	14	3	62	0E0l090d0Y0C0M0F0S0V0h0b0f0X0A0D080N0R0U0O0k060Q0P0N0m01JR0OWR07L_007iIe8l0i7ZYeC3OLcAUxY303082ISa0jG6OY0QFLQt0KCQbc0mQ67E6L
g1_967XEK4QaVjDuikhgnSzK2Umio-fZuBLkIaxMK7UH_8	pathagon-rules-v1	7	14	3	46	0C07090R0W0K0L0E040f01050A0U0j0M0F0m0k0Z0Q0i0c0V020h0S0aHDBVaIO10PM18c0d0L0X03WWMRYEZuV6Bd1H
g1_96FDZCXwWaAmMeVcUZeH6m57LPT-rLaKEZPI6oRybu4	pathagon-rules-v1	7	14	3	31	0m010002070E0L0S0E0T0Z0U0S0g0M0F0304090G0M0a0h0i0c0V0h0j0b030a
g1_96ONWLRTYEwgs2prHjMk-Bj-v3VGF1cxpQ9zVnLZU0g	pathagon-rules-v1	7	14	3	68	050d0k0Z000f080A090E0S0i0L0X0W0F0P0d0Q0h0G0c0a0U060T0e0j0a0NMl0J4tUc05OEDPJ81N0GEE0CQsWiSmDeLGB-0g0cTq00JQ0X0NbG0OP3ac0kHC0lVC0fLcFv0E1L
g1_96SG1orrnZNX990-l79k9yHscNs2nu9-78bZbmsWcZ4	pathagon-rules-v1	7	14	3	196	0K0D0R0Q0J0C0P0J0Q0I0B0O0I0A0J0B0H0W0X0V0Y0U0N0G0O0N09080F0M0T090G0F06050D045Q06Am0A35090D3u2N0G1a0B3u042K3t344f1c0501381b2K0p3r381b014g2O020A0o4c2OAm0B013E0q0C2J5P0A3u1c010t0B050A5a1eGH3O030D0A2V365Q3s6z2J361b060r08352M3t5R1e352M024g2O361b0B4g5S060C5S2P3t8V0A5S3A3u040A5Q052K4e348U1d2P3t38015Q2O3t1c350q2J3t1c350q2J3t4g390q0A1a4d34032K360q001a8S390q0A1a3s34032K360q041a0A353u2N4e1d343s2M4e0r
g1_96UUlvGh5FS5ljjiclUr1Mu0iFl6WJdi-2ViIrXxOdk	pathagon-rules-v1	7	14	3	37	0E070Y0c0M0h0j0O0d0R0H0V0J0K00040e0F0C0l0T0I07020U0G0a0k0g0901YSZVbG0hUS1t
g1_96YvqQU_j2QBhh8j1sfJxIupsDzPs9975A6yqn8qEwg	pathagon-rules-v1	7	14	3	54	0Q0T0I030c0V0M070A0Y0D0F050f0e0K0a0H0X0i02040A0m0l010N0h0MG50EWt0ZRT0B3A0WYW0KCy05NM51DwFHJmKxOb9EUnAuYe0b0x
g1_96ZLwEVZTNVhhfAx1M-ObFSvrtGUo-EC2TdTldW-o2Y	pathagon-rules-v1	7	14	3	46	0902000L0O030A0H0G0F0A0G0H0I090H0N0A0G080M010a0E070J090K080h0F0V0T0g0i0j0OPC0PB_0EHL0U910A1w
g1_96ZoNXYvGZwsJiX_NMBW9H_14JA56HSNErAO-KH6CMU	pathagon-rules-v1	7	14	3	79	020i0M0S0P0h060f0K0Z0b090C0I0j0B0N0G0E0F0d0D0T0V0Q010A0m0c1pIMBS037h0Lc10JWF0YPg340j01acNA0O1HOWTF0l650XQ10fAb0GaAJa0VMd0TYaFs0bIp0aNAZX0kSY9a0Tbd0aJM4z8JF129
g1_96clSgVN5-V3R88tj7rs4ycLiCsayPx81gbYdzGno9I	pathagon-rules-v1	7	14	3	35	0L060T0j0C0G0N0F0d040c020I030Q0D0S0P0W0R0k0Z050B0U0i080g0C097U7xIhM0Ey
g1_96fswtgCnUMCAGMMI8omW-2Vm_-Q6eIzcPh_axDAB08	pathagon-rules-v1	7	14	3	158	010807000209030A0F0G080E0H0F0A07090O0V0I0M0H0F0B040O0N0P0G0W0U0T0L0S050L4i05420C5h0tB94pGd5hM5B9RZGdWAM5byRZ1JWUM568REGd07cAMCRE2401cAMCRE1J000X0obX0QBc1m0o2J0J020Q0uGsBqMR010u1YBW2X020u1YBW0E021D0KBq260DGlMm2l0TOq9t0VAW0a0b0CBK0aHJ0VXt8E09009J0AJK0ORi0x0T360H9-0308090A081Y690H360q1c0B2eXN0dIA4IMt7mS00M035w09HI0TIB
g1_96g_s9yusofnDFlQbff-5Q_8JBFyx8SVWSm5ZOFS0ww	pathagon-rules-v1	7	14	3	40	0V0801000M0D0E070F09080203010A0406030I0J0Q050K0X0D0B0e0R0J0P0Y0X0I0R0l0Q7P0C0X0J
g1_96h38yql4IHc_ozNSbN8HnCf7XYJd7LvPc9jgOplyJI	pathagon-rules-v1	7	14	3	36	0H0g0l0h050D0S0Y0W0T0K0m0U0Z0j0I0f0G080H0T0B0E010b0L0V0A0S090O02PCbjZH8R
g1_96st9Z551D_WAR2IhkulgqM_1RtcctjhPDCIgOeYP_w	pathagon-rules-v1	7	14	3	42	0V0k0j0m040M0d0P0S0l0A0c06050B0C090W000d0I0U030e0i0E0V0J02070cBq7t0T5h0NAy013L0OOp1t
g1_96zHPXtfy0oJy5GaHMgyq2XPOTb3Uq0sN-rzBXPrL4s	pathagon-rules-v1	7	14	3	45	0U0J0N0G090E0G020b00010i0g0Z0h08070a0T080A03060H0F0a0c0M0L080A0E0M0S0B045S060T058Y0I080A6i
g1_972EjyujP3Mfh9y0vIiN3BU_FbVtliEYshBRktMH7jE	pathagon-rules-v1	7	14	3	69	0Q0Z020N0J0G0k0A0c090Y040C0d0f0U050V01070g0e0K0B000l0L060HDk0TVe0e6a0G0IWhNqLNOs2v0mR0CqAO62030WDj09DuMu0k580AI80F9E0dax0U890M9f0S0A5wSj0v
g1_97Q2KKvpARV1LdK8hzwHoMG-00Dsnj4AneEiYWLwdLA	pathagon-rules-v1	7	14	3	15	010H080W0F0Z0G0g0i0J0b0T0N0I0U
g1_97fClUt1Yrl74onyopOZGoEcPyGfIHg6f0qUpXv3leM	pathagon-rules-v1	7	14	3	57	0C0i060E090W0a0Q0K010X050D0M0Z0R0F080j0T0L0O0N0h0f0m0I0g0V0d0F0BI-9M0S1jWAMA0R5FO-0V5eKnTx0G0N5zIV0eEX02ON7c0yV86Y
g1_98-wynuKRRcOyrF9EQg-UEYEDUKhDN1V3paqT31jUTQ	pathagon-rules-v1	7	14	3	64	0H0A0O0B0C0I0J0D030C0A0I0V0G050H0C0K0B0J040906080P0Q0I0R0N0U0g0N0W0X0Y0FR90T0N0M5y0c3e0U068M0NUY090X450YEn0I5U0HBVHs08A-0ENJBxNz
g1_982yCgir5UHL3Q5FWSEeVcF0clszv3rew9imQaFiF4I	pathagon-rules-v1	7	14	3	85	0O040D0M0c03020K080g0G090I0a0A0Q0U0L0i0P0C0e0f0d0j0T0Y0FNm0hE-0JQpYQYyT10l4C0HX2DhIx2bGx0UFT0j0JLy0XWu02As0Da-0mEE0L960lMc0daJ0CNr0RZm0f7K0XBZ0kR60D5v06Ty0b2830M009ROUu0y
g1_98ISNRmbpJAz-VI_n97J7t08KcWDVewT2MUb14SSJqA	pathagon-rules-v1	7	14	3	32	0P0E0L000J010Z0T0f020l040S0Y0V0i0W0F0N0h0j0b0B060k0m0a0I0dBY0KCL
g1_98JC53Dcx90vOeM114mu6NuGwsmrv5aW1n9JTub5cZo	pathagon-rules-v1	7	14	3	129	060m0D0f0l0K0Y0e0R0X0K0Q0W0J0I0X0P0J0Q0d0C0B0J0k050l0A0H0B0O5d068o0HD50O4f0A3w040V05A60C360A03A50BUq0d4R0B0d0C55090W2Z0A0H09360A090HA40A9u5c0j8hIcCO68WHBWa5B50f7w0OK80P0u09BV5S1ebb2M4e013u670HZy0AcE2Y023F0G0IKq0Q0_080F091Y80099K0NHe090F081u0G0NFo0F0N8S0G08aa
g1_98RVUZQ4ZRsikQzVH46kWKaPzL6B7nxy9HZsYAPIPvs	pathagon-rules-v1	7	14	3	57	0G0F0E09020F09080N0M0U0T0S0L070T08010008010V0O0U0H0A03090A0Z0a0S0b0c0U0B040A2b020y0P68070W0E1R0V0P680U0C0V0o3FAe0i
g1_98ZDXhi-j8HcfMfnJmBnh7MHbgOU3bVGrMNwsp3UA2Y	pathagon-rules-v1	7	14	3	27	0h080904020k0G0A070900030F010E020a0H0N0O0U0M0L0T0S0B0T
g1_98l9b13fj0lLUAWz-Ua-cpU1z_UhgOxmcHcU-Y7ohqY	pathagon-rules-v1	7	14	3	60	0d0A0J0S0W0P0T0104050C0e0V0R0K0Z0g0D000U0I0O0E0N0L060G0H0X0Q020a0K660qMO0mLzFG4iPk0WOeEENDL8ZjMM0U8s0I0S3o0G4RVoUyL-bi5j
g1_98oEec9lgYp5OM6b0maigIk_D89VUPp3bKSezTSVOGU	pathagon-rules-v1	7	14	3	65	0b0A0W0Q0e090I0a0J0L0X0f070c0Z0Q0E0U0N040Y0R0l0S0T0m060K0C000B8CbS3sQlLC6XGL07G_6WQtG28w0lSVAEbqNO0C0dDCap0MBa0AVT0EKs8I0bATEP0G3a
g1_98pZ5oxgqxyQfl905KVoGwnpWNu3iDGTk__mzcrKyHs	pathagon-rules-v1	7	14	3	99	040a0g0R0N0B0S090I0D0K0J0X030L0h0C0e0W05020G0M0E0c0Q0H0Y0U060ALP004gHZSuGU4X0fMBF7XnHxRpWYQq0462G70jTw0VPkb20ROn3F0ZO1YW0QRe0A0ZMP0H0JXs2PZi0l8w0AaR0K0j8y0DSzNvGbOqMAZZ1OE8XhBsKZR_aOCIa_GJ0YLhEt0j9P
g1_98zewSlYyZ7woEFpmZ5_CsA91z7PSR-jQz35VSWcvLc	pathagon-rules-v1	7	14	3	90	0T0f0l03070U020e0g0i0Z080L0B0V0K0a050G0N0h0F0d0J0R0A0C0PXC0jYIZEP59UH40g6H7OT5F3bC4nRiVQ0k8T8C0QUr0eUL0KQz0jLYX6TX0YOO0KAC2S0LPF020ILbFA2k0kE6Fs7QLAN0Ze0a3nM6a20ZUgGW0K7zPZ0YVi6504
g1_99EiZiq4J0L5GsKyBLgcJQsbCBcawLMKicjWoPThgcw	pathagon-rules-v1	7	14	3	138	0C0B0A0D0B09080M090F0G0N0O0H0I0G0P0J0Q0I0J0K0R0J0X0W0V0P0W0O0Y0U0T040U0B030C0506045O029C2P1a0B0o342M020A030B0o8R2T9E070o342M0B1a0o34032K360q0A1a3s34032K360q041a0A34692M020A030y1Y8S2T9E0w1Y352M0B0p0A34032K360q001a0A350q2J3t1c010y2J3t1c9D0y2J361b010x09341b8S2U0p0A1Y3s04020u1Y43
g1_99Fcyu9GVvP6sWn5iISjldZHeY4Z1gO8Er1evotpNmw	pathagon-rules-v1	7	14	3	53	0U0O0M0h0V0g0H0F0Z060G0O080I040N0F0X0T0l0a0W0J0b010U0i0V0m0S0P020Z0I0TJs0O0e0NZfJrMw0c0Y7U0fFjWUbk5lSGZyK2
g1_99Hy5Amrvrh1_b3719KWAhUmQUvsz56cw_WdRgDKb6Q	pathagon-rules-v1	7	14	3	75	0B0W0S0l0D0Q0Z0a0V0j0h0M0H0C050G0i0L0Y0g04080F0X0e0A0m0B0J06Of0NRc6wCeX9Yw0f8ELPVfPm2k29FWQSD9P6Qs0VNW00MsaJ0JOj0WI00CZW0e9V0OIZ0UL20QKR0CC40eA-0D0Q0K
g1_99N-YK3XS_Jw4LCkIiH4Fpx8z-B0KuxP0nLV_DUI2J0	pathagon-rules-v1	7	14	3	36	0X090A0U0a0G010i0F0W0L0N000H0O0S030R020d070f0D0B0C060e0E0J040V0A0WV5VjBa
g1_99OkyuSF5ef0zMkHZi75Cgms8oBwAq2u_BQiEAtJyP8	pathagon-rules-v1	7	14	3	81	0E00080P060m0Z0J0a0l0X0U0d0O0c0Q0D0f0I090W0h070B0H0A0i0K0M0P0kXz6BKxPcNma3FlUNayYl070i0TUgWP0V86Ek0kHC0N2e0hIH0jPBJHG_0lBfao05J7B60UYq6P4l0LJPaL5q190S7GNC069X0C44
g1_99QqeOeOz_HLHvPMzsaoMHN_qZFVlT3_BjGoSNhDmk0	pathagon-rules-v1	7	14	3	86	0V0B0Y0b0a0S0c000e0Z0l0R0U0I0h0H0N050J0A0L0P0b020T0i0D0XN10E0O8xSl0TXo0gPD5F0d0vFp2SNmNS0GRu0Y7O0JO80aMx0QM30SGo0eE-0K840haE0CPX090kYE0X3VXh03Uu5t0lIY0X02aN0W0d0BLHLp0kR5KA
g1_99nzQrfKel_Fv1sss6fUmTRY9HznrUIfnvQqBRu0nmE	pathagon-rules-v1	7	14	3	25	0H0V0a0j0O0h0b020i0Q0f0D060L0c0G090A0N05030M0A000V
g1_99wDjM13CjR3NUFbIpOgiP-Gc5hMtkw2UUI__asPm4o	pathagon-rules-v1	7	14	3	61	0I0A0d0108090m030e0M0H0a040W0507060h0U0T0E0V0L0f0F0G0Q0X0bPz0gYCTUNQHH88D_SLVE0L0NHL4P1S5B0d00PFCo0jc90kUL0VVjbD0eO-0m6j0f
g1_9A1mJR5aUM9cIN6NStFdnD6Evcomp5HcGmznZPGYsJY	pathagon-rules-v1	7	14	3	48	0M0W020D080a0k010Q0e0l0F0G0L0X080E0009030F0f02070e0d0A0I0N0e0T0H0SAy0A1K000h0BYE0P0Rb80XNIV-aC3g
g1_9A3-XHRlg6TNMkm2JVG8gMqO0akPeUYx77UAgrKBClM	pathagon-rules-v1	7	14	3	100	0i0M000J0G080Z0N010c0X0j0F04070g0k0D0j0L02050a0l0C060Q0ISm0UCo0mSC0A2iFCYwcD1LO20F090bWxVl7i0eHMVQYo0gIWKq0NKG5V0EGvCP0CaU0UXh080F0L0d08OsHY0gAP0Q8m0TIk0KNrQH0HZa08Kq0N0VG-80Yx0LFTI40WVB0GCi2TBk020i7h
g1_9AE2ZVM7SY4rS_8hP5s6y9_39zJAryn6meS1G0EM3Pc	pathagon-rules-v1	7	14	3	81	0j060H010c0K0I0D0J0R0f020Q0V0U0T0Y0O0X0P0W090F0Q0G0U0N030P0C0O0J0V0kJvAYEZ5l0dN90xFuE50TZuGR07346S0N0hB9RD1JWI0P0I0HcEahYQ9bXLLV0G0R0H0QGT1h0A0G6z2O02Qq094e041YPS
g1_9AF6jjZV91KnIF0GNDFHTdKVze7AeFbaamjQDmYPxcU	pathagon-rules-v1	7	14	3	52	0j0M060K0P0O0h040k0d0l0N0g0J0c0B0L0V0X0U0S03050i0I0H0a0R0T3jXLOXG_Wq08HtSr0F0bD8amM55L3z0qJLZj0dad0G8H1i
g1_9AUYq8VFlZbqUDxdmEjqiFQqctPaDy8h1EBTw483Wc4	pathagon-rules-v1	7	14	3	97	0j0J010U0M0L0Y0m0S0G0l0d0N0i0g0f030h0I0b080C020F0P090D0WKIXs3UZ3EgD6B9UM6QNz7bPHQx0YLPC20hGz04AH037x0aRs0SGe0DF7bD0PIs0c4L0lMi0bBL0DYv0L2_0CHv0F1jDsXKCI0GQqD4H7090F7y0x06FaZY0BOj4v0QCn0e4FMe0Y3U
g1_9AmUxRiWXrPK1AmG3Xo3nYGagbcEdnekh7z5HYeJV3A	pathagon-rules-v1	7	14	3	33	0D010h0j0e0X0V0G0Q0W0F0K0R0c060M0Y04080g0Z030d0S0a0J0L0P0K0lLR097Y
g1_9AqY9ID1nz5xazX7NtoHCKeIXffg4cXTTK83QcY_RFU	pathagon-rules-v1	7	14	3	89	010Q0C0A0B0e030g0M090k0L0S080m0F020P040H0I0G0J0l050E0j0N0OXdZvbTAJ0Y3b0C03AN0CVPAU0Z0BKZc6RG0cS0YFHW0C1SakXhQmZubTYRag0aZwXeYQ0hZAYOag0kZwbTYRag0PZwbTYQ0VcE2Daf0UMu31Xg0NWw3obQTj
g1_9AsPzlk4yfCfnrSQuDTK-pwYL9e4pbR1P-7w-X6k1Y8	pathagon-rules-v1	7	14	3	31	0N0M0L0G090U0G0M0b0F080U0E070F0T0S0a000Z070O0V0N0H0A0O0c0g0P0Z
g1_9AvJc61HE0QLL6tfNg0dtVZ_HMy-SpDkkNb5ReBjaIg	pathagon-rules-v1	7	14	3	41	0i030R0P0B0C0X0T0m0E0O0g0k0l0c0I0H0j09000K0A0a0Y0f0b060Z050e07ax0L0SLpF5UI0c4pXH6g
g1_9B9ldwGMzuhy50zEiO8tpniK_YRjmEnDWLuD1sGroqA	pathagon-rules-v1	7	14	3	31	0B09040I0P0W0A0I030H0O0V020H0Y070108000G0E0J070L0S0F0L0Z0g0K0Z
g1_9BFg3x-oGyiUzhr4Z0a040fwNGKSA6Yb29KBoLSX91A	pathagon-rules-v1	7	14	3	196	0d0H0G0J090I0Q0B0A0C0P0O0N0W0O0P0H0X0e0Q0V0c0U0b0F080M0T0a020T017j09041Y350A3u081a0A35092e081a01Dx0q0H1a7h09IO2N1a0N093s0U0O0N1a0V350H080O1b0o04D63x1Y2K4e0G090H2K360q0G1a8V359C2M3t050o042J361b3s0r0B341b3s2N0p341b3s2N05360q0B1a040A05343s2M4e0r1d352M0H041Y358U3t0rKh3C1b0G0o6z5NHlA33y1c6w2RIQ3D1b152J3s360Q0o0C2J081a4d0q9z2N1a350M3u0N0A0p0O5R0U031Y358U3w0r1Y3d2K3t0rDr1Y2K3t0N0C350rIW4c092K6x0q
g1_9BFnKxBIXyLMvBsFR2u0Gw_ZoTU1_2o7J-PhUgF-Jnc	pathagon-rules-v1	7	14	3	55	0W0R09080N0X0Q060c0b0B0C04000Y0A0U030Z0e0h0d0O0B0F0T010g0k0V0J0E0I0K0l0G0H600L91PQ0BIv0N1gPC0YWGGx0eSDLT753J4b
g1_9BSzV8ORgB4AXZJ11UBGAzDP4Ajg8PK6Rdg3e7KkJw0	pathagon-rules-v1	7	14	3	45	0M0F0B0A0I0H0G090X080H0E0Q0J0W0D0K0P0R0l0N0O0U0H060G0g0V0J0D0C0T0Y0U05bW0NC8RRc80YWo0l0WXZ
g1_9BVdfxSrSnFpaOfzS0due0pzNmsvpvrr7fGSiBnIK5g	pathagon-rules-v1	7	14	3	69	0Y040A0G0D0Z0K0J0B0R0m080F090a030V0P0605010i0X0j0N0c0W08Cv0H0EUFBPG227KfSxES0M3M03D8R2Rc0H0U0S2KTt0aDvXB0Y0NCe0P5kbN0cF30T7U0L4OIt0BcB03Ge
g1_9BZCGCbYlbCe_rr6_JfP0VyjEfAVTDZHBDgiikIt9mc	pathagon-rules-v1	7	14	3	63	0C0S0L010d0k0X0D0j0M0V0E0l0Z0h0N0K0c0J030A0I0L060a0U0T070i0PQ70B0b0g8yIDYVMUVA3GZt9LQf0eWaF1RZJ-0OC1bc0S0cVZam0l2X0W0CPKJg3y1H
g1_9BdgtVQ6SxvLZ4hOLav_G0fngotKhl5GpfEhTjkz6LU	pathagon-rules-v1	7	14	3	61	000F0E030G0h0g0L0S080i070209040F0A030N0B0I010B020H0A0U0b0a050c04060b0z0D9C0LBp0J0E070z0DD10B070T5j0FDu0GEu0Z0I0H5x0T0b2D0M
g1_9Be-DAAsjfZ5wh-fZQd2ONZCgkp7W_efmnju0jftUIg	pathagon-rules-v1	7	14	3	196	0001020301040506070508090A0B090C0D0I0E0J0F0H0G0A0K0P0L0Q0M0O0N0RBB5a06Lm1FAk5aGB210o005P1H4c6DKoAq1B4c055U570s1Y69Q9520s1Y01704k052S0p004l052R0p684j6-1g01090v68072K4e056H0u2J066x0801090v5u1Y4d05360q004g0s342M02040o092J4e1d3s0rQj4cA20CXm0u4c6-1g690X4k0s00FW0u4v1Y3s6CA20C380q5H6-0838Xl4cQ70738034o0s00380q4cA20C380q4c6D07380q4c05074g05FW14004o0s68KoAN4o0s00Bh0_4c3wA16K0u00430r684jBa0E0z684j05
g1_9C63qMpB-G7UZHGOWhDdtlHBpKt6v_-O2oaSK8-ViHU	pathagon-rules-v1	7	14	3	27	0H0N0G0l0U0A030T0S0E0i0h0g0M0N0C0L06070V0W0O0P0h0A0O0b
g1_9C65J1MFjnrAk_idKgyB85Nj1NuDIe274Sq_Cgz4JXc	pathagon-rules-v1	7	14	3	196	0A030H0O0V0U0O0N0G09020G040B0I0A0B0P0W0O0P0H030d0c0b0a0c0T0V0M0F08010F00070E0L0u0FBV086M070F0E0v000S01Mm0TTY0bSEHPMY0S0MMYXNSEIAHYMYBx0EXUHWMY0MS0XUH4Hy0MS0C2H46T07S0C2HW0T0E0MMY7LC208XNNCGz7EMtBxRoHP6TMKBx08HP6TMRCN0F0E08HIRvC2X90FGzMYBxRo6hGz0LC9Ro08GzXGC2HrMtHIRv0M6MMKHIHy0M6h0THI0LRo07MY0SC20EHIXGSEC20EHIXGSEC20MHIXGRo0TMY0SC20MHI0ERv0TMmBxH46TRhMmBx0E0MRhMmHIHy05S0C2H46T07S0C2H40L07HI
g1_9CCuCGOHDTFg8TwhJwTqcnqz26JXZiyzA8TN6nxv_10	pathagon-rules-v1	7	14	3	34	0R0T0U0N000P0D0d010l0C0k0i0V070S0j0O0e0f0A0g0e0H050U0E0F0mCa0JaH03E5
g1_9CETwhxhMHyUaiTlIn0zDjiStNT0onlT1H-vih4tlIw	pathagon-rules-v1	7	14	3	37	0X0P0J0Y0Z0Q0W0O0R0K0k0R090N070G0B0g0T0V0I0E0P0d0H0U00060e0cDsJ10hLu0eC20l
g1_9CFyuajM1jGLh3upRAZIr6uU3bKkYrWZtrnIGrJQgGA	pathagon-rules-v1	7	14	3	57	0m0Z0b0J0F040E0h090g080O0N0K0Q0f0X0U0a0M0A0j0P0S0C0500010d0LTbGyCNMrKj0I8rHy6b070B0WAK0Y0OPRVK4MbnWl0cQf0a69O-0m1M
g1_9CJLo3hzI9mUhu2vZlPN0_GQN_A9OtCHbo1ld25nT0U	pathagon-rules-v1	7	14	3	16	000E0Z0K0N0G0h0U0H0I0C0F0c0H0i0J
g1_9CSKR3vx-ZMac8nZ6gp-0gupKsyF8wSwRZOJK3BHHHs	pathagon-rules-v1	7	14	3	51	0i07060D0m0g08000Q0V0R0K0O0J090C0E0X0Y0Q0W0h0102050H0M0X010B0FQl0GGU0I0K0LGgcDAWLw0CY-ZfRGS65wXNHWY10a
g1_9CVjzL_TewWb1hd0jO19p3Bm-uwP347AJ8ofcbPAD98	pathagon-rules-v1	7	14	3	43	050Q0P0O0R0K0P0H0N0I0J0G0Q0O0C0B0X0A0Y0W090P0G0V0D0U0K060e040f050d0cAY0CV60dBK0DFM0JQk
g1_9CYmvTMSbUs-vlqKDZ9McBhkQ-SXyAdfhMnZ6Ue_QDY	pathagon-rules-v1	7	14	3	137	0i0b0U0N0b0G0a0T0M0h0T0F0H0O0V0c0O0j0N0i0g0Z0S0L0Z0E0708090A6G0G7n0FWx096o0701080p001b012N02392P3u0r025S3A3u004g5S3A02030s5N2P3s4e385Q1d2P3t38015Q2O3t1c354f2O3t0A0r4i398U3s5R2P364f001d0A5R0t4e8W355Q0A4g1d3A033w385Q014g0A342M3t040o342M020A0q013r042K3t0r8W3A033w385Q001c0A3A0q
g1_9CYoSTvv4DARGMtD6z5cmEnuFizseHh2ntM9Pe4WJ5s	pathagon-rules-v1	7	14	3	29	0I0O0f060G000N0P0g0E090C0h0F0j0k0b0W0T050A0L03040d0e0M07F7
g1_9CjOxh5dIyDvFUjndS83o_A6JEbH6P-yKKiCa4LMncU	pathagon-rules-v1	7	14	3	58	0g070d080c0l0i0S0e000b0E0j0R030f0A010K0T0Z0H0I0m0h0O0Q0NXPbG3o6-GQ0CTdPURu59KwAoaIDwCrbmU8409BAS057L09Cf03Wac30UEW1C
g1_9Cr8slY4T2hfYg344Z-KR-aZXe4lEw7hdbGKbonPn8Y	pathagon-rules-v1	7	14	3	109	0H0V0Q0K0E050c0m0Z020a04080P070M0e0G030d0R0f0X010i0I0T0O0gbq0SGmYnFVMS0CGBEmBm0kSH9ZXGaA3i0K68Au0bK1Vc0EHCJI0l9WU20dKp6T0P8h0k7v0m5EL-0cTX0fQY0JRK0QL-0Rbr0m5o0f9pJ00AFxKO0IPm0WQJV0RK0YOc031PFA0i2xZk0gSyC5074Y0dDR0P0V6Y
g1_9D4WMPJvMz7jETnAntVBjf1Mq9gi3yS3W-LHyUzoS9w	pathagon-rules-v1	7	14	3	18	010g0h0i0k0h070j0F0l080k0m0Y0E0e000X
g1_9D7XLpl7whiml1-2Sf2PTp4c5ZXPZOpcviufc8zxu50	pathagon-rules-v1	7	14	3	63	020804060l0U0X0R0d0Q0c0e0N0P0B000H0D0j0a0E070O0Y0X0J010b0M0kU7Kg0A1G9i7S3uO8I50i0FKF0SSkItSC09KvP-6V0WC507Yw0OBL0E0ZZu0LMw0W28
g1_9DCamZu5rKxLB3MUOYfHmmb27fj3phO0oWg2DbJN14Q	pathagon-rules-v1	7	14	3	74	0c0b0T0a010J0Q0Z0I0S0h0i0A0L0l0W0Y0E020K0e0a060X0P0V0B0d0U0O0DFz0cYX2_0HRE0b0QMD1fE50HJP6N0QM2Bs0O0eNS0VUD0bBK0N0VHZ05Is0T0V0aZQJl0O0b1D0N0PIb0U4o4I
g1_9DEd2uJQopOtjW7ptnfPqwpmZCaYUcufS58SnCJxp8s	pathagon-rules-v1	7	14	3	22	010B080Z0a0b0F0a0c0U0V0T0G0N0O0P0H0O0Q0R0I0Q
g1_9DEkW5smvCLvLQx04uSKcZP7_ARHOKC1MePUy7dK_Ow	pathagon-rules-v1	7	14	3	30	0R030A0K0Z0D05060b0j0a080X0J0O040L0Y0i0W0H000d0X01020c010VGA
g1_9DFMEIqcEj3ISXSBrvMVRs--0_XIeBZ2Ux-5ob4-wGU	pathagon-rules-v1	7	14	3	66	0A04080G0Q0d0Z06010N0m020X0D0i0K0P0a0T0O0Y0b070H0W0I0M030V5pRX0U00GHPc0T7X2S6MAZ0K3hVeNcQ9SnaWU2KNVzII0MBb0VCUOJ0gJc6c0c5y0WQTOcNy7l
g1_9DGCk3Kyv7UUDBtImOfchwg-OlPIyYenZ4MBNMkhb6U	pathagon-rules-v1	7	14	3	27	0d0l0i0G0e0g0805010F0R0H0M0I0F0J0X0C0b0Q0B0Z0P0W0T0Q0a
g1_9DIYGUIRRkEB1KV1CEInqyJpZTZjdvT7MbWldqiAXhQ	pathagon-rules-v1	7	14	3	76	0R0a0H0U0m0b0N0102080B0T040e0M0E0l0X06050K000L0I0g0W030F0h4vLi1JYPFkGU0d9oCv2O753ECAHLSSD9Xr0KNw0LV60FW00kAZbF0MI-1w01V44O0E1v0S0GL10dNL04WQ0AO4UG0Q016X
g1_9DXtmeNFlOcWNILt5FGLuAW2SRtRio55I25jMR-PYmw	pathagon-rules-v1	7	14	3	66	010b0X0h0e0L040D07090P0W0c0G0Z0a0N0S0O0m0f0U0I0T0K0A0J0Q0CKhWCGxAiN-467sU0MwSAT11yPjKQAoVt5FKk0POMYQ061W8E0e5n0bPd06T_0TF90DQ70bSP0U
g1_9D_LYbqaF4r129UYJo5iMPAwP7FcOfEoIVGHc9nUWDs	pathagon-rules-v1	7	14	3	48	0Z0E0a0S0g0h07000L0T0S0a0M070i0F0b0M0U0a0T0N0h0G0a08090102030A020H090O0V0c0jTx050VZIX10-8l0A5a1e
g1_9DcYw3r-lyUtnUy7KXBPvkNA-9QynDhiOp49bL9GMko	pathagon-rules-v1	7	14	3	196	09080A0B0C0J0B0I0H0G0F0H0K0D0Q0P0J0O0N0M0G0N0F0R0V0Q0K0W0X0U0Q0W0T0V0M0Y020X0304050B04Aq0C0D0B5h06Ll0RRDL-GW5h06RE5vGk0KL-B9WwGk0eL-byWU0DQv0dGI2d5o06B25aLY0cGI3O5o06B25aLY0bGI495o06B25aLY0aG9035S0B3x044e395Q0C2K3t344f1c010B1d0A380q4i8W0A38034c2K3t040o342M020A0q053s4g399F5N3x4g08035S3x6z2S4e083u1c2O02382M4e053u0o2N4e395Q3x2N4e395Q3x2N1Y364d3u0r2O02385Q4i2O02385Q4i2O00385Q4e0B030s3x1c354f2O
g1_9DfguXK3MvbCdR2KcQlGWFXYR9whuL5qrFNqlDf62GM	pathagon-rules-v1	7	14	3	28	0A0V000i070S0T0U080T0W0X0Y0R0K0f0m0R0W0c030X0B0W0Q0P010Q
g1_9DrFNLkN6YAY07Dg3qnEii1n0Um6NoOh86JcamgDa8U	pathagon-rules-v1	7	14	3	33	0i0V0f010Y000N020m0e0P0F0l0g0G0c070K060R0j080M0b0Q0U0C0H0DCm6ROzI8
g1_9ENFvNSbga5EifN2XJKluDE06e3cgmuO-snC6Nqg06w	pathagon-rules-v1	7	14	3	76	0L0F0R0A0D070B0V0O0W0k0H0l010b0U0X0f0Q0d0a0S0i0G050h0m090CDk0Z0JS1Wi0N065COsK_CvLS8hN3V9GjFjHG03Im0SUZ0XW30Pc90hJgMH0SQuKv0L9E0RCCKX0YLv0eUoa-0ZYx0L0c7v
g1_9ENGY_MTAFnW3CeJzcl7yISXAW7VjDamMuiHoRCEC-I	pathagon-rules-v1	7	14	3	35	0O000g03060f0C0S0U0I0a0A0G070h040b0B0H0D0K0C08010D0T0V020R0X7RMrDn0PER
g1_9EPagGK_pKFutCYuIWa895MSGie3OGZyuQ52dUn-VLI	pathagon-rules-v1	7	14	3	66	0N0D070G0b0l0U090F0K040M0Q0B0f0S0J0c0Z060a0i0k0C0g0j0X0h005q0m7q4KUIbpapNp0HX40BWOMxTlZrEb058KV4Bq0UOy0EIU0YFc0G0cO20FDNQW0G0WX-O60F
g1_9EQe0l1LSzlkIFBa5D0ijEE-WPM5XYzWsAoXjVSTDig	pathagon-rules-v1	7	14	3	85	0N020L0S0A0V0l0X0R0Q0K0U0c0E0T0k0d0f0e0j0W0c0m0J0Y000X0f0F0M0H0G0I0B08MM0F01c60DQ60X0c0OEY0W0HQE3x0dbkAc0P0G0N0F0O0U0V08670U0N0V0U0cbeBqNC1D68GzBqMR1D6hHW0iMuZD0iaeQvc3XE
g1_9ERBq_vDzVlMfoeQMKZHoJ8bvaohU4NG8_tYDyeLnWg	pathagon-rules-v1	7	14	3	16	0g070k040M080G090F0A0I0B00050X06
g1_9ESXKKmZQuHy4D3-ZEsbPHJ2HZT4WIM1XVlfpbjOdxQ	pathagon-rules-v1	7	14	3	110	0W0c0k0G010I0C0U0Y0g0R0b0N0J0904080T0h0m0F0a0E000L070l0i0A0VC7bwPKUO7J0BCZ0MaRKZKn4S0DYbIQI8627A8Q0F94TQ0j9c2i09B1EzAA0WZK6SK4Uq0ZQD0JAF0P0jbqZeRK0CMI0QYJ0NM10O0R0PHUNI0j7u5g0CLsNr0cDs02GA3L0k2bAT09KS0T57UI0GZm670K4a031O
g1_9EVJlJ9iqw1rPH4pJzck-DmMETpsS0MLOQZVs7zz5IY	pathagon-rules-v1	7	14	3	32	0V0B0h0L040b0k0C090c0X0j0F0Z0O0G0l0e0Q0A060U0d0S070E0K0D05TLGY0H
g1_9EZvBOlnFjD_OFLBu0pgysiZ2XJKvBzSS24HOIEVvmY	pathagon-rules-v1	7	14	3	105	000e0Z0U0b090B0k0S0Q030E0P0g010M080l040j0K060W0L0N0R0X070a029ub3Ry8L0CHvKPM5PuH10s5jIXWg0N2s546D0mLNGq0DQ4Eu0TFx3A0JSf0e8B0Qbp0P5g0AbA06TV0fNc0l4bV4KS0RJ1Zd0GRx0Qaz04Bg0CJ_DL0GFc0HNwH9078j0C030A3N0P0l6K0OOZY70I
g1_9Eale9iQwY7q-pbO4DmIZdt1S4gBOUh2a78GdgvVF28	pathagon-rules-v1	7	14	3	71	0i0T0G000X0f080B0J060g0R0D0b0V0e070C0U0h0O0N0M0d0l0H0N0K0e0bI309FN0WQ60j0EE17d7iVl9l6RY60eTEb9MB0m7Q0cPs0eQV0DGQ0HA40k0XBE0CbhSB0cC_0i0h0k0K4S
g1_9Egccyrwn2oOaZBb-aRYr74y-qVypNNTZNimP-Gbj_w	pathagon-rules-v1	7	14	3	58	00070E0g07040m0h0U060F0S030f0102080i09030G0a0L0C050V0J0T0M0O0N0I4t0A054Q4_0K6J041J0A8D000901Rf5ZBi0I0lEl0B0U7K060JTB
g1_9EnwuQrLZEijJhyrh1qjt8iyDWc_IPkIjT8Xzp9DJUg	pathagon-rules-v1	7	14	3	196	0V0W0P0O0Q0X0J0I0m0P0H0A0I0O0B0H0C0c0d0V0e0f0X0Y0R0X0l0K0D0R0k0Q0j06055a06G90K030D365Q064g5S3A03Ap2W020K2M8T3s04363u1c0A4f8W3sAo2J4e053u5R2P4e051b5O2P0D391b3tAo5O3A0D3w2N5Q0A4g1d3A033w045abd0m0sAm5O0D36ba06WwbPRY0Yc90AbWakW70dcGWwae0eL-byWw600k0Ybd2Ian0d363u1c0l050k2M025O0A36ba1eWB0f363u040A33030f361b4g052M4e3wbb0m2M5P3x4g052M5P3x4g002O5Q3x0r4e395Q3x2N4e395Q3x2J4g395Q0t3t4g395Q2P3t4g395Q2J
g1_9EvcPwyqP9xGkxgUJ8RNGSFJtTYO4wLZw-3bWtGI6-4	pathagon-rules-v1	7	14	3	54	0K09020b030A0i0C0B04050J040I0H0G0A0H0D060C01080F09080007010E0M0N16001w012a0N36030U020b0V3-0r0P340B05030z34IR
g1_9F18v8jlJ1mDKUBNk-j5mnlhr1K5qX0bKRT5gnN-QMk	pathagon-rules-v1	7	14	3	89	0i000l0f0Y0I0X0S0O0j010V0F0L0G0m0N0Q0M0c030k0T0h0C090g0R0P0u0ETx0KLDJ_0iJjMpNjWa3TLcAAYJas6jW-aQJy0gQjXOBA0JGDUQ0g0LYG0Z0ULF0cPFIq0O650Z5E0V0Nb-09Zi2i05Mz0OKM0LaO0kC28p1m0BKFG135
g1_9F30ae4z6TTp6csp-Tzop66LgN65OUeAD4j-iiB7zxM	pathagon-rules-v1	7	14	3	196	0K0J0I0B0A0H0P0O0W0V0R0D0Q0J0C0I0J0B0X0C0Y090G0A0N0U0O0T0M0F080G0M0N0F0405060C05035P06035a4iGA49045a0JGB0CB20D0J4w5S06380C035g2PAl366y081a5O34032K020t4p082O5P3A1b4d2O0C385Q4e053u1c2P020D2M5P3s04363u1c064f5S060C5SAq42040C5S063s2N0C391b3t9-0C364f1c052M4e3s04365Q1d060C5S2P02GI2d023N034o5S06045a2PGr4w05LfbyGk4wRZL-Wb05brQq5P4c391b3x0r4d392M3t1c01392M3t1c4c352M3t0r1d352M024g5S3A033w385Q004g2O3A
g1_9F7O2PTEbJX-bWxGsPb1SufwGUg3zDbzFDtrE09SndQ	pathagon-rules-v1	7	14	3	66	0Z0P0I00020O0W0R0P0Q0H0P0V0d0O0N0W0O0P0c0k0V0d0X0G0W0U090N0T0S0U0b0M0U0O0i0N0P0c0W0a030V0b0W0G0j0N0T0a0h0U0O0A0N0P0l0W0k0i0V0c0W0F0L
g1_9F8_L9Rl1n0XW6ioyVSSxAIAPLrR32peyDpTJMs_Fzo	pathagon-rules-v1	7	14	3	78	0i0F0K030004050I0J010S0Q020Z0L0l0O0b0W0Y0k0j0N0f0D0U0P0E0H010A0C0hSK4vOEBOTBK3aoFaOoXH5BPmLP843-G-07Z10B8uc40iEm0t0aYA0DG5a80AZZ05ST5g0lNx0dDC7kLHR50PWG0XAp
g1_9F9AwZXcsQ25bK37aO0jS66BUD7Uy5THcqBkqbPSJQQ	pathagon-rules-v1	7	14	3	196	0B0j0i0h0A0i0E090g08070F0C0G0H0I0J0H00010203010A0405030k0Y0l0m0f0eYD0hWgc0QW0XPmXROCQW0M1GY-PHbGORZuYPagZBXdZzYPalZBbSZzcEalZBbSZz4iaiZB05cGZ-aiRX0LcGZ-ai650S0l16Z_C2a-0U07SEc4MvBxX9SEHPMY0NXNRoHP1t0OC9Ro0P0QXG0I0O0o2JBX3I0PGzMYBxCU6hGzMYBxRo03GzMYBx1m6hGzMYBxRo0FGzMYBx2X6hGzMYBxRo0MGzMYBxCU6hGzMY0F1DC9Ro6hGzXG0MS0C2HW0TMuZBXdZzYPalZBbSZzcEalZBbSZz34aiZB0dcGZ-aiVM0dcGZ-ai1V0ccGZ-aiUb0ccGZ-
g1_9FFiEZ9CVm3cXo-lVgqw9PifWPNFiJXBUmPMdvQLwjU	pathagon-rules-v1	7	14	3	78	040P070N0K030O010m02000j0X080W090U0M0V0Y0G0H0N0I0A0R0E0ZIh0B0S0FOUI56VZecB0LGROOMU07069eFY0Z1S0CXhWqbPRh0AH45i6hXtX00FRebd4pWU0I0J0B0I0A5a0P0Q0IPM0P0CMdFR00
g1_9FT3sRqcC4K2sLtSFZv31Z4s_IRdN11FLwTNckM1NWk	pathagon-rules-v1	7	14	3	91	0P0I0d0c010800070W0b0l0j0N0F0f050V0m0i0Q0k0U0S0j0B0O0e0V0P0G0a0N0h0O0T570M7S0WTxVqJlUhQC1s4N0abp9Q0L0JTD0bH40M6T0SBc0_0MMYS00d0T3T0cFb8pK26YLrIv0N0W0U0MGU0O0W0N0V0P7H0e0J0d0IRJaAZOYX
g1_9F_vd-2xW3gr4MHxuEri0_yytwuC57Wt224uewiqjN4	pathagon-rules-v1	7	14	3	59	0l0c0M0E070d0K0C0H050Z030h060f0V0Y0b0S040X0O0L0e080i0W0a6v0jb93E03VI0mW8HHTEPk5gbu0I107NSBEqRDZN3l01Cr0mWA0kUsAR0a8h0F
g1_9FduKRPRb9OJ2LPolpvJNLKseU3ursjvIv0K1QuQT90	pathagon-rules-v1	7	14	3	28	0U0V0W0H0G0F0I0G040P0Q0R0O030A090Q0B020A0C03050E0J0D0P0C
g1_9FpZZQ6uvkHaeIZUKnwhzKqFQhdBRJ7-qHpVH2QI2_s	pathagon-rules-v1	7	14	3	36	030802070A0H0W0G0g0X0f090d0Y0i010B0F050b0j0N0U0M0J0P0S009m0m0Q1wMo1C0h84
g1_9FryuNMgNglXFXDL9MYTh8ZYQk8uHjU2IrshS6ha6A4	pathagon-rules-v1	7	14	3	120	0W0F0P0b0V0U0O0N0c0d0G0c0H0I0M0T0N0M0a08090A0B090I01020309020A04050C0J0Q4c0X7n1d0o2J9E3A1b0o2J3t3D030r1Y7h2R3t0r1Y352M3t0r1Y352M0902080o0e2J7i1cIW0o0N340B1aD20q8R2R1a350q3r2N1a350q0G2J1a35D50q0G1Y0C359_0q041Y3s360C0o9C2MDq0H01380q5F0G0e1Y43
g1_9FynEIhe8DyPBW3kaxZuCgaeWUFtoY5p4EiGXYfpS9U	pathagon-rules-v1	7	14	3	61	0D0Q0U0h0C0e020M0j0f04050i080a0A0R0F0Z0N0V0l0P0k000b0c09030d150mTtVvBF0G2c4jA37BOebLGZ0cYYV7K6Im7WCu0Q8ZLQ0iON0K0YUAR-0S14
g1_9G80XvxmLPK4LYDryNMc27m_2wJu0uG9PGlyrWW5s38	pathagon-rules-v1	7	14	3	107	0S0H0K0C0O0U0L0I0J0j0Y00040i0h080F0R01070f090b0g030k0Z050e0hVR7mCtY9SCX9MyZMWWAc0gF7VL0GTTSW1i0XXT0Hav0gVh0d3K0lZ-0k46OB0F7cJoNPGVQR0a5HSlKR7-0BIF0RGcY50a6Y0V1HQM00Vw0ZSr0OFc0hGU0908X20A9FD90104Ba02Yc0baA086sTM0b72
g1_9GM6IZgP4l4WCPu9d0e-vtBqvna-40bcskuaw3Uze-0	pathagon-rules-v1	7	14	3	43	0g090208070100030401030A0B050C060G0H0I090H0J0K0A0J0C0D0B0F0E0L0M0E0F2g023Q030O04DT0GBH
g1_9GVgszoBfP7zSM4IbWQ7g3zsqmFQA7rNhj1Ch3xpHCc	pathagon-rules-v1	7	14	3	83	0m06080T0N0I0Y0H0f010O0J0h0A0l0U0a0d020e0g090B0R0K0D0Z0V0R0MRFOl0YUzMc0QbSG1LlCsXwDr0W5-K2OTQv0IYv02Ff0l9Cat0CNPS60DPiEk082Y0C3NXD05BZ0JIc0hMc0B0U075Z7l0QCIbd0GFJ0l0-
g1_9Go-PihRpp5cjP5ssfFs3Z1RBIyOPkMVgJv362AHhcg	pathagon-rules-v1	7	14	3	37	0m0J0T0C0N080j0l0F040a0R0O0Y0X0K0Z0P0V0d0L0E030Q0G0S050W0I000HGCJdKFF9Kq4m
g1_9GvmAGFSZXmS5Kd3b41WPvZD1SpOkt86Kjf4jVdC8Qw	pathagon-rules-v1	7	14	3	67	0Z0k0e0S0E0i0J0W0K0c0d0h010M0I0a04090B0A0L0P0G03070V0b0XG40HTr0fSA0TbQECFI90bpNYGIQMVi864O0FXNZ7DS0Y230eLq0jF201Q2T50iRJ0a0T0R27Jj099n
g1_9H0Up2QEQ9aZOirZvSIDfsNO4XPuBfpqNPMIlxsn_VM	pathagon-rules-v1	7	14	3	66	0X0e0f0Y0Q0R0J0K0d0W0P0X0W0e0I0m0B0f0C0D0l0k060l0504030A040H0O0V0c0W0O0d0V8v0A0V0HWt0fbt3g0NWwBD0Da-5C0f4KPs0WWB9f0cbm0U8n0G0N1-0F0T
g1_9H3G2Tq53IP-1HVxlSdelohSiql6gVAS8A1c71_7Y8Q	pathagon-rules-v1	7	14	3	92	0009020h0104080703080A0B050A040C0E0F070G0H0I0A0H0J0k0C060B0T0M0L0N0S190a1p0Z5G052_0jXc0g6cCY0FS63L0bC50V0G7X0U03020b9o0d0ZaQAh0cFq0XOMVu0U09S90ZYz0EUi0V03Ld0U5C0A9u0b5t0hMJ4S0B085z0A0b
g1_9H4teb46E_9mPrObs_F4ckXw3mEk8cieGIxfPLK2n5U	pathagon-rules-v1	7	14	3	49	0m0J0L0G0O0N0h0E040C0F0H0B0M0g0c0I0Z0D0K0C0A0X0T0a02090P0A0OQS0S0J030LJhY701Fz0Ac3SHWw960A2HFCZy8k
g1_9HU-MbwULiGQoHxP7QpWdcH-FYqhbZGeSH3X_SKlz28	pathagon-rules-v1	7	14	3	67	010W0k0j0V090h0K0J0L0l070Y0R080c0G060U0O0A0X090T0E0M0b0204038dI34KN97fJHb8Q20Z5f013JReMJbwPr0fHTC4U80J2p0G9M0P1N0SF8Dj0Q270I0BCP0P0MAF
g1_9HZ2jpPQ38bT2fR-_Yl3peTUEcL5AHBZ-mAgJPjk_GY	pathagon-rules-v1	7	14	3	49	0f0e0m0l0k0d0l0Y0X0W0e0X0Q0R0X0P0K0Q0J0I0Q0D0H0K050C0I0B0O0I0P0J0006040V0A030o024c2O02PQ0W0A11041h
g1_9Hi2YzOT_ibWaFjzXHew99RXU1qedbJKjKlnr6z22EA	pathagon-rules-v1	7	14	3	32	0A0P0H090O0B020A030N0A0O0V0G0O0I0g0H0D07000Q0E0L070R0M0S0F0N0T0M
g1_9HtJiWmRds1kn3k9JzV5s1lmOmpArTmKoqvLWlicrtc	pathagon-rules-v1	7	14	3	41	010807000F0E0T020M010b0807090G0N0U0G0a0F0L0S0E0Z0B04030A0H0I0D0A0H0B0A0O0V0P0O0W6p
g1_9I1QJRPh3-yVtmQeZDryoaxih9_eJTZ2X1qwKNwbGUE	pathagon-rules-v1	7	14	3	31	0i0X0A0L0V0m0P0G0R0f0D000W0M0I0j040a030K0H0h0Y020Z0T0C010d074Z
g1_9I4GqHZ3hVMNuBHrjBjBNl0WcHEycXTyqqxMJdykTEc	pathagon-rules-v1	7	14	3	196	020908010G0F000901080E070F0L080E0M0N030M0G0H090A0O0P0U0O0N0V0W0I0V0B040T0S050t0T1d015N0C2K020t000J01MoHx0M0z48040C4F570D0QGA5RAqT94c3w5R0C2M4e3w6z08034w097V08210J0-0U0C3w0V0C6Z0U0QQXBL04GI0WLY4cAl2O5P0t1Y4d07360q1Y6907363u1c012O5P3u1c012M4e3w1c012M4e3w1c0C03NZ0o4c0JBc1m1DHd013yAJ0T0N0M20018u1L0A1_0C0U0JDhMm0GHIXGRa69MK2N0s340N07IR024g0s3A033w385Q0N4g1d3A0U3w2N5Q024g2O3A0S3wJ40N6r0b0cKOP40V
g1_9IBqFf1WihIyGgpXRClycwSwxdFUV-BUI-0P-cJL7rk	pathagon-rules-v1	7	14	3	112	0B0A00060R0S0I020Y09040k0V0M0C0i0d070f010e0N0W0J0c0P0L0lAH0ZLhKARKHi1JRwCq674QDGW3880jMuGO6jQGO3SPIR0eCK9IaBEmHdXM0k0TTQCC8r0B0F9VYf0B0H9VCS0B0N9VD-0B0F9VXu0B0H9VCS0B0Z9VD-0B0F9Vbj0B0H9VRm0B0h9VD-0B0Z9VCS0B0H9VRm0B0MUxIa0ZE5
g1_9IMymq2qM0g2po_7qsDecS-G8IgwEp0E4vqPMin85Io	pathagon-rules-v1	7	14	3	68	090J0K0c0D0i0m0e0R080E000j0C0M050l0A0Q04090O0W0b0h0X0F060H0i010G1tVR0B0YbxQ9IEFc0M8v0N1R0f0SMAYmIO0AGa0TaG0mZH0jLF0CEL0i1E0RWm0hAl0k090l
g1_9IQjuILTP1m-3RM3BbUJ9pfsI0UHPjnl59X7O-LOgXY	pathagon-rules-v1	7	14	3	49	0G020M010F000O030N040H05060D0K0C0D0R0J0Q0B0I0J0C0Y0J0R0f0X0e0P0X0Q0S0I0TFG0J0I0QZX0UCz100V220m0VDg
g1_9IREG1XrDCb8QD2_wCvR87ZJPGpWuZtlDC9v_2qBmUM	pathagon-rules-v1	7	14	3	53	0B02030M0V040N0l0A090G010O07030H080J000i090I0a0b0U0F0Y0G0B0c0QZD0DbH0RG0086Y090e15cA8XQ7SnHwIvYwOs0COV0kIG
g1_9ITs9uJrJxsDzxIc8eqLOSafrS94Ff9SGHtERDa9nys	pathagon-rules-v1	7	14	3	57	0W0a0Q0G000Y0A0R0b0O020D01090f0l0i0E05060X0N0k0c0e0d070F0h898-BU0L0HHA5RaS0D08bQ2U4E03D50Sb_MZ0C3ILu0mIr0LUw0a0k1E
g1_9IXrYqCIzGitPs6PGYBL9A4--6w36btdjmspG9X_dmE	pathagon-rules-v1	7	14	3	68	0P0Y0a0e0d0K0L0G0c0W030E0f0C0k060H080X0Q0g0T0i000e010h0MK102X80OU00lVEA5ENIA83GlVZKqXx5_6d0J3Y1DWR04YW0OQo0GCt1q0W4005N20lXL0RVWbP0K4t03
g1_9IZTVCxsLYlUIv1C5P1MaXdxzYwEu-uMkwB0RLs82Ro	pathagon-rules-v1	7	14	3	36	0m0f0Y0R0f0K020D06090G0N090U0X0Q0e0J0l0C0O0P0I0B0O0I0H0A0W0V0d080kA60CIV
g1_9IhDJJLjNP84MYgtm0nF_kiE_O8IFjgmenNI05waXXc	pathagon-rules-v1	7	14	3	76	0i0Y0f0N000b0B0S01080j0Q060R0Z0k070C0c0D0d0V0P0H0h0K0O0a1r0I01Kl0WTm0l0ZWoF4U00G6U0Q5yM20JXMa_GDYxUM0T0W0c6x0N3u0w0O0GRa0P0IM_0O0W0PVu0vIV0N1YMEFn2e0J1u
g1_9IhdZEzerqVq-uvuk2xUt_jnLlRYT3EMAuVtf8zfS20	pathagon-rules-v1	7	14	3	39	0R0C0G0L0a0A0j090H0B0D000I040X0J0U0Q0K0P0J0I060l0Q050Y030O07Zb0PDf0G0b8NTs4XM5
g1_9IoT2fWa2w1K85mdN3s3Wn8x4PG59VUF1zc5b7d8t34	pathagon-rules-v1	7	14	3	55	0L0I0N0P0S0m0Y0Q000D0U0i0A0Z0h050R0e0f090d0W0l0J03070X0k0G0a0j0B0ea9DF013BBBXu9EWf0FImcGHc2DLdSg0gbBVr0d9X0cAW
g1_9Iwaegf9BX6I7dy0aNu9xtxQYwGlv6WnGFEWFrhyeVY	pathagon-rules-v1	7	14	3	61	0S0W0D0i0V0g0O0E0908010M070m0T0f0k0G0b0R0c0Z0h0B08030A06YD000h0K0C0L0WYYQSBnYP4t0a1O74F1Ng360E5fPg06B_07KzLl0dWSK40YAEQp03
g1_9J4BOL8sf8Zq4SNF2Yb32r29_n5EzpSlZ0eqKGoxyWU	pathagon-rules-v1	7	14	3	72	0Q0B020O080F0W05070b030k0e0N0P0Y0R0m090S0h060f0Z000i0L0U1J0JWEaJ7w9vRSTJM35G0YJtU-0E01Mk0B5qK3I-IMOE00BE6Y0RDJGU0K0NGV0OWTXM0faPbH0l1BMA1zRwVUBq
g1_9JDI1KxbvmFPlbdXgAW1i5pZUgjPZUXbpmhe3R4eIQc	pathagon-rules-v1	7	14	3	62	0F060I010D0P040R050k090U0Y0Q0j0M0L0Z0B0J0X030i0S0O000G0lYV0d8G1P0gHn2p0H08Fv0fL402E5WA0h500E0X5xZN01Aw062cW20PSAQ40i0qCFKz5q
g1_9JEEYI6xLSuwLTaPTEw0lCHbbuCt_8ErqDnHK67a-nE	pathagon-rules-v1	7	14	3	196	0D0C0K0J0R0Q0Y0X06050f0i0e0W0d0P0I0B0J0I040m050l0C0e0k0j0c0k0V0d0O0H0A03460B8V0I4e053s4c2M9E050o342M4e050o342MEb0I0o342M5P060o342M4e050o342M4e040o342M5P0B3s0A0q8V2O0A3AAk4eG81c055O0q0K4g2O361b0D04Aq4pLm0R5aLYGA3s04343t1b4d0r2J361b3s0r2J361b8S0s0A5R2P4e1Y355Q2P0s0K045aQvGWWU025abdGrLm0R5abdGrLm095abdGWK_0Q0DLS1f352M0p0P1Y5O2M6A0t1Y4d05360q0G042IbP5v0R0fZKcEZ8UZafZyYPZ8XdafZyYPZ82JahXfYMZvZA
g1_9JKA9NT_ZpH2ddbihMAreE6GE1KjSMSnltiQ_cO2nfo	pathagon-rules-v1	7	14	3	39	0108000E0F06080G0H0F0M0T0F050U0G0N0O0F0P0b0V0a0G090U0T0S0L0T0Z0F0S0J0G0I0M0C0g
g1_9JQOEPCt9xBrGUdeYH94pojxOOItQ6WOwT_K2r7oqcQ	pathagon-rules-v1	7	14	3	104	090G080F0A0H0B0I0C0J010203090204050B040A00070E0807060D0K0P0D0Q0C0O0N0M0L0N5o06Gd5hAq4pQuGd5hAq0D3wAo5aGB0K05RE5vGB4w050R4gQu5vLY0R4pQu5v06GW5hQv5805GWB2R00SLm5oAq0D05Lm5oAq4p0T055hAqAA4o0M5SAq42040J5SAq42040C
g1_9JZcmQU1kWeGWpS3ZTEajTqFuWZizHIx303b9a-dwSY	pathagon-rules-v1	7	14	3	59	0F080T0M070F090G0N080G0U0E0L0F0S0M0T0c0V0O0H0V0A0b090U0a0Z0g0a0Z0T0h0e0dTJ0b0W0a0c0PPN0IAp0d0W7Y0cKd5I0P008F0W8y650cDe
g1_9JuGPMwEqUlnCPZggfstZZa32EhkZ6dHYrnN3_6wJjU	pathagon-rules-v1	7	14	3	196	0M0N0F0G0H0O0G0T0U0V0N0U0c0b0a0d0T0b0W0c0P0I0O0Q0X0e0J0X0I0W08090A0B090C050J4g038W0A3x0B4g050B045P357j3r2N1a350q092N1a346w3u2N4e0A0o3r2N8T0A05352M024g0A392P3u024g2O360B0o5N2M4e0A0o342M3t080o042J361b3s0r08392M3t1c4d002O0t0B3w1a388U4d2O0A025N4g1d3A0B3w0o2J8T4f1c0A2O5O3t0q041a3s34082K020q081a4d34032K020r081d2P42380B05B20C9P51GA5QAq3t4g395Q2P3t4g395Q2J3s4e0B0o0J2J361b9D0r2O361b0B4g2O3A033w385Q
g1_9K2bATsugDDIjE_9b_-dWWsrE88wH5p3d3rzlBfG-H8	pathagon-rules-v1	7	14	3	67	0f0m0Y0R0X0e0Q0l0K0J0R0P0W0d0I0W0J0k0H0O0V0c0W0O0P0V0j0D0C0B0A0C06055a06G90K0B0D3u048T5O34062K5P0q0A068R0BbZ0m0o032J361b5O0t2J361b3s0r
g1_9K869PDU2gJn3zyf4XBGAI7zrAryl2aY2RN1OMZSK0s	pathagon-rules-v1	7	14	3	28	0F010a000A030U0H02090G08090A0N090O0V0b0T0O0h0M040U050706
g1_9KE6gMXrp74n_jDp7cKPTnx_wFRgM7q69RmEmlGq6Qs	pathagon-rules-v1	7	14	3	159	0D0Z0c0a0E0i0f0h0U0k080Q030d010S050H070F0g0P0O0R0T0I0A0b0j0e3qFI4xYT7FSbZoV7BE0D2FbF6Q09PbT9Gy0LBZCX0C1401Ot0WMI07Dc0FLN0BVh0GTS0Y0D0OS30Ca30ROh0O4E0CFS0OK90E7z0S00PX0LXA0cDD0MN80T6Y04JS0a8v09Mg08Kx0bCI0HDCEiGK0K2l08CgU90748023K0C0B0JEw0CYl040J2Y0jL19K6Y0dLl740VEu0CX-0cUxL1TENO0548F60RIg077z0NZG0U4lBW0kLOFY0i7v080T5c
g1_9KLYQ__Djwh4ThYvxC_wqsLIpmmqyQJ8-_OENWFAoaI	pathagon-rules-v1	7	14	3	20	09020V0308010D000I060E0B0f0K0H0O0F040l05
g1_9KMfra_ihDXeSrgCVp-_lgGQv6o5OPdAtBeHrEwvWC4	pathagon-rules-v1	7	14	3	58	0O0A040N0d0R0E0l0b0109070a030H0I0C0V0S0Q0K0e0U0602080Y0M0B0DJP0gGE0FTp0kO3VPQzIJ0hbHBu0jED0ZKfCYGRYo0T7b0fFEVASK0P1W
g1_9KeCFk6Ky5aEmsbTGeXEnaSapMNKgQ5oL1HJr63mUdk	pathagon-rules-v1	7	14	3	38	08090F070G080201090A03090H0O0A0N0M0G000E010I0F0H080P090L0B0M040J0Q0C05060D0K
g1_9L-p0rckJ89RxaXM4viMl0pP7U64fgXgvIM-RbSYPaU	pathagon-rules-v1	7	14	3	42	0W0c080i0D0b0K040R0H0S0a0F0L07000M0X0l0j0m0C010T0J0Z060h02DycB1PPuS06YHaFqSp1qUd0H4a
g1_9L0d75iFFzZcTVI8PiqmwWVjTeWfP7TXmBERvZEXTws	pathagon-rules-v1	7	14	3	70	09000I0V060j0K040A0f0d0N0m0Y0M020L0g0D0Q0B030b0S0G0F0P08UxXZIJ0uc20RK80W0c6vG43XHN0sC2ZiDM0PGRKM5l0kc00jRb0l9Z03QJM-06bR0lRVBH0g8y0YSCRQ0W1P
g1_9L2HNTv32yamiToeQ6BoUQXmZnjxzIAAJOQvJ7HMU2E	pathagon-rules-v1	7	14	3	111	0A0800010D040c0T030M0N0R0b070f0K0e0a0F0h0X0m0P0E0L0l050V1U0d8-0A4o0ITz8RIS6DZbFHWq72K4VCCzNEVsM80HYA0Pbz0faH0dMW0MSc0B0m0IEWWtGb0RO00COo0UBpLs0EQR0Y5o0X3S0NHwYyM20302b20H0VFg04Ab069K0I0Fb-0SBeJj0XL30NVg0ECW0VJUOf0FEg0G0m8a
g1_9LBdvgAOxoZ1YiYzeZDKJJRX5ufTs5y6eps-eLSnhws	pathagon-rules-v1	7	14	3	70	030G0c0J09020j0H0E09010Y060I020B0A0a0F0V0O0f07080S0K0g0D0P0eBh0NUL0i250TASGR0dM_PB049A27050T3o782n03VK01Jk0EYo006S0Rax04TO02ORWhGHH_ZkQS0c3T
g1_9LDgsj1Ar9F5967V1Baoym0t1NoLsuaSPncHDoMjE5E	pathagon-rules-v1	7	14	3	59	0i070R0m0Q0B0K0C0H0W0I0M0P0J0f0Y0E0O0X0A0D0U0S04060H0g0G0I0L09HT0Jbm0ZDfXQ0NBE910k0Aak0DLX017w0VYT1a4d3u0r0H0R680B2KSC
g1_9LEDIiaY71ye5BVROCFN20cabRAghGl2MzCOARpIts0	pathagon-rules-v1	7	14	3	54	00010g0I0M0Y0P0B0b0J030E0Q0c0C070J040X0U0N0W0m020P0U0X0i0f0L0h0b0aRM06OJ08Yc0UTQ086mIhGd0S0F0XSY0d085U031KQ_
g1_9LHX5O8Tg7_H6FWV_hKKaL6xMvSoKHzu8-oD94wJlF8	pathagon-rules-v1	7	14	3	28	0i0k0D0S0j0T0M0F0L0E0M0G0L0H0N0U0b0K0N060U0V0O0U0c0I0N0J
g1_9Li9CiSr3UievAuHawnz8e_8hDpAUlALkIG7P2oJqm4	pathagon-rules-v1	7	14	3	84	0d0M070K0k0W0g0S0T0j090J0R000O0e0A0X030V0c0Y0h0V0f0N0R0e040a0l0P0c0Q0O083PFbXU0J6oVr7t0V0eSt0FFTCWZH0O0pHK0AM20N0V6-0O3A0G0TDJNL0G0OB30HS00N0T7uX20RXw2J695UBX0_H50G09R2
g1_9LokSntezzlVtktscmHSAq0qdeqzk-cJdlumUn-K54o	pathagon-rules-v1	7	14	3	47	0C0D0B040L0N0b0a0k020Y030e0d0T0l0M0X0S0P0e0U0W0R0d0X0G0e0Z0Q080gQp0901Ar0KX99V6JN50AG0QIGlOQHr
g1_9LxYCXU0NMtgmAd2GjJ2SaQg3lhFwTYts8Bn632-sZ8	pathagon-rules-v1	7	14	3	101	0K030I0Q0J0m0H0R0Y0T0a0A0B0g0R0U0C0X0D0Z0E0l0b0i00010P070c0b0Q02RWSI0WbTDx0aGBc80h2e0K6AB5HC7laN04V70N0c1HQQ0D3R4MXTM52I0RRS5vbdBU040D610HZ8cDXfBO0dZ8ZwXe0fYOagZy0j0dWo0i0da23_042S3L8hYd7j3tDA8V0A0k0H2w
g1_9MLfnarOgDN5ly-yRDAh7IXnlCDd7MMsFk9Z-navT-A	pathagon-rules-v1	7	14	3	46	010T0E0j0W040A020G0d0706090m080B0P0I0f0U0H0O0F0k0R0l0c0D8M41Br9C0QaR6V05Ld01IL07Wl0j0M04Yr5Q
g1_9Mcmqt2okadlU-nwUcQiW_1zc0__lwu8Rn4tXxzRero	pathagon-rules-v1	7	14	3	43	0c070j0f0d060Y0k0I0e0M0P0J0X0l0b0D0W0Q0k030d0K0R0c0Q0Y0S0R0m0H0l0CcD09aA0A0I0BKH0m0OUW
g1_9MfT78qxdQE8NqzyeOVJb60koWZFFK7qI2AaIx8N7c0	pathagon-rules-v1	7	14	3	18	0Z0g0h0i0B0S080h0b0U0R0m0j0k0M0j0E0l
g1_9N1LtL86XLx3ZUDGJ_a3qPedJMgQGz9aou-Hg4KsRxk	pathagon-rules-v1	7	14	3	44	0B0A09080A0C0D070C0K0J0I0H0J0G0F0E0O0N0F0P0Q0I0O0M0P0R0L0K0E0J0506045N067h090p031Y092K02
g1_9N8zGYM7uUl12HhC_KCnZGhQXk-VcQhh9Ghr-31AmBg	pathagon-rules-v1	7	14	3	94	0h0i0d070R0U0m0A0M000P090k0Z080I0B0F030f0S0T0c050D0K0E0X0W0jXoReUA5HC4O0bYCo0m8P0c1BUb0MMaGe9RQNTB0l0eNM0U990PHp0IR60EKq0IFk0RAG0XH8Vx0KUe0f5m023UFDBM2o4z03O1ac02SIJ0Fw0xUp0d7qUi0TBg0d0793
g1_9NA8wYALXielq5eqekXwjE4qAJU2Ek2INwoxbc3uEns	pathagon-rules-v1	7	14	3	83	000e0I0l040j0L080g0d070E0Q0Y0X0C0f0W0i0K0b060B0U020M0F0O0R0TTNU_4QbI0V0S0ZVcCeAXWFHw2y5WEcI-0MMoI20lXf0hM3CC048O0iPx0mBA0RNW0MONb_0TP5XQ0NYALI0P6k0EI70V0AZq0jC70b0E1F
g1_9NBgdh5-gXhc-lqh8Sc1f-_sIdaiqIi4KAg2II0_xds	pathagon-rules-v1	7	14	3	56	050L040K0S0H000T0a0i0k070R0j0I080l0h0M030Y0J0E0X0e0B0L0c0I0N060mMO01RD0DLe0a56Z7a9Zy0FXn0PGO0R7c0X3ML30l9Z0bVj0S
g1_9NDq3JVQkUyUjHhRF8F0EH4zD6u8O2ks2cGQQfACbTg	pathagon-rules-v1	7	14	3	57	050M0N0Q0C0G0R0I0T0D010F000h0f0J0P060Q0U0J0Y030N040B0i0m0X0K0C070J5p0R9Q0ZCM0FGMLqFCS3RE24MpCj0W1MEG0K0VNb0R0W0c0k
g1_9NRVFmStpwr3W_u7pIE2bq9nwIGd7LjQR2DYS7VAi8A	pathagon-rules-v1	7	14	3	196	0Z0P0W0C0V0D040K05060J0I0O0H0B0C0J0A0C030Q0X0P0R0I0Y0209030G2K0234033y0408051m2K0p346B1f0L0o2J020F1b0o2J9E3B1b0o2J0B020CLG5O0t4j2J0Q081a0J3s0q2J5P1c350q2J3t1c010s0B3r1c4d2O0p3A1Y3s2M4e0r05341b012N0p4c1d352V3t4f5R0B0q9C1d6w2P0p3C1Y3s2M4e1D5N381b9-0B3w0r1Y2K4e0C05350q0J047g2P1a350q3z2J1a354f0r2O0I341a4dEc0r2O0I361b4d5N2N36096y3s0r08J90B2K020s2P1a8Z345O2M6x0t1Y352M3t0r1Y352M0A0p1c5O8X0A3w345Q
g1_9NVS9HCdMbOEy0PZ8AqDyGmmcwp8irGA04rC2mXt-ak	pathagon-rules-v1	7	14	3	196	0W0P050I0S040F0B0j0C0E0J0e0Q0a0X0L0T0M0d020W0A030G0H0D0T0f0A0Z3kHbVM2vXh06ak0YcFI6bWBr0OMEbXCI3uHl0rDealPAJt0l0eWVbzSS3I0kMD0N3u1h0o0T367f1YR8Bc5s0_bN6a0lBqRhMRXcGs0F2K860pa51bUL2N4d36Xn3ucF2N5l36Ik3ubP04VA33HkBV4qbsNb1K0hHIWoRvROMDVYGu0N0oVN2JYO1aOQ1RPG2J7oWyTB0p6d1YZ72KCh0paF1YIU2K540pOW1fXV2K7G360s3ub-2JJm6ABx0rDl2E5V2KNK34OH1aBN0oSp2JUlZDXk1bMg0o09bZR01Y8K2K7E0p6j1YBP2_N50_a5340KBcIy0_
g1_9NfswZMe-m-rPOXA9UvExtRZPplHziF_PAsVUAwqQbc	pathagon-rules-v1	7	14	3	75	0k0T0E0f0R0M090W040i0F03060Z0U0B0G0c0L0I0e0a0g0j0Q08070A0d0b7zNfHI02Lr0K0WSMPpTX0aF6V-0L0DH95f0l0B2GOB0VUzIA3r8u0mLw0aFv06GfLD0HC8aI0dNG9aYz0eE6HH0M15
g1_9NiwyQXyAXqGsfDDGmG0RbG4p2hPp9bsoHt_ZINlbhk	pathagon-rules-v1	7	14	3	44	0C030J0g000K0W0Z0U09070j0f020H0h0I0B0A0V0k050B010a0S0T0DWv0cahZp048EPN0XA2Mq5t0C4lBNbI0e
g1_9Nq-XHEf0KyTmTXBZJ5Jmb-U2JEkSWMgcMbnV9Q1hq4	pathagon-rules-v1	7	14	3	34	0I0P0B0O0H0A0Q0R0H0Q0N0G090V0A0G0U0W0X0Y0J0X0C0K0D0T0M0U0F0L0a0N0G0M
g1_9NrzeVNL31D3KVM1dJSJrHlP6koUSDbpuOT5UZJ2uMU	pathagon-rules-v1	7	14	3	120	0Q0P0805060U0M03000T0D0X0C0k0f0F0G0O0h0R0W0b0g0c0Q0Z0i0E0A4d07Nn0KCdX_UV6a0lXXJe0hb6GZ0IAY07UU0aMr0SV50L8i0KWP0BYr0CXn0hC_0C57Y50NMV0mAGbx0hVb0ZK-0fQe0XBR0ADJHF0kGNIo0eEBVj0G9V08Rp0NWg08Xr0HQA0yG905CRJZ0hIh0K4u830Z1q0fPa0Q0XO20mDZBn0e0JAU2S
g1_9Nt34EH-Je4kfQqOxmx9vNJHjokp2WD5IJvv7A7tteU	pathagon-rules-v1	7	14	3	159	070M08090G0j020h0i0c0U0F0H0T0e0a0R0b0Z0P0N090O0K0Y0V010U0D0EQp0SReCE6uCJ2j02cB0FZ8Ns0JMjXdCb4MHr1DGs0U0PYF0bMYBxRo6hGz16BVMR6aGz16BVMR6aGzRvC2MR0IGzRvBxAy6hGz16BVMR6aGz16BVMR6aGzRvC2MR0dGzRvBxYh6hGz16BVMR6aGz16BVMR6aGzRvC2MR0AGzRvBxLg6hGz16BVMR6aGz16BVMR6aGzRvC2MR0kGzRvBxNz6hGz16BVMR6aGz16BVMR6aGzRvC2MR0KGzRvBxIS1KH1
g1_9NvwkFjn23ECt4OFJ1nQd9cRKcbJtmc1B9eSiNj5vuA	pathagon-rules-v1	7	14	3	189	0T08010007040Q0g050302090A0B0C0A0J0I0P0H0O0G0F0N080M0U0V0W0O0V0X1e0o00360q004g0s341b012N0p341b3s2N02390q3r1c4d2O0p3r1c012M023w0r001b0o2J4e391b0o5a3r2N1a350q062J1a355Q0r2J1a013u0r2J1a013u1c2K0p0K3r0d2KPN0p9z1b5O2N0p341b3s2N0p3G1Y3s2M6x0r1Y352M3t0r1Y352M080p1Y356y2N0p8R3A1b2K0p5N3A1b2K0p3r381b0W4d080p6z34A01d3s080C0p1Y4d382M0p0A3r0F2K5P0q0R1Y7h3609G67j2S0K08360J9F1c2K0B080p09Ni
g1_9O3gd4KJlqxXR9VceMJ0ChaKLkYIFTkHZAnY5oqGYcE	pathagon-rules-v1	7	14	3	50	0G0B0M010T0J0F0X0c0b000U0I0A0O0N0Q0f0m0H0V090P0S0d0D0W0I0U0a06SS0_F6CIMDHx04c90IC1Wb5a6MGB3yBADwO4Bp
g1_9O6R7c_iNAHGojxkD0qTo3hknrqgFxzS_hM48z3uSDA	pathagon-rules-v1	7	14	3	70	0b0J0D0d0B0C0e0P0I040S0f0X0g0Y0T010e0Q0W0K0E0J0R0H0N0Q0Y0U0h0O03060T0XN8050VQe0C5IP-0B0XMxWv0iXQ0PIr0WZoF10j0IZw2FYQ0hbT9e0V0c0WF00V0aC90f4W
g1_9OMU9DpJANdhDxHROMivpxa71X0nNjrMG9wLRopjl8U	pathagon-rules-v1	7	14	3	21	010P0L0g0j00020N0O0U0T0B0V0H0A070H0a090b0c
g1_9ONULlXomC8qa46x9s4hTKYSGoAAi2yPnwYDdhWs6ss	pathagon-rules-v1	7	14	3	56	0l0W0E0P000D0O0i05080Z0N0L0f0V0R0g020k060m0Q0d0e03010K090CY-XJ5UAeKl060aUu2YXz80bqSo0yCQOjM25W0RG50iD80Sap0VFM0U
g1_9OOhcP9oMa8oS4MVrdooRJmlqF_gadJAcbYQK5UPw2w	pathagon-rules-v1	7	14	3	54	0O0H0N0Z050F040d07090e020Y0a0A080B0E0L0G0E0J030M0H0U0m0c0N0i900ADp0hJt0VH70WTl0gaHTzVj0RBiY-RO7N0AVE080YWnDc
g1_9ORM2V8atoeD_pa5Yq-GUKij7bc1s4CzDVg2iNotuMA	pathagon-rules-v1	7	14	3	63	0V05040Q0l060b0m0H0h0208010I0X0D0F0R0N0d0Z0e0j0J090T0U0B0P0aI-N62fL01w7d0YSTKQBANo5X0GH2Pz54Tc7Y09Fv01F9ZZ0gCz06EOUm0dTFYk0Y1i
g1_9OSiSIucdRMr06VwNU9SUe_W2VnqOv_mh4IdTW3ftfE	pathagon-rules-v1	7	14	3	105	020Z0a0G0g0U040d0C0N0A08070R0X0I0h0k0f0V0H0E0i0P0W0j0l0Jb50cXtF06Y0YPUKD2bJ0XNR1E60lWDRbGT6vSkVA36UEZ7b3KyLZJ_RUFJO80WVjbp0Z2k08HA02Pl06GK0JXHSBO30bCg6qIH7e5M2AMs1J91V808P3BL0TUOPvGX0LV60Z0KIu0NHNXY0cJ00MOGC976
g1_9OX5oAEbySjiasQiDwBl2Bl3vXkP4EBJ8eHjQrTuPkg	pathagon-rules-v1	7	14	3	82	0I0X0Y0F0C0Z0T0j070A090O000f080m0g0d0P060U050Q0D0B0R0h0i0W0LEp550KWiNvSAD6Q4KHRN8yU70cP9IYYvUSWJ8-0cTe0kNH8P9Y0U4z2YGU0T0b0iTS0U0a0FH-DNQd02YAUF0AUf0BCjTT0bAZ0h0H26
g1_9Oa545unqiCekjTEP_vMo72GbKwULleeX4SMEp2STX4	pathagon-rules-v1	7	14	3	57	000G0O0P0D030e0N0I04080c0O0U0L0a0k0F0d090X0C0Y0i0j0f020S0HWGVB0gH00bEC07F0CP0E0lZJ800m0VS1AWK-4WaPD50IO0053O0CH_0f
g1_9OiXTmcQ1B8zrGOk0Zmw2hfuLtFNnROEiTf3E79nGjg	pathagon-rules-v1	7	14	3	33	0E0l010008020301040A0H090A0B0i090I0C0A0B0G09050D0A0h090U0b060N0a0U
g1_9OkdrIfF0FyHV1IHcoc5zW7Nkrov6rIVvYRPEaAZe0k	pathagon-rules-v1	7	14	3	80	070P0j0M010T0E0X0K0a0O000D060Q0b0A0m0F03040f0i0H0Y0k0l0Z0c0IU7080U0cayN9Nu0S6VWrAG1OGF0bIf0UKoQRYy0IDdY300V0Dq05ZV0kB00eRJ0j1_0YPB0U0a0l4S0b0VW5Pr0TUS5CV0Ne0462
g1_9Owrtkj2MwqhOUV_m_EXJKgnZsYerVI_aP_DDicosVc	pathagon-rules-v1	7	14	3	28	0H0A0L070R0D010E0K090Z080S050a000F020G0104030m0N0Y060X04
g1_9P1yRMNqXQcnbveqpg6PmhA0AsRwBhgRGJExwc0Ea-M	pathagon-rules-v1	7	14	3	20	09020a0h070g0F0i080j0G0k0O0l0m0Y0E0e000X
g1_9P21yxuYOMjCnmvUJr8SAVHSF3-Ia4OvS6RrnCVpQ_E	pathagon-rules-v1	7	14	3	152	0P0e0R0T0X0Q0f0X0Y0W0d070e0W0I0J0K0V0J0O0c0P0H0U0b0a0N0G0U0M0F0N0G080N0FD10GDp0H0p6v1bD22N0p341b3s2N0p341b3w2K0p3K081Y2KLjPK0p1YD2382M0p0W0G1Y0PDp0V0X090q0U0Q3r1a4d380q0N0H3r1aEa380q0U0A3r1a69380q0N0I0U023r38It1b0o2JFMN31e0o0N3r5P1cIP0x2J361b3s0r2U34Ec0N1a0o38Q22M1a3s0X360q9CIS2P360q0N1Y0T35G70q0RHdIQJD
g1_9PA577TMjojtg2MgwG92qjOujfL5eyaPhzVo9hjcASo	pathagon-rules-v1	7	14	3	35	0O0k0N0V0W0H050Q0E010U0A0B080m090F0Y0G07020X090K0a0R0d0M0A0l0F0gcC0J90
g1_9PB2l1Ril46OBhZd16_mUNKQy8pTMU2FzmHn4DUILZQ	pathagon-rules-v1	7	14	3	86	0M0g080c090e0X0N0R0b0k040Q020B060G0U0O0i0E0h0V010S0D0J0jI70PBhNqQMKN9rXC6vUUM22ePJ0Z07Ro6X4r0lUmarHT0ZXt0cYd0CEX0iCA0k9y2p0B0LYJ0UVr5I05HR0aa89o0eNZOS0kJl0N1F00V-02Ye03T-01
g1_9PKmms5HuNWj0a4nOgqPz0wcMuuqxSJ9Ho2iXpZMAaQ	pathagon-rules-v1	7	14	3	44	0Y0g0A0H08090G0O0j0f0c0F0k0T0d0i0G0e0b020P0S0K010I03000N0H0J0GXM0DFk0aWZ0W0MZj0jDKVoGJ82
g1_9PQg7cYlB7cGGxy_RH-VfOV0XdRQCX-4Ev3PJ9ZWms0	pathagon-rules-v1	7	14	3	35	0S0C0f000M0l040Q0L0A0I0c0Z0d030J050e0H0b0A0i0W0m0G0X0k0Y0h0TEx0BHFLL0d
g1_9PTWMNjqpu9pv6jqp_NxIIy_Kzpcr6gMXU35FiXtpgY	pathagon-rules-v1	7	14	3	32	000J0i0T0b0R0O0g030c070H020Y0j040e080D0M0m0U0h0L0f0K0a0V050OW00I
g1_9Pc3nh2CDreRUl-3YcbgFlipkQIO06Ea0T-fku5IyHA	pathagon-rules-v1	7	14	3	37	0G0N0A090O0B0a0A0F080G0H0M070N0E0T0I0P0L0U0V0b0O0W0S0V0c0Z0V0d0J020c090Q0g
g1_9PcXJCWX1QfkOFhGgwxSZ_qhc9pdJYeTszV0K8TlSjA	pathagon-rules-v1	7	14	3	101	02030k0h0A01080L090200070E0F0G0H0F0A08070M0E0N0O040B0I0P0H0B050I0C0J0Q0V0J0UAa0I4i1d0W2K0p345Q042P0p0A1Y5O2M6x0t1Y352M3t0r1Y352M020r1Y4d08410p1Y6w382R0p1Y3s6y2N0p1Y353u2N0p1Y357j2O0p1Y354f2O081a090C0oCn
g1_9PfPS9D5cbujsZFtR4ru0KDFlz5LNm-cRvMYdTBWbkM	pathagon-rules-v1	7	14	3	110	060Y0T0S070f000L030M040B050K0F0h0E0M0C0D080C090A0R0H0G0W020113005Y0JEw0A06190B004z1F0A1q2i054I045y066q0U0M5f0HG70B4Y0l2N0eZL0B490P00040q0I5D0E3m066YBw0E5y007N1NKdC304AM890k03BK3n0TCr0c0D05905K0K0jBH024P0O0Q2m0V06P40g0O0X
g1_9PfcwqmIGJ7kNL7E29b-t6B_Wz-Wo_3W1ew7p6JlaYI	pathagon-rules-v1	7	14	3	44	040B0I0P0B0O0N0M0H0A0N0H0G090H0F08030W0V0P0U0O0T020109080A030D020C0506040J0Q5N067n090_00
g1_9Pnv_TCfIqsUqFPe4PTmB8h29tuXlTEfXAP_cBFZH8s	pathagon-rules-v1	7	14	3	22	05040C0B0D060A050B030209010800070G0H090A0I09
g1_9Q3ZuqeeCIDXFXPUe4kpWr0qgVN6AIkcqD1eDCW0IWY	pathagon-rules-v1	7	14	3	38	0E0Q0M0U0K0i0h0b090H0T0005060S0G0N070B080G0g0J020f0O0R0X0Z0lFWJADf6yIuQ60j6D
g1_9QJF1Xyzto5mO3CWAzVspMQM0DPpKuxa4ZRGxFkf5fk	pathagon-rules-v1	7	14	3	70	0m0c0H010b0O0V0d0O0K0A0E0X0J0S040e0M0D090U0F0I0Z0W0T0f0gQE02W7050X8IWZIIJa0dOeFf09W5PTHCFIBv7nV8TTI909NI0fRg0TGT0M0Pc24b0j5E04c2M-Vf0K5sNu0b
g1_9QOwB7uSoPhbjSl1VcTQcM6jgPFvG2zIJC846B26M4k	pathagon-rules-v1	7	14	3	69	0Y0T010I0i0G0b000J0j0U0D0M050O0f0K090l0a0d0c06070C080H0N0Q0DYW0SGQMF0K0e0X0A5a6Z04NQa-2b0WZjHPI_OT0iJmP80OFABT0U3i8q0mV20TO04N03NP0UReE90B
g1_9QPMnRrtYwFPaEsFO0Ts4LI8DbfcvX6ecC7lEMiU76M	pathagon-rules-v1	7	14	3	162	06050C0D0J0B030C040A0a050I0H0B0K090m0O0A0G0B0H0N020A0b0l0c0U0Y0VRE0P0Q0O0I0H0B0WLc0XDU9z2V4e5S0t3s04025S1eAl2WG70G03LJbo0Q0AVwbB0K240QM5GWR7BGWNM5GW0K0QRE0DWiLKMC0R0QM5REBG5hWNLY0R0DRSc30MGr0KRSGdby0KWiGkMC0F082K0G02bo1g012S02CWR20d1o0M2S025X08010F1e4wAp425RGB4dAp0Q5R1e4pA2415RAq4d2O025R1e4d05024c1d5O3x0r4c055O4j0X3z0_68OH
g1_9QQYsCHI7aM5h-Y_9nr3kYEBZ1dMs0uNe1fKDFbSAOk	pathagon-rules-v1	7	14	3	37	0O0H0A0V0H0c0N0G0U0b090W0G0P0d0I0B0J0C0Q0i0X050b0a0T040U0M0F870Z090a8L09Z1
g1_9QTF64d5iTdVbJnCDGOOsj8FpBe195sYKaPh42xYDUs	pathagon-rules-v1	7	14	3	71	0a0b0c0V0b0j0T0i0U0h0c0O0N0M0W0N0V0P0d0k0F0G0H0M0O0G0I0l0P0e0X0Q0J0XCw0FFl0ZEE0HLc0ZJC0O8c0H38Hw0MEDMU0I0f0QHuFi0eDnV10dNQ0T0ICpMnN80Y0HOB0X0Z
g1_9QUg76r537rjyH3XBMc4KBlu_nSpKtHYt0a-dV_gkf0	pathagon-rules-v1	7	14	3	34	0Q0I0F0U0Z0L0j0O090C070d0e080M04030f0V0J0i0K0G0e0Y010B0P0E4I8E0N041u
g1_9QZ0akM1ABWgddVSPPqxiFc6ZJBlFo_HSm4fTWh3JrA	pathagon-rules-v1	7	14	3	70	0l0R0Z0I020d0j0X090f010N0D0L0F030b060Q0h0M080U000m0G0B0VZg5xb10YLOSo0a05EB0iZWXmcCH0074s2O360EWq0WLw0LYcPI0j9tDj062-B60K6k0lSz0kUd4SCg0f0J1P
g1_9Qgx4lmsJB6hxbR_-vLM89Q70RN08j8a_OTS6kfIbsU	pathagon-rules-v1	7	14	3	39	0J0B0207090G0N0U0A0G0C0S050X000T0Q0V040W0e0Y0X0l0d0k0m0f0d0c03011M0i0j0c2u020c
g1_9Qi4NQ91R_jC2WuuJyjZUeawrIwQaOGhCNInKwoU96U	pathagon-rules-v1	7	14	3	98	0g0W0d0H00030Y0m0b0O0a0G01050D06040L0E0c0Q0I0U0e090d0J080VPb0f5Y0Dbd0M51CB9tTZEj0C3dYqJBXN8p0mESSeUG0AHG230jMdXD0HKDAM0319Zk0EV10cEz0iKC0k2a00LZN80XJQKm02PI043Sc00FCC6B0209IE0OWg0EZd04Ye0OIgG60m6x
g1_9QlQrv-ATdG3P2PjzUCfw_boJKGnbG68YAkUjyoIZL8	pathagon-rules-v1	7	14	3	107	000F0X0U0M0P0T0Y0f0L0V08030A010R0E0i020d0C0c0I090K060e0HNY0B0T8k1o070Q0ESa0AG995QFBn3wRMCx6W0ERp01Ui0kKH0WYYaR07Kr0QXy090BK-0P0iBn500XXK9S0FVd0kPc0YQH0jA_0M1G0UNkFi0CZN0aJK0bKp0jYd07M80h610KOQ0Q7XHH0lEKaC0XVb3A051l
g1_9QpX2g3dTP4ExrhkHNchVYkLpuSuLy1rGXHrn4IV45Y	pathagon-rules-v1	7	14	3	176	0J040105000Z060N0C0B0I0D0K0C0D03020A0H090G0O090H0P0Q0R0J0P0I0Q080F09080G0M3B033z040E056N077E08800w8R0A9J1j010I082V0J02132J1a01090p681f6w8Z0x2J1a3b7h032R36090o6v087j1f0o09080A1Y0136030o092J361b010u1Y352M6A0A1f0o09346A5Q070p6v3C03090t1Y350A5Q081a0A35032P081a0o09025N1e692Q0p341b082K0A360q1Y0W2K360q081Y0A010V0pLZ1Y092K3t0r081Y2K360B090I010J0q08CG4j1d5O0t
g1_9QqXn0xY0YTwQ-iFhcA0fZK6QT-8e5l1F5_PjwPNcMs	pathagon-rules-v1	7	14	3	48	000L0M03010a0Z0S0b0j080H0F0h0g0N0i0M0T0U0k0T040G02090A030I0O0P0a0B0A1G05090M1c0Q060P2p0J0P0I4G0K
g1_9QvMl4uonTBuhnAL-WsBcsVebUftnWWCIMDb8up8vks	pathagon-rules-v1	7	14	3	61	0Z0J0U060Y0f0B0V0O0h0R0a0H070C0X0F0N0E0m0j0W0i05090C000M0A04O8Y1Jc0dCIAJ0IbxS00lLm0O0GPG2n0cBk5bOE0gRP0RGTM10KIDF10k9nTz0p
g1_9Qw0k_2jfdCS8VktKoUAxdqxworpxlRO0MN8pQuhOfA	pathagon-rules-v1	7	14	3	22	0W040B0I0N020k0d0a0P0C050B0J0b000R060g030K01
g1_9R4TXGEJlyZ5tg3cT6mAMVpb2UUpQl8NID_MGAOX6UY	pathagon-rules-v1	7	14	3	196	0Q0J0I0P0O0H0P0I0G0N0F0M0T0U0M0V0N0O0W0X0B0Q0I0P0H0W0A0C09080K0R0J0D0Y0K040302013x03041d02382M4e05035O0C08Aq0J3w1c5O6v2P3t040o5N2P4e050D4d0s5N3x1c4d0s5N3x1c4d2O5P3A1b4d2O0C041a350q3r2N0J5S1e3t0o34082K5P0q041a3s34034d3A0sQt035S063r1c0C5S0t3s6v2N5P060o5N2P4e050o5N2P02051JM52kGrR7WiM5by02B2WN60A35MApWN5Zbd083w2N368U4d3w5R0A2M4e1dA3Al0C365Q1Y6w08360q1Y3s04360q1Y3s0436031e0-2yRZ5vLYWbcARZ5v06Wb
g1_9R57B0UruAwfyekb9pBW2v2ky_hJ2bTVSwu_7dDZyJU	pathagon-rules-v1	7	14	3	196	0m0f0Y0R0f0K0D0C0B0A090N0G0C0A0M0H0O0F080I0P0F0J0Q0X0W0Q0P0X0V0UWG0O0T0PcA0M0U0FWw0NRS0Yc90d0c0W5-Aj0CRSVxc9BU0b0f0U0eGac50KNZI4Sh7TWI0D7vAq76GA0K0CGW0JR70YB15aGB4w09B95a089IGAAo0B0C0I5SQs3x6z4e395Q3x2N4e395Q3x2J4e355Q0r2O02382M4e0B3u1c2O0838LV4e053u4g2O02382J4f6x3s04360q1d3x2N364f5S3x2N364f5N3s04360q1Y3s08360q1c052M4e3s0436031Y352M3t0r1d3A033w385Q084g2O3A033w385Q004g0o366y081a3s34032K360q
g1_9R6p8ViOngjpGkVma6baz_0LUaRrbPzmXZRzqraoQcc	pathagon-rules-v1	7	14	3	35	00070E0g0L0h0S070Z0a0T0M0F0T08010b0U0a0N0G0i090b020H010O0A0V0c030b0A1U
g1_9RDqo8rz5M82Ow0S9wGhzrAQnphLL29ZzGml4awyxWc	pathagon-rules-v1	7	14	3	47	08010T000A07090203040B030N05060C0D0G0C090H080O0I0J0B0P0H0Q0A0U150R0J0K230Y500C2y0W0V0X4T0m0O0f
g1_9RGKG9_fRz_VsQKmC1LFKHLVU02lkxKisJThJXmP50I	pathagon-rules-v1	7	14	3	85	0F0j0T0d0U030b0X090a0V0f0L020c060S0I000D0C0m0Y0N0h0H0Z058P0WMM3eGzBONKcD0kEp0m0OaIJobaEQAhQG0PZQRpDM0BW_0MPX03WS0FDkKR0WP30eb009FhF20h5G0cAi0hHJ0S4P3P0fTs0kQQ0fUS04Iy0CCU
g1_9RMEHSxtVhvh0oL7VUUA6HFaFP9lhJYYfXMQMnmn78A	pathagon-rules-v1	7	14	3	50	0k0L050G070d0K0M0a0b0S0X0j0B0N0A0F0T0g0Q0D0R0W0U0C0H0e010E0NAq0D0d2809Lx04UFVkBH0C8k85TQ4TJlak9UZyUR
g1_9ROavO023Yqp4Vuisj1_LPBFflj6u1Uw1xWeTdqhPqI	pathagon-rules-v1	7	14	3	196	0J0C0B0I0H0A0I0B0O0P0Q0I0P0N0G090W0G0X0H0V0U0c0b0d0e0k0l0j0i0F080M0T0Nana16y081aZF340a01SO0b6z0s3A033w045N1e0C3w0r5O9z2P3t040o5N2P4e080o5N2O6x0C0o4c2O020C0o4c2OUg0d0T0c0o4c2O3x1c364f5O3w0r0U1b4d2J9_391b3x2N4e395Q3x2N4e355Q0s2P1a0C3u5R4iA22K3t344f1c2O0C385Q4e053u4g2O0a380C4f0p3s0836YW1c012M1a3s0436081b3s2N6x39033x1c4d2O5P3A1b4d2J5P083u0r2O0C38A04e0C3uOa2O00380q4e003u6z1d0V380q2P9_4d34032K5P
g1_9RShrh80rtQr2vGiyCw0w2u_vI_2Zmn_7nll8SWIyk8	pathagon-rules-v1	7	14	3	38	0k0i0e0O0U0L0301020d0S0R0c070B0P0j0Q0C0E0M0I0d0f0X0W0a0lTy0g2WWJVPaw9E0HI608
g1_9RT6a5SLbaHHUjLHXlPOQKDlvssz4GCev9_eW9zSsKM	pathagon-rules-v1	7	14	3	63	040Y070C0S0B0I0J0K0B0g0J0Z0D06050L0D0A0H0O0I0G0H0F0E0M0N0U0T5x0NJF0T6W05Ns0HJd0N5l0TNr0HJd0E6W0NNs0HJd0TSj0NOJ0HJd006W0NNu0H3t
g1_9RXzAbMnCrqKzPKKg3dM5ELAzl2MCcaq99qpYyGV6FU	pathagon-rules-v1	7	14	3	52	0J0h0E0j0b0A0D0C0V030k0L0m0f0g0R0U0K0c0Q0a0X02010S0l0F050I0i0W8n02WXP7L4PfJ1UvY6bgWnU20LCl4rBV0TBHNL0f3S
g1_9Rj6X0EIr7o19ELo9g5Ty6R8onFJ_c_IcZq_beuA0V8	pathagon-rules-v1	7	14	3	40	0A0503040B0209030C0I0J0B0H0G0I090F0A0G080100080D010C060K0P0N0O0G0M0Q0N0J0R070Q0v
g1_9RtOK3w1i-tiWl2yX6dino77j2poxm1oNny3uPJuZjU	pathagon-rules-v1	7	14	3	21	0h090C0T0S0j050Q0J0O0X030Q0F0e0l0k0d0W010d
g1_9RvESCCcQ7sS6dp619npJ1eGi-tSm2nGb4GYHfTktPc	pathagon-rules-v1	7	14	3	92	0j080D090N0O050T0Q0a0U0L0X0H060V0i0R0k0A0m0d0G0I070M0c0b0f8V00S_0AE56A0hQgTYc349a6ID8iG_LBYG17M7Zf0mDLJuP_PD0ZXd0kSs0QFu5t0eWn0bRt0XI0UM0BNU2y03M40AD-Y-0NZsUg7y0R8v5D0PWo0fLW0X0RFB6W0T
g1_9RwakGC125IcjOFmXjrTnQichcEC0lLuZZqhq9PcqOk	pathagon-rules-v1	7	14	3	17	000S0U0M0N040L0m0Z090g0Q070f0E010S
g1_9S2GQ5nD9nWsnv78WKJF5dOMS7-w-87NCb1RyMYmjhw	pathagon-rules-v1	7	14	3	43	0J0L0j0B0k0X0D040W030M0g060Z070T0b0d0F0a0V0A0P0K0S0U080laM0RMu3M0eRjJwSk0EV4ApLT5rKU5C
g1_9SIR8a6r4YikHYfpemy4xLOzhPwNvDO3KKsKQxaYS5s	pathagon-rules-v1	7	14	3	29	0Z0h0T0K0k060j0L0i0H0M0X0C030S040J0c0a0e0G0901020F0O0b0DA5
g1_9SKKZyYbynyB2ADiNuU89P3QIk_LvqArjRuE8eyVt8k	pathagon-rules-v1	7	14	3	196	05040603020100020C0B0D0A090807090J0I0K0H0G0F0E0G0Q0P0R0O0N4B043R0322010X5PQXBFI5GR9f068c5X0M4nN3Lv7V0v003-4g050B4g0s34Tw064g053E5Q064g5S169C4004060y5X003F0q004m0s3r2N36060q002S5O364f053t4g050B4g9H0y8R3E03060r003F034m5W3w389F064n5R050q4c3w9G3F034m0s1Y3s064e051c012U023-083E5Q9G4n8W3E03064m5W050x4c2O36060q002T013D5P3u4g050q4c3w8V060y5X004l0B390q003_4g060q5S3r9G3F030t4m1d3s0036041b012S5V360q00
g1_9SzCTNXGApQMY9uXOzOJDIowWy49uRmPD4hDLIiY2kY	pathagon-rules-v1	7	14	3	62	070N0R0D0E0c0Z0h0l0f0X0J090A0F0V0i0g0O000j0B0M0U0K0S0Q0L0d04VD9BCp1200BS0G4aLBE1De01ZO1cGB9TLUXnV5b70ROZ0MNv5d0hNS0j0D97B53p
g1_9T6GGxbsOncKDIpsXb70c9SEuBG4W4K63qjc8vQp_Ns	pathagon-rules-v1	7	14	3	17	0a010P0g040I0B0A09020k030I0A0W0H0d
g1_9TB2p8B_KyWEauPO0qrS1KbOGvJDKCVsau02tNesttY	pathagon-rules-v1	7	14	3	95	0h0S0j050K040C0M0E0m0d0G0T0l0N0L0B0U0X0F0e0k0D0N0T070J0E0aC50b0i0E6d0W4V0bDd0jIU9Z0hQBaPZHMx8N4c3BXUC9HI6T0U0X0b0M5b0T0u0aBVX96THk1RBVH46TMK1DBVH46T0M1D0QXaGdby0TWiBUM5ZuYPcCZDXdZuYPagZBXdVU
g1_9TdhCZjkD88yZaZMi7_D5fV0WyPFfUew2y2i6ccWysg	pathagon-rules-v1	7	14	3	23	0K0M0I0R0J0j0d0W0c0h0k0V0i0Y0P0c0C020j0a0W0Q05
g1_9Tgp6Hhbtd1j1dVwhurswe4EpcUiI7DCJsLC4H03Tog	pathagon-rules-v1	7	14	3	48	060F050G0D0C0B040K0C0J0I0H0C0B0I0C0B0H0A0I09080302010O080Y020W0P0N0I0M0H0V0U0T0N0U1t0O7K0M0Q0NH4
g1_9Tk50qLLkAEUIFwMXohRXlRBOdFg1j5qt2rjJceSZmc	pathagon-rules-v1	7	14	3	52	0C0D0K0b0U0B0O040S0N0Z0U0V0E0J0A0T0m0M0l0U090N0a0C0i0e0L0k0f0h0Ya20aGV4S0cWUN3RG3i0G5GYi0HarVTbdA00C3t4m
g1_9Tp8vKjPn3PsJK2NhFg-Fv7feEgZNpflCVqPgyd_C7g	pathagon-rules-v1	7	14	3	50	040B0C0D0I0C0B0A0J0B05020C03090H0G0h0H0Y0K060O0P0N0I0R0b0Q0X0P080W090F0M01Hd0FXpCH0_440408BaJ0000X69
g1_9TqwQq95IVnIqrxIxO5Rx6xSgRokbpoa05AWiB0H8v8	pathagon-rules-v1	7	14	3	111	06070g0X000L0l010A0S020D0N0j0C0f0B0d0R030G080W0K0e01090m0V0Z83GEDVHQ8g7x9ucFIg6gCeUl0r7f0M6bOLWT09MI0EcC0BQM022E0dG3IN5FPj0LJd0Z0OBE0REJ0S0QKT0M5qan05G7LjIC8HY20lYq0e2n09QX0D1t4_05B_Iv01aV2801KPIL0FPu0AL8045IE00JOrNq021c8Z
g1_9TrGNQadeHQYd-AlhhhWgXNZQ9fvmd3LjpSP9ucBee8	pathagon-rules-v1	7	14	3	39	0908000J0f0F0V0E070k0R080j0m0L0e0T0b0Z020Q0a0A0l0c0Y0i0X0H0N0K0SZ4FjGJMJVIQO0S
g1_9TsZGiVw3Z1KUeodpOt3EnpuQcyZA19UcnJpI_HgC8E	pathagon-rules-v1	7	14	3	28	0Q0J0C050J060P0I0B040I0O0H0A090H0A03020A0G0N0H0108020F00
g1_9TvnVkILBUJvI14RiJpqaE1DRpSGEwAnCOL6ZQkW7x4	pathagon-rules-v1	7	14	3	196	0c0V0O0H0V0A0j0I0B0P0W0d0e0W0d0X0Q0J0P0X0I0W0Q0C0X0B0W0k0l0h0k0i0b0U0N0bJ20aZn0jXN0TSE0ZMY0SX9MKGs0SBcRo160M6MMKGs0NBc8f160A6MHkGs0GBc8f160M6MD8Gs0LBc9D0_Gs6T1fBx0_HP6TMtBxRoHPXGMtBxRoHP9zMYBcRo1DHPXG0G0g0HXUDhMREE0H0ZBVX90IMY6aBc0_00MY6aC9Ro0ZMYS0C20GHIXGRo0F0uXiBqCU0F0uGsBqMR0h0uGsBqHr0M0F0N1D0MBq0EMmBxHWHyRoMmXN0MC90LMmHIXG0ES0C2HW00Mm0oWxHfCJ1c052M4e3s04360q1d3x2N364f5S3x2N364f5O3r2N36
g1_9UOKBk10JDUOCB_l3ldbaVhYEclx2txa7LiaZN3lfZY	pathagon-rules-v1	7	14	3	27	060Y0W0U0X0m0f0J0Q0B0P0D0C0e0I0g0J0k0d0E0e0L0l0T0K0S0D
g1_9UR1ipIfFvcWjFPp0k_a0u48cIKW14RbCpePKtbWI6w	pathagon-rules-v1	7	14	3	64	0d0c0k0W0X0e0V0d0W0j0d0l0Q0O0E0k0V0P0H090O0A0P0I0G000N070B0F0I080U0bCB0EOK0UYV0c090d2K0A0i09Kj0a090bYw0A0U0w1b0M0AIADj0h0G0m9nCB
g1_9Ua_nPe6uMElHd27QDowuXV5Mt-d9GJHIKVmEtaXx-w	pathagon-rules-v1	7	14	3	63	0M060i0k0f0G0R030c040W0X0C0A0B0D0Q0I0S0e0j0F0a0Y0205070P0Z8oUA3l2o4kKjYMLb0B0TKVZ40Q6qL6Mz5bZOCa0FXG0h9VU-G-YU0L03DNCkBmbv071p
g1_9Uad-UCTKR8SDZ2iNLEKJ-UL9Blugzpubgjz-HNYhF0	pathagon-rules-v1	7	14	3	58	0g09080Q0j0A0b0C0B0W010i0Y060D0h0X0O0P0U0V0C0W0N0k0B05040d030m0H0G87DT60by0ZR7XoL-Z5773Ba2Na0R4W0V0Q0JY10X0I0QVl0PWF
g1_9UvJqYwBG1-iUcUhJVElh3XTS1axz1Z97GYaLYFWu74	pathagon-rules-v1	7	14	3	26	0F0G0O090H03040508040G00010206010D0Q0J0I0B0C0K0J0P0R
g1_9Uz68WhbJvvANFm9s5PGqtVEEmqN10W4T6GAAFtutxs	pathagon-rules-v1	7	14	3	84	0V0A0g0j0i0e0R0W0M0k0h0I070G0U020Y0f0O0P040D0S0Z0L03010HO2abYAZpJjPM0EWh6NFEZD4jQ-EVBh3DFSYCCv6DN-VW0QUA08Jw0ET70YD5W-7s096j0QAD0H0hOg0i7IZW0kQRaf0kLq0CXK2q0U4e0VFNNw05
g1_9V2POHuuVOEcfdd21f1oRXBn5X9pqopnBlK-KBW4jaE	pathagon-rules-v1	7	14	3	31	0104030c0b0K0A060D0j0U0T050Z0X000J0S0C0i0Y0g0Q0R0d020c0f0e0F0k
g1_9VP0YgrIOBOgjaR7IUmL6HQQ0JQsGL1y2_cb4Oj85uY	pathagon-rules-v1	7	14	3	58	030A0L0Z0S0g000K0H0J0i0b0P040I0A0B080F090j070G0E0f0C0U0V0B0M0O020FIID20kEfRi0q0G0l0A0F0cWA0G0805MS0BH8Xv5d81Z2X402Bd
g1_9VbzmxxmY0XJjRG4d5RB-RBvmliTBMthB7knx4xCXPc	pathagon-rules-v1	7	14	3	34	0W0V0B0c0X040F0i030T06000a0b0j0d0M0h0Q0U0T0k0e0L0j0l0G0P0Z0W07HcHrKa
g1_9VwkXjAo-o96ktdgOGBguy9LTQo04J65iFQ60NKXcIA	pathagon-rules-v1	7	14	3	104	05060N040V0H0b0e0C030i0I080B0J0A050E0P0F0f000Q0X0l0Y0S0W0TF901ESMnCNIi1X0UVrZ40IP98p7S3DFX9dL00cGU0VNU00H94F0MQM03LU04Qq0JJQ3b0ASl8O0j6q0lC70EEM0SF50dXD0GcBCC0JOK0ObP0DL60l500mQL0k0EEk0NJLWF0LC0H2Fc0JLraxTU5Q
g1_9Vz1ZE_C3m1uBEutpJSvdIwP2gxUaLCrqO-UQRxk244	pathagon-rules-v1	7	14	3	54	0b020a0K0H0S0J0R0e060T000h0D0B0X0j040c0G0M07050C0L0F0i0O5MQC0NCY0lGJ0B2e0Y6oRMBz053z0HGzZX0TbH0kECJL0N09cGaA
g1_9VzB6VYjo0DwBo0jLRiBcmyNzvrBfj9PDpNZXH0R1bE	pathagon-rules-v1	7	14	3	51	0N050H0d0k0K0T020g000B0A0Q0Z070M0S0X0f0l0F030L0M0a04010VIh0UaB0E083dWNBwE2Rs09OL0WOv0HQm0UFBANUaE90m8D
g1_9W1GY052H6xAqMv9Wdxdetkpu4SrT5HhdBXkHyw6TJg	pathagon-rules-v1	7	14	3	85	0g0U0F010C0j02030J0V0D0A0i080Q0d0N0P020k0l0T0W0b090Y0E0m0I0O000e2i02XBNXYXZYFCRTKWTXJ4NwPkXR837FB60jWfaH079n062-0g8q0NPr0cKc0kT40S0kUC0Z4PaS0cMAURNa5qTSCkbL0HZ10i0YXW0QAC
g1_9W3O8BNvBi7WcYgNxUQHwR_K-6hANSzwcLp88PR-Kgs	pathagon-rules-v1	7	14	3	30	0i0B0U0l0k0O0K0A03010V0j0I0D0T090m060N0C0R0P0H0Q0O0A08070I08
g1_9W3cr9ge1IYA6Ob8y0xEJqSAf9YAi2VSy_BJbzucFBA	pathagon-rules-v1	7	14	3	55	0j0h070D09040m0B0k0J0G0O0P0S0V0X0A020R0Y0b0e0E0l010U030dbo0TZG002F13PCQh2YN68d9W02VQCm0B0Q4BDdXs05WY0C0GBo9Z2o
g1_9WD5kdwn-IOzvwuugBje5eRd3INgS47FxmBfALS28MQ	pathagon-rules-v1	7	14	3	74	04060d0W0C0m050V0f0A0R0P0D0U000j0L0Q0X0H0h0J0B0S0E030T0158FaBX07WP0ZVEc8CH99NLUn33RiB4OpQH0KAb8ERG08Ic0lVW7T1K0gc60i0fPj0bOQ0mMq0WKRWo0fL-0dTa0f0V5_
g1_9WDQEYB2CCibpmalkjjsptQSx-gMaUePLP18opIytV8	pathagon-rules-v1	7	14	3	106	0j0h030Z070g0a0C0R050l0F0M0X0Y0Q0e090E08010d0O0c0D060K00bE79JkUg0N5-IqDISjYSQtQh0lLJMj2_BS0XZWVrIE0eTG0V0c0B0bVZBm063ECJ024d040502A80NMHU70eF99L6IVa08XA0A9QTE0VV8098wBc0A4008CoDy047c3-08Yi0H1cLc0o00Qr8f0YGD070J1g
g1_9WIzHJ4RZ-5UXm-3N_ym3heUQVf_h2EtU-rO2KPn3Qc	pathagon-rules-v1	7	14	3	71	0Z0g0O0F0M0f0V0H0T0I0S0P0G0R0Y080N0U0L0h0Q090A0P0E0J020Q0H0a8S0DN30i2d02RE0CMrLH2IYz04Wc0T2SJ6F6c00ba50Q4pMII80dBc810U0WHI7R0i0X6jXa0I0e48UFMa
g1_9WJ_5qn4G72tcB_bfah30xclSaq6wFTHm49eX7U7x-4	pathagon-rules-v1	7	14	3	75	0i0M0S0e0k0N0B0H0J0d090G060E0T0a0c0V0O0L0W050R0P010Y0d0I0h000g0lMz0FFO0baIHEc2FG7sJT0VBv0SZtX-0D1x1902DQV90k5oJm00BE0OR80cGZ0E062oCpAN0j1I0YXO0h0l02C7
g1_9WOfOy2x5uMLOpLrjPjIqczAZFEBzVzw2lZTcHJLxt0	pathagon-rules-v1	7	14	3	98	080A0M0U0c0d0l0g0H040m0L0k0a0I0P0i0J0B0T0V0Z0E0f0W0e0j03UJ05H-0QZd0C0F4iKI36bTSQE-NlZC62O-0YClX6ap0IPx0lah0kOX0aM1ao0WAU01RP0DF20h2pBJ1E09VtC20L770DTSaF0F0LS80YC2O60URG0M0CJh0EZM0G0N0FRG9SbvPZ0f46
g1_9Wf07_azvP6BUdoUgv7sqQKNG6eCI642RO2tEnWBgNQ	pathagon-rules-v1	7	14	3	171	0c0b0a0Z0b0d0V0U0W0T0S0P0O0W0N0V0U0M0T0L0E0S0F0G0M0H0I0O0g0h0i0j0h0c0k070j0E000F08090F6A0o7g072K6A0q001a0o38W-0g1a3s34072K6A0q081aWy34072K0g0p681bBW2N0p341b3s2N0p341bD22O0G380q4e0E031Y2KBX0B0o342M3t0A0o342M8T0A0o342M020A2K360q091aWy340g2KWz0q041a4V38Rd2OX13t38035S2P3t38035S3A3u2N0F5S3A3u9G0B020I3w9G5Q0B2NGy4e7l355Q09041Y4d0G360q1Y7h0936031h
g1_9WgYa187FFlEyn3SYBziDPhG7EnMg-Z_dLYi1lHcDf4	pathagon-rules-v1	7	14	3	46	01060G0l0d0Z070U0T0A0P0Q020O0i0I0F0Y0j0V0h0m030a0S0J0M0L0bFy05S4V4Jp2X0KNPR8By0N0cO5NN0dTd5l
g1_9WlLvxJsPwWLOdN5Jwy_8GNhjWdQsHZuhqwcqbr_FVU	pathagon-rules-v1	7	14	3	60	0O0H0S0Z0D0c0g050W030N0A0e0l0a0b0M0m0X080F0R0U0P0G0C0J0TT106XQ0d0kUy0hDqVWUUONA1Fo00YU0Lab08YQGo0iM70kZS09980i0x0dGs0R6w
g1_9Wr5dcJcFPDFbHGxn2baPiDTIAdncfVpc22aI7RP8cc	pathagon-rules-v1	7	14	3	34	0J0k0C020Q070H0j0I0B0A0P0B0O03040503090G0N09080109000G0F0M080E060F05
g1_9X1XZsVA7oMAxxy1AoKXGjT_3GBGP0CPt9JhwgSVfJ8	pathagon-rules-v1	7	14	3	69	0h0V0P030U0i0401050N0T0L0e0f0B0J07000K020S080j0G0Z0E0O0H0I0X0m0AW77WGTHQahWT0QERc90H0IIwZR0tVY0CL3Dy0HOrMKBVRoHI6T0uBVMRHI6T0uBV81H40B09BJ
g1_9XIekihYzBdPxDY0Al1RFH3DtaZUEEzqp0BOJOvtrTc	pathagon-rules-v1	7	14	3	14	0m060l050k040j030i020h010f00
g1_9XKrHCsvH0TZx6lTfCJTwMnuBGrnC8lFmCK8FnOXQ6w	pathagon-rules-v1	7	14	3	62	0D0C0H0g060K0l0Z0a030P0k0E0X0i0T0F0V0S0f050M0j0I0d0k0J080m0Yav0OZU0CMj36FvIMB10U4uQePWO6Y-OXFmTtECbG0VGc0D1S0d0aKFWg0JaT031x
g1_9XMiP2rwt7_1YptpX_jsYcN08XDrrpaw1rfeNz5P8Uk	pathagon-rules-v1	7	14	3	19	080100070a0F0E08070L0M0T0S0Z0L0M0g0h0Z
g1_9XOi9T4ym9z_dhTRYZPwwx3Wr4V_vceCUX-hmJnhw6c	pathagon-rules-v1	7	14	3	33	0S0O0A0G0b08020K0m0g0d0W0j0c0J06030L0k0i0V010H0h0X040f07QR0eaN0X2v
g1_9XRoyNEPKYhEQesfT-YWPeLSwIjFpqptAb1FurZJ3lE	pathagon-rules-v1	7	14	3	40	0H0Z060d0e0A0D0P0k0T0I0M030m0Q0i0A0h0X0K0c040d0J0U02070C030SAs0l6nIK0O0BWJAhU42t
g1_9XTskl5MOpRX713Her0XmTp5i81bB-GCDWFi7QhRkJs	pathagon-rules-v1	7	14	3	21	0j0c0V0O0c0H0W0P0I0B0P0A0G090H0d0O0N040G0B
g1_9XVkDZQ3iqKfvNFpHvXBe1c7Te2XitzzVQgefhxRGsw	pathagon-rules-v1	7	14	3	71	080I09030L0Y0Z0k0J0P020h0g040V050b0i0H0K0c0M0W0R0O0I0m0C0T0a0faR7z0TJR09Xf4iH605FVR2UUGF0KHmbXYg0OLp01BO0G0P0Q8a0A0OOf400K3MWT0f8j0UTb0P0O040x
g1_9YD8wZKC4x6Zk8S4mLIti4KVU5RO34J2Z2WuZt_c_R8	pathagon-rules-v1	7	14	3	64	060H0G0X0K0E0m0C0Z0k0a0W020N090c0P0V0U04030L0Y0M0S0e0g0jG50fXgT-R-aaSuEMKsTX0JVm10Zh0cM32r0OFLAOb_0iUE0JKE0eOC0UbR0M9H0fRO0O0B0N
g1_9YGWMYcSRjKAGkPDZ18_TwpCTEPuPNeFo2QwbyWV8N4	pathagon-rules-v1	7	14	3	48	0c0l0j0S010T0m0e0N0W0M0Q0d0H040X0g0f0P0k0O0I0J0W0G0d0P0L0D0B03NA0VDyD8LG0T9c460U0ZaA06aqIT0c2EQV
g1_9YK8U6lnvbJijIlFQHAcWC1sElAcMuh87Zy6xnx3pVI	pathagon-rules-v1	7	14	3	74	0D0Y090I050K0U0Z0N080M060f0E0C0S0d070B0k0c0m0e0f0A0a0O0V0DSe0LSJUuF8560RHG0hI0bbLIbF7l68BBMWK7XjJsOo02FN0B4X0Z0r0HQu0lGE9_0jBDWw0g1hEM0lVgLT0BEb9a1f
g1_9YYTCCiOGMeeQMIDE8NRjsCGvcLa9LIDekTfTj-f5og	pathagon-rules-v1	7	14	3	101	03070G0Y0e020K0S0L0f0O0C0D00050g0J0Z0T0B0P04010k0h0A0V0c080NJz0IBR090i0C02AC3qWv2i7sOf6ZGJXWKUbE0WRi07Ey0TOI0f9g0X7J0dAQ4v041y45ZC02X-0HayMc0h2jEvCYFi0V0a08ZN0TAG04I1Oq0jKDSX0iX_Ys0h8rU_0OFuE20J0g84Kc05
g1_9Ya3t_r2W6pDWKZDK9gTV_ssC7Bkn76Qa_gJ4A9yViw	pathagon-rules-v1	7	14	3	53	0K000Q0Y0O0h08030N0f0I0M0F0P0k010a0S0e0E0J0G0g090D0A0W0m050cKt3h04biGZQw06V74bWZ0L0lHAXz040qOG7iGN0ibx0P4S
g1_9YcqZQI4DLo09__J81ax7aJ3PQ3Z0oQERX2aDEOaTCo	pathagon-rules-v1	7	14	3	53	030U0X0T0Y010b0R0a060I0Q0L0M0C0j0c0H050N070G0g0O0K0V0k0i080A0WDQQHJS00Ip7ULEAK09Ta0D0M0I3C0eaJ0k7L02Pqa308
g1_9YiOzavfy8vi2_fKDYsdyp369nAPdhMx0AhvfgJPvpA	pathagon-rules-v1	7	14	3	59	0l060Q0g080a0Z0S0X0Z0e0W0G0U010d0k0T0P070V09030K0E0N0W0M0O0b0d04050YUmHy0G6MLHGz0d7g3DTHDIMoQHBX0G5O4f0r089F7g2O6x0MVY
g1_9YmY8d5_zzCB71BBUpwJbBa5-L5brfqu0wUfmkyti6w	pathagon-rules-v1	7	14	3	84	0T0i0D04000b0J0f070B0h0F0e0G0K0j0R060H030W020Z0S080c0N0EPlBqIPMjLzUFAu2z0SZq8zPd0_0hGHUaRCDB0RYq0Y39AIJj0d4I7N0QG00WKV0cVC8u095A03IC0HZYHK0kYj0bQk0XRO0MLp0j0T0iW00eTR0l
g1_9YplBwrqkt49UrDzNQwitV1hspryFZ61l_Fv5iKAvPI	pathagon-rules-v1	7	14	3	16	0C0J0e0K0l0I080F060E0X0O0Y0H0d0G
g1_9YyuTaAYafy-fHQzetEp3mqlg41pRPbzQ3CxLPQJ_18	pathagon-rules-v1	7	14	3	196	03000d0c0k0j0b0e0c0l0i0k0X0W0V0d0W0U0m0f0Y0a0f0T0h0O0N0M0U0N0P0Q0R0X0P0J0Q0Ibz0COC0U350pKk0Q0aIU1dA4Qp5O360P0N0W0oFN2JUg1c350q2J3t1c350q2J3x1a354f5V0r1Y2KK5360q1Y6w0U360q1Y4N2K380pM-1b3s2N0p341b3s2N0p391Y3s2M4e0r1Y352M3t0r1Y352M3w0p1Y35IR2N0p1Y353u2N0p1Y354f2O0p1Y354f3x0r2R341a3sWE0q0T1Y3s360d0o5N2MN71a0o340T2KNn0q0P0U6v0W0N0d0A1a0P0Q0o2J7i38200o2J3tXl1c0V2K0p3rN11c2K0p0T3r0O2K8U0pJw1c0P0F
g1_9YzcDt2FtUnkzocbCd89VelAWufem5pyTXK8VXwGpQ8	pathagon-rules-v1	7	14	3	24	0F0f0a000108090702060G0A0M09040I050J0K0D0C0B030C
g1_9Z7j3mx5laEO4L44oTTm1-evn4MC2mjRcgqkR-08Aw4	pathagon-rules-v1	7	14	3	67	0W03020O000D010i0U0j090a0Y0V080C0A0E0B0S04070T0I0e0d0h031L0g0R0mL_MdSk0l4C0MNlBkJ3K_VnZJRAY-0L0WKBQk0QGX0YOk0UCK9tZ1NZBQ0j4R0h0b7b0K1M
g1_9Z83qyFlAJtwEM0SVJYVFtE0n26jifSnFpFhfho0op4	pathagon-rules-v1	7	14	3	44	060H0g0b0h000i0F090J0f0A0I0P0Y0E0O0R0c0D010Q0a0K0k0S0L07HL0N04L8WIFM0JBqP96uFPBCXuEAWo1B
g1_9ZNLHuo-RqV9qTb5KMxulPGMtgevzyPVOdZJZThp1EA	pathagon-rules-v1	7	14	3	62	0H0b0D040J050Q0a010M0i0X0j0g0k00070I0l060V0C0L0h0R0A0e0F6e0YYxTU0P8T03AZ0f0iaG0A0bJIVfYQ0CH-088jA80ABG1X0j2o7W07KB020OW-VE08
g1_9ZNfT4PODon22RcqvKwzT8ZrMYYiBe_nh12IRXAACx4	pathagon-rules-v1	7	14	3	58	0m050U0i0R030a0L0I0K0f06020Y0d0N0Q0O0V0G010J0S0W0b0R0E0M0k0c07FtWA4pBhIKSP0HAd0P0TE16YUDOUK42VPKbGI00lLd0cGN0ZR1bZ0C
g1_9ZTztegIOvl2QGuu6ME-gL-hSzUs8MEetxqiFVOW4Ps	pathagon-rules-v1	7	14	3	36	0f0Y0R0K0Y0D0m0C0B0A090B08070J0I0H0J0G0F0E0Q0P0F0Q0O0N0H0O0G0M0L0F0E010F
g1_9Zi0rdTiSsuDmCh1CDdRgtNkWzzDNmKvWu-CSxxrHAk	pathagon-rules-v1	7	14	3	123	060E010W0d0k0P0U09050g0M0j0Y030X0L0Q020R0F0c080K0T0Z0D0G0d070m0aNgB_0bGXHL00XFDP040hTZ0d8Iae0kRAc30U0RY50eSFZ2T10VYMZvZAahXfYMZvZAahXfYM1p0cPB01ZwXeYMVJ0dZwXeYMag0VZwXeYMMu0OZwXeYM3l0aZwXeYMT005ZwXeYM4W0bZwXeYM1S0kZwXeYMag0aZwXeYMTn0b0i0c0bXh0l0f
g1_9ZmfBdxkYhISbmGZJD2FJv9Y_S5KEMjEr6in9QGFvHE	pathagon-rules-v1	7	14	3	28	0X0T0U0N0K0J0C080S0a0D0Q0b0R090T0V0O0c0Y0M0P0W0G0l0F0m07
g1_9ZrkF0DV17TgT2Lqe49cadgZRbrm3oJ_e75xJY4lmwk	pathagon-rules-v1	7	14	3	65	0i0O080e0R0b0F0a0S0Y0h0k0J0Z00060I0D030l0C0A0L010c040Q0PL1arF0020NSHZDRDMVKZIn0YCnZoFZVtbq5GHM8oUQJb0ASW0QaK0k490d2S0RGn03MX0A0e0H
g1_9ZvXanz74y6oU_bCJbgm_HDv9ZxlPXgvvvEd4cpRHJE	pathagon-rules-v1	7	14	3	16	0B040i030V050K060Y020O070A010J00
g1_9_B97Vd1Y6NJJtLXhPqmHBoGjQ4ccsQrXeCkO6nH2yo	pathagon-rules-v1	7	14	3	69	0I0Q020L0l080O0J0i090m070g0c0E0M050N0Z0a0j060W0e0k0S0h0FXO0XZiI00gU1Ep03Bm0fa_0RRoQcYl0CNl010Y0dE60ZXE0lae0jNV0U5K0OQ00gXp0eQJ3Q0R8gao0W0w
g1_9_Myy4ZHUjBOb3VEi1nONo_e9SXube159uoOqowNIiI	pathagon-rules-v1	7	14	3	13	0L0M0S0T0Z0a0E0F070800010g
g1_9_PVkWos6275-H8X2B8vSWDrEmAe0ccZfUeNx5JsZXQ	pathagon-rules-v1	7	14	3	196	0H0T0J0O0I040P0E0Q090B0d0A0S0C0f030W050L040j0200010i080X2P0k4e0b1dC75OJq2zZc25PrX2WP771J68NTBcJI0_Yu68MbRbaT0pQx1YTq2KQM0pSi1YGr2KaV0pHQ1YOL2KY90pPA1YM_2QT31WVL3m7MbRPlZCZGXl1o3rUU690L0p801cXd5J08bUIGZzJ9a0Ni09W3CACi25bd3wXT385h4fYy2KWm36P81bDm2KaiXkV81dT-3s7a2zH3RgVy4gLq39b05Q6T1aDF35ZU2MOV1aQx35DW2MBR1a7835Pd2MJM1eP958S45oC0QvBL3wWv65CjXd0caiTuZBGlZw1naiQcZBIUZwV6aiX8ZBMsZmXkLT07366B1c0j
g1_9_fAkhLSA3SWFxTuCMfYySOdIaX9rIE17-h9qujAXW4	pathagon-rules-v1	7	14	3	63	09020F0G070E0T00010F0I04030A0H020b030V050U01060D0K0C0D0J0B0Q0C0O0P0c0N0a0O0M0b1T0j2G0h2z0j340T3s9r1CGd22NI0mWn0J0c0W0C0BRE00AN
g1_9aK83mgufORwcxNdMM6UWxzI1ezToIwM71M7VYM2NXI	pathagon-rules-v1	7	14	3	196	0a0b0T0M0F080M0A090B0I0H0G0N0H0O0P0H0U0V0N0W0O0c0d0C0W0D0V0Z050a4g057m0B3w095R034i0B3w045h0J060I5a3A033w385Q064g5S3A0Q3wAo5Q02042K02CG2P1a350q3r2N1a350q0D2N1a35D43r2N1a350q0R2N1a35An3r2N1a350q002N1a35G8422N5P3A033w385Q0K0r2P4e1d355Q064g5S3A03Ap343u2N4e1d353u2N0D050p1Y353u2N4e050o3r2N0K390q3tAo1Y352M0D0p1c35An2J3t1c350q2J3t1c35G82W3t04353u2N4e1d353u2N0K5S3A030p1Y5O3A2M3t040o342M0D1a0o34032K
g1_9aL4MNdc9MtB-nyBJrm9DK4HzmFjx7X1rbVYh_5wpM8	pathagon-rules-v1	7	14	3	37	0J09030d0k0E0m0K0N0a0f0X0C0R0l070c0g020B0O0P0i060j0F0V0GIj6Pc3Q6YwCAQz012a
g1_9aUjIlrkCU_7CuyUnLPR3AMN3R3lbf_cORmlhcuswEI	pathagon-rules-v1	7	14	3	196	0O0H0I0P0J0Q0C0B0A0I0B0H0304050B04090G0A0N020108020F090G0M0X0W0V0U0O0W0T0V0M060N0DKh0Q701m16086M5NGz2KBX066H0u2J1a7h090v00090o6v2R7i090o002R0E1a0o09346x1b7h0v2J6A1f350q2J091a01031f0o7g2R6A090o0K2J361b3s0r2J3603091a040o3r2N9E0B0o5N2P4e050o5N2P02050uBV2K36030o682Q36030o682Q36080o682M7i09013B0A5Q1e3s08040p1Y5O6E2Q0p1Y356B2Q0p1Y356B2Q3t09356B2N8T0x34032K360q0R1a0A353r2M041a0o340A2K3t0q001c0A35
g1_9aWjyqF7X6F_au1eMYBCBpiWDfiI7QAwU5GigakjzUU	pathagon-rules-v1	7	14	3	16	0a0T000S0B040V0U0X0W0k0Y0E0V0Q0X
g1_9aaGy7CDBsqLg5cNE06vGwcEKcNS34us96fTpzTPpsc	pathagon-rules-v1	7	14	3	32	0O0H0J0V0I0O0P0W0X0Q0G0P0H0C0B0J0A090N0U0D0K0C0R0Y0T0M0F080M090E
g1_9abczetUs9IxI2KslE788FXhUBEUV_urQFyfr4kgS3M	pathagon-rules-v1	7	14	3	72	03000Z070e0S0H0O0X0U040d0D0W0F0V0J0E010C0i0A090Q0h0l0L0T0H060S0A0MOPQm6G05AU070U47VAXkOi4t0J29Nz0bR30P0fBU0WI60ca9QQ0F010aBlbw0l2g09F10B0hKrCe5a
g1_9ahNcElShYcPR_3WPToBFFulRZG6FWsp2BR6TpVk-_E	pathagon-rules-v1	7	14	3	30	0E0Q0L07000Z0a0b070a0c0U0M060N010208090g0V0C0j0W0O0V0H0R010P
g1_9axeesr0JHNTBLnbLXqpMkI0Zu6ne6lzmnMmS0YqmDE	pathagon-rules-v1	7	14	3	59	0l010S0f0O0c0I0b02080L0P0Q0d0D0M0A0F0m0U0N0j0P0W050B0k0aJF0Ma300J30e4M0H2xTw0BZm0jSoYDPa0OWkZv1cJRI70jOG0f3g5002YDPIH2
g1_9bCgw26svxHEi_lUpsMbjGqDISDONk_wuQp0WKmZVKk	pathagon-rules-v1	7	14	3	43	0P0R0A0i0S0B0M0F0T0U02010l0d0c080b0K09000h0k0C0N0a0V0B0INE0T0WPA03aiMr0LShGB820YAUC-2a
g1_9bILwEUVyv0HQR-grLZZJRP058achs6_UREtz8-9Yzs	pathagon-rules-v1	7	14	3	58	0H0c0b0d060e0A0C0R000G0I0V0l020U0h080D0m070E0B0i050L0N0k0Q0Y0P0a8jHZDrRG5B0JLKSUDaV85xNO2rbQ0TZLM90O05Bm0Ua9RC0I0L15
g1_9bPKpkCZ2B42DzaSwUTHyTMCZEy568V_AbTSOdvUccI	pathagon-rules-v1	7	14	3	38	0a0W0j0K070l0D0Z0L0e0G0c090d0B0k0R0M040f06080E0T020U0K00Gr0O5yNW9V7LZPbF6t1E
g1_9beQpE-V5Wr3dQRflnOk8bm8JfntLrkz1b8IYl3-KgA	pathagon-rules-v1	7	14	3	67	07000L0C0N0Q0K0Y0j0B0S0R0E0d0P0J0g0Z060X0f0I03050e0V0h02YO2YHXLB02Fw3XRDMnA56tLPYpP503aBGa0Qan4wC50YVtCt0E9oWkK-OdTo5p0LXA0g0bMA0hG12R
g1_9bh6p5n3nLU-Ih9LB7FTU9mEdqrJIpceje8HVnTW7ko	pathagon-rules-v1	7	14	3	61	03020I0B0N0J0X060L0Z080U0A0d0E0T0i0O0H0a000W0S0k0h0f0P0QK30g109YI-Ui05FlT-LAMw67ECWNBtNHLH0G0dLvF20RU_0SGsSr01DWJk0dQWPN0G
g1_9bjbiRPHrXWWwemdEkwo3X6B0QsCKnmJosOUcJyXiGE	pathagon-rules-v1	7	14	3	22	0i090G0N0R060M0L000M0Y0G0F05030H0S040B020803
g1_9bs9Ov2yUEG7SZINJAp8SKlvBnCKtzUalvTX-CSSqe4	pathagon-rules-v1	7	14	3	56	030X0P040Z0V000W0H0I0C0G0A0O0i0g0H0m09060d0c0S0Q0B0U07020MDk05FH0PQc0d0e0TZU0h0dNL0lKF2t6b0EHN5xS90jHg0U0WL2Mm0F
g1_9bt66r-_Nh9iyUO0BgoOnxa7PR8G7pNh94tpMnJqakw	pathagon-rules-v1	7	14	3	67	0A0M0U0W010Q0T0V0N0g040F0i0b0K0h0e090a0Y0X0P0O0J0H0D0l0I1oAv0RHrLcCNN-KT0M8HQe01Gf0XIC0CD0Xr0PAgZBXdcCZu0ASFaiXf0d0jTb220bac0PZybTZC03
g1_9bvRp4xzz1crW9Dsp9BOP9wvnO4yYrz_J_z0m98EmNk	pathagon-rules-v1	7	14	3	93	0N090f0e0U0G0J0F0H0l0m0P0a0Y0R010Q070K0d0V0Y0E0j0M000A05Oa02EIVwFtDPLJCsPaJcO70q0k08c100ICZgVh0DTC0i8e6d0j8ALn0PaQ0lEz0BJh9yIk0HGj0BCD3b0C1Pac0k0g2F0TQQK_9CAK4lSk04HEaH0kOgI0bF0lPvXS0EFy
g1_9bwcc1fVF_GRy5BcCxQ8mVKRcWLFOl0MLu1nWbb6HCY	pathagon-rules-v1	7	14	3	43	00050h0E0I07080f0k0U0G0A0B0a060F0N09010H080G020c0X0P04030m0b0Y0g0N8k0iKfR90R1E0AaZ6Q5c
g1_9c2Uf61a-_t8ztcQnwxZ7v4I6YaN4c6ju26EKZZ6INs	pathagon-rules-v1	7	14	3	89	0d0G0W0P0c0D010X0a0E0Y0j00080X0e0V060T0O070F020b040U0N0HSg0M0C0NOo0hG_034XDB21010G0UYh0ZEuS0020T1TZyUaYRZDaeREBGbk5h0cbBA_080FTU090H6h080S720F3K088S2J7nC91m09GK83LkANR6QD0X0IFWOa
g1_9c4UpWAmSwoZ5cob4aMgHsrT7jcDglCHg6GqiDZSU8o	pathagon-rules-v1	7	14	3	66	0a0m090A0O0W0N0Q0S070B0V0X0l0G0P0j0D0f0R0Y0L0k0Z0h0c0J080U0EJC0iZTBbFxH00j0HNzB40S8d9uPJWA040QEN0AAb0C5l0FKZ0IVo06UC0gbi0WOf054C0Y2j
g1_9c5SfX6kwh6NjdhRy4k8tD2UeW-5Z1BdU9LN9qDP2-s	pathagon-rules-v1	7	14	3	196	0N0M0G0F09080T0U020O0H0N0V0A0O090U0G03010A0c0b0a000b010U0T070U0E0L0S0Z0L040B0I0A0B6o07Mm0SX13wRe0P5S3A3u2N025S3A3u040A020W5Q0s3x1c34032K360q0d5P3r1c4d2O0p3A1b4d2J5P071b0o2J02BcMR1D1Y0107MF0s346B0704Gy4p0s495R064f5S3xAo3H4f5S3x040D3u5R4iAp343u2N025S3A3u04025a0tGA1Y3s2N025S2P3t04015S3A3u2N025S3A3u040C5P053u4g2O02382M4e0E3u0r2O02382M4e053u1c2P4e053u4g2O0J385Q4iAp0Q380C035N356A030o342M3t040o34
g1_9cQLQHXq-YBUe--n8_yu9-OqbGsqWHwRB4VMPCx2tF4	pathagon-rules-v1	7	14	3	107	0Z0S0K010O0B0L0c0V0S0d0e0H0l0m0T0f0E0j0A0I0J0D0c05030R0g0C0Y0G0U0NBcAkMZGQ04c60MEI420XaoZY0ULY0l4g0H5SX142RZGd5oWU0fAq1lGWWURSc30PGr0d0f0r2J4d6A0c0o5N2P3wAo0B5S0t1aGt34032K5P0t34032K5P0t4c090Q0A0X5S0t0H3w9G5OTp5KJK
g1_9cQkVEDtrTDTGGg82YGri-dnUKmMn_NJl0DbTyQhAW0	pathagon-rules-v1	7	14	3	29	0U0l0B010P0M0I0m080i0O0R0D0Y0L0d0C09050V0a0e0j0f030F0c0S0V
g1_9cVBmeCd_meSRnEi8_pEnbBcH1QDxe9NLzghT_JDqsA	pathagon-rules-v1	7	14	3	39	0a0R0A090W0d0M0j0V0Y0h070i0b0X0c0S0P0Q0E0T030G0g0L0F0O0k080U8R0NJT0AMyRJ0FXT01
g1_9cdEjF8NVlnHpQduQPFgQXYR5OckGExzNvR5_aQ0EG8	pathagon-rules-v1	7	14	3	16	0C05060J0j0E0l0F0Z0G0V0H010I0i0K
g1_9cuQ6WyUZPxOxBGrji1-K33ouRZLNTI68I2Ao2qBQQc	pathagon-rules-v1	7	14	3	80	0h0D0F0N0U0f0I040Q0G0O0g0A030i0H01000a0W0V0Z0K0m0c0J090k0d4H0P05JR0W0OS1OH3CGgWLXs0jKf9jRQIUTHNS0h5s0baG0cBS0KMF0SZH0jPa0ZOa0PFQ010T0Ibf9LDy0BQO0L2SRp0Z1v019Y02
g1_9d2AIFnmdYtDvTUu_SB_ztJFMlRbkwKVYIBf4OBWZ5g	pathagon-rules-v1	7	14	3	61	02010H0f0R0b030k0Y0W0S0c040007080A0C0g0K060G0V0L0m0Z0U0i050Fbg0P4M0m5jYeQfGfOB0QI5CY0TaD0j0h4wY47x0kGTEw0cL30ZTO0U9Y0H0T2h
g1_9d38lNNIQWlBvp0fEsYSO4ncc18X8D1KLAjnE6mqgt8	pathagon-rules-v1	7	14	3	55	0S0L0N0M0U0T0G0F090H080G0A0Z0O0V0H0U0S0I0N0H0G0W0O010H0P0c080V0B020304020E070F0L0aJ_0P1e04Rn0C0b0B0d0I6k8N09Sx
g1_9dEYw9tDJ6nzBgW6c62Y-fxJSsWzdqrf0ZWbkOlMOYE	pathagon-rules-v1	7	14	3	35	0H0e0J090X0R0W0O0L0P030i0c0j0Z0G0Y000U0E0Q0b020C060M0f0I0DZ40N0i0K0133
g1_9dQqtF8fnQCiHbuSjIfU_kj5gr_6iyNgxDdhOkFbFZ0	pathagon-rules-v1	7	14	3	92	0K050U0X0O0B0a0G0k000h0P0E040D0f0C0F0I0m020S060W0N070c09GV0AF5QAaQPdT18xLI12Jt4cBY4V30HiO57-aSWkA60ZA-bh0lCPUg0mN7XA0P8haz0eIS0OZb0kKA0JI5a90KRj5f0kDI0dAv0b0T0GZ10O2i0Z0O7T4X0lNZCs051M
g1_9dSl0a3kEXvbsF924x4ghemXgQPyz52xlD7nGz-tyi4	pathagon-rules-v1	7	14	3	23	000N0L0M0F0Y0E0k0f0O0S0B0Z070A0b0g0D0C09080G01
g1_9dXrjJmT_Rzebca1jd0Z_mPiFFfwamM1hPqVcevlHwU	pathagon-rules-v1	7	14	3	18	0J08010f0C0e0B0d0I0c0A000H0b070a090Z
g1_9daTrJ9og4h9_PZFosyA9mLKa41sOAdGY0Aha_HbdVg	pathagon-rules-v1	7	14	3	67	090d0Y0V0I0A0e0N0F0S030m0Z0H0Q000B0E0A0X0O0i0f020a050k0WWV0c9T0D950MHVPF06BqS2QR0K0VEp0j0O0N5q0AKi0MCI8q0bZcTL0kDNP50BbJ0AKURU0QWkTp1g
g1_9ddmmVy_aes5gN8cfuj1RuZpH2Eiibwv5T2exhUf7vo	pathagon-rules-v1	7	14	3	196	08090A0H0F0M0O0N0H0G090T0U0V050U0302010902040B0I0P0H0B0O0I0W060C0D0J0C0I0K0B0P3_047g098Y0A0Q0B1A1z692JD33K1b012T0p0X1b8S2JDq3B1b0o2J3t380H0q2J3t1c350q2J3t1c350q4c3w0A385Q4i2O02385Q4i2O0B380C4f5P3w04063u4g2O0B385Q4e0C1b9D2O9_3x1c012M4e3w5R062M4e3w5R0B2M4e3w1c0C2M4e0o0Y349_1bEa0t2JAm1d3s0r2J4e0I035aQvGA49045aLYGW4w0J5aLYGA3O030C0p5N1eG62W025h0CAqAAGW155vAq4p00Lm5oAq0-00Lm5oAqR00YLm5oAqR00CLm
g1_9de4w488gPQZtiEY1CuUXjr8bwyPOQQQVHn7VL3dhLg	pathagon-rules-v1	7	14	3	98	0C0h0X0W0l0Q04070e000P0K0B050Y0G0M0g0c0A0m0i0S0f0I0J020H0T990NPsVeDr0U4oNb3CK8WdbwGB9m0VUI0f2M0L0Q7f0BYw0WFY0bOl0e5w0UDT0HXs06AiEH9663bT0lWmTU1TKyU1IZXu09ZM0Ba8E4Ha0jA1OU020D990hCb0lW-Ap2P0gBaFG02
g1_9dgRYKM52EPouXDNeiS_5Gy6DAdJa0fXr33Nf_gPeGU	pathagon-rules-v1	7	14	3	33	0e0d0f0X0W0Y0Q0R0X0P0c0Q0d0W0V0X0O0I0J0H0K0B0A0C0H0J0D06050403050m
g1_9e4ZnH2fFkqXHM-r8Qt1shw7mpUWf8_hqAyNPWltvvE	pathagon-rules-v1	7	14	3	30	0801000F0N0E0a0G0A0U0H0I0N0H0O0J0H030B040P0W0B020V050C060908
g1_9e5IdHSShJRdFk9fCu7dVvkPbMjm_a7b7EtFaD3NpSk	pathagon-rules-v1	7	14	3	71	090Y07040b0I0T0X000R0a0G0l0V0P0d0W0k030j0Q0O0L0m080N0F0U0H020gE_0EO5DyIg1NRA6L2yUK01CWF10e0MSu00TLV4L806D4JB0JNoVUWMPS0MAw200X66QV0cKGbd01N_0a
g1_9e5XGKd7lMSHL_INoZtPLi1KDNerf8saPBWLL0Nw_TY	pathagon-rules-v1	7	14	3	18	0I0b0d0A0B0C040B0700010D0E0208010309
g1_9e7zZs8-u3GuUCz82Q3CNY4yzptvhpKdWabH5XjzgIk	pathagon-rules-v1	7	14	3	22	0F080T0M0a0F0h070A090O0B0c0A0D0C0W0605040005
g1_9eBu0qLHk01478t0sq9XQHy9dW0BLXkav5jcNxp8XMk	pathagon-rules-v1	7	14	3	159	0m0M0R040D0F0V0L0Y0f0P0b0H0E0O0K0h070G0W0N0i0U08030a060Tc20S3n0cRR6xQk03YH2r05WbZr0XTHQ_V20A0h4MLDM5Vq0bR7WiM5QTGrR7WiM5by0gR7WiM56ZGrR7WiM5by0ZR7WiM5AOGrR7BGLf5oGBR7BGLf5oGBR758LsWb0fR70YM2RJY6WS0hPgKsEsB00jNp395Q0U3x4pGWKE5vBNbk0ALmWbBNZr0JM2RJVGWnUOPw0cVAQTWNXa0CL-GWWU090j3V0AB2R0LY0gGIZY5o080K8aLZ6v0A7nZA0i0cX4FQ
g1_9eDxnlH8FSN8f20NKH_xQ1r0mC0lphdFUFW6lPhOxrM	pathagon-rules-v1	7	14	3	68	0J0R0f0b0T0h0I0Q0Y010X0K060704050a090l0m0P0C0E0H0D0V0U0Q0k0c5QGGaF0gT10H4PMA08c6EfA7B27tWWLJQl9GG7Of0NVy0K0eG50fOV0JIs0d320fRO0RK15A0P4Q
g1_9eS16YLASBrvx4I9px8hZZAyOf5YsfZeQCUmFpM1uYE	pathagon-rules-v1	7	14	3	14	07000R0105020V030j040Y060G05
g1_9eUWDRgqrWtArPPgIwEP5IgbyyfoJIqcdMF3tSuqFGQ	pathagon-rules-v1	7	14	3	44	010T0P0W0B0F0K0e0Z050I0c0O0X020m0Q0R0a0d070E0V0U0H0M000L0hbbSt0aGXQhLR0iRXCQ0q0X1e55c60Y
g1_9eaJm0qiflxMpiUnSYl8k_UpcPU2b4lkPBe5-xW90Lw	pathagon-rules-v1	7	14	3	66	000E090G0T020b0F0J050A03090H0406010B0I0A0B0O080M0N0a0C0G070U0T0S090c0TSq0A3e0b2M0TT1044e0bMn05Yz0bT10PO90L0X0EYv0N0U09Cj0Z0gH3DT0G0R
g1_9eijo489osyLxpLazb0RuSJVAgIiqEJWLHMfxTY4U7E	pathagon-rules-v1	7	14	3	72	0L0E0F0T0U0V0H030Y0h0i0g0J0b0Q0P050c020D0K070j0N0m040W0R096m0SLZ0aBzPq6YCtNw4cIWH8L6RYOq2VXk0x0WV90NAR0VEp00Nm05Q906FgT_DG0h87Ay082Z0k5P0ePIZT06
g1_9emRZS9hKtv_EXsIH6lQOttG8TmnBZcBm07k0aU13xs	pathagon-rules-v1	7	14	3	64	010F0A0H0a030L0E0G0S0U0N0M0T0O0V0M09080T0U0F0G070A0N0O0B0G0H0A0h0G0N020b0M0L0U3K0aOZ088D0A3D0aTb0ONN0I9V0MKN0OOv0IXt0OKE0I6X087y
g1_9f8SWmW8eLzIgZQV4fI9fgWG8z2ucv0HTCnuw8Esk8w	pathagon-rules-v1	7	14	3	37	050X0O0P0a0G020c0f0h0I0b010S0e0l0i0Y0R0C0m0H030E0e0k0A0D0Q0LZA0W2r0USc0Z1r
g1_9fLmGGNJI9h9HzilSZFhjk_7dNu_wcnP7UIdwuXnx9o	pathagon-rules-v1	7	14	3	36	050J0S0g0P060B030c090L0H0O0I010D0W070Z0d0C0V0R0Y0U080K0j0V0QLiKrKZDs0e05
g1_9fQQfJAhbgX6gGfE9lxNoSWS3YaOT_H05CJ1jvnQ-dM	pathagon-rules-v1	7	14	3	53	0j030Z0a0L0U0R0i0O0V0K0c0D0N0W0d0h0T0g020b0H060Y09070E0A0i0e5j04TWNxBbUAZ3Vf0l8aY54UH80F0aR60EAI0BFr0e0Y9j
g1_9f_yX54vZT6FQ0WB19OSiXISYIZnTowKCNqbojqSXKM	pathagon-rules-v1	7	14	3	59	0g0K0U0H0V08020304010k0A0F0D0I0l0S00050T0f0Y0X0E0J030Z0j0m0O020G03Gb0C234Qb9AO0i2gPQ5AKQSJDQF_Y_Ie05O00iLU01XP0cEx0J2T
g1_9fefzt8ed3ZhRR6y76eSE3hKSOuk9YXBRRMs4KXkn74	pathagon-rules-v1	7	14	3	42	0401020P050K060U000R0G080b0S09010j0F0i070c0E0V0m0N030k020H0TU20A0O2V0ZMr1FJy5uLlJRN9
g1_9fsitArZQyi9Xbh3lbB1EkJMIHP5pepKHW2NbnR8EB4	pathagon-rules-v1	7	14	3	67	000R0K0H040b0J0O0d0L0N0j0D0I0P0B0U0e0M0a0209080X030O010ZGY06K6TWBTZY0kJpOKVe4DT17T7wJsX5N70fbDCUADYi0VLi3C0JIdDO0GRw880cV0UECyBu0F0g17
g1_9fw83uQne5YLJf__buIuOBgJqNi22C7mhdKWGVyopMk	pathagon-rules-v1	7	14	3	61	0X0Z050S0m0K0F0D0J0C0A090h0U0B0Q0P0H070O0E00040V02030b0G0e0t0i3P0N089iSEW0DyPZ7h4GDdQc5j0UMM0kGkEZ0IUtUETM0H2g0T02I52f0253
g1_9fyfrx5DHfHTF5SvvdMSuHYFbAfepcXmzakNwW7eOVQ	pathagon-rules-v1	7	14	3	45	020G0E040g0a0Z0L0S0j0b0M0L0F0801000708010N08090M0G030F020T0U0V0a0h0UPC0aTb0O7x0U1M0OOW09CN
g1_9g4YHy08FT4ZgrH-hpUjAWTRQ-xEcj8XuaJmGWAANX0	pathagon-rules-v1	7	14	3	67	0a0K0T0S0L0e0O0c0l0F0d0g0Q0P0D0j080C0X030H0k0E090I07050f0V04K-0B01ZW000N088FV89Y7908POUd0R0U0F0CSo0BBC0M4z0OOp06Lx0WQb0RF_0i0SPfOQAJ0a
g1_9g74U6ACmNXluOqAOLjp827ZIO-PU10obqq2J7hlUzQ	pathagon-rules-v1	7	14	3	91	0j0C0h090i070V0l0W0d0c06000U0E0L0B0R0J0b0I0N080k0Z0m0f070T0G0a0A0ScB0c0OOv8lWo0bPwa7M_TeMS0b1j9_Fb0MKP0UF00PCk0FVd0IE20M9R0CZg04DM07WI01SV03Xt2S0208110JRjXH0N01057A02K908454y00Id5X0b
g1_9gBqX0eyMyb6z7tdC5pa8emNmQkw0pw1G6-ypRQ2_RE	pathagon-rules-v1	7	14	3	37	0L0f0K0d0h0B0X0I0Y0A0H0e0b0T0J0M0a090Q0I0R0W0P030C0G04000H0FT501KZ08Lu1K3w
g1_9gUYqCWH1PQR7ouu88z94MVje7DLwwOUn2aq1uJeJj0	pathagon-rules-v1	7	14	3	55	0c0g0A0V0Y0f0j0L000D0m0l090b080P06050E0I0F0T030M0f0d0S0X0K0a8S0B5n0DMF9SWeTA1kV30eQC0fSg1D06AK07V-0B3X0OIjOZRP
g1_9gmxP5SPC36q2C8iEjmc5IRtuMjp_s_0QifaEHDgTwE	pathagon-rules-v1	7	14	3	63	0c0E0J0a0d0h0U0g000b0M0P0Y0L01070T0V0W0F0k0V0O0j0N0l0e0Z0k0S2E0VVY0bJM08190KYt0fB9XjVLWfISGi0eXS0c0N0e0M0d0G0XbF0U1x0TP07sKELd
g1_9hEju3FfXudluoGyed1f1tSgQaBwRlbETd9XP1qQ7h8	pathagon-rules-v1	7	14	3	34	0Y030S040h0f0g0Z0i0e010E070V0H0a0b0W050U0I0X0T0M0a0L0m0S0F080K0T0d4U
g1_9hGuirRe7Aqkv8z8wzoW1quZxrFInT6aHbWPKrB4Pms	pathagon-rules-v1	7	14	3	35	0E0L0M070Z0T0e0B0i0l0E0A0S0m0K0H0R030L0X0I0F0Y0M080e0a040f0C0b35000507
g1_9hHmuOy1wCbVoAlDpVNceeFs09TXkenuJzfVAYWCps8	pathagon-rules-v1	7	14	3	86	0R0X0G030a0D0m0C090Q0O0T0L0e0W0V0M0Z0A0H0i00040g0Y020N050h070jQL0S3X0B4-9FRz8OFVblELLXVwDmNEINBK560KR50YBu06380DIZGF0HRy0ZBF0B6e089-Yc0KFFGFRx0Hb90I0ZEx4E0I0d5m9FQI0lOfc60R
g1_9hhhxfM9BH6VkRTSpGqLy2c88VO45QGkI7egNH4CS30	pathagon-rules-v1	7	14	3	58	0R0l0g0O0h0N0a0B0D0i0G0J0V0K0Q0H040X0Z070c0W02000T0k0j080Q0EYJ6H0f9eLRPvNJ0M3u7s2S1FAr02Lu066Na301Nl03b00WAB0bIgU_0F
g1_9hlF-MJxUK2hKSPUpx50sk2l0n_nXvknzvA0Aivys0Q	pathagon-rules-v1	7	14	3	57	0H0j0f03040B0T0X0h0D0i0O0c0U0Q0L0G0b0P0S0a0m0F020R070Z0C0N0EUK050dbvCo3pU-Q5DA4dKzB-SxOTDyA2Hh0XKAaG0mMOYZ0CY00h42
g1_9i-9XWW6Q6IR0VbQfRMYbUaiCQPeZMaoMbrmBAuZUj8	pathagon-rules-v1	7	14	3	46	0m0D0f0b0F030a0Y0L0S0G0A0N0I060i0Z0e0V090k0M0d0l0H040T0JD20G0Q05Ic005VYeC9Qw0RFybZb9Sx3CO-0t
g1_9i26-zmv0sgn_oTzt2dQyGAhNpt7v5kjt6qCR7vXd_0	pathagon-rules-v1	7	14	3	32	070h0g0K0i0L02000903040M0G0U0H0N0O0P0V0W0O010Q05060P0V0O0X0R0T0Q
g1_9i2wuj77Yf8iu4IcW8QQyQ-XZKpdN-kdwYoHMInZgM0	pathagon-rules-v1	7	14	3	103	0F060I0d0A04090k00030Q0P050h070H0R0Y0l0b0E0K0N020j0e0G0a0L0J0R0B0UGNLcKg6b9eLC0ZNd3BQT0CCTS1M4310RFF0P4Y5LTQ04NW0DGc0WRS0Y0eIv0Q1PV30OZ401YK0KLNHN0MC7V58c0d0Vad4Z03QfZq0NWnai0gbM6j07Na8O0l9pW4OfbO02XYGa0B28
g1_9iNACJBbWi9HidmLtFEeh18L59n4IB281kzy_JvSK5k	pathagon-rules-v1	7	14	3	56	0M0J0Q0F0S0f0U030k0T0m0R0N0g0C040b0M0a0A0W060X09050K0e0O0G0j0Z8L0IJm02HqQeWV2q4BTVGJDKZoJyCR040Gbi0C08SWad09OM5c
g1_9iUXIYCL-NtCM2DBkXUwG7QuBCwFB-9Qyj-ZyJB4LoI	pathagon-rules-v1	7	14	3	59	0K0i0h0B0c0C0l0d040D0Z0m0P0H0I0W03010a0g0j090b0X07080E0F0T0MKDPHGp1jS3X0450YTz0SSzYs0A85ZoQqb8180gB68v0WaE0jFgKW00Ai0Z
g1_9iVE1SAFT620KK5XO2x8PcGz5QzrRaHUNyj740HsF0A	pathagon-rules-v1	7	14	3	13	000e0Z0H0E0T0S0U0L0b0g0M07
g1_9il7Kp0OdE2JLuV7fAdyH0RNkcU-V0IzXAIwgK31L9s	pathagon-rules-v1	7	14	3	196	08030A0H0F0A0G090B0I0402010O0P0N0I0G0M050C040J0Q0R0P0K0D060W0D0V0U2J023B030_08681fBW2X0p0F1b5O2J6A3A1b3s2N0p341b012N0p341b4d2O02382M4e053u0r2J1a013u1c2K0p0T031Y2K4e050o342M3t04015S2P3t1c015S3A3u2N0U5S3A3u0r025S3A3u2N025S3A3u04023w385Q064g5S3A03Ap3H5Q2P3t1c015S3A03GI4w5S3x040D1b5O2J7i3A1b3s2N0p341b092N0o367j09020A1Y3s2N4e391b3s2N0X390q020A2M1a3s04363u1c094fAp3s7k2J4e053u4g2O09040p341b3s2N0A
g1_9io62Pgiu0afu5vOjLvA6fc92Zs70_C5vhpHZhi6X8s	pathagon-rules-v1	7	14	3	17	0h05060m0a0i0T02010A080Z0g0F0M0W0F
g1_9ixtsVMxk2bkiU_7kXEdnVp7hWvmxwMucaGVpz5n9n8	pathagon-rules-v1	7	14	3	51	0i0W0h0R0T0E05020V0j0N0M0H090C0K0B0U0b0G0P0U0J010L0g0I000S060Z8IEw0aMV0dKGGZ04XTE90fSEZnID2h9T200V0S0O
g1_9jIJV0g91l7SRsLCVLqdKGCvgkNFSRC1lB9HVaPuqD4	pathagon-rules-v1	7	14	3	15	0C0H0Y0205010J000Q060R0D0f0K0m
g1_9jNuTw2apxhMUOzS8DvbHHvDMA4TAl5qco-qEPqvTkA	pathagon-rules-v1	7	14	3	35	0N0J0a0m0l090e0k06050c0P0Y0A0f0I0g08030L0U040b0E0F0l0C0R0G7tQy5DXeLd02
g1_9jTFDsrK3KT48CdJAGmpAk6L_ZURLJazRX5FaMOkYQc	pathagon-rules-v1	7	14	3	49	0L0P0U0V0T060i0j0A030d0R0C070D0f0b0M00080I0k0c0Z020F0G0H0gaN0l3qawJE2NZH0l5t0KRyX90J0N0Y0XKKIVbuB4
g1_9jVH2qcOCOtwYvj2uuJdmIRwo_6f6VH2COA6zwLVKK8	pathagon-rules-v1	7	14	3	20	0F08070001020T0108030E040M05060K0L0C090D
g1_9jVU8b4M8k6T0eJXZYucl9N8wEjBaQVj0DEDkhQTyuk	pathagon-rules-v1	5	8	3	83	0E0803020409010I0002070D060C05070B0J0A7u3-Fe38BY7xEx473K0q001a0o340F2KJB0q001a0o340M01GM2MHf0rCG092K3t0r7g09353u0r002M7i090o3rB47t0K3C0C0u036v3CAnGI102J36Hg040p003B49
g1_9jbts9588A9ZdhZIvlCVofOj8uQo-BIy1rACngQ_q34	pathagon-rules-v1	7	14	3	21	000M0L0V0N0O0P0h0g050i08070209040E0d0S0l0Z
g1_9jbu_9pgEEb5flsxX7N-2sKndwkHs17VJwO91gPCF4Y	pathagon-rules-v1	7	14	3	93	050V0g0b0K0k0U0W0Y0E0c0C0L0A0R0D040a0Q0I0d0P030Z01060J0mX30GQw0X3FAt5361UhPzGsbu0YRf2202NJTk6L8X7cKR0fDDUc0m3T0d1S0UZh0WKUNo0HPR07VaDoPE0E970j9tWlV60HAYHS0BGa04A-aaFo0fR8Y30h0Z0UXY0aTk0M
g1_9jeYQspBDUfbEg9hNo8_rPAiDWYRFf22gE4pfpoGtv4	pathagon-rules-v1	7	14	3	83	0Q0O0J060Z0N0j0S0R0d0e0a0g050K0U0F080b020A030E070f0W0D04Ki0cGR0CT60Q0KOU1TKsXfMLLiUKCw4r0bbEZl4HYo07VP0SD8JI052N0MUuHQ0L053_6R0VaP75TsMl0S07C08V0eQrVU0EMPOH0i9jXZ0k1I
g1_9jhgFUWmivkCO6oR7W3Jnl4vQbgVbeaoKAYL1ejFtas	pathagon-rules-v1	7	14	3	162	0O0I0Y0E0A0e0m0H0g0c000i090h0U0W0j0G030X0K0L0V0T0f0P0F058t0DZK07Wm0b3pGvCd0R5qZAXL0J0FTM0Q4n1VPda_08OX0Mbs08Ia0A06Vi09Q40D9C0VD2aP0eUGViNw0lRX7BP20bKYbH0R9A0iZ-0dDs0eQ70k6r0cG20iB_0PFDMn0dV-4K0BXD0C2N09XkAMPY0WEp0cVJ0g2q0EZGKc0PXJ0jUH0eCf4W0BDj9s59KM0BTV3dMaZ20U2EOB08C22c03TWR50fLlYf0A0JGn0H0GWJ0Ua9HH0KMF0ELbBk0LZUJa0QX20E
g1_9jlXL-gvUKoNZYbgtcb0_u97jlzAem_wEkH6pNup2pM	pathagon-rules-v1	7	14	3	62	0U0g0C0H0l0G0P0R0Q0Z0L050m080i0N0K0a0b090j0B0c00030D04060V5u0FSC3M0dTI7r0AUfCvVbKj1yHPIh0KXRGN030MQQ01Fj0NAG0KPQId0Bau9J0B0v
g1_9jm4zkx14hGBABJhenc0c2xUWesiQo7rSQSgkLsIJTk	pathagon-rules-v1	7	14	3	70	020M0l0L0R0e0Q030Y0c090P0E0j080N0G0H0U0m0g0I0W0K0B0D000J780aPqT-06bu0z0T606G06NkO23a820U5SPVLM7WDQ0cRK0I08SzKDFH0YUM0l0W2jO103aIb90l7BEWLWB6
g1_9k06D0skuilXGIUdPiiL3DNLCQmi89zpv29k0NVNbPo	pathagon-rules-v1	7	14	3	36	0c0501020i0S0L0A0D0H0d0W0l0J0X0k030K0E00090B0Q0O0d0Y0I070e0C0G0P0FJH0U0w
g1_9k4c35YDLjTVsd23XJ_hAsUfvEUaVlZYsemBR1otfv0	pathagon-rules-v1	7	14	3	26	0Z0P0I0g040C0B0D0j0A090B02070I0H0B0G0W0A0N0B0G080O09
g1_9k6WnK_o4ysUKY8eIHIsU-Y_nx7c93p0HXuaPgggJag	pathagon-rules-v1	7	14	3	26	0U0i0g06000E0F0G0H0F03050A020109080M0O0I0V0H0B040C0B
g1_9k97F30hG7-1ziQWbrSg9ClSZho2RrNhvERgHh-tMTY	pathagon-rules-v1	7	14	3	59	0E0F0G0N090F0c08070M080L02010008010H0A0G0O0V0H0U030T0b0a0S0Z0L0g0r0039033x044p3w5R062M4e050o0900BPXd08610bZ85IXe0g0c0Z
g1_9kBOmecuN94nGNEinYCLz-sK7dMXf1s554LONXnV5oI	pathagon-rules-v1	7	14	3	40	000c0E010k0F0K0Y0i0T0a0Z0U0d0j0H0b090X08060Q0W0D020R0h0d0f0gNq0C5iCf0IUl560BHIDy
g1_9kDGnsuLSNPGAtJe-RiwPJ_RhSghkHqhD5S3QxP5ZsE	pathagon-rules-v1	7	14	3	33	0008070i090L0E03020a010N080M0F0G0A0H0O0A0T0h0M0b0N0U0G0e0S0Z1R00C2
g1_9kHkWWfRknms1FxpN3rGi2EUCGqBe2vv5HGmss14ZD0	pathagon-rules-v1	7	14	3	20	080F010E0k0M0L0N0P0W05070I0O020Q000R0G0P
g1_9kJtnZXafWzZpjwfJ806ZT5VwvELfYYn95SWHNGRD74	pathagon-rules-v1	7	14	3	87	070K0N0f08040V0X0l010c0k0L0W0R0d0S0H020a0T0h0G050C0E0g0003WW065JJ8200I0FTuZqXKYLEiUP0IV03ZGmKY18bo0Kat05Ok0cAdYFEz0lVsI6Mu0m5xbC0OWl0eO80R5AHJ0CW20lNS0aLN0MWlPeDX0OLx06PfSY1i
g1_9kK8MyANZF7o0t4mfeRpIWc_MSZuwOXmTqU_rkR19Do	pathagon-rules-v1	7	14	3	52	0U0f0A0e0b0T0C060X0R030I0W000J0V0Y0m0K0k080i0L0Q040U020E0G090bEq0hWN8j0fDQabGTNe0HBrT7LQ4YWrF70x3hW70464
g1_9kM9BFYKgj_bh6UbH1kbxqUbznKIor0NV5xz-R6H9P8	pathagon-rules-v1	7	14	3	17	010C080i0g0E0F0J0M0A0h060B0P0T0d0a
g1_9kO4xVO_Eq_hEI-VDgl5fg4TGbSJc-5GrXY4guGumhI	pathagon-rules-v1	7	14	3	196	080A090H0G0F0B0I0A0G0P0O0I0N0M0V0F0U0W0T0S0L0E0M0L070403020A030100050u01BV0E010F0t0005075a0C060y3r6C3B030_CG6h3BC90_Ra6hMK0S0_MD6a0FHP16MKCGBxH40F16MKBV1mHI6T07Bx6M070FRo1KMDNQGtRv1KMDXN0TRv1KMtNQGsRvC2MRXNHWRv03MRXNHPHyC9MRS0HPXG0MMR3N030IHIRvC2HrMtHIRv0M6MMK1DHdHP6TMK1DBVH46T07S0C2H404MYS0BcCU0FMY6aC20MHIXGRo07MY0FBx0EHPBqMR0MS00FBq0EMmBxH40TRv6hBcMR0F0uGsBqCU0M0uGsBq0S6M0uGs0FBcMR160M6M
g1_9kOzMcu5dKfi1iNJP6Ze-pXE0gBuKxAUx02XMTTLDgE	pathagon-rules-v1	7	14	3	28	0K08060l070m0i090D000E0k0c010J0A0I0j0h0V0P0c030U0a0N0F0G
g1_9kPnlUkzCTVmxB7seEVM1DTSCXRzZwZ2uDM3aurAFkk	pathagon-rules-v1	7	14	3	50	030h0708040Q0G0U0O0E0k0T090d0Z0a080M010f0I0g0X0S0L0K000P060YQl0ZDEWzaQ0g5yRZLXXTTGMyZUQvH1ID6ZNZJp2x
g1_9kj5JVJPvupW3bExKHrZxmliL3DTA6HoKmlc7F2Sb7s	pathagon-rules-v1	7	14	3	73	0C0b0f0E0Z0N030K0L000d0M0Q0l0Y060I0j010i080H0X0F0V0W0m0PH11EOyT872GQAdEMQXZi0A5yXcNP05Hd0D2q9sCCB8Pa0eQQY00hVp0R0MbAc10X4sXz0CTVGL0lPP0WUtSoR1067E
g1_9knjDZ1Jmky6CoQ7eycYi_TL3f8hBjmfLengeTyWnYs	pathagon-rules-v1	7	14	3	61	02070k0Z0I0h0K0b0N040Q0e0E0H0i0U0Y0T0R0l030S0C0j0X0M0F000DDu0i1OBq05C-0g3EbGZ35WKsORAM6cR2VQ8fXH9h0jIUTc0e0gUM0l0m4k0fI70Q
g1_9kpuCx40GPrUJUilli1-yRvB24r6Wngwtx_tqzGjb5o	pathagon-rules-v1	7	14	3	50	0R0C0Q020W0j0P0H0g040B000l05030Y0V0a090E0Z0e0h0m0D080I07KX0OOl4w0S7FCO6O0LJt010iXQb-Pe0XMo0lHMNe0T1S
g1_9krIc4rDNAKvu7EUhNnguhmnK83O1ks9kK9r6Wg0JB8	pathagon-rules-v1	7	14	3	106	040i0Q070f0C0d0N0b0T000e0G020l0g0F0Z0k0m0A0a0h080H0P0R0XCbYWV60i0IRuM2K5OM0j1JZJ062c0FXIZ_6X0OG6Gw0gCk021H050E9h0409UL0k0jYe0iAK0A8G0ON70SKC0A790T9n0HDf0BFa0h0Q4E0aMi0lNaSy0S8GRH0K90XV0XVD0YGe6105We0DC4aq9l00Ju06
g1_9ktLt_V9Ta3FQkLF85WVZQpKy9wH28sPeD8ILI8XXKQ	pathagon-rules-v1	7	14	3	196	090S080L0A0F0G0M0H0N0O0T0U0V0N0U0E070F0E050P0W0I0B04030B04020100020C1e012W0p341b3s2N0p341b012N0p4c1d352M024g0s342M02040o342M3t040o344f3w1c012O0p3r1c012M0p3r1c012M0p5N1e352M0p001b0o2t5NEJ1a350q3r2N1a350q0H041Y2K6A0O013A0q3r1c5e2K0p344f1d2K0p063r072K5P0q041Y02012M0p3r1c012M0p3r1c016y0t2J1a354f0s2J1a013u0r081Y2K3t070o342M6A050o342M4e040o3r2N36050o3u2J4e1r0Q0I0J0o2NPH361b3s0r053B1Y0B0P3s0q6z5N
g1_9l0uSdTAuPG3Ef0cksnl67JY9h4tza_UX2lnln6HV1E	pathagon-rules-v1	7	14	3	36	0N0G090M0G0F080O0H0N0A0P0I0B0C0I0B0J0Q0R0J0Q0I0K0D0506040302010300070E0L
g1_9lCs9DF5IsWSb7xKGDqsoDCwzAmGLn-H-4XMPPFBE3c	pathagon-rules-v1	7	14	3	100	0B0X0C0h0f0N0Q0e0V0I0M0P030H0A060i050Z0c0G0l0R09010W0k0E0j0DAI5Z20Q2Kx08Wh0OSAb70TVVP38KQL78Rq0bOJ0NFS0J9nAC070KSbXw0U097008Nn0NNS09TK0QLpK901XO0G0V0e09H50m8vB40YOe0PKw0LJPZP04O1Hn6eGH0dFVEgAgZC80a80S
g1_9lF_FfBF8xQ_QGKNTSgd4eh27Lw68vYV6C0e4ey0P3U	pathagon-rules-v1	7	14	3	83	0Z0J0i0K0R0A070a0f0g0F02080W0j0X0C060G0M040d0V0Y0k0b0h0e0HW90LX66Q0SZdPM0Rc9HM0jRv92Dp4lGv0TCs884U0QL-0maGV00NZr0EVo0cNU0FI6RG0M0LFu0Z0gCj0S0FVL0T0a0Z09360kNQZm0T0e2t
g1_9lMTfQdOJQydoYefDFshvvoByM6iDV_p3DeiIDwrDqA	pathagon-rules-v1	7	14	3	42	0M0U0J0K0H020T0C0S0L07000X090D01080E0F0B0I0l070G0N0F0A030804090a0R0k7V0G0F0K0Pa50eGA
g1_9lNSYEyGZSqlc8gWHQoJSZ1Qc8qCZHZS2133IsPrAck	pathagon-rules-v1	7	14	3	46	0L090D0N0e0K0804000f0g0F0O030m0b050h0C0B0I0U0X0A0V0a0W0M6wNnXBSy068f5w4Rbd2NPi0iHI3aDM9g084T
g1_9lPyiKJmAjOt_RnaPXdMr0y8AYRUDJBsnj3T3XVXmDs	pathagon-rules-v1	7	14	3	113	0l0E0K0b02040j0U09050B0J0M0Y0F0R0S0V0m070A0a0X0G0c0F0O0C010Z8qTCUX0W0N0XKV0hbMLc006XMd0G8H8UXOX-bf0l1nG20PAf014J0gbC0ZDW0TEp0NBm0FPV0BDX7U0mLI0lKF0PV00jU10fGM0I9eBl0KaT0dEw0eQm0I4t0CKVGT0QEw3b04DX0IbF0KaI05ZWIcbe0vQy0k5VM-0l1f
g1_9ltDTIUq9WnTpnNQwd08PqGMB9CBOM5sazvtF05AaH4	pathagon-rules-v1	7	14	3	47	010J0g0H0D050V0Q0S0M0C0F0U0d0a080L0B040R0O0c0b0X0P0W0I0iSz0EBI6y0ZCGJDLq0YC80AL80G0KTKWXD93L07
g1_9m57m1sxtLKbizc24uNGYuqHasW9Cov7re9jry132zI	pathagon-rules-v1	7	14	3	68	0g0D0m0f060c0Q0G090X0b080j070l0R000k0B0J0C0N0F0h050V0U0i0Q0L0P7M0OUBT9G-bo04KVWc4mOrLFIQ0IGi8q6r1FQX0XHK0ePG00Nj87BHVmZ205MvNQ0W5s0ZWy0a
g1_9mFyJ_ZuxaOGYCvszKp9-iJR8B-sdwK6HmtdagBFFQI	pathagon-rules-v1	7	14	3	36	090d0N0l0k0P0e0b000L070c060f0R0Q0I0C0h0A0V0M0G0g0m010J080l0i090j0KLJbK2D
g1_9mKbKqxEq6dtirZ_RvNei2ibde5ZrC8wdx2NFWzNv_Q	pathagon-rules-v1	7	14	3	100	0B0E0h0X0a080L0A0Q0G0g000S0N020Z0H0Y0I0F0d0f0b0U0K0m0O07GE0C2pAZE5RGXQbjJBUFYE0M2-1PTAO8RZJk0U0l8O0R0OWm0aHn06DC02TFFa0la80IPYEw0MV-0XIm0aBy0H8n05TG03KB0bHt0Db40J0kcB0CTO0m5Y0QB7NU3Z06Qd6K0e8k0ZKz0l5U
g1_9mSZC7OJ23O9NS6fGZXlxuYXw7ceTkGHahCgzePfx48	pathagon-rules-v1	7	14	3	102	0g050S0U0X0400060I0C0Q090B0H0l0A0L0W0i0M010P03070D0O0V0h0d0ZAv4Y0aAT0Y990ePa0E0b0GHlH80T1t70QfFZCB0EWz0JYf0iDh0m0KJuL15kQx0ZMn0F7V0hSn0bVn0ZMn0XGX0RUubD0KaM0Qc00JKQ0MZd04Yk0Y0fGr0RHx0fA30jQuXyF50RGVKYMX0f
g1_9mU5DCqnho9t1zc04GuiizBAG9fkS0b_LxCwyO0hJLU	pathagon-rules-v1	7	14	3	59	0S0h0k0l0Z0j0A040H0B0P0i0L0g090R0O0U0V0G0N0a0f0Y0W0F0c060Q01D_ON8QCrJ9YJ0C0Tc7Vj0MLdWu0eRrNDK8X407RQ0YbJPtTr0R9yRT0fAW
g1_9mpn0V5jGUKwZ6YT_Lzv1w93DZyb_mFAWjIfP7fzKqI	pathagon-rules-v1	7	14	3	22	0L000C050X0J0D060O0K0H03070E02010g0S0a020P04
g1_9mqZRmdZrOzBn8KhpYtY6Z8deONKhOTi2tY5nvEA7ZI	pathagon-rules-v1	7	14	3	26	0A0k0N0l030E0m0j070F0C0B0R0Y08090J0A0K0G060Q0O0D0V0C
g1_9mrUd2hRxCR1bQOq4L7KCIBM4V1VTgdZBMpDr9ArSG0	pathagon-rules-v1	7	14	3	51	0i000N0f080L0U010d0G0b0T0e0k0C0F0J030D0O0Z0l0W020P0E070h0604NvaZK30YV9CYSKWbAMH70Q450Z05TEE8B24t762h0f
g1_9msiPcb5edtD1OOUpXeIFrfMNy_yDyWxuhrVqZUdr0g	pathagon-rules-v1	7	14	3	62	020a0F0b0k0B0l000m0Y0C0j0L0S0O0U0V0I0Z0R040h0Q0W0P080M0A0e0NVUEm031PKDArRb0c4O6a2wNtHA9P0IZlRuVsCu0EI8UG0fB80UPm0W0UGUSj0D7I
g1_9muL2WzyeHVvAaCZ7ZMKDeCyN_bpCrFo3hmdFMyRqTI	pathagon-rules-v1	7	14	3	36	0X0l0W0L010k0N0m0G0H0O0P040Z0g030F0e0a080d0M0J0V0Q07090O0Aay0KVq0haP0EAK
g1_9nGOaTdYyL4jPGV7cpv272_cU1SYXigvIx3jl9r3wN8	pathagon-rules-v1	7	14	3	41	0k0V030M0A01070e0Z0D0H0J090X0O0K0f060Q0C0P0i0U0h080R0a0g7V0m90bp6ILgSbYv0FXtWfMF8H
g1_9nZdsTAZiM1wfOQnxsmGg3uJcT7jjHfPtgTFXJNcXHA	pathagon-rules-v1	7	14	3	34	0F080A03010M0T080M0h0I0209000G04010g0H080B0b0a0i0d0c0Q0e0P0d0f0mHj0l
g1_9ncqxXcu3_-Nqykj0JI9ro37gdtmHX4sLcnG_A87hJs	pathagon-rules-v1	7	14	3	57	0g0a0k050F0l0I010m0Q0N0e0A0L0V030j09080Z070C0b0i0l0J020c0Y0WX10K2WFT6aPJQw3kIOAaa2Vn0Y5EB7UvQ-Kx7a0UCd0Y5l0dIt0k1N
g1_9ncwk9YQgM7ReLwUQe76wNFH0SzdpXxNvaug8y-3_-8	pathagon-rules-v1	7	14	3	196	08010R0Q0F0P0O0H0M0I0J0K0B0J0A0N0H0O0G090C0G0D0H0K020304050B030A0406005U061m0L6a0FBq0EMK08H4010F02Bq0M0E0FEM12003E032S0B1a0G010F0H0q2J6A073D030A028i3E030B0A2S020A2S0p00030u00Bd0_681fGt2e0p681fBW0E0p681f01H416000M0oGs2e6x0801090v681fBW0E0p681f01H4086T0uBV0E2K6A07090_2J6A701g01090v2J02072S0p1Y357j090A1g0o0036031h082K02080o6v2R7i09010S1KMD1-690A0pRa1fMmBx0_GsRv6hBc0_080L682K6x09013B0qBV1m692Q
g1_9nlbbfHePPVLQPD4UuYouzYUk0fpRgU_uiPe5Jnq5lI	pathagon-rules-v1	7	14	3	34	040Z0W0a070g050b0K0M0i0l060d0e0J0O0h0V0R0N0T0j0H01090F0c4F7o0C0f0L0e
g1_9nmsh9T2m2-WrAWiLewYWxBC1cDfc711dhlGtoxSZHw	pathagon-rules-v1	7	14	3	65	0Q0C0T0L030V060b0U0R0F010A0d0m0P0k050X0H0j0a0S0f0g090G0i0D250B0lNIWS91SnZ_Es9JKCc50MXfRx0CEAUH02AbJo0T0m3iMc0OEvVv0BCW0bOH0eDe0h1C
g1_9noqsRHdT93-b4T7WuAKpaTnncfmA26bjzl7gvNmONc	pathagon-rules-v1	7	14	3	63	010T0U0B090W0I0S0J0e0d0C0c0P020l0b0m0X0a0Q0K0N0H0I0k0D060O0f0d5s0Abw0L9g0O0M0V0ZIn0DQA0F2pSmJQWiTxVw2EbMTp0I0B0J0ISA7e0e0QUUbM
g1_9notLh_a8eSxbkIprfM52soGf-dd73TXuYBnA5r75oA	pathagon-rules-v1	7	14	3	57	0Z0J0M0L0X0W0D000c0Y0F0e020h0i0b0H0A0X0I080E0d050P0a0T070N01Nj0S2z0REG0VAm90Cm0jOVBvHx1j7FSOUoLFGMT704Ei0I0DHoRU0e
g1_9ns9kk4mSCWPpQZdt76bit2kgcGmdZLSWsYUY6sFlQs	pathagon-rules-v1	7	14	3	36	0j0d0c0b030c0V0H0c0O0a0Z0e0G040P0F010Q0R000E020F0Q0X0W0d0Y0W0K0f0m0R0e0Q
g1_9nsjtyBDSe8iRuug2cxzBveIluB7CfbQNS6qkYPjanA	pathagon-rules-v1	7	14	3	38	0E0H050C0k0g0Q0G0B0P0001040F0b0l090I0A0a0J0i0f0C03080702080K090MalZ87b2m7t0J
g1_9nujyrEl5MB5I1cxq_MUhqZ-Jgw6qeMxYmmR5Tq9ZkY	pathagon-rules-v1	7	14	3	68	0O0g0W0c0D0P0M0h0L0l0Z0F0a0e0H0C0U070X020m0k0f0S0B0d0i0509040V300Z06B80JQVXiWb4sP00_HFVxSs5f01Cl0DUB0fFb0c3t05Uk0d6808ZXWM0DRtaA0iGHFv10
g1_9o9TaXgmJu8rQZQWy96R_2KHWtQ3C9uLsGDlgKI4Fhw	pathagon-rules-v1	7	14	3	14	050m040l030k020j010i060h000g
g1_9oSOoK7x-TaprU8uXqno4cwUaWjEEgakEL8gQTdRicQ	pathagon-rules-v1	7	14	3	94	0F0D0X0m0Y050I0H0C010A0G0j0U0a0Z0N0L0Q0P02000O040R0g0B08CJ06R40K3N7a9pOOZj4EAi650j1cDvKQ01Ro0dD9Ov0i0lGb0eC60Y7XRW0F2o0cbLHK0l0LZs1V07OUKd0K910WVoHK0AbI0SaU0ZWlMq0k0LOS0lc9F406KW0eLK0m0R0l
g1_9o_5h_MJiGTczRzL-gkWS_UwUNW2KPBmEndrLZsct8Y	pathagon-rules-v1	7	14	3	63	0H0V0I0B0c0O0A0F0L070G0X0R050206000d0K0Q0M0T0h01040E0Z0B0g0P0iCo425_Z60ND71rLk0j0l6GGdPE2o02B17Pat0bOi0FE_QGAU0mHK0V160iNzYt00
g1_9o_iNRJUAc0itff4gZEtZOM9v5fmUvV7gyusS9gtL3g	pathagon-rules-v1	7	14	3	59	0H0Z0W0M0Y0S0b030Q0J0O0c0l040G0A0F0h0V0N0T0g070L0B0P0a0d0e0R0E8W0DKC0K0O0RHYGGX50CFLNIU8C94vLoJtDk0V6k079a00SR0WJaMI0X
g1_9ocLi9gFcKsHF8zHkgpB8gJ39ereM0nl-ojDS0XlO7U	pathagon-rules-v1	7	14	3	31	0U0d0G0e0O0a09060k04030Y010F0K0I0E0P0V0l0T0j0M07020J0i0f0b0S1n
g1_9oh_cvowpG-JG6iyPuR6lCWsB_jBUMLxIHR_S3okgHw	pathagon-rules-v1	7	14	3	49	02050g0K0P0U0l060T040h0k0H0S0R0T0e000I0X0m0Q0Z0O0a03090f08440P0JYB0h0WO5Lq5O0CQ90Q0U7kX_094xK51l8B
g1_9omxs4ZSTNEpnbm3LAwWpjO7vJYdN4Kr-UnV_pcuc5E	pathagon-rules-v1	7	14	3	21	010B080V0S0T0U0Q0N0f0b0X0i0W0O0d0c0A0G0R09
g1_9ote1zE-N4u9ibOPA2dA9VkI7JrpyMyPC6BcD2ZTwX8	pathagon-rules-v1	7	14	3	111	0Y090I0R0M0G0V0F0d0e0W050m0h0i0X0A07020C0a0b0N060E040001On0SI50c0jLV0b61ZG06cGQMF07oE542TXANSk0VC00QYc0MFiGM0I4-01Og0LX90NJP0V8p0LMc0ZCZ070B0VXwPW0iQi0MLp086H0A0bKx070IR20E0fU61h0X6O9Y0dEw7n0SX90a0c3J0TSbSCBI0R5hbJ04Lu062z
g1_9oxdol71jz6C52eoyrfuNM3T8CjSLDYuqt11j3B30nY	pathagon-rules-v1	7	14	3	86	0H0G0F0M0T0G0E0I07080H0M0J0F0L0S0Z0a0g0S0T0h0G09000F0A0U0N0T0M0b0O0V0c018T0V0o092J0A1a010q092N0239003x0A4g2O5Q023x4g052M4e055W0A6G07U20F0A1q0M0o08020FEfFK0cBc1m01MY1DBV0E01
g1_9oz1rhcScMZcZie1osTCrhEKDrj59x3dg_ZvVeHRL3k	pathagon-rules-v1	7	14	3	44	0U02010S000N0E0b0708090G0F08090M080L0T0U0M0T0a0Z0T0a0O0H0N0A0G0V0c0O030J020I0r0B1Y012O1s
g1_9p1B5xlyoUzmheWhr7-r6N9C0dW3kC9QXEnJnBOF_9A	pathagon-rules-v1	7	14	3	81	0B0Z0P0804020N0m0G0k0d0e0O0W0I0T0F0V0M000L0g0C0U0d0A090c0X0h0R0K48akAaGpKV07FO0A0a0DJrbqD20UYzP9Tp2V0YXd0gAgVO0KS-Ze0c6fE_0jPq8T0HYj0BKz0NaD0HDlUU0ic60eUu0xQy0VDy
g1_9pBkOktloNHf9qBbWkdNvUYFiaz3PnJbFuwGsyXw4fU	pathagon-rules-v1	7	14	3	13	010H080a0F0G0M0g0T0C0h0D0a
g1_9pDhjUuOqnPOBa1ZHhM70Tl2PSTh7lIBVMWOgnBzjSE	pathagon-rules-v1	7	14	3	58	0k0Y0U0C0R0c0D0I0F0K0S0T0Z0e030401050O0B0f080J0R0X0g02090m7_bo0EaU9i0bWxFgCD3RQwTOUXCWGhIBNjOG06Az0YWO0jQNAeOf5IFJ1I
g1_9pJgajuqcPd7HXV4AMM0iWXhth9qtnEOGszb6Q6mmu0	pathagon-rules-v1	7	14	3	60	0d0k0e0h0i0I07020l0B01000j0T0k04030E0Y0P08010F070b0Z0g0c0Q0V0U0XXV4W0W05LF0HCQ100V040m68Pf0cbPBe0W0qbhCX0GXsD9Rh0G1gVl06
g1_9pJgiogURhCvsaaQvO7_i4dqCLIYxya_D6ixO34DKSY	pathagon-rules-v1	7	14	3	196	0M0T0U0N0F0G0V0O0H080O0G0N090A0B0I0A0P0W0J0C0Q0X03020A0104053r0B040A0t0B3w040C035N074i050-6S5o06B25a060C5N1eG60D0u5N082KLU0t680K2K360q0R1a0A353r2M020A0409036w0v7g2Q1a350q3r2N0G361b090B2K0G7i381b0o2J6A09031JM5L6GrR7WiM5by0QB2WN607mRZBGWN60bdRZBGWN608R1e0A2WbY5P0t4c050G4d0s5N2P1a4d0C050p1Y8S3B2M0p0B6B1Y2K9E0B0AWB0C020v1YCH2Q6x0v1Y690B6x0w088R1f7h2S0p341b3s2N0p341b0A2N0o368R3u1c2K0p0A3u042J1a
g1_9pJmYNYB0Xmp-GKcW_ThGC9BQZHrvJbjCOhFaa2ovys	pathagon-rules-v1	7	14	3	191	030A0902040805060H010009070A0B0C0D0B0I0J0B0G0C0K0F0D0G0E0N0O0M0H0L0I0E0P0Q0R0J0Q3b03505S0638034n050C4g2O360309040o0800L-5W0R08QvQaM51X00RS5vby0Q061J0JGr00RS5vby0KAqGILm0R5a0JGBL-WbFzB2R0L-Wb0JBN0DL-B9WU0DRE3ZG85hLYB90-Gd5hM5B9RZGdWUM5byRZGdWUM51YRE6g01Gk07REFsWULKLfREGd06cAMCRE5v06cAMCREBG0DcAMCREBG0UcAMCRE5v0T0SM5by5MR7WiLfbyGBR7BGLf5oGBR7BGLf1dGWR7015aLYGW150U5aLYGWAW260CBO0TC2
g1_9pTmTe7b4x7LmzT93d4xL7FHdMsfZS75WYyFcxHO1W8	pathagon-rules-v1	7	14	3	37	010F0G0H0E07000L070G0M0N080M09020O0P090I0O0V0A030O0Q0A0R0S0H0L0Z0T0a0g0T0Z
g1_9pVGLN7L3RP24vyE_sVM2CGr3tEPWnSfIF_jxxZUfe8	pathagon-rules-v1	7	14	3	53	0T0S0P0G0f080Y0906050V0R0F0A0e020B0O0N0k0m0c0Q010D000Z04N10jVlM3P5DWKD85Qy0XTnMKIqOm0K1x0L1TBC2hCo0WY76x0D
g1_9pgapiAPPMQeAAq2KQpov07YTFWD0Ock-0lm5aBzgYQ	pathagon-rules-v1	7	14	3	30	0f0Y0F080D0C0B0A0C0900070j0E04050J060h0I0V0H020G0M0F0l030Q04
g1_9psoQXEC4IL5oHZuFmpuCCACk5Lyl-NDbWa8DuE1wvM	pathagon-rules-v1	7	14	3	125	0b0i0a0h0j0U0T0b0c0V0b0W0d0k0g0S0d0j0T0c0Z0l0e0X0m0e0f0d0Y0N0MYo0i0M0hHH0L0O0SNz0UOd0VZEXA0jH60gCX0LDL0MR00tGWQM0Y5aLYGWR70Y5aLYGW0K0Y5l0NGF0VJMLY6W0X8r0VB90X0N5h0WREC10P08Lg0XMK7EBVX96aGzRvVSGL0e180FHH0O0M0VIW0NLS3D0Lau0lU7KS6ZWU0cMK0F0_CGGt6x0F0obX
g1_9pxm1tLO8G427U5u7B0_BoP8vcSc0kKu2vHhVJ7Ji7Q	pathagon-rules-v1	7	14	3	15	0A09080H0O0V0H090c0G0V0F0j0N03
g1_9qOYOVpFmvXpikRNQA0r7GJB3Bvkx2-8bNYjfyObx_4	pathagon-rules-v1	7	14	3	69	0X020Y0c0k0f0R0b0Q0e0d0W0P0j0W0V0O0U0N0l0i0k0m010f0G0e0N0H0I0J0H0K0O091Y7h2MFM0r1r342K3t090oPL2JFq1a0J0o3r2MUq1a0o340d2KLV0pFl1Y352MKD0p1d
g1_9qt_rvd-1uyG3_aII9GfsTmcLIWKN-dBIlU_p2jgqjw	pathagon-rules-v1	7	14	3	86	00070G090E0N0b07080L010M0H0O0G0A0F0P0H0Q0U0R0N0i0h0g0j0k0h0a0E0c0T070I0M0V0a0j0N0O0i0b0B086k0I8A0j0b0G910d9g0T090V0B0G0U0h070A0i0I6a0V8N0fG_089J0G7r08K30A6X0G820T0908880G9f
g1_9qu_dY_Hn6DDzc1YOqjdZ9_cVqznfT5fLqT301jnTR0	pathagon-rules-v1	7	14	3	21	050a0h0Y0T0U0a0V0M0S0b0T0N0g0U0801090F0008
g1_9qwI2cSC1eE4MorephhYFx0szNy1QEt9IpKQgmDi_dM	pathagon-rules-v1	7	14	3	57	0I0N030B0A0H0U0T0d0h0J0G0O0V0H0M0c0605040g0P0C0I0Z0B0b0a050U0Y0H0O0V0R000W0eM80kXeVg0FDnCgIS0GEJ0H0W0O090V0AQu0ETV
g1_9r0YnmlMBy_0jVc5abrODdo8TG5yA8XS63fR3OwIy0E	pathagon-rules-v1	7	14	3	55	0L0b0l0E0Z04090a0H0W0d030T0U0c0e0C08050V0R0O0J060P0K07010G0X840kDE09NE0A0mJQUpO60dW3HV4WV8ImK27kRfP2M90P9d0M6g
g1_9r1IL781pYnPliPCHc5ELnc0jxMY45rom8OZjwZ2u0Q	pathagon-rules-v1	7	14	3	35	0F010N0200070E08070M0L0Z0b0U0H0G090i0P0T0c0I0S0W0V0N080F0b0H0a0h0g0K0Z
g1_9r3kALthTMGScKgccPq-HUgcxHcMdWS2TYFIqN4xuZs	pathagon-rules-v1	7	14	3	61	060X0E0Z0H0C080f0P020Q0G0m040N0S0c0W0d0V0F0L0K0D0J070k0h0B0gJx0OV643G5YK2DJaEA0T5mLj9vX40BENYCMtKm0V0RC60HQe0Y0laeH8KEOa0C
g1_9r8nfD6MNQtbLLypc_B_r-vz55OozC8KGzH6c-lKAlM	pathagon-rules-v1	7	14	3	59	0j0N040m0O050F0A0H0G09080M090N03020104020B0C060B050I0J0H0C0P0Q0D0P0C0K0R0D00070_001n0o2J02071b0o2J91360A0o6v2M6A0V015C
g1_9rAT13TXvc6IrJla_kA3VsE4xm3tIET3ADZZlPmsM1I	pathagon-rules-v1	7	14	3	71	0i010R0c0W0K0Z050j0l07030C0I0J0U0H0d0b0S0M080E0N0e0a0m0b0B0hA34x0V05Vs0M040T473DZUY505IsG20W0QMWaB03Yg0jbz0lDM7VFDNlL90fLp0iB41_N_Sa08T70MNi5X
g1_9rW7TdFS-233cfms-nughGXCLQHYU-XSfrtyIx2rF2k	pathagon-rules-v1	7	14	3	23	0D0m0h0i0a080j0702090G06090A0T090M050F03010408
g1_9s5DYf7P290hpgDbhf-aobdcWf8OXhk3C2SzqtsguaM	pathagon-rules-v1	7	14	3	38	080c0T09020a0C0f040M070B0J0L0S0H0Q0T0I0d0B0U0j0G010N0A0l06096N0Y2X0b3rE7BcON
g1_9sM4EQ1ZYwGNWF7sclF92Vwetjf6Qa_HhLEbJn_YuZs	pathagon-rules-v1	7	14	3	30	0k0U0D0K040V0e0J0h0M0Q0B0O0P0E0Y000S0d0W0C0Z0b0I010N0g0L020J
g1_9sUpjfVuAsby0zQpSmQAnaPR6aWJZeSDu9Ij7eiGRcM	pathagon-rules-v1	7	14	3	48	03020V0W060X0P0F0c0g0Q0d040j010D0e0Y0L0T0X0O070W0d0X0k0W0B0RL90AUv0dW40O3j0eKH0G6D0M0bLuOt0V0EZi
g1_9shCeDIMXhuGMdx2j17kpmcdFIZt8FqN4E2QYAeoaaU	pathagon-rules-v1	7	14	3	91	0X0U0W0V0e0f0d0Y0c0b0N0O0P0Q0O0R0V0m0L0M080F0j0G0H0N090A0I0J7d0lZwcE0mbUcGZ-0jakZycE08bWZCZy0B0lHA0AEmLYGW0I0Q5h0HQv0J0TFXGWK_5vAqLfGWR75vAqLfGW0I5hBGLfQTGBR7BGLf5oGBR7BGLf5Q0X0AGBKd
g1_9shUmuRWd7pVDEV4HYQcS-gMBlUmImkl_cpP5kdAofI	pathagon-rules-v1	7	14	3	62	0X0E0C0F0B0j0d020N0D0L010m0O070H0S0T0c090R0e030U0Y08050M0i0KRUZkUPGqGw2Pbl7qR7OOAh7c0CENYB0LQL24Mx0ZP15t01bM0NIELw0GGE0bAP0a
g1_9skCsOxd3Ekd_Wjl4MkUhn8lTmxtqxnr5F5qMPyl96w	pathagon-rules-v1	7	14	3	59	0k0l0m0d0f0l0W0e0j0d0i0X0c0b0Y0c0X0V0U0h0b0V0a0T0R0U0a0Q0P0X0Q0W0O0N0M0g0N0T0U0a0Z0bI30MRv0T0M0UaG0kHgNH0IXFHGXy09SN0A
g1_9sk_u3PscOTAFW_JDU0WdPloP4OeT-ntSvPsDm2igfM	pathagon-rules-v1	7	14	3	13	000D070X0S0l0g0H0E0Y0L010Z
g1_9snYT0V95IZygQMtU8o6vB7ghCYGq45XPCamWOeSqUQ	pathagon-rules-v1	7	14	3	27	0m010E0Y0f0004070e0X0Q0R0X0l0B080H0A0O090V02030F0W0A0I
g1_9ssJ0MyHDnwjPfVJ_It5_JgAiZr9YXzoe0ox68mryhw	pathagon-rules-v1	7	14	3	143	0V0O0L0Q04060K0l0d0T0D0b0N080X0h0A0C0e0P0B0Z0c0m020F0k0iIk0RVC0fOy03Sdbqaf0kVv0CX0FYQB5kTzY5I90cQ10R2p0aGUJ10eM30UC2BO0b8ISs0KbF0jaG0R00KS0DO20f5_Ju0NTq0eELGy0aIu0C4p0X0bCL0eQE0h3b0U500eQl9f0JF7S50GFqTkAKNnUtXw0LMqa_Bz0PSZ09NZ0H2b0cXN0HEb0ITRKf0aQBDc04C7F40cOvUu0IHUKX0MavRC0O5v0EDgEH06
g1_9svn8BhaC9PMZhr5YMeo04tqohlDnYEol-2gRUnfxMw	pathagon-rules-v1	7	14	3	32	0B0A090I0G0H0A0J0C04050B030F040G08020109020A0M0N0F070O080N0D060C
g1_9svw14EoHM7ma8k0dE1eGOqKcssN32rpL-TxwHDusPc	pathagon-rules-v1	7	14	3	75	090D0B0g0J05080m0a040U0G0M0F0Z0f0O0W0E0d02070P010Q0i0N0X0S0KBYXZ2JAqFsPsOQVh0A6tKLQNJtbEQr0cSCGCKxWd0l6n0M0Z0X530CON0aRr0UHP0W0LbT0dah0B990lAS0YLiEP1M
g1_9sypz8zgjMo3VJXkhaN_dQRddE2dwdMBUM7dRo97ako	pathagon-rules-v1	7	14	3	54	0Z0904000W0P0H0A070B0i0I0Y030a0205010X080L0C0j0G0D0H060F0k0_4804HJ1-BKBqQ_MRZzGs0D2KQo0pAS1YPw2KbH0p5j1e0j2O
g1_9tHAqP1wOET8vAx_w2I0ON6JtDtkuAhS3Zn4iG_BANA	pathagon-rules-v1	7	14	3	149	0Y0h0f0c020l0e0m0W050E0M0R0j0G0F080d0I0a0k0D0O0d06010V0X0S030LbS0T1haJ0CJD0H00E2CD0bRRTy01QRWX0EVn3Y0Mbu0cKIEm5D080c0FA40V08aYVI1FJmOWZj1aUf0q7g2N1d5O06364f1d5O08364f1d3x2N354f5P3w1c012P0dAp1l5O0t4cAp3u5R1e4pGA015RAq4e09015VLq0P0NKB0AOu1GUp00U1479G3F8U2T3t1c350q2J3t1c350308YdFF0j0b0i9o4PTqYR0h0I2t
g1_9tOKT9G9Zfg7CK-6atFJlw9OWyhhcKY-TK07pt1x3a4	pathagon-rules-v1	7	14	3	81	0B04060R0D0j0G0J0H0Y0b0i09070l0K0A0Q0P0T0e0I0C0B0L0X0f050aZB03Z-0N6K0M0f8PbmKd0OEUWd02Gm0MA60HE_Z10A0CYOZvMt0H0IbRXUS_YvHQSGYFMuXeZ7T1YQZvXeZ7ahYQZz0A0PXeZ8ahbUZi
g1_9tP6ii88bjQOQPGtD0aF1z3a1Oyv_o7GZpBnye305q4	pathagon-rules-v1	7	14	3	59	0b070L000f0d0I0E0J0F020C0g0c0h0B0i0R0T040Q0M05060W0G0Y0V0N0eYv0DRX0X0OC30lUPMP49F90M0ERVAEGHbT0SDx0YLI0KWj0mU70fFpAbB_
g1_9tQhjt1roEdIIpWGACuT3lwf3T367xllrvft2oO7juw	pathagon-rules-v1	7	14	3	73	0C0Z0W0I0D0k0N0S050H0a010K0m030709000b0B0Y0j0V0X0d0E0M0POu1_PtMtBD9e4pR-SV02Hy2NJjbmJ0ZFUFXeGSCWUvKj0mEc0fMy066c0c2g05aR0O4L0gQX0ZCB0hI-EC0E4vYk0R
g1_9u0eReW8h9HqC0-x-gFccm6VV9VM8rUhMSDS46WnQQ0	pathagon-rules-v1	7	14	3	46	09020T0G01000b010A03090H080F0A060804050C0B0I0J0K0Z0C0J0Q0B0C0a0J0O0P0D0H0R0C0KCQ0S4C0B040A05
g1_9uAwvkANeBrvkjUXPgLGxvFxgASGLK3s4g7MRRY5nsA	pathagon-rules-v1	7	14	3	60	0M0F0T08090G0H0A0N090O0I0B0H0P0V0I0O0U0W0d0c0W0b0V0a0h0C0a0B0i0Q0b0P0c0I0J0X0e0DSQ0aFs0CIh0N570CHi0QFt0MNH0C5GHyS0CUXUGz
g1_9uE5h93B-c-xp3g46XiAvkBBY1eZZuPUI-bEOF7AQLs	pathagon-rules-v1	7	14	3	59	020W0X03040A0h0f010E06080Z0P00090j070S0J0a0m03050U0V0c0Q3o0e0gPc407t2ELQY40N0G0IDYB_SZ0GS1039m4jaU0RXF0YBvVv09FrNL0C11
g1_9uHWKi6OMRF7q0D4uOLb-_4_amdofVmSzL15OMzXOV4	pathagon-rules-v1	7	14	3	33	0P0Y0i070W0U0k0a0N0J090Z0C080A0F0f0e0H0S010B0D0L0c060I0K05Fv1bVQ5D
g1_9ugxXXVnuRz2XjJzHc6Ps2ydugKRjx6OpdRTO46COt8	pathagon-rules-v1	7	14	3	196	090f020k030F0A080G0d0H040B0X0e0C0I0M010i050g040N0O0a0P0j5H0Q2HQ2YSWVbRaTcGCTYQXWbRZK3wGw0JIva40W380E4f0o2JZC0N241C0jFeB8LfTkGk61YSayBTSLcFBobW0tWvVecAPIbW5pWvCUbs0bbJ0cHIVOSJBba4c536L13u2A2NT-34NyMERZ0pTY1b6M2e0ibJ0QHIAmRb0d36Uh1YYu2KQW0p0M1bIJ2-ZhMm7VY8NBRu0jMs9z4dLI36UQ1bUz2OBK3sMA3pVW2DOKbCC10E03GqTx02R801YY0i3J1m0K2l0MBq0DMRa0GuXXap160C1Y2K6c36521bZu2O0238bY4fBD3wSy38X94fUH3wGIA1MX510J
g1_9uh7o6VH2JuBRmk1HiaQvOaAR0kCMAr9hgId3WTjeDI	pathagon-rules-v1	7	14	3	118	0H00040S0K0J050j0R070Y0O0D0k0B0U0X0e0L090Q060N0Z0E0T0m0lRSMEAmRw0AFv4EOHL91o8w0FGi0aC5CeLu0Q0R0N0J0FEIa303Hv0KDDWF0gHa0C2a0Zbk0l0i0h0kW_0B0AECZQ050j0i0gGp040BTI0jY00Bao0D05ZH01PY0OP0IY0KX70H0UPS0A0LJR0H0mDz0AaG0gMVCQEI7s0bNwUv0FH0Rj0N3_
g1_9ul4kGQnSbbWIegFtWFNj3cM0HDrXhpL1sZYXPhkXdY	pathagon-rules-v1	7	14	3	65	0K0D0M0O0C0N0k070T0L0F0l0d020R0B010Y0U0Z0g0f0600030V040G0e0a0H0c0iQxUjUJV_9tGL0IaI0C4uJNUPHNDeMd05Br0e6b0EbG0BYAVo0lCF0EKQ0hYs0O3o
g1_9uqP4JhpiX3BjfWmEJ0JX0WDHMERc2QfEe0t8dmsTQk	pathagon-rules-v1	7	14	3	66	0D0b0T09010U0f0E0m0S0k06030A0C0l0a0T0Z02070K0e0L0j0X080P0e5N0DBW0GOR0H0c0dN8WXbASR14RfYy38MsEITeby03B2FX67WGGk0l0Y0e0XKXaJH10J0CZy00
g1_9uyUBNpi2KGBCr8TBWOvvGvdg-9liQefNETUYcyVI20	pathagon-rules-v1	7	14	3	154	000F0703080i0E0L0M0a0F0H0S0T0L0Z0A0d090G02010N020G0b0U0c0T0V950A6h07Mb0h8A090V0SBd2P0p00723C0E5W2M1cGu013D8U0L027q0SDl09980dab1sPI0k08GoJualJ68IUN090c3OPP2w02810c4J0W0O2m0d0UIQ0c0q7Q08Gs0eBcYZ0o000i016j0NPX0fQJ0NDP0GCb0NRp0EGz0jXG086M07HIGeBq6SMK5oH4WG6LbcBZ1jAl0h0816095bCc0S1iXo3s4c04BW6-5Z7y0a40LW8e060NGA
g1_9uzMc2gAoV9gnJo-adATul5t2pY336UuF5AKykmD94A	pathagon-rules-v1	7	14	3	25	0M0Z0U0N0G030N0h0g080i0O0S0c0P0H0I09020C0400090W0b
g1_9v1WIe2zfUidZBVzUSaNsViNKScCs-sz-7KJWCMQH8o	pathagon-rules-v1	7	14	3	19	0E0P040X000W070Q0L0B0I0J0K0B0S0I0Z0J0g
g1_9v4rJsMzEXgIzxnBLxYy5iiXcTz124qkWY1-WcHAuhc	pathagon-rules-v1	7	14	3	55	0k080P0B0Y0h0E0U0X0C050N0F0c0L0i020g0f0l0K0I0m0Z0S0H0b0lRE00HMYwK7XoWi7ITP0AMoatBD0zFkKXLT9qOuRdbq0m320fTkUG0C
g1_9v9vKCFQCe6jkt-Zi8JcDcSSY9HsD_I6vmpJFxqh97A	pathagon-rules-v1	7	14	3	59	050R08020F0M0T0L0M0N0Q0P0M01000a0h070E0a0Z07090G0E0S0U0g070b0Q0U0O0i0N0P0V0W0Q0V0c0P0V0d0X0c0j0W0Q0Y0P2G0X2b0hDQ0T0G0a
g1_9vJqCTpruES_Ko1suK9vubI_O4QUBxbRdIwXeuljV1Q	pathagon-rules-v1	7	14	3	144	0H0F080E0O0L0Z0c0j0I060J040P030A0R0h0M0V0d0l0702090D0X000g0kM50sINad0k0MaVH58EU700Ke7EHmJQ0dWe0A3B0RPK0BHb0AE00L6a07bo0ObF0A3s0lDs0fRr0OBf9W3I0L5mWa0NGR0P8A0NFn0cF80aX-0ZPt0HbR0V0lC50O0PLy0NCo0E0iO4071x02Iy0X17038c0eXM0k0JaH0b2d01RH0kQd0YFD0OW60Q6u0kOC0cGA0VTA08BC0F4K0eOG045CC706JRP10K3i
g1_9vTqK6U8VC7UUQExWH9F0ziBwtNpfZCRVj0QUvF_AiI	pathagon-rules-v1	7	14	3	53	0T00060A0Z0b050l0Q0J0M030h0Y02090d0V0F0k0C0E0O0B0c0K0N0IJA0LUa0821C5V9aqZ-8hQJ0JXs0U30025p8II_HVOhGJLL1N0G
g1_9vc7yCyM6D7AUvLT374h1OnhzEowrXl78PWk6J8ao4A	pathagon-rules-v1	7	14	3	31	060k0M0I09010G000K0W020i0T04050d0703080P0F0m020C0D0j0g0E0ZBc0S
g1_9vmdjg_onL4ySZ3zi1PRG2f83mW0eHSXXJaluvdJmIE	pathagon-rules-v1	7	14	3	45	0Q0Y0K0b0l0H040T0d0i0X0F030h020a0S060f0J0B050C0W0M0k0U070c0V0g0RUK4-2wOj0ea7XeJBINEOb3Y30X
g1_9vq9fwSae6ELPr8Rl5udyxCZ2HxTneGT1pxc7ecf2qE	pathagon-rules-v1	7	14	3	51	070L0E0Q0S000L0Z0T0g0a0h0M0F08010F0i0b0U0N0b0G0a09020j0c0V0O0U0c0H0VMc0S6e0O0V07Dy0cOZ0VPL3102ZA2_024Q
g1_9vrDnaT2mmZh5CjsXXs-2SCJN5YjGIh2OVxHJV86tOc	pathagon-rules-v1	7	14	3	44	0F0100070T020N080M030E06070h0U0i0G0g090j080k0L0l0m0f0Y0e8J0XH30RDL0QB905GQ1s0-04IiKh6hQ3
g1_9vsJiLJBcurtvpSW2NOAnyZrHcTkatJxJTNIk0VYdJQ	pathagon-rules-v1	7	14	3	45	0K090O0B0d0R0U0F080H0b030Y0Z060i07050C0R0T0S020j0P0h0G0QRZ0D0I040N0V6v4m5V3P6e010eGyTFCr1Q
g1_9vt9ndl9Mim35WoV4E5LtTXvp5-eVFPkstakTsfSZSA	pathagon-rules-v1	7	14	3	63	050b02060M040j0i0c050301000a010h0T0U0V090U08070A0F0N080U0G0H0O0d0N0c0w0B1Y012V1a013u0r2J1a013u0rJb1Y2K3t0O0o342M6x040o34Ji3u2C
g1_9vyyWnJwFmXUdqVPF9BglgBuT9pkmyZ6adzgFzi-v0E	pathagon-rules-v1	7	14	3	88	0X0G0b0m0l06030M070e0V0f020c090B0D0W0a0S0R0A0N0i0E0d0j0K0U0GP200O79VQD0cZJPP8LGZ0TWa0kVL2o0dBk0L6f0fCm0baO0I9cHK0EMx0MFIQV0B4z9g0BFhHsbt0m0FNG60So0ZKYDe05Zo0eV90PCzYK044rY-0D1P
g1_9w0hqtL8x19ftlkUXSP6CKw4cik4XKX9mkpwD3gFfCA	pathagon-rules-v1	7	14	3	87	0E0c0G0N0S080V0m0Q0i0U0W010X0b0H0h0A0L0D09000B0f0I0a0j06020l2h0kO0020C0dJd0A0OVK0daQVG05JDSj0dbQ0aLV0h5ROcZB0TPz0j920JZCAH01ZRVJG0ai0kWs9pavDXYR0hYsF24X0kby0BbAB00fa30lGp8G0P
g1_9w2KyxHeWx3IFzFamttyFrx1Eu0GuTl1nzd81D_z8Co	pathagon-rules-v1	7	14	3	51	0f0h0j0K010O04020b0J000d0Q0c0B0Z0E030a0M0N0F0g0l0S0L0Z0W4704TJUjS30Z0c2VBUbC9KPs0H09Wg3o7NG-Kx03bm0Y0v
g1_9wHVFYwdMlLEOrv1Vucc-fObw3CNikCGw0ezhcTv194	pathagon-rules-v1	7	14	3	193	0m0L0f0l0e0k0d0D0X0W0Y0d0Q0P0R0K0J0I0C0J0B0605040V0B0W0C050O0H0c0O0A0PGv0j02ZF2J4e5S1e0o0c025N1ebY330pZ_1f5O0d0p6E1YWB2y5P0t1Y4d05360q0k4g05341b0A2N0p358U3r2N1a350q0A2N1Y35LU030o5N2P4e0R0o5N2PLX1a0o340R2K4e0q051a4d5N052K4e0tLX1Y2K36030R040o342M3t040Y5S0t3s04025S1e3s2J4e381b5S2P0o363u040j5S1e3t38035S2P3t38035SAq42G90K05REWiGk0K0Y5aWGcARZbI0lGW5hAqbk5M05WvW2c9BUaz0l0KWB2J4e5S1e0o0e36ba
g1_9wbupbVJkWjJJw1YA-AeJHjE9e3ZC3oo9kDhsDnua18	pathagon-rules-v1	7	14	3	74	0B0H0U0O0W0S060D020h0l0F0K040A050Y0L0G0J09070j0f0C000T0mPI030VEURAXz0Q0GP6Dc2kCQb9020E19Uc2qAF93Bl0gFE0Y6301G7WW0D1vZT0cDg0V9i0dKA0IbI06B7Wy0XUgNL00
g1_9wmuaGv5H1HCYKsXvCt7vom5epl_eixAE6iMQsSXJPw	pathagon-rules-v1	7	14	3	60	0h0g0C08030D0I0k040Z0W060R0Y0P0A0a0N0K0S0b00010E02050e0VY11T9zRDPQXcEq0fH6Wd0jMlTcZ34PBNDJJ7VTBqM3Ng0B5_0jHN0OV-0ALLJF0W
g1_9wt7Jul_LWEGiKT675pVyfFXT4XSpgYfsFoWv2xK_yY	pathagon-rules-v1	7	14	3	48	0D0601020K0B0l0C0I0J0f0T090c0A0Y0i05080Q0R040F0G0W090P0M0h0Q0L0H0YASYA0CbKDo0O7yBD1XHZ0NZ8AIR1bo
g1_9wwgkpV4S11UIPXpc62wueQHYTnHkjuoE2x3qJaKWVc	pathagon-rules-v1	7	14	3	89	04020k0M0A0e0I000P0l0X0C0V0B07090L0H0E0R010U0d0b050h0g0N0WN_BbACXdLw53052FCvP2TJ6dIWYhYFPyWXQiVvY00bN87j01TJ040bGG0OR20eaR0k0cDe0RV_0f2_09JB0aPX0XbJ0mAp0CaI0WUw0k0r0dYnaC0CXF2x0Y
g1_9x5AHFldYXjGI5cQWx4ieMUps3TbU9-zypB2m4Az2E8	pathagon-rules-v1	7	14	3	53	0S0C080A060X0U0B090N0e0Y0c040W0J0R0a0P0i0k0T0L020b010D0I6yYy0Q0700NI050mTcAi5y9G0O060h5S0E0CTzau07AU0Z0Q5x
g1_9x6zsife65zvtCuLLjvflJbbiKkT8vdTs1L73aFzu9M	pathagon-rules-v1	7	14	3	91	0h0U050e0T0N0j0g0b03080F0m0S0X020L04070i0W010P0c0Y0E0G0I094W0dCO0T1j0V0R010JDEMN0ZYG4r0G0cEfK6XPNI0fc609B8051cIb0MN-GQ0mQx0EQK0HUp5Z0T3N0d7j0aAR09DT0Xbn0bN-0kWETR0m770lOWVbSp8u0S06LL
g1_9xDOoaA5VfjtkuMI02vw9aZ4zb5yfUuvB2tMhGEd6Ug	pathagon-rules-v1	7	14	3	59	080B01070d0e0D0E0U0A040R090P0f0O0J0Q0Z0l020F0L0S0G050L0c030KOJ0kH80US_Gn3lBb46560B0e2o0K0LLS6xNqG10THT0LWY0U0fCl9o0e21
g1_9xFAbm2iyElSoX-9cs1yOkeBA2At9c9L0BdCPaMxm14	pathagon-rules-v1	7	14	3	60	0C090L0m0i030S0Y040I0E020U0f0j0X0h0l0D0a0P0J0K0G0H0M000gAN3C3uWLZySREFc83SQeNP7AGDR70C070D0bMGTQ0jUxa90fAE0m1Mbi0mDBE908
g1_9xFNMPBARXxnjv5DQbwS5GkhnxkC81COARULGSduGoA	pathagon-rules-v1	7	14	3	33	050X0S0P070L080W0C000Q0U0N0E0I0m0J060b0M0O0H0P0V0U0T0O0a0g0B0U0F0i
g1_9xFcJfNTEseHxNqwuUsJp7oT79Z9OYbqa0F-7YxB7W4	pathagon-rules-v1	7	14	3	73	0k0C0g0f0U080l0P0J0Z0a0i0e0I0W0X0G0F0d0m0E0H0201000c040h0-0RFk09V700O3AIBfUO4D0d050MKvEsaEM2XCFk990B2K0dCz03Sxc60m1NEK0eDY04Zt0R5J0gGX0Ab40cZK8q0R
g1_9xN7vBzKNeiID0oEL2wyxHPgnMDO5U5LXkeoUX5Clk8	pathagon-rules-v1	7	14	3	89	0G09020F0E090N07000F080107080M0L0S0T0U0L0M0T0H0M0A030O020V040B0I0P0B0W0A0d0c0b0a1K0cMtHIRv00C20MXN0E0T0uGsBqMR0a0F070b0E0c0SSEMm1D0TXUHWMY0S0MWx0LMIGy0-Hx0M0D68DK0CPz7J0IBoE-0IEC
g1_9xQ2SggaXD4h0bCqvhe4RINyBfMcoc67g9YOFTI3wTc	pathagon-rules-v1	7	14	3	32	0203090A0G0H08010F020N0M0O0P0I0B0H0I04050C040J0Q0I00070E0L070M06
g1_9xbxPH7p_tv5NEVbWCh4IsAxzWCKMU9IMjZX8v_4P2w	pathagon-rules-v1	7	14	3	31	0G070d0C0k0S0B00090X030f0J0E0Q060N0I0D0b0U0R020V0O0Y0m05BE0D3T
g1_9xfuHq5iV0z6fLCz7_0dZDeVXdC310sKuCUIEAN8nPM	pathagon-rules-v1	7	14	3	42	0d0b0A020f0R040a0I000c0k0N0l0B0J0M0S050V0e0h030O0C0G0j0EA4DX0CaPEu0F58SpInFSIN2q0E1E
g1_9xiLRokhABd1VzBOdVs_t2O8JV5b4uBmtChg3R7IhYI	pathagon-rules-v1	7	14	3	56	0I0L0e0h0Z0k0X0c060J0O040E0B0F0g0V0T0S0M0K0A0i0Y0f0L050aCm0UVq03GU0b4o3KYYY0MyU40caIU3TsSIGo5_NQOq0608ZJBoMUJhAz
g1_9xnh6U1Dk7VrufytJNZSTkXdb_BrJVWiD_FmwqCDll0	pathagon-rules-v1	7	14	3	67	0a000d0U0g0C0m0Q0N03010406050Z0R0P0b0f0l0J0Y0c0I0b0k090HWN0U5d0F0KCe0i9_0610AuEuS3M7YaJROm515qaB01Ci0V3a0TMD03E_0V100ZKx0BR50Jaz0O050H
g1_9xqFNR0OZ74tNmuooGNCoBjEyi_hi3qHs1mt9BCXLng	pathagon-rules-v1	7	14	3	23	0U0J0N0M0G0O0F0N0T080M0L0b0M0i060F070M09010G08
g1_9xrqziN-04N7m3ijMXsGRLjFs1iNzR0KeNUvQATvyBc	pathagon-rules-v1	7	14	3	66	0I0i0D0K0V020W04070N000e0U0M050b0k0C080P0S0B0Z0Y0O0X0g0a019v0Q0J0c4G6OVY04Q80dMB0hSk07Id7QFhXzCQUh0m6i0hQN0DU90JSSR14rFa05Yi6IIZ0b5X
g1_9xxsB8KjAJZ_iaw07W8QkaZpqZ1fY1Bt2VZD2XbjX8A	pathagon-rules-v1	7	14	3	60	0f0O0R0j0Q0W0d0a0J0K0Z0B0c0h0A0g060k0S0D0m0I0G080J0E040l0XBu059OWdJW5UF20EZEFbXr0L7CH17oBX1FMu0b4D0aNNIg0M7Ib-0fKxah0mAe
g1_9y1DwCCWky3-AeSOscXN77sK7A_ZjhBh8gXeNi30T9o	pathagon-rules-v1	7	14	3	54	0I0P0B040W0E0P0F080H0G090A0H0O0V0H03070G09020109000N0M0L0F0N0G0M0U0T180V000U1D000501070C6E070D080CBk5b060F05
g1_9yAZdW84jQ0TE4Q9FdfeSDEbJNhGm5M-AcLdIqta8e4	pathagon-rules-v1	7	14	3	25	070I0a0M0Y0C0T0R0J0K0P0G0i0f0Z0H0g0L0S0J0E060L0Q00
g1_9ySOkzQ1J8MrCXirwNHqq6yVL4JUL3Vb_fLOuWAZMZM	pathagon-rules-v1	7	14	3	67	0c0G0H0Q0I0L0W0d040R0V0X0b0A0D0P0O0K0M0a050W0N0l0U0j0f020T2lWP0JNkbUUY97P30TBOPrIaK54aM4RoNEX2W30THF0NX80IGBcC0CbQMmY80LXUHWMuZ1SGXUJ9
g1_9yd1MHlz5chg_qxVBVl11aTkVT7T0I0iOCTfJZZt9zM	pathagon-rules-v1	7	14	3	29	0k0L0P0E0C0F0S0M0f0g0d0R0l0O0a0V0B0H0I0X0A050h0U0J090W0e8V
g1_9ydUVab6DzX_L_aejoRfeQaAO7uUVH9VkJSK-2N6pXo	pathagon-rules-v1	7	14	3	107	0k010M0f0e0E0I0N0G0D0F0K0V0W0S0h0Q0L040R0l050d0J0600020j0307DbBe3dGJCRLhW3PMV91Cay0HL3Iz33MB0T2A4JH901Vh0P0d1q6V0i0UNa03JD0GXF0kMr0bS60RSr0f0O3N0Y01QK0fJj0J0S0bYw0I9jDS0dZeVx0Dbi0g5o0IUk0GOj0QNhXd0h820UI_0VbO0fEy0m
g1_9ymqNEA2y5TRJ0YXqUPIhieW6u9ygNp_mEe-KD3SsDA	pathagon-rules-v1	7	14	3	52	0B0I0b0O0R0j0D0P0S0W0X0d0A0m0T0Y00020k030c070H0h0C0U0E040g060G3dLdbqX3Y6B50M0V0L0e03VnSBafL71L2qBa4C0m3S
g1_9yn4C7v_Y8cYBS6ioB61lpfz-ju4QA-KmD-9W4DxJTo	pathagon-rules-v1	7	14	3	75	0G0N090A0H0O020H03080F09010G080M0B0I040P0J0C050B0C0Q00070E08070F0L060D5h06L60JGd0KM567QvBG0D0R60bd0C4pWF60A3BU4pWF5Z3x044p3w5R9I3j4f3w0QAo0B4f5S3x9G3H
g1_9yrSCiF4TGHvNhNrFsYm43HAIxDMOc0tupwUVc_cqO4	pathagon-rules-v1	7	14	3	64	0A0P0E0K0T0i0H0g0W050Q090U000m0l0R040f0e020Z0b0h0c0j0d0OPO01Ku0S6s0L8_Y2Uh5HMB7s2RJSSNMS0dX0DvS4bC0H2Z0R3J09Ug0dbsUnWIZH0N9_MV06
g1_9yrXGuvc2rF3PtTqV8T14pMGeqCYN7ltPzQc0fX-dGs	pathagon-rules-v1	7	14	3	196	040S030B0A0H0I0G0B090201080F0908050C0J000C070E0L0M0E0N0T0G0M0H0O0P0N0Q0U4i05424g5S06385Q061a5O0t4c2O025R0t4c1d352M024g0s5N1e352M024gAp5aA34951BG040R5SLY42GW4w60AqLfGWR75vWGM5B9R0GdWUM5B9R0Gd5hLYB903GI5hLYFlBGGI5h0JQv04GI495o0CBG1XWUFzLfby0JWiBNMC0RRSL-by00WiGkMC04RS1Jby00Wi1QMC05004icA4GR704WN5SGB49Aw4p5SGB38An4p5S0J3AAo4f2O5P3x384f051a3s3803051a0o34032K360q006A0u00080u5NC277080u0FBV086M07
g1_9yuq7IkEFfsYYOo3tVjGLLqVUo3Nb_NFeQTwY3YQUVg	pathagon-rules-v1	7	14	3	63	0E0H0S0a0F0m0l0j030Z0W0D090b0N0V050J060c0X040R080T0B0d0U5PbXUf0fbSFa0QWKLkTR0CRxFD477mJ02BO85VZz5D0mAP053l0jLP0RWVPD0b0kQcay2K
g1_9z-ZrfWNEvHvku1JK68aQvfevuQzmQfMRV7vGtBycbc	pathagon-rules-v1	7	14	3	76	00080704010a0209030A0B0j050C040B0F0G080H0I0J0B0I0E0l0D060C0K0L0D0M0N1A0O5005KL0I6X0kKzGdLmB9AARZGdM5B95hR006LmWbBG0fGWWUR00TLmbyBG0UGW5hR006LmZQ0Jax4O86
g1_9z0ImwyyNZ6NKpTstfqxogm_ayr-mocuwYoBprZd1RA	pathagon-rules-v1	7	14	3	48	0T0G000j0F0e0i0B0Y080M0f0J0D090k0c0U010P0g0b0N0a0Z0d0E0S0A0I060WRGZ-FOWmX0OSYo0G8r9x89aRL6AwN5DU
g1_9zABht_lb6MXlJ-Iq-gwaODvpv5PnLZ-I2yBarzSCIE	pathagon-rules-v1	7	14	3	140	0D0Y0H0Q0A0e0F070V09010c0O0d0j0G0k080Z0c0N0P0L0W0X0J0m0W0E05Oo00Ii0XAqDmaI1VEDPrSF4tC80UZJUP5aNr4c6A1b5O0t2JAm1c35030W0A2Z0P0H0_H1805iBs0W0THK0P0NKVYIV70O0UUU0P2AJxV83hCL4K0P0WM20QGa0d0CRPKd0i0P98c70hWn0FVv2AV30d0QCsLhHmD9NE0A0N4lYV0iDA792RCc0TDO780G80DZ0G0XDOR3CP0FXyCO0FYcOO7NV4
g1_9zYUumhWEGmMoKKUonFAkV9jB955MQSb6heDdEMuc2E	pathagon-rules-v1	7	14	3	38	0g04060V0O0S0R070F0Z010e0K0D0G020N0a0i0j030h0B090i0f050J0X0L5j0C4k0dIsAYJR0c
g1_9znOn5i5y7FIW1Q5nBY0LORI_GT2SlfI9HyonS9ZuW4	pathagon-rules-v1	7	14	3	89	0O0X0M030j0m0i0e000H0Z0g0C010L020b070f0R0I0F0D0U060G0804180T660QRuNX7N1r0h2RNrLrGJDSYJ0G9-DDZ5XAam0hVW7R0VS10cR9JP0ZH5Fi084JUE0iO-YB0YYx7D0f5t0hCY0JDQ09E-0HTR0gRB0aLoXS0QFqBK0621
g1_9zxOSqJ6MFtweHpiZNwZhWyYYCadUQuMhUSuuK1IlNQ	pathagon-rules-v1	7	14	3	31	0m0f0e0l0X0Y0k0d0l0e0W0R0d0Q0P0X0I0J0K0D0J0K0C0B060C050J04030B
