# g1-key	rules	size	reserve	repetition	plies	2-char-actions
g1_K-3wBr2eGpl867sNMGaW7i3AUyFLE4qjNvfsJ7rzjEQ	pathagon-rules-v1	7	14	3	37	0L0G040S0k0d0Y0E0e0V0a0Z0R0L0M0j010F0W080d070C0T0X0l000c0k0h0KSD0AMV0J6P0s
g1_K-UMObFeN1Usu11HiMDh6tuyreBuwGK4sTwm0dD3f6g	pathagon-rules-v1	7	14	3	15	020G0E070009070F0L080g0S0Z010S
g1_K-pALdjYiA1LizCALRMKZ3vm6Q3tsylF2TUYatmVQJA	pathagon-rules-v1	7	14	3	67	0b0H0U0V0R06000m0h0A0J0X0T0e0K050f0a0l0Q0c0Y0W0f0V0I010D0g0dGRSiLrRB0K4x0iJObI0SGWUy0XDxXqIfLl0MXBVpFlHD0O5U0P0GLa6RQD0XR5FW0JQD0s031k
g1_K-szpjB81jEQOLYc3ryKP8QysEUlSbchsRB_APPlfys	pathagon-rules-v1	7	14	3	85	0U0I0l0Z0W0R010S0O0f0E0K0d0002080V0g0a0k050h060A070F0M0L5vFGJkYD1xG6CF0e4p8pOh1eI1MZPjaH6BLpMRX4R30fb70FVA0R9W0fDT07Sg0hcD0mGl0lBE0CX60KR40GBi0kPi09B60A2bay0hVaYX05H1Ai3e
g1_K-tmMOZqhDWGHBAayXAnc9zmSflT6IKVak6XrD45Vbc	pathagon-rules-v1	7	14	3	57	030k0G0H0D0C0a0X0L0Q0O0A070i0f010U0W0E0h0d050V09000e0P0gJk0ZSrXFTCEFCCVzH9RrVDGeKS0RD50M3CNV5c8PPeAL0mLH0K0g0RSw0t
g1_K-tyylETCBgZ-8rQdbEYkRbManN1K46-SjHpe2_HwMM	pathagon-rules-v1	7	14	3	45	0W0I0T03010a0A0b070f0X0Q08000g0G0K060V0m0O0c0L0E0N0j0l0h0dWTGkbmX7L4H1Zs041F0H5o7J0d2I0LAV
g1_K-uAWcOerO2U-eNn4eVfZ2w_G14OUanosKpql9HB8Ck	pathagon-rules-v1	7	14	3	21	0f090Y0A0B080m0C0R0B020K0D010G0F090H0K0G06
g1_K-ueQyazRneSuS2u-n2HfUbAu1zFjIUucx1RcyEbgtA	pathagon-rules-v1	7	14	3	26	0B0R090b0Y0G010T030A0j0P0L0O0Z0W0m0d050U0F0S0E0Q060N
g1_K-wVK2RSP1GWQKgRWip8CoNSPmsJtrz9KRApw_G6wmI	pathagon-rules-v1	7	14	3	56	030a0P0g0E0D0B0A0O0m0b0e090L0A080W0J0j0I0K0l000G020S0U0iJg0R0VFA8CLv8-05NrbKKLMx040CTr0cBeAcb40l640Q1NWl00XXPB0M
g1_K-xTXx2fiQAAwosugLSwJ0Tlm9w8OKuqoJnmyCAuNeM	pathagon-rules-v1	7	14	3	52	0L0Y000B0c0g090F0C0Q0R0Z0f0d05080T0P0X0K0k0a040l0U0W0V03180HAb0mGu0hWY0SU10IIjc7P7XH0N0m8XGC2c0j0iYQ7-6j
g1_K06VgBLI_advEGz1tVOVCM4A_1wicVkQJ6GoRFo2aS4	pathagon-rules-v1	7	14	3	39	0i060I0V0Z0R0a0E0Q000S0U040Y010f0A090X0N0k0d0e0F0P0l0W0GYa0CEeCc1r0iSYD2SBCA41
g1_K0CK7JnOhQPOnzT8ywzgZip711hz_5coACvBwHCtKcY	pathagon-rules-v1	7	14	3	92	0W0j0k0l0a0g0h0Z070k0X0d0e0M0i0T0b0c0U0V0S0m0U00040T0V0f0R030D0e0Y0tAp3H495ZLY0R0DL-GWWU0fREWicA0mL-by0mB2bkMCWb0fB25aLY0R0DL-GWWU0fbyWwRSbI0l0f6TX9MtS00eC2XGMtY80h0TWsM5by0mB2bkMC0R0l
g1_K0DsNlnHaOhBl8tYJM9kG_iwkpCv1PWXL0uMid9pYWs	pathagon-rules-v1	7	14	3	82	01070R000P0i0K0W090h0A0Y0C0f080U040S0j0d0F0G030a0V0N0J0L8PH1JySxZKPV0bUwFjZ0ATO2KUBi7fWM3CI_Lp6q8a0XTp0k0EG15_RS0gF80e1C0GWZ0c0WXYYA0FKP0KMnGU0hbx0IV9LqIfYd0N0W0d8q
g1_K0SwZA87HOvyFjQINCz5a8ZWfTlZCdIm2flueO3gBdM	pathagon-rules-v1	7	14	3	75	010f0a0L0S0D0O0h040G0U050b0d0M0V070P0e0C0E0Z020W08030X0j0c0IBs0K7O0T0Q08VV0JIH006sY7QoWRP1ZrL4BD090Q0GGF0EKqDC04aE0WK70KMT0QBe0UIm0LUM0j9uFq0MEHH-0I20
g1_K0_ZI7dG01mNgbnu9STEgq6obE9v8ydt7nS7WoOwxSk	pathagon-rules-v1	7	14	3	66	0S010R0m0J0Q0A0W080B0G0P0H030F0K0d0k0f0d0X0i0T0V020e0L0Z0Y057cYZEN3eMZaDZQ0gN7KeTZOd8tW6AZUoH-5eUcRi0e8n0BZW0c780dW_0iEc09PJ0PBb7t00
g1_K0c2kXCOGF6e_U8cHc7s7zgWX1Wy0A2aFY7O03dFU0I	pathagon-rules-v1	7	14	3	41	0f030V010d0e0I040R0A0P0c0X0M090F020W0B0d0K080O0U0h070V0Y0W0E0Q0A0N39J70JKk4b04RSM4
g1_K0j2l5T8J3itPphNNQcGSu2yDcbzyNrx8r5yru9aeRQ	pathagon-rules-v1	7	14	3	55	0J070W0Y0P060g050b0B0d0i0S0E0R0l0f0O0F0I040U0c0M0Z0N0C0H0D01Co1nA-6dMAEm0LIB4WBZRd9QYK40FLauVh0K1iCP0ZSV040b3F
g1_K0xui8_c_jvw3TEv8iUseLY5h9-HgIfJ6WyRSAYfQAs	pathagon-rules-v1	7	14	3	63	0Q090O0i0N0d0W0j0B070m0G0e0A0L06030E0K0U080I0h0H0J04010S0b5z0P800500W704bdEu2HZ5356f5I0daEDS1bMQ0VHQ0j0SFn0m3o0YLF0JOq0fJV0L5O
g1_K11PkD6hXimS4OgiQ62iUj4eJpM_osXCnZ4BwBpAUQM	pathagon-rules-v1	7	14	3	66	0Y0J0N0U080j0O0D0A0a0X0B0e0Z030l090f0h0E0R0c040W0G0K0i0mIa0F7hCMQiB8Q-BrDFZbZAWF0YPT4Zaz27SPLSRrTOFj0XUCZk0cBuO70fEB3N0RPhJzX4AE0ZAu
g1_K1Iy76EcZFWEF9Dv2mXObZ7WCAk_Dohqh9knrgEiTf0	pathagon-rules-v1	7	14	3	13	000H0E0O0L0I070N0S0Y0Z0F0g
g1_K1L6OycF08Bsf3xusH18zYUO524Z9CDX-dRGuYA6HUc	pathagon-rules-v1	7	14	3	50	0X0Y0Q0R0e0W0P0I0X0P0J0K0Q0J0C0D0J0B0V0C0W070d090f0c0O0H0P080A0G0H0N0I0U0b0FQ60XJq0B0OIR3w0AEl3M0N0J
g1_K1NCHXDtxaekj3T1vTBz1fsUV-CTFDQ36RRIhdGKXYo	pathagon-rules-v1	7	14	3	40	0Z0T0e0D0j0K08070E0m0i0A0g03090U0b0C0H050h0l0B020Y0O0L0dYQ04XI0G0W0U0PGkafbg0hD9
g1_K1bj_leTSXT4hXjU4lr5s0PQU2HqyQliBOXJSo7mGSE	pathagon-rules-v1	7	14	3	25	0Q040U0c050B0V0N0b0O0C0V0J0I0P0W0X0P0d0H0c0G0e0A0i
g1_K1glDyO5ehCC3GL505uRawp0lctWymG8a2LMNYs5-OA	pathagon-rules-v1	7	14	3	71	0D0g0f0a0M0Z0X0F0B0C0h0G020l0b040R0E0A0V0W0m0O0S070k010003Sy39b-0NBn0c034yN68YDbWOA2QoXO0UUxO8aAB4CkYQ0KLb0VTLRq0H0NHtFr0iNU0dF5JY0OUNOw0V0R1w
g1_K1m_NYTPYgw6UbFMjiKzCkAVhwnKxnscqJijfdlBelI	pathagon-rules-v1	7	14	3	42	0T0G0R0j0S0h0C03010U0M0Z0O0H0b070V0m0U050J0I0l0c0g0X0Q02Hx04G209AcbwTE6MWX3J24TzNY2U
g1_K1oC91Ql2PY-L0PNlTqXboDwA1XRQ-cdQhZ3XeV1ykw	pathagon-rules-v1	7	14	3	15	0m0f0d0Y0W0P0I0B0P0A040H0B0O0k
g1_K1tJ38DZe0SCtDGx7QlK0Yzu9bgIXH7xplla9Gv6wRU	pathagon-rules-v1	7	14	3	44	0Q0L040f0d050B0Z0M0H0k0b0g0G0301070R020W0h080j0J0X0F0I0U4RLeW_TCUFPR0EWqC7OAKq0W3Y1jJCFY
g1_K26JhY7RXsQzO0YkjT_Pg60EKniiQB0FCIzfa2sZ73s	pathagon-rules-v1	7	14	3	73	010T0K030N0M0e08050a0b0G0J0U0Z0f0Y0a0F0X0i070R080Q0F0X0O0L0N090c0d0bQ2OV1-Iv5LcFKs3nZ8CU12DX0IJrYMZvbTak0QWwZybTXgcBalYQbRXgcBalYQbRXg7XaecFbWZz7k
g1_K2CpnfX6eQPP1ySTvAwgdMGAXho6q5DNQ_iZg_L0qqw	pathagon-rules-v1	7	14	3	62	0B0C0D040C05060A030209030A0H0G0A0I0J0H0C0K0B0J01080F000807090E0P0F0I0O0N0Q0G0O0H0P1z010M084A040S5S06415R4i39An0D02B20CLf0J4o
g1_K2EODHvldTW0DeZHXGB13E_TL5G3504DvHFbD8ke5Rc	pathagon-rules-v1	7	14	3	196	0J0K0I0H0P0Q0O0R0N0G0M0F0T0U0V0N0U0W0X0Y0Q0W0D0X0C0B0A090H0B080A0F060G0D0N0CCL0FEd0C4f0I0A0J0P0Q0905365O034c2O1a350q3r2N1a350q084g1d3A033w385Q062N5O366v3u1c2K0p08031e2K4c365Q1d0o0F344i1d3s02080o5N2M6x040o4c2P36030o5N2P36030o3r2N36030o342M3t050o342M4e080o342M9E0B015R0s3A0I051b3s2J4e380P0s2M3t1c0B5S2P3sAk365Q1c014f0s3x1c2W4e053s4c2M5P040o342M3t040o3r2P020D0o5N2N6x08013w0t382M4e053r0F2K4e0q04
g1_K2QQFm-3BIlfumaScyjk24CW4qYuPOQKWnFzXjN9vaY	pathagon-rules-v1	7	14	3	29	0G0S0l0d0a0T0Z090e0k0c0b0d0U0N0M0F080V0F0W0X0O0H0A0G0H0N03
g1_K2RVMYc3w023qUre2lidG12QkJPSDwGSCWsWpfscsi0	pathagon-rules-v1	7	14	3	51	0m0P06090L0e0d0Z0H0G0W0f0S0D0k0g0K070N0b0J0i0F0a020O0Q0GGd03V60hPi0BKzSHNtTK0Q8Bab6e2d9pMOSX7FP_J1VZ0D
g1_K2_j6RmgXsQBwEds4phpE-mfcrHCSByU1U3t8PLYqgI	pathagon-rules-v1	7	14	3	47	0Q0S080W0U0Z0V0J0i0g0m0k0M0N0b020j0B0c0a01090G070L0D0h0e0E000O9Z0FXFIG2i0HVTZ50tH60dWXMY0AafCJ
g1_K2fd5zZNL8Aq8L4yEx0hPRLmhwlIBmSMtZAzli2iyoE	pathagon-rules-v1	7	14	3	108	0F0G0P0M0X0Q0b0U0H0g0G0E0V0J0I0j0O0W0N0V0K0U0L020k0i0M05060B0J0CHS0l0V0dJa0W0T0Q0O0Y0V0aM70LKY0J5u0P0UXNYMHPGmC3V-b5XDMt0W0hQRHIPL030m38ba2PTQ0b3V0JGI5h0B060C5aA3GW9W0Q5a0JGB4wAp425RGB4w0B4URZGdLmWb0fQt0eL-GW0LBL0W5z
g1_K2feC_8VcxFon3Gv1LAosvZWjoh23yvmpbOk82si_Bw	pathagon-rules-v1	7	14	3	66	0K0Q060G0D0b040C000X0c0L0k03070d0V0A0h0l0g0N0J0R0O0e0i0208IfaE30YxEWCm3c1T0NXlaO0hZt029-Gp8RZD0aFn0W7TL3O00J6WWe0KUw0cKPB40bJWE_0l1E
g1_K2h6cNfyhbxgSZFpfgugAQhE1lrvqIfraLhFIQXYfh8	pathagon-rules-v1	7	14	3	58	0Y050B0f0G080l0b0U0D060i040E0P0W02010T0j0L0Z0X0I0m050M0S030c0f0gQjBcO30VDR6NY50U0E79bkPO3RP0K20hBV0RHm0X4T0P0HTWQt0V
g1_K2lelovEwW9e-ys4-lV_5LBJsg-cSFZf4-17QbOnsRQ	pathagon-rules-v1	7	14	3	35	0h0100070E0A070b0a0M0L0Z0c0a0T0S0G0a0V0T0j0F0N0d0M0c0O0W0X0i0W0e0k08De
g1_K2vvkDC8lifPrjNYbaaep3z4I-wV6pJtv4C8XFerlWA	pathagon-rules-v1	7	14	3	52	02030A0901080H0G0F0M0G08090F0N0O000N070E080L040B030I0P050C0J0B0C0I0Q060P5S060-000C071s010J08B90DGdBNLm5o
g1_K36WF9he1JIoOi6aBOZ4XJVL8IT27LGvOVWcVQsMS2c	pathagon-rules-v1	7	14	3	18	0D060N0K0J0I0W0G0V0U0C0E0g0F0D0H0O0J
g1_K37zHtDbaxRQApIobAXCXSfb4sshjkLrXj3MkRNoiPs	pathagon-rules-v1	7	14	3	57	06070e0m0B0R0Q0F0a0U020E0W090h0c0d080k0J0T0K0G0f0H030j010O0lLLWjSdOG05FKNBSG5rQg02CcXm0h4rIGFAViaU09BK7d0a870jYW0A
g1_K3DTsN41CL5o3gmGX0g5p6cDm7H7SrIv2ImME92nhkU	pathagon-rules-v1	7	14	3	62	0d0500080j0L0D0S0T0V040m0W0O0e0J0P0Y0k0i0N020R0F070M0X0bQj030Q0a043EBB0K09030RGf0U0BKzHt0QTFF69j0D4w05QDOA0QPw0KKS3k0iKzBT2X
g1_K3Fq-SOq7vqhYt5k72l2snYhNOx7vSTgJYbtfcy1cNw	pathagon-rules-v1	7	14	3	24	0b020Q0507000c0E0e010C0J0I0H0N0X0M0l0S030A040k06
g1_K3PtJsQ94DAuqFetbJ6Zczn5t9ZR3wmM0kyn6WR7Bps	pathagon-rules-v1	7	14	3	180	0j0c0V0O0c0H0G0N090A0U0b0i0N0b0B0I0P0H0I030O0A0W0X0Q0W0d0e0W0J0C8n0L0I0A0Q0HUD0c070V680d360801090F0G0vGz007u096T0FBc0_Gs1u6T071DFgDU0G0U68GzBqMR1D68GzBq080_68GzTA0H2M6J0bBc0_E70M6MMKGs018T0A0o342M3t0H013P0I0M0uBV1mHI6T0uBVMRHI6T0uBV2X0J6T0uBVNCF00IHC6T07C20MHI0HRv0AMR6aGz16BVMR6aGz16BVMR69Gz0pBV1b692N0p391b3x2N4e395Q3x2N4e399m0B2sYg0b4wTIAp5a3x0b4p0M99I20AFk
g1_K3QZjYtIZxVi6zBnW2HuJWa0UExcDqNv8CEsVby_6hA	pathagon-rules-v1	7	14	3	196	0W0P0X0Q0J0I0Q0d0e0W0O0H0P0V0B0f0I0O0e0c0C0A0Y0R0K0Y0D0X0m0l0k0e0l0j0605040305ZG5k06Kx0QIX0HDP3K0A038i3R4y054404Hg2K9E3r381b0B4d0A0p8R1c9D2O0p341b3s2N0p341b012N1a350q3r2N1a350q0B2N1a35CG032K360q0A1a5O34032K360q061a0A353r2M041a0o9C0B2K3t38030B2N0p341b3s2N0p341b0A2K0p348U1c2K0p0A3r042K3t0q041aa034032K360q0k4e04343u2N9E1d353u2N4e0B0o3r2OAm040o5N2P4e050o5N2P0D3w0p388U1Y2K3t040o342M0A1a0o34032K
g1_K3RRNujX43pp79XNikH0vcm7fy9z5uum9d_ghdRJVWc	pathagon-rules-v1	7	14	3	58	0l0m07090c020A0U0h0B0P0b0X050R0C0O0J0E0Z0L0f0K0V0A0d0j000aU_0T7oG6OoXmWa2BT90YSBWr9rHaG0LW3JSxZ7bF0KQJKk0ibbU001R306
g1_K3SvK6_aQoH0EgSUWfxRbbuFIYuktd1JpLhIaDk967Y	pathagon-rules-v1	7	14	3	51	0O070A0H0G080I0N0M0902030H0B040c0F090B0N0P0G010W080E0V0F0d0U0b0X7M0W1g0SUt01Hd0Y7W0MCz0cUt0d170W2n03Cy
g1_K3YgWwsE4GANbX_YY7j2w8AWQWFQibfJSYueD_FAwAg	pathagon-rules-v1	7	14	3	196	090a080b0A0B0I0H0G0F0H0c0P0O0N0M0O0d0W0V0U0T0V0Z0C0J0B0QJ20N0S0UXU0LMt0SRo0ZX20FBVH46TMK1DBVH40L0F0_0S68MKBx77HW6TMKBxRoHP6TMKBx08HP6TMR70080SX90F0uGsBq0E0S0u0XBVH46TMK1DBVH46T071DBVFL6A030o342MRc040o342M3t040o342MGu050o030J382M4e05031Y2K4e0e0o342M3t040o342M3t050o382M4e08031Y2K6x0C0o342M3t040o342M3t050o342M7i040o342M02040o342M4e0503090C7h1KMD2z1aRb0G360q0F041Y352M3t0r1Y352M020r2P4e1d355Q0G
g1_K3zNWpfJRp_tVybEDLDGPSv7B2Igt2Stz9Ri3idelvk	pathagon-rules-v1	7	14	3	35	0X0Q0P0W0J0I0Q0P0d0e0C0B0R0K0Y0J0f0D0e0C0H0A0O0V0P0c0W06050403050A0m0l
g1_K4Ars0pcB3NDN5al1rOU3pMyhKkU-0zokoSK4mcGW8E	pathagon-rules-v1	7	14	3	65	0j0k0F0l0d0K00080b0T0D0O030B0S040J0R0G0Y0W0i0A0X0j0Q0H0g0mX0Mu0M0PGH0e7EAqJB09aR5VH_072KVVHS6X5K89025z0397b80N1u0PN80N0JbvaKK9QM0o
g1_K4FjGaNveqMKVsUouag06ZUFGL2E97qdX-JkRZAKB0g	pathagon-rules-v1	7	14	3	36	0V060J020g0f0I0j0c0Z0G0H08050C0B0X0D090k0O0C0K0Y0h0A0R0N0F5iDN0G0bZb0U2f
g1_K4a3dZsIxeZLs5o1B__djbfL8lZIfJox1gidO4xlacg	pathagon-rules-v1	7	14	3	196	0Y0R0Q0X0W0P0X0Q0I0J0P0K0H0O0V0P0O0A0B0C0D0B0G0I0N090U0f0e0Y0d0c0b060c0D055R06WD5P06095S2P3t7k095S2P3t004d0s2N361b093s0A360f1b042K5P063u1c0A5S2P3t38030533WvW2RR0AbIc2MC0RRSL-by09Wi3j03QoRYWu02cG67aeL-0RcAbWQvL-0RcA67QvBG0DcA67Qv0XWNc3600eL-Q8WbW2RZ5vLYWbcARZ5v0XWbbdBNQFRZ5vWG0XbkRS5vQoAqWNRSc3MCB9WNRSc30XGWWURSQa0XGWWURS5v0eGWWUAqJM5FGr660OWucEbS0KaiBSZC0eZyGobS05ai5KZC0iZy0ebTZCalW7ZwbTcG
g1_K4ccSxxZHIfT3gsfg7YxvoYo3bIFFNecJ04kBEvYX4M	pathagon-rules-v1	7	14	3	132	04030B0A0j020f0l0L0e0h0P010a0k0m0I0U0T0b0N0i060S0a050T040H090XKK0MVn0JNl0P0U0HMgWBY-I3590M1R1dLN0a0h5qay0O3x4pbr0B5aFPA39GAw4n5S0GA1a54pZJGH0V0B5rTC0WApMQ5hGy51BG0J60MCREGd0QcAMCRYT30acGZDaiWu0icGZ-ai0k0icGZ-aiXf0bcG0jalZybTTrcBalSIbJXgcBalSIZnXeZ7ahYQZv0jZ1SG0b4W
g1_K4o1vgHj0Bkyx4JZjdUnclZVTSp36yt-jodDoLqCj9k	pathagon-rules-v1	7	14	3	40	0D03000B0A08090402010C020B0506070I0H0J0A0K090G0F0H0E0M0N0O0G0N0P0Q0R0P0L1D1Y5O2P
g1_K4oDqB7nBbvdNViRD7I9upXOTtxK-AKtiBQTWLHFb0I	pathagon-rules-v1	7	14	3	62	02010908030A0F090G0H090B040I0E07000C010J080507060D0K0M0D0N0O0P0L1900KK0P1z01LD60LY0R05Wi60LY51052j02Wi60LY0R05Wi60LY51053T5Q
g1_K4vRtbY5JzV0ZgSqjn-A6IffBaF-5Ewox9QtI-fIEtE	pathagon-rules-v1	7	14	3	115	010k0G0b02090N0H0A0O03080F0M080N090U0V0T0a0c0d0V0W0P0I0B0H0P040I0j074a041Y012O020r1Y352M3t0r1Y352M024g1d0o0k344e8f0A030H4T8T0rZ_0A2K360q0k1Y0A353t0q0X1a0A356v2M081a0o340A2K6x0q0Q1a0A9C7h2N8T0s1r352J3tD51b0G2K0p34D51b0G0o0B36CK1YPT
g1_K4wHgU8n5MFr-yq7fDZ07o-lyU_2Twp7ETat_XmeKTI	pathagon-rules-v1	7	14	3	40	0H0I0G0g0l0P0O0B0C0b0m0T010e0S0U0N0X0A0M0j0Z040a0J0B0I0QZT0dEh0I4A0WFO06A2KW6xVq
g1_K54NVblMv2Zw53LJPbmW-bm7PVT6T77tIraUTvU1M8M	pathagon-rules-v1	7	14	3	59	0E0K0a0f070m050S0A0U0J0B0N0O0L0d020e060h0D0i0b0k0c0I0C0Y0400BE0BUMMeSoWkOw9e4Yaf9-M20GYLIaRA2-0XLF0MPq0B8t1T0bcF0hV600
g1_K54svjoBfgrfpJ4T67QF00uztEm_bg51OUA9xZJD1oI	pathagon-rules-v1	7	14	3	118	0V060f0d0X0Z0C080b0Q0F0W0E0R0O0e0N0L010A0D030m0c0H0i0K0U000M0Y0g07XW1WHNQpVabcYoJDTXBJ02AQ0CbTLF0l905H0g1L3m0kVJ4K0mWnQW0O9h6k04Ga0MN60Gav0003b_0f4Q0VPL01Yj0XLc09HM0P03aA0iWKO10N0k0l1X0jHd0RYU05cD0WRq0jXC0MDW0QYaK-0QU20C0IaI0OTO0YOh7O5a
g1_K56EEi_8X48zoeqcQfst_hB6Ruw5PGkJLDnD36ogaNA	pathagon-rules-v1	7	14	3	53	0I0L0U0B0m0i0N0C0M0E0D0c0F030e0V0P0X0Q0T080h0a0Z0W0U0405020O0S09IO0dKr0Q0KBo703b0j58ZhPF04Gx2U06FD0b4OFq8Z
g1_K590ShgSG7tY1RfjxQnWnFZtlg8EOkLlfm4FqlnjU7E	pathagon-rules-v1	7	14	3	83	02080904070j0i0T0k0N0G0U0H0c0I0b0d0j0P0l0m0k0e0X0W0e0Y0f0S0Z0g0L0E0ZRN0VXH0L0Y0X0S0f0M0TRT0L0Y0RBr0FYh0Z0W0F6i0T0K0fR90L0Y0M0S0fR80iPP4O0Y0dGfT7000WD8Cr0fOcXLPUFD012s
g1_K5AcJZSh3IyZLd2wmiAGI9zQ7v9YJ5cTVw_NQpgrZmc	pathagon-rules-v1	7	14	3	58	0N0k080h0W0C0P09050R0d0V060M0U0m0Z030c0K0D0b0l0Y0E0S0X0g0L0BUl0fPa0e5lW_QC026HR50C0jHJGM0ZTb07Mq0gEI0cZK01VP0Ha0b0Ee
g1_K5GFLpBxsWIkDDAQHRf5syGkNWmvTbFvQpjG2ON1b3M	pathagon-rules-v1	7	14	3	96	0G0O010N090H020A03080F09080G0M0B0I0P040I0W0V0U0T0V00050C0J0Q0C0X070E0L0t0F7g1f092K0p3r5R0E2M0p3r1c012M0p3r1c0S030o2J4e391b0o2J3t381b0T2K0p346B1c2K0p073r042K3t0q041Y4G356x0q081Y6w36080o6l8RFN9k
g1_K5Lh0TB-VBnNWHoHgWY9PjfxPAwpItbzZZq0TtoxxjA	pathagon-rules-v1	7	14	3	53	0e0h070l020j0J0k0a0c0N0F0K0H0I0Q0m03060V0X0Z0M01000S0A0Y0T0U020DSkRmFxaI0TUHJxR8QA0B5xHVHrY57FP68w0IGQMb0h
g1_K5QR96I7A1kAOSi3V-lIsvN2ATI6fVeBF3ZtyI2AqwY	pathagon-rules-v1	7	14	3	24	0D06090K0E0200070A0G0h0L0J0I0j0H0M0N0b030D0M0Z0J
g1_K5UlZmPWk0WnecR6sUz4JWX5zjLH36HKDYSD3t5BTC8	pathagon-rules-v1	7	14	3	61	0Q0c0V04000d0T0l0I0P0G0U0h050X0S03060E0B0b0e0k0f0M0R0D0W0T4V0AbS0NU00cVC0O5Z0KX3020LUQMoGa0hSJ011B0YB70FBeQz0WSUHu0Z2T7TDe
g1_K5WL34ch-b3oVkQ9i1Oqntg0dNqxXAXgq95uGubVZ88	pathagon-rules-v1	7	14	3	27	0906020G0N0U0G0S0T0a0W0M0O0T000V0c0j0V0b0d0k0m0e0f0X0e
g1_K5XpYOkHMp6O-0gerYMAXMi5ZcQemlY_Aw1q9022rx8	pathagon-rules-v1	7	14	3	23	0e0h0l070B0W0X0Y0J0X0Q0P0X0R0V0Q0I0O0W0k0P0f04
g1_K6-kJZsLr1YxBtw7OZFAKFBW8HUHdzUmzMdwLl7tkNk	pathagon-rules-v1	7	14	3	16	0N020f060m0500070Z010S030j040A08
g1_K61gRO2B9iVhW7bAp4L49LYDy3FPXGLJpJfUozyw3TI	pathagon-rules-v1	7	14	3	125	0508020d0X0O0A0E030H0k0F0Z060C0G0W0B0P0Y0e090I0A04010B0J0L0I0Q0dAJ0f0N0jaJVGR_CxQUF44r5SMvYJQ01k0O4pGBAH0WB95aGB49MCB9WNGk0k0Y0lZ3BFPO0WH45i6a0V0LOu07ZW0VJYOpEtLfby0OKKFjGa010O08LS1x01Im8oB0E5KO1eJA0s2J5R364f1d3s0T36R40PEx0GE4DO0G0OMN0NEq2S0I1o907q0i
g1_K6FtVJL9A0M4SOnB5d39gVYRt9xDk2E8ltBigCVTELM	pathagon-rules-v1	7	14	3	30	0K0e0Y0U0f050C0A0L0H0k0E0O0N0T0F0J0M020S0R0V0T040Q0O0X0B0LVV
g1_K6GF5Jou1eccSLR3inJORL6oaziOxMGxKTyFjtYBhPE	pathagon-rules-v1	7	14	3	39	000F010i080A07050E0a090G020H030b040B0C0I0J0h060e050V0M0c180d5i0O1x0UF-0ZAP0159
g1_K6NpzEyJL8RMPEt3QNCb1zeksQIufNz1zS2Hvxnp5p8	pathagon-rules-v1	7	14	3	42	0m0L0E0M0A0D0J0U0I0X0i0P070O0V0j0H0R020O0T0e050U030F0C0N2l0gYX014w0GFvIMA5Ze8z0fBV1m
g1_K6RDa3yhDZcomkpFsBMbBpyAPB7cBuvsf9iIOzETEEQ	pathagon-rules-v1	7	14	3	53	0i0G0H0I0J0H0C0F0B0A09080P0A0I090Q0O0N0M0O0L0E07030E0402050100060D0K0R5s0W6f0OHK0WP20N7O08220O2K02081M0R2n
g1_K6bAj8ZlWajuBxN2Sw5gLmVlDvOmzPiSq7bdaet5TmY	pathagon-rules-v1	7	14	3	83	0X0T0K0R0O0e0A0Z0D0H090b05020M0C0h0d0m06080N0L0j0a0I0G0U7u090SZP032j0lFDbH66HdXEB404QhVw7d0c18To3E0TS_018z0jGb0V5B06Is0dPe0VB_0XaZ0TPH05Qr0ZMK550YQW058A520bX99l0g0A2s
g1_K6bvvKkmRD5n4oZFY4PM7lvjXVJEq51gM3SWg0rQ-Ns	pathagon-rules-v1	7	14	3	85	0k0l0j0d0c0e0i0b0W0c0V0d0c0U0m0X0l0f0Y0h0X0f040e0a0T0b0a0N0M0L0URM0MHW0aS60hby0O0P0Q0N0X0U0P0f0WXC0mLc0O0R0N450IE10H8oN60THs0MXyLb0hOmCQ0V78080G720BWj0GNe0fSFEh0F8YWy0IQx
g1_K6fpLSe4m-clXvwhMBCdPUKGyZrMnj66J1DjsI-1niU	pathagon-rules-v1	7	14	3	88	0b0V060U0K0A0X0g0F090m0i0c0f0H0N0O050G0h010P0a030L000W0E020d0R0Z0JIZCPK65nWI06XW0V3B0SAAQi04Ml1D0e9LW-0MGHZ60cTGFZ0LAQ08UB0jEJ0D2a0bOY0cCZHU320kNcZG0C400Ma2Kw041k9DbpWL0iTIGl00
g1_K6r4jVR6oivSzJkPWHt0Hru2X6zHOtqenllj69Vwygw	pathagon-rules-v1	7	14	3	27	000U0X0Y0e0V0Q0W0P0X0d0B0W0C0J0A050I0C0K0k0J0D0S0Q060J
g1_K6tz9QPy-Rnu_rgo-FgcMsezlsWI5G-BteZuyv_6h7c	pathagon-rules-v1	7	14	3	122	0F0J05060e0D0c0C0g0m070U0E0i0j0k0b0l0G0a0h0j0V0M0f0d0T0N0K0QTf03Tt0aGQZPO-0SCmb60ASaPkAX0HaQVvSqNp364f5O3w2N3AAn4e0908c9WK010X1h084C0A0G09V1E40H0O9b0I0O0P3E87Oh5Z8_0dLH0Q0T1M0J0aTu0IJE0OVZ6K0U0V5BAVM5QT23R7WiLfYuGBR7BG0J0C0IAGGIR70C5aLYGA040KCL
g1_K6u7VxA8PdNHu3DJCFRF6dBH4EmILY5t-jhET1T0_W0	pathagon-rules-v1	7	14	3	83	0c0W0l0V0d0Q0R0H0E0S080X000C010g0Y0f0i0P0a0e040L0j0J0h0k0UQ7R0XY4BF-ZXPe0G041fV-0TAW0W02N7MwYD0VONXh0TVN880QFm0YM606Bn0RZ00AVl0F6M0LArb70OWZ0M4rEs0ODWLsQJ0GFi05Hg0e0x
g1_K7DDglB2-SQ2rbO3udePRp9oQ_nEUOuUGzXaBSBLrbM	pathagon-rules-v1	7	14	3	37	0B090R0Q0c0d0Y0Z03050k0l0i0T0f0C0L0F040e0I0E020V0H0N0G0mLc0U30BWDNCN9a0F0V
g1_K7MU2CAtXnIpJchbOsyYTIuUDt6m0HNx2NjqCckYA7U	pathagon-rules-v1	7	14	3	74	040U0S020P0R0I0e0l0k0b0Y030O0Z050i0h0G000j0D0B0k0a0T0A0F0d0c0m4dbAVbDW083NBM9oNqRoNbKn0TEv2WYtAWHv7b0laiUO0fbOS40lBFC50aTj0Bbo03Vb0kMr024L1X0N2HVU2l
g1_K7RypGt3sESjRGwbFIy2rIuttECnOFPwZtPcrQRkPQU	pathagon-rules-v1	7	14	3	112	0m0N0d0Z0R0e0J0D0X0f0S0F0O0C0b0H0I0i0V050L0Q0T0g0c0k030h0lXw0j07OpXQ0ULFO9Wqav68LyBr0ABS01CvF_SW1c0j0l5C0KZo0dOp0X06bp0e0b1X0VEA0Uc0Mq0jYR0GOVP8Te0c0fRzPaXM07JZ01Tv0VVn0BAB3L0hG80OEI0g9T0CHNXZ0SDYbN0cOr0bRRUc0Y054MJ00057Us5w
g1_K7Zk3XNpTKHZoJ39jBDCI1qg97E34TT6mdjT8y85P_s	pathagon-rules-v1	7	14	3	58	0m0h020A0301040M0j0N0O060R0F0c0l0T0I090b0C0Q070i080P0Z0e0KYL9z0OLfJb7ZIf2-0C7o8sNMEi7R0AXn0IJcVm4A0E140RZl0C4n0QNY08
g1_K7aMv96uI3SjbusMI5_PgMEinpgKPWQWnCV6BNSSUjY	pathagon-rules-v1	7	14	3	49	0T060l0D0A0k0U0S0E0Z0a0e0C0J070d0I0B0K0C0J0H050O030C0V0j0W0LSs0GGj0Q0hJOX_0aP60M0P0C6C0m09EFFVaMCE
g1_K7hh4oDPhL6-QE2_s36igXAL6L4AeTJZtZwRPUviPBU	pathagon-rules-v1	7	14	3	28	0m000T0U070W0V0O0N0A0d0C090H0j0105080U030E0D0k0X0l0B0M02
g1_K7pLbAfWVsq79n57fmLtl0j93n11SNirbSe8oYHf1h4	pathagon-rules-v1	7	14	3	52	0e0S0m0O0b060D080H0E0L030Q040d0W0i020X0g0f0j010I050B0M0A0GMyAz0CHP4RLDb7VJZRWv2QR4JtRjXYYA0jDiZEEV080Z0w
g1_K838JFKwSGSfSn5NObuwA9FntauOa4HJvlbi0xbcBgE	pathagon-rules-v1	7	14	3	58	0V0I0Z060N010O0c0W09070F0i0e0a0P0B0T000K0m0g0E0Y0J0h0X0G0a1y0j0DYp0X0qQ_04BKHn7xC4KL8q02JNAGKX0iZt0IBu0cSdGT0TFj0L2X
g1_K84fL0DRJH9JpswYW5F_N1wlV6q69gBQTu4ilOVy20M	pathagon-rules-v1	7	14	3	51	0R040d090J0G0P0W0C0m0M0T0X0H0K060E0a0L0k0V030S0g0d0700020i01MQ0IKZNMB75SWec9PGXR0F2l06FCLsSyQdMmA4Ug5k
g1_K8Hiax0ZCyUN4Ndus1o1DxCP_snv23Rtsbci0Fup2lc	pathagon-rules-v1	7	14	3	37	050Q0R0K0D0Y0f0K0P0Y0Q060X0R0D0J0C0W0J0X0I0B040e0B0d0O0V0H0A0c030V0m0i0fZA
g1_K8NJr4HSsxplyWIaavTapm1on0UslMjjcF-Ih0JqbLA	pathagon-rules-v1	7	14	3	101	0l020M0d0L0A000e010F0a0j0O0S0C0V0W0G070h0T0E030g0Z0Q0i0D0B0U04OqSoZfSI060v052659PtLG0L0aUALbYVYCFr05AS0N9T0f3_0mbM0I09DV0HGL0R5eI40M0UTP8uXW06bw0QIs0K0N5q0D2P0Y7tKO0WWn0eDg0cTV0iF30BRK0ASw0EV00YFOCF0l3j
g1_K8NSvrQhpe_NSsPQxLZnvV7nX3_EsPQgthwrVE8i6VY	pathagon-rules-v1	7	14	3	51	0S0j080A0N070a0V0M0T06000B0f0e0J0m0F0g0G0O0E0i0Q0U0k0C0D010PXF0MJh047U960L0I0908ToaS0M4Q0RZc7x6-0DNE0f
g1_K8P31O_2RGu4HcTzP8hTuZO0MT_QaD6YnAqq_cla8CQ	pathagon-rules-v1	7	14	3	43	0G0m01000F0c0T0e0i0S070D0f0H03020L06080A0R0h050M0a0b0Z0B010d3D0gYv9wS6I76CXl7a5mLgPb1a
g1_K8X-xUbi80PjsemfHgR5H9_Bo-t4icbSrT-wqyxdows	pathagon-rules-v1	7	14	3	73	0b0T0N07000e0d0l0Z0D0h0A0H0L0P0E0i0O0I0m0k01040M0f0H080S0N0c0C05F1Hg0eBwAC6d0J540wMRaVBF0MUN0a0OJy1_Cf05I70QIw0eS5007k0DYZ0jSf0ZTq0g42bM0l0OY6Jb2w
g1_K8Z70T5p4TJAT78MMoLWU-NsFfF5NwnL0xSgkv9TChQ	pathagon-rules-v1	7	14	3	36	0f060U070m05010G0N09080V0T0A0a0h0g0F0M0Z0b0F0E0L000E030H0B046xOe14Rs0Z6J
g1_K8_oY-a3h8OyFsZOLnLmsJ70DdJ6dXjiJ0xyLUK4BoE	pathagon-rules-v1	7	14	3	60	0L0l0e0X0Y0W0e0d0c0f0d0V0k0j0m0c0k0f0l0i0b0U0c0b0h0a0T0M0a0N0b0O0P0Q0W0P0X0R0S0YYM0hMm0S0EMg0SXpWx0aBcYh1RZE0jBcX91RGs0L
g1_K8hwJxeZetJfQO9hAhLjK_CqWBE3DPZbYZVB_sv5GZw	pathagon-rules-v1	7	14	3	44	0l0k0P0e0m0J0h0d0D020I0a0W050g0X0Q0C0B0Z030C0F0T040S0c06br0b0V0J0mG143QhGd0GC00f3L0eYO5z
g1_K8iVYPYHGqcdL9Ol2FwDgr2hAqeXVBpnaFrODrvxPDo	pathagon-rules-v1	7	14	3	41	000E070h0L090804010T020c030A0B0l0E0O0H0F0A0M090N0G0S0F0V1F0b6V0a2E0j0M0b2_020b039D
g1_K8n1uX7A4uIHPUH2Qv4Gj7EY1lwCmV-Xm6GZ38vIBnQ	pathagon-rules-v1	7	14	3	35	0f0Q0B0N0K070Y0d0T0M0R0H0S0I0j090c0V0U0b010P040X0U0F0e0l0CIB0OCQ0mKk1l
g1_K8oSzUoQwkyQAegNdXWm4NCtmJERLuLwNw4jsdAF-OE	pathagon-rules-v1	7	14	3	26	0e0X0Q0Y0X0W050X0S0V0002070g0E0L0M010F0h0N0b030U040a
g1_K90RyGBW1bWZptSnEU4LgRt7PVr5-GpzDYcgXsdtJ1c	pathagon-rules-v1	7	14	3	76	0R03060e0L020d0D0i0O0V070S0l0h0c0F0j00040H0V0k0a0d0M0T0P0M0g0Z0fUm0dYcWs0A450K0JLfYh0BJL72KgagOa9U0YNL0BEaUZ0VAD0P3-0WW7ETYiPhbS0j9tIzBz0cRO0B3a0YDWK20l
g1_K92YsXiOivz4H7zKReBb9Xsh5NyV0jf6V9UyXiMCtgo	pathagon-rules-v1	7	14	3	61	0N0Q0c060k040S050g0T0R0f0B0P0m0D0b0J0F0i0C0Z0d0W0X0U0A0j0aLG0I50bo4N02YpUMOLX9BPLiKO0RZdAXS3EVNyUy0LLw0g970T00We0b0e9g0A0w
g1_K9F-AW3sxXSNR3N1kYtth5fU21P8LCoeP-uBD4IcseE	pathagon-rules-v1	7	14	3	82	0h0S0R0K0l0507030N0g0V0X0M0Y0C0L0J020m0U0Q0d0P040c0B0A0O0j0TZENhFlNzUSH908Ur0G318S5I0FQBJ0CA6eMVHu0QTl0O0NKo0TYba-0b0uB40l7N0N3_08ID0P05NMF2LzZV0S82bp0m0d3pIf98Vm0a
g1_K9HRaFQghfL--NQVLvPGSP4L_jV2j6SOXp7Zbzystmw	pathagon-rules-v1	7	14	3	38	0J020U0W0j0Y0M0a0d010P0A0N0b0C070g0Q0K0304000O0E0h0e060ZKR0fIL0VXLPGY2RP0I1O
g1_K9JArLeWa3sooRQfmd076a_imgzoEnZJIL7Bff8ro2M	pathagon-rules-v1	7	14	3	43	020E010m070i0Y0f000804060A090B0O030K0T0R0j0I0G05090H0Y080l0g440M18080Zc827ZB2e0JRH0WSG
g1_K9LyToixCMkbnmv4QTrDVrTNSTMpmRl6-gO3__EHhio	pathagon-rules-v1	7	14	3	48	0e0f040E090j0b0H0g0P0S020F0R08070Y0c0K0k0D0l0N0G0I0C030B0O010hZJ0F2JRZA3TR6I3XE8At030Y0DJsBh7K4e
g1_K9YwN0vj84tCexyxX-TgBj1M3VPXF71zg6glWlc4V0A	pathagon-rules-v1	7	14	3	52	020j0k0D0H0T080e010O0X0B0l0K0b030L0C090006050e0N0P0Q0G0W0a0caEBDW252bWPZ5g0USd0RHC39FQ9kEUIxTG0qYsGb0h3b
g1_K9ZUVx9P1gQfqP2vg8W9Easvpj60pfS8hSh1-qSt29Y	pathagon-rules-v1	7	14	3	59	08070g0j0i0N0h0Q010L0P0m0A0C0D0M050f0G040l090R0b0S020G060U0B0J0W0F0I0b6V0AEz080705Zy0E0HY0WV0hPf7M0e8f0WG50lA-0dLnAM0v
g1_K9jqsGI6jeOZDmrDk0XTjllZSA4LpVlZ-lK3kDPueMU	pathagon-rules-v1	5	8	3	19	050L030I0201000401060708060D0M0C3L032V
g1_K9x8YNVXiwh0TNRt0yyZq3YfUvHsYddxpqx4B357MF8	pathagon-rules-v1	7	14	3	13	000O0L0W0S06070H0E0c0Z0C0g
g1_K9z6FPu5nxSQwLf5jGXy5j6eVcZIwMxeaxGDdLPNFuk	pathagon-rules-v1	7	14	3	43	0H0A0O0G0F03020G0409030N0A0B080A010M0I0P0B0O0W0H0P0V0T0U0M0Q0X0P0J0C0Q0B050I0C00IE0M2G
g1_KA9huUFV0CSWlOut9mJk3arKHMvVnZWJECo2yR1KW9c	pathagon-rules-v1	7	14	3	156	0j0e09060O0J0Q0P0A0L0l0g0a0U07080Z0d0Y0k0N04020W0c0b0F030ROR0X0URb0MJ50DRZOT0c0SJn0CQI5vSyPZ88YT8oKI0aAKUK0iDNIi0h4C05GRNA0Z6b06U-Jk0WHK0JRu0RYm0PRK0dMv0S0r07Ee0HTb0a560hGQ0ZYpK80KRvGn08QjM90RENPk0HBIHP0PZZ5xTUFkbM0C270VJAZ1Mb0k2oLB064KVp0XC70EUcaWCs0YbFY50kAL0Q0JOi0Xc00m7H0hTOY509O70Q0JUO0bOq0W023bAS0cai0OOWBx
g1_KAKtb9VrEGMt2Q0k6Ssb883r4sQQAbRNf60y0HB3LZA	pathagon-rules-v1	7	14	3	23	0Q0Z0S0R010L0X0Y0S0M0E0a0L0V000b0g070Z080F0908
g1_KALu6xTMEMOVyZocQgz64pg0F1oECLE3n-Ouup2_4lo	pathagon-rules-v1	7	14	3	15	000a0Z0i0b0k0g0j0S0h0L0e070W0E
g1_KAR-RVZtzuC94kWRIHzVyPiRVWU-XBM3W4CgOxvIvGE	pathagon-rules-v1	7	14	3	34	0e0B0C0D050C0J060C010A0I0H0l0k0L0m0I0Q0B0X0C03020P090O0A0008070F040E
g1_KA__qjn41oeJyagZfspiNw7lU99AJcw0Upa3L93ST6I	pathagon-rules-v1	7	14	3	30	0P0E0I0H0O0102030A0B0H0402090G0A090N080F0M080N090L0700050C06
g1_KAdm0aQg4fwW3BEhCUXipnJ9DmFUCWzsR0v1XP7-c9s	pathagon-rules-v1	7	14	3	113	0k0A0f080L0V0P0O0b020B070F0Q0h0D0H0W0U0G090C050P0c0i0d0Y0S0A0TJw0aLJ04YUTKQ04_2pX-bSaW1pCCQ-K3B2Ew02Uf0bQf080k2SWS0Q4E0BIS0YCW0BSa0mK2020JKiTy0gDD7t0c0z3rAt0403FSOhMW0GaD0k0l3B0O7s0-bx0PDKbB06Ue0e4907B10mOS0CG90l0yW00H91HL0W5C
g1_KAmpyJ354oXdg-qgy7Mw_ozINa2RVOUnnZhQ3jWBw3A	pathagon-rules-v1	7	14	3	67	0J0W0c0C0H020E0Y0i0K0k0B0a0P0R0g050m0N0b0I0X06090Q01000FYx0TEm07T49p0e0CEA0K0S0RBF1iKzUfC2P-O4QsFVZIMW0EaP2V0DCD0B0lRm6rVo2D1T91F1075B
g1_KB246wZEOtQ3AwDjzmb38__AZcZ_pqq1E2JxPA5fM3M	pathagon-rules-v1	7	14	3	196	000A010O0H0V020g030B0A0F0408090a0G070I0l0B0R0E0C0F0i080c1S0SC200Y107S00jHP0eMu0dSIJSYS0SagZ0cDMgYQ0lZALYa4bPZR0M4w0kB9aXGIVULmOiB9UcGr1GMA0XcGVGal5mbG0ObXPC2D4v1U0DYOJ9ZvW7ZAQ7Xo0U3wRV04Aj666k5J0ObR06ZwX7YPIEZB0VZz1UahFPbRT-Z7bxYOSLXc6uZ7JkYOOBXVT7Z8SGS_0_YFMeXTAdRu0MREHwGdZ8M84-RX0aZALIakG0Zy0NbTWAak1zZy1BbTIsakLKZm5Ub406REBLGINmLmPDBS0SGqXTadY3bU2CW4IxakSMYQYubS0PagRAZACEYQJeZw5_aiMnZ8P5
g1_KBedEJjfkerVeXM9fhuXkOI-rhToqZhF8pDEMMhZmVw	pathagon-rules-v1	7	14	3	148	0P0I0a0R0D0J0Q0C0B0X0Y04010A0F0Q0j0m0003080K060U020I0C0H050c0h0BZzcA0SLn72Qb0dWQ2RF80IHZAPSEVMZbbTXdafTq0CZAXdafYQ020OXeZ2UZ09ZvaiZBMvYMZvaiZBXdYMZvaiZBXg0MZyYSbTGqahcFZ-bTZCahcFZ-bTL7akcF0T0QbTZ8NgafZyYPZ8XdafZyYPZ87-09XM0J0Q0IZwYP1SafZBZw0JXeagZ763ZyYPXcZC060M05ZwYMbRMwZBXdYMZvaiZBXdYMZv9C0B01
g1_KBlGF5Jl2ntNsnTyCvL1JKeKPuFI8ZpPX9vjBe-y4V8	pathagon-rules-v1	7	14	3	196	0b0c0U0V0N0O0M0T0a0U0T0H0G0F0P0G0O0N0W0d0I0B0A090H0A080J0F0C0G0Q0X0e010X020W09031c012O0B3x1Y4d9E0B015S0r9F0A4g2O3A0B3w1Y5O9E0B014g2O9F1a3s0A360q1c0B2M023s0A344e1b010r0A392M3t1c4d392M020B2M1a3s0A346x1b7h0r2J361b3s0r2J361b090o04348T1b010r2J361b3s0r2J7i1e350q0A4g2O361b09045d352J3t7j1c092K0p3r7j1c2K0p093r082K020q041a3s34032K360q001a7h380q091a08353r2M4e090o342M7i090o342M6x080o042J3603090p3r1c7h
g1_KBxWN1HWW8SSrVnqVxqmWFk_XJrM0lOH7JUz8IkUctk	pathagon-rules-v1	7	14	3	83	060b0J0Y0D090Q0f0O050M0N0c0g0A0a0d0B0h0X040E0i0F0S0G0Z0l0W07PT9TLBTV0QCjUw033zNT0U3EAj6KYe0i0KYYEx0i9h0h7U01Jn0RI78q0MYJ0Q8A0O03Jg0BUVEB0WBvFc07W70hMH0laI0NTq0jSB0S4E
g1_KByJ2xFBdrr8pjnx0hqyAMTmA1R68TW-JKXhH07LYnw	pathagon-rules-v1	7	14	3	54	0P0f01090L0B0I0C0d0X0i0R060k040h0l0N0H0A0F0m000J0G0E0B0M0K0YCT031f0V3s0O0WR4V2I_GKQWFGWiHP3j6KYIDKIM1mLZPvNt
g1_KC0ul6SmSPeW7H3kNvl28HV3HTIi9uJCNPKKfxWpqe0	pathagon-rules-v1	7	14	3	18	070M0l0Q0f0L0P0O0G0N0g090U0b0I0P0G0R
g1_KC9AbwlQ3lHJNmP7XjeTAl2vdxRAtyYpOKAt82bgEaM	pathagon-rules-v1	7	14	3	29	0m0I0Z060T0M0D09080E0g0C0A0X050B0c0R0K0G0k0e0F0N0S0L010P4y
g1_KC9U0KwMdpMstrkiuQaF_jqrLN1KWYZ1fXfAo6C7Q-8	pathagon-rules-v1	7	14	3	196	0H0I0A0B0O0P0N0G090H0G0M0F080U0F0V0G0T0W01020309020A040X0Q0J0P0Q0C05004i05760C5h08Aq0-GW4w5vAqLX0R0C5N4i1dAA0z60LY0Q4pWF0R0C2K4e5N7l1e0Q0s2K02Qp2Q1m0Y0u5NBW36030o682P36030o5N2P4e050o5N2P02052K360q09025N1e4d2O0G381b4e053u0r2K4e053u1c2K4e053u4g5S083AAo4f1d5O0D2J4e08030s2P09Ap1a5O0D36031e094pA20C382M4e053u4g2O020C094g5S3A033w385Q064c5O3A2O0r035S1e3t38035S2P3t354f5R2O023A2N4f1d5P3x354c2M5P040o
g1_KCDDESiYHnUHHm-0ncbW3rfKFapXq3Ajc3pjoE38nbU	pathagon-rules-v1	7	14	3	40	0R0X0T0Q0Y0h0W000G0P0I0g0M0c090i0X0U0b0a070b0F0V0P0d080Q0j0k0O0NJs0O0KJU0P0l76Hc
g1_KCDJ6SOaWus_Glwv8t9m1J3nqVt9qQ84qY0aA1aC26g	pathagon-rules-v1	7	14	3	13	000I0E0607090L0m0g0K0S0C0Z
g1_KCGyRTTkavzUgLgJVaABZ4U9u1oaFBteUWgF6m_9uNQ	pathagon-rules-v1	7	14	3	64	000L0M02010N030a0O0j0M09080F0A0E0H070N050U0e0b0c0i0b0k0d0W0G0d0I090H110V0f0O1x0X0O0W0Z0S7I0H0B0W080Y7K04820Y3X0Q9t0jHg4PIe5G006h
g1_KCH4dO_DdgicUP9UrnWDIFGXsirBnzrYhhgCiYqWJzc	pathagon-rules-v1	7	14	3	60	0I0a0Y0Z0b0L0W0G0H0d0P0C0K0E0A040l0c0M0N0b0g0R0J0Q01060j0MBX08S0T6UWHs0i1SXHF00DLq0VCLBK670U0bZhcF0jPu03YI0g76A30FNqTbFK
g1_KCLlalxBz3j2DO-qap_YP0MQ4zd3l8yAomtRUdmVu1Q	pathagon-rules-v1	7	14	3	89	04070m0X0N0l0i0S000f0G0C060L0J0I0B0b0Y0h0e0V0Q0k050D0C0K0W0T9-0FIW0PDgaBPl0g5j0HROAg0d6EV_Ex58Ng1qJS02Yw0I5o01EGI70GTWGU0K0kPh0R0eZe0K0JEf0R9a0AGSDW490DVD045rNh0iKN0MFoIU0IJaHN0D
g1_KCPV87cL3soKbrWcZMfdfWM3AX7V8VXmB1w3rjoFo8c	pathagon-rules-v1	7	14	3	19	000Z0b0c0d0B09060i0P0N08070f080D0G040U
g1_KCZNno5Gv1dYGeKO3Y-C1_y-9iBoL5OaspNwcsBn-tk	pathagon-rules-v1	7	14	3	54	0g0I0Z0i0a0T090H0d0P070L0B0m080O0Y00010k0E0W020f0h060l0F0QPl2M5u76NtROaibB7V7iCm9OF2S21VXN0BT606O5610Y9t2x0l
g1_KCZoLpqa5x-99RO9RJpi0TnO29vUM2zQ6WNb-4dYCqM	pathagon-rules-v1	7	14	3	37	0J0P0E0Y0K0U0j000l080C0Z040N0Q0H0i0e0I0c0f0b0O0D0X0T0k0FJf02ZU06Bc0m0B016l
g1_KCabFrvQXc7SRFje--hVKgLygvBmnBKfuFpp1v-QV9U	pathagon-rules-v1	7	14	3	22	0V0O0H00030A090B020D0G080C0905040I060J050107
g1_KCkb4G3O5dTjvNtArLdqSjSIoHIgeASzkuMWmIhQ9s4	pathagon-rules-v1	7	14	3	151	0A09080B090C0d0D0W0P0L0I0M0F0G0H0O0N0G0H0O0G0H0N0E0O070V0U0T0V0M0O0S0c0b0a0U0b0Z6807BW6A030902Rh0AMR1D68GzBqMR1D68GzBqMR0r681dBW2P0p4c1mGz2e1DC20EHIBqRo080L5NBW0EGu161Y6h090S0uBV2XGu6T0uBV2X0A6T0uBV7uHW6TRhC20EHIBqRo0ZMY6aBc0_08MY6aBc7709MY6aBcRo080L6hX26vBXRb3I0q001a0o3403013d1RMD1-0AXUHWMYBx0E6hGt0q
g1_KCts0HTyrRraD4ZwMdIokU5Cm5UO01sfuDFRo5fAY_Q	pathagon-rules-v1	7	14	3	18	0F07080901080A0B0C0D0A0C03020H040O03
g1_KD1Jspqwl8pvll17NdPjeaFKMPfFmgrrWwbh9MyIRcU	pathagon-rules-v1	7	14	3	39	010F0T0E0I0B0b0P090G08020M00090F010H0I0J0A0K0N030G0i0j0k0h0g0j0U0OaU0b0k0hEG0a
g1_KD7SKa9BVRjOzqjOBS7pDU2vqh1lwMU3tEuKrUrliE4	pathagon-rules-v1	7	14	3	93	0P0J0m0B090l020I0a0W0k0N03000C0A070Z080S0g0U0b0O040R0K0Y0X0j4TZhXL0GafNF2-R00f1O0iEb05SAWAO43Z0175JY0IDP0Q8k0K2y0FLoGY03L1KO0RMgbx0eZC0JCQ0IAPEL04UJ410jIF1rQO0FVX0THxRr0M0FXo0PTJFrAb0J1I
g1_KDFSXKzw4ASCEtZyFzoEuy20YMZMIn1sHapWjAwAVGE	pathagon-rules-v1	7	14	3	33	0B0I0H0A03040A0B0J0C0I05090G0N0O0V0G0O0P0F0I0G0Q0U0J020W080X0b0M0i
g1_KDO4oF4bjy1zIZPkJ0eiI_cHg0QUIaslUll4eJJPId0	pathagon-rules-v1	7	14	3	196	0L0A0902030H0G040B030A0I050B0C0J0B060D050K0C01080F0E080M0N0O0M0P0Q0R070Q0E000S0o682QC22CMR020uWxBx2X020uMDBxH40L0uGsBq0E010uGsBqRo0S0uGsBqMR0S0uGsBq1m010702Bq5wMt1-H4Rv6hMK01HIRv6hX9MtHIRvC2X9MtHIRv2P1K02XNC9Ro5wGzXG00S01KHW0LMm6aWx072KMF0t68072K360q001a0o3403010A07S0HP610B0LAq0AGILm5o0C0KX1Av0D0xGsBqMR0S0uGsBqMR0S0uGs1tMmBx1RH4RvMmXN6oGsRhMYBx1K0EHIXGSEC20E6aWxGzBqMR1DSEHPBqMR6a010702Gs25
g1_KDOuV-THGsSNDRCko--yGeBYzFpaa8EqlA0dgrhuuxk	pathagon-rules-v1	7	14	3	196	0h090807050Y0l0k080102000E0F0G080F0903040A0H0B0I060B0C0A0J0D0K0C0D0R0Q170P1Y0F3s2N0p34033y1c0o00080o4c2O5P0O0o092J361b3s0r2J360N3u0r2S1Y353t060o5i2J6x1b7h0r2J361b3s0r2J361b090o08347i1b690r2J361b3s0r2J361b090o04343t1b6w0r2R341a3s6y0r2J1a063s0v2JD31b5O0r2Z34G73u1c012M0p3r1c012M0p3r1c0K030o3r0J2K4e0r8W1Y2q0A4d0pEz0I0P2O0H021Y2K9_0I0C350q8R2P0H361b5O3x2N0p1Y353u2N0p1Y353u2N4e050o3rYH4g1d012N0p
g1_KDOx8VYBOX1L2kjvXh4xpwqGErvledDJ6ZnSMVGO4pk	pathagon-rules-v1	7	14	3	45	0F080N0901000G08020b090A07090E0M0L0F0M0T0U0M0C0B0S0D0T0C0P0a0Z0T0g0i0h0j03ZV0IYm0G0IK9061h
g1_KDRGrauzFw9IXCLgAcSLlWpe2CvLTrE9xcYOOtLzfHE	pathagon-rules-v1	7	14	3	17	000e0Z01020B070U0S0C0E090G0R0L030g
g1_KDdYjOPE156CxXDEvTSY5D2_cL2qnrNZ7aFdxcU5Y7w	pathagon-rules-v1	7	14	3	140	0m0O030L0D0Q0H0T04070P0c010i0j020h0V060E0B0I0X080b0Z0A0f2A003WWFBO0G0MEiTrHHMV6eZmBian8PYAA_I30dXI0i1w0b65030EUv044-0lER0P0d0DWY01VG0d2i0jTv0cTN3-0A012S9S0aEo05As4j0CPPIQ0gc1092b06Ug0bClSy0MV_0fTV0aU0DG0mSr0aWI0PbL1N0eJePs87093F0U0ZCA0T0lULaM0GI50E0H6Q0FXO0iDVYM0L8D0OTS5d0HOt068g
g1_KEDZlHFuCB46IbtOKCUadRjBvG7wu6X5xWbGvIoofuw	pathagon-rules-v1	7	14	3	60	0H0N0X0U03060B0K0Z010a020V0Y0b0O0j050c0R0J0g0E09000G0I0MU3I-0kDGSSUcQj211TbDAXP0FWI6aPNN0l33ER8BAP4x9Z0G6H0CEbADJ6KHBf5b
g1_KELmNw1tTkB_1XuechM9XY5pFcMc3XNNHcOMa9lAUsg	pathagon-rules-v1	7	14	3	27	0X0b070g0B0l0a0M0Z0U0R0I040G0E020L050c0V08060S0j00090h
g1_KESgt5ot1T2N2osswyUez72md2oBYdiJkleWGv0xu_g	pathagon-rules-v1	7	14	3	34	0a0O0A0H0h0Z0i090b070G0D0Q0F0l0N040Y080L000J0B0K06090T0103080P6QKW1u
g1_KEfhRFPSMNVnRtwEi-gaCamb0sayNZePUDoq7f0-0Hg	pathagon-rules-v1	7	14	3	38	0Y0g0Z0X0W0f0R0e0X0d0Q0c0P0h0V0U0O0k0N0j0i0l0b0a0m060f050b04Rd020U03LT000RTu
g1_KEkpegcL2el8tOsvgFh7Yt1onV_zoPmv9WSxwohd3N8	pathagon-rules-v1	7	14	3	51	0f0A0Q0S0P0N0i0C0W0R0M0d0E0J0B030g0D000205040k0U0Y0T0Z0e1N0aHvOSKy3KXG0gWl03RDFREtVr0h4N9p2PXi0I0J080z
g1_KEtI_My3y8DEi01zYvUFCcKdvkC9xmS8X7K2KqNXNCs	pathagon-rules-v1	7	14	3	44	0G0H0O0R0j0C0A0k0H090B0I0J0N0I0G0P0Q040J0503020K030D060M0F080G0F09012J023B030v004q050FAo
g1_KEtJEbq_nHm8X8b9L4jCB_h_37dSAMQprofYrwuqbXI	pathagon-rules-v1	7	14	3	196	0J0Q0P0I0W0X0C0B0e0d0O0V0H0W0I0c0A050B04030209030G0N0U0b0N0D060K5O067g2Q1a350q3r2N1a350q094g1d5NA3Al4p0s5Z3x041Y3s2N7i3H1b5O2P0p091b5O2J7i3A1b3s2N0p341b092N0p357g032K360q091a0R35682M3t040o342M02040o5N2P4e050o5N2P02070s5N2P694e0s5N092K360q061a0Y353r2M4e090o342M7i090o5N2P391c0f050p3uWE0e2M5P06095S2P3t7k095SAq42G90K5SAq42040K60RZVxLYWb050QcARZ5v0e0Rbd4gA2355Q0X4g1d3A0C3w045Q0C4g2O3A033w045P0C
g1_KF34XxgBngz5CwFFXOeeVJCVrDJ4zL6IC76nNlJ0YPM	pathagon-rules-v1	7	14	3	66	0Z0k0m0V090h0l0E0J0H0N0O0Y03010X080S0U0g0F0Q0M0B0Z0L000A0fQgCm0P0s8T73XxQx0cOHJOWrMiQwBh0GKdPo0PbDZ_04LN0RET4q0fL-0K8t01R50J8A0BEuOg
g1_KFDxXg0MAmYZze6iimpROI8eeKCV6wDRnT7FKDEsebc	pathagon-rules-v1	7	14	3	61	0e0N080Q0V0F0K0H0O0g0D0l0S0U010X0W0e050R0d0M0J0T0k0f0P0j0hIg0bQE09N2YOL_7M0AVEWT26RaTzVRY-LRMuFA84Cy0EAeGp08TjXlBp7KKS0851
g1_KFXVqcdE0v_Z_3DClgPlU-4xhR9go4DtsWwggOgNyEg	pathagon-rules-v1	7	14	3	64	0j0X0C0B0L0Z0a0d0m0Q0R0U060I0S0O0e0c07020E0K0l0H0D080N0AGw0TAS0YW209MTE800JpOZV0c07RWZ0iDO0K0SR63P0OKV03b60h4JFH0f98PG8HOA0YTQ2p
g1_KFaxsKgBPYA4yaWnKVWN68cyfIb46KijdeprLKRI8kI	pathagon-rules-v1	7	14	3	82	0G050F0e0Z0Q07060K0m010f0A080g0W0k0b0T020J0O0j0d0M090N0SSFbwCG7b8d7tNXKf6u0LZPPRGNKqbfBTXOVW0HTk1b0aAj0jaX0408VI0W8L0fZN0cXs0kSTDF0FWQ07034o0H0lbhax0mJJ0s0lbj040f2O
g1_KFcLqgZBQp1rI_esGeS8VmvCi96hU_l2zJNm1Bdt5ws	pathagon-rules-v1	7	14	3	60	0H0S0U0R0J0F080M0O0C0m0K0V020d0i0P0W050a0G0N0g0f010j0L0YP6090IIabkHtK12TEXMk7SZK03QDbCD9V9GJO00d4mRC0U9n0T7G0lU-0ePh025l
g1_KFcZMWH5JH4anPhWrswXJG4dC_7lAgkjCF6sOiDkA94	pathagon-rules-v1	7	14	3	60	0l0L0H000h080A0E0U0B0V0W0a060i0N0Q050f010c0D0Y0e0g0X0G0T8o0MP51OXf5mZ7VebTGwRF0O0V0KWi47W_K4Kj4zZH0OD10JXy0mRAI0OgPQ0gAu
g1_KFdjtiV8O7vFcycmXTb0Z0A7q55o0Z6BVHviXOxZuJk	pathagon-rules-v1	7	14	3	22	0X0G0J0R0Q0P050Q000L0M030E0S0T0N070O0M0U0F0T
g1_KFg5sdRzdfRQHIBY7CzS4h3sGP-eRqy5gKstrHEouD8	pathagon-rules-v1	7	14	3	72	0K0d02080D0h090i070G0e0j0k0Y000W010b0B0Z0T0U0m0N0A0R0a0X28032c059O0MAmRF0O3AAcHy7kQKaEPU08Lm0WEzU95m0VNo0OZV0kB4Og0V7V0H0dRt0T0BUD0XVtE90bQO0l3S
g1_KFvDqfrtdsOqNLiAD27utX3_AIjZ6egN6yr2OhQI1wQ	pathagon-rules-v1	7	14	3	101	0c020f090G0m0i0k010Q0U0L0R0h0D0S0E0e0F0l0W0V060I0d0a0X0BBy0CCaAENpSTPsa4DkYK0gbK1vc1ZyMRWj0GTIHVaO00Iv0Q0WP15v06KR2c03WHNAVoRk0OX66m0a8BBN0DQ156UlDt0H0z4K0kLqQP0SPfE700bo0j8pFU090BR6080b4u0TIXYk0g6I0UF_
g1_KFxmbbVWfpYPhrK7LxLZx7FeremlHcF_yLRoR9cmock	pathagon-rules-v1	7	14	3	70	0P0j0g09040a070V0Y020L0D060N0k0S0e0i0W080C0d0A0B0Q0b050U0HPB0AZ60C0F5s2v4TC_0i0TKT0EOW8B090F5K0KEY04HV0RPv0IYm0Wa4F4Vk0S8I060kCnVUTV0OIoJC0V
g1_KFyU-qNJzjGBnuXhX3QadloXwb013KLmyaPWJ6DrXwk	pathagon-rules-v1	7	14	3	57	0O0P0H0N0I0B0O0I0J0A0I0G0Q0C0P0905040C03020108020F0M0G0D060C0K0R0D00070E0L070S0v00Lh1F0T4z05Gs2101NS27011N00Mh1UUZ
g1_KG-we_bSX_gzX3SBnvzLQqrL4S6fr7ChJ_HXAGIM1fQ	pathagon-rules-v1	7	14	3	50	000P080b0R0C0A0S0O0N0G0f0a0Z0k060W0g0M090O0l0204070h0i0F0T0X0J7-0Q0aM3Wt0mCv0PSM6QMrPXXfKoS8JOQe0V25
g1_KG7AUUhoDgHK2NJlHc__09P8LHoywSoeqYDQ8Mo8-bw	pathagon-rules-v1	7	14	3	21	0N0m0U0B0i0b0G0a0Z0g020c090h0j0V0W0d0V0P0c
g1_KG8lHvYO-CobfUeeMUfFVS5g22RC3TkWh44uKFiKY-4	pathagon-rules-v1	7	14	3	196	0B0C0I0J0H0A0G0B090P0Q0I0O0N0P080F090M0G0N0H0W0V0X0O0U0T0V0j0c0b0d0e0a0k0T0b0i0h0bYOT0Zu0jZ8ZwXe0aahT3ZzVLYSag0dZwcEYQ0aZA0dahbRZu0jZ80iXf0aYR0dalZybTZCcDagZy0j0dbU0iZzZAahUbbWZzZAahYQ0ccGZDahTq0bcGZDah0k0bcC0eZwTpakUbZDZwYP0cbUZCcDW40bbQZCYO0eXcZuZAah0bXcZuZATo0bXcbQZBZw0jXcafZBZw0jXc0bZ7ZwYPagXfZCZw0j0bYQ0aZwTpagT3Z7ZwYP0bbUZC0aVOXcbSZucEakZBYSZwbRaiXfZC0iZycEbWZC0iZycEbWZC00ZycEbS0dai1V
g1_KGDRJVoUkUzMfLCXmQNOPYHBhY_w3WDQHdc8DHOmhR8	pathagon-rules-v1	7	14	3	65	0Q0U0P0C0W0H0B0X0i0b050k0Z0c09020V0L0e0G0S0T0h0M0Y0a090I0K06YiSSPRTw0gTX9oEA4z0D010W0K0X0aApIh5kKv0mY1EZ0HNt0iNj0hPX0PavR20jXj0IDw
g1_KGFWLNPWsKnis9nE0U3yB6Fursy1d6O0HPg2ZB43R24	pathagon-rules-v1	7	14	3	73	0N0G0F0M0H0O0A0N0G09080G090P0I0B0C0I0B0H0J0Q0R0K0D0J0K0Y0X0W0V0X0U0T0605040C05N1020A038S0B0AAwR0Gd1sM5B9RZGdWULf5oQvGdB2M55obkGB4w050R4o055Y3xA15M
g1_KGLAKpF9_Df0sCxTQHhCFCS1ZG4uTIBFUbaRs9iz-PQ	pathagon-rules-v1	7	14	3	17	010W0S0J0K0e0Z0b0g0E0L0X070T0E0500
g1_KGTdIRZR_OXs5I7vCLelv-je_ryZI3FrnAs6fAWaGDE	pathagon-rules-v1	7	14	3	75	060e0J080A010X0l0d0R0S070I0E0D0P0V0U0h0B040M0K02030I0c0C0kAjBQ1tVLK709Ex4NLT7-0gU47G8i0dRD2vaS05Oa0VGK0IQOVf0Y9K0aUQ0kBp0bHHZc0U3R0AYc0JLH0GTH0HAu005e
g1_KGWkAAqQEv8Eiscwp82pecmVQefJlqqtfTsT-zpE7c8	pathagon-rules-v1	7	14	3	140	090A080B02010304000701050C060D0I0H0G0A0H0B0J0F0C0E0K070D0M0N0L0O0P0Q0I0P1C00241QMC0RRSL-by01Wi60LYBUR0005o0CB20DLY0J0D0I0CWb5v0BGWbrQv58050R4g0s000C0oQp2l59HW0L020s5NGy0L4pX05v3xBN4pRZ5vWG0Mbc385Q0T4g0A392P42Qt03020A5SAq3uG90U5S0t3r1c015S0t3r04015a0tLX1Y3s2N02052d5oAq4p05Lm5oAq09
g1_KGsfY0g7TeNcYgHYCvCtHJNcbSu_nOZRVOJSZlnuzCE	pathagon-rules-v1	7	14	3	15	040Y0R0P0K0X0m0W0f0D0Y0C060B0D
g1_KGuweQGc8pr3iQ19STa_ifALk5BJ6AWZ5Tm4_-4RYHE	pathagon-rules-v1	7	14	3	39	0D0R0h0e0H0c080m0I0l0B06070Z0T030W0Y0J0K0d0i0g0S0M0f020U0ac20DGpPh3O0TM96HMT9R
g1_KGvBKbZwqkCBF9zL3lYHW1IbMDqoS2xSeXpaY4kwM74	pathagon-rules-v1	7	14	3	14	0O0A0k0B0V090d080H0C0X07060D
g1_KH2Lp7vLrAo-vbq73FEBpCR3VIZcIcczldkjIzQpCA4	pathagon-rules-v1	7	14	3	52	0605040D050C0f0B0J0I0C0K0Y0R0m0A0J030H0Q000I0P0J0X0W0e0M0201030P0A0d0y09bf0O2J02700V0_1Y6T2QBx0_HP6TMtFh
g1_KHHMK-7-EqPom8zSxdVP7tlprQT9IteyXgktfJKbxxE	pathagon-rules-v1	7	14	3	25	0706000E0L0S0E0T0Z0U0S0g0M0F0l0a0h0i0c0V0h0j0b010a
g1_KHLjSyFsiAK9UZ2rrMdTCZucdKqe9vQc8QWOs-UyTLA	pathagon-rules-v1	7	14	3	35	0P0d0g0A0R0V0j0F04070Q0L0X020J060i000f090W050e0h010b0T0HZnTEXg1NKs8F1q
g1_KHMd-S04EIlP5vxfwIqyWD7SXRwPlkqOhZn71TsxZXo	pathagon-rules-v1	7	14	3	30	0U0Y0Q0102040B0b0i0A030C0R000V0J05090H0b0E080A0I0k0B040A0T0K
g1_KHQeafLO11spN3yUbNTSSNFxID2P3zQsGzhy3yp8YKQ	pathagon-rules-v1	7	14	3	196	0f0W0V0X0c0m0Y0N0U0M0R0Q0d0e0b0L0h0O0S050H09030A0O00080T770P06083B4fBWN95PQn1l8B6E1UBOQQ0X0k5cJf0i3dXGIHMRS0GzXGBVMR6aGz16C2MR6aHWRvC2MRXNHWRvC2MRX2HIRv0d0OMR7LCG0e07Gv2N9H0X0LU-HWBqMm6aX9HW0L0WHPXGC9MRS0HPXGC9MRS0HPX2Bq0d0a1DH46TRhMm0e0aC9S06hH4XG0XS0C2HW0TMmXmXc0MZuT1YPTnXVZ7SGYFZvXeZ7SGYFZv0b0a0UZAXd0baf0kZ8ahXe0kYMT0Zw0jXc0bZ7ZwYP0aXc0kZuahYPTnXfZ7ZwYPagXfZ7ZwYP0hbUZC0b0eXdYMZvbTZCXdYM
g1_KHglZsAzdmu61SbSHl2Ngl6Z5Hsmd7Dxftl4htbDZF8	pathagon-rules-v1	7	14	3	67	03060b010g0R0W0I080h0K0k020D070N0V0c0J0Y0U0P0C0j0m0e040L05Xx0H0h6JHT0G0SOsArXSRA56Mn0iCTFvLaQhVk0OKPPH0WDh054504A7HX0MUZOI0Q9e540NBJ16
g1_KHksAUamMQzQ23MdvSnvDnsnY7Cldtcds1QgYH5JMQw	pathagon-rules-v1	7	14	3	50	0j000e01060205040D03090A0G080Y090V0B070C0f0F0g0E0W0X0k0d0T0u0c00XGBxZp6M0NMY51BxUBH4BIMYOoBxRMH4aNMQ
g1_KHob_aGbvW5toe-fFLjG2HqiU3rFp6zVI2bv6OLOMR4	pathagon-rules-v1	7	14	3	55	0C0k0J090V0F0g040Y0I0L0N0E070X080H0l0Q0j0U0M0W0I0d0h0c0DUe02Kr0RRZ6wX30SOJBLFX2EDtYE7UaAAlFHPx9bQb0hTw0cOy061f
g1_KHrGr_ywK5Hzxi-Ww_ws1NLcFkMQVAfNrQZf0FUMG1g	pathagon-rules-v1	7	14	3	30	010P0h080g0E0F0O0807000I0H0G0N0H0F0M090N0A0B020L0304050C040D
g1_KI98gYXbzoPPZXNEPwWcmM9nbwUPK5P_ijIT42AZxdo	pathagon-rules-v1	7	14	3	20	0d0k0G0W0P0I0e0l0T0X0H0m0N0g0F0j080i0Y0h
g1_KISNCQgAt3IwpKVy-DFyFY7RidpLWySljatIEGDaxAk	pathagon-rules-v1	7	14	3	35	020F0G0H0E0h0G040I08090F070H0g0G0N080G010i0F000a0b0c0Z010T0b0U030L020S
g1_KISTFpObuYc6U3fvE8XWv7_-bQGOzXkEkIDNjynG0jM	pathagon-rules-v1	7	14	3	60	0i010B0b0d0N0G0a0e060j000Y0J0A080P070V0Q0g0E090K0D050f03Ui1uVR0HZi0Z4b049d0TWV0hZAFzDD4T2uE4BSVmLu0i8D02Qs0XAEYX0REcM801
g1_KIVnTz5iXdVpjYULR2bYRi8SW0kfLukcNE6iiueRD20	pathagon-rules-v1	7	14	3	65	030g0P0M0k0F0i0N0B080O090T0E0d040c0D0V0I0l0S02050R0C060X0jIYOm0VaaMEJUCq0fQBM4IIUJAQ3GBtbH8x0U0MAK0PVZ7V0R4QIi07WNSt0l57bP04OHJK0m
g1_KIgYFUQDdVVRUw0fKoKWQgPQd9oGVCrOzw4hH0tWKv4	pathagon-rules-v1	7	14	3	97	050a0c0j0O0D0708030U0h0i020K090M0H0Y0k0W0b0g0V0J0f0l0X0A0Z000k0G2t0P6ADX06KX04PP078hag7B0VH-SWGjWRRC0YYr9W0LD_DX0FVK09W90fJe0OKe6pP4BJ0VGh0aTZ0dJVZg0bFn0VYrYG0QUK0ZPCPl0GHJIIF2Cc0cWdbs0Ib6Yi0K3Q
g1_KIh414rrmsL9x0-FQCq-DjWlxnkoyEEeUiI0PuJLC7M	pathagon-rules-v1	7	14	3	26	0Q0Y0X0W050X0e0d0c0X0V0U030d0V0T0O0P0A0H0G0S0j0N0I0O
g1_KIhlP91vUoENlWwpBAAPcqlFuzOSlyMB9MqFRmVE_FQ	pathagon-rules-v1	7	14	3	65	0N0K030D020U0c0a0A010E080i0Z0m090e0B0d0J0A0j0P0Q0g0O0T040h0Y0I790RKoB-0F3TDlUjGM0LFW57An0Ga40JRnWz0NYx09Dg0Zbn0NWO0mOW0IKM08D8c00a
g1_KInHgqhz0BKuxqlr_zikn-awrqqLL5mz5fpVMz48LXk	pathagon-rules-v1	7	14	3	73	070Z0E0A0G0T0e020U0O0j0L0Y030P0l0k0X0m0N040d0V050g0c0l06000b0MJS0e510IFZ0f2R6d0ia15R0wQ2Dd0XEq3OR30O0C8xb10U0MYy820YKM07Zo0kVY0VUQ0cJU0A0iLq097cAC
g1_KIqEogvlgs49utnYPwWQdHv57FuERd3BX4WOm0bOImQ	pathagon-rules-v1	7	14	3	125	0b0a0d0c0R0b0Z0U0V0T0W0S0e0X0Q0P0X0O0N0V0M0L0Y0f000G0H0N0I0M0P0J0F0K0GFOKiG80p3r1r352M0pLS1c0Q2K0p3rD41c2K0p0G3r0R2KKl0pD41Y3s0Q0G0p1YNm382M0p0P4J0K2J0N0V0U0p1YLWTyQq0q0O4c1c0c2K0p3rG-092M0pG51c0F2K0p3r6y1c2K0p08D10G2K6x08K0VL0P0c2M1a0O0oJ92M5P0O0o0B
g1_KIqUfoXmp_CpTWtZwvs24H1ImyNBAuf85MobgVAJJKc	pathagon-rules-v1	7	14	3	30	0J0A040I0B0K0P0C0D0B0I0J0B0H0R0I0K060Q050C030k04010008020F01
g1_KIsoFtYLFHEyP0YjC_KEwWuA34_k8Tzl9Tjh4OPEuwQ	pathagon-rules-v1	7	14	3	22	0a0T0g0S0L0U070V000R030W0C0J0k0e0d0c0K0d0P0f
g1_KJ1bSHgw2IAKhHf9gjDSxCHK2mfxjSNdjHHCnN-pWzM	pathagon-rules-v1	7	14	3	18	030O0J0I0H020A000V0405030C010I060O05
g1_KJ5ZMjI21D45FWWECh6y5NyR3X5Wx8duNHobr01_y5s	pathagon-rules-v1	7	14	3	196	08090F0G0N0M0U0T0E0L070S0001020Z010a0b0g0h0i030h0A0H090O0G0N0V0c0j0b0V0U0cW_39Xo033w385Q0h0A0i5GYQSFZCXdalYQ0ZZAbSakcF0hZAbSafYQ0hZAYRalXfZwbTcGalZBZwbTcGal0r002M0s3tbb3A4f1d3s00364f1c012O5Q3x1c4e395Q3x2N4e395Q3x0o4g2O021c5N3A2K4e0q001d01385Q4i1d01385Q4i1d02382M4e013u5R2O023A2N4f1d5P3x384f2O5P3x384f0o5S06382M4e053r032K360q001c5P350q002N0t4e1d355Q004gYY3A033w385Q064g0s345Q0i2N0t4eYY3r5R3A4f
g1_KJPcHhpDIzxH4LngRxat9H8vuyZJdRSW5PNahs5rgls	pathagon-rules-v1	7	14	3	39	0P030M0T0U0S0N0L0F050m070b000h090J0K0W0e0i040Z080Q0I0Y0D0cHZI8W30GEfXk0V09Mx0U
g1_KJWwr5WyW3zEltK-sZNQ8RJluAZmTzRM1yGDdCFwB1M	pathagon-rules-v1	7	14	3	18	0R060c0309020L0G0l000W010N0U04050904
g1_KJgeKa4xQHuOJ2Jc0qgE2rrJ3bQl5do-eArbjMUrFg4	pathagon-rules-v1	7	14	3	69	0l080E0L0B050h0c0A0I0G0Q0P0M030X0H0J000R060N0V0a010W0I0T9r0YD8U65-0Z0pIm0CHdUiF-AYHIb00jEXXX0CNF0ULl0MLG0D7W4X0gC4XA0ERG0REH0YSrTQJd8XUb2A
g1_KJrFFiDxNF-2eGgu7rjb_DshO2nUwpfeCtUJbA_l-FM	pathagon-rules-v1	7	14	3	71	0S0d0a090P0C0F0Q0h0k0W0g0T0G0K0L0E0X0U0i0J0L0j080I04070B0A0mCE0DNXLG960R0VbrO00eas4NOa0AD0QD6D0041RV0c0VEA0k0U9vUYaA0VX7PL0EFVC90bAe5tHVMx0M5D
g1_KJxiCZv9nkljb_xjc0gaXsNlsuVWkSlWNbJ1zWJeKDs	pathagon-rules-v1	7	14	3	38	0Z0g0A0H030I0O0B0H040P020J030I0Q0C090B050G0N010G080F090M00070E0LRh061D000L01
g1_KK4JaXn4G6Xp_ICRFfkiQVsPiNiUbgfR7tXCDn2uWe8	pathagon-rules-v1	7	14	3	38	0G0B0j030m040g0P05010b0D0c0E0O0Q0C0V0J0A090F060I0S0H080k0O070K02Zz24bX9S0B8s
g1_KK4Rb4dLSu_Z219jIOeTBgIJEv23KZx9L_9zXa-mBY8	pathagon-rules-v1	7	14	3	65	0R0D010d0L0K0b020J0F030U000m0V0X0i0B0a04080e0N0c07090j0lHM0Y0S0M1o0AMR0CIm830Q0FYxbo09U_Fa0L0t0NOy0RKjLh0LAl0G0TNl0ZJW0U3Q0g5q0P1N
g1_KK51HhRFrXKH4pyrfvNg4fYev07IHRwpzFS0KAcxdPs	pathagon-rules-v1	7	14	3	54	030G0H090M0h0A0B0Y0f040X0D0e0U0j010N0C020A0O0B050a0T0R080F060G0ICs0N0V0a1r0b0O07FS0UMC0N9u0P010W0O0V0NZtcG6o
g1_KKM0frB3F2IoONazvkdv_VBe0YoTZYdV6_a5VYaVDmY	pathagon-rules-v1	5	8	3	25	04030208030F010700060E090D0C080B1v01Bf050J7y460413
g1_KKRXD87Gzelcn2pVa6PlpH114Duw3rB_qcXoMYg3KI0	pathagon-rules-v1	7	14	3	48	01030i08020009070A040B050C060D0H0I0A0F0J08090G08090C0A0I0K0B0E0O0N0M0P10000G0N070G0O0F0N0L080Q44
g1_KKZYqJ4UcyLiob2WMnt-WwCCpjuArAePW9Zd5LUZ1y4	pathagon-rules-v1	7	14	3	51	060D0P070k0B0N0C030Z0d0K0I020H0g0W040O0h0E0S010e0m0f09000c2T019fJuYGIw0FJz0L0BB4276cPw0DTy0i0WMT9bSN0A
g1_KKabw9FPU4fauEMA0rQJCLA-S9BbKMqQy89hQgNtqMA	pathagon-rules-v1	7	14	3	90	020U0A0c0J070M0l060F0G010E0N090W0B0V0d0O0H0I0b000j0c0P0F2y08Hp0gWh0WFX0I0e6SAG0M84Co041q0kIPW46-4XW_0N0PBw0UB2R0670JXo0BbkI80C0Q5Y3u8V4iAp3H4N60LY0R0DWK04FM3u1c0J2M0H0BUw170d0NV5O4
g1_KKc1RWK9geuWNyQrCWSvPoGXZJUXZiVS7ow9u84_04I	pathagon-rules-v1	7	14	3	100	0c010j0A0P0Z0l0J0h0d0H070V05020Q090O0b0m0D0U0B0R0Y0I0W0e0X0P080C0N0gZs0TbPM99MK0WR0SYQ6O03EkR42H0iAe0kMV0FbE0Lbv810E0H0iAw0l0BYA04Fm0KFH0d5t09aU0dMl0kZX0RXe0gCD0f0L0mbI4E0X9c00WhFc0lYv0PPtXCNU0dZl0h1E
g1_KKjFU1smiNJjDz7Kk8YlDChM1QNRewqZfVBK4ykDPlk	pathagon-rules-v1	7	14	3	23	0104080S0U0h0g0X0F0Q0M0D0T07000K090L0N0A0Z0e0a
g1_KKknMeFSzT5Js3ePyXVC1mdpCsMWED-q--0s1x2j-lw	pathagon-rules-v1	7	14	3	71	0V040M0c0d080W0B0j0X0l090S0F0G0Q060O0P0N010U0G0H0Y0I0G0Z0T0c0A0V070m5ibqRZ4297Ro25TwMh0hHf0KYc0gRk0NHCLG0cYOZvXebUZC0ZZycEbS0a0j6C0C2MYo0U0bRx
g1_KKlVOJYkkabW75WrKX0XHdDEqq3Iss23K9b5NNcB004	pathagon-rules-v1	7	14	3	90	0i0S0m0I0j0X0L0P0N0T0C0M0O01080A0U0B070W0H0c0f0J020h0Z066N0dIo0SRq09c5Qm2o02Kk0cHN0JZSXv0KVO7K5v0AMH0gEw03NZ0S2R0U020h7j8X0ZMQ2u0C9x057TCC09AaIu0E3g0U0dZpUWBgVE0Ec6OC0jYA0mNZWk0h27
g1_KKsCK_N8hJ1uWo012pN8fobxrP0mpBEjWY5QkuqQGVM	pathagon-rules-v1	5	8	3	26	0C040302010B030002070608090D0G0C0N0B0E0HIk477k0w3P6I
g1_KKzLoG_zIvIvhTxo9QAbekpt_AJuzMJEXHWQ38-sVwA	pathagon-rules-v1	7	14	3	26	020T0N0U0b090U0V0G0U0i0S090W0O0H0L0F0O0G0E0X0N0Y0M0U
g1_KL1CIgbyEv-Dpp-SWe9VoRUlJ7Ejr6EgY23Qj6KTWRs	pathagon-rules-v1	7	14	3	33	0G0Q0T0P050Y0A0M0N0V0h0X0m010k0f0g0d0a0i0E0S0U0c0B0Z0K0DGNMD9TYV4f
g1_KL8jfIsDVBDIdOzE8bMhc7HF63YRQWaM8b97Qpkc0sA	pathagon-rules-v1	7	14	3	25	020a0b080Z07090j0i0M0k0F0G0N0U0H0N0G0L0E0A0M0O010H
g1_KLDY0ZWwY8bz_v3rU2mOum5UJID3CIntii3H8ALWWJM	pathagon-rules-v1	7	14	3	62	0C0J0S040E0d0U0Q0c0g010l0Y0A0P0X0R0M0D0N0k050I0i0F000Z0O0V0fLVVL0K0eRiWdGr8mNwNEK4ZVUGQ8CN5HJy0z3o05bgD40G00DSXF0G5X0lVgBk0t
g1_KLFjdxcAGkUIIIzc6Su7RoyHk4MyvSnish1z7pk0ANs	pathagon-rules-v1	7	14	3	40	03020401000506070508090A0B090C0D0K0J0D0I0H0G0A0H0F0E0L0F0M0N0O0P0H0N0Q0OB90JGI0K
g1_KLIVSvHB19mryDg7rcUFD4r_s2dPW97QrDzuvKpg-aQ	pathagon-rules-v1	7	14	3	25	0Z0d0V0i0J0L0I060X0O0k0B040S030R0Q0A0P080W0H0B0h0d
g1_KLQeutHUHjM62xIsVzeXRB7hHbRTe8nnKmOv4NazSIc	pathagon-rules-v1	7	14	3	13	000W0S0G0E0f0Z0H0g0I0L0k07
g1_KLT7Quiyc_nunXTWFbFfqI7x_5dSyeGJdVTgPEsGgn4	pathagon-rules-v1	7	14	3	119	0R0C010d0k0J0X050Q0B0W0I0P0d0e0K0l0Y040R0L0D060f0m0e050c0V0O0H0V0A9C1aWB3u0r2J1a0B031QR50Y2UHZ3mag0kZwaiYQ03bT0dZC02c933bSBTZvcE0DbUZCZ-0jakZy0j0dZyYPbS0laibUcG0mZycEZDWsbP0l0YZBcDZ-WtbPZC02ZycEbW0l0f4c3s0k365Q1c052M0t3t4g395Q2P0N090O5aZO
g1_KLlpqpca8IRxHTAN8Obz6gi6YeakGFfvyGdqPuzK3HY	pathagon-rules-v1	7	14	3	102	0H060A0l070W0a090G0k0D0Y0g080M0R0b0S0d0J0T040K0i0P0h0U0eDr0B0jV_BNR1SM5vWV0FNG0OZG0ZGfU4K809XFSK30Lv0QYy0cJr0UbT0Nbm0cQr0YOsIU0O1v0aC20mDT0lFD0E6b800RZ10fJe0H9o0CY3Ul005d0JO60OWO01AJa90T7AXD03GU0C6W06RU05
g1_KM0XItxPdZBcPfQ0iIClB_L4ckt3HArcSGuOYPriLqs	pathagon-rules-v1	7	14	3	51	0G0F0g0d090I0j0Z08060f040M030F070c0B0Q0a0O0W0T010e0H0E0AW50S7d0K8PGZ091YXKPebBMkHl3WKP8k0lMPD49Waw0D7A
g1_KMFTZLIKvKRtCJFnm8ycnok5XKO0fa8lP5We8ddcUcA	pathagon-rules-v1	7	14	3	16	0c0j0U0i0k0l070k0A000R0m0Z0g0N0h
g1_KMFi-DtIDpJdCm8MBTd9QhllIGOXufmrEgo09kMXtfU	pathagon-rules-v1	7	14	3	43	030S0e0X0H090l08060N0V0R0T0m0Z0A0L0O020P0D0k010f000b0l0B0g0d0S7R0hIV2RTi057vN0Uu4q0d0u
g1_KMJu9Sis2iahhQOIgAigFH2vW_IALLb57fcP9hSvIv0	pathagon-rules-v1	7	14	3	31	0E0P0D0C070N0L050J0T0V0i0I010l0M0A0k0j0R0c040W0f0Y0F0306B70h6J
g1_KMWflPaAQO44KX7qn8x8hQPKhLWUVA3nVyOjALwMH9w	pathagon-rules-v1	7	14	3	38	0j0B0d07090c0A03080V0M0b0W0m0E0U0a0h0i0T0P0H0K0D0g0L0A0S0I0O0eUH0cEJ0PTc0N0Y
g1_KMjOSB5yN1NI7ip5VdEWR9hJGyCvwaeEJwgToc3EOgU	pathagon-rules-v1	7	14	3	126	03010X0j0i0Z0l0C020D0g0H0J0M0c0W0A0R0N0d0m090P0E070k0I0Y0G0UIt092O08EkQrDLag0kC40FVE6CI1920fKN0Ib90W4M0e0N0daX0H5F0aPF0QCy0UJ30ARE0YbU0QKM00NU0P3M0MYXAw0EO80D2c068I0I0dF40lBo0VaPUG0LEI098yLX0jby0mKo0HWjHr0NV0GC0GIiZMHD0j6KZUGC0jIiZM4z0j6DZUMK0jIWOl0T0_
g1_KMwSsfgArXu-4QuPHGbij1ZOXu7GTfA3smJAM9dW6jE	pathagon-rules-v1	7	14	3	20	0S00060K0A0H09030Y020R0G0L090h010X0J0U0I
g1_KMykIjeQgjBI5kJkIRWZyXMxN3__BIWzp2TJqQf-reY	pathagon-rules-v1	7	14	3	69	0H0W0a0C010X0c0j080Y0b030m0S0i0e040L0R0J0K06020B0A070G0PGk0gZ40KDa0iUtGa0TFKE40HWTX40hMLSnE9NS8K036J0OPh0dYc05IYUv0dCQHD0W0EPX0kLh0KcD0f1v
g1_KN8AZhfIyH51JUWutGKfBVgezZJSggz2O3AYMD4vkfA	pathagon-rules-v1	7	14	3	75	0k0U0W0i0f040C0K0Z0Q0g0P0M0b01020E0m0L0G0V0J0j0A0c0d0F0Y0ecG0m0h0aV50X4aH18x0ONu0fKh0Q0R9U0cXPYs04DO0dLz0U1R0ePm0W00bx0JZ-0PS20Obn0iI6810H0UL3Ye0A063u
g1_KNHQMsFN0aUHVtG3HSyOEzD0hrxq_LkMikkhSOUTSs0	pathagon-rules-v1	7	14	3	27	0l0I0U0A020V030g0H0K0A0e0O0L0N0M0T0k0j0h0X090G010b0C0c
g1_KNYO6KCR-IjW7O6dEQSoLrcFdb1_CR587AZqULRSlLk	pathagon-rules-v1	7	14	3	33	0c0Y0N0J0b020E07080L0k0g0a0E0O0D010f000Q0X0G0I0d0U030i0V0PXF1cLB0B
g1_KN_T7fUEQyYkN1LH1pqPjykIUV2Lm1kcf7bUt68-eKs	pathagon-rules-v1	7	14	3	196	0U0N0G0T0N0M0F09080A0H0O0V0N0H0G0O0c0b0a0d0b0W0U0P0I0B0H0I0k0j0i0c0j0h04038K090h0A020H030GWy092J6x1d7h0t2J4e1d350q09045N3C03CM0w4c1f0G2X16685U08H4166870080F0_090F680GGzBq0_CG6a0FBq0_MK080E6v6A3s380q051a3s34032K360q001a4d380q001a0o34032K360q081a3s34092K6x0q041a3s34032K7i0r34032K360q09080G09BV1a3s380q0F02CG1f7u010uGsBq1m010uGsBq1m090uGsBq2X0F0u0GBVH46TCN1DBVH46TMK1DBVH46T3s0pBV381b2O0p0F353u
g1_KNaIrL1BF_EtuY9tC7AWlUZCO4HjYZ-ZBuM_kSgn5do	pathagon-rules-v1	7	14	3	85	0d0L0l090e0E0N0k0Y0T050X060G0H040P0O0h0W080d0I0F0M0f0V070O0e0g0U084b0F0C0NaJ0GQ6CJ0F0VPt5y0MRJWbWz0U35N70B6G2m0A0UA8NAbk040j1jLe0J0B4oGA3xAoA00C5P0A356y2J3t1c090y5A0T0SJj
g1_KNltCtL7r5OM62IBikNT8dHqmbysmeLkUfWSmGbEsd4	pathagon-rules-v1	7	14	3	24	0I040B0P0A030H02090W0G0L0O0N0M0D0O010N050C000J06
g1_KNs0hCn7OB8MrNnwP0TE9oIs18Sg-nUrUIkze4ZBGH0	pathagon-rules-v1	7	14	3	29	0F0M0i0B0b0U0O010V0G030P0J0E0e0N0c0j070F0I080L0O0H0Y0O0a0A
g1_KNzZ469P2llL0_WtvZtnbK32WmCVbVifyYlH6jdryrg	pathagon-rules-v1	7	14	3	42	0m0d0c0W0V0O0P0Q0X0P0W0e0f0X0Y0R0X0l0k0j0d0l0e0k0i0b0U0N0b0h0a0i0T0M0g0ZXN0gNJ0T0EXV
g1_KO6JrwIUOMjcO5MVdeiYIKT4Ag3xovepDp-x046jUw8	pathagon-rules-v1	7	14	3	36	0M0h0Z0I0K0e0Y000P0X0F040j01030S0L0H0B0l0S0A06070O090c0C0i0BI10MJHazMx3t
g1_KOC2e342R-N911T79gBk0BmWXRnS5mS8ouGwCeFO7dM	pathagon-rules-v1	7	14	3	77	0O030T0K0I0c0L0g0M0f07000A0V0E0U0X0k060m0j0H0l0h0G0Z0D0J04080H0WH1GSBJY80hOf05MY0DU1ZdWP550C0dFM6J0GTcCS0JXL0jDP05O80b8G0TJn0k2w0iLF0R3f0W02Nb0BEt9J0QU54E
g1_KOSP7PilXl4exMskKowXW0fIBmS6ZHKtDZluQaXB1AQ	pathagon-rules-v1	7	14	3	22	0g0a0D0d0F0R0B0c0J0f020T0b040G0S0k0U0m0e0X0V
g1_KOccjf1dhDt0Ok0S8G7a_NDkt0jKbd10CBMClc1-WWQ	pathagon-rules-v1	7	14	3	66	0I0i040a0E0X0Z0h0A070F0B0M000V0c0e0P0T0b0K0D010C0j0O030I050WZb1N000S21UC1CB892Qh54TJRi9MVOPXMBBJO000Vi0dN30ec20WOi0eQQ0c5706GV0eCl0T
g1_KOdHKPcqIed7mnxQ30p9dzOI9BIKESTPPv31sE551JI	pathagon-rules-v1	7	14	3	60	0B0k0P020L0e0T090i0F0D0j0a0Z0N0I0d0X0S0l0C0b010V0R0m03040c0Y0ECx06am3k020Hah5QFHA3bYBrVd5w2ZXhQCEA0JJ10KH70XB8T80WYl0N46
g1_KOfUwPbS44wxO82Zz4IuvmfHMy30NKNK8yHCOhIgj8k	pathagon-rules-v1	7	14	3	168	0K050V0c0j0P0k0I0e0c0S0X0g0W060a0J030O0d0D000Q0f0E0P0L0C0701ZU0ZGo0HKs0hXd0C9j0N0b3U0W0Oal1EMl0d0cRa6a1fHP0WMt0U0J0VXN6oRv1KMKXNHWRvC2MRXNHWRv0Q0MXabyLRR7Wi0JcAMCREGd0K0QM5RE0Jc3WwM5510K0QWbcARZVAMBWbcARZbI0XWbcARZLDM4WbcARZGdLmWb0QRSc3MCQTWURSc30XGr0dRSAVby0KBGGrWUKuM5by0Q0K5bAk6hM6Gz160C0XRnGBR7XM0Y0MAp5aA30F0REm67Q8GqB2bk0XLm5oAqKK
g1_KOg41lP3ykXgLpyIy_yOiFKypQWaWcDBoWF2OnCAe3I	pathagon-rules-v1	7	14	3	33	0k0O0h0i0j0c0V0i0H0c0d0W0P0O0N0G090A030G0V0O0F0A0B0G0H0A0W0O0I0H04
g1_KOnReabXoKpE1NEwLpyEyoP7AM9b-Iiv_UDq3VKBkms	pathagon-rules-v1	7	14	3	111	0Q0R0X0Y0e0W0d0X0P0f0W0l0k0e0m0J0l0Q0I0K0D0V0C0W0B0H0O0c0I0d0j05064g0CDt0H3u0C4g0536030AZF04363u1c092M0j3t7k35WD2J3t1c350q2J3t1c35FN2y0p1Y355Q0J4g1d0A2P0C4p0s5P3AAn4p2O0G380C4f5S3x04GIbr0m0JcAbWRY0Y0kRE0YcA0QMC0R0Y3Y4w0NAO
g1_KOobEycXBDzSv74XmR5gp1G3hDKSGju6aSeKNLGnHk4	pathagon-rules-v1	7	14	3	89	090b060C0U0m0I0O0Z0i000H0R0L0K0c0J0W0S0Q0j0A0E050d0Y010P0h0F7o03XvJeRy5HMMLQ1aKD0f0GBaEW0XYKGi0T0KNN170T5A05Wa0TSk0SJj0FLW0OKH0R4N0fI005Sh0hR50e0O0WJm07IS0HKA0BFF9i0Jb74Sc5ZC0I2x
g1_KOupcrwG3yHLnb9KK1hhkguS8XDzRpjusvF9woEQLbY	pathagon-rules-v1	7	14	3	130	0B0J060I0C0D0W050K040D0H0P0d0S0C0B0A0g0I0C0B090O0f0G0M0N0F080V0U0T090U0c0b4OXG5GMRS0HPXG0VMK0MH40a6T0FBxRoGz5N0M07MYBxHr6hGzMYBxRo0FGzMYBxIc6hGzMYBxRo0MGzMYBxIA0MHI6TRo0N0719MYWA6aHkC20_Gs6TMKBxRoHP6TMKBxRoHP6TMtBxRoHPX2MYBxRo6hGzMYBxRo0MGzMYBxIA0MHI16Ro0QMmI2
g1_KOw05sZUpt4KE3Lo5ABsw8Qe7O1A9oHQVx3jkdnqLCs	pathagon-rules-v1	7	14	3	13	000G0E09070m0g080L0c0Z0k0S
g1_KOy8emgqn-NlcQA8_4OrjidlO-f-rY3f19jhxU2toXE	pathagon-rules-v1	7	14	3	38	020N010l0d080W0c0k0Q0R030h0C0D060j090Z050S0b0K040J0L0X0G1i0MLk5E0HAaFZ0maZ3Y
g1_KP-xGGIO7y3wYrkgbT1V5b1g4puSxYo0OxAz6pdgkLA	pathagon-rules-v1	7	14	3	82	01080209030A040B050C0600070D0I0H0B0J0G0I090K0A080F0E08070M0N0O0LJQ0N0O0M5m061q0150052k02LD60LY0QQuWb5vAq4p05Q_523w5R062M4e3w040C5S03060p5N1e01GI15000J014o5S06045aLY
g1_KPUTlVhh-fMwgJylDz56q5u4e6xM44bYiGFqiWStd8M	pathagon-rules-v1	7	14	3	196	070E080F090G0M0N0F0L0H0M0G0A0O0V0U0T0N0U0S0b0a0c0Z00010702030j0i0h0gZw0jYQ0h0jXm1d0t0a3w2N34Rb5P0301agXU0AHW0aS04OXGYMMu0S4g0a2MWz3w7k09035GRf0t3r080Z5O0r684jBa430F6T07BZ4i390q0M023r6C0T5S0t3rGw0L5S0t3r1c015S0t3r04015U0_MDHI0L0T0E0M0FXU0aMt1DRa6hX2Mt0SSFMm0S0aXU1RMD0S07XU1RMD6a073w38W-0Z4g0s3A033w385Q0g4g1Y35033w0r1Y014j1g013w0r3A1b4c3s0F36031c092M5P3s0436031d3x2N354f0p3r1c09030o5N083s040s
g1_KPZTU_XWsEGsg6jJwrKqY29ltLDI0xb4yHVsgVCL6NE	pathagon-rules-v1	7	14	3	28	0S000Q0N0Z0A0P0X010e0Y070O0c0R0f0T0B0a0M0b0U050V080W0g0L
g1_KPa4VtWSPvfiONgBl0yxXdKyEgvBxbuAzNgLOSVZr-w	pathagon-rules-v1	7	14	3	35	0c0L0O05020M000C0G0i0W0m030V040l0Y0K080D070k0e0a0A010U0fPx0d0jbG12Us2o
g1_KPbFUovRkdkxeAL59GgY39Sq_-7FEcAEoTMGfGYKZhQ	pathagon-rules-v1	7	14	3	30	0L0H0j0h0N0J0O0M0D0k0Z0Q0K0a0U0b040B0T0F0S0I0i0R0b000a0G4a0E
g1_KPcPA81HTsZPUbINa7PSsdJEftHR6fmYjTJ-qXVho7A	pathagon-rules-v1	7	14	3	18	010g0M0h0G0i0A0j0H0k040l0m0Y070e030X
g1_KPeoGf1j2JCOq0PbHgjJZ74gD96qa6E5PrIdwChOiZw	pathagon-rules-v1	7	14	3	13	000G0E0W0S0D070m0g0H0L040Z
g1_KPhFPW3S25nleOYa2OtM2Ye2X2z7AN5VUReRX3lxUc0	pathagon-rules-v1	7	14	3	18	07000C0E0801030F0f0K0a0G0W0H0i0I0Z0J
g1_KPhcaf5IuWcJkdlEmVDNpcJkocmOyS5EqfXxRuAA-t0	pathagon-rules-v1	7	14	3	65	0M0T0N0U0F0G0E0N0L0S0Z0a0S0b070809000801020g0h0i030h0A0H0O0V0N0H0G0O38030c020AX00g388U2P7i3-384f0A023w5R8X3G4p3w5R2M024g2O3A093wAm
g1_KPiULp8okuV3jvSUjwgXOI4sp4SjzLSsnn5LodF7H7A	pathagon-rules-v1	7	14	3	59	0d02040i0U0V0a0N0c08060A0X0T0Y0l0D0S0701050H0I0U030C0g0O0jYuUdIxS-NE6R0TZNDoBRNgWR0a4ES-0bRl5n2G0eWK0Caz0MaB040E4n9-3j
g1_KQ0U48kVaw9pMyz3aqvc_LWngKvlocfkh4cWymEacFw	pathagon-rules-v1	7	14	3	42	0008070i09040g0N0L0E0F0M0T0G080F0M01020F0O010N080G030S02050Z0B0C0J0a1S0C6L0607006G05
g1_KQHd5PGX2UHD-686XC4LIpR2z1rqOcsSwzWPF9LXbwY	pathagon-rules-v1	7	14	3	65	0S0X0G090m0E0I050Q060M0H0Y010f0D0L0i0W0k0l0N0B0U0C00080a0d070K5cbJ4e9jBbQt1mRzOUKx0AGOSW080hKLIfEl7v0UApI9a20eBe048e0Kaubp0GNwCSHa
g1_KQIuIBAVp9dcw8TxyWq98LwLN-6ifohswTMAZe-N2GQ	pathagon-rules-v1	7	14	3	33	0k030B0A0l0V05040I0E0d0O0C070W0P0H0c0J0Q0G000N0X0S0T0W0e0i0d0U0Daa
g1_KR2laaMjjffLjW38XjYRGUB1kOIUI0obj6EZGrobFfM	pathagon-rules-v1	7	14	3	54	000h010F080A070g0E05090G0H0T0203040M030N0A0O0L0a0S0U0Z0V1M00SG0a3d0j0a0i03O33Y0c4L0dEW0VSy5E0b1OOOGrakC-0FDm
g1_KR6RGZ9pVFUmfQPq7ukYHwP3NkYgN7bRQ54c6We76sA	pathagon-rules-v1	7	14	3	74	0a010c0G0S0T0U0B0h0m0i030M0d0b08050T0j0A020Q0f0l0g0O0400Wj064j0F0EbjYL1dTdAGTwUnRvNiQK0VHDCxBi5_Zd0m46016JDU0EVn0CKr0X7A0RFw04980YN8MT0TX40ZBb0iDQ0a
g1_KR8c4M63HokTD11rt-tn90Khz9EYHBmDNCHdonL97WU	pathagon-rules-v1	7	14	3	51	000M0I0T0J0A0N0e05020k0Z0H0C0E040b0Q0l0S0D0P0F0R010Y0X0d0f0JB20a21LM0oRTC100064JTFABaC2e4n0G03DD0RXs0e
g1_KREryeADTfJufyCrww9f0xaRP2X8hDyIPF87qqKWjqE	pathagon-rules-v1	7	14	3	36	0G0F0908070E0800010207010N080M0L0U0T0S0A0M0T090C080M0B030A0H04050G040A0D
g1_KRhkYMzKn4Zh_ZsnaVfiWx_3FWQ-tCJOYP-LDvkvcEg	pathagon-rules-v1	7	14	3	59	0A0D0B0V070m0k010Y0W0e0a080F0K0l0P0L0O0T0c0G060X0U0C0D0N0Q0f0R0i8j09GHCXApDGKVDyFDPJ9PWROBc00W006Sb2Mh0PXJ07O508Jo1m5M
g1_KSPyarOTtzXG_jpm2JIMDNQFVQsmCfqhGY4g3dcSzIU	pathagon-rules-v1	7	14	3	36	0b080c03050X0W0O0Q0e010M0g0L0E0N0Z0I0Y0H0k0S0K0D0G0V0T0X020h2i7808XuGm3F
g1_KSQSNFHmZYPMB4h1TWxCgFA_7YmrQvhLa2I805M6rJU	pathagon-rules-v1	7	14	3	61	0j0J0U0b0B0V0A0g010P0N0l060a0S0e0Q0T0D0I0U0c0Z0C0T0K0O070H0PZf0G020F2D0H0KF3O4TOXiAVBN0mGi09IW0O0_Jt09XS0O0QWR6V0M0O9sbm5U
g1_KSTvUlqGkx8KfNyzo50lNsYou24i0QKRcq5vOw68xXk	pathagon-rules-v1	7	14	3	79	0G0R0c0Q0e0Z0b0N020h0B0f0i040l0j0V0d0T0U0e0L0K0D070i03010F060JH709BA0dYM0mO46UIW2gRc0EXRHdDv0K4NCJ5R0aZB0HM30R6I0g750ZHK0EV70O8u0M0hbDOMbe2n0JY9IC0XFoag0i0lE1
g1_KS_6It-Z0D_HtzQ8zcl2PJkOpElarL88aCMbxpgvgdU	pathagon-rules-v1	7	14	3	56	0X0Q0N0U0J0E0e020f0i0Q000b010Y08070U0F0G0j0O0R090a0V0B0P0F060A0I0D5h0N148uYf9T0BIeOs0mKW6V2wZj0FN80O0P7G021o0WJQ
g1_KSfUlDWf_CURsmwPlw8ZFRGiSkaQ4EBPW6ic2v6Kzlo	pathagon-rules-v1	7	14	3	196	0I0H0P0O0B0A040W0V0d0c030k0j0U0N0G090H0N0O0G0b0i020h030a0A0T330l0e0kc80M3a0X030e3k0ZTY0b0T0UXUYMMYYv0EXU0T0FBzSEHPMYNQX9RhGs0TBcMR16080E3r6902090uBV2XHI6T0uBVMRHI6T0uBV8SGu0A0o682M8T0A0o342M020A0o8R2N36030o342M3t0A7h382M8T053u1c2K0p003u1c2K0p0i3u1c2P4e053u4g2O0A385Q4e093u7k2O09389F4e0B3u042K3t348U1c2K0p0A3u1Y2K8T040o342M3t040o342M3t050o342MCI040o342M0A1a0o34032K360q041a3r358U2N0p1Y353u2N4e
g1_KSvnfolo8L8dIhFEkksMKmCLRJ4Koh07n2S4dnk5FMk	pathagon-rules-v1	7	14	3	150	0C0S000i0Q0f0U090B0m0P0O0l0H0D0T0e0j0a0V0b0N0J0W080F0Z0k07NG0GCH0hDrDSPF9YZPYMJqKnYyHxbvBK1c5i0j0mJm0UaS0e860UEm0Y0HHa0CFQ05aCP90VAb1I0lPC0V0W9o65066l0AXG0Mbz0EPO0PQW0EGL0J7G0OHM0XIg0M6S08PQ02Ya0hLn0jUe01B50i8Q0gEv320f996l0IT80eOF08UnEa0IVRIV0HEoa9Rl0UGF4u0QarPP3G8o4QDQ0d82550KV0Q-0DIc1qbu0J9a5d0d2g
g1_KTBBU8w-IxWAIS5VaS8-2GAQ54NZ6n0ZHSYIbxW8grA	pathagon-rules-v1	7	14	3	75	0C0a0k0f0I0B040l0Y0i0G0h00060A0d0j0H0L0D0e0B0W0m0P090d0E0C0A080VUl0b7K8B0Sbf0K5WafbJGTQVRZTj0tE90HWiM5V8by0UWU0G5aYhGyX_GQ0KMRS0HPSg6Y0XXX0J0VHO0Q0eBo
g1_KTD_zXsdNShWu931bQDWV8HLF_E9Kr1BIgCQI7aqrzw	pathagon-rules-v1	7	14	3	39	0R0W0b0I0c0N0E0Y0M060J020G0Z0A050L0f080Q0h0H0d0P0i030a070FS2YdEZDj5EFV1WTZOE8S
g1_KTDtSIOAD6F1O3Ck4G37URGfRdLAhlXAixAWhFKrIbs	pathagon-rules-v1	7	14	3	38	070J0E0A0U0k080F0S0L0h0i030I050b0f020B0G0Q0g0l0e0O0R0C0m0X0Y0dDi0ZH3L0CzNp32
g1_KTQfTRpJmVC7d676_W6fbHGqNaUuw88KqeuC7P4sxW4	pathagon-rules-v1	7	14	3	55	0G0X000c0m0i0O0k070M0L0J0h060j0a0H050F0W0f0U0S0Q0Z0d0I0Yc60PZ-0DMe0KD5VLT7KMCf0BJH5sEjGnM6U50C0Y7E06AO0K4H0C1m
g1_KTWubL2YbQ77PwLXTojurJ0xfq4nBRjdI9y8syt8BdM	pathagon-rules-v1	7	14	3	67	0h0Z0O0g0H0P0T0L0X0N0e090j0b0R0l0Q0W0U0O0C0a0i0G0V0F0M0D0W0OVd0mLu0b060L0U0M0bWz04RdPRIx3z0NZJ2N5P35093r4jSEC208Y8X90W0uRa0T2KbZ0Jap0s
g1_KTYTHJ51e1y1b4ECAKMWFi631L-CzoK2fDTynnMqBSU	pathagon-rules-v1	7	14	3	26	060J0I0B0H0C0A050403050B0D0K0209030A0G0109080F090d00
g1_KT_L2V68DKidnnsNXN5OrCT9YJQqZER1xMGjT23ZS2s	pathagon-rules-v1	7	14	3	55	040g0T0F0P0C010B0K0D06000j0G0d0S0a0k090h0m0M020X0D0I0e03ZZ0ZboRyNX0JHV9c07Y187Cd400cBEQTNW0iSZ3lEB0V6Z0jKgI80D
g1_KU-zMxR9nVdit1g0EIn8Qc1RVEihhEg2gDEZAq3h9RM	pathagon-rules-v1	7	14	3	40	0d0M0X0k0K0e0O0P0E0D0i0C0V010Z0W0G030I0T0d000N0U06080a090j040b05Gk0DEt0QTR0AVOK7
g1_KU8oAAM3POMtRhJTYb2schBGmC7qGTWLY-sU8fyyA3I	pathagon-rules-v1	7	14	3	69	0G0T0H080P0a0j0O05090m0i0h0S0B030Y0A0I0R0l0d0k0H0U0E070M0i04RO8A6dMS01NJbq3rK08yTQH302PbF9Hm1xSd0ZLs0G0NaO0WDJ7C0G092b0N0bIf0N0I0GUoZG0f4l
g1_KUM6twcmeAuBTh5EKd2bBaAFQCl8VY3XAvdWBJWYic8	pathagon-rules-v1	7	14	3	148	000W070F0B03080b0H0A0E0m01090K0G05040P0d0I020O0N0Q0Y0L0UGkREDuc3Ww4PL10H610F5HCpXN94YKUo1dOLC02j4g390qTv3s0c344q6o0FMmBxX9SS0NMtS06hGzXG080d0FS0c4HW0LMmHIXG0V0U0WS01KHW0NMm1-XG0eS0C2HW0T0J0UXU6oMYNQ0IXUHWMYWc0TXUHWMYNQ0TXUHWMYRF0a0Z0TL-W2XMQMR00CLmWb0aHOGkMC0QRSBGby0XWi0QM50XRZS6Wb0ecA0QL-0ZWb0f
g1_KURAJCqkj1_cnOQk4tMISg18nOODG-rUSWBqWC5v4HM	pathagon-rules-v1	7	14	3	196	0T0M0F080M0A090B0C0G0H0O0V0P0W0I0H0G0O0H0N0U0G0J0Q0X0P0J030Q0405020C01001g012P023w040D034w0s5o06Gd0K0Q5aLYGWR70X0DL-GWFe0JRE5v0Q0X1e0J0DRD2K6x347j1h2K0p083u1c2K6x083u092N4e3903415R4i39A03r5R4i39An415R4i39A0415R4i3903410r0D5SAq42040C5S003xAo4p395Q3x0C4g055Q4i3wA10C5S073x384f2O5P0C3A4f093w5R3A7j4e3w09385Q4i2O02042S0p5N1e7h0C0v2J1a356y0v2J1a093u0r4d7l093r5R4i390q3r5R4i392M3t04095S2P3t7k095S3A
g1_KUVRuEOWbFQQz79W-4ZMm_Fl60qhwTo7wykPR_po9as	pathagon-rules-v1	7	14	3	16	0O0Y0F0j030S0A0T010U0P0W0I0V0e0X
g1_KUe4Uo2LyohEBRETtb1QX3I-tdVtSj_hYBkQbINs-is	pathagon-rules-v1	7	14	3	58	0i01020k0403000C0J0A0b0X020I0M0G0B0a0L09080H0Q03010F050E0d070h082x0253061D0jF-ZE0aaNYE5OUyCfRE8HXADD0JUr3x0BGI1509AG
g1_KUi-k7QzzluozC-YsHy-CfUsOZ2bSfDb9jl8FnjvHKE	pathagon-rules-v1	7	14	3	196	0a0h0i0b0T0U0V0c0U0j0b0i0W0d0k0l0d0k0c0e0X0g0Z0S0m0Z0f0Y0e0R0Q0P0O0Q0N0MWV0fNC0T0MX2C9RaH46TX21KC9MD6a0aXU0TMt0aS00Z0TS0X9GzHyMmBx0_Gs6T0MBc0_GsHy6aBc0_0gMD0S0LMKBxX9HP6TMKBxRoHP0gMYBx0MX90a16M-6hSSHW160T6MX2HWRv0a0ZWx6MHkHW160T0MWx6oRhHPMRXN0LSEHPMYBxX9SEHPMY0a0_Ra6aHkC20_Gs6TMKBxRoHP6TMKBx0TH40Z0uRaBqNC0Z0uGsBqMR0S0uGsBq0E0SBcH416006MMKHIRv0Z0_MD6a0TBc0_GsNJ6hBcMR010uGsBq1m010uGsBqRo0Z0u
g1_KUyjJOxnK4CmLVRPklRMfSQ7KClVsr6AoHaF8FKREJ8	pathagon-rules-v1	7	14	3	143	050F0G0H08010G0I0E0J0F0K080C0B040D0B060A0902030L0400070M0R0Q0K0Y0P0N3j0OL-03Wb1B001x0o2J3t381b012N0p341b3s2N0p341b0S2N0p358R0A2K3t0q041a0A34692M020A200T2Q18BVH46TMK1D0VHPBqMR6aRhGsBqMR0W074I0VHIBq4q0MMY1DC20EHIBqRo0X0L6i0W0TOI0XMtNQRh94C20AXN8fGs9XPk0B5jHWRv0A6MX21KWqMD0S07XU88097a0N0a
g1_KV0libfJe-8Iw4QgRPzw7KhNA3jEZpSFRTdXCdTqD1Q	pathagon-rules-v1	7	14	3	53	0W0M0j0O0G0Y0b09070D0m0R0Q0c0B0V0h0F050T0I0K0e0d0S0L020Abq0mDjLSMx0PG3JiY3KaTURO6XRjE_G6L904W00Q2b0C0J0YIa
g1_KV9gallwNAEvwGDVc4uvQtHTTY7oQa8VMJHlBFp8-Z4	pathagon-rules-v1	7	14	3	69	0Q0T0I0e0O040a0B0c0A0R0g03070Z0S0m0X0j020U090k0H030Y0b0L0M0E0G06aEMDF396Kr7t35QRCp9e0iKE084MTIMi0IXO0WBe04Va08GS0A0P09BL0O0H0G5Q0VH50A0Z0H
g1_KVOcbcikR_t25ZNpkqq2XD8wIIPNGNTVwQJltIwywCI	pathagon-rules-v1	7	14	3	58	0009020h010708050A0309040B0C060k0D0N0C0c0E0d070j0G0F0H0i170b5l0FDh0aA-0NAR0FDa0T0G0S6T0F1-010N0208UI9CCNBkLYH40L0uGs
g1_KVQejNuqgeg2ILegII5ITB2k7iCJLUDY3VdiqG-hg_w	pathagon-rules-v1	7	14	3	85	0P0Y08010U0L0J0G0e0E0B0j0V0c0T0K020f0g0D03070C0m0N0b0d0hAWBhOJ1y0R00ViHE0i0M0hWRX5GNN7AUZ6017DHi9I0MSi0QKI0iFj0a3X0UWQ0HKP0k5c0aV65G0CQn8L0BA0bg08aR0aEL0X8EN7FH2m0fQcTs36
g1_KVRDjnIftiGHtXmzpcMQa93UKzjLwj3VjMco-T6n6fY	pathagon-rules-v1	7	14	3	138	0R060l0V0m000D0G0P0C0U080F0E050409010S0L0Z0W070K050D0T0a0J0Q0c0e0MLKKH02Mb0Pbh4W4kWMSHHO0V1tar0mZtbyG4RYWu0dcGYSaeL-0bby8JRZbILTWD2N0F5S3AAnR05F5o0SB2WiM5byGrR7WiM5byGrR7SdL-WbGkbrRZL-WbGkbrR0L-Wb0HBN0G3c8lLf6ZQvGdB2Lf5o07GdBUWU6nR0c3LYWbGkR7BGLf5oGBR7BGLf5oGBR7ApLf5QGB4eApBg
g1_KVUbE9H2qQIAouuQ5O9BD5xVg47a4Zkqr6bJTK1vIqs	pathagon-rules-v1	7	14	3	53	0Z030J0A0B0E0g0h0M01000D0I0O0S0c0l0e0W0d060R050b04020T0L4t3qPrTa3w2qRh24F3An4zHVMSXy0L090DWtM_OIPj0U9Q990Z
g1_KVWW7vMODwWiFuSMPbnWSR1NDZeEfFXTS_k_PUE47rE	pathagon-rules-v1	7	14	3	19	080U000S0L0E0T0F0L010M0G070a0E0V0h0W0a
g1_KVW_Ki3ropKtABhUksj-es4vNx2gjkNTyBRik6eWwxg	pathagon-rules-v1	7	14	3	171	060D0B0C0504030A040B0J0I0C0K0H0J0A0Q0B0R0P0O0I0P0Y0X0W0V0P0X0f0W0e0d0c0m5P0d3A032K025N061f2K0p003u1c015S06415R4i39An42040C5S060z5N4i05bkWw6006L-0R0ecGWw600Q0YAq0P050-0Q0C0P685h1e4d05360q094g1d0G2K360C3u1c2K4e053u1c2K4e093u1c2O025R2P020D2K5P34An1e2W4d360q051a4d5N092KbZ0tAp42040C032IVjWo0fbNWv0f310ebT0dak0c345O4e0e0qbd3w040C67as05GIbr0N0J0G5M
g1_KVcbdnsroT2FfhO7QbDfTR_B-G4CzlE_N-YVRApRtTo	pathagon-rules-v1	7	14	3	65	0a0i0V0K06020L0I0D0E080P0F0h0e0X0J0H0k0d040Z0W030S0T0g0C050m7W00Vy0RMl0ORlYF620uPl2pQv6KFuC04802aR0C9l0bOL0jFYJSUeA4BdPQ0NQAOk0e4j
g1_KVhdUxzdme_6p6EQXvv9Lh2DRauFEnsKvU6aGMx9l3w	pathagon-rules-v1	7	14	3	56	060e0L050f030N0Q0A04080i0b0Y020D0l0I0P0S0O070c0C0K0m0F0d0Z0H000DKd3_TaKq0a6pUNE-0QXw2vAr0pVQ0ILUCW0KZy04HFBoDe1g
g1_KVvg8rY_9ORVFFOepT3xfAYAQYcG02Bvh7DPdFPqMFo	pathagon-rules-v1	7	14	3	37	060Z0g000G0M050a0H0X0N0L0A0C0Q0e0T0J0U0B0D0m0I0b090Q0F030h04Ay08EBRn5Aby5P
g1_KWE__lIZQomXntUiBcj2yctwnkqG5nG9QIpj9r3tpls	pathagon-rules-v1	7	14	3	63	0K0J0i0Z0a030e0X0E0G0C0I0g0F090f0L0h0d0S0H0V0b060k080U0NT2QnHG017iImZb1c9zRnZ0F00IYIa4Mx2i0R0BDLTY5iBrWG0OCLE00716aoRa0JVW4t0Z
g1_KWSPZZtyMrEo4Xrw0wy-zYrHpaz9S0PXExTfSOmJDfU	pathagon-rules-v1	7	14	3	37	0L070g0S0K0j0B0I0H0J0m0U0f060R020X0M0Q0N0A0d0e0a080i040lEIVAQfIxH2090D2u8q
g1_KWShUpmBCr28uR7QnZg7Eq68MhpPMbm2GUVTj98-cGI	pathagon-rules-v1	7	14	3	27	0m0f0c0V0U0T0O0H0V0U0N0G0A0N0H0P0I0O0W0B0P09040A0B0H0j
g1_KWcblK_meRPkkH3iRwTRM5uJ_fqd9dKGmn0P0edsl2g	pathagon-rules-v1	7	14	3	55	0M040K020V0L0h07010f0d0F0U0X0Y0W0G0j0A0a0g0m0T0i0H0l090EGG0QOIBtX_2g0KQE0MJkRR6s0X0aOk0UGNAL9h0RNQ0YVk0cOlM402
g1_KWdCDyiqbrO5vlvetOpkIHyXCffFJfF5ale03H1gJ5I	pathagon-rules-v1	7	14	3	15	0L0Z0S0E0g0F0Z0M0T0a070T0E0800
g1_KWgWpvXGO2PSzbwAjh1_b0Ernbq1gHhRP9XYtQxKuBU	pathagon-rules-v1	7	14	3	14	0Z0L0M0N0O0M030P0A0O0Q0R050Q
g1_KWjtOKZd-rAk2tZGfb6nzapvzeNv5hqHp94d1EvZIT4	pathagon-rules-v1	7	14	3	86	0B090M0b0O0h0H01060G040c0Q0m080f0W0C0a0V0l050d0g0U070X0e080Z03X-0Fbw0VUYOg0aQUSU004tL8Rc4ZTJ5RWX0JB20O0YJQ0cPX06aD0Lau0kMKKc9e0Q480WEJ0O6t0Q0HGj0PLODY0KIE0e0f5n0mJg0d0W0e21
g1_KWuoNyJdL6tx1wjmjAZlXH0W--x9K71s40gP7HhDScU	pathagon-rules-v1	7	14	3	30	0F0O010S0T0L080N0G0A0Z040Y0e090E0B0R0a0V0J0X0f0M0U0W0i0N9O0Q
g1_KWyZOdrX8cIER7iycPIiFU0bzzLoUNqmfKgZuTF95C8	pathagon-rules-v1	7	14	3	116	0i0N0Q050I0T090c0J060b0j0l0P0M0F0K0X0a03070B0e0W0h0D0A0O0G040f9hTq0H0M0S0UIaFt5BT2MVXt5-HdAJRoJj9a0gN_0NJd0mGg0hL2UF0QPt0P4I05P001JgDZPa02UuaM06Yo0Kaq0RVSBJRI0U4yGTHF0W0cF20O0KWfbn0fPeU10cJQSr0QFj0V0OEM0iZV0c1U0O8G0CI40lOWKe0dP-Wf0m
g1_KX0E3GXk6wh9fMkdpIcmD-LWel238ynPf2YJVRfPQk4	pathagon-rules-v1	7	14	3	110	0L000T0m0h0C0a0U0N0i020P030g0G0S010d0b0h0Y0D0M0e0E070Q060V090A5q0WMk3NW-Dd6G8h0OH80BIy0KG33RTN0f1w01bU0lKrA60SQl0Qbw05Y30b7K0gb50OGZ0JBL0DIu0hYy0T800NL_0IKA0S0R0N0L2u0FBzVo0lPZ03Hu0XOwX40ESbCu0mLh0C9Sc20MIy0RO60QFaEx0i18
g1_KX0Vv7WcuJB-BGlQSGo-3KSTfgYQMqQkI3_WyoJkc_0	pathagon-rules-v1	7	14	3	44	0S0C0f060e0m0O0H08030I0b0L0P0j0W0i0U0A0k0c000R070V040l0DM70M950KXyJ_WR6pP136DxASXI03b3Al
g1_KXMRdgDVLDlUzzQAcVo4az0yCDq_d831lqI8l5nybyw	pathagon-rules-v1	7	14	3	32	0i0j0h0c0b0a0Z0b0g0k0d0l0e0X0W0V0e0W0U0d0b0T0a0U0S0m0f0L0M0N0T0M
g1_KXQIRHwMAuEmnnEWZlgfndyxNlPi-kmcLfQ8J7-Ud_k	pathagon-rules-v1	7	14	3	48	0d0B0D040c0F08090K0C0A0L0f030S0m0M0Q0g0X0b050k0N0E0Y020O0h0L0i0jBz0H0ZQp2i4sBEbcOO9MUrZoWL06X_17
g1_KX_rtHxkjC12SAMtM4ocRGi1-ZKTNaxUsnlewlAiEYg	pathagon-rules-v1	7	14	3	40	0k0H0j0A0M040X000F0L0E0G0i0l0m080T0J0O0R0a0P030K0D090C0WJZ0ZaR0JAL0BSM020l010k41
g1_KXfUPHH5PmpyLTlVoGmrpv5w7Xgs63PWSkDoyWMGsUs	pathagon-rules-v1	7	14	3	64	0g06070J0F0V050h0N0k0K0U0I0T020Y0m0O000G010j0i0W0a0C0D0b0X040M0E0J0l6lJQI4Pq0LDP0wOgA-0eQPZR2k8wVCRF0hTZ0jBJ0cbN0DJo8C0AZJ0fEc0W
g1_KXg7EZuL_-TVF0EF-ynlGNBb57Da_0fXMbSxEfkd56s	pathagon-rules-v1	7	14	3	59	080f0A020F0K0m010M090G0N0H0Q0d030G0J0k070I080B000a0h0O0l0i0b0ebCI50j0N6T8Y83JE2NF93A0AZnafKz090T0M5b080uWx2CEHYRcFXh0p
g1_KXsbAYk0B_3GKk1z2sylMOAdVL0shjY8XlTfW35_COM	pathagon-rules-v1	7	14	3	41	020G0E0h0g040i0c0Z0T0S0L0U0b070T0M0F0C0M050a030h0e040j0N0V0U0A0cOp0V3b032jIU0l3H6D
g1_KYQKbU50kfHccQ4ApMjWSOu-2XYur0yOvacDvqe1vYk	pathagon-rules-v1	7	14	3	86	0K0D0R060Q0J0I0P0J0C050B0C0I0O040H0P0I050A030B0W0X0Y0V0X0f0e0Y0d0c0m9_0CEU0H0b0A0UAl0B5PJP09Oj0VGB4wApbk5ZGB0K1dDP0HGL0PJW0KDP0VU82m0POdTE35A00CYV1Y355Q2P4e0A015S090C6E0GAp
g1_KY_BXYiAfTuFdb1K9LPiFRCa1__lmnluZRVBDjM3dzA	pathagon-rules-v1	7	14	3	36	0U000b07020f0E0j0X0Y0V0S060J0R0h0C0N0a0T010P0l0M0D0Q0i0H0LZs0Z0X2YY4Ah1D
g1_KYcvkfaGuBacTWJClGXMIhb8pkkecdIKetNdrE2slyY	pathagon-rules-v1	5	8	3	22	020H0C070K0506010B03000A0G04020C010B080D073I
g1_KYfSd5rjqCcdUtCgtceQCW6ri6iGfhwMP41cXEEeBvE	pathagon-rules-v1	7	14	3	58	0Y0C02040W0b0a0S0L0X0R0K03050N0e060D000P0I0k0m0P07080U0lPX0VLlbA0MP73pKISxVI5OBEDgGmIr4EWf5JH3Jm0GVqbS04F8KWbg0a0I4Q
g1_KYgKX9b9UdUzoy8gKCet5JEOaB49CGYWA2ijBn1QpbQ	pathagon-rules-v1	7	14	3	17	02090G0H090A0N0O0U0V0g030Z0P0S0I0T
g1_KYr8Oakx3I_aq7UI3WPkqxVICkRWADelcxfYGt-3KK0	pathagon-rules-v1	7	14	3	63	0L0K0S0D0C0h0k010i0j000M0c03040V0Q0O0J0Z0N0a0f020H0B0c0C0A0I05Gg0G3m092P54ApEB0T0JNb0M53460YFw9qaVRK0O0U1VAVWvVi0V220g0V0ZFc02
g1_KYrya5tGvQvbN-AEnEHVjdYe-BTXCu-UPS9Bgzk1Z5M	pathagon-rules-v1	7	14	3	36	0V0l0W0g0F0f010E0Z0C0Q060L0e0a070H0U0D0A0J05000P0j090X0hB47oQIaqFVX415A0
g1_KYsfJiEUs8kfwL9BaAPDvT7kdguboEnHXRd7qI6dXU8	pathagon-rules-v1	7	14	3	55	0X05010M070b0I06090N0Z020V0j080J0l0K00030k0d0m0i0P0B0Y0W6WYgbsHu0CJ3a-ED7wFkO-2_7LXrRGZm0MZ3MwBNAf0maU0SK1Lp0b
g1_KZ5tSn3sBwsAsA4dfE61FKpGvLqCxGqlHwQvqsd03E8	pathagon-rules-v1	7	14	3	56	0m0R0j060P0H0C0B0I0a050d0f0E020009030G0L010e0D0k0Q0N0Z08K9071w0HF2H9SAVxCK0IJn0MWY6tUK9Dc6Lc440B4y030gDqAHBhTn05
g1_KZM7CwjxoJ3BvbzBFvwxEAzIKHKK9e8Oa_sdOIPox0E	pathagon-rules-v1	7	14	3	196	0H0G0A090I0B080A0F0J0G0C0O0N0P0G0M0Q0N0W0V0X0U0T0S0L0T0E070F03020A040903MD0G0109053A0A030s5N09010G0t08050F5N701-NX1R08Mm6aWx70BWMR1D68Rh08MR0t4c6-1l5O0t083w1c018R1-3s380q0B1a5O340A2K4e0q0T1a0A353r2M020A0o342M8T0A0oAk2N020B013w389F0A4gA23A033w385Q0B4g0A39033x0r4c1d5O3x0r4c0B013w5R9I3G4p3w5R2PAn4e3w5R0B2M4e3w9G0B2M1a3s0A364f1c012M0B3t0A38030B050A366y1c082M6x0o08346x1b7h0t2J4e1d5O0t2J4e1d5O3A
g1_KZTi3UoAKrAZ5hRx3n6EpdGfaZV5T5LJWat3DkFRBrY	pathagon-rules-v1	7	14	3	15	0R0F0g0D0K0C060J0D0Q0Y0X0f0e0m
g1_KZU7jLnb-T14K8gROUpJdXMp0C52Gpm46uS3o5ouHHs	pathagon-rules-v1	7	14	3	42	0C0L0X0i09070V0O0Q0K0j0d0I06010Y0Z0c0M0G0T0P0l080W0N0e030A0P00Gu0aJS0m618V3L0309b80I
g1_KZYxDp_cIurQqQOlrn9UxX1SMGbh_EJLvaUoAO0eZwA	pathagon-rules-v1	7	14	3	64	080c0O0l0J0Z0E0L040K0R0W060e0F0D020f0T0g0Y0h0C0X0N000H0b3_0sEY01N5QhIq04QsRrG04O5r0XBb4g2eRoCfPQ5v0Q7OX60f7i0bVP0IK-0QG80C05bh06
g1_KZhpCW4H4axH5DVQSqwu3bQ4p9Lsr7OIXAMskXzk2H8	pathagon-rules-v1	7	14	3	61	000Q0f0j0d0l0M0T0m0X0E0I0O0b0A0R0e0g020c0H0h010U0W090N0kIxYGVA07WT0B0X0f0AaUQA0d0QUZ2lb2E9OaIL03LIZN024908Yj0FWX0V6Rbo0c11
g1_KZjH2kcTLpRxvYVs8-zmNhXYrSsUqNId6ZNN2ZIYB24	pathagon-rules-v1	7	14	3	42	08010a000F0702090G08090E0U030N020M0T0b0A0L090S0Z0T0H0O0V0c0O0D040J490CJR0R0OAV15B70J
g1_KZknVlUKj-ym9Hk4KvbWTdw1pfdjVsXlDm0jmHHNwiA	pathagon-rules-v1	7	14	3	145	0I0P0B0W0d0V0O0H0A0O0c0k0j0d0h0i0b0j0U0c0N0G090a0G0b0H0T0M0U0F0804Z70iNX0T0S0aXO0gMGWz013u1c2O06385Q4iRf02385Q4i2O02385Q4i2J3s02040o5N2R7i090o032J021g010w1Y3s2N6x0s1e3r2N025S0t3r2N02392M3t0r4d392M3t1c085S2P3t7k095S3A3u2N02052K5P093u1c4iXn2K3t38035S3A3u04025N2D01Zw0jYM1S0aZwXeYMT00a0iXOXi0h
g1_KZn0Lx9fSNWl9KuW49TmfGpWE6YLv9xgJX0EgL91ESA	pathagon-rules-v1	7	14	3	21	0b0f030V0U0M0W0h020R0N0H0L0k0i070g0e090m0G
g1_K_05QZ8Kfu0QR1vMh2Z6t7dGp3q5vjC88OzKRTGYgSI	pathagon-rules-v1	7	14	3	84	0F0f0h0B000U0M020D0T0e090l0S0j0H0g0E0A0Q0K0J0a0b0d0N0i0Z06040u450YS38VByZBDB5m2qV003Gn8oV_0EKPBa0R3h0eL40IFq0Q06Ao0XLF01M20TIN0RRD0J0C0XVn0V0e0Bbt00AF0dYr0BU1030C04a702
g1_K_22GQ9nFMPAUsZPG49XJgU6z1FkBCOlTGIBkYVLaH4	pathagon-rules-v1	7	14	3	90	09040E0S0B0b0I0C0g080D0A0a0T0F090i0h0C0Y0a0Z0l0k0a0O0L03010H0M080G0Q20029h0b0NJv0aTdOW2KWz0T0O091R0HZ8cDXe0BYOagZu0P0JQvAp420I0C040HYW0B0J0IWy0C08Ra1fMEBx0JHP1RMD0ERbXG1DBV6M070g0v
g1_K_8bKdDHid6F1iwYOkdLE2_AJIETOd3HrCUeiOQT4v8	pathagon-rules-v1	7	14	3	64	0Y0b0L0a030S060V0U010k0l0Q0c0F0W0f0I0R0B090D0A0C0i0M0j05Qt0K8q00HE1XaXUU65PeWVA50Tc4LR0A02J0cGMu3a0gHN0E4T05YcGLVm0HZURp0c798H1k
g1_K_F6LS6wZMR04hWC1SaUrVkE-poKqaSOdJZiUraNT00	pathagon-rules-v1	7	14	3	73	0S0D0B0m0E0W070Q0c0G0O0f0I0e0J050H0X0R0A0d0F0U0C0V060M020iWJ0TQL6pB3Jk2NY-0fMv8zOh5k0j4PQU02XpT0M60l9XFKDp2RXHCI0F9-U80DV006CdAn6CKsEj7sO109ZPaz8v
g1_K_K-Djg8Bhq3TBhCXapwJx1-U9sx9yd24dycexTy8Q0	pathagon-rules-v1	7	14	3	64	0J0k0c0D0d0e0H0X0A0Z0E0K0j0U0B0L0G0m0l0T0b020O0g0M03090SDS0CTWBNJGAX8RWlUiQkEIVb8JYY0Ibk19W_amNFFhSq0h3N0O0FWI0V0eAU0m530PB0012h
g1_K_LDmo6RDOvivPT6-zrUjIlYMuHXyijWt_Vmh_3p36k	pathagon-rules-v1	7	14	3	34	0l0B0D0d0N000i0A07020Q010X0f0k0g0T0e0b0G0R0U0m050j080c03090ZB1NrYi8V
g1_K_M38CNbvwi6HA2BGDeDu_qooFmcYk79UPRcuIdp_LU	pathagon-rules-v1	7	14	3	40	000F070E08010L0j080a0E040M0H0F0e020U010T030S0Z0b0S0g0N0h0G0i0s0c2b0d3j0m5L0VWu0f
g1_K_NY17YgdQKM5A3gUQvnFqk3p8e7EF4ofIr-t0XZGkg	pathagon-rules-v1	7	14	3	61	0L080D0E0T0i0M0d040g0F060Q0S0h0U03010k0T0a0H0c0b0Z0T0L0c0J0V0S0e0j0K0I2E05620W06450C3hXKaCTd09YCU_Z75DAO0OGdCxM80FXcBOZB02
g1_K_R_sUGKheQjlfy9sYgIzec2z9klkMDUuQfsKjDKjI8	pathagon-rules-v1	7	14	3	66	0M0E080a0l0f0B030h0b0O0T0J0m010U0W090Z0g0j0k000Y0S0c0I0e02WEZU0F0VC8PbTKP13h223wGg0Q0D5J9mU0JEWmSh0LPe0i01b_0hX20HVI0a0hSw0W1O0lDg0m
g1_K_dw4IU5M1MonHszZRKbt0qRRPSFfwkQl-5h6kNzNJc	pathagon-rules-v1	7	14	3	25	0I0C0E0M0A0g0Q01000d0c0m0L0k0S0F0U02070W0b060T040i
g1_K_pZyoagUIY5RXoGshlo6-ZLdR5N74KveVnJdIVSozQ	pathagon-rules-v1	7	14	3	25	070k0201000L0M0R090G0i0N0E0M0O0H0j0I0S0P0L0a0Z0h0g
g1_K_tau5XTR1-9ih-k2zfzI-ZiDy3gVPjy1X8ZxzoPJB4	pathagon-rules-v1	7	14	3	68	090G020N0a0F080M010T0c0U0b0V0O0H0V0A030P0I0O0W0B0P040d0J0Q0I0X0CUe3y1eAA0s6KSf045aCM0F430dHs3Q0L0eBc2JH47Z6G0F8YXMBq1J6M0M7805BxKcCK00Gx
g1_K_ugadvMBNJyR-g8YFwKrxHJKJ4PnsWQkO91TgDnuH4	pathagon-rules-v1	7	14	3	60	0J010i0S000W0R040B0F060X0g0A0e080j0b0l0a0N070c0C0Q0B0f0I0U0GL00m0s0XU38qa-4ZYXPkLb0ZAe6P4j0bXd0G80Kf0RDZ09Cl0b9gZt0dT622
g1_K_vanuvXxo6yNyGjMTb0pfSNyPk9Oi5c6un6vh_Dd3c	pathagon-rules-v1	7	14	3	37	0e0L09000I0H0E0V0P0Y0F0G040f050b0703020g0N0S0T0j0A0c0i0aEf01Vb0KNS0WCWXJ4Q
g1_Ka-ZDkuzyphxf2pY9LzBtB3gWX7UCIOKBWYn2nJNG7M	pathagon-rules-v1	7	14	3	29	0N0b0c0k0M0e0O0V09040d0S0a0I0Z080K0U0g0l0G0H0Y0O0R0W020b0T
g1_Ka086w35K3NlxEQtCZ3XOqdCh_ExD26EcWV8VUQfPN4	pathagon-rules-v1	7	14	3	76	0U0e0f0c020O0J0g0W000d0V0b040C050c0j0B0I0c0P0i0B0F010Y0Q0L0k0G0NH0030X0RR01yWUM0Aq1DAW0MU4X30H0cR_MlGk0KL-GWWU0IB976Gk4w0eBU66ag0kZwaiYQ0J0l0Q0I0B4AWtYm
g1_Ka5DAgP8ew6e1XHhNS-01NRzQGSEvCsvJ97-wCVusNw	pathagon-rules-v1	7	14	3	34	020h0i0G0g0E0F08010a0H040Z0G0b0F030A05090B040N0C0J0k0B0C0D0B0I060K05
g1_KaLaaRgxbKRcPNBAYV1k-GjEhR2QoGHIZxXKSF1rnZU	pathagon-rules-v1	7	14	3	46	050G0A0O08090T0N020F0m0M0a0W01030Y0U0H0E040i0V0C0B0P0O03Sl0U0P007a074U082sYl0bIv0J0K0CO00N6R
g1_KaMSV0apsHxbkq88gxojBwHTluCtshM7T9dzGG_7DJE	pathagon-rules-v1	7	14	3	72	0R070M0T020G0B080S0d0E0g0m0h0k0J000P0A060L03070Z0D0V040CBv0l1J03HdFraJXn0fbTKvS491AEBQD20a5d0pDoYc04Mr069c0dUD0k6k0lVm0OU7ZhLuJO0XXM0i3YGR030JCI
g1_KaODzq9XIY046eKk0qhlRqlI4TDQ91tYmFNWdawfnxU	pathagon-rules-v1	7	14	3	58	0A0Z0d0G0k000j0Y0M0P0C060D0Q0V01020S0a0L0m0K0g0f0T0U0b0O0BS104GATXGv0DKv0F1v9K3BCb5h0b5C0h0o7PItadRK04D70i6t00C18c1y
g1_KaV3-TcVxPdsSGphaUpFS2APAbKfe6RKPvTJAOQ0iH4	pathagon-rules-v1	7	14	3	34	0k0E0C0L080G0A0S0I0h06030H0g020e0O0Y0b0d0Z050R0j0V090P0iTiDEaL3oF157
g1_KaVd9q6s6vMOvCC1wh1cXlfrtlfi_YB2upLNCNjtMWI	pathagon-rules-v1	7	14	3	41	0P0Q0D020Y030X0R01090M0W0T0K0J0k0d0F0W0Q0G080c0e0g0H0X0G0Q0Z0I0EB60lN23RJL7g0B2e0j
g1_Ka_4R5yDXOhkzMiCc1pWXRCHbiRLi-W6PS_7tUccoiM	pathagon-rules-v1	7	14	3	59	0b0A090W000M0d0j010k0V0L0F0C0X0P0R0T04060g0Y0i0l0U05030K0B0G0c073R0QQoZv9iN8OmG-0THq0dL6XNX-biBDNu0J9a0j4Ja90gGEPJ0m0w
g1_KabkbcvOM_4_75fduiyriX1Uco7s71VP9AClayOiWb4	pathagon-rules-v1	7	14	3	55	0H0X030Q0A08070N0R0c0E0g0D0f0V020W0Y010J0L0h04090m0Z0F02M40iBV084IFx0GWFOaSDDF7CHUYF4JRB3PXTN94_0587EE0a2C0h59
g1_Kad12vT80Py-UndNGPvlqwVjS7QbhcJZjrcHsv78X4c	pathagon-rules-v1	7	14	3	25	0Z0a0T0M0S0T0L0F0E0N0U0G0T0b0g0U0h0i0a070809000807
g1_KafC4RCWZYFy0vwK7HCijH1d5gxcwt7Z_XEYPhX122s	pathagon-rules-v1	7	14	3	52	0B0I04030A0H0P0A0O0I0Q0J0C050J04060B0D0K0R0J0K0C02090G0N090108020F0M00070E0L075605Fj0J0O5Z3x4g390q1Y3s04
g1_KamQoRxFtoQbS4_IIYPJb6iMp743ApuQe3wLiqz0wGw	pathagon-rules-v1	7	14	3	62	0h0O0T050j0K0V0Z0Q0B0J0c040I0d030l0N040Y060J0M0b07010k0R0D090i1Y0A8I09TsbLVX6iJ0LBEwYAbnZDGU5U0VPWLg0lOl0f9cbf07AzR80DVl460K
g1_KanpuEmisuJ2DeZdAQzJOWjHD8OtyxMmQ4qLiLEHKuE	pathagon-rules-v1	7	14	3	53	0P0O0W0V0I0H0G0N0H0U0A0B090Q0J0P0C0I0B0X040W0503020T030M0F08010F060D0K0R240DGW7D08Od2o0J3SBK5a06Lm5o7c084R
g1_KaoaTgb6IF3g3_LrafuAdDtT73byGAaNMYtPIPccuTE	pathagon-rules-v1	7	14	3	30	040O0F0W0X0J0b0e0P0l010U0C070H0N0k0V0K0M0I0f0g0Z0j0S0A0TQc0X
g1_KbdQMnQJwUpEiVTNcuX45q9gckpcEO24syNnkcFzH20	pathagon-rules-v1	7	14	3	37	000V0S0X0W0a0U0f0Y0V0m0d0k0T0Z0b0U0F0i0X0b090T0D0E0B0A0g0C0KPX0R9_0C18048a
g1_KbemOs_na7YulczDnwFyiBDL_DB5xungPqn0edcH8IQ	pathagon-rules-v1	7	14	3	58	0G0f0Z0S0d0k0O0j080J0K0C020U0D0g050E0W0i0Z0T0P0I070F0Y030H3FPd0cAuWVRZOA2t0e0NEf7B0QbgA5RtYi68Mm4j0mK20W96HY03UY3P0l
g1_Kbg_FR4leNHAVv2Zakr2z1GwXG1S9_iM9-VM1ar3jCM	pathagon-rules-v1	7	14	3	69	010U0k0G040Z0K0d0f0W0M0j0V0N0X0S0R0E0J0C0L0c0W070l060e0O0a0TMC0VHmRrawITHC0LFnBV8rE1Se0-Pz0N0lAuVa0INN0DZ5Og0H5f0B030A0Ibo049U9_0aJISR0i1l
g1_KbidLWvCyEMU6bDFfsT6wKhA5_PtzyIK9lzbc8X6zZk	pathagon-rules-v1	7	14	3	18	0d0k0g070c0j0Z0801090U0A0B0C0J0B0h0D
g1_Kc6n5l8sA22QXXDEOAR1CX2zSkEnt5NqH7juqUAg9Yc	pathagon-rules-v1	7	14	3	60	0A0X09030V020W0l0e05040f0R0c010T0d000K0D0Y060X0m0k0Q0j0S0c0FPT0B0OWIG6CX0fb_81At1i0JU301ZqMO0I0PUN0BLrb10A0IOm0B0HNvRE0K
g1_KcHENs77-lRMRC9tgTrc_m24FTv4ad8NlSc1VUSjPLc	pathagon-rules-v1	7	14	3	100	05000f0Y0b0g0X030S0A0P0d060G02040D090I0W0R0J0T0Z0L080E0e0a0kBQ4RNLSFLxFlJ8XCSXPI0XLyKKVaTZDQ028N0JU40N3GFe0b4paQ0OEC2c0iOw0Y0c9b04Ph05Yy0HZuGh0iWD0VJj0j0UALMj0XJ60G5s0d0IDXBKZ20i0OP50GSq0FaML3Nu0M0DLp
g1_KcHXR2ozNdQ_ZU-f1x44hEZYvj3ZtZTyB1BIarQuo3k	pathagon-rules-v1	7	14	3	49	080Y0A0M0N0V0l0L040906020h0K0U0d0c0T0b0a0C0U0S0Q0F0e050H0E0Z4ESP7Z0RU4GbXG0Z94Kx01RB5nV9Ad0AXq9959
g1_KcVY9iqOA-BFzWLgd366LmLzM1CFaRkLvaEhDKh0YM8	pathagon-rules-v1	7	14	3	57	0j0X0g0h0H0K0U0I0P0i0R0E0G070B0Z08010C040J0b090m0a060Q0DAT0k0IT67L0CDBZCFs0dOIBr9f4RLU2782a8Sp0_R30iF2C30NBSL8T22M
g1_Kccbrlh3Q9af5ptkWeuBwbIluzWA5ELZ2MVNIyaPzB0	pathagon-rules-v1	7	14	3	72	0T0F040R0C0607000M0A0a0E0P070l0K0I0i0V0m0d0W0Z0U0G0L0N080HPm0b0SJ3Bt0N0g0W6f07120Bbq05QI090XAg0E6O0fK4XP01HJ0PB_0M0gKC0T0P0mDXNi07Om0jXC0QYl0T5b
g1_Kd4PHz1u9jOAUDwesQDLG94-eqqXkwe3VdmPIM-RoKk	pathagon-rules-v1	7	14	3	152	0N0U0k0d0Q0G050D0K0O0T0R0L0f0g0e060B080A0l0P0N030a000b0X0m0J0W070HWOPhDL7YJAcDB-Tf3a5p13RePqHCEpap0hHm0b0U0Y4QGo0aG0LB0d0OMB0AW90L9cMD6AOB0k88QbMHKMGyBK1ALB5f2yJy1zItPv2PaxNx0l5rVaAMa80CLf0A9K3FBS8S6vDq8I4f1I1pVv2TRR3tPp9LVv3ibBKK0lVoPv7jWhKsVv2NM539Pv8XaV41W7KYWa60RCVxL20QV00MQXKx0dWPOg07ZbR4MM018m0K80
g1_Kd4jRzGKPF2bGFBfq70n4OzwS1w5NDdqgjeKliYDNdk	pathagon-rules-v1	7	14	3	65	0D0X0k0h0E0f0O0d060Z040i0U080j0c0g0L0V0P0b0l020m030W070cBm006IPe05Yr07bx3q092XQ4OAVGT7K50W17LwY9bz0VPc0aOI000A7v3s2wZU0Wa80208Pg4d
g1_KdHMi4Lw5SufWmS9n2GvCnj6Iv-zWhaWof4i7sGCIPM	pathagon-rules-v1	7	14	3	46	080W0P0V0d010W0X0Q0W0e0R0X0Y0O0X0c0j0V0U0k0V0T0S0c04030V0T020c0N000l0V0k0h0U0b0e0VJ40Z2C0J2-
g1_KdNK3D8CNXq0_LMPA5m__GWPlUxp8ck4o8TNVn2O5DI	pathagon-rules-v1	7	14	3	29	0Z0Q0g0R0c0J0I0X05060A0U0l0P0G0k010C080W0V0B0M0b0a0I0T0b0F
g1_KdO7U2LF9BzWD2oBxXx68HR8sLluAP2KMfWYTukpWfk	pathagon-rules-v1	7	14	3	32	0V0H010G0Q0A0f0h0O070S0c0T0Z0P080e090a0d0W0K0k0X0C0d0L0mHO0ILN0J
g1_KdahfqPhfdUG-fE88JUePG5ztxl31V5vaRYQXMXm2XM	pathagon-rules-v1	7	14	3	165	000C0A0k020c0I0e050f0R090L0K0U0g0F0G0H0M0J03010j0a0D080CHO0b160mSy0ERUUH06Gn0lWkER0ZCN0GLp0R5lRr0eLY4g052M4e3w5R0B2P0cAp1Y5O6A0V01Xc0ccB1KY80hXUHWMYY80OXUHWMuZD0i0l1b3s2N4e391b3s2N4e391bP52K3t384f1d2K3t384f1d2K9_0V3u1c2K9E093u1c2P4e0P0W0OPa0d3w5R2M0W4gWC356y3r2N1a350q3r2N1a35Pk0W0a0d0q3w2N1a3A0b0X0c5S2P3ubb0W5P0I3uRe2O0A0M8V36PS
g1_Kdd5bXvffh9iifYKlfZiZrMksk6pZ3pVUd5vWv9NGpw	pathagon-rules-v1	7	14	3	32	0O0K0e0N0B0C020Q0h0a0T0Y0a0E090U0b080D0R0A0M0I0X010V0G060d0W7k0F
g1_KdpHcT0TEaQvfasJhOgXh20dUrhZPQv_hGEfet9og-c	pathagon-rules-v1	7	14	3	13	000R0L0D070U0S040E0X0Z0V0g
g1_Kdr6okQQOLBBp4K39LrXwK-Nm8wSD_LU2I67Fn3GkdU	pathagon-rules-v1	7	14	3	163	0E0S0L0M0Z0F0S0T0a0g0h070800010209010G080F0N0U0b0T0N0M0U0i030A0H0O0A0N090V0cBn0UCz0HZB0F0E0G0c0NZwXeYR3N0b1x01IbaJZKOo0NB_0EF20Oap0U1a0o34032K360q041d02385Q4i013w385Q004g0s3A003w2N5Q064g5S3A033w1c5P3A010s2M3t1c4d395Q3x2N4e395Q3x2N4e391Y3u2K4e0r395Q003t4g390q1e3s00360r1b4d2O02385Q4i1d01385Q001a0t354f2O3t1c354f2O3t1c35Cf2Y00GD
g1_KdxpwrU0qc-9ULTdqHJyskETPA0nC0kwXF0AdChw8gg	pathagon-rules-v1	7	14	3	196	010d0G0j02090l080f0F0i0c0S0k030e0R0b0O0A0g0H0X0G0W0e050V060Y0NRU0TZwWHXiJ1ZD0jaX0icAPgRZ320W1rbr3UWi0U0I0BGW0JRZ0L1SbJbXZYLg0f0uYWBZ0R68Rm3sNw0pMaOsLzVA0kPiFxR004Lm4JB9WwGIOGL-XK040WRWakYQKk0INSZI0Q2M0Z1YQD0O0f1DKPIH0RMm640PPC0I0NXfL7SELsag4dXfMrYIGx3xA8380T5S0L3xVT4fNH5S0e3AK_B9Gw5Q0h4gFV36VV3wGl2N074fWk3waz38210bX74wZzaeOzGdIiLXNwWuSMRWPHafN1Zy6TXeV5afHK020dZybTXg9saZG80BAHbUNn5L5naQ0bbU
g1_Ke-ZoaDt2lHyDTqf9Xyx631-_na21InSghULJeRISXE	pathagon-rules-v1	7	14	3	39	070a020L0D0h0X0B0J0c0i060Y0P0g0e0S0U0C0G0N0V010M0H050Z0bDo0Q0KK9J7TFMRDiYv0R1t
g1_Ke8TkpvRKH59wUtTjOmpRIaXG4SLBYsdA6k7usYAKmM	pathagon-rules-v1	7	14	3	53	0A09080B0C090B070I080P0W0H0O0d0J0N0G0O0W0V0U0c0V0N0b0a0T0M0F0T0b0Q0XAb0JU30X910AUh0VAe0ASw0C0U0B380J0B0QTg
g1_KeDVsXJpkp99Tnx-zQq-hStykANpuw7tBaTdmMjfuGI	pathagon-rules-v1	7	14	3	85	0f0B0G0l00070J0a0Q0m0X0i0g0W0I0h030Y0C0d080T0P040k090U0f0K6L0S0V0ZWh0j3sZqb6Rh9x3XQd03awN00ZMw0laR05OIP_0RBRGM0fLnbl3JST0cTTF10BU67GFq0TNuN60ARI8v0D6N07Pk0A0aUnKi0XN6BB0M
g1_KeI88YJo7JHAbw-3NRwZIV_UKB0CLQTbyyqBXRiELCc	pathagon-rules-v1	7	14	3	43	0T0H0m0U0Q0V0h0X0a0e0g0K0W0O0F08010S0G0P090c0l0b0M0N0T0L0J0I0BQ60MMm0X0d0iUP0aONCORXa_
g1_KeP5wL-lkxz5KB2eB92QZnO25AuXEwSAeZLyyM6f17M	pathagon-rules-v1	7	14	3	74	0M0K0U0E0G0l070Q000R0I0S090F0A0P0N0H0O0G040X0H0c030L080B0e0i0I0F420JD-H70L0V0IUbAL0mHS060g5y3nQ40HMMVSc8010cX9Dn167wBxCPH4DG6T7nBVCUHP6TMKBxRoHP6TMn
g1_KedTnJyi4LSP5RjWRArE6KDvDwHBF63XO-oCG64cdqM	pathagon-rules-v1	7	14	3	30	0D0l0K0e0X0f0m0Y0k0W0l0L0P0V0d0c0F0X0d0W0E0M080O0S0Z070L0g0N
g1_KetOJgX4uNGrgm2LjOdgYHpnWSH--oIJzsg2x50Ss08	pathagon-rules-v1	7	14	3	70	0c0R0k0d030N0O0K0I0P0M0Y0X09050g0W0V0i0a000d0l0Q020e0O0X0N040B0P0A0J1U0H0G0m3jG80KLv2b060E0HGW0hC13f0W0U9b0V0d0cWo0ORS0X0Y4F0W0PF4brLl0I0m5g
g1_KetXjl176CeDZOdfpVy_FFytO35tOE1fRvNoc_k2uMU	pathagon-rules-v1	7	14	3	196	0I0B0A0H0O0P0H0I0N0G090H0G0W0V0U0T0V0M0O0F080X0Q0J0C0Q0D0K0R0Y0Q0K0J0R06055R06030D3E0309047i35033r2N1a350q092N1a357j3r8V1i2K0p344f1d2K0p093u040A5S3A3u04025S3A3u2N021Y2K3t040o342M3t040o342M3t050o342M8T040A5O08020w1e6-3s7k2J4e053u1c2K0p093u1c2K8T0A3u042J1a013u042T0p091b082K5P344f1d2P3t38015Q2O3t1c350q2J3t1c350q2J3t4g390q0A1a4d34032K360q053t0A1c4i39An3s5R2J361b010r0A4iGA49LW0D4f5S3xAo3H4f053r
g1_KetxugAxL5MF3_VH7LwKPrW2d0auVpG3PKaRBdjDRTA	pathagon-rules-v1	7	14	3	57	03060h080e0U0V0R0T090j0d0A020b0N0a0U0c0G0i0F0M010E0f0K0OZX0lSt0aW90H8r0RG9DkbcSg0G0mT-7800E8R308ZBZw0F0S0McE0T0H3e
g1_Keu0mhqkCIM_cRIBYALO892KX6nl6tWkGdwyChnnlC4	pathagon-rules-v1	7	14	3	65	0C0f08030R0J0S0N0d0j0B0k0P0Z09050H0h0I060l0E0g0O070T0K0m0b0a0M0XTMQe9CZz843f6fIwHyWM0pRMFGbbLN0JGZ0NXW0TOP0UZ00Q0M0PM00FDv0T0E0A2J
g1_KeuGZfn9EZxW1QWP6afbiVwD3sa0IpqWu-ymgIK3LjY	pathagon-rules-v1	7	14	3	73	080m0j0S0C0h0H0D0X0i0k0U010L0l0A020B0Q0M060f0I0J0K0F0D0C0d0YaO047ZYz0eXlbHHPXW4PBD0NDwWQZkCPL0Ic0j3HVT05UpBY0ENp5cSS060hZR0k9x4k0LaA2c990iDk0l7b2A
g1_Kev0ERc5lw7fqVkg2RlFIiioinj0nPLS3FEAh1SDTxM	pathagon-rules-v1	7	14	3	56	0U0a0Y0H0S0M090P0X0T0R0L0J0Z080j0G020S0I0e030W0h0Q0F0m050f0G0bEt06Sx5NXvRXGnLq09TbRoVxZIbh0IWH0l9809a90aZV098jAq
g1_Kf6h_vciO-TGXufh8M1nV2NzvZmLnF7dNCeg6zIr5Lg	pathagon-rules-v1	7	14	3	36	0j0g0O080C050Q0k04090J0F0U0I0i0L0S070c0D0W0X0Y0P03020T0VOA0aJgOh0fEjNX2V
g1_Kf9bCXRA-PFDWavlv5-vmQzG_kxv-65RbpY5f-Q96Mo	pathagon-rules-v1	7	14	3	82	0Y0d0U0l0C090E0g050G0A020V0b030M070N0c060i0h0a00040e0R0J0U0j0DXa3fJ2NwXzQx0UOrbD6eW9445OT30ZQ0FkaM0WCP06U70SLk0UTLPL0dSI054a7S0eV4ZI0WapApbo0K5X83XJ0hNaDQ0XPfa50k8W
g1_KfAsRlsdFexr0vpaSqcMT4eNOFyK2HqgHN5sWTQF67M	pathagon-rules-v1	7	14	3	68	0V0P0N0Z0F0G0T0E080Q090A0c0W0I0B0d0D010O0m0M0X0C0W0G050R0F0J030H0K0I6_0Y1lKF66D7cARR0PSFbWBlWvFgcFVd0J0N3J0C0MXq0J09Aw5a0ULm0CH9010L07Br
g1_KfMateNkzJa-TFUuGUN9UkO6esVRnBa85pxc7Is3lVk	pathagon-rules-v1	7	14	3	14	0k040O030Y060M010W000i020705
g1_KfNY_AXhCsPlqd5mvjNN57C0dI-C_hby-Zmc09719TQ	pathagon-rules-v1	7	14	3	66	0d040F0Y0f080Q0c050e0g0G0H090j02070O0R000I0U0L0E0b0B0k0m010a0D0C080NCWVsBGIb5ENL0i4MH69x06Jia4C7De0kLA0L7C0cZ20FWU0c0OSr0D2o0G80RF0Y
g1_KfVT3UThefH0FJc8xj4GVElPKqkEquaecFVSWATupRA	pathagon-rules-v1	7	14	3	92	0G00010206080W0C0Z0b040E0R0k0Q0c0e0P0I0X0D0L090V0P0h0T0m0i0g0fBf03QPLIX_YiHbNS0h5uXO0SUCRh7VWiTBUs0fVj0Q4806Lj0ORTbA0ROa0YA001a7DA0kE50884N7CbJrMS0jAs32RM3t0O7h6zU2E_a9H80dBg5Z0UZP6X4p
g1_KfdwkLln0wfbjDDmXA_SXsM_7ado8Wn_lYoEDCDZE8Y	pathagon-rules-v1	7	14	3	63	0a0F010C0I0M02000j0J0c0i0G030P0T0m0V0U0O0k080A0Q0B0L0e070E0YcB6hZbH39b06ITYq2h0i5F0w0dN5WA0VBZ5cSN0GKQ0B0mCf0b820LS0O10VTV0A0y
g1_Kg4SDd3aoy8zdo9gg9p8quK4Tr7THDjc-L8ou8eKL1M	pathagon-rules-v1	7	14	3	35	09060F0I01080700080203010A0B0C04050B030E0M040T0305070J0H0Q0A0X0G0e090l
g1_KgVFCpARbl6tQN55VxQYV91RW1wWyQjBvr14f0K9UYI	pathagon-rules-v1	7	14	3	83	03090B0f0D080g0S0K0e020Y0V0J0U0m0O07060W0G0h0b0j0X0T000ZXX0I1T0L9HWMQfYMJt0l5cM_Z8Ry3mEkV1MMNv23aH0W4t0QDPb_0E89FA0kCmAg05bM0f6bZ400KW0RWf0i0lNk0aQ90lZN0e0x06bqU70j4l
g1_Kgq7OSJ1w8eVlz3bzuyHVFeCDFVETNFyGXWtmc8lYZU	pathagon-rules-v1	7	14	3	59	0i0Q0P0b0R0a030d0B0m0c0E0Q0G0V0I080f0W0J0H0e0k0A0j0d070K0T0M0c0hPU06LzVb09cGalWuYrbS0faiAv0W8K0RcGZ-WuZAbS0I0j0P0Hbb0A
g1_KgtHXJDpoJ0Pj139DpPGL5QolEihqqht1N8nXB9eBPQ	pathagon-rules-v1	7	14	3	70	0H0A0O0B0I0P0V0I0W0G090H0N0U0G0T0Q0J0P0X0C0Q020F0M0G080N0F05040L0C0M03N40T010M0U0N0D0G0C3403013W03H40uMD04Bc1m16016M1fGs0b012_BX4G0K7R040U3u
g1_Kh2zBaO1i6y7R6U-HH-MXXg6svDl69GxHaivE26OiKU	pathagon-rules-v1	7	14	3	70	0H0l0V0W0h0d0Q0j04060f0C0T0g0c0F000X0N0L0D0O0Z0E0e0k0308SK0S3e0K0ACc0dPaOtZi0BGdW5IC8WaH3yFj1Iam0J0R0T0VUN5w0QKUNARz03BvYl0jAM0TISMb0DHFFQ1D
g1_Kh4cKbLl7emPo4HW8oB-A2DxiYmkWLBZSQowdsbEEhg	pathagon-rules-v1	7	14	3	54	000h0103020m040i030G090C050d080T070a0A0B0F0b0H0c0G0U0E0V130W40043N034i0j6DUP60Zf57TCBvLf2H650eBT7V0P2h0jCl0S
g1_Kh5PtSo-j_SoeXvjuijR7raGOZqeNRuR-ZuJAFm5rkM	pathagon-rules-v1	7	14	3	27	0h08090b0a0Z020k0a040A030T010002070B080O0M0F0E0L0S080L
g1_KhAR9vdjiiYTgJkcBf-1uHa7yrWhtr88oPa3HR9_MHQ	pathagon-rules-v1	7	14	3	48	0m0b0h0Y0Q0A090V0d0N01080e0X0K0Z0T0i0P0G0I0R040C030B0S0c09R60kIOGC0E0j0WVt8nZtRr0a9U0i0Y4E0D3U10
g1_KhGw3n6xysXyYcUkBbU_djuFWcd0MqucmPaddrG8rgg	pathagon-rules-v1	7	14	3	44	0N0A0O0M0l0W0V0S0L0P0c0D0g0U050V070T0Z080Y0F0R040S0C0M0E0B0hR409GtKd0L00238h0f3_0IDCHOOX
g1_KhJeROyGHIJUscA7eXuHPQlyYUzDU9EHro04bAq4IhQ	pathagon-rules-v1	7	14	3	92	0F080E070G090M0N0L0G0201000H070A010O0803040B030I0P0J0Q0C05061D00HP0L0D0MSE1K00HIXGSEC20E0SXF0F5a4iGA49045a4iGA0T385Q4iA20C04SEC2MRNQHJ0J0M4w5S3x040L035a4iGA410M5R4i39An425R4i39An42040C
g1_KhOFACXQeujEyxxPOvH77dffTSBEnZGxcW8LFDH9Ceg	pathagon-rules-v1	7	14	3	37	0C0b050N0l0V0h0M0E0D0a0X0O0L0T0R0W0c070I0S000Y0Q0d0X0F0f020P01030U04b6Ts2R
g1_Kh_2Y1bY0EkXOCdpOfIQj9JQjBczVZ4b51c_Aq2YWNQ	pathagon-rules-v1	7	14	3	33	0J0e040k0l050L0E0c0A080b0m0g0d090I0Q0h0H0Y0a0K0F0O0N0i0P0B537Y03HH
g1_Kha1_FpJF5VNH3ml53m2v6huHCtbr-swi7_LK8YMg3M	pathagon-rules-v1	7	14	3	76	05080G000E0e0H020a0B0L0Y0R0I0D0K0l0A010m0P0d030c0X0C0Z0A0S0M1_0O04093V0VGvJoBm0b4TAK0EHyQ4IUBsULKA0jMp0MV-0iLq0QBC0K4mEi0WHnDh5fRq0J2SGuDv01O00XULQ60LKk
g1_KhitHjdUpHJDglWWJP3sLnyNQt0r2XVx1NcjAnSsfBU	pathagon-rules-v1	7	14	3	65	0g0c0l0M0O050f0J0a010G0b0N0U090E0I0C02000W0k0d04070V030m0hG33TTRIqasDIaFFIHRWK570B4LUr0fXTQgSs0CBMU90jOn03OE0FTA0T08RB0Kb10b2v0i6d
g1_Khp7ZG5aQ8yG9yrOjs8F8LNBlINz9noWflVK_PMhGQI	pathagon-rules-v1	7	14	3	13	040N0B0P0I0L0W0M0P0d0k0O0d
g1_KhpSP1B40rOf4ZfupXIYZ9GtrqyzFmRNRgp3uO0ZsEA	pathagon-rules-v1	7	14	3	71	0507080U0X0Y0m0I0T0P040E0G0l020k0L0M0g0A0i000N0D0M0W0f0O0e0S09Jj0FRWVVKR556PX60R2MLq9q0z5q0gInA3P5F10JbIbu00DV0h0OBQO90lTsYD0IEPCh0e7R0y45Qj36
g1_Khr7oBT3nwa_RkUc3h8xKZv9p0vH6-vWAb4pYLPLlqs	pathagon-rules-v1	7	14	3	53	020a0Z0W060f0J090S0G0Q0F0I0L0H0l0P0M080Y0m030O0T010A0c0KLNCU62SPEJBiKUDWYZPV70BCJa3T5y8HUb03biBsQG06TRRJ1Y
g1_Ki6aNRApxhcVD6yBnY8t56TMVjmvzxQiKir6sW_ExmM	pathagon-rules-v1	7	14	3	18	0l0S0k0J0f0K040I010F0g0H0Q0X0d0G0B0E
g1_Ki8ZAujP4GlxHFJuyQtHGJ8ZPc2msuYu0OGI1hbkNUk	pathagon-rules-v1	7	14	3	43	0B00040I0H0F0J030I06020A030C050A090C0D0A0O0b0c0d0V0c0a0Z0e0a0j0f0C0c8I0YAt0WZl0m8N0U2v
g1_KiAhtYsXo7PAHaMFMSAmAMuwzR4Znq04bwcY7emHKDg	pathagon-rules-v1	7	14	3	196	0D060k050d040B0C01030I020R0A0P0B0h0J000Q0a090U0H0X0I0c0W0l5m0i550Y4DQH38ZD2MYK3tCx3bTz2MBN9_Vm3iWW2MauFM1l35VL2MYO1aId35O22V051rSOVTCU9_0g41b-2KZr9_RZ1kND2KXN9_Le1bCq2NAD3GVJ3uSfA17G3G1K3uYuA1CB3GSJ3uM6A1Dk3G4e3uMKA1Z43G2O3uaD7kUm3JZg45Be046j45XaA1c4QE673uYIA1Rb3GWt3ubD9_003DTX2VZG9FJ1A85B3GLXKk1VA1B33GTk3ublA1NA3hVy3uU4Ui7c3CHR3uHdFOBq3NAy3u28FOSG35UH3u041aMn3NYg2MCE6xTS3R4j2MGnFMSn3N6B2O
g1_KiCckvM8PA3N-nQ63Xh173tkqfromd8mrVFHbCmUCW8	pathagon-rules-v1	7	14	3	65	0M0m010U0G09030H0d0F0S0R0l0G0V0X0T0Z0h080L0c0P040U0e0K0g0A0f06E929Rn00CoP50V63WyO3LqV37NaxAyKaOo0HN-GD0kHs0MDv0ZLg0a0KWdYx0CCj0f3e
g1_KiK4-lMOBl0GTgCtLEthNkWrx7nF87eAoFOw2SwLg6c	pathagon-rules-v1	7	14	3	196	0K0D0R0Q0J0C0P0J0Q0I0B0O0I0H0J0A0X0B0W0V0Y0E0f0e0d0c0e0m0l0k0j0l06055a06G90K0B0D3u4g9H0B380C4f0B3w040C5S3A3uWE0f5S0B06BX4d34032K5P0t39An0C1a3s340D040K2MAp5PA30o4c2O5P0C0o4c2O020C0t0D2OAm5O0D36An1eGI4w050D040CZE2K360B0q5O2PAm4p055hbdBU0DRS5vbd0m050f5a0CGB1s09RE5vWG0fGIWU0fREWiGk0KL-GWWU00REc3Gk0KMC1JWbGkbrBULf5oGBR7BGLf5oGBR7BGLf2JG65P060o5N2P4e050o5N2P02050RAl0C5P0t1YbY2Q5P0t1Y4d055P0t1Y4d
g1_KiNbTZpVMySi9XzLDlal-h5E6XnqEv7Oa6Kf_E8nUEQ	pathagon-rules-v1	7	14	3	52	0Z0T0B0K090m0P0k02080l0E0H0i0a0S0D06010N0W0h0b050R0A0D0X03090L0U000j0Q8H1P00J-OP1xZt0Yai9J0B3-0CLJ9w0F1W
g1_KiO9cQmQG9AuH5yuVkK2KQiHC9AenrU0_52h6EWy6jY	pathagon-rules-v1	7	14	3	40	0j0J0B000U0D0409020C0P0V05030k0R0X0Z0T0c0h0O0l0E0a0W0d0S4u0W9n08QCOh0VBkY1PRKE01
g1_Kie0OhMwH8wQK4HN_KcZPIYsh0L8fspW76AEJLD4PoU	pathagon-rules-v1	7	14	3	54	0G0M0b0f0j0m0c0V050T0B0k0C0S0i0U000N0K0a0l0A0Z0O0a040k0h0D0aas0JTw0c07O8GM0b9kIiR_0XR7F-L-JKGWMjRH0NLu0b0Oc3
g1_KivUKJHW5DZxzV6wBwBJdERvmYjFbCiEy4UwuWBL1l8	pathagon-rules-v1	7	14	3	59	0F0J0K060P0H0k0d0C0l0D070Z0R0X0Q05020A0M040W0Y0j0h0E0V0g0S0U8_0kKWFS0T0b0eBoQ3abAj2pS50i0I0Z0J0EOwZt0RS80e79Gp0jcGUB0B
g1_Kiw3U6GRBJn899Uy-trv97G5vUJWGVt0uIjysnliEQo	pathagon-rules-v1	7	14	3	66	0F0E080G09020F090H070G080A03010B080A040I00050C040J060I0D0K0C0N0M0O0P0Q0I0P4L04510P5h05Aq0J0D0I0C4S0B0r000B014x050M0rUe2l020L0o0900ML
g1_KiwkQi2D0G4oTHw-UZ97WEczFnGZTGxf8VpxyMhCeFM	pathagon-rules-v1	7	14	3	65	0O0j0h0S050A0Z0l0k0L0N060g03080c07010T0G0H0U0J00040I0d0Y0WDE0T8n0Pb14wZPPi0_Xs0a0VFCKC0W0eU3UvO90cBa0iBL0UHR0jAZYo0TaR0lOE0kZELR77
g1_KjXSapcHsUuEA4HLiNd86RKs0jT5eRGuDcjBlrMUXP4	pathagon-rules-v1	7	14	3	196	0B0I0A0H0O0P0H0J0Q0C0P0G0I0N090V0U0W0X080F0M0G0F0N0T030U020104053r042K0207036E080-0K5o0CB20DLY0J1l015o0CAq4pGA495RAq4p050C04LS0J0K0C0u0JG51m692Q0p341b3s2N0p341b082N0o366v3u1c2K0p083u4g2O02382M4e003u5R2O02382M4e053u0r2P4e051b5O2J4e391b3x2N4e395Q3x2N4d36030o5N2O3A3u0r025S1e3r2K4e040o5N2O3A023w2N5Q024gAp3A033w385Q0L04Gy4p1d0o0M345P1b4d0s2J3A1a3s0q4g2O02382M4e053u1c2K4e053u4g5S00380q001a0o3403
g1_KjajnVkgGSudpNAeXSEgOW4gN-pJ7KMzmLcuM3RIrIE	pathagon-rules-v1	7	14	3	85	0I0T06040f000309050k0N0Q0M0U020E0F0D0J0C0W0h0g0H0R0S0a04070e5I0mHe0PEjAv0MK22mVR0D4N0OaJ0A0k0hAcXj0XJH0G0cN-0OQB0P0x7C2b080hYiGZ0bF00ZL2Hy0JTY0E00Y2JOR76Z070iaJLa6PK10k0_
g1_KjbY65q2z8pkpBQCBSfif-RZWg_5O8McjX50Ik5sKy8	pathagon-rules-v1	7	14	3	196	080Q0P0Z0I00010D0B0m070f0C0X0J0A0W0T0Y0G0R0c0K0g090d0Q020X0b0e0U69046y0V1ac535UC2M1D1aO63DDF2QSp7gWr6qBTW70aZASAahNEZyBaZA4IahIUZyT_ZADgal07Zy0FcGNdal0Na-0M0uIfBVCvbl656hGt160cBxaFH4YJMY1bBxWOGzERMY04S0WyGs3m6A0O0o5G2sWDMFDF1YSa2KOn0pUc1Y422KYY0p7b1c0c2P08Rf0S5w7YR80YS0IFHPBdMYTsS0UEHPbnMYJ5S0XUHW02MmOKXNDNRvYhMK0NGsZn69Cj0q0a3tWw1cVc3A0A4p7b650130Ndag0GZwSzYMbmYbSFXdVS3tWuZAQvBQ1-Zu07Z0aK
g1_Kjljr-CqSytm0g-EqQq0BMUGsSTIa1Y7kV8Fqjaa0Gs	pathagon-rules-v1	7	14	3	23	0j0c0V0O0c0H0A0J0I0B04030B0A020P030Q090G0W0A0P
g1_Kjt6DKqZjsFlfLP2H5IgjfrNviwEMh6tZ--Y_uslaao	pathagon-rules-v1	7	14	3	36	000L010i020M030O0N0a0P0T0O0B040d0A0S090Z080b0U0c0V0W0j0h1N0k0g0j4T0l290m
g1_Kjy7ToSs6J20R9IJbJjfV9I5wHEIN3MbFNHcsliUrTU	pathagon-rules-v1	7	14	3	28	0B0A09080A070H0I0G0F0P0O0I0N0M0Q0J0P0C0R0K0D0E0K0F0L020M
g1_Kk0Cdp2Iw85HVcOLcS9LNtZ2rAf5s1Fq43Oo9brPE-U	pathagon-rules-v1	7	14	3	30	0l020L08090701000E0J010A0309020K0F0Z080a0M0b0G0c090d0H0e0A0f
g1_Kk5szhxURC1xgQefmb1qnDFoTM4k-0dxsS9LA_czXMw	pathagon-rules-v1	7	14	3	15	000N0L0a0Z0J0b09070Y0E060S0f0g
g1_Kk6TV-ZaFRGu4m-VWWnpjLnaPv_TJqo3BQ9C_nKyS9I	pathagon-rules-v1	7	14	3	108	0l0e04050K0X0m0V030C0d0D0A0L0S0N0G0H0W0O0f0U0Y0B0I0R020B070jWG0kbc090T0K0c0Q3dB4Eo0m0MORHnIR2KH468be1a080qOn5d0J2SE9R4JV0I0FRvC2MR0BHIRv0F0EMZHINJC2HrMtHIRv0MX9MD6a3B0P08It0I0c1M0B6k0P0O0ICuCEINaeW70V0U0cTbWX0b0Oc7Yp
g1_KkC7Z0fkDvCtZPWqQ7lNJCCs5OoFdrgUGCNcXQ1RS-8	pathagon-rules-v1	7	14	3	86	0T090j0U0H0h06040f0F0B0R01070Z0K0O0N0V0E0J020l0P0Q0G0c0D0i0dNM0gY_CJWM6X0bBz0mLnFZ0kUK0WDtGn0A3zRW0RCeYA0k2l0HKP0aV102870M0b1w00AZ0JaU0N0bO70QB4D-0XZV0hUF0cLI0P0QXJ9q0JLC0Q
g1_KkH8ZRoj3LbYyjo6l_YqcupCrd75O9YA07qsLTP2yL8	pathagon-rules-v1	7	14	3	38	0F0T000B020W03060i0R0l0O0Q0A0C0V0e040L0h0K0X0J0E0j080Z0U0u0kLGJpALPrRq7PFj4F
g1_KkX1qYuLROLTbBLjmJgLrdNqb_fgZRtYh5ZgEjQn1jU	pathagon-rules-v1	7	14	3	39	0f0I0U0C0M0H0m0N0A050D0a0c080h0W0b0k0K0i0d020Z0V0400030j0B0G4N0aIF5LVI2c9d6x3A
g1_KkXiX0-c-ejqI-P8Z-4FeXVhpXNbCoL0bE2i1NepoJQ	pathagon-rules-v1	7	14	3	47	0J0X0L0A0f0C0O030N0K0U0j0c0G010Q0F0H0Y02000a0T0d0Z0g0h0m0E0INqQFIUKpWJGn0f8VRUc60a3E0V405pUy1f
g1_KkbQ81A3MFdVnHYzj5FhLV3YWa03m_chZup6tbx5uHE	pathagon-rules-v1	7	14	3	90	0f040d0b0X0V0N050J0H000B0R0k0i0D0j0M0I0T0l020F06090L010O0E0cEg2-Zi0YFN4Q8A023d9Mb2Js08HU0PRBKgA-Ew550J8v0BOw09DT1t0gFx0k9b0NM4I30CU70QJrCZMI6zW-0IDsAPZuFT2TVa0HK45P0KDxbf01GrN7931e
g1_KkhsKOiarzyqV-hiRl-vmJHq2aUYGmSrGpBlgiqj22w	pathagon-rules-v1	7	14	3	40	0k0K0l0j0I0J000e060E0h0O0X0f0m0Q0b0P0M0U0W0V0Z0P0N0e0i0c0d0U160RS00aIx0FMt0S0a0T
g1_Kkk5VItqbt0SMSxSF-uKEeWwnmCpFZFUYJ-Z5alTHc4	pathagon-rules-v1	7	14	3	55	0Y0W0K0c0i0T0S0R0H0k0I0h0N0Q0M0L0A0j0E0D0l0B0e0G0a000F0X0i0G0g0OBd06960P0m9Q0LDW7815W0C2IPAwYqPQUmUS03GfHJ0i3e
g1_Kkx7AMSRPBWsTE3w4QIqFxB_7n9MkMqyDqNwf7p4ORw	pathagon-rules-v1	7	14	3	36	0X0O0W030j0E0a0F0R0N0h0C080H0c070S050J0Z0Y0L0m060e0I0l0g0kIX0KA7cDGwVs6G
g1_KlA58y5PDRElFgScMIY4UdREwmxXue8jYcaWBZ2mgGM	pathagon-rules-v1	7	14	3	27	0M0Z0T0h0D0g0i0a0b020S090L070f0N0U0A0E0F080I0X0F000107
g1_Klhu9ZgYIOfbjfu8SehhO4WdDbMuUZByZjrgSdW-4I0	pathagon-rules-v1	7	14	3	53	0O0e0d0f0G000C0R050X0j0U0m0S0h0E0H070b030c0Z040g060Y0B0kYCRc5L0V0KN-AKPBZM3GGpY0bSXga4ANJiCQ5sVcUn017HQi0A
g1_KmHLQ3fFbzBFi84b40aDKhGEWFDzhtgVUMjAVLZMI0s	pathagon-rules-v1	7	14	3	88	0d0V0O0e0D0c0U000Z090W0j0d01040A0V0b0a0K080P0H0X0i0k0S0L020E2Q0bNqUI3x1_5F0cMrTOOa84Yp0Y4HK9I0HL0J0W0I18Rv0dMRCiHP8nBq0E6aBcH4Hy0U6MMKGs0bBcRo160i6MSb0FWMGSVl0T0N0U5x0F7MHI0gBy
g1_KmIGwm86anIXKyD7PSxHYicCuG9dkbU_oepvdkUjeCc	pathagon-rules-v1	7	14	3	43	030L0H0a0J0F0O0Y0I0E0h0m0K0f070b060d0N0C0P0T0G0D0B0S0V0lF9WjKcTA9bRK5WA86ANZ0WCsYP0Q3g
g1_KmJ1FhTmBfd6OcQCwrF6fKlCDj99Hbf_lTd1eHym-e0	pathagon-rules-v1	7	14	3	49	0U0j0e0S0b0Z0i06080k0F0a0h0d0401050D0I0c0T0b0m0a0l0K0f0g0M0GEq0CX_0YWr0CDoXa0LZdIBafc9Wa0EGO3yRECc
g1_KmJ86mdRbvUo1askYfPTnLgKX3gMzkXTZznUg3DNgI0	pathagon-rules-v1	7	14	3	144	0l0m0k0j0i0f0j0e0X0Y0e0d0W0e0d0c0V0d0c0b0U0c0b0P0O0W0N0X0Q0R0G0P0H0Q0M0I0T0a0F0h0g0bET0HJjWY0ZVuSCQh0ZV9SCWnDaQIVwPv0W0fPm0XI-0WXW0gSBVmP8WfVBQfVwPv0W0fPu0XS3VvVGWnP3QXVwKY0SV9SBVoUQPtV80d0V0eS40c0LQf0V0fP6WhCpVvUMQe0FV7SB0XMpPvV80fUUVu0SRJVEP7Mr0YUUWfV_QgV90fUURR0SWm0ZW0NzULSAVBMqPj08Oz
g1_KmN3RrgSKduNrMgQV54gdKwf5our-eVMERnKUBb4AVw	pathagon-rules-v1	7	14	3	61	0X0D0i090N0W0h0P060F0g0j0A0L04020B0O000M0E0V0U03050b0a0N0IH70eKA0AJLYaQ09BTQSTAQc4I5W5NM1PDQRw0aVs0dQm0X7P0fNk0j580SI00e5-
g1_Km_6hxQkJAKh23JfJ3WCiDoUdsdOipZgQfd9o_JD5Wk	pathagon-rules-v1	7	14	3	32	0902030A0j0f0e0X0Y0H0G0E0F080109080207000B01070I04050C0J0Q0C0X0K
g1_KmjL7to37SKklmfSPTwLFQY2qJuQTmeJBs4i0ozZIBY	pathagon-rules-v1	7	14	3	138	0A09080H0O0F0H0V0G090N0M0U0T0W0U0P0I0B0C0I0J0Q0X0K0W0J0Q0D0J0C0R0Y010R080Q02Aq0J0D0Q5Q04051b4i3w040C5S3A3u2N02052K6v363u1c092M0p3s0436031Y352M3t0r1Y352M020r2J361b3s0r2J361b090r2J367h3u0r2J1a093u0r2K4e053u1c2K4e053u042J1a093u0r2KAm0D3u1c2K4e053u1c2K4e003u0r2O02382M4e073u1c2O08
g1_Kmm0BMrdywyQnkxb35C3fd1ko4LMLNnrgPgkSviDNa0	pathagon-rules-v1	7	14	3	62	0I0U0a0l0K0Y0N070k0F0b080S0C0h060G050g0f03020m000D0U0e0laO0d090O8IJSEu51J45OGJ0Mc2LcXr1wBaFeBBUwVa0dKH0eQO040A037t060Qar0h0o
g1_Kmm3klLjEnqXKPKj1ICf1x1McjOp1wZtqDOT8hBGSWo	pathagon-rules-v1	7	14	3	17	010b0e0T0X0a0l0g0Q0L0J050C0i060j0D
g1_KmvAwnpWfPf9qz5UMDoVVRcxooW_bnElfv_-TV6YPkE	pathagon-rules-v1	7	14	3	196	0I0P0J0O0Q0H0X0W0V0c0W0V0P0d0e0N0U0b0V0U0G0C0H0B0O0A090203040A0305014i05FK0J5U0C0_08681fBW2P0p4c1d5O0F0p4c1d7h09086M0A0G09Bc0t4c052K5P0t00050o5N2P4e050o092J5P1e013w1c012M0B3t4g395Q0F02CU160G684j1m010u1YBW77050uGsBq1m010uGsBq1m060uGsBq2X020uGsBq2X010u1YBxH4020uMYBV2X6aGz16BVMR6aGz16BV7h6A090oGs2QMR020u2JBq1a690uGs2X1g690u340F1a6w0q7g2Q1a350q3r2N08361b094g2O367j09010G020B040A1g0o2J6A701t1DC2
g1_Kn2mesc07aGkwb3I0OAcf2x3o40oU76HCLVzexusZl4	pathagon-rules-v1	7	14	3	16	0I040J050B030G02060D0M010b000V0C
g1_KnAqq4JPBvUy6ntIXs7zlwkr6__UoZP9zGkWEBIaKrc	pathagon-rules-v1	7	14	3	114	0d0U040D0R0P0Y030T0m0H0E0Z0b010B0O0C0S0M0F0Q0K0G050c0M070N0iRI0WJ9PNIF3pVIT94L6l0k5tMK3DDsUzaW0O0F9Y0S7zMJ0YQh0D5kAR0dYv0NDUM10G060RXT0DRs0R0W0jWU0A4E0hJ60fVa0O0XMr0PNa0ZJmPz0U1H0XTjHZ0VDl0OQT0gV-GY0GU_Zi0CLF00Wd1t0SKd02HSOR0Q30
g1_KnB18da0j9En7aDnJ9S_IufbAUlX4NVYhosBxYJLbo0	pathagon-rules-v1	7	14	3	127	0b0T040S0X0k0U070J0O0a0h0V0D0Q0a0Z0B0j0a0i020N0K080E010C0c0YQN0g452S0H0MISR2FyAV4H0RHJaKMD6a0AXU1R0N0h0GXVSEYFMuYvXdSEYF0h0SXq0OX49J1YBW0E080u0XBV1m6oRh1KMDXN6oRh1K08XN6oRhZnMDXN6oRh1K0WXN6oRhVyMDXN6oRh1K0PXN6oRh7SMDXN6oRh1K06XN6oSF5wMvXNYMSFZ00iXN7jSEKz
g1_KnFaVNatUbSW-1DiPKcP4fcI7dxURl51KpghwAD-wuQ	pathagon-rules-v1	7	14	3	83	0Z0j0i0E0I0h0c030S0e0Y010C0A070O0V0L020H0f0g0d0P0B000m0W0l0T0kJOUZ0eai8k0k0x9J3O2PEG0MX-6kX4Yb0V5l0XS3Bs0Q0O0JGW0H0Q7H0GMZ0I0NHA0HLfA3GWR70Y5a1eGALm0R0JUp5v0d0Rap064m
g1_KnOQXoQ6deWKsLrDTn6834IwPSvcAxAVro5DszXVPfc	pathagon-rules-v1	7	14	3	60	0m0E070c0d000K0P010B0V0Z0L020S0j09060U0W0C0Y050k0g0e0a0Q0b0l01U6030JOCFUbbBlMe8i8L60A3PjX7Ws1rVXTd0mHV0WP29pLx0OWbMjP90u
g1_KnRRWVvs3Mdyu9Xx52MGjci8zcLz-flAquHMiW49who	pathagon-rules-v1	7	14	3	27	0W0N0P0403020506030A0H000A0d080Z0g0a0h0b0C0c0I0e0k0f0d
g1_KnW4FZuvaV_uC8JVkdWnxtAZvsWfN-HtzMzmjeqPvZw	pathagon-rules-v1	7	14	3	196	0V0c0b0U0a0T0S0Z0L0M0N0O0M0U0T0V0g0h0Z0i0j0b0E0F0G0H0F0708090A0800010u00Wz0g8U092N02392P3u1c0A0s343u020104363u1c01030v2J1a356B0u2J02072M0p1Y693B2M3t090r014f1d3s6z2J4e083u5R2O02382M4e0A03X03A093w0r5Q002N0t4e00395Q091a3s044i0s1Y01Bc1m1RXi0h01Xd1RYQ2HZ-0jakXfcBZvZA0ibUYRZ-0jXgZuaiZ8bSXfZzYPcCafZBZw0jXcafZBZw0jXcZuZA0i0kXhafZB0icGXhafZB0iZzXeagZBbSZzYPagZB0iZzZAahYQbRZzZAahYQ0BZzZAahTqbRZzZAah
g1_Knd4IaHmNT1jJYxn81t0PyI0oDsZantcicNsyPYjej8	pathagon-rules-v1	7	14	3	62	0I0H0G0P0W0H0J0P0Q0R0X0Q0O0V0Y0f0O0e0d0X0c0W0V0Y0N0U0b0V0U0T0O0U0V0K0M0F0a0B0G9U0M0J0T090UGJ0A0B0HLV0AQr080C8S0FJ39z0NBW0APL
g1_Kne4570Dvs_CTJmtqgaO1d_k85_1fvLCoDPcGaIcxhE	pathagon-rules-v1	7	14	3	37	0K0R090f0a0W020O0S0A0i0j0V0Q0I07060L000Z0T0E0b0k0C0X05030P8cSaaG110U0aQP4y
g1_KnkBqn8Y_BaipIAqaXDIUpPWheY67V7unkQw6TmmnqI	pathagon-rules-v1	7	14	3	40	0i0h0R0l0m0a0H0Y0d0j070k0U0N0B0J030O0Q0M0A0g0X0T0W0C0V0P0002OLZpbv0jP3Id8oNk1P2_
g1_Ko2IpVer3bsYvbKo4JwWTNtme0b3t5tJJi__X2XaBh4	pathagon-rules-v1	7	14	3	196	0N0M0G0F09080O0H0A0G0H0302010J020Q090I0P0B0C040506040D0K0C0R0L0Q0M0E07000E1DGs1tBW2X0pGs0LBcH416006M0uGs0TBc1m160U6M2QGs0136030o342M5P06015U16BV1m69070p681fBW2X026T0uBV1mGt060p5N1t692Q02H416681f010E1a690uBV2X066T0uBV1mGu6T0uBV2X0D6T0uBV5bGu6T0uBV2X016T0uBV1a356B0t0V1l2J5O36030o342M3t040o342M02040t4d05364f1d5O06363u1c0W2M4e3s04363u1c002M0s3t5R354f2J3t1c350q2J3t1c356y2O3t040o3r2N4e050o342M3t
g1_KoCyBO84uuQt8KHIBmelDozaRDyjsYIgTSmQ1qe5g9U	pathagon-rules-v1	7	14	3	103	0O010M020G0K090J0N0l0P0H08070F0I0S0d0e0W0k0a0f0D0Q0E0X0P0R6BKsBZ0Q0UDjBG0T3b0GFD0e2J07OE0ZSZ0LatIo0RWhXgalRS0Y0ecAMCREGd0KcA0XRZY_WNGkbrMCB9WNGBbr0fB95aGB49MC0R60ascG0mWuc9bW600l0Y0eBF0AESSF1KMDXN0Q0LLFSEVR
g1_KoL3dlpdcOIiZphbD2NJwrQm3Ap4FAoYePFmSx9vddI	pathagon-rules-v1	7	14	3	19	0h010002070b0a0M0E0k0L0Z0T0a0S0T0g080Z
g1_KoVWcqkk2v0Ee3PtkkmGaIIODPO36hEcGREV8InBD8g	pathagon-rules-v1	7	14	3	103	0I0P0R0G0c0L010H05030V0A0J0C0Z0O0Q020W080g090Y0k0i0m0b0eU20P23VTF_KW0NJd0FDLZ40M0VIGUx0DXy0FEyAw0D060Kbo050OFn0CPS0aQj0C0S2v0a3ILl0IRI8x0U4aFr0CGO0WBL0e4_0CFV0W0IBf0G0N0H0BKl0O0BAZ0G0KSq0C0aU2X907D10mEg0Y4A
g1_KoXz3XlFU3bmkE0zYTbfEMdOZw7XBPXmO-jcM4jtmQY	pathagon-rules-v1	7	14	3	147	0K0W0P0Q0X0J0I0R0J0Y0Q0X0B0C0D0f0C0e0d0m0W0l0k0A0H0O0V0H0c0j060k05045Q064g05365Q064g5S3A033w2N5P3A03Ap2W020K2MbZ3s04363u1c0m4fbc2KAm344f1d2K5P0D0q062K5P348U1e2K0p0A3u1c2KWC0f03WwbP66a50e052GZwbT32ag0X0k0ecGWwae0k0e0lYOcCZ-bT0XakcFZ-0jYLVRbY0e36Q51Y9D0X0BWw2BbOakcFZ-1UbSakcF0m0jcAZD020l2MbZ3s04
g1_Koenz5Oy2xekEv5Zwvhh0pgStuRE5be5sjgXNSpFTgQ	pathagon-rules-v1	7	14	3	65	0J0h0L0D070W0I0i0Q020l0Z0X0e0B0b0a080U0E0R0H060V030P0g0S0mMp9ZTjO5ObKi0UFf00Hp580TE5A27HIdUg09BJ0f0Kaz0YWc0k6hJ-01Xy08aD0AFZbe0k4q
g1_KogfBvKtsNiFMeqkHXwtwvu0Gq1BlKqoXXCP6uvNV7k	pathagon-rules-v1	7	14	3	45	0X0N0U000G02010N030905020G040C060J0N050Q0G0e030N0X040l0b050Q030e01040X02050Q030e01040X0205
g1_KohlomafG4Cxc98bvX3Ol8hEEqm_CWhSL-cwWsc5LKg	pathagon-rules-v1	7	14	3	41	000f0e0X0Y0R0Q0d0Y0e0X0W0P0V0O0c0K0J0R0I0H0P0m0l0f0k0C0D040J0b0B0A0C0U0N0G0O0t0N42
g1_KomJwVqOciXjsc3WMcxqHWC-oQByz4R3-w2fmBP_Ukg	pathagon-rules-v1	7	14	3	79	0I0f03020C0M0S010K0E040H0L0P0X070A0a0m05000i0j0b0N0G0k0eQ80hIm058i0N0VVXOsYFFBZ8482S1OWgMiISHKSAEU0SFv0lAd0Y5w0fGQ0JcC7i0DPKGy7Q0NQ-Z-0QIw0RY00fTc0IbyDYVO0GIG
g1_KopjJCJ01HGvfbgNjBEEIK4w4ov7Y5rHsj55p-4hICs	pathagon-rules-v1	7	14	3	36	050C080a0W0i020T060U0Q0Z0b0j0P0V0D0m0A03070O0N0c0f0U0O0h0b0dTK0eJt0l0G0d
g1_KorWSoBL4FnyYcN9mzkD8WgM9S7-F0cPu14Y37vb568	pathagon-rules-v1	7	14	3	59	0X0d0P090b0a0m0F0D0U0l0S0Z000E050N010J0H070Y0Q0g060O0f0V0I0cIk0GFtDwbqRW62DU0WCWQJ5KTdMN0aUqY8XYSRUd0bakWu046lOqTX0bBp
g1_KotSkarX9DufTTWzvmj8l9SzjAZlCCDcW2tCOJ_8yaM	pathagon-rules-v1	7	14	3	36	0m0J0b0K0R0N0I0Y0j0g0Q0W0E030P010i0X0R0S0A0Q0d070H0O0f040G02090B0YJ9Bq6K
g1_KpKclEwEYVwu3q9qOfh08L3woudsc88Lnz8A62Q356w	pathagon-rules-v1	7	14	3	60	000h0109020408030A0B090N070j0i0T0G0U0H0M0F0b0a0c0E0L0S0O160Z0V0a2C010O0ZWx026o0IC2NPMg0SHC0U0N0T1600S0UA750ZMx0B8r05H906
g1_KpKiYgiFeEBId32-r99ywaK7fxFJRXWejs5kakInb3M	pathagon-rules-v1	7	14	3	60	0b0k0f0O040l0m0E0C0U0J090a0P0H0R0L0X0S030I0Y0A0d0K01080M4L05FO02S_QS48C0Gs4_0aRV0h2FMQ3fSaUsX4LDFn04c00WEg0NOmQ10VRT0W2-
g1_KpM0OKEo5fikj5evAAcAm6s3AUy_npenSOSfF46JGWA	pathagon-rules-v1	7	14	3	196	0A09080B090I0H0G0F0H0M0P0O0N0H0O0G0C0J0Q0I0J0V0U0O0T0N0W0X0V0i0j0h0D0K0R0J0KY60h0P0i7Z088O090d0AXRY_QhMC0RZzaicFVKYSZvaiZBbSYRZvaiZB0XcGZ-aiMA0icGZ-aiZB0icGZ-ai0k0RcGZ-aiYQ0dcGZ-aiVM0dcGZ-aiRX0c0lZjc3QobPLCRD0Y0JcAalRR0Y0dcAW9RR0Y0XcA0bRZL-Wb0acA0QL-0RWwM5RE0Y0QWbcARZVALz0RbxWwBNR00YLm0RAqWN0JR75v0f0X0YbxWwQhRKLD0Q0XbdWwBN0J0Ybk5n0eGOB20D0J0d0QWm0KBMGkRZQaLzWbcARZVxLmWbcARZGd0eWhcA0KL-GWWw
g1_KpemgitxEUf8axNPpJrjs-X_I7XdGKw9-0gDDa04doc	pathagon-rules-v1	7	14	3	111	0c0E0A0C0W0g040a0H0K0j050k09020I0m0J0D0e0M0V0U0S07060b0D0X0R2s0Vb-GmHdBGN60LQPFjUFVi1B030MX6PrAT6AHJ0eF40UPI04Lb0mND0A1_0WMy0dQe0aRR0U0R0C0dbz0B0I0VPzBy07540G8E01M6F80YaT0kA70a00SwDbOz0V02OLar09XB045f0DV60H3h0NDdBO0LYh0m1t
g1_Kpfn-LMRgOytJR4YBycSL4SE937AggRD7y8VQV5j3vk	pathagon-rules-v1	7	14	3	58	0F0j0G040U0C0a0d0B0i0m0c02010b0V0Q0h0k0R0N0T0X0D0f0U0Z000MZ50YUv0l07Iy0eCOU109VV7z440B6b03Zd0K0I0W8t0QYKSB0O390R0eB8
g1_Kpn9piVa6WamdJIXDp0GbfXX_WQ-80wUSzkLRmKDTYI	pathagon-rules-v1	7	14	3	62	0i0c0m0a0K0J0d0g0P0O010H0N02000D0Z0F0Q0S0O05060I0k090V0T0408K10Ubt0PJuUCI7XWVBHUL00jPTZSIbES5lVU0XFN0f7L0YEf0BJ-b50MOt0E0dML
g1_KpnPkoNeDZ0O_3u0Sui-Gpw68eKQTrzKunUaP0kj0_o	pathagon-rules-v1	7	14	3	44	0a0e0A0L0N0G0C0H0R0l0E0d040U0D0T0S080K0k0Y0Q0J0F0X0B0Q020P0cFi0h0J0MRW7UG89h3zTQC8D0JQ2e
g1_Kps6B7j6n4hlm1jVJa4mW8UINqq00zmmImJOE1LzQfA	pathagon-rules-v1	7	14	3	38	0i0G0N0l0b0S0F0B0L080T0O0Q0m0A070H0a0V0204090G0R0d0A050k0E0JNh0ZTdSr0a2b4ILm
g1_Kq4TIQw98V6tYl1_8_e0jF3m-yaroD42JychlZQn70Y	pathagon-rules-v1	7	14	3	196	070E0F0800010M0L0S0T0Z0a0g0h0209010G080F0N0M0U0b0T0i0D0O0V0N0H0U0O0A030c3A0AApXm5Q0h2N023A2M3t7k4m392M3t1c09392M3t7k4d390q3r094g390q5N3x4g072O5Q3x6C4e391b3s074g391b2K3t08384f091d0102080o6v08075R0t4c6D1f5O094i3w1c085S0t3r0401070s3r082K4e0j095S2P38YW4e0c3u5R2O023A2N4f7l5P3x384f2O5P3x384f091d0i5RXo4e7l355Q090h0r082M4e006-3x2N364f1d3s08364f1c092O5Q3x0r4e01091Y5O02080o6v08073w0r3A6B4c3w1c090s03
g1_Kq9el_hvF3Ud53JAT30sF4Ub117eyc1-dDz5HTZjNm4	pathagon-rules-v1	7	14	3	71	0e030C0l0I0V08090c0L0G060E040k0O0N0g0Z0J0R0h0X010j0P0H0b787tUB09AJXnRc0SHd0TCN3qIPP7Ly0F21032k0JBtN7Vd02GiFZLab70M0A7G0FaF0cZy5E0R8HM90lPtUjDG
g1_KqJ4dsIHX0-kgIDllaRNAT8uQ2mFAhk0idai9ZXDyTI	pathagon-rules-v1	7	14	3	29	0l0m0k0f0e0d0W0e0d0X0Y0R0X0Y0e0Q0P0O0J0P0Q0K050I0V0J0C0c0J
g1_KqTWGje4ZPCs18lTAP_2SCdNzvR1TE9s8Ng1ZTU_acg	pathagon-rules-v1	7	14	3	63	0a0Y00090A030k0T0X0J0i0l070c0H0d0j0m0e040E0L0g0F0N080B0ZZRFeQO0b0S0I060WBaP-0O4M0aVG6TCgSr6wYj3YPqQD08ZL0AT94k025Z0X8k0dHr0i70
g1_KqUEUneL1Fp19jtf2CpS5IDlmRBKh1JnYCCy5GPUgys	pathagon-rules-v1	7	14	3	57	0H0f0k090J0a0g0Q0l0Z060D0M0G0c0W0T0i070P010L020K050E0I0N0h085J0Ub6740d8B5ZNvICK9EAPlUhCPTAS6JHQ7a50WFp0lAE0R2T0m1w
g1_Kqardxmx_Y_ZsaXXCRO9ZUIftx1dbTFURJXYVlBd4bM	pathagon-rules-v1	7	14	3	15	010K080f0F0b0d0V0M0T0a020T0A0h
g1_Kr4hcBIDsHckbvSDEvjuw4607iOiTOa9yAEXmliMQAQ	pathagon-rules-v1	7	14	3	64	000W0B080Z050P0D0I0C0e0L0i0O0l0R060H020j0c0K0g0h0S0Y0G0f0k0TEgZS2M7fJ-0jVgGx9MRO3RB7MLJjXPKS7E0e5p0ias0g6dZ40i02OK0XaT0j032_ObAZ
g1_KrAqtIDJR9YGI-v0QZiDAreheIYKugjYmerQpsVnmIM	pathagon-rules-v1	7	14	3	71	0K07000m030J0C060c0d0O0W0i020D0Q0f0l0X010L0j0S0Z090E0a0e0B620TBl0H6c9kPm0ia-Wu0I0PFgJO0XAO07af0JK308RA0M0G7H0F0AXC0M180A0M1g0105GD090hNtYV0j1h
g1_KrJnEuR79bJduxleQa5AywhY5wLgsdrMI9EMDpq_1Mg	pathagon-rules-v1	7	14	3	53	050D040m0C0b0L010O0E020B0c0G0g090d00060A0M0e0V0N080T0H0C0J030C1-0lJ60Nc4AH0lJ385Hf0XXRbIOjR-EXVu0eQY0X0P2j
g1_KrKz4aqoe_iPRr7kknFH9wuZKEzHnqcyXw-JcCahKdA	pathagon-rules-v1	7	14	3	53	0l0O0j080i0b0k0c0a0B0h0T0Y0A0Z0H0V0U0N0G0c030J0X0N0Q0d0P0F0Sa30KUz0bCc0I008YRo0Z0FGA0738bCS40K7KGaDe0T0GCq
g1_KrPJO24AAsyfUh0gMXkpI6H28O_ZaazJue2eMbjnGaY	pathagon-rules-v1	7	14	3	72	040I0C090H01070Q0Z0D0L0A0a060M0e000N0U0R0J080B0i0Y0k0S0V1N0FAFW3HdYw0G5tDuLoHK0j030K1AOi0d0c0WI86P0mRE02Dc0iLxQjT42xP10cTH7X0fU10d0BFBZ_MV0k0L1W
g1_KrdfUOGVWPQxkpLEeNz3dL11gixTX4ITK7u5sI9HETI	pathagon-rules-v1	7	14	3	40	0f0T0U0B0A0I0i050C0g0J0h0B0e040a090W07030L040Q0S0B0b0N0c0d0G0R0Z9T0MH4MlLn0V0SDY
g1_KrhFMly2OPQ1XexO5VOMGIm5LPCbcVeXqId_GsTdCKE	pathagon-rules-v1	7	14	3	84	09080A0H0G0F0O0G0H0N0M0V0N0U0G0T030M02010W0P0I0B0P040X0Q0J0C0Q052J0207030_08680FBc0E16086M0MGz00Bq086M07HI0FBq6MMK0MH4086T07Bx0MH46TMK0FBxH4080uMDBq77080u00Bx086M0FMK06
g1_KrrpA1E9WIwTbrR737JZKCvLO0-uZBNsjWvJeWH-3Xs	pathagon-rules-v1	7	14	3	90	0l0T0X0V020D0G0e0Y0Z0m0d0N070J0j0B0A0c0H0R080h060F010b0kITEMCUBA2pU-Tt0C0F5kDANGM6AN0T0X0d0GN50iTc0fCn0D8I0cXC0Cbm06EY0KFzUX0IGmb30lCga30cApWu0fRYOhF50Rb40fRYMULD0TUI1oaLZT0fY2G2Cb
g1_Krynw0lWwe82wotAxmcY7KSap92qM9VSdV4OeWRmiUY	pathagon-rules-v1	7	14	3	80	02050B0i0g0U0Q0h030L0m0G070I0l0K0j0X000a0Z090d0b0V0c040DOiUIbqYZS4Lh35TqZjOBAZG-bTGR2dQWU1CePcYC0YHp0Z0E440MZh081x049T03KP02G60RFe08PB0NEE0IGR2Z0BEbXA0R0v000b5O
g1_Ks2L8DBLNxhzteM9_4bgZzQCCztVZPrkNh4FQc-FlPw	pathagon-rules-v1	7	14	3	51	0I04070G000f050b0S0H0J0i0N0Y0O0l0P0F0Q0a0C0K0h0V0E0X0O0d06Sx5iCc59bQ0FI4KLR91JDiFB0GD00aS4XS01XkGx3u2B
g1_KsMpdAi9Cejj9yfEEO9yDu353J0u7IRgigLktSvMbwE	pathagon-rules-v1	7	14	3	74	0H0G040Z01000S0i0g0j0l0I070Y0C0k0E0O0D0Q0U0P0T06020e0m0Z030V1uLFCA0K0BJg9KVe405i06Oy9dZOc1CU0QH5b10OLx0A5l0J09a00aYb0BC40cQP0jTA09RC0Q0mH_0JOh0P0e4D
g1_KsTc5VgTdC5Sp4ICGPXaFfNEEbbAKL1noifoMClPujw	pathagon-rules-v1	7	14	3	196	0P0Q0W0d0X0e0I0X0J0C0B0J0c0V0O0W0V0H0A0I0H0P090G0N0H0G0U0b0V0U0O080F0M0G0F0T0a0U0TDO0GQ20XOX0V020U0W7j098V0s3A0N052M3t1c0G0B2K0N5P341b012N0p341b3s2N0p3A093w1c5Q0A4g2O3A033w385Q024g0A352M3t7k1Y352M050p1Y353u2N4e090A0G0o3r2Q9E090o342M020A0o342M8T0A0o092J361b010r2O360B3r092K4e0q0A1Y6936030o092J361b010r0A392M3t0B4c092K360q041a0A35092M020A031d3xA1354f2O3t0434092K3t0q041a0B353u2N091Y4d3t0B0o0904
g1_KsZcb7E6tu14qyN-CY3AO8LU6darnw9ddBEtWuhCn9E	pathagon-rules-v1	7	14	3	148	0h0b0Q0X0V0D0k0L0F0S030c0O020i070R0W0J0H060U0G010K0l0M0D080CJD1jD60gXyUdLAPVGkXF470CWZCC0EbDDdQ60X6Y0WO25x00LT0TSiGm0kLQ0i0t0R9C0Aat035e09AD010QPf0U0IKj0Qbo0f6V0l470B058j1H04Iw0VGv06PLCS01Lc007D0bJa0DGp0YWU0J0D570CMI0Q1H0L460VO107Fj0Z4c9a0g6XE50j2n0SF2Mq0BJfOwB00mRmNT0e9iZ602KSTJHE0PEwK50VXuWZ04
g1_KsdDGwkq_jka-Hgnc7t1-y3tDdmKrpDdcIzyqWHE1zs	pathagon-rules-v1	7	14	3	29	0N0i0W0P0T0k0c0F030a0M05060O0G08010A0H0E0U0X0A0Y0S000j0921
g1_KsnFfvvYDStyZf0HgSWvDMlr7cyEmGMCz1N7uo9_OOI	pathagon-rules-v1	7	14	3	100	060L0i070d0E0b000c0j0k080j010F0M0U0F0V0W0N0G0O0H0P0a0W0A0T095P0IIR0r2J1a0N3s0q2JIQ1c350q2J3t1c350q2JJB1d350q0O4c1c0N2K0p3r6B1c2K0p0B3r072K6A0q0g1Y7h36090oCG2M6x0J0o342MFM0h0o342M7i090o342M7i0X0o342M8T
g1_KspJZa__DIgonJAxHb110UGASqmVLTqRCaQLkWZOT9k	pathagon-rules-v1	7	14	3	42	0G0H030l0h0F0M010W0T0d0U0e0G0L0J090N0K040b0R0f050Q0M0B060ADY0Z1g01Iy0SDq0N03Mc000m6w
g1_KssQPzvlxn4gMGTycJEeqQiVfFqgcYNPlSMWceiTODg	pathagon-rules-v1	7	14	3	32	0m000N0G0A0J0H0Y0V0Z0I080U0C060j020k0h0E0d010c0B0K090W0i0a0ADrBi
g1_KssZNqQRq2DbJl_V-PCSnI6fSxxWpsRrDWt6RhBNoto	pathagon-rules-v1	7	14	3	55	0O0Z0D04020B070R0J0M0L0W0k0V0C080g0H0m0d0b0U0c0X0a0K0A0f0j01TH4TA-S906Hq2v025l0ZAE0I0MEoXgGg051Y0J7O5C0h6dPk03
g1_KsuN3sh8vq1SZjUqmYFT3f0hUJZjoVZWZivh90xEtrY	pathagon-rules-v1	7	14	3	59	0Q0l0c0F0d0f0a0P0O0W0j0X0T0Z070i0g0J0e02090k0N0d000Y0I010Q0L06PV05aT0b0DTHCa0rBY6OYa44V38FGU0MM4Ci0H0A0QJiVg0I0eU8Vj4g
g1_KsuakC5u5uKaLKty97Hn3kUBe6ouQkTeeSvvP51M_Vs	pathagon-rules-v1	7	14	3	93	010F080E0a0G0U0K0I0B030P0c0H0b0J0M0I0F0h0i0j0g0T0i0V0N0U0a0h0T0S0N0T0U0i0a0Z0cDU0GZi0O0j0VEI0Q0V0PF40c0I0VOM0kNZ0LBv0cTr0e0U0dbF0TOL0a9n0P0H0WQQ0aL90P0T0OEJ0HYC0a0h3XO9Vo0U0WFB0TOMHa0U0d
g1_Kt0F4Qp92B9VIPiB-Vj83R7M-X0LWY4vtsQYlURdHG0	pathagon-rules-v1	7	14	3	62	0C0N050c0g0J0e06040D0b0U0f0S0H0m0V090X01030G0W0O000T0V0Q0a0FAO240iKz0M0kLrUC0EAlXeFe121a400TKCIkSk7k0gNu032TZC05EWbj0H020dA0
g1_KtDiO8CmQjgLotVSEoJSu66BGvDXic3NGrNH3gMwWq4	pathagon-rules-v1	7	14	3	65	000l080d020e0J0U0M0K0f0H0X0Z0g0E0b0A010c0k0m0Y0N0F0O0V06OrcE0IVvEiUhTZNs2ZZjHp8j0Q3E8N5oROFB1hGAQU0dXP0mL1P40NEN7O0IAZUm0DavME0g0v
g1_KtJbxYnUJ0Op_V09LxfCFtXK93FoSfuqVRIf7PLqP6Y	pathagon-rules-v1	7	14	3	196	0a0Z0T0S0M0L0N0U0b0T0U0O0V0c0F0V0G0U0H0E0708090A080H00010203010g0h0i0jXc0b0a0UYM0bSF0Z04S80Z1E3r04072M0p1d8X3r2N0A5S3A3u040A3w385Q014g1d3A013w1a5Q8V012M4e3w1c012M1a3s0A384f1d8X3t38015S2M3t1c4d392M3t0A0r014f1Y2K6A070o342M3t040o3403Bc1m0o2J02072M0p1d7m352M3t5R1e352M004g1d360q094g5S3A033w385Q014g1Y392M3x0r4e01091Y5O36030o342M6A07016M0uGs0LBcH41600X91R681fBW0E0p681dBW3A0q0E1a3s34072K4e0q001a0o
g1_KtLYJQ1WwPmlcNsVsXvrJ7WBpj8YPu09zSLaLQXgn0U	pathagon-rules-v1	7	14	3	42	0Q0K0j070b0P0X0T080f0l00030S0J0h09060i0L0F0e050H0C0I0a0E02EIZnBs3K5-THKLQm6EYs0UbQ1G
g1_KtgdyLo33A_8PYLEMaOEYTJgn5NozhMNKsX31CNJ4PQ	pathagon-rules-v1	7	14	3	19	000L0N0D090i0h0W0j0U0b0m0U0Q0G0S020P0a
g1_Ktq5rVGBj_Rh34jcN7TeAZ1KrhmCU3byXrY559eCUqg	pathagon-rules-v1	7	14	3	47	0k0m0T0Q070R0W0g0c0a0d000F010U030O0X0H0i0L0K080M0Z0f0E0V0ISQ0PWKCSHtRgXNFCDfE4GeOF1_WtMh6C0D5Y
g1_KtzJWItMIhEjkY3NDnCOfUb0MAGc5RVp8idb8hE6H8U	pathagon-rules-v1	7	14	3	43	0l0V0X0W0U0T0e0U0P0Q0O0N0M0H0J0Y0I0X0Q0O0X0N0G0F0d0H0W0G0M0c0b0a0c0k0j0i0k0b0h0BHh0MXt
g1_Ku5QlFffSLK8OCu4ioJOldNtab_dd4ktPJKXDebEP-o	pathagon-rules-v1	7	14	3	35	0H0U0J02010G0A0l0O0Z0a090k030e0I0d0B0j0X0C0S040Q0T05080F0A0H0M0N0F0P0h
g1_Ku9qV46PLdaAb19kwlt2M6KDIGH0MARJHQWRnrXYRHU	pathagon-rules-v1	7	14	3	51	0H0S0A020M0T0h0K0B0D0m0g0Q0Z0P0f0a0L0e0R0T0U0b0Y0T0J0C0X0I0jF90Oc8WgLA0QXr01K2SGPBXg06YmU_LX0dAw5R4fUF
g1_KuNBvei08ILM8Wk6g6KaXsg3A7o4qjeNwSpdL2K3eaY	pathagon-rules-v1	7	14	3	60	0C0T00010R0G0g0e040D0N0H0S050F0Y0B0h0A0k0V0O0X070l0M080U02030E0W040j060a0J0K0bSu2KJU0mSA1GB5bgalTd0fCi0PObO10DUCQT0QBpNV
g1_KuOQvKuDQ2vjA4vWNKXFk6ZEOORLCQdH4kYZ9nnIp5I	pathagon-rules-v1	7	14	3	89	0h0j0T0d050F060m01030e0S090G0P0c0E0U0Q0f0I0M0V0Z0N0K0T0l000U0Y040ORiOr0a8D0WLCCj0wTt4yGj7w4VQkb4YH0CRH0DRjXQ0ZAz0abo0cPy0gGF0R9_0C3S0WVw0SZe0YYP0eCm01U-07Zr0G0FFJ0KTJ0fDO0IA60j5V
g1_KuSdnwZxQR79WH_WhFG-NAWMcK_kf8T_mVh6KIwNnOc	pathagon-rules-v1	7	14	3	35	0l0m0e0d0k0f0Y0e0X0W0e0V0c0j0d0c0R0Q0P0O0W0Q0K0P0J0I0Q0H0D0C0B0A0C06ar
g1_Kua3SsGeV9exAVYH_0wx-9XrGRKVpgpCMXp2SxgLTj4	pathagon-rules-v1	7	14	3	74	000a0Y090D0h0i0F0Z0T0N0l0Q0I0W050301080J0k0L0m0j0c0R0B0A0e0C0K0gRqZfPlSwIk04DF1n0B06B_F69T0EaZ0X0kFUbt0dPX0FG70N0OQB0bRh0BXD0fBl0BIa0H0lVZA80VEjEI08
g1_KuaxxuSpv0h9xCgeIVlid_alkr3qaGFxzF_4NI69lP4	pathagon-rules-v1	7	14	3	54	0X0a0c0Q0D020f0J0U0k080A010I060M090H040b050T0E0N0g0i0P0W0d2M0B0m1YKtTucG7nI5UtF2B0AJ0xam1y3DWj1N8qY_0mTd0i7_
g1_KuopiNHrYJCDrPTkQPyMtXGQl8i5GOVjvME_PHfufp4	pathagon-rules-v1	7	14	3	51	0T0S0J0B0U0A0Q0I0H0O0C0D0K0C050H0C0I060P0D0R0V0Q0X0W0Q0N040Y0M0X0G030N094e053u042K0209MD033sAb0C3b03Nj
g1_KupjBR9JfM8s-1WTkGSWC6nWNM6gc4wGkUHkNiFbZwk	pathagon-rules-v1	7	14	3	24	030R0A020H000O0B0V09040A0I0P0B0C0i0B050D0I010W0B
g1_KuusF-wVE-QpJAeMP04_x1ViOM3lgCGUogBhy_ZfxIE	pathagon-rules-v1	7	14	3	17	010X0Y0P0M050T0i0h0b0a0E0G0I0F0L08
g1_KvEha-Nv5eJMmWzEAUN0bZ8XjgXGu9lzija3tO7AGoc	pathagon-rules-v1	7	14	3	48	0E07080F000107080209010G030A0H040A0B0I0A050C040J0B060D0K0C0D0L0M0N0O0M0H0P0I190052050Q0C0R0y685U
g1_KvL646eAjjY3_sWpdFRC-2yeKGNY-dRWOBvEgl6U4eY	pathagon-rules-v1	7	14	3	41	0T0D0L0X060K040Z0c090M0g0f050a0V0l0J00080N010H0S0I070A0QN1LPWP2I0RSDFEbp64BJCjOY11
g1_KvL7lSjIIULMYoMnqw-cTH0mbChxsTQe7w7NnvBd1E4	pathagon-rules-v1	7	14	3	61	0A0e0d030T090f0m0D0U0R0l0Z0Y0S060X020e050k0E0G000g0M0L070i0fXcbQZAR70YBtZb0INN0bX_bo0D0QH4WwBNL3RYc3Ww60LmREc30Q0RW_MJ4dDE
g1_KvUGZ52IZGGesqWpOQgUXcWefuBGX98Rs2U3FPV3Wp4	pathagon-rules-v1	7	14	3	60	0B070C080A05090G0P0a0j0X0b030H01000U0I0204090T0J0N0c0l0e0k0d060O0W0V0U1s67P9bI019nFg0V0B0W0h0O0JakYQcDW4Zu0NZ8ahXe0AYQHp
g1_KvapWb654oSFO2umfn3OcmXKPWHshE4B4W97YecyHco	pathagon-rules-v1	7	14	3	35	0N0M0P0l060D0S0X0O0a070Z020g050m0I040C0B0W0C0T0h0G090J0R0C0QDjBR0k4T5-
g1_KvjZIJIhR-GgIBrRxvqeHDHZiUl7EMKnSZbDOrpZ2CE	pathagon-rules-v1	7	14	3	32	0X0Q0h0G0f0A0I0Y010R030H0W0N0d0F0D0k0g0m0a0L0O070K050S0E0baO0B4-
g1_KvmVxa1LuI7cJJQnlJskaXS4dL_SBoBgHfzKmnNFTQQ	pathagon-rules-v1	7	14	3	89	0V0L0T070R0b0G0d0S0Z010Y0S0X0C0h0c060l0D0N0i0j0E0Q0m0B0O0FBuA6cF0MBRMs037x0S9a0DDCMhLBZN1-BGbW5_M9Uu04YJ0JZ3PA01Je0lEO08bw7b0DVO0jQf0fRPX90RZE0KG10ABKUj06920LZ3P3D8PJ0HWQ0A0w0a61
g1_KvoTNEZoxufzuo7qkR1S32x_Z3IFyW-ZJ5HdGouk6Uw	pathagon-rules-v1	7	14	3	43	0E0O0A0i0P030c0Q0G0Y0g050N0T000f0B04010K0D0V0M0b080H0a0d0S0F0l0j0XGB0mQ_B95q0LE40ZWr07
g1_KvsWimGpnT9rIQ1HHhVHgW8U0HrnrB2B-_-741cRb1w	pathagon-rules-v1	7	14	3	83	0R080d0T0P0S0j0W0N0M02010B0Z0i0D0Q07050C0h0g0a0K060H0O0G2c02IjS60VE40H6n0ANS041rT3F40aI08-0m5pDB55Q_0FPhCRbu00AT0bGH0OIZ1300UpAK0FFi0VO0aF0lOn0w0kKxCJ07aU0RHEIs0N0m3Y
g1_KvzD77mHa6WS_QCA-DEwa_p08mVBQ6y7eU8c1D7Tmsk	pathagon-rules-v1	7	14	3	37	0I0T0F0m0d0e0c0G030H0Z010Y0j0W0B0S040X0f0D080a0M0V0i0g0P0EH-0l0KSSbgOWND3P
g1_Kw21B_DAVmZSESptPLmd6SaC6DSQTwxLAL2Y8fE94hQ	pathagon-rules-v1	7	14	3	103	0L050d0G0A090H0P0J0m000e0k0f0R060C0N010E0M030K0j0c04020aaAWeEFW3AS0OUNDZ0v0UNG0l1h3dOwc22lIeG0SxMx00GuXZ0H550b1U00Vz03De8J0m1P00FH0hGb0gE4Ua0G4S0k0TI0c20JbS0HJhWgP73i0f0cT40mS90eYD0cbRFB0aU00XLkRQ0Y0kPw0l7K
g1_Kw54xNTTdpubtv00577LOxLPzha_3XXuFgIsTHJqvCA	pathagon-rules-v1	7	14	3	25	0H0A0I0B0P0O0W0H0V0c0d0V0G0N0H09040G0B0U0b030c020i
g1_Kw9uzQcSwiueSfbjd2anKGXscYbf9DREQ3JIvs4aIqY	pathagon-rules-v1	7	14	3	80	000F0b0B0R0H0e0608050W0U0X0E0Q0P0k0f0S0G0h0N0C0T010Y0A0O210MMHJKa2CbLk0D8g070xHo09J68D9sOi6q0KXE0cBn00RA0jYfPf0hU80BGU5d0gaGKG0YZgAK099h0ME00k4tXJ0PMP0SHw0W0KBF
g1_KwIiUOvA7lJVo5SZutAdYAu-Ujb-eIj8sqAwW-uRh5k	pathagon-rules-v1	7	14	3	54	0R0a0B0e0k0V050C0A0g0X080Q0K0c0W0M0b0T0I0i0E040J09020H0mEA0Z8mXPZ801L2W6YB07Ib0iHs0M0Q0l0f22NL0TOv0k4P0h0K2t
g1_KwU6iXo3XsmSrPwHo4mbEPD_HrM0cZgyXsonnLCy-Ng	pathagon-rules-v1	7	14	3	70	08090E01020F0l080G070F09000A010308070H080N0O0M0H0L040B0I0P0B0O05060C0D0J15001y010R0p5N06GC1s010D1g2K0p00720v00090o002R0p1Y356y2R0p003D030m3t
g1_KwgWB3Clt0UKFIzjDqgKVXPBjHF5HW8p4S8e9RoGOTs	pathagon-rules-v1	7	14	3	22	0a0h0O0T0f0m0Y0g0c0j060V0L0H0e0l000X0S0i080k
g1_KwkjoKErrGgtxE73-99xJCSSMz9W_ktKDvzX8-vbWjU	pathagon-rules-v1	7	14	3	81	000109050K030F0A0P0h0H0V0X0O0Y070E0Z0c04080d070g0W0Q0b0S0G0l065FRZ2E5OWzPv0HTaWqCZ0b6DXY0MbQBi440NX1Ao3H4f0G3w5R3A0c4pRf5Z3xAo4f1d5P013A4f053t5R3A4f2O3t5R3AI12M4U
g1_KwpxSGuo-4_AjOLN6zuF_jlbl98B9VeUa7lYa36TgEM	pathagon-rules-v1	7	14	3	196	0N0O0U0V0T0M0a0N0b0c0G0F0N0H0d0G0c0W0P0I0O0W0V0P0B0A09080G0A0e090X0Q0W0JT80bD20G2J091a010q0C04A23x1c2K4e0B3u5R2O0C38034e0B3u1c2O0238034i0B3w385Q0C4g01390B3x1c4f2O5P3s340C2K4e0q041a3s34032K9E0r391b2P3t4d340B2K9E0q0B1a5R39032P364f3s5R053A033w385Q0B4g00390q3x2N4e395Q3x2N4e391b3s2N025S1e3s04025S1e3s2J4e381b5S2P3s360q040B5P003u1c2O0C38034e0B3s0q2N021d0B3x2N4e395Q3x2N0C365Q0B4g2O029I3s4c2N5S3A0B
g1_KwqIJhWIPE_d92n768LInwXv0OG0o8YlkfaTVbBd3JI	pathagon-rules-v1	7	14	3	40	020c0D0i0A0a0k0W0F030Z0I0M0J0X0e0L0N0h0K0Y0g0E0S050Q0G01003Z0U0T0PEl0bGc0lUL0H1s
g1_KxDv9K2MAmAcHAOf2hY7C4ZbquguTx5_jyRiVcayoV4	pathagon-rules-v1	7	14	3	94	0j0J0Y090E06070U020D0d010f0H0W0Z03050C0a0R0c0X0O0P0e0K0I0MSG3l0ZGKORXmSFCG0mRY0g6J0AHxJPZjBG0Q0k0MRY4Y049V4R2uSj0d0NFOJC0SEOV70L04aT0ccF0f3FCCX80YaLZW0m1E0BWO01Ol00R40CKk02GF8NC-2S0VawEC4e
g1_KxHC0n3_piE2oUi1IiJaK9iKDevlgiucTz46KEQUBug	pathagon-rules-v1	7	14	3	52	040Q0H020F050g0M0K0N0d08000f0j0G0k0X0e0R0i0D0A030E0I0T0V0mOy0UWL09Ey0WKtXL07NWKfaJ0L0P3oZ0AE8J4rS16KcB2b
g1_KxOV-VbYV8J_vSjSzLymhMFZS1Bl0AGEDKvLdp2e5Jk	pathagon-rules-v1	7	14	3	62	0S0T0U070908020A0G090B0C0D0B060Y0J0Q0H0O0J0P0X0T050Q0R0K0C0I0R0W0f0X0Y0K0J0H0l9Q00Eo016V110I090J1f000B084j015i030E026IDs05JK
g1_KxVWTYbVFRQZuWkm6yfoj1hTBLpxREUCEd6ii6HBF0E	pathagon-rules-v1	7	14	3	65	0X0Y0U0g0a0D0602040M010C0E0j0I0S0A09030l070R0T0d0Z0H0W08Qm025l0mPb0d6q0WJQB5Sg0j0eV2RyXE272-00Pq3mQ-07Fu0AL40T7V06Sw0a9w0SU40U0f4Q
g1_KxzpkPhjN9WNFm0jTJLb72Az_7XlFTY7_c7ItN3IqRc	pathagon-rules-v1	7	14	3	53	0G03040I0X090g0l0h0T0f0D050Q0k0B070A0H0W060a0K0P0V0N0m0d0D0j5C0e0F0l0X8CTtav5yKjQYFHBK9cDzUsXo3pTX0hCoSy0D
g1_KyBi1UVhO9IXgu675817V72dmL3Ss2803tGDg7mwWRY	pathagon-rules-v1	7	14	3	17	010A080Y090T0U0l0m0O0N0e0G0S0b0C0i
g1_KyCq7x5vHxz26LQK5nY1aIxp2I5-Fnj_tiPKIEqMx60	pathagon-rules-v1	7	14	3	112	0I0V0H0Q030W0j0d0Z0J0X0B0T0R04020P0Y0S0F0U0h0l0G080X0c0D0M094V040ED4WxFR01RNIH7zNM0L0CU_JFM4AcT5K80ibN0VWZ05XF0gUN0cGH0k0l0e0b4K0OLO5-0RMs0cF30e0VQa042t0dRO0I3N0BIR09U1C80K9qGD0Ma3EiYQ0DZCAr0DRu580G8y02BM8J0S1q0eUtcDP70m0C3X
g1_KyE2n54MD29dmpl5yuDg-qs66AcqehuxQcK7lJTVpTU	pathagon-rules-v1	7	14	3	46	000701080G090M0F0N0E0V0L0b0U0h0O0j0c0i0V03020B0A0D0H0J0G0R6S0X2b0Z750l8C0g8o02C30kCi0b0JTsRG
g1_KyIUld0GUJhKhbbWBW4R50gvQxZuUDyY2majrOPIVzs	pathagon-rules-v1	7	14	3	13	0f0l0Y0X0m0e0R0Q0K0J0D0C06
g1_KyQK84zZYPnqKhv8hehXokap_1FIeA4CG_hg1_Yo2cY	pathagon-rules-v1	7	14	3	57	0E0l0d0e0R0a0f0b050e040c0L0M0Q0m0Y0X0T0i070H0F080k0Z0h0S0a0M0A0d4o0j05EG0FQBMA6y6b0Ia6EZADbu0MYgWG3VR70G5aLYGW1500
g1_KyX_LHMPmFTupUzJo2TPMpHm6KeNynVQCtZOjE-2lGI	pathagon-rules-v1	7	14	3	33	0b0R010602030Y0m0a0N0M0J0G0X0g0d0E080f0B0O0I0j0W0H0Q0U0SID0lX4QP21
g1_KycwHnhFtIdpVhZfSUEUEPguTvkGhRHtF2tYTMJavDY	pathagon-rules-v1	7	14	3	24	0m080D0K0R0X0Y0K0W0J04010B0C0I0A0P0B090702030G02
g1_Kye41U4T2ewKNREUCq7kWa-FnFGP0A1FMK5Bd8CKISk	pathagon-rules-v1	7	14	3	82	0V0W040H090b080N0h0l0m010G0I0E0J0d0D0S0Y060a0K050R0e0Z0M5r0PGQ0QBy0OXkHg06G20X070KEPc7QrQc0F040Y5b0ANl0iUW0CDI0W7z0BDt0G1I0j4u0WP20mFDVPLx0c4FYu0NaN0QLxSU0HWL0kL1K4
g1_Kylvl8ATvAhbC5XHG7Lk-aOXjZ6eW-ovkP3q5gaLkKM	pathagon-rules-v1	7	14	3	196	0H0A0I0B0C0J090G080F0N0O0G0H0P0I0G0O0Q0M0J0N050403020401000807090E0G0L060D5h061z0JG60K2r60LYB902Gd5h0D0JAq1l0K0C5O0D0pAk1e9-4p0s5Z06WA0J014o3w5R3AA05F3w5R0C2M4e3w9G0B034i0I0C0B5S3xAo3H0J67WG034pbc0C385Q061a5O0t4cAp0D040z5N062K5P0t000D0o5N2P4e050o5N2P020501Q_1D5N2569070pRa1e694j0s5N06695U0t003w0r5N06075S0t3r1c015S0t3r040T5O0s00380q001a0o34032K360q061a3s34042K3t0q001c0p355N032K360q004g02050t
g1_Kyq3HbVSrXMUMSs6J8zKfRVmJG4HD9r765r9gzjl0sQ	pathagon-rules-v1	7	14	3	14	0H030j000C010f020d040m050A06
g1_KyuqmvUNPvJxWO6eBv-GteRMJXjaBJVa6TAYJzK3ykQ	pathagon-rules-v1	7	14	3	196	0M0F08010F0T0P0O0I0H0B0A0V0W0N0G0O0U090V0A0O0N020O0G0H03040N090G0009070E0L0F0E0M080S09050C040JMJ1D4cHP1tMt1DRaHPXGMtBxRoHPXGMtBxRoHP6TMKBx05H4010L25MK2lBXRo08MY6aBc0_010L68021fC20_MD6a01BqRoMK08H416681f010E0p001-092sWzMt1DRa6hX2C90_Ra6hMK080_S0Gs5i6hMK0SH41668MK0SH40L690u08H4Rv681f010E0p002509ME1D08HPNJMD1-RbHP16MD0S0T6h0uMD0SBc0E08MY6aBcRo010L080u00C20_MD1-08Bq6MMK0SH41668MK0SH41668MK01H4
g1_Kyz1Mi-xJVFjLAuXQWYQYyEpm8-ndbisehkJxs9OOas	pathagon-rules-v1	7	14	3	58	0j0O04070N0P010M0f0S0N0A0Z0l0I0a0F0306020C090i0J0d0X0G0L0RStZY0j62ZJ0k8VRi54YBHXEq0L7S4Y0QYK0aaxIr0WDP08AM05V606Cw9G
g1_Kz13abfFYSfo5qtIT2crBJZPXnpmYfD9p7BewzAVmxo	pathagon-rules-v1	7	14	3	58	0U0g0Q090H000F0e060f0G0L0b0T0E0c0N040l010O0h0C0Y0S0V0m0LMn0ADC0jbS8lA4ZaCnRY9p0BQKaz5uVvFBOccF7jQR09T29HVR1oL7010X7i
g1_Kz1s-wT9os289K_Z1LbGR1u_wBVVlOwihDS1_AAJE0E	pathagon-rules-v1	7	14	3	40	0e0V0j0F060m0A0L070k0O0l0S040P0T0J000I0d01080G0D0i0K0Z091p81Jd0RYr0c5vBB054JK30M
g1_KzIwYsFXk01yMNVdkIwuaCo23rwAY8cYEUjD9L_pYKA	pathagon-rules-v1	7	14	3	68	0H0W0a0l0F0P0k0U0N070X00080g0f030Q0I0C0S010i0L0R0G0c0O050KZ2IYUM1jPL02XOCzbR06PFD_M6GK1NJNTH5OUZAk0mAEXJ8-0DWcBOaI0dQdKW210N2h0cP4Ni0R3n
g1_KzW5syjBsIkkMxLK3K90gfKGq80JAC1KuYzW89YTd7c	pathagon-rules-v1	7	14	3	57	020a0b080Z0j0i040k0N0U0H0G090I0N030G050F0V0M0H0O0P0Q0R0P0W0A0P0c0H0d0V0AD-0O0e0Q0H0J2i0jaU0a0k0T3f0O0d0Q0V0aRz0ADz
g1_KzY5aStbZAX__lqT7zJZlZ1WTIQmEUC3dqIxHBrby1s	pathagon-rules-v1	7	14	3	14	00070g080X0C0m0D01090d0B0a0A
g1_KzjgaeKOylwX-PfEMbXLC_P4OcDcPOk1SYLCYEkT_c0	pathagon-rules-v1	7	14	3	196	0l0e0X0W0e0V0d0Q0P0O0W0P0c0k0j0I0k0J0H0C0B0A050B0H0403020A0409030G0N0U0bO60VDV0G0V0H0i0A0b094i3wYX0D5SAq4X38035S3A3uYX0i5S3A3u2N025S3A3u2N0D5S3A3u7g4e5O380q051a3s3409014f0r052M4e1Y7h392M3t040o342M02040o342M4e050o030G341b4d2N0p341b3s2N0p391b3x2N4e395Q3x2N4e395N3u2K4e0r391b2P3t4g395Q2P3t4g395N2M094g0s3A0K3wAo5Q024g2O3A003wG95Q024g2O3A033w0o5R364f1Y3s04360q1d3x2N364f5S3x2N364f5N3s04363u1c052M
g1_Kzngh6TdfIuRD8SNo2jmWMl_FVyPJl3wIsiuPUHdlrU	pathagon-rules-v1	7	14	3	111	0c0P0704030W0h0A090K0D0l0J0G0M020Z0a050i0Q080C0f060O0F0X0T0V0db16c3y4d0R0bMCXl0R61PV0eLaOTK3Tp6e3J04A4Q208D80l8h0NPZ0Q6c0P8A0XF50bOG1x02L608B80CTcJg071HXJ06Ln0KL79zUo0CJzQf0IWl0Q46Kq0Qb70R6oLW01K-0Gbm0IPX030B3D05N602031A0F
