# g1-key	rules	size	reserve	repetition	plies	2-char-actions
g1_M-56fBMBb0iVn_bMFJ7SHuXX-Jfnnk0LLvR0q4xB9PM	pathagon-rules-v1	7	14	3	80	000Y020S0X0Z0l0e06010d0F0j0E090i050Q070W0J0V0O0b0L030H0C0U0h0aAB0JSA0PKs0AU48DTTSs0LE604JkXq6p0T0i1yZf0ebP0mZ40jGH0UKe0l0c3m0kOP0PMl02HM0UZs0O0fLxW60bXf0hWq074W
g1_M-ADIAn4-ETbW6JJGtnb7RZFqbAYcmFE7p3RG6zHF48	pathagon-rules-v1	7	14	3	95	000h010g0i0j0k040i090j0M020V030e080A070B0l0P050I040W0d0X0c0O120N3E032V0Q1r0B6Q0U7Y0Y4G0T8z0bEM0eF8IOSi0aTa1MIxNkO3JwFj0JLs0WKO0NRz0ZL60DGB3a4w0T0bRhKT0S0UX0O80aAA56KT0LTV0UR-1HK8MDL40SB_03KR
g1_M-BwWhmanyYev_Oi8rx6AXPeYaPRPC7OVikvAaZ_tGU	pathagon-rules-v1	7	14	3	97	080g0L010J000j0a060h0c0M0Z0N0k0I020T0E0f0S090C0A0F0G0X0YFiSk0H0QMW0VAP0mHRX20l1w031RZwYP0COwBm0VYj0U630aaicFZDXd0Iai0W0e0PZybTZCcDagZybT0X0dahZySHYRZ8ahZy0Q0dZA0PbS0X0b2J6MMKYo1DC20cHWYOZv6rXfA7
g1_M-DT2V0EjEcjTWrIanbk0lBNoEGk-XJm8eusHyEN93Y	pathagon-rules-v1	7	14	3	75	080D0H0C0d0a0c0i0R000l0L0I060S0e0W050f0M0J0B0F0e020U0X0NMM0VV00m6w0k0E0x8L6109T0Lr4sPK0SWlbhJaAkCK0fDz06CCXs0YMOR40mFpXR0d0AQH0Z2pYr0hWR4I0a7w0VXm051j
g1_M-IaDVUA0mOFavt74O4LHBMmVe7LKvfyVhOIj20eLx8	pathagon-rules-v1	7	14	3	31	0k0M0E0L0S0N0L00010205010C03040A0B0I0P0W0I0H0J0O0d0Q0W0P0X0R0Q
g1_M-PsZl68k2k0bKZrPhFmdYu0L14-zIxNB6wfTaxKxcE	pathagon-rules-v1	7	14	3	91	0G0W040P0A090O030M080Z0i050R0H0E0d0J0g0l0C060m0K0S0I0f0XD_GM0UEo0IFV07CY6g3JA70LR4KA0eLv0VCIOlanUv0kCqaF0cB-0k1p0j9kbv0dBP0K8s0maC0k4a0iUP0HZX7D07QL0PPWSZ0QK70CJTA10VKkOb8O0C4aB3Ed00
g1_M-Tefw_lncNccV0Y7hIoEyOkZMAu4T0RAQeMkVgNICY	pathagon-rules-v1	7	14	3	56	0Z0N000g0c0S0R030f0l0P0j0m0e0M08020J0G090h0U0C0B0X0T0a0W060I0k010PF80GIYWR3m0V0L1W0N058-0MNn0FH0Ou0QUWYg0WZE642V
g1_M-fNrrENTKjYV4SX5E7ErxnlaCUhkh4uA1bURFgVJIU	pathagon-rules-v1	7	14	3	196	0A0m0j0Y0I0B0J0P0C0I0B0Q0H0O0I0R0X0W0Q0X0V0K0O0D0P0f0e0d0X0e0W0c0l0k0e0l8R0AJA0O060H0V055P0c064f0r0V1Y8S2MAm0s1Y352M3t0r1Y352M0A0p1Y358U2N0p1Y3H3s2M0pDs1Y352M020r1Y352M3tAo5V0t0D341b3s2N0p341b3s2N0p349F3w1c0o2J4e391b0o2J3t380B0q1Y3s04360q1Y3s05360q1Y5O04360q1Y3s04360q1Y4d05360q06041Y352M3t0r0D5N1d352M06040p341b3s2N0D360q05274c353t050o4c2MAm0D0o342M5P0i0o342M9_0C0o342M9_0N0U352M6x0r1w342K3t
g1_M-grlNXyETXM0cWF7PP8STnZqIZtVdrehMUsqzSZGyk	pathagon-rules-v1	7	14	3	40	0J0C0B0I0504030C040Q0B0P0J0A0C0H0X0O090Q0A020W0V0G0N0U0F0V0G0N0K090J0G0M0T0N080E
g1_M-hAZBedKnB6xHmj4sbSvfWSJ3ZYaIMUuHUm_xuhMVc	pathagon-rules-v1	7	14	3	38	070C020I0U0N0Q030d040f010h0l090V0G060H0A0J0c0e0m0M000g02050FXe0O0L0RU_Oi4k05
g1_M-pNyUyVveOPbuFC2_8DbbwBJeDVlsiofcxa0scujI0	pathagon-rules-v1	7	14	3	28	08010D0A060Y0X0W0l0X0S0L0E0Z0g0L070M0F0G0T0V0H0M030N000O
g1_M-pZwJJz21j5yu6oqbOLScZc-Rqjo-KTvJWAYwhreJU	pathagon-rules-v1	7	14	3	35	0I0X0Y0H060R0K0W0R0e0f0m0J0P0d0E0l0e0G0k0i0l0H0T0S0V0N0U0b0B0U0O0I0FLf
g1_M-tdsRCowfVek0KhPBWAN3Fu5v8TTiwi5fOE2QuSiX4	pathagon-rules-v1	7	14	3	59	0m0G09080h020B0Z0U0F0E0e0k01090I0l0R0M00050N0j070A0K0Q0C0gCXC00JaN0DY80bXU0kMtDUbS0G0HDOOELr0FNP0O0QQeaM0G2hXP09RxJD03
g1_M-vN2swQTCK8Zl24oRshJ4Bl3ZhnxAgmxV_QYO5xgS0	pathagon-rules-v1	7	14	3	28	0l0Q0L0h0E0g070i000j0k0d0S0W0P0R0X0Y0Z0I0X0e0P0O0X0P0e0c
g1_M0-ev1K3JSl8R5FYALfrJs3BLeY5f7NF02k-rBDQyxA	pathagon-rules-v1	7	14	3	74	000V0F0Z080X030S0I0C0G050E0B0J0L0j0e0O0M0Q0i0N0l020R0d0Y7DMNZoATIn0TJpNAT5GyEw9o0j4p07avZFAiImVg0N8p0BRA0ABELI0IKe0j8u0UCi0WBu0Fc10Q0fQIWZIv0fOFKV0E
g1_M016TToWa6m0SRrUzvNeG0sIsIrqr6ZpyJGLxNOPjOA	pathagon-rules-v1	7	14	3	76	0l0e0m0f0k0d0W0X0Y0d0X0f0e0P0c0W0V0d0R0W0e0Q0d0O0j0K0J0I0Q0J0H0D0O0CRC0Y0W0ROh0VJD0Iba0A0O0B3-0V360G0m0H030O3R0U820G0V0NVl0e2YAy0NGKUm0dHm0b0GLh0cEp0IFX
g1_M06ZkPsDx079c78YM7xjCw_TTBYor1vQzoiWDq6ppZk	pathagon-rules-v1	7	14	3	65	0E0g0V0Y060m0C040Q0U0K0M0e0B0W0H0b0f0l0F0O0G090Z030I0P05KRSAJ9FEaw08810S1U0J0TWe0l410k7BOf4-ZrDtBiOA8o0UPg0W07Pf0XXR0VRC0Y010RFw0X
g1_M0cZYQ7Rzo1k5khdzTfBVcv8ar0sDZJowoqZn-8jdlA	pathagon-rules-v1	7	14	3	64	030P000I0j0J0h0M0H0e0L0f0Q0k01080m0X090N020Q0b050d0W0i0T0cN206Ie0Y0BU60NYgD8CsIm12KtZMF229JO3kFm5oaeRDMaUK4d0E9F0a4R0B0dXn3YW-1g
g1_M0kN0o4yQoElDZDCkugD2lRH7c7YkV31kzZUCSrUlCo	pathagon-rules-v1	7	14	3	196	030c0B0S0I0l040k0d080X0E0Y0V0R0K0j0W0P0O0d0Q0J0W0g0Z0e070d0Q020U0iBh0ETyEwOj48009b0mBq0Q01bPXVNz0WMYSnSEZ0HbMYBx0J06HPMd04GT0KL4RlXQIhKW200Q0V0J2i0c0QJR9n0BZw1UTnafZBZw0jXcZuZA0i0kX57UYk6kORZvEVafZBYOZvXe0HZBYOWJ0fTG3K820V8iDBJC0O4g0A05Yk3D0GU1D40cDq7h34032K360q001a0x353u2N4e1d353u2N0H053E1bDq3s04343u1a8V0o342M02040o342M3t040o3r2N36030x3D0H450A7x8aDO2ZEGJJIm0HOEDO0G0ODI0GOu8wEGIz0HOt0ATU0c
g1_M0kO-IFWntdfFPArrwxZMIRUBTax1vs94hY3PIc5hdQ	pathagon-rules-v1	7	14	3	79	0Q080P0A0N0L0g0X0O0F040M0B000U0k0R0H050G090i0A0S0D0T0G0eLK0H0C0GWj0Q4WHA4f1L8m0J9x0SYSCzbRVZ0fMDGz770I0ubXBqS00Z0BHcWvaeXfc30bWwbPRY0ecFYSbRWvafcFZ-bTZC0icAZI
g1_M0lVrwQDd-VwAtR_a75eu3HlZ0BbaiAuW35bqNCbSik	pathagon-rules-v1	7	14	3	54	0K0b01030G0l050W0I0R0k0B0U0O0X0e0N0m0E0F0f0P0D0M0L0Z0Q0d0ac00m02O1OycG0V2IRkC20ea5K2FECf0c0150P20U7QL79CbLHu
g1_M0qml-IyMUwCi7org7hyQjoCyBKd2Yq8oJ4VmZAPltU	pathagon-rules-v1	7	14	3	36	0T0b0U0N0K0A0Z0P0J0F0Q020m030i0R0c080d0f0G0B050X0C0L0g0E0SMB0RQ3S5Ib00H2
g1_M163lIb55DgKmu8GkZCizkpcXNpj9cXDsqgcy92OZqY	pathagon-rules-v1	7	14	3	107	0g0D0S0O0b0508010M0Y00090K0e0B0C0I0R0J0P0E0k0Z0K0N070V0H020l08An2ma1ILM5Bf06TM0UFq0DXcAJ0bJW8f0QaKVz0jGn0XRT0PWu0hO70fYs9f0FQW0i0ja007C-0h2t0mZ40eah0X4zFEYwV-0i0B26DiYmbn0COt0m9ub60WU_DJ0GQX3TTQ0R0JDc0K5v0U0XGY04F7
g1_M1Fi-WdjPxweWMsrvu5j1M6gKvx-eteM65hB9CGmfwc	pathagon-rules-v1	7	14	3	101	0X0Y0e0f0W0d0Q0e0P0R0J0I0K0B0C0D0V0K0C0J0c0O0H0A0O06050403050A0C0m5P063u0409057h0A2J0209031WcF0AUd0dak0G0e1Y2K7i0H09350q3r2N1a350q0A2N1a357j3r2N1a350q092N0A361b3s7k2J361b094g0A5S2P3tAl385Q0D1a0o3403060A
g1_M1Ix39T0KHKF7GBk8L99KazbUj0TVHOURhXiMmi4fuk	pathagon-rules-v1	7	14	3	53	0E0B0K0b0C06030l0g0j000M0F0V0A0f0a040B080X0R0T0k0U0G010S0J07910YXJ0QF-Hq0NLjUG6A0e7P0hKmKTZl0badAI0jJGW91u
g1_M1Obq18_bqUue_ZJkRVislNpgokiNhTqXNmjHEaSLhk	pathagon-rules-v1	7	14	3	196	050f0a0j0403020103000609080A0B0C070B0D0F0G08090H080G0I0J0B0I0A0C0E0K0R0QL-0KB90DRZ0Y0P0Rbv0IKgWv650HcGZ-aeQvbIc2Ww6006L-byWw600PL-bdWbBNRZ5v0D0RAqGI4w0C5a0N0CWGAp0-0O0KbX0H695U0tAk4pGA0K0z5N061f5O06085S1e0oQp2r020R0o09006G0uBV1m6w080p5N1e694j05R8086M0uGs0W2K02072rLU515SQv4N09GW5hAqAA4gGA5ZAqLf4w055aQvGW4w050D585SLYB9R0Gd5hLYB9R0Gd5hLY0zQp6h5UBx0_Rv68MK0MH40t6870BqCU1D68GzBqMR1D68GzBq5V0_68
g1_M1Y0zoKLVrg7LJWveoFaWJk-xORM5d_x3LvzJftls1g	pathagon-rules-v1	7	14	3	33	0k0d0c0b0j0c0i0e0V0U0c0W0X0V0l0P0e0Q0d0O0N0G0J0N0Q0I0H0A0a0H0C0b05
g1_M1iEgS8LBs1qfz4juh3RovPmRiXtkl88wTaRmeTrPs0	pathagon-rules-v1	7	14	3	17	000R0L0M0N0j0g0a0Z060b0I0E0C07020S
g1_M1uKc4lfJFb27g-lK00tQtRkE29v0XqvZgrcDtlSoVI	pathagon-rules-v1	7	14	3	48	05040j0F06030c0G020908010A02080H090A0B0I0A0B0C0J0B0D0K000D070E0N0M0O0F0P4x050Q0z5N06701g0o0008Ea
g1_M2-bBM_ijvR9unY5BceRPSqYbtUxKyEndh_fx6-3T-o	pathagon-rules-v1	7	14	3	19	0W0G0P0I0B0E0I04060d0Q0Z0C0a050b0k0c0d
g1_M25ekxalZ3Hvyg3XNV8QtP8mjaJT-cJFlkyQdtRyOoE	pathagon-rules-v1	7	14	3	48	0F0G0g0H0N0A0b0U0I0P0Q0C090f070m0e020l0i0h0L080D090B0M0K0R2J0EHE0N0T0JNb0IOT0G0lIu0HDUaKPJWX0cbt
g1_M2F5VAhHfzH7PKpvMe52EI9Gr1AMTxRiZ-kjzGnaXfU	pathagon-rules-v1	7	14	3	196	0N0M0U0T0V0O0c0N0b0a0W0P0d0G0F0H0I0A0P0B09080Q0F090X0e0J0X0I0C020J09012M027k2O3A093w1c5Q024g2O3A033w345O7i090o4c2M6x080o042J361b3s0r2O3A083w1c5Q024g2O3A033w345O02080q4g2O02382M4e053r4d2M7i0r1d3A093w2N5Q024g2O3A033w345O6x080o032J361b4g052M0p3s04363u1c082M4e3s04363u1c012M1Y3s6x040o3r2N36030o3r2N391b0t3t4g395Q2P3t4g395Q2J3t4d380q081a3s34032K020r391Y2K7i03094g0s3A033w385Q004d08366yA1082M0p1Y6w
g1_M2JIdvowQpe7Q1ubMy4mzw6YdWxi6RHVcy50KfiZguY	pathagon-rules-v1	7	14	3	54	0G0j0N0c0d0e000R0Y0B0S0J0I0K0l0k0L0g0M0m0U0A0O080X050F090bVd070H06FqRQ0V0C7M020D0iP3Dm8qIy0fbF0OUsJq0T5I5r9x
g1_M2JNugk7Lc6XoVTmMddAYw5-kUWx2GmlEKTNkPNEBcM	pathagon-rules-v1	7	14	3	61	0a0Z0b0i0U0h0g0T0S0a0T0Z0V0M0c0T0N0j0O0L0G0S0H0F0E0I0F0P0W0d0k0W0708090F01C_0FZy6rbWD3akIacF0NbTXgal2GZuNtF10GYy0b070UKd0i
g1_M2JrjJD_wERuc9LD0rMfAMZniBtkTMY9m26Gp5V_XVw	pathagon-rules-v1	7	14	3	59	0B0A040903080I0H0G0C0H0B0A0F050J0O0P0N0I0Q0M0P020X0W010P020V090U0T065B052E0UTg0b2v0dSq0b0W0U3e0c3u7L045w0T0a0U0T3fTw02
g1_M2QppcGnyHkpf7H7N08g0lbwsYcu7psufDUWNM-UwiQ	pathagon-rules-v1	7	14	3	35	0Z0G070P090e0D0N0a0R0O0l00010S0k050f0M060I0X0V040N0A0g050T0dIW0F0E207_
g1_M2R9BgVmirHNGngH_rlbty-KgHShlNK6wCkrqHAPJLI	pathagon-rules-v1	7	14	3	23	0V0O0H0A030O0A0c0P0I0J0Q0V0C0O0J0B0I0P0W0j0I0c
g1_M2UkCCcTuHTlgn5QUD77jfq1bIpVaNCEsxFWjweMgXA	pathagon-rules-v1	7	14	3	65	0h0T0S0a030Z0A0U0g0b090Z0i0L020S0M0N0G0M0H0F08010E0O0F08070F080V000c010j1V00ZA1HahSsYQR_XgMz2l0d1tCpC90FYh0e6hcCD5M8ZJYP4WZDE4Zw4j
g1_M2h1YRqOh-MQ-wcE63oddHX0clbV952BIiN4rwBRhPk	pathagon-rules-v1	7	14	3	196	0N0G0M0F0O0H0P0I0Q0J0L0E0V0U0T0N0U0S0W0L0X0M0c0d0b0a0e0T0d0Z0807096807Rb0A088T1b7h0r2J361b3s0r2J0H1f350p3r6B1c2O07380q4e090A6B0B7l0A382M4e093u082N9E356y3r2N1a350q3r2N1a357j3w2N1e364d0q5N2O1a350q3r2N1a350q0A4g1d2P0B099H5P8X354c2M5P0A0o3r2QC21m1R68Rh0IX91K08Tm34Rb6A070oWx2M6A070o342M020A0o342M8T040o3r2N36030o342MDq0H010I3u6C2O02382M4e071b692O6x3x1c0A030o2J4e3w1c0H2M0B0b0s5P7m354c2M5P0A090H0o
g1_M2hiM5B2xtGJm1qVgyGMnZxLNhR22Ia_NTSF3U02yFY	pathagon-rules-v1	7	14	3	81	0O0C0P0A0b080N0Q0c0g0j0J0i0a090B0S0V0d0e060I0T0E0R04050lJZ0UTn0M4dF4059S0QX84r0WLG0fXqDbCX4O7R8rKH0PZD0UV00IUB0fRX0VL-0Raf0M0GFw0ZQh0TStZT08GRPR07Jw09Qr0304010k5V
g1_M2miZNquXAxGAMtRFA4Kb0sQevMBCwAVpHAROS0dPE8	pathagon-rules-v1	7	14	3	42	000h010E070A080D0F0N090G0H0F0M040F030G020B0O0A0k0L0I0E0B0P0f0C05A30B0z000B016S075a06
g1_M2tbsWgsxhRKhr9QlMcy48MTj0_VHHv2EpO3P_EC8ns	pathagon-rules-v1	7	14	3	196	0e0X0l0W0d0k0V0d0c0j0d0O0P0Q0W0P0J0I0H0A0O0I0B0C0U0B0J0N0I0O0P0H0b0G090i080F0M0TbR0F0aaf0M0hI20T0Q0a7Q0ML-XMQM0XREAVGk0CL-0FWbY0R00XLmAOBG080X09GWZYR00CLmYuBG0DGWB2R00YLm6vB9RSGd1XLmWbR0c3GBLmB9R05vGkMC0RRSL-by0KWiBNMC0RRSL-by08WiGkMC0RRSL-by00Wi0oLU6y081aQq34032K020r39030C1a4d34032K360q081a9-34032K020s2P1a0C3u5R089-4c0B2K3t0r9H3A033w385Q0B4g02392M3t9G4i392M3t1c0B5S2P3t9G0B5S2P3t38035S2P3t
g1_M3-WKmw_JDkLgxtUfdCZVCTyhPleUrfbmJQ-h2KkBbM	pathagon-rules-v1	7	14	3	97	0g0H0M07030c090l0Q0T0O0N0I060k0P080m0E020b0a0K0Y0J0h0j0Z0b6D0fSzZr0L0A0CGI2J8EKOFqRu0O0VBxO57CcE0U02Pi0eWN0EME0YVK0ZXf0WMC0XKs0T8t0cBO08MS0AXB0ga80Kc8073j0NV302040HWN0ZFn0K0S1S800fNy0lMC4v0A0kAt
g1_M32GIZaUXLV-FJmTBv2dKnyiV4E9XgwihTyrYhpKabU	pathagon-rules-v1	7	14	3	27	0Z0G0e0H0g010S020L040J0V0W0i060D0h0k0b0K0E0R0X0A070B00
g1_M35pyYqBax0RzToE9942tzatC5YB49vpMRJoaQQ9uYs	pathagon-rules-v1	7	14	3	65	0500030I0e0d0Z040k0c080j0X0U0V0f0W0B0T0d0a0m0e0Y0l0C0R070b020H0APC0G091A0H2zTnDP0W00S3R67A0d01UE0OWtZ3cD0W0Q2DXhbQZC0GcFXdZ-YPagSN
g1_M3AEGvL1IWLopbxXfr4uUbV8GWfPcOQq_pqb_MYbJ1U	pathagon-rules-v1	7	14	3	65	0e0k0N0Q070D0l020V0E0B0O0L0d0a0Z0c080b060m0I0i03010j0f0dTV0Kc60gYr0ESV0h1Y5rOzSG0SXrIPGf6gYqMzLN8w0J1f05Tx5HNV6-0Q7kHC0S9ZUqVe3dOe
g1_M3FL2r8LxWcbEX1ZUcnKWqQNlqxihRsf_CSjf1cbW2k	pathagon-rules-v1	7	14	3	196	0J0Q0I0P0C0B050I040O0H0A0I0H0B030N0G09020A0G06090D0F0K0M0R0N0801090800070E0L0u00Bd0E0Y0uQp1-5O2P0p001b0o00080o5N2PMF0V0o092J361b010x003D2M8T1i7h0w2J3t1c350q003_04090q681fBW2X0p681f010E0p683BBY1m0o00363u1c012M1a3s0S02MH3P0q1Y3s04363u1c014f0s3r042K4e053u4g2O02382M4e0S035S3xAo3H4f051a5O0t0L3w045N0W693x0r8R3B5Q1e0o0A345P1b010t4c391b5O2P0A3w1c5P8S3A3u0A1c5O360q004g02050o4c2O360301380A4f053x4g05
g1_M3HbdEocMEZDZfrzD5k_FWp-FN2XYZZp6JnYRDymP6c	pathagon-rules-v1	7	14	3	26	0A0g0j0V0T0U0102030C080Y0W0O0F000M0N0b0L0a0M0P0X0B0W
g1_M3OPJAVgTanTK4AAGZBiIoGfWeiZF_pg4aw_Imikdis	pathagon-rules-v1	7	14	3	172	0d0J0M0W010X090e020R0U0Y0D000Q0T0E0m0l080f0I0Z0g0K0e0P0aNq0jAq0C4pFh5U0G1j0F0C0WL7QQBF0Q0V01bM1l0WbdWF0r0P5S2PAk693t0U0b0T0o0U2JBc1m0M160eX25NC9Ro0M0L0T1KXcMtZwSHYQ0hZAYO0h0b5IXgalW7ZtbTcGalWu0ebTcGIN0MakW7cBVO0dakZycE0e0k0XalXabUW8cBYSag0eXdbUZzcEZDahbUZzcE0dYObRZu0jZ8ZwXe0IahWuZzW6ZDahbU0HcGZ-ai0JbScBYQT0ZzXe0dYObRZu0jZ8ZwXe0a0iAQY8HPYo0eMZ
g1_M3SS-DAyONBU-koTd3UE7jqqZdNksNkVd-uA-gqp5BE	pathagon-rules-v1	7	14	3	23	0M040502030L0E04000N0F06070M0T0S0M0U0h0T0a0O0T
g1_M3U59m3Zjyc2H6w10nJUJRFxIRAmZosfLc7oY0KFyMQ	pathagon-rules-v1	7	14	3	77	0l0H0c0M0e0d090k0j0A0k0G0F080N090F0O0V0N0U0T0W0b0d0U0a0X0b0P0Q0I0X0B0J0CQ27hT8090o0X2uDo1a7hFN0r2J1a0H0J0O0Q0o3r0G2KJB0q0O8RDq1cCH0s2a341a3sD50q0A1a04353u
g1_M3mzmMAc37IC4KQXOoyiVqhIfQGER-M74kgtC1UfX3c	pathagon-rules-v1	7	14	3	38	0K00030R0m0H0G0N0f0D0O0F0A0G0H0I0B0H0P0C0I0J080I0M040F0E0B050I0F0V020U030K01
g1_M48WRyus_7bN0wwEuV1vWkFAZ-Hw0yRrmfZL30BNHbA	pathagon-rules-v1	7	14	3	69	0T0U0V0M0F0U0W0M0P0O0N0G0O0N0H0I0G09080G0A0H090B0d0S0c0T0b0a0Z030a0A0L020S090E07040801340F2K3t0q00020u1YBW0E080u0FBV0E2K080pJ90OC91f0E0807
g1_M4AMEhjsuCiO-0f9eHTjwMdDzSidWPvHbSnF3k88nNo	pathagon-rules-v1	7	14	3	112	06020c0901080G0B0I0V0N0a0F0K0k0O040b080j050i0d0h0U0c0E0M0W0N0V0e0U0T0gVi030e52070DYk0G0ABV6MaH0N0H0G020F0dYFMYBxX9RhHPMY086aSEHP16MRXNSEHPBqMRXNSEHPCAT1XfZu0j0A620c0iXgafSIYSbRXg0BcFYSbPGqaXbrWb0O0Pb40H0Q0A0P0V0I090XYxCXP6TR
g1_M4BjGw3cZoBgxoV9k9UuU_X4Oci5QQxfyWcU8mlZ4Nk	pathagon-rules-v1	7	14	3	35	020F0G0H0E040G0h0I08090F070H0g0G0N080G010i0F000a0b0c0Z010T0b0U030L020S
g1_M4CrkOu6ALcz7VHDj5UI2I4mQOLYm_okLvJ6WnWwXeE	pathagon-rules-v1	7	14	3	74	0Y0K0V0M030D0Q0X0h0l09000d080W0S0U0b040P0E0j050a010R0c020H060I0OEJ78R814BlTEOI0fPI0USG7P02M6DZPgYz0kFJ0I870Ebe0S0EBD0N0TQb0a4Q0cV40UPg0i0OF_0mNdJP0e
g1_M4E0jVZuLKTlCbtf1o68RQpLXc64gLbjhfn4KLLtmew	pathagon-rules-v1	7	14	3	33	0E070L0F08090M080G0N0F0G0S0T0U0Z0T0a0b00010208010g0h0Z0i0A0a090H03
g1_M4VrCasVERRn11RBMl0GZi0cVHQfUeFXvHFAsARvwgY	pathagon-rules-v1	7	14	3	37	0G0A030L070m0S0c0X0401000a0P0j090K0d0E0I06050g0l0D020Q0V0C0M0WbPAGVDXY7j6s
g1_M4ooBY76ni_WUoDmMRoPEHWutNo3Jg8Rc4lXu_7aLiQ	pathagon-rules-v1	7	14	3	62	0W0G0O0f0Z0U0K0h08060N010R0j0c0Y0X0H050b0L000m020V0I070AH5Q-5DFDS60LM4NqOaHHIR5mb_0_0I0LFH0SUtXh3m0lGi0JJp0DNr0K6rBn4WMDCv8a
g1_M53B5AjWQOeDK6UGQvGeqsFZrxXGu1Er9Ojk5fkKwuU	pathagon-rules-v1	7	14	3	26	07090A00030B0C0A0H020A0G0O0I080H09010N040G0305060i05
g1_M5CydwkdJjo7uGDum8I96SSd9psGIijOhavhQB20xWQ	pathagon-rules-v1	7	14	3	49	0X010F0C0j0m040V0S0b0a020L0O05080G0i0e0f0g070J0c0Q0N0M0hVj00IF6B3x1JMUY20PU9FmblSS0k0ZWK0RJ3Lg1l4c
g1_M5DFWt_KwWEjVuOyXAWE629N5VaBZLwX0dXDbfgFd5A	pathagon-rules-v1	7	14	3	70	050k0U0T0a0W0f0L0B0Z0e0c0D0H0M0J0N0G0d040i0Q0T070j0C010hNW0I00PmHfXo0KaWVDFn0M0FYc0iZz4W1H0O1i9zSp04Gi0VTV0mb80EB90CNw05HvHN0TRr0ZBY0LYU0b6A
g1_M5GIM2WaymJ4pXVUrv-ue2gRCi20m57Hmv_bynfy0cA	pathagon-rules-v1	7	14	3	44	0X0S0f0H05000g0U0k0N0E0m0T0d0Q07040l0W0A080F0L0G020O0R0ba80dWtTi7O0B2c0802IX4Z04XDDu0b0s
g1_M5TRS5LTwr2whhREYIBm96S2mViLD3mW93p10J8Acss	pathagon-rules-v1	7	14	3	56	0a0B0g000W0O0Y0j050S0K0C0G0k0b0h0X090E0A0V0T0d0f0Z0D0l0H0PB0b301RA0aGQ0QBxSj0K7v0m9GbfEO0U07VCXo0VZa0PJC7405GS02
g1_M5ZVkRLCwzmd1ZixMKBk8BBVjjWVeNB0M-JkOIsWoyI	pathagon-rules-v1	7	14	3	65	0N0g010d0X0A0e0H0B0a0f0V0T0D0Z080U0l0c0F0300070m0i0I0R0j0C0529XT0k0GVj1MS0AmOICeNa78IbP00f0g6c00Whaq06580B1I074ARz0hZ60lNz0UWg0e6Q
g1_M5e1ah9bh3Aw3Wuh_JK64Nqmcku8AJlkCwazBZWZVkw	pathagon-rules-v1	7	14	3	25	000102030401070809030E08020F0G010L0F0S0M0N030Z0M0g
g1_M5fhVjGtX4z03UtP_JLaBEAKriXKy145tVR2yBplbzY	pathagon-rules-v1	7	14	3	35	0P0F0R0L0Q0C0V0B0j0h0k0e090M0W000I0N0g0f03040H020K0O030U08HiPFJv8HNy73
g1_M5iWM_RCWfPixfFuscM18sFgVNF7CD-dkkR-qL6Q0wM	pathagon-rules-v1	7	14	3	19	000h0g0B0i0k070T0S0V0U0R0W0f0E0d0Z050L
g1_M5k2YrxgV_Iw4nIHHQFcm8_wOngmZKv-3Yo7Cj-9H28	pathagon-rules-v1	7	14	3	56	0K0h0E030M0m0l0Q0b0d0J0i0c0B0g050a0O0Z040V0U0j000G0k0R0f0e0W094d0lPs0H1E0WT6LnYYEU0jXDNVC43h0D4K03Zd0TQU04aS0W1C
g1_M5tQ0gzM7Nn9G4GlYqaFfrxnVL3L0zUDj94J9hhqs1A	pathagon-rules-v1	7	14	3	25	0h080903020b0G0k0N0C0U0W0i0A0B0104050b0Z0402090F0A
g1_M5tgAqen04221LSlSn_k-eMXV4f39hWXBox-f7_w-jM	pathagon-rules-v1	7	14	3	27	0g0S0B0Y0Z0A09080A070L0E0S000F0G0H0F0I010M020N090O0304
g1_M5yDEscYgiRtDHQr0DAyVroQ7JAYxlJIJxLkHGj3FDI	pathagon-rules-v1	7	14	3	57	0H030l0B0L0i0g0W0f0e0T0Q0C0M0O0k0j060A0R0k0Z0S0E0a000X0FG_0hQR07ZU0DMo0mWCXj0cCaU2YiJyIGJiGi93BRAJWXEG0H0h3KTT0X9S
g1_M6AqClybyVh-r8g78iV-tgUPTpEesV03wsTRZ1mUKxg	pathagon-rules-v1	7	14	3	39	0I0B0A09040P0B0A080C0W0B0P050D060d0J0K0R0J0Q0k0J0X0H0Y070I030R0B040J0Q0I0B080C
g1_M6EvFEhWV3ar29Vj6EaRWIN0BIlpGC7PCoOGH8_mFG4	pathagon-rules-v1	7	14	3	20	0O03060D0M010U0207000f0E0L0S0T040G050j0C
g1_M6KU7L70sL33kO47CROVySw-v7RzVQwXa1C3xMQQo3Q	pathagon-rules-v1	7	14	3	38	0H080e0Q0J090A0f040G030X0g0I0K0W0a050j0F020l060C0N0B0O000Y0M0R760ZID0iEnXZ0x
g1_M6KoZMsI0jTqn0t-9mRUQnDk1frtTmwJgSm_n-nPRX8	pathagon-rules-v1	7	14	3	196	020306040D05090C00010702080B0A0J0E0I0F0H0G0A0K0Q0L0P0M0O0R4z054L5R3ZAn234d053t4g0s00380q4cA206385Q4o0s00380q4cA206385Q4o0s00380q4cA206385Q4o0s00380q4cA206385Q4o0s00380q4cA206385Q4o0s00380q4cA206385Q4o0s00380q4cA206385Q4o0s00380q4cA206385Q4o0s00380q4cA206385Q4o0s00380q4cA206385Q4o0s00380q4cA206385Q4o0s00380q4cA206385Q4o0s00380q4cA206385Q4o0s00380q4cA206385Q4oGA060r5N54053R4fLX1E003Y0q9z4o9H
g1_M6La975jVbcrGD4fmW6B5CkBI0srgERjABFlOxrWbO0	pathagon-rules-v1	7	14	3	26	0V0U0M0T0h0W0a0L0T0S0N0T0b0i0U0V0F0U080Y0b0j010U0I0X
g1_M6NnPxI3cEG_CES95cv-X11-hjDESoND5qRaV1bYwcc	pathagon-rules-v1	7	14	3	162	0G0f030m0Z0h0B0Y0809010A0c0d0D0F02040O090k0H0I0G000g0N0P0Q0C0K0BGA0P048jKvXp0A0L0T6RaP0hJH0k930MUcac0SAh0C0957RELDWUBNLf0A0HIc090Lbe0AHp1908WREZ1vY2CAXV0E1RXi01BcSZ0sWx06BcH416000E4u015gGG050A4oB2FXUxAO0CR7053x4g39A00C1rL-aQGkFeRZL-Wb0Jbr0QM5RZGdL6WU0JREc3Gk0KL-Bu0E0I0Q0H1C0JBp0mLQ0eJZ0LRQ0k0Jc3WwaeJ0I70P0XMjHL0O3a0c0Pba0E
g1_M6RGDYvmyaSv6xsBQX27hR9LyhdAmNMRlPHAsDWKjeU	pathagon-rules-v1	7	14	3	101	0h0T0b0V0Y0R020J0X0H0C0P0Z00050N0F0L01090B0d0K0i0l0D0Q0mCc08GX0J9m0A1s7XSDG20FYbHt0jQTE80H8-0EVeEX740gRtDD0eLz0JX10R0DaNQS0X5t0eTq0JPZ0WAU0JaB0eBL0JG90H0kCYQM0DV40R08Eu0Q0X4w0J0Rbi060mBiFy430ZYM0LC60c2x
g1_M6Tq9jex_myx3C5q9ax1uJ5qkZ_BRmxb1WhCuLtnZHU	pathagon-rules-v1	7	14	3	25	0D040b0C060R0K0Q0Y0L0R0m0k0P0e0l0X0j0i0h0k0d0W0i0d
g1_M6V82wEQhCDvxn0vvoGNfgMXh1L0682NxhjZl1S931A	pathagon-rules-v1	7	14	3	125	0I00020R0c0L0S0W0e0a0J030U08070C060b05040l0O0A0C0f0k0H0YF00IEBShOV3JNILV5wA8GW0E0KF1bn9c0gBeFQHOXK0XUH0hDYD00E8P0GPI0TOJ0L460B1n0WJr9r0B5JCs5s05C51O0YIDPA4cPm0NZq0jVvbN0eTrRP0bKSYAPk05UN54Xc0GNe9LGY0BYATGVV8F0a9g5z0CNZNuKnDV0DAYQV0hULT7WUbL0e8vPFTMHN
g1_M6Z8iyVFejOXM2beXDHm9StfvSY8U2uTd12vdhVl820	pathagon-rules-v1	7	14	3	16	030N0f0Q000R0U0b0m0L0Z0O0h0M0C0P
g1_M6hULXcJ5cfliFhvGKIo9dj38-JenKOOH8Ihg0yDDD4	pathagon-rules-v1	7	14	3	59	0P0B0k0a070H050O0J0V0U0Y0A0h080T0K0M0c0I0N0m0d0Z0g0G03000R0QaR0LIc04Mjbs6f0ZGT01UZ0jLx0cZCNLOi0kBm0e0fZ-0dIC0jDj0l0h5E
g1_M6ljoRJj5wTEUdRB1j3Te4rSzUix_B72cO4yiSMR-W8	pathagon-rules-v1	7	14	3	46	0C0B05040A0603020B0903050D01080J090C0I0H0G0I0F0B0K00070E0R070Q0P0O0N0H0P0M160O0M0P2p021x01Pf
g1_M6qUhx0WgsoRH6Wbt2rZ2ZiJCajV_rzhnxWchpevhTM	pathagon-rules-v1	7	14	3	196	0d0e0X0W0Q0P0c0V0O0H0V0P0W0I0J0A0B0C0G0B090N0U0O0N0b0M0F0T0G080a0F016v0807090p1Y69032N0p1Y353u2N0p1Y353u2N7i09050G0o7g2PPJ0W0o342M4e090o342M7i090o5N2N36030o342M3t040o092J361b3s0r2J3603090p3r1c7h2O0p341b3s2N0p341b092K0p347j1c2K0p093r082K6x0q041Y3s36080o7g2M6x040o342M3t040o342M02042K360q091a0835032J361b3s0r2J361b090o04343t1b7h0r2J4e1d090t414g395Q2P3t04354c2M5P090o082M7i1Y6w392M0p003u1c2K0p09
g1_M78_IdKnxN97nVmu47n-gFITJ0dTEdhWG6BrKfSPq6A	pathagon-rules-v1	7	14	3	57	0A0h0M0T00030e050R0B0f0U0Q0V0j0D0l0N0Z0m0E0Y0a0H020P0i0C0X0S06BL2KMbbP0G1c02Lk050RJDC4bs0832143SFD0DWU02Zq0h7WE4FX
g1_M7dxjNhJUQKanG-qssMSFVBuOXyzW2OPJF2qHm3QLuU	pathagon-rules-v1	7	14	3	61	010T0k0K0Y0H0l0F0P050E080J0V0U0Z0Q0h0d0S0M0i0C060f0N0g04KC3yOGOhHh03000GaqSC1z3FL3Yd1W00WwMpaoGZFBNB0I0SJKNx0lDz4FCPUi0K2U
g1_M7grEzoyvJndgv9fvbcKCs3YBn81r-Q0NdA_G97OeOY	pathagon-rules-v1	7	14	3	60	020a0b0d040c050R030P0U0W0B0A000X0k070Q0C0e0M0X0l0j0E0B0N0J0L0O0VJM0m9T0O2T6A35UB3xcA0G0T0eWi0F2VBFR05vGe150cRES60PSs0IV6
g1_M7uZPyyTLNeTjbiwrNZI_LK8b0e5N2h7gH1MEGIyXQ8	pathagon-rules-v1	7	14	3	24	0N020T010e050K060G030007040B0I080L0B0h0P0f0A0F0C
g1_M7wutIqunUqUnv2LMFEAYuNMqkxO9CdKPrZ4V9ZgOY0	pathagon-rules-v1	7	14	3	38	0h0P0I080A0O0W030P0Q0H0P0B0G0V000O0N0J0O0X040Q0R0K0Q0Y0C0D0R0J090F0Q0G0M0T0L
g1_M81zhNEsKC9O1RbBbO2wQdAM2nmd3w_IlBSjr6Q6P1E	pathagon-rules-v1	7	14	3	46	090A0X0Y0K0d080Q0W0Z0a0G0O0P0I0E0R0H0W0L0P0V020Q0h0N0O0S0J0U0b0Q7d0DXx0BTl0MLeAs0THs0b7607Rm
g1_M85FJzdu8u-hbaX8GBW17nluH50avM1Cah9LSuClMKA	pathagon-rules-v1	7	14	3	15	010i0g0X0T0M0F0Z0S0P0M0Q080b0Z
g1_M877maeqA7oaBf2somWFrqVBmntfGbNmil4R_gIMR2Y	pathagon-rules-v1	7	14	3	56	0X0Y040M060L0e080R0G0N0C0d0F0T0P090k020H0c050G0S0E0l0F070b0QQo0U0I0B0V0OTwJo3s0O2p6f0M5I0EK10aJqcEafDU0eLw6s0ZAg
g1_M8OA_S4VeuBwyTkje_oUGd5EVGTJZ61Hy3OhCNbwuKc	pathagon-rules-v1	7	14	3	51	0i0E0l0S0j0D0C0L0U0h090A080k040f0N0O0H0G0I0F070Z0V0R0c06OF0dEZWC01XrYwCf0JBEECHEIf0F6-VG4Qa724Lq0X0H1H
g1_M8R1hq9Hq3NkLyY0hmnyCDu5BtNGEODYVQ4OQ5jnQmg	pathagon-rules-v1	7	14	3	32	0A0a030b0V0c0j0O0c0d0U0c0i0V0b0T0W0U0N0Z0U0G090V0P0U0k0X0B0Y0I0W
g1_M8RAKkkd59SParGj9DdrIDucyhpF84NbRq2WQvikMOM	pathagon-rules-v1	7	14	3	81	020M0N0U0T0L0S0G0F0N0M0E090F08070F01000Z010S030T0A0H0O0V0N0H0G0O0a0b0T0a0c0g0h0i0a0hTx0b0B0a0s6E3rBZ0E5S0t3r1c015S0t3r04015U0I0E0s0H386B07Ra0AX2591R00Mm1DWx2C010Z
g1_M8Uxl_YWPl-mpu5ZlgiRxwRToi0o143OJ6cQGkuJ-44	pathagon-rules-v1	7	14	3	118	0C0e0k0V080B0f0T060J0O0Z0704020j0I0H010A090c000I0P050W0m0F4a0ibn0DNk0MDO8BRoPXF50CFv2e0J0ZU36Y942003Qd0SB004LP09RxFn0K9gIy0hCjWt0g4j0cbS08bu0E0m0f3B05Nt140ZBt0dU30DGS7r0W6j0C9wHQTH09VD0C9x8EYx0FRVWdMO0S02PTZ00G9uMn740S0YCSbJ0LRYMn9e082m
g1_M8Vhg5sK5cj4AJfUZI7pKrSREijI_Qw3f6lHBbenrSo	pathagon-rules-v1	7	14	3	57	040B0k090M0A0F0Q0h0l0e0a0i0b0G0X0j0f070N080C0d0S0c0T0e0U0m0E0lWiW3M-0O0Da1NrIA88CPMEXCTT7PSq0K8q0WBtb31C0I0bRz0Gbi
g1_M8Yy1alL9AR8uXzTg9fQvOv61tIwYU3lTNsqAYyeBCA	pathagon-rules-v1	7	14	3	117	000e0V080Y0W0d0R0F0502070H0j0E010M0l0G0Q0C0S0J0b090Z0m0iEW0XR40LcBPSF_VS0mYg0JS4c41wHjQ3X59mRmLU8q0I5U0iFV0WAO089f0M0JZi0f2T0V7G0QOL0K8w0B4u05MPGU0ZDY0IBm0A0YOo0B04ai0I0KUN0BSI0mPN0i8WY5099UaGbn0FEb0IGZ09Kv0N0S0lLi0dFf0a180BKg0kZp0e6H
g1_M8_8R3lPdYkF0oM2HgSo1h-NMs98xIY5YoAP0vp6ooI	pathagon-rules-v1	7	14	3	117	0a0b0Z0c0U0T0V0S0L0M0S0N0T0U0O0g0h0i0j0h0c0E0b0F0G0H070G0E08090A08006907ZG031c0103080BX44VXm3lYW0I1aWy0s9I3r04013w385Q0B4g0g392M3x1c4e395Q3x2N4e395Q3x0o4g395Q1e3s00364f1c012O0p3u1c0B2O0P3rBW4e0E0oBV2MGu0L0o682O5R1e0o4c365Q1d0o0E343y1c
g1_M8fScWmjH1AhhrqGFjzBtx7a-CHieNpJ7znZGxC2KVE	pathagon-rules-v1	7	14	3	36	000F07020E0L0M0i08010F0a090G0N090S0T0L0Z0U0b0T0l0h0g0a0h0A03090j1N0k900m
g1_M8vZQgHUlI45hnValzizh_sh7R15AO-mt6tVoPZsp8g	pathagon-rules-v1	7	14	3	50	050O0P0c0Q0V0J0C0W0I0X0H0B0A0I0B0G090H0N030G0A040F0U0G02080309010M0T4c05Db0G0T090b4j0A3x0s040800CS05
g1_M8xximB7kDvikcOGjo1siVJNUpuOb_iTbnDpurI6al0	pathagon-rules-v1	7	14	3	49	0O0k0h0a0j0Q0T080i0R000M0C0J0g0F07030P0H050I01020f0m060Y0l0SYj0NZO0jXw045icFXVZwbTaG0b3Y0Z0g0h0B1-
g1_M8zhPkBV1DF4i7-K0VPKAJi-wGeveehyoq8c50LNMGM	pathagon-rules-v1	7	14	3	18	0f0M010c080L0F0N0G0O090m020P0H0Q0A0R
g1_M92cDy8XUoroYcpYD0u36RzHl5fjalT9SbtFHn22rjs	pathagon-rules-v1	7	14	3	75	0Q0M0l0D0503070W010O0Y0Z0e0g0b000A040V0I0i080k0N0U0T0j0CKw0E0mC392HxOxPyO9AuQxXwVYJd1aXCLH3jagNQ2m0M7z0QbH0CU4060KIe050FFh0CYe0975EG0iF00P0q9cOHYC4AKW
g1_M93gI_Ua4YFMUm_FdhVR4Cs2UnDGb-Amlh0cpM8jo4k	pathagon-rules-v1	7	14	3	61	0A0R0a0k0C0O070c0m0X0N00060j030f0F0W050l0J0G0Z0K0I080H0P3U0VIX03FLJh6GGi2CKA8mWKXHPv7i190UDccD0BLB04FEa0009h0TZLXw0WA4Qh5B
g1_M9L4z3epB8j3zIL-ZtnENy_ymO8ju9U3Y5WZtwDZoLA	pathagon-rules-v1	7	14	3	64	0b0X0f0Y0a0V0N0U080K0j0H0c000R0k0m0Y0h0A0l0J0i0R0501020C0T030B0S0D0F0TDsTU0QNEQGWWGU5F2CUU0vJI0k9f3_05Bm00Kx0WNzX-0B4g0PUy0QEu3M
g1_M9MzQv6i3lzr6IINxtJu8AWbawKIl5YgWEeHZUCqACI	pathagon-rules-v1	7	14	3	45	0Z0U0T0S0N0G0T0V0H0I0F0E0H0g0F0O0M0G0N0F0H0P0W0L0A0B09080G070b0a0U0Z0V0c0O0b0dWx016A030o0k
g1_M9SmAagg6hHXm-fEQtiYi9a8xBvlPK8qr3CQ_XIjatc	pathagon-rules-v1	7	14	3	63	090c0Y0S010e070H0a0g0X0A0B0M040Z0A020E0F0P050d0i0m0b0f0R030NWa0TKA0CQn0LD3Mi6rHxBuHKUzN4KMEQGzAL2q0hZsJY0FIobq0W3UX-0dUAQ_0D1r
g1_M9cIZRdMt4JTZfTPWZKJwzhrNPkDPacfry0TKGG0Z0U	pathagon-rules-v1	7	14	3	35	0I0a0B0A0e0C0V050D0k0T0O0W090Y0d0S0B0R0g070h0M080b0f0F04007j0iYPMRAbBC
g1_M9i08k9EBafcATy0rs-wzHWVa5MC4WUibEZ7P_YuXZo	pathagon-rules-v1	7	14	3	47	0E0k0h0U0I02090Z0a0K0m0V010Q0Y0J0A0c0N0f0W0i0P0C0R0700057r0FLY09Q0Ou5qRv9TU4bBFV08YXEp03K9BM17
g1_M9ke4-WedqsgBHHEViWPcJMclUn9g-2u8-pqANNLxjY	pathagon-rules-v1	7	14	3	78	0D0H0708060C0l0O0e0W0g0f0h0I0V0J0B05040N0d0G0L05090C0P0U4I0ROk0A0c0Q0V0YCC03Xf0WbSDaZ_Lw0FJjNGF-6aRoHPXGMKBxRoHP6TMKBxRoHP6oMYBx0bX90G0X16C2XwMtHIRvC20MMRXQ
g1_M9zttI8ynTRDkR5eKhOQRrxgc8FwBGcARcByl8StCQg	pathagon-rules-v1	7	14	3	63	0V0j060f0L0J0B030X000i0M0b0U0P0O0D090a0e0l08020G0g0T010S1c0CBK0dP2NT0Z07H0IDR5P2TbWoF8O39T03bWA80R6Q0WD20AGV0HVf0OFb0U9t0B0M5f
g1_MA-BIReuI6Sx_aOSx9yde54plhe8BTCa5S8myHcZSLU	pathagon-rules-v1	7	14	3	20	0R0D080F0J0C0K0B070E060f0k0D0O0G0U090T0A
g1_MA7usFWWPH00pLiX7dAGKvZ9U1z0MQIdBHdrnEZXW_M	pathagon-rules-v1	7	14	3	111	090Q06030W0X0K04000m0F020Z0P0U0J0O0l0b0V0h0j0d050E0k0i070L52Gj3a05aF082g0CbD0fIX0YbkRX0m0yDOWY7hZ30HRu0RaX0fH00V9Y0UVz0kJcQT0DaK0kO60BPdY40HAV0X560g5f0dAn0P0RV90O0VRJ0dGj0P0d6t0O0HU70V0HHK0W0j074E0T0YLqXHVE05FFRI0LKv0c0R0V
g1_MAGxDlm1-peIB3_1h2znjtGqjx4-3-JGXDmwbDO9IS0	pathagon-rules-v1	7	14	3	41	0P0J0Q0K0X0e0C0Y0J0R0D0I0W0J0d0B0f060e0D040C05010A030H0O0V020O0c09083r1c012O0p342I
g1_MAHyarlpPA8a-nX3sz_RqjgyRjRBp5KBD4nS0pmhnV0	pathagon-rules-v1	7	14	3	31	020F0G0i0E0m0j0A0h09080F0M0100070F08010H080b0I0i0a0g0c0k0h030T
g1_MASZaNAOmzbMsRDgn44KrU-9b0nWApPgiqc7kbrginI	pathagon-rules-v1	7	14	3	118	0e0g0c0X000P0W030Q0C0J010X0k060V0I0d0P0l0j050O020h0K0D0VW20eXm0N100Y5j0AKs050C0H06Gn040U64bCCNVzQQ0b0TWx6hMtZv0V0aXN0c0TWt0b0i16SA0OZ50X0Q0N0bah0M0bHd1d0T2PAo4e0s5O3r2N4e0M0o3r2N36030o342M3t0XNUMq0TRS0c0e1MNm0U0GXm3Z0F0WCcHISgYh0FMY0ZBr
g1_MATyFv4utWRWXRyAa0FI1LQ396upujlWek8HxfXqbm0	pathagon-rules-v1	7	14	3	81	0D0F060f0T090m0l0I0C0O050H0W0Q010g0M040U0J0S0d0L000X0k0V0l02JE0R6406L40K0bH2bxWmaSA5JzI9XcOT4m7nNUCf0ORA0QLd0O090C6m0U0APZ0V1H0B3h05T90Rb9Lf0AMp0b5x0dVu0b0CLB0E4R
g1_MA_7k7cdtdQyE06qZdt7W_Qq_KzqqWuqhsqf94sC23E	pathagon-rules-v1	7	14	3	33	0k0P0O0N0I0Q0J0B0O0I0H0C0I0J0W0G0P0A0V0U030X0A09020A040d0B0c0j050c
g1_MAdbkXXUtw1NWHsWT32O8FE04nCuZLtsAAdemcXU5hg	pathagon-rules-v1	7	14	3	43	0D0C0J0K0I0B0A0H0O0P0H0I0Q0J0P0R0Y0X0W0Q0X0V0f0e0d0X0e0W0c0P0V06050D04030m0l0k0e0l3n03
g1_MAgd2Ire1zG4xouieUOJdO2BKm5zO655mC-6AQUWrxg	pathagon-rules-v1	7	14	3	32	0X0Q0J0C0Q0B0D0K0I0P0W0I0O0J0P060H0V0A0G0D0H0R090K0A0O050N070U08
g1_MAj7FHzq8x2RO0j8FkkOtbXobt7ZX_YtVBBKnwbFKXY	pathagon-rules-v1	7	14	3	34	0l0J0X000T030E0i0c0P0F0U0H0Q0Z020j040h05070W0K0M0V0N0b0ICD0fQg06Dx01
g1_MAkE66HLXa2YYFfmMdcDO5Tn94PPFgzjd97y7-kb8Dg	pathagon-rules-v1	7	14	3	47	090k0W0c0X0h080f0E0a0S0i0O00040I050R060A0m070F0N0J01030C8IIwCfU8MM6UBiF14n0ZKd02FcS1bxWQ0l0K3N
g1_MAloqbVNnv1BNiFiIaLNdmInfwTbMTRZdkTS9Oo4LsE	pathagon-rules-v1	7	14	3	64	0S02030E000R0G010b0j0H0Q0I0B0M0d090P0Y0N0I0m0l0A0a0T0O0g0h0N040JHqKnDDFrMiZa1KIq0NQWAzKA0BOO0XXJ0Pbx0j8q0H0m0OL20kNM3a0FEB0Q0Y1x
g1_MB4pwyzP9SZgBiEzXe82Qk-DDk8pVVmBwu9fwvL-qNM	pathagon-rules-v1	7	14	3	32	0E0D070S0T0U000T0V0M030N0O020104050a0A0H0I0J0G0I0b040h09080G0Z0C
g1_MB8p1SRRLV0ZM63M08LX3SDyBtqrtrfNaQHpovyDdj8	pathagon-rules-v1	7	14	3	104	0T0R0j0M0O0h0g0D0W0a0i0b0f0K0Z070F020J03050m0P0S0U0C0h0Y0X0V0T0ENb0L4c0G06Md0kH916c5UtDCX36a0AC5OK0mJm0N8SKh0HG6QM0cUw0D040eZr0BEt0JaH0fGG0A0GWh05Qy0BVn0W840cQREi0T470JV1Jg0kc1Ce045a0VZ40CBEMN0K0D0B0JaJ060l5S
g1_MBGEmd8w1LDW9RYdGsuV7BcWFTduwnGtivj1VrWxMp8	pathagon-rules-v1	7	14	3	56	0m09030l000O0h0M0f0j050c0H0C0S0L0g0k0d07010F0R0B0E0G0Z02c10VVD0406A5WTb4Rv2VMdCy2001Pm0fDr0a0T0HX80m5AES0bAeOq2H
g1_MBJ_MZJsb9CvPwKXlFOaNnu_IcPreV8FYEPipc9wYug	pathagon-rules-v1	7	14	3	82	0J0G0l0I0O070R0B0g0A0f050d0Z0009040e0Y0k0H0W0N080C030X0I010H0Q0j0V0D0F0K0mEv276E0r34b50abp0PIq0WHP0J0C0B0I0J0cZF3t0q0I4eWx1cRf5O0t3r4g395Q2P3t4g395Q0B1e0C05QLa0WCK2
g1_MBKWVXbEryoiKFGGM1O1W7k3v84_KBMrTxdjQd9c6xI	pathagon-rules-v1	7	14	3	158	0J0K000S050Y0C0g0G0D01040W0P0i0I0H0f0a0T060k0J0Z0A0V0h0R030I0B0JYt09T4al5JM30EWX0J0O3C030sKAX-Xf0PcGZ-ae5oQvc3WwM5bBRRc3WwM50RQt095S1e3t04095SWG3s2J4e381b5S2P0o363u04025SUk3r1c015S0tAk0D01Bc0_6vRv6hMt1DGsRvBcMR1DGs0KBcX9160U681fGt2R0p341b3s2N025S0t0WGILm5o06B25aLY0XGIbr5o06B25aLY00GI4w5o05Aq4pLX495R062M0p1Y5O6E2r0p
g1_MBm8mp69DsqwHTIXBv2SukdclLoZpKr5C8lzZs0XP_c	pathagon-rules-v1	7	14	3	13	000c0Z0V0S0C070i0g0H0E0K0L
g1_MC9nLaTXo6YJL6hWMwoTgLY1mbY9vDZW3ZzvUyru6rI	pathagon-rules-v1	7	14	3	62	07020m0j030A0S0C0W0g0N060L0P0B0F0k0a0M0O0Z0i0e040H0Y0b0R0h0U0TXaEMZU01R4Pm08Vx0lbuCTQs0g0YAg0XZ30JJR00ZY0ia-MS0J3D0BIW9S0l44
g1_MCAFgROJuGaEF9ROG4HcW4gF7ys1fjBmVLwfUeWxuV0	pathagon-rules-v1	7	14	3	74	000H070M0j0O0D0S0E0f0X01020V0m050a0P0U0A0l0e0W030N0i0Y0k04011C0IN_03080j04ZX74HlBpKdc4W0PwMRQpYvIU0YSN0e6H0U9J0LDR0W0hV5LC0Qb90e6l0Q0e0NVo0W0VaW0lBu
g1_MCJhW46pgBbYuVPVDhVrFWlStHZxDXbGFe7E_fYsK7s	pathagon-rules-v1	7	14	3	16	0b02090G0T010M000h030Z040E050e06
g1_MCPTSGIzzHgZv3LgnRHz1K-14cCv2ddOd520jC17FpM	pathagon-rules-v1	7	14	3	57	0E0a010M0e0P0F0c0m0204000C06030B0V0Y0j070K0O0L0X0D0l0g0G0R0H0hI13gQLbz9H0X6nMV0mCJJf0e17Lb2U07I8019E0OKh0iSTYd0T46
g1_MCRrM9EJfhm8eOssRp1QtUzVixrzaKaJD0U0S_QdP-U	pathagon-rules-v1	7	14	3	41	040B0C0D0I0k0J0i0K0j06050C0B0D0A0H030P040O0Q0R020Q090G0N010G080F0M000F017e08Cu0GI8
g1_MCrgvzJq0l5Gs10nU-QIY9WmWtybxhmAZJ5UZllgHrI	pathagon-rules-v1	7	14	3	125	020a0b0F0Z0E0i0T0G090A0H0O030G0H040G0A09080H0M0N0a0F0I0P0W0B0O090C0P0A0H0I0J0Q0P0I0J0K097B0PKp018R0F7J0B0x032R0PEb0F7B0B8Z0JLH0H0Q0D060NHq0F2f0P7B0F3_0PEh0d0e0F7P0d080H8x0XVx0R0I0F7C0NRR01I90XR-0dRX0jYd0XUP0l0m0H990dPz0XSr0MQz0XJh0HPf0X8x0dJl0jY-0CTj
g1_MCtA1GARitWN9R5NKf7XlVOGsOai4PnzXCMFZkZBln0	pathagon-rules-v1	7	14	3	69	00070G090a080F0E0102080L0U0N0M0G0T0F0b0S0Z0g0B0Z0P0A0I0H0O03040N0h6R0VH80M070W0NXo6T05Bc5FH4676T0tBV05Gtbr0-5oIOWG0C0DMdPw3cLd0NWS0C0J0B4W
g1_MCwXfLB9Z_Ec2kGFbruO4YxO93qkOV5Mz8C6NOp4SWk	pathagon-rules-v1	7	14	3	31	010L0O03020X0V0I0H0j0i090G0T090e0Y0K0f0W0d0Z0S040m000P0lKe0D22
g1_MD1xbNXtgQKLRGxl2TWQ5vGaOscOm5SRfpGOSYpmNyU	pathagon-rules-v1	7	14	3	56	0Z0M0e0V0B0K060L0g0m020D0a0Y0J0f070G040U0E0h0P0b0H0Q0j0C0i0WBxD9RpHJ2ZKk5oc7De0J3_3a6hN29FPQLyGG0hHnVQ0lDwT-003z
g1_MD4eru913s9Koqb_jnHZ_N1inbtCcz4p-7H_SYVN480	pathagon-rules-v1	7	14	3	69	0e010G0g040H0m0O0D050Q0d0f0X090i0U0l0E080k0h0F0l0j0B020N0e0C830X099eWjXGabQDbX0M0VA3470C10Mo0a7Y0c0HAubU0WZASGafSn0J0LVDOo0V0HZl0U0W0N0QHR
g1_MDCxXKPS30qrVEfT9_xJQr_KoaiIY9oRigE_ytCORhk	pathagon-rules-v1	7	14	3	196	0T0M0F080M0S0a090G0N0A0G0H0O0G0U0V0T0O0b0N0c0L0Z0E0a070P0W0d0I0W0B0V000102030o042J021h2K0p346B1f2K0p0868032K360q071a6835BY2O0p3x384f051a4d34032K360q001a3s380q051a4d34032K360q001a3s385Q0E0p3r1cBW2O0p3A1b4d2O02385Q4i2O02385Q4i2O00385Q4e0E030u2JBX3I030u1YBqMR010uGsBq1m010uGsBqRo0S0uGsBqMR0S0uGsBq1d0E0r682KBX0Z0o342M3t040o342M02042K360q0C1aRb34032K360q0J1a3s34032K360q001a4d380q051a3s34032K360q
g1_MDLGJZUaPuXWv5YrU0O7z0XmwM8q1rgoVpDmoU9zWmI	pathagon-rules-v1	7	14	3	60	0P0J0H030f040h0m0O0K0C0W0Z0a0l0d0N0b090L0k0T0B0j0M000208WH0E0A3KHs0g7mUu07PoKM4R6UNg011E96QhJd0d2p0T5W0ANqBk07Fg8HGj0K92
g1_MDPEstXx8qPrACUi08nh7r-MygdAJ8O-zvV2jSBK1p4	pathagon-rules-v1	7	14	3	66	0U0a0H0P0A0g0Q0Y070W0L010h09040j0X0R0S0D0K0c0N0m0J050C030ePf0l7oNu0ZGa04AC1aXq3FHTbv0ELmBb4B01ZHMV9c6ZJf0UXWV9000CU20jRb0C04OO0B0S4o
g1_MDURXApu9YQWhuqYxsjMRM6Dyhjv12eq9Xy_xfFzJXs	pathagon-rules-v1	7	14	3	58	0O050U0b0P0f0j0l0M0C010H0B0E0R0V0e060S0i090I0D0A070O0Q0a0k0ZZIRa0TTsMSYm7-C54XSSHp0j090MVZb7AbTw0ZWE02Oh1o0AO6010V6A
g1_MDWeZWmWZddS2KpL0vv6Hxj99jf-YrqX3gFX05dk8mE	pathagon-rules-v1	7	14	3	34	0B0Q0a050J090W0U0k000R0I0L0P0T0Y0X0d0Z0S0H0Q0I0M0C0T0A07020W0G0V0O0X
g1_MDYfR-phQvtLnStggqpuwgm7lA4qRHM7lCaCUCCmubE	pathagon-rules-v1	7	14	3	44	0X0F0I0B010G060V0Y0h0e0H0j0O0K050k0W0A0a07080S0P00040T0M0DDO0QOZ0b9d0TQ06KYF5WI1Mj4sAP3B
g1_MDko0_lmjSXbw-Bn-IZ4iVEEBrWA4kAH_mGXp5Ytm0g	pathagon-rules-v1	7	14	3	40	0C0V0U0c0N0T0b0U0M0a0O0b0H0G0F0N0G0P0I0O0W0d0P0Q0J0P0B0W0A09080G090X0eK80PJO0OTX
g1_MDoSh_vAFAUXT79_HmjiyA9KWt54u0-265ZnX2yO8Dg	pathagon-rules-v1	7	14	3	196	0J0K0I0B0C0D0Q0C0R0P0A0I0H0J0O0Y0P0R0X0W0V0P0X0Q0W0G090H0N0U0G0f0e0d0cWG0WAp0D5R034i050D045P06Al0D2J361b0e0A2K0p5N3A030D1a5O0tAk4p1d5O0t0d4p1d5O3xAk4g1d5O0t2J4e1d5O0t2J4e1d350q0D4g5S3A033w045N1e0D3w0r5OAq0D3w1c5O2P02Ap1Y5O0b360q1Y8S0A020t1l5FRZ5vLYWbbc0H5RQv4dLX2J5P1e010s1Y5O06360q1Y5O06360q1Y3s04360q1Y3s07360q1c0R2M6A3s04363u1c0Y2M5P3s04363u1c0f2M4e3wAo0D2M4e3s04363u1c002M0s3x04GI4w5S0604
g1_ME4a6kGgJZ0f_MxMkbkuUsuiFhU8J5OjeoRpknwaWfA	pathagon-rules-v1	7	14	3	42	08070E0F0M0L0F0E0N0G090F0G0H0A0G0O0B0H0I0P0H000102080103040A0309050C0J0Q0C060D0K0R0J
g1_ME9ILMcjVE90vf3tPkn4CjqMZYKn9CuN9Er9MmQATPk	pathagon-rules-v1	7	14	3	59	0R0W0B0J0N050a000m0l0j0K0V0e080U090h0H0L0I0C0P0c0A0d020O03Uic2bF920ZSRGI2y0FEt0b8M4y0eTW07Hv0NOBD_UPIn0BWa1H0m9j0f0Q0Y
g1_ME9qRxppWiRYutQfbdh1uQnUP4B-ng0NHw40qsWLYNw	pathagon-rules-v1	7	14	3	72	0l0j0I0Q0H0F0a0i0S0h000k0P0E0m0e040X07080G0Z0g060J0L0W0cb60lPSBzMoQBI7UE0X0c4I6zQFU7SZ4FPPDS1I0aNd8CE_0ZC6036zZk09Ig01Yn08ah0AR30cYk0VLU0QPa002X
g1_MEB5bVRYkq5duVjtMGudOul0tyl3UvbqzFhCPpVz3hM	pathagon-rules-v1	7	14	3	73	0f0L0N0W0V0U0K0X0R0G0Y0l0m080B0D0i0e0d0k0e0F0M060d0a0V0P0Q0N070b0hHN0jOL0e05ZN0jV60d7uPo0W0b0eBF0U0eYHT00O0iBi4oGR0P0N5hLlKL6EGNB20W5a0PGBbB0K0HI2
g1_MEGf0qAD5uca1Zx4cYWlKKl0Zm5a0JjHtxFTe29OgKI	pathagon-rules-v1	7	14	3	196	0g0j0c0I0V0O0H0A0O0P0W0d0B0W0k0C0J0B0I0Q0X0J0W0e0P0d0X0l090k0G0N0U0b0N0c0i0h0b0i0a0T0MYSXcZ7Toc5YFXc0b0iSEYSTnZ6XdcBYSbR0l0ic3Ww0bXgRSc90a0XINbQWvYFcCXh0TakYQ0hPxY8T0S80Wc4XGMt0bZ8ahZyTp0bZDbS0laibUZC0i0M0bZycEbWZC0iZycEbWZC0i8RGzX90A1RZB0icGZ-aiZB0icGZ-ai0TYOcFZvTpZDahbUZzcE0F0dCyZ-0bakZB0c0dCC0b0iVMZrP-c70W0bacbU0MZAVK0dNjalZB0TbS0bai0dZB0cZzcEah0dbU0bZC0dai0ibU0cZzZDai0ibUcGZ-0dakXfcE0c
g1_MENUdEhOeuh34kVlrYsSoauTeCjzZU1_vFxQRT2kH2k	pathagon-rules-v1	7	14	3	75	0m010P0k0M0Z0H0C0J0O040D0V0j0S0c0Y0K0U0f0Q0l070E020h0W030N0ePzC6K8VVDxXn0ORz6T4eJE0G0hGT0R5xFrKPc10BZD0iY50b4-D1NxTyIY04MJZX0K0G8eFzRRV5L-0RIGYmVh0gBo
g1_MEQpQSVjTtO1QgBLL3EoBx5ggvPLrKSqtjhIARZi4U8	pathagon-rules-v1	7	14	3	49	0Q060N02000M0B0b0V0f0a0I0k090L0g0m050R010H0F0M0D0l03070KIr0Y0J0A9v2iDzWhNa0eFW81Hm0SL8Mu86XWaTIo9Q
g1_METD0turcJzZOM4qfqDOJCBTZ4nenl2llLgWtz7a92U	pathagon-rules-v1	7	14	3	85	0e0A0c0V0U0O0h0j0Q0N0P080c0R0B0F050K0M0g010X0k070W0d0V0i0b040SXO0G0Z9s0l09GO0e0Q0dM-0k6u2DbPDI0D8PQKDz8d4wAqMQ0XGd0K0X4PXK0O0N610P0h9l0O0aJYRs0OInJQ0OCYSV0NJK0O031AR40I9a
g1_MEUDez99NfosgwOu_fTE_izEI1v92H5EeApPfU4kfX4	pathagon-rules-v1	7	14	3	20	0Q0l030P0J0R0I0B040O0A09020L0A0N0G0M090Q
g1_MEZigUxz3oumJBzH9Oy1BiqEt1zYtfiBP7o8VbWzSbc	pathagon-rules-v1	7	14	3	51	0h0c0m0V000W0B0J0a0H0I03020N0705080Y040d0g010M0Q0X0C0i030U0O06PU78RG0ZAI0E4lYbLQWz0b9bIZ7PbPKaJWQO0R2m
g1_MEgA3aIHV0UES5PdKmh7IpZTYCkabAwsvNbPJm-Nntc	pathagon-rules-v1	7	14	3	74	0l0A0C050E0O0P0e0K0L04080k0W090a0h0F020R0D0U0H0B0G060Z01YS0Q0g1qDr5NGoPa0THXb6520N8mRz0KaNME3pLzKL0YJo0KLZ0F3z05bL0iBC9o0REo0bSO0BKjZM0P9P0BC606Az04
g1_MEgr7uKbR8YDihWnOJCuz-lcFQN0LbWXAw0bOSd8xbo	pathagon-rules-v1	7	14	3	43	000R010K020803040W0A0F090g080C0D0m070B0G0506040H0E0J070IXY0Q2i02bp0O0N0PPmLw0W0NOvLC2G
g1_MEpg1oi06aKuiaiy4O8jN5YhfsGHZ4mQcJxacufdMFk	pathagon-rules-v1	7	14	3	60	0J0H070m0i0D0M0I0h0Q0R0X00060g0C0B0A0J0B0Y0S0P02050K0Q0G0J0f040T0e0C0qGSZ10jLyMe0cZwYPE70dIXZnWdXNH4Rv0HMRbzHPNJC9MRS08g
g1_MErzJ-Vj95_j229irsMQer4r_r7sNy6EsyIdSYUvdvo	pathagon-rules-v1	7	14	3	196	0R0K0D0Y0K060f0m0Y0C0J0Q0X0J0e0l050B040I0P0W0Q0P0d0k030d0A0H0O0V0P0H0c0OUa0d3m0cZvafZAbS03XcZuZAWs0f0k0eagcEZBVKYR0dal0ebRZCcDZyYPbRZC0iZy0jbWYR0eZvXeZBcDYMZvaiZBbS0fXcafZDWs00XccBZBZw0jXcZuZAah0f0k0eXc1UZ7VK34Zzai0dYObRXfUXZC0cal0kbPXgcBYSZvahXe0eYObRZu030l0AbRcEZBUZYRZvaiZBbS0cZv35ZAahYQUYZzZAah0ebRZyZAVK0d03Xe0W020P0301Zw09YPagZ72EZyYPXcZ7ahZyYPXcZC0eZyW9bTYRahcFZ-bTZCahcFZ-bT5OakcF06ZD
g1_MEwd_1dHtuGe5C5YlBAIgZnTG22caDqqAKTpaX4Dq1M	pathagon-rules-v1	7	14	3	16	0V0A0D060c050I0409080M090B070m03
g1_MEwwRTCxVpcyDGCNXwB6vUgIJwQO4-FsURajbt6vAgo	pathagon-rules-v1	7	14	3	59	090W0g0j0C0b0H0c0X0A050T0I0f0d0Y0F0Z0V040B0e0O0U0S0N0R0a0M0i010X0Z0LI6Nl4zPu1m07EeUfX81308TqMtUJ7E08LuQO0QWPIe0mACbd02
g1_MEybICzO-fXDlm8progm5n4KGqSFSXXSBSP97D1vMNA	pathagon-rules-v1	7	14	3	20	0N09000E0a0F0K0D0V0G0j0c0O0A0g060M0B070C
g1_MF0R1woS5AtiiYelbLPxHlbXVNymHt2dhFKzZqP5lpQ	pathagon-rules-v1	7	14	3	43	0D060C050J0K0Q0D0R040B0I0P0J0B0C0I0Y0X0R0W0f0e0d0m0e0l0k0e030A0H0O3E0I3u0B4g0536030V04
g1_MF46EZCsrrM4ryY2MsNpW1u1aLi50Le8R_gGDeOg1sk	pathagon-rules-v1	7	14	3	55	0e0c0i0P060Z0C0G0h050d0g0N000l0Y0T0b0L080V0S0U0j0m0X030WXs0QYg0_0hPf0KR53oRw0LUA0251BEKt8o0BVUFsXp00av01Ga0F4s
g1_MF9GIfKYMk3mWvGuZIjoS48mxhtVSOmcpjbBOzoonbk	pathagon-rules-v1	7	14	3	39	0T0S0U0N0b0V0c0a0O0M0V0T0Z0L0a0g0h0Z0i0j0E0F0G0H0N0F070G08090A00090H6O070F0EYU
g1_MFAHNiqj1WDNbSSX93CAA3waspI73kk6afau5NCR1og	pathagon-rules-v1	7	14	3	53	0Q0j0L0F0206090S00030I0i0a0G0D040R0X080N0m0T0C0A0c050B010V0e0KQd144yATYbcGTePq0mHEZwRv5ZFxIQ0X0ZQ8310jcC0P
g1_MFLKpG1eguG-ZpygNARGxinjdbOR9qWbbpKldC9GxLg	pathagon-rules-v1	7	14	3	23	0B0I0A0H0P0O0I0W0d0V0W0c0b0U0G0N090H0c03040A0j
g1_MFN0-QyxFw2PBe9l2t8C0NeMBYrS4JQF1oQyIYoF9ac	pathagon-rules-v1	7	14	3	63	0F060N0H0Y0g0R070j000h0V0A0T0E0G0C0B0d0Z0m080L050K0Q0c0fZzL4Im0WUZ0XaoXf0S6BYJQ0H8a80hQ9Uv0QLW0L0c0S0V7j0AJx04MZ0P6Z0DNH0jHO8c
g1_MFZe2gapCInW2IQpX56Q1LrP7Kc85p12B3HUTDis9gY	pathagon-rules-v1	7	14	3	83	0G0k0T0f0L0c0R0B0j0C030m0P040I010Z000F0O0W080g0A0Y0X0S0KLb6_N5GZH90s3h210E96D3Jn0QQYKXXiKyNvCW54R9WI01U0Ut052M020R4C01bs0m2f03606b0lBr9_0DVT0CIRZKPe0X3QNcOM0Y0bXaOe0K
g1_MFZgMlPtDLQcyzsk6XFxx-otrW2WMSBl6UvSZRy-Pl4	pathagon-rules-v1	7	14	3	19	0h02000M0R0B0L0c010l0S0H0E0I070A0Z030a
g1_MFp_vGGeq1F1-2sPjfqU1Drl5DQlHq85lUZCxQIm_oo	pathagon-rules-v1	7	14	3	49	0k080j0i0c0h0V0O0H0d0O0A090W0b0U0P0V0b0I0B0P0A0G0N0H0U0O0G0F0M0G0T0a0304023s0B6v041f2X1608020F2J35
g1_MFvQRWSycpvSZS60wlWhpBLA9L4RRCTLMJ5JRYTbCaQ	pathagon-rules-v1	7	14	3	39	0J0C0B0I0P0Q0I0J0R0K0Q0D0O0H0A0I0H0W0V0P0X0Y0W0R0f0Q0e0d0c0W0d0X06050403050b0m
g1_MGHUqqiL3Z5taYxcsk-kBVX_YiRrUbM-KVaxxh1lVRo	pathagon-rules-v1	7	14	3	106	0a010N0d0g0W0R0C0T000Q0k0S0U0A0E040l060G0j0b0O050309070J080KSsAAXTUw441634afLr2G8-FEZHBXD0OJKHBRNdHFLA0B3U0RMM01RzaF0F2n0dFq0NX-0V0kLBZS0ea_0HO2R803QGSp0lEw6U04EF0NJdIVPP090c4z0WD3Nh0H5V3J0T45G-05N8030L3D06IWZI0I
g1_MGIf9s59rjN9DJ249fGXBZWsOtv901PrKeDwzCi4G8Y	pathagon-rules-v1	7	14	3	40	0a0G0T0X0F0E09020F08090A0H0M090G0F0O090G0H0I090K0H0J0F0M0G0F0N01030U0A040V030O0B
g1_MGRmbVpCFSUekmWzbX5SDBj1Cm5g04xNU7LWfVw-3n8	pathagon-rules-v1	7	14	3	76	000L010i020G0908070E080F0M0N0F0M0T0S0M0U0b0T0a0Z0T0h0g04030A050H3S0318044s0U000b0T0a0V0c1U0k0U0j6J0c2T02XCYn2E017UR_7lGB09aC7lU909Ml7rF909BJ8K0Z5H05XNBV
g1_MGdVCSM5I70NXdaqLOLvs_PoR5-BnXO0V8Whm1LmXcY	pathagon-rules-v1	7	14	3	106	090O0B0X0D0L080P0Y0G0M0i00040V0k0g060J0A0H0Z0c0F0C070T0U7e0W0m6DH-0S0RMqa-QSIQCd7oJzUFQ09j0e0wb0EE0aJu0Zbi0PMX0AFm0T9l3PAv0hAJDG0HX-0M0OQX0jEA0eP50N0a5H0MYi0CKc0M070GN-0VIP0MYW0bVU02aG0c1r0G6V0kCSTa0DGS010O5PPC00
g1_MGeZ3TKCloAHUHvoJ9QmsvpT6EFrHUEVkjTVn2_lm78	pathagon-rules-v1	7	14	3	60	0V0K050W0R0T0j08020S0k0l0Z0c070e0O000P040Q0a0L0B0X03060Y0G0dal0k5oVcKZ0109060W3RJSUZ0A3uP504HXUmQRNe0LY_0h5p0EXD0Ha1Pd75
g1_MGneUl732jWFk8wPLskx7NJbO5x1xJTzvHI84TU2BAE	pathagon-rules-v1	7	14	3	196	0F0M0N0G0T0U0M0N09080H0O0G0V0A0W0P0I0B0P0C0J0Q0X0J050I0403020103080007016E07AA4w5o0CB2AALY0CGA0E5Z3x4g39A05Z3x4g05035i1D0CBq0EMD0M1e013w1c5O6_083w385Q0T4g0s3A033w385Q0S4g1d3A033w385Q004g2O3A033w385Q014e1c35032O3x1c364f0o3r083B030s5RA31Y4d2O5P3A1b4d2O08385Q4e0C3u0r2O0238034c1d01041e4d0s3r5R1e4d0s085R1Y4d6D3x0r344f5S3x0r0C2M5P1Y6w4j080_1Y6907360q3r041f6w08360q1Y6907020s1e3r2K6A04085O05360q07
g1_MGo4yfSZ5jBKYQ1XxhVQQRixmpxQiGYzmy3Bi5yVyvU	pathagon-rules-v1	7	14	3	44	0D0j06030I0X05020G0C0Z0m0O0S0T0W0L0i0d070e000U0B0c0h010MBS0FO60K5BXsFC9s1p6HVUGmWo9A0B1V
g1_MGpNr_yKi3zb6sQshRQxCAFA8prxOu7SB6szIghLarY	pathagon-rules-v1	7	14	3	78	0E0l070F080L0G09020F0S090M0L0N0F0T0U01000A0H090G0O0N0H0M0V03040U030BMP053x04AA0S0B0T5Z06B00J0P1H0C558G09A20V385Q4i7l09385Q4i1d0C385Q2P9-02085-030W3b0C22UH0Y
g1_MGrssBsLWJgX184w_2vPPuQLX1Ftd8rEo-D9Y_fu0TE	pathagon-rules-v1	7	14	3	107	040R0Q0T0V0b0D08070K0a0W0L0U0N0k0j0M030f0J0O0P0F090N0I0c0e0d0iUj0V0C3caY0EWcFA00FQ0IH7086R0OBl130cAGAv0A0W8j0H0aKv0O5U6vBqMR0S0uGsBq0Q6a1RSFZ0MvXNHWRvYFMRXNGzRvBVMR6aGz16BVMR6aGz1KBVMt6aRv1KX9MtHIRvC2X9MKGs0A0C0FBo
g1_MGyEkKXwF75QO_kXh0hxbFqsSnZ6nSaH77xu3nIq080	pathagon-rules-v1	7	14	3	92	0d0W0C0H040M0I0Y0S0j070i0A0c08090Q010m030V050G0e0F0a0N0l0O0Z00Yk0P8F6ZZRcB02DiI50G0fFA0iDa2aKqBBU-Vu0mSb0OTK0bWP0aOY04NT0T3S0J1b0IOw0f0W1G0YWh0PcE0QFq0kEy06AZ0BQh0mOt04X408Xp0G0L09IO0E
g1_MH7HEXRmka5FwOFmOFkO7Ywr11UC1TATY23uavzJfGo	pathagon-rules-v1	7	14	3	70	0M0Y0F050G0S0J0R0W0i0T0a060Z020j0H0A0d0P0Q0b0c0m0f0O0L080C8cFyQtAe0HHKTg5k4aI99h0K0DOTZqPxB0REawXPOs0gMl0T0f007T0j0b08bm07He0mCnXm55V80d0L22
g1_MHJdFqpRUPggVE9BRgTDAVh_ojg55HwScrJi2GytVIs	pathagon-rules-v1	7	14	3	42	0B0L0T09020R0e0D030P0E0H0m0b0S00050g0X0C070V0h0F0c0l080L6V0fXm7-2pB0bhOuVWWW0fXI4K14
g1_MHKE0bPZDNDCCsorSkfYU675GPwo4XgWM4-n2yzF5sk	pathagon-rules-v1	7	14	3	34	0c000L0m0l020j06030I0D0H0d0Y0G0O0B0S0f0J0N0Q0U0T050a0b0gZf0M0E5kWK15
g1_MHMqRqT3PwVrqZ80WK1V3T_MtDOwYnfqy-QT2wM_PUE	pathagon-rules-v1	7	14	3	16	0D0605040c050E030Y070V020X000j01
g1_MHUfWGdQ56h54jIOuxS3qWjTv3P89vrvo01_73yYc9w	pathagon-rules-v1	7	14	3	64	0l0g0e0A0m0T0O0M0X0h0K0Y0P09000U0D0G0E040H0a0Z0k0W0C0V06Q501b3XSP629AuQD0DR50Q9HGo5OJaaWSD1gL-0AWL06W707Ky0Fbp0AE6NA0H0BDy9_0e9F
g1_MHpVNuddj5xVyesbWQL4cX1HRk6m89pYdl7QBOJLnHE	pathagon-rules-v1	7	14	3	32	0a0T0M0F0T08090A0h090G0H0O0G0N0B0I0P0U0I0V0W0b0E0c0L0d0J0C0D0KH2
g1_MHrNOVXO4ESN0dqtFp77IbV4hZRt7LGqJBkExyM37N4	pathagon-rules-v1	7	14	3	86	0J0k0O0c060V0j0K0g0Y0M0D0X0H0G0S0F0Z08010m0a090P0h0L0U0l0QGG5t0d0CUE0A05ASEU0WaJXMYfCw5C7jA8KhSa05V00MRDLk045B3-059b0aMg0VUD4t05Fa0jbz0f3I03Ew0BBd02PR07X704QG0LA41w0d4CMp2c
g1_MHrgj3c4zGuxCDZEKZU2m0ibMMQATvNW_gJq9Pj9tQA	pathagon-rules-v1	7	14	3	20	0V0G0H0I030H0E0J000708090K08060D0C05040C
g1_MIEzwz28oFw66shFfZU1LACTaM568d-kCvveZI3r_I0	pathagon-rules-v1	7	14	3	196	060V0D0K0J0C050Q0C0R0Y0X0f0e0W0d0X0c0Q0P0I0Q0W0X0P0W0B0O0H0P0A04030m040l0k0j02cFWwbSRYZvcE09bUZCZwYP0G0k33bP5v0lcAbWRYZvZA0Y0kbd0fGIWU67as0f4pbc67WvahYQZvbTZCahcFZu0jZ8ZwXe060f630maf0k0jcCXhafZCYOZyXebRZ7ahZyYPXcZC0iZyZAbS0laf0kZ8ahXe0kYOagZu0jZ8bSXfZu0jZ8cDXgZu0j0mZvXebQZBYOZvXeafZBYOZvXeakZB0iZzZAahYMbRZyZAXd0laf0kZ8ahXe0kYOagZu0jZ8bSXfZzYPZ8ahbQZyYPZ8XdafZyYPZ8XdcBZzYPZ8XdbQZzYPagXfZ7Zw
g1_MILoK9k2mJGWcWMUjiAANcRyBbqsw9cBy7MT7mCe5tw	pathagon-rules-v1	7	14	3	196	0L0E070S0M0T0E0F080M01000V0U0N0G0M0N0F0O090H020A03040B0I0A0B0P0W050P040V0C0J3x0B4g0s00FW5a4i3wA10C050y3r384f055XAq0-4c393uAo0J4n5S0Q388U4i9H0A385Q4i2O020B5R092M023x0A380B5S2P3u024g0A395Q3x2N4e0B5S3x2N094e0B3u092N0A390B3u040A5S3A3u8V025S0A3x0r4c395Q0B0t4c393u5R0A4iA20B385Q0C9I42380B5SAq3u2N0A0p051b4d2JMF051h0o00360q1Y8S0A025p2sHW0L091a0M350q2J3t1c090o2J3t0B1c092M0B3t0A35092M020AWy38030B4g9H
g1_MIMy_kkjNGwHVut9s8iZslmjRDOgwl4UmQh_3izwFmI	pathagon-rules-v1	7	14	3	143	0D0K06050C0J0Q0C0R0X0K0Y0Q0f0e0m0X0l040B050I0P0W0d0X0P0Q0e0W0k0P030A0H0O0A0V0cbT0lcD0cZvaiZB0mYO0dai0kZ8ahZy0j0d0kYMZvWtZ2XdYMZvaiZBbS0cZvaiZBUZYRZvcEZDah0cZycEZ8UZalZybT0cYOagXfUcZu0cZ8bSXe0fahUXYQVNZvXe0cbUcGZ-0jakZBcDZ-0j0dZC0cZwYMbRcEZB0i0dXhWvZt0ec3alWubT0fcC0cZwafYP0UZ8XdZyTpYRZD
g1_MIanNDv2JnDeiNT8DfiVk_pTX2WF0tx50d5DUDAvRWk	pathagon-rules-v1	7	14	3	61	0S00090m060J0h0E0f0g030P0O0H0L0A0G0N0V050T0c0k0b0B0K0M0a0X0jNUED3iXY0lFSb2LhH0TaYH7e0Z0JWd045o4i9g0hW5Uv0QZb0O0gKu0YQJ0G7j
g1_MIiT_k_8Sjv7s3mquebqfmf_2ViFlKty9bRsEFkVjo0	pathagon-rules-v1	7	14	3	68	0T0k070m0Y080j0l0O0B090Z0a0V0b0R010N0L0F0Q0C0I0G0c000i0gNT0H2D08L7W-TvbdZ6E00mCcMqRfHA07RK78F6IfUo0eQKCX0Fau0A01040Fbu028GCX0B3E0Q74FA03
g1_MIn9Gu8K6jdnKye97OpJyVD1DVsvb08GEWi_dXV2a2c	pathagon-rules-v1	7	14	3	57	000E0F02010j03080207090G0N0F0G0a0U050b0A0H0i0Z090A040h0B0a0A060D0K0C0-001r0I2i1B020g0J0h2k093603Dn6t310GSADm0f7H0Y
g1_MIpfKFPAqcYiom-QsZMJXOi89gS_9EgC3_RycOhoii8	pathagon-rules-v1	7	14	3	44	000E0F0G0H0I0F08010M0T080H0M0J0a0F0G030I050K0H0A0J0O0C0I0H0J0Q0A0J0H0X0P0e0R0l0Q0F08020F
g1_MIprK4oKc8Q2huVwyJ4h4MiOLBwQeC_ECFM9BCBHnp8	pathagon-rules-v1	7	14	3	39	0E0k0l0f0e0d0m0e070W0X0Y0e0X000P0Q0R0X0Q0L0I0J0K0Q0J0C0D0J0B0S0C0605040Z050g5Z
g1_MIueATA5Evid4lS4I_f4nBB5JevPkWZUPISfjEEznRM	pathagon-rules-v1	7	14	3	153	0A060R0i000F020N05070M0m0L0a030K080b0X0e0k0T0l0W0C0V0H0EaP0h4v0PQ6Z035PwEW5W0FNG080DHiRrL_B_51WJ03PS0iKA08Ay067vYp0ib80FRk0eHuDA0P9S0CYk0JB_0dGU0X8G0l0j4TSt0TZlae0ZNWYQ0TQnHE0aF_0PKv0LJb0aM60LC2P7WO07N6a80AUW0XSzXJ0jBmPS0KDBXw0hJP0gAh0VRJ0MEPF90LW00e9uMj0CSBZcGZ0K5sUE06cE0m99HO0SDI0fRBKFP20ZBfYs0faN5f061A
g1_MIzWNULVtA0vLrhi7KCRMC_aTUUlX4raydr_Ei6JHsE	pathagon-rules-v1	7	14	3	34	0h0P0D0l030c0F0m0W0L0X0S0f0a0i0e0k0M0K0Q090b0I0X0j0C050N080REqAaGJHJ
g1_MJJMvogpk0ZkvlAzo_hdMTh8bq99ZtNkkpHxRI8wqeU	pathagon-rules-v1	7	14	3	33	0T0d0Z0H0N0c060L0W0F0K0U0l0C0e0M05090D0I0k0i0f0B070j0J0QFj00Ip0b58
g1_MJPhZFGwhzGqlRVvrJaR2oNhjgG8FEmdXt83IbwhPHs	pathagon-rules-v1	7	14	3	196	0W0P0V0O0H0I0O0G0N0H0U0J0Q0X0P0Q0d0e0c0b090A0G0B0C0M0T0a0F0T08010203041a3s34032K360q041Y3s36030o342M7i090o342M8T0A018V0H39093x0r4f2O020A5N092K4e0B030s3x1c354f2O3t0I384f09023w5R0A0B4c1d6w2P0p4c1d5O0H0p4c1d8S2P0p341b3s2N4e395Q3x1c4d0s5N3A1b4d0s0A385Q4i1d0C385Q080A0F352J7i3u1c0B2M0p3s09020A1c4d2O6x3A1b4d2O0238030C5N4i1d0A2N5P358U0t2J1a015Q0t2J1a359F0u2J1m0B6T0ABx0MHP1RMY0TS00MHPXGMt5pRoHPXG0T
g1_MJwS0fQFUyIWD9dVQitnQ0U5EouWYdgOt4G5XXxPx0M	pathagon-rules-v1	7	14	3	74	0G0N0O0M0j0U0d0m0B0e0k0W0Q010a020X0l0R0h06070T0c0V0b0H000W08DB0UP70c0V0dNN0c61U58aX-M7cDJv0cQnTLcAFJbIVqWU0O0GbyRSY_GrMBahUbZqbTZCahYQ0V0hZfWt0X0ILy
g1_MJznw5gTdvswKg3xFBpiXYjoqY6D0ZC4LEu6yExNkmM	pathagon-rules-v1	7	14	3	41	0F090007080M0P0A020B030C010D0T0G0H0M0L0a0I0A040O0K0Q0B0R0P0W0d0N0W0k0J0Z1Q0b2A6k32
g1_MKaIIttPs3Y9bP-CtQx7iqxIb6LJQveVW-bFBK0jknA	pathagon-rules-v1	7	14	3	103	0L0M0U0l0g0N0O000T0j0b0a040T0h0V0Z0c0P0A050Y0W0S0U0a0F0V060U0b0G0Q0i0a8i0bOp0VYh0OEP0k0LaEanLQR7YQZ-bT0dakcFZwVLbRakZBZw07bTakZBYOZv08ai0aYQbSZv0H0IZAahXfYM0GZ8ZwXe09YOagZu02Z84OXV61YOSFT2XfZC0iZyZAbS0daf0k
g1_MKjzIEnxCjpGatZShzb0S64KueRSzoLbfHPC3Vyv9FE	pathagon-rules-v1	7	14	3	51	0S0L0E070T0L0a0M0N0O0U0Z0N0S0F0E0M0b0V0a0i0G0b0F080c0F0b0V0H0j0h0c090g080h0A0a000b010203040s021c2K02ST
g1_MKkJH_BPToHJiDuEu8DF0sgTtgco1xeGZZU_bEE7IRo	pathagon-rules-v1	7	14	3	61	0m0L0F0A050f0J060B0K0l0X0V0T0d0Y0I0c0R0h0Z0i070O080b0j0e0V0g04XH4PJbc700S_G8CgWu0FQG01XpM3MM0bI3Fr0K1c110HH5Dq0HXG0ORtCd2x
g1_MKuf9T2z8k5rukuJIJ7mHVokIwZ_105IpFfN_0tmiHI	pathagon-rules-v1	7	14	3	74	0e0i0H0A0W0l090m0U0J0E0L0k0F010S0Z060Y0I0V0O0c0a0M0B070N0G03040fVm9v05HT5K0QPUam1_by08FrRbZC020F4Z5j05Lp0H0TO7WZ0fNM0L8zBm0g820w0A06Wj0EBJ0UHc0W0l5s
g1_MKwXz-eXu4NxQcFvFeTB6qth0iV0Vx_m6ZdIt5UJd5M	pathagon-rules-v1	7	14	3	196	050402030B010002060C0A090D08070C0J0I0K0B0C0A0H0G0I0F0E0Q0R0P0O0I0N0H0M4A043X031u5O06Am5a060C0DAG5ZGyBC89090O080G0D5kBC8x4m05060B5SFWGO064o05405R064n5S06LW5u4x9H40Q6064n5S06385Q06Kr5n3b4f9H4004064n5X050y4c393u040A4f0s3rQ6064n5S06385Q579H063F5Q4g0s00380q4c9H0B04064m5Y050x4c2O360301040w001g4d05364f05734k393u7k064n5W3w389F064n5R050q4c3w9G3F034m0s1Y3s044e051h062R5O364f050p4c3w6z060y003_5V9G4n7l
g1_MKx-bvATTJ-ajhy8-pHnRRRtJLSAMHV4xePSo7FzTI0	pathagon-rules-v1	7	14	3	17	0107080A090X0T000M0H0F0G0N0R0a0m0h
g1_ML2U79jbsngL5VCpRz5RK0MEHghmKUEpD_ZpnmFzLtY	pathagon-rules-v1	7	14	3	36	0E0L0F070G0E08090M0N080G0M0F0A0109080H0I0B0H0O020H090N0304050P0f0I040006
g1_ML9SP52DK4FNGazXp_LhcYVmQwZJx6r1FhfcBkvg1OM	pathagon-rules-v1	7	14	3	46	0G0F0M0D090I0T0E0c02080N0k050d0U01000F040Y010L0j070f0O0A0N0V0J0H0E0OQvJZIi03FXP2aA0gNgZv5uX1
g1_MLKCU4EsxhAyoTvZ49u3aRsJlPsu3fiXPUZO2CUGbr8	pathagon-rules-v1	7	14	3	43	0b0c0i0j0U0V0k0a0d0T0h0e0j0b0U0d0b0l0m0W0N0l0f0X0G0M0Y0O0H0N0F0P0I0Q0JSfDSQGCT0XXoNA0K
g1_MLQVyU4D7PG1J3uEI-eu3o0ZohnnOQJuD6lSK1VJUKY	pathagon-rules-v1	7	14	3	44	0C0m0W0O0L0f020M0g0b0A0X000V0T0d0I0E0U0i040N0Y030B0H0j0R0eTF01EM068C0h09083O9o0bHIc10x0F
g1_MM0lJQ09gzczipC2NTamW2XfqWNopkD2AgUAP5gpB6A	pathagon-rules-v1	7	14	3	60	0806030M090X0c010S0A0k0O0N0E0K0H0m0Q0g0D070h000P0G0V0e04Dk5Y7b020RHi7v8kbp0f6T20MT0ZH7BAZM4B07MjF00aM70MXG0S0EKX0PLJY30T
g1_MMJWRF5HhXW-IjXlsM_Ioc9VfabZailzu_V-Zr2TFB8	pathagon-rules-v1	7	14	3	132	0g0P0S0Y0Q0X0J0M0W0I0R0K0T0J0R0Q0L0B0C0D030C0405060A050H0O0N0UAm0OG50V2K020u2J1a356B4k2O02380q4c1d012N0p341b3s2N0p341b014g0s2J1a354f0s2J1a013u0r2J1a013u0r2J4e091b0o2J7i391b0o2J3t385c0G1b0M2K0p348U1c2K0p093r0A2K7i0q091Y8S360A4j7h0qDo2N1a350q46091Y2K6x0G08350qJw2NEb
g1_MMN-9p8I6PK8ImunDCdiT9RfVzpMbmO00eObth2VyYc	pathagon-rules-v1	7	14	3	67	030m0Z0W0M0C0k090H0N0g0l000A0L0e0b0Y0O020E0Q0d0I0h0T010F0X0N1g0SH3MFX1L40f0RaRbS7ENY640UTE7z3oCuBT0gWl0QEUPrQV0VVCNsanQy0e2RBk04VXFV0_
g1_MMi-J4UKA9XtcqKHNO6Hq35dSQweceJNqGIOqyRGrLs	pathagon-rules-v1	7	14	3	196	0Z04030B0A09020A0H0I0A0G0J0H0C050B060D0K010D0J080F000807090E0Q0F0P0O0I0N0M0L0F0MS0HP1t1RMDRb2sWz0S1b092K0A36031h0108025oRgBG0-Gk5hQvBG0FGW5hR006LmWbBG0DGWB2R000Lm5oAq4p050K380q007q2S020A2S1a010q1Y2K6A0701MR1DGs1t690702MR1DGs1t69MK0YH416680701H416681f0SH41668MK01771D681fBW2X08MY1DBV1m02MY0oQp0SBcMR1D1Y01BcH416006M0uGs0L2K020uMD0S01MY1DBV1m010L0pMD0TBc1m1D2J025O07026E0uAk1mGt6T0uBV0E015a4iGA
g1_MMrqdi7NZbEdZYd1T9UkVZ6wwA2A1Nh6UxX4OD0q1mg	pathagon-rules-v1	7	14	3	33	07080j000M0S0A0N0h0G0m0K0R0J0O0E0U040I0c0Y0N0V0b0F0X0T0P010e0a0D08
g1_MMzF8MGhVLFwzm6qjlm8gw1BKASncHowVyruvs9z2Bw	pathagon-rules-v1	7	14	3	81	0D0M0g0b000V0A0S090h0P0C0I0Y0e0B0H0G060E030k0X0U0K0Q0W0O07DSAo0N5VIjQoOh8BH6EVK-c09HW2McEoad9209GY0lWX0HQC0M0I0B3P0S8o0i4E0MN70cKA0QXJAh03G1FJbO0EIA3bLLPF038IUU7I
g1_MN-697Hd8MmCB4a2hSRfY6qyAM-wBLMRasSKl09jZbk	pathagon-rules-v1	7	14	3	67	0k0K0S0b0N0U0X0Y080O060G0E0W0R0N0X0Q070f03050C0i000L0A0d0J0H0IJc5YPNLWOAMZUfAgYg7H0ZBm0EIHGK3ODN4H0mQ5LwZG0WG6Wf1N0e3ZC60ZPtFq0Q6lUW1b
g1_MNDnQhHoWPQ-I9jz2QJ1D7cLuvjGXPWbn66AU9SlvhY	pathagon-rules-v1	7	14	3	196	0m0l0f0e0d0k0e0X0W0e0Y0c0X0d0V0j0R0Q0P0X0Q0O0i0V0b0W0U0N0K0J0I0Q0J0P0H0G0Dam0la00k0C0j0tApAAGH5h4iApAA0J5h0CAq4pGAAH5RAq4f1d3t5R3A4f2O3t5R3A4f2J3t5O380q0J1a3s34092KbZ0q0A1a0B3qbR32Z7cDYS0C0lGmX80JLm0RAqXv0JLm5oAqR00YLm5oAqR00CLm5oBG0DGWB2R00YLmbyBUWN0fLmby0mWicAMC0RRSL-by09WiBNMC0RRSL-by0mWi7gM5byRZGdWUM5byRZGdWUM50oREGd09cAMCREY_0KcA2IR0GBWUL-B9cAGrR0Lm5o0Y0KcAbWRYaX0kcAbWRY0Y00cAbWRYZy0Y
g1_MNVyZXX68NXtoD4ZREeaTM0JNhq1zoz9d0NCki-i-Bs	pathagon-rules-v1	7	14	3	62	010G0D050m040e0j0i080Q0L0E0W0U0A0K070h0I0N0P0k060X0f0a0Z0b0Tbm0lTU0RVg0J1-0Ma0PuYs5IQG0kOLHoGH02Jz0jLL0XTt09Dy0mX305AQ0g0Z4W
g1_MNc9balBGTZ0sd5Tzd2YVs7fTtT5NgTuCzlRrpIwhJI	pathagon-rules-v1	7	14	3	37	0K0h0T020Y080L0I050k090F0J0D0i0A070V06090X0d000U0C0S0b0T030E0m300a8V0faY1B
g1_MNcxoCaWgSLA6L7Yuk9WYXV2nREnT1UhfWrcNSObows	pathagon-rules-v1	7	14	3	162	0S0D0I0j0l0c0G000Y0X0Q0P040K070T010g0Z0A0k0M0U0h020C090WEh0J0bX1O9Zi6QGa8JO37K1UWPT-MYPvTo0dCzYMHM0hF40mRj0SYe0bDf0PQK0X05QR0QMN0Hbi0cAL0C0Sb20JaV0i7rXS0GYk0i6Q07YA500gDK05Z4MG0SJD0TEk0I5x0PGTU70N2a8a0A9SLa0mMMOY0SJIZT0j8hbX0m2K6A0TFrX40A0G7YZNEh0kC_B00ENF0K4L0FHj0JEdCl09FU0gOoIh0MX4bp0B0JTL0A4E0R3CRB030C04Hf0iBgYl0bCR0E3E
g1_MNm0nqyvG33EzZqCMTCUbqMKbFhbGqvMGMFwbw14-sw	pathagon-rules-v1	7	14	3	63	0F0D060Z0a0P0N0W0K0m0H090E010C08030j0B0f0e0T070X0k0V0S0DT40gMZPCBaWAAIXJ6gN0CYQdI42CHC843JYhGkBQM_07ChK_5nZHaC0k0XYbBT6RD-0d1r
g1_MNx84WRrZuD_EVW48rQysiRgzx9a3K06G3ysg5N24mk	pathagon-rules-v1	7	14	3	36	0D060C050B040A03090H0I0A0G020H0O0P0J0H0C0N0B0O0K0Q0D0R0X0W0Q0V0U0Y010X5N
g1_MNyOYSnG_DkUGKawcC5wCzwcSdnvEGYDdW_BE4Z6tqQ	pathagon-rules-v1	7	14	3	39	0K0f0Q0Y0U0d050D0S0X0e07010T0G0J060O0M090i0P0L0D080F0Z0j0H0mHW0R0M0N0CNI0LKb0F
g1_MNz2RL_YMn-LO6c2PH8qXGwAuBMWwTE25E7cpUISHKc	pathagon-rules-v1	7	14	3	64	010P0E0B060V080j0Q0f0Y0D0g0S0N0C0H07040I0K0F050Z0e030A00C60kKvCj4e0h4JOs7TYB09KgGnO-RE9hXLaX1r0G04PB0gAI03Y00IS505Zz0RRR8AMi0i1H
g1_MO4iCcZygpqtuIjQEN_hn-H4egceRXzZGV1A0KHspmE	pathagon-rules-v1	7	14	3	15	0h01000M0L0A0a0E070j0E050S020T
g1_MO7_2JG_PBJcc70NWIvhMio_V3KUSOZp9cb9hIdYjzA	pathagon-rules-v1	7	14	3	81	0a0E0F010W000m07020R0408050S0Z0f030K0D0h060J0Y0g0k0H0C0f0A0U0BYJSbWJ2gMFPdXGaa0WJ5HD0k1xa00S3K0IcFML1a030O0A2K0Q5P083-0N0AIjBAC20EHIBqRo0cMYCkBk0O0VJN11HuHDBt0LOE
g1_MOLaVNwG2Zv5fC4vL7OozA7WzbHLKOZa3hXrlxVeAlI	pathagon-rules-v1	7	14	3	49	0J0I0Z0b0K0D0H0R0C0K0Q0I0B0J0P0A0I0O0a0H030I0405060C050B09020G0N0U0V0N0W0O0P0T2K0Q020P1Y352M3t0r2C
g1_MOQgiYzuX2dPiPoMZHYVHYiYSdgYxXZAn-A0wYZZd7A	pathagon-rules-v1	7	14	3	48	0k080F0M0Z0I0B0L0C0F0N040S0i0B0R0T0E0J050A0h0a070H0b0j0X0U0Q09459b6zAd6W0KI60N0M0IP2Gh0PEI0NaUYs
g1_MO_D0DfjjeSrFR9IOwFB7gtLea82tOC-TetCQAtMmVc	pathagon-rules-v1	7	14	3	51	0K0Z05030D0C0j0c010A0Y0f0P020e0M0G0m070T0R060E0S0d0H0X0iV70F0L96BOEXH909P5WQ1tCk0WMNKKbiXa7y6oSAZ-HqBh
g1_MO_bI26___SDJ1s3S14FkfUKfhRzlEQvfW91bmg-7sA	pathagon-rules-v1	7	14	3	50	0J0N0P0R0Q0a0H0E0F0i0g070h0U0O0e0m0f0A0W0X0I0Y0G0b0L0P0H0c050V0M0T0W0l0jFL0f0P6A920JJK0Y1Y4uX2ZT1RYn
g1_MOxbZG1RM1l-p-H5DdRA5dbisFDqVePyZYu7s3aWi6Q	pathagon-rules-v1	7	14	3	55	0Y08030R000B0L0M0S0Q090G0b0l0J070Z0H0i0A0P0106090X0m0f0e0W0Q0K0a5zbRJy0lWB9ZRG7yPTS-TCEy278jYYI2GJ0XFR7ZAgVx2n
g1_MOz1rboSuyH23YD-bK-atydRCi0YzUo0Z3UYp8jSEpM	pathagon-rules-v1	7	14	3	24	0d0e0i0V0W0X0c0j0W0c0b0a0d0h0b0k0c0i0U0Y0V0Z0T0l
g1_MP-YdBXxnBK3ibKioIf5MZr0gDLKa8rjOHehnaKnHac	pathagon-rules-v1	7	14	3	57	0k0V0R0P0h0B0E0H0Y0O0A0W0I0i0j0J0M0T0K0I0Q0X0c0Q0d0N0U0L0e000S0b0C04080B8WPN0DQ4Au030MTcBa5uIJ0oXi2Q7Y2H0m060D4T0s
g1_MP0jkssrMXmC4NvDnQQAKPvgoJhNwbB9IJpNN-LlBWU	pathagon-rules-v1	7	14	3	33	0k0E020P0B0l0I0K0f0U0d0S090b0Q0M0V0Y0L010i050A0g0m0C0N0OJ30HLB04HF
g1_MPAQGInsMi5tMJD1BkEIY1zK1jFkjCltjHXMku9WB5w	pathagon-rules-v1	7	14	3	29	090W0J0Z0C0P0N0g0F0T0b000K0Y0H0O0l04020f0c0I06030i0A0U0h0G
g1_MPFlENW2DcU031R2ZFemQHXfECzWngpl0Mgr9SFE9Cg	pathagon-rules-v1	7	14	3	51	0X040i0B010D0Y0M0m0I0e0T0l0K0C0N0f0j0k0d0Q0J0R030A0P0O0B0U0H0G0bLc0N0E0cJQ0VYV4J1gGH2OOlaOUg4g396y2P4D
g1_MPLwIt1TRksUJyhmL9-h6bN-FQNGSpXTEyRTnHFxl3k	pathagon-rules-v1	7	14	3	18	0A030L0E0j0H04050Q040V020l060X010i00
g1_MPXy51RuZZ7E89izm6PSFtyrykiQXstBxoojMqRvcBQ	pathagon-rules-v1	7	14	3	25	0i0N0D0G0E0M0a0K000Q0b0k0Y0P070e0R0X090H0T0J0F0j0M
g1_MPgUms_PS4Nh_ODq6dU4CTjgaElYppKqym6QOPgOYHY	pathagon-rules-v1	7	14	3	45	0I0c020W0E0H00070U080d0b0M0N0Y090F040V0A0C0m010l0k0a0J0Z030U0O082i0V0BN_I58p1tD7UoEPHM0K1O
g1_MPjyLVcavjw9UwpBFwvqUyWVeV0M1Z9ty32zORNGkeA	pathagon-rules-v1	7	14	3	40	0O0a0l0j0A0V0I040R0N0P0D0G0g0M0F060c0d0T0H02070Y0M0e0i0Q050h0d2s01UZbWVw1YNaJd4L
g1_MPu-lP6O70oOJPKZOBLKbFxHyMshLyMPlaHoUehUb_M	pathagon-rules-v1	7	14	3	99	080J0g0i0V0k0X0K0W0Q0F0G0a0C0c0T0A0O0j020U010D0f0e00090M8fZD7mAVZV0NOU05CK0B6yWKauc6XD0P7SF-B10lECIE0U8x0faW0jI-0GbC0B1z0Z1S0i08ZZ0b3n0kSAVO00RQ0NNaP4c40QKYOE0TLHQW01V71w0PFpSB0HNa660QF4061H0fZ5UrBf
g1_MPvsaQOzbNuadSrGUdjHKBI1Rxmn_DmCQk6DBhspF1U	pathagon-rules-v1	7	14	3	69	0Q0X0b030f090U06070i0J0k0l0V0C0K0S0N0F0L0m000Z0G010h0E0AO10OLB8GWI5nTjJKbBY1F10e0bGu06W3Lq9fMq0fAV0RS509bt0mG10IQqDW0NNF0U0cVJ0a0i3fYy0C5z
g1_MPznzo1En_LKnMaYFtwEHVhr6nc_t6kFPdPTal6BiQ8	pathagon-rules-v1	7	14	3	65	0g0h0J0a0G0l050T0A0R0j0f0i030N0X0P0M0O0H000Q0h0Y0K0F0I0G0e0U0mRP0bQac1NJYeUO0VWs0cT306OMGXQcXUbOMtZAYOag0X0N1V0Q0dYR0X0kQkZvXeaf5R
g1_MQ5UYcL9xKIEIrymoTo9s-ZHOxU8iQs1_w_BjcmUmv0	pathagon-rules-v1	7	14	3	107	070m0b0a0j0E0e0V01020C0W0f0U0L090Y0O0D0G0g0Z0d0N0P0K0S0kJ_0BA30W0P0ZZSJl030J6l073p9OGvDiVP0R1aSd5Y04MP0H3MFy0OEN9j0aJC0eBR0d3W0LZnPE0jShZz06C7TA0A5Y05Ur0ANr03a40z0QRt0B07Lj0A8O0C0lFY0ZVn0iMU4n09ITKM0UF69XCCB5RI0e2v
g1_MQAwYL_Hsw8RlUSWzZ-G2FydG5h2P_L5ugAK_bRrxRk	pathagon-rules-v1	7	14	3	69	0b0H070E0l0I0W020F080D0Z050a030N0S0j090i0f0K0C0c0Y0d0O0L0m0g042TQqBu0MRc08X94F8k6oEF7OV00HIqA5Y_XM0g3O06I9W_0gJP05410ABZ0kFK05Tw0HEaaI0V75
g1_MQEzzzodGERMEWBQRfV6wu4T9AZ1odyCf3K5J65-xH8	pathagon-rules-v1	7	14	3	17	0g0Z0S0L0Z0M0T0a0h0T0E0F0L07000G07
g1_MQFc7nb4P6191V0vlhBjMGVS8jLRX6dW2AB_G4YbXso	pathagon-rules-v1	7	14	3	58	0G070M0e0d0R0J0N0b0i010B0W0P0I0c0a0Z0d0P060H030A0Q090U0I0C0D0E0O0SM20hB30RTv0G0C0SAh04803HDo0NY-4KSB0mVj0WaI0jJxL-03
g1_MQI3mXfr70s116_K5bot5nsiRAMT5s1pOgxaUbgG2uE	pathagon-rules-v1	7	14	3	36	0F0M0E0O0H0e0K0L0S030a0c0L0d0G0U0N0T080D020b0R0Q000P0M0Z0I010j0a0p0TMD0f
g1_MQx4Uj1vNiWbZ3lG0bEtQyXkKag6pLus_7bvRi3fmfs	pathagon-rules-v1	7	14	3	40	0F0W070X0g0h0V0D0Y0T04010C0K0a0B0Q0I08020c0l0b030Z0L0d0G05HZKq1r3sZVXNGJ06PWTm2V
g1_MR80bnAd0c-qoNRqY-VdyLUO1w7m7IRTWvOKA1Ib9lA	pathagon-rules-v1	7	14	3	37	0L0b08010X0F040e0C0a020B0E030h090A050m0P0l0c080209060T0O0M0H0a0A000Z070Q0a
g1_MR9If1sFQR6e8uyhQ1xMeCEqCgc2rvD44GoWW62_3RM	pathagon-rules-v1	7	14	3	47	080100070A090T080203010H0G0A090F0E0G070M080L0S0N0L0O0U0V0d0W0P0I0W0B0t0VUr005h04B90JKS1L0Z3X0g
g1_MRC11Ygo7sbA4DW-6zDWEUHI6AouGJ0t2uzY3k2MQ1U	pathagon-rules-v1	7	14	3	14	050J040I030H020G0B0K0A0E090F
g1_MREvuWqUu9heVWVWPwn_4B1ltPNqV19oa67pUBEkh7M	pathagon-rules-v1	7	14	3	35	0H0O0A030V0W0O0X0P0I0B0P040Q0J0C0I0J050Y0R0K0D0R0C060f0D0e0d0c0m0d0f0l
g1_MRJKhKDcYL_KnYaTNtydFbPWUWyDuMcm5uRumKdYCNQ	pathagon-rules-v1	7	14	3	64	0k0a0R0B0g060W010J0L0T070U0j0d0f0D0P0S020N0O0F0K0G0V0e0Q0cJ-Q1GEFN9CD60B3m0GIgWlYX08aC2g0A1SXF2HUODN0jYF0UIr0W7N0B6XP_0Y8k0W075u
g1_MRKFfdaze4NOcjbFyuB_TRjarq90gxjxdY8ZVgoePi8	pathagon-rules-v1	7	14	3	60	0E0g060W0f0R080M000K050m0J0j0c0d0Z0B0k0i0Q0X0T0A0F070M0L0P0hFY04aMGC0VYKKqPyNY9TSIQGKAZk6xZ0SO0IWeVX0bBea00iTK0jDY0lIF0k
g1_MRO5CmRXu4WqSyA_0BIxIGzi3yZesjEn5sM6p0JyhNQ	pathagon-rules-v1	7	14	3	30	0O0A0V090008070L0E0S020G030H0j0F0M0c0U0N060M0m0K0P0B0J0I0D7C
g1_MRZDkGEATerwEIUC6xf1YClU-YidH3Yxm3LuS9neMTY	pathagon-rules-v1	7	14	3	53	08010a0F0h0002030U020O040I05060D0C0B0K0P0D0N0C0J0I0b0J0Z0C080a0G0Q2k023U0Y030R3j0O4T0U120L210M530S7Q0m0E0f
g1_MRohqVJnCr8JWkndG2vrKNHFwcdbnmqZt2Uv_i1vhbw	pathagon-rules-v1	7	14	3	69	0i0U0J0P0T0K0I0Y030b0Q0F0X0e060R000Q0V0l0G0X0W0U0f0P0S0g0m0c0d085S063DbO0CCt0OTA0W0bFgQb1SLFP-0NZB66ZwXe0cbUcGZ-0jak0kcBYS0hakW7cARZ0HakN0
g1_MRvYcwi_z8QaYFnTzKdHE5nsvoDtsxDHuSU1uFCVALY	pathagon-rules-v1	7	14	3	17	0g0V010S020T0Z0U0L0W0S0E070F0E0008
g1_MRySYGJNAojOQhE8WKiHAszHAH-asMu2GnyZ4Um9Bow	pathagon-rules-v1	7	14	3	58	0P0I0B0W0X0Q0V0O0J0I0H0A030I0O0A0Q0P0W0C050B040C09020G0N0U0O0N0H010802090F0M080N0T0G4B045B052E01Tg0b000U0o8Y0A3zCs0D
g1_MS7BCWgFklHHJL9GbYfMV3Kcfytvub1PGWoJbXxRO4c	pathagon-rules-v1	7	14	3	74	0F0X0C0H0R0l0K0N0D0U040A0V0J0L0708060S010m0k0G0d050a0c0eMc25LVUwKVIX0M8x0PW6GJ5oHV81KK0OTuE65E0i0VPaA_06Ou00AK1I0YFy0LOQEI0C4MbA0PAUc80CRYFBKS0m0I66
g1_MSSZVzNX00S8hgGkImTe40ONM2ai4b0OFoRle4m97xk	pathagon-rules-v1	7	14	3	45	0h000S0T0A0F0203090G0U040H0B0J0I0c0l0H01080Y0Q0i0I0V0N060P0G0b0T0O0MXk0U0kCN0V9i0jOELI0XZk
g1_MSYhOXY0o4AQtAUhKLy0hVXHs__IPBKpdxukvphe5nk	pathagon-rules-v1	7	14	3	53	0T0S0U0b0a0Z0V0N0c0U0a0O0b0T0M0L0T0M0U0P0W0d0H0W0O0I0G0F0N0E0708090A080B0001020801090q000A0u1YBW2N6A0s1eDi
g1_MSZtYPXMfKKNkEuA0NcDFu1RooTYHVsUhI7I523Uo04	pathagon-rules-v1	7	14	3	15	000a0Z0O0b0V0g030S0M0L0N0E0207
g1_MSa73l5LFs4pWFCVm9AwYYAGkZ6QZXhucn0FvTat3iM	pathagon-rules-v1	7	14	3	54	0D050I020J080Q0L030Y0k0C0l0V0f0j0a060m010E070O0g0K0G0F0U0ZX5WR0Rb-0caeUNC-1uS59-Fw0gKqI1NNXcG5H60A6C0SPKB107
g1_MSmlzQDNEVVuBNK9oUFD3NhrUFIULtiuSKi5NgNXqj8	pathagon-rules-v1	7	14	3	196	0H0I0J0C0I0B0A090G0A0N0O0P0H0O0Q000J0W0I0V0U0X0b0c0d0e0c0F0M0T0a0U0M080T01SN03040p051Y4d2O09381b4e013u090r1d3A033w385Q012N1a357j3r2N1a350q002N0p3A1b4d2O09385Q4e053u4g2O02381Y4d2M3t0r1d3A033w385Q014g2O3A033w385Q004g1d3A033w385Q024g0o392M3t1c4d392M3t1c4c352M3t0r1d3A033w385Q014g2O3A023w2N5Q004e0r391b2P3t4d34032K360q041a5O34032K360q051a3s34032K360q001c0o364f051a4d34032K368U0A023w0r8X344f3w5R0t
g1_MSoZ0wECh8OEPDd1-Af0GtXr-8qg0UgccluzO_s-46M	pathagon-rules-v1	7	14	3	55	0Z090A08070B0I0A0P0O0H0Q040P0B0C0J0B030I0A0G0N0M0H0N0I050B0F0X0W0Q0V0U0T0S0U0L510E84090J089-02CG6o1f2R0p0F090G
g1_MSqfjzkboCUNOEbbZGVwIiaTqCzHMbYNCMcxDlQ9WfE	pathagon-rules-v1	7	14	3	68	0G0S000Y0W0N0E050g0l090i0P0f0d0V0m0D06030C020a0K070h0U0J0M0j5R0LV05Kbh3LKNFP92Wb44Y30JGkBgZWNZaq0jRC0MHJZc0V0c540jaP0O0N0X0CFi0V0YLqDi0B
g1_MTIyGVreA3v7kHHnovylLh-wGrgUweF0EDQ78t3_Hgc	pathagon-rules-v1	7	14	3	69	000L010R020i030M040O0N0a0P0d090G0A0F080T070E0B0S0U0b0Z0cIu0X4Z0QOH0dRu0ZRE0jGdSDMC0ZRYMXaM0S1V0U6lC70GN49pVg0TCh7BON0G0f29GA38Gs2KWD02120O
g1_MTNv1b1vpeV2p5jc3APqNI1wq1z3kfKDNktPEPoCpdI	pathagon-rules-v1	7	14	3	27	0B0A0I0H090G0A0F0O0P0W0H0P0V080O0d0c0b0U0N0c0O0G040H0k
g1_MTOogJp-W5sK_IFoCeGUcxrR_EKTkil0VbU_Awxywds	pathagon-rules-v1	7	14	3	57	0Y0A0K0c090m0L0E050d0j0H0g0a0M020e0C0l0I0k0f0h0B0W000V0J0P0ObA04XZBw0b8tZSM8Gt1I08beKOFtG50LOz0YP-038M3R0KR9Bk0E17
g1_MTPGIt2RbrB_jajCiWj9Gso17kiYtTFYK9MNee7hfKw	pathagon-rules-v1	7	14	3	39	0i0j0k0d0B0I0T0c000b0a0j0h0l0G080K0k0A030H04090B0e0S0W0O0P0Q0M35020U0P7fVsK-KH
g1_MTTlA43NVMA6Qb_p2NfY_fBLtaG7j-XBBX3mvKWColg	pathagon-rules-v1	7	14	3	79	0g010i050K0A0I0R0W0c0L03090b0l0E0M0H0P080f0002090Y070F0d0S0Qaz8k0B1qMnV3GL0Z010lK6TkPQbRA5MBX1RzWE0UDh0mQs0a9lbC0TEp0b0kTLDbBP0G0YDbYo0lR3Bx0dbG0T0VH5EM3f0Y26
g1_MTeW51-Ck8gmv1xrjEAs_BRhydSR14mmgmpumlbiXBE	pathagon-rules-v1	7	14	3	31	0i0f010Z0g0Y0V0U0j040A0m080R0d0X0k0e0B0K0S0W0l0I0Z0P0L0G0E0a0F
g1_MTh5Onvv67l570HWRGscjw6Wawwpr640ZitaRYaSkQs	pathagon-rules-v1	7	14	3	52	0A0H090G0F080N0O0G0M0V0N0F0U0T0c0I0M0H0P0B0F070V080W0U0d0N0b0a0Z0E0a0F0T0L0U0M0S00016A070o032J021f3U1RR_
g1_MTq4AQCzg1hnC-mk1lgXkkHYw65WrVpnwW-cSsmMAiY	pathagon-rules-v1	7	14	3	67	0N0Q030k0W0T0m0S040F0B0g0E0d0f0j070J0H020a0X000i060C0D0A5O0MIw0bBt059xaY0hV9aoYnc5ZUWb0jQ1MV0iKnbo0d6k0lAuFv0mCv0eQmb_0EV-bF0eV6Y30l1F
g1_MU4ea0Q739F6rKWahjYJtHfiTDAYE26MYptsN6OJu2A	pathagon-rules-v1	7	14	3	49	0A08090B0I0H0O0P0H0I0G0N0U0O0N0M0F0N0T0V0W0M0V0F0O0d0Q0J0C0P0E0O0F0J0M0B0W0c0b0V010a080b0X0U960A0a
g1_MUBdCpkb-7VCD8M4x80Cln-W3ffMrViQt-9rm-Ciw3o	pathagon-rules-v1	7	14	3	14	0H0A0N090m0D0F080B0C0V0B0g07
g1_MUOh4qGDFUM2sjKxsPUtbX2Siecq-faWsZGCtFZqzIo	pathagon-rules-v1	7	14	3	17	010K080E0G070F0S090a0N030U040b0m0i
g1_MUS2P2rzAhacYSl6MM8tHv53zuXwfODkGuUhdUKmL6U	pathagon-rules-v1	7	14	3	48	0F080T0M070L0A0N0F000E0M0S030F02010m080M0L0i0I0h0c0g0j0k090j0l0d0e0V0U0b0G0U8X1L0cHd0MI_0NcA011P
g1_MUVBGqJYXi_w7YKX4h-Z0dojTmVd6vhjWC4V1awByAg	pathagon-rules-v1	7	14	3	49	0f060g0h0j0i0L0409030Y0F0m0H0M0c0B0I0V0l0K0b02080X0E0R0U0N0BbhYtWT0S0cME0dazUq0ZG7SJLn3F0QY5Im0GFb
g1_MUWfFgY9iLrqTn6PlSOXbn0SYly_4hUMhAcni9Ysbdg	pathagon-rules-v1	7	14	3	69	0F040O0l0J08000j0b0T05010e0B090Z070S0E0i0U030h0N0G0I0R0L0x060P0H0WYTPuZtYENT0T1NBV1gVmH26TSG1K0M0a440S5n0AA3MC0DUuLPbv0eR104H5028Y05MDEl8K
g1_MUWhKN10Hwh7tB9r3jly_F6gR42zrhGDnyIqzPxCZkM	pathagon-rules-v1	7	14	3	98	0V0U0h030O0C070Z000P040j0J0W0106050I0e020i0T0R0D0H0C0g0F0X0GV_0N0KDb4H0f13O7Xf0GZCCo0iSl0g5wMwBIYy0L1wWe0iKPZ60mX_0eF40BD-0eac0k0YSz0d0i0ladLr0SUH310jDX0l0D090e5D01Qv0eUr0WLI0k0F080lHM0CP20caU0f23
g1_MUcdx8XijZM1guLlfd-PmRnT6OhoDi901OD_0GNXHvc	pathagon-rules-v1	7	14	3	86	0J0d0Q0A0U0V030b0k0I0M0B020C0h0X0D0m0R0L0Y0c0E0H0i0F000N070WLbE-Xy080K06DG0NaZ900f5d3W0kR99L2n0lWdOr03b60OaU0F0ONKJc0RPq0W7X3Y0b08Iy0k03IEEH0U0YYz0iNq0fLj0PFc0l7INh0NQmL70b
g1_MUf8g8sdBu1anlOTVXhSW1XWmJFZUxoZcDAJ05b2D1A	pathagon-rules-v1	7	14	3	93	0X0I0c0E0e080b020h0L01050R0V0J0f0A0Y040g090K0H0i0F0J0R0m0C0U0kc80aOV0lUr0TE_aaYabTFjLq0B0JWv2B6sNTCB0hHK07bG0bYy08Gn0lXB034z0hBR0DIg0ba80cRT0ROT0KOn0hXT0dMR0SaU0M7v4A0577Qt00Zu0jEW0hF00Z
g1_MUkB3909zzdEDQCn12ttc3HwpWjImoyNxJe36HoYJQo	pathagon-rules-v1	7	14	3	38	0f0K0P0h0g020l000e0m0A0R030k0Y060l0L0i0X0I0F0W040d0h0X030B0b0J0OVt0eG105RA01
g1_MUqbT4pD8zpC8NIm144TaYB4z948Vmxlll4BkgH2Da8	pathagon-rules-v1	7	14	3	65	0O0d0L0J0C0Q0b0f0F0j0h020V0H0k0M0Z0c0e0P000409030I0T0K0iJA0a05EX0A3C0BK9852z0P09Kbap1rXK57Wq0f77P2I30N8L0QCD9BJ_IUCT1KMoGXN7Fe0O9P
g1_MUrDNeoewtq-gvlshBgnBhwLY_nrjqhOYI4NB5ga820	pathagon-rules-v1	7	14	3	21	000g0i0M0N0W0L070E0l0U0G090A0B0d0b0R070D0M
g1_MUtywFZZNNnS9MWXot4yNZnGC3J6jkR5VbwqejA5TfE	pathagon-rules-v1	7	14	3	44	030R0l0M0P0C050U0j090b0Q0X0A0Y0F020e0c0J0k0K010I080E0H0m0S070X0W0fA7ToCq4gPuQ7c9RUSWWfBd
g1_MUvu1fyoTMylPYzq5sTGP0n8R5q93ytstvrF2powDu0	pathagon-rules-v1	7	14	3	20	0b0a0U0c0V0b0T0d0W0P0O0W0N0M0H0Z0T0X0Q0Y
g1_MV1XStZYk-ufQlL8D-Wen9zTqxayz8mpdYW08sW_0QU	pathagon-rules-v1	7	14	3	56	0K0g070R05080m000c040E0A030J0l0S040G0U0N0e0Q090W0T0d0X0Pbt0jVh0fIA014kZZ39DjBrIU81PfNkKy5603I4VD7I0C6JYY0FA1OH02
g1_MV6cgL0uaVpFF312kCdNKaIESgdoK-F9oQLFaiJfVH4	pathagon-rules-v1	7	14	3	58	0O0f0L0E0k0d0e0V050Q0I07030Z0H0X0N0i00040j0C0Y0W0D0M0l0BHQQ401IH57OyaO9y15AeSL6IIZMIEc0TKC0aZpSV1A5K0jLQJe0cVU0a0N90
g1_MVCsU-ZfMbkn5Y4Q7pfwnctUjIRbkV5A9IivRI9-L_c	pathagon-rules-v1	7	14	3	26	0d0c0e0b070h0C050a0i0j0k0l0j0B040g0Z0I0a0J060D0m000l
g1_MVE8W0ElJrfzsXpa4vNcL0f5A-sGTdKiYTyBM06Z-_M	pathagon-rules-v1	7	14	3	23	020009010G080N0F0U0M030T0b0A0H090A0O0i0N0V0G0O
g1_MVMfV1nL8NmNe6OGW31IOTw1lyppb9lHs-z0Fpmf5bs	pathagon-rules-v1	7	14	3	27	0P0Q07030e060Z0Y0a0A0T080M0V0E0b0C0R0F0S010L050B0h0f00
g1_MVPk5vsag4NwN9PhgomOuhvqgGwhqF6UZCRH6aaCepE	pathagon-rules-v1	7	14	3	30	0M0F0J0E0Y0G0i0H0m0f0I080B040c030W0P0S0X0O0N070L0A0O0h0Q0D3V
g1_MVVK9pdkGY64Ipi2lQz7YyihLy2fFelRkLI5A0Ok3HU	pathagon-rules-v1	7	14	3	56	0i0E0F040R0m0O0D060Z070f0U0j0b02090T000g0c0A0H0e0Y0k0h0WTQ0MNyVU1OB-0LaaLzbaUw8s0dWAVM0cQo3bGX5E5r0lb-0maZ0b0d1L
g1_MVY0CE8cO7RKmw-t22jY0D0x8M_qAajXkZeg7oJ3pXg	pathagon-rules-v1	7	14	3	43	05060Q0I0l07030D0O0f0Z0R0V0W0J080T0a0e0c0g0H0m0j0F0K0L0M0b0U0d0i0EAv0DGE0GEW000hatYm3W
g1_MVcGU4aUQEgQDD10BT363eQ0iU-NO7Q61q6hwJU6JLU	pathagon-rules-v1	7	14	3	40	0j0M0A0L0D000d030P0g070J090G0Q0c080h0C0i0f040H0k0B0b0X0S010E0e1UQLD8BI4MUjCF1n3p
g1_MVdHVMItL52uHCmc_x2HKhqPuvG1MX-KRYwl60rWqT4	pathagon-rules-v1	7	14	3	53	0m0W0f040X0l0O0I0D0b0c0C0K0U0i0B090J08060Y0F0d0G0e0V0N07Qc0T7J0bUG0h0AFHAkYG7xCOGbTd0GNa01bT0MaJRO0gUh0d1F
g1_MVenjUwQOBLTSYADFprk_3r-kn-M5jKZRHGUSz5y25E	pathagon-rules-v1	7	14	3	45	0H0P0f040b0W0B08060j0V0A0U0d0S0Q0i070g09050Y0N0a0E0e0F0lWx02O2Kx0uRU0L2q4c3uWsDZEOZ-5lUw9S
g1_MVoEtn2FRheUMErxfN3_KJX63dfeWdnOWJeGzJNoeVM	pathagon-rules-v1	7	14	3	70	0Q0D0Y0a0P0c0G0S0m0I0N0F030U000C060g020E01050L0R0h0W0j0e0lC80MMoHA0JbI0T0k0fRQTd0P0bK1XL19F3IXVP2o0eXw0DGd0c0252JT0RRQSY0NQQ0P0h2o0W0l0VKZ0P
g1_MVp_-2CyArvm5axGpD1cQt2yBPVOjDFyVHd1oRkiVnM	pathagon-rules-v1	7	14	3	58	0F080P030l010d0b040U0A0h0a060O000R0M0D0Y0e0N0m020C0j090L0X1fLiHu0E5t01OPSqRH0S06ASJ60L7D0YD_ML6ic20T4LT50B1W2EBKVg2l
g1_MVpuiNVoAEupiCxuySPMyssbsPSLBu6fkwbhTQ4aeYA	pathagon-rules-v1	7	14	3	15	010D080i0g0d0Z0f0S0W0L0J0E0607
g1_MW-lqapzwsy0boOi7StXKwVsuJZKdN1y92HquG0LHHs	pathagon-rules-v1	7	14	3	83	000L0M0N0O080M03070E090h020c040I0G0N0U0H0A0N0M0H0N0F080G0F010b0a0i0b0g0T1D0Z000S1O0B410h6X0B8x0V0A0O74089-0ICZ0F2GBv0X0EI00e0l0II_0e0fOq0O039TEa043M0B087x1q0JBbO009Fx
g1_MW1W4HzqHSqtpoTpyjb17pxQqzu7DWiXpn4Pv1l6N7g	pathagon-rules-v1	7	14	3	53	0T0l0H020S07000j0Z0A0G0m0b0N0K0B080e0C0O0I0i03060W0U0f0H0V040F9P0g6MP_bRCh5v0U0MXA0J09FgA4Al7Y06aK0CDh3z0E
g1_MW4wSJbiiMVudMnQ-sn6wZC0iC80of_edDkOHXZhRJQ	pathagon-rules-v1	7	14	3	57	0P0E0b0l0B0L0C0a0V0j0e0T0Y0g02040D030f0J0U0m0O0k0W080d0I0hGsUoSM0XNaPQEe0d0ZY6X68XaSBA0KQJbH0NR-VRFU0h9L5d0kUnKoEM
g1_MW4wwo_72QBsozimS-ZGmU4ScveZPlsyaiwVejyvwUg	pathagon-rules-v1	7	14	3	30	0902000L0O030T0F0M08010A0N090b040U05060E070H0V0K0c0D0C0B0G3G
g1_MWBwxEy5qV6fmlK0MmFrycTFdxy1k3RgABc22eYQr2k	pathagon-rules-v1	7	14	3	36	0N070h0H0k0O0D0c0L0S0A0F0Y060i0B0m05030J010b0T000Q09080G0f9Q0C0AB3Txad0y
g1_MWPIS_8xqUqdNTgakS6Dzhf1_AiMdZmdcQ6-wB5gU4w	pathagon-rules-v1	7	14	3	67	0a0X0K0B070R010U0l0k0500020i0Q0S0G0L030c0e0F0m060D0Z0A0g1h0CSsTx01Lq2-Cd7yRc0RAZ0Vac8i0FQG03Dk01Xn0COp0aF49r0kMPax0ladHL6g0C9rVMQD0SAw
g1_MWWIyfaxaCIhWRXrGNL7imYCi42rtg3nXQM8xWvx3tc	pathagon-rules-v1	7	14	3	15	000J0E0Z07020a0G0L0U0S090g0Q0Z
g1_MWYFe7Wb1yU9vka0cufM-snzx3WvSnJSF4kG9q9Vu0Y	pathagon-rules-v1	7	14	3	70	0X0R090Q0J0F0e0H0b0I0N0Z0U0T0E0O0S0d0G0Q0C0k0P0Y060W0j0c0l0i0P0h5u0T7j0QC90k0D0O0m0ZXQ08FYDxQhUOcB0WMmal0P0aC8VE0d0bA77d0WcG0j0eRc0c09bNX60g
g1_MWYJXfGE7vTVrfx9x_yIHjCb2uqOs0rTPshTJzSJ58k	pathagon-rules-v1	7	14	3	33	0M0L0F0E0G0N0H0M0O08090F0A070U0V0N0T0S0U0Z0a0b0c0U0a0T0b000102030g
g1_MWlZHDzIS-Y2l9LnX6lgVRiIeHzyKierRzEOul2pDLM	pathagon-rules-v1	7	14	3	86	00080h0f040J0k010j0c0I0T0P0i0A0U0Q060b0M0G0a050g0m0E0Z0V0h0K0W70PT0R4AN68eGn0OX5a10THUNu2wStAR75ZX0gS5N208UN0c02BD8O0X05FTC60jM10eI70c01K803Vm920SYaC5Pz0FTkU50jcCX2C4RT0K2D
g1_MWpyXtu7LVlVB0f_FUG-ExjALVHOdp2oovVzqjhY2vI	pathagon-rules-v1	7	14	3	46	020P05060k0W0E040d0503010009010A0B0C0D0B0I0H0O0V080O070c0F0G0J49040D0B5i0t0N1Y7h2O0M360C01JK
g1_MWrGr4Kw6qbPmVoiDuNJUbOZbhj_j0OkNg_UjH2KKjg	pathagon-rules-v1	7	14	3	22	0P030F080m090W0A0J0D0a0S0Q0X0g070N0c0k0B0K0C
g1_MX6vJcL86BN1-y0io9N8JODTWHz3Aohk27hydd_VtMY	pathagon-rules-v1	7	14	3	22	010C080Z0a0b0F0a0c0U0V0T0G0N0O0P0H0O0Q0R0I0Q
g1_MXBgOO9Bo5KQu1kGfmIUsL1x5QmUneVG3xn-QGWS1cY	pathagon-rules-v1	7	14	3	86	0g0f0Y0c0F0R090M0L0W0E0N0K0P0Z03080U0Y0m0T0Q000d0X0J0D0k040S0a0lQdaN11c27nav0A0H0VPHWyUpCF0W0GJ1Sd0MRG0a0h0M4K0NGM0U0Y0R0T0aB20fc00bEY0RF10dPC0g0C0b7S05RF0YNC4e0T01Z12_0V1S
g1_MXQNNFr-3PUf3UPR-YTEfrySF8A_HHsAzYFyU8QGuiw	pathagon-rules-v1	7	14	3	40	0X0G0i0h0N0B0W0Z0f0C0H030a0E0P0O040K0j0c0b0g0l0V0A090Q0A0d0T057v0H9U020D2lXzZm8c
g1_MXVtufOP5iFvRHl_nKkPjMhcZSBXCqFv7gTLIE2SUvI	pathagon-rules-v1	7	14	3	53	0m0S010R0c0U0j0A0O0a0E0d0X0F0H0i0W0k0G0B0P0L0C0002090l05070b0QLf0J0zBY0T6Q9o2gZAFe59J9MWGWaL0_UjIi06C7Si0A
g1_MXckJDz7UciTlVpZjdaQIqaQrffTDZSVblseGMRbYyA	pathagon-rules-v1	7	14	3	55	0T0N0i0d0B090e0O0Q0m0l0W0M0j0Y010R0c0C0Z0P0H080g030I060F07IT0aXa0D1v5rRoKhZp06JpQr4g01c3B74Fb50B1mLE0lF7KO0V2u
g1_MXg_3J6OCQz-QTmWHINM606gpODOxKCbncyBe8siXXY	pathagon-rules-v1	7	14	3	51	0k0T0Q0V030R0c0i0Z0b0d0A0N0f0D07020W0M0L060S0H0g0C000l0P080F0GNM09170QPpAWTIbDLXa968NSAg0aWy0TKDRx1I0h
g1_MXn5X1JQ9MNC2R-jOrDJiyZj5xYMiQ8V0uLUehYo8Ho	pathagon-rules-v1	7	14	3	92	0T0P0b06070J0W0L0G000K0N0Y050C0j0I0Z0X0B0U0l0g0O0J0Q0a0RO808NF04TG0VDC0T8o0h0U0E0i0V0k0AJyRpW-0GF10AYc0ZQe0G8B0A9L0SGaRy0G4B0i7GDI0gAL0P0BNMO9Mq0e0WOgP-0mJo0aHT0WKb0k0Ibw0iSd0l0S1VMz5E
g1_MYIMAr2dxPKf9iinZJgW14P3k-Qr3nPJEqpUVOwZaJU	pathagon-rules-v1	7	14	3	18	0b0G0i060l000N0U0I010j020Y030M040T05
g1_MYLJAY7iGIxdNd0Cjuwg2A8sCaoucBE_mSFnpObClH0	pathagon-rules-v1	7	14	3	97	0M0a0X080b0W0G0J0Q0B0I0L0Y0V0O0c0A030N0Z0D0E090i04000l0U060Ba_T37xTvL89t5SCEQGFLNOOG94R_L475Wl1Q0ZPvTmPDBA0mK5Yd0bbiEu8RTG2S0YY0Rc0bXh0D4u0h2z0ZJr0aF10PXWGh0dAY4V05Z0Tc0B5F03AuOH0QIi0fCP0bR2Pp36
g1_MYLpD-svfhckhYlMBeyYMKk2J8hb1G7zThWapdOtwYs	pathagon-rules-v1	7	14	3	60	0Y080D0B0H0Z05040b0E0c02010J090m0I0A0g0F0e0W0i0k0V0X030K0T0fET0Q5A060lQUOnCKShSB0UGCNx5S0OLCE9MrQzUn0RFM0Da2XA06IWWQ0Z6N
g1_MYVK6o3ikl46wBEibr532DD2K0572dDQCE0HonWirN8	pathagon-rules-v1	7	14	3	84	0B0Q0T0X0j00030S0g090R0J05060A0a070L0I0i0N0V0m0e0P0U0b0H0D0I0E0GTa84BKVjX3EI090f3L5R02LD0lEl6YRU6y0b8p0TB-Qm0dP-KrNU0F1Pc2005D0eQoWg06Fzc20Y920eQI1H0X00Qf0eUO0m0WHb611E
g1_MYZCpGH9YkpGTeM7F8EJRHI_-H1RFqI5P6bjNcKT6cs	pathagon-rules-v1	7	14	3	23	05030004060I0C0H0J0G0Q0K0D0J0R0X0K0Y0f0l0Y0e0m
g1_MY_Q1Enz1f3L3BhMHqqMngN8x70C94f7X-vbyNocqYU	pathagon-rules-v1	7	14	3	23	010j0g0B080Q0R0V0T0d0Z0f0e0X0Y0U0N0C0S0H0M0G0F
g1_MYaS_IF5m-T1M_ISJZh9sPagO8gOXlsWpoihrrs6hvo	pathagon-rules-v1	7	14	3	35	070W08090l0e0S0M0H0E0X0V0h0j0U0G0T0N0J0k0c050g0P0a0F0O0QX50fNo0C0V0LNZ
g1_MYm7rxQmiaU2BTp18bbd9RCLntkwAbFGjy_WoxoH8kU	pathagon-rules-v1	7	14	3	55	0I0l0U0N060h0S0W0b0H0F0e0P0O0T0Z0C0E0f0V0m010c0i0803040kCna1NI1y0G0A0a07FH0H5cJWDK8W0lYo0gW5U4IP6_By0MR_0Y00AO
g1_MYqmeQIa_KPwzdyH0xnok8oelVsIjrKmkzcF1TpfRYw	pathagon-rules-v1	7	14	3	68	0A0V0g0O0k0S030B0F010L0E0W0U0Q0l050N0C0h0K08040Y0j0Z0J0B0T0iFXIX0e2BCn9oB7Ma40bW4gX-LGIq0AO4KLU6Zd0d0cMw0eSJ0TRATq0UXYHG0ZZU8q0j008ONe7U
g1_MYsBklsr3lkAiaqDEsNp7j_6RlaMa9oaN-bpje_Nck4	pathagon-rules-v1	7	14	3	60	060007020X0a040h0i0b0T030K0B0I0Q0J0U0B0Q0P0E01050c0k0D0m0L0C040S0J0L050G0W0C24OS0d1W5IARR2DOB4YKCjIo0V0X5o0U0QMu0T0iGk0g
g1_MYsgc-3c6jU41b6w8FMzNlg-Rfy38jEN37m9N9YfXdA	pathagon-rules-v1	7	14	3	17	0F08070E0a000U07010b080T0M0N0T0U0h
g1_MYzF9_g_bWmige4PDTZy9hLoXsujeaxTQ42IbURu9yY	pathagon-rules-v1	7	14	3	24	0M010k040V030C050Q0J0g0X07000W0E080F0R0T08020P06
g1_MYzJXAxpPEqQNjOhB3jqHtiXf9IP2VmMD3yNvd4633I	pathagon-rules-v1	7	14	3	109	000A0H06030I0C0G0g0S090A0k0P0B0Z0V0J010L0O0j0i0F020A0b080H090f0AYh07040WaZ5o2j02Af0P0D2cB2L-1kFo0E0N07REGIRuWiM5B9GIR7WiLY05GIMmXN0O0VRvMmCiC9H4Rv0HXU026aR1Gz7E1RBV6M0TX216BV2X69Gz0vBV1m6TMK1DBVH46T070S6A0o0M34Bc1m0F5U
g1_MZ7p8JtrMd7CtBdquDhZlaOe56NJ6Ma7_q3bcgo5kpk	pathagon-rules-v1	7	14	3	34	0l0Q0L0W0D060I0R030d0T0Z0f0a0C0e080E0H0O0209040J0c0G0j0PZj0b0h0cat0a
g1_MZbhyZnP09q_9NP2dUPI6FpSM23uBPPpxDNfPguyc0A	pathagon-rules-v1	7	14	3	16	000E0c0H0m0K0R0Y070F0g0G0P0I040J
g1_MZc3gPZDi4Ffv1bCBF78j7dRprMTqbjIdff7LtXU_rA	pathagon-rules-v1	7	14	3	144	0a0V0X0c0k0l0Z070U050b0j0A0Q0J0S000F0f0B0Y0m0K0g0k020i0L0T0R0P0ZTk2NK806NBMaWHOYT0XJYj0f0b0iTLLVAw0VOB0g0PWt0d4Z96P4Fn0fAK0aVD4y0UT_0OZq0T0BGK0aOS0b1G0JYIc80R3g0h0QZoG00mTncE0YM2bL0Kab0eXR0U5j0g05Vk0ZOx0X6d0aC5RX0YTpPG0eKZ6_U8Q6XH2zO8Uw02SkEC0dGUEiN8ZW0H4Ebq0jJR9yEX7r09VhWR0eHN0IIm0eFj5F
g1_MZcJ3Sc4hBDlarFBEPWPlgb_L1zwOpq-5-GG2SvdI6Q	pathagon-rules-v1	7	14	3	69	080C0M05020l0a030R0Y0G0W0i0N040I06000h0Q0T0K0b0g0Z0B0P0L0E010m0eTpHI0MW-0O0LKWF1020kc0N-07QyXsb70HKk05Vt020Q0VaO03MbSb0M520l4I0L8v0fE90m3D
g1_MZcljIPMl1UldC_b6Lx8LHyA4WWPtrKrYtPLspc6JlU	pathagon-rules-v1	7	14	3	78	0Z010h0C0W0c0g0L0B0G03000M0F080V0D0I0a04090i0m0b070E0X0U0k0K0R0F0S0lStDU0d0tAs4ELUCSQS26RhU22h0cXCAg0fH60KNF0MSz0RUO0cVi0AOlY105HrT80aDs0OFT0bNvTu3r0dCHJt04
g1_MZlYrkoCZe_aLzikg6LEZdsmSnbZw8awIca5b07Qc9k	pathagon-rules-v1	7	14	3	61	0m060R0P0O0L0f0k020B030G0W080X0Z0b0g0e0A090S070C0V0J0H0d0Y0j2X00QYFh059fTUWz0BDNC5040lHt03RfVh0Q6fKr090v0B2i0Q9_0JMq030Z9M
g1_MZvFXFPeTKbmQSMCAudmUcDWQqOn4RMq-P-P0d1MQQE	pathagon-rules-v1	7	14	3	17	020c0d03040m0k0D0e0K0B080I0Q0W0G0P
g1_MZzSD3hLX0f1JKGXh-psVZgjQM13c-x3UVmOrJmgCoQ	pathagon-rules-v1	7	14	3	196	0H0E0U0J0I0j0G0T0F07080D090h0A0R0K0g0B010i0e0203040Y020l0300GB0PYn0d5aC2GB6VB2NV5abDGBX7B2Rw5a07GBYOB21N5aVMGBI_B2RZ5aKbGBUWB2aK5a6eGBUj49QLBG0X5oc4RT2HMANWXh0bakWZcFTsbPRPakQm0d06WEYgGWPm2d0fL-HJ0OK8GWUcR74dL-BFGWXvR7aVL-IHGWPaR70UL-WHGWRaR7b9L-CAGWZoR71UL-Y2GWbjR7BELf0hGWJwB2QGLf67GBOHB2OY5a2AGBX_B20L5aHFGW6s0105Aq0bLfC05hNJB914Gk0EL-VcWU07REPvGdByM5aRRMTj1m6V0W070PAq3wMd385Q4iIO3sQF5PNZ
g1_M_0c7z6KvQpsORZZCS_d7_hKQUtIk1M91gJYGgzl5Nk	pathagon-rules-v1	7	14	3	38	0106020G0J09080F0A0H09030I0A0B040A050C0D0K00070E0O070H0N0M0P0F0N0G0O1t010Q02
g1_M_0ek64q-GcOQam1cQt-nUaxDjCkASKsrtZSBFf7KL0	pathagon-rules-v1	7	14	3	62	000h010E070m080A0F0N090G0H0F0M050F020G0c0304020A0B0C0A0O0I0V1F0b2E0N2u0j0L0i6e0PHL0J7H0Q8H0kC_020N038e06DL0CB90DGdLKLm5NREJx
g1_M_41lxDJ3Ji4559B_Bg_2WgTOv7WbGcYuBSKbFo9cEc	pathagon-rules-v1	7	14	3	196	0B040c0H0Q0K0D00030j0R010W0X0A0d0e0k0J0K0d0G0I060m0h080P0i0X9O0B0Y0I0X0F07CZ3QZc6V0s0jY8c4DbKt0TLf20RE0BPc0bS0aYHW0VL_FfX90W95E7CAJS0QE-0CFe0O0D0V0QQG0W0LPmB_3zVh0JJL4_0O0IAS5eJJ9aXB7ZGvB3MRXNSEHPBqMRXNRhHPC9MY6a0FXUHWMYY80hXUHWMYY80EXUC9MuYv0iXUYMMu0S0iX4YF0gHIXGRo0ZMYS0C20EHI7_RhBVMRHI6T1KBcMRGsRv6aC20EHIBqRo0ZMY1DC9Ro0ZMYXNC9Ro0ZMYS0C20hHIXGRo0ZMYS0C20EHWY8RvC2X9MtHIRvC2X9MKGs0LBxH416Rh
g1_M_91pLKuUuY15irTG8R46EqZWyUG3hJREpEh9Z78hFQ	pathagon-rules-v1	7	14	3	23	0Y0f0R0e0X0Q0d0X0W0P0X0I0m0J0K0f0D0C0l0B0e0k06
g1_M_ecL-aTp60taI8V6R7K4Z0M7kx47SvaDL7F5Rfp8_c	pathagon-rules-v1	7	14	3	37	020C0A0l0d0f0E0W0i0O040S0J0j0c0H000a0N0K0e0F050T070I0C0V0b0Q0k0YBeSmARNk11
g1_M_hhI_TT5klkNfech8EyZ9Ei5WFbuaHLRmueEXZcgI4	pathagon-rules-v1	7	14	3	18	030H0S070D060i080J090E0A0b0C0P050m0B
g1_M_oZICzAsl1WyAz7lAIwfW1FLkh1sPh1TDhCDfaiv-g	pathagon-rules-v1	7	14	3	50	000h010g0i090204080703080A0B050A040C0G0H090I0J0c0C0b0F0a080E0Z0j0L0iHI0L1BZf236g7XHM0PC0Ct0jMjLx0O8x
g1_M_poOgLK2UBQsH58W0Ks8ZVTEONmEBzNCAFrqzNaycU	pathagon-rules-v1	7	14	3	34	0H0O0c0J0I0C0Q060K04000a070k0V0M010l0R0g050i0O0m0d0W0S0f0D0NGj0jUB4W
g1_M_yjjmTLxT2EodmHGxwijf9U78fwLw98KZ4WIrHbZO8	pathagon-rules-v1	7	14	3	58	0V0Z070k0e0a0L0R0m0I0Q0A0W0J0l0P0C0X0Q0M000D010f0U080O0G0c0P0S0YO30JOaT121J_0h950PBR4IEzGE0D1OBFb70l010h6mQcNELC0B5E
g1_M_zH1TqAczEwj_LOejKQUURs-a-PObBaptYniP2MPLA	pathagon-rules-v1	7	14	3	65	0U0i09050b0f0O0I060g0R0F0Q0X0E0A0Y0k0P0H0V0N0M0T0Z010j0d0S0eK-0QJLa2PFVEG2ZDbKU2AfWg0lXXRi3Ob0045-0M830TDX0fO40lUea_07II0NEpaZ4J0Z
g1_MaHzscYUkuBE4K0krwYrQKhYi_6bfD4cSLmGEcnO39Y	pathagon-rules-v1	7	14	3	36	0G0B0K04030J0P0Q080d070Z0k0a0U020S0D0X0h0O0N0c0f010C0E0L0W000iWn0I01TyGv
g1_MaemKMGP1IKPATT-lIqMZJbF2vKXl_H69z0ZhTrsScc	pathagon-rules-v1	7	14	3	76	0G0V0i0l00040I070H0Z060h0E0N020F0B0U0A0e0f0X08010g080D0T0j0LFE0MEMRm2SW9B1N0StCt93QS0S0cVjLFRET-ZR0ZLv0FDMN_0c26037U0W2nZB0QPM0dGb0TXmLI1NOS0iPE0cII0J6q
g1_MajBXZ1nO_uKcJVhgeYqw-3-R_q3Ugv-RpCK1vN5CS0	pathagon-rules-v1	7	14	3	74	000N0f0T0E0K0h0S0G0L0J070B0c0H030F0M0d0k0l020O0g0m060C0X01XWbANc0U0ZDb640s2kAa080YHnWg09Us7iPkU4Qp06Be0CFR0JL2A10WGL0F0i9SM60eTnST4a21XS0B5_P20f9h2t
g1_MauD1uOP7fpQq60CloGnx0JIJgVzFqcJ6sMY5wjB4v4	pathagon-rules-v1	7	14	3	30	0T0W0V0N0b0A0Z0Y0m0604010J0P0i0c0Q0X0j0g0M0e0R0E070G0a0FHm0O
g1_Mb0dqO1gsueO-YRFDumnbO_EkF-e26JPvkgI2CYr1tc	pathagon-rules-v1	7	14	3	38	000E0F0T0S0L0U020M0T0a0708010h0903080A040G03050N0B0G0C0F0H0O0V0I0O0M0BEf0H1d
g1_Mb3rYD7LHnJjMwK3GXqRva4m4bInNS-pGYt6LgcSjUY	pathagon-rules-v1	7	14	3	38	0S0M0T0j0Z0G060L0C0W010O0N03080X0B0m0k0l040f0A0Y070g0b0U00P_0JXd0cZd15Wg5y3R
g1_MbCwhC3nhDIkZMXEbITwrl24B9xbpzOuBhdYYQzti3Y	pathagon-rules-v1	7	14	3	91	0h010X0I0J0O0A0Q0j090m0K0e0k0D0b0c080S0l0g0L0i0C0Y060B0G0dTg0N1mYyKkVc00In0Q0U6zO1Gt8-0sY5JQOi5XbdDK0U8j0MSa0R0eR70AI1bG0aCo0M8y0b3U0dPHGk0KV10LU20QLp0G5o0Y9W0QIg0hLYBo0R0II90mZz1E0e
g1_MbG1UJi3rCrsYpYsHqoKHkYxcQOFpPCmxYWllRJIPTA	pathagon-rules-v1	7	14	3	50	090g010a0H080S0A0E040c0J05070d0K0G0F0T0Z0P0O0W0V0C0U0b0N0MFV0k6E03RtAW0IMYO00SCg0a5oZ_Kj0GGCIM2S0U0Q
g1_MbHswI3RMd47rV0fejwXhF3Mh235F7sG1D-WJYhhrGU	pathagon-rules-v1	7	14	3	64	0K0Z0N0P0W0l070G030i050L01000b0j0h080T0M0Q0H0O040c0F0Y0CRC0J6LHrNVAJPuD-3e4UIV18JC9_KC0eGFbE0KSJBSVT0CZK0305Gr0jUAGu0SWDaK000f6w
g1_MbK-LpV2FS9mBjQ47Gt04A1WBAD8Gy_nsK_XbEsI_50	pathagon-rules-v1	7	14	3	16	0g000W0401020C050k0J0L010i030B06
g1_MbUKseC6cKE0ssyy9z_z1c9ZmVYXUVOGOD3cSLv5EIQ	pathagon-rules-v1	7	14	3	44	0m0X050c0g0b0T0D0K0j0C0F0W0L070A0S0k0Y0i000h0J010G0H0a0R0O090GLzFy80QsYAMcCR09QH04YjN61k
g1_MbVXa68KSutWm0pUmuBMfQD_JCYl_1EyP8UclvA3j5E	pathagon-rules-v1	7	14	3	33	0A0R050g0D0K080L0U0k090l0M010b000O0F0J080X0V0Q0S0c060C0i0j0m0PaF81
g1_MbXw-IcfBjNxMV6XBvSsuULfDjCBUCvXstn78dcQzVc	pathagon-rules-v1	7	14	3	35	0O0D0e0Y0J0l0I0K0M0U090j0S07040L0m0R0Q0H0g0P0F0a0W0d0h0C0f02X6AYMkOB83
g1_MbZMkd6d_d1uVJ1KqSKkzo1qUmYE1okVjHBqUuDABBY	pathagon-rules-v1	7	14	3	27	0h090C05060j0J0M0Q0O0X0l0k010e0d0W0P0I0d0c0P0R0N0d020D
g1_MbarBYLO25Dtc6-jdCsklS0bjxpDt9QGvceQ_gXaBOk	pathagon-rules-v1	7	14	3	35	0008010D070a090j080N0G040F0e020V0E0O0H0U0A030B0T0M0c0b0d1K0S6T0WBx0CTm
g1_MbbAguU5U8-V8QORR3YC8MbhUXLi7o_3XTi42HayoyM	pathagon-rules-v1	7	14	3	55	0D0E0W0T0C0i0h090J0e0A0I0j0m0N0P030X050S0l0106070R0H0Y0aLz0UZn0K080c4v0j7FBdAtMb99UHFVZtaoENIpKF3T0SXv0jIE0c2b
g1_Mbj4BWHPLPZoJ7LxqBtewUdPJUaYEAu660qy7O4LBAU	pathagon-rules-v1	7	14	3	196	0C0J0I0B0Q0P0J0I0X0W0d0e0504030A040H0O0V0P0O0W0c020d090G0N0U0O0G0b0N01080F091Y012P020-1s0R0JLT08366y1Y7h0936031h0o00367j1h0o0836031Y5O09360q1e7h00360q1Y3s04360q1Y3s0936031c092M0p3s07344e1b5O0r2J39023xAo4f2O5P0C090t2J1a013u0r2J1a013u4g2O02385Q4i2O02385Q4i2O0J385Q4e053u4g2O02380q4c1d01380q0M02681e4d2O0N040p5N1e4d050p5N1e013w0r5N0U013x4gA20z5a3x4g39An5N3x4g0V0s5Q3xJD4c390O035U0V0_08684jBq771D
g1_MbpFfTgvQj1r5xt0aEQf3ZDKUgqTtVsRA8zk9yqCCQM	pathagon-rules-v1	7	14	3	101	0i0b0c0j0k0d0j0c0U0V0b0W0O0N0G0P0N0H0a0O0T0M0h0N0F0I0M0L010M08090A0G09020B090304023y0EGs1c692O0p3x1c0B2M0C3t5R354f2J3t1c0A0sA33s2J4e381b0B2O0A38034e0B3u082N0A0B5iI3Bc3I09MY0F4B7s099A7zalHA7E0ka-JbCp0Obz
g1_Mc7fsI11DGWYXcDpcR_ls262tSgl4ckxvHvbuxjELPM	pathagon-rules-v1	7	14	3	196	0F0G08090M0N0T0U0A0H090O0V0c0U0V0b0a0X0b0W0U0d0e0P0d0Q0I0J0B0C030B0A0I02012N09020A2O1e3s9_385Q1e2K4c363u090r2O360C3u1c2K4e053u1c2K4e003u1c2K6x050o030A5N1e4d040p3r1c5O2O0p341b3s2N0p341b012N0A361b3s0r2J361b014g0A0s1e352J3t5Q1c092K0p3r7j1c2K0p093r082K6x0q041a0A35032J3t1c350q093r1c0A2K0p03091Y4d36030o342M7i0905352M0A0p0434032K360q091a0435032J0A1a350q092N0A341a3s7j0r2J1a093s0q2J8T1c350q2J3t043A
g1_Mc8MzKvRjkq7TX7OlPA2biHF9gE1AFEMqaSBbWFoV-Y	pathagon-rules-v1	7	14	3	62	05070D0J0k0G0a040U0f0g0l0b0K0d080c0i0A020Z0h0W060L000j090DbI054FV1R24g5bSzWwO11GZoFi0YBb0fJK0U0dF2DBSd0laZb90C5eSr0XVoYm062b
g1_McB0L-4Jx8r0_ze8dDfAj11Z3rJ-MIpD1SAMPib5_s4	pathagon-rules-v1	7	14	3	57	0I0d0O0U0h0X0N0P0a040C060D03010G09000l0B0K0A0N0V0S0Z0m0c0k050eP50HUA073VMj0SaUFS0i5cEO9S0kCZJL471y0MOc0Xc30TPi026f
g1_McDX57x-G_3YcqpAtM6voKy5IazF6YX48L0HZIObxHA	pathagon-rules-v1	7	14	3	54	070E0F080M0L0S0N0G0M090F080T0U010N080T0O000N020Z010H0S0G0V0A030a090T080b0c0U0g0h0Z8x0AYB0dC-0FDe0Gai0cV9U90Y
g1_McFR-7IhI2wS3NTgDb7TtVPd7DcjNgpbWpQkzid_1_8	pathagon-rules-v1	7	14	3	42	0S0V0j0O080b0U0e0X0h0E0k0d0Y0m0R0F0P0D020N0H050Z0J0Q0g0M060003TF3dXj5u0ICWRN74aP0cEj
g1_McRTq781UmFShqAeebbwDH8oT7-ErJHoCighXvhmGnU	pathagon-rules-v1	7	14	3	41	0N090M0G010h0B0F0Y0X0W080C0E0304020g0A0L070T0b0j0i0M0S0f0a0dPbBw0VWj0OX92bRa0c3yAE
g1_Mcf6-5VEDSMyX5nCfq_CyAxejrgzxo4hMPY4HQAWtfg	pathagon-rules-v1	7	14	3	62	0d0I0203070U0M0e080V0N060a0S0l0i0109050D0P0J0K0k0A0L0R0fbM0m6z0CIdNtLb0g1oai0B0TGmMo56YWDFWAHlZW9e0NPd0L0RBH0jbc0T9-0mFM0iEd
g1_Mcgg666QI8yoFgy_wf0TTKswM7xlzcwaLAsiBAHyaVM	pathagon-rules-v1	7	14	3	76	01000203090A0807040B03050C060D0E0F0G0H0F0A0I0B0H0J0K0N0J0G0C0O0D0H0M0P0Q0I0L4G043Y03Ls1I006q1MQl2D5O0634081a5O0q6v2z02CA0_061-0FC2XGMtY8Ro0TX2GsBq0108MF
g1_MchyV4fiFxHUz3yqzC2nFCtacrZHisWKWyVJf_LBYus	pathagon-rules-v1	7	14	3	196	0H0A090G0O0N0M0F0N080G090V0U0T0P0U0I0B0W0d0c0b0a0c0C0J0B0I0Q0X0J0W0e0P0XM-0T010M0p031Y092K360q041a0A35092J3t1b040A2K0p03091a7h34032K360q091Y7h36030o342M8T050o342M3t04013A0B3w2N5Q0A4e0r391b2P3s4g050B1c5P359F0B2J1a013u1c010t0B3w385Q094g0A392M3t0B4g092M023w0A382M4e0B3u092N0A390B3x1c4f055P0A356v2M020A0o032J361b8S0t2J361b3s0r0A341b0B2N0p359F0B2J1a0A3s0q2N8T1Y353u2N020B0o3r2N9E0B0o342M3t04013F2M
g1_MckgwW175onPaaRpLPcIwckQNZriXois4uRbCinl0ro	pathagon-rules-v1	7	14	3	26	0a0d0P0I020f080e0Y0m0D0L0A0Z040j0Q0W0N0b0g0h050c0V0a
g1_MclGoS5N4ZmoXTPzFYaVJV515A3GPHGMJVA7UgqJ0XU	pathagon-rules-v1	7	14	3	59	050Q0W0U0A080C0b060J0c070F0R0j0f000i0Z0L09020O0l0d0I0k03Jn7IAH2UVmWIPvbR8V7YG70SZQLvVwHU0gNzAL691GMG0AYj0HKj0UEi0I0R4n
g1_Mcoq6V4FOh_zMxaa79lJFJ7NerTiE4Dvmi3A0TOjo_Q	pathagon-rules-v1	7	14	3	126	0V000e040i0R070k0N0G0X06050Q0l02090j0L0P0F0E0D070K030B0Z0M0S0Y0G01KV0A6TQTMz0hacGcSIYl4DR609P60WJ77k09DI05Zm0Z4S0Xae0jPL0kHA0i0x0cBV0EUj9D8ZT-0gQV5p0ac40WEMF10VFw5B8B3h0G2xZ3G7034X0AMH01Yq0Q2nZv0KURGX0KTZSxWZ0RJf0O0CYB0XKy09au0j8gMo0a0h6k0iS-0mGdW80J1V
g1_Mcx1yRLuuIWSlCN9pCFdjjZMsh26WAWL92AqW5X_nAw	pathagon-rules-v1	7	14	3	33	0T0h0k0e0G000L0K0R0W090S0M0C0I0F080l0b0c0V0F020Y0g0R0E070i03XI0P7N
g1_MdGiFMvMK3_h6ua51VgQvpMH6Nf564Xg5ITY4QFyR9U	pathagon-rules-v1	7	14	3	57	0W0P0I0V010g070E060U0b0c0d0C0L0G0c0H0A0a0Z0N0E0O0k030B0P0A0QV509Re050D0J0C02PiLO0I7g0fXN093lWE0Q5QZYLy0X0P1H6l0cHM
g1_MdWaH9CmIWRRL_T-8wiQ1jU4PyHxZsKWmfFgSpcMJuE	pathagon-rules-v1	7	14	3	54	0B0C0b0W0M0f0a0F0k0L09030P0A0V0I0B06000D0U070R020i08010O0m0Y0KQt0E0ZSb0aHwPO0MJl0j0dZcGx0xRxaPF4bm0lOKIO0S5O
g1_MdoiwXbEuK6cc4g-ukU2dlsGFRYNSeNsboTDIgUdXgc	pathagon-rules-v1	7	14	3	13	0R0Y060P0f0K0Y0J0m0I0D030K
g1_MdsncelU7Cxmu_J8bOS_QgDkCtg_tjTFCSpD7h3q6XM	pathagon-rules-v1	7	14	3	189	0h020d0N0T0U0l0K0R0H0G0F0M0G0k0e0O030D0N0K0C0V0W0U0c0P0d0A090Z0iai0H0f0cXt0ALu01IJ04NxVlZEPl9K8F0w260W4WZ7T1SH0k0caibU0TXgYSagZ7bSZnYPXcZ70aMv0d0hc7Xf0IZ-32ai0BZB0iZzZ7YOT0aiXfbQ0ccCalXg3o0dcGYSad0k0dJAVn0JV7c8TW0b0PWmLC0QKLGdQM0PLlRE0W0KPJ0P8aTC2p0A0PY-0Y0BQy5uCuL-850FJN0Q0OGk0FBUMBWsC7cCbQZC09YSXabB8IcG09al0ebP0JbrFXWG0JGIFe5g7nAyCG7E6aBc0_0FMY6aC20EHIBqRo09MY0FBxCIGv040A2x
g1_MdtkuwiASSYGL2-6F-X2Ib3xPIF1BpOK1NLPnKn8lt4	pathagon-rules-v1	7	14	3	15	010l0m0I080H0F0a0M0k0T0K0h0i0a
g1_Mdysy3zIz66V_-_Vtui5IAtlTVKuI3o_1GihfYWHaCw	pathagon-rules-v1	7	14	3	66	0B0D0Z000e0C0d0l0N0b0G0c050Q0f0F040X0M0e0J0d0Y0R0T0C0m0H0a020GCy0U1D032T09Yi0B0O9W0VNg0G3z0bRoT80FMoGE0WWZ0G0OBB0f2n0SAKMVE70H0MBxbB
g1_Me0NjKz3-mxDAfYTDPnlsAdpa-iTDLCyd9EDBRzAYro	pathagon-rules-v1	7	14	3	27	0P0I0B040I0W0d050W060k0C0D0K0C0J0D0C0A0H030I0Q0B0O0R0H
g1_MeEIJKv_PixjUZB-n3F_iP7eHS16E79cwS31OcSr2QQ	pathagon-rules-v1	7	14	3	77	0i0b0j0c0k0d0W0V0d0U0X0e0l0d0e0f0m0e0Y0h0f0a0T0g0Z0S0R0T0Z0Q0P0X0Q0W0O0N0M0L0NMW0SH60QFc0NDG0PEs0MCY0QFa0PEq0NDJ0OE50PEq0QOo0V0PHp0OIhKE0PE50cSMRn0Q0KTB06
g1_MeGdI1Ot8ZqaAosdBT8jAOIfA49WfBPQ4CwDGeAAKEU	pathagon-rules-v1	7	14	3	66	0F0B0N0g0O0E0I0b0R000d0P0U0Q0Y0e0h020X070V0S0a0l0C050M0f01VVQLTAJM6fFiB_O49Q0AbM8j150A2Z0903HkLRM10U0TcD0eMO02XB0gQP0XK70h9T0bN-0MAu
g1_MeW_keXZoE9iQyzaw4gPhw_c3VKglX8QducV3Sr4A2E	pathagon-rules-v1	7	14	3	64	0C0B0D0A09050408030609020100020G0H0F0A0I0B0H0J070K0E0L0M0N0O0G0M0P0NH80Q0H0P20012g028909B30OGX0M0T18005h11003R030M0rGy1lAOGQ5hAq
g1_MesLEvQpzGrTr9MqdnfCNCdzvzfKV_adxCFsMK9LlV4	pathagon-rules-v1	7	14	3	73	050G0D0I0H0J0k030b0j070U0O0X010m0i0e0F000h090j0Z0P0g040c6E0NBT0T5ZbxaA0SZr07CTMTDy6T9yFzJSKvBSXJc1OE0RVvKd7x0P0I22Ow0Y0K0aJVYg0XTV08SeE60bBoRD0e48
g1_MethKLSquEOyjyYeszIwytBmnPPJOkrjQl_ZY4baox8	pathagon-rules-v1	7	14	3	60	010l0M070T0Q0O0m0X0H0g0e0a0i060b0h0P0I0N0G0L0U0j0c0J0b0Z0W0V0f0P0C0N0H0O65H102Y_0I04DT0A0i0H0M8gXB0X0Nbg1g0IA70F096OaO0E
g1_Mf1ySXZjXozadaLg0d0I5WFyfgBCl0cUQFF_oRCSpYg	pathagon-rules-v1	7	14	3	68	0d0g0b0L0c0R0f0m0F0A0Q0V0Y0l0j0B0k0S020G0X0D0P0T0Z0C0h06QANKRVLWaWDZ078i2T4ZYhQtLJX0ZEaM7PbZKI0T8h0HRs0UVo3-0RA_Li04QJML0f9RUJ0jTqNo6c07
g1_MfVjdGuIf_Krsm1F2e_FIUIyOCMwdCH9QmHklC2d6Zs	pathagon-rules-v1	7	14	3	46	000E0F02010i030h0g080A070H050j0d0c0k0e0j0l0d0W0X0O0V0Q0W0c0P0d0V0X0I0J0m0c0l1G0Z1-0IFL0Z3N0a
g1_MfarBR3-XeGd1iabhTGHx_Uz8DBCsSvwOie8d-JFG40	pathagon-rules-v1	7	14	3	48	0a0A03090H0h0A0B020A0G0g090801090F00080704080I0P0i0B0C060I0O0W0B0H050A0P0V0B0U0A0Q0D0I0j0B0C0i0B
g1_MfeS_4sxxvZAboFifck3TsxfiWPIyyI6D3TIfuyjcDc	pathagon-rules-v1	7	14	3	94	070W0B0c0H0N0C0L0h050K040k090V0f0M0d0D02080G0T0O0Q0l0Z0R0V0J00UkaX0jP87vDr5BVQ0UIN0S0aMPRFIg050H6M071u0NL0U00YTLG-01GF0O4xId0PZY08090B0Q080F0TAFST090P0c3C0F0INtI20fbu0M9B03ISCL0aDsEb09bm0A
g1_Mfm6M6Gids8ApiebIZeE6HWZY1TvJ7gdwAeWA_Xw7xs	pathagon-rules-v1	7	14	3	65	0i020Q0f0R0e0Y030P0a0N0I0g0M000X090b0K0H0A0J0F0h0Z0B0l0O0d9g0EQF0sYDWxFG99080c2PaFHoS35X0LVrDDT7H80W0eQL0Q0XBs0VKV02VO0OLKQLIo0M14
g1_MftZJxsdrltulmovsgWioUXIstWWPqcYWTrqy7xqpCA	pathagon-rules-v1	7	14	3	65	0A0T0G030J0U0H0V09020N0O0M0F080M010N0I0P0W0B0P040Q0C050X0C0W0B0b0a0c1Y2K020d2K360q081a04353r2M6x040o4c2O36030e040o342M3t0X4d380q9A
g1_MfxP6gzaOaybh2n5yGgXSYZRQRixlyLP_Ab_C-TJavo	pathagon-rules-v1	7	14	3	109	0c080W0V050J020g0H0m0h0T0G060E0R0I030l07090j0A0e0N0S0B010f1n0OFt9p0bEmTaEJN0Xz7UIhbs0Q3O0c00DZRz03ZI01XI0h6O0mMV0ZTN0O0C0VGMbA0i8q2UPR05XzAT0b4_0jC-0lDW0F4Y0QLe0MaS0SIp0gYc08Pe0ON_0M0Ubu0ATa0E0dDGR3Bm0E070TLn02EI080K2Y
g1_MfzmxvKcTMCP5ckseAGIK6UHVR0aKFCHbptHXY8trSM	pathagon-rules-v1	7	14	3	57	0Z010d0E0i0B0V0b080L09020N0Q000m0G0S0c0k0g0J060F0P0U0l0a0WTkS90IDPMLP105KO9bUi0MXZScIY05O0C60G77UM2g0ZaN1F0gOtGv02
g1_Mg0YDXuWqwTtU89plrV-Mm9IS6Mu1B9JWWd_-KHhjE8	pathagon-rules-v1	7	14	3	61	0e0X090f030R0K020l0405060U030D0V0Y0m0A0W0R0F0j0B000C0N0a080J0ZP_013m0W03W80cR50P0ecEVf5_bW9eDM0MS0ZnHW0TcCZAXdakYQ0d0bbWLi
g1_Mg4pJhYrS_fyLTVGKdqH_Rm35JJNHg9u3YjfWPjcMLo	pathagon-rules-v1	7	14	3	67	0R0B0H0e070a04030k0d0S0Y0l0D0Z0P0J0I0b0U0A090W0g0O0c0d02060G0X0N010Oah0AM4X31zDM6K2XPy8A0MJwINByVwO30fR60Q050J1J0k9GWO0Rc2GG0ePcRu0mBi
g1_MgJmPYhtG6X7iDztCO9p2QicM7Uz52x0zm3e-ZWan5Y	pathagon-rules-v1	7	14	3	28	0208090h070g0i0b0U040b0F0G0H0E0G0N0j0G0i0I0c0d0k0l0m0e0l
g1_MgLuxaXCdT1CFoQEJPpzII3_l6smru50YCiS72SAoNs	pathagon-rules-v1	7	14	3	81	0h090C0T0S0U050k0Y010J0P0Q0R0K0Q0R0I0X0W0V0Q0e0l0m0f0d0D0602On08Mp0jYH0i0W0bEM0D5f0B0b9IEv0hSXNp031dTH2b024VU701AM0FHo04K80I0A4xBm0QDQ0IFV09R3059k09DPHVR30QGd002y
g1_MgONraVwGMljxxFkbZ04-Vj_py6s6PVchIJWT7m2a3E	pathagon-rules-v1	7	14	3	78	0V0h0m0a0e0H0k0i0K0S0b060L0I0D0J0P0N0C0T0j0X050G0W020l09580E0MYA0ASsHyIT0O0gZEQbcCX3aZ7sW0FhSe4tXn098rMH0RRmPM07HMNA0x03K50bJY0C9w2U0cNvG1TnK-02Ow41Fc9G0Z2O
g1_MgOdm1tNUm9hgXshk8XFLscJYPQ6C2cql-B7xr8zrk4	pathagon-rules-v1	7	14	3	92	0i000b0a0U0h0Z0T020a0f0g0S0j0T0i0c0V010c0L0b0M0N0O0U0N030E070F0m080G093L0N0O0G6g07cA1x016Q0OIf0q0N0A740O7i389F1d2P3t38035S3A3u2N0W5S3A3uBZ0E5S3A3uWE0d5S3A3uDs0H5S3A3uBZ0E5S3A3uBZ0X0E3a
g1_MgUFxE7EoCP6zDc0cuoofIBVkQlaLvGiHpIJH6TxDPM	pathagon-rules-v1	7	14	3	30	0i0b0E0V060B0C0f0X0Z090e0k0T000g0a0I0R0h010d0K0Q0F0U0Y0c0O9e
g1_Mga9bk08MxL3buI5c2hr-N8msU79NKDk4JO17GuNLFc	pathagon-rules-v1	7	14	3	38	0B0h0S0P0k0T0E0W0b0R0d020H0L0m0U0K0V0J0i0N0f0M0A040l0C0D0I2j07bMEZWh9R90C30g
g1_MgjDv2eDFYgtUJU3DLOwNeRsHeb3KnVAH3WVrryBxi0	pathagon-rules-v1	7	14	3	44	0U0g0f0M0Z0T080S0N0F0G090L0E0M0L0F070Z080a0b0T0h0i000b01020309020A0H0O0A0V090c0rCG1dD22P
g1_MgjuCUFtd8kPn-MeDj4wsrjnHBee83Jlfy6jp9_rPX8	pathagon-rules-v1	7	14	3	71	0j010i090C0P0g0O0a0W0V060H020N07080f000Z030Q0Y0F0B0J0m0S0E0KR00O3Q0dZJS10LLQAsPlc60c0A0YAS0CJ1V27HMa0UGT0hA4Xy0MTT0V0h0IYxJD03P50mF20Z4Hbt0I1E
g1_MgkpKTe4UAK3PA-cPuLPcBGNz66Lfl-Ts_MTnUPjpu0	pathagon-rules-v1	7	14	3	28	08090A03010209000701040H0G0F0A0G08090B0I0E0C050D0J0K0C0J
g1_MgpdiHIomtJptb9HWWqAZU2Vp9-BTK1mB1cIPfv8gJ0	pathagon-rules-v1	7	14	3	31	0N0F070R050H0E0J0S0O0f0W0g060T0k0d0e000M0G0b080N0K0i04010L0V4O
g1_Mgr_SBhbiOvrLMrMlQ-rf2S_3i3zBLAKJZtk-hxM2Ec	pathagon-rules-v1	7	14	3	63	0G09020N0U090M080N0A0F07010i080h0Z0g0P0j0d0k0W0l0m0e0f0VHj0X0e0W0O0c5v0QSB0H0E6e0R0OBVQK0Xb60PPk0QI70daM0UNi0l8F098e0tIa1s0B2W
g1_Mh7bzm39Qp7bnZMfAnnpltZqRHCBq6s75hRl7dGutiw	pathagon-rules-v1	7	14	3	41	0Y090j0E0A080N0U020D0a010H0F0g0f0C0G0h0N030O0V0M06050c0O0S0LXm0J5mWv2Q1j0WNv0I0T0B
g1_MhFu9FaGb-teDN5FClfx_apb9QJAuvjmi9z2KSFrcT8	pathagon-rules-v1	7	14	3	196	0001020301040506070508090A0B090C0D0J0E0I0F0H0G0A0K0Q0P0O0N0P0M0R0L5r2PLU1C4c052K5P1G4c052K4e0s3r042K4e054I4f040p4H386y1g05014l04083u8A1h7Q38D92MCW44023K0YAK2V7kAtFN7C020Q2SA502FZ486z2RCS02443NAA2VCM9RAvA25Z040J40A14oFN9V409_3G019V2U9_1bHp9Y2U36FL7C9K2U1l7kA6FW7C3u7oA6FW3N6_9KA8FW0J8c5XA1FW030J3EFV48A375088c5X04At3u02A72N36039L3F2M3tFO0J3F2M3t759G0B2M9K40FM3N6w9K2UFM1r6y9K2JFV3N760v9I8cA7FW
g1_MhGL9CG3Nl6DI3kFXX8hTiNw8SwVX_XHTrQ_-nAF--w	pathagon-rules-v1	7	14	3	38	0102000308040F07050E090G060F090A0B0L0A0C0H0I0J0H0B0A0C0M0N0O0G0N0P0Q0I0P0H0R
g1_MhUqrSN14GlG_NCqgcMLIA3GSZraerqjv9TOe29Q4eQ	pathagon-rules-v1	7	14	3	23	0h090C0M0L05060D0K0J0D0C0R0b0Y0k0f0m0l0e0X010e
g1_MhaMip8jXIkSPPGKCjqEgisF-ba_cSRdeHatRuRfZQE	pathagon-rules-v1	7	14	3	30	0b0e0i0c0U0a0Z0d0b0g090a0h0T0b0S0O0a0V0b0j0N0c0U0H0W0M0V060f
g1_MhacN4xILRBBVyawgWNnOdxesL7l0hKEe-H2PqpVlV8	pathagon-rules-v1	7	14	3	51	0V0O0H0A030O0A0P0I0W0B040U0N0G090N0208030901000F0M08070T080M0i0N0E0L0F0SC00E1H000P07Dt0H0Q0t0A3w6z348F
g1_MhdDkFhU9hxvIfWBc3e53WLth3C-l_Mc6FdEQ0hBayw	pathagon-rules-v1	7	14	3	119	0K0T0U0V0a0h0U060a0b0c0d0b0W0i0j0k0c0i0D0j010C050J0l0e0X0Q0e0P0I0B5N0P040I1a06035O2P9E3C1b0o2J3t381b0D2K0p34A01c2K0p0C3r0R2K9_0q0C4c9_1cAl0s2J361b3s0r2J361b010r1Y352a3t0q1c0O2KFR3rJ-5PEc0t4E1Y352MJy0r1x352g3rKj4f0Q0pJ91c692O0p341w3s2M0pKr
g1_Mhde5BXpswjSbQP2bwJHxvyHp8tT-RRxUH-EevKFkYY	pathagon-rules-v1	7	14	3	69	0C010K0l0c0V0R0W0D0P0g000E0M0Q0m0L0O0I0U0G0F0T0j0N020J0M0Y0X0kJqBQ0H0S0Oai2OMMCq0fc4FNNsC50pLw4iGI33WrbUZzcE0ba1341gGt2O0p5Q1c0J0c4i0NJT0G
g1_MhfblvOgWMlrUkJ5N-dWOQ9dEl7BvllkhY9aEjIAYfM	pathagon-rules-v1	7	14	3	131	0H0K0g0C040N0T030J0i0V0E0X0h0P0e0S0L010f0M000R0Z0U0I0A080F0d0aHR0S090LZDHw0502b_EX0B0OGb0ZIWJn1XMK0VbM0EFu06J-0AU90G0kXtSa0MEq08030lH50iaL0ALn0S0RAQ4P0JI4bl0MOm0cNtE10U0O7oHy00XC0m2o0YM90k0d04Qla10QWD010fKx9w0NWIOf0fW6WI6eYd07RV090R6rYb07O5090B6d4k0iFPZT0JG-9LEN
g1_MhzAG22_tx4HIVbYZ7mNTxMsKxjzNfPRT0wTJ_favCo	pathagon-rules-v1	7	14	3	196	0J0I0C0B0Q0P0X0W0A0H0B0O0V0a0W0c0d0V0e0b0U0N0V0U0G09080T0M0F0G090M0G0F03040A05353t7j041a3s3409014f2N020s3A3u040205343u2N4e1d353u2N02052K3t384f1d2K3t0401392M3t1c4d392M3t070o342M5P040o342M3t040o342M02042K360q001a0o340B2K3t0q041a3s3409694f2N9E1d353u2N4e05353u2N7i1e013w385Q094g2O360B0o4c2M9E050o342M3t040o342M020A01382M0B1a3s0r003A0305363u1c012M1a3s040p3r384f2O5P0B353u2N020t0B3w385Q0A1c093A0B3u
g1_Mi2bM2z4sPLqxoFWrx6DaVIaoiMNoYJRaGvuAEa9So0	pathagon-rules-v1	7	14	3	44	0E0l0M0b0m0Z0Y080K05010J0D040j0S0A0N090R0O0B0N0c0k0T0C0Xb_0PHv0lRV0B0f0Y7z0bYT7O0LMj204P
g1_Mi3amX0oiZLKPUAKyhADqbPfB9CGVhHVbTH9tPv0BII	pathagon-rules-v1	7	14	3	35	0F080T0M0Z070F090M0A0C0B0b0D010g080h0i0j0a0i0U0d0c0V0W0X0k0l0V0d0k0E0d
g1_MiBRvooy8DddBZvGfA_3tpZ8HqA06Cmcs65vVPqDI68	pathagon-rules-v1	7	14	3	68	0W0b0h0A0J0I0Z0E0P0f01060D0X0a0m0d0g030U0N0B0K0l0R070L0eLaWCGp8h05F209VP0OByFl9v0Bc1KMOHY20C54RZ9u0IN-Qj0kOk0UZh0cAC0HF20BcE0JPE0bDj0f1X
g1_MiEDHEHvTJGDLXCsNn5kNPKVgJRqya14R4myB8Z98I8	pathagon-rules-v1	7	14	3	34	0a090C0B050A0J0D040C0I0Z0B0P0Q0R0W0V0K0X0Y0Q0P0J0W0H0R080I070X0J0G0I
g1_MiFIQ4DYEoivZhBsE-_z8EJoqEk6EOLpC6AjK4gxYvY	pathagon-rules-v1	7	14	3	70	0B0J040D0b0d0l0M0P0K0k080g0f0L0T090Y02060e0N0S0X030E0c0aX70d0iNk3XFK7l5s2Q0JUX770HIoTMB5KTbhaT02a_0WAe0MO60O0l2f0H0z028o5406Dx5kMK0SNzIs06AQ
g1_MiUgtfnysuDqojHbNHaCkutJaRPxFW6zYXXqwx2WnVw	pathagon-rules-v1	7	14	3	59	050M0L0G0l080X0V0N0P0i0E0e0B030f0g0Z0R0D0T0S0m070L0F0K0d0M0k0bDKHm6CG5MPQI9tHAOXc9CQ0mC0beY6Vz214rL1090Ua_0WLu0QIkFl02
g1_MiZL32aM_fmjpLbmWX5k7UTBVWchC61QteactGwU8Gw	pathagon-rules-v1	7	14	3	48	070E080L0H0N0D0d030i0F090b0J0G0Y0O0C0M0P0X0Q0f060U0g0N0e000AJB0RBEXJ0XAS3p0HI-V505C32n0N0I0MWr0P
g1_Midlk5dcNxBKYcxDCm8a4oc7tc2BF1Y0b8uMyaF_4jQ	pathagon-rules-v1	7	14	3	25	0G030O080g0k0V0K000L020T010I0c0h0i0f0F0J0N0Z0j0U08
g1_Mig75OqZMrCKTTcBQTs2gzfCXY0K5f4GRpkyV_jI10w	pathagon-rules-v1	7	14	3	63	0H0A0O0V0c0j0V090i0b030U0A0B0a0A0b0T0M0N0T0G0U0h0F0i0G08010N080G020I040H2C0P010O1Y012P02399J031g0o0B3C0W1Y6M07Xx4A0h4qCi5aYFXc
g1_MigofooMtFk0a4vw0mrVYQJHpwX32FRrxRON65CvV54	pathagon-rules-v1	7	14	3	75	0l0j0b0f0B050m0U0G0E0A0O0X000W0D0I0d0T0P0F0K060i0S0Y0k020gWD040CNT3REeAt0b1C8_Qp9JKKCfA8Qa2Ka2N_XC0cRBLk0YU86I0kb1L90W8FRREi0YIg0M9r0lONP10gRRUvSW0h3M
g1_MiuO9h4kzUeMS4b145cSrPgPW3QJE1HaUv2fvu-faM8	pathagon-rules-v1	7	14	3	20	09020a0h0N0i070g0G0j0V0k0O0l0m0Y0H0e0A0X
g1_Mj2giNLnINShX6MJecXFHlo7jClf6DCHDv1-zjw1AMQ	pathagon-rules-v1	7	14	3	114	090l0P0L0e0k0j030f0H0S0g0E020m0O0J0V0b07080Z0A0K0C0F0Y0aQt0I0iEJ053U0NXPTm0HZnKn7PagBd657_6HPKP2Yp0c79JK0eQCXW0Q510W42073h0PA30YDhXqV9PaTQF30F8y0GKzWy0cLaQ20gJxby0A7RQ1WI9bDV6e7WFpXW0eGk0cTUDzS90eB80hRC0XLB0QTe0K5a0XLlay0laIPi0K
g1_Mj45hgUGpM4XXU52jyvaJI2vE_Jx3aYvepjUg1xWUOY	pathagon-rules-v1	7	14	3	42	0O0P020I0H0A0B090G0N090O0A030408030F010M00070E0L0F07080E050C0J0Q4i0I3w040C0B5a060K05
g1_Mj9ThQby72JfQ-HGnQ6j8BQ5jAYmQhHEzsvuA0DbxpA	pathagon-rules-v1	7	14	3	110	0S0N0C0c0d0Q0F0E0i0Y0j0009070J080H0O0K0B0T030U0L050G060Z0m3J0V0fc90S669U0PCHbB0MZySKFbIzAdH9NrMY7r0FNUH803Hh0T7J540H3F085f0lVUbv0aCfQ10hNU0MV10603Qr05Bv0S4EOH0FPw1r0DJ-0dKt9H47WL0PZ56z0fXu054aWL0EcABZ0iay0540PD2N0h0sBH3z
g1_Mj9iroJxmRV8PiJdSNfGPWOR0mry3P4FON2pgcWDLzI	pathagon-rules-v1	7	14	3	28	0C0J0I0B0K050J0D040C0B060H0A030B0A09020A0G0109080F090007
g1_MjDtlKqijJwHOQEVPiT_pu2BpQpI4YLhmlOcQ9vJj0c	pathagon-rules-v1	7	14	3	85	00050H0I0j0M0X0B0g0T0N0F060a0L0G0D0E0f0c0M07030H0O0U0A0C0i0b0H0m0wT099AP00F75V0NX7O40F01BC0MCl0AZp280G0Fai0NZBc7ZzYH0j0UbWSr0PHv02HF04PpcD6e01C6Z3PvALTb170WWk0N0T0O0FMo0h
g1_MjJgFvQOeunFoIurR6mVxCz3wQUWvC_T9inZIKx4fIU	pathagon-rules-v1	7	14	3	28	0B0I0P0C0I0A0W0B0Z0H0d0E0V0O0c0F0T0S0J0K0U0Q0R0j0P0J0Q0G
g1_MjKN4XV3DwPzJfDlnM02x7YeefhdRzi6KDFrp7btBrc	pathagon-rules-v1	7	14	3	70	0Z0O0d0R030b0H090P0I060K0j0J0V0M0E0A0B0D0i0f0T050C010m08Yz0a0k0i5uLY3pSj0761KWAoQHTVbI0NRs0bPy0UAQ0G6P06Ec0PV0020e0fZH5D0l7B0a2Z0eWC0UIf0f3r
g1_MjNCKp-DED6A8W981VxYaqq_G2xQuu2p2kcbs4aC2Hc	pathagon-rules-v1	7	14	3	59	0m0L0N0V0X0l0D0A0T070F0Q0h0Z0j0H0R0G0B0b080M00020k0I040WNA090fPb9V0Bbl0iLq2MC9YvAX8PCh07SlDD1LOYa40dJv8l0VTP410eLlEx0Y
g1_MjU7B3bNONMlN4acGNrChNUzLVWNki1rruIsTA_cJlI	pathagon-rules-v1	7	14	3	24	0J0E0C05060Q0X0e0Q0Z000a0b0c0B0b0F0G0l0d0D0e010f
g1_MjWLum6Nm8HjP6L3SKujEz8yLqGR9K_b2lNFFRkhEBM	pathagon-rules-v1	7	14	3	34	020908010A0309020G0H0F0A0I0B0H040O0P0N0I0M050C0J0Q0C0P00070E0L07060D
g1_Mji0ZIZbSmPIeSzAhf7ctXnY5mW5sJlguF4YASsmcFA	pathagon-rules-v1	7	14	3	46	000T0c0E0D0G060Z0k0j030X0e0Y0B0P0F0L0R0N0U0O0K0i09010W0fPh0aO00hTxY83BRi88ZWD-7VOF2905J009C4
g1_MjkQZQwEfBUtbtlVpvS6bUP1HJWh-Ri0_bxB__uTc4c	pathagon-rules-v1	7	14	3	35	0U0N0V0O0H0b0O0U0T0P0U0O0i0W0I0M0b0c0F0V0G0a0N0b0M0j0d0k0h0d0a0B0A0I03
g1_MjuNKqnllzXqZzWZkcYCxTagzfQyj0vYt20NiVhUJxQ	pathagon-rules-v1	7	14	3	122	0K00050d0f0e0V0F0l060a0W020c0b0E0M0L010803070m0U0T0k0N040Y0X0i1CIK0MQy6hTN5pZ7VD0PU9050C2ZAL0PCk0N0FXT0O0TR_GVJTR60Y8MGTZvBn0NMc0V0QP70O0V0eOk0a0F0K0c0JbbGC08H4b5681f01H416681f01H43P6a07Bq6hMt1DH4RvX2MDBxH40L0uMD1-0TBq0_6hIHXp0hH4XG6o0MZ8VuXdTa
g1_MjwkDaCgzGKDVsEu5Es3Hfzzgpx9xL8fedYsVd_x4YA	pathagon-rules-v1	7	14	3	26	0B0A09080A04030205030C060D05010I0J0E0B0K0F0J08000H01
g1_Mk9EnKt44j0dp0t1vywtNJHXAJqL2YWhJYf9NV5CJ5o	pathagon-rules-v1	7	14	3	59	0Y010a0W0M0k0T0L020j0d0m050X0f0E0N0C0V0Z0O0S0K030Q0F000R0IQDNV070-36V6ZKQz2cIH9_4_H2BB9k0GRiXX2JGoBm04Ly0I6q0hCw0j6y0B
g1_MkHV8HqnXTO6_nKrG4QvygZm68bG7ZV1ZSY13HirgOA	pathagon-rules-v1	7	14	3	65	0d0g0k0S0Q02040l0Y090V0W0R050a0T0b0c0D0N0f0F0B0m0X0j0800060e0Z0UB2Zv07Vi5Z0MGpYO0A03aCIC3sTzRNMMRw0d960HWm0jI40L6m0kB4at0Aa7U60Y8Z
g1_MkNGpWHOnmWje83XvRz5nHHgEuljKlhPZrOcf2pRKfo	pathagon-rules-v1	7	14	3	25	0P0a0W0k020b0I0h0H0B0j0g0J06030G0A0M0Q040U0X0d0Z0c
g1_MkU1KguwoMhdkTUuw6u9seCQpPWLipSFr1YOZSiujCk	pathagon-rules-v1	7	14	3	46	0N0G0O0H0V0U0c0b0N090A0d0W0P0H0W0I0V0c0B0V0A030I0A0H0204050C040J0Q0X0P0Q0e010d080W0F0MNl8s0K
g1_MkUoZUlPKVIMilN8fYmfD-E0h3l4RmTz4MkyU-W6YOI	pathagon-rules-v1	7	14	3	45	0U0c0b0m0g0P0h0l0Z0a020W0O0d0e0C0S0N0V0b0k0O0U0Q080F0H0M0T0X0V0a0j0G0i0c0IPk0LQ9OWKV0E0KYa
g1_Mkj5nRww_HOpS3Hcz-rqoLfO6S04oecmAd_Y3D1psu0	pathagon-rules-v1	7	14	3	82	0E0F030G0h0L0H0O0e0k0Y0f0Q0P0V0S0O0X0m020M0b0709080A0J0FHo0fPD0l0i0eBr0E3J0N050G0RMQ6Saq4f0l9R0C3Q0G0NH5bc0I0P3x5M0HZtQNYxTD0XBVXq01Hn0W090POM0HJ00C6-04033w386B0bGw
g1_Mkx6W1nlFhIAOtVmTwW6NGfWyqthVGYRIMKZc2Kcv4c	pathagon-rules-v1	7	14	3	76	01030b0N0G0Y0X0L0R080A0e0h0i0W0M0K0O0T0F0H050d0Q0U020D0C0J0lDlHQ0LZ7UeLIPXJcTY07OV068qRPMyUwGJ0K0U0J0bTxLbVWTL0XHJ08Br0QNC0cbKFU07LN0SAeK30jb-F3aKGdDw2o
g1_Ml5ELPSNeibhvqZaToUgZKH9F--RglGU7moFimtmqK8	pathagon-rules-v1	7	14	3	72	0W0P0f0R0g0b0B0S08060j0V0M07010C0D0Z0J020T0h030I0m0E0l0eXB0K0i0F0d0X0aXuDPO-00L-1y0g72AT0oRt0DCLb90eYu0Cc70YLy04Sd0V0aMU0SBn0AQY0XWz0gOZ0FFK0Z69
g1_Ml5XfL3ARcaEvBh_1H-VgFM6B349Em53nJnQEXtSP4M	pathagon-rules-v1	7	14	3	196	0P0I0Q0J0W0X0d0Q0e0c0V0O0H0P0V0A0O0B0C0G090H0N0U0G0b0F0M080T0a030235039C2N1d0B0C350p3u0A024g39A02P3t4g395Q0B1a4d34032K360q0C3t8V399F2P3t4g395Q0A3t4g1Y9-2O020r1e4d0B365Q1d9I3s342M5P040o4c2O3t040o4c2O02040t4p2O415RAq4e0B050A0C5Q2K7i4c393x2N0q4e093u5R0HA23A3u04025S1e3s2J4e0B1c09015Q3w0r1e354c0A2K3t0q041a0A35092M020A035S3x1c2K4e09035S3x1c354f2J3t1c350q2O3t0434092K4e0q0A1a015S09381b4d7g2O3A3u04
g1_MlEggkM-lW84ioXpkaV7XfPdpf3cKKhrmRBNTiD3i3M	pathagon-rules-v1	7	14	3	43	0h0J0C0g0O0X0l040F0P050W0B0Q01000A070U0G0M0k030Z0c0V0I0N0m08267A08PJ3VaVI4DZa-PZ4y0t8S
g1_MlJzP_XupH5i3a3aOKgc4momGfs2cReAHTGRvMEV92w	pathagon-rules-v1	7	14	3	101	0l0H070D0a0L000P0i010X0j0d0T0b0M0E0A0N0U03080C0K0I0m0G0YBZ0JFH0ebGNn6hBOYYH4A6VtDSG00CK0QQcAPXNf56RG0I747t05Rz1r08Xz0KFp0QH_IaXE0Z2lUw0l1X0j3P02Pp0JHD0eae0BLe030J04AOBWEZZLIc0kRy3L0FYaBt9L0NNoDF0iArDwFa
g1_MlLdRWdf60dQcR6RkyEaaZl16WOeAU1KFuW_STr-T7U	pathagon-rules-v1	7	14	3	38	0B0Z0d050b080T0g0M0G0600010I09020P0R0L0C0W0X0l0K0U0D0H0I0N0F0O1S0Y07RX2aHc4v
g1_MlNSmCWBqSzuONowLK4ByK3OZGApQgU2xPg9kZbYBP8	pathagon-rules-v1	7	14	3	96	0b0a0N05010U0R0K0O0g0I0f0V0e0h0P0F040B0k0H0c0l0E0J0j0S0C0iC10b0m0D07At54TKWaCr0ABb43FPb_F00ZP4009gKp0BaB09Wz0304016I0BGN09R30YK70F0MTF03Z70G0B8i0A098g08R40JCa0RIb0A1x0C0Q3b0B035f0YGS6_0ZQ79Y7h
g1_MlNalesD6LUZpUvH6OkynNYdgm6DWi_Y-aOZOyiEAFQ	pathagon-rules-v1	7	14	3	35	000E0F0i0h040j0U0T0M0V0L0O09030b050c0A0U080N0d0W0P070V0W0H0U0X0V1N0455
g1_MlO6TgRnKVj3GVMRUiOMpQz0Su7rfg8IZ98qCKz3bhQ	pathagon-rules-v1	7	14	3	20	0Y0h0M0e060f0m0K050f000g010i030j040k020d
g1_MlYt6vtjPHNiFT5YRuaIwBF-curURog8Xqf9M-Cbe7k	pathagon-rules-v1	7	14	3	74	0006020L0m0d0X010D030J0c0G0C0M0I0A0Q0j0h070l0P0S0k0b0O0R0H0J0UU5ZN5sQ7H5Aq1laXLF6k0e5kFME50655YOKB0g8l0B7o0fOST30RTpUYXVJc0Pc5Wq0U9t7YKgGqabNV0k0B32
g1_MleAFlE0s3OImjAmX8yAIDtrlbDZuEw7zTs0BVZ9RVM	pathagon-rules-v1	7	14	3	138	0A09080H090G0F0E0N0O0G0F0M0G0F0U0V0N0T020U0903010L0S070L000M0c0B040A0I0P0B0W0dBo0E1s0I2K0p7g391b3x0o04345P1b3s0r2J361b014g1d3A033w2N5P350q002N0p341b3s2N0p341b092N0o367g3u1c2K0p09000A0o4c2M020A0o342M3t040o09003E0q001d0A2N0p34693u04070A0q0C4c0A6C2O3603010Q040J0q092J8B0AUa0t0W05
g1_MleeATtfC8Ocyxkhhvy2KjDUA-X0Lr8PzqH4-ipyvY4	pathagon-rules-v1	7	14	3	61	040N0m0D0l020I030B0M0C0V010c0Z0j060R0h0g0X0a0P0H0O09000G4U2T1t3BF1UBQY0EHYXXar6bS3BAYmG8AAIH5u3AYEZI03DD050QO1040BKt050i0z
g1_MlgYqJvYB96dJUPq1KON96rZxt20fIqH8BDxUaUT_gg	pathagon-rules-v1	7	14	3	62	0O0b0E0N0S0X04030H0l0J0k0d0W0Q0g0I0L0V0B0a0h0M0e0C0F0501080d7R0R45UtFA3H0P03L2BUP60UJcOI0UHEB_0L50cA093f0DbTV4S30aHP0LCyNC29
g1_Mlg_ZjwxKiYoN2tnK7CpKuVMc1nuLpeTecju3sRSK1o	pathagon-rules-v1	7	14	3	100	0T0J0V0M0l03070R0A05060j020a0W0H0h0e0A0k0X0E0g0b0Q090P0G0F0c0KD_0NSL0L08Gz4n0mT70ABXQkL_ay0O0U0B0eRm0K0lCT230SDW012r220ebqbF0dAEIz0W0I9SO60d5l8805E9F90B6dUw0EPg0WIp0dNuUv0OYl0MEBVp0d9bFb0mBtaM0E3SUt0L
g1_MliTTKglTExcQWDsUhrKraSWXp3k3n3QA-8QCXLhjMI	pathagon-rules-v1	7	14	3	41	0E0R0A070i0a0G0X0Z0e030U0W0Y0P0I0Q0M050h02060b0N0j0f040gTR00SJJ62SEs0c5q47VbDeN_4n
g1_MlwmIFQ3Ve1LB5XGXm8WE_vpz8qSxuV7CvlhDZQphF0	pathagon-rules-v1	7	14	3	33	000E070F080h010A090G0H050203040j030i0A0T060a050b0L0M0E0N5p0Z1R0059
g1_Mm-FgZJdXqS_fUIuswGaBTX3SBPvNn2f2LWusPOsZE0	pathagon-rules-v1	7	14	3	40	000b0Q0i0G0l0806070j050H0c0M0V0F0g0K0J0Z0e0f0m0G0N0U0E0a0k0T0ITRXRRzBi5Y0dSd0EYm
g1_Mm75186eQRutkxgtmapaMf-903PlS4e87MsfXBpl82w	pathagon-rules-v1	7	14	3	48	0J0g0A0h0Q0C0P0N0L0D0B0i0a0K0W0I0V000E0O0U0X0b0J0H0Y0O0Q0R0Z0F06CzYaSOQI01XCJr6bOP0OTrSI3lDVXhaR
g1_Mm86pwrflB9U3VRRuj2MmOBH1Zdv66PfsH0WZwRJsK0	pathagon-rules-v1	7	14	3	38	0W0P0m0O030R0X0i0Q0V0H0U0D0A05040a0K0N0B09020b0Y0U010G080V090C0J062f0jQwBSHv
g1_MmQ5p_jicjYCL7bNCRzNxhDg03yivT8fJAVt5KFFgrk	pathagon-rules-v1	7	14	3	88	0W0e0H0Q0E090i0j0b0c0K040S0G0h0L0N010g0X000P0U0I0D0Z0R0S0J4K0YJ-08F706VlZ44bAr870209RJZWYE0A6r8eIaKs01D80kEl0HS50Q9q04AaLB0l5-0fa50kRO0UXXT10BNh0aP60IHR0T6VLx0E5rTU0689450FPQMa
g1_MmUugE-aT61dS2H9MEbVMD6S4tY_WIaq270wMnvDL0o	pathagon-rules-v1	7	14	3	36	0W0X0V0d0e0a0k0c0U0P0J0L0K0d0b0Y0W0T0d0Q0G0C000c010B0R0O0b0N0M0F0f0M0H0Y
g1_MmWMztqn-74B_TBWfMXJAlIIjf8AAmIILb0wNE-4DvY	pathagon-rules-v1	7	14	3	60	0W030J0A060U0D0E0h0b0e0V0c0j010X0i0O0W0P0H0c0k0l0Q040B0I0M0K05FG0LTs0bCD0d0N00Qe5o060BbQ9K4NM5IeB90NWicAMC0FRS66c9XhWiNz
g1_MmYLGv0k9W53XWlLWpZe16xTNFd09uDf7kKS2QrlL4Y	pathagon-rules-v1	7	14	3	54	0L0g06090k0h080a0E000S0N0P0Y0l0D0G0J0C0O010A0R0H0T0Q0c0K0U0j0NKj031HOKYFD5RI0XZ-3VPS052pMvSh01XBBk0Ib68f0Q7v
g1_MmgZc2di027gIzH7WeWXSZL7HGq3zONyazClKStSy5k	pathagon-rules-v1	7	14	3	16	0F0O0E0R0a0N0e0M0j0L0l0J0C0Q0m0P
g1_Mmnm3iwbT6BejPdCrJ5IIuh3DO5U_5BLgui7bo7YA5E	pathagon-rules-v1	7	14	3	162	0G0F010I0L0M0m0N0R0e0V0H0O0b0h0U0T0E0U0G0a0k0i0l0X0P0B0O0Q0W090DcAHdQbDnYD0jWiBN1f0GH4ba9P1HLYCZB2Wb0b3j0QMC61bR0ccDXg0dSKWqbJY80hXUcBMYBx0MXUHW0LZ86qXgGl0eZ8ZwXe0gYOXcZu020j2-XhbQZC0icF0ebWXgafYQ0hbTcG0FXhaf0kZ8cD0eaiYQZ8Xd0gaibUZC0iZyZAbS0l0jbWakXf0ecG0g0e0halZybTZCcDalZybT0dcDakZy0j0dbUZCZ-0jakZycE0iay0EZXFGAhZC0iZyZAYS
g1_MmqBjfGM6hAss7m9Zv6tkdr67L8MjEyo1GErzlk6nvg	pathagon-rules-v1	7	14	3	62	0D0K060e0R0Y0K0f0c0X0Q0J0d0Q0C0P0W0I0B0V0O0W0V030H050A0m0C040l0B0kb_0m3Z0j4cAK450C0H0B0s0O0C0V0Hbu4c8a0A0G100B0G0A0N0H0O9f0E
g1_MmrUb_7F1iGzfp3YSvtzhbL_tLqDtvys4qgMOA0cAlA	pathagon-rules-v1	7	14	3	61	0U0D0m0l0L010E0J0X0A0H0I0G0V0b0c0Z040K0a0Q0j0R0Y0905030g000bL3SXHJ4_3QZe7vU2ID09JF0MOT080L4L0V7G0eLI0lFz03F10DPj0eAU0Q0G1I
g1_MmszvUfw_atsnSWWG_McJZannh8oxczkQHqv6ePZy_Y	pathagon-rules-v1	7	14	3	39	0U0j0O0C0T0E0K0N0M010Q0Z0l040S0k0h0b0N0W0D0X070Y0R050H0m0a0BG5bq0FAD0mPubs0PAy
g1_MnID81Pee92EkT0Qqm6B6wV-PzfELDkspd5xShQxMiA	pathagon-rules-v1	7	14	3	47	040B0I0J0P0H0A0I0B0Q0I0O0K0P0J030W0A0P0C0V0B0J050X040Q0D0R0Y060f0D0e0d0c0G0V0H0d09020N0U8O0O0d
g1_MnQbXzQ4ywN4tmzW09JBJg7eUKQnseLUSlIG7E2qC5U	pathagon-rules-v1	7	14	3	16	09020M01080F0U030a000O040c050N06
g1_MnSQtVY6zfyKG0tNpMDFTACWytxh5n1QS8CJoSR15E0	pathagon-rules-v1	7	14	3	68	0f0c0M0R0Q050T040U0B0e080I0X03070G0P0b0A0Q020k0J0H0E0d0j090h0K0F0Y0mID2WM_Ch0TKG0K00W3bmWw9q8B1W0PBeDu0kDg0D2E0eGbaU0K0C650DPN0RaH0D0c03
g1_MnWd5KifNgz9dGbbf88-5rykRzuxpzyRFRNrMLHAL7w	pathagon-rules-v1	7	14	3	196	0M0b0L0X0T0F0U0S0N0G0a0E0Z0L0O0H0V0c0W0d0e0P0I0W0Q0J0P0X0I0Q0A090H080B6wOe0VJL0F0O1YJxGu0P0oDr2J9X0H0S0p0O09341b8S2N0p341b3s2N0p341bIP2O0N3608070F2M0p4c1c082K02080o3r2M6x080o002R0p1Y356y2N0p1Y353u2N0p1YOX3w2N0p1Y4d392M0p0V3r082K6x0q081Y6w36080o6v2MCI0F0o342M4e0801380q781Y3s2NIW0p1Y357G2M0p1YCH392M0p083r0A0F6w0qMH2J1a0H3s0q0I4c1c0S09082K0p3rUhJ-2O0P360q0G1Y4d360d0o6v2M6A0L090A0S0H0o342M8T0A
g1_Mo5N7BdeMtRI9OEt6OWceoGD7xdvLSLQtrqEYU4DXaQ	pathagon-rules-v1	7	14	3	86	0C0X0k0E0Q0a03080P0J0D0T0j0Q0B0R0O0A0Y0g0I0K000M040N070F0lGgBHL9ao8i0Q0dLQXXaHLy2xNd0L061PUsKK0iJv0XH9Z6F20Obs0SAj0RHA0fOr00bg0SHc0RGQ087-0fav0SRoCt0R5mM40lGh0X0RIFLE0gZy0h
g1_MoGnw--fy26wxVb44XR29S3mchJ22nyIJcPuWELo8CY	pathagon-rules-v1	7	14	3	17	010A080E0F0U0M0a0j0c0V020T0i0h0I0a
g1_MoU5fT89VLmKJ6Zb2Ml10erx6Twum3pTwJM2aHfrnqg	pathagon-rules-v1	7	14	3	36	0H03000d0k0X0a0A0F060f0M0j0l0D0i0e0O0W0V0d0H0m0I0G0P0R090g0W0l0N0cY_bz5i
g1_Mo_fWvz6sX4CbP-WPbN9fkuvcJlrRcfSalu6bu890DA	pathagon-rules-v1	7	14	3	112	0009020j010g0804030A0B070508040C0E0B070T0F0G080H0I0M0B0N0J0O0C0U1B0P560VCn0cC60k2HXh0POO32c90U0F3hNk0VD76t03790502042a09Nn0YA60e0A0d2X02Or5UBV4qGtb_0s6E0V421_0Faq5r8P0m0eBTNLZK4I0j8m0UN50bH40A6H0iBy0AO-5pNYWd8009F_RGHi2s0V3e
g1_MogUNxDYlfPOoiy8iWJn5h8NyD9DbS0Dpq4Y-pmDojY	pathagon-rules-v1	7	14	3	196	0F0I0D07080b010Z00040E0B070Q0C0l0J0N050g060O0P03020V0U0A2l0H16LOMDS61a9B0o4G2JEM25JD1DLqGsXfMEJf0cSjRcRG0dEp2STf0pDj1Ybn2K3T0p9M1b0R2NIv36Z63uZ_2KJR36Wa1bM_2NK5368o3u9X2N0p0Baw34Ec4H04161YMESG5hLGAqQi4p2m5S3dGyXP4f945PJ33kZc2l06XUTsMtZB05DJ0P0xRd0L1c8n34M_3t0l0oJW2JY8XU5l1RLYRaNv1ab_0oOx2JNp0B0HXhHOBMM7cB3u1KRD0IPQ1aWB0G02G5I_6DYH0HUr0r204d5xWxL20T0d0sJq3xMH4cYI5SIV0Gae08S_S0URNXbOMYU_0MWn
g1_MorTP09Fbi6zk6CRScsVc0SJWLTVJdDj7AFCxxkKYCM	pathagon-rules-v1	7	14	3	78	0S0d0h0D0j080g0A0m0I0Y040H0a0M020F0Q000W0k0i0B0Z0f0X070L0J056OYhR7B7aUSRI5HHZs5JDbUw0k2vWQC1bt8uGCLG090SXhZz0a0A8HMa0i4IHp5r0g980Eb40eLb06Ie0D8P0JZs02bN0rDT
g1_MowPSDw4DIjCz8I6eQPqRvgdP5Tjvq6gGF-7btsTDIs	pathagon-rules-v1	7	14	3	87	0A0H090G0I0J0N0I0G0B0C0O0B0P0Q0F0J0G0M08070K08020J0F09030G0A04050104000B0E0L0F0D060C0R2r023V03RD0S0J16L_Mt4HGsRv6hMK040E1DGsRvC2MR6aGzRvC2MR05Gz1-Bq2X0R5i0tBV6MGz5i0oBV36Gv1t
g1_MowisKeK3lcS6gK0N4NKHIxmHhiE35ByHnJJkpASimY	pathagon-rules-v1	7	14	3	39	0m0l0e0f0k0d0Y0l0W0X0e0d0f0j0Q0P0R0X0k0W0O0e0P0l0c0V0k0c0l0J0K0Q0I0H0J0O0D0P06
g1_Mp3n1fbIZrVaqEoqFEm7OR5JLaBIE-O0-UiRTvBQS7w	pathagon-rules-v1	7	14	3	68	0M0R080E0B0i0N0L0m0S000Y0j0Z0Q020H0D0c030W09040f0K0T0O0aJF0GE4RtPMDXIzWQ0uLS0UH50XFz5-1V0M0V0RBb0eZ40E8IcG0gUVT50FVN5A0ZVia40jPLQ3WA0dD2
g1_MpGZf4yEUm_56NFuszY-u9AKfBNcllLYEwB457txk3U	pathagon-rules-v1	7	14	3	78	0b0L080c0T0G0R0i0e0C0Q0P0j0U03010M0F050X0I0N0g040S0B0V0l0a00080m0HAJ0ZIw07Dd3j0O0NZ2XEbN4oHiMjCc0SKS0UV70NQG0eJO09bv0mUE0k3_0lTE0U8e0XOnSb09NG0AFO0hDDCR0c4o
g1_MpIjEK070iNBCLq-jGuUn_Yqii6MafG6xJtRTlK1xfI	pathagon-rules-v1	7	14	3	35	030R040J0H0l0Q060g090h0A0E0K0D070G0F080P0I0e0B0d0C0S050Q0aMY0N6M3Q0cXO
g1_MpREqrYriPFNUhl588S81Qu9WtI0th14xcmOCKVcnmw	pathagon-rules-v1	7	14	3	33	060D0i0C0e0Y070G050A0d0S090a0c0f000W0Z0U0P0H0J0g0C0O0W0L0K0R1B0I5y
g1_MpRfQhgvIL4Qy3DFz-iOkj5k6NruWscWz6FocRO5ChA	pathagon-rules-v1	7	14	3	52	050V010R0X0g0e0K0k03000h0c0I0Q0F0E0d0H0G0W0N0a0m040S0O0A0j06W00J25GRPv3PJhHxVXY50TFR02DPZHXd756H110QNU5j
g1_MpTBeOyl_fJ0AJ9QdAeSU1klusTPKQYC5QxaoJm8Mf4	pathagon-rules-v1	7	14	3	39	0M0T0a0F0T080A09030G0H0I0B0H040J0C050O0C0H0N0P0Q0I020U0V0g0W010X1a0b0c0U2o0bXe
g1_MpVjUZb9dSzhtuIJO9jOEXPHS4Vg3EIVQSFDKfj0zY0	pathagon-rules-v1	7	14	3	34	050g0C0a010R0b0h060Z0c0d0D0G0X0U0T0K0V0W070U0S0V0I0Y0i0j0J0c0kPC0bS5
g1_MpgPKv47ttgEHDT-w2bkzxNB3hIRqcuhQ_3PWy9gzvE	pathagon-rules-v1	7	14	3	22	0E0U0S0L0M0N000M03060A0V0W0O0P0Q0B0R0P0X0I0W
g1_Mpi7pm_8WxeW-5qAMhF4pOPZz_qSua4qxxIj4YEQH0g	pathagon-rules-v1	7	14	3	82	02040N0M0J000d0h0S0K0i0T0W0V0j0g0O0c0U0b0V0T0C0c070E0a0Z08060a05ZN0P6wKY0DGW7-1JMY0k2l0dOS0UPZVNZ-aeZB0T0MYRcEXhahbUZzcEZDahbUZzcELh0cRZaf0MZvZAXdbUYRcC0d4X2IYMbR5L
g1_Mpoc_UmNyI5Z8fkjtCT-vrongxVUzJsjMzEmD1foTdc	pathagon-rules-v1	7	14	3	29	0G0X0W0Y0J0T0O080A0U0e000j0k0c0C0m050V0R0E040i0Q0d0l030g0H
g1_MpvWQCvPP9IXvqC-HL568y1Gn1oOmbJs8zCAkt-Ih68	pathagon-rules-v1	7	14	3	87	0X0Y0Q0W0P0R0X0e0l0I0J0P0K0Q0e0d0f0m0k0f0D0e0C0T0X0B0e0Q0605040c050V0O0H0A0O0BN10jUg0d353r2M4e0A0o342M8T0A0o342M020A0r052MbZ3s0402PO1Y3s2N02392M3t0W0B350q8R2N1a350q3r2N0X0B1B
g1_MpwIpQhEIZ5YKPeXG57yNsFZ2wp485hb67YOefqFqFY	pathagon-rules-v1	7	14	3	55	0l0D090P0d0U0A0S050c0h0b0k0X0V010a0R0g0W0B0f0m0T0V040i0G0Y0Z0MUaXzQh0X0Y7iLk0eRm0LNYa20HV8KDGwWX3S07QJ0THgOQ0X
g1_MqDjQHmbvorcO14WeppTftez1w7jr1XoyAJ0adlOOQI	pathagon-rules-v1	7	14	3	44	020C0S010T0N0l060e080U0F0b0K0D0J0f030X0R0m0M0G020V0h0c050a0IMq7Ea-0lBA0WNN0QDl0W0DXiT-A1
g1_MqIHkRbq5VgviMTkm62U4DAAdnXbz5odjUqPm8Xyq1k	pathagon-rules-v1	7	14	3	51	0P0I0Q0c0L0m0C0j0E0X0B0T0J0S030W0I0F0M090k0d0G0K0a0A0H0eaY0A3S0N0b0VS208Jp0O0kcDXcUjac0DHd0T0WYW0r4iAZ
g1_Mqb8LMSR9Q7s-Zs_gRNiHmsywYbRw25dqyOj1YS-lyE	pathagon-rules-v1	7	14	3	33	060D0K0R0D0Q0P0I0J0C0B0J0I0C0J0O0H0P0A050V0W0O0X0Y040R030f0e0l0dbW
g1_MqixD_WjtjviQMtWVwQUkVZwMY55kbY2DYJi2h1x-kA	pathagon-rules-v1	7	14	3	29	0R0J0K0D010g0f0C0h0U020I0P050B0b0Q030I0k0X0l070i040J0m0Y0e
g1_MqqOs7lCKFLPXUSSZeSlT0tWcMjjYgr0bAlm_jJeZ4E	pathagon-rules-v1	7	14	3	28	0j0S090H020G0N0Y0U0G0F0E080F0M0T0a0F0I0J040I0K0R0Q0P000Q
g1_Mr0LSzgmlxXdoxEtOzoKdjjeZyVqPo85I5BtS_UN_vY	pathagon-rules-v1	7	14	3	38	0m0f0Y0K0H0f0O0e0V0d0c0b0k0c0j0W0c0U0X0V0R0Z0a0M0b0i0l0N0e0b0P0d030e0c0L0A0V
g1_Mr45Limen2dSTZoMv4o1bF8wS3y3gzsGJnIwB3gxMi4	pathagon-rules-v1	5	10	3	32	030L0207010400080609050D0E0C0B0A0F0B0A0G0H0I3K03Bg0E2c02133r047h
g1_Mr731Kmj_R-UEaALshn9JguiMevsK4bqXTqwC0JLtMQ	pathagon-rules-v1	7	14	3	196	0A09080H030F090G020I010B040N0O0P0H0O0M0W0F0V0G0U0T0Y0X0Q0J0C1d0I3x0Q4g0535030C045Y0R1Y010K1a0o34032K360q0D1a8S340A2K6x0q061a5O34032K7i0t34032K360q09025V1e3s3803051a3s040G3r0B2K4e04050y2J1a4d390q09027o0A091j3s2N02392M3t1c0G0B2K025N2P023w2N361b4d0s2J361b3s0r09392M3t1c4d392M3t1c085SAq42040C030J0K055a4iGAAH0C0D2K5P34An1e2K3t0B0o342M9E040o342M3t0D0o342MG70K014g2O020-0C4w5SAq42G90B5S0K3xAo4p0C5h
g1_Mr9ImENe6DM5eUHVOB9VEwfqTDU9l3LcPFXYV5k2FSg	pathagon-rules-v1	7	14	3	80	080I0T090K0J0W0P0b0h0X0B020d0F0i0m0V0e0g0a0W060c0U0D04070O7o0Q055Z0P3x0R0f580jOj0V0k0c0G0H03TMKD5hQybY0AWIaiW7ZC0iZb0bbT0G0iT3090N6GDvAyM-XG6aC20HHW1OSJ0P0kG90m
g1_MrGnUzPHzmhkzsO3EN8nwz-zQuYpnmGzCmMfmZmbVH0	pathagon-rules-v1	7	14	3	44	0c0V0O0j0d0V0k0c0W0P0I0H0b0P0c0O0G0N0H0U0i0B0j0I0A090C0A0G0X0H0W0J0Q0I0e0l0D0K0C0RVX0JJG
g1_MrLwGtr1yRQh0gaqP0A8hn2ty6INkHXXvF0rM-DyqnQ	pathagon-rules-v1	7	14	3	47	0D0G0K0L0H0g0a0d0S080I0j0b0M0k040B0f0R010O00050T0X020N0iF2UoBC0C0mZ00QX10P40GNS4ba0mPFPtNv1HFB
g1_MrMaMC9YHknSEYGqiHlrFdu6rE2Z-898s5pYPJ0jncM	pathagon-rules-v1	7	14	3	45	000j0g0N0L0M070Q0P0X0R050Y0V0W0E0U0b060m04020k0F0i010U0O0G0jYq0BH80TDM0H5d0V0E0f4J0l0S0eDa
g1_MrOjrcZJGBgRI3e1SliE6qxRlZ9C1vdxvPeCB9ww9g0	pathagon-rules-v1	7	14	3	81	0h0V0Q030T040F0m0J0A000a0l0Y0R0H0E0e0B0O0f0D0N0Y0U0f0j050S0I0ZENLL8rMxWW01Vr0P0N02IsK44CXRc9b50K0mBA0QSe2m0aaB0dYQ0J0XIf0PTS0B0dQ00IaM0ec6099i0hbE0mRh0MQV0AL1FC28
g1_MrQS2yjl1Ij5Yd9ScP3gZ3CQZzKkxQLTC5fYPNyHOMw	pathagon-rules-v1	7	14	3	196	030e0V0H000A0I0B040O0B0P0W0d0P0c0X0V0Q0J0C0I0J05060D050K0R0J0Y0f01021g010u1Y352M3t0r09341b012N0p341b3s2N0p344f3w040B1d0o2J8T3E1b0C0A5g2K0p063r04033s0r5N2O1a350q3r2N1a350q062J1a54010r1Y352MAS0p1Y353u2N0p1Y353u2N0p6v391b2K0p4c391b2K0p3r380C2M0p3r1c052K0p3r4f1c2K0p053r0k2K4e0q08025N1c8S2O0p341b3s2N0p341b012N0p4c1dKi0Q0A0X0B4e3w6z0P0B0Q2M0C3t0A060r2J1j0b3s0p4c381q2K0p3r9F1c2K0p0B3r042K3t0q0N0A
g1_MrXdwEqNLPUWzc2VJQaqbamTwJT71Vy-0euKWJ7Wp80	pathagon-rules-v1	7	14	3	28	0a0Z0m0h0i090B0g0b0C0K0f060F0M0e0J0T0D0I0a0l0C0j0G0i080k
g1_Mrs5MFJjQ6aNp-yGt2f3NpetQGJY-JOTCwXGQXQiFrE	pathagon-rules-v1	7	14	3	38	040j0W080M0k0e090V0B0G0E0P0g0f0R0S0X030I0L0Q0i0b0H0A0J0d390h0FT7KfabDV7bPr22
g1_MrxLumA36xD-x4JG9YW_gdh8yQRsfo8Q1dlCWNfF2tw	pathagon-rules-v1	7	14	3	79	040T0a0S0M090F0f080L0G0J060N0T0d0c0G0D0Z0M0E070g030Q0h0F0l0j0O0b0kL20aME0M0K0R0e0SG00VS56pC54L07M36h0UXN0aSE0NMu67XU080a361n6w7oAt0A0GG_2aVabpWZ0eQK1y0XN00PKq
g1_Ms7gv13K16KqBhkzaomC7DXQlHMog4TrelNuA5nYNc4	pathagon-rules-v1	7	14	3	37	0Q0h0C020d0J08070e0R050k0P0D0a0i0G0b0U0S060F0c0B0W090Z0T0g0H0O7-0lNW0C0b5g
g1_Ms9RYNGlVNgvUrZkU81GpOiT_29o195Wpz7fe8Hn32o	pathagon-rules-v1	7	14	3	72	0C0b0h0Q0D0m0H040U0a06030l0E0V0g0d0B0M0c070e0P000Z0k0i090R0S0K0j0X4D0T0401JHAC0YOJZG0W3wM1aKCg8HTTb_0853J60jIERY0RNi5y056_Mp0VVn08HcKP0MYw0i0Y1S
g1_MsHvCybA1I48gmmvAuM6uQspGraT_TBk0-Kbe9BupyM	pathagon-rules-v1	7	14	3	105	0J0C0504060C030B040D0K0I0D0A0H020N0I0A0G0Q09010A0P0H0g0O020R0Y08FZ0J1z0M080N2m026w08340M0302100X080Q0M0PGeQ20K2K360q0X1Y3s36040o3r2Q02080o002R6A030o4c2Q02080o042J6A053u0u2J1a356B0r2J1a073sNQ2e081m0MGt4rBq0E0M5i
g1_MsODCAahxKaunNcvFta4f9RJcaCHh5HJOk5DEm4q8Pw	pathagon-rules-v1	7	14	3	24	010m0h0E0F0G080H0F000M020T01030409030N0B05060C05
g1_MscAFFlPUQizxQesYi4qX24YfW3dgHvzsyZ_ZB-59fI	pathagon-rules-v1	7	14	3	54	0Y0f0R0m0h0N0k080O050V0i0W0P000X0O0Q040d0U0W0l0a030e0b0c0j0T0c0b0iKz02We0cEj0V7Y4VbdaD4jJHIZ0oVO2J0d0k5zOn0Z
g1_Mscl-O5nKsLoaBEPmqXrRmlEoPfVU5FQEzHib8jns8o	pathagon-rules-v1	7	14	3	47	0c0Y0a050J0N0b0e010A0Q0h020C040F0g030l0i0m0M0f0T0W0L0O0Z0IRh0X0jTjARTx0HFpCs42YFEf6CbB0EK_G_24
g1_Msm2WydvliG4An-f7W0dmnmsIxD4NfOjgL8NsPj5SDU	pathagon-rules-v1	7	14	3	13	000N0L020g0R07030E060S0C0Z
g1_Msp3Ab-wv2A0mq9vfKx6U34d0nWahVdMrTq7bnJjIYc	pathagon-rules-v1	7	14	3	64	0J0Y0N0j0K070F020H0C0e0T090G0c0i0S0R0D0h0U0a0P0E010d0k090A0M04IC0TZDN4Dj8x0OMI0A0dYt0fTmVg8940ROGU0l0SCDG00FWmXJ0bXi0HPB0g970T1K
g1_Msq84iS-Z8ggg6u9QGF08aNqmrGl3Y7UbzWwquHLDXo	pathagon-rules-v1	7	14	3	45	08090A0B090C0D0T060M0k0F0P0I0W0d0J0K0R0H0G0O0N0K0O0J0H0Q0U0V0c0U5O0V6v081a010q230YM-2p0j0d
g1_MssjG366TJQ3OKjAMcX8sHAK0AGm8V1h6m0L3bjeb80	pathagon-rules-v1	7	14	3	44	0c0i070B050e0l0A0k0X0d0P0S0j0C0W0V04000R090Q0I0g0E0L0h02Xl0J6C0K8CYg3j0B0eB408Zi03LpMMQX
g1_Mt56Yu5aPVHD8A5Eukbj7ND45YLgCTTSerW_earQMko	pathagon-rules-v1	7	14	3	42	040f0a0I0T0N0P060g0h020m090b010j0A0W030i07000J050V0X0O0Q0dPcNUEo8-LDPiCc280P0QY4Ks1B
g1_MtKnuazjCcLS663yJdbY347oVQ_h2eKIsI_bfafr82M	pathagon-rules-v1	7	14	3	66	0C0H030j0F0M0Q0T0N0W0U0D0b0i0Z0P0a0Y0f010k0g0G0K0d0l050V0kZW0jBC0O04DTYmRqOG0m0PJIFQ0EOp7iPhWe0hSo0DA6ExabQO0LQx0N0A0Y5j0kXA0a8hbu00
g1_MtR57U8P8yGGZdmh13bNLxLMVV817Sb8YqKyK5K_1qM	pathagon-rules-v1	7	14	3	78	0K0H060A0L0N0E0F000Q0l050J0O0j020S0b070g0T0c0D0a080Y090IB94s018cNiDrGbSX0KDi1KF7LX9PMHXhBgIn4vKr0dT60U8S0gK5Fc0QGa0BXF0JEjXz0PSVUw0h6J0J0gAFaQ0DOf0fbS0A9tCS
g1_Mt_Ffq-oDIm611x75jT910JZXjBGGqPbhTraf3Rt_-M	pathagon-rules-v1	7	14	3	32	0f0Q0M00020103080A0H090G0F0E070F0N0T0G0U0I0O0H0M0P0W050R0Y0V0B0X
g1_Mt_RLhdauyfvEZW_iwIoEV9cW-E8zvbGo28uYDj4W8I	pathagon-rules-v1	7	14	3	13	000b0Z0J0E0W0S0A070V0L0h0g
g1_Mt_aa5MxpDk5HtaS9mgdUnDgzXXZBhg-zABYae0tzgg	pathagon-rules-v1	7	14	3	61	0f0I0e0N0c0l0g0E0d0k0Y0X0B0H0R0j0e0A020W090d0G0J0A0Q050D0K0C0hb88v0PTta30VBQXgCFYQZ8WHbuaz3x69ZI0B0A0q3w2N5P3A0C030BOO9A0m
g1_Mt_drIevo2ffPNfssLLC5eJUNeFw2z2qEZEwoerqX6E	pathagon-rules-v1	7	14	3	36	05060Q0e000U0J020c0k0m0V0h070l0d0O0X0C0f0V0W040i0g0F0b0j0a0V0P6B4dCiSd3X
g1_Mt_yrqKp8soZaBG6DuG-GNmCSyYhVqrDbPWoIc22bRk	pathagon-rules-v1	7	14	3	37	0Q0P0X0R0Y0Q0W0e0I0X0P0J0K0d0R0f0Q0J0m0Q0f0l030k0B0C0A0H0O0I0H0D0V0c0j040c
g1_MtakBVl6VDYqILv-NrU7hfRrntWyxwqrJUFSilG3WZ8	pathagon-rules-v1	7	14	3	61	0U040J0l0B0R0d0k0Y000S0e0h0g0O090Q0C070j0H0M080A0m0B020D010s7bZWR75JMY8DFz09YYHwUt9i240NJAaU6WSAKn07Xl0aR30bJr0kHR0SGE0R1v
g1_MtzU_bRGVjSGeDLzFULAWks03_muY0S36h5z4cjzjwI	pathagon-rules-v1	7	14	3	196	0V0O0c0H0A09080F0G090N0U0b0M0U0N0T0G0a0I0m0P0B0W0d0Q0J0C0X0J0W0e0f0X0e0YcGRZWu8NbS0l0jbgZ5bWakQm0XcGZ-aiVM0d0lZkae8C0R0XL-UnbyAHR00CLmA3B9FXGd5hLYB9R0Gd5hLYB90JGd67WU8JLfby0CWiBNMC0RRSL-by09WibPMC0RRSL-by0dWiGkMC0RRSL-by00WiW2MC0RRSL-by0KWi1QMC0RRSL-by0DWiGkMC0RRSL-by00WiB2Lf1CQvGdB2Lf5oQvGdB2Lf5NQq0203040A0oAk2M8T050o0A2J361b010t4c39035Z0t0D3wAo0D9z1k3s2N0p341b3s2N0p341b012N1a350q3r2N1a35
g1_Mu3TKbm0hfRR119fSp0om5KXOW2dxDo9_kIGK9RoXeI	pathagon-rules-v1	7	14	3	63	0G0C0N07010T030X0m0O020S09000e0g0Q0k0A0M0P0L0E0l0D050j0Z0W0JPpaxZlXCD5FcBs087-5L2Zaf3D1H02HQQ8Hy8g0fRK9k0cMk0iEs0USq0MWec60O20
g1_Mu5-iOwq6Etp01F9fgD_COQvchjClT_NjcIgIuuGQFg	pathagon-rules-v1	7	14	3	39	0R0M0L00020103080A0H090G0K0D060B0D0Y0X0W0f0F0m0Y0O0X0N0H0G0V0Q0J0d0k0Q0U2x0M3b
g1_Mu8Xh8TGyvwxLAF_1vJuJB25ZfU3Y0zw6JF8UmTKmlM	pathagon-rules-v1	7	14	3	57	0L0D070K0U090h0V050R000M0S0m0d0a0Y0F0A0c0i0301020P0G0J0EXq0kHM0ZFVaW12bX04Sq09CF0aM40OOX0Q3ZKt2kRA0b0kI7MnQV0d0L4L
g1_Mu9AVnZvRFZAWM4RecktJYoG7ZudNjqZ2lpNL5Wf54s	pathagon-rules-v1	7	14	3	68	0l0L0W0J000V0O0Y0B0j0I0k0R080S0b0e0d010M0A0H0h060E070O030Z0F0L0K0iTgPU7URrCsYMSUH66DX2aYMe0g1v5q8v0CBS049r0mVk0jYv0ebG0XWn0l0VG2LoAfPs0h
g1_MuPwkZtEHV1l7tFinwc83hiwu_D586sV0W79_X2Muv8	pathagon-rules-v1	7	14	3	15	0R050m0I060V04070D0Z0K0A0Y0Q0f
g1_MuTjjcbtQr5AfVi23KCtB3oJx53cwSTLK23w2w3pNGE	pathagon-rules-v1	7	14	3	33	0H0P0F0I0Y0C0g0M030m0T0V0k020M0j0O0K0A0N0h0500080l090L0R0D0ZBIE_11
g1_MuUpFdnZKIqkBk2ES4NcqVYeOlldVpH6E1LYRkkgWiE	pathagon-rules-v1	7	14	3	78	060O0H0W0G0c0a0L0X0R090d0U0F0f0Q070S0J0b0k040P000C0M0e0mWv0f0N0iO9H_7u0e6QMgC9Z80SWDaXN7DUU4R3c40fL-0aUp0j89Iv08D-7f0e3o0d05Dd03Vj0RSr0-0GcD084Y0eP400HbW_0m
g1_MubVG0QuaW1Z6ehVCe8Tke3j3XA2YNEarQO2lgMMSCA	pathagon-rules-v1	7	14	3	37	0c0H0Z010S0J03020T0I0Q0b0a060k0i0A0B0j0K0b040C0d0B0J030h0D0E3S0gSO050V00aG
g1_MubwrTBR9xkAixzH_0GTaV6779UN4I1bNYJI0_dcwZc	pathagon-rules-v1	7	14	3	41	040k030H0l0m0A0l0O0B0H0I0C050B0P0Q0J0P0C0I0j0V0W060X050Q0D0e0C0d0c0K3m0b030c3Y0R5y
g1_MukGUoQYTkuGRKLt7fsB4SYq5hHBxeYpsh1KaC17P74	pathagon-rules-v1	7	14	3	19	000T0S0U070j0E0a0Z0D0b0R0N0W0U0P0g060L
g1_MuydwY_syzfRC5XaGvxGOrZXj-C_vDBoiQJ-DOFI7MY	pathagon-rules-v1	7	14	3	43	040B0C05060D050C0J0I0C0K0R0J0Q0P0J0O0A0H0B03020A090G0Y0A030N0M0F08015N0F2K0206091Q0X67
g1_Mv-dCnZtEOyCtA4BukZknVRzr_C5GhuPcvsJfv-0vuk	pathagon-rules-v1	7	14	3	79	0B010R0m0a070Z0H030k0K0V0J0Q0f0G0Y0O0S0C0c040N0g0i0L0I0d0lDB06P8IZ8WEoAKMoVJRq4m5Za10JIRFQYBCUEIY-05Bo0DU5Ha0iWxCEa8DJ6s0EP-ZCa6C73o0HJCEXahTqPBSlblGrY1Et0a9P
g1_MvCXuSybmjYpTO9uAbS6KJ_JsfXfltcTOvvyndw8ETw	pathagon-rules-v1	7	14	3	56	0T0a0M0b0h0U0a0Z0i0a0V0N0U0O0b0c0j0b0V0U0c0W0d0V0k0P0g0S0L000T0X0a0Q0b0e0l0E0F0L0G170HCFbP0KakOaCl0eWY0U0k4K0TcA
g1_MvCnmw_ksCd-DbdWMt_2W3bHZlBpmnOMp9tfEPInmQQ	pathagon-rules-v1	7	14	3	69	0R050j0f0G080X0N010e0D0Z060K0V0B0H0U0c0O0J0Q030g0m0l0P0E0M0Q0Y0L0f7TG0S0290FDcMLOyJJQq5HWTShAkGEG20GD_K_Yk0PM8CY0X7AaQ02YnFF0kEL049a3a861B
g1_MvOCEbaGYXTlVykpvAdqM7JCALO-AewEI0bY_p2aMmA	pathagon-rules-v1	7	14	3	49	0P0I0B0O0I0H0A04030W0V0X0Q0J0C0I050P0Q0B0J040h060a050T0M0F0G0M0N0U09080A023s045N2P023w0r002M4e050o
g1_MvWFa5cFQktBi22CfZA6-7EHXWkbksmorBRm28C8Ql4	pathagon-rules-v1	7	14	3	32	05010e0M0a0Z0k0D0Q0G08060R0C0B0L0h0F0j0V0P0m0c0f040O0g0H09WS4M1r
g1_Mvbh3PRJLvSxUoLuObpO_mcEYu-nVVP5AMnCOwkjsQ0	pathagon-rules-v1	7	14	3	196	0E0m0104030c0B0205030A090C080F0G080H090A0I0J070I000B060D0K0C0D0O0N0P0G0Q0R4A0r2f020N1Y8S2M9E0y0A341bBC010z1Y3s2N0N0p1Y354f2O0V1a013u0r0B1Y2K3t040o342M3t040o342M3t0W0o342M8T0A0o342M020A2K360q0T1Y8S360C0oJ_2J9_5Q0P0p4c1c9DDY0GCM0s2J1a0F4d0s2J361b3s0r2J361b010r1Y352M3t0r1Y352M0W0p1Y35Ed2M0IIz0p34J-1b0N0o0P4cHf5SEd0M2M1a3s0I0d0p1Y4d382M0p0J091Y2K6x0Q0o3r2M7i0e0o342MEb0I1D0A6K0B2KKh9_381b8Y2K3t
g1_MvmalhoUrBgO-wZDwVjek5Ss3rXtwFV3zbsmkK3cCjI	pathagon-rules-v1	7	14	3	75	0K0J0R0g0k090D030M0N0Q0a0i0L070W0b050h0j02040P0X0C0G000m0YDN0S5D2nFiMWQgaG7y0G0BGkJWYiHaFi9u0LSfBPaO0T0aWj0cDTVC0EZp0VKO0X3K0V0dAi0jCT0ePE0fNU02QV0ABI
g1_MvoPjBMjIGDVvWbGnsBh9QFeA_r-Kih3rmd0qjxPjZc	pathagon-rules-v1	7	14	3	40	0B0K0a0C0A040D020l090Z0M080Q09030S0F0U0P0I0H0T0A0G070W0H0N060i0G0V0C09050J010P8Z
g1_MvprtjmSpMPExPaiDu-x4Vx8eBQsH5X59Ant68jhGKs	pathagon-rules-v1	7	14	3	40	060C0H050A0D0B0I0J040I030K020D090C0G01080F000G080107080E090N5i0M1e017H080P0F5n06
g1_MvxMe0dgJjQ5ExT3CXrFfqn3n_IwncPCxbn1tu4OQ0w	pathagon-rules-v1	7	14	3	56	0j0T0f0g0G0Q0M0E0l0F0I0i0R0H0M0K0N0P000B0X090W0h08060J0V0e0k010a03NO07YF735SFW0bHw0SVxMLFaSe0h7c1w0a1F0T6dCF0L5L
g1_Mw1pISBSgJgNENIFH5zF0oJLDmD6q90xjNmq-kJr0js	pathagon-rules-v1	7	14	3	55	0W0X0V0d0k0c0j0d0P0c0Y0O0X0V0N0e0l0O0e0Q0f0P0J0W0Q0U0I0H0G0b0H0i0m0R0K0QGW0KEm0IQv0K0Y0JBP0DZu0jYO0hXeBOYg0ibr
g1_Mw3hTQMjky6f_IvSrlgt0kcE9Z-cgrj9ehLmT9mRy9o	pathagon-rules-v1	7	14	3	53	0K0Y0h0D0T0a0E0O0L0R0I0P0H050G040g0Q0X090f000b0M0k0d0i0c0T0C0J0l08JkD2M4XFKPWjB7Y64L0gJy0OVfKr0ma0VC0S2g8Y
g1_MwLNKTj8Gr3tY_lDoI22YeJOnz1aYRkLXkP2GxchOII	pathagon-rules-v1	7	14	3	43	0L0h0S0J0R0D0a0P0U0B0F0Q0c0K0I0G0M060i0Y0b030V070E0A0C0d0R3CTyXjSL03Z8FTMs02YO8kA45_4z
g1_MwMkeE8HW7OcFY_NGmZxvWv1OFUpJJN6-NAQ1nI13O0	pathagon-rules-v1	7	14	3	61	030i0j0k0I0l0A0a0P0g0j0M0d0b0h0B0e0H0i0T000W0c0S0d0R0V0O0Q0N0E0UZtSr0XT70bXT0VIh0N0I0X0U11090L0jCF26Xs9aHF0W0dZl0VR20O0Y0H
g1_MwMuEq7g242P118kVJ9rU8VyNZEDRRFcrT3iMC7uJBY	pathagon-rules-v1	7	14	3	40	08090G0F0A0H090G0I0B030204090B0105080C0J000I06070E0D070K0R0Q0P0O0I0Q0N0P0M0L1D00
g1_MwU9fQUWiI4PBZJm4qxn-partrCMi0XAZJxf6rngwPc	pathagon-rules-v1	7	14	3	66	0j060H020K080T0c000P010C0D0B09040L0F0d0M0i0W050Z0X0a0Y0G0RC-092n0EHkZWaa2HO2BX4D1O7Z8NJJHETnap040MDcYy0lEj0cAp0WRD0k0P6uLI0I56YO0864
g1_MwpY1nFHDcAF_wj9VcyetMNykySnE6ID1b4leJDR2N4	pathagon-rules-v1	7	14	3	67	0K0h060A0j010T050H0G070W0P0a0O0S0Q0B0D040e0m030d0M020I0Z0R0CZEDhKvcGDyACFHX3BY2aHtVI1T9ZKS47Z2S50PEi0eEV0m5F6Y02NX0d0X8M650eSJ05TkZI06
g1_MwvkFqr6jA3uBj5aZByVzmA2qGbasvtZA3AJswU7zqY	pathagon-rules-v1	7	14	3	71	0j0b0e0V0R0Q0k000F030U010J060H0G0M0f0D0S040L0T0X0P0h0E0OE60YK4Wa4CD6NAMK0lQxAaOzLk6P091LZk3TVP5dF2Na0fTb0B7503Xk0iAB04P80bQHWI0Y9RSS3D0A0y0gAu
g1_Mx1cnX8FJEVuhZ_8Xp8SPzZXK8Dvxy3s_iPPXnwljGQ	pathagon-rules-v1	7	14	3	39	000701080209030A0E0F0G07090F0H040A0B050I040C0N0J0i0M0O0P1600Bx0EHC0L3e03Mg0QZ8
g1_Mx5JRLhhsA0YznKjudy0RCKm_SF4HnyITor6q8yb1IM	pathagon-rules-v1	7	14	3	196	0j0U0N0O0V0c0b0V0U0i0T0a0M0b0h0d0i0W0b0a0P0b0O0k0I0H0G0O0H0F0A0B090804033t0B7h09040A0B0H030G1Y6w2O7i3x1c09030o0A5N2P0G020s5N0H2K4e0s7m1Y2K3603095O0A020H090G1e4d2O0A5R1a01091a0o34032K360q081aa034032K360q0C02A34c6-1f5O0v0B680F2K4e0s7m3r2N09020G030s5N0H2K020t0805Xi0F2K5P0t4c052K020u5N08013A093w0r030B041Y5O0A4e0s1e013w1c5N9D2P3t4g1d5O0B0p4c1dZF2P0p4c1d5O0C0p4c1dYU2P0p341b3s2N0p341b014g0s5N0J2K
g1_Mx5TsyUSx87zud5Dh9o5IOYgn2tA0cQBk4I8TKHOJxk	pathagon-rules-v1	7	14	3	90	000j0D040g0T0H01060V0P0f0A07090B0N0X0R0G0m0M0S0Z050Y0b0lKF038IOq0JauWz0c1T4Fby0EB0ZkIa0gMhBiEY3L8pWf0kRy0f0Kbw0mTeGq0jBLYq0U0eQUWj0O2g0MK30FS90GJ4Nd03H_TT0aHUJg0LENFo0e8FbD0AULL_0M
g1_MxTIINOAiWA75i94roWz3bawrAUiIu_IzVbfSeHRZyA	pathagon-rules-v1	7	14	3	53	0b05040F0g0l030S0i0Z0O0Q0e080W0B0G0J0Y0X0m0T0P0N0D0A0K0e0R0EYyVQJd0H00MKPhRw3o0jLq4o470fRR0l09230J797m9q1T
g1_MxXjh49O0b7SwwL0CYI3F000DUCi-hLbiwQ_D6GHaZE	pathagon-rules-v1	7	14	3	100	000K0F0f080l0b050A0c0h0Q0H030C060Y0D0G0L0m0N0T0e0X0P0E0VQO02De0ZDz5pNM0J0NMhCjGn0KKV9I0B1LbHGM3K01L209TY0IOv0QO10VQi0HDP0WMT0X4l0hFR0KYu0jF90fIo0U800N9C0H2T0X6q0HV-0J0208UH0I04bw0lId0mWD01Nq0k04IKQ-1L
g1_MxfdTd9bPNwCfcTv3cOeklCu-_aCHpOIoUOnJcn0eBk	pathagon-rules-v1	7	14	3	36	0h0g0i0a0b0Z0c0j0U0V0k0T0j0U0c0d0W0S0d0X0e0N0W0l0Y0e0X0O0P0Q0M0X0P0W0LXM
g1_MxkXsl0HzTekM5zUWftWbzVkPEIa7na9Fw6yOhc47E4	pathagon-rules-v1	7	14	3	18	0E0008010l0F0O06090203040W0G0e030L05
g1_Mxnpv8tgIluiTrflB50rM2gRlLucWdGhLIjhbLweamc	pathagon-rules-v1	7	14	3	97	0W0b0D000O0i0G0J0M0A060P080m09030R0I0h0T0K0f0B0U020g0l0k0e0S073P6tN38DOM0UXZ0EHW0WMlI4XAAtR40SKH01Vo0UJ50XFyNp0VQ9F35d0OLk0XGQKBEoVx2b0P1iKBEcaTaoET9sJi2tTiDcOT4J1C6APFMZQU8yPv35c104LV4CMHOB0Q25
g1_Mxverptj9Wm2HxaNpDZmE9Yx0fxSbj6_s_pNdw66AR4	pathagon-rules-v1	7	14	3	47	0a020X0F0I030V0j0J0L000l0b0S09040Z0T070m0c0U0B060Q0k050G0A4G6l2a0eZFVxaLQRHY0DbgG13k04NU0OCb1G
g1_MxxfK4rOMXwOl6PN84t5jJyVo7fsmT5xqzd7LikgNfI	pathagon-rules-v1	7	14	3	73	0L0e0Q0P0S0d01080a0O030b0I0B0J0T0X000c0E0R070m0b0Y0G0W0f0g0j02WUHL9o0k0i1hNX0M6dcAVmIFDUaAZRKt7JMV0k8QInPj0LWe0WQnPk0ZaTbH0WXL1QA1P708Tk4a0Vc9VD2N
g1_My6wE8wdnuj6np0Sry10rzYRavaTimhoN-6ScFA-Zcs	pathagon-rules-v1	7	14	3	21	0K010002070E0L0S0E0T0Z0U0S0g0j0a0i0V0b0W0a
g1_MyJx0cn9Q10i8nN6ejooXMOZSakxKjey5j_ZgaVwpCM	pathagon-rules-v1	7	14	3	41	0M0T0F0S0a0Z0g0L0E0N0G070h0E0M0T0U0V0N0U0b0c0U0O050H0I0P0H0W0d080c09U20A0c0H9D004k
g1_MyN8amxVuuk1OEYknfn7yBu6FzqFm0kHsoQJFKQiU4A	pathagon-rules-v1	7	14	3	196	0B040A030H0I020B090G010H080A0F0C050J0T0M0N0O0G0N0P0Q0U0P0N0V0W0X0V00070t003w040E0q5N0L07Gy0M050-5N6E1fAl160N6M5NGz1tBx0_68GzMEBb0-6S0R5a4iGA3rAo5U4i0s00385Q4i0s00385Q4i2O02385Q4i2O0D385Q4e0K3u0r2O023AAk4g1d5Q2P3t4d380q051a3s340D2K4e0q041a3s34035O3A2OAo0D5S0t3u1c025S2P3t354c032K360q041a5O34032K360q051a3s34032K360q001c4i390q3t5R4d342M3t040o3r2P391c035S0t3t38005S2P3u0r025S3A3u2J4d5P040o3r2N39
g1_MyO6ZwLGdxWxBgt0MHjjvdXfBJNj-FidO8DbNnCNlM4	pathagon-rules-v1	7	14	3	59	0m0P0f0E0d080c0g0J0W0C0Y0X0Q0R0L0e0Y0V010G0X0H0F0O0I0N0K000U0J0l0MXQ0eQV0X0M05GVJa06W35v0O0XV7QtXTas0I3w0r5Q064eUB39AA
g1_MyOSjvXqyaOK7dbXYd2CunILxPAy-PJYJQ_vBbx4aeg	pathagon-rules-v1	7	14	3	61	0C0M0K0P0k0Y020G0L0g0H0504010V0O0h0b0R0e0Z0F030i0W0J0j0d0mYt000h0lQvS40XZOKN4N0D3mTdPSLO01Nb1yCNP9XD0C0WK-Ui0bJK09VoTN0U13
g1_MyZ8c7c0IlAv_JtJq3qPV6Izlip3Yb-frllACcxvCto	pathagon-rules-v1	7	14	3	107	0d0h0X0N0B0g040P0j050H0l0F0Z0W020c0m0G0O0D0U0T000i0I0J0aPO0E0SSD9K4jZeO3756r0eKP0LJaKrbcU-BWVaSjBQG80dZIQ8Ib9W0YAAbT0IJtVKPG8_WlCk0ZH-c60cac0aSCDd0kSjM10aXU0cRI0a2yI-0gSq0b0aU_0c0P0FS9O-0OU70bMp02ShWK0YXzE-XaDn0lCv
g1_Myd0kEcQZfn1QIVM1-ay_B3Eztoz1zj5rTD68ChNjPI	pathagon-rules-v1	7	14	3	196	020j09010G080F0N0M0H0A0O030I0P0B04050C0J0B0C0I0Q0H0P060D050K0R0Y0X0R5N062K020v0W0V0X1Y2K360O0o5N2MZG060o5N2P4e050o5N2P02052K360q0U025N1e4d2O0N380q4e053u4g5S06385Q061a5O34032K360q0T1a4d34032K360q001a3s380q051a4d34032K360q001a3s380q061a5S3A3u2N025S2P3t354f5R2O023AAo4f2O5P1e353r2M4e0D01Ap5R0C0q4i3w040C5S1e42040C5S063s5N4i04GA0C5R0t4pA2415RAq4c1d015R0t4p1d495RAq4p050C388U2K7i5N3A4f050p5N1e013w
g1_MygWOyEc6FkZ854G6lnq82rXF_TUhaacztEua2mTcqM	pathagon-rules-v1	7	14	3	41	0Y0m0B0T0E02090H030Q0h0l0R0G060i0k0D0C0e0S0J0a0K0g0f0I070P0dBsbhYDDt040U0QD9MC0j3j
g1_Myl9dmgP3Vvq_mkSU1m6lsK0xIzgEAhJyVk4dP1ywow	pathagon-rules-v1	7	14	3	36	0h0f0k0Q0J0i0H0N0A090g0O000m0G0V0l0B0I0U0W0P08030A0I090E0L0F0dOxbF0M1E0O
g1_Mz0syHY-9O7eVYqHSu18Ur_g7AJJ_morp9z72QVpHZ8	pathagon-rules-v1	7	14	3	22	0d0k0R0607000a0h0J0503040Y0A0N0901020P010m03
g1_MzOuOe68FJd7USIp44K_ZQUhgtIGh13W3I2s62njzM0	pathagon-rules-v1	7	14	3	59	0V0T000g0G030Z0X0Q0N0Y010I0l0D0O0C0S060P0j0e0F0a0b020704054bA_0kCsN90W0EOo0AEJXd0V1nTpBi08b90O0b6t010P0Caubo0lCcKD0g0z
g1_MzPC_gQ57oOQviOlp1SuRMkb_LbQ5nM5bUMkoShBLgo	pathagon-rules-v1	7	14	3	78	08060k0M0i040B0Z0D0L0Y0F000K0W090f0m0C0D0a020O0j0Q0H030b0E2g0S010c4VaK7wA1I_0A089E0X3LHiP_0I0PBDYz0c4004JR0U1O570e0lC0Xe03UbHW05UnCsVy7G34GJMSDNKN038nTM0K3J
g1_MzR0Jkhx4GAL5V9NVVTkzpS187C-anoHkq6I_IzYwHk	pathagon-rules-v1	7	14	3	84	0I0d0e0c0X0W0Q0Y0P0X0J0R0V0U0f0V0O0H0K0O0N0G0O0N0b0m0l0f0k0e0jbk0mLY0RAp0K5R0i4f0A0Bbt0H0N0O0U3X0m4J0a0NJ-0PEaE70TWP2B0Mc3Q1Fq0hKt0d0X0WQ2JnRK0Y0Obx0XXn1Q0e0J5MGc0Y0Q0X
g1_MzRGV0YBKems7xkroPWd9PWrqIV66i9huoOGXPjnt2E	pathagon-rules-v1	7	14	3	33	0R0e0h0a0i0l0A0O0m0H0Z0X0N050C0Q08010Y0J0f0g030K0P0j0k0M0Q0O0I0CRl
g1_Mzc661yZTCyzz0BxH_uqnwaL5s1TAHTWvzAoHTvB3bo	pathagon-rules-v1	7	14	3	196	0P0I0W0B0A040H0O0V030O0C050J0Q0X0K0Q0D060R050Q0Y0c0d0e0f0X0d020e090G0N0H0G0A333pBS0DcG0dal0ebU0lcEbWak0dZy0ebTcGalWuZt0dc367WG0fGIbr67060f5aLYGWR70Y5a3xGoaJ0k0DcG0dal0ebU0lc80m0ecAalbUZzWtcDag0kZwaiYQ0bZAbSakW70UZAbS0h0bYO62Zu0jZ8ZwXe0aah4iZyBRZC67ahZy0jcGZ-aiZB0icGZ-ai0ebUcGZ-0fak0kcE0ebUWsZz0jalZybT0lcDalZybTZCcDal8RbUZzcE0eahbUZz0jZDadbP0Ac9ZRWGGA7k0K5SAq3u0r0D5S3A3uAo0D5S3A3u8V0A053L3u
g1_Mzfp9Rxrcjlv-34TedDlmrKgaYPDHcjXzXr-aqHp1E8	pathagon-rules-v1	7	14	3	35	050L070D0C0E0F0A0S0B06030T0c0W010C080V0M0402090Z0k0F080J0d0j0PH60Q090J
g1_MzkIuL4UFdfV57LWuR8fImspQh4zWrqD4TrtsNi2aQw	pathagon-rules-v1	7	14	3	54	0h0i0U0P06030I0f0H0k0R0K0E0S0V0C0e0d0j0e0L0M0X0Y000R0i0508020aQtQVK4ZPaVPGMx9nHwSk2g1IWkT8I-608RNEFL0bUgYJ06
g1_MzmcdhISh8JADUBkIk2R0SJvapIwPQNLqiDS49gBsbw	pathagon-rules-v1	7	14	3	196	0J0C0B0I0P0Q0I0J0A0H0O0I0H090G0N0X0G0W0H0V0U0e0d0c0b0d0a0T0M0U0T0F08030F02TA0bA20B0C2K3r364f0I0r2O361b0A042K346x3u1c0B2K0p3r4f1c2K0p083u1c2O02382M4e053s032J361b4d0r2J361b3s0r2J361b9D0s0B3A2N4e1b5S3x2N364f5S3x2N364c5O3u2N0p1Y353u2N0p1Y7h3w2P0p344f1c2K0p053r09040A037l2K8T0w4c0H0A0I0H5S0t422N0B05363u7k0A2M5P3s04343t1b4d0r2J361b3s0r2J361b8S0s0A3A2M4e1Y5O3A2M0p1Y5O3A2M0r1a5O34032K360q09023x2O9_
g1_MzoXMujlH549nJjmOvhPO2iteOfZ0fHXJGnmxjOkc7I	pathagon-rules-v1	7	14	3	59	0X030m0E0V0L0Q0b0T0R070S0O0602090U0k0d0D0J0K0H0f0P0j0h04LE5VJJWaQP7y05TM0caf0M3S0FBYIuG590LbPT3_T70YAXX90N8g0iMUNt0R2Y
g1_MzrKIjurNmcX7KdvjHwNLmza-URGAagnsR_mHf-8DXQ	pathagon-rules-v1	7	14	3	107	0J0j0B0K090Z0c0A060M0d0S010e0R0U0i0N0G030P0I0Y0W0Q0H080F0k0m073e0GMc6TFG9a0XLAbw0JQFOYZtY-9BU3CKDW0Q0WB00cGcUK0SLh0U0OQT0Gc70A0d0bLB0TRw0Z0ED80SaS0a0h0MJe0H5l0U06050T0a5s0bHZ0k8n0c7E0gJu0XOePj0V0Z8GKO0NWg0AV7b80m2o
g1_Mzrovx3TIeRCksNHBUJsVxwkPCwLLL8u6k46K-lZgMY	pathagon-rules-v1	7	14	3	51	0T0D0f0U0G0S0l0k0F0g0c0N0a030A0O0X0b0Y0Q0C0m040J0T0j0M080ec4003Z010I0HInABXYCaKU3x08DnJl2CFPDrRyXMO80-
g1_MztZ1AmWMI6tV8ND8Car-Kpg9h8IuStJ7sr71_syRbU	pathagon-rules-v1	7	14	3	51	0D0G0B0Y0U0l030b0S050M01090g0R0c0a0f0k0L070K020A0h0X0Z0W0F8dI6R9CfGYa7aw0RHc6NTU0bAaOU1tTN0eaq0GK80J3P
g1_MztcFTbDB3-tQ0LYdF9-Hk7W-5yGqO4HpPaAikPCWxw	pathagon-rules-v1	7	14	3	35	0e0f0X0Y0W0d0P0e0k0Q0l0d0X0R0e0m0K0J0I0D0c0K0d0J0V0O0H0P0O0C0j0B0A0I03
g1_Mzv3uTv9GWPpiz2-G4LGq9tIwM6wsxswTJmnTrMdALs	pathagon-rules-v1	7	14	3	46	070P0F0E0H0T0b0l0e0M0S0O0L080R0A000E0h0B0U0N0G0H0F0X0I0N0a0H0T090M0G0Q0F0Z0VL-bB0W0gQq0P0V0Q
g1_MzyINOLc3XAcPu87G8wM-7erbFSuWJJEDXgHpnzF8Ew	pathagon-rules-v1	7	14	3	59	0704000G0h0m0C010g0P0M0a0i0D030W0I0R0k0f0J0X0j060Q0N0S0A0yM2YF8iFB0R0lDGbELbZjKF08bv0G0K6A05Yh00Vk09FU0bACU07b0QD90c2S
