# g1-key	rules	size	reserve	repetition	plies	2-char-actions
g1_o-2oAAV45V9A5axAe45CEwTWuTV8YON1n-PhH3Kd6mk	pathagon-rules-v1	7	14	3	56	0S0k0M0L0e0J0604090X0h0l0Y0G0W020d0A03070b0O0N0E0m0Q080i0j0C050IZi0V7QaGY92iQD8_PtbQIOFXRU0j0YXI0cOsUt08bY0MY00R
g1_o-4ogRO3pvx3y8xOdtvdOmpiB8J80u9TxDF7Q_NDvbE	pathagon-rules-v1	7	14	3	21	000Y0S06070e0Z0N0L08090T0U050G0M0N0d0g0i0E
g1_o-LEhP8XdS2MIxiBDBXscf2NtgL5feAoL17rBjml8_w	pathagon-rules-v1	7	14	3	79	0B000M0V0R0Z0i0D0Y0b060U0T0L0h0S0P0N0O0m0X0Q0j0A080d0g0E01OJ0FC8CJJ7XnOqJGGw4yApMAMb0eS31lUt6k8v5o0SQLTj0b0z0TL2XZ007CCt0Ebs0e06BP0mC3OY0WNmN1H00VAa0H0ePR0FFi
g1_o-N_eQCH64J3StGl5jwUeuL1bMFTxEvF4l6uHDKwTIE	pathagon-rules-v1	7	14	3	29	0d0N0E0L0S0M0L000k0105020B0I0P0W040I0C0J080F0P030W0I0Q0A0J
g1_o-lj8fOHW8QoORU31v3DzSKwINg6o2KROf3MkHobQ7Y	pathagon-rules-v1	7	14	3	108	0Z0W0a0Y0I0i0V0l01060B040c0T0d0K0C0j0U020M0P0A080J0Q0G0HOz0NFH5N05Z20X0gFo030I0hDE7fU7XzOE0LH_Gh9i06083i0fRQSG0hF10Na0bL0P1K0l0UYp0eKd0k0cW50lNl05aE0IHa0jXE0RRu0IaO0ZGp0lTH0KD_0Ya2JLZB0HCH7J0EUcaILk0eRJ0JGF0jNi0B0b5Z
g1_o-lqKB7a76y7KK7wfcDxD88Eb-Q1c6YZzBfyzTmqgog	pathagon-rules-v1	7	14	3	63	070P080E0I0f040h0W0Q0A0J000P0O0a0H0i020Z09050G0C0T0m0F0L6a0gNB57EeWUCY0c2uAb8H02Tqbg74C50jYEJN0lPi0d1H0UDQ0dPm0MM22p01XQaN0f21
g1_o-pleoXZZV33vKQPBIX0tmEh4uFgNuu7eUeq8caOJxk	pathagon-rules-v1	7	14	3	34	040N0B0C0I050J0k0A0H030G090O0P0Q020J0P0I01080F0M0800070E060F05070D0K
g1_o0-5PC6YTvVXXJOJI_hAp3ZxwPaVraIY9TaPBlW9BqI	pathagon-rules-v1	7	14	3	34	030f0P0d020g0a0i0c0S050h0A0X0E0W0l0L0Q080U0M070I0K0O0j0P0bZDT6YKO27G
g1_o04oyG_sH8QDVafkrVxbpY4m2IGP1Hgmu8SaYcbJW48	pathagon-rules-v1	7	14	3	62	0d0B0g0h040J0A030e0Z0G0K0H00020k010I03090S0c0W0A080a0F0Z0L0V3w041eXj4pEn5U0IX9SF6c0MC1HiAq42REGS0CXp0G04Lm095a08NrUIBG0D0m6K
g1_o07gFUFTZ7yYJFvG534nD5Obx5lHGej_1INxkh-7sKU	pathagon-rules-v1	7	14	3	92	0c0S0I050E0H0Z0W060k0K0P0D0R0F0A0f0N010X0O070Q0e0B0L0V0P0E020UPd0G0dGE03Ex0iDi3EUBal240TWQ6CNxV-S40cGo038G0iXz3R0gNM03TF0a8j0b2n01KV0Q4R028PPk0h5s06XX0MR40YCe0k0PIKAdVBUD0fArRH0WWl0Y53
g1_o0Tk3LCxBj-CxNC4hQNeDX46wAJ2V8u7-xfwH6LzIBM	pathagon-rules-v1	7	14	3	50	0i0h0a0b0c0T0j0k0l0a0k0b0d0e0U0V0b0U0W0X0g0W0h0Z0S0m0Z0f0a0Y0L0M0N0OHC0UMY0TS00ZH40L0P0SKI0WBu0VJZ0W
g1_o0gcJ1O6oI66g5hHQ77wcRn7vAiCO1XAUuvCV5W3j_U	pathagon-rules-v1	7	14	3	47	030L0e0f0O0H0A0V0c0H0G0F0I0j0G0E0i0h0k0l0i0V0g0H0k0W0G0U0m0d0Y0N0f0Q0R0J0K0j0J0C0P0J0Q0X0D0Q3A
g1_o10gZySn16rN4BcrmEgzYuWSgGgo8ZiSYsiXbTVMPGg	pathagon-rules-v1	7	14	3	49	0b0C0f0P030N020S0D0a0A0H0X010d06070Q0g0T0O0F050m0I0V0U0e0G0l2k0N0W090Y0ZO20OQp63Wh0YAvbZTKIsG2Nk1A
g1_o1BHNMUVEcv1_vi-RLla_pXNwpkjib5cAXeP67cBlpo	pathagon-rules-v1	7	14	3	128	0R0V0g0E0i0h0G0W04020I0f0e010S0Q0O0N0F0Z050B0j0H0Y0C080D00A0F4BCRB1lXG2w0aD-Za0j0I0m12O6CabiEi3i0iAY0U00Jp0mOI0F6y0NGT0PLpBy0hKGYx0lHJc50b0c5II40MVz0ACb4Q0UIy0N05Zh8n04Si0E5M020131TZTv030xc70eDw3sTtArNF0X7MVT08Ut033_X30J3kPW03040803JJa_0ja7MP0dZ1UpAjCSSt0D
g1_o1WSBPZmqJUYnvAgvZ0KlDUoG__I3Dq7ros15pD2hhc	pathagon-rules-v1	7	14	3	175	0F08090i0G0N0M0O0H0A0h0H090P0I0B0H0I0j0c0a0T0V0U0O0W0N0V0c0b0V0i0d0k0C0j0d0J0Q0XX_0PA20IFO0J0CYt5EZz0jalZybTVNcDalZybTZCcDalZybT3rcG0dZy0jbWZzaiZBcDbRZu0dZ80iXe0a0i1E0bSp0aJ2Y30h0O0U0H0NTgYHZ8Xd0eaiYQ0h0dYGagZ7VKZyYPXgZDahZy0dcGZAahUbbRZzZAahYQ0cZ-0dakZBcE0ibU0hZzZAahYQbRZzZAahYQbRZz7gaiZBbSYRZvaiZBbSYRZvai0o0dXiao1b8S0r2J361b3s0r2O361b0A4g2O09ZK3t
g1_o1_dWoEwTE35AVkSG6fNRxuAOoAssLB_kBHfRxVjsWs	pathagon-rules-v1	7	14	3	80	0S060K0l0Z0A040U0b0h0e050L0f0O0J0E0P0M01030j0R0Q0V0C0T0DMn07Hv0H3cWABd2GGv6A4X1I0EZsYaYSSH95Sr0GQz0i0h040UYsPK630jaA0HAh0hB50I4DTc0X3T0jGf5B05Dd0DVu0QYc0WJ40M2-
g1_o1bL5IpvqpfR8iLQdHMqeCbYuudwVzXvIBpie8J-Yus	pathagon-rules-v1	7	14	3	91	0L0X0P090D0C0S0U010O0E0T0g0c0H0Z0M0J0f0Y0b0i070d0b0h020403N32108Tk5M01O3HZ0f0W74PN4A0QYTZkGN3CY0Pj0jP30L5o0T2t020VQ3Og0VAnA10Dbg0l9W0kUo7K0map0OE62p0GRA02P10YFg0T89Lh0UR9OHa73-Au0C2S
g1_o1gUqBQmvJA9eo1fX70kHJ3h478D0CcFeUBooQPFZjM	pathagon-rules-v1	7	14	3	25	000l070X0W0m0e0f0d0Y0k0Q0P0R0J0I0K0D0C0K0B0J0I0104
g1_o1xoma4ooQqrfWC3ecxNohlTDU7e5_BtmO60HE_-qDQ	pathagon-rules-v1	7	14	3	29	0R0Y0X0Q0e0f0K0J0D0C06050m0l0W0d0P0e0Q0I0B040C0I0J0B0k0V0d
g1_o2-hGUODCpnhElDkjmR-B6eSQ8nHq03vXyiD7Q4cE7s	pathagon-rules-v1	7	14	3	17	0C0L0E070J0Q0X0M0Q05060e0D0N0l0O0e
g1_o27A-xUWdWROhUHqcMp0UbPhJvxe-0UvH3wyNLKtiU0	pathagon-rules-v1	7	14	3	15	0V06080401050F000h070M0E0a0L0T
g1_o27hKD3VpyFwJkELP_nFByUygopHqTa9LvyALfwucXk	pathagon-rules-v1	7	14	3	77	0N0O0P060G0O0H0I0V0U0O0W0d0P0V0c0X0Q0W0J0e0b030A0j0B0c090k0C02042S0205034d05Ue2w025t0c0V0d4k058X0A3w0r0903Nv2Y02260UEN0H0U2m0O0U4K0M360W095s084-0i960N0AUL
g1_o2GJ8jQWFo5iPEdOZxFG0_X8uDNsXc1xHK-4KcrU1P0	pathagon-rules-v1	7	14	3	84	0d0g0Y0j090e0K0N0P0O0X0H0A0k0M0S030D0i070l0m0U0T040e0F0W0c0R0LZz0CXQ0Qa0YmDz00AsRQ06LK0j0earUvMQWvOw0b750P5K0ZLQKaaREM0hHJb_05bD0m6Pc50mTZAI0JE8SX0QCfZkXQ0I8i0jNi0O0b0P
g1_o2Ncu_Ccm-sl5Jc8igdFNICFHUb33fllVsxcjwvhmbw	pathagon-rules-v1	7	14	3	47	0h0M0H0Q0J0C0I0P0W0J0S0L0e0D0Z0X0K0P0b020V0J010R0l060O04030B090I0A0N0E0K91Li00GK7l0kPOG40aDVTR
g1_o2QAVrzjEH7ECMGOle4SGJCfuDs5abFG2kxuNJSBYhk	pathagon-rules-v1	7	14	3	50	0R0X0f0I0S040V0A0Z0Y0W0i0g0k0L0m0d0B0D0P0Q060O0H030P0a0j0c0FBN0eH2bc3N5ySt0hWvYq0DKg06Ii0XaFMy0J0PXw
g1_o2RJ1hhsfhUdc27318RaTuyveQqk1B2RoLVv6WV1ja4	pathagon-rules-v1	7	14	3	27	0m0B040C0I030B0A050B0J020C0D060C0K0Q0R0D0J0P0C0Y0f0X0Y
g1_o2RQg3a3rYGiamXYg6uxMUGasYUD7joI397bwmK15sw	pathagon-rules-v1	7	14	3	49	0X0h0k0T040W0V0U0W0d0c0j0e0l0i0b0a0d0k0b0M0d0m0T0c0j0a0d0i0b0g0T0c0j0P0d0b0h0N0O0i0UIy0NVg0IHo0OE4
g1_o2b6B9DVV9VQhg-FyKE9mNMZjoLWvd5ChqziCpzKvn8	pathagon-rules-v1	7	14	3	196	0b0U0N0G0U09080F0M0T0F0a0A0H090O0G0V0c0U0I0P0H0B0W0I0d0Q0J0C0I0J0P0X0O0WUM0c0e0bVU046_084f055P3s34032K020r081e0B3w385Q0e040d3s0B36081b6z2P9_0C035Y2J4e357j0s093x384f081a3s34032K360q001a6w380q081d0C385Q4e053u4g2O02382J4f6x3s04360q1d3x2N364f5S3x2N364f5N3s04360q1Y3s08360q1c052M4e3s0436031Y352M3t0r1d3A033w385Q084g2O3A033w385Q004g0o366y081a3s34032K360q001a6w380q051a3s34032K360q001a4d380q051a3s34
g1_o2eWoPs1UwODEw7a6bfv-jYLicek0ZyHoNdOcbqaDsA	pathagon-rules-v1	7	14	3	73	080X0R0A0K0N0j0J090c0F0V0i0a06070H0f0Q0L0U030B0D0A0Z0Y0l8p0ENlbW8OSk0lc5Le0M0sI5CtB6ETH09i0TanNK7M0X0m0R0DBx0QIh0T6m0F0aROUH580fbu0WA5Vt0RFnal0g2B
g1_o2h7lDVoXO5PR7f5Ij6JxPalzZwT5fGdUMK3Eqx0f2I	pathagon-rules-v1	7	14	3	75	0c0K090O0b030J060L0l0W0708010g0C0N0G040d020D0f0i0e0S0j0ZZ-0B7F0FFc0X0jAMITQ24S2350GZ0B140Eam9HO9X30UEw0TPs0B54S30eYxIx0hHQ0N87O40iY20F0CVlFT0WK2bY0l2R
g1_o2jBElszlYwOmIX8kefU-tUzVlh4Wsn-PE7dq8hyW9Q	pathagon-rules-v1	7	14	3	74	0g070m0P0Q0D03040506010002040R0509080I0A0B090H0O0A0Y0F0K0k080E0C0J0G2201Cs1QBV0ZEw470P010E049T0B071q0AWR2h020HD4Bk4y0G4316006C01DK050I2NFM1rE2010XFM
g1_o2nmsZ5ikSbHLiGPxQGps-sa_ROQ-PjqrBViHg1e7BY	pathagon-rules-v1	7	14	3	39	0M0c0j020D0k0V0b0c0R060Z0f01000d0X0H0Q0A0a0F0m0K0T0B0c0O040eSe0hBGVK09aZ418V0s
g1_o2prhCM9p-SY8dFwCJ5JWGofy-SyGGIRQe7Pteb4-Vc	pathagon-rules-v1	7	14	3	196	0R030A0S040B0902050C01080007060D0K0J0D0I0H0G0Q090H0A0P0O0F0H080N0MMY0E0M07HI16IABVMR0MS00FBq0EMm1D000L0o5N2P4e050o030M5N1e4d040p5N1e3s2O0p381b4d2J3t381b0s5N3x2K4e0r5S3A033w385Q004g02050t4c2O355P0q001a0o3403014i0s38035S1e3r2K4e040o5N2O3A023w2N5Q024g1d3A030s2J5O36030o342M3t040o342M02060o342M4e040o3r2O385Q061a0o34032K360q04025NRg3w38035S0t1YAl0D360q1Y3s04025SAq42A10C051K2CMD2l0JXU1RMD6936030o
g1_o39OqWErpg6Zfmnm5gX3UsTSqcHjhdFgWzQ-CZdY1bc	pathagon-rules-v1	7	14	3	13	0009070k0g0X0S0j0Z0M0L0I0E
g1_o3G7XNtOTx_XL2SQzaLzJZa5VyEISTKlebZFmGHudas	pathagon-rules-v1	7	14	3	26	0K0D0e0C060l070D0f000j0B0Q0A0J090b0i080k020G0R0F0I0E
g1_o3KL4oMtxEBBYP_7Jo2d_voUNpJV4AGaLtr1_-eGbcM	pathagon-rules-v1	7	14	3	114	0i0O0M0Z0Q040908010d0a0c070S0L0B0T0h0j0E0D080G0L0I0Y060K0W000NU3Zz3_0U1QId0eYYWqBUXqLGQyNOSFaq07PJ0JKsUv0WA6bp0k4tBs0Y800XHF0QY70CGV0V0XOq0DPf0mGnQXTc0T5Q0V0c0FSq0P0dVnEDaIPb0k23NU0aXEGM0KQQKO0eMiVo0eRQ0SLzIu0NGL0d0TZC0W0eCo0i6f
g1_o3T6EISmRgsvGq5jnYXZeRRSOkCwKySaGjJSJzT2Uyg	pathagon-rules-v1	7	14	3	13	010d080B0F020M0H0T0J0a030h
g1_o3ULMvdXgOmUm7qyJbFPCul6fDPfmBbs-DvGHPQKbbE	pathagon-rules-v1	7	14	3	59	07000O0T0W0F0a0A0c0k0B01060m0J0Q0I0j0L0V040g030H0b0R0c0O0ZOj0fCdG_0C0YApWW0U3TLu0FO20dbySo4p7jZMUB09Uw0GR00Y5-0fGo1G3g
g1_o3YPrYdjdDRgPg6xJZw348MsdA780G9peAv_8-JkWT4	pathagon-rules-v1	7	14	3	35	0k0X0h0B0M0C070S0e0H040K0V060905080I0A0d030P0l0T0R0g0F0JV_9q6cG44CVBM3
g1_o3fYrG4sRi_slPbsLuctRa_P8gHZk6IRc0JAfKYBA3M	pathagon-rules-v1	7	14	3	67	0F0D0H000S020l0i090N0K0f0e030L0I0E0j0B0b060A0J0X0k0U010G0P0ZMP0I0WRe05Ybaz2w0RFJAf0THS3Z0BTN1w0Q5t0V0ZIg0WOu06bt0P0V0jJf0YEx0eOM0m025F
g1_o3oLVQnHt_JiNngPvIAsyEhclb1mGiYWkM01IfdY87E	pathagon-rules-v1	7	14	3	18	0D0Q0l06000K070L0M0N080M0O0P030O010J
g1_o3w3zLx9KMk6ZPqAasUNAZRQRo4Py0oEovXeqK9KxrE	pathagon-rules-v1	7	14	3	196	0O0N0H0G0M0F0N0I0P0H0B0A0I09080Q0F0J0C0I0X0W0V0P0W0U0T0N0U0O0405030C020B01060D4c055U060_08681fBW2X0p681f0F2R0o0234031f2R1634Bx770K0u0FBVH46T071K0MHIBqRo08MY0FBx0MH40L0F43MD6aCN0F0v4c01Bc1m0R786G070F6G0u0YH47E087g69Gu090o5N2MBX0M0o342M8T0A0o092J361b010r2O3A0A3wAo5Q024g0A392M3t044c092K360q0D1a0A35032J361b010s06382M4e053u1c2K4e053u1c2K4e003u1c2O0A385Q4e093s0q2J8T1c350q2J3t0A381b2K0p3r381b050o
g1_o3xn8KVEoHezWrAI0jOwE28uj4n1yiYWCoJfADhPu8Y	pathagon-rules-v1	7	14	3	28	0D0P0f0W0K020L040E0Q0e0T0l0R0b0J0703080Y0i0C0O0U0a0S0k0V
g1_o444F36qPhJjQ5e11PDk1A83oYdZvuFWo4zddSjeLIQ	pathagon-rules-v1	7	14	3	66	0M0C060N0j090H0I0k0d0b0F0a0h0O0K0B0Y0T0X0Z020J0W0D0i080CNT0A0F037N00EX0BF-AIRqGJSkXmTn0I0a8lbJREaMUfZXGUY60kCf1s0i3N0bPKJx10TE070fBd
g1_o45hNa2Kd3om3Im9CQOqF--9xDs5ht8CfbfKJJfqo54	pathagon-rules-v1	7	14	3	13	000G0E0P0L0907020g010S0T0Z
g1_o4A0iAv4ig8tqWzJYuixcW7hEFweJS_25oWRbrtP_LI	pathagon-rules-v1	7	14	3	108	050h040a030F020C0106000L0B0b0A0Y090N080T070K0E0f0D0d0C0WB40R4r0Q45V938HW0qPm4J0H3RTY2h0d1pPDAGLX9UWEFVMo6XWy9EZj000B1HQq2n0CBoGp8w5PFUNJEc488j1c069l5YHb7qLJ9LZ_8c4Z7qV_9LXt8SRh7qUB1hbW8S9FEjTY1qbd8cSw7qVG9LQf8cMH7qUf
g1_o4F3lGqqZ2-DQzC1FgI_c5tnHTj5auo7M-FTM4cu4Cc	pathagon-rules-v1	7	14	3	74	0m0O0K0N0J0d0W0g010Y0Q0L0M0f0G0h0k0C060V0F0l0S0D030E0Z0PbX0X0RYSaGAp5RAXCk0T0Db_0t0F0AQpFy0d07JV67WuGobS0haiYQZC0NZycEbWMB0O0kSzaVcFbSXcZu0NZ81QXgNa
g1_o4Fk9iWjwMtonD9vj5fJ6_rW2QnKHLH54EFjlusNgEM	pathagon-rules-v1	7	14	3	95	0C0M0c0h0S080B030U0e0Q0F0Y0m0W0b05020O0j0a0I0g0J0l010H0Pb40kL0I40VEnHH7SOm3C9MaLJG2h5FCELU6_8j0V040b0PILRH05Pz0DMo0NEH0h0aAn0LJ404bD0l3eDY0SGM0eTj006m5Q06ZX09YC021J0d0f0ONU0X04HMZ40G4TQl075z
g1_o4H4C6pSN5g9HbMxxqF6FAJ2ow-Wkbn0uWHxigIGJV4	pathagon-rules-v1	7	14	3	62	0k020Z0l0I0i0c080T000V0Y0e0a0D0m0g0P0H030W0B0M0f0L0S090RUY0KFG05XY0JPO0POcLq6qanN20RBCROZCb-H80A0ELj0B0N0IE20i1p0m3P0aE8Bz0I
g1_o4ecrnX2jGsETsbpgffn6hY8whYfWQcDUylSJzVHcm4	pathagon-rules-v1	7	14	3	58	010W0b0N0c0B0P040j0S080a0D0F0C0Z0G0h0T03060K000O0L0A0l0M05IX0_00B1Ga5q1VHK9E4x3kFyYO0mSYNdS6HX8-KHRG0IS20QXe0XY_0d2q
g1_o4nERvqPtztlzhSzqAzZlBqj1T9Mq4ia6CsKEoLwwjY	pathagon-rules-v1	7	14	3	31	0U0V0B0I0f020K05040F0Q0Z0b0R0k0C0N0G0J0O0D0H080C090P0A000G0Q0i
g1_o4nlXuhqNuzdT3pm3SgsCxgOpgKpcYMZGk0wyNBJ8gc	pathagon-rules-v1	7	14	3	196	0W0R020V0S0d080D0e0m0f010h0U060l0Y0k0c0b0Q0X0j0d0J0G0F0e0K0c0W050X005j0E09bDY1BcPKVBIH062f5lZb0RW_4e391b3x2N4e395Q3x2N4e395O3u2N4e1d353u2N4e0d0W0P01WvcEHYag0OZwbQYPMuZBXdZuYPagZBXdZuYP7T0dXcZ7ahZyYPXcZ7ahZyYPXcZC0iZyZDbTYRahcFZvbTZ7ahYQZvXeZ7ahYQZv8DZAXd0T0j1RRa6M3yXG1DC20a0S682CSSRo1KMD0aGzRvBxHr6h07Wy6o07HXRv0ZMRS0HPXGC9MRS0HPXG0aMRS0HP0g0aXGC2MR6aGzRvC2MR0gGzXGBxRo6hGzMYBxRo0T0MYM1K0aHI
g1_o4y9Sc0RB2HUTKZ0dRi_JtvhDFTdZNWXIHkCt07N5R8	pathagon-rules-v1	7	14	3	31	0Y0m0k0P0L040C0R010Z030f0V0T0F0E0B0h0H0A0c0j0M0N0d0Q0I0G0O0S05
g1_o5-HW1HHfydjVI6ZpzkPiR-3TMDphwjiGAo8OQNXChk	pathagon-rules-v1	7	14	3	53	0Y0Q0k0J0g0B070X010P0A050R0O0i0c0l0C0Z0G030e0V0m0D0b0T0H220E3WEJPDDW0G9WZ8TEaqQKB5W5aVC602AA2fFfLY0RZVJo03
g1_o5CX-1xCcL_MBf6gWd5d_Iu9Nu8EJbsw-CLkL8q1X1o	pathagon-rules-v1	7	14	3	20	0g000h01080F0B04080I0W060G0H0Z020K030j05
g1_o5P7QlF24nmcuRyZd7LP0t9QGwo_KD9wNEx-xZdIF5s	pathagon-rules-v1	7	14	3	52	020S0g0O0U0B040m0W0K060C0E0D0b0Q0e0i05030N0Y0f0M0R000L0a0c0NOQMy5sB1TO0d53050bJGVyV12RYc0jbdS0K2Ey04WP02
g1_o5Vj3GA9_32X9auLYSQl1YVyiB-_XI7RLeC786wCD24	pathagon-rules-v1	7	14	3	58	060h0e0l0W0G0R0I0V0M0D0a0K000O0X0F070T0Y0H09020i050C030J0L0G0S0P3j0M0B0mJQ01WQ0gCgbPP-Yc2sbZLySVGq6K0iWb0EY403HuPrAH
g1_o5YoT4EnSDiCLBcRjeoswAI6hYgqS6H7ej8weoi1K4k	pathagon-rules-v1	7	14	3	60	050Z0l0X0G0i0K0W0j0d0k0V07020Q0g0T0e0P0c0N0C0U0M0O0H000f0I0hEnOrNmVqNc0VDT0XBq0GMRA70rPfKsS0HP8U1Y2K6A0W0o0Q0Y0PCF0RGkDc
g1_o5aw_E_-CP114prO-v8WcTMoAOL8Mvi4ayv7VQUPkp4	pathagon-rules-v1	7	14	3	63	000h0K0G0A010W0M07050e0m080Y0C0J0F0O0i0H0Z0T0b0L0Q0X0S0g0V1c0kbw7J061UYAabFl02JgYl0B6Y07TFXdMa0mVf0k0ebw0jRB0d9c0NHq0E6U0H0m8p
g1_o5l681B6OjfvoTf-39SM8Xgb6Ir8L37_u6xJWBmalw8	pathagon-rules-v1	7	14	3	124	0P0O0H040J0k0N0Q0A0I0K0j0a0i0Y0S0O0B0R0b0F020Q0G0e0H0l0Z03090E080A0can0HVU0CQt001g0U0VFE7GMtCE0vD0a80I0AaxAAGBRuL-B9cAGrR7L-0CbyGIR75vM5B9GrR7WiM5byGrR7WiM5bkGW0KWiBNMC0RRSL-by0FWiGkMC0MRSOzc3LFWj0V0aCk7PP70V0W0kUt93PuEI0VX90d0O0HYd0VJo3m0O0HC4Yy0l
g1_o5tSuoW_Ip70hCEmtecNSFcJxbH6u_p-QQpvciz7ZzM	pathagon-rules-v1	7	14	3	33	0F01080002030a020N040S05060D0K0C0D0R0J0Q0B0I0Y0B0R0f0X0e0P0W0m0P0f
g1_o5u-_pQW_Qfr0K-dPfhCk8fVygLMJWBhnzDM1Y3pruU	pathagon-rules-v1	7	14	3	66	0m0S0e0a0i0P0g0F06040U0T070B0j0d0I010h080Y0X050A0C0Z0O0GZk0D0L0X6KT40MDbRECNWx915yMaGu03OSJ611RvI5aU0eAq0WSM05QF0Z4E0SAo0JVC0gJy0f9H
g1_o5vYFqZYnWmo6z0Lz7Cu8q94IHBwjWwSKldAiHNPxUg	pathagon-rules-v1	7	14	3	127	000g0h070E0L070i0b0h0U0N0M0a0T0F0j0G080c0V0F0c0b0O0U0N0W0H0V09010G080F0A0S090L0ZGu0L090S080T0o002M020A0oBVW_0E2M0p1Y693B030_1Y692zRc0Z1b0o2JWz3k03Mm1-X22z018D0p091b7h2J6x391b3x2N4e350q3r2N1a6905360q094g5S3A03ZE1d01380q081a0134095O030t3F083y0ABV1m085i1U03
g1_o5zSu5rordQB-AHo_nUqBPMjaxu4qv2BCJ1roH8Q_-E	pathagon-rules-v1	7	14	3	30	0B0S010F0I0R0P0W0d0A0W07040C030B0H0O0k0Q090P0A0I000V0J0T020U
g1_o69exM2euQCFRl-tOdsTH39K08-ZfhMkLhp2lhCM3-c	pathagon-rules-v1	7	14	3	60	0A0H090G0I0B0P0O0N080G0O0H0F0M0W0V0U0O0V0T02010304050B040C0J0Q0C0X0007016M08Hk0FBq0M6M08Gz0FBq086a0MH407MY0FBx6MGz0MMY06
g1_o6B45ZgCuOAd8BFNYYdc2YFRclf7jbi3We3GN1JCGjY	pathagon-rules-v1	7	14	3	59	0V0N0K0b0F0f000I0l0j0k0G0Z03090Q0P0a0L0H0X0D0S0O0e050A070RJFGU020T3F1OECVTTabOFJHE684NZYLbDMVW9GN1c10H5_0V5C0iB4SB0C6e
g1_o6FR7Irc4gTmYDkJxe3B_P0kq_9ixdWj34ZgHk2WiJ4	pathagon-rules-v1	7	14	3	90	0A070l0L0F0V0Z0T0R050W0M040J080U020g0C0D0K0H0h0b0N0Y0I0S0X0B0i4i4F6h99H_Xm0ebNRt0C0mZAJrG5MV2dX60OF902TjJu0ZJ10ePTP20W0fCtGxQK0PLC0QPa0e0EEI0BY-Lx0O460cZc5o0NKXAg0bI-TABfRO03M2an4H
g1_o6IlvN9nAVmXn9VyaUmg5lq6wLbgaU0TEbgU7D3872E	pathagon-rules-v1	7	14	3	22	0R060S000801090F0i020A0G0e030Y0H0D0K0k040J05
g1_o6Pvl-1FMJM9Pa9w-hqlGsk5zj36PG0iSpcAz_2yDvo	pathagon-rules-v1	7	14	3	174	0Y0f0E0L0M0X0T0A0e0F0S030L0U0N0G0H0N09020O090N080V010U0W0d0P070QDo0HHo1c0o2J6A3w1c0M2K0p3r4fMn2N0p341b3s2N0p3M1Y3s2M9E0r1Y352M3t0r7gN31f3g0o3r094f1c0b2K0p3u0T1YIP360N01JC1dEa0O360q1u4d0R34Hf1bIP0r2f361v3sHg2JIQ1c3Q0o2g3tRY1YHe2MO50p2035Iw2JOt1aBW0qI62N1u34IP3t0N0oTt2MHf0M0c350qWG2g023Q5NOo1bI60oIkCNNl1cF12K1034Nn1bCH3w2g0p2035Hc2JIQ1bM_Q6Ot0y2q3A
g1_o6cU3qlsIBLB5Gv4ZR1HRnPOX74Uf0EnV1Wra0nmhpo	pathagon-rules-v1	7	14	3	28	0G0F0I060M080a0H0f020B0D0l010U040903000A0G0L09070b0T0K05
g1_o6dZe-jcKUq_8Wd3RNOu8fwf5gKif1i5QlgQCFgn9N4	pathagon-rules-v1	7	14	3	66	0g0c0T0h0F0Z0S0G0B0d05010R0a0O000Z0b0I070W090H0C030l0m0YXZ08br0QJsTaS97I0J0f08OFLwKnCc6qO61RZRWM5JP_0ET5CCRH0V0X7U0cOmQW0V0XFw0b0E28
g1_o6sQYPS55m9JKzLJnYAU7mbdoXBB1mGc0f_gvGy9_9I	pathagon-rules-v1	7	14	3	36	060m020P090N0O0j0G0g0H0h0i0b0A0k0l0e030a0c0d0I0B0c0V0W0X0c0U0V9i0IIt0NKS
g1_o7BOx0H5gxhngrDBmvDfNTbxhE6o-st7mTLGngccQWU	pathagon-rules-v1	7	14	3	36	0Q0D0J010M0C0N0Y020G0d0k0I0V08050a0P0F0O070Z0h0E040K0b0R0BP103ANXsRp060H
g1_o7E9k-6EOu1iE5vr84kN1SXaBIF1lqUKBl2ncPHlh8U	pathagon-rules-v1	7	14	3	42	0e040g0a0N0V090S0C0T0D0P0F0m0M020H0b0I0k08010f0O0E030U0B0QOg0h2cAa3c06G35U8WNl9oBm2F
g1_o7H2eY_a8LxoxKsB0Tr3uqm6q5sCUBaUZYqyfh03fbU	pathagon-rules-v1	7	14	3	43	0R0i030S0a0V020F0k0J0h0D0U050d0g010X0H0Z060Y0W0G0b0E0e040A0MLs0P2q535hArQ44RL0KRSjNj0P
g1_o7LjVCoBNAGSphd6Akk-SyIIc3_oJp_dBIOvA4B5jC4	pathagon-rules-v1	7	14	3	196	020B0X0Q0P0W0I0J0C0K0D0R0Y08090A03090H0G0A0O0B0P040V0N0U0F0N0G05090C06015S060M5N4i1d42045O0C2P0p083u1c015S1e01GIR70T240JGWB2R001Lm0CB90JGI0K0C5a4iGA0K040J0C5N0Q0Y1e0-0JGH5hAq4pLXGW5h060J05Qq0Q6v5U1e080o0D5N6E1f4d0s5N6E084p0s5N1eAl0D0v2J1a356y0u2J1a083s0q2N8T1Y356B2Q0p1Y356B2Q0p3r384f0A5P3w38A3034p3w5R3AAn4p3w5R0C2M4e3w7k09036E0G082Q0_CG1t0FBx0_Gs6TMKBx0_Gs69360903BW0u6vMR1t6a0GBq0_0M5UGsBW
g1_o7QxYo3qbvqnV72FD7z-fNius_92bEx0zZgkCIH71to	pathagon-rules-v1	7	14	3	66	0l0M0f0O0W010k07050Z000a0K0J0D0C0b0e0P0F0V080Y060Q0c0X0I0i0T0RCxaEN0KAJdQG09LCXm0H7UDtFUCt2eRZUE0J0eVA41Yk0BbC0GFZ07MG0GCE0AR6040j1d
g1_o7_ZH7SukkSMc2iYk063hFFhwTsU1Yxo0t9elSVXCkk	pathagon-rules-v1	7	14	3	189	0U0c01080F020T0N0M0G0b09080a0V0b0O0U0N0H0A03090H0G0A00070E0L070S0Z0T040B0s000C013x0r4c1d5O2P0p341b3s2N0p341b012N0p4c1d352M024g0s6v1g01090p083-041Y080109IL3z0r4c1d5O2P0p341b3s0M0r2J1a013u04AV0v090F081Y2K3t0G01380q4c1d0F2K0p345Q1c2K0p003u0r2J1a013u0r2J1a0I030o2JIQHj1k0o0H346x4f080p6v1d7h2R0p341b092K0A360N1b0M2K0p083r092K6x0q081YD3356C0G2M0p0B1Y352M070p1Y356y2N0p1YRu3s2N0p3n0DAZ
g1_o7c0t4DHo4tZkaWHZXZ-CyA5kSBbgxJQb5jtEIYdKxA	pathagon-rules-v1	5	8	3	36	0102030K020I04000J050807060D070C4004FU097A083G3u2e7i040o3r046D3y1134ALEi
g1_o7uBzgAx7RqC6c5zsNm7Z50v6XfMRX_D1NAGBwgV1TU	pathagon-rules-v1	7	14	3	54	010i0N0m0G040J0R0L0W0A060h0U030Q0B0d0j0c020I0F0g0Y0S0k0O0b0V3X0lFWXKG_UXXlbkaA5S7ubP0hMyCGL7NkPc2nEv0XB5Zk0Q
g1_o7vbXes4AuKLkhh8GsoGh3Xb361HI0LaJECC7docDuM	pathagon-rules-v1	7	14	3	146	0D0g0Z0G040m0C0B0506030A0H0I0J0K0H0J0A0D0B090201080F09080007010E0N0M0G0L19001x012b0p341b3s2N023903410rbX1y4d2O0p341b3s2N02390q3r1c4d390q001a0o34032K360q0R1Y3s36040o3r2M4e050o342M4e040o342M7i090o032J361b5O0s2J3603090p3r1c4d2O0p341b3s2N0p341b012N1e359g3t0q1Y5O0B360q1Y4d0T360q1Y7h09020A1c092KCR
g1_o848yoXfeNv5MozeH9QIdVujKGkkHAAHRIG73IYWg38	pathagon-rules-v1	7	14	3	28	0D0U0A0T0N0k0B0C0d0X0106070e000S0G0I0F0W030L0J080j0f0i0V
g1_o8Dyak0R0Vco9bHYIm1D_Ba772fcAtEx4Z-sTjqOhW0	pathagon-rules-v1	7	14	3	44	00070M080A030O0H0N0V0a020O0401050F0608090E08070T0U0h0G0i0A0B0H0j0L0g0A310I3T034e0I4a220m
g1_o8Gw5jbhx5OdxuUIgeGri4Zsf1wjFv0d4Jf_ek3aaSc	pathagon-rules-v1	7	14	3	29	0V090G010R0e0b0Y0I0h0i0X040Z0O0K0B000F0A0M0S070j0H0l0i0J0U
g1_o8Kb32yC01hXhnOqcdedaortqRfEEz_LH7y-Euu3-80	pathagon-rules-v1	7	14	3	103	0U040L01000F0X0M0Z0G0205010R0H0E0B0V0l0T0c0A0j0m0Y0h090k0f080Q07EQCkKw0PHQaI0q689KNZWnbk7M08RT4-Rx0Z0QBr0I1L0ALd0RHv0C0M7l0J8l0WLY0R0Y0DQS0X3m0R0S0G0AJiMd0J8l0OL60D5p002j0X1rTH02HpFQ0f5M0D5g1KX00fbjPF0m002y
g1_o8YCXYOajzCdiZapnCAr2IRv22II5yPIil402bRB44w	pathagon-rules-v1	7	14	3	47	0i0b0K0j0I000X060S0G0R0g0a0B0Y0V0U0c0b0D010T0d0h0W0E0a0c0Z0C070U0iOrV2Y50JXDLo0R0TM50Q5-08BSFZ
g1_o8_qhuUv5eb_D19acoMQkEMGePQ9Fm008E_Fr15uPUg	pathagon-rules-v1	7	14	3	84	0e0X0F020k0M090D0m0Y0b0U0A0W0V0P050h0g0N000L0Q0B0f0G0l0S0a0R0IIR8i0JbD0ASZ0lNg0U0CFhDwRGTjKEaL2ZFH0JYt0iXK0JBt0gL2MR0lNDaP0a7CXD0gO2au09K99J0lD9bY0mKpFa0k7r0F3D06LaIf0C
g1_o8erO2WULregFNElJouzA7aOSKYKKVyLjRWjsMfklms	pathagon-rules-v1	7	14	3	196	0Z0S040B0A0309020H0I0G0C050J08010F0Q0P0O0N0P0M0T0a0L0T0E07000U0t4c1d015R0t4c052K5P0t0b3w2N368U1Y3s0A025R3A4f2O3t0H0o5N2Q4e0V0o342M020A0o342MRc040o3r2N391b0p3s04346A1b3s0r4c391e3u2N075S3A3u8V0A050o5N363u1c0H2M0p3s0434021f2K0p3r6B1c2K0p0W3u042J1a0A3s0q2N4e1d353r2QC21m1R68Rh0ZX91R68RhBWX90p681bBW2N0p341b3s2N0p341b014g0s3A03051a5O34032K360q0X1a3s34032K360q001c0o364f051a4d34032K369F0B0p3r1c0139
g1_o8u-6bYxK-OMyLgZwNao6W2nM67_l2816LG0u72TvIY	pathagon-rules-v1	7	14	3	23	0M0d0E0K0Z0F0807000F0G07010F090N0U0L0N0E0b0T0i
g1_o8zZEX-N_BMJYGfe9-XPosl2y6lgPm4Bvw3A5treQv0	pathagon-rules-v1	7	14	3	40	0Z080O090i0g0m0F0W0K0Y040V0h0C0E0B0P0e0f0R0D0I0H0P0Q010NAQ0kJbJ503A-Rc8E1tWT0f47
g1_o95FDZWfZlWmq1RlGSMtm9v4fI2358fA8xPLNStnVpA	pathagon-rules-v1	7	14	3	79	0B0X0Z0D0Q0H0m0f0J0b0I0O090M0g03040V0N0l0P0d080Y0a0E0601FB0UKR02bw2lL61w0hBy77MaVfNxKd3WBq0A0FbCCL0eT40k5r0eG00N8A02bLJe0ca8038l0IWT0A840U0IPX0mY30F0fR3Zc0j46
g1_o9MxSr1PLBgE5qaWxJHnzRVrHtnWoldxGRe-m64ijtM	pathagon-rules-v1	7	14	3	52	0Z0J030Y0Q0R050C0H0N0D0X0I0G0O0d000K0Q0U0P0W0F0V0c0a0V010M0jB30TKq0NHkZS4e0M7wQ02PI1CPBxFFQgDqRJ0b0V5uAj
g1_o9fcC_s3T0QX9N5UozKt1TlBBgulV1ysCCBPI1EZtk4	pathagon-rules-v1	7	14	3	196	0b0U0T0a0V0c0O0M0H0T0U0N0b0G0F0A0G090N080d0F0c0W0P0I0W0B0K0J0C0D0Q0C0X0eGB0KITAo5Q0N0A0G04GB4t6-3t5R354f2J3t1c350q2J3t1c357j2O3t040o3r2N4e050o342M3t040o342M02042K360q09024c1d0A380q4i7l09385Q062K3t045N0A2K360q091a0435032J361b010r2P4e1d355Q09041Y352M3t0r1Y352M0A0p1Y357j2N0p1Y353u040A1b0o2J4e391b3s2N0p341b012N1a350q3r2N1a350q092N1a358U3r2N1a010A1a0o340309350q042J1a0A3s032N36060o3u2N4e1d353u2N
g1_o9xYQxiia9CVcOtxXKJrBlAXdEA3Pgp0rsy7mFbI4W0	pathagon-rules-v1	7	14	3	30	050N0U080a0F0i0S0d03070P0M0H0K0f0I0D0e0E0J0R060C0j0B0Z0A0W3D
g1_oABKwyNPmF9eZxroz_ItcUSAfrGmjGesy8-nvEKfl9M	pathagon-rules-v1	7	14	3	28	0m0D0B040l0C0Z0E0P0A070B0c0F0K060H0O0h0g0e0d0R020S0H0M0G
g1_oAK8ny-T9P7jzUYeIl2uCll2I3UXzqaJcghfPzsnTf0	pathagon-rules-v1	7	14	3	51	000Z0X070I0B0U0i0J0G0A0R0E0k0g0m0b040D0K0M0F0O0e0H0c0W0dFC0T0L4F0VNfPj0I03Ui0PEqAsKu8W0lXe0IPAbF0Z9D07
g1_oAOXCntirjmhKkglVeB5sIBBXwtstnQzgbi1WSwyA4o	pathagon-rules-v1	7	14	3	81	0h08090A0B0b040k0I090P0N0W0C0D0B0G0H020O0F03090M0U0V0N0F0O0G05060J0T0C0a0L0c2n0d8M0V090U0b0OIs0Q0G0MPe0V0P0UIv0MEw0QHH0MKF0WQK0UIc0HB50ODQ0UIQ0OBs032Z0UIQ0QKH034J
g1_oAWheMBecvs6vfovopNP6FJPBS90_Myb9jiWT2KcP2o	pathagon-rules-v1	7	14	3	62	09060e03020A010800090704050B0C0D0F0C080G0H0I0G0J090E0K0L0M0N0O0M0P0QVq0SGdB2Lf5oQvGdB2Lf5oQv0QAp0-5N06Bc1m1K2J025OMJ0uGs0LRb
g1_oAf9imDbBQCAcWsyBtPqchuXO8Uf0-a_lKOyoLBpN6s	pathagon-rules-v1	7	14	3	135	0Y0f0R0K0D0Q0X0e0K0X0J0C060J050m0l0B0I0P0J0I0C0W0d0k040d0l030A0H0B0A0O0V0cbZ0O0m0VcG0m09cAbWRYaX0GcAbWRY650YcGWwae06L-byWw6006L-byWwGk0K0YG65N2P4e050q0J0K0C095O2P0BAp1a5O0D36ba1e0N0DJ8bUW8WtcDag0OZwbTYQ0NZAE7ah3oZzVLZDaebOHb0H03cFbW66WGaec9bW66Wu0dcGZ-aeVVRR0O0Y5O0H024i
g1_oAgcvNFkbPxRQnGuS9ULzdTf2619kp5EuChQvD2bF0M	pathagon-rules-v1	7	14	3	32	0g0d0Q0U0Y0c060b0V0J0K090i0A0R0Z0l0D0k0j0X030W040F07050C4u0BaR08
g1_oAiKOpitThcUCzfsuzXbni1llo63J1_ICXZqsnuPK5I	pathagon-rules-v1	7	14	3	30	0O0Q030P0A0N0H0G0F0I0J0E0X0c0Q0R0O0Q0M0V0W0d0G0W0T0S0a0U0h0T
g1_oAqxFuumT4ArMAqGrEXMcMphwPMYQBJ9_QAs4WgpHZs	pathagon-rules-v1	7	14	3	88	0H0G0F0O0V0G0I0E0O0P0W0N0P0U0T0M0F0U0M0G0N0F0908070G080N0F0A0G0B010L000MN1020r0A340B1b013w0A0r000B073X0A4f0M3w0A38034i0U3w045Z0S0J0T9o8X0A0s9z406z080B5J1T5S0F388U2-0AHf0M03Fu06
g1_oArNiz2fe9z6wJPVh4Leh_-7NtVisJWXtzDAp7lAHfA	pathagon-rules-v1	7	14	3	196	0I0B0P0H0O0A0Q0J0C0I0J0N0G090i0G01080F0M080203040205060D0K0C0D0R00070E08070FYo4HC204HI4ARo046T3yC24qMt6a07BqRoMmXN04BqRoMm4H04BqRoMm6a0516RaBc77080u00Bd0_68Gz4xC20_MDHIRv056MMK1D4cHP6oMY1D05071Y0C2KWz0uMD0S2K360q001a0o340T2K3t0q041a5O34032K360q001a3s380q004g0205014i0sAk1l0CLm010J024o5SAq42G90U5SAq4238035SAq423O035a4iGA380K5SAq3uG90V5S0t3r1c015S0t3r04013w385Q0W4g0s3A033w385Q0X4g1d3A033w385Q
g1_oAuzKtqTByorkNCePfKMjgWEaxNAZQOoSaU1CR6wQfU	pathagon-rules-v1	7	14	3	64	0U0V0j0k0F0R0Y0h0D050W090G0X0b0P0E0H0203070M0c000m0Z0a0i0d0f040JTO09bd0OO30V0l0C2M0T0LNSUg0A5S93CR0j0mP79k066n0RHM0NBvZd08Vp0E16
g1_oAxVy_7JP0dhjxS2mUBsCtGbyzG1wvn66GeShJzq3Gs	pathagon-rules-v1	7	14	3	22	0D0W0Y0R0K0X060R0Q0P000E010Q080M0N0O090N020F
g1_oAzSlbHAPkAR_Q2tcqbloERDW2pxzjAaUzujPXzMwRU	pathagon-rules-v1	7	14	3	43	0U0N0i030H0S090R0f0G0O070c0T0d0B0m010M0b0F050Q0P0I0Y0e0E0400bi0DEC02ZA0P0gCDIM0CCXN489
g1_oB0T6YXGO5u8PjAqXc0NRF5Kc-9-uIr48Nc3jRBpBqE	pathagon-rules-v1	7	14	3	45	0Y040B0A0V0k030l0f0R0U0T0g020K0J0F0N050j0W090a010Z0O080M0R0QLzII06aFXD0c0D1f0d80QU00VO2u0R
g1_oB1rZr9aBLaiGfvYoV4mS6lflgGn31Bt0tm24_FDBI8	pathagon-rules-v1	7	14	3	101	080M0F0T010a0U0N0b0O0V0c0S0b0T0U0V0M0H0T0U0O0T0V0i0M0b0T0G0U090A0B0H0A0I0P0W0I0d0H0L0Z02SE000301XU0a041B0b0K3I0PMY1-Rh2JC20a0S0_6oSSRaTw4OJS8p388G0b0V3-0A6k0G7n1U0a8UBd0c6IX2K60PKq0B7ZRaSu6MX2H6Rv020E0w
g1_oB77t-HERUSqUjtX2LaGft9TXAYbbpq3D3yFiAWmtX4	pathagon-rules-v1	7	14	3	25	060D0F08010G0K080D090N0M0L0F020M0R0E0Y07000f0m0O0f
g1_oBDijQb6VzyGxL2jzwDPmD7-V6biXnFh4Wr3D1m4S3Q	pathagon-rules-v1	7	14	3	69	03000e0i0V08090R0Y010U0N0M0L0B0m0C0T0I0P0c0F0W0D0P0j0l0h0E0GOwZy0jN37xDK0G0gEi0CR9Lh3O7G0dbp7iFO090q0YaNB-07D3XB0Z1pZK0BUrDc0j6l0k0OZfHS0d
g1_oBe6HrxI-fcORUCZjpypUY3gDuGykN91MjU668F3Fnk	pathagon-rules-v1	7	14	3	61	0E0h00040H0U0A0k0Z0F0C0l0I0Y0b0S08010D0L0R0K0M0B0P0m0G0O0j08020JBLar06Jp09MnTWRFEw5LIDbaKmay2_XWDv0X8xTb0fSr0DAQKI0C55O90p
g1_oBeL3oYzVvbYAe8B0sn5_aWD96el_k3Wlyz3CAtZ4B0	pathagon-rules-v1	7	14	3	61	0H0b060a0I0P0O0Q0W080P0X0J090d0A0D0V0U0W04030T0c0Z0i0B0e0Y0N0gSX0lT60mVi0UU2OSZ3NYFlc80MR6HxF3P80I0dbEIZZJ0V0C7M0W1DXf0jSB
g1_oBke3n6V3fua8hNM_g2UPo1RtSt2MJzsfsME2O0g_EQ	pathagon-rules-v1	7	14	3	136	0e0l0X0Q0P0W0d0O0J0W0P0Q0W0P0I0H0P0V0c0k0B0C0U0J0V0I0A0N0j0G090i0b0j0h0a0T0M7v0a8n0A09Kv0B0F7o0I9R0Q00AI0PBc0_Gs740M0I16036o0ADgCp0h9BEE0THu0Y0I9S0f3R03TUGubY340m0bDB0fba0o9B0HN80fN_1c0H2MD33s0U34Qr1bP20V06Ki0c0Q5P1cJA0s2J4U1a350q4g2O0V0O1o0c0H55XO8_0MQy0b3c0GcAINRE01UD0g
g1_oBpRdEccy3GUqIA5kH3KBA64KKfU7_OxVmB4rq_Mmz0	pathagon-rules-v1	7	14	3	62	0D0l0a0e0G0S040O0Z0Y0C0V050R0N0i0k090c0Q0f020F0X080m070J0dOz6oMu0LQWDXM073JgB0VnTwXz07Yj0PNmXe7u0Ic00cLB4z06Ry0g8w0U05Fp0K1-
g1_oC0jOQ-g-cW19laKUeop63RP273Rb-eFBIqDsL0SSU0	pathagon-rules-v1	7	14	3	58	080D0C0B0A090C0A050403060402010F020G0H0I0A0H0B090J0K0O0J0H0N0M0P0F0Q0G0N090O1Y012Q020_006T07Bx0EHPBq0E0MBq6MMK0RH416
g1_oC57fxLQmoxff8tXL_W4DY6p5SPEtnpWksIxrbVWKI4	pathagon-rules-v1	7	14	3	41	0803070Q0j060l0m0Z0h0d0J0H0e0C0i0b0G0B0g0D0c040k0A0X0d0K0P0V0cOy0OFl01aT0aD30WO12F
g1_oCAmiXit5UW1_YySeYb49OiESV7iNx_U156hfLgfUrs	pathagon-rules-v1	7	14	3	92	0k0c0P0i0Y0a0A0K0g0W0V0D030I0T040C0P000e010S060O0H0Z020F0LVX0bEe1IRt0d0ZTb0lQ90mEIKd0GSZ0QMZ6pbCNFCn0O7dRYFyP90NXT0UYKZd0XaKDPJ60j4z0VMb2b0lOvbA02HFV70lExZ35-Kc0PJ5RO0aWrOL0T0UJk0g0a4W
g1_oCRJPWMqkpUUVAtWWwuwY3Dd-0nWfu8YdtkEAfYKwKQ	pathagon-rules-v1	7	14	3	21	0005070Y0S0g0h0i0E0b0h01020N0j0a0T0l0L0A0a
g1_oCSM8ZsbJQjxbyyDPv2ZSNkXjDNHBqMkwCBbOwgrBEQ	pathagon-rules-v1	7	14	3	71	0j0g0L0e0Q090C070M0S00040K0F010a0E0i0N0I0P0B050l0X0b0c0D020U4vNrUUXQJzSb1FYkHY0aZEDc39MzLHB32z5QIVbD0Wbd0NSQ0S0mXP0L110aUt0bMi02FKFA0OEOGo0J28
g1_oCcnhT8_f1L2SnZ3jvbV_rM9XztIBr6cMP6yIun9HbM	pathagon-rules-v1	7	14	3	77	050f0a0V0c09010J0K0A0Q0P0L08070g0W0h0b0M030Y0X0m0j0i0H0R0e0GPq870I043oX60UYtRp0JHD080AL30W0iVY0D0Nc00ZLw0Q9eE40L4_0dIm0b0eH70GRI0I0lZ-0jSA006l120O038o071a
g1_oCeKQk_lF1O8kH0_QhgO63VCJjmDzoU55ZTZw_kUrXc	pathagon-rules-v1	7	14	3	151	0h000i0X0G0N0g0j0e0Q0E0O0l0H010W0J040K09020G0A030M0A080F0ZCN0FJv0YDWBbPfREPE0G0VS0Or0P0VMV090H1F5d0Q096t0P0WLoH4CbJmIDBt0Q8iEj470b3TLJ0QGicAW9bIXgWocA0m0ecG0BK90P0G0W0I7oCP8Vay0A0J2OA00CQr1Y356y2P4e050A4l32670eak0k0e1UcBYS0hakXfcB0CHX8Q09akXfcBYS0hakYQcA0m0eXg0Y0eRKLD0QcAZDREZm0KcA0mR00eWicA0C0YB1GI4X
g1_oCgm2RI0bZRKo0LVT1bYBipn0ndEPAcmuFjIkSQwNY8	pathagon-rules-v1	7	14	3	105	03020O0P0W0H0A0V0I0a0h0U0b0D0c0f0e01060K0N0S00080T0i0F0CP-09Y50HVi0B050QFr0e0L0X0x0i5G0U0JVd05Yy0WWE0C0dXf0B0aQE0eKk0J0b5Z1e0g9HFL0ma72Z0YGK0M0fSyTLPR02VY4t0aDU0ZN_05CR0AAt0KBo0E470FD50Nbe0lMLam0lK1Ev0PFfZg0i1t
g1_oCnC7jRv7rb-e2AqnyPhpQe3VIntBB-yUncB-UYbp9Q	pathagon-rules-v1	7	14	3	72	0T090Y0k0K030G000C0S0j0Q0E010O0R0J020m0N0D0d0M0g070e0L0h0P0bHP0tBmMpQp5VbhKxGa0Y8v2XOyRI1L8AHhM5BQ0NE80bSx0LI6a406DJ0GUe0PYJ0aPb0WUx0NBXZ30BPL0A
g1_oCo4nQTAZd5UijEJ_rBr6j67RPNmoyrhjQsiyQU9DQM	pathagon-rules-v1	7	14	3	16	010800070902030A0209040B050C060D
g1_oCqJukh-mkMC1qVHvSIDOXV98o0Sk65PrnM1kNirPis	pathagon-rules-v1	7	14	3	16	040I0A0H0S0E010F0V0G0T0O0b0J0a0K
g1_oCus5G_n8CCCfTOuaxJTCvNHWLUa7kiwPPy7f1OQxyA	pathagon-rules-v1	7	14	3	60	0k0U0c0F090L0Z0X0D0m0P0Y0W010C0R0i0J0a0N0K050H060I000f070V0GPdbzEcQAOo0p0EHc0B5G0fCGBy2AKFDY9iVYWf0bGZ0hAl0CPf0DYe0x0e5Y
g1_oCwp42uAhdndccZ5lsj2194cqIRVbT3fm_-WJyawVZk	pathagon-rules-v1	7	14	3	38	0i030c0D0U0W0A020R080b0g0K0M0d070T0Z090H0h05060k0V0X0P0C0l0j0aReUU0A0Oa0Se8e
g1_oCzlr8FnyTfeX1MX_CETINZYBYEOnfu6IiuPZqHwYNc	pathagon-rules-v1	7	14	3	46	00090X0c040b010Y0H0G0k0J0U0h030F050O08020i0A0V0M070a060C0g0d4b0BQbCf1DI45B0ROQNcP9LS0XDLb-JA
g1_oD0e570w7LskXCHKh4YqiZT6HuMBr7iav9FC_iXEBsk	pathagon-rules-v1	7	14	3	18	010F0G0H0U0G0c0E0J0C0a0Q0b0D0W0I030B
g1_oD4eYZiBNIM1C4TMsqD1NisnlhqK8vT5sQ6GBcgAQr4	pathagon-rules-v1	7	14	3	70	09000J0l0f0e0H0i0W0I070A020G0O0D0B0F0k0E0T0K070c060C0U0m0R0A0M8w0bGF0L0NHXaqWBT_0QDI0J4R5S0daXPA0f96310CHt0dQ0E60H7COF03EP0Oa-0PTd0j2AG30M1V
g1_oD8qFwF-jfs7DcQTW1gTdv4djCnkJTmEdHOEg9fHFCQ	pathagon-rules-v1	7	14	3	91	0B060X0V0Z0N0i0Q0k030C0e040U0l0I0X0R0f0W0S0b000F07090g0e0P0h0c011EVPXS8Kb4CL0J0AaN0d0F386TXrN0XhFa0HKG09DZ0eMT0NJe0908IV0WVo086e0cUl03Pa08O10dTHRq0UGE6WQUFpUR1_VJ1K8K09Da5U0d9KUf0d2R
g1_oDClrThpcwTPpgEU4FXQgtAly2tbpY-82IgEaL9dy-g	pathagon-rules-v1	7	14	3	27	0a050S0G0i0b0Z030K0P000k0g0J0d0V0E09020C0N0f0H0R070O0L
g1_oDDeSMSplZ96OCWm9bRueJ2FFrCME7f0GUCaG8n6E0g	pathagon-rules-v1	7	14	3	35	080102030G0F0E000M020F040N05060D0K0C0D0R0J0Q0B0I0Y0B0R0f0X0e0P0W0m0P0f
g1_oDOm_36cmbQtGtAiZ5u2swzpZHIT6Nuecwwugxsmysw	pathagon-rules-v1	7	14	3	51	0C0D0J060305040B0A090C07080A0001020F0E0107080d0e0G0c090P080F0H080I0A0B090N0O0S0H0L0G0KKG0W5105IA2z02Pq
g1_oDZZODhKmxwk-k95FfrH7O1FshsXQenAGTJXl3xC-dg	pathagon-rules-v1	7	14	3	20	0m0D0O030Q0C0B0A0f0B0J070Z0204050L010h00
g1_oDrSMGJJHPeQP9SKDd0YMSqza8dV9lxh7Zy29x0P0CI	pathagon-rules-v1	7	14	3	81	0i0V0f0Y060a0l040b050G0S0N0K0j080U0H0m030R0D0E0I0M0P0h0Qbs0T0cF6TO00U23NGvLGBmMF0AAlF57fLw0RavGK0d1M9W0DEI0LGX0V5q078f03Qp0aZu07Bd0RMR0Z7L07C2KS08bt0cTU0LLz0E0m70
g1_oDsccqB_Pek5JAxBKTvBQqcPvJUbIcFAjzGA-CAlySI	pathagon-rules-v1	7	14	3	17	010Y0S0K080c0F0l0M0e0d0O0T020h0B0a
g1_oE4AY5fAVpeca9xnEkCMJpyG3it5vuMwgQbfUX1taw0	pathagon-rules-v1	7	14	3	79	0N0Y0I0C0X080R0g03010Q0S0Z090c0O0G0P0e0E0l0i0k0h060b0W0UL80LIQ0j39O9W0Yn000mEgJYPYXV2oALE8R5aG04Op02Nc0W6d03ILZQF-XraI0WDlMPQFTO0OPX0J0i120CU20I0YH20R0M0K2g0X
g1_oE554GySDjiwu6IHA5aoqpLCsBgS3H6gsqA45j1RZd8	pathagon-rules-v1	7	14	3	66	0S060H0B0F030X0Q05090O0l0N0V0T0d0K0i0j0A08020e0k0c0f0Y070W0U0C01Cl00EB7uPU6GJ-2zA4BuIsZ143KDRZ3dUILI0G7XC10i6nVT0EFPM709OY0eQB9F0Q8T
g1_oE9fwR_GtccaDMrgFLyNdwR3jgmPbVbLDt5Bd5ty7WI	pathagon-rules-v1	7	14	3	71	0M0E0e070G0N0L0B0b0c0D0Q0C0X0P0m0T0d0F0W0U0V0l0I0a0j0N0J0Y0k0PCE0EZNIWQkRW7xHeVITX0OZIOf03Y-Cg0VLc0N0B0G1g0FHC0I0FXW0P0UKXav0P0IV8a7C66M0J78IL
g1_oEIptR4aZfjgEL5MoYqSxPY4pQCgqzYRnsTump-Y8KU	pathagon-rules-v1	7	14	3	32	0S0l0L0F0d0K0Q080h0m0W070T0E0i0O000D0k0C0a0G0P0f0c0N0e09V6GGPY6I
g1_oESgxadKcVii6Sfh0yaFHqs_LCLT3YE2LBbWBIhkAEo	pathagon-rules-v1	7	14	3	105	0l0e0k0d0W0X0d0c0Y0d0X0V0e0j0i0f0m0e0f0j0b0U0Q0P0O0W0P0R0N0K0U0J0I0H0G0O0I0DIa0Hbc0J0N0I0O0P0m0Q06Ve0XEF0eCkYvZZIc0B0N0C540H0G9m0OAQ0bSa0U0G5W0AJP0OBg0CMJApbk0A674i0CGA0K0C0RJH0O5aGB4wLXB95aGB4w0BB95aGB780K0Gbk
g1_oEW_Uor8939hreUmKgeUJiwPDjNypE50IA60cv1abtc	pathagon-rules-v1	7	14	3	34	0d010T0a0R0D040Z0U0J0Y0M090f080b0N0V0S0j0g0m0C0W060k0B0l0h0A0G8-Nv28
g1_oEXWeAkOMjElHrc_1V20h_72KCyoHJEj11qYT22vNJo	pathagon-rules-v1	7	14	3	40	0m0C0c0L0S0E0J0e050M000O0V0T0U0R0d0T0Y0N0Q0X0B0b0f0U0F0P0H0g0j0OV20Ibr0G0m0R0ATW
g1_oE_wVQVZa2OY86PUpln-2XUeEm65ABp6SSOde_CA32Q	pathagon-rules-v1	7	14	3	68	0j0E0F0P0Y050N0e0J0Z0M0C0h0a0X020S0B0R0W0k0f0D0T08010d03ZI5I6-0c0m0VFfYcc69C3y0iM90BIm88ZYUWHD0mJu0HQi0XbJ06Gf0ICeOgY60CSe0Pad0CJ6KE0l5a
g1_oEaeyJK4s6btng2eJoc2g6_4xtAtrS67hLHyaTdWMSU	pathagon-rules-v1	7	14	3	51	0E0Q0l0204060Y0d0U0Z0N0c0V0b0g0R0i0e0j0A0f0m050B0P090O0XKE0W4f08RC0HXV5OC42QbM6xWWRf45PcYTQK3J57TK05D8
g1_oEhwHPEdCKA22Z1TE5YiDTEq0hngBuPWhDjwPqUdEkA	pathagon-rules-v1	7	14	3	45	0M00050X080F0P0T0Y070R0V0L0K0Q0Z0c0M090W0i0E010k020d0j0h0e0NH60XZR0d4iYH0U0cW20N2eQCOVak7D
g1_oEj7br5ElbQNvAcxJA0fW5PIeiEo2swSRPttzHEj1VQ	pathagon-rules-v1	7	14	3	18	0A030S0H0W000b060c010f02080F0Z040E05
g1_oEoLJNOhjSEK_dY9kAA1TIMbYBtB_GAA0yLd3olGXvo	pathagon-rules-v1	7	14	3	40	0H0Y0P090m0f080C0G0B0A0O0F0b0R060I0N090g0e0Q0V0J010O0d0L0M0XHh0W7l0U0B5j1_0PVSPd
g1_oEqAQ4hdrEWBAVB8jn4UhJYdBIkzxsdmNYSzsL0F9BA	pathagon-rules-v1	7	14	3	68	030Q0a01060V0i0G0m04070902000h0D0M0e0d0P0B0W0S0T0L0A0J0RFt8g0NVwRrLJYhMA08Pu7YDXYP8G9LPaZea4Wg4ULD0i5r0B6p0Vbp0OPL0GF308RI0jPN0g0P0h2d0f
g1_oEvGU11TT2STjuP5RGM2xrJuIWp1YFl5-iVOdwjFk-A	pathagon-rules-v1	7	14	3	60	0C050J0B060I0A0D0H0B0K0C0D0I0403050G020C0R0H03090Q0A0P0O0N010O080F0M000F0o002Q020E014x05Bx0MH416681f010EMF56050PIv6g0CC0
g1_oFOk2rHUyxexk7tBgzmCXC-8uquoL2I4JIi1A-GPp8Y	pathagon-rules-v1	7	14	3	41	0e0i060h0M0m0k0l0J090B0F040A0I0308010G0V0C0D0P0Z0X0S0c0j0f0d0a3LSrXl4Nbx5z0E6zB9Aj
g1_oFOsWWdEUzUwLMueuZvvk_tAvwNq8w9cQT2Tw_Ze9Rk	pathagon-rules-v1	7	14	3	56	070V0i0B0C0M0m0e0L0X03040h0F0N0l0R06090H0M080O0g0I0G0k0Ec50D0T0U0dBK0ZD0HbNq7-XE019Rav0fLp0SaAUGRs0GGQ0W9M0U0K4I
g1_oFPt3FXkDoLejcNyqvmvtP4UfHpohXpXOP1I1FE10Lc	pathagon-rules-v1	7	14	3	63	070Q0Z0L0Y0P010U0I0F0k0i0l0A0c0X0T0N040B0e050h0m0H000a0f0EKEUDCi0306W60208HME19LIE1E3N82aK0G76No0BGXRz04R90eFKL8bEWf0JQBCp0Y9e
g1_oFX7ACvDVSPqTWYaHg07NWEHnI7iYjPotCDQsUuaP-A	pathagon-rules-v1	7	14	3	43	0C0J040B0K0V050i0I0D0J0B060C0D030A0H0O0A0P0Q0R0J0Q0I0W0X0Y0Q0W020X090G0N0U0G0V0b0c2K0j
g1_oFfWQu7iIVB8nfqizoKPxfWutlMdfOFAT5eiPaW11AE	pathagon-rules-v1	7	14	3	69	00080m0407090N0Y030k02010h0H0a0R0J0W0A0G0F0M0g0F0Q0D0X0K0TGjcA86XQ0U090T0K3z2baY8KDxGi0m0NB60kMj0NJY0Hbv0V0N0O28Sl0XY50e0WUU1NSHahRO0k0YXY
g1_oFlRrbmDlRepN4BPul2-tkXwRMjqvZacIgbPVtfQBPs	pathagon-rules-v1	7	14	3	78	010f06050S0N0F0c0I0g0k0e0d0i0W0j0A0R0h0Q0b000T0L0G0c0J070E0MFr0U0OVuJT6m09ZpPqWz0dZD7o2QF50L0gU3CU0IR8Nu0lbi0cVX03IYBm0mN87w0FA60e0_0J9O0jDEb80AH70lGFbi0P4m
g1_oFoarHjS0-sdTGOsTgjb-WY4CG_OJ-AAd1dVLVL_-Eo	pathagon-rules-v1	7	14	3	36	0e060Z0J040P0F0T0A0b0D0O0i0k0W0M0S0Q01090Y0j0B0E0m0H0N0lPTaTZ8ZZRK5oAH89
g1_oFpWEwPYrD0Iwu2aQuJ7t2DFQJrZ8oRnSamGlesQQww	pathagon-rules-v1	7	14	3	59	0V0P0Y0I0m090J0W0F0N0E0c000Z0f0e010G0l070b020B03040d0S0TWt0OTS8J2GVIMU0QCi0L0O0G0RDe0UIWaFHD05Uq0LKI9j0PZX0iDL0dEQ0Q0z
g1_oFweCHw8mPl9n7zUajI24MrwOLVLTRhq6lidLmYUhR0	pathagon-rules-v1	7	14	3	66	010M0R0i0W0I040O0X0j0b0Z0K0l0E0P0L05030F0N0d060a0f0Y050B000J4F0e3LCm0mF0bzYaLA0m0cZITJSTHRFNU60G540jER0hPA0iWj3zNu02TRYd0MX-5WZU0b2S
g1_oGFVtajbhdoBzj2v4jMVYx1-LuppGW53dLzuMdapsmQ	pathagon-rules-v1	7	14	3	57	09010T0c0Q050F0l060L0G0e0B0S0P0i0Z0O0W0D0E0V0d0M0b000g04T80HKC0APOOxDOHl0hBN6B2ICcVx9J7CIs8c6N5KEhMa07Fg3W0eY19b01
g1_oGHSycDYb5l06RFJShSpj7BZYUKhYArW27uF8HgDG9U	pathagon-rules-v1	7	14	3	22	0c0D0F0g080h010i0b0U0V0W0b0j0V0k0d0e0l0m0X0l
g1_oGMzEwenxQRPWo8X4omhmX_1jVKoX_uLzg4HuVk1eGU	pathagon-rules-v1	7	14	3	37	0S0l0d0V020T0f0h0W0j0U0i090I0N0C01030Y0k0G050D0H0a0Z0K0MOV0T0e0Q28A7D7550R
g1_oGPNarOoUZSK3tLSOW_ziJWJJ6exb8b3RvaZibye0zM	pathagon-rules-v1	7	14	3	43	0f0Q0T0h0K0C0g0U0e0H0D0M0Y000J080B0Z0O0N0V0E010W0d0j060k0G0I9e0F0a0LNV07Vo0Z0CC7XM6I2I
g1_oGPgPN8sALgVAiVtEpoeLNqBtrF7S1Z1-9D-sV-lXKo	pathagon-rules-v1	7	14	3	41	0V0O0H0A030O0A0c0j0V0N0G090U0G0b0P0W0d0O0W0I0k0X0B0W0I04020i0h0aKN0P2t0M0i0NUt0d80
g1_oGUoPbZFfxxp91G2bVuLIFkXxI5yyyAFgLCtNFfTp7g	pathagon-rules-v1	7	14	3	196	0d0c050L0b0U0W0c0V0N0O0P0I0O0P0V0H0G0M0F0T0a0A0b0B09080C0F090G0J0Q0X0e0W0Q044f0X050Q04Gu357j3r2N1a350q090P0G2N1a357j3r2N1a350q092J1a357j0r2P4e0W1b5S3sA12J4e093u1c2O0C380q4e053u042K3t344f1c2O09380q4e013u1c2O02382J4f7h3t0r391b2P3t4g39032K364f051a4d34032K360s3u1c2K4e093u1c2O0C385N4d6x030o3r2N39080t3u4g1d0C385Q4e013u1c2O02042K349_3u1c012M1a3s04360q1Y3s09360q1c0C4f9-2J7i391b3s2N0p341b092N0p357j
g1_oGW4LcaB0DzvAyoJLnCcJ2x7geZ-dgUuBVrvsv87ohQ	pathagon-rules-v1	7	14	3	132	0F0m0P0R040S0Q0L060K070h0E0c0B0a0J0j010e020I080C0k0N0U0J0MEeHq0I1hMk0CXl0Q0GAiZX0CUW5wHWCjGX040LAq0Q3wW_0FLV2K3t0M34092K5P0q001a01384f0B1a3s38ba051a0o34092K3t0q041a0A09alWibPVqbrR00B0KWGAk4d2O0238034p5S0C3AAo4f0s5N3x1c4d395Q0I1a0o34032K360q0H0O0G0PNl1a4d390q0N02QO
g1_oGehHfNa-Izhzb-kPaRzUqpgepz1xho3Kr2JRLJgiyU	pathagon-rules-v1	7	14	3	38	0f0Y0V0g010J0Q030P0S0m0G020K0I0W0A0T0X0B0L080U0a0R0b0c0FG_0H0E0k0jTUWV3M7k7F
g1_oGjkXpdI0o92uTz1nJU5z5RQlSarz9Up6dV67k8U1k0	pathagon-rules-v1	7	14	3	72	0A0h0U0i0c0k02050j0m0l03060H0P0S0M0R0J0X0O0E00090D080V0B0K0k01Qg0CDy12BsKF9AI4aiB40aNW0PAW0dJD0OEN0gSI0fOF0I2a0d050AI70T1q0dQ_00Pfb_0D8A0NNT021M
g1_oGlrQaPpyPqcy8sEyDSQQQoFP3pIlBSUJaVeAJA_T04	pathagon-rules-v1	7	14	3	46	0k0Q0P0R0I0X0W0V0Y0W0Z0D0T0j030h0K0i0d0f0R0B0W0c0b0a0c0g0J0U0E0l0Q0kGr00R30bBh0FUJ0xLW0RbiTs
g1_oH6xMBeSvuQKG1WOgPoNMZK08BGcWJDldBo8vNXGQpI	pathagon-rules-v1	7	14	3	87	0L0Z05020G0d0X0R080D0K0N0S0O030I0E0Q040W0H0T0F0k0U060i07Mg0PGr0SQlJLClEo5ERlOJV9Z0054XaX3ML1YURTPB9L0iLS0RPS0V2Tba0mDB1D0N0GLwB00RbvO004Lw7i0K9aYT0M07Qk0cKe0hZ4P30i0jJk0h0Q8t
g1_oHMipX84J87frXegN0OLAy6Rwag0DpKf4E8tELLcf9A	pathagon-rules-v1	7	14	3	99	090h0O0l0g030N0b0Y0K000J0U0T0k050S0P0R0G0Z0C04020H0j0c0L0W0601AJSBTJN-0fM0GpUIAyPSFWVK0T2I0h0U0d0aZO07aF0BH80F530L0jOI0E0b3JG_0c160iTK009DK2Li0fRX05JC0eIu0PaX0FPRZG0MEq010G8o0fRN0G875P0UY-N70kbf0R35
g1_oHoEC4S5rdCE-XACUNNvNufD4EOJlX86w6RRG8_wmPc	pathagon-rules-v1	7	14	3	67	0f0V0l0c060M0a0H0K0F010g0b0S0Z050X0Q0i0B0U0J0E0C0k0R0N0T0WLVa7LOTkHtQR3PBz0D1u0XSB0YOC9DSpQyI900Gp0Ib40RaA0X5f03G9DB0V4n790DVR0l3-0mF8
g1_oHoW-3ZPf_ch7mH_fQX9OVdVpFF8sE4pCSp3W7CqveI	pathagon-rules-v1	7	14	3	71	0B0A09080A0C0I0H0J0G0F03040A050B0C090Q0P0O0I0P0N0M0D0N0V0C0O0W0U0T0N0X02063O032X0J7E0FBx0MHP0TMt08S00LXUHWMY0S0M770TMY86C20E0SAz5U08H4760LGB4c
g1_oHtdQoSpTbylNz6vWTEFkB6Ngu6SEmJFrG-JMx0BY4Y	pathagon-rules-v1	7	14	3	15	0h0100070E02070R0L0T0S0j0Z0B0a
g1_oI6p7iZLfk62wQFyShDVWmXISnaYdD5LKVV4JcnWs1c	pathagon-rules-v1	7	14	3	55	0O0P0f0I0b0B0G0H0F040M0c0V050a0N0U0T0O0N0Y0A0O090k0N0C0G0O0W0Q0N0X0P0J0O070D0hKT009X0VDC6a0GWMRc0q3sa34i391b4L
g1_oIEqEwJmOivufW7PvFypkV_-5ljtPPl8CqEiw42woyk	pathagon-rules-v1	7	14	3	72	0W0X0Z0T0H0l0g0R030I000j0e0F0L0B0k0J0a0i0O040C0Q020h070m06ZR0K0aGLQU2Vb9V-08XPF9PIY30DCmHbJ20F0hbN0lDt0cUyFu0j9nGa0XAKbMZrL30eXg0VYK0j0B3gTS0J9Z
g1_oIL2_ePr0TxeKAwdCcSabKY_Hi8zFzoobN5lc3meGa4	pathagon-rules-v1	7	14	3	60	0N0b000I0e0m0Y0O0j010S0E0K0W0A09050J0X0d0Q020V0D0k030C0f040c0g0F8w0AGe2pR9A-5HCOQMDMOm2Aa68qZXTaKw3LG60TAY08FM0UDb0G0C78
g1_oIdtH37l4zC2uIWU8RaRlZH2NTtvxCemIVyj-dVjqkE	pathagon-rules-v1	7	14	3	57	0h0a0T0M0F0a0M08090c0V0O0N0G0H0A0G090H0V0U0b0i0j0b0B0I0P0W0d0V0W0O0I0k010j02YI0hZ_03YX0i0s3A3u040A5Q0k1YCH2YHf0M09
g1_oIgYUJNVEYE3jiMFOPz-_i4Rz98ucV-mJX-Po23h9GM	pathagon-rules-v1	7	14	3	77	090Q0g0B080b0R0V0O0X0c0Y0U0P0I0f0A0V0G0T0L0Z0J0H0W0203040D0C0a0h0i0E0a0b032c0S070e3wDGRMW4L4939gPr0KLq0QY20G0kBkVZ0EJW0hYkXy0iWY7G0T0V0jBJ0OHK0GMj6U0I0f83
g1_oIuU5_SrklQohMQgC0J2VHi9AQtvNf3p06mFksAQkrw	pathagon-rules-v1	7	14	3	84	0O0B0j0a0L030S0c0H0I0Z0Q0G0d010N060U0f000T0A0W0b0h07040P0k080iUyMM6lYi0laI0O0eUg0E1OYOItNAVAZLKhYu0hDE0g7-9yRf92WuUa0iJtM20HVz0OGgaS0XO9QWOoFm0kTu1EOJ340ZM_AsZO4pbBYYEc
g1_oIw15Y7y1dgsPFEQWdrCeHwLZbsQ9_dd4mSUfCo3BUU	pathagon-rules-v1	7	14	3	196	0T050U0b0c0g0V0C0a0L0b0M0N0O0S0N0Z0h0i0j0D0i06040B0I0P0H0G0F0N0G0O0W0B0P0C3r5R4dAs0p3r1b6w2N023F1b3s0r9H2J1a354f0s2J1a0B3s0q2J9G1a350q062J1a355Q0r2J4e0B1b0o2wHf341b3s2NSV0M1a0H0a352U3t0q1Y9G2K360q0k1Y3s360J0oJ92MRc0O0Z352MXk0r1Y352M4C0p1Y35aW0QN21dU00TIP2M0W4e1c350q2O3t1c354c2M3t0c0vRa2K360G0oCR2JJF1a9D180O0Z1Y2K5P0N0oPR2JFM1b0W0o0G36SP1b7h2J3t381b0o2c0A361bA63s0QWx7iHiIS092M0p4P1c0B4c9D2M
g1_oIyHii5c2Nacq975cF-PxYk3Jk-Ud2WOYYvS_a-inx4	pathagon-rules-v1	7	14	3	64	0f0N0K0Q0L0R0h0e050C0O0U030J0m000c0H0I0D040T070b0K0F0g0j0B0A0Y0ZGX09JAO3RINY6eTjEs0iGyGTOq0UFgYlUIIn0JEb0ZVx3b0eXuV80TCOGi0XF_01
g1_oJ-J31kkYw0l5z1cJUTVPF-e9GrHaG-3YNbgDtyPHX4	pathagon-rules-v1	7	14	3	21	0102080m0g0B0F060M090T0c0b0N000l07040U030i
g1_oJ-JwziW7bj1vhb_gRJbzC_kiahfdCibJeohgz0VrVU	pathagon-rules-v1	7	14	3	196	0E030F0L080S0M0N0G0M090T0U020N010A0H0O0A0V07000E040B0I0P0H0B0W0I050C0J0Q4i0I0s1Y3s2N4e0s1Y352M020A1b0o2J5P3A1b0o2J3t381b012N0p341b3s2N0p341b0C010r1Y6w2R0B0p1Y353u2N0F1a0B3s0q2J7i1c090o2J3t381b0B2K0p347j1c010B1g0o2J3t381b092K0p346y1c2K0p083r042K3t0q041Y3s36040o3r2M6x040o342M3t040oIO2R0N1a0o0F424c1a5O380q0X023r1c7h2O0p341b3s2N0p341b092K0p4g7g090Q0A0o342M0P1i05350p9z3u1c2K0p0B3r0C2K09044e0q0A
g1_oJ5TVOtemnLAOkOcZmR3GS-_wyEfQkaF5-Q1O6q3SF8	pathagon-rules-v1	7	14	3	33	0Y0f0e0X0d0W0P0Q0R0W0Q0m0X0l0V0O0W0c0k0V0j0K0N0J0O0I0H0G0C0H0J0O05
g1_oJLaWnFtUHol_eTgVJFNUgKC7VFk8A0-B1MM6NLBn-k	pathagon-rules-v1	7	14	3	37	000L0M02010F080i030F090E0G0N0U070M0N0O020M0F0h0H0A0d0j0C0H0N0c0b0M0c0V0B0c
g1_oJYmoDbNjPCKR9dKpTGj-jueLZqJpNg5vjxsswmfQMI	pathagon-rules-v1	7	14	3	26	0P0B0O0A0H090S000g0807010m060W0J0I0Y0C0X0T0V0Q0D0W0C
g1_oJkGnOiNrCnI6Vr-ltHFIzvwo-kstxiB96AHGvWaTYM	pathagon-rules-v1	7	14	3	33	020S0H0L000i0W050I0R0F0J0A0Q0X0h030g0f0O0l080V0C0K0a0b0M0m0D0Y0G19
g1_oJmgzBu5T0W9qOsI5FRNtLstnS560dWpqsQEWwABxtE	pathagon-rules-v1	7	14	3	46	0H0m0a0G0T0O0D0E0i0M0g0d0407000e0C0B0N0R0L0P0X0k0A080j05BG0b940cDzTP0QBkQdbdYf09KuJz0MDBInCK
g1_oJsL7bOdhXRvMZGzBNBod0DzyF-ilb-9w7_iRMtt2Ho	pathagon-rules-v1	7	14	3	42	0l0I0H0Y0i0B0J0c0S0d0K0N0A0G0X0a0Z0k0R0j030b08020m070h040e0UMc2oavIrYlaDM8V48SDX0k0X
g1_oJv3hgPUPC1ZzSRa8y6GE8jphjeGU0C_2f1U-JPd16M	pathagon-rules-v1	7	14	3	41	0f0a050X0d0Q02010G07040E0L0U0g0h0P0K0T0j0C0W0A0F0J060l0I0V080UFH0SZqNuG5HPPpAJ6q4C
g1_oK6EYnjxtDoYDaiMg3cVWpAL-hDjR2hsWvEZ6fudeWc	pathagon-rules-v1	7	14	3	46	050m0Y0C060K070H0T0B010j0f0F0U0d0V0X0h0O0i030g0Q0M020b0kHyaMTc0lXwJMNP9z0ZbjRwLP5xZUIAG6WECQ
g1_oKDQ2j3kW--xBqSHiXKpLyfZPMnSJcNfGcJGTWR34d8	pathagon-rules-v1	7	14	3	67	0l0F0V0J030R0i000N0m0E0C0D050j09010a0Q0B0e0H0M0O0K070W0AAs0UW74gInSbbP9xP6JB0h0o0V4HaN2NC10DZK0LK7HN0ZbBWS0PRD0Y7CLrJn08Rf0XVn0NI0MG5B
g1_oKPJOaHOlsw-hmGpXdjI9J7bIduuC68aONlmbHv8G68	pathagon-rules-v1	7	14	3	46	0S0i0F0k030Z0l0d070L0X0m090A0I0G00050j0E0O0K0l0D0W0g0e010k0N0Y0U0CBmPw96VzYd6XNn04RwaT1j0Z2V
g1_oKQ5uUcIguPXGX0FOKfErYlhn-9j6U1lE2eckQ6aylE	pathagon-rules-v1	7	14	3	68	020V070C0g0a0Z0l0j0D0e0R0h000c040S0P0b0O0k0Q0A0m0103090H0L0X0JBCURbMMQcASi0E0G0vRgBr00JKXREQZ-QKakWscE05bSUXYQW8Z-0A0KXeZCPCagZybT09YO4j
g1_oKZE-D7u4j-C7BUZIxYOl4xIhzK5okUMQBUd-E9Ybvg	pathagon-rules-v1	7	14	3	42	0l0m0O030V0P0a070Z0k0U0T080b0X0L0h0M0c0Q0d0i0g0N0W010R0b0S020J0U0QHbYPHdSh6DOqN2HnYZ
g1_oKaps1bjLAkJfMUCNdOLNWptn0Nm6QU6HfIkdpwYZbk	pathagon-rules-v1	7	14	3	51	0Z080S060V000P070B0M0g09050G0R0D0h0f0F0m0J0X030U0b0W0l0Q0N0LKWPR3c6C010dToHQMP0_0L0FYPCOLZ0k00D49QQD0S
g1_oKayaMtJ3pf9V_L42j0Pd-s7sumqgcEP7QFIiJWIHgY	pathagon-rules-v1	7	14	3	196	0H0O0P0I0W0S0V0U0O0N0G0T0M0F0N0M0L0E0M0L0a0b0T0Z0U0a0c0d0g0c0h0i0a0j0k07Z_0dWy081R00YQ0hXgZ-ai0gbUZCZw0j0bcF0iZ-ZAahTqbMZzcEalZBbSZzcE0b0cXhZ7YO0a0hUaacXf0b0cbQZzYPagZB0a0dYOZvT2XgZ7YO0bagXeZBUZYMZvaiZB0aYO0haibUZC0iZycEbWZC0iZycEbWZC020icFZ-Xe0cahbUZzcEZDahbUZzcE0dafbSYQUY0cYUW-Xm2O0a381b4e013u1c2KDq093u0r2O02382M4e0H000G0o092J6A1b7h0s2P3t1c090A0G3w385Q094g2O3A0B079H0I7j094e0A355Q2J6A1c35
g1_oKmRPrt4Ge-jQegoNKif16lSl4_bQ7SWArBSEW-o_3Y	pathagon-rules-v1	7	14	3	45	0m0O0A0h0E0a0Q0b0V09080L0G050M0B0P0e0f0F0N0d0Y0c030O0I0C0K0S7M0kIhUrG6TrKdAdDO4cN20d3VCr1j
g1_oL1ET0MXo9H-LpMywy4uL6LwS1rVn2P62Db_rEspzjk	pathagon-rules-v1	7	14	3	24	0i0e0b0908070A0B08050A060C04010h0g030G0209000N01
g1_oL3nfGYqG4aOhhIesw1wPa6PqR93hQScIT54pN_M72o	pathagon-rules-v1	7	14	3	196	08010F0M0b0a0T0U0M0N0G09020G0A0H090O0V0c0U0b0V0U030B0I0P040I0W0d000W010V07SR0aD60G5Z0t0D3wAo5NA30E3w385Q064g0A395Q3x2N4e395Q062T5P0C1b8S2P9E3H1b3s2N0p341b012N1a350q3r2N1a350q0A2N1a358R0B013u2N020y340A693u2N8T0u340A2K5P0q0C1a0A0J3r2K4e0B0o342M9E0B0o342M020A0o342M8T040o342M3t0A6938038W0649Ao0739G83_6C4j395Q3x2N4e395Q062e020M3uGw4mDt3L3u2N025S3A3u04025S3A3u0r0B5S033x384f9H5N3x384f2O5P3x384f05
g1_oLLvMAUGsvpQuQLvVFuX6-JywgZwqoGarpmR6wLYgjE	pathagon-rules-v1	7	14	3	58	0a0f060U010T0V0b0D070k0S0B0c0m0C0d0e0j0W0E0c0V0d0c0O0X0l020b0W0N0c0dB40ibw0mSl035N0R250A06YaUB3g0Y0V160FS06hHW0L0RAJ
g1_oLRBPvTfyBCv2DXiugQJ-h-mbZCyES5MU5RWvf8L3rQ	pathagon-rules-v1	7	14	3	92	0h0T0d0j050Q0c0k0F0g03010f0C0S02060U080W0B0L0m0A0V0Z0D0I071o0eW_0H00011OCPHQVl440lNJ52Ce0MZTY90J7u0iPA04UQUe0cEa03aJNP0YBm0UBD0AX00BOv0Db40QKC0DMH0k6JAQ0daB0LN9Es0IEJ0CRr0gFU0e5m090QCQ
g1_oLRecoxtdTzdiNwyZ2b9xiL4LrLTrEnIOObwmWdF6i8	pathagon-rules-v1	7	14	3	73	0k0K0l0L0O0b0F0I0X0R0a0T0N020G050i040J0f060j080Z0C0W0U0A0c0QJ02ubWPJCdWPDENYAeFI0YG8Q_CRVQSB0P4yONZt0W930cLAJ60UJZ0d0Y0X0fSrB20AaC9d1q8uGA2YFe0Z51
g1_oLV8CYu5L8j368bu6wGwRfvG6bKX_LXjFyY2J4L1zEA	pathagon-rules-v1	7	14	3	63	0G010T03050U0L0H040l0e0K08090O0S0m07020c0C0i0d0X0R030E0F0V020N0J000k0T0e0A0h0j0B4s0P8g1q1K0QNdGFAZY_3rW50TG1M63DT-RFb_QcHR05Jj
g1_oLYfngxvkehOY0fE4jz-67wWYAskf2JsZq6hDDEX9No	pathagon-rules-v1	7	14	3	16	0d0k0M080J0l0T0m0X0j0K0i0G0h0C0g
g1_oLZi55hlPDz6lFO4GUIrFfysuUlqA_0Dy72wnkfdvro	pathagon-rules-v1	7	14	3	15	00010g020L030F070E0Z070a0S0b0Z
g1_oLkXSG8KyMVxfjAPg_yM1qD2sCOc5yWvufBPmiiHJgw	pathagon-rules-v1	7	14	3	34	0F080f0m0k070W0d0G09010l0U080P0A0D0B03020h0V0a060Q0N0T0G0O0H0SUqKX2O
g1_oLqQHTCXW3KLxm29dYymZQL2Ru6uYpTnCl64tPBPbC0	pathagon-rules-v1	7	14	3	16	0D06040P0h050X030N040R020Y010i00
g1_oLvMAtHGD5fW_0q7Wm-oAM1_9k2YLddc3CUA0qKZ0HA	pathagon-rules-v1	7	14	3	196	080B0A090I0A0H0G0F0O0P0H0G0N0H0M0G0W0V0U0O0V0T0C0M0D0N0J0Q0X0K0Q0J0R0Y0K060504035S0B3x0C040J40045O364f051a0A090BQv4d2O025R06341b3s2N0B050p341b3s2N0p341b0A2K0p346y1c2K0p083u1c2K6x083u1c2K02082M1a3s04363u1c014f1d3s6z2J4e053u0r2J1a013u1c2K7i090q082K02342M02040w341b3s2N0p341b012N0p347j3-2N0p347j0Y2N1a350q3r2N1a350q092N1a358U3r2N1a350q002N0p341b3s2N0p341b0A2N0o367j091a0134032K368U0A02400r093F4f
g1_oLvz64Aj8FteHhY_Tojf2ozyrHlXWZE1zRxPPKSo3Po	pathagon-rules-v1	7	14	3	48	0T0Q0U0P0M0m0D0N0R0C0S0O0F0K0i0G000H070I0J0L0B0M0C0A0E0V0a08030g1SLOZ0XS6o8mApP9Lh0ASU0M067PNWZs
g1_oLzQ8QY0-Vpovh3kQydQQAqBa0IJTLcgcSDyrjhdb8E	pathagon-rules-v1	7	14	3	56	0f050S0U0M0c000I0P0d0Q0F01080L0g0C0l0D0B0N0W0a0e0j0J070X0T720CVg0Q03Sz08BHEUIy4g1A8CL60HZE9ILx0EKR0KAg0CQj0G6k0J
g1_oM14RXHy8Q8gev5g5wOTTqtyveDn7AReKzzxuzAHPhk	pathagon-rules-v1	7	14	3	39	030F0C0J0T0Z050K0c0H0I0X0m0h0Q0l0f0O0J000B0V0Y0R0e0G020X0a0P06073UYH0N1L5_0U0X
g1_oMD2TuNdt5_e9pIDw5lQBjz1rpzaV7JL4_qHREQpeuM	pathagon-rules-v1	7	14	3	118	0708090E08000107020F0G030A0H0M0G0F0A0L0N0O0S0N0L0G0T0a0Z0T0U0B0T0A0V0H040I0PIC0M8v0A2C010c02CL0t0F396y080A2o0F1a0U6B8S0A9C3C030F070209030v34032-070p0a3u0A4g6835032O0p3r38Jz081c0136030o0B2J361b7h0w2R021Y2K07Be0p0868099Q070F6w08028f090uGs
g1_oMFrSToL8j1oZqawNWqxAZzfZnczd-78BvSV6PhTSmg	pathagon-rules-v1	7	14	3	30	0U0A0J0j0N090G080F0M0T0O0F0N0M0L0G0M0N0a0F070H0I0E0K0T0J0M0B
g1_oMIjBMAkQf5FkxFGuMKlbM-5XlmQjCFItVgj61rhfdQ	pathagon-rules-v1	7	14	3	37	03080S0A050C0N0M0X0L0j000T090O0Q0m0F0J0W0f0P0D020g0h0C0UNj0TZI0G0E01Bv0k3c
g1_oMJ8ONtmZi6qjQv4-qvAyFWAOkwhmZB3cY3ONiRJuSE	pathagon-rules-v1	7	14	3	60	01080F0M0A080U090F0B080A0T0G0M0N0H0O0Z0G0h070H080a0G0V0E0O0F0N0L0S0I000H0P0W0g0P0b02Xo2WXF02TJ2k5v06Gk6K1X5hWb06B807Lz0D
g1_oMN3T2wG1ksiTi92Dj01RHI3TKCmCDwLQ3_9xtcoiKo	pathagon-rules-v1	7	14	3	67	0X0E0c0M0S0Q0L010f06000d0i020K0B0V0Y090m0I0C0e040d0F0H0T0N078L0g0v6rT-0MEBZk0H2qIp0k03CUHZ9PK51oW20A0YN9GK05Ln0lE0Q40QA0EZ9pP3IBRG0I7T
g1_oMO8YhRqsL0fxfOBIE0PXEuTHdKMp9x4XmjV89RZN8Q	pathagon-rules-v1	7	14	3	48	050N0O060M0C0N0F0G0H090A0G0L0E0D0Z0F08020b0G0F090S030L0T0k0X0U0a0T014n0700080s04075N6D1e01051fQ3
g1_oMRiIwwmnO7OY9U9nZJKyFJkgtXiT6GnTdgZojkQ7ho	pathagon-rules-v1	7	14	3	25	0N0T0U0V0X0O0R0M0Y0K0D0H0K0L060N0e0l0d0k0c0W0m0j0f
g1_oMbnSHRuP7v_VMhfXgG0bAMJjqbNfDLKvj_g3eax6Sc	pathagon-rules-v1	7	14	3	58	0N0D080A0I0Y0P0V070m0E0b0d0j0Z04050e0h0F010k0B0T06030M0L6a0c0Q09EZUX9E4U4w055cWe1eVW0DaK0a0XKA0OKqQk0QJqIc0e1N0kMH0l
g1_oMgC14IGCHDq6a8GoShPt4s_85w4iPzt1e83EgE5rUY	pathagon-rules-v1	7	14	3	19	010W0S0D08020F0T0U060h0c0a0Z0g0C0T0X0M
g1_oN3ok17O4dL28bnpwL4YlFlErbNNdHJpn2Tu1HNA8EQ	pathagon-rules-v1	7	14	3	39	0m0I0C0S0B0F07000b0i0V0h0D09040M0U0c0e0N0l0K0O0G0W0Y0d060Q0kPYIPTBCm0P0dAU0A4u
g1_oN5i1eoCaV6y8KoYTHM0XNt7o1yzbpaUe_Jxe7ejUFI	pathagon-rules-v1	7	14	3	50	0g0D040L0j0B000O0U0S0V060Q05030Y0N0C090a0J0A0T0e0M0Z0b0HHv0ENDEUZLSx0B0a0mAY3T0CEjSIFqAs1759XOAccGRQ
g1_oN8-BnvEmfNXCWNAFnhjavTLP-yywv-GCRhwWKDWctc	pathagon-rules-v1	7	14	3	15	0S0P0T0J000E070F0L0G0E0Z0g0a0Z
g1_oNBNqYZBlBznCXEeZf9KCoJKDAliWRMo0dlraZ9n3gk	pathagon-rules-v1	7	14	3	53	0S0N0H0X0L00030A0M0O0g010H0F080A020F0H0T0V0A0U0O0G0H0E0c0G090I0N0H0b0G0A0U090H0N0V0A0G0O0U090H0N0V0A0G0O0U
g1_oNLKhbZETiTF-8vSZIRLXRGYqCewPx19uE4PspQG9Rw	pathagon-rules-v1	7	14	3	33	0h0100070E06070b0a0M0L0Z0c0a0T0S0G0a0V0T0j0F0N0d0M0c0O080W0i0k090d
g1_oNNZJkPVuBAiebz1jLY76CY0uqg77H0ft5VdXBdqAy8	pathagon-rules-v1	7	14	3	196	0k0E0d0W0a0l0e0X0c0e0b0j0i0k0V0d0U0T0h0g0Z0S0L0Z0M0N0T0O0F0G0PXh0FbQ0lbe0QWxYM6p070i6u1QbI0lcAbWRYaX0kcAbWRY0EZycEbWXg0gZyZAbS0laibUZC00ZycEbS0laibUZC0iZy0obTZCahYQZvXeZ7ahYQZvXeZ7ahYSZvXeZ7bSYQZzXeZ8ahbQZycGZAYOag0kZwaiYQ0hZAbSakYQ0hZAYOXc0gZwXe0gbUXgZ-0jakZycE0HbU2HZ-0jakZycE0gbUWvZ-0jakZycE0I0kXhbQYRag0PXdcBYQbRZzXe0JYObRZu0jZ8ZwXe0gYOBVZvX2Z70_Ra6h07HI160j6M0MX20FBVSE6h0i0SXc1RZCSG0ZXc
g1_oNRMf1SqoQMWloBguaYOePDAunfErfclfRPFuodWf0w	pathagon-rules-v1	7	14	3	84	060V0400070m0D0N0O0I0C0Z0L0T0a0P090Y03020G0l0h080X0j0e0R0WN80cOk0Q70QX2zW2J_SMId3QZbDcbnWUBu0O0XOw0J0HW-0QS30PRJ0Y0P0Z510Nao0BJ-0Q3T0TFo0aDO0QEx03Oy0VPk0W0JU90HQu0P0j0Q
g1_oNVZJLX2F4pHUbiMhrZWHhcx_swUIC1zoCmWMdS1dw4	pathagon-rules-v1	7	14	3	64	0E0N0R0Z0d0K05080L0k0h0e0a0W0l0S020D070B0g0X0d0M0A0i000Q06Qe0C0OAM0b01MGHI0C4l0F980V840k1jHtLW0i0YYo9j0I0MB7au0T1L0FLEOz01DNBz0J
g1_oNaK0v6qACTvzFilUod71TI1IikTigIru-B53ztRGY4	pathagon-rules-v1	7	14	3	73	0k0h0D0C0V0g0m0b0O0j0N0S0X00010f0i0M0L0T040Y0K0U0H080M0Ra20dHZ0kblA8JBQ_YdXpZwUn0F063e05Qo5JZ30G0PLaGN0Xbi0TT1NU0RMbCl0FH_Xc0SPzBO7P0QCl0Y5wEY0l2B
g1_oNfj2KqtGcddUYGmPyJa8OQ5ZL8EwlhCzPwaDzNH8vc	pathagon-rules-v1	7	14	3	70	0k0M0m0Y09060N0U0j0A0X0i020g0L0a080D0H0E0l0R0I0S040Z0P0O000h0d8mZhLjaLS40fMN4TJDI1ZAWuPiVb4505LW01DC0fBA0JEF8A9HFl0i1hNo12Xj00Yi020GWX080eG_
g1_oNmsaMakJKcT5LSlTzv2C1q76RemvkcCDbXIYp6urFI	pathagon-rules-v1	7	14	3	38	0T0O0H0S0j0R0U0N0V0c0O0P0b0O0G0a070N0I010V0b0O0c0U0d0i0M0b0N000O090T0V0Q020O
g1_oNo91p62lb8xiPCUYoH7F2-jNkWL2t7c7z2z04rpjkI	pathagon-rules-v1	7	14	3	196	040B0C050J0I0l0H0A030B0A040Q0P0O0I0P0V0W0X0e0Q0W0d0c020d0V030W040P090G0N0H090O0G0U0b0k0Ua00d2J021e010-1s5o06B25aLY0RGI2J5O36030Kas0o342M5P0A0o4c2O3x040-1a0Y3u040A5S2P3t38035SAq42G90K5SAq42040K60RZQaLYWbcARZ5v0XGWbrAqAAWF0C5RAq4p05Lm5oAq0D05B25aLY0RGILm5o068R2KAm0A0o5N2P4e050o5N2P02050-5h06RE5vGk0KL-GWWU0fQv0R4pWF5O06365Q064g0A395Q3x1c4d2O5P3A1b0Y0ARE2rGk0KL-GWWU0fRE345vWGBN0-Gr5hLYB9R0Gd5h
g1_oNsW87ddoTj4NIoCuyAebLeXwxAqZfPAVXKzS_i4Wsg	pathagon-rules-v1	7	14	3	25	0l0e0X0Q0e0P0R0Y0K0W0d0X0J0k0f0d0Y0I0m0D0C0B060C0D
g1_oNwMGzgpJAEMVDsJbsWNEzjDidKfiPzWwFzu7ZRnh2c	pathagon-rules-v1	7	14	3	84	0T0S0M0L0U0N0V0M0O0H0G0F0N0G0E090A080H070B0E0I0P0W030P0402010002050C0J0Q4i3w0r0C05Kh5wMtNQGyRv0TMmXN0M5iSEMm52050T04X14p8W495R3A4f2O3t5R3A4f0A3t5R399F2P3t4g395Q0B1a4d0s
g1_oNwOaNpziawbcdhDfEWlZZi1Vd9_W2DGENCGjremKmg	pathagon-rules-v1	7	14	3	65	0N0I040Z0a0m0b0B0M0E0V0f0A08010J0D0e0S0Y0T0R0C0P0W0j0U0FJ6029A2hN8ZUMd09Sx6x8y0KPyDU0dCqafJzOh8Ib33a0GBs4E0LDX0FAn0I0HR30JJD05072E
g1_oOHhdxSCPXNJMdJPKeiQCDshBPkdRpvZ83VIWzj4tYk	pathagon-rules-v1	7	14	3	82	0V090f0N0d0S080k0R0Y0H0b0Z040e0m0U000G0i0D030E0f0l0j0C050K0AW4a5ONYUUg0MVt3DC55IEQT90b3y05bvT80aYD3h0IJnUS0mQi6i570ETk1V04cGLn0TQd0QVm0JF7bR0RQs0Ba40cFW0lKj0IA1T-00
g1_oORtYdWxCDSXYKp94E4B31_CNgc8y0U0IhVhk3vELVI	pathagon-rules-v1	7	14	3	31	0N0b0c0U0V0O0P0W0O0V0d0a0W0T0M0G0H0N0I0F0B0M0A09080j090c0k0i03
g1_oOV-fX7EmaJuRYxUNnVPYqSS-xx9cTmmFJgSVpZUf4Q	pathagon-rules-v1	7	14	3	18	010F0a0E0U0G0c0H0b0K0B0I0P040I0J0A0I
g1_oOYlOOJTY6vRvSQMfNNNdAc98h_K_UIDZlZoZG-Necg	pathagon-rules-v1	7	14	3	68	0j0M0S0R0Q0I0D090J0T0Y0C0K0l02080R0P0F0L0N0B0a0G0Z06030AZJ0U0C0HL25uRhH40k7EMJHd0QBcIu04Sh90FyF40A0N0O0V0H0MBM0B0X0x5C053e0D030Ca96Q0Jb1
g1_oOaHv6tfJaZmb_vkFqUtGJWnCCdQz_rzY_JdIAWU26M	pathagon-rules-v1	7	14	3	109	0L0W0l0V060T0j0J0K020Q0P0Y0B050D040m0S0X0f010E0U0Q0R0c0e0QQb0O0F0X0CHD0H4fNT0b08BVOzKz0E45040B4SQM0haz0QDV0iFD0e1I0RXQ0HZX0lQl0k0P7c9sC2MnaS0kCiXR0OIgYt07b9Wh0FOwEX0iKP0Ab904Md0L2n0X0d0QJo0BKULQ0g650e8x09bI0dGq08Z5YI0P
g1_oOjo6W1dbiwWqS3IHMMGHLYW6sMQaynRdwRk_6LNF9s	pathagon-rules-v1	7	14	3	60	0C0R00080m0a0A0M0T010d0P090F0B060L0O0S0E0U0K0Q0Y050i03029t0VOS0lHQ7B1MRM4kLW0YOnTHKPMTCmRC0iNP00ZHYi0jJP0W1q0J2U050D0g0z
g1_oOmVOy6fW9_2gY4ouHRHiPWqSGaiklCs2V3j4hqVgrY	pathagon-rules-v1	7	14	3	42	0G0j0g0e0i0c0W040Z08000R0B0M01030H0Q0f0l0T0J0b0m0k0X0E0KWc0A9g3ADZ0F1IU2RWLkDq5WBV3y
g1_oP2efrs1sLDlrYMmWi0Y6ypF3yKlifu4kv4p4MqAW2k	pathagon-rules-v1	7	14	3	57	0F0Y0L0k0a0R0N060X0V0Q020e0f0D0E050H090G0b070W040S0B0O010gQz08M80RPFVo5r03490N9tBJ00Mh2V7S13J5BXQD0mZW8k0Vb29M09H7
g1_oPAC9fM9JjeKn6ZYcvZZlVsMnVeiwxPU8vBc-Nsr7J8	pathagon-rules-v1	7	14	3	51	0c0i0P0D0j0K0e0R0d0a0b0h0Z0g0X0Y010W060a0X0Q0V0F0G040U0m0W0I5P0fW7Ex08Ay2lQ_7BCb1gBuO00e0OAGZbGdPIcERj
g1_oPFB26box2XTvIbO6eaXLm7ILJC-KKQl8E42QjMZBFE	pathagon-rules-v1	7	14	3	15	0h01000M0L0E070A0E0b0S0k0Z020a
g1_oPKUMyF4OOXAmqG6TbE9EizgsrJHv1_d272Qh3FsaJU	pathagon-rules-v1	7	14	3	43	0M0k0W0Z0Y030V0j070R0C0T060J0F0c00080m0d0O0K0h0Q0i050G090bTxY1NQPe4_RJG7HpVNbY0IJdaJ0v
g1_oPan36ljDD0Kr7VNKhFWuXDhG9bNY1uTV9d4q3oA8tE	pathagon-rules-v1	7	14	3	27	0Z0a0g0h0b0i0S0a0L0T0M0U0N0b0E0F0P0M0G0O0F0N0H0V010W08
g1_oPlcCii1xJQIUw_KZF2LUHFpAneTAwbSO5qzRXjFnHQ	pathagon-rules-v1	7	14	3	49	0Q0d0K0R0J0j0c0C0N0f06080b0i0D0O000A0B0P050C0Q0Y0B020V0C0e0E0k0l0S0M0X2w07CD02bW11WJ2gRH0hI70e0g0l
g1_oPrk13f4_QfobgndY0CpFJHgFPlDoUNN-0r0GdaTCFI	pathagon-rules-v1	7	14	3	141	040F0e0L0m000Q0K0A0i0a090X0H0g060807010Y090k0G0M0J050I0TXN0cDQ0Z0W5ePx560O0lKsCtW6YZG0a-c2RZ1y6OQWHL0YU80hHw0RBn0EaM820P0C0eAP0L4B0FBt02L40N0c0fR90VJc098S0FNC0ZKNDc0H1L0U0lXXPs0g0PZ3be0ZTTX30L0kVl0W0T0O0mXy0bNz0F9M03aH0004SQ01bg04N908bN0P1J0cWX0A0G1Y0LB-Hm0CR60A0M0_090CGI0A0LRm0l74
g1_oPxoGW64Ra-dLs6thov86mui3vM3Cq98i-VUy2VQDBg	pathagon-rules-v1	7	14	3	16	010E0G0F020H000G0i0D0Q0C0S0I0b0B
g1_oQ27dJjSXMzBOocy7-9eVlu9Celxe_jvDGUP_kVYMwY	pathagon-rules-v1	7	14	3	54	0N0U0Q0O070i0L010d0K040R0e0V0h0Y090T0M0B0E0m0f0F060Z0g0A0CCIYCc20m8q0lGNUyOlbqEzGX0D089tXF0WHc2eWl0GIk0N0f1u
g1_oQ5NkfLenc8QgKXGQnZR0X8mJAgd--RuJkaZuXPFliY	pathagon-rules-v1	5	8	3	25	0C04000M0L0K0N0I0H0O0L0G0F0B0H0D050A0C9S0F0N0AGG0K
g1_oQ69c0xaiFzHDDM7pxmOfbl53urDqEPw0AqH8T3QkZ0	pathagon-rules-v1	7	14	3	60	0Q0W0k0T0b0C050f0a0F010B0D0d0H0308020c0S0h0G0K0Z0E0m000LaWV6G9H0B7brQP06Kf98249J54McSWWo720IDpRf0HVu0ZKA0R3E09080aGG0U2S
g1_oQEgvKMWPjtSL2nEIMPu5WHnC264IDzTcmZnb_00DDg	pathagon-rules-v1	7	14	3	20	0X050j030V060F040B0I0m000G0c0i0O0R020N01
g1_oQMvEK32SaqJj-dyNgYgodtwovfNEYCs2hVt5SjyHcI	pathagon-rules-v1	7	14	3	78	030P0I0O0W0R0P0Q0H0P0V0d0O0N0W0A0O0P0c0O0W0H0P0J0G0b0I0c0H0X0k0V0U0A0i0H0W0N0I0V0H0T0W0A0d0H0U0e0V0N0I090d0H0G0I070N040S0B0C0MU90B0c0IAS02Fq0d0J0G0F0IFq090M
g1_oQVRWbhTzobrJ5ExLjHMgSG_kVMgEA5amENnffuZz74	pathagon-rules-v1	7	14	3	17	0f0R0Q0X0Y0e0K0J0R0Q0C0D06050D0C0m
g1_oQWiPUIpWA2prXTuEKfZFb5RBcd22_u9m6-nNJJ1vHg	pathagon-rules-v1	7	14	3	73	050k0K0I0C0b0d060S0J0e0i040U0G0l0B0Q030D0W0X010g0e0P020V0MOQ0WbB00KpMh0cVZFk2BF61UQNAUS63LXDDK0CWa0IO70V4E0K4l7X0IakZyW60dbUIMZ-0j66KO0P0V0N0cKI0P
g1_oQX8WgAwzD12H9Kn3r0_FsRi7UoAlaxYoeM_ACkchlQ	pathagon-rules-v1	7	14	3	13	00070E06070d0Z040L0D0S0J0g
g1_oQYhzHeicKXkveeyO1LUwVM-HKWkYEiR2OHqFhyeEho	pathagon-rules-v1	7	14	3	27	0h090C04050T0S010J0X0Y0j0Q0F0R080f060m050002030B0A0D0B
g1_oQjfBqJ8A-WVJCD1RoyU2z_MN4GhUjzZ6HImoFedeUI	pathagon-rules-v1	7	14	3	51	0D0H0Q0g0J0b0e0K0W0F0U020V04010d070S0E000j0k0f0Z0R0N0c080T050M0CTw7N010lQ1OMKzMLWUXBb-1926I-0L9-VP4e0h
g1_oQtFUvHI_886IY0hGOborFmU1O1gbe8uVB1C3RnCAHI	pathagon-rules-v1	7	14	3	28	0H080A09030B0O0A07000C0D050J010F0C0Q0I0P0E0I0G020401060K
g1_oQuVum9GVrVMI_YCCtreBkko3QZ8XDrkS4EODpFfJWQ	pathagon-rules-v1	7	14	3	15	010b0e0W0X0L0Q0D0J070C0M0l0f05
g1_oRMJ61wmKN8OvoxL-F-BXakkclPAbdTBccFqiBrZHR4	pathagon-rules-v1	7	14	3	196	00040B0507090l020103060A080C0D0B0E0f0F0V0G0J0H0I0K0O0L0H0MWX0P4s05Ix5k060O5SGBAQ0zRa0K2K5PFq061A5N0J014oApNkGV0D1ABC00bu253s04360qDo4604060G030H04193E03003E5Q1h0o00360q4cJE063S5Q4g0s001c0o4c052K4earAQK60P3N2M0p001b0o2J9E3F1b0oJ9062h5O0p4c8_1i010w2O0038020B0o4f003_0r051b9o2U063E5Q004m013603090pIq1vDc2ZJD00Dz120O3E0I720BD10G014602T_0sMaGsPK040A03720vSm00KK1ALSHqTS2e0pAkDc1o2K0p003D0q001a0oOW
g1_oRRjDbvQlzjsiMJmIuMC5ohmrP5bDKj23kDSHfnJ8-c	pathagon-rules-v1	7	14	3	127	0O0G05030d0h0i0f020N0e0Y0C060E0T0Z0A010U0X0H0V0B0D0j0c0L0Q97BZ0I56HbRiEDAX9sK-EoUBb1SwDaPVWcVPIXTM0Q310l0eYC0kMi0X0c0QO80FPhQo0haW0f4FYC0BKRGU03BEWv0fZs0OSBDl0j7W09BZ0e0LP7ag5xG20D4S05c906XmMB0m5u0hNT0e0N0GSs0TZ50WUZ0OPELI0JJnQKCI06KL0MV10QDJ0X0CEQHT0E1P
g1_oRUhYsl8bwCLEEneldqZOO7kJN_IBFCVfBFv6-qKW2s	pathagon-rules-v1	7	14	3	15	010E0H0R0O0U0V0N0A0e0c070j0m03
g1_oRY-b7Tp4r5NKOUokw0dKRKyCwr12-RSDHvr14Ks9eY	pathagon-rules-v1	7	14	3	89	0G0m0h0O09020f0J0X0W0Z0b0Q0k0i0K0P0L0g0e0A010U060j0C0R07Ky0BZpGASHA0WxH3OIabKH2NYxG2Qa4y054ETYc88w0JZG0K4-0ILvU_0A9a8g0iO4VQ08Gl0mF10haZNT0cMg0jbl0aWh0QOY0V8F0OQ30a0WL10SZr0T0B1L
g1_oRcfl5Z6qndqqsn_-yxJOezNZdHHwr9qcsg089aUyj4	pathagon-rules-v1	7	14	3	16	0k06020109070A0304020B000H050O04
g1_oRmtr3tCxp0wruC-0t-AetuXfc_BvfvAgNXdjubvlg8	pathagon-rules-v1	7	14	3	63	05030L090k07060R000m0A0l0Z0G0h0i0O0d0X0D0V020b0E01040f0PP2bGTY30550MHDKF5rICQeB_R66EMg3U8iD92602ad0XF-AnVf8C0CKmA4LgSU0JXqQ3EE
g1_oRrOWbzUR-qLnaiYRqqcjRgRTP8QUI3i7g_Xn_EiZfA	pathagon-rules-v1	7	14	3	36	0A09080B090C0D060M050F04030201030G0H0I0A0H0J0K0P0O0I0J0N0I0O0Q0H0R000701
g1_oS7cIRtDAGJYNjZS7s_RSWWl9jg-V5waj3ypiVmf9mY	pathagon-rules-v1	7	14	3	82	0J0f0V0i010h0O0F0M090d0N0K0E0P0b0B000T0m0l0j0X0A0Z0Y0703HfQtUz0YGAWIQETcFY7B0dCg0e8kBu0DNaXo0A3o0TKs0FZk0gFY08be0Q4E08aF0k7v0mK30MIq0UEu0lB50b9jLOYrVg04TURC0R82EN1J
g1_oSGM5m0wILloLKzhhDQLgkiL0kuFKoyqGaprMLnAb4E	pathagon-rules-v1	7	14	3	31	0F0E0U0B02060h0C0c0L0S0G0A070m0f0T0X0H050Z0k0a0O0M0K0V0e030D2h
g1_oSL4mb8hNAZgFhjAiHJXz3LvBG9xnwBjGi9wiFQmHbg	pathagon-rules-v1	7	14	3	96	0P0V0O05010U0C0S0X0D060g0B040l0T0W0N0A0K080G0Y0j0Z0d0E0QKe0P0F4DR60e28Ao7JNfCjZNKoXj5V0h9T5D0INqS406am0mAC0dUL0lPm0fNE09QY02Fx5C0Q300Cbu0JXt0abL0i8D0d5a0GUY0kBK06Zr6r0lF9Mc0O07G40aaT0iBeYQ0L2F
g1_oSOc4AS3D0e-dOR6tDiAiSVUV82jsU0PvkILEO065MM	pathagon-rules-v1	7	14	3	53	0f0A0C07030j0B020I050b0Q0N0J0G0H0004090C0A030V0A0d0c010F0B0X080S0A3V0UEU0GLk0H4f0OCu0M6gWF40J3Z10NRG5BT11L
g1_oSSTiZRoQ4irvXUSoRV1sdQ-UD-ygnLaLU4h5xBWya4	pathagon-rules-v1	7	14	3	18	07000X0J060K0f0Q0F0M0c0N090O0a0P010L
g1_oSSZZdqhcC7X03O9asEyG9lqpLhkEo8j2ez35uy9UoM	pathagon-rules-v1	7	14	3	32	0k0K0D0L0a040T0C0Q0Z080O0W09050M070X0A0R0B0N0h0I010U0f0S0l0J0C0H
g1_oSYeL2V39_38lZNPFJh2HRkHtONx0AHllJydRciX4DA	pathagon-rules-v1	7	14	3	38	0F0j0B0U0i0e0O050E040K0k0H0L0R0h0Z020W0a0C0J0b0g0C0a0d08060G07W50f2oE40mCi0l
g1_oSYzIWEu31Fhf7e5CTaM8e4v37b8TLbUGD1SIUePdPQ	pathagon-rules-v1	7	14	3	69	0K0a0V06050f090N0W030T0E0g0F000H040A0X0R0Y0J0U0m0j070S08010lO10P1BK7GOSzL0I_Pl8p49WuMPJkOOaA0hVZ4g0NH1750U5YZU09Qr0jFQ05Ew0P630kGB0DYc0e26
g1_oSdYDmad1zCxI6m0t3dJBfnVFlAOtGx470v3Wz1dfBk	pathagon-rules-v1	7	14	3	62	0m0Z0I0g070D0B020e0S0J0A0H050U0E0P0W0Q030V040h090M0a080fcFT10bWU6i5COd8uFJ416-046gMJ088L0d0F0C05TdX4VZ0jaeYcQO0ROGLh0GRb0V7g
g1_oShelVrMvS-gtZgrVD1glT8x7t_p_0oTVZycLJW3jJI	pathagon-rules-v1	7	14	3	34	0Z0906080D0F050B0H0G0V0k0m020g0C0Y070O0Q0S0E0A0X0I0P0W01000I0J0HBI9d
g1_oSijcIkgOz4AIH78uSv4Aoa-f0nFOs_fBHdmpFH7aS8	pathagon-rules-v1	7	14	3	30	090m0G080C0F020M0N010504030A0H090A0O040N0B0G0I0P0J0Q0K0R0D00
g1_oSkMIDphhvgOFvlTSu7Eu797-8z6z2Dn8qOgaf82VYU	pathagon-rules-v1	7	14	3	41	0F0b0Y0h0J0E0C0a0M0i0U000T0R050N0k0U0e0l0Q0X0L0f0S0Y010e0WWf0IVf0WBc0AQl0X6m0dbW2G
g1_oT93wTY0UOIKaoNZBBQ0hd_XFUPIHYFFtTPhuyxPNgk	pathagon-rules-v1	7	14	3	55	000Q0j0g0S0m0A0B0H0X04060F0D02080i0L0K0I0Z03050e0W0k0J0fPO0N2-KiMj3MRy6y59Ee0IWQ8q1uPJ3aYR0VZgXWbD0kE00lKG0C2z
g1_oTF9Y7cEScI_f2zbUqw7x2864ewFt2N9RLgMl6XVeCk	pathagon-rules-v1	7	14	3	39	0m0j0I05090T08040B0h0K0O0f0l0Y0b0E0F0Z0J0g0A0i0Q0001060a0d0c1DSLCD0H0P0XMe027t
g1_oTG5F8FPYq9xTAqfajp2MbG4lmm3Wzw429e7z6Vh_b0	pathagon-rules-v1	7	14	3	57	060K090B0H0M0L0C0b0P0f0J0F0R080h000W0Y070N0V0E0c010a0j0M0A0XC402IgQW8u0763GAWGKRRD4s0M2z7S0l0x9PRiFu09AM0bbC0N045r
g1_oTK7_1XcfcbjbNh0Kr_1Uv781zDLdLpPetyKKGlh6j4	pathagon-rules-v1	7	14	3	19	000709080M0F0a0A0E0L070T0S0Z0L0M0g090Z
g1_oTUo16IwWlv-Rz8TSiaQcguhXqZTL9RC7_8lYDBF788	pathagon-rules-v1	7	14	3	61	0A0O0c0U0N090m0K0d0i0a0j0P0Z0h0R030D0C05010Q0X0b0J070f0S0a0OUp0I0800A10F9TGV0TOFWiYoNg4s06MIIfCkUM0Nbr0lYm0dOl0P5P0kGR0D2m
g1_oTwwL9DsK4J_wTMDYEO19JiJHnht8a0ouD3w06xhhWQ	pathagon-rules-v1	7	14	3	80	0U08020J0R0M0E070m0T0O0b0Z0V0F0C0A010d0N0Y0X06050P0j0h0g031-0iTN040L0KAi5rFqKDHUV00b0EMqLT0U3eUwc706Cl03FbN_0CVg0DQ70Qb50e3FU10mAE0XV_6c07I60RDfE80PL80fJOXN0E53
g1_oU-G5xZYW6S3rowF0rhzJLK8zmboweKD6qBHmPOqTGY	pathagon-rules-v1	7	14	3	33	02080U0J0S0l0c0X0a0V0P0G0O0A0b0e010K0V0W0h0f05030g0M0H0Z4l0I0N0m0G
g1_oU5VQpT79NkOuwHLem7IBzajJm55F7hwqsc2RwHXiqU	pathagon-rules-v1	7	14	3	40	0O0N0i0G0M0H0F0A0N09080102030L020E07000807040B0I0P0B050C0J0Q0C060D050K1z0o000835
g1_oU5d8lV4v0yfCAXiOgYvpt77col_qibxekNO3jS0BWM	pathagon-rules-v1	7	14	3	25	0T0H0A030O0V0c0j0O0F0M0G010L080N0h0M0F0E0a0M0F0P0M
g1_oU6ngdSlCVhbrCPK9TtuV_K2qb_vS2ExR6BZSQgPltg	pathagon-rules-v1	7	14	3	45	0A0a0E0T0D000J0Z0S0K0V0X0C0B0L010Y0c0i0Q0k0I0F070H0O0h0W09200R0NXkPKRI08Z4Sr0YOKHEPMRJNhAM
g1_oU8PjGgnKAsPFESa8_Ym-IVkwdhSKZ4G-C_gsSxM3s0	pathagon-rules-v1	7	14	3	89	0D0a010h040f0G0W060A000F0b0H0X0N0g0B0M0P0G0O0c0V0T0m0S050U0KBLWsXgcF029V42Ct67K90j0NBGYQ0e0Dc40BMtZ8SG0dXe0CZB5MbPGqQvbc2N0I5SAq3u8V0P5S3A3u1c0Q0Aar0P385Q4e0G090N0A0q3sWE2O360Z3-
g1_oU8Q0i1IUQ2julxw4N8pCtIusx4msSD1uMxOSZzRXoY	pathagon-rules-v1	7	14	3	196	0J0K0Q0R0I0P0Y0Q0X0W0Q0l0e0f0d0Y0m0X0k0e0l0D0C0B060I0C0J050Q04030A0H0B3603Dp0A2J021f010v09681f01bl16680mBcH4160H6MbeGs012Q1a0o08346x1bAl1X2J5P1g7h0t2J6x1g5O0t2J4e1d010-5N4i1dAl425R0C1e0B3s095S041e0-4c2O5O3x0r021Y693y4g0s5N0B1e0C0oLS2QGQBx0_68Gz1tC2MR050uRaBW4e050o682Q77020u1YBW08360q00Dy0K3V2M8T1h0A0o08026v6MWHHI160f00MR1D1Y0eBcH4160H6MMKGs012Q1tBxLg6hGz16BVMR6aGz16BVMR6aGzRvC2MR0RGzSE16Lu
g1_oUAxLwK9L-s-UOw0D0ASJl9RrcHV1yi54SCUrQdwKFw	pathagon-rules-v1	7	14	3	91	0c0C0S0W0A0I060D0m0X0b040R03020g010M0h0k000a0N0Y0Q0V0Z07M80j0e0LVUEt2hBBLIH94uI55m0R0pP8bt4R0408Z10i06Gm0BAQ03Lh0dU70l7A0NDd0I6d0MNE0bFn09P40dEI0mSq8B0Q3h0e0bOJ0X0W0d0e0X0R0eZk0d0722
g1_oUCxHJqWaK2_ysarlh7tR2uoYcqOdovOyP87vOVTb1c	pathagon-rules-v1	7	14	3	76	000m0e0l0I0F0D080Q030V05020g0P0O040B0b060L0M0X0d0T0h0Y09N50RPD5AQE9F1VbXHJT5R1YOTQXNBoJK6PYaNW0E3_0VKW0105bb02CR057Q0W0dZ-0f2T0lPv0Oc24S0i6VF3040aJEYb02
g1_oUDICcJClSgWdb_kA0SYcGqsdZ0KyjVABc1S6LEK9-I	pathagon-rules-v1	7	14	3	63	0d0L0m0T0E0a0X0B0I0j0b0l0i050Z070H000c0P090E0W0Y0Q0V0I020F0G030P0U0M0NNf0KQ_06YO0I0fF91RLJbRT70AEK0D5e04RkX40Z6IVV0FD_Gu0RDW0f
g1_oUDOiv6rDJTdh9zl6bzZjcycV-whX_5P9jiBIN9XTgY	pathagon-rules-v1	7	14	3	59	0601080M0U0O0R0l0V070N0F0L0h0I0i000e0K030B0W0f0Y0E0X0S090j0HEs07Ww36OMb0LvXnBzVl085C0l1y9t0AH40a04UCO80I4G0W0f04MlDv0D
g1_oUKY8362Fq_Ihlbl-5MI6D0fDdns4dGE9Yt1XQ1-QC8	pathagon-rules-v1	7	14	3	16	0h0i0g0a0b0Z0j0c0i0b0k0d0l0e0m0f
g1_oUZ0WOwyEVl8wd1KfUivqRAEQzIpuxFAh2qzRXNKXuI	pathagon-rules-v1	7	14	3	52	0S0L0X0k0E02030l0B070L050m0j0T0M0F0a040b0V0W0R0H0N0D0c0h9D0QNA0B0f0iWA09IsafP8EBHAXuO10U297qbfTsLY0k0T0h
g1_oUd8AD_8SurbiMbX9FSwD72qaJeC0eUC_e1ikPZEmuY	pathagon-rules-v1	7	14	3	61	0c070U0A0104050H0D0l0X090C0Y0E0M020I0S0F0G0R0a0e0g0K0T0ZOM00AI0iQSHj0NYs0b6r09100QSI820JXSF209Va0cbG0g9j08Ow03Lx0Z8YT60m1f
g1_oUpMkZ5obtBMzEfUEmfyyJSHVNcDDBfR2a6BvD_Evkw	pathagon-rules-v1	7	14	3	60	0c0U0H0Z0K0g0D070J0b0f0E0M0h0j0i0l000V06090A0N0P0m0T0Q04c31IZr8mWCYTUV01ObHH0WTpB6N10B269eKWVfM8MFXZ013hbU0gFxSJ0QT3Gk0m
g1_oUuhZErm94wwIrAyDWuQV3lK9yO-IkMiRkDlRdjjZ1U	pathagon-rules-v1	7	14	3	79	0h0M0L0k0K0N040I0W0e0b0G0T0F09000V0g080O0B0H020i0m0Y060C01AU2sQzOyFI9tViNdDUTBacWQQKRzI5c493PhbTK80CKw9_03Zo3s0DCr0j5UZ1TC0R3c0DYH0CGmJr03VC0hNn0FEd01AFRO0W5A
g1_oUxzfx47uEaDLkx5jNdorMwQ0rOPquycrsb_O1wiYvs	pathagon-rules-v1	7	14	3	31	080i0h0g0e0f0l0d0h0a0e0X0Q0J0K0X0C0Y0Q0W0X0R000P0T0Q0J0D0Q0I05
g1_oV5MSxFdB6I7OIbwL3vxVlN6Ju0yFoFdwF-aCW8BIlU	pathagon-rules-v1	7	14	3	99	0g0i0I0f0k0N0X0j0b0S080H0E000G0P040a0Z0e0Y0Q0V0c060h0A0m0C0dDM0X480B0G190TIf5QJVaCYvD2KxNGUB3a048u0iAz0aTq05FU0dPf0M0cGq0T0HHR0LBrVt0Q4P0TDO0b0MUM0a0JID0Tbt0m0B9906bh0RXR0XCa0DAE0dJn0bG8Ms0XIFSJ0m2A
g1_oVNwj_vrFptycXqfWk1nQ5VanW-ASj13_fXILGETVKw	pathagon-rules-v1	7	14	3	57	0T0g0b0800070E0a070c0h0i0j0h0b0a0V0k0d0j0l010e020W030U040F0M0L0506090A1j012T023G0D3u1c0118002Z026R0q5m1YAl2O02041h
g1_oVPFYeaZRLFzOC4SuLMy8F2-tClWYOxh4KGjk9sSsJk	pathagon-rules-v1	7	14	3	63	0908070A080B0I0P0W0I0H0G0F0H0O0V0E0O0N0M0G0N0U0T0N0V0L0U0M0S0a0Z0T0b0c0a0d000102030o3l00HWRvC2MR0a0S0b0TX2C00U9d6J0W6y0r082M02
g1_oVRAOKG46G0umiSEj-MRyhmZ9xsOchDjRIPbEqVwu4U	pathagon-rules-v1	7	14	3	38	0R060Y0g0f0K0I0O08000X040e0c0H070L0V0i0Q0P050Q0N0m0J0W0dK7090P0K02W-bf7h0G6A
g1_oVaQHOzOrgyr6bAA3QJmrGC3pLskOmkXXYNUMi4y5Ak	pathagon-rules-v1	7	14	3	61	0c0U0e0j050X0G040S0K0E0W02090H0B0T0g0Q0Y0V0b0d0X08030h0MC80Z4-0l05a_5MX20P0CK8002W6cTz8E0WTOWB3CKw0gY90c5o0PMd05cC0lBS0PBd
g1_oVdsJoxnioiVuHRc6NWlNjMUhf5iwg60mkct3sqgMI0	pathagon-rules-v1	7	14	3	196	0Y0X0W0R0X0Q0P0I0J0K0Q0J0V0O0H0U0O0N0G0f0e0Y0d0c0b0m0c0l0k0j0i0k0D0CAq0DYYAo5Q0B4g9E39A03x2N4e395Q3s2N4e341b3s2N0p341b3s2NEb391b3s2N4e391b3s2N0p341b0I2K0p38Ec4i2O0I385Q4e0i031Y2KYV0b0o342M3t0i01381bYU2O02382M4e0b0o0i2MYV3rZI092M1a3s0A360q1Y7h0902110B0H1ca43A0I3wG9030B04br5aLY0A0C33WNW2REc3GrWU0HRSc3Gr5oWUBNbkRZGdWGBNbkRZL-WbBNbrRZL-WbGkbrRZL-Wb5NbdG64e0s5N0e2K4e0sQp0Y2K360q0f0A0e1a4i393u2N
g1_oW-F23pXTt-fKDXBAsRHYXc6SXktUOUTk5nb-42yScQ	pathagon-rules-v1	7	14	3	31	08010T0F000E0b0G0I0B0V0P0U0A0J0C0e0D05090C0Q0I0H0W0O0P0c0k0a0d
g1_oW2r23aA3uhcaCnBivdgEEZM7ACnILIRvrh-v6l1lvk	pathagon-rules-v1	7	14	3	102	000N0i0f0S0b0k0D030R0W0U0c0M0d0C050P0h040T070Z0E060J0L0KRyWhXyTb02BU3J032tAdMj3FUS4YHPOj4gJ1N6bo470NCK0P0A0Y5lLx02FgTc03YsQn0eIv0FBE0HX40kWX0c0CF2QD066O0AO105If0J0m0NZQUz0FSS0iFYb_0QF20d3n0A9w03EE0IaS0R8B
g1_oW5H6rYeBjTsRhMmJvmsfisyHWsUMS4q1s0Pv0VdTaE	pathagon-rules-v1	7	14	3	41	0O0X040m0f0R0a0d0L0D0S0c0H0V020P050E0G010l0e0h0Z0A0C0I0jGz1v09T_SwC5EURp6iVd540L4C
g1_oWAxKzcsfK8k8Pux-GQq1sVHZg13_NgFl-wrpkaI3Ig	pathagon-rules-v1	7	14	3	62	0H0O0N0b0W0F060K0I08070i030m0T0A0C0V0L020E0e0f0P0h010Z000B76WR0fA7JPN2Yu3CVYYMDi5gBR9AKU9o2jJ40C0NCRPR06F0Lb02ba0A02Yl050UA1
g1_oWBT4GUQMImSNMyp05KpfYzZukGoIFmvUIzsnKBtqHQ	pathagon-rules-v1	7	14	3	64	0O0W0J080T05040l0C0g0Q0F0P0R0H060N0M0k020S0b0X0Y0G0e0d0h0V0c0A2sDeW-0iULa6aoJ5OFJT5i0c4c8o3M090lFNR30kI50XVo0fRo0eKS0OHN0ZTb0e18
g1_oWD68d2MJQxjj0scVsdl4kQFSkXZqGiyRI9-VpH6ASo	pathagon-rules-v1	7	14	3	35	080D090H020Q0O0m0b0N0A000P0e0Y0X0Z0d0f0F050B0a070C040h0EWR0fKD010VV854
g1_oWIOdFXElOr6Vg1_S0p3_6AbKLIzd3sSmWVkj-6d9rk	pathagon-rules-v1	7	14	3	70	0O0G050B0e0J0i0k010C0a0h0U0K0b0f0R000P060D080K0Q020H0F0E0m0d0S0e21a8BEFZbq0YOjE4Sx6403CqME9IFfCF5IVu0JDd0FV90bSr0ZLF0QZp2z0SM40kOCF4Jq0U0B1E
g1_oWIqdOsRIM8ZuD11SRP3hBPGusOFelGTzGnLysR1-dg	pathagon-rules-v1	7	14	3	84	070D0M0A0G0X0Q09040B020I0P0C0k0j0V0a0g0F090J0Z0T0U0Q0R0S080i0N0L800HLSQfIXHDNmFlRfZsKST46yMz1eIiR60fXR0ZFxVe0e9K0NcE0LFH017aJ88f3c0aHNM5Uz0S5dYJ09ETRRRz0Z0g8C0AOk0f0V93
g1_oWJ2uNf0Pr_K-Ne55Dr2nZrbxMX6bH9KpN1MhLJ_Ehc	pathagon-rules-v1	7	14	3	138	0O0a0g0l0P0d070f0k050W0Z0C0c0i020Y0E0M0Q0J0m0A0N080S0B09aT0j9qZE0IS3I20LJiHZF_TzAY0B04070aWmY02m0ACDKO0FVnZj0BCX038NXP0F4D0h04NT0iMn0JUS0c0gFo0V0b0cPu0aRP0JS3XC0G0I3T030SCK0Mb20X4L0QY30PFE0Bbp0fa30lFj0eF50m6T08Pq0XSr0kGtD3K3bn0ELp09U10Oah100mRj0G0M0Z1h2R0NbH0BOi090JIZ0NJJ7Z08
g1_oWKzz2bWR7XXLYKOkCreOEIA3c-v5KGYVQXDYdEIdiw	pathagon-rules-v1	7	14	3	67	0O0Z0b000P0W0f0U0N0C090T0d0j0S0U0D0Y0W0c0l0Q0B0A0a0G0M0I0k0i050KSw0eaQ0F7o01I80F0V0gMW0K0c0Y02060JNx0DYt0TA52c0CPS0RQK09WM0r03CI05G89q
g1_oWXu34Je2rcP0exoGzNb1oKFoBDm1TvLa7bc6d7rOlU	pathagon-rules-v1	7	14	3	60	0H0I0e0G0T0S0H0A090F0B0M0N0A0G080L0D0M0c090O0E0C0F0A0P0U0j0T030109020H0O0V0A0f0O0B0H0I0lKD0HZ-0iWJ0b3E0PbxKR0P0W0O0VBc0Y
g1_oWetJDGIcRbm3D-DL2NNs8QELtDdCybzP62ut_0wqGU	pathagon-rules-v1	7	14	3	25	0P0f0j0E0W060A0c0F01070S040K0V0h0H0d0C0O0c0R030X0I
g1_oWhq8V5N6mNK_4b4m6qV1Q50Np-DtIyB1SjPT86cPMk	pathagon-rules-v1	7	14	3	39	0T0U0a0b0M0N0Z0S0L0T0S0O0V0c0H0V0G0F0E0M0F0708090A0G080i090j0h0g000h070a01Wz0g
g1_oWoo6nNuWE8a-x_3FVh65ReYVucMqBgt9_mk3Lv-wWc	pathagon-rules-v1	7	14	3	61	0c0C0l010J000Z0j0i0D0O050K0W0L020R0f030G0M0H0U060S0h0X0A0F8YHr26UK1B09YQGGZm0P0h8I5uCa2KVRQX0MBFM-0gKV089f0719OvMD0QJGKg0i
g1_oWrEpHC0ujIicwh5xAXrC92COtBlx-6QBLbW1L8cNQI	pathagon-rules-v1	7	14	3	71	0e0Y0C0A060T0H0Q020R0B0P0a0E0L0W0i0j0h0U0S0I0N080m0G0F0D0fKR03O3A60Z9bRXbu0A0bFI09NH2vC9IZ0NKOQC0dKt09Za0TPhYi0mUu0i0jb60N02Sc0401Kr0PG5030X5X
g1_oXZHL_Fc70QmvfMEJDsGC9PxNirzocWEBlz-d7ylEeU	pathagon-rules-v1	7	14	3	64	0R0X0Q0W0j08010a0h0Y0L0A0b0S040J0i0B0Q0N06050e070X090F0C0I0PYx0B0E0ZH60O6000KpS1X-0DZeSi0B7w490HLY0J0M4p5oMl0I0XBoPc090MWg0A0P6J
g1_oXyvC6JOiktoG5wh2NtDC8FvgkEnPm1vClEBJN2-zCY	pathagon-rules-v1	7	14	3	36	09020G080F010N0M030F0A0H0O0G0H09040B0I0A0B0P00070E0L07050C0J0Q0C0P0B060D
g1_oY9X5gWDp2SCssGvs4J7TNlFMULKuFCwZ998DGJQvTs	pathagon-rules-v1	7	14	3	48	0Z0N0Y0X0l040A0M0k03010S0H0U050F0m0K0W0h0P0E0i0b020R0c0d0V0I8dHk4yXtKI0L2zHQAN9S0eTIY-UzXd48Oh3L
g1_oY9yQkSbyE8Mn52ts1LUzsVMTH2LigJxDDfFzPw0bsA	pathagon-rules-v1	7	14	3	52	0B0C0I0J0A0H0O0I0H0P0Q040P0B05030W0X0V0Q0N0G0U0H090A0G02060D0K0R0D0Y01080F09082J1a01090p5N1e013w0r5N0601
g1_oYDJKDm-XFpXXefDBykdvYBhdJAJsq2C4OMuzs1RyMs	pathagon-rules-v1	7	14	3	19	0O0V0H0A0K0U0T0W030X0A0M0N0G0c0N0V0F0j
g1_oYDe4PySP4Qgbn4x5Jd6U4SH8YhQEussLh-MSLo0ufM	pathagon-rules-v1	7	14	3	78	0C0B0J0105080I06040D0B0K00070302090A0H090A0G0F0E0G0O0N0P0Q0M0R0F0N0L3W1b0o2J3t04090s1Y352M3t0r1Y352M020r1Y4d05360q004g0s3h1Y3s2MEG0p1Y357j2N1E1Y35JB090o7gJz
g1_oYE2JpPqO1EiAbU-0-03d68vXQx2DUVsS7DxuwifBCM	pathagon-rules-v1	7	14	3	43	0K0f0i0A0H0h0F0Q0N010M090L0a0U0O0l0G0R0P020D0T0I050Z0g0Y0C0hM2DC0b1bYv0V2XJBMv0XBWLJ4k
g1_oYGbwWWu_WzrqUkh8rL9twUs7GaLJZq9rS_IPB5C6ag	pathagon-rules-v1	7	14	3	20	09020a0h0M010H030A040E000T05060K0G0C0B0D
g1_oYVdX890bD-5CYRASzh9vh8ivngBICO5N8CFdWx8QCw	pathagon-rules-v1	7	14	3	80	0G0H0N0O090A0P080O0F0M0G090I0G0B0T0U0V0W0U0P0E0L0F070S0E0X0Q0W0J0C0201000801A0040C42030t39KkQ65N4i393u0r0C4cI10M5Q0PA20CK-040CAn4i3wA10C5S0Q3x6S040u5NBb4q0J0u00
g1_oYa3fsLD_A6eq61UOXm_k8cVr_yafwl4oeoH659RS7g	pathagon-rules-v1	7	14	3	65	0i09040d05000V0B0J0T070P0C0X0g0b0I0e0F080h0k0D0H0U0R020NNr0LCW0l540fZD0M3u0ZOwb4c10lFs0464UtO7GM0bLg0ib30XVfAj0lJL07ZXRf3AbPRIDp2n
g1_oYbC5ZwaOOTrr5OdYMQiJK_p6YRwWke3_pkmj73Lhqk	pathagon-rules-v1	7	14	3	50	0H0a090f00050C0V010e0Q0J020O0M0W0X080C0E0R0d0c070F0G0N0l0h040P0G190KIb0FKd0mAs0VXx0BZO03Ub0UQMC4Lf6h
g1_oYg0LTTSaDwyrzm43x3yFCSKpysljFsQzY95ertzmPk	pathagon-rules-v1	7	14	3	39	0A070Z0B0C09080B010905080A000F0B080A0E020I0104030P0B0W0G0H0O0N0G0H0O0d0G0k0H0J
g1_oYmLgIMcuB9iOxqbE2lO271g1zhXzrVdd31ZFENLKr8	pathagon-rules-v1	7	14	3	31	0c0b0L0P0g070S0G0E0H0W0m0e0d0U0f0N040F0D0T0K01030e0i060j08Gf0Z
g1_oYpQAB9bEJWmUzp9j7rCO9QEX9y4OLY4ccu8xXb0mtQ	pathagon-rules-v1	7	14	3	196	0h0g0a0Z0i0b0S0a0T0U0a0V0c0j0b0c0L0M0N0O0U0M0k0N0j0d0W0P0V0d0c0W0l0e0X0Qad0WbU0dZz0jal0kbP0lc30mWb0f0EbeBVX9HW0e0L6uX20X0_Hd6obeC20_Gs6TMKBx0_Gs6T0MBc0_GsHy6aBc0_0mMD0SBcMR160S6MMKGs01Bc1a0obX0S2K6A0q0m0MbZ1YWy382M0p0g3u1Y2KMF0S0o342MMF0S0o342MMF040o342MHf0M0o032J361bWy0s2J361b3s0r2J361b010r2P4e1d355Q0g4g2O361b0S4g2O3A0L3wLW5Q0R4gQr35LV3r2N1a350q3r2N1a35Gv3w2N1a354f0s2P3t38035S3A3u2N025S3A
g1_oYtIO2wCeCDNuaYKTxy7C6pAY2_soD1moehDIEKC9qo	pathagon-rules-v1	7	14	3	18	0D0N0R0K0J0I000J070S080T030O010H020M
g1_oYuFcWnqoPQfsg3z9d6EGId3iDCnPTiMbwA-SpNZafw	pathagon-rules-v1	7	14	3	95	0G0Z0R0E0b0F020Y0i0H060U0X0V0G0P080k0D0d0M0h0a0I0C070W0B000fSoRTM4EsQQC3PcEO0ja2Hr0AZ2XH0YUBZb0F5z092f0kAj05Tc0VTv0bIp062b04B20H0d0OV60lGaSi0f9gPk0gDVEO0XJ4NT8o0754I40CF1Js7P5l09ItO3ZRQ80j0-
g1_oZD24K7hsRQ4H_fiTIILEo-x3FWCVUjj-MvVtirZoMM	pathagon-rules-v1	7	14	3	69	0l0e0X050e060Y0f000m0Q0R0K0Y0D0J0C0k0J0l0d0W0P0X0I0e0d0B0W040H0O0A030B0V0c3a035P0d030W3006Jl0O3Y184s0d4C5y09AZ0C9uAS0B8G0WDb0dbz0b0C9o0BEc
g1_oZRBF4nmaIXG9krfmaRhrtnUUMUf78AdoavRVXQdHL8	pathagon-rules-v1	7	14	3	196	0j0c0a0b0T0Z0M0a0h0F0a0i0V0U0c0S0b0T0g0M0N0G0U0O0H0N0O0I0P0H0W0d0k0A0d0B09080L09X9MKGs01Bc1m160S68RhH40L0uGsBqMR0S07HPBqMR6aRhHPBq770T0u08BV776TXp1RBVRo6hX21RBVRo6hX2HWBqMR0h0S0iX2Y1C9YhMLHIRv0ZX9SEHPMYBxX9SEHPMY01XNRoHPSgMtBxRoHPXGMtBxRoHP1aMY0S0EMmHIXG0a011D0TBqRo681fGtBq0_000L1K0i6oMKS0HPXGC9MRS0HPXG0aMRS0HPNJC9MRS0HPXG00MR1DHWRvC2MRXNGs0TBcMR160S6MMKGs01BcYW041a0o34032K360q051a4c356B2O
g1_oZZyXthh4iUl1QFrI1el1WEJIcd9ayNXHIbIohNJFVI	pathagon-rules-v1	7	14	3	54	0M0F080T0F010a000T070E0L0h0E09020G0N0O0M0H0A03040A030B0P0I0O0W0V0P0U0S05Xo0-9W0B5a3xG900Av3U031APi4w3H03Lm5o
g1_oZd6CYbGas48T8yQwOYJVg3DzWleEdBR8bMgL4WB5DY	pathagon-rules-v1	7	14	3	32	080S0T0U010M0V0W0X0V050G0C0K0J0Q0P0O0R000P0I0D0N0J0K0Q0J020H030L
g1_oZrk7dD-Gq8J5ZRI3ktwqj7hSd5JXR2sa5h5a6bbk68	pathagon-rules-v1	7	14	3	65	0g0h0Q0J010X0O0N0M0Y0l0i00020U0Q0N0m0R0P080T0V0W0a0b0E0T0F07090G0dYQ090L0hbl0ZQhCJ0GM90XJ40RJW0F0OalZzWu0M0S3pcEZDahbUZzcE0F0GbSYI
g1_oZx9QgvZAUoi8NZroiFWseNQFcMR18U3dkW4-Qp-LeQ	pathagon-rules-v1	7	14	3	60	0E0U0V0O0N0c0b0V0U0H0G0F0M0G0T0a0L0b0S0Z0g0h0Z0i0j0708090F080A000102080109030G0AW_397j2P3t4g395Q093t4g0s00040u1YBW2P6A1R
g1_o_-k60dGoVT7fws01rQQak6dVS3NF3WpqaEjpxhl9e8	pathagon-rules-v1	7	14	3	66	0k0Q0h0R0c0U0H0T0J0a0M0I0b0P0C0K0i0J000D0V0O0L0Z0N0S0U060f0G0eSZ07MYXz0F08DC0OHC16037L00VQ0CYcFa0JCO6A3B1m1RGs0HBc0A0_Rv6hX20FH4086N
g1_o_Ar7TRPVQVuZrEdrrdf2eAw1ZgRvJ4PwaSA2LOhK0w	pathagon-rules-v1	7	14	3	37	0N0A0U0O0D0P0m0X040C050E0G0J0R000k0Z030g080I0b090Y0f0j0L3t015EH50hA13m16At
g1_o_JTs_kTcxl2YKOABJ-2S3Xj5-04HRdA3peEkwUUZLM	pathagon-rules-v1	7	14	3	67	0K0d0G0607000I0A0P05030c0U0O0Q0i0j0M0a010J0e0H0E0S0T0h0L020bGC0gELVu0CJfFO663NHVL61b0L0AXj4pSWOlAB0aKP0kM7bS0RNS0hTI0O3n04IFFv0HF7AS08
g1_o_T7BR_jfkmtZsaib-KMwz2hrwqdy31j-NuGV-wMa34	pathagon-rules-v1	7	14	3	31	0V0c0O0d0H0b0U0W0N0P0I0G090A0G0B0X0I0W0e0Q0J0P0C0l0k0i0e0b0jPJ
g1_o_We8vIjfEimxL6Tey7Bne0Dz-GYcHDTAo8IAhliv9k	pathagon-rules-v1	7	14	3	25	0h08090A0B0T040k0C090J0X0Q0I0e0H0X0l0P0G0m0f0Y050f
g1_o_XSPiGbj1rl3GpwmcwVgCkb4c89PcatYM7GGWJuL-4	pathagon-rules-v1	7	14	3	19	0M0Q0F0100070E0T070N0O0P0N0R0V0c0j0S0c
g1_o_gz5EPWf3sIQR_z3aFpV3TE3K_-9lD2BU8nSiPsS1M	pathagon-rules-v1	7	14	3	64	070O0J0K0N08060I000J0U0T0H0f0h0V0G040A010Z0l0B0U0W0a090R0m0i0XNqDDStYK1tA0Wr9rGJbtEz7-MC0DZ4PSJk8_0gBK099v0kGT0d3ZcD0WLOQo4U0B5E
g1_o_vnPHI54Oyo-SiJuYKXqoocETJ6mugQWIZV3TvFTy8	pathagon-rules-v1	7	14	3	25	0608090F0D0A0k090M0K0R0T0K0M0f0G0X0Y0e0W0d0X0Q0N0X
g1_oa-lnNh6jh1QsiKG6_vIeeyRTPPPC6Xr7uAvDEw31KE	pathagon-rules-v1	7	14	3	19	0h00030j0a0d0T0c0M0l0k0X0F0e090P080H01
g1_oa02OqRz0Ip0NUeqcx4ERHscSDPy-vobEvDTti6l_2U	pathagon-rules-v1	7	14	3	46	0M0F0C0h0m040I090E0J0f0c0P010L0B0R0T0X0S000D0K0C0V0W0e03050M0bHfQAUUKG0QOm88140X4mLFWHMPFsM-
g1_oa5IWKakcuhkNwivY5JUKG-ycAn_hRTmnExsuWOYwUI	pathagon-rules-v1	7	14	3	56	0U0V090D0d0i0j0H0m010b0c070Z0P0I0Y0k0A060l080C020O0j0g0F050NaqB2800a0hGJYDRnA80R4HC2I7035H77br0I6j0TGMN20VBaEF00
g1_oaELzwWSv20Uiy4Z3crh0jErjWpWXCl-tzO0JvLHWLw	pathagon-rules-v1	7	14	3	25	020F0G090E07000i07040g0M0L0F0N080S0Z0a0b0h0a0T010a
g1_oaIcHhxSYtXP76N5tw4O7t8gf3O353kR82EqgLjoxkY	pathagon-rules-v1	7	14	3	48	0V030F090c0M0e0d040P0S0B0j0N010k0R0T0m0h0Z0O0g0K0f0G0a0HWv0W48GnaoJgOi7u0A0b0KTeRy0bLhDVSTNabg3P
g1_oaJ-ux2ntVbeWi44Tt3L9DbBZ05am6Eb_PMY0pjsEXo	pathagon-rules-v1	7	14	3	66	0i04050k070D030B0S0O010A060V0E0f040X0G0C0F0m0d0Z0W020N0T3Y096b03Ns0QPsbpNTBK0T33TP0DCkWq5J3fV88q5s06DI0AIg0hFw0d0B0cY_0lNg0MMo8E0X5y
g1_oaKOkSNunOxA4RGm3IVsnuUe5DBpcUucU4c31y52M-4	pathagon-rules-v1	7	14	3	165	0X0W0e0d0c0V0d0O0P0Q0W0P0f0Y0R0K0Y0J0I0H0P0I0Q0D0C0B0J0C0A0605040C050B030I0ARZ0Y0l0RcF0m0j0fZwcCaiWuZDYO0fai0kZ8ahZybTYRZ8ahZy0cYPZ8ahUXZyYPZ8XdafZyYPZ8Xd34Zu0lZ8ahXe0kYOagZy03ZAYOag0cZw1RYPUYZBXdZzYPagZBbSZuYP34Z8Xd0laf03Z8bSXe0cYOcCZu0jZ8ZwXe0kYO0cZvaiZ7UZYQZvXeZ7ahYQZvXeZ7351TZEXeafYQ1SZCXdZuYPagZBbSZzYPagZBbSZzYP3rZ8Xd0maf04
g1_oaPo0U8nf8kohE2edgyw8tVeGEiAj8GMgkvQXaw8-xA	pathagon-rules-v1	7	14	3	63	0F0Q0R0e0i0d0C0P0N090j0B08040k0S0H0T0g0K030L05070m080U0c0Y0259MyAUGXCxU-QIVQS52da9b80f9iELNZWG6bNy0ac00l8T0BZV0dO-0kM10WRA0f2T
g1_oaQ6JfOQYF9blentlV-xaUomThAaE39RkTuhRcVW5_8	pathagon-rules-v1	7	14	3	73	0c0K0A080E0f0i0H0j0m090Q0F000a0T0Y0R0M060l020I010g0G040S0P0V0N7N0DEP8i09I7K-E91KBlOhSOcCEg5fZoWo4Q05AuG90DVSWxUv0TSH0k4J0O2o0f820TEv044zWS0fCt0c0y
g1_oaRVhurl6tONw0hqjUGUPElQayfveFApAZdeCvxF3IM	pathagon-rules-v1	7	14	3	54	0h02000F0E0L0S0b0L070G010F0803090A0H0I0B040H0A0B0C0A0P0J0Q050I0J0B0H0C0I0J0O1800Bb0OIu0E5k05CM0OI-0d0k0K0d0J
g1_oaTd2kXNMxofMaZpAihDOyF2FircgjghsjmePbHzRGs	pathagon-rules-v1	7	14	3	79	040Q0F0U0d0L0D0W050G0e0K000i0S030P0X0B0C0N0Y0206030E0h0m0f0l0O0c0j0TYQURJGGaKTN-1RKuaI0b2fBuZw5_Us0hYTCbFo0i9d0T0OAz0U0H0TbI0MP94l08Ie0N0CYi0MTG0KSr0B7HLa0c3J
g1_oaiCJdR9EoEfR2cMat-V0GM8fJoHyGS_kpi-96hnJS0	pathagon-rules-v1	7	14	3	81	04080K0b0U0f0H0Y0T020A0F0Q0m010J000C0h0P0M0X050e090R0c060i0l1v2X8SVaItAD4C0k1HR3GFbJIHKC0a7cN2QEXzWY8q0ANo0OIQbh08AE3R0fSb0OKO9Y0dJWO7I00U0Q4zM70lLR0aC40lc9PC0R27
g1_oai_PkI1mWRYMLUFKtwtzhznzBF_eAIWropJlJqFtQo	pathagon-rules-v1	7	14	3	61	0Z0H0K0R060k0V020J0b0T0e0F0L080i000j040d0g0M0O0l0N0G0a0h43VHIZVhOtDv0C2KD0bE0F025e0QCP0F0MLW9o0d890lbl0mST0DTz0UOy0NJUbm07
g1_oanSXE78vvaDXvv-6BScIB_r-Seq6agt_QN28arTXNY	pathagon-rules-v1	7	14	3	56	0O0d0f0e0N0h0M0J0g0H0k0B0P0Z0I0F080D090Q0m04050W0l060S0L0i0T7801bl0mWm02MobeXeKhCh2zYfETLU9hZTNPF13u0SFM7lPL0T6D
g1_obGAmZMyvBxlw06TqCGiQ7vy6xbLMN6TTJOqd-MvFH8	pathagon-rules-v1	7	14	3	27	090R0f0K0d080W0e0C0V0i0P0D0B0A0j050M0O0B0k0b0I070J0h0P
g1_obJ9R7Xssf-riIupPqRtjIi5ITXI3E-9LjrhEAHMisU	pathagon-rules-v1	7	14	3	50	0J0C0T0M0R0W0V0Q0N0U0P0V0E0O0F0N0b0M0G0H0I0B0L0i0H0A090H08070S0b0c0d0a6h0cZ70a070bWxC90EMmBx0E1EWx0D
g1_obQb0e-i4LPXAXt0uPNlK5xwg99VYLz7EORJCYa_S9g	pathagon-rules-v1	7	14	3	53	0N0L0I0M0X0002090D0d0804060E0B0f0F0i0O0l0V0C0e010R0Z0S0QVW0x0jC70cZ20E0BF9Uh0hWgM00i5i0RY5MA0IVgKA0fEZ4Q0j
g1_obXjpWUV7LPEbX6xJzSTtSXTn-2z0l19bcHtI050aTc	pathagon-rules-v1	7	14	3	26	0P020N010G0L04060H080E0k0F090j0B000M0O0F0I0507030c04
g1_obXxeszmTfjp5brStFkQMaKZdbwvQKFlSGTl8skRkE8	pathagon-rules-v1	7	14	3	65	040Z010L0N0G0e0l0Q070c0W000K0T0f0E030605020U0h0N0k070m080M0j0g0a0JPsakIpUb6z5s0cY4ZwKqScJHU3Vv3c2l06X90cFx0g88RR0L5DcE0mPtYq0FUx1F
g1_obZNRmvIDaSN7d-A6Y-uJ623SnuyhSZViV5sjRRpksM	pathagon-rules-v1	7	14	3	79	0N0K0E0i0O0309050j010X0D0b04080V0Y0e0J070R0G0S020I0M0h0c0g0lTlbKY10lIzU60B4z9wb90CB80D0XQvDBAiVxT60ZHM0ebN0PXJ3L0cO-M60bWYTb0mE70W0bMc2h0R1xZt0KC10MV90l1BHT0C
g1_obb22lUPDQ1u7RZ1DqIGragYZhhFb0vq6K59fALd6wk	pathagon-rules-v1	7	14	3	86	0i0F0c0C0Y0S0d0B0W02000m0h0P0M0b0X0g0J0E030O090N0k0e0R040KClUCK7Yw2YGe0ULYJZ0f0a0K0ORPcGHF9V5uSYTz0YGW0eYS0Y6606Lk0eWI05Hn500RIv0cKy0BVh0eQc0KQs0SBa1S0Ec50Ma_02G6XH7_OW0m9-
g1_obbSPl9RF5_zAChPfNYUfP_XAq7Ued5Np5dIRhm9Wx8	pathagon-rules-v1	7	14	3	196	0W0X0d0e0c0V0b0W0U0P0Q0O0N080T0M0a0N0F0G0M0H0I090A0J0B0I0Q0C0LAP0C0E0JBq0FMR0MGz0FBV0E69BX0q041a0A353r2M020A0o04083w1c0B2M4e3s04363u1c012M1Y3s7i090o342M6x0801090r082M7i1d6w3x2N4e1d5O3r2N4e090o3r2N36030o3r2N391b0p084d342M3t090o342M8T0A013809A00s3x1c0B2M0C3t5O340A016y2N024i2O0B385Q020A2M1a3s04360q1Y3s04360q1Y3s06360q1c092M5P3s04363u1c082M7i3s0436031Y352M024g2O3A030s1a5O34032K360q091a08353u2N
g1_obrCyO0d9JBQEKg1XBaszGB5hW1Pqu_xFT366eu8ZxI	pathagon-rules-v1	7	14	3	59	050Z0W0k0P0c000B0L0M0a0K0S0g080X0Y0f0V0U01090e0O0C0h0E0b0V0i0dGqMJ7y4rWJW9U70uYLP4Wx5z0K1yaiBZWRH00JAQ028w0RKs0LCY0S6s
g1_obt9KPSVHV9rT2az3JNGLK8JSe9flojSuwepokHSHz0	pathagon-rules-v1	7	14	3	70	0X0j0U0I0P0Q040R02050A070Y0e060D0X0C0B0i0b010E0T0M0c0G0h0m0V000F0L0I3z07D2BE0G0Z5a059bPLGyUc7EZTQM0fRE0YDC0NMA0WC60Ec1Wh0cVvGT0M5sCk0J550m44
g1_oc6lk_IE_sQJalDunMwowaFSuTi1kzZXyd1lZtbpiIw	pathagon-rules-v1	5	8	3	79	0001080204030706050F060A090C0B070D0H41047w470r6H703C007j427E0v1w4d2d6x3C00E80qJQ007939H-2MG70vIb342M02G-0r00030s3rEv3M8U0xHr1Y0104BX3wCK10344f3w5R0t000B051k0K
g1_oc79y0eTOQeiXCU6aBLs7PASGb7oFVFGN1mTgv8zTKw	pathagon-rules-v1	7	14	3	33	0G0d0h0W0a000b0A0N030Q0M04010T0I0f0S090U0J0V0m0e020l0D0K0H0F0cO24J
g1_oc7XjPdhimqGJ5Dl22rB52Tls7ocyaS98v__S7yNnao	pathagon-rules-v1	7	14	3	46	0J0K0C0B0I0D0H0C0A090G0A0P0O0N0H0O0Q0R0J0Q0I0304020509060Y0X0W0Q0X0V0U0O0V0P015N063y0408050w
g1_oc8CwaXIRCmw4VktDg1E1pa7B9bSJ4MEp4S_pnVrAQ4	pathagon-rules-v1	7	14	3	54	0U0Z0m0E0d0P0I060L0F0A0Y000B0H0J0S0O0i0j080l0b0g0W0f0a0k03bFH20X0hWQX-PF8r0fTTatUn0J0M0dAiBXc6VJ0TG0an0lEp5_
g1_ocBbzVQdjw_yGGmgoM0JvsN-bD7w8cKh6hyofZNgDZE	pathagon-rules-v1	7	14	3	43	0f0m0Y0R0l0e0X0Q0e0k0d0l0W0P0J0K0Q0I0B0J0C0D0J0A0908070A080H0a0O6r0cWE0i0f0V8NZ8RVafZy
g1_ocD9SQcApdFEjRIoCgjC6mKfgC8g-F85Je-mZnFaGeE	pathagon-rules-v1	7	14	3	86	0N0j0D0F040f0H0l0V0d0A0P0e0g0O0i01030C0a0M060W050T0c090h0m4u8z0kB3T-E6SpOaa40b0AAE8h02KBRS3c2k0kIW03NL0ATLEJ0H3cEQ4_0Q04Ly0X0R0BI90EHFZU0HBX0F000Ta80L450e2q0JYh0bEeHU0FRX04
g1_ocE4YeoISvLV6VDUJTkvlxMO_wvtZzUsABwRUwRFUGE	pathagon-rules-v1	7	14	3	70	0O0K010f0N0d0i0D0A0c0e0j0U030Y0X0I0l0Z0e0g0704060G0C0T0508B30VQB0b3JZBUhJVbC96COaQ3bI06qXpAaXE7xTmGfM103DG0MR30a0O5B0T0hFqVl08Y92G0YJmQg0C3h
g1_ocHMpkgUtLKw3CdAeObB8JTKJp_lmBo2FWiOUTsat-Q	pathagon-rules-v1	7	14	3	70	0N0R0E0H0M000h0I0k0T0F0f0V0Q050L0b0W0B0d0c01020m0a09060PXm0SPFEHU3F4J5Uv450N0gOzXD0cCxbvTa04F20ABe0N9Y0Fau0THu0Y7HJz0IWZ0M0OOhPR02HR0T8v0E1E
g1_ocIkroGMrVorvPo3Pbng2vPpQ0xvTGLB8Rut70yZgSI	pathagon-rules-v1	7	14	3	50	0X000e0h0O080L0I0j0P030Q0V010i0J0S020l0k0W0K0F060U0c0d0RZbKg075b0B170j0PQ90XZm09NyKt6bFKArXs0F0HRYbq
g1_oceOX303gqPGT1F_4JNhYS8VaFIFHqwuYyBkosuBvRw	pathagon-rules-v1	7	14	3	31	0P0j0i0h0201030V0f0c0e0500060O0l0m04010d0U0b090k0W0K0G0V0N0i1I
g1_ocfQOw3dyNM2GEnFtHgV23J7RPG-0awt080rMJtFDsU	pathagon-rules-v1	7	14	3	29	0g0401020305020608090G0A0N0U090B0H0I0D0K0b0O0M0A0U0i0a000Z
g1_ocnfJ3KxObfDzwkSk3OntAQPHdTDv_KZ0DTbVgpuRAg	pathagon-rules-v1	7	14	3	34	0Q0e0b000S0l0J0N08050L040k07010V0P0A0D0C0d0O0c0B0K0a0R06MR9_0IIX0i0v
g1_oczjvYIiGyj3vxNLbyvo8EvrMKytoSg84pBXmzvPT7s	pathagon-rules-v1	7	14	3	52	000W0c0a0F050i0k0g0L0B080K0N0C0f0j0R0A0H0M0P0E0Z0e0Y0b0TBoaWW-Wf9a04A40N0D0S010M1wN7Yw0l0g5KJq0H934BXt82
g1_od7fTMGp2n9mMq8wJ47qeRe7DI7qXLH0b_3Qgh0Cn0o	pathagon-rules-v1	7	14	3	28	010807000E020F090G010M0L0N0A030H0O0V0U0O0T040S030L050B06
g1_odLd816pN2UojWl2RbUPbOeZIx3dKbpddo4Qx_ZJkos	pathagon-rules-v1	7	14	3	104	0k0J0d0Y0Z0U050V0a0m0900020S040G0R0h0E0A0P0N0C0Q010e0H0K0bFR4U0L030lUpHN2WRE9GOkBOQ8Wi1U0XGIQVLcAC0dKF080cBA0K7M0RZj0a6W0M0I53O40CJVLq0HChYCTL0iJVH60X5VSa06QADM0J5jNN0OGY06UDYx0iF0Cq0FKNN_7N5sRi0kN-b_0hDUHi9B
g1_odYdmbwM4RNCBfMbZy2pjKLHJ_A6_Ek8hN7A4a3ztBc	pathagon-rules-v1	7	14	3	67	0S06020Y0I0W070O0b0D0h0T0A0N0F0G0g0j0C0R0f0Z0403010e0d0iYI0aAM0H095n0EDXCZLdBw0lVMZrM40VEyNE4G0ATj05G40bMwDVVr0JKTOiUY0FLv0E2e0X7uNp1Y
g1_od_TFZcE5u3f4-W-7zmjg9m1iIsb5PGLmSYZ43hs63E	pathagon-rules-v1	7	14	3	196	0M0Q0N0T0U0V0c0U0O0b0V0P0W0a0d0X0e0F0G0M0H0I0J080I090P0A0B0C0f0B0J0Y0R0KL-0Q0X0JR0GBWU0RBG0JGW0fR70QLf5oGdWUBNLfRE0JWiBNMC0QRSGdby0KWi0QM5GWR70YWNQvGAA10C5SAq3uA1025S0B3xLW4d2O5P0J1Y4d09360q0C7l09380A4f0B3w1c0A2M4e058S342M3t0409350q0A4g1d3A0B3w8V5Q0A4g8W3A003w0o5R9F0A1a0B353r2M041a0o34092K3t0q0A1a00350q2N091a0B3u092N0A36003s092M020A0o342M8T0A0o092J361b010r4i392M3t04095S2P3t7k095S3A3u2N0B5S
g1_oddcU46rEyUWDXjiszSilgGaAGRZDSs5R8sACb3nnJE	pathagon-rules-v1	7	14	3	19	0M0m0F0h0g0Z0S0a0Z0100070G020L030E0407
g1_odrZOmO9u8r8xGhL_ul6I4S5fizylPQxzfIJ3VYAJb8	pathagon-rules-v1	7	14	3	31	0h080903020104020B0A0I090P0506040C0J0D0H0K0G0R0Q0X0F0e0j0l1q0Y
g1_odvlM2UzAWPRu3vnAmJukGEyjkALoq7UOskpcx1o47Y	pathagon-rules-v1	7	14	3	47	050V0A0Z03020G0X0T0F0N0K070h0g0a01090H0E0Q0R060U0b0m0e0lTd0SDs02650W4uCo0BGnNhXz3YYW0XRS6X3J0d
g1_oe8UXJqHbTqbHFAxhRzUKobLw2t-jJoc9NwvQXS99sA	pathagon-rules-v1	7	14	3	41	0B0A0d0W0I0C0P0B0W0k040H0G0B090H05080F090O0M0N0F0V0G0U0f0J0T0C0Q0X0e0Q0c0L0d4Y0MHS
g1_oeI-PLSt5fSZ-MDjuVkY68InvmFqxiTl615bEWbdY4w	pathagon-rules-v1	7	14	3	48	0X0Y0Q0R0P0W0I0X0J0K0B0C0D0O0C0V0H0A090H0A0G0N0U0O0G0H0N0M0F0N080G0T0f0MWG05Ao0D5S033x044e355Q3r
g1_oeMx1pipJQQqCD6vsy8u0ASIOpASZleq_SFRfwYBxfk	pathagon-rules-v1	7	14	3	61	0R010M0Q0V0A0Y0k0D0N060j0O0X000a0e07020K0l030J0Z0S0m050W090h1R00B70fOo0C5R0Q0VQPJA8U3_WY0fZlFAY5Lj0i1w0RXgbu0hPfEI0FWR0X4-
g1_oeYZ73w4dwYE86c11F4Qz958AgexgyEHdCljeSbQQbQ	pathagon-rules-v1	7	14	3	33	0e050m0k0f0Y0Q0U0a020X0V0S0W0d0Z0X0M0j00080c0T0C0K0b0I0l060o0J2JNB
g1_oel0fBt0bF8sCD7WebJrsMeFwxMclZ2IA6dVorApOag	pathagon-rules-v1	7	14	3	35	0X0P0I0A0C0a030f0i0804090L0m0T0U0b0N0S0F00060Y0M0E01050e0DVj0Z0VQwON3e
g1_oetacOOBk1guFTzWTM-eyemJObQdi8FsNZtWfZq6wfM	pathagon-rules-v1	7	14	3	88	0i0E020K0G0N0106090D000C0L0F080B070A0E0g030U04050F0H0I0JEk0I1A0A000B120I4H04260AEA0h7h4Y09530H0MMv9i005m0RY41G0S1wBK3b0Q6jAT0Z0V7608047L0KF50f0l4O0e2w0k01072806Ra0FBDF_026301Q1
g1_oeuk2d4zE-YieiV5j9YJ6L-JE1DlMtlu8M6onyqBprg	pathagon-rules-v1	7	14	3	67	0D030R0g0A0f0H0j0I08050h040L010J0N000V0X0P060i0B0F0K0M070Y090C3H0W0SHlYA530EPrZlNk05F11K1wG6IRQCYl0iSW7s0dMO3-FMDs0WUv0kCQRp0a5d0h9z4I
g1_oeyJFr36txLbgA71zFJzkBWCBdRJSBDurOvoX9lpIJI	pathagon-rules-v1	7	14	3	33	0N0M0G0U0T0F0H0O0V0N0O0U0a0b0c0L0b0E0S0Z0g0S0h0T0i0j0708090A080001
g1_of5xbTkY4wWXSxdocNvkSJbCsZ4s_ug-DM0440Zpiqw	pathagon-rules-v1	7	14	3	105	0I0H030B0W0J090e0f040F0I0l0Q0A0X0G080P0d0O0k0i0g0c0H0V020Z0M0N440TEe0GXh0C0a04c60700WG01DmVA8hEP6G0u5N1mRb6T0uBV0E01Z3aTBy0F0UG-6M074A0FBx6hHW0M0Z1EXG0ERwC2H40L0FRh0S0EMDKyAF0QbU0TEc2w020c1U0A0c72a7692JBc0E0H3B
g1_ofBcNAUiUu4zuoyj9sf8V582jnet859je-7qP-N2tkw	pathagon-rules-v1	7	14	3	46	0G0c0B0S0j050Y0F0i0Z0V0l090C0M0O0J0203010H060L0D0h0W0X0OZ30P3k0kXp0aFNa-0KR-6mJ9DOBtIGMH0m5Q
g1_ofNNNCZHtCdBi8pjDo4-_JsFH2slUJNZUprTZnYIo9o	pathagon-rules-v1	7	14	3	37	0Q0G0d0c0e0V010a0H0X0W0Y0D0R0J0K0Z0g0I0i0h080F0b05080m09Kt03Pg060SU2EW5k22
g1_ofSRheeMogutFm6CA88rLYpd_hS-ZVNXko55Xt29aTE	pathagon-rules-v1	7	14	3	65	0h0D0Y0I0A0F0P0G0L0V0Q0m0O0H0i0f0g0b0l0C0X0O000d06010M0R05M00B0UKj084uATayOUXfCwEaEO9eWL0K0N2X6zMg03KUPq089maT0WNZS107UL7S0S0a0I1_
g1_ofUot4oe-o6PUY2YaWmfTmGDwvQzeEm0dG4zFR-iZyg	pathagon-rules-v1	7	14	3	44	03040A0B0H0I0O0P0C0J0B0Q050G040H0N090201080F09080G0M0E0L0F07000E01061E081Y0M010F0U0GJ80R
g1_ofcW-8qgNK-e9ilQ1I2ZFxJ0KCjTiOZ0r_21cL7cY4k	pathagon-rules-v1	7	14	3	27	010a0b0B0i0l0U0j080G0F020H0Y000D0C0K0R0V0O0k0I0X0T0A0M
g1_ofqbCUzD8tmHgWvfqf301novqDxiYGca2iDc4F46Eqo	pathagon-rules-v1	7	14	3	196	0H0A0I0i0B03040d050C0J0B0C0c0b0j0k0e0l02090G0109080F00070E0807060D2d020D030C0x5N1e6w2R023D0q3r1c4d2O0p341b3s04082O0B360C3u0r2J1a013u09040v2J1a3503082N020B0w341b3s2N0p341b012N0p346y3z040w1Y4d2O5P0t1Y35033z0r1Y2K4e05090C0o342M3t0401390q3r1z4d2N0p341b3s2N0p341b3s6C0s2J1a354f0s2J1a013u0r0Q1Y2K3t070o342M6A0P0o342M5P070o342M6A0M0o342M6x040o392J3t1b560X2K0d8T0r1d352J3t4f1c0A2K0p3r8U1i2K0p387g0P2K
g1_ofz0KedeW0-6BQgUnMWTeM4XegiolJ4APR508qJJHcg	pathagon-rules-v1	7	14	3	59	0A0H0U0i0D080K0Q0g0Z0O0c000j010J090F0k0f0b0H0P0d0L0e0N0BaU0R8_WK0Y0X1SKoTSQ5JyCYG90TRON449Vd2x5dXx05VXZN0XT_Cx8XJO0lAs
g1_ofzp_xhqYdwwtRnp6nU9WN5P2Th4K3ATWWv47xByE8k	pathagon-rules-v1	7	14	3	72	0g0C0i0K0f0d0N000I010Z0F0E0j0S0k0e0U060R0b0H0D0W0X02030VZ809IjaF3UE8Rd7o5wDPWEI009OdRf7VMnKGQoM50QZU06I8Te0RHU0UX_0XW22i0NO9At0iWQ0bb_170lUE0S1t
g1_og19Jdq69bwNYo99ffpmGdnypJtahVuj3bwn-Nml040	pathagon-rules-v1	7	14	3	75	0a0e0k0Y050W0T0A040b0Q07080F0H0P0C0D0E0f0O0h0i0j0R060c0B0G0Z0L0Xa10UEEVbNb5h03WS2J0HJVZL1C8S4ZPQ0J0PFK0mS_07LU044r0jMv0lC70f3I0aVW0OLOEL1D0NDaSLYb9D6H
g1_og4JD2YqYSlN-lb3vHpdCie1OL4kBpKb2lRQCkQ7xUM	pathagon-rules-v1	7	14	3	50	01080M0F0A0903020U040a0003010T0B0N0A0G0H0I0G0b070O0E0P0C0D0t0500040J0K0y0I0V0J0OFs0BGk1kEs0IAw2W025Z
g1_og52psHEa0nkM6BhOwwTTtqndfKpDd-DymjT8os7Xik	pathagon-rules-v1	7	14	3	60	0N0X01040D0f080I0K0C0B0F0Q0c0h000d060m0j0b0V0A030Y020c0P0a0J0E0TSl0GYA2VU00MLB0RCE0ePXKI0E0V07NO9r0B8oARB30hT8Ki0kEbaH05
g1_og8cKit3VuBsXqM0AAPvLM5RUFH0FTqM28UZoffSUvE	pathagon-rules-v1	7	14	3	34	0J0g0C0Q0F0c0B050j040E0P0i0M090R0G0Y0A0b0I0H0N0O080W0X0V0e0QW9EMZCXU
g1_og9q86fWSBPBUTrU5S7eCgpg1BRJM3xXvuq9vI1kMBc	pathagon-rules-v1	7	14	3	66	0i0M0a0A0U0T080R0f0D0G0H0l0K06030B0L0b020g0E0k0S0c0V0Y0P0mNGWgG5TpIE0h2QYz025yF6Pf0F0WHA6-E4UZ0wR4MP0J0QFc0Jbi0C0fRlDs0PZPA_0cAFP-2R
g1_ogGItb1xIhL8vT5oIdM28KQGf9q9MUaqCd5X-h7dZZk	pathagon-rules-v1	7	14	3	38	0F0Y0j0h0V0c0b0a0d0O0b0Z0T0c0V0U0H0W0P0G0V03010I0B0E0I0405060C050F020H000801
g1_ogkpPDPO19mgsutcot3UZOUTT8aCdtFHoDewAn8iR1A	pathagon-rules-v1	7	14	3	29	0H0R0G0a020b0i0A0g0I0e0j0B0O0N0d05000M04070L0U0f080C0b0F09
g1_ogwwVeDmptEV5rR2WrAD2J14Ce6kR2rj9EujnbU1dxs	pathagon-rules-v1	7	14	3	103	070j0m0J0P0K090Q0801020T000C0Z0g0a010S0k0I0l0R0B0Q0X0W0Q0A0Y0E0LMrRSRfX1SyQJ0XN10Iaa0A3J0408PSL83u5R4e0k0oT62O0204EN9k0BcAGrQv0-4w0W0J0Q0d0J5STC42byGd5hWwbP0WL-by040Q0K030R4iN338035S0B3x384f2O5P3x040D8Pal2U
g1_oh-TZzhAehyXmPK3j8CyCrPsOYJYyHT4SXBqTOwZ6Jw	pathagon-rules-v1	7	14	3	28	0f0e020L0V040Q0B000D0P0E0b0O0c0S0l080i0I0Z0C0h0G070H0Y0F
g1_oh2mb0Ujbyvmf_878HK5bpvIwwdnw2XiUGVx4-rbL5w	pathagon-rules-v1	7	14	3	78	0Z0W0l0Y060L010f0B0d0i0N0T0Q09030H0g0j070E0F0m0G0C0P0k0KY-WAZfKIbbGINH0eE608BzXeM5D30DV4FjJ4QoQqRk110T6gBHZJ0X0Q09Z50VLH0D7Z0jUEO8XC0X0Q0A2A0bK-0d0X5zFjGl2X
g1_oh4DUNpZTEQMFyWsNcbs_4vM-xb9d93Wtb1rpUIKFMc	pathagon-rules-v1	7	14	3	68	040I0V0P0F0R0X020Q0b0C0W0B0k0g0d0l0S080N060f030Z000i0U0m0APk8nM4XMUl3_2e05cB9x0YCW0H770aLWaQ09HE8rKY3JXI08Tc0DF10bZ30AMG07Ud4BMA043TIHEJ
g1_ohOnTlfrWj1T1vUvKmCWjBpLScuMmTxEWLtZAolzlKA	pathagon-rules-v1	7	14	3	37	0K0L0B0l0J0O040b000i0C090Y0D0G060S0a0W0f020F050H080G0X0j010QRZL4Gp0Mc8Jl1B
g1_ohXjOt9CKTwIt1yx8LKBRrynklrxB5PFQEfCzaE79II	pathagon-rules-v1	7	14	3	78	0W0I0j0H0G0F0P0O0N0G090M0G0O0A0N0U0V0N0T0O0U0H0B080c0L0d0M0b0F0a0E077d08ZE0dBW020q081c023i03EX0H010O0A08K10P08340W01ap1DGs1m6TMK1DBVH46TMK1DBV2q0EUP1B0W410X
g1_ohnyt2W73qQ2QMlSWaDQwK1vJHgB79qQXV0XvY8YWqM	pathagon-rules-v1	7	14	3	30	09080A070B0I0H0P0O0Q0J0C0I0J040N0G0O0M0F0503020E030L000M010D
g1_oiTBmt8nxa_rTELlXcEvisgOb_KL5WxHOr5kMUUrvu0	pathagon-rules-v1	7	14	3	196	0B0I0H0A0G090C0J0O0P0N0Q0V0U0W0X0c0b0d0e0T0M0U0F080a040T03050A0C6x09354c2M7i090o3r2N020B0o3r2N9E050o3r2N360B0q082N9E356y3r2N1a350q0B4g1d3A033w385Q002N0p35A04c2O02382M4e083u0r2O02382M4e0C03A23x1c35035N4i1d3s08360q1c0B2M0C3t6w34082K6x0q085P6z1d08389F4d9z2O3A3u0r025S1e3s2J4e381b5S2P3s360q04025N1d01380q0B1a4d34032K360q0C1a3s34032K360q001a7h38092M1a3s0B360q1c052M0B3t4g39032P354e3u04005S0t3t1c0B
g1_oiTYyOP3g8pe9gpZoK003JHCIzzV5ejRQRB1TS8VdxA	pathagon-rules-v1	7	14	3	39	000J03060D0I0H090m0A010E0M0k0a0O0d0U02050S0B0f0b0F0P080C0NAH04JL1T98Uo0YJ3R82m
g1_oie2ADB7xCnQpcaa2rRRStQ79LG_3VMXyg1FpVHMq0E	pathagon-rules-v1	7	14	3	67	0f0m0A0H0I0B0J0C090G03040205060D0K0R0D0Q0P0J0Y0I0R0O0Q0X0W0Q0X0P0V0N0U0e0d0X5O4c2P3w380e5S0t3ubb025S1e3s2J4e041d5O060p5N1e09050o2J7i3q
g1_oivTeTbFSgWbz9NgRIueodqKJJII20DXjLFdzVt0bWc	pathagon-rules-v1	7	14	3	56	060O0W0J0d0i0a0m0C030T080h040H0X0Z0j0U0e0S0M0k0F0E0P0D0KPRVmBD0GYKbkAcGW8pAv5O3M0CQY1i01UhKFNFDc0dCf06TUWa0XDt0Y
g1_oixmESD0m_GeaugwPKImqQEtOZ160Qgd5tqHfCMOOAU	pathagon-rules-v1	7	14	3	58	0g0B05040R0m0i060a0G0U0l0P050c0e000Y0H0j0X0h0V0Z07080d0Q0f030M0W0EbjUd3cOjZc02a_X40k0KAdGoX_LVS5BQ530N0V0hFg0AL2bn0L
g1_ojCu5HVgx-JaUBQDTaoIv8_ZOhryY0wBLD7Wm7fsqYc	pathagon-rules-v1	7	14	3	37	0l0H0F0O0I030c0R0B0P0V0i0G000U0j0H0J0Q040O0A0C0P0N010b0M050KFA0WCO09Tq0bO1
g1_ojH7AqVuQKAtNIzBmWf1CzS73zWNHGpErewW89zvouI	pathagon-rules-v1	7	14	3	196	0d080k0c0F090Y0E0G070j0M0N0F0L010M02000A030H0O0G0V0U0c0N0T0W0U0P0I0O0B1c012M0p3rOa0V1b0o2J6A391b0o2J3t381b012N0p341b3s2N0p341b072K0p346B1c2K0p0b031Y2K6x0U0o4c2O360301380q4c1d082K0p346y1c2K0p083r072K6x0q081Y7h36090o6v2q8T08019F0r0F1Y4d2M6x0v1Y352M3t0s1Y350a4f081a0o3l0i2t0ACr1YEe7hHf0q091Y4d360F0o092J801aCP0oN-2J881aCH0qTC2J1a355QDs2O0F3f0p4c1bGt2N12341h3sO90p0U1YDx2KO00p0I1YDp2MHf0r1Y352M3t
g1_ojJek0l1j70SG-T9IsR5KSsMSKs-zFDcOZPsKZ64ZiA	pathagon-rules-v1	7	14	3	54	0C0K0D060j0X030V0M0E0F0D0e0l0O0B0A0H0N0G090S0O0G0Y0R0H0a0Z0I0F0H0TES0H0O0C0P0cQ60GLX0UBX013r0J03Qq0rAYWx0W01
g1_ojM9zZrzFZeWD4viyEZncyT9Vx3UEM5E1VysDt_riTo	pathagon-rules-v1	7	14	3	44	000h0g080i03070a090M0E0d0Z0O0b0J0L0S0T0a0N0T0P0U0V0W0M0V0O0c0Q0X0b0F0G0U0Y0f1X0R6S0f7y0e
g1_ojNtnDjOtttIzdejCH2GEl3qc11oC62vp2boNOUmwjY	pathagon-rules-v1	7	14	3	33	0F010N020a000G030M040I05060D0K0C0D0J0B0H0S0I0T0R0Y0A0R0f0C0X0m0QAc
g1_ojnZTM_lwoQbGHfqAnQR2MB9GipUicRzReSgXqcPnvs	pathagon-rules-v1	7	14	3	32	0G0N09020F080M01070E08000L07030A0H0O0A040B030I0P050C0J0Q0C060k05
g1_ojqa6ue-jZBxsMmy13Xn_TjJPNrsOapYvFB770ixP3w	pathagon-rules-v1	7	14	3	68	0U060K0l090T0g0S0b0B0i0Y0a0f0R0J0X0D01070Z00030G0N0O0j0ATL0CQK0P0M0IZ8Qr0b9S0Q0oCjJmHu0mX40YZs1o0jBF0c6o08KD0EVK00FH0hAg0LQt0PXHGK0g0A2-
g1_ojv_swkvGXNn4oHzRqe3wB5YX7lGigR8XVC_7225BcM	pathagon-rules-v1	7	14	3	62	0g0M0Y0W030l0R020U0c0I0e010Z0A050P0H0T0F0E020f0k080m0N0O0L0B8_CTOGc607PH0d096KIIRA01H60QLy9M7K0jAV9BQU0iU-593e2e0786LqBC0C1E
g1_okTuxAxIoEuOg8Kr0pTS9Ur2Tp_nzRHhi5NM8m-3SrY	pathagon-rules-v1	7	14	3	60	0c0X0N0F0Q0105070V0E060Z0R0C0T0b030Y080e0l0f0j0k0O000L04L4a80d6cLiRlU1W5V2WI3jQ9KaRKP2AHLM0CNT3uIQ0d5zBe0iTGYm0mDD6L0k3G
g1_okYggrR8mm-jDjf_ckrybNwZqOggM3HWRLoLWrIaB9Y	pathagon-rules-v1	7	14	3	46	0C000F0Z0a0T0c0A0M0S020J0V0D05010I0N0K0Y08090Q0f0E0j070PA10WSw0GPABPC3WV0VXl06IaXS0B0H0DCW36
g1_ok_TcxO0BKUUZ_ee5f4tcEskwThmRenIe_vodqWFeag	pathagon-rules-v1	7	14	3	80	0N0G0O0H0V0U0T0N0U0M0F0b0M0U0N0c0a0S0Z0T0L0E0S0F0A0M0H0W090V0G08070P080E0I000B070d010208Sl0aEy0IH90LKt7X0I0q081YRb360Z0o002M0p1Y7h382M0p003u1c2K0p093r082K6l0p0f
g1_okfDZK4E43gteMRoM9jSwUw4O5kcsYRIkKvbF_APzvQ	pathagon-rules-v1	7	14	3	68	0M0L050B020E0C0I0J080A0D070g0f0l0c090B0F0G0a090H0Q0d010U0b08Hg062q0mAJWx0e0jUG0i0kDq0W0oKyYX0SB50GZH05SXFg1q0O0Ba60N0VG-692JMK02085O0M0D
g1_okgC7bcAIX13u-gF0aaT2ds4ptV9aB1LC_3UZrlKxwE	pathagon-rules-v1	7	14	3	61	0B0T080O010d0H0j0U0I03050c0J0i0M0A0X040e0N0G0K000L0a0S0C0F0Z7A0f950M0Q0b0k0T3CSR220RX4QP0a58Z0VdLA0lGmb00gTN0FDB02Ie070B43
g1_okmT5DekB8-5Y4n7Aan_PZDz8bRjqA36NYPj-s8VwSw	pathagon-rules-v1	7	14	3	125	050C090G0N0U0G0b0J060l0C0D0K0O0D0V0H0A0B0H0I040J0c0P0W0d0T0W0U0c03020M0Fan08365Q1eAl0D363u1c012M1a3s0R02LW344f1d3s04360q1Y3s04025S1e3s2N025S0t3r1c015S03060p5N1e4d2O025R0t4c1d3s04363u1c010q1Y2K5P0601390q3r1c4d390q0K1a3s34032K360q0i040b5P8Y0AAk1d692P0p
g1_okndFUOQJNsyPR5RXPMjbKacePg99Lq7p9g8dbjLFBY	pathagon-rules-v1	7	14	3	13	010K080X0F000M0Z0T0I0a0R0h
g1_okzbtm_VSxi7l4A6DrfE8zAIsOZUIroq-5AwCqrqrp0	pathagon-rules-v1	7	14	3	64	0Q0C0b0F0X0H0W0P0U080a0O0e0j0c0E020Y000d0k0l0J0W0M0A070I06Uh0SbW090f5uJ-6G0LKm0FU20d0lJn84VKbBQzHm0DTr0A8I410bZUMO8l0P0gK-0I0h3N
g1_ol3csixYC29tAA9j4z0u6yDwGVfPZqgYe1CRblRqG94	pathagon-rules-v1	7	14	3	66	0Y080X0O0W0b0N0a0j0e010J0F0G0E0f0L0309080D0A0R0G0B0H0C04070hBz0KAZ3h090VIk0SP_0lRAJ9Zd47I41B06MPKWWt03W30i0fBJEO0mYH62066iGe07F7OT0e
g1_olNvQLHiuR1af2YY1EwyKEltWUrMNdiSIE9tx_bjrsg	pathagon-rules-v1	7	14	3	196	0f0e0d0W0P0I0W0B0c0V0O0H0V0A0k0j0e0X0l0Y0m0Q0R0K0Y0J0X0Qbk0CLm0RAq0D0m0K5R05bd0m3w045Q064g0536ba0m4g2O5Pbd354f2J5P2I350q2J3t1c350q2J3t1c358U2O3t04353u2N4e1d350q2J3t1c350q2J3t1c359F2P3t040B5O0s06385Q061a3s34042K3t0q001a4d380q051a3s34042K3t0q001a0r354f2J3t1c350q2J3t1c35JC2O3t04353u2N4e1d353u2N0O5S3A3u0r0A5S3A3u1c025S3A3u2N025S2P3t38005Q2K3t0r391b2P3t4g395Q2P3t4g395N2K3t030o342M4e040o342M3t04
g1_oleUKEpWe7ET56rWedoT6escqmsNMKEAiR56HwtPjYc	pathagon-rules-v1	7	14	3	24	0B09040A0I0C0D060B05030C0H0P0B0A0O0C0Q0B08070j08
g1_olhywzX0cL8aZ2rK8xwYKjVSGJhuxjnGynhKBgPqFLg	pathagon-rules-v1	7	14	3	31	0Z0J080U0S0B020T01060E0N0Y0b090G0X0F0m040P0a0h0R0L03000d1fFL0g
g1_olmNgqq9VT62Hs3wRhUpOFG9ksFvtQj_WSqmAbaO6bM	pathagon-rules-v1	7	14	3	73	0a0j0O080W0M0I0g0S060Z0c010U0d0L0T0A0X090J0H0Y0G0h0i0N0P0lGwSN7aFVZ-N3Y0bR8rEhGN0KcF5LU1I-ON0DaWbP0UJaYYPzQG7ENoYa0lWOEU0UEwOQYrAk4X0maqRULFc60X26
g1_oluQPiWTKhnDLKulNo4aZaGR8UuBM3J2feMEez-rKdk	pathagon-rules-v1	7	14	3	33	0M0F08070T0F0100090G020E0N0U0G0L0b0S0i0U0H0T0V0W0M0A0F0O0V0H0a0c0T
g1_om1hP1mg3-mIpA5Hsdz_p9S4D4A12MvHXO-TFbLDo38	pathagon-rules-v1	7	14	3	55	070l0Y0Q030e0d0O0P0g0N0E0V010X0B090O0L0Z080f0K0E0j0204050M0bGp0c060H0J000ibR8Q0R3UM07MRzIt0AZRSS4U8s0WJZ0K0XFl
g1_om8S2O7y-d-fHCQyBgB1R25Dv_UjbcCimBfq5eSIyUE	pathagon-rules-v1	7	14	3	66	00090207010j080T0A0409030B0h0a0N0G0U0F0M0E0b0i0c070V0H0O1R0L6a0Z0L0a9w0hZA0dah0WZvOqYy0Q980OEJ0P2a02MW0cEE000WKTX2NkFn01O-0CYG05OP06
g1_om8XEenW0y2lLQlP4FMzJmJQ_S7baPCEYuLlH-y9O7o	pathagon-rules-v1	7	14	3	66	0e010E0R0f0H0X0J0Q0T0A0K0N020d0M070V0G0m0g0h0j03050a0U0I00YCNv3fL9FjWuGEVp2DOLP9L7TPXAL-0VWe03PTMiNM0bKH0SSgBy0iaL0GML0U0Zbl0lIdan0D
g1_omAx2dnxACqXzslOhDu8yBjkR_yrJjOvzxDDw-ODsIk	pathagon-rules-v1	7	14	3	196	0V0W0c0d0U0b0O0c0N0P0I0H0G090H0A0B0C0J0B0Q0I0P0X0e080X0F0W0M0T0a000T01020q041a0A35092J3t1b010r2O360A3u092N1a354c0A2K3t03090p8R1c7h2O0p341b3s2N0p341b012N1a350q3r2N1a350q092N1a357g092K3t0q0A1a04353r2M041a0oD10A2K6x0G3u1c2K0p093r082K4e0q001a0A35092M020A0o342M8T0A0o092J381b050p00350q2J3t1c350q2J3t1c354f2O0A1e0o4e345Q092O0A380t4f023w5R0A2P0C058U3tA14c395Q3x2N4e055W3A2M3t7k1i352M094g1d357j024g09
g1_omGTonDbmj3veImvhwRheuBjSLfLFe9bSKfi6-HAOCQ	pathagon-rules-v1	7	14	3	72	04080f060P0M000d0k0U0c0L0F0e0C090V0j0J0W0D0i020a0V0Q07050X01Wv0NKM0hFi1oMr0YAl030ISe0g5y1iZ-acG-0DYz0SR40YTb0BIL0jOX0dPJ0POR0W6z0IFQ0fIxBTaEMx1m
g1_omLi-hbqrLlpfydJ8Jr0djyK729jLXTLWfE84ysPcac	pathagon-rules-v1	7	14	3	63	0O05000Y0W0A0f0D040k080F0R0M0m0g0U0Y0h0Q070l0C0S020T0c0V0H0EbqKk0ZOh0a5BJWQu1GavRv006q06HPBTPU3B0G0XXr0v0PMMD40L2T7W0U0IFa620b
g1_omROuDBLPiGp6k29icxFZOgvBVrpOJR2tIWOaoe2iME	pathagon-rules-v1	7	14	3	44	0508000c0e0b0k0N0m0K090G0X010C0D0E060P0j040L0Z0R070d0i0TKO0MBY0HaV0f0hGV3_N20jApZPDQ0I1w
g1_omYfjrERiH0H0576728md3ccHUn0L_2_Ac9kqRGbdvU	pathagon-rules-v1	7	14	3	100	0J0c07040b0h0l0T0C0K0F0D0S0d090G0I0k0O0f030A060g0Z0L0P0iAK0QTgWh89aiSrTuE-056s0QRcZUPH0BMw4lKS8j0ML90dY30eQJ2T0mCXWz0ZEcay05a701A6bm0SIWZL0m7u0g8m5HPF310j4QEX0BZaNLQx0TJOGp0JDmW6BKI60XVEbN0PI-660ePE24
g1_omgllI16WSLIV4gO-zu9wTwA7y4LZ7JN5xx6MxATcYs	pathagon-rules-v1	7	14	3	66	0E070S0l0c010Q0X0d0M0O0Z0F0L0I0H0e0B0K0C000P0h0D080W020E0Y0G0J050UDl0aR_01B80fC60IH50G0X0NK30Z4pEjHu0Ib90G0EUB0908QX060RGN0O5X0H066O
g1_omnWWH501qpJSPWt6NPRBZTfNoR0v-jdNI1SUiqQOvI	pathagon-rules-v1	7	14	3	140	0G0I0H0E0X0m0F0a0O0P0N0M0Q0J0P0W0T0P0M0V0U0b0c0d0V0c0W0e0L0S0l0L0e0k0j0lPt0WEP0HHd0M07Jy0qFS0T2J0P0F0W0oJ9T8381b0o2J3t381b0o2JGu0O1b0o2JJy3w1c0P2K0q0b4e1Y3KIP2MUECK0p341b3s2N0p391Y3s2M4g0p1Y35Km2M0p0F3u1Y2KCI0c0o382J4e1b3s0r2J361b3s0r2J391a3s0q4g2J1a0F3s0q2J6x1c350q2J3t1c3P0Q2K1C
g1_on3NOHjalbYhPLFn2TYQVWCfQQEovnhnJUlZxzMGUJ0	pathagon-rules-v1	7	14	3	53	0B010j0g030H090V0Q0k06050f0I020L0b0h0A0l0T0i0U0O0F040m0D0Z5A0YEBQwJa0M1pTIBGS40S6GKDNsHZ2Z3s6MYq5r0QAfFX7U
g1_onHMGgRRikN4HhvwOpl-plBASbQUAMzkfTPvNsQK1Ps	pathagon-rules-v1	7	14	3	55	0402090G0h0m0X080i0b0K0V09010e0J0d0M0k0Y0g070U0D0f0Q0O0F030l3FICQ22T0CR5XN7ZJF0aAB09YfEv9bTJa10LMj0INw0UX-0i1V
g1_oncISzoaojVJkL3NEqNtX7L-6nAHkbihIchThYQelVo	pathagon-rules-v1	7	14	3	45	0A0T0Y090Z0104080i0a030g000f0S0B02070C0V0U0b0h0T050U0A010H0M0c0K4D04E00L5505YS0lZB0DMqTTBm
g1_onglmqwymAksyU3tEhBB1hdAoLYtoqaTTCMoej3045Q	pathagon-rules-v1	7	14	3	36	0m0W020h0T00030U0V0A080X0i0g0Y0G0H0c0Z0Q0B0K0D0a0E090R0j0O0bOq0Vbs05M51C
g1_onju1RTAgw6tknDf_zXNFX5nHVnc1wwv2xrSC9Rmp0c	pathagon-rules-v1	7	14	3	37	0A0Y0I0N030B040H0O0B0C0H0G0B0U0H090N0M0F080N0G0F0E0H0N0F0b0G0i0J0Q0I3y0JAI
g1_onqt_1xrsCcbiKlzxMY3LeHFzjVtCAXOieqM0gTqLV8	pathagon-rules-v1	7	14	3	39	0O0b0U0N0j0P0U0O0G0L0N0M0V0N03090H0A0G0O0W0c0S0Z0V0d0H0c0O0A0W0e0k0U0d07020809
g1_onuoJqfNqi3V_rKFFXsKNAUy-kHDd1mJzG1slLgdxrM	pathagon-rules-v1	7	14	3	42	05040B0I0C0J0B0Q0P0R0I0K0D060W0O050P0D0H0A0I030B040d02090G0A090N0W0F0V5U0GLS0U08010w
g1_oo6tYb01PJdz6NFXsQSMhuQ93ht9qL5Rk1CRB_qepZg	pathagon-rules-v1	7	14	3	41	080V0E0N0Q030X040d0Z0h0B000T0l0A0L0K07020R0g0i0O0k0H0C0eKu0SbM3n0IMIF8R-0Z3sAPP17T
g1_oo93KWXIfh-sYzmV1oUPQeqnOMZrr5JDPbWicAii19Q	pathagon-rules-v1	7	14	3	33	000m030f090L0A0Z0N0S0W0G0Q0b0B0Y02070P0X0d0E0g0I0j0H0O0J0H0iXMR0Zy
g1_ooIeLxEgDFwP-d-sjxY0DyZue0YSa5Z2xhnHwEJGI-U	pathagon-rules-v1	7	14	3	62	030H020k09060i0h0P0B0D0m0b080N0Z0R0E0O0M0a0L0e0j0F0C0g0X0i0QTG0b0KTgVQ0lKbSACLae7nI73ZTwXqbN2s5P8k044_0k6Y4W05CBLvPd009f2A0l
g1_ooM6VVLaAW8h6jjvW5i295GuGSC-m3vp1IUQhjBktvs	pathagon-rules-v1	7	14	3	76	08090F0G0M0E0A0F09020N090H0O030U010I0N0H020P0B0T0V040M0B0F0A0W0L07000S0u00Ba083x044o055a0E060u0LMn003X03Sn0U0L5z0NAq4pA20V04BH1RMD5p0UXU1RMD6a070Z3C2F06
g1_ooaOu6Bd6RzLdcK52_ii2p9feE_EbzkMLx6lAzZga7M	pathagon-rules-v1	7	14	3	53	0a0H0l0J0B070e000R060A0h0N0i020W0S0Y0k0K0Z0b0g0E0Q010m0L081FKqBrbpYw0VHNMY0aaBOB7H0D9w1yVUTK0PRWSB0iAEL056
g1_ooeS61qg-_SwBxqRrNDe9BasNgA3aSqfIGQd6Iiv_6Y	pathagon-rules-v1	7	14	3	21	0N03020100070E0Z070a0T0b0h0S0a0U0L0T0M0c0T
g1_ookJp9kqIVlQZ7Q3ipXM_hct-5MnWVR4kgqecVs4zTA	pathagon-rules-v1	7	14	3	196	0l0k0m0f0e0d0Y0e0f0X0W0V0X0c0e0j0R0Q0P0O0Q0K0J0I0H0J0G0N0U0b0V0N0O0UcD0m0D0lB20DLY0RGI0K5S0CAqGI4w0B5a0RGBLXAo0R5Sbd42Lm0R5a4iGrWU0f0DWF5RbdAn4e3w5R0e2M4e3s0A368U1c0A2M8W3xG9364f5S3x2N364f5S3x2J380A5S0t42Lm0R5a4iGrbP0K5v0eWGcARZVx0eWbcARZ66Y_090f7m0AA2Ao5Q0C0Dbd0J0B0C670IWG4pbc380fA04e3s0m345P1b8S0r2O3A0C0B0J0C1d0Iba0C4g5S3A0m3w0D5R0C4i05GIbr0mAGAw0D0J0CcDZ-Wt0I0ccARZbI0J0RcG0I0e0JbW0d0AWD
g1_ooxG4EK-gRhtKqZJq9G2zSwOYUw36CK5VYP8Y3eNIBY	pathagon-rules-v1	7	14	3	34	0R0907000E0i0Z0N0M050C0d0V0h0e0B0H080J010I0O0W020j0X0b0A0f6_PL030l7k
g1_oozjaar2X-5nu7Fai1DTwHGSfOIonOxNwRr8JXSgPws	pathagon-rules-v1	7	14	3	68	0009020h0105080703080A040B0C060D0E0k070T0F0G080H090I0J0B0K0a0D0M5k06B60DBm0GCb0S1K0MGK0E6a0gFR00H40L2001Ir0NMZ0bJb0iRv58Mm606D0j389x5M1P
g1_op2cEmdaTFzgZA5qGfUlFxG0L-zvuZuMIkOeLO9GTy8	pathagon-rules-v1	7	14	3	55	0T0V0m0d03070K090c0M0X0h0P0l0I0N050F0E0O020Z0b0a0R00040k0A6b2yO-3xYM8ZaoLc0i0h2j0SCb0J0D5oUtGHJu7DHo0Qav0CNs0Y
g1_op6CcBkVV4CTyjoNxD-QS4O_hp79w7ivCn8mjLDo-pY	pathagon-rules-v1	7	14	3	52	0d0l0k0j040k0g070Z010200080309020A050B04060H0D0C0J0m0A0L0O0E0FAH0R0C0I6Y0P0T7C1M5N1p0G010t1g7h0M5N2n1a3g
g1_opDmbwLU5Gkhvn8ue8AlSsH8FSpoidY3JjvfXKjiabI	pathagon-rules-v1	7	14	3	60	0l0g0V0S0Q0Z050X0B030e010D0T0k07000X040h0f0P0N0Y0b0H060U9X02TU0m0WQfKxY7PCR63zV9W6EH0eMsYl2pHG0d0L6X0c0KF2XW0B28aW0eHG0S
g1_opDuwU4o79rKqTNfnrGsv1ygaugBlcQ4cAhG4l9GH50	pathagon-rules-v1	7	14	3	63	0h0m0H0j0c0N000A0F0U0i0L04020b0W070B0X08050E0C0J0R0k0O0eLm2lTb0M0ZIPUSaX6XG31NBkAB1vRa92EI75YZMgGX02U90KQDNg0cbL0fR81E0lPE0J5D
g1_opH7DJ5IeW2xaEIYvbN3A4msj7UYNkmlagWCI5NFmnk	pathagon-rules-v1	7	14	3	110	0i0k050e0Q0B0l020N0C0Z0c0g0L0T0Y0d0j0E080U0H0W0f0J0F0h0ANA0bXi9y0S0X1WWf06aNAIQ2Mc0INxCeBz0W0FF44_04OF01Z603C-930T3hHEEGbB0MPc0WWcU70AZbab0i8n0VUEUv0kO7SB0jIu280lQf5u0YXI06a4Ub0c4aFi0eUXVu0cEA540AUMZq04RIHm0HQD0G0jYcPa0u
g1_opHvaVwtCSP5mD3riFINhkfQacJc4tRQTfIR-iNrXdU	pathagon-rules-v1	7	14	3	53	000Z0k0c0d0b0V0E0B0J0F0G0H0I0j0W0F0H0c05070U09040A02030B090C08Bs01060O020H030SPX092a0a020A090H0A0T2Z0M021M
g1_opOKcyjWOVaheARhK2kjWibTY4JT-pz1vnPpsvTDAO8	pathagon-rules-v1	7	14	3	49	0E0B0l030k0L0T0h0M0e0W0C0i0Q0P0D0F0I090J0K0Z020c050R080Y0g0O0HJmX59G2uLr013R0GBCETF3b6AX0gPm520X8D
g1_opRqOaa2y5EKEx3fXFhSCkGGQ4i1ZC3PHYriXnQMks0	pathagon-rules-v1	7	14	3	28	0e0X0a0h0c0Y0M0l0C0S080F0P0D0A030U0e0j0V010T0N0O050W0g0U
g1_opV0P-vPluBBvMUYmHITwIKVQsp-r-yzV7gKdRrQiig	pathagon-rules-v1	7	14	3	116	0b0m0Z0N0B0U0X0O0S0e0E0h0j0Q0P0l06010C030F0J0H0X0f0L0d0M080i0DFuUwIODvJB5gc0Z-IDRxYwKBSkFi3K062cCa0RWi0f5t0dAh03RQ0P6-0X0CL20Y0RaV04RC060MITMFOfHnLl0kHU0fDeGD0ZEJO00NUn0IEC0gNI0ORr0A0Tac09XB0Z9q098gLC6I0V0aFTB_PF0jSC0iat0d08Yy0H0L0x
g1_opcdNHsgqYbHyoggyhKkrnU43OpE92Prkmj6xruBUzI	pathagon-rules-v1	7	14	3	37	0G0D0a0B02090Z06000V0l0c0F0C0L0j0R0e030K0h040I0N0g0i0G0S0W0JLaA_01ZhXH0Y1E
g1_ophCd5FgUj9ZGBM_BIvhZhIuL2cVlzNQzshFpt6dP64	pathagon-rules-v1	7	14	3	46	0Q0P0O0X0V0W0P0U0d0e0W0V0c0W0V0N0b0k0l0d0i0j0I0H0A0J020H0G0h0I0i0H090Q0G0b0B0C0A0J8e0AOP0UQh
g1_opizaUvBYbcdHCuj5Lu8LMuYdxtptZcmfwkRBDM42p8	pathagon-rules-v1	7	14	3	21	0K0R0Y0m0R0f0D060X0e0Q0J0l0C0e050B0I0C0P04
g1_opoaCNyebquTidVNB0fiqGedLH1bC_C2hZ0TosDAVYw	pathagon-rules-v1	7	14	3	62	0d0W0g08090j0104060U070C0S00030Q0I0Z0B0M0Y0T0c0X0e0N0a0K820E0H0uUMIQ0AI2Qs0cXAZG0hQm0GAI00OGCc0JEc0mVtC40d6iJs0i0lLp0OYx0e4K
g1_oppfHB1-N2RAD9nTeoxU-xoelpt9GJdYEX8of4dv4KA	pathagon-rules-v1	7	14	3	44	0m0D0b030B080g040J07010V0E0F0i0W000k0N090U0R0h0L0l0Q0G02br0ZBa0c9v07Y_0P13Q1Xz2V0d0B0i3E
g1_optrurKM6EGqRgzSGN7ZbyF1uhfq5OHJlixPbbkfkC0	pathagon-rules-v1	7	14	3	56	0Z0H0b060Y0S080R0j0h0Q0A0J0d0F0O0i0W0m0k0K0G0P020X0R0M0BZo0T0N0cYaTw7e9XbvMV0BN20E63FXE_6cPkBD30GjMs0C9B01EX0I3k
g1_opvArtw3NVwP2NVCcx-sWw9CTK9RTFwZC4kWHcCb5OA	pathagon-rules-v1	7	14	3	67	0V0D060c0J01080i040d0E0j0L0M0F0G0X0N0Q0C0W070a09000B0b0P0O0U0W07032A3_A_JaVDOj6ST40VM6IIHH07Pu8I0O0KXC0I0G6R1AF3b2FmBoGd0KMkCt090W9M0k
g1_opw6Ph3Sx1Q3pV2Ij1DtzGtxSWwD4xqY7cnwxOpFRcE	pathagon-rules-v1	7	14	3	27	0f0e0X0Y0Q0R0J0K0D0C06050m0l0W0d0P0I0B0J0C0I0J040k0b0d
g1_oq0nls8nf0HM1yS-eqZxg2BZgqA_gVlL-j5vbj9OYJk	pathagon-rules-v1	7	14	3	68	0Z0R0G0e050c0I0a0h0b090S0X0Q0m0U000L0D0P0f070J060i0B0V010YNx0H1q0M5bYZ6eEAAiWt0i7hKWBF0P5h0dJBTAOZ0fQV0F1g0ac60U0aKN0m0OZy0RcE0XDX0VHe0P
g1_oq5rCXrlr-7lfC1eAAyk2IX0ItbWhVaMYiJ6r3XAXhM	pathagon-rules-v1	7	14	3	83	0A0g0C0L05010B0T0J000F0e0U0m020d0i0M040I0a0K0R0N0b0V090H0O0J0EGe9ibn7-1X4WG2GGIDLsS65409BoaU0EX0Ta0b0k0fCk0V0dDY0UWZ0W0OY803040LC40M9Q008i0LMT02aU0ABn0BDQ8e0A8JFW0g8c
g1_oq641xmnMEJU3mOBSs7lAxT_o7O9eJLM85Ar8H_Zo-A	pathagon-rules-v1	7	14	3	42	0K0I0T0X030V0j0l0O0W0Y090G0A0J0k0S0Z020m0P0D0E0b070C0L0eRD0FHHF7Zr01GERg6oP608Ct3n25
g1_oq69P80gcHGmn6Bd1toJlRIBeCvOVzYiZkunv32rIJw	pathagon-rules-v1	7	14	3	31	020F0G040E0N0U0j0i080k090A030N010002070F0M0T0S0c0L0b0a0Z0g0B0Z
g1_oq9fpfEGJNYTMO-bk0yfad4UL10t_qV1PP8bj_Ko5lc	pathagon-rules-v1	7	14	3	79	050X0k0I0G080Z090m06010Y0W000L0N0a0b040g0e0T0O0B0f0d0H0E02IaHX0uVrFGSO7_PH9dcD0V3N0U2bBk280lEyCWYh02aZ0QFf07WW0VUEbS0BLM100bHS0jJ00JMd0bU90fVb0d5C0eT3RO0W0XAa
g1_oqBQ09Lh75Xjh-xKkcPUaUS7RYHXv4t28Dtps2K6dY0	pathagon-rules-v1	7	14	3	81	0X020T0g070m0a0k0e0M0h0B0Q000P0b0Z010U0l09060E0Y0C0R0V08SjR00cTTQ69M0JXBKBB2OK5m0S2h0YGI0II1Xz02Vw0hEI0dBp0g6ZaO0E740WJ_Oc0VC70f4J09Vu0D5ZarQ804AAYDRWc3LsInMb0lNN
g1_oqD_btKNagrc6fTZSnWp_eTKwF2UkpotTvfcaP9H5lk	pathagon-rules-v1	7	14	3	43	0h0V0e0U0f0Y000I0Z0g020J0E0m010k0f050O060Q0H0C0X0R0J0G0O0N0Q0L0D0S5Z0KOl08ah0lXf07cG0g
g1_oqQGI-Uqfb9jZ4z7-sE5xGnCCxFAn4i6J8VGOJzhX38	pathagon-rules-v1	7	14	3	40	0L0k0g0S0Z06000S0T0507010E0M0F0a0b04020a0h0U0N0T0U0M0G0O0a0N0H0J2o090O0G0q020A03
g1_oqecqVFxLLOdIpag3CI6EDy1eOihYIXjnTQ2TK61pC0	pathagon-rules-v1	7	14	3	38	010P0I000k0O0W0d0P0R0V0Q0c0P0H0W0O0U0N0V0b0G040U0T0S0N0e0j0U0T0N070E0O0F0B0V
g1_oqepNSh5QbZcTis09JDdBMxr8HN9qbWNyh07_6G4tdg	pathagon-rules-v1	7	14	3	20	08010L0F0G0H0V0E0j0S0B0I0l040g0G0a0J030K
g1_oqqxJzmx5Kg0rk3etKH6xwwbHwfhaqPex0Vge963Ms8	pathagon-rules-v1	7	14	3	64	010M06050B0g0I0a0d0S0m030E0F0Z0G0N0R070U0Q0X0k0D0i040V0e02QCaJ0Y2GMsYo8aBuI4FISjSFDX0aCz2XO10J4R01RV00Nf0dJY0VLq0TKPbL02288P0G31
g1_oqr4g5cIAk6T-EXweEU7VxEu_bF3ociSg1offckX3T4	pathagon-rules-v1	7	14	3	196	0b0a0c0U0T0V0M0N0O0P0N0V0U0W0d0I0H0G0F0H0B0O0A09080J090Q0G0C0X0e050X4g03020A030B3s9C2NA23A0B3w0r5Q024g2O3A0C3w9G5Q0B4g9H3A003w0p5Q001a0o340B2K9_0q041a3s34034d382M8T0A3u042O0A380q4e0C030B340A2K6x0q081a0A356v2M020A0o342M3t080o342M7i090o342M7i0901380q9H2P3t380B5S0A3x2N4f020A3u5R0C1d0B0C2K4e0A3u042O0A38034e003u0B2N0A390q3t1c4d392M0B1a3s340A2K4e0q041a0A353u2N02A23A3u04020A1d0B38034d5N2O3603014i
g1_oqsJM9r01zJ48UHbZ30VcKSwnL5jxKLQ2oRWoqiuuhc	pathagon-rules-v1	7	14	3	55	0T0L080J0a0K0l0b03000C0d0e0F0h0V050D0g0G0Y0R0P070i0E060OXI0XYM6UVZPER4IF5C09J_Dn04BrYyQQ0iCoNUV-0hJoXP0c4DGw53
g1_oqtzn5UjTt3geCkdOcRU0J428SqLCLGhBlmAKR7wvbI	pathagon-rules-v1	7	14	3	53	0k0f0a0S0O0E0h0G0b040N0d0M0X0I0C0K01080H060m0e0T030D0A0F0W0l080V0ZBX0jM-0dAVJK1m5OWTVECJIrMU0WQ70i2YGR0g9R
g1_oqyd52Db6bJK8t_qFqU9yDA-wPHZ2M-WaiwUIyvFPLs	pathagon-rules-v1	7	14	3	196	0H0A0B0I0P0O0I0H0G0N0H090J0G0C0Q040P05030206030D0A0K0R01080F09080M00070E0807Hs0M79080L0F2l1KGs2CMERc16Wx0S2K360q001a0o340T2K3t0q041a3s34032K4e0r395Q061a5O3403014iAp38035S0t3r1c015S0t42LW00050o5N2P4e050o03004g0s5N1e3s040p5N1e4d2O025R0t4c1d3s0R364f1c052M5P0o00360q004g0s3A033w385Q064g1Y392K3u0p4g1d342K3t030o342M4e040o3r5S382M02040t4c2O3s5R364f1d3x0r012M1a3s04025N1e3s2O0p381b4d2J5P053u4g2O0206
g1_or-19-2l7j0VJU9XQvEnQLPSxMww6v74sCT3S0abzRY	pathagon-rules-v1	7	14	3	56	070J03080Q0K0E0F0R010002090G08090A0H090I0P0B040C050O0N0D0G0O0t0F000G08090M0A0F0L4H040L1b0o2J4e391b0o2J3t38030s34
g1_or04P39H_GjZnIeIcxYvwkMzVomPuKRb9xqluqAJNJg	pathagon-rules-v1	7	14	3	43	0E0a050T07040B0F0U0e010R0Z0g0P0H080I0Q0h0G0D0l0j0Y0F0A0M0V0c0K0fGr0BbL0GNuXS954GOyNY0L
g1_or37cL_m7VUflWBvB2IIhBgQdNzYj4U4nb73QDQ9Mf0	pathagon-rules-v1	7	14	3	118	0j070e0D0O0h0E0W0M0Y0a0Z0i0S0g060R040J0G0P0T010V0K02030L0f00Lc0QSW0Y3DNVHfOkYfBIG8LAFS6S2j0M3962Ja0mK70T9F0IZmSN0bOl0O0o0jHuJTYR92Ha0iEJ0OMW04C64F0LWc0PJd0HYr07XKEs0I0V0c6WRA07UFPC0hHW0jc00fZD3SEF0ADVZq0eItPp0ibG0BVuJo06TU0jWf6p07PzJn0l
g1_or3VO64UFTMVH-Gk7vUJ9zxjNXCVULPI18qFAf6833g	pathagon-rules-v1	7	14	3	66	0Q0N0M05030A0L0S0H01000l07020V0P0K0e0g0X0k0m0C0O0I0c0h0Z080F0W0fHTVx38Wt0RasUuCkM3b-Dn5BA7JC6q1lIF0kGUIT0fQtYUUZKqN_0aAtUm0K0wZE0lD2
g1_or4nXExN8kfyHiVvabTPU1FJvRP4fMqTYKUdOJWl-Nk	pathagon-rules-v1	7	14	3	16	0O03050C040B0N020c010G00090D0H0A
g1_or78ZgRZh19n_1QuVc0x3XcqvGg-H_EjJRHpWd1suX4	pathagon-rules-v1	7	14	3	14	0F010G020M000h030K060W040Z05
g1_orB__Iln7Uugcgmv6yWJ29iR-FiHC5WS2nMNKsibMcE	pathagon-rules-v1	7	14	3	37	0D0m0K0R0f0Y060f050C0J0Q0X0C0B0Q0C0e0l0X040I0P0W0I0d0k030A0H0O0A0V0c6406ab
g1_orEA-tHMmK4j0s-EP3Fi24aE0YkV05lXxk14-YwnDxc	pathagon-rules-v1	7	14	3	54	0I000X070Q0S0T0G050k0V090e040H0E0Y080J0P0U0j0b0L0m0N0B0ON0MjQk4W0C6Z0T7Y0ALYEgIPE8WI97JQ6S78Vm7j0eGw0ZPMFT02
g1_orGA2nd4qApiRlKqKBUbXwo0Ym5FEAvmNyXzrx6E98o	pathagon-rules-v1	7	14	3	94	0S0N0b0E0k0J0B0W0R0l0f0C010I0a0P0h0Y0e000i0D0U0A0K0G0803060Q72PxOLIdSqKd0B0UTSF30XAIQK0AWY8Z2G0DI00V8H07JfC00QCz0W6R0Cb10lOo0Q0V0cQL0WP10VO9Ah0C9vXU0OAtGG04bP0DZY0YaH0DWFQL0j7y0SRlYd025F01
g1_orIZs1Nq_98RHNbo0PXwlohMaVhc4lz39lUA5tp1oz0	pathagon-rules-v1	7	14	3	25	070a0d0c0k0b0W0e0j0d0V0H0c0I0P0A0B0C05060I0B040D0B
g1_orQg_i3kjdkpZ8GJJsv2ZtTdX_-yxM-hvJYfxLgKEWY	pathagon-rules-v1	7	14	3	26	0A00090E070H0G0I0B080F010203040A020903050C0J060C050D
g1_orWeLEgPmAw7uI4ERrPTb9tiJpiIYfQUEBNP_E2lOxw	pathagon-rules-v1	7	14	3	21	0h01000b0a0F0E0A07080L0k0M0Z0T0a0U0S0i050b
g1_ord8gV6pFAMkX2vC9w8zpsZCR-D-l_LZgv07e6I-IAc	pathagon-rules-v1	7	14	3	39	0C0D0506040B0I0C0B0J0K0P0J0Q0C0R0X0K0Q0W0Y0f0e0Y0d0X0m0l0k0e0l0H0A030O0A0P0V0W
g1_ornqTs3cjrRFnq-Y-f8SQFdufKV8gnTtFEYbe1QqCHY	pathagon-rules-v1	7	14	3	30	0m0D060C05040J0K030C040B0A0I0H0J02090G0A0901080F00080109070E
g1_orrLpStv39-xQ_laTuNMrXiJhHSRMniEXpCVoqGLWMA	pathagon-rules-v1	7	14	3	61	0209080704030G0F0g0I0H0R0N0E0a0A0X0Y0B0b0K090T0O080Q0i0M0l0W0H6k0P0N0U0V0bCL0XJn0O8hYd0X9X4lG6Bn0F0P0M3I0O0F0HEw070OX9VrEU
g1_ory9L7MI-M_pqR35-f6CZNII5rxHMjlMOjah24w8k7E	pathagon-rules-v1	7	14	3	82	03040B020503010A09060A00050I010B0C0J0B080H0G0F0H090A080D070E0K0M0F070N0O0G18002e024H040P03Me0Q0K0J5u1F001vIJ5E01IvMBOTZA056Z07GdVjM5QTRZGdWU06cAMC0JRSbIby0QWiBrLg1v
g1_os5C0qMxi_uM72AOo7fGsy04ATIkMu3ZJkgOpfP-dJw	pathagon-rules-v1	7	14	3	57	050V0S0O08040H0P09070J0C0h0A0Z0T0B0U0m0a0k0K0e0F0W030600020Nbp0cSKU10i4Vbn3b0RPD500W7FT40a0fMgGD04OG09ZZ0H8WF10c4C
g1_os9mmwHxM4px8hSrsiUHLwDutu4d8kRy0GPqDoJNN3c	pathagon-rules-v1	7	14	3	40	050a0e000L0P0W030E0K0I0h0Z0X060f0c0Y0C070R0P0F0d0O0l0m0b0D0j0A0U093Q8ibQ870VBr1H
g1_osCAWmYqZ-eInqz6wsj5LyHzstmh_6QZnudUxBkSXt8	pathagon-rules-v1	7	14	3	26	0W040a010A030C0H0G0F060E0h0G0Q0J0f050k0X0i0V0T0K0R0I
g1_osQPc0_IObxTB5Hkux1u9k9EhAD-TuhEcKayluW12sE	pathagon-rules-v1	7	14	3	67	070D0a0605030I080M0j0b0C0G0K090i0Y0H0Z0L0f020F0c0l0A0R0kHh0VWdAkb9HXCT0fLa2w4-3RNO5r0gE00m03XZAUEb0f038nSz0lRrOG0g1FEQ0F7AV30XOM0Y0S3j
g1_osRz7WuG6UXfNznf6klW-9RZZJc1j06WduBnWDfk0TU	pathagon-rules-v1	7	14	3	34	0k0d0e0l0W0j0d0k0c0V0X0c0b0U0c0i0Q0b0P0O0N0T0O0m0V0L0a0M0b0h030U0a0b
g1_osY-miRP7GrHNvwSu6VuJuGfiO7Ho0Z275_y4TEs73I	pathagon-rules-v1	7	14	3	37	0k0b0A0h0m030V0M050S0D0C0O0R0N0L0j0G0d0P0g0X0I080006010J0pM8XOMO090a0GA10W
g1_osah0DBKA0WGEUU2XuD5Q5MuxLslrQVyCIbcpHztzLw	pathagon-rules-v1	7	14	3	54	0h0i0g0X0A0l0F0I0M0E0k0Y0m0B020805060d040l0U000H0P0f0O0a0T07aP0ec701KV5d05Wb300F974Kb4OBVBVo0L0eGX1v03Ex0r6Y
g1_oseKwZOj2uB8MuTIf5FU6QPDEGVx9Xv9cv4vUDaLP9Q	pathagon-rules-v1	7	14	3	61	0J010A0C0g050I0i0f0H030G0Q0Z0S0h0l0W0F0V0m0R0Y0O0T040E0XMJ0Dau293eYeKqAl7J9Z5YYP8UAWCE4308Rz0K020RD50cDrFB0QTzIbGHBVFe0G76
g1_osk2M9wnCnvbulmHBewEYfV_AUlbrsxeF85e21QiRow	pathagon-rules-v1	7	14	3	40	040I0P0N090a0X0b020M0S0D0G0Z0i0E0k0h06080Y0m030C0e0U0J0BYrSo347AFxI11QYMVEN-03Ie
g1_osmWKsvn0U0P0AhlpPYKanjaDqOGdpVzrOiy4kMND4I	pathagon-rules-v1	7	14	3	30	050Y0d0U0i0S0k0Q0V0W0M0a0g0j0c0J0X0V0D0I0P0l070W0C0X0P0T0h0W
g1_ot-mX9GKDy13T8Ct7pb-5vX5SLnYP08YLyACL5fBc20	pathagon-rules-v1	7	14	3	56	0Y0h0T060S0i0N0d0H0L0X0P0402090Z0f0b0S0g0m0c0F0C0K08000E010G0kYG0OR-MmYi1uDm1GT9IZUfWS3mOxHU0UKoag00RW05F2030N6C
g1_ot-tVYBX2FWIPgH_h-SXLY2JLO24tOQ-R852fk485vw	pathagon-rules-v1	7	14	3	45	0i0I0b040B0f0F070h0a0C0E0J000c0X0M0d0G08090e050L0W0V030N0k0l0j0t4gVUUDEtCk0A02b8O6HJI57fA6
g1_ot1FsoKcNUIaN8B8QLIk2FE2AXEJHnYXhOv_I9lH5Ww	pathagon-rules-v1	7	14	3	196	0H0A0O0N0G09080G0M0F0N0P0I0B0Q0I0P0H0J0C0T0U0V0N0U0W0X0P0W0O0D0g0K0R0Y0Q0R0J06X004030535027j091a0134032K360q001a0o34072K3t0q041a3r355Q2N4e050o3r2N4e050o342M3t040o342M02042K360q08096A0F031eAs0D2K5P347j1e094p2K5P0F0o032J361b9D0B08Aq2O3t0401405R4i396y425R4i39An425R4i397j415R4i05094p5S3x2N360C5Q1e094p2O080C040F0o363u045S06385Q4e051b4i3wA10C5S06415R4i39A03s5R2P364f005P0t393u2N5P4i393u0C5R4i397j
g1_ot1MnIXoKNNb1YTsCCD_mHlgpUJGBt5-5RMsotVs_Gg	pathagon-rules-v1	7	14	3	59	0j0B060D0J0V09050m0b0N0R0E020a0Q0K010U0c0e0l0T000O0H0G0O0A0M0I0WbaIIGH0P8t2CW50ZMOKl0b0oFx0HAhKYZ-0c0jW8ba2I5O0A364f1v
g1_ot5F7ujoDbjzmJG4dP1iuslipSFh9tkvmnSyLhQZRAo	pathagon-rules-v1	7	14	3	68	0E0B0Z0L0C0h0O0N0V0K0X0j0P0M0J0l0A08090406020f050R0I0D070c0B0E0iAR6gAz53RfbUJQ9q5hIO8Y060B0lBdY3GL0bM30m0a0J9aICV40fUKc40IFu0h0m6iRT0C1S
g1_otEtBuGk9b9vDHVL02WSr-vIlK2ITDLUIhMoMp0zea8	pathagon-rules-v1	7	14	3	68	0A03090c0X0b0W0O0V0E0M0G040S010D0j0H0h0c0P0Q0B0V0F0A0N080L020G0f09000P0J0dTk0CLE0I0mAaS50A0oXiFP0WAo0t4cGxBc5b160HMRIs0N0OB-0M0WZzbd0b05
g1_otIfUHJNvMsjVuWkKNdMmfTB_VKc7hkWQcvVYrH9olg	pathagon-rules-v1	7	14	3	40	0N0k0d0e070l0R0G040O0D0H0J0K0Y0I0Z0J0W0P080Q0E0X0b0F0i0902alVCbPT7bX6oWH0T16066M
g1_otLPUiTkuU2-sg_NU0abEWQmF7wM4pc4jfqWYYO5ws8	pathagon-rules-v1	7	14	3	36	0D0i0C0K0J0A0Q0R0B0I0H0J0P0O0I0H0G0I090N0A080F0M040F050G0306020D01YT070E
g1_otMnH5bmK5TQDI80QEQ-HQKSvaGmGH8jrkUQMkAELYk	pathagon-rules-v1	7	14	3	70	0B0A09020A0304050C04060D010800070E0F070G08090H0I0J0L0B0H0K0A0D0M0N0O0P0N0I0Q0R2r023T1I03Ly00QR1B0R3T23032y0Q9y3c6a0B038I0I0X3T097W0Q0e4_054A
g1_otfPQU94EAQW7o6LdjuuojbQTvKkMsldouPUx3YnLRg	pathagon-rules-v1	7	14	3	37	040N0l0Y0R0L0k0h020j0F0m0W0g0I0M0X0e0H0U0i030a090b0G0P0OPh0A0C3a0BQq2w0JAT
g1_otjXE1qKTTgd3fyBm1kF9CGaVsDLfKC3-rH6rZtEvSg	pathagon-rules-v1	7	14	3	40	0P0i010g0O0m0d0U0I0K090D0R0Q0H020L0T0k0c0V0X050S0a0N0B0W00Q8Ds2q9FBG0Z0jRcLM0f5s
g1_otjwaHJdbPMrYTmbI4w5nBVUXfWHru6mU1FoRBfbLFk	pathagon-rules-v1	7	14	3	62	0l0W070e0a0i090Q0G0T0D0F0Y0A0h030K060M0b0L0d0V0g0E0I020f0m0NHS080b0OHy0kb10JTx0ScAFl2U5gBH06RPQ0TF0mWt01RyM10YFwJq0XRH0i0T2D
g1_ottVflokUC1YeDy_AiYtO5MIFwxYD5AtwAxsvd0ZcQc	pathagon-rules-v1	7	14	3	83	0X0T0S02010h0H0C0O0A0b04060Z0i0J080l0R0F0g0W0j0P0Y0L0h0aYQ03EH0EQO0H1Y0eYt0G5f3R0BH3PCbNRUDNXR03JI0PMT0OL90m81B-0EI59W0gD70X0DJK0WAZ0d3f5v0HIvTW0lUO0f0WXo9qUh3s7W0B1P
g1_otu5igkvAT59pR1q5garYb4u_tfdjbV0pLU5uv0PP-g	pathagon-rules-v1	7	14	3	46	030N090G02010F0M080A0H0O0G0A0P0H0I0B0H040A0C050J040Q0B0P0007010E0t004U041l012V020K034v055i06
g1_otxXfctnWMYAqbzs0jMq2JZeMTMgf3zuprL5FqgemS4	pathagon-rules-v1	7	14	3	30	02030W0L01000405030608090A0B090C070D0E0F0G0H0F0I0J0M0N0O0P0N
g1_ou1c3raAtJXaB8BljjXYvBezLxE_00YTw8PCSbJEBSw	pathagon-rules-v1	7	14	3	20	030A0J0C0f0Q0F070K0D0h0R0O080W0M0l0B0a09
g1_ou7nKGhCtGxoo_b91KaJEBedtJQCKyM8fvly4zBKu_I	pathagon-rules-v1	7	14	3	25	0g0b0R000Y0j0f0l0A0F0a0e040S05070C0c080H0K0W0m0J0D
g1_ouHo2ruQJFh0Pbf49Z_HIGg3pPI4ncPTUqg0pgxt58k	pathagon-rules-v1	7	14	3	62	0E030L0h0a010K0M0O0Y0C0Z0Q0k0U080G0B0b0905040c0V0f070l024m0FO0aS0D6J0P7XJsCMLI0aEQ9eKRRhV2T50Z0JD6P00H3b0f3rWa0fC0040iPMBO03
g1_ou_QGbkd9q2n0v6HrAc-YJsvSaU_DIocdSZjymolGfY	pathagon-rules-v1	7	14	3	40	0403020B090A030C05080D0906010007010E0F0G080F0H0I0A0H090J0K0M0L0N0O0P0H0O1B0R000Q
g1_ouf_Q5OovEkHNsCqOZV03sYqvl09sJlNNBYhTF27SZw	pathagon-rules-v1	7	14	3	62	030H0N0e0P0d00050T0c020J0L090Z0m0l0608070R0I0b0j0f0C0U0F0KA8KS4_bUZjIe0hOSUZTmYRR10AHK0MWX9ia7KU0cFn0C990hW6015i3W04XG0g0c4W
g1_ougXlT5rHwzl3Ymi4hyZSQS-NwwVXwoIPQzvics0MTg	pathagon-rules-v1	7	14	3	15	0m0J0V0X0K0Q0R0Y0f0e0Y0l0D0C06
g1_oul1_vYxut1qQW7z4u7yUDfADMSlQgvn63Z5e1CUloQ	pathagon-rules-v1	7	14	3	47	0B0E0V0S0m0J0W0G0L0i030c0X0I0Q0j0k0O0b0U0A0l0R0e060f0a080dMm0FVW0gFHGw6-Cr0FX3D1TI0M5v0gQLS53j
g1_ouvlIMag0t0Gx84djPiw4GOw9pujLiLYDeZnWgffSJk	pathagon-rules-v1	7	14	3	13	000Y0S0b0Z0k0g0L0E0A07020L
g1_ouypk29ILby90olc1vLC5OBWbZyuLGVW5kZPSusxg_E	pathagon-rules-v1	7	14	3	43	0D0K060J0C0I0Q0B0J0P0O0H0P0A0c0V0R0O0K0W0d0P050X040e0Y0f030m0l0k0j0d0l02ZF0k02bX2I0l60
g1_ov1EX164OC9JfBpJv7ABs3HNUHk3RlyRgfxFDsqcxjs	pathagon-rules-v1	7	14	3	71	0b0d05040e0K0A0E0B0j0g080G070m0Q0X0N010I0Z0k0J0S060V0U0L0M0F8r0B2EEaLH0H0dZeOJERYW02bh9G0CGb0hakQ50mI80N3hCD0RWnY40jS30MVoUp8rH30ZCSUB0LFXaD54
g1_ov9mh_b-oHZaRoEFRwuNcoQQUDa63j8ajMAXUfaqF3I	pathagon-rules-v1	7	14	3	20	000E0T0F0b0G0V0H0U0I020J0K060d0D0C0B0M0C
g1_ovEaiKc70Ntflek4FBqXfWQr3VF_-yYim2NDy74MYB4	pathagon-rules-v1	7	14	3	45	0K0E070C000F0L020E080S0l0i0O010d030Z020G040X050W060c090N0v0b1Y0H2K0Y0pQR1YIr2n0k1R0V3d0m3r
g1_ovKncu_xTYZMBtrePOxyeg2_eHXVKncsLz8cx9Xve6U	pathagon-rules-v1	7	14	3	32	0F010N020T00050C0M03040B0I0A0B0H0G0O0H0a0U0b090Z080A0J0B0C0D060C
g1_ovRRlVkxbAqL4ELUlbk02hvl7ICrmxdfD1rCmqfaLxU	pathagon-rules-v1	7	14	3	29	0E0F0G0k060F0D070K0M0R0N020H090A0G080O0F090L0f0G0Y0301000m
g1_ovatmZUA94dG0v96-MYWI3-NQ1MEw55ztVNHQcjtCXI	pathagon-rules-v1	7	14	3	59	0C030W0207080R0F0Q0j0m0i0a0g0Z0f0V0P0H0O0B0h0l060T0d0J0X0SZb9gY1Ml09FKKM0hCs04X9A8IPbn2o1MMSb9Ot0V0jQr0G6W5f0JYn0HDK0A
g1_ovcehDVrJcbYyhsl7mIxJVPUn5PEIz5LVsBA47mozGY	pathagon-rules-v1	7	14	3	42	0C0T0905080j0D030m040R0h0Z0f0X060a0W0Y0L0A0B020k0Q010d02000ecBa6Ro0UAJ0F0TW5XN07BKZM
g1_ovdeYPmcA3pkZgw3qlx1jt2EPMUAOeffsVE69Yc3G5Q	pathagon-rules-v1	7	14	3	30	0X0Q0f0C0e070J080Q090A0B0I0P0A0R0I0Q0Y0H0J060Q0304050A0B040A
g1_ovnsWREPkv2nkDzw8K85ng75ChJ-cPIHO2d_uXCZE10	pathagon-rules-v1	7	14	3	69	0Q0203000T0Z090N0B0e010i0G080d0D0O0H0f060U0j070F020L0A0b0X0G810eJq0c0J0lG20MWJ0Y1can7-U50HBUGNYcaZHE0K180fCm0d0XL40iXy0WGK0KU-ZZ0kTSSy0S2p
g1_ovqnIO6iyeDXuViIRENhUYR-I7IwDbtniMcxk3mU5iI	pathagon-rules-v1	7	14	3	76	0Z0N0C010P090H0302000h0W0X0a0l040G0m0k090Q0F070b0O0E0d0c0A0V0R0Ja5P08vCzbQT30Abn5qPdLnaVJhHv0K1G0lU80OPg0dE-0OOlO90eQu0JYE0DJF0RXa0P0OZg0Q0LNH0P0j1y0h3M
g1_ovtK4767wcQJydAFrce9UYi-wGT_S5p5O7KMh1ES3XI	pathagon-rules-v1	7	14	3	25	0F08010M090L0a0N080O0G0P0T0h0M0U0g0S0Z0T0H0Q0a0R0T
g1_ow5LfxY3A-GII0d3Gf0AvbO3bitD_8ob4WqFWzXe5po	pathagon-rules-v1	7	14	3	59	0f090M0l0I0O0m0c0S0F000h0e0i0E0D040a0g0N0V0Z0X07010d060C0xYTQVAGF5Xk0G0WD27jP51FVo2k4M6D8ib20ePR0L4wXc0QQ9Gf00A_IH0X25
g1_owB_zpU1dAVxLuS271bwpu-zborrteT-NbLuGBAFE64	pathagon-rules-v1	7	14	3	31	020j0d080Z0k0S0h0F030C0Y0409030U0M0f06000L0R0T0m0G0i0O0KJI0W0g
g1_owMn1ZiO92ElhY8GQ_-nty2bFap8w0RWLo4C2aaIXEg	pathagon-rules-v1	7	14	3	17	0W0P0I0B0P0d0k0A0d090C0D080C040H0B
g1_ow_CWM4SAMeZy3RNvvFspfa-UeTynL9lcJ7Nj9_Jy5E	pathagon-rules-v1	7	14	3	196	0Z0a0h0g0S0T0b0U0a0i0L0b0M0h0T0N0V0c0U0O0j0V0H0G0F0E0G0A0N0H090807090E00010208016B07040s3r08Bc4q0r1Y01071a0835092M083t041d09380q4c69070243W_0s3A033w385Q004g6D3A033w0r5N3B2CBW0E080q07000E0o684j041d08380q4cRb0Z020a1d09010r4c081fWy1R00Mm1DWx0g010Z0s08388U4cX00A382M4e0g3u042O020A0r092M4e1Y6w6D2P3t0409070o5N2O08020r4c091f3s0r6v391b3x0r4c352M3t0r1d5N2K6A070o092J021f4d0v2J6A07390q091a4d34032K360q
g1_oweXWteYpOhi6Ckidxg7ax9Z5CND9bVKYze1JR2IxTs	pathagon-rules-v1	7	14	3	55	0K0f030Y0J0e0R0a0d0001060A0g0X050Q0k0W0V0S0c0Z0i0b0d0j0l020a0D0z2D0BSGUS3X0FMzCs2M4tYlRNYE0M0fV10d0IZJ040C05Up
g1_owi1t4AWdWZPRvjk9--76ngsmHKExjI7zMbcgDBBO5g	pathagon-rules-v1	7	14	3	39	0O040D0I020N0S0G0J030c0A0i0P010m0Z00070f0j0F0E0W0L0B0h0e0CDL0QF5YxITLA4aAd181Y
g1_owoDdgkAXDfJI5zPqlkSKdo-nAyoLm26z8hftmCCe3Q	pathagon-rules-v1	7	14	3	22	040I0J0B0C050H030I040A020B090G060D0N0K070G08
g1_owvP6xaIZIw0VcKrIKubFBGNI8YIv7zQ9NxOWi4hBp4	pathagon-rules-v1	7	14	3	36	0i050U0F0f0E070O0l04010j0S0P0c0L0b0V0h0a0e030C0R0Z0A0T0m0D08NaOnOHJIXtDu
g1_owvbgKWXAGydfpGQ0ukwJ8G8EnYLkfSu9v66_aM9iTo	pathagon-rules-v1	7	14	3	48	0C0B0A090B080D0M0405060N05030O020G0H0I0P0A0H0O0A0F0J0Q0I0P0J0I0K0H0R010008015U060E0D4A040S5S06Aw
g1_owzV0ygj9UTPWyfY54rT-FC4smRAJnC0xByovxQEayo	pathagon-rules-v1	7	14	3	33	0D0E0I0F0h0L0T0M0O06040K0f0U0G0l0H020e050V0Q0R0C070S0j0D000c6JUA1N
g1_ox5PPVNk7yRfMUhOAHRM-Fi0tOx1S3TpqsTjuEMrEcg	pathagon-rules-v1	7	14	3	130	0L05060G040D050C0B030A0H0I0A0J0B0C09020K0301080F0M080N0O0P0Q0O0R0E072J023B034H1c0o2J4e391b0o5N062K3t0r000B0o342M02040o342M3t044d390q3r1c012O0p341b3s2N0p341b012N0p4c1d352M024g0s345Q061c0o2J5P3A1b0o2J3t381b0T2K0p346B1c2K0p0U3r072K6A0q041Y3s36070o9C2M6A0B01380qGC
g1_oxJwibYngcj4aDtYQeGcIABaSC8VUPJruSxLLU0ss9k	pathagon-rules-v1	7	14	3	60	0N0I0C0K0Z0U0S0V0c0H040G0R0h0J0D0F000k02070T0O080N010d0f0Q09JrB6Uo2walEMSI763w1b930LaAJVCr0Y0WEyIx0XW30H6m0I0kNHbl01LI36
g1_oxbf_ASrCpNHpntBI7AxUFGDsClzJlg9kHAMyI8zDok	pathagon-rules-v1	7	14	3	53	090F00070k0g0Z020i0l0Y0B0S01080h0C0W0H0Q0f0X0D0d0R0G0U0c0m0JM4LAR-0ZDr0KW6320tXmZX1q0aGjAkCUYd0JaJVw0RRf0D
g1_oxfMr2ZWKMgukTeRTYCUXqLT2dFt_tBAReuthAPoJ4s	pathagon-rules-v1	7	14	3	50	0D0K0R0C0B0K0C0J0I0Q0P0W0Q0X0J0Y0H0R0O0V0A0G0N0U090N06050403050201091Y015U080t1Y4d2O02382M4e050o0300
g1_oxfaeiLNhVsXelpDu1DX5dVTr2t2L1l6jGY0CInLi6E	pathagon-rules-v1	7	14	3	72	0H0A030I0k0R0J0A0E0X0Q0e0D0K0O0j0M0N0Y0C0I0B0F040P0G0i0f0h0YYF0cEM0HAp0bKl0QSF0WaUWV0BUbKW0d3ADc0PIk5z0C0jA80JaB0bGO0GHv0kHFCEVm0U0ObO0Nak8nZyPc
g1_oxlWzblrkgGfE1uA-_7KALZ-TCZTcv4DIiLypV0_QzA	pathagon-rules-v1	7	14	3	64	0f0P0N050h09070a0U0d0J0A0G0V0S0g0C0T060I0j0B0X0O030H0k0i0U0l0cVGU4SyAVOXZk0aFM0d09Js040c3lST0kXM490mQB0OGfbQ0Z2D8A0XMq0bPmEX0L99
g1_oxoZjXdW60GNz2bNvfRbDYIzQVPsLWScXEYk2LssTJ4	pathagon-rules-v1	7	14	3	151	0b0f0P080e0d0T0A0N0B0R0Q0m050I0U090h0E010K0V0k0600040H0O0JOj0jXx0H4B0eKkN20CF-3TVR0XGVHo0lVAb007bu0IBz5j018o1G0SEA0H2T0P0WB6aG0l82090TI00iMN030OKx0A020eDI0LPN0mXE0ZZJ0QFK0OLk0K220REBc70GQc09Jk4W0mPrHD0ML004b6YA0kKH0b0WIBOQ0lF7aw0IU04t0C2UWK05THE00FYk0cDBc60m8Ebz0m610lF6Lo0QAIXO0UBn0d550BExbK069fYP0C1N
g1_oxtR4WDXzQpfo5w4gyaWber-snkQlAfRPr887So2ncw	pathagon-rules-v1	7	14	3	98	0Z0P0N0F010M0j0g0L0S05000i0h030l080c060R0C020Z0a0X040V0I0H0W0D0U0b010d0e0J0AZc0Q0EM20YauJd8t0M1bHv1L0kLGZ6YSJ40laaax0k2bRQ0jYd0ZVK0hE209Yk02H80iBs740EX-0RYn0TXH0FML0TSj0h3_0VPe0X9k0d8A0i3e0cPa0j2e
g1_oy5wV-q98QbD4w2GtUrWQnsdo_JRBiUW09Z86Ot-fJk	pathagon-rules-v1	7	14	3	51	030M0b0Z0A0f0B020k0O0g060R010Q0T0H0J0c0F0e0m0h080K0E0D0UUJ0NTdJY3pCJXJ0ZVxNTbKc60eWnaOCBMRUq9H3WYRNp03
g1_oy8eg-WvTdc9iJRBF6HLUOxenMR5okctPLBYKBDPkZ0	pathagon-rules-v1	7	14	3	38	0B040I0P0O0N0H0O0A0G0V030O0W0U0902010M020N0T050F080M09060G05000C0D070C0E1600
g1_oyLWvDrb1SEy19TGNflTab-O8IfB_6dXKc-w_wRkMgA	pathagon-rules-v1	7	14	3	31	0f0H0O0c0A0G0e0b0P07020R0K0a0F080W0g0k0Z09050S0i0l0D0V0Q0H0JCn
g1_oyW9yNuCxpLcnzhwUNrWFxnvak49haZj5ixsEKbIQ_4	pathagon-rules-v1	7	14	3	120	0m0M0P060I0H0W0J0f050e0l0I0X0C0D0B0O0g0Q040A0K0b0J0P0e0V0i03085H0S3R0cOb0RXjLxL60Q00AVK60LETXebUZC0icFZDbSYRZvcE0K0PWwbPRYZycE0UbUWvZ-0jakZycE0HbU1WZ-0jakZycE0B0T0IbW66ZB0UZz2FahTqbQZzYPagZB0dZzYPahVJ0bZw0jYQ0bZAbSakcF0dZ8bS0j0W0XEnX20VGs4x
g1_oyYtR1Irb5HYwIHRT8xxfYMCu-wx0e9CO39vj8HYxgU	pathagon-rules-v1	7	14	3	70	0b0Y0R0X0h0D010i0G0S09020A0C0E0L0l0j0a0P0I0B0Q0O0k0F0T0U030K00O108AR0W9ZD8OKBXZtai0V0EAoY7MQ8h0ibE0T0JF1Lu0Z0g0LFy0J7s0XXc0aKqNX0T0MVe0aDT0Q
g1_oyh-e1vmArMD4mZRYxrNMtjLagxYrEJ3eSSeQPik6CM	pathagon-rules-v1	7	14	3	30	0S0P0N0A0f0Y070M0b0X0i060h0L0K050k0U000O0R0H0I09020N0a0B0T04
g1_oysYSbmNJXwM2wq2pwibbFshKL4VaviS9kQmAPFAzbQ	pathagon-rules-v1	5	8	3	15	0F0804030A020107000905060B0C0K
g1_oyyk0PoKHmLOdAXVZxFAN5asx2T-UX-IQPamPRRtYYk	pathagon-rules-v1	7	14	3	30	080F0A0G090H0L0E07010E00080203090U0I0B040a0J0O030B0H0P050A06
g1_oz1U7H4sbd5B9xjISLGDVHKEE6dB-7eH9kmQr5obhCc	pathagon-rules-v1	7	14	3	17	010S0V0N0O0j0i0b0U0T0b0Q0H0f0A0k03
g1_ozFdf5Pa3WPosdW1f41gdAjuOLMZmL9OGlZ6EeRDJt0	pathagon-rules-v1	7	14	3	26	0D060e0K0W000M010J0I0P020Q050H0G0i03040B0R0Y0h0A0b0C
g1_ozJKUsor8kSl8mVn6J4BrlVutE5EtDCIcX-U58APHFk	pathagon-rules-v1	7	14	3	15	0008070b090K0g0j0E0m0Z0R0L020S
g1_ozLMaSEzdnwgmj5lRsOFLM0l8T1Y0ZcduNS1Gk3uo1I	pathagon-rules-v1	7	14	3	53	0H070G0P0O0N0I0A0U0K0C0E050M0F01040B0Z0d0I0J0B0N0O0Q08090T0G03080A020f0e0F00OF0g4E2uNg6uPtXeWQcFSJZ-0jak3Z
g1_ozO540UHfK4eofm8JaFHVFJvCaPZFpB__W7NC2pXGTg	pathagon-rules-v1	7	14	3	53	0V0H020b0U0m0K0c0j0S030Q0a0f0h0R0X0D0I070i0k0C0A0G0g010E0H052m0J090lSL02N8W_0C2M916hZTMt18SHEQ3F0YBL0bXRCO
g1_ozjCbep5pPX6UZih9A1pXsc8Ut2BaVAcrxG7cjF5wiE	pathagon-rules-v1	7	14	3	45	060L0g0h0d0j0k0S0B0W0F0c050l0Q0V0k0C040i0Z0X0e0D0K0J080R030X0E0H0eFsUfMgR-0UGcY4CZ0K1kOQ9p
g1_ozrauLi2y223lbhRvCgFlaqUGAKlIVaH3RRa4qs2dV8	pathagon-rules-v1	7	14	3	71	060m010A0S0g0I0G070Z0X0C0a0N09030H0e0M080i050d090j020O0K0Y0N6n0WRX8C0DD80LJ0V12YYmRPEd0fMuV-0U6m26Af0096Jm0lOFYl0B050Cb3040I1G0OID0UaQ0YSlbn0K
g1_ozuJELJbWgv88HlHZWyEygeok3a5tMx7mBLLJBDqeCo	pathagon-rules-v1	7	14	3	50	0B0I040P0O0H0A030H0G0N0H020A03090W0V0U0O0V0d0c0W0b0F08070M080T0a01000ESX050t0B681r014j7505082q0Q3i0R
