# g1-key	rules	size	reserve	repetition	plies	2-char-actions
g1_d-3iYn6f-OWPAi48YbmfWyfP03pB8fIxcF7kRXuJyo0	pathagon-rules-v1	7	14	3	67	0g0C070U0i030b0E0I060H0P0S040m08050X09020a0f0L0G0F0R0M0G0D0AEP094c0eSfOU6s0V1N3CaZ82HO0Lbg01C_J9Ek03Hi0C7z0QbP0C0RKz0l7c0J0QVM0hYf2s0e
g1_d-9DiqWZivh63-y_cAcy4KtCqN9tb5A_FKLHAAR0Tus	pathagon-rules-v1	7	14	3	87	0T0a0S0Z0U0b0h0L0a0i0N0M0S0g0E0h0L070M0F08000F0G0c0V0b0O0H0j0G0c090A010HC60ESr0aV10VPS0OIg0N220HDl0G0A0F7W1W0VZyVLbWHeC50MYK0dW-0V0A1c3g0bac0V0C0c6s0B0j8L0lMtRk0abi3z09Gw0FX6
g1_d-FmLNSrXCXsNu3StE1LF3Lwq2ljfxQ1Qi12OZSuUlE	pathagon-rules-v1	7	14	3	42	0F080E0G09070A0H0B0I0P0O0I0N0M0L000M0E0F07010802030904050C0J0Q0I0C060J0D0K5o060K05Ll
g1_d-GO9QI4xasmlEhE7RTRnoW4L7l4hjf4jCsthbxJtgA	pathagon-rules-v1	7	14	3	66	060K0A0T0J0f0Y0P0a0U0k090E0403010M0S0D05080d0Z0O0H0j0N0Q8s0eRJ0Lal0g0I0bEO0hIX0l78Wl81LC5YO9U7ZKPg0j9w0VcD0lDV09aV0bAv020QVy0fapYy7g
g1_d-HqOCAPyl9d299-XKuwXU1CB9UN_PQkc-eHZww3_bA	pathagon-rules-v1	7	14	3	34	0l0Y0X0f070b0j0V0E0c0Z0e0G010P0I000d0m0L0W0S0k0C0U0d0h0Q0g0XX_0ab7QV
g1_d-MlmaXeN6QaB8vfmTM0iro4TcyUTPozHYQ3kUyuTUE	pathagon-rules-v1	7	14	3	51	0Y0O0M040m0J0X0g0T0C0V0S0P0H0Q07010c000e0j0W03020d0i0W0G05090b0a2GVy5E6QUjJMQj03V_0aaN3sN2A4PS0fR56q0V
g1_d-TYsgz5D07kuvvKLUATyrc6oRjfMqWIvXjwFNyEUuw	pathagon-rules-v1	7	14	3	196	0a0b0Z0S0T0U0c0T0b0V0d0W0L0M0S0N0O0P0V0O0E0F0G0H0F0I0708090F080G0A0B000102080o002M0p006z082M093t0A381b2K093t081c092M023s0A36081b092N0A36013u092N1a350A3u081a0138092M1a3s0436081b012O0A381e4f093t01385Q0A1a3s098V2O0A381e4f8W3t5R354f2O3t043A3u04083t385Q1d2K0A360q1Y3s04360q003x4g082M5P3w9G09030t3r082K020r2J1a013C1b014g2O36090q4c2K6x080s342M0A010936081b012N5P3A1b3s044k395Q0902082P3t090r0100082M5P
g1_d-UqGe4vHT2aFYrt9v7UGT-tEsKMGzseMdX1oU07NAc	pathagon-rules-v1	7	14	3	34	0E0L0S070L000l01020908030A02090F0G080F0H0M0A0N090O0B0I0P0H0C0I04050D
g1_d-UyLpG8U_faHRnV-9VPqGMiFhDwe_lyqV64TIdeaUE	pathagon-rules-v1	7	14	3	57	040J0m0f0e0Z020R0g0H0d0F0P0C0L050T0Y0V0N0B000j0S0i0D0O0A0KWhW88nOfMrbMFqUh4qZr0hGBIK0A0G4U0bcF0s6306HC0j2g01Yy0W7x
g1_d-YCl0u1uaQxTx28sXgeOYNKQTLtvHtgeTHv9wjGhVs	pathagon-rules-v1	7	14	3	92	0X0a0i060b0m0E0B040Q0K0O000T0l0c0R0S0M0b0F0H0A0U0I0C0J0P0g0dQF0fC7UH0jKe0YATCs0XX2MmYcKk020G4F0gFADYB70CUN0B810lIDWY1GXH0Ib30DNV05bb03TW050T6Q0NPa0fF30C0XSP0iO1Ty0SQL0XOv0CPh0W0m04083w
g1_d-YKScV88WhPHwqUx_eK3-gHuGdgGyXCPslDDkkx-Mo	pathagon-rules-v1	7	14	3	27	0U0N0G090N0b020T090a0M0F080M010V0O0U0c0H0V0G0A0N0H030j
g1_d-Z8cXYXDue7AHLaZv7wY6RDTPWVspMjeF7HyHp6ZVQ	pathagon-rules-v1	7	14	3	57	0L040c0B0e0X020W0l0k0D0h0g0i0E0a0Z0V030K0j0I0d010U060k0G0Q0ROG09Ba07L9SjUSDIam0SaS7wTrJHH9Ex5MMoNz0cFj0aZLDR0LJV0S
g1_d-adc0lNqQ8ie5qNkljY6cJubImiEMdbvLrnB_37_Ow	pathagon-rules-v1	7	14	3	107	0j0k0c0d0W0V0b0U0i0T0a0h0P0a0O0N0V0M0Q0X0e0l0d0X0H0e0G0F0I0J0K0Q0J0RG40JZ60Yc9bW0l0fZwYPbU0l0jbRZ7cD0eYR0bWwXabOakcF0mZAbSag0kZw0jYRcC0bZwbTYRW90eRSbI0l0X0R0k0YZAbSag0kZwaiYQ0lD1bYYV0G0oWA2MQr090o342M7i090o342MCI0A
g1_d-kx0GGwlIpv--z7oZB3jl6jmrsxHXTqNoaApi5oICg	pathagon-rules-v1	7	14	3	88	0I0P0B0Q0R0O0H0A0N0H0G090H0C020B090I0J0K0I0D03040A05060M0F0N080E0T010M0U5s0W7Q0OLs08OW072K0208030t0W1Y3s5R0V0t0B050I0C0J3rAv5R3A4f2O020U0o4c2O5P0C01480B4g0I05160J0M3M033r1z01GV
g1_d-qIgJ6IUyTagFj_0NJSdRyR9UfcuhtD2KJhJK4d9_o	pathagon-rules-v1	7	14	3	114	080F05030I000B0G0O060N0L0M0g0f0F040c070S0E090H0Q0i0A0K0jHq0C0J0BET8S0aKjY9XK089YBC1M6f3F4m0gO02S0I0U0VXT0N5oGIR7WiM5B9GrR7WiM5byGrR7WiM5QTGIR7WiM5B9GIR7WiM5by0TR7WiM51zGrR7BGLfWbGkR7BGLfWbGkR7c3LY0W0dC2V177GcQw8H0eKQ0YQSRI5uW70Y
g1_d-qznzYJk9Ijw9fdGXOVLmG4XSSzUtHjA4kCJ6jW8h8	pathagon-rules-v1	7	14	3	59	0U050Y0b0e0m060V0C0c0X020h040S0B0O0I0k0R0A0i0B0Q0D0G0j0gAr0dAJ096S0aZz4O8RUoR608QSS5aQTA0Cc1Js2YGd7D0dPa0kU50D0ZMXDU0f
g1_d-z90QwIomDtIrTG63Tz6GkkBRTuwGb6p1KbSDTB8fc	pathagon-rules-v1	7	14	3	31	010Q020X000Y0R0e0f030Y0405060H050A090G0B090I0J0C0I0J0P0D0Q0K0m
g1_d01BibqYI5dDOg8Uxmqj30mybt9OCAk0UFkeNl-0AyY	pathagon-rules-v1	7	14	3	132	020l090A0G0H0I0B0H03040P0B030A0O0N0Q0J0C050J0K0D0J0R0C0K060Y0X0W0Q0X5O062J021f010v006Nat771608684jH4050u3r1c015S0t3r04015SAq42G90K5SAq42040L5SAq42Lm045a4iGA0M385Q4iA20C382M4e053u4g2O02380C4f5S3xAo0V035a0OFQ4wB9R05vGBLXAwR00J0C150Q0D4c5SA3Aw0-0J0C1Y5O2P02GI1s010JQ4
g1_d04DUvFNm0zrFuxhhUYMU-WEphoAbSTjl96SUqqFq0A	pathagon-rules-v1	7	14	3	196	09080T0A0M090F0B0a0C0D0P0O0N0G0O0H0I0J0Q0I0J0K0R0J0U0V0W0O0X0N0U0Y0V0R0bAq0DGA0K5R0C0B0J3xAo4f055P0A093x3H0B0K4u2O5RAqA04e3w5R0C2M023s0A360803041e4pGA0K5RAq4d052J5P1e0D3w2N369F0o3r2N36030o342M3t040o342M02042K360q0B1a3s34042K3t0q001a4d38052M1a3s04360q1Y3s04360q1Y3s0c020r0V4c1d01381b2K0p3r380B2M1a3s0A360q1c055Q062K5P344f1d2P3t350q5R2P1a0A3u4g2O0b045r3A8U3tD54d392M3t1c0G392M3rDq4d380q0H1a3s34
g1_d0Jt13gZY2DiO4DSgwDxf70w2HoNWXIkpY5AAIVCOZU	pathagon-rules-v1	7	14	3	102	060G0H0J0l0D070f0k000L0S0U0a0b0e0X0j030R0i0209010O0W040KEV0HNt0eaSMN88GR0gDQJmSi4K0mTAI109FY0bbvax0M5d0AOt07H80M0SBmYz0NDQJS0hIg9uB60NID0F6U0PE20H0DCl0AYe0C0E0BTO0KZP0kENAL0G2a0LLh0TWZ0YCIMV0mNNAw0fJKHH09
g1_d0L2v0qChTvzxpiVO4iXJlPPO3hYw0cIrbo6E3BbApc	pathagon-rules-v1	7	14	3	35	000L0M0a0Z0T0b0N0O0M030U0V0c0j0S0H0W0A0V0c0P0V0O0X0Q0J0I0Q0W050a0V010O
g1_d0LwZTYQAOC3UJpg46esacNks2NQGrFv9f_-GuxF0Ys	pathagon-rules-v1	7	14	3	41	0B0J0C05040301020400070E080I0D010C0F0P0A0K0H0R0Y0f0I0Q0W0G0J090X0A0Y0N0m0U1M0i0V0b
g1_d0UEre6F-gOg37XsR-dWuDXdIxYZF-ytEoRTN8Zk6qk	pathagon-rules-v1	7	14	3	49	0Z0O0c0m0N0W090Y0l080i0G060F0b0a0L0P0H030R0E010Q0V0C0g07az0eYpDlTZRSOoCnNMcGIePHUJ6I0F020NLHDp1M5V
g1_d0dvJ0wy9kU7U1aMfRmjZKtOet0yHWHLM40uftWRdRI	pathagon-rules-v1	7	14	3	181	0m0l0f0e0Y0X0Q0R0P0W0d0k0e0W0X0d0O0V0c0j0d0V0W0c0N0U0b0i0c0U0V0b0G0Hbd0IWw0f0J0Y5h0D0C0K0B0Jbd0IAjbR66afcFYSbRXg0C0kXoApAAGH5h4iApAA0C5h4iAkA2G90J0q5P3s0K364f1c0B0A9F2OGB423O0I5a4iGALW0B0C0I0BAp0HFN0R4g09395Q3xbb4e0B5O342M3t090o342M7i090o342M8T0A0J3qbRW8afcFYSbRXg0ecFYSbQW8agcFXhbQYR0HcFXhbRLQafcFYSbRXg0ecFYSbR8S1RcGYS0QXg2DcB0AZ8LNXhW30eZ8ZwXe0Q0i2MXk0XYU342M
g1_d0emxr4CUOxdCQzgJ6ckfx2F3TzW0SnUoUJ8DhiqCA4	pathagon-rules-v1	7	14	3	128	0F0E0708000102090G01090308020A0H040A0B0I0A050C040J0B060D0K0C0D0L0M0N0O0M0H0P0I0O0Q0R0SLs0T0JMZBx6MGz16MDBx6MGz1600C20MHI1RRv0EMmXN0M6o0LMmHIXG07Bx6oRo25MKXNC9Ro01MmXNC96TRoMmXN07C900Mm1DXG0ES068GzBqMR1D680701H416681f01H4MY6a07Bq6MMK0RH4166a0U0L5NBb1fGt0_MD
g1_d0iQYV1TtDslLToQX2UwWtycFUeJt_bgFbbDnW1yKAw	pathagon-rules-v1	7	14	3	15	0F0M0T080M0a0B0A0h090a0C010N08
g1_d0kgrSOSNout89eL8XKKRmV8geiOs-xeOAlWiREEHRc	pathagon-rules-v1	7	14	3	45	0H0O0N0M0A0N0V0U0O0P0I0O0G0B090I0W0C0F0T0J080I0F0P0Q0X0P0J0I0Q0R0K0Q0Y0J0R0D06050D5E0f7W0m
g1_d0plFrsQs-kmloaQpEsIrOSRTaa9eGb_Vp_xBXVSuJ8	pathagon-rules-v1	7	14	3	45	0J0h0M0W0m070E0f0I090g0L080R0C050l0N0c060b0j0Q0B0O0M0k040UIy0FYEJmM4b06PCa8BKhSjbuQSEgJbA6
g1_d12NLJc2ryJ_9IKiZ7a6vPi2m8SsIL3aXkIfLSXmOk0	pathagon-rules-v1	7	14	3	21	0X04020309010600020G0C0J0Q080J0A050e0l0Z0e
g1_d1BMbud0cfQFZKeNNB1jwHdYGNcT3gL5zpqXh0VbiYE	pathagon-rules-v1	7	14	3	131	0V08070I0d0J0X090Y0Z0N0i0D0h0c0l0a0O0A0k0L0E0G0U0b0K0j06020mUL0c0SapHUFb090T0FE70g5e89096X0aOjR_X3a000Dv05bd086s07HM0j3Z0dSp0ZaO0QGp03Np0CYV0bKO0m2i0l84CZ0ATWa47H0jAMO00bPw0aYC0U4_0OP70kKP0c8z0UPW08Om054FIk036N0P5707Fq0QT1090J0CCI0FT_010FEz020OQK0VPIRG0JL9F70X1E
g1_d1E7davHqDxlLND25CfAh3jrhkL3uI8dU-3unumkEKg	pathagon-rules-v1	5	8	3	27	070103020N0800060407050O090H0C0D0E0B4204083u7yJJ0r2fBe
g1_d1EJjNrbAbxeLCzbAX64fC0H1FMnCBUeoj1EpwsXPmY	pathagon-rules-v1	7	14	3	61	0Y0O000M0f0B040I0K0a0C0E0G0d05020H060h0U0l0Z0X0e010c0W0VPWJsYQRzGF0mCbZMaSEgQP0ZEN0HWr09TY2pHVUC0aPS0UBk0OSI0A0lWR0B0I0G0y
g1_d1FrZkd_FuNVhlddZp7okhdrf1Tg98z0F0K4OO6zgpo	pathagon-rules-v1	7	14	3	62	0R0b0L0E0i0O0M0f0204060S0F000N0a05070A0Z0j0m0P080W0T0K0H0k09PZWL0O3s55BiGi2AZQbcP6Rt0A0I0YTpHu5FUNVf0gEqCa0mYl0l0e9w8y8MEi0b
g1_d1I7dA22WjBuCrzJkSDC3x2hubQITo-Ab5E61WLBsD0	pathagon-rules-v1	7	14	3	13	010I080W0F0j0M040T0a0h0P0a
g1_d1QOO-vA1LuxLju1FzQ8oKQ2ppDLMHeFiIs64jqxToQ	pathagon-rules-v1	7	14	3	109	0C0I0D0c0E0V070a0T0K0O0b0J0h0W0X0U0e090B030G0Z0H0i0Y0b000A060P0a0W0k0d0B360q0b0NBa0A6ZGh0Oai0VR00Q5h0aAq4g0d2M5P0JXj342M3t090o342MZG0C0o342MRc040o3r2N391b0p3s04363u1c0M2M4e3s0F367j1c092MG73s08367j1c092M8T3s0K0A0J0H0Q2E
g1_d1ua_fKP7tix17H6rympfKA3GDs96qdhtC-YHr2A54A	pathagon-rules-v1	7	14	3	21	010O0L0W0T0N0M0b0a0J0h0g0E0c0U0I0V0e0F0008
g1_d1ul8C-NE3XMFoAf99_pN3Otx34P6rJwYVwSj1XUGdU	pathagon-rules-v1	7	14	3	196	0U0N0G090N0I0b0P0B0W0V0O0H0A0O0c0d080c0F0M0T0a0M0403020109030A023r04050B0t0C4p055h4iAp42G95h4iAp0J045aGBFe51BG0DGWB2R005Lm5oAq4p05Lm5oAq0D05B25aLY0IGI1s5o06B25aLY0JGI2d5o0QB23ALf51Gd5hBNMCREGd0KcAMCREGd0XcAMCRE4N0KcAMCREGd0KcAGjRZL-WbFzbrR0LY0JGIWU5o0YB2R0LY0RGI6v5hLYB90-Gd5hM50RRZL-WbGkbrRZL-Wb0fbrWGApQt0D5SAq3uA1025S3A3u2N025S3A3u2J4e5O380q081a3s34032K020r391b2P3t4g395Q2P3t4g395N2M0C4g0s
g1_d2Q1j7KelOF9Z0TQ1Xavx1qI0iCMP4f2Dc28WbFA_iI	pathagon-rules-v1	7	14	3	53	0W0V0D0B00010Z0f0k0F0d0R0S06040J0Y0b0C0P0g020i0Q0e0I0A0HRj0hW6WjAH0T7o60ZHLC0BP89g0j0L0TGz2p1CENMz0L6n0a3A
g1_d2SxifEN8suWJXMuRI6nXvtVqU1jHrcbAfqSLi27gIk	pathagon-rules-v1	7	14	3	46	0V0D0N0b0C0X060a050i0c0Q010B0U0h090C0T0M0W0T020j0O0P0I0L0m0P0dTe0HYL2d0b5_ZC0RT1OT0aJbYr0J0N
g1_d2g5hCiQlmlXGUG--_Nc2F3e-4z2HxyXzTGnh92xK8A	pathagon-rules-v1	7	14	3	27	070l000g0b0h0m0e0f0Y0R0X0Y0K0D0J0K060I05010C0B0J0C0H04
g1_d2tpaxAxDGrhkleIIu4l3lSDE9xk-on6YhfTZ45wXdo	pathagon-rules-v1	7	14	3	44	0U0m0f0J0T0S0e0l000a0i0b0Z0Q090Y0E0g0d0h0X010Z0N0K060A0f05Wu08MS0MLH0jc10G0D0Cax0O0dRs0X
g1_d2yeLPuuQtL6AKRQBeoSAajYCkMU_IwlQ3Ku3aLasRk	pathagon-rules-v1	7	14	3	63	060D0C050J0K0I0B040C0B050Q0P0R030A040H0O0Y0X0W0V0P0X0f0W0e0d0N0X0O0c5P069y0BWB0f0U5W0G0Abd8u0AOf0V3Y0A4H2A0V668BDn090f4s0A812M
g1_d37H0zNcDEfYG4UF6Dk-5QWLyd38V9VylCteklRUv6k	pathagon-rules-v1	7	14	3	62	030Q0Y0L0l0G0j0S0M0K0F0g06080J0c0m0h0T0B0O0i0W0R040N0C0a02IP5X0PFc0J2yM1PdSmAWMjHpGSCn6_azIsA6XN0PU807HL0IEQ0MFn8H0XRJ0O0e1x
g1_d37JuNlXjIaNTMv6pNQdD2fLncRJ-8-hL6XbPj95PI0	pathagon-rules-v1	7	14	3	196	0c0d0C0B040N0V06050W0O0P0I0O0B0H0A030G0A0H0U0O0V090b0A0c020J030Q0X0e0D0X0K0R9-0J4c5S1e0C3nJx0qA23z1Y2K4e0P0o382J5P1b3s0r2J361b3s0r2J7i1d350q0C4c1c09030o340G2K7i0q09Do7i1dFL0t2J361b3s0r2S345P3u1c0J2K1200FM0O090H2M1a0J8j0A2Q8S4e0J0o7g2MFM0J0o342M3t090o342M7i090o342M6x0A1634JV8U2K0p0O0A1Y2K9E0N0o342M051a0o340Y2K4e0q0fZJUg1YKi382M4e0Q3u0d0oLS3V0BJC0r1Y9H2K3t384f0s2J1a0O3s0q2JOa1a354f3w2N1a0o0V
g1_d3G9ejfDtQN6lXmciYuKUz7aw8KDp5ETleMINEw7BWo	pathagon-rules-v1	7	14	3	196	0D060C050K0J040C0B0I0C0H0G0A090F0A0G0803020A04010308000901070E0M070L0N0O0P0N0I0Q0J0P0RHIBqHr0MMY0SC20MH46TRh1DBVH46T071K0MHIBqRo0TMD0LBcH416006M0MGz16BV1m692Q0pBV1m69070p4c1d5O2P0p341b3s2N0p341b012N0p4c1d3s040p3r1c01390q001a0o34032K360q0S1a3r355Q2N4e050o682P3t04015S0t3r1c012M053t0r34032K360q0U1a3s34032K360q001a4d380q051a3s34032Q040_346h3yMt1DRa01BcMR1DCG0FBcH416006M0MGz0FBq0E0M070FBq4q6h1f
g1_d3aAEEZMh4511HlBx9fyW8fNed5mOtScfKxBqOC6HyU	pathagon-rules-v1	7	14	3	58	0H000M0U0S0b0G0T0d0C0i0c060P050j0m0Z0e0V0k0a0X0B0L0f0l09Vv04a6UVQK0F0E0DYW0c0X0MHT7_0ANI580FCCGX6XU00OOg5P0iZNML0T0w
g1_d3b8Gyi9A04G1n_xx4bXN2WZ-hI08HHWPCbXcIKLO_s	pathagon-rules-v1	7	14	3	51	0a0G0F020d0E0S0X0e0Q0c040j0P0C0H0O09070g0D0J0301060F0l0M0fDO0Y1sWb0i6WHxW9YdBNQ2SoGQVBEMMj4H0dSbNI8W0D
g1_d3jgSVcjiNPbjD1h3NisS14tL8dzhanBSCKuD1o6w0I	pathagon-rules-v1	7	14	3	74	030S0m0d0e020k0R0b0h0i0X080T0C0g000j090D0L0F0a0E040i0Q0J0Y0V05Uo5FLjSh06WV2w3YOvTTNEOUV90VFeHVQ37i099-MK0UE1IW03447yRQXr0a8ZaG0hHt0kCmEibm0BSTCF0S3p
g1_d3mm5R5B63o1nT5f3J7_BSCmTa1JKPxQ4Yhi63SI9EQ	pathagon-rules-v1	7	14	3	35	0M090E0N0R0K0b0V0S0a0g0e0J020d0k030f0j0W0G0C0Z050c0d0O0P070BJJ04000H8m
g1_d3ukFUK81PLFLSO5Z6WNVpufvVdUfnR8CTdkj1TL_PQ	pathagon-rules-v1	7	14	3	15	0U0b0L0R0i0W020k090X0b0j0G0J0N
g1_d3w3QhT8N4cnYVAx9BSx5ivATORyV6BuOdQb69E096U	pathagon-rules-v1	7	14	3	54	020k0E060a0N0W0V0G0f0Y0j08010l040e0S0i0M0Q0U0A0B0J0O0c0X0C090TJm03J30bZuCF0OAC0e2d5f36XzbG0fbaXK0m0WNB4UCG0T
g1_d41tjyK41hmOqhE0fuC8lG0PzK8yDVslqvtJlEzDptM	pathagon-rules-v1	7	14	3	50	0Y0C0g0D0K0J0Q010E0R0e060K090l0b0L0S0R0T0Z0F0X0a0A0j0U080M0S8h0cVh0F0J0AO52IQsAaGb7DHVMa0Y990eJ7XcCi
g1_d4B4_c-sQxk9vL-TMhHBV5zoJBlUqqtElD49QM1LQHM	pathagon-rules-v1	7	14	3	51	0i0R0J0902040B0N0O0e0A0M0I0d00050c0l0f0W0H0K0E0j0V0Q0S0m9bb5WML8C3Gg0ZNdA8I9170h0NWOSM41FF4kFnZJZ7Lw03
g1_d4EMQvSsePRTnuWrwZiJRF-BjEC9QT6WI3G3Vi2LqBY	pathagon-rules-v1	7	14	3	58	0c0d0U0S0V0W0b0X0Q0A0T060G080m0l0e0N0F0X0k090H0G040L0M0O0J0R0H0P0Y0B0I0KFA0GaP02O1GAURMG0fHK0LPV0D4oILK5Gx040CQ7bm07
g1_d4HD3Jyz-h7IAEt3kPj37PNWUbNGbmDCPZYUTAoFf_o	pathagon-rules-v1	7	14	3	28	080F0b0G0L0E070g0E010002080Y090h0O0i0W0j0P0k0B0e0X0l0I0f
g1_d4LIyi87U0lDeaSyh5ZVeuhCW_YamNRoFD_Ww0IWJ2g	pathagon-rules-v1	7	14	3	89	0l0W0T0Q0B0Z0O0b0N0j0P0c0k080g050S0Y0D0R0G0h0e0H020A0K0ZDg04Jm0VGr3xAl56Vz72KYR0aEOZ2i0GWzBESX34W30iKY5wbw0I9yT_2U0Jb2DP06FjCW0Uc10XDQ0Y2ILA0E7PWa0aMk1V01860OZV0JP-ITS40lRKFA0M22
g1_d4SQmRskKhpBvokwjwUR9NJ8SdIUezrOpvMn0zmdNqw	pathagon-rules-v1	7	14	3	77	0h010j0G040b0E0g0W0N0B0Y0l080K0Z0R0f05070J0D0V0X0d0U090c4rS884X0By0H9e0PNc0aZuUOLE4fV20IbSDlS10CVU06Mh0LCSK50bD-LU0m4c0aGJ013w0PXuWb0ebr0X9V520AAW042QM30L
g1_d4SyYuGf3nblhGTKQ7wmzPRdkBvdRbgUphLWmvpsVj8	pathagon-rules-v1	7	14	3	78	0U040P0E0D0d09080O0i0M03070Y0Z0G0e0B0c0W060H0A0m0R0d0f08Ub05Kf0bNl0Q610X12K_Wz5AaO3wWM0N8kPm86D70fIw0WZ70AGk0h4d04Qu025N0U0cPz0eMo04AKQc0S27Fr0TOTTu0JUgaT06
g1_d4T1mWIpIcAD5btIu2GRprAjIgcLBY5xlhEVGUFSQVA	pathagon-rules-v1	7	14	3	21	0i0k0m0b0Y0T020L0U0a0D0B0M0X090O0b0N0G0C0N
g1_d4TPsCa770QwxhcTQHZEM8y5ax8j-baXro-KmP2xtUA	pathagon-rules-v1	5	8	3	66	0309040D02010807000801060C0B070C0E0G090H3z04150I7H3z045U3x9z7s04Bc0D090C7o3wGO0r344f053z2S04FM3z7k092M7i09703z04073u042R3t387j9L0yEo
g1_d4U2UCu312p8XCbxr_Fn0BbdcFtSSJ_boWqndt9p2hA	pathagon-rules-v1	7	14	3	69	0g0F0D0P030R0Z0Y0a0C0c0804000d0k0l0W0J0m0h0A0I090V0G0L0B0ELm0fPs0XKMGx07Qg8sBvMNX-0EW58xKyRYXKGZ0jDe0Y7VYy0OSxbx0N6O0PbS0K06EVBh0B0RGc0L3a
g1_d4axmrU2rP7RKFSjeHQ7BbPrbj3TOgSPzcpmeRt6gw4	pathagon-rules-v1	7	14	3	88	0X0W0Q0P0V0O0W0I0H0J0O0G0C0P0H0J0F0N0G0O0B0M0A09080G090H0U0T0K05040C0D060C030J0A040201091-017M08MZ1z0Y0QB95aGB0K052J5O0J3t0r083A0B3w045Q0C4g0039033x384f2O5P3x384f055P3x0r4j0B5V
g1_d4hpQGVXE5QhFJv5tjRWvjQ0cCxifxvldCR1WgMryoI	pathagon-rules-v1	7	14	3	92	0e020E040G0W0L070Q0j0b0S0l0M0c0C0f0a0d0X0O090Y0I0R0T0F0J0h84YOFXTB6SLr09U20WKCQXV6NZW70gJsBUD40XOI0ebE0hWl0lCebD04860UNF08GSZU0KRB0NTi0P0jXJZn0VFD0SOCQW0FJ50T0aDi0MCd0aYH0YZ_0U0fRGT70J
g1_d4jBEefwFvqQYcsiiEbFRxEHekqZ0PRk0qbzbgOKM30	pathagon-rules-v1	7	14	3	196	0Z010Q0J0C0k0P0R0J0I0B0K0I0D0405060O050H0A03020A03090G0N0H090A0G2J024j050v0F09085N064B040E1b9D2U023G0q3r1c012U0p001h0o00360q004g0s001k0o00360q004g0s341b012N0p341b3s9G0y000C0A4d0s002V023F0q3r1c012O0p3r1c012M0p3r1c012M8T3_040H0q4c1d5O2P0p341b3s2N0p341b012N0p4x1Y352M3t0r1Y352M3t0r1Y5O05360q064c1c012M0p3r7k09050q0A5N1e352M0p3r1c08030o2J4e391b0o2J3t3809051b0A2K0p08090F2J1a3s6B0r2Q1Y353t030o342M
g1_d4omC_DYa4W8sIPYaO8Voc_e2t8csERdtP3GygK37zg	pathagon-rules-v1	7	14	3	18	0k040L000m060c030h010G02050C0H0B070D
g1_d4pYUws7Wh-_PjRa0S_nh0QjhnxyCxcN-jMvXnlbRV0	pathagon-rules-v1	7	14	3	25	0J0Q0X0H0I0O0G090H0A0B0H0C0N0P0G0Q0W080F0e0V050U0l
g1_d52UI5cJFwxzY0Hk40IzVUq3vGly3yE1o320MYLRVKE	pathagon-rules-v1	7	14	3	62	0B040S0h0c080e0U0L0P000b0J0k0Q030d0i0f0R060K0O0Z0N0Q070a0HTbEN0j0WS50AStWM4OFw0J5eQ3UkLKTMLh6l7U6106DR0RVR0mTx0lU-0ZJjCj085x
g1_d56P-5eQlYRJkI_aR-INm2IOLPNDlizLqNr_Jh5ntpM	pathagon-rules-v1	7	14	3	34	0B0L0Z0c0I0d0X0Y0h0R0U0l020M0g0W0H0f0e0m040X0C0V0e0A0G0D05ba0Nb80P3R
g1_d5JjfkgXh8jyMoKhFHDYnFMNgOTO7-uImqLWAOLFKH8	pathagon-rules-v1	7	14	3	58	0L0a0E0e0R0k0f0h000B0j0N0K030Q020Z0d0M0c0G0V0m060Y0D0A0H0b0lRz9m0O0ULz6305a0QVbGHNYfGN0N59Sg081cSJ0H0AG_0ZOd0gXqBt05
g1_d5JovUa6EgHDc3Y-0frDp0di3toBEJDsT-CeJe0fI-g	pathagon-rules-v1	7	14	3	62	0i0201080F09080G030A0H020G0A040B0I050B0C0J0B00070E0807060D0K0b0D0L0M0N0F1_0M0o0U340S020309041E08005x090T1G3S08460N0G0M0U0F0N
g1_d5KUJEoiDICnG7KDGM7QjKOhHJ6dg4LquwSEKXmh4do	pathagon-rules-v1	7	14	3	56	030P0A0L0Q0i070c0S0H0Z0Y0K0g040U0N0b0k0h0F0O0l060B0X0e0mbN0X8dTl9n02a70U0jZ27PXQ0TEWUwOPRb0J0U5Y0cG00a0WGoY20Z9Z
g1_d5LTke9nu9RqetMOmH-xkPkDQc4dOf-DO_HwqE6FQBI	pathagon-rules-v1	7	14	3	36	0E0i0Q0g0Z000c0j0S0U0d0k0O0T0Y0b0V0a0C090G0e080m0f0X020eR_05DG01LpTnMG1W
g1_d5ROzmajHi4o49Lbjhn1VuyGqbC7b6lcCo-ZsCq5a70	pathagon-rules-v1	7	14	3	51	0G0B0g0Y0P0U0C0k0J090V0b0R030A0Z0F0B0c0T040N0i0G060D0K0C0W0M0D0A0O3U0f0I43NmUaNYLXKp0S0dWD2551J0MpTr3U
g1_d5RnSIyXuIa1V9TO9GF2pEuBjEnKlQTkfhiqHpOElDU	pathagon-rules-v1	7	14	3	25	0h02000b0a0M0P0B0T0U0F0j0M0i010Z080a0V0c0g0U0S090Z
g1_d5X4Es64PgSF3YCkh7uL2nImgUTYt01xtasah-iIHCM	pathagon-rules-v1	7	14	3	38	0Z0g0M0A0C0Y0i0b0F070U0m0S0G0Q0K0e0h0B0f0L0E0X0d0F0R0N0j0V0J0T930WGnPE0l0ICD
g1_d5exKMmU6sQWViTqmmRruOHqq3JjdTVYlvVbMKjizQY	pathagon-rules-v1	7	14	3	31	00070G090a080201090F0E0A07090F030H020U0N0M0G0g0L0T0M0S0F0L0Z0h
g1_d5h5nmvHYNuhU-R2MPLJdWTYVJ43sh0bmtx9GFK0y1A	pathagon-rules-v1	7	14	3	38	080F0A0G0a0H0U0E090I0N010G0O080M0P0N0B0Q0T0P0R0m0I0l0H0X0V0b0O0U0c0W0b0V0J0Y
g1_d5lDPDnRhmUG4lggV6ZCtMEUtQ1EnnxDzZjWiWM7Up8	pathagon-rules-v1	7	14	3	54	040k030M0J0K0L0S0g0m0b0e0R0j0Q0f0l0a0O020C010A000509060h5YWs3ZI50FaOAKYJXT110hU_0gGiY2IxM1K1IG80RK0k0DDmXO0h
g1_d5tjiOLzmub9lOlBKr9n7f20VCP3bWiW5wQmnUoqejM	pathagon-rules-v1	7	14	3	102	0X090S0a040Z0P03010f060G0M0m0N000K0k0Y0d0F0E0i0B0h0I0g0W0T0D0H0V5mPFMi0cYx8DKLDG1dURM4EpROUfOo0c0dc6Ng0jF80PVaWm0fCr530mWkZJ0jReUk02Xu130DUA0Z3U0A4tO7038v0hQdDCWxXpZfbIZ60l1JBVJpLBI_adTdKK0P0GI10CV0F40c6Y
g1_d64oMx3ZKqAROyVZ8pAu5ACambecyc8gOZLteC1N9AM	pathagon-rules-v1	7	14	3	128	0R0e0H090k0M030m0P0L0c080S0f05040K0a0b0C0j0U0T0W0i0V0E0gGc020IVZT-PaFBWyZeSdagG1MG0gLY0F581v6Dbz0KCW0cZk0kDe0PXZUd00Tr0J5EAc0jONJx0cQH0GLC0Q2AWbZh08Q30MNdUv1_08an0MR8O-0Y0Db-0aaY0gYH08RhXN0VDP0TIQ0PE-010KRA0dKO0ZVf0a0lVDOQ0B5xKj0A8805G90VTw06AlYw0j54E4PC0K
g1_d65c-e1wBanSsUiYxJiqSzgGrhY3ImXr0kQ0evoxY1Y	pathagon-rules-v1	7	14	3	23	0H0O0V0A0O0c0U0N030b0G0U0A090T0G0U0M080F0j090c
g1_d6m4Eie30TAzrx0c4enYyEx23c9cPrSv7JXlX6HcciA	pathagon-rules-v1	7	14	3	68	0E0P070O0k0m0A0e020M040B0H0908060F0A0I0J0L0c0W0B0l0G0d0H05030Z0h0PIBKNY20h9dSH5h42LY0V0XZh0g5B0QYOXNHP610UMmYvXG0NS0BZ0M0PMR0N0F2b8p0jbw
g1_d6rsG1CQhY_8U8_clirnzq8P6BNdbI3kyUR2lLbkLiw	pathagon-rules-v1	7	14	3	40	0g000W0P0X0Q0I0e0P0X0J0d0R0Y0Q0K0f0R0V0c0O0H0j0k0c0l0m0b0U0c0N0i0G0j0H0hLF1K0QYG
g1_d6x_jCzP13vlkiV67AKHbW4-xSse99D8T8hkkMXJB44	pathagon-rules-v1	7	14	3	56	080F0M0T0F0S0H0U0c0V0O0j0N0G0V0W0N0V0P0I0e0X0a0E0H0T0b0Y0U0Q0L0J0P0B0F010G0709PF0AB-0Z0gGs1-0UZv0iNh0T6q7W0k7mLJ
g1_d7Ehb4ugZ-zCAVVRVPQylz2wlhrDdMy5GsRpA1zAdfs	pathagon-rules-v1	7	14	3	35	0E0K0h0g060I0i070V090f010l0d0C0M0A0b0O0S050F0U040e0c030jYe005x0N3XEcBm
g1_d7bMJiBcSYPigFFXKAe_xoZ6Hst6mjbKrWTFZ2qdGfw	pathagon-rules-v1	7	14	3	61	0h02000M0R060L0k0S0b0E07030B0A0408090503080A0Z010X0C0F0a0J0Q0P0C0i3qFn0QKD0MLp0CFo03QL0G4t05Fi0aEN0GRr0aYF0CBl0aE00c071u0b
g1_d7fEeEDmioo_WZYqyI-fPugwBGM73dnacq4-3puSExY	pathagon-rules-v1	7	14	3	34	0J0K0B0U0I040P0k0W030V05000T0c0j0m06070S080N0F0i0X020e0bCvGFFT0G0OTF
g1_d7odKdRqZGOFYhHX2-5BaK_iqe-C39B5Hx9oPE3vm6M	pathagon-rules-v1	7	14	3	50	01000F020301040B0I080506090A0B090C0G0H0J0A0G0D0K070E0D0F070L0M0N0O0M0PGd0K0R0JBz552p025b0Q0u3r0V2KCn
g1_d7qP3PfAW8yRu77fievooL91b6eJkAiCXPNSSBk5UmU	pathagon-rules-v1	7	14	3	65	0H050b0E0g0c0a080X0B0V0M0d070f020Z0Q0l0c090F0h0N040O0U000L0TSKJP0A0tV06qT7CY0C0DWuIGa_0B0KN6XREi0dAn0eZ20VDN04Kwbp0gQD7I0Q2k0OKc0H
g1_d7yQf3_ApcsyNswejglgv1m58E_XryQu3P7Qn7L4tWo	pathagon-rules-v1	7	14	3	23	0J0K0D0C050Q0X0C0B0I0C0J0R0Q0K0P0Y0W04060f0e0m
g1_d80zOHsNyUmf-aiz4HFo59AYo1lZVUYhI4vZHbUpFnY	pathagon-rules-v1	7	14	3	56	09080G0A0F090H0O0N0H0M0P0I0B0H0I010208030V040O0W0X0Q0W0U0T0J0U0C05060D05Ak0D1f5D055t0o2J4e051e0o09365Q006E3_3803
g1_d85KYg-tIvuxEcLBm8wfOAVkV0ynYXxr2k_vvXeKo1M	pathagon-rules-v1	7	14	3	196	060D0C05040B050C0A030H0I0J0K0C0I0B0J0P0Q0I0O0R0P0Y0X0W0V0P0X0Q0W0J0f0e0d0X0e6706RS0Y0c0X0R0lWi0fLU0R030Y2K02342M1a010q1Y2K5P060o5N2P4e050o5N2P02052K360q0k02cGWwaeRX0YcGWwae09L-byWw6006L-GWWU0fREWiGk00L-byWU0fREWiGk0KMCbIWbGkbrBULf5oGBbrBUWN60Qvc3BUWN6006c367WG0f0-bX6706RS5vbd1X0G0f1YbY2Q3t0r095S1e3r2K36030o04095N1e3wAo0D5S033x044p0s5N3x2K4e0r391b5O3r2P36030o342M4e045O6E0s3r1c012M1a3s04025S
g1_d8GNxk2Q5RUfZ08fsOsJ4orlJtgkLUMRpwb1ZTR-J6Y	pathagon-rules-v1	7	14	3	57	0H0L030c0O0F0Q0m070X0J0R09010Y0P0d000j0G0e0D0Z0k0E0Q0B0K04130iKm0AEf7iQK3LZ_4LBIZb1-SJHa08c6EVCSR4LxYx0l9u0VC40Y2M
g1_d8ImWX0oUlxLwhlwSo71iUiNdofOnQDKeW02ZGT99nk	pathagon-rules-v1	7	14	3	67	0G0H0b0h0W000M0T0C0P0c0g0k0j0O0302040D0Z0K0R0Y0N0B0J0X0Q0f0RWe099HM_0mLFUEK2RP3B4rDyPK1W0BYCUM0i9T0dAh0P3a0hbZ0QQ20eDJ0da00XTq0JFA0G0v
g1_d8Spo2f9UOMx_Bx_VVKLGLpHJnYZfExXnYlKMOWOn4k	pathagon-rules-v1	7	14	3	34	0A03040B050C0209030A0G0H090I0J010C080F09060D0K0C0D000a070E0R0Q0P0O0Q
g1_d8Vpj9CFiZY9mJP7z_bNpqp_4aZGJ-WqISunx8lg3EM	pathagon-rules-v1	7	14	3	38	0V06030G0H0I0A0F0H0O0J0P0N0M0Q04050R0N0I090c0H0V0L0G0Q0I0C0K0X0J0E0Z0a0b000a
g1_d8nsUqlAihBzn-qV989hsQ5SgHfzXvrCwKWnDdV78P4	pathagon-rules-v1	7	14	3	23	0m0f0Y0R0f0K0l0e0D0X0W0d0X0Q0e0P0J0W0Q0C05060C
g1_d8vyRGXvOeQvptchGypwnXwrvA3JsBbgGmCm0tzNlK8	pathagon-rules-v1	7	14	3	39	0M0T0f0L0i0S050a0Z0b0U0N0b0M0a0h0g0a0h0V0O0U0c0j0V070E0F0G0H0F08090F0A0G0H004f
g1_d8xGYCamoYiYxkjXQX6K8DwcrO62iNGd2fYO_k956c8	pathagon-rules-v1	7	14	3	27	0W020k0P0Y0U0X0V0D040g0C010J0Q030K0b0S000Z0a060H0d0h0R
g1_d9-vnuguoydfnDDC_dbF2UwSZzeAg82zlhz9BXkPj-k	pathagon-rules-v1	7	14	3	86	0K0J0I0P0W0J0B0C0A0H0D0I0C0P0O0V0Q0H0J0X0O0P0e0H0l0O030X0W0R0d0Q0c0Y0f0m040f05065405Ps0WW70VbTcGalWu0ibPcG0eZ-530d5rUE0c0UNK0d0NFa0J4CHs0cLiU00R8hCc0ALpUzR1be0F08CU6O0F0N0G
g1_d944u2rlLswnNdwIMxMF-ImnHWkDlGgcUlAi1w5uxAQ	pathagon-rules-v1	7	14	3	130	0V0U0c0b0W0d0O0c0N0P0I0W0H0V0G02090B0A0I03040g03050C0J0Q0I0C0X0J0e2J02350308040FX60u2J1a356B0t2J1a013u0r2J1a013u4g2O02382M4e0D035S3xAo3B4f053t4g395Q2P3t4g395Q0C0p681e013w0r5N0M2K6x0T3u1c2K0p0a031Y2KCI0T0o342M3t040o342M02042K360q081a3s34032K360q0Y1a4g399F2P3tUQ
g1_d9CLLt2m0xHMcYDSbzCvJIpfwkiK1RTN0eAC7P5qsDo	pathagon-rules-v1	7	14	3	46	0h030Z0V0M0C0l000k0i0R0F010W0d0Y0E060G090O040X0j0T08020eSA0g0H07Bp0hE777bP05Lw0HUo0l0DP_I71X
g1_d9PL-lG5gaYmOb_hLhCM8vI5QTNc7PGstdm9l4IJ5m0	pathagon-rules-v1	7	14	3	79	030g0Z0B0I040P0L05080D0H070j0N0M040b0Q0O0e0c0U0N0E0F0U0G0k0d0R0iNn733pX633UJSEHP6K9gLUMG3xZIXTO20BRuRE0I0KZ60B09c3WwM5V3RRc3WwM5bBRYc3WwM5bBRYc3alLz0I0Q0R0J0Y
g1_d9Vyj9rvYsxRFDh7WVvlZuVMQfouCcCWdhYpi535MLc	pathagon-rules-v1	7	14	3	88	0h060g0c050K0J0S0E0O010L0C0B0T0b0U0X0W0M02030I0G0j0Q08040F0m1p0f31KmPQ4OXm0hNKRk0ZTt70MlacbZ6kGrBm5k0e8x0T2fAN0DNVBS0DIE0T5L0MQz01TE078f09H60V0FZV0b4D05I57G0CY50ebZ0O040PasOs01
g1_d9j8knM5HmNGdfAkJ3cNJ_1ONO9hFlqkmn_m7-SsPZ0	pathagon-rules-v1	7	14	3	17	0h02000M0R060L070E0j070B0S0V0Z0H0a
g1_d9tcbsa-CT71fHvsOimws2XdbjiBMP9HuwDrqMMHjM0	pathagon-rules-v1	7	14	3	65	0N0V0W0f030c090M0e0805060A0j0B0R0b0O0h0T0N0g010U0C0J0G0a0SJY0l5R9WX24nP38r0O0HRs0EHn0d6J0ZLoD7WN0G8wXuNP0k9Z0TU20cSga_0hBr0mPxPF08
g1_dA7LvEZ2GIBHU7eqm8eHmyDwATCTUNS0RIP8QuifYKc	pathagon-rules-v1	7	14	3	15	090Z0C0Q020U0G0H0N0A0b0k0U040i
g1_dABmSMvBv8_4sfR-LsxooG6YXfG6Bqf8T92a_cecRfY	pathagon-rules-v1	7	14	3	42	0B0Y0l0F030N0U0D0O090T0E0G0j0V0e0c0C0R010m0i0K0H0k0M0Z000I0hLz0d3WVIJJQs0fYVWgDsGd7l
g1_dAD7KpDBTacvAlVYQ8s4XoOXBxfQKx1rFLIC5FP2sWo	pathagon-rules-v1	7	14	3	81	0b0K0m0E02070C0O0W0l0j0N0i080X0Q010f0M0Z0h0A0T0P0g0G060aA8Wf1kSxYl0a00JmboBaQLa-6076EUSwPj0YZy6m1C08AT0PI804a80kQ00QYz0A0CUP0maQbg0PFR0FPc0jAG0dQY0cG20iWOZl0ZGb2J
g1_dADp09SwVB0BXMwtmug1dRfx948KAye44s7BGbLu3vk	pathagon-rules-v1	7	14	3	45	0T0M0a0L0U0N0S0Z0G0S0N0b0F0a0M0E09080700080701020h010a0g0i0A0b0H0O0V0c0O0j037408Xm399F2P3t
g1_dAKTIA7eii5qax1OOBEGy2L3Auv0O6Hchg5yIsaOIE0	pathagon-rules-v1	7	14	3	27	0J0K0D0X060d0F000C0W0R0Y0T0G0K0Q0P0L0Q020l0M0e0f0X040e
g1_dAVxrXluhN9zf0TsDq_JRiqIenwP7hDqqaowKru90qk	pathagon-rules-v1	7	14	3	40	0A0309020H0G0F090G080O0N0M0G0N010V0I0B0H040A0P0W0I050U040T0E060F0C0J0Q1l0I4o0540
g1_dAW9qTp2oFSvxDpHy36qaQC2u929JtWcq1tItcevSeE	pathagon-rules-v1	7	14	3	67	0B0J0C0h02090I0A0F0D0Z080X0j0405060f0d0K0H0U0G0e0N090C0E0503310Y4K8x0AYM0XZvEuWA6007Q30TC_O7AM0S0I0C0O360e0q4g2O06385Q4e05W-4i3wWE0i8x
g1_dAopTWk1yZsw6OAINIr61rNTX12l_MYo7qu4RvyDeJM	pathagon-rules-v1	7	14	3	39	0L090Q0H0h0W0I030j070a02000d0D04080b0Z0M010g0B0l0T0F0K0P6-I9BMTU0vXhGL0CZa0i4r
g1_dAqnhN6E-_jzjhtknxVYkFVYchQ2u3r9exnpOqMYsIw	pathagon-rules-v1	7	14	3	50	0i0b0Z0D0c0K0j0a0h010R0g0J050X0E0O0Q0C0Y0P0R0d0W0k0V0U0908070b080BXHYXGSV90e9XBxUU0aQi4n0T0CZt0a0XSV
g1_dAzleFVpYFtRNi-XGgIiJCEAbixyNEtK4wx4LZyY5kY	pathagon-rules-v1	7	14	3	61	0T03060h040P070I0Z0R0g0U0Y0F0j0e0H0d0W0A0m010a0c0N000X0LcD08IQ0E091-01LXDrBhRGH61wU-Rn1XYuKeJoAa3p0O490eXf0VPu0HNZ0NbI8u2p
g1_dB18E5ewPBJQ-1NLQdWON1_CCEhu3XIRqXV-1i1VnEw	pathagon-rules-v1	7	14	3	37	080G04090f0S0R0N010V0Y0M0P0O0K0m0F0j0d0C060W0i0I02050P0k0Q0JYgICUsFDLJaH2H
g1_dB4udrvxqnp3duw93sQ3v6i0yDQjQioMPeUHeApulE4	pathagon-rules-v1	7	14	3	82	0c0Q0j0m0J0W0S0L0a0k0e020Z0R070b0U0T0d0P0g0C0O0h040G030V0E050i0J060KS80XVmA25YO-0100VGNL0VDJVkIQ0ZLT9tNvRr0N6WIYBgQE0TKO0G5BU2AM3-0e9Z2s0YF7HL0c3Y05MoTvN1PL0LFN8P06
g1_dBIzcbXCZMj1VeQXIFtv6k9bZHaewafhzoeGC3PY3n4	pathagon-rules-v1	7	14	3	70	0A0U0G0d0M0I090D0T0b0H0c0e0k050B0a0R0C0K0B0W0X0m0L060E0VSl0OQjV10dF78SPWD4KAAFUAHfB55F5ZDwcG9iOy06Cf870M250a0SAdF00Q5s0FVzCy0BIIWm0fUw0jSc0e
g1_dBc_TolCeeIvNv21vLSHCCtgsDc_Sz6xLIfGwsoptrY	pathagon-rules-v1	7	14	3	52	0G0i0d0B0h0A0J070U0a0Z040f0N0H0I0Q0R060K0C030F0l0L0D0O020C91084KAbb66zAt0g9kS90CC_Og4Y0P0Z0J0DJ6EUHlbM2U
g1_dBlb5YmYleAmL6ZwoRK1OLaAC4WY5vG55EFJ-p08lv8	pathagon-rules-v1	7	14	3	35	0M0N0O0F0N0G0H0T090M0G0A0L08030M0A09020U0b090E0U0F0V0a0c07010S0Z2z026h
g1_dBldOiI2bk9Jt85LsNsfRBtSLoQbehv9RRPLfpEbLH4	pathagon-rules-v1	7	14	3	60	0W0M0I0i030c0V090a050P0Q0l0k0O010Y0X0b040F0e0N0J0g0D0A0ZK1QUb50B0K0U0dOA0J53UkLr0hYTIpMV3fRq5QKrJQ0m6I0IPf0UFg0CXO020l7j
g1_dBm32hUkA9WNpdvEocM_Xh9U0QbwPHcJYmhRyL2MPt0	pathagon-rules-v1	7	14	3	48	030A0H0O0V0A0B0O040C0c0B050H0I0P0B0W0d0J0Q0I0X0e0W0G090R0A0Q020X0N0U0G0b0K0D060K2_Lo02GQDL0N5a0R
g1_dBmoSKgwutILBdWLZUqDuloNVz0yez5qGmz6bm77SVw	pathagon-rules-v1	7	14	3	46	0J0C0D0K0R06050K0j0C0Q0D0B0I0P0J0I0403050A0H0O0I0H0B02090G0X0A0Q090N0Y0W0V0P0U0O0N4B044z055i
g1_dC-DdVxb5gag066a5DcPwrD7gU07ZbMofUFvtq8anE4	pathagon-rules-v1	7	14	3	24	060e0E0f070R0c030Y0g0a0h080P0Z0i0A0L0b0j0U0d000k
g1_dC5eKFa0RKkocg2eOpb8uIh69VBFbvAG49UN8GXvUTg	pathagon-rules-v1	7	14	3	30	0O0P0T090Q0m0V0R070d0P0K0C0X0W0A0J020g000H0Y0i0I0G0B0e0J0X01
g1_dCClTi3Y7jYpYm4ksnxGe19WZyw-uKGc70tkK2W8Bso	pathagon-rules-v1	7	14	3	69	0h0H0g0G070T0X0B0P050M0f080J0U040e0i0l0Y0C0D0W0O01090V0b0dTCVdJk7f5NXF4C0QDTHv0eC2MTGZ86QiWPXu0vJ-00Nr0UP10J0K0R1t0I3-0SHFQu0DNz0Y0U85EuKY
g1_dCGzQXBFJ78ZXrhd3SNavkalnlQfrDxZyxzNBne3KPY	pathagon-rules-v1	7	14	3	41	0O0b010F0f0V09030G0c0l0Q0Y020j0A080k0H0d0e0B0X000U0W0N0T0M0L0UUyREOl0S0MM80dVQ1X0b
g1_dCQ8qtBtATdmzatM1TWYPSCRqiQAB73GrX-bnTCOJlc	pathagon-rules-v1	7	14	3	70	0N09000I0V0E0b0K0j0A020k0l0Y0M0Z050L040O0m0D0a0g0f0U0H0R3x0PI30XWHEcT0SAZP8k5nR30ZBfKtFL04BGE13HOs8M0j960b22I602bu0ca-0a0ORH03Si0kKP0LBGa00b
g1_dCQDFOPxZntv7VYzd7mWEDr2m7v7GfNKoXynz9MjhI0	pathagon-rules-v1	7	14	3	37	0e0m0C0V0Q0N0c0R0l0j0X0h0a0k0b0c0G0d0U070Z0A0T080P0L0F030O0S09LlSNUrKcbo0M
g1_dCXC9wTIP3iW2BejtCgSpPIzDQiMyMTOU60FwCenIHQ	pathagon-rules-v1	7	14	3	101	0V0O0W0P0I0H0P0c0B0V0A0d0G090H0N0U0G0V0b0O0U0C0J0Q0X0J0e0k0l0d0j0i0k0T0MYi0UNK0GCj0NHs00N60GCH096x0U1b042K02050t033w045O342M02040o4c2O3603013X034y0UND0NHl0G8u09CQ0UND097F0GCd878_0AA60TSt0A8E0XEF0HQt0UPB
g1_dC_seYeWasqf5c7CpRsKjMLR22FGio0fMbyR6svDRFs	pathagon-rules-v1	7	14	3	68	060F020G0J030U0P0a0b0H0R0m050g0L0T0X0i0d0C0Y090S0E0D0e04Yn0ZEN0OCBLk2yRnAiMmGm41FRGtZ30BM-4e0MAoU5F00jAJbz0L6Z0QC20YTK07WXHvSD0KZR0YByCO
g1_dCbX23W1Yea-ypbtkT4VId-lX33SAVb-Uxq-fTKYL00	pathagon-rules-v1	7	14	3	87	060R020m0K0j09000l040F050b070d0W0X0V0J0S0E030Z0A0G0H0i0OFWDzDRPU0UJT0JPB0HZUTq160W555OX-0aMZ068iaM0jO7G-0GDy0JGM0C3O0k9a0JGG0eJY0O9cFT8o0c780bOqSe0C5S0QbS0lG1HtaI0C50K52O0T1k
g1_dCcHJerrHtPTG7Vnxkkho8zlcuF1rCUCOjPsR6dul_4	pathagon-rules-v1	7	14	3	31	060O0N0D0j0W090S0P0C0c0E0J080U010m0B0V0a0H0K0k0h040Q0A0g0G0l3t
g1_dCd7cT8yg4rmzfxGkQxpq6VVVVTvClOanPG3MEZOuwg	pathagon-rules-v1	7	14	3	69	0f0L0c0h0d0F0Z0N0M0G0Y0V0J0g080R0Q0O0l0706010P000D0b0I0j040T7QZoKm1n0AWz4RIfQ3GwWVLs0RTFEnDYLwSkHM0ROG0e8r03Bn085F0P0LNOWU0GE-KY0P0V2B0TFy
g1_dCfjEJUp-X0V6WWDqEOqFbiMX4ENLVe5E06bEcllbHU	pathagon-rules-v1	7	14	3	72	0j0d0F0J0h0C0i0A0T0X030S0G0a01080g0m0k0Z0H0c020Q0B0A0D0f0B0LBE0DCe05ZCQW04WP3A0eYD0fJRHU0MWJ3rSqI80fD404aJ0R9V0YPX0ebN09D60AD_Wg0P0kXRCn0M87IC0W
g1_dCkD9xYdD2A09-N4DXrNibBAnTT_Eq0_ICQk0g0ceqw	pathagon-rules-v1	7	14	3	78	0P0W010f0X0d0e040R0Y0m0b0803060A000K050Z0g0i0G0l0J0X0I0h0aQl02bA0MVE5s3iKe8X0BKu7AYuOzWXbj3-035p2E0l2Z0haT0XXI0b0j8HF20gFwTGOf0b0aSAOE0U0EV_0TVB0AMiC3bC0lBB
g1_dCln2Ks1zv3o7EjxxHJ0k6n3Gnldvb8jzlbQgH6xVNE	pathagon-rules-v1	7	14	3	49	0D0A080F0M060T0U0e0f0c0a0m0W0X0B040E0G0j01030L0k02070g0l250FVr0NQQ090h0IbY890d6mX30mUyZQDO9cAzac2t
g1_dD3bgr46t1aq7I04ART8bmxscUTr3FwtRKWyAhrQFWw	pathagon-rules-v1	7	14	3	55	090C0f0L0G0N0K0l0T0J010S0Z0E0j0O0Q0I0W0k020e0d0i0H040A0U0a0X0PYZ0V0bOsITG5F9D9H8K1Ql1_Tn2dMlHeON0NAj0gb00Fb_0M
g1_dDD_fOxIfzEIbSsD32JfJ3KCYg0LGeL-nkxVZtGjd28	pathagon-rules-v1	7	14	3	15	0h0100070E0j070R0L0T0S0G0Z020a
g1_dDGKPpvgBBn03bGLdZVtZx0YxtR8PSzWJUslXF8miy0	pathagon-rules-v1	7	14	3	110	0a0b0P0l0I04080c0M0T0E090i0700050m0X0R0k0h0U0L0O0Q080D0V0C0jbobQFIT7KEOYYlQ8HFJUYE4vAu5_K5Zcb78ASq0fJ50OI80d1W0mOj0ear4KGq0PC7Xf0ZUyEI0lBLbo0hWSPg048jJf0mas03PM0l0AKq0SR-1i0OGH07Otbt0EJKFK090J0i4m0IMS0BE80k12050I4l0G0Z2O
g1_dDYUyoqAhQbAh98glDkUf1DM4TDeISka9a6Dt3Vn4S4	pathagon-rules-v1	7	14	3	47	0k0S0Y040X0A0103020T0M0h0d090l0f0g0W0E0I0R0D0m0O0c0L0H0P300Bah0VQMJSbmF1ZK0mUHbnILOSVHMb0DPq2A
g1_dDZNcPu5T5sNN-8GdxswiOv1kifZfXmSb-8biLVAyOY	pathagon-rules-v1	7	14	3	14	0g070b0801090S0A0H0B0a0C0N0D
g1_dDoC_7Cy0i0--9DqTcpua-ybZ5JTBUxW0tgRirfxBrM	pathagon-rules-v1	7	14	3	58	0b0J03060U0a0m0C0R0E0K0F0P0W0g050l0M0I080V0Q0X0H0Y0J090e0L0T0G0WOQ5IL_0BRHLFbu0XGTQe02D_OaUM0b05HKPY0R790I0OIZAu0aFV
g1_dEE-TCNZUoWbOwew286dRRcLX9Kn29L71aGEARQeexQ	pathagon-rules-v1	7	14	3	22	0m0C0D060B0504030C04000L070M020N0A0H090A010G
g1_dEItxKcoydfSX8LyShk3JBSAT7JQJfWpvpvo4lHTBKM	pathagon-rules-v1	7	14	3	37	0Y0F0d0S0Q0I0P000l0E0X0c050i0V090B0R0b0A0H040D0e0C0a0O0LTi0f060M9kSp4vCdEV
g1_dEOdNpvlF4Is2GSZISo0vq0ytW6XOclbAQ6mwgDA-Xk	pathagon-rules-v1	7	14	3	63	020C0H0S0A0b030L0V0Z0m080c0Y0a0j0B0k0h0l0F0G0W06010T0d0b0I0aVI0fbeMhPP5t0iWO0OAj23aL3Z0d0eTQ9HZe6jNa0T00V-0UQP0a0UDc0T0RZ1Tl2M
g1_dEV4pX7E7gMd0ODnQOfXh5llSj4gX5ciz-ESGVaK_QA	pathagon-rules-v1	7	14	3	70	080F0d000f070W0E0e0a0S0k030B020L010X0b0M0l0c0G090A080j060k0H0b0G0TCwMV9h0PSrNAE9TeH10F0O2m0D081XZe0HQz0X3D9t8zXMWU0fREBGGI5h0MY7AqGI1s0L00bt
g1_dEb_28UxWEQKYcgdmfZvWbuXPi32wSW5_MypY5vL_9M	pathagon-rules-v1	7	14	3	74	0A030H0O0N0G09020G0P0I0B040I0M0F0V0W080O0F0U0T0V0b0c0j0U010a0d0b0k0i2D01Cq0F0C050B040iCi0BEs0I1_Sf0aXo4pGW2c5h0CLY05GI025h4iB942GdJSLm0ORE5gEf0IGISf
g1_dEc1bN5rdZqczj2n31yRTIOy2tcIzvN6C19OPSGCt_Q	pathagon-rules-v1	7	14	3	32	080F0b0G0Z0E0V0H0J0I0T0K0M010F0g0a0i0U0h0N0j0c0k0O0e0d0f0l0m07CE
g1_dEe6T-4HDsyKNJYER8u5L72MCp0FzB0zkSRfL6UgKV0	pathagon-rules-v1	7	14	3	145	0W0c0J060P0m0T0g0R0L0A0Z0Y0d0O0E07040k030B0D0e0f050H010C0h08LiBRNKWs0UWx0bYi0abzHq07RUMsK3Bp0A0M9TWC0BCY01Rq0Y5Z0VU80X2Y0J0QXs0mVg0PFMHD0SZcO10JOvKn0dFk0e5mTP0iPhJa0VDRFi740f6H0WLkSV9S0aHu0gIcX50B0J0CPM0QOn0C0AKC0J0H0U0C2T0lQx0H0M0N4r4A063QJc03Fg9E0PD2Ho04Vc0e9Vb20gYfUp0iQf0CSm0X9W0OKS3K0e
g1_dEge7csnSIquQ0s-VAat4AvNfIn8x21R_mDCU788MLk	pathagon-rules-v1	7	14	3	31	0P0Z0D080V030Q0Y0R0k0l0H0W0S0K0d0U0I0m0f050N0C0L000e0h0AbKRG1M
g1_dEjlVY8qujHI07OY_Z_nVINxgtA_j6SUTMUFWH1Af_8	pathagon-rules-v1	7	14	3	70	0Z0H0G010m0X0S070e0M000K0L020F0V0U0k0A0W030J0P0E0h0j0a0NSX1d0R6b0baf1O0400HoT9ZFbk0YUn2E0O0l06bWKb9YJG0ULgZ1Dc0i0P4P0hYzCt0k7k0W0lah0b0hJx0a
g1_dF-01xiojqhb_UAX5gkAynT4btiGQVazZTqacXHgbUM	pathagon-rules-v1	7	14	3	36	0E0I0V000X0i0G0P0l0A0m010a0B0C0F0Y060W0R0K0d04050N090D0O0802DTKeb90HANCS
g1_dF1kmXGIyNaHM3181L50awTrpZu0Mqf_fxEMJA7uXOU	pathagon-rules-v1	7	14	3	39	0Q0X000T0m0U0A0l0j0g0N0I0M0h0i04080H0C0B05030a0b0T0P0F0S0A02060BAcNz540T01QB0b
g1_dFJm6Y74QbjItbDkZPSr0Sm88aml4f7MLNd9epP4MvE	pathagon-rules-v1	7	14	3	90	0i0O0L0H0k0f0Y0c010P070W0a0g0D02050A0J000U0m0C0d0I0X040h0QU20V2gSoXw0FXH4i9n08CCaQDqN38l79WkYw0eRU0AO-0iLoQP0ZPx0YZ8RE0ULA0WNS0c0i0kRrVDM0Pk0IJW0lZc03Ua0X0iCX0eQDIY0FJm9j0V4t0eQ71Q
g1_dFP8HwTZJxMWWglYSHej1kF6nVZIrIzHXH6wS_9nE1o	pathagon-rules-v1	7	14	3	196	09080201030A00070109040B050C0f060D0m0Y0R0K0J0R0Q0I0P0B0J0C0XWv0WRS0Y0e0fFA0I1VbXbWWv0f0eWi60bdbWBTWtahcF0DZ-0fakZBcE0d0k0ealW7bSWvZvaiZB0fcD0H0G0AZARVakWu0HZAbSafYQ0YZAXdag0F0O1m1RCG01BcX91608680N2K6x0uXi0V2X020uGsBq2X020uGsBq2X0U0uGsBq3I03020A0oGs2M7i0901Bc0v7g1m690A0u6v02Bc1g0o2J6A3B1b0o2J6A091b0o2J8T3B1b0o2J3t380A0B1b09040o2J7i3D1b0o2J3t381b0A2K0p04ZE092K360q001a013D3u041a3s0r7g2S1a0109
g1_dFQzxGVzNjR1V-iNgqggmnae8hXNSj5Ozp7_QimJFf0	pathagon-rules-v1	7	14	3	20	0f0M0R0Y0X0S050B0C0W0A0X0V0U030V0T0a000T
g1_dFSJoJozslg4814AAMepR0r07zIlWdhUSQcK3y4Xvyk	pathagon-rules-v1	7	14	3	78	0U07020L0T0b0D0A0m0B0e0W0F0g0N0E0I0V0J0d0l060X0a080Z0G046v9obU8sVSUZIfBa3gSJDx5v0O0C1K5205060jSi0VbE0lTb0aXW0K6h07RC08MdF40ebI0cak0ORU0kZuJVb-0aGX0fa-0ZNJ4T
g1_dFSKPr88DnbRL8gaFm9Clo9WyeRMgd_7lM_UW5VgH9I	pathagon-rules-v1	7	14	3	51	040V0Q030K0W0X0F0P0O0I0J0H0R0Y0A0R0H0B0I0C0P0J050D04060B0G09020N090U083r01381b0o0M3r2N02600s341b062KMC
g1_dFWyiu7u1LR2Lw_dErv-02Gol_ZWgM07jq9wZFjEUXw	pathagon-rules-v1	7	14	3	73	0K090T0L0j0c0N060804050Q0e0P0U0l0M0d030B0J0V0I0a0H0O0Z0bVW0k7fK402HMHe8304970YU0FlSgRNKA3cZ6btTm5M0iI00MGN05Id0N4B08T07u0AZ66W0eRAXC0S4-MS0CK2Be2t
g1_dFXI211EU8NzSzLvRvVCuUS54-tKZ1-Bqm8aDiOhqDc	pathagon-rules-v1	7	14	3	71	0A0d0Q0c0G050h040f0E0U0V010F0W0P020L0M0C0l0a0S0J0b0Y090H07060GK58RU_0O4w850W2s05WW0kX-0P0ACP0D0TJHAK0h820aB-0M0F6M07Sb0Iay0FTa0ADU9L0aKD080e10
g1_dFYRdsNjKpwHg8_9fELvw_sqIVxLVozpvQZ6VI8j1yo	pathagon-rules-v1	7	14	3	87	0h0a0T0M0a0b0i0U0N0O0V0N0U0c0b0V0j0H0G0F0N0G0k0d0W0P0V0d0c0W0I0l0e0X0d0e0Q0J0g0I0Q0ZXN0gY10hMRS0HPXGC90M0ha-X2Gs0NBcRo160Z68RhH40L0ZHWBcXw160M68X2H40L0uGsBqHr0M07SEZ0MuZg0NRv
g1_dFfDl8RMVdZf77rKjlGT37M7pIXHdapbL9Da70RINjU	pathagon-rules-v1	7	14	3	28	0a0U0T0S010T0M0Z0T0E0V0h080F0G000i0g090I0N0H0b0G0J0K050J
g1_dFjsD5zpKFtKiXwXahV8VSSlzY6RwcJ5DnYtcDXcUiM	pathagon-rules-v1	7	14	3	65	0e020C080O0P070I0K0Y040F0b0X000J0T060B010d0c0Q0G0M0D0W0HPo0V0N0lQR0SJ40mKq0X0WCpNHRGILQl0YbK0X2yP_0e0jOx0dNO0WRy0MVo0UMF0SE9ZW0g1A
g1_dFo1ZZEpawtV7-T2QH3e8HIAX7zdX8QuQ_VJzeIlDJU	pathagon-rules-v1	7	14	3	61	0l0m0A090b0U070B0i0c0A0L0I0O0Y020d0e0F0X0G0g05060a0j040Z0E0KRU0WY_7rUxZy01OS6B0P0iPh5602CkGc8oK3PP9J0AaL0f2g02Zk0G0kFh0C1h
g1_dFpuCpE7duYLsFOo3BO_-2MJCJ8tgEINj33-M9_aMvU	pathagon-rules-v1	7	14	3	63	0N0R0W0E000m090L0M040Z0S060b010F0l0e0T08030Q0C0D0g0H0G053hM9I24J0JEMRcZl7-0M0y7SUi0TDAVPFNSDIhTjbI0iPo0b5_ZC8OT20QWm2GTl0W0H2w
g1_dFv6v4A9dFhhYb-ycD8zOTyjBBc_u_4UixR62ute8wo	pathagon-rules-v1	7	14	3	37	0S0i040g0h0701080B0I0F0a0P0d0W0I050Z060L0A0b0T0M0S0a0O080H0G0C0c0H0e0k0f29
g1_dFzXpLxIW2sCed6DM3ZuKeRiIJn8aA0-YSP0tIs23a0	pathagon-rules-v1	7	14	3	38	09080A0B0C070B0I0H0J0G0F0E010F000203040205060Q0P0J0O0I0N0M0L0D0M0E0F0K0R0S0Q
g1_dG8cDRFXo-rMPz2S-sbWB-JYmXKGz6zuYg_ZgbFeX8k	pathagon-rules-v1	7	14	3	48	0C0D0B0J0506040I0K0R0P0K0Q0I0J0Y0X0W030P0X0Q0A0H0O0V0H0N0I0O0U0G0902010902080F0M1o0T0N09QA0U2K0S
g1_dG9rJitcxFVr29WVqS5Ca_9g_S6vA0GWU622ijX7UOk	pathagon-rules-v1	7	14	3	82	0P06050S0L0U07030H0W090C0V020T0R0Y0g0F0e0l0b0E0O0N0D0J0cEC0KR90HG-01b23bCeAnK6PUJf2IP4BL83TpHq2rFH0l0OLx0fVh0OR60ebE0WPF0dMi0SUN0eFH0ZQj0iFv0LGY0OEOJjNp00NSBLPk0Q3e
g1_dGAFkuuN9aUXusJyZDktLoGhACsBbYUvVm3rDH4VsBo	pathagon-rules-v1	7	14	3	196	090D0208010J0A0c030W0C0m0B0F040U0V0f050b060G0H0k0I0d0O0T66Ul1YaianFk0tZo4cWt5SCd3x7Z4gbw05Ij0_Sf1Y0NBWPd1DId25OVMuGbSGHaYRc3ZDXJ0JCycCJWbQL3YRTRXhIzbPaDby0QWU0g5aHNLYD94dLF5NUH1f01160d6aXaHOYTGBZvApQM5aJrQvWI4j0G5ST43xDO4gNE5SVBMJYB4-LJ5STK0F060GPB2zVW3PPpXNGfHW0bMmB-XNIbRvbPMRTdGuOx3uYz2N5V0Q0gBbPe4e6a5wBU2e0KS0X1GxYK3tM138W84fGI3w1038Sr4f7S3wQw340c2KQi0pCl1bbs0PWc34Tp2KSG0pOk1YTu2MHK4e0m
g1_dGLGMcNpSnIjQ7NKlLXNg2HhHULb7T_EiF_SuXh4iwg	pathagon-rules-v1	7	14	3	85	02040301000W0T0P0105060b0a0U0V0O0U0N0c0U0b0V0d0M0C0B0I0J0Q0C0X0e0H0A094j0s0H0G8V1YAF2K3t0r9K1Y2K360F016y0vIO1i35030v2J1a356y082T0p0N1Y8S0GNo081a0o340U010N0q3r1c4d2O0p3462
g1_dGS35m6ya1OLvOJtejmbW6VobXh6fQTy1Xp2t-jrJqM	pathagon-rules-v1	7	14	3	44	0D0e0H0R0k0O0l0K0P0T0h0Q03040X0M0Z0A0Y0d0J090a0W0b0C0e0c0i0m0f08QRboVa07TmUq050Xai0Q0GI6
g1_dGUa2dmE7VagSI4efyb0O7YDy41GOjVStYlGJLk8PpY	pathagon-rules-v1	7	14	3	63	090W0c0j0i080h0F0m07030k0N0B0C0e0E0S0J0g0L040H0D0A0X0T0b0VMIUWVy8pCu3cWzFlZO01RzND0cWa0jCj2fKnTOOW0dY00fNH0lYW0aQwVBJh09J1IC0-
g1_dGhWbF3lmlWtpt79ILT3BeY1k_svSucVw8vqmgvrjyM	pathagon-rules-v1	7	14	3	63	0I0h0c060X0B040E0Y0B0b0j0A0i0a0H0g0V0d080L0Q0M030Z0A0f050P0K00OY0kG6F92k10YxXJ4vQX3kRfXrTD0X59EQJwQGUB0CH6O60UL00cVl0HFa0q0Q6I
g1_dH1qeHakFSpyWjV6YseHQdQJ4KgsBR24Ed3K7k46G0w	pathagon-rules-v1	7	14	3	53	0B040A0305060I0H0P0A0O0509020A0G0H0N090D0C0Q0J0K0R0M0Q0F08010008070E080LLxDdEV0H0G0A6k5e061o012Q0p341b3s04
g1_dH8c8OgziNeLcTUKkgWPqjc4Sn42vUu58VUsKjAutxc	pathagon-rules-v1	7	14	3	85	0W02040S050j0d080V0k0i0b0f0M0P0e060D0g0c0Z0l0Q0E0F0H0X0103U9XE26KAI9CREFWV0f5zZr0mSVP47Fc0NDSTTaDcCS0GF94C00FT01Rt0UP-0W0TWc0Vaq0mNx030U0TNp0UPN03Uj0FaAO00IFoEjERVqKy0g73
g1_dHCdO4zx8UWry_3A6b2AHskcM7pvTfytK6PlBi2EECk	pathagon-rules-v1	7	14	3	91	0j0c0k0d0W0V0d0U0b0i0c0b0h0a0i0T0l0e0O0X0V0P0I0N0M0P0N0Q030Jaw0H0l0IOm0V0F0O0W09360B8U9G2KDq0H3u1c2O0A388U4iar0l385Q4e0B3u9G2KEb0I031x0AEA0H0VanXi2OK11e0o4c6A391b3s2N4e391b3s2N0P39K2
g1_dHFfO2-HWyBCBh5U9PBy4fAkXRYyIVIj_fJcX2d11o8	pathagon-rules-v1	7	14	3	51	060b0H0k05010R0h0C0i0S0O0T020Q0V0d0l04070W0Z0m0N0e090M0B4w230LIW0g0UM40A0YN_LF8y032xSa6XWy0IH3Y34U0U1z
g1_dHUoZ25oeqswRlaqk6uMESs8njCvikP8ISDsCj7DOVI	pathagon-rules-v1	7	14	3	74	0i0a03040h0e0W0Z0I0Q0d0b0X0C0D090M0F070L0J0G0k0B0c0A0N02000Q0T0f0j9DF486IgL9080RUdDR0OWi1N8iZ60aI40gF20aM-Af0X4T0BTnWQRp05RC0I04bh03A_Xo0XLXQj080w00
g1_dHYwjoEXQYxYnCgg6aWN3OQUKGZNXMnI_v9g34OinOc	pathagon-rules-v1	7	14	3	31	0h0a0T0M0a0F0801000809020G0N0O0H0A0G0H09030V0U070E0b0c070V0L0U
g1_dH_JYwv1sXbBSwrPZTPpn1OzZbFpwZyfY_CHRjoCUc4	pathagon-rules-v1	7	14	3	42	000E070F080G090302010A0208090H0h0L0M0E0N0O0j0i0e0S0C0T0a0Z0g0TZp0U0j0b0i0a2y6x0k0o3h
g1_dHw-KCPCI_prBDngPPTsSu5Lo2ZrGPIKNVpMbdPWQqY	pathagon-rules-v1	7	14	3	32	09080A0B0C070B0D0Q0J0I0P0H0O0G0N0M0F0K0R0J0Q0K0E0L0V0U0T0N0M060N
g1_dI1XYhmXubCCp9fsAVQgd4Yf89ORUMgE9wulNp_Mcf0	pathagon-rules-v1	7	14	3	42	0D0c0I0j0J0i0Q050E0h0f070Y0A000k0K090C0M070B0g060O0T0l0FB70VFt88XNU40HaBGpZNKU4k1A5i
g1_dI5jiF-uozanupjZR4fHlAZyw8-RfpPsCIQfICPY3j8	pathagon-rules-v1	7	14	3	109	0T0a0b0i0h000d0U020a0b0c0R0e080V0j0N0b0M0I0T010F0i090G07090C0E0O0F0H0L0SM6MmHI0L0Z0EX6AdYRW7Z-XebRakZ7Zw0abTYQZC0AZycEbS0baiXcZ7SGZyYPXc0PafZ0YO0WXcZuZASG0bXcZuZATo0bXcZuZAMv0SXcZuZAUZ0ZXc0aZ703YOZvXeS_ZBYOZvXeakZBYO3h
g1_dIAfSc8LavWn49IQLJ6-vMTX0tN1b03IZk2JNcjMHjw	pathagon-rules-v1	7	14	3	31	0J0K0Q0I0P0J0B0X0I0Q0C0H0O0I0A0D0H0R0W0Y0V05030C04060f0e0d0c0k
g1_dIDu4eZyc6KTBowsJS8mHSi-a2PG4ABvGk1IK7OSflU	pathagon-rules-v1	7	14	3	64	0S0m0D060Z0M0T0C0d0c0F0Q0l0b0i0k080Y0h0O0e020A0V0f000X0H0E0lQD098d2gVkTk03E4WCJD0761B2bvC3XHYHEsABTu3K0309ao880BCY0m6V0JEoJRGqK_
g1_dIU_5vozJK-mPDo6tiuT6pZq2-Ok9-_w1lZzsdu2CoY	pathagon-rules-v1	7	14	3	41	0m0D0C05060J0K0R0D0C0Q0Y0I0X0e0J0B0f0X0C0l0P0W0Q040P0O0H050I0V0d0A0W0H0X0e030c025-
g1_dIX8SH8vcdC9Bmg2sEzX35RgloeQng96IZKXLIZxEmY	pathagon-rules-v1	7	14	3	13	000X0S0C070i0g0c0Z0N0L040E
g1_dIhnJxUvmhaYa-11u0OW9r5_NFXTU2brVhuxTiv4jGo	pathagon-rules-v1	7	14	3	60	0C0208050I0a000O0k0h0Y0e0Z060F0d0f0E0G0W0j0K0V010D0c0l0m0UJgafUCRIGEXI5K03Y8392MF9Qk0A0H0X0RU90b1W0jOv3c0eHV0Ac9O40gQJ2D
g1_dIls4doGSIV4gCaepy2xTIpN1V-a-oOMj1-5Wy7-pxw	pathagon-rules-v1	7	14	3	32	0R08000I0m0Q040D010F0c0T0l0L0h0K090Z0i0C0d0U0A0O0B0P0W0VM97K9qAJ
g1_dIqaoq2-kCA0Tt0XphLeR09PYi_ZAkbqAnz6vBMOJ3Y	pathagon-rules-v1	7	14	3	171	0R0A0f0Q0K0J0b0h0a0Y0P0I0i050C0g0U0H0m0Q060D0B0T0L0I0F0a090NTY0GHP0eMg0A9jDk0B02No0ICQ2nS30i9nYX3mZycEYRZ80UZwXeYMag0O0B0WYO0C0HXfZ-0B0faiZB97bRZz0I0eYPZ8ahbUZzYPZ8ahbUZzcE0dahbUZuVLZCahYQZvbTZCah0B0GbUZzW6Z8ahXfZ-bT0I0AcDZu64YRZDahZy0J060I0CXe0B0Dak0I0eZybTZCcDagZybT0dYOagZyVL0B0A0CZwaiYMWr0HZwXeYM6206ZwXeYMRU03ZG0Y3u042KWx363u1c092K0p3rMB
g1_dIw3iDfDfUQ8EII4VleInQs6QPjKUjLW9Egsyxd5aBo	pathagon-rules-v1	7	14	3	35	0D0Q0k0b04030Z0m0I0e0c070X0K0B0G0E0F0g0V0f0C0M0i0J0h0P0Q060l0a0H5tbI0d
g1_dJ-PrI39XvniiPNRpPYu911rnSueReypIdEHZfSjwB8	pathagon-rules-v1	7	14	3	66	0d0O0U0Q0e0R0D0h0B0501070S040809060L0P0a0I0f0A0T0Y080b0H0N0XBOXuW84D0m0ebm0DIONhXF0ER0030h0WbUSTY50hCmLH0VHG0MQR9u0REo0BPPLi0Y7vMw0R
g1_dJ34MVjKEWByIGkXF33_YVvi83mcpnwW01Zl0RSJyDc	pathagon-rules-v1	7	14	3	60	0e0j0k0C0W0L020b0i060A0l0a0h0H0c0P0R0E0V0G0X0Z0f0F000J0Y0U0B0e0KKXQQEV5n0N9PZd0SOCbE0jRKZhAL011U0gLo04Y5aMGq0b0eUn0U03BB
g1_dJ54r2E7tAI4tOH910ISzDIXBwzpASzZbWNCF6ECBsk	pathagon-rules-v1	7	14	3	36	01040Q0M080E0F0G0N0O0F0J0N0U0H0A0N0G0H0I0F0K0H0X0N0G09020H00030F010A0N0H
g1_dJJzex74V54X1sBhxVcg7ffx7Ic8i2HNnl_NAB8REo4	pathagon-rules-v1	7	14	3	35	0P0V060f0R0S090I0F0W070H0M0k0m080a0G030i0h0j0E0e0B020c0b0DZO0NP-007D3X
g1_dJSEm8ivQ24VKOb381z1D5c-L1tFcvoi30dj4NrLbk0	pathagon-rules-v1	7	14	3	46	0W0D0b0f0R0L08050X0F0A0l010Y0S0U030P0B070C0e000c060G0J0jPkZrLsB6MZ0kLM4q13a4QHRF0KJW040MFP6d
g1_dJkQqeFNKxSon4fGQ8cj-PXBlkNy8ovDwc9p0vLtGhQ	pathagon-rules-v1	7	14	3	38	0l000f0I0i0P0m0d0C0O0Z0U0V09080E070W0J0V0H0G0I0Y0A0e0L060Q0kWL0XcB0M8lDTHH5q
g1_dJo9EE-2-BdsufOq6FbSDfLmnK04-1LBgDsdMTORcbA	pathagon-rules-v1	7	14	3	38	01020908030007020408010A02090B050C060D0J0I0C0K0B0J0H0G0F090H080G0E0L0M0N0F0M
g1_dJzUrU_8w9xzP-1RzSx860NHJ4dsTQ3NZ2O90EtM3Do	pathagon-rules-v1	7	14	3	30	0i0X0S0I0E0L020U0Y0R0K0f0m0R0W0Q0M0N0P0O0M0P0Z0g0a0T080h0F0a
g1_dK-VRQKmYTxFvZ3K6XPiX12KfR9-j8UQJa2otccqXa0	pathagon-rules-v1	7	14	3	80	0l0Q0m030E0M0R0h0I060g0U0b0j0W0i0V0T0J0P0S0N0Z020b0f0O080DLFMrZOBaKX0KYI0Q8fbXNcbL0TG20401IvPaUPa4NxX60kSHBz0cWg0G3ZJo0ZDP0G9h4SWRS90ZPtEo0BOi0mFp0fCsQY0ETbLQ0L
g1_dK7-gVHXDX5UYvhfO255Ngquktw4mZCqUxiQqBPiznY	pathagon-rules-v1	7	14	3	28	0R060c030F010C05090J0X020Z0G0I0E0O0H000V080F0W0B0A090b04
g1_dKHOZL6lBk8S41cLeOtV2M_erxAlbjgCjH4aEPHrQjY	pathagon-rules-v1	7	14	3	16	0N0207000l0E0k010D060K030O040b05
g1_dKHh_mwbSYKuqQt6xRsxej5Xjz47L2JTG2WvCynapQk	pathagon-rules-v1	7	14	3	93	0a0H0I0g0b030Z010O0X0F0i0R0j0l0E00040J0B0A0V0H0L0Y0M080f1807SX00C-P772WzEp6dJOIIF-O-0IBxAJ2VEC3wFJ0eXR0BRc0I8V0gbd0XPwX04b1NZ_0T5y0A1L080T99c80EWB0K2W081e03LT07Qt0K1a0fVG05L60U0Y9n0KXt2q
g1_dKd52Lo61FdlM3zSjb5tThwmwvr6kLdavlAnDcpd0Q4	pathagon-rules-v1	7	14	3	38	0G0N07090B0G0V0A0T0U0d0C0W0B0Z0E0Q0P0X0O0c0H0J0I0e0D05000C0K0b140FB40L8604Bq
g1_dKrILryO_YTUyJxb2dToYue4h9nzll8obnXWufOigxk	pathagon-rules-v1	7	14	3	196	0i0R0Q0K0X0l0k0E0M0d0e0Y040N0B000g0F0W0f0d0m0a0j0h0G080Z0T0kX10F42Rv07BaN7GhSpbL0PH40C0rYoBo0KZaYRcEW9ahbUZzcEZDahbUZzcE9O0e0JWw0dRYZ60Y0ecA67asBTaC0kLmbyRZbIWv0fcFWwbPRYaX0kWbcARZbIMB0gcFXhbSWvagcFZ-bTZCahcFZ-bT0lYOcCZu0j0RbWXa0V0YcGWwZyZAbS0cai0fZBcGZ-0OakTqcE0c0k4bbSWvZvcE0VbUZCZ-0fakYQcE0mbUcGZ-0Iae0H0UHbcFW9WtbPakcFZ-0ObPakc90mWncARZbIMBWbcARZbI0BWbcARZQaMBWbcARZbI0aWbcARZLDMBWbcARZbI
g1_dKrgYalhf15cFlysAKbAgi7HIxEnGtHNq-O4xT6CCHc	pathagon-rules-v1	7	14	3	54	0I010M040Q070O0G0d0Y0S050f0b030k000l0D0W0F0L0J0P0j0H0N0V0K2D0g6WFB4036a0J8TZZN9F0CYQG9RN7q20WS4q0XaQ08JZH_0M
g1_dKu7AZdN7mz_vt3GKn2aOUBB8-hpMOZ6bi-HG90xc0c	pathagon-rules-v1	7	14	3	25	00090V06070L0O0A0E0F0S0G0L0g0j030T0U0N0W0b0H0U0V0c
g1_dKvC4UphAxV1VnnCck9SwplfwXl-sEmqeCcCUDv3XGg	pathagon-rules-v1	7	14	3	75	060e0U0l090J0A0P0W0F0d0M0I0h0R0Y0b0L0X000H0G070N0m080C0E0j0OEB0s0gBVPqbG0703V2Fb01IY7-JN0DDl5RQybd0G1wI60a1T0OCj0XaT0JER0NC10SXn0MYk0a02Sj53S80dXc8-0T
g1_dKx5EHE3gIXHNy_2S77Y469JUSxq4SZtlyTRix-iz8E	pathagon-rules-v1	7	14	3	66	0A0e0E040W0f0g0F0a0M060R0V0K080I0G0N090L07030j0O0l0k0Y0J7L0Fb90X5iJvQraP7oGG99LQ6E3s0bIS0AarKS0ZDdWUBh078o0DXPFMRGGG0dLSUy0QaWEmZu0C
g1_dLGEeY6w3XejWSkwnnDhRZEsf6-uiwphG04YMiYnoZI	pathagon-rules-v1	7	14	3	31	0E0l0Z0S0L01060H050B0R0j0C0T0e0D0g0C0O0h02030a070S0A040N000I07
g1_dLL06Ns48pgxcL5cQoa1NmplAs04VysZs__58tGGrfg	pathagon-rules-v1	7	14	3	66	0d0Y0M0a0S0P0Z0Q0O01030g0f0b0i0V0U0E0K0I090B0R080c05040GGQ06JO0b490XO7TNI5T2HJ1v0LDvLxBtM_0RCuKQ8C0FMU0ARz0a3DEh0OXc0IKqG90KNwXu0gCR
g1_dLMXmJHC8ITsd496RBj8lSwKgrHsqkdYw81B83HZdtc	pathagon-rules-v1	7	14	3	58	0K0D0J0C05060C0B040j0C0I0H0i0I0k0B0Q0R0P0e0X0O0Z0W0d0P0Y0F0QV_0V0e0W0c0fUU0l0W0eD00V0c0W0V0dUSSAPBZ7ToURYFXc0g63S9BH
g1_dLNnAM01p7FOI6pcXIStI1sfYyd1zWec7ugpX5Z7Dm4	pathagon-rules-v1	7	14	3	43	0J0f0V0M0N0B0G0C0L0E0S0Z0c0h0Q0M0O0H0a0Y0b0K0P0X0k0F0e0l0G0I0i0W01GOMMAR0jRnSOOV209K36
g1_dLPBlUj0EdNRKZXSbC7KgmPQN9yn8J7JCTvGC88chuM	pathagon-rules-v1	7	14	3	42	000L0M0N0O0M03090A0H080G0I090V0B040j0A0F0H090U0B0C0P0A0O0Q09050E0J0W0X02010W1O0R0e0Q
g1_dLUVj4z_pkSi_yMguYW3K8QYFGqUOYgkVeUEsoSQeRI	pathagon-rules-v1	7	14	3	196	0l0P0I0B0A0I0H0O0Q0J0C0N0J0B0I0M0G090e0A0X0H0G0W0H0V0U0T0N0U0F080d0F0c0b0a0k0b0d0U0j0iZqZA0ibUZCZ-0f0Y0ecAW9REVA0d0X0ccGalRX0e0dLzae0Y0ecAbWREVx0KcA0XRRLfWGGW7D085a06GH5hAqLfA2G9030C38An0B0A0I350B6y3t1c4d392M3t1c09392M3t8V4d392M3t1c0A052J367h3u0r2J1a0B3s0q2N4e1d353u2N021d2K3t344f1c2O095R0p357j3r2N1a350q092N1Y367h3u0r2P1a09035X084t057h0G8R2P1a350q3r2N1a350q0A2N1a358R032K360q0A023r1c4d2O0p34
g1_dLbjihO4HU8B61kxSNn0Uwb46uNjZSGXR83vWIuNn1k	pathagon-rules-v1	7	14	3	67	0l0Z0P0D0308040j0O020G09060M0R0m0J070E0H0S0W0h0b0k0I0X0P0FKH0cI1Cw0K000B3N0eX79J4K0AMj6Y0BDvOn0V0dZW0P031F0IJS04E405LS0g9j07C740040L0y
g1_dLlLrXlLD0PV8TpJt7zBuLk6wlC-r9aKe73U2ZfXnCU	pathagon-rules-v1	7	14	3	71	0b0B020m0R080P0a0Y0L0F0J0V050A0T0M0H0I0E0e0D0U0g0f0Z0i0lHe0hW6HDNsX40XSBLSC9WGY6CK0hYr0KZO081mUqQlax0dFbUo034RSc0eXN5X04TS0J8oFZ0AGM0M4AVT0e0y
g1_dLyJVW7mMgEMQfGs9UGlkVvEx-d9QlSHeeVFIl6HQBw	pathagon-rules-v1	7	14	3	20	0C0J0T0K0e0Q0l0E050P060F0b0G0D0R0B0O0i0H
g1_dM5tWrjic8oCerVLQQRTosOoSVyCxWXLJvFV2W6AOEk	pathagon-rules-v1	7	14	3	60	020O0N0M090N0L0H000g070E040C0B060D0A0I010G0F0U0H0N0G0P0J0O0I0K0Q0R0C050W0B0V0P0O1O0X2p0Q0Y0C6X0I3y040E000B056Q0AAn020703
g1_dM9DPs3Awd1AxPrWQr3tFTNW96v_p5YA1Ls0-UTuMYM	pathagon-rules-v1	7	14	3	68	0k0F0701050T060d0M0I0B0J0E0c0j0m0U08020f0b04000a0l0Q090h0A0Y0H0L5Ic003NXHoUB8K0N0-V09qIpXIGL01Obav0U6j0GBu0HZc07Vg6c07DYKP560BLH0GF8aD0V
g1_dMAq0qsOgfdbTr_28t4grnkqKg6OBLfrfnZmE8QZgLo	pathagon-rules-v1	7	14	3	80	0L0N0b0c0C0Q0k0I00070a0D0J0g0Y090i0O040d0W0F0d060B0R020ea20K0Z0M2oFERs5g4I7mRPCoEdJu9Q0j0AZgOoL_AhG108IJ1VS20PZc0XVo0RROSe0j0fMdQ1Aw0W0DH90B4FY50SXD00Tb0ab58Y5j
g1_dMDWWliJT6zKdZDK02UjsTQ_Ld3OhyUpiBqhWmjGoaw	pathagon-rules-v1	7	14	3	62	0X0U0W06070m0T0e0L0O0i080c0S030M010Y000H050D0b0Z0d0g0h0G0RRCZAE9Q6XQ1jVQ5KDJTGOmPwJ_VAAt95NxWRHn0e1u0EJKH70OYB0ABk0E3s0G0fBq
g1_dMIcWIedDwfgxvhUI3uillGqRvPTpUs-5zLVEHTrwN8	pathagon-rules-v1	7	14	3	28	0b0d0U0c0N0a0j0b0V0i0c0k0h0Z0j02010i0T0j0a0g0e0h0l0m0d0l
g1_dMJoGz156QUVNGSXqF5HEgHCUGZ4m7zW6088CkoZpkM	pathagon-rules-v1	7	14	3	48	0h0V0W0A06000Q0802040C0U0I0K0R0c0b0T0F0D0i010j0P0O0N0a0Y0S0eZL7Q0j1O2pGpSUP3Pm0gKxVv03VNTPaZYK21
g1_dMMhc0aTq6rbsy3PnSZ9yVuEBhXv9c-5alfn8Y6eiq8	pathagon-rules-v1	7	14	3	52	0a0R07080Z0h0P0C05020O0c0m090J0G0i0E0U0k0C0I0T0g0S0j0l010A0K006zST0iba0F0aZRJnEqOFM3MWYL0QYr6G23SC0I0i2c
g1_dMPV30feR5FDOUDHedoWB8VKwQi6_qgpkLMT60a4SiQ	pathagon-rules-v1	7	14	3	63	0j0M0R0Q0N0Z0c0h0U0d0Y0V0L0G0I0T070a050m03020D0B090X0P0E0W0HLc0fIs040i0MYf0G0b098cDK00DrAP0H692RR5SR0VbcK10l9s0EH50G0L0kAy5I0Z
g1_dMTBIV_HY8956Bpp5Ec8xAUxu1LQ5_GsTP9Dl3-p9vs	pathagon-rules-v1	5	8	3	17	0H0B03020C070106000204080D05080A4B
g1_dMgrY_RbdCWUau4hs6YCsqB5WSnUxjWyLekN_wIDYlk	pathagon-rules-v1	7	14	3	196	0h0j0C0c0V0J0O0P0Q0b0i0U0N0a0T0M0U0a0b0T0P0W0X0F0W0G0d0H0c0IJ_0JIn0N5E0BNm0UQ40X0k0Q2J0j250AAXCKJA8UUC3t0r391YFN0O2K0p34JD1b0c9D0O0pJH1cSM2PPJ3r1c0F2K0p3r4f1c2K0a360q1Y3s0W0S0p0P0O0V2J1a5O380q0P1a3r35KQ2M1AD1Rf1aJx0r4c2O1a350q3r2N1a350q0P2J1a35Uh0r2J1a0d3s0q2JJy1c3K4d2M0p0P1ba63rGt2ND30s2G0G2J3CJx3t0q0P2FKiVP4e3D0e0v1Y692M6x0r1Y352M3t0A1c0B2K0p3r8U1c0Q0o2J3t3N1b0o2JKj3U2H0o2JHfPd0W0TD40r1Y
g1_dMjXD2fky91ENs32ndNDqOxnOMd08H_mph4YN5V1Azc	pathagon-rules-v1	7	14	3	64	0h0M0N0L0i0U0b0a0U0T0Z0S0a0g0V0Z0G0O0H0N0O0P0F0O0c0I0W0E0d0j0k070j08090F7z090I0GDs6XFb074D6J0A7y097A7s098r0JA70P0H82D-0H8kBp0XXE
g1_dMpz1kgOrWX5td_luWeUTW_sNJ_TikLUKpjDZdmWo4A	pathagon-rules-v1	7	14	3	49	0E0Z0L0S0M0F0T0a0h0g0a0U0N0T0b0M0U0G0i0V0c0U0j0N0O0H0V0P0W0O0d0Q0I0k0P0J0XJR0OMXBf0SH7ad02GpTX0b09
g1_dMz6nyUN-4LZmLZGN8vQH--_g2d5A6YVUmB-oaAspiY	pathagon-rules-v1	7	14	3	48	0M0b0X0U020G0B0I0P050I0f030k0Y0T0Z0e010l070g0L0J0h0W0O0C6N0NQ6I-H4AI3W0m9I0L1p0dCq00K1PkE2bu0D17
g1_dN2l6pYRMi3UnAp5EsyFE-maA5K4vh3PZ0TWSdWnGoY	pathagon-rules-v1	7	14	3	15	010N0L09080R0F0J0M0G0T0Q0a0f0h
g1_dNCqwN8y-DCafo2MZIy3PHfQX9sA245GWSPJv0Cb-BE	pathagon-rules-v1	7	14	3	43	0W0V0O0H0M0B0Z0I0A0P0O0N0H0O0U0G0V0H090F080T0F0a0b0c0a0V0T0d0S0W0C0J0B0Q0X0e0L0X7hDq9t
g1_dNY992K7V_q7_T3LPN4qxUMxWRQQujEuUJskmp0NCyo	pathagon-rules-v1	7	14	3	39	0h0809030201040b020M0G0F0N0U0L0k0M0I0H0O0A030B020a0T0S0M0E0Z0g0F0V0N070O0Z00D9
g1_dNfiUi5tY_BbC-e22ayEpHKhpzCFXSIKAGpwIASrXKM	pathagon-rules-v1	7	14	3	83	0f0e0l0X0Y0m0W0d0X0k0e0l0P0Q0R0I0Q0J0K0D0C0B0J0C06050D040V0c0j0OZH0c0H0A0I0H5P0V3A032K365Q061a5O34032K36An0D1a4d0t05GIbr67as0l1l2K5P063u1c095S0B3x0C4g050B2N5P3Aba3s2N
g1_dNmFwbPdnBFDu8ABb2bEZyx_LaUMuBMTp19lmWBUxxQ	pathagon-rules-v1	7	14	3	40	0509020h000E0Q04010P0X03060g0K0H0V080a0j0O0k0d0D0B0A0i0UQL0C0WZpJY8u0YXA2BaAZ53E
g1_dNvWuVOCpZ5C8vnh6LDldu5tCduI4l80RZ0iPaPFehg	pathagon-rules-v1	7	14	3	70	0N0f040T0P0L0h0F0C0X0m050V0g0S0c0d06000E0A0I020b090W0J0P0Q5w0BEh2r078_Ch0OQOAF6s0UHuFZK7OZah0CTD8LHL0eBo0L7U09XS0a6Y0SBO0K0fRULI0AY_bt0i0l5H
g1_dO6Y9JvGAtKtVSEwxtsow4OXCAkNvepkW9KySH9pfD4	pathagon-rules-v1	7	14	3	43	0f020d0O0Y0K0B0l0m0T0c0W0U0N0j0R0H090X0D0M0V0e0Z0i0g040S0k08WPXa010hZ108HvGACa7eZe7g0J
g1_dOFAjsy5FuwV5hKgUYkTjVdTm57qqR9DC_5_jIQVVZQ	pathagon-rules-v1	7	14	3	196	0J0I0H0A0I0B0C0P0O0I0Q0G0P0H0N090U0V0W0O0V0X0l0e0d0k0c0j0b0i0T0M0a0N0F08apYVA18S392M3t1c4d0A2J361b3s0r2O361b0M4g2O3A0C3wA15Q0C4gTy3A003w0r5Q004g0p39A03x2N4e395Q3x2N4e395N3s2M4e0r1d3A0c03a40V2K5P4c391e3u0r0d0C2O0c0C0V045P0W0d3A2M4e0V03ZJ5O7g2P0W050p1Y8S5U2R0_1Y690P360q1Y9D0B360q1Y3s040A0p0B3u042J1a0A3u0r098X0A3w385Q0B4g0A390B3u040A2M4e058S342M3t040A3s0B360q1c092M0B3t0A38030B042P4e9H3s5R2J4e
g1_dOSOoNgU8LoAwRaPDhknPnsY6WiFtHl-Ps0qrwRpIz4	pathagon-rules-v1	7	14	3	24	0K0m0g09070E0L00010208010A0304050904060D0C0B0E0C
g1_dOYu8CFL3icjDhfu8ZT26fMy6V_BfFqkM5kmZjB-8qE	pathagon-rules-v1	7	14	3	20	0g0b0k0U0M0S0Q0T0J0F0c0d010e0a0Z060f0M0c
g1_dOfZ5vzJPm1KiI7el9-S3dd5l_ghugRuj5jXSoeVAoU	pathagon-rules-v1	7	14	3	32	0I0b0U0D0c0f0A0207050i0a0X0B0k0P000Y0T0I0j0Z0H0b0G080O0e0Q0d0P0c
g1_dOi31ftAuMv_Y_J88SWXlg4Jz9qUTBy3rKr5bdhvkyI	pathagon-rules-v1	7	14	3	138	0f0m0Y0R0e0B0K0l0X0R0Q0J0I0P0W0L0U0g0Q0V0O0J0P0S0C0D0N060d0T0M0G0U0F0V0M0K0k0R0EGHB2Lf5oQvGd0KM5GWR7BGWN0fGH5hAqLfAOGO5hAqLfREGd0K0f5a9IGHXF0H5a0RGBLmB9FX5gGBLmB9R05vGBLmB90I0YGI5hA3LlB9GI5h0cLY0RGILm5o0JB20jLfREGdWUBNLfREGd0JBNLmREFs0JGWFeR00YLmREAqWN0JLm5oBG0fGWWURSFs0bGWHQ
g1_dOld5X0ywTNrh9F8of60DaQ6tuhMmGencI1xY-8eqAA	pathagon-rules-v1	7	14	3	47	0L0h0g0Z0a0S0T0M0E0F070801000B02090G0N0U0M0T0N0M0a0908010b080U0A0i030h040H13001w0H2o0N0U0M0N0T
g1_dP85wAxK618cAxiaiuuKEf98NsYZbuKdmMJHp9F5Ou8	pathagon-rules-v1	7	14	3	20	0K0m0Q0Y0A0S0e0X060l0a0J0R0W0G0V0F0T030U
g1_dPA5dicjHQZ-FcZCGdKpUg7jF7fChYhpEKRrYd91YiM	pathagon-rules-v1	7	14	3	55	0g0O0P0K0A0M0U0B0G0F0f070N0c080m000I0R0T0e0L0E060h0V010Z0Y090a0HRX0W0XbbT4637T48WwZ4VtG-adGg0O9cJb03DM05Q90D25
g1_dPA7hMJ_YXgy6wmI49em0CWWTvhrt_yxCUmLdWssr7k	pathagon-rules-v1	7	14	3	58	01080a070A03020H0M090A0B0F0T080h0A0S090N0c0L0E0C0M0D0O0V0H0N0U0P0G0j0I0N0J0Q0W0b0P0O0J3T0U0V0I0X0U6X0i070N6U039Z050R
g1_dPEHATM1qtfr7QS9RQaqHpW5TG1I07iWEJElIYTzamY	pathagon-rules-v1	7	14	3	49	0V0G0B0I0a0E0g0k0Y0e0b0R0N0M060K0T0W0l0D0X0U0f08070F0H0m0Q0c0L0NK-0ZWA0P6IKC07UH0J0O6a0j5bJo07Cx8-
g1_dPJS0LzmnpdbcdUV5Ly1tHkSLvmwpieEL-1HRe_7x_Y	pathagon-rules-v1	7	14	3	55	0N0B0O0Q0K0V0Z08030b0j07010d0H0k05000I0f0P0W0e0L0l0M0S0k1z0FGn06Jj19099fW4PtLy6xSVI2SKCuZ7U65C5g8B0Q05JY0O0D55
g1_dPUxdySKTFJNYGpPvTgI9oCR_RCtd8eZ-J49A5_Dr9g	pathagon-rules-v1	7	14	3	54	0H0Z0G040j0T070a0E0S0b0D0L0F0U0f0M0i0N0K0h0C0g0X0l060V0OG_0LDoA2DnWuXd4eY501NvaN8LSBK64Zbw0U8V5t0c2zYF0V1SXT
g1_dPW_5VLYjVZhg9_BosieEDO6PqB9FxclPprkSxBTH_w	pathagon-rules-v1	7	14	3	63	0W0m0e0l0b0Q0T0Z0206010F0U0P0O0E0a070d0i080H0S0V030A000f098kMwL72kDyTiMuNLb21yc20kWi0W0K0LGH1GYjUv0OO50A0FFo0KC40d8_7x0mGT0K73
g1_dPXb3btG9HwoOlcnh1AYBefTSJSQLus-MGhkJdJxgmw	pathagon-rules-v1	7	14	3	80	0M0W0S0j0Q0G0D0F0d020i0h070P0T0K0f0e0E0I0m0U0Z04060H0k0N05J709W70J2wBGXsMvDS0V0XYobAOe03FoUxC34SR19552ETWs3fNa04bZPs0N4I0FFqS80JI-0eSoV-0aXU0caU0aZu8G0j0bQk0AF9
g1_dPfZ3OgkRgNbH_Mi3y1kbwMhbU7yLAb3psvaJq8iJLw	pathagon-rules-v1	7	14	3	45	000g0A0N0G0S0j0d0I0P0b020J0i0f0M0Z0l0B0T0e0806050Q0k070j0YUt8wK30mIiOvYh9ZaUF48G5YIJTA790z
g1_dPwI45FtBQYuCAZQBpsRfx-xMLVbE9anvaQ3gPWbqL4	pathagon-rules-v1	7	14	3	50	0J0c0F0d0X0i0e0P0N0D0M0Q0C080T0Z0H060W0O070h0V020I0j030UJ80f0k0ba90O0P7X0lJTc2040e0d0LGG0O4ZFp0e6o2t
g1_dPx9Ngbtwmd7FdPoGqB34nMmPKrYFvptfzgiptXlyv0	pathagon-rules-v1	7	14	3	24	0L0J0h0X0e0C0P0Z0c0Y070k0E0V030a000W040f010b0j0U
g1_dPzRk-UnOb9Su_o_KtTwwxTFtLtp101_P9Bz7Nj-nkc	pathagon-rules-v1	7	14	3	59	040G0F010E0Q0D0O0A0C0c0B0a0h0V0Y0J0Z0j0P0T0l0K0m02060705S_R82R1qBsbz3sHK0ES80NAjA_0YXf0Z2300FL0gQIXk03aq01S40e55Bt0f6d
g1_dQ-ohkKvrFXyvA1xiXwWZ772nHvCKn4EfoJqxodaS-4	pathagon-rules-v1	7	14	3	73	050Q0P0f04010c0e0V0H0i0L0S080a0M0W0d0U0l0Y0E0B0X0G0T0J0F0ZHDNsBq45UsOuHaMV0dFbaU0L0WGyQUSp0LJSHxRxMo0aLE0cVL0m0Q6Z0fc80kJ803VHRx0Zav0MIYI50C0D0l4w
g1_dQEtbPIblkhOz1bQdRTa1Bb_qZzvDbSJZ9XyulIeRVM	pathagon-rules-v1	7	14	3	14	0A030J0402010I020g000N050F06
g1_dQFcvGCs_0-atf_vkrV7_I0MliW-74gdsdaWtcGC83M	pathagon-rules-v1	7	14	3	196	090A0G080H090F0O0N0H0M0T0U0V030U020109040B0I0A0B0P0W0O0P0H050C0J0B0C0Q0X0P0Q0I00070E08072P4e053u4g2O02382M4e0D035S3xAo3G4f5S3x0r002M0p1Y5O6E2Q0p1Y356B2Q0p1Y353u2N4e050o4c2O02040o5N2P4e050o5N2P020D0o5N2P391b3t5O04363u1c012P023w2N5Q024iAp38035S0t3r1c015S0t3r04015a050C4iAp38035S0L3x384f9H5a3x384f2O5P3x384f0B5S0C3A9_4g8U5S2P3t380A5S2P3u0C4e5R391e013w2N5Q0A4g1e399F3t5R4i392M3t0o0B344e1b7h0r2J36
g1_dQGo5hP997aEnplg9IVMd5yblCv1vViUt9mJRZ3IYyM	pathagon-rules-v1	7	14	3	57	0P0B030b0N070H0C0W050V0c0X0g0f0G0l0F010h0S0a060j0Z0J090R840T1s6M3qA1GFZY5PT7L34f0eBXSBUSQ73rc3GZD-0jIgO00kNG0Q0XJS
g1_dQIcJKCt8B88Fb0KBFlKp4j6Bb2nmgKHu10RuceLJHc	pathagon-rules-v1	7	14	3	75	000E070F0802010h090G0309020A0H0j0A0i0905040T0B0I0C0H0J0a0L0M0E0N190S1p0Z3A033w04610UJuZ-XfZ6bQc35I0jXcRgYY42A10Z4f5-4L0CDt043m0bFN0C4gAaafMJ4H010Z5h9C
g1_dQJRyMgjUdNRmfK5ukwqM8OkQ8TekfX-wC4BppVaHbc	pathagon-rules-v1	7	14	3	31	0h08090b0a05020A07090G0F090H0E0G0N080Z0G09030G0800090F0M0L010S
g1_dQTyTomIkCGEYeW5px-mvNOWihqG1iNYjoEdrcMTLbU	pathagon-rules-v1	7	14	3	77	060M030C020I0L070a000J040g0R0P0G0Q0l0k0i0X080T010F0K090N0A0V8IbPH70E8zZD5WGR0iP70K0eRIWK0B0RKZ79XR0J2Y020Y0Da20kCe0A09Bd0BAF0P6Z0B0C0IFVN745040E3F1nRY0SEQ
g1_dQUDJGvrYCBpcGti7SMAH9YNqw6wxoVtGhNpAa7oVK8	pathagon-rules-v1	7	14	3	48	0f0c030G0N0j0d0M040b0F0k0H0V0h0Z0L0g0M0a0D0W0i0U0T0G0a0I09020X000Y0P09TY05aNYU0eH70T290G0K1BSVUI
g1_dQYfvS2cy0W1GXZuWcyP2VbtfcmZqHixBKpXFWWl_d0	pathagon-rules-v1	7	14	3	17	0A0P0V0D0O0N0L0O0H0E0O0S030c0j0T0c
g1_dQdWQPFokMxbt_UVvZmSqbVWM4pwH89Ce0UoNYn7j8E	pathagon-rules-v1	7	14	3	44	0C0M0F0b0P0d03010O0j020e0U080Z0m050N0I070E0D0H0c0Q0W0l0S0VIi0GZhKR0RE90UFBTq04IBQ20b460l
g1_dQmHa5GpqJsZcbQW1ZzcvyjvevL5i-hvdkr9PWQ_Pic	pathagon-rules-v1	7	14	3	70	0F0T0K0J0A0M0D0d07060h0802090f0V030c0C0a0i010Y0L0F0Z000R0b0g8xVM2UI5CXFgB8SjXnRc9p0B0-PFQt7V3Waw0VO80J9cWh0YFkRN0j0NO-0cYy0HBG0DMV0GO2JK0b2V
g1_dQz0SAbHm5V6R1CcF-lhOxNDnZ1WNvVDkeU3zLzztr8	pathagon-rules-v1	7	14	3	41	0G0201000M01040B030A09080F090N0C0H0D0A0I0O0P050S060T0U0V0J0U0W0X0Q0W0a0Y530hF-140Z
g1_dR5SGp8ZxPDKlgmG6GOJUBrn7hMZwBgXigotiOaj7uU	pathagon-rules-v1	7	14	3	34	0T0W0G0I0Z0k0S070E0c0m0H0U0a0J040b0P020B0C0D0M0C0j030O0108090eDw0R1a
g1_dRAmXzikzkv3JQI-oSCJa1Jwc5EashKs5HWCbffGZRU	pathagon-rules-v1	7	14	3	77	070P0k0J0H0Q0d0C0Y0F0S010Z0I0g0L0f0l0K090N030e050V0U0O0G0h5I0j0bX63e6M0cOYCd07L6BtAfMg0H9sKQaRFVGF05RI0DNF0CXi0JWh0YW40P0kDPE77uQHIe0a9RaG0c6WAK0iKI070k2X
g1_dRFEKEPcUSbTJ8WvZ4amzUMp_uKapgmWdCAVzXKeMrk	pathagon-rules-v1	7	14	3	27	0d0a0P0c0k0j0S0e0T0M0W0B0m030l0K0O050V0R0d0C040A0I0H0B
g1_dRIUf1pEyzeFCTOLn1D0CIyUYTKBMUkFfmQJpuepb3U	pathagon-rules-v1	7	14	3	43	0F0R0M0S0L0T0E0e0U08090V070l0X0a0g0C020Z080Y0G010i0h0W000d0c0jLwZDbA0dMcbyW2Z-AU0S0Wc4
g1_dROkqRGGbM5K0WlPhO2v-qOuZGqXNYbKWF6M3_622kI	pathagon-rules-v1	7	14	3	59	0F0j00020A0Z0N0S0D0J0K070l0R040V0h0P0Q0k0I0G0d0E0a0C0W0m0T03010Y1RaNVKM2Ip2eYZMU0F6D0XTtX60k1x4jT4JnCtDd0f0aM30iNcHW04
g1_dRXJWd546-D76sz6yQdmcMQpF94nCyZzMOdBUm6vpBc	pathagon-rules-v1	7	14	3	49	0R0I0X0V0E0d090W03080B0m070A0i050c0f0j010F0P0T0k0U060L0O3c0HNL4pZEE80QcE0bWR9tZsHcJyQL5d05IGRAP44y
g1_dRZb1Nr6E_mpVsNvN9Ox5RZ3FOgnjE0Ns9rqZCw09D0	pathagon-rules-v1	7	14	3	31	0k0m0N04000l0j0E0c0F0H030V020O05060C0D0B0K010Q0I0W0J0X0REK0P1C
g1_dRrSSBd9K_IhDEi8wD2hGiqeOch7ErMgERRlnHBuJ1Q	pathagon-rules-v1	7	14	3	196	0F080A030N090G0B02010M020a000S040T0C0D06050J0K0Q0R0X0Y0e0f0I0mVoDhQJMu3_W_ESYF7L0UX4J2MYOI3R0SH6X9IfCNDPC9E00HJP03BmXGDPMRLLGzJb0QXS08KO0QQH0TOG0eCk0bQk0TOIC9Yh0h2n021M0LBVH60F0XCPXy0OX41g0N170T7T0NHs0P0G0TMZ0NTU0TSn09Nt0QS40N7N0TJj0NPf0TO42sS_0N8v0PJf0TOJ0ZPk0ASU0EX2088K0E690AX4081f0A820N6c0PJI0NHE0L7u0AMM0LJb0NBt0W813pNJVPMianJJ0pOu1bH42JNsQi8y0AI10M6T0aKq0MHJ0QQj0MNJ0XXqWyEB0p7W0eHC2CUm
g1_dRsv_WYGAHmCFWwMr6R1GobYXP0jYbJQ9aS1AsUrk18	pathagon-rules-v1	7	14	3	67	050308020m0i0S0B0A0R0a0U0c0W0J0F0N0e040Y0L0l010Q0O070d0f1u0gFc0b43aqI8YyJLLMH6Xe000Z0l060MTkAXZQC90FQVOn0E3507Pc0jR30Z2g0kWKb6Ll080P78
g1_dS817GxauhU2hpfzKNR9YbGqJzcvqm4hJvjtJjkKHmQ	pathagon-rules-v1	7	14	3	16	0G000209080A010D0F070B08040C0I0B
g1_dSKxPBRt5WMYxMiq3TxNYoO9Gc-4ORGJwwkPOSbTP74	pathagon-rules-v1	7	14	3	153	0V0l050W04030H0A01020e0d0X0O0T0W060H0B0c0C090Z0D0V0h0I0W0a0P0Q0J0GYMSFbS0I0bT0ZAPCXfYMZvZAahXfYMZvZA1YXdYMZvaiZBXdYMZvaiZBXdYRZ-aiZB0HcD0V0U1U0W0c0VZz0KUa0O0NZBZwTpbRakZBZwYPbRakZBZw2a0dYPZ8ahbUZu0I02agXeVMZC0HZyYSbTW8ahcFZ-bTZCahcFZ-bTYTakcFZ-1UbSakcF0MZAbWak650FcGZ-aiBS0801ZzcE5MahbUZzcEZDahbUZzcEZ8ahbK
g1_dSM5iEQkzhALy99xZJqREopgEqeZZd5ChTDLYblG0lE	pathagon-rules-v1	7	14	3	19	010i0g0E0H0m080I0h060a0b0T0D0G0O0F0W0M
g1_dSNYFTi0-cBKpq6BZ2SEJJfqj6KPN2pDYCgbHbTjU0w	pathagon-rules-v1	7	14	3	37	0k0b0d0c000a0W0e0V0d0j0A0c0B0I0P0H0U0O0W0T0V0h0Z0a0S0N0T0b0G0U0J030I0A0F0H
g1_dSdPZhFIJt0XZltpFBwi5LKtH5Xdyy4x5dvSlFatNoQ	pathagon-rules-v1	7	14	3	15	0h01000207060E080L090S0b0Z030a
g1_dSeKW1n0TRmEUJ-kei8IwghbO67WMXF1CnxYIDFbL3Q	pathagon-rules-v1	7	14	3	85	050a0G060l0Z020F0X0R0Q0E0j0m0Y0e000f0d0J0D0h0K090C040L010i030k200c4VA_3cZa7nbGWvQLS3G_WyTxXkUzSVGi6f0a5tYs0iLBQl06RXPS055fLV0RCs0Q3XSnC2ES0h8Da_0H32AJN4J-aS0365LoNLFY0Y10
g1_dSlah3Ne7eF1eUWGxsPyylZGByl1j39hfXKqUfT8Fg0	pathagon-rules-v1	7	14	3	51	0H0A030O0A0V0c0P0I0B0W0I0d0G0C0H0B0J0Q0X0J0W0e0K0X0J040Y0R0k0X0d050D0f060Y090j8F0U630c0MLF0E500NO2BR0m
g1_dSmd9chPVe2DxxviJiHVOv9LpBEk9-rdaJCD8v_cl5M	pathagon-rules-v1	7	14	3	73	000c0g0K0h0N010C0T0Z0A070X0U0W0j050J0F0M0f0l0L0I0H0R0O0E2EU25K0V1OAD00Hl016iNZFm0M0PTALe1E07VE06YkRj0eEjaH0mHs0d1j01EW0PXQ0HVf08WR0N0Qby0O8N0iAR0b
g1_dSpXsaIHRFmLcmt-BlsTW1s9MmANuV52Q1sfNpmIz3c	pathagon-rules-v1	7	14	3	16	050m040l030k020j010i000Z060h0g0a
g1_dSrgFps1wxicvUt7Eko6OEqfqvN04qYL-tpVoNEFZwo	pathagon-rules-v1	7	14	3	36	050Q0P0O0N0P0M0R0G090F080H0A0B0H0I0m0H0C0J0B0C0I0X0W0Q0V0U0T0Y0K0U0J0fbe
g1_dTYLAZucnWcKulc6akoG_wE01luO8XNMBCTl607v8Xs	pathagon-rules-v1	7	14	3	196	0405020306040G0100020709080A0B0C0D0B0E0F0H080I0J0K0P0J0I0L0Q0M4v054D0U380H2M0N1a014K4g395Q06GF02BB5t1I4c0d2K3t043D030S0vQ43w6C0X2M4e3w1c002M4d3t0r391b2K3t4g391b2K3t4g391b2K3t4g391b2K3t4g391b2K3t4g391b2K3t4g391b2K3t4g391b2K3t4g391b2K3t4g391b2K3t4g391b2K3t4g391b2K3t4g391b2K3t4g391b2K3t4g391b2K3t4g391b2K3t4g391b2K3t4g391b2K3t4g391b2K3t4g391b2K3t4g391b2K3t4g391b2K3t4g391b2K3t4g391b2K3t4g391b2K
g1_dTddOfgS4zUTyKpxnE1OKqkXMdfqubh0nNVQrQEpTxs	pathagon-rules-v1	7	14	3	13	000A070c0Z0U0S0G0E0h0g0P0L
g1_dTeUDhTRdn3DbBQn3UoVkJJC4CFzpX5NJWaR9qL3uZ8	pathagon-rules-v1	7	14	3	85	0Q0b0V0U04030S020k0A0j0l0c050R0H0f0m0L0W0Z060N0g0E0V0C010i5V0G8pa376IYasRhBFYe3RLmQ50JTo0TJMZo3lAF0kDkaaNM0P0CYu0i2s095l03R-Fu029CIr0J5AAU0eMi0Q0W0K3TGd05Xu0BLc0dKsGw0f0y
g1_dTkzqWlrNMiv-8AtpKM9ibL6SzUdXWkKqcTu1akHlaM	pathagon-rules-v1	7	14	3	71	0C000V070I02060A0d0N0Q0m0X080k0M0W0Z0h0S0a0O0K09030g0i0laD6T3Va_Qm2UYWHq0G02L82OC0Mo01S6UxJn3BXK0CHG020f6Q0EA10Z5u032n0g2H07LY0RbS0jaC0e4QRD0P
g1_dTseCprD-vM_DMiy3Hxhu60x44JKBK6ng-A8-SPr5Ug	pathagon-rules-v1	7	14	3	81	070V0W0F080b0l0T0c0Y0R0B0H0U0a0N0g0f0C0Q090e0O0b0d030i0ESL0JXf0V7B9b01R0PpBqUsWw1-047oVybG0lA7OuEy0IaU0KLbFa0eNF0X4S05BN0cVCKa0hQV0QXP0LMZ0JRT0F860Z7EFv0RCkMu0j5A
g1_dTsnbRHmsVRTZidZS7rIMgtDcZ1-arO-hfcFpICqWus	pathagon-rules-v1	7	14	3	196	0Z0a0b0c0a0T0U0V0S0U0W0d0e0X0f0W0Y0P0O0Q0R0N0M0O0T0L0g0M0h0i0j0b0i0k0l0m0kblX2Gs0LBcH4160g68X2H40L0uGsBqMR0S0gGzBq0T0_68GzHyBx0_68GzMYBxRo0Z0MRh1K0aWx0SBcMRHINJ0T0MSEC20aH46TRh1DBVH46TMK1D0ZGs6T0TBc0_GsHy6aBc0_0mMD0SBcMR160S6MMKGs01Bc1a0obX0m2K6A0q0M02Wx2CRb2s0TXN0aRv0TMR0uGs023B1tBx0E1K0gMDBx0EHP16MD6aRhC20_Gs6TMKBx01H46TMK1DBV0E69Gz16BVX96hHWMYBx0aXUHWMY1D0T0MXiX21m0a0hMK0oHd2M6A070o342M
g1_dU0vHIsQGuhLOxPkTKpZyeu5mJqG5eV6grPI_zOQEz8	pathagon-rules-v1	7	14	3	21	0104080U0S0T0X0R0Q0K0F0P0M0i0a0Q0g0J0T060Z
g1_dU5UGFVwnULplIM7GCzD5YJmVxo2rA9hAZqAVJJCzS4	pathagon-rules-v1	7	14	3	60	0j0P020B0d0m0G0F0g0D030H060X0V0M0W000E0J0C0b0U0Q0Z0h0i0f0I0KA50SOf0T7ONN0O9HPX04C1MrZo43S0Wb3a0N0TLh0I0BOm0CEw0O0X4zQh0P
g1_dUA4sdDoJxUV1HbWcG0JU7K4r9JWEUjcu7ecvY4AdhI	pathagon-rules-v1	7	14	3	75	0U0M0W0F0l0A0R0j0D0S0N0B0g030E0H0m0i0K0Z0O0h0V0Q0d06010aUqYsGh9p0G07J40JBkDoBS0fYY3lNtKcc10DMCYnAEMM0B0z085k0BGU0jL30R6T9f0U4u04Ng0G1p00PK0XCa0Ya90e7H
g1_dUCakA3KdN4yNKMOCP7BJeQDOyTLDQ8mWYMe5AQfe_E	pathagon-rules-v1	7	14	3	91	00090207010j080a0A03090N0G0H0E0A0F0O070C0M0B040I030P0L05060J1F055k0Q270i2-0c0T0V4Q5A0W046jS_0V9ICAAjGx0B7W080c9r4lc33502CJ080F0X1hX30aEgCP5PHv0BDI0e7q09040A3F0C030B3E2MEb0R450g097aT3
g1_dUIITJATJciNllu0RCWInKwo7M9Wm4toc9oBb4Y3HCk	pathagon-rules-v1	7	14	3	58	0U010f060M0k0H0b0R0l0L070O0V020Q0j0i0E0A080N0S030m0Z0D0Y058_0Ja80GIS0F2C0X08CRYsLTSBMX6sBk0TQbUjI20QRsbI9j02JHWx0g7h
g1_dUVY-S9IcqtG8dc4fYi78FYjB5xw4knqDHKujjUJLO4	pathagon-rules-v1	7	14	3	20	060K0Q0J0G090k0I0D0N000E0m0H0C0G0i0J0S0F
g1_dUc1N_2U9cmyIP_CvbjWbHkl-WlXrjT1fHNQnLbPK44	pathagon-rules-v1	7	14	3	196	000F0M0T08010M080G09020H090G010A03090O0N0U0V070O0U0E0L0S0E0W0P0I0B0P04MI0S0C0T4i0B6-080J105N6E07050v1Y012Q1a0o0036081b0o2J6x3C1b0o2J5P0Q1b0o2J7i3D030x1Y692QBX0E03101Y690XBc0_1YGt6T080u0M001m0FMY1DBV6M01MK16BV1m69070v68072K6A07720v00090F6907360q000A073F0q8R2P9E0B0o0A2J021-HP1609MD6a0MRv0uBVCUGt6T0uBV1m0F2K0p0LCG092KBX0_680F2Q080_6v6ACH3B0q081a0F0A0M2J0B353t0q041a3s3409015R2M4e0A030s3x1c344f
g1_dUdAdurIQoEv6I-2acGedGXH1AhrKw4ZThIzBKWrnLQ	pathagon-rules-v1	7	14	3	48	010A0Q030N0L0J05080X09060m0D0h0I0V0M0a0Z0R0d040f0P0b0i0G0gWkP0TIXz0BIt604T0bXA02Lv0h6vG-0N4lPb2Q
g1_dUk1lAeOROj37H4V4GxTsuPaaSeJDTH-tWvrxZOrVQA	pathagon-rules-v1	7	14	3	63	0G030A0T050g0X0c0U0I0Z0V0l0b0L0H0i0W0m0J0M000j0R0D090F0Q0CT_020cRb0dZBX92EELA10UHgF_HCU0b5Njaf0PZg0cDaOm06Tk0F12YbKo0TPPbY0i2R
g1_dV5ewB3Qa3D7ZN7ihODgzaOMCH9WZ96jwwQz6SLwZJk	pathagon-rules-v1	7	14	3	57	0208090A070j090a0B050i0N0k0e0d0P0O0W0f0V0c0j0Q0b0U0P0G0V0O0T0c0b0U0V0P0H0I0W0X0Y0R0U0X0Y0A0XWo0l0f0b6s0X0m0YM403DY
g1_dV8Je6cLz-hrO4C7iEWxMzWlu3amOsPP2VCUASG0ZZo	pathagon-rules-v1	7	14	3	35	0B0m080F0d0S0L0i0O0D0V0E0G0e0a010P040J0608070U0b0C0M0R0W05CA0c0l9wb10I
g1_dVHXYEjyUF_qDnONrtJ6UwEe1t-1FQW6g7h9ThfNE0w	pathagon-rules-v1	7	14	3	23	000E0G0c0b040d0J0i0P0N0e0f0a0Z0W0U0Q080X070Y09
g1_dVM0VMGs-8GhlqRxLq0iL1gxpokH5Uz1zcDRUewELRg	pathagon-rules-v1	7	14	3	58	0D0d0Z0R050W0J0L090j0H000Q060F0E0A0M0I0b0l080m0k0S0O010i0BHQb7TIBD0204IC8GaeKoZh8SUnMS0K5K0s6f0d0QSV0UYW0hAD0aG9EI0F
g1_dVgN6lcBlPnCqzaBKNw9P0n9w3bb4VOY-XDlkkMZnp0	pathagon-rules-v1	7	14	3	123	0b010d0K0a0k0e0W0D0V0E020m0I0B0h070Z0l0c0G030g0S0M0U060J0N0jbXYDbRZdSoQfTIFs6cMYCERjVy2q5lH70ea49KUl0OR606Ogao0kVY0108PW0fa10B0G0E0LIW0AXN07Wb0YNd0KLb0F0R0YLa0AWa0RNx0N9G0J05QH0LRC080OI10X8I0JLFJI0K8rVx0k3zKw0RG4ST3pGR0UAL0V0gN-0T7o1F2pWx03ArP75A
g1_dVnvheGCdNMsd-9jgRQOXDe-sDsqc_HbOViM7G6Oz0E	pathagon-rules-v1	7	14	3	63	0j0K000T0U0Q0c0e0D06030G070F0B050J0Z0M0k0I0i0P0h0D0b0g0E0d4m0X0N0f0C0H09WF0aUaDREx0G6ITRZLC11UNCAs0I0U0J09Gb0HHS0bSN0eF70V0d0c
g1_dVsGsVpn9R88rqVKPDre91WU3p1CPjVAvi7IOXuHogE	pathagon-rules-v1	7	14	3	55	0Z0P0c0Q0M0T0F0E0i0J0I0Y0e0G0L0D0g0H0C0m0W0d00050A0F0K0V0WAl0jDV0bG20hKR03Np070JGSaQG-KuIQ0WYQOfVf0LaD09UJ0Q2e
g1_dWKOmE4KS-dAjzo5njaFWDcKB6-6CcpfrXosRG95Eio	pathagon-rules-v1	7	14	3	64	08010203000709020A0F0G080E0H0F0A0709040B0I050H0B040C0B0J060D050K0L0M0N0F0M0O0P0H0O0G0I0Q0R0S1K0Q6a21013S030PLZAk56020P015S2h02Ov
g1_dWM7gnma4ZTskyK83vm9ec2u47-rpMM_VeJes-ftBfI	pathagon-rules-v1	7	14	3	82	0X0D0F0g0E0M0Z0P0e0G010c020d0V0b0W0N0O0H080h0j0U0S0f0Y0T0c0AR50mQc03MvNAZpYEUabq09RR7DOA0cAHUb0cZzHl0d09BcX90U6v0cBc1g0o0j686x1cRb0s2PAk1a355Q0t2J1a013u1c4d0s5N3x3M
g1_dWTVNx1CXhS_vpCmfAlOTKBl0-IpCxfWIqPPnR9Ejgg	pathagon-rules-v1	7	14	3	109	0h0T0Q0P0O030X0U0B0V0F080E0C0m0A0l0P06050K0J0I0j000S010e020J2G0DbS09YM0cL296aV0LXW0j0U0kTfNO0dA72zYOcCZzXe0VYO3k0PHPBqMR1DRhHPBqMR6a0XHPBqMRCiRhHPXGMtBxRoHPXGMtBxRoHP6TMKBx0b0H0cX90O0I5NBb694e0q0V0G5P1YGt382M0p0T0O0U3-
g1_dWXcNwyIx7VwE8CyxUFLDFN2p-NMixT7MdlhCKpDwck	pathagon-rules-v1	7	14	3	90	0l0e050T070Q0k0K0E01080C000m090h0U030A0H0B0d020b0j0a0P0M0Z0GKCV4BWID0r0g0FVq2XSq02N800bwbWOh0YLxR60e8B0CCY0Q0W0M0YDzEs0I0X9u1r0CBm0Bbp0dak0BEo0eEW0GR50dFzINPa035606bN0l2jTk0R92aC0b
g1_dWoeKihGnkwYJLOs04XvG20OHmHMQlNUK2baFbCvXPo	pathagon-rules-v1	7	14	3	21	000c0Z0I0E03070F0G0P0L0M0N09020A040O0S050g
g1_dWvR5U8sebcMZx4YBMuWh5Dtr5SITZjEfc7v3BroQBY	pathagon-rules-v1	7	14	3	20	080F0D060e010P0E0m050L040T080I0S0O030k02
g1_dWxWRAi5MktJvYWrG_M3K7OyHYuV6-gihQhihadDpJI	pathagon-rules-v1	7	14	3	26	0X0m010c0S0M0N0k0B0Y0a0j0Q00060h050l070b020C0A0g0K0i
g1_dX9hbJ-NiTiR3UvxoE5J_ta8JbElbsk_75tCniI_Y4k	pathagon-rules-v1	7	14	3	49	0A0R0E0g070H0Y010D040X0N050G0O0C060Q0B0H0l0C0J0K0k0C0I02Ec0I0f0JWw0cQW0e9L083j1Y4rGGB20hJUUD0RW-0D
g1_dXDBUOP5kUyFR0ByLj8TFVrNXmYwL46_TGtcCRyyvts	pathagon-rules-v1	7	14	3	57	0O0K0e0V0R0H0U0m0l0k0Y0T0O0P0b0Z0J0d0I090l0L0c0S0d0Q0X050Q030C0V040B0U0AQO4kU5GzTiRf0X9i0iaE06990dcE0lGr0cET0lcDBi
g1_dXGrC_1TDCGL9veOFn-VOiU3jNWym7TK7OM0Qr56Sw4	pathagon-rules-v1	7	14	3	124	0g040M060i0L0G0X0W0N0k0e0E0f0m030b0C0O010l050a0h080c0K0U0I3NJcQabxVr0VIROt0AB-Y5Pk5l07AO0ZFV02WW0h3RYx0mGS9F00K90D460J8hTF0W6OQrauCNXx0ASZ0M0e8oNb2jC00iOE0BXP0bRxJfQ40O01Ma0Cbd0KPLAu0g2n0V8x0mAKI6V10j7HEJ0MXg0Z4Z0BLv0H5AGXQKCk0g1STZ02H50WZ29YNg0R3l
g1_dXtWu1OJQdlYdJXEs-924rKB8RSUiDLmbcatJpBtXGE	pathagon-rules-v1	7	14	3	39	0k050a0R0K0h040W0X0U0I000m0c0Y0D080G0Q0C0H0i0R03070l0A0B010E0fb90jBe0bA406020D
g1_dXxDgel3LJgLRTRkom7qf0Bg9YIb_1RxYVMzKe--yq0	pathagon-rules-v1	7	14	3	66	0K0A0F0a090N0e010H0V050P0R0T030B0k0G0A0U0h0b04070O0W0D0m8z0I0SNAJiO4V_OpRKHWUVPp5LA3aUEh4XboXw6T7lW_0WFPMZIOCv0mI9TD0CSdAu0OOhbZ0c0q
g1_dXyD3j_GPvUoftvxfMgIauIZOdBOfzEC_gJpQV3WDWk	pathagon-rules-v1	7	14	3	55	030L0W0N0h06050D040J0M010g0j0F0P0V0U0R0G0Q0I0O0e080c070PCv0kLb0Y491_3pKH0S5eWlVPY7DDb60m83OJ0E03Kn0eIAEX4xFV5O
g1_dY-nonEZ7jA3k8CFndZXqY9mThumbmE4pLKmgbXX5LU	pathagon-rules-v1	7	14	3	25	0B0I0P040I0W0Q0X0d0J0W0Q0e0C0Y0R0K0X0D0R060f0J0Y0l
g1_dYBvlBGz99dvBzyqU0dgNw0IoP1UVRhNealy4a_ONCs	pathagon-rules-v1	7	14	3	178	0M0N0O0Z0L0N030A0V0F0g0R0E0T0U0i0M0S010N070d0D0400080G0H0N09X10PAp0C3f0F0Q0G0M0mTP0aIbbjCFSDJK0K4gWF5QYZ024pbc5Z0NUk58LX4G5RQv58050O4g0E0RQu5ZAq420LLm5oAq4p05Lm5oAq4p0PLX5R3A8U4w3w5R0I2M4e3wSP0B2M1a3s0A364f1c012M0B3t0A38030B023x399G0B5S2P3u1c0A5S3A3u8V0A5S0B3x384f055P0o340A2K070p3u1c0W2M0B3t0A354c2M020A0o340XBc1m1K2zMDBx0EXU0T0R0tApGw0M5S0B3xRn58Gk0K0l5g
g1_dYE9zOD-m7EIJeptfOUSwgqwRWC_rXLon4kLOuTgWUs	pathagon-rules-v1	7	14	3	59	0D0K0g0N0i050Z0E0f0k070d0R0A0l0Q0T0S0c0G0X020V0I000M0e0U0Y0OWl0W0FO3Vs0aBMBZb6Is012m1r0DQ_GVLx0RAK0HFoEn0mND1602Ro0jOW
g1_dYU0tg8JPZZZPf8SFfOdd2c5zw-U9hjaij_1siQG6VE	pathagon-rules-v1	7	14	3	196	0V0O0H0A0O0W0U0N0G090N0P0I0B0T0I0M0F080J0F0C0Q0X0P0Q0D0K0R0Y0Q0K060R5S06040D3u040A0535036x341b3s2N0p341b092N0p357j3r2N1a350q092N1Y367h3u0r2J1a09030o2J5P3A0A3w1b5R2P4e050o0309382M020A2M1a3s04363u1c084f8W3s6z2J4e053u0r2J1a0A3u0r2K8T0A3u042J3t381b012N0p341b3s2N0p341b072N0p357g032K360q0A1a3r358U2N4e050o3r2N0A360q1Y6905360q1Y3s04360q1Y3s07360q1c0908692M4e3w5R0A034c1d6w2P0p3r1c09010q0A4g2O361b08
g1_dYXAsFbLQDUNiqgHXgYU8K-v0VEaVcNPPCDVZtEeluk	pathagon-rules-v1	7	14	3	45	040c0P080A0U0Y0i0k0G0N0K030D0F020J000a070l0b0X0L0C0V0O0H0j1X3s0I0B0Z0I04CtGj0ScAIdD629HG0W
g1_dYmUO6x0fVJBYc8K9B2RMHAagjljskXgpqFLVDW-cyU	pathagon-rules-v1	7	14	3	39	0U0T0V0O0H0A0O0N0G090N0M030F0E0A0F080L0F020M0S090T0701000c0b3e0Z1b0b0A0a010TDk
g1_dYxL-rdYbPqyHst4OVEoO226dCZSEQmURW5gREW2bpM	pathagon-rules-v1	7	14	3	62	0b0N0m0F0V0E0G0l0P0e0C010d0M0K0a0O0Z0U0B0N060f0R0k0A050hNo0gKf040Q0XTe0IKqXC0gCgWNQeP83wJk0GBFSLb50FUl0804K-09026O0V4H040f8U
g1_dYyznw9TcQXK5v87NR0Dkn5Un5BE34UGVVD3j197O8M	pathagon-rules-v1	7	14	3	196	0c0V0d0W0P0O0W0I0H0k0j0X0Q0W0J0P0I0d0e0l0d0X0B0e0A0C090G0N0U0G0b0i02030405034i0CYY0i0CZA0Dah65ZvVLZ7ahYQZvXeZ7ahYQZv4cYUX03xAo3H4f5S3xAo0d2M0p1Y5O4i2O3t040o4c5S0c380q4iA20C385Q4i1d0j385Q2PZG4d34032K5P0s081eXj4c2O5P0C0o4c2O020C0o4c2Oa10F0o4c2O3x1c354f0p3w5R0M2M4e1d7h342M3t090o342M7i090o4c2N391b0p3s0436031Y6w09360q1Y8S0A020t1Y4d2O0H041a0o0G025N1ean4p0s5N0N2K4e058X152k0A5v1eM5BUREGd0QcA0967LY
g1_dZ5p-8AdV9oOfa3p2G2AhZ4Uz7ntKaIrR9nYqiX-dks	pathagon-rules-v1	7	14	3	35	050E090H0G04020R0N0b0U0D000S010C030L040I060X070d080T0A0g0y0M1YTc6jNa1T
g1_dZ7tpQhqqSAoA2eqd37XclPsTjJ_Y1UDiEW1oCs1yjM	pathagon-rules-v1	7	14	3	79	0h08090702050G0b0N0k0U0L0i0A0b09060H0I0B040H0D0B0C0J0Q050I0J0B0H0K0I0P0O2b0302010902Ed0A0W0VK30M0X0FPV004L0P7y0VOB0HDV0TBl0FEn09OL0dC70F9g0PDJ0JGH0NMi0JAH0EO2
g1_dZCwLVKXlpYA9mamJqWbTwmQ2bG_PVGHUp2Rt02utn0	pathagon-rules-v1	7	14	3	29	0Y0m0h0F0E0008010902030406030C0G0J0e0W0P0I0d0P0V050N0k0c0d
g1_dZEnME_vq8-ETlVz2K5WFgJHQdI6gMkKe2gUTt4I-nI	pathagon-rules-v1	7	14	3	80	0l0Z080S0L0D00010k020N0V0d070e0c0G0a0Y0C0T090E05040X0O0j0I07bPMdNU0H0FOp0B4uaJSTUk0UWl0dIRSGC0FC0TUV0Z2T0XFj0SWbR10VRc0mG60gTE0h66061r0IBa0QQBE60k8x1NKV0MGhan5m
g1_dZFEpuXUb_eJzs85VvQz_foeFq_UGMRn9AzHkhyyxDg	pathagon-rules-v1	7	14	3	61	0U0k0b000Q09050V0c0g0K0F0B070f0R0L0C0P0Y0e020D0j0T0a0S0M030C0OOcML8D9Z0IWr2XJl11VvZOKG0S016NHw0M3D0L4sXC058V0GHE05RC0NJU5I
g1_dZLRR2kTo7aLQsMqQ_w7XDoJRClZhsxZJPPfUj-O2es	pathagon-rules-v1	7	14	3	61	0g0X0a0h0D0K0V000j04050c0W0l0Q070O0F0E0i030S0k0L010A0H0J0f0Z0G0Q2I0dP5XtbwFo0l9tSeH4DZ08Zl0VPJMEaQ0S2jRg3iCK0MBp0I7cHi6sD-
g1_dZaz-5BqR0rgbwxMhZ_q5NAvTNJXnlfMfeoeiViBZyM	pathagon-rules-v1	7	14	3	17	000Q0L0W0S020g0T0U08070P090d0Z030E
g1_dZeWJ7UCjfN6L2AA-zt7WDP75ESOaB-ENEwAiFgoziA	pathagon-rules-v1	7	14	3	68	0Z0g0D030V0E0A06040X0Q0W0d0T08050i0S0L000K0C020j0e0a0Z0I0Y090S0h0P0RUxC80U0GRe0NOTALGcZzKN5J0Z7nVg0d6y0iLRIi0I6sFs0CNdSzOvY608DYWg0hRK1Q
g1_dZfr57i3nycjuxrWqqqCiTLSuHEzLOa6Y38o6EMdghE	pathagon-rules-v1	7	14	3	185	0c0j0b0i0V0U0O0b0N0W0d0V0k0c0P0H0W0O0G0I0Q0X0e0W0X0P0l0J0A090B0C06YY040305360AZH0j2K0A365Q1Y3s04020B1e0o2J3t381b092K0p0A3u1c2K8T0A3u042J1a0A5Q0o2J8T3A1b4d2O0A381b4e053u012N1a350q0A4g1d5O9C2P0B1d0o5P8R3A1b4d0s0A385Q4i1d0i385Q019C1e352M0p3r1c0B2M0p3s0A365Q1c012M0B3t0A38030B1c024i2O3tA1354f053r1c0A4f0s3s9G2J4e0B035S3x0r340A2K4e0q051a0A5O4c2O02040C0B0o4c2O3x1c364f5O3w0r0J
g1_dZkid6uvxML_CG8a-1tAsEOyFqA22BSUPotZiC1yGvM	pathagon-rules-v1	7	14	3	39	0a0V0O050N0U0W0b0P0c0d0T0M0Y0T0X0e0W0Q0R0X0f080F0G090H0A0I0JKj0QEi0I0B0P2K4eQj
g1_dZw3KOho9B7Qe7OzJtgDyoZ8IQoFrhHp3q7JenPWuEc	pathagon-rules-v1	7	14	3	59	030E0A050h000H070B0N0P0Z0m040d0j0I0M0Y0a0i0U0T0b0L0C0K09M_0cF0IpXx0WU-PZ0V0JbnM3Dq0X3e1CGM5H0g6uRV09PE0hHI0B088D0U062u
g1_d_MzFDLZjPbT_ZtzVAk7tJF8CmnNgzIlJKRwZnxIKfQ	pathagon-rules-v1	7	14	3	196	0N0M0G0F090802010O0H0A0G0H030V020U090T0W0P0I0B0H040A0P0d0I0c0b0a00SS0b1m016T07Bx0EHP0L0THWRvC2MRXN0MSEHPMY0a0M0bH4Rv6a0T072sMYCiBX0M0qRa1mMmHI0FBq0E0Z07Gt16MDBxRo0T0uGsBqMR0M0uGsBq1m010uGsBq1m050uGsBq2X0Z0uGsBqRo0Z0uHI0LRa6h0THIXGBc0_MDHI6T071DBVH46TMK1DBVH46T010u02Gs1m6T2Q1D34HW6TMKBxRoHPXGMtBxRo0Z0uGsBqMR0S07XU1RMD6a07Bq0EMmBxH46TRhMmXN03Bq0_68RhHPBqMR0S0uGsBq0E0S0uGsBq6w6M0pGs1fBqMR1D68
g1_d_ZGyTSkAJ6COi-lGjeY4SD72gZVzRGSwpzZTaOgnw4	pathagon-rules-v1	7	14	3	31	0U0b0O0m0T0c0X090S0l0N0L0i050k0J0C0W0A0Z0a0M0F070K0003040H0MAY
g1_d_gGWORogkTJ6EVo9WLeuNYCFuC0xag99PdUg2LlbZM	pathagon-rules-v1	7	14	3	46	0P0Z0O0W0J0S030Q0l0e090c0V070g080X0d0W0Q0e0U0I0N0H0A0G090b0G0j00JK0O0K0L0PKt0T0BKB0P0R0D0kIY
g1_d_gsbJJ8sH6iaxzm4TMI5DuCS_5fP2AoDdSxK3ygg9g	pathagon-rules-v1	7	14	3	69	0j0K060Q090U0L0R0Y0A0a040J050M0f0N0S0i0O0Z0e0c0Y010B03020W0m0TJR0GNl0EW7U4bf0cadUO4HRjWDPW5MZBMIHe0VBP9K07Lo090J5c080MVaHm0MQUEh0RGH0F0e6G
g1_d_iQt0Nb5CFHy8kVOsVMF_Y4bwpApN5h-X02q0ulOg8	pathagon-rules-v1	7	14	3	196	08090A0H0F090G0O0N0M0P0N0I0G0B04030201030Q0A0J0C050B0C0W0X0V0U0T002n023A033w04070B5V060F056M0u6v08Bc0E16086M1YGz01Bq0_681fHIBq0_08MD0DBW0K0v2J1a357j0w0R1Y2K3t040o342M0A040p1Y6w3D030x1Y3s2N4e391b3s2N02050w341b012T0p081b6w2J7i3D080q2J3t1c350q2J3t043D0q0A3t8V346y1i3s04360q1Y3s04360q083r2N36030o0A2J361b010x1Y352M8T0x1Y352M020A1b7h2r023V0q3r1c4d2O0p341b3s2N02392M3t1c4d0s2J361b3s0r09391b3s2N4e39
g1_d_nR27mw33eVjZTLDB0tb2xHKFX_vdBQ2C0UXcC8qyU	pathagon-rules-v1	7	14	3	58	0a0E0I0k0g090K0A0l0W0b0P050M03070f080F0C0G0T0U0c0R0N0i0O007EXe04S_890h4ZGLPp560U15AbYSNADU0G0QDG3h02Nc0X04P00JAMZP2Z
g1_d_o2zLFGIx1GdXB5zQ4gNw6SUg6RStohwN-eYppxKSw	pathagon-rules-v1	7	14	3	61	0l070C0Y0J06000a090K050B0F0e080E0M0g0S0k0Z0c040L0b0H0d0QRs0Rb80m1H0N0VaL7w0Z0BLMFULwCj01P_GbTo1x0KRyDI024D6c00RP0V0bNh0Y1N
g1_d_pzxFL-KqtshGhwGbheX2HBhiAqPeOC5A5-TVx5Fb0	pathagon-rules-v1	7	14	3	28	0h0a0Z0T0S0g0U0i0T0h0b0j0a0c0V0k0d0m0l0c0W0e0X0d0e0f0Y0e
g1_d_y3bWXptGbCHNtQJKJXXQhyQllIp37IWH6jhoCwW8Y	pathagon-rules-v1	7	14	3	40	030204090A0B01080I020A0B0F0G0H0A0G08000N0O0G0P0M070F0E0L050C0J0Q0C060D0K0R0D0Q0C
g1_da3Vgunie-3wTz83_12VobMVYr2vLowfCGO3nxmnGmU	pathagon-rules-v1	7	14	3	37	0h0c0j0C0Y0J0i0e0G040f0X0b0B0d0H0c0I0A0e0a090Q0W0A0P050R0V0k080d0O0EZV024f
g1_daLIGmSaIdQmveEI-54ex61TO1nydQD1O-Yea8nbxmY	pathagon-rules-v1	7	14	3	21	010L050M020N040O070P0E0Q0S0R0L0Z0g0T0Z0008
g1_daLORuvzGH94SGjQ_QDGtc8Y-Sn72JFqZHGEihBw-Q4	pathagon-rules-v1	7	14	3	76	0K0E0d0c0b070T0h0H060F0Q0e0k0V0D030Y0l0c0P0X0W040U0M0f0LUu0gP705Vq00ON01Pt4e08alKdXU7bXrTa5pZWbvCl0YLh0kNh08CdQ5D70ROi760m400PQ_b40J5R0lK5FP06Bf0F3H0P4n
g1_daMvWBioEm6uGcd7KxHDaO-ww_touiD3MmiVSceg61A	pathagon-rules-v1	7	14	3	22	0I05040G0m0C0g0B0P0H0O080N0W0V0A0S0903060j07
g1_daYSUFAxYitsYzILWDVZmb7nT1y3QQrasl8oeV8h30I	pathagon-rules-v1	7	14	3	30	0k0X0W0V040W0S000Y05060D0K0O0D0R0L01020307020A0H080A0Q0J0I0Q
g1_daYmDfmZOtzvSsuWPb798KWnzekbFjFXZru15lEoQxY	pathagon-rules-v1	7	14	3	72	000E0F0h0g030i0U0S0907080L0Z0a0b010a0408020E0G0T090h0H080O0N1703210c4Y0A010c2w0W0P08HL0W0X0VID0NCP026d080F090M081c07CR050IYC044o0V0B42BbDs050B04
g1_dadsbDjt-1Pcc2QAmxRm9HK65ChGdZyMYNCQu6lxKgU	pathagon-rules-v1	7	14	3	117	0E0N0k0h0D0F060l0U0e0K030B0j0I040J0C050A0C0H070a0k0G0O0L0d09UmS-AZbW9lYR0VIrBA0hSE0NFKEUWyXk1RYT0H2K021KWx085O3x4g0B2M023w5R0A2M4e3w1c012M023x4pGAbb0B2M4e050o4c2O3t040o5N2P4e050o030CWAMH0J03SIORbR0Cah6sYR0dZBVKW407bSUXYRCAZDXdZuYPag4R
g1_daeK6QRE-GbZpxlnqs1Xxvg_1KwMiNk6bu089qaPeK0	pathagon-rules-v1	7	14	3	39	0e0C030A0H070A0O000L0I0M0N0P0W0Q0B0P0R0d0f0D0U0b0i0G050J090bV_0G0r020j003Z014-
g1_dafSHknX8AGAr0ysSTLAZ2bEY5ajHyIPw8jfRmRUzcE	pathagon-rules-v1	7	14	3	14	02090A0B030A0b070X0C0R0D0508
g1_dany525hwUraCoCPZWn-sn2dbULPuDvLXoL07HCzhj4	pathagon-rules-v1	7	14	3	22	0B090W0P0L080m0A0O060a0R0k00010Q050I0b0H0207
g1_dawl_R3k4vwoKGl4ZKMCpY-9WR3Xo6EJB7qXx7R-j_8	pathagon-rules-v1	7	14	3	77	0k0A060W0d0Y090m080R0f03020g010S0K0V0D05040P030L0B0H0A0h5f0QGB0CB20lWN0eGk0MB2Hs5aPCGBb0B2KHWNHPGkYa5hSHAqLHGIX_0CPlWUECBN6X5aO5GBc2ApMr0IZrWg0b5m0jPuLY56
g1_db31VvYhgmcft-cSoFLXq8x1_Bof2VDXckMIJUfVObM	pathagon-rules-v1	7	14	3	65	0k0b0d0U0D060i050L0C0F0X0W0e0j0V0c0M010a0h0T0P0W080E0S0O0N0QHE04YL0gUM0JYe0MadN_0mSVMY0l0MTi7K0HB2FXL-5o0eB2HG0I0X0P0WbU0l0QZTBqbf
g1_dbEqZqKenKVEP7dlS2a_cq6sJw0nTzy3QlOHbuZgTTo	pathagon-rules-v1	7	14	3	23	010i0g0Y0T05080N0L0W0X0h0Z040F07090S0M0U0a0D0T
g1_dbFTwD-95Dmal9GOSq5OCxTInUk_xgUNU-WHZJKVdLM	pathagon-rules-v1	7	14	3	44	0B0403020A09030I050H0O0P0H0B040A0G0N0C0O0G0H0J0Q0108020F090G0M00070E08070F0L060M0D1500K-
g1_dbJNsT9ttT_rMuuCNmQAcFylyzoWcRBj8com-LEu7wc	pathagon-rules-v1	7	14	3	37	0Q0f0a0002010903050C0208060A0J090C0X0P0W0d0H0W0V0I0W0e0k0O0d0m0e0Y0G0f040R
g1_dbLwP9eKUXFf9yp2hRZaEbSNjLLEMix03jKSMcr3nUQ	pathagon-rules-v1	7	14	3	29	0k0d0e0l0X0W0m0f0l0e0Y0c0f0V0j0P0Q0O0R0I0J0K0H0J0D0C0K0B06
g1_dbQdgUXmOP6YipzgdSNQ7N44JPaj9iqFN7Q-4VG1JVs	pathagon-rules-v1	7	14	3	60	0h080k0b060I0T0C030G0Y0E05090L0S010Q0e0D0Z0R0H0c0L0M0V0O0f0j0SUBYB00Vm0A5l7z4l0FJBLN3gC0RBLi0UZf1f0E0HGD0dFTa20lWKDC0f0x
g1_dbT0NsTI7QVNtuFOnVEbmyr5P7lCve6ceIS2cqGYVp8	pathagon-rules-v1	7	14	3	82	0m0V0K0U0h0f0I0H0e020J0Z030B0N0O050g0A0C040G0L0b0D0M0j0N0B0aAl094e0i0lI09K0B09RsGm0FZnJm07EU0H0OHXUw0WP1PhTQ0HWb0b0QRoXV6U0J7mDTI4090G0a7S0A0a8iDB9S2SMS1gYa3Q0S0c6b
g1_dbTaF-2QZsKPnFKdiFTbohccTUrF74JnUnSHo1eCRDg	pathagon-rules-v1	7	14	3	41	0c070Q0b0N0I0R0W0g0C0j0D0E0B000K0M0J0P0h0a0F010O0d0H0i0AHt0W0f0PLx0hSU0U020VWl041F
g1_dbmui2xkTBnR7Q0KQHklh0KOyNR4FU6KACILmpjHjZY	pathagon-rules-v1	7	14	3	21	0V0c0j030c00020106020D040K050Q0B0P070J080O
g1_dc2g_xirEzykdLuyUTMpPgAVnj0tdXjuY3bVrmgqxlc	pathagon-rules-v1	7	14	3	31	0F080a070M0E0A090G0H0N0B0I0A0H0O0P0H0O0L0T0S0U0J0V0I020W090P0h
g1_dc4Ibt5ev6RnEfqoPJWLd0StulqV3eHaaK-b0VtTgHg	pathagon-rules-v1	7	14	3	196	0B040I0P0W0d0P0N0O0M0H0A0G09080G0F0V0G0c0U0b0N0V030T0A0U090a02012J0207030t05680C5a06155oAq4p05Lm5oAq0D05B25aLY0CGI0K5o066v1s015aLYGW15080DLS0F2K5P0tAk072K020-5N082KAm0tG50C2K360q0J1a5O34032K360q0Q1a6934032K360q0X02Uk1l0W2V5P063u5R2PAm0d3u4g2O0e385Q4e05034i3wFO0J5S3A3u2N025S3A3u2N0C5S3A3u8V0A5S3A3u040A3r355P030o342M8T0A0o342M020A2K360q041a3s3403He382M8T0A3u042O0A380q4e0M3u042O0A381b4e053u04
g1_dc7JeiMgird2iAoNwwJOVdG2ZXZGBwTZpdXx21Yhgu4	pathagon-rules-v1	7	14	3	19	0S0E020G090F0L0H0N0I070G0E0U000Z0g0J0Z
g1_dcDYHOwSs7jojylSmRtVVz_3HOdBVJrdKLtO_JDFML4	pathagon-rules-v1	7	14	3	60	0N0K0C0J020T0d0Q0R0E0M0I0g0B0h0Y030G0809050i070U0a0Z0X0P0c0R0bF30L04I4PU0EJxSq0aHD9bX-Sc0CFK33RH0WLU0bD7033_0a5p0hO1CC0J
g1_dcKXvql3HnorpkzP_wEg80CgBkS5kQvzZ1GFOQfZX38	pathagon-rules-v1	7	14	3	57	0e0D070X0b000O0K0R0l06080Y0J0h0W0A0I090a0d0P0M0Z0T0B0c0f0m0abY0Q7v0G6rKkIJBUQ_0N0VFb0D0BUlPcUN9LOsSZ0SId0aS6ZM0f5c
g1_dcNYAj5d5whN1q6cOartjwUJIR3qYz0gpjPqzIWBWNU	pathagon-rules-v1	7	14	3	48	04030X0i0T0H0F0e0c0a0D010j0I0b0A0f090J070g0B0G050M0E0O060R3hJv9ECe8qDD6s04T2A8EH0W1b0Q0FWZ0GHuOa
g1_dcPo0Maz4tbDFBRL6Uhbnx8gzBnNbLt1sjNuVJNCcls	pathagon-rules-v1	7	14	3	21	0C0L0k0c0d010b0G0W0T0J0l0409000N0B0K0I0H0P
g1_dcYnv1hkZckhoCgLKe58-YxiONhr6dr3dyXL29NXC7o	pathagon-rules-v1	7	14	3	17	0h090C00050b0J0f0d0M0Q0O0X030k040W
g1_dch3PFWaQxLAN8VxwTN0VYQUl4CgYkHSdSWVA1qeJyE	pathagon-rules-v1	7	14	3	48	0P0K0i0D0H0V0J0m0U0h0C0c0b0k0j0O0X0A0e0N070d0L0F000G010Z0HOZHJDJ02XwAOUu0W8cYtRiNWFIVgIaM5GENp0A
g1_dckl5b-H3ND6k6OuqdJLz2NEvdQarX-jaqctl0JVNtY	pathagon-rules-v1	7	14	3	26	0C0B05040J0I030A040H09020G0K0D0J0601080F000G0809070E
g1_dcrgSTE8n0SnW3HV2W7r4X1HCjJZ5gIu72AaNrqKSPg	pathagon-rules-v1	7	14	3	196	0M0F0T0N0G0U0O0H0N0G0V0N0U0P0I0O0W0B0P0A09080Q090J0X0C0R0K0Y0D0L0E0M07JF0OQuAo0D0BLS695P030o342M02040o4c2QGu050o4c2O6EAm0-1Y5O2PAm0-1Y5O07360q1Y6907363u1c012M1a3s06360q1c012M1a3s0434021b2K0p5N3A4f050p5N1e013w0r5N072K3t389F4i2O0B04024o5S3xAo0B2M5P1e9-0-2J5P1e4d0s3r5R1e4d0s0C5R1e4c6D2K5P0t0K3w2N369F1Y3s0B024g395Q2P020C0o5N2QBX0E0o342M020401GB0-4w0B5a1eGA2J3s5P04013x0r0B2M5P1Y4d3w2N3A1b4e3s04
g1_dcv2WV4GySVkhJXHA_whtgphkEMFGG2bzyAF0rqiiYY	pathagon-rules-v1	7	14	3	95	0D0E090Z0f0j0I0W030O0e01000P0L0J0F070l0T0Y0i04050M060h0H08Ja1B5XYMNL4QS504KO0PQEVzP_HRCA7JLmRZYvL84x0XAf0MFS0eNubB0VXJ0WQf0lVjP2U_7N0EMT0b8o0TDW0cHUCt0GBt0LV700M6Is0CENKL02P1210IDI0Fb30YTB06
g1_dcvwLzFzRPYcDBNS9JVgcdDSmL3FpQZU9pPYL9wRP_I	pathagon-rules-v1	7	14	3	44	0M0k0c0N0e0d0j0A050l070T090X030O0a060H080402000C0K0U0b0D0m0L0h0B7u5c1JIgGE0M4C0A010Gb_8i
g1_dcz9lC_OwiEdHwnjo5VQVwHz9Fr1pIcmXQbbYU6PUA4	pathagon-rules-v1	7	14	3	57	0M0Q0b0l0O0B0F0I0m070K0L0A0T0J0d0e0S0f0W030g020H0U050R0PIJM-TE5J2PLFGRXQ0XSjQBKE0c0gCrHJ0k0Z8q0Ubu0dKI0P730lVu0e5d
g1_dd3yNxn-yh8bntKe09FcyTT6T0a4nYEnvounoYeR69g	pathagon-rules-v1	7	14	3	58	0e0b0X080P0R0c0N0D0d0k0W0L0j0E0V0i0Q060O0A0m0P0c04030l0h070j0J0i0QZ60HLk003K0FP3690P61YOCl02BGWb0W0QXcZ7bS0HYP0UakJj
g1_ddNJde160D-JUklBjIYk1wCtby00XHWAkISHumm5gjc	pathagon-rules-v1	7	14	3	64	050Y0h0Z040S0i06010M0d0A0j0g0U000K0J0H0l0O0I0X07080B0b020kMGZg104b0100Rq0eEn533a05XMJWPwOP23bjQqaP0VVA0kNj0XJ80RMw0J0D2N0Q05RX09
g1_ddNcqqO6eQvf518k6CEpiO6lwIm-tM6C7IZUBA1Icb8	pathagon-rules-v1	7	14	3	42	0A0J0k0e040B0O0F0C0E0U0B0a0c0M0b0V0d0T0N0Z0D0U0P0Y0W020O0I0h0V0H01E70gB207UD0mPjOfY6
g1_ddUkl16QSvk2rXjbaRjixzOxZDuQJZ-kEiWfEYjRgP0	pathagon-rules-v1	7	14	3	59	0I0c060L0a000P0B04020X0Y0l050d0b0A0Q0e090F0W0M0B0h080O0A0V0H0ER04C53IL0sC1EEXiHNbQMTIS0SRW0U0M0l0T0fUl7S0ELFXQ0cFE0J4P
g1_ddhRE0YpE6yv-KmePj33Jh-QaMN93acAhGVQjUPXrxs	pathagon-rules-v1	7	14	3	196	0a0J0Z0b0h0g0i0U0T0S0N0T0M0Z0T0a0L0E0F0L0G0708090008010208030A0H090A0OW_0g39030V023x384f2O5P3x384f0O1d015R1e4e8W355Q0A4g0s3A033w1c5N3A013w0r5Q004g0s3A030036031d3s0A38025S2P3u8V025S3A3u2N025S3A3u0A4g5S3A023w2N5Q024gFP3A033w385Q0c1c013A1b3t6C0o342M02070o4c2O5R1e364f3w5R2P364f3w5R2K3603014g0s3A033w1c5N01BcX91RXi0h1f4d0sX13r04015S3A3u2N025S3A3u040B020A3w0r5Q002N0A3A1b3t0r4d392M020A3r034d382O5Q
g1_ddyAQ97d3KCA6ng77crMQaq9sj2WtLOUNPt965FqBcc	pathagon-rules-v1	7	14	3	56	0X0I0W0M0i0D0F0C0c0G000l0h0m0P0O020L010a090b050U0k0T0J0ACN0H8NTl1hSqFh0d5B0GUP0C6oOu0Z8V2U0cZHaw02VC0jUE3F0I0c40
g1_ddyv5RTaLhBwxTKIapGSuhCwS53CdEwNEWZQZX9aW40	pathagon-rules-v1	7	14	3	196	0A0H0I0B090G080F0P0O0N0M0G0O0H0N0Q0J0C0X0B0J0W0Q0V0P0O0U0T0d0U0W0N0c0b0a0e0T0b0102082J02VS2N0p1d013x1c4d395Q0C1a4d34032K360q0e1a3s34032K360q001a7h380q091a05094d2J3t381b0s2P3t38035S2P3t38035S3A3u2N0C5S023x2N4e395Q3x2N4e395Q3x2J4d36030o5N2N36030o342M3t040o342M3t0C0o342M8T0A01382M091a0A0o3r2N6-020t1Y4d2O5P3x1c0C2M0p3s04365Q093x1c0A2M5P084d3r2N39090t1a4f3s5R2J361b3s0r2O3A0C3w1c5Q024g2O3A033w34
g1_de9S45nLKLS4sJVp7dM0YFmAdaHQbltNXprErLQ_iNk	pathagon-rules-v1	7	14	3	69	0W0A0k0O0B0T0f0M090V0m0d010l040D0S070X0G0003060a050J0P0RPx0b13NW5JTk9O3a0K0hAU00KTSg5yDGEc1FbfbW0N0Gak0QMW0e7I0U0fRD02W70N0cJ40U3R0lKO0H1o
g1_deE-Q2QSO6D9vs8c44rMxS2zAt_bBhZPAfljOGbor6w	pathagon-rules-v1	7	14	3	35	0W0B040k030d080X0e0M0V060G0h0J0Z0C0g0a0T0l0j0P0I0Q0a0X05000cDB0K0B0DOp
g1_deHUWw1wKStZQRMCs4lbweVEGEqEy-zOo_g4oV6FPwk	pathagon-rules-v1	7	14	3	196	080E0F0Q070W0P0f0I0D0B0G09030F05040R020d060S010A0H0V0G0Y0O0m5h0M1e0eGI0k5hMWAqVrGIBY5h0ZAqP8GILS5OLQ2PV3B28k5aPeGBahB20Q5aIHGBI_B2bD5aSFGBLcApUs020d2M0X3tQe38C34fXR2OXw3tNZ38MK4fW43wUL5RLL3AYv59YB5i0XS0VLHPX7MYQMS0NyHPZKMYTXS0PdHPG8MYOtS0M3HPBzMYSZS0AQHAQu0A6CGW6524BILmc7RECFGdUQLmI6REIcGd4BLmCEREbdGIWoLmIHB9Vk040iG8bP2KNZ361B1bV82KYa6vWn1aOk1D5L2JBX3I0m0u0L0NTo682WBcVA0_an68ROBcPo0_bj6821
g1_deRTJsFSx6gA5ntNR5lpUskp8roerTk2iSZTiT5-0Xc	pathagon-rules-v1	7	14	3	13	00020g0b0Z0Y0S03070a0L0J0E
g1_deW1yyxJCK_PYlehq8M_S_9aE-remizsmuhl6_NZ2CU	pathagon-rules-v1	7	14	3	34	0b0T0c0H0R0d0L0Q0i0J0U0k0F0a0j0S0G0C0E0h0A070M0V0D0U0N0O090UUWaOMCAH
g1_dec0VHFq8qzQZeZ4efoTWbzj5FUhZT2M_lba5CzbnZM	pathagon-rules-v1	7	14	3	38	0e0I0H0P0K0O050M0B080J0N0I0V0A0C0U0Y0Z0W0X0Q0D0d0R0L0J0j0a0QFz0b020Y0E009ILC
g1_degUvqUWtsPuDjr0pctPzgICvYraQ4Im2sKWRRmutoc	pathagon-rules-v1	7	14	3	55	0d0S0M0N0I090e0R0B0L0W0A0U0G0F0X020E0c010Y0H0h0F040C0Z0l0g0O0j8U0iIT06Dc0Vb70m4gYmM0Og1YbkIiW84Z8qHG0XAM0R0VEt
g1_dejlDWLafCto5p5GCs1smYNkKiYXMllt2Uo36hwLmnE	pathagon-rules-v1	7	14	3	51	0T0L0M0N0Q0M0F0G0M0E0I0F08090F070B080102080004010A03090506040C0J0D0C0K0f0J0c0H0ZL30G0bDR0RBs0YHQ0m0e0f
g1_deno-bNk-evVfmVq7GDilfoMhmdQPZMytzWQ7v1J2jE	pathagon-rules-v1	7	14	3	91	09020M0G0S000a010T030I040Q05060D0K0C0D0H0J090A0B0P0Y0R0V0O0N0UEN0HAW0XOr0aTc0SHR0XPc0UIu0aRx0XPq0UIu0VDO0aTa0XRF0GIw0VOK0cHT0NMh0XPw0eV80VOM0cRH0Y1GBO2F0X3iXh0a60VVGJ7jFR9CBWZMId0E08
g1_depvk9qqgPngoI3kigaavz206fI9YaFXoBKR15jSJEw	pathagon-rules-v1	7	14	3	35	0m0X0I0H0G0N090H0A0O0B0P0Q0J0C0I0Q0W0J0V0U030N0A0402050c0d0b0e0l0X0k0f
g1_detxHVc_hniG42kOZYfRraxUMCxd6PwLu18eFURlKnE	pathagon-rules-v1	7	14	3	53	0D050V0S0M04070U0f0b0k030h0L0O0W0d0Y0Q0900010X0K0C0F080N0P060l0W0cIg0BOV0TGe0VMTad36VC0iN12BXxH7Og0USs0b14
g1_devmggy88gzod1mwEfHMz5-JCkdGVEXgefDOdIA8mfs	pathagon-rules-v1	7	14	3	31	0L0E0F0G0M0N070F08090E0F0O0H0N0A0T0S0Z0U0S0N0V0a0U0b0c0U0g0h00
g1_deyx61OdxYr9jqsz7HyfVoylU-IPZe9RAqYADKzYCno	pathagon-rules-v1	7	14	3	66	090P0Y0b0A0m0O0W07000j080I030i0c02050g0d0R0Q040l0H0B0h0K0a06XG7BZTTJHZ4q0e5w480gE2RfScXQ2q0CXqcA0aPh0SAb0WLC0N1XZiBB00QWIk0bJGc40W5A
g1_df1kpTvSHTXsRqbyDKrhRorLW-MnfEE4qzkZ6o9kkHc	pathagon-rules-v1	7	14	3	36	0G090700020N0T0M0U090N0O0H0N0V0G0O0I0F010H0A0G030N020M0B080K0J050C0D040C
g1_df72ZonzJQhF145Q8B_xI3vD_VGLhmhUM_7ZusroZcc	pathagon-rules-v1	7	14	3	75	0d04020O0Q0E0B0j0M0K0I030V08090Y0e0J0c0T0C0m0P0S00060l0k010JAX0CVKJQ0RA2U30dOmbk2na6VvET0g5PMC3E0F0ZA5MM0XBdCU061fVD0O4z0aZZ0kGH052Y0S0Bbs0Z0d4J6R0m0z
g1_dfKEez2Swgp8GpzqI9bBQ9u6g8ULBM-9bE7T1aMqMoQ	pathagon-rules-v1	7	14	3	37	0M0U0c0Y0l0V0P0g0e0702060I040H0W030D0L0m0a0T0S010Z0F0d0j0k0c0RQpVwCoLyBQ2T
g1_dfRG1lKezVPRyGqBA2pylIPkmHTJKkjDvKebz4Qdm1g	pathagon-rules-v1	7	14	3	43	0e0A0g0X0I0U0L0F0H0l0b0k0R0W0M040T0O0a0Q0Z05030S0j0c0f070e3x0T4_0i6VVQJe3i8WEsMULa0EFZ
g1_dfRQpgZPP6XdVkI2q1IPX7IuzgeJitGk2x_41c5z5lg	pathagon-rules-v1	7	14	3	86	0m0D08010F0c0d0G0E0j0Z0k0Q0g0i0N0M0T0b0904000U0c0R0a070H0h0b0LIQ3uEE0U0Z7U0AONDIcGZ-08DtYr280lSqXo4g012O5Q3t0U0o342P6A070NbY0q4c2N1d365Q0G0H09Aq2N4eLX5O3x0r4c0807X061Rg1K00
g1_dfX0d9NNNwUPOLNs4xNUZMcYUoktJaOvSoJFM1M182k	pathagon-rules-v1	7	14	3	40	0M0h0I0J0W0H0T0K0N0I070E0Q000C050c0J080X0P0V030W090j0A0G0F020iYA0k0S0bBZ07Nz0B10
g1_dfX4nS_-SiW0CqzsBXauaj-pbARjcGeqpw58OGIZYXk	pathagon-rules-v1	7	14	3	51	0b0N0F0h0Q0M0Y0f0H0I0J090T0605030V0U0e0I0E0D0g0X0d0G0W0i0C0Z0R0mLQ0OPY0bVl02Wx040k3MNa7laiBACJTHHn0819
g1_df_Aw1QYfgzROnzU3eCyuy6VuVjsCwKy1RQF1etENOg	pathagon-rules-v1	7	14	3	32	0N0a0b0Z020c090W0b0U0d0V0P0O0W0k040T0B0I0J0G0j0i0N0b0j0X0H0W0h0Y
g1_dffefMCAl7JpkAsP3YVOFY__iD8aFlJTjxsy5G3W-qA	pathagon-rules-v1	7	14	3	109	0H0a0h070c0S000e0i050K0L0Y0F080j090E010f0k060R0g0d0C0b0M14037eI8G1AKQt5tZ-H1X_Btb90jU5WMGFQh4LIj0l5C06Ze0d9b0UMk0Y0hZ60XV70eM30KRB0e0GYJ0YCy8A0haW0bNn095R0d0eHMW60Sc7V60M6db30I0Q0ZUGSW0ERx0lXy06Eq0RMuWY0S5f06ZR05JK0O2A
g1_dfqydlqeq48QhcOm7YNYCrIcXcaXsuyXAH-Q214pv_U	pathagon-rules-v1	7	14	3	27	0h090C04050T0S0j0J0X0Y010Q0F0R080f060m050002030B0A0D0B
g1_dfumqa7DapDCSdt2h_6fgpoCzVpo-r_flMEWmRS3ynI	pathagon-rules-v1	7	14	3	186	0605040D050C0B030A09020103080007010J0K0I0D0H0C0G0F0E080F090R5n06GO0K0P0J0I0D16001-010O08MU0NHC0L2g024s050U4o3w5R062M4e3w5R062M1a3s04363u1c0S2M0p3s0434MF1b3s0r2J361b014g1d5O060p5N1e013w0r5N06015S0t3r1c015S0t3r0S2K5P388U4i2O0A0T1a090o342M4e0B0o5N2N020B013w389I2M4e3w5R0B2M1a3s0A04091a0B350q094g1d3A03052J69360A03090o5N2QBX0A0o032J6A063D0q0V1a7h34092K7i0q001a8S3B0q0A1a5O3409
g1_dfv2h2jOfFOxC4xePz1mQ250FgrmM1fMi3ai317HlqM	pathagon-rules-v1	7	14	3	62	000N0X0H0W0Y0h0R0U0g0J0S04010A0f09050V0m0l0D070B030T0O08Y20IF_0F0cXU6R7XO4Am8_MA0N20POVQXy9KUD0g3I0i8Nc10D7U0Aag0VOLFxMr0Q29
g1_dfzA3fxKwxUQKJ8o3ueE3oCGabnwCCoMGqB73ejtWTU	pathagon-rules-v1	7	14	3	41	0S020H0T0c0A040f0E0F0j06070R0C090Z0L0N0K0J0V030Y0l0k0e0bU20DBV330ORK1TGbFo0l0A003f
g1_dgDHCrbPuu_nYlgbjh1Ac6Smw7t7n3ESfyp1VN0iKJo	pathagon-rules-v1	7	14	3	62	0Y0B050N000J0l030i0S020O0a0e060m0d0U040C090I0G0c0L0M0Z070g0k0R01DcJC0WW0RDJ0H6O6Kj085c0P0OAATCEuYx0TLg0b5I0SBc0bYl0V0HFoCm0f
g1_dgT-XTSH12lGFs0idDBZOlM5dcXdCXIdxGuTEXmqDR0	pathagon-rules-v1	7	14	3	16	0P0D0B0C040A0I0B070001090E020801
g1_dgm_4d2NAELlR1A0_t7T7Ond5wTlJkRr3ZCtaQn8MIU	pathagon-rules-v1	7	14	3	67	050E0Q0X0N0P010c070Z0b040S0f0d0W0I0j020R0J080g090e0A0K0O0C0YVp0k0cJUIsQHAj6v0dK14yRBFW6POI140lDwbI06Hi0DUWBg0E07Bh0cTXZX1o03XK09DJ0i2c
g1_dgwTrs2dLoC6dV25UifqGW1p4F22-tr0oZJAJFBqORc	pathagon-rules-v1	7	14	3	29	0a0T0M0Z0T0b0U0a0N0S0L0F0G0E0i0L0b0h0g070h080a090001020O09
g1_dh6dmp_rV0sEJc8Ed-h3B7PIhymtTys7OuvvazMeSq4	pathagon-rules-v1	7	14	3	47	0F010T0M0A080b0a0V0c0S0O0T0L0W0Z0V0P0d0e0S0d0U0b0i0N0W0b0j0Q0H0c0k0O0I0d0U0P0V0b0W0O0P0c0d0F03
g1_dhBdzzKMukPHquAyY2qf5qTq0kVKwWXh8Cyz-SVQiFQ	pathagon-rules-v1	7	14	3	33	020N0L080700090h0g0E0i070G0a0U0b0c0N0S0Z0U0T0N0V0O0M0U0b0T0V0h040a
g1_dhCWkqrHAzqAnmfQRCPmOrT2VmL2BJKD0nccEBeS6NA	pathagon-rules-v1	7	14	3	54	0C0k0X0c09030i0A0T0D0H0j0E0N0K060U0S0V0G040Z0b0F0J010P0LPGIT07aA0aS4EW0VSm4gadD6Bm45FkAyQjOe003DXl0k1O0AEX04
g1_dhCsu83fWVSvi41IxbYiF9CwfGCcOLZCKYc8m9N4o4s	pathagon-rules-v1	7	14	3	72	0a0R0T0F0M0N080L0O0M0F0G0M0E0N0F090S0G0H0A0G0H0I010H0B0P0Q020P0U0I09030Z0N0h0T0V0X0l0O027b0H080O3f0F8a000G0U010H0T1104OS0m2c0C0W0N0Y0OEG0IDU0iC0
g1_dhQmbEyf6V5cWh6r7rhVvQH1niCT1Vwc6nS_1xRh_as	pathagon-rules-v1	7	14	3	32	0J0W0E0c0D0P090g0V0X0Q0k0j0A0m0U0i0d0G0h040Y0F0c020I0B0b0a0T0O0S
g1_dhc4HlJPky6s-M12-J7gSVUkYP2oqVStDurd-GJ9MBg	pathagon-rules-v1	7	14	3	55	0E0A0V0f0J000F080g0K0h0M0e0W0P0G0i0c0a0H060m0C0D0Z02030S0X0kOo0r0OTy5kG8Yc07FV0iXi0G0UZ8T2BTC5WGKF07QG0QVW0Y9e
g1_dhfDYX7-Hvua7TBCxXxmQnyIJEgY5MTDiYx76sgQvsY	pathagon-rules-v1	7	14	3	41	0K0Z0J0c090G0O0e03020h0S0V070l0m0W0d0D0U04000L0B0A0F060N0I0Y5y2t0j0XFg0QBS0RGhDD46
g1_dhfhwb9DijZteupM9KiOpMTyrIitEtG77UfVYttkYzY	pathagon-rules-v1	7	14	3	47	0X010H0c0A0W0l0i0C0Z0T0S0J0I0h0g0B0f0N0F070h0K080a0E0O0d0eY2FPUL00Wd1SMG6Z240kI3AM0LSlMnGcN_4g
g1_dhg527mk5OJkhGiFSI9R_qnXqtxr1l3tDF3WPaFbPP4	pathagon-rules-v1	7	14	3	31	0l09070c0a0C0d030T0Z0S0e0L0H010i0X080b0M0E0F0G020Q0R0F0A080WCx
g1_dhuHD_k5qMc8qTxobbXCBVN8gvqwRBzGyI4eXGaC9Vk	pathagon-rules-v1	7	14	3	15	000Q0L0D070U0S0h0g0b0i0F0E060Z
g1_di0AcTB8YtSSZrDWV4gfUt_7Q7EET1JffNPMiPSTJKg	pathagon-rules-v1	7	14	3	60	0Q0E0K0a0P0D030i0f0k040m0J0C0b0Z0L0U080T0V0B0e0R0N070G0h06Y-050bWABtH80156B27cXsPJ0HZrbt0lMC096V3F03DkJf0ETo0AOU0cEV0R3f
g1_diCr2ohB0RaRtDDu7NmGSDWxKCB-rqipXBVvsZgkAww	pathagon-rules-v1	7	14	3	48	0l0N0B0T0G09020U0C0S0b0G080h0R060e000j0L0A0m0k0M0P0F0g0E0W03aICsXU6505MkW00F9G0c50Qg01DWQ00f2M1O
g1_diF1rz69ysOFRbvcqR_eG6R9E6xXuhkALtEWW9DrnQU	pathagon-rules-v1	7	14	3	28	0R0Q0O0X060d0E010Y0P0e0f0J0W0l0V0D0B070Z0I0e000b0N0c050a
g1_diIIoseP9l8Gt-sQAfRFu3QP4HmV4nHELEvDg7n9Zq0	pathagon-rules-v1	7	14	3	15	0K0H0g0D0R0C0Y0B060e0D0f0m0W0f
g1_diKJsc_olDtq8Nl9_zk8i_HZtmTDRcx4tlRlJJClhU0	pathagon-rules-v1	7	14	3	60	0k0R0E0N0j090O04000i0G0g0S0J0l0U0b0h0c0f0e060F0Y0105020Tav0WZVNwDm412oPg0D9U84Yj0jWC120i26QpOeYBEG0AaN01BP0WJr0kLIPSbDEc
g1_diPU_Udncn7v1bTKagBfv3IZe1eQoCw_7-SC9F3Q3Us	pathagon-rules-v1	7	14	3	35	000Q0709080I0A0f0901020H0E0m010X0B0a0O050H060G0D0F0R0J0kFp0W1N0j2E0d6j
g1_diWR_zWJhwlaiU0QroxOF_uNekjm3iQ4ry4A4_3AZUA	pathagon-rules-v1	7	14	3	67	0k0K00030Z0f0i0j0F09070R0G060c0J010C0e0W0a0O020A09040d0TVA0d0UGG1A960E9q0QAF0MPm0K0b0P5e2V0S8BXoS40hAK0dDn0Cak0OQW09Pz0kKV5s08Jd6i06By
g1_dimZ3PyJ8UJ3uYXJgJ-lR3vZyPhli8MpULXBgWuBBMc	pathagon-rules-v1	7	14	3	90	0N0F0g0c0L030Q0B0D0b010E0f0V0j0Y0S0G0e0l0T0i0X0C060Z0I0HZOD6QQ0RXV54N50jB49S00Zh05R9KqO9Jp0YMXOy8-0O6V0WGU0SIk0hVs02H6L90VTZ0bAU0aXz0CRB0hU70VYm08EC0M0j1_0Y4r0U0PLv0VLH0N0iKO0V0m2n
g1_dim_fIIcPEeAPPi9b26_1vqR9XDbnt95uer5CfKbxdU	pathagon-rules-v1	7	14	3	78	0i0h0j0c0b0a0g0Z0b0h0d0k0c0l0e0m0f0U0V0W0T0d0V0S0U0X0Y0e0L0M0N0T0M0O0P0Q0O0RX9RhGs0LBcH4160Z68RhH40L0uGsBqMR0S0ZGzBq0T0_68GzHyBx0_68GzMYBxRo0M0uMDC9Yh0i0S0j
g1_dioCJjfGWkwLhJNVsNAS7QL-S4LB00XyK3ACLpywNNU	pathagon-rules-v1	7	14	3	55	0V030i0Y0Q0j0G0A0E0b0l040d050I0S0P0O0N0h000U0X07060B0m0C0K09VIMnOY0i1C8eF2SzQJ57OrVXbX0VLTBUL1Yr5c0iDwAWI30d1K
g1_diubJnKU3fvXp-AoiEOKdlZxxLjUPAd43hdS_5a89e4	pathagon-rules-v1	7	14	3	52	000c0d0P0X0e0j0U0m03050Y0F0g0L0H070l060O0k0a0904010V0I0b0E0J0GW54mE6H2ZC6Y0W0HSm0hOMaZRFA5JE1wTWZi4I0Z3Y
g1_diy20caLJg21JktM8KkU4U2Z0HoPM3LDLXiyabx3Msk	pathagon-rules-v1	7	14	3	62	0c0e0O0j0S060Q0T0R0W040C0K0k0L0I0h0D0E020N0B0X0Z010l0U09UX0MKw0AMla21fQ1C5Ez0abq6DZyX-0GH10dGD2JIn0N4t050SBJ02AW01aK0jVf0i0r
g1_diy3VqzUrhI9PdFxaijZFKmv5d7Q7CxyfaPtJJWo2h0	pathagon-rules-v1	7	14	3	108	0g0F0a030B0f0S0k0D0H0Z0G0P050X040R0M0O00070i080W0I0102080mCo0LZCKYET6jahX2R2VdWMSV3jLl7KC5IFJe3-FS06BOCJ0N2009AE0dVR0VNm043o0Q5Q0DWE06b90e4mG_0MEjX-0l440dPhbv0B5Z0j6PDCUx0Xb2Zb0m9a8x0K83LQ0dIo0e2iB5QD09b202JP0l3L8N08
g1_dj-rXaaLxFlCnXwIzRTikIqgd01JdXWYTKFLFDa5R0s	pathagon-rules-v1	7	14	3	25	0U0T06070k0V0l0U0H0e0R0i0X0Y0e090m0P0D010Z0C0K0f0Q
g1_dj-vpnhRFy7Mu6I6DX3h6umfAAq1eiITwK2TeAzjv0U	pathagon-rules-v1	7	14	3	39	0A0B0H0I0J0C050I0C0G0B0H0P090I0O080Q0X090P0Q0R0P0K0W0V0F0W0N0P0U0Q0M7M08910AM9
g1_dj0SGsyiG3U1ZYCUr-HHpYJbTYnw03Rk2hJiZGDEt_A	pathagon-rules-v1	7	14	3	98	0Z0E0L0S07000L070S0g0T0M0a0F0h08010i0b0U0h0b0N0G0M0N09020V090U010O0H0N0A030r002M020c01Ty0t3r1c012O023u2N4e0s34032K3H15005a0tGW4w00Ba1m010u1YBWGGHr3t0MCSHe4gH503Ba0_00X3100MLl080L0I4q000F2OFL020MYU
g1_dj4G0JIrEfqomoRY0d1fLKtpxBU-B8jnv1ISykIrMlQ	pathagon-rules-v1	7	14	3	42	0X0M0N010O0L0i0Y0W02050D000F0Q080P06040K0U0b0d0c0e0V0I0H0B5g0OOoYd0T12A-090aKx7A0V1o
g1_dj5l3cpqfWBnS9wr0-ceJoOhsYECAb4tNUrLlXvIxCA	pathagon-rules-v1	7	14	3	14	0E000U020N010V030e050F040G06
g1_dj7i7oyiQOi393WeAa7mNg69fD98FenKHsxovg0V2-w	pathagon-rules-v1	7	14	3	59	0X070N0e050K0908060L0b0C0U0B010H0E0m0Q0V0Z000g0P030S0O0GTL0l4v083E0360cEFuOp8F6x0cHJTj05WB9rT_Fp0I2n0e6P0kAG0BEB0M049f
g1_dj95hPYZb9s9CJDNripSIOZaXhW1ENXTBL5HXg5_270	pathagon-rules-v1	7	14	3	38	0Y0H0N0f0g0L0V0M01050e0G0K0T0B0c0X0J0D0C0Q0W0d0R0O0k0E0d0Fa30I0P0J5B0Q0U00Pv
g1_djBW2_u8TQDCRRKefmO_Ns_7azYBTeFfjrNtP1Eq1iI	pathagon-rules-v1	7	14	3	27	0Q0X0W0J0Y0I0K0P0X0Q0R0D0C0B060C0D05040f050e0d0X0m0c0f
g1_djBvggjiSHB_DdKwxv3V3gF3OLQPmPCHoOHHq3QUXAc	pathagon-rules-v1	7	14	3	60	0J050N080b0D0A0R0W030a0O0f0i0k0Z0G010h0d0I070V0E0g04020LSn0lTeC7MZ78FW1hOhbH8Z0J0QW8HuGyPT0bFJ0VXK0100Ut0JQ4bl0TXq070Z1g
g1_djC7_wD9T6-n7JGyCFX24zc8it4ZArUCHCKgKWjZzm0	pathagon-rules-v1	7	14	3	71	0j0m0W00040E0N0U0i060l070X0S0P0a0b0g030Q0k0e0T0I050d0H0O0D0G0ASk0MLE01BqaIVA49FA3G5VN0c2b1V3I60I0UH71w0mO00WIo0FEB6Q0H01KsCY0P0d2bVt0cV7Gi0M8x
g1_djQB1ntYO-F0aLOCGfV6CFRZbg5UF55eZB87eavVTx4	pathagon-rules-v1	7	14	3	67	0c0E090O07040H0d0T030Q0C0W0h0N0M0Y0Z0B0G060S0A0F0k080f0N000iaZAG6QYsEVXvFBDi9W0H070b0BCOVb019U0d0mI00JY70hECF40eFk760JUp0UK6QM0WNB0V1C
g1_djS5yVyd-hrAo5oR9-UyzccQRiB17ezG8W3pqVAn6HM	pathagon-rules-v1	7	14	3	147	0P0l0A0B0k09070Q000S0b0I0d0X0J0c0Z040e0W0C0P0V0i0R060K050j0D0cMF0L4HZ-0C0F30U8Kibb5lGY9Q0UA8CsMuSEZ06a0aXGBc0_1YHW6hMY1DBcRo0Z0i6E0aLm0A0lBi5o9kGk0QMCAn408V0A368U3wbb2P364f3w5R2P364f3wb10A5R4i392M3t5R4i392M0O5P3s384f0A1a3s340l2KWz0q0g1a9B3E0N2MbZ7h0H0mDq34W-1c2K0p0O3u1c2O0H38Dr4e0B3u9L2KRc34Vf
g1_dje2kqX0Qz7OlVAO-7jRpQP9-3rB2FVpwpQSjuwzyqM	pathagon-rules-v1	7	14	3	34	05090K0J0E0B0U0i0j0G0X0W0d010M0g0Y0F0I0Q0f0b03020H000k0AVO08DvKtQS2W
g1_djjdbBDAt8yUGPKH91zPddoRgBkcSERv4DZixWUcOsA	pathagon-rules-v1	7	14	3	56	0k0C02040M0O0B0m05030A090H0G0N0F080I090B0H0G0F0H0J0A0C010P020O090Q060D0500070E08071s010J082V0D36030R0p3r1c4d2O5P
g1_djk-Cpd8NVpHqe-wejt--iRlBgIbdMRI_63wOLaIZrs	pathagon-rules-v1	7	14	3	34	040k0W080D0N0Q0i0d0X0A0Z0M0G0U0R060m0f0j0b0Y0O02010l0c0T0H0J0gDbTI2u
g1_djkjduTl_JSEbcTJKxUSRspekVf9HY5LSBSL3GIa790	pathagon-rules-v1	7	14	3	86	000801070F0h080m0E03070N020C090G0A0H0O0A0M0B0N040G0I050J0L0P1B004_05Jp0O6q07KM0ZHQFCXD0b0H51C39I1d422U0Y4g399DBS3tcE280h0P0gEU1M0K0lF70T0DNZBI0JGI5y0K6uBI01GI5B0KXiBI0h0T1T
g1_djyTKAFC-BxI7anc4KIGOG9PYM41jaA8E6mQUpNXN7Y	pathagon-rules-v1	7	14	3	64	0O0I0U0Q030C06020N070J0j0Z0X0g0l0G0R0h0L0K01080F0D0f0Y0d0b0AJ0WE0TFC0I6HXpQUD9LPRJCg0iZE6D2vRwUgX60PPeK60J0a0W90FE0m7TWj0C2tOG0d
g1_dk2IAxH9J5-hPDeKSFuqpam30HrthWgEWIRS34qzptM	pathagon-rules-v1	7	14	3	92	0m030A0H0e090V0a0b0X0Z0C0T0Y0i0L0N0f0D0g07040K0106050W0M020RcE1YTq406cQAYsWwV-R65v0i2N1L060c0TUF0eSmRDHN0EYaOo0dBv02ZP0lLH0Q0j0PaX0fE-I80I0LLrbq0CJRRE0mAN2o0O0W0YEyAu0kRrQP0d7b0FP-V00h
g1_dkGTiJ8ghEfQEFNDm53HO_qrdCqZOvsm97I0O9Kc5as	pathagon-rules-v1	7	14	3	33	000L0109020i0805070a0E0d0F0G0M0N0A0M090T0S0Z0L03040H030O0U0B1R0C4O
g1_dkIvByORoKPP99mMQsNy0HYcS9ieqB_WylXZaNKRpjI	pathagon-rules-v1	7	14	3	77	0H010I020003070A0E0O0P0B0H0409080F090G0N0M0G0L050C0J0Q0C067Q081y012i024u05QM0H0D0G0R098v1G0A4-055q0N0U0O0NBK0H8w6e0A0VJm0H3S038x0VJiHWEx0AS325GXBcLS77MY6a
g1_dkXQS7jOtrcB1PItMJCw7KiT4rmLQ1v4c4wOUkFkytM	pathagon-rules-v1	7	14	3	60	0a0T0b0U0M0i0h0g0T0b0c0S0h0b0j0Z0T0a0V0d0i0c0U0W0b0k0X0L0W0N0O0M0P0T0Q0e0l0m0k0e0d0fQI0c0N0b0d0XOH0UL60XR7WiM50HGN0e0HXY
g1_dkeSpGzZk6pzKkhKA-pP3XpcNVYtgdap1BUatidl2Es	pathagon-rules-v1	5	8	3	18	0302010D020004080607090C0N0E0M0BHv0A
g1_dkimm11HCyJdxtQwQEcieJDWF7wOxbm8jXMVnncWL-M	pathagon-rules-v1	7	14	3	46	090a0h0j0b0D0H0O0k0P0i0N0C0Q060T0B0l0I0g070K010305040Z0EEQ0GXx0A9eJVZ34PTPDSaiB68B000D3U270L
g1_dkirZuAoQh_pdlnScza9DZvukwppA1LyKh4BxpY5q3U	pathagon-rules-v1	7	14	3	76	0P0X0k0Q080b0T0L060g0N0Y0W0G0l0E0C0d020i000S040Z0B0O0a0H0mL40VVE0FD8AeQ5bjBz016U0ESHAUTG1zXaY6Hc4T920IZsSr0abN0b2NVU0CIF0jZ4F20gabSk0NJf0ITM0aXH0J53UF0V
g1_dkjaTkLjhtYf0euHFmdjzEAd9UKrga7cdkEDxCi_wYM	pathagon-rules-v1	7	14	3	55	0Z090R0F0e0j050H0C0X01020Y06080G0K0W0V0I070T040L0E0g0D0NB68F2B5-RUQ54y050B00AVNOPCPNR63EVu1PM0VNFK5k01VlYv0d16
g1_dko7Oo86hKBpDUHDKkrMTTfPJifPE6X0PqusoNd2_XM	pathagon-rules-v1	7	14	3	31	020h0V0k0O0F0M0a050g0b0C0R0d0m0Z030U0i0T0P0G0W0S0c010I0H0A0l2U
g1_dksD9LMhASYBTX9OTMmwFwu84vPdIlPBWxIZNDORezI	pathagon-rules-v1	7	14	3	78	0E0G0g0H0V0Q0K0j0a0c0S0b0d0h0J0f0N0A02010W070e0m08000M0P7K6QW-K0Irc2OdZTIL5iVA056KXoPS0r0NCOFr5MBg7W0gc40eUj0UEP0aTSAE0b0eEjQy079m0SZ_0AE2Hl0ITFSc0iQCU20JH0
g1_dkzo71z_jroG4236o9JxImMd4PD3nD1Tt0DgIS7x8qw	pathagon-rules-v1	7	14	3	25	0h02000F0E070d0L0W0E0P0l0I04030U0B0k0A0M0m0e0f080e
g1_dl5OTsJHBEdDLZWbFzKVXyz5McWrv_Nc8NBah5dSL6g	pathagon-rules-v1	7	14	3	76	0g0a0W0V0103050C0b0c06000E0e0Y0H0I0f0j09020T0N0O0l0K0h0Q0FUO0L881zJt2fSVanWlYJVf09NaH9080ZG9RZ72MB08FH8T0iTk0bNmC60f5v0WFz0PCMQTb40DV3PTGO0K5u0CHo7y0T74
g1_dlR68ZuHrPmQ2EUO_eLS3pq6pme_R_nN4w8ZZoASIVw	pathagon-rules-v1	7	14	3	77	0E0U0J080L07000k0i0N0X0C010Y0l0H0f0F0O0e0R03040Z0V0b0M0Q0K0T050S070BOf026l0a1q0hGhK_b9E9EjGOZ7AT0DI_0QMk0YaJ520jBHZL3zG60jN6Kc0l8QFQ8W6z08TF0JCSRf0kBh8915
g1_dlV_xr3dPwgx2VLy9DxVoGSnAoV833cQZFj4v7qqung	pathagon-rules-v1	7	14	3	40	070A030X0B0J0I0H0C0I0Q0P0J0W0O0V0P0O0I04050E04090802010G0F02000N3x040U03Cz0F0-2r
g1_dlaWkGY0nUcDVHMnJ4P-hQIXWY_wM-mdvdjk6OEX5Ak	pathagon-rules-v1	7	14	3	27	0I0O0P0Q0M0E0P040L0S0700020R030W0d0T0W0F070A0k050H060A
g1_dlc22SdpegEm5quod-SiEF9ieeq_lYDPG7NQnptCNBI	pathagon-rules-v1	7	14	3	63	090E0b0H0S010W0I0P0L030B0m050F0X0Y0C040M0Q0Z0h0e0A0i0f0j0g064H0lPX4zWu0U05HJ89Np029PLGZc3F05c4Hv0LJC0m1u0U0lbu0OKG0QRZ0YOXDqD9
g1_dleuz-oGBj4lkqLI2t2IThPap21zDQtLvtGZ2RPk8wI	pathagon-rules-v1	7	14	3	38	0Z08010002090G0U090A0F09080703080H0N0A0G0O0B040A0V0C0I0P0B0O0W0H0P0J0R0I0K0D
g1_dlsMtOWyFMuWrXMZ7HznKCYxLmbPiOAgmkS_mbLpOok	pathagon-rules-v1	7	14	3	36	0X0i0K0g0Q0L0V0D0d0M000e0E0B0T0P0G0S050c0Z030b0d0R0H0Y0A0j0OTL0CMCVlGm0N
g1_dly0P4YIiI6EeSOartL5FTgWowIP6Zffr1Q79hcu28c	pathagon-rules-v1	7	14	3	63	0Z0N0G0F07060h0R0W0X0V0T0K0O040B0m0i0D0d0U0L02080H030f050e0cbj0YB0Qo0l7I08HQ0N34G6cFXlCnOqVJS3NGGbRQ0LM6EV0RP60QA60k0d5t0j0D21
g1_dm4mrEh_m16hJ3zEhEH2FxZrkv2aZ8BLgm9GKl15d3M	pathagon-rules-v1	7	14	3	32	0l0F000k0C0E0B0m040l0i0j0c0h0g0b0i0I0G0H0U0G070b0a0J0P0O0I0V0b0c
g1_dm5BZNXQ3TJvLEtnlzxVX33nKe94Lh7v3QvhaBtLTe8	pathagon-rules-v1	7	14	3	34	0A030H0O0V0R0O0Q0P0W0d0c0W0e0X0d0I0B0k040d0J020C0K0D070J0h010K000J02
g1_dmJqgHb2yqfkzC3_sCdtH4NjHosDL1F9hPVKAXVk-eY	pathagon-rules-v1	7	14	3	131	0Q05020k0a0J040N0j0e0I060V0F0C080J0X0D0O0i0B0A0c0d0l0B0G0Y09Ys0HZ-7Y9uW38cJ00LX2HKCt9i0B2g0XOK7j0O6CRW3Y0V0Nc7bWOdakZy0V0dbG0O0jJecG0OZy0jbWKf0P0dDl0O0d0l0P0I9a0B510k5v6SLYB9R0Gd5hLYB90QGd5S3xA1Le4f5S3xA13H4w5o0CB23_0Dbi0m8XFP9G0J5SLY4G0IANEp4o0I0JSc0B0OA60I0Gbq
g1_dmRn8ZiO-cTLVem1LuvMw3MpHxr1CbEa9-LnVgoc41s	pathagon-rules-v1	7	14	3	40	0Y040K0U050S02000k0Q0T0f0M0R060c0i0d0C0H0j0L030e0N0J010Z0B0AaWFuYy0lAR07QIM22q1M
g1_dmU1eMMqslnYdNImuFsYjLMxUFQEtP6ZGYfbuxVzRB8	pathagon-rules-v1	7	14	3	53	0g0O040G000e0b0S0j0B0E010K0C0J0U0N0Y020Z0R010c0h0V0k0I0TIo0a0w0BG506To0K010dU80R8B9XX5Mz3-RpKkD98P0NQQ0D1N
g1_dmVnrKZhU0oKoW4esWRTqpyPisK4bkpSeZn2pJHwpFE	pathagon-rules-v1	7	14	3	15	0h02000F0E0j070U0L050S0H0Z0G0a
g1_dmldg_nSmn5mBeE6FGpvmT4PudjecXgf7SCm_uoOw_Y	pathagon-rules-v1	7	14	3	85	0M0U030H0j0C0L0S090Z0X0K0T0d050P0A0V0k0a060Q020J0F010D0mBJFOQhEO07MOICRo3bba00LRWS9S0ebv7vKSW2DhZv088k0Q5102QR0C5W0NLy08N30daSJP0aU30FU-0BGB0XPC050l0mHpN70A0DD90B09H28l0Y
g1_dmrdeergHnSp95EMhFHvrXRPxOWKq6TEF0I5_nXEdDk	pathagon-rules-v1	7	14	3	47	0V000k0X030A0H0O0A0c0Y0P0V0d0W0O0I0d0e0f0m0P0f0B0R090C0D0A0I0J0C050I0V0G0O0K0Q010H0P0j0N0J020C
g1_dmu3IrB1AM_IFAkrunak2HP1VjcdERNAugMQWIE0TAQ	pathagon-rules-v1	7	14	3	55	0J0S0G0g0b080C0Z0j0a0T0O0M0m0V0l0A0P0D0X020f0Y0c0I0N09000ESI0V01Eg0U0bXc6Db50QaJ8YIR0dYI0e0B0hJa069c0kUFYD0g50
g1_dn3-qlHAoY8TtW6hUtP9ECxnXXb44w8MEOdlOUpIg8c	pathagon-rules-v1	7	14	3	18	0X080Y0C0Q0B0J0D0R070K030I0P0W0A0I09
g1_dn5Vc9eMPkbEI8dcTT1IuCkd_2Pp_euSpkquQNnxPZo	pathagon-rules-v1	7	14	3	41	0H0Q050P0O0N0R0O0V0G0O0I0g0H0A090H0B0J0A0C0I0X0D030C0H080A0I06070H000F0W0I020c015J
g1_dnAPFWAVeYL6oIM66-5FAIjhn9pRyO0hwnYv2eL4RSE	pathagon-rules-v1	7	14	3	79	0l0c090O0R010G060C0B0F0d0N0H04080i0K0U0b0a0m0X0D0A050I0M0V0F0Q0B0f1b0H0gEuB18f0k0N02Dv0DWPFt0OVN6r04LS9oZLXVCC0IOLc80ESxIs0mZpbK0HVDCz0hOL5D0F3gPF0eJd0fbLBT81
g1_dnDsT8XqJv6tYSyqKSO3ypZ1IY7c3xaYdaKMcaUhLPY	pathagon-rules-v1	7	14	3	67	070P0h0G0J0I03020Q0Z0W000Y040X060l0L0H0j0d090M0U0D0i030f0B0ARRWb0gZW0EM10VRpBR0aXvH13cKN0c85Bp0H6D41FlDs0LD2GxCJR60HXL41G2380JNoUj0gAw
g1_dnHxMOGYGHhqEjxlvAE4MW2ewtISBTwMZ4mjINzpYEI	pathagon-rules-v1	7	14	3	37	0i09070h0H0I0W0A0E0T0c0Y0G050001080F0S0Z02030V0j0D0a090L0M010S0N0L0d0g0b0Z
g1_dnZ5opRJzL7K7BRbjpkuoHl8dSCm0GMwwdH6NolY9cI	pathagon-rules-v1	7	14	3	69	0Z0i0g0c0R0I090O0H0N0V0F0A0W0h0M0C0j0l0d02050K0b0Q0E0J0TX30U070DGpNrb8C90GZWa2Z66M0LAXN2DlTZ8BGtSkUP0bUy0UF20XRR0d0c0UNb7bGf0h5B0SO-QY0l2w
g1_dneZE9IN8mD3iENqs-b4vxHEJtZFV3qnYy3lrz8wiUQ	pathagon-rules-v1	7	14	3	26	0X0U030l0c0T020b090I0e0m0i0j0Z0a0Q0h0d0O0V0k0M0i0E0S
g1_dnpmfndZmq1Co9PMVvwddGEE1eJVGHhvZhtoas5EIQc	pathagon-rules-v1	7	14	3	63	040d0c0b030506010502000c0e0Y0X0W0f0V0X0U0k0l0m0j0l0i0h0a0T0g0a0h0Z0S0R0T0YXU0aMt15Rn412U04250CXN3kRv5wMRXNHWRvC2MRXNHWRv4i0a42
g1_dnyyzaZkAeLNMs2hDW6mcjbmRaADihPrY2Dhou4d96E	pathagon-rules-v1	7	14	3	68	0D0C0506040B030A0209010800070F0G080H0I0J0B0I0C0E0K0F0L0M0N0O0M0PH50LGW0QB20D1J60MC0R06M5REBGbrWwM5REGdbrWwM5RE685v070D08LY1QREFsbrWwM5RE
g1_do4YzSPJD2JhIdLZAnjtfWUGY0wNpKV-nRmDnDecwmQ	pathagon-rules-v1	7	14	3	69	0e0f0Q0X0d0W0P0Y0W0R0l0k0m0I0J0K0V0J0c0Q0O0H0j0D0k0C0B0A0I0B060504035S0B3x044e355Q3r2N053A0B3w0r5Q064g05361b0B4g2O5Pbd354f2O5P1e353r2M4e04
g1_do4wXpmVd9tauCzRpFNgeFdYjbScbai8UvwPuHogxEE	pathagon-rules-v1	7	14	3	55	0T0K0h0H000a0C0e0G0E0Y080I0F0O0m070S0M030N0L0H0X090Z080JI10jEI0JEy0BAU0l1F0cKtGV0Iam0lBcFCH4JJ050X0bYO0VbLBqPJ
g1_doIsQysfLn52rc3OWV77ZV7a-3E0IxvgYYCBTIYlOPQ	pathagon-rules-v1	7	14	3	159	070g000Q080b0E010F0U0209010G0N0M0T0a0M0L0S0Z0L0h0i0H0O0A0q001c012O023A0q3r1c4d2O0p341b3s2N02390q5N1e3s2N02390q3r1c4d2O0p3r1c012M023w0r001b0o2J4e391b0o2J3t38030s1Y3s2N4e0s1Y352M3t0r0P341b3s2N0p341b3s2N0p346B3w1c0o2J4e391b0o2J3t38030s1Y3s2N4e0s1Y352M3t0r0I341b3s2N0p341b3s2N0p346y3w1c0o2J4e391b0o2JF2020U013y0r081Y692OIz
g1_doKkwfrFuNip8ifrADBMsUNBFsQRsMuqP9Ev0rUzJck	pathagon-rules-v1	7	14	3	27	0l0m0e0X0W0d0k0f0d0Y0P0I0Q0J0X0R0K0B0C0D0J0C0K0506040D
g1_doeai6g8cimbu8Gn50PIwkQsNiqytTMaT-Ythof8Xdg	pathagon-rules-v1	7	14	3	23	000Z0b0k0i0M0N0K0L0D0U0A07040F0G090E0B0e0G0a02
g1_dohdvVA5CzA44U2i3PUx9jUSA_x7MciQ9knj7QgWnvA	pathagon-rules-v1	7	14	3	75	0E0a0H0h0d0O0G0S0k01050T0Y0L0P08070F0M0l0V0N0O0M0W0U0B0j0c090kam0G0l0iZTUbN4KN0c6KHh0U0mDfYLYs1I05Wo0bc8CA0Mai0kYO5f0c40Ym0D0I9O4e1sREBG0QGWN8A80G0NNu
g1_domEmp391C92kP1P2ZME6xODq_7symQmYhhk-EIAMSc	pathagon-rules-v1	7	14	3	37	0i0H0F0G0I0j0Z0J0C0m0T010R0b02090a080c0I0h060V0A07050b0E0K0F0L0B0E7j005uS0
g1_dooKkWbODayDOzdEMI7NDwwNBpp4ZqenFUKcmMeIfkE	pathagon-rules-v1	7	14	3	27	0S010O0d000c020V0Z0W0g0P0Q0X0e0P0L0X0E0708010F090G0809
g1_dop7RJjaMu7mCotN3ahx-Y6nS2y9dTyMvYRL89G2WyI	pathagon-rules-v1	7	14	3	56	000Q010c0Z0e0d0V0I0l0M0Y0K0a0E0g0G0P0k0O0i0N0A0C0W0j0X020D08DQSWBk05Uz5D1fIWSDVVGj7U1KL70aAe0N01990iT50dPL0W0A23
g1_dovEHM0rnM9wHqQ4kXKh9aYJpzK1NGmtmR6O2_oPV6Q	pathagon-rules-v1	7	14	3	126	010m0j0G020903060N05040A0B0C08000B070D0P080C0F0B0K0E0I0J0B0F0C0H0M0I0F0U0L520T0s006K07C30B0E0C4r16050ECS0F4z4O0c2u0S0B023X5N0O01R-04062kHp026d03AM0J740C0I05Bob_0B0W0C0_07210N0O00Lo082Y16026V010O079f200B6M0X2r0RCB0NC-0FE00HDY0GBr9o0jAb0V020XV-010C200L0T
g1_dovIxG5FC5zFCn69PJXHPfawYrWRyyHIfySAASlx2_o	pathagon-rules-v1	7	14	3	99	0h0C0M040f0W0K0V090b0d0S0k0H0F050B0i0E0P0m080O0T010Z060g0l0j2DKA5NYq7oDv1N0QWTDW0i0YJj02b80H0L2y9f5402AQHN0eIM0QYp06aSRV0kMuNa0RI90DSm0bUG0I7P0eKZ00BtRfFw0SQz0aCXXB0PSc8c0Ma90eQKTbJtBF0jYCKS6bUx0qU0
g1_doxDwmEh1ZqTdeQlV6HgCs6BWB6paEZNEVXIjS_cnVI	pathagon-rules-v1	7	14	3	70	0T0W0M0d040l0g010D0h070U0j0Q0e0H0k0i090L0R080J0K0c0B0N056d0PXP060I0Y0fPT0m0ENj4sOjEL4L0BZTXiWrYaVS1i040RAt0PFA6O0H0OPm0I0FK40JAEUn0PFV0G0e10
g1_dp00KMlCkWK-Xu2tWE7eNk3epLQrQiI6URuA8GsUg8c	pathagon-rules-v1	7	14	3	43	0G08090Q0j000E0h0N0C0F0B0d050I0H0S0a0M0A010e0c070P0O0Y0L0k0P0DHM0gT10ZARUg9nRSY1D96t2m
g1_dp3tFCZDmeXbrUjRjQC5dE2fupoKoJbdRpHoziDYXJY	pathagon-rules-v1	7	14	3	83	0k0h060J0Q0W0G0j0c0f0N0i0H0D0I0K050M090R0g0Y080C0l0m0A0EEoG6aNBLCKWf0XFtL4bx8gM1QgOZK71aCs0XEFAa0aTqVr0IanIAMhZ200LNOB0a4OPd0UF07_07N-2f5r090B3XNt8IBC090HVX0T7vH8Sz0r
g1_dpGkudRiACjBxs_pnhAqHpOx9413Kx-poc7x-hqtX28	pathagon-rules-v1	7	14	3	196	0D0C0B0A0C0I0H0J0K0O0P0H0I0Q0J0P0R090G0N0H0G0Y0X0W0V0P0X0Q0W0U0f0e0d0X0e0c0b060U0c055R06An0D3t4g355Q2J3t1c350q2J3t1c357j2O3t04353u2N4e1d350q2J3t1c350q2J3t1c35An2P3t040A050o5N2P4e053s0H2M4e1c5O392M3t040o342M02040o342M4e093s030r052M4e1Y8S392M3t0A0o342M8T0A0o342M041a0o340A2K3t0q041a0A3A4p2O3u5R8T4d340A2K3t0q041a3s34032K7i0r34032K360q09020A1e3w38035S3A3u040A5S2P3t354f5N2N1a350q3r2N1a350q8R2O0A
g1_dpLYBe66X0OKXA50LtdOGprEYUjvGAZmE38ykbUxviU	pathagon-rules-v1	7	14	3	120	0e0i0Q0N0d0D07020X0k0H0L0U0R0Z0E0a0g0S0b0A0l0G0f0U0Y0J0M030cDDRZKhLiEIZ81CbSMHBg0FHpShYPUf06PM0OOUUU0cTkUYJjQV0K8y0E0VaX0FDT0aZi09c10TWX0HUu0cR50fN-0QPJ0WMD0CDK0bH70GXP0MAt0801Xs0gb80VLM0bWQ0NJIXU0eFZ0a0OP-0JUH0L0YH9L12e0BOy0H1ADW0mSjMT0d1p
g1_dpLih1Ly3SbXZ94AkTVJQD0kEymEueAT84Y2nXYl1Zs	pathagon-rules-v1	7	14	3	73	040c0Q0U0K0T0a0S0C0G00060d0R0e0V0j080O0L0Y0M0Z0X0F0f0I0h09020D2gV3OJRdQbJmU1BTDFZyXpALNkVUGuR86X0ic2HM0eaxMp0jW04T0lD00X04SJ0W0P1P0d0CKY0JSp3c0S4U
g1_dpSc_ECiU0D6ZPQWciLd1RyDmw1lJPHJQOJvWhEYTR0	pathagon-rules-v1	7	14	3	33	0A0X030W0V0O0Y0R0H0U0c0V0O0j0V0d0b0i0h0a0e0g0d0k0h0d0b0P0Q0l0T0N0a
g1_dpimVBZ1i-3ulyTL3KKXSGCYZAK24LK_dnXxCkuYAjE	pathagon-rules-v1	7	14	3	52	0G070k0800040S0e0N0L0F0h0B060W0O0Q0R050A090b0c0E0j0I0T0J0f0P0d0H7qK3ZwBh4d0E93A5DZ5a1XDt1yLi0a06NN0AIa03
g1_dpjeMrq_CWV3AyNGeIrhbRaKl2vNhz7i9klBos4vSiA	pathagon-rules-v1	7	14	3	52	0V000Q0a0T0Y0107090i0E0R0h0G0M0S0L020W030F0a0U0D0I0J0g0K060m04FbPgSjC4bq0eD-5xDd0HAaCOQy0FYY0Z0CE901Vn6C
g1_dpsbFU0WBoJLcuy0vEZAxdhgFAlyxvBtEK3cNr10rW8	pathagon-rules-v1	7	14	3	35	0V0O0D0W0P0I0H0P0O0B0A0C0J0Q0I0J0X0K0W0R0P0Y03040506040D0B0d0c0e0f0X0j
g1_dpuCt-OfpTimIevpaDrjxUsXuvjYzUr7sdZPWa_uSTg	pathagon-rules-v1	7	14	3	60	0l0G0A0H0F0D0f0g0a090K0b0W0d0E080S060Q0J0c0m0h0C020B040k0j0V05EGX-0i000P0X5lWLOA0jAY077a0TB1MX0lCs0WFB0fUP0cV-PuR88803Dc
g1_dpzUtitDf8tBzMOOJxESY9QrauGSTN8GcvnOxaITaHc	pathagon-rules-v1	7	14	3	72	050H0U0Q0W0b0M090S0h0C0d0e0c060K0G0O0l0X0P0D0V0Y0I0L0Z0B0g0AJy0FPL0P2tGsElV8DKJmA50N03RH07LNaxG7690RSaAm090QVn014mTM0fU_09PV0lKw0L2hX30g9J0QFP1M
g1_dq8MX6IZ-GGIpA4OHq6d8cbS654gSXYryzFzl5Gv7Z8	pathagon-rules-v1	7	14	3	18	0H0D0A0b0c0d030c0a0F0G0Z0E0a0e0f0I0e
g1_dqDLrQGb3SQ4Pcp9X_JP-tGFlEDbLzRnJcCoPOe14n0	pathagon-rules-v1	7	14	3	48	0j0i0J0P0X0H0k0h050b0c0C0a0R0U0E04000T0O030S0V0g020l0f064N0IaJ0BQfEQ3qAh035XUmK9R40Ybg01040jGW0m
g1_dqIB6Qm_0PWmRcmwA9AD9Y2-OpSEw6aLhzU4q1pau1s	pathagon-rules-v1	7	14	3	104	0d0B0L090E080H0Q0R0M0I0g0i060Y0l0D0b070U0T0e030a0X0T0m0Z0jN8BhI3ExNpGs5m6D0EETVi55XBbZ6wAQ0LU-TLLj0dQCMa0IL30cb4EI0H0R0l2dEB058A8y0kNUIz0TVE0dDf09Tj0QKgLA0f4e051Naa00c70aTbZ-0WQhFQNi0jT4VTYdU8bj0T0yPZ0bUp3m0G
g1_dqJyqGoyHnr8iux0dtGA4tNqG_bFpqO-ehNVu6Kc0CY	pathagon-rules-v1	7	14	3	37	0M0F08010F0T0G0U0N0902030902040A0B0I0a0A0H0T0O0V0P0W0I0b0c0dSq0b0a0c87097a
g1_dqKxJ1Km27VuNlmt2eQBLx3_81AR2CbgTyTYOkQaWb4	pathagon-rules-v1	7	14	3	34	0M0E0N0F0G090A0B080A0F0H0I070H080O0P0L0I01020803040005010C0J0Q0D0P0C
g1_dqVVPNAts1YF5kmBeEQVqqe25dYsym4XraZKPB6t2Ro	pathagon-rules-v1	7	14	3	67	0Z020W060g0U0G0N0k0e0I00080D0H0J0K0X0J0O0d0b0A0E0R0T0m0FD503bz113sAtEyJ4LWN90M0c0V0YPB7vSBCFKd0EXD0fI0Cl0MVv1n0LUu5qCq0iGGRM0DC30d0R7P
g1_dqedHEeLPIQrix1Jvuw1Di2J7uW756UOgX8CAV-EDII	pathagon-rules-v1	7	14	3	42	0M0T0N0U0F0G080N090S0a0b0T0L0c0M0b0E0V0F0U0O0H0Z0O070A0P0W0O0d0I0B0H0C0J0Q0X7C6Z08QS
g1_dqwXFggslP9sD_7skvWVBuNtQhEI49WlMEYoMlWihhk	pathagon-rules-v1	7	14	3	25	030e0I0E0m0S0c0U0Z0P0f050j0G0F040R0L0K0T060C0Y0b0D
g1_dqyWwuZMdolbVf47y5F1pij5Tnbw9-dYOltv8y7GU_4	pathagon-rules-v1	7	14	3	107	0G0H0O0Z0M07040E020S0k090A0i0W060X0j0e0K0g0B0I0l0T0f0J0k0R0b0L0cJY6PEkCAFc0AXhYJ0FMh9cTgQj07LjZQPK0aEK0RDgaWYK0J40bH0W0bI60X300hWm0H0NFU015-08SD0c990e0l0jWn0eae0cMA0e060jac02Tq0eQl0MWh0OGlNcYL0hQg3c042uZ30K630f6pGc
g1_dr5hPa6vJ_EfUPKMI3Zi_XsCBm1AF-KN-iZYl8iDZNQ	pathagon-rules-v1	7	14	3	19	0001020W0S0F0E0P0G0H0I040L0U0Z0l0g0e07
g1_drCQa5UMGVFrowyplJskSIXSiXfGAJ-tK0-x5VvHVI8	pathagon-rules-v1	7	14	3	29	000E010g0l0F0706080G030H0i0C0L050E04020B090A0a0k0b0X0M0m0T
g1_drO8pvsY5unVHmakDpWyx3bOpwRNyV69Ar5wLjauck0	pathagon-rules-v1	7	14	3	54	050P040c0I0H0O030B0C0V0A0W0B0P0h0m0d0J0Q0F0C0X0J0k0I0d0G0R0K0Q09020NcG0e030dM90UahYQZvW6Z7ahYQ0ebRZzai08XfA4
g1_drP-gE2WUTLZtUHIDFdRQ0HHY9kspgqxMf5PrhkP8z8	pathagon-rules-v1	7	14	3	28	07080Q0m000H0N0S0K0O0l0W0J0U0C0G0c0D0Y0T0A0k0f0l060d0g0V
g1_drS4u-27Nx-9XdM94YV86ZYcRHyib4hLLqX4rveXMkA	pathagon-rules-v1	7	14	3	196	0k0d0W0V0X0d0U0e0b0l0m0V0c0l0j0i0f0Y0h0a0i0T0R0U0Y0Q0O0X0Z0V0P0W0a0QJV0gKH0TH_0UIk0VRx0PJc0UIm0N0V0OU80U0c0VEA0ZH-0VJF0ULf0O5h0RAq0D0MB25aLY0RGILm5o0SAqbkLm0R5aLYGWR70Y5aLYGW0mB25aLY0Y0Rbk600mL-B9GIbrQvL-B90m5a0Y0KcAGr0K0lGWB2R00Y0KbdBUR0Gk5hL-B9WNGBbr0fB95aGBWUMCB9R0Gd5hM5B9R0GBWUL-B9bkGk0mLmB9WN5vGBLmB9R05vGBLmB9Hd5a0fLYR7B9WN5vGBLmB9R05vGBLmB90o5a0fLYR7B9WN5vGBLmB9R05vGBLmB9IO5a0fLY15B9
g1_drS5SQl94sppAqwMgwbfeCsNeVFSVVFKjQLp_X3ckwo	pathagon-rules-v1	7	14	3	20	0Y0g0908020A07000N01090304020B060A050H04
g1_drViPjwUe4wN5Z7U0JnyCDrt1-P0Ix6CWmldZ6e16AA	pathagon-rules-v1	7	14	3	54	0E040b0Z0R030D0K0i0A060U0N0Q0G0L0X020M0l0V0S090j050B0g0C7z0cIy0WAt0Y084D04ZR0C8v5NUY6_Gz4EME5qQxB-0418060Y9H
g1_dr_NiR08lZkaKTMtQnPiFf0CsGjzHNtLdCVCXQnEAGY	pathagon-rules-v1	7	14	3	196	0X0e0Y0f0R0Q0K0X0J0C0D0J0P0I0Q0W0d0P0B0c0C0d0J0V0O0H0P0O0I0A06050403050m0l0k0j0l5P063u5R2PbZ0m03cAbWRY0Y0kcA67Qv0Y05cA67Qv58052J5O36030f4i0s38035S2P3t38035S2P3t38005S2P3u0r0G05D35O34032K360q0H1a4i393u2N5P4i393u2N5P4c353u2N0s06381b4e053u4g2O02382J4f5S3xAo3H4f5S3x040-bZ0m3u5R4iAp2W3t5R4i052W4e5S3xAo2W4e053u4g2O02382M4e003u5R2O06385Q4i050D0r5P3AAn422N5P3A03GA0K0D2kbZ0m3ubb2KWC0f3u1c2K4e053u1c
g1_drhn83PZYJeDV7zZ82qP5hdtnJ0fXuTUh7sKXpjJ_wo	pathagon-rules-v1	7	14	3	68	050604030B0C0J0A0C0I0P0Q0I0H0O0D0X0W0V0Q0W0K0G0N0H090U0G0R0Y0F0QCI0G3u040A0R2O0238034c0501040v0F1Y096w2Q0p5N1e4d050p4c1d5O2P0pAk1g01096A
g1_drqU8rnENBED7ABUOAcokVEm15fAMciMAZ2H18W0TLw	pathagon-rules-v1	7	14	3	54	0B0A09080A0I0H0G0F0H0J0C0M0P0O0Q0H0J0G0N040O0503020R03010K0D060K0007010E0v001t012lC2H46T020u0MGs0E6T071DBV0M
g1_ds058A6UyDscXlACcGkL-wFnNawAINTzUHW0sVQJiwM	pathagon-rules-v1	7	14	3	45	040305020C01060D0B0A09080K0A0D090H0J0I0G0F0J0G00070E0O070P0N0Q0G0J0F0R0M5t06BL65Go1T00aiMA
g1_ds7_D8fcAMHpG94_u1GUxenYPuNcpucTiM55Imyu5mQ	pathagon-rules-v1	7	14	3	17	0i0D00070E08070L090M0S0N0L0Z0g0O0Z
g1_dsBqWI6YWb74L1wyLIgGnZ_cf0y83uWnpB7MZCjaMX0	pathagon-rules-v1	7	14	3	18	0J050B040c0I0h0K0a010Q000D060g030A02
g1_dsNWUExNqfsW9b9pgyzf8-YSBHb6EsZCW6AGG_5HOsc	pathagon-rules-v1	7	14	3	34	0Q0T0I0E0D0Y060d0L0V080J0k0j0R0O0U0e000W0H0a0A0f010K0Z0S0BG00R0NFDBr
g1_dsNg4vY_k8r6AiX0VKTKuxrzqBup9McxfoY2NwLE3lU	pathagon-rules-v1	7	14	3	22	030H0Q0I0Z0E0J0K0b0J0N0U0W0V0g0C070O0F0G0c0F
g1_dsUNLllpaEy2N9MecewsMLE_QMyA0NNfWFkgy2_sx1Y	pathagon-rules-v1	7	14	3	112	0L0h0b0f0J0l0a0D0U0S050g0N0d0Z0Q0V0T0B080c0K030E090X0C0e060HISGNUZVr0mU_0ZMN0aWySk0F64B0OqbK9e0DGG0dRy8w0W0IAV0C0G09PJ0Nbq0K0R0JOP0V4J09K40lYr0ZMj0H0P0C4ubM0lGa0eFr0Q0J0kAFZc0i9TYj0iOnaA05JREJ0W0H0hCY2h0M9TUp0d73K9080VRp3X0C
g1_dsVjDGqjzogZDiegfdMGZH6Wrbmbm6K0t96XqnUY3Xo	pathagon-rules-v1	7	14	3	122	0E0A0k0j0Q0l0I0W0k0m0X0D0i0P0F0b0j0B0e070c0d0S0Y0Z0X0h0e0c0f0IWb040Q0f6W0HQO0XAs0BR0XoHf3wAnWd2YRvbeBV3IGt6A0q041a0V353r2QBqMR1D68GzBqMR1D68HPC9MubWZC0aahcFZ-Xe0eafcF0cbTXgalMAZubTYRag0kZwcEYSag0k0a0i0UcGXhaiYQ0hcGYSafZ8bS0kXc0bZ7cDYRagXfZubTPi
g1_dsWEuyktiyZ6b-yXakj7EjbLZ7UKOZpsGXwB6bOlqjQ	pathagon-rules-v1	7	14	3	44	050C0H0B0m0A0G04030I0A040J090I0A0C020N030O0P0Q0I0P01080F0M0800070E0L0F07060E0-0K0R0J4c0K
g1_dsX2UzVlS_BnBgXxgYyllHxGywQiwL6blV3DVwjVlcU	pathagon-rules-v1	7	14	3	25	0F0D000a0i0h0b0Z0U0c0g0b0S0L0Z0M0T0d0M0N0E01070L0M
g1_dsYuKyG61Ag9JnROwf7F9jmncqnDEy8d4yuVaGIUbas	pathagon-rules-v1	7	14	3	57	0c0C0k0Z050H0U0J0e0M0I0l0m040d0T0a010Y0V0R030l0W080E0f0i0U0QWU0SVWDu0hRlaK0eLr0ZS_MRH35gUO0O0a3VBA0Gbs06G505QG4E0T
g1_ds_JuvbZaspZqPScMbqrh5_Vd_fQbdlRv-OJS6bdsyk	pathagon-rules-v1	7	14	3	80	090A0H0G0N050G0O0e0H0l080I01090P020H0B0C0A030W0A000P09020B070A0X040J0Q0I0X0F0E0G07090M510LAN0VFx0J0WHGL-0LV9VbQu0e040X0B0W290A0W1N0B0d2JH002an1F0B2J0NNn0V01UzCM
g1_dseOAnCjA4enOOzbU1oSE_NmGNw85BEzqlMV2psBh7E	pathagon-rules-v1	7	14	3	15	010Y0S09080i0h0B0F0E0M0L0T030a
g1_dsw_0eOMDVdsha4dJQPKL2lCGHEWar8VO5DBMtculow	pathagon-rules-v1	7	14	3	36	0f0A0R0l050P0Z0E0W0I0d08090V0g0M0X0h0b060c0F00030G0C0Q0YXV5k1X3HVM0JLY7H
g1_dsy1TLdZP6JFxZi1G2XPWdKZimkVksOPuEfJJtFqicU	pathagon-rules-v1	7	14	3	32	0b0c0W0d000h0B0D010Q0O0X0j0U0L0i0T0S0A0T0k0P0M0Y030R0E0V0a0W0d0T
g1_dtA24wQDX7J2u06-yMkvyhm5fYXRngh_jxYy-DxvDJE	pathagon-rules-v1	7	14	3	85	0P0b0W0U080A0i0Y0a0K000f0G0L0R0X070I0e010j040H0J0m0V030C0W0E6k0ZK0A2Vc0NLrRFSVSCcBOzYpOQ7T0OAm090RIZ0UVZ0lHG0bXqLi0mU0LA0Rb-0d8v3R0WSpPR0FEi2QOvao0IXG0YLT0V0ERH2s0lTYJf2C
g1_dtLfcdZSP9GKOJ7B2h0jbYTYwtXsnakYIDcSqZsAEFc	pathagon-rules-v1	7	14	3	61	0e090V0a0D080d0S0K0G04060g0b0B05000P0U0X0T0M0c0A070O02030E3V0J8o0WDkOo0Q9k0fW90ZB904UcJcPvSX0fZiXK0hVf0jbg0kVOAEDKXsb00h12
g1_dtNVC3JUg9W2Pv_RSidrZt1OQUwMvo7PRg-h87wReW0	pathagon-rules-v1	7	14	3	57	04030B050A040C0H0I0J0A0I0C0B0O0D0H0C0P090Q0A0G0N020G060H0K010D020R3b034K0QIS0O1b0W2K023403240N1Q0U0e0VQb0XRN3p0Y2x
g1_dtcBUOIoyK7MQbvLeTSpGmLo6WOCobtTOABz9JRlLlk	pathagon-rules-v1	7	14	3	196	000T0i070S0a0Q0b0O040h0k0c0D0g0E080M0R0N0L0d0Z0e0H0G0F0U0G0cHAO2M9Td0La80b0U0mFa0aBw0V0kW-Ls0pD7393u2N5P4i393u2N5P4d340c2K6A0q0W0P3t3E7j1c2O0V0lbd4g8W365Q0c4g2O3A0g3wAo5Q0G4gX03A0g3wW_5Q0I0gEd0Pas0l05bU66Z-0jakZycE0FZB0cZ-4X0j0bZw0cYP0h0c4g39Xo0a0h0b5SX13ubb0a5S3A3uXm0h5S3A3uXm0E5S3A3uNp0U0h3k0TZ863XhS_0aZ80iXVcB0HZ8T1Xh4V0aZ80iXVcB0I0hUyb3QTaW0P0Q0OHMBqX90d0LM6YQVNZ-0jak0WcF0hbWXgaiYQcCbW
g1_dtdpD461mXpqKwT_tW593cnYzYwl02tCvIUu4YFMLm0	pathagon-rules-v1	7	14	3	123	0m0f0e0l0h0Q080J0A0d0P0I0F0e0K0V0c0O0B0P0C070H0D0R0Y0E0X0WV60d6iE7JrCz09AWOd0SRTGK6sVKXQ01AqHWSwYE0d0W0cc27o2B67R77R0OcAGrR7L-0H0RGkbrG4LfWbGkbrBULfWbGkR7BGLfWbGkR7BGLfbyGBR7BGLf5oGBR7BGLfWbGkRZBGLmWbcAR00O0YXhA_0J0OFkLnBw0E5vHALfBw0JGV0K0X0RNx06
g1_du9AOTPFwvtABfpnHy_9k_JE8gSAl51wQkaqW-BH9cA	pathagon-rules-v1	7	14	3	35	0I0e0b0A0B0C09080B0D040W0V0U0N0i0U0g0h090O0a0T0H0G0a0c0M0H0j0d0k0T0V0a
g1_duAyRihsw4Ajea1OZeuLID3W6a63jJNh0ZNO6SEJZwE	pathagon-rules-v1	7	14	3	196	00040S030105020A0B09080C070B060D0H0G0F0I0G0J090K0E0L0M0N0O0M0P0Q1C001y0o00360q005X0t341b692Q023I0q3r1c4d2O0p341b3s2N02390q5N1e3s2N02390q5N1e3s3803050p3r384f1d0o00360q1Y3s04020s1Y3s3j4f041a0o34032K360q051Y3s36030o342M4e040o342M3t040o342M6x050o08034c1d5O3J0q061Y3s044e0s1Y352M3t0r08051Y352M3t0r1Y355r0F0q0N2J1a356y0r2J1a083s0q2J6A1c350q2J3t1c350q2m3r1a354f0r2J1a013u0r2J1a013u1c2K0p053r032K360q
g1_duB0TjmbP4zwfZRwTk76H_k3SDWXDr0MI21tpmbIhKg	pathagon-rules-v1	7	14	3	41	0h050203090104000C0J0A0H0I0B0A0P0G0F0I0G0B020V0K09080W0O0P0Q0N0M0P0c070E0V110j0N0c
g1_duK5dT59SvFwU655bT6LbEXOEUqu_XGbCGL9nmQ8_jg	pathagon-rules-v1	7	14	3	31	0F0M09080N0A0a090E070F0G0L0H0M0O0W0P0I0B0P0J0O0I000V070O0T0U0h
g1_duLr_xCD2FwKZF3aTTcB0Pa_JxhXhJ5euO3V2NhJw04	pathagon-rules-v1	7	14	3	55	0R0C0T0Y0Q0g0L0K0P0b0A0l0H0E0B0J060d080R0f0j0X0Z0N0h0W0V0701I-Fa5x02E9LX7H0DNkV70MBA8s0e9IZi0HDeSY0jHAbIJu0c6m
g1_duRUzzRHCW5tCDGXMpKRa9bSakQFGbBgmVoNsbAIhFY	pathagon-rules-v1	7	14	3	51	0c0M0B0R070Z010U0L0f0Q0e0m050k0O040V0209080D0F0J0H0Y0W0N3xJqaDAkLONx7QOjBZ0kZj1EPZG1CkIe4SZe0ja4bb0k1w
g1_duodtLMyg5n1XN3KR3yxVutGQ7vHBq5Pl7EHUVjaEDc	pathagon-rules-v1	7	14	3	69	0L0i040f0Q0F050M0A0h030O0P0Y0g0b0S0a0R0T0E000Z0U0c0I060BS4WIJx0pXQTm49ROLfCP0C9jHZXE0fYQ0Q0A2FSy0PaKBcNCMDHI6TBc0_MDHI6TBc310J1U3qakWu0Bc8
g1_duq2CQ4VvBxNhTniVBFf5TZ0sOBHJemUNUw9VfsycyI	pathagon-rules-v1	7	14	3	53	0B0C0R05040U0N0P03010J0I0j09020X0L0O080Q0A0m0J0e0D090C0K0W0H0G0iLx0Z6_0JZoQVPPKZAM0R2X0O0M0P7M0lBAS2PBZ23-
g1_dv7na6H1lwoFDKuFt9mMmielAYCFHYYchTTb9KnqZ48	pathagon-rules-v1	7	14	3	42	000L010a020N0M0j0T0U0O0b0N0S0V0c0T0Z0U0A0i0h0b0i0g050H0Q03040A0G0w081f0G3h0k6t0m0c0l
g1_dv9xqqtmYhbpqmj3EvGFe0bn6wXgkAPWQ8Y_DnS4tik	pathagon-rules-v1	7	14	3	17	0b0Q0J0C0i090108020A0G0N090L0U0M0N
g1_dvFTpqmLVh8HcfAspq-6VYENavsvzpI-_zRIGexx58k	pathagon-rules-v1	7	14	3	31	0105040k0e0L0h0Z0g0c0W020G0J0i0X09070N0m0T0I0a0H0Q0K0E0dYx0Y3z
g1_dvSo2VMPQGbFZTgTvTAczN4O4Ha8jSCgVcxw1EvHvBE	pathagon-rules-v1	7	14	3	81	0208090a070M0i0B0G0N0U0b0N0T0c0V0O0k0U0V0W0j0U0h0S0V0c0i0L0d0e0l0m0X0Y0V0e0X0c0T0W0M0e0X0V0dHU0fR80ZOH0MHW0X0U0ZMr0fRF0d0Y0TMr0X0S0d6m0TMY0PRD0MHI0X0Y0TMs0XRR0FJg
g1_dvVICYEXVvW8ZTQV18K7dSwLkyoyDtt2Y4HqUqW-j_o	pathagon-rules-v1	7	14	3	83	0F07090K0a0N0P0b0V0L010D0m040M0Y0c0l030i0j0W0S0I0R0b0Q0H0Z00IF1SSNGO3kA-bf3x2TYSMZHJ7gPV02N3RpD40Ub00SIdX70BVZ0e1w0f7Ac80PDdAG0g2-0a1T01ICTtLUXX0W1MLP0lOM1hML0104W90B
g1_dvhHjCo5v0Q6uxNG0yQxeBvHpIAHoEp7L_NEwSWoPxY	pathagon-rules-v1	7	14	3	196	0R0K0J0Q0X0Y0Q0R0W0P0I0Q0P0C0D0J0B0f0C0e0d0X0H0O0A0P0V0c0O0d060W0504030m040l0kbZ0m09cGWwaeRX0YcGWwae0GL-by0N0K0O0JbW0GWv600VL-byWG2y0mL-GWWU0fREWiGk00L-byWU020R0oam2QQr090o682Q36030o682Q36080o3r2M4e040o3r2O385Q02040t010D1Y5O36030o342MAm0F0o4c2O3A0D3w1c5Q024g2O3A030s363uAo0D2M5P3s04344e1b3s0r2J391e3u0r025S2P020D2J5O6A030o342MAm0M0o4c2O3A0D3w1c5Q024g2O3A030s363uAo0D2M5P3s04363u1c012M1Y3s4e04
g1_dvtQC8VntipKtbxsusH5H2WW5xgyyc75iyPdK6a3gf0	pathagon-rules-v1	7	14	3	38	020N0F0H0V0b0C0c0X0W0K0U0O0Q0P0j0B0D0V0I0e0G0J0T040m0d0Y030g310QCc0SJF0l0ORX
g1_dvwpyJBwXjFp1S1Axuf9X5TjApWIih2-hdZzd3d9nDM	pathagon-rules-v1	7	14	3	35	0i0h0b0U0g0N0E0G0h0a0Z0S0a0T0L0M0S0F0H0O0V0c0j0O0c0A090H0807Wz01000807
g1_dvy4iCUlxgiklb-vzl89z4d0PN53K0tMVG3_hu2_hpE	pathagon-rules-v1	7	14	3	89	000U0N0I0Q050P0K0T0S0b0J0G0j0U0i0c0L060B0E0V0O090a0F04030Z0T0A0M0XFA8d01ITMU0gH-0lYVLJ3VQF2nXfIh4H07B8031N0Jam0LU10I0y0mKzPF04EWBv0cSi078v08Kv0dVf0XT800FD09DJQQB-1B0aZH0H024D7c5q
g1_dwEZdReQgjfp-Q2pzPgFjZkU4lHoY2iux1yEURTcIaY	pathagon-rules-v1	7	14	3	44	0C0503040l0U0m060B0A0D0209030A010008070G0H09080F09080E0I0J0B0H0K0I0D0N0C0G0O0F0M0V0F0N5i
g1_dwM0072iuGexka-M6-Zj2ghzFiRCRiKIWcNPyOByLS0	pathagon-rules-v1	7	14	3	47	0S060E040Z0G0V0d0H0F0L00010m09070g0Q0X080C0l030Y0i0c0W0I0j0UBo0kMU05ZOCI0j7Y0QU_0O5DP6btDt6J8w
g1_dwTY1f9zkZNNIvNMkTGkkX7DKGWhH_78KvhUncUK40o	pathagon-rules-v1	7	14	3	39	0I06030G0Q000e0N0Z010b0l0K0F0A0k0f0U050D0J070a0X0i020O0T0ENtB-335J7WYp08F909Fb
g1_dwZMnTaPiEpAPiYoPZ7D9r3veOIR2HIk2guPdLFpYV0	pathagon-rules-v1	7	14	3	196	0Y0B0g0Q0H0M0l0J0F0i0d020I0C040T0m0B0A0S0E0L0X0b030e0V0O0f0P090ICdYUQwHt0UNK0XHO0W9zBm0e09QxWM0N0OMp0BW00F0UXR11052a0902082S6A1Y357j090xOz0V0M3eba8t0O0AbDMa0XSn0O0TAK0C0GMr0B0X0A0W1pNJ2XA40CH4Hy6a0MBq3XMRI3GzNJBVMR6aGz16BVMR6aGz1KBqMR6aRhGsBqMR0M0uGsBW3t030o342M6A040o342Q430L0uGsBq1m0T0uGsBW4e030o342M6A040o342Q430L0uGsBq1m0S0uGsBqMR0S07Mg1D0aBqNCMDSn0TBq6MMK0SH4166hMtBx0aRo0TMYX2Bx0EHP0TMt
g1_dw_RsG7e8jjjD1I-d9wpmDN3IwWVzMpEXd7KlwvKxCs	pathagon-rules-v1	7	14	3	60	0A09080B090C0H0G0F0I0G0J0O0N0M0P0Q0N0P0X0W0Q0V0U0T0L0U0M0N0S0E07000E0o026v08030F0p041Y692Q0208Cq0FHP16036M0TGzMDBqRo0MAO
g1_dx5ox_68_Qgj9LCu-7NArK2gdP-qe5Edjl6kvPRhxqQ	pathagon-rules-v1	7	14	3	32	0R0H0K0C0D060B0504030C0402010902000A070S0E0L0M0N0F0M0T0O0M0U0a0T
g1_dx6fVpZjKypt50MvsPPUewqqjNxwlTL2lieCq-kcBx4	pathagon-rules-v1	7	14	3	65	0W0X0P0Q0e0R0d0G0J0Y0f0l0I0e0H0O0m0P0K0N0k0V0l0W0U0c0j0E0F0d0G010N0b0i0M0bH-CcBkD90GHm1i0FDI7r8d0G0J9P0H0NAJ0I0NGY0HB40a0h0b0aLb01
g1_dxAWpP9_rYPU3pi3IqBHxpowo878Oc62J7Fg4alTqJE	pathagon-rules-v1	7	14	3	34	070S0E0L0R0A0F080M0T090G080H0N0U0G0O0V0W0P0V0O0I0B0P0A0Q0H0X0Y0J7g0K
g1_dxBX-cR6nbyJ4-r8Kg9ZnsL2KdPS1AEHCdj53MqTNpQ	pathagon-rules-v1	7	14	3	45	050l0b0a0h0Z0T0U0N0a0U0c0G0b0i0M0b0O0T0N0F0a0M0b0j0m0U0L0b0N020M0H0P0T0V0M0a090b0S0U0g0k0Z
g1_dxD6M4LeOmDs4aTjX3ZMfX1c62Jf5jacL3zoBqoDJjc	pathagon-rules-v1	7	14	3	75	060S0K0T080k0B0O090X0A020j0F0Q0a0M0Z0I0h040U0R070N0G0f0H0L0e0gMzWT2vZRXx0VNC7GQ79EDeF_biXdVl0YBl4Y0bOa0EZb0mYs0gIm0JEl0TGx032qCX01VK0dB_0LOE0UadRY0f2A
g1_dxD9D8hwtjTspzJTvtZfZi_tgDG0yJBOkkhELJdMg8U	pathagon-rules-v1	7	14	3	26	0W0i0b0A0m0008020I030R090C010J0D0j07060K0O0Y0G0B0R0C
g1_dxM2EWNUrllZEE0Q9WkwYWvaYwKF-h_SsFQ-I2wxWuE	pathagon-rules-v1	7	14	3	44	0Y080N0X0W07090A0B0C09020B0G0F0A090M0B0G0F0A090O0P0G0N0E090O0B0Q0F0A0P0G090B0F0D0N010G03
g1_dxMEhWmUD0YmRFvlgOsy91JYZa8oZBDFqJlTjA3UlRA	pathagon-rules-v1	7	14	3	76	0J0X0S060T020R0l0L0E0K0O0Q0V0B0m040H0Z0I0C0305080M090D0YSC0cNZFH9gbGFL5q0a0iH6P1Kz0gLdJUHdC20Q06Dk7QSy0T4_0F1HX00Na3VicF0SRH0jS30MNU0OaS0HP_0GZ008Z_0h7h
g1_dxT562Y4mZrjexJK4R4vI3qVZ37lbLtYnmRsC_Jwsl4	pathagon-rules-v1	7	14	3	59	0W090N0Y0i0f0k0H0I050T0m02070l0j0S0O030J0D0A0G0g0Z0F080G0M0C0B0eIp0EYiDcb7XXagECLr06HeZwCP0CImTb9sWh0fK_0HVqKOYz7GFX1i
g1_dxaTRsltja8GOAi8AxYVrh0cLCy6jO9cU4QPdcE8onA	pathagon-rules-v1	7	14	3	63	080j0g0J0m0X0A0l0N0e0E0F0k0B0b0c0d0G0W0I070O0U0i0f050Z06Rj0ZPY0TNo0CaQ0G0KAJ0VFuG9Cg6k4dTT0L8LQLOy0kUC0lVB0W3-5c05aL081fLS0D3B
g1_dxcY3IecgeOpbyF6-QL2hoQyyoo5OINdLlHQaSkxrBU	pathagon-rules-v1	7	14	3	94	00010203090A0G0H01080F0908070E0807040I0B0H050C0J0L0C0M0N0O0G0N0P0Q0I0P0H060D0K0R5a062r02GW60R72n02WGB54pGA5hLYB94pGd5hM5B9RZGdWUM5by1W3Z033rCe8A090P0G0Q6j0X280F0V1F0G0V0F9K0O09T70V08A40O08
g1_dxpESoDHAHCeJthxZ8t5ZkSiXVD3gwvbLMznZlLzD7c	pathagon-rules-v1	7	14	3	38	0f0G0d0g0K0U010X0I0W0M0Z000J060c0O0P0R0N09070E0l0b0H050F070S0C0DMCIwGp0T0jBD
g1_dxrQkBvaXhlPI0wnQ_9NelkFMmJk8UIPFsJC2qeYCR0	pathagon-rules-v1	7	14	3	16	09020N000S010h0308070R060I040f05
g1_dy-UXPfI_ZeUW5tse58l9corz7TL7avIC7UStjaiZCU	pathagon-rules-v1	7	14	3	196	0l0k0m0f0e0d0Y0e0X0f0e0W0R0Q0P0j0Q0c0V0O0W0V0K0J0I0H0J0D0C0B0A0C06055a06bb0m0B0l3u0C8T04353r2M4e0A0o342M05040C3t0r399F2J3t1c350q2J3t1c350q4c3w2N0B5P050q4i3wA10C5S0A3x2N4e395Q3x2N4e395Q3x1Y4d2N5P391b3x2N4d360q0C5P3r1cAl2O0p341b3s2N0p341b012N0p4c1d352M024g2O361b014g1d3A033w355Q2N4e050o4c2O02040o342M3t040o342M02062K5P0r34032K360q0D4e041Y3s2PAm391b5R2K0p0D3r062K5P0q041a3x4gAp355Q0D4g2O361b0604
g1_dyT-RotB2zdnpcTfGzagsaZ-ydWgdLK6wYJoGXcuXhw	pathagon-rules-v1	7	14	3	31	0E0K0P0A000X0e0V0c070I080l05090N0Q0T0k0i020f0U0a0R0L0H0C0G0D1I
g1_dyTDOvoArYVoAQkNZXePefQgUX63siMAbvwhkyQjmyg	pathagon-rules-v1	7	14	3	136	0J0N090W060Y0H0Z05010e0C0L0f0T0X0402070d0l0U0b0h0P0k080V0OPC0eSK0BIk5LYYG0ba0V0A040F0Ja70KWJP92sED0mNO0U6D02YfC-0DVNHT0EJsSALx0T562_0Z3gG10FOpZ3Ga0i05YIKd0hWhZ3AY0i0CZ30j0i0gYIAg0hRm91Qd0NXSZ3OY2E038F0jNT2dZ1637ZA3C23ICjFlH_C1NQ4UIj4_JNKmS1K6Su5xY2WrRgSPC2Xt624UHjYXTo0H64
g1_dyeZYb8ZS6E160xpTftVKroYLGr2jwGXoV_MwIVLQBY	pathagon-rules-v1	7	14	3	13	000Y0S0C070R0L0Q0E0h0g020Z
g1_dyefkw1szsXEU764zfVZ_G7smubcqByUVaWF_bFynyg	pathagon-rules-v1	7	14	3	67	0e060f0g0Z080k070Q0X0P0d040D0R0N020C0l050I0B0i0T010c0K0S034t440maF0bLjIkKmTE0EH-Bk0Y0j9X3QQpF8Asb80EVu0UK3NU0T5k0V0P0MBz0AKN0cV05A061_
g1_dyhIeUykBjIvWSaYrFomYtVDwBwL4-Ckkwlw94_91g8	pathagon-rules-v1	7	14	3	33	0C0e0J0K0Q0R0D0X0Y0f0P0Y0W0I0B0J0I0Q0d0V0c0W0O0H0V0U0I060V0D050b0j
g1_dyoWWSHoTInmeKFFGfFqyyan6GOMt4k_RdEOktEIfok	pathagon-rules-v1	7	14	3	196	010O060b0T05020S0d0K0C0V0a0J0U0c0g040G0l0A0D0B0C0N090i0j0k0ZUh0j0bOs0VZyZA0X22aOP8b70VFl9k0B0QJuZyMCRSbI0XcAQTRZVxWvaec9RZbI0XGW0OR7WiM5byGrR70YLfbyGrWUBNLfby0Q0YGFWhBNMC0RRSL-by0cWiW2MC0R60MBcFUdXebSakcF0eZAbSakWu0d0c0WaibUZC0dZyMzbTVNahcFZ-bTZCahcFZ-bT4sakcF0dZAbSakUb0cZA0HahbU0c4aZ-aiZB0dcGZ-aiVM0dcGZ-aiW70IcGZ-aiP_0WcGZ-aiVM0JcGZ-aiSI0dcGZ-aiVM0d0F0WcGZ-aiVM0M0dZzcARZaX0NWbcARZbILmWbcA
g1_dypLwLHH9Gwt7hqVD3nar6-Rf-0FhecCNBe_l7QbC88	pathagon-rules-v1	7	14	3	22	0X0F080M0W0E0P0Q0d0e0A0X0B0R0I0V0c0W0J0U0f0T
g1_dz4XiSC0R6CXSakrtimUReLl_uti5rwCUeAohL8TTDk	pathagon-rules-v1	7	14	3	49	0L0U0B07050W010b040K0Q0S0g0M0h0V0D000F060c0d0j0l020k0e0A0DP10H6X0Z0m1gbz5F1JSKaQ090O9Z0a4O0CWcQsAy
g1_dz9SEmgv1PryAkbwJAaVGlBVHKMLGsGHoRXG-3vxano	pathagon-rules-v1	7	14	3	33	0F0M0A080U090c0B0E070F0A0G0N0L0G0H0O0V0G0H0C000G070O0T0H0i0M0b0F0S
g1_dzJxnlsNzCY5N1ozI9bajazZM2RmEydKUP7x15e0MQw	pathagon-rules-v1	7	14	3	53	0D0c0E0M0V0l0K020B040g0b0S010W0h0N0J0O0U030X0G0d070Q0j09JY0ZP61iAk820RFz0Y0kMU056i0i0DS10e08BW0aW90EDga106
g1_dzSf0qgtDWWLXCHav2OEYVfwaiEm7KBCjSc1yxSgPOw	pathagon-rules-v1	7	14	3	34	0Q0J0L0P0c0I0h0C0S0B0g0Z0d0W0b0a0l0V0O0H0m0P0A0V0M0T0f0U8V0eWR0X050f
g1_dzWfSMev4lXJ0t-7R3eCxzaNeMnNqOhEw52ZgkAFkCg	pathagon-rules-v1	7	14	3	81	0Y0i0X0M0Q0l0K000C0I0d0U0P0k0109020Z0g0m030V0O0R0D0E0h08Y3Z3XW0gA80TJU0W0A0S06MvKmPTRJOmGhbqKbYrB70fIgb10iAF2h0F3L6z02DC0ja2Yj0QQARjZO0i0jFT0M0ATLKo0lEh2oWTHf0f1h
g1_dzbn3rUL_e3uMipEOXJo9bYLB9EiuxdyjsYSH5DPmrw	pathagon-rules-v1	7	14	3	13	000b0Z0m0g04070e0S0U0L0a0E
g1_dziY5BNoL4PPErPWMMlEF69nEGF3oMNMQAhm-Vz3U98	pathagon-rules-v1	7	14	3	79	0K0c080N090Y0i0J0C0d0m03020D000P0G0A0U070j0k0l0F0W0S0g0hZt0a7k0XAK0kYu03bjAybDT54PFL0DMo0eQ4Pm6EVXKT0PCEDj0XWl0WKAS80Z8n0Ibv0HCl0EPk0f3Y1M0NFJ2rDvJbbs0eWcVe00
g1_dzk2Vsem6qCxDrdCkVRwutUlULqaVGJvqO7DCvaWnZI	pathagon-rules-v1	7	14	3	196	090G0A0H0O0N0H0P0I0O0B0J0C0Q0U0V0W0X0P0V0S0W0T0M0L0F080E070R0E0KMD0S69070pLS1b69040s081e2WGW3O0CBG0JGW030Q5P0435092J3t1b7k092M0p3s04363u1c082M4e3s04363u1c012M1Y3s6x0801090r082M7i1d6w3r2N36030o342M02040o342M3t090o342QC208HI4xRo020L090q2N8T1d353r2Q59C90E0A1KWxBc1m0K0uRaBW6x080E090o032J3B08H416681f0D0EB201Lf0J0C1a0Q090o2JG76B1c0J030o2J6x391b3x2N4e39033s0r0C5S1e3s7g2N5P090o4c2QMF080o682Q020Q0o
g1_dzloJpMfs-SJpz4PUWz18pWeJFptKqvqp_vmPi0gCZA	pathagon-rules-v1	7	14	3	196	0M0L0G0H0A030N02090O0A0F08010e0R0G0F0E0G0Y0m09080G0f0F070T0U040E0Z0X0S7e0V0c086q0YcE0eZB0VWF0faJQvLfWbGd5hAqLfREGd5hAqLfN2075SAq42GWR75vAqLfGWR75vAqM5GIRZ5vWGBNbkRZ5vWGBNbb005SVV4bWNbPR7c3B9WNGk04L-BUWbQhR7c3LfWbGkR7BGLfWbGkR70YLfREGdWUBNLfREGdWU0ULfREGd4wBNLf5oGBR7BGLf5oGBR7BGLfWbGkR70TLfWbGd49BNLfREGdWU0bLfREGdZYBNLfREGdWU0aLfREGd6SBNLfREGdWU04LfREGdBpBNLf5oGBR7BGLf5oGBR7BGLfWbGkR705L-Wb
g1_dzrn9xr5m9ASASwlHJZEdGAkCw14mUBGIfrL-YVOLmI	pathagon-rules-v1	7	14	3	196	0N0G090U0G0O0H0V0A0c0b030U020F0M0T0N0M080a0100070E0L070M080S0Z0g0h0ZXm0B0s003x384f2O5P3x384f051a3s3803051a0o34032K360q006A0u00H416681f01H4MY6a07Bq6MMK0CH4XG6a07C90EMm1DXG00S01KHW0LMD0SWy5a0t4c1d015RA34o05404g395Q0Z1a4d0t9z3w1c5O0t003w385Q0C4gA23A0C3w2N5Q064e5R391e030s2J3s36040o3r2M4e040o3r2O385Q02040o4c2P3w1c025S0t3r2K4e040o342M5P050o03004iAp38035S0t3r1c015S0t3r04015a0I3x0sAo005S0t3r1c0139
