# g1-key	rules	size	reserve	repetition	plies	2-char-actions
g1__-3gCcjHdS80Fc91jVtxHtuXv06WKuYZpvthioRV2RA	pathagon-rules-v1	7	14	3	30	0Q030l0J0R0I0j080S0c0G070h0a0i06050K020B0H01090C0X0Y04020F5X
g1__-4AbZRRM_UWVmP-echmmeZV04Na0lJ7kmVAL4iR0vA	pathagon-rules-v1	7	14	3	103	0X0Q0k000T0f0l0i0j0m04030g010D0a080h0e0E0O0R0M070205030CAq0F050YaT2G0cWZ0NcEXg1X0IKQ0HM32zY8NXL4XcZ70Vc4Y1MuI3XdHW0b0ZC80cRZ66aDXG68MK0GH41R68beBqX91D6oSKYQbRXgcBalYQbRXgcB3FYSbRXg0McFYSbRMyafcFYSbRXg0T0Q5A
g1__-7MvMJbPSvnvdfB3PAzU8C-ExSjnpTdcFGs5rw--60	pathagon-rules-v1	7	14	3	22	0a09020E070F0G0H0L000E01080305020C060J040Q05
g1__-8VksHeQa0j0ejNRjfY5k9gJRWZGwdvagutb891Z-s	pathagon-rules-v1	7	14	3	196	0M0N0F0G0U0T0V0O0H080G0O0N090A0W0P0I0O0P0B0C0J0Q0I0J0X0L0W0E0P07I30M0T0FMD0S9D0B020A1b092N0A390B0t034c353t030o092J361b015R0A392M3x1c4e0B0o342M051a0o34092K3t0q0A1a04353r2M0204013w095R2P4e053D4f051a3s380B5S9F0A0B0p09031Y2K7i0A093s0B020r2J7i093u4g2O0A020B38094f0B3w0r3A1b2K3t4g050A4c0B2K5P048W3A093w2N5Q0A4g8W369F0A0B0r09034c1d9D3A0q0A0B5N1a3s384f09023w389F0B4g0A0B0s3r1e352M0p4c1c092O5Q3x0r4e05
g1__-9R6RuHg28IqYfxq_QXBnTlrs59IsiV5GN_5n6O_VU	pathagon-rules-v1	7	14	3	21	0C05060D0K0J0D0C040B050I0P0Q0R0Y0f0Q0Y0X0m
g1__-EIIUo0fpsGZV2GVke4K-rIA2SjfHdG5yv3Jbp31jY	pathagon-rules-v1	7	14	3	53	0P0A0E0G0Y060S0J02040b0h0c0k0W0701090K0g0d0j0N0V0R0m080H0fDY0eZWRBXR0c0C0G0D7W6bGl660MQR25Eo07EV0KPzUzFp00
g1__-Gl4TPHcjywVJsyZGZt7Rrb_-VHDsWKEFhwCdlnFR0	pathagon-rules-v1	7	14	3	31	0f0c0j060V0b030d0c0X0a0N0e0E0Q04050b0H0A09070O0U0B0d0T0G0c0J4m
g1__-IqVecOobUrE5fYuz6atu4g3gGlpnzuzdGUavzK-NY	pathagon-rules-v1	7	14	3	108	0Z0A070C0N000b0X0E0a0h0O0Q0e080d0G0H030P0i050j0U0B09010YYl04760g6A0M0VI30iJGDKKA2hRG9l0YAz18Bw4B1jQY01V7Cs0mLxI00D8pA_0DUF0cZl0dFG04Y20cQc0fH-0RL94u0h6S07Eb0FVP0I430AMJ03Qt0XBY0LA_0CD6EaDwSa0DA4Ay08XB0I2t0W5P0PUfJk06
g1__-MS6SoRJ3WMzwtQEls48kXOTGwiVeGo8GojiSAGhJI	pathagon-rules-v1	7	14	3	51	0d020a0c0h0i0L0C0e0S0F0X0W0J0G0g0N0D0E0b0I040K03050A070P000kF60mGWAtRgaiItQP0BK74-Z005A-LsUL9x8j5j0Y4z
g1__-U-RpmTY8BZ2NuIM83g-l4k4StCj74mD9LNyfcK2zo	pathagon-rules-v1	7	14	3	56	080k0l0e0U0Q0V0O030f0B0D00010F0M0a0K0E0c0W07090b0h040H0R050S81L43dGYJ26HRqVhao0YDY0lSVEfPOAnCT5dCB0QXQ0bQl0O8g0N
g1__-ZP9Y9NGbXoZoBklaS5AzwJW7b-XJ19miXVZEr-UlY	pathagon-rules-v1	7	14	3	29	0i0B0b0A0h0Y0M0f020U0F0S0X0k0e0T090a0Z0d0a0g0T080007010Z08
g1__-beChQZ_8YfgwkPRVlwBop5F653xASnBroGcOuq1sA	pathagon-rules-v1	7	14	3	92	03010d040L0O0Y0e050F0m0A0J0f0C0j040U0I0Z0B0H0E0K0V0M0N093T0G0h0W0O0XKNPm0W0S0XSJHS7nPH0g4D0W4l0k0V0dYOXc0WZwcEYSRU0P0Q0W0PMv0V0jYMZ81T0W0A0V0H2D0c0NXdYMUYZnZAXd0V0jYMZ8CB0W0cSF0V0iXTGl
g1__-gf0K1glevtldqR-So5HxHlKoz6bGIIPatEcZmAbkU	pathagon-rules-v1	7	14	3	36	0O0F0H03020409010A02000G050607050E0S0M0L080N0F0U0M0P0Q0C0T090V0G0a0N0h0M
g1__-hhlsM9vVsvE5SPAMpPGQmUSDnuIljDT0kqiL0SGNY	pathagon-rules-v1	7	14	3	66	0h0c0f0g0a0C040R060N0Y070E0P0O020G0I030e0K050d0T0A0M0m0QDf01Uu0VBgIf0XKpVtNiY40l63H-0ePDWjE-NzKCG50dVj0JDE0f8X0h0e2ERDIq0Y0R5Z0f0M2x
g1__0FOfUwWdOs_mLVOptQv4YEJXGs79_qxPFaQhs5kX1w	pathagon-rules-v1	7	14	3	52	0J0X0R0I0T0U010Q0d060P0S0j08090a0N0f0m0g0F0Y0G0C040O0V0W0c0T0P0e0Z0MFi0A1mEu4XSQ7jNmIZXRRcMyYX5AV7RH0g21
g1__0NTM2P5vQ4yN4ENNgUpGWAzugA6cBb-ea8ua4jlA18	pathagon-rules-v1	7	14	3	40	0f050d000R0B0C040Y0U0V0h0i0g0O0H0S0N0a0c0m0A0e0I0P0Z090QKV0D07IUT4B7OlRbY-JyWu8U
g1__0OBMvVFOYJs07kkk7lO2sVlyZO8tu9yVxiLuvJFQmw	pathagon-rules-v1	7	14	3	46	0T0a0h0M0a0F080N0G090O0G0H0A0U0V0W0P0I0V0O0P0B0O0b070H080c0d0i0W0j0k0EaB0J8c0A7y09JF0O0H0V5a
g1__0OqA1YF0K86TQjay5EVv9uHABsQfwt6KvL2sh_VI5c	pathagon-rules-v1	7	14	3	42	0K0M020m0O0d0e0S0D0P0f0j0g0Z0i0l0Y040I0U0V0c0h0b0T0A030WEf05XiPOR5Mu0Q0S3F410P5K2a6i
g1__0WmkW_GqYFIF8afayE8MSq1q8Qwnrrz53XRwbN8Xtc	pathagon-rules-v1	7	14	3	45	0W040D0f0U0V0N0k0E0g0a020G0d0F010T0Q0b0c0M0X060W0Y0R0h0O0YM40P0HCY0CBQQ9O7Wx66OeRZ30JIa2Jy
g1__0YP-5jbgunNUTu372JIidHtRcpb5IHXxe7HR3AYHjQ	pathagon-rules-v1	7	14	3	39	080H0F0M0O0V0A0O0N0G090U0G0T0b0c0U0a0P0I0O0b0H0W0d0P0B04030B02010007010E1T0h27
g1__0gECZUAF4O6Vy2YeXKza5zHJf0qERIgAjo9202VdjQ	pathagon-rules-v1	7	14	3	82	030N020O0j0i0D0A0m0k0e0E0J080g010I060j0Z0S0f0T0b0M0l0Z0X050V0h0QFfWeZNTDHAIyYKJ9Gg0HNAP6BP5lXM8zEpaE0gb0H-0k830f3U0d0j0l2_03LwC30K2AZh0OItEIXS0RYzR00JVa0gayQa09G10A
g1__11IFnMCaeweAlxZ795VQANfkqetT_2fz2riW179CiM	pathagon-rules-v1	7	14	3	33	0M0S0B070Q09020T0C0A0a000l0c0P040b030T0U0O0V010N0h0G0d0D0T08Ut0Wau
g1__15vHNBgFZ4t7-fnqrgib7o1UEs98uvApnEC3F8db70	pathagon-rules-v1	7	14	3	75	0X0h0f0M0U0N0O0j0B0H0J020C03050Y0m0g0R0T0b0Q0c0P0d0F0S040E0GTk0YMgD8VyZZ0DCGAF4DO3DyLh0HWQ0jEdLFUH3V0fY6GZ0KQj0kUn08B4L20CKG0WaR0VRP0e1M0QIn0VUHNV0Y4F
g1__171mNJxHK6lEJho3fz9lAz4A-9CJoeWk1r-Fs8CK3A	pathagon-rules-v1	7	14	3	49	0Q0P0O0H0J0I0A0P0H0C0I0B050I0C0N0B0O0V0W0O0X0P0U0I0V0c0d030V040e0b0GTL0b0G0c3Q0T4P0N5309080G960A9D
g1__1A6OzUnsiSco2iFQQFRnUcbeAMU8YTC2ctOgfGd0mM	pathagon-rules-v1	7	14	3	83	0P070e0f0A0Z0F0H08060Y0E0V040R0i0l0a0T0h0C0305010W0k0I0m0jbh0cRt0L47HE3O7L1vD001M1Is0l0NW0FfbkXkNHBZ0FYYFY0gAk0BRG07AhXG0Z4B0E0YKN07Pd0QBd090USeHr08CNR8MZGS0f7FWP0YJV
g1__1AxGKk7n6wtm96CXSNE4RR5-WNTRi46caSzlj43qaE	pathagon-rules-v1	7	14	3	38	0R040K0a0b0c010A050i0j0Z0m0X0U0O0f0Y0D0L0M0P0G0h0e0H0B07066d5qS9B00N02HW0E4F
g1__1I4guHX9ruELv6LSzcx76uAHdzjRtWPz2IU_5jFOSg	pathagon-rules-v1	7	14	3	31	0J040b020X0I0m0U060A0N0k0L0Z030c0D0f0Q0U0C0M0K0V0T0R0H0BGj0a0l
g1__1IFvcFeLzZL7AayQYB1bYpOx-fBRtJf5sBWmZfCAlw	pathagon-rules-v1	7	14	3	40	000E070F0801020G090H08010A0308020M0K0F0T090N0L0S0A0E0O0F0H0I080H0N0V0G0U0L0O0M0J
g1__1MQbIL2TkzVlIOJZegHcXaJV7KijK4q1NWngNeM-G4	pathagon-rules-v1	7	14	3	38	0H0m080V060B0W0l0d0K050A02030g070j0e0i0S0Y040P0c0R010M090IGD0k680EMTKVbj623H
g1__1c-GHZBwQx-BmY4uDNX2r4zXsS1hmFyP6nkHvVHTGo	pathagon-rules-v1	7	14	3	61	0W0e0H0l020P0K0N0U0L0Z0E0i0a0f0T010I0F0S0g0d0b0k0c000C070j0BWrKRXB0OEC9FUMae1lBaAJ3VLF0g0cEnO9JfOzV60AQP0I4yGY04L1Be080m2K
g1__1dNfolTGGa1MDi7Ou9vyTDRVEOdiqKx5zDO79KwvLo	pathagon-rules-v1	7	14	3	17	090Z020b0g0a0S0c0Z0L0E0M0L07000807
g1__1p-QBKq7oVvuEBCOuJUxcu89GxaXmUzRTK9k5Moi-Q	pathagon-rules-v1	7	14	3	40	030L0Q0C0P080J0I0B040I050A0H0O090H0G0N020F0M0G0F03010E070F0E00060D0K0C0D1C003WAn
g1__1q-iWpfkv_5eFmpTaoi2u3h2PfIiAmWqyX1nujTBqM	pathagon-rules-v1	7	14	3	43	0L060P0O0W0c0d0V0H0I0J0Q0I0P0X0e0Q0d0R0W0K0Y0f0X0Y0D0C0B0A0I0C050B04030B023s0C040B5J0m
g1__1tKM-cIbdVFxVK4LIoaYkfbwFcFdRfVj__FMAJq9lQ	pathagon-rules-v1	7	14	3	82	0k0Z0l0m0g0f0e0J0j06000I090d0c0Q0M0e0X0L0e0i070d0Y0e0P0a0T0h0b0405Fo0K5y0X0B7z0OGjS40FO9FY4OW-HI5GRv1KMpXN0PRv9lC90VMmSnX9YM0UMmHIXG0NS0NH0T0QP46GJa0V0U0c0QBW0W06HL
g1__2F4n94eTh1v6D5yptBMZ-xQgq7H33ShMQLNC9CeauA	pathagon-rules-v1	7	14	3	28	0U0l0N0T0V0d0k0m0e0X0W0j0c0b0a0k0b0M0d0e0L0i0O0M0h0g0Q0h
g1__2FqOqJvbDdYYpf8bHRAvqaBP76-Q_SRcZAjb-kDyiM	pathagon-rules-v1	7	14	3	33	020h0i0A0g08090a070N0B050Z0k0b0P0O0X0M0W0Q0d0e0P0c0V0U0XJP0NVn0A6V
g1__2G3WD3nA2-D4xIRFvLH3W3WfBuvO1j2sP6BoOUZikY	pathagon-rules-v1	7	14	3	40	0U040a0R0L0O060P0K070F0I0Z010e0b0T0A0c0C0m0Q0d090k0E0V00OH02Gx0lUOLNNZ4Y0TBiTR6J
g1__2YwmjFJNHdMbNPdokmwdBDUMuBcwWIF6QDGv88zSGw	pathagon-rules-v1	7	14	3	59	0Y010k0g0X0A0G050J020j0m0l0f0K0U0D07080P0c0V0I0C0N04030F0LPBFQ6eRB2EaQXt0kbYAk48T_261KWla89YJ3040fFh0DOH0mAULg0VDS0Q7R
g1__2ZFrrBY_v9QrFR--fAVSEiuHQB6UrRhp3Ce1YN2Jog	pathagon-rules-v1	7	14	3	59	0B0I040P0J0C0H0A0I0B0Q0I0O050P0W0V0P0X030W040N0R0G0Q090J0U0K0Y0d020W0c3s0436030b0A1e0D2x0c600X0Y0WTC024pPD5y0VKWZw0P0b
g1__2gbrypoY1i7fgnBw-9toIzuLbUc5icKeKlCwse3TVQ	pathagon-rules-v1	7	14	3	40	0I0Y070j0T0P0B03020N0m0L0G0g08000S0a0D0Q0K050J0X060V0M0f2sSNE-R25v06BTX70U010cA1
g1__2os9u8BMsUzi_ruvXXVPYgYtCOerYaaidVDL55E_ys	pathagon-rules-v1	7	14	3	54	0O0L0c010B0f080m050A070g0F0D0Q0M0H0i0I0Y0K0R0E020J0U0j0l0ZavJm8q0NOB0T0k04Ak4wZ0VCLfBrHXSyRR6KB6VLSG06WtGF0l
g1__2uJXUD5bMJWsAafmpnLHG8rIZtpBHFg5QBS-AexIO4	pathagon-rules-v1	7	14	3	58	0Y0m09060g08030b0C020e050c0W0S0l0K0a040d0I0O0E0Q0T0c0U0P0AbX3L5sVl7fAOKFDwJg4W0kNDQlEy0N06ZP0ePo0UV50MJ5Mn0iKNP30O1L
g1__2vUI6uyROLJquDn-SxpyoLxa91bSQOrSFJCZ3hgHgo	pathagon-rules-v1	7	14	3	29	0J0P0O0k0K0V0W0I0H0Q0I0X0P0W0R0Y0Q0d0c0e0V0f0j0l0m0B0C0A05
g1__2zA0g04RgGataJ_ohDe3Pyc-ZosIIKN5RbdaQnPCqw	pathagon-rules-v1	7	14	3	60	0D0Y090U010a0T0A0m0H040S060F0M08070P0W0R0E0Z00030i0J0O0V0kEQ0dOh020XPX0Ca4AhYy8oBYQKP1RyV2VZ2V0L0cR6DL9f3c0iAcNP0jHGGq0T
g1__36NnORRkE3haj8Tx7D2H6fYl6wPc45jBf2Bwooj2zo	pathagon-rules-v1	7	14	3	50	0B040A030201090H020A0I0G080F0N080G090H0M0O0P0W0V0P0U0T0X0Q0W0J0C050B0C00071z013x6j040U391b012T020BLV
g1__36ya4Rp-ksVjIw6OAZQZRyMRrGY5eeGgPj49n25-tA	pathagon-rules-v1	7	14	3	100	0D0a0H0W0j0T010d0C0b020A0X0F080i0P0B0J0L040Q0k0705000N0Y0SVG6_9hZi0gEO17AL0C0f6pOCVu5L8aBHXtac08U70WR_0UNC05280m5s0T3-0A00Xf0jOM01Sp07AS0JYo2v0hMiOR0DTpWP0ZBA0lJp0L1F0Z0aVD0S0DKU0ZBy0XMZ0KFm0bM3Pq0P5A
g1__3AW5hSnagJmgi9VBsfseWuszrmqHLB6WitBmxx2j70	pathagon-rules-v1	7	14	3	54	0l0A00030X0V0E07090T0I0W0R0Y0502010M0L0U080F0B0C0O0Q0G0k0N0PGw0A0H0B0J0IJiaf1D6TRh3d0OHIC80K0c0eWA2M1a0V0oRt
g1__3FpcafmPlN1bcpfGTGSPyj-OwBhlEGmfHrjcfke8oM	pathagon-rules-v1	7	14	3	196	0c0V030O04020m0105060a000e0b0E0U0X0N0L070k0d090c0T0W0M080R66Bi0tVib40H5v0iGW0GR7I9M54iGIbyWUFkB1392M3_1ca135Ni3rSa6MEM1D070P8R08RSGr5O0TSRbkaGFeLdB908GIYn0M5_LWWNBb0m3wBH5R7z4o9X0ESJ4U0kAAFtWGE4Ap6i5RDf4f2Q0SF53V0_4U09L-04Wb1yRSBfL-bkWb03RS39LYHOWb8J67GBLmRsby6hGr5NLYayba8s5hSW3A0XGIRN5v01B206REWCGI11Lm9TAn50GA0l385i0J0R3ua64cLW0E0k0qG_Ba0g38854fCR3wDT38Ro4j1tHd6y3sMm1D2r68Rj1aXZ0oa_2RLW1a
g1__3GqTIbGek0ECNS2AUEgKuexLfaJlE8EFAVUmA_jO9k	pathagon-rules-v1	7	14	3	39	0B0M0b0K0k0m0U0H060A0W0a010S040j0C0I000T020R030J0X0D09050L0GHF0c0IFx24M5324e0e
g1__3JtPw3AJ-fzhYTvEftMx9_u-AfLCmnKhYpr83-E0fs	pathagon-rules-v1	7	14	3	61	0J0L0F0B0c0T020a0b010M0S080P0G0Q0Z0l0i0m050a0Y0X0h090d0jZ504DPas0kQP0CLQ0QIg05bB0iEZUv8J0WZNE6bk0kNb0N3u0XK602SP0U9J0G0P09
g1__3ZysKEjXEiAUO0NX4M9A5yxXYG6eYspD4m7kcMt1m8	pathagon-rules-v1	7	14	3	69	070W0I0d0T0h0M0U0V0k0P0B060b0Q040X0L0J0G0E0K0m0N0f0j0S0U0D0OBm01BE0gMQ00WsTgPwIQFqO6Ou1NE5GKPMVANAYC0Lag0XPv6t0W079ubHYKAa0h6m0W0VDl0X0A4o
g1__3_bD1_-_rHZpZEXXAJ7eui4rKPguePAG2yHuri_Hqw	pathagon-rules-v1	7	14	3	118	050l060C0J0K0I0D0P0C0B040Q0R0Y0X0W0A0X0B030H040O0B0V09020A0G01091Y023s040p0N1Y014k050u095N0669at0U08Nz0F0u6006MC5vWbQhbdRZL-WbGkbrRZL-Wb0XBN00c3QF0K0C5a0tRZ24WoLKcGRZVxWoM55j4F0X0PAN5D0CBE0eQp0XDS0G0Q2n0H6k09BX0N35090F0G2R0VAa02092X0Y0F
g1__3lW2jnzYHz8IJ3i-rQp-6lDcUX3XLikTRcHjhF7554	pathagon-rules-v1	7	14	3	52	0E0F0Q0M0C0h0300090G0J0R0l0L0V0D020P0A0Q0S0Z010L0N0m0g0G0S0U0k0c07086j0B070Nas9lTQ0Y8mNx08b-HbYK5aAL0LVz
g1__3mqzrtsrmWMuzmOIjFtZguhMkpstpY7NM5KuXnCtlo	pathagon-rules-v1	7	14	3	91	0e0X0W0d0P0Q0I0B0J0C0O0J0H0A0V0c09080D0K090R0Y0f0X0e0Y0X0m0l0f0k0j060c5a06GA0K045a0JGB0RB20D5o0JQv0QGI0K5v060X5aLYGWR70Y5a0JGB4wAp425R064f053t4g395Q2P3t4g395Q2P3t4c355Q2N0p1d3A3u2N0A
g1__3nZqMtb3Xmc0por28TaVpcISc0Qtgo4-MNkeK1mDfY	pathagon-rules-v1	7	14	3	76	0L0h0l050B0G0S0f0J0T0F0a0D060Z020b0U0V0g00040X0C0j0Y0R08Z-0kLVM_c55oB01eOn0NG_Wn9v0T070AZyItQlLoTH0LFY0Q7_2t1M0KF7IJ09AYZq0R9n5J0COFAZOY00Lw0R5s0GVEb90X
g1__3wK0-lFqaeTRbFNUQiWWjbiseWach6HfTrERjkIAck	pathagon-rules-v1	7	14	3	196	080102090F0G030A0H040G0A090B0I050C0J060C0D0K0007010E0L0M0N0O0M0H0P0I19005n060R0DLu1KHW0LMm6aWxC90EHPBqMR1DRhHPBqMR6a07HP6TMKBxRoHP6TMKBx00HP16MR1YS001XU16006M0uGs0LBcH4160R6MMDGzRvBx1K0EHW6aRvC2X9MtHIRvC2X9Mt1YRhBWX91D6hHW0LMmBxX9HW0LMmBxX9HW00Mm1DXG07S068GzBqMR1D6hHW00Mm1DXG07S068GzBqMR1-6hHW0L1KGsMKBqRo1D6hGsX2MYBx1RRo016TXUMt1-GsRhBqMR1D6hX201Gs0E69Bc0_Rv006h07HI6oRv1KMRXNHWRvC2MRXNHWRv
g1__438Fp-EFdyHUTyEPfTITX66DZlAUhCDma_U47rDiRM	pathagon-rules-v1	7	14	3	28	0h090C0T0S05060J0D0C0K0j0R0Q0Y010f0m0k0l0a0k0b0i0U0g0V0h
g1__4LXsp740m1Vecu13UKN7KoUEkGUaPSPIVshvM8SWJM	pathagon-rules-v1	7	14	3	57	040j0M0Y0T0b0R0a0B0d0C090J060m050F0G0O0g080D0S0X0N0i0f0lN00HLgb97N5zCo7j0R5EFRKDI4Qn69TRQxXS9bSq0KDPAT05C10BK0041l
g1__4OmXvfz6H5784cvdNADi2A_X6rS1VinnssAp3mLv6E	pathagon-rules-v1	7	14	3	25	09000T0m0M0l020b0G0h0i0N0R0L0a0J0U0Q0b0N0M0F0E0Y0F
g1__4T23XwTUPfLK4uy_44D448baZtP_T8OXnvfSPOv5os	pathagon-rules-v1	7	14	3	55	0Y0G020H0S080L040c0e0V0b0U0B0Q0g0R0C0F0P0m0M0j0F0O0K0l0a030WbYEYLN07OvVgU10DZEPtHDc83NT5R5I7MxV7M1CX0YDA0G0L0w
g1__4XU4TZXIW1mgZjSSVvyeou03DI6sGfvr--UB61PDUI	pathagon-rules-v1	7	14	3	44	0a0f0b04010I0U0G0k000D0H0M0C0R0J070l0B0T03060m0Y0L0l0e0SII0X0P0ZG_0E0dBfO45rXxb20h1BLa4C
g1__4Y6DWHNrsjZw8dFFj0Js_CdoKrAXGyje5ko5Sc5ZG4	pathagon-rules-v1	7	14	3	35	0O0c0f0g0l0C0D0G0E0K050806070a000Y0W0i0b0A090Z0Q0h0X0I0VRE0db4WyCFDF58
g1__4gPKLoNijYOprVYB2Z65WvEZTy1sHTHCSY-JEgz2V0	pathagon-rules-v1	7	14	3	104	080R0D0C0Q0k0i0J060H0j0E0A0L0Y0S0l090N0B0F0c0a0k0G0K0m0e070WbcPxBF0ZCHHM5r9n0DU94ya3RPPW0L0VIm0YKvAK00GY0WEy0d4F7B0BU703F105QO0N0O0aAm0bO6Sa0DNKPX0CbE04At0bYyTiHMLJ0bFu0dW7Jk0i0hAL0DRP0f9h0J4I0BYxPL0XUk0WXlI1
g1__4iSxx4sgHXPrWYpIimV1iEuZrc3N7S9d9xgUNhrKx4	pathagon-rules-v1	7	14	3	74	030A08090H0G0A0F09020109020O0M0N0V0F0O0T040U0M0N0F0B0G0A0I090a0G0B0T0P0W0S0V2C0Z2K0234031f016-083x044p1t0ES00M015q0N0Z1u0175082P100BBV0M1a3K0q052KMN
g1__4najRg-2En1dRkuiZioCXjv7g-8QmNQdSJkp-2d1aY	pathagon-rules-v1	7	14	3	49	0M0b0k0B0R0T010L0U070I0V0W0C0Y0U0X0a0J0Q0F0P09080d060c0h0I0J0HP80DFe0JL20VGL0A7J0O6X0XOP0UYPQQGu03
g1__4pntsOLpC35t3SJUaRWA6csW2m4mueZWVtEkIUqWhk	pathagon-rules-v1	7	14	3	50	0j0Q0L0T030Z0U0P0M0F0m0h0N0l0M0A0a0S0c0T0C0H0G02090M0e0a0b0D0OMH008U0WEKGtXz0VR30Y2RPObGVd4GIY0N0IB6
g1__5bxyp5Np1fWCiK_PDqo0q-Wmbq2fTEtdZpCUf4DbK0	pathagon-rules-v1	7	14	3	34	0Q070k0W0H0C0i0V090K030J000L0m0I0B0T060E0N0P0Y0a0O0U0R040g0P5a0Mbh49
g1__5etsCpTHeZUvXETWrxPURizh-PYXma3zLbt7C7Rkp4	pathagon-rules-v1	7	14	3	67	0l0K03040J0L0Y0i0f020m0k010R0X0e0Q0A0j0I0a070g0Z030B0h0J0E0P0H0c0F020G06D_5SQW3x0C2W0OLbNxUJD3681b4g2O0A380q4e0H3u5R2O0GZKAo4pGA0K3t3V
g1__5fFL4vLI8oSx5xQtS3NcNTAlkEtEOSyFGJAhKQ3IgU	pathagon-rules-v1	7	14	3	16	0O0A0K060H0D0P090I0B0F0C0i080G07
g1__5m5hu_Kc8WBMF0jw20SfbWOGd3tu27PN1MeyKg-Amo	pathagon-rules-v1	7	14	3	43	000h0g020i0c0Z0M0L0S0N08070E090L08010G0F0U0803040A03050M0B0H0C0b0A0T0O0a0dHO7_098t060E
g1__5mb9WWTMGRc3nqCgGJB6QwwFYLQ8Fs8ym-uPZ2rTUQ	pathagon-rules-v1	7	14	3	40	0X0e0C0K0V0A0J0c0d0G0S0Q00080N03070F01050M0i0Z0L0l0E0X0U0b0O090N0B0RQV0MTA0POo0Q
g1__5orc9r2300rVzvmXlmBDAdnF1TODkWciY_4dBVuWtY	pathagon-rules-v1	7	14	3	196	0F0M0N0G0O0H0P0I0J0Q0C0B0A090H0B0I0G0A080B0F0V0U0T0N0U0W0X0a0Q0W0T0b0c0U0d0V0W0eA20C9G0B030A4d6x347j1d090t2K4e083u042O0A5R024i1d3s04363u1c0B2M0C3t0A356v2M020A0s5R083A0B050A5Q0C3s0A366y1c084f0B2K0A366y1d083x384f052K4e0A3u5R0C1d0B0C2K3t344f1c2O0A38034e0B3s0q2N021d2P3t354f0B2N0A395Q3t1c4d392M0B1a3s380A2M0B3t1c354f2J3t1c0A0o2J3t381b0B2K0p0A03A23x1c354f2O3t5R34032K360q0B024c1d0A38034d0s0B382M02
g1__5xLxzN8FJfuwUTKCzV9d1houeb7LRWsB_sz8mX0hOU	pathagon-rules-v1	7	14	3	156	0l0m0k0e0d0f0X0Y0e0W0R0X0Q0P0X0c0V0O0W0V0j0K0J0R0I0Q0P0H0B0C0D0J0C0I0A06050D04ba0m5P0A3A4f2O025O2P0C3w1c029-2J3t381b0C2K0p0B031Y2KAm0A0o5N2P4e050o5N2P0C1d0-5PGB35Ak2M5P090o4c2O3x1c364f053s0A360q1c0K2M0D3t4g395Q2P3t4g395Q2P3t4c355S2P0r1b4e0A3u5R2O06385Q4iWF0f385Q4e0G3ubb2O06385Q4e0N03J8QvWF3sbb2J4e053u4g2O02385Q
g1__5zbbBgkz1m2tyivNwVkZ5itqCz4p1vzjalwAf71vi0	pathagon-rules-v1	7	14	3	29	0X0E0W070J0F060g04080H0k0R000m0L0P0Q030Z0j0M0f0N0A0b0Y0G47
g1__6J0wmlmoCJHLK1zbMrKw5C6ZWvlqOvJOVWW10Qywsc	pathagon-rules-v1	7	14	3	109	0b0B020I0h0d0N0F0a0j0A030i0D0c090O0X0E070f0m0A0R0W040T0J0HLn080M6_UqITFT0ZE-UA085DbrSZ3wESI0SJ7RXy0eWJ04Xf0CFpLT0ZG7Yn0IR-0DD10hGC9V0MRA0RFw0a4_0MQf0iKd0gJ45p0ZP10Y7_3ibP0mTr0WM42u0Y1xNT0AIBF00GTcP4KV0IAXDRNTMWUqbC02F6
g1__6MIMDS6vVwc-EmiV0zjVdzRmlF9kgiUUgQ6Qb9ysjc	pathagon-rules-v1	7	14	3	196	0K0D0C0J0I0B0J0C0P0Q0R0J0Q0Y0X0W0f0X0Y0Q0e0d0m0l0k0e0l0605040O050H0A030V0A0c0j5P06035a4iGA3sAk2N02050o5N2P4e050o5N2P02070s5N2K3603014i0s341b5O2N0p341b3s2N023A0B3w2N5Q024g06395Q3x2N4e395Q3x2N4e391b3s2N0B5P050o4c2ObZ0K0o342M3t040o342M02041XGBWN0K0C5abdGrRSBG0DcAMCREBG0Dbr0f5a0J0R0CAq0QGI0K670CQvG5Al3C2M0p093r032K360q04025S1Y3s2P4e391b5R2K0p003u0r2P1Y4d3t040o5N2O3A023w2N5Q024gbc3A033w385Q0G4g
g1__6UJ_k8YkH0nco75KYjsMENg2ONaa6keEfCQvBs-uEQ	pathagon-rules-v1	7	14	3	31	00080703090i0g0N0L0E0F0M0T0G080F0M01020F0O010N02080G0F090Z0A0S
g1__6aLpN4qgqsrj199chxKahkFtnt0Fd45tP2mJfrO_s8	pathagon-rules-v1	7	14	3	29	080P070O0E0j0A060S0k0N090G0Y050m0M0W02010g0f0L0l040T000Q2s
g1__6dEpELNsYUoUNN89hCgMLuahDRYnjfO_YREGf5DV_8	pathagon-rules-v1	7	14	3	46	0X0S0M0F0R0g0a0Y0Q030U080b040e0Z0c0T020K0d0h0I0a0V0J0W090iN50lYS01X6YdGp0gRYXOMuP2ah2B3n8l0k
g1__6dLzOf0GU4BvxZF1DIoLqMAeMyt6mBZOO3zq-5tYWk	pathagon-rules-v1	7	14	3	43	0j08060N0P0U0R0Y0m0H04000W0d0E0k0A090b0K0B010O0X070T0G0Z0L0cDIUqJe0eZuAC62VlC5Qk0ISJ6r
g1__6hCICMB57Cis_f4q_tmMsQjocsi1JRszVmmi4rx7Ko	pathagon-rules-v1	7	14	3	31	0L0A02050H0f000R0S0a0g0e0N0U030l0c0Q0V0b0A010J040j0d0E0i0Z0T2Q
g1__6uAc7KbD6gib-q8yiCJgtdIM2o6x7EF4ailUUiY65M	pathagon-rules-v1	7	14	3	72	0c0R0D0l0M060T070m0F0Z0a0P0K0b0U0I0J000Y0C02030h0f0e0G0a0W0EUH09DYCTHiVi35Lo0SXt0THtMP0A4t6GWWORA00hbm0mTm0c3C0703bn0A9v18U20RGFN2021jZQ0cSWLh08
g1__72V90iZYi7Rp4xu4ycNKFXdEYF9cQxhp36TaZ-KR9s	pathagon-rules-v1	7	14	3	40	0J0S0a0m0T0U0C0X0T0M0F0h0M0g080b0i0j0c0V0W0i0Q0k0l0e0d0c0b0Y0d000c010f02Wo05bH1W
g1__73SHVvY2vnv_v0nQGw_aZh8OLN95MeN_hMNtDhsxJI	pathagon-rules-v1	7	14	3	122	0D0d010H0j030T0e0k0P0L0b0Q0Z0K02040F0E0A0Y0W0C0m0R0g0h0BXq340VTUAXUj7GXE410U0gSGCEEJH9KXZa9QbC2uRC02a5Qb0HCY08Uu0LN-0O4_Ko010Q0k6iTVA_0cKz96MaPl0j2l0V03Sxc10bDO09Y90daNHNOH0kMh0XNO0V0L82Ks0X0D0IHM0C1G0XO90UPk0W0fV10dGR0UXV0b079m0c05a30VKe0X0922
g1__78_wHcmaIvR5vfeXJqCjz_L4oPPYuHJLZwZ0RLxNmo	pathagon-rules-v1	7	14	3	52	080F070E020L040900010S0U0M080i0c030T0G0K0M0g090Y0B0C0k0H080V0A0F0I0b08A20G0RDXXc6E0j0eUH832H0XTS1XCe0fY5
g1__7CIpg8acdpsQUKJqq-KDfJOtctbVMkYm9iBUz-ByEc	pathagon-rules-v1	7	14	3	44	0B0C0D01040C050e06030200030A090B08070F0G0H0I0A0G0J0H0C0K0B0J0E0P0Q0O2c020N090M083P0R031B
g1__7J9wVWUAeytQpB3MeW7JOZAvCuIfxgIPnAdyIhpQj8	pathagon-rules-v1	7	14	3	35	0g0h040O0e0K0M0L0C0G0j0f080a0Q0U0X0Z0c060R0A0V0m0S0l0D0FUU00Op0T0k5z3w
g1__7LHk4-I0TRoOvV7v0cArJArUZhCmoTbFjuQO82nafM	pathagon-rules-v1	7	14	3	89	0m00060C0Y0H0F040I0N0D0i0W0T0l0e0P0U0j0G020R010E0k050709084Qbm15F40f040OCYYY73NX2jTR92No0aEYEh801rH80HD10J047O0BSdRcQ30vK90TbHI00Zbf0QKC0GLb0J0OPi0YEQ490I560G800P0FVU0UDXJLOa0h1j
g1__7LmvdCSmj3F-qv3ApFQkbd8XibVCV0llzRIs2MkgSU	pathagon-rules-v1	7	14	3	56	0S0a0C0B0U0f0k000i0W010c0l020g0O0D0d0j030h010G0P0m0T0e0I072YY7NHXQ04NrCQBK0HOYSsD93w0hDxYX0GVU0Y46WD0f0Kaz0Y7O02
g1__7X4QGRJqOb03Z3_gO0NJ-JzrWa1gq749TtSoJXIrmc	pathagon-rules-v1	7	14	3	27	0j0S0c0d040f0Z050F0m020K0h0C0V0Q0W0Y0l060B0G000X0I0M0P
g1__82xfZUiG6mJ3nXB7kd_7aB-yupDteg3XacUReKxA1E	pathagon-rules-v1	7	14	3	27	0M0J0C0K0F0705010Q080J0I000J0E0H070S0T0U0N0G0T090a0b0h
g1__8IdoLKgCzGjgg4DH5xHqcaaX65Sj8S5US6urnw7FBU	pathagon-rules-v1	7	14	3	15	000i0g0b0Z0M0L0D0N0E070J0E0m0S
g1__8WHlAeanU39mEAHCiork7Z_oRXU4NWeSzprV0_Ai7Q	pathagon-rules-v1	7	14	3	57	0T0N070K0B0k0G060S0i0g0U0e0j0P0m0V0J010O0W0R000H0d0Z0L0c0903HK0F0fFMNp5uW8SC0ACr1GGRWxTR8E3f9cb_920CWo06Kv0KOrMC0h
g1__8gOc2MBJH1PrXzPwanwizRhN-KHnXRRuN6NNyuUbDg	pathagon-rules-v1	7	14	3	78	0k0Y0C0O0m090N0h040b0i0V0l0J0L030d0g010T0F0G020Z0B0D0f0IWO08VG7VAE0M0G0S9g0KEJS40N0HCMFzbBT-5nQzVP03bw0B3-Eh05Oo0cBR09Mi0M9R0b8h0PF10BXs0IPa0cOo078V0e7GKc0S
g1__8iiOrQ1qKyWieqxljHNUnovDbcfkba94nXaA7OIxWU	pathagon-rules-v1	7	14	3	70	0F0702010908000A010G08090E0L070M0T0B0M0N0S0g0U0M0L0a0H0T0G080N0h0F0M0d0O0Z0H0N0V0i0I030U0v0bYs0W0O0P2v0j3Z0k0fNB6tOM0UEUMk00bGalBX8z03KeRz1W
g1__8ljTQCWCjRubehJDmgVcM4l2oN6lIC1UnSESbkKcs0	pathagon-rules-v1	7	14	3	51	0D0i0k01020Z0d0g0H030Q0l02070h0e0C0j040k0I0Y0B0J0c0m0K0f0J0a0T093r0RU60AUs0G9IbcAo0B2ORN67DN0Y0G1Q0RCn
g1__8nUDl3nT6mdd4A54C3NJTxbAKEyFxCU3nsS80GI6wQ	pathagon-rules-v1	7	14	3	32	01080m0K0a09070e0h0j0T0Q0H0i0B0f0L0C0V0Y0P0W0F0g0d0R080h0O0kSZ0l
g1__9EvP6fJ5-CKLctaDhXOg3srVakQD2J5McjOrZSZThk	pathagon-rules-v1	7	14	3	17	0D0E070Q0N06000F0L0M0E0S0g0R0Z0T0S
g1__9H7ZLx6rIObqjdWZhPj65Rzj8hx3kTWXPcyh_s9bf0	pathagon-rules-v1	7	14	3	31	0d0e0k0m0K0R0H0D0J0I0V0E0G0S0b010L0K0c020l0T0Y0M000J0A0C03AR0O
g1__9P_vbBqJxV42XppNKYix7iAr0iWpDVjjLzZmKMqO88	pathagon-rules-v1	7	14	3	76	0M0T0l0S02080a0X0D0E010L0h070W0Q0T0j0c0F0C0Z0d0g0V0Y050kbS0b096P2n0aHk0RAkQQ6GCrYdEQNd07ORMUV1JP8yDyWRDJ7r0O0dJn0U0X0b8q1WalYQ0hbTcGalW7ZsbT0lHYcARZ0Y0l
g1__9fbz5RzcG72RDPHmf7Kglj22jLEmRBJY1BAfF5L1IM	pathagon-rules-v1	7	14	3	62	08030e0B0X0Q0F0d020V0f0N0G0Y0U0h0D0M0A040l0N0T000L0M0S0KB10b0j010k05CN1q0iIdDF4DMHYS09CfVzbd7x508T0JE101QY0UbCKk0eT8VZJQ0e5X
g1__A7QzTwMDdlqEYzzjBPEYej6gQb9J_XqYg-mqKW490c	pathagon-rules-v1	7	14	3	196	0T0U0N0M0O0V0P0W0I0H0L0O0M0G0F0N0E0S0Q0T0J0X090A080B0C07020304010B030A02052J4e09031d3x0r2J02013u040A5S3A3u04025S0t3r1c015S0t3r04085O0s07041Y2K6A080o4c2Q02080o002O0t1Y024d050p5N1fME2R0p341b014g0s3A03051Y5O36030o4c2O3A023w2N5Q024g1d0t013w1c012M1a3s04345P1b3s0r4c392P3u1c025S2P0o343t5Q4g052M0p1Y4d3w2N3A1b4e3s04363u1c012O5Q3t1c4d0s2J3A1a3s0q4g2O02385Q4c1d01380q001a0o34032K360q0S1a3s34032K360q00
g1__A7wTpiVVzY5XBvuAX1oDL3kPVol5sBzyqkmzylChPU	pathagon-rules-v1	7	14	3	86	0g050H0K0Y0I0j0Z020d0P090b0D080N0f0T0J0U0X0c000e010O0F070Q04CW0C1zOFEW6uZi0SFf3yKH5JM7U0R4NY0xU-0481YB034a0iO80WTa0bOt09XQ0B08YU00BG0cRp0IZk081m0RT70ACIIS050804az0692090M1g
g1__A8xq-zh57o5twAWCgIwcDDYEDFPW0fxSlYSyWEttew	pathagon-rules-v1	7	14	3	31	0h01000M0L0b0a0T0S0U0N0Z0g0M0Z0A0E070B0k0F080C0F0G090F0H020309
g1__AEDE-X15L9a4U98f9iVNkunSwCI-VK0NI2rEEm6IEE	pathagon-rules-v1	7	14	3	33	0E0F0R0i0O0C0Z0j0J0X0D0Y020T0G0L090Q010S0P0f0d080J0c0Q060k0K0W040H
g1__AWMOc6tcpuRB8SVn--U0Q4S-i4qWH7-UbqOt741k3A	pathagon-rules-v1	7	14	3	45	070G0D0X0F0E0R0b000M0U0c0O0S0f040C0h0e010m0j020W0N0I0i030H0JYb09bdILEL4V0l8H6jD81TFpJhXm2d
g1__AbE7TDo3uMPndfkhgvbuwNd37C2RnN5XS-_Ne3uAF8	pathagon-rules-v1	7	14	3	55	060j030h0d0M0i0I0W0V0D0R0e0Y0g0a0K0G000E08040O0H0A0k050P0l0X0B0T8gQQV2Nf0cJSCPDy7QKT5e0O81SGX40TD-0P06I1AG0C1B
g1__AjAjkgRB0U1R07kM0lLBCtcZruxLzKx17uSWYceS78	pathagon-rules-v1	7	14	3	94	0h0K040T0R0H0V0M0i0607050j0Y0A0d0c0k0O0U0D010X0L0J0S0l0E0k09bO0gUW0aXiMz0SW-0G8H6VGW1BIDZ65m0iOQOw0lMJbG0PBm0XSq0ZUw07R70aF50BYD0lb_Zp0jL9PB0VGf0JM10Q0CaW0KR_0W0K3bBQ03Vc0bP90mGdHa0LQn9s0S
g1__AoMvKtqJyrDp0w_xKuqsgrUPV7zN1wS4PLMlG112cg	pathagon-rules-v1	7	14	3	19	0Q010N0T050X0e0C0X000J020C0l0m0f0Y030f
g1__Arp942ZKfkhd1toyJEqtdLlgdIbL4gwkCtMq8pd2iU	pathagon-rules-v1	7	14	3	88	020i0h090G0j0a0g0b090h0c08070Z0U0V0b0T0N0U0O0M0V0G0S090Z0N0a0F0H08010A000L0q0E1a0A34012M020r0A341b3s2N0p3403071d01380q0A1aTz354c2M3t0c0o342M6A070o5N2N36030o3r04073u6s2H07XfYM9B
g1__AyLc3CUj9M55cjficuTAj9zchsIqAA9wxhYKcAZ2qM	pathagon-rules-v1	7	14	3	25	060T0S0702080D0K0R090K0Y0M0F0f0M0Y0m000e0d0U0e0V0k
g1__AyS6F9XpOgKhnwBldlvHaycHfnPxUykR_f1VogwTZM	pathagon-rules-v1	7	14	3	80	0E030T0b0K0M0W0k0l070L000h0Y0V090a0A080d0Q0I0G0f0D0U020HGt0ODj8dOxJsb514Y5WJ0f0h0Oa9KTOE05914_F1Ha0i2b0gM-02SyOG0OX_0W2x02P70QFsag8EMA0RLI0TWE05Rg0QX_Zj03AT0jE7
g1__B2Q0EzPpIijzGNH_rzPeTl1Oz6eD2DWoKxOEfHKdUg	pathagon-rules-v1	7	14	3	39	0R0K0H0A0D0O0K0H0N0G090M0G0N0B0I0P0A0I0C0H0B0V0W0O0U0d0V0W0J0Q0T0F0804090B0G0k
g1__BCrdkZ4Se5XApZxYmGIeRfe9BTZO7OiEmy755HvVhg	pathagon-rules-v1	7	14	3	164	0R0Y0X0Q0K0J0W0P0I0B0P0J0Q0C0D0605040H0O050A0V0H030I0402090G0N090O0U010N02081Y012Q1a0o00360q1Y5O06363u1c012M1a3s0E364f1c052M0p3s04343t1b4d0r5S3A033w385Q0F041e4c2O3s5P384f1d2P0o343t5Q1c082M0p3s04343x4gAp1b5P0o00360q004g0s3A033w385Q0D4g1d3A033w045N2K4e050o4c2O3A0D3w1c5Q064g5S3A0M05Al0p6v5Q1e4d0s2J5P1e0N0s2J5O6A080o0D2J361b3s0r4c
g1__BGmiQK64qTxDsLq_mwl4DeIQf4XPuDVMIg_JYxIgLM	pathagon-rules-v1	7	14	3	29	040Z0c0b0h0O0H0Q0m0L0J0002010U0N0e0k0B0F0W0I0P0i0j0l0d0R0I
g1__BJ6h25OIQR3-El_C--nSfgCNzgFKemB9aUNiA5MwdM	pathagon-rules-v1	7	14	3	129	0c010G0j0T0Z0d0B0b0J0W080K0k0O0Y0g0i090m050E000P0V0Q0h0fDNZzV3YkOab5NTac0A03Od0IXdcE8I0V0dKuHm2C8X0T6Y0WJY0NTc9j0ORJ0UHF0Q0D0C0XXy0bLu0aGhKN0YCA0JZz0m0RUV0K0ESs0JXK0g0LFo0c4X0j650bBs0T0E0UVB0LYpOl0QKB0JTV0MGC0GCgXF0fIc0hRT0LFu0bA4KN0FEw0RLADZ0B80Xua50fc50k53
g1__BZhAZBkE1fRpWPITJNuMeYFR7kQcaRK694oNYhn0X0	pathagon-rules-v1	7	14	3	48	0c0j0X0k0m0E0h0l0Z0F0d0e0i0V0W0c0g0J0d0O0b040c0P090a0T0N0U0f0a0DU90H0G0LPN05NI0N5v03Z60MRFH0TJa5
g1__BmsPz6_G5JuJUHckPZQ7GQaFJAmzzYqDQW8iiF5tnw	pathagon-rules-v1	7	14	3	85	0i0109030Z0a050C0k0l0f0J0b0R0a0H080L0W060M0j0G0Y0T0O070U0h0kYn9_TiJYDJ040Q0N0V0eWnIkXx0mEkaWUFb2003T0CQI0Sbu0MK80mR20UIhRi0gACFh0C4BP20fChHs04Zn0jV-0XEE0ADV0cTBbq5Q06Bm0D
g1__Bne9-WjYQauLh9nIlO8HO9mXns7jl_0OEaDYvyeMW0	pathagon-rules-v1	7	14	3	40	060I0Z0e0d0V0H0Y0B0E0M0F0i0N0m0S090P0U0l0j0c070W080L000h0k0T0d0J04Px03HA9n0W5dBz
g1__BrOLh44-fm3kccIP66QzS2sdXZQFlMvJRAuZD_S5v8	pathagon-rules-v1	7	14	3	57	0j0M0D0h0k0W050Y0B0c0m0J0I0V0i0S0d010l0f0K0L0b0J080e030Nbw0g7A09Eg0G3aDd0TXw6BG-aH069GC6TPU245R1Fo0mbU0l4g05N90C3h
g1__C0AdzrYHGwVru1apQmxvDXk2s2IU2OQ5G5Dbu3uWUY	pathagon-rules-v1	7	14	3	33	0E040b0e080d00030m0R0l0a0L0K0V0f0H0c0O0U0J0G0F0g0i060G0N070bZA0Z7V
g1__C3ZWu-HnQ1mWysuA_VgSvgXHaiflBmS9Cfo9Gt7xIM	pathagon-rules-v1	7	14	3	40	070L0K0O060c0i0k0D0P03040j0e0J0N0h010U0Y0H0R050C0A0Z0g0E6u0SA-0X5fMsFOKU3QJm8c27
g1__CEMs7x0p2UQf0qyeRCPoNwDQzgA4JuBY4Gz_U40Vlc	pathagon-rules-v1	7	14	3	38	070E080b0K0g050B0S010a0m040R0d0U0Q0D090c0K0H060e0J0L0f0Y0j0M03R20Y0d0lBsMQ2B
g1__CG-7iqXG4FApvxQdBv3fL4SD0EBAbEwK0iJZzVaBqY	pathagon-rules-v1	7	14	3	69	0m0T0J0R0K020h0D0L0P0S0O0e0f0V070Q0c0Z0C0B0K0d0j0H0g0103050V0IT_1h3K03GKVQ09VGLeLCJFMeCoRa6e0ARO9k0F5FX60ZCY0U7L0QDh0cZY0AXY0a9l0JPS050j0z
g1__CNnU0PU4HpcEiVAFjVeNhXcyn6U5LeEGwXeLmBfgoE	pathagon-rules-v1	7	14	3	60	0T0C0m0g030l0S080W0e0J000P0G0K0F02090Z0U0405060V0f0A0E05KK0IPgNyWL0c3jOnc0XDN18L5kDP0k1TC3F1JxAYI_0YSrJL0VEV0eD00MAhPN0g
g1__CR1GJRZMzoYsSuquJqc3aRq4aPwMErg2do9R_bfKLw	pathagon-rules-v1	7	14	3	68	0D0L0T0B030V0l0c0a050E080Y0m0Z0X040N010O0j0A0P0b0h0R0f0HNOTzb0IOCEQVBK0J1lcFDO0M4J630910WU01KI07KxHL0b7N0PNM0b1e0N02UL080Oa309DrJA8R0d69
g1__CV3Wp4S99pGfNIJKL_6OgsfhmTidxYUN-6o4hUnzZo	pathagon-rules-v1	7	14	3	25	0N0U0b0O0H0G0C01000Q0U0F0Y0Z0a0R0A0X0i0V0P0h0O0d03
g1__Cb5ftbm9lF0TsffYQqhn1QM68WyRvUxkz_eHvM3V6Y	pathagon-rules-v1	7	14	3	73	0K0V0N060O0B0k010X0A0E0e0R0d0Z080W0Q0P0D0X00050Q0H0X0C0G0J0I0W0g030r0H0m0b0I050H0hVt0icE4m0a3qEk0I660O0c0HbUcGZ-0b0jCEcAYSBGbRXgcBalYQ0eZAbS0dcCZH
g1__CcYis0Hn6JoxDJUBpDNGTDTre7pT42VjQ_9wxrmbBw	pathagon-rules-v1	7	14	3	29	0l060i0U0W0J09070L0g030B0O0e0S000j020b0Y0A0P0R0C0N0a0H0I88
g1__CcxE5vjuV7T8pCVeMcVqAJNOViZi7cfo_FSx8mFaaw	pathagon-rules-v1	7	14	3	17	010Z0c0J0K0Y0V0S0j0g0O0G0H0E0A0X03
g1__Ch_dCEnKz3Q6zrMAeJ8a1IKqxz3dtk0owVsCuofeGM	pathagon-rules-v1	7	14	3	63	0V0W0S0106080l0Q0K0I0A0B090b0H070O0M0k0Y0g0i0L0P0J0N0Z050c0d0aTMT5VGPDL9Mn4-EF21aW0S0c6wQmPBb-6ma_0dTvK803O50F08aG0M0G9w0U0l2g
g1__D59ai2Gwconnzj1ZKuK6eecFGbe-siWHAiNcVhTvr0	pathagon-rules-v1	7	14	3	60	0C0a0U010903050H0b0T0A0J0B0i0G0m0K0Q0R040P0F0j060N0W0l0Z0E080I0QJ305Lu0i8OCb0JYr0T0e8q5PbSc3FJ2tKM0RNe0XAW00FQ3D9PLACE3_
g1__E0po9PsvQpT52IF8ww1wn3Ls_eYVmvl2kzr3_7X7No	pathagon-rules-v1	7	14	3	17	000J0j0H0E0I070G0L0F0S0809020Z010g
g1__E59ylyJzakXheYz8NqKAMRJEd82XmIad96-ftelL0c	pathagon-rules-v1	7	14	3	35	0V0O0c0H0A0W0X0Q0P0I0W0J0B0C0I0d0e0K0d0D0R0Y0Q0R0f060m0l0k0jcG0m050f4g
g1__EFakUj7XzKzs_uCoYldN3RscOjO7AflfkevWPqS_Hk	pathagon-rules-v1	7	14	3	196	0U0T0C0V070R0U050D0a0j0Z0c0Y0G0A0M0H0O0N040B0V0P0i080O0b0E0N0S0m02LV00Sy0U0F0J0b0T010abdO31aNPS10L2s0INSYz0c1V04ZwUaagTmZBZw00XeagZ7MvZyYPXcZ7SG01YPXcZ7PCZzYPagZBXdZ-02akYQcE09bUZCZ-0GM5REc30MWw60REOHbdWwM5REGdbrWwM5RE0YbrRZL-WbGkbrRZL-Wb0NcA0KL-GrWb5FR7c3MCWbGkR7c3MCWb05RSc3MC51WURSc305Gr0KRSGqc95MWibP66c805WwbPV3R7c3WwM5GWR7BG0D06GkR70CL-0DcABUREAV0CcAMCREGd0D0K0CcA0DRZBTWtAfag0CcDbUZuAg
g1__EMKz0s01L6jpmIzIQ07CWhsMRghoT59XdHL6mtLZ2Q	pathagon-rules-v1	7	14	3	50	0M030f080Z0Y09070A0E0m0V0C060H0P0U0T0e0L0J0a0l050d0R0X0F0hOo0cT2ax6O0iCwcF0FWw3BUrRYXmKSYtXF0a4v0i5e
g1__ENpZGVfVlRNOLrvlm-gfmyapKN5Pk60WwBjTYY0nk8	pathagon-rules-v1	7	14	3	48	00010c0B040b0i0C0j0Q0J0X0G0l0a0N0g0k090h0S0b0Z0U0V0H080YSm0IFM0a19Sr0P0aZjIk3wSZ7kXx0NPkRv0G0WaC
g1__EVjnsXrY8IT9ZPcmjwMRheOCRbR-RVXjKFflM-1jwU	pathagon-rules-v1	7	14	3	63	0U0b0Z000R0Q0Y0X0k040B0m0D0M0j0T090h0P030d0l0c0F0i070e0EUJ0VLl0gKB0P7_CsYz0ARc0TR50C06UG5vb80GXoMI0fRDI20Y6d0QJT0C8y0bPF0W082i
g1__Ectya8ks-1xhMDk8TwXH1X1eLrc4MJt203lHNY8Y3g	pathagon-rules-v1	7	14	3	132	0L0M0N0O0H0P0I0M0A0B0N0I0G090M0A0F0H080E07000E0102030902040S0T0U0V0T0W050C4g050t003w045a060C5SAq42A10C5SAq420J4w04Ap0C3H034g052M4e050o4c5S3x2N36030o4c5S3xAo0C4f5S3xAAGW4w5vAqLfGWR75vAqLfGW0r5hAqLfREGd5hAqLfREGd5hBNMCREGd00cAMCRE1J00cAMCREMl0ScAMCREMl050SLYQt4o6D5a
g1__Ejo1VEYVc_XMHm4NpwF2C25V5cf1jq5s3eBozwTQpg	pathagon-rules-v1	7	14	3	14	030H020G010F000E040I050J060K
g1__Ew_z6q7AlfODkQyPTsU8kIlX6scLkCM1WJHAjAw9_g	pathagon-rules-v1	7	14	3	47	000I0U03020f080D0i0E0L0h0c0W010S0d0b0J0V0g060L0N04090O0A0K0a0l0jGG031S3U4TSsXnMSXK0T2p0K75ZL1q
g1__F59ShmUPHaYF3rYxG7JllV0R_tn4hlrDnvQNHBQMPw	pathagon-rules-v1	7	14	3	45	0B0A0E070k0d090Y0L0G0I0N050P000H0l0V0O0e0c070A0J0H010W0X7t0C1G06bS0dHF00Bq0QPd0W8v0NIC6bAo
g1__FBLteXxMjLA3ZdCjf9MvjpSgrvCI_f0p2nw2Ge5Bkw	pathagon-rules-v1	7	14	3	75	0M050R0X0J0D0P0j0C0S0B0Q0b0L01090i0E0c0N0Z080d060g0V0K0F0MOZ0fL3RcMlXB07TfBy0W5xFbBOK0QB0eT42qH90LCQ0SX70DJ80k0QZ60j0YG2H90bWP0LVt0hF-Y9PV0IO4A55N021f
g1__FBvVjEacFTSJe39qPSiEdE1_NMmeW0p5QdzxKZvFUo	pathagon-rules-v1	7	14	3	100	0T0g0i0703050F0J0G0Q040U0D000I0K010E0Z0a020B0H0O0R060W0XE60b4b0c2GTGLnSMDO8VPd5ocANtNZ2DI00S0j3x0TQW0JBh0eMn0L1HCt0lF80HBU09Ie0VK30lHO0SaY0MRX0NTa0lGb0N2b0JbvL40RXJ0F7BOC01Pl04MC0R3k0lc6A5W90XCIEc0l9E
g1__FDthKXiX2VRfP6EjZg6lDF5SCaQZqMJwcuQqGLAnzk	pathagon-rules-v1	7	14	3	78	0I0J0e04080b07030A0P0G0K0O0N0l090U0B0O0Z0k0E0A0V0d0c0I0S0g0W0HPd0TBk0a3xO4SDaV0U040TXcO80U0G4FIt0XU509Ch0F0Q6c0G0YMi0F0UbM0G0O0N0F0OUM0G0O5Y0F0ICH3K0FBm9B0S
g1__FFECkgaaf5wzYrgQ3wVth65mSY8sfpATQQokcOl6KU	pathagon-rules-v1	7	14	3	31	0i0l0f0c0m03080A010G0R0J0h0I0Q0e0W0H0O0g0E0X0U0F0a040M0b0F06By
g1__FHfp4r74_Khby7-dUGp9N6aloeiNL2wi9VQHMgqA18	pathagon-rules-v1	7	14	3	49	0F0M0a0T0H080B0A0I090E0F0V0G0O0N0P0U0W070L0S0Z0b0S0c0d0C0J0B050QRg6K0D7S0J0a5J0C040c488I0K92Zy0XC6
g1__FJd3Cxbb_uhgXkj0GLUAfXj0SrP9lmUuVmO2nFQqmw	pathagon-rules-v1	7	14	3	27	0D0C0J0K0Q0R06050P0I0B0J0C0I0J040W0B0X0Y0f0e0d0m0e0f0l
g1__FZpxO4X-b2rXRPJfaay4rtPs5RA1VScEmhw1RJZCkU	pathagon-rules-v1	7	14	3	19	010M0L0G0E0l0m0U0S0f0Y000704080A0Z0e0g
g1__FfkJzDWkj-5RNtEHPd9k_5Myqtb-munI_XOyXAjV4o	pathagon-rules-v1	7	14	3	196	0j0P0I0J0Q0W0X0e0d0k0c0d0V0O0W0H0P0I0l0i0e0k0d0j0b0U0N0b0O0G0h0N0a0T0b0M0F0g0Z0h0S0aMzXabI0lcAbWRYafWubz0LX90Z0F0aC90LMmHIXG0gRoXNHPSgC9MRS0HPXGC9MRS0HPJ9BcMR0OX2SE1KY80LXU6oMuHI0LXUYMMuYv0i0aYPXcZ7Mv0S0bXGYFMtYvCASGXU0g0SXcZuZAah0kXcZuZA0i00Xf0EZAbQagSG0ZXcZuZASG0ZXcZuZASG01XcZuZ01f0oWxBX6B1c012M0p3r1c0E2M0p3s0g36Wx1bBW2N0p341b3s2N0p341bGt2O02382M4e0L3u1c2K0p0E3u1c2KBX0E3u1Y2KBX0E0o342MBX
g1__FniK5lfvayhymaZqlLqqlvCNSBctb---coeXxafXP8	pathagon-rules-v1	7	14	3	75	0Y0N04030C0l0G060L0f0Q0O0D0i0K0m00070b0W0g0A0M0k010h0c0aAb5q0yZ0KwWOVq6GCG3A9LSn05RcUZ0UIAO0R50dXP0HLZ0NGQ0QB40SF70PRo2m6h0V0Y5pTa0bRl0I4O0N0Sbm07VJ0g
g1__Fr72bMAiMwi58qneBUdx3Kr86epP9zNvnVp6i7Zrcc	pathagon-rules-v1	7	14	3	64	000F0703080j0E0g010a020Z040C03050609050G0A0B090h0H0i0I0b140B4o05420B5R0c1e0B3w043Q032Y02BW0E68071tSD1K6gHIBwRuRZBG0TGWc2R7TjL-2x
g1__FxQCHxeG5ttpR7tKzykq9Xz5bl7VM-IaAexIbMbw6s	pathagon-rules-v1	7	14	3	73	0b090E0A0T0O000S0f050g03020Q0X0H0L0M0d070Z0R0S0a0l0e080D0F010T020B7kN4Aw0IJS0999U-St6355MQRZ0KW6ZCahXfZvbQZAah0AXcZuSJcFZDXdYP0G0B090I08Zm0J0R4106
g1__GAiM7PXT8stwAy5uynCGZQKpM2_jaiNSPzMQiHcvQw	pathagon-rules-v1	7	14	3	56	0j0K0b0H0A0c030Y0O0Q020R0D0i0C0H0W0N0Z070V0U0P0X0J0c0b0I0S0J0B0a0I0bAcRZ2VY_0M0FHiF-ZZ6MK10J0j0T6OCdH80P0HbvZaGm
g1__GI9ccCkCP4cXQVn7Ul_-hgYUofToj9b8y16Z7c3DnQ	pathagon-rules-v1	7	14	3	45	0H0f0g0D04050K0M0b000P0V0c0d0R0S0Y0O0F0L0X0Z060A0m080a0f010e030kU40HK90UQV0CX3EI3kHDB4aW4W
g1__GJtxjroD41_Ms03QQf2qurRiwysiB2aJzhwl7rdwn4	pathagon-rules-v1	7	14	3	63	0F0m0S0U0d0601030a0Y0f0k0H0B0b0P00090N0W0O040G0A070K080M0X0gCzXd0e7lD_3MJuGHBHbkMRR2Sy9a0aAZTHJeDMCiWJ0R9v0mS90QV5Yx0Z0fbCLN0g
g1__G_prf63KqhxECbW-5xuCHXTV0tqHn8VmcNHBdab-bs	pathagon-rules-v1	7	14	3	77	0d0m09070W0M0Q0F0e080O030l0I0C020R0g0Y0X0i0E0f010K0J0h0D04BS0PX505bk4n0mLua40LG304C90HHdPk5KMwbMZC0e0IXdZucEYQZ8Xd09aiYQbWW8ZsaiZB0GcGZ-aiBS0dcG0W0VRZbIZs
g1__Ga8EFO92JpIzYsTQYoXdaEhmq2AoP6kHuSN2QH3MeI	pathagon-rules-v1	7	14	3	21	0h01000207080E0b0a090L0k0U0Z0i0F0b0a0T060M
g1__GxArjPhuxGc7LN4YuloQ2CnhmHSUwT3aHL5WN8mUf8	pathagon-rules-v1	7	14	3	70	0m030J0U0Z0X0E0k090W0H0d0Y0C0M0Q0L0I0B0g0K06000O050R0G0J08PeCCASD-Kl0P3g014IQsUW7qaD3HPCZqJsGgBp04OQIF0YKK0BHK0WAa0O4CYB0EGU0HPl0a6205Ez0D9e
g1__H15hmLzUBy2Yp7TiN1g6wQeDd_pGblLuOxlgbsrtVU	pathagon-rules-v1	7	14	3	64	0A0N0d0G060g0h0a0J0V0U0D0Q0P0H040B0e010Z0R050C0K0l0k0S0OFRIr0NJl0fVi0YAtYJSG6W0m0F0PMBYl0WW-Mw00KjU2083y0AKA0L4kCXDY0G0e22090g0x
g1__H2qQur77n8jPlJRVN3iikU3cnO93AdqRJwd7MbHZpM	pathagon-rules-v1	7	14	3	53	0a0d020M0T0l0B0E0c0K0Q0V0H030k0h010G0i0F0m0C0l0S0R0Z0W0PYm06av0b0dDB0O0D2F0BJYME050I025V0a0gEUBZM11rSX0Y2c
g1__H8nGGhDMc8Hz51H-SndCjVkICDwEI71gn95ECqMyWo	pathagon-rules-v1	7	14	3	39	0007010D080Y0F09020304060805030U0A0E090C0B0K0G0W0I0J0R0H0V0I0L0b190S0HRP2F0P2v
g1__HGZXVOiFefOgpaprDoHgaTW-zYLSzlV8W9kJ1ByPaM	pathagon-rules-v1	7	14	3	65	0a0g040f0S0R0N0Z010O0B0L0U030d0M080X0K0Y0E0T0Q090D0h0l0P0jNE0A0C0S0J0k3Mar9_BeDF2EJQ7mK69hF7AtIDGg0PZc0QTNY30IQQEI0hOvXz0VR30IBY0B
g1__HJzVbSgXmYzMNdMppSUUjiI0gxgTgwo7X2mgVGnCgs	pathagon-rules-v1	7	14	3	42	0m0J0M0S0c0X0h0V0N0G0L0j0Z060W0C0b070K0k0R0E040Y0f0T080S0O0D0Q0PSG5r0F6gKhBnCs0N01DP
g1__HUIM8dqRW8SZ_nYJo72_kWIEFkdDK4wBZm-qCZrlzU	pathagon-rules-v1	7	14	3	48	0G050k0T0f0b0K0U0m0d0W02030X0D09040E0a0I0l0e0d0F0e0Y0H0RWs06cA0h0ABs0mY4Yb0V0CNNAT50WB0JArFY41Os
g1__Hbl9VC4Ehgv2WfhpHVCxAg7-qHxfPtmxA-cujhSe2M	pathagon-rules-v1	7	14	3	27	020a0b080Z0M0i0N0L0F070E090G0A080U0T0S0H0O0P0V0H0O000H
g1__HrJKG-6P85JSUWx6YgDDOIQKjuFa-zYvmGgGbj_sts	pathagon-rules-v1	7	14	3	117	020Q0m0h0W0R0D0M070U0A060T0G0Z040g0F0V00080k0U050O0K0I0d0B0eJk4pO7V6c5DnP6Xj0EakSTGf0d41JtK_9uLrRyVm0QAn04bc02GW0OO00G04F6090A0f7A09Uu0hCF090V4n05IK0AJ70a4I0eLp040R2hYJ0hJz020U6qUh0WAM0JayU90FFj0B0cNnTP0LRm7t0A3D0C9n540OENHG0BWZXC0LAL
g1__HtvYl6A-9A5Z02z7cOuYgkzqLYSN7yaBm2cVOJLXUo	pathagon-rules-v1	7	14	3	41	0K07030C0D0g0L0I0R0M06080W000U0c0Z0j0O0E0m0X0H0b0i010J0S0a0F0d0fFt16GmAh5k6RAu72Lv
g1__HwdT3qpCIZn7fhAtQW3UNO-NLOOvOh7ynte23Yze0M	pathagon-rules-v1	7	14	3	15	010C080B0F0J0M0h0g0f0Z050T0R0S
g1__Hxb7qO1rl_Wbao1psIYZBHdFYMZbGhrU_SnKs8n4dA	pathagon-rules-v1	7	14	3	91	0K03090a050S08040L0f0V0N0T0A0g0H0J0F0Z010c0W0U0B0k0P0j0e0G0iaP060YSZ7i5kZ-0dUc9P2J1uQrCi0YVEXYYYas0f1I0Dbm0iVL0MKz0ODI0G0R3S0QIZ0WVgOl08Q30MZZ0lPe08Kq0d61E20H7F0F0IEY06Ns0H7u0kFm9F1Y
g1__I1rkXZunb1fpSj9wGziJG9do7S1J04tZqMgRGb-aMA	pathagon-rules-v1	7	14	3	17	010a0b0Q0i0N0O0E0H0R0U0L0V0d0A0I03
g1__I20_YUTriC8i13kUs3W2eIsobeRr1wtR61QGVMR6QU	pathagon-rules-v1	7	14	3	88	0f0C0V0j0N0d0A010B0I020T0M090P0D0K0b0X0I0a0h060T0m0e040Q0E0S000G4N079m0U0B0Z0g0lGn0L0JTX0s0FWlVb0IHM0X8I0Vb80H0cEw0O0UMu090iIi0fEE0Nbn0Z8Q0R9mCj0NVC0X6n0dVx09Lx0P00c60l2n0kV30e
g1__I5IwqV06ZWbFIS3jlCv2Kfseozby9CgF5PaHLD1nYs	pathagon-rules-v1	7	14	3	61	0H040P0L0N0h0Y0B0D0k0d010m0U0c070e0G0b0l0V060Q090R0T05020gamB46GLQ9MU_0O0a0fIvaM0E0qLmWSTf1kRG8RXE0gBg0CRn0H9cH2FV0UNAJf0I
g1__ICKzME_TVWNvHPHvEtrj-JcUKj_S2usPR3LkjeWE5Q	pathagon-rules-v1	7	14	3	48	0V0R080M0m0j0a0O040P000Y0Z0i020F0X0A0L0e0I0W090H0k0C0T0J0lR30B0d77JkNB0f4DUl2r0CGxE703TN3I0KSSAF
g1__IMdZ3-prrBEm4aPKocyY6OS2bbNEnf1tTPdHre5ivQ	pathagon-rules-v1	7	14	3	196	0H0G0A09080F090N0O0M0102030902040B0I0P0H0B000I070E080L0S0T0U0V0T0W050C0t000J075Z0I4i0s00385Q0Q0t4c391b5O2P0A020B5SA33s6z085S0t3r1c010B085S0t3r04015S0t3r1c012O1a5O0C020t4cA24O04HI5iSE590BHIXGSEC20EHIXGSEC2050S4gRf3A033w385Q0C0EA14i8W3H3u5R0A2M4e3w7k09034i3wAo080B2O09041a0A0o4c6D3y080_Wx6C4j390q3r04075S0t3r6C075S0t3r0C045U0t1Y4d0508045W0t1Y01Bc5b1K1Y01BcRo1KMD0J1fRb0t2J6A1f5O0t2J021f2K0p346B
g1__IoDccmg4YSzE8hqsF9q9DGMscD182TQl8SjL2UFHZ0	pathagon-rules-v1	7	14	3	32	0b0i0g0f000h0G0O0H0V070k0W0j0F0S0N080d0c0U0e030d020P09010a0T0W0a
g1__IoJ_0iQ7UzLsYJ8r62giapZsrBoGFZbR5K7v7N4_Io	pathagon-rules-v1	7	14	3	47	0f08030D0X0c0V0L0M0m050W0Z0R0B0Q0l0F04060O0S0T0U0K0E0d070V0i0A644t7P0b02GjCd0J0hV_LbFS06WoAk3Z
g1__IqYDtkmC1MYQQId20oeKtDMrYVia9Llr7CjvjwBNHc	pathagon-rules-v1	7	14	3	66	030m070F0K0W0U0G080c0N050R0b0H0D0E0J0O0S0Q0g0Z0V0T0i0X0fS84yIYDeG5Oo6HU2T4c30mBH81Ef8SPTCDCYKrV7JlXJ0E9m0NMq0eFn0J0XIo0Ia40Xc70WVR5k
g1__IvolK_k4gVz_OZQtuIkefuL8bLLr7Hn3YTQx0eBb88	pathagon-rules-v1	7	14	3	30	0c0A0H09030j0A0B020A0G0L090801090F00080704080I0P0B0C0O0B0N0D
g1__IzDen6ckujZc77VdA2G9xf3oHIfzX9Bq3B9no2yQyY	pathagon-rules-v1	7	14	3	61	0T010a0D0S0b0R0M0m0N0Y0e0B0O0J050h0203000l060C0K0i0I0g0V08Vi0kP304160P0S9qGzaiI10f4uVt0CZBL1WV28N-0WQq0MM0Ro0PPl0iB80T0W3Q
g1__JMQ39pFmjX2GCfT-XWH22WNg9PsRz-evBbcCGvpH2E	pathagon-rules-v1	7	14	3	105	0c02050k000O0P0W030l0h0D0J080T0R0Q010Z0I0X090F060H0L0m040P0K0i8603P-CPLw0N0a3GN-882xALGa0fZSFsaQYC0KZ40iLP0hc602Rd3_TFMH0GApPK07OFBf0BX-09CRPV0FJG0e3CVn0VLo0H0cKI5E0aCzWnYi0308QC320QCI0FIL8J0m8a0RLMGj0bF1870JDN
g1__JXBM91jlbHJNdRgIWgHWU2YAvDCtaY4YKy7OcyrH9M	pathagon-rules-v1	7	14	3	54	0U040O0G0g0I0K0A000W070j0d0m0H0P0V0e0S020f0l0D0M0J0C0a0EMM0F0o0ZAsb20bPN1t0DG6c9Wi406qCvO003Ow0S7G0XL9000F5O
g1__JdkntKAwq4RDsPd2h5Mnth9EjXbxT55rrJisG9B5b0	pathagon-rules-v1	7	14	3	196	0L0U0V0N0O0M0T0S0U0a0b0T0c0Z0F0G0H0E0G0L0N0W0P0I0d0P08090A07090B00010p006y1c2K0p083u1c2O02382M4e003s0q2J8T1c350q2J3t1c350q2J6x1d350q0A4g1Y6908360q3r6z1d3A033w0r5O2J4e3B1b0o2J6A083u0r2O02382M4e073u7k2O0938681b6w4e0s3x1c354f2J3t1c350q2J3t1c390q5O3r4j3kSF1K080a1YWy2M7i0r1Y352M3t0r1Y352M8T0F1b0o2J6A3B1b0o2J0ABc1m090F0o3r0ABcH41602S00M0T0F6804GzXw1600MR0MHI0FBq0E0M0uGsBqMR0S0u0FBV1m692Q0p001d0t
g1__Jn2HbnaPxbW17iq6tkTxtqwVIADetrOHm7ilqTEooE	pathagon-rules-v1	7	14	3	196	0G0F0B0I0J0M050g0a0c0Z060N070K0e0C04020b0H0U0D0T0305000S0A0l0fNf0TVx2_6A0BRCG65115OI0IXTWO0a0ORGBa5Q1e2K4e345Q1d2P3s360q040U5S1e3t38035S2P3t38035Sas3s2J4e381b5S2P3s360q040V5S1e3t38035S2P3t38035SLY3s2J4e381b5S2P0o363u040F5S1e3t38035S2P3t38035S3A3u2N095S3A3uAo0D5S3A3uAo025S2P42G90W5SAq3tXm0Q05ZA63LM0PZwUaYMSF0c0iXUMtUJY1Ro0VMY0cBx0MHPXcMtZBSG0dXcZuZAah0Q0hZyXeLQZDahZy0jcGZ-ai0k0PcD0FaiYQZC0Q
g1__JqMDHk_Qrw3r1A3YPcyJkN6PVbj-TlfoCdNX09b6qQ	pathagon-rules-v1	7	14	3	13	0B0P040L0I0M0W0N0P0d0k0O0d
g1__JrSt-OK-5IgGbm17ju253QmFsGx9hQ2Sb4MIXvh5WU	pathagon-rules-v1	7	14	3	37	050C040B060D030A020901080K0J0D0I0H0G0A0H0F000807090E0L0F0M0N0F0O1-015w06Gl
g1__JwRaDs4iOIlrn9zsiF3mBmih6Ggnu7SAGZFI1bzDA8	pathagon-rules-v1	7	14	3	58	0A050S090l0J0U0P000G0g0W0f0a0d0I0F020i0M0H0h0e0L0D0C0E01Mw0T1D080V06BK8QXUEkPA0D8uFNS97GBt1sWP0YET0VJtA1Uu07VmOXbF68
g1__K7mGFtXk-aYF6a9_TiVlyY1mAMQzz6QStwZqgMe4oI	pathagon-rules-v1	7	14	3	30	0d0L00070N0m030X0F0c0k0J060E0Z0H050Q0D0G0e0O010F0V0S020Y0j0I
g1__KHrLp5RC5cGhmG1dPHbU8fWrc4mEe9AxaEPnXFe3Sg	pathagon-rules-v1	7	14	3	69	0e0a0f0U0T0g0Q0d020m0F0i0l090b0P0I010K040W0A000k0S0c0L0M08060b0R0P5uWX0V0H0U01QVCvXWGHakMIO5FENBJz0J1E0WLF00WK0B04L-W60f4u0G1n09Ii0GZF0B0M
g1__KI6_Ne__nzr2TEzJ7DJrt_CG3olpzIQR7ryIFGKKgo	pathagon-rules-v1	7	14	3	41	010f0Z0B03000S0A0g0M0U06050D0d040F0b0X0Y0H090K0C0A0m0i0I0l05XL0bR_5JKxbcVETfCdRG27
g1__KKE_CiN_g_5E18VSPbdzkGrqYOSGH5INgDUppGv07Q	pathagon-rules-v1	7	14	3	40	01080F0E080700090G08020M090F0N0L0T0U0S0H0O0G0V0N0U0A03090I0P0W0O0P0B040J0B0I0Q6S
g1__KfKe_GVjpgSFmFt6hLFT-w9bHccDdrBwmLl7O0W9tU	pathagon-rules-v1	7	14	3	45	080Z0k060X030B0Y050i0I090c0F0V0T0j0K0b000O0G0d0L0E0h020NTlGWJnSK0M0SZRDX0QRW7RMs040X4_070O
g1__KjoNs1S-pbDCuTZ1mfat0Y2D5S-x1F4iedhCqzM7qo	pathagon-rules-v1	7	14	3	56	020L0J040e080I0X0C0d0G0Z010g0b0F0i0H0V070j0k0D0E0Y0m090A008_0RBl2nHJZG7cEuNf0ACjVocD2UShOZDAHVXxTr4b0eXg0VNfWg0a
g1__KlBcl-BZOURssk-52VP1SvWJLaiOVAs-rtzm4SvZi8	pathagon-rules-v1	7	14	3	27	0h01000M0L0S0Z0j0S0A0a0T0N0U0M0b070E0F0G080F0N0H08090F
g1__L2_1LxXJIQp2tAzwt3IvYFTFE9zHAySgT0e-dpXuVA	pathagon-rules-v1	7	14	3	64	0Z0L0G0U0f060H0X0B0c030O0l090h0e0W0i0V04080N0j0k0K0i0E0b0P020M0A0F00C58_Hp1EPAa2GF0QYQKvPh3qaUITKkHM0K2w0hQK0QTM0PPS0HVY0eSV0aEo
g1__L6pxPz6otq_9U_MyhbzqdHUDuW-piRn78sdmtPo5dw	pathagon-rules-v1	7	14	3	79	0U0b0V0c0i0j0b0h0d0W0c0k0i0d0g0a0h0T0X0e0l0W0Z0e0a0S0m0f0Y0P0f0Q0O0XR80N0S0OWR0Tbn0OE80NO00U0T0V0O0cDO0INH0TI50IFN0T0M0UJJ0G0T0N0O0H0N0OTF0Ua_aDGsKA0bEo0N0L11
g1__L7XNyOLYlAhkXqGJUWdmPyxIifNkIbiPsug4ss4nXs	pathagon-rules-v1	7	14	3	83	090g0U020e0A080f040V030X0J0k010B0H0Q0b0I0M0A0Y0P060O0E0S05024t0T0I0A0W0U5m0HFP0F0Z0jEl8lViLH3h0I0B0cR_C_CF0I48XL0ADs0P0BM52j0RU40P0C1v0cTa0e0Q0d8BNTOCMhIzUR5C4H050T75
g1__L93wi01w7dCW7pi1bv5QnXr8Od_HY-rqFjFv6Czol8	pathagon-rules-v1	7	14	3	33	0F080G090E070M0N0L0G0H0O0G0A030H020109000S0T0U0V0N0T0Z0U0a0b0T0c0g
g1__L9R610ITlUsNjYxOHglkyJlRsiAxMyukthPdm22HiM	pathagon-rules-v1	7	14	3	42	0X0Q0h0O0a0K0i0H000U0d0j090l050I0V030E0S0Y0P0k0C0f0c0j0F0107SYGb8F0VBqKDXqb0Q8Nz0U3O
g1__LAxomkFTnN5RbwNd08-0B_gairzgWX5R2dKblKSIF8	pathagon-rules-v1	7	14	3	17	0h0f0a070809010A080B0F0E0M0G0T060F
g1__LCN3o0eETOGkoubjwMkS4oXegWZqauPY1iJXJJl1i8	pathagon-rules-v1	7	14	3	50	010K0J0D03060C05040B0I0C0B0A0H0B0A02090G0009080A0F070E08070G0N0O0P0H0O0M0L0F0M0Q0R0J0Q2b02520s5N1e9-
g1__LMGvbvL1uGr9S74KV1MlLWb8pxNWjFNFMxzpM1Y2wc	pathagon-rules-v1	7	14	3	39	010k0A0M0R0O000l0Q0e0J0f0X08070d0b0V090C0g0j0N0c0E0D0G0mIQ0K1xOo0LWeKPJbDa0N2l
g1__LOlaLZX4dQZJ4tnBNN-53YTVTdw5Nk6zgRbq9MegGc	pathagon-rules-v1	7	14	3	63	0K0L0F0X0E0Y0J0W0j060C0S0b0O0H0l0V0Z070e090k0d0O0i020T0NN20c0TQO0IGtYsRdNT0i0Q0ZTpb8By08KvJvN9Rv8GMI0aa3Jw5j0fYrE_0ZE7RGZu0k9l
g1__LR_5jECYw4SibA4x2ac8HpriNLxEvY_g1RONRVM9T4	pathagon-rules-v1	7	14	3	59	0g0V0e0i0C0U0D0G0J0d0K010N0I05020H03060X0E0W0S0m0j0Y000M1L0f0TPcT4O10BUea_0Z0U2fCsOnIz1S5-D9O80GTcWu0lYy04I70eaaBv0f4M
g1__LRrGzC4KevMGJsmQzvnn8zTWGwiRvVpFDCpEFUg8q8	pathagon-rules-v1	7	14	3	60	030G0i020M0m0S0P070N0I0j0T000g090b0c0U0R0f0F0V0W0X050W0eME083S0CPF0NZ40e6J0JN1020ibo0A0VHvFb0c5H0PZI0O0Q0V0HWD480X0IWy0E
g1__LZrjbI63TMcrRCcnTTu7uFWT6T_8eU0j6fy1YkJpU8	pathagon-rules-v1	7	14	3	66	010i0P0C0K000g0F0L0I06050e0S0d0V0c0k080N0J0l0A0X070B0E040WaG6c0b09QoHG4WVH4pPqXl0eTpVw9XBcIQ0M0W0UEaRf0kUM0aGdE00WH50ZBJXG0g8L2m0B17
g1__LaWxxXjiedpO-R4dtVGjGv0JLEW6NC7NUEOt3y4MYo	pathagon-rules-v1	7	14	3	33	0I0l0m0J0B0K040H0G0k0I0A0P0H0Q090C050I0J020H060I0C030J0f0Y0R0X0W0f
g1__LbykC1EB6YWmJGveA-B3WZc-7cJjyhCv4wWei1lyCM	pathagon-rules-v1	7	14	3	107	0a0g0Q0G0U0H0m0J0Y0h0X0Z030A0D0F05000W020B0j0c0P0S0T0R080aFYMi9438XY0lDc0W1P0cKDBS09LrXy9CFuUD7WLN0JbC0DcG0IQD0OMa0I3z0m9R0eROV_0eWY0bUl0YT_T70cK28FYyDA0GJHDk0dI-06bS0lCn2TN-0d1ganHf0N790UUK0M0lcA0cS90eWZ0QTUYf0S14
g1__LfBERusrcZTOAFzfnqxCOW_8EIB_vnwQTYjcwuktW0	pathagon-rules-v1	7	14	3	79	0A0U0m0j040g0L0Y0K0S020c0i0a0N0F090M0Z0l0E0B0G0I050P0h0W8S0QYv0TYBEoDSHd4mb00C0HLdQw8UE94Q0Y9VCOTL0aS50bOw0MCvOA0BUHAR0V8M0FHM0OYl0TO8RR05L00XIo0NI004Cc0Y0h1z
g1__LtnScQ0Q1zmNDuDpIIgP5PZrnEQXEQuK0g40hLyicc	pathagon-rules-v1	7	14	3	58	0P0I0V0O080K0f0Z0W07040Y0X0b0a0U010F0e0D0G0g090N0M0E0F0HJ_0PVq0l1_0Y0U0BNa018LRROW2IUZbTCiJk0LGpYR0F0TXc0aZubS0CWtaF
g1__M7itVzqv6cMzY4LsZWLPepGgcv5P6cpnM6G8hIMX50	pathagon-rules-v1	7	14	3	196	0P0N0R0W0O0V0U0Q0X0Y0H0X0I0J0G0K0N0R0A0B090C0D0F0M0T080M0U06055a06G90K030J0D0C0K5O0B02Aq0C051Y5O0B36031e0-GkAHMCB90CGI0QLm5oAq4p0Cbr5S06382M4e053u4g2O08385Q4e053u4g2O023AWE4f2O5P3x354c2M5P040o3r2P391c035S0t3t38035S2P3t354f5R2O023AAo4f2O5P1e353r2M4e0D0o342M7i090o5N2P391c035S0t020D2K093t031c092M5P3s0436031eAl09365Q0D4g1d3A033w385Q064g2J395O3x0p4f1c052M5P3s04363u1c012M1Y3s4e040o3r2P391c035S0o
g1__MBCYyGDIPjau7Uj3fgIVQq8reNElJHUlia3pX_xVBk	pathagon-rules-v1	7	14	3	72	08070d0N0O0S0m0T0Y090f040b0i0V0Z0E0I0H050G0D080j0B0X000J0a0W7dSAJpZ5020L2PBHcCVZSU0dDpZRRBHF0CFNALMh0RF5860LLx3m07KVCC0J9o0AWJO80M4-O-0HMv0N0V0M
g1__MTJZyDy4yA8u2E10SUuX7lrmcKonT6ym_XU0-35DLI	pathagon-rules-v1	7	14	3	47	0A060H090W0f0R0c0L0l030V0F0O0b0Z0i0k0a0Y0S0e010h0G0D0j0PYTQxZi0I2C0VLl0RT2Lp0C5RChBGXB0FFh490i
g1__Mlnlic1KeHv-Cna3cFMeQUS3DVOGd7nLcR_p51LEeY	pathagon-rules-v1	7	14	3	49	0F0X000i060W0U0d0a0O0H0k030G0Y0K0m0R0j0B0h010I02040c080DO40QS_0BYGBN0hV5XU2QbzKq0V0l5k0JMR0P07Q73W
g1__MnxBUwKfZ1sk7KjJm14jf8Wqxif3qkOX-LMK51qkQw	pathagon-rules-v1	7	14	3	69	060j090S030A0402050B0P0C0a0i080k0H0O0A0M0f0I0c0N0E0R0g0JXG0mC20E4QIe0Ubb0K9k0FAT0V2a5q0PWMDzNBZGANDY0C0Q98afSF0BZwXHHDBlSc0T9-0O0C2gXy0hE9
g1__N0gWd1UNUv6G9MIZMzmFv-np5wAsFaH9ql00RCwqAU	pathagon-rules-v1	7	14	3	112	0M0R0Z0Y0e0N02080b0f0B090a070m0i0l0T0A0D0Q050G01030E0F0L0k090h7xSnNTSE59000P0MHQHhSB0IC0190W9g6b0eV4b_IxXL0d0P0c0j0bYO0XZp7GZABQbR0eZwJ5afSIYRZ-0jakXfcCZ7bSaY0NXVYM0h0MZnXGYMMRS00Z0T0S2f0H0BBtX9E90G0HC9RxTSHR0ZIs0L0NHJLn0ER9
g1__N9EQgHN4hon3e3zhdkiGdmse44fbc94D-UsKtrdpvM	pathagon-rules-v1	7	14	3	73	0D0j000I05060E0g0A0d0M030U0i04020C0l0W0e0V0c0R0J0m0Z010bOHRu0UXBPeE_P9VMH_DbR3GENsTN0Z2TARMlcCZZLu0g0j890b0hI_0PDN0c4L0m0V0I4x5zTZc90bFu0dKI0b0C28
g1__NAYlmiR_f04rcvwiKSRBSYOOU62V4DDVFydlccrHMk	pathagon-rules-v1	7	14	3	27	0W0G0P0H0I0J0K0D0I0B040J060Q0I0O0R0Y0P0J0D0Q0f0X0Y0l0m
g1__NK_dytVh1zrDFyPAePgM5GuWjG7i1wQeGYz5cEr5EI	pathagon-rules-v1	7	14	3	43	07050b0a0O0D000C0N0e0R040h0K0V0f020G0Q0j0H0c0I0B090Y0A0U0S0F0X4y99W80iR6F80Y6GSQKxG60U
g1__NNmP7Yxb85sS7nt0bJMr3a0K9MMtpFyMgWRrIxpfZQ	pathagon-rules-v1	7	14	3	55	0c0K0k0R0b0M0B040f0h030i0F0T0j050W0e010S080N0J0Y0Q0X020I005A0VLqaY0dPQQi0XQ_2rXoZV0D7SEuKx5n0RMKWe0mCII30OAi1U
g1__NR2pLvcP80mztCjnIfubER-GLqqg6xFDzJVQRnCBMk	pathagon-rules-v1	7	14	3	41	0W0m0C0D0F0f050B0H0S0G0a0Z0R0k0d0g0C0Y0b080c0I0A0i0P0h0l0I9G0jTP0T0B0MKUD2BJRH0GXW
g1__NT-dzw3ToIfIsfJxGp8Jxg7kt6iA3Xrjknj-eqVVos	pathagon-rules-v1	7	14	3	46	070E000F0L08090E0G080M0N02010U0T0S0N0M0T030M0A0H0O0P0G0H0N0G0M0O0V0I0W0B04050t0005075Z0J4n0K
g1__NePRhPDdWnt3xyQPE3yRC8xZf9JD8vo10xNZKrcTlg	pathagon-rules-v1	7	14	3	63	0d0A0H0J0U0S0V0R0e0Y0i0K0k080F0100050I090P0Q0h0b02040Z0XF90DXj0T1S8J2F8fDoRZS8062SWXVB588HAsTwM2KV0HXy0f3P02D80SYp0GRoEX0TFyCm
g1__Ner3SPpUwTE2WNUGVKozVH97pIzsn-dR0RFvVUSII0	pathagon-rules-v1	7	14	3	42	0g0e0D030j02060I0G0f0h0R0k0H0l0F0b0O090T0M0K0X010U0C0Z0B0i00RtM4Y69HZP040GEKa-0CFpEs
g1__NsuaqSRh6gxrW5MY4l3cLnY4WXAg8KaGbt26jtO0_s	pathagon-rules-v1	7	14	3	56	0L0j0g0h060c090A040k0G0U0i010l0W0N0C0O0d0M0R0Q0J0P0V0K0bX30eH5THD8W40SNzb0P45uCE6mZW0EAdIAalBi97LD0j4ZUW0C9qAS0c
g1__O4sXtMaDWVZweI9BDjy-SGDctPcC21PTkyEpvIdRLU	pathagon-rules-v1	7	14	3	88	0G0W020d070A0H0i0P0I0f0c0O0B0X0k0V0b0m0C000R0h0U0a0j01090g0W06Zb0M0VYEPq0J0l30Ob6MUGba0DDyVO1s01XL0R0r025S0eGH0cWn0aQX0NHuTi0P2y0bbG0d0VC00lTn0W0YWL0d0c02P90dOR0b0jKN0LJlM60F2D
g1__OIqJSXWpgkHSmovmm2kGUBrO0Q40_sxzXwNMdpR_OA	pathagon-rules-v1	7	14	3	99	0F0E0g0j0Z020I0D0U0e0i0b080h0m0Q0i0A0P07060T0V0X0R030M0l0Q0W5i0S0k0dKb0lcE0aYo0iXCB10b0S0cFKaZ0LSEMmY80TXU1RMu0kSGXhYMbR0l0aXfcBbWYRagXfcBbWYR0hZycE09YOXcZu0jZ8ZwXe0GYObRZu0jZ8ZwXe0NYOagZu0OZ8M9XdEa
g1__OQASzMsv77GrHDM_UTtvH72o9Gt8zIpG6vlRMRptrk	pathagon-rules-v1	7	14	3	196	0h0g030A0a0L0B020O0H090G0A090H0N0I0P0Z0O040M0T0S0U0Z0b0i0V0h0O0c0W0d0P0FNA2O3xMH364f5O3r2N391b0p3s04363u1c0T03Rb2J4e391b3x2N4e395Q3x2N4e395O3u2N4e0a0JWy0s0b041e4dGx2J5P1e0U0s2K5P7g3A1b2K0p5N3A1b2K0pCG3C1f2K0p3u09045N1a693A0q0Q1a5O34032K360q0X1a4d34032K360q0e1a3s34032K360q0F080G1a8S340A2K9_0F8U0r2O0A381b4e09030G2K7i346y1d2P3s360q040A5S1e3t38035S2P3t38035S2J3s36090o4c2M7i090o342M7i090o382M7i
g1__OY117ieRka75P93T7UkBvzsxLOsoK_hiaxRCwnHh5k	pathagon-rules-v1	7	14	3	59	0O0k0J0X000c0B0S0W0d0I0V0a040Q0A020N0j0F0Y060P0D0e0R080T070i0G5tKRa5JYUSR8O-Dm940mCzH24Rb60lF-5XSzBBXf062NVA02Y-Aa0h1H
g1__OaqfN5pjkSqUmd3DTg4jTGzRSb0ICRw7dG2eR2hpqM	pathagon-rules-v1	7	14	3	66	0Q0S040E0j070G0P0W0d0X0B0H0l0N0i01090k0h030R0A0C0F0a0U0K020O0g9q1eSQDcVl0aMrSq0B8ZGdOt9fCW6a3ZKEQY0O0PYt0NNa00LF0dVuXW0T0P0U4DYD0g56
g1__OeXi2wdZRvyks_wCXR4pdvLwXsRCIv0Y1fPkv2JpV8	pathagon-rules-v1	7	14	3	40	050J0G0T0H020f0O0b0m0Z0D0j0Y0C0d000Q040M030V0X0L0P010F0E0KQx09BGQn2qK10eZgb_6r1x
g1__Om6U0FRTk90NuQbzQrgsWmMTlxcR3yimaoYqKH533E	pathagon-rules-v1	7	14	3	26	010k0M000h02050l01080E030b070F0a08090C080B040P060I05
g1__OykBrKm7rS9hhrHcT4_frV8nPCrwCRNXdweg1YxVFg	pathagon-rules-v1	7	14	3	132	0U030e0Q0S050l0J0G0R0P020M0i0Y0g0C0c0V0L0B0O0F0b0X0N09060E01041_0V2p0MTa0L3HV-O0C30PQq4u495v0eLw0hFl03EN9_LE04YtbKJ40VJc4Y0OH70c2D0JDY0i05KQ0h0L0V0O0SFh04TM0M0HZl0T9V0COcJN0BNv0FRi0BBp090E0AId0J0Q8q0kMyCY0WNk0J0C2g0c8PXL00H6Ih0jKK0CQR0f5DU90Abqb80FKyFI1XBn0UAE9h77
g1__PEOok0p89xKlcOlAHqr1jc5lJ-C-Or4HUNQF23G2Pk	pathagon-rules-v1	7	14	3	17	010X0Y0B080g0i060F0H0G0T0N0f0U0J0b
g1__PU2ZD83DPGS7zxD-AP-Sl7E8FjsC8s8emRlxPnfm_k	pathagon-rules-v1	7	14	3	44	0U090A0H080I09030G020A0F010G0B0009010408070E08070N0M0G0O0P0N0I0T0H0V0W0U0L0S051y011A0L2k
g1__PVpKJjVa34inRs3QO-uNb6k9ZQwwReUi-4ld7OhlkY	pathagon-rules-v1	7	14	3	31	040P0h0C0b0U0A0W0S0R0L0d0E0f0e0c010j0V030g020Z090Y0i0N0Q07Yl1Y
g1__PZLlpwlgYFr5299og50BHU27OHovfzGuPW3osz-UnU	pathagon-rules-v1	7	14	3	63	040e0g0H0j0T060a0k070i0G0B0X090J0b0O0M0F0l0A0S0C0L0I0h010PNS0EJiYJ1uaNNyZY0R8C0NMIRaKeFL4pIqV18aQ-0hKT0NH008Ba0HJv0VZ6Vx510P4N
g1__Pb0R8pp8BWSakUEvGj-HJb2p8L3lz9vWq0d-aVTJNc	pathagon-rules-v1	7	14	3	22	0O0H0R01000G0K0J0f0I070C0Q080j050Y0F0L0D0b0E
g1__Ppkib5julG9fsTvDs3OMJXGnu_LoY4uRmxr3-lPW1k	pathagon-rules-v1	7	14	3	70	0F0H06080c0W030X0E090h0g0L0M0P0i0j0Q070F0R0S0d0b0h0Q0Y0I0N0i0B020l0WIY0k0h0j0UTb0NKuYLaJKDOwayZs67QK0cVlbw0kAL05J50a6QW_0Va2O607Gs0LZU070lAq
g1__Q16BQUL4OdYmFJaIUG1E9mMg1QX-dtvV0yUBfSG_gM	pathagon-rules-v1	7	14	3	27	0b030e080M0k0X0V020G0W0i0E0m0Y0K0D0J0I060l0O0P0a04050B
g1__QEoMuAGa41MSekSm1VfWA8Pogjrr3hFEuMpN-8-Bps	pathagon-rules-v1	7	14	3	44	0Y00030f060M0H0b0J0D09010Q0P0k050e0W0m0i020h0T0L0Z0O0c0F3E0IU3Jz0RPJ5rZCbuTiAM0gaFCSVdEd
g1__QTF3x9lnOckrTJH0K7OFJ3k3fcbUuPQBij7u9ggNZY	pathagon-rules-v1	7	14	3	58	000U0D0E070S0f0R0l0P0Z0J0O0b0X0c090j0M0i0a0A04030B080G0d6Q0QJU0Oat0Y7l08HjVI6IJb0kU3QB784R0H04Wy0NE00m3E0ZYj071j0gKB
g1__QYlsyL9W5Bd5lzSJt8pxMPObWSzcQBZU60b0N5sd-8	pathagon-rules-v1	7	14	3	58	0j0T0U0k0a0D0e0G0C0m0V0A000I0B0S0Z0R020W0F0P070Y040f0d0i0H0J1ULpVl0b0300Sg0OCQaD0cbrEQQvOd050l556sPl9t08HQ0FIJWQ950u
g1__QbnC09tGTOIwTNLIPOS0zvuYjHpx5Z0m4QqzMxxBCU	pathagon-rules-v1	7	14	3	97	040Z0P0e0E0U0c0C0Y0N0A0S0d0J0L020G08010j0M0m03070D060X008T0b1iIy2d7dKf0RV2a1BNTZ470hQ7NcLL6VT_b-HG0r01Xr030B0WVg0P5a0A0VPX0XXR0HH_090mO00A0J0XZG0O0i0eA_0K0Das0RBn0D09MG0OYj0K0iWN0fR62w0E4TCE0L2A
g1__QeDwmMkpaWlLDxxbzQsppr7R76IkIvPMocx8Hs92lY	pathagon-rules-v1	7	14	3	37	0c0i0O0E0D050S0I070e0L09000W0f0N0a0b02040h0Y0B080m0d0R0Q060F2v035g0ULv750E
g1__Qi6SXHS-hYXodXGJS7uvX9h2AB1PAHd2PFt5lBI_SU	pathagon-rules-v1	7	14	3	196	0P0O0I0H0B0A030402090G0N0H090A0G01080F0M0G08090F050C040J0Q00060D5U061m016T0FBc08H40L6a0FBq0TMR07HI0FBq0EMm1RHI6TRh00080uMD0S2K5P0tAk0Z2K020v5N0U2K6A0tWx0701611SRa25Wy080pXi0V075GRf3d0q0O4g1Y352M3t0r1d3A033w385Q014g1Y352M3t0r1d3A033w385Q0W4g2O3A0X3wW_5Q024g2J35Rc030o3r2N36030o342M3t050o342M4e050o342M7i0901384f7l2P3t38035S2P3t38035S3A3u2N0G5S3A3uA1095S3A3u1c0C5S3A3uA10C050o4c363u1c012O5Q3x1c
g1__REHBuMrn5ALcmZyArC-M9z1n1_2I6evzyiyZmTccas	pathagon-rules-v1	7	14	3	35	0P0J030E0I0g000K0B090X0T040c0H0M0A0C070G0Q0e0O0Z0F080G0F0j0b1QGdZz0N0e
g1__RGM9tOclPuYr6v8OfD83BL10f2XrJOwG8DV6OhY6U4	pathagon-rules-v1	7	14	3	66	0O0N090E0m0h0Z05080I0j060X0c0S000T0V0Q0D0J0L0k0A010M0B0RZu0WNSBQa2P89MI4Ju0fRq0a7D5_bI0NW_06KsU8NnPT8v0kcG0cFj0D9U0jGM0bOMCF0fAiE00Z
g1__RPJs8xNTdstPWtWnOULHks5s_c-FiVEpTnYrEpe9IY	pathagon-rules-v1	7	14	3	116	0l0i0k0Z000C0J080M0A0b0m0H0V0G0R0P0d090L0503010e0c0U0K070W0O0N0h130O873GIb72KXP4FkJY0V0YV4KDNhS2I1Ss0fH70QY50MR20QW00Y0eH_0RRJ0IP206aA0RQ_08Jm0JZd04030I0502U2040aE405650jCM00Ee0E0M0LYaAz0lKpOR0hM60U8LWtFwPs03Mg0c2101U-3D0cYWBd8M0X2F
g1__RVNb6nJQN0yVM-WIjsSbTjTKfx5ROV0_sH862MwJs0	pathagon-rules-v1	7	14	3	20	0T07080901080F0008020A010304090305060B05
g1__RVhdPIeGDT9k0fVdgrNAf9lGyznRcfXPoZG5s1di4M	pathagon-rules-v1	7	14	3	62	0c0V050B0T0Y0G0R0Z090b0I0k0d01030U080E0g0P0j0Q0F020l0D070e0C0fZk09Aj0SEZ5C0j0kZwOLQvB60MMaLw0ICi0VHn0KNu0a3GVT0YBg1U0d8O0R62
g1__RWoIWUSTPgRmgn4W0PNJ7quwLihMHS1AoWR3ql5ZJY	pathagon-rules-v1	7	14	3	43	0N0f040P060D0V0Q0h010Z0A0R0L0S0g0i0Y0c030X0C0F0J050d020ELa0jUIKV5jFN0aC5MOZGOcTQ0T2A01
g1__R_jFIt0LX5pHnWwENsF9smvh1QaQH3kj1dNOLfxF9A	pathagon-rules-v1	7	14	3	39	08010F090G02030A0H0M0A0N090O00070E0L070S0T0U0M0T0V0Z0O0a0N0b1R006p070c0EXd0gYP
g1__RbNLYrAzake7wQiwKNc2h0O2xawgyJmz62FJ-rIWLc	pathagon-rules-v1	7	14	3	68	080k0R060e0V0Q0D0Y0i09020A0Z0f050K0S0h0G0T010j00030F0U0X0O0L0ECYN9HRYJ5W9A06GmQoBu0XUx2tZuQHRWTZ0YPE0dSG0lMj0LDJ0cN20Ua9Vg0GKs0AXe020i7j
g1__RvMXJguGq3azWWOhcETlQcSqNBu94KzUELb0b4f0gk	pathagon-rules-v1	7	14	3	44	0E0a060k0F0l0e0G020g0N0Y0S0j0f0h0i050T0H0L0d0X080m0I040OHR0QBu0U0ONz0178Vi03MIatYfZY003N
g1__S1RHQHv0bO-9tiDhaHFZaKh7G5mp0iqgHKD6Go6UBw	pathagon-rules-v1	7	14	3	65	0i0c0a0I050E0F0e0O070V0H0T0R0U0Q0P08000f0Z0b0A0J0j0Y0N0DRv0M030mJO0KIkMA4tLE0hWECi7KYtBkHW0X01F7ZnbZ09Vm0GGQ0U0EY3HC0ORGOr0fO5NW0q
g1__SRqKzySINXDMcjZA_ye0q01_exk7orU1r4BFaVHPKI	pathagon-rules-v1	7	14	3	17	010U0S0h0k0X0W0I0P0C0B0D0I0R0d0O04
g1__Sbg7HOkvqElolzjeWhmXDwTjNo03-DFy_MX-lRozXU	pathagon-rules-v1	7	14	3	67	0U0e0a0B060c0l010N0I090E0D0b0S0K0h0X0m0A040k0R000V0C0L08070WAt0f5h0Fb18p0T1i069P5s0y4VA1cGUD0G3z059l02Pr0YJlOS0iDn0EZt046KVa0dSXX10e2W
g1__Sjig4CO879-lVMUQgAYQOK-7Azcig6k7hezM_kHePk	pathagon-rules-v1	7	14	3	67	0F080M090T0A07000B01020E0304070I0H0G0B0F0A0H0L0N0O0E0H0N0V0P0U0O070W0E0S050C04062c024o0I055e570QOxMX0D0JO324LY0s0R2J4U0C3q58Wo8A0f0X6g
g1__SoEig1BUf5fdcAJQc4_54bz9Tjczk2ER0SFFQbeoh8	pathagon-rules-v1	7	14	3	21	010O0L0M0N0V0M0U0b0C0U0a0i030D0K0R0k080h0F
g1__SpY8eKZ97V1q2TDFfOcw0rk5otfRTQSKh5LEjulhF0	pathagon-rules-v1	7	14	3	79	0j0M0H0002060m0Y0F0X0e0d0G0P0R080U0g0V0f010D0O0N0E0L0F0h070b045w0lRB0U0BEC9Z08TGCX0eBY0FM8WMDxH0Kv0RZi0WYe0QawPeO7XzBn0iDX0J490h9k0JEf0XGp0fRY0Y5-Vo0eY4b1061w
g1__Sq4D6oBRXY9pci60CjFAqKOtTGRlUKyYQdRK4_-wLY	pathagon-rules-v1	7	14	3	120	0l01080Q0R090S0G070Y0O0K0N0W0c0F0E03020m08040L0i0k0A05060d3X0abp0bG5aAPy0VNA0ZCvMxY9TL22UBAR0c8o0CWZ0SDPAd5OaF030C3D02JC0XK4CZ0mao3J0jbxXB0lQm0903IfC00F6d0Q3K0BQBDr0RNnUW0m8CEq0D9qWG910N3hRJ0XZm0dM90RAU0cZi0j0fEC0H4D0B1x0kZQ0jaw0lUv04CHRK03
g1__SwjueJg_dWbI8jVZ2OPHnNTy9UEBOtutNIEssYsbNA	pathagon-rules-v1	7	14	3	46	0k0B0C05040D0I03060P040C0K0J0W050B0D0P040A0H0Q0I0A0B0X0R0O0K0H0d0V090Y0A0e020f2Z0N3Y0HUm0N3y
g1__TA8nVLe_R5GgMdFtGfZOsPMX2bkaE-_57TAZMDXDzU	pathagon-rules-v1	7	14	3	53	0M0N0Q0S030L0Z0b050k0H0a090l0C0A0f010U0J0h0M0d0T0O0D060X0Ya30m914eNER-07Jc0E7z22O80kYK0161UR0IBkFP0EV9Ce2T
g1__TBoePjmy3mtmEnekIjymDyxPW9NFlbiiN6IEWWvoao	pathagon-rules-v1	7	14	3	39	0c0R0E0L0V070I0M0B0N0P040E00020301050O090G06090j0H0U0T0a0W0T0d0k9e0ZCF160e342B
g1__TR5rTmp_GWnBstT8J5-irnQHTTKUkZusqJe2aJUAqk	pathagon-rules-v1	7	14	3	42	0D0B020K0l0Y0S0O0V0F0b0P0I0C0Z0Q0g0j0T0d0R0E030N0H0W060hEQ0JS20kX0V02TAXMMFxN5LCaq0G
g1__TRocrthRcyH7DN4zR2zVtumhjzK8UKOfSHF1XxAshE	pathagon-rules-v1	7	14	3	34	0j0M0i0I0J030V060e0K0L0J0S080f0Z0C0d050b010D0P070O0B0k000A1S0W090Q3E
g1__TSTBttWx_oLG1ldws5tQIr_o5ZPvzbeFG_Oi6LAJn4	pathagon-rules-v1	7	14	3	56	0X0d080K0j040L0I0C07010P0B050g0b0e0c090S0E0R0a0h0D0A0T0N9C0iNMJ81bYiZF8n7nLcARKT0jC-Qn0COOI01ERc0Z000GbYZf06Jr03
g1__TSUgTwKiV-v_rUX1Uj_DIwvDdGxG9nNsiE8Mk29T50	pathagon-rules-v1	7	14	3	196	0M0V080F0N0H0I0Q0P070W0O0E0g0b0m0U0T0V0c0P0V0O0S0U0Z0V0K020a0M0L0F0b060J0R0A0XcC0GXdLfGl5SMJBA0E2J5O4e0T0oFK2M6A090o342QMF0S0o682QBX0E0o682Q0I0E1U0HQmXgZ-0gakXfcE0cbUYRZ-0dakZBcE0BbU0cZz0dal2GbT0i0caicF0hUXYR0hZyXe0cYO0dZvbQZA0bYO0cZvXeZ7ahYQ0bXgZDafZvbS0dXc0bZ7cDYP0hXf0cZuYPagZBXd0dYMSF0bZwXe0ZTmYRZvZAXdafYQ0hZA0ialbU0bZCcEahTqbWZzZAahYQ0hcGZDah0bZvcEZBTobWZzai0kcDbWZzaiZBF9bS0baicFZC0iZy
g1__TSeUf8fLIkwAGq1QuA9wCXRNpDMrFIU_J2TnchQM_0	pathagon-rules-v1	7	14	3	66	0V090X0Q0B0T0C0R0A0d0I0k0M0W0i0h000K0D0c0J0F0P0m0Q040O0j0Y080NNQLLPKJVCmXG6-8h3kFM0E0lGQ9rXrQHUA0a4WB20XKL0eSpMv2c83O04n0UabO19w02CE
g1__TUEHZ3zYnW_STyKzWrqtwVA3_r9jaRaa9ITdWAur1o	pathagon-rules-v1	7	14	3	54	040I0K0M0m060B0j0c0L0Z0J0C090N0W080H0f0X020a010D0O030Q0iUP0V0hHi0P0b7VSPXpTL1-Q26mOz9h7z0d082U5bLQN09iFLK30t
g1__TdEzvcGzIT8lhGBMiCjvHnDhqqXVeaOtdt0PLfj9GE	pathagon-rules-v1	7	14	3	50	02090A0B010I00080F0G0A080H030G040C090B050J070I060E0D070K0O0N0M0GCb0FBx0EHP0LMt0N0S0MXM5v06GW2d025aLY
g1__TuXLtQTt1j3rb5PH7IMUgs5MIPwiR46qMPayR-NLvA	pathagon-rules-v1	7	14	3	112	050X080b0c0B0F0j0N0m0O0K0D0I0P070A0i0T01020M0Q0U0C0G0R0k0E0NK-0hB_Ic0dNp780NAicA2RZiAkDD8T0AVO6JJh0ZFN0gKP04cE0a540617Ep00Yi2a0kZc0A723z0XSy09Cd0eYS0PWz0lUw0UTNJx0iND0TI30MbD08Cw0lPW0M3PF8070UVyIc0N0FQy0DOmCO0F0YQh08CP0F0X5d
g1__TxeKHDyZmp9zKGs2JQ5j1kWAJ6SWy3bSDL8epzLH8s	pathagon-rules-v1	7	14	3	32	0U0B0m0F080g040k0f0N0K0i010h0D0l0G060L0I0H0d070Y030N0E0e270j480X
g1__U05VVSyojSkVTfhRE2jPp1XpCV2BH2il9ZUSpg9zP0	pathagon-rules-v1	7	14	3	71	040f0H0A0h0j0V0N0O01050W0Q0i000a0I060k0R0b0c0D0b0T0P0l090K0Z08KS0U5uOhQv3yPT0QRwE71-4tUQaA0VG9Rq780dBI0MLE0EbG0g0eTnHO0l1V01CfbN0cJ70V8F0k056l
g1__U1MkAuaSeKluo2drO7uFwZfgEXwn-yehqcDzY8eu5A	pathagon-rules-v1	7	14	3	57	0Q070T0O0i0g0j0l010C0Y0b0K0V0I0M0d0H060c0Z0e040B03050L020SD_K-IG1mVq0X9C0QPGC1U65bJqEt0MLJX-F_0xVP0OQwbK0d54GY0R3e
g1__UObWHXZ9lNRKUO1rK0dKELStMMy9PMIo2jsJwsZmUs	pathagon-rules-v1	7	14	3	34	0S0L070E0l0I0M0G0Y0X0H0Q0P080b0C0F0J0e0N0R0G0Q0K0i0F0B0f0X0V0a0I0T0H
g1__UgJco0g2HnY813RJdmMgbm1EjQHOkGKZsK0ItlWXvc	pathagon-rules-v1	7	14	3	45	0U060m0c0V0i0X0g0l0Z0R090C070L0O0h0G0a0H0W0T0B0F0V0J0N0b0j0K0e0PcF5VIg0SPrGdGvM_AN6EZICQ3T
g1__Ukf-SJrbSYB0qVqnGAwH8JyXOQ0DINYRqxRQd3NU40	pathagon-rules-v1	7	14	3	53	0M0O010c0T0Z0W0H0I0G0B0P090J0K080b070L0f060F0C0k02040S0E0m3r9s0XHYaCXZJt1bC30R6hYq0B01aPIt7BbuQiW40l5dFi0a
g1__UlDpSoHONqFwO9KAbypBzpskvc6bfH2X2etNPniZwY	pathagon-rules-v1	7	14	3	31	0X0f0A0Z0Y0F0R0S050l0N0B0T0I0C0P070i080E0Q020d0k0m0V0a0H7Y0W0J
g1__UnzJ90bFDH874n2qjvFTEdp5d3gS7gXD7QxHFDzSsw	pathagon-rules-v1	7	14	3	71	0R00050H0N09060M0W0F0X010j020E0k0a0Z0B0G0g0A0O0h0d0I0P0V0Q0cBY1fIg7hLDSC0bP9R08V0L6Y0d0KTeDm670CXE0XcA06034D0ea305GH0P0A0kap0B8r0J0PPbQE0D0U9O
g1__UqC8KR9f8GDi_FkU6r-f_p9CWY_ETaAX7esy2U5z_M	pathagon-rules-v1	7	14	3	45	0H0j0h040V090F0N0I0m0P0k0L0c0G0e0M070a0E060i0f030A010U0dEJ0Y0T3fHHRB0JYf9A0WNcU8SfBs0D880Q
g1__UxnBucrNR8qdZ2RAtrVyY5WE5Bfhoza4G7eH0ocOaY	pathagon-rules-v1	7	14	3	112	0U0X0C0Z0d0b0T0c0501020l090K0f0P0H0A040Q0F0N060G0U0a080j0S8Y2r1t0h004DZg6w1P0RKj0J6YWkRa0BUZLWVy0dKz0DMt0kHZ0LJ60aYq0JFF0VRs0ODX0J1F07F29o0AF_03TtPj0E3X170bJc0Z03aZ4G0dYSZ6M70eRNQk0RW4St0kAcO3BoXD0V8kAy2p3b03R00YNIF309FrOe3e
g1__Uz9PZZq0GmzAHBMH5bYGOlQlG5Ej6SWRihQmo7phMg	pathagon-rules-v1	7	14	3	41	0E08090R0m0b0A0i0K0S0H0P030W0O0a0L0e0Y0I0J0N0B0Q0c0k0h010I0VTx0UbkL1Y7T0DuOOG40l3j
g1__Uzp_-dsSrhJPPRXi2SqMXJlt_wysUzd04KXtQfJp9o	pathagon-rules-v1	7	14	3	41	0M0C0J0G0W0X080Z0P000V090a0F0I030Q0c070m0g0E02070d080b0D0c0e01Ac2D7dF50lFO0XUpB90I
g1__V0wfVEQ2_UmOiwPb01IGqc9fwDIdoerJQ6B8Qg5Xbg	pathagon-rules-v1	7	14	3	45	0d0O0g0f030E0S0e0H070G0a0l0i0j0C0D0N0K0h050M0W0R08000k0QX1VRGO0e4wWM0gLc0R6PZLBk042bMk0P3c
g1__VBX1-OIYlXBdl04Q81SHYMV0n0ctrFQtbzuD6N0iFM	pathagon-rules-v1	7	14	3	62	0I0T0X050K0f0P0L040c0Y0708030F0g0G0B0l0m0J0e0k020O0a0b0j0Z0Da84tRJX1Tn3ID2Tt0d6iCkWu0cCB7Y0lQgaBNq0kF80CFu18GF07WT0FJL0g0Y2-
g1__VFqUJl1B7H2QWchE1D6Vl1Z_zaCxAKr4m0bK696qpI	pathagon-rules-v1	7	14	3	13	000j0g0G0E05070X0S0m0Z0i0L
g1__VKmy_9zkFAdmoB-LgKBy-CbVfIaJwwQoDPhmY0KQH4	pathagon-rules-v1	7	14	3	71	0f0j0E0m04060I0R0k0Z0C0P0H0B090O0L050M0e030Q0Y0W0i0U0A0h0201Q-0N3JNsaJKX425m8BJ9AS0IQBM6Bxbb0UUu0b4f0kWz0JKB0jIpCo0XGl0RTQ0aFQ0RGeVaMX0hYuEBHc
g1__VLKQKK1oMvBHHe0uDWwKMARf1vWsqNNBNHEJ-7D5lE	pathagon-rules-v1	7	14	3	49	0F0M0L0E07080U0N0E0F0G090N0F0M0T0S0M0T0O0H0N0V0G0O0A0C0B0I0P0W0O0I0H0P0J000I0Q0X0J0D0K0C0R7T0Z8F0g
g1__VOG5j7Wm-AdhnQOMQpHegDvznSIK01BKr25m6Vr0ss	pathagon-rules-v1	7	14	3	54	0M0T0U0F0V0M0N0O0c0N0b0a0G0H0N0G0W0P0d0I0Z0S0a0L0E0708090E0h080g0a690Z7g071a09080G010FHn0M09T3YPVK0d0TXES40K
g1__VRMARBaXifL36KooWaaO263ZaFXoIrrRoR-05-jfA0	pathagon-rules-v1	7	14	3	96	0j0c0d0G040D080S0f030M0H06090V0m010T0C0O0B0Z0K0a0N0Q0k02ZZ0DGj0JUeFUI-DY5oS22E8NII3c0JOU072w090fLrc60IKv0cSl0k0eaOJsG20WAj0j1L0O02V60M0bUKOI0lJjbE0gaaWm0PQdZ40kNg0XKV0lYj0i0f0OcCZ30HBU0b0i0KCA
g1__VZehBl9TWKxHIbR4jClsHPaJdRXb8NueXVxjcf9ufM	pathagon-rules-v1	7	14	3	67	0i0O0c04010G0D000l0B0C080N0Z0I070a0j0L0V060Q0F0R0m090c0k0W0YEq0USnZO0T6QMqJs0fa7HELC0JR3071RUv03Ni0YCm0M6Q8q0Q0dAb0cPoOF0E7QKtV6bx0j23
g1__VZrApy3g8y4pY0TzY2pvz80msx2ZQU6L2bB1cVqBBY	pathagon-rules-v1	7	14	3	38	0B0C0405030A02090B01080007060D0K0C0D0J0I0H0J0A0C090G0F0H0E0L0M0N0O0M0H0P0G0O
g1__VcFFmhzS-GflyWiAHnJCjduRrJw7enrE0czYuru4VM	pathagon-rules-v1	7	14	3	196	090A0G0H0N0O0F080M090I0P0H0B0V0I0O0W0U0T0X0Q0W0J0C05040C03020A0100070t003w040E0q5N0L4jHIBqNC0TMY1DBV6M07MY1DBV6M05MK0t1Y4d055V0L1e2K6x0v5N09010A0t4c1d3s08365Q040A034i3w6z0908395Q2P3t043D5Q0A1a6w0t7g6L1f5O0t2J081a5O0t6v2Q1a350q3r2N1a350q094g1d5N7m2K4e0s5N0908Aq0o342M3t0A04090o6v2M7i09085O0A020t4c6-1l5O0t093w1c5N7h2P3t381b0o2J6A091b0o2J7i3B1b3s2N0p341b092N0o367g3u1c2K0p09081Y2K5P0A03090r6_4c
g1__VcMJCXv661uq_FMGE4cjr-zsWoLOVM9WVjJkojdLQk	pathagon-rules-v1	7	14	3	70	080102030M0F0U0T020V0Z0S0U0g0H0N0G0b0N0W0O0X0c0d070V0c0j0V0Y0e0U0Q0V0X0P0M0R0c0d0Q0f0a0Z0e1x0TNm0aV60IRG0YM308Cx0eV30aTe0VPs0c3h09KY0cLy0021
g1__VnaElauY0riwEiodIkssEfVHtXa0R5i-AkLbCeyOos	pathagon-rules-v1	7	14	3	59	0g0i0E0K050C090G0X0J0F0h0l0S0B0Y0Q0c0O04030m0I0L0k0j0U00Bc04Cv460TREWjbf80FvKz0x0PYZ3cLb6V6wNBTWEs07Jn0iI1H80OMWNx0TB1
g1__W8AHdyvQRD4KZbhyABdXGa05amgYMAqGF5mwlT5wWk	pathagon-rules-v1	7	14	3	61	0f0b0A0l0Q0N030V0W04070h0m010j000R0d0c080S0H0i0T0F0K0G0C6Q0LZB0X0Y0lEx0HZa0ULfGjHwA8BE090Z43JB0NDe0a2qNK0j7BcBSf05BoaB093N
g1__W9QwxkOW0_A3HmS4aiG_9MIM_sRuvjgxQeWzQ2HIjA	pathagon-rules-v1	7	14	3	86	0Q0I040X0G010Y0J080D0P050N000j0W0f0m0P0E070M0V0d0a020H0R0O1h0eQ34OBTOg0LKOBx6fUhRl4iOMF8JG28QbPmVTTy0PLWIPH80W3b0kbG0eIM0M2mE70g6a620iNcV60D90Fn0a020AQV0QPW0c4d0HbaHc05Tj06
g1__WCMpzr2zE0GzS2zd1DXFUEOajZ2HmkMm4hVxip25Ks	pathagon-rules-v1	7	14	3	84	0P040g08020m0I0a0D0Z0A0E0L0J0l0N0O0X0S0k0d0Q030U01000i0h0e0W0CPNX00H0ZB-0jLHJ-QVADOwVjOK4K0C576z2n0OQd0e1v0F0Y0RN_FM05ba0UJARl0AAt0COj0WQzKz0PD-K50H0dVb0MLc0c3z0GEd0Q6-
g1__WH7or--WJtdzIuq-u7iIft0PD5ozkjcNp8ibDcCoGs	pathagon-rules-v1	7	14	3	99	0f0e0l0m0k0d0W0X0d0Y0e0f0V0c0j0P0c0O0Q0R0X0Q0i0b0U0N0b0K0J0I0Q0J0H0G0O0Haz0P0l0O0Q0CAq0DYYbb5Q0B4gWF3A0f3wWE5Q0A4g9H3A0B3wAo5Q094g9H3A0B3wA15Q004g0s3A003w0o5R7i4f1d3x2N3H4f5S3x0C0D0J3qbPRYaXcFWwbP0C
g1__WOgYcwTzAgjFeQvPv50h1nJCUdhZCC0nWkTDe8kFd0	pathagon-rules-v1	7	14	3	46	0M0i0R0W0Q070k0F040a080c050L0l020X0g0I0K060b0U0m0f0J0C0EWn0G5l0f9zDE4dYiJFH7aR2x0Z6XbF0h5WBL
g1__WPNkoaNnKyQtiumhBCmaBidUQSM-8bS29pjaFOSTT4	pathagon-rules-v1	7	14	3	81	0l060G0V020a0J0j0I030Z0N0F0Q080g0O0h0R050d0U0m0P0k0b0K090M8I0S4qHiImGR5z09TH0HK1awUBFL3aCT0i916n8C0KaO0fEP0kBTZk0LGN0b0j0X0G5EZ40iJOLZ05HrCqS1VE0dP80bUD0O9hQb0A2t
g1__WU5w4bxgp-qwe0iRu9njYsE7ZfV8-2AcvOmFyCyO58	pathagon-rules-v1	7	14	3	47	0W0P0g0G0J020D0c0S0L0I0l0R0N060e03040E0j080A0d0h000K0L0b0a0i1I0Z0kTtFkXrPTDd0JRlKibKFq2Z5UGkAW
g1__WgYqpIPILcM59WAZlPqQL-coU40Co7fgr7BVe923ZY	pathagon-rules-v1	7	14	3	57	0e040k0F050V030B040c010i0Z0O000f0D0A0g0N0G060a0J0L0b070CW90T0vJV3h5n4G9T06OY648qAqCUaVTALx0YP_2UcC0c5B0O6aNPSS0K5b
g1__WgipiSXb-p-84r5_tgvua2AR8GbZbbVJ9S9RtV0KqU	pathagon-rules-v1	7	14	3	41	0V0K0J0h0R0E050j00080X0f0Y070P0A0O0G0I030l0T0S0L0H0M0g06KK6mOi5sRQ7R0F0mX2GfbGR01V
g1__WmZ0buVbPaHhlJHr2U1ak0A3jcBd1RbHbqjj45IhK8	pathagon-rules-v1	7	14	3	65	0h0K0Q040G0Z0T080L0i0E0g090S030M0a0N0F000h0l0Y0B0O0j0X050b0H3VMi010kHSGNLw08TR75RB0NNH1OCJ9e2B53Br0mU10RWR0E0B0FFP07Hq0IQL02BD6G53
g1__WraN0bN-2dWWH8LIfCs_arRIIjhCoKVcEqlhJSCVQM	pathagon-rules-v1	7	14	3	57	0G0j0f0Z0D0O0h0g0a0l040W0S0C0Y0R070m0P0E0d0T0Q0F0L020i0KB103Qv09H0b_SqZm8m3CVL7qZ5LpD4AZ0IX0Z-CR4G0i3803Ka0WVx0V5Y
g1__WuYEi8phZVxO57qMWyzKg1BLvK1aSQafkC6_PlbPOk	pathagon-rules-v1	7	14	3	95	0c0J0C0a0O090V0U0R0A0T02060b00080M040K0i0H0m0L0N0k0Q0d0lM707AP0YTw0eJs0c0U76MmFxNtJ2HEbS010EaQbpII0aER0mZd0lJs0N5r8GM80kP50V7P09WG08210OGM0KRkb00YaA0XUoPY0OQCBv0R9b8g0A010CR40LLi0YZG0k5k060v
g1__X90n2G6bZkrUqDObAn9pKrbMDhb2u_Hg9xh3pPzaiA	pathagon-rules-v1	7	14	3	35	0l0A0U0J0K0c01000S0L090m0k0B0V0T0H08070E0D0W0I0i0e0g060F0Y050b7Y230jED
g1__XGNiYx5nxe8UpTSpkIDuWGiv4hXkOhgRo8pRPtECis	pathagon-rules-v1	7	14	3	25	0i090h0m08070C02050J0Q080J0X0e0l0b0X0P0A0V000O010U
g1__Xb3LY6dRBfrVY4IH6gfdJEyn6H96D5F5CJHtADHaqA	pathagon-rules-v1	7	14	3	55	0k0h0B020f080N0G0K0c040U0b0X0m0C0V000a090I0F0L0H0j050l0P0S0eaM0YGp19Zf0dbD32J2VE0jKGL-D40A4sTVbNWg068o00Qt0KHT
g1__XfHlsweXaXestibQWYUVBBvXbsiYmvOsF4fxrMz0kg	pathagon-rules-v1	7	14	3	196	08010F0M0S0T0U0N0T0G0M0L090M020E070F0008010H0O0V0A0O030P0W0I0V0B04050C0J0B0C0t00050u1YBW2X020709BqCU6h701RBVRo6hGz16080F09Gs6TS0Bc0_08MD0Q1f5O0X0216XNBV1m010L0vBV0Q2X0201090u6vBX7u090uGsBq1m080u0LBV0E69Bc0_08MD0L1f0S0oGs2eMF080o092J021-6h01HI16Bc1mMDHI6T071DC9Ro6hMKXNBVRo08MY1DBV6M010L0uBV0E2K6A08Bc0_2J1a69090t4c052Q5P01080p4c1d6w2P0p341b012T08361b8S0B2T081a358U0y2J1a01030x091Y698Y2R0p0B68
g1__XhplxsmgWLkwLk1fZcFrZF3e_zcMQX1vg4sgw0m3Mc	pathagon-rules-v1	7	14	3	27	0C0T050X0W0Y0P0V0Q0W0d0e0W0c0f0U0d0k0e0l0J0X0m0W0R0S0Y
g1__Xjxg_4d-HXjGIx72XOJ2e5QBkPWzA07aejwX28cCWY	pathagon-rules-v1	7	14	3	60	070Q0l0m060M0f0B0c0E0i0a0W0R0e0I0D0G020C0b0A0X0K000g030jPg9w0L04Wn8aQb0h050W0V8104Zl2nI308bYVeGkOh0YTv0mHF012_Dk0HLNCt0l
g1__XlLda-efnasklHKR9OWWeF3juLbmlJNBT_TEE4kvjs	pathagon-rules-v1	7	14	3	19	0102080a0b0G0F0W0U090M000A0H01060N030i
g1__Y0A76ta7tMzqdH69U0OuT5qLjYPHZmchcYx2oPvVp8	pathagon-rules-v1	7	14	3	96	0i0f0a0g0V040F0N050Q030l0S000P0A0O0Y0G0X070U060m010h0T0BT30UJR0Jab9T0KIyKTR0GbQG0LAsOqSzN2WZ5j7RGN0DRr0X1x0f4mFp0acE0mBS0iVs0CQdHQ0REO0T0WbH0a0bU8TZ0OLB8_0Nb-Pc06ZaNa0mKPRJ0jaUF00bE80YA6180CBr
g1__Y9BLbCo52UJnLaw4mCuLPp7wvyff0uOFm2j23IeCNI	pathagon-rules-v1	7	14	3	66	0B0C0L0I0b0N0G0c0W0J0E0k0M02050T0d040K0Q0j0l0e0Z090Y0X0R0H0mUh0A540BDvSG05La0NA6GT7WDd0DT70HInED5JBD0Nb10U023Z8R0D2KBT0DQU03KeYj6l36
g1__YL6MIrSJHqliOs-4eSLcTaUFm2NEbvhpseB-JL1J2c	pathagon-rules-v1	7	14	3	40	0A0H0F030G0A0908010209080O090N0M0I0B0H040P0F0W050V0U0T0C0U0J0Q0X060Q0DCG0F010M2d
g1__YMaT9QfVRF2t9tz2FANFrVtpc38byhAzJt4rEtOY8s	pathagon-rules-v1	7	14	3	37	0h08090A0B04050C090B0J030C020Q010X060005070j0E080M090U0F0L0G0T0a0Z940g3qAP
g1__YPTQPKRoedFReo1JumaY9ocjHu90fO7MgTyYTEpSs4	pathagon-rules-v1	7	14	3	22	0I0a0M0F040m0Q0T010E000l060k0K0i090j0G0M0B0b
g1__YdKw2VA-AB3jU4hZDQNw8exGY2YMk_H3_yNCJH3jjM	pathagon-rules-v1	7	14	3	64	0e0X06020B03010D0l080c0K040b0A0d000j0S0T0U0Q0W0c050V090O0N0W0C3Q0POo0LI41KJo030J4WFO0aWRRp0J1fZSGs4A6hBcMR0S0uGsBq0E0S0B0T110C0F
g1__YlnTCdH6CC_EhXkFzsJSWTBR4UWf_tb3G6l3ycDwf4	pathagon-rules-v1	7	14	3	27	0e0E0c020R010I070l0a0N0h0Q050G08060g0X0b0A0K0L0d0D0W0K
g1__YvmWiiG31vIHjtr32HFiO2l7mWuNwBwG_a2oIid3jc	pathagon-rules-v1	7	14	3	29	0M0T0a0h0T0F0L0S0Z0E0S0g0U0N0b0G0i0708090F080001020H010A08
g1__YvqWxdEwjOGAMmpVOlE6Oa1ozgLhCa_V2jsFKEnFmQ	pathagon-rules-v1	7	14	3	25	0h080907020j0G0B0A0T0S0b0U0i0a0Z0g050a0Z0N0a0T030a
g1__Z30YocGdOJFCyiwSIuJ6rGnWE-bvaQFNGEl6xa5mcI	pathagon-rules-v1	7	14	3	48	080R070f0a0T060g050P0m0E0L0Y0X0U010b0E0l0e0Q0F0M0h0c0i0jHa0L6V0G000jQ4IM0dDY09LJ04M3Ci0QBcXU0WQc
g1__Z8Q18GyEPaiAWzCKjcknCtTAuddHgdj7NsjPw_6rWA	pathagon-rules-v1	7	14	3	61	0N050K0m0E0Q0Y0X0j0g000B0b0L0h090O0J0a0k0D0c06010S0F0A0eJu0CMG0Uaq0lT80LI_VU2u0Z3oQk0TXI0gO0190UGX014W0KBw07JT08YDAb0f0X93
g1__Z9ZuFOzNvTJ2Op7-fHoUTJJnH8n4Lh9W0EyojhcEbs	pathagon-rules-v1	7	14	3	36	0G0A09080209070N000G0E0T0L0U0S0g0a0h0Z0c0a010i0j0M0i0O0V0N0F0b0d0e0f0P2A
g1__ZLT0ZA8WciugvLT3LpmxD5l0PsCw9ayF_EZvfrZS74	pathagon-rules-v1	7	14	3	65	0j0Q0G020C0O00080Y0Z0d0D060R0H0P0K040S0L0D0A010M0H0k0V0b0h0B0g0SY30eUt0i0ISJGc2vD0bERNK-ImNuEC0lP90YDe0RXZbG0V830G9j05Lw0Q0l0X0j14
g1__ZMiS4yNPh7xcEMHq-ZmoJl_mhiVhElx77_W9lonmFU	pathagon-rules-v1	7	14	3	41	020h0i0F0g0A090a0B0G0N0h0G0d0E0b0U0j0Z050T0M0b0O0i0N0k0F0W0V0L0P0I08D80PPX0T0S0F9C
g1__ZOVgCup8YBfBQkxiAZQSAqQhGXhHYXrCSYtTf4CRpc	pathagon-rules-v1	7	14	3	49	0a0T0A0h0R060U0Q0a050k09020l0E0L0Y0W0G0B0J0K0P0j0c0i0f04090O0I03LjauNx008109CFGzKK4SEkYl0XYH0J0E2N
g1__ZeMJCoOqTGI3-BsU4Lx7rphwhP6XDsp3UUpctbg0wI	pathagon-rules-v1	7	14	3	22	070Z0S0a0E0b0L0c0g000Z01020304020A060C050B04
g1__Zg4OdizvxkyG5lLJZV17yKpQV87ZsELv7NnGy7f6E4	pathagon-rules-v1	7	14	3	190	0Y0f0R0X0e0Q0m0l0W0P0M050I060P0X0c0V0Q0e0W0d0X0f0k0j0d0c010d0O0l0H0k0J0K0D0CB20D1j0A0N0BHh0GIZ8U0A4g8W0A9LDO4s8T7q3D03IeQp3s3c03cA67Qv0Y0N1j0f0A5vDVWQ9YIrO60fI5170GNLOCI50MId0V0GH-0U0GCc0V0NNDHoOsIS2o9Z3F3u08IY9G366y8S3r2N360N0q3s2JG7381b0o2J3t3C1f017o1h01Ic0G0N2QBq0E1D6UGzBqMRHd6a07Bq6MMK0MH416681f090E0o6O7nBV1mHI6T07C20EHI16SEC20EHIXGSEC20EHIBqRo0MMY0U000N1707HDXO0b0MBz0a0VDc
g1__ZiCU-JThyVa4Y69mzM_zXyEHB9QSf1Rsxjy8k6hVk0	pathagon-rules-v1	7	14	3	17	00090701020I0G0j0g0d0Z0Y0S0R0L050E
g1__ZiJytB8RaQLOToohjXYZirPxv3xvsIIkr2IOEbYpIQ	pathagon-rules-v1	7	14	3	55	0V07030F0Z0h0C0605090e0U0D0f0J01000a0H0R0M0j0l0k0g0I0G0Y166qXYSN4q0XFO61H0aA0PNvRt08Hj2u4C9o5SRB0WZj0SYz0Q0Y3b
g1__ZiUYlZokEiGC9lopnEMcdUdyKg3EvB-arE_eP2_sq0	pathagon-rules-v1	7	14	3	25	060N040m0k0I0B0J0P0W0d0I0H0G0W0H0K0D0V0C0O0M0A0L0H
g1__Zk6JBKqkUQ3XLuxVyE-C0yFCjaRBBruI5EzppsAP3A	pathagon-rules-v1	7	14	3	59	0R0Y0K0Q0J0X0f0e0Y0m0l0D0C06050P0I0W0d0B0e0C0I0J040k0B0d0l030A0H0O0I0A0V0HbZ0m35032J361b3s0r0c0B0d052F0VbU3p035_2P020D
g1__Zm7OU_7F5sl_M8HBioW7yICqZErT6qBKPnztFWFI7g	pathagon-rules-v1	7	14	3	71	0a0k0R0I0d0C0O0D05060L010j020Q0Z0f0b0E0i000g07090J0l0V0h0S080WEd0C83LCXFC3TsAd0Y090Z0EayFv1zMEaAJcGZ0HRO0cbvEM0S0f9n0l2jHJ0YWk05QNYx0bMg0S0X25
g1__ZpTal0O3RlN6uw9H6tsS4LM0nVaPuGyItTkprcVZoE	pathagon-rules-v1	7	14	3	196	02010O0V0308090c0A0H0G0F0O0G0H0N0M0U0N0b0G0T0a0M0007010E0L0S0M0L0T0Z040a0B0I0s001e0o2J6A3B030v0P3r1c0F2K0p340B1b2K0p4c391b2K0p3r3803070p3r1c012O0p34033y1c0B2K0p346B1d9D4Y2N0p1Y4d3F2M0p0W3r072KJC0p6v1c0O2K0p3r081b2K0p5N381b2Q0o3r366B1c012M0p3r1c012_0p3r1b9D2N0p341b3s2N0p341bME2O02380q4c1d012N0p341b3s2N0p7g1e352M094eHh390q0M024c2O5P0T013A0q3r1c4d2O0p341b3s2N0M0B0p391Y3s2M4e0r0T0B2J361b3s0r2J
g1__Zyn-qGfq0ZE5nSF1or9t1wFnpP7vejGJgOs_0M_GTY	pathagon-rules-v1	7	14	3	38	0J060B080V0h0P010F0L000I0b0N040C0T0m0G0M0f0U0D0e050H0X0R0j020qFIWY2p0aEPQh21
g1__ZzLc-jJ-slPuaRdk2vCRYTy9RjlLjpv2KJMmvQPRuE	pathagon-rules-v1	7	14	3	39	0V04050j0N0E0A0K0R000k0Q070h0J0M0g09030D080I0c0b0L0C0B010T0d090a5606aY0d9Q05Iq
g1___4WzExIViebO1W7PnDUxwEzeTAX1iSbKy_3AWdYs2A	pathagon-rules-v1	7	14	3	36	060M0e090V0Z0N0X050k0G0I0h0F0j0g0l020A080f0d0Y0O000E0C0P0B0N0SVO9n7zXr2d
g1___NCNfPMfuhWOCoBfANB3Sr5qZEnKn7EuhpLNu91nnM	pathagon-rules-v1	7	14	3	48	090d0E0W0k0G010M0O0i0T000j0l050S0g0B030Q0X0F0C0P080L040ZC5DV0m0G7iDLZLRgakKP7UCv3HMV3-LE1n5k5A1P
g1___YXsvHQ0YwbJfKk0wg6s7XKqMg48D-re2bll7nMmiw	pathagon-rules-v1	7	14	3	56	0008020e0T0i0l0Q0S0X0V0F040E0a0d0I0K0H0J010R0A060N0b0g0kbTKtSSGb8m0DMZBI6YaO0OV_NkV4PE5q05SpF60G0lCi210QHSQf017V
g1___dAYT7jECS8gVptdKEdipMBpwJCfoxk5918xvNwG80	pathagon-rules-v1	7	14	3	26	030T090O0P0h0l0H0e0R0k0m0E0Q0b0C0a0I0Y0S0F0P0A0U0f0N
g1___e3-_SghMOyNSptLzRzc2r6z8oGQo_IhT72tR9dNAU	pathagon-rules-v1	7	14	3	91	0h00060F0M0S0c0i0L0l0T0m0P0I0e0H0f040R020D0N0J01090G0g0a0A200j0BKT0OGvEi0i2r0SDDHlIeG23wBE8JXjDY0dAS0JbZ0hQ30eOa0VJCYw0DVj0maC0PP1KQ0N3109DqZabH7y2i09CI7yR4XB0CU81y0b4vEaa7Lh0kTEPv5x
g1___uhpFFvY1buZ0vQd_V5YOXznqksmUIeOlA5SrKDT8M	pathagon-rules-v1	7	14	3	127	0W0X0C0Q0D0U0V0P0J0I0B0O0H0A0I0O0P0H0N0G0O0N090K0A0R0H0Y060504033t045N052K0206090v0F1Y095O2P023B033z0r4c1d5O2P0p341b3s2N0p341b012N0p4c1d352M024g0s342M02040o342M3t040o344f3w1c012O0p3r1c012M0p3r1c012M0p5N1e352M0p0D1Y5O2M6A0t1Y352M3t0r1Y355-3u041a0o34032K3o
g1___xzwiLT3o3Me8Q6WSH9pntcMzAz7Abun5q57uqmZvM	pathagon-rules-v1	7	14	3	38	0T030D0W0l0I0Y01040A0j00080E0P0i0e0X0k0F020806070Q05030X0h0dY30BR90CL7PQB80D
g1__a0X6FXlak5hZemIfSK8F21I7ZhFva2XgtFky3itkxk	pathagon-rules-v1	7	14	3	29	050L0C0Q0I0P0W0M0J0P0X0B0A0d0K0Q0R0e0I0B0X0D0Q090C0f0l0N0e
g1__a2QYQgG-nrFieLINROVDgdHdHH3OIqI984mAXrze00	pathagon-rules-v1	7	14	3	38	0C0W080F0f0M0d0U000N0h0T0D0V050B0i0H0S0k0a0J0G0g030A0P0O0RJv58NzAq9xDAXY5f8p
g1__aOy3Gni4O4iaRPvTUGWvNObaOeXGF82h3x5jxeHQCc	pathagon-rules-v1	7	14	3	72	0P070B0R0N0e0H0d0l050h0S04090k0Z0f0U0A0g0C0J0c0b0F0a0D0m0C4u0T0i03MLIv0O8tUfa46p9w1a3F06MXFs0MXaNbc10V0cCz0OGc0Q0NRJ0P0JQY0I4DFa0EXm0mYW0hEe0cD8
g1__abdrBjA8Hi7_0DAwQleK--Oeh6BvAO1JjOnM1GtPu0	pathagon-rules-v1	7	14	3	56	000j0M0l0d0e0C0k0N0F0I0X0b0m050H0A0W040O0D0d030U060R0B0h0TbxNHPbAZZmAs09HsJNU70g8nGFCNan4oQVTJL07A0cIC0iDq0jTQ0X
g1__abmH2Z1unWcn3IH2bM5x8dpBx21ini4BLAzmWFeSmY	pathagon-rules-v1	7	14	3	62	0N0H0B0M0m0X0k0h0f0O0T090L0N0G000F0S020M0c0R0d0b0U010N0a0M0VWI0WUh0PNb0g9U0Q3OOZ0VWzb-38D6MraCYQ0J4Y5I0dHX0b0a1N002s0Y0aRI1z
g1__aeyiy5HxqjagoGzMFni-3xC8qNKL8M_PBfXG6Vxo0I	pathagon-rules-v1	7	14	3	25	0U0N0G090N0b0i0A0b0B0H0O080H020F0M090E07000G0F0I07
g1__ag-aMrPP4AtYQIZOENv6o-t-VBzQSsEw1G13PeyfNc	pathagon-rules-v1	7	14	3	42	0I0Z0b0P0Q0S0d000J0g0f0W020j0k0i0c0V0X0e0c0h0l0a0O0e0P0H0W0YFa0V0J0m0c0fK30HbF0l0PcF
g1__asx0QqarEmyOFEVn1Xbic2DIdK4dsiewjM-K98997w	pathagon-rules-v1	7	14	3	57	060S0j0Y0g0C0U0f0E080P0M0H030I0A0e070D0Z0O0W0i0d0h0V020a000eAo0NEsV3XO03FX8kOTAHBCRN01Rh4FMTac0DXx0BUu0gOL0SBe0A1G
g1__b-1fX0cZL-kPeTmU2KSQNGbtQuGf-oirW6sBAy1FP0	pathagon-rules-v1	7	14	3	63	0k0E0K0l010A000j0W0T0a0k030c0d0f0Y020h0I0J0F0R0L0D0N0M0X0e0bSQ2t1X04As0Q5FTb0UH209LL86Qk09a10G03OK0h8O0ZTrBbMSEZ0I8SEeXtb30P75
g1__bFymy_TIX8aiICKe6C6wWU0daGlMLaOuISFq0j2i0o	pathagon-rules-v1	7	14	3	196	0A090H0G0O0N0F0M0G080B0F0I0P0W0O0P0V0U0T0N0V0O0U0X0Q0J0C0Q070E0L0F0E0S00ME0SCI0F1b092K0836031c092M053t01384f091a3s0r9C391b3x0r4c39013u5R0B2P0C3w9G5Q0B4g8W3A023w2N5Q024g7l3A033w385Q0A4e090r9z1d9D3x0r4c0B2K3t388U5S2P3t380A03093w2N360C5Q092N1a350q3r2N1a010A1a0o34092K4e0q001a0o34032K39039I3t4g395Q2P3t4g395Q0B3t4g399I033w385Q0B4g0C39033x384f2O5P3x384f0B1d0C5R9_3A7h3u2N4e090o3r2O9G360q4c3w5R062M
g1__bIYsaMy7k-SdZkPN0wjaKOf3kmgFThnuKXd90j4qy0	pathagon-rules-v1	7	14	3	48	0D0K0C0R03060J0D0Y070H0k0U0m0l0G0O0h0I0V0N0j05000A0B0Q080PGk0C040K0p09030W05anBIK90MGna70bWA0BbY
g1__bLlSXLETwvVA12vGCo6JjCTTcpEmEeK8jovBhBhavs	pathagon-rules-v1	7	14	3	52	0Z050K0I0J0C040g0D0B030h060i0L010m0f050S0C0j090a0E0R020A0Z0HS0080Z09AzWi60Y5GVLm0R0TL90kcCXWM6YjYO0JXcSL
g1__bNEUt7eawBvl_alZ7DRtRTC14_ck_owBS9h3pR25mQ	pathagon-rules-v1	7	14	3	130	0U0i050h0J0a0b0d0A0j0c0k0B0S0O090l0200010V080G0e0H0R0N0W1X6v5FMmTJV5Wn7kBN09Dt3uON2NIkPZ0SZP020H5J0AbUZCZu0NMmY8XG0US01KHW0bMm1-XG090SLm0G0F09NV0GbG0P0V0WQQ0TCc0JGK0TT20GToc7ZvaiZ7SGYQZvXe0babYQ0a0jSl0b0P0c8y0AOX0V36WD1YME0W02150V433B08H40J6T7808HkBVCUHI6T0uO5
g1__bVnb6fi6uIvi051TN4d5vvQ8KyxIJ688vsr_p_lrFQ	pathagon-rules-v1	7	14	3	51	0C010Y0V030I0D0c0d0Z0S0A0e0E0i050X0K0f060H080G020L0W0a0J0b0A070RWa040C09DoS1DF5H0N67Yi1oIs0BVHDOAdPd0Z
g1__bW4ug5XiRMkSbPJavFDDC_TWNhmEQ0ik_rmscGU8yU	pathagon-rules-v1	7	14	3	116	0j0e0d0c0Y070X0Z0Q0d0R0L050B090A0T0I0S0F0D030N06040W0k0G0K9hGDU3L10Q0i6WZ2V_IFAd4jUxNSKj0FJr4W0OZ_Ev0mPb0NU50TJR7808Nu0UIk0aXv0f8L0N0lJ40a3f04HA0c5V0dTq0bOF0haT0PXY0L0ac6Os0g0E0D0GUE0KQy0mBH080F0M0D0eTL0KIP0G0HP_0F03KN08MM0G0VYi0b2a
g1__biVP6k2wgbhake26YSU6TqU-fbN29HHo370iDDjjno	pathagon-rules-v1	7	14	3	71	0P0E0Z0N0C0F0i020M0X0U0B0e0d0I0b0g060V0a050T0Q01090h0f0c0Y0S0mBi0XIac1N1EjAD0TSc0mUlVZ9a08CK0I2S02UA0kDC0C05Rq00AF09a95e066c0A9V0RE90HFV0K0F2W
g1__bjkQsBQaQQ0n9tOsoQ0udVUnv5GuAlNsNvqVmN_LBc	pathagon-rules-v1	7	14	3	43	000M0N070j0m0K050D0c010Y0R0i040C090Z0F0d0l0g0I0S0P0a0G0VCmbd1PMYLlSj0ROgG20EBAAjDeHd1j
g1__bkiM9DO1iG6Fggi84wJbDuYk7iZjfupA_jKo4g2wIU	pathagon-rules-v1	7	14	3	40	0S0d0W0P0Z0L0E0M0L000g0105020C03040A0R0B0K0D060C0D0Y070Q0f0I0Y0m3z0F04Ab46Cm5uIM
g1__c-qUW-ZaNWHf22oXUHjpWH_j-XiqboGtWSkbBcPrWA	pathagon-rules-v1	7	14	3	66	0P020V040b0S090E0f0B0N0Y0W0H0L0T0F0I0i010h0Q0X030G0M0d0jKD080k0CIb25ak9W0B0aOi2hQ7F49J0c0k0R9_JSWYRI0fQH0XOk0PFQ0jSz0C5n06GT0mVm0W3T
g1__c4um3hX3pCoCJBK0ZCSsFRACpqKO4evci5Xx4DJSk4	pathagon-rules-v1	7	14	3	50	0f0X0W0D0O080701090Z0K0T080l0a0E0G0P000g0e0H040Q0c0Y020CUI0J1X0F0A0BVg0jG5Wy0I0N1G08Sz7I0SZH0U0O68Rw
g1__cAbdXdLRMg3ZVgryEUuhVkaXSLBUfd_PeUPaRBUBR8	pathagon-rules-v1	7	14	3	76	0V0T0P0C010a0G0H0F0Y0M0Z050A0X0g0B0i0R0K000k0j020I090h0R0Q07Dc0eI5SG0GAB0h33PF0L1wSzCMBrT9VRDWM95EHp0FaV0RGp0D8l0fGw0La2Ox05O30lH10LVd0J0z0kWTPsKM0ZFo0a
g1__cRNKOhYoZ4rEmE6mhL6VmBWuelfchgIqwUXLQoptIA	pathagon-rules-v1	7	14	3	86	0R0W0d0K0L0l0Z0G0b0B0k0e0a090J0C0D0X050A0f0I0Y0C0Q0e0P0mFq0HS_0XWP0J080QSD0K770j0Uc4XJbCHW9GWD024g2P0B0DXD5s0cZk0O0NVKPm0W0O0V0PLz8uR9MY0S0A0R0B0YRvMZ8u3W0IBq0TMRNQHP7_08MZ
g1__cRqpKEGss8GmLonvrPEAWW42TkqQOWg_tVNGFrrjFk	pathagon-rules-v1	7	14	3	38	0d0f0B0V0j030g0S0W0U0a0C010I0507020c0A080N060K0i00090Y0O8f0TQt0M0H5nGg0R2d7I
g1__cj6n0ZRy9zM_ABhdl2ClzY5FOz6Liq8BCC23MZUX4E	pathagon-rules-v1	7	14	3	60	050P0e0L0F0O060J0c0j090V0T0G0K0Y0f0i0M0E070I0N080m010X0Q0G040S4O0A7AD5KLN0EO5cLV0hRHc1ZCChC3I33fPg0iJ80FK6H3MJ0YVp0W0L23
g1__d4NKtuV6sgq1x6IrWG-lh5ZvHavOYOImplUb93gY04	pathagon-rules-v1	7	14	3	79	0m0h000G0k0L0T0e0V0C0i0O09030b0H0S0U0B0a0D0c0F0g0A080N0l0Q0j0I0P0CSP0V0d0u0Z01XN2G0M0YRuLLJd0l3jAT01RQ0QBQ06Cz0a6b078L0PPf0JW-0H0GHD00WS0O0Bb_0HbM5W08MS0A0Y0H
g1__dAOJYMo7QFU_ty8PPkVFPVfVpaDRznqd9DQ0Ow6C8U	pathagon-rules-v1	7	14	3	68	0B0I0P0W0I0d040c0V0O0N0V0O0H0G0O0H0A090H0A0U0b030U0A020a030b0T0M0F0N080U0T010M0C050B0J0Q0C1x0X0I0Q8e0ASg0C0MN4Av2m0D0MHI0C0T7D0B5a9k0BTd
g1__dBfLvpOw4mzqlsRoBKaf0ZM3o7Q4lhGj5ne7lXw1j0	pathagon-rules-v1	7	14	3	196	0m0T0b0J040a0H0G0L030f0g090Z0k0Q0h0X0Y0I0U0e0H0B0S0A080T0V0lRPXRDvVgbl3RMrbC6oSN0aQaY5EaVSSF0I0O092iXS0B0M1a0FQq342M3t090o3cWwLKQnYPahWubRZzZAahYQ0IcGZDaeRX0icGZ-aiZB0KcGZ-aiGp03cGZ-aiWu0WcGZ-aiFH0IcGZ-aiUb0c0d0V0cZwaiMx0UZC0dai0k0cahZy0jUcZvaiZB0iYRZvaiZBbSYRHI0L0cGsBqa-070dH4166hafMKHI0FXUC9MY6a0MXUHWMYI30MJN0O0F0V0N0TXUNeMY0OS0XUHW0kMmcCXNZ7RvYFMK0M08WxHWS0C216X9MD6a0NRv1KMtZgGsRvC2MRXN
g1__dBhenfHsfHqo5Xbz5dO95-df6Qm5f95g0NpBvCeUMk	pathagon-rules-v1	7	14	3	44	0k0Q030Y010K0j020i0L0e0c060d0m050T0R0f0I0N0B0a040A0G090S0F0M5Z0XSuQdNBLq0GT60W0Rag4E9518
g1__dDu4bKeMlizA6-wdok43Rwo8aCduY-mvOduC2NhZJo	pathagon-rules-v1	7	14	3	196	0a0b0L0E0U0T0M0F0T0N0G0U0S0Z0V0a0U0c0N0O0H0V0I0P0W0d0V0P0O0W0B0A09080A078R0A01090p001b092N0A390t3u040A5S3A3u9G0B020I090A03095N692Q0A0_02681fBW0F0p0E1Y692Q020_006o09C20uWx1mGt0F0p0L1Y692Q6x0v0968Bc0F1m0o08346A1b013w9G072M4e0A0o092J081a0109020s3x6C1Y4d2Q3t0r1d5N2K6A0B014i0s9C1f5O2R0p341b3s2N4e391b3s0A4g391b083s0A36080309384f2O0p3r384f0A1a01393x2N1b4e090o032J6A1f5O0v2J02073u090A08380q0B1a3s00
g1__dLA5vXB23mcX0FONw3rEzrVuAhVn7gTblJNW9q7_h8	pathagon-rules-v1	7	14	3	53	0h0W0H0T010j070a030Z0G0R00050k0K0M0X0I06040g0i0J0U0D0L0Y3n0fYKAw43WzZ34kW4FX1jNNG_0VDRQkDrScF0B3860OY1Og0V
g1__dyLLSEsT3nhT29g0TejQmHdE3paB-glg4VYK3eKZy0	pathagon-rules-v1	7	14	3	35	070I0W0N08030S0a0U0X0f010Q0g0h0O050E0G0A0D0i0d0b0R0N0Y0j020M0m000CYo2c
g1__e6QLUE8pL9tTKv_79IWK-kXSmoGnk13WI3bCdhwy2M	pathagon-rules-v1	7	14	3	39	000E0G090a0N0B0G0P0I0H040O0W0B0P0A0O0V0U0O0V03020e0F030J0Q0X0M0T0N0M0b0l0U4W0i
g1__eK0Yg93N6lTxHLTDf_xnkbYWOcPO2Cy5zk-_M7gOHE	pathagon-rules-v1	7	14	3	95	0d0A0B020H0I080S0g0W0V0j0X0Z0N0k0D0P0c000W0f09010Q0O030A0M0R0E0LVN1_Wy0Y7lLW0GK90UQr098_0JJVNmNW4f0702Woa-0dBNR2C14F0E0XByF10FH_InO6FYHCCbMSBxRoHP6TMKBxRo0T6h0u0FH4Rv6hQw0UH4MY6a0b0LZq0g04Wj
g1__eNugcExsGjl87sWErDmzjlimIFYG8qfbbHGOyPDME4	pathagon-rules-v1	7	14	3	15	0h020006070M0E0b0L0k0S0B0Z0H0a
g1__eOEg8FNrRzGrd4VeU8tzFdAbwtJob_1bZ-OB9P0RBc	pathagon-rules-v1	7	14	3	51	0G0H070a0j0R0E000U0g010V0B0N080L0l0X0S0k0e0O0C0f020L03069R0KC1GI6Y0B0I071m0T0iWhay1W0hNJ0T04EiP8L1Jo0a
g1__eSE0UHf6NCei2ab6I9ssoPMIP0TognFQ0nGJSv68QU	pathagon-rules-v1	7	14	3	88	0F0j0N0K0d0C0O0L010g020E0D0a0I0h0l0c090V000H0B0Q0b0A0Z0X0f0iTs052M0UbtXJ1rPG9fC3FsZ7CHDu0kH4V3YKRz023h0Q1H0eIf00030401110JBV0EXJ08Gh0bW50dDf0bTwFLNv0cc00h0HaW0PbE0aPa07Bl090d0v
g1__eSTQiYCmHja_-Jo0QgE48tK0Wizel3H38kRa78al5k	pathagon-rules-v1	7	14	3	101	0I0U020c0F0j080Y010k0V0D0A090O0H0i070G0f090K050Q0W040B0h0L0X0J0NFxREJjU8PPLECsBG9f0BTz6X0gWD0FZa860E2Q00Usa10dQqCY0J75Xz0A090O0i500lJS0fXZ0m99J50H3oLMcB0PIIEY2p0X0QP20ZS-b20VLjWT0W0QFAP9aH0NPaAOUuKu0V6S
g1__eSxq4mj5s1lioEQ1FyBuIQIp75SQoRL8y_XBz-k6oI	pathagon-rules-v1	7	14	3	137	0e0j0k020Q0H0B0R0L0G0E080Y0f05090A010g030F0U0A0b0X060I0P0Y2s0d5n063qF27g9a0T5h0l0WRc96bSGqKMVg0cX21V0Z0aSEc4HI0e0ZaW0dWbRS0Y5MRYWu0PcGZ-ai0k0c0i0lcEbWakXf0g0lWx6o1fCA0_XG6o0eCAbY0N0I0M240OEyLCRD0GG_2R0XDJRb6x7gW-1c2O0G3AML4d0u5N771t6a0FBq0_MK0SH40L68MK0FH4166a0ZC90J0Za4MADD
g1__eVfqAdP-DAKvky4KydkaBbAXR748mx45L3x9XmY5qw	pathagon-rules-v1	7	14	3	69	0Y0R0C010X00050f0J0Q0P0W0N0U0c0V0O030g0V0m0D0S0Y0l0e0X020d0Q0H0bJt0O0W0e0P0IXJ0XUX150V2U0jGCZh04Wx1e0UAp0p35bX0c0j0d1NTgPQ6O0W0HK9SZ0A0MMU
g1__ej05x8rwNgeEbItSo2Cyf9S3z4Z_t0iRfLpCw6SLDs	pathagon-rules-v1	7	14	3	110	0A0H0Z0O0G0F0V0G0W0c0N0C0P0b0h0O0d0M0V0N0U0K0T0S0a0B010I0J0Q0DFB0PCG0ID30J0o0X0d0Q1YRvMm0S1RYGSFMv0ST20b0cJ9HPMKNQ16Ro0OMY6B0U0AA-0b0H0cBi0O0N0V0O0H0935822JHQ2509XNBISEZ0MYSn0_RhGs0i0DMKC4OJXPYwY26q1D0FHyCjMm0MHI0aS1SuER
g1__erNnOhIokWzquO5OiBWZgdSwgUbyKOJWn7dIGPXRiI	pathagon-rules-v1	7	14	3	114	000D050h08070H0L0J0i0O0Q0a0g0Y0V0C0I0X0N0m0f04020E0l0Z01E60B0R0S0H037F0F5B9Ibf0509MP7XYSJs4nCDb2Q70hD-bb0W9HAj07FY0l7nF10IXI0bOC0GAt0ZOmaR0fZZbQVzDV0GNaRGWRHL0eLw0jDg4-0Q89FA0bPv1dc10mO42o1F09SLZjNvTH0U0bV7Yq0kULP29M1G0lVP88OxbK
g1__etWJyaPAUn8MpZd9fZj3CSFI-eRbXJVsRaId6UDQC0	pathagon-rules-v1	7	14	3	33	0f0V0I0E0H020b0R0d040C070P0L0K0J0m0M0a0U0Q0A0B0D0X0N08090J060Y659H
g1__eyrPzfrlJYLRyYGVtSXGFQ8KuQufE0KyjhPqb8dB8w	pathagon-rules-v1	7	14	3	71	01000A0f0m0U060R0D0i0P0j090M0L0W0Z07040X0H050g0S0N0b0M08Dq0G0H4-HT0EBP1VIDZE5tLpUcWV7zBn0eIcKNDNXx0DG10RPd0B8Z9Z0AO5Ze0CNI6X0T0H8nKO0JLv2t0Y4I
g1__f9aQ0lSzXYdTkA0o0XBoz_MfEoBOy_u7Plg28ib8zI	pathagon-rules-v1	7	14	3	62	0d0e0O0Q040B0m05020K0i0G0P0b0E0Y030M0W010N070j0T0f0l0a0h000FPx0IYu06Jn0kVJ0L2p0H4H09WfaoLw0Z3NIGKf07G00QC04vVd0L0M2m0S07C508
g1__fBlpnze_mZ6kGXXzUWg-Oh1dP5iT34W8XVbcfUhlSQ	pathagon-rules-v1	7	14	3	63	0H0I0G0P0O0N0A0O0U0V0N0M0T0N0W0F0V090O0G080H090B0Q0X0P0J0C0Q0B0a0I0T0b0c0d0b0e0U0Y0R0X0K7c08PJ6y040W01EW0HSx290V320WVMTD8H0AaV
g1__fEdhnPworY2xdAcxMQlWQKZEYuQLB6VZFHA7Oe-6Jk	pathagon-rules-v1	7	14	3	33	0Y0m0W060Q0k0O0N0J030c0X0F0B0j0S0d09070a0I0M040P0i0H0U080O0A0B0g6X
g1__fJMk8-A7zs8t346nlYVCWFgJHJeKSGd8qUhwXkqrPA	pathagon-rules-v1	7	14	3	98	0f0L0a09030H0l0Z0D0d0c0M010S0K0h0I0E0C0m0j0k0R000A0i0J060lEC0FRz8y0OGSHLQaMHLy0gCnXCSa5xQxBa200E36a60RDw064Z0jZ20l0eJ60PBL0QF5C70S6faH01Pg0W2_0GU_0dMb1V0b8G0l0bYy0ibMVM0lW00eabWa0gFG0f0ATq0SDk0E2A
g1__fe8RQQ0ZPhyBI2c4GU1sb7usetJlwkBJ0NSj9okd2g	pathagon-rules-v1	7	14	3	68	0E0i0N0S0e0A0G0m0L0F0j0O060K0402030h0f0I0X070W0d010J0R09Wv0k000P0gYp0QYF0H0B4C0W5RJcBcaZIWGk0kc9EX0iDB0NQE06XH0Oa40eLz0KHwFB4K0c0bJd0m5s
g1__fhVQANN2x0mQqOVANB5Y2buHi_PjNx4JD_YX2HSZkY	pathagon-rules-v1	7	14	3	38	0i0b0g0Y0a0h030U0T0V0c0j0b0c0i0M0h0N0O0P0W0O0d0k0c0X0Q0W0R0d0e0l0X0d0f0m0Y0L
g1__fiQ9XzN0AievPyqnAuRtuURFq2uu8YHJfOxxJiGVdA	pathagon-rules-v1	7	14	3	68	0M0P0f030i0Z0C0F0j0b0O040U0H0d0V0l0X0b0O0m070A0a0501020R080e8g00WU6OO2KZ2jDQ0URjTe0EbG0BOG0Q0h0RR50SCf0-0U9O0BJF0XVW05Lc0J020C0B0k8dG31g
g1__frKB_nig0qc31gpVg57BGakD2e0k-9l7e7WQTjfitg	pathagon-rules-v1	7	14	3	30	0I0l0i0K0Y080T0J0H0N0e0j0B0a0Q0m000h030g050d0L0b0S070f0k0C0c
g1__fw28FxNZAmnhYPEv80swCOn_gdcVGz4B04Y4mpAAeM	pathagon-rules-v1	7	14	3	63	010Y0f0B0R050L0C0A0H000a07090k0A0E080F0G080I0i0U0b040J0S0V0K0D0TWX0MLw0KHH0O0LEO0N060XAYBM5HZ00WHI0dRv5wMtY8HY0VXWMZ0H0NaS02Br
g1__g4fvBqQdfIwnAMKX9R52HWbOfCO_2BubL0kVl4epso	pathagon-rules-v1	7	14	3	121	0A070j0c0D0X01060i0M0B0K0d05030h0Z040J0L0I020G0V0S0P0O080T760UYG0gOkJf0OZ6BV0kSq0aQdWJBM0lP08y0maU0TNo0dSc0A9o6G0B5Z0OIL0BVK0Mbm0jHT0MYcZR01P40C06840B0NAt0U5b0cJU1i0fIa09UV0B0J7h0TRp0Z0lFM0JW90OAZ0V5LMw06Wm1T0Y64Db0hOy06UQ0RQsLv0Nb0092gJBaB08
g1__g4l0aev8v8cTxB6Sx7ejfRwLvwsh_8nCw433K-NWFc	pathagon-rules-v1	7	14	3	25	0a0K0E0006010D0J0R0Y0Q0K0l0B0R0X0K0Q0I0P0m0I0f020Y
g1__gPlcefPz--JgAXTvmb-3Q1t6MVej-Q5K0-IHU-yx_U	pathagon-rules-v1	7	14	3	25	050P0G0j0Y0g0a0c0i0B0K0A0m0X0f04090M0L0T0C0l0R010D
g1__gV4nuBAprttjh6lmVdekPMw4XY-sh_yOD9nwANympk	pathagon-rules-v1	7	14	3	32	0K0T0d0P090c000M0N070j0l0I0f0b0V0i0W0R0C0L0D050J0g030X0U8E0SQm0Q
g1__go3_FSpimcjLipXWg-qKtx-my8nrU-bHI0SqBkIkw8	pathagon-rules-v1	7	14	3	45	090B0f0N0e0Y0h040A0C0X0S0k0I080J0K0F0U030j0a0D070Z02060c8MFD0b9d8r3rO50W0B0m0lLg7EFcZf6n9j
g1__grcnC3o0sZAYs-kQvvWTkAewYje6bGlpDoHbiGW5sE	pathagon-rules-v1	7	14	3	40	0O0C0g010k0i0V0c0S0I0m0X0G0h0d0Q0P0H020D0B0N0Y0e060T0U0b0M0JMK08XV0RK81qDaESOb7W
g1__h8ELew8G-NhhsQjR_yI7w5uQ6cVm7yiTnwQUpZEOKw	pathagon-rules-v1	7	14	3	48	0O0d0S0a0c0U0C0N010Z050L0I0M020l04090Y0D0W0P0g0S0O0G000X0W0B0h0m06HL0C87TwSs0c0b0QO20eSAR70kX30U
g1__hI1RqAbsPudQfjrBPPjFqlfTHPQWNHmT03cEgCtkuc	pathagon-rules-v1	7	14	3	41	070f0H0I0L0c0A0j030N0a090U060E050g080S040b0G0d0h020K000Z0M0F3T7xMkGdUp092b870S0W0Z
g1__hSMqx3JlcOXzWvrvQ_ls04Qqri0DcbEtsC2nt8dq3w	pathagon-rules-v1	7	14	3	21	000F0E020G0i0g0L0S0B070O0L0Z0a0b0T0a0h010a
g1__hZUI1YgcwkGpsc3TYc-w6rPYz3cep3hAiBwOR5SIFQ	pathagon-rules-v1	7	14	3	29	0F0X060Y000W0d0a0L0N0S0A0T0b030J0i0P0c0f0U0R0M0k07080b0I0E
g1__hiicvsDDdeFnlrPh1EsOYNGq4PpRS8o8NEdjqlLVK4	pathagon-rules-v1	7	14	3	41	0J0Z0d0l090f0j0P0g0C0F0I0h0i01000Q0B0c0G0Y0O0k0K020L080T05GZ2uGw8Q060M0WXGKPRN0eHJ
g1__hlxFfbI0jSjGHqgIBqM9F_TBSVrKpJok7Ufz7UB9Gw	pathagon-rules-v1	7	14	3	74	0I030N0Q040h0k0C0g010j0X0Y0R0a0E020T000H0O0D0U0S0m0c070M0K0B2w0l3w0ZUo0eZVYP08MSbnUI06D0RXBxE60h8_Vu02az0UQd0c0iEt0l0WAa0aYy09b90Ubk0HToIu0X2r0N039a
g1__hu4yGPo37_z23TdUP5nt7g5P8clByq7AP_7IG8aegM	pathagon-rules-v1	7	14	3	45	0J0C0Q0D0K0R0B0I0K0P0H0Q0I0J0A0O0W0V0P0X0Y0W0R0f0Q0e0d0c0W0d0X060504030502090G0N2n09Dl0VGi
g1__hyPs6jcSbiMShHIEgipkezOM4wr6vYJSFVE67ZHtTo	pathagon-rules-v1	7	14	3	30	030i0j0k0A0j0g0L0Z0S0T0U0b0a0N0O0P0V0T0M0l0T0B0m0I0l0h0U000b
g1__iARVnT7OzdG81YwIuwqLV6M7k-sWW9QiC7ntH3qGN8	pathagon-rules-v1	7	14	3	196	0S0L0M0T0G0F0N0M0U0E0T0H0O0G0V0a0b0T0c0Z0I0S0P0W0d0B0W0A09080G090H07000102030o092J361b010r0A341b3s2N0p0B1Y6909360q077g1d352M0p3r1c012M023x4g092O5Q3t7k4i392M3t1c015S2P3t09355Q2N7i4i393u045P3x384f2O5P3x384f095P3w387j094g0s3A003w0r5Q0A4g1d3A033w385Q0B4g0A390B3u040A2M4e01091YNm360U0o7g2M8T0A0o342M091a0A350q2J3t1c090s2P3r354e030o092J5P1c350q003w0r002M4e0A0o092J361b010s0A382M4e0B3u092N0A340B3t03
g1__iBTZ9RUKh5OvUSr-KkGQsZQ9ukNUYwqXESHGrR2_fE	pathagon-rules-v1	7	14	3	48	0W0D0R0j0f0e090Q0i0l0a0k0N0F030P0G0T0c0M0d0E0e0g0S0b0H0mDV0Y0L07MI0APo0GHRbiMC960K6Q04a5VqKBTP0C
g1__iCwZyN_7wmoZZ-TDcQg384MHdT4SV3i4GZCtCvdQ_w	pathagon-rules-v1	7	14	3	67	0d0k0h0Q0R0a0A0N0Z0l0m0E0b0W0C0L0a0g0i0B020U0P0K0d0c0j0W030T0S0fc80e2o0FAL0Y0WXX0IIX0d0NObV_YB0GTWWwYdRPRrGj0bC0TjVy0b0i0M0b0N0c0j0e5C
g1__iPzBnYYBottjlBtu0PeIkqYpyAZBhniNWZn_w0g-pw	pathagon-rules-v1	7	14	3	44	0F0G0M0E0N0F080L09070D0F0G000102030H0A0G0109020B080A0F040O0I0P0C0506040J0Q0K0R5r0V1800Br
g1__iQpMZAUMFuH8xLjGFW6cHs4jorwX1STEJd-6tQOTm0	pathagon-rules-v1	7	14	3	196	0h0a0T0M0F0a0M080H0A0O0I0P0B0W0V090G0N0H0G0O0U0b0V0c0d0V0102080304050C041Y016_1g01090v2J1a01090p5N1e6w2R025W0t4p053O5oAq03GA3H5hLY51BGGI5h03REAqGI49040DL-GW1s03REBGGI5h06REBGGI5h0CREBGGk050Y4gLX3A033w385Q0104Ww3jRE4NbrWNLY08GIR75o06B25aLY0JGI4w5o0Q0KKnApA10P03Lf5SGB49Ao0O5S033x384fGA5N3x384f2O5P3x384f055P0C0t4c1d095R0o2J6x3A1b3s2N0p081Y352M094g1d360309350q4g2O025R2P4e1d3503085R2P4e1d3s5R2J
g1__iRhFCR6R2FAye9TgPGv_1emm9eBwWZtIevfX5jw4js	pathagon-rules-v1	7	14	3	54	0X0H0B0S0V0g0j0I0c070l0b000C0e0Y0206080h090M0m0U0J0N0P0G2j0TQ6YGTuHvVc0k430LJzMkbZF91HIn3M0RAkOQFB0dOaDg0N5_
g1__iTsjAXgtlKpdHkOZQ277a8OlN_37Ull_eZHhkWw-cc	pathagon-rules-v1	7	14	3	101	0m010D0l03070Q0g0E0U0A0I090J0f0K0h0d0b0X0R0M0Q0Y0V0i060j0G0e08RB0ZEZ96QPRv1JBnIq3T280XX90bMI7G0W0Z0U0X6S01Px0HGb0R03Lz580R0KDZZl0VbAcE0O02Fw0bQm0hYs0N0G2o0U0iC30XVu0J0EBUSl5a06QMHf05BZ09Wx05PT0MD2Dz0E7s
g1__iX481ugWjj_rFyZDbOTzuU1ZtuyElSdsKocNUVRAcY	pathagon-rules-v1	7	14	3	31	0G040a0l0Z0S0j0E0N090F0T0M0L0b0Q0Y0T0U0m0X000R07080B010cSc0AM8
g1__i_LXOtoNfKvb1b6tFGsbtvzXQpQe3IpAloHEYw08_A	pathagon-rules-v1	7	14	3	80	0M0m01000c0R0N0Q0T0B05030I090C08020e0F0K0Y0W060h040f0l0b0E0G4H0J5503AMTEI9FxEj8KCyUw0CLqBm0aMOSU2q0O8k0A0P0I0H0Qa_0O080M0R0J0NWH0H0408XJ0ZEb0k7h0jXtR00YSD0KNW47
g1__ihM2-B1J1yb-kwiC7pEt8IlHEBjJlQpgGgGtr-OqLk	pathagon-rules-v1	7	14	3	87	030l0H0j050k0L09080C020V0X0T0h0c0i0P0m0U0O0M060g0e0D0W01QDP43haW0K0V0k0YV40R9V0D0WX7PONCMHRD0l8DbX0fE60AbI0G5M0RJf03bp0B48Rn0FOG0bKi0T0KEe0M6l0C4z02700aIc0jQu0c0Z3Q0SPA5y0O5A
g1__im35LJccPV9MGtlTpY0VXYDhT5V3TsII8VljfXO3pA	pathagon-rules-v1	7	14	3	44	0V0i04060X090j0A0J0l0U0d0S0c0e07010O0I0f0B030K0M0C080D0R0THs0b6-0N9BQj049qJNNNWdXzBfKFCO
g1__isP07te0e8_icLrHIrvHUe7IaaVpBHaTnEsThreNkU	pathagon-rules-v1	7	14	3	62	040F0j0K0k0A0Q080h0Z0U0B0L0T07030N0b0V0a0G0C0e0D0g0X000YYSCX4DQ3aH0cVv9qNqNQPFGBXCUAKsVR6qFT9WRPDW0QZX0Y1F0XHRQ60ERm0gSLGU2O
g1__j0dvRZag0E2759esFS55oucjGUaF9_p6XHK-ngBI2w	pathagon-rules-v1	7	14	3	168	09020M0G010009010N030G040a05060D0K0R0D0T0U0V0F0h0U0Q080i0A0H0O0C0JOo0Y0V0RLR0OEC0HNH0AP8RQYD740c0CF7Cp4u0P050QFq0dT30jYm0dPz0QFq0PEs0jYl0dPz0BF30CFc0dPa0QUN0PFDSFYl0dG00laI0FQm0PPh08XR0dYeI00c0Q0X0C0W0BF8IxFc0dPa0QTc0PFDCiFc0dPa0NUN0PEo0QFc0dCZ0lab0PP_0QFq0dUA0C5C0BEe0dPZ0QFq0PEs0VXD0dUL0QFw0PPa0dOF0VUL0dPt0QFj0dNwK-0W0IK6M6Ph0dUAFC0R
g1__j3hFVd6hLx3oeM2CJxTDfpuTcchAFYlGKEgaEoSVgY	pathagon-rules-v1	7	14	3	34	030O070e0H0a0A0b0i0L06000N0P0K040Q0f0W0U0F050X0d0Z0G0V0g0O080M0cC-1S
g1__j4Fd7sD7LPdNNqhtFsLb80QUAbG9aMkASUMTHKfr38	pathagon-rules-v1	7	14	3	131	0Z0S0L0E0M0F07080E0S0T0a0h0g000a0Z010l0S090Z0b080i0U0N0G0T0U0a0T0N0M0U0G020A0109030HIt0Naq0O39033x384f8W5Y3x384f2O5P3x384f0A1d015R1e4e6-3s5R0t4c1d085R0t4c6-2K5P0t083w2N368U1Y3s0A384f1d5P3x384f015S0A382P4f023w5R0A2P023w2N5Q024g2V02X03xA13H4f5S3xAo0g4f5S3xRe2501Y8
g1__jFKHK3kBOqSIU9YxfrzjZ4aazqm3xTnrKZf2oqQGgk	pathagon-rules-v1	7	14	3	34	0g040h010J090f0e0F0T0j0R0C0O0Q0L03070D0k0K000b020l050k0i0W0dA-JCWe6E
g1__jfaomwqApPXcf6QUKQF-MDchxogyUHx6bjyUkTKwBY	pathagon-rules-v1	7	14	3	86	0E0c08060l0D0X0j0k0M0b0C0L0V0I0A0B0G0705040K0209010J0F0YaG0fGv0GCgAkbW8A0Z5o3oGICAWO0OQs0PBCa30Y1b0o2JBc7ZZgRv6M0N0LXUMtY8GzRv0U0AXabd0X05Qr1J1Y5h0NR009GB0CBGWw601CR7c3WN0F
g1__jkqwyUYJBvGpkzO_BV0kFkUBtLijra7hGmmLDY3QyI	pathagon-rules-v1	7	14	3	46	000E0T0F0I0B040P0B0M090a0c0O0U0N0G0H0A030N0J0G050V02040A08010T080C4w09050bHn0I0M044t090G072b
g1__jt_JV4WiQxFMnYS333ZRJBYJP55zli1sKgY6gbOaKA	pathagon-rules-v1	7	14	3	57	0M0C0Q0d090L0D0R00040K0b0I0A0e0j030a0S010X0U0J0i050F0g0hEl0f040I3xLv0E0M3TVAGrYr7oZfQ5R4KfYP4s0V6x0dDfNN08V2c20m1B
g1__juh1NQ90Lq163RlI2O293o4GEVRqQoT1lxNDQ0BNx0	pathagon-rules-v1	7	14	3	75	0g0H0V0C020Z0K0A0m060a0S0d0X0Q0j0M0W0D040301000f0E0U070L0T0PGh4Q09S8B-0GH_0NL9QaOkAh048STy5m0VECPB0i80IyOIWX0eDeY2Is0fKRXM0KI00Y0Q0GVq06KS0IRuMPBo0O0z
g1__jvfJLU-0sXqrgfqSgjxp7fS4fwrs_L8YFXdTH2eTOc	pathagon-rules-v1	7	14	3	39	0Z0I0P0E0k0O0G0g0D0b0A0B000e0L050a090S040d0H0c0f030X0Y0m0K0jMK08U5440M7wGmVZ3W
g1__jxTWg-Ix_f4HtljWvtjtyiW7nOTo2K1ZvT-ZuYAcPw	pathagon-rules-v1	7	14	3	29	070R0L0E010Q020Y0a08050H0d0J0F0c0D0O080l0V0b0N090T0U0M0gVJ
g1__k5V9H7ymJ-0pKDyMDAD07yCuba-hrgmBQOTC_huxEo	pathagon-rules-v1	7	14	3	72	0m040K010H06090V030T0c05000S0j0P0e0U0M0d0F0a0G0D0O0f0W0R0b0g0VWz0X5ZZKWTUY4fCOAvEXK85w07YOCDRuLXQP06Hr0F0Y4jBdNF0c450E0LOs070FUs0VFT0Ua9GKD9RW1d
g1__k6NLCacXtVuPmUEUDtrKYwYBqkMjBwzQkzbO1m0uW4	pathagon-rules-v1	7	14	3	44	02000O090A0m0e0P0d030B0l0T040R0g0U0Q0W0S0X05010V080c0k0j090k1q0MVo0NLi0F7G4kKF0R9n0iQDMu
g1__kJhPbrVTE6Yu4KM0ZQCyl912nsESVI4W-W70fJDDFk	pathagon-rules-v1	7	14	3	34	0A0e030d0R090D0Y0f0c0C0K0J020k0I0B0J0Y040H0B0W0G0d060h0g0A0H0B080307
g1__kYm2cWRgDe5SVmaoSTHUESNrTdsV7mZ1XYvZ_XN7d8	pathagon-rules-v1	7	14	3	18	0700050R0c0Q0g0P0B0O0C0L0T0F0K0M0G0N
g1__km0xVUj_nVjnSc_ckH9AKL9UmDVMLlVbEv6HXEmFYo	pathagon-rules-v1	7	14	3	68	060a0c0V0m0H070U0Y000X0h05080Q040O0N0Z0S0C090A010l0J0G0g0I0f5Q0jDj0e6lVeatZd0M7K080H0T0Y0K1t0Q0D0JWg0KMk4-0V3T04NU026DQ80BIv0GBEc90bTw1I
g1__kn0HXE2YFardqQwf-KKxItcRyv4EbKXfxTkvsgW_oI	pathagon-rules-v1	7	14	3	32	010F0E07000L0S0708090L080G0N0F0D080g0G0h0M0i0c0j0B0V0Z0k0T0l020m
g1__knSmYfdgk-KLCcNBgGl5X5M8JMlVWrY5JyKRwbbJxg	pathagon-rules-v1	7	14	3	34	05030I0K020g0F090m010G0V0Z0i0N0f0U020c0W0b0M0Y080O040V070C0d0R060QX0
g1__kqpOpMCYUAQye8_M_Dzw1pKJNsNaDdC5At9VRDdcnk	pathagon-rules-v1	7	14	3	79	0K0F07000I0G080a0O0V0L0c010H0E04090b0j0O0N0M020J0i0G060N0U0D0b050TIn7S08HIBFRvFu0kUV0N0WOK0GZ00M0c4S66W9afKYbUcGZ-0NakQhcFW9bO0UTC4pGWWU60c30dGcWZ0T7mBEK3031g
g1__kvaFpjHmo6ZGrdKqJkD0FdLigiHcWlVoYt6PX-iY-w	pathagon-rules-v1	7	14	3	67	0G0V0T0i0S0b0Q0U0a0K0R0Z0h0D0J0e0a0C0c020E0b070N030a0d080M0F010L0IOG0U0ODX0S1jHFOS0V0UQYEZGdLzBNZw0I390b9XCc0N0T0MRu0U0F0bGR0Z0NY809S1
g1__l7G3xHVcJhckOvrevJRj5Ip1nTjYKAubpPq4JAL1Vk	pathagon-rules-v1	7	14	3	15	000E0F030107080f0a060M0K0T0O0h
g1__l_vKHFzLYef5Y-2HhuGz5R-5KqrZmf4HB-s_FfFhfk	pathagon-rules-v1	7	14	3	53	000E0e060d0i0c0K0j050m0W0f0Y0Q070X0F0J0G0b0R0V0U0W0T0I0b010P08611KJw1-CqSF0kFQ1WVoah0LBoUqGI5h0B0QX1bb0eWL
g1__lsfJe0Acie2VnDqJruq2WGb8A7w8pSg73Wk_9o0X_Q	pathagon-rules-v1	7	14	3	60	0l0h0G0W0O010F0E0Y0B0V0U040a0c0K0i0J0j0P0C0H0M080e070X020mPsASSYbK0N0WNx4aFmDh0JP3Fx0kBBHy0JCgF_0RK3ZR06c10AX0EV0J040d1d
g1__lw_DmYWgHmaUUYGONdH1r3tmdn6MWlJma7XShXlJkc	pathagon-rules-v1	7	14	3	33	06050T0j0E0f0M0C0J0m030Z0R0X0D070i0F0g0L0b0P0c080U0H0O0G0NSJU1095e
g1__ly3XCSCOaRX5RXFP7Z0CWfJK0ff24fZMxb8eN3birk	pathagon-rules-v1	7	14	3	33	0R0J0e050l0C0X0Q0P0I0B0Q060I0W0d040D0K050E0D0O0Y0V0f0H0e0A0X0k0m5-
g1__lzAAQrrnTwfjNhsm6Efj9fjbgx35-dPlQ5g78U_Dj4	pathagon-rules-v1	7	14	3	17	0D0Z060Y0g0X0S0L0Z0M0E070L0F000807
g1__lzdSfCw1Xlh3XE56ym7XhEVuOFeyR1PJvL0W0cJgS4	pathagon-rules-v1	7	14	3	78	0J0Z0l0g0H0A0T0L080e0B0I020G0a0N0X0V0D0k0M010P0U0C0h0e0F0c0f0Y0KbCDk0INpAqGDVn0QKBR_03092ZWm3mZOQP7c0e8M9j07NC00SQ03CF1yMj6XDV0lI6M30RZt0Y08QgKZ0BVLP83h0S1P
g1__m46je5QWLw16Qb8inZfNRelMQuZa3TwGFPMSfzbbC8	pathagon-rules-v1	7	14	3	105	0K0D0C0J0R0Q0P0I0B0Q0I0W0J0X0Y0f0e0d060e0D05040m050l0k030A0H0O0A5P063s0403051Y012Q1a013u1c2K0p0V031Y2K4e050o342M3t040O5O05360q064c1d352M0p4c1c052M0o3t4c381b2K0p3r381b2K0p5N3A1d2M0p0c036rbSakcF0VZAbW0lRSbIcGZ-0j
g1__mMXWGLI7LhbE-43aZ-ZcUzgUriE4Q09gpd7D0NOT-k	pathagon-rules-v1	7	14	3	35	0m0102000l03040f020A03090e080B0X0Y070f0R0Q0D0X0K0J0P0C0Q0I050E06B_0S2i
g1__mN8djEmlpCx9niQwRhsep9XmmYmBhuNo3PfPa1kme0	pathagon-rules-v1	7	14	3	105	0g0P0c0l0T0j0W0U0J0e0R070A0L0k020f0H0C0m0O0M030a0i0G0D0Q000Y080VFc05Pg01M9Vv8X5BaIDgJiIFZYSnB8Q-Yr0G7OHT0MPt3n0iIDTq0MVv0jYyAI0N5b05Jb9JZMaE0O0AT_0eL20VKBa_0iWd08PQ0MNtGZ0YW-0D0xDU0fAo0DQs06Up0k7I0RCYJ90ODv2d0g
g1__mW6E_OkjkDrqK2o11plibzZSS0MSzVzMba55f2c788	pathagon-rules-v1	7	14	3	47	0g0Q0M070B0O0e060i0f0H030l0V0k0Y020d0j0L0h0e0T0I0D00090Z0P0c9y5VNAH6ZP18BE0DaW0J2xFP8F78W_DTAF
g1__mY0sRCJZCfFenI2xlAnoP9UAeipxPd9fipOKeoI20k	pathagon-rules-v1	7	14	3	38	070k0e0X0R050U090h0E0H010D06000l080e020d0c0g0C010P0i0W0j0S0b0F1o01V00IDgKS0h
g1__m_GKjzGkB_G-QJcs7sfZowdsvgklCwynE3LnUNht9k	pathagon-rules-v1	7	14	3	21	0h010002070M0R0B04030I0b0E0k0L0O0S0N0Z050a
g1__mahoCEZddwMUd67E4jZzyaqG6T2nzEdOdh2FryTOfQ	pathagon-rules-v1	7	14	3	58	050C0W0B0A02090S0l0G0M0T080E090D0L0F0H070a0f0V0k060M0O0P0hBF01WDY0Hv0cDE5n0e7ba3H76O0J0k0C0Y1hVV0BQuYU5N0P0H0I0tanAu
g1__mmkHZ4rlZ8rfiov__OSbJ-N06BmCfYpmSH_NxtuGy8	pathagon-rules-v1	7	14	3	112	0T0C050b020i0O0f0K010X0a0E0G0Q0N0Z0j0e0B000m0A0I0J030U0CLQ0DVo090eTq060VVWP50M08FLc7NSA7C6TbHpWaK90P5vSr0RKv040d4rDI0L0GCqYh4DEE0hBs0QPA0EZw0lX80FVO0baLOC0HSj0MGHPaQMTy0gbw04570CJ_0VQ50k4k060O5_3H10056f0Ma24k04Yx0mJr0a7EM27s
g1__myePWJlr_jHJliMG1vuxm9rhrC7axeuf1IIvqTOWBg	pathagon-rules-v1	7	14	3	99	0X0e0g0W0C050k040S0P0J0L0i030c0M0A0K0D060h010Q0Y0I0E0T0702G_000f1OVXNX6NYj0aUL55Mb0SE-5uUf6_XpPFaS460cR50iI60Y3f0JQf0m04R800Nz0UZ80S0YEeLvOJY7V60jCv2mGR09bOb-Hf035d0M2q3l0iZFT80aQ3LR0kRgOMNdaC6S0XAA
g1__n8LVJle9-mR_dgHHPUGR1JDlY36_gMCjZucqORk9Ts	pathagon-rules-v1	7	14	3	58	0N0T0U0V020U0b0M0L0U0S0Z0g070Z08090A0G090B0E040M0I0C0P0B0D0J0K06050J2j0O020H0N0F0I0O450M0U0N2p040B05At00D4020G038101
g1__n9tFOOfT04cw22snzE-iN3qogcv2nLfh3RWHiXnBp0	pathagon-rules-v1	7	14	3	196	0V0O0W0P0U0N0Q0X0c0b0d0U0e0G0X0H0I0J0P0I0T0a0U0M0F0T0A090B080I0F0C030J0A02042K369F0B1a3s34032K360q001a6w38030B1a3s0r9H3A0B3w1c5Q084gA23A033w385Q004g0o2J6x391b3x2N4e395Q3x2N4e355Q0s2P1a0C3u5R4iA22K3t344f1c2O0C040o365Q0B1a4d34032K360q081a3s34032K020r39030C1a4d34032K360q081a9-34032K020s3A3u04025S1e3s2J4e381b5S2P0o363u0C1a5R359F2J3t1c350q2J3t1c35A02P3t040o5N2P4e0B0o032J5P1d350q2J4e1d3s0r2J4e08
g1__nNBxFeZGZSsp8U9v6tKF37gRv-_DCDlw5H7zl3Y1N8	pathagon-rules-v1	7	14	3	73	0N0M000g0D0P0W0K010L0a0T0d0b0S0H0k0j0c0Q0E060C0h0X0U0a0Z0m030G0416081i63Sw02AR06Df3eTyE2H2SOUfYlIh0M1yY70YEzbp0mQQMB0iSF0k2q0dLA0c0LBmbF0W0l0i0P8o
g1__nah7HRMoBnxfaxyrlGncMukZdXk9Akf2vMvDzgUxMI	pathagon-rules-v1	7	14	3	43	0U01040N0V0R0Y0h0M0l0E0H0D050c020A030J070K0e0G0A0Z0f00040d0Q0b09DX0aO1T3FjbTRl4A0r2nBQ
g1__nhFd-Gi7f6nZwhISBAHoC5SeMbdt7_hAUXVsfe62Ec	pathagon-rules-v1	7	14	3	106	0J0c0N0L0S090R050C0j0k0F000T02030A0b0I0G0D0f0Y0h0M0V0K07M4HWF1062j388m5PMJTj0W0BGF0l0V0kOyXVB22s9B0gIG6LIpaA0A7sLP0i9A9c0A4v5m02LY050-4GMdUO07AaPhFqWo0f0ISC0Y0JcA0m6f0RaB0eGOYQ0hC_AQ08KE0aNZZq09Dk5q00HQW-8XVI0O1S
g1__nn34v2Af2QoA1-BHhO4BcbL9CaOiNBX8cb5LXv2NjM	pathagon-rules-v1	7	14	3	31	040G0T0c0N0H010g0Q0C0M0O0l0W090F0a0X0A0e020P0k0i0708060dbR0b1o
g1__nocNj3NZkKRhfx_kwDoJbHDsMm6UFZXaxo_Fg3kzlo	pathagon-rules-v1	7	14	3	46	0A0H0O0V0H0c0U0N0b0G0W0P0V0O0d0V0c0X0I0W0B090Q0J0C0j0Q0c0J0R0k0Q0i0K0j0D0Y0e0f870d0L0U02V40M
g1__nqFhLLFX8EMiZD0Yj5xNANeB8uSmdKKFwCLEJzwqIs	pathagon-rules-v1	7	14	3	13	000Y0S0i0g0O0L0U0Z0K0E0207
g1__nroa5FpCphT5TDYqluMAGfKS5y0C2C6DKA8DL7VNzQ	pathagon-rules-v1	7	14	3	44	0f0S040k0E0Y0R07080P0O0C0j05060W0N0Y0A0F0B0a0c0U0J0l0K0i0X0VWr0bIb0TJLRA9laf03YU0G0Y0i23
g1__o3MYssZqmcc6M5QdDElWRXX0tiykOIBoL7-ntB3v1c	pathagon-rules-v1	7	14	3	88	0W080V060h0B0a0I0K0c000N0j0Z0m0i0g0b030S070k0l050P0X0H0Q0a0A0EMSc89O6m4gDt0UOfCI4s5zPp7Lb8O2B_0lGZ0BVQ0TOS0mKP0HQrG00UaM0k980U0k2v0A3fbm0fNEXI0611FD0KETGrZV07Rq83Kvbs0MIx0E6a5a
g1__o6LDEkeizFJmxgklHBhLnYgKD47BH9oT7wRx6w3dAQ	pathagon-rules-v1	7	14	3	47	0Z0k0E0U0e0P0V0j0302010g070b0G0N0Q0i0M0K020T0d0B090I060O8G0L0XaR0JH5D5TNOiJfVMMy0RYo4QbJLfNb2H
g1__oAaPpjkv0VgBje09lUD0Jg3rJWydhSAsStUcq0md9M	pathagon-rules-v1	7	14	3	57	0m010K0Q0F050N0i0M0C0j0G0Y0e0V0T080c0R06030H0L070I0k0B0O0l4p0UYvHm0V0hP1aoL10bAcTmEU9cNj3X0ACX278D04blQB0SauLS0W2Q
g1__oMOaANHCiCp7flSROW6jcu1SZjLj15croTGIjewtjQ	pathagon-rules-v1	7	14	3	87	0L05020Q0J0K0U0X0N0c0M0T0E040d080F0Y0H0Z0f0C0A0b0k0D07030VUaIp0aHF0LBW0iC_Gm2I3s0BHOLg4sED0H00E10eYd0MDO0Y3FKOCb0cSbUJ0PVl0TMn0cWg0ib80gSiBM0fUU0cAi0WTqUOXL0FV9P705RRaU0c0DJe
g1__oOVN9-viZf1wVjG2umoUAq3E92cUEQ7HUH-_yZRxW8	pathagon-rules-v1	7	14	3	32	01000M0L0N0E0K0F0W0T0S0Y0M0P030Q0d0X0U0R0Z0k0B0g0T060V0H0O0GGrR5
g1__oOqXtbxa8JkRsX9AXEgQ0Jp79sMqID2Cdk72y1jVW8	pathagon-rules-v1	7	14	3	31	0h0S0U0c01020O0a0N0P0b0Q0M0D0i0R03040L090T0k0G080X0I0C0jXs0m1p
g1__oXqcLe4HBfYtLxldJXaSrydy2N5Qh8P0iFp1AF2owA	pathagon-rules-v1	7	14	3	52	0009070a0Z050b0M0L0E0N0h080k0A0a0g020i090F0G0M0F030H0O040H03060D150h6K0D70088f005O06APaT0A2v02OM2u020B6w
g1__oZxsiltNgCdVjfNJ5HR6sQvQ69xH3ClbeBsfYCyPus	pathagon-rules-v1	7	14	3	60	0F0M0h0X0T0C0B0U0P0W0e0A060m0E0Q0H07090j0b0g0I0M0J0O0B0N0l0a0P0D0G6S03PmaqA50Z025tKyBa7E9c07F4E0TrOT0bBTYA0d4C0BKc0h0C2_
g1__o_oxTP3o43rK1-3CARJZduFJjmsbwqw2ILRNe6FSVk	pathagon-rules-v1	7	14	3	43	0l0X0Y0f0m0e0f0R0Q0J0K0Q0W0R0X0P0e0d0I0W0J0k0V0Q0W0c0j0P0A0W0c0O0d0H8h0k0H0dFi0JGE0KbZ
g1__ojWmKssGoBw4Tt9ihFeacFVL1MybUZ4rfmwv0CYJwA	pathagon-rules-v1	7	14	3	25	0C0j0H060Q0d0c070l0I0B0b0O0g080i0X0L0M0G0J0N0e0S04
g1__osO360QnpPMtP_kkmY0EmRzdZAIcJ4tJ4UQCMBpM2I	pathagon-rules-v1	7	14	3	40	0K0f010S0T0U0a0T0M0Z0T0b0c0a0h0V0a0L0N0b0O0a0V0d0U0c0i000b0204030A010B050C040D06
g1__ow4ki6XqbO8XUB4Y-wHg9u-0KaG5HXvIagoYv-1jpU	pathagon-rules-v1	7	14	3	56	0Q0O020P0E0W010j0H0Y0L080V0X0O0S0i090P0M0U0F0G0N04050a0F1_0b0c0ABg07Sm090U0I0K6X0G0b48062x09HQ0LZ00IW3MH02032UK3
g1__oxCt_oZfQrAJ3mrvmX5_VMMbyiXNLkvlcNFZsoUEew	pathagon-rules-v1	7	14	3	46	040L0m0R0Y0P0F0k0f0Z0S0b0N0g0i0a060D0W0l070G0V0Q0B0c0M0868XO9t7X5ZSy0Xa1QDJ_Ce2qI70M3sI8On5A
g1__oysSEjPC9Ic-2rXhhWYpV8jmL8RWYNTp3ugIQuXBfI	pathagon-rules-v1	7	14	3	69	0f0g060k0h080b0N0E0D01090C050d0a0T0e03070V020m0U0M0I0B0jND0a5m0Kbq0SCQIj080i0GBG0WMbPWZRD5YuAiHJ3R0m0jc70b0i0h4-0U2o0j0U0iM37S0S0a0lIrO63z
g1__p1k7mWIZLjC_h65C4eiUHdrdcSve1oyDk_rxxisMWY	pathagon-rules-v1	7	14	3	72	0T0I0H0O0E030R050S0g0G0F0Q020B090l0b0A080J0N0C0G0D0K0W040I0PMm4S0LDX9h0cLC07M4J10Q6mFq0J0BFuHX0GS8XU0j0aBK4gZy0PbNVnYKWXBzShNg0JaiS905I20U0QYp3B
g1__p5VC4bK8sE5JxqpFq6ZAJPxF2_cVxMXYiMeVqIJH14	pathagon-rules-v1	7	14	3	68	0e0l00020d0S0R0f0I08070W0Q0j0V0O0Z0b0i0F0U090A0L010P040T900NYfK7UoWi1S7Z0Jam0M8BYL0HA6D-VaZo8fMlWR0kTM0iIG0KOb0cL70QWZ0fEP0lOK0jMm0hVO0e
g1__pOy6KdnN0j_vmsHd5QPHkjDLkIpZmQlwckRxghEutc	pathagon-rules-v1	7	14	3	73	0B0U0C010W0I0K0T0A040m000h0N0P090B0d060Z0g0k0G0e0j0a0V0O080SGA0R9A0iAZLlPdIz02JG31YWH_NL9j0Ha1RkQe0w0XEI0F890RMl0LV9Zt0QTt0jKW0Ya-0iUG0Zbz0lL_Qo07
g1__pQBt2pMGgwO-puJ4skgyiq2YUe2joZCPvnpJpUcwjY	pathagon-rules-v1	7	14	3	68	030m0I010O0F060B0Z0j0k0Y0P0R0U0Q0H0V0g0K020d0J0l0L0D0T0f0bZyG_GH0iaMNU0LRoHaPc9q7r1f2cWAKdLA9cbbTM0aEe0KZ30BKq0fFp0i0bGo5HBHBx0AXU0g0J1S
g1__p_x2L_Gt4tqm2VC0uBf6rbi9LVzmumwqgS8CPoRGcE	pathagon-rules-v1	7	14	3	135	0S0C0H0h0b0E00060m0M0f020R080g0W070K0B0Y0e090I0O0A0R0d0a0NHh6UPkTL2OEL5UFF0JXR7O1M0X0jQnT6NG0bGhIW0kVIOf0WFV08Ep0hAC7W0JYb0DXA4M03G00JM60eJe0hRJ0RDDbx0YTp0G0b9u0a8L0maW01bMIF0dMkUB0BX-0MA10FOf0O4e0NF10IPe0TYv0iDM0hB70C8A0AIp0NKA0XPW0OLy0VG80QOGY70PKnX60gMM0YBi0hUj150k1l
g1__pfyyHnSJHK00m0YcBZA_d9Uc-xiCOYvwM0eW_bH76w	pathagon-rules-v1	7	14	3	55	0E0O0F0Y0D0K0k0j0T0e0P0A06050V0I0i0C0b0M0H0f0X010Z0m0003ZC0LEC0GBX0hNQ0B1E0jKXWO014kTmEw2xbeLN0abB0PNI0Q2B0hMl
g1__ppF33Q7iGI1KoubAF_ifmo6Zp2nCU8G3wi1dADATgs	pathagon-rules-v1	7	14	3	32	070c0C0J0I050Q0Z030B040C0L0j0S0b080B0H090A0e0G0f0N090T0E0A0d0R0a
g1__q4vHHwcNqlHGk711mug3gNGUV3AS5GebQzWi1mMNXE	pathagon-rules-v1	7	14	3	100	0l0h080V0Z0F0N0W0c0k0P0U0D090d0E0T00030M060O020b0R0X0e050H0G2V4m0a0S0L0BKcJc0JHuBO0j0fOwYv8LVW0cVALR0P8f0lZR0M0IX7Y00hBk0JGb0dO30aPI0JDf09a9YJ0Q3f028305Ui0QHK03J_Qm0g9bXS0lWa1j0gK6FLauR609Le9J4LDz0O0z
g1__q8KMFvdrppktBPrfkdlYggQUNEd7UG9gu_gJrbic0M	pathagon-rules-v1	7	14	3	14	0R060T010X050Z000Y020c030804
g1__qJsQuujzoibpP-0hU_vu912pKf0LGhOqx45XcTXNaM	pathagon-rules-v1	7	14	3	16	0N090W0A0l0B0h080Y070G0C020D0509
g1__qdC1CbZekp9u7MiLqTlboNyJzA6GqtZMI15OGHg7mA	pathagon-rules-v1	7	14	3	39	0k0T0L0b0h0d0m0E0B0V0Y0D0107050X0A0W0g0f0Q0Z0J00040H0e0UXA0NRKOB06B4VbTgc9NZ2H
g1__qf2Gtl9wd9E0YhNdwywGNMhmsP5-1jw-VdTnvNrVQg	pathagon-rules-v1	7	14	3	36	01080T070F0E0N0M0G080U0F09020c000V010B0A0O090H03040I0i0b0j050C4g050t00Ee
g1__qfhyI8loA27BphxQi9fh9Gx_UNce7psdYzrDZQUHYs	pathagon-rules-v1	7	14	3	17	00010203040107030E020L050S040Z080g
g1__qkqk0Y9Le7y4app--1hbL-69bSe65DYnx67qM_ya_w	pathagon-rules-v1	7	14	3	59	0Y0S0V010U0G0F0m0N0P090Z080a0B0Q0k0T0e0I0C0R0007030A0K0MRY0gGQ0GW40RCKWz0WDd430fIT27CC01b10iaXMQY806Px0hOp0dZnbb0E5c07
g1__qpXknXFY1ck8XEfPxBImyYL2xZ3A_X-vVjQHy310Yc	pathagon-rules-v1	7	14	3	38	0l0N060g0W0e040H0M0i0P0B0E0A0I0C0T0c0R0h0Q030b050G0X0m0Z0f0KPf0jDX0J0N580V3h
g1__qz9IAut2_deWijB1F9ZvpHyvadGlIQt7oQl6bvxSv0	pathagon-rules-v1	7	14	3	68	0B0L0P0X0Q050J0W0C0A0g0m0Z070b0R0h040E030j0Y0i0D0c0T000a9S09YybfDG470BQ4Xm8LLRH7RxQwc399CWPb0ASlBb09R10UAf07UF0cBu019Q0H0eKoVZ050Xa3B_1k
g1__r2KnvMvArw3ku1-68gc927jhWrib2eKK0MpHcso9E8	pathagon-rules-v1	7	14	3	51	0P0d080e0Y0f0j0l0F0k07000c0i0Q0j0S0L0b0V090R0I0a0W0D0c0H0NHW0haw0G02Mm0TDY2ZTK1LS0LU0MP3LQ0b012e0eS06W
g1__r3Ts1QbMhO0rPrx7Ug5FCuV_bQ30TNlHidT-y2TOHE	pathagon-rules-v1	7	14	3	77	0f010K0U050I0L0j0e0g07040P0F080m0h0N0a0Q030c0E0X0l0O0S000i06Yc1zMq1ESMJf6qQb5B0VBVCXHO0CWVbi3qIc8103be0UY50O0X3l0kZw0P0W0b0cGU0O0UNhaV03TbTyH5Z30MASV10K19
g1__r5btVu2-JQJmsF0XGufBGlXpIYwDUq1tQcydcgty40	pathagon-rules-v1	7	14	3	196	0j0c0V0O0c0P0W0d0k0W0I0H0B0A0N0U0G0V0H090b0i0U080h0a0i0T0M0U0F0l0e0X0d0eYM0hZ00i0a0bXOYMS0Z00LX9GzRvMDBx0EHPBqMR6aRhHPBqMR0Q0uGsBqTK0S0uGsBqMR0S0uGsBq0E0SBcH4160T6MMKGs0102080o6v2MN0040o092JBX1d350q084g0A0T1pRb0J020I1Y092K7i0s8R0C2K360q0A1a3s34032K360q041a0A353u2N021Y2K3t0B0o342M041a0o34062K3t0q041a3s34032K4e0r050B2N1a359C032K360q001a3s380q0B4g050A4e1d9D3r2N3603013f2M021c2K36033s382M074g6D
g1__rLGRbO35VULQSyv4uVAuy1XRZIaK8OfxOMw0KLyaeQ	pathagon-rules-v1	7	14	3	32	000X0S0L0E070809010Y080g0A0a03020H0P0O0Q0V0N0c0O0L0Z0F0T0U0b0T0U
g1__rUcNZ2r9bOySK-ZDRrgmpbaFAUxxVbJRT1wODXIsI8	pathagon-rules-v1	7	14	3	14	0m09080D0g070Z080B0A030C0M0B
g1__rVyHf68ei_ol9akixflWageHN3p9_mRJUS37RE7LpE	pathagon-rules-v1	7	14	3	119	040C0B0A090B03020H0I0A0G05090H0A0J080C0I010H020F0Q0P0O0N0P0M060D0K0C0D0R00070E0L0u001-01Bq0_MD0S01MY1DBV6M07MY1DBV6M077E6g081CAT0C7I0XMD1fBW2R0p681f0O080o0P02681fGt2X0p681fBW0O0p681f6w2R0p341b3s2N0p341b01041m080u0V082w6k0W7X0V8H0fCF660WWo
g1__rbinVAp1jUh_BTRSdAdb4HtP8HKW8zVlwAGsf9Yago	pathagon-rules-v1	7	14	3	60	0B0j050C0H0U0m0V0G0R0c0M0W0l040g0X0Z0D090K0b0C0L0J0e0a0SDq00PY0EFT0TDcZU3xHOA0Mj0k0Qa0NG0dDj0P0O0X0P2c0W04Wz0bO6Fz0X7s10
g1__rcKLCpJWRUMWZ0kxG_iPhxCXKjrVessB76gW1CVriw	pathagon-rules-v1	7	14	3	64	000c0h0d0m0Q0L0l0C0G0a040N0P0B0W0T0M0V0X0Y0102060g030Z0iXa0AAh0EITUta60b1OD19WUE4uKMOXZ5UsCk0gQ7F0O0Bk0U0EO5By0U0jTZ2f0XHJQ40R8S
g1__rj3Mjx5XFfypiTOIXUBBq0FBB361xIUcnQQzkZ74Os	pathagon-rules-v1	7	14	3	39	02090O0b0A050M0H0U0K0T0f0N0G0Y0I0R0P0a0D0V010c0L0b0i0306Js0O330QZM0JLb0F0G1cPB
g1__rktPPygjcMfHCo2lFjCSocnjE5Gy6vFtds_Aa8bu18	pathagon-rules-v1	7	14	3	26	0I0D0J0C0506040C0B0K030A0H0B0A02090G0109020A080F000E
g1__rqPr6shIUuiOSG-fQ1FEOkOju2U5VJb9rv-vZTj64M	pathagon-rules-v1	7	14	3	77	00010Z0T0S0c0M0I0K0W0i0P090C0Q0G0V0D0d0L070J0b080k060F0ma20eCk0FKrPJ0gCoI8BN8pFV6rH7Og0c04Ew0W5f4K0O8i0A3SIRQS0M140EJE0FD-3H0RVbNr09FXAXRz910dIF0bDP0d0h5C
g1__s-2k3_-c1NRei-4wppBoycdcDtLzrQ821miGhy-SJY	pathagon-rules-v1	7	14	3	55	0Z0U0G0O0V000Q090R0a0M0T0i0S0L010b0Y0c0S020H0N0a0U090X0W0708U10X6X0J0K0F040O0MSzN_0U0f0Q0a0mWiOC09CkHC030T3j02
g1__s37fuZ_uJWqQD7eqId5xCZUb7y0sKOqDqVOJP3IaFs	pathagon-rules-v1	7	14	3	18	020G0b0F0Z0E0K0D0k0H0f0C0T0M0I0J0Y0I
g1__sB2hxcz49vQY_03bJQfegM_cjiR75V72Jgf25sJo5g	pathagon-rules-v1	7	14	3	40	0I050e0i010d0K0Q0b0k0l0R0f000c040O0T0Z060C0B0S0D0V0M0J0j070h0U03Wn61FU3XMMBU081W
g1__sJewizuW84ZjfpxAqCy5-sRuLtQCxU_INZTW6VoC9s	pathagon-rules-v1	7	14	3	84	0c0g0b06040f0G0A0V0k0U0I0E0a0D0Q0L0N0X0j0F0B0J000Y0e0K0TQE0mCp0XUN0QAsah3u9wGAZY018i4lEb0laOOJYlQq0S02Vi3Y0jAKK904KxIk0ZbS0h0TDj44GpQ0c97Q0429F30R1PQfFw0X0d2x01LiUd0P2H
g1__sLjxiqCzYZGrsVt2ivhTnvLTKhoKkajOmB7s6eLAjs	pathagon-rules-v1	7	14	3	105	000f0k0L0a0R070Z0K0l0O0Q0V01050J0Y0S0I0H0U0C0X0P0h0N0F0m090e0O0DCUbTSx1b6jKs01Wq7yE5JVRjBvBF073COl0WEp0fRAAi03Pz0kWf0hbD0cYxY406TcZj0b0l56Xe0iFo0c0kG70V0a0J0TW40gPC0R5wM10Q2nMrIq0EJibu0OYc0M0G0NYS3JD91oK4T70D0v
g1__sNuYEaIEgxwPGySSb50SZ9DUSqFlLZHjuSjByNsEak	pathagon-rules-v1	7	14	3	65	0E080S030O0C0m0R0Y000e0g010P040i090f0I0k0b0N060T0X0j0d0Q0LLd0lWN0HZTb40R1iaFDtAXVLDI0h0GYE0iHLKfTq0R4v0UPFCQ0P1Q0D9205NcaX00Zt0Z4F
g1__sPLHQdb6-NwBRYSmRS91C75ik57aE_x49_6Pw56Y-E	pathagon-rules-v1	7	14	3	95	0W0b0f0G070g0i000Q0C090M0X0J0c0O0V0D030L080B0I050F0h0N0j0K0i6l0H7k0aCjZPWBT80Y0oN5I34OABLOHa0P0Q6z0mGo2h09MD0G0BF806S2XH0ZaM460gPfIL0lY50MB30OKQ0hBu0MaNRW0JQkPkS80FZS0SbD10Yb0CU6LN0jAh0h5X02
g1__sj5kiaQAGoeEveD61Rb6qF8Z-IUhVC9NgG0TiQlrLY	pathagon-rules-v1	7	14	3	62	0b0K0l0Q090m0d0c0h060i0F0k0C0j070U020W030e0g000M0J0E0X05Ft0L1LbXPiGDZPXRRq7MLc1J0f3Z0O6XapTuZ30UV71v0KALSc0ZDPNp01NS0j557j0X
g1__skUdt2wM3fAOZJds2gkLdJk9Q1-Fqbid78Bd3zwVzk	pathagon-rules-v1	7	14	3	33	000R0X0E0Q0d0G010L0k0F060j0H0W0i0A0I0e0M0h0O030j0N0C0P0M0B0O0I0KDm
g1__skmMZAcdi_IkDd34v80LBXeB-9WfRebZ2N_GGR5w-k	pathagon-rules-v1	7	14	3	32	0B0S00010H0l0g0W0k080f0X0N060L0Q0c0P0Z090T0Y040A0h070U039m0O0d1p
g1__sosyIkCQtxErqLnWv1aUEKqc0Hbrgk7kgqLxRchrxY	pathagon-rules-v1	7	14	3	15	0f0a0U07090m020g0i0Z0b040G0Q0N
g1__sqSGmiSdkTXlddyjbc5_63SLu00koGq8ABZvq9a6eE	pathagon-rules-v1	7	14	3	38	030a0c0H0E0A070Z000b0F0j0k0l0i0U0k0Y0m0N0W0B0C0102090G0I0O0V0J0X0O0P010O0r0Q
g1__sqXtTGNAkrb8ODdVcD4cVp62ZBO6LrpNT6E2oi-51Y	pathagon-rules-v1	7	14	3	25	0F0G0N0M0Q0b0L0U0M0N0T0a0E0S0Z0T0S070809000807010g
g1__suc0Ise7hr7NT5meeAtumv8W4Os6wjLmsPGmfm7PHE	pathagon-rules-v1	7	14	3	91	0D070i0c0f0H050G0L0B0W0V0O0P0T0I0a0U0K0N0h0M0j0O030Z060E0SNvYXEKNOO-5-KY0PR6YJ0TGtJrJwUGZQ0b0mCAPpYu0j6YMU0O550AWT0O0X0EGVKW0iTV0WO9ZW0HQR0VcFDY0jI7ZY0fKg0RB70aRJQg0lIv06EIGi0GYzQW0s
g1__swb6p6QCugzlLwkQSAD-MCOUVnQ8TU_Bz0yZxhTJOg	pathagon-rules-v1	7	14	3	95	0N0Y0E0U0X0f0i0C0l0V04020c0Z090G0J0H0A0h0K0Q01080m0T0j0F0RXr0P0O00SCT-AIMADC0ZPA1-0aSANU0LE9ZU0CbN0lKC0WHF0VDk7PKROw0P0RGb7rbhQy0VJPMNAL0D9bYk0mExKC0S7xZa0T8oW60iN-0ZZaRv0Y4BNS05CdYw0iMu0e5A
g1__swfTBnFyaTZxfZ3SRFKg-pCZxYYm52-y_0vDeqmpy0	pathagon-rules-v1	7	14	3	71	0c0M0e0T0D030B0Z0E0h0l0U0P0k0L0K0S0Y0i0F020a050g070I0J0RB_X3ZA0AU7QyMzN40N0SHTS_9j5R4c3Aa-0OFbME2fEz0V02bv8gDM790C5q0mLFEW81170AAKCGbaXuIf0m6I
g1__tAdrpbCbcTepVL3jwC_xbOqEmIoL1Dmb6Pjl9B7xlw	pathagon-rules-v1	7	14	3	54	0S0D0V0M0f060X0G0A0Q0i0B0Y0l0j0K0m0E0c0O0N000I090U0P0Z02045c0WJcIm0sc89yJLDSRxK0RULPPabJWBC4U8blO1Rd0QTA2H08
g1__tBrKqB8hmrDZFXaXrJ8_ZxfCU5p_S2kpNUxo60CM3Q	pathagon-rules-v1	7	14	3	43	0l0O0J0L040E03090T0k0a0g070X080f0A0S0Z000M0F0Q0D0i0I070h0N0HbWWvS9YEIeXaL2HK05QY6HMF7M
g1__tNO9VP22j_Z5xdpQr65KuN9KHn85dnFIjhgw6aZWmA	pathagon-rules-v1	7	14	3	48	0D0F0I000l0P0A0C0k0m0f0i0b010g080X0a0407050Z0W0E0T0H0L0Kb00OPK0J4lAiT8JV0dBv3wGM0CCx0I6N8l0j0b1V
g1__tNSEixG35wiAbfOzRY8rMW_Grj3lfbuQFQZhX2lC5s	pathagon-rules-v1	7	14	3	196	0j0c0d0k0e0l0X0W0V0d0W0c0O0P0Q0W0P0N0U0b0i0U0I0V0J0H0G0O0H0B0C0A090H020304050B030A042P4pA2415R3A4fAp3t5R354f050A4c3w1c0C034d0s0B3x1c4d8W5N3x1c0A0o5N2P020B0C5S0A3x0r0C2M5P3s04363u1c012M1Y3s4e040o3r2N391b0p3s04363u1c012M1Y3t4d380q051a4d34032K360q001a3s380q051a3s34032K360q001a0r354f2J3t1c390q2P3t4g395Q2P3t4g395N2K3t030o342M4e040o342M3t060o5S2N3A1b4e3w5R082M4e3s0F36YW1c012M1a3s0M36ZH1c052M4e3s
g1__tStjNFVMq4RH0b6HDCJ-qRlHJYoAMymu__9wvQu-Yk	pathagon-rules-v1	7	14	3	74	070P0b0l0O0f0V0Z0d0Q0W0B0j0e0G0g0D060H0h0N0Y0S0I0T020k0mZoVTaD9dOhS5IRbfTqYH6qQgSu4R045Z3JX4YTKr0hA4PK0mJA0da10gB30aN7To08F81S6rBy0k4BZ1NgKOMg0S0PLv
g1__tUCcYlQb-yf2BIVNUz1h6yqZwbrmz2nfeLEsgtZgzM	pathagon-rules-v1	7	14	3	58	03000D0d0k0C01050604020B0A09080A070F0G0H090G0I0J0E0I0K0M0N0O0G0N0F0P0Q161Y3s2N020s1Y35Ec47041p0J4d0s5N2P1a350q0R0fAN
g1__tZgdSfqbwZvmNBxzEgcDd4ek26rhjkMU5QrQ8373-E	pathagon-rules-v1	7	14	3	14	0J050L000O030V060R040c020l01
g1__tlEdNL1poVz4tXf9M_u8pSM-EpJUZU5eAj5P0eckig	pathagon-rules-v1	7	14	3	33	0f0M060N0F040c0U0b0B0Y080C0K05070a0L0W0T010F0S0e0D0P0R0k000J1sNF1X
g1__trnODrDQJSr0ySbi41ZRUtfFArP0hvTiwiQnL9Cr5E	pathagon-rules-v1	7	14	3	196	040B050C0D060J0K0C0I0D0J030A0H0G0R0Q0K0A0H0P0A0O0B090F020V0G0k0H0O0N0H0O0G0Ma008020F20092g0W36033s092J04020B0905070C6M080u0F1Y5O08360q1Y6907363u1c01031e2K0p3403082v023Z1603BV3Q03CdN-4q0u00H41668Tx1d010r1Y2l07Bq0_MD6936030o342M5P060o5N2P4j050_1Y695P070o342M02040o4c2O3A023w2N5Q024g1d0t013w1c012M1a3s04344H6h071D68Rh4e030o342M6A070o5N2N391e03Ap0o5N024j1d01380q001a0o34032K360q061a3r355Q2N4e050o
g1__tsUV577WBDfYub-ArF7LuzaVh3Qr0q1eI_VeISO3o8	pathagon-rules-v1	7	14	3	63	0b0Z0a0g0B0R030d050T0W0k000S0f0l0F0Q0h0e0X0U0K020M0c0J0THt0HWi013Q0P0j0D0t0WREUP0Qa3TFUsLHR84kS99fVy0fKc0PTq0mBs0OaU0QMw0YIg0D
g1__tuZOAcNuBiVek2qt2gS2dYfBZIspxu8-xKJk6qDJGY	pathagon-rules-v1	7	14	3	36	0Z0b0S0P0k0I0W0J0G0F0M020a0D090E0U08050V0R0B0m0j0O0A0T0e0L9Lc3W24gKB052V
g1__tzxW3dc70FcqCgWCyssoeZc5-f6WKl0ofzIXJ9o7hg	pathagon-rules-v1	7	14	3	63	080h0R000Q0d0H0J0S0f030A0m0g040V0i0C0X0L010N0D0T0B0l0k0eMP0K440c7P060b0IL38tbbEn3nGOa9Ww2G1O4PXjCk0lPLVu0eMs0UTy0hBu03WgZU073R
g1__u3cWb6RciatSVOFZdeM_dKu3sUvI-a6Hy1H5iI1vyc	pathagon-rules-v1	7	14	3	54	0Z040a0T0b070M0N0E0X0e0U0T0c0k0l0S0L0Q0f0e0M0d0X0E0e0c0L0V0W0U0I090P0O0g0P0GOn0W0B0P0F0AaD0KNm0MBV6M1fXG1RBt
g1__uHxaqjB3uLzg0x6Sy4B0gqMy0lsw0CpRvYdrxi1VrE	pathagon-rules-v1	7	14	3	68	0S0G0Q03010H0B0i090M0c0W0m0D0J070l0g0j040k0P0I0Y0A0F0K0fF46EFh08Zc0LU90jI_62aD07GYZV0LBHKr0k06Rr0cCQ0KP-GK0eQf0QNV0UJ90e078w0b3a0X0dbq0e
g1__uPG_BmlgWQ4lVrXZdM5tCvih4fvSaM1qNroDEK3_CY	pathagon-rules-v1	7	14	3	80	050h080a0Q0e0Z0c0k0O0R0G0C0K0E03000d0F0m0Y0T070M0W0V0N0HCK0iLn0D1A0jHK0l06DoKwScOJAmAANKS-Y-Be0C5D0kPxAb0OQI052X0bDV0VGf0T0JR20iJxY20RVsCb0S0b0U0L0M1f0S4Q0a0X1M
g1__uTT1PmsRlyeJCULEaK640_tYwZt1YEXLKC8RAkvnnM	pathagon-rules-v1	7	14	3	41	090m0G0X0B0g0Y0a0Q0V0D0f0P0I0F0R0k0H0N0J0U0h0A050W0K0Y040V0T0Z0301Fy00bfPCNACI4q1M
g1__uaN6qXdtpOG7daK5dpD_hJAO-MrQA-FxjlJzVWjW7E	pathagon-rules-v1	7	14	3	15	0Z0S0T0a0g0h0L0M0S0T0E0F070800
g1__uf3ehvmJHBq3sa7T6Ied9TJK0XI1CisFbXmmZGFO1I	pathagon-rules-v1	7	14	3	63	0h0c0k0a0j02010G0N0d0A090E0O0g0i0f0Z0R07050W0X080L0m030lXK00Zj0j040JK90D99FnHM0J3Y6o08SCC1X20QcBCt0hIz0L2I0e5L0SaY0CTQFSQ80I42
g1__ulvY98_D-REsUvI8ROrNaP1g4c5BPj2jFhcDo1P1Ro	pathagon-rules-v1	7	14	3	196	0a0Z0T0S0b0U0L0T0M0N0T0g0h0i0G0h0b0F0E070F08090001020801030A0H0O0A0V0c0j04Zq3nYW4XXfZu0jZ8Zw0j0b0iakXfSEYS0ZakXfZuSFZA0iXfYMbR0aZwXeYRTn0bZuahYPbR0ZZCXfcDZuYP0a0h0bYQXhbQSJagcFXhbQYR0Z6zX00838bd4far405R3A4f2O3t5R3A4f0a3w5R3A8U4e3w5R0A2P023w2N5Q024gYY3A033w385Q0C02044i3w38035S3A3uA10B5S0t3r04073w0r5N6E073w385Q0I4g0s3A033w385Q064g1Y395O3u2N4i1d353t034g012O5Q3x1c4e395Q3x2N4e395Q3x2K4g365Q1d3x
g1__umtA0-S_72D5_ptFeGyE534IfFEbSiyIAeLsJXCHNc	pathagon-rules-v1	7	14	3	82	040d0A030k0J0V0G0I0W050C0c0B0D0K0i0g0Y020S0h0E0Z00010a0j06XW09Gn0fFeEyDRBn0XWb0BKF0M87Ru4EQSNV0GKD04930l0m4U0WIHRX0CFA074q0l0eZW0ND814Wi0QFHPi0fMXYz0H9v0X0iOW0d0T2A
g1__urgofIaSfP-9do1yK2FlTMO0BMLS26YPk4MLEgB4v8	pathagon-rules-v1	7	14	3	37	0k0m0Z0C0J0A0H070M0U0K0f0Y0L010a0g00060c0h0B0T0G0i0l0R04FT0d5aWFLubPYi0E7o
g1__v-slk9-vycLLksCtF1gnbYJn5PHS-NELdHZFZj5oRw	pathagon-rules-v1	7	14	3	64	030T0B0N0M0W0G010Y0H0R0D0e05000k0C0j0b0P0Z0J090S0d0c0U040Q020maJUz0OII5KHQ2QDBPMRgUNLIGJLaaM8BKc9S0C8oAz0f4B096d0cEG03AH0BPgXm0I
g1__v2kNOPccOCcNqY0htCDSchq6ymGIOMWjYQoBOrtKzI	pathagon-rules-v1	7	14	3	44	0Q0R0J0K0P0I0O0W0V0U0P0J0H0V0c0G0V0H0N0b0X0Y0W0d0e0c0f0M0T0S090U0G0T0A0B0H0F08Gr0C0f0B0e
g1__v7pIHmksGS5UbUlaOZty_KnzqYSl08LJqGOfaUsTs0	pathagon-rules-v1	7	14	3	196	0O0H0V0c0A090H0W0P0d0I0B0G0A0N0U0b0V0U0C0J0Q0X0J0e0a0T0b0M0F080h0F0D0K0R0J0KVVB80DGO5h0Y0JRKBG0DGW0KRSBG0eGWWUR00Q0KVVAp6z0D5S0B3x0C4g055Q0B3t04353r2M4e040139033x384f2O5P3x384f051a3s0r0C391b3sA12J361b0C0o04363u1c0B2M9E3s0036A01c0C2M0o3tA134032K360q0C1a04353u2N9_1Y353u2N4e05353u2N025S3A3u0C1a5O0rA34c052K4e0s5N062K360q0C1a3s340B2K4e0q041a3s340X2K5P0q0A1a8S340e2KXk0q0A1a8S340A2KAm0q041a0A353u
g1__vDFQPFCnclV7_-2mueNgyvLGa_YOxHeQYq7zChY0eg	pathagon-rules-v1	7	14	3	115	0e0Q0R0X0Y0f0P0d0W0Q0m0X0k0f0e0d0l0e0K0O0V0P0c0W0j0J0I0H0J0C0D0J0B0I0C0A0605040C050B038v0AA60CNn357j3r2N1a350q0V2N1a359C0B2K5P0q0A1ebZ0m3u5R06EN0B4JZIT62KJB0H0o5N2P4e050O4z0C5O0tIT0O1Y2K4e0C0o5N2P3w1c0N5S0B3x0C4g050B0r5P3AWD4Ubb67
g1__vFfK7V7crZPWgsJICABNk0vVo09SlZ80jkDiu-2JlA	pathagon-rules-v1	7	14	3	15	000J0E0V070Z0L0f0S0K0T0H0a080h
g1__vOZ3oV88dTu4I6yx-cEkDO8npW3-CAWvMy1tEPNRP8	pathagon-rules-v1	7	14	3	27	0W0S020g0O0e0B0Y0D0Z0k0T030K060F0P0G0A07000i050m0H0f0d
g1__vQ5V-xUptzn_eEuQYIwh9wIGwcysdvICzgm_gFfow0	pathagon-rules-v1	7	14	3	39	0M0L0T0N0R0M0F0E0M0G0K0F08070F09060D0801020U000S0C0T0a0Z0T0b0g0a0h010a0B0A0C09
g1__vaMJg3Rntcx-p4eVpNz0GOcgNZDMX943SecC_rn4pY	pathagon-rules-v1	7	14	3	105	0a080I0g0T0H0c020f060d040m0j030A0X0e000Z070V0h0k0U0Y0W090B0D3TRY6Z7vKEbL0l0P9L450JCR09XTQK0gLhE90L7b0c5b05TIas0R7tXL08DQ0X9q0lAeWh0gGO0ebP0QQK0eV9075-061BYs0OZI03ITH1Le0GQqQJ0jB80AUpAfFT0PUPBfPiaM0JYf0FXJ0B0d73
g1__vhZbJSrGZtRyEEc0cm6Pp4BrCAyN3BzxZJgVMhgLZ0	pathagon-rules-v1	7	14	3	72	0N000m050U0V0e0Z0W0A0d0J0Q0X0V0Q0j0b02090O0D0M0f0c0H0i080E0PHv0GIk0POy0uJCG30Y0KQp0bMl0VbyGCTzTA3O0B0FS50IbGV0OjG60N08QcF8B30O6M0M0F0NSYLm0RR08j
g1__vr7hOMsMqRvCA9Uc0XP-DBsDYA0ffiTmlmm8nkNYsw	pathagon-rules-v1	7	14	3	30	0K0V0c0W0O0b0T0f07030B0F060M040P0d0e0J0X0S0V0i0m0Y0L000N0g0O
g1__wDnCZLusMiU3kYJYA8A4dMoohytj__EIIlkL18o1-4	pathagon-rules-v1	7	14	3	196	0N0U0b0O0U0V0c0M0T0N0a0H0G0F0N0G0A090803090A0G0201040B0I0A0B0P0W0O0P0H0V0d0007010E086T0FBx0MHP0LMt1DRo0ZX20FBV1m692Q0pBV1m010F087i1h0M0o0A34BX03090p7g1dCH3A0q09020A1Y692Q6x091b0o2J6A4j1m0o00020s5NBb1f4d0_5N6o1fBW0_Gs6TMKBx0_Gs6T0FBc0_GsCb6aBc0_0FMD08X2CbBxHr6oGzRvC2MR0SGzMYBx0MX90FMYI3C20MHINeRvIAMRXNHWRvC2MRXNHWRv0ZMRS0HPXGC9MRS0HPXG0MMRS0HPSgC9MRS0HPXG0TMRS0HPNe0LMmHIXG0T0S1LMD6a0UBq0uMR
g1__wIyEHcS0JeHuLuSP3_hmHO6kLB6F2SFc7cg2cVJLiU	pathagon-rules-v1	7	14	3	59	090l060Q0k070T0e0H000U0g0a050m0K0B0P0Y010G0f0X0L0d0A040bE503aN050C0M9u0jQU1z0bZP89VX5t4qN-04Da9AJt0NFL0HAJ4505IdRi044r
g1__wWAgRbykrQRxsA364nOvlsF0MBDqK1jkXmXr1PXzB0	pathagon-rules-v1	7	14	3	22	0W0B0R060l050k04020A0m0G0S09070L0Z0T0K0E0d0F
g1__wdeozMk_OQRtrviy_ssmJGf4Yx33F7xnGZ7qBXVWPw	pathagon-rules-v1	7	14	3	46	0l0e0f0m0X0Y0e0f0W0d0k0e0d0Q0P0X0R0c0Q0d0V0O0j0V0N0W0O0H0U0T0O0I0U0P0J0G0KM_0bb-090U0G1t0MWc
g1__weJsKGcX3w5J2qb9R1DnHOJCKPG8FLYi9p-oSojCxk	pathagon-rules-v1	7	14	3	83	0i0j0c0b0V0U0O0N0P0W0d0V0W0c0k0I0j0H0G0O0A0B090Q0X0P0e0l0J0C0Q080F0M0TOZ0V0A0c0U0936YU6y7k2O09381b4e05034d2J7i391b3x2N4e395Q3x2N4e355Q0s2P1a093u5R4iTy2K3t344f1c2O0c0C
g1__x3HJ5wtuC0jTkzALD8wzVzHof5ht9ocIpPiKSGvmrM	pathagon-rules-v1	7	14	3	34	070801000F0E08070M0L0N0G090F0G020O010H080A030P0I0B040I050C0J0Q0C060D
g1__x6xAxAUGWD3uRpFdUeLoKAKfLRMS081tJ7Eq8kGllc	pathagon-rules-v1	7	14	3	20	0M0G0F0E010F08070F090H080A0B030A0C0D050C
g1__xH5ykorvoNpw6YUWqYq5adL8kVRt3RRq6IMCA4NkaI	pathagon-rules-v1	7	14	3	43	0R03000X0I020V0j080h0f0k0g0l0E0b0a0A050Q0i0N0c0P0H0L0W0MLv0O0S0H7206590J0F0RNf5qOd2u7_
g1__xKe9HF355ScXtSGd521xH7N4SwvhkfJW7XWyy1BoeM	pathagon-rules-v1	7	14	3	24	040I0T030P010B020b050Y0d0I0R0N0U0a040C0M0J060l00
g1__xUTCfYIBBAQQ4PBrlfHEMJJskC3oFAHwy0jWXATLvw	pathagon-rules-v1	7	14	3	17	0001020I0E0Z0a01070G0L0H0S0C0g0P0Z
g1__xajiQdgHwaRIl0Y0OydA5sD5Z5-EQqOy3s3nFlFvcg	pathagon-rules-v1	7	14	3	107	0X0f090O0Z000B0Q0M0Y0T0m0S080W0G0K0V0e0b0F0R0g0P060a0d0JXC0kQ5WK0gJI0h0HCqbmMYaFGh05T1R0UsDD040OYl0BHx0P0Y0DXD0kVf0BU80bGF0eEo0S5P0U0m0PPkKq0gJJbp0m2UO70fAEQr0R9Lb_0C8n0TVi0F0aXp0IAe0MDO0aY2JP08BECA0E0aEo01O10N0D1o
g1__xd4I0-xDzwb_DphQpZPyezCHiZPlsLLX0aOzzZdY6Q	pathagon-rules-v1	7	14	3	30	0V0T0Q0U0L0i0M0b0I0P0Z0O0a0W0d0T0l0V0X0R0H060f0S0Q0e0N0Y070X
g1__xlAnNZWR4hNcqi4dF1XQ7ApHyvZaNZ_gwIeW40IgJc	pathagon-rules-v1	7	14	3	27	060D0O0I0J0Z0G0i0A0B0f0F000L0m0H0P030R0A0Q040K0C0D080Y
g1__xotRGi3GruXL9FO2Dyi5x2vQ-RKR3CuSE54IBrhp4g	pathagon-rules-v1	7	14	3	88	0S0H050A0Z0j0g0L0F0d0R040P0M03000f0c020l0I060e090i0Y0C0m0T0J070b6O0K08E0WyV6W00y1hR9550O05c38BTsNO0UAh093L9v0RCDDc007G0GUs0VCb0c5F0CIb042Y08T705Z708BY0BLZbZ0Nap010GDw7u0OAC0Y0w
g1__xpOIEXzKd7hRxFx0e50NajdVkgoNQ67FgnT-B7uBDc	pathagon-rules-v1	7	14	3	70	030G0l0Z060d0A0405070T090W0j0J080M0S0Q0i0Y0X0D0g0I0b0V00Ks0NEy1X9RIfOaZs8pZ6FM6KIJMNCR0KNYTb0MVr0e8s0EUwbA0kViGqKE830bLvSa7T54bM0XPDNqFII1Dc
g1__xvBwysq3fnRekULDYbwstv-dh4gQ-0kufp6_6pqBSk	pathagon-rules-v1	7	14	3	67	0Z0c060j090U0G0b070I0Y0J0N0i0O0l0F0W0A0K030m0H0V080M0P005bb53VNmS00UC2PB8e0VKaXw0KZsMY0CC_A7DTYpGzBqMRI3SDHPXGMtBxRo0GX2H10PMPVZ9I1d0e
g1__xvVGdB3p-es4IyEPILJm2K5F2ZvZkJSRN8uHTJOifE	pathagon-rules-v1	7	14	3	60	0D0Z0d0X06000f0j0b0P0a0c0O0Q0g0E080K0C070N090R020B0Y0T030W0JAzZY0H3Z0LRJEU6m05G8Sn0RCOPZIxKG54Bl7AOa0kLF0jD20YQDXF0D0W7s
g1__y7u5rOUCxPLDJJH0zIw0xLRoILEo0TJaotI1HhWvcE	pathagon-rules-v1	7	14	3	79	0i0b0G0k0f0g0D020I050T0Y0O000e030S0h0E0U0l0K0d0Q0C0W0P0d0Ma9WBXzAU4xDONpbE0aHpEDKD0lN_3x08HPDI2SF_0mVzao058V0c5y06Pr0Dc10lLZ0QR80f3N0XVA0F6f0eGaYt0jBF0UNH1T05
g1__yAiuI4hHZlsB_fMuvg9MEjgzHNJ86iHvcEJcwLWStQ	pathagon-rules-v1	7	14	3	16	010i0h0g080h0j0F0M0k0F0j0l0m050l
g1__yB_uSZNNdXNpc-8Dr6TjyEsO1z0nTA4tdmiSWqLMaA	pathagon-rules-v1	7	14	3	36	000a0j050c0304060V0B0A090C0D0A0H0C0J0A0C0I0P0B080O0N0H0O0Q0R0K0Q0J0M0G3P
g1__yDUpVK9eKCAfB-gQwsnZkGlwxjSSJcW8d2ZWJgRbxk	pathagon-rules-v1	7	14	3	58	020g0N0h0Z0U0l070C0m0W0j0V050Y0M090P030c0d0i0Q010T0I0S0X2y04PX4e00ZYMj0O0D6J0aJQPi0bDYDrWOKe0F0H8NTk0S9xSq0dRP2u0N28
g1__yHFC8sN1fwgFY3ksAsU7g_zYgu3RHeF23h5QQryNTM	pathagon-rules-v1	7	14	3	18	010g0M0h0A0i0G0j0H0k040l0m0Y070e030X
g1__yIM-luLq8KIFAai8leSZsx_SsioFO2DwiwExvoNZsI	pathagon-rules-v1	7	14	3	37	0T0k0a0h0R0j0i0L0E07030A0W0V060U08090b0M0Y0S080T0c0J0d0X0KaM0QXy0W0k0XOX0D
g1__yWm06ggO794EGukEw6QbRWCMResNL8fNzwQ7NCYn-w	pathagon-rules-v1	7	14	3	71	0V0T080g0d0E020P04030Z0I0D0G0Q0c010i0F0N090S0m050a0J0Z0A040R0lC10QUNay077Q0BAnM4AA9W800L0bWxSHFICh0f4Z0hcG0mSrbr0mHH0e6c06RDOp0E1yYl08Ihbj0M2c
g1__yXbNJXBlzgt3YH9GWV3DqDGQW6gXNG_X42avLuqqig	pathagon-rules-v1	7	14	3	68	0T0X0i0b0Q0h0O0Y020k0M0S010c040j0l0i060P0L0N0J0G000C070F0gMz0WJ10dTf2tbz4GAS0BQz1sPGHfYc1GaX2N9001DXVG0H9j0iPFUb0VKfQcE00NTd08RH0DC40H87
g1__yXlDxLQaTIKepvF3xkBRnNopHQNkIPcYHjbJuA-j4E	pathagon-rules-v1	7	14	3	80	0F0V0X0U0T0l0H0g0Q040L0O0k0M0R0h0Z0N08050f0c0W020I0a0d010PXoS909H44vLn2ML80hPzOIGzJfNPWzEF41KMOhaf006z0eVJ0BF70HX-0PTM0B0A2O0LKK047x0cVRCY0mWL0hXF0DUX0cGm5X0H4n
g1__ydag-jWFtudnkgv9mfmP307cW3YJRe7eOx1nTqiLwU	pathagon-rules-v1	7	14	3	32	0g0l0L0F0M0N0b0d0m0E060T0Q0O0h0W0S0G0e0V0U0Z0a0i0C0M0T0P0c0Y5o0X
g1__ymg0RjahXGKnf10R_FREAeR8iGIBvWRWEI_ofU7WF8	pathagon-rules-v1	7	14	3	61	0A080U09050C0d0V0P010R0W0H0N030O0g0G0Q04020B0I0l0Z0j0A0J0iPE0K0VDo0E4dCA06bSM30J5S0ESJ870HFy2B090J0A0WCF0H0c5Lc90AalbUZz1O
g1__yxMicXHyZi4LKZvbbHL1XqtDrogVgE4sFTerGy4ozo	pathagon-rules-v1	7	14	3	29	08020F0D010004010B030I0506040K0R0D0C0J0Q0Y0A0R0J0e0H0l0m0X
g1__yyU5s-Xww3stumRTfIhmquXCzLkSeQ2FyRsTsTDM7E	pathagon-rules-v1	7	14	3	61	0B0P0e0b0a040i0Z030D0k0c080K0E0S0V000l0G0j0Y0h0m0C0Q0g020R0a0U03P6AlVWDWYz0NBo0s78R50YMW0eIv0L1uLv0SPH0WROQG0MKA0Y4rb50OR1
g1__z0jzOq0xJbH5ZX1Q0vmsPeCuG5j1Ryg-GtKycVyCdo	pathagon-rules-v1	7	14	3	27	00050M0E0F0G0K020F080103080T0a0h0g0T0L0S0a040Z0T0L060S
g1__zDtUrDHRgXr1R7ytYQt3pCT5MANTAQJgz1sZ_eo9-o	pathagon-rules-v1	7	14	3	53	0W0P0I0B0J0C04050P0Q0X0B0J0A0Q0H0O0V030O02090G0N0H090A0G080U0F090G0A090H010M1_01EZ0I2K020t0M3w040C03290165
g1__zQJ1DSlIUOlYKIRG8qt0cU0dHvULRjx_hzwvN2M9Ns	pathagon-rules-v1	7	14	3	58	090J0M0K0U000X0R010m0A0b0d0T0E0H0e0G06070B0g03080l0Z0D0PQ4Xe3S0QUzDW0a0iVwP6AwRn5kTl2bBP9Eb-03WuAC0fQJGr0DF-BTNUEp1G
g1__zZUSvesyCgA-OlVJAemdUAff3B66dUo9x7JWUaKipI	pathagon-rules-v1	7	14	3	71	0j0H090N0X0a0I0E0M0Y0f0g0V00040T0S0b0O0P030e0C01020Q0Z0l0A0U7w074R6l0LbG082GDiKWA40B3KVe0H0o0mW-0KVIHH05Y5049A0iMu0LJN0kamUZ0lTY0Y9E0cP-U64WGV
g1__za_6HUO2z2BuVNGnGADAJTWwNvrZNCtZJRJxe1SXyI	pathagon-rules-v1	7	14	3	16	0F0807000T090E010M0A0C0B0b0D050C
g1__zqw0H1aYSqD5UNjKwLP5mHSOl7NolVc6qT0AwVk4PI	pathagon-rules-v1	7	14	3	64	0G0K0i0X0S0O0M0b0P070H0002080D0f060g0J0l0c0k0U0Y0C0I0W0h040R400bU16hPe0c5U0qIS0j0WQHE5Ls9yGi970O0AVD2tCj0BY30LSF0eI_0HUG0FVKFT0e
g1__zrRAiGwsJLhmObMZOZyAcUHO6PVwALYE07BQ6iwopQ	pathagon-rules-v1	7	14	3	42	0k010L0P0V0U080h0d0B0R0W0Z0a0S0K0c0J0G0b0e0l0O000A030T0g0EXdJGPhNMYVU40YC80KUnSXJNJ-
